"id","snp_01_0001","snp_01_0002","snp_01_0003","snp_01_0004","snp_01_0005","snp_01_0006","snp_01_0007","snp_01_0008","snp_01_0009","snp_01_0010","snp_01_0011","snp_01_0012","snp_01_0013","snp_01_0014","snp_01_0015","snp_01_0016","snp_01_0017","snp_01_0018","snp_01_0019","snp_01_0020","snp_01_0021","snp_01_0022","snp_01_0023","snp_01_0024","snp_01_0025","snp_01_0026","snp_01_0027","snp_01_0028","snp_01_0029","snp_01_0030","snp_01_0031","snp_01_0032","snp_01_0033","snp_01_0034","snp_01_0035","snp_01_0036","snp_01_0037","snp_01_0038","snp_01_0039","snp_01_0040","snp_01_0041","snp_01_0042","snp_01_0043","snp_01_0044","snp_01_0045","snp_01_0046","snp_01_0047","snp_01_0048","snp_01_0049","snp_01_0050","snp_01_0051","snp_01_0052","snp_01_0053","snp_01_0054","snp_01_0055","snp_01_0056","snp_01_0057","snp_01_0058","snp_01_0059","snp_01_0060","snp_01_0061","snp_01_0062","snp_01_0063","snp_01_0064","snp_01_0065","snp_01_0066","snp_01_0067","snp_01_0068","snp_01_0069","snp_01_0070","snp_01_0071","snp_01_0072","snp_01_0073","snp_01_0074","snp_01_0075","snp_01_0076","snp_01_0077","snp_01_0078","snp_01_0079","snp_01_0080","snp_01_0081","snp_01_0082","snp_01_0083","snp_01_0084","snp_01_0085","snp_01_0086","snp_01_0087","snp_01_0088","snp_01_0089","snp_01_0090","snp_01_0091","snp_01_0092","snp_01_0093","snp_01_0094","snp_01_0095","snp_01_0096","snp_01_0097","snp_01_0098","snp_01_0099","snp_01_0100","snp_02_0001","snp_02_0002","snp_02_0003","snp_02_0004","snp_02_0005","snp_02_0006","snp_02_0007","snp_02_0008","snp_02_0009","snp_02_0010","snp_02_0011","snp_02_0012","snp_02_0013","snp_02_0014","snp_02_0015","snp_02_0016","snp_02_0017","snp_02_0018","snp_02_0019","snp_02_0020","snp_02_0021","snp_02_0022","snp_02_0023","snp_02_0024","snp_02_0025","snp_02_0026","snp_02_0027","snp_02_0028","snp_02_0029","snp_02_0030","snp_02_0031","snp_02_0032","snp_02_0033","snp_02_0034","snp_02_0035","snp_02_0036","snp_02_0037","snp_02_0038","snp_02_0039","snp_02_0040","snp_02_0041","snp_02_0042","snp_02_0043","snp_02_0044","snp_02_0045","snp_02_0046","snp_02_0047","snp_02_0048","snp_02_0049","snp_02_0050","snp_02_0051","snp_02_0052","snp_02_0053","snp_02_0054","snp_02_0055","snp_02_0056","snp_02_0057","snp_02_0058","snp_02_0059","snp_02_0060","snp_02_0061","snp_02_0062","snp_02_0063","snp_02_0064","snp_02_0065","snp_02_0066","snp_02_0067","snp_02_0068","snp_02_0069","snp_02_0070","snp_02_0071","snp_02_0072","snp_02_0073","snp_02_0074","snp_02_0075","snp_02_0076","snp_02_0077","snp_02_0078","snp_02_0079","snp_02_0080","snp_02_0081","snp_02_0082","snp_02_0083","snp_02_0084","snp_02_0085","snp_02_0086","snp_02_0087","snp_02_0088","snp_02_0089","snp_02_0090","snp_02_0091","snp_02_0092","snp_02_0093","snp_02_0094","snp_02_0095","snp_02_0096","snp_02_0097","snp_02_0098","snp_02_0099","snp_02_0100","snp_03_0001","snp_03_0002","snp_03_0003","snp_03_0004","snp_03_0005","snp_03_0006","snp_03_0007","snp_03_0008","snp_03_0009","snp_03_0010","snp_03_0011","snp_03_0012","snp_03_0013","snp_03_0014","snp_03_0015","snp_03_0016","snp_03_0017","snp_03_0018","snp_03_0019","snp_03_0020","snp_03_0021","snp_03_0022","snp_03_0023","snp_03_0024","snp_03_0025","snp_03_0026","snp_03_0027","snp_03_0028","snp_03_0029","snp_03_0030","snp_03_0031","snp_03_0032","snp_03_0033","snp_03_0034","snp_03_0035","snp_03_0036","snp_03_0037","snp_03_0038","snp_03_0039","snp_03_0040","snp_03_0041","snp_03_0042","snp_03_0043","snp_03_0044","snp_03_0045","snp_03_0046","snp_03_0047","snp_03_0048","snp_03_0049","snp_03_0050","snp_03_0051","snp_03_0052","snp_03_0053","snp_03_0054","snp_03_0055","snp_03_0056","snp_03_0057","snp_03_0058","snp_03_0059","snp_03_0060","snp_03_0061","snp_03_0062","snp_03_0063","snp_03_0064","snp_03_0065","snp_03_0066","snp_03_0067","snp_03_0068","snp_03_0069","snp_03_0070","snp_03_0071","snp_03_0072","snp_03_0073","snp_03_0074","snp_03_0075","snp_03_0076","snp_03_0077","snp_03_0078","snp_03_0079","snp_03_0080","snp_03_0081","snp_03_0082","snp_03_0083","snp_03_0084","snp_03_0085","snp_03_0086","snp_03_0087","snp_03_0088","snp_03_0089","snp_03_0090","snp_03_0091","snp_03_0092","snp_03_0093","snp_03_0094","snp_03_0095","snp_03_0096","snp_03_0097","snp_03_0098","snp_03_0099","snp_03_0100","snp_04_0001","snp_04_0002","snp_04_0003","snp_04_0004","snp_04_0005","snp_04_0006","snp_04_0007","snp_04_0008","snp_04_0009","snp_04_0010","snp_04_0011","snp_04_0012","snp_04_0013","snp_04_0014","snp_04_0015","snp_04_0016","snp_04_0017","snp_04_0018","snp_04_0019","snp_04_0020","snp_04_0021","snp_04_0022","snp_04_0023","snp_04_0024","snp_04_0025","snp_04_0026","snp_04_0027","snp_04_0028","snp_04_0029","snp_04_0030","snp_04_0031","snp_04_0032","snp_04_0033","snp_04_0034","snp_04_0035","snp_04_0036","snp_04_0037","snp_04_0038","snp_04_0039","snp_04_0040","snp_04_0041","snp_04_0042","snp_04_0043","snp_04_0044","snp_04_0045","snp_04_0046","snp_04_0047","snp_04_0048","snp_04_0049","snp_04_0050","snp_04_0051","snp_04_0052","snp_04_0053","snp_04_0054","snp_04_0055","snp_04_0056","snp_04_0057","snp_04_0058","snp_04_0059","snp_04_0060","snp_04_0061","snp_04_0062","snp_04_0063","snp_04_0064","snp_04_0065","snp_04_0066","snp_04_0067","snp_04_0068","snp_04_0069","snp_04_0070","snp_04_0071","snp_04_0072","snp_04_0073","snp_04_0074","snp_04_0075","snp_04_0076","snp_04_0077","snp_04_0078","snp_04_0079","snp_04_0080","snp_04_0081","snp_04_0082","snp_04_0083","snp_04_0084","snp_04_0085","snp_04_0086","snp_04_0087","snp_04_0088","snp_04_0089","snp_04_0090","snp_04_0091","snp_04_0092","snp_04_0093","snp_04_0094","snp_04_0095","snp_04_0096","snp_04_0097","snp_04_0098","snp_04_0099","snp_04_0100","snp_05_0001","snp_05_0002","snp_05_0003","snp_05_0004","snp_05_0005","snp_05_0006","snp_05_0007","snp_05_0008","snp_05_0009","snp_05_0010","snp_05_0011","snp_05_0012","snp_05_0013","snp_05_0014","snp_05_0015","snp_05_0016","snp_05_0017","snp_05_0018","snp_05_0019","snp_05_0020","snp_05_0021","snp_05_0022","snp_05_0023","snp_05_0024","snp_05_0025","snp_05_0026","snp_05_0027","snp_05_0028","snp_05_0029","snp_05_0030","snp_05_0031","snp_05_0032","snp_05_0033","snp_05_0034","snp_05_0035","snp_05_0036","snp_05_0037","snp_05_0038","snp_05_0039","snp_05_0040","snp_05_0041","snp_05_0042","snp_05_0043","snp_05_0044","snp_05_0045","snp_05_0046","snp_05_0047","snp_05_0048","snp_05_0049","snp_05_0050","snp_05_0051","snp_05_0052","snp_05_0053","snp_05_0054","snp_05_0055","snp_05_0056","snp_05_0057","snp_05_0058","snp_05_0059","snp_05_0060","snp_05_0061","snp_05_0062","snp_05_0063","snp_05_0064","snp_05_0065","snp_05_0066","snp_05_0067","snp_05_0068","snp_05_0069","snp_05_0070","snp_05_0071","snp_05_0072","snp_05_0073","snp_05_0074","snp_05_0075","snp_05_0076","snp_05_0077","snp_05_0078","snp_05_0079","snp_05_0080","snp_05_0081","snp_05_0082","snp_05_0083","snp_05_0084","snp_05_0085","snp_05_0086","snp_05_0087","snp_05_0088","snp_05_0089","snp_05_0090","snp_05_0091","snp_05_0092","snp_05_0093","snp_05_0094","snp_05_0095","snp_05_0096","snp_05_0097","snp_05_0098","snp_05_0099","snp_05_0100"
"IND0001",1,1,0,1,2,1,1,2,2,2,0,1,2,1,1,0,2,0,2,2,1,1,0,2,2,0,2,1,2,2,1,1,1,2,1,1,0,1,2,2,1,1,0,1,1,2,0,1,2,1,2,2,1,0,1,1,1,1,1,0,2,1,1,2,1,1,1,1,2,1,1,2,1,1,1,2,0,1,1,1,1,2,2,0,1,1,1,1,2,0,0,2,2,1,1,1,1,2,1,2,1,1,0,2,2,1,1,1,1,2,2,2,1,1,2,0,1,1,1,1,0,1,1,1,0,2,1,2,0,2,1,0,0,1,2,1,1,0,2,2,0,2,2,1,0,1,0,1,0,0,0,1,1,2,1,1,1,1,1,1,1,0,2,2,1,0,0,1,1,2,1,0,2,1,2,2,1,1,1,1,2,0,1,0,2,1,0,1,1,1,0,2,1,0,1,1,0,2,1,1,1,2,2,2,1,1,2,1,1,1,1,0,1,1,2,1,1,1,2,2,1,2,2,0,2,1,1,1,1,2,0,1,1,1,2,0,0,1,1,1,1,0,1,1,0,1,1,0,1,2,0,1,0,1,2,1,2,1,1,1,1,1,2,1,1,1,0,0,1,0,1,1,1,0,0,2,0,0,1,1,1,1,1,1,1,2,1,2,1,1,2,1,0,1,1,1,0,1,1,2,0,2,1,0,0,1,2,2,1,1,1,1,1,2,2,2,2,1,0,1,2,2,0,2,2,1,1,0,2,1,0,1,1,0,2,0,2,2,2,1,0,0,1,1,0,1,2,0,0,2,0,1,2,1,1,1,1,2,1,0,1,1,1,1,2,2,1,0,2,1,1,1,2,1,1,0,2,0,2,1,0,0,2,2,0,2,0,1,1,1,1,2,2,1,0,1,1,2,1,0,2,1,1,1,1,2,2,1,1,0,0,2,1,0,1,2,2,1,1,2,1,0,1,2,2,1,1,2,0,2,1,2,1,1,1,0,1,1,1,2,2,2,1,1,0,0,2,0,1,1,1,1,2,2,1,2,2,0,1,1,2,1,0,1,1,2,0,1,1,1,1,1,1,0,2,1,1,1,2,0,2,2,1,2,0,1,1,0,0,1,0,0,0,1,1,2,1,1,0,1
"IND0002",1,1,2,2,2,0,1,2,2,1,1,2,1,2,1,2,1,1,1,0,1,0,1,2,0,1,1,1,1,2,1,2,2,1,0,2,1,0,2,1,1,0,2,0,1,2,1,2,1,2,0,1,1,0,1,1,0,2,1,2,1,1,0,2,0,0,0,1,0,1,1,1,1,2,1,1,0,1,2,0,0,1,1,2,1,0,0,1,1,1,1,2,2,1,2,2,0,0,1,0,0,2,1,1,1,1,1,0,2,1,1,0,2,0,1,1,1,1,2,0,1,1,0,2,1,2,0,1,1,2,1,1,0,0,0,2,0,1,0,0,2,0,1,1,0,1,1,1,0,1,1,0,2,1,2,2,1,0,2,2,0,1,1,1,1,1,0,2,1,0,1,2,1,1,1,0,2,1,2,0,0,0,2,0,0,1,2,1,2,2,1,0,1,1,1,1,1,2,1,1,1,1,1,0,1,0,2,1,2,0,1,1,2,1,0,0,1,1,1,1,2,1,0,2,0,1,0,0,2,1,1,0,2,1,1,2,0,0,2,1,0,1,2,2,0,0,2,1,2,2,1,2,2,1,1,0,1,1,0,1,1,2,2,1,1,1,1,0,1,1,1,0,1,2,0,2,1,1,2,1,2,2,1,1,1,1,1,2,0,1,0,2,1,2,1,1,1,2,1,1,2,2,1,0,2,1,1,0,0,1,2,2,0,0,1,1,0,1,1,2,0,0,1,1,1,0,1,1,1,0,1,1,1,1,1,2,1,0,2,2,1,1,2,2,0,0,0,1,2,0,1,2,0,1,0,1,1,0,2,1,2,2,1,1,2,0,2,0,1,2,2,2,2,0,1,0,2,0,1,2,2,1,1,1,1,2,2,1,1,1,1,0,1,1,2,1,1,1,1,1,1,0,1,2,1,1,0,0,1,1,1,1,0,0,2,1,2,1,0,1,1,2,2,1,1,1,1,2,2,1,2,1,1,1,1,0,1,1,2,2,0,1,1,0,2,0,1,1,1,1,0,1,2,2,2,1,0,1,2,2,1,1,1,1,1,1,2,1,2,1,1,1,1,1,0,1,1,1,0,1,0,1,1,2,1,1,1,0,1,1,1,2,1,1,0,1,2,0,1,2
"IND0003",2,2,1,0,1,2,1,1,2,0,1,2,0,0,1,1,0,0,2,1,1,2,2,2,1,2,1,2,2,1,1,1,1,2,1,0,1,2,2,0,1,1,0,1,1,0,1,2,0,1,1,1,0,1,2,1,0,1,1,0,1,2,1,2,2,2,1,1,1,0,2,0,0,1,1,2,1,2,2,1,0,1,1,1,1,2,0,1,2,2,2,1,1,1,1,2,0,1,2,1,1,1,2,0,1,1,2,0,1,2,0,1,0,1,0,0,2,2,1,0,1,0,2,1,1,1,2,1,1,1,2,1,1,1,0,1,1,1,0,2,2,0,1,2,1,2,2,2,1,2,1,0,2,1,1,0,2,1,1,1,1,0,1,2,2,0,0,2,0,1,1,1,0,1,2,0,0,0,1,1,1,1,1,0,1,2,1,2,2,1,1,1,1,0,0,1,1,1,1,2,2,0,1,2,0,2,0,2,0,0,2,0,2,1,1,1,1,2,1,2,0,1,1,1,1,2,1,2,0,2,0,0,0,0,1,0,2,0,1,2,1,0,1,1,1,0,0,0,2,2,1,1,1,1,0,1,0,0,1,1,2,1,2,0,1,1,2,1,1,1,1,0,1,2,0,1,1,0,2,1,1,2,2,0,2,1,1,0,1,0,2,0,2,1,1,2,1,2,2,1,1,1,1,1,2,0,2,0,2,1,1,2,1,1,2,2,1,0,0,2,2,2,1,1,1,1,1,1,1,0,1,1,2,2,1,1,1,0,1,2,2,0,1,0,2,1,1,0,2,1,2,2,0,0,1,0,0,1,1,0,1,2,1,0,1,1,1,1,0,0,2,1,2,2,1,1,0,0,1,0,2,1,0,1,1,0,1,1,0,1,1,1,0,0,0,1,1,1,1,2,1,1,0,0,1,1,1,0,0,1,1,0,1,0,1,1,1,1,1,1,0,2,0,1,1,2,0,0,1,1,1,1,0,1,1,0,0,2,2,1,0,1,1,2,2,1,2,1,1,1,2,1,2,2,2,0,1,0,0,0,1,1,0,1,2,0,1,0,0,0,1,1,1,0,0,0,1,1,2,1,1,1,0,0,1,0,0,1,2,0,1,0,1,0,1,1,0,2,1,1
"IND0004",0,1,2,1,2,1,1,2,0,1,2,1,1,1,0,2,1,1,1,1,0,1,2,0,1,1,0,1,2,2,0,1,1,1,1,1,1,2,1,1,0,2,1,1,1,0,0,1,0,1,0,0,2,1,1,2,0,1,0,1,0,1,2,1,2,2,1,0,2,0,0,2,1,0,0,1,1,1,0,1,1,2,1,2,0,0,1,2,1,0,1,1,2,1,1,1,0,1,0,2,0,1,2,1,1,1,2,0,1,1,1,2,2,1,1,1,0,0,2,2,1,0,1,1,1,2,2,1,2,1,2,2,2,0,1,1,1,0,2,0,1,0,2,0,1,1,1,1,2,0,2,1,2,1,1,1,1,2,1,0,2,0,2,2,2,1,0,2,0,1,0,2,1,0,1,0,1,1,1,0,1,0,2,2,2,0,1,1,1,0,1,0,1,1,1,0,0,1,0,1,1,0,1,1,1,0,0,1,1,2,1,2,1,1,1,1,2,1,1,1,0,1,0,2,1,0,0,0,1,1,1,2,0,1,1,1,2,1,1,1,1,0,0,1,2,2,2,1,1,2,1,0,0,1,0,1,1,2,0,0,2,1,1,1,2,1,2,0,1,0,0,1,0,0,0,1,2,1,1,0,1,1,2,1,0,1,2,0,2,0,2,1,0,0,2,1,0,1,2,0,2,0,0,1,2,2,2,0,2,0,2,1,0,2,2,2,0,2,2,2,1,2,0,1,0,1,0,1,0,0,1,1,2,1,0,1,1,2,2,0,1,1,1,0,2,2,2,0,1,1,1,2,1,1,1,0,0,0,0,1,1,2,1,2,0,1,1,1,1,1,2,2,2,1,1,2,2,2,1,1,1,1,2,1,1,1,1,1,2,0,2,1,1,1,2,1,1,0,2,2,0,0,1,1,2,2,2,1,1,1,1,1,0,1,1,1,1,1,1,2,1,1,1,1,1,1,2,2,1,2,1,1,1,1,2,2,1,2,1,1,1,1,1,2,1,0,1,0,1,1,0,2,1,1,0,1,1,1,0,1,1,0,1,1,0,2,2,1,2,0,2,1,0,1,1,1,1,0,2,0,0,2,2,1,1,2,2,1,0,0,1,1,1,0,1,1,1,1,0,0
"IND0005",2,1,1,1,1,0,0,1,1,2,0,0,0,0,2,1,0,1,1,1,1,2,2,1,2,1,1,1,2,1,0,0,0,1,2,1,1,2,1,0,1,0,0,1,1,2,1,0,0,1,1,0,2,1,0,1,2,1,1,0,2,0,2,1,1,1,1,1,2,2,1,0,1,1,1,2,1,1,0,1,1,2,1,1,1,1,0,2,1,1,2,0,2,0,1,1,1,0,0,1,2,1,2,0,2,0,0,0,1,1,1,0,1,0,1,0,1,2,1,1,2,2,1,1,1,0,2,1,1,1,1,0,0,1,1,1,2,2,0,1,0,2,1,1,0,1,0,2,1,0,1,2,0,1,1,1,1,1,2,2,1,0,1,2,0,1,1,1,1,1,2,1,1,0,1,1,1,2,0,0,2,1,1,0,0,1,1,1,2,1,2,1,0,1,1,1,2,2,1,1,2,2,1,1,0,0,2,2,1,0,0,1,1,1,1,1,2,0,1,2,1,1,2,2,1,2,2,1,0,1,0,2,2,1,1,2,0,1,1,2,2,0,1,1,0,1,2,0,1,1,1,2,2,1,1,0,2,0,1,1,1,1,0,0,1,2,0,0,0,1,1,0,1,2,0,1,0,0,1,1,1,0,2,1,0,2,2,2,2,2,1,2,2,1,1,2,0,0,1,2,1,0,1,2,1,1,0,0,0,2,1,0,1,0,2,2,2,2,1,1,1,2,0,1,1,1,2,0,1,2,1,1,1,1,2,1,1,1,1,2,1,1,1,0,1,2,2,0,1,1,1,1,2,2,1,2,2,1,0,0,0,0,0,1,2,2,2,1,1,1,1,1,2,2,1,2,2,1,2,0,2,0,2,0,2,0,1,2,1,2,2,1,1,1,1,0,2,1,1,0,1,1,0,0,0,2,1,1,1,1,1,2,0,2,1,1,1,2,1,1,0,1,0,1,1,2,2,1,2,1,2,1,1,1,1,2,1,1,0,2,1,1,0,1,0,0,1,1,0,1,2,1,0,1,1,1,1,2,1,1,0,0,0,1,2,1,0,2,1,0,2,2,1,0,1,2,2,1,0,2,0,2,1,0,0,1,2,2,1,1,2,1,2,2,1,2,1,2,1,0
"IND0006",1,2,2,1,1,0,2,1,2,0,1,1,1,1,1,2,0,1,1,1,1,0,1,1,1,1,0,0,2,2,2,0,1,1,1,1,0,1,1,0,1,1,1,2,1,0,1,0,1,0,1,0,1,0,0,2,1,1,1,1,1,0,0,2,2,0,1,1,0,2,1,1,0,1,1,1,2,1,0,1,1,1,2,0,1,1,1,1,0,0,1,1,2,0,1,2,2,0,0,1,1,2,1,1,0,1,1,0,1,1,2,1,0,0,2,1,2,1,0,2,0,1,1,0,1,2,0,2,1,2,2,0,0,2,0,2,0,2,1,1,2,0,1,0,1,1,1,1,1,2,2,2,1,2,1,1,1,1,1,2,1,2,1,0,1,2,2,2,0,2,0,2,1,1,1,1,0,1,0,1,2,1,1,1,2,2,2,0,0,1,0,2,1,1,1,1,1,0,1,2,1,1,1,2,2,2,1,1,1,2,0,0,1,2,1,2,1,0,1,1,2,0,1,0,0,1,1,1,1,1,1,0,0,2,1,1,1,1,1,0,0,1,1,2,2,0,0,1,1,2,1,1,2,1,2,1,2,0,1,0,2,2,1,1,0,2,1,1,1,1,0,2,1,0,0,2,1,1,0,1,0,1,0,0,1,1,1,1,0,0,1,0,1,0,1,2,1,1,2,0,1,2,1,2,2,0,1,2,1,2,0,1,1,1,1,1,0,0,0,2,2,1,2,1,1,2,1,1,0,0,1,1,0,1,0,0,1,0,1,1,1,1,1,1,0,1,0,1,1,0,1,2,0,1,2,0,1,2,2,1,0,2,0,1,1,1,0,1,2,1,1,2,1,2,1,1,2,2,1,2,1,1,1,1,0,1,2,2,1,1,2,1,2,1,1,0,0,2,1,1,1,2,2,0,1,1,1,1,1,2,0,1,1,1,1,2,2,0,1,1,2,0,0,1,2,1,2,1,2,2,1,1,0,0,2,1,0,0,1,0,1,0,0,0,1,2,1,0,1,0,1,1,1,1,2,2,2,0,2,1,0,2,1,2,0,2,0,1,0,0,2,2,1,0,1,1,2,1,1,1,0,2,1,0,1,0,1,2,2,1,0,1,0,2,1,1,2,1,1,2
"IND0007",0,1,1,1,0,1,1,1,1,2,2,1,2,2,1,2,1,1,0,1,0,1,0,1,1,0,0,0,0,0,1,0,1,0,2,1,1,2,2,1,1,1,1,2,0,2,0,1,1,0,1,1,1,1,1,0,2,1,0,2,0,0,2,0,1,2,1,0,1,1,0,1,1,1,0,2,1,0,2,2,1,0,1,1,0,1,1,2,1,2,1,1,1,0,1,1,1,1,2,1,2,0,1,0,1,1,1,2,1,0,2,2,1,0,2,1,0,1,2,2,1,2,2,0,0,0,0,2,1,1,1,2,1,2,1,1,2,1,2,1,2,1,2,1,0,1,0,1,0,0,1,1,1,1,1,2,1,1,1,2,1,2,1,1,1,1,1,1,1,0,1,1,1,2,0,1,0,1,0,0,1,1,2,1,1,1,1,2,0,0,2,0,2,1,2,2,2,0,0,0,1,1,1,0,0,0,1,0,1,1,1,1,1,2,1,0,1,2,2,0,0,2,1,2,0,1,0,0,2,2,1,2,0,0,2,1,1,1,0,1,1,2,0,2,2,0,0,2,1,1,2,1,0,2,2,1,0,0,1,1,1,1,1,2,2,2,1,1,0,0,1,1,1,1,1,1,2,0,1,1,1,1,2,1,1,1,1,2,1,1,2,1,0,0,1,0,0,1,1,1,0,1,0,2,0,1,1,2,1,1,0,1,0,1,1,2,0,1,0,1,0,2,0,2,1,1,0,1,1,1,2,2,1,1,2,1,1,2,1,0,1,2,1,2,2,1,2,1,1,2,2,1,2,1,2,1,1,0,1,1,1,0,1,2,1,1,0,2,2,1,0,0,2,0,2,1,1,1,0,1,0,2,2,2,0,1,2,0,1,1,1,1,1,1,1,1,2,1,2,1,1,0,2,2,1,1,0,1,2,0,1,0,1,2,1,1,2,1,2,2,2,1,2,0,1,1,1,2,1,2,2,2,1,1,1,2,0,2,2,0,1,2,1,2,2,1,0,2,1,1,2,0,0,1,0,1,1,2,2,2,2,2,1,1,1,1,2,1,0,1,0,1,2,0,0,0,2,2,2,0,1,2,0,1,2,0,1,1,1,2,0,2,2,1,0,1,1,1,2,1
"IND0008",1,1,1,1,2,2,1,2,1,2,1,0,2,0,1,1,2,1,1,2,1,1,1,1,1,0,0,1,1,1,1,0,2,1,1,1,1,1,0,1,1,2,1,2,1,0,1,1,2,1,0,1,1,1,2,1,1,0,1,1,1,0,1,0,1,1,0,1,0,1,1,1,1,1,0,2,1,0,2,2,2,2,2,1,1,0,0,2,1,1,1,1,2,2,1,2,1,1,1,0,1,2,1,1,1,2,1,0,1,0,2,2,0,1,1,1,1,2,1,2,0,0,0,0,1,1,0,1,2,2,1,0,1,2,1,1,1,1,2,1,2,1,0,2,0,1,2,2,2,1,0,0,1,0,1,2,1,0,1,1,1,1,1,1,1,2,1,1,0,0,2,1,1,0,1,0,1,0,0,1,1,1,1,1,2,0,0,0,1,1,2,2,1,0,1,2,1,1,2,0,1,1,1,1,1,1,1,1,1,0,0,1,1,1,1,1,0,2,1,1,0,1,2,1,1,2,1,1,1,2,1,1,1,1,1,2,2,2,1,1,1,2,0,0,0,0,2,1,0,1,0,1,1,1,1,0,1,2,1,2,2,1,1,2,1,1,1,0,1,0,2,1,1,0,0,1,1,1,0,0,2,0,1,2,2,1,0,2,0,1,0,2,1,0,2,1,1,1,1,1,1,1,2,2,2,2,2,1,2,0,1,1,2,1,1,1,0,0,1,2,1,1,1,0,0,2,1,0,2,0,1,0,1,1,2,1,0,0,2,1,2,1,1,2,1,0,0,2,1,0,2,2,1,1,2,0,1,0,2,1,0,1,0,1,1,1,0,1,1,1,1,1,2,2,0,2,1,1,2,0,2,0,1,2,1,0,1,2,2,2,2,2,0,2,1,1,1,0,0,1,1,2,2,2,2,0,2,1,2,1,1,1,1,2,0,1,2,0,2,1,1,0,1,2,0,2,1,1,0,1,0,2,0,0,0,1,1,0,1,2,0,1,1,0,2,1,2,0,2,1,2,1,0,1,1,2,2,0,1,1,0,0,2,1,2,2,1,1,0,1,1,1,0,1,0,1,2,1,1,1,1,1,1,2,1,0,2,1,1,1,1,0,2,2,1,0,1,1,0,1
"IND0009",1,1,1,1,0,0,1,0,2,1,2,1,2,0,1,0,0,0,2,0,1,1,2,1,2,0,1,1,0,0,0,0,2,1,2,1,1,2,2,2,1,0,1,1,0,1,2,2,0,2,2,2,1,1,2,0,1,1,1,0,1,0,2,0,1,2,1,0,0,1,1,1,0,1,2,2,1,1,2,1,1,1,2,0,2,0,2,1,1,0,1,1,2,0,2,0,1,0,0,0,1,0,2,0,1,1,2,0,1,0,2,1,1,1,0,1,1,0,1,0,1,0,1,1,2,1,0,1,1,0,1,0,1,2,1,0,1,1,1,1,0,1,1,2,2,2,2,1,1,2,2,0,1,1,0,1,0,0,1,1,1,0,1,2,0,2,1,1,1,2,0,1,0,1,0,1,1,2,2,1,1,2,0,1,0,1,2,1,2,1,1,2,2,1,2,0,1,1,0,1,1,0,1,2,1,1,1,0,0,1,1,0,1,0,2,1,1,2,1,2,2,2,1,1,0,2,1,1,1,1,0,0,1,0,2,0,0,1,1,1,1,0,0,2,1,1,0,0,2,0,1,0,0,1,1,1,1,0,0,0,1,1,1,2,0,0,1,1,1,1,1,2,1,1,0,1,0,1,2,1,1,2,2,0,2,2,2,2,1,2,2,1,2,2,0,0,1,0,1,2,1,0,2,0,1,1,1,1,0,0,0,1,0,1,1,2,1,2,0,1,2,2,0,0,2,1,1,0,1,2,1,1,1,1,2,0,1,2,2,2,0,0,0,2,1,1,0,2,1,2,1,1,1,2,0,0,1,0,1,2,1,1,1,1,2,1,1,0,1,1,0,0,2,2,2,2,2,2,0,1,1,0,0,1,1,2,1,1,1,1,2,0,1,1,1,2,1,0,1,1,1,1,1,1,1,1,1,1,2,1,1,1,0,2,0,1,1,1,2,0,2,0,2,2,2,1,2,1,2,1,2,1,2,1,2,0,2,2,2,1,0,1,1,1,2,0,2,1,0,0,1,1,1,2,0,1,2,0,2,0,2,1,1,0,0,1,1,1,0,2,2,1,0,2,0,2,2,2,1,1,1,1,2,2,1,0,2,0,0,1,1,1,1,2,1,1,1,1,2,1
"IND0010",2,1,0,2,1,0,1,1,1,0,0,0,1,1,2,1,0,2,1,2,1,2,1,0,2,0,1,1,1,2,1,1,2,0,2,2,0,2,1,1,1,2,1,1,0,1,1,0,1,1,1,1,1,2,0,1,1,0,1,0,1,1,1,0,1,2,1,1,2,2,1,1,1,2,0,1,0,0,1,1,1,0,2,2,1,2,1,0,1,1,1,0,1,0,1,1,2,1,1,2,1,1,1,1,1,1,2,1,2,1,1,0,1,1,1,1,1,1,0,0,0,1,1,1,1,1,1,1,1,1,1,1,1,0,1,1,2,0,0,2,1,0,2,2,1,1,2,1,1,0,2,1,2,2,2,2,0,1,1,1,2,1,1,2,0,1,2,1,0,1,0,0,1,0,1,2,1,0,1,2,1,1,1,2,0,0,2,1,0,0,0,1,1,0,2,1,0,1,1,0,0,0,0,2,1,1,1,2,2,0,0,2,0,0,0,0,1,1,1,2,1,0,1,1,1,0,1,0,2,1,0,0,0,2,1,1,0,1,1,1,1,0,1,2,0,1,0,2,1,1,2,0,2,2,2,1,0,1,1,1,1,1,1,1,1,1,1,0,2,2,1,1,1,1,1,0,0,0,1,0,2,2,1,2,1,1,1,2,1,0,1,1,2,1,1,2,1,0,2,0,2,0,0,0,2,1,1,1,1,1,2,1,1,1,0,1,1,2,1,0,1,1,0,0,1,1,2,2,0,1,0,2,0,1,1,2,0,0,1,0,0,2,1,1,1,2,0,2,1,1,1,1,2,1,1,1,0,2,2,1,1,1,2,2,0,1,1,2,1,1,0,1,1,1,2,0,0,0,2,2,1,1,1,0,0,0,2,2,1,0,2,1,0,0,1,2,1,1,1,0,1,2,1,0,1,0,0,1,1,1,2,1,2,2,2,1,0,1,0,1,2,2,2,1,1,0,2,2,0,1,0,1,2,2,0,2,1,0,2,2,1,0,1,1,1,2,1,1,1,2,1,1,0,1,1,1,2,0,2,0,2,2,0,2,1,1,1,1,1,1,1,0,0,0,1,1,0,1,1,1,1,0,1,1,1,2,1,0,1,1,1,2,0,1,0,1,0,1,2,0
"IND0011",0,2,1,1,0,0,1,2,2,2,2,1,1,1,0,1,1,2,0,1,2,0,2,1,0,1,0,1,2,1,2,0,2,2,1,1,1,0,1,0,2,0,2,0,1,2,1,2,0,1,0,1,1,2,1,2,0,1,0,1,0,1,0,1,1,2,2,1,2,2,0,0,0,1,1,1,2,1,2,0,1,0,0,2,1,2,1,2,2,1,1,2,1,2,1,0,0,0,1,1,1,1,1,1,1,1,1,0,0,2,2,0,2,1,2,1,1,0,1,0,1,1,1,0,1,1,1,0,0,1,1,1,2,2,1,1,1,1,2,2,1,1,0,1,1,1,1,2,1,0,1,0,0,1,1,1,1,1,1,0,2,1,1,1,1,1,1,0,2,2,0,1,1,2,1,0,0,1,1,0,1,1,1,1,1,0,1,1,1,0,0,1,1,0,0,1,0,2,0,1,1,0,1,1,0,2,1,1,1,0,0,2,1,1,0,1,0,2,1,1,1,0,1,0,0,1,1,2,1,1,1,0,0,2,1,0,0,2,1,2,1,2,0,1,1,1,1,1,1,2,1,2,1,2,1,1,2,0,1,2,1,1,0,0,0,1,1,2,1,2,0,1,1,1,2,1,1,2,1,1,0,2,1,1,0,0,2,1,2,1,0,2,1,1,0,2,0,1,1,2,0,1,1,2,0,0,1,1,2,1,0,1,1,1,0,2,1,1,1,1,0,1,0,0,1,1,2,2,0,1,1,1,1,0,0,1,0,2,1,1,1,1,0,2,2,2,0,1,1,1,1,0,1,0,0,2,2,1,0,2,0,1,1,1,1,1,2,1,2,1,0,0,2,2,1,0,1,1,2,0,1,1,1,2,1,2,1,1,0,1,0,2,1,2,0,0,1,1,1,2,1,2,0,2,1,1,1,0,1,1,1,0,1,1,0,1,2,0,0,2,2,0,0,0,1,1,1,1,1,2,1,0,1,1,1,0,0,1,1,0,1,1,1,1,1,1,0,2,0,2,0,1,1,1,1,1,1,1,1,0,0,0,1,0,1,1,2,2,0,1,2,0,2,1,1,1,2,1,1,1,1,2,0,1,1,1,1,0,0,1,2,0,1,0,1,0,2,0,2,1
"IND0012",2,0,1,2,0,1,2,1,1,2,2,2,0,0,1,1,0,2,0,0,1,2,0,1,2,1,0,1,1,2,0,0,0,0,1,0,1,2,1,2,0,1,2,2,0,1,2,0,2,0,1,1,2,1,2,1,1,1,2,2,0,1,1,2,0,2,1,1,0,2,2,0,2,1,2,1,2,2,0,1,0,0,2,0,1,0,0,1,0,1,1,1,1,0,1,0,0,2,2,2,0,0,2,1,0,2,2,0,1,0,1,2,1,2,1,1,2,1,1,1,0,1,0,2,2,2,1,0,2,2,2,2,1,0,0,1,0,2,0,0,2,2,1,1,1,1,0,2,0,1,2,1,1,2,2,1,0,2,1,1,1,0,2,0,1,2,0,2,1,1,0,0,1,2,2,2,0,1,1,2,0,0,1,1,2,0,2,0,1,1,2,1,0,1,2,0,1,0,1,1,1,2,2,1,1,0,1,1,2,1,0,0,2,0,1,2,1,1,1,2,0,2,2,0,1,1,2,2,1,1,1,1,1,1,1,2,2,1,1,1,1,1,1,0,0,0,2,0,1,0,1,2,1,2,1,1,1,1,0,0,2,2,1,0,0,2,1,1,2,1,1,0,2,0,1,1,0,1,0,1,0,2,1,1,0,0,2,1,1,1,1,1,0,0,1,2,1,0,0,2,1,2,1,2,0,0,1,2,2,1,1,1,1,1,0,0,2,2,0,0,2,1,1,1,2,1,1,2,1,1,2,1,0,1,1,1,2,1,2,0,1,1,1,1,1,1,1,2,2,1,1,1,0,2,2,0,2,2,1,2,1,2,1,2,1,2,1,1,1,2,0,0,2,1,1,1,1,1,1,1,0,1,2,0,1,2,0,0,0,2,0,0,1,1,2,1,1,0,0,1,1,2,1,2,1,1,0,1,2,2,2,2,1,1,2,1,0,2,1,2,2,0,2,2,2,2,1,0,2,0,2,2,1,1,0,0,0,0,0,2,1,1,0,1,2,1,2,2,2,1,0,2,2,1,1,1,1,1,2,1,0,1,2,1,0,0,1,1,0,0,1,2,1,1,1,0,1,1,1,1,2,2,1,1,2,1,1,1,2,2,1,2,0,0,2,1,1,0,2,1
"IND0013",2,1,0,0,1,2,1,2,1,0,2,1,1,0,0,0,1,0,1,1,0,0,0,0,2,1,0,2,1,1,0,2,2,1,1,0,2,1,0,0,0,1,0,1,2,2,2,0,1,1,1,0,1,2,2,0,1,2,2,0,0,0,1,1,1,0,1,2,2,1,0,1,2,1,1,1,1,1,0,1,1,0,0,2,1,1,2,1,0,1,1,1,2,1,0,1,0,0,0,1,1,2,0,1,1,2,2,1,1,2,2,2,1,2,0,1,2,0,1,1,2,2,1,0,1,0,0,1,1,2,1,0,1,1,1,1,2,2,2,1,1,2,0,1,1,0,0,0,2,1,2,1,1,1,1,2,1,1,1,1,2,0,2,2,1,2,1,2,1,2,0,1,1,1,0,1,1,2,1,2,0,0,1,0,1,2,1,2,2,2,1,1,1,2,1,1,1,1,1,1,0,1,2,0,2,2,2,1,2,2,2,1,2,1,1,2,0,1,0,1,0,0,2,0,0,2,2,1,1,2,2,0,0,1,1,0,1,2,0,1,1,1,1,1,1,0,2,0,1,0,2,1,0,1,1,2,2,2,2,2,1,0,0,0,1,1,1,1,0,1,1,1,2,0,2,2,1,1,0,2,0,1,1,2,0,2,2,1,2,0,1,1,1,1,1,1,2,2,0,2,1,1,2,0,2,2,1,2,1,1,1,0,1,2,2,1,1,1,2,1,0,1,0,0,2,1,2,2,1,1,0,2,0,2,1,1,2,1,1,0,1,2,2,2,0,1,0,2,1,1,2,2,2,2,0,2,2,1,1,1,2,0,1,1,0,1,1,2,1,0,1,2,1,2,1,2,1,2,1,1,1,0,0,2,1,2,0,1,1,1,1,0,0,0,0,1,2,0,2,1,2,2,0,0,0,1,2,2,1,0,1,1,1,1,2,1,1,1,1,1,2,2,0,2,1,2,0,1,1,1,1,1,2,1,0,1,2,2,1,1,2,0,1,0,2,0,1,1,1,0,1,0,1,2,0,1,2,2,0,0,2,0,2,1,0,2,0,1,2,1,1,1,1,2,1,0,2,1,1,1,2,1,1,2,2,1,1,2,0,2,0,1,1,1,1,0,2,1,1,0
"IND0014",0,1,0,1,1,0,1,0,0,1,1,0,0,1,1,0,2,1,1,1,1,1,1,1,0,1,0,2,1,0,1,1,0,0,2,0,1,1,0,1,0,2,2,0,1,1,1,1,2,0,0,1,2,1,1,0,1,0,0,0,2,1,1,0,1,2,2,0,0,0,2,0,1,2,1,1,1,0,1,0,1,0,0,2,2,1,0,0,1,1,2,1,1,1,1,2,1,1,2,0,0,0,2,1,1,0,0,1,1,0,0,0,2,0,0,2,2,1,1,1,2,1,1,1,1,1,2,1,1,2,1,2,1,1,2,2,1,0,0,1,0,0,1,2,0,1,1,1,0,0,1,1,1,1,2,0,1,2,1,1,2,1,2,1,1,2,1,1,0,1,0,1,1,1,1,2,1,1,0,1,1,1,1,1,1,0,0,2,1,0,2,1,1,0,2,1,2,2,1,0,1,1,1,0,1,1,1,2,1,2,0,1,1,2,2,1,1,1,1,1,1,1,2,1,1,2,2,2,1,1,1,1,1,0,1,1,1,2,0,0,2,1,2,0,0,1,1,1,1,0,2,1,1,1,0,1,1,2,2,1,2,0,0,1,2,0,1,1,2,1,1,1,1,1,1,1,1,1,2,1,1,2,0,1,2,1,1,1,2,2,2,1,2,1,1,1,1,1,1,1,1,2,0,0,2,1,0,0,1,2,1,1,1,0,1,0,1,1,0,0,1,1,1,0,0,1,2,1,1,1,1,0,1,1,1,1,1,2,1,1,1,1,1,2,2,1,2,0,1,1,1,2,0,1,1,2,1,1,1,1,0,1,1,2,2,2,0,1,0,2,1,0,0,1,0,1,1,2,1,1,2,1,0,1,0,1,0,1,2,2,1,2,0,2,1,1,1,2,1,1,1,2,2,0,1,2,1,0,0,1,2,2,1,2,2,2,1,1,1,1,1,1,2,0,1,2,0,1,2,1,1,0,0,0,2,2,1,0,0,1,2,1,1,2,1,2,1,1,1,0,2,2,2,1,2,1,1,2,1,2,1,1,0,1,1,2,0,0,1,1,0,1,0,0,2,1,1,2,1,1,1,2,0,1,1,1,2,0,0,2,1,2,1,1,2,2,1,1,1,0
"IND0015",1,1,1,0,2,2,1,1,2,0,1,0,0,0,0,1,0,0,1,1,0,2,0,1,1,0,1,2,1,1,1,1,1,0,2,1,2,1,1,2,1,2,0,0,1,2,1,1,2,0,1,2,1,1,0,2,0,2,1,0,2,1,1,0,1,2,0,0,1,0,1,1,1,2,0,1,1,1,2,1,2,0,0,1,0,1,1,2,1,1,2,1,1,1,2,1,2,1,1,1,1,1,2,1,0,0,0,2,1,2,0,2,1,1,2,1,1,2,1,1,1,0,0,1,1,1,1,1,2,1,2,0,2,1,1,1,0,2,2,2,2,1,2,1,0,1,1,1,2,1,0,1,2,1,0,1,0,1,1,1,1,1,1,1,1,1,2,0,1,2,2,1,1,1,2,1,2,2,1,1,0,1,2,0,1,0,1,1,1,1,2,2,1,1,2,1,2,0,0,1,1,1,1,1,2,2,1,2,0,1,0,1,0,0,2,0,1,1,1,1,0,2,1,2,1,2,0,0,1,0,0,1,1,1,0,2,1,1,1,1,0,1,1,1,2,1,1,2,1,1,2,2,1,1,0,0,2,0,1,2,1,1,1,1,0,1,1,1,1,0,1,2,0,1,2,0,2,1,2,0,1,1,1,1,2,2,1,1,0,1,2,2,1,1,2,1,1,1,0,2,2,0,1,1,0,1,2,0,1,1,1,1,2,2,1,0,1,2,2,1,1,0,2,1,1,1,1,0,2,0,2,1,1,0,1,1,1,0,1,1,0,1,1,0,0,1,1,1,2,1,1,0,2,1,1,2,2,0,1,1,1,2,2,1,2,1,0,1,1,2,1,1,0,2,0,0,1,0,1,1,0,2,1,1,0,1,0,2,1,1,1,1,1,0,1,1,0,2,1,1,2,0,1,2,0,1,2,1,0,2,0,1,1,2,1,1,1,2,1,1,1,1,1,1,2,0,0,1,1,0,1,1,0,1,2,2,0,1,1,1,0,1,2,1,1,1,0,1,0,0,2,0,1,1,0,0,1,1,1,1,0,1,1,2,1,1,1,2,1,1,0,0,2,1,1,1,1,0,0,1,2,2,0,1,2,2,1,1,2,1,1,1,0,1,2,1,1,1,1,0
"IND0016",1,0,0,1,1,1,2,1,1,0,0,1,2,0,0,1,2,2,2,1,0,1,1,1,1,2,2,1,0,1,0,1,0,2,2,1,2,1,2,1,1,2,1,0,1,1,1,0,0,0,0,0,0,1,1,2,1,0,2,0,1,1,1,0,2,2,0,0,1,2,1,0,1,0,0,1,2,2,1,1,1,1,0,0,1,2,1,1,1,0,1,0,1,2,2,2,1,1,1,2,0,2,2,2,1,1,1,0,1,2,2,2,1,0,2,1,2,2,0,1,0,0,1,1,1,1,1,0,0,0,1,0,1,1,1,1,1,2,2,1,0,0,1,2,1,1,1,1,2,1,1,2,2,2,1,0,2,0,0,2,1,0,1,1,2,1,1,0,1,1,1,1,1,1,1,1,2,1,2,2,1,1,1,2,2,1,1,2,2,1,0,2,0,2,1,1,0,1,1,2,0,0,1,2,0,1,2,1,1,1,2,2,1,0,1,1,1,0,2,0,2,0,0,1,0,2,0,2,0,1,0,1,2,2,0,1,2,2,0,0,1,1,0,1,2,1,2,1,1,2,1,1,1,1,0,1,0,1,1,1,2,2,2,2,1,1,1,1,1,1,1,1,1,1,0,0,1,0,0,1,1,1,1,1,1,1,1,1,0,1,1,0,2,1,0,1,2,2,1,1,0,1,0,0,2,2,1,0,1,2,1,2,2,2,1,1,1,1,1,2,1,1,2,1,2,1,1,1,0,1,2,2,1,1,1,1,2,1,1,1,0,2,1,2,0,1,0,2,1,2,1,1,2,1,0,0,0,1,0,2,1,1,2,0,1,0,2,0,1,1,1,1,2,1,1,0,1,1,1,1,1,2,2,0,1,0,0,1,2,1,2,2,0,1,0,1,0,2,1,1,1,1,1,2,0,1,0,1,2,1,1,1,1,1,1,1,1,0,1,0,1,1,1,2,0,2,1,2,2,2,2,1,1,1,2,1,2,1,2,2,0,1,0,2,1,2,2,1,2,1,0,0,1,0,1,1,1,0,2,1,1,2,1,1,2,1,2,1,1,1,1,1,1,0,2,2,1,1,1,2,1,1,0,1,0,0,1,1,1,1,1,2,1,2,1,2,1,1,1,1
"IND0017",1,0,2,0,1,2,1,1,2,1,1,2,1,1,1,0,2,0,2,2,0,2,2,2,1,2,0,1,0,0,1,0,1,1,1,1,1,2,1,2,2,1,1,2,0,1,0,2,2,0,1,2,0,1,1,1,1,1,1,1,1,2,1,1,1,2,0,1,2,0,1,1,1,1,1,1,1,1,1,2,1,0,2,1,2,1,1,1,2,2,0,0,0,1,0,0,1,1,0,2,1,1,0,1,0,1,1,1,1,1,2,0,1,1,1,1,2,2,1,2,1,1,2,1,0,1,2,1,0,0,1,1,1,1,0,2,1,2,0,2,2,0,1,2,2,2,1,2,1,0,0,0,2,1,2,1,1,1,1,1,1,1,0,1,1,0,1,2,2,2,2,1,0,2,0,1,2,1,0,0,0,1,0,1,0,0,0,2,2,1,2,1,1,1,0,1,2,1,2,1,0,2,1,0,1,2,1,1,1,1,0,2,0,1,2,0,2,1,2,1,0,1,2,1,1,0,0,2,1,2,0,0,2,0,1,2,0,2,1,0,2,2,1,2,1,1,0,2,2,1,2,1,0,1,1,2,0,1,2,1,0,1,0,0,1,1,0,0,0,1,2,1,1,0,0,1,1,2,1,1,1,0,2,1,0,2,2,1,1,0,0,1,0,1,2,0,0,0,1,2,0,2,0,2,2,0,2,0,0,0,2,1,1,1,0,1,1,2,0,2,1,1,1,2,0,2,1,1,1,1,1,0,2,1,2,0,1,2,0,0,1,0,2,1,1,1,0,1,1,0,0,0,1,0,2,1,0,0,2,1,0,0,1,1,2,1,2,1,0,1,1,0,1,1,0,0,0,0,0,0,1,1,1,1,0,0,1,1,1,1,1,2,1,1,1,1,1,2,1,1,1,0,2,0,2,1,1,1,1,2,1,1,1,1,0,1,0,2,1,1,1,1,2,0,1,2,1,1,1,2,1,1,1,1,1,0,2,0,2,1,0,2,2,2,1,0,0,2,2,0,2,0,1,2,0,2,2,2,1,1,0,2,2,0,1,0,1,1,0,0,2,1,2,1,0,2,0,1,2,2,1,2,0,1,1,0,0,0,2,0,0,2,0,2,2,0,1,2,0,2
"IND0018",0,2,1,0,0,1,1,1,1,2,0,1,1,0,0,0,2,2,1,1,1,1,2,0,0,0,2,1,1,2,2,2,1,2,1,2,1,1,0,1,1,2,1,2,1,0,0,0,1,0,1,2,1,2,1,1,2,0,1,1,1,1,1,2,1,1,1,1,1,1,1,1,1,2,2,0,2,2,2,0,1,1,1,1,2,1,1,0,1,1,1,1,1,2,2,1,1,2,1,0,2,0,1,2,1,1,1,0,0,1,2,2,2,1,1,0,2,0,1,2,1,2,0,0,2,2,0,0,2,0,2,2,1,0,0,1,1,1,0,1,2,1,1,1,2,0,1,1,2,0,1,2,1,2,2,0,1,0,1,1,1,2,1,1,2,1,0,1,0,2,0,2,0,1,1,1,0,1,1,1,2,0,0,1,2,1,0,2,1,2,2,0,0,0,1,2,1,1,1,0,1,1,1,1,1,1,0,0,1,2,1,1,2,1,2,1,0,1,1,0,0,2,0,1,0,0,2,1,0,1,0,1,1,1,1,1,1,1,0,1,0,0,1,1,1,1,1,1,2,1,2,2,2,2,2,1,0,1,0,0,2,2,1,1,0,1,1,1,0,0,1,1,1,2,1,0,1,2,1,0,1,0,2,1,2,1,1,0,2,1,1,2,2,0,1,1,2,1,2,0,1,1,1,1,2,0,2,1,1,2,1,0,2,1,1,2,2,2,1,1,0,1,1,1,0,2,0,1,1,1,1,0,2,1,1,1,1,1,1,2,1,1,0,1,1,2,0,1,1,2,0,1,1,1,2,2,1,1,0,1,1,1,1,2,2,2,0,1,0,0,2,1,0,2,0,2,1,2,1,1,2,0,2,1,2,1,2,1,2,1,1,2,0,2,2,1,1,2,0,1,1,0,1,1,1,1,1,1,1,1,2,0,1,1,0,1,2,1,1,1,1,1,2,0,1,2,2,1,1,2,1,2,1,1,2,2,1,2,1,1,2,0,0,1,1,2,2,2,0,1,1,2,1,2,0,1,1,0,1,2,2,1,1,1,0,2,1,1,1,0,2,1,1,1,1,2,1,1,1,1,1,2,2,1,0,1,1,0,0,1,2,2,2,0,2,1,1,2,1,2
"IND0019",1,0,1,1,1,2,0,0,1,1,0,1,1,1,0,0,2,2,1,1,1,1,0,1,1,1,0,1,2,2,0,0,2,0,2,0,2,1,1,1,1,2,2,1,1,2,0,1,1,0,2,2,0,1,0,1,1,0,0,0,0,0,1,1,2,1,0,1,1,1,2,1,1,1,1,1,2,2,1,0,2,1,0,1,0,1,1,2,1,0,1,0,0,1,2,2,0,1,1,2,1,1,1,2,1,1,1,1,1,1,1,1,2,1,2,1,0,1,1,2,0,2,1,2,2,0,1,1,1,0,1,2,0,1,2,0,0,2,0,2,2,1,1,1,1,1,1,2,1,0,0,1,1,1,1,0,0,0,2,1,1,1,2,0,0,2,0,1,1,1,2,1,2,0,1,1,1,0,2,0,0,2,2,2,2,1,0,0,2,2,1,0,0,1,1,2,1,2,2,2,2,1,2,1,0,2,1,2,2,0,1,1,0,1,0,0,2,2,2,0,0,2,0,1,1,1,1,1,1,1,1,1,0,1,2,0,2,1,0,1,1,1,2,0,2,1,1,2,1,0,1,1,2,1,2,2,1,2,2,1,1,2,2,1,1,2,2,1,1,1,1,1,0,2,0,2,1,0,1,2,2,1,2,0,1,0,1,0,2,2,1,1,1,2,1,1,1,0,0,0,2,1,1,1,2,2,1,2,2,2,1,2,1,0,1,2,1,0,0,0,1,1,1,0,1,1,0,2,0,2,0,2,1,2,0,1,0,2,0,1,2,1,1,2,2,1,2,1,1,2,1,0,0,1,1,2,0,2,1,1,2,2,2,1,0,2,0,1,1,1,1,2,0,1,2,2,1,1,2,0,1,1,0,1,0,1,1,1,0,1,0,1,0,1,1,1,1,1,2,0,1,1,2,0,1,1,2,1,1,1,1,0,1,1,1,2,0,1,0,1,0,1,2,1,1,1,1,2,2,2,0,1,0,2,0,0,2,1,1,1,2,1,1,0,1,0,1,0,1,0,2,1,2,2,1,0,1,1,0,1,2,1,1,0,0,1,1,0,0,0,1,1,0,1,2,1,0,1,1,1,1,0,1,2,1,1,2,2,1,2,1,1,1,0,1,0,1,1,0,1
"IND0020",0,1,0,1,1,1,0,1,0,0,2,0,2,1,1,1,1,2,1,1,1,0,2,2,1,1,1,1,2,1,1,2,1,0,0,1,1,0,1,2,1,1,0,1,0,0,2,1,1,1,1,0,1,2,0,2,2,1,1,1,1,0,0,1,2,1,1,1,1,1,0,0,0,2,1,1,2,2,1,1,2,1,1,1,1,2,1,2,1,1,0,2,0,1,0,0,1,1,2,2,0,2,2,0,2,0,1,2,2,1,1,1,1,1,1,0,0,2,0,0,1,0,1,1,2,1,2,1,0,1,2,1,2,1,1,1,2,2,2,1,1,1,1,1,1,1,1,2,2,0,1,2,1,2,1,2,0,2,0,0,0,1,1,1,0,1,0,0,1,0,1,0,1,2,2,1,2,0,2,1,1,2,1,1,1,1,0,1,1,0,2,1,0,1,2,1,2,1,1,1,2,1,1,1,1,1,2,1,1,1,2,2,2,1,1,2,2,1,0,1,1,0,0,0,1,1,2,1,1,1,0,0,1,2,1,1,2,0,0,1,2,0,1,0,0,1,2,2,1,2,1,1,2,1,1,1,2,1,1,1,1,0,2,2,1,0,1,1,2,1,1,1,1,0,2,1,1,2,1,1,1,0,1,1,2,0,1,1,0,0,1,1,1,2,2,2,1,2,0,1,2,2,1,1,1,1,1,0,1,0,0,1,1,1,2,0,1,1,2,2,2,1,1,0,1,1,0,1,1,1,2,0,1,2,1,2,2,0,1,0,1,2,2,1,0,2,1,0,1,2,0,1,1,0,2,0,0,0,1,1,1,0,2,1,1,0,1,2,1,0,0,1,1,0,0,2,0,1,2,0,2,1,0,1,1,1,2,1,1,0,1,1,0,0,0,1,1,0,1,2,1,2,0,0,1,2,0,1,1,0,0,0,1,1,1,0,2,0,0,2,1,1,0,1,2,2,0,1,1,0,0,1,1,0,1,0,1,2,2,0,2,1,0,0,2,2,1,2,1,1,0,1,0,1,2,1,1,2,0,1,2,1,1,1,0,1,2,0,0,0,1,0,1,1,2,0,1,0,1,0,0,1,1,2,1,2,2,2,0,0,0,2,2,2,1,1,2,2,0,1
"IND0021",1,1,2,1,0,1,1,1,0,2,1,1,1,2,1,1,0,1,1,2,0,0,2,1,0,0,1,0,0,2,1,1,0,1,1,0,1,0,1,1,0,2,0,0,1,1,0,0,2,1,1,1,1,1,1,1,0,2,1,1,2,0,2,1,2,1,0,1,1,2,1,0,1,0,1,1,2,0,0,1,2,1,1,2,1,1,1,0,1,2,2,1,1,1,1,1,1,1,0,2,0,0,1,1,0,1,0,0,2,0,1,1,2,0,1,1,2,0,1,1,1,1,1,1,1,2,1,1,1,1,2,1,1,0,2,1,1,0,2,1,1,0,1,1,1,1,0,2,1,0,1,0,0,0,0,2,1,1,0,1,1,1,2,1,1,0,2,1,1,1,2,2,2,1,1,1,1,1,2,0,1,0,2,2,2,2,2,0,0,1,2,0,0,1,2,0,1,1,1,1,0,1,1,2,2,1,1,2,2,0,1,0,0,0,0,0,1,1,1,0,1,0,2,1,1,1,2,0,1,1,1,0,1,1,1,0,1,0,0,0,1,1,1,1,1,0,1,1,0,1,2,0,0,2,1,0,0,1,1,2,1,1,0,0,2,0,0,1,0,1,1,2,0,0,1,2,1,1,1,0,1,0,0,1,2,0,2,1,0,1,1,1,0,2,0,2,0,1,1,0,1,2,1,0,1,0,1,1,1,2,1,2,2,2,0,1,0,1,2,2,1,1,1,1,1,1,1,1,0,1,0,0,1,1,1,2,1,1,1,1,1,0,0,2,2,0,2,0,1,2,0,1,0,1,1,2,2,2,0,0,2,2,1,1,1,1,1,1,0,2,2,2,2,1,1,2,0,2,2,1,0,1,2,1,0,1,0,1,0,0,0,1,2,1,2,1,0,2,1,1,2,1,1,1,2,1,1,1,0,2,1,0,2,2,1,1,1,1,1,1,0,1,0,1,1,2,1,1,1,0,1,0,1,2,2,0,2,2,2,2,1,2,0,1,1,0,2,1,1,2,1,1,1,0,0,0,0,1,0,2,1,0,2,1,1,1,0,1,2,2,1,1,1,2,1,0,1,1,0,0,1,2,1,2,1,1,1,1,1,1,1,1,1,1,2,2,0,1,2,1
"IND0022",1,0,2,1,2,2,2,1,2,0,2,2,0,2,0,0,1,2,1,1,1,0,2,2,1,1,1,1,0,1,2,2,1,1,0,2,1,2,2,1,2,2,0,1,1,0,0,1,0,1,0,1,2,2,0,2,0,0,1,2,1,1,0,0,1,1,1,1,2,2,1,1,0,1,2,1,1,2,2,1,1,1,1,1,2,1,2,2,1,1,1,1,1,1,2,2,1,2,1,2,0,0,1,1,2,0,2,1,2,2,1,2,1,1,1,1,1,1,2,2,0,1,1,0,1,1,2,0,2,1,1,1,0,1,1,1,0,0,1,0,1,2,1,1,2,1,2,0,2,0,2,2,1,1,2,2,1,2,0,1,2,0,1,0,0,2,1,0,0,0,1,0,1,1,2,1,1,1,0,2,2,1,1,1,0,0,1,2,1,2,2,2,1,1,1,1,1,0,2,1,0,1,2,1,1,1,2,1,0,1,2,1,0,1,2,0,2,0,2,1,1,2,2,1,1,0,1,0,2,1,1,0,1,0,1,1,1,1,1,0,1,0,1,0,1,1,0,0,1,1,1,0,2,2,2,1,1,1,2,2,1,1,1,2,0,1,2,1,1,1,1,1,1,2,2,1,1,0,1,1,0,2,1,2,1,0,2,1,0,2,2,0,0,1,0,1,1,2,0,2,1,0,1,1,1,0,2,2,0,2,2,0,1,0,1,0,1,0,0,0,0,1,1,1,1,1,1,1,1,2,1,1,1,2,1,0,2,0,2,1,0,1,1,1,1,1,1,1,1,1,0,1,2,0,1,0,1,1,1,2,1,1,1,1,0,1,1,1,1,1,2,2,1,1,1,1,1,1,0,1,1,1,2,1,1,1,0,2,0,1,1,2,2,2,1,2,1,1,1,0,1,1,2,1,1,0,1,0,1,0,1,1,1,1,1,1,2,0,1,1,1,1,0,2,2,0,0,2,0,2,1,1,0,0,0,1,2,2,0,2,1,0,1,0,0,0,1,1,0,2,0,1,1,2,1,1,0,1,2,2,2,0,0,1,1,1,2,1,2,1,0,1,2,0,1,1,2,1,2,1,0,2,2,0,1,0,1,1,1,0,0,2,1,1,1,1,1,1,2,1
"IND0023",0,0,2,0,2,1,1,1,1,2,1,1,1,0,0,1,2,0,1,2,2,1,1,1,0,1,2,1,2,2,1,0,1,2,1,0,1,0,2,1,1,1,1,2,1,1,0,0,1,2,0,1,0,0,2,0,2,2,1,2,1,1,1,1,1,0,2,1,0,0,2,2,2,2,2,0,1,1,1,1,1,1,0,1,0,2,1,0,1,1,1,2,1,0,1,0,2,1,1,1,0,1,1,0,1,1,1,1,1,1,2,1,2,0,2,1,0,0,0,0,1,0,0,2,1,2,0,1,0,1,0,1,1,0,2,1,0,0,1,1,2,1,1,1,0,2,1,2,1,2,1,2,0,2,1,0,0,1,1,1,2,1,1,1,2,1,0,0,2,2,1,0,2,0,1,0,2,0,1,1,2,0,0,1,0,1,0,1,2,1,0,1,2,0,0,2,2,1,1,1,1,0,0,1,2,1,1,1,2,1,1,1,1,1,1,2,1,2,1,2,1,2,2,2,1,1,1,0,0,0,0,1,2,1,1,1,0,2,2,1,0,2,2,1,0,2,1,0,1,2,0,2,1,0,0,1,1,1,1,1,1,1,1,2,1,2,0,0,1,2,1,2,0,1,1,1,1,0,1,0,1,0,1,1,1,1,1,2,1,1,1,1,1,1,1,0,0,1,1,1,1,1,2,1,0,0,1,0,1,1,1,2,2,0,2,2,2,2,0,2,1,0,0,2,1,0,1,2,1,0,2,0,1,0,1,1,2,0,1,2,0,0,1,0,2,0,0,1,2,0,1,0,1,1,2,1,2,1,2,0,2,0,1,0,1,1,2,1,1,1,0,1,1,1,1,0,0,2,1,2,0,2,0,1,2,2,1,0,0,1,2,1,2,1,0,1,1,0,1,1,1,2,1,2,2,1,1,1,0,2,1,1,1,1,2,2,1,1,1,2,0,1,1,1,0,1,2,2,1,2,1,1,0,1,2,1,2,2,2,0,1,0,1,2,0,1,1,2,1,0,2,2,2,2,1,2,1,1,1,0,0,1,0,2,0,1,1,1,1,1,2,1,2,1,1,2,1,1,0,0,2,2,2,2,0,0,1,1,1,1,0,1,1,0,0,1,1,2,1,1
"IND0024",0,0,2,2,1,2,0,1,1,2,1,1,0,1,1,1,0,2,1,0,1,1,2,0,1,2,1,1,1,1,1,1,0,2,1,0,2,1,1,1,1,0,0,1,1,1,0,1,2,1,1,2,0,2,0,2,2,0,1,1,2,0,2,1,0,1,1,2,0,1,2,1,2,2,0,1,1,0,1,1,1,1,1,2,2,0,1,1,2,1,2,1,1,1,0,1,2,1,2,1,0,1,0,0,2,1,2,1,1,0,1,1,1,2,1,1,0,1,1,1,1,1,1,0,1,1,2,2,0,1,1,2,1,0,0,0,1,0,1,0,0,2,2,1,2,1,0,1,1,1,0,0,1,1,1,1,1,1,0,1,1,1,1,1,1,1,1,1,0,1,1,0,1,1,1,2,1,2,0,0,1,1,1,2,1,1,1,1,0,1,1,1,0,0,1,0,2,1,1,1,2,2,2,2,0,1,1,1,2,1,2,1,2,0,2,1,0,1,2,1,0,1,1,1,0,0,2,1,0,2,0,0,0,0,0,1,1,0,1,1,1,2,2,1,1,2,0,2,1,2,2,1,1,1,1,1,2,0,0,0,1,1,1,0,1,2,2,1,2,0,1,1,1,0,0,1,1,1,0,0,0,2,1,1,2,0,0,2,1,1,1,2,1,1,1,1,0,0,1,1,0,1,1,2,0,2,1,1,1,2,1,1,2,0,0,1,2,1,1,0,1,1,1,0,1,2,2,2,1,0,1,0,1,2,0,1,2,2,1,1,1,1,1,1,0,1,1,2,2,1,1,2,1,2,1,1,2,0,1,1,1,2,2,1,1,0,0,0,0,2,0,0,1,1,0,0,0,1,1,2,0,0,2,1,1,1,1,2,1,1,0,1,0,0,2,0,1,0,1,1,0,2,1,2,0,1,1,1,2,1,2,1,1,2,1,1,0,2,1,1,1,0,1,0,2,0,1,0,1,0,0,1,0,1,1,0,1,1,1,2,1,1,1,0,0,1,2,1,1,2,1,1,1,1,1,2,1,1,0,1,0,1,1,0,1,0,1,2,1,2,2,1,0,1,1,1,0,1,1,2,1,2,1,0,1,0,1,2,1,2,1,2,1,2,0,1,1,1,1,1
"IND0025",2,0,1,1,2,0,1,0,1,2,0,1,0,1,2,1,2,0,2,1,0,0,1,2,1,1,0,2,1,1,0,0,1,0,1,1,1,1,0,0,2,0,1,1,1,1,1,1,2,2,1,0,2,1,1,2,1,1,1,2,1,0,2,2,2,1,1,1,1,2,1,1,1,1,1,1,1,0,0,1,1,1,1,0,1,2,2,1,1,2,1,1,0,2,2,1,1,2,1,1,2,1,2,0,1,1,0,1,1,1,1,1,1,2,1,1,1,2,1,1,1,0,1,1,2,1,1,2,1,0,0,2,1,1,2,1,1,0,0,1,2,2,1,0,1,2,1,2,2,0,0,1,1,0,1,1,2,0,0,0,2,1,0,1,1,2,1,1,2,1,0,0,0,1,2,1,1,0,1,1,1,0,1,0,2,0,2,1,1,2,1,1,0,1,2,1,2,2,2,2,0,2,1,2,0,2,1,1,0,2,1,1,0,1,0,1,2,1,1,1,1,0,1,1,2,0,2,1,0,1,1,1,0,1,1,1,0,0,1,0,1,0,2,1,0,1,1,0,1,2,2,0,1,1,0,0,2,2,0,1,1,2,2,0,1,2,0,1,2,0,1,2,1,1,2,0,2,1,0,2,1,0,1,0,2,0,1,1,1,0,1,0,0,0,0,1,0,0,1,0,0,1,0,2,1,1,1,1,1,2,1,1,1,1,1,2,1,1,1,1,1,0,0,1,0,1,2,1,0,0,1,2,2,1,1,1,2,2,0,1,1,1,2,1,2,0,1,1,1,1,2,1,0,2,0,2,2,0,1,2,2,1,1,2,0,1,0,1,2,2,2,1,0,2,1,1,2,1,1,1,1,1,0,0,2,0,1,0,2,1,0,2,0,2,0,0,1,1,0,1,0,0,1,0,2,0,0,1,1,2,1,1,1,1,1,0,1,1,1,1,1,0,2,0,1,0,0,2,2,1,1,1,1,1,0,0,1,1,0,0,1,2,1,2,0,1,0,2,0,2,1,0,1,1,0,2,2,1,1,1,0,1,2,2,0,0,1,1,1,1,1,1,2,1,0,1,1,0,2,1,1,0,2,0,2,0,2,2,1,2,2,2,1,1,2,1,0,1,2,1
"IND0026",0,1,0,1,2,1,1,1,0,1,1,1,1,2,0,0,1,1,1,1,0,2,1,1,0,1,1,2,1,0,1,0,2,1,0,0,1,0,1,1,0,0,1,0,1,2,0,1,1,2,0,0,1,1,0,0,1,1,0,1,2,2,1,0,2,2,0,2,1,1,1,2,0,1,0,2,1,1,2,0,1,1,1,0,1,1,2,1,1,1,0,2,1,1,0,1,0,1,1,2,0,1,2,0,1,1,1,0,1,0,1,2,0,2,1,0,0,1,1,1,0,1,1,1,1,0,1,1,0,1,0,0,2,0,1,2,2,0,0,1,0,1,2,1,2,1,0,1,1,1,1,1,1,0,0,1,0,0,2,0,2,1,1,1,1,1,1,0,1,2,2,1,1,2,0,0,1,1,1,2,2,1,1,1,1,1,2,1,0,1,1,1,1,1,2,1,1,1,2,2,0,1,1,0,2,1,2,1,0,0,1,1,2,2,1,1,0,0,2,1,0,1,2,1,0,2,1,2,0,1,2,1,1,1,2,1,0,1,1,1,1,1,1,0,0,0,1,1,0,1,1,0,1,0,1,2,0,1,1,1,1,0,1,1,1,1,0,1,2,2,1,0,1,1,1,1,0,1,1,2,1,1,1,1,1,1,2,1,1,1,0,1,2,0,1,1,0,1,1,1,0,1,2,1,1,0,1,1,1,2,0,1,0,2,1,1,2,1,0,1,2,1,0,1,1,1,0,2,0,0,1,1,1,0,1,1,0,1,2,2,1,1,1,0,1,1,1,2,1,1,2,2,1,0,0,2,0,1,1,0,1,0,0,0,1,1,1,2,1,2,2,0,1,1,1,1,1,1,0,1,0,1,1,0,2,1,1,1,1,1,1,0,2,0,1,2,0,1,2,1,1,1,0,1,1,0,0,1,1,2,1,1,1,2,1,2,1,0,0,2,1,1,1,1,0,0,1,1,2,1,2,2,0,0,1,0,1,0,2,1,0,0,0,0,1,1,1,1,2,1,1,2,2,2,2,0,2,0,0,0,2,1,1,1,2,2,2,0,1,1,1,1,1,0,1,1,2,1,2,1,2,0,1,1,1,0,0,1,0,1,2,0,1,1,1,1,0,1,0,1
"IND0027",1,2,2,2,1,0,1,1,2,2,0,1,1,0,2,1,1,2,2,0,1,1,1,1,0,0,0,0,1,2,0,2,0,1,2,0,2,2,1,0,1,1,1,1,0,2,2,1,1,1,1,0,2,1,1,0,1,1,1,1,0,1,2,1,1,1,1,2,1,1,1,1,0,1,2,0,0,1,0,2,1,0,1,1,1,1,1,1,0,0,1,1,1,1,1,0,1,1,1,1,2,1,1,1,0,1,1,0,0,0,2,1,1,2,1,2,0,1,0,1,2,1,2,0,1,2,0,0,0,0,1,1,1,1,1,1,1,0,0,2,0,1,0,1,1,2,1,2,1,1,0,2,0,2,2,0,1,1,2,1,1,1,0,1,0,0,1,1,1,1,0,1,2,1,0,0,0,2,1,1,2,2,1,0,2,1,2,1,2,1,0,2,1,1,1,1,1,0,1,0,1,1,2,1,1,1,0,1,1,1,2,2,2,1,1,1,0,1,0,1,1,1,0,1,0,2,1,1,1,1,0,0,1,0,1,1,1,0,2,1,0,1,0,0,1,1,1,2,2,0,2,1,1,1,0,1,2,1,1,1,1,1,1,0,1,1,0,0,1,1,2,1,1,2,2,0,1,0,0,1,2,2,1,2,1,1,1,0,1,0,2,1,2,1,1,2,0,1,0,0,1,0,1,0,0,0,0,1,0,0,2,1,1,1,1,1,2,1,1,2,1,1,1,2,1,2,1,1,2,1,1,1,0,0,1,2,1,1,1,0,2,1,2,1,1,1,0,1,1,2,1,1,2,1,1,1,2,1,0,2,2,1,2,1,1,1,1,1,1,1,0,1,1,2,2,1,2,0,2,1,1,2,1,2,2,0,1,1,0,1,1,1,1,1,1,1,2,1,0,1,0,2,1,2,0,1,1,1,1,2,0,2,1,1,0,0,1,1,2,2,1,1,2,2,0,2,1,1,0,1,1,1,2,1,1,1,1,0,1,0,1,2,1,1,2,1,1,0,0,0,2,1,0,0,2,2,1,2,1,1,0,0,0,0,0,2,1,0,2,0,1,1,1,1,2,2,2,1,1,0,1,1,1,0,2,1,1,1,2,0,2,0,2,0,2,0,0,2,1,1
"IND0028",1,2,0,2,0,1,1,2,0,0,0,2,1,0,2,2,1,2,1,1,0,2,1,2,1,0,2,1,1,1,1,0,1,1,1,1,2,2,1,1,1,2,0,2,1,0,1,1,1,1,1,1,0,1,2,1,0,2,0,2,1,1,2,1,0,1,1,2,1,2,1,1,1,0,1,0,1,2,2,1,1,1,0,1,2,1,1,1,2,0,1,1,1,1,0,1,2,1,1,0,0,1,1,1,1,0,1,2,1,1,2,0,1,1,0,1,0,2,1,2,1,0,1,0,1,0,0,2,2,2,2,0,1,2,1,2,0,1,0,1,2,0,1,2,1,0,0,1,1,1,0,0,0,1,0,1,1,1,1,1,1,0,0,1,1,2,1,0,0,1,0,1,0,1,2,0,1,0,1,1,1,1,1,2,1,1,2,0,1,0,1,2,1,1,1,0,1,2,1,1,0,2,1,1,2,2,0,2,1,0,0,2,0,1,2,1,1,1,0,1,0,2,1,1,1,0,0,1,2,0,2,2,1,2,1,1,1,1,2,1,1,1,2,0,2,2,2,1,1,2,1,1,0,0,0,0,2,1,1,2,0,1,1,1,1,1,2,2,0,1,1,1,1,2,1,1,1,0,2,1,1,2,2,1,2,0,2,1,1,1,2,2,1,0,1,2,1,1,0,0,1,2,1,1,1,1,2,0,1,0,1,1,1,2,0,1,0,0,1,2,1,0,0,2,1,2,2,1,1,0,0,1,1,0,0,2,1,0,0,1,1,1,1,2,2,0,2,1,1,1,1,1,1,0,1,1,1,2,1,1,1,1,0,2,0,1,2,1,1,2,2,1,0,2,1,1,1,2,1,0,1,1,1,0,1,1,2,2,1,2,1,2,2,1,1,1,1,2,1,0,2,1,1,1,1,1,2,0,2,0,2,1,0,1,2,1,0,1,0,1,1,1,0,1,1,1,1,1,1,2,0,0,1,1,1,0,0,0,1,1,1,1,1,1,1,2,1,0,1,1,0,1,0,1,1,1,0,0,1,0,0,0,1,1,1,1,0,2,2,1,0,2,0,1,1,1,1,1,1,0,1,2,1,1,0,0,0,1,0,0,2,1,2,1,2,2,0,2,2,1
"IND0029",2,2,2,1,0,0,1,1,1,1,1,1,1,2,1,1,2,1,1,0,1,0,1,1,1,0,2,1,1,2,1,2,2,1,1,1,2,1,0,0,2,1,1,1,1,1,0,0,1,1,0,0,1,1,2,1,2,1,1,1,2,1,0,1,1,1,1,1,1,1,1,1,2,2,1,0,1,2,1,1,1,2,1,2,0,0,0,0,2,1,1,2,2,0,0,0,1,2,1,1,1,1,2,2,2,1,2,1,1,1,1,1,1,0,1,1,2,1,2,1,2,1,0,2,1,0,1,1,2,1,1,2,1,1,1,1,1,2,2,0,1,1,0,0,0,0,1,0,0,1,1,1,1,1,1,0,1,2,1,1,0,1,1,2,0,1,1,1,2,0,2,1,2,1,2,0,1,1,1,2,2,1,1,0,0,1,2,1,1,0,1,1,1,1,1,2,1,0,2,1,0,1,1,0,2,1,1,2,1,1,1,1,1,1,1,1,1,1,0,2,1,1,1,0,1,1,2,2,2,2,2,1,1,1,2,0,0,0,0,0,0,1,0,0,1,0,2,2,1,1,1,1,1,0,1,0,1,1,0,1,1,0,1,2,1,1,1,2,2,1,1,1,0,1,2,1,2,0,1,0,1,2,1,1,2,1,0,2,0,1,2,0,0,2,0,0,0,1,2,1,1,2,0,2,1,0,1,0,0,2,1,2,0,1,1,1,1,1,0,1,2,1,1,1,2,1,0,1,1,0,1,0,1,0,0,1,1,1,1,1,0,1,1,1,2,2,2,1,1,1,2,0,1,0,2,1,0,0,2,2,1,0,1,0,2,1,0,1,0,1,2,1,1,1,1,1,0,0,1,1,1,1,2,2,2,0,0,2,0,1,2,1,1,0,1,1,0,1,2,0,2,1,1,1,0,0,0,2,0,2,1,1,1,0,2,1,2,0,0,1,2,2,2,1,0,0,2,1,1,2,1,1,1,1,1,0,2,1,1,0,2,1,1,1,1,2,1,1,0,1,1,0,1,1,1,1,0,1,1,0,1,1,0,2,1,1,2,2,1,1,0,1,1,0,0,1,1,2,1,1,0,0,2,0,0,0,1,2,1,1,2,1,1,0,0,1,1,1,1,0
"IND0030",0,1,2,1,0,2,2,1,2,1,2,1,0,1,1,2,1,2,0,2,0,1,1,2,1,0,0,1,0,1,2,0,2,1,1,1,0,0,1,2,1,1,2,1,1,1,0,1,2,0,1,1,1,1,0,0,1,0,1,1,1,1,0,1,1,1,0,1,1,0,2,1,2,0,2,2,0,1,1,1,0,1,0,0,0,1,2,1,2,1,2,1,1,2,0,1,1,2,0,0,1,1,1,1,0,0,2,1,1,0,1,1,1,2,1,0,0,0,1,1,1,1,2,1,2,1,1,1,2,2,0,0,2,2,1,1,0,2,1,1,2,1,2,1,1,2,1,1,2,1,0,2,1,1,1,1,0,1,1,1,0,1,1,1,1,1,1,1,1,1,2,1,0,1,1,0,1,1,2,1,0,2,1,1,1,2,1,2,1,1,1,1,1,2,1,0,2,2,1,1,2,1,2,0,1,1,1,0,1,1,0,1,0,2,0,2,0,1,1,1,1,1,1,0,2,0,1,2,1,1,0,0,2,0,2,0,1,0,0,1,0,1,1,2,2,2,2,1,1,2,2,0,0,1,2,0,2,0,1,1,0,1,2,1,1,1,2,2,1,0,1,2,1,2,1,1,0,2,1,0,2,2,1,1,0,0,2,0,2,1,2,2,0,1,1,1,1,0,2,1,0,1,0,1,0,1,1,1,1,2,2,0,2,1,1,1,0,1,0,2,2,0,1,2,1,1,1,1,1,2,1,1,1,1,0,2,0,0,1,1,1,1,1,1,1,1,1,2,1,1,2,0,1,1,1,1,0,2,0,1,1,1,1,1,0,1,1,0,1,1,1,1,0,1,2,1,2,1,1,2,1,1,1,0,0,1,1,1,1,1,1,2,2,2,2,2,0,1,1,1,1,0,1,1,2,1,1,1,2,0,1,0,1,1,2,1,2,1,2,2,0,1,1,2,2,2,1,1,1,2,2,1,1,1,0,1,1,1,1,2,1,0,0,1,1,2,1,2,1,2,0,1,1,1,2,1,1,2,0,0,0,1,1,0,1,0,0,1,1,0,2,0,1,1,0,1,1,2,1,0,0,1,0,2,1,2,2,1,1,1,1,0,2,1,1,1,2,1,1,0
"IND0031",2,2,0,0,0,1,2,2,2,2,2,1,2,1,0,1,2,0,1,2,1,2,0,1,2,1,1,0,0,2,1,1,2,0,1,2,2,2,0,1,1,1,1,0,2,0,2,1,1,1,1,2,2,0,1,2,0,0,2,0,1,2,1,0,1,1,1,0,2,1,0,0,0,1,0,2,1,1,0,2,1,0,1,1,1,1,1,2,1,1,1,1,1,1,2,1,1,0,2,1,1,0,2,0,1,0,1,0,1,1,0,0,0,1,1,2,0,1,0,1,2,2,0,0,1,1,1,2,0,2,0,0,2,1,0,2,0,0,2,1,1,0,1,1,2,2,1,1,0,2,0,2,1,1,0,1,1,1,1,2,1,0,0,0,0,1,1,2,1,2,1,0,1,2,1,1,1,2,0,1,2,1,2,0,1,1,1,1,0,0,1,1,1,1,2,1,1,2,1,1,1,1,1,1,1,2,2,2,1,1,2,1,2,1,2,1,0,1,0,0,2,0,0,1,1,2,1,1,1,1,1,2,2,1,2,1,1,1,1,2,1,1,0,1,1,0,0,1,1,1,2,1,0,0,1,0,1,0,2,1,1,1,2,2,1,0,1,0,1,1,0,2,0,1,1,1,1,1,2,1,0,1,0,1,1,1,1,1,0,1,2,1,1,2,2,2,1,0,1,1,0,2,1,2,1,1,1,0,1,1,2,2,1,1,1,0,2,0,0,1,2,1,0,2,2,2,1,1,1,0,1,0,2,1,2,1,1,2,1,1,1,0,1,0,0,1,1,2,2,1,2,2,1,1,1,0,2,2,1,2,1,1,2,0,2,0,0,1,1,1,0,1,1,1,1,0,1,1,2,2,1,2,2,1,1,2,1,0,0,0,1,0,1,2,0,1,1,0,2,1,1,2,1,1,1,1,1,0,2,1,1,2,1,2,2,1,0,1,1,0,0,1,1,2,0,2,0,2,2,2,0,1,1,1,0,0,2,1,0,1,2,1,2,1,1,0,0,2,0,1,1,1,2,2,2,2,1,0,1,0,0,1,2,2,2,1,1,1,1,0,2,1,1,1,1,1,1,1,0,1,1,2,1,1,0,0,2,2,0,1,1,2,1,1,1,1,0,2,2,2
"IND0032",0,2,1,2,0,1,2,0,1,0,1,1,0,2,1,0,2,0,0,0,0,1,1,0,0,0,2,0,1,0,2,0,0,2,1,0,1,2,1,1,2,2,1,1,1,0,2,0,0,2,2,0,0,0,0,1,0,2,1,1,1,2,2,0,1,2,1,0,1,1,2,1,1,0,1,0,2,1,1,1,1,1,2,1,1,1,1,1,1,0,2,2,0,1,1,2,1,1,1,1,0,0,0,2,1,1,2,1,1,2,0,1,1,1,2,2,0,1,1,2,1,0,1,1,1,2,1,1,1,2,2,2,0,1,2,1,0,1,0,0,1,1,1,0,0,2,1,1,1,2,2,2,1,1,2,1,1,1,1,1,2,2,1,0,1,1,2,1,2,0,1,0,1,1,1,2,1,1,1,1,2,1,1,1,0,0,0,1,1,2,1,1,0,1,0,1,1,2,2,2,1,1,1,0,1,1,1,0,1,2,1,0,2,1,1,1,0,1,1,0,0,1,2,0,1,1,1,2,2,1,0,1,2,1,1,2,2,1,1,0,0,2,0,0,1,2,1,1,1,1,0,2,1,1,0,2,2,2,2,2,0,1,2,2,0,1,2,2,2,1,1,1,0,0,1,2,1,2,1,0,2,2,2,2,2,1,1,2,0,2,0,1,1,1,1,1,1,0,1,1,1,1,2,2,0,0,0,1,2,1,2,1,1,2,0,1,0,0,2,1,1,0,0,1,1,1,2,2,1,0,1,1,2,0,2,1,0,2,0,2,2,1,2,0,2,1,1,1,0,2,2,1,1,1,0,1,0,2,0,1,0,1,0,1,2,0,2,0,1,1,2,1,1,1,1,0,2,1,1,0,2,2,1,2,2,1,1,1,0,2,1,0,2,1,1,0,1,1,2,0,0,0,1,1,1,2,1,0,1,2,0,1,1,2,2,0,1,1,0,0,0,0,1,0,2,1,2,1,1,0,1,1,1,2,1,0,1,1,0,0,2,1,0,2,2,1,2,1,1,2,1,1,2,1,1,1,1,1,1,1,2,0,2,1,1,1,0,1,0,0,1,0,1,2,1,2,1,2,1,2,2,0,2,1,1,1,1,1,0,0,2,1,1,1,1,0,1,2,1,2
"IND0033",1,2,0,0,0,1,0,0,2,2,1,1,2,0,0,1,2,2,1,1,1,0,2,2,1,1,1,2,0,0,0,0,2,1,1,1,1,0,1,2,1,1,1,1,0,2,2,1,1,0,0,1,1,0,1,2,2,2,2,1,0,0,1,1,1,1,0,2,0,1,1,0,1,0,0,2,0,0,1,1,2,1,0,2,1,0,1,2,1,1,1,1,1,0,2,1,1,1,1,2,1,2,0,0,1,0,2,0,2,1,0,2,2,0,1,1,1,1,1,0,2,0,1,0,1,0,1,1,0,1,0,0,2,1,2,2,1,2,0,2,2,1,1,1,2,1,1,0,2,0,2,1,0,1,1,1,1,1,1,0,1,0,1,1,1,1,1,1,1,2,2,1,1,1,2,1,2,1,1,2,0,1,2,1,1,1,1,0,1,1,0,0,1,0,1,1,2,1,1,1,1,0,0,2,2,1,2,0,1,0,1,1,1,2,1,0,0,1,1,2,0,1,2,1,0,1,1,1,2,2,2,0,0,2,2,0,1,2,0,1,1,0,2,2,0,1,0,1,0,2,1,1,1,1,0,2,0,1,2,1,1,2,1,1,1,2,1,2,1,1,0,1,1,1,0,1,1,1,1,1,0,1,1,2,1,1,2,2,0,1,1,1,1,2,1,2,1,0,1,1,0,1,1,0,2,1,1,2,2,1,0,0,2,0,2,2,2,0,0,0,1,1,2,1,2,1,2,1,2,0,1,0,1,1,2,0,0,2,1,1,0,0,0,1,1,2,2,1,1,1,2,1,0,0,2,1,0,0,0,1,2,2,1,2,1,1,1,1,1,2,1,2,2,1,0,1,1,0,0,0,1,2,0,2,1,0,1,0,0,2,1,1,0,1,2,2,0,0,1,0,1,0,1,1,0,1,1,2,0,1,1,1,0,1,1,0,0,0,0,1,1,1,2,1,0,2,0,1,2,1,2,2,1,1,1,0,1,2,2,2,1,0,2,0,1,1,2,1,2,0,0,0,0,2,2,0,2,1,0,1,1,1,2,2,1,1,1,2,0,0,1,2,2,1,1,0,0,1,0,1,2,1,1,1,1,2,2,1,0,1,2,1,1,0,1,0,0,0,2,1
"IND0034",1,1,2,1,1,0,1,2,2,2,1,0,2,2,1,1,2,1,1,2,1,1,2,0,1,2,1,2,0,1,0,0,2,2,0,1,2,0,2,1,1,1,1,2,2,0,1,2,2,1,2,2,0,0,1,2,0,1,1,1,1,0,2,0,1,1,2,1,2,2,1,1,1,1,1,2,1,1,0,2,1,1,2,1,2,0,1,1,2,0,2,0,1,1,1,0,2,1,0,0,2,2,0,2,0,0,0,1,0,1,1,2,1,2,1,0,1,1,0,0,0,1,1,1,0,1,2,1,0,2,1,1,2,0,0,1,2,0,0,1,1,1,1,1,1,1,2,1,0,2,0,1,0,1,1,1,1,1,1,1,1,2,2,0,2,1,1,1,0,2,0,2,1,1,1,1,1,0,0,0,0,2,0,1,0,0,2,1,2,0,0,2,2,1,1,2,1,1,2,0,1,0,0,1,1,2,0,0,1,2,1,1,0,2,1,0,0,0,2,1,0,0,2,1,1,1,2,2,1,0,2,1,2,0,2,2,0,0,1,1,0,1,1,2,0,1,2,0,2,1,1,2,0,0,1,2,1,1,2,0,1,2,2,1,0,1,1,1,0,1,1,2,1,1,1,0,1,1,1,1,1,2,0,0,1,0,1,0,1,1,1,2,1,1,2,1,1,0,2,0,2,1,1,1,1,0,2,1,2,1,1,1,1,1,2,2,2,1,1,1,1,1,0,2,0,1,1,1,1,2,2,2,2,1,1,0,0,2,2,0,1,2,2,1,2,2,2,1,1,1,1,0,2,0,0,0,1,0,2,1,2,0,1,1,1,0,0,1,1,2,2,2,1,1,2,2,2,0,1,2,2,2,1,0,1,1,0,1,2,1,1,1,2,2,1,2,2,1,1,0,0,1,2,0,1,0,0,2,0,1,2,2,0,1,2,1,1,1,1,1,2,1,1,1,1,1,2,1,2,0,1,2,1,1,1,0,1,1,1,1,2,1,0,1,0,1,0,2,1,1,1,1,2,1,1,1,2,1,0,2,1,1,2,1,1,0,0,1,1,2,2,2,2,2,0,1,2,2,2,0,0,0,0,1,2,2,0,1,1,1,1,2,2,0,2,0,1,2,1,2
"IND0035",1,2,0,1,2,1,2,2,2,2,0,0,2,2,2,2,1,1,0,1,0,2,1,2,1,2,2,1,1,1,1,2,1,2,2,0,1,2,0,0,1,0,0,0,0,1,0,0,0,0,1,1,0,1,2,0,1,2,1,2,1,1,1,2,0,1,1,2,1,2,2,1,1,1,2,1,2,1,0,1,0,0,1,0,1,0,1,2,0,1,2,2,2,1,0,1,0,2,2,2,1,1,0,1,2,0,1,1,1,1,2,1,0,1,0,0,0,1,1,0,1,1,0,2,1,1,1,0,0,0,1,0,0,2,2,2,1,0,1,0,1,1,1,1,0,1,1,1,0,1,2,1,0,2,1,0,2,0,1,0,1,0,1,1,1,0,1,1,1,1,1,1,2,1,2,1,1,1,1,0,1,1,1,1,1,1,2,2,1,2,1,1,1,0,1,2,0,2,0,0,1,2,0,1,1,1,2,1,1,2,1,2,1,1,2,0,2,1,1,1,0,1,1,1,2,1,0,0,2,2,1,1,1,0,0,0,2,1,2,2,1,0,0,1,0,0,0,1,0,1,2,0,0,2,1,1,1,1,1,2,1,1,1,0,1,1,0,1,2,2,0,1,2,0,1,1,1,0,1,1,2,1,2,1,1,1,1,0,2,2,1,1,1,1,2,0,1,1,2,1,1,1,1,2,0,1,1,0,1,2,2,2,0,2,1,1,2,2,1,2,2,1,1,2,2,2,0,1,0,1,1,1,1,0,1,1,0,0,1,2,2,0,2,1,1,0,2,1,2,2,2,1,0,2,0,2,2,2,2,2,2,0,1,0,2,0,1,1,2,1,1,0,2,1,2,0,2,1,1,1,2,2,0,2,0,0,2,1,1,0,1,2,1,1,1,2,1,1,2,2,1,2,2,2,1,2,2,1,1,2,2,1,1,1,1,1,1,0,0,1,2,2,2,1,1,1,2,1,2,1,1,2,1,2,1,0,1,1,1,2,1,1,1,0,0,2,1,0,0,1,0,1,1,2,0,2,2,2,1,2,1,1,0,2,2,2,1,2,0,0,2,0,1,1,1,2,0,1,0,2,1,1,0,1,1,0,1,2,1,1,1,1,2,0,0,2,1,1,1,2
"IND0036",1,1,2,2,2,1,1,2,0,1,0,1,1,1,1,0,1,2,2,1,2,1,2,2,1,1,2,1,1,0,1,1,0,1,0,1,1,0,2,1,1,0,1,1,1,1,1,1,0,1,1,0,1,0,1,1,1,2,0,1,0,0,1,1,1,0,1,1,0,0,2,2,1,1,1,0,0,1,1,2,1,1,0,2,1,0,2,2,1,1,1,2,1,0,0,0,0,2,1,0,1,0,2,0,1,1,2,0,2,0,1,1,0,1,1,1,1,1,1,0,1,2,1,0,2,1,1,0,2,1,1,2,0,0,0,0,1,2,0,2,0,0,0,2,0,0,1,1,1,1,0,1,0,0,1,1,1,1,1,2,1,2,2,1,1,1,2,0,2,2,1,2,2,0,1,1,1,1,0,2,1,0,1,2,1,1,1,2,0,1,1,2,0,0,2,0,2,0,1,1,0,1,1,1,1,1,0,2,2,1,0,2,0,2,0,0,1,2,0,2,1,0,1,0,1,1,1,1,0,2,2,0,1,1,1,2,2,1,1,2,2,2,2,1,1,0,0,1,1,1,0,1,1,2,1,1,1,0,1,0,1,0,1,1,1,1,1,1,1,0,0,0,2,1,0,1,1,0,1,1,1,1,2,1,1,0,1,1,1,1,1,2,0,1,1,1,1,0,1,0,0,1,1,2,2,2,2,1,2,1,1,1,1,1,0,2,0,1,2,1,1,0,1,1,2,1,1,2,2,2,2,0,1,0,2,0,1,0,1,1,1,2,1,1,2,1,0,0,1,1,2,0,0,1,0,2,2,1,2,2,0,0,1,2,1,1,2,2,1,2,1,1,0,1,1,2,1,1,1,1,2,2,0,0,0,1,0,2,1,1,1,2,2,1,2,1,1,1,1,0,0,1,0,1,1,2,2,1,1,0,1,1,1,1,1,1,2,0,2,0,2,2,0,1,1,1,0,1,1,2,0,1,0,1,1,1,2,0,1,1,1,1,1,0,0,2,1,1,2,0,2,2,1,1,0,2,1,1,1,2,2,0,2,0,0,0,2,1,1,0,1,1,1,1,1,1,1,2,1,2,0,1,0,1,1,0,1,1,1,1,0,2,2,0,1,1,1,1,2,1
"IND0037",0,2,1,1,2,1,1,0,1,0,1,0,0,2,1,1,1,1,2,2,0,1,2,2,0,0,0,1,2,2,0,2,0,2,1,1,1,1,2,0,0,0,0,1,1,1,1,0,2,2,2,1,1,0,1,0,2,0,0,2,0,1,1,2,1,1,0,1,0,2,1,1,1,0,1,1,1,2,1,1,2,1,0,1,1,1,0,1,2,1,0,1,1,1,2,1,1,1,1,1,2,0,2,0,1,2,0,2,1,1,1,1,1,1,2,1,1,1,0,2,1,1,2,1,2,1,2,1,1,0,2,2,1,1,0,0,1,1,0,0,2,1,1,1,1,2,2,2,2,0,1,2,1,0,0,1,2,1,1,1,0,0,1,2,2,1,1,1,2,1,2,1,1,0,1,1,0,1,1,1,1,2,0,1,2,0,1,0,1,2,0,0,2,0,2,1,1,1,1,1,1,2,2,1,1,1,0,1,1,2,1,1,0,1,0,1,1,0,1,1,1,1,2,1,1,2,1,2,0,0,0,1,2,1,0,0,1,1,1,1,0,1,1,2,0,0,0,1,2,2,1,1,0,2,2,2,1,1,0,1,2,2,1,1,0,2,2,1,1,1,2,1,0,1,1,1,1,1,1,2,0,2,2,0,2,1,0,1,2,0,1,2,0,2,1,0,2,2,1,1,0,0,1,1,1,1,2,1,1,1,1,1,1,2,1,2,1,2,0,0,1,0,1,2,1,0,2,1,2,1,1,1,1,2,0,1,0,1,2,0,1,1,2,1,1,1,1,0,2,0,0,1,0,0,1,0,2,1,1,2,0,1,1,1,0,1,0,1,0,1,1,1,2,1,1,1,0,2,0,1,1,2,1,1,2,1,0,1,1,2,2,0,2,2,0,1,0,1,1,0,1,1,0,2,2,2,1,1,0,1,0,0,2,1,0,1,1,1,0,2,1,0,1,1,0,2,0,1,0,1,0,2,1,1,1,1,0,1,2,2,1,1,0,2,1,1,2,1,0,1,1,1,2,1,1,1,0,1,0,1,1,0,0,1,2,1,1,2,2,1,1,1,1,2,1,0,2,2,0,2,1,1,1,2,1,0,1,1,0,0,2,0,2,1,1,0,0,2,1,1
"IND0038",2,1,0,1,1,2,1,1,0,1,1,1,2,2,0,1,1,1,0,0,1,2,1,1,2,0,1,1,0,0,1,0,0,1,1,2,0,2,0,1,0,1,1,1,1,0,2,0,2,2,2,1,2,2,2,2,1,1,2,2,2,2,0,1,1,1,0,2,1,1,2,1,1,1,1,1,2,2,1,0,0,1,1,0,2,2,1,1,1,1,1,0,1,0,1,0,1,2,1,0,1,1,0,1,0,0,0,1,0,1,0,0,2,0,1,1,1,1,1,0,2,1,2,2,0,0,2,1,1,2,1,0,1,1,1,1,2,1,1,2,2,1,0,1,2,0,1,1,1,0,0,1,2,1,2,1,1,1,1,1,0,2,2,1,2,1,1,1,0,1,0,1,1,0,0,1,1,2,1,1,1,1,0,1,2,2,0,1,1,2,2,1,1,2,1,1,0,1,1,1,0,2,0,2,1,1,1,1,2,0,2,0,2,2,2,1,0,2,0,0,0,0,2,0,2,2,2,1,1,1,2,1,1,2,1,1,0,1,2,1,2,2,2,1,0,1,0,1,0,1,1,0,2,2,1,1,2,2,1,1,1,1,1,2,0,1,0,2,1,1,1,0,0,0,0,1,1,1,2,1,1,0,2,0,1,2,2,1,2,0,1,2,1,1,2,1,0,0,1,0,1,2,1,1,0,1,0,0,1,1,1,1,2,2,1,2,1,1,1,1,0,1,1,1,1,2,1,2,2,0,1,1,1,1,1,2,2,2,2,2,2,1,2,1,1,2,2,2,2,2,1,2,1,1,1,2,1,2,0,1,1,0,1,1,2,1,1,1,1,1,2,1,0,1,1,1,1,2,1,1,1,0,1,1,0,1,2,2,1,1,1,2,1,1,1,1,1,0,0,1,1,1,0,2,2,0,0,2,1,2,1,2,1,1,2,2,0,1,1,1,0,1,1,1,2,1,1,1,0,0,0,1,2,1,1,1,0,2,0,1,2,1,0,1,2,1,1,0,2,1,1,2,1,0,2,1,1,1,1,0,1,1,0,0,0,1,2,2,1,2,1,1,0,0,1,1,2,1,2,0,0,1,0,0,0,2,0,1,1,2,0,0,2,2,1,1,1,1,2,0
"IND0039",2,2,0,1,2,2,2,2,1,1,0,0,1,1,1,0,1,2,1,1,1,1,1,1,1,0,1,2,2,2,2,1,0,2,1,2,0,0,0,1,1,1,0,2,2,1,0,0,2,1,0,2,2,1,1,0,0,1,2,1,1,2,2,2,1,1,1,0,1,0,1,1,1,1,1,1,1,2,2,1,1,2,1,0,2,2,1,0,0,0,1,1,0,0,2,2,1,1,0,1,1,1,1,1,1,1,1,2,1,2,0,0,1,1,1,2,1,2,2,1,1,1,1,1,1,2,0,1,1,2,1,0,2,1,1,0,2,1,1,1,2,0,1,2,1,1,2,1,1,1,1,2,2,1,1,2,0,1,1,1,1,1,0,1,1,1,1,1,1,0,0,2,1,1,1,1,1,1,0,0,1,1,1,2,1,2,1,1,0,2,2,2,1,2,1,1,1,2,0,1,2,0,0,0,1,1,2,1,1,0,1,1,1,0,1,2,1,2,1,0,2,2,1,0,1,0,2,2,1,0,2,1,2,1,1,1,1,2,0,1,1,0,1,1,0,2,1,1,2,0,1,2,0,1,1,0,0,2,0,2,1,0,2,0,1,1,1,1,1,1,0,2,0,1,2,2,0,0,1,2,2,1,1,0,1,2,2,0,2,0,0,1,1,1,0,1,2,2,1,1,1,1,1,1,1,2,0,1,1,2,1,0,1,1,1,1,1,1,1,0,1,0,0,2,1,2,2,0,1,2,0,1,1,1,1,1,1,2,2,0,2,0,0,1,1,1,1,0,1,0,0,2,1,2,0,2,1,1,0,2,2,1,0,2,1,2,1,1,1,1,0,1,2,1,1,0,1,2,0,0,0,2,1,1,2,0,2,0,2,1,2,1,2,1,2,1,0,2,1,1,1,1,1,2,0,1,1,1,0,1,1,2,0,1,0,2,1,1,2,0,1,1,1,1,1,1,1,0,2,1,0,1,1,0,1,0,2,1,1,1,1,1,0,2,1,1,1,1,0,1,0,1,1,0,0,0,1,0,1,0,0,1,0,1,0,1,1,2,1,1,1,0,0,1,1,1,1,0,1,1,2,1,1,1,1,2,1,1,2,0,2,2,1,1,2,1,2,1,2,1
"IND0040",1,1,1,2,1,1,1,0,2,1,1,2,1,1,0,0,1,1,0,1,2,2,1,2,1,2,1,1,0,0,1,1,1,1,1,1,1,1,1,1,0,2,0,2,1,0,0,2,2,0,1,2,2,1,1,2,1,1,1,2,2,0,2,1,1,0,1,2,1,1,1,0,1,1,1,1,0,1,2,2,0,1,2,0,0,0,1,1,0,1,2,1,0,0,0,1,2,1,0,0,1,1,1,1,0,0,0,1,1,2,1,2,1,2,1,1,0,2,2,1,1,1,1,1,0,1,0,1,1,1,1,0,2,1,2,0,1,1,1,0,2,1,1,1,1,0,1,0,0,0,1,1,2,0,0,0,1,1,2,1,1,1,1,0,1,1,1,1,1,0,1,0,1,1,2,0,1,2,0,1,0,1,1,0,1,1,0,2,1,2,0,1,0,1,1,0,1,1,1,1,2,2,1,1,0,2,0,1,1,1,0,0,1,0,0,2,0,0,0,1,0,1,0,2,2,0,0,0,1,0,1,1,1,1,0,1,0,1,0,1,1,1,1,1,2,2,2,1,2,0,1,0,1,1,0,1,1,1,1,0,1,0,1,0,2,2,0,1,1,1,0,1,1,1,1,0,0,2,1,1,2,1,1,1,0,1,1,1,0,0,1,1,1,1,2,1,2,0,0,0,1,1,2,1,1,1,1,2,1,1,1,2,2,1,0,2,1,0,1,1,1,1,1,0,1,1,0,0,1,1,2,1,2,1,1,1,2,1,2,2,2,1,0,1,1,0,0,0,0,1,2,1,0,0,2,1,1,1,1,0,0,1,2,0,2,1,1,0,1,1,1,1,1,1,1,0,1,1,1,0,1,1,2,1,1,1,1,2,1,0,1,2,1,1,0,1,1,1,1,1,2,2,1,1,0,0,1,1,1,2,1,1,1,1,0,1,0,1,1,1,0,1,2,0,2,1,2,1,1,2,1,1,1,1,2,2,1,2,2,1,2,1,0,0,2,1,2,1,2,1,2,1,0,1,0,1,0,1,1,1,2,0,1,0,2,2,2,0,2,1,1,1,2,2,0,2,2,2,2,1,1,2,0,0,2,0,1,1,0,1,2,0,1,0,1,1,1,1,2,1
"IND0041",2,0,1,2,0,1,1,1,0,1,0,1,1,1,1,1,1,1,1,2,0,2,0,1,2,0,1,2,2,1,2,1,1,2,1,1,0,2,2,1,1,1,1,1,1,0,1,1,0,0,0,0,2,1,1,1,0,1,2,0,1,1,0,1,1,2,1,2,0,1,2,2,1,0,2,1,1,1,0,2,2,0,1,1,1,0,1,1,2,1,2,2,1,0,2,1,1,1,0,2,0,1,0,2,1,0,1,1,2,0,1,1,1,1,2,1,2,1,2,2,1,1,2,2,0,1,1,1,1,2,1,0,1,1,1,1,1,1,1,0,2,1,1,1,2,2,2,0,0,1,0,2,1,0,1,0,0,1,0,0,2,1,1,0,1,1,1,1,2,1,1,2,1,1,2,1,1,0,2,1,2,2,0,1,1,1,1,1,1,2,2,2,0,2,0,1,0,0,1,1,1,1,1,1,1,0,1,2,2,1,2,2,0,1,0,2,1,1,1,1,1,0,1,0,2,1,0,1,1,1,2,0,2,1,1,1,2,0,0,1,2,1,1,0,1,1,2,2,2,0,1,1,2,0,0,2,1,1,1,2,1,2,2,1,1,2,1,1,0,1,1,2,1,1,2,1,0,1,0,1,1,2,0,1,1,1,1,2,2,2,1,1,1,0,2,1,2,2,1,1,2,2,2,1,1,2,1,2,2,1,1,2,1,1,2,1,2,1,1,1,1,1,0,2,1,0,2,0,1,1,1,1,1,2,2,1,1,0,1,2,2,2,0,0,1,0,1,0,0,0,1,1,1,1,1,1,1,0,1,0,0,2,2,0,2,1,1,1,1,1,0,2,1,1,1,1,2,2,0,1,1,0,1,2,1,1,0,0,1,2,1,2,2,1,0,1,0,1,1,1,0,1,2,0,1,1,1,1,1,2,1,1,2,2,1,1,1,1,1,1,1,1,1,0,0,1,0,1,2,1,0,2,0,1,0,0,0,2,1,1,1,2,2,1,0,0,1,1,1,2,0,1,0,0,1,1,1,1,0,0,1,0,1,1,0,0,1,1,2,2,2,1,1,1,0,0,1,2,1,1,1,1,1,1,1,0,0,0,1,1,1,1,1,2,2,0,2,0,1,0
"IND0042",1,2,0,2,1,0,1,1,1,2,1,1,0,0,2,0,2,0,2,1,2,0,1,1,1,0,1,1,1,1,2,1,2,2,1,0,2,2,2,1,1,2,0,0,1,1,2,0,2,2,0,1,1,0,0,2,1,0,1,2,0,0,2,2,0,1,0,2,1,1,2,0,2,0,0,0,2,1,1,1,0,0,2,1,0,0,0,0,1,0,0,1,0,0,0,1,1,0,1,2,1,1,2,0,1,1,1,2,1,0,2,1,0,1,1,0,0,0,1,1,2,2,0,0,2,0,0,1,0,1,2,1,2,0,0,1,0,2,1,1,1,1,1,1,2,1,0,2,1,2,1,1,1,1,1,0,2,0,1,1,1,2,2,1,0,1,0,1,2,2,0,2,2,2,1,1,1,1,1,1,1,1,1,2,2,0,1,1,2,0,2,1,2,1,1,2,2,0,1,2,1,1,0,1,1,1,1,0,1,0,1,1,2,1,1,0,1,1,1,0,2,0,1,1,1,1,0,0,0,1,2,1,1,2,0,0,1,1,2,2,1,2,1,1,1,1,1,0,1,1,2,0,1,1,1,1,1,2,0,0,2,1,1,0,0,1,0,1,1,0,1,0,2,1,1,2,2,2,2,0,1,0,1,1,0,2,1,1,2,1,2,2,1,2,2,1,1,1,1,1,0,0,0,0,1,1,2,2,1,2,2,2,0,1,1,0,1,1,2,1,1,1,1,0,0,1,0,1,1,1,2,1,1,0,1,0,1,1,1,1,2,1,1,1,1,1,2,1,1,1,0,1,2,1,1,0,1,1,1,2,2,2,1,0,1,2,1,2,1,1,0,2,2,0,1,1,0,0,0,0,1,0,1,1,1,0,2,1,0,1,1,2,1,0,1,1,0,0,2,1,0,1,2,0,1,2,1,1,2,1,2,1,2,0,1,1,0,2,1,2,0,1,0,0,2,1,2,1,0,1,1,2,0,1,1,1,1,0,2,0,0,0,1,2,2,0,0,1,1,0,1,2,1,0,1,1,1,1,1,1,1,1,1,1,2,1,0,0,1,1,2,2,2,0,0,1,2,1,2,1,1,0,2,1,0,1,1,1,1,2,1,0,1,0,1,1,1,1,0,1
"IND0043",1,1,1,2,2,1,1,1,2,1,1,2,1,0,1,0,2,0,2,1,1,2,1,2,1,2,0,0,1,1,0,1,1,1,0,1,1,2,1,1,0,2,2,2,1,1,1,1,2,1,0,1,1,1,1,1,0,1,1,2,1,1,0,1,0,1,1,2,2,2,0,1,2,1,1,0,1,0,1,1,1,1,2,1,0,1,1,1,1,2,2,2,2,0,2,0,1,2,1,0,1,1,1,1,0,0,1,1,2,1,1,1,2,1,2,0,1,1,2,0,0,0,1,0,1,1,2,1,1,2,1,1,0,2,1,1,0,1,2,1,1,1,0,0,1,2,1,1,1,2,0,1,2,0,1,0,0,0,1,1,2,1,2,1,1,1,1,1,0,0,1,1,1,1,0,0,1,1,0,0,1,0,1,1,1,1,1,2,0,1,1,2,0,2,1,1,1,1,1,1,1,2,1,2,1,1,2,0,1,1,1,1,2,0,1,0,0,1,1,0,1,1,2,1,0,1,1,1,1,2,1,1,2,0,1,0,2,1,1,2,1,1,0,2,0,2,0,0,1,1,1,0,0,2,2,2,1,1,1,0,1,0,2,1,1,2,1,1,1,2,0,2,0,1,0,2,2,1,1,2,1,1,0,2,1,1,2,0,1,1,0,2,0,1,2,1,0,0,2,1,2,1,0,1,1,0,1,2,0,1,0,1,1,1,2,1,1,0,1,0,2,1,1,0,0,2,0,1,0,2,2,0,2,1,2,1,0,2,1,1,1,0,1,1,0,1,1,1,1,0,0,1,0,1,1,1,1,2,1,0,0,1,1,2,0,1,1,2,1,2,0,1,0,1,0,2,0,1,1,2,1,0,1,0,0,2,0,2,1,0,2,0,1,1,1,2,1,2,2,0,1,0,1,2,1,0,2,1,2,0,0,1,1,0,2,0,1,0,2,2,1,1,2,1,1,1,0,1,0,0,1,1,2,1,0,2,0,1,1,1,2,1,0,1,1,2,1,1,1,0,1,2,1,1,1,1,1,2,1,1,1,2,1,0,1,1,1,0,1,1,2,2,1,1,0,1,1,1,0,2,1,2,2,1,2,1,1,1,1,0,0,2,1,1,0,2,0,2,0,1
"IND0044",0,1,1,0,1,1,0,0,1,2,1,1,1,2,2,1,0,1,1,1,1,2,1,2,2,2,2,0,1,0,2,1,1,2,2,1,1,2,2,2,1,1,2,1,1,1,0,1,2,1,1,0,1,1,1,0,0,2,1,1,0,2,2,2,1,1,2,1,0,2,1,1,1,0,0,1,2,0,0,2,1,1,0,2,2,1,1,0,0,0,0,1,1,1,1,1,2,0,2,1,0,2,1,1,1,0,0,1,1,1,1,0,1,2,0,0,1,2,1,0,1,2,2,2,1,1,1,1,1,1,1,1,2,1,1,1,1,1,1,1,0,1,1,0,0,2,1,1,1,1,0,0,0,1,1,0,1,1,0,0,0,0,0,1,0,0,1,0,1,1,2,2,1,1,1,1,1,2,1,0,0,0,1,2,1,0,1,2,1,2,2,1,0,0,0,0,2,1,1,1,2,1,1,0,1,1,1,0,2,0,2,1,2,1,1,1,0,2,0,2,1,2,2,0,2,1,1,1,1,1,1,1,1,2,1,1,0,2,0,2,1,2,1,1,1,1,0,2,0,1,1,2,1,1,0,1,1,2,2,1,1,2,1,1,2,0,1,2,0,2,1,2,1,0,2,2,0,2,1,1,2,1,1,2,1,1,1,1,0,2,1,1,1,2,1,2,0,1,1,2,0,0,0,1,1,1,2,0,2,0,1,2,2,1,1,1,2,0,1,0,0,0,1,1,1,2,2,1,2,2,0,1,0,2,0,0,0,2,1,1,0,2,0,1,2,1,1,0,1,1,1,1,1,2,1,1,1,0,2,0,1,1,0,1,1,1,1,1,1,0,2,0,2,1,2,2,0,0,1,0,0,1,0,1,0,1,1,2,2,0,0,0,1,1,2,2,0,2,0,2,2,0,0,0,0,1,1,0,0,2,2,0,2,1,1,2,1,1,2,1,1,1,1,1,0,0,1,0,1,1,1,0,1,1,1,2,1,0,1,1,2,2,1,2,1,1,0,1,2,1,1,1,0,1,1,1,0,1,0,1,1,1,2,1,2,1,1,0,2,2,2,1,2,1,1,0,2,2,1,0,0,1,2,0,1,2,2,1,2,2,2,2,1,1,1,2,1,1,2,2
"IND0045",0,0,1,1,0,1,1,1,1,2,2,0,1,1,1,2,2,1,0,2,1,1,1,1,2,0,1,0,2,1,1,1,1,2,0,1,2,0,0,1,0,1,0,0,0,1,2,2,1,1,1,0,2,1,0,1,1,2,0,0,0,1,1,0,1,1,0,0,1,0,0,1,1,2,1,0,2,2,1,1,1,0,0,0,1,0,0,0,1,1,1,2,2,1,1,1,0,1,1,2,1,1,2,1,1,1,2,1,0,1,0,1,0,0,1,0,0,0,2,0,0,2,1,2,0,1,0,1,1,2,0,1,1,1,0,0,2,0,1,1,2,2,1,2,0,0,1,1,1,1,1,1,1,0,1,1,1,1,2,1,2,1,2,1,1,1,0,0,2,1,1,1,0,1,1,1,1,1,2,0,2,0,1,1,0,0,2,0,0,2,0,1,2,2,2,2,2,0,1,1,0,0,2,1,0,0,1,2,1,1,0,0,0,1,1,0,1,1,2,0,0,0,1,2,2,1,0,1,1,1,2,2,1,0,2,1,1,1,1,1,0,1,1,1,1,1,1,2,2,0,0,0,1,0,1,2,1,1,2,1,1,0,0,2,0,1,1,2,0,2,2,0,1,0,0,2,0,1,2,1,1,0,1,1,1,0,2,2,1,1,0,1,1,1,0,1,0,0,1,2,2,1,1,2,1,1,1,1,2,1,1,0,2,1,1,1,2,2,1,1,1,2,1,1,1,0,0,1,1,2,1,1,1,0,1,2,2,0,1,0,0,1,2,2,1,0,2,1,1,1,2,0,1,1,1,1,1,0,1,1,1,0,1,1,1,1,1,0,1,1,0,1,2,1,0,2,0,0,1,0,2,0,0,2,1,2,1,1,1,0,2,1,0,2,0,1,1,1,0,0,1,2,0,2,2,0,1,2,2,1,1,2,2,0,2,1,1,0,1,2,1,2,1,1,0,1,1,1,1,0,2,0,2,2,1,1,1,1,2,0,0,1,2,2,1,1,1,1,0,1,1,1,1,2,1,0,0,1,1,0,2,2,1,0,1,1,2,1,1,2,0,1,1,0,0,0,1,0,0,1,0,0,1,1,1,1,2,1,1,1,1,1,1,2,2,0,1,2,1,1
"IND0046",2,1,0,1,1,0,2,1,1,1,0,2,0,2,1,1,1,2,1,0,1,1,0,1,0,1,1,0,1,1,1,1,0,0,1,1,0,2,2,1,0,0,0,1,1,1,0,1,0,2,1,2,1,1,1,0,1,2,0,1,0,2,1,1,0,1,2,1,2,1,1,1,2,1,1,0,1,1,2,0,2,1,2,2,2,0,0,1,2,2,1,1,2,2,1,1,1,1,1,0,1,0,1,1,2,1,1,0,1,0,1,1,2,1,0,2,1,1,2,0,2,1,1,1,1,2,1,0,1,0,0,1,1,0,0,1,1,1,0,0,0,1,0,1,1,1,0,0,1,2,0,1,1,1,1,1,0,0,0,1,1,0,1,0,1,0,0,1,0,2,1,1,2,1,2,1,1,1,0,2,0,1,2,1,1,1,1,1,2,1,1,1,2,2,1,0,0,1,1,2,1,0,0,0,1,2,2,2,2,0,0,0,1,1,1,1,2,2,0,0,0,1,0,2,1,2,2,1,0,2,0,0,0,0,2,2,0,1,0,1,2,1,1,0,1,1,1,2,0,0,1,2,0,2,1,1,1,1,1,1,2,1,1,2,0,1,1,1,0,2,0,2,1,1,1,0,2,1,0,1,1,1,1,0,2,0,2,1,0,1,2,1,1,1,1,1,1,1,2,0,1,2,1,1,1,1,0,0,0,0,1,2,2,0,1,2,1,2,1,1,0,1,0,2,0,0,1,2,1,0,1,0,0,2,0,0,1,1,1,2,1,1,2,2,2,0,1,1,1,1,0,0,1,1,0,2,1,1,1,2,1,1,1,2,2,0,2,1,0,1,0,0,2,2,1,0,2,0,1,1,0,2,1,1,1,0,2,1,1,1,1,1,2,1,1,2,2,1,0,1,2,2,2,1,2,2,1,1,0,1,2,1,1,1,0,1,1,1,1,1,1,2,1,0,1,2,1,1,1,2,1,1,1,1,1,1,1,1,1,1,0,1,1,0,0,1,2,1,2,2,0,1,2,0,2,1,1,0,1,0,2,1,0,1,0,2,1,1,1,1,1,0,1,1,0,1,1,0,0,0,2,2,1,0,1,2,2,2,1,0,0,1,2,2,2,1,0,1,1,2
"IND0047",2,1,0,1,2,2,1,2,1,2,2,1,1,1,1,0,2,1,1,2,0,2,1,2,2,1,0,1,1,1,0,1,1,2,1,1,1,2,1,1,0,1,1,0,2,1,1,0,1,0,0,2,1,2,1,2,0,0,1,2,1,0,1,2,1,1,2,2,0,1,1,1,2,2,1,1,1,2,1,0,1,1,1,1,0,1,0,0,2,1,2,1,1,1,1,0,1,1,2,1,1,2,0,0,1,0,1,0,2,2,1,0,1,0,0,1,2,1,2,1,1,0,2,0,1,0,2,0,0,1,1,2,1,1,1,1,2,2,1,2,0,2,1,1,1,2,1,0,1,1,1,1,1,1,1,1,0,2,2,0,2,0,2,1,1,0,0,2,1,1,1,1,0,2,1,1,1,1,1,1,2,1,0,1,1,0,1,1,0,0,0,1,2,1,2,1,1,0,1,1,1,2,0,0,1,1,2,2,2,1,1,1,0,0,0,1,1,1,2,1,1,1,1,1,1,1,1,1,2,1,1,1,1,1,2,1,1,1,2,2,2,0,1,2,1,2,0,2,1,1,0,1,0,2,0,2,1,1,1,2,1,1,0,0,1,0,1,2,1,0,1,0,2,1,2,0,1,2,0,2,1,0,2,1,2,0,1,2,1,0,1,0,0,2,2,1,1,1,1,1,2,1,1,1,0,0,1,1,1,1,0,2,2,1,1,0,0,0,2,1,1,0,1,1,1,1,0,1,2,2,1,1,1,0,1,0,1,2,2,1,1,2,2,1,1,1,1,1,2,1,0,2,1,1,1,0,2,1,2,2,2,1,1,1,1,2,1,0,1,0,0,1,0,0,1,1,2,2,2,1,1,1,1,0,2,1,2,1,2,0,0,1,1,1,2,2,1,2,1,1,0,1,1,1,1,1,1,1,2,1,0,1,1,1,2,1,0,1,1,2,1,0,0,1,1,1,2,0,2,1,0,1,1,2,1,0,0,1,1,1,0,1,1,2,1,2,0,2,1,0,1,2,1,0,1,0,1,1,0,1,1,1,1,2,2,2,2,0,0,0,1,1,0,2,0,1,1,0,0,2,1,0,1,2,1,1,1,1,0,1,1,1,2,0,2,1,1,2,0,1
"IND0048",1,2,1,1,1,1,1,1,2,2,2,0,0,1,0,1,1,1,1,1,0,2,2,1,0,1,2,1,2,2,1,2,0,0,1,2,1,2,1,1,1,1,2,1,1,1,0,2,0,0,1,1,1,1,2,2,1,1,0,2,1,0,0,1,2,1,0,1,0,0,0,0,0,2,2,1,2,1,1,1,1,1,0,0,0,0,1,0,2,2,0,1,2,1,0,2,2,1,2,1,1,1,0,2,0,1,1,2,1,2,0,1,1,1,2,2,1,2,2,0,0,0,0,1,2,2,0,0,2,1,0,1,1,2,1,1,0,1,1,1,2,1,1,2,0,1,1,2,1,1,0,1,1,2,1,1,0,1,0,1,1,1,1,1,1,1,1,1,0,1,1,0,0,1,0,0,1,1,1,1,1,2,2,1,0,2,0,1,1,2,1,0,1,0,1,0,1,1,2,0,0,0,2,1,2,0,2,1,1,2,1,1,1,1,1,1,2,1,2,1,1,1,2,1,0,1,1,2,2,2,1,1,0,2,1,1,1,1,2,1,2,1,2,1,1,2,1,1,0,1,1,2,1,1,1,1,1,1,2,0,0,1,0,1,1,0,1,0,2,2,1,1,0,1,0,0,0,1,1,1,1,0,0,0,1,0,2,0,0,0,1,1,2,0,2,2,2,1,2,1,1,2,2,0,1,0,0,0,1,0,1,2,0,2,0,2,0,1,2,1,1,2,0,2,1,0,2,0,1,0,0,0,1,2,1,1,1,1,0,1,2,2,1,2,2,1,1,1,2,2,1,2,1,2,1,0,2,1,2,1,0,0,2,0,1,0,0,1,2,2,1,2,1,1,1,2,0,2,1,0,0,2,2,0,0,1,0,1,2,1,1,1,0,1,0,2,1,1,1,1,2,1,0,0,1,0,0,2,2,1,1,2,1,0,1,1,1,1,1,1,1,2,0,2,0,2,2,2,1,0,0,2,2,1,1,2,1,0,1,2,2,2,2,0,2,2,1,1,2,2,0,0,0,2,1,1,0,1,1,1,0,2,2,1,0,0,1,1,2,2,1,1,2,0,1,0,2,1,2,1,2,2,0,1,1,0,1,1,1,2,2,1,1,0,0,2,1,1,1,1
"IND0049",1,2,2,1,0,2,1,1,2,0,2,0,1,1,1,1,1,1,1,1,0,1,0,1,1,1,0,0,2,1,0,2,1,0,1,2,0,1,2,0,2,1,1,1,1,1,1,0,1,0,1,0,1,1,1,0,1,0,0,1,2,2,0,1,2,0,2,1,2,1,0,2,1,2,2,1,2,0,1,0,1,2,1,0,2,2,2,1,1,1,0,0,1,1,1,2,0,0,2,0,1,0,1,2,0,2,0,2,1,2,2,0,1,2,1,0,1,1,1,0,1,1,1,0,1,0,1,1,1,1,2,0,1,0,2,2,1,1,1,1,2,1,2,1,1,1,0,2,0,0,1,2,1,2,1,1,2,1,2,1,1,0,0,1,1,1,1,0,0,1,1,1,2,1,1,1,0,1,2,1,0,1,2,1,2,2,2,1,1,1,1,1,2,1,2,0,1,0,2,1,2,2,2,2,0,2,1,1,1,1,2,1,0,1,1,1,1,0,1,1,1,1,0,0,2,0,2,2,1,1,1,2,1,2,0,2,0,1,1,1,1,0,1,1,2,1,1,2,1,0,1,1,1,1,0,2,0,2,2,1,2,1,1,0,0,1,2,0,2,2,1,1,2,0,2,0,2,0,0,1,1,1,1,0,2,1,1,0,0,2,1,1,0,1,1,2,0,2,1,1,0,1,2,1,0,1,1,2,1,2,2,2,1,0,1,2,2,2,1,2,0,1,1,2,1,1,1,1,2,2,0,1,0,0,1,1,2,1,1,1,1,0,0,1,0,1,1,2,1,1,2,1,1,0,0,1,1,2,2,2,0,2,2,1,1,2,2,1,1,0,1,0,1,1,1,1,2,2,1,0,0,1,2,1,1,0,1,0,1,0,2,1,1,1,1,2,1,0,2,2,0,0,1,2,1,0,1,0,0,1,1,1,1,1,1,1,1,0,2,2,1,1,2,2,2,1,1,1,2,0,1,2,0,1,1,1,1,2,0,0,1,1,2,0,1,0,0,2,1,1,1,1,2,1,0,1,1,0,1,2,1,2,2,2,1,0,0,0,2,2,0,1,2,2,1,1,2,2,1,1,1,2,2,1,1,0,1,2,1,1,0,2,0,2,0,0,0,1,1,1
"IND0050",0,0,0,2,2,0,2,1,1,2,0,2,2,2,2,1,1,0,1,0,1,1,1,1,1,0,1,0,0,0,1,0,1,0,1,0,2,1,0,1,0,1,2,2,2,1,1,1,2,0,2,1,1,2,1,1,2,1,2,0,1,1,2,2,1,0,1,0,0,1,2,1,0,2,2,1,2,0,0,0,2,2,1,1,0,0,2,2,1,0,1,0,1,2,0,1,1,0,2,0,1,1,1,2,1,2,1,1,2,1,1,1,0,1,0,0,1,1,0,1,2,0,0,1,1,1,1,1,1,1,1,1,1,1,1,0,1,1,2,2,0,1,1,0,1,2,0,2,2,1,2,1,1,1,1,1,0,0,0,0,1,1,1,0,1,2,1,1,1,1,1,0,1,2,0,1,1,1,2,2,1,0,1,0,0,1,2,1,1,0,2,0,1,1,1,0,2,2,0,0,0,1,1,0,1,2,0,1,0,2,1,1,0,2,1,1,1,0,0,1,1,1,2,1,1,0,1,2,1,2,2,0,2,1,1,2,1,2,0,1,2,2,0,0,1,2,0,0,0,1,1,1,2,0,1,0,0,0,0,1,1,1,1,1,0,1,0,1,1,0,2,0,1,0,1,2,2,0,0,0,2,0,1,0,2,1,1,1,1,1,0,1,1,1,1,1,2,1,0,2,1,1,1,1,1,1,1,0,1,2,2,2,2,1,0,2,1,1,0,0,0,1,0,0,1,1,0,1,1,0,1,2,1,1,0,2,2,0,0,1,0,1,0,0,0,2,1,2,2,1,2,1,0,2,0,1,1,2,1,1,2,1,0,1,2,1,1,2,1,2,0,1,1,2,2,1,1,1,0,1,2,0,1,1,1,1,1,1,0,0,1,0,0,0,1,1,1,1,1,2,2,1,1,0,1,0,1,0,0,1,2,0,0,0,1,1,0,1,1,2,0,1,2,2,1,0,0,1,0,1,0,1,1,0,1,1,2,2,0,1,1,0,2,1,1,1,2,0,1,1,0,1,1,1,0,1,1,1,1,1,1,2,1,1,1,1,1,1,0,2,1,2,0,1,1,0,1,1,2,1,1,1,1,1,1,0,1,1,2,2,1,0,1,0,1,0,1,0,0,2
"IND0051",1,2,1,1,2,2,1,2,0,1,2,2,0,2,2,2,2,0,0,1,2,1,2,0,1,1,1,1,0,0,1,1,2,1,1,1,1,0,0,2,2,1,0,1,0,1,0,2,2,2,1,0,1,2,2,1,2,0,2,1,2,1,0,2,0,0,1,1,0,1,0,1,0,0,1,1,1,0,2,0,1,2,1,1,1,1,0,1,2,1,0,2,0,1,1,0,1,2,1,1,1,1,2,1,1,0,0,1,1,2,0,1,2,1,1,0,1,1,1,2,1,1,0,1,0,1,1,1,0,1,1,1,0,1,0,1,1,1,2,0,0,2,1,1,1,2,1,2,1,1,0,1,0,2,1,1,1,1,1,1,0,1,1,1,0,0,2,0,2,1,1,0,1,1,1,2,0,0,0,2,1,1,1,2,1,2,1,1,2,1,1,2,2,1,2,2,1,1,2,0,1,1,1,1,0,0,1,1,1,0,2,2,2,1,1,1,0,2,2,1,1,1,2,1,2,1,1,2,2,1,2,0,0,1,1,0,1,0,1,2,1,2,0,1,0,1,1,1,0,2,0,1,0,1,1,1,0,1,0,1,1,0,1,1,1,1,2,1,1,2,2,1,1,1,0,1,1,2,1,1,1,2,1,1,2,1,1,1,0,0,1,2,1,1,2,0,1,0,2,1,2,0,1,0,2,1,2,1,1,1,1,0,2,1,2,2,0,2,1,1,2,1,2,2,1,0,2,1,2,2,1,0,1,2,2,0,2,1,2,1,2,2,1,1,2,1,1,0,1,2,1,2,2,2,1,1,0,2,1,2,0,1,1,2,2,1,1,1,1,1,0,0,1,0,1,1,1,1,1,1,1,0,0,2,1,1,1,0,2,0,1,1,2,2,1,1,2,2,0,2,2,1,2,1,2,1,2,2,1,1,2,2,1,1,1,1,1,2,2,1,0,0,0,2,1,2,2,1,1,1,0,1,2,2,1,2,0,2,1,2,1,2,0,1,0,1,1,0,0,1,1,2,0,1,2,1,1,1,1,1,1,0,0,1,0,2,1,0,0,2,1,0,1,0,0,2,1,0,1,1,1,1,1,2,1,2,0,1,0,1,0,1,1,1,2,1,1,0,1,2
"IND0052",2,2,2,1,0,1,2,0,2,1,0,1,1,1,1,1,0,1,2,1,1,1,1,1,2,1,1,0,2,1,1,1,2,1,0,0,2,1,0,1,2,1,1,1,1,2,0,1,1,2,0,0,2,2,1,1,2,2,1,1,1,1,1,0,0,1,0,2,1,1,0,2,2,1,2,0,1,1,2,0,1,1,1,1,0,1,2,1,1,1,1,0,1,1,1,1,2,0,2,1,0,1,2,0,1,1,0,1,2,1,1,1,1,1,2,0,1,1,1,0,2,0,2,1,1,2,0,0,1,2,1,2,1,2,1,1,1,0,0,2,1,1,1,2,1,0,2,1,1,0,0,2,0,1,1,0,1,0,2,2,1,1,2,1,1,1,2,1,2,1,2,1,0,2,1,1,0,1,2,1,1,0,0,1,0,2,0,2,0,0,0,0,0,1,1,2,0,2,1,1,2,2,1,1,1,1,0,1,2,1,2,2,0,1,1,2,1,2,0,2,1,1,0,1,2,0,2,1,2,2,2,1,1,2,1,2,0,1,1,2,0,2,2,1,1,2,0,0,2,2,0,1,0,1,1,2,2,0,0,1,0,0,1,0,0,2,0,2,2,1,2,2,1,1,1,1,1,1,2,1,1,1,2,1,2,1,1,1,2,2,2,0,0,2,2,1,1,2,1,1,2,0,1,1,2,0,2,2,0,2,1,0,0,1,1,2,0,1,0,2,0,2,1,0,0,2,2,1,2,0,1,1,2,1,2,1,2,1,2,1,0,2,1,2,1,1,1,2,0,1,0,1,1,0,1,1,0,1,1,1,1,2,0,1,0,1,1,1,1,1,0,0,1,2,1,0,2,2,0,2,0,1,1,1,0,2,0,1,0,1,2,1,1,1,1,1,2,1,1,0,2,1,2,1,2,1,1,1,1,2,1,1,0,1,1,0,1,2,1,1,0,2,1,1,2,2,1,2,2,0,1,0,1,1,0,0,1,1,1,0,1,1,1,1,1,2,0,2,1,1,2,1,0,0,2,1,0,1,1,1,1,2,1,0,1,2,0,1,0,2,0,0,1,0,1,1,0,2,1,1,0,1,1,1,1,0,0,2,1,0,0,0,1,2,1,1,1,0,2,0
"IND0053",0,0,1,2,1,2,0,1,0,2,1,1,2,0,1,1,2,1,2,1,1,2,1,1,2,0,1,2,0,2,2,1,1,0,2,1,1,1,1,2,2,2,1,0,1,1,1,0,1,1,2,1,1,1,2,0,1,2,0,1,0,0,1,0,1,2,0,1,0,2,0,0,1,1,0,1,1,2,1,0,0,0,2,1,2,0,1,0,0,1,2,2,0,1,0,2,1,2,1,1,1,0,2,2,1,1,0,2,1,1,1,2,1,0,1,1,2,2,2,1,2,1,0,2,0,2,1,1,0,1,2,1,0,2,2,0,0,1,1,1,1,1,1,1,1,2,1,1,0,2,2,0,1,1,1,1,0,0,1,2,0,1,1,2,2,1,1,2,1,0,1,1,1,0,0,0,1,2,0,1,1,1,1,2,2,1,1,2,0,1,1,1,2,1,1,2,1,2,1,0,0,2,0,1,1,0,1,0,2,1,0,1,1,1,1,1,0,1,0,0,2,2,0,2,1,1,1,0,0,0,0,0,2,1,1,1,1,2,2,2,2,0,1,0,0,1,0,2,0,1,1,2,1,1,0,2,1,1,1,1,0,1,1,1,1,1,1,1,1,1,1,1,1,1,0,1,0,1,0,1,1,0,1,1,0,1,1,0,2,1,2,2,1,0,0,0,0,0,1,2,1,1,0,2,0,1,1,0,1,1,0,0,0,1,0,1,1,2,2,2,1,1,0,1,0,0,1,1,1,1,1,1,0,1,1,1,2,1,1,0,0,0,0,0,2,1,2,1,1,1,1,2,1,0,0,2,1,1,0,2,0,1,1,1,1,1,1,2,0,2,1,0,1,1,1,0,0,0,1,1,1,0,1,1,0,0,1,1,2,1,1,2,1,2,1,2,2,1,1,0,1,2,0,0,1,1,1,0,0,1,1,1,1,1,1,2,1,2,1,1,0,1,2,1,0,1,1,1,0,1,2,0,1,1,1,0,1,0,1,1,1,0,0,1,1,0,0,0,1,1,1,0,2,1,1,1,1,1,0,0,1,1,0,2,2,2,1,1,1,1,1,1,1,0,2,1,0,2,2,2,0,1,0,0,2,1,0,0,2,2,0,1,1,1,2,1,0,1,1,1
"IND0054",0,2,0,1,0,1,1,1,1,1,1,1,1,2,2,1,1,1,2,1,1,0,1,0,1,1,1,1,1,0,1,1,1,1,0,1,1,0,1,2,1,1,0,1,1,1,0,1,2,2,0,2,1,1,1,1,0,1,2,1,1,0,0,0,1,0,0,2,0,2,0,1,0,1,0,1,1,0,0,1,1,2,2,1,2,2,1,1,1,1,2,1,2,2,1,2,1,0,1,0,1,0,0,2,1,2,1,2,2,1,1,2,0,2,1,1,1,0,1,0,1,2,2,1,2,0,1,1,2,0,1,1,1,1,1,0,1,0,2,0,1,0,1,0,2,1,1,1,2,2,1,0,0,1,2,1,1,1,1,0,1,0,1,0,0,1,2,2,1,0,2,1,1,1,1,1,0,1,2,0,2,2,2,0,1,0,0,0,1,1,1,1,0,1,1,1,0,0,2,1,0,1,2,0,1,0,1,0,1,0,1,1,0,1,1,2,2,0,1,1,2,1,0,1,0,1,2,2,0,2,1,0,0,2,1,2,2,2,0,1,0,2,2,1,1,1,1,2,1,1,0,2,0,1,1,1,1,0,1,2,2,2,1,1,0,1,2,1,0,1,0,2,1,1,0,1,0,2,0,1,2,0,0,1,2,0,0,2,1,2,1,0,0,1,0,1,1,0,0,1,0,1,2,1,2,1,1,1,1,1,0,1,2,1,1,2,2,0,2,2,1,2,2,2,1,1,0,1,1,1,0,2,1,2,0,1,1,0,0,0,1,2,2,1,0,2,2,0,2,0,0,0,1,1,1,2,2,0,0,0,2,0,1,0,0,2,2,1,1,2,1,1,1,1,0,1,2,2,2,2,0,1,2,1,2,0,1,1,2,0,1,1,1,1,1,0,0,2,1,0,1,1,0,1,1,1,1,1,2,1,0,1,1,0,0,2,1,2,0,0,1,1,0,1,1,0,1,1,2,0,0,0,1,1,2,0,1,2,1,1,1,2,0,2,1,2,0,1,1,1,2,1,2,2,1,1,1,1,1,2,1,0,2,1,2,2,1,0,2,0,1,0,2,1,2,1,0,1,1,2,2,0,0,2,2,0,1,2,1,1,0,1,1,1,1,1,2,1,1,0
"IND0055",1,1,1,1,0,0,1,1,1,0,1,1,1,2,1,1,2,0,1,1,1,2,2,0,1,2,2,1,0,0,1,0,0,1,2,2,1,1,1,1,0,0,1,0,1,1,1,0,0,2,1,1,1,2,2,0,0,1,1,1,1,1,0,1,0,2,1,1,0,2,1,2,1,2,2,2,1,1,0,1,2,1,0,1,1,1,2,0,1,1,1,0,1,2,2,2,1,1,1,0,1,2,0,0,0,1,1,0,0,0,0,0,2,1,1,1,1,0,2,1,1,1,2,2,2,2,0,1,0,1,1,1,1,1,1,1,1,0,1,2,1,2,0,1,2,1,2,1,1,0,1,2,2,0,1,1,1,2,2,1,2,1,0,1,0,1,0,2,1,1,0,1,0,2,0,1,1,0,0,0,1,0,2,2,2,2,2,0,1,1,1,2,1,0,0,0,2,1,1,0,0,0,1,1,1,2,1,1,1,2,1,1,2,0,1,0,1,1,1,1,2,1,1,0,1,2,1,1,1,2,1,2,0,1,1,2,2,1,2,1,2,0,1,2,2,2,2,0,2,0,1,1,2,1,0,1,1,1,0,1,1,2,0,1,1,0,0,1,1,1,2,0,1,2,1,1,1,2,1,1,1,1,1,1,0,0,0,0,1,2,2,0,1,1,2,2,2,1,2,1,1,2,0,2,1,1,2,0,0,1,1,1,0,1,0,0,2,1,2,2,2,0,1,2,1,1,0,2,1,2,1,0,2,2,2,1,1,1,1,1,2,0,1,2,1,0,1,1,1,2,0,2,1,1,0,1,1,2,2,0,0,1,0,2,0,1,2,1,1,1,2,1,0,2,1,1,2,0,2,2,0,1,1,1,2,1,1,1,1,0,0,1,1,2,1,1,1,1,0,1,2,0,0,2,0,2,2,2,1,1,0,0,1,1,2,1,1,1,0,1,1,2,1,2,2,1,1,0,0,1,1,2,0,2,1,2,1,1,2,1,1,0,0,2,1,1,2,2,1,2,0,1,0,1,2,2,0,2,1,2,1,0,1,2,2,2,1,1,2,0,2,1,0,1,0,1,1,1,1,0,0,1,1,1,0,1,1,1,1,2,2,2,2,1,1,0,1,1,2,1
"IND0056",1,2,0,0,0,1,1,2,1,2,2,2,1,2,1,1,2,1,1,1,0,1,1,0,1,2,1,0,1,1,0,1,0,2,0,1,0,1,1,0,0,1,0,1,2,1,0,0,1,1,2,1,0,2,1,0,0,2,1,0,0,2,1,1,0,1,1,2,0,1,1,0,1,1,2,1,0,1,1,1,1,2,1,1,2,1,1,0,0,2,1,1,1,1,1,1,1,0,1,0,1,0,0,1,2,1,1,1,0,1,1,2,2,0,1,0,1,0,1,2,2,1,1,1,0,0,1,1,0,0,0,1,1,1,1,2,2,0,1,1,0,2,2,1,1,1,2,0,1,1,2,1,2,2,1,2,0,0,2,1,0,2,1,2,2,0,2,2,0,1,1,1,1,1,2,0,2,0,1,0,2,1,0,1,2,0,0,1,1,2,1,1,1,1,2,1,1,1,1,1,0,0,2,2,0,2,2,2,1,2,1,1,2,1,0,2,1,2,1,2,1,0,1,1,1,1,1,0,1,1,2,1,2,1,2,2,2,1,1,1,0,2,1,1,1,2,0,1,2,1,1,1,0,1,1,2,1,1,1,0,1,1,0,2,1,1,2,1,1,2,2,1,1,0,1,1,1,1,1,1,2,2,0,1,0,1,1,1,1,0,1,0,0,0,1,1,1,2,1,1,1,2,1,1,1,0,1,1,1,1,0,1,1,1,1,0,0,0,1,0,1,1,1,1,0,0,0,2,1,0,1,1,1,2,1,0,2,0,2,1,1,0,0,0,1,0,2,1,1,2,0,1,1,2,0,1,1,2,2,1,1,2,1,1,0,2,0,2,1,0,1,1,1,2,1,1,2,2,1,2,1,2,1,1,0,1,2,2,0,1,0,1,1,2,0,2,2,0,0,1,1,2,0,0,1,1,1,0,1,1,0,2,1,2,2,0,0,1,1,0,1,1,2,1,1,2,1,0,1,1,1,1,1,1,2,1,2,0,1,1,0,2,1,0,1,1,2,2,2,1,2,2,1,1,1,2,0,1,1,1,2,0,1,0,1,0,2,1,2,2,2,2,1,2,0,1,1,2,2,1,1,1,1,1,0,0,1,1,2,2,1,2,1,1,0,0,1,1,2,0
"IND0057",1,1,0,1,0,1,1,1,2,1,1,1,0,1,1,1,1,0,2,1,1,0,0,0,0,1,1,1,1,1,2,2,2,0,1,2,2,1,2,1,0,2,0,2,0,1,1,2,0,0,0,0,0,1,1,1,0,1,2,1,0,2,2,1,0,1,2,1,1,1,2,1,0,2,2,1,1,1,2,1,2,2,1,2,0,1,2,2,1,0,1,2,0,1,2,1,1,1,2,1,0,1,0,2,1,0,2,2,2,2,0,0,0,1,1,2,1,0,1,2,1,2,0,1,0,0,0,2,1,2,1,2,2,0,0,1,1,1,2,2,0,1,1,0,2,2,2,1,1,1,0,2,2,1,0,1,0,1,1,0,1,2,0,2,1,1,1,0,2,1,1,1,2,1,2,0,1,1,2,0,1,2,1,1,1,1,2,1,2,1,1,1,1,2,1,0,0,2,0,1,1,1,1,1,1,1,1,1,0,1,2,1,1,2,1,0,1,2,0,0,2,1,1,1,1,1,0,0,2,1,0,1,0,1,2,0,0,1,1,0,1,0,2,0,2,0,1,0,2,1,1,0,0,2,0,1,1,0,1,1,1,2,2,1,1,0,1,0,2,0,1,0,2,1,1,0,0,1,1,1,2,0,1,2,2,0,1,1,0,0,1,1,2,1,2,1,1,0,2,1,1,1,1,1,1,1,2,0,1,1,1,2,0,2,0,1,2,0,2,1,0,1,1,1,0,0,1,0,1,0,1,1,0,2,2,1,1,1,1,1,2,0,1,2,1,1,1,0,1,1,1,1,1,1,1,0,2,2,2,2,1,0,2,0,0,1,1,2,0,1,1,0,1,1,1,2,1,0,1,1,1,1,0,1,1,1,1,1,0,0,1,2,1,1,1,2,2,1,1,1,1,1,2,2,1,0,1,1,1,1,1,1,1,0,2,0,0,1,1,1,1,0,1,1,0,1,2,2,2,2,1,1,2,0,2,1,1,1,1,1,1,2,1,1,2,0,1,1,2,0,0,1,0,2,1,1,0,1,1,1,2,2,1,1,0,0,2,1,1,1,0,1,0,0,0,1,1,0,2,1,0,1,0,1,1,2,1,1,2,1,2,2,0,0,0,2,0,1,0,1
"IND0058",0,1,0,1,1,1,0,1,1,1,0,2,0,1,1,1,0,1,1,2,1,1,1,1,0,2,2,1,1,1,0,1,1,1,2,1,1,2,1,2,1,1,1,2,2,0,2,1,1,1,0,1,1,1,2,1,0,1,1,2,1,2,0,1,1,1,0,1,1,2,0,2,1,2,1,1,0,0,0,1,0,2,1,1,1,1,1,0,1,2,2,1,2,0,0,0,1,0,1,2,2,1,2,0,0,0,1,1,1,1,1,0,1,2,1,0,1,1,0,0,0,0,2,1,1,1,0,1,2,2,0,1,1,1,2,1,1,0,1,1,1,1,1,0,1,2,1,2,0,0,1,2,2,2,1,1,0,0,1,1,1,0,1,2,0,1,1,2,0,1,0,1,1,1,2,1,1,2,1,0,2,0,1,0,0,1,1,1,1,0,1,2,1,1,1,1,2,2,1,1,0,0,2,2,2,2,2,1,0,2,1,0,1,1,2,0,2,2,1,2,0,0,2,1,2,0,0,1,0,1,1,2,0,1,1,1,1,0,1,1,2,1,1,0,2,1,1,2,2,1,1,1,2,1,1,2,0,0,1,0,1,1,1,0,2,2,1,2,0,1,1,1,1,2,1,1,1,0,2,1,1,2,1,0,0,2,0,0,1,1,1,0,0,2,1,0,1,1,1,1,1,1,1,0,0,2,0,2,0,1,1,0,0,1,0,0,1,1,0,0,1,0,1,0,2,2,2,0,1,1,1,2,0,0,1,0,1,1,0,1,1,0,0,1,1,1,2,1,0,0,1,1,1,0,2,2,0,1,1,1,2,1,2,1,2,0,1,1,0,0,0,0,0,0,1,2,1,0,2,1,0,2,0,0,0,0,1,1,2,0,2,2,1,0,0,1,1,0,1,1,2,2,1,1,2,2,1,1,2,0,0,0,1,0,2,1,2,2,1,2,1,0,0,2,2,1,1,1,1,1,1,1,0,1,1,1,0,2,1,1,2,0,0,2,0,0,2,2,1,0,0,1,0,2,1,0,0,1,2,2,1,1,2,1,1,1,1,1,2,1,0,0,2,1,1,1,0,2,2,2,2,1,2,1,1,1,1,0,0,0,0,1,1,0,1,2,1,1,1,2
"IND0059",2,0,2,1,0,2,1,1,2,2,1,1,1,1,1,2,2,0,1,0,1,0,2,0,2,1,0,0,2,1,1,1,0,1,2,1,1,1,2,2,0,1,1,2,0,0,1,2,0,1,0,1,1,0,0,1,1,1,2,2,2,0,2,1,0,1,2,0,1,1,2,2,1,2,1,0,1,0,0,0,0,1,0,0,2,1,2,0,1,1,0,2,0,2,0,1,2,2,2,1,0,0,1,1,1,0,1,1,1,1,1,2,0,2,0,0,1,1,1,1,0,1,1,0,1,1,0,2,1,1,1,1,1,1,1,1,1,1,0,2,0,2,1,0,1,1,2,2,0,1,1,1,1,0,1,0,2,2,1,2,0,1,1,1,0,2,1,1,0,0,2,1,1,1,0,0,0,1,1,1,2,0,1,1,0,2,1,0,1,0,2,1,1,1,0,1,2,2,1,1,2,1,1,1,2,1,2,1,2,0,1,1,1,1,1,0,1,2,0,2,1,1,1,1,2,1,1,1,1,0,0,1,1,0,0,2,1,2,1,2,1,2,1,0,1,2,0,1,2,0,1,2,1,1,2,1,1,1,1,1,1,1,1,0,1,2,1,2,1,2,2,1,1,2,1,2,1,1,1,1,0,0,2,1,1,0,0,1,0,1,1,1,0,2,1,1,1,1,1,0,1,1,1,1,1,0,2,1,2,2,0,0,0,1,0,1,0,0,1,1,2,1,2,1,1,1,2,1,1,1,1,2,1,1,1,0,1,2,0,0,1,2,1,2,2,0,1,2,1,1,1,1,2,1,1,1,1,0,2,2,1,2,0,1,2,1,2,2,1,1,1,2,1,0,1,1,2,0,0,1,0,0,0,2,0,1,2,1,0,1,1,1,2,2,2,2,1,2,1,1,1,0,1,0,1,0,1,2,0,2,2,1,1,2,0,1,2,1,0,0,2,1,2,2,1,1,1,0,0,1,0,2,2,0,1,0,1,1,0,2,2,0,0,2,0,1,1,1,1,0,0,1,0,1,1,1,0,2,0,0,1,1,1,2,0,1,1,1,1,1,0,2,1,1,1,2,1,0,0,1,1,0,1,1,2,2,1,2,0,1,2,1,1,2,0,2,1,1,1,1
"IND0060",0,1,0,1,1,0,0,0,2,0,1,2,1,1,0,2,1,1,2,1,2,2,1,1,1,2,1,1,1,1,0,1,0,0,2,1,2,0,0,0,1,0,0,1,2,1,1,0,1,0,2,2,1,1,1,0,1,0,1,2,1,0,1,1,2,1,1,0,2,0,1,1,1,0,0,2,0,1,1,1,2,0,1,1,0,1,0,1,0,1,2,1,0,2,1,1,2,2,1,2,2,0,1,1,0,1,0,1,1,2,1,2,0,0,1,1,2,2,1,1,1,0,1,1,1,0,1,1,1,2,1,0,2,0,1,1,2,0,0,2,0,0,1,1,0,1,2,1,0,1,0,2,2,1,1,1,1,0,0,1,0,0,1,1,1,0,0,1,1,0,1,2,1,1,1,1,2,1,0,1,1,0,1,1,0,1,1,0,1,1,1,1,1,1,1,1,2,1,0,2,2,0,2,1,1,0,0,0,2,0,0,0,0,1,2,0,1,1,1,2,0,1,2,1,0,1,2,1,1,1,1,1,2,0,1,2,0,0,1,0,1,1,0,1,2,1,1,0,0,2,2,1,0,0,2,1,2,2,2,0,1,2,1,0,1,2,2,0,2,2,1,0,0,1,1,2,2,1,0,0,1,0,2,2,1,2,1,2,2,0,2,0,1,2,1,0,1,2,1,2,1,1,0,1,0,0,1,0,1,0,0,1,0,1,2,1,1,0,2,1,1,1,1,2,2,1,2,0,1,1,1,1,2,1,0,1,1,2,0,2,1,1,1,2,0,2,1,1,2,1,0,0,0,1,2,1,2,2,0,0,1,0,1,0,2,1,2,1,1,1,1,1,1,1,0,1,0,1,1,2,0,0,1,2,1,0,1,0,1,1,2,1,0,2,1,2,1,0,2,1,1,2,1,1,2,2,0,0,1,1,2,1,0,0,2,1,1,2,1,1,0,1,0,1,1,0,0,2,1,1,1,0,1,1,2,0,1,1,0,0,0,0,1,2,1,1,1,2,2,0,2,2,2,1,1,0,2,1,1,0,1,0,1,1,1,1,1,1,1,1,1,0,1,2,0,1,1,0,1,1,1,1,0,0,1,1,0,1,0,1,0,1,0,1,2,0,2,0,2,0
"IND0061",1,1,0,2,1,0,1,1,1,1,1,2,1,0,2,2,2,0,2,0,0,0,1,2,0,0,2,0,0,0,1,1,0,0,2,0,0,1,0,0,0,1,2,1,0,1,2,1,1,0,1,1,1,0,1,1,0,0,2,1,2,2,0,1,0,1,2,1,2,2,0,0,0,1,2,0,0,1,1,1,0,1,1,1,1,1,2,2,1,1,1,2,0,1,0,2,1,1,2,1,1,1,2,1,2,0,1,1,1,2,1,1,0,1,0,1,1,1,1,0,1,1,2,1,1,0,2,1,1,0,1,2,1,1,1,2,0,1,0,0,1,2,1,2,2,2,1,1,0,1,0,1,2,0,0,2,0,2,0,2,1,0,1,0,2,0,0,2,0,2,0,2,1,0,1,1,2,1,0,1,2,1,1,1,2,2,2,1,1,0,0,0,2,2,1,2,2,1,0,0,0,1,1,2,1,1,2,2,2,1,2,1,0,1,2,2,1,0,1,0,1,1,1,1,2,2,2,1,1,1,0,1,1,2,1,1,0,1,2,1,1,2,1,2,0,0,2,0,1,1,1,1,1,1,1,1,0,1,2,1,2,1,1,0,1,2,0,0,1,1,2,0,0,0,1,2,1,0,1,1,1,1,1,1,1,1,0,0,1,1,1,1,2,0,2,1,2,1,1,2,2,2,1,0,0,2,2,1,0,2,0,1,2,2,1,2,2,1,1,0,1,1,0,1,1,1,2,0,1,0,1,0,1,0,1,0,1,0,0,1,2,1,1,2,0,1,2,2,1,1,1,1,1,0,1,1,2,1,1,1,1,0,2,1,1,1,1,1,2,2,1,0,1,2,1,1,1,1,1,1,0,0,1,1,1,1,1,1,1,0,2,1,0,1,1,2,0,1,2,1,1,0,1,1,1,1,1,0,0,2,1,2,1,2,0,0,0,1,1,1,1,2,1,0,1,1,2,0,0,1,2,1,0,2,2,1,0,1,0,0,0,1,0,2,0,0,1,2,2,2,2,2,1,1,1,0,2,1,1,0,0,1,1,2,2,1,0,1,2,0,2,1,1,0,1,1,0,0,0,2,2,0,0,1,2,0,0,1,0,1,1,1,0,1,0,1,1,0,2,1
"IND0062",1,0,0,1,2,1,0,1,1,0,0,1,0,1,0,1,0,1,2,1,2,1,0,1,0,1,2,1,1,1,2,2,0,1,1,1,2,0,1,2,1,0,1,0,1,1,0,2,1,1,0,2,0,2,2,2,1,2,2,0,1,0,2,0,1,0,0,1,0,2,2,2,2,2,0,2,1,1,1,0,2,2,2,0,0,0,1,1,0,2,1,1,0,2,2,1,0,0,2,2,1,0,0,1,1,1,2,1,1,1,0,2,1,2,1,0,1,2,1,1,1,0,1,2,1,0,2,1,2,2,1,1,0,1,1,1,1,2,1,1,2,0,1,2,1,2,1,1,0,2,1,0,1,1,2,2,1,1,1,1,1,0,0,0,1,2,1,0,0,1,1,2,0,2,2,1,1,0,1,1,0,2,2,0,2,0,1,0,1,0,1,2,0,0,2,0,1,2,1,0,2,1,2,2,1,2,1,2,2,0,2,1,2,0,1,1,1,1,2,1,1,2,1,1,0,1,1,1,0,1,2,1,2,1,2,1,1,2,0,1,1,0,0,0,1,2,2,1,2,1,1,1,2,1,1,2,1,0,1,1,1,1,1,0,2,2,1,0,1,1,1,1,1,1,0,0,0,0,0,0,2,0,2,1,2,0,2,2,0,2,0,1,1,2,2,1,1,2,0,0,1,1,0,1,2,1,0,1,0,1,1,1,1,1,2,1,1,1,1,1,2,1,0,1,1,1,1,2,0,0,2,2,2,2,0,0,1,2,0,1,2,1,2,0,2,1,1,1,0,1,1,1,2,1,1,0,1,1,1,1,1,0,2,0,0,1,1,2,1,0,1,0,2,1,1,2,1,1,2,0,0,2,1,1,2,1,2,1,2,1,1,0,1,2,1,2,1,1,0,0,1,2,1,0,0,1,1,1,0,1,1,2,1,2,2,0,2,0,0,1,1,2,2,0,2,1,0,1,1,1,0,0,2,1,1,1,0,0,1,0,1,2,2,1,1,1,1,2,0,2,1,1,1,1,1,2,2,1,0,2,1,0,2,2,2,2,1,1,1,0,2,0,1,1,0,1,1,1,1,2,0,1,1,2,1,2,0,2,2,2,0,0,1,2,1,0,1,2,1,2
"IND0063",2,0,0,0,0,2,1,0,0,0,0,1,1,2,1,1,1,2,1,0,2,2,1,0,1,1,0,2,2,1,0,1,1,2,2,1,2,0,2,2,0,2,1,0,2,1,0,0,1,1,1,1,0,1,1,0,2,0,1,1,1,0,1,0,2,1,1,0,2,1,0,1,1,1,1,1,1,1,1,1,1,0,1,0,0,1,1,2,0,2,2,0,2,1,0,0,1,2,0,1,1,0,0,2,1,2,1,1,1,0,0,1,0,0,0,1,1,2,1,0,1,2,1,2,1,0,0,1,1,1,1,2,1,1,1,1,1,0,0,0,1,2,1,1,0,0,0,2,0,1,2,1,1,1,0,2,0,1,1,1,2,2,1,1,1,2,0,0,1,1,1,0,1,2,2,1,0,1,2,0,0,2,1,0,2,2,1,2,1,2,1,1,1,1,1,1,1,1,1,0,1,0,0,1,0,1,0,0,0,2,0,1,2,0,0,0,1,1,1,1,2,1,2,2,0,1,0,1,1,1,1,1,1,2,1,1,1,0,1,0,2,0,1,2,1,1,1,2,2,1,1,2,0,2,1,1,2,1,2,2,0,2,1,1,0,0,0,0,1,1,0,1,1,0,1,1,1,0,2,1,0,2,0,0,2,1,0,1,1,0,1,0,2,1,1,0,0,1,1,0,2,2,1,2,0,1,0,1,1,0,1,2,1,1,1,1,2,0,2,1,1,2,0,1,2,2,1,2,0,0,1,1,1,2,0,2,1,1,1,1,2,1,0,1,1,2,1,0,0,2,0,1,1,0,0,1,1,0,1,1,0,1,1,2,0,2,0,1,2,2,1,1,1,2,1,1,1,1,0,2,2,1,2,1,1,1,2,0,0,2,1,1,0,1,2,1,2,1,1,2,2,2,1,0,2,2,2,2,1,1,1,0,1,0,1,0,1,0,1,1,1,0,2,0,2,1,1,1,2,1,1,2,1,0,2,2,1,1,1,0,1,1,2,2,1,1,2,1,1,2,1,1,1,1,0,2,1,0,1,2,2,1,1,0,1,1,1,1,1,0,1,1,2,0,1,1,1,0,1,1,0,2,1,1,2,1,0,1,1,0,1,0,0,2,1,1,1,1,2,1
"IND0064",1,2,2,0,1,0,0,1,2,1,2,1,0,1,2,1,2,1,0,1,0,1,0,1,2,0,0,0,0,2,2,1,1,0,1,0,1,2,1,1,1,0,1,1,2,2,2,2,1,2,1,1,0,1,0,1,2,1,1,2,2,2,0,1,1,1,0,1,1,0,1,0,1,2,2,1,1,1,1,1,0,1,0,0,1,0,1,1,1,2,2,0,1,2,1,2,0,0,1,2,2,0,1,1,0,0,0,0,1,1,1,2,1,1,1,2,2,0,1,2,1,0,0,1,1,1,1,1,2,1,1,1,1,0,1,1,2,0,0,1,2,2,1,2,0,0,1,1,2,2,2,0,0,1,2,0,0,1,1,2,0,0,1,1,1,0,1,1,0,1,1,1,2,1,1,2,2,0,1,2,0,1,2,2,2,2,1,1,0,1,1,2,1,1,1,0,2,1,1,0,2,1,1,1,1,2,1,2,1,1,1,2,1,2,0,1,0,1,2,1,1,1,1,2,2,0,1,1,1,2,2,0,1,1,1,0,1,1,2,0,1,2,1,2,1,2,2,0,2,1,1,1,2,1,0,2,2,0,1,1,2,0,1,0,2,1,2,1,1,2,1,1,1,2,0,0,0,1,1,1,1,2,1,1,0,1,1,2,1,2,1,1,1,0,2,0,2,0,1,0,1,1,0,2,2,2,0,0,2,1,1,1,2,2,2,2,0,2,1,0,1,1,1,1,2,1,2,1,0,1,2,1,2,0,1,1,2,0,1,1,2,1,0,1,1,0,1,2,0,1,1,0,1,1,2,1,0,2,1,1,1,2,0,2,2,1,1,1,2,0,1,0,1,1,1,0,1,2,2,0,2,1,1,1,1,1,1,1,0,1,1,0,2,0,1,0,0,1,1,1,1,2,1,2,0,0,0,2,2,2,2,1,1,0,0,0,2,1,1,0,1,1,1,1,2,1,1,0,0,0,1,1,1,1,1,1,2,1,0,0,1,1,2,1,2,1,2,1,2,1,0,1,1,1,1,0,0,2,1,2,0,1,2,0,1,1,1,1,0,2,2,1,2,2,1,0,1,0,0,1,1,0,1,1,1,1,1,2,2,1,0,2,1,0,1,2,1,2,1,0
"IND0065",2,1,0,1,2,2,2,1,0,2,0,1,1,0,0,1,0,1,0,1,0,1,1,1,1,1,1,2,2,0,1,2,1,0,1,1,2,1,2,2,2,1,2,0,1,1,1,1,1,0,0,1,2,1,1,2,0,0,2,1,1,1,0,1,2,1,1,1,1,0,2,1,0,0,0,2,0,2,2,1,2,1,1,2,1,1,1,1,2,2,1,0,1,1,1,2,1,1,0,2,2,1,1,2,1,1,1,1,0,1,1,1,2,1,1,1,1,1,2,0,1,1,2,0,0,1,1,2,2,1,2,1,2,0,1,0,1,1,1,0,0,1,0,0,1,2,1,1,1,0,0,1,1,1,1,0,0,1,2,1,2,1,1,1,1,0,2,1,1,0,1,0,1,1,1,0,1,2,0,2,1,1,1,1,1,1,2,1,1,1,1,1,1,1,1,2,0,1,1,2,2,2,1,0,2,2,2,1,2,0,2,0,0,1,1,1,0,1,1,2,1,1,1,0,2,1,2,0,1,2,1,1,1,1,2,2,1,0,1,1,2,1,0,1,1,1,0,1,1,2,0,2,1,1,1,1,0,2,0,2,0,1,0,1,2,2,1,1,1,1,0,1,0,2,1,2,1,2,0,1,1,1,1,1,1,2,1,1,2,2,1,2,1,2,1,0,0,2,2,2,1,1,1,1,1,1,1,1,1,1,2,0,2,1,1,2,2,0,2,2,1,0,2,2,1,2,1,0,2,1,2,2,1,2,1,1,0,0,2,2,0,1,0,1,1,1,2,1,1,1,1,1,2,1,2,0,1,2,1,1,1,1,0,1,2,1,2,1,1,2,0,0,1,0,0,0,0,2,0,1,1,1,1,1,0,2,1,1,0,2,2,1,1,1,0,0,1,1,1,1,0,2,1,2,1,2,0,2,2,2,1,1,1,1,2,1,0,0,2,0,2,1,1,1,1,0,0,1,2,1,1,1,1,1,2,2,1,1,2,1,1,2,2,2,2,0,1,2,1,0,2,1,0,1,1,1,1,2,1,1,0,0,0,2,2,2,2,1,1,0,2,2,2,2,1,0,2,1,0,2,0,1,2,2,1,0,0,1,1,2,0,1,1,1,1,1,2,2,0,0
"IND0066",1,0,1,2,1,2,1,1,2,1,2,1,1,2,2,1,1,1,1,1,0,0,1,2,1,1,2,1,0,0,1,1,1,0,0,1,2,1,2,1,1,1,2,0,0,1,1,1,1,1,2,1,1,2,2,1,0,1,1,2,0,0,1,1,1,1,2,1,2,2,1,0,2,2,0,1,1,1,2,1,0,1,0,1,2,2,1,2,1,2,1,1,1,1,0,1,2,1,2,0,1,2,0,1,1,2,1,1,2,2,1,0,0,0,1,0,2,0,1,0,1,1,1,2,0,0,1,2,1,1,1,2,0,1,1,0,0,0,1,2,1,1,1,1,2,1,2,2,1,1,0,1,1,2,1,2,1,2,0,1,1,1,1,2,0,1,1,0,0,2,2,2,2,0,2,2,2,1,1,0,2,1,1,1,0,0,0,2,0,2,1,2,1,0,1,1,2,1,0,1,2,1,1,0,1,1,1,0,1,1,2,1,2,2,2,2,1,1,0,1,0,0,0,1,0,0,2,0,2,0,1,0,2,1,0,1,1,1,1,2,1,1,0,2,1,1,0,1,0,1,1,0,2,1,1,0,1,1,1,1,1,2,1,1,1,2,1,2,2,0,2,0,1,1,1,1,2,2,2,1,1,1,1,1,2,1,2,2,1,1,1,0,1,1,0,1,2,1,1,1,0,1,1,1,1,2,0,0,2,1,1,1,1,2,1,1,1,0,1,0,1,0,1,0,1,0,0,1,1,2,0,0,1,2,1,1,0,0,1,1,1,1,1,0,1,2,2,0,0,2,2,1,0,1,0,0,1,1,0,0,2,1,1,0,1,1,2,0,1,2,2,2,1,0,0,1,0,1,0,1,1,2,1,0,2,2,1,0,1,2,1,0,1,1,2,0,0,2,2,1,0,0,1,1,0,1,2,2,1,1,1,1,1,0,1,1,1,2,2,0,2,2,1,1,1,2,0,0,1,0,1,0,1,0,1,1,1,0,1,1,1,0,1,2,0,0,1,2,1,1,0,0,2,0,0,0,1,2,0,0,0,2,1,1,2,0,1,1,1,0,2,1,0,1,1,2,1,0,2,2,2,0,0,0,2,0,1,1,0,2,1,0,1,2,1,1,2,0,1,1
"IND0067",1,2,0,1,1,1,1,0,1,1,2,1,0,0,1,0,1,1,1,0,1,0,0,0,0,0,2,1,1,0,0,1,0,1,1,2,0,1,1,2,1,1,1,1,1,1,1,2,1,1,0,2,2,0,2,0,1,1,0,2,0,2,1,1,1,0,0,1,1,2,1,0,2,0,0,1,1,0,2,1,1,1,1,1,2,0,0,1,1,2,1,1,1,2,2,1,1,2,1,1,0,2,1,0,1,0,1,1,2,2,2,1,1,0,1,0,1,0,0,2,2,1,0,1,0,1,1,1,1,2,1,1,1,2,2,0,2,0,1,1,2,0,1,0,0,2,1,0,0,0,2,1,0,0,1,2,1,0,1,1,1,2,1,1,1,0,0,1,2,0,1,2,2,0,0,1,2,2,1,2,0,0,1,2,0,1,1,1,2,2,1,1,1,2,1,2,1,1,1,0,1,1,2,0,0,1,1,1,1,1,2,1,1,0,1,1,1,0,0,2,2,2,2,1,1,1,0,1,0,2,1,0,1,0,2,1,0,1,0,2,1,2,1,1,1,2,2,0,2,1,2,2,1,1,0,1,1,1,2,2,0,0,2,1,0,1,1,2,0,1,0,0,0,2,0,0,0,2,1,1,0,1,2,1,1,0,0,1,0,1,1,0,1,1,0,0,1,1,1,1,0,1,2,0,2,2,1,2,1,0,1,2,1,2,1,1,0,1,2,2,0,0,0,0,1,1,2,0,2,1,1,2,2,0,0,1,2,1,1,1,1,0,1,1,1,0,1,0,0,0,1,1,1,1,1,1,1,1,1,0,1,1,0,2,0,1,2,0,1,0,0,0,1,1,1,2,2,2,0,1,2,2,0,2,2,2,0,2,0,0,1,2,2,1,2,0,1,2,0,1,2,1,1,2,1,1,1,1,1,0,0,2,1,1,1,0,1,1,1,0,0,1,1,2,1,2,2,1,2,2,1,2,2,1,0,2,0,2,2,1,1,2,0,1,1,2,1,2,1,0,1,0,1,0,1,2,1,0,1,0,1,1,0,1,2,1,2,1,1,2,0,2,0,1,2,0,1,1,1,2,1,2,1,1,0,1,1,2,0,0,0,1,0,1,1,0,1,1,1,2
"IND0068",0,0,1,1,0,0,1,0,2,1,2,1,2,0,1,1,1,2,1,2,1,0,1,1,0,1,0,2,0,2,1,1,1,1,0,0,1,0,1,1,1,1,1,0,2,2,0,2,1,1,2,1,1,1,1,0,1,0,1,0,0,2,0,1,0,1,1,2,1,1,1,0,1,0,1,1,1,0,1,0,1,1,1,1,1,0,2,1,1,2,1,0,1,2,1,2,2,0,0,1,2,0,0,2,2,1,1,1,1,1,1,1,1,1,1,1,2,0,1,1,0,1,2,1,1,1,0,2,1,1,0,0,0,2,1,2,1,1,1,2,2,1,0,1,2,0,1,1,1,0,1,2,2,1,1,0,0,2,0,1,1,2,2,1,0,1,1,1,1,2,0,0,0,2,1,0,1,0,2,1,1,0,1,1,1,1,1,2,0,2,1,0,1,1,2,2,2,1,1,0,1,0,1,0,2,2,2,1,1,1,2,2,0,2,1,1,0,1,1,2,1,1,2,0,0,1,1,2,1,2,2,1,0,2,1,1,0,2,0,1,0,1,1,1,0,1,2,2,2,1,1,0,0,1,2,2,1,0,1,1,1,2,0,0,2,1,2,2,1,1,1,1,0,0,2,2,2,0,0,2,2,0,1,1,1,2,1,2,1,1,0,2,2,0,1,1,2,0,1,1,0,0,0,0,1,0,1,1,0,2,0,1,0,0,2,1,1,2,1,0,2,1,1,1,1,1,0,2,0,0,1,0,1,1,2,0,1,2,2,0,0,1,2,2,1,1,2,2,2,1,0,1,2,1,2,1,2,1,1,1,1,0,2,1,1,0,0,1,1,0,1,0,2,1,2,1,1,1,2,0,1,1,0,1,1,0,0,0,1,1,0,2,1,0,0,0,1,1,2,2,1,2,2,2,0,2,1,2,0,2,1,0,1,1,0,2,2,1,1,1,1,0,1,2,1,2,1,1,1,0,1,2,2,2,1,2,0,1,1,0,0,0,1,1,2,0,0,1,1,1,0,1,2,2,2,0,0,1,1,1,1,1,1,1,0,0,1,0,1,1,2,1,0,2,2,1,1,0,0,2,1,2,1,1,0,0,0,2,1,1,1,2,1,0,0,1,1,1,1,1
"IND0069",1,1,1,0,2,2,0,1,2,2,1,1,2,2,2,1,1,1,0,0,1,1,2,1,1,2,1,0,1,1,2,1,0,0,1,1,0,1,1,1,0,0,1,0,2,2,0,0,1,1,0,1,1,1,0,1,1,1,2,2,0,1,1,0,1,0,1,1,1,0,0,1,1,2,2,2,1,0,1,0,1,1,1,2,1,0,2,1,1,1,1,0,0,1,1,1,1,2,0,1,1,1,1,0,1,1,0,1,2,0,0,0,1,1,1,1,0,1,1,0,2,1,1,1,1,0,2,2,0,1,0,0,2,1,0,2,1,1,1,1,1,1,2,1,1,2,1,1,0,1,1,1,0,1,0,2,0,1,1,0,1,2,0,1,0,0,1,2,1,2,0,2,2,2,2,1,0,1,1,2,2,1,0,1,1,0,1,2,1,0,0,1,1,1,0,0,2,1,1,0,1,1,1,1,1,1,1,0,1,1,2,0,1,1,1,1,1,1,0,1,1,0,1,1,2,1,1,1,0,0,0,1,0,2,1,1,1,2,1,1,0,2,1,0,0,1,1,1,0,0,1,0,2,2,0,1,1,2,1,1,1,1,1,0,0,1,2,1,1,1,1,1,2,1,1,2,1,1,2,1,1,0,1,1,1,1,1,0,2,1,1,0,1,0,1,1,0,0,0,0,2,1,1,1,1,1,2,1,0,0,1,1,1,1,2,0,1,0,1,2,0,0,2,1,1,1,2,2,0,1,1,1,2,0,1,2,1,1,1,1,0,1,0,1,1,0,1,2,0,1,1,2,1,1,2,0,0,1,1,1,2,1,1,0,1,1,2,1,1,1,2,1,0,1,0,2,0,0,1,1,1,1,0,2,0,2,1,0,1,0,1,1,0,2,2,2,0,2,0,1,2,2,2,2,1,1,0,0,0,2,1,0,1,1,1,1,1,1,1,0,1,2,1,0,1,0,1,1,2,2,1,1,1,0,1,1,0,1,1,2,1,2,0,2,0,2,1,0,1,1,1,1,0,2,0,1,1,1,2,1,1,1,1,0,1,0,1,1,2,1,1,1,1,1,1,1,1,2,1,0,0,1,1,0,2,2,0,1,2,2,1,0,1,0,2,1,1,1,2,1
"IND0070",1,1,0,1,2,2,0,1,0,2,2,1,0,0,1,1,1,1,1,0,1,0,2,1,1,0,2,2,1,2,1,0,2,1,1,2,2,2,1,1,2,0,0,0,2,0,1,1,2,0,2,1,2,1,2,1,1,2,1,2,0,1,0,1,1,1,1,2,0,1,0,0,2,2,0,1,1,0,1,1,2,0,0,1,1,1,0,0,0,0,1,0,1,1,1,1,1,1,0,1,1,1,0,2,1,1,1,1,1,2,1,0,2,1,2,1,2,0,0,1,1,1,1,2,2,1,0,2,1,1,1,1,0,2,1,2,2,0,1,2,1,0,0,1,1,1,1,1,1,1,1,2,0,1,0,1,1,1,0,2,2,0,1,1,1,2,1,2,1,0,0,1,0,1,1,1,2,1,2,1,1,1,0,2,1,2,0,1,0,2,2,1,2,1,1,2,1,1,1,1,1,0,1,1,1,0,1,1,2,1,2,0,1,1,2,2,2,2,2,1,0,1,2,0,1,0,1,2,1,1,0,1,1,1,1,0,2,1,1,1,1,0,1,0,1,1,0,1,1,2,2,2,2,0,1,1,1,2,1,1,1,0,2,1,1,2,1,1,1,0,1,2,2,1,2,1,1,1,1,1,1,2,1,2,1,0,1,1,1,2,0,2,2,1,2,2,1,1,2,1,0,0,2,1,1,2,1,1,1,1,0,1,1,1,1,2,0,2,2,1,0,1,0,1,1,1,0,0,1,2,1,1,2,0,1,1,0,0,1,1,0,1,1,0,0,2,1,0,2,2,2,1,0,0,0,1,1,1,0,1,0,0,1,2,1,1,2,2,0,0,2,1,2,0,1,2,1,2,0,2,1,1,1,1,0,1,1,2,0,1,2,1,2,2,0,2,1,1,2,2,0,0,0,2,0,0,1,0,0,2,1,1,2,1,2,0,1,1,1,1,1,2,1,1,2,0,0,1,0,1,1,0,1,1,2,2,1,2,2,0,1,1,2,0,1,1,1,2,2,1,1,1,1,1,1,1,1,1,1,0,1,2,1,2,1,1,1,1,1,1,0,2,1,1,1,0,1,0,1,1,2,0,0,1,1,2,2,1,0,1,1,2,1,0,1,0,2,2,1,1
"IND0071",1,0,1,1,0,2,0,0,1,1,0,0,0,1,0,0,0,0,0,1,1,2,0,1,1,2,2,0,0,1,1,1,2,2,0,0,0,0,1,0,2,0,2,0,2,1,2,1,0,0,1,1,1,0,1,0,2,0,0,2,0,1,1,0,0,0,2,1,1,0,1,0,0,1,1,1,1,0,1,1,1,0,0,0,2,1,0,1,2,1,0,2,0,0,1,1,1,1,2,1,1,0,1,2,1,1,2,1,1,1,2,1,1,2,1,0,1,0,2,1,2,1,1,2,2,1,0,1,0,2,2,2,1,2,1,0,2,2,2,0,1,0,1,0,1,2,1,1,1,1,1,1,1,1,2,2,0,0,1,1,1,1,1,0,2,2,1,2,1,0,0,1,2,0,1,2,1,0,1,1,0,1,2,2,1,0,0,1,2,1,0,1,1,2,1,2,0,0,1,0,0,1,1,0,1,0,1,2,1,2,2,1,1,2,0,0,1,0,1,2,1,2,0,1,1,0,1,1,2,0,0,2,0,0,0,1,0,1,1,2,2,1,1,0,1,1,1,1,1,1,1,1,2,1,0,2,2,1,2,1,1,1,0,2,1,0,0,1,1,2,1,0,1,0,1,1,2,0,1,2,2,1,1,1,2,2,2,2,2,1,1,1,0,1,0,1,1,0,2,2,0,0,0,1,1,2,1,2,0,2,0,0,1,1,1,1,1,0,2,1,0,2,0,1,2,1,0,1,1,0,1,1,1,1,0,2,0,1,1,2,2,2,1,1,0,1,0,0,1,0,1,1,1,1,0,0,1,0,1,0,1,1,2,1,2,2,1,0,0,1,0,2,2,2,2,2,1,2,2,1,1,0,0,1,1,0,0,0,2,0,1,1,2,2,1,1,2,0,2,2,0,0,0,1,2,1,1,1,2,1,2,2,0,1,2,1,0,0,1,1,1,2,1,1,1,1,0,2,1,0,0,1,2,1,1,1,1,2,2,2,2,2,1,2,1,2,1,2,1,1,1,1,2,1,1,0,1,1,1,0,2,1,1,1,0,0,0,1,1,0,1,1,1,2,1,1,0,2,0,1,1,1,0,1,1,0,2,2,2,1,1,1,1,1,0,0,2,2,1,1
"IND0072",1,2,1,1,2,1,0,1,2,0,1,0,1,0,1,2,2,1,1,2,1,1,0,0,1,1,2,2,2,1,0,2,1,1,2,0,1,0,0,0,2,1,1,0,0,2,2,1,1,0,1,2,2,1,0,1,1,2,1,1,2,1,0,1,2,0,2,1,1,1,1,1,1,1,2,0,1,0,1,0,2,1,0,0,2,1,1,1,0,1,1,1,2,1,1,1,1,1,0,0,1,2,1,1,1,0,1,1,0,1,2,1,1,2,0,1,1,0,1,2,2,1,0,1,1,2,1,2,0,0,1,1,1,2,0,1,1,1,0,0,1,2,2,1,1,1,1,1,0,1,1,1,1,2,1,1,1,1,1,2,1,1,2,1,1,1,2,1,2,1,1,0,2,0,1,2,1,0,0,1,1,2,1,2,0,1,1,0,0,2,2,1,1,2,1,0,2,1,1,1,1,0,1,1,2,1,1,1,0,0,0,2,2,0,1,1,0,1,0,1,1,2,2,0,1,0,2,1,2,1,0,2,1,2,2,2,1,1,0,1,1,1,2,0,0,1,0,1,1,1,1,2,1,2,1,1,1,0,2,0,0,2,2,1,2,2,1,2,1,1,2,0,2,1,0,1,1,1,1,1,1,0,1,1,0,2,0,1,1,1,0,1,1,0,0,2,1,1,1,0,0,2,2,2,0,1,1,1,1,0,1,1,1,2,1,1,1,2,0,0,0,1,0,0,2,1,0,1,0,0,0,0,1,1,1,1,0,0,1,2,1,0,1,1,0,2,1,2,1,0,1,1,2,2,2,2,1,1,2,1,2,2,0,1,2,2,1,2,2,1,2,1,1,0,1,1,2,2,0,0,2,0,1,0,1,0,2,1,1,1,1,1,0,1,0,1,2,1,0,0,2,0,1,1,2,1,1,2,2,0,1,2,1,0,1,1,0,0,2,1,2,1,1,1,1,0,2,1,1,0,1,0,1,1,0,2,0,1,0,2,1,1,0,1,1,1,1,2,1,2,1,1,2,2,2,1,0,2,2,1,1,0,1,1,1,0,2,1,1,2,1,1,2,1,1,0,1,2,1,2,2,0,0,0,1,2,1,2,1,1,0,0,2,1,1,2,1,0,0,0
"IND0073",1,2,0,0,2,1,1,2,1,1,1,1,1,1,1,1,2,1,2,0,2,1,0,1,0,0,1,1,0,1,1,2,2,1,1,0,0,1,1,1,0,0,1,1,0,0,2,0,1,1,1,1,1,1,2,0,0,1,1,1,1,0,0,1,1,2,1,2,1,1,1,2,0,0,0,1,2,0,1,2,0,0,1,1,0,1,2,2,0,1,0,0,1,1,1,0,1,2,1,0,0,0,1,1,2,1,0,1,1,2,0,1,0,1,1,2,1,1,1,1,2,0,1,1,1,1,1,1,1,2,2,1,1,1,1,1,1,0,2,1,1,2,1,2,2,1,2,1,0,0,1,1,0,1,1,0,2,2,1,1,1,1,0,1,2,1,1,2,1,1,1,1,0,1,0,2,1,2,2,0,0,1,1,1,2,1,0,1,0,1,1,2,0,1,2,1,1,1,1,0,2,1,1,1,0,1,2,0,2,2,2,1,2,2,2,1,0,1,1,1,0,1,0,1,1,1,1,1,1,1,2,1,1,1,0,1,1,1,1,1,2,0,1,0,2,1,0,1,0,1,2,0,1,0,1,1,0,1,1,0,1,1,1,1,0,0,2,0,1,2,1,1,2,1,2,1,1,2,1,0,1,2,0,2,2,1,1,1,1,1,2,0,0,2,2,2,1,1,0,2,1,2,0,1,1,2,0,2,0,2,0,0,1,1,1,1,0,2,1,2,2,1,0,1,1,2,2,0,2,2,1,1,1,1,1,2,2,1,2,2,1,1,2,2,2,0,1,0,1,0,1,2,1,2,1,0,1,1,1,1,2,1,2,1,2,2,1,1,1,1,1,0,1,2,1,1,0,1,1,2,1,1,1,1,1,1,2,1,1,0,0,1,1,2,2,1,2,2,2,2,1,2,2,1,2,1,1,0,2,0,1,2,0,2,1,0,2,1,1,1,1,1,1,0,0,1,0,0,1,1,0,2,0,1,0,2,1,0,0,1,2,1,0,0,1,2,1,1,1,0,2,0,2,0,1,0,0,2,0,0,2,1,2,0,0,2,2,2,0,1,1,1,1,1,2,1,1,2,2,2,2,1,1,0,0,0,0,1,1,2,0,1,2,1,2,1,2,1,0,1
"IND0074",1,2,1,2,1,1,1,1,1,1,2,1,1,1,1,2,1,2,0,0,0,2,1,2,1,0,1,1,1,1,1,1,2,1,1,2,1,0,0,1,0,0,1,1,1,0,1,1,1,1,0,1,2,2,0,1,2,0,2,2,2,1,1,1,1,0,2,2,2,2,2,1,1,1,1,1,2,0,2,1,1,2,1,0,0,2,2,0,2,2,1,0,1,0,2,1,0,1,1,2,2,0,1,0,0,1,2,2,2,1,1,0,1,1,0,1,0,1,2,0,0,1,0,1,0,1,1,0,0,0,1,1,2,2,1,0,1,2,0,2,0,1,1,0,1,1,1,1,0,1,0,0,1,2,1,2,1,2,0,1,2,1,0,2,1,2,1,1,1,1,1,0,1,0,1,1,2,1,0,0,2,1,1,2,1,2,0,1,2,0,2,1,1,1,2,2,2,2,2,1,2,1,1,2,1,1,1,2,1,1,1,1,0,2,0,1,1,2,1,1,0,1,1,2,2,1,0,0,1,1,1,2,1,2,1,1,1,0,1,2,1,1,0,2,1,2,0,2,2,0,1,1,1,2,1,1,0,1,1,1,0,1,1,2,2,1,1,1,2,1,1,1,0,1,2,0,1,1,2,1,2,1,1,1,1,0,1,1,1,0,0,1,0,2,2,1,1,2,2,2,1,1,1,2,1,1,0,1,1,1,2,0,1,1,1,1,2,2,1,1,2,1,1,1,1,1,1,1,1,1,2,2,2,1,2,2,1,1,2,2,2,0,1,0,1,1,0,1,2,1,1,1,2,0,2,1,2,1,1,0,0,1,0,2,0,0,1,0,2,2,1,1,1,1,2,1,0,1,1,1,1,2,1,0,0,0,2,2,1,1,1,1,1,1,1,1,0,1,1,1,1,1,0,0,2,1,2,2,2,2,1,1,1,1,0,1,1,0,1,1,1,2,1,1,0,1,2,1,1,2,0,1,0,1,1,2,0,1,2,1,1,0,1,0,0,2,1,0,1,2,1,2,1,1,2,2,2,1,0,1,1,0,0,0,2,0,1,2,1,1,2,2,0,2,1,1,1,0,1,2,0,0,0,2,1,0,1,1,1,1,1,1,1,1,2,0,2,1,0,1
"IND0075",0,1,1,1,0,1,0,1,2,2,2,2,1,1,2,0,1,1,1,1,1,1,1,1,1,1,1,1,2,1,2,1,2,2,0,2,0,1,2,0,0,1,2,1,1,2,0,0,0,2,1,1,2,1,1,1,1,2,1,1,2,0,1,1,1,2,1,1,1,2,1,0,1,1,1,1,0,1,1,1,1,2,2,0,1,1,0,2,1,0,2,1,0,0,1,1,1,1,1,0,0,0,2,1,1,1,1,1,1,1,1,1,1,0,1,1,2,1,0,1,1,0,1,2,0,0,2,1,1,1,1,0,1,0,2,2,1,1,1,0,2,1,2,1,1,2,2,1,2,1,0,0,0,0,0,2,0,1,1,2,2,2,2,1,1,1,2,0,0,0,1,1,0,1,2,1,1,2,0,1,0,1,1,0,1,0,1,2,2,2,1,0,0,0,1,1,1,2,1,2,1,1,1,1,1,0,0,0,1,0,2,2,1,1,1,0,1,1,1,2,1,1,1,0,0,1,2,1,0,1,1,1,2,1,1,1,1,2,1,1,1,1,1,1,1,0,2,0,2,0,1,0,0,2,1,1,1,1,0,1,1,0,2,1,1,1,1,1,0,0,1,1,1,1,2,1,0,0,2,1,1,0,0,1,1,1,1,1,2,2,0,2,0,1,0,2,1,1,0,1,1,2,2,1,1,1,1,1,2,1,1,2,1,0,1,1,1,1,2,0,0,0,2,1,2,2,1,0,1,0,1,1,0,1,0,1,1,2,1,2,1,1,1,0,2,0,2,1,2,2,2,1,1,2,2,1,0,1,0,0,1,2,0,1,1,1,2,1,1,1,2,1,1,1,2,0,0,2,2,1,1,0,1,1,1,1,2,1,0,0,2,0,0,1,1,0,1,1,0,2,0,0,1,1,1,1,1,2,1,2,1,2,0,1,1,0,0,1,1,1,0,0,0,0,1,1,1,2,2,1,1,1,2,0,1,2,2,1,1,0,0,1,1,0,1,1,2,0,2,1,1,1,1,2,1,0,2,1,0,1,2,1,1,2,1,2,0,1,1,1,1,2,2,0,1,1,1,0,0,2,2,1,2,2,1,2,1,2,1,2,1,1,1,1,1,1,1,1,2,1
"IND0076",2,1,0,0,2,1,1,1,1,1,1,2,0,1,0,0,0,1,2,1,2,2,1,2,1,1,1,1,1,2,1,1,0,1,2,0,1,2,1,2,2,0,1,1,1,2,1,1,2,0,1,0,2,0,2,0,0,2,0,2,1,1,1,1,1,1,1,2,1,0,0,1,1,2,1,1,2,1,2,1,0,1,1,1,2,0,1,1,0,0,2,1,1,1,1,2,1,0,0,0,1,0,2,1,1,0,1,1,0,1,1,1,2,1,0,2,1,1,1,0,1,2,1,1,2,1,2,1,2,1,1,1,1,1,1,1,0,0,0,0,2,1,0,1,2,1,0,0,0,1,1,0,0,1,0,0,1,2,1,1,1,2,1,2,2,2,0,2,2,2,1,0,1,0,1,1,1,2,0,1,1,0,2,0,0,0,2,1,2,1,1,2,1,1,0,1,0,1,1,1,1,1,1,0,1,0,1,1,1,0,1,1,0,0,2,1,0,2,1,1,1,1,1,1,2,1,0,0,1,1,2,1,2,1,1,2,1,1,1,1,1,0,0,2,1,1,1,1,1,1,1,1,1,0,1,0,1,1,1,1,1,0,1,0,1,1,2,1,2,2,1,2,1,0,1,0,0,2,2,2,1,1,0,0,0,0,1,2,2,1,1,2,1,2,1,1,0,2,1,2,1,0,0,1,1,0,1,0,1,1,1,0,1,1,1,1,1,1,1,0,1,0,1,2,1,1,1,1,2,1,0,2,0,1,1,2,2,2,2,0,0,0,0,1,2,0,1,2,0,1,1,2,2,2,0,1,2,1,1,2,1,2,2,2,1,1,2,0,2,1,0,0,1,1,1,1,0,1,1,0,1,2,1,1,2,0,2,2,1,1,1,1,1,1,0,2,1,2,0,0,1,0,1,1,1,2,0,2,1,0,0,0,1,1,0,2,0,1,1,1,2,1,1,1,1,1,2,1,2,2,1,1,1,1,2,2,0,2,2,1,1,0,1,1,1,2,0,0,0,0,1,1,1,1,1,1,2,1,1,2,1,1,2,0,2,0,1,2,1,0,0,0,2,2,1,1,2,1,1,1,1,1,1,1,1,1,0,2,0,0,0,1,2,1,1,0,2,0,2,0
"IND0077",2,1,0,2,1,1,2,1,1,1,2,1,2,1,2,0,0,1,1,1,1,1,1,0,1,2,2,1,0,1,0,1,1,1,0,1,1,1,1,0,1,1,1,2,1,1,0,1,1,1,0,0,1,1,0,1,1,2,0,1,2,0,1,0,0,0,1,2,2,1,1,1,2,0,1,2,0,2,0,0,1,2,2,1,1,0,0,1,1,2,1,0,1,2,2,1,2,2,2,1,0,2,0,2,0,2,0,0,1,1,0,1,1,1,2,1,1,0,2,2,2,1,2,1,0,0,1,1,0,0,0,1,0,0,1,1,0,0,2,1,2,0,1,0,1,1,2,0,2,2,1,1,0,1,2,2,2,0,1,0,1,1,0,0,1,1,2,1,1,1,1,2,2,1,0,1,1,2,2,2,2,0,1,2,0,2,1,2,0,1,0,1,1,2,1,0,1,1,1,1,1,1,1,1,0,0,1,0,1,2,0,0,0,0,0,2,2,0,1,2,2,1,1,2,0,1,1,0,2,2,1,1,2,1,2,1,1,2,2,0,2,2,1,1,0,1,2,0,1,0,2,1,0,2,1,1,1,2,1,0,1,2,2,1,0,0,1,0,1,1,0,0,1,2,1,1,1,2,1,2,0,0,1,1,1,1,2,1,2,1,1,1,1,1,2,1,1,2,1,1,2,2,0,1,1,1,2,1,1,1,0,2,1,2,1,2,0,1,1,2,2,0,2,0,2,2,1,1,2,1,1,1,0,0,0,1,1,1,1,1,1,1,0,0,2,1,1,2,1,2,1,0,0,1,0,0,2,1,2,0,1,1,0,1,2,1,0,1,0,0,1,2,1,1,1,1,2,2,1,0,0,1,1,2,1,2,1,0,1,1,2,2,1,2,2,2,0,1,1,1,0,0,1,1,1,1,0,0,1,0,2,1,2,2,0,1,2,2,0,1,1,2,1,1,2,0,1,0,1,2,0,0,1,1,1,0,2,1,0,0,1,2,1,2,0,1,0,1,2,0,2,1,0,1,2,2,1,1,1,1,0,2,2,2,2,2,2,2,1,1,2,2,1,0,1,1,0,2,1,1,2,1,1,2,0,1,2,2,1,1,0,0,1,1,0,2,1,0,0,1
"IND0078",1,2,1,0,2,2,1,2,1,2,0,2,1,1,2,2,1,1,2,2,0,0,1,2,0,1,1,2,0,2,1,1,1,2,0,2,0,1,0,1,0,0,2,0,2,1,1,2,0,2,2,1,1,2,2,0,2,2,0,1,1,1,2,0,0,2,0,2,1,2,1,1,1,0,0,1,1,1,1,1,1,1,0,1,0,0,1,0,1,0,2,1,1,1,1,2,0,1,0,1,2,1,0,2,1,1,2,0,2,1,1,2,1,1,1,1,2,1,2,0,1,2,2,0,1,0,0,1,1,1,0,0,0,2,1,0,1,0,1,0,1,1,1,1,1,2,0,2,2,1,2,1,1,1,1,2,1,2,1,1,1,2,1,1,0,1,0,2,1,1,1,1,1,2,0,0,0,1,0,1,2,0,0,1,0,1,0,2,0,1,2,2,1,1,2,1,1,2,1,1,1,1,0,1,2,1,1,0,2,0,2,0,0,1,1,1,1,1,1,1,0,1,2,1,1,1,0,1,2,0,2,2,1,2,2,2,0,1,0,1,1,1,1,0,0,1,2,1,1,2,2,1,2,2,2,2,1,0,0,1,1,0,1,1,0,2,0,0,0,1,1,1,2,2,0,2,1,1,2,0,0,0,1,2,2,2,1,1,1,1,2,0,1,1,1,0,2,1,1,1,0,0,1,0,1,1,1,0,0,1,1,1,2,2,1,1,0,0,1,1,1,1,2,1,2,1,1,2,2,0,1,2,1,1,2,1,1,1,0,1,2,1,0,2,0,0,1,0,1,2,2,1,1,0,0,1,1,1,0,2,2,2,0,1,0,0,1,1,1,1,1,2,1,0,0,1,0,0,2,1,1,1,0,1,1,1,1,1,1,0,2,2,1,1,1,1,1,0,1,1,2,2,1,2,1,1,0,1,1,1,1,2,2,2,0,2,0,1,0,1,1,1,1,0,2,1,2,2,1,0,2,2,0,1,1,2,1,0,0,1,1,1,1,1,1,0,0,1,0,0,1,1,1,1,0,1,0,2,1,2,0,1,2,1,1,1,0,1,1,1,0,0,2,1,2,1,1,1,1,1,0,0,1,1,2,1,1,1,1,1,0,2,1,0,1,0,1,1,1,1
"IND0079",1,1,1,1,0,1,1,1,0,1,1,1,0,1,2,1,0,2,1,2,1,2,1,1,2,0,0,1,2,0,2,0,1,1,2,1,2,1,0,0,1,1,1,1,0,0,1,2,1,1,2,0,1,1,0,1,1,1,2,1,2,1,0,2,1,1,1,1,1,2,1,1,2,1,1,1,1,1,0,1,2,0,1,2,0,0,0,1,0,0,0,1,1,1,1,0,2,2,1,1,1,1,1,2,0,0,1,1,0,2,0,1,2,2,0,1,2,1,1,1,1,1,0,1,1,1,0,1,1,1,0,2,1,1,0,2,0,2,1,2,1,2,1,1,1,0,1,2,0,0,0,1,0,1,0,1,2,0,0,1,2,0,0,0,2,1,2,2,2,0,2,1,2,2,1,1,2,1,1,0,2,0,0,1,1,2,1,1,1,0,0,2,1,1,1,1,0,2,1,1,2,1,0,1,1,1,2,0,2,0,2,1,0,1,0,2,0,0,2,1,2,1,0,0,0,1,0,1,1,0,2,0,0,0,2,1,1,1,1,1,2,1,2,1,1,0,0,0,0,2,1,1,0,1,1,2,2,2,1,2,1,2,0,1,1,0,2,0,1,0,1,0,1,1,0,1,1,0,1,1,0,1,1,1,2,0,2,1,2,2,0,1,1,2,1,1,1,2,1,0,1,1,1,0,0,0,2,2,1,2,2,2,1,1,1,1,0,2,1,1,0,1,1,1,0,1,1,2,1,1,1,2,1,1,1,1,2,2,1,0,1,1,2,1,2,2,1,2,1,0,1,1,1,1,1,1,0,2,1,0,0,2,1,0,1,1,0,1,1,1,0,2,1,1,0,0,2,1,2,0,2,1,1,1,1,0,2,2,0,1,1,0,1,1,0,0,1,1,1,1,2,2,2,1,1,0,1,1,1,1,2,1,2,2,1,1,1,1,1,2,0,1,1,1,0,0,0,2,0,2,1,1,2,1,1,1,1,2,2,1,1,2,1,1,1,1,1,1,0,2,1,2,1,0,2,1,1,1,2,2,2,1,0,1,1,1,0,1,1,1,1,0,1,2,1,2,2,1,0,2,1,0,0,0,1,1,0,1,1,2,2,1,1,2,1,1,0,1,2,0
"IND0080",0,0,1,1,0,1,1,1,2,2,0,1,0,1,2,1,2,1,0,0,2,1,1,1,0,1,1,1,1,0,2,0,1,1,2,2,0,2,1,1,1,1,1,2,1,0,1,0,1,1,2,1,2,1,2,0,1,2,1,1,1,1,0,1,1,2,1,1,1,1,1,1,1,1,1,1,1,1,0,1,1,1,2,2,1,1,2,1,1,2,1,0,0,2,1,1,2,1,1,2,1,1,0,0,1,0,1,1,1,0,0,0,2,2,1,1,1,0,1,1,2,1,1,1,1,1,1,2,2,1,0,1,1,1,1,0,1,2,1,2,2,1,2,1,0,0,1,1,1,1,0,2,1,2,2,0,0,1,0,0,1,0,1,2,1,1,1,1,1,0,1,1,2,1,2,1,1,0,1,2,2,1,0,2,2,0,1,1,2,1,2,0,1,1,1,2,0,2,1,1,1,1,1,2,0,0,0,0,0,2,1,1,1,0,2,1,1,1,1,1,0,1,1,2,1,1,1,1,1,1,1,1,1,0,1,0,1,1,0,1,1,1,0,2,1,0,0,0,1,2,2,1,1,2,2,0,1,1,1,1,1,2,0,1,1,2,1,2,1,1,1,1,2,2,2,0,1,1,1,1,2,0,1,1,1,1,1,0,2,2,1,2,0,2,1,0,0,2,2,1,2,2,0,0,2,1,0,1,1,1,0,0,2,2,0,1,1,0,1,1,1,1,1,1,0,1,0,1,0,1,2,0,1,1,1,1,1,1,1,1,0,1,1,1,1,1,1,2,2,1,1,1,2,1,0,2,0,2,1,1,1,0,0,0,1,0,1,1,2,2,0,1,0,1,1,1,0,0,0,1,2,0,1,2,2,2,2,2,1,2,1,1,2,1,0,2,1,2,0,1,1,0,0,0,0,0,1,1,0,2,2,2,2,0,1,1,0,2,0,2,1,0,1,1,1,1,2,1,1,0,0,1,0,1,1,1,2,2,0,1,1,0,0,1,1,1,2,0,1,0,0,1,1,2,2,0,0,0,1,1,1,1,1,1,2,1,0,0,1,1,2,1,2,2,2,1,1,1,2,0,1,0,1,2,0,2,2,2,1,0,1,1,1,2,1,0,0,1,2,1
"IND0081",2,1,1,1,1,0,1,1,1,2,0,1,0,0,1,1,0,0,0,2,0,1,1,1,1,1,2,1,0,1,2,0,1,1,1,1,0,0,0,1,1,1,1,1,2,0,0,1,2,0,1,1,1,1,1,2,1,2,1,1,2,2,1,0,0,1,0,1,2,0,2,0,1,1,1,1,1,1,2,1,1,0,1,1,2,0,2,2,1,0,1,0,2,1,1,2,1,1,0,1,0,1,1,2,1,1,2,1,1,0,2,0,0,1,1,1,2,0,2,0,1,2,1,1,1,0,2,1,0,1,2,0,2,1,2,1,2,1,2,0,2,0,2,1,2,1,0,2,0,2,0,2,1,2,1,0,2,1,2,0,1,1,0,2,0,0,0,2,1,1,2,2,2,2,0,1,0,1,1,1,0,1,1,0,1,1,1,2,0,0,0,0,2,1,1,1,2,2,0,2,0,0,0,0,1,1,1,0,1,2,1,0,2,1,1,0,1,1,2,0,1,1,1,2,0,2,0,1,1,1,1,2,2,1,1,2,0,2,1,2,1,1,1,0,1,1,1,1,2,1,1,1,1,1,1,0,0,2,1,1,1,1,1,2,2,2,1,2,1,0,1,1,2,1,0,2,0,1,0,0,1,0,1,1,0,0,1,1,1,0,1,1,1,1,1,2,1,2,1,1,1,2,1,0,1,0,1,1,1,1,1,1,1,1,2,1,1,1,1,2,1,2,1,2,1,1,0,1,2,0,0,1,1,0,1,2,1,2,0,0,0,1,0,1,1,1,1,1,0,1,2,0,2,0,1,1,0,0,1,1,1,1,1,2,1,1,2,2,1,2,1,0,2,1,2,1,1,2,1,1,2,1,1,1,1,2,0,1,1,1,2,1,1,1,1,1,1,1,1,0,0,1,1,1,2,0,1,1,1,1,1,1,0,1,1,0,1,1,0,1,1,1,1,1,0,1,1,1,1,0,1,1,1,2,0,2,0,1,0,1,1,1,0,1,2,1,1,1,1,1,1,0,1,1,1,1,1,1,1,0,0,1,2,1,2,1,1,1,1,0,2,0,1,0,1,0,2,1,0,1,1,1,1,1,1,1,1,2,2,1,1,1,2,0,1,1,0,1,1,0
"IND0082",2,2,0,1,1,1,2,0,1,2,2,1,0,2,0,2,2,2,1,2,1,1,1,2,1,2,2,0,2,0,0,1,1,1,2,2,1,1,0,0,2,1,0,2,2,1,1,1,0,0,1,0,0,0,1,0,2,2,1,1,2,1,0,0,0,1,1,1,2,2,1,1,0,1,2,0,2,0,1,2,0,1,0,1,1,1,1,0,1,0,0,0,2,0,0,1,2,0,0,2,1,1,1,0,2,2,0,1,0,1,1,2,0,1,2,1,0,0,2,1,2,2,1,0,2,0,1,1,0,2,0,2,0,2,1,1,1,1,1,0,1,2,2,1,0,0,0,1,2,0,2,1,1,1,2,2,1,1,0,1,2,2,1,2,1,1,2,1,1,2,1,2,1,1,2,1,0,1,1,1,1,1,0,0,0,0,1,1,1,0,1,2,1,0,1,1,1,2,1,2,1,0,0,1,2,0,1,0,1,1,1,0,1,2,1,0,1,1,1,2,1,1,1,1,2,1,2,1,0,1,1,1,2,2,0,2,1,1,0,2,0,0,0,1,0,1,1,2,1,1,1,1,1,2,1,2,1,2,2,2,2,1,2,1,1,1,2,1,0,1,1,1,0,1,1,2,1,2,2,1,1,1,2,1,0,1,1,1,1,1,1,1,0,1,1,0,2,1,0,2,0,1,1,1,1,0,1,0,0,1,1,0,1,1,0,1,1,2,0,0,1,2,2,2,2,2,0,1,0,2,1,1,2,0,0,0,0,0,2,0,1,1,0,0,1,2,2,0,0,0,0,1,1,2,2,0,0,1,0,1,1,1,2,0,2,0,1,2,1,0,0,2,2,0,0,1,1,1,1,1,1,1,1,2,1,0,1,0,1,2,2,1,2,0,0,1,1,1,1,0,1,0,0,1,0,0,2,1,2,1,1,2,0,1,2,1,1,0,0,0,1,2,1,2,0,1,1,1,1,2,0,1,1,1,1,1,2,2,1,1,0,0,2,1,2,1,0,0,1,0,0,1,1,0,2,0,1,1,1,2,2,1,1,2,0,0,1,2,1,2,0,0,2,1,1,1,1,0,2,2,1,1,2,2,2,1,1,2,2,0,1,2,1,1,1,1,2,2,2,2
"IND0083",1,1,2,1,1,1,2,1,1,1,0,2,1,1,0,0,1,0,2,2,1,0,2,0,2,2,2,1,0,1,0,2,1,0,1,1,1,0,1,2,1,2,2,1,1,1,2,0,1,0,1,2,0,1,1,2,2,2,0,1,0,1,1,2,1,2,1,1,1,0,1,2,2,1,1,1,1,1,1,0,0,2,1,1,1,0,1,1,0,1,1,2,1,2,2,0,1,0,1,1,1,1,1,1,1,0,0,2,2,0,1,1,0,2,0,1,0,1,1,1,1,1,1,1,1,0,1,1,1,2,2,1,2,1,2,1,1,2,2,2,1,1,1,1,1,0,1,1,0,1,0,2,1,1,1,1,1,1,1,2,1,1,1,2,1,1,2,2,2,0,1,0,2,1,2,0,1,2,1,1,2,0,0,0,1,2,0,2,1,2,2,0,1,1,1,2,1,2,1,0,1,1,0,1,1,2,0,1,2,1,0,2,2,2,1,1,1,2,1,2,1,0,0,2,0,0,0,0,0,1,2,0,0,2,0,1,1,1,1,2,1,0,2,1,2,2,1,2,1,1,1,1,1,0,1,1,0,2,1,1,1,0,0,1,1,1,0,1,1,2,2,0,1,1,1,1,1,1,0,2,0,2,0,1,2,0,1,1,1,1,2,0,2,1,1,0,0,1,0,1,0,0,0,1,1,1,2,1,0,0,2,1,1,1,2,2,0,2,2,0,1,1,1,0,1,0,0,1,2,1,2,1,1,1,1,2,0,1,0,1,1,1,2,1,0,1,0,0,1,0,2,1,2,1,2,1,1,0,1,1,1,1,2,1,0,0,2,1,0,0,0,1,2,1,1,1,1,1,1,1,2,2,1,1,1,2,2,2,1,1,0,0,1,1,1,0,0,1,1,1,1,1,1,1,1,2,2,1,1,1,2,1,2,2,1,2,1,1,2,2,1,1,1,1,2,1,2,2,2,0,2,1,1,0,2,1,0,1,1,0,0,1,0,1,1,1,0,1,1,1,1,1,0,0,2,0,1,1,1,1,2,1,2,1,2,1,1,2,2,0,1,2,1,0,1,0,0,1,0,0,0,1,1,1,2,1,2,2,1,2,1,1,2,1,1,1,2,1,2,1
"IND0084",1,2,1,2,1,2,1,2,1,1,1,0,0,1,2,1,2,0,0,1,1,0,2,1,0,0,1,1,0,1,2,1,0,0,1,2,1,1,2,0,1,1,1,0,1,2,0,1,2,1,0,2,2,2,1,1,2,1,1,1,0,1,0,0,2,0,0,1,0,1,1,2,2,2,1,1,0,2,1,1,1,2,0,1,1,0,2,1,0,1,1,2,1,1,1,1,2,1,1,1,1,1,0,1,1,2,1,0,2,0,1,2,2,2,1,1,1,1,0,1,1,2,0,1,0,1,1,2,1,2,2,1,1,0,1,2,1,0,0,0,1,1,2,1,1,2,0,2,2,1,1,2,2,2,1,0,2,1,1,1,0,2,0,0,1,2,1,1,2,1,0,1,1,1,0,0,1,2,2,0,1,1,0,2,0,0,1,1,2,1,2,1,1,1,2,1,0,0,1,1,0,1,1,2,1,2,0,1,1,1,1,2,1,1,2,2,1,0,1,2,2,1,0,1,1,1,0,0,1,2,2,0,2,1,1,2,1,1,0,0,1,2,0,1,1,2,2,0,1,1,2,1,2,1,0,1,0,1,1,2,2,1,0,1,2,1,0,0,1,1,1,2,1,1,1,1,0,0,0,1,1,1,1,2,1,0,1,1,1,1,2,1,2,1,0,2,1,2,0,0,2,1,1,0,0,2,0,1,1,1,2,0,2,0,2,1,0,0,1,0,1,2,0,0,1,1,1,2,1,1,1,1,1,1,0,0,1,0,2,0,1,0,1,1,0,2,1,1,2,2,2,2,1,1,2,1,0,2,1,2,1,1,2,1,1,0,1,1,2,0,1,0,2,0,2,2,0,0,1,1,2,1,0,1,1,1,2,1,1,1,2,1,0,1,1,1,1,1,1,2,1,0,2,1,0,2,1,2,0,1,1,1,1,1,2,1,0,1,1,0,1,1,1,2,2,1,2,2,1,1,1,2,2,0,1,0,0,1,0,1,2,2,1,1,0,0,0,1,2,0,1,2,2,0,0,2,1,1,0,2,1,1,1,1,1,0,1,1,0,0,2,2,0,2,1,2,0,1,0,1,1,1,1,1,0,1,1,1,0,1,2,0,2,2,0,1,2,1,2,2
"IND0085",0,1,1,0,2,1,2,1,2,1,2,2,0,1,1,1,1,0,2,1,1,1,1,2,0,1,2,1,1,2,1,0,1,1,2,1,0,2,1,1,2,1,2,2,1,1,1,2,1,2,2,0,1,0,1,1,1,1,0,1,0,1,1,0,1,2,0,0,0,1,1,2,1,2,2,1,1,1,1,2,1,1,1,0,0,1,1,1,1,1,1,1,1,0,1,2,1,1,1,2,0,0,0,0,1,1,0,1,1,2,0,1,2,1,1,1,1,2,2,0,2,0,1,1,1,1,0,1,2,1,0,1,1,2,0,0,1,1,1,1,1,0,2,1,1,2,1,2,1,1,2,1,2,0,1,0,1,1,1,2,1,2,0,2,0,1,1,1,1,0,1,2,2,1,1,0,2,1,0,1,0,2,0,0,1,1,2,1,0,1,1,1,1,1,1,2,1,1,2,1,1,2,1,0,1,1,0,1,2,0,0,1,1,2,1,2,0,0,1,0,2,1,1,2,1,2,0,1,0,2,1,1,1,2,1,0,1,1,1,1,1,0,1,0,0,2,1,1,1,0,2,1,0,0,1,1,0,0,0,0,2,0,1,2,1,1,1,0,1,0,1,1,2,1,1,0,1,0,1,1,1,1,0,0,0,1,1,0,1,1,1,1,1,2,2,1,1,2,1,0,2,0,2,0,2,0,1,2,1,2,1,1,2,1,1,2,1,1,1,0,0,0,1,1,0,2,1,2,1,1,0,2,1,0,0,1,0,0,0,2,1,2,0,2,2,1,0,1,0,2,1,1,1,1,0,2,0,2,1,1,1,2,0,2,1,0,1,1,1,2,1,2,1,1,1,1,1,1,1,1,2,2,1,2,1,2,1,2,1,1,0,2,2,2,1,1,2,1,1,2,1,2,2,1,1,0,1,2,1,2,2,2,2,1,0,1,2,0,2,1,1,2,1,1,1,1,1,1,2,0,2,2,0,0,0,2,0,0,0,2,1,1,1,2,1,1,1,1,1,1,1,1,1,1,2,1,1,0,1,2,0,2,1,0,0,0,1,2,0,0,1,1,1,1,0,1,2,1,0,1,0,0,2,1,2,2,1,2,2,1,2,1,2,2,0,1,1,2,0,0
"IND0086",2,2,0,1,1,0,0,1,1,0,1,2,0,2,2,2,1,2,0,2,1,2,1,0,0,0,2,1,1,2,0,0,1,1,2,0,1,0,0,1,0,1,1,0,2,1,1,2,2,0,1,1,0,0,0,1,0,1,0,2,0,1,1,1,0,0,1,1,1,1,0,2,1,1,1,0,1,2,0,1,1,1,0,2,0,1,2,1,1,2,1,2,1,1,1,1,0,2,1,1,2,1,0,1,1,0,1,0,2,2,1,1,2,1,1,1,1,1,2,2,1,1,1,1,1,1,1,1,1,0,2,2,1,1,1,0,1,1,1,2,1,2,2,2,2,0,1,1,1,2,1,2,0,0,1,0,1,0,2,1,2,2,0,1,2,0,0,0,1,1,0,1,1,1,0,1,1,2,0,1,1,1,1,1,2,1,2,1,0,0,1,1,1,0,0,2,1,0,1,1,1,1,0,1,1,0,1,2,0,1,2,1,2,1,1,1,0,1,2,2,2,0,2,1,0,0,1,1,1,0,1,0,0,2,1,2,2,0,2,1,1,1,2,0,2,1,1,2,1,0,2,0,2,2,2,0,1,1,0,2,1,1,0,1,2,0,0,0,1,0,2,2,1,2,1,1,2,1,1,1,0,1,2,0,2,1,2,2,0,0,0,2,1,1,1,1,1,1,1,1,2,0,2,2,1,1,2,1,1,1,1,0,1,1,2,1,0,2,1,1,0,2,1,1,0,1,0,1,1,2,2,1,1,0,2,1,1,1,1,1,2,1,0,1,1,2,1,1,2,0,1,1,2,0,0,1,2,1,0,2,1,0,0,0,2,1,2,0,1,0,1,2,1,1,2,1,1,2,2,2,1,0,2,0,2,2,1,0,2,2,2,2,1,1,1,0,2,2,2,1,1,1,1,2,2,1,2,1,0,1,1,1,1,1,0,1,1,0,0,1,1,1,0,2,1,2,0,2,2,1,1,0,2,2,0,1,2,0,2,1,1,1,1,2,1,1,1,1,0,0,1,2,1,1,1,2,1,1,0,2,2,1,1,2,1,1,2,1,0,1,2,2,1,0,2,0,0,0,1,1,1,2,2,0,2,0,1,2,1,2,1,0,2,1,2,1,2,0,1,1
"IND0087",2,2,1,1,1,0,2,1,2,1,2,0,0,1,1,1,1,0,1,1,2,2,1,0,1,0,0,0,0,2,1,1,2,1,1,0,1,0,1,2,2,1,1,0,1,1,0,1,2,0,1,0,2,2,0,1,1,1,0,1,2,1,1,1,1,0,1,1,2,2,1,2,1,2,1,0,1,2,0,1,2,2,2,1,2,0,1,2,1,1,0,2,1,0,2,0,0,0,0,0,2,0,0,1,2,1,1,1,1,2,2,1,2,1,1,2,1,1,0,1,1,1,0,1,1,2,1,1,0,2,2,0,1,1,2,2,1,1,2,1,0,1,2,2,0,2,2,1,2,1,1,1,2,1,0,2,1,0,0,0,0,2,1,1,0,1,0,1,1,0,0,0,1,1,0,1,0,0,1,1,0,1,0,0,2,2,0,0,1,0,0,1,1,1,0,0,1,0,2,0,2,2,1,1,0,1,1,1,2,2,0,1,0,1,1,2,1,2,2,2,1,1,0,2,2,1,1,1,0,1,0,1,1,1,2,0,2,1,0,0,0,0,1,0,1,2,2,1,1,2,2,1,0,0,1,1,2,0,1,0,0,2,0,2,0,1,1,0,1,2,1,1,2,1,1,1,1,2,0,1,1,1,1,1,1,2,1,1,0,0,1,0,1,0,1,1,2,2,1,1,1,1,1,0,2,1,2,1,1,1,2,1,2,1,2,2,0,1,2,2,2,1,2,0,0,2,1,0,2,0,1,1,1,1,0,0,0,1,1,0,0,1,0,1,1,0,1,1,0,1,0,2,1,0,1,0,1,1,2,1,1,1,2,1,2,0,1,2,1,1,2,1,1,1,2,1,0,1,0,1,2,1,2,1,1,1,2,1,2,1,0,2,1,1,1,1,1,2,1,1,2,1,2,1,0,0,1,2,1,0,1,1,0,2,2,2,1,1,1,2,0,1,2,0,2,2,1,1,2,2,2,0,1,1,2,1,1,0,0,0,1,2,2,1,2,0,2,1,0,0,1,2,2,1,1,1,0,1,2,2,1,1,0,0,1,1,1,1,2,0,1,2,0,0,1,0,1,1,2,1,1,1,2,1,1,2,2,2,0,1,0,1,1,0,2,2,1,2,1,1
"IND0088",1,0,2,2,2,1,1,0,0,2,1,1,2,1,0,1,2,2,2,1,0,0,0,1,0,1,2,2,2,2,1,2,2,1,1,1,2,2,2,0,2,1,0,1,0,1,1,1,1,2,1,1,0,1,0,0,0,1,1,0,0,1,0,0,2,2,1,2,1,2,2,1,2,1,0,1,0,1,1,1,2,0,0,1,1,2,2,2,1,1,1,2,0,2,1,1,0,0,1,2,1,1,0,1,0,1,1,0,2,1,0,1,1,1,1,1,1,2,0,1,2,1,1,1,1,1,1,1,2,1,2,2,2,2,1,0,1,1,1,2,2,1,1,1,2,1,1,0,2,2,0,1,1,1,1,1,0,1,2,0,2,2,1,0,1,2,1,1,2,2,0,1,2,1,2,0,0,0,2,1,1,0,1,1,1,2,1,2,2,1,0,2,1,0,0,1,1,1,1,0,1,0,2,2,1,2,1,1,2,0,1,1,1,1,2,2,1,1,0,1,2,2,2,0,2,1,1,2,0,2,1,0,2,1,2,0,0,0,1,0,1,0,1,2,1,1,1,1,2,1,0,0,2,1,0,0,1,1,0,1,1,2,1,0,1,2,2,2,2,2,1,1,1,1,1,2,1,1,1,2,0,0,0,2,2,1,0,0,1,1,1,1,0,1,0,1,1,0,1,2,0,1,0,1,1,1,1,1,2,1,0,2,1,2,1,2,2,1,2,1,0,2,1,2,1,1,1,0,1,1,1,0,0,1,0,0,2,0,2,0,1,1,1,1,2,1,1,1,0,1,1,1,1,1,2,1,2,1,1,0,1,0,1,0,2,1,1,1,2,2,0,1,1,1,1,1,2,2,1,2,1,2,1,1,1,1,1,1,2,2,1,1,2,1,1,2,0,1,1,1,2,2,1,0,0,2,2,2,1,2,2,1,1,1,2,1,1,1,1,2,1,1,1,1,0,1,1,2,1,0,2,2,2,1,1,0,2,1,2,1,1,1,2,0,0,0,1,1,2,1,1,1,0,0,1,1,0,0,1,2,1,2,0,1,2,0,2,1,1,2,2,0,0,1,2,2,1,0,1,0,0,1,1,2,1,2,1,1,0,1,0,0,1,2,1,1,1,0,1,0
"IND0089",2,0,1,2,1,1,1,1,1,1,0,1,1,2,1,1,1,1,0,0,1,1,1,2,2,1,0,1,1,1,1,0,1,0,2,1,1,1,2,1,1,1,1,1,2,1,0,1,1,1,1,2,2,0,0,1,1,1,1,0,1,1,1,0,0,1,2,1,2,0,1,0,1,1,1,1,0,1,2,0,1,1,1,1,1,0,2,1,2,0,1,0,2,1,0,2,0,1,0,1,0,0,2,1,1,1,1,1,1,1,1,0,1,2,1,1,1,2,1,1,1,1,1,2,1,1,2,1,1,0,2,2,1,1,1,1,1,1,2,2,2,1,1,1,2,1,0,1,0,0,2,1,0,2,2,0,1,1,1,1,2,0,0,1,1,1,1,0,2,1,1,0,1,1,0,0,1,0,1,2,1,2,1,1,1,2,1,2,1,1,1,1,1,1,2,1,1,1,1,0,2,1,1,0,1,1,2,1,0,0,1,1,0,1,1,1,2,0,1,1,1,1,1,1,2,1,1,1,1,0,1,1,1,1,1,0,0,1,0,0,1,2,0,1,1,1,1,1,2,1,0,1,1,0,1,1,1,1,0,2,0,2,0,0,0,1,1,1,0,1,2,2,1,0,1,1,1,1,0,2,0,1,1,1,2,2,2,1,0,2,1,1,1,1,0,0,1,2,2,2,0,1,0,1,1,0,0,2,2,0,2,0,0,2,0,1,1,2,0,1,1,2,1,1,2,0,1,1,1,2,1,1,0,1,1,0,1,1,0,0,2,0,1,1,2,1,1,2,0,0,1,2,2,0,0,1,0,0,1,1,2,1,1,1,1,0,1,0,1,2,2,1,0,2,0,1,1,1,2,1,2,2,2,0,1,0,2,2,0,1,1,2,1,1,2,1,1,2,1,2,1,1,0,0,1,1,0,0,0,1,1,0,1,0,0,0,0,2,1,1,1,1,1,1,2,1,2,1,1,1,0,1,2,1,2,0,1,1,0,1,1,1,1,1,0,0,0,1,2,0,2,1,2,0,1,1,1,1,2,1,2,0,1,1,1,0,1,1,2,1,2,2,1,1,0,1,1,0,1,0,0,1,2,0,1,0,2,1,1,1,1,0,1,2,1,0,0,0,0,2
"IND0090",1,2,0,1,2,1,2,1,2,2,0,2,1,2,0,1,0,1,1,2,1,2,1,1,0,0,1,2,1,1,1,1,2,0,1,2,1,1,0,1,1,0,1,2,1,0,0,1,2,2,0,1,0,0,1,2,0,1,1,0,1,2,0,1,0,0,1,1,2,0,1,1,2,1,1,0,1,1,1,1,1,1,0,1,1,1,0,1,0,1,1,2,2,0,1,1,2,1,2,2,2,1,1,0,1,1,1,1,0,1,0,1,0,1,2,0,1,1,1,2,1,1,1,1,0,1,0,1,2,1,2,2,0,0,2,1,1,1,0,1,0,1,1,1,1,0,1,1,1,0,1,1,2,1,1,1,2,2,1,0,1,2,0,2,0,1,2,0,1,2,2,0,1,1,1,2,2,2,1,0,1,2,1,1,1,2,1,0,2,2,1,1,2,0,0,0,1,1,1,1,0,0,1,1,1,1,0,0,1,1,2,2,1,1,0,1,1,1,0,1,2,0,2,2,0,1,2,2,1,2,2,1,1,1,0,2,1,1,1,1,1,0,2,1,1,1,1,0,0,1,1,0,1,1,0,1,1,2,0,1,2,2,1,0,1,0,2,1,1,1,0,0,1,1,1,0,1,1,2,0,1,2,1,1,1,1,2,0,0,0,2,1,1,2,1,1,0,2,0,1,0,1,1,1,1,0,1,1,1,1,0,0,1,2,1,0,1,0,1,1,0,1,1,2,0,1,2,0,0,2,1,2,2,2,0,1,1,0,2,1,2,1,1,0,1,1,1,0,1,1,1,0,0,1,2,1,0,1,0,2,1,2,1,0,2,1,2,1,1,1,1,1,0,1,1,1,1,2,2,2,2,1,1,2,1,2,0,1,2,0,2,0,0,0,2,1,1,0,2,2,0,2,0,2,1,0,1,1,1,0,1,0,0,1,0,2,1,1,2,1,0,1,1,0,0,2,2,1,2,0,1,1,2,1,1,1,2,2,1,1,1,1,1,0,1,2,1,2,1,1,1,1,0,2,0,2,0,1,2,2,1,1,0,2,2,0,1,1,1,2,1,1,1,1,2,0,2,1,1,2,1,1,1,1,0,1,0,2,1,1,2,1,2,2,1,1,2,1,1,0
"IND0091",1,1,1,2,1,1,1,1,0,1,1,1,2,1,1,2,1,0,0,0,0,1,2,0,1,2,2,2,1,0,1,1,1,2,2,1,0,1,1,1,2,0,1,0,2,1,0,1,2,2,0,0,2,1,0,2,0,0,0,1,1,1,1,1,0,0,1,0,2,2,0,2,1,2,1,1,1,0,2,0,0,2,1,0,1,1,0,1,1,2,1,1,2,0,1,1,2,1,2,0,1,1,0,1,1,2,1,1,1,1,0,1,1,2,1,0,0,0,2,1,2,0,2,2,0,2,1,1,2,1,1,1,1,1,2,2,2,2,1,1,0,1,1,0,2,1,2,0,0,1,0,1,1,0,1,1,2,1,0,0,2,1,1,0,1,2,2,1,0,1,0,1,2,1,1,0,1,0,1,0,1,2,1,1,0,1,1,2,1,0,1,0,1,2,0,1,1,1,0,1,0,1,1,1,1,0,1,1,2,2,2,1,1,0,1,2,1,1,1,1,1,2,2,1,1,1,1,1,1,0,1,1,1,1,0,1,1,2,2,0,1,0,2,1,2,1,2,0,2,1,2,1,1,1,1,1,1,2,1,1,2,1,0,1,0,1,1,2,1,2,0,1,1,1,1,1,2,1,1,1,0,2,0,0,1,1,1,1,2,2,1,1,2,0,1,2,0,2,2,0,1,1,0,0,1,1,1,1,0,2,1,0,2,1,2,0,0,0,0,1,0,2,1,1,1,0,0,1,2,2,2,1,0,1,1,2,0,1,2,1,2,2,0,0,0,2,0,1,1,1,1,1,2,0,1,0,0,1,1,2,0,1,1,0,1,1,1,1,2,2,0,0,2,0,1,1,0,1,2,0,1,1,1,1,1,2,1,1,1,0,1,1,0,0,1,0,1,1,1,1,0,1,2,1,1,1,0,2,1,0,2,2,1,0,2,0,2,1,2,1,1,1,0,0,1,1,1,0,1,0,1,2,0,1,1,0,1,1,1,2,1,0,0,1,0,1,2,2,0,1,0,1,1,2,2,1,1,1,1,2,0,0,1,1,1,1,1,1,0,1,1,1,0,1,2,2,1,0,1,2,2,0,0,2,2,0,1,1,0,0,1,2,2,1,0,0,2,1,1,2
"IND0092",1,1,1,1,1,1,2,2,0,1,2,1,1,0,2,1,2,1,0,0,0,2,1,0,2,1,2,1,1,1,0,2,1,2,1,2,2,1,1,1,0,1,1,2,1,2,2,1,2,1,2,1,2,2,2,1,1,0,0,2,1,1,1,0,2,0,1,2,1,2,2,1,1,1,1,2,0,1,2,1,1,0,0,2,1,2,0,0,1,2,0,0,2,2,1,1,2,1,0,0,1,2,0,2,1,0,2,0,1,0,0,0,2,0,1,1,0,1,1,1,0,2,1,0,1,0,2,1,2,0,2,2,2,2,2,1,0,0,1,0,1,2,1,0,1,1,1,1,1,2,2,1,1,2,0,1,0,2,2,1,0,0,2,1,1,0,1,0,2,0,0,1,1,1,1,1,0,0,1,0,2,0,0,1,2,0,2,0,1,0,2,2,0,2,0,2,1,2,0,1,2,0,0,1,1,1,0,0,2,1,2,2,1,1,1,2,0,1,2,0,2,1,1,1,0,2,2,1,1,2,0,2,0,0,2,1,0,1,1,0,2,1,2,2,0,2,0,0,1,1,1,1,2,1,1,0,2,1,0,0,2,1,1,2,2,1,1,2,1,1,2,2,1,1,2,1,1,1,0,2,0,1,0,1,0,0,1,0,1,2,1,0,1,0,1,1,1,2,0,2,2,0,1,1,1,0,0,1,1,2,1,1,0,2,2,2,2,1,1,0,1,0,1,1,1,1,0,1,1,1,2,2,0,1,0,2,1,2,2,2,0,2,2,2,1,0,1,2,2,1,1,2,0,2,2,1,1,1,1,1,1,2,2,1,1,1,1,2,1,1,1,1,1,2,0,1,0,1,2,2,2,0,0,1,1,1,1,0,1,1,0,1,2,0,1,0,0,2,2,1,0,0,0,1,2,1,0,0,1,1,2,2,1,1,2,1,2,1,1,1,0,1,0,0,2,0,0,2,2,0,1,2,2,1,1,2,2,0,1,1,0,2,2,0,0,1,1,2,1,2,1,0,2,1,2,1,1,1,2,1,1,1,1,1,1,1,2,1,2,2,0,1,1,1,0,1,2,1,2,0,1,2,1,1,2,1,2,1,2,1,1,1,0,1,1,2,1,2,0,1
"IND0093",0,1,0,1,2,0,0,1,1,1,2,1,1,0,1,1,2,2,1,0,1,1,1,2,2,1,2,1,0,2,1,1,1,0,0,1,2,1,2,1,2,0,2,1,0,1,0,0,0,1,0,1,0,1,1,1,2,1,1,1,2,1,0,0,2,0,1,2,0,2,1,2,0,1,1,0,1,1,1,1,1,2,1,0,1,1,2,0,1,2,1,2,2,2,1,1,2,1,2,2,1,2,2,0,1,1,0,1,1,2,2,0,2,1,0,0,1,0,1,0,2,2,1,0,0,2,1,1,0,2,1,1,2,0,1,0,0,0,1,0,1,2,1,0,1,1,1,0,2,2,1,2,1,1,0,1,1,2,0,1,2,2,0,2,1,1,2,1,2,2,1,1,0,1,2,2,1,1,1,0,1,1,1,1,1,2,1,1,1,2,1,0,1,0,1,2,1,0,1,0,1,1,2,2,2,1,1,1,2,0,0,1,1,1,2,1,1,2,1,2,1,1,1,1,1,2,1,2,1,1,1,2,1,2,2,0,0,0,1,0,0,1,1,2,0,1,2,1,1,2,1,1,0,1,2,1,2,1,2,1,1,0,0,1,1,1,1,2,1,1,0,2,1,2,0,1,1,1,1,1,0,2,2,0,1,2,1,0,2,1,1,2,2,2,1,1,1,1,2,2,2,2,2,0,1,1,0,0,2,1,1,0,1,2,1,0,0,1,1,2,2,0,1,1,0,1,1,0,0,0,2,1,0,1,0,2,2,2,1,2,1,2,0,2,1,0,0,0,1,1,0,1,0,2,2,2,2,0,2,1,0,2,0,1,1,2,1,0,1,2,1,1,0,2,1,0,0,1,1,1,1,1,1,1,0,1,2,0,1,1,1,2,0,2,1,1,1,1,0,0,1,1,2,1,0,1,0,1,1,1,2,1,2,2,1,2,2,1,1,1,1,0,1,0,1,1,0,1,0,0,1,2,2,1,1,1,0,2,1,1,1,2,2,0,2,2,0,2,1,2,0,1,2,1,0,0,2,1,1,1,0,1,0,1,0,1,2,1,1,2,0,1,1,2,0,0,2,0,1,0,0,2,2,1,2,1,2,1,1,1,1,1,2,0,0,0,1,1,0,0
"IND0094",2,1,1,1,0,0,1,1,1,2,2,0,1,1,2,1,2,1,1,1,2,0,1,1,1,1,2,1,2,1,1,0,2,1,1,2,1,2,0,1,1,1,2,0,1,0,0,2,2,2,1,0,2,0,2,2,1,0,0,1,0,0,2,0,1,0,2,2,2,0,1,1,0,1,0,0,1,1,2,0,2,0,1,1,2,2,2,2,0,1,1,2,0,1,1,1,2,2,1,1,0,2,1,2,2,0,0,1,1,0,0,2,1,1,2,0,0,0,1,1,1,0,2,2,2,0,0,2,2,1,1,2,1,0,2,1,0,2,2,1,2,1,0,0,1,2,1,1,0,1,2,2,2,0,2,1,0,1,1,2,2,1,2,1,2,0,1,1,1,2,1,1,2,2,1,0,1,0,0,0,1,2,1,2,1,1,0,1,2,1,0,0,0,1,1,2,2,0,2,1,1,2,0,2,0,1,1,0,1,2,0,1,2,0,2,1,0,0,1,1,0,1,0,0,1,1,0,0,1,2,2,0,0,1,1,1,1,1,1,1,1,2,0,2,0,1,2,1,2,0,2,2,2,0,2,0,1,2,0,1,1,1,1,1,2,1,1,2,1,2,1,1,1,0,2,2,1,1,1,0,1,1,0,1,0,0,1,2,1,0,1,0,0,1,0,0,2,0,1,0,0,1,1,1,2,1,1,1,0,2,1,1,1,0,0,0,2,2,1,1,1,1,0,2,0,1,2,0,1,2,1,1,2,2,0,0,1,0,0,0,1,2,0,1,2,1,1,2,0,0,1,0,2,0,1,1,1,2,1,2,1,1,2,0,1,1,2,0,0,1,1,0,1,0,0,0,1,1,2,0,0,2,0,1,2,1,2,0,1,2,0,1,1,1,1,0,1,2,1,0,1,1,1,0,1,1,0,0,0,1,1,1,0,1,0,1,1,0,2,0,2,0,2,1,1,1,2,1,2,1,0,1,1,1,1,1,1,0,2,1,1,1,1,0,0,1,0,0,1,1,0,1,0,0,1,2,1,2,1,1,1,1,1,2,2,2,0,2,1,1,1,2,2,1,1,2,1,0,0,2,2,1,1,1,0,1,0,2,1,2,2,1,2,1,1,1,1,2,1,1
"IND0095",1,0,1,1,2,1,0,0,0,2,1,1,2,1,1,2,2,1,2,0,1,1,0,1,2,1,2,1,2,2,2,1,1,1,1,1,0,0,2,1,1,1,1,1,1,0,2,1,1,1,2,0,1,2,1,2,1,2,1,0,1,2,2,1,1,2,2,1,1,0,1,1,1,0,1,1,2,1,1,1,1,1,2,1,1,1,2,0,1,1,2,0,0,1,1,1,0,1,0,2,0,0,0,0,2,2,1,1,2,1,1,1,1,1,0,0,1,0,2,1,0,2,2,0,2,0,1,1,1,0,2,1,1,1,0,1,2,1,2,1,1,1,1,2,2,1,0,2,1,2,2,0,1,1,2,1,1,2,0,2,2,1,0,1,1,1,1,2,0,1,1,2,0,1,2,1,1,1,0,0,1,1,2,2,2,0,1,1,1,1,1,2,2,1,0,0,1,0,0,1,1,0,1,1,1,2,1,1,2,1,1,1,2,1,0,1,1,0,2,1,2,1,2,2,2,2,1,0,0,0,2,1,0,2,1,1,1,2,2,1,0,0,1,1,0,1,1,1,2,1,2,2,2,1,1,1,1,1,0,0,1,2,1,2,0,0,1,2,1,1,1,0,2,0,0,2,2,1,1,1,1,1,1,2,0,2,0,0,2,1,1,2,1,2,0,1,1,0,1,1,0,2,1,1,1,2,1,0,0,2,2,0,2,2,1,1,1,0,0,0,2,1,2,0,0,2,1,1,0,2,0,1,0,1,0,2,1,1,1,0,1,1,2,0,1,1,2,0,2,1,1,2,1,0,0,1,1,1,1,1,0,2,1,1,0,1,1,1,2,1,1,0,0,1,2,0,1,0,1,0,0,0,2,0,1,1,1,2,0,2,1,1,1,1,1,1,1,0,1,1,0,1,2,1,2,1,0,0,0,1,1,2,0,0,2,1,1,2,1,1,1,1,1,1,2,0,2,2,1,2,1,1,0,0,0,1,1,2,2,2,1,1,2,0,0,2,1,2,1,1,1,0,0,1,1,1,0,1,1,1,1,1,0,1,1,0,2,1,2,1,2,1,1,0,1,2,1,0,1,1,0,1,1,1,2,1,0,0,1,1,0,0,2,1,2,0,2,1,0,2
"IND0096",1,0,1,1,0,1,0,1,2,2,1,1,0,2,0,0,1,1,2,1,2,1,1,0,1,2,2,1,2,0,0,0,1,0,2,1,2,1,0,2,0,1,1,0,0,0,2,1,1,1,0,1,1,1,1,2,1,1,1,2,0,1,0,1,1,0,1,1,1,1,2,1,0,2,2,2,1,0,1,1,1,2,1,1,1,0,1,2,1,1,0,0,1,2,1,2,0,0,2,0,0,0,0,1,1,0,2,2,1,2,2,1,2,1,1,1,1,0,1,2,1,0,1,2,1,1,1,0,2,0,0,1,1,1,1,1,1,2,1,1,1,1,1,2,0,1,1,1,1,2,1,2,0,1,2,0,2,0,1,2,1,1,2,2,1,1,2,1,2,0,0,1,1,1,2,2,1,1,1,1,0,1,1,1,1,2,0,1,2,2,2,2,1,1,1,2,0,1,1,2,0,1,2,1,0,2,0,0,1,1,2,0,1,2,1,1,1,2,1,1,2,0,2,2,0,2,1,2,0,0,1,0,0,1,2,1,0,1,1,0,0,0,2,1,2,1,1,2,2,1,1,1,1,0,2,1,0,2,1,1,0,1,0,0,0,2,2,2,2,0,0,0,1,1,0,1,1,0,1,0,1,0,2,0,1,2,2,1,1,2,2,1,2,1,2,1,1,1,1,1,2,2,1,1,2,0,1,0,0,2,0,1,1,0,2,1,1,1,0,1,1,0,1,2,2,2,2,0,1,1,1,1,2,1,1,0,2,1,1,1,1,2,0,2,0,1,2,2,2,1,1,1,1,0,2,1,2,1,1,1,1,1,2,1,2,2,1,0,0,0,0,1,2,1,1,1,0,2,1,2,1,2,2,1,2,0,0,1,1,0,2,0,0,1,1,0,2,1,0,1,2,0,1,2,2,1,0,1,1,1,2,1,2,0,2,1,1,1,2,1,1,2,1,1,2,1,2,1,0,0,0,0,1,1,1,1,0,1,1,1,1,1,2,2,0,0,1,1,2,1,2,1,2,2,2,2,0,0,2,0,2,2,0,2,0,1,2,1,1,2,2,2,1,0,2,0,1,1,0,2,1,0,2,1,1,1,1,2,1,2,2,1,2,1,2,0,2,2,2,2
"IND0097",1,0,1,1,1,2,1,2,1,1,1,2,0,2,2,2,1,2,0,2,1,1,1,2,1,0,1,0,0,0,1,1,1,1,1,2,2,0,0,1,1,0,1,0,0,2,1,0,1,0,0,0,1,2,2,2,1,0,0,1,2,1,1,1,0,0,1,1,2,0,2,2,1,2,0,1,1,2,0,2,1,0,1,0,1,2,0,1,2,2,2,1,2,1,2,2,1,1,1,2,0,1,2,1,1,1,0,1,1,1,1,1,2,1,1,1,1,2,2,1,0,0,1,1,0,1,1,2,1,2,1,2,1,2,2,1,1,1,1,0,1,0,1,0,0,1,1,1,1,0,1,1,1,0,0,2,2,1,2,1,1,0,0,2,2,1,1,0,0,1,1,1,1,1,1,2,1,1,1,1,1,1,0,2,1,1,2,1,0,2,2,2,1,1,1,0,2,1,1,1,2,2,1,0,2,1,1,0,1,1,0,1,0,0,2,0,2,1,2,0,1,0,0,0,2,2,1,1,0,0,2,2,2,2,1,2,2,0,1,1,1,0,1,2,2,1,1,2,1,2,1,0,1,1,1,2,0,2,0,1,0,1,1,0,2,2,1,0,1,2,1,2,0,1,0,2,2,1,2,1,0,0,1,1,2,1,2,2,1,1,1,0,1,2,0,2,1,1,1,1,1,0,0,2,2,1,2,1,2,2,2,1,1,2,1,2,1,1,0,2,0,1,0,1,1,1,0,1,1,1,0,1,1,2,1,1,1,1,2,0,0,0,0,1,1,1,1,1,1,1,1,2,1,2,2,0,2,1,0,2,2,0,0,0,0,0,1,1,2,0,2,1,0,1,2,1,1,0,2,1,2,1,1,1,2,0,0,0,2,2,2,2,1,0,2,1,2,0,1,1,1,2,0,0,2,0,1,1,1,2,1,0,2,0,1,0,1,2,1,1,1,0,1,2,1,1,0,1,0,1,1,1,2,2,1,1,1,1,2,2,1,2,2,1,2,2,1,1,1,2,1,0,1,1,1,1,2,2,1,1,1,1,1,2,1,1,1,1,0,0,2,2,2,0,1,2,0,2,2,1,1,2,2,1,0,2,2,2,0,1,1,1,2,1,0,1,1,0,1,1
"IND0098",1,1,2,1,1,1,1,2,1,2,1,0,1,2,1,1,0,1,1,2,1,1,2,0,1,1,1,0,1,2,1,1,1,1,1,1,1,0,0,0,2,1,2,1,1,0,2,1,1,0,0,2,1,1,1,0,0,1,2,1,2,0,1,1,0,1,2,1,1,0,1,2,2,1,1,2,1,1,1,1,1,2,1,0,1,0,0,1,0,0,1,1,0,2,1,0,0,1,2,2,1,2,1,1,2,2,1,1,1,0,1,2,1,1,2,1,0,0,1,1,0,2,0,1,0,2,1,0,1,1,0,2,2,1,1,1,2,1,1,1,2,1,1,0,1,1,1,1,0,2,1,0,1,1,1,0,0,1,2,1,0,0,1,0,0,1,1,0,1,1,1,0,1,0,2,2,2,2,1,1,0,2,2,1,2,2,1,0,0,1,1,2,2,0,1,1,1,1,1,1,1,1,0,1,0,2,0,1,0,1,1,1,0,2,1,2,1,1,2,2,0,1,2,0,0,2,0,2,2,1,1,0,1,0,0,2,1,1,1,2,1,1,1,1,0,1,0,1,0,0,1,2,1,1,1,2,1,1,1,2,1,1,1,2,1,0,0,0,1,1,0,2,1,0,0,1,0,1,1,1,0,0,2,2,2,2,2,2,1,2,2,2,1,1,1,2,2,0,1,0,2,1,1,0,1,0,1,1,0,2,1,2,0,2,1,1,0,0,1,1,1,0,1,0,0,1,0,0,1,1,2,0,1,0,1,2,2,0,2,1,2,0,1,0,1,1,0,0,2,2,2,0,0,1,2,1,0,1,1,2,0,2,1,2,2,0,2,1,1,2,0,1,1,1,1,1,1,1,1,0,0,1,1,2,1,0,2,1,1,1,0,2,2,0,0,0,0,1,0,0,1,1,1,0,1,0,1,2,1,0,2,1,1,0,2,1,0,1,0,2,1,2,2,2,2,1,2,1,1,1,1,2,1,2,0,1,0,1,1,1,1,2,1,1,1,0,1,0,0,1,1,0,1,2,1,1,0,0,2,1,1,2,0,1,2,2,1,1,1,0,1,1,1,1,0,0,1,1,2,0,2,2,1,2,1,1,2,2,1,2,1,0,0,2,1,1,1,1,2,2
"IND0099",2,1,1,1,0,1,1,2,1,2,0,1,1,1,1,1,2,1,1,1,1,1,1,1,2,1,0,2,1,2,1,1,2,1,0,0,1,1,2,1,1,1,1,2,2,2,1,1,2,1,0,1,1,1,1,1,0,1,1,1,1,0,1,2,1,2,1,1,1,0,2,1,2,1,0,2,1,1,0,1,1,1,1,2,1,1,1,1,1,2,2,1,2,1,1,0,1,1,1,2,1,0,2,2,2,1,2,0,2,1,2,1,0,0,2,2,0,1,1,2,1,1,2,1,1,2,0,1,2,1,2,2,1,1,1,2,0,1,1,2,1,1,2,1,0,1,2,0,1,1,0,2,1,0,1,1,2,1,0,0,0,1,1,1,1,1,1,1,1,1,0,1,2,0,1,0,1,1,2,1,2,2,1,2,1,1,1,0,1,1,2,0,0,2,1,2,0,1,0,1,2,2,1,1,1,1,0,2,0,2,1,2,1,1,0,2,0,1,0,1,0,2,2,0,2,0,1,0,1,1,0,0,0,2,1,2,2,2,2,0,2,1,1,0,0,1,1,0,2,2,1,0,1,1,0,2,0,1,1,0,1,1,1,0,1,1,2,2,1,0,1,1,0,0,0,0,2,0,0,2,1,1,1,1,1,2,0,1,0,1,0,1,1,1,1,1,0,0,2,1,1,2,1,0,1,1,1,2,2,1,0,2,1,0,2,2,1,1,1,0,2,1,2,2,1,1,1,0,1,1,0,1,2,1,2,1,2,2,1,1,1,0,2,2,2,1,0,1,2,2,2,2,1,1,1,1,1,1,0,1,1,1,0,1,2,0,0,0,1,0,1,1,2,0,1,1,1,1,1,1,1,0,2,1,1,0,1,2,1,0,1,1,1,2,1,0,2,2,1,1,0,0,1,2,2,0,2,1,0,2,2,1,1,2,1,0,1,0,1,1,1,1,1,0,0,1,1,1,1,2,1,2,1,0,1,2,1,0,0,2,1,1,1,1,0,0,0,0,0,1,2,1,1,1,1,2,1,1,1,2,0,0,2,1,0,1,2,0,1,1,1,2,0,2,1,0,1,1,0,0,2,1,0,0,2,1,2,0,1,1,0,2,1,0,1,2,1,1,1,1
"IND0100",2,0,0,0,1,0,1,1,0,1,2,1,1,1,1,1,0,0,2,0,2,2,1,1,2,1,2,2,0,1,2,1,1,2,1,0,1,2,1,0,1,1,2,1,1,1,1,1,1,1,1,0,1,1,1,1,1,0,1,2,0,1,0,2,1,1,1,1,0,1,1,1,2,1,2,0,1,2,2,2,1,1,1,1,0,1,1,0,0,2,1,0,1,1,2,1,0,2,2,2,1,1,1,2,1,1,1,1,0,1,0,1,1,2,1,0,2,2,2,0,1,2,1,1,2,1,0,2,0,0,1,2,1,0,0,1,2,1,1,0,0,1,0,0,0,1,1,1,1,0,1,1,0,1,2,2,1,1,1,1,0,1,0,1,1,1,1,0,1,1,2,0,1,1,1,2,0,0,2,2,1,1,1,2,2,1,2,1,1,1,0,1,0,2,1,0,2,0,1,1,2,2,1,1,1,2,2,2,1,1,1,2,1,0,0,1,1,1,2,1,1,1,1,1,1,0,0,2,1,2,0,0,2,2,0,1,1,0,0,2,1,1,2,1,1,1,1,0,1,0,0,2,2,2,2,2,2,0,1,0,0,2,2,0,0,2,0,1,1,0,1,1,0,0,0,2,0,2,0,1,2,2,1,2,2,1,2,1,2,1,0,1,1,2,0,1,0,0,1,1,2,2,2,1,1,1,1,1,1,2,0,1,1,2,1,0,2,1,1,2,1,1,1,1,2,1,2,1,1,0,1,0,1,1,2,0,0,2,1,2,2,2,0,1,0,0,1,1,1,1,2,2,1,1,0,1,1,1,1,1,2,1,2,0,1,1,1,1,0,0,1,0,0,0,0,0,0,2,1,1,1,0,1,1,1,2,1,1,1,1,0,1,1,1,0,2,0,1,1,1,0,1,1,1,1,1,1,1,2,2,1,1,2,0,1,1,1,1,0,1,0,1,1,0,1,2,0,0,2,0,1,1,2,1,2,1,1,1,2,0,2,2,1,2,0,0,2,1,1,0,2,0,2,1,0,1,2,1,2,1,2,1,2,2,2,1,1,1,1,1,0,1,0,1,2,1,2,2,0,1,2,1,0,2,2,0,0,1,2,1,2,1,2,2,0,0,1,2,0,1
"IND0101",1,1,1,1,0,0,1,2,2,1,2,0,1,0,2,2,2,0,1,1,1,1,2,1,1,0,1,1,2,1,1,0,0,0,1,0,1,0,1,2,1,1,1,2,1,1,2,1,1,0,1,0,1,1,0,2,2,0,0,0,1,0,2,2,1,2,1,2,0,1,2,0,0,0,1,1,1,1,0,0,1,0,1,1,2,1,1,1,1,1,0,1,2,2,1,1,1,0,2,1,1,1,1,1,1,0,0,1,2,2,2,1,1,1,2,2,1,2,1,1,2,1,2,0,1,1,0,2,2,1,1,1,1,1,1,1,1,1,0,1,1,1,0,2,2,1,0,0,1,2,2,0,0,2,0,2,1,1,1,0,1,2,1,0,0,1,2,1,1,0,0,1,2,2,0,1,0,2,1,2,1,1,1,0,1,2,1,2,0,1,0,1,1,2,1,2,1,2,1,1,2,0,2,1,1,2,1,2,1,1,1,1,2,1,1,1,0,2,1,0,2,1,1,2,2,0,2,2,2,1,0,1,2,0,2,1,1,1,2,2,1,0,1,0,0,2,0,1,1,1,2,0,1,0,1,2,1,1,1,1,1,1,2,1,0,2,0,0,0,1,2,1,2,1,2,2,2,1,2,1,0,0,1,1,2,2,1,1,2,0,2,0,1,1,0,2,1,0,2,1,2,0,1,1,1,0,1,1,1,1,2,1,2,1,1,0,2,0,0,2,2,1,0,1,2,2,0,2,1,1,1,1,0,2,1,0,2,1,1,2,1,1,1,0,1,1,1,1,0,1,2,2,2,0,1,1,0,0,1,0,0,1,2,1,2,1,0,2,1,1,0,2,1,0,0,1,1,1,0,1,2,2,1,2,0,1,2,1,2,2,2,1,0,0,1,1,1,2,2,1,1,2,1,1,1,2,1,0,1,1,1,1,1,1,2,1,1,0,1,1,0,0,2,1,2,0,1,1,2,1,1,2,1,2,0,0,0,1,1,2,1,1,1,0,1,0,1,0,1,2,0,2,1,0,1,0,0,0,0,1,0,0,0,1,2,1,2,1,1,2,1,1,1,0,2,2,1,1,0,0,2,0,2,1,1,0,1,1,0,2,0,0,0,1,1,2,1,1,2,1
"IND0102",1,1,2,2,2,1,2,2,1,2,1,0,0,2,1,2,0,1,0,0,0,1,1,0,1,2,1,1,2,1,1,0,2,1,1,2,1,2,2,1,1,2,1,0,0,2,1,1,2,0,1,0,1,0,1,1,2,1,2,1,1,0,0,2,1,1,1,0,2,1,1,2,1,1,0,0,0,1,1,0,1,1,1,1,2,1,2,1,1,0,1,1,1,2,2,0,1,2,1,2,0,1,2,1,2,1,2,2,1,1,0,1,1,1,2,0,2,2,0,0,2,1,1,0,1,2,2,1,1,2,1,0,1,2,2,1,0,1,0,1,0,1,2,2,0,1,2,1,1,2,2,0,0,1,1,1,0,1,0,0,0,1,0,1,2,2,1,0,1,1,0,1,1,0,1,1,0,2,1,2,1,1,0,2,2,1,1,2,1,1,1,1,0,2,0,2,1,1,0,1,1,0,0,1,1,2,2,1,2,1,2,1,1,1,1,0,1,1,1,1,1,1,2,1,1,0,0,1,2,1,1,1,2,2,2,1,1,1,1,0,0,1,1,0,2,0,1,2,0,1,2,2,1,1,1,2,0,2,1,1,1,2,1,1,1,0,1,1,1,1,0,2,1,1,1,2,0,2,1,1,1,1,2,2,1,1,1,2,0,0,1,0,1,2,1,0,1,0,1,2,1,1,2,1,0,2,2,1,2,1,0,1,1,1,1,2,1,1,0,2,1,1,0,1,1,0,2,1,2,2,2,1,1,0,1,2,1,1,2,1,2,1,1,1,0,1,0,2,2,2,1,1,1,1,1,1,2,0,1,2,2,2,1,0,1,1,1,0,2,1,2,0,1,2,1,1,2,2,0,1,1,1,1,0,1,0,0,2,2,1,0,2,1,1,2,1,2,1,1,1,1,2,2,1,0,1,1,2,2,1,1,1,1,0,2,1,2,1,1,2,1,1,1,1,1,0,1,2,0,2,0,0,0,2,1,1,1,0,0,1,1,0,1,2,1,1,1,1,0,1,1,1,1,1,1,1,1,2,0,2,0,1,1,1,1,2,1,0,1,1,0,2,1,0,2,2,2,2,2,0,2,2,2,1,1,1,1,1,1,1,0,1,1,2,0,0,1,0,2,0
"IND0103",1,2,0,1,1,1,0,1,1,1,2,1,1,1,0,0,2,2,1,1,2,1,1,1,0,1,0,0,1,2,1,1,0,1,2,2,1,2,1,2,2,1,1,2,1,1,2,1,1,1,2,2,1,1,0,0,1,1,0,0,0,1,1,0,1,0,2,2,1,1,1,1,2,1,1,1,0,0,1,2,0,1,0,1,1,2,0,1,0,0,0,1,2,1,0,2,1,1,1,1,1,2,1,1,1,2,2,1,0,1,1,1,0,1,1,0,2,2,0,0,0,2,1,0,2,1,0,1,1,1,1,1,1,1,1,1,1,0,1,0,0,1,1,1,0,1,0,2,1,0,2,1,1,0,1,1,2,1,0,1,0,1,0,1,1,1,2,2,1,2,0,1,2,2,0,2,2,1,1,1,1,0,2,1,1,2,1,2,1,1,2,2,0,1,2,1,1,0,1,1,2,0,1,1,0,2,0,2,1,2,1,1,1,1,0,1,0,1,0,1,0,0,0,0,2,2,1,1,2,1,0,1,1,1,1,0,0,1,2,0,1,0,1,1,2,1,0,2,1,0,0,1,1,1,1,2,2,1,2,1,0,2,0,1,0,1,0,0,1,2,2,1,2,1,1,1,1,1,0,0,2,2,1,1,1,1,1,1,1,2,1,1,0,0,0,1,0,0,2,1,1,0,1,2,1,1,2,1,0,0,0,1,2,1,1,2,1,0,0,0,0,2,1,1,1,1,1,1,2,1,2,2,0,2,1,2,0,0,1,2,0,0,1,0,0,2,2,1,1,2,1,0,0,1,1,1,0,2,2,0,1,2,2,1,2,0,0,1,1,1,1,2,0,1,2,0,0,1,2,1,0,0,2,2,1,2,0,0,2,1,2,1,1,0,1,1,1,0,0,1,0,1,1,2,2,2,0,2,1,1,1,2,0,0,1,0,1,1,1,2,2,2,0,1,1,1,1,0,0,2,0,2,0,1,1,1,0,0,1,2,1,1,1,1,0,2,0,2,1,2,1,2,1,2,1,2,2,1,1,2,2,0,1,0,0,0,1,2,1,1,1,1,0,0,1,1,2,2,1,1,2,1,1,1,0,1,1,1,1,2,1,1,0,1,0,2,1,1,0,1
"IND0104",1,0,0,1,1,2,0,1,2,1,0,1,0,2,1,2,1,1,0,0,2,2,1,1,1,0,1,0,1,1,1,1,1,2,2,1,1,1,1,1,0,2,2,1,1,0,1,1,1,1,2,2,1,1,2,2,1,1,1,1,0,2,2,1,1,1,1,1,0,1,1,1,1,0,2,1,1,1,2,1,0,0,2,1,0,0,0,2,1,1,1,0,1,1,1,0,1,0,2,1,2,1,1,1,1,1,1,1,0,1,0,1,0,1,2,1,0,0,1,1,1,1,2,2,2,2,2,1,1,1,2,0,2,2,2,1,1,1,1,1,2,2,1,2,0,1,1,0,1,1,2,0,1,2,2,1,0,1,2,2,1,1,0,0,1,2,0,0,0,0,0,1,0,0,1,1,0,1,1,1,0,1,1,1,2,0,0,2,2,0,1,2,2,1,1,2,1,0,2,2,1,1,2,2,1,2,1,0,1,2,1,2,2,1,1,0,2,1,2,1,1,2,1,1,1,0,2,1,1,2,1,1,0,2,1,1,2,1,1,2,0,2,0,1,0,0,2,1,1,1,0,1,1,0,2,0,2,0,0,1,0,2,2,2,1,1,1,2,0,1,1,0,2,1,1,0,1,2,1,0,2,1,2,1,0,0,2,1,0,2,2,0,2,1,1,1,2,2,2,0,0,1,0,0,1,2,2,1,2,0,2,0,2,0,0,1,1,2,1,1,2,2,1,1,1,1,1,0,1,1,2,1,1,1,2,2,0,2,0,1,2,0,1,1,0,1,1,1,2,1,1,0,2,1,2,1,2,1,0,1,1,1,2,0,1,1,2,0,1,2,0,2,0,1,1,2,1,1,1,1,1,0,1,1,0,2,2,2,2,2,2,1,0,1,1,2,2,0,1,1,1,0,1,1,0,1,1,2,1,1,2,2,0,1,1,1,1,1,2,1,2,2,0,1,1,1,1,1,2,1,0,1,1,1,2,1,1,0,1,2,1,1,0,1,1,1,2,1,1,1,0,1,1,1,0,0,0,2,2,2,0,1,1,1,0,0,2,2,1,0,1,0,0,1,1,1,1,1,1,1,1,1,1,1,0,0,1,1,1,2,1,1,1,0,2,1,0,1,0,0
"IND0105",1,2,1,0,1,0,1,1,1,0,1,1,2,1,0,1,1,1,1,2,1,1,0,1,1,1,1,1,2,1,2,0,0,1,0,1,1,2,1,0,1,1,0,2,1,0,1,2,0,1,1,2,1,1,0,1,1,0,1,0,2,0,2,1,1,2,0,1,0,0,2,1,1,0,1,1,2,1,1,1,1,1,2,0,2,1,0,0,0,1,1,2,1,2,1,1,0,1,2,2,0,1,2,2,2,2,1,1,2,2,2,0,2,2,0,1,0,2,0,0,0,1,0,1,1,0,0,1,1,1,1,2,1,1,1,1,1,2,0,0,1,1,1,0,1,0,2,1,1,1,2,1,1,1,2,0,1,1,1,1,0,0,0,0,2,2,1,1,1,0,1,1,0,1,1,1,1,0,0,2,0,1,2,1,1,0,1,1,0,2,0,1,1,0,1,1,0,1,1,1,0,2,1,0,0,1,0,2,1,2,2,1,1,0,2,0,2,1,2,0,1,2,1,0,0,0,2,0,2,1,1,0,1,0,1,1,0,0,0,0,1,0,1,1,1,1,1,1,2,1,1,1,0,2,2,1,1,2,2,1,0,0,1,1,0,1,1,2,0,0,2,1,0,0,0,0,1,1,2,1,1,0,2,2,0,1,2,0,1,1,0,2,2,0,0,1,0,1,1,1,1,2,2,1,1,1,1,2,2,1,0,1,2,1,1,0,1,1,2,2,2,0,2,0,2,1,2,1,0,0,1,0,2,0,1,0,0,0,0,1,0,0,2,0,2,0,1,2,0,0,1,1,1,0,2,1,0,0,1,1,0,2,0,2,2,1,1,1,2,1,2,2,1,1,1,1,0,1,2,1,1,1,0,1,2,1,1,0,0,0,2,2,1,2,1,1,2,1,1,1,0,0,0,1,2,1,0,0,1,0,1,1,1,2,1,0,1,0,1,1,2,2,1,2,0,1,1,1,1,0,1,1,1,1,0,2,1,1,1,1,1,1,1,1,0,2,0,1,1,1,1,1,1,1,0,0,2,2,1,2,1,0,0,2,2,2,0,1,1,2,1,2,2,1,1,1,2,1,1,1,0,0,1,2,1,1,1,1,1,1,2,1,2,2,1,1,1,2,2,0
"IND0106",2,1,1,0,1,1,0,0,1,2,2,2,1,0,1,1,0,0,1,1,1,1,0,2,1,1,1,2,0,2,0,1,2,1,1,0,2,1,0,2,2,2,1,1,2,0,1,1,1,1,1,1,1,1,0,1,1,1,2,0,1,0,1,0,1,2,1,1,1,2,1,1,2,1,1,1,2,0,0,1,2,1,0,2,0,1,2,1,1,2,1,0,0,2,0,1,0,0,0,0,2,0,2,2,0,1,1,0,2,1,0,0,1,1,1,1,0,2,0,0,2,1,1,0,2,0,0,1,0,1,1,2,2,1,1,1,1,1,0,0,1,1,1,1,2,0,0,1,1,0,1,1,1,2,0,2,2,0,1,2,0,2,2,0,1,1,2,2,0,0,2,2,1,1,2,1,1,2,1,1,1,1,2,2,1,1,1,1,1,1,0,1,1,1,0,2,1,2,2,1,1,2,0,0,1,1,1,1,0,0,1,2,0,1,2,1,1,1,2,1,2,2,1,1,2,2,1,1,1,2,1,0,1,2,2,1,1,1,0,1,1,1,0,1,0,1,1,1,1,2,1,1,0,0,1,1,1,0,1,0,2,1,1,1,0,1,1,0,1,0,0,1,1,2,1,0,2,1,0,1,1,0,1,2,0,0,1,1,1,1,1,2,1,1,0,0,2,1,1,0,1,0,1,2,2,2,2,1,1,0,2,1,1,1,1,2,0,1,2,0,1,0,2,2,1,1,1,1,0,1,0,1,1,2,1,2,1,1,1,0,1,1,0,2,2,1,0,0,1,0,2,1,0,1,2,2,2,2,1,1,1,2,2,2,1,2,1,0,0,0,1,0,1,2,1,1,2,0,1,0,1,2,0,0,2,2,1,1,1,0,2,0,1,1,1,0,1,1,0,1,1,0,2,1,1,1,2,1,1,1,0,1,1,1,0,0,1,2,1,2,2,1,0,1,1,1,2,1,1,1,1,2,1,2,0,0,1,2,1,2,1,0,0,1,0,2,1,1,2,2,1,1,1,0,0,1,1,1,1,1,0,2,0,1,1,0,0,1,1,1,1,2,0,0,1,0,1,2,0,2,2,0,1,1,2,1,2,1,1,0,1,2,1,2,0,2,0,1,1,1
"IND0107",1,0,2,0,0,0,2,1,1,2,1,2,0,0,1,0,1,1,2,2,2,0,1,2,2,1,0,1,1,0,1,0,0,1,1,1,1,0,2,1,0,0,1,1,1,2,0,1,1,0,2,1,0,0,2,0,2,1,1,0,2,1,2,1,0,0,0,1,1,0,1,0,1,1,1,0,2,1,1,0,1,1,0,1,0,1,0,2,2,1,1,0,0,2,2,2,1,1,1,2,2,1,0,2,1,1,2,0,1,1,2,2,2,2,1,1,1,1,1,0,1,2,1,1,1,1,1,2,0,2,0,2,1,0,0,0,1,1,1,1,2,2,2,1,2,1,1,0,1,1,1,1,1,0,0,2,2,1,1,0,0,1,1,2,1,2,1,1,0,0,1,2,1,1,2,1,1,2,1,1,1,1,1,1,1,1,1,1,0,0,2,1,2,0,1,1,2,1,2,0,0,0,0,2,2,1,2,1,1,0,0,2,1,1,0,2,2,2,2,1,0,2,1,2,1,2,2,0,0,1,1,0,0,1,0,2,2,0,0,1,1,0,0,1,1,2,1,2,1,1,1,1,1,1,1,1,1,2,2,1,0,1,1,0,2,1,1,1,2,2,0,1,0,2,2,0,0,0,2,1,2,1,1,1,2,0,1,2,2,0,1,1,0,1,2,0,1,2,2,1,0,2,2,2,1,2,2,1,1,1,0,1,1,1,2,1,2,1,0,1,0,2,0,1,1,0,0,1,2,0,1,1,0,0,1,1,1,1,1,2,2,1,2,2,1,1,1,2,0,2,1,1,1,1,1,0,1,0,2,1,0,0,1,1,0,2,1,2,1,1,0,1,1,2,2,1,1,2,1,1,1,1,1,0,0,2,1,0,1,0,0,1,1,2,0,2,0,1,1,2,0,1,2,0,2,0,2,0,2,2,1,1,1,1,0,1,1,0,1,1,0,1,0,1,2,0,0,2,1,1,0,1,1,1,0,0,1,1,2,1,2,2,1,2,1,0,1,1,1,1,1,1,1,1,1,1,1,0,1,0,0,2,2,1,1,0,0,1,1,1,1,2,0,1,1,0,0,1,2,1,2,0,1,0,1,2,1,1,1,0,2,0,1,1,1,1,1,1,0,1
"IND0108",0,2,2,1,1,1,1,1,1,0,0,1,2,2,2,1,1,1,1,1,2,1,2,1,2,1,1,2,0,0,1,2,2,1,1,0,1,2,2,2,1,1,2,1,1,2,2,0,1,2,0,1,1,2,2,2,2,1,0,0,0,1,1,0,2,1,1,0,1,1,1,0,2,2,1,1,1,2,0,2,1,1,1,2,2,1,0,1,0,0,0,1,1,0,0,1,1,1,1,1,2,0,1,1,1,1,0,1,2,0,2,2,0,1,0,1,1,1,1,0,0,1,0,0,0,1,2,1,0,1,0,1,0,1,2,1,1,2,0,0,1,0,1,1,1,1,0,1,1,0,0,1,1,2,2,0,2,0,1,1,2,1,1,1,0,2,2,1,1,2,1,1,1,0,1,0,2,1,0,0,1,0,0,0,1,1,2,2,2,1,1,1,1,1,2,1,2,2,2,2,1,1,1,1,2,1,1,1,2,0,0,2,1,1,0,1,1,0,1,2,1,1,2,1,2,1,1,1,1,1,0,1,1,1,0,1,1,1,0,1,2,0,0,1,1,1,0,2,1,2,2,1,0,0,0,0,2,0,1,0,0,0,1,2,2,2,1,0,1,1,1,2,1,1,0,2,1,2,2,1,1,2,1,0,0,1,1,0,1,0,0,1,2,0,0,1,0,0,1,0,1,0,0,1,1,2,2,2,1,0,1,2,1,1,1,2,1,0,0,0,2,1,1,0,2,1,1,1,0,1,0,1,1,2,0,1,2,1,1,0,0,0,1,2,2,0,2,0,0,0,1,0,1,2,2,2,1,0,0,2,2,2,1,1,0,1,1,2,1,1,2,1,2,1,1,1,2,0,0,0,1,0,1,1,1,1,2,0,1,2,2,0,1,1,2,2,0,0,1,0,1,0,2,1,0,1,1,2,1,1,0,1,0,1,1,2,2,2,0,1,2,1,0,1,0,1,1,1,1,2,1,0,1,2,1,1,2,0,1,0,1,1,1,1,2,2,2,0,1,1,2,2,2,2,0,2,0,1,2,2,1,1,1,2,2,1,0,1,2,1,0,1,1,2,1,1,1,0,2,2,1,0,1,1,1,1,1,0,1,1,1,2,1,0,0,2,1,2,1,1
"IND0109",0,2,2,2,2,1,1,1,1,1,0,1,1,1,1,2,2,1,0,2,2,0,1,2,1,1,2,1,1,0,0,1,2,1,2,1,1,1,0,0,0,1,1,1,2,2,0,2,2,1,2,1,1,0,1,0,1,0,2,0,1,0,0,2,0,1,1,2,2,1,2,1,2,1,0,0,1,1,2,1,0,1,0,1,0,2,2,1,2,1,1,0,2,0,2,2,1,1,1,2,1,1,1,1,1,1,2,2,2,0,2,1,1,1,2,1,1,1,2,1,2,1,0,1,0,1,1,1,1,1,2,1,1,1,1,2,0,1,2,1,1,1,1,1,0,2,2,0,1,0,0,0,1,1,1,0,2,1,1,1,2,1,1,1,2,2,0,2,2,0,2,1,2,1,2,0,1,1,1,0,2,2,1,1,1,2,0,2,0,0,0,0,2,0,0,1,2,1,1,2,0,1,0,2,1,1,2,0,0,1,1,1,2,1,1,0,1,2,2,2,2,0,0,2,0,0,0,1,2,1,1,1,0,0,1,2,1,2,2,0,2,1,0,1,2,2,0,2,1,0,2,1,2,2,0,2,1,1,2,1,1,0,2,2,1,1,2,1,1,2,1,1,1,0,2,1,2,1,1,2,2,0,1,0,2,0,2,1,1,0,0,1,0,1,1,1,1,1,1,1,1,2,0,1,0,2,1,1,1,2,1,0,2,0,2,0,2,2,1,2,1,0,1,2,2,1,2,1,1,2,1,1,1,0,1,1,0,1,0,1,0,1,0,1,0,2,1,0,1,0,2,1,1,1,1,1,0,1,1,1,1,2,1,0,0,1,1,0,0,2,1,2,1,1,2,1,1,2,1,1,2,0,0,2,2,0,1,2,1,1,2,1,1,0,1,0,0,1,0,1,0,1,0,1,1,1,2,0,1,2,2,1,1,0,1,1,1,2,2,1,1,1,1,1,2,2,2,0,2,0,1,0,0,1,0,2,1,2,1,1,0,0,1,0,2,1,1,2,2,0,0,1,1,0,1,1,0,2,1,0,1,2,1,1,1,1,0,1,0,1,1,0,0,1,1,1,1,2,1,0,1,1,1,1,1,2,2,2,1,2,2,2,1,1,0,1,1,1,1,0
"IND0110",1,1,2,1,0,1,2,1,2,1,0,0,1,1,0,0,1,0,0,0,2,1,2,0,0,0,2,2,1,1,1,1,1,0,2,0,1,2,2,1,1,1,1,1,2,2,2,2,1,2,2,2,0,0,1,0,1,2,0,1,1,1,0,1,0,1,1,1,1,0,1,0,1,1,1,1,0,1,1,1,2,1,2,0,1,0,1,0,1,0,1,1,0,1,2,2,0,0,2,0,1,0,1,2,0,1,1,0,1,1,1,0,0,2,0,0,1,1,2,1,2,0,1,1,2,1,1,1,2,1,1,1,0,2,1,1,1,2,2,2,1,1,1,1,1,1,1,0,0,0,1,1,1,1,1,1,1,0,1,1,1,2,1,1,0,1,1,1,1,0,1,1,1,1,1,1,2,0,2,0,2,2,2,1,1,1,2,1,2,1,2,1,0,1,1,0,0,2,2,2,1,1,1,1,2,1,1,1,1,0,0,0,2,2,0,1,2,0,0,2,2,2,1,1,0,2,1,0,1,2,0,1,1,2,0,1,2,2,0,1,1,1,1,0,1,1,1,1,1,1,1,1,1,1,1,2,1,1,1,0,2,0,2,1,1,1,1,1,1,2,1,2,2,1,1,2,1,2,1,1,1,1,1,2,0,2,1,2,0,1,2,1,2,1,1,1,1,2,1,0,0,1,0,0,2,2,0,1,1,2,1,0,0,0,2,0,2,0,1,0,1,0,2,1,1,2,1,1,2,2,2,1,2,1,1,0,2,0,0,1,2,1,2,0,2,1,2,1,1,2,2,1,1,1,0,1,2,2,0,1,0,1,2,1,1,2,2,0,1,1,1,1,2,0,1,2,1,1,0,2,0,1,2,2,0,1,2,2,1,2,2,1,1,0,1,1,2,0,1,1,1,1,0,2,1,1,1,2,0,0,2,1,0,1,1,2,0,2,1,2,1,2,0,1,1,1,0,1,1,1,1,1,2,1,0,2,2,1,1,1,2,1,1,1,1,1,1,1,1,1,1,1,1,0,1,0,1,1,2,2,0,2,0,1,2,1,2,2,1,1,0,1,1,1,0,1,1,2,1,1,2,2,1,2,1,1,0,1,0,2,1,1,1,2,0,1,1,1,1,1
"IND0111",2,2,1,1,0,1,2,1,2,0,2,0,1,0,1,1,1,1,2,1,1,2,0,2,2,2,0,0,2,1,1,0,0,0,2,2,0,1,0,2,2,2,1,2,0,1,2,2,0,1,1,2,0,0,1,1,1,1,1,2,1,0,0,2,2,2,1,0,1,1,2,0,1,0,2,1,1,1,1,2,1,1,0,1,1,1,2,2,0,1,1,1,0,1,1,1,2,1,1,2,1,1,0,1,2,2,2,0,2,2,2,0,1,2,0,2,2,1,2,0,2,1,1,1,1,2,1,0,0,1,1,2,2,0,0,2,1,0,2,1,1,1,2,0,1,0,1,1,0,1,0,2,1,1,1,0,1,1,1,1,1,2,0,2,0,1,1,1,1,0,0,1,1,1,1,1,1,1,1,1,0,0,1,1,2,1,1,1,1,1,2,1,2,0,1,0,0,0,1,0,2,1,2,0,2,1,2,0,2,2,0,0,0,2,0,1,0,1,1,0,1,0,1,1,0,0,2,2,2,2,0,0,1,0,0,1,1,1,2,1,0,1,0,2,1,1,0,1,1,1,1,1,1,1,2,0,2,1,0,1,0,0,2,0,1,2,2,2,0,1,1,0,2,2,1,0,2,1,1,2,2,0,2,2,1,1,0,1,0,0,2,1,2,1,2,1,1,0,0,0,1,1,1,2,1,1,1,2,2,1,0,1,2,1,0,2,1,1,1,1,1,1,1,1,1,1,0,1,1,1,1,1,0,0,1,2,1,1,1,1,2,0,2,2,2,1,0,2,1,1,1,1,1,0,1,1,1,1,2,1,1,1,1,1,1,1,1,1,1,2,2,2,1,2,2,0,2,1,1,2,1,1,0,1,2,1,1,1,1,1,1,1,0,1,1,1,1,1,2,0,1,0,1,2,1,0,2,0,1,1,0,2,0,1,0,1,0,1,1,0,1,1,1,2,2,2,2,1,1,1,0,1,1,0,1,0,2,0,0,0,1,0,2,2,0,0,0,2,0,1,2,1,2,1,1,1,2,1,0,0,1,1,2,1,1,2,1,0,0,2,2,1,1,0,2,1,0,1,1,2,1,1,0,0,0,1,2,1,1,2,1,1,1,1,1,1,1,0,1,1
"IND0112",1,2,1,0,2,2,1,1,0,0,1,0,0,0,1,1,1,1,1,1,1,1,0,0,2,1,2,1,2,2,1,1,1,1,0,0,0,0,1,0,1,2,0,1,0,0,0,1,1,2,0,1,2,2,1,1,2,1,1,0,2,2,0,1,1,0,0,1,1,0,1,0,2,2,0,0,2,1,2,2,1,0,0,2,1,1,2,1,1,0,1,0,0,1,1,0,0,2,0,2,2,1,1,1,1,0,2,1,2,1,1,1,0,1,0,0,1,2,1,1,1,1,1,1,0,1,1,1,0,2,1,0,0,1,1,1,0,2,0,0,1,0,1,1,2,1,0,1,0,2,1,1,0,1,0,2,2,1,1,2,1,1,1,0,0,1,2,2,1,1,1,2,0,0,1,1,2,1,1,2,2,1,2,0,2,0,1,0,1,0,2,1,0,2,2,0,0,1,1,1,2,1,1,1,1,2,1,0,1,1,0,2,0,2,1,0,2,0,1,2,1,1,0,2,1,1,0,2,2,1,1,2,2,1,0,2,0,1,1,1,2,1,2,1,1,0,2,1,1,1,1,2,1,2,0,2,2,1,1,2,1,2,1,1,2,2,1,1,0,2,1,1,0,1,2,1,1,1,1,0,1,1,0,2,2,1,1,2,0,2,1,0,2,1,2,0,0,1,0,1,1,1,0,0,2,0,0,1,0,0,1,2,0,0,0,2,2,2,0,1,2,1,0,1,2,2,2,2,2,2,1,1,1,1,2,0,0,1,1,2,1,1,0,1,1,1,1,1,0,0,1,0,1,0,1,0,0,2,1,1,0,0,2,2,0,0,1,1,1,1,0,1,2,1,0,2,1,1,2,2,0,0,2,1,1,1,2,1,2,1,1,1,1,2,2,0,0,0,1,1,1,1,1,2,2,1,1,2,2,0,0,1,2,1,0,2,1,0,2,1,1,0,0,1,0,1,1,2,2,0,0,2,1,2,2,2,0,1,0,1,2,1,1,0,1,2,0,1,0,0,1,0,1,1,0,1,2,2,0,1,2,2,1,2,1,0,0,1,2,2,2,1,2,1,1,2,2,1,1,1,1,2,1,0,0,0,2,0,2,1,1,2,0,2,1,0,1,0,1,1
"IND0113",1,1,1,1,1,2,2,1,1,2,2,0,1,0,0,0,1,2,1,1,1,1,1,1,0,1,0,1,0,1,2,1,1,0,0,2,1,2,0,1,2,0,0,2,1,0,0,0,1,2,1,0,1,2,1,2,2,2,0,2,1,2,1,2,1,0,2,2,1,1,1,2,1,1,2,1,2,2,0,1,0,1,1,0,0,0,2,0,0,2,1,1,1,1,1,1,2,0,1,1,1,1,1,1,2,1,2,1,1,1,2,2,1,0,1,1,1,2,1,1,0,0,2,1,1,1,0,1,1,0,0,2,2,1,2,1,1,1,1,1,1,2,1,2,0,1,2,0,2,2,2,0,2,1,1,0,1,1,1,1,1,1,2,0,1,2,0,1,0,0,2,0,1,1,1,1,0,2,2,2,1,1,1,0,1,1,1,1,0,1,0,1,2,1,1,1,1,1,2,2,1,0,1,1,1,2,0,1,1,1,2,1,1,0,0,1,0,1,0,1,1,2,1,1,1,0,0,2,2,1,2,1,2,1,1,1,2,1,0,1,2,1,1,1,2,2,2,2,1,0,2,1,1,1,0,2,2,0,0,1,1,2,2,0,1,2,1,2,1,1,0,0,0,2,1,2,1,2,1,1,1,0,1,1,0,2,2,2,0,0,1,1,2,1,0,0,0,1,0,2,1,1,2,1,0,2,1,1,2,0,1,1,1,2,2,2,0,2,1,0,1,1,0,1,0,1,2,2,1,2,2,1,1,1,1,1,2,2,2,1,2,1,0,1,2,0,1,2,1,1,1,1,1,0,2,0,0,1,1,0,0,0,0,1,2,0,0,2,2,2,2,2,1,2,2,1,1,1,0,2,1,2,0,0,1,0,2,0,1,2,0,0,2,2,2,1,2,2,1,0,2,2,1,2,0,2,1,0,0,1,0,2,0,1,1,1,2,1,1,0,2,0,1,0,0,1,1,1,1,1,1,1,2,0,0,2,1,1,1,2,0,1,2,1,0,1,1,1,0,0,1,1,2,2,1,1,1,0,2,2,1,2,2,1,1,1,1,0,2,0,2,1,0,2,1,2,1,0,1,1,1,1,1,0,1,1,2,0,2,1,1,1,2,0,1,1,0,1,2,1
"IND0114",1,0,1,1,2,1,2,2,0,0,1,1,2,1,0,1,1,2,1,1,1,1,0,1,0,0,0,0,0,1,1,0,0,2,1,1,0,2,2,1,1,1,0,0,2,1,1,1,1,1,2,0,1,1,1,0,0,1,0,2,1,1,2,1,1,0,1,2,1,2,2,2,2,2,1,1,1,1,0,2,2,0,1,1,0,1,0,1,0,0,1,2,1,0,1,0,1,0,1,1,2,1,2,1,1,2,2,1,1,1,0,1,1,1,1,1,1,1,1,1,2,2,1,0,2,2,1,1,1,1,1,1,1,1,2,1,0,1,1,1,1,2,1,1,1,1,1,0,1,1,0,1,2,0,2,1,0,0,2,1,2,2,1,1,1,0,2,2,2,1,1,1,1,1,1,1,1,1,1,1,2,2,2,2,0,1,1,1,0,1,1,0,2,1,1,2,0,0,1,2,1,1,1,1,1,1,0,1,2,2,2,1,1,1,0,1,2,1,2,1,2,0,2,1,1,1,2,2,2,2,2,0,0,1,1,1,2,2,2,0,2,2,2,2,0,2,0,2,1,1,0,1,1,0,0,2,0,0,2,1,0,2,1,1,0,1,1,1,2,2,0,2,1,1,0,0,1,1,0,0,1,1,1,1,1,1,1,2,1,2,2,0,1,2,2,2,1,1,2,0,1,0,1,1,2,1,0,0,0,1,1,1,1,1,1,0,0,1,1,2,1,1,1,2,1,2,1,1,0,0,0,1,1,2,1,2,0,1,2,1,2,1,2,0,0,2,1,0,2,1,1,2,2,2,2,1,2,0,1,1,1,2,2,1,2,2,1,0,0,1,1,1,1,2,0,2,1,1,1,2,1,0,2,2,2,1,1,1,1,0,0,1,2,1,2,2,0,2,0,2,2,1,2,1,0,1,0,1,1,2,2,1,1,2,1,1,1,2,1,0,0,2,2,2,1,1,0,2,1,1,1,1,2,2,1,1,1,2,1,1,0,1,0,2,0,1,2,1,2,1,2,1,1,2,1,0,2,1,2,1,0,1,1,0,0,0,1,2,1,2,0,1,2,0,0,2,1,0,0,0,1,0,1,1,0,1,2,1,1,1,2,1,1,2,2,1,0,1,1,1
"IND0115",1,1,1,2,1,0,1,2,0,1,1,2,1,2,0,1,1,2,1,1,2,0,0,0,2,0,0,1,0,0,2,2,1,1,1,0,1,2,0,1,2,1,0,0,0,2,0,1,2,2,2,2,0,2,1,1,0,1,0,0,1,1,2,2,1,0,1,2,1,0,1,1,1,2,0,1,1,0,1,2,1,1,1,0,1,0,1,1,1,1,1,0,1,1,1,2,1,0,2,1,2,0,2,1,2,1,2,2,2,1,1,0,0,2,2,1,2,1,1,1,2,2,0,2,1,1,2,0,1,1,1,1,1,2,2,2,2,0,1,0,1,1,1,1,1,1,2,1,0,0,1,0,1,2,1,1,0,1,1,1,1,1,1,1,2,1,0,1,1,1,2,0,0,1,2,2,0,2,0,1,1,1,1,1,2,1,1,2,0,1,1,1,2,1,0,1,1,0,2,1,0,2,1,1,1,1,1,1,1,1,2,1,2,0,2,0,2,1,2,1,0,1,1,0,0,2,1,1,0,1,0,1,1,0,2,2,2,0,2,0,1,1,1,2,2,1,0,1,1,1,1,2,1,2,2,1,2,2,2,0,2,0,1,2,2,0,1,1,1,1,1,2,1,1,0,0,0,1,0,1,1,1,0,0,1,0,1,1,1,1,2,2,0,1,2,1,1,2,1,1,0,2,1,0,1,1,1,1,2,0,1,1,0,1,0,2,0,0,2,0,1,2,2,1,2,1,1,1,2,0,1,1,2,1,0,2,1,2,1,0,1,0,1,0,1,1,2,0,0,1,1,0,0,1,1,2,2,0,2,1,2,0,2,1,0,2,2,2,2,2,1,0,2,0,1,1,1,2,2,1,0,0,1,1,1,1,2,1,0,2,1,1,2,1,1,0,1,2,0,2,1,2,2,1,1,1,1,2,2,0,1,1,1,1,1,1,2,1,1,1,0,2,0,2,1,1,0,1,2,2,2,2,0,1,1,1,0,1,2,2,2,1,2,1,0,2,2,0,2,1,0,0,1,1,0,1,2,1,1,1,2,2,0,2,1,2,0,1,2,1,2,1,1,1,2,1,1,0,2,0,1,1,1,1,1,1,0,0,1,1,1,1,1,0,1,1,1,0,0,1
"IND0116",1,0,1,0,1,1,0,0,1,1,1,2,0,2,0,1,1,1,1,2,1,2,2,1,0,2,1,1,0,2,0,1,1,1,2,1,2,1,2,1,0,1,0,1,2,1,0,0,1,0,0,1,0,1,1,1,1,2,0,1,2,1,0,2,2,0,2,2,2,2,0,1,1,1,0,2,1,2,1,0,1,1,1,1,1,2,1,0,2,0,0,2,1,2,1,0,1,2,1,1,2,0,2,2,0,1,2,0,0,1,1,1,2,2,2,1,1,1,0,1,0,1,0,0,0,1,2,0,1,0,1,1,1,1,2,1,1,2,1,1,0,0,1,1,1,1,1,0,1,1,0,1,0,0,0,2,1,0,0,2,2,1,1,2,1,1,0,0,1,1,1,1,2,1,1,2,1,2,2,2,1,0,2,1,1,0,0,1,2,1,0,1,2,0,0,0,2,2,1,2,1,1,1,2,0,1,0,1,1,2,1,1,1,1,1,0,0,1,1,1,0,1,1,1,1,1,2,1,1,2,1,2,2,2,1,1,0,1,2,2,0,2,2,0,1,2,1,1,1,2,1,0,0,2,1,2,0,0,0,1,0,2,2,1,1,2,1,1,0,0,1,2,0,1,1,2,1,1,1,0,0,0,1,1,0,1,0,1,2,1,0,2,1,0,1,1,0,2,0,1,2,1,0,1,1,2,2,1,1,0,1,1,1,1,1,1,1,0,1,1,2,1,1,2,1,1,0,2,1,0,0,0,1,0,1,2,2,1,1,0,1,0,2,1,0,2,1,1,2,1,1,0,0,1,1,1,0,1,0,1,1,1,0,1,1,1,1,1,1,1,1,1,0,1,1,2,1,1,1,2,0,1,0,1,1,1,1,1,0,1,1,1,2,0,2,0,1,0,1,1,1,1,1,0,1,1,1,2,1,1,0,2,2,1,1,2,2,1,1,0,1,2,2,1,0,1,0,0,1,0,1,1,1,1,1,0,1,1,1,2,0,1,1,1,1,1,1,2,1,1,0,1,0,0,0,0,0,2,0,0,1,0,0,1,1,2,1,1,2,0,0,1,0,1,1,1,1,1,1,1,0,2,1,2,2,2,1,2,1,1,0,2,2,1,1,2,1,1,1,2
"IND0117",1,1,1,1,2,0,1,2,2,1,0,2,1,2,1,0,2,1,2,1,0,1,0,1,0,1,2,0,1,2,0,1,1,1,0,0,2,2,0,2,1,2,1,2,1,2,0,1,1,2,0,1,1,2,1,1,1,1,1,1,1,1,1,2,0,1,2,2,1,1,1,0,1,2,1,1,1,2,1,0,0,0,0,2,1,1,1,1,1,2,0,2,1,1,1,1,1,0,1,1,1,2,1,2,1,2,1,1,0,1,1,1,0,0,2,1,1,2,0,1,1,0,0,1,1,0,1,0,1,2,1,1,0,2,2,2,1,2,1,2,2,0,0,0,0,1,0,1,0,0,2,0,1,0,1,0,1,1,1,1,0,0,0,0,1,2,0,1,2,1,0,2,1,2,1,0,1,0,0,2,0,0,2,1,2,1,0,0,1,1,0,0,2,0,2,2,0,1,0,1,1,1,0,2,0,0,0,0,2,0,1,2,1,0,1,0,0,0,1,2,2,2,2,2,1,2,1,0,1,1,0,1,1,1,1,2,0,1,1,2,1,1,0,0,0,1,1,1,2,1,2,1,1,1,0,1,1,1,1,1,0,2,1,1,1,2,0,1,0,2,2,0,2,0,1,1,0,2,2,1,1,0,2,0,2,0,1,1,1,0,1,2,2,1,2,1,1,2,0,1,1,2,1,1,0,2,2,1,0,1,2,0,0,2,1,1,1,0,0,1,1,2,2,1,1,0,1,1,2,1,2,1,2,2,0,1,1,0,0,1,2,2,1,1,1,0,1,1,1,2,1,1,2,0,1,1,1,1,1,2,1,2,1,1,1,2,2,2,1,0,1,2,1,2,1,1,1,2,0,1,1,1,1,1,1,0,1,1,0,1,1,1,1,2,0,0,0,2,2,0,1,2,1,1,1,2,2,0,0,1,1,0,1,1,2,2,1,0,1,1,1,0,2,1,0,2,0,1,2,1,2,0,2,2,2,0,2,1,1,1,0,0,0,1,1,1,0,1,0,1,0,1,1,1,2,0,2,0,2,1,0,1,1,1,2,1,1,2,1,1,1,0,2,1,1,2,0,1,1,1,0,1,1,1,2,1,2,1,1,2,1,1,1,1,2,1,1,1,1,1
"IND0118",0,1,0,1,1,1,1,1,0,0,0,0,1,1,1,1,1,1,1,0,1,0,2,0,0,1,0,0,2,0,0,1,2,1,1,2,0,2,1,1,0,2,2,0,1,0,2,2,0,0,2,0,1,1,1,1,1,2,1,1,1,1,1,1,0,1,1,0,2,2,1,1,0,1,0,2,0,1,1,0,0,2,0,1,1,1,1,0,0,1,2,1,1,0,0,2,0,2,0,1,1,1,2,1,0,1,1,2,2,2,0,0,1,1,2,0,1,1,2,2,1,2,1,1,0,1,1,2,1,1,2,1,1,2,0,1,1,1,0,0,1,1,1,1,0,2,2,0,2,1,1,1,2,1,1,1,0,1,1,1,1,1,1,1,0,1,1,1,1,1,0,0,1,2,1,0,0,0,1,2,1,1,1,1,1,1,1,1,1,1,1,2,0,0,0,0,2,0,1,1,0,1,2,2,0,0,2,1,2,1,2,2,1,0,1,1,2,1,1,0,1,1,1,2,1,2,1,1,1,1,1,1,2,0,1,1,1,2,1,1,1,2,2,1,1,2,2,1,0,1,2,0,2,1,1,2,0,0,0,0,2,0,1,1,1,0,2,2,1,2,1,2,1,0,1,1,0,0,1,2,0,0,2,1,1,0,1,2,1,0,0,1,0,0,1,0,2,2,1,2,1,1,1,2,0,1,0,1,0,2,0,0,1,0,2,0,1,1,2,0,0,1,1,1,0,0,0,1,2,1,0,0,1,1,2,1,1,0,2,0,1,2,2,0,0,1,1,2,1,1,1,2,1,2,1,1,1,0,0,0,1,1,0,0,1,1,0,0,1,1,1,1,1,1,1,1,2,2,1,1,1,1,2,2,1,2,1,1,2,0,1,1,1,2,1,1,1,2,1,1,0,1,2,0,1,1,1,1,1,1,1,1,0,0,0,1,1,0,1,1,1,2,2,2,2,1,2,2,1,1,1,1,2,0,1,0,2,1,2,1,1,0,2,1,0,1,1,2,1,1,2,0,2,2,2,1,2,1,1,1,1,0,1,1,0,2,1,1,0,2,2,1,1,0,2,0,2,1,0,0,1,0,2,2,1,1,0,2,1,0,1,2,2,1,1,1,2,2,2,0
"IND0119",2,0,1,1,1,2,1,0,2,2,2,2,1,1,0,1,1,1,1,1,1,1,1,1,0,1,0,1,2,1,0,0,2,1,2,2,1,2,1,2,1,1,0,1,1,2,2,0,0,1,1,1,2,1,2,1,1,1,0,2,2,1,0,1,1,1,1,0,0,2,1,1,1,1,0,2,1,1,1,2,0,2,1,1,1,2,1,1,2,1,1,2,1,2,0,1,0,1,0,1,2,2,1,2,0,0,1,1,1,1,1,1,2,0,1,0,0,2,0,1,2,0,0,2,0,2,0,2,2,2,1,2,1,1,2,0,1,2,1,2,1,1,1,1,2,0,0,2,1,2,1,1,2,1,2,2,1,1,0,2,2,1,0,2,0,2,1,1,0,1,1,0,1,2,2,2,1,0,1,1,1,2,0,0,1,1,1,1,0,0,0,1,2,1,1,1,1,1,2,2,1,1,1,1,0,1,2,2,1,0,1,0,2,1,0,0,1,0,0,2,2,0,1,1,1,2,0,1,1,2,1,0,1,1,1,2,1,0,1,2,0,0,2,1,2,0,0,2,1,2,0,2,1,0,0,2,0,0,0,1,1,0,1,0,1,0,1,1,2,1,1,2,2,1,1,2,0,2,2,2,0,2,2,2,1,1,0,1,2,2,1,1,1,1,0,1,1,0,1,0,1,0,0,2,1,2,1,1,0,2,1,0,0,0,1,1,1,1,0,1,1,1,1,1,1,1,2,0,1,1,1,1,1,1,1,1,1,2,1,1,0,2,1,2,1,2,0,2,1,1,1,1,0,0,0,2,2,2,0,2,1,1,0,0,1,2,1,0,2,0,0,1,1,1,0,0,0,0,0,2,2,1,2,1,0,0,2,1,0,1,2,0,0,1,0,2,1,1,1,0,0,1,1,1,1,1,1,1,1,2,2,1,2,0,0,1,1,2,2,1,1,2,2,2,0,0,1,0,2,1,1,1,2,0,1,1,1,1,0,1,1,1,1,2,2,2,1,0,0,0,0,1,1,0,1,2,1,2,2,0,2,1,0,2,0,0,0,0,2,1,0,2,1,1,1,2,1,2,1,1,1,0,1,1,1,1,1,1,1,1,1,1,1,2,0,1,2,1,2,0
"IND0120",1,0,1,1,1,1,2,1,1,1,2,1,1,0,2,1,2,0,1,2,1,0,1,2,2,1,1,1,1,1,2,0,0,0,2,2,0,1,2,1,1,1,1,2,0,1,1,1,2,2,0,2,1,1,0,2,0,2,1,1,1,0,0,1,0,0,1,0,0,0,0,1,0,1,0,1,1,1,0,2,1,1,0,1,2,1,1,1,2,1,2,2,0,2,2,0,1,1,2,1,1,0,0,0,0,1,1,2,1,0,2,2,1,1,1,1,1,2,1,1,2,2,1,2,2,0,1,2,2,1,0,0,2,1,2,1,1,1,0,1,0,1,1,0,1,1,1,2,0,1,1,1,2,0,2,2,0,2,1,1,0,1,2,1,0,1,0,1,0,1,2,2,2,0,2,1,1,2,1,1,0,0,2,1,0,1,1,2,0,0,2,2,0,0,0,2,0,1,0,1,2,2,0,1,0,0,2,1,1,1,1,1,0,0,1,0,1,1,0,2,1,2,0,2,1,1,2,2,0,2,1,1,2,1,1,0,1,0,0,2,2,1,2,1,1,1,1,1,1,1,1,2,2,1,1,2,1,1,1,0,1,0,2,0,0,0,2,1,0,1,1,1,0,2,1,2,1,0,0,0,2,1,1,1,2,2,2,1,1,2,1,1,1,1,1,1,1,2,1,1,0,0,2,1,1,1,1,2,2,0,1,1,2,2,0,2,1,2,1,1,2,1,0,2,0,1,0,1,0,0,1,1,2,1,1,1,0,2,1,1,1,1,1,2,2,2,2,0,1,0,1,2,1,2,1,1,2,0,1,1,0,2,1,1,0,1,0,0,0,0,2,1,2,1,1,1,2,1,1,0,0,2,1,1,1,1,0,2,0,1,0,1,1,1,2,1,1,1,1,2,0,1,1,0,1,1,0,1,2,1,1,0,1,1,2,1,1,0,0,0,0,1,1,1,2,0,0,1,1,1,0,1,1,1,2,1,1,0,1,2,1,0,0,1,2,2,2,2,0,0,1,1,0,0,1,1,1,2,2,1,1,1,1,0,1,1,1,2,1,2,1,1,2,1,1,1,1,0,1,1,0,0,2,2,0,0,0,2,2,0,0,0,1,1,0,2,1,1,2,0
"IND0121",1,1,1,1,0,1,0,1,1,1,1,1,1,2,2,0,1,1,1,0,1,1,0,0,1,1,1,0,1,1,2,0,1,0,1,1,1,1,1,1,1,1,1,1,1,1,2,2,2,1,0,1,2,0,1,1,1,0,1,1,2,2,0,0,1,1,0,1,1,1,1,2,2,1,1,0,2,1,1,1,2,2,2,0,2,1,1,1,2,0,1,2,1,1,1,1,2,2,2,2,1,1,1,0,1,0,2,2,2,0,1,1,0,1,1,2,2,2,1,0,0,2,0,0,2,1,1,0,2,1,0,2,2,1,1,2,0,1,0,1,2,2,0,1,2,1,2,0,0,0,2,0,0,2,1,2,1,2,1,1,1,1,0,1,1,2,1,0,1,1,0,0,2,0,1,1,0,0,2,1,1,1,0,0,1,1,0,2,1,0,2,0,0,0,1,2,0,2,0,1,1,0,2,1,1,2,1,0,0,0,1,1,0,1,0,2,1,1,1,1,0,1,1,0,1,1,1,1,2,0,1,2,1,0,1,1,2,2,0,0,1,1,1,0,1,1,2,1,1,2,1,2,0,1,2,1,1,1,1,0,1,0,0,2,1,0,2,2,2,2,0,2,2,1,0,1,1,2,1,1,1,1,0,1,1,1,1,1,1,2,2,2,2,2,1,1,2,0,0,1,1,0,0,2,2,2,1,1,2,2,2,0,2,1,1,0,2,2,1,2,1,2,2,1,0,0,1,0,1,1,1,2,1,1,0,1,0,1,0,2,0,1,0,1,0,1,0,1,2,0,1,1,2,2,1,1,2,1,2,0,1,0,2,2,1,2,2,1,1,1,1,1,0,1,1,1,2,2,1,1,0,1,1,1,2,1,1,1,1,0,2,1,0,2,2,2,2,1,1,1,1,1,0,2,0,1,1,1,1,2,0,1,1,2,2,1,0,2,1,0,1,2,0,0,1,0,1,1,2,1,1,0,2,2,1,2,2,1,0,2,2,0,1,0,2,1,2,1,1,0,1,1,0,1,0,1,1,1,1,2,2,1,1,0,1,2,1,2,1,0,1,0,2,1,0,2,1,0,1,0,2,1,1,1,2,0,1,2,1,1,1,0,2,0,1,2,0,1,1,1
"IND0122",2,0,0,1,1,2,1,1,2,2,0,1,1,1,1,1,2,0,2,0,1,1,1,1,1,2,1,1,0,2,1,0,0,2,2,2,0,0,1,1,1,1,1,2,0,0,1,1,1,0,1,1,1,0,1,0,1,1,1,0,0,1,1,0,0,1,0,0,1,2,0,2,1,2,1,1,1,2,2,1,1,1,1,2,2,0,1,2,0,0,0,1,1,1,0,1,0,2,2,1,0,1,1,2,1,1,2,0,2,2,0,0,2,2,2,0,2,1,1,1,0,1,1,0,1,2,1,1,0,1,2,2,1,2,0,1,1,1,0,0,2,0,1,2,1,2,0,2,2,1,2,0,2,0,1,1,1,1,1,1,0,2,2,0,1,0,1,0,1,1,1,1,1,1,1,0,2,1,1,1,0,2,1,1,0,2,1,1,0,1,2,2,1,0,1,0,1,1,2,1,1,1,2,1,1,1,2,1,0,0,2,0,1,0,1,0,1,1,0,1,1,1,1,2,0,0,2,1,2,0,0,1,0,2,2,1,0,1,2,1,0,2,0,0,2,2,1,1,2,0,1,1,1,2,0,2,1,2,1,1,1,0,2,1,0,1,2,1,0,0,1,1,1,1,2,2,2,1,2,2,0,0,0,0,2,0,1,1,1,2,2,2,0,0,0,0,2,1,1,0,1,0,0,0,2,1,1,0,2,0,1,1,2,2,2,1,2,1,1,2,1,0,0,1,1,0,1,1,0,1,1,0,1,0,2,2,0,0,1,1,1,1,1,1,0,0,2,1,1,1,2,2,1,2,0,1,1,1,1,0,1,2,0,0,2,2,2,2,1,0,1,0,2,2,1,1,0,2,1,2,2,1,1,2,2,1,1,2,1,1,2,2,1,1,1,1,1,1,1,1,0,1,1,1,0,0,1,1,0,0,1,2,2,1,1,1,1,0,1,1,1,2,1,1,1,1,2,1,2,0,1,1,2,1,1,2,1,1,0,0,1,1,0,0,0,1,0,0,1,0,2,0,0,1,1,1,2,1,2,1,2,0,0,2,2,2,1,2,1,1,1,1,2,1,1,0,0,0,0,2,1,0,1,0,1,1,1,1,2,1,1,1,1,1,2,0,1,2,1,1
"IND0123",0,1,0,0,0,0,0,2,2,1,1,1,0,2,2,1,0,2,2,1,2,1,1,1,0,0,2,1,0,2,1,2,2,1,1,0,1,2,1,0,1,1,1,1,1,0,1,1,2,2,1,1,1,1,1,0,2,0,0,0,2,0,2,1,2,1,1,1,2,2,1,1,0,1,2,1,0,2,1,1,1,2,1,0,1,1,1,1,1,1,1,0,1,1,1,0,1,1,1,2,1,1,1,2,1,2,1,0,2,1,0,2,0,1,0,0,1,1,0,2,2,1,2,1,0,1,2,2,0,1,1,1,0,0,1,1,0,1,0,1,1,1,1,0,2,0,0,0,2,1,0,1,1,2,1,2,1,2,1,2,0,2,1,1,0,0,2,2,1,0,1,1,0,1,0,1,0,1,2,2,2,2,2,1,1,1,1,1,2,2,0,2,2,1,0,1,1,1,1,0,1,1,2,0,1,2,1,0,0,0,1,1,2,1,1,1,0,2,2,1,0,1,0,1,0,1,0,1,1,2,1,1,1,2,1,1,1,1,0,1,2,2,0,1,1,1,1,0,1,0,1,1,1,1,1,1,0,1,0,2,2,0,2,1,0,0,1,1,0,1,1,2,1,1,1,0,2,2,1,2,0,0,0,1,2,2,2,2,1,1,0,1,0,1,2,1,1,1,1,0,1,2,1,0,2,1,0,2,1,1,1,0,1,2,2,1,2,1,1,0,1,2,2,1,1,1,1,1,2,1,2,1,2,1,0,1,1,1,1,1,2,1,0,0,1,1,2,1,1,0,1,0,2,1,1,1,0,1,2,2,0,2,2,1,1,2,0,2,0,1,2,0,0,0,0,1,2,1,1,1,1,1,1,1,1,2,1,1,2,1,0,1,1,2,1,2,1,2,1,2,1,1,1,2,2,1,2,1,0,0,0,0,1,1,2,1,2,1,0,1,1,0,1,1,1,1,2,1,1,1,2,0,2,1,0,1,1,2,0,1,1,2,1,2,1,1,0,1,1,1,1,1,1,0,0,2,2,1,1,1,2,1,0,2,1,1,1,2,1,0,1,1,0,1,2,1,1,2,1,1,2,2,2,1,0,1,1,2,2,2,1,1,1,1,1,2,2,1,2,1
"IND0124",0,2,2,0,2,1,1,1,1,1,1,0,2,1,0,1,0,1,1,1,0,1,2,2,2,0,1,1,2,1,1,1,2,1,2,1,0,1,2,1,1,2,0,0,1,1,1,0,1,1,0,1,2,1,1,1,2,2,1,1,2,1,1,1,0,1,0,1,0,1,1,2,2,0,0,1,1,1,1,0,1,0,2,1,2,2,0,2,1,1,1,1,0,1,1,1,1,1,1,1,1,1,1,1,1,2,1,2,1,0,2,0,1,1,1,0,1,0,2,1,1,2,0,2,1,0,0,2,1,1,2,2,0,0,2,0,1,1,1,1,2,2,1,1,0,1,1,0,2,0,0,2,1,0,1,1,1,1,1,0,0,1,1,2,1,1,1,2,2,2,0,2,0,0,1,1,0,0,2,1,0,0,1,1,1,1,2,1,0,1,1,1,0,1,1,1,1,1,0,0,0,2,0,0,1,1,2,2,2,1,1,1,2,1,2,2,1,1,1,1,1,1,1,1,2,1,2,1,1,0,1,0,1,1,1,2,1,1,2,1,0,2,2,1,1,1,0,1,1,1,1,2,0,2,1,0,1,1,1,0,0,1,2,1,2,2,1,0,1,1,1,1,1,1,1,1,2,1,1,1,0,0,1,0,2,1,2,1,1,1,1,0,1,1,2,1,1,1,0,2,1,2,2,2,1,1,0,1,1,0,2,1,0,1,0,1,1,2,1,0,1,2,1,0,2,1,1,1,0,2,1,2,1,0,1,2,1,0,1,1,1,1,1,0,0,2,1,1,2,2,1,0,0,1,2,1,1,2,2,2,2,2,2,1,0,2,1,2,1,2,2,0,2,1,0,1,0,1,1,0,1,0,1,1,1,1,0,2,2,1,2,0,1,2,1,2,0,0,2,0,1,1,0,1,0,2,2,1,0,1,1,1,0,0,2,1,0,2,1,0,1,2,2,0,0,1,2,1,1,1,2,2,2,2,2,1,1,1,2,2,0,0,2,0,0,0,1,2,2,1,0,1,1,1,0,1,0,1,2,0,1,0,1,1,2,2,2,1,0,1,2,1,1,1,2,1,1,1,0,1,2,0,1,1,0,2,0,0,0,0,2,1,0,1,1,1,1,0,2,2
"IND0125",0,0,1,1,2,2,0,0,1,2,1,0,2,1,1,0,0,0,1,0,2,2,1,1,0,0,0,2,2,1,0,1,1,2,0,0,1,1,1,2,1,2,1,1,0,0,1,0,2,2,1,0,2,0,0,2,1,1,1,1,0,1,0,1,2,1,2,2,1,2,0,1,2,2,2,2,2,0,2,1,0,1,1,0,0,1,0,1,1,1,1,2,1,0,0,0,1,1,1,1,0,2,2,1,1,2,2,1,1,0,0,2,2,1,1,1,0,1,2,0,1,1,0,1,1,1,2,2,1,0,1,0,1,0,1,0,1,1,1,2,2,1,1,1,1,0,2,1,1,2,1,0,2,0,0,0,0,0,1,1,2,0,1,1,1,1,1,1,1,1,2,1,1,2,1,2,1,0,2,1,2,1,2,2,1,2,2,1,0,2,1,0,2,0,1,1,1,1,1,1,0,0,1,0,0,2,2,0,1,0,1,2,1,1,1,1,1,2,2,2,0,1,1,2,2,1,0,1,1,2,0,1,2,0,1,2,1,1,1,1,1,1,2,0,1,2,2,0,1,0,0,0,1,2,0,1,1,1,1,2,0,1,1,0,1,2,2,2,0,2,2,1,0,1,1,0,1,1,0,0,0,1,1,0,1,2,1,1,1,0,1,2,1,1,2,1,1,1,1,1,2,1,0,1,2,1,1,0,1,0,0,1,0,0,1,0,2,2,1,1,1,2,1,1,1,0,1,1,0,0,0,1,1,1,1,1,0,1,2,2,1,1,2,1,1,1,1,2,2,2,2,1,0,1,2,1,1,1,1,1,0,1,1,0,1,0,1,0,1,1,0,2,1,2,2,1,1,0,1,2,1,0,2,1,1,2,2,1,1,1,1,1,2,2,1,0,0,2,2,1,0,1,0,1,1,2,1,1,1,1,2,2,1,2,2,1,0,2,1,1,1,2,2,1,1,0,0,1,1,2,2,0,1,1,0,1,0,0,0,1,2,1,1,0,0,1,1,0,2,1,1,1,1,0,2,1,2,2,1,1,1,0,1,1,1,0,1,2,0,1,0,1,0,2,2,1,1,0,1,1,2,0,1,1,1,0,1,1,1,0,1,1,1,1,0,1,0,0,1,1
"IND0126",1,0,2,1,1,1,1,1,1,0,1,0,1,0,2,1,1,0,0,0,0,1,0,1,2,2,2,1,1,1,1,1,2,1,0,0,1,0,1,0,2,0,1,0,1,2,2,1,1,1,0,2,0,1,1,2,1,0,2,1,0,2,0,1,1,0,2,1,1,2,1,2,0,2,2,0,1,1,1,0,1,0,1,1,1,0,2,1,2,2,2,1,1,0,1,1,0,0,1,0,1,0,0,0,1,1,1,1,2,1,1,1,1,1,1,2,1,2,0,2,1,0,2,1,1,1,1,1,0,1,2,2,1,1,1,1,0,0,1,1,1,2,1,1,1,1,1,2,2,1,2,0,1,1,1,2,2,0,1,0,1,2,1,1,0,2,0,1,1,1,1,1,2,1,2,1,1,0,1,1,1,1,1,1,1,0,2,2,1,1,0,0,1,1,1,0,0,0,1,0,2,2,1,1,0,2,2,1,1,2,0,2,1,1,2,1,2,1,0,2,1,2,1,1,0,2,1,1,0,0,2,0,1,0,1,1,1,0,1,1,1,1,0,1,0,0,0,1,1,1,1,2,1,1,1,2,0,1,2,2,0,2,0,1,2,1,0,1,1,2,0,1,0,1,2,2,2,2,1,1,2,1,0,1,0,1,1,1,2,1,1,2,0,2,1,0,0,2,1,1,2,1,0,1,2,2,0,2,1,0,2,0,1,1,1,0,1,1,0,2,2,1,0,2,2,1,1,2,0,0,2,0,2,2,1,1,1,0,0,1,1,1,2,0,0,0,1,1,1,0,1,0,2,1,1,2,0,1,0,1,0,0,1,2,1,1,1,2,0,0,0,0,1,0,1,1,2,1,0,1,1,0,2,1,1,1,1,2,0,1,1,1,2,0,1,2,1,1,2,2,0,1,1,1,2,2,0,0,1,0,1,1,1,1,1,1,1,2,1,2,2,1,1,1,1,2,2,0,2,1,0,1,1,1,0,1,1,2,1,0,1,2,1,1,1,1,1,0,1,2,2,2,0,1,1,1,1,1,0,2,1,1,1,1,2,2,1,1,0,0,0,1,1,1,1,2,0,2,2,2,1,0,1,1,2,0,0,1,1,1,1,0,0,1,1,1,0,1,0,1
"IND0127",1,1,2,0,2,1,0,2,2,1,0,1,0,1,2,2,2,1,1,2,0,0,1,1,2,1,1,1,1,2,2,2,2,1,0,1,0,1,1,0,0,2,0,1,1,2,1,1,1,1,2,1,1,2,2,1,2,1,0,2,2,1,2,0,0,1,1,2,0,2,1,1,1,2,0,1,1,0,0,1,1,0,1,1,0,1,1,1,1,1,2,0,1,1,1,1,2,1,2,1,2,2,1,1,1,1,0,0,0,2,1,2,0,1,1,2,1,0,2,2,1,1,1,1,0,2,1,2,1,2,0,2,0,0,1,1,1,2,1,1,1,2,2,1,2,1,1,1,1,1,1,2,0,0,1,1,1,1,0,0,1,2,1,2,1,1,2,2,1,1,1,1,0,1,1,0,0,1,2,1,1,1,1,2,2,1,1,1,1,2,1,0,1,0,0,0,2,2,0,1,0,2,1,0,1,0,1,1,1,1,0,1,0,1,2,2,2,1,2,1,1,0,1,1,2,0,2,1,1,1,0,2,0,0,1,1,2,2,2,2,2,1,1,0,1,2,0,1,2,1,2,2,0,0,1,0,0,1,1,1,1,2,0,1,1,2,0,2,0,1,1,1,1,2,2,1,1,0,1,0,2,2,2,1,1,1,1,1,2,1,1,1,2,2,1,1,1,1,2,2,2,2,2,0,1,1,1,2,2,1,0,0,0,0,2,2,0,0,2,0,1,2,0,0,2,2,2,1,1,1,2,0,2,0,1,0,1,1,0,2,2,2,2,2,2,1,2,2,1,2,1,1,0,2,1,0,1,0,2,1,1,1,2,1,1,0,1,1,0,1,1,1,0,1,2,2,1,1,1,1,0,1,1,1,1,1,1,0,1,2,1,0,1,2,1,1,1,0,1,2,1,1,1,2,2,0,0,1,1,0,1,1,0,1,1,1,0,0,0,0,1,2,2,1,1,0,2,1,1,0,2,2,1,0,0,2,1,2,1,1,1,1,2,0,2,0,0,2,2,0,1,2,0,2,2,2,1,1,1,1,1,1,1,2,0,1,1,1,2,1,0,1,2,0,1,1,1,2,1,2,2,1,0,1,0,1,1,1,1,2,0,1,1,0,1,2,2,2,2,2
"IND0128",2,1,1,0,0,1,1,1,1,1,1,1,1,1,0,1,0,0,0,1,1,1,1,1,1,2,2,1,1,0,0,1,1,1,0,0,2,0,2,0,2,0,0,1,1,1,2,1,1,1,1,2,1,1,1,1,2,1,1,0,0,0,0,1,1,0,0,1,1,0,0,2,1,2,1,1,1,0,0,1,0,1,1,1,1,1,2,1,1,1,2,0,1,1,1,1,1,2,1,0,0,1,2,1,1,1,0,2,1,0,1,2,2,2,1,1,1,2,2,2,1,0,2,2,1,1,1,1,0,0,1,0,1,1,1,1,1,0,2,2,0,1,1,2,1,1,1,1,1,2,1,1,1,2,1,0,0,0,0,2,2,1,1,2,2,2,2,0,2,0,0,2,2,1,1,2,1,2,2,1,1,1,1,0,1,0,1,2,1,2,1,1,1,1,2,2,2,1,1,1,1,1,0,1,0,1,1,1,0,1,1,2,1,2,2,0,1,1,2,2,2,2,1,0,2,1,1,1,0,0,1,0,1,1,1,1,1,1,1,2,1,0,2,1,0,2,1,2,2,1,2,2,0,1,1,1,1,2,1,1,1,0,0,1,0,1,1,1,2,1,0,1,0,1,1,0,1,1,0,1,0,2,0,1,1,1,1,1,0,2,1,1,1,1,1,2,0,1,2,0,1,2,1,1,1,0,0,2,0,1,1,1,1,1,1,1,2,2,2,1,2,2,0,0,1,0,0,1,1,2,1,2,2,2,1,0,1,1,1,0,1,2,0,1,2,2,2,0,1,2,0,1,2,1,1,0,1,1,2,1,0,0,1,0,1,1,1,0,1,1,0,1,1,2,2,1,0,1,1,1,1,1,0,0,0,1,1,1,2,1,1,1,0,2,2,1,2,1,1,0,1,0,1,1,1,2,2,1,1,1,2,1,1,2,1,0,1,1,1,2,2,0,1,2,0,1,2,2,2,1,0,2,2,1,0,2,1,0,1,1,1,1,2,1,0,2,1,2,1,1,0,2,1,1,1,0,1,2,0,1,2,0,0,2,0,0,0,1,1,2,1,0,0,0,1,1,1,1,1,2,2,2,2,1,2,2,1,0,2,0,1,2,2,1,0,1,2,0,1,0
"IND0129",1,0,1,0,0,1,0,2,1,1,1,1,1,1,2,1,1,1,0,1,1,1,0,1,1,1,1,2,1,2,2,1,1,2,1,1,1,0,0,2,2,2,2,2,2,2,1,1,0,2,2,2,0,2,0,1,2,1,0,0,0,1,2,1,1,1,1,0,0,2,0,0,0,1,1,1,1,0,2,0,1,2,1,2,0,1,2,1,0,0,1,2,1,1,2,1,0,0,0,1,1,0,2,2,1,2,2,0,1,1,1,2,1,1,1,2,1,2,1,1,1,0,2,2,1,1,1,1,2,1,2,0,2,1,1,1,1,1,1,2,0,0,2,1,1,1,1,1,0,1,2,1,2,1,0,0,1,0,0,1,1,1,2,1,0,2,1,0,0,1,1,1,0,1,0,1,1,2,2,1,2,0,1,0,0,0,1,1,0,2,1,1,1,1,0,0,0,2,0,2,0,0,1,2,1,1,1,1,1,2,2,2,1,2,0,2,1,2,1,2,2,2,1,1,1,1,2,0,1,1,1,1,0,0,1,1,0,1,0,2,1,2,1,1,0,0,0,1,1,1,1,2,1,1,2,1,0,2,0,0,1,0,0,0,1,2,1,0,1,1,1,2,0,1,2,2,0,0,0,0,1,0,2,2,1,1,1,0,0,2,2,0,0,0,0,1,0,0,0,1,0,2,2,1,1,1,1,1,0,2,2,0,2,1,1,1,1,1,1,1,2,0,2,2,2,2,1,2,2,0,0,1,0,1,1,2,2,0,0,1,1,2,0,0,2,0,0,1,1,1,0,2,1,1,2,2,1,1,2,1,0,1,1,0,1,2,1,1,2,1,0,2,2,0,1,1,1,2,0,1,1,0,1,0,1,0,0,2,2,1,0,2,0,0,1,0,1,1,1,2,1,1,2,1,2,1,2,0,0,2,1,2,1,0,1,2,0,0,1,1,1,1,1,1,2,2,0,1,2,1,1,0,2,1,1,2,0,1,1,2,0,0,0,1,0,0,0,0,0,1,0,1,1,2,2,1,0,1,0,2,2,2,2,2,1,2,0,1,2,0,2,2,1,2,2,1,0,1,2,2,1,1,1,2,1,1,1,2,1,0,2,1,0,2,2,1,2,1,2,1
"IND0130",2,1,2,0,2,2,1,2,1,2,2,1,1,2,2,1,1,2,1,1,1,2,1,0,0,1,2,0,1,2,1,0,0,0,1,2,1,1,2,1,0,2,1,0,0,2,2,0,1,0,2,1,0,0,1,0,0,1,2,1,2,0,2,1,2,2,0,2,2,0,1,1,2,1,0,2,0,1,1,1,1,2,0,2,2,0,1,0,1,2,1,0,1,0,1,2,2,1,1,1,1,1,0,2,0,2,1,1,1,2,0,0,1,1,0,0,0,0,0,0,0,1,2,1,1,1,2,2,2,1,1,1,1,1,1,1,0,2,2,1,2,1,0,2,0,2,2,1,1,1,2,1,1,0,0,1,2,1,1,2,0,1,0,1,0,1,1,0,1,1,1,1,0,1,0,1,0,0,0,1,2,1,0,2,1,1,1,0,1,2,0,1,2,2,2,1,1,0,1,2,1,1,0,0,0,2,2,0,1,0,2,1,1,2,0,0,2,0,1,2,2,2,1,1,1,1,0,1,0,1,1,1,0,1,2,1,1,1,2,1,1,1,2,0,1,1,2,0,1,1,1,0,0,2,0,2,1,0,1,1,1,2,1,1,1,0,1,2,2,1,2,1,1,0,2,0,1,1,1,1,2,1,2,1,1,1,0,2,1,2,2,1,2,0,2,0,0,2,1,0,1,1,2,2,2,1,1,0,0,2,1,1,1,2,0,2,1,2,1,2,1,0,0,1,2,0,1,1,2,1,2,1,2,0,2,0,1,1,1,1,2,0,0,1,2,1,0,2,2,1,2,1,2,1,0,0,2,1,0,0,1,2,1,1,0,1,1,0,2,1,1,1,0,1,1,1,1,0,0,0,1,1,0,1,0,2,1,1,2,1,2,2,0,0,1,0,1,1,2,0,1,0,0,1,1,1,1,1,1,0,0,1,2,1,1,2,2,2,2,1,1,2,2,1,0,1,2,1,1,1,1,1,0,0,1,2,2,1,2,0,1,1,1,0,1,1,1,0,1,0,2,0,1,2,2,2,2,2,0,1,1,2,0,2,1,1,1,0,1,1,1,2,2,1,1,2,0,1,1,1,1,1,1,1,2,1,2,2,0,1,0,1,0,1,0,0,0,1,0,1
"IND0131",0,0,1,2,0,2,1,1,0,1,1,0,0,1,0,2,2,1,0,0,1,0,0,2,1,1,1,0,2,0,0,1,2,1,0,2,2,2,1,2,0,2,2,1,1,1,1,1,1,1,1,2,1,1,2,1,1,1,1,1,0,0,1,1,2,2,1,1,2,2,0,0,1,2,2,1,1,1,2,0,1,1,2,1,2,1,1,1,1,1,2,2,2,1,1,0,1,2,1,2,2,1,1,1,1,2,1,0,1,0,0,1,1,2,1,0,0,1,1,1,0,0,1,2,0,0,2,1,2,1,0,1,1,1,2,1,1,1,1,1,1,2,1,1,0,1,0,2,0,1,2,1,0,1,0,1,0,2,1,1,1,0,2,2,0,1,2,1,0,2,1,1,2,1,0,1,0,1,0,0,2,2,2,0,1,0,2,1,2,1,1,1,1,0,1,2,1,1,1,2,1,0,2,0,2,2,1,2,0,1,1,1,2,0,1,1,1,0,1,1,1,1,1,1,1,0,0,2,1,1,1,1,1,2,1,0,1,2,1,1,2,1,2,1,2,1,1,1,1,0,1,2,1,0,1,1,0,2,1,2,2,0,1,0,2,0,0,0,0,2,2,1,2,1,1,2,0,2,2,1,0,1,1,0,2,1,1,0,2,1,1,1,1,1,1,1,1,1,1,1,1,1,1,1,2,2,2,1,2,0,2,2,1,1,2,1,2,1,0,2,2,2,1,2,1,2,1,0,1,0,0,0,0,1,0,2,1,1,1,1,0,1,1,2,1,1,2,2,1,0,1,1,0,1,1,1,1,1,2,2,1,1,1,0,0,0,0,1,1,2,1,0,1,0,1,2,1,0,2,1,0,2,1,0,0,1,0,2,1,0,0,1,2,1,1,0,0,1,1,1,0,1,1,2,1,1,1,2,2,1,2,1,1,2,1,0,0,2,0,0,1,0,1,1,0,2,2,1,0,1,1,1,1,1,2,2,1,1,0,0,1,1,0,0,1,0,0,2,2,1,2,1,1,1,1,0,1,2,1,0,2,1,1,1,2,0,1,1,1,1,1,0,1,1,1,1,0,1,1,0,0,0,1,2,0,2,0,2,0,1,1,2,2,1,0,1,0,0,0,2
"IND0132",1,1,1,1,1,1,0,0,1,2,0,1,1,1,0,1,0,2,1,1,1,2,1,1,1,1,1,1,1,1,1,2,0,2,2,0,1,2,0,2,2,1,1,2,1,0,1,2,2,2,2,1,1,1,1,0,0,1,2,1,2,1,1,1,1,2,2,2,2,1,1,0,2,1,1,1,0,1,1,1,1,1,1,1,2,0,1,2,1,1,1,2,1,0,0,0,1,1,1,1,1,0,1,2,1,1,0,0,0,0,1,2,1,1,2,1,1,1,2,0,0,0,1,1,2,1,2,2,1,1,0,1,1,1,0,1,0,1,1,1,2,0,0,1,2,2,1,0,2,0,2,1,0,1,0,2,1,2,1,2,1,1,1,0,2,0,1,2,2,2,1,1,2,2,1,1,1,1,1,0,2,2,1,1,1,1,0,0,2,1,2,0,1,2,0,1,0,1,2,0,2,2,1,0,1,1,1,2,0,1,1,2,0,1,1,0,2,2,1,1,2,0,0,2,2,1,1,1,2,0,0,1,0,1,1,1,1,2,2,1,1,2,1,1,2,0,0,0,0,2,1,2,0,0,1,1,1,0,0,0,0,2,1,1,1,1,1,1,1,1,2,2,2,1,2,1,1,2,1,2,1,0,1,0,1,1,1,1,1,2,2,1,1,1,0,1,0,1,0,0,1,2,0,1,1,1,0,2,0,0,1,1,2,0,1,0,1,1,1,0,0,1,1,0,1,0,0,1,1,1,2,2,2,0,2,1,2,1,1,2,0,1,1,2,0,2,0,1,2,2,1,1,1,1,0,1,1,2,1,1,1,2,2,0,0,0,0,1,1,1,1,1,2,0,0,1,1,0,0,2,0,0,0,1,1,0,1,0,1,1,2,1,0,1,1,1,1,1,2,1,1,1,1,0,1,1,2,2,0,1,2,1,0,1,1,1,1,1,2,1,1,1,0,0,2,2,1,0,2,1,1,1,0,1,1,2,2,0,2,2,2,1,1,2,1,2,0,1,0,2,2,1,1,1,1,1,0,2,1,0,1,1,0,1,1,1,1,2,0,0,1,0,1,1,0,2,2,1,1,2,2,2,1,1,2,1,1,1,1,2,0,1,1,1,1,1,1,0,1,1
"IND0133",2,2,0,1,1,0,0,1,0,1,1,0,1,0,1,2,0,1,1,2,1,0,1,2,2,2,0,1,0,0,0,2,2,1,1,1,2,1,2,2,0,1,2,1,1,1,2,0,1,0,1,0,1,1,2,2,1,1,0,2,2,2,2,0,1,0,0,2,1,0,2,0,1,0,2,2,1,1,1,0,0,2,1,0,0,1,2,1,1,0,0,1,0,0,1,2,1,1,0,1,0,0,2,2,2,0,1,1,2,0,0,2,1,1,1,1,0,1,0,0,1,1,2,1,2,2,0,2,1,1,1,0,2,1,1,1,1,1,1,1,1,0,1,0,2,1,1,0,0,1,1,1,2,1,2,1,0,1,1,2,1,0,2,1,2,0,0,0,0,2,2,0,0,0,1,0,0,1,2,2,1,2,0,1,1,2,2,1,2,2,0,2,2,1,1,2,1,0,1,1,1,1,1,1,1,1,2,1,1,1,0,2,1,1,0,1,0,1,0,0,1,2,1,1,1,1,1,1,1,1,1,0,0,2,2,1,1,0,0,2,2,1,0,0,1,1,1,1,2,1,1,2,2,1,0,0,0,0,1,0,2,0,1,2,1,1,0,1,1,1,0,1,2,1,2,1,0,1,0,2,1,1,1,1,2,0,2,1,1,0,1,0,1,1,0,2,1,2,1,1,0,0,2,1,1,1,1,1,2,0,2,1,0,0,1,0,0,1,1,1,1,1,1,1,1,2,0,1,0,2,1,0,1,1,2,2,1,1,2,0,1,1,1,0,1,2,1,1,2,1,2,1,2,2,1,0,1,2,1,0,1,2,2,1,1,1,1,2,1,2,1,1,2,1,0,1,0,0,2,0,0,1,1,2,1,2,2,1,2,1,2,0,1,1,0,2,2,2,0,2,1,0,1,1,1,2,1,1,1,1,2,2,1,1,1,1,2,1,1,2,1,0,2,1,1,1,2,0,2,1,1,1,0,1,2,2,0,1,0,1,2,1,0,1,2,0,1,1,1,2,0,1,1,2,0,1,1,1,1,1,2,1,2,1,1,2,1,1,0,1,0,2,1,1,2,0,2,2,1,1,1,2,2,0,2,1,0,0,1,1,0,2,2,1,0,2,2,1,1,2
"IND0134",1,1,1,1,1,1,2,1,0,1,0,1,0,0,1,1,1,0,1,2,1,0,1,2,1,2,0,1,0,1,0,2,1,1,0,1,0,0,0,1,0,1,1,1,1,2,0,2,1,1,1,1,1,2,1,0,1,1,2,1,1,1,2,1,1,2,1,0,1,0,0,0,2,1,1,1,1,1,0,0,1,1,0,0,2,1,1,1,1,2,2,0,1,2,0,2,1,1,1,0,1,1,0,0,0,2,1,1,0,2,2,1,1,0,1,1,0,1,1,2,2,0,2,2,1,1,1,2,1,1,1,1,1,2,2,1,0,1,2,0,1,1,1,2,2,1,1,1,0,2,1,1,2,0,2,2,2,2,2,2,2,0,2,2,0,1,0,2,1,2,0,2,1,1,1,1,1,1,1,1,0,2,2,1,0,0,1,1,2,2,0,0,1,0,0,2,1,0,1,1,1,1,0,1,1,2,0,1,2,1,0,0,1,0,0,1,1,1,1,0,0,0,1,0,0,1,0,0,2,0,0,1,1,1,1,1,1,1,2,1,0,2,1,0,1,0,1,1,2,2,0,2,2,1,1,2,1,1,1,1,1,1,1,0,1,1,1,1,0,1,0,1,0,1,1,0,0,1,1,0,1,1,0,1,1,1,0,2,0,0,0,1,1,1,1,2,0,0,1,2,1,0,1,0,2,2,1,1,1,1,1,1,1,0,1,2,1,2,1,0,0,1,1,0,1,1,2,1,2,2,1,1,1,1,0,0,2,1,2,0,2,1,2,0,1,1,1,2,1,0,2,2,2,2,0,1,0,2,1,2,2,0,0,0,1,2,1,1,0,1,1,0,2,1,2,1,0,2,1,1,2,1,2,1,0,1,1,0,0,0,2,0,1,0,0,1,0,0,1,1,2,0,0,1,0,1,1,1,2,2,1,0,1,1,0,0,1,1,0,1,0,1,1,0,1,1,2,0,0,1,1,1,1,0,0,0,2,1,0,1,2,2,1,0,2,1,0,0,1,2,2,1,0,1,0,2,2,2,2,2,2,1,2,2,2,1,1,2,0,0,1,1,1,2,1,2,1,1,2,0,0,1,0,1,2,0,2,0,2,0,1,1,0,2,1,1,2,1,2,2
"IND0135",1,2,0,0,2,0,0,0,1,2,1,1,2,2,1,1,1,0,0,0,2,0,2,0,1,1,1,1,1,1,2,1,0,2,0,2,1,0,1,1,0,0,1,1,1,2,0,1,2,2,0,2,2,0,1,2,0,1,1,1,0,2,1,1,1,2,2,1,2,2,0,2,1,0,0,1,1,1,0,0,1,0,0,0,0,0,1,0,2,0,2,1,0,1,0,0,1,1,1,1,0,1,1,0,1,2,0,1,1,0,0,1,1,0,1,0,1,1,2,1,2,1,1,1,1,0,2,1,1,0,0,1,1,0,0,1,0,1,2,1,2,0,1,0,0,0,1,2,1,0,1,1,1,2,1,2,1,1,1,1,1,0,0,1,1,0,1,1,0,1,2,1,1,1,1,1,1,2,0,1,1,1,0,1,1,0,2,1,1,1,1,2,1,2,0,1,2,1,1,1,1,2,1,0,2,0,1,1,2,1,1,1,2,1,1,0,1,1,2,1,1,1,1,1,1,0,2,2,1,0,1,1,2,0,0,1,0,1,1,0,1,1,1,0,0,2,1,0,1,0,0,1,0,1,1,2,2,1,2,1,1,1,0,2,2,1,1,1,2,0,2,2,1,2,1,1,2,1,0,1,1,1,1,1,1,0,1,2,0,2,2,1,2,1,0,0,2,1,2,2,0,0,2,1,0,1,1,0,2,0,0,0,1,1,1,1,1,1,1,1,1,1,2,1,1,2,1,1,2,1,2,0,1,1,1,0,2,1,1,1,2,0,1,2,1,1,1,0,1,1,1,1,2,2,1,1,0,2,1,0,2,1,1,2,2,0,1,0,2,1,1,0,1,2,1,2,0,0,2,1,0,1,1,2,0,2,2,1,0,0,2,2,2,0,2,1,2,1,1,1,1,1,1,0,1,1,0,2,1,0,1,1,0,0,0,2,1,2,1,1,2,0,2,0,1,2,0,2,2,0,1,1,2,1,1,0,1,1,0,2,0,1,1,1,2,1,1,1,0,1,1,2,1,1,1,1,1,2,1,2,1,2,1,2,1,1,1,1,0,2,2,1,1,2,1,2,0,2,1,1,1,2,1,0,0,1,1,2,1,1,1,0,2,1,2,1,2,2,1,2
"IND0136",1,1,1,2,0,1,0,0,0,1,1,2,1,2,1,1,2,1,2,2,1,1,0,2,0,1,1,2,2,0,2,1,1,0,0,1,2,1,0,0,1,2,0,2,1,1,1,1,2,0,0,0,2,1,2,2,2,0,1,2,2,2,2,0,0,2,1,1,0,1,0,1,1,0,0,2,0,0,2,1,2,1,1,1,1,1,0,1,0,1,1,2,1,0,1,0,1,1,2,1,1,1,0,2,0,1,1,0,1,0,0,0,1,1,1,0,1,1,1,1,0,1,1,2,1,2,0,2,2,1,0,1,1,0,1,1,1,2,1,1,0,1,0,1,1,1,2,2,1,1,2,1,2,1,0,0,1,1,1,0,2,1,0,1,1,0,1,1,0,1,0,1,2,1,1,0,1,2,0,1,1,1,0,2,1,2,1,1,0,1,0,2,2,1,0,1,1,1,1,2,0,1,0,1,1,0,0,0,1,1,2,0,1,0,1,1,0,1,1,1,1,2,2,1,1,1,1,1,0,1,0,2,0,1,2,0,0,2,1,1,2,2,1,2,0,1,1,2,0,0,0,1,0,1,2,1,1,1,1,0,1,1,2,2,1,2,2,1,1,1,2,0,0,2,0,0,0,0,0,2,1,1,1,2,1,0,0,1,1,0,1,1,0,1,2,0,1,1,2,2,0,1,0,1,2,1,1,1,1,1,1,1,1,2,0,2,1,2,1,2,2,0,1,0,0,1,0,1,1,1,0,0,1,1,1,2,2,1,2,2,2,0,0,1,2,1,1,1,0,0,1,0,2,1,1,0,0,1,1,1,0,0,1,0,1,1,1,2,0,1,2,1,1,1,2,1,2,0,1,2,2,1,0,1,2,2,1,0,1,1,1,0,2,0,1,1,2,2,1,1,2,2,1,1,0,1,1,1,0,1,1,2,1,2,2,1,0,1,1,2,2,1,2,1,2,0,1,1,0,1,1,1,2,1,0,0,1,0,2,0,1,1,2,2,2,2,2,0,2,0,0,1,1,0,1,0,0,2,1,1,0,2,2,1,0,0,0,1,2,0,2,0,0,2,2,0,0,0,1,1,0,2,0,1,1,1,2,1,1,1,1,2,0,0,1,2,0,1,1,1
"IND0137",1,1,0,1,0,1,1,0,2,1,1,0,0,0,2,2,1,1,1,0,1,1,1,1,2,1,2,1,1,2,1,2,0,1,2,1,0,1,2,1,2,2,2,0,2,0,1,0,2,0,1,0,1,2,1,2,1,0,1,1,2,1,1,1,1,0,2,0,2,0,1,1,0,1,1,1,1,0,1,2,1,2,0,2,0,1,0,1,1,2,1,1,0,1,2,2,1,1,2,0,1,0,2,2,2,0,1,1,1,1,2,1,1,1,2,1,0,1,0,0,1,1,0,1,2,2,1,0,2,0,1,2,0,1,2,2,1,1,1,2,2,1,1,2,1,1,2,1,1,0,1,1,1,0,0,1,0,2,0,1,2,2,2,2,2,1,1,0,1,1,2,1,1,1,0,0,2,1,1,1,2,1,1,2,2,1,2,0,2,0,0,1,2,1,1,0,1,2,2,1,0,2,1,1,1,1,1,1,0,1,1,1,1,1,1,2,1,0,2,1,0,2,1,1,1,1,0,2,1,1,1,1,1,2,0,1,1,2,1,1,1,1,1,1,1,0,1,2,2,1,0,0,1,0,1,2,1,1,1,2,1,1,0,1,2,0,2,2,0,1,1,1,1,1,1,1,1,1,2,1,2,1,2,1,2,1,1,0,0,0,1,0,0,0,0,1,2,0,0,1,2,1,2,1,1,1,0,0,0,2,1,1,2,1,1,0,2,2,2,2,0,1,2,0,2,1,1,2,0,2,2,2,1,1,2,2,1,2,1,0,0,1,1,2,0,1,1,0,0,2,1,1,1,0,2,1,0,1,0,1,0,1,1,0,2,2,2,1,0,0,1,0,1,1,2,2,0,1,2,1,1,1,2,0,1,2,2,1,1,2,1,2,1,0,2,1,1,2,1,2,1,2,1,1,1,1,2,1,1,1,1,0,0,1,1,0,2,1,1,0,1,1,2,2,2,0,1,1,0,2,1,1,1,1,0,0,2,0,1,2,1,0,1,0,1,0,0,1,0,0,1,2,1,1,1,0,0,0,0,2,1,2,1,1,1,1,1,1,1,1,0,0,0,1,0,0,1,1,2,1,1,1,1,1,2,1,0,0,1,1,2,1,0,2,2,1,1,1,1,0
"IND0138",1,2,1,1,1,2,2,1,1,0,1,1,1,2,2,1,1,2,0,1,0,1,1,1,1,1,1,2,1,0,0,1,1,1,0,1,1,2,1,1,1,1,1,1,1,2,2,1,1,1,0,0,0,1,0,1,1,0,2,1,0,2,1,1,1,1,0,2,0,2,2,2,0,1,0,1,1,2,1,1,1,1,2,1,0,0,0,2,2,1,1,0,1,0,1,1,0,1,1,1,1,1,1,2,1,0,0,2,1,1,0,1,1,0,1,0,2,1,2,2,0,1,1,1,1,1,1,1,1,2,2,1,1,0,1,1,1,0,0,0,1,1,2,2,2,0,0,0,1,0,1,1,0,1,0,1,1,0,2,1,0,1,1,1,1,0,1,1,0,1,0,1,0,0,1,1,1,1,1,1,1,1,0,1,0,1,1,0,2,0,2,2,1,1,1,2,1,2,2,0,2,1,0,1,0,1,0,1,1,2,2,1,0,1,2,1,1,1,0,1,1,2,0,1,0,0,0,1,0,0,0,1,1,1,1,1,2,1,0,1,1,1,0,0,2,2,1,2,1,2,2,1,1,1,1,0,1,2,1,2,2,0,1,1,1,1,0,0,1,1,1,2,1,1,1,1,1,1,0,1,1,1,0,2,2,2,2,0,1,1,2,2,1,2,1,0,0,2,0,1,1,0,1,0,1,1,2,0,2,1,1,0,1,1,1,0,1,1,2,1,1,1,0,1,1,1,2,1,1,2,1,2,1,1,0,1,2,1,2,1,1,0,1,0,0,1,2,0,1,0,1,1,0,1,1,2,0,1,1,2,1,2,2,1,0,1,0,2,1,1,1,1,2,0,1,2,1,1,0,2,2,0,1,2,0,0,1,0,2,1,1,1,1,1,0,2,2,0,1,2,0,1,1,2,1,1,0,2,0,0,1,1,2,1,2,2,1,1,0,1,1,0,0,2,2,1,0,1,0,0,2,0,0,0,0,2,2,1,1,2,2,0,0,1,1,0,0,1,1,0,1,2,0,0,1,0,0,1,1,0,1,0,1,1,0,2,2,0,1,0,2,1,2,1,1,0,0,1,1,1,1,1,2,1,1,1,2,0,2,1,0,0,2,1,0,1,1,1,1,1
"IND0139",0,1,1,0,2,0,2,2,0,2,1,2,1,0,0,1,0,1,1,1,1,1,0,1,1,1,1,1,1,1,0,1,2,1,1,0,0,1,1,1,0,1,0,1,1,2,0,1,2,0,0,2,1,1,0,1,2,2,0,2,1,0,1,1,0,1,1,0,1,1,1,1,1,1,1,1,0,1,1,1,1,1,2,1,0,2,0,2,2,1,0,2,0,0,1,0,1,1,1,1,0,2,2,1,2,1,2,2,1,0,2,2,2,2,0,1,0,1,0,1,1,0,1,2,1,1,2,1,1,1,0,1,0,0,1,2,1,1,0,1,0,2,2,0,1,2,0,0,1,1,1,1,0,1,1,0,0,1,1,1,1,2,1,1,0,1,1,0,1,1,0,2,2,1,2,1,1,1,1,2,2,1,1,0,1,0,1,1,0,2,1,1,1,1,1,1,2,2,2,1,0,1,1,1,1,2,2,1,2,1,1,0,1,1,2,2,2,1,1,1,2,1,1,1,0,1,2,0,0,1,0,0,1,0,0,1,1,1,1,1,0,1,1,0,0,1,1,1,1,1,1,1,0,0,1,0,1,1,1,2,1,2,1,0,0,0,2,1,1,2,2,1,1,2,1,1,1,0,0,0,2,2,2,1,0,2,1,1,2,1,2,2,2,1,2,0,1,0,0,0,1,1,1,1,0,2,1,1,1,1,1,2,1,1,1,2,0,1,1,0,0,1,2,1,0,0,1,1,1,1,0,0,0,0,1,1,1,0,1,2,0,1,1,0,0,1,2,1,2,1,0,1,1,1,1,2,2,0,2,1,1,1,2,2,0,2,0,1,0,0,1,0,0,2,2,1,1,1,1,0,1,0,1,1,1,1,2,1,0,1,0,1,1,0,1,1,1,1,2,1,1,0,1,2,1,1,1,2,1,2,1,0,2,2,2,1,1,1,2,2,1,1,2,0,1,1,0,1,1,0,2,0,1,2,0,0,0,1,1,0,1,2,2,0,2,0,0,0,0,2,2,1,1,1,2,2,1,1,2,1,1,1,1,1,1,1,1,0,0,0,2,0,1,1,0,0,0,1,0,1,1,2,2,2,2,0,2,2,1,1,1,2,2,0,1,1,0,1,0,0
"IND0140",1,1,2,1,1,1,0,2,1,0,1,1,1,1,1,1,0,0,0,1,1,0,1,2,1,2,2,0,0,1,0,1,0,2,2,1,2,1,0,2,1,1,2,1,0,0,1,1,0,0,0,2,0,0,0,2,1,1,0,2,0,0,2,1,1,1,0,1,0,1,1,1,0,2,1,2,0,1,0,2,0,2,0,2,0,1,1,0,1,2,1,1,2,1,1,0,1,0,1,2,0,1,2,0,1,2,1,1,1,0,2,2,0,2,2,1,0,1,1,1,1,2,0,1,0,1,1,2,1,2,1,2,2,2,0,2,1,2,0,1,1,2,2,1,1,2,1,1,0,1,1,1,2,1,0,0,1,0,0,0,1,1,1,1,2,1,1,1,2,1,1,0,0,0,1,1,0,2,1,2,2,1,2,2,1,1,1,1,2,1,1,1,2,0,2,0,1,0,1,0,1,1,2,2,0,0,1,1,2,1,0,1,2,0,1,1,2,2,1,0,1,1,1,2,1,2,1,2,2,1,1,2,1,0,1,2,2,1,1,1,0,0,1,1,1,1,1,1,0,2,1,1,1,2,0,1,2,2,2,1,2,0,1,0,2,1,0,1,1,2,0,1,1,1,0,2,1,2,0,1,2,0,1,1,2,0,1,2,0,2,1,1,1,1,1,1,1,0,2,1,2,0,2,2,1,2,1,1,1,1,2,1,1,2,1,1,2,2,2,2,1,2,2,1,1,2,0,0,0,0,0,0,1,2,2,1,1,1,0,1,2,2,2,2,2,2,0,0,0,2,2,0,2,1,2,2,2,1,0,0,2,1,1,0,0,0,1,0,1,1,1,1,0,1,2,2,1,2,2,0,1,2,0,1,0,2,1,1,1,1,2,0,1,1,1,1,1,0,1,2,2,1,0,2,0,2,1,1,1,1,1,1,0,1,1,0,2,1,1,2,1,1,0,0,0,0,0,2,1,1,1,0,0,1,2,0,2,0,2,1,0,1,1,1,0,1,0,2,1,2,0,1,1,2,0,0,1,1,2,0,1,1,0,0,2,2,0,1,1,1,1,1,2,2,0,2,2,2,2,1,1,2,0,1,2,1,1,1,1,0,1,0,0,1,2,2,1,1,2,1
"IND0141",1,1,1,1,1,1,1,2,1,1,1,2,1,1,1,0,2,1,2,0,1,2,1,0,1,2,2,1,1,0,2,1,2,1,0,0,1,1,1,1,1,0,2,1,1,1,2,2,2,1,1,1,2,2,1,2,1,2,2,1,1,2,0,1,2,2,1,2,0,2,2,1,0,0,0,0,0,1,1,1,0,0,2,2,0,1,2,0,2,0,1,1,1,1,2,0,1,2,1,0,1,0,1,1,2,0,1,1,1,0,0,1,1,1,1,1,1,1,0,2,1,1,0,0,0,1,1,1,0,1,2,2,2,1,1,0,1,0,1,1,1,1,0,1,0,1,2,1,1,1,1,2,2,1,2,1,0,1,1,1,0,1,2,2,0,2,2,1,1,2,1,0,1,0,1,1,2,1,1,0,0,0,1,1,0,0,1,1,1,0,1,2,1,1,1,1,1,1,2,0,2,0,1,1,1,1,0,2,1,0,0,1,2,1,0,2,0,1,1,1,1,1,1,2,0,0,1,0,0,1,0,0,0,1,1,0,1,2,1,0,0,0,2,1,1,1,1,2,0,1,0,0,2,1,2,1,2,2,1,1,1,1,0,1,2,1,0,0,1,2,1,0,1,1,1,2,0,0,1,1,1,1,2,2,0,1,2,2,1,2,1,2,1,1,1,2,2,1,1,2,0,1,0,2,2,2,1,1,0,0,2,1,1,2,1,2,0,0,0,0,1,1,0,0,0,0,0,0,2,0,1,0,1,1,0,1,1,0,0,1,1,1,1,1,1,1,1,1,1,1,1,1,0,1,1,0,0,2,1,0,2,2,2,1,2,1,1,2,1,1,0,2,1,1,0,1,1,1,1,2,0,0,0,0,2,1,2,1,1,1,1,2,2,0,2,1,1,1,1,1,2,2,1,2,1,0,1,2,1,1,2,2,1,1,2,0,2,2,1,1,1,2,1,0,0,1,1,0,1,1,2,1,1,0,0,1,2,0,0,0,2,0,2,0,2,0,1,0,0,0,1,1,1,1,1,0,0,1,2,0,2,2,0,2,1,1,2,1,0,1,2,1,2,1,0,1,1,2,2,1,2,2,1,0,1,1,1,0,0,1,1,0,1,2,2,2,1,2,1,2
"IND0142",1,1,0,0,0,1,0,1,1,2,0,1,2,1,2,0,0,0,0,1,1,1,0,2,1,2,1,1,2,1,0,1,1,1,0,1,2,0,0,2,0,1,1,2,1,2,1,1,0,2,1,0,2,0,2,1,1,1,2,1,1,2,0,1,1,1,0,1,2,1,1,1,0,2,0,1,2,1,2,2,1,1,0,0,1,2,2,1,1,2,0,1,1,1,0,1,2,2,2,2,1,1,1,1,2,0,1,1,1,2,0,1,1,1,1,2,0,2,0,1,2,2,1,0,1,1,1,2,1,1,0,1,2,0,0,0,0,1,0,1,1,0,1,0,2,2,0,2,2,2,0,1,1,0,0,1,0,1,0,0,1,0,0,1,2,2,2,0,1,1,1,0,0,0,0,0,0,1,1,1,0,1,2,0,1,1,1,1,2,2,0,1,1,2,1,1,2,0,0,0,0,2,1,0,0,1,0,1,0,2,2,2,1,0,1,0,1,1,0,1,0,2,1,1,2,1,0,2,0,1,1,1,2,1,1,0,1,1,2,2,0,2,0,1,1,2,2,1,2,0,1,1,2,1,2,1,1,0,1,1,1,2,1,0,2,1,0,2,1,1,1,2,2,1,1,0,1,2,1,1,0,1,1,0,0,0,1,1,0,2,1,2,2,1,0,1,2,2,0,1,0,1,1,0,2,1,1,0,0,1,1,0,0,2,1,0,1,1,1,1,1,2,0,0,1,1,1,0,2,0,1,1,1,2,1,1,0,1,2,2,1,1,0,0,1,0,2,1,0,1,1,1,0,1,1,1,1,2,1,2,0,1,2,1,1,1,1,1,1,0,0,1,0,1,2,1,1,2,1,2,1,1,0,1,1,0,1,2,0,0,2,0,0,1,0,1,1,1,0,1,1,2,1,2,1,1,1,2,2,1,1,2,1,2,0,1,1,1,1,0,1,2,1,2,1,0,0,1,1,1,2,2,2,1,0,2,1,0,2,2,1,1,2,2,1,1,1,1,1,1,0,1,0,2,1,2,2,1,1,1,1,2,2,1,0,1,0,1,1,1,2,0,0,2,1,1,1,2,0,1,1,0,1,1,1,0,1,0,0,1,1,1,1,1,0,1,1,0,0,2
"IND0143",1,2,2,1,2,1,0,1,2,1,1,1,1,1,1,0,2,2,2,0,1,2,1,2,1,2,1,1,0,2,2,0,0,2,1,0,0,2,0,2,0,1,2,1,1,2,1,0,1,0,1,1,0,2,2,1,2,1,1,0,0,1,2,1,2,1,0,0,1,1,1,2,1,0,0,1,0,1,1,1,0,1,0,1,2,2,1,2,0,1,2,2,1,1,0,2,1,1,0,1,0,2,2,2,2,2,0,1,2,0,1,1,0,0,1,1,2,1,0,1,1,1,2,2,1,1,2,0,0,1,1,2,2,1,0,0,1,0,1,1,1,2,0,2,1,1,1,1,2,2,2,2,1,0,1,0,2,0,1,2,0,0,1,1,0,1,1,1,1,0,0,1,1,1,0,1,1,1,2,1,1,1,1,1,0,2,1,1,1,1,0,0,1,2,1,1,2,2,1,2,1,2,1,1,1,0,0,1,1,1,1,1,1,0,1,1,1,0,1,1,2,2,0,1,2,1,2,0,1,2,1,2,0,1,2,1,0,1,2,1,1,1,1,2,1,0,1,1,1,2,1,2,0,0,2,2,1,2,1,1,1,1,1,1,1,1,2,0,2,1,1,1,0,1,1,2,1,1,1,0,0,0,1,1,0,1,1,0,2,2,0,0,2,0,1,0,1,2,1,1,1,0,2,2,1,1,0,0,1,1,1,1,1,1,1,2,1,2,0,2,2,1,2,1,2,0,2,2,0,2,1,0,2,1,1,1,1,1,1,1,0,1,1,1,2,1,1,0,2,1,1,1,1,0,1,1,0,0,0,2,1,0,1,0,0,1,1,0,1,1,1,2,1,1,0,1,1,2,1,1,1,1,1,1,0,0,1,2,1,0,2,1,0,0,2,1,1,2,0,1,0,1,1,1,1,1,1,1,0,1,0,1,2,1,1,2,2,1,2,0,0,1,1,1,1,0,0,1,0,1,2,1,0,1,2,0,0,0,1,1,1,1,0,2,1,2,0,1,0,2,1,2,1,1,2,0,1,1,2,1,0,1,1,0,2,1,1,0,2,1,0,1,0,2,1,0,0,0,1,1,2,2,1,2,0,1,2,1,1,0,0,1,2,1,1,0,1,2,1,0
"IND0144",1,1,1,2,1,1,1,2,0,1,1,1,2,2,0,1,0,0,0,0,0,1,1,2,0,1,0,1,1,2,1,1,2,0,2,1,1,1,1,2,1,1,1,1,1,0,1,1,0,1,1,1,2,0,1,1,1,1,2,1,1,1,0,1,0,1,1,2,1,2,0,1,2,0,1,1,2,1,2,2,0,2,1,2,0,0,2,1,2,2,1,0,2,1,0,0,1,2,1,2,1,0,1,2,2,2,1,1,0,1,1,1,2,1,2,1,0,1,1,2,1,0,1,2,1,0,2,0,1,2,1,2,2,1,1,0,1,0,1,1,1,2,1,1,1,1,1,1,2,2,1,2,2,2,1,0,0,0,1,0,1,0,0,1,1,2,1,1,1,2,1,1,1,0,1,2,0,0,1,1,1,1,0,1,1,2,1,2,0,2,1,2,1,0,2,2,1,1,0,1,0,1,0,0,1,1,2,2,1,0,1,0,2,0,1,1,1,2,0,1,0,1,0,1,1,0,1,2,2,0,1,0,1,2,1,0,2,1,2,2,0,0,1,1,2,2,1,2,1,1,1,1,0,1,2,0,0,1,0,0,0,2,2,1,2,1,1,2,2,2,1,0,2,2,1,0,1,2,0,2,2,1,1,1,2,1,1,2,1,1,1,2,1,2,0,0,0,2,0,1,0,2,1,0,0,2,0,1,1,1,2,1,1,1,1,0,2,1,1,0,2,2,2,1,1,1,2,0,0,1,1,1,2,1,2,1,0,2,0,2,1,1,2,2,1,1,1,1,2,2,1,1,1,1,0,1,2,1,0,0,1,2,2,1,0,0,2,2,1,1,2,2,1,0,2,2,1,2,2,1,1,1,0,0,2,1,2,0,1,1,0,1,0,0,0,1,2,0,1,1,1,0,2,0,1,2,0,1,0,0,1,0,2,0,1,1,0,1,1,1,0,1,1,0,1,1,2,0,2,0,1,2,1,0,1,0,0,2,0,2,0,1,1,1,1,0,1,1,0,1,1,2,1,0,1,1,1,0,1,1,1,1,2,1,1,0,2,1,0,1,2,1,2,1,0,1,1,2,2,0,1,0,1,1,1,2,0,1,2,1,1,0,1,2,1,0,1,1,0,0
"IND0145",1,0,1,1,1,1,1,0,0,1,0,2,2,1,2,0,0,1,2,0,0,1,1,2,0,1,2,1,1,1,1,1,2,0,2,0,1,1,0,0,0,1,1,2,2,2,1,2,2,0,0,1,0,2,2,1,2,2,1,1,1,1,1,0,1,1,2,0,1,1,1,1,1,2,0,1,0,1,1,1,0,2,1,1,2,0,0,0,1,0,1,0,0,0,2,2,1,1,2,1,1,1,1,1,2,1,2,2,1,2,2,1,2,1,2,2,1,2,0,1,0,1,1,1,1,2,1,1,1,2,2,2,0,0,1,0,1,1,1,2,2,1,0,1,1,0,1,0,1,0,2,2,0,0,1,2,0,1,1,2,1,1,2,0,1,1,1,2,2,2,0,1,2,0,2,2,2,1,1,2,1,1,1,2,1,0,0,1,1,2,2,2,1,1,0,2,1,1,1,0,1,1,2,1,1,1,1,1,1,1,2,1,1,1,0,1,0,2,1,2,1,2,0,1,0,2,1,0,1,1,1,0,1,1,1,2,1,2,1,2,1,1,2,2,2,1,2,1,2,1,0,1,0,2,2,1,1,2,2,1,0,1,2,1,0,1,2,1,1,0,1,1,0,1,0,2,1,1,2,2,2,1,1,2,2,2,1,1,1,1,1,2,2,1,0,2,1,1,1,1,1,0,1,1,0,0,1,1,2,2,2,2,1,0,0,2,1,2,0,0,2,0,2,1,1,1,2,2,1,0,0,0,1,2,1,2,2,1,1,0,0,1,1,0,1,1,1,1,1,1,1,0,1,2,2,1,1,0,2,1,0,2,1,1,1,1,2,1,0,2,1,1,2,1,1,1,1,1,1,0,1,0,0,1,2,1,2,1,1,0,1,1,1,2,0,1,1,1,2,1,0,1,2,1,1,1,2,0,0,1,1,2,0,0,1,2,2,2,2,0,2,1,2,2,0,0,1,2,1,1,0,1,1,2,0,1,2,2,2,0,1,2,1,0,1,0,1,0,1,1,1,2,2,1,0,2,0,1,1,1,0,2,1,1,2,1,1,1,1,2,0,1,2,1,1,1,1,1,0,0,1,1,1,1,2,0,1,0,2,2,2,1,1,1,1,2,1,2,0,1
"IND0146",1,1,2,0,2,0,1,1,1,2,0,2,1,1,1,2,1,0,0,1,1,0,1,1,0,2,0,1,2,1,1,1,1,1,1,1,2,1,1,0,1,1,1,0,1,1,1,1,1,1,1,2,1,1,1,0,2,0,2,2,2,0,1,2,0,2,2,2,1,1,1,1,2,2,1,0,1,1,1,1,0,1,1,1,1,1,0,1,1,0,0,1,0,2,2,2,1,1,2,1,0,1,0,2,2,1,2,1,1,1,1,1,0,2,0,1,2,0,1,1,2,1,0,2,1,1,1,0,1,0,1,1,0,1,1,2,2,1,2,1,0,1,1,2,1,1,2,0,2,1,1,2,2,2,0,2,2,1,1,2,1,2,1,0,1,1,0,2,0,2,1,0,1,2,1,0,0,1,2,2,1,1,1,0,1,1,1,0,1,0,0,0,0,0,1,1,0,2,1,1,0,0,2,0,2,0,1,2,1,1,0,1,2,1,1,1,0,0,1,1,1,0,2,1,1,1,0,1,1,1,0,1,2,2,1,1,1,2,1,1,1,1,1,1,1,1,2,1,2,1,0,1,0,1,1,0,0,1,1,1,1,1,1,0,2,0,2,1,1,2,1,2,2,0,1,1,1,2,0,2,1,1,2,1,2,1,0,2,1,1,1,0,0,0,1,0,1,2,1,1,1,1,0,1,1,1,2,1,1,0,1,1,2,2,0,1,2,1,2,1,1,0,1,1,0,1,1,1,1,2,0,2,0,2,1,1,1,1,0,0,2,1,2,0,1,0,1,1,1,2,1,0,2,1,1,0,0,2,1,0,0,2,0,1,1,0,2,0,1,1,2,2,0,1,2,1,1,2,1,1,1,1,1,1,0,1,0,1,1,0,2,1,0,0,1,0,1,1,1,0,2,1,1,0,0,1,2,2,2,1,0,2,0,2,0,1,0,0,1,2,0,2,1,1,1,0,1,1,1,1,0,0,1,2,2,1,1,1,1,2,2,2,1,2,2,0,1,0,0,1,1,1,2,1,0,1,0,1,2,1,2,2,1,1,1,0,2,0,1,1,2,1,2,0,2,1,0,0,1,1,0,1,2,1,1,2,1,0,1,1,1,1,2,0,1,0,1,0,1,0
"IND0147",1,2,1,0,1,1,0,1,2,0,1,0,1,0,1,2,0,2,2,1,1,2,2,1,1,2,1,2,1,2,2,0,0,2,1,1,1,0,2,1,1,1,2,1,0,2,1,1,1,1,0,0,1,1,1,1,1,1,1,1,1,1,1,0,1,1,2,1,2,0,0,0,1,1,1,2,1,1,1,1,0,0,0,1,1,1,1,1,1,2,1,1,2,0,0,1,2,0,2,2,2,1,0,0,1,0,0,1,2,0,1,0,2,1,1,2,0,0,1,0,2,1,0,1,1,1,0,1,1,1,0,2,0,2,2,0,1,1,1,1,2,2,1,1,1,0,1,1,2,1,1,0,0,2,2,2,1,2,2,1,2,1,1,0,2,2,1,2,2,1,2,1,1,1,2,0,1,0,1,1,1,2,1,1,2,0,0,1,1,0,1,0,1,0,2,1,2,1,1,1,1,2,2,0,2,1,1,2,0,0,1,0,1,1,0,1,1,2,2,0,1,2,1,1,2,1,1,1,1,1,1,2,1,0,2,0,1,1,1,1,2,2,2,0,0,1,2,2,1,1,1,1,0,1,0,2,1,0,1,2,2,1,2,2,0,2,1,1,1,2,1,2,2,1,2,1,1,2,2,1,0,2,2,1,2,1,1,0,1,2,2,1,1,1,1,2,1,1,1,1,0,1,2,1,1,1,1,0,2,1,1,2,1,2,1,0,0,1,1,1,0,1,1,1,2,2,2,2,1,0,2,1,0,1,0,2,0,1,2,1,1,2,2,0,1,2,0,1,1,1,1,0,0,0,1,1,2,0,0,0,0,0,2,1,0,2,2,1,2,1,1,0,1,0,1,0,0,1,1,2,1,1,2,0,2,2,0,1,1,1,1,2,1,2,2,0,1,0,0,1,1,0,0,1,0,1,2,2,1,1,0,1,1,0,1,1,2,1,2,2,0,1,1,1,1,1,2,0,2,1,2,0,2,1,1,0,0,2,1,1,1,1,1,1,0,1,1,1,1,2,1,1,1,1,1,0,1,0,1,2,0,1,1,1,1,1,1,1,1,2,2,0,1,1,1,2,1,1,0,1,0,0,0,0,1,1,1,2,1,2,0,0,2,1,1,0,2,1,1,0
"IND0148",0,1,1,0,0,1,2,0,1,2,1,0,1,1,1,2,1,2,2,2,1,1,0,1,0,1,1,2,1,1,0,2,2,1,0,1,0,2,2,0,1,2,2,2,2,2,0,0,1,1,1,1,1,1,2,1,1,2,2,1,0,1,0,0,1,2,0,2,2,2,1,1,1,0,0,0,0,0,2,1,2,1,1,2,1,1,0,0,1,0,2,2,1,1,1,0,2,1,1,0,1,2,1,1,0,2,2,2,1,1,2,1,2,2,0,2,1,2,2,2,0,0,1,2,2,2,1,0,2,1,2,1,1,2,1,1,2,0,1,0,1,2,2,2,2,0,1,0,0,1,1,2,1,1,1,0,1,0,0,0,1,0,0,0,1,0,1,0,0,1,2,1,1,1,1,2,1,0,1,1,1,0,1,2,0,2,1,1,2,0,2,1,1,0,1,0,1,0,2,1,0,1,0,1,0,2,1,0,0,0,0,1,0,0,1,0,0,2,2,0,1,1,0,1,1,1,1,2,1,1,1,1,1,1,2,0,2,2,1,1,0,0,2,0,0,1,1,1,1,2,2,2,1,0,1,0,0,1,2,1,2,1,1,2,2,1,0,2,1,2,2,2,0,2,1,1,2,0,0,1,1,2,0,1,1,0,0,1,0,1,0,1,0,0,1,0,2,1,1,2,2,2,0,1,1,1,0,0,1,0,1,0,1,0,0,1,0,2,2,1,1,1,0,1,1,0,0,2,1,1,1,1,1,1,0,2,1,1,2,0,1,2,0,0,2,1,2,2,1,2,1,2,1,2,1,1,2,1,2,2,0,1,2,0,1,1,0,2,0,1,0,0,1,2,1,0,1,1,1,1,1,2,2,1,1,1,1,1,1,1,1,1,1,1,1,1,1,2,1,2,0,2,2,0,1,1,2,2,2,0,2,1,1,1,0,2,2,0,0,2,2,2,1,1,1,1,1,2,0,1,0,1,0,1,2,1,1,2,0,2,2,1,1,1,1,2,1,2,0,2,2,2,1,1,1,2,0,1,0,2,0,0,0,2,1,2,2,2,2,0,0,0,1,1,2,1,1,0,2,1,2,0,1,1,1,2,2,1,1,0,1,2,2,1,2,2,2,2,2,1
"IND0149",0,0,2,1,1,0,2,1,1,1,2,2,1,0,2,0,0,2,2,1,1,2,1,1,1,2,0,1,0,2,1,0,0,0,1,2,2,2,1,2,1,0,1,1,1,1,1,0,1,1,2,0,1,2,1,0,2,0,0,1,0,0,0,2,1,1,0,1,1,2,1,0,1,1,2,1,1,0,1,1,1,1,0,2,1,1,0,0,1,1,1,1,0,1,1,0,2,2,1,1,2,2,1,1,0,2,0,1,1,0,1,0,1,1,1,1,1,2,0,2,0,1,2,0,1,1,1,2,1,2,0,0,2,2,1,1,1,0,0,1,1,1,2,0,1,2,1,1,1,0,0,2,1,2,1,2,1,2,2,1,1,0,2,1,1,2,2,0,1,2,0,1,0,1,1,1,2,1,1,2,2,1,1,2,1,1,1,1,2,0,2,2,2,2,1,2,2,2,2,1,1,2,2,0,2,2,2,1,2,2,2,1,2,1,2,2,2,2,1,1,2,0,1,0,1,0,1,0,1,2,0,2,2,1,1,0,1,2,0,0,1,1,0,2,1,1,0,0,1,1,0,2,1,2,0,1,1,2,1,0,2,0,2,2,1,1,1,2,1,1,0,1,1,1,0,1,1,1,2,1,1,0,0,1,2,0,0,1,1,1,1,1,1,1,0,1,0,1,0,1,1,0,1,1,0,1,2,1,1,2,1,1,1,1,1,0,2,0,1,2,2,2,1,0,1,1,1,2,1,1,1,2,0,2,1,0,2,0,1,0,2,1,1,0,1,0,0,1,2,0,1,1,0,1,1,2,1,1,1,1,1,2,1,0,0,0,1,0,2,2,2,0,1,2,1,1,1,0,2,1,0,2,0,2,1,1,1,2,1,2,0,2,0,1,1,0,1,0,0,1,0,1,2,2,2,0,1,2,2,1,1,1,1,1,1,2,0,1,1,0,1,2,2,1,1,1,1,0,1,1,1,1,2,0,0,2,1,0,1,1,2,1,0,1,2,1,2,1,1,2,1,1,1,1,1,0,2,1,0,2,1,1,1,1,1,0,1,0,2,0,0,1,1,0,1,1,1,0,1,0,1,1,1,0,1,1,1,1,1,1,2,0,0,0,2,2,0,2,1,1
"IND0150",2,0,1,0,1,2,1,2,0,1,0,1,1,0,1,2,1,1,2,0,1,2,1,2,2,2,1,1,1,1,2,1,0,0,0,1,0,1,1,1,0,1,1,1,0,1,1,2,0,0,1,1,0,0,2,0,2,2,1,0,1,0,0,0,2,0,0,1,1,1,0,1,1,1,1,2,0,1,1,1,1,2,0,2,1,1,2,1,1,2,2,2,1,1,1,0,2,0,0,1,1,0,1,2,2,0,1,2,1,0,0,1,2,2,2,1,2,2,0,1,0,0,0,1,2,0,2,2,1,0,0,0,0,1,2,1,1,1,0,1,1,0,1,0,1,1,1,2,1,1,1,1,0,2,1,2,1,1,2,1,0,1,2,0,1,0,0,1,2,1,2,0,2,2,2,1,1,2,1,1,1,1,1,1,1,1,1,1,1,1,0,0,1,1,2,0,1,1,0,2,1,1,1,1,2,1,1,0,1,2,2,1,0,2,2,1,1,1,2,2,1,1,2,0,2,1,0,1,2,0,1,2,0,2,1,0,1,1,1,1,0,0,1,1,1,1,1,0,1,1,1,0,1,2,1,1,2,2,0,1,1,0,1,2,0,1,2,0,0,1,0,2,2,1,1,2,1,0,1,2,1,1,1,1,2,0,1,2,1,0,0,1,2,2,2,0,1,2,1,0,1,2,1,2,1,1,1,1,1,0,1,0,2,0,1,1,0,2,1,0,2,1,0,1,0,0,1,0,1,1,1,0,0,2,1,1,1,0,0,1,1,0,1,1,1,1,1,1,0,0,1,2,1,1,1,0,2,1,0,0,1,1,0,2,2,2,1,2,2,0,2,1,0,1,0,0,2,0,2,1,1,1,1,2,2,1,1,1,1,0,1,0,2,0,0,2,1,1,0,0,2,2,0,0,1,1,1,1,1,1,0,1,0,2,0,1,0,0,2,0,2,0,2,2,2,0,0,2,1,0,0,2,2,2,1,1,1,1,1,1,0,0,1,1,0,1,2,0,0,1,2,0,1,2,1,2,1,1,2,0,1,1,1,0,2,2,2,1,1,1,0,1,0,0,2,0,2,0,2,0,0,2,1,2,2,1,2,0,1,0,2,1,0,1,1,1,1,2,2,1
"IND0151",2,0,1,0,0,2,1,0,0,1,1,2,0,1,1,2,1,1,0,0,2,2,2,2,0,0,0,2,1,0,1,2,2,2,1,1,1,2,2,1,1,0,0,1,0,2,2,2,1,0,1,1,1,1,0,1,1,0,0,2,2,1,2,2,2,1,0,0,2,0,1,0,1,1,1,1,1,0,1,2,0,1,2,1,2,1,1,0,0,1,0,0,1,1,1,0,0,1,1,0,2,0,1,0,0,1,0,1,0,0,2,0,2,1,1,2,0,0,1,0,1,1,0,1,1,0,1,1,2,2,0,1,0,1,1,1,2,1,2,1,0,1,1,1,1,0,1,2,1,1,0,2,1,1,0,0,1,2,1,0,2,1,2,1,1,1,2,2,1,1,1,0,2,1,1,1,0,0,2,1,0,1,1,1,1,2,1,0,1,1,1,2,1,1,1,0,1,1,0,1,1,0,1,1,1,2,1,0,0,2,0,1,1,1,0,1,1,1,2,1,2,1,0,1,1,1,0,1,1,1,1,1,2,2,0,0,1,1,1,1,2,0,2,1,1,1,1,1,0,1,1,1,0,1,0,2,2,0,2,1,2,2,2,0,0,0,0,1,1,2,1,0,2,1,2,1,1,2,2,2,1,1,1,2,2,1,1,2,0,1,2,1,2,0,0,0,2,2,1,1,2,0,1,1,1,1,1,1,2,1,1,0,0,1,1,2,0,2,1,1,2,1,2,1,1,0,1,2,0,1,0,1,1,0,1,1,1,1,1,0,2,0,1,1,2,2,1,0,1,0,0,1,1,1,0,0,1,1,2,2,2,1,0,0,0,2,1,2,1,0,1,2,1,2,1,0,0,2,0,1,1,1,2,1,0,1,0,1,0,1,0,1,1,0,1,2,2,0,1,2,1,1,2,1,2,1,0,0,1,0,2,1,1,2,2,1,2,2,0,2,1,1,0,0,1,1,0,1,0,1,1,2,1,1,1,0,1,1,2,2,2,0,1,1,1,1,2,0,1,2,1,1,1,2,1,1,1,2,1,1,2,0,1,1,1,0,1,0,0,1,2,0,1,2,0,1,1,2,1,0,1,1,0,1,1,0,2,0,2,1,0,0,1,1,0,0,1,1,2,2
"IND0152",2,1,1,0,1,1,2,2,0,1,2,1,0,1,2,2,1,1,0,0,2,1,2,0,0,2,2,0,1,1,2,0,1,1,0,1,1,2,1,1,2,1,0,1,2,2,0,1,2,1,2,2,1,2,2,0,2,0,1,0,2,2,0,1,0,2,2,1,1,1,0,0,0,0,1,0,0,1,1,2,1,2,1,2,1,2,1,2,1,1,1,1,1,1,1,2,1,1,1,0,0,1,0,1,2,1,2,2,1,0,1,0,1,2,1,1,1,1,2,0,1,0,1,1,2,1,0,0,1,1,1,2,0,2,1,0,1,1,1,1,2,0,1,0,1,2,1,1,1,0,1,0,1,2,1,1,2,2,0,2,0,0,2,1,1,1,2,0,1,0,1,1,1,1,1,1,1,0,1,1,1,2,1,1,0,1,2,1,1,2,1,0,1,1,1,1,2,1,1,2,1,2,1,1,2,2,1,2,1,1,0,2,2,0,0,0,2,1,1,0,1,2,2,1,2,0,2,1,1,0,2,1,1,1,2,0,1,2,2,2,2,1,1,1,2,2,1,2,1,2,0,2,0,2,1,2,1,1,1,1,2,1,1,1,2,1,1,2,1,2,1,2,1,2,0,1,1,1,1,1,1,2,1,2,2,1,0,0,1,1,1,1,2,0,0,1,0,1,0,1,1,1,2,1,1,2,2,0,0,1,0,1,1,0,0,1,0,1,1,1,2,1,1,0,1,1,2,1,2,0,1,2,1,2,1,2,1,1,0,0,2,0,1,0,1,0,0,0,2,1,0,2,2,2,2,1,1,1,1,2,1,2,1,0,2,1,1,0,0,1,1,2,2,2,0,1,1,1,1,2,1,0,0,1,2,1,1,0,0,1,2,1,1,0,0,1,0,1,1,1,2,1,1,2,1,2,1,2,1,0,1,1,1,1,0,0,0,2,2,1,0,0,0,0,0,1,1,1,0,1,1,0,1,1,0,2,0,1,2,2,1,0,2,1,0,1,2,2,0,1,1,1,1,1,0,0,2,1,1,0,1,1,1,0,1,1,2,2,0,2,2,0,1,1,1,0,2,1,2,0,0,1,1,0,1,1,2,1,0,2,1,2,1,2,2,0,1,2,2,1
"IND0153",0,0,0,2,2,1,1,2,2,0,1,0,2,1,1,1,0,2,1,1,1,1,1,2,0,1,1,1,1,1,2,2,2,1,2,0,1,2,2,2,1,0,1,1,2,1,1,2,1,0,2,1,0,1,1,0,1,0,1,0,2,0,0,2,0,1,1,1,2,2,0,2,0,1,0,1,2,1,1,1,1,1,1,2,2,0,1,2,2,1,2,2,1,1,2,1,2,0,0,2,1,1,2,1,1,1,0,2,0,2,0,0,1,1,0,1,1,1,1,1,1,0,2,1,2,1,2,1,1,1,1,1,0,2,1,0,1,0,1,1,1,1,0,0,0,1,1,1,2,0,0,2,1,1,1,2,1,1,2,1,1,0,1,1,1,1,2,2,0,2,1,1,0,0,1,0,1,1,0,1,0,0,2,1,0,1,1,1,0,1,0,1,0,0,0,2,1,0,1,1,1,0,2,1,0,2,1,2,1,1,2,1,1,0,1,1,1,1,0,0,2,0,1,1,1,2,1,1,1,0,2,2,2,1,1,0,2,2,2,2,0,1,2,1,2,0,2,1,1,1,0,1,1,1,2,1,2,2,1,2,0,2,0,1,1,0,1,2,2,1,1,2,1,1,2,1,1,1,2,1,2,2,1,0,1,0,1,2,1,2,0,1,0,1,1,0,2,1,1,2,1,0,1,0,0,1,1,2,2,1,2,2,1,2,1,2,0,0,2,0,0,0,2,2,1,1,1,0,1,2,1,2,2,2,2,1,0,1,0,1,0,1,1,0,1,1,2,1,0,0,1,2,1,1,2,2,2,1,1,0,2,1,1,1,0,1,1,1,1,1,1,1,2,1,1,0,1,1,1,2,1,0,2,0,1,1,2,1,1,0,1,1,2,0,0,1,1,2,0,1,0,0,1,1,0,2,1,1,1,1,1,1,1,1,1,2,1,1,0,1,1,1,1,1,1,1,0,0,1,1,1,0,0,2,1,0,0,1,2,1,0,1,2,0,1,2,2,0,0,2,1,0,1,1,2,0,1,1,1,1,1,1,1,1,0,0,0,2,1,1,0,2,0,1,0,1,2,2,0,1,1,2,2,1,1,2,1,1,1,2,2,0,1,1,1,1,2,1,2,1
"IND0154",1,1,1,0,1,1,1,1,0,2,0,2,2,2,0,0,1,0,1,1,1,2,0,1,1,0,2,0,0,0,1,2,1,2,0,0,0,0,1,1,1,1,1,1,0,1,0,0,0,1,1,1,1,0,1,0,0,1,1,2,0,1,1,1,1,2,2,1,2,0,0,1,0,2,1,2,1,1,2,1,0,1,2,0,1,1,2,1,1,2,1,1,1,1,2,2,2,1,1,2,2,1,1,0,1,0,1,1,0,2,1,2,2,2,0,1,1,0,1,0,2,0,0,0,0,1,2,1,1,1,1,1,1,1,1,1,1,0,1,0,0,2,2,1,0,1,1,1,1,1,2,0,1,2,1,0,0,0,2,1,1,1,1,1,0,1,2,2,0,2,0,2,0,2,0,1,0,0,2,1,1,1,0,2,0,0,0,0,2,1,1,1,1,2,1,2,2,1,0,1,2,2,0,1,0,1,1,1,2,2,0,0,1,1,1,2,1,0,1,1,1,1,1,1,2,2,2,0,2,1,1,0,2,1,0,1,1,1,2,1,1,0,1,1,0,2,0,0,1,1,0,1,0,0,0,1,2,1,0,2,0,2,2,1,1,2,0,1,0,1,0,2,0,0,0,0,1,0,1,2,0,2,1,1,1,1,2,2,1,1,2,1,0,2,1,1,2,2,2,2,1,2,1,2,1,1,2,2,2,2,2,1,1,2,1,2,2,0,2,0,1,1,0,1,0,1,2,2,2,0,2,1,0,0,0,2,0,2,1,1,2,0,1,1,2,0,1,1,1,1,1,1,1,2,1,0,1,1,0,1,1,1,1,1,1,1,1,1,1,0,1,0,1,2,0,2,0,1,1,1,2,1,1,1,1,2,2,1,0,0,1,1,1,1,1,2,1,0,2,0,1,2,1,1,0,1,2,1,1,0,1,2,2,0,1,1,0,2,1,1,1,1,0,1,1,1,2,2,2,1,1,0,0,0,1,2,1,0,1,2,1,0,0,1,2,1,1,1,2,2,0,1,1,2,0,1,1,0,2,1,1,0,0,1,1,1,2,1,2,2,1,1,1,1,1,1,1,2,1,2,2,1,1,1,0,1,0,1,2,1,2,0,2,2,0,0,1,2,1,1
"IND0155",1,0,0,0,2,1,0,0,0,0,2,2,0,1,1,2,0,1,1,2,1,2,1,2,0,0,1,0,1,2,2,1,2,2,1,1,0,1,2,1,1,2,0,0,2,0,1,2,2,1,1,0,2,2,2,2,1,2,1,1,0,1,2,2,1,1,1,1,1,1,1,1,1,1,1,0,1,1,0,1,0,0,1,1,1,0,2,1,1,1,2,1,1,1,2,1,1,2,1,1,1,0,1,1,2,1,2,1,2,1,1,1,1,2,1,1,1,2,1,2,0,1,0,0,0,0,1,1,0,1,1,0,1,0,1,0,1,1,2,0,2,2,1,1,1,1,1,1,1,0,2,1,1,1,0,1,2,0,2,1,1,1,0,2,0,1,0,0,1,1,1,0,1,2,1,2,2,1,1,1,2,1,1,1,1,2,0,2,0,0,0,0,1,2,0,0,0,0,1,2,1,0,1,1,1,0,2,2,1,2,2,1,0,0,1,0,1,0,2,2,2,2,0,2,1,0,2,1,1,2,1,0,0,2,0,2,1,0,2,1,2,1,2,0,2,1,2,1,2,1,1,2,1,1,0,1,1,0,1,1,1,1,1,1,0,2,1,0,1,1,2,0,2,1,0,2,1,1,2,1,1,1,1,0,1,0,0,2,2,2,2,0,0,0,0,2,0,2,2,0,1,2,2,1,0,1,0,1,1,1,0,1,0,1,1,2,1,1,1,1,0,0,2,1,1,1,0,0,2,0,1,1,1,0,1,1,2,1,1,2,1,2,2,1,2,0,1,0,2,1,1,1,0,0,1,1,0,2,0,1,1,1,0,0,1,1,1,1,2,1,2,0,1,0,1,1,1,2,0,2,1,2,0,2,2,0,1,1,2,1,0,1,2,2,1,2,1,2,2,1,0,1,1,2,1,1,2,0,0,2,1,0,2,1,1,2,2,1,2,1,1,1,1,1,1,1,2,2,1,0,1,1,2,1,1,0,1,1,2,0,2,1,1,1,1,1,0,2,0,2,0,1,1,1,1,1,1,1,1,0,1,1,0,2,1,1,1,0,1,1,1,1,0,1,0,0,2,1,0,0,2,1,1,2,2,1,0,1,1,1,0,2,2,2,1,2,1,1,1,2
"IND0156",2,2,1,2,1,0,0,1,2,1,2,0,2,1,0,2,1,0,1,2,0,1,1,1,2,2,2,1,0,0,1,2,1,2,2,0,0,1,2,1,1,1,1,1,1,2,2,0,0,0,1,0,1,1,1,1,1,1,1,1,1,1,2,0,1,1,0,0,1,0,1,2,1,1,1,0,1,0,2,2,1,2,0,1,0,0,1,1,0,1,0,2,0,2,2,0,2,2,0,1,2,1,1,2,2,1,2,1,2,2,1,2,1,1,2,1,1,2,0,0,1,0,1,0,2,2,0,1,0,1,1,1,2,1,1,1,1,0,2,0,1,1,1,2,0,2,0,0,2,2,0,2,1,1,0,1,2,1,0,1,2,1,1,1,0,1,1,1,0,1,1,1,2,1,1,2,2,1,0,0,2,1,2,0,1,2,0,1,0,0,2,1,1,1,1,1,1,1,1,1,2,0,0,2,1,2,1,2,1,2,1,2,2,1,1,2,0,0,0,2,0,1,1,1,0,1,1,1,2,1,0,2,2,2,1,1,2,1,1,1,2,1,1,2,0,2,2,2,2,1,0,1,2,1,1,0,1,0,2,1,1,0,1,1,1,1,1,2,1,1,0,2,1,1,2,1,1,1,1,1,2,2,0,1,0,0,0,0,2,2,2,0,1,1,2,1,2,1,1,0,1,0,1,1,2,1,1,2,0,1,0,1,0,1,1,1,0,1,1,1,0,2,1,1,1,1,0,1,1,0,0,2,1,2,2,2,0,0,0,1,1,0,1,1,0,1,2,2,1,0,1,1,1,0,1,1,1,1,1,1,1,1,1,1,0,2,1,1,0,1,2,0,1,0,1,1,1,1,1,0,2,1,1,1,0,0,2,2,1,0,1,1,2,1,1,0,1,1,1,0,1,1,0,0,1,0,1,2,2,1,2,1,0,1,2,1,1,1,0,2,1,1,1,2,1,2,1,0,2,1,1,2,1,1,2,1,2,2,0,1,1,1,1,1,0,0,1,2,1,0,1,2,2,0,1,1,0,1,1,1,2,0,0,0,2,0,1,0,1,1,0,0,1,0,0,0,0,2,1,0,0,1,2,1,1,1,2,2,1,2,2,2,1,1,1,1,1,1,2,0
"IND0157",0,0,2,1,1,2,2,0,1,1,1,1,0,2,1,1,0,1,1,1,1,1,0,0,2,2,2,2,0,1,2,2,2,0,1,1,1,2,2,0,1,1,1,0,1,0,1,0,1,0,2,1,2,2,0,0,2,1,0,0,0,2,2,1,0,1,2,1,0,1,1,0,1,0,1,0,1,0,1,2,1,0,0,1,2,2,0,0,1,1,1,0,1,1,1,1,1,2,1,2,1,0,2,1,1,2,1,0,2,1,0,1,1,0,0,0,1,2,1,1,2,1,1,2,0,1,2,1,1,1,0,2,0,1,1,2,1,1,2,1,2,2,0,1,0,1,0,0,0,2,1,0,1,1,0,0,0,1,1,1,1,1,2,1,1,2,0,0,1,0,0,2,0,2,1,0,0,2,0,2,1,1,1,0,0,1,1,2,1,1,1,1,1,2,2,0,1,1,1,2,1,2,2,2,1,1,0,1,0,2,1,1,1,0,2,1,2,1,1,0,1,0,1,0,1,2,2,2,1,0,1,1,0,2,2,0,0,1,1,0,1,0,1,1,1,1,0,1,0,1,2,2,1,0,0,2,2,0,0,0,1,1,1,2,1,1,0,0,1,0,2,1,1,2,1,1,1,1,1,2,2,1,1,2,1,1,0,1,0,0,2,0,1,2,2,1,0,2,2,0,0,1,1,1,2,0,1,2,1,1,2,2,1,1,2,1,1,2,1,1,1,2,2,1,1,0,0,2,1,1,2,2,0,2,1,1,1,0,0,1,0,1,0,2,2,1,0,1,2,1,1,1,1,0,1,1,1,1,0,1,1,1,1,0,1,1,0,1,2,1,2,1,2,1,2,0,2,1,1,1,1,1,0,1,1,2,1,2,1,2,0,2,1,1,0,2,2,2,1,2,1,1,1,1,0,1,1,2,1,1,2,2,1,0,1,1,2,0,1,1,1,1,1,1,2,1,1,1,1,2,1,1,2,1,0,1,2,0,0,0,1,1,1,1,1,1,1,1,0,1,1,0,1,2,1,2,0,0,1,1,0,0,0,1,0,2,0,0,0,1,1,0,1,1,1,0,1,2,1,1,0,1,0,1,2,1,2,1,1,2,2,2,1,0,1,2,1,1,1,0
"IND0158",1,1,0,1,1,0,0,2,1,2,1,1,1,1,1,2,2,1,1,0,1,1,0,0,1,1,1,1,0,2,1,1,2,2,0,0,0,2,0,1,1,1,1,0,2,1,0,1,1,2,2,1,2,1,2,1,1,1,1,1,1,1,0,0,2,0,0,0,1,2,0,1,0,1,0,2,0,1,1,1,1,1,0,0,2,1,1,1,1,2,0,0,0,1,2,0,1,1,0,1,0,0,0,0,2,1,1,1,1,2,0,1,1,2,2,0,2,1,0,0,0,1,2,0,1,1,1,2,2,1,0,2,2,0,2,1,1,2,1,2,0,2,0,1,1,1,1,0,2,2,1,1,2,1,1,1,1,1,0,2,1,2,1,1,1,1,1,1,2,1,0,2,0,2,0,1,2,1,2,0,0,1,2,2,1,1,2,0,2,1,1,1,2,1,1,1,1,2,1,0,1,2,1,1,1,0,0,0,1,1,2,0,1,0,1,1,1,2,0,2,2,1,1,2,0,1,0,1,1,1,2,2,1,2,0,0,0,1,1,1,1,0,2,1,0,2,0,1,0,1,1,1,1,2,1,1,1,0,1,2,0,2,1,0,0,1,1,0,1,1,0,1,2,2,1,0,0,1,0,1,1,1,1,2,1,1,0,2,0,2,1,1,1,2,1,2,2,0,1,2,1,1,0,1,1,0,0,2,0,2,1,1,0,1,1,0,1,0,1,1,1,0,1,1,1,2,1,2,1,1,0,1,1,1,1,1,1,2,1,1,1,2,2,1,1,1,2,1,1,1,1,1,2,2,1,1,0,1,2,1,1,0,1,1,1,1,2,2,2,2,0,2,0,1,2,2,2,1,1,2,1,0,2,1,1,1,1,1,1,1,0,2,1,1,0,1,1,1,1,2,2,0,1,1,1,1,1,2,2,0,1,0,0,1,1,0,2,2,2,1,1,2,0,2,2,1,1,0,1,1,1,1,0,1,1,2,1,2,1,2,1,1,2,0,2,0,0,1,1,1,1,0,1,2,0,0,0,2,1,2,1,0,1,1,1,2,1,1,1,1,1,0,0,2,2,1,0,1,0,1,1,2,1,1,1,2,1,1,1,1,2,0,1,0,2,2,2,1,2,1
"IND0159",2,1,1,0,1,1,2,0,2,0,1,2,1,1,1,1,2,1,1,1,2,1,0,2,2,2,0,1,0,1,0,2,2,1,1,2,2,0,1,0,0,0,1,1,0,2,1,1,1,1,2,0,2,2,2,2,1,2,0,1,0,1,1,1,1,1,2,1,1,2,0,2,1,1,0,1,1,1,1,1,1,0,2,0,1,0,1,1,1,1,1,2,1,0,1,1,2,1,1,1,2,1,2,1,1,2,1,1,1,1,1,1,0,1,0,2,1,1,0,1,0,1,2,0,1,0,0,2,0,0,1,0,1,1,2,0,1,0,1,2,0,2,1,1,0,0,2,1,2,0,1,2,1,1,2,2,1,1,0,0,2,2,2,1,2,1,1,0,2,1,0,1,2,1,1,1,1,0,2,1,0,1,2,1,0,1,0,0,0,1,1,0,0,1,2,1,1,0,2,0,1,1,1,1,2,1,1,0,0,2,0,0,2,1,0,1,0,2,2,1,2,1,1,0,1,1,2,2,1,0,0,1,0,0,0,2,1,0,2,1,1,0,0,2,2,2,0,1,1,1,1,1,1,1,0,1,1,0,0,2,1,0,2,0,2,1,0,1,1,0,1,1,0,2,0,0,1,2,2,0,2,2,2,1,1,1,2,1,2,0,1,1,1,1,1,1,0,1,1,1,2,1,2,2,1,2,0,1,1,1,1,1,0,1,1,1,2,0,0,1,0,0,0,2,1,2,0,1,2,1,0,1,2,0,1,1,1,1,0,0,1,1,1,1,1,1,0,1,0,0,1,1,0,0,1,1,1,0,0,1,1,1,2,2,0,0,0,0,1,0,1,2,2,2,0,1,0,1,1,1,0,0,1,0,1,1,1,1,1,1,1,0,0,2,0,2,1,1,0,2,1,1,1,0,1,2,2,1,1,2,1,1,1,1,2,0,2,2,0,1,2,0,0,2,1,1,1,1,1,1,1,0,1,1,2,1,2,1,1,1,2,1,2,1,0,1,0,1,1,1,1,2,1,2,1,0,1,1,2,0,0,1,1,1,1,2,0,0,2,2,1,1,1,1,1,1,1,1,1,1,0,0,2,1,2,0,0,0,2,1,1,0,1,2,1,2,1,1,2,0
"IND0160",1,1,0,0,1,2,0,1,1,2,1,0,2,1,1,0,0,0,2,1,2,1,0,1,1,0,2,1,0,0,0,2,2,0,1,1,0,1,1,1,1,1,1,1,0,1,1,0,2,2,2,0,0,1,2,0,2,0,2,1,2,2,1,1,1,2,1,1,0,2,0,0,1,2,2,2,1,2,1,1,1,2,2,0,1,0,1,0,1,0,1,1,1,1,0,0,1,1,2,1,1,1,0,0,2,0,2,0,1,2,1,1,1,1,2,2,2,1,2,1,0,2,1,1,1,2,1,0,2,1,1,1,0,2,2,0,2,0,1,1,2,0,1,1,0,1,1,0,1,0,1,1,1,1,1,1,2,1,1,0,2,2,2,1,2,1,1,0,1,1,2,2,1,2,2,2,2,1,1,1,1,0,0,1,2,1,1,0,0,1,2,1,0,1,0,0,2,2,1,0,1,0,1,1,1,1,1,1,1,1,1,2,1,2,2,1,1,1,0,1,1,1,1,0,1,2,1,0,0,0,1,1,2,0,1,1,2,0,2,2,1,0,0,1,1,2,0,1,1,1,1,1,2,0,1,1,1,1,1,1,2,0,2,1,0,1,2,0,1,1,0,2,2,0,1,0,2,1,0,1,2,1,1,1,1,1,2,1,2,1,1,1,1,1,1,0,2,1,1,2,1,1,2,2,2,2,0,1,2,1,0,2,0,1,0,2,1,0,1,1,2,1,1,1,2,1,0,2,1,0,2,0,1,1,1,1,2,1,1,1,1,1,1,2,0,0,1,0,1,1,1,2,1,2,1,1,1,2,1,1,1,2,1,1,1,1,1,1,1,1,2,0,2,1,2,2,1,0,1,0,1,0,1,1,0,1,0,2,2,0,2,1,0,1,0,1,1,1,1,1,2,0,0,0,1,0,2,2,0,1,2,0,0,1,1,2,2,1,0,2,0,0,2,1,0,2,1,2,1,1,1,1,1,0,2,1,1,0,1,2,1,1,1,1,1,1,1,0,0,0,2,1,0,0,1,1,0,2,1,1,1,2,0,0,1,2,1,2,1,1,1,1,1,0,1,1,2,2,2,2,2,0,2,1,1,0,1,1,0,2,1,2,2,1,1,1,0,1,1,0
"IND0161",0,0,1,1,0,0,1,1,1,0,2,0,1,1,0,1,1,0,0,1,2,1,2,0,0,0,1,2,1,0,0,1,0,0,2,1,2,0,1,0,0,1,0,2,1,1,0,0,2,2,1,1,1,1,0,0,2,0,1,2,1,2,2,0,2,1,1,1,1,2,1,2,1,0,0,1,0,0,1,1,2,0,2,1,0,2,0,2,2,1,0,1,1,1,1,1,2,1,1,1,2,0,1,1,2,2,1,0,1,1,0,0,1,0,1,1,0,2,1,2,2,2,1,1,0,1,0,2,1,2,1,1,1,2,2,1,0,1,1,1,1,0,2,1,1,1,0,1,0,0,0,1,1,1,0,1,1,2,2,0,1,0,1,0,1,1,2,2,1,0,1,2,1,1,0,2,0,1,1,1,0,2,1,2,1,0,0,2,0,2,1,1,1,2,1,1,2,0,2,1,1,1,1,0,1,0,2,1,0,0,0,1,0,0,1,1,2,0,0,2,2,1,0,1,1,0,2,1,1,0,0,0,2,2,1,1,1,1,1,1,1,1,2,0,2,0,0,0,2,1,1,0,1,2,0,0,0,2,0,1,0,1,1,1,0,1,0,0,1,0,2,0,2,1,1,1,2,2,2,2,1,2,0,1,1,1,1,1,1,1,1,1,0,1,2,2,1,1,1,0,1,1,2,0,1,1,1,0,2,1,1,2,0,0,0,2,1,1,1,1,0,2,0,2,1,0,1,1,0,1,1,2,0,1,0,0,1,0,0,2,2,2,0,2,0,1,1,1,0,1,0,1,1,1,0,1,0,1,2,1,0,1,2,1,2,1,1,1,1,1,2,1,2,2,1,1,2,1,2,0,1,1,1,2,1,1,0,1,1,0,2,2,1,1,0,2,1,2,0,1,1,1,1,2,2,0,2,0,1,2,1,1,1,1,1,1,1,1,0,1,2,2,1,2,0,2,0,1,1,1,2,1,2,1,0,0,1,2,2,0,1,0,0,2,0,1,2,0,1,1,0,1,1,0,1,2,2,1,1,1,2,1,0,2,1,1,2,1,2,1,1,0,1,1,1,1,1,0,2,1,2,1,1,1,2,0,0,0,1,2,0,1,1,1,1,0,0,1,1,1
"IND0162",0,1,1,0,1,0,1,2,1,0,2,1,0,0,1,1,1,1,1,1,2,1,0,0,0,0,1,1,2,2,1,0,0,2,1,1,2,1,2,1,1,0,1,0,0,1,1,0,0,1,1,1,1,2,1,1,0,1,0,1,1,1,0,2,1,1,1,0,1,2,1,1,0,2,2,1,1,0,1,2,1,0,0,0,2,1,1,1,0,1,1,2,1,1,2,2,1,2,0,0,2,0,1,2,2,2,1,0,1,0,0,1,1,2,2,2,2,1,1,2,1,0,1,1,2,1,0,1,2,0,2,1,0,2,1,2,1,0,2,1,1,1,1,2,0,2,2,2,2,1,1,0,2,2,0,1,0,2,1,0,1,0,0,0,1,1,2,2,1,1,1,1,2,0,1,1,2,0,2,1,2,1,1,0,1,0,1,2,1,0,1,2,0,0,1,1,1,0,2,0,1,0,2,0,2,1,2,1,2,1,1,1,1,1,2,2,1,1,2,2,0,1,1,2,1,1,1,2,1,2,1,1,1,2,1,0,0,0,1,2,1,2,0,1,1,1,1,2,2,0,1,1,0,1,1,2,1,1,0,1,1,2,1,0,2,2,2,2,1,0,1,1,1,1,2,1,1,2,0,1,1,2,0,1,2,2,2,2,2,2,2,2,1,0,1,1,1,1,0,0,1,0,1,0,2,1,0,1,1,1,1,2,0,2,1,1,1,1,0,1,2,1,1,1,1,1,2,1,2,1,2,1,0,0,0,1,0,2,1,1,0,0,1,0,2,2,1,2,1,1,2,2,0,1,1,1,1,1,1,1,1,2,2,1,2,1,0,1,2,1,1,1,1,0,0,2,2,0,0,2,0,2,1,1,0,1,2,1,1,1,0,0,1,0,0,1,2,2,1,1,2,2,1,1,0,2,0,1,0,2,1,1,1,0,0,1,1,1,1,0,0,1,1,2,1,1,2,2,0,1,1,1,2,1,0,1,0,1,1,2,0,2,0,2,1,2,1,1,0,1,0,0,1,1,2,1,1,2,1,1,1,2,1,2,2,0,1,0,1,0,1,2,1,1,0,2,1,0,0,1,2,2,2,1,0,1,0,1,0,1,2,1,1,1,0,1,1,2,0,0
"IND0163",2,1,1,1,0,2,2,2,0,2,1,2,1,2,1,1,1,2,0,1,0,2,0,2,1,1,1,1,1,1,1,2,1,0,2,0,0,1,0,1,2,0,1,1,1,1,1,1,1,1,1,2,1,1,1,0,0,1,2,1,0,1,1,1,0,0,1,1,0,1,0,1,1,1,2,1,0,2,0,1,1,0,0,1,0,1,1,2,1,0,0,2,1,0,1,1,2,2,0,2,1,2,2,0,1,0,1,0,1,1,1,1,2,0,1,0,0,1,2,1,1,1,0,1,1,2,2,1,2,2,1,0,1,1,2,1,1,1,2,2,1,2,1,1,1,2,2,1,1,1,1,0,1,0,1,0,1,1,1,0,2,0,2,1,1,2,1,0,2,1,1,2,2,2,1,2,2,1,0,0,0,2,2,1,1,2,1,2,1,2,2,0,1,1,2,2,1,2,2,2,1,0,1,1,0,1,1,1,0,1,1,1,2,1,2,0,0,2,1,0,0,1,2,0,1,0,1,0,1,1,1,1,1,1,1,1,1,0,2,2,0,1,1,0,0,0,1,1,1,1,2,1,1,1,1,2,2,1,1,2,1,1,1,1,1,2,1,1,1,0,0,0,0,1,1,2,2,2,0,1,2,1,1,1,1,1,1,1,2,2,2,0,1,0,1,2,1,1,1,1,0,0,0,2,1,0,0,1,2,1,1,2,2,1,1,2,1,1,1,1,1,1,0,1,1,0,1,1,1,1,1,2,0,1,1,0,1,2,1,1,0,1,1,1,0,1,2,1,1,1,1,2,0,1,1,1,0,2,2,1,2,1,2,0,2,1,2,1,1,1,2,0,1,2,1,2,2,1,1,0,2,1,1,0,1,1,1,0,0,1,1,1,1,2,1,0,2,2,1,2,1,1,1,1,1,1,1,1,1,1,1,2,1,2,0,0,2,2,0,2,1,0,1,1,0,1,0,1,1,1,0,2,0,1,1,1,0,1,1,1,1,0,1,2,0,1,1,1,2,1,0,0,2,1,1,1,1,2,1,1,1,1,2,1,0,1,1,1,2,2,1,0,0,0,0,2,2,1,2,1,0,1,1,1,1,1,1,1,0,1,0,1,0,2,1,2,1,0,2,2
"IND0164",0,1,2,1,0,1,1,0,2,1,1,2,2,2,1,1,1,1,0,1,1,0,0,2,2,1,1,1,1,2,1,2,1,2,1,1,1,0,2,0,0,1,2,1,1,1,1,1,1,1,1,1,1,1,0,2,0,1,1,1,1,1,2,2,1,1,1,2,1,1,2,1,1,1,2,1,2,1,2,0,0,1,1,0,0,1,0,1,1,1,1,1,2,1,0,0,1,1,1,1,1,1,2,2,1,2,0,1,2,1,1,1,0,1,2,1,2,2,2,0,0,2,0,0,1,0,2,0,1,1,0,1,2,2,1,2,2,1,1,1,2,1,1,0,0,0,2,2,1,0,1,1,0,2,2,1,2,2,1,1,2,1,0,0,2,2,1,0,1,0,2,1,2,0,0,2,1,2,1,2,2,0,0,0,1,2,2,1,2,0,0,1,1,2,1,2,2,0,2,0,1,1,1,2,1,1,1,2,2,0,1,2,1,0,0,1,1,1,2,0,0,1,1,1,0,2,2,2,2,1,1,0,1,0,2,0,2,2,0,1,0,0,1,0,0,2,1,1,2,2,0,1,1,1,2,2,2,0,0,1,2,1,1,1,1,1,2,1,0,2,1,0,1,2,0,0,0,1,2,0,2,1,0,1,1,1,1,1,2,1,0,1,1,1,2,1,2,1,0,1,0,1,1,0,1,0,2,0,1,2,0,1,1,0,0,1,2,0,0,1,2,0,1,2,1,0,1,2,0,2,1,2,0,2,1,2,1,1,1,1,0,1,1,1,0,1,2,0,0,0,2,2,2,2,0,0,0,1,1,1,1,0,2,1,0,1,1,1,2,1,2,0,1,2,2,2,0,2,2,1,0,1,1,1,2,1,0,1,0,1,2,0,1,1,1,0,1,1,1,1,1,2,2,0,1,1,0,0,1,0,1,0,1,1,0,2,2,2,2,1,1,1,2,1,1,0,0,2,0,1,2,0,1,1,1,1,2,2,1,1,1,0,1,2,0,1,1,1,1,2,1,1,1,1,0,1,1,0,0,2,1,0,1,1,1,0,2,0,1,1,1,2,1,0,0,0,0,1,1,0,1,0,2,1,0,2,1,2,2,1,0,1,1,2,1,1,1,0,1,0
"IND0165",1,1,0,1,1,1,2,0,1,2,1,1,0,2,1,1,1,0,0,1,2,2,1,0,1,1,0,1,0,0,2,1,0,1,0,0,2,1,0,1,2,0,2,0,2,1,1,0,0,1,0,0,1,2,0,2,0,2,1,2,2,1,1,2,1,2,0,1,0,1,0,1,0,1,1,0,1,2,1,1,1,2,1,0,1,2,2,2,0,0,0,1,0,1,1,2,0,2,0,1,1,1,0,2,1,1,0,0,1,1,1,1,0,0,0,2,2,1,1,1,1,0,2,2,2,1,2,0,1,1,0,0,1,2,0,2,2,1,1,1,1,1,1,1,1,1,1,0,1,0,1,1,1,0,1,2,1,2,2,2,1,1,2,1,1,2,1,1,0,1,1,1,1,0,0,1,0,1,0,1,0,2,1,2,1,2,2,1,2,0,1,1,0,1,0,1,0,2,0,1,1,0,1,0,1,1,1,1,2,0,1,0,1,1,2,2,0,2,1,1,1,1,1,1,0,2,1,1,2,2,2,0,1,1,1,1,0,1,1,2,1,1,2,2,1,0,1,2,2,2,1,2,1,1,0,1,1,1,1,2,1,0,1,1,0,2,1,1,2,0,0,0,1,1,2,1,2,0,0,2,0,2,1,1,1,1,1,1,2,1,1,1,2,0,1,0,0,0,1,1,1,1,2,1,0,1,0,1,0,1,2,1,1,1,1,2,2,1,1,1,1,1,0,0,1,1,1,0,2,2,1,0,1,2,2,0,0,2,1,1,2,1,1,2,1,1,0,0,2,1,0,1,1,1,2,0,1,1,2,1,2,2,1,2,1,1,0,0,1,2,1,1,0,1,1,1,1,2,2,0,0,1,2,2,0,0,1,2,1,1,1,0,1,2,1,1,0,2,0,1,0,1,0,2,0,1,2,0,1,1,1,0,1,2,1,2,0,1,0,2,0,1,0,0,1,1,1,1,1,1,1,1,1,1,0,1,1,2,1,2,1,1,0,0,0,0,1,1,1,1,2,1,0,0,0,0,1,2,0,1,0,1,1,1,0,2,0,0,1,1,2,1,1,2,1,2,1,0,1,1,1,1,2,2,1,1,0,0,1,1,2,1,1,2,1,1,0,0,1,2
"IND0166",1,0,2,0,2,2,1,2,0,0,2,1,0,0,1,0,2,1,0,1,0,2,0,0,1,1,0,1,1,1,2,0,1,1,1,1,2,0,0,0,1,0,0,0,2,1,2,0,0,1,0,2,0,0,1,2,1,1,2,2,0,1,1,0,2,1,1,1,1,0,1,1,2,0,1,2,1,1,1,1,1,1,1,0,1,2,0,1,2,2,1,1,1,1,2,0,1,1,1,2,1,0,0,0,1,1,1,2,2,1,1,2,1,0,0,1,0,1,1,0,1,1,1,0,1,0,1,1,1,1,0,0,1,0,1,0,0,0,1,2,1,2,2,2,0,2,1,2,2,2,1,1,1,0,1,1,0,1,0,1,1,1,2,2,0,1,0,0,1,1,1,0,2,1,2,1,1,0,1,1,1,0,1,2,1,0,0,1,0,2,1,2,1,2,2,1,1,2,2,1,2,0,1,1,1,1,2,1,0,1,2,1,1,0,1,1,2,0,1,2,1,1,1,0,1,2,2,0,1,2,2,1,0,1,0,1,0,1,2,1,2,2,1,1,2,1,1,1,0,2,1,0,0,1,1,2,1,1,1,1,1,1,2,0,1,1,2,1,1,2,1,1,1,0,1,0,2,1,2,1,0,2,2,1,1,1,2,2,1,1,1,1,1,1,1,2,2,2,1,2,0,2,2,0,2,0,1,2,1,1,0,2,1,1,0,1,0,1,1,1,1,1,1,0,2,1,1,2,1,0,0,1,1,1,1,2,1,2,2,0,1,1,1,1,1,1,0,1,0,1,1,2,1,1,1,1,1,0,0,0,2,1,2,1,0,1,2,0,2,2,0,1,1,1,2,0,0,2,1,2,1,2,2,1,0,2,0,0,0,1,0,1,1,2,1,2,1,1,0,1,2,1,1,1,1,0,1,2,1,0,0,1,1,0,1,1,2,1,0,2,1,2,1,1,1,1,0,2,1,1,2,1,2,1,2,1,1,2,2,0,0,2,1,2,0,0,0,1,1,2,0,1,1,2,1,1,1,1,1,0,1,0,0,2,0,1,1,2,1,0,1,0,2,2,2,1,1,1,1,0,1,2,1,1,2,2,1,2,0,2,2,1,1,1,1,1,1,1,0,1
"IND0167",1,1,0,1,1,1,0,1,0,1,0,1,2,0,0,1,2,0,1,1,1,0,0,1,0,1,1,0,1,2,1,1,2,1,1,2,1,2,1,1,1,1,1,1,2,0,0,0,1,0,1,1,2,1,0,1,2,1,2,1,0,0,1,1,0,1,1,0,1,1,0,0,1,1,1,2,1,1,2,2,1,1,0,2,1,1,1,0,1,0,1,0,0,2,1,1,0,1,1,1,1,1,1,0,1,1,1,2,1,1,1,1,0,2,0,1,2,2,2,1,1,1,2,1,0,1,1,0,0,2,0,0,1,1,0,0,1,1,2,1,1,2,1,1,0,1,1,0,0,0,0,0,1,2,0,2,0,0,2,0,1,1,1,0,1,0,0,0,1,0,0,1,1,1,2,1,1,0,2,1,1,2,1,0,1,2,1,1,0,1,2,0,1,2,1,0,0,1,2,0,0,1,1,2,1,0,0,2,2,0,2,0,1,1,1,1,1,2,0,1,1,2,0,1,2,1,1,1,1,0,0,0,0,1,1,1,2,1,2,1,2,1,1,1,2,0,1,1,0,1,0,1,0,1,2,0,2,2,1,2,2,2,0,2,2,1,0,1,2,0,1,1,1,2,2,1,1,1,2,1,1,0,1,0,1,0,0,1,0,1,1,1,0,1,0,0,0,2,0,0,1,1,1,0,2,1,1,1,0,0,0,1,1,0,2,0,2,1,0,1,0,1,2,1,0,1,1,0,1,1,1,0,1,1,2,1,1,1,2,0,1,0,1,1,1,2,2,2,0,1,0,1,1,1,2,2,1,1,1,2,1,2,1,2,1,0,1,1,1,0,0,0,2,0,1,1,1,1,1,1,1,1,2,1,1,1,2,2,2,2,2,1,2,0,1,0,0,1,1,2,2,1,2,2,0,1,0,0,1,1,2,2,1,0,0,0,0,1,0,1,2,1,0,1,0,1,1,1,1,1,2,1,2,0,1,1,2,1,2,1,2,1,1,2,2,1,0,2,1,1,1,1,1,2,1,2,1,0,0,0,1,1,1,1,2,1,1,1,1,2,1,2,0,2,1,2,1,2,0,1,1,1,1,0,0,0,2,1,0,1,1,1,2,1,1,1,2,1,2,2
"IND0168",2,0,0,1,1,1,1,1,1,2,0,1,1,0,1,1,1,0,1,0,1,0,2,1,1,2,1,2,1,1,1,0,1,2,1,1,2,1,1,1,1,2,1,2,0,2,2,1,1,2,1,0,2,0,1,2,0,1,1,2,0,0,1,1,2,1,1,0,1,2,2,1,0,2,0,1,0,2,1,1,2,1,0,1,1,1,1,0,0,0,1,1,0,0,1,1,1,0,1,1,0,1,1,1,1,2,0,1,2,1,1,1,2,0,2,1,1,0,0,1,1,1,2,1,2,0,2,2,2,0,0,1,1,1,1,2,1,0,1,2,2,1,2,2,1,2,1,2,0,1,2,1,1,1,1,0,0,2,1,2,1,1,1,2,1,0,1,2,2,2,2,0,1,0,1,1,2,2,1,1,1,1,1,2,1,0,0,1,1,1,1,0,1,0,1,2,1,2,0,1,2,1,2,0,1,1,0,1,2,1,2,0,1,0,1,2,2,1,1,2,1,1,2,0,2,1,1,1,0,1,1,1,1,0,1,1,1,2,1,0,0,2,1,1,1,1,1,1,2,1,1,1,0,2,1,1,1,1,0,2,1,1,1,2,0,0,2,1,1,2,0,1,0,1,1,1,1,1,1,1,1,1,2,1,0,2,2,1,0,2,0,1,1,0,1,2,0,2,2,2,2,0,1,2,1,1,2,1,1,2,1,1,2,1,1,2,2,1,1,1,1,2,1,1,1,1,2,0,1,0,0,1,0,0,1,2,1,1,0,0,0,0,2,1,0,1,1,0,2,1,2,2,2,1,2,2,0,1,1,1,2,2,0,0,1,1,1,2,1,1,2,0,2,2,1,2,2,2,0,1,2,0,2,0,0,2,1,0,1,1,0,2,1,1,1,0,1,2,1,1,1,1,1,1,0,2,1,1,0,2,1,0,2,2,1,1,0,2,2,1,0,1,1,2,2,2,0,2,1,0,2,1,0,1,1,0,1,0,1,2,2,1,0,2,1,1,1,1,1,2,1,1,0,1,1,1,2,1,1,1,0,0,1,1,0,2,1,1,1,2,1,1,0,0,0,1,1,1,1,1,1,2,2,1,0,0,1,1,0,0,0,1,1,1,1,1,2,0,2,1
"IND0169",0,1,0,0,1,1,1,0,1,1,1,1,2,1,2,1,1,1,1,0,1,2,1,2,1,1,1,2,2,0,0,1,1,2,1,1,1,1,1,1,1,1,1,1,1,1,1,1,1,2,1,1,2,0,2,0,0,1,0,1,2,1,0,0,0,1,0,0,1,0,1,1,2,2,2,0,1,1,1,1,2,1,2,1,1,1,1,1,2,1,1,0,2,2,2,1,0,2,1,1,2,1,2,1,1,1,1,1,0,0,1,0,0,1,1,0,1,1,1,0,1,2,0,1,1,1,1,2,2,1,2,1,2,1,0,1,1,2,0,2,1,2,1,1,1,0,2,1,0,1,2,2,0,1,2,2,0,1,2,1,1,1,2,1,0,2,2,1,1,1,2,0,0,1,0,2,1,1,1,1,2,2,1,0,1,1,2,1,0,1,0,0,0,1,1,2,0,0,2,1,0,1,1,1,1,1,2,0,0,2,1,1,1,2,1,1,2,0,0,2,0,0,1,1,1,1,0,1,2,0,1,1,1,0,0,1,0,1,2,0,1,1,0,1,1,0,0,2,1,1,1,1,1,0,2,1,2,0,1,1,2,1,0,1,0,2,1,1,2,1,1,2,1,1,0,2,0,1,1,2,1,1,1,2,1,0,1,1,1,1,1,2,1,1,1,2,0,1,1,1,1,0,2,1,2,0,1,2,1,0,2,1,0,2,1,1,1,0,0,2,1,1,1,1,1,1,1,1,0,1,1,2,0,1,0,0,0,0,1,1,1,0,1,0,1,1,0,0,2,0,1,0,0,0,0,2,1,1,0,2,0,1,1,2,0,1,1,1,0,1,1,0,2,1,2,0,1,1,2,1,2,0,0,2,0,1,1,1,2,0,1,2,1,2,1,1,0,1,1,1,1,2,0,2,1,1,2,1,1,1,0,0,1,1,2,2,2,2,2,1,1,1,2,2,2,1,0,0,2,2,0,0,2,2,2,1,1,2,0,2,0,0,0,1,2,2,2,1,1,1,2,1,2,1,0,0,1,1,2,2,2,1,2,1,1,2,1,1,2,2,1,2,0,1,2,1,0,2,2,1,2,1,0,1,0,2,1,2,2,1,2,2,2,1,1,1,2,2,0,0
"IND0170",0,1,2,1,0,1,2,1,1,1,0,1,0,2,1,2,2,1,1,1,0,2,0,0,1,1,1,2,0,0,1,0,2,1,1,1,1,1,1,1,0,1,0,1,1,1,2,0,0,1,2,0,0,2,0,0,2,1,1,0,0,2,2,1,1,1,1,1,1,2,2,0,0,1,1,2,1,2,1,0,0,2,1,1,1,0,2,0,0,2,0,1,1,1,1,1,0,1,1,2,1,0,1,1,0,1,2,1,1,1,1,1,2,0,1,0,1,1,2,0,1,1,1,2,1,1,0,0,1,0,1,0,2,1,2,2,2,0,1,0,1,1,2,2,2,1,1,0,1,1,2,0,1,1,0,1,1,1,1,1,1,0,1,1,2,1,2,1,1,1,2,0,1,2,0,1,1,1,1,1,2,2,1,1,1,0,1,1,2,1,0,2,1,1,2,1,2,0,0,1,0,0,1,0,1,2,2,1,1,2,2,1,2,1,0,0,2,0,1,1,2,1,0,1,1,0,0,0,1,0,1,0,1,0,0,1,0,2,0,1,1,2,2,1,1,1,0,1,1,0,2,2,2,2,1,0,2,1,1,0,2,1,1,0,1,1,1,1,1,0,0,2,0,1,1,1,1,2,0,1,2,1,1,1,1,1,1,1,1,1,1,1,1,2,1,2,1,2,1,2,1,2,1,1,1,0,1,2,1,2,2,1,2,0,1,1,2,2,2,0,1,2,0,0,0,2,0,2,1,1,2,1,1,1,1,2,2,1,2,2,1,2,2,1,1,1,2,1,0,1,1,0,2,1,0,1,1,1,1,2,0,1,1,2,2,1,1,1,2,0,2,2,2,0,2,2,2,0,2,1,2,1,2,2,2,0,0,1,1,0,0,0,1,2,0,1,2,1,1,1,1,0,1,1,1,1,2,0,2,1,2,1,0,0,0,0,1,1,0,0,0,1,1,0,0,1,1,1,2,2,1,0,1,1,0,1,2,0,1,0,0,0,1,2,1,1,1,0,2,2,1,0,1,1,2,2,1,1,1,0,1,2,1,0,1,2,1,1,1,0,1,1,0,1,1,2,1,1,0,1,2,1,1,1,1,2,0,0,1,1,0,1,1,2,2,1,0,1,0,1
"IND0171",1,2,2,1,1,0,1,1,2,1,2,2,2,1,2,1,0,1,1,2,2,2,2,1,0,2,1,0,2,1,1,1,0,2,2,0,0,1,0,1,1,0,0,0,1,1,0,1,1,1,2,0,0,1,0,1,1,2,1,1,2,1,1,2,1,1,1,0,0,1,2,2,2,1,1,1,1,1,1,1,0,2,1,2,1,0,1,1,1,1,1,2,0,1,0,2,0,1,0,2,1,1,1,2,2,0,2,1,1,1,1,0,1,1,0,2,2,2,0,1,1,1,1,1,1,0,0,0,2,1,0,0,1,0,2,2,1,1,2,1,1,1,1,2,0,1,1,1,1,0,1,2,1,2,1,0,0,1,2,1,2,1,0,1,2,0,0,1,0,1,2,0,0,1,0,1,2,1,0,2,1,1,1,0,1,1,1,0,1,2,1,0,1,0,2,1,2,1,0,1,1,0,0,1,1,2,1,1,0,1,0,1,1,1,0,1,1,1,2,1,0,2,0,1,1,0,1,0,1,1,1,0,2,1,1,1,1,1,0,0,0,1,1,1,1,2,0,2,2,0,1,0,2,1,1,2,1,1,2,1,1,1,2,1,2,0,1,1,2,0,2,2,2,1,1,2,0,1,0,0,1,0,1,0,0,1,1,1,1,2,1,1,0,1,0,2,1,1,1,0,1,1,2,0,0,1,0,0,1,1,0,1,1,1,1,1,0,0,1,1,1,1,1,1,0,1,0,2,0,1,0,0,0,1,1,2,1,2,0,0,2,1,0,1,2,0,0,1,1,1,1,0,1,0,0,2,0,0,2,0,1,1,1,1,0,1,0,1,0,1,1,0,1,2,0,2,1,1,1,0,1,0,2,2,1,1,1,1,1,1,1,1,2,1,2,0,1,1,1,2,1,1,1,0,0,2,0,0,1,1,1,1,2,2,1,1,2,1,2,1,1,1,1,1,1,0,0,1,2,1,1,0,1,1,2,2,1,1,0,0,2,1,0,2,1,1,0,2,1,1,2,1,1,2,1,1,0,1,0,1,1,0,1,1,1,0,2,2,0,1,1,1,2,1,0,1,1,2,1,1,1,1,0,0,2,1,1,1,1,2,1,2,2,2,1,2,2,1,1,0
"IND0172",1,0,1,0,1,2,1,1,2,2,1,1,1,1,0,0,1,1,1,1,2,1,2,1,1,1,2,1,2,1,1,2,2,0,2,1,0,0,0,2,0,0,0,2,1,2,2,1,1,2,0,1,1,2,0,1,1,1,0,0,2,1,0,2,2,0,0,0,1,2,1,2,1,0,1,1,1,1,0,0,0,1,2,1,0,2,1,2,0,2,2,1,1,2,1,1,1,1,1,2,1,1,1,1,1,0,2,1,1,1,1,1,2,0,2,1,1,1,1,0,1,1,2,2,1,0,1,2,2,1,1,1,1,2,0,1,1,0,1,2,1,1,2,1,0,2,0,1,2,1,2,1,1,2,1,0,2,1,1,1,1,2,0,1,1,2,1,1,1,2,1,1,1,1,1,1,1,0,1,0,1,1,1,0,0,2,1,2,0,1,2,1,0,2,2,2,1,2,1,2,1,1,2,0,2,1,0,0,1,2,2,1,1,1,1,1,2,2,1,1,1,2,1,1,2,1,2,1,2,0,1,2,2,1,2,2,1,0,1,1,1,0,0,1,0,2,1,0,2,0,2,2,1,2,2,2,0,0,1,0,1,1,2,1,0,1,1,1,1,1,2,2,1,0,1,0,0,2,0,2,2,1,2,0,1,2,0,1,1,1,1,0,0,1,0,1,1,0,0,1,1,0,1,0,0,0,0,1,1,1,1,1,1,1,1,1,2,1,1,2,1,2,0,0,1,2,1,1,1,2,0,1,2,1,2,1,0,1,1,1,1,2,2,1,0,2,2,0,2,1,1,2,2,0,1,2,1,1,2,1,1,1,0,1,0,0,1,1,0,0,0,2,1,1,1,2,1,2,0,1,0,1,2,2,0,1,1,1,1,1,2,1,0,1,0,1,2,1,1,0,0,0,2,1,1,2,0,2,2,2,1,2,0,1,0,1,1,1,1,0,1,2,1,1,1,0,1,1,1,1,2,2,1,1,2,2,0,0,0,1,2,1,0,2,1,1,1,1,1,1,1,1,2,1,2,1,0,1,2,2,0,1,1,1,1,1,0,1,2,2,1,2,1,1,0,2,2,2,1,1,2,2,0,0,1,1,0,1,2,1,2,1,1,1,1,0,1,1,1,0
"IND0173",1,1,0,0,1,0,1,0,1,0,1,0,1,0,0,2,1,2,1,1,2,0,0,1,1,2,1,1,1,0,1,2,0,1,1,2,2,0,1,1,1,2,2,2,0,2,1,1,2,0,0,0,1,1,1,2,2,2,1,0,1,2,1,2,2,1,1,1,1,1,0,0,1,1,1,1,2,1,0,0,0,1,1,0,1,0,1,1,1,2,1,1,1,1,0,0,2,1,2,0,2,1,2,1,2,1,0,2,1,0,1,2,1,1,2,2,1,1,1,1,1,1,1,0,2,1,1,2,1,0,1,2,1,2,1,0,0,2,1,1,0,1,1,1,1,1,1,1,0,0,0,1,0,0,1,0,1,2,2,1,0,1,0,1,1,0,1,1,1,1,1,1,0,0,1,1,0,2,2,2,2,0,2,0,2,2,1,0,0,1,1,1,2,1,0,1,1,2,1,2,2,0,1,0,0,2,2,1,0,0,1,1,2,0,2,2,1,1,2,2,1,1,2,2,1,0,1,1,0,1,0,1,1,1,0,1,0,0,0,2,1,0,0,1,0,1,1,0,1,2,1,1,1,0,2,2,1,0,1,2,1,0,0,2,0,1,0,2,1,1,0,1,0,2,1,1,1,1,1,1,0,1,0,1,1,1,2,1,1,1,0,1,1,1,0,0,1,1,0,2,0,1,2,2,1,2,1,2,2,1,1,0,1,1,2,1,2,0,2,2,1,0,1,1,0,2,2,1,1,1,2,2,0,1,2,1,1,2,1,2,1,1,2,1,0,0,0,1,1,2,0,2,2,1,1,2,0,1,1,1,1,1,0,2,1,0,1,0,1,0,0,1,0,1,1,1,1,2,1,0,0,0,0,1,1,2,1,1,1,1,2,1,0,2,0,2,2,1,0,1,1,1,0,1,0,0,0,1,1,1,1,0,2,1,0,1,0,1,1,2,2,1,0,0,1,2,2,1,1,2,1,1,1,0,2,2,1,2,1,1,1,1,2,0,1,2,1,2,1,2,0,2,0,2,2,1,1,0,1,1,1,2,2,2,1,1,0,1,0,2,1,1,2,2,1,1,1,2,1,1,1,1,0,2,1,0,2,1,2,2,0,1,0,2,1,2,1,0,1,0
"IND0174",0,1,2,2,1,1,1,1,2,1,1,1,0,0,1,0,1,1,2,0,1,0,2,0,1,1,1,1,1,1,2,1,0,1,1,2,1,1,0,2,0,2,1,1,2,2,1,0,1,1,1,2,1,1,1,2,2,2,0,2,1,1,2,2,2,1,1,1,2,2,0,1,1,2,1,0,1,0,1,1,2,1,0,0,1,1,1,1,1,1,2,1,0,0,2,1,1,2,2,1,1,2,0,1,1,1,0,1,2,0,0,2,1,1,2,0,0,1,2,2,0,1,2,2,1,2,1,2,2,1,1,2,0,0,0,1,2,1,1,1,1,1,1,2,0,1,1,1,1,0,2,2,0,0,1,2,0,1,0,0,0,1,2,2,1,1,1,1,1,1,2,2,0,1,0,0,1,1,1,1,1,2,1,0,0,0,0,1,1,1,1,2,2,0,2,1,1,1,0,2,1,1,1,1,2,2,2,0,0,0,1,2,2,1,0,1,1,1,1,0,1,1,1,1,2,0,2,1,0,2,1,1,1,0,0,1,1,2,2,1,1,0,1,2,0,1,1,1,1,1,2,0,2,2,2,2,1,1,1,2,0,0,2,2,0,1,1,1,2,1,1,0,1,2,2,1,2,2,2,2,2,1,2,1,1,1,0,1,2,2,1,2,0,1,1,1,1,2,1,1,1,0,2,1,0,1,0,2,0,1,1,1,1,0,1,0,1,1,1,1,1,1,0,1,0,2,1,1,2,0,0,2,0,1,0,2,2,1,1,0,0,2,1,0,1,0,1,1,1,0,1,0,2,1,1,0,0,1,0,2,1,2,2,1,2,1,0,0,1,1,1,0,1,1,1,2,1,1,0,1,1,0,1,1,1,2,0,1,1,2,2,2,2,1,1,1,0,1,2,1,0,0,2,1,1,1,0,2,0,1,0,0,2,1,1,0,0,2,2,1,1,1,0,1,1,1,1,0,1,1,0,1,2,0,0,1,0,2,1,1,0,2,1,2,0,1,1,1,1,0,1,1,0,1,0,0,2,1,1,1,0,1,1,1,1,0,1,1,2,1,1,1,1,0,2,1,2,1,0,2,1,2,1,2,2,0,0,1,2,1,1,2,0,2,1,2,1,1,0,0
"IND0175",1,2,0,1,1,1,2,2,0,1,2,1,0,2,1,2,1,0,2,0,0,0,1,0,0,0,2,0,1,1,1,1,0,1,1,1,1,1,1,0,2,1,1,2,2,2,1,1,0,1,1,1,1,1,1,1,2,2,1,1,1,0,1,1,2,2,0,1,1,1,1,1,1,2,2,1,0,1,1,1,1,0,1,0,2,1,2,2,0,0,1,1,2,0,1,0,1,1,1,2,1,1,0,2,1,1,1,1,1,2,0,1,0,2,0,1,1,0,1,2,1,0,0,0,1,0,1,1,1,2,0,1,1,2,1,0,0,1,1,2,1,0,1,2,1,1,2,2,0,2,0,2,0,0,2,0,1,2,1,1,1,1,1,0,1,1,2,1,1,1,1,0,1,1,0,1,2,1,1,0,0,0,0,1,0,1,2,0,1,0,1,1,1,1,0,1,1,2,2,0,2,1,1,1,0,1,2,1,2,1,1,2,1,1,1,1,1,1,2,2,0,1,0,0,0,2,0,1,0,1,0,0,1,0,2,0,1,0,2,1,0,2,2,0,1,1,0,1,2,1,1,2,2,2,2,1,0,1,0,1,0,1,2,1,1,0,1,1,0,2,2,1,1,2,2,1,1,0,2,1,2,2,1,1,0,1,0,1,1,2,1,2,0,1,0,0,1,1,2,0,2,1,0,2,0,0,1,1,2,1,2,1,2,1,1,0,2,2,1,1,2,0,0,2,1,1,1,2,2,2,2,0,1,1,0,1,1,1,2,1,0,1,0,1,2,0,1,2,0,1,0,1,1,1,0,2,1,2,0,1,1,0,1,2,1,1,2,1,1,1,0,1,1,2,1,1,2,2,1,1,1,1,2,1,1,2,1,0,2,1,1,1,0,2,1,2,1,1,2,1,2,1,1,1,1,0,2,1,1,2,1,0,2,1,1,1,1,2,0,1,1,2,1,1,2,1,2,0,1,1,2,1,1,1,0,2,2,0,2,1,1,1,2,1,0,1,0,1,1,2,2,0,2,2,2,0,0,1,1,1,0,1,1,1,0,1,0,1,1,2,1,0,1,1,0,2,1,2,2,1,1,0,1,2,1,2,1,2,1,1,1,1,1,1,1,0,1,2,0,1
"IND0176",2,2,1,1,1,1,2,2,1,0,1,1,1,1,1,0,1,2,0,0,1,0,0,0,0,0,1,1,1,1,1,1,0,2,0,2,1,1,0,1,1,2,0,1,1,0,2,0,2,1,1,0,1,2,2,0,0,1,0,1,1,2,1,1,2,1,1,1,2,1,2,0,0,2,1,1,1,1,0,1,2,0,0,1,0,1,2,1,0,1,1,1,1,1,2,1,1,1,1,1,0,2,1,1,1,0,0,1,1,0,1,2,2,2,1,1,2,1,0,1,1,2,0,2,0,1,1,1,2,1,1,1,1,1,1,1,1,0,2,2,1,1,2,0,0,0,0,1,0,0,2,0,0,2,1,1,1,2,0,0,0,2,0,0,1,1,2,1,0,1,2,1,1,1,1,2,1,2,1,2,2,0,1,0,0,0,1,2,1,1,1,1,2,2,1,1,2,2,0,1,0,1,2,0,1,0,1,1,2,2,1,1,2,0,1,1,0,0,0,1,2,2,1,2,1,0,0,1,0,2,1,1,2,2,2,0,1,0,0,1,1,0,2,0,1,1,2,1,0,0,2,2,1,1,1,1,1,1,0,1,1,1,0,0,1,1,1,0,2,0,1,2,1,0,0,1,0,1,1,0,0,0,0,1,0,2,0,1,1,2,2,1,2,0,1,1,1,2,1,2,2,0,0,2,1,1,1,1,0,1,2,1,1,2,1,1,1,1,0,1,1,1,0,0,0,1,1,1,0,0,1,0,1,0,0,1,0,1,1,1,2,1,0,0,2,1,1,1,2,2,1,1,1,0,1,0,0,1,0,0,1,2,1,0,0,2,1,2,2,2,0,1,1,0,0,1,0,1,1,0,1,1,0,1,1,2,1,1,0,2,1,1,0,2,1,1,2,2,1,0,2,1,2,1,1,0,1,1,1,1,2,2,2,1,1,1,1,1,0,1,1,2,1,1,2,0,1,1,0,1,1,2,0,2,0,2,1,2,0,0,2,2,0,2,1,1,1,1,2,1,1,2,2,0,2,2,1,1,0,1,0,0,1,1,2,0,2,1,1,1,1,2,0,2,1,0,1,1,0,0,1,1,2,2,2,1,2,1,1,1,1,0,1,1,1,1,1,1,1,0
"IND0177",1,2,0,2,0,1,0,1,1,1,0,2,0,1,1,2,0,0,2,1,1,1,2,2,0,0,1,1,0,2,0,0,1,2,0,1,2,1,2,1,0,1,1,1,0,1,0,2,1,1,0,1,2,1,0,0,0,1,0,1,2,2,1,1,0,0,2,0,0,0,2,0,1,1,2,1,0,0,1,1,2,1,1,2,2,1,2,1,1,1,1,1,0,2,1,2,0,0,0,2,0,2,2,1,2,1,2,1,2,0,1,0,2,0,1,1,2,1,1,1,2,2,0,1,2,2,1,1,0,1,2,2,2,2,1,1,1,2,0,1,1,1,2,2,2,0,0,1,2,1,1,2,1,0,1,0,0,1,0,1,0,2,1,0,1,0,1,1,1,1,1,2,1,0,1,2,2,2,2,1,0,2,2,1,2,1,2,1,2,0,1,0,0,0,2,0,2,1,1,2,1,1,1,2,0,1,0,1,1,1,2,0,1,2,2,2,1,2,2,1,2,0,1,1,2,1,1,0,1,1,0,1,1,1,2,1,1,1,1,0,1,2,2,1,2,0,1,1,1,1,2,1,0,2,1,0,0,0,0,2,2,2,0,1,1,1,2,0,1,0,2,0,1,1,0,0,1,2,0,0,2,1,2,1,1,0,2,2,0,2,1,0,0,1,2,0,1,1,0,1,0,1,1,2,1,1,1,1,0,1,1,2,1,1,2,1,2,0,2,0,2,1,1,1,1,1,1,0,1,0,1,0,0,1,1,2,1,2,1,2,1,1,1,0,1,1,0,1,2,1,1,0,1,0,1,1,1,1,1,1,2,0,0,0,1,0,1,2,1,1,1,1,1,2,1,1,0,1,1,0,1,1,1,2,2,2,2,0,1,1,2,0,1,2,1,0,1,0,2,1,1,1,0,2,2,2,0,0,2,2,2,1,1,0,2,2,1,1,1,0,2,0,1,2,1,1,2,0,1,0,0,2,0,2,2,1,1,1,1,1,1,1,2,1,1,1,1,1,2,2,0,0,1,2,2,1,2,1,2,2,0,0,1,0,0,1,1,2,0,1,2,2,1,0,1,1,0,1,1,1,2,1,1,1,1,1,1,2,2,0,1,0,1,1,1,1,1,1,0,1
"IND0178",1,1,1,2,0,1,0,2,1,0,2,2,0,2,0,2,0,1,0,1,0,2,1,2,1,2,0,0,1,1,0,1,0,1,1,1,2,0,2,0,0,1,1,2,2,1,1,1,1,0,1,1,2,1,0,1,1,1,1,1,0,1,2,1,2,2,2,2,0,0,2,1,2,1,1,1,1,1,0,1,2,2,0,1,0,1,1,2,0,2,1,1,2,1,2,0,1,2,1,1,1,0,1,0,2,1,1,0,0,1,0,2,1,1,0,1,1,2,1,0,0,2,1,0,2,1,1,2,2,0,0,2,2,1,2,0,1,2,1,1,2,0,2,1,1,1,2,1,2,1,0,2,1,1,1,1,2,1,1,1,0,1,0,0,1,1,1,2,2,1,0,1,0,1,1,2,0,0,2,1,0,2,0,1,1,2,2,1,0,1,1,1,0,0,0,1,1,0,1,1,1,0,1,1,2,2,2,0,0,0,0,1,2,1,2,0,0,1,1,1,1,1,1,1,0,1,1,1,1,1,2,1,0,1,0,2,0,1,2,2,1,0,2,0,0,0,2,1,1,0,0,1,2,0,0,1,0,1,0,1,1,1,1,1,2,1,2,2,1,1,2,0,2,1,1,1,0,2,2,1,1,1,1,2,2,1,1,2,0,1,2,1,0,0,1,2,2,2,0,0,2,1,1,1,1,0,1,1,1,1,0,2,1,1,1,1,0,1,0,1,0,1,1,0,2,0,1,2,0,1,1,0,0,2,0,0,2,2,2,1,2,1,2,1,2,0,1,0,0,1,1,1,1,0,1,1,1,1,1,2,1,2,0,1,2,1,2,1,0,2,2,0,1,2,1,2,2,0,1,1,0,2,0,0,1,1,1,2,1,1,1,1,1,1,1,1,1,1,1,1,1,0,1,1,2,2,1,1,0,0,1,0,2,0,1,1,2,0,1,0,1,1,1,1,2,1,2,0,2,2,2,1,2,1,2,2,1,1,2,1,1,1,0,1,1,1,2,1,0,0,2,1,1,1,1,0,0,1,0,1,2,1,1,2,1,2,2,0,1,1,1,2,1,2,0,0,0,1,2,1,1,2,1,0,1,0,1,0,1,0,1,2,2,1,1,0,1,1,2,1
"IND0179",1,1,2,1,0,1,2,0,1,0,0,1,0,1,1,2,1,0,1,0,1,1,1,2,2,1,2,2,1,0,2,1,1,1,1,1,1,1,1,0,1,0,1,1,2,1,1,2,1,1,1,2,1,2,2,1,2,2,0,1,1,1,1,0,0,0,0,0,0,2,1,1,0,1,0,1,1,0,1,2,2,2,1,0,2,1,2,1,2,1,0,1,0,1,0,1,1,2,0,1,1,0,1,1,1,0,1,0,1,0,2,1,0,1,2,0,2,1,2,1,1,0,0,0,1,1,1,0,2,2,1,1,2,2,2,2,2,0,1,1,2,1,1,0,1,1,0,0,0,2,0,1,0,1,1,2,1,1,1,2,2,1,0,1,2,1,0,2,2,0,0,2,2,0,2,2,1,0,1,1,0,1,2,1,0,1,1,2,1,1,1,1,1,1,2,2,1,1,2,1,0,1,1,0,1,1,1,2,0,0,2,1,1,1,0,1,0,2,0,0,0,0,0,2,0,1,1,0,1,2,1,0,1,0,2,1,0,2,1,0,1,1,2,2,2,1,1,2,0,1,0,1,0,0,0,1,1,1,1,0,1,1,2,0,0,0,2,0,0,0,0,0,1,2,2,1,1,2,2,1,1,1,1,2,1,1,2,1,2,0,0,1,2,1,0,1,1,1,1,2,2,2,1,0,2,1,0,1,0,1,1,1,1,1,0,2,1,1,2,2,2,1,1,0,1,1,2,1,1,0,0,1,2,1,1,0,1,1,0,1,2,0,1,2,0,0,0,1,1,2,1,2,1,1,2,1,0,1,1,2,1,1,2,1,0,1,1,0,1,1,1,0,0,1,1,1,1,1,1,1,0,2,0,1,1,1,1,1,1,2,1,1,0,1,0,1,0,1,1,1,1,1,1,1,0,1,1,1,0,0,1,2,1,0,2,1,1,2,1,2,1,1,0,1,0,1,2,0,1,1,1,1,0,0,2,1,1,1,0,1,1,2,1,1,0,1,1,1,1,1,1,1,1,2,0,1,2,1,0,2,0,0,0,2,2,1,1,0,1,1,1,1,1,1,1,1,2,1,0,0,2,1,1,2,1,1,1,0,1,0,0,0,1,2,1,1,2,0,1,2
"IND0180",0,1,1,1,2,1,1,1,1,1,1,2,2,0,1,2,2,1,1,2,1,0,1,2,1,0,2,1,2,2,1,0,0,2,2,1,1,0,1,2,0,1,1,1,1,1,0,2,0,2,1,1,1,0,1,1,1,1,0,1,0,0,0,1,0,0,1,1,1,2,2,2,1,1,0,1,1,1,1,2,0,1,1,1,0,0,1,0,0,0,2,1,1,1,2,1,1,1,1,1,1,1,0,1,0,1,2,1,1,1,2,2,1,1,2,0,1,1,2,2,1,0,1,1,0,2,2,1,1,2,1,0,1,2,2,1,2,2,1,2,2,1,1,2,1,0,1,0,2,1,2,0,1,0,1,1,0,0,0,1,1,1,1,1,0,0,2,1,1,1,2,1,1,1,1,1,2,1,1,0,1,0,2,1,1,0,1,1,2,0,0,0,2,0,1,0,2,1,2,0,0,1,2,2,2,1,1,1,1,1,1,0,1,1,0,1,1,2,1,1,1,1,1,0,1,1,1,1,1,1,1,1,0,1,1,1,2,0,0,0,0,2,1,0,0,2,2,1,1,0,0,2,1,0,0,2,0,1,2,0,2,1,1,2,1,2,1,0,1,1,0,1,1,2,1,0,2,2,1,0,1,1,1,1,2,1,2,2,1,1,1,2,1,2,0,0,0,2,2,0,1,1,1,1,0,2,1,2,1,2,0,0,1,2,1,1,0,1,1,2,1,1,1,2,1,2,1,2,2,0,1,0,2,0,0,2,0,0,1,2,1,1,1,0,1,1,0,2,0,2,2,1,0,1,1,1,1,1,1,2,1,1,2,1,1,2,1,1,0,0,2,0,1,2,2,1,1,1,1,2,1,0,2,1,0,1,1,2,1,0,2,1,1,2,1,0,1,1,1,0,0,0,1,1,0,0,0,2,1,1,0,0,2,2,1,0,1,0,0,1,0,0,0,0,0,2,0,1,0,0,0,1,0,2,0,1,1,2,1,2,0,1,1,1,1,0,1,1,1,2,2,1,1,1,0,2,2,2,0,0,0,0,2,1,1,1,1,0,1,1,1,1,0,0,1,1,2,2,1,2,2,1,2,0,1,2,0,2,1,0,2,0,2,0,0,0,2,1,0,2
"IND0181",0,0,0,0,1,0,2,2,1,1,0,0,1,1,1,2,0,1,1,2,2,1,1,1,1,0,2,1,2,1,0,2,1,1,1,1,1,1,1,0,2,1,1,2,2,0,0,1,2,1,0,1,1,0,0,0,0,0,2,2,1,0,1,0,1,1,2,0,1,0,1,2,1,1,2,0,2,1,1,0,0,1,1,1,1,2,1,1,2,1,1,1,0,1,1,1,1,1,2,1,0,1,1,2,1,2,1,2,1,0,1,2,1,2,2,2,1,0,1,1,1,1,0,1,1,1,1,1,1,0,0,1,1,1,1,1,2,1,2,1,0,0,1,1,1,1,2,2,0,2,1,1,2,1,0,1,1,0,2,1,0,1,1,0,2,0,1,1,2,1,2,0,2,0,2,1,0,1,1,0,0,1,0,2,1,1,1,0,2,0,2,1,1,2,2,1,2,0,1,1,2,1,2,1,1,1,2,0,2,1,0,1,1,1,0,1,2,1,2,2,1,1,0,2,1,2,2,0,1,1,0,2,0,1,1,1,1,2,1,1,1,1,2,1,1,0,0,1,2,1,2,0,1,1,1,0,2,2,1,0,1,2,2,1,1,0,0,0,1,1,1,2,1,1,0,0,1,1,0,1,2,2,1,2,2,1,0,1,2,2,1,1,1,2,0,1,1,1,2,2,0,1,2,1,1,0,0,1,2,0,1,1,1,0,2,1,2,2,2,0,0,1,1,2,2,1,2,1,1,0,2,1,2,2,0,2,1,1,1,0,2,0,1,1,2,1,1,0,0,1,1,1,1,1,1,1,0,1,1,2,0,1,0,2,0,1,1,1,1,1,2,1,0,1,0,0,1,1,0,1,2,0,1,1,0,1,1,0,0,0,0,1,0,1,2,1,0,1,2,0,2,0,1,1,0,2,1,0,1,0,1,2,2,1,2,0,2,1,1,0,1,1,2,2,1,1,1,0,0,0,2,2,1,0,0,0,1,0,1,1,1,0,1,1,0,1,1,2,1,1,1,0,0,1,1,2,1,1,1,2,0,2,1,1,0,1,2,0,2,1,0,0,0,2,1,2,2,2,0,1,1,2,0,0,0,1,1,1,2,0,1,2,1,2,1,1,1,1,1,0
"IND0182",0,1,2,2,1,1,1,0,0,2,1,1,2,1,2,2,2,2,0,1,0,1,0,2,1,0,0,0,1,1,2,2,1,0,1,1,1,0,1,2,2,1,1,1,0,0,1,1,1,1,1,1,2,2,0,0,2,2,0,1,2,1,1,1,0,1,1,0,1,1,1,1,1,1,0,1,1,1,0,1,2,1,1,0,1,0,1,2,1,2,0,1,1,1,1,1,1,2,1,0,1,1,1,1,2,0,0,0,1,2,1,1,0,1,0,1,1,1,1,0,1,2,0,0,1,1,0,1,2,1,2,2,2,1,1,2,1,2,1,0,2,2,1,0,2,2,1,1,1,2,1,0,2,1,1,2,0,1,1,1,1,1,1,1,1,1,2,1,0,1,1,1,1,1,1,0,1,2,2,2,0,2,2,1,2,0,1,1,1,1,0,1,1,0,1,0,2,0,2,0,2,1,0,2,1,1,0,2,0,2,2,2,2,2,1,0,2,1,2,1,0,0,0,1,2,1,2,1,1,1,1,2,0,1,2,0,1,1,1,1,2,0,2,1,1,1,2,1,1,1,2,1,1,2,1,1,0,2,1,2,2,2,1,1,1,1,2,1,1,1,1,1,2,1,1,2,1,2,2,1,1,0,0,1,1,1,0,2,0,0,1,2,0,1,2,1,2,0,1,0,0,1,1,1,1,0,2,0,1,0,1,2,1,0,1,2,1,2,2,1,0,0,1,2,1,1,0,2,0,1,2,1,0,1,1,0,1,1,1,0,0,0,1,2,1,2,0,1,0,0,0,1,0,2,1,0,2,2,1,1,1,0,1,0,1,1,1,0,1,2,2,1,1,1,1,1,1,2,1,0,1,1,2,1,1,2,0,0,0,1,1,1,1,2,0,1,1,1,0,1,1,2,1,2,1,0,1,1,0,1,2,1,2,1,2,1,1,1,0,1,1,1,1,0,1,1,2,1,1,1,2,2,1,1,0,1,1,0,0,2,1,2,1,1,0,0,1,0,1,1,2,0,1,0,2,2,0,2,0,1,1,0,1,2,1,0,1,0,0,1,2,0,1,0,1,2,1,0,0,1,2,1,1,2,1,1,0,2,1,1,0,1,1,1,2,1,1,1,1,2
"IND0183",1,1,2,0,1,0,2,2,0,2,1,1,0,1,2,1,1,1,1,1,1,1,2,2,0,2,1,1,1,1,1,2,1,1,1,1,1,1,1,2,0,1,1,2,1,0,1,1,1,1,1,1,0,1,2,2,0,2,2,0,1,1,0,1,0,1,1,2,1,2,1,1,1,0,1,0,1,1,1,1,1,2,2,1,0,0,2,1,1,2,0,1,0,1,1,1,1,2,0,2,1,1,0,1,1,2,1,2,2,2,1,2,1,2,0,1,1,1,2,1,1,2,1,1,2,2,0,1,1,1,1,1,1,1,1,1,0,0,1,1,1,1,2,1,0,2,1,2,2,0,1,0,1,0,1,0,0,2,1,1,2,0,1,1,1,2,1,2,2,2,1,1,1,0,1,1,1,0,1,0,1,1,2,1,2,0,2,0,1,0,2,2,1,1,0,1,2,2,1,1,0,2,2,1,1,2,2,1,1,0,1,1,1,0,1,1,1,1,0,1,0,1,2,1,1,1,2,2,1,1,0,0,1,1,1,0,1,1,1,2,2,2,2,1,0,2,0,1,0,1,1,0,2,0,2,1,1,2,1,1,1,2,0,1,1,2,0,0,1,1,1,2,1,1,0,1,1,2,2,1,1,0,0,1,2,1,2,0,1,2,1,1,1,1,1,2,1,0,0,1,1,1,1,2,2,1,0,1,0,1,1,2,0,1,0,1,1,1,2,1,2,0,2,2,0,1,1,1,2,1,1,0,1,2,1,1,1,1,1,1,1,2,1,1,1,0,1,1,1,1,1,1,1,1,0,1,0,1,1,1,0,1,1,1,0,1,1,1,0,0,2,0,0,1,0,1,0,1,0,2,0,0,1,2,2,2,2,1,1,2,0,1,1,1,1,1,1,0,1,0,0,1,1,0,1,1,2,0,1,1,2,2,1,1,0,0,1,0,1,1,0,1,0,0,1,0,1,1,2,1,1,0,1,1,1,0,0,2,1,0,2,2,2,1,1,1,1,0,1,2,1,0,1,1,1,0,2,1,0,1,0,1,1,0,1,0,1,1,0,1,2,2,1,0,0,0,1,0,0,2,1,2,1,0,1,1,0,2,1,2,1,2,1,0,1,2,1,0,1,0
"IND0184",0,2,1,1,1,1,1,1,2,1,0,2,2,2,0,2,1,2,2,0,1,2,2,2,1,0,0,1,1,0,0,2,0,1,2,1,1,0,0,0,2,1,2,2,1,1,2,1,2,0,0,1,0,1,0,0,1,1,2,0,0,1,2,1,1,1,1,1,1,0,0,1,1,1,1,2,2,0,0,1,2,1,1,1,0,2,0,2,1,1,2,2,1,0,1,1,2,1,1,1,2,1,0,2,0,2,1,0,1,2,1,2,1,1,1,2,1,0,1,0,1,1,1,2,0,0,1,1,1,1,2,2,0,0,1,0,2,0,2,1,1,2,0,0,2,1,1,1,2,1,1,1,2,1,1,1,1,2,1,0,1,0,1,1,1,0,0,1,0,1,2,0,2,0,0,1,0,2,1,2,1,0,0,2,0,0,2,1,2,2,1,1,0,1,2,1,0,0,1,1,1,1,0,1,0,0,0,0,0,1,2,2,1,1,1,2,2,0,1,2,0,1,2,1,2,1,0,1,1,1,1,0,0,1,0,1,0,0,0,0,0,0,1,2,1,1,1,2,2,1,0,1,0,2,0,2,1,0,2,1,0,1,2,0,1,0,0,1,1,2,1,1,1,1,1,1,2,2,1,1,2,1,1,0,0,1,1,0,2,1,1,1,0,1,2,1,1,1,1,1,1,2,0,1,0,1,1,1,2,2,0,0,1,2,0,1,0,1,1,2,1,1,1,1,1,1,0,1,0,0,0,1,0,1,2,1,1,0,1,1,1,2,1,2,2,1,1,0,1,1,1,1,0,2,1,1,1,1,0,1,1,2,1,1,2,2,1,1,1,0,1,2,0,0,1,1,1,1,1,1,2,0,1,0,1,0,2,1,1,0,2,1,2,0,0,1,0,0,0,2,2,1,1,1,2,2,2,0,1,0,2,0,1,1,2,1,2,1,0,0,0,2,0,2,1,1,1,2,1,1,2,1,1,0,1,0,1,1,1,2,1,1,1,0,0,1,1,0,0,0,0,1,1,2,2,1,1,2,2,1,2,2,0,1,2,1,1,1,1,1,1,2,2,1,1,0,1,0,1,0,1,0,1,0,1,2,0,1,2,1,2,1,2,1,1,0,1,2,2,1
"IND0185",2,0,1,1,1,1,0,2,0,2,0,0,2,0,1,1,0,1,1,2,1,1,1,1,0,0,2,1,1,2,0,1,1,2,0,1,0,1,1,2,2,2,2,2,2,0,2,1,1,1,1,2,0,1,0,2,0,1,0,0,1,2,1,1,2,1,1,1,1,2,1,2,2,1,0,1,2,1,0,0,1,2,0,1,2,0,1,2,2,0,0,1,1,1,1,1,0,2,1,2,2,1,0,1,1,2,1,1,0,1,0,2,1,0,1,1,1,1,1,1,1,1,1,1,0,2,0,1,2,2,1,1,0,2,1,1,1,1,2,2,1,2,1,1,0,1,1,2,0,1,2,2,1,0,1,2,0,0,1,1,0,1,2,1,1,1,1,1,0,0,1,1,0,0,1,0,1,1,2,0,0,1,2,1,1,2,0,1,1,0,0,1,1,1,0,1,1,2,1,0,0,2,0,1,1,2,1,0,0,2,0,0,0,1,2,1,1,1,0,1,0,1,2,1,0,1,1,1,2,0,1,1,2,0,2,1,1,1,0,0,0,2,1,1,2,1,1,2,2,0,1,2,1,0,1,0,1,0,1,0,0,2,2,2,1,1,1,1,1,1,1,1,0,1,1,0,2,1,1,1,1,2,1,1,1,2,0,1,1,1,2,2,2,2,2,0,1,1,2,2,1,1,1,1,0,1,2,2,0,2,1,0,2,0,2,1,1,0,0,1,0,1,0,2,2,0,0,1,1,2,1,0,1,1,2,1,1,0,0,1,0,2,2,0,1,2,2,1,1,1,1,0,0,1,0,2,2,1,1,1,1,2,1,2,1,0,0,1,1,1,2,2,0,1,0,2,2,2,2,2,0,0,1,0,1,0,1,1,1,0,0,0,1,1,2,0,0,1,2,0,1,1,0,1,1,1,2,1,2,0,2,1,2,1,1,0,1,2,1,0,1,0,2,2,0,0,1,1,1,2,0,0,0,2,1,2,1,1,1,0,0,1,1,0,2,0,0,1,0,2,2,1,0,1,0,1,1,1,0,2,1,0,0,0,0,2,1,1,1,1,2,2,0,0,0,0,0,1,0,1,1,2,2,1,0,0,2,0,1,1,0,2,0,1,1,1,2,0,0,0
"IND0186",1,1,1,2,1,2,1,1,2,0,2,2,0,2,1,0,2,1,2,1,2,1,2,0,2,0,2,2,0,0,1,1,1,0,1,1,1,2,1,0,0,1,2,1,1,1,1,0,1,1,1,2,0,1,1,1,1,2,1,2,1,1,1,0,0,1,1,0,2,1,1,1,1,0,1,0,2,1,0,1,1,2,2,1,1,2,1,1,1,0,2,0,1,1,1,0,1,1,1,2,0,0,1,1,1,1,0,2,1,1,1,2,0,1,1,2,1,2,2,0,1,1,1,2,1,1,0,0,1,1,1,1,0,1,1,2,2,1,2,0,2,1,0,1,1,1,2,2,1,2,1,0,1,1,0,1,0,2,0,1,1,1,0,1,0,1,0,1,0,1,0,0,1,2,1,2,0,0,0,1,2,2,0,1,2,1,1,0,2,1,1,1,2,1,2,2,1,1,2,2,2,1,1,1,2,1,1,1,0,1,1,1,1,0,1,1,2,1,1,1,0,2,2,2,2,2,1,0,1,1,2,0,0,2,2,1,1,2,1,0,1,0,1,1,0,1,1,1,0,0,0,1,1,1,1,1,2,2,1,1,1,1,1,2,1,1,1,1,0,0,2,1,0,1,1,1,1,1,1,0,1,2,2,0,0,1,1,1,1,0,1,0,0,0,1,1,2,2,0,2,0,2,1,1,1,2,0,2,0,1,2,0,1,0,0,0,0,0,0,0,1,0,2,2,0,2,1,0,1,1,1,1,2,1,1,1,1,0,1,1,1,0,2,1,2,2,2,0,0,0,2,0,1,2,1,2,1,1,0,1,1,0,2,2,2,2,0,1,1,1,2,1,1,1,1,1,2,0,0,0,0,2,1,0,1,2,0,2,2,2,0,2,0,1,2,2,1,0,1,0,2,0,1,1,1,1,1,1,1,0,1,2,1,1,0,0,2,1,0,1,2,2,1,1,0,2,2,2,1,1,2,2,0,1,1,0,1,1,2,1,0,0,1,1,2,1,1,2,2,0,2,2,0,1,0,2,1,1,0,2,1,1,2,2,1,0,0,1,1,2,0,1,1,1,0,1,2,0,2,1,0,1,1,1,1,1,1,1,1,0,1,0,2,1,0,2,2,1,1,0
"IND0187",0,1,1,1,0,1,0,0,1,2,0,1,0,0,0,0,1,1,1,0,0,1,2,1,0,2,1,2,0,2,1,0,1,2,2,2,2,1,1,2,2,2,1,1,1,1,1,0,1,0,0,1,1,1,1,1,1,1,1,2,2,1,1,2,1,0,1,2,2,1,0,2,2,1,2,0,2,1,1,0,2,1,2,0,1,0,2,1,1,0,0,2,0,1,0,1,1,0,1,2,1,1,2,1,1,1,0,0,2,1,0,2,1,1,1,0,1,1,2,2,0,2,0,1,1,1,0,1,2,0,1,1,1,0,2,0,0,1,1,1,1,1,1,2,1,2,1,1,2,1,0,1,2,1,1,1,0,2,1,2,1,1,1,0,2,1,1,0,1,0,1,1,0,2,2,0,1,1,1,2,2,2,2,1,1,1,1,2,2,2,0,1,2,2,2,2,1,0,0,1,1,0,2,2,1,1,0,2,1,2,0,1,0,1,0,1,2,1,0,2,1,1,2,1,0,2,2,1,0,1,1,1,1,1,1,1,1,1,1,1,2,1,1,1,1,0,1,0,1,1,0,1,2,0,1,2,2,0,1,0,1,1,2,2,1,2,1,1,1,2,0,1,2,1,1,2,1,1,1,0,0,1,1,1,1,0,1,1,0,1,2,2,2,2,1,2,2,1,1,1,1,1,1,2,1,2,1,0,1,1,1,2,1,1,0,1,1,1,0,1,0,1,0,2,1,1,1,2,0,0,1,1,0,2,0,2,0,0,0,0,2,1,1,1,1,0,1,0,1,2,1,1,1,0,0,1,0,0,1,1,0,2,2,1,2,1,2,1,1,1,1,2,0,2,1,1,1,1,1,1,0,0,0,0,0,2,2,0,1,0,2,1,2,1,2,2,1,2,0,0,2,1,2,2,1,1,1,2,1,0,1,0,1,1,0,0,1,2,0,0,0,2,1,1,1,1,0,1,2,1,1,2,1,1,0,0,1,1,0,0,1,2,1,1,1,2,2,2,2,1,1,2,2,1,1,1,0,1,1,0,1,1,1,1,2,0,0,1,1,1,1,1,2,0,2,1,1,1,2,0,1,0,1,1,1,2,0,2,0,1,2,1,0,1,1,2,1,1,1,0
"IND0188",0,2,0,1,0,1,1,1,1,1,0,1,2,1,1,1,1,1,2,0,1,1,2,2,1,1,2,1,0,1,1,2,0,2,0,2,1,1,1,1,1,1,0,1,0,1,1,1,1,2,2,1,2,2,1,1,1,1,2,1,1,0,0,1,0,2,2,2,2,2,1,2,1,1,0,1,1,1,0,0,0,1,0,2,1,1,0,0,1,1,1,1,0,0,1,0,0,1,0,1,1,1,1,0,1,0,2,0,2,0,2,2,2,0,1,1,1,2,1,0,2,2,0,2,0,1,1,1,1,1,0,1,0,0,0,1,1,1,1,2,0,0,1,1,0,2,0,1,2,1,1,0,2,1,0,0,1,2,1,2,1,1,2,1,0,1,2,1,0,0,2,0,0,1,1,1,0,1,1,0,1,0,2,1,0,2,2,1,0,0,0,2,0,0,2,1,2,1,0,1,2,1,1,1,2,0,1,0,2,1,1,0,1,0,1,1,1,1,0,1,2,0,1,1,1,1,0,0,2,0,2,2,2,2,0,2,1,1,1,2,1,1,1,1,1,1,1,2,1,1,2,2,1,1,0,0,0,0,0,2,2,1,1,1,0,0,0,1,1,1,1,0,2,0,1,0,0,1,1,0,1,2,1,1,0,2,1,1,1,2,1,0,1,0,0,2,1,1,2,1,1,1,0,1,0,1,1,1,0,1,1,1,2,1,1,1,1,0,0,0,1,2,1,1,2,0,0,2,2,2,1,1,2,0,2,1,1,0,1,1,0,1,1,2,2,2,0,1,1,2,1,1,2,0,0,2,0,2,2,2,2,1,1,1,2,1,2,1,0,1,1,1,2,2,1,0,2,2,0,1,2,0,1,2,1,1,2,2,0,1,1,1,2,2,2,0,1,1,1,1,1,1,0,0,1,1,1,1,1,0,1,2,2,1,1,0,0,0,1,1,1,1,1,2,2,0,1,2,0,1,1,1,2,0,1,1,2,2,1,1,2,1,0,1,1,0,1,0,1,0,1,0,1,1,1,0,0,1,1,1,1,2,2,1,1,1,1,1,0,1,2,1,2,1,1,0,2,1,1,1,2,1,2,1,2,0,1,1,1,0,0,2,1,1,1,0,0,1,0,1
"IND0189",2,0,1,1,2,0,1,0,0,1,0,1,1,2,0,2,1,0,0,1,1,1,2,1,1,1,1,1,1,1,1,2,2,1,0,1,1,0,2,1,0,1,1,1,1,1,0,1,1,2,2,0,1,1,1,2,1,1,0,2,1,1,1,0,1,2,1,0,0,0,1,0,0,1,0,1,1,1,1,2,1,0,0,2,1,1,2,1,1,1,1,1,2,1,1,1,1,1,1,2,2,0,2,1,0,1,0,2,1,0,0,1,0,2,1,1,0,0,1,2,1,1,1,2,0,1,0,1,2,2,0,1,1,1,2,1,2,1,2,1,2,0,0,1,1,2,1,1,0,1,1,0,1,2,1,2,1,0,1,2,2,2,1,1,2,1,0,0,0,0,0,1,1,0,1,1,1,2,0,2,0,1,1,2,2,1,0,0,1,1,0,1,2,1,1,1,2,1,1,2,1,0,1,0,1,2,1,1,2,1,2,0,1,0,0,1,1,1,1,1,2,2,2,1,0,1,1,2,1,1,1,0,1,1,0,1,2,0,2,0,1,2,0,2,1,1,2,1,1,0,2,1,2,1,2,0,1,0,0,2,1,0,1,2,2,1,1,0,0,2,1,0,1,2,1,1,1,2,2,1,1,1,1,2,1,1,2,2,0,0,1,1,1,0,1,0,2,0,1,2,1,1,1,0,0,1,1,1,2,1,0,2,1,1,1,0,1,1,1,1,1,0,1,1,1,0,2,1,1,2,2,2,2,1,1,2,0,2,1,2,0,1,0,1,2,0,1,1,0,1,1,1,1,1,1,1,1,2,0,1,1,0,0,2,0,1,2,1,1,0,2,2,2,0,2,2,0,1,1,1,1,1,1,2,0,1,0,1,1,2,2,1,1,1,1,1,1,1,0,2,0,0,2,1,0,1,1,0,1,0,1,2,0,2,1,2,1,1,0,1,0,2,1,2,2,2,0,0,0,1,1,1,2,1,1,1,2,0,2,0,0,0,2,0,1,2,2,0,1,1,0,1,1,2,2,1,2,2,0,1,1,1,0,2,0,1,2,2,0,2,0,1,2,1,2,0,2,2,1,0,1,1,0,2,1,2,1,0,0,2,1,2,0,1,1,2,2,1,2,1
"IND0190",0,0,1,1,1,1,1,0,1,1,1,1,0,1,1,2,0,2,2,1,0,1,1,2,1,1,1,0,0,2,2,2,0,2,1,1,1,1,2,1,1,1,2,2,2,1,1,2,2,0,0,1,1,1,2,1,1,1,1,1,0,1,2,1,1,2,1,0,0,1,2,1,0,1,2,1,0,1,1,1,0,1,1,1,1,1,1,1,0,0,0,2,1,2,1,1,1,1,2,1,0,1,2,0,2,2,2,0,2,0,1,1,0,2,1,1,0,1,0,0,0,1,0,1,0,2,1,2,1,1,1,1,2,1,0,1,1,1,0,1,1,2,2,1,1,1,1,2,1,1,0,1,1,2,1,1,2,1,2,1,1,1,1,1,0,1,1,1,1,0,2,2,2,1,0,1,0,1,0,1,0,0,2,0,0,1,1,1,2,0,0,1,1,1,1,1,1,0,1,1,0,0,1,2,0,2,0,1,1,1,2,1,2,1,0,2,2,2,0,0,1,1,0,0,2,2,1,2,2,1,2,0,1,0,0,1,1,2,2,2,0,2,0,1,2,1,1,1,1,1,1,1,0,2,2,1,1,1,2,1,0,2,2,2,1,2,1,1,1,1,1,0,0,2,0,0,1,0,2,2,2,1,0,1,1,2,1,0,1,0,2,1,2,0,1,2,1,2,1,1,0,1,2,2,1,1,2,0,0,1,2,2,2,1,2,1,0,0,1,0,0,1,0,1,1,1,0,1,1,1,1,1,1,1,1,0,2,2,0,1,1,1,1,1,2,2,2,2,0,0,0,1,1,1,0,2,1,0,1,0,1,2,2,1,1,2,1,0,0,2,1,1,2,1,2,1,1,1,1,1,0,1,1,0,1,0,1,0,2,1,1,1,1,0,1,2,0,2,0,0,1,0,1,1,1,0,2,1,1,1,2,0,1,2,1,2,1,1,1,1,0,2,0,0,0,0,1,1,1,2,1,0,1,0,0,0,2,2,0,1,2,0,2,1,1,2,1,0,1,1,2,1,2,0,0,0,1,1,1,1,2,1,2,2,1,2,0,2,0,1,1,1,2,1,2,2,0,2,1,0,0,1,1,2,0,2,1,0,1,0,2,1,2,1,2,0,1,1,1,1
"IND0191",1,2,1,2,1,0,1,1,1,1,1,0,1,1,0,0,1,2,2,1,1,0,1,2,1,2,1,2,1,0,1,1,2,1,2,0,2,1,1,1,1,1,0,1,2,0,1,1,1,1,1,1,2,1,1,1,2,0,1,1,0,2,1,2,2,1,0,2,1,2,1,1,1,1,1,1,1,0,1,2,2,2,0,1,1,0,2,0,1,2,0,2,1,1,1,0,1,1,0,1,0,1,1,1,2,0,1,1,0,2,1,1,2,2,2,1,2,0,1,0,2,1,1,2,1,2,1,1,1,1,0,1,2,0,0,2,1,1,0,0,1,0,2,0,2,1,2,0,0,2,1,0,1,2,2,1,1,1,0,1,0,1,1,1,0,1,1,1,1,2,0,0,2,1,2,1,1,1,2,0,0,0,0,0,0,1,2,1,2,1,2,2,2,1,1,1,1,0,1,2,1,1,0,1,0,0,0,1,2,1,0,0,2,1,1,0,1,1,2,0,1,0,2,2,2,0,2,2,1,2,1,1,2,2,1,1,0,1,1,1,1,2,1,2,1,2,1,1,2,1,1,0,1,0,0,1,2,1,1,1,1,2,0,2,1,2,1,0,2,0,1,1,1,1,0,2,2,1,0,1,1,0,1,1,2,1,2,1,1,2,0,1,1,1,1,1,2,2,1,2,1,1,1,0,0,1,0,0,1,2,1,1,2,1,1,2,1,0,1,2,1,1,1,1,1,1,1,1,0,1,0,0,0,2,2,2,1,0,2,0,1,1,1,2,1,2,2,2,0,1,0,1,1,2,1,1,1,1,1,1,0,0,1,1,0,1,1,0,2,0,0,1,0,0,1,0,1,0,1,1,1,0,2,1,1,0,1,0,1,2,2,1,1,2,0,1,1,2,0,0,1,1,1,1,0,0,0,1,0,2,2,2,2,2,1,2,1,2,1,1,0,0,1,1,2,0,1,2,1,1,0,1,2,2,1,0,1,2,1,2,1,2,1,1,0,1,1,1,0,1,1,2,1,2,1,1,0,1,2,2,1,2,2,1,1,1,2,1,1,1,0,2,0,2,1,2,0,2,1,2,2,0,2,2,1,2,0,2,0,0,1,1,0,0,1,1,0,1,0,2
"IND0192",1,1,0,1,0,1,0,2,1,2,1,0,2,1,2,1,2,1,2,1,1,0,1,2,1,1,1,0,0,2,2,0,1,2,0,2,1,1,1,1,2,2,1,2,2,0,1,1,0,1,1,1,1,2,2,1,1,1,2,2,0,1,2,1,1,1,1,1,2,0,1,1,1,0,1,0,1,1,0,1,1,1,1,1,1,1,0,0,1,0,0,1,1,2,1,1,1,1,2,0,2,1,1,1,2,1,2,1,0,1,0,0,1,1,1,2,0,1,2,0,1,0,1,0,1,0,1,2,1,2,1,0,1,2,2,1,2,1,0,1,1,1,1,2,1,0,1,1,1,2,1,2,2,1,1,1,1,1,2,1,0,1,1,2,1,0,0,1,0,1,1,1,1,0,1,0,0,1,2,0,2,0,0,0,1,1,1,2,1,0,1,1,2,1,1,1,2,1,1,1,1,2,1,0,0,0,1,2,2,1,1,0,1,1,1,2,1,0,0,1,1,1,2,1,1,1,1,1,0,1,0,0,0,2,2,2,1,0,1,1,2,2,1,1,1,1,1,2,2,1,0,1,1,0,0,1,1,1,0,0,1,1,2,1,0,0,2,1,1,1,1,1,0,1,0,1,2,1,1,2,1,2,0,0,1,2,1,1,1,1,1,1,1,2,0,2,1,0,0,1,2,2,0,0,1,2,2,1,0,0,1,1,1,2,1,2,2,1,2,1,1,2,1,1,1,1,0,1,2,2,1,1,0,2,1,1,0,1,2,0,0,2,1,0,1,1,1,1,1,1,2,0,0,1,2,2,1,0,1,0,1,1,1,2,0,0,2,0,1,1,0,1,2,0,0,1,1,1,0,1,1,1,1,0,0,1,0,0,1,1,1,1,0,1,1,0,1,1,1,1,1,2,0,1,1,0,2,1,1,2,1,2,0,1,1,2,2,1,0,2,0,0,1,1,1,1,2,1,0,1,1,1,1,1,0,2,1,1,0,1,2,0,1,1,1,1,1,1,1,2,1,0,2,1,2,2,2,0,2,0,1,1,0,1,0,2,1,1,0,0,0,1,2,1,1,0,2,1,1,1,0,1,2,1,2,0,0,1,1,1,1,1,1,2,1,2,1,1,2,0
"IND0193",0,0,1,1,1,1,1,2,1,0,1,0,1,1,2,2,0,2,1,1,2,0,1,0,2,0,2,1,1,1,1,2,2,1,1,0,1,0,1,1,2,0,2,1,2,1,1,1,1,1,0,1,0,1,1,0,0,2,2,0,1,1,1,1,2,1,2,2,2,1,2,1,0,2,0,1,1,1,1,0,0,2,1,1,1,2,0,1,1,1,2,1,1,0,0,1,1,1,1,1,0,2,2,1,1,2,1,1,0,2,1,1,1,2,2,0,1,2,0,1,1,1,2,0,0,2,2,1,2,1,1,2,2,1,2,1,1,0,2,1,1,1,1,1,0,2,1,1,0,1,1,0,2,1,1,1,0,1,2,1,2,1,1,2,1,1,1,0,1,2,1,0,2,2,1,1,2,0,1,0,1,1,0,0,0,0,0,1,1,1,1,1,1,1,0,1,0,1,2,2,2,0,0,0,2,2,0,1,1,1,1,1,2,1,0,0,1,1,1,1,2,2,2,0,0,0,0,1,1,0,0,0,1,2,0,1,1,0,1,0,1,1,2,1,2,1,2,1,2,0,2,1,1,0,0,2,1,1,0,1,2,1,1,1,1,1,1,1,1,2,0,2,1,2,2,1,0,1,2,1,1,2,2,1,1,0,1,2,2,1,1,1,0,2,1,2,1,1,0,1,0,2,1,1,1,0,0,1,1,2,2,0,2,1,2,1,2,0,1,1,1,2,2,1,0,1,1,1,0,0,1,1,2,1,1,2,0,2,1,1,2,2,1,2,0,0,1,1,2,0,2,0,0,1,2,2,1,2,0,0,0,1,1,0,1,2,1,0,1,0,1,1,2,1,1,0,1,1,1,1,1,1,1,1,0,0,2,1,1,0,1,0,2,1,1,0,1,1,1,1,2,2,0,2,0,0,0,2,0,0,2,1,2,2,0,0,2,1,0,1,1,1,2,0,2,2,1,0,0,2,1,0,1,1,0,0,1,1,2,1,1,1,0,1,0,1,1,1,1,1,1,1,1,1,1,2,1,2,2,0,1,0,1,0,1,2,2,1,0,2,2,1,0,1,2,1,1,1,2,1,0,0,0,1,0,0,1,1,2,0,2,2,0,1,2,0,0,1,1,1
"IND0194",1,1,2,1,2,0,1,1,2,2,1,2,2,1,1,1,0,2,1,1,1,2,1,1,1,1,0,1,1,2,0,2,0,1,1,0,1,0,0,0,1,2,0,1,1,1,2,1,2,0,1,1,2,1,1,1,1,0,1,1,1,1,0,0,2,0,0,1,1,0,1,1,1,2,0,1,1,0,1,2,0,2,1,0,2,1,1,0,0,1,2,1,1,2,1,0,2,1,1,0,1,1,2,1,2,1,1,1,1,1,1,1,2,1,0,1,2,1,2,1,2,2,2,1,0,1,0,1,0,1,2,1,1,2,1,0,1,1,1,1,1,1,1,2,1,2,1,0,2,0,0,0,1,0,0,2,1,1,0,2,0,1,0,2,0,1,1,1,1,1,2,2,1,0,1,1,1,0,0,1,1,1,1,1,1,2,0,2,2,1,2,0,0,0,2,2,1,1,2,1,0,1,2,2,1,0,0,1,0,1,0,0,2,2,0,1,0,0,1,1,2,2,1,1,0,1,0,1,2,1,1,2,2,1,1,1,2,2,2,1,1,1,0,2,1,0,1,1,1,2,0,0,1,2,1,2,1,2,1,0,2,0,1,1,1,1,2,0,1,1,1,2,1,2,0,2,0,1,0,0,0,1,0,0,0,1,2,0,2,1,1,1,1,2,0,1,2,1,1,1,0,1,1,0,1,1,0,1,2,2,1,1,0,1,1,2,1,0,0,2,2,0,1,2,0,2,0,0,0,1,1,0,1,1,1,0,1,0,1,2,2,2,2,1,1,1,0,2,1,0,1,1,2,2,0,0,0,2,0,1,0,1,1,1,0,2,2,2,0,1,0,2,1,1,2,2,1,1,0,1,2,0,2,1,0,2,0,0,1,2,0,0,1,0,1,1,1,1,1,1,1,1,2,0,0,2,1,1,2,2,2,0,1,2,1,0,1,1,1,1,1,1,1,2,1,2,2,1,0,2,1,2,1,2,1,0,1,1,1,1,0,1,1,1,1,1,0,1,1,0,1,2,2,0,1,0,1,1,1,2,2,2,1,1,0,0,0,0,1,0,2,1,1,0,2,1,2,0,0,2,2,2,1,1,1,1,1,2,1,0,1,0,2,1,0,1,1,1,1,1
"IND0195",1,1,2,1,1,1,1,1,0,0,1,0,0,1,1,2,1,1,1,1,0,0,2,0,1,2,1,1,0,0,1,1,2,0,0,1,1,0,1,1,1,2,0,0,0,1,1,1,1,2,1,1,1,0,1,2,0,1,1,1,2,1,2,1,2,0,0,1,1,2,2,1,2,2,1,1,1,1,1,1,2,1,0,0,2,1,1,1,0,1,1,2,2,1,1,2,1,1,1,2,1,2,1,1,0,2,0,2,2,2,1,2,1,0,0,1,2,2,1,1,1,0,2,1,1,1,1,1,2,1,1,2,0,1,2,0,1,0,0,2,1,1,0,2,1,1,0,1,0,1,0,1,2,1,2,1,0,0,1,1,2,2,1,1,1,1,0,2,2,1,1,1,1,2,2,1,2,1,0,2,1,1,2,2,2,1,1,0,0,1,1,0,0,1,2,2,1,2,1,1,2,2,1,1,0,2,0,1,1,0,1,1,2,1,2,0,1,0,1,0,1,1,2,1,1,1,0,0,2,1,1,2,2,1,0,2,0,2,0,1,2,0,1,2,2,1,0,1,1,1,1,1,1,1,1,1,0,1,0,0,2,2,1,2,1,0,1,2,0,0,1,1,0,2,1,2,1,0,0,1,0,2,1,1,0,1,1,2,0,1,0,0,1,0,0,1,1,1,2,1,1,0,0,1,1,0,0,1,2,0,1,0,1,1,2,1,1,2,0,0,0,1,1,2,0,2,1,0,0,1,0,1,0,1,1,2,2,1,2,2,1,2,1,1,1,0,1,1,0,1,2,0,1,0,1,2,1,2,2,2,1,1,1,0,2,0,1,0,2,2,2,1,1,1,2,1,1,0,1,1,2,1,0,1,1,2,1,1,0,2,1,0,0,0,1,1,0,1,1,1,2,1,1,0,1,1,1,1,1,1,1,1,0,2,1,2,1,1,0,1,0,2,1,2,0,1,1,1,0,0,0,0,0,0,2,0,1,2,1,1,1,0,2,2,1,1,1,2,1,2,2,2,1,2,1,0,1,0,1,2,1,2,1,2,0,1,0,1,0,2,2,0,1,0,0,1,1,1,0,2,1,1,2,2,1,1,1,1,1,2,2,1,2,1,2,1,1,2,2,0
"IND0196",2,1,2,2,1,2,1,1,1,1,0,0,2,1,2,0,2,1,1,1,1,0,0,0,1,1,1,1,1,1,1,2,2,1,1,2,2,1,2,2,0,1,0,1,1,2,1,0,0,0,1,1,0,0,1,0,1,0,1,1,1,0,0,0,0,1,1,1,0,1,2,2,0,2,2,0,1,1,2,2,0,1,2,1,2,0,1,2,0,0,0,0,0,1,2,2,0,2,1,2,1,1,1,1,2,0,2,0,0,1,0,0,1,0,1,1,1,1,2,1,0,0,2,2,0,1,0,0,2,2,1,1,2,1,0,1,0,0,0,1,1,0,1,1,2,0,2,1,1,1,1,1,0,2,0,2,1,1,2,0,1,0,1,0,0,1,0,1,2,0,2,2,0,2,1,1,1,0,1,0,2,2,0,1,2,2,1,1,2,0,2,0,1,2,1,0,1,2,1,0,1,1,1,2,0,0,1,1,0,1,0,1,1,1,1,1,1,1,1,1,1,0,1,1,1,2,1,2,2,1,1,1,2,1,0,2,1,2,1,2,1,0,2,1,1,0,1,2,1,1,0,1,1,2,1,1,1,1,2,1,1,1,0,1,0,2,1,2,0,1,1,1,0,0,1,1,0,1,2,1,0,2,1,1,1,2,1,1,1,0,1,1,0,1,0,1,2,1,0,2,1,0,1,0,0,2,2,2,2,1,2,0,0,2,2,1,2,0,1,0,2,1,0,1,1,2,1,2,1,0,0,1,1,0,1,1,1,1,2,1,1,0,0,2,1,1,2,1,1,2,1,1,2,0,1,1,2,2,0,2,1,1,0,1,2,1,2,0,2,1,1,1,2,0,2,1,1,2,1,0,1,1,1,0,1,2,2,0,1,1,2,2,1,2,1,2,1,0,2,1,2,1,1,2,1,1,1,1,2,0,1,1,1,0,1,0,1,2,2,1,1,0,0,1,1,2,1,2,0,1,1,0,1,1,2,1,1,0,1,1,2,1,1,1,1,1,2,2,1,1,2,1,0,1,2,1,1,1,2,0,1,1,1,2,1,1,0,1,1,1,1,2,0,0,2,1,1,1,2,0,2,0,0,1,2,2,2,1,0,2,1,2,1,2,2,1,1,1,0,2
"IND0197",0,1,1,1,1,1,2,1,2,2,1,1,1,0,1,2,1,1,2,1,2,0,1,1,1,1,1,1,2,1,1,1,2,0,0,1,2,1,1,1,0,0,2,2,0,1,0,2,1,0,0,0,1,2,0,1,1,0,2,2,1,0,1,2,0,0,1,1,2,2,2,1,2,1,0,0,1,0,1,1,0,1,2,1,1,1,2,0,1,1,1,0,1,2,1,0,2,0,1,1,2,0,2,0,0,1,0,1,1,1,1,1,0,2,1,1,1,0,1,1,1,1,0,2,0,1,1,0,2,2,1,0,2,1,0,1,2,2,2,2,2,0,2,1,0,1,0,2,2,0,0,1,2,0,0,1,1,1,2,1,1,2,1,1,1,1,1,2,2,2,1,1,0,1,1,1,1,1,2,1,1,1,1,1,1,0,1,2,1,0,2,2,1,2,1,0,2,1,0,1,0,2,1,0,2,2,1,2,1,0,2,1,0,0,1,2,1,2,2,1,0,1,2,0,1,0,0,1,1,0,1,1,2,1,0,2,0,1,1,1,2,1,2,2,1,2,1,1,0,2,0,2,2,0,1,1,1,1,1,1,2,1,1,0,1,0,2,1,1,0,0,1,1,2,1,2,1,2,1,0,2,1,2,1,0,0,1,1,0,2,1,1,2,2,1,1,1,1,1,2,2,1,1,1,2,1,0,1,1,2,1,2,1,1,0,0,1,1,1,2,0,0,1,1,1,0,1,2,1,0,2,1,1,1,2,0,2,0,1,1,0,1,1,1,2,2,1,0,1,0,1,2,1,0,0,1,2,0,1,1,1,1,1,2,2,0,2,2,1,0,1,2,0,0,0,1,1,1,2,1,1,0,1,0,1,1,2,1,2,0,2,1,2,1,0,0,1,1,1,0,1,2,1,1,0,1,1,1,2,1,1,0,1,0,1,1,0,1,0,2,1,1,1,0,2,1,0,1,1,1,0,0,1,1,2,0,2,2,0,1,1,1,1,0,0,2,0,1,2,2,1,0,1,2,1,0,1,1,2,1,2,1,0,0,1,1,1,1,2,1,1,1,1,0,2,0,2,2,1,1,2,0,1,1,1,2,1,2,1,0,1,1,1,1,0,1,0,1,0,1
"IND0198",1,0,2,0,0,0,1,0,0,2,1,2,1,1,1,1,1,1,0,0,1,2,0,0,2,2,0,2,0,0,2,0,1,2,2,1,0,1,1,1,2,2,0,1,2,2,0,1,1,1,1,0,1,1,1,1,0,1,1,1,1,2,0,0,2,2,0,1,0,1,1,2,2,2,1,2,1,1,1,1,2,2,2,1,2,0,0,1,1,0,1,1,2,0,0,0,1,1,2,2,1,2,1,1,1,0,2,2,2,2,1,1,1,1,0,0,2,1,0,2,0,0,1,1,0,1,1,1,2,1,1,1,1,0,0,2,1,1,1,2,1,0,0,0,1,1,2,1,0,1,1,0,1,2,1,1,0,1,2,0,1,1,1,1,2,0,1,0,2,2,1,0,1,0,0,2,1,2,1,0,2,1,1,0,2,1,1,1,1,0,1,1,0,1,0,0,2,2,1,1,0,2,2,0,0,2,1,1,1,1,0,2,1,1,2,1,2,0,1,1,1,1,1,1,2,2,1,0,1,0,1,1,1,1,2,2,1,2,2,0,2,1,2,0,1,0,1,2,1,2,1,2,1,2,0,1,2,1,2,2,0,1,1,2,0,1,1,2,1,1,1,1,1,0,1,0,2,0,1,1,1,2,1,1,0,0,1,2,1,2,2,1,2,2,0,1,1,1,1,2,1,1,2,1,0,2,1,2,1,2,1,1,1,1,2,1,1,1,0,1,2,1,1,2,1,2,1,2,2,0,1,2,2,2,1,2,2,2,1,2,2,1,0,0,1,0,1,2,1,1,2,1,2,0,1,0,2,1,1,1,1,1,1,0,1,1,1,2,0,1,0,2,0,1,2,1,0,0,1,0,1,2,1,1,1,1,1,0,1,1,1,0,0,1,1,0,0,0,2,1,0,1,1,1,2,1,2,1,2,1,2,0,2,1,1,2,2,1,2,1,1,1,1,1,1,2,1,1,0,0,2,0,1,1,0,1,0,1,0,2,0,1,0,0,1,1,1,2,1,2,0,2,1,0,1,1,1,1,2,2,1,1,2,1,0,2,2,2,2,1,1,1,1,1,1,0,2,0,1,1,0,0,1,2,0,0,2,1,2,2,1,1,2,0,2,1,0,0,1,1
"IND0199",1,0,2,1,1,2,1,0,1,2,1,0,2,1,0,1,2,1,0,1,2,1,2,2,2,0,1,2,1,1,2,1,0,1,0,0,0,1,1,2,1,0,1,0,1,1,1,2,2,0,1,0,0,1,2,1,2,0,0,0,2,0,0,1,1,1,2,2,1,2,1,1,1,2,0,1,1,0,2,1,1,1,2,2,0,1,1,1,1,1,2,1,2,2,2,0,2,1,1,0,1,1,2,0,1,1,1,1,1,1,0,2,1,0,0,0,2,2,1,1,1,2,2,0,0,2,1,0,2,0,0,1,1,0,0,1,2,0,1,1,1,1,1,2,1,0,1,2,2,1,1,1,1,1,1,1,2,1,2,2,0,1,1,1,0,0,2,1,1,0,1,1,2,2,1,1,0,1,1,1,1,0,1,1,1,2,0,1,2,2,1,1,1,0,0,1,1,1,1,2,2,1,1,1,1,2,0,2,2,2,1,1,1,1,2,1,1,0,1,0,1,1,0,0,2,1,1,2,1,2,0,0,1,1,1,1,1,1,0,0,1,2,1,1,1,0,0,2,1,0,0,1,2,0,1,0,2,1,0,2,0,1,1,1,2,2,0,0,1,2,2,2,0,1,1,0,2,0,1,1,1,0,1,2,0,2,1,1,1,1,1,1,2,2,1,1,2,2,0,0,1,1,2,0,0,1,1,0,1,0,1,2,1,1,2,1,0,0,0,1,1,1,1,2,1,0,1,2,1,1,1,1,1,0,1,1,1,0,2,1,0,1,2,1,0,2,1,0,1,1,1,0,1,1,2,2,0,2,1,1,2,1,0,0,0,1,1,0,2,0,0,1,1,1,2,0,1,1,1,0,2,0,1,2,1,1,1,1,0,0,2,0,2,2,0,1,1,1,0,1,0,1,2,1,0,1,1,1,1,1,2,0,1,1,1,2,2,1,0,1,0,1,0,1,0,1,1,2,1,1,0,1,2,0,1,2,2,1,1,1,1,2,2,0,1,1,1,1,1,2,0,1,2,1,1,0,0,1,1,1,0,2,1,1,1,2,2,0,0,0,1,0,1,1,1,2,0,0,1,0,1,1,1,0,2,1,0,1,1,0,1,1,0,1,1,0,0,1,1,1
"IND0200",0,0,0,2,1,0,1,1,0,1,0,1,1,1,1,2,0,2,0,1,0,2,1,2,1,1,1,0,1,2,0,1,1,0,2,0,2,1,1,1,1,1,1,2,1,2,1,1,0,1,1,2,1,1,1,2,0,1,1,1,1,1,1,1,2,1,2,1,1,1,0,0,2,0,1,2,2,1,2,2,0,1,2,0,2,2,1,0,2,0,1,1,0,1,1,1,2,2,1,0,0,0,2,1,0,1,0,1,0,2,1,2,2,1,2,1,2,2,0,0,1,2,1,1,1,1,2,1,0,2,1,0,1,0,0,1,1,0,2,1,2,2,1,0,0,0,1,1,1,1,2,1,0,1,0,2,0,1,2,1,2,2,2,1,0,0,0,1,1,1,1,1,2,2,1,2,0,1,2,1,2,2,1,0,1,1,0,1,0,1,1,1,1,1,2,2,2,0,1,1,1,1,1,1,1,1,1,1,0,1,0,0,1,1,1,2,1,0,1,0,1,0,2,2,1,1,1,0,1,1,1,0,1,1,0,1,0,1,0,1,1,1,2,0,2,0,2,0,0,1,0,2,1,0,1,1,1,1,2,1,2,2,1,0,1,0,0,0,0,0,1,1,0,1,2,1,2,1,0,0,2,1,0,2,1,1,1,1,1,2,2,0,1,1,1,1,1,0,2,1,1,1,2,0,0,2,2,2,1,1,1,0,0,1,1,2,2,2,1,2,0,1,1,1,1,1,1,0,2,1,2,2,2,1,2,2,2,2,0,2,1,0,2,1,1,1,1,0,2,0,1,2,0,1,1,2,0,0,2,1,1,0,0,1,1,2,1,1,1,1,1,1,1,1,2,1,2,0,1,2,0,1,2,1,1,1,1,1,0,1,1,1,2,1,0,1,1,1,2,1,0,1,1,1,1,1,1,2,1,0,1,1,2,1,0,0,2,1,1,1,2,2,0,1,1,1,2,1,2,0,1,1,2,2,1,1,0,0,2,1,2,1,2,1,2,2,2,1,1,0,2,1,1,0,2,2,2,1,1,2,0,0,2,2,1,1,1,1,1,2,0,2,0,1,2,1,1,1,1,2,0,2,2,2,2,1,1,1,1,1,1,1,0,1,1,1,1,0,1,2
