"id","mh_001","mh_002","mh_003","mh_004","mh_005","mh_006","mh_007","mh_008","mh_009","mh_010","mh_011","mh_012","mh_013","mh_014","mh_015","mh_016","mh_017","mh_018","mh_019","mh_020","mh_021","mh_022","mh_023","mh_024","mh_025","mh_026","mh_027","mh_028","mh_029","mh_030","mh_031","mh_032","mh_033","mh_034","mh_035","mh_036","mh_037","mh_038","mh_039","mh_040","mh_041","mh_042","mh_043","mh_044","mh_045","mh_046","mh_047","mh_048","mh_049","mh_050","mh_051","mh_052","mh_053","mh_054","mh_055","mh_056","mh_057","mh_058","mh_059","mh_060","mh_061","mh_062","mh_063","mh_064","mh_065","mh_066","mh_067","mh_068","mh_069","mh_070","mh_071","mh_072","mh_073","mh_074","mh_075","mh_076","mh_077","mh_078","mh_079","mh_080","mh_081","mh_082","mh_083","mh_084","mh_085","mh_086","mh_087","mh_088","mh_089","mh_090","mh_091","mh_092","mh_093","mh_094","mh_095","mh_096","mh_097","mh_098","mh_099","mh_100","mh_101","mh_102","mh_103","mh_104","mh_105","mh_106","mh_107","mh_108","mh_109","mh_110","mh_111","mh_112","mh_113","mh_114","mh_115","mh_116","mh_117","mh_118","mh_119","mh_120","mh_121","mh_122","mh_123","mh_124","mh_125","mh_126","mh_127","mh_128","mh_129","mh_130","mh_131","mh_132","mh_133","mh_134","mh_135","mh_136","mh_137","mh_138","mh_139","mh_140","mh_141","mh_142","mh_143","mh_144","mh_145","mh_146","mh_147","mh_148","mh_149","mh_150","mh_151","mh_152","mh_153","mh_154","mh_155","mh_156","mh_157","mh_158","mh_159","mh_160","mh_161","mh_162","mh_163","mh_164","mh_165","mh_166","mh_167","mh_168","mh_169","mh_170","mh_171","mh_172","mh_173","mh_174","mh_175","mh_176","mh_177","mh_178","mh_179","mh_180","mh_181","mh_182","mh_183","mh_184","mh_185","mh_186","mh_187","mh_188","mh_189","mh_190","mh_191","mh_192","mh_193","mh_194","mh_195","mh_196","mh_197","mh_198","mh_199","mh_200","mh_201","mh_202","mh_203","mh_204","mh_205","mh_206","mh_207","mh_208","mh_209","mh_210","mh_211","mh_212","mh_213","mh_214","mh_215","mh_216","mh_217","mh_218","mh_219","mh_220","mh_221","mh_222","mh_223","mh_224","mh_225","mh_226","mh_227","mh_228","mh_229","mh_230","mh_231","mh_232","mh_233","mh_234","mh_235","mh_236","mh_237","mh_238","mh_239","mh_240","mh_241","mh_242","mh_243","mh_244","mh_245","mh_246","mh_247","mh_248","mh_249","mh_250","mh_251","mh_252","mh_253","mh_254","mh_255","mh_256","mh_257","mh_258","mh_259","mh_260","mh_261","mh_262","mh_263","mh_264","mh_265","mh_266","mh_267","mh_268","mh_269","mh_270","mh_271","mh_272","mh_273","mh_274","mh_275","mh_276","mh_277","mh_278","mh_279","mh_280","mh_281","mh_282","mh_283","mh_284","mh_285","mh_286","mh_287","mh_288","mh_289","mh_290","mh_291","mh_292","mh_293","mh_294","mh_295","mh_296","mh_297","mh_298","mh_299","mh_300","mh_301","mh_302","mh_303","mh_304","mh_305","mh_306","mh_307","mh_308","mh_309","mh_310","mh_311","mh_312","mh_313","mh_314","mh_315","mh_316","mh_317","mh_318","mh_319","mh_320","mh_321","mh_322","mh_323","mh_324","mh_325","mh_326","mh_327","mh_328","mh_329","mh_330","mh_331","mh_332","mh_333","mh_334","mh_335","mh_336","mh_337","mh_338","mh_339","mh_340","mh_341","mh_342","mh_343","mh_344","mh_345","mh_346","mh_347","mh_348","mh_349","mh_350","mh_351","mh_352","mh_353","mh_354","mh_355","mh_356","mh_357","mh_358","mh_359","mh_360","mh_361","mh_362","mh_363","mh_364","mh_365","mh_366","mh_367","mh_368","mh_369","mh_370","mh_371","mh_372","mh_373","mh_374","mh_375","mh_376","mh_377","mh_378","mh_379","mh_380","mh_381","mh_382","mh_383","mh_384","mh_385","mh_386","mh_387","mh_388","mh_389","mh_390","mh_391","mh_392","mh_393","mh_394","mh_395","mh_396","mh_397","mh_398","mh_399","mh_400","mh_401","mh_402","mh_403","mh_404","mh_405","mh_406","mh_407","mh_408","mh_409","mh_410","mh_411","mh_412","mh_413","mh_414","mh_415","mh_416","mh_417","mh_418","mh_419","mh_420","mh_421","mh_422","mh_423","mh_424","mh_425","mh_426","mh_427","mh_428","mh_429","mh_430","mh_431","mh_432","mh_433","mh_434","mh_435","mh_436","mh_437","mh_438","mh_439","mh_440","mh_441","mh_442","mh_443","mh_444","mh_445","mh_446","mh_447","mh_448","mh_449","mh_450","mh_451","mh_452","mh_453","mh_454","mh_455","mh_456","mh_457","mh_458","mh_459","mh_460","mh_461","mh_462","mh_463","mh_464","mh_465","mh_466","mh_467","mh_468","mh_469","mh_470","mh_471","mh_472","mh_473","mh_474","mh_475","mh_476","mh_477","mh_478","mh_479","mh_480","mh_481","mh_482","mh_483","mh_484","mh_485","mh_486","mh_487","mh_488","mh_489","mh_490","mh_491"
"IND0001","2/1","1/2","1/1","1/2","2/2","1/2","2/1","2/2","2/2","2/2","1/1","1/2","2/2","1/2","2/1","1/1","2/2","1/1","2/2","2/2","1/2","2/1","1/1","2/2","2/2","1/1","2/2","2/1","2/2","2/2","1/2","1/2","2/1","2/2","2/1","2/1","1/1","2/1","2/2","2/2","2/1","1/2","1/1","2/1","2/1","2/2","1/1","1/2","2/2","1/2","2/2","2/2","2/1","1/1","2/1","2/1","1/2","1/2","1/2","1/1","2/2","1/2","2/1","2/2","2/1","2/1","1/2","2/1","2/2","1/2","1/2","2/2","1/2","2/1","1/2","2/2","1/1","1/2","2/1","2/1","2/1","2/2","2/2","1/1","1/2","1/2","2/1","1/2","2/2","1/1","1/1","2/2","2/2","1/2","1/2","1/2","1/2","2/2","1/2","2/2","1/2","1/2","1/1","2/2","2/2","2/1","2/1","2/1","1/2","2/2","2/2","2/2","2/1","2/1","2/2","1/1","2/1","1/2","1/2","1/2","1/1","1/2","1/2","2/1","1/1","2/2","2/4","1/1","2/2","1/2","1/1","1/1","1/2","2/2","1/2","1/2","1/1","2/2","2/2","1/1","2/2","2/2","2/1","1/1","2/1","1/1","2/1","1/1","1/1","1/1","1/2","1/2","2/2","1/2","2/1","2/1","2/1","1/2","1/2","1/2","1/1","2/2","2/2","1/2","1/1","1/1","2/1","2/1","2/2","1/2","1/1","2/2","1/2","2/2","2/2","2/1","2/1","2/1","1/2","2/2","1/1","1/2","1/1","2/2","1/2","1/1","1/2","1/2","1/2","1/1","2/2","2/1","1/1","2/1","2/1","1/1","2/2","2/1","2/1","4/2","2/2","2/2","1/2","1/2","4/3","1/2","2/1","2/1","1/1","1/2","2/1","2/2","2/1","1/2","1/2","2/2","2/2","1/2","2/2","2/2","1/1","2/2","1/2","2/1","2/1","2/1","2/2","1/1","2/1","1/2","1/2","2/2","1/1","1/1","1/2","2/1","2/1","1/2","1/1","1/2","2/1","1/1","2/1","2/1","1/1","1/2","2/2","1/1","1/2","1/1","2/1","2/2","2/1","2/2","1/2","1/2","1/2","2/1","2/1","2/2","2/1","2/1","2/1","1/1","1/1","2/1","1/1","2/1","2/1","1/2","1/1","1/1","2/2","1/1","1/1","1/2","1/2","1/2","3/2","1/2","2/1","2/2","1/2","2/2","1/2","1/2","2/2","2/1","1/1","1/2","2/1","1/2","1/1","1/2","1/2","2/2","1/1","2/2","2/1","1/1","1/1","2/1","2/2","3/4","1/2","2/1","1/2","2/1","2/2","2/2","2/2","2/2","1/2","1/2","2/2","2/2","2/2","2/2","2/1","1/2","1/1","2/2","1/2","1/1","1/2","2/1","1/1","2/2","1/1","2/2","2/2","2/2","2/1","1/1","1/1","2/1","2/1","1/1","1/2","2/2","1/1","1/1","2/2","1/1","2/1","2/2","1/2","1/2","2/1","2/1","2/2","2/1","1/1","1/2","2/1","2/1","1/2","2/2","2/2","1/2","1/1","2/2","1/2","1/2","2/1","2/2","1/2","2/1","1/1","2/2","1/1","2/2","2/1","1/1","1/1","2/2","2/2","1/1","2/2","1/1","1/2","2/3","1/2","2/2","2/2","2/1","1/1","2/1","1/2","3/4","1/1","2/2","2/1","2/1","2/1","2/1","2/2","2/2","2/1","2/1","1/1","1/1","2/2","1/2","1/1","2/1","2/2","2/2","2/1","2/1","2/2","2/1","1/1","1/2","2/2","2/2","1/2","1/2","2/2","1/1","2/2","1/2","2/2","1/2","1/2","1/2","1/1","1/2","1/2","2/1","2/2","2/2","2/2","2/1","1/2","1/1","1/1","2/2","1/1","2/1","2/1","1/2","1/2","2/2","2/2","1/2","2/2","2/2","1/1","2/1","2/1","2/2","1/2","1/1","1/2","2/1","2/2","1/1","1/2","2/1","1/2","2/1","1/2","2/1","1/1","2/2","2/1","1/2","1/2","2/2","1/1","2/2","2/2","2/1","2/2","1/1","1/2","2/1","1/1","1/1","2/1","1/1","1/1","1/1","1/2","2/1","2/2","1/2","1/2","1/1","2/1"
"IND0002","2/1","1/2","2/2","2/2","2/2","1/1","1/2","2/2","2/2","1/2","1/2","2/2","1/2","2/2","1/2","2/2","2/1","2/1","1/2","1/1","2/1","1/1","1/2","2/2","1/1","2/1","1/2","2/1","2/1","2/2","1/2","2/2","2/2","1/2","1/1","2/2","1/2","1/1","2/2","2/1","2/1","1/1","2/2","1/1","2/1","2/2","1/2","2/2","2/1","2/2","1/1","1/2","2/1","1/1","1/2","2/1","1/1","2/2","2/1","2/2","1/2","2/1","1/1","2/2","1/1","1/1","1/1","1/2","1/1","1/2","2/1","2/1","1/2","2/2","2/1","1/2","1/1","2/1","2/2","1/1","1/1","2/1","2/1","2/2","2/1","1/1","1/1","2/1","2/1","1/2","2/1","2/2","2/2","2/1","2/2","2/2","1/1","1/1","2/1","1/1","1/1","2/2","2/1","1/2","2/1","1/2","1/2","1/1","2/2","2/1","1/2","1/1","2/2","1/1","2/1","1/2","2/1","1/2","2/2","1/1","1/2","1/2","1/1","2/2","2/1","2/2","2/1","2/1","2/2","1/2","1/2","1/1","1/1","1/1","2/2","1/1","1/2","1/1","1/1","2/2","1/1","1/2","2/1","1/1","1/2","1/2","2/1","1/1","2/1","2/1","1/1","2/2","2/1","2/2","2/2","2/1","1/1","2/2","2/2","1/1","2/1","2/1","2/1","2/1","1/2","1/1","2/2","1/2","1/1","2/1","2/2","2/1","2/1","2/1","1/1","2/2","2/1","2/2","1/1","1/1","1/1","2/2","1/1","1/1","1/2","2/2","1/2","2/2","2/2","2/1","1/1","1/2","2/1","2/1","2/1","1/2","2/2","2/1","1/2","4/1","2/1","1/1","1/2","1/1","3/4","2/2","1/1","1/2","2/1","2/2","1/2","1/1","1/1","1/2","2/1","2/1","2/1","2/2","1/2","1/1","2/2","1/1","1/2","1/1","1/1","2/2","1/2","1/2","1/1","2/2","1/2","1/2","2/2","1/1","1/1","2/2","1/2","1/1","1/2","2/2","2/2","1/1","1/1","2/2","2/1","2/2","2/2","1/2","2/2","2/2","1/2","1/2","1/1","2/1","2/1","1/1","1/2","2/1","2/2","2/2","2/1","1/2","1/2","2/1","1/1","1/2","1/2","1/2","1/1","1/2","2/2","1/1","2/2","2/1","1/2","2/2","2/1","2/2","3/4","2/1","1/2","2/1","1/2","2/2","1/1","2/1","1/1","2/2","1/2","2/2","2/1","1/2","1/2","2/2","1/2","1/2","2/2","2/2","2/1","1/1","2/2","2/1","2/1","1/1","1/2","2/2","2/2","1/1","1/1","1/2","1/2","1/1","2/1","2/4","1/1","1/1","3/2","2/1","1/1","1/2","2/1","2/1","1/1","1/2","2/1","2/1","2/1","1/2","2/2","1/2","1/1","2/2","2/2","1/2","1/2","2/2","2/2","1/1","1/1","1/1","1/2","2/2","1/1","2/1","2/2","1/1","1/2","1/1","2/1","2/1","1/1","2/2","1/2","2/2","2/2","2/1","2/1","2/2","1/1","2/2","1/1","2/1","2/2","2/2","2/2","2/2","1/1","2/1","1/1","2/2","1/1","2/1","2/2","2/2","1/2","1/2","1/2","1/2","2/2","2/2","1/2","4/1","1/2","1/1","2/1","1/2","2/2","1/2","1/2","3/2","1/2","2/1","1/1","1/2","2/2","1/2","2/1","1/1","1/1","1/2","2/1","2/1","1/2","1/1","1/1","2/2","1/2","2/2","1/2","1/1","2/1","2/1","2/2","2/2","1/2","2/1","2/1","1/2","2/2","2/2","1/2","2/2","2/1","1/2","1/2","2/1","1/1","1/2","2/1","2/2","2/2","1/1","2/1","2/1","1/1","2/2","1/1","1/2","2/1","2/1","2/1","1/1","1/2","2/2","2/2","2/2","2/1","1/1","1/2","2/2","2/2","2/1","1/2","2/1","1/2","1/2","2/1","2/2","1/2","2/2","1/2","2/1","1/2","2/1","1/2","1/1","1/2","1/2","1/2","1/1","1/2","1/1","2/1","2/1","2/2","2/1","2/1","2/1","1/1","2/1","2/1","1/2","2/2","1/2","2/1","1/1","2/1","2/2","1/1","1/2","2/2"
"IND0003","2/2","2/2","1/2","1/1","2/1","2/2","1/2","1/2","2/2","1/1","1/2","2/2","1/1","1/1","1/2","1/2","1/1","1/1","2/2","2/1","1/2","2/2","2/2","2/2","1/2","2/2","1/2","2/2","2/2","1/2","2/1","2/1","1/2","2/2","2/1","1/1","1/2","2/2","2/2","1/1","2/1","1/2","1/1","2/1","2/1","1/1","1/2","2/2","1/1","2/1","1/2","1/2","1/1","1/2","2/2","2/1","1/1","1/2","2/1","1/1","2/1","2/2","2/1","2/2","2/2","2/2","1/2","2/1","2/1","1/1","2/2","1/1","1/1","1/2","1/2","2/2","1/2","2/2","2/2","1/2","1/1","2/1","2/1","2/1","2/1","2/2","1/1","1/2","2/2","2/2","2/2","1/2","2/1","2/1","1/2","2/2","1/1","1/2","2/2","1/2","2/1","2/1","2/2","1/1","1/2","2/1","2/2","1/1","1/2","2/2","1/1","1/2","1/1","2/1","1/1","1/1","2/2","2/2","2/1","1/1","2/1","1/1","2/2","2/1","2/1","1/2","4/3","2/1","2/1","2/2","1/2","2/1","1/2","1/1","2/1","1/2","1/2","1/1","2/2","2/2","1/1","1/2","2/2","2/1","2/2","2/2","2/2","1/2","2/2","2/1","1/1","2/2","1/2","2/1","1/1","2/2","2/1","2/1","1/2","2/1","1/1","1/2","2/2","2/2","1/1","1/1","2/2","1/1","2/1","2/1","1/2","1/1","2/1","2/2","1/1","1/1","1/1","2/1","1/2","2/1","2/1","2/1","1/1","1/2","2/2","1/2","2/2","2/2","1/2","2/1","2/1","1/2","1/1","1/1","1/2","2/1","2/1","2/1","2/2","3/3","2/1","2/2","1/1","2/2","2/2","1/1","1/1","2/2","1/1","2/2","1/2","2/1","1/2","2/1","2/2","1/2","2/2","1/1","2/1","1/2","1/2","2/1","2/2","2/1","2/2","1/1","2/2","1/1","1/1","1/1","1/1","1/2","1/1","2/2","1/1","1/2","2/2","1/2","1/1","2/1","2/1","2/1","1/1","1/1","1/1","2/2","2/2","1/2","1/2","2/1","1/2","1/1","2/1","1/1","1/1","1/2","2/1","2/2","2/1","2/2","1/1","1/2","1/2","2/2","2/1","2/1","2/1","1/2","1/1","2/1","2/2","1/1","2/1","1/2","1/1","2/2","2/1","2/1","4/4","1/1","2/2","1/2","1/2","1/1","2/1","1/1","2/2","1/1","2/2","1/2","1/2","2/2","1/2","2/2","2/2","1/2","1/2","1/2","1/2","1/2","2/2","1/1","2/2","2/2","1/2","1/2","2/2","1/2","2/1","2/2","2/2","1/2","1/1","2/2","2/2","2/2","2/3","1/2","1/2","2/1","1/2","1/2","1/1","2/1","2/1","2/2","2/2","1/2","2/1","1/2","1/1","1/2","2/2","2/2","1/1","2/1","1/1","2/2","1/2","1/2","1/1","2/2","1/2","2/2","2/2","1/1","1/1","2/1","1/1","1/1","2/1","1/2","1/1","2/1","2/2","2/1","1/1","2/1","2/1","2/1","2/1","1/1","1/1","2/2","2/1","2/2","2/2","2/1","2/1","1/1","1/1","2/1","1/1","2/2","1/2","1/1","2/1","2/1","1/1","2/1","1/2","1/2","2/1","2/1","1/1","1/1","1/1","1/2","1/2","2/3","2/2","2/1","2/1","1/1","1/1","2/1","2/1","1/2","1/1","1/1","2/1","2/1","1/1","2/1","1/1","2/1","1/2","2/1","1/2","1/2","1/2","1/1","2/2","1/1","1/2","2/1","2/2","1/1","1/1","2/1","2/1","2/1","1/2","1/1","1/2","1/2","1/1","1/1","2/2","2/2","2/1","1/1","2/1","2/1","2/2","2/2","2/1","2/2","2/1","2/1","2/1","2/2","2/1","2/2","2/2","2/2","1/1","2/1","1/1","1/1","1/1","1/2","2/1","1/1","1/2","2/2","1/1","2/1","1/1","1/1","1/1","2/1","2/1","1/2","1/1","1/1","1/1","2/1","1/2","2/2","1/2","2/1","1/2","1/1","1/1","1/2","1/1","1/1","1/2","2/2","1/1","2/1","1/1","2/1","1/1","2/1","2/1","1/1","2/2","2/1","1/2"
"IND0004","1/1","1/2","2/2","2/1","2/2","1/2","1/2","2/2","1/1","1/2","2/2","2/1","1/2","2/1","1/1","2/2","2/1","2/1","1/2","2/1","1/1","2/1","2/2","1/1","1/2","1/2","1/1","1/2","2/2","2/2","1/1","1/2","1/2","1/2","1/2","1/2","1/2","2/2","2/1","2/1","1/1","2/2","1/2","1/2","2/1","1/1","1/1","1/2","1/1","2/1","1/1","1/1","2/2","1/2","1/2","2/2","1/1","2/1","1/1","2/1","1/1","1/2","2/2","1/2","2/2","2/2","2/1","1/1","2/2","1/1","1/1","2/2","1/2","1/1","1/1","1/2","2/1","2/1","1/1","2/1","2/1","2/2","2/1","2/2","1/1","1/1","2/1","2/2","1/2","1/1","1/2","2/1","2/2","1/2","1/2","2/1","1/1","2/1","1/1","2/2","1/1","2/1","2/2","1/2","2/1","1/2","2/2","1/1","2/1","2/1","2/1","2/2","2/2","1/2","1/2","2/1","1/1","1/1","2/2","2/2","2/1","1/1","2/1","2/1","1/2","2/2","3/4","2/2","1/2","2/2","2/2","2/2","1/1","2/1","1/2","1/2","1/1","2/2","1/1","2/1","1/1","2/2","1/1","2/1","1/2","1/2","1/2","2/2","1/1","2/2","1/2","2/2","2/1","2/1","2/1","1/2","2/2","1/2","1/1","2/2","1/1","2/2","2/2","2/2","2/1","1/1","2/2","1/1","2/1","1/1","2/2","2/1","1/1","1/2","1/1","1/2","2/1","1/2","1/1","1/2","1/1","2/2","2/2","2/2","1/1","2/1","2/1","1/2","1/1","1/2","1/1","2/1","1/2","1/2","1/1","1/1","1/2","1/1","2/1","3/1","1/2","1/2","2/1","1/1","2/1","1/2","2/2","1/2","2/2","2/1","1/2","1/2","1/2","2/2","1/2","2/1","1/2","1/1","1/2","1/1","2/2","2/1","1/1","1/1","1/1","1/2","1/2","1/2","2/2","1/1","1/2","2/1","1/2","2/2","2/1","1/2","2/1","1/2","1/1","1/1","2/1","2/2","2/2","2/2","1/2","1/2","2/2","1/2","1/1","1/1","2/1","1/1","2/1","1/2","2/2","1/1","1/1","2/2","2/1","2/1","1/2","2/2","2/1","2/2","1/1","2/1","1/1","1/1","2/1","1/1","1/1","1/1","2/1","2/2","1/2","2/1","1/1","2/1","4/2","1/2","1/1","2/1","2/2","1/1","2/2","1/1","2/2","2/1","1/1","1/1","2/2","1/2","1/1","1/2","2/2","1/1","2/2","1/1","1/1","1/2","2/2","2/2","2/2","2/2","1/1","2/2","1/2","1/1","2/2","2/2","2/2","1/1","2/2","4/4","1/2","2/2","2/1","1/1","2/1","1/1","1/2","1/1","1/1","2/1","2/1","2/2","1/2","1/1","1/2","1/2","2/2","2/2","1/1","1/2","1/2","2/1","1/1","2/2","2/2","2/2","1/1","2/1","1/2","2/1","2/2","2/1","2/1","2/1","1/1","1/1","1/1","1/1","1/2","2/1","2/2","2/1","2/2","1/1","2/1","1/2","2/1","1/2","1/2","2/2","2/2","2/2","1/2","1/2","2/2","2/2","2/2","1/2","1/2","2/1","1/2","2/2","1/2","1/2","2/1","1/2","2/1","3/3","2/2","2/1","2/1","1/2","2/2","2/1","1/2","2/2","2/2","1/1","1/1","1/2","2/1","2/2","2/2","2/2","2/1","1/2","2/1","1/2","2/1","1/1","1/2","2/1","1/2","1/2","1/2","1/2","2/2","2/1","1/2","2/1","1/2","1/2","2/1","2/2","2/2","1/2","2/2","2/1","2/1","2/1","2/1","2/2","2/2","1/2","2/2","1/2","2/1","1/2","1/2","2/1","2/2","2/1","1/1","2/1","1/1","1/2","2/1","1/1","2/2","2/1","2/1","1/1","2/1","2/1","1/2","1/1","1/2","1/2","1/1","2/1","1/2","1/1","2/2","2/2","2/1","2/2","1/1","2/2","2/1","1/1","1/2","1/2","2/1","1/2","1/1","2/2","1/1","1/1","2/2","2/2","1/2","2/1","2/2","2/2","1/2","1/1","1/1","1/2","2/1","1/2","1/1","1/2","2/1","2/1","1/2","1/1","1/1"
"IND0005","2/2","1/2","1/2","1/2","1/2","1/1","1/1","1/2","2/1","2/2","1/1","1/1","1/1","1/1","2/2","1/2","1/1","1/2","2/1","2/1","1/2","2/2","2/2","2/1","2/2","2/1","2/1","1/2","2/2","1/2","1/1","1/1","1/1","2/1","2/2","2/1","2/1","2/2","1/2","1/1","1/2","1/1","1/1","2/1","1/2","2/2","2/1","1/1","1/1","2/1","1/2","1/1","2/2","1/2","1/1","2/1","2/2","2/1","2/1","1/1","2/2","1/1","2/2","1/2","2/1","1/2","1/2","1/2","2/2","2/2","1/2","1/1","2/1","2/1","2/1","2/2","1/2","1/2","1/1","1/2","1/2","2/2","2/1","1/2","2/1","2/1","1/1","2/2","1/2","2/1","2/2","1/1","2/2","1/1","1/2","2/1","1/2","1/1","1/1","1/2","2/2","2/1","2/2","1/1","2/2","1/1","1/1","1/1","1/2","2/1","1/2","1/1","1/2","1/1","2/1","1/1","2/1","2/2","2/1","2/1","2/2","2/2","1/2","2/1","2/1","1/1","4/3","1/2","1/2","2/1","1/1","1/1","2/1","2/1","1/2","2/2","2/2","1/1","1/2","1/1","2/2","1/2","1/2","1/1","2/1","1/1","2/2","1/2","1/1","2/1","2/2","1/1","2/1","2/1","2/1","2/1","1/2","2/2","2/2","2/1","1/1","2/1","2/2","1/1","2/1","2/1","1/2","2/1","1/2","2/2","1/2","1/2","1/1","1/2","1/2","2/1","2/2","1/1","1/1","2/2","1/2","2/1","1/1","1/1","2/1","1/2","1/2","2/2","2/1","2/2","2/1","1/1","2/1","2/1","1/2","2/2","2/2","2/1","1/2","4/4","2/1","2/1","1/1","1/1","4/4","1/2","1/1","1/1","1/2","2/1","2/1","2/1","2/1","2/2","1/1","2/1","2/2","1/2","2/1","2/2","2/2","2/1","2/2","2/2","1/2","1/1","2/1","1/1","2/2","2/2","1/2","2/1","2/2","1/1","1/2","1/2","2/2","2/2","1/1","2/1","1/2","1/1","1/2","2/2","1/1","2/1","1/2","1/2","2/2","2/2","2/1","2/1","1/1","2/2","1/1","2/1","2/1","1/2","1/2","1/1","1/1","2/1","2/2","1/1","1/1","1/1","2/1","1/2","1/1","1/2","2/2","1/1","2/1","1/1","1/1","2/1","2/1","2/1","2/2","1/2","1/1","2/2","2/2","2/2","2/2","2/2","2/1","2/2","2/2","2/1","2/1","2/2","1/1","1/1","2/1","2/2","1/2","1/1","2/1","2/2","2/1","1/2","1/1","1/1","2/2","2/1","1/1","1/2","1/1","2/2","2/2","2/2","2/2","4/1","1/2","2/2","2/1","2/1","2/1","2/2","1/1","1/2","2/2","1/2","1/2","1/2","2/1","2/2","2/1","2/1","1/2","1/2","2/2","1/2","2/1","1/2","1/1","2/1","2/2","2/2","1/1","1/2","2/1","2/1","1/2","2/2","2/2","1/2","2/2","2/2","2/1","1/1","1/1","1/1","1/1","1/1","1/2","2/2","2/2","2/2","2/1","1/2","2/1","2/1","1/2","2/2","2/2","2/1","2/2","2/2","2/1","2/2","1/1","2/2","1/1","2/2","1/1","2/2","1/1","2/1","2/2","2/4","2/2","2/1","1/2","1/2","2/1","1/1","2/2","3/2","1/1","1/2","2/1","1/1","1/1","1/1","2/2","2/1","2/1","2/1","1/2","2/1","2/2","1/1","2/2","1/2","1/2","2/1","2/2","1/2","1/2","1/1","1/2","1/1","2/1","1/2","2/2","2/2","2/1","2/2","2/1","2/2","1/2","1/2","2/1","2/1","2/2","1/2","2/1","1/1","2/2","1/2","2/1","1/1","2/1","1/1","1/1","2/1","1/2","1/1","1/2","2/2","1/2","1/1","1/2","1/2","2/1","1/2","2/2","2/1","1/2","1/1","1/1","1/1","2/1","2/2","2/1","1/1","2/2","2/1","1/1","2/2","2/2","2/1","1/1","2/1","2/2","2/2","1/2","1/1","2/2","1/1","2/2","1/2","1/1","1/1","2/1","2/2","2/2","1/2","2/1","2/2","1/2","2/2","2/2","1/2","2/2","1/2","2/2","2/1","1/1"
"IND0006","1/2","2/2","2/2","1/2","2/1","1/1","2/2","1/2","2/2","1/1","2/1","1/2","2/1","2/1","2/1","2/2","1/1","2/1","2/1","1/2","1/2","1/1","2/1","2/1","2/1","2/1","1/1","1/1","2/2","2/2","2/2","1/1","1/2","2/1","1/2","2/1","1/1","2/1","2/1","1/1","2/1","1/2","1/2","2/2","1/2","1/1","1/2","1/1","2/1","1/1","2/1","1/1","2/1","1/1","1/1","2/2","1/2","2/1","1/2","2/1","1/2","1/1","1/1","2/2","2/2","1/1","1/2","2/1","1/1","2/2","2/1","2/1","1/1","1/2","1/2","1/2","2/2","1/2","1/1","1/2","1/2","2/1","2/2","1/1","1/2","2/1","1/2","2/1","1/1","1/1","2/1","2/1","2/2","1/1","2/1","2/2","2/2","1/1","1/1","1/2","1/2","2/2","2/1","1/2","1/1","2/1","1/2","1/1","2/1","1/2","2/2","1/2","1/1","1/1","2/2","1/2","2/2","1/2","1/1","2/2","1/1","2/1","1/2","1/1","2/1","2/2","2/2","2/1","2/2","2/2","1/1","1/1","2/2","1/1","2/2","1/1","2/2","1/2","1/2","2/2","1/1","2/1","1/1","1/2","1/2","2/1","1/2","1/2","2/2","2/2","2/2","1/2","2/2","2/1","2/1","1/2","2/1","1/2","2/2","2/1","2/2","2/1","1/1","2/1","2/2","2/2","2/2","1/1","2/2","1/1","2/2","1/2","2/1","1/2","1/2","1/1","2/1","1/1","1/2","2/2","1/2","1/2","2/1","2/2","2/2","2/2","1/1","1/1","2/1","1/1","2/2","2/1","1/2","1/2","2/1","2/1","1/1","1/2","2/2","3/2","1/2","2/2","2/2","2/2","2/3","1/2","2/2","1/1","1/1","1/2","2/2","2/1","2/2","1/2","1/1","2/1","2/1","2/2","1/1","2/1","1/1","1/1","1/2","1/2","2/1","2/1","1/2","1/2","1/1","1/1","2/2","1/2","2/1","1/2","1/2","1/2","1/1","1/1","2/1","1/2","2/2","2/2","1/1","1/1","2/1","2/1","2/2","1/2","1/2","2/2","1/2","2/2","2/1","2/2","1/1","1/2","1/1","2/2","2/2","1/2","2/1","1/1","2/2","1/2","2/1","1/2","1/2","1/1","2/2","2/1","1/1","1/1","2/2","2/1","1/2","1/1","1/2","1/1","1/3","1/1","2/1","2/1","2/1","1/2","1/1","1/1","2/1","1/1","1/2","1/1","2/1","2/2","1/2","1/2","2/2","1/1","2/1","2/2","1/2","2/2","2/2","1/1","2/1","3/4","2/2","1/1","2/1","1/2","1/2","1/2","2/1","1/1","1/1","2/2","2/2","1/2","4/3","2/1","2/2","2/1","2/1","1/1","1/1","1/2","1/2","1/1","2/1","1/1","1/1","1/2","1/1","1/2","2/1","2/1","2/1","1/2","2/1","1/1","1/2","1/1","1/2","1/2","1/1","1/2","2/2","1/1","1/2","2/2","1/1","2/1","2/2","2/2","2/1","1/1","2/2","1/1","1/2","2/1","1/2","1/1","2/1","2/2","1/2","1/2","2/2","2/1","2/2","1/2","2/1","2/2","2/2","2/1","2/2","2/1","2/1","2/1","1/2","1/1","1/2","2/2","2/2","1/4","2/2","2/1","2/2","1/2","1/2","1/1","1/1","3/4","2/1","2/1","2/2","2/2","1/1","1/2","2/1","2/1","1/2","1/2","2/2","1/1","1/2","1/2","2/1","1/2","2/2","2/2","1/1","2/1","1/2","2/2","1/1","1/1","2/1","2/2","1/2","2/2","2/1","2/2","2/2","1/2","1/2","1/1","1/1","2/2","1/2","1/1","1/1","1/2","1/1","2/1","1/1","1/1","1/1","2/1","2/2","2/1","1/1","1/2","1/1","1/2","1/2","2/1","2/1","2/2","2/2","2/2","1/1","2/2","1/2","1/1","2/2","1/2","2/2","1/1","2/2","1/1","2/1","1/1","1/1","2/2","2/2","1/2","1/1","1/2","2/1","2/2","2/1","2/1","1/2","1/1","2/2","1/2","1/1","2/1","1/1","2/1","2/2","2/2","2/1","1/1","2/1","1/1","2/2","2/1","1/2","2/2","2/1","2/1","2/2"
"IND0007","1/1","1/2","1/2","1/2","1/1","2/1","1/2","1/2","2/1","2/2","2/2","1/2","2/2","2/2","1/2","2/2","2/1","2/1","1/1","1/2","1/1","2/1","1/1","1/2","2/1","1/1","1/1","1/1","1/1","1/1","2/1","1/1","1/2","1/1","2/2","1/2","2/1","2/2","2/2","1/2","2/1","1/2","1/2","2/2","1/1","2/2","1/1","1/2","1/2","1/1","1/2","2/1","2/1","2/1","2/1","1/1","2/2","2/1","1/1","2/2","1/1","1/1","2/2","1/1","1/2","2/2","2/1","1/1","2/1","2/1","1/1","1/2","2/1","2/1","1/1","2/2","1/2","1/1","2/2","2/2","1/2","1/1","2/1","2/1","1/1","2/1","1/2","2/2","2/1","2/2","2/1","1/2","1/2","1/1","2/1","1/2","1/2","1/2","2/2","2/1","2/2","1/1","2/1","1/1","2/1","1/2","1/2","2/2","2/1","1/1","2/2","2/2","2/1","1/1","2/2","2/1","1/1","2/1","2/2","2/2","2/1","2/2","2/2","1/1","1/1","1/1","2/2","1/2","2/1","1/2","2/2","2/1","2/2","1/2","2/1","2/2","2/1","2/2","1/2","2/2","2/1","2/2","2/1","1/1","2/1","1/1","2/1","1/1","1/1","1/2","2/1","1/2","2/1","1/2","2/2","2/1","2/1","2/1","2/2","1/2","2/2","1/2","2/1","1/2","1/2","2/1","1/2","2/1","1/1","1/2","2/1","2/1","2/2","1/1","2/1","1/1","2/1","1/1","1/1","2/1","2/1","2/2","2/1","2/1","2/1","2/1","2/2","1/1","1/1","2/2","1/1","2/2","2/1","2/2","2/2","2/2","1/1","1/1","1/1","4/1","1/2","1/1","1/1","1/1","3/1","1/2","1/2","1/2","2/1","1/2","2/2","1/2","1/1","1/2","2/2","2/2","1/1","1/1","2/2","1/2","2/2","1/1","1/2","1/1","1/1","2/2","2/2","1/2","2/2","1/1","1/1","2/2","1/2","1/2","1/2","1/1","2/1","2/1","2/2","1/1","2/2","2/2","1/1","1/1","2/2","1/2","1/2","2/2","1/2","1/1","2/2","2/2","2/1","1/1","1/1","2/1","1/2","1/2","1/2","2/1","2/2","2/2","2/2","1/2","2/1","1/1","1/1","1/2","2/1","2/1","1/2","1/2","2/1","2/2","1/1","2/1","1/2","1/2","4/2","1/2","2/1","2/1","2/1","2/2","1/2","2/1","2/2","1/2","1/1","1/1","2/1","1/1","1/1","2/1","1/2","1/2","1/1","2/1","1/1","2/2","1/1","2/1","2/1","3/4","2/1","1/1","2/1","1/1","2/1","1/2","2/2","1/1","1/2","1/2","1/1","2/2","2/2","2/1","2/1","1/1","1/2","1/2","2/1","2/2","2/2","2/1","1/2","2/2","1/2","1/2","2/2","1/2","1/1","1/2","2/2","2/1","2/2","2/2","2/1","2/2","1/2","1/2","2/2","2/2","1/2","2/2","2/1","2/2","2/1","2/1","1/1","1/2","1/2","2/1","1/1","1/2","2/2","2/1","1/2","1/1","2/2","2/2","1/2","1/1","1/1","2/2","1/1","2/2","1/2","1/2","1/2","1/1","1/2","1/1","2/2","2/2","2/2","1/1","1/2","2/2","1/1","1/4","2/1","2/1","2/1","2/1","1/2","2/1","2/2","4/2","2/1","2/1","1/1","2/2","2/2","2/1","2/1","1/1","1/2","2/2","1/1","1/2","1/1","2/1","2/2","2/1","1/2","2/2","2/1","2/2","2/2","2/2","2/1","2/2","1/1","1/2","2/1","1/2","2/2","1/2","2/2","2/2","2/2","2/1","1/2","2/1","2/2","1/1","2/2","2/2","1/1","2/1","2/2","2/1","2/2","2/2","2/1","1/1","2/2","1/2","2/1","2/2","1/1","1/1","2/1","1/1","2/1","2/1","2/2","2/2","2/2","2/2","2/2","2/1","2/1","2/1","1/2","2/2","1/2","1/1","2/1","1/1","1/2","2/2","1/1","1/1","1/1","2/2","2/2","2/2","1/1","2/1","2/2","1/1","2/1","2/2","1/1","2/1","1/2","1/2","2/2","1/1","2/2","2/2","1/2","1/1","2/1","1/2","2/1","2/2","2/1"
"IND0008","1/2","1/2","1/2","2/1","2/2","2/2","2/1","2/2","2/1","2/2","2/1","1/1","2/2","1/1","1/2","2/1","2/2","1/2","1/2","2/2","1/2","2/1","2/1","2/1","2/1","1/1","1/1","1/2","1/2","2/1","2/1","1/1","2/2","2/1","2/1","2/1","1/2","1/2","1/1","2/1","1/2","2/2","2/1","2/2","1/2","1/1","1/2","1/2","2/2","1/2","1/1","1/2","2/1","2/1","2/2","2/1","2/1","1/1","2/1","1/2","1/2","1/1","1/2","1/1","2/1","2/1","1/1","2/1","1/1","2/1","2/1","1/2","1/2","2/1","1/1","2/2","1/2","1/1","2/2","2/2","2/2","2/2","2/2","2/1","1/2","1/1","1/1","2/2","2/1","2/1","2/1","2/1","2/2","2/2","1/2","2/2","1/2","1/2","1/2","1/1","2/1","2/2","2/1","2/1","1/2","2/2","2/1","1/1","1/2","1/1","2/2","2/2","1/1","2/1","1/2","2/1","2/1","2/2","2/1","2/2","1/1","1/1","1/1","1/1","2/1","2/1","1/2","2/2","2/2","1/2","1/1","1/2","2/2","1/2","1/2","1/2","2/1","2/2","2/1","2/2","2/1","1/1","2/2","1/1","2/1","2/2","2/2","2/2","2/1","1/1","1/1","1/2","1/1","1/2","2/2","1/2","1/1","2/1","2/1","2/1","2/1","2/1","2/1","1/2","2/2","1/2","1/2","1/1","1/1","2/2","2/1","1/2","1/1","2/1","1/1","1/2","1/1","1/1","1/2","2/1","2/1","1/2","1/2","2/2","1/1","1/1","1/1","1/2","2/1","2/2","2/2","1/2","1/1","1/2","2/2","1/2","1/2","2/2","1/1","4/1","1/2","1/2","2/1","1/2","1/4","2/1","1/1","1/1","2/1","1/2","2/1","1/2","1/2","1/1","2/2","2/1","1/2","1/1","1/2","2/2","1/2","2/1","2/2","1/2","1/2","1/2","2/2","2/1","2/1","1/2","2/1","2/1","2/2","2/2","2/2","1/2","1/2","1/2","2/2","1/1","1/1","1/1","1/1","2/2","1/2","1/1","2/1","1/1","2/1","2/1","1/2","2/1","1/1","2/1","2/2","1/2","2/2","2/2","1/2","1/2","2/2","1/2","2/1","2/1","1/1","2/1","1/1","2/2","2/1","2/1","1/1","1/1","1/2","1/2","1/2","1/1","1/1","2/2","1/2","2/2","2/2","2/1","1/1","2/2","1/1","2/1","1/1","2/2","1/2","1/1","2/2","2/1","2/1","1/2","1/2","2/1","1/2","2/1","2/2","2/2","2/2","2/2","2/2","2/4","1/1","2/1","2/1","2/2","2/1","1/2","2/1","1/1","1/1","2/4","1/2","1/2","1/3","1/1","2/2","2/1","1/1","2/2","1/1","1/2","1/1","1/2","2/1","2/2","1/2","1/1","1/1","2/2","2/1","2/2","1/2","1/2","2/2","2/1","1/1","1/1","2/2","2/1","1/1","2/2","2/2","2/1","1/2","2/2","1/1","1/2","1/1","2/2","2/1","1/1","1/2","1/1","1/2","1/2","1/2","1/1","1/2","2/1","1/2","2/1","1/2","2/2","2/2","1/1","2/2","1/2","2/1","2/2","1/1","2/2","1/1","2/1","2/2","2/1","1/1","1/2","2/2","4/4","2/2","2/2","1/1","2/2","1/2","2/1","2/1","1/1","1/2","1/2","2/2","2/2","2/2","2/2","1/1","2/2","2/1","2/2","2/1","2/1","2/1","1/2","2/2","1/1","1/2","2/2","1/1","2/2","2/1","2/1","1/1","2/1","2/2","1/1","2/2","2/1","2/1","1/1","2/1","1/1","2/2","1/1","1/1","1/1","2/1","2/1","1/1","1/2","2/2","1/1","2/1","1/2","1/1","2/2","1/2","2/2","1/1","2/2","2/1","2/2","1/2","1/1","2/1","2/1","2/2","2/2","1/1","2/1","1/2","1/1","1/1","2/2","2/1","2/2","2/2","1/2","1/2","1/1","1/2","2/1","2/1","1/1","1/2","1/1","2/1","2/2","1/2","2/1","1/2","1/2","2/1","1/2","2/2","1/2","1/1","2/2","2/1","1/2","2/1","2/1","1/1","2/2","2/2","1/2","1/1","1/2","2/1","1/1","1/2"
"IND0009","2/1","1/2","1/2","1/2","1/1","1/1","2/1","1/1","2/2","2/1","2/2","2/1","2/2","1/1","2/1","1/1","1/1","1/1","2/2","1/1","2/1","1/2","2/2","2/1","2/2","1/1","2/1","1/2","1/1","1/1","1/1","1/1","2/2","2/1","2/2","1/2","2/1","2/2","2/2","2/2","2/1","1/1","2/1","2/1","1/1","1/2","2/2","2/2","1/1","2/2","2/2","2/2","2/1","1/2","2/2","1/1","1/2","2/1","2/1","1/1","2/1","1/1","2/2","1/1","1/2","2/2","1/2","1/1","1/1","1/2","2/1","2/1","1/1","1/2","2/2","2/2","2/1","2/1","2/2","2/1","2/1","2/1","2/2","1/1","2/2","1/1","2/2","1/2","1/2","1/1","2/1","2/1","2/2","1/1","2/2","1/1","1/2","1/1","1/1","1/1","2/1","1/1","2/2","1/1","1/2","2/1","2/2","1/1","1/2","1/1","2/2","1/2","2/1","1/2","1/1","2/1","2/1","1/1","1/2","1/1","2/1","1/1","2/1","2/1","2/2","2/1","2/1","2/1","1/1","1/2","1/1","2/1","2/2","1/2","1/1","2/1","2/1","1/2","2/1","1/1","1/2","1/2","2/2","2/2","2/2","2/2","1/2","1/2","2/2","2/2","1/1","1/2","1/2","1/1","2/1","1/1","1/1","1/2","1/2","2/1","1/1","2/1","2/2","1/1","2/2","2/1","2/1","1/2","2/2","1/1","1/2","1/1","2/1","1/1","2/1","2/1","2/2","2/2","2/1","1/2","2/2","1/1","2/1","1/1","2/1","2/2","2/1","2/2","2/1","1/2","2/2","2/2","2/1","2/2","1/1","1/2","2/1","1/1","1/2","1/3","1/2","2/2","1/2","1/2","1/3","1/1","1/2","2/1","1/1","2/1","1/1","2/2","2/1","1/2","2/2","1/2","2/2","2/2","2/2","2/1","1/2","1/1","2/2","1/2","1/2","2/1","1/2","1/1","1/1","2/1","1/1","2/2","1/1","1/1","2/1","2/1","1/2","1/2","1/1","1/1","2/2","2/1","1/2","1/1","1/1","2/2","1/1","1/2","1/1","1/1","1/2","1/2","2/1","2/1","1/1","1/1","1/1","1/2","1/2","1/2","2/2","1/1","1/1","2/1","1/2","2/1","1/2","2/1","2/2","2/1","2/1","1/1","1/2","1/1","2/1","2/2","1/2","2/1","4/4","1/1","2/2","2/2","2/2","2/2","2/1","2/2","2/2","2/1","2/2","2/2","1/1","1/1","2/1","1/1","2/1","2/2","1/2","1/1","2/2","1/1","1/2","1/2","2/1","1/3","1/1","1/1","2/1","1/1","2/1","1/2","2/2","2/1","2/2","2/1","2/2","2/2","1/1","2/2","1/2","1/2","1/1","2/1","2/2","2/1","1/2","1/2","1/2","2/2","1/1","1/2","2/2","2/2","2/2","1/1","1/1","1/1","2/2","2/1","2/1","1/1","2/2","1/2","2/2","1/2","2/1","2/1","2/2","1/1","1/1","2/1","1/1","1/2","2/2","2/1","2/1","2/1","2/1","2/2","2/1","1/2","1/1","2/1","2/1","1/1","1/1","2/2","2/2","2/2","2/2","2/2","2/2","1/1","1/2","2/1","1/1","1/1","1/2","2/1","2/2","1/2","2/1","4/1","2/2","1/1","1/2","2/1","1/2","2/2","1/2","1/2","2/1","1/2","2/1","2/1","1/2","1/2","1/2","1/2","1/2","2/2","1/2","2/1","2/1","1/1","2/2","1/1","1/2","1/2","1/2","2/2","1/1","2/2","1/1","2/2","2/2","2/2","1/2","2/2","1/2","2/2","2/1","2/2","2/1","2/2","1/2","2/2","1/1","2/2","2/2","2/2","2/1","1/1","2/1","1/2","1/2","2/2","1/1","2/2","1/2","1/1","1/1","1/2","2/1","1/2","2/2","1/1","1/2","2/2","1/1","2/2","1/1","2/2","2/1","1/2","1/1","1/1","1/2","1/2","2/1","1/1","2/2","2/2","1/2","1/1","2/2","1/1","2/2","2/2","2/2","1/2","2/1","1/2","2/1","2/2","2/2","1/2","1/1","2/2","1/1","1/1","2/1","1/2","2/1","1/2","2/2","2/1","2/1","2/1","1/2","2/2","1/2"
"IND0010","2/2","1/2","1/1","2/2","1/2","1/1","2/1","2/1","2/1","1/1","1/1","1/1","1/2","1/2","2/2","1/2","1/1","2/2","1/2","2/2","1/2","2/2","1/2","1/1","2/2","1/1","1/2","1/2","2/1","2/2","2/1","2/1","2/2","1/1","2/2","2/2","1/1","2/2","1/2","2/1","1/2","2/2","2/1","2/1","1/1","2/1","1/2","1/1","2/1","1/2","1/2","2/1","1/2","2/2","1/1","2/1","2/1","1/1","1/2","1/1","2/1","1/2","1/2","1/1","1/2","2/2","2/1","2/1","2/2","2/2","2/1","1/2","2/1","2/2","1/1","2/1","1/1","1/1","2/1","2/1","2/1","1/1","2/2","2/2","1/2","2/2","2/1","1/1","2/1","2/1","2/1","1/1","2/1","1/1","2/1","2/1","2/2","1/2","2/1","2/2","1/2","1/2","2/1","2/1","2/1","1/2","2/2","1/2","2/2","2/1","1/2","1/1","2/1","2/1","1/2","1/2","2/1","2/1","1/1","1/1","1/1","2/1","2/1","2/1","2/1","1/2","2/3","1/2","1/2","2/1","1/2","2/1","1/1","1/2","2/1","2/2","1/1","1/1","2/2","1/2","1/1","2/2","2/2","1/2","1/2","2/2","2/1","2/1","1/1","2/2","1/2","2/2","2/2","2/2","2/2","1/1","2/1","2/1","2/1","2/2","1/2","2/1","2/2","1/1","1/2","2/2","2/1","1/1","2/1","1/1","1/1","2/1","1/1","1/2","2/2","1/2","1/1","2/1","2/2","1/2","2/1","2/1","2/2","1/1","1/1","2/2","1/2","1/1","1/1","1/1","2/1","1/2","1/1","2/2","2/1","1/1","1/2","1/2","1/1","1/1","1/1","2/2","2/1","2/1","2/4","2/2","1/1","1/1","2/2","1/1","1/1","1/1","1/1","2/1","2/1","2/1","2/2","1/2","1/1","1/2","1/2","2/1","1/1","1/2","1/1","2/2","1/2","1/1","1/1","1/1","2/2","2/1","1/2","1/1","1/2","1/2","1/2","2/1","1/1","1/2","2/2","1/1","2/1","1/1","2/2","2/1","2/1","2/2","1/1","2/2","2/2","2/2","1/2","1/1","1/2","2/1","2/1","1/2","2/1","2/1","2/1","1/2","2/1","1/2","1/1","2/2","2/2","2/1","2/1","2/1","1/2","1/2","1/1","1/1","1/1","1/2","1/1","2/2","3/4","2/2","2/1","2/1","1/2","2/2","2/1","1/1","1/2","2/1","2/2","1/2","1/2","2/2","2/1","1/1","2/2","1/1","2/2","1/1","1/1","1/1","2/2","2/1","2/1","2/3","1/2","2/2","2/1","1/2","1/2","1/1","2/1","1/2","2/2","1/3","2/1","2/1","1/1","2/1","1/2","2/2","2/2","1/1","1/2","1/1","2/2","1/1","2/1","2/1","2/2","1/1","1/1","1/2","1/1","1/1","2/2","2/1","2/1","2/1","2/2","1/1","2/2","1/2","1/2","1/2","1/2","2/2","2/1","1/2","1/2","1/1","2/2","2/2","2/1","1/2","1/2","2/2","2/2","1/1","1/2","2/1","2/2","1/2","1/2","1/1","1/2","1/2","1/2","2/2","1/1","1/1","1/1","2/2","2/2","2/1","1/2","2/1","1/1","1/1","1/1","2/2","2/2","1/3","2/2","2/1","1/1","1/1","1/2","2/2","2/1","3/2","1/1","2/1","2/2","1/2","1/1","1/2","1/1","1/1","1/2","2/1","2/1","2/2","2/1","2/2","2/2","2/2","2/1","1/1","2/1","1/1","2/1","2/2","2/2","2/2","2/1","1/2","1/1","2/2","2/2","1/1","1/2","1/1","1/2","2/2","2/2","1/1","2/2","2/1","1/1","2/2","2/2","2/1","1/1","1/2","2/1","2/1","2/2","1/2","2/1","2/1","2/2","2/1","2/1","1/1","2/1","1/2","1/2","2/2","1/1","2/2","1/1","2/2","2/2","1/1","2/2","1/2","2/1","2/1","1/2","2/1","1/2","2/1","1/1","1/1","1/1","1/2","2/1","1/1","2/1","2/1","1/2","2/1","1/1","1/2","1/2","2/1","2/2","1/2","1/1","1/2","2/1","2/1","2/2","1/1","2/1","1/1","1/2","1/1","2/1","2/2","1/1"
"IND0011","1/1","2/2","1/2","1/2","1/1","1/1","1/2","2/2","2/2","2/2","2/2","1/2","1/2","1/2","1/1","2/1","1/2","2/2","1/1","1/2","2/2","1/1","2/2","1/2","1/1","2/1","1/1","1/2","2/2","1/2","2/2","1/1","2/2","2/2","2/1","2/1","1/2","1/1","1/2","1/1","2/2","1/1","2/2","1/1","2/1","2/2","1/2","2/2","1/1","2/1","1/1","2/1","2/1","2/2","1/2","2/2","1/1","1/2","1/1","2/1","1/1","2/1","1/1","2/1","2/1","2/2","2/2","1/2","2/2","2/2","1/1","1/1","1/1","2/1","1/2","1/2","2/2","1/2","2/2","1/1","1/2","1/1","1/1","2/2","1/2","2/2","2/1","2/2","2/2","1/2","2/1","2/2","2/1","2/2","1/2","1/1","1/1","1/1","2/1","2/1","1/2","1/2","2/1","2/1","1/2","2/1","1/2","1/1","1/1","2/2","2/2","1/1","2/2","2/1","2/2","1/2","2/1","1/1","1/2","1/1","2/1","1/2","1/2","1/1","1/2","1/2","3/1","1/1","2/1","2/1","2/1","2/2","2/2","1/2","2/1","1/2","1/2","2/2","2/2","1/2","2/1","1/1","1/2","2/1","1/2","1/2","2/2","2/1","1/1","1/2","1/1","1/1","1/2","2/1","2/1","2/1","1/2","1/2","1/1","2/2","2/1","2/1","1/2","2/1","2/1","1/2","1/1","2/2","2/2","1/1","1/2","2/1","2/2","1/2","1/1","1/1","1/2","1/2","1/1","2/1","1/2","1/2","2/1","1/2","1/1","2/1","2/1","1/2","1/1","1/1","1/2","1/2","1/1","1/1","2/1","1/1","2/2","1/1","1/2","3/1","2/1","1/2","1/1","2/2","2/3","1/2","1/1","1/1","2/2","2/1","2/1","1/1","2/1","1/1","2/2","1/2","2/1","2/1","1/1","1/2","1/1","1/1","1/2","2/1","2/2","1/2","1/2","1/2","1/1","1/1","2/2","1/2","1/1","1/1","2/2","2/1","2/2","2/1","2/2","1/1","1/2","2/1","1/2","2/1","1/2","2/1","2/2","2/1","2/2","1/2","2/2","2/1","1/2","2/2","1/1","2/1","2/2","2/1","1/2","1/1","1/1","1/1","2/1","1/2","2/2","1/2","2/2","1/1","2/1","1/2","1/2","2/2","2/1","2/1","2/2","2/1","2/1","1/1","4/3","2/1","1/1","1/1","2/2","2/1","2/2","2/1","1/1","2/2","2/1","1/2","1/1","2/2","1/1","2/1","1/2","2/2","1/1","2/1","2/1","2/2","1/1","1/1","2/1","4/2","2/1","1/1","2/1","2/1","2/1","1/1","2/2","1/2","1/2","4/1","1/1","1/2","1/1","2/1","2/1","2/2","2/2","1/1","2/1","1/2","2/1","1/2","1/1","1/1","1/2","1/1","2/2","2/1","2/1","1/2","2/1","1/1","2/2","2/2","2/2","1/1","1/2","2/1","2/1","1/2","1/1","1/2","1/1","1/1","2/2","2/2","1/2","1/1","2/2","1/1","1/2","1/2","1/2","2/1","2/1","2/2","1/2","2/2","2/1","1/1","1/1","2/2","2/2","2/1","1/1","2/1","1/2","2/2","1/1","1/2","2/1","1/2","2/2","1/2","2/2","2/1","1/2","2/1","1/1","2/2","1/2","2/2","1/1","1/1","1/2","1/4","2/2","1/2","2/2","1/1","2/2","2/1","1/2","2/1","1/1","2/1","2/1","2/1","1/1","2/1","1/2","1/1","2/1","2/2","1/1","1/1","2/2","2/2","1/1","1/1","1/1","1/2","1/2","1/2","1/2","2/1","2/2","1/2","1/1","1/2","1/2","1/2","1/1","1/1","1/2","2/1","1/1","1/2","1/2","1/2","1/2","1/2","2/1","1/1","2/2","1/1","2/2","1/1","1/2","2/1","1/2","1/2","2/1","1/2","1/2","1/2","1/1","1/1","1/1","1/2","1/1","1/2","2/1","2/2","2/2","1/1","1/2","2/2","1/1","2/2","2/1","1/2","2/1","2/2","1/2","2/1","2/1","2/1","2/2","1/1","2/1","1/2","1/2","1/2","1/1","1/1","1/2","2/2","1/1","1/2","1/1","1/2","1/1","2/2","1/1","2/2","1/2"
"IND0012","2/2","1/1","2/1","2/2","1/1","1/2","2/2","2/1","1/2","2/2","2/2","2/2","1/1","1/1","2/1","1/2","1/1","2/2","1/1","1/1","1/2","2/2","1/1","1/2","2/2","2/1","1/1","2/1","2/1","2/2","1/1","1/1","1/1","1/1","2/1","1/1","1/2","2/2","2/1","2/2","1/1","2/1","2/2","2/2","1/1","1/2","2/2","1/1","2/2","1/1","1/2","2/1","2/2","2/1","2/2","1/2","2/1","2/1","2/2","2/2","1/1","2/1","2/1","2/2","1/1","2/2","1/2","2/1","1/1","2/2","2/2","1/1","2/2","2/1","2/2","1/2","2/2","2/2","1/1","2/1","1/1","1/1","2/2","1/1","2/1","1/1","1/1","1/2","1/1","2/1","2/1","2/1","2/1","1/1","1/2","1/1","1/1","2/2","2/2","2/2","1/1","1/1","2/2","1/2","1/1","2/2","2/2","1/1","1/2","1/1","1/2","2/2","2/1","2/2","2/1","1/2","2/2","2/1","2/1","2/1","1/1","2/1","1/1","2/2","2/2","2/2","3/1","2/2","2/2","2/2","2/2","1/2","1/1","1/1","1/2","1/1","2/2","1/1","1/1","2/2","2/2","2/1","2/1","1/2","1/2","1/1","2/2","1/1","2/1","2/2","2/1","1/2","2/2","2/2","2/1","1/1","2/2","2/1","2/1","1/2","1/1","2/2","1/1","1/2","2/2","1/1","2/2","2/1","1/2","1/1","1/1","2/1","2/2","2/2","2/2","1/1","2/1","1/2","2/2","1/1","1/1","1/2","2/1","2/2","1/1","2/2","1/1","2/1","1/2","2/2","2/1","1/1","1/2","2/2","1/1","2/1","1/1","2/1","1/2","2/4","2/2","2/1","1/2","1/1","3/2","2/2","2/1","1/1","1/1","2/2","1/1","2/1","2/2","1/2","1/2","1/2","2/2","1/1","2/2","2/2","1/1","1/2","2/1","2/2","2/2","2/1","2/1","1/2","2/1","1/2","1/2","2/1","2/2","2/2","2/1","2/1","2/1","1/2","1/2","1/2","1/1","1/1","1/1","2/2","1/1","1/2","1/1","1/2","2/2","1/2","2/2","1/2","2/1","2/1","2/1","1/1","1/1","2/2","2/2","1/2","1/1","1/1","2/2","2/1","1/2","2/2","2/1","1/2","1/1","2/2","1/1","1/2","1/2","1/1","2/1","1/1","2/1","1/1","3/4","2/1","1/1","1/1","2/2","1/2","1/2","1/2","1/2","2/1","1/1","1/1","1/2","2/2","1/2","1/1","1/1","2/2","2/1","2/2","1/2","2/2","1/1","1/1","2/1","4/4","1/2","1/2","2/1","2/1","1/2","1/1","1/1","2/2","2/2","1/1","2/2","2/1","2/3","2/2","1/2","1/2","2/2","2/1","1/2","2/2","1/2","1/1","2/1","1/2","2/1","2/2","2/1","2/2","1/1","2/1","2/1","2/1","1/2","2/1","1/2","2/1","2/2","2/2","1/2","1/2","1/2","1/1","2/2","2/2","1/1","2/2","2/2","1/2","2/2","1/2","2/2","2/1","2/2","1/2","2/2","2/1","2/1","1/2","2/2","1/1","1/1","2/2","1/2","1/2","2/1","1/2","1/2","2/1","2/1","1/1","1/2","2/2","1/1","1/2","2/2","1/1","1/1","2/2","1/1","1/1","1/2","2/1","2/2","2/1","1/2","1/1","2/1","1/2","2/2","1/2","2/2","2/1","2/1","1/1","1/2","2/2","2/2","2/2","2/2","2/1","2/1","2/2","1/2","1/1","2/2","2/1","2/2","2/2","1/1","2/2","2/2","2/2","2/2","2/1","1/1","2/2","1/1","2/2","2/2","1/2","2/1","1/1","1/1","1/1","1/1","1/1","2/2","1/2","1/2","1/1","1/2","2/2","2/1","2/2","2/2","2/2","1/2","1/1","2/2","2/2","2/1","2/1","1/2","1/2","1/2","2/2","2/1","1/1","2/1","2/2","1/2","1/1","1/1","1/2","2/1","1/1","1/1","1/2","2/2","2/1","2/1","2/1","1/1","2/1","1/2","1/2","1/2","2/2","2/2","1/2","1/2","2/2","2/1","1/2","2/1","2/2","2/2","2/1","2/2","1/1","1/1","2/2","2/1","2/1","1/1","2/2","1/2"
"IND0013","2/2","2/1","1/1","1/1","1/2","2/2","1/2","2/2","2/1","1/1","2/2","2/1","2/1","1/1","1/1","1/1","2/1","1/1","1/2","1/2","1/1","1/1","1/1","1/1","2/2","1/2","1/1","2/2","2/1","1/2","1/1","2/2","2/2","2/1","1/2","1/1","2/2","2/1","1/1","1/1","1/1","1/2","1/1","1/2","2/2","2/2","2/2","1/1","1/2","1/2","2/1","1/1","1/2","2/2","2/2","1/1","1/2","2/2","2/2","1/1","1/1","1/1","2/1","2/1","2/1","1/1","1/2","2/2","2/2","2/1","1/1","1/2","2/2","2/1","2/1","2/1","2/1","2/1","1/1","1/2","2/1","1/1","1/1","2/2","1/2","2/1","2/2","2/1","1/1","2/1","1/2","2/1","2/2","2/1","1/1","1/2","1/1","1/1","1/1","1/2","2/1","2/2","1/1","1/2","2/1","2/2","2/2","1/2","1/2","2/2","2/2","2/2","2/1","2/2","1/1","2/1","2/2","1/1","2/1","2/1","2/2","2/2","2/1","1/1","2/1","1/1","2/1","1/2","2/2","1/2","1/1","2/1","2/1","2/1","2/1","2/2","2/2","2/2","2/1","1/2","2/2","1/1","1/2","1/2","1/1","1/1","1/1","2/2","1/2","2/2","2/1","2/1","1/2","1/2","2/2","2/1","2/1","2/1","2/1","2/2","1/1","2/2","2/2","2/1","2/2","1/2","2/2","2/1","2/2","1/1","2/1","2/1","1/2","1/1","2/1","2/1","2/2","2/1","2/2","1/1","1/1","2/1","1/1","1/2","2/2","2/1","2/2","2/2","2/2","1/2","1/2","2/1","2/2","2/1","2/1","2/1","2/1","2/1","2/1","2/1","2/2","1/1","2/2","2/2","4/3","2/2","2/2","2/2","1/2","2/2","2/1","2/1","2/2","1/1","1/2","1/1","2/1","1/1","1/1","2/2","1/1","1/1","2/2","2/2","1/2","2/1","2/2","2/2","1/1","1/1","1/2","2/1","1/1","1/2","2/2","1/1","1/2","2/1","2/1","1/2","1/2","1/2","1/1","2/2","1/1","1/2","1/1","2/2","1/2","1/1","1/2","2/1","2/2","2/2","2/2","2/2","2/2","2/1","1/1","1/1","1/1","2/1","2/1","1/2","1/2","1/1","1/2","2/1","2/1","2/2","1/1","2/2","2/2","1/2","1/2","1/1","2/2","1/1","3/2","2/2","1/1","2/2","2/2","1/2","2/2","1/1","1/2","2/1","2/1","2/1","2/1","2/1","2/2","2/2","1/1","2/2","1/2","1/2","2/2","1/1","2/2","2/2","1/2","4/3","1/2","1/2","1/1","2/1","2/2","2/2","2/1","1/2","1/2","3/4","1/1","2/1","1/1","2/2","2/1","2/2","2/2","1/2","1/2","1/1","2/2","1/1","2/2","1/2","2/1","2/2","2/1","1/2","1/1","1/2","2/2","2/2","2/2","1/1","1/2","1/1","2/2","1/2","2/1","2/2","2/2","2/2","2/2","1/1","2/2","2/2","2/1","1/2","2/1","2/2","1/1","1/2","2/1","1/1","1/2","2/1","2/2","2/1","1/1","2/1","2/2","1/2","2/2","2/1","2/2","1/2","2/2","1/2","2/1","1/2","1/1","1/1","2/2","1/2","2/2","1/1","1/2","4/1","1/2","1/1","1/1","1/1","1/1","1/2","2/2","2/2","1/2","2/2","2/2","1/1","1/1","1/1","1/2","2/2","2/2","2/1","1/1","1/2","2/1","1/2","2/1","2/2","1/2","1/2","1/2","1/2","1/2","2/2","2/2","1/1","2/2","1/2","2/2","1/1","2/1","2/1","1/2","1/2","1/2","2/2","1/2","1/1","1/2","2/2","2/2","1/2","1/2","2/2","1/1","1/2","1/1","2/2","1/1","2/1","2/1","1/2","1/1","2/1","1/1","1/2","2/2","1/1","2/1","2/2","2/2","1/1","1/1","2/2","1/1","2/2","2/1","1/1","2/2","1/1","1/2","2/2","1/2","1/2","1/2","2/1","2/2","2/1","1/1","2/2","1/2","2/1","1/2","2/2","2/1","1/2","2/2","2/2","1/2","2/1","2/2","1/1","2/2","1/1","1/2","1/2","1/2","2/1","1/1","2/2","1/2","2/1","1/1"
"IND0014","1/1","2/1","1/1","2/1","2/1","1/1","2/1","1/1","1/1","2/1","2/1","1/1","1/1","1/2","2/1","1/1","2/2","2/1","2/1","2/1","2/1","2/1","2/1","1/2","1/1","2/1","1/1","2/2","1/2","1/1","2/1","2/1","1/1","1/1","2/2","1/1","2/1","2/1","1/1","2/1","1/1","2/2","2/2","1/1","2/1","2/1","1/2","1/2","2/2","1/1","1/1","2/1","2/2","2/1","1/2","1/1","1/2","1/1","1/1","1/1","2/2","1/2","2/1","1/1","2/1","2/2","2/2","1/1","1/1","1/1","2/2","1/1","2/1","2/2","1/2","2/1","1/2","1/1","1/2","1/1","2/1","1/1","1/1","2/2","2/2","1/2","1/1","1/1","2/1","2/1","2/2","2/1","1/2","2/1","2/1","2/2","1/2","2/1","2/2","1/1","1/1","1/1","2/2","1/2","2/1","1/1","1/1","1/2","2/1","1/1","1/1","1/1","2/2","1/1","1/1","2/2","2/2","1/2","2/1","2/1","2/2","1/2","1/2","1/2","2/1","1/2","4/3","1/2","2/2","2/1","2/2","1/2","2/1","2/2","2/2","1/2","1/1","1/1","1/2","1/1","1/1","1/2","2/2","1/1","2/1","1/2","2/1","1/1","1/1","1/2","1/2","2/1","1/2","2/2","1/1","1/2","2/2","2/1","1/2","2/2","2/1","2/2","2/1","1/2","2/2","1/2","1/2","1/1","1/2","1/1","1/2","1/2","2/1","1/2","2/2","2/1","2/1","1/1","2/1","1/2","1/2","2/1","2/1","2/1","1/1","1/1","2/2","2/1","1/1","2/2","1/2","2/1","1/1","2/2","1/2","2/2","2/2","2/1","1/1","2/3","1/2","1/1","2/1","2/1","2/4","2/1","2/2","1/1","1/2","1/2","2/2","2/2","2/1","1/2","1/2","2/1","2/1","1/2","1/2","2/2","2/1","1/2","2/2","2/2","2/2","1/2","1/2","1/2","1/2","1/2","1/1","2/1","2/1","2/1","2/2","1/1","1/1","2/2","2/1","2/2","1/1","1/1","1/2","1/2","2/1","2/1","1/1","2/2","2/1","1/2","1/2","1/1","1/2","2/1","2/2","2/2","1/2","2/2","1/1","1/1","2/1","2/2","1/1","2/1","2/1","2/2","1/2","2/1","2/1","1/2","1/2","1/2","1/2","1/2","1/2","2/2","1/2","1/2","3/3","2/1","2/2","1/2","2/1","2/1","2/2","2/2","2/2","1/2","2/2","2/1","2/1","2/1","1/2","2/1","1/2","1/2","1/2","2/2","1/1","1/1","2/2","1/2","1/1","2/1","2/2","2/1","1/2","1/2","1/1","2/1","1/1","1/2","1/2","1/1","1/2","1/2","1/3","1/1","1/2","2/2","2/1","2/1","1/2","1/2","1/1","1/2","1/2","1/2","1/2","1/2","2/2","2/1","1/2","1/2","2/1","1/2","2/2","2/2","1/2","2/2","1/1","2/1","2/1","2/1","2/2","1/1","2/1","2/1","2/2","2/1","2/1","1/2","1/2","1/1","1/2","1/2","2/2","2/2","2/2","1/1","1/2","1/1","2/2","1/2","1/1","1/1","2/1","1/1","1/2","2/1","2/2","2/1","2/1","2/2","1/2","1/1","1/2","1/1","2/1","1/1","1/2","4/4","2/1","2/2","1/1","2/2","1/2","1/2","1/2","4/3","2/1","1/2","2/2","2/2","1/1","1/2","2/2","1/2","1/1","1/1","1/2","2/2","2/2","2/1","2/2","2/2","2/2","1/2","2/1","1/2","2/1","2/1","1/2","2/2","1/1","1/2","2/2","1/1","2/1","2/2","2/1","1/2","1/1","1/1","1/1","2/2","2/2","2/1","1/1","1/1","2/1","2/2","1/2","1/2","2/2","1/2","2/2","2/1","2/1","1/2","1/1","2/2","2/2","2/2","2/1","2/2","2/1","2/1","2/2","2/1","2/2","2/1","2/1","1/1","1/2","1/2","2/2","1/1","1/1","2/1","2/1","1/1","1/2","1/1","1/1","2/2","1/2","1/2","2/2","2/1","2/1","2/1","2/2","1/1","2/1","1/2","1/2","2/2","1/1","1/1","2/2","1/2","2/2","1/2","1/2","2/2","2/2","1/2","2/1","1/2","1/1"
"IND0015","2/1","2/1","1/2","1/1","2/2","2/2","2/1","2/1","2/2","1/1","2/1","1/1","1/1","1/1","1/1","1/2","1/1","1/1","2/1","1/2","1/1","2/2","1/1","1/2","2/1","1/1","1/2","2/2","2/1","1/2","2/1","2/1","2/1","1/1","2/2","2/1","2/2","2/1","2/1","2/2","1/2","2/2","1/1","1/1","2/1","2/2","2/1","1/2","2/2","1/1","1/2","2/2","2/1","2/1","1/1","2/2","1/1","2/2","1/2","1/1","2/2","1/2","2/1","1/1","2/1","2/2","1/1","1/1","1/2","1/1","1/2","1/2","1/2","2/2","1/1","1/2","2/1","2/1","2/2","2/1","2/2","1/1","1/1","2/1","1/1","1/2","2/1","2/2","2/1","2/1","2/2","2/1","1/2","1/2","2/2","1/2","2/2","1/2","1/2","1/2","1/2","2/1","2/2","1/2","1/1","1/1","1/1","2/2","1/2","2/2","1/1","2/2","2/1","2/1","2/2","2/1","2/1","2/2","2/1","1/2","1/2","1/1","1/1","2/1","2/1","1/2","3/2","2/2","1/2","2/2","1/1","2/2","1/2","2/1","1/2","1/1","2/2","2/2","2/2","2/2","2/1","2/2","2/1","1/1","1/2","2/1","1/2","2/2","2/1","1/1","1/2","2/2","2/1","1/1","2/1","1/1","2/1","1/2","2/1","2/1","1/2","1/2","2/1","1/2","1/2","2/2","1/1","1/2","2/2","2/2","2/1","1/2","2/1","2/2","1/2","2/2","2/2","1/2","2/1","1/1","2/1","2/2","1/1","1/2","1/1","1/2","1/2","2/1","1/2","2/2","2/2","1/2","1/2","2/2","2/1","2/2","1/1","1/1","1/2","4/1","2/1","2/1","2/2","2/2","4/2","1/1","2/1","1/1","1/2","1/1","1/1","2/2","1/1","1/2","1/2","1/2","1/2","1/1","2/2","2/1","2/2","2/1","2/2","1/1","1/1","1/2","1/1","1/1","2/1","1/2","1/2","1/1","2/2","2/1","2/1","1/2","2/1","1/1","1/2","1/2","1/2","2/2","1/2","1/2","2/2","1/2","1/2","2/2","2/2","2/1","2/1","1/1","1/1","2/2","1/1","1/2","2/2","1/2","1/2","2/1","2/1","1/1","2/1","2/1","1/2","1/2","1/1","1/2","2/2","1/1","2/1","2/2","1/1","2/2","1/2","2/2","1/1","1/2","3/2","1/2","2/2","2/2","2/1","1/2","1/1","2/1","2/2","2/2","2/1","1/2","2/2","2/1","2/1","2/1","1/1","2/2","2/2","1/1","1/2","1/2","1/1","1/2","2/2","1/2","1/2","1/2","2/1","2/2","2/2","1/2","1/1","2/1","2/2","3/4","2/1","1/1","4/3","2/1","1/2","1/2","1/1","2/2","1/1","2/2","2/1","1/2","1/1","1/2","1/2","1/2","1/1","2/1","1/2","1/1","1/2","2/1","1/1","1/1","2/1","2/1","2/1","2/2","2/1","1/2","1/1","2/2","1/2","2/1","2/2","2/2","1/1","1/2","1/2","1/2","2/2","2/2","2/1","2/2","2/1","1/1","1/2","2/1","2/2","1/2","1/2","1/1","2/2","1/1","1/1","1/2","1/1","1/2","2/1","1/1","2/2","2/1","2/1","1/1","1/2","1/1","2/2","2/3","2/1","1/2","1/2","1/1","1/2","2/1","1/1","4/3","2/1","2/2","1/1","1/2","2/2","1/1","1/2","2/2","1/2","1/1","2/2","1/1","1/2","2/1","2/2","2/1","1/2","1/2","2/2","2/1","1/2","2/1","1/2","1/2","1/2","2/2","1/1","1/1","1/2","2/1","1/1","1/2","1/2","1/1","2/1","2/2","2/2","1/1","2/1","1/2","2/1","1/1","1/2","2/2","2/1","2/1","1/2","1/1","2/1","1/1","1/1","2/2","1/1","1/2","2/1","1/1","1/1","2/1","1/2","2/1","2/1","1/1","2/1","2/1","2/2","2/1","2/1","2/1","2/2","2/1","2/1","1/1","1/1","2/2","1/2","1/2","2/1","2/1","1/1","1/1","2/1","2/2","2/2","1/1","1/2","2/2","2/2","1/2","1/2","2/2","1/2","2/1","1/2","1/1","1/2","2/2","1/2","1/2","1/2","1/2","1/1"
"IND0016","1/2","1/1","1/1","2/1","2/1","2/1","2/2","2/1","1/2","1/1","1/1","2/1","2/2","1/1","1/1","1/2","2/2","2/2","2/2","1/2","1/1","1/2","1/2","2/1","1/2","2/2","2/2","2/1","1/1","1/2","1/1","2/1","1/1","2/2","2/2","1/2","2/2","2/1","2/2","1/2","2/1","2/2","2/1","1/1","1/2","2/1","2/1","1/1","1/1","1/1","1/1","1/1","1/1","1/2","1/2","2/2","2/1","1/1","2/2","1/1","2/1","1/2","2/1","1/1","2/2","2/2","1/1","1/1","2/1","2/2","2/1","1/1","1/2","1/1","1/1","1/2","2/2","2/2","1/2","1/2","2/1","2/1","1/1","1/1","1/2","2/2","2/1","2/1","2/1","1/1","2/1","1/1","1/2","2/2","2/2","2/2","2/1","2/1","2/1","2/2","1/1","2/2","2/2","2/2","1/2","2/1","2/1","1/1","1/2","2/2","2/2","2/2","2/1","1/1","2/2","1/2","2/2","2/2","1/1","2/1","1/1","1/1","1/2","1/2","1/2","2/1","3/1","1/1","1/1","1/2","1/1","2/1","2/1","1/2","2/1","1/2","2/2","2/2","1/2","1/1","1/1","1/2","2/2","1/2","2/1","1/2","1/2","2/2","2/1","2/1","2/2","2/2","2/2","2/1","1/1","2/2","1/1","1/1","2/2","1/2","1/1","2/1","1/2","2/2","2/1","2/1","1/1","1/2","1/2","2/1","2/1","2/1","1/2","1/2","1/2","2/2","1/2","2/2","2/2","1/2","1/2","1/2","2/2","2/2","1/2","1/2","2/2","2/2","2/1","1/1","2/2","1/1","2/2","2/1","2/1","1/1","2/1","2/1","2/2","1/1","1/2","2/2","1/1","1/2","3/4","2/1","2/1","2/2","2/2","1/2","1/1","1/2","2/1","1/2","1/1","2/2","1/1","2/2","1/1","1/1","1/2","1/1","2/2","1/1","2/2","1/1","1/2","1/1","1/2","2/2","2/2","1/1","1/2","2/2","2/2","1/1","1/1","2/1","1/2","1/1","2/1","2/2","1/2","2/2","1/2","2/1","2/2","2/1","2/1","1/2","1/2","1/1","1/2","1/1","1/2","2/1","2/1","2/2","2/2","2/2","2/2","1/2","1/2","2/1","1/2","1/2","1/2","2/1","2/1","1/2","1/2","1/1","1/1","1/2","1/1","1/1","1/2","1/2","2/3","2/1","1/2","1/2","2/1","2/1","1/1","2/1","1/2","1/1","2/2","1/2","1/1","2/1","2/2","2/2","2/1","2/1","1/1","1/2","1/1","1/1","2/2","2/2","1/2","1/2","2/2","1/2","2/2","2/2","2/2","2/1","1/2","2/1","1/2","2/4","1/2","1/2","3/4","2/2","2/1","1/2","1/2","1/1","1/2","2/2","2/2","1/2","1/2","1/2","1/2","2/2","1/2","1/2","2/1","1/1","2/2","1/2","2/2","1/1","1/2","1/1","2/2","1/2","2/2","1/2","1/2","2/2","1/2","1/1","1/1","1/1","2/1","1/1","2/2","1/2","1/2","2/2","1/1","1/2","1/1","2/2","1/1","1/2","1/2","1/2","1/2","2/2","1/2","1/2","1/1","1/2","1/2","1/2","1/2","1/2","2/2","2/2","1/1","2/1","1/1","1/1","1/2","3/4","2/2","2/2","1/1","2/1","1/1","1/2","1/1","4/3","2/1","2/1","2/1","2/1","2/2","1/1","1/2","1/1","2/1","2/2","1/2","1/2","1/2","1/2","1/2","2/1","2/1","1/2","1/1","2/1","1/1","1/2","2/1","2/1","2/2","1/1","2/2","2/1","2/2","2/2","2/2","2/2","1/2","1/2","1/2","2/2","2/1","2/2","2/1","2/2","2/2","1/1","1/2","1/1","2/2","2/1","2/2","2/2","2/1","2/2","2/1","1/1","1/1","2/1","1/1","1/2","2/1","1/2","1/1","2/2","1/2","1/2","2/2","1/2","2/1","2/2","1/2","2/2","1/2","1/2","2/1","2/1","2/1","2/1","1/1","2/2","2/2","1/2","1/2","2/1","2/2","1/2","1/2","1/1","1/2","1/1","1/1","2/1","1/2","2/1","1/2","1/2","2/2","2/1","2/2","2/1","2/2","1/2","2/1","1/2","2/1"
"IND0017","1/2","1/1","2/2","1/1","2/1","2/2","2/1","1/2","2/2","1/2","1/2","2/2","1/2","1/2","1/2","1/1","2/2","1/1","2/2","2/2","1/1","2/2","2/2","2/2","1/2","2/2","1/1","1/2","1/1","1/1","2/1","1/1","1/2","2/1","2/1","2/1","1/2","2/2","1/2","2/2","2/2","2/1","1/2","2/2","1/1","1/2","1/1","2/2","2/2","1/1","2/1","2/2","1/1","1/2","2/1","1/2","1/2","2/1","1/2","2/1","2/1","2/2","2/1","2/1","1/2","2/2","1/1","1/2","2/2","1/1","2/1","1/2","1/2","1/2","2/1","2/1","2/1","1/2","1/2","2/2","2/1","1/1","2/2","2/1","2/2","2/1","1/2","2/1","2/2","2/2","1/1","1/1","1/1","2/1","1/1","1/1","1/2","2/1","1/1","2/2","1/2","1/2","1/1","2/1","1/1","1/2","2/1","2/1","1/2","2/1","2/2","1/1","2/1","1/2","2/1","1/2","2/2","2/2","1/2","2/2","2/1","2/1","2/2","2/1","1/1","2/1","4/3","1/1","1/1","2/1","1/2","1/2","2/1","1/1","2/2","2/1","2/2","1/1","2/2","2/2","1/1","2/1","2/2","2/2","2/2","1/2","2/2","2/1","1/1","1/1","1/1","2/2","1/2","2/2","1/2","1/2","2/1","2/1","1/2","2/1","1/2","1/1","2/1","2/1","1/1","2/1","2/2","2/2","2/2","2/2","1/2","1/1","2/2","1/1","1/2","2/2","1/2","1/1","1/1","1/1","1/2","1/1","2/1","1/1","1/1","1/1","2/2","2/2","1/2","2/2","1/2","2/1","1/2","1/1","1/2","2/2","2/1","2/2","2/1","2/2","1/2","1/1","1/2","2/2","3/2","1/2","2/1","1/1","2/2","1/1","1/2","2/2","1/1","2/2","1/2","2/2","2/1","1/1","1/2","2/2","1/2","1/2","1/1","1/1","2/2","2/1","2/2","1/1","1/1","2/2","1/1","2/1","2/2","1/1","2/2","2/1","1/1","2/2","2/2","2/1","2/2","2/1","2/1","1/1","2/2","2/2","2/1","2/2","1/2","1/1","2/1","2/1","2/2","1/1","2/1","2/2","2/1","1/1","2/1","1/1","1/1","2/1","1/2","1/1","1/1","1/1","2/1","2/2","1/2","2/1","1/1","1/1","2/1","2/1","2/2","1/2","2/1","2/1","2/2","2/1","1/1","2/2","2/2","2/1","2/1","1/1","1/1","1/2","1/1","2/1","2/2","1/1","1/1","1/1","2/1","2/2","1/1","2/2","1/1","2/2","2/2","1/1","2/2","1/1","1/1","2/2","1/2","2/1","1/2","1/1","1/2","2/1","2/2","2/2","1/2","1/2","2/4","1/1","2/2","1/2","1/2","1/2","1/2","2/1","1/1","2/2","1/2","2/2","1/1","1/2","2/2","1/1","1/1","1/2","1/1","2/2","2/1","1/2","2/1","1/1","2/1","1/2","1/1","1/1","1/1","1/2","1/1","2/2","1/2","1/1","1/1","2/2","1/2","1/1","1/1","2/1","2/1","2/2","2/1","2/2","2/1","1/1","1/2","2/1","1/1","2/1","1/2","1/1","1/1","1/1","1/1","1/1","1/1","2/1","2/1","2/1","2/1","1/1","1/1","2/1","1/2","1/4","2/1","2/2","2/1","2/1","2/1","1/2","1/2","3/4","1/2","1/2","1/1","2/2","1/1","2/2","1/2","2/1","1/2","1/2","2/2","1/2","2/1","2/1","1/2","1/1","2/1","1/1","2/2","2/1","1/2","1/2","1/2","2/2","1/1","1/2","2/2","2/1","1/2","1/2","2/2","2/1","1/2","2/1","2/1","2/1","1/1","2/2","1/1","2/2","2/1","1/1","2/2","2/2","2/2","1/2","1/1","1/1","2/2","2/2","1/1","2/2","1/1","2/1","2/2","1/1","2/2","2/2","2/2","2/1","2/1","1/1","2/2","2/2","1/1","1/2","1/1","1/2","2/1","1/1","1/1","2/2","1/2","2/2","1/2","1/1","2/2","1/1","2/1","2/2","2/2","1/2","2/2","1/1","1/2","2/1","1/1","1/1","1/1","2/2","1/1","1/1","2/2","1/1","2/2","2/2","1/1","2/1","2/2","1/1","2/2"
"IND0018","1/1","2/2","2/1","1/1","1/1","2/1","2/1","2/1","1/2","2/2","1/1","2/1","1/2","1/1","1/1","1/1","2/2","2/2","2/1","1/2","1/2","1/2","2/2","1/1","1/1","1/1","2/2","1/2","1/2","2/2","2/2","2/2","1/2","2/2","2/1","2/2","2/1","1/2","1/1","2/1","1/2","2/2","2/1","2/2","2/1","1/1","1/1","1/1","2/1","1/1","2/1","2/2","1/2","2/2","1/2","1/2","2/2","1/1","2/1","1/2","1/2","2/1","2/1","2/2","2/1","1/2","1/2","2/1","2/1","1/2","1/2","1/2","1/2","2/2","2/2","1/1","2/2","2/2","2/2","1/1","2/1","1/2","1/2","1/2","2/2","1/2","1/2","1/1","1/2","2/1","1/2","2/1","2/1","2/2","2/2","2/1","1/2","2/2","1/2","1/1","2/2","1/1","2/1","2/2","2/1","2/1","1/2","1/1","1/1","2/1","2/2","2/2","2/2","2/1","2/1","1/1","2/2","1/1","1/2","2/2","2/1","2/2","1/1","1/1","2/2","2/2","1/1","2/2","1/1","2/2","2/2","1/2","1/1","1/1","1/2","1/2","2/1","1/1","1/2","2/2","2/1","2/1","2/1","2/2","1/1","2/1","1/2","2/2","1/1","2/1","2/2","1/2","2/2","2/2","1/1","2/1","1/1","2/1","2/1","1/2","2/2","2/1","1/2","2/2","2/1","1/1","1/2","1/1","2/2","1/1","2/2","1/1","2/1","2/1","1/2","1/1","2/1","2/1","2/1","2/2","1/1","1/1","1/2","2/2","1/2","1/1","2/2","1/2","2/2","2/2","1/1","1/1","1/1","1/2","2/2","2/1","1/2","1/2","1/1","1/4","2/1","2/1","2/1","2/1","1/1","1/2","2/2","2/1","1/2","2/2","1/2","2/2","2/1","1/1","2/1","1/2","1/1","1/1","2/2","1/1","1/2","1/1","1/1","2/2","1/2","1/1","1/2","1/1","2/1","2/1","2/1","2/1","2/1","1/2","2/1","1/1","2/1","1/1","1/1","1/2","2/1","2/1","2/1","2/1","2/1","2/2","1/2","2/2","2/2","2/2","2/2","2/2","2/1","1/1","1/2","1/1","1/1","2/2","2/2","2/1","1/2","1/1","1/2","2/1","2/1","1/1","1/1","1/2","2/1","1/2","2/2","2/1","1/1","2/1","2/2","1/2","1/1","2/1","2/2","2/1","2/2","2/1","1/2","1/1","2/2","1/2","1/2","2/2","2/2","1/1","1/2","2/1","2/2","2/1","2/2","1/1","1/2","1/2","1/2","1/2","2/2","1/1","2/2","2/3","2/2","2/1","1/1","2/2","2/1","2/1","2/2","2/2","2/2","2/3","1/1","2/1","3/2","1/1","2/2","1/1","2/1","1/2","1/2","2/1","1/1","2/2","1/2","2/1","1/2","2/1","2/1","1/2","2/2","2/1","1/2","1/1","2/1","2/1","2/2","1/1","2/1","2/1","2/2","1/1","1/2","2/1","2/1","2/2","2/2","1/2","2/1","1/1","2/1","2/1","2/1","1/2","2/2","2/2","2/2","1/1","2/1","1/1","1/1","2/2","1/2","1/1","2/2","1/1","2/2","2/1","2/2","1/2","1/2","2/2","1/1","2/2","1/2","2/2","1/2","2/2","1/2","3/4","2/1","2/2","1/1","2/2","2/2","2/1","2/1","3/3","1/2","2/1","1/1","1/2","2/1","2/1","2/1","2/1","1/2","1/2","2/1","2/2","1/1","1/2","1/2","1/1","1/2","2/2","1/2","2/1","2/1","2/1","2/1","2/2","1/1","2/1","2/2","2/2","2/1","1/2","2/2","2/1","2/2","1/2","1/2","2/2","2/2","2/1","2/2","1/2","2/1","2/2","1/1","1/1","2/1","1/2","2/2","2/2","2/2","1/1","1/2","2/1","2/2","2/1","2/2","1/1","1/2","1/2","1/1","2/1","2/2","2/2","2/1","1/2","1/2","1/1","2/2","1/2","2/1","2/1","1/1","2/2","2/1","2/1","2/1","2/1","2/2","1/2","2/1","1/2","1/2","2/1","2/2","2/2","1/2","1/1","1/2","2/1","1/1","1/1","1/2","2/2","2/2","2/2","1/1","2/2","1/2","1/2","2/2","2/1","2/2"
"IND0019","1/2","1/1","1/2","1/2","1/2","2/2","1/1","1/1","1/2","2/1","1/1","1/2","2/1","2/1","1/1","1/1","2/2","2/2","1/2","1/2","1/2","2/1","1/1","1/2","2/1","1/2","1/1","1/2","2/2","2/2","1/1","1/1","2/2","1/1","2/2","1/1","2/2","1/2","2/1","1/2","1/2","2/2","2/2","2/1","1/2","2/2","1/1","1/2","1/2","1/1","2/2","2/2","1/1","2/1","1/1","1/2","2/1","1/1","1/1","1/1","1/1","1/1","1/2","1/2","2/2","1/2","1/1","2/1","2/1","2/1","2/2","2/1","2/1","2/1","1/2","1/2","2/2","2/2","1/2","1/1","2/2","2/1","1/1","2/1","1/1","2/1","1/2","2/2","2/1","1/1","2/1","1/1","1/1","1/2","2/2","2/2","1/1","2/1","1/2","2/2","1/2","1/2","1/2","2/2","1/2","1/2","2/1","2/1","2/1","1/2","2/1","1/2","2/2","2/1","2/2","2/1","1/1","1/2","1/2","2/2","1/1","2/2","2/1","2/2","2/2","1/1","4/1","2/1","1/1","2/1","2/2","1/1","1/2","2/2","1/1","1/1","2/2","1/1","2/2","2/2","2/1","2/1","1/2","2/1","2/1","2/1","2/2","2/1","1/1","1/1","2/1","1/2","2/1","1/2","1/1","1/1","1/1","2/2","2/1","2/1","2/1","2/2","1/1","1/1","2/2","1/1","2/1","1/2","1/2","2/2","2/1","2/2","1/1","1/2","2/1","1/2","1/1","2/2","1/1","1/1","2/2","2/2","2/2","2/2","1/2","1/1","1/1","2/2","2/2","2/1","1/1","1/1","1/2","1/2","2/2","1/2","2/2","2/2","2/2","3/4","2/2","1/2","1/1","2/2","4/2","2/2","1/1","2/1","2/1","1/1","2/1","1/1","1/1","2/2","2/2","2/2","1/1","1/1","2/2","1/1","2/1","1/2","1/2","2/1","1/2","2/1","1/2","1/2","2/1","1/1","1/2","2/2","1/1","2/2","2/1","1/1","1/2","2/1","1/2","2/2","1/1","2/2","1/2","1/2","2/2","1/2","1/1","2/1","1/2","2/2","1/2","2/2","2/2","2/1","2/2","2/2","1/2","2/1","2/2","2/2","2/1","1/2","2/2","2/2","1/2","1/2","1/2","1/2","1/2","1/1","2/2","1/1","2/2","1/2","1/1","2/1","2/2","2/2","2/4","1/1","2/1","1/1","1/2","1/1","2/2","2/2","2/1","1/2","1/2","2/2","1/2","2/1","2/1","1/1","1/1","1/1","2/2","2/1","1/2","2/1","2/2","2/2","1/2","4/4","2/2","1/2","2/2","1/2","1/1","2/1","2/2","2/1","1/1","1/1","2/1","2/1","3/1","1/2","1/2","1/1","2/2","1/1","2/2","1/1","2/2","2/1","2/2","1/1","1/2","1/1","2/2","1/1","2/1","2/2","1/2","2/1","2/2","2/2","1/2","2/2","2/1","1/2","2/2","2/1","1/1","1/1","2/1","2/1","2/2","1/1","2/2","2/1","2/1","2/2","2/2","2/2","2/1","1/1","2/2","1/1","2/1","2/1","1/2","2/1","2/2","1/1","2/1","2/2","2/2","2/1","1/2","2/2","1/1","2/1","1/2","1/1","2/1","1/1","2/1","2/1","2/1","1/2","1/1","2/1","1/1","1/2","2/1","2/1","2/1","2/4","1/1","2/1","2/1","2/2","1/1","2/1","2/1","2/2","1/2","1/2","1/2","2/1","1/1","1/2","2/1","1/2","2/2","1/1","1/2","1/1","1/2","1/1","2/1","2/2","1/2","2/1","1/2","2/1","2/2","2/2","2/2","1/1","2/1","1/1","2/2","1/1","1/1","2/2","2/1","1/2","2/1","2/2","2/1","2/1","1/1","2/1","1/1","1/2","1/1","2/1","1/1","2/2","1/2","2/2","2/2","1/2","1/1","1/2","2/1","1/1","1/2","2/2","2/1","2/1","1/1","1/1","2/1","1/2","1/1","1/1","1/1","2/1","2/1","1/1","2/1","2/2","2/1","1/1","2/1","1/2","1/2","1/2","1/1","2/1","2/2","1/2","1/2","2/2","2/2","2/1","2/2","1/2","1/2","1/2","1/1","1/2","1/1","2/1","2/1","1/1","1/2"
"IND0020","1/1","1/2","1/1","2/1","2/1","2/1","1/1","1/2","1/1","1/1","2/2","1/1","2/2","1/2","2/1","2/1","2/1","2/2","2/1","1/2","2/1","1/1","2/2","2/2","1/2","2/1","2/1","2/1","2/2","2/1","2/1","2/2","2/1","1/1","1/1","2/1","2/1","1/1","1/2","2/2","1/2","2/1","1/1","1/2","1/1","1/1","2/2","2/1","1/2","2/1","2/1","1/1","1/2","2/2","1/1","2/2","2/2","1/2","2/1","2/1","2/1","1/1","1/1","2/1","2/2","2/1","2/1","2/1","1/2","1/2","1/1","1/1","1/1","2/2","1/2","2/1","2/2","2/2","1/2","2/1","2/2","2/1","1/2","1/2","1/2","2/2","1/2","2/2","1/2","1/2","1/1","2/2","1/1","2/1","1/1","1/1","1/2","2/1","2/2","2/2","1/1","2/2","2/2","1/1","2/2","1/1","2/1","2/2","2/2","1/2","2/1","2/1","1/2","2/1","1/2","1/1","1/1","2/2","1/1","1/1","2/1","1/1","1/2","1/2","2/2","2/1","3/4","1/1","2/1","2/2","2/1","2/2","2/1","1/2","1/2","2/2","2/2","2/2","2/1","2/1","2/1","2/1","2/1","1/2","2/1","1/2","2/2","2/2","1/1","1/2","2/2","1/2","2/2","1/2","2/2","1/1","2/2","1/1","1/1","1/1","2/1","2/1","2/1","1/1","2/1","1/1","1/1","2/1","1/1","1/2","1/1","2/1","2/2","2/2","1/2","2/2","1/1","2/2","2/1","2/1","2/2","1/2","1/2","1/2","1/2","1/1","2/1","2/1","1/1","2/2","2/1","1/1","2/1","2/2","2/1","2/2","2/1","1/2","2/1","4/3","2/1","1/2","2/1","2/1","3/4","1/2","1/2","2/2","2/2","2/2","1/2","1/2","2/2","2/2","2/1","1/1","1/2","2/1","1/1","1/1","1/1","2/1","2/1","2/2","1/2","1/2","2/1","1/1","1/1","1/2","2/2","2/1","2/1","2/2","1/1","1/1","2/1","2/2","1/1","1/2","1/1","1/1","1/2","2/2","2/2","2/1","2/2","2/1","1/2","2/2","2/1","1/2","1/2","2/2","1/2","1/2","1/2","2/1","1/1","2/2","2/2","2/1","1/1","2/1","1/2","2/2","2/1","2/1","2/1","1/2","1/1","2/2","1/2","2/1","2/2","2/1","1/2","2/1","1/2","1/2","2/2","1/1","1/2","1/2","1/1","1/1","2/1","1/2","1/2","2/2","2/2","2/2","1/2","2/2","1/1","1/2","2/2","2/2","2/1","2/1","1/2","1/2","2/1","2/1","1/1","1/1","1/2","2/1","2/1","2/2","1/1","2/1","2/1","4/4","2/2","1/2","1/3","1/2","1/2","1/1","1/2","2/1","1/2","2/2","1/1","2/1","2/2","1/2","2/2","2/2","1/1","1/2","1/1","1/2","2/2","2/2","1/2","1/1","2/2","2/1","1/1","1/2","2/2","1/1","2/1","1/2","1/1","2/2","1/1","1/1","1/1","1/2","2/1","1/2","1/1","2/2","1/2","2/1","1/1","1/2","2/2","2/1","1/1","1/1","2/1","1/2","1/1","1/1","2/2","1/1","2/1","2/2","1/1","2/2","2/1","1/1","1/2","1/2","1/2","2/2","1/2","1/3","1/2","2/1","1/1","1/1","1/1","2/1","1/2","1/2","2/2","2/1","2/2","1/1","1/1","2/1","2/2","1/1","1/2","1/2","1/1","1/1","1/1","1/2","2/1","2/1","1/1","2/2","1/1","1/1","2/2","2/1","1/2","1/1","2/1","2/2","2/2","1/1","1/2","1/2","1/1","1/1","1/2","1/2","1/1","2/1","1/1","1/2","2/2","2/2","1/1","2/2","1/2","1/1","1/1","2/2","2/2","2/1","2/2","2/1","2/1","1/1","2/1","1/1","1/2","2/2","2/1","2/1","2/2","1/1","1/2","2/2","2/1","2/1","2/1","1/1","1/2","2/2","1/1","1/1","1/1","2/1","1/1","2/1","1/2","2/2","1/1","1/2","1/1","2/1","1/1","1/1","2/1","1/2","2/2","1/2","2/2","2/2","2/2","1/1","1/1","1/1","2/2","2/2","2/2","1/2","2/1","2/2","2/2","1/1","2/1"
"IND0021","2/1","1/2","2/2","1/2","1/1","1/2","1/2","1/2","1/1","2/2","1/2","1/2","1/2","2/2","2/1","2/1","1/1","1/2","2/1","2/2","1/1","1/1","2/2","1/2","1/1","1/1","1/2","1/1","1/1","2/2","2/1","2/1","1/1","1/2","2/1","1/1","1/2","1/1","2/1","1/2","1/1","2/2","1/1","1/1","1/2","2/1","1/1","1/1","2/2","1/2","2/1","1/2","2/1","2/1","1/2","2/1","1/1","2/2","2/1","1/2","2/2","1/1","2/2","1/2","2/2","2/1","1/1","2/1","1/2","2/2","2/1","1/1","2/1","1/1","2/1","2/1","2/2","1/1","1/1","2/1","2/2","2/1","2/1","2/2","2/1","1/2","2/1","1/1","2/1","2/2","2/2","1/2","1/2","1/2","1/2","2/1","1/2","2/1","1/1","2/2","1/1","1/1","1/2","2/1","1/1","1/2","1/1","1/1","2/2","1/1","2/1","2/1","2/2","1/1","2/1","1/2","2/2","1/1","1/2","2/1","2/1","2/1","1/2","1/2","2/1","2/2","2/3","2/1","2/1","2/2","1/2","2/1","1/1","2/2","1/2","1/2","1/1","2/2","2/1","1/2","1/1","1/2","2/1","1/2","2/1","1/1","2/2","1/2","1/1","1/2","1/1","1/1","1/1","1/1","2/2","1/2","1/2","1/1","2/1","2/1","2/1","2/2","1/2","2/1","1/1","2/2","2/1","1/2","2/1","2/2","2/2","2/2","1/2","1/2","2/1","2/1","1/2","2/2","1/1","1/2","1/1","2/2","2/2","2/2","2/2","2/2","1/1","1/1","2/1","2/2","1/1","1/1","1/2","2/2","1/1","1/2","1/2","2/1","2/1","1/2","2/1","2/2","2/2","2/1","4/2","2/2","1/1","1/2","1/1","1/1","1/1","1/1","1/1","1/2","2/1","2/1","1/1","1/2","1/1","2/2","1/2","2/1","1/2","2/2","1/1","2/1","1/2","1/2","1/1","1/2","1/2","1/2","1/1","1/2","1/1","1/1","1/1","2/1","2/1","1/2","1/2","1/2","1/1","2/1","1/2","1/1","2/1","2/2","1/1","1/1","2/2","2/1","1/1","1/1","2/1","2/1","2/2","2/1","2/1","1/1","1/1","2/2","1/1","1/1","2/1","1/1","1/2","2/1","2/2","1/1","1/1","2/1","2/2","1/2","1/2","2/1","1/1","2/1","1/1","2/1","2/2","1/1","2/2","2/1","1/1","2/1","2/1","1/2","1/1","2/2","1/1","2/2","1/1","2/1","1/2","1/1","1/2","2/2","1/2","1/1","1/2","1/1","2/1","3/2","2/2","1/2","2/2","2/2","2/2","1/1","1/2","1/1","1/2","4/4","1/2","2/1","3/2","2/1","1/2","2/1","1/2","1/1","2/1","1/1","1/1","1/2","1/2","1/2","2/2","2/1","1/2","1/2","1/2","2/1","1/1","1/1","2/2","2/2","1/1","2/2","1/1","2/1","2/2","1/1","2/1","1/1","1/2","2/1","2/2","2/2","2/2","1/1","1/1","2/2","2/2","1/2","2/1","1/2","2/1","2/1","1/2","1/1","2/2","2/2","2/2","2/2","1/2","1/2","2/2","1/1","2/2","2/2","1/2","1/1","1/2","2/2","1/2","1/1","1/2","1/1","2/1","1/1","1/1","1/2","2/2","2/1","2/2","2/1","1/1","4/3","1/2","2/2","1/2","2/1","2/1","2/2","2/1","2/1","2/1","1/1","2/2","2/1","1/1","2/2","2/2","2/1","2/1","2/1","1/2","1/2","1/2","1/1","1/2","1/1","2/1","2/1","2/2","1/2","2/1","1/2","1/1","2/1","1/1","2/1","2/2","2/2","1/1","2/2","2/2","2/2","2/2","2/1","2/2","1/1","1/2","1/2","1/1","2/2","2/1","1/2","2/2","1/2","1/2","1/2","1/1","1/1","1/1","1/1","2/1","1/1","2/2","2/1","1/1","2/2","1/2","1/2","2/1","1/1","2/1","2/2","2/2","2/1","1/2","1/2","2/2","1/2","1/1","2/1","1/2","1/1","1/1","2/1","2/2","2/1","2/2","1/2","1/2","2/1","2/1","1/2","2/1","1/2","1/2","1/2","2/1","2/2","2/2","1/1","1/2","2/2","2/1"
"IND0022","1/2","1/1","2/2","1/2","2/2","2/2","2/2","1/2","2/2","1/1","2/2","2/2","1/1","2/2","1/1","1/1","2/1","2/2","2/1","1/2","2/1","1/1","2/2","2/2","2/1","1/2","2/1","2/1","1/1","2/1","2/2","2/2","1/2","1/2","1/1","2/2","1/2","2/2","2/2","2/1","2/2","2/2","1/1","1/2","2/1","1/1","1/1","2/1","1/1","1/2","1/1","1/2","2/2","2/2","1/1","2/2","1/1","1/1","1/2","2/2","1/2","2/1","1/1","1/1","2/1","2/1","1/2","2/1","2/2","2/2","2/1","1/2","1/1","1/2","2/2","1/2","1/2","2/2","2/2","2/1","2/1","1/2","2/1","1/2","2/2","2/1","2/2","2/2","1/2","2/1","2/1","1/2","1/2","2/1","2/2","2/2","2/1","2/2","2/1","2/2","1/1","1/1","2/1","2/1","2/2","1/1","2/2","1/2","2/2","2/2","1/2","2/2","2/1","1/2","1/2","1/2","2/1","1/2","2/2","2/2","1/1","2/1","2/1","1/1","2/1","2/1","3/3","2/2","1/2","1/2","1/2","1/1","1/2","2/1","2/1","1/1","1/1","2/1","1/1","1/2","2/2","2/1","2/1","2/2","2/1","2/2","1/1","2/2","1/1","2/2","2/2","2/1","1/2","2/2","2/2","1/2","2/2","1/1","1/2","2/2","1/1","2/1","1/1","1/1","2/2","2/1","1/1","1/1","1/1","1/2","1/1","2/1","2/1","2/2","1/2","1/2","1/2","1/1","2/2","2/2","1/2","2/1","1/2","1/1","1/1","1/2","2/2","2/1","2/2","2/2","2/2","2/1","2/1","1/2","1/2","1/2","1/1","2/2","1/2","2/1","2/2","1/2","1/2","1/2","3/4","1/1","1/2","2/2","2/1","1/1","2/1","2/2","1/1","2/2","1/1","2/2","1/2","1/2","2/2","2/2","2/1","2/1","1/1","2/1","1/1","2/2","1/2","1/2","1/1","1/2","1/1","2/1","2/1","2/1","2/1","2/1","1/1","2/1","1/1","2/1","1/1","2/1","1/2","1/1","1/1","1/2","1/2","1/2","1/1","2/2","2/2","2/2","2/1","1/2","1/2","2/2","2/2","1/2","1/2","2/1","2/2","1/1","2/1","2/2","2/1","1/2","2/1","2/1","1/2","1/2","2/2","2/2","1/2","1/2","1/1","1/2","2/1","1/1","4/3","2/2","1/2","1/1","2/2","2/1","1/1","2/2","2/2","1/1","1/1","2/1","1/1","2/1","1/2","2/2","1/1","2/2","2/1","1/1","1/2","2/1","1/2","1/1","2/2","3/3","2/2","2/2","1/1","1/2","1/1","1/2","1/1","2/1","1/1","1/1","1/1","1/2","4/1","2/1","1/2","2/1","2/1","2/1","2/2","2/1","1/2","2/1","2/2","2/1","1/1","2/2","1/1","2/2","2/1","1/1","2/1","2/1","2/1","1/2","2/1","2/1","2/1","1/2","1/2","1/1","1/2","2/2","1/1","2/1","1/1","1/2","2/1","1/2","2/2","1/2","1/2","1/2","1/2","1/1","1/2","2/1","1/2","1/2","1/2","2/2","2/2","1/2","1/2","2/1","2/1","1/2","2/1","1/1","2/1","2/1","2/1","2/2","2/1","1/2","1/2","1/1","2/2","1/2","2/1","2/2","2/2","2/2","1/2","2/2","2/1","3/2","1/1","2/1","2/1","2/2","2/1","1/2","1/1","1/2","1/1","1/2","1/1","2/1","2/1","2/1","1/2","2/1","2/1","2/2","1/1","2/1","2/1","1/2","2/1","1/1","2/2","2/2","1/1","1/1","2/2","1/1","2/2","2/1","1/2","1/1","1/1","1/1","1/2","2/2","2/2","1/1","2/2","2/1","1/1","2/1","1/1","1/1","1/1","1/2","1/2","1/1","2/2","1/1","1/2","2/1","2/2","1/2","1/2","1/1","2/1","2/2","2/2","2/2","1/1","1/1","2/1","1/2","1/2","2/2","2/1","2/2","1/2","1/1","2/1","2/2","1/1","2/1","2/1","2/2","2/1","2/2","2/1","1/1","2/2","2/2","1/1","1/2","1/1","1/2","2/1","2/1","1/1","1/1","2/2","1/2","2/1","1/2","1/2","2/1","2/1","2/2","1/2"
"IND0023","1/1","1/1","2/2","1/1","2/2","2/1","2/1","1/2","1/2","2/2","1/2","2/1","1/2","1/1","1/1","2/1","2/2","1/1","2/1","2/2","2/2","1/2","1/2","1/2","1/1","1/2","2/2","1/2","2/2","2/2","2/1","1/1","2/1","2/2","2/1","1/1","2/1","1/1","2/2","2/1","2/1","1/2","2/1","2/2","2/1","1/2","1/1","1/1","1/2","2/2","1/1","1/2","1/1","1/1","2/2","1/1","2/2","2/2","2/1","2/2","1/2","2/1","2/1","2/1","1/2","1/1","2/2","1/2","1/1","1/1","2/2","2/2","2/2","2/2","2/2","1/1","1/2","1/2","1/2","2/1","2/1","2/1","1/1","1/2","1/1","2/2","1/2","1/1","1/2","1/2","1/2","2/2","2/1","1/1","1/2","1/1","2/2","1/2","2/1","1/2","1/1","2/1","2/1","1/1","2/1","2/1","2/1","2/1","1/2","2/1","2/2","1/2","2/2","1/1","2/2","2/1","1/1","1/1","1/1","1/1","1/2","1/1","1/1","2/2","1/2","2/2","1/2","1/1","2/1","1/1","2/1","2/1","1/1","2/2","1/2","1/1","1/1","1/2","1/2","2/2","2/1","1/2","1/2","1/1","2/2","2/1","2/2","1/2","2/2","1/2","2/2","1/1","2/2","2/1","1/1","1/1","1/2","2/1","1/2","2/2","2/1","2/1","1/2","2/2","1/2","1/1","1/1","2/2","2/2","1/2","1/1","2/2","1/1","1/2","1/1","2/2","1/1","2/1","2/1","2/2","1/1","1/1","2/1","1/1","1/2","1/1","2/1","2/2","2/1","1/1","2/1","2/2","1/1","1/1","2/2","2/2","2/1","2/1","2/1","1/3","1/1","2/1","2/2","2/1","2/3","2/2","1/2","2/1","1/2","2/1","2/1","2/1","2/2","2/1","2/2","2/1","2/2","2/1","2/2","2/2","2/2","2/1","2/1","2/1","1/1","1/1","1/1","1/1","1/2","2/2","2/1","1/2","2/1","1/1","2/2","2/2","2/1","1/1","2/2","2/2","1/2","1/1","2/2","2/1","1/1","2/1","2/2","1/1","2/2","2/1","1/1","1/1","1/2","1/2","1/2","1/2","2/1","2/1","1/2","2/1","2/2","2/1","2/2","1/1","1/1","1/2","2/2","2/1","2/2","1/1","1/2","2/1","2/1","1/2","1/1","2/1","1/1","1/2","1/2","1/2","1/2","2/1","1/2","2/2","1/2","2/1","1/2","2/1","2/1","2/1","2/1","1/1","1/1","2/1","2/1","2/1","2/1","2/1","2/2","2/1","1/1","1/1","1/2","1/2","2/1","1/2","2/2","2/2","1/1","2/2","2/2","2/2","2/2","2/2","1/2","1/1","2/2","2/1","1/1","2/1","2/2","1/2","1/1","2/2","1/1","2/1","1/1","1/2","2/1","2/2","1/1","1/2","2/2","1/1","1/1","2/1","1/1","2/2","1/1","1/1","1/2","2/2","1/1","2/1","1/1","2/1","1/2","2/2","1/2","2/2","2/1","2/2","1/1","2/2","1/1","2/1","1/1","1/2","1/2","2/2","2/1","1/2","1/2","1/1","2/1","1/2","2/1","1/2","1/1","1/1","2/2","2/1","2/2","1/1","2/2","1/1","2/1","2/2","2/2","2/1","1/1","2/1","2/2","2/1","2/2","1/2","1/1","2/1","2/1","1/2","1/2","2/1","2/2","1/2","2/2","2/2","1/2","1/2","2/1","1/1","2/2","1/2","1/2","1/2","2/1","2/2","2/2","1/2","1/2","1/2","2/2","1/1","2/1","1/2","2/1","1/1","1/2","2/2","2/2","2/1","2/2","2/1","1/2","1/1","2/1","2/2","1/2","2/2","2/2","2/2","1/1","1/2","1/1","2/1","2/2","1/1","1/2","1/2","2/2","2/1","1/1","2/2","2/2","2/2","2/2","2/1","2/2","1/2","2/1","1/2","1/1","1/1","1/2","1/1","2/2","1/1","2/1","1/2","1/2","1/2","2/1","2/2","1/2","2/2","1/2","2/1","2/2","2/1","2/1","1/1","1/1","2/2","2/2","2/2","2/2","1/1","1/1","2/1","1/2","2/1","2/1","1/1","2/1","1/2","1/1","1/1","1/2","2/1","2/2","2/1","1/2"
"IND0024","1/1","1/1","2/2","2/2","1/2","2/2","1/1","2/1","1/2","2/2","1/2","1/2","1/1","2/1","1/2","2/1","1/1","2/2","1/2","1/1","2/1","1/2","2/2","1/1","1/2","2/2","2/1","1/2","1/2","1/2","2/1","1/2","1/1","2/2","2/1","1/1","2/2","1/2","1/2","1/2","2/1","1/1","1/1","2/1","2/1","2/1","1/1","1/2","2/2","2/1","1/2","2/2","1/1","2/2","1/1","2/2","2/2","1/1","2/1","1/2","2/2","1/1","2/2","2/1","1/1","2/1","2/1","2/2","1/1","1/2","2/2","2/1","2/2","2/2","1/1","1/2","2/1","1/1","1/2","2/1","1/2","1/2","2/1","2/2","2/2","1/1","1/2","1/2","2/2","1/2","2/2","1/2","2/1","1/2","1/1","1/2","2/2","1/2","2/2","1/2","1/1","1/2","1/1","1/1","2/2","1/2","2/2","2/1","2/1","1/1","1/2","1/2","2/1","2/2","1/2","2/1","1/1","1/2","2/1","2/1","1/2","1/2","2/1","1/1","1/2","1/2","4/4","1/1","1/2","2/1","2/2","2/1","1/1","1/1","1/1","1/2","1/1","1/2","1/1","1/1","2/2","2/2","1/2","2/2","1/2","1/1","2/1","2/1","2/1","1/1","1/1","2/1","2/1","2/1","1/2","2/1","2/1","1/1","2/1","2/1","1/2","1/2","1/2","1/2","2/1","1/2","2/1","1/1","1/2","1/2","1/1","2/1","2/1","1/2","2/2","1/2","2/2","1/1","1/1","2/1","2/1","1/2","2/2","2/1","2/1","2/1","1/2","1/1","2/1","1/2","1/2","1/1","1/1","1/2","1/1","2/2","2/1","2/1","2/1","4/4","2/2","2/2","1/1","2/1","3/2","2/2","1/2","2/2","2/1","2/2","1/1","2/2","2/1","1/1","1/2","2/2","1/2","1/1","1/2","2/1","2/1","1/1","1/1","2/2","1/2","1/1","2/2","1/1","1/1","1/1","1/1","1/1","1/2","2/1","1/1","1/2","1/2","2/1","2/2","2/2","2/1","1/2","2/2","1/1","2/2","2/1","2/2","2/2","2/1","1/2","2/1","2/1","1/2","2/2","1/1","1/1","1/1","1/2","2/1","1/2","1/1","1/2","2/2","2/2","2/1","2/2","1/1","2/1","1/2","2/1","1/1","1/1","1/2","1/2","2/1","1/1","1/1","1/1","3/4","2/1","2/2","1/1","1/1","2/2","2/1","2/1","1/2","2/2","1/2","1/2","1/2","1/2","1/1","1/1","2/1","2/1","1/1","2/1","2/1","2/2","1/1","2/2","1/2","4/1","2/2","2/1","2/1","2/2","1/1","1/1","1/2","2/2","2/1","3/1","2/1","1/2","3/1","2/1","2/2","2/2","2/2","1/2","1/1","2/1","1/1","1/2","2/2","1/1","1/2","2/2","2/2","2/1","1/2","2/1","2/1","2/1","2/1","1/1","1/2","1/2","2/2","2/2","2/1","1/2","2/2","1/2","2/2","2/1","2/1","2/2","1/1","2/1","2/1","2/1","2/2","2/2","1/2","2/1","1/1","1/1","1/1","1/1","2/2","1/1","1/1","2/1","1/2","1/1","1/1","1/1","2/1","2/1","2/2","1/1","1/1","2/2","2/1","2/1","1/2","2/1","2/2","2/3","1/1","1/2","1/1","1/1","2/2","1/1","1/2","2/1","2/1","1/1","2/2","2/1","2/2","1/1","1/2","2/1","1/2","2/2","1/2","2/2","2/1","1/2","2/2","1/2","2/1","1/1","2/2","2/1","2/1","1/2","1/1","1/2","1/1","2/2","1/1","1/2","1/1","1/2","1/1","1/1","2/1","1/1","1/2","1/2","1/1","2/1","2/1","2/1","2/2","1/2","2/1","1/2","1/1","1/1","1/2","2/2","1/2","2/1","2/2","1/2","1/2","2/1","2/1","1/2","2/2","2/1","1/2","1/1","1/2","1/1","2/1","1/2","1/1","1/2","1/1","2/1","2/2","1/2","2/2","2/2","1/2","1/1","1/2","2/1","2/1","1/1","2/1","2/1","2/2","1/2","2/2","1/2","1/1","1/2","1/1","2/1","2/2","1/2","2/2","2/1","2/2","2/1","2/2","1/1","1/2","1/2","1/2","1/2","2/1"
"IND0025","2/2","1/1","2/1","2/1","2/2","1/1","1/2","1/1","2/1","2/2","1/1","2/1","1/1","2/1","2/2","1/2","2/2","1/1","2/2","1/2","1/1","1/1","2/1","2/2","2/1","1/2","1/1","2/2","1/2","2/1","1/1","1/1","1/2","1/1","2/1","2/1","1/2","1/2","1/1","1/1","2/2","1/1","2/1","2/1","2/1","2/1","1/2","2/1","2/2","2/2","2/1","1/1","2/2","2/1","2/1","2/2","1/2","2/1","1/2","2/2","1/2","1/1","2/2","2/2","2/2","2/1","1/2","2/1","2/1","2/2","2/1","1/2","1/2","1/2","2/1","2/1","2/1","1/1","1/1","1/2","1/2","1/2","1/2","1/1","2/1","2/2","2/2","1/2","2/1","2/2","1/2","1/2","1/1","2/2","2/2","2/1","1/2","2/2","1/2","1/2","2/2","2/1","2/2","1/1","2/1","1/2","1/1","2/1","2/1","1/2","2/1","2/1","1/2","2/2","1/2","1/2","2/1","2/2","2/1","2/1","1/2","1/1","1/2","1/2","2/2","2/1","4/2","2/1","1/1","1/1","2/2","1/2","2/1","2/2","2/1","1/2","1/1","1/1","2/1","2/2","2/2","1/2","1/1","2/1","2/2","2/1","2/2","2/2","1/1","1/1","2/1","2/1","1/1","1/2","1/2","2/2","1/1","1/1","1/1","2/2","2/1","1/1","1/2","2/1","2/2","2/1","1/2","2/2","1/2","1/1","1/1","1/1","1/2","2/2","1/2","2/1","1/1","1/2","2/1","2/1","1/1","1/2","1/1","2/2","1/1","2/2","1/2","2/1","2/2","1/2","1/2","1/1","1/2","2/2","2/1","2/2","2/2","2/2","2/2","2/2","2/1","2/2","1/1","2/2","1/4","1/1","2/2","2/1","1/2","1/1","2/1","1/1","1/2","2/2","2/1","1/2","2/1","1/2","1/1","2/1","2/1","2/2","1/1","2/2","2/1","1/1","2/1","2/1","2/1","1/1","1/2","1/2","2/1","1/1","1/1","2/1","1/1","2/1","1/1","2/2","1/2","1/1","2/1","2/1","1/1","2/1","2/2","2/2","1/1","2/1","2/1","1/1","1/1","2/2","2/2","1/1","1/2","1/2","2/2","2/2","1/1","1/2","2/2","1/1","1/2","2/2","1/1","2/1","2/2","2/1","2/1","2/2","1/1","2/2","1/2","1/1","2/2","2/1","1/2","1/1","2/2","1/1","2/1","1/2","1/2","1/1","2/1","1/1","1/1","1/1","1/1","1/2","1/1","1/1","1/2","1/1","1/1","2/1","1/1","2/2","1/2","1/2","2/1","3/2","2/2","1/2","1/2","2/1","2/1","1/2","2/2","1/2","1/2","1/4","1/2","1/1","2/1","1/1","1/2","2/2","2/1","1/1","1/1","1/2","2/2","2/2","1/2","2/1","2/1","2/2","2/2","1/1","1/2","1/2","2/1","2/2","1/2","2/2","1/1","2/1","2/1","1/2","2/1","2/2","2/1","1/1","2/2","1/1","2/2","2/2","1/1","1/2","2/2","2/2","1/2","1/2","2/2","1/1","2/1","1/1","2/1","2/2","2/2","2/2","1/2","1/1","2/2","1/2","2/1","2/2","2/1","2/1","1/2","1/2","2/1","1/1","1/1","2/2","1/1","2/1","1/1","3/4","1/1","2/2","1/1","2/2","1/1","1/1","1/2","3/1","1/2","1/1","1/1","1/2","1/1","2/2","1/1","1/1","2/1","2/1","2/2","1/2","2/1","1/2","2/1","2/1","1/1","1/2","1/2","2/1","2/1","1/2","1/1","2/2","1/1","2/1","1/1","1/1","2/2","2/2","1/2","1/2","1/2","2/1","2/1","1/1","1/1","1/2","2/1","1/1","1/1","1/2","2/2","2/1","2/2","1/1","2/1","1/1","2/2","1/1","2/2","2/1","1/1","1/2","1/2","1/1","2/2","2/2","2/1","1/2","1/2","1/1","1/2","2/2","2/2","1/1","1/1","1/2","1/2","2/1","1/2","2/1","1/2","2/2","1/2","1/1","2/1","2/1","1/1","2/2","1/2","2/1","1/1","2/2","1/1","2/2","1/1","2/2","2/2","2/1","2/2","2/2","2/2","1/2","1/2","2/2","2/1","1/1","1/2","2/2","2/1"
"IND0026","1/1","2/1","1/1","2/1","2/2","1/2","1/2","1/2","1/1","2/1","2/1","2/1","2/1","2/2","1/1","1/1","1/2","1/2","1/2","2/1","1/1","2/2","1/2","1/2","1/1","1/2","1/2","2/2","2/1","1/1","2/1","1/1","2/2","2/1","1/1","1/1","2/1","1/1","2/1","1/2","1/1","1/1","1/2","1/1","2/1","2/2","1/1","2/1","1/2","2/2","1/1","1/1","1/2","2/1","1/1","1/1","2/1","1/2","1/1","2/1","2/2","2/2","1/2","1/1","2/2","2/2","1/1","2/2","2/1","2/1","2/1","2/2","1/1","2/1","1/1","2/2","2/1","1/2","2/2","1/1","1/2","1/2","2/1","1/1","2/1","2/1","2/2","1/2","2/1","2/1","1/1","2/2","1/2","1/2","1/1","1/2","1/1","1/2","2/1","2/2","1/1","1/2","2/2","1/1","1/2","1/2","2/1","1/1","2/1","1/1","1/2","2/2","1/1","2/2","1/2","1/1","1/1","2/1","2/1","2/1","1/1","2/1","2/1","2/1","2/1","1/1","2/3","1/1","2/1","1/1","1/1","2/2","1/1","2/1","2/2","2/2","1/1","1/1","2/1","1/1","2/1","2/2","1/2","2/2","1/2","1/1","1/2","2/1","2/1","2/1","2/1","2/1","1/1","1/1","2/1","1/1","1/1","2/2","1/1","2/2","1/2","1/2","2/1","1/2","2/1","1/2","1/1","1/2","2/2","2/2","1/2","1/2","2/2","1/1","1/1","1/2","2/1","1/2","2/2","2/2","1/2","1/2","1/2","1/2","1/2","2/2","1/2","1/1","2/1","1/2","1/2","2/1","1/2","2/2","2/1","2/1","2/1","2/2","2/2","1/2","1/2","1/1","2/2","2/1","4/3","1/1","1/1","2/1","2/1","2/2","2/2","1/2","1/2","1/1","1/1","2/2","1/2","1/1","2/1","2/2","2/1","1/1","2/2","1/2","2/2","1/1","1/2","2/2","2/1","1/2","2/1","2/2","2/1","1/1","1/2","1/2","2/1","2/1","1/2","2/1","1/1","1/1","1/1","2/1","1/2","1/1","2/1","1/2","1/1","2/1","1/1","1/2","2/2","1/1","1/2","1/2","2/1","2/1","1/1","1/2","2/1","1/2","1/2","1/1","1/2","2/2","2/2","2/1","1/1","2/1","2/1","1/2","2/1","1/1","1/2","1/2","2/2","1/2","3/2","1/2","1/2","2/1","2/2","2/1","1/2","2/1","1/1","2/1","2/2","1/1","1/2","2/1","1/1","1/2","1/2","1/2","1/1","2/1","2/2","1/2","2/1","1/1","1/2","2/3","2/2","1/1","2/1","1/1","2/2","2/1","1/2","2/2","1/2","2/1","2/2","2/1","2/1","1/2","1/2","1/1","2/2","1/1","1/1","2/1","2/1","2/1","1/1","2/1","2/1","1/1","2/1","2/2","2/2","2/1","2/1","2/1","1/1","2/1","1/2","2/1","2/2","2/1","1/2","2/2","2/2","1/2","1/1","1/1","2/2","1/1","2/1","2/1","1/1","2/1","1/1","1/1","1/1","1/2","2/1","1/2","2/2","2/1","2/2","2/2","1/1","1/2","2/1","2/1","1/2","1/2","2/1","1/1","1/2","1/1","1/2","1/2","1/1","2/2","2/1","2/1","2/1","4/1","2/1","1/1","2/2","1/1","2/1","2/2","1/1","2/4","1/2","1/2","1/2","1/1","2/1","2/1","1/1","1/1","2/1","1/2","2/2","1/2","2/1","2/1","2/2","1/2","2/2","1/2","1/1","1/1","2/2","2/1","2/1","2/1","2/1","1/1","1/1","2/1","1/2","2/2","2/1","2/2","2/2","1/1","1/1","1/2","1/1","1/2","1/1","2/2","2/1","1/1","1/1","1/1","1/1","1/2","1/2","2/1","2/1","2/2","1/2","1/2","2/2","2/2","2/2","2/2","1/1","2/2","1/1","1/1","1/1","2/2","1/2","2/1","2/1","2/2","2/2","2/2","1/1","1/2","2/1","2/1","2/1","1/2","1/1","1/2","1/2","2/2","2/1","2/2","1/2","2/2","1/1","1/2","2/1","1/2","1/1","1/1","2/1","1/1","2/1","2/2","1/1","2/1","2/1","2/1","1/2","1/1","1/2","1/1","1/2"
"IND0027","1/2","2/2","2/2","2/2","1/2","1/1","2/1","2/1","2/2","2/2","1/1","1/2","2/1","1/1","2/2","2/1","2/1","2/2","2/2","1/1","1/2","1/2","2/1","2/1","1/1","1/1","1/1","1/1","2/1","2/2","1/1","2/2","1/1","2/1","2/2","1/1","2/2","2/2","2/1","1/1","1/2","2/1","1/2","1/2","1/1","2/2","2/2","1/2","1/2","1/2","2/1","1/1","2/2","2/1","2/1","1/1","1/2","1/2","1/2","2/1","1/1","2/1","2/2","2/1","1/2","2/1","2/1","2/2","2/1","2/1","2/1","2/1","1/1","2/1","2/2","1/1","1/1","2/1","1/1","2/2","2/1","1/1","2/1","1/2","1/2","2/1","2/1","2/1","1/1","1/1","1/2","1/2","2/1","1/2","2/1","1/1","1/2","1/2","1/2","2/1","2/2","2/1","1/2","1/2","1/1","2/1","1/2","1/1","1/1","1/1","2/2","1/2","2/1","2/2","2/1","2/2","1/1","1/2","1/1","2/1","2/2","1/2","2/2","1/1","2/1","2/2","1/1","1/1","1/1","1/2","2/1","1/2","1/2","1/2","2/1","1/2","1/1","1/1","2/2","1/1","1/2","1/1","2/1","2/1","2/2","2/1","2/2","1/2","2/1","1/1","2/2","1/1","2/2","2/2","1/1","2/1","1/2","2/2","1/2","1/2","1/2","1/1","2/1","1/1","1/1","1/2","1/2","1/2","2/1","1/1","2/1","2/2","1/2","1/1","1/1","1/1","2/2","2/1","2/1","2/2","2/2","2/1","1/1","2/2","1/2","2/2","2/1","2/2","1/2","1/1","2/2","1/2","2/1","1/2","2/1","1/2","1/1","1/2","1/1","1/4","2/2","2/1","1/2","2/1","2/1","2/1","1/2","2/2","2/2","2/2","2/1","1/2","2/1","1/1","2/1","1/1","1/2","1/2","1/2","1/1","1/2","1/1","2/2","1/2","2/1","2/1","2/1","1/1","1/1","1/2","1/1","1/2","1/2","2/1","1/1","2/2","1/2","1/1","1/2","1/1","1/1","1/2","2/1","2/1","2/2","2/2","1/1","2/2","2/1","1/2","2/1","1/1","2/1","2/2","1/2","2/1","1/2","1/2","2/1","1/2","1/1","2/1","2/1","1/1","1/1","1/2","1/2","2/2","1/2","1/2","2/2","2/2","1/1","2/1","1/1","1/1","1/2","2/2","3/4","2/2","2/1","1/2","2/1","1/1","2/1","1/1","2/2","2/1","2/2","1/2","2/1","2/2","1/1","1/2","1/1","1/1","2/1","1/1","1/2","1/1","1/1","1/1","1/1","1/3","1/1","2/2","1/2","2/1","1/2","1/2","2/1","2/2","1/2","2/4","2/1","1/2","4/2","2/1","2/2","1/2","2/1","2/2","1/2","2/1","1/2","1/1","1/1","2/1","2/2","1/2","2/1","1/2","1/1","2/2","1/2","2/2","2/1","1/2","2/1","1/1","1/2","2/1","2/2","2/1","2/1","2/2","2/1","2/1","1/2","2/2","1/2","1/1","2/2","2/2","1/2","2/2","2/1","2/1","1/2","1/2","1/2","1/2","2/1","1/1","2/1","2/1","2/2","2/2","1/2","2/2","1/1","2/2","1/2","1/2","2/2","1/2","2/2","2/2","1/1","1/2","1/2","2/1","2/1","2/1","2/1","1/2","1/2","2/1","2/2","3/1","1/2","1/1","2/2","1/2","2/2","1/1","2/1","2/1","1/2","2/1","2/2","1/1","2/2","2/1","1/2","1/1","1/1","2/1","2/1","2/2","2/2","1/2","1/2","2/2","2/2","1/1","2/2","2/1","1/2","1/1","1/2","1/2","2/1","2/2","2/1","2/1","2/1","1/2","1/1","1/2","1/1","2/1","2/2","2/1","2/1","2/2","1/2","1/2","1/1","1/1","1/1","2/2","1/2","1/1","1/1","2/2","2/2","1/2","2/2","1/2","2/1","1/1","1/1","1/1","1/1","1/1","2/2","2/1","1/1","2/2","1/1","1/2","1/2","1/2","2/1","2/2","2/2","2/2","2/1","1/2","1/1","1/2","2/1","1/2","1/1","2/2","1/2","1/2","1/2","2/2","1/1","2/2","1/1","2/2","1/1","2/2","1/1","1/1","2/2","1/2","2/1"
"IND0028","1/2","2/2","1/1","2/2","1/1","1/2","2/1","2/2","1/1","1/1","1/1","2/2","2/1","1/1","2/2","2/2","2/1","2/2","1/2","1/2","1/1","2/2","1/2","2/2","1/2","1/1","2/2","1/2","1/2","2/1","1/2","1/1","2/1","1/2","1/2","2/1","2/2","2/2","1/2","1/2","1/2","2/2","1/1","2/2","1/2","1/1","1/2","2/1","1/2","1/2","1/2","1/2","1/1","1/2","2/2","1/2","1/1","2/2","1/1","2/2","1/2","2/1","2/2","2/1","1/1","1/2","2/1","2/2","2/1","2/2","2/1","1/2","2/1","1/1","1/2","1/1","2/1","2/2","2/2","2/1","2/1","1/2","1/1","1/2","2/2","2/1","2/1","1/2","2/2","1/1","1/2","1/2","1/2","2/1","1/1","1/2","2/2","1/2","2/1","1/1","1/1","2/1","1/2","2/1","1/2","1/1","1/2","2/2","1/2","1/2","2/2","1/1","2/1","1/2","1/1","2/1","1/1","2/2","1/2","2/2","2/1","1/1","2/1","1/1","1/2","1/1","2/2","2/2","2/2","2/2","1/1","2/1","2/2","2/1","2/2","1/1","1/2","1/1","1/2","2/2","1/1","1/2","2/2","2/1","1/1","1/1","2/1","2/1","2/1","1/1","1/1","1/1","2/1","1/1","2/1","2/1","1/2","1/2","2/1","1/2","1/1","1/1","1/2","1/2","2/2","1/2","1/1","1/1","1/2","1/1","1/2","1/1","2/1","2/2","1/1","1/2","1/1","1/2","1/2","1/2","1/2","2/1","2/2","1/2","2/1","2/2","1/1","1/2","1/1","2/1","2/2","2/1","1/2","1/2","1/1","1/2","2/2","1/2","2/1","2/2","2/1","2/1","2/2","2/2","2/2","1/2","1/1","1/1","2/2","1/1","1/2","2/2","2/1","2/1","1/2","1/1","2/1","1/1","2/2","2/1","2/1","1/2","1/1","1/1","1/2","2/2","1/1","2/2","2/2","1/2","2/2","2/1","1/2","2/1","1/2","2/2","2/1","2/1","1/2","2/2","1/1","2/2","2/2","2/2","1/2","2/1","2/2","1/2","1/2","1/1","1/1","1/1","1/1","2/2","1/2","2/1","2/2","1/1","2/1","2/1","1/2","2/1","1/2","2/2","2/2","1/1","1/2","1/2","2/1","1/2","2/2","1/2","1/2","2/1","1/1","2/2","2/1","2/1","4/4","1/2","2/2","1/1","2/2","2/1","2/1","1/2","2/2","2/2","1/2","1/1","2/1","2/2","1/2","2/1","1/1","1/1","1/2","2/2","1/2","1/2","2/1","1/2","2/2","2/1","1/1","2/1","2/1","2/1","2/2","1/1","1/2","1/1","1/1","4/2","1/2","1/1","2/2","2/1","2/2","2/2","1/2","1/2","1/1","1/1","1/2","2/1","1/1","1/1","2/2","2/1","1/1","1/1","2/1","1/2","2/1","2/1","2/2","2/2","1/1","2/2","2/1","1/2","1/2","2/1","1/2","2/1","1/1","2/1","2/1","1/2","2/2","2/1","1/2","2/1","2/1","1/1","2/2","1/1","2/1","2/2","2/1","1/2","2/2","2/2","1/2","1/1","2/2","1/2","2/1","2/1","2/2","1/2","1/1","2/1","1/2","1/2","1/1","1/2","2/1","2/2","2/2","4/2","1/2","2/2","2/2","2/1","1/2","1/2","2/1","3/4","1/1","2/2","2/1","2/1","2/1","1/2","2/1","2/2","1/1","2/2","1/1","2/2","2/1","1/1","1/2","2/2","2/1","1/1","1/2","1/1","1/2","2/1","2/1","1/1","2/1","2/1","1/2","1/2","2/1","1/2","2/2","1/1","1/1","2/1","1/2","1/2","1/1","1/1","1/1","2/1","1/2","2/1","2/1","1/2","1/2","1/2","2/2","2/1","1/1","1/2","2/1","1/1","1/2","1/1","2/1","2/1","2/1","1/1","1/1","2/1","1/1","1/1","1/1","1/2","1/2","1/2","2/1","1/1","2/2","2/2","1/2","1/1","2/2","1/1","2/1","1/2","2/1","1/2","1/2","2/1","1/1","2/1","2/2","2/1","1/2","1/1","1/1","1/1","1/2","1/1","1/1","2/2","2/1","2/2","2/1","2/2","2/2","1/1","2/2","2/2","2/1"
"IND0029","2/2","2/2","2/2","1/2","1/1","1/1","2/1","1/2","1/2","2/1","1/2","2/1","1/2","2/2","1/2","1/2","2/2","2/1","2/1","1/1","2/1","1/1","2/1","1/2","2/1","1/1","2/2","1/2","2/1","2/2","1/2","2/2","2/2","2/1","1/2","1/2","2/2","2/1","1/1","1/1","2/2","2/1","1/2","1/2","1/2","2/1","1/1","1/1","2/1","2/1","1/1","1/1","1/2","1/2","2/2","2/1","2/2","2/1","1/2","2/1","2/2","1/2","1/1","2/1","2/1","1/2","1/2","1/2","1/2","1/2","2/1","2/1","2/2","2/2","1/2","1/1","2/1","2/2","1/2","1/2","1/2","2/2","2/1","2/2","1/1","1/1","1/1","1/1","2/2","1/2","1/2","2/2","2/2","1/1","1/1","1/1","2/1","2/2","2/1","2/1","1/2","1/2","2/2","2/2","2/2","2/1","2/2","1/2","1/2","1/2","1/2","2/1","1/2","1/1","1/2","2/1","2/2","1/2","2/2","2/1","2/2","1/2","1/1","2/2","1/2","1/1","1/4","2/2","1/2","1/2","2/2","2/1","2/1","1/2","2/1","2/1","2/2","2/2","1/1","2/1","2/1","1/1","1/1","1/1","1/1","1/2","1/1","1/1","2/1","1/2","1/2","2/1","1/2","1/2","1/1","2/1","2/2","1/2","2/1","1/1","2/1","1/2","2/2","1/1","2/1","1/2","2/1","2/2","1/1","2/2","1/2","2/2","2/1","2/2","1/1","1/2","1/2","2/1","2/2","2/2","2/1","2/1","1/1","1/1","2/1","2/2","1/2","2/1","1/1","1/2","2/1","1/2","2/1","1/2","2/2","1/2","1/1","2/2","2/1","1/2","1/2","1/1","2/2","1/2","4/2","2/1","1/2","2/1","2/1","1/2","1/2","2/1","1/2","2/1","1/2","1/1","2/2","2/1","1/2","2/1","1/1","2/1","1/2","2/2","2/2","2/2","2/2","2/2","1/2","1/2","1/2","2/2","1/1","1/1","1/1","1/1","1/1","1/1","1/2","1/1","1/1","2/1","1/1","2/2","2/2","2/1","2/1","1/2","1/2","2/1","1/1","1/2","1/1","1/2","1/2","1/1","2/1","2/1","1/1","2/1","2/2","2/1","2/1","1/2","2/2","2/2","1/2","2/1","2/1","1/1","2/1","2/2","2/1","2/2","1/1","1/2","1/1","2/1","4/3","1/2","2/2","2/1","1/1","2/2","1/1","1/2","2/2","1/1","1/1","2/2","1/1","1/1","1/1","2/1","2/2","1/2","1/2","2/2","1/1","2/2","2/1","1/1","1/2","1/1","2/2","1/2","2/2","1/1","1/2","2/1","1/2","1/2","1/2","2/1","2/2","2/1","3/2","2/2","1/2","1/1","1/2","1/2","1/1","2/1","1/1","1/2","1/1","1/1","2/1","1/2","1/2","2/1","1/2","1/1","1/2","2/1","1/2","2/2","2/2","2/2","2/1","1/2","2/1","2/2","1/1","2/1","1/1","2/2","2/1","1/1","1/1","2/2","2/2","2/1","1/1","1/2","1/1","2/2","2/1","1/1","2/1","1/1","2/1","2/2","2/1","2/1","1/2","1/2","1/2","1/1","1/1","1/2","2/1","1/2","1/2","2/2","2/2","2/2","1/1","1/1","2/2","1/2","2/2","1/2","1/2","1/1","1/2","2/1","1/1","4/2","1/1","2/2","2/1","1/2","2/1","1/1","1/1","1/1","2/2","1/1","2/2","1/2","1/2","1/2","1/1","2/2","1/2","2/2","1/1","1/1","1/2","2/2","2/2","2/2","1/2","1/1","1/1","2/2","2/1","2/1","2/2","2/1","1/2","1/2","2/1","2/1","1/1","2/2","1/2","2/1","1/1","2/2","1/2","1/2","1/2","1/2","2/2","1/2","1/2","1/1","1/2","2/1","1/1","1/2","2/1","2/1","1/2","1/1","2/1","2/1","1/1","2/1","1/2","1/1","2/2","2/1","1/2","2/2","2/2","1/2","2/1","1/1","1/2","1/2","1/1","1/1","2/1","1/2","2/2","1/2","1/2","1/1","1/1","2/2","1/1","1/1","1/1","2/1","2/2","2/1","2/1","2/2","2/1","2/1","1/1","1/1","2/1","2/1","1/2","2/1","1/1"
"IND0030","1/1","2/1","2/2","1/2","1/1","2/2","2/2","1/2","2/2","2/1","2/2","2/1","1/1","1/2","1/2","2/2","2/1","2/2","1/1","2/2","1/1","1/2","1/2","2/2","2/1","1/1","1/1","2/1","1/1","2/1","2/2","1/1","2/2","1/2","2/1","1/2","1/1","1/1","2/1","2/2","2/1","2/1","2/2","1/2","1/2","1/2","1/1","2/1","2/2","1/1","1/2","1/2","2/1","1/2","1/1","1/1","2/1","1/1","1/2","1/2","1/2","2/1","1/1","2/1","2/1","2/1","1/1","1/2","1/2","1/1","2/2","2/1","2/2","1/1","2/2","2/2","1/1","1/2","2/1","2/1","1/1","2/1","1/1","1/1","1/1","2/1","2/2","2/1","2/2","1/2","2/2","2/1","2/1","2/2","1/1","2/1","1/2","2/2","1/1","1/1","2/1","2/1","2/1","1/2","1/1","1/1","2/2","1/2","2/1","1/1","2/1","2/1","2/1","2/2","1/2","1/1","1/1","1/1","1/2","2/1","2/1","2/1","2/2","1/2","2/2","2/1","1/4","2/2","2/2","1/1","1/1","2/2","2/2","2/1","1/2","1/1","2/2","2/1","1/2","2/2","1/2","2/2","2/1","1/2","2/2","2/1","1/2","2/2","2/1","1/1","2/2","1/2","2/1","1/2","1/2","1/1","2/1","2/1","1/2","1/1","1/2","1/2","2/1","1/2","1/2","1/2","2/1","1/2","2/1","2/2","1/2","1/1","1/2","1/2","1/1","1/2","1/2","2/2","2/1","1/1","2/2","2/1","2/1","1/2","2/2","2/1","2/2","1/2","2/1","2/1","2/1","1/2","2/2","2/1","1/1","2/2","2/2","1/2","1/2","3/4","2/2","1/1","1/2","2/1","3/1","1/2","1/2","1/1","2/1","1/1","2/2","1/1","2/2","1/1","1/2","2/1","1/2","2/1","2/1","1/2","1/1","2/2","1/1","2/1","2/2","1/2","2/1","1/1","1/1","2/2","1/1","2/2","1/1","1/2","1/1","1/1","2/1","1/1","2/1","2/1","2/2","2/2","2/2","2/2","2/1","1/2","2/2","2/2","1/1","1/1","2/1","2/2","1/1","2/2","1/1","2/1","1/2","1/1","2/1","2/2","1/2","1/2","2/1","2/2","2/2","1/2","1/1","1/2","2/2","2/1","2/2","1/2","2/1","1/1","2/2","1/2","1/1","2/2","3/4","1/2","1/1","1/1","2/2","1/1","2/2","2/1","2/2","2/2","1/1","2/1","1/2","2/1","1/2","1/1","2/2","1/2","1/1","1/2","1/1","1/2","1/1","1/2","1/2","1/4","2/2","2/2","1/1","2/2","1/2","1/2","1/2","1/1","2/1","2/2","2/2","1/1","4/2","1/2","1/2","2/1","1/2","2/1","2/2","2/1","1/2","2/1","2/1","1/1","2/2","1/1","1/1","1/2","1/2","2/1","2/1","1/2","1/2","1/2","1/2","1/2","2/2","2/1","2/1","2/2","1/1","2/1","1/2","1/2","1/2","1/1","2/2","1/1","2/1","2/1","1/2","2/1","1/2","1/1","1/2","1/2","1/1","1/2","1/2","1/2","2/1","1/1","2/1","2/2","2/1","2/2","1/2","2/1","2/2","1/2","1/2","2/1","1/1","1/1","2/1","1/2","2/1","2/3","1/2","2/2","2/2","2/2","2/2","2/2","1/1","1/4","2/1","2/1","1/1","2/1","2/1","2/2","1/2","2/1","2/1","2/2","1/1","2/1","1/1","2/1","2/1","2/2","2/1","2/2","1/2","2/2","2/2","1/1","1/2","1/2","2/2","2/2","2/2","1/2","1/2","2/1","2/2","2/2","1/2","1/2","2/1","1/1","1/2","1/2","2/1","1/2","2/2","1/2","1/1","1/1","1/2","1/2","2/2","2/1","2/2","1/2","2/2","1/1","2/1","1/2","1/2","2/2","1/2","2/1","2/2","1/1","1/1","1/1","2/1","2/1","1/1","1/2","1/1","1/1","2/1","2/1","1/1","2/2","1/1","2/1","1/2","1/1","1/2","2/1","2/2","1/2","1/1","1/1","2/1","1/1","2/2","2/1","2/2","2/2","2/1","1/2","1/2","2/1","1/1","2/2","1/2","2/1","1/2","2/2","2/1","1/2","1/1"
"IND0031","2/2","2/2","1/1","1/1","1/1","2/1","2/2","2/2","2/2","2/2","2/2","2/1","2/2","2/1","1/1","2/1","2/2","1/1","2/1","2/2","1/2","2/2","1/1","2/1","2/2","2/1","1/2","1/1","1/1","2/2","2/1","1/2","2/2","1/1","2/1","2/2","2/2","2/2","1/1","2/1","2/1","1/2","1/2","1/1","2/2","1/1","2/2","1/2","1/2","1/2","2/1","2/2","2/2","1/1","2/1","2/2","1/1","1/1","2/2","1/1","2/1","2/2","2/1","1/1","1/2","2/1","1/2","1/1","2/2","1/2","1/1","1/1","1/1","1/2","1/1","2/2","2/1","2/1","1/1","2/2","2/1","1/1","1/2","1/2","2/1","2/1","1/2","2/2","1/2","1/2","1/2","2/1","1/2","2/1","2/2","1/2","2/1","1/1","2/2","1/2","2/1","1/1","2/2","1/1","1/2","1/1","1/2","1/1","2/1","2/1","1/1","1/1","1/1","2/1","1/2","2/2","1/1","1/2","1/1","2/1","2/2","2/2","1/1","1/1","2/1","2/1","4/2","1/1","2/2","1/1","1/1","2/2","1/2","1/1","2/2","1/1","1/1","2/2","1/2","1/2","1/1","1/2","1/2","2/2","2/2","2/1","1/2","1/1","2/2","1/1","2/2","1/2","2/1","1/1","1/2","2/1","1/2","1/2","2/2","2/1","1/1","1/1","1/1","1/1","2/1","1/2","2/2","2/1","2/2","2/1","1/1","2/1","2/2","1/2","1/2","1/2","2/2","1/1","2/1","2/2","1/2","2/2","1/1","1/2","2/1","1/2","2/1","1/1","1/1","2/1","1/2","2/1","1/2","2/2","1/2","2/1","2/2","1/2","1/2","1/4","2/1","1/2","1/2","2/2","4/4","2/1","2/1","2/2","2/1","2/2","2/1","2/2","2/1","1/1","2/1","1/1","1/1","2/2","1/1","1/1","1/2","2/1","2/2","1/2","2/1","1/2","2/1","1/2","2/2","2/2","2/1","2/2","2/1","2/1","2/1","1/2","2/2","1/2","2/1","1/1","1/2","1/2","1/1","1/1","2/1","1/2","1/2","2/2","2/1","1/1","1/1","2/1","1/1","1/2","1/1","2/2","1/2","2/1","2/1","2/2","2/2","2/1","1/1","2/1","1/1","1/2","2/1","1/1","2/2","1/1","1/2","2/1","1/2","1/2","1/2","2/2","1/2","1/1","3/1","1/2","1/2","1/2","1/2","1/2","1/1","2/1","2/2","2/1","1/2","2/2","2/2","2/2","1/2","1/1","1/2","1/2","1/1","2/2","1/2","2/2","1/2","1/2","1/2","1/2","1/2","2/2","2/2","1/2","2/1","1/2","1/1","2/2","1/1","1/2","2/2","2/1","2/2","2/2","2/2","1/2","2/1","1/2","1/1","1/2","1/1","2/2","2/1","2/2","1/2","1/2","2/2","1/2","2/1","2/1","1/1","2/1","1/1","1/1","1/2","1/2","2/2","2/2","2/1","2/2","2/2","1/2","1/2","2/1","1/1","2/2","2/2","1/2","2/2","1/2","2/1","2/2","1/1","2/2","1/1","1/1","1/2","1/2","2/1","1/1","2/1","1/2","1/2","1/2","1/1","1/2","1/2","2/2","2/2","2/1","2/2","2/2","2/1","2/1","2/2","2/1","1/1","1/1","2/1","1/1","1/2","2/2","1/1","2/1","2/1","2/2","1/2","2/1","2/2","1/2","2/1","1/2","1/2","1/2","1/1","2/2","1/2","2/1","2/2","2/1","2/2","2/2","2/1","1/1","1/2","1/2","1/1","1/1","1/2","2/1","2/2","1/1","2/2","1/1","2/2","2/2","2/2","1/1","2/1","1/2","1/2","1/1","1/1","2/2","1/2","1/1","1/2","2/2","2/1","2/2","1/2","1/2","1/1","1/1","2/2","1/1","2/1","1/2","1/2","2/2","2/2","2/2","2/2","1/2","1/1","2/1","1/1","1/1","1/2","2/2","2/2","2/2","2/1","2/1","2/1","2/1","1/1","2/2","1/2","2/1","1/2","1/2","2/1","1/2","1/2","1/1","2/1","1/2","2/2","1/2","2/1","1/1","1/1","2/2","2/2","1/1","1/2","2/1","2/2","1/2","2/1","1/2","1/2","1/1","2/2","2/2","2/2"
"IND0032","1/1","2/2","1/2","2/2","1/1","1/2","2/2","1/1","1/2","1/1","1/2","2/1","1/1","2/2","1/2","1/1","2/2","1/1","1/1","1/1","1/1","1/2","1/2","1/1","1/1","1/1","2/2","1/1","2/1","1/1","2/2","1/1","1/1","2/2","1/2","1/1","2/1","2/2","1/2","2/1","2/2","2/2","1/2","1/2","1/2","1/1","2/2","1/1","1/1","2/2","2/2","1/1","1/1","1/1","1/1","2/1","1/1","2/2","1/2","2/1","2/1","2/2","2/2","1/1","1/2","2/2","2/1","1/1","2/1","2/1","2/2","2/1","2/1","1/1","2/1","1/1","2/2","2/1","1/2","1/2","2/1","2/1","2/2","1/2","1/2","1/2","1/2","2/1","2/1","1/1","2/2","2/2","1/1","1/2","1/2","2/2","1/2","1/2","1/2","1/2","1/1","1/1","1/1","2/2","1/2","1/2","2/2","1/2","1/2","2/2","1/1","1/2","1/2","1/2","2/2","2/2","1/1","2/1","1/2","2/2","1/2","1/1","1/2","2/1","1/2","2/2","3/2","2/1","2/2","2/2","2/2","1/1","2/1","2/2","1/2","1/1","1/2","1/1","1/1","2/1","1/2","2/1","1/1","1/1","2/2","2/1","1/2","2/1","2/2","2/2","2/2","1/2","2/1","2/2","1/2","1/2","1/2","1/2","1/2","2/2","2/2","1/2","1/1","1/2","1/2","2/2","1/2","2/2","1/1","1/2","1/1","2/1","1/2","2/1","2/2","2/1","2/1","2/1","1/2","2/2","1/2","2/1","1/2","1/1","1/1","1/1","2/1","1/2","2/2","1/2","2/1","1/1","1/2","1/1","1/2","1/2","2/2","2/2","2/2","2/3","1/2","1/1","1/2","2/1","1/3","2/1","2/2","1/2","1/1","2/2","1/2","2/1","2/1","1/1","1/2","2/1","1/1","1/1","2/1","2/2","1/1","1/2","2/1","2/1","2/2","2/2","1/2","1/1","1/2","2/2","2/1","1/2","2/2","2/2","2/1","1/2","1/1","1/1","2/2","1/1","1/1","2/1","2/2","2/1","1/2","1/2","2/1","1/1","2/2","1/2","2/1","1/1","2/2","2/2","2/2","2/2","2/2","1/1","2/1","2/2","2/2","1/1","1/2","2/2","2/2","2/2","1/2","2/1","1/2","1/1","1/1","1/2","2/2","1/2","2/2","1/2","1/1","2/2","4/4","2/2","2/2","2/1","2/1","2/2","1/1","2/2","1/1","1/2","1/2","2/1","2/1","1/2","2/1","1/1","2/1","2/1","1/2","1/2","2/2","2/2","1/1","1/1","1/1","2/4","1/2","2/2","1/2","1/2","2/2","1/1","1/2","1/1","1/1","3/4","2/1","1/1","2/1","2/1","1/2","2/2","2/2","2/1","1/1","2/1","2/1","2/2","1/1","2/2","1/2","1/1","2/2","1/1","2/2","2/2","2/1","2/2","1/1","2/2","2/1","1/2","1/2","1/1","2/2","2/2","2/1","1/2","2/1","1/1","2/1","1/1","2/2","1/1","1/2","1/1","1/2","1/1","2/1","2/2","1/1","2/2","1/1","1/2","2/1","2/2","2/1","1/2","1/2","2/1","1/1","2/2","2/1","1/2","1/1","2/2","2/2","2/1","2/2","2/2","1/2","1/2","1/2","2/2","2/1","1/1","2/2","1/2","1/2","1/1","1/2","4/2","1/1","1/1","1/1","1/2","2/1","2/1","2/2","2/1","1/1","1/2","2/2","1/1","2/1","1/2","2/2","2/2","1/1","2/1","1/2","1/1","1/1","1/1","1/1","1/2","1/1","2/2","2/1","2/2","2/1","1/2","1/1","1/2","1/2","1/2","2/2","1/2","1/1","2/1","1/2","1/1","1/1","2/2","2/1","1/1","2/2","2/2","2/1","2/2","2/1","2/1","2/2","1/2","2/1","2/2","1/2","1/2","1/2","1/2","2/1","1/2","2/1","2/2","1/1","2/2","2/1","1/2","2/1","1/1","2/1","1/1","1/1","1/2","1/1","2/1","2/2","2/1","2/2","2/1","2/2","2/1","2/2","2/2","1/1","2/2","1/2","2/1","1/2","2/1","2/1","1/1","1/1","2/2","1/2","2/1","2/1","1/2","1/1","2/1","2/2","1/2","2/2"
"IND0033","2/1","2/2","1/1","1/1","1/1","2/1","1/1","1/1","2/2","2/2","1/2","2/1","2/2","1/1","1/1","1/2","2/2","2/2","2/1","1/2","2/1","1/1","2/2","2/2","2/1","1/2","2/1","2/2","1/1","1/1","1/1","1/1","2/2","2/1","2/1","1/2","1/2","1/1","1/2","2/2","1/2","1/2","1/2","2/1","1/1","2/2","2/2","2/1","1/2","1/1","1/1","1/2","2/1","1/1","1/2","2/2","2/2","2/2","2/2","2/1","1/1","1/1","1/2","2/1","2/1","1/2","1/1","2/2","1/1","1/2","2/1","1/1","2/1","1/1","1/1","2/2","1/1","1/1","1/2","1/2","2/2","2/1","1/1","2/2","1/2","1/1","2/1","2/2","1/2","2/1","2/1","2/1","1/2","1/1","2/2","1/2","2/1","1/2","2/1","2/2","1/2","2/2","1/1","1/1","1/2","1/1","2/2","1/1","2/2","1/2","1/1","2/2","2/2","1/1","1/2","2/1","2/1","1/2","1/2","1/1","2/2","1/1","2/1","1/1","1/2","1/1","1/4","1/1","2/1","1/1","1/1","2/2","1/2","2/2","2/2","2/1","2/2","1/1","2/2","2/2","2/1","2/1","1/2","2/2","2/1","1/2","1/1","2/2","1/1","2/2","1/2","1/1","2/1","2/1","2/1","1/2","2/1","1/2","1/1","2/1","1/1","1/2","2/1","1/2","2/1","1/2","2/1","1/2","2/2","2/2","2/1","2/1","1/2","2/2","2/1","2/2","2/1","1/2","2/2","1/1","1/2","2/2","2/1","1/2","1/2","1/2","1/1","1/2","2/1","1/1","1/1","1/2","1/1","1/2","2/1","2/2","1/2","2/1","1/2","1/3","1/1","2/2","2/2","1/2","3/3","2/1","1/1","2/1","2/1","2/1","2/2","1/2","1/1","1/1","2/1","1/2","2/2","1/1","2/1","2/2","2/1","1/1","2/1","1/2","1/2","2/2","2/2","2/2","1/1","1/1","2/2","2/2","1/1","2/1","2/2","1/1","1/2","1/2","1/1","2/2","2/2","1/1","1/2","1/1","1/2","1/1","2/2","2/1","1/2","1/2","2/1","1/1","2/2","1/1","2/1","2/2","1/2","2/1","2/2","2/1","1/2","1/2","2/2","2/1","2/2","1/2","2/1","1/1","1/2","1/2","2/1","1/1","2/1","1/2","1/2","1/2","2/1","1/1","3/2","2/2","2/1","1/2","2/2","2/2","1/1","2/1","2/1","2/1","1/2","2/2","1/2","2/2","2/1","1/1","2/1","2/1","1/1","1/2","2/1","1/1","2/2","1/2","1/2","4/4","1/2","1/1","1/1","2/2","1/1","2/2","2/2","2/2","1/1","1/1","1/2","2/1","4/3","2/2","1/2","2/2","1/2","2/2","1/1","1/2","1/1","1/2","1/2","2/2","1/1","1/1","2/2","1/2","2/1","1/1","1/1","1/1","1/2","1/2","2/2","2/2","2/1","1/2","1/2","2/2","1/2","1/1","1/1","2/2","1/2","1/1","1/1","1/1","2/1","2/2","2/2","2/1","2/2","1/2","2/1","2/1","1/2","1/2","2/2","2/1","2/2","2/2","1/2","1/1","1/2","1/2","1/1","1/1","1/1","2/1","2/2","1/1","2/2","1/2","1/1","2/1","1/1","2/2","1/2","1/2","1/1","1/2","2/2","2/2","1/1","1/2","1/1","1/2","1/1","2/1","2/1","1/1","2/1","1/2","2/2","1/1","1/2","2/1","1/2","1/1","2/1","1/2","1/1","1/1","1/1","1/1","2/1","2/1","2/1","2/2","1/2","1/1","2/2","1/1","1/2","2/2","1/2","2/2","2/2","1/2","2/1","2/1","1/1","2/1","2/2","2/2","2/2","1/2","1/1","2/2","1/1","1/2","1/2","2/2","1/2","2/2","1/1","1/1","1/1","1/1","2/2","2/2","1/1","2/2","1/2","1/1","1/2","1/2","2/1","2/2","2/2","1/2","2/1","1/2","2/2","1/1","1/1","2/1","2/2","2/2","1/2","1/2","1/1","1/1","1/2","1/1","1/2","2/2","2/1","2/1","2/1","2/1","2/2","2/2","1/2","1/1","2/1","2/2","2/1","2/1","1/1","2/1","1/1","1/1","1/1","2/2","1/2"
"IND0034","1/2","2/1","2/2","1/2","1/2","1/1","2/1","2/2","2/2","2/2","2/1","1/1","2/2","2/2","1/2","2/1","2/2","2/1","2/1","2/2","2/1","2/1","2/2","1/1","1/2","2/2","1/2","2/2","1/1","1/2","1/1","1/1","2/2","2/2","1/1","2/1","2/2","1/1","2/2","2/1","1/2","2/1","2/1","2/2","2/2","1/1","1/2","2/2","2/2","2/1","2/2","2/2","1/1","1/1","2/1","2/2","1/1","2/1","2/1","2/1","2/1","1/1","2/2","1/1","2/1","2/1","2/2","1/2","2/2","2/2","2/1","2/1","2/1","2/1","1/2","2/2","2/1","2/1","1/1","2/2","1/2","2/1","2/2","1/2","2/2","1/1","1/2","1/2","2/2","1/1","2/2","1/1","2/1","2/1","2/1","1/1","2/2","1/2","1/1","1/1","2/2","2/2","1/1","2/2","1/1","1/1","1/1","1/2","1/1","1/2","2/1","2/2","1/2","2/2","1/2","1/1","1/2","2/1","1/1","1/1","1/1","2/1","2/1","2/1","1/1","2/1","3/4","1/1","2/2","2/1","1/2","2/2","1/1","1/1","1/2","2/2","1/1","1/1","1/2","1/2","1/2","1/2","2/1","2/1","1/2","2/2","1/2","1/1","2/2","1/1","1/2","1/1","2/1","1/2","1/2","2/1","1/2","1/2","2/1","2/1","2/2","2/2","1/1","2/2","2/1","2/1","2/1","1/1","2/2","1/1","2/2","1/2","1/2","1/2","1/2","1/2","1/1","1/1","1/1","1/1","2/2","1/1","2/1","1/1","1/1","2/2","1/2","2/2","1/1","1/1","2/2","2/2","2/1","1/2","2/2","2/1","1/2","2/2","1/1","3/1","1/1","2/1","2/1","2/2","1/1","1/2","2/2","1/2","2/1","1/1","2/2","1/2","1/1","1/1","1/1","2/2","2/1","1/1","1/1","2/2","1/2","2/1","2/1","2/2","2/2","1/2","1/1","2/2","2/1","2/2","1/1","2/2","2/2","1/1","1/1","2/1","2/1","1/1","1/2","2/1","2/2","1/1","1/2","2/2","1/1","2/2","2/1","1/2","2/2","1/1","1/1","1/2","2/2","2/1","1/2","2/2","1/1","1/2","2/2","2/2","2/1","1/1","2/1","1/2","1/2","1/1","2/1","1/2","2/2","2/1","1/2","2/1","1/1","1/2","2/1","2/1","1/2","2/1","3/3","1/1","2/1","1/1","2/1","1/1","1/2","1/2","2/1","2/2","1/2","2/1","2/2","1/2","2/1","1/1","2/2","1/1","2/2","2/1","1/2","1/2","1/2","1/1","2/2","4/2","2/1","1/2","2/1","2/1","2/1","2/2","2/2","2/2","1/2","3/2","2/1","1/2","2/2","1/1","2/1","2/1","1/2","1/2","2/2","2/2","2/2","2/2","1/2","1/2","1/1","1/1","2/2","2/2","1/1","1/2","2/2","2/2","1/2","2/2","2/2","2/2","1/2","1/2","2/1","2/1","1/1","2/2","1/1","1/1","1/1","1/2","1/1","2/2","2/1","2/2","1/1","1/2","2/1","2/1","1/1","1/1","2/1","1/2","2/2","2/2","2/2","1/2","2/1","2/2","2/2","2/2","1/1","1/2","2/2","2/2","2/2","2/1","1/1","2/1","1/2","1/1","1/2","4/3","1/2","1/2","2/2","2/2","1/2","2/2","2/2","3/2","1/1","1/1","1/2","2/2","1/1","2/1","1/1","1/1","2/2","1/1","1/2","2/2","2/2","1/1","2/1","2/2","1/2","2/1","1/2","1/2","1/2","2/2","2/1","1/2","2/1","2/1","1/2","2/2","1/2","2/2","1/1","1/2","2/2","1/2","2/1","1/2","1/1","1/2","2/1","2/1","1/2","2/2","2/1","1/1","1/2","1/1","2/1","1/1","2/2","2/1","2/1","2/1","1/2","2/2","1/2","1/2","1/2","2/2","1/2","1/1","2/2","1/2","2/1","2/2","2/1","1/2","1/1","1/1","1/2","1/2","2/2","2/2","2/2","2/2","2/2","1/1","1/2","2/2","2/2","2/2","1/1","1/1","1/1","1/1","2/1","2/2","2/2","1/1","2/1","1/2","1/2","2/1","2/2","2/2","1/1","2/2","1/1","1/2","2/2","1/2","2/2"
"IND0035","2/1","2/2","1/1","2/1","2/2","2/1","2/2","2/2","2/2","2/2","1/1","1/1","2/2","2/2","2/2","2/2","1/2","2/1","1/1","2/1","1/1","2/2","2/1","2/2","1/2","2/2","2/2","1/2","2/1","2/1","1/2","2/2","2/1","2/2","2/2","1/1","2/1","2/2","1/1","1/1","2/1","1/1","1/1","1/1","1/1","1/2","1/1","1/1","1/1","1/1","2/1","2/1","1/1","1/2","2/2","1/1","2/1","2/2","2/1","2/2","2/1","1/2","1/2","2/2","1/1","2/1","2/1","2/2","2/1","2/2","2/2","2/1","1/2","1/2","2/2","2/1","2/2","1/2","1/1","2/1","1/1","1/1","1/2","1/1","2/1","1/1","2/1","2/2","1/1","1/2","2/2","2/2","2/2","2/1","1/1","2/1","1/1","2/2","2/2","2/2","1/2","2/1","1/1","2/1","2/2","1/1","1/2","2/1","2/1","2/1","2/2","1/2","1/1","1/2","1/1","1/1","1/1","2/1","1/2","1/1","1/2","2/1","1/1","2/2","1/2","1/2","1/3","1/1","1/1","1/2","1/1","1/1","2/2","2/2","2/2","1/2","1/1","1/2","1/1","1/2","1/2","1/2","1/2","1/1","2/1","1/2","2/1","1/1","1/2","2/2","1/2","1/1","2/2","1/2","1/1","2/2","1/1","2/1","1/1","1/2","1/1","1/2","2/1","2/1","1/1","2/1","1/2","1/2","1/2","1/2","2/1","2/2","1/2","2/2","2/1","2/1","2/1","2/1","1/1","1/2","2/1","2/1","1/2","1/2","2/1","2/2","2/2","1/2","2/2","1/2","1/2","1/2","1/1","1/2","2/2","1/1","2/2","1/1","1/1","4/2","1/1","1/2","1/2","2/1","3/4","1/2","2/2","1/2","2/2","1/2","1/2","2/2","1/1","2/2","1/2","2/1","2/1","1/1","2/1","1/2","1/2","2/2","2/1","1/1","1/1","2/2","2/2","1/2","1/2","2/1","1/1","1/1","1/1","2/2","1/2","2/2","2/2","2/1","1/1","1/1","2/1","1/1","1/1","1/1","1/2","1/1","2/1","2/2","1/1","1/1","2/2","1/2","2/1","1/2","1/2","2/1","2/2","2/1","1/2","1/2","1/1","2/1","1/2","1/1","2/1","2/2","2/2","1/1","1/2","2/2","1/1","1/2","2/1","1/2","1/1","1/2","2/1","2/2","4/2","1/2","2/1","1/2","1/2","1/1","2/2","2/2","1/2","1/2","1/2","1/2","2/2","1/1","1/2","2/1","2/2","2/1","1/2","2/1","1/2","2/2","1/1","1/2","2/1","1/2","2/2","2/2","2/2","1/1","2/2","2/1","1/2","2/2","2/2","2/4","2/2","1/2","4/2","2/2","2/2","1/1","2/1","1/1","1/2","1/2","1/2","2/1","1/1","2/1","2/1","1/1","1/1","1/2","2/2","2/2","1/1","2/2","1/2","2/1","1/1","2/2","2/1","2/2","2/2","2/2","2/1","1/1","2/2","1/1","2/2","2/2","2/2","2/2","2/2","2/2","1/1","1/2","1/1","2/2","1/1","1/2","1/2","2/2","1/2","1/2","1/1","2/2","2/1","2/2","1/1","2/2","2/1","2/1","2/1","2/2","2/2","1/1","2/2","1/1","1/1","2/2","1/2","1/3","2/1","2/2","1/2","1/2","1/2","2/2","1/2","2/4","2/2","2/1","2/2","2/2","2/2","2/1","2/2","2/2","2/1","2/1","2/2","2/2","1/2","1/2","1/2","1/2","2/1","2/1","1/1","1/1","2/1","2/2","2/2","2/2","1/2","2/1","1/2","2/2","1/2","2/2","2/1","2/1","2/2","1/2","2/2","2/1","1/1","1/2","2/1","2/1","2/2","1/2","1/2","1/2","1/1","1/1","2/2","1/2","1/1","1/1","2/1","1/1","1/2","1/2","2/2","1/1","2/2","2/2","2/2","2/1","2/2","2/1","2/1","1/1","2/2","2/2","2/2","2/1","2/2","1/1","1/1","2/2","1/1","2/1","2/1","2/1","2/2","1/1","2/1","1/1","2/2","2/1","1/2","1/1","2/1","1/2","1/1","2/1","2/2","1/2","2/1","1/2","1/2","2/2","1/1","1/1","2/2","1/2","2/1","2/1","2/2"
"IND0036","2/1","1/2","2/2","2/2","2/2","2/1","2/1","2/2","1/1","2/1","1/1","1/2","1/2","1/2","2/1","1/1","1/2","2/2","2/2","1/2","2/2","2/1","2/2","2/2","2/1","1/2","2/2","1/2","2/1","1/1","2/1","1/2","1/1","2/1","1/1","1/2","2/1","1/1","2/2","1/2","2/1","1/1","2/1","2/1","1/2","2/1","1/2","1/2","1/1","1/2","2/1","1/1","2/1","1/1","1/2","2/1","2/1","2/2","1/1","2/1","1/1","1/1","2/1","1/2","2/1","1/1","2/1","2/1","1/1","1/1","2/2","2/2","1/2","2/1","2/1","1/1","1/1","2/1","1/2","2/2","1/2","1/2","1/1","2/2","1/2","1/1","2/2","2/2","1/2","1/2","1/2","2/2","1/2","1/1","1/1","1/1","1/1","2/2","2/1","1/1","1/2","1/1","2/2","1/1","2/1","1/2","2/2","1/1","2/2","1/1","2/1","1/2","1/1","2/1","1/2","1/2","2/1","1/2","1/2","1/1","1/2","2/2","1/2","1/1","2/2","2/1","1/3","2/2","2/1","2/1","2/2","1/1","1/1","1/1","1/1","2/1","2/2","1/1","2/2","1/1","1/1","1/1","2/2","1/1","1/1","1/2","1/2","1/2","2/1","1/1","2/1","1/1","1/1","2/1","1/2","1/2","2/1","1/2","2/2","2/1","2/2","2/2","2/1","1/2","1/2","2/2","1/1","2/2","2/2","2/1","2/2","2/2","1/1","1/2","2/1","1/2","1/2","1/1","2/2","1/2","1/1","1/2","2/2","2/1","1/2","1/2","2/2","1/1","2/1","1/2","2/2","1/1","1/1","2/2","1/1","2/2","1/1","1/2","2/1","1/2","2/1","2/1","2/1","1/2","2/2","2/2","1/2","1/1","2/2","1/1","2/2","1/1","1/1","1/2","2/2","1/1","2/2","1/2","1/1","1/2","1/1","2/1","2/1","2/1","2/1","1/1","2/2","2/2","1/1","2/1","1/2","1/2","2/2","2/2","2/1","2/1","2/2","2/2","2/2","2/2","2/1","1/2","1/1","1/1","2/1","1/2","2/1","1/1","2/1","2/1","2/2","1/2","2/1","1/2","1/1","2/1","1/1","2/1","1/1","1/2","2/1","2/1","1/2","1/2","2/1","1/2","1/1","1/1","1/1","2/2","2/1","1/1","1/2","2/1","1/1","1/2","1/2","2/1","2/4","2/1","1/2","1/1","2/1","2/1","1/2","1/2","1/2","2/2","1/1","1/2","1/2","2/1","2/1","1/1","2/1","1/1","1/1","2/1","1/2","2/2","2/2","2/2","2/2","4/2","2/1","2/1","2/1","2/1","2/1","1/1","2/2","1/1","1/2","3/4","2/1","1/1","1/4","2/2","1/2","1/2","2/2","2/2","2/2","2/2","1/1","2/1","1/1","2/2","1/1","2/1","1/1","2/1","2/1","2/1","2/2","2/1","2/1","2/2","1/2","1/1","1/1","1/2","1/2","2/2","1/1","1/1","2/1","1/1","2/2","2/2","2/1","2/2","2/2","1/1","1/1","2/1","2/2","2/1","2/1","2/2","2/2","1/2","2/2","2/1","1/2","1/1","1/2","2/1","2/2","2/1","2/1","2/1","2/1","2/2","2/2","1/1","1/1","1/1","1/2","1/1","2/2","2/3","1/2","2/2","2/2","2/1","2/2","2/1","1/2","3/2","1/1","1/1","2/1","1/1","1/2","2/1","2/2","2/2","2/1","2/1","1/1","1/2","2/1","2/1","2/1","2/1","2/1","2/2","1/1","2/2","1/1","2/2","2/2","1/1","2/1","2/1","1/2","1/1","1/2","1/2","2/2","1/1","2/1","1/1","2/1","1/2","1/2","2/2","1/1","2/1","2/1","2/1","1/2","1/2","1/1","1/1","2/2","2/1","1/2","2/2","1/1","2/2","2/2","2/1","1/2","1/1","2/2","1/2","1/2","2/1","2/2","2/2","1/1","2/2","1/1","1/1","1/1","2/2","1/2","1/2","1/1","1/2","1/2","1/2","2/1","1/2","2/1","1/2","2/2","2/1","2/2","1/1","1/2","1/1","1/2","2/1","1/1","2/1","1/2","1/2","2/1","1/1","2/2","2/2","1/1","2/1","2/1","1/2","1/2","2/2","1/2"
"IND0037","1/1","2/2","1/2","1/2","2/2","1/2","1/2","1/1","1/2","1/1","1/2","1/1","1/1","2/2","1/2","1/2","2/1","2/1","2/2","2/2","1/1","2/1","2/2","2/2","1/1","1/1","1/1","1/2","2/2","2/2","1/1","2/2","1/1","2/2","2/1","1/2","1/2","1/2","2/2","1/1","1/1","1/1","1/1","2/1","1/2","2/1","1/2","1/1","2/2","2/2","2/2","1/2","1/2","1/1","2/1","1/1","2/2","1/1","1/1","2/2","1/1","2/1","1/2","2/2","1/2","2/1","1/1","2/1","1/1","2/2","1/2","1/2","1/2","1/1","1/2","1/2","1/2","2/2","2/1","2/1","2/2","1/2","1/1","1/2","1/2","1/2","1/1","2/1","2/2","2/1","1/1","1/2","2/1","1/2","2/2","2/1","2/1","1/2","1/2","1/2","2/2","1/1","2/2","1/1","2/1","2/2","1/1","2/2","1/2","2/1","2/1","2/1","1/2","2/1","2/2","1/2","1/2","1/2","1/1","2/2","1/2","2/1","2/2","2/1","2/2","1/2","3/4","2/1","1/1","2/2","2/2","2/1","1/2","1/1","1/1","1/2","2/1","1/1","1/1","2/2","2/1","1/2","1/2","1/2","2/2","2/2","2/2","2/2","1/1","2/1","2/2","2/1","1/1","1/1","2/1","2/2","2/1","2/1","2/1","1/1","1/1","2/1","2/2","2/2","1/2","1/2","2/1","2/2","1/2","2/2","2/1","1/2","1/1","1/2","2/1","1/1","1/2","2/1","1/2","2/1","2/2","1/1","2/1","2/2","1/1","2/1","1/1","1/2","2/2","1/1","1/1","2/2","1/1","2/2","1/2","2/1","2/1","1/2","1/2","4/2","2/2","2/1","2/1","1/2","2/1","2/1","2/2","1/2","1/2","1/1","1/2","1/1","1/2","2/1","1/1","2/1","1/2","2/1","2/1","2/2","2/1","2/1","2/2","2/1","2/2","1/1","1/1","1/1","1/2","2/2","2/1","1/1","1/1","1/2","1/2","2/1","1/2","1/1","1/2","1/2","2/2","1/1","1/1","1/1","1/2","2/2","2/2","1/2","1/2","1/1","2/2","2/2","2/2","2/1","2/1","1/1","2/1","2/2","2/2","1/2","2/1","1/1","2/2","2/2","1/2","1/2","2/1","2/2","2/1","1/1","2/1","1/2","2/1","1/2","2/1","2/1","2/2","1/1","4/4","1/1","2/2","1/2","1/1","2/1","2/2","1/1","1/2","2/2","1/1","2/2","1/2","1/1","2/2","2/2","2/1","1/2","1/1","1/1","1/2","1/2","1/2","2/1","2/2","3/2","2/1","1/2","2/1","1/2","2/2","1/2","2/2","1/2","2/2","1/1","1/2","1/1","2/4","2/1","1/1","2/2","2/1","2/2","2/1","2/1","2/1","2/1","2/2","1/1","1/2","1/1","2/1","2/2","1/1","2/1","2/1","2/2","1/2","1/2","1/2","1/2","1/1","2/2","1/1","1/1","1/2","1/1","1/1","1/2","1/1","2/2","2/1","2/1","2/2","1/1","1/2","2/1","2/1","1/1","1/2","1/1","2/1","1/1","1/2","2/1","2/1","2/2","1/2","1/2","2/1","1/1","2/2","1/1","1/2","1/2","2/2","1/2","1/2","2/2","1/2","1/1","2/1","2/4","2/2","1/1","2/2","2/2","1/1","2/1","1/1","2/3","1/1","2/1","2/1","1/1","2/2","2/2","2/2","2/1","1/2","1/1","1/2","1/1","1/1","2/2","1/2","1/1","2/1","1/2","2/1","1/1","2/2","1/2","1/1","2/1","1/2","1/1","2/2","1/1","2/1","1/1","2/1","1/1","2/2","1/2","1/2","1/2","2/1","1/1","2/1","2/2","2/2","1/2","2/1","1/1","2/2","1/2","2/1","2/2","1/2","1/1","2/1","2/1","2/1","2/2","1/2","1/2","1/2","1/1","1/2","1/1","1/2","1/2","1/1","1/1","1/2","2/2","2/1","2/1","2/2","2/2","1/2","1/2","2/1","1/2","2/2","2/1","1/1","2/2","2/2","1/1","2/2","2/1","2/1","2/1","2/2","2/1","1/1","1/2","1/2","1/1","1/1","2/2","1/1","2/2","2/1","2/1","1/1","1/1","2/2","2/1","2/1"
"IND0038","2/2","1/2","1/1","2/1","2/1","2/2","1/2","2/1","1/1","1/2","2/1","2/1","2/2","2/2","1/1","1/2","2/1","1/2","1/1","1/1","2/1","2/2","2/1","1/2","2/2","1/1","2/1","2/1","1/1","1/1","1/2","1/1","1/1","1/2","2/1","2/2","1/1","2/2","1/1","1/2","1/1","1/2","1/2","2/1","2/1","1/1","2/2","1/1","2/2","2/2","2/2","2/1","2/2","2/2","2/2","2/2","2/1","2/1","2/2","2/2","2/2","2/2","1/1","1/2","1/2","1/2","1/1","2/2","1/2","1/2","2/2","1/2","2/1","2/1","2/1","1/2","2/2","2/2","2/1","1/1","1/1","2/1","1/2","1/1","2/2","2/2","2/1","2/1","1/2","1/2","2/1","1/1","1/2","1/1","1/2","1/1","1/2","2/2","2/1","1/1","1/2","2/1","1/1","2/1","1/1","1/1","1/1","1/2","1/1","1/2","1/1","1/1","2/2","1/1","2/1","2/1","1/2","2/1","2/1","1/1","2/2","2/1","2/2","2/2","1/1","1/1","3/4","1/2","2/2","1/2","1/1","2/1","1/2","1/2","2/1","2/2","2/1","2/1","2/2","2/2","1/2","1/1","2/1","2/2","1/1","2/1","1/2","1/2","1/1","1/1","2/1","2/2","2/1","2/2","1/2","2/1","2/1","1/2","1/2","1/1","2/2","2/2","1/2","2/2","2/1","2/1","2/1","1/1","1/2","1/1","2/1","1/2","1/1","1/1","2/1","1/2","2/2","2/1","2/1","2/1","2/1","1/1","1/2","2/2","2/2","1/1","1/2","1/2","2/2","2/2","1/2","1/2","2/2","2/1","2/1","1/1","2/1","2/1","2/1","2/2","1/1","2/2","1/2","1/2","1/4","2/2","1/1","2/2","1/1","2/2","2/2","2/2","2/1","1/1","2/2","1/1","1/1","1/1","1/1","2/2","1/1","2/2","2/2","2/2","1/2","2/1","2/1","2/2","2/1","2/1","2/2","2/1","1/2","1/1","2/1","2/2","2/1","2/2","2/2","2/2","2/1","1/1","1/2","1/1","2/1","1/1","1/2","2/1","1/1","2/2","2/2","1/2","1/2","2/2","2/2","1/2","2/1","2/1","1/2","1/2","2/2","1/1","2/1","1/1","2/2","1/2","1/2","2/1","1/1","1/1","1/1","1/1","2/1","1/2","2/1","2/2","2/1","2/1","2/2","1/1","2/1","2/2","2/2","1/2","2/2","1/1","2/1","2/2","2/1","2/1","2/2","1/2","1/1","1/1","2/1","1/1","1/2","2/2","1/2","2/1","1/1","1/2","1/1","1/2","2/1","1/2","1/2","2/2","2/2","2/1","2/2","1/2","2/1","1/4","1/1","2/1","1/4","2/1","2/2","1/2","2/2","2/2","1/1","2/1","1/2","1/2","2/1","1/2","2/2","2/2","2/2","2/2","2/2","2/2","2/1","2/2","2/1","1/2","2/2","2/2","2/2","2/2","2/2","2/1","2/2","2/1","1/2","1/2","2/2","1/2","2/2","1/1","2/1","2/1","1/1","2/1","1/2","2/2","1/2","1/2","2/1","1/2","2/1","2/2","1/2","1/1","2/1","2/1","1/2","2/1","2/2","2/1","1/2","1/2","1/1","1/2","1/2","1/1","1/2","2/2","2/2","3/2","1/2","2/2","2/1","1/2","1/2","2/1","2/1","1/1","2/1","2/1","1/2","1/1","2/2","2/2","1/1","1/1","2/2","1/2","2/2","1/2","2/2","1/2","1/2","2/2","2/2","1/1","1/2","1/2","2/1","1/1","2/1","2/1","1/2","2/2","2/1","1/2","1/2","1/1","1/1","1/1","2/1","2/2","1/2","2/1","2/1","1/1","2/2","1/1","2/1","2/2","1/2","1/1","1/2","2/2","2/1","1/2","1/1","2/2","2/1","1/2","2/2","1/2","1/1","2/2","1/2","2/1","1/2","2/1","1/1","2/1","2/1","1/1","1/1","1/1","1/2","2/2","2/2","1/2","2/2","2/1","2/1","1/1","1/1","2/1","2/1","2/2","2/1","2/2","1/1","1/1","2/1","1/1","1/1","1/1","2/2","1/1","2/1","2/1","2/2","1/1","1/1","2/2","2/2","2/1","1/2","2/1","1/2","2/2","1/1"
"IND0039","2/2","2/2","1/1","1/2","2/2","2/2","2/2","2/2","2/1","1/2","1/1","1/1","2/1","1/2","2/1","1/1","2/1","2/2","1/2","1/2","2/1","1/2","1/2","1/2","1/2","1/1","2/1","2/2","2/2","2/2","2/2","2/1","1/1","2/2","1/2","2/2","1/1","1/1","1/1","1/2","1/2","1/2","1/1","2/2","2/2","1/2","1/1","1/1","2/2","2/1","1/1","2/2","2/2","1/2","1/2","1/1","1/1","2/1","2/2","2/1","2/1","2/2","2/2","2/2","1/2","1/2","2/1","1/1","2/1","1/1","1/2","2/1","1/2","1/2","1/2","2/1","1/2","2/2","2/2","1/2","1/2","2/2","2/1","1/1","2/2","2/2","1/2","1/1","1/1","1/1","1/2","1/2","1/1","1/1","2/2","2/2","1/2","2/1","1/1","1/2","1/2","2/1","2/1","2/1","2/1","1/2","1/2","2/2","1/2","2/2","1/1","1/1","1/2","2/1","2/1","2/2","1/2","2/2","2/2","1/2","2/1","1/2","1/2","1/2","1/2","2/2","1/2","1/2","2/2","1/2","1/1","2/2","1/2","2/1","1/1","2/2","1/2","2/1","1/2","2/2","1/1","2/1","2/2","2/1","1/2","2/2","2/1","2/1","2/1","2/1","2/2","2/2","2/1","1/2","2/2","1/1","1/2","1/2","2/1","2/1","2/1","1/1","2/1","2/1","1/2","1/2","1/2","2/1","1/1","1/1","2/2","1/2","2/1","2/1","2/1","1/2","1/2","1/1","1/1","2/1","1/2","1/2","2/2","1/2","2/2","1/2","1/2","1/1","2/2","2/2","2/2","2/1","2/2","2/1","2/1","1/2","2/2","1/1","2/1","3/3","1/1","1/1","2/1","1/2","4/3","1/2","1/1","2/1","1/2","1/2","1/1","1/2","2/2","1/2","2/2","1/2","1/1","2/2","2/2","2/1","1/1","2/1","1/1","2/2","2/2","2/1","1/1","2/2","1/2","2/2","1/2","2/1","2/1","2/1","2/2","1/1","1/2","1/2","1/1","1/2","2/1","1/1","2/2","2/1","1/2","2/2","1/1","2/1","2/2","1/1","1/2","1/2","1/1","1/1","2/2","1/1","2/2","1/2","1/1","2/2","1/1","1/2","2/1","1/2","1/2","2/1","1/2","1/1","2/2","1/1","2/1","2/2","2/2","1/1","1/1","1/2","2/2","2/2","1/4","1/1","2/1","2/2","2/2","1/1","2/2","1/1","1/1","1/2","2/1","1/2","1/1","1/2","2/2","2/2","2/1","1/2","2/1","1/2","1/2","2/1","2/1","2/2","1/1","1/4","2/2","2/1","1/1","1/2","2/1","1/2","2/1","1/2","1/2","1/3","2/1","1/1","2/2","1/2","2/2","2/2","1/1","2/1","2/2","1/1","2/1","1/2","2/1","2/1","1/2","1/2","2/2","2/2","1/1","2/2","1/1","1/1","1/2","1/2","1/2","2/1","1/1","1/2","1/1","1/1","2/2","2/1","2/2","1/1","2/2","2/1","2/1","1/1","2/2","2/2","1/2","1/1","2/2","1/2","2/2","1/2","1/2","1/2","2/1","1/1","1/2","2/2","2/1","1/2","1/1","2/1","2/2","1/1","1/1","1/1","2/2","1/2","1/2","2/2","1/1","2/2","1/1","3/4","2/2","1/2","2/2","2/1","2/2","2/1","1/1","3/4","1/2","2/1","1/2","1/2","2/2","1/1","1/2","2/1","2/1","1/1","2/1","2/1","2/2","1/1","1/2","1/1","2/2","1/2","1/2","2/2","1/1","1/2","2/1","1/2","1/2","2/1","1/2","1/2","1/1","2/2","2/1","1/1","2/1","1/2","1/1","1/2","1/1","2/2","2/1","2/1","1/2","2/1","1/2","1/1","2/2","2/1","1/2","1/2","1/2","1/1","1/2","1/1","1/2","2/1","1/1","1/1","1/1","2/1","1/1","2/1","1/1","1/1","1/2","1/1","2/1","1/1","2/1","1/2","2/2","2/1","1/2","2/1","1/1","1/1","2/1","2/1","2/1","2/1","1/1","1/2","1/2","2/2","2/1","2/1","2/1","2/1","2/2","1/2","2/1","2/2","1/1","2/2","2/2","1/2","1/2","2/2","2/1","2/2","1/2","2/2","1/2"
"IND0040","1/2","2/1","2/1","2/2","2/1","1/2","2/1","1/1","2/2","1/2","2/1","2/2","1/2","2/1","1/1","1/1","2/1","2/1","1/1","1/2","2/2","2/2","2/1","2/2","2/1","2/2","2/1","2/1","1/1","1/1","1/2","2/1","1/2","1/2","1/2","1/2","1/2","2/1","1/2","2/1","1/1","2/2","1/1","2/2","1/2","1/1","1/1","2/2","2/2","1/1","2/1","2/2","2/2","2/1","2/1","2/2","1/2","1/2","1/2","2/2","2/2","1/1","2/2","1/2","1/2","1/1","2/1","2/2","2/1","1/2","1/2","1/1","1/2","2/1","1/2","2/1","1/1","2/1","2/2","2/2","1/1","2/1","2/2","1/1","1/1","1/1","1/2","1/2","1/1","2/1","2/2","2/1","1/1","1/1","1/1","2/1","2/2","2/1","1/1","1/1","2/1","1/2","1/2","1/2","1/1","1/1","1/1","2/1","2/1","2/2","2/1","2/2","2/1","2/2","1/2","2/1","1/1","2/2","2/2","2/1","1/2","2/1","2/1","1/2","1/1","2/1","2/1","2/1","2/1","2/1","1/1","2/2","1/2","2/2","1/1","1/2","2/1","2/1","1/1","2/2","2/1","2/1","1/2","1/2","1/1","1/2","1/1","1/1","1/1","2/1","2/1","2/2","1/1","1/1","1/1","2/1","1/2","2/2","2/1","2/1","1/2","2/1","1/1","2/1","1/2","2/1","1/2","2/1","1/1","2/1","1/1","2/1","2/1","2/2","1/1","1/2","2/2","1/1","2/1","1/1","2/1","1/2","1/1","1/2","1/2","1/1","2/2","1/2","2/2","1/1","1/2","1/1","1/2","1/2","1/1","2/1","2/1","2/1","1/2","4/4","2/1","1/2","1/1","2/2","2/1","2/1","1/2","1/1","1/1","1/2","1/1","1/1","2/2","1/1","1/1","1/1","1/2","1/1","1/2","1/1","2/2","2/2","1/1","1/1","1/1","1/2","1/1","2/1","2/1","2/1","1/2","1/1","2/1","1/1","2/1","1/1","1/2","2/1","1/2","1/2","1/2","2/2","2/2","2/2","2/1","2/2","1/1","2/1","1/1","1/2","2/1","1/1","1/2","1/2","2/1","1/2","1/1","2/1","1/1","1/2","1/1","2/2","2/2","1/1","1/2","2/1","2/1","1/1","2/1","2/1","2/1","2/1","1/1","1/1","2/2","2/1","1/2","2/2","3/2","2/1","1/1","2/1","2/1","2/1","1/1","1/1","1/2","1/2","2/1","1/2","2/2","1/2","2/2","1/1","1/1","1/1","1/2","1/2","2/2","1/2","1/2","2/1","1/2","3/4","1/2","1/2","2/2","2/2","1/2","1/1","2/2","2/1","1/1","4/1","1/2","2/1","3/1","1/2","1/2","1/1","1/1","2/1","2/1","2/2","1/2","2/2","2/1","2/1","1/2","2/2","1/2","2/2","2/2","2/2","1/2","1/1","1/2","2/1","1/1","1/1","1/1","1/1","2/1","2/2","1/2","1/1","1/1","2/2","1/2","2/1","1/2","2/1","1/1","1/1","1/2","2/2","1/1","2/2","1/2","1/2","1/1","2/1","1/2","1/2","2/1","1/2","1/2","2/1","1/1","2/1","2/1","1/2","1/1","1/2","2/1","2/2","1/2","2/1","2/1","1/2","2/2","3/1","2/1","2/2","1/2","1/2","1/1","1/2","2/1","2/3","2/1","2/2","2/2","2/1","2/1","1/1","1/1","2/1","2/1","1/2","2/2","1/2","2/1","1/2","1/2","1/1","1/2","1/1","1/2","1/2","2/1","1/1","1/2","2/2","1/1","2/2","2/1","2/2","2/1","2/1","2/2","2/1","1/2","1/2","1/2","2/2","2/2","2/1","2/2","2/2","2/1","2/2","2/1","1/1","1/1","2/2","2/1","2/2","2/1","2/2","2/1","2/2","2/1","1/1","2/1","1/1","1/2","1/1","1/2","1/2","1/2","2/2","1/1","2/1","1/1","2/2","2/2","2/2","1/1","2/2","2/1","2/1","2/1","2/2","2/2","1/1","2/2","2/2","2/2","2/2","1/2","2/1","2/2","1/1","1/1","2/2","1/1","1/2","2/1","1/1","2/1","2/2","1/1","2/1","1/1","1/2","1/2","1/2","1/2","2/2","2/1"
"IND0041","2/2","1/1","2/1","2/2","1/1","2/1","2/1","2/1","1/1","2/1","1/1","2/1","1/2","2/1","2/1","1/2","2/1","1/2","2/1","2/2","1/1","2/2","1/1","2/1","2/2","1/1","2/1","2/2","2/2","2/1","2/2","2/1","1/2","2/2","2/1","2/1","1/1","2/2","2/2","1/2","2/1","1/2","2/1","2/1","1/2","1/1","1/2","1/2","1/1","1/1","1/1","1/1","2/2","2/1","2/1","1/2","1/1","1/2","2/2","1/1","2/1","2/1","1/1","2/1","1/2","2/2","2/1","2/2","1/1","2/1","2/2","2/2","2/1","1/1","2/2","1/2","1/2","1/2","1/1","2/2","2/2","1/1","1/2","2/1","1/2","1/1","2/1","2/1","2/2","2/1","2/2","2/2","1/2","1/1","2/2","1/2","1/2","1/2","1/1","2/2","1/1","2/1","1/1","2/2","1/2","1/1","2/1","1/2","2/2","1/1","1/2","2/1","2/1","1/2","2/2","1/2","2/2","1/2","2/2","2/2","2/1","1/2","2/2","2/2","1/1","2/1","4/1","1/2","2/2","1/2","1/1","2/1","1/2","2/1","1/2","2/1","1/2","2/1","1/1","2/2","1/2","1/2","1/2","2/2","2/2","2/2","1/1","1/1","2/1","1/1","2/2","2/1","1/1","1/2","1/1","1/1","1/2","1/1","1/1","2/2","2/1","1/2","1/1","1/2","2/1","2/1","1/2","2/2","2/1","2/1","2/2","2/1","2/1","2/2","2/1","2/1","1/1","2/2","2/1","2/2","2/2","1/1","1/2","1/2","1/2","1/2","2/1","2/1","2/2","2/2","2/2","1/1","2/2","1/1","2/1","1/1","1/1","1/2","1/2","3/2","2/1","2/1","2/1","1/1","4/2","2/2","1/2","2/2","2/2","1/1","1/2","1/1","2/2","1/2","1/2","2/1","1/2","1/2","1/1","1/2","1/1","2/2","2/1","1/1","1/2","1/2","1/2","2/2","1/1","2/2","2/1","1/2","2/1","2/2","1/1","1/1","2/1","2/2","2/1","1/2","1/1","1/2","2/1","2/2","2/2","2/2","1/1","2/1","1/2","2/2","1/1","1/1","2/2","2/1","1/2","1/2","2/2","2/1","2/2","2/2","2/1","2/1","2/2","2/1","2/1","1/1","2/1","2/1","2/2","2/1","2/1","2/2","2/1","1/1","1/2","1/1","2/1","1/2","3/3","1/2","1/2","1/2","1/2","2/2","2/2","2/2","2/1","2/1","1/2","1/1","2/2","1/2","2/2","2/2","1/2","1/2","2/2","2/2","2/2","2/1","1/2","2/2","1/2","4/4","2/1","2/1","2/2","1/2","1/2","2/2","1/2","2/2","1/2","3/2","2/1","2/1","2/2","1/2","1/1","2/2","1/1","2/1","2/1","2/1","1/2","2/1","2/2","2/2","2/1","1/2","1/1","2/1","2/2","2/2","2/2","1/1","1/1","2/1","1/1","2/1","1/1","1/1","1/1","2/1","2/1","2/1","2/1","2/1","1/2","2/1","1/1","2/1","1/1","1/1","2/2","2/2","1/1","2/2","1/2","2/1","1/2","1/2","2/1","1/1","2/2","2/1","1/2","2/1","1/2","2/2","2/2","1/1","1/2","2/1","1/1","2/1","2/2","1/2","1/2","1/1","1/1","4/2","2/1","2/2","2/2","2/1","1/1","2/1","1/1","1/4","2/1","1/1","1/2","2/2","1/1","2/1","2/1","1/2","1/2","2/1","2/2","2/1","1/2","2/2","2/2","1/2","2/1","1/2","1/2","2/1","2/1","1/2","2/1","2/1","1/1","1/1","1/2","1/1","1/2","2/2","2/1","1/1","2/2","1/1","2/1","1/1","1/1","1/1","2/2","2/1","2/1","2/1","2/2","2/2","2/1","1/1","1/1","2/1","2/1","1/2","2/2","1/1","2/1","1/1","1/1","2/1","2/1","1/2","2/1","1/1","1/1","2/1","1/1","2/1","2/1","1/1","1/1","2/1","1/2","2/2","2/2","2/2","1/2","1/2","2/1","1/1","1/1","2/1","2/2","1/2","2/1","2/1","1/2","2/1","1/2","1/2","1/1","1/1","1/1","1/2","2/1","2/1","2/1","2/1","2/2","2/2","1/1","2/2","1/1","2/1","1/1"
"IND0042","1/2","2/2","1/1","2/2","1/2","1/1","1/2","1/2","2/1","2/2","1/2","1/2","1/1","1/1","2/2","1/1","2/2","1/1","2/2","2/1","2/2","1/1","1/2","2/1","1/2","1/1","1/2","2/1","2/1","2/1","2/2","2/1","2/2","2/2","1/2","1/1","2/2","2/2","2/2","2/1","2/1","2/2","1/1","1/1","1/2","1/2","2/2","1/1","2/2","2/2","1/1","1/2","2/1","1/1","1/1","2/2","2/1","1/1","1/2","2/2","1/1","1/1","2/2","2/2","1/1","2/1","1/1","2/2","1/2","2/1","2/2","1/1","2/2","1/1","1/1","1/1","2/2","1/2","2/1","2/1","1/1","1/1","2/2","2/1","1/1","1/1","1/1","1/1","1/2","1/1","1/1","1/2","1/1","1/1","1/1","1/2","2/1","1/1","1/2","2/2","2/1","2/1","2/2","1/1","1/2","2/1","2/1","2/2","2/1","1/1","2/2","2/1","1/1","2/1","2/1","1/1","1/1","1/1","1/2","2/1","2/2","2/2","1/1","1/1","2/2","1/1","1/2","1/1","1/2","2/2","1/2","2/2","1/1","1/1","2/1","1/1","2/2","2/1","2/1","1/2","1/2","2/1","2/1","2/2","2/1","1/1","2/2","1/2","2/2","1/2","1/2","2/1","1/2","1/2","1/1","2/2","1/1","2/1","2/1","2/1","2/2","2/2","1/2","1/1","1/2","1/1","1/2","2/2","2/2","1/1","2/2","2/2","2/2","2/1","2/1","1/2","2/1","1/2","2/1","1/2","2/1","1/2","2/2","2/2","1/1","2/1","2/1","2/2","1/1","2/2","2/1","2/2","2/1","1/2","2/2","2/2","1/1","1/2","2/2","1/4","1/1","1/2","1/2","2/1","3/1","1/2","1/1","2/1","1/2","2/2","1/2","2/1","1/1","2/1","2/1","1/2","1/1","2/2","1/1","1/2","2/1","1/2","2/1","1/1","1/1","1/1","1/2","2/2","2/1","1/2","2/2","1/1","1/1","1/2","2/1","2/2","2/2","1/2","2/2","1/2","1/2","2/1","2/1","1/2","1/1","2/1","1/2","2/2","1/1","1/2","2/1","2/1","2/1","1/2","2/2","1/1","1/1","2/2","1/2","1/2","1/1","1/1","2/1","1/1","2/1","1/2","1/1","1/2","1/1","2/2","1/2","2/1","2/2","2/2","2/2","2/2","1/1","2/1","2/1","2/1","1/1","2/2","1/2","2/1","2/2","2/1","2/2","2/2","2/1","2/2","2/2","2/1","1/2","1/2","1/2","1/2","1/1","1/1","1/1","1/1","1/2","2/1","2/2","3/4","2/2","2/2","2/2","1/1","2/1","2/1","1/1","2/1","2/1","3/4","2/1","2/1","1/3","1/1","1/2","1/1","2/1","2/1","2/1","2/2","2/1","2/1","1/1","2/1","1/1","2/1","1/2","2/1","2/1","2/2","2/1","2/1","2/1","1/2","2/1","2/2","1/2","2/1","2/1","1/1","2/1","2/2","2/1","2/1","1/1","2/1","2/1","1/2","2/2","2/2","2/2","1/2","1/1","1/2","2/2","1/2","2/2","1/2","2/1","1/1","2/2","2/2","1/1","1/2","1/2","1/1","1/1","1/1","1/1","1/2","1/1","1/2","1/2","2/1","1/1","2/2","2/1","2/1","2/1","2/2","2/1","1/1","1/2","2/1","1/1","2/2","1/2","1/1","2/1","2/2","1/1","2/1","2/2","1/2","2/1","2/2","2/1","2/2","2/1","2/2","1/1","2/1","2/1","1/1","2/2","1/2","2/2","1/1","1/2","1/1","1/1","2/2","2/1","2/2","2/1","1/1","2/1","1/2","2/2","1/1","2/1","1/2","1/2","1/2","1/1","2/2","1/1","1/1","1/1","1/2","2/2","2/2","1/1","1/1","2/1","2/1","1/1","2/1","2/2","1/2","1/1","2/1","2/1","1/2","1/2","2/1","1/2","2/1","2/1","1/2","1/2","2/2","2/1","1/1","1/1","1/2","1/2","2/2","2/2","2/2","1/1","1/1","2/1","2/2","1/2","2/2","1/2","1/2","1/1","2/2","2/1","1/1","1/2","1/2","1/2","2/1","2/2","1/2","1/1","2/1","1/1","1/2","1/2","2/1","2/1","1/1","2/1"
"IND0043","1/2","1/2","1/2","2/2","2/2","2/1","2/1","2/1","2/2","1/2","1/2","2/2","2/1","1/1","1/2","1/1","2/2","1/1","2/2","1/2","1/2","2/2","1/2","2/2","2/1","2/2","1/1","1/1","2/1","2/1","1/1","2/1","1/2","1/2","1/1","1/2","1/2","2/2","1/2","2/1","1/1","2/2","2/2","2/2","1/2","1/2","2/1","1/2","2/2","1/2","1/1","2/1","1/2","2/1","1/2","2/1","1/1","2/1","1/2","2/2","1/2","1/2","1/1","2/1","1/1","2/1","1/2","2/2","2/2","2/2","1/1","1/2","2/2","2/1","2/1","1/1","2/1","1/1","2/1","1/2","2/1","1/2","2/2","1/2","1/1","1/2","1/2","2/1","2/1","2/2","2/2","2/2","2/2","1/1","2/2","1/1","1/2","2/2","1/2","1/1","2/1","1/2","1/2","2/1","1/1","1/1","1/2","2/1","2/2","1/2","1/2","1/2","2/2","1/2","2/2","1/1","1/2","2/1","2/2","1/1","1/1","1/1","2/1","1/1","2/1","1/2","4/3","2/1","2/2","2/1","1/2","1/1","2/2","1/2","1/2","1/1","2/1","2/2","1/2","1/2","1/2","1/1","1/1","2/1","2/2","2/1","2/1","2/1","2/2","1/1","1/2","2/2","1/1","2/1","1/1","1/1","1/1","2/1","2/1","2/2","2/1","2/2","2/1","2/1","2/1","2/1","1/2","1/1","1/1","2/1","2/1","2/1","1/2","1/1","1/1","1/2","2/1","1/1","1/1","2/1","1/1","1/2","1/2","2/1","1/2","1/2","2/2","1/1","2/1","1/2","2/2","1/1","2/2","1/2","2/1","2/1","1/2","2/1","1/2","4/2","2/1","2/2","1/2","2/1","3/3","2/1","2/1","1/2","2/1","2/2","1/1","2/1","1/1","1/1","1/2","1/2","1/1","2/1","2/1","2/2","2/1","1/1","2/1","1/2","2/1","1/2","2/2","1/2","2/1","2/2","1/1","1/2","1/1","2/2","1/2","2/1","2/2","2/1","2/1","1/1","2/2","1/1","2/2","1/1","1/1","1/2","1/2","1/2","1/1","1/1","2/2","2/2","2/2","2/1","1/2","1/2","1/1","1/2","1/1","2/2","2/1","2/1","2/2","1/2","2/1","1/2","2/2","1/1","2/2","1/1","1/2","1/1","2/2","2/2","2/1","2/1","2/2","1/2","1/3","2/2","2/1","1/2","2/2","1/1","2/1","2/1","1/1","2/2","1/1","1/2","2/2","2/1","1/1","1/1","2/2","1/2","2/2","2/1","1/1","1/2","1/2","1/1","2/1","3/3","1/2","1/1","2/1","1/2","2/1","2/2","2/1","2/1","1/1","3/1","2/2","1/2","1/3","1/1","2/2","1/1","2/1","1/1","2/2","2/2","1/1","2/2","1/2","2/2","1/2","1/1","2/2","2/1","2/1","2/1","1/1","1/2","2/1","1/1","2/1","2/1","2/1","2/1","1/1","1/1","1/2","1/1","1/2","2/1","2/1","1/2","2/2","2/1","1/1","1/1","1/2","2/1","2/2","1/1","2/1","2/1","2/2","2/1","2/2","1/1","2/1","1/1","2/1","1/1","2/2","1/1","2/1","1/2","2/2","2/1","1/1","2/1","1/1","1/1","2/2","1/1","2/2","3/1","2/2","1/1","2/1","2/1","2/1","2/2","1/2","4/4","1/1","2/1","1/1","1/2","2/2","1/2","1/1","2/2","2/1","2/2","1/1","1/1","1/2","2/1","1/1","2/2","1/1","2/1","1/1","2/2","2/2","2/1","2/1","2/2","1/2","2/1","2/1","1/1","2/1","1/1","1/1","2/1","1/2","2/2","1/2","1/1","2/2","1/1","1/2","2/1","1/2","2/2","1/2","1/1","1/2","1/2","2/2","1/2","2/1","2/1","1/1","1/2","2/2","1/2","2/1","1/2","1/2","2/1","2/2","2/1","1/2","2/1","2/2","2/1","1/1","1/2","2/1","1/2","1/1","2/1","2/1","2/2","2/2","2/1","2/1","1/1","1/2","1/2","2/1","1/1","2/2","1/2","2/2","2/2","1/2","2/2","1/2","1/2","1/2","2/1","1/1","1/1","2/2","2/1","2/1","1/1","2/2","1/1","2/2","1/1","1/2"
"IND0044","1/1","2/1","1/2","1/1","1/2","1/2","1/1","1/1","1/2","2/2","2/1","2/1","1/2","2/2","2/2","2/1","1/1","2/1","1/2","2/1","1/2","2/2","2/1","2/2","2/2","2/2","2/2","1/1","2/1","1/1","2/2","1/2","1/2","2/2","2/2","1/2","1/2","2/2","2/2","2/2","1/2","1/2","2/2","1/2","2/1","2/1","1/1","1/2","2/2","1/2","2/1","1/1","1/2","2/1","1/2","1/1","1/1","2/2","1/2","2/1","1/1","2/2","2/2","2/2","1/2","2/1","2/2","2/1","1/1","2/2","1/2","2/1","2/1","1/1","1/1","1/2","2/2","1/1","1/1","2/2","2/1","1/2","1/1","2/2","2/2","1/2","1/2","1/1","1/1","1/1","1/1","2/1","2/1","2/1","1/2","2/1","2/2","1/1","2/2","2/1","1/1","2/2","2/1","1/2","2/1","1/1","1/1","1/2","2/1","1/2","2/1","1/1","1/2","2/2","1/1","1/1","1/2","2/2","2/1","1/1","1/2","2/2","2/2","2/2","1/2","1/2","4/1","2/1","2/1","1/2","1/2","2/2","1/2","2/1","1/2","1/2","1/2","1/2","1/2","1/1","2/1","2/1","1/1","1/1","2/2","2/1","2/1","1/2","1/2","1/1","1/1","1/1","2/1","2/1","1/1","1/2","2/1","1/1","1/1","1/1","1/1","1/1","1/2","1/1","1/1","2/1","1/1","1/2","1/2","2/2","2/2","2/1","1/2","1/2","2/1","1/2","2/2","2/1","1/1","1/1","1/1","2/1","2/2","1/2","1/1","2/1","2/2","2/1","2/2","2/2","1/2","1/1","1/1","1/1","1/1","2/2","1/2","2/1","1/2","3/4","2/1","1/1","1/2","1/2","3/1","2/2","1/1","2/2","2/1","2/2","1/2","1/2","1/2","1/1","2/2","1/1","2/2","1/2","2/2","2/2","1/1","2/2","2/1","1/2","2/1","2/1","1/2","2/1","1/2","2/1","2/2","2/1","1/2","1/1","2/2","1/1","2/2","1/2","2/2","2/1","2/1","1/2","2/1","1/1","2/2","1/1","2/1","1/2","2/2","2/1","1/2","1/1","2/1","2/1","2/2","2/2","1/2","1/2","2/2","2/1","2/1","2/2","1/1","1/2","2/2","1/1","2/2","1/2","2/2","1/2","1/1","2/2","2/2","1/1","2/2","1/2","1/2","2/2","1/4","2/2","2/1","2/1","1/2","2/1","1/1","2/2","1/2","2/1","2/1","2/2","2/1","2/2","1/1","2/1","1/2","2/2","1/1","1/1","1/1","2/1","1/2","2/1","2/2","2/2","1/1","2/1","2/2","2/2","2/1","2/1","2/1","2/2","1/1","3/1","1/1","1/1","3/2","1/2","2/2","2/2","1/2","2/2","2/2","1/1","1/2","1/1","2/2","1/1","1/1","1/1","2/2","2/1","2/1","1/1","2/2","1/1","2/1","2/2","1/2","1/2","1/1","1/2","1/2","1/2","1/2","1/2","2/2","2/1","2/1","2/1","1/1","2/2","1/1","2/1","1/2","1/1","1/2","2/1","2/1","1/2","2/1","1/2","1/1","2/2","1/1","2/2","2/1","2/2","2/2","1/1","1/1","1/2","1/1","1/1","2/1","1/1","1/2","1/1","2/1","2/1","2/2","3/3","1/1","1/1","2/1","2/1","2/2","2/2","1/1","3/3","2/2","2/2","1/1","1/1","1/1","1/1","2/1","2/1","1/1","1/1","2/2","2/2","1/1","2/2","1/2","1/2","2/2","1/2","1/2","2/2","1/2","2/1","1/2","2/1","2/1","1/1","1/1","2/1","1/1","2/1","1/2","1/2","1/1","2/1","1/2","1/2","2/2","2/1","1/1","2/1","1/2","2/2","2/2","1/2","2/2","1/2","2/1","1/1","2/1","2/2","1/2","1/2","1/2","1/1","2/1","1/2","1/2","1/1","1/2","1/1","2/1","1/2","2/1","2/2","1/2","2/2","2/1","2/1","1/1","2/2","2/2","2/2","2/1","2/2","1/2","1/2","1/1","2/2","2/2","1/2","1/1","1/1","2/1","2/2","1/1","2/1","2/2","2/2","1/2","2/2","2/2","2/2","2/2","1/2","1/2","1/2","2/2","1/2","1/2","2/2","2/2"
"IND0045","1/1","1/1","1/2","1/2","1/1","2/1","2/1","1/2","1/2","2/2","2/2","1/1","2/1","1/2","1/2","2/2","2/2","2/1","1/1","2/2","1/2","2/1","1/2","1/2","2/2","1/1","1/2","1/1","2/2","1/2","1/2","1/2","2/1","2/2","1/1","1/2","2/2","1/1","1/1","2/1","1/1","1/2","1/1","1/1","1/1","1/2","2/2","2/2","2/1","2/1","2/1","1/1","2/2","2/1","1/1","2/1","1/2","2/2","1/1","1/1","1/1","1/2","1/2","1/1","2/1","1/2","1/1","1/1","2/1","1/1","1/1","2/1","2/1","2/2","1/2","1/1","2/2","2/2","2/1","2/1","1/2","1/1","1/1","1/1","1/2","1/1","1/1","1/1","2/1","1/2","1/2","2/2","2/2","1/2","1/2","2/1","1/1","1/2","1/2","2/2","2/1","2/1","2/2","2/1","1/2","1/2","2/2","2/1","1/1","1/2","1/1","1/2","1/1","1/1","1/2","1/1","1/1","1/1","2/2","1/1","1/1","2/2","1/2","2/2","1/1","1/2","2/1","1/2","2/2","1/1","1/2","2/1","2/1","1/1","1/1","2/2","1/1","2/1","2/1","2/2","2/2","1/2","2/2","1/1","1/1","1/2","1/2","2/1","1/2","1/2","2/1","1/2","1/1","2/1","2/1","1/2","2/1","2/2","1/2","2/2","2/1","2/2","2/1","1/2","1/2","1/1","1/1","2/2","1/2","2/1","2/1","1/1","1/2","2/1","1/2","2/1","2/1","2/2","1/1","2/2","1/1","1/2","2/1","1/1","1/1","2/2","1/1","1/1","2/2","1/1","1/2","2/2","2/2","2/2","2/2","2/2","1/1","2/1","2/1","1/1","2/2","1/2","1/1","1/1","4/2","1/2","1/2","1/1","1/1","1/1","2/1","1/2","1/1","2/1","1/2","2/2","1/1","1/1","1/1","2/1","2/2","2/2","2/1","1/1","1/2","2/1","2/1","2/2","2/2","1/2","1/1","2/2","2/1","1/2","2/1","2/1","2/1","1/1","2/1","2/1","2/1","1/2","2/1","2/1","2/2","2/2","1/1","1/1","1/1","1/2","1/1","1/2","2/2","2/1","2/1","2/2","1/2","1/2","1/1","1/1","2/2","1/1","2/1","2/1","2/2","1/1","2/2","2/2","1/1","1/2","1/1","1/1","2/2","1/1","1/2","2/2","1/2","1/2","1/2","1/2","2/1","1/1","2/2","2/2","1/2","1/2","1/1","2/1","2/1","2/1","1/1","1/2","1/1","1/1","1/2","2/2","2/2","1/2","1/2","2/2","2/1","1/2","1/2","2/4","1/2","1/2","1/1","2/2","1/2","2/1","2/1","2/2","2/2","1/4","1/2","2/2","2/3","1/2","1/1","1/1","1/2","1/2","2/2","1/2","2/1","2/1","1/1","1/2","2/2","2/2","1/1","2/1","1/1","1/1","2/1","2/2","2/2","2/1","1/1","2/2","1/2","1/2","2/1","2/2","1/1","1/2","1/2","1/2","1/2","1/2","1/1","1/2","1/2","1/2","1/1","1/2","1/2","1/2","2/1","1/2","1/1","2/1","2/1","1/1","1/2","2/2","1/2","1/1","2/2","1/1","1/1","1/2","1/1","2/2","1/1","1/1","2/2","2/1","2/2","1/2","1/2","1/3","2/2","2/1","1/1","2/2","1/1","2/1","1/2","1/3","1/1","1/2","2/2","1/1","2/2","2/2","1/1","2/1","2/2","2/2","1/2","2/1","2/2","2/2","1/1","2/2","1/2","2/1","1/1","1/2","2/2","2/1","2/2","2/1","2/1","1/1","1/2","1/2","1/2","2/1","1/1","2/2","1/1","2/2","2/2","2/1","2/1","1/2","1/2","2/2","1/1","1/1","2/1","2/2","2/2","1/2","2/1","1/2","1/2","1/1","1/2","2/1","2/1","2/1","2/2","2/1","1/1","1/1","1/2","1/2","1/1","2/2","2/2","1/2","1/1","1/2","2/1","2/2","2/1","2/1","2/2","1/1","1/2","1/2","1/1","1/1","1/1","2/1","1/1","1/1","1/2","1/1","1/1","2/1","1/2","1/2","2/1","2/2","1/2","2/1","2/1","2/1","2/1","2/1","2/2","2/2","1/1","2/1","2/2","2/1","2/1"
"IND0046","2/2","2/1","1/1","2/1","2/1","1/1","2/2","2/1","1/2","2/1","1/1","2/2","1/1","2/2","2/1","1/2","1/2","2/2","1/2","1/1","1/2","1/2","1/1","1/2","1/1","2/1","1/2","1/1","2/1","1/2","1/2","1/2","1/1","1/1","1/2","1/2","1/1","2/2","2/2","1/2","1/1","1/1","1/1","2/1","1/2","1/2","1/1","1/2","1/1","2/2","1/2","2/2","2/1","2/1","1/2","1/1","2/1","2/2","1/1","1/2","1/1","2/2","2/1","2/1","1/1","2/1","2/2","2/1","2/2","1/2","1/2","1/2","2/2","1/2","1/2","1/1","1/2","1/2","2/2","1/1","2/2","1/2","2/2","2/2","2/2","1/1","1/1","1/2","2/2","2/2","1/2","1/2","2/2","2/2","2/1","2/1","2/1","2/1","1/2","1/1","2/1","1/1","1/2","2/1","2/2","2/1","2/1","1/1","2/1","1/1","1/2","2/1","2/2","1/2","1/1","2/2","2/1","1/2","2/2","1/1","2/2","1/2","2/1","1/2","1/2","2/2","1/3","1/2","1/1","1/1","2/1","1/2","1/1","1/1","1/2","1/2","2/1","1/1","1/1","1/1","2/1","1/1","1/2","2/1","1/2","1/1","1/1","2/1","2/2","1/1","2/1","1/2","2/1","2/1","1/2","1/1","1/1","1/1","2/1","1/2","1/1","2/1","1/1","2/1","1/1","1/1","2/1","1/1","2/2","2/1","1/2","2/2","2/1","2/2","1/2","1/2","1/2","1/1","2/2","1/1","1/2","2/2","2/1","1/2","1/2","2/1","2/1","2/2","1/2","1/2","1/2","2/2","2/2","1/2","1/1","1/1","1/2","1/2","2/2","3/1","1/1","1/1","2/1","2/2","4/4","2/2","1/1","1/1","1/1","2/1","2/1","1/2","1/2","2/2","2/2","1/1","1/1","1/1","2/1","1/1","2/2","2/1","2/2","2/2","1/2","1/1","2/2","1/1","1/1","1/1","1/1","2/2","2/2","1/1","2/1","1/1","2/1","2/2","2/1","2/1","1/1","2/1","1/2","1/2","2/2","1/1","1/1","1/2","2/2","1/1","2/2","1/2","1/2","1/2","2/1","2/1","1/2","2/2","2/1","1/2","2/2","1/1","2/1","2/1","1/2","1/1","2/2","1/1","2/2","1/2","1/2","1/2","1/1","2/2","1/2","1/1","1/2","2/1","3/2","1/1","2/2","1/1","2/2","2/1","1/1","2/1","2/2","1/2","2/1","2/1","2/1","2/1","1/2","2/1","2/2","1/1","2/1","2/2","1/2","2/1","2/1","2/1","1/1","1/1","1/1","1/2","2/2","2/2","1/1","1/2","2/2","1/2","2/2","2/3","1/1","2/1","2/2","1/1","1/1","1/2","2/2","2/1","1/1","1/2","1/1","1/1","2/2","1/1","1/1","1/2","1/2","1/2","2/2","1/2","1/2","2/2","2/2","2/2","1/1","2/1","2/1","2/1","1/2","1/1","1/1","1/2","1/2","1/1","2/2","2/1","2/1","2/1","2/2","2/1","1/2","2/1","2/2","2/2","1/1","2/2","1/2","1/1","2/1","1/1","1/1","2/2","2/2","1/2","1/1","2/2","1/1","2/1","1/2","1/1","2/2","1/2","1/2","1/2","1/1","2/2","2/1","2/3","2/1","2/1","2/2","1/2","2/1","2/2","2/2","3/1","1/2","2/2","2/2","2/2","2/1","2/2","2/2","2/1","2/1","1/1","1/2","2/2","2/1","2/1","2/1","1/1","2/1","1/2","1/2","2/1","1/2","1/2","2/2","2/1","1/1","1/2","2/2","1/2","1/2","2/1","2/2","1/2","1/2","2/1","1/2","1/2","1/2","1/2","1/2","2/1","2/1","1/1","2/1","1/2","1/1","1/1","2/1","2/2","1/2","2/2","2/2","1/1","1/2","2/2","1/1","2/2","1/2","2/1","1/1","2/1","1/1","2/2","1/2","1/1","1/2","1/1","2/2","1/2","1/2","1/2","1/2","1/2","1/1","1/2","2/1","1/1","1/2","2/1","1/1","1/1","1/1","2/2","2/2","2/1","1/1","2/1","2/2","2/2","2/2","2/1","1/1","1/1","2/1","2/2","2/2","2/2","1/2","1/1","2/1","2/1","2/2"
"IND0047","2/2","2/1","1/1","1/2","2/2","2/2","2/1","2/2","1/2","2/2","2/2","2/1","2/1","2/1","1/2","1/1","2/2","2/1","1/2","2/2","1/1","2/2","1/2","2/2","2/2","1/2","1/1","2/1","1/2","1/2","1/1","1/2","1/2","2/2","2/1","1/2","1/2","2/2","1/2","1/2","1/1","2/1","2/1","1/1","2/2","1/2","1/2","1/1","2/1","1/1","1/1","2/2","1/2","2/2","2/1","2/2","1/1","1/1","2/1","2/2","2/1","1/1","2/1","2/2","1/2","1/2","2/2","2/2","1/1","2/1","2/1","1/2","2/2","2/2","1/2","1/2","1/2","2/2","2/1","1/1","1/2","2/1","1/2","2/1","1/1","1/2","1/1","1/1","2/2","2/1","2/2","1/2","2/1","1/2","2/1","1/1","2/1","2/1","2/2","2/1","1/2","2/2","1/1","1/1","1/2","1/1","2/1","1/1","2/2","2/2","2/1","1/1","1/2","1/1","1/1","2/1","2/2","1/2","2/2","2/1","2/1","1/1","2/2","1/1","1/2","1/1","3/3","1/1","1/2","1/2","2/2","1/2","1/2","1/2","2/1","2/2","2/2","1/2","2/2","1/1","2/2","1/2","2/1","1/2","2/2","1/2","1/1","2/1","2/1","2/1","1/2","1/2","2/1","2/1","2/1","1/1","2/2","2/2","1/1","2/2","1/1","2/2","1/2","2/1","1/1","1/1","2/2","1/2","1/2","1/2","2/1","1/1","2/2","2/1","1/2","2/1","1/2","2/1","2/1","2/2","1/2","1/1","2/1","1/2","1/1","1/2","2/1","1/1","1/1","1/1","1/2","2/2","2/1","2/2","2/1","2/1","1/1","1/2","1/2","2/4","1/1","1/1","1/2","1/2","4/4","2/2","1/2","1/2","2/1","1/1","1/1","1/1","2/1","2/1","2/1","2/2","2/1","1/2","1/2","2/1","2/1","2/1","1/2","1/2","1/2","2/2","1/2","1/2","2/1","1/2","1/2","2/2","2/1","2/1","2/1","2/2","2/2","2/2","1/1","1/2","2/2","2/1","2/2","1/1","2/2","2/1","1/2","1/1","2/1","1/1","2/2","1/1","2/2","1/2","2/1","2/1","2/2","2/1","2/1","1/1","1/1","2/1","1/1","2/1","2/2","2/1","1/1","1/2","1/1","2/2","1/2","2/2","1/1","1/2","2/2","1/1","2/2","1/2","2/2","2/1","2/2","1/1","2/1","2/2","2/1","1/1","1/2","1/1","1/1","2/2","2/2","2/1","1/2","2/1","1/2","2/1","2/2","1/2","2/1","2/1","1/1","1/1","1/2","2/3","1/2","1/1","2/2","2/2","1/2","2/1","1/1","1/1","1/1","3/4","1/2","1/1","2/3","1/2","2/1","1/1","2/1","2/2","2/2","1/2","1/2","1/2","1/1","2/1","1/1","1/2","2/2","2/2","2/1","2/1","2/2","2/2","2/1","2/1","2/1","1/2","1/2","2/2","2/1","1/1","2/2","2/1","1/2","2/1","1/1","2/2","1/2","2/2","2/2","2/2","2/1","2/1","1/2","2/1","2/2","2/1","1/1","2/1","1/1","1/1","1/2","1/1","1/1","2/1","2/1","2/2","2/2","2/2","2/1","1/2","1/2","1/2","1/1","2/2","2/1","2/2","2/1","3/3","1/1","1/2","2/1","1/2","2/2","2/2","1/2","4/3","2/1","1/1","1/2","1/2","2/1","2/1","1/2","2/1","2/1","2/2","1/2","1/1","2/1","1/2","1/2","2/2","1/2","1/1","1/2","2/1","2/2","1/2","1/1","1/1","1/2","2/1","1/2","2/2","1/1","2/2","2/1","1/1","1/2","2/1","2/2","2/1","1/1","1/1","2/1","2/1","1/2","1/1","1/2","2/1","2/2","1/2","2/2","1/1","2/2","1/2","1/1","2/1","2/2","2/1","1/1","2/1","1/1","2/1","2/1","1/1","2/1","2/1","1/2","1/2","2/2","2/2","2/2","2/2","1/1","1/1","1/1","1/2","2/1","1/1","2/2","1/1","2/1","2/1","1/1","1/1","2/2","1/2","1/1","2/1","2/2","1/2","1/2","2/1","1/2","1/1","2/1","2/1","2/1","2/2","1/1","2/2","1/2","2/1","2/2","1/1","2/1"
"IND0048","2/1","2/2","1/2","2/1","1/2","1/2","1/2","1/2","2/2","2/2","2/2","1/1","1/1","2/1","1/1","1/2","2/1","2/1","2/1","2/1","1/1","2/2","2/2","2/1","1/1","1/2","2/2","2/1","2/2","2/2","1/2","2/2","1/1","1/1","1/2","2/2","1/2","2/2","1/2","2/1","2/1","1/2","2/2","1/2","1/2","1/2","1/1","2/2","1/1","1/1","1/2","2/1","2/1","2/1","2/2","2/2","2/1","2/1","1/1","2/2","2/1","1/1","1/1","2/1","2/2","1/2","1/1","2/1","1/1","1/1","1/1","1/1","1/1","2/2","2/2","2/1","2/2","2/1","1/2","2/1","2/1","2/1","1/1","1/1","1/1","1/1","2/1","1/1","2/2","2/2","1/1","2/1","2/2","1/2","1/1","2/2","2/2","2/1","2/2","1/2","2/1","1/2","1/1","2/2","1/1","1/2","1/2","2/2","2/1","2/2","1/1","1/2","2/1","2/1","2/2","2/2","1/2","2/2","2/2","1/1","1/1","1/1","1/1","1/2","2/2","2/2","1/1","2/2","2/1","1/1","1/2","2/1","2/2","1/2","2/1","1/1","2/1","1/2","1/2","2/2","2/1","2/1","2/2","1/1","2/1","1/2","2/2","2/1","2/1","1/1","2/1","1/2","2/2","2/1","1/2","1/1","1/2","1/1","2/1","1/2","2/1","1/2","2/1","2/1","1/2","1/2","2/1","1/1","1/2","2/1","1/1","1/1","1/2","1/1","1/1","2/1","1/2","1/2","1/2","2/1","2/2","2/2","1/2","1/1","2/2","1/1","1/2","1/2","2/2","1/2","1/1","1/2","1/1","1/2","1/1","2/1","2/1","2/2","1/1","1/1","2/2","1/2","2/2","1/1","3/4","2/1","2/2","1/2","2/1","1/2","2/1","1/2","2/1","2/2","1/2","2/2","2/1","1/2","2/1","2/2","1/2","1/1","1/2","1/2","2/2","2/2","2/2","2/1","1/2","1/1","2/2","2/1","1/2","2/1","1/2","2/2","1/2","2/2","1/2","2/2","1/2","1/2","2/2","1/2","1/2","1/1","1/2","2/1","2/2","1/2","1/2","2/1","2/1","2/1","2/1","2/2","1/1","1/1","2/1","1/1","2/1","2/1","1/1","2/1","1/1","2/2","2/2","2/1","2/1","1/1","1/2","1/1","1/1","1/1","1/2","1/2","1/2","1/2","1/1","1/1","1/2","1/1","2/2","1/1","1/1","1/1","1/2","1/2","2/2","1/1","2/2","2/2","2/2","1/2","2/2","2/1","2/1","2/2","2/2","1/1","2/1","1/1","1/1","2/1","1/1","2/1","2/2","1/1","2/2","1/1","2/2","1/1","1/2","3/4","1/2","2/2","2/2","1/2","1/1","2/2","1/1","1/2","1/1","1/1","1/1","2/1","2/2","1/2","2/1","2/1","2/1","1/1","1/2","2/2","2/2","2/1","2/2","2/2","2/1","1/2","1/2","2/2","2/2","2/1","2/2","2/1","2/2","1/2","1/1","2/2","2/1","2/2","2/1","1/1","1/1","2/2","1/1","1/2","1/1","1/1","1/2","2/2","2/2","1/2","2/2","1/2","1/2","2/1","2/2","1/1","2/2","1/2","1/1","1/1","2/2","2/2","1/1","1/1","1/2","1/1","1/2","3/4","2/1","2/1","1/1","1/2","1/1","2/2","2/1","1/4","1/2","2/2","2/1","1/1","1/1","2/1","1/1","1/1","2/2","2/2","2/1","1/2","2/2","1/2","1/1","1/2","2/1","1/2","1/2","1/2","1/2","2/1","2/2","1/1","2/2","1/1","2/2","2/2","2/2","1/2","1/1","1/1","2/2","2/2","2/1","2/1","2/2","1/2","1/1","1/2","2/2","2/2","2/2","2/2","1/1","2/2","2/2","2/1","1/2","2/2","2/2","1/1","1/1","1/1","2/2","2/1","1/2","1/1","1/2","1/2","2/1","1/1","2/2","2/2","1/2","1/1","1/1","2/1","1/2","2/2","2/2","2/1","1/2","2/2","1/1","1/2","1/1","2/2","2/1","2/2","2/1","2/2","2/2","1/1","1/2","1/2","1/1","1/2","1/2","1/2","2/2","2/2","2/1","1/2","1/1","1/1","2/2","1/2","2/1","2/1","1/2"
"IND0049","2/1","2/2","2/2","2/1","1/1","2/2","2/1","1/2","2/2","1/1","2/2","1/1","1/2","1/2","1/2","2/1","1/2","2/1","2/1","1/2","1/1","1/2","1/1","2/1","2/1","1/2","1/1","1/1","2/2","1/2","1/1","2/2","2/1","1/1","2/1","2/2","1/1","2/1","2/2","1/1","2/2","2/1","1/2","2/1","1/2","2/1","2/1","1/1","2/1","1/1","1/2","1/1","2/1","1/2","1/2","1/1","2/1","1/1","1/1","2/1","2/2","2/2","1/1","2/1","2/2","1/1","2/2","2/1","2/2","1/2","1/1","2/2","1/2","2/2","2/2","2/1","2/2","1/1","1/2","1/1","2/1","2/2","1/2","1/1","2/2","2/2","2/2","1/2","2/1","1/2","1/1","1/1","1/2","1/2","1/2","2/2","1/1","1/1","2/2","1/1","1/2","1/1","2/1","2/2","1/1","2/2","1/1","2/2","2/1","2/2","2/2","1/1","1/2","2/2","2/1","1/1","1/2","2/1","1/2","1/1","1/2","1/2","2/1","1/1","2/1","1/1","4/1","1/2","2/1","2/2","1/1","1/2","1/1","2/2","2/2","1/2","1/2","1/2","1/2","2/2","2/1","2/2","2/1","2/1","2/1","1/1","2/2","1/1","1/1","1/2","2/2","1/2","2/2","2/1","2/1","2/2","1/2","2/2","1/2","2/1","1/1","1/1","2/1","1/2","2/1","2/1","1/1","1/1","1/2","2/1","1/2","2/2","1/2","1/2","2/1","1/1","1/2","2/2","2/1","1/1","1/2","2/2","1/2","2/2","2/2","2/2","1/2","2/1","2/1","2/1","1/2","2/2","1/2","2/2","1/1","1/2","1/1","2/2","1/2","4/4","2/2","2/2","1/1","2/2","4/1","1/2","2/1","2/2","2/1","1/1","2/1","1/2","1/2","2/1","1/1","1/2","1/2","2/1","1/2","1/1","1/1","2/2","1/1","2/2","2/2","1/2","2/1","2/1","2/2","1/2","2/2","1/1","2/2","1/1","1/2","1/2","1/2","2/1","1/1","2/1","1/2","2/2","2/1","2/1","2/2","1/2","1/1","1/2","2/1","1/2","2/1","1/1","2/2","1/1","2/2","2/2","2/1","2/2","2/1","1/2","1/1","1/1","2/1","2/2","1/1","2/2","2/2","1/2","1/2","2/2","1/1","2/2","1/1","2/2","1/1","1/1","2/1","1/2","3/2","1/1","2/2","1/2","1/2","1/1","1/1","2/2","2/1","2/1","1/1","1/2","1/2","2/2","1/1","2/2","2/1","1/2","1/1","2/1","2/2","1/2","1/1","1/2","1/2","3/4","2/2","2/2","2/2","1/2","1/1","1/2","2/2","2/2","2/2","4/2","1/1","1/2","2/4","2/1","1/2","2/1","2/1","2/2","2/2","1/1","2/1","1/1","1/1","2/1","2/1","2/2","2/1","1/2","2/1","2/1","1/1","1/1","1/2","1/1","2/1","1/2","2/2","1/2","2/1","2/2","1/2","2/1","1/1","1/1","2/1","2/1","2/2","2/2","2/2","1/1","2/2","2/2","2/1","2/1","2/2","2/2","2/1","1/2","1/1","1/2","1/1","1/2","1/2","1/2","1/2","2/2","2/2","1/2","1/1","1/1","2/1","2/2","1/2","2/1","1/1","1/2","1/1","1/3","2/2","1/2","2/1","1/2","1/2","2/2","2/1","2/2","2/2","1/1","1/1","2/1","2/2","1/2","1/1","1/2","1/1","1/1","1/2","1/2","2/1","1/2","2/1","1/2","2/1","1/2","1/1","2/2","2/2","1/2","2/1","2/2","2/2","2/2","2/1","2/1","1/2","2/2","1/1","1/2","2/2","1/1","2/1","2/1","1/2","2/1","2/2","1/1","1/1","2/1","2/1","2/2","1/1","2/1","1/1","1/1","2/2","2/1","1/2","2/1","2/1","2/2","2/1","1/1","2/1","2/1","1/1","2/1","2/2","2/1","2/2","2/2","2/2","1/2","1/1","1/1","1/1","2/2","2/2","1/1","1/2","2/2","2/2","2/1","2/1","2/2","2/2","2/1","2/1","1/2","2/2","2/2","2/1","2/1","1/1","1/2","2/2","1/2","2/1","1/1","2/2","1/1","2/2","1/1","1/1","1/1","2/1","2/1","2/1"
"IND0050","1/1","1/1","1/1","2/2","2/2","1/1","2/2","2/1","1/2","2/2","1/1","2/2","2/2","2/2","2/2","2/1","2/1","1/1","1/2","1/1","2/1","2/1","2/1","2/1","1/2","1/1","2/1","1/1","1/1","1/1","2/1","1/1","1/2","1/1","1/2","1/1","2/2","1/2","1/1","1/2","1/1","1/2","2/2","2/2","2/2","2/1","1/2","1/2","2/2","1/1","2/2","1/2","1/2","2/2","2/1","1/2","2/2","2/1","2/2","1/1","1/2","1/2","2/2","2/2","1/2","1/1","2/1","1/1","1/1","2/1","2/2","1/2","1/1","2/2","2/2","1/2","2/2","1/1","1/1","1/1","2/2","2/2","1/2","1/2","1/1","1/1","2/2","2/2","2/1","1/1","2/1","1/1","1/2","2/2","1/1","1/2","1/2","1/1","2/2","1/1","1/2","2/1","1/2","2/2","1/2","2/2","2/1","2/1","2/2","1/2","1/2","1/2","1/1","2/1","1/1","1/1","1/2","1/2","1/1","2/1","2/2","1/1","1/1","2/1","2/1","1/2","1/4","2/1","1/2","1/2","1/2","1/2","1/2","2/1","1/1","1/2","1/2","2/2","2/2","1/1","2/1","2/1","1/1","1/2","2/2","1/1","2/2","2/2","2/1","2/2","2/1","2/1","2/1","1/2","2/1","1/1","1/1","1/1","1/1","1/2","2/1","2/1","1/1","1/2","2/2","2/1","1/2","1/2","1/2","2/1","1/1","1/2","2/2","1/1","1/2","1/2","1/2","2/2","2/2","2/1","1/1","1/2","1/1","1/1","1/2","2/2","1/2","2/1","1/1","2/2","1/1","2/1","2/1","2/1","1/1","2/2","2/2","1/1","1/1","1/2","2/1","1/1","2/1","2/2","2/1","1/1","2/2","1/2","1/2","1/1","2/2","1/2","1/2","1/2","1/1","1/1","2/1","1/2","2/1","2/2","1/2","1/2","1/1","2/1","2/2","2/1","2/2","2/2","1/1","2/2","1/2","2/1","2/2","1/2","2/2","1/1","1/2","2/2","2/2","1/1","1/1","1/2","2/2","1/1","1/1","1/1","2/1","1/2","1/2","2/2","1/1","1/2","1/1","1/1","1/1","1/1","1/2","1/2","1/2","1/2","1/2","1/1","2/1","1/1","2/1","2/1","1/1","2/2","1/1","2/1","1/1","1/2","2/2","2/2","1/1","1/1","1/1","2/2","2/1","1/1","2/2","1/2","2/1","1/2","2/1","2/1","1/1","2/1","1/2","1/2","2/1","2/1","2/2","2/1","1/1","2/2","1/2","1/2","1/2","1/2","2/1","2/1","2/1","2/1","2/2","2/2","2/2","2/2","2/1","1/1","2/2","2/1","1/2","1/1","1/1","1/2","1/1","2/1","2/1","1/1","1/2","1/2","1/1","2/1","2/2","2/1","2/1","1/1","2/2","2/2","1/1","1/1","2/1","1/1","1/2","1/1","1/1","1/1","2/2","2/1","2/2","2/2","2/1","2/2","1/2","1/1","2/2","1/1","2/1","2/1","2/2","2/1","1/2","2/2","2/1","1/1","1/2","2/2","1/2","1/2","2/2","2/1","2/2","1/1","1/2","1/2","2/2","2/2","2/1","2/1","2/1","1/1","1/2","2/2","1/1","1/2","2/1","1/2","1/2","2/1","1/2","1/1","1/2","1/1","1/1","1/1","1/2","1/2","1/2","1/4","2/2","2/2","1/2","2/1","1/1","1/2","1/1","1/2","1/1","1/1","2/1","2/2","1/1","1/1","1/1","1/2","1/2","1/1","2/1","2/1","2/2","1/1","1/2","2/2","2/2","2/1","1/1","1/1","2/1","1/1","2/1","1/1","1/2","2/1","1/1","1/2","2/1","2/2","2/2","1/1","1/2","2/1","1/1","2/2","2/1","2/1","1/2","2/2","1/1","1/2","2/1","1/1","2/1","2/1","2/1","1/1","1/2","2/1","1/2","2/1","1/2","1/2","2/2","1/2","1/2","2/1","2/1","2/1","1/2","1/1","2/2","2/1","2/2","1/1","2/1","2/1","1/1","2/1","2/1","2/2","2/1","1/2","1/2","1/2","2/1","1/2","1/1","1/2","2/1","2/2","2/2","1/2","1/1","2/1","1/1","2/1","1/1","2/1","1/1","1/1","2/2"
"IND0051","1/2","2/2","2/1","1/2","2/2","2/2","2/1","2/2","1/1","1/2","2/2","2/2","1/1","2/2","2/2","2/2","2/2","1/1","1/1","2/1","2/2","2/1","2/2","1/1","1/2","2/1","2/1","2/1","1/1","1/1","2/1","2/1","2/2","1/2","2/1","1/2","1/2","1/1","1/1","2/2","2/2","1/2","1/1","2/1","1/1","2/1","1/1","2/2","2/2","2/2","2/1","1/1","2/1","2/2","2/2","2/1","2/2","1/1","2/2","2/1","2/2","1/2","1/1","2/2","1/1","1/1","1/2","2/1","1/1","1/2","1/1","1/2","1/1","1/1","2/1","1/2","1/2","1/1","2/2","1/1","1/2","2/2","1/2","2/1","1/2","2/1","1/1","1/2","2/2","2/1","1/1","2/2","1/1","1/2","2/1","1/1","2/1","2/2","1/2","2/1","2/1","1/2","2/2","1/2","2/1","1/1","1/1","2/1","2/1","2/2","1/1","2/1","2/2","1/2","1/2","1/1","1/2","1/2","2/1","2/2","1/2","2/1","1/1","1/2","1/1","2/1","1/4","1/1","2/1","1/2","2/1","1/1","2/1","1/1","1/2","2/1","1/2","2/2","1/1","1/1","2/2","2/1","1/2","2/1","2/2","2/1","2/2","2/1","2/1","1/1","1/2","1/1","2/2","2/1","2/1","1/2","2/1","2/1","1/2","1/1","1/2","1/2","1/2","1/1","1/1","2/2","1/1","2/2","1/2","2/1","1/1","1/2","1/2","2/1","2/2","1/1","1/1","1/1","2/2","2/1","2/1","2/1","2/2","2/1","2/2","1/2","1/2","2/2","1/2","1/2","2/2","2/2","2/1","2/2","2/2","1/2","2/1","2/2","1/1","3/2","2/1","2/1","1/1","1/1","4/1","2/1","1/1","2/2","2/2","2/2","2/1","1/2","2/1","1/1","2/2","2/2","1/2","2/1","2/1","2/2","2/1","2/2","1/2","2/1","2/2","2/2","1/2","2/2","1/1","1/1","1/2","2/1","1/1","1/2","1/1","2/1","2/2","2/1","2/2","1/1","2/1","1/1","1/2","2/1","2/1","1/1","2/2","1/1","1/2","1/1","1/2","1/2","1/2","1/1","2/1","1/1","1/2","1/2","1/1","2/1","2/1","1/2","2/1","2/2","1/2","1/2","2/2","2/2","2/1","1/2","1/2","1/1","1/2","1/2","2/2","1/2","2/1","2/1","3/4","2/1","2/2","1/2","1/2","1/2","1/1","1/1","2/1","2/2","2/1","2/1","2/2","1/1","1/2","1/1","2/2","1/2","2/2","1/1","1/2","1/1","2/2","2/1","2/2","4/1","1/2","2/1","1/1","2/2","2/1","2/2","2/2","1/1","2/2","2/3","2/2","2/1","4/4","2/1","1/1","2/2","1/2","2/2","2/2","2/1","1/1","1/2","2/2","2/2","1/1","2/2","2/1","2/2","2/1","2/2","2/2","2/1","1/2","2/2","1/2","1/2","1/1","1/2","2/2","1/2","2/2","2/2","2/2","2/1","2/1","1/1","2/2","1/2","2/2","1/1","2/1","1/2","2/2","2/2","2/1","2/1","1/2","1/2","2/1","1/1","1/1","2/1","1/1","2/1","1/2","2/1","2/1","1/2","1/2","1/2","1/1","1/1","2/2","1/2","2/1","2/1","1/1","3/3","2/1","2/1","2/2","2/2","2/1","2/1","2/2","3/3","2/2","2/2","2/1","2/2","1/2","2/2","2/1","2/2","2/2","2/1","2/1","2/2","2/2","1/2","1/2","2/1","1/2","2/1","2/2","2/2","2/1","1/1","1/1","1/1","2/2","1/2","2/2","2/2","1/2","1/2","1/2","1/1","2/1","2/2","2/2","1/2","2/2","1/1","2/2","1/2","2/2","1/2","2/2","1/1","2/1","1/1","1/2","2/1","1/1","1/1","1/2","2/1","2/2","1/1","2/1","2/2","2/1","1/2","2/1","2/1","2/1","1/2","1/1","1/1","1/2","1/1","2/2","2/1","1/1","1/1","2/2","2/1","1/1","2/1","1/1","1/1","2/2","1/2","1/1","2/1","1/2","1/2","2/1","1/2","2/2","1/2","2/2","1/1","1/2","1/1","1/2","1/1","1/2","2/1","1/2","2/2","1/2","2/1","1/1","1/2","2/2"
"IND0052","2/2","2/2","2/2","2/1","1/1","2/1","2/2","1/1","2/2","2/1","1/1","2/1","2/1","2/1","2/1","2/1","1/1","2/1","2/2","1/2","2/1","1/2","2/1","2/1","2/2","1/2","1/2","1/1","2/2","2/1","1/2","1/2","2/2","2/1","1/1","1/1","2/2","1/2","1/1","2/1","2/2","2/1","1/2","2/1","1/2","2/2","1/1","1/2","2/1","2/2","1/1","1/1","2/2","2/2","2/1","1/2","2/2","2/2","1/2","2/1","1/2","2/1","2/1","1/1","1/1","2/1","1/1","2/2","1/2","1/2","1/1","2/2","2/2","1/2","2/2","1/1","1/2","2/1","2/2","1/1","2/1","1/2","2/1","2/1","1/1","2/1","2/2","1/2","1/2","1/2","2/1","1/1","2/1","1/2","2/1","1/2","2/2","1/1","2/2","1/2","1/1","2/1","2/2","1/1","1/2","1/2","1/1","1/2","2/2","2/1","2/1","1/2","2/1","1/2","2/2","1/1","2/1","2/1","2/1","1/1","2/2","1/1","2/2","1/2","1/2","2/2","1/1","2/1","2/2","2/1","2/2","1/2","2/2","1/2","2/1","2/1","1/1","1/1","2/2","1/2","2/1","2/1","2/2","2/1","1/1","2/2","2/1","1/2","1/1","1/1","2/2","1/1","1/2","1/2","1/1","2/1","1/1","2/2","2/2","1/2","1/2","2/2","1/2","2/1","2/1","2/2","1/2","2/2","2/1","2/2","1/2","1/1","2/2","1/2","2/1","1/1","2/1","2/2","2/1","1/2","1/1","1/1","1/2","1/1","2/2","1/1","2/2","1/1","1/1","1/1","1/1","1/1","1/2","1/2","2/2","1/1","2/2","2/1","2/1","4/4","1/2","1/2","1/2","2/1","1/2","2/2","2/1","2/2","2/2","1/1","2/1","2/1","2/2","1/2","2/2","1/1","2/2","2/1","1/2","1/1","2/1","2/2","1/1","2/2","2/1","2/2","2/2","2/2","1/2","2/1","2/2","1/2","2/2","1/1","2/1","2/1","2/2","1/1","2/2","2/2","2/1","2/1","2/2","1/1","1/1","2/2","2/2","1/1","2/1","1/1","2/1","2/1","2/2","2/2","1/1","1/1","2/1","1/1","1/1","2/1","1/1","1/1","2/2","1/1","2/2","2/2","2/1","2/2","2/2","1/2","2/1","1/2","2/1","1/2","1/2","2/2","1/2","1/2","4/2","2/1","2/2","1/2","1/2","1/2","2/2","2/2","2/2","1/1","1/1","2/2","2/2","2/1","2/1","2/2","1/2","1/2","2/2","1/1","2/1","1/2","2/2","1/1","2/2","3/3","2/2","1/2","1/1","1/1","1/2","2/1","2/2","1/1","1/2","2/2","1/1","2/2","1/3","1/1","2/2","2/2","2/1","2/2","1/1","2/1","1/2","2/2","2/1","2/2","2/1","2/2","1/2","2/2","2/1","1/1","2/2","1/2","2/2","1/2","2/1","2/1","2/2","1/1","1/2","1/1","2/1","2/1","1/1","1/2","1/2","1/1","1/2","2/1","2/1","2/1","2/2","1/1","1/2","1/1","1/2","2/1","2/1","2/1","1/2","1/1","1/1","1/2","2/2","2/1","1/1","2/2","2/2","1/1","2/2","1/1","1/2","2/1","2/1","1/1","2/2","1/1","1/2","1/2","2/2","1/2","1/2","1/2","2/1","2/1","2/2","3/2","1/1","2/2","1/2","2/2","1/2","2/2","1/2","1/2","2/1","1/2","2/2","1/2","2/1","1/1","2/1","1/2","1/1","2/1","2/2","2/1","2/1","1/1","2/2","1/2","2/1","2/2","2/2","1/2","2/2","2/2","1/1","1/2","1/1","2/1","2/1","1/1","1/1","1/2","1/2","2/1","1/1","1/2","2/1","2/1","1/2","2/1","2/2","1/1","2/2","1/2","2/1","2/2","1/2","1/1","1/1","2/2","1/2","1/1","1/2","2/1","2/1","2/1","2/2","1/2","1/1","2/1","2/2","1/1","2/1","1/1","2/2","1/1","1/1","2/1","1/1","2/1","1/2","1/1","2/2","2/1","2/1","1/1","2/1","2/1","1/2","2/1","1/1","1/1","2/2","1/2","1/1","1/1","1/1","1/2","2/2","2/1","1/2","1/2","1/1","2/2","1/1"
"IND0053","1/1","1/1","1/2","2/2","1/2","2/2","1/1","2/1","1/1","2/2","1/2","1/2","2/2","1/1","1/2","1/2","2/2","1/2","2/2","2/1","1/2","2/2","2/1","1/2","2/2","1/1","1/2","2/2","1/1","2/2","2/2","1/2","1/2","1/1","2/2","2/1","1/2","1/2","2/1","2/2","2/2","2/2","1/2","1/1","2/1","2/1","1/2","1/1","2/1","2/1","2/2","1/2","2/1","1/2","2/2","1/1","2/1","2/2","1/1","1/2","1/1","1/1","2/1","1/1","2/1","2/2","1/1","2/1","1/1","2/2","1/1","1/1","1/2","2/1","1/1","2/1","1/2","2/2","2/1","1/1","1/1","1/1","2/2","2/1","2/2","1/1","1/2","1/1","1/1","1/2","2/2","2/2","1/1","1/2","1/1","2/2","2/1","2/2","1/2","1/2","1/2","1/1","2/2","2/2","1/2","2/1","1/1","2/2","2/1","1/2","1/2","2/2","2/1","1/1","2/1","2/1","2/2","2/2","2/2","1/2","2/2","1/2","1/1","2/2","1/1","2/2","3/2","1/1","2/1","2/2","2/1","1/1","2/2","2/2","1/1","1/1","1/2","2/1","1/2","2/1","1/2","1/2","1/2","1/2","2/2","2/1","2/1","1/1","2/2","2/2","1/1","1/2","2/1","1/2","2/1","1/1","1/1","2/1","2/2","1/1","1/2","1/2","2/2","2/2","1/2","1/2","2/2","1/2","1/1","1/2","1/2","1/2","1/1","1/1","1/1","2/1","2/2","1/1","1/2","2/1","2/1","2/1","2/2","2/2","1/2","1/2","2/2","1/1","2/1","2/1","1/2","2/2","1/2","1/2","2/2","2/1","2/2","1/2","1/1","2/2","1/1","1/2","2/1","1/1","1/3","2/2","2/1","1/1","2/1","2/1","2/1","1/2","2/1","1/1","2/1","1/1","1/1","2/2","2/2","1/1","2/2","2/1","2/1","1/2","1/1","1/1","1/1","1/1","1/1","2/2","1/2","2/1","2/1","1/2","2/2","2/2","2/2","2/2","1/1","2/1","1/1","1/1","2/1","1/1","2/2","1/1","1/2","1/2","2/2","1/2","1/2","1/1","2/2","1/2","1/2","1/2","1/2","1/1","1/2","1/2","1/2","1/2","2/1","1/2","1/2","2/1","2/1","1/2","2/1","2/1","2/1","1/1","2/1","1/1","1/2","1/1","1/2","1/2","1/2","1/2","1/1","1/2","1/2","1/1","2/2","1/2","2/2","2/2","1/2","1/1","1/1","1/1","1/1","1/1","1/2","2/2","1/2","2/1","1/1","2/2","1/1","2/1","2/1","1/2","2/1","1/1","1/1","1/1","1/2","1/1","1/2","1/2","2/2","4/4","1/2","2/1","2/1","1/1","1/1","1/2","2/1","2/1","2/1","2/1","1/2","1/1","2/1","1/2","2/1","2/2","1/2","2/1","1/1","1/1","1/1","1/1","1/1","2/2","1/2","2/2","1/2","1/2","1/2","1/2","2/2","1/2","1/1","1/1","2/2","2/1","2/1","1/1","2/2","1/1","1/2","1/2","1/2","2/1","1/2","1/2","2/2","1/1","2/2","1/2","1/1","1/2","1/2","1/2","1/1","1/1","1/1","1/2","2/1","1/2","1/1","2/1","1/2","1/1","1/1","1/2","1/2","3/4","2/1","2/2","2/1","2/2","2/1","2/2","2/2","1/4","1/1","2/1","2/2","1/1","1/1","2/1","2/1","1/2","1/1","1/1","1/2","2/1","2/1","2/1","1/2","1/2","2/2","2/1","2/2","1/2","1/2","1/1","2/1","2/2","2/1","1/1","2/1","2/1","1/2","1/1","1/2","2/2","1/1","1/2","1/2","2/1","1/1","1/2","1/1","1/2","1/2","2/1","1/1","1/1","1/2","2/1","1/1","1/1","1/1","2/1","2/1","1/2","1/1","2/2","2/1","2/1","1/2","1/2","1/2","1/1","1/1","1/2","2/1","1/1","2/2","2/2","2/2","2/1","2/1","1/2","1/2","2/1","2/1","2/1","1/1","2/2","1/2","1/1","2/2","2/2","2/2","1/1","1/2","1/1","1/1","2/2","2/1","1/1","1/1","2/2","2/2","1/1","1/2","1/2","2/1","2/2","2/1","1/1","2/1","1/2","2/1"
"IND0054","1/1","2/2","1/1","2/1","1/1","2/1","1/2","2/1","1/2","1/2","2/1","2/1","2/1","2/2","2/2","2/1","1/2","2/1","2/2","1/2","2/1","1/1","2/1","1/1","2/1","1/2","2/1","1/2","2/1","1/1","1/2","1/2","1/2","2/1","1/1","2/1","1/2","1/1","2/1","2/2","1/2","1/2","1/1","2/1","1/2","1/2","1/1","2/1","2/2","2/2","1/1","2/2","1/2","2/1","2/1","1/2","1/1","2/1","2/2","1/2","2/1","1/1","1/1","1/1","2/1","1/1","1/1","2/2","1/1","2/2","1/1","1/2","1/1","2/1","1/1","1/2","2/1","1/1","1/1","2/1","2/1","2/2","2/2","2/1","2/2","2/2","1/2","2/1","2/1","2/1","2/2","2/1","2/2","2/2","2/1","2/2","2/1","1/1","1/2","1/1","1/2","1/1","1/1","2/2","2/1","2/2","2/1","2/2","2/2","1/2","2/1","2/2","1/1","2/2","2/1","2/1","2/1","1/1","2/1","1/1","2/1","2/2","2/2","2/1","2/2","1/1","1/4","2/2","1/1","1/2","1/2","2/1","1/2","1/2","1/1","1/2","1/1","2/2","1/1","2/1","1/1","1/2","1/1","2/2","1/2","2/1","2/1","2/2","2/2","2/1","1/1","1/1","1/2","2/2","2/1","2/1","2/1","2/1","1/1","1/2","1/1","1/2","1/1","1/1","1/2","2/2","2/2","1/2","1/1","2/2","2/1","1/2","1/2","1/2","1/2","1/1","1/2","2/2","1/1","2/2","2/2","2/2","1/1","2/1","1/1","1/1","1/1","2/1","1/2","2/1","2/1","1/1","1/2","1/2","1/2","1/1","1/1","2/2","1/2","1/2","2/2","1/1","1/2","1/1","1/3","2/1","1/1","2/1","1/2","1/1","2/1","2/1","2/2","2/2","1/1","2/1","1/2","2/2","1/2","1/1","2/1","1/1","2/1","2/2","2/2","1/1","2/2","1/2","1/1","1/1","2/2","2/1","2/2","2/2","2/2","1/1","2/1","1/1","2/2","2/2","2/1","1/2","1/2","2/1","2/2","1/2","2/1","1/1","2/2","1/1","2/1","1/2","1/2","1/2","1/1","2/1","2/2","2/2","2/2","1/2","2/1","1/1","2/1","2/2","1/2","1/1","1/2","1/1","2/2","2/1","1/2","1/1","1/2","1/1","2/2","1/1","2/1","2/2","1/1","2/1","2/2","1/1","1/1","2/2","2/1","2/2","1/2","1/1","1/1","2/1","1/1","1/2","2/1","1/1","1/1","2/1","1/1","2/1","2/2","1/2","2/2","2/1","2/1","2/3","1/2","1/1","1/2","2/2","2/1","1/2","2/2","2/2","1/1","4/4","2/1","2/2","4/4","1/2","2/1","1/1","1/2","1/2","1/2","1/1","2/2","2/1","2/2","1/1","1/2","2/1","1/1","1/1","1/1","1/2","2/2","2/2","1/2","1/1","2/2","2/2","1/1","2/2","1/1","1/1","1/1","1/2","1/2","1/2","2/2","2/2","1/1","1/1","1/1","2/2","1/1","2/1","1/1","1/1","2/2","2/2","2/1","2/1","2/2","2/1","2/1","2/1","2/1","1/1","1/2","2/2","2/2","2/2","2/2","1/1","2/1","2/2","1/2","2/2","1/1","2/1","2/1","3/3","1/2","1/2","1/2","2/1","2/1","1/1","1/1","3/4","1/1","1/2","1/2","1/1","1/2","1/2","1/2","2/1","1/2","2/2","1/2","1/1","2/1","1/2","1/1","1/1","2/2","1/2","2/2","1/1","1/1","2/1","2/1","1/1","1/2","1/2","1/1","2/1","2/1","2/2","1/1","1/1","1/1","2/1","1/2","2/2","1/1","1/2","2/2","1/2","2/1","1/2","2/2","1/1","2/2","2/1","2/2","1/1","1/2","1/2","1/2","2/2","2/1","2/2","2/2","2/1","2/1","1/2","2/1","1/2","2/2","2/1","1/1","2/2","1/2","2/2","2/2","2/1","1/1","2/2","1/1","2/1","1/1","2/2","2/1","2/2","1/2","1/1","1/2","1/2","2/2","2/2","1/1","1/1","2/2","2/2","1/1","1/2","2/2","2/1","1/2","1/1","1/2","1/2","2/1","1/2","1/2","2/2","2/1","1/2","1/1"
"IND0055","1/2","2/1","2/1","1/2","1/1","1/1","2/1","1/2","2/1","1/1","2/1","2/1","2/1","2/2","2/1","2/1","2/2","1/1","1/2","2/1","1/2","2/2","2/2","1/1","1/2","2/2","2/2","1/2","1/1","1/1","2/1","1/1","1/1","2/1","2/2","2/2","1/2","1/2","2/1","2/1","1/1","1/1","2/1","1/1","2/1","2/1","1/2","1/1","1/1","2/2","1/2","1/2","1/2","2/2","2/2","1/1","1/1","1/2","1/2","1/2","2/1","1/2","1/1","1/2","1/1","2/2","2/1","2/1","1/1","2/2","1/2","2/2","1/2","2/2","2/2","2/2","1/2","2/1","1/1","1/2","2/2","1/2","1/1","1/2","1/2","1/2","2/2","1/1","2/1","2/1","2/1","1/1","2/1","2/2","2/2","2/2","1/2","2/1","2/1","1/1","1/2","2/2","1/1","1/1","1/1","1/2","1/2","1/1","1/1","1/1","1/1","1/1","2/2","1/2","1/2","2/1","1/2","1/1","2/2","2/1","1/2","1/2","2/2","2/2","2/2","2/2","2/1","1/1","2/1","2/1","2/1","1/2","1/2","1/2","1/2","2/1","1/1","2/1","2/2","1/2","2/2","1/1","2/1","2/2","1/2","2/2","1/2","2/1","1/1","2/1","2/2","2/2","1/1","1/2","1/2","2/1","2/2","2/2","2/1","2/2","1/2","1/1","1/2","1/1","1/2","1/1","2/2","1/2","2/1","1/1","2/1","1/1","2/2","1/1","1/2","1/2","1/1","1/1","1/1","2/1","1/1","2/2","2/2","2/2","2/2","2/2","1/1","1/2","1/2","2/1","2/2","1/2","1/1","1/1","1/1","2/2","2/1","2/1","1/1","1/1","1/2","2/1","2/1","2/2","1/4","2/1","2/2","1/2","2/1","2/2","1/1","1/2","1/1","2/1","1/2","1/2","2/1","2/2","1/2","2/1","1/1","2/1","2/2","1/2","2/1","2/1","2/2","1/2","2/2","1/1","2/1","2/1","2/2","2/2","2/1","2/2","1/2","2/2","1/1","2/1","2/2","2/2","2/2","2/2","1/1","2/2","1/1","2/1","1/2","2/2","2/1","1/1","1/2","2/1","1/2","1/1","2/1","1/2","2/2","1/1","2/1","2/1","1/1","1/1","2/1","1/2","2/1","2/2","1/1","1/2","2/2","1/2","2/1","2/1","2/2","2/1","2/1","2/1","3/2","1/2","1/1","1/1","1/1","1/1","2/1","2/2","2/2","1/1","2/1","2/1","2/2","2/2","2/2","2/1","2/2","1/2","1/2","2/2","1/1","2/2","2/1","2/1","2/2","1/1","1/2","1/2","1/2","1/1","2/1","1/1","1/1","2/2","2/1","4/4","2/2","1/1","2/4","2/1","1/2","1/1","2/2","2/1","2/2","2/1","1/1","2/2","2/2","2/2","1/2","2/1","2/1","1/2","1/2","2/2","1/1","1/2","2/2","1/2","1/1","2/1","1/2","2/1","2/2","1/1","2/2","2/1","1/2","1/1","2/1","2/1","2/2","2/2","1/1","1/1","1/2","1/1","2/2","1/1","2/1","2/2","2/1","1/2","2/1","2/2","2/1","1/1","2/2","2/1","1/2","2/2","1/1","2/2","2/2","1/1","1/2","1/2","2/1","2/2","2/1","1/2","2/1","1/3","1/1","1/2","2/1","2/2","1/2","1/2","1/2","1/3","1/2","2/2","1/1","1/1","2/2","1/1","2/2","2/2","2/2","1/2","2/1","1/1","1/1","2/1","1/2","2/2","1/2","2/1","2/1","1/1","1/2","1/2","2/2","1/2","2/2","2/2","2/1","2/1","1/1","1/1","2/1","1/2","2/2","1/1","2/2","2/1","2/2","1/2","2/1","2/2","1/2","2/1","1/1","1/1","2/2","2/1","2/1","2/2","2/2","2/1","2/2","1/1","2/1","1/1","1/2","2/2","2/2","1/1","2/2","2/1","2/2","2/1","1/1","1/2","2/2","2/2","2/2","1/2","1/2","2/2","1/1","2/2","2/1","1/1","2/1","1/1","1/2","1/2","1/2","2/1","1/1","1/1","1/2","1/2","2/1","1/1","2/1","1/2","2/1","1/2","2/2","2/2","2/2","2/2","2/1","2/1","1/1","2/1","1/2","2/2","2/1"
"IND0056","1/2","2/2","1/1","1/1","1/1","2/1","2/1","2/2","1/2","2/2","2/2","2/2","2/1","2/2","1/2","2/1","2/2","2/1","1/2","2/1","1/1","1/2","1/2","1/1","2/1","2/2","2/1","1/1","2/1","1/2","1/1","2/1","1/1","2/2","1/1","2/1","1/1","2/1","1/2","1/1","1/1","2/1","1/1","2/1","2/2","2/1","1/1","1/1","1/2","1/2","2/2","2/1","1/1","2/2","2/1","1/1","1/1","2/2","1/2","1/1","1/1","2/2","1/2","2/1","1/1","1/2","1/2","2/2","1/1","2/1","1/2","1/1","1/2","1/2","2/2","1/2","1/1","2/1","1/2","2/1","1/2","2/2","2/1","1/2","2/2","1/2","2/1","1/1","1/1","2/2","1/2","2/1","1/2","1/2","1/2","2/1","1/2","1/1","2/1","1/1","1/2","1/1","1/1","1/2","2/2","2/1","2/1","1/2","1/1","2/1","1/2","2/2","2/2","1/1","2/1","1/1","1/2","1/1","2/1","2/2","2/2","2/1","2/1","1/2","1/1","1/1","3/2","1/1","1/1","1/1","2/1","1/2","2/1","1/2","2/2","2/2","1/1","2/1","2/1","1/1","2/2","2/2","2/1","1/2","1/2","2/2","1/1","2/1","1/2","2/2","2/1","2/2","2/2","1/2","2/2","1/1","1/1","2/2","2/1","1/1","2/2","2/1","2/2","2/2","1/1","2/2","2/2","1/1","1/2","2/1","2/1","2/1","2/1","2/2","1/1","2/2","1/1","1/2","1/1","2/2","2/1","1/1","2/1","2/2","1/1","1/1","2/1","1/2","2/2","2/1","2/1","2/1","1/2","2/2","2/1","1/2","2/1","1/2","1/2","1/1","2/2","2/2","1/1","2/2","4/4","1/2","2/2","1/2","2/1","2/2","1/2","1/1","2/2","2/1","2/2","2/1","2/2","1/2","1/1","1/2","2/1","2/1","1/2","1/2","1/1","1/2","1/2","2/2","2/1","2/2","1/2","2/2","2/2","2/2","1/2","1/2","1/2","1/1","2/2","1/2","2/1","1/2","2/2","1/1","1/2","2/2","2/1","2/1","1/2","1/1","2/1","1/2","2/2","2/1","2/1","1/2","1/1","2/1","2/1","1/1","2/2","2/1","1/2","2/2","1/2","2/1","2/2","2/2","1/2","2/1","1/1","1/2","1/2","2/1","2/1","2/1","2/1","2/2","3/3","2/1","1/1","2/1","1/2","1/2","1/2","1/1","1/2","1/1","1/1","1/1","2/1","2/1","2/1","2/2","2/1","2/1","1/2","2/2","2/1","1/2","2/1","1/1","1/2","4/1","2/1","1/1","1/2","1/2","1/2","2/1","1/1","1/1","1/1","3/1","1/2","2/1","3/2","1/1","1/1","1/1","2/2","2/1","1/1","1/2","2/1","1/2","2/2","1/2","1/1","2/2","1/1","2/2","2/1","1/2","1/1","1/1","1/1","1/2","1/1","2/2","1/2","2/1","2/2","1/1","2/1","1/2","2/2","1/1","1/2","1/2","2/2","2/2","1/2","1/2","2/2","2/1","1/2","1/1","2/2","1/1","2/2","2/1","1/1","1/2","1/2","1/2","2/2","2/1","1/2","2/2","2/2","2/1","2/2","1/2","2/2","1/2","1/2","1/1","2/1","2/2","2/2","1/2","1/1","2/1","2/1","2/2","1/1","2/2","2/2","1/1","2/1","2/1","2/2","1/1","1/1","2/1","2/1","2/1","1/1","1/2","2/1","1/1","2/2","1/2","2/2","2/2","1/1","1/1","2/1","2/1","1/1","2/1","2/1","2/2","2/1","1/2","2/2","1/2","1/1","1/2","2/1","2/1","2/1","2/1","1/2","2/2","2/1","2/2","1/1","1/2","1/2","1/1","2/2","1/2","1/1","2/1","2/1","2/2","2/2","2/2","2/1","2/2","2/2","1/2","1/2","2/1","2/2","1/1","1/2","2/1","2/1","2/2","1/1","2/1","1/1","1/2","1/1","2/2","2/1","2/2","2/2","2/2","2/2","1/2","2/2","1/1","1/2","2/1","2/2","2/2","1/2","2/1","2/1","1/2","2/1","1/1","1/1","2/1","2/1","2/2","2/2","1/2","2/2","1/2","2/1","1/1","1/1","2/1","1/2","2/2","1/1"
"IND0057","1/2","2/1","1/1","1/2","1/1","2/1","2/1","1/2","2/2","2/1","2/1","2/1","1/1","2/1","2/1","2/1","2/1","1/1","2/2","2/1","2/1","1/1","1/1","1/1","1/1","2/1","2/1","1/2","2/1","1/2","2/2","2/2","2/2","1/1","2/1","2/2","2/2","2/1","2/2","2/1","1/1","2/2","1/1","2/2","1/1","2/1","1/2","2/2","1/1","1/1","1/1","1/1","1/1","2/1","1/2","2/1","1/1","1/2","2/2","1/2","1/1","2/2","2/2","2/1","1/1","2/1","2/2","2/1","1/2","1/2","2/2","2/1","1/1","2/2","2/2","1/2","1/2","2/1","2/2","2/1","2/2","2/2","1/2","2/2","1/1","2/1","2/2","2/2","2/1","1/1","1/2","2/2","1/1","1/2","2/2","1/2","2/1","1/2","2/2","1/2","1/1","2/1","1/1","2/2","1/2","1/1","2/2","2/2","2/2","2/2","1/1","1/1","1/1","2/1","2/1","2/2","2/1","1/1","2/1","2/2","1/2","2/2","1/1","1/2","1/1","1/1","2/2","2/1","2/2","1/2","2/2","2/2","1/1","1/1","1/2","1/2","1/2","2/2","2/2","1/1","2/1","2/1","1/1","2/2","2/2","2/2","2/1","2/1","1/2","1/1","2/2","2/2","1/2","1/1","1/2","1/1","2/1","1/2","1/1","2/1","2/2","1/1","2/2","2/1","1/2","1/2","1/1","2/2","2/1","2/1","2/1","2/2","2/1","2/2","1/1","1/2","1/2","2/2","1/1","2/1","2/2","1/2","2/1","1/2","2/1","2/2","1/2","2/2","2/1","2/1","1/2","1/2","2/2","2/1","1/1","1/1","2/2","1/1","1/2","3/2","2/1","2/1","1/2","2/1","4/1","1/1","1/2","2/2","2/1","2/1","2/2","2/1","1/1","1/2","2/2","1/1","1/1","2/2","1/2","1/2","2/1","1/2","1/2","1/1","1/1","2/2","2/1","1/1","2/1","1/1","2/1","2/2","1/1","1/1","2/1","2/1","1/1","1/2","1/1","2/2","1/1","2/2","1/1","2/1","1/1","2/2","2/1","1/2","1/1","1/1","2/2","1/1","2/1","2/1","1/1","2/1","2/1","2/1","2/2","2/2","2/1","1/2","1/1","2/1","1/1","2/2","1/1","1/2","1/1","2/2","2/1","1/2","1/1","1/1","2/1","1/2","1/2","2/2","2/1","2/2","2/2","1/1","2/1","2/1","1/1","1/1","2/1","2/1","2/2","2/1","2/2","2/1","2/1","1/1","2/2","2/1","2/1","1/2","2/1","1/2","2/1","1/2","2/2","1/2","1/2","1/2","2/2","1/1","2/2","1/1","1/2","2/2","1/1","3/4","1/1","2/1","1/4","1/1","1/1","1/2","1/1","2/1","1/1","2/1","2/1","1/1","2/2","2/2","1/2","1/2","1/2","1/2","1/2","2/2","1/1","1/2","2/2","1/2","2/1","2/1","1/1","2/1","1/2","1/2","2/1","2/1","2/1","1/2","1/1","2/2","2/2","2/2","2/2","2/1","1/1","2/2","1/1","1/1","1/2","2/1","2/2","1/1","2/1","1/2","1/1","2/1","1/2","1/2","2/2","1/2","1/1","2/1","1/2","2/1","1/2","1/1","2/1","2/1","2/1","1/2","1/2","1/1","2/1","2/2","2/1","1/2","2/1","2/2","2/2","3/2","2/1","1/2","1/2","2/2","2/2","1/2","1/1","1/2","2/1","1/2","1/2","1/2","2/1","2/1","1/1","2/2","1/1","1/1","1/2","2/1","2/1","1/2","1/1","2/1","2/1","1/1","2/1","2/2","2/2","2/2","2/2","1/2","2/1","2/2","1/1","2/2","2/1","2/1","2/1","1/2","2/1","1/2","2/2","1/2","1/2","2/2","1/1","2/1","1/2","2/2","1/1","1/1","2/1","1/1","2/2","2/1","2/1","1/1","2/1","1/2","1/2","2/2","2/2","2/1","2/1","1/1","1/1","2/2","1/2","2/1","2/1","1/1","1/2","1/1","1/1","1/1","2/1","1/2","1/1","2/2","2/1","1/1","2/1","1/1","1/2","1/2","2/2","2/1","1/2","2/2","2/1","2/2","2/2","1/1","1/1","1/1","2/2","1/1","2/1","1/1","1/2"
"IND0058","1/1","1/2","1/1","1/2","2/1","1/2","1/1","2/1","1/2","1/2","1/1","2/2","1/1","2/1","2/1","1/2","1/1","1/2","1/2","2/2","1/2","2/1","2/1","2/1","1/1","2/2","2/2","1/2","2/1","1/2","1/1","1/2","2/1","1/2","2/2","1/2","2/1","2/2","1/2","2/2","2/1","2/1","1/2","2/2","2/2","1/1","2/2","1/2","2/1","2/1","1/1","2/1","2/1","1/2","2/2","1/2","1/1","2/1","1/2","2/2","2/1","2/2","1/1","1/2","1/2","1/2","1/1","1/2","1/2","2/2","1/1","2/2","1/2","2/2","2/1","1/2","1/1","1/1","1/1","2/1","1/1","2/2","1/2","1/2","2/1","2/1","1/2","1/1","1/2","2/2","2/2","2/1","2/2","1/1","1/1","1/1","2/1","1/1","1/2","2/2","2/2","2/1","2/2","1/1","1/1","1/1","2/1","1/2","2/1","1/2","1/2","1/1","1/2","2/2","2/1","1/1","1/2","1/2","1/1","1/1","1/1","1/1","2/2","2/1","1/2","1/2","1/2","2/2","2/2","1/1","1/2","1/2","1/2","2/2","1/2","1/2","1/1","2/1","1/2","2/1","1/2","1/2","1/1","1/2","2/2","2/1","2/2","1/1","1/1","2/1","2/2","2/2","2/2","2/1","2/1","1/1","1/1","1/2","1/2","1/2","1/1","2/1","2/2","1/1","1/2","2/1","2/2","1/1","1/2","1/1","1/2","1/2","2/1","2/2","2/1","2/1","2/2","2/1","1/1","2/2","1/1","1/2","1/1","1/1","1/2","2/1","2/1","2/1","1/1","1/2","2/2","2/1","1/2","2/1","2/1","2/2","2/2","2/1","2/1","1/1","2/2","2/2","2/2","2/2","4/3","1/1","2/2","2/1","1/1","2/1","2/1","2/2","1/1","2/2","2/2","1/2","2/2","1/1","1/1","2/2","1/2","2/2","1/1","1/1","1/2","1/1","1/2","2/1","2/2","1/1","2/1","2/1","1/2","2/1","1/1","1/2","1/2","2/2","1/2","2/1","1/1","2/2","1/2","2/1","2/2","2/2","1/2","2/1","1/2","2/2","1/2","2/1","2/2","1/1","1/1","1/2","1/1","1/2","2/1","1/2","1/1","2/2","2/2","1/2","2/2","1/1","1/2","1/2","2/1","2/1","2/2","2/1","1/2","1/2","1/1","2/2","2/1","1/2","4/3","1/1","1/1","2/2","1/1","1/1","1/2","1/2","2/1","1/1","1/1","2/2","1/2","1/1","1/2","1/2","1/2","1/2","2/1","2/1","1/2","1/1","1/1","2/2","1/1","3/3","1/2","1/2","1/1","1/1","1/2","1/1","1/1","1/2","2/1","1/1","1/2","1/1","3/1","2/2","2/2","2/2","1/1","1/2","1/2","1/2","2/2","1/1","1/1","1/2","1/1","2/1","2/1","1/1","2/1","2/1","1/1","1/1","1/2","1/2","2/1","2/2","1/2","1/1","1/1","2/1","1/2","1/2","1/1","2/2","2/2","1/1","2/1","2/1","1/2","2/2","1/2","2/2","1/2","2/2","1/1","2/1","1/2","1/1","1/1","1/1","1/1","1/1","1/1","2/1","2/2","1/2","1/1","2/2","1/2","1/1","2/2","1/1","1/1","1/1","1/1","1/2","1/2","3/3","2/2","2/2","2/1","1/1","1/1","2/1","2/1","2/1","1/2","2/2","2/2","1/2","1/2","2/2","2/2","1/2","2/1","2/2","1/1","1/1","1/1","1/2","1/1","2/2","1/2","2/2","2/2","2/1","2/2","1/2","1/1","1/1","2/2","2/2","1/2","2/1","2/1","1/2","2/1","2/1","2/1","1/1","2/1","1/2","2/1","1/1","2/2","2/1","1/2","2/2","1/1","1/1","2/2","1/1","1/1","2/2","2/2","1/2","1/1","1/1","1/2","1/1","2/2","1/2","1/1","1/1","1/2","2/2","2/2","2/1","2/1","2/2","2/1","2/1","1/2","2/1","1/2","2/2","2/1","1/1","1/1","2/2","2/1","1/2","2/1","1/1","2/2","2/2","2/2","2/2","1/2","2/2","2/1","1/2","1/2","2/1","1/1","1/1","1/1","1/1","2/1","2/1","1/1","2/1","2/2","2/1","2/1","2/1","2/2"
"IND0059","2/2","1/1","2/2","1/2","1/1","2/2","1/2","1/2","2/2","2/2","2/1","1/2","2/1","2/1","2/1","2/2","2/2","1/1","1/2","1/1","1/2","1/1","2/2","1/1","2/2","2/1","1/1","1/1","2/2","1/2","2/1","1/2","1/1","2/1","2/2","2/1","2/1","1/2","2/2","2/2","1/1","1/2","1/2","2/2","1/1","1/1","1/2","2/2","1/1","1/2","1/1","1/2","1/2","1/1","1/1","2/1","2/1","1/2","2/2","2/2","2/2","1/1","2/2","2/1","1/1","1/2","2/2","1/1","1/2","1/2","2/2","2/2","1/2","2/2","1/2","1/1","2/1","1/1","1/1","1/1","1/1","2/1","1/1","1/1","2/2","2/1","2/2","1/1","2/1","2/1","1/1","2/2","1/1","2/2","1/1","1/2","2/2","2/2","2/2","1/2","1/1","1/1","1/2","1/2","2/1","1/1","1/2","1/2","1/2","1/2","1/2","2/2","1/1","2/2","1/1","1/1","2/1","2/1","2/1","2/1","1/1","2/1","2/1","1/1","2/1","1/2","2/2","2/1","2/1","2/1","1/2","2/1","2/1","2/1","1/2","1/2","2/1","1/1","2/2","1/1","2/2","2/1","1/1","1/2","2/1","2/2","2/2","1/1","2/1","1/2","1/2","1/2","1/1","2/1","1/1","2/2","2/2","2/1","2/2","1/1","2/1","2/1","2/1","1/1","2/2","2/1","1/2","1/1","1/1","2/2","1/2","2/1","2/1","1/1","1/1","1/1","2/1","1/2","2/1","2/2","1/1","1/2","2/1","1/1","2/2","2/1","1/1","1/2","1/1","2/2","1/2","2/1","2/1","1/1","1/2","2/2","2/2","2/1","2/1","3/4","1/2","1/2","2/2","2/1","4/3","2/2","1/1","1/2","2/1","2/1","1/2","2/1","1/1","1/2","2/2","1/1","2/2","2/1","2/1","1/2","2/1","2/2","2/1","1/2","2/1","1/2","1/1","1/1","2/1","2/1","1/1","1/1","2/2","2/1","2/2","2/1","2/2","1/2","2/2","2/1","1/1","1/2","2/2","1/1","2/1","2/2","1/1","1/2","2/2","1/2","2/1","2/2","2/1","1/2","2/1","2/1","1/2","1/2","1/2","2/1","1/1","1/2","2/2","1/2","2/2","1/2","2/2","2/2","2/1","1/2","2/2","1/2","2/2","1/2","1/2","1/2","1/2","1/1","2/2","2/1","1/2","1/1","1/1","1/2","1/1","1/2","2/1","2/1","1/1","2/2","2/1","2/1","2/1","1/2","1/2","1/1","1/2","1/2","2/1","1/2","2/1","1/1","2/2","4/2","2/2","1/1","1/1","1/1","2/1","1/1","2/1","1/1","1/1","3/2","2/2","2/1","4/3","2/1","2/1","2/2","2/1","2/1","2/1","1/2","2/2","2/1","2/1","2/1","1/1","2/1","2/2","1/1","1/1","1/2","2/2","2/1","2/2","2/2","1/1","1/2","2/2","1/2","1/2","1/2","2/1","2/2","2/1","2/1","1/2","2/1","1/1","2/2","2/2","2/1","2/2","1/1","1/2","2/2","1/2","2/2","2/2","1/2","1/2","2/1","2/2","2/1","1/1","1/2","2/1","2/2","1/1","1/1","2/1","1/1","1/1","1/1","2/2","1/1","1/2","2/2","1/2","2/1","1/2","2/1","2/2","2/2","2/2","2/2","1/2","3/4","1/2","2/1","1/1","1/2","1/1","1/2","1/1","1/2","2/2","1/1","2/2","2/2","2/1","2/1","2/2","1/1","1/2","2/2","2/1","1/1","1/1","2/2","1/2","2/2","2/2","1/2","2/1","2/1","1/1","1/1","2/1","1/1","2/2","2/2","1/1","1/2","1/1","2/1","2/1","1/1","2/2","2/2","1/1","1/1","2/2","1/1","2/1","1/2","2/1","1/2","1/1","1/1","2/1","1/1","2/1","1/2","2/1","1/1","2/2","1/1","1/1","1/2","1/2","1/2","2/2","1/1","1/2","1/2","1/2","2/1","2/1","1/1","2/2","2/1","1/2","1/2","2/2","1/2","1/1","1/1","1/2","1/2","1/1","1/2","2/1","2/2","2/2","1/2","2/2","1/1","2/1","2/2","2/1","2/1","2/2","1/1","2/2","2/1","2/1","2/1","1/2"
"IND0060","1/1","1/2","1/1","2/1","1/2","1/1","1/1","1/1","2/2","1/1","2/1","2/2","2/1","1/2","1/1","2/2","2/1","1/2","2/2","2/1","2/2","2/2","2/1","2/1","1/2","2/2","1/2","2/1","1/2","2/1","1/1","1/2","1/1","1/1","2/2","1/2","2/2","1/1","1/1","1/1","2/1","1/1","1/1","1/2","2/2","1/2","1/2","1/1","2/1","1/1","2/2","2/2","2/1","2/1","1/2","1/1","1/2","1/1","2/1","2/2","2/1","1/1","2/1","2/1","2/2","1/2","2/1","1/1","2/2","1/1","2/1","2/1","2/1","1/1","1/1","2/2","1/1","2/1","1/2","2/1","2/2","1/1","2/1","2/1","1/1","1/2","1/1","2/1","1/1","1/2","2/2","2/1","1/1","2/2","1/2","1/2","2/2","2/2","1/2","2/2","2/2","1/1","1/2","1/2","1/1","1/2","1/1","1/2","1/2","2/2","2/1","2/2","1/1","1/1","1/2","2/1","2/2","2/2","2/1","2/1","1/2","1/1","1/2","1/2","2/1","1/1","2/3","1/2","2/2","1/2","1/1","2/2","1/1","1/2","2/1","2/2","1/1","1/1","2/2","1/1","1/1","2/1","1/2","1/1","1/2","2/2","2/1","1/1","2/1","1/1","2/2","2/2","1/2","1/2","2/1","2/1","1/1","1/1","2/1","1/1","1/1","2/1","2/1","2/1","1/1","1/1","1/2","1/2","1/1","1/2","2/2","1/2","2/1","2/1","2/1","2/2","1/2","1/1","2/1","1/2","1/1","2/1","1/2","1/1","2/1","1/2","1/1","1/2","2/1","2/1","2/1","2/1","2/1","2/1","1/2","2/2","1/2","1/1","2/2","3/3","2/2","2/1","2/1","1/1","1/1","2/2","1/1","1/1","1/1","1/1","2/1","2/2","1/1","2/1","2/1","1/2","2/2","1/1","1/2","2/2","2/1","1/1","1/2","2/2","2/1","2/1","1/2","2/1","1/2","2/2","1/1","1/2","2/2","1/1","1/1","1/2","1/1","1/2","2/1","1/1","2/1","2/2","2/1","1/2","1/1","1/1","2/2","2/2","1/2","1/1","1/1","2/2","1/2","2/2","2/2","2/2","1/1","1/2","2/2","1/2","1/1","1/2","2/2","2/2","1/1","2/2","2/2","1/2","1/1","1/1","2/1","1/2","2/2","2/2","2/1","1/1","1/1","2/1","2/2","2/2","1/2","2/2","2/1","2/2","2/2","1/1","2/2","1/1","2/1","2/2","1/2","1/1","1/2","2/2","1/2","2/2","1/2","2/1","1/1","1/2","1/1","1/1","2/1","1/2","1/1","1/1","2/1","1/1","1/2","2/2","1/2","1/2","1/1","3/4","1/2","2/1","2/4","2/2","2/1","2/2","1/1","1/2","2/1","1/2","2/1","2/2","2/1","1/1","2/1","2/1","2/2","1/1","2/2","2/1","1/2","1/2","2/2","1/1","2/2","1/2","1/2","2/2","2/1","1/1","1/1","1/1","2/1","2/2","1/2","2/2","2/2","1/1","1/1","2/1","1/1","1/2","1/1","2/2","1/2","2/2","1/2","1/2","1/2","2/1","1/2","2/1","1/2","1/1","1/2","1/1","1/2","2/1","2/2","1/1","1/1","2/1","2/2","2/1","1/1","2/1","1/1","2/3","2/2","1/2","1/1","2/2","2/1","2/2","1/2","2/2","2/1","1/2","2/2","1/2","2/1","2/2","2/2","1/1","1/1","1/2","1/2","2/2","1/2","1/1","1/1","2/2","2/1","2/1","2/2","1/2","1/2","1/1","2/1","1/1","2/1","2/1","1/1","1/1","2/2","1/2","1/2","2/1","1/1","2/1","2/1","2/2","1/1","2/1","1/2","1/1","1/1","1/1","1/1","1/2","2/2","1/2","2/1","2/1","2/2","2/2","1/1","2/2","2/2","2/2","2/1","2/1","1/1","2/2","1/2","2/1","1/1","2/1","1/1","1/2","2/1","2/1","2/1","1/2","2/1","1/2","1/2","1/2","1/1","1/2","2/2","1/1","1/2","1/2","1/1","2/1","2/1","2/1","1/2","1/1","1/1","1/2","2/1","1/1","1/2","1/1","1/2","1/1","1/2","1/1","1/2","2/2","1/1","2/2","1/1","2/2","1/1"
"IND0061","2/1","2/1","1/1","2/2","2/1","1/1","2/1","2/1","1/2","1/2","1/2","2/2","1/2","1/1","2/2","2/2","2/2","1/1","2/2","1/1","1/1","1/1","2/1","2/2","1/1","1/1","2/2","1/1","1/1","1/1","2/1","2/1","1/1","1/1","2/2","1/1","1/1","2/1","1/1","1/1","1/1","2/1","2/2","1/2","1/1","2/1","2/2","2/1","2/1","1/1","2/1","1/2","2/1","1/1","1/2","1/2","1/1","1/1","2/2","2/1","2/2","2/2","1/1","2/1","1/1","1/2","2/2","2/1","2/2","2/2","1/1","1/1","1/1","2/1","2/2","1/1","1/1","1/2","1/2","2/1","1/1","1/2","2/1","2/1","1/2","1/2","2/2","2/2","1/2","1/2","1/2","2/2","1/1","2/1","1/1","2/2","2/1","1/2","2/2","1/2","2/1","1/2","2/2","1/2","2/2","1/1","1/2","2/1","1/2","2/2","2/1","1/2","1/1","2/1","1/1","1/2","2/1","2/1","2/1","1/1","1/2","2/1","2/2","1/2","2/1","1/1","3/4","1/2","1/1","1/2","2/2","1/2","1/2","1/2","2/2","1/1","1/2","1/1","1/1","2/1","2/2","2/1","2/2","2/2","2/2","1/2","1/2","1/1","2/1","1/1","2/1","2/2","1/1","1/1","2/2","1/1","2/2","1/1","2/2","2/1","1/1","1/2","1/1","2/2","1/1","1/1","2/2","1/1","2/2","1/1","2/2","2/1","1/1","2/1","1/2","2/2","1/2","1/1","1/2","2/2","2/1","1/2","1/2","2/2","2/2","2/2","2/1","1/2","1/1","1/1","1/1","2/2","2/2","1/2","2/2","2/2","2/1","1/1","1/1","2/1","1/2","2/2","1/2","1/2","4/4","2/2","1/2","2/2","2/1","1/1","2/1","2/2","2/2","1/2","1/1","2/1","1/1","1/2","1/2","1/2","2/1","2/2","2/2","2/2","1/2","1/2","1/2","1/1","1/2","1/2","2/2","2/1","1/2","1/1","1/2","2/2","1/2","1/2","2/2","1/2","2/2","1/1","1/1","2/2","1/1","2/1","1/2","1/2","2/1","2/1","1/2","2/1","2/1","1/1","1/2","2/2","2/1","2/2","2/1","1/2","1/1","2/1","2/2","1/1","1/1","1/2","2/1","2/2","1/1","1/1","1/1","2/1","2/2","2/1","1/1","2/1","1/2","2/1","3/2","1/2","2/1","2/1","1/1","1/1","1/2","1/2","2/1","2/1","2/2","1/1","2/2","2/1","2/2","1/2","1/2","2/2","2/2","2/2","2/1","1/1","1/1","2/2","2/2","3/1","2/2","1/1","2/1","2/2","2/2","2/1","2/2","2/2","1/2","1/3","2/1","1/2","2/1","2/1","1/2","2/2","1/1","2/1","1/1","2/1","1/1","2/1","1/1","2/1","1/1","2/1","1/1","1/1","2/1","2/2","1/2","2/1","2/2","1/1","2/1","2/2","2/2","2/1","1/2","2/1","2/1","2/1","1/1","1/2","1/2","2/2","2/1","2/1","1/2","2/1","1/1","2/2","2/1","2/1","1/2","2/1","2/1","2/2","2/2","2/1","1/1","2/1","2/2","1/2","1/2","1/2","2/1","1/2","2/1","1/1","1/1","2/1","2/1","1/2","1/2","2/1","2/1","3/1","2/2","2/1","1/1","1/2","2/1","2/2","1/1","4/2","2/1","1/2","1/1","2/1","2/1","2/1","2/1","1/2","1/1","1/1","2/2","1/2","2/2","1/2","2/2","1/1","1/1","1/1","1/2","1/2","1/2","2/1","2/2","2/1","1/1","1/2","1/2","2/2","1/1","1/1","2/1","2/2","2/1","1/1","2/2","2/2","1/2","1/1","2/1","1/1","1/1","1/1","1/2","1/1","2/2","1/1","1/1","1/2","2/2","2/2","2/2","2/2","2/2","2/1","1/2","2/1","1/1","2/2","2/1","1/2","1/1","1/1","2/1","2/1","2/2","2/2","1/2","1/1","2/1","2/2","1/1","2/2","1/2","1/2","1/1","1/2","1/2","1/1","1/1","1/1","2/2","2/2","1/1","1/1","2/1","2/2","1/1","1/1","1/2","1/1","1/2","2/1","2/1","1/1","2/1","1/1","2/1","2/1","1/1","2/2","1/2"
"IND0062","1/2","1/1","1/1","1/2","2/2","1/2","1/1","1/2","2/1","1/1","1/1","1/2","1/1","2/1","1/1","1/2","1/1","2/1","2/2","1/2","2/2","2/1","1/1","2/1","1/1","1/2","2/2","1/2","2/1","1/2","2/2","2/2","1/1","1/2","1/2","2/1","2/2","1/1","1/2","2/2","2/1","1/1","2/1","1/1","1/2","1/2","1/1","2/2","2/1","1/2","1/1","2/2","1/1","2/2","2/2","2/2","2/1","2/2","2/2","1/1","2/1","1/1","2/2","1/1","2/1","1/1","1/1","1/2","1/1","2/2","2/2","2/2","2/2","2/2","1/1","2/2","2/1","2/1","2/1","1/1","2/2","2/2","2/2","1/1","1/1","1/1","1/2","2/1","1/1","2/2","2/1","1/2","1/1","2/2","2/2","1/2","1/1","1/1","2/2","2/2","1/2","1/1","1/1","1/2","1/2","2/1","2/2","1/2","2/1","1/2","1/1","2/2","1/2","2/2","1/2","1/1","1/2","2/2","1/2","1/2","1/2","1/1","2/1","2/2","1/2","1/1","3/4","2/2","2/2","2/1","2/1","1/1","1/2","1/2","2/1","1/2","2/2","2/1","1/2","2/2","1/1","1/2","2/2","1/2","2/2","2/1","1/2","1/1","2/2","2/1","1/1","2/1","1/2","2/2","2/2","2/1","1/2","1/2","2/1","1/2","1/1","1/1","1/1","2/1","2/2","2/1","1/1","1/1","2/1","2/1","2/2","1/1","2/2","2/2","2/1","1/2","1/1","2/1","2/1","1/1","2/2","2/2","1/1","2/2","1/1","2/1","1/1","1/2","1/1","1/2","2/2","1/1","1/1","2/2","1/1","1/2","2/2","2/1","1/1","3/4","2/2","2/2","1/2","2/2","2/4","2/2","1/1","2/2","2/1","2/2","1/1","2/1","2/1","1/2","1/2","2/2","2/1","1/2","2/2","2/1","1/2","1/1","2/1","2/1","2/1","1/1","1/2","2/2","1/2","2/2","2/1","2/2","2/1","2/1","2/2","1/1","2/1","1/2","1/1","1/1","1/1","2/1","2/2","2/2","1/2","2/2","1/2","1/2","2/1","2/2","2/1","1/2","2/2","2/1","1/1","2/1","2/1","1/2","1/2","2/1","1/1","2/2","2/2","1/2","1/1","2/1","2/1","1/2","1/2","1/2","2/1","1/1","1/1","1/1","1/1","1/1","1/1","2/2","2/2","2/1","2/2","1/1","2/2","2/2","1/1","2/2","1/1","2/1","1/2","2/2","2/2","1/2","1/2","2/2","1/1","1/1","2/1","2/1","1/1","1/2","2/2","2/1","1/1","1/3","2/1","1/2","1/2","2/1","2/1","2/2","2/1","1/2","1/2","2/3","2/2","1/2","1/2","2/1","2/1","2/1","2/2","1/1","1/1","2/2","2/2","2/2","2/2","1/1","1/1","2/1","2/2","1/1","1/2","2/2","1/2","2/2","1/1","2/2","1/2","2/1","2/1","1/1","1/2","1/2","1/2","2/2","2/1","2/1","1/1","2/1","2/1","2/1","1/2","2/1","1/1","2/2","1/1","1/1","2/1","1/2","2/2","1/2","1/1","2/1","1/1","2/2","2/1","2/1","2/2","2/1","1/2","2/2","1/1","1/1","2/2","1/2","2/1","2/2","1/2","2/2","1/2","3/4","2/1","1/1","1/2","2/2","2/1","2/2","2/1","3/1","1/1","2/1","2/2","2/1","1/1","1/1","2/1","1/2","2/1","1/1","2/1","1/2","2/2","2/1","2/2","2/2","1/1","2/2","1/1","1/1","2/1","2/1","2/2","2/2","1/1","2/2","2/1","1/1","2/1","1/2","2/1","1/1","1/1","2/2","2/1","1/2","1/2","1/1","1/1","1/2","1/1","1/2","2/2","2/2","2/1","1/2","1/2","2/1","2/2","1/1","2/2","1/2","1/2","2/1","1/2","1/2","2/2","2/2","1/2","1/1","2/2","2/1","1/1","2/2","2/2","2/2","2/2","1/2","2/1","1/2","1/1","2/2","1/1","2/1","1/2","1/1","1/2","1/2","1/2","1/2","2/2","1/1","1/2","2/1","2/2","2/1","2/2","1/1","2/2","2/2","2/2","1/1","1/1","1/2","2/2","2/1","1/1","2/1","2/2","2/1","2/2"
"IND0063","2/2","1/1","1/1","1/1","1/1","2/2","2/1","1/1","1/1","1/1","1/1","2/1","2/1","2/2","2/1","2/1","1/2","2/2","1/2","1/1","2/2","2/2","2/1","1/1","2/1","1/2","1/1","2/2","2/2","1/2","1/1","1/2","2/1","2/2","2/2","1/2","2/2","1/1","2/2","2/2","1/1","2/2","2/1","1/1","2/2","2/1","1/1","1/1","1/2","2/1","2/1","1/2","1/1","1/2","2/1","1/1","2/2","1/1","2/1","1/2","1/2","1/1","2/1","1/1","2/2","2/1","2/1","1/1","2/2","2/1","1/1","2/1","2/1","2/1","2/1","2/1","1/2","1/2","2/1","1/2","1/2","1/1","2/1","1/1","1/1","2/1","1/2","2/2","1/1","2/2","2/2","1/1","2/2","2/1","1/1","1/1","1/2","2/2","1/1","2/1","1/2","1/1","1/1","2/2","1/2","2/2","1/2","1/2","2/1","1/1","1/1","1/2","1/1","1/1","1/1","1/2","1/2","2/2","1/2","1/1","1/2","2/2","1/2","2/2","2/1","1/1","1/2","2/1","1/2","1/2","2/2","2/1","2/1","1/2","2/1","2/1","1/1","1/1","1/1","2/1","2/2","2/1","1/2","1/1","1/1","1/1","2/2","1/1","2/1","2/2","2/1","2/1","1/2","1/1","2/2","1/1","1/2","2/1","2/1","2/2","2/2","1/2","2/1","2/1","2/2","1/1","1/1","2/1","1/2","1/2","1/1","1/2","2/2","2/2","2/1","1/1","2/1","2/2","1/1","1/1","2/2","1/2","1/1","2/2","2/2","1/2","2/2","2/1","2/2","1/2","1/2","1/2","1/2","2/1","1/2","2/1","1/2","1/2","1/1","3/1","1/1","1/2","1/1","2/1","1/1","1/1","2/2","1/1","1/2","2/2","1/1","1/1","1/1","1/2","1/2","2/1","2/1","2/2","1/2","2/2","2/2","1/1","1/2","1/1","2/1","1/2","2/1","1/2","2/1","1/2","2/2","1/2","2/1","1/2","1/1","1/2","1/1","2/2","1/1","2/1","2/2","1/2","1/2","1/2","2/2","2/2","1/2","2/1","2/2","1/1","2/2","2/1","2/1","2/2","2/1","2/2","2/2","1/1","2/2","1/2","2/1","1/1","1/1","1/1","1/1","2/1","2/1","1/1","1/2","2/1","1/1","1/2","2/1","1/2","1/1","2/2","2/1","1/1","3/3","1/1","2/2","1/2","1/1","1/2","1/2","1/1","1/2","1/1","2/2","2/1","1/2","1/1","1/1","2/1","1/2","1/1","2/2","2/2","2/1","2/2","1/1","1/2","1/1","1/4","1/1","2/1","2/2","1/2","2/1","1/2","1/2","2/2","1/1","4/3","1/2","2/2","2/1","2/2","2/2","2/1","2/2","1/1","1/1","2/1","2/1","1/2","2/2","1/1","2/2","2/1","1/2","1/2","1/2","2/2","1/2","1/1","1/2","2/1","2/2","1/2","1/1","1/1","2/2","1/1","2/1","2/1","1/1","1/1","2/1","2/1","1/1","1/2","1/2","1/1","2/1","2/1","2/2","1/1","2/2","1/1","2/1","2/2","2/2","1/2","1/2","2/1","2/2","2/1","2/1","1/2","1/2","1/1","2/2","2/2","2/1","2/2","1/2","2/1","1/2","2/2","1/1","2/2","2/1","1/2","1/1","2/1","2/2","1/2","2/2","4/1","2/2","2/2","2/2","2/1","1/1","2/2","2/2","2/2","2/2","1/2","2/1","1/2","1/1","2/1","1/1","1/2","1/1","1/2","1/1","1/2","2/1","2/1","1/1","2/2","1/1","2/2","1/2","1/2","2/1","2/2","2/1","2/1","2/2","1/2","1/1","2/2","2/2","2/1","2/1","1/2","1/1","1/2","1/2","2/2","2/2","1/2","2/1","2/2","2/1","1/2","2/2","1/2","2/1","2/1","1/2","1/1","2/2","1/2","1/1","2/1","2/2","2/2","1/2","1/2","1/1","1/2","2/1","2/1","1/2","2/1","1/1","2/1","1/2","2/2","1/1","2/1","2/1","2/1","1/1","2/1","1/2","1/1","2/2","1/2","1/2","2/2","2/1","1/1","2/1","2/1","1/1","2/1","1/1","1/1","2/2","1/2","1/2","2/1","1/2","2/2","2/1"
"IND0064","2/1","2/2","2/2","1/1","2/1","1/1","1/1","1/2","2/2","1/2","2/2","2/1","1/1","2/1","2/2","2/1","2/2","2/1","1/1","2/1","1/1","1/2","1/1","1/2","2/2","1/1","1/1","1/1","1/1","2/2","2/2","1/2","1/2","1/1","1/2","1/1","2/1","2/2","1/2","1/2","1/2","1/1","1/2","2/1","2/2","2/2","2/2","2/2","2/1","2/2","2/1","1/2","1/1","1/2","1/1","1/2","2/2","1/2","1/2","2/2","2/2","2/2","1/1","2/1","1/2","2/1","1/1","2/1","1/2","1/1","2/1","1/1","1/2","2/2","2/2","2/1","2/1","1/2","2/1","2/1","1/1","2/1","1/1","1/1","2/1","1/1","2/1","2/1","2/1","2/2","2/2","1/1","2/1","2/2","1/2","2/2","1/1","1/1","2/1","2/2","2/2","1/1","1/2","2/1","1/1","1/1","1/1","1/1","1/2","2/1","2/1","2/2","2/1","2/1","2/1","2/2","2/2","1/1","1/2","2/2","2/1","1/1","1/1","2/1","1/2","2/1","2/3","2/2","2/1","2/1","1/2","1/2","1/1","2/1","2/1","2/2","1/1","1/1","1/2","2/2","2/2","1/2","2/2","1/1","1/1","2/1","1/2","2/2","2/2","2/2","1/1","1/1","1/2","2/2","1/1","1/1","2/1","2/1","2/2","1/1","1/1","1/2","1/2","1/2","1/1","2/1","2/1","1/1","2/1","1/2","2/1","2/2","1/2","1/2","2/2","2/2","1/1","1/2","2/2","1/1","2/1","2/2","2/2","2/2","2/2","2/1","1/2","1/1","2/1","1/2","2/2","1/2","2/1","1/2","1/1","2/2","1/2","2/1","1/1","4/3","2/1","2/1","2/1","2/2","2/4","1/2","1/2","2/1","2/2","2/1","2/2","1/1","1/2","1/1","1/2","2/2","2/1","2/1","2/1","1/2","2/2","2/2","1/1","2/1","1/2","2/1","2/2","2/2","1/1","1/2","2/1","2/1","1/1","2/1","1/2","2/2","1/1","1/2","2/2","1/2","2/2","2/1","2/2","2/2","1/1","2/2","2/1","2/1","2/1","2/2","2/1","1/1","2/2","2/2","1/1","1/2","2/1","2/2","1/1","1/2","1/1","2/2","1/2","2/2","1/2","2/1","2/2","2/1","1/2","1/2","2/2","1/1","1/1","1/1","2/1","1/2","2/1","1/2","3/4","1/2","1/1","1/2","1/2","2/2","1/2","2/2","1/2","1/2","2/1","1/1","2/2","1/1","2/2","1/1","2/1","1/1","1/2","2/1","1/1","2/2","2/2","2/2","1/1","2/2","1/2","1/2","1/2","2/2","2/2","2/2","2/2","1/1","2/2","3/1","1/2","2/1","4/1","2/2","2/1","2/2","2/1","1/1","2/1","2/2","2/1","2/2","1/1","1/2","1/2","2/2","1/1","2/1","1/2","2/2","1/2","1/1","1/2","2/1","1/1","1/2","2/2","1/1","1/2","1/2","1/1","2/1","2/1","2/2","2/1","1/1","2/2","2/1","1/2","1/2","2/2","1/1","2/2","2/2","1/2","2/1","1/2","2/2","1/1","2/1","1/1","1/2","2/1","1/2","1/1","2/1","2/2","2/2","1/1","2/2","1/2","2/1","1/2","1/2","1/2","2/1","2/1","2/1","2/1","1/1","2/2","1/1","1/2","1/1","1/1","4/1","2/1","1/2","2/2","1/2","2/2","1/1","1/1","1/1","2/2","2/2","2/2","2/2","1/2","1/2","1/1","1/1","1/1","2/2","2/1","2/1","1/1","2/1","1/2","1/2","2/1","2/2","2/1","2/1","1/1","1/1","1/1","1/2","2/1","1/2","1/2","2/1","1/2","2/2","2/1","1/1","1/1","1/2","1/2","2/2","1/2","2/2","2/1","2/2","2/1","2/2","1/2","1/1","1/2","1/2","2/1","2/1","1/1","1/1","2/2","1/2","2/2","1/1","1/2","2/2","1/1","1/2","2/1","2/1","2/1","1/1","2/2","2/2","1/2","2/2","2/2","2/1","1/1","2/1","1/1","1/1","1/2","1/2","1/1","1/2","1/2","2/1","1/2","2/1","2/2","2/2","1/2","1/1","2/2","1/2","1/1","2/1","2/2","1/2","2/2","2/1","1/1"
"IND0065","2/2","2/1","1/1","2/1","2/2","2/2","2/2","1/2","1/1","2/2","1/1","2/1","1/2","1/1","1/1","1/2","1/1","2/1","1/1","2/1","1/1","1/2","2/1","2/1","2/1","1/2","1/2","2/2","2/2","1/1","1/2","2/2","1/2","1/1","1/2","2/1","2/2","1/2","2/2","2/2","2/2","1/2","2/2","1/1","1/2","1/2","1/2","2/1","1/2","1/1","1/1","1/2","2/2","2/1","1/2","2/2","1/1","1/1","2/2","1/2","2/1","2/1","1/1","1/2","2/2","2/1","1/2","2/1","1/2","1/1","2/2","2/1","1/1","1/1","1/1","2/2","1/1","2/2","2/2","2/1","2/2","1/2","1/2","2/2","1/2","2/1","2/1","1/2","2/2","2/2","2/1","1/1","1/2","2/1","2/1","2/2","2/1","2/1","1/1","2/2","2/2","1/2","1/2","2/2","2/1","1/2","1/2","1/2","1/1","2/1","1/2","2/1","2/2","2/1","2/1","1/2","1/2","1/2","2/2","1/1","1/2","2/1","2/2","1/1","1/1","2/1","4/2","2/2","1/2","2/2","2/1","2/2","1/1","1/2","1/1","2/1","2/1","1/2","1/1","1/1","1/2","1/1","1/1","1/2","2/2","2/1","2/1","2/1","1/1","1/1","2/1","1/2","2/1","2/1","1/1","1/1","2/1","2/2","1/2","2/2","2/1","1/2","2/1","1/2","1/1","2/2","2/1","1/2","1/1","2/1","1/1","2/1","1/2","1/2","1/1","1/2","2/2","1/1","2/2","2/1","2/1","2/1","1/2","2/1","2/1","2/2","1/2","1/2","2/1","2/1","1/2","2/1","1/2","1/2","2/2","1/1","1/2","1/2","2/2","4/4","2/1","1/1","2/2","2/2","4/3","2/2","1/1","2/2","1/1","1/1","1/2","1/2","1/2","1/1","2/1","2/1","2/2","1/2","2/1","2/1","1/1","2/2","1/2","2/2","1/1","2/1","2/2","1/2","2/1","2/1","1/2","2/2","2/2","1/2","1/1","1/2","2/1","2/2","2/1","1/1","2/1","1/2","1/2","1/1","1/2","1/2","2/2","1/1","2/2","1/2","1/2","2/1","1/2","1/1","2/2","1/1","2/2","1/1","2/1","1/1","2/1","2/2","2/2","2/1","2/1","2/1","2/1","1/1","2/1","1/1","2/2","2/1","2/2","1/2","2/2","1/1","1/2","2/1","1/4","1/2","1/2","2/2","1/2","2/1","2/2","2/2","2/1","2/2","1/2","2/2","2/1","1/1","1/1","2/2","2/2","2/2","2/1","1/2","2/1","2/1","2/1","1/2","2/1","4/1","2/1","2/2","1/1","2/2","2/1","2/1","2/2","2/2","1/1","4/4","2/1","1/1","4/4","1/2","2/2","1/2","1/1","2/2","1/2","2/2","2/2","2/1","2/2","2/1","1/2","1/1","1/1","2/2","2/2","1/1","2/1","1/1","1/2","1/2","1/2","2/2","1/2","1/2","2/1","2/1","2/1","2/2","2/1","2/2","1/1","1/2","2/2","2/1","1/2","1/2","2/1","1/1","2/1","2/2","1/2","2/2","2/1","2/1","2/2","1/1","1/1","2/1","1/1","1/1","1/1","1/1","2/2","1/1","2/1","1/2","2/1","2/1","2/1","1/1","2/2","2/1","2/1","2/2","2/2","2/1","1/2","1/2","1/1","1/1","1/2","2/3","2/1","1/1","2/2","1/2","2/2","2/1","2/2","1/1","2/2","2/2","2/2","2/1","2/1","1/2","2/1","2/2","2/1","1/1","1/1","2/2","1/1","2/2","1/2","1/2","2/1","1/2","1/1","1/1","1/2","2/2","2/1","2/1","1/2","1/2","2/1","2/2","2/2","1/2","2/1","2/2","1/2","1/2","2/2","2/2","2/2","2/2","1/1","1/2","2/2","1/2","1/1","2/2","2/1","1/1","2/1","1/2","2/1","2/1","2/2","2/1","2/1","1/1","1/1","1/1","2/2","2/2","2/2","2/2","1/2","1/2","1/1","2/2","2/2","2/2","2/2","1/2","1/1","2/2","1/2","1/1","2/2","1/1","2/1","2/2","2/2","1/2","1/1","1/1","1/2","2/1","2/2","1/1","1/2","1/2","2/1","1/2","2/1","2/2","2/2","1/1","1/1"
"IND0066","2/1","1/1","2/1","2/2","2/1","2/2","1/2","2/1","2/2","2/1","2/2","2/1","1/2","2/2","2/2","2/1","2/1","1/2","2/1","1/2","1/1","1/1","2/1","2/2","1/2","1/2","2/2","2/1","1/1","1/1","2/1","1/2","1/2","1/1","1/1","1/2","2/2","1/2","2/2","2/1","1/2","1/2","2/2","1/1","1/1","2/1","1/2","1/2","1/2","2/1","2/2","1/2","2/1","2/2","2/2","1/2","1/1","1/2","1/2","2/2","1/1","1/1","1/2","1/2","2/1","1/2","2/2","2/1","2/2","2/2","1/2","1/1","2/2","2/2","1/1","2/1","1/2","1/2","2/2","1/2","1/1","1/2","1/1","2/1","2/2","2/2","1/2","2/2","2/1","2/2","1/2","1/2","2/1","2/1","1/1","1/2","2/2","2/1","2/2","1/1","1/2","2/2","1/1","1/2","2/1","2/2","2/1","2/1","2/2","2/2","1/2","1/1","1/1","1/1","1/2","1/1","2/2","1/1","1/2","1/1","1/2","2/1","1/2","2/2","1/1","1/1","4/2","2/1","1/2","1/2","2/2","1/1","2/1","2/1","1/1","1/1","1/1","2/1","2/2","2/1","1/2","1/2","2/1","2/2","2/1","2/2","2/2","1/2","2/1","1/1","2/1","1/2","2/2","2/1","2/2","1/2","2/2","1/1","2/1","2/1","2/1","2/1","2/2","1/1","2/1","1/2","1/1","1/1","2/2","2/2","2/2","2/2","1/1","2/2","2/2","2/2","1/2","1/2","1/1","2/2","1/2","2/1","2/1","1/1","1/1","1/1","2/2","1/1","2/2","2/1","2/2","2/1","1/1","2/1","2/1","2/2","2/1","1/1","2/1","4/3","2/1","1/1","2/1","2/1","1/3","2/1","1/2","2/2","2/1","2/2","2/2","2/2","2/2","1/2","1/2","1/1","1/2","1/1","1/1","1/1","1/2","1/1","1/1","2/2","1/1","2/2","1/1","2/1","1/1","2/2","2/1","1/1","1/2","1/2","2/1","2/1","2/2","1/2","1/2","1/1","2/2","1/2","2/1","1/1","1/2","1/1","2/1","2/1","1/1","2/2","2/1","2/1","1/1","2/1","2/1","1/2","2/1","2/1","2/2","2/1","1/2","1/2","2/2","2/1","2/2","2/2","1/1","2/2","1/1","2/1","2/1","1/2","2/1","2/2","2/2","2/2","2/1","1/2","4/1","2/1","2/2","1/2","2/2","2/2","1/2","2/1","1/2","1/1","1/2","1/2","1/1","1/2","2/2","2/1","1/2","1/2","1/1","1/2","1/2","2/1","1/2","2/2","1/1","2/2","1/2","2/1","1/2","1/2","2/2","2/1","2/1","2/1","1/1","3/1","1/2","1/1","1/3","2/1","1/1","1/1","2/1","1/2","2/2","1/1","1/1","2/1","2/2","1/2","2/1","1/1","1/1","2/1","2/1","2/1","1/2","2/1","1/1","2/1","2/2","2/2","1/1","1/1","2/2","2/2","2/1","1/1","1/2","1/1","1/1","1/2","1/2","1/1","1/1","2/2","2/1","1/2","1/1","1/2","1/2","2/2","1/1","1/2","2/2","2/2","2/2","2/1","1/1","1/1","1/2","1/1","1/2","1/1","1/2","1/2","2/2","1/2","1/1","2/2","2/2","2/1","1/1","2/4","2/1","1/1","1/2","1/2","2/2","1/1","1/1","4/4","1/2","1/1","1/1","2/1","1/2","1/1","1/2","2/2","2/2","1/2","1/2","2/1","2/1","2/1","1/1","2/1","2/1","2/1","2/2","2/2","1/1","2/2","2/2","1/2","1/2","1/2","2/2","1/1","1/1","1/2","1/1","2/1","1/1","2/1","1/1","1/2","2/1","2/1","1/1","1/2","1/2","2/1","1/1","1/2","2/2","1/1","1/1","2/1","2/2","1/2","1/2","1/1","1/1","2/2","1/1","1/1","1/1","2/1","2/2","1/1","1/1","1/1","2/2","2/1","2/1","2/2","1/1","1/2","1/2","1/2","1/1","2/2","2/1","1/1","1/2","1/2","2/2","2/1","1/1","2/2","2/2","2/2","1/1","1/1","1/1","2/2","1/1","1/2","2/1","1/1","2/2","2/1","1/1","1/2","2/2","1/2","2/1","2/2","1/1","1/2","1/2"
"IND0067","1/2","2/2","1/1","1/2","1/2","2/1","2/1","1/1","2/1","2/1","2/2","1/2","1/1","1/1","1/2","1/1","1/2","1/2","1/2","1/1","2/1","1/1","1/1","1/1","1/1","1/1","2/2","2/1","1/2","1/1","1/1","2/1","1/1","2/1","2/1","2/2","1/1","2/1","2/1","2/2","2/1","1/2","1/2","2/1","1/2","1/2","2/1","2/2","2/1","2/1","1/1","2/2","2/2","1/1","2/2","1/1","2/1","1/2","1/1","2/2","1/1","2/2","1/2","2/1","2/1","1/1","1/1","1/2","1/2","2/2","1/2","1/1","2/2","1/1","1/1","1/2","1/2","1/1","2/2","1/2","1/2","2/1","1/2","2/1","2/2","1/1","1/1","2/1","1/2","2/2","1/2","2/1","1/2","2/2","2/2","2/1","1/2","2/2","2/1","2/1","1/1","2/2","2/1","1/1","1/2","1/1","1/2","1/2","2/2","2/2","2/2","2/1","2/1","1/1","2/1","1/1","2/1","1/1","1/1","2/2","2/2","1/2","1/1","1/2","1/1","1/2","1/4","2/1","2/2","2/1","2/1","2/1","2/2","2/2","1/1","2/2","1/1","1/2","1/2","2/2","1/1","1/2","1/1","1/1","2/2","2/1","1/1","1/1","1/1","2/2","1/2","1/1","1/1","2/1","2/2","2/1","1/1","2/1","2/1","2/1","2/2","2/1","2/1","1/2","1/1","1/1","1/2","2/2","1/1","2/1","2/2","2/2","1/1","1/1","1/2","2/2","2/2","1/2","2/2","1/1","1/1","1/2","2/2","1/1","2/1","2/1","1/2","2/2","2/2","1/2","1/2","1/2","2/2","2/1","2/2","2/1","2/1","1/2","1/1","2/3","2/2","1/1","1/1","2/1","3/2","2/1","2/1","2/2","2/1","1/2","1/1","2/1","2/1","2/1","1/1","1/1","2/2","2/2","2/2","2/2","1/2","2/1","1/2","1/1","2/1","1/1","2/2","1/2","1/1","1/2","1/1","2/2","2/1","1/1","2/1","1/1","2/2","1/2","2/2","1/2","1/2","1/2","2/2","2/2","1/1","2/2","1/2","2/2","2/2","1/2","1/2","1/1","1/2","1/2","1/2","2/2","2/2","1/1","1/1","2/2","2/1","1/1","1/2","2/1","2/2","1/1","1/2","1/1","1/1","1/1","2/2","1/1","1/1","1/1","2/2","2/1","2/1","1/1","2/4","2/1","2/1","1/1","1/1","1/2","1/1","2/1","1/2","1/1","2/1","2/1","1/1","1/1","2/1","1/2","1/2","2/1","1/1","1/2","2/2","1/1","2/2","2/2","1/2","4/3","1/1","1/2","2/2","1/2","2/2","1/2","2/1","1/1","1/2","4/4","1/1","1/1","1/1","1/2","1/2","2/2","1/1","2/2","2/1","1/2","2/2","2/2","1/1","1/1","2/1","2/2","2/1","1/2","2/1","2/1","1/1","1/2","1/2","1/2","1/1","2/1","1/1","1/1","1/1","1/2","2/1","1/2","1/2","2/1","2/1","2/1","2/1","1/2","1/1","2/1","1/2","1/1","2/2","1/1","2/1","2/2","1/1","1/2","1/1","1/1","1/1","2/1","1/2","1/2","2/2","2/2","2/2","1/1","1/2","2/2","2/2","1/1","2/2","2/2","2/2","1/1","2/2","1/1","2/1","2/2","2/2","2/1","2/2","1/1","2/1","3/3","1/2","2/2","2/1","1/2","2/2","2/1","2/1","2/1","2/1","2/1","1/1","1/1","2/2","1/2","1/2","2/1","1/1","2/1","1/2","2/1","1/1","1/1","2/1","2/1","2/2","1/2","2/2","2/2","2/1","2/2","2/2","1/2","2/2","2/2","2/1","1/1","2/2","1/1","2/2","2/2","2/1","2/1","2/2","1/1","2/1","1/2","2/2","2/1","2/2","2/1","1/1","1/2","1/1","1/2","1/1","1/2","2/2","2/1","1/1","1/2","1/1","1/2","1/2","1/1","2/1","2/2","1/2","2/2","2/1","1/2","2/2","1/1","2/2","1/1","2/1","2/2","1/1","2/1","2/1","1/2","2/2","2/1","2/2","2/1","1/2","1/1","2/1","1/2","2/2","1/1","1/1","1/1","1/2","1/1","2/1","2/1","1/1","2/1","2/1","1/2","2/2"
"IND0068","1/1","1/1","1/2","2/1","1/1","1/1","2/1","1/1","2/2","2/1","2/2","1/2","2/2","1/1","2/1","2/1","2/1","2/2","1/2","2/2","1/2","1/1","2/1","1/2","1/1","1/2","1/1","2/2","1/1","2/2","1/2","1/2","2/1","1/2","1/1","1/1","1/2","1/1","1/2","1/2","1/2","2/1","2/1","1/1","2/2","2/2","1/1","2/2","1/2","2/1","2/2","2/1","2/1","2/1","2/1","1/1","1/2","1/1","2/1","1/1","1/1","2/2","1/1","1/2","1/1","2/1","1/2","2/2","2/1","1/2","1/2","1/1","1/2","1/1","1/2","2/1","2/1","1/1","1/2","1/1","1/2","2/1","2/1","1/2","1/2","1/1","2/2","1/2","1/2","2/2","2/1","1/1","2/1","2/2","1/2","2/2","2/2","1/1","1/1","2/1","2/2","1/1","1/1","2/2","2/2","1/2","2/1","2/1","1/2","2/1","2/1","2/1","1/2","1/2","2/1","2/1","2/2","1/1","2/1","1/2","1/1","1/2","2/2","1/2","2/1","2/1","2/2","2/1","2/1","1/1","1/1","1/1","2/2","1/2","2/2","1/2","1/2","2/1","2/2","2/2","1/2","1/1","2/1","2/2","1/1","1/2","1/2","2/1","1/1","2/1","2/2","2/2","1/2","1/2","1/1","1/1","2/2","1/1","2/1","2/1","2/2","2/2","1/2","1/1","2/1","2/1","2/1","2/1","2/2","1/1","1/1","1/1","2/2","1/2","1/1","2/1","1/1","2/2","1/2","1/2","1/1","1/2","1/2","1/2","1/2","2/1","2/2","1/1","2/2","1/2","1/1","1/2","2/1","2/2","2/2","2/2","2/1","1/2","1/1","1/3","1/2","1/1","2/2","2/2","4/3","1/2","1/2","2/2","2/2","1/1","2/2","1/2","1/2","1/1","1/2","1/2","2/2","1/2","2/1","2/2","1/1","1/1","2/1","1/2","2/2","1/2","2/2","2/2","1/2","1/1","2/2","1/2","1/2","1/1","2/2","1/1","2/1","1/1","1/2","2/1","1/2","1/1","2/1","2/2","2/2","2/2","2/1","2/1","1/1","1/1","1/2","2/2","2/2","1/2","1/1","2/1","1/2","2/1","2/2","1/1","1/1","2/2","2/1","2/2","2/2","2/1","1/2","2/1","2/1","1/1","1/1","2/2","2/2","2/2","1/1","1/1","2/2","2/2","2/1","1/2","1/2","2/2","2/1","2/2","2/1","1/2","1/1","2/2","2/2","1/1","2/1","1/2","2/2","1/1","2/1","1/2","1/1","1/1","1/1","1/1","2/1","1/1","1/2","1/3","2/2","1/1","2/1","1/1","1/1","2/2","1/2","2/1","2/2","3/1","2/2","2/1","1/4","2/1","2/1","1/1","2/2","1/1","1/1","2/1","1/1","2/1","1/2","2/2","1/1","2/1","2/2","2/2","1/1","1/1","1/2","2/2","2/2","1/2","1/2","2/2","2/2","2/2","1/2","1/1","2/1","2/2","2/1","2/2","1/2","2/2","2/1","2/1","2/1","1/2","1/1","2/2","2/1","1/2","1/1","1/1","2/1","1/2","1/1","2/1","1/1","2/2","2/1","2/2","1/2","2/1","1/2","2/2","1/1","1/2","2/1","1/1","1/2","2/1","1/1","1/1","1/1","2/3","1/1","2/2","1/2","1/1","1/1","1/1","1/2","4/2","2/2","2/1","2/2","2/2","2/2","1/1","2/2","2/1","2/2","1/1","2/2","2/1","1/1","2/1","1/2","1/1","2/2","2/2","2/1","2/1","1/2","1/2","1/1","2/1","2/2","2/1","2/2","1/2","1/2","1/2","1/1","2/1","2/2","2/2","2/2","1/2","2/2","1/1","1/2","1/2","1/1","1/1","1/1","2/1","2/1","2/2","1/1","1/1","2/1","2/1","2/1","1/1","2/1","2/2","2/2","2/2","1/1","1/1","2/1","2/1","2/1","2/1","2/1","1/2","2/1","1/1","1/1","2/1","1/1","1/2","1/2","2/2","1/2","1/1","2/2","2/2","1/2","2/1","1/1","1/1","2/2","1/2","2/2","1/2","2/1","1/1","1/1","1/1","2/2","1/2","2/1","2/1","2/2","1/2","1/1","1/1","2/1","1/2","2/1","2/1","1/2"
"IND0069","1/2","1/2","2/1","1/1","2/2","2/2","1/1","1/2","2/2","2/2","2/1","2/1","2/2","2/2","2/2","1/2","1/2","2/1","1/1","1/1","1/2","2/1","2/2","1/2","1/2","2/2","2/1","1/1","2/1","2/1","2/2","2/1","1/1","1/1","1/2","2/1","1/1","2/1","2/1","1/2","1/1","1/1","1/2","1/1","2/2","2/2","1/1","1/1","1/2","2/1","1/1","1/2","1/2","2/1","1/1","2/1","1/2","2/1","2/2","2/2","1/1","2/1","2/1","1/1","1/2","1/1","2/1","2/1","2/1","1/1","1/1","1/2","1/2","2/2","2/2","2/2","2/1","1/1","2/1","1/1","1/2","1/2","2/1","2/2","2/1","1/1","2/2","2/1","2/1","2/1","2/1","1/1","1/1","1/2","2/1","1/2","2/1","2/2","1/1","2/1","1/2","1/2","2/1","1/1","1/2","2/1","1/1","1/2","2/2","1/1","1/1","1/1","1/2","1/2","1/2","2/1","1/1","2/1","2/1","1/1","2/2","1/2","1/2","1/2","1/2","1/1","4/4","1/1","1/2","1/1","1/1","2/2","1/2","1/1","2/2","2/1","1/2","2/1","1/2","1/2","1/2","2/2","2/1","1/2","2/2","1/2","2/1","1/1","1/2","1/2","2/1","1/1","2/1","1/1","2/2","1/1","1/2","2/1","1/1","2/1","2/2","1/1","2/1","1/1","1/1","2/1","2/2","2/1","2/2","1/1","2/2","2/2","2/2","2/2","2/1","1/1","2/1","1/2","2/2","2/2","2/1","1/1","1/2","2/1","1/1","1/2","2/2","2/1","1/1","1/1","1/2","1/2","2/1","1/1","1/1","2/2","1/2","2/1","1/1","3/2","2/1","1/2","1/2","2/1","1/3","1/2","1/2","2/2","1/1","1/2","1/2","2/1","2/1","1/2","1/2","1/1","1/2","2/1","1/1","2/1","2/1","2/2","2/1","1/2","2/1","1/1","1/1","1/1","2/1","1/1","2/2","1/2","2/1","2/1","2/2","1/2","1/2","1/1","2/2","2/1","1/1","1/1","2/1","1/2","2/1","1/1","1/1","2/1","1/1","2/2","2/2","1/1","2/1","2/1","2/2","1/2","1/2","1/2","1/2","2/1","1/1","1/1","1/2","2/2","2/1","2/1","1/2","2/1","1/2","2/2","2/1","2/1","2/2","1/2","1/2","2/2","2/1","2/1","2/1","1/2","1/2","1/2","2/1","1/1","2/2","2/1","1/2","1/1","2/1","1/1","1/2","1/2","1/1","1/1","1/1","1/1","2/2","1/2","2/1","1/2","1/2","1/2","2/2","1/3","1/1","1/2","2/1","2/1","1/2","2/2","1/1","2/1","1/1","2/4","1/1","1/1","3/4","1/2","2/1","2/2","2/2","1/1","2/1","1/2","1/2","2/2","1/1","1/2","2/2","1/2","1/2","2/1","1/2","1/1","2/1","1/1","2/1","2/1","1/1","1/2","2/2","1/1","2/1","2/1","2/2","2/1","2/1","2/2","1/1","1/1","2/1","2/1","2/1","2/2","1/2","1/2","1/1","1/2","1/2","2/2","2/1","1/2","2/1","2/2","2/1","1/1","2/1","1/1","2/2","1/1","1/1","1/2","1/2","1/2","2/1","1/1","2/2","1/1","2/2","1/2","1/1","3/1","1/2","2/1","1/1","2/2","2/2","2/2","1/1","3/3","1/2","2/2","2/2","2/2","2/2","1/2","1/2","1/1","1/1","1/1","2/2","2/1","1/1","2/1","2/1","1/2","2/1","2/1","2/1","1/2","1/1","1/2","2/2","1/2","1/1","1/2","1/1","1/2","2/1","2/2","2/2","1/2","2/1","2/1","1/1","2/1","2/1","1/1","2/1","2/1","2/2","2/1","2/2","1/1","2/2","1/1","2/2","2/1","1/1","2/1","1/2","1/2","1/2","1/1","2/2","1/1","1/2","1/2","1/2","2/2","1/2","2/1","2/1","2/1","1/1","2/1","1/1","2/1","2/1","2/2","1/2","2/1","2/1","1/2","1/2","1/2","2/1","2/1","2/2","2/1","1/1","1/1","1/2","2/1","1/1","2/2","2/2","1/1","1/2","2/2","2/2","2/1","1/1","2/1","1/1","2/2","2/1","1/2","1/2","2/2","1/2"
"IND0070","1/2","1/2","1/1","2/1","2/2","2/2","1/1","1/2","1/1","2/2","2/2","2/1","1/1","1/1","2/1","1/2","2/1","1/2","1/2","1/1","2/1","1/1","2/2","1/2","2/1","1/1","2/2","2/2","2/1","2/2","1/2","1/1","2/2","2/1","1/2","2/2","2/2","2/2","2/1","1/2","2/2","1/1","1/1","1/1","2/2","1/1","1/2","2/1","2/2","1/1","2/2","2/1","2/2","2/1","2/2","2/1","2/1","2/2","1/2","2/2","1/1","1/2","1/1","2/1","1/2","1/2","1/2","2/2","1/1","1/2","1/1","1/1","2/2","2/2","1/1","1/2","2/1","1/1","2/1","2/1","2/2","1/1","1/1","1/2","2/1","2/1","1/1","1/1","1/1","1/1","1/2","1/1","1/2","2/1","1/2","2/1","2/1","2/1","1/1","2/1","1/2","1/2","1/1","2/2","1/2","1/2","2/1","2/1","2/1","2/2","1/2","1/1","2/2","2/1","2/2","1/2","2/2","1/1","1/1","2/1","2/1","2/1","2/1","2/2","2/2","1/2","2/2","2/1","1/2","2/1","1/2","1/1","2/2","1/2","2/2","2/2","1/1","1/2","2/2","1/2","1/1","1/1","2/1","2/1","2/1","2/1","1/2","2/1","2/1","1/2","2/2","1/1","1/2","1/1","2/1","1/2","2/1","1/1","2/2","2/2","1/1","1/2","1/2","1/2","2/2","1/2","2/2","2/1","1/1","1/1","1/2","1/1","2/1","2/1","2/1","2/2","2/1","2/2","1/2","1/2","1/2","1/1","2/2","1/2","2/2","1/1","1/2","1/1","2/2","2/2","1/2","2/2","2/1","2/1","2/2","2/1","1/2","1/2","2/1","3/1","1/2","2/1","2/1","1/1","3/2","2/2","2/1","2/2","1/1","1/2","2/1","2/2","2/2","2/2","2/2","2/2","2/1","1/1","1/2","2/2","1/1","1/2","1/1","2/1","2/2","1/2","2/1","1/1","2/1","1/2","2/1","2/1","1/1","2/2","2/1","2/1","2/1","2/1","1/1","1/2","1/1","1/2","2/1","1/1","2/1","1/2","2/2","2/2","2/2","2/2","1/1","1/2","1/2","2/1","2/2","1/2","1/2","1/2","1/1","2/2","1/2","1/2","2/2","1/2","2/1","1/2","1/1","1/2","2/2","2/2","1/2","2/2","2/1","2/1","1/2","2/1","1/2","1/2","3/4","2/2","2/1","1/1","1/2","2/1","1/2","2/2","1/1","2/2","2/2","1/2","2/2","2/2","1/2","2/1","2/2","1/2","1/1","1/1","2/2","2/1","2/1","2/2","1/2","1/4","1/2","1/1","1/2","2/1","2/1","2/1","2/2","1/1","2/2","4/3","1/1","2/1","2/1","2/1","1/2","1/1","1/1","1/2","2/2","1/2","2/1","2/2","1/1","1/2","1/2","1/1","1/1","2/1","1/2","1/1","2/1","1/2","1/1","1/1","2/2","2/1","1/1","2/2","2/2","2/2","1/2","1/1","1/1","1/1","2/1","2/1","2/1","1/1","2/1","1/1","1/1","1/2","2/2","1/2","1/2","2/2","2/2","1/1","1/1","2/2","2/1","2/2","1/1","2/1","2/2","1/2","2/2","1/1","2/2","1/2","1/2","1/2","1/2","1/1","1/2","1/2","2/2","1/2","2/2","2/1","2/2","2/2","1/1","2/2","2/1","2/4","2/2","1/1","1/1","1/1","2/2","1/1","1/1","2/1","1/1","1/1","2/2","2/1","1/2","2/2","1/2","2/2","1/1","2/1","2/1","1/2","2/1","2/1","2/2","2/1","1/2","2/2","1/1","1/1","1/2","1/1","1/2","2/1","1/1","1/2","1/2","2/2","2/2","1/2","2/2","2/2","1/1","1/2","2/1","2/2","1/1","2/1","1/2","2/1","2/2","2/2","2/1","1/2","1/2","1/2","2/1","1/2","1/2","1/2","2/1","1/2","1/1","2/1","2/2","1/2","2/2","2/1","2/1","2/1","1/2","1/2","1/2","1/1","2/2","2/1","2/1","1/2","1/1","1/2","1/1","1/2","1/2","2/2","1/1","1/1","1/2","2/1","2/2","2/2","2/1","1/1","2/1","1/2","2/2","1/2","1/1","2/1","1/1","2/2","2/2","2/1","1/2"
"IND0071","1/2","1/1","2/1","1/2","1/1","2/2","1/1","1/1","1/2","2/1","1/1","1/1","1/1","2/1","1/1","1/1","1/1","1/1","1/1","2/1","2/1","2/2","1/1","1/2","2/1","2/2","2/2","1/1","1/1","2/1","1/2","2/1","2/2","2/2","1/1","1/1","1/1","1/1","2/1","1/1","2/2","1/1","2/2","1/1","2/2","1/2","2/2","1/2","1/1","1/1","2/1","2/1","2/1","1/1","1/2","1/1","2/2","1/1","1/1","2/2","1/1","2/1","2/1","1/1","1/1","1/1","2/2","2/1","2/1","1/1","2/1","1/1","1/1","2/1","1/2","1/2","1/2","1/1","1/2","2/1","1/2","1/1","1/1","1/1","2/2","2/1","1/1","1/2","2/2","1/2","1/1","2/2","1/1","1/1","1/2","1/2","1/2","2/1","2/2","1/2","2/1","1/1","1/2","2/2","2/1","2/1","2/2","1/2","1/2","2/1","2/2","2/1","1/2","2/2","2/1","1/1","1/2","1/1","2/2","2/1","2/2","2/1","1/2","2/2","2/2","2/1","2/1","1/1","2/2","2/2","2/2","1/2","2/2","1/2","1/1","2/2","2/2","2/2","1/1","1/2","1/1","2/1","1/1","2/1","2/2","1/2","1/2","1/2","2/1","2/1","2/1","2/1","2/1","2/2","2/2","1/1","1/1","1/2","2/1","1/2","1/2","2/1","1/1","2/2","2/2","1/2","2/2","1/2","1/1","1/1","2/1","2/2","1/1","2/1","2/2","1/2","1/1","2/1","1/2","1/1","1/2","2/2","2/2","1/2","1/1","1/1","2/1","2/2","2/1","1/1","2/1","2/1","2/2","1/2","2/2","1/1","1/1","1/2","1/1","2/1","2/1","1/1","1/2","1/1","2/4","2/1","2/2","2/2","1/2","1/2","2/2","1/1","1/1","2/1","1/1","1/2","2/2","1/2","2/2","1/1","1/2","2/1","1/1","1/2","1/2","2/2","1/1","1/1","2/2","1/1","1/1","1/1","1/2","1/1","2/1","1/2","2/2","2/2","2/1","2/1","1/1","1/2","1/2","2/1","1/2","1/2","2/1","1/2","1/2","2/2","1/2","1/1","2/2","2/2","2/1","2/2","1/2","2/1","2/1","1/1","2/2","2/1","1/1","1/1","1/2","2/1","2/2","1/2","1/1","2/1","1/1","2/1","1/2","2/2","1/1","1/2","2/2","2/2","3/2","2/1","2/2","2/2","2/2","2/2","2/2","1/2","1/2","1/2","1/1","2/1","1/1","2/1","2/1","1/1","2/2","2/2","1/1","1/1","1/1","1/2","1/2","2/2","1/2","3/3","2/2","1/1","1/1","1/2","2/1","2/1","2/1","1/2","1/1","4/3","1/1","2/2","1/2","2/2","1/2","1/1","1/2","2/1","1/1","2/1","1/2","2/1","2/1","1/1","2/2","1/1","2/1","2/1","2/2","2/2","2/2","1/2","1/2","1/1","2/1","1/1","1/1","1/2","1/1","1/2","1/2","1/2","2/1","1/1","1/1","1/2","1/1","2/1","1/1","1/2","1/2","2/2","2/1","2/2","2/2","1/2","1/1","1/1","2/1","1/1","2/2","2/2","2/2","2/2","2/2","1/2","2/2","2/2","1/2","2/1","1/1","1/1","1/2","2/1","1/1","1/1","1/1","3/3","1/2","2/1","2/2","2/2","2/1","2/1","2/2","2/2","2/2","1/1","1/1","1/1","2/1","2/2","2/1","2/1","2/1","2/2","2/1","2/2","2/2","1/1","1/2","2/2","2/1","1/1","1/1","2/1","1/2","2/1","2/2","2/1","1/2","2/1","2/1","1/1","2/2","1/2","1/1","1/1","1/2","2/2","2/1","2/1","1/2","1/2","2/2","2/2","2/2","2/2","2/2","2/1","2/2","1/2","2/2","2/1","2/2","1/2","1/2","1/2","1/2","2/2","1/2","1/2","1/1","2/1","1/2","2/1","1/1","2/2","1/2","1/2","1/2","1/1","1/1","1/1","2/1","1/2","1/1","2/1","2/1","1/2","2/2","1/2","1/2","1/1","2/2","1/1","1/2","1/2","2/1","1/1","2/1","1/2","1/1","2/2","2/2","2/2","2/1","2/1","2/1","2/1","2/1","1/1","1/1","2/2","2/2","2/1","1/2"
"IND0072","2/1","2/2","2/1","2/1","2/2","1/2","1/1","2/1","2/2","1/1","1/2","1/1","2/1","1/1","1/2","2/2","2/2","1/2","1/2","2/2","2/1","2/1","1/1","1/1","1/2","1/2","2/2","2/2","2/2","1/2","1/1","2/2","2/1","1/2","2/2","1/1","2/1","1/1","1/1","1/1","2/2","2/1","1/2","1/1","1/1","2/2","2/2","1/2","1/2","1/1","2/1","2/2","2/2","1/2","1/1","2/1","1/2","2/2","1/2","2/1","2/2","2/1","1/1","2/1","2/2","1/1","2/2","2/1","1/2","2/1","1/2","1/2","1/2","1/2","2/2","1/1","1/2","1/1","1/2","1/1","2/2","1/2","1/1","1/1","2/2","1/2","1/2","2/1","1/1","2/1","2/1","2/1","2/2","1/2","1/2","1/2","2/1","2/1","1/1","1/1","2/1","2/2","2/1","2/1","2/1","1/1","2/1","2/1","1/1","1/2","2/2","1/2","1/2","2/2","1/1","1/2","1/2","1/1","1/2","2/2","2/2","2/1","1/1","1/2","2/1","2/2","4/2","1/1","1/1","2/1","1/2","1/2","2/2","1/1","2/1","1/2","1/2","1/1","1/1","2/1","2/2","2/2","1/2","2/1","2/1","1/2","1/2","1/1","2/1","2/1","2/1","1/2","2/2","2/1","2/1","1/2","1/2","2/1","2/2","2/1","1/2","2/2","1/2","1/2","2/1","2/2","2/1","2/2","2/1","2/1","1/1","2/2","1/1","2/1","2/2","1/2","1/1","1/1","2/1","1/2","2/2","2/1","2/2","1/1","2/1","2/1","1/1","1/1","2/2","2/2","1/2","2/1","2/2","2/1","1/1","2/2","1/2","1/2","1/2","1/3","2/1","1/2","2/2","1/2","1/4","1/1","1/1","1/1","2/2","2/2","1/1","1/2","2/1","1/1","1/2","1/1","1/2","2/1","2/2","2/2","1/1","1/2","1/1","2/2","1/2","2/2","2/1","1/1","2/2","2/1","2/2","2/2","2/2","1/2","1/2","1/1","1/2","2/1","2/1","2/2","1/1","1/1","2/1","1/1","1/2","2/1","1/2","2/1","2/2","2/1","2/2","1/2","1/2","1/2","1/1","2/2","1/1","1/1","2/2","2/2","2/1","2/2","2/2","1/2","2/2","2/1","2/1","2/2","1/1","2/2","2/1","1/1","2/1","1/2","1/2","1/2","2/1","2/1","1/2","1/2","1/1","2/2","1/1","2/1","1/2","2/1","1/1","2/1","1/2","1/1","1/1","2/2","1/2","2/1","2/1","1/1","1/1","2/2","2/2","2/2","1/1","2/1","2/1","4/1","1/1","2/1","2/1","2/1","2/2","1/2","1/2","2/1","2/2","1/1","1/1","1/2","1/1","2/2","1/2","1/1","2/1","1/1","1/1","1/1","1/1","1/2","1/2","1/2","2/1","1/1","1/1","1/2","2/2","2/1","1/1","2/1","1/2","1/1","2/2","1/2","2/2","1/2","1/1","1/2","1/2","2/2","2/2","2/2","2/2","2/1","2/1","2/2","2/1","2/2","2/2","1/1","2/1","2/2","2/2","2/1","2/2","2/2","2/1","2/2","2/1","1/2","1/1","1/2","1/2","2/2","2/2","1/1","1/1","2/2","1/1","2/1","1/1","2/1","1/1","2/2","2/1","4/1","1/2","1/2","1/1","2/1","1/1","1/2","2/2","1/3","1/1","2/2","1/1","1/2","1/2","2/2","1/2","1/2","2/2","2/2","1/1","2/1","2/2","1/2","1/1","2/1","2/1","1/1","1/1","2/2","2/1","2/2","2/1","2/1","2/1","2/1","1/1","2/2","2/1","1/2","1/1","2/1","1/1","1/2","2/1","1/1","2/2","1/1","2/1","1/1","2/2","1/2","1/2","1/1","2/1","2/1","2/1","1/2","2/2","1/2","2/2","1/2","1/2","2/2","2/2","2/2","2/1","1/1","2/2","2/2","2/1","2/1","1/1","2/1","1/2","1/2","1/1","2/2","1/2","1/2","2/2","1/2","2/1","2/2","1/2","1/2","1/1","2/1","2/2","1/2","2/2","2/2","1/1","1/1","1/1","1/2","2/2","1/2","2/2","1/2","1/2","1/1","1/1","2/2","2/1","2/1","2/2","1/2","1/1","1/1","1/1"
"IND0073","1/2","2/2","1/1","1/1","2/2","2/1","1/2","2/2","1/2","2/1","1/2","2/1","2/1","1/2","1/2","1/2","2/2","2/1","2/2","1/1","2/2","1/2","1/1","2/1","1/1","1/1","1/2","2/1","1/1","2/1","1/2","2/2","2/2","1/2","2/1","1/1","1/1","2/1","1/2","2/1","1/1","1/1","1/2","1/2","1/1","1/1","2/2","1/1","2/1","1/2","1/2","1/2","1/2","2/1","2/2","1/1","1/1","2/1","2/1","1/2","1/2","1/1","1/1","2/1","2/1","2/2","2/1","2/2","1/2","1/2","1/2","2/2","1/1","1/1","1/1","1/2","2/2","1/1","1/2","2/2","1/1","1/1","2/1","1/2","1/1","2/1","2/2","2/2","1/1","1/2","1/1","1/1","1/2","1/2","2/1","1/1","1/2","2/2","2/1","1/1","1/1","1/1","1/2","1/2","2/2","2/1","1/1","2/1","1/2","2/2","1/1","2/1","1/1","2/1","1/2","2/2","1/2","2/1","2/1","2/1","2/2","1/1","2/1","2/1","1/2","1/2","2/3","1/2","2/2","2/2","1/2","2/1","2/1","2/1","2/1","1/2","1/1","2/2","1/2","2/1","2/2","2/1","2/2","2/2","1/2","2/2","1/2","1/1","1/1","2/1","1/2","1/1","2/1","1/2","1/1","2/2","2/2","1/2","2/1","2/1","2/1","1/1","1/2","2/2","2/1","1/2","2/2","1/2","2/1","2/1","1/2","1/1","2/1","1/1","2/2","1/2","2/2","2/2","1/1","1/1","1/2","2/1","2/1","2/2","1/2","1/1","2/1","1/1","1/2","2/1","2/2","1/1","2/1","2/2","2/1","2/1","1/2","1/2","1/1","3/4","2/1","1/2","1/1","2/1","3/3","2/2","2/2","2/2","1/2","2/2","2/2","2/2","1/2","1/1","2/1","2/1","1/2","1/1","1/2","1/1","2/1","1/2","2/1","1/2","2/1","2/1","2/1","2/2","1/2","2/1","2/1","1/1","1/2","1/2","2/1","2/1","2/1","2/2","1/1","2/1","1/1","2/2","2/1","1/1","2/1","1/1","1/2","2/2","1/1","1/2","1/1","2/1","2/1","1/1","2/1","1/2","1/1","2/1","1/2","2/1","1/2","1/1","1/1","2/2","1/1","1/2","2/2","1/2","1/2","2/2","2/1","2/2","1/2","2/1","2/2","2/1","1/1","1/2","3/3","2/2","2/2","2/1","2/1","2/1","2/1","1/2","2/2","1/1","1/1","2/2","2/2","2/2","2/1","2/1","1/1","2/2","1/2","2/2","1/1","2/1","2/1","2/2","1/1","3/3","2/2","1/1","1/1","2/1","2/1","2/1","1/2","1/1","2/2","4/2","2/2","2/1","1/2","1/2","2/2","2/2","1/1","2/2","2/2","1/2","1/2","1/2","2/1","2/1","2/2","2/2","2/1","2/2","2/2","2/1","1/2","2/2","2/2","2/2","1/1","1/2","1/1","2/1","1/1","1/2","2/2","1/2","2/2","2/1","1/1","2/1","2/1","2/1","2/1","2/2","2/1","2/2","1/2","2/2","2/2","2/1","2/1","1/2","1/2","1/2","1/1","2/1","2/2","1/2","2/1","1/1","1/2","1/2","2/2","1/2","2/1","2/1","1/2","1/2","1/2","2/2","2/1","3/1","1/1","2/1","1/2","2/2","2/2","2/1","2/2","4/4","2/2","2/1","2/2","2/2","1/2","2/2","2/1","2/1","1/1","2/2","1/1","2/1","2/2","1/1","2/2","2/1","1/1","2/2","1/2","1/2","1/2","2/1","1/2","2/1","1/1","1/1","1/2","1/1","1/1","1/2","1/2","1/1","2/2","1/1","1/2","1/1","2/2","2/1","1/1","1/1","1/2","2/2","2/1","1/1","1/1","2/1","2/2","1/2","2/1","1/2","1/1","2/2","1/1","2/2","1/1","2/1","1/1","1/1","2/2","1/1","1/1","2/2","2/1","2/2","1/1","1/1","2/2","2/2","2/2","1/1","1/2","2/1","1/2","1/2","1/2","2/2","2/1","1/2","2/2","2/2","2/2","2/2","1/2","2/1","1/1","1/1","1/1","1/1","1/2","2/1","2/2","1/1","1/2","2/2","2/1","2/2","2/1","2/2","2/1","1/1","2/1"
"IND0074","1/2","2/2","1/2","2/2","1/2","1/2","1/2","1/2","1/2","2/1","2/2","2/1","1/2","1/2","2/1","2/2","1/2","2/2","1/1","1/1","1/1","2/2","1/2","2/2","1/2","1/1","1/2","1/2","1/2","1/2","2/1","1/2","2/2","2/1","2/1","2/2","2/1","1/1","1/1","1/2","1/1","1/1","2/1","2/1","2/1","1/1","1/2","1/2","1/2","1/2","1/1","1/2","2/2","2/2","1/1","2/1","2/2","1/1","2/2","2/2","2/2","2/1","1/2","1/2","2/1","1/1","2/2","2/2","2/2","2/2","2/2","1/2","1/2","2/1","2/1","1/2","2/2","1/1","2/2","1/2","2/1","2/2","1/2","1/1","1/1","2/2","2/2","1/1","2/2","2/2","1/2","1/1","1/2","1/1","2/2","2/1","1/1","2/1","2/1","2/2","2/2","1/1","1/2","1/1","1/1","1/2","2/2","2/2","2/2","2/1","2/1","1/1","2/1","1/2","1/1","1/2","1/1","2/1","2/2","1/1","1/1","1/2","1/1","1/2","1/1","1/2","3/1","1/1","1/1","1/2","2/1","2/2","2/2","1/2","1/1","1/2","2/2","1/1","2/2","1/1","2/1","1/2","1/1","2/1","1/2","2/1","2/1","1/1","2/1","1/1","1/1","1/2","2/2","2/1","2/2","1/2","2/2","1/1","1/2","2/2","2/1","1/1","2/2","1/2","2/2","1/2","1/2","1/2","2/1","1/2","1/1","2/1","1/1","1/2","2/1","2/2","2/1","1/1","1/1","2/2","2/1","1/2","2/2","1/2","2/2","1/1","1/2","2/2","1/1","2/2","2/1","2/1","2/1","2/2","2/2","2/2","2/2","2/2","2/1","4/3","1/2","2/2","2/1","1/2","2/4","2/1","1/2","1/2","1/2","1/1","2/2","1/1","2/1","1/2","2/2","2/1","1/2","1/1","2/1","1/2","2/2","2/2","2/1","1/1","1/1","2/1","2/1","2/1","2/2","2/1","2/2","1/2","1/2","2/1","1/1","1/2","2/2","1/2","2/1","1/1","2/2","1/2","2/2","1/1","2/2","2/2","1/1","1/2","1/2","1/2","2/2","2/1","2/1","1/1","1/2","2/1","2/1","1/1","1/2","1/2","2/2","2/2","1/2","1/2","1/2","2/2","2/1","2/1","1/2","1/1","1/2","2/2","1/1","2/1","1/2","2/2","1/2","2/2","1/4","2/1","1/2","1/1","1/2","2/1","2/1","1/1","1/1","2/1","1/1","2/2","2/2","2/1","1/2","2/2","2/2","2/2","1/2","1/2","1/2","2/2","1/2","2/1","1/1","2/3","2/1","2/2","1/1","1/2","2/1","1/2","2/1","2/2","2/2","3/2","2/2","2/1","2/3","2/1","2/1","1/2","2/1","2/1","1/2","2/2","2/2","2/2","2/1","2/2","2/2","1/2","1/2","2/2","2/2","2/2","1/1","1/2","1/1","2/1","2/1","1/1","1/2","2/2","1/2","1/2","2/1","2/2","1/1","2/2","1/2","2/2","2/1","2/1","1/1","1/1","2/1","1/1","2/2","1/1","1/1","1/2","1/1","2/2","2/2","2/1","2/1","2/1","1/2","2/2","1/2","1/1","2/1","2/1","2/1","2/1","2/2","2/1","1/1","1/1","1/1","2/2","2/2","1/4","1/2","2/1","2/1","2/1","2/1","1/2","1/1","3/2","2/1","2/1","1/2","1/1","1/1","2/2","1/2","2/2","2/2","2/2","2/2","1/2","2/1","2/1","1/2","1/1","2/1","2/1","1/1","1/2","2/1","1/2","2/2","1/2","2/1","1/1","2/1","2/2","1/2","2/1","2/2","1/1","1/2","1/1","1/2","2/1","2/2","1/1","2/1","2/2","1/2","2/1","1/1","1/2","1/1","1/1","2/2","1/2","1/1","1/2","2/2","1/2","2/2","2/1","1/2","2/2","2/2","2/2","2/1","1/1","2/1","2/1","1/1","1/1","1/1","2/2","1/1","1/2","2/2","2/1","2/1","2/2","2/2","1/1","2/2","1/2","2/1","1/2","1/1","2/1","2/2","1/1","1/1","1/1","2/2","1/2","1/1","1/2","2/1","1/2","2/1","2/1","1/2","1/2","2/1","2/2","1/1","2/2","2/1","1/1","2/1"
"IND0075","1/1","2/1","1/2","2/1","1/1","2/1","1/1","2/1","2/2","2/2","2/2","2/2","1/2","1/2","2/2","1/1","1/2","1/2","1/2","2/1","2/1","1/2","2/1","1/2","1/2","1/2","1/2","2/1","2/2","1/2","2/2","1/2","2/2","2/2","1/1","2/2","1/1","2/1","2/2","1/1","1/1","2/1","2/2","1/2","1/2","2/2","1/1","1/1","1/1","2/2","2/1","2/1","2/2","2/1","1/2","1/2","2/1","2/2","1/2","2/1","2/2","1/1","2/1","2/1","2/1","2/2","1/2","2/1","1/2","2/2","2/1","1/1","2/1","1/2","2/1","2/1","1/1","2/1","2/1","2/1","1/2","2/2","2/2","1/1","1/2","2/1","1/1","2/2","1/2","1/1","2/2","1/2","1/1","1/1","2/1","1/2","1/2","1/2","1/2","1/1","1/1","1/1","2/2","1/2","2/1","1/2","1/2","1/2","1/2","1/2","1/2","1/2","1/2","1/1","2/1","2/1","2/2","2/1","1/1","2/1","1/2","1/1","2/1","2/2","1/1","1/1","4/3","2/1","2/1","2/1","1/1","1/2","1/1","2/2","2/2","1/2","1/2","2/1","1/1","2/2","1/2","2/2","2/1","1/2","2/2","2/2","2/1","2/2","1/2","1/1","1/1","1/1","1/1","1/1","2/2","1/1","1/2","2/1","2/2","2/2","2/2","2/2","2/1","2/1","2/1","2/2","1/1","1/1","1/1","1/2","1/2","1/1","2/1","2/2","1/2","2/1","2/2","1/1","2/1","1/1","1/2","1/2","1/1","1/2","1/1","2/1","2/2","2/2","2/2","1/2","1/1","1/1","1/1","1/2","2/1","2/1","2/2","2/1","2/2","1/4","1/2","1/2","2/1","1/1","1/1","2/1","1/1","2/2","2/2","2/1","1/2","2/1","1/1","2/1","2/1","2/1","2/2","2/1","1/2","1/2","1/1","1/1","2/1","2/2","2/1","1/1","1/2","2/1","2/1","2/2","1/2","2/1","1/2","2/1","2/2","1/2","2/1","2/1","2/1","2/1","1/2","2/1","1/1","2/2","1/1","2/2","1/1","2/1","1/1","1/1","2/2","2/1","2/1","1/2","2/1","1/1","2/1","2/1","1/1","2/2","2/1","2/1","1/2","2/1","2/1","1/1","1/1","2/1","1/2","2/1","2/1","2/2","2/1","1/1","1/1","2/2","2/1","2/1","1/1","2/1","1/2","1/2","1/2","1/2","2/2","2/2","1/1","2/2","1/1","2/1","1/1","2/2","1/2","2/1","1/1","1/2","1/2","2/2","2/2","2/1","2/1","2/1","1/2","4/2","2/1","1/2","2/2","2/1","1/1","1/2","2/1","1/2","2/1","3/3","1/1","1/1","4/3","2/2","2/2","2/1","1/1","2/1","1/1","1/2","2/1","1/1","1/2","1/1","1/2","2/1","2/2","2/1","2/2","2/1","2/1","1/2","1/1","2/2","1/1","2/2","2/1","2/2","2/2","2/2","1/2","1/2","2/2","2/2","2/1","1/1","2/1","1/1","1/1","2/1","2/2","1/1","1/2","1/2","1/2","2/2","1/2","2/1","2/1","2/2","1/2","2/1","2/1","2/2","1/1","1/1","2/2","2/2","2/1","1/2","1/1","2/1","2/1","1/2","1/2","2/2","1/2","1/1","2/2","1/1","1/1","1/2","1/2","1/1","2/1","1/3","2/2","1/1","1/1","2/1","2/1","2/1","1/2","2/1","2/2","1/2","2/2","2/1","2/2","1/1","2/1","1/2","1/1","1/1","2/1","2/1","1/2","1/1","1/1","1/1","1/1","2/1","1/2","2/1","2/2","2/2","2/1","2/1","1/2","2/2","1/1","1/2","2/2","2/2","2/1","1/2","1/1","1/1","1/2","1/2","1/1","1/2","1/2","2/2","1/1","2/2","1/2","1/2","1/2","2/1","2/2","2/1","1/1","2/2","1/2","1/1","2/1","2/2","2/1","1/2","2/2","2/1","2/2","1/1","1/2","1/2","2/1","1/2","2/2","2/2","1/1","2/1","1/2","2/1","1/1","1/1","2/2","2/2","1/2","2/2","2/2","2/1","2/2","2/1","2/2","2/1","2/2","1/2","1/2","2/1","2/1","2/1","2/1","1/2","2/1","2/2","1/2"
"IND0076","2/2","1/2","1/1","1/1","2/2","1/2","1/2","2/1","1/2","1/2","2/1","2/2","1/1","2/1","1/1","1/1","1/1","1/2","2/2","1/2","2/2","2/2","1/2","2/2","1/2","2/1","1/2","1/2","1/2","2/2","2/1","1/2","1/1","2/1","2/2","1/1","1/2","2/2","1/2","2/2","2/2","1/1","1/2","1/2","1/2","2/2","1/2","1/2","2/2","1/1","1/2","1/1","2/2","1/1","2/2","1/1","1/1","2/2","1/1","2/2","1/2","1/2","2/1","1/2","2/1","2/1","2/1","2/2","2/1","1/1","1/1","1/2","1/2","2/2","2/1","1/2","2/2","2/1","2/2","1/2","1/1","1/2","2/1","1/2","2/2","1/1","1/2","1/2","1/1","1/1","2/2","1/2","2/1","2/1","1/2","2/2","1/2","1/1","1/1","1/1","1/2","1/1","2/2","1/2","2/1","1/1","2/1","1/2","1/1","1/2","1/2","1/2","2/2","2/1","1/1","2/2","2/1","1/2","2/1","1/1","1/2","2/2","1/2","2/1","2/2","2/1","3/4","2/2","1/2","1/2","2/1","2/1","2/1","2/1","2/1","1/1","1/1","1/1","1/1","2/2","2/1","1/1","1/2","2/2","1/2","1/1","1/1","1/1","2/1","1/2","1/1","1/1","1/2","1/1","1/1","1/2","2/2","1/2","2/1","2/1","2/2","1/2","2/2","2/2","2/2","1/1","2/2","2/2","2/2","1/2","1/1","2/1","1/1","1/2","1/2","1/2","2/2","1/1","2/1","1/2","1/1","2/2","1/1","1/1","1/1","2/2","2/1","2/2","2/1","2/1","2/2","2/1","2/1","1/1","2/1","1/1","1/2","2/1","2/1","4/1","2/1","1/1","1/2","1/1","1/4","2/1","1/1","1/2","1/2","1/1","1/1","2/2","2/1","1/1","2/2","1/2","2/1","1/2","1/2","2/1","2/1","2/2","2/1","1/1","1/1","1/2","2/1","2/2","1/2","2/2","2/1","2/1","2/2","2/1","2/1","2/1","1/2","1/2","1/1","1/1","2/2","2/1","2/1","1/2","2/1","1/2","2/1","2/1","1/2","1/2","1/1","1/2","1/1","2/1","2/1","1/2","1/2","2/1","1/1","2/1","1/1","1/2","2/1","2/2","1/2","2/2","2/2","2/1","2/2","2/1","1/1","2/1","1/1","1/1","2/2","2/2","2/2","2/1","3/1","1/1","1/1","1/1","1/2","2/2","2/2","1/2","2/1","2/2","1/2","2/2","1/2","1/2","1/1","2/2","2/1","2/2","1/2","1/1","1/1","1/2","2/1","1/1","2/1","1/2","1/2","1/2","1/1","2/1","2/1","1/2","2/1","1/2","2/1","3/1","2/1","1/1","4/2","1/2","2/1","1/2","2/1","2/2","1/2","1/1","2/2","1/1","1/2","2/1","2/2","2/2","2/2","2/2","1/1","1/1","1/1","1/1","1/2","2/2","1/1","2/1","2/2","1/1","1/2","1/2","2/2","2/2","2/2","1/1","2/1","2/2","2/1","1/2","2/2","1/2","2/2","2/2","2/2","1/2","1/2","2/2","1/1","2/2","1/2","1/1","1/1","2/1","2/1","1/2","1/2","1/1","1/2","2/1","1/1","2/1","2/2","1/2","2/1","2/2","1/1","2/2","2/2","4/1","1/2","2/1","2/1","2/1","1/1","2/2","2/1","3/3","1/1","2/1","1/1","2/1","1/2","1/2","2/2","1/1","2/2","1/2","1/1","1/1","1/1","2/1","2/1","1/1","2/2","1/1","2/1","1/2","2/1","2/2","1/2","1/2","1/2","2/1","1/2","2/2","2/1","2/2","2/2","1/2","1/2","1/2","2/1","2/2","2/2","1/1","2/2","2/2","2/1","2/1","1/1","2/1","1/2","2/1","2/2","1/1","1/1","1/1","1/1","1/2","1/2","2/1","2/1","1/2","2/1","2/2","1/2","2/1","2/2","2/1","2/1","2/2","1/1","2/2","1/1","1/2","2/2","2/1","1/1","1/1","1/1","2/2","2/2","2/1","2/1","2/2","1/2","1/2","1/2","2/1","2/1","1/2","1/2","2/1","1/2","1/1","2/2","1/1","1/1","1/1","1/2","2/2","1/2","2/1","1/1","2/2","1/1","2/2","1/1"
"IND0077","2/2","2/1","1/1","2/2","1/2","2/1","2/2","1/2","2/1","1/2","2/2","2/1","2/2","1/2","2/2","1/1","1/1","1/2","1/2","1/2","1/2","2/1","2/1","1/1","2/1","2/2","2/2","1/2","1/1","2/1","1/1","1/2","2/1","2/1","1/1","2/1","1/2","1/2","1/2","1/1","2/1","2/1","1/2","2/2","1/2","1/2","1/1","2/1","2/1","1/2","1/1","1/1","2/1","1/2","1/1","1/2","2/1","2/2","1/1","1/2","2/2","1/1","2/1","1/1","1/1","1/1","1/2","2/2","2/2","1/2","1/2","1/2","2/2","1/1","1/2","2/2","1/1","2/2","1/1","1/1","1/2","2/2","2/2","2/1","1/2","1/1","1/1","2/1","1/2","2/2","1/2","1/1","2/1","2/2","2/2","2/1","2/2","2/2","2/2","1/2","1/1","2/2","1/1","2/2","1/1","2/2","1/1","1/1","2/1","1/2","1/1","1/2","2/1","2/1","2/2","1/2","2/1","1/1","2/2","2/2","2/2","1/2","2/2","2/1","1/1","1/1","4/1","1/1","1/1","1/1","1/2","1/1","1/1","1/2","2/1","1/1","1/1","2/2","1/2","2/2","1/1","2/1","1/1","2/1","1/2","2/2","1/1","2/2","2/2","2/1","2/1","1/1","2/1","2/2","2/2","2/2","1/1","2/1","1/1","1/2","1/2","1/1","1/1","2/1","1/2","2/2","2/1","2/1","2/1","2/1","2/2","2/2","2/1","1/1","2/1","2/1","2/2","2/2","2/2","2/2","1/1","2/1","2/2","1/1","2/2","2/1","2/2","1/1","2/1","1/1","1/2","2/1","2/2","1/2","1/1","2/1","1/2","2/1","1/2","3/2","1/2","2/1","1/1","1/1","3/1","2/1","2/2","1/1","1/1","1/1","1/1","1/1","2/2","2/2","1/1","1/2","2/2","2/2","2/1","1/2","2/2","1/1","1/2","1/2","1/1","2/2","2/2","1/2","1/2","2/2","1/2","2/2","2/1","2/1","2/2","2/2","1/1","2/2","2/2","1/2","1/2","1/1","1/2","2/2","1/1","2/1","1/1","2/2","1/2","1/1","2/2","1/2","2/1","2/1","2/2","1/2","1/1","1/2","2/2","2/2","2/1","1/1","1/1","1/2","1/1","1/2","2/1","1/1","1/1","1/2","2/2","1/2","2/1","1/2","2/2","1/2","2/2","1/1","1/2","1/2","2/1","2/1","2/2","2/1","2/2","1/2","1/2","1/2","1/2","1/2","2/2","1/2","2/1","2/2","2/1","2/1","2/2","2/2","1/1","1/2","1/2","2/1","2/2","4/1","2/1","1/1","2/2","2/1","2/2","1/2","2/2","1/1","1/2","2/4","2/2","1/1","3/3","2/2","2/2","2/1","1/2","2/2","2/1","2/1","1/2","1/1","1/1","1/1","1/2","1/2","1/2","1/2","2/1","2/1","1/2","1/1","1/1","2/2","1/2","2/1","2/2","2/1","2/2","1/2","1/1","1/1","1/2","1/1","1/1","2/2","2/1","2/2","1/1","2/1","2/1","1/1","2/1","2/2","1/2","1/1","2/1","1/1","1/1","2/1","2/2","2/1","2/1","2/1","1/2","2/2","2/2","2/1","1/1","1/1","2/1","1/2","2/2","2/1","2/2","1/2","1/1","4/1","2/2","2/2","2/1","2/2","2/2","2/2","1/1","4/1","1/2","1/1","1/1","1/2","1/2","1/2","2/1","1/1","1/1","1/2","1/1","2/2","2/1","2/2","2/2","1/1","2/1","2/2","2/2","1/1","2/1","2/1","2/2","1/2","2/1","2/2","1/1","2/1","1/1","1/2","2/2","1/1","1/1","1/2","1/2","1/2","1/1","2/2","2/1","1/1","1/1","1/2","2/2","2/1","2/2","1/1","1/2","1/1","2/1","2/2","1/1","2/2","1/2","1/1","1/2","2/2","2/2","2/1","2/1","2/1","1/2","1/1","2/2","2/2","2/2","2/2","2/2","2/2","2/2","2/1","1/2","2/2","2/2","1/2","1/1","2/1","2/1","1/1","2/2","1/2","1/2","2/2","1/2","2/1","2/2","1/1","2/1","2/2","2/2","2/1","2/1","1/1","1/1","1/2","1/2","1/1","2/2","1/2","1/1","1/1","2/1"
"IND0078","1/2","2/2","2/1","1/1","2/2","2/2","1/2","2/2","1/2","2/2","1/1","2/2","2/1","2/1","2/2","2/2","2/1","1/2","2/2","2/2","1/1","1/1","2/1","2/2","1/1","1/2","2/1","2/2","1/1","2/2","2/1","2/1","1/2","2/2","1/1","2/2","1/1","1/2","1/1","1/2","1/1","1/1","2/2","1/1","2/2","1/2","2/1","2/2","1/1","2/2","2/2","2/1","2/1","2/2","2/2","1/1","2/2","2/2","1/1","2/1","1/2","2/1","2/2","1/1","1/1","2/2","1/1","2/2","2/1","2/2","1/2","1/2","2/1","1/1","1/1","2/1","2/1","2/1","1/2","1/2","2/1","2/1","1/1","1/2","1/1","1/1","2/1","1/1","1/2","1/1","2/2","1/2","2/1","1/2","1/2","2/2","1/1","2/1","1/1","2/1","2/2","1/2","1/1","2/2","1/2","2/1","2/2","1/1","2/2","1/2","1/2","2/2","2/1","2/1","1/2","1/2","2/2","1/2","2/2","1/1","2/1","2/2","2/2","1/1","2/1","1/1","1/2","1/2","2/1","1/1","1/1","1/1","2/2","1/2","1/1","1/2","1/1","1/2","1/1","1/2","1/2","2/1","1/2","1/2","2/2","1/1","2/2","2/2","2/1","2/2","2/1","2/1","2/1","1/2","2/2","2/1","2/2","2/1","2/1","1/2","2/2","1/2","1/2","1/1","2/1","1/1","2/2","1/2","2/1","2/1","2/1","1/2","2/2","1/1","1/1","1/1","1/2","1/1","1/2","2/2","1/1","1/1","1/2","1/1","1/2","1/1","2/2","1/1","2/1","2/2","2/2","1/2","1/2","2/2","2/1","2/1","2/2","1/2","2/1","1/4","1/1","1/2","2/2","2/1","1/3","2/2","1/1","2/2","1/1","1/1","2/1","1/2","2/1","1/2","2/1","1/2","2/1","1/1","2/1","2/2","1/2","2/1","1/2","1/1","1/2","2/2","1/1","2/2","2/2","1/2","2/2","2/2","2/2","1/1","1/2","1/1","2/1","2/1","2/1","1/2","1/1","1/1","1/2","2/2","1/2","2/1","2/2","2/2","2/1","2/2","2/2","2/2","2/2","2/1","1/1","1/1","2/1","2/1","1/1","2/1","2/1","1/1","2/2","1/1","1/1","1/1","2/1","2/1","2/1","2/2","2/2","1/1","2/2","1/2","1/2","2/2","1/1","1/1","2/1","2/2","2/2","2/2","1/2","1/2","1/2","1/2","2/2","1/1","2/1","1/2","2/1","1/1","2/2","2/1","2/1","2/1","1/1","1/1","2/1","1/1","1/2","1/2","1/2","1/1","2/1","1/2","1/2","2/2","2/2","2/1","1/2","1/1","1/1","4/1","1/2","1/2","4/3","2/2","1/2","2/1","2/2","2/2","1/1","2/1","2/2","1/2","1/2","2/2","2/1","2/1","2/1","1/1","2/1","2/2","1/2","1/1","2/2","1/1","1/1","1/2","1/1","1/2","2/2","2/2","2/1","2/1","1/1","1/1","1/2","2/1","1/2","1/1","2/2","2/2","2/2","1/1","2/1","1/1","1/1","1/2","1/2","1/2","1/2","1/2","2/2","2/1","1/1","1/1","2/1","1/1","1/1","2/2","2/1","1/2","1/2","1/1","2/1","2/1","1/2","1/2","2/1","3/1","2/2","2/2","2/1","2/1","1/2","1/2","2/1","1/2","1/2","2/2","2/2","2/1","2/2","2/1","1/2","1/1","2/1","2/1","2/1","2/1","2/2","2/2","2/2","1/1","2/2","1/1","2/1","1/1","2/1","2/1","1/2","2/1","1/1","2/2","2/1","2/2","2/2","1/2","1/1","2/2","2/2","1/1","2/1","1/2","2/2","2/1","1/1","1/1","2/1","1/2","1/2","2/1","1/2","2/1","1/1","1/1","2/1","1/1","1/1","1/2","2/1","2/1","2/1","1/1","1/2","1/1","2/2","1/2","2/2","1/1","1/2","2/2","2/1","2/1","2/1","1/1","2/1","2/1","1/2","1/1","1/1","2/2","1/2","2/2","2/1","1/2","1/2","2/1","2/1","1/1","1/1","2/1","1/2","2/2","2/1","1/2","1/2","2/1","1/2","1/1","2/2","2/1","1/1","1/2","1/1","2/1","2/1","1/2","2/1"
"IND0079","1/2","1/2","2/1","2/1","1/1","2/1","1/2","1/2","1/1","1/2","2/1","2/1","1/1","2/1","2/2","1/2","1/1","2/2","2/1","2/2","1/2","2/2","2/1","2/1","2/2","1/1","1/1","1/2","2/2","1/1","2/2","1/1","2/1","2/1","2/2","1/2","2/2","2/1","1/1","1/1","2/1","2/1","2/1","2/1","1/1","1/1","1/2","2/2","1/2","2/1","2/2","1/1","2/1","1/2","1/1","2/1","2/1","1/2","2/2","2/1","2/2","2/1","1/1","2/2","1/2","2/1","1/2","1/2","2/1","2/2","1/2","1/2","2/2","1/2","2/1","2/1","2/1","1/2","1/1","2/1","2/2","1/1","1/2","2/2","1/1","1/1","1/1","2/1","1/1","1/1","1/1","2/1","1/2","1/2","1/2","1/1","2/2","2/2","1/2","1/2","2/1","1/2","1/2","2/2","1/1","1/1","1/2","1/2","1/1","2/2","1/1","2/1","2/2","2/2","1/1","2/1","2/2","1/2","2/1","2/1","1/2","2/1","1/1","1/2","1/2","2/1","2/1","1/2","2/1","1/1","2/2","1/2","1/2","1/1","2/2","1/1","2/2","1/2","2/2","1/2","2/2","1/2","2/1","1/2","1/1","1/2","2/2","1/1","1/1","1/1","2/1","1/1","1/2","1/1","2/1","2/2","1/1","1/1","1/2","2/2","1/1","1/1","1/1","2/2","2/1","2/2","2/2","2/2","1/1","2/2","2/1","2/2","2/2","2/1","1/2","2/2","1/2","2/1","1/1","2/2","1/1","1/1","2/1","1/2","2/2","2/1","2/1","1/2","1/1","1/1","2/2","2/1","1/2","1/2","1/2","1/1","2/2","1/2","1/2","4/3","1/1","2/1","1/2","1/2","3/3","2/2","1/1","2/2","2/1","1/1","2/1","1/1","2/2","1/1","1/1","2/2","1/2","2/2","2/1","1/1","1/1","1/1","1/2","1/1","2/1","2/1","1/1","2/2","1/1","1/1","1/1","2/2","1/2","1/2","1/2","2/1","2/1","2/2","2/1","2/2","1/2","2/1","1/1","1/1","1/1","1/1","2/2","2/1","1/2","1/1","1/2","1/2","2/2","2/2","2/2","2/1","2/2","1/2","2/2","1/1","1/2","2/1","1/1","2/2","1/1","1/2","1/1","2/1","1/1","1/2","1/2","1/1","2/1","2/1","1/1","2/1","1/2","1/1","2/3","2/1","2/2","1/1","2/2","1/2","2/2","2/2","1/1","2/1","1/2","2/2","2/1","1/2","1/2","2/2","2/1","1/1","1/2","2/1","2/1","1/1","1/1","1/1","2/2","3/4","2/2","2/2","2/2","1/2","2/1","2/1","1/2","1/1","2/2","4/1","1/1","1/2","3/2","1/1","1/2","2/1","2/2","1/2","1/2","1/2","2/2","1/2","2/1","2/1","2/1","2/2","2/2","1/2","1/1","1/2","1/2","2/2","1/2","2/2","2/2","1/2","2/2","1/2","1/1","2/1","1/2","2/1","2/1","1/2","2/1","1/1","2/2","2/1","1/1","1/1","2/2","1/2","1/1","2/1","2/1","1/1","1/2","1/2","1/2","1/1","2/2","2/1","2/1","1/1","1/1","2/2","1/2","2/2","1/1","2/2","1/2","2/1","1/2","2/1","1/1","2/2","2/2","1/2","2/1","1/1","2/1","1/2","1/1","1/1","2/1","2/3","1/2","2/2","2/2","2/2","2/1","2/1","1/1","1/2","2/1","1/2","1/2","2/2","2/1","2/2","2/2","2/1","2/1","1/2","2/1","2/1","2/2","1/1","1/2","2/1","2/1","1/1","1/1","1/1","2/2","1/1","2/2","2/1","2/1","2/2","2/1","2/1","2/1","1/2","2/2","2/2","1/2","1/2","2/2","1/2","1/2","2/1","1/2","2/1","2/1","1/1","2/2","1/2","2/2","1/2","1/1","2/2","2/1","2/1","1/2","2/2","2/2","2/2","1/2","1/1","1/2","2/1","2/1","1/1","2/1","1/2","2/1","2/1","1/1","1/2","2/2","1/2","2/2","2/2","1/2","1/1","2/2","2/1","1/1","1/1","1/1","1/2","1/2","1/1","1/2","1/2","2/2","2/2","2/1","2/1","2/2","2/1","1/2","1/1","2/1","2/2","1/1"
"IND0080","1/1","1/1","1/2","1/2","1/1","1/2","2/1","2/1","2/2","2/2","1/1","2/1","1/1","2/1","2/2","1/2","2/2","1/2","1/1","1/1","2/2","1/2","1/2","1/2","1/1","2/1","1/2","1/2","2/1","1/1","2/2","1/1","2/1","2/1","2/2","2/2","1/1","2/2","2/1","2/1","2/1","1/2","1/2","2/2","1/2","1/1","1/2","1/1","2/1","2/1","2/2","2/1","2/2","2/1","2/2","1/1","1/2","2/2","1/2","2/1","1/2","2/1","1/1","1/2","2/1","2/2","1/2","1/2","1/2","2/1","2/1","1/2","2/1","2/1","1/2","1/2","2/1","1/2","1/1","2/1","1/2","1/2","2/2","2/2","2/1","1/2","2/2","2/1","2/1","2/2","2/1","1/1","1/1","2/2","1/2","1/2","2/2","1/2","2/1","2/2","1/2","2/1","1/1","1/1","2/1","1/1","2/1","1/2","2/1","1/1","1/1","1/1","2/2","2/2","1/2","1/2","1/2","1/1","1/2","1/2","2/2","2/1","2/1","2/1","2/1","1/2","4/2","2/2","1/2","1/1","1/2","1/2","1/2","2/1","1/1","1/2","2/2","2/1","2/2","2/2","1/2","2/2","1/2","1/1","1/1","2/1","1/2","1/2","2/1","1/1","2/2","1/2","2/2","2/2","1/1","1/1","1/2","1/1","1/1","2/1","1/1","2/1","2/2","2/1","1/2","2/1","2/1","2/1","1/1","2/1","2/1","2/2","2/1","2/2","2/1","1/2","1/1","2/1","2/2","2/2","2/1","1/1","2/2","2/2","1/1","1/2","1/2","2/2","2/1","2/2","1/1","1/2","1/2","1/2","2/2","1/1","2/2","2/1","1/2","3/2","1/2","2/2","1/1","1/1","1/1","1/1","2/2","1/2","1/2","2/1","1/1","2/2","1/2","1/2","2/1","1/2","2/1","1/1","2/1","1/2","2/2","1/2","2/1","2/1","2/1","2/1","1/2","1/2","2/1","2/1","1/1","2/1","1/1","2/1","1/2","1/1","1/2","1/2","1/2","1/1","2/2","2/1","1/1","1/1","1/1","2/1","2/2","2/2","2/1","1/2","2/2","2/2","1/1","2/1","1/2","1/2","2/1","2/1","2/2","1/1","1/2","1/2","2/2","1/2","2/2","1/2","1/2","1/2","1/2","2/2","2/2","2/2","1/1","1/2","1/2","1/2","2/1","2/2","2/1","2/1","2/1","2/1","2/1","1/1","2/2","2/2","2/1","2/2","1/1","2/2","2/1","1/1","1/1","2/2","2/2","2/1","2/2","2/2","1/1","1/1","2/2","2/1","1/1","2/3","1/2","1/1","1/1","2/2","2/2","1/1","2/1","1/2","1/1","1/4","1/2","2/1","4/1","1/1","2/1","1/1","2/1","1/1","2/1","2/2","1/1","2/1","2/1","2/1","2/1","2/1","2/1","1/2","1/2","1/1","2/1","1/2","1/2","1/2","1/2","2/1","2/2","2/2","2/1","1/2","1/2","2/2","1/2","1/1","2/2","1/1","2/2","2/1","1/2","1/2","1/1","1/1","1/1","2/1","1/1","2/1","2/1","2/2","2/2","1/1","2/1","1/1","2/1","2/1","1/2","1/1","1/1","1/1","2/1","2/2","1/1","1/2","2/2","2/2","2/2","2/2","2/2","2/4","1/2","1/2","2/2","1/2","1/1","2/2","2/1","3/3","1/2","2/1","1/1","1/1","1/1","1/1","1/1","2/1","1/2","1/1","2/2","2/2","2/2","2/2","1/1","2/1","2/1","1/1","2/2","1/1","2/2","2/1","1/1","2/1","1/2","2/1","2/1","2/2","1/2","2/1","1/1","1/1","1/2","1/1","1/2","2/1","2/1","2/2","2/2","1/1","2/1","1/2","1/1","1/1","2/1","1/2","1/2","2/2","1/1","1/2","1/1","1/1","1/2","2/1","2/2","2/2","1/1","1/1","1/1","1/2","1/2","2/1","2/1","1/2","2/1","2/2","1/2","1/1","1/1","2/1","2/1","2/2","1/2","2/2","2/2","2/2","1/2","1/2","1/2","2/2","1/1","2/1","1/1","2/1","2/2","1/1","2/2","2/2","2/2","1/2","1/1","1/2","2/1","1/2","2/2","2/1","1/1","1/1","2/1","2/2","2/1"
"IND0081","2/2","1/2","1/2","2/1","2/1","1/1","2/1","2/1","1/2","2/2","1/1","1/2","1/1","1/1","1/2","2/1","1/1","1/1","1/1","2/2","1/1","2/1","1/2","2/1","1/2","2/1","2/2","1/2","1/1","2/1","2/2","1/1","1/2","2/1","2/1","1/2","1/1","1/1","1/1","1/2","2/1","1/2","1/2","2/1","2/2","1/1","1/1","1/2","2/2","1/1","1/2","1/2","1/2","1/2","2/1","2/2","1/2","2/2","1/2","1/2","2/2","2/2","1/2","1/1","1/1","1/2","1/1","1/2","2/2","1/1","2/2","1/1","1/2","1/2","2/1","2/1","2/1","2/1","2/2","2/1","2/1","1/1","1/2","1/2","2/2","1/1","2/2","2/2","2/1","1/1","2/1","1/1","2/2","2/1","2/1","2/2","2/1","1/2","1/1","2/1","1/1","1/2","2/1","2/2","2/1","2/1","2/2","2/1","2/1","1/1","2/2","1/1","1/1","2/1","1/2","2/1","2/2","1/1","2/2","1/1","1/2","2/2","2/1","2/1","1/2","1/1","3/4","1/1","1/2","2/2","1/1","2/2","1/2","2/2","2/1","2/2","1/2","2/2","1/1","2/2","1/1","2/2","2/1","2/2","2/1","1/1","2/2","1/1","2/2","1/1","2/2","2/1","2/2","2/1","1/1","2/2","1/2","2/2","1/1","1/2","2/1","1/1","2/2","1/1","1/1","1/1","2/2","2/1","1/2","2/2","2/2","2/2","2/2","1/1","1/2","1/1","2/1","1/2","2/1","1/1","2/1","2/1","1/1","2/1","2/1","2/1","2/2","1/1","1/1","1/1","1/1","2/2","2/1","2/1","1/2","2/2","2/2","1/1","2/2","1/1","1/1","1/1","2/1","2/1","1/3","2/1","2/2","1/2","1/1","2/2","2/1","1/2","1/1","2/1","2/1","2/2","1/1","1/2","2/1","1/2","2/2","1/1","2/2","1/1","1/2","2/1","1/2","1/2","2/2","2/2","1/2","2/1","2/2","1/1","2/2","2/1","2/2","1/2","2/1","2/1","1/1","2/1","2/1","1/2","2/1","2/2","1/2","2/1","1/2","1/2","2/1","2/1","1/1","1/1","2/2","1/2","1/2","2/1","1/2","1/2","2/2","2/2","2/2","1/2","2/2","1/2","1/1","2/1","2/1","2/2","2/1","1/1","2/2","1/1","1/2","1/1","1/1","1/2","2/1","1/2","1/1","1/1","2/1","2/1","1/2","1/1","2/1","2/1","2/1","1/2","1/2","2/2","2/1","2/2","1/2","1/2","2/1","2/2","2/1","1/1","1/2","1/1","1/2","4/1","2/1","2/1","2/1","1/2","2/1","2/2","1/2","2/1","1/2","2/4","2/1","2/2","2/4","1/2","2/1","1/1","1/2","2/2","1/1","1/1","1/2","2/1","1/1","1/2","2/2","2/1","2/2","1/1","1/1","1/1","1/2","1/1","1/2","2/1","1/2","1/2","1/2","1/1","2/1","2/2","1/1","2/2","1/1","2/1","1/2","1/1","1/1","2/1","1/2","1/2","2/1","1/2","2/2","1/2","1/2","2/2","2/2","2/1","2/2","2/1","1/1","2/2","2/1","2/2","2/1","2/1","2/2","1/2","2/1","2/2","1/2","1/2","2/1","2/1","2/2","1/1","2/1","4/1","2/2","1/2","2/1","2/1","2/1","1/2","1/2","2/3","1/1","1/1","1/2","1/2","2/1","2/2","1/1","1/2","1/2","2/1","1/2","1/2","1/2","1/1","2/1","2/1","1/1","2/1","2/1","1/1","1/2","1/2","2/1","1/2","2/1","1/1","2/1","1/2","2/1","1/2","1/1","2/1","2/1","2/1","2/2","1/1","2/2","1/1","1/2","1/1","1/2","2/1","2/1","1/1","1/2","2/2","1/2","2/1","2/1","2/1","1/2","2/1","1/1","2/1","1/2","2/1","2/1","1/2","1/2","1/2","1/1","1/1","2/1","2/2","1/2","2/2","1/2","2/1","1/2","2/1","1/1","2/2","1/1","1/2","1/1","2/1","1/1","2/2","2/1","1/1","1/2","2/1","1/2","1/2","1/2","1/2","1/2","2/1","2/2","2/2","1/2","1/2","1/2","2/2","1/1","2/1","1/2","1/1","1/2","1/2","1/1"
"IND0082","2/2","2/2","1/1","1/2","2/1","1/2","2/2","1/1","2/1","2/2","2/2","2/1","1/1","2/2","1/1","2/2","2/2","2/2","1/2","2/2","2/1","2/1","1/2","2/2","2/1","2/2","2/2","1/1","2/2","1/1","1/1","1/2","1/2","2/1","2/2","2/2","1/2","2/1","1/1","1/1","2/2","2/1","1/1","2/2","2/2","2/1","2/1","1/2","1/1","1/1","2/1","1/1","1/1","1/1","2/1","1/1","2/2","2/2","2/1","2/1","2/2","1/2","1/1","1/1","1/1","2/1","1/2","2/1","2/2","2/2","1/2","1/2","1/1","2/1","2/2","1/1","2/2","1/1","1/2","2/2","1/1","2/1","1/1","2/1","2/1","2/1","1/2","1/1","2/1","1/1","1/1","1/1","2/2","1/1","1/1","1/2","2/2","1/1","1/1","2/2","1/2","2/1","2/1","1/1","2/2","2/2","1/1","1/2","1/1","2/1","2/1","2/2","1/1","2/1","2/2","2/1","1/1","1/1","2/2","2/1","2/2","2/2","1/2","1/1","2/2","1/1","2/3","1/1","2/2","1/1","2/2","1/1","2/2","1/2","1/2","2/1","1/2","1/2","1/1","1/2","2/2","2/2","1/2","1/1","1/1","1/1","1/2","2/2","1/1","2/2","1/2","2/1","2/1","2/2","2/2","2/1","2/1","1/1","1/2","2/2","2/2","1/2","2/2","2/1","1/2","2/2","2/1","2/1","2/2","1/2","2/2","1/2","1/2","2/2","2/1","1/1","1/2","2/1","1/2","2/1","1/2","1/1","1/1","1/1","1/1","2/1","1/2","2/1","1/1","2/1","2/2","2/1","1/1","1/2","1/2","1/2","2/2","1/2","2/2","1/3","1/1","2/1","2/2","1/1","1/3","2/1","1/2","1/2","1/1","2/1","2/2","2/1","1/1","1/2","2/1","1/2","2/2","2/1","2/1","1/2","1/2","2/2","1/2","2/2","2/1","1/1","1/2","2/1","1/2","2/2","2/2","1/1","2/2","1/2","2/1","1/1","2/2","1/1","1/1","1/1","2/1","1/1","2/1","1/2","2/2","1/2","1/2","1/2","2/1","1/2","2/2","1/2","2/2","1/2","2/2","2/2","2/2","2/2","1/2","2/2","1/2","1/2","2/1","2/2","1/2","1/1","2/1","2/1","2/1","1/1","1/2","1/2","2/2","1/2","2/2","2/2","2/1","2/1","4/2","2/1","1/1","2/1","1/2","1/2","2/1","1/2","2/1","2/1","1/1","2/1","2/1","1/1","2/2","2/1","1/1","2/2","1/1","1/2","2/1","1/2","1/2","1/1","1/2","1/1","1/2","2/1","1/1","1/2","1/2","1/1","1/2","1/2","2/2","1/1","1/2","2/2","4/4","2/2","2/2","1/1","2/1","1/1","2/2","2/1","2/1","2/2","1/1","1/1","1/1","1/1","1/1","2/2","1/1","1/2","2/1","1/1","1/1","2/1","2/2","2/2","1/1","1/1","1/1","1/1","2/1","2/1","2/2","2/2","1/1","1/1","1/2","1/1","1/2","1/2","1/2","2/2","1/1","2/2","1/1","2/1","2/2","1/2","1/1","1/1","2/2","2/2","1/1","1/1","2/1","1/2","1/2","1/2","1/2","2/1","1/2","2/1","2/2","2/1","1/1","2/1","1/1","4/2","2/2","2/1","2/2","1/1","1/1","1/2","2/1","1/4","1/1","2/1","1/1","1/1","1/2","1/1","1/1","2/2","2/1","2/2","1/2","1/2","2/2","1/1","2/1","2/2","1/2","2/1","1/1","1/1","1/1","1/2","2/2","2/1","2/2","1/1","1/2","2/1","1/2","1/2","2/2","1/1","1/2","1/2","2/1","2/1","2/1","2/2","2/2","2/1","2/1","1/1","1/1","2/2","2/1","2/2","2/1","1/1","1/1","1/2","1/1","1/1","1/2","2/1","1/1","2/2","1/1","2/1","1/2","1/2","2/2","2/2","2/1","1/2","2/2","1/1","1/1","2/1","2/2","2/1","2/2","1/1","1/1","2/2","2/1","1/2","2/1","2/1","1/1","2/2","2/2","1/2","2/1","2/2","2/2","2/2","1/2","2/1","2/2","2/2","1/1","2/1","2/2","2/1","1/2","2/1","2/1","2/2","2/2","2/2","2/2"
"IND0083","2/1","1/2","2/2","2/1","2/1","2/1","2/2","2/1","2/1","1/2","1/1","2/2","2/1","1/2","1/1","1/1","1/2","1/1","2/2","2/2","1/2","1/1","2/2","1/1","2/2","2/2","2/2","1/2","1/1","1/2","1/1","2/2","1/2","1/1","1/2","2/1","2/1","1/1","2/1","2/2","2/1","2/2","2/2","2/1","2/1","1/2","2/2","1/1","1/2","1/1","2/1","2/2","1/1","1/2","1/2","2/2","2/2","2/2","1/1","1/2","1/1","2/1","2/1","2/2","2/1","2/2","2/1","1/2","2/1","1/1","1/2","2/2","2/2","2/1","2/1","2/1","1/2","1/2","1/2","1/1","1/1","2/2","2/1","1/2","1/2","1/1","1/2","1/2","1/1","1/2","1/2","2/2","1/2","2/2","2/2","1/1","2/1","1/1","1/2","1/2","2/1","2/1","1/2","2/1","2/1","1/1","1/1","2/2","2/2","1/1","2/1","2/1","1/1","2/2","1/1","2/1","1/1","2/1","1/2","2/1","1/2","2/1","1/2","2/1","1/2","1/1","4/1","2/1","2/2","2/2","2/1","2/2","2/1","2/2","1/2","1/2","2/2","2/2","2/2","2/1","2/1","1/2","1/2","2/1","1/1","1/2","2/1","1/1","1/2","1/1","2/2","1/2","1/2","2/1","1/2","2/1","1/2","1/2","2/2","2/1","1/2","1/2","2/2","1/2","1/2","2/2","2/2","2/2","1/1","1/2","1/1","2/2","2/1","2/2","1/1","1/2","2/2","2/1","1/2","2/2","1/1","1/1","1/1","1/2","2/2","1/1","2/2","2/1","2/2","2/2","1/1","2/1","2/1","1/2","2/2","2/1","2/2","1/2","1/1","3/2","1/1","1/2","1/2","2/2","1/2","2/2","2/1","1/1","2/2","2/2","2/2","2/1","2/1","1/2","2/2","1/2","2/2","2/1","1/1","1/1","2/2","1/1","1/1","1/1","1/1","1/1","1/2","2/2","1/1","1/1","2/2","1/1","1/2","2/1","1/2","2/1","2/2","2/1","1/1","2/2","2/1","2/2","2/2","1/2","2/2","1/2","1/2","1/2","2/1","1/2","1/1","2/1","1/2","1/1","2/2","1/2","2/1","1/2","1/1","1/1","1/2","1/2","2/1","1/1","1/2","2/1","2/2","2/2","1/1","1/2","1/2","2/1","2/1","1/2","2/1","1/1","2/2","1/1","3/3","1/2","2/2","1/1","2/1","2/1","2/1","1/2","2/2","1/1","2/2","1/2","1/2","1/1","1/1","2/1","1/1","1/2","1/1","1/1","1/1","1/2","2/1","2/1","2/2","3/1","1/1","2/2","1/2","1/2","2/1","2/2","2/2","1/1","2/2","3/3","1/2","1/2","3/1","1/2","1/1","1/1","2/1","2/2","1/2","2/2","2/1","1/2","1/2","1/2","2/2","1/1","1/2","1/1","2/1","2/1","1/2","2/2","2/1","1/1","2/1","1/1","1/1","2/1","1/1","2/2","1/2","2/2","1/2","2/2","2/1","1/2","1/1","1/2","2/1","2/1","2/1","2/2","1/2","1/1","1/1","2/2","2/1","1/1","1/1","1/1","1/2","2/2","2/1","2/1","1/2","2/1","1/2","1/2","1/2","2/2","2/2","2/1","1/2","1/2","2/2","2/2","2/2","2/3","1/1","1/1","2/1","1/2","1/2","1/1","1/1","1/4","2/1","1/2","2/1","2/1","1/2","1/2","2/2","2/2","1/2","1/2","2/1","2/2","2/1","2/2","2/2","1/2","2/2","1/2","2/1","2/2","2/2","2/1","2/1","1/2","2/1","2/2","2/1","2/2","2/2","2/2","1/1","2/2","2/1","1/2","1/1","2/2","1/2","1/1","1/2","2/1","1/1","1/1","1/2","1/1","2/1","1/2","2/1","1/1","2/1","2/1","2/1","2/1","1/2","1/1","1/1","2/2","1/1","1/2","1/2","2/1","2/1","2/2","1/2","2/2","1/2","2/2","1/2","1/2","2/2","2/2","1/1","2/1","2/2","1/2","1/1","2/1","1/1","1/1","1/2","1/1","1/1","1/1","1/2","2/1","2/1","2/2","1/2","2/2","2/2","1/2","2/2","1/2","2/1","2/2","1/2","2/1","2/1","2/2","2/1","2/2","1/2"
"IND0084","2/1","2/2","2/1","2/2","1/2","2/2","1/2","2/2","1/2","1/2","2/1","1/1","1/1","1/2","2/2","1/2","2/2","1/1","1/1","2/1","1/2","1/1","2/2","2/1","1/1","1/1","1/2","1/2","1/1","1/2","2/2","2/1","1/1","1/1","1/2","2/2","1/2","1/2","2/2","1/1","2/1","2/1","2/1","1/1","2/1","2/2","1/1","1/2","2/2","2/1","1/1","2/2","2/2","2/2","1/2","1/2","2/2","2/1","2/1","1/2","1/1","1/2","1/1","1/1","2/2","1/1","1/1","2/1","1/1","2/1","1/2","2/2","2/2","2/2","1/2","1/2","1/1","2/2","2/1","2/1","1/2","2/2","1/1","2/1","1/2","1/1","2/2","2/1","1/1","1/2","2/1","2/2","2/1","1/2","1/2","1/2","2/2","2/1","2/1","2/1","2/1","1/2","1/1","1/2","2/1","2/2","2/1","1/1","2/2","1/1","2/1","2/2","2/2","2/2","1/2","2/1","2/1","2/1","1/1","2/1","1/2","2/2","1/1","1/2","1/1","2/1","4/2","1/2","2/2","2/2","1/2","2/1","1/1","2/1","2/2","1/2","1/1","1/1","1/1","1/2","2/1","2/2","1/2","2/1","2/2","1/1","2/2","2/2","1/2","1/2","2/2","2/2","2/2","1/2","1/1","2/2","1/2","1/2","2/1","1/1","2/2","1/1","1/1","2/1","2/2","1/2","1/2","2/2","2/1","1/1","1/2","2/1","2/1","1/1","1/1","1/2","2/2","2/2","1/1","1/2","2/1","1/1","2/2","1/1","1/1","1/2","1/2","2/2","1/2","2/2","1/2","2/1","1/2","2/2","2/1","1/1","1/1","1/2","1/2","1/2","2/1","2/2","2/1","2/2","1/2","1/2","2/1","2/1","2/2","1/2","1/2","2/2","2/2","1/2","1/1","1/2","2/2","2/2","1/2","1/1","1/2","2/1","1/2","1/1","1/1","2/1","2/2","2/2","1/1","2/2","1/2","2/1","2/2","2/1","2/1","1/1","1/1","1/2","2/2","1/1","2/1","1/2","2/2","2/2","1/1","2/1","1/2","2/2","1/2","2/2","2/1","1/1","1/2","1/1","2/1","2/1","2/2","2/2","2/1","1/1","1/2","2/2","2/1","1/1","1/1","1/2","1/2","1/2","2/2","2/1","1/2","1/2","2/1","1/1","1/1","1/1","2/1","1/2","4/1","2/2","2/1","1/1","2/1","2/1","2/1","2/1","2/2","2/1","2/2","2/1","1/1","2/2","2/1","2/2","1/1","1/1","2/2","1/2","2/1","1/1","1/1","2/2","1/1","4/1","1/2","2/2","1/1","2/2","1/1","2/2","1/2","1/1","1/1","3/1","1/2","2/2","1/1","2/1","1/2","1/2","2/2","1/2","2/1","1/2","2/1","1/2","2/1","1/1","1/1","2/1","1/1","2/2","1/1","1/2","1/1","1/2","2/1","1/1","2/2","1/2","2/1","2/2","2/2","2/2","2/2","2/1","2/1","2/2","2/1","1/1","2/2","1/2","2/2","2/1","1/2","2/2","2/1","2/1","1/1","1/2","2/1","2/2","1/1","2/1","1/1","2/2","1/1","2/2","2/2","1/1","1/1","2/1","1/2","2/2","2/1","1/1","1/2","1/2","2/1","2/2","1/2","3/2","2/2","1/2","1/1","1/2","1/2","1/2","2/1","4/1","2/2","1/2","1/1","2/2","2/1","1/1","2/2","1/2","2/2","1/1","1/2","2/1","1/2","2/1","2/1","2/2","2/1","1/1","1/2","1/2","1/1","1/2","1/2","1/2","2/2","2/2","2/1","2/2","2/2","1/2","2/1","1/2","2/2","2/2","1/1","2/1","1/1","1/1","1/2","1/1","1/2","2/2","2/2","2/1","1/2","1/1","1/1","1/1","2/1","2/2","1/1","1/2","2/2","2/2","1/1","1/1","2/2","2/1","1/2","1/1","2/2","1/2","1/2","2/1","1/2","1/2","1/1","1/2","2/1","1/1","1/1","2/2","2/2","1/1","2/2","1/2","2/2","1/1","2/1","1/1","2/1","1/2","2/1","2/1","1/2","1/1","1/2","2/1","1/2","1/1","1/2","2/2","1/1","2/2","2/2","1/1","2/1","2/2","2/1","2/2","2/2"
"IND0085","1/1","2/1","1/2","1/1","2/2","1/2","2/2","1/2","2/2","2/1","2/2","2/2","1/1","1/2","1/2","2/1","2/1","1/1","2/2","2/1","1/2","2/1","2/1","2/2","1/1","2/1","2/2","2/1","1/2","2/2","2/1","1/1","1/2","1/2","2/2","2/1","1/1","2/2","1/2","1/2","2/2","2/1","2/2","2/2","2/1","1/2","1/2","2/2","2/1","2/2","2/2","1/1","1/2","1/1","1/2","1/2","2/1","1/2","1/1","2/1","1/1","1/2","2/1","1/1","1/2","2/2","1/1","1/1","1/1","2/1","1/2","2/2","1/2","2/2","2/2","1/2","1/2","1/2","2/1","2/2","2/1","2/1","2/1","1/1","1/1","1/2","2/1","1/2","1/2","2/1","2/1","2/1","2/1","1/1","1/2","2/2","2/1","1/2","1/2","2/2","1/1","1/1","1/1","1/1","2/1","1/2","1/1","1/2","2/1","2/2","1/1","2/1","2/2","2/1","1/2","2/1","2/1","2/2","2/2","1/1","2/2","1/1","2/1","2/1","1/2","2/1","1/2","2/2","2/1","1/1","2/1","1/2","2/2","1/1","1/1","1/2","2/1","2/1","2/1","1/2","1/1","2/2","1/2","1/2","2/2","2/1","2/2","2/1","1/2","2/2","1/2","2/2","1/1","1/2","1/1","2/1","1/2","2/1","2/2","1/2","2/2","1/1","2/2","1/1","2/1","2/1","1/2","1/2","1/1","1/2","2/2","2/2","1/2","1/2","1/1","2/2","1/2","1/1","2/1","1/1","2/2","1/1","1/1","1/2","2/1","2/2","2/1","1/1","1/2","2/1","2/1","1/2","2/1","2/1","2/2","2/1","1/2","2/2","1/2","2/4","2/1","1/1","2/1","2/1","1/2","2/2","1/1","1/1","2/1","2/1","2/2","2/1","2/2","1/1","1/1","1/2","1/1","2/2","1/2","2/1","2/2","1/2","2/2","1/1","2/1","1/1","2/2","1/2","1/2","1/2","2/2","1/2","1/1","2/1","2/1","1/2","1/2","1/2","1/1","1/2","1/1","1/1","2/2","2/1","2/1","1/2","1/1","2/2","2/1","1/1","1/1","2/1","1/2","1/1","1/1","1/1","1/1","2/2","1/1","2/1","2/2","1/2","2/1","2/1","1/1","1/2","1/1","2/1","1/2","2/2","1/2","1/2","1/1","1/2","1/1","1/2","1/2","2/1","3/1","1/1","1/1","2/1","1/2","1/1","1/2","2/1","2/1","2/1","2/1","2/2","2/2","1/2","2/1","2/2","2/1","1/1","2/2","1/1","2/2","1/1","2/2","1/1","2/1","4/3","2/2","2/1","1/2","2/2","2/1","2/1","2/2","1/2","2/1","3/1","1/1","1/1","3/2","1/1","2/2","1/2","2/2","1/2","2/1","1/1","2/2","1/2","1/1","1/1","2/1","1/1","1/1","1/1","2/2","2/1","2/2","1/1","2/2","2/2","1/2","1/1","2/1","1/1","2/2","1/2","2/1","1/2","1/2","1/1","2/2","1/1","2/2","1/2","1/2","2/1","2/2","1/1","2/2","2/1","1/1","2/1","1/2","1/2","2/2","1/2","2/2","2/1","1/2","1/2","1/2","1/2","1/2","1/2","2/1","2/2","2/2","1/2","2/2","1/2","2/2","2/1","2/2","4/1","1/1","2/2","2/2","2/2","1/2","2/1","2/2","2/3","2/2","2/1","2/2","2/2","2/1","1/2","1/1","1/2","2/2","1/2","2/2","2/2","2/2","2/2","1/2","1/1","1/2","2/2","1/1","2/2","2/1","1/2","2/2","1/2","2/1","1/2","2/1","2/1","1/2","2/2","1/1","2/2","2/2","1/1","1/1","1/1","2/2","1/1","1/1","1/1","2/2","2/1","1/2","2/1","2/2","2/1","1/2","1/2","2/1","2/1","2/1","2/1","1/2","2/1","1/2","2/2","1/2","1/2","1/1","1/2","2/2","1/1","2/2","2/1","1/1","1/1","1/1","2/1","2/2","1/1","1/1","1/2","2/1","1/2","2/1","1/1","1/2","2/2","1/2","1/1","1/2","1/1","1/1","2/2","2/1","2/2","2/2","2/1","2/2","2/2","2/1","2/2","1/2","2/2","2/2","1/1","2/1","2/1","2/2","1/1","1/1"
"IND0086","2/2","2/2","1/1","1/2","2/1","1/1","1/1","2/1","2/1","1/1","2/1","2/2","1/1","2/2","2/2","2/2","2/1","2/2","1/1","2/2","1/2","2/2","2/1","1/1","1/1","1/1","2/2","2/1","2/1","2/2","1/1","1/1","2/1","2/1","2/2","1/1","1/2","1/1","1/1","1/2","1/1","1/2","2/1","1/1","2/2","1/2","1/2","2/2","2/2","1/1","2/1","2/1","1/1","1/1","1/1","1/2","1/1","2/1","1/1","2/2","1/1","2/1","2/1","2/1","1/1","1/1","2/1","2/1","2/1","2/1","1/1","2/2","2/1","2/1","2/1","1/1","1/2","2/2","1/1","1/2","2/1","2/1","1/1","2/2","1/1","1/2","2/2","2/1","1/2","2/2","2/1","2/2","1/2","2/1","1/2","2/1","1/1","2/2","2/1","2/1","2/2","2/1","1/1","1/2","2/1","1/1","1/2","1/1","2/2","2/2","2/1","2/1","2/2","2/1","2/1","2/1","2/1","2/1","2/2","2/2","2/1","2/1","1/2","2/1","1/2","2/1","3/2","2/1","1/1","2/2","2/2","2/1","2/1","1/2","1/1","2/1","2/1","2/1","2/2","1/2","2/2","2/2","2/2","2/2","1/1","2/1","1/2","1/2","2/2","2/1","2/2","1/1","1/1","2/1","1/1","2/1","1/1","2/2","1/2","2/2","2/2","1/1","1/2","2/2","1/1","1/1","1/1","1/2","1/2","1/1","1/2","2/1","1/2","1/1","1/2","1/2","2/2","1/1","2/1","2/1","1/2","2/1","2/1","2/2","1/2","2/2","2/1","1/1","1/1","2/1","2/1","2/1","1/1","1/1","2/2","1/2","1/1","2/1","1/2","2/3","1/1","2/1","1/2","1/1","4/2","1/1","1/2","2/2","1/2","2/2","2/1","1/2","1/2","1/1","1/2","2/2","2/2","2/2","1/1","2/2","1/2","1/1","1/1","2/1","1/2","1/2","1/1","1/2","1/1","1/1","2/2","2/1","2/2","2/2","1/1","2/2","2/1","1/2","2/1","2/2","1/1","2/2","1/2","2/1","2/2","1/2","1/1","2/2","1/1","2/2","2/2","2/2","1/1","2/1","2/1","1/1","2/2","2/1","2/1","1/1","1/2","2/2","1/1","1/1","1/1","2/1","1/1","2/2","2/2","2/1","2/2","1/2","1/2","2/2","2/1","1/2","2/1","1/1","2/4","1/1","2/2","2/1","2/2","2/2","1/1","1/1","1/1","2/2","2/1","1/2","1/2","2/1","2/1","2/1","1/2","1/2","2/2","1/1","2/2","2/2","1/2","1/2","2/2","2/3","2/1","2/1","1/1","1/2","2/1","2/2","2/1","1/1","2/2","1/4","1/1","2/2","1/4","1/1","2/1","1/1","2/1","2/1","2/2","2/2","1/2","2/1","1/1","2/2","2/1","2/1","1/2","1/2","2/1","2/2","1/2","1/1","1/2","2/1","2/2","1/2","2/1","2/2","1/1","2/1","1/2","2/2","1/1","1/1","2/1","2/2","1/2","1/1","2/2","1/2","1/1","1/1","1/1","2/2","1/2","2/2","1/1","1/2","1/1","1/2","2/2","2/1","1/2","2/2","2/1","1/2","2/2","2/2","2/2","2/1","1/1","2/2","1/1","2/2","2/2","1/2","1/1","4/4","2/2","2/2","2/1","1/2","2/1","1/1","2/2","4/4","1/2","2/1","1/2","1/2","2/2","2/2","2/1","2/2","2/1","1/1","1/2","1/2","2/1","1/2","1/2","1/1","2/1","1/2","1/1","1/1","2/1","2/1","1/2","1/1","2/2","1/2","2/2","1/1","2/2","2/2","1/2","2/1","1/1","2/2","2/2","1/1","1/2","2/2","1/1","2/2","1/2","2/1","2/1","2/1","2/2","1/2","2/1","2/1","1/2","1/1","1/1","1/2","2/2","1/2","1/2","1/2","2/2","1/2","1/2","1/1","2/2","2/2","2/1","1/2","2/2","2/1","1/2","2/2","1/2","1/1","2/1","2/2","2/2","1/2","1/1","2/2","1/1","1/1","1/1","2/1","2/1","2/1","2/2","2/2","1/1","2/2","1/1","1/2","2/2","1/2","2/2","2/1","1/1","2/2","2/1","2/2","1/2","2/2","1/1","2/1","1/2"
"IND0087","2/2","2/2","1/2","1/2","2/1","1/1","2/2","2/1","2/2","1/2","2/2","1/1","1/1","2/1","1/2","1/2","2/1","1/1","1/2","1/2","2/2","2/2","1/2","1/1","1/2","1/1","1/1","1/1","1/1","2/2","2/1","2/1","2/2","1/2","2/1","1/1","1/2","1/1","2/1","2/2","2/2","1/2","2/1","1/1","2/1","1/2","1/1","1/2","2/2","1/1","1/2","1/1","2/2","2/2","1/1","2/1","2/1","2/1","1/1","1/2","2/2","2/1","2/1","2/1","2/1","1/1","1/2","2/1","2/2","2/2","2/1","2/2","1/2","2/2","1/2","1/1","1/2","2/2","1/1","1/2","2/2","2/2","2/2","2/1","2/2","1/1","2/1","2/2","1/2","1/2","1/1","2/2","1/2","1/1","2/2","1/1","1/1","1/1","1/1","1/1","2/2","1/1","1/1","2/1","2/2","2/1","1/2","2/1","2/1","2/2","2/2","2/1","2/2","1/2","2/1","2/2","2/1","1/2","1/1","1/2","1/2","2/1","1/1","1/2","2/1","2/2","2/3","1/1","2/2","2/2","1/1","2/1","2/1","2/2","2/2","2/1","2/1","2/2","2/1","1/1","2/1","2/2","2/2","1/1","2/2","2/2","2/1","2/2","2/1","1/2","2/1","2/2","1/2","1/1","2/2","2/1","1/1","1/1","1/1","1/1","2/2","1/2","2/1","1/1","1/2","1/1","1/2","1/2","1/1","1/1","1/1","1/2","1/2","1/1","2/1","1/1","1/1","2/1","2/1","1/1","1/2","1/1","1/1","2/2","2/2","1/1","1/1","2/1","1/1","1/1","1/2","2/1","1/2","1/1","1/1","2/1","1/1","2/2","1/1","4/4","2/1","1/2","1/1","2/1","4/1","2/2","2/2","1/1","1/2","1/1","1/2","1/2","2/2","1/2","2/2","2/2","2/2","2/1","2/1","1/1","2/2","2/2","1/2","2/1","2/1","1/1","1/2","1/1","2/1","1/2","1/2","2/2","1/1","2/2","1/2","1/1","1/1","1/1","1/1","2/1","1/1","1/2","2/2","2/2","2/1","2/1","2/2","2/2","2/1","1/1","1/1","1/2","1/2","2/2","1/1","2/1","1/1","1/1","2/2","1/1","2/2","1/1","2/1","1/2","1/1","2/1","2/2","2/1","1/2","2/2","2/1","1/2","2/1","1/2","2/2","1/1","1/2","1/2","2/3","2/1","1/2","2/2","2/1","1/2","1/1","1/1","1/2","1/1","1/2","1/1","2/1","1/2","2/2","2/2","2/1","2/1","1/2","2/1","1/2","1/1","2/2","2/1","2/2","1/4","2/1","2/2","2/1","2/2","1/2","2/2","2/2","1/1","1/2","4/4","2/2","1/2","3/3","1/1","2/2","1/2","1/1","2/2","1/1","2/1","2/1","1/2","1/2","1/1","1/1","1/1","1/2","2/1","1/1","1/1","2/1","1/1","2/1","2/1","1/1","2/1","1/2","1/1","1/2","1/1","2/2","2/1","1/1","1/2","1/1","1/2","1/2","2/2","1/2","1/2","1/2","2/2","1/2","2/2","1/1","1/2","2/2","1/2","2/1","2/2","1/2","2/1","2/1","2/2","2/1","1/1","1/2","1/1","2/1","2/2","1/2","2/2","1/2","2/1","1/2","2/2","1/2","4/3","1/1","2/2","1/2","1/2","1/2","1/2","2/1","4/3","1/2","2/2","1/2","2/2","2/1","1/1","1/1","1/2","2/2","1/2","1/1","1/2","1/2","1/1","2/2","2/2","2/2","1/2","2/1","1/2","2/2","1/1","2/1","2/2","1/1","2/2","2/2","2/1","2/1","2/2","2/2","2/2","1/1","2/1","2/1","2/2","1/2","1/2","1/1","1/1","1/1","1/2","2/2","2/2","2/1","2/2","1/1","2/2","1/2","1/1","1/1","2/1","2/2","2/2","1/2","1/2","2/1","1/1","2/1","2/2","2/2","1/2","1/2","1/1","1/1","1/2","2/1","2/1","1/2","2/2","1/1","2/1","2/2","1/1","1/1","1/2","1/1","2/1","2/1","2/2","1/2","2/1","1/2","2/2","1/2","1/2","2/2","2/2","2/2","1/1","2/1","1/1","1/2","2/1","1/1","2/2","2/2","1/2","2/2","1/2","2/1"
"IND0088","2/1","1/1","2/2","2/2","2/2","1/2","1/2","1/1","1/1","2/2","2/1","1/2","2/2","2/1","1/1","1/2","2/2","2/2","2/2","1/2","1/1","1/1","1/1","2/1","1/1","1/2","2/2","2/2","2/2","2/2","1/2","2/2","2/2","1/2","1/2","1/2","2/2","2/2","2/2","1/1","2/2","1/2","1/1","1/2","1/1","1/2","1/2","1/2","2/1","2/2","2/1","2/1","1/1","2/1","1/1","1/1","1/1","2/1","2/1","1/1","1/1","1/2","1/1","1/1","2/2","2/2","2/1","2/2","1/2","2/2","2/2","1/2","2/2","1/2","1/1","2/1","1/1","1/2","2/1","2/1","2/2","1/1","1/1","1/2","2/1","2/2","2/2","2/2","1/2","2/1","1/2","2/2","1/1","2/2","2/1","1/2","1/1","1/1","1/2","2/2","1/2","2/1","1/1","2/1","1/1","1/2","2/1","1/1","2/2","1/2","1/1","1/2","1/2","1/2","2/1","2/1","2/1","2/2","1/1","2/1","2/2","2/1","1/2","2/1","1/2","2/1","2/3","2/2","2/1","2/2","2/2","2/2","2/2","1/2","1/1","2/1","1/2","2/1","2/2","2/2","2/1","2/1","1/2","2/2","2/1","1/2","1/1","2/2","2/2","1/1","1/2","2/1","1/2","2/1","2/1","1/1","1/2","2/2","1/1","2/2","2/2","1/2","1/1","2/1","2/2","1/2","2/1","2/2","2/2","1/1","1/2","2/2","1/2","2/2","1/1","1/1","1/1","2/2","1/2","1/2","1/1","1/2","2/1","2/1","2/2","1/2","2/2","2/2","2/1","1/1","2/2","2/1","1/1","1/1","2/1","2/1","1/2","2/1","1/1","1/3","2/2","2/2","2/1","2/2","2/3","2/2","1/1","2/1","2/1","1/2","2/1","2/2","2/2","2/1","2/1","1/1","2/1","2/2","2/2","2/2","1/1","2/2","2/1","2/1","2/2","1/1","2/2","2/1","1/1","2/2","2/1","2/2","1/1","1/1","1/1","1/2","1/1","2/1","1/1","1/2","2/2","2/1","1/2","2/1","1/2","2/2","1/2","1/1","1/1","2/2","2/1","1/1","1/1","1/2","1/2","1/1","1/2","2/1","2/2","2/1","1/1","2/1","2/2","2/2","2/2","2/2","2/2","2/1","2/1","2/1","2/1","1/2","2/2","2/1","2/1","1/2","2/2","1/1","1/1","2/2","2/2","1/2","1/1","1/1","2/1","1/2","2/1","2/1","1/1","1/2","1/1","1/2","2/1","1/1","1/2","2/2","1/1","1/2","1/1","1/2","2/1","1/2","1/2","2/4","1/2","1/1","2/2","1/2","2/2","1/2","2/2","2/2","1/2","4/3","1/1","2/2","4/2","1/2","1/2","2/1","1/1","2/1","2/1","1/2","1/1","1/1","1/2","1/1","1/1","2/2","1/1","2/2","1/1","2/1","1/2","1/2","2/1","2/2","1/2","1/2","1/2","1/1","1/2","1/2","2/1","1/2","2/1","2/2","2/1","2/2","1/2","2/1","1/1","1/2","1/1","1/2","1/1","2/2","2/1","2/1","2/1","2/2","2/2","1/1","2/1","2/1","2/1","1/2","2/1","2/2","2/2","1/2","2/2","1/2","2/2","1/2","1/2","1/2","1/2","2/1","2/1","4/4","2/1","2/1","2/2","1/2","2/1","2/2","1/1","2/3","1/2","2/2","2/2","2/1","1/1","1/1","2/2","2/2","2/2","2/1","2/2","2/2","1/2","2/1","2/1","2/2","2/1","1/2","2/1","1/2","2/2","2/1","1/2","2/1","1/2","1/1","1/2","2/1","2/2","2/1","1/1","2/2","2/2","2/2","2/1","2/1","1/1","2/2","1/2","2/2","2/1","1/2","1/2","2/2","1/1","1/1","1/1","2/1","1/2","2/2","1/2","2/1","1/2","1/1","1/1","1/2","2/1","1/1","1/1","1/2","2/2","1/2","2/2","1/1","2/1","2/2","1/1","2/2","2/1","1/2","2/2","2/2","1/1","1/1","2/1","2/2","2/2","1/2","1/1","2/1","1/1","1/1","1/2","1/2","2/2","1/2","2/2","2/1","2/1","1/1","2/1","1/1","1/1","2/1","2/2","2/1","1/2","1/2","1/1","1/2","1/1"
"IND0089","2/2","1/1","1/2","2/2","1/2","1/2","2/1","1/2","2/1","1/2","1/1","1/2","2/1","2/2","1/2","1/2","2/1","1/2","1/1","1/1","2/1","1/2","2/1","2/2","2/2","2/1","1/1","1/2","2/1","2/1","2/1","1/1","2/1","1/1","2/2","2/1","1/2","2/1","2/2","1/2","2/1","1/2","1/2","2/1","2/2","2/1","1/1","2/1","1/2","1/2","2/1","2/2","2/2","1/1","1/1","2/1","1/2","2/1","1/2","1/1","1/2","2/1","1/2","1/1","1/1","2/1","2/2","1/2","2/2","1/1","1/2","1/1","2/1","1/2","1/2","2/1","1/1","1/2","2/2","1/1","2/1","2/1","2/1","2/1","2/1","1/1","2/2","1/2","2/2","1/1","1/2","1/1","2/2","1/2","1/1","2/2","1/1","1/2","1/1","1/2","1/1","1/1","2/2","2/1","1/2","1/2","1/2","2/1","1/2","1/2","2/1","1/1","2/1","2/2","2/1","1/2","2/1","2/2","2/1","2/1","2/1","2/1","2/1","2/2","1/2","2/1","3/4","2/1","1/1","2/2","2/2","2/1","2/1","2/1","1/2","2/1","1/2","2/2","2/2","2/2","2/1","1/2","1/2","2/2","2/1","1/1","1/2","1/1","1/1","2/2","2/1","1/1","2/2","2/2","1/1","2/1","2/1","1/2","1/2","2/2","1/1","1/1","1/2","2/1","1/2","1/2","1/1","2/2","1/2","2/1","1/1","2/1","2/1","1/1","1/1","1/2","1/1","1/2","2/2","1/2","2/2","2/1","2/1","2/1","2/2","2/1","2/2","2/1","1/2","1/2","1/2","2/1","1/2","2/2","2/1","2/1","2/1","1/2","1/1","3/4","1/2","1/1","2/1","1/2","3/4","1/1","1/1","1/2","1/2","1/1","1/2","2/1","1/2","2/2","1/1","1/2","1/2","2/1","2/1","2/1","1/2","2/2","2/1","2/1","2/1","1/2","1/1","2/1","2/1","2/1","2/1","1/2","1/1","1/1","1/2","1/1","1/1","1/2","2/2","1/1","2/1","1/2","1/2","2/1","2/1","2/2","2/1","1/1","2/1","2/1","1/1","1/2","1/2","1/2","2/1","1/1","2/2","1/1","2/2","1/1","1/1","1/1","2/1","1/2","2/1","1/1","2/1","2/2","2/2","1/2","1/1","1/2","1/2","1/2","1/2","1/1","2/2","1/1","2/3","1/2","2/2","2/2","2/2","2/1","1/1","2/2","2/1","2/1","2/1","2/1","1/1","1/1","1/2","2/2","2/2","2/2","1/1","2/1","1/1","2/1","2/1","1/1","1/1","4/4","1/1","2/2","1/1","1/1","2/2","1/1","1/2","2/1","2/2","1/2","2/1","2/2","1/4","2/2","1/1","2/1","2/1","1/2","2/2","2/1","2/1","1/1","2/1","2/1","1/1","2/1","1/2","1/1","1/1","2/2","1/1","1/2","1/2","2/2","1/2","1/2","2/2","1/1","1/1","2/1","2/2","2/2","1/1","1/1","1/2","1/1","1/1","1/2","2/1","2/2","2/1","1/2","1/2","1/2","1/1","1/2","1/1","2/1","2/2","2/2","2/1","1/1","2/2","1/1","2/1","1/2","2/1","2/2","1/2","2/2","2/2","2/2","1/1","2/1","1/1","2/2","2/2","1/2","1/2","2/2","2/1","1/2","2/2","1/2","2/1","4/3","2/2","2/1","1/2","1/1","1/1","2/1","2/1","1/1","1/1","1/1","1/2","2/1","1/1","1/2","1/1","1/1","1/1","1/1","2/2","1/2","2/1","1/2","2/1","1/2","1/2","2/2","2/1","2/2","1/2","2/1","2/1","1/1","1/2","2/2","1/2","2/2","1/1","2/1","2/1","1/1","1/2","1/2","1/2","1/2","2/1","1/1","1/1","1/1","1/2","2/2","1/1","2/2","1/2","2/2","1/1","1/2","1/2","1/2","2/1","2/2","2/1","2/2","1/1","1/2","2/1","1/2","1/1","2/1","2/1","2/2","1/2","2/2","2/2","1/2","1/2","1/1","2/1","2/1","1/1","2/1","1/1","1/1","1/2","2/2","1/1","2/1","1/1","2/2","2/1","2/1","2/1","2/1","1/1","1/2","2/2","2/1","1/1","1/1","1/1","1/1","2/2"
"IND0090","1/2","2/2","1/1","1/2","2/2","1/2","2/2","2/1","2/2","2/2","1/1","2/2","2/1","2/2","1/1","1/2","1/1","1/2","1/2","2/2","1/2","2/2","1/2","1/2","1/1","1/1","1/2","2/2","2/1","2/1","2/1","1/2","2/2","1/1","1/2","2/2","2/1","2/1","1/1","2/1","1/2","1/1","1/2","2/2","2/1","1/1","1/1","1/2","2/2","2/2","1/1","1/2","1/1","1/1","2/1","2/2","1/1","1/2","2/1","1/1","2/1","2/2","1/1","1/2","1/1","1/1","2/1","1/2","2/2","1/1","1/2","2/1","2/2","2/1","1/2","1/1","2/1","1/2","1/2","1/2","1/2","1/2","1/1","2/1","1/2","2/1","1/1","1/2","1/1","2/1","2/1","2/2","2/2","1/1","1/2","1/2","2/2","1/2","2/2","2/2","2/2","2/1","2/1","1/1","2/1","2/1","2/1","1/2","1/1","2/1","1/1","1/2","1/1","1/2","2/2","1/1","1/2","2/1","2/1","2/2","2/1","1/2","1/2","2/1","1/1","1/2","2/1","2/2","1/2","2/2","2/2","1/1","1/1","2/2","2/1","1/2","2/1","1/1","1/2","1/1","1/2","1/2","2/1","2/1","1/1","1/2","2/1","1/2","1/1","1/2","1/2","2/2","1/2","2/1","1/2","2/2","2/2","2/1","1/1","2/1","2/2","1/1","2/2","1/1","2/1","2/2","1/1","1/2","2/2","2/2","1/1","2/1","2/1","2/1","2/2","2/2","2/2","2/1","1/1","2/1","2/2","1/2","2/1","2/1","2/2","1/2","1/1","2/2","2/2","2/1","1/2","2/2","1/1","1/1","1/1","1/2","1/2","2/1","2/1","1/1","2/1","1/2","1/2","1/2","1/1","2/1","1/2","2/2","2/2","1/2","1/2","1/1","2/1","2/1","1/2","1/1","1/2","2/2","1/1","2/2","2/2","1/1","1/2","2/2","2/2","2/1","2/2","2/2","1/2","1/2","2/1","1/1","2/2","2/1","2/1","2/1","1/2","1/2","1/1","2/2","1/2","1/2","2/1","2/1","1/1","1/1","1/2","1/2","1/1","1/2","1/2","1/1","1/2","2/1","2/2","1/1","1/2","2/2","2/2","2/1","1/1","2/1","1/1","2/2","1/2","2/1","2/1","1/1","1/1","1/2","1/2","2/1","1/1","1/2","1/2","2/2","1/1","1/2","3/4","1/2","1/2","2/1","2/2","1/1","1/1","1/1","2/2","1/2","1/2","2/2","1/2","1/2","1/1","2/2","1/1","2/1","1/1","1/2","1/2","1/2","2/1","1/1","2/1","4/1","2/1","1/1","1/1","1/2","2/2","1/2","1/1","2/1","1/1","3/2","1/1","2/1","4/2","1/1","1/2","2/2","1/1","1/1","2/2","2/1","2/2","2/2","2/2","1/1","2/1","1/2","1/1","2/2","1/2","2/2","2/1","2/1","1/1","1/2","1/2","1/2","1/1","2/1","1/2","2/1","1/1","1/1","1/2","2/2","1/2","1/1","2/1","1/1","2/2","1/2","2/2","2/1","1/1","2/2","2/1","2/2","2/1","2/1","2/1","1/2","2/1","1/1","2/1","2/1","2/1","1/2","2/2","2/2","2/2","2/2","1/2","1/2","2/2","2/1","2/2","1/1","2/1","3/3","2/2","1/1","1/1","1/1","2/2","1/2","2/1","2/2","2/2","1/1","2/2","1/1","2/2","2/1","1/1","2/1","1/2","2/1","1/1","2/1","1/1","1/1","2/1","1/1","2/2","1/2","1/2","2/2","2/1","1/1","2/1","1/2","1/1","1/1","2/2","2/2","2/1","2/2","1/1","2/1","2/1","2/2","2/1","2/1","2/1","2/2","2/2","1/2","2/1","1/2","1/2","1/2","1/1","2/1","2/2","1/2","2/2","2/1","1/2","1/2","1/2","1/1","2/2","1/1","2/2","1/1","2/1","2/2","2/2","1/2","2/1","1/1","2/2","2/2","1/1","2/1","1/2","1/2","2/2","2/1","2/1","1/2","2/1","2/2","1/1","2/2","2/1","1/2","2/2","1/2","1/2","2/1","2/1","1/1","1/2","1/1","2/2","1/2","2/1","2/2","2/1","2/2","2/2","2/1","1/2","2/2","1/2","2/1","1/1"
"IND0091","2/1","2/1","2/1","2/2","2/1","1/2","1/2","2/1","1/1","2/1","1/2","2/1","2/2","1/2","2/1","2/2","1/2","1/1","1/1","1/1","1/1","1/2","2/2","1/1","2/1","2/2","2/2","2/2","1/2","1/1","1/2","1/2","1/2","2/2","2/2","2/1","1/1","1/2","1/2","1/2","2/2","1/1","1/2","1/1","2/2","1/2","1/1","1/2","2/2","2/2","1/1","1/1","2/2","1/2","1/1","2/2","1/1","1/1","1/1","2/1","2/1","2/1","1/2","1/2","1/1","1/1","2/1","1/1","2/2","2/2","1/1","2/2","2/1","2/2","2/1","2/1","2/1","1/1","2/2","1/1","1/1","2/2","1/2","1/1","2/1","2/1","1/1","2/1","1/2","2/2","1/2","1/2","2/2","1/1","1/2","2/1","2/2","2/1","2/2","1/1","2/1","2/1","1/1","2/1","2/1","2/2","2/1","1/2","1/2","1/2","1/1","2/1","2/1","2/2","1/2","1/1","1/1","1/1","2/2","2/1","2/2","1/1","2/2","2/2","1/1","2/2","2/3","2/2","1/2","1/2","2/1","2/1","1/2","2/2","2/2","2/2","2/2","1/2","1/2","1/1","2/1","1/2","1/1","2/2","2/1","2/2","1/1","1/1","2/1","1/1","2/1","2/1","1/1","1/2","1/2","2/2","2/1","1/1","1/1","2/2","1/2","1/2","1/1","1/2","2/2","2/2","1/2","1/1","1/2","1/1","2/1","2/2","1/2","2/1","1/1","2/1","1/1","2/1","1/1","2/1","2/2","2/1","1/2","1/1","2/1","2/1","2/2","1/2","1/1","1/2","1/1","2/1","2/2","1/1","2/1","1/2","1/2","1/1","1/2","2/1","2/1","2/1","1/2","1/1","3/2","2/2","2/2","2/2","2/1","1/2","1/1","2/1","2/2","1/2","2/1","1/2","2/1","2/1","2/2","2/2","1/2","2/1","1/2","2/1","1/2","1/2","1/1","1/2","1/2","2/1","2/1","1/1","2/1","2/1","2/2","2/2","1/1","2/1","1/1","2/2","1/2","2/2","1/2","2/2","1/1","2/2","1/2","2/2","2/1","1/2","1/2","2/1","2/1","1/2","2/2","2/1","2/1","2/2","2/1","1/1","2/1","1/1","2/1","1/2","2/2","2/1","2/2","1/1","2/1","2/1","2/1","1/2","1/2","2/2","1/2","2/1","2/1","1/1","3/3","1/1","1/2","2/1","2/1","1/2","2/2","2/2","1/2","1/2","2/2","1/1","1/2","2/2","1/1","2/2","2/2","1/1","1/2","2/1","1/1","1/1","2/1","1/2","1/2","1/3","2/2","1/2","1/1","2/2","1/2","2/2","1/1","1/1","1/1","1/2","1/1","2/2","3/2","1/2","1/1","1/1","1/2","2/2","2/2","2/2","1/2","1/1","1/2","1/2","2/2","1/1","2/1","2/2","1/2","2/2","2/2","1/1","1/1","1/1","2/2","1/1","1/2","1/2","2/1","1/2","1/2","2/2","1/1","2/1","1/1","1/1","2/1","2/1","2/2","1/1","2/1","1/2","1/1","2/1","2/1","1/2","1/2","2/2","2/2","1/1","1/1","2/2","1/1","2/1","2/1","1/1","1/2","2/2","1/1","1/2","1/2","2/1","1/2","2/1","2/2","2/1","1/2","3/1","2/1","1/2","1/1","1/1","1/2","1/1","2/1","2/3","2/1","1/1","2/1","2/2","2/1","1/2","2/1","1/1","2/2","1/2","1/1","2/2","2/2","1/2","1/1","2/2","1/1","2/2","2/1","2/2","1/2","1/2","2/1","1/1","1/1","2/1","1/2","1/2","1/1","1/2","1/1","2/1","2/2","1/1","2/1","2/1","1/1","2/1","1/2","2/1","2/2","1/2","1/1","1/1","2/1","1/1","1/2","2/2","2/2","1/1","1/2","1/1","2/1","1/2","2/2","2/2","1/2","2/1","2/1","1/2","2/2","1/1","1/1","2/1","2/1","1/2","2/1","2/1","2/1","1/1","2/1","1/2","1/2","1/1","2/1","2/2","2/2","2/1","1/1","1/2","2/2","2/2","1/1","1/1","2/2","2/2","1/1","1/2","2/1","1/1","1/1","1/2","2/2","2/2","2/1","1/1","1/1","2/2","1/2","1/2","2/2"
"IND0092","1/2","1/2","2/1","2/1","1/2","2/1","2/2","2/2","1/1","1/2","2/2","2/1","2/1","1/1","2/2","2/1","2/2","2/1","1/1","1/1","1/1","2/2","1/2","1/1","2/2","2/1","2/2","2/1","2/1","2/1","1/1","2/2","2/1","2/2","2/1","2/2","2/2","1/2","1/2","1/2","1/1","2/1","2/1","2/2","1/2","2/2","2/2","1/2","2/2","1/2","2/2","2/1","2/2","2/2","2/2","2/1","2/1","1/1","1/1","2/2","2/1","2/1","2/1","1/1","2/2","1/1","2/1","2/2","2/1","2/2","2/2","1/2","2/1","2/1","2/1","2/2","1/1","2/1","2/2","2/1","2/1","1/1","1/1","2/2","1/2","2/2","1/1","1/1","1/2","2/2","1/1","1/1","2/2","2/2","1/2","2/1","2/2","2/1","1/1","1/1","1/2","2/2","1/1","2/2","2/1","1/1","2/2","1/1","1/2","1/1","1/1","1/1","2/2","1/1","2/1","2/1","1/1","1/2","1/2","1/2","1/1","2/2","2/1","1/1","2/1","1/1","4/3","2/2","1/1","2/2","2/2","2/2","2/2","2/2","2/1","1/1","1/1","2/1","1/1","2/1","2/2","2/1","1/1","2/1","2/1","2/1","2/1","1/2","2/2","2/2","1/2","1/2","2/2","1/1","2/1","1/1","2/2","2/2","2/1","1/1","1/1","2/2","2/1","1/2","1/1","1/2","1/1","2/2","1/1","1/1","1/2","2/1","2/1","1/2","2/1","1/1","1/1","2/1","1/1","2/2","1/1","1/1","1/2","2/2","1/1","2/2","1/1","1/2","1/1","2/2","2/2","1/1","2/2","1/1","2/2","1/2","2/2","1/1","2/1","3/3","1/1","1/2","2/1","2/1","1/1","2/2","2/1","2/2","2/2","1/2","2/1","2/1","2/2","1/1","1/2","2/2","1/1","2/2","1/2","1/2","1/2","1/1","2/2","2/2","1/2","1/2","2/2","1/1","2/2","1/1","1/1","2/2","1/2","1/1","1/2","2/1","1/1","2/2","2/1","2/2","2/2","1/1","2/2","1/1","1/1","2/1","2/1","2/1","1/2","2/2","2/1","1/2","1/1","2/2","1/2","1/1","1/1","2/2","2/1","1/2","2/2","2/2","2/1","2/1","2/2","2/1","1/2","2/2","2/2","2/1","1/2","2/2","1/2","1/2","1/2","1/1","2/2","1/1","3/1","1/2","1/1","1/1","2/1","1/1","1/2","2/2","1/2","1/1","2/1","1/1","2/1","2/1","2/1","2/2","1/1","2/2","2/2","1/1","2/1","1/2","1/2","1/1","1/1","3/2","2/2","1/2","2/1","1/1","2/2","2/2","2/2","2/2","1/2","1/3","2/1","1/1","3/2","1/2","2/1","1/1","1/2","2/1","1/2","2/2","2/2","1/1","1/2","1/1","2/2","1/2","2/2","2/2","2/2","1/1","2/2","2/2","2/2","1/2","1/1","1/2","2/2","2/2","1/2","2/1","2/2","1/1","2/2","2/2","2/1","2/1","1/2","1/2","2/1","1/2","2/2","2/2","2/1","2/1","2/1","2/1","2/2","1/2","2/1","1/2","2/1","1/2","2/2","1/1","1/2","1/1","1/2","2/2","2/2","2/2","1/1","1/1","2/1","2/1","1/2","2/1","1/1","2/3","1/1","2/1","2/2","1/1","1/2","1/1","1/1","4/4","2/1","1/1","1/1","1/1","2/1","2/2","1/2","1/1","1/1","2/1","2/1","2/2","2/2","2/1","2/1","2/2","2/1","2/2","1/2","2/1","1/2","1/1","1/2","1/1","1/1","2/2","1/1","1/1","2/2","2/2","1/1","1/2","2/2","2/2","1/2","2/1","2/2","2/2","1/1","1/2","2/1","1/1","2/2","2/2","1/1","1/1","2/1","1/2","2/2","2/1","2/2","1/2","1/1","2/2","1/2","2/2","1/2","2/1","2/1","2/2","2/1","2/1","1/2","2/1","1/2","2/1","1/2","2/2","1/2","2/2","2/2","1/1","2/1","2/1","1/2","1/1","2/1","2/2","1/2","2/2","1/1","2/1","2/2","2/1","1/2","2/2","2/1","2/2","2/1","2/2","2/1","1/2","1/2","1/1","1/2","1/2","2/2","1/2","2/2","1/1","2/1"
"IND0093","1/1","2/1","1/1","1/2","2/2","1/1","1/1","2/1","2/1","1/2","2/2","1/2","1/2","1/1","2/1","1/2","2/2","2/2","1/2","1/1","2/1","2/1","2/1","2/2","2/2","1/2","2/2","2/1","1/1","2/2","1/2","1/2","1/2","1/1","1/1","1/2","2/2","2/1","2/2","2/1","2/2","1/1","2/2","2/1","1/1","1/2","1/1","1/1","1/1","1/2","1/1","2/1","1/1","1/2","2/1","2/1","2/2","2/1","1/2","2/1","2/2","1/2","1/1","1/1","2/2","1/1","1/2","2/2","1/1","2/2","2/1","2/2","1/1","1/2","2/1","1/1","1/2","2/1","1/2","1/2","2/1","2/2","2/1","1/1","1/2","1/2","2/2","1/1","2/1","2/2","1/2","2/2","2/2","2/2","2/1","2/1","2/2","1/2","2/2","2/2","1/2","2/2","2/2","1/1","1/2","1/2","1/1","1/2","2/1","2/2","2/2","1/1","2/2","2/1","1/1","1/1","2/1","1/1","2/1","1/1","2/2","2/2","1/2","1/1","1/1","2/2","1/4","1/1","2/2","2/1","1/2","2/2","1/1","1/2","1/1","1/1","1/1","1/2","1/1","1/2","2/2","1/2","1/1","1/2","1/2","2/1","1/1","2/2","2/2","2/1","2/2","2/1","1/2","1/1","1/2","1/2","2/2","1/1","2/1","2/2","2/2","1/1","2/2","2/1","1/2","2/2","2/1","2/2","2/2","1/2","1/2","1/1","2/1","2/2","2/2","2/1","1/2","2/1","1/1","1/2","2/1","2/1","2/1","1/2","2/2","2/1","2/1","2/1","2/2","1/2","1/1","2/1","1/1","2/1","2/2","1/2","1/1","1/2","1/1","3/2","2/2","2/2","2/2","1/2","3/2","2/2","1/1","1/1","2/1","1/2","2/1","2/2","2/1","1/2","2/2","1/2","2/2","2/1","2/1","1/2","1/2","1/2","2/2","2/1","2/2","1/2","2/1","1/2","2/2","1/2","2/2","2/2","1/1","1/1","1/1","2/1","1/1","1/1","1/2","2/1","2/2","1/1","2/1","2/2","1/2","1/2","2/2","1/2","1/2","1/1","1/2","2/2","2/1","2/2","2/1","2/2","1/2","1/2","1/1","1/1","1/2","1/2","1/2","1/2","2/2","1/2","2/1","1/1","2/2","1/2","2/2","1/1","1/2","2/1","2/1","1/2","1/2","1/1","4/4","1/1","1/2","2/2","2/1","1/1","2/2","1/2","1/2","2/2","2/2","2/2","1/2","1/2","2/1","1/2","2/2","2/2","2/2","2/2","2/2","1/1","2/1","1/2","1/1","2/2","1/2","1/2","1/1","1/2","2/2","2/1","1/1","1/1","2/1","2/4","2/2","1/1","1/4","1/1","1/2","2/1","1/1","1/1","1/1","2/2","1/2","1/1","1/2","1/1","2/2","2/2","2/2","2/1","2/2","2/1","2/2","1/1","2/2","2/1","1/1","1/1","1/1","1/2","1/2","1/1","1/2","1/1","2/2","2/2","2/2","2/2","1/1","2/2","1/2","1/1","2/2","1/1","2/1","1/2","2/2","1/2","1/1","1/2","2/2","1/2","1/2","1/1","2/2","1/2","1/1","1/1","1/2","2/1","2/1","1/2","1/2","2/1","1/2","1/1","1/2","2/2","1/1","2/3","1/2","2/2","1/1","2/2","2/1","2/1","1/2","3/1","1/1","1/2","1/2","2/2","1/2","1/1","1/2","1/1","2/1","2/1","1/2","2/2","2/1","2/2","2/2","1/2","2/2","2/2","1/2","1/2","1/2","1/2","1/1","2/1","1/1","2/1","1/2","1/1","1/2","1/1","1/1","1/2","2/2","2/2","2/1","2/1","1/2","1/1","2/2","1/2","2/1","1/2","2/2","2/2","1/1","2/2","2/2","1/1","2/2","1/2","2/2","1/1","1/2","2/2","1/2","1/1","1/1","2/2","2/1","1/2","1/2","1/1","1/2","1/1","2/1","1/1","2/1","2/2","1/2","2/1","2/2","1/1","1/2","1/2","2/2","1/1","1/1","2/2","1/1","2/1","1/1","1/1","2/2","2/2","1/2","2/2","2/1","2/2","2/1","2/1","2/1","1/2","2/1","2/2","1/1","1/1","1/1","1/2","1/2","1/1","1/1"
"IND0094","2/2","2/1","1/2","1/2","1/1","1/1","2/1","2/1","1/2","2/2","2/2","1/1","1/2","2/1","2/2","2/1","2/2","2/1","1/2","2/1","2/2","1/1","2/1","2/1","1/2","1/2","2/2","1/2","2/2","1/2","1/2","1/1","2/2","1/2","1/2","2/2","2/1","2/2","1/1","1/2","2/1","2/1","2/2","1/1","1/2","1/1","1/1","2/2","2/2","2/2","2/1","1/1","2/2","1/1","2/2","2/2","1/2","1/1","1/1","1/2","1/1","1/1","2/2","1/1","2/1","1/1","2/2","2/2","2/2","1/1","2/1","2/1","1/1","2/1","1/1","1/1","1/2","1/2","2/2","1/1","2/2","1/1","1/2","1/2","2/2","2/2","2/2","2/2","1/1","1/2","2/1","2/2","1/1","1/2","2/1","2/1","2/2","2/2","2/1","2/1","1/1","2/2","1/2","2/2","2/2","1/1","1/1","2/1","1/2","1/1","1/1","2/2","2/1","1/2","2/2","1/1","1/1","1/1","2/1","2/1","2/1","1/1","2/2","2/2","2/2","1/1","2/2","2/2","1/2","1/2","2/2","1/2","1/1","2/2","2/1","1/1","2/2","2/2","1/2","2/2","2/1","1/1","1/1","2/1","2/2","1/2","1/2","1/1","1/2","2/2","2/2","2/2","1/1","2/2","2/1","1/1","1/2","1/2","2/2","2/2","2/1","2/2","1/2","2/2","1/1","1/2","2/1","2/1","2/2","2/1","2/1","2/2","2/2","1/2","1/1","1/2","1/1","1/1","1/1","1/2","2/2","2/1","2/2","2/1","2/1","1/1","2/1","2/2","1/2","1/1","1/1","1/1","2/1","1/2","2/2","2/2","1/1","2/2","2/1","4/2","1/1","2/2","1/1","1/2","1/3","1/2","2/2","1/1","1/2","2/2","1/1","2/2","2/1","1/1","1/1","1/2","1/2","1/1","2/1","1/1","1/1","1/2","1/2","1/1","1/1","1/2","2/2","2/2","1/1","1/1","1/2","1/2","1/2","1/2","1/2","2/1","2/1","2/1","2/2","1/1","2/2","1/1","1/2","2/2","2/1","2/2","1/1","2/2","2/2","2/2","1/1","2/2","1/1","2/1","2/2","1/1","2/1","1/2","2/1","1/2","2/1","2/2","2/1","1/2","2/2","1/2","2/2","2/1","2/1","2/1","1/1","2/2","2/2","1/2","1/2","2/1","1/1","2/1","3/1","2/1","1/1","1/1","2/1","2/2","2/1","1/1","1/2","1/1","1/1","2/1","1/1","1/1","2/2","1/1","1/2","1/1","1/1","2/1","2/1","2/1","2/2","1/2","2/1","1/3","2/2","2/1","2/1","2/1","1/1","1/1","1/1","2/2","2/2","1/4","2/1","2/1","2/2","1/1","1/2","2/2","1/1","2/1","2/2","2/1","1/2","2/2","2/2","1/1","1/1","1/2","1/1","1/1","1/1","1/2","2/2","1/1","1/2","2/2","1/2","2/1","2/2","1/1","1/1","1/2","1/1","2/2","1/1","1/2","1/2","2/1","2/2","1/2","2/2","1/2","2/1","2/2","1/1","2/1","1/2","2/2","1/1","1/1","2/1","2/1","1/1","1/2","1/1","1/1","1/1","2/1","1/2","2/2","1/1","1/1","2/2","1/1","1/2","2/2","2/1","2/2","1/1","4/2","1/1","1/2","1/2","1/2","2/1","1/1","2/1","4/3","1/1","2/1","2/1","2/1","1/1","2/1","2/1","1/1","1/1","1/1","1/2","2/1","1/2","1/1","1/2","1/1","1/2","2/1","1/1","2/2","1/1","2/2","1/1","2/2","1/2","1/2","2/1","2/2","1/2","2/2","2/1","1/1","2/1","2/1","1/2","1/2","1/2","1/2","1/1","2/2","1/2","2/1","2/1","1/2","1/1","1/1","2/1","1/1","1/1","1/2","2/1","1/1","2/1","1/1","1/1","2/1","2/2","1/2","2/2","2/1","2/1","2/1","2/1","2/1","2/2","2/2","2/2","1/1","2/2","2/1","2/1","2/1","2/2","2/2","1/2","2/1","2/2","1/2","1/1","1/1","2/2","2/2","2/1","1/2","2/1","1/1","1/2","1/1","2/2","1/2","2/2","2/2","1/2","2/2","1/2","2/1","2/1","1/2","2/2","2/1","1/2"
"IND0095","2/1","1/1","1/2","1/2","2/2","2/1","1/1","1/1","1/1","2/2","1/2","2/1","2/2","2/1","2/1","2/2","2/2","2/1","2/2","1/1","1/2","2/1","1/1","1/2","2/2","2/1","2/2","2/1","2/2","2/2","2/2","2/1","2/1","1/2","1/2","2/1","1/1","1/1","2/2","1/2","1/2","1/2","2/1","1/2","1/2","1/1","2/2","1/2","1/2","2/1","2/2","1/1","2/1","2/2","2/1","2/2","2/1","2/2","1/2","1/1","2/1","2/2","2/2","2/1","1/2","2/2","2/2","1/2","2/1","1/1","2/1","1/2","2/1","1/1","1/2","1/2","2/2","1/2","2/1","1/2","2/1","2/1","2/2","1/2","1/2","1/2","2/2","1/1","2/1","2/1","2/2","1/1","1/1","1/2","2/1","2/1","1/1","1/2","1/1","2/2","1/1","1/1","1/1","1/1","2/2","2/2","1/2","1/2","2/2","2/1","1/2","1/2","1/2","1/2","1/1","1/1","1/2","1/1","2/2","1/2","1/1","2/2","2/2","1/1","2/2","1/1","1/4","1/2","1/1","2/2","1/2","1/2","2/1","1/1","1/2","2/2","2/1","2/2","2/1","2/1","1/2","1/2","2/2","2/2","2/1","1/1","2/2","2/1","2/2","2/2","1/1","1/2","2/1","2/2","1/2","2/1","2/2","1/1","2/2","2/2","2/1","1/1","2/1","2/1","1/2","1/2","2/2","1/1","1/2","1/2","2/2","1/1","2/1","2/2","1/2","2/1","2/1","1/1","1/1","2/1","1/2","2/2","2/2","2/2","1/1","1/2","2/1","1/2","2/1","2/1","2/2","2/2","1/2","1/1","1/1","2/1","1/1","1/1","2/1","1/3","1/2","1/2","2/1","2/2","2/3","2/2","2/1","2/1","2/1","2/2","1/2","1/1","1/2","1/2","1/1","2/2","1/2","2/2","1/2","2/2","2/2","2/2","2/2","2/1","1/1","1/1","1/1","2/2","1/2","1/1","2/2","2/1","1/2","2/1","2/2","2/2","1/2","1/1","1/1","2/1","1/2","1/1","2/1","2/1","2/1","2/2","2/1","2/2","2/2","2/2","2/1","1/2","2/1","1/2","2/1","1/1","1/1","2/1","2/2","2/1","2/2","1/1","1/1","2/1","2/2","2/1","1/2","1/2","1/1","2/2","1/1","1/1","2/2","2/2","1/2","1/2","1/2","2/1","2/3","2/2","1/1","2/2","1/1","1/1","2/2","2/1","1/2","2/2","1/2","2/2","1/1","1/2","1/2","1/1","1/2","2/1","1/1","2/2","1/2","1/2","2/1","2/2","1/2","1/1","2/2","2/2","1/1","2/2","2/2","1/2","1/2","1/2","1/1","1/1","2/2","1/2","3/3","1/1","2/2","1/2","2/1","1/1","2/2","1/1","1/2","1/1","2/1","1/1","2/2","2/1","1/2","2/1","1/1","2/1","1/2","2/2","1/1","2/1","1/2","2/2","1/1","2/2","2/1","1/2","2/2","2/1","1/1","1/1","2/1","1/2","2/1","2/1","2/1","1/1","2/2","1/2","2/1","1/1","2/1","2/1","1/2","2/2","1/2","1/2","1/1","1/1","2/1","2/2","1/1","2/1","1/1","2/1","1/1","1/1","1/1","2/2","1/1","1/2","1/2","2/1","2/2","2/2","2/1","2/1","1/2","1/2","2/1","1/2","1/2","1/2","1/2","1/1","1/2","2/2","1/2","2/2","2/1","1/1","1/1","1/1","2/1","1/2","2/2","1/1","1/1","2/2","1/2","2/1","2/2","2/1","1/2","1/2","1/2","2/1","1/2","2/2","1/1","2/2","2/2","2/1","2/2","2/1","1/2","1/1","1/1","1/1","1/2","1/2","2/2","2/2","2/2","1/2","2/1","2/2","1/1","1/1","2/2","2/1","2/2","2/1","1/2","2/1","1/1","1/1","2/1","1/2","2/1","1/1","2/1","2/1","2/1","2/1","1/2","1/1","2/1","1/2","1/1","2/2","2/1","2/2","2/1","2/2","2/1","2/1","1/1","2/1","2/2","2/1","1/1","1/2","2/1","1/1","2/1","2/1","2/1","2/2","2/1","1/1","1/1","2/1","2/1","1/1","1/1","2/2","2/1","2/2","1/1","2/2","2/1","1/1","2/2"
"IND0096","1/2","1/1","1/2","2/1","1/1","2/1","1/1","1/2","2/2","2/2","2/1","2/1","1/1","2/2","1/1","1/1","2/1","2/1","2/2","1/2","2/2","1/2","2/1","1/1","1/2","2/2","2/2","1/2","2/2","1/1","1/1","1/1","2/1","1/1","2/2","1/2","2/2","2/1","1/1","2/2","1/1","2/1","2/1","1/1","1/1","1/1","2/2","2/1","2/1","2/1","1/1","2/1","1/2","1/2","2/1","2/2","1/2","2/1","1/2","2/2","1/1","1/2","1/1","1/2","2/1","1/1","1/2","1/2","1/2","1/2","2/2","2/1","1/1","2/2","2/2","2/2","1/2","1/1","2/1","2/1","2/1","2/2","1/2","2/1","1/2","1/1","1/2","2/2","1/2","2/1","1/1","1/1","2/1","2/2","2/1","2/2","1/1","1/1","2/2","1/1","1/1","1/1","1/1","2/1","2/1","1/1","2/2","2/2","1/2","2/2","2/2","1/2","2/2","2/1","1/2","2/1","2/1","1/1","2/1","2/2","2/1","1/1","1/2","2/2","2/1","2/1","3/1","2/2","1/1","1/1","1/2","2/1","2/1","1/2","2/1","2/1","2/2","2/1","1/2","1/2","1/2","2/1","2/2","1/1","2/1","2/1","2/1","2/1","2/2","2/1","2/2","1/1","2/1","2/2","1/1","2/2","1/1","1/2","2/2","2/1","2/1","2/2","2/2","1/2","2/1","2/2","2/1","2/2","1/1","1/1","1/2","2/1","2/1","2/2","2/2","1/2","2/1","2/1","1/2","1/1","1/2","2/1","1/2","2/1","2/2","1/1","1/2","2/2","2/2","2/2","2/2","1/2","1/2","2/1","2/2","1/1","2/1","1/2","2/2","1/2","2/2","2/1","1/1","2/2","1/1","2/1","2/1","2/2","1/1","1/2","2/2","2/1","2/1","2/1","2/2","1/2","2/1","2/2","1/1","2/2","2/2","1/1","2/2","2/1","2/2","1/1","1/1","1/2","1/1","1/1","1/2","2/2","2/1","1/1","2/1","2/1","1/1","1/1","1/1","2/2","1/2","2/2","2/1","2/1","2/2","2/2","2/1","1/2","2/1","1/2","1/1","2/2","2/1","1/1","2/2","1/2","2/1","1/1","1/2","1/1","1/1","1/1","2/2","2/2","2/2","2/2","1/1","1/1","1/1","2/1","1/2","1/1","1/2","1/2","1/1","2/1","1/1","2/1","2/2","1/1","1/2","2/2","2/2","1/2","2/1","2/2","2/2","2/1","2/2","2/1","2/2","2/1","2/1","2/1","1/2","1/2","2/2","2/2","2/1","1/2","2/2","1/1","1/2","1/1","2/2","1/1","2/1","1/2","1/1","2/2","2/1","2/1","2/1","2/1","1/2","1/1","4/2","2/2","2/2","2/2","1/1","2/1","1/2","1/2","1/2","2/2","1/2","1/2","1/1","2/2","2/1","1/2","2/1","2/1","2/2","1/1","2/2","1/1","2/1","2/2","2/2","2/2","1/2","1/2","2/1","1/2","1/1","2/2","2/1","2/2","2/1","1/2","1/2","2/1","2/1","2/2","1/2","2/2","2/2","2/1","1/1","1/1","1/1","1/1","1/2","2/2","1/2","2/1","1/2","1/1","2/2","2/1","2/2","2/1","2/2","2/2","1/2","2/2","1/1","1/1","2/1","1/3","2/2","1/1","1/1","2/1","2/1","1/1","2/2","1/3","1/2","2/2","1/1","1/2","2/2","2/2","2/1","1/1","1/2","2/1","1/2","2/2","2/1","2/2","1/1","2/2","2/1","1/2","2/1","2/2","1/2","2/1","2/2","1/2","1/2","2/2","2/1","2/2","2/1","1/1","1/1","1/1","1/1","1/2","1/2","2/1","1/2","1/1","1/2","1/2","1/2","2/1","1/2","2/2","2/2","1/1","1/1","1/2","1/2","2/2","2/1","2/2","2/1","2/2","2/2","2/2","2/2","1/1","1/1","2/2","1/1","2/2","2/2","1/1","2/2","1/1","1/2","2/2","2/1","2/1","2/2","2/2","2/2","1/2","1/1","2/2","1/1","2/1","2/1","1/1","2/2","2/1","1/1","2/2","1/2","2/1","2/1","2/1","2/2","2/1","2/2","2/2","2/1","2/2","1/2","2/2","1/1","2/2","2/2","2/2","2/2"
"IND0097","1/2","1/1","1/2","1/2","2/1","2/2","2/1","2/2","2/1","2/1","2/1","2/2","1/1","2/2","2/2","2/2","1/2","2/2","1/1","2/2","1/2","1/2","2/1","2/2","2/1","1/1","1/2","1/1","1/1","1/1","2/1","2/1","1/2","2/1","2/1","2/2","2/2","1/1","1/1","2/1","1/2","1/1","2/1","1/1","1/1","2/2","1/2","1/1","2/1","1/1","1/1","1/1","2/1","2/2","2/2","2/2","1/2","1/1","1/1","1/2","2/2","2/1","1/2","2/1","1/1","1/1","1/2","2/1","2/2","1/1","2/2","2/2","1/2","2/2","1/1","1/2","1/2","2/2","1/1","2/2","2/1","1/1","2/1","1/1","1/2","2/2","1/1","1/2","2/2","2/2","2/2","2/1","2/2","2/1","2/2","2/2","1/2","2/1","2/1","2/2","1/1","2/1","2/2","2/1","2/1","2/1","1/1","1/2","2/1","1/2","2/1","2/1","2/2","1/2","2/1","1/2","1/2","2/2","2/2","1/2","1/1","1/1","1/2","1/2","1/1","1/2","4/2","1/2","2/2","2/1","2/2","2/1","2/2","2/2","1/2","2/1","1/2","1/2","1/1","2/1","1/1","1/2","1/1","1/1","1/2","2/1","1/2","2/1","1/1","1/2","2/1","1/2","1/1","1/1","2/2","2/2","2/1","2/2","1/2","2/1","1/1","1/1","2/2","2/2","2/1","1/2","1/1","1/1","2/1","2/1","2/1","2/1","2/1","1/2","2/2","1/2","2/1","1/2","2/1","1/2","2/1","1/1","2/2","1/2","1/2","2/2","2/1","1/1","2/2","2/2","2/2","2/1","1/2","2/1","1/1","2/2","2/1","2/1","1/2","4/4","1/2","1/1","2/2","2/1","3/1","2/1","2/1","1/1","1/2","1/1","1/1","2/2","1/1","2/2","1/2","2/2","1/1","2/1","1/1","1/1","1/1","2/2","2/2","2/1","1/2","1/1","1/1","2/2","2/2","2/2","2/2","1/2","2/2","2/2","1/1","1/2","1/2","2/1","1/1","2/1","2/2","2/2","1/2","2/1","2/2","2/1","2/2","1/2","1/1","2/1","2/1","1/2","2/2","1/1","2/2","1/1","2/1","1/1","1/2","2/1","1/1","2/2","2/2","1/2","1/1","2/1","2/2","1/2","2/2","1/1","2/1","1/1","2/2","2/2","1/2","2/2","2/1","1/1","1/2","1/2","2/2","1/2","2/2","2/2","1/2","1/2","2/1","1/1","1/2","2/2","1/1","2/2","1/2","2/1","2/1","2/1","2/1","1/1","1/1","2/2","2/2","2/1","2/2","2/4","2/2","2/2","2/1","1/2","2/2","1/2","2/2","2/1","2/1","2/2","1/1","2/1","2/1","1/2","2/1","1/1","1/2","2/1","2/1","1/1","2/1","1/2","2/2","1/2","2/1","2/1","2/1","2/2","1/1","1/1","1/1","1/1","1/2","1/2","1/2","1/2","2/1","1/2","1/2","2/1","2/2","1/2","2/2","2/2","1/1","2/2","1/2","1/1","2/2","2/2","1/1","1/1","1/1","1/1","1/1","1/2","1/2","2/2","1/1","2/2","1/2","1/1","2/1","2/2","2/1","1/2","1/1","2/2","2/1","2/2","1/2","1/2","1/2","2/2","1/1","1/1","1/1","4/4","2/2","2/2","2/1","1/1","2/2","2/1","2/2","1/2","2/1","1/2","2/2","1/1","1/1","2/2","1/1","2/1","1/2","1/2","2/2","2/1","1/1","2/2","1/1","1/2","1/1","2/1","2/2","1/2","1/2","1/2","1/1","2/1","2/2","2/1","2/1","1/1","2/1","1/1","1/2","1/2","2/1","2/2","2/2","2/1","1/2","1/2","2/1","2/2","2/2","2/1","2/2","2/2","1/2","2/2","2/2","2/1","1/2","1/2","2/2","2/1","1/1","1/2","1/2","2/1","1/2","2/2","2/2","2/1","1/2","2/1","2/1","1/2","2/2","2/1","2/1","2/1","1/2","1/1","1/1","2/2","2/2","2/2","1/1","1/2","2/2","1/1","2/2","2/2","2/1","2/1","2/2","2/2","2/1","1/1","2/2","2/2","2/2","1/1","1/2","2/1","1/2","2/2","1/2","1/1","1/2","1/2","1/1","1/2","2/1"
"IND0098","2/1","2/1","2/2","1/2","1/2","1/2","1/2","2/2","2/1","2/2","1/2","1/1","2/1","2/2","2/1","1/2","1/1","2/1","2/1","2/2","2/1","1/2","2/2","1/1","1/2","1/2","1/2","1/1","1/2","2/2","2/1","1/2","1/2","2/1","1/2","1/2","2/1","1/1","1/1","1/1","2/2","1/2","2/2","1/2","1/2","1/1","2/2","1/2","1/2","1/1","1/1","2/2","1/2","1/2","1/2","1/1","1/1","1/2","2/2","2/1","2/2","1/1","1/2","2/1","1/1","1/2","2/2","1/2","2/1","1/1","2/1","2/2","2/2","2/1","2/1","2/2","2/1","1/2","2/1","1/2","1/2","2/2","2/1","1/1","1/2","1/1","1/1","2/1","1/1","1/1","2/1","2/1","1/1","2/2","2/1","1/1","1/1","1/2","2/2","2/2","2/1","2/2","1/2","2/1","2/2","2/2","2/1","2/1","2/1","1/1","1/2","2/2","1/2","1/2","2/2","2/1","1/1","1/1","1/2","1/2","1/1","2/2","1/1","2/1","1/1","2/2","3/1","1/2","1/2","1/1","2/2","2/2","2/1","1/2","2/1","2/2","2/1","1/2","1/2","2/2","2/1","1/2","1/1","2/1","2/1","2/1","1/2","1/1","2/2","1/2","1/1","2/1","2/1","1/2","1/1","1/1","2/1","2/2","2/1","1/1","1/1","1/2","1/1","1/1","2/1","1/2","1/1","1/2","1/2","2/1","1/1","1/2","1/1","2/2","2/2","2/2","2/2","1/2","1/2","1/1","2/2","2/2","1/2","2/2","2/2","2/1","1/1","1/1","1/2","2/1","2/2","2/2","1/1","1/2","1/2","2/1","2/1","2/1","2/1","4/1","1/1","2/1","1/1","2/2","2/1","1/1","1/2","1/2","1/2","1/1","2/2","1/2","2/2","1/2","1/2","2/2","2/2","1/1","1/2","2/2","1/1","1/1","2/2","1/1","2/2","2/2","1/2","2/1","1/1","1/2","1/1","1/1","2/2","1/2","2/1","2/1","2/2","1/2","2/1","1/2","2/1","1/1","2/1","1/1","2/1","1/1","1/1","2/1","2/2","1/2","1/2","2/1","2/2","1/2","1/2","1/2","2/2","1/2","2/1","2/1","2/2","1/2","1/1","1/1","1/1","1/2","1/2","1/1","2/2","2/1","1/1","1/1","1/2","1/1","2/1","1/2","1/2","1/1","2/2","2/2","2/2","2/2","2/2","2/2","1/2","2/2","2/2","2/2","2/1","2/1","2/1","2/2","2/2","1/1","2/1","1/1","2/2","1/2","2/1","1/1","1/2","1/1","1/2","3/1","2/2","1/2","2/2","1/1","2/2","1/2","1/2","1/1","1/1","1/4","1/2","1/1","3/1","1/1","1/2","1/1","1/1","1/2","1/2","2/2","1/1","2/1","1/1","1/2","2/2","2/2","1/1","2/2","2/1","2/2","1/1","1/2","1/1","2/1","2/1","1/1","1/1","2/2","2/2","2/2","1/1","1/1","1/2","2/2","1/2","1/1","1/2","1/2","2/2","1/1","2/2","2/1","2/2","2/2","1/1","2/2","1/2","2/1","2/2","1/1","1/2","1/2","1/2","1/2","1/2","2/1","2/1","2/1","1/1","1/1","1/2","1/2","2/2","2/1","1/1","2/2","1/2","1/4","1/1","2/2","2/2","1/1","1/1","1/1","1/1","1/3","1/1","2/1","1/2","2/1","1/1","1/2","1/1","2/1","2/2","2/1","1/1","2/2","2/1","2/1","1/1","2/2","1/2","1/1","1/2","1/1","2/2","1/2","2/2","2/2","2/2","2/2","2/1","2/2","1/2","1/2","2/1","2/1","2/2","1/2","2/2","1/1","1/2","1/1","2/1","1/2","1/2","1/2","2/2","1/2","1/2","1/2","1/1","2/1","1/1","1/1","2/1","1/2","1/1","2/1","2/2","1/2","1/2","1/1","1/1","2/2","2/1","2/1","2/2","1/1","2/1","2/2","2/2","1/2","1/2","1/2","1/1","2/1","2/1","2/1","2/1","1/1","1/1","1/2","2/1","2/2","1/1","2/2","2/2","1/2","2/2","1/2","1/2","2/2","2/2","1/2","2/2","2/1","1/1","1/1","2/2","2/1","2/1","2/1","2/1","2/2","2/2"
"IND0099","2/2","1/2","2/1","1/2","1/1","2/1","2/1","2/2","2/1","2/2","1/1","2/1","2/1","1/2","1/2","2/1","2/2","1/2","1/2","2/1","1/2","1/2","2/1","1/2","2/2","1/2","1/1","2/2","1/2","2/2","2/1","2/1","2/2","1/2","1/1","1/1","2/1","1/2","2/2","1/2","2/1","2/1","2/1","2/2","2/2","2/2","2/1","2/1","2/2","2/1","1/1","2/1","1/2","1/2","1/2","1/2","1/1","2/1","2/1","2/1","1/2","1/1","2/1","2/2","1/2","2/2","2/1","2/1","1/2","1/1","2/2","2/1","2/2","2/1","1/1","2/2","1/2","2/1","1/1","1/2","1/2","2/1","2/1","2/2","1/2","1/2","2/1","1/2","1/2","2/2","2/2","1/2","2/2","2/1","1/2","1/1","2/1","2/1","2/1","2/2","1/2","1/1","2/2","2/2","2/2","2/1","2/2","1/1","2/2","2/1","2/2","2/1","1/1","1/1","2/2","2/2","1/1","1/2","1/2","2/2","2/1","1/2","2/2","1/2","2/1","2/2","2/1","2/2","1/2","2/2","2/2","2/1","1/2","1/2","2/2","1/1","1/2","1/2","2/2","1/2","2/1","2/2","1/2","1/1","2/1","2/2","1/1","2/1","1/2","1/1","2/2","2/1","1/1","1/2","2/1","2/2","1/2","1/1","1/1","1/1","1/2","1/2","2/1","1/2","2/1","2/1","2/1","2/1","2/1","1/1","1/2","2/2","1/1","1/2","1/1","2/1","1/2","2/2","1/2","2/2","2/2","1/2","2/2","1/2","2/1","1/2","1/1","2/1","2/1","2/2","1/1","1/1","2/2","2/1","2/2","1/1","1/2","1/1","2/1","4/4","1/2","2/1","2/1","1/2","2/2","1/1","2/2","1/2","2/2","1/2","2/1","1/1","2/2","1/1","2/1","1/1","2/1","1/1","2/2","2/2","1/1","2/2","1/1","2/1","1/1","2/1","2/1","1/1","1/1","1/1","2/2","1/2","2/2","2/2","2/2","2/2","1/1","2/2","1/2","1/2","1/1","1/1","1/2","1/2","1/1","2/2","2/2","2/1","1/1","1/2","2/1","1/1","2/2","1/1","2/1","1/2","1/1","2/1","1/2","1/2","1/1","1/2","1/2","2/2","2/2","2/1","1/1","2/1","1/2","1/1","1/1","1/1","1/1","2/2","1/1","1/1","2/2","2/1","1/4","1/2","2/1","2/2","1/1","1/2","1/1","1/2","1/1","2/1","1/2","2/1","1/2","2/1","1/1","1/1","2/2","2/1","1/2","2/2","2/1","1/1","2/1","2/1","1/2","4/4","2/1","1/1","2/2","1/2","1/1","2/2","2/2","1/2","1/2","3/1","2/2","1/2","4/4","1/2","1/2","1/2","1/1","1/2","2/1","1/1","1/2","2/2","1/2","2/2","1/2","2/2","2/2","1/2","2/1","1/2","1/1","2/2","2/2","2/2","1/2","1/1","1/2","2/2","2/2","2/2","2/2","2/1","2/1","1/2","2/1","1/2","2/1","1/1","2/1","1/2","1/2","1/1","2/1","2/2","1/1","1/1","1/1","1/2","1/1","1/2","2/1","2/2","1/1","2/1","2/1","1/2","2/1","1/2","1/2","2/1","1/1","2/2","2/1","1/2","1/1","1/2","2/2","1/3","1/2","1/2","2/1","2/2","1/2","1/1","2/2","4/3","2/1","1/1","1/1","1/2","2/2","2/2","1/1","2/2","2/1","1/1","2/2","2/2","2/1","2/1","2/2","2/1","1/1","2/1","1/1","1/2","1/2","1/2","1/2","2/1","1/1","1/1","2/1","2/1","1/2","1/2","2/2","1/2","2/2","2/1","1/1","1/2","2/2","1/2","1/1","1/1","2/2","1/2","1/2","2/1","1/2","1/1","1/1","1/1","1/1","1/1","2/1","2/2","1/2","2/1","2/1","1/2","2/2","2/1","2/1","2/1","2/2","1/1","1/1","2/2","1/2","1/1","1/2","2/2","1/1","1/2","2/1","2/1","2/2","1/1","2/2","1/2","1/1","2/1","1/2","1/1","1/1","2/2","1/2","1/1","1/1","2/2","1/2","2/2","1/1","2/1","2/1","1/1","2/2","1/2","1/1","1/2","2/2","2/1","1/2","2/1","1/2"
"IND0100","2/2","1/1","1/1","1/1","2/1","1/1","2/1","2/1","1/1","1/2","2/2","2/1","2/1","1/2","2/1","1/2","1/1","1/1","2/2","1/1","2/2","2/2","2/1","1/2","2/2","2/1","2/2","2/2","1/1","2/1","2/2","2/1","2/1","2/2","2/1","1/1","1/2","2/2","1/2","1/1","2/1","1/2","2/2","2/1","2/1","1/2","1/2","2/1","1/2","2/1","1/2","1/1","1/2","2/1","1/2","2/1","2/1","1/1","2/1","2/2","1/1","1/2","1/1","2/2","2/1","1/2","2/1","2/1","1/1","2/1","2/1","1/2","2/2","2/1","2/2","1/1","1/2","2/2","2/2","2/2","2/1","2/1","1/2","1/2","1/1","2/1","2/1","1/1","1/1","2/2","1/2","1/1","1/2","2/1","2/2","2/1","1/1","2/2","2/2","2/2","1/2","2/1","2/1","2/2","2/1","2/1","2/1","2/1","1/1","1/2","1/1","1/2","1/2","2/2","2/1","1/1","2/2","2/2","2/2","1/1","2/1","2/2","2/1","1/2","2/2","2/1","2/2","1/1","1/1","1/2","2/2","1/2","1/1","1/1","1/2","2/2","2/1","1/2","1/1","1/1","1/2","1/1","1/1","1/1","2/1","1/2","1/2","1/2","1/1","1/2","1/2","1/1","1/2","2/2","2/2","2/1","2/1","1/2","2/1","1/1","2/1","1/1","2/1","2/1","1/2","2/1","1/1","2/1","1/2","2/2","1/1","2/1","2/1","2/1","2/2","1/1","1/1","2/2","2/2","2/1","1/2","2/1","2/2","2/2","1/2","2/2","1/2","1/2","1/2","1/1","1/2","1/1","2/2","2/1","1/1","2/2","1/1","2/1","1/2","4/4","2/1","2/1","1/2","2/2","4/4","1/2","1/2","2/1","2/2","1/2","1/1","1/1","2/1","2/1","2/1","2/2","2/1","2/1","1/2","2/1","1/2","1/2","1/1","1/1","2/2","2/1","2/2","1/1","1/1","2/2","2/2","1/1","1/2","1/2","1/1","1/1","2/2","2/1","2/1","2/2","2/1","2/1","1/2","2/1","1/1","1/2","1/1","1/1","2/2","2/2","2/2","2/2","2/2","2/2","1/1","2/1","1/1","1/1","2/2","2/2","1/1","1/1","2/2","1/1","2/1","1/2","1/1","2/1","2/1","1/1","1/1","1/1","2/2","1/1","2/2","1/1","1/2","2/2","3/4","2/2","2/2","1/2","2/2","2/1","2/2","1/2","1/1","2/1","2/1","2/2","1/1","2/1","1/1","1/1","1/2","2/1","2/2","2/2","2/2","2/1","1/2","2/1","1/2","4/1","2/2","1/1","1/2","1/2","2/2","1/2","1/1","2/2","1/2","2/4","2/1","1/2","3/2","2/2","2/1","2/2","1/2","1/2","1/1","2/1","1/1","2/1","2/1","2/2","1/1","1/1","2/2","1/2","2/2","2/2","2/2","1/1","1/2","1/1","1/1","1/2","2/1","1/2","2/1","2/2","2/2","2/1","2/1","1/1","1/2","2/1","2/1","2/1","1/2","2/2","2/1","2/2","1/1","1/2","1/2","2/1","2/1","1/1","1/1","2/1","1/1","1/1","1/1","1/1","1/1","1/1","2/2","2/1","1/2","2/1","1/1","1/2","2/1","2/1","2/2","1/2","1/2","1/4","1/1","1/2","1/2","2/1","1/1","2/2","1/1","2/3","2/1","1/1","1/2","2/1","2/1","2/1","1/2","1/2","2/1","2/2","2/2","2/1","2/1","2/2","1/1","1/2","2/1","1/2","2/1","1/1","1/2","1/1","1/2","1/2","1/1","1/2","2/2","1/1","1/1","2/2","1/1","1/2","2/1","2/2","1/2","2/2","2/1","2/1","2/1","2/2","1/1","2/2","2/2","2/1","2/2","1/1","1/1","2/2","1/2","1/2","1/1","2/2","1/1","2/2","2/1","1/1","1/2","2/2","2/1","2/2","1/2","2/2","2/1","2/2","2/2","2/2","1/2","2/1","2/1","2/1","2/1","1/1","2/1","1/1","2/1","2/2","1/2","2/2","2/2","1/1","1/2","2/2","2/1","1/1","2/2","2/2","1/1","1/1","2/1","2/2","2/1","2/2","2/1","2/2","2/2","1/1","1/1","1/2","2/2","1/1","1/2"
"IND0101","1/2","2/1","1/2","1/2","1/1","1/1","1/2","2/2","2/2","1/2","2/2","1/1","1/2","1/1","2/2","2/2","2/2","1/1","1/2","2/1","1/2","1/2","2/2","1/2","1/2","1/1","2/1","2/1","2/2","1/2","1/2","1/1","1/1","1/1","2/1","1/1","1/2","1/1","1/2","2/2","1/2","1/2","2/1","2/2","1/2","1/2","2/2","1/2","2/1","1/1","2/1","1/1","2/1","2/1","1/1","2/2","2/2","1/1","1/1","1/1","2/1","1/1","2/2","2/2","2/1","2/2","2/1","2/2","1/1","2/1","2/2","1/1","1/1","1/1","1/2","2/1","2/1","1/2","1/1","1/1","2/1","1/1","1/2","1/2","2/2","1/2","1/2","2/1","1/2","1/2","1/1","1/2","2/2","2/2","2/1","2/1","2/1","1/1","2/2","1/2","2/1","1/2","2/1","1/2","2/1","1/1","1/1","1/2","2/2","2/2","2/2","2/1","1/2","1/2","2/2","2/2","2/1","2/2","2/1","1/2","2/2","1/2","2/2","1/1","2/1","1/2","2/2","2/2","2/1","1/2","2/1","1/2","1/2","2/1","1/2","2/1","2/1","1/1","1/2","2/1","1/2","1/1","2/2","2/2","2/1","1/1","1/1","2/1","2/2","2/2","1/1","1/1","2/2","1/1","2/2","1/2","1/2","2/1","1/1","2/1","2/2","2/1","1/1","1/1","2/1","2/2","2/1","1/2","1/1","1/1","2/1","2/2","2/2","1/1","2/1","1/1","2/2","1/2","2/2","1/2","2/1","1/2","1/1","2/1","2/2","2/1","2/2","1/1","2/1","1/1","2/1","2/1","2/2","1/2","2/2","2/1","2/2","1/2","2/1","3/3","2/2","1/2","1/2","2/2","4/2","2/1","1/2","2/1","1/2","2/2","1/2","1/2","2/1","1/1","2/2","2/1","1/1","2/2","1/2","1/2","2/2","2/2","1/1","2/2","2/2","2/2","2/1","1/1","2/1","2/2","1/1","2/2","1/2","1/2","2/1","2/2","2/2","1/2","1/1","2/1","1/1","1/1","2/2","1/1","2/1","2/1","1/2","2/2","1/1","2/1","1/1","2/1","2/2","2/1","1/2","2/1","1/2","2/1","2/1","2/2","1/2","1/1","2/2","1/1","1/1","1/1","1/2","2/2","1/2","2/2","1/2","2/2","2/2","2/2","1/2","2/2","2/1","1/1","2/1","1/2","2/2","2/2","2/1","1/2","2/2","1/1","2/2","1/1","2/1","2/1","1/1","2/2","2/1","1/1","2/2","1/2","2/2","1/1","1/2","1/2","2/1","1/1","1/2","4/1","2/1","2/2","2/1","2/2","2/1","2/1","1/1","2/2","1/1","2/2","2/2","1/2","1/2","2/2","2/2","1/1","2/2","2/1","2/1","1/2","1/2","1/1","2/2","1/2","1/1","2/2","1/2","1/2","2/2","2/1","1/2","1/2","1/1","2/1","1/2","2/1","2/1","1/1","2/1","2/2","2/2","2/2","1/1","2/1","1/2","1/1","1/1","2/1","1/1","1/1","1/2","2/2","2/1","2/2","2/1","1/1","2/2","1/2","1/2","1/1","2/2","2/1","1/1","1/1","1/2","2/1","2/1","1/1","1/2","2/2","2/2","1/2","2/2","1/1","1/2","2/2","1/2","4/4","2/2","1/2","1/1","1/1","1/2","2/1","1/2","4/4","2/1","1/2","2/2","2/1","2/1","2/1","2/2","1/2","1/1","2/1","2/1","1/2","2/1","1/2","1/2","2/2","1/2","1/2","1/1","2/1","1/2","1/1","1/1","2/2","2/1","2/2","1/1","2/1","2/1","2/2","1/2","1/2","2/2","2/1","2/2","1/1","1/1","1/1","1/2","2/1","2/2","2/1","1/2","1/2","1/1","2/1","1/1","1/2","1/1","2/1","2/2","1/1","2/2","2/1","1/1","1/2","1/1","1/1","1/1","1/1","1/2","1/1","1/1","1/1","2/1","2/2","2/1","2/2","2/1","1/2","2/2","1/2","2/1","1/2","1/1","2/2","2/2","1/2","2/1","1/1","1/1","2/2","1/1","2/2","2/1","2/1","1/1","1/2","1/2","1/1","2/2","1/1","1/1","1/1","1/2","1/2","2/2","1/2","1/2","2/2","2/1"
"IND0102","2/1","1/2","2/2","2/2","2/2","1/2","2/2","2/2","2/1","2/2","2/1","1/1","1/1","2/2","1/2","2/2","1/1","2/1","1/1","1/1","1/1","2/1","2/1","1/1","2/1","2/2","1/2","1/2","2/2","2/1","2/1","1/1","2/2","1/2","2/1","2/2","1/2","2/2","2/2","2/1","2/1","2/2","2/1","1/1","1/1","2/2","2/1","1/2","2/2","1/1","1/2","1/1","1/2","1/1","1/2","1/2","2/2","2/1","2/2","1/2","2/1","1/1","1/1","2/2","1/2","1/2","2/1","1/1","2/2","1/2","1/2","2/2","2/1","1/2","1/1","1/1","1/1","1/2","1/2","1/1","1/2","2/1","1/2","1/2","2/2","2/1","2/2","2/1","2/1","1/1","2/1","1/2","1/2","2/2","2/2","1/1","1/2","2/2","1/2","2/2","1/1","2/1","2/2","1/2","2/2","2/1","2/2","2/2","1/2","1/2","1/1","1/2","1/2","1/2","2/2","1/1","2/2","2/2","1/1","1/1","2/2","2/1","2/1","1/1","2/1","2/2","3/4","2/1","2/2","2/1","1/1","1/2","2/2","2/2","2/1","1/1","1/2","1/1","2/1","1/1","1/2","2/2","2/2","1/1","1/2","2/2","1/2","2/1","2/2","2/2","1/1","1/1","1/2","1/2","2/1","1/1","2/1","1/1","1/1","1/1","2/1","1/1","1/2","2/2","2/2","1/2","1/1","2/1","1/2","1/1","2/1","1/2","1/1","2/1","1/2","1/1","2/2","2/1","2/2","2/1","1/2","1/1","2/2","2/2","1/2","2/1","2/2","1/2","1/2","1/2","1/2","1/1","2/2","1/1","2/2","2/1","2/1","1/1","1/2","1/3","1/1","2/1","1/2","2/2","4/3","2/2","1/2","2/2","1/2","2/1","2/1","2/1","1/1","1/2","2/1","2/1","2/1","1/2","2/1","2/2","1/2","2/1","1/1","1/1","1/2","2/2","2/1","2/1","1/2","2/2","2/2","2/2","2/1","2/1","2/1","2/1","1/1","1/1","2/1","1/2","1/1","2/2","1/1","1/2","2/2","1/1","1/2","2/2","2/2","2/1","1/2","1/2","2/2","1/1","2/2","2/1","2/1","1/2","2/2","2/1","1/2","2/1","1/1","2/1","1/2","1/2","1/2","1/1","2/2","2/1","2/1","1/2","2/2","1/1","2/2","1/2","1/2","1/2","2/4","2/2","1/2","2/1","1/2","2/2","1/1","1/1","1/2","1/1","2/1","2/2","2/1","1/1","1/2","1/1","1/2","2/2","1/2","2/1","2/2","1/2","1/1","2/2","2/2","2/4","1/2","1/1","2/1","1/2","1/2","1/2","2/2","1/2","2/1","2/2","2/1","1/2","2/1","2/1","1/1","2/2","2/1","2/2","2/2","2/2","2/1","2/1","1/1","1/2","2/2","1/2","2/1","2/2","1/2","2/2","2/1","1/2","2/1","1/1","1/2","1/1","2/2","2/2","2/2","2/1","2/1","1/2","2/1","2/1","2/1","2/2","1/1","1/2","2/2","2/2","2/2","1/2","1/1","2/1","2/1","2/1","1/1","2/2","2/1","2/2","1/1","2/1","2/2","2/1","2/1","2/2","2/2","1/1","2/1","1/2","2/1","1/2","1/1","1/2","1/1","1/1","2/2","4/3","1/1","2/2","1/2","2/1","2/2","1/2","2/2","1/4","2/1","2/1","2/2","2/2","2/1","1/1","2/1","2/1","2/2","2/2","2/1","1/2","2/1","2/1","1/1","2/2","2/1","2/2","2/1","2/1","2/2","2/1","2/1","2/1","1/2","2/1","1/1","2/1","2/2","1/1","2/2","1/1","1/1","1/1","2/2","1/2","1/2","1/2","1/1","1/1","2/1","2/1","1/1","2/1","2/2","1/2","2/1","1/2","2/1","1/1","1/2","2/1","1/2","2/1","2/1","2/1","2/1","1/2","2/2","1/1","2/2","1/1","1/2","1/2","1/2","2/1","2/2","1/2","1/1","1/2","2/1","1/1","2/2","2/1","1/1","2/2","2/2","2/2","2/2","2/2","1/1","2/2","2/2","2/2","2/1","2/1","1/2","2/1","1/2","1/2","1/2","1/1","2/1","1/2","2/2","1/1","1/1","1/2","1/1","2/2","1/1"
"IND0103","2/1","2/2","1/1","1/2","1/2","2/1","1/1","2/1","2/1","1/2","2/2","1/2","1/2","2/1","1/1","1/1","2/2","2/2","2/1","2/1","2/2","1/2","2/1","1/2","1/1","2/1","1/1","1/1","1/2","2/2","1/2","1/2","1/1","2/1","2/2","2/2","2/1","2/2","1/2","2/2","2/2","1/2","1/2","2/2","1/2","2/1","2/2","2/1","1/2","1/2","2/2","2/2","1/2","1/2","1/1","1/1","2/1","1/2","1/1","1/1","1/1","1/2","2/1","1/1","1/2","1/1","2/2","2/2","2/1","2/1","1/2","2/1","2/2","2/1","2/1","1/2","1/1","1/1","2/1","2/2","1/1","1/2","1/1","2/1","2/1","2/2","1/1","2/1","1/1","1/1","1/1","2/1","2/2","2/1","1/1","2/2","1/2","2/1","1/2","1/2","1/2","2/2","2/1","2/1","1/2","2/2","2/2","1/2","1/1","1/2","1/2","2/1","1/1","2/1","2/1","1/1","2/2","2/2","1/1","1/1","1/1","2/2","2/1","1/1","2/2","1/2","2/1","1/2","1/2","1/2","2/1","1/2","2/1","2/1","1/2","2/1","1/1","1/2","1/1","1/1","2/1","2/1","2/1","1/1","2/1","1/1","2/2","2/1","1/1","2/2","1/2","1/2","1/1","1/2","1/2","2/2","2/1","1/1","2/1","1/1","1/2","1/1","1/2","2/1","2/1","2/2","2/2","1/2","2/2","1/1","2/1","2/2","2/2","1/1","2/2","2/2","1/2","2/1","2/1","2/1","1/1","2/2","2/1","1/2","2/2","1/2","2/2","2/1","1/2","2/2","2/2","1/1","2/1","2/2","2/1","1/2","1/1","2/1","2/1","3/3","1/2","2/1","1/1","2/2","2/2","2/1","2/2","2/1","1/2","1/2","2/1","1/1","1/2","1/1","2/1","1/1","1/2","1/1","1/1","1/1","1/1","2/2","2/2","1/2","1/2","2/2","2/1","1/1","2/1","2/1","2/1","2/1","1/1","1/1","1/2","2/2","1/1","2/1","1/1","2/1","2/1","2/2","1/2","1/1","2/2","2/1","1/1","1/1","1/2","1/2","1/2","2/1","2/2","2/2","1/2","2/2","1/2","1/1","2/2","1/1","1/2","1/1","2/1","1/1","1/1","1/2","2/2","2/2","1/2","2/2","1/2","2/1","1/2","2/1","2/1","1/1","1/1","2/2","3/4","2/1","2/1","1/2","1/2","2/1","2/1","2/2","1/2","1/2","1/1","1/1","1/1","2/1","1/1","1/1","2/2","1/2","1/2","1/1","2/1","2/2","1/2","2/1","2/2","3/1","1/1","1/1","1/2","2/2","2/1","1/2","2/2","1/2","1/1","1/1","1/1","2/2","1/4","2/1","2/1","1/2","1/2","2/2","1/2","2/2","2/2","1/1","2/2","1/2","2/2","1/1","1/1","1/2","2/2","1/1","1/1","1/2","1/1","1/1","2/2","2/2","2/1","1/2","2/2","2/1","1/1","1/1","1/2","1/2","2/1","1/1","2/2","2/2","1/1","1/2","2/2","2/2","2/1","2/2","1/1","1/1","2/1","1/2","2/1","1/2","2/2","1/1","2/1","2/2","1/1","1/1","1/2","2/2","2/1","1/1","1/1","2/2","2/2","1/2","2/2","1/1","1/1","4/3","2/2","1/2","2/1","1/1","2/1","1/2","1/2","1/1","1/2","1/1","1/2","2/1","2/2","2/2","2/2","1/1","2/2","1/2","1/2","1/2","2/2","1/1","1/1","2/1","1/1","1/2","1/2","1/2","2/2","2/2","2/2","1/1","1/2","2/1","1/2","2/1","1/1","1/1","2/2","1/1","2/2","1/1","2/1","2/1","2/1","1/1","1/1","2/1","2/2","1/2","2/1","2/1","2/1","1/1","2/2","1/1","2/2","2/1","2/2","2/1","2/2","1/2","2/2","1/2","2/2","2/2","2/1","2/1","2/2","2/2","1/1","1/2","1/1","1/1","1/1","1/2","2/2","2/1","2/1","1/2","2/1","1/1","1/1","2/1","1/2","2/2","2/2","1/2","2/1","2/2","1/2","1/2","1/2","1/1","1/2","2/1","2/1","1/2","2/2","2/1","1/2","1/1","2/1","1/1","2/2","1/2","1/2","1/1","1/2"
"IND0104","1/2","1/1","1/1","2/1","2/1","2/2","1/1","2/1","2/2","1/2","1/1","2/1","1/1","2/2","1/2","2/2","2/1","2/1","1/1","1/1","2/2","2/2","2/1","2/1","2/1","1/1","2/1","1/1","2/1","2/1","2/1","1/2","1/2","2/2","2/2","2/1","2/1","2/1","1/2","1/2","1/1","2/2","2/2","2/1","2/1","1/1","1/2","1/2","1/2","1/2","2/2","2/2","1/2","2/1","2/2","2/2","1/2","1/2","1/2","2/1","1/1","2/2","2/2","1/2","1/2","2/1","2/1","2/1","1/1","1/2","2/1","2/1","1/2","1/1","2/2","1/2","2/1","2/1","2/2","2/1","1/1","1/1","2/2","2/1","1/1","1/1","1/1","2/2","2/1","2/1","2/1","1/1","2/1","2/1","2/1","1/1","2/1","1/1","2/2","2/1","2/2","1/2","1/2","1/2","2/1","2/1","1/2","1/2","1/1","2/1","1/1","1/2","1/1","1/2","2/2","2/1","1/1","1/1","1/2","1/2","1/2","1/2","2/2","2/2","2/2","2/2","4/3","2/1","2/1","2/2","1/1","2/2","2/2","2/2","2/1","2/1","1/2","1/2","2/1","2/2","2/2","2/1","2/2","1/1","2/1","1/2","1/1","1/2","2/1","2/2","1/1","2/1","2/2","2/2","1/2","1/1","1/2","2/2","2/2","1/2","2/1","1/1","1/1","2/1","2/2","1/1","1/1","1/1","1/1","1/1","2/1","1/1","1/1","2/1","1/2","1/1","2/1","2/1","1/2","1/1","1/2","2/1","2/1","2/2","1/1","1/1","2/2","2/2","1/1","2/1","2/2","2/2","2/1","1/2","2/2","2/1","1/1","2/2","2/2","1/4","2/2","2/2","1/2","2/2","3/1","2/1","2/2","2/1","2/2","2/2","1/2","2/1","1/1","2/2","2/1","2/2","2/1","2/1","2/2","1/2","2/1","1/2","1/1","2/2","1/2","2/1","2/2","2/1","2/1","1/1","2/2","1/2","2/1","2/2","2/1","2/1","2/2","1/1","2/2","1/1","2/1","1/1","1/1","2/2","1/2","1/2","2/1","1/1","1/2","2/1","1/1","2/2","1/1","2/2","1/1","1/1","1/2","1/1","2/2","2/2","2/2","1/2","1/2","1/2","2/2","1/1","1/2","1/2","1/1","2/2","1/2","2/1","1/1","2/1","2/2","2/1","1/1","2/2","4/2","1/2","1/1","1/1","2/2","1/2","1/1","2/2","2/2","1/1","2/2","1/2","1/2","2/1","2/2","2/2","2/2","1/1","1/1","2/1","1/1","1/1","2/1","2/2","2/2","4/2","1/1","2/2","1/1","2/2","1/1","1/1","2/1","1/2","2/2","2/3","2/2","2/2","2/3","2/1","1/2","1/2","1/1","1/2","1/2","2/2","2/1","2/1","1/2","2/2","2/2","1/1","2/2","1/1","2/1","2/2","1/1","2/1","1/2","1/1","2/1","1/2","2/1","2/2","2/1","2/1","1/1","2/2","2/1","2/2","2/1","2/2","2/1","1/1","1/2","1/2","1/2","2/2","1/1","2/1","2/1","2/2","1/1","2/1","2/2","1/1","2/2","1/1","2/1","1/2","2/2","1/2","2/1","1/2","2/1","1/2","1/1","2/1","1/2","1/1","2/2","2/2","2/2","4/4","2/2","2/1","1/1","1/2","2/1","2/2","2/2","1/2","1/2","1/2","1/1","2/1","1/2","1/1","2/1","2/1","2/2","1/2","1/2","2/2","2/2","1/1","1/2","2/1","2/1","1/2","2/1","2/2","2/1","2/2","2/2","1/1","1/2","2/1","1/2","1/2","2/1","2/2","2/1","1/1","1/2","1/2","1/2","2/2","2/1","1/2","1/1","1/2","2/2","1/2","2/1","1/1","2/1","2/1","1/2","2/2","1/2","2/1","1/2","1/1","1/2","1/2","1/2","1/1","1/1","1/1","2/2","2/2","2/2","1/1","1/2","2/1","2/1","1/1","1/1","2/2","2/2","1/2","1/1","1/2","1/1","1/1","1/2","1/2","1/2","1/2","2/1","2/1","2/1","2/1","2/1","2/1","1/2","1/1","1/1","2/1","2/1","1/2","2/2","1/2","2/1","2/1","1/1","2/2","2/1","1/1","1/2","1/1","1/1"
"IND0105","2/1","2/2","2/1","1/1","1/2","1/1","2/1","2/1","1/2","1/1","1/2","2/1","2/2","2/1","1/1","2/1","2/1","1/2","1/2","2/2","2/1","1/2","1/1","2/1","2/1","1/2","2/1","2/1","2/2","2/1","2/2","1/1","1/1","1/2","1/1","1/2","2/1","2/2","2/1","1/1","1/2","1/2","1/1","2/2","1/2","1/1","2/1","2/2","1/1","2/1","1/2","2/2","1/2","1/2","1/1","1/2","2/1","1/1","2/1","1/1","2/2","1/1","2/2","1/2","2/1","2/2","1/1","2/1","1/1","1/1","2/2","2/1","1/2","1/1","1/2","1/2","2/2","1/2","2/1","1/2","1/2","1/2","2/2","1/1","2/2","1/2","1/1","1/1","1/1","2/1","2/1","2/2","1/2","2/2","2/1","2/1","1/1","2/1","2/2","2/2","1/1","1/2","2/2","2/2","2/2","2/2","2/1","1/2","2/2","2/2","2/2","1/1","2/2","2/2","1/1","1/2","1/1","2/2","1/1","1/1","1/1","2/1","1/1","1/2","2/1","1/1","1/2","2/1","2/1","2/1","2/2","1/2","1/2","1/2","2/1","2/1","2/2","1/1","1/1","1/2","2/1","1/2","1/1","1/2","1/1","2/2","2/1","1/2","2/1","2/2","2/1","2/1","1/2","2/2","1/1","2/1","1/2","2/1","2/1","1/1","1/1","1/1","1/1","2/2","2/2","1/2","2/1","1/2","1/1","2/1","1/2","1/1","1/2","1/2","1/2","2/1","1/1","1/1","2/2","1/1","2/1","2/2","1/2","1/2","1/1","1/2","2/1","1/1","2/2","1/1","1/2","2/1","1/1","2/1","2/1","1/1","2/1","2/1","1/2","2/2","1/2","1/1","1/1","2/1","2/2","1/2","2/2","2/2","1/2","1/2","1/1","2/2","1/1","2/2","2/1","2/2","1/1","2/1","2/2","1/2","1/1","1/1","1/1","2/2","1/1","2/2","1/2","1/2","1/1","1/2","1/1","2/1","2/1","1/1","1/1","1/1","1/1","1/2","1/1","1/2","2/1","1/2","2/1","1/2","1/2","2/2","1/2","1/2","1/2","1/1","2/2","2/2","2/1","2/1","2/2","2/2","2/1","1/1","1/1","1/2","2/1","1/1","2/1","1/2","2/2","1/1","1/1","2/2","2/1","1/1","1/1","1/1","1/1","2/1","2/1","2/2","1/2","1/2","2/2","2/2","1/1","1/2","2/2","1/1","1/2","2/1","1/1","2/2","2/2","1/1","1/1","1/2","1/1","1/2","2/1","2/1","2/1","2/2","2/2","2/1","1/2","2/1","1/2","4/4","2/1","1/1","1/2","2/2","2/1","1/2","1/1","2/1","1/2","4/4","2/2","1/1","3/3","2/2","1/2","2/2","1/2","1/1","1/1","1/2","1/1","2/2","1/1","1/2","1/1","1/1","1/1","1/1","2/1","1/1","1/1","2/2","1/1","2/2","1/1","1/2","2/2","1/1","1/1","2/1","2/1","2/1","1/1","2/2","1/2","1/1","1/1","1/2","1/2","1/1","2/2","1/1","2/2","2/2","2/1","2/1","2/1","2/2","1/2","2/2","2/2","2/1","2/1","2/1","2/1","1/1","2/1","2/2","2/1","1/2","1/2","1/1","1/2","2/2","2/1","2/1","1/1","1/1","2/2","2/2","1/2","2/2","1/2","1/2","2/2","1/4","1/2","1/1","1/1","1/1","1/2","2/2","2/1","1/1","1/1","2/1","1/1","1/2","1/2","1/2","2/2","2/1","1/1","2/1","1/1","2/1","1/2","2/2","2/2","2/1","2/2","1/1","2/1","2/1","1/2","1/2","1/1","1/2","2/1","1/2","2/1","1/1","2/2","1/2","1/2","1/2","2/1","2/1","2/1","1/2","2/1","1/1","2/2","1/1","2/1","2/1","1/2","2/1","1/2","2/1","2/1","1/1","1/1","2/2","2/2","2/1","2/2","1/2","1/1","1/1","2/2","2/2","2/2","1/1","2/1","2/1","2/2","2/1","2/2","2/2","2/1","2/1","2/1","2/2","2/1","1/2","1/2","1/1","1/1","2/1","2/2","1/2","2/1","1/2","2/1","1/2","2/1","2/2","1/2","2/2","2/2","2/1","2/1","2/1","2/2","2/2","1/1"
"IND0106","2/2","2/1","1/2","1/1","1/2","1/2","1/1","1/1","1/2","2/2","2/2","2/2","2/1","1/1","2/1","1/2","1/1","1/1","1/2","2/1","1/2","2/1","1/1","2/2","1/2","2/1","2/1","2/2","1/1","2/2","1/1","2/1","2/2","1/2","1/2","1/1","2/2","1/2","1/1","2/2","2/2","2/2","1/2","1/2","2/2","1/1","2/1","1/2","2/1","1/2","2/1","1/2","2/1","2/1","1/1","1/2","1/2","2/1","2/2","1/1","2/1","1/1","2/1","1/1","1/2","2/2","1/2","1/2","1/2","2/2","1/2","1/2","2/2","2/1","2/1","1/2","2/2","1/1","1/1","1/2","2/2","2/1","1/1","2/2","1/1","2/1","2/2","1/2","2/1","2/2","2/1","1/1","1/1","2/2","1/1","2/1","1/1","1/1","1/1","1/1","2/2","1/1","2/2","2/2","1/1","1/2","2/1","1/1","2/2","1/2","1/1","1/1","2/1","1/2","2/1","1/2","1/1","2/2","1/1","1/1","2/2","2/1","1/2","1/1","2/2","1/1","1/2","1/1","1/2","2/1","2/2","2/2","2/1","2/1","2/1","2/1","1/2","1/1","1/1","2/1","2/1","1/2","2/1","2/2","1/1","1/1","2/1","1/2","1/1","2/1","2/1","1/2","2/2","1/1","2/2","2/2","1/1","2/1","2/2","1/1","2/2","2/2","1/1","2/1","1/2","2/2","2/2","1/1","1/1","2/2","2/2","2/1","1/2","2/2","2/1","2/1","2/2","1/2","2/1","1/2","2/1","2/2","2/2","2/1","2/1","1/2","2/1","1/2","1/2","1/1","2/1","1/2","1/2","1/1","2/2","2/1","2/2","2/2","2/1","2/4","1/1","1/1","2/1","2/1","4/1","1/1","1/1","1/2","2/2","1/1","1/2","2/2","1/2","2/1","2/1","2/2","1/2","2/2","2/2","2/1","2/1","2/2","2/2","2/1","2/1","2/1","2/2","1/2","1/1","1/2","2/2","2/2","2/1","1/2","2/1","1/1","2/1","1/2","1/2","1/1","2/1","1/1","2/1","1/2","2/1","1/2","2/2","1/2","1/2","1/1","1/1","1/2","2/1","1/2","1/1","2/1","1/1","2/2","1/2","2/1","1/2","1/1","2/1","2/1","1/1","1/2","1/1","1/1","1/2","2/1","2/2","2/1","1/1","2/2","2/1","1/1","1/2","1/2","2/1","2/2","1/1","1/1","1/2","2/1","1/2","2/1","1/2","2/2","1/2","1/2","1/1","1/1","2/2","1/2","1/2","1/1","1/2","1/1","1/2","2/2","2/2","2/2","2/2","3/2","1/1","2/2","1/2","2/1","1/2","2/1","2/2","1/1","1/2","3/3","1/2","1/1","4/4","1/2","2/1","1/2","2/1","1/1","1/2","1/1","2/1","2/1","2/2","1/2","2/2","1/2","1/2","2/1","1/1","2/1","1/2","1/1","2/2","2/2","2/1","1/1","1/1","1/2","1/1","2/2","2/1","1/1","2/1","2/2","2/2","2/2","2/2","1/2","1/2","2/1","2/2","2/2","2/2","2/1","2/2","1/2","1/1","1/1","1/1","2/1","1/1","1/2","2/2","1/2","2/1","2/2","1/1","2/1","1/1","2/1","2/2","1/1","1/1","2/2","2/2","1/2","2/1","3/1","2/2","1/1","2/1","2/1","2/1","1/1","2/1","1/3","1/2","1/2","1/1","2/2","1/2","1/2","1/2","2/2","1/2","2/1","1/2","1/1","2/1","1/2","1/2","1/1","1/1","2/1","2/2","1/2","2/2","2/2","2/1","1/1","1/2","1/2","2/1","2/2","1/2","1/2","1/2","2/1","2/2","1/2","2/2","1/1","1/1","1/2","2/2","1/2","2/2","2/1","1/1","1/1","1/2","1/1","2/2","2/1","2/1","2/2","2/2","1/2","1/2","2/1","1/1","1/1","1/2","1/2","1/2","1/2","2/1","1/1","2/2","1/1","1/2","1/2","1/1","1/1","2/1","2/1","2/1","1/2","2/2","1/1","1/1","1/2","1/1","1/2","2/2","1/1","2/2","2/2","1/1","2/1","1/2","2/2","1/2","2/2","1/2","1/2","1/1","2/1","2/2","1/2","2/2","1/1","2/2","1/1","1/2","2/1","1/2"
"IND0107","1/2","1/1","2/2","1/1","1/1","1/1","2/2","2/1","2/1","2/2","1/2","2/2","1/1","1/1","2/1","1/1","1/2","1/2","2/2","2/2","2/2","1/1","2/1","2/2","2/2","2/1","1/1","2/1","1/2","1/1","1/2","1/1","1/1","1/2","2/1","1/2","2/1","1/1","2/2","1/2","1/1","1/1","1/2","1/2","2/1","2/2","1/1","2/1","1/2","1/1","2/2","1/2","1/1","1/1","2/2","1/1","2/2","2/1","2/1","1/1","2/2","2/1","2/2","2/1","1/1","1/1","1/1","1/2","1/2","1/1","1/2","1/1","2/1","1/2","1/2","1/1","2/2","1/2","2/1","1/1","1/2","1/2","1/1","1/2","1/1","1/2","1/1","2/2","2/2","2/1","2/1","1/1","1/1","2/2","2/2","2/2","2/1","2/1","2/1","2/2","2/2","2/1","1/1","2/2","1/2","2/1","2/2","1/1","2/1","1/2","2/2","2/2","2/2","2/2","2/1","2/1","2/1","1/2","2/1","1/1","1/2","2/2","2/1","2/1","2/1","2/1","2/4","1/1","2/2","1/1","2/2","1/2","1/1","1/1","1/1","2/1","1/2","2/1","2/1","2/2","2/2","2/2","1/2","2/2","2/1","2/1","1/1","1/2","1/2","2/1","1/2","2/1","1/1","1/1","2/2","2/2","2/1","1/2","1/1","1/1","2/1","2/1","2/2","2/1","2/2","2/1","1/2","1/1","1/1","2/1","2/2","1/2","2/1","2/2","2/1","1/2","2/2","2/1","2/1","1/2","1/2","2/1","2/1","1/2","2/1","1/2","2/1","1/1","1/1","2/2","2/1","2/2","1/1","1/2","1/2","2/2","1/2","2/2","1/1","1/1","1/1","2/2","2/2","1/2","4/3","1/2","1/1","1/1","2/2","2/1","2/1","1/1","2/2","2/2","2/2","2/2","2/1","1/1","2/2","2/1","2/2","2/1","2/2","2/2","1/1","1/1","2/1","1/2","1/1","1/1","2/1","1/1","2/2","2/2","1/1","1/1","2/1","2/1","1/1","1/1","1/2","1/2","2/2","1/2","2/2","2/1","1/2","1/2","2/1","2/1","1/2","2/1","2/1","2/1","2/2","2/2","2/1","1/1","2/1","2/1","1/1","2/2","2/1","1/2","1/2","2/2","2/2","1/1","2/1","1/1","2/2","2/2","1/1","1/1","1/1","2/2","2/1","2/2","4/1","1/2","2/2","1/1","1/2","2/2","2/2","1/1","2/1","1/2","1/1","2/1","2/2","1/1","1/2","2/2","2/2","1/2","1/1","2/2","2/2","2/2","2/1","2/2","2/2","2/3","2/1","1/1","1/2","2/1","2/1","2/2","2/1","2/2","1/2","1/2","1/1","2/2","1/2","1/2","1/1","1/1","2/1","2/2","1/1","2/1","1/2","1/1","1/1","1/2","2/1","2/1","2/1","2/1","2/2","2/2","1/2","2/2","2/2","2/1","1/2","1/2","2/2","1/1","2/2","2/1","2/1","1/2","2/1","1/2","1/1","1/2","1/1","2/2","2/1","1/1","1/1","1/2","1/2","1/1","2/2","1/2","2/2","2/1","1/2","1/1","2/1","2/1","2/2","2/2","2/1","1/2","2/2","2/1","1/2","2/1","2/1","1/2","1/1","1/1","2/2","2/1","1/1","1/3","1/1","2/1","1/2","2/2","1/1","2/2","1/1","2/3","2/2","1/1","1/2","2/2","1/1","2/2","1/1","2/2","1/1","2/2","2/2","1/2","2/1","1/2","1/2","1/1","2/1","2/1","1/1","1/2","1/2","1/1","2/1","1/1","2/1","2/2","1/1","1/1","2/2","2/1","2/1","1/1","2/1","2/1","1/2","1/1","1/1","1/2","1/2","2/2","1/2","2/2","2/2","2/1","2/2","1/2","1/1","2/1","2/1","1/2","1/2","1/2","1/2","1/2","2/1","1/2","2/1","1/2","1/1","1/2","1/1","1/1","2/2","2/2","2/1","1/2","1/1","1/1","2/1","1/2","1/2","1/2","2/2","1/1","2/1","1/2","1/1","1/1","1/2","2/2","2/1","2/2","1/1","1/2","1/1","2/1","2/2","2/1","2/1","1/2","1/1","2/2","1/1","2/1","1/2","2/1","2/1","1/2","1/2","1/1","1/2"
"IND0108","1/1","2/2","2/2","1/2","2/1","1/2","2/1","2/1","1/2","1/1","1/1","1/2","2/2","2/2","2/2","1/2","1/2","2/1","2/1","2/1","2/2","2/1","2/2","2/1","2/2","1/2","1/2","2/2","1/1","1/1","1/2","2/2","2/2","1/2","2/1","1/1","1/2","2/2","2/2","2/2","2/1","1/2","2/2","2/1","1/2","2/2","2/2","1/1","2/1","2/2","1/1","1/2","2/1","2/2","2/2","2/2","2/2","2/1","1/1","1/1","1/1","2/1","2/1","1/1","2/2","1/2","2/1","1/1","2/1","2/1","2/1","1/1","2/2","2/2","2/1","1/2","1/2","2/2","1/1","2/2","2/1","1/2","2/1","2/2","2/2","2/1","1/1","2/1","1/1","1/1","1/1","1/2","1/2","1/1","1/1","2/1","1/2","2/1","2/1","2/1","2/2","1/1","2/1","2/1","1/2","2/1","1/1","2/1","2/2","1/1","2/2","2/2","1/1","2/1","1/1","1/2","1/2","1/2","1/2","1/1","1/1","1/2","1/1","1/1","1/1","2/1","4/3","1/1","2/1","1/1","2/1","1/1","2/1","2/2","1/2","1/2","2/2","1/1","1/1","1/2","1/1","1/2","1/2","2/1","2/1","1/1","1/2","1/2","1/1","1/1","2/1","1/2","2/2","2/2","1/1","2/2","1/1","2/1","1/2","2/2","1/2","1/2","2/1","1/1","2/2","2/2","2/1","1/2","2/2","1/2","2/1","1/2","1/1","2/1","1/1","2/2","2/1","1/1","1/1","1/2","1/1","1/1","1/1","1/2","2/1","2/2","2/2","2/2","2/1","1/2","2/1","2/1","1/2","2/2","1/2","2/2","2/2","2/2","2/2","2/3","1/2","2/1","2/2","2/1","4/1","2/2","1/1","1/1","2/2","1/2","1/2","1/1","2/1","2/1","1/1","1/2","2/2","2/1","2/1","2/2","2/1","2/2","2/1","2/1","1/2","2/1","1/2","1/1","1/2","1/2","1/2","1/1","1/2","2/1","1/2","1/1","2/1","2/2","1/1","1/1","2/1","1/2","1/2","1/1","2/2","2/1","2/2","2/2","1/2","1/1","1/1","1/1","1/1","2/2","1/1","1/2","1/1","1/1","1/1","1/2","2/2","2/2","2/2","1/2","1/1","2/1","1/2","2/1","2/2","1/2","1/2","1/1","2/2","2/1","2/2","2/2","2/1","1/2","3/4","1/1","1/1","2/1","1/2","1/1","1/2","1/1","1/1","2/1","2/2","1/1","1/1","1/2","1/1","1/1","2/1","1/1","2/1","1/1","1/1","1/2","1/2","2/2","2/2","4/3","1/1","2/1","2/2","1/2","2/1","2/1","2/2","1/2","1/1","1/1","2/2","1/2","1/3","2/2","1/2","1/2","2/1","1/1","2/1","1/1","2/1","2/1","2/2","1/1","2/1","2/2","2/1","2/1","1/1","1/1","1/1","1/2","2/2","2/2","1/1","2/2","1/1","1/1","1/1","1/2","1/1","1/2","2/2","2/2","2/2","1/2","1/1","1/1","2/2","2/2","2/2","2/1","1/2","1/1","1/2","2/1","2/2","1/2","2/1","2/2","1/2","2/2","1/2","2/1","1/2","2/2","1/1","1/1","1/1","2/1","1/1","2/1","1/2","1/2","2/1","2/2","1/1","2/4","2/2","1/1","2/1","2/1","2/2","2/2","1/1","1/2","1/1","1/2","1/1","2/2","1/2","1/1","2/1","1/2","2/2","2/1","1/2","1/1","2/1","1/1","1/2","2/1","2/2","2/2","2/2","1/1","2/1","2/2","2/1","1/1","2/1","1/1","1/2","2/1","1/2","2/1","2/2","1/2","1/1","1/2","2/2","2/1","1/2","2/2","1/1","1/2","1/1","2/1","1/2","1/2","2/1","2/2","2/2","2/2","1/1","2/1","2/1","2/2","2/2","2/2","2/2","1/1","2/2","1/1","2/1","2/2","2/2","1/2","2/1","2/1","2/2","2/2","1/2","1/1","1/2","2/2","2/1","1/1","1/2","1/2","2/2","2/1","2/1","1/2","1/1","2/2","2/2","2/1","1/1","1/2","1/2","1/2","1/2","1/2","1/1","1/2","2/1","1/2","2/2","2/1","1/1","1/1","2/2","2/1","2/2","2/1","2/1"
"IND0109","1/1","2/2","2/2","2/2","2/2","1/2","2/1","1/2","1/2","1/2","1/1","2/1","2/1","2/1","1/2","2/2","2/2","2/1","1/1","2/2","2/2","1/1","2/1","2/2","1/2","1/2","2/2","2/1","1/2","1/1","1/1","1/2","2/2","2/1","2/2","2/1","2/1","2/1","1/1","1/1","1/1","2/1","2/1","1/2","2/2","2/2","1/1","2/2","2/2","2/1","2/2","1/2","1/2","1/1","1/2","1/1","1/2","1/1","2/2","1/1","2/1","1/1","1/1","2/2","1/1","2/1","2/1","2/2","2/2","1/2","2/2","1/2","2/2","1/2","1/1","1/1","1/2","2/1","2/2","2/1","1/1","2/1","1/1","1/2","1/1","2/2","2/2","1/2","2/2","1/2","2/1","1/1","2/2","1/1","2/2","2/2","1/2","2/1","2/1","2/2","2/1","2/1","2/1","2/1","1/2","2/1","2/2","2/2","2/2","1/1","2/2","2/1","2/1","2/1","2/2","1/2","2/1","1/2","2/2","2/1","2/2","2/1","1/1","2/1","1/1","2/1","4/1","1/2","1/2","2/2","2/1","2/1","1/2","1/2","2/2","1/1","2/1","2/2","2/1","2/1","1/2","1/2","2/1","1/1","2/2","2/2","1/1","2/1","1/1","1/1","1/1","2/1","1/2","2/1","1/1","2/2","2/1","1/2","2/1","2/2","1/2","1/2","2/1","2/2","2/2","1/1","2/2","2/2","1/1","2/2","1/2","2/2","2/1","2/2","1/1","1/2","2/1","1/2","1/1","2/2","2/2","1/2","2/1","1/2","2/2","1/1","2/2","1/1","1/1","1/1","1/1","2/2","1/1","1/1","2/1","2/2","2/1","2/1","2/2","2/1","1/1","2/2","2/1","1/2","3/3","1/1","2/1","2/1","1/2","2/2","2/1","1/2","1/1","1/2","2/2","2/2","2/2","2/2","1/1","1/1","2/2","1/1","1/1","1/1","2/1","2/2","2/1","1/2","1/2","1/1","1/1","1/2","2/2","1/2","2/2","2/2","1/1","2/2","2/1","1/1","2/1","2/2","2/2","1/1","2/2","2/1","1/1","2/2","1/2","2/2","2/2","1/1","2/2","2/1","1/2","2/2","2/1","2/1","1/1","2/2","2/2","1/2","2/1","2/2","2/1","1/2","2/2","1/2","1/2","2/1","1/1","2/2","1/2","2/2","1/2","2/1","2/2","2/2","1/2","1/1","2/2","1/1","2/2","2/1","2/1","1/1","1/1","1/2","1/1","2/1","1/2","2/1","1/2","1/2","2/1","1/2","1/2","2/2","1/1","2/1","1/1","2/2","1/2","4/1","2/2","2/1","1/1","2/2","1/1","2/2","1/1","2/2","2/2","4/2","2/1","1/1","4/2","2/2","1/2","2/2","2/1","1/2","2/2","1/2","1/2","2/1","1/1","1/2","1/2","1/1","2/1","1/1","2/1","1/1","1/2","1/1","1/2","1/1","2/2","1/2","1/1","2/1","1/1","2/2","2/1","2/1","2/1","1/2","2/1","1/1","1/2","2/1","1/2","2/1","2/2","1/2","1/1","1/1","2/1","2/1","1/1","1/1","2/2","1/2","2/2","2/1","2/1","2/2","2/1","2/1","2/2","1/2","1/2","2/2","1/1","1/1","2/2","2/2","1/1","1/2","2/2","4/1","2/2","1/2","1/2","1/1","1/2","1/1","1/1","3/1","2/1","1/1","2/1","1/1","2/1","1/2","2/1","2/2","1/1","1/2","2/2","2/2","1/2","2/1","1/1","2/1","2/1","1/2","2/2","2/2","2/1","2/1","2/1","1/2","1/2","2/2","2/2","2/2","1/1","2/2","1/1","2/1","1/1","1/1","2/1","1/1","2/2","2/1","2/2","1/2","1/2","1/1","1/1","2/1","1/1","2/2","1/2","2/1","2/2","2/2","1/1","1/1","2/1","2/1","1/1","2/1","1/2","1/1","2/2","2/1","1/1","1/2","2/2","2/1","2/1","2/1","1/2","1/1","2/1","1/1","1/2","1/2","1/1","1/1","2/1","1/2","2/1","1/2","2/2","2/1","1/1","2/1","2/1","1/2","2/1","2/1","2/2","2/2","2/2","1/2","2/2","2/2","2/2","1/2","1/2","1/1","1/2","2/1","2/1","2/1","1/1"
"IND0110","2/1","1/2","2/2","2/1","1/1","2/1","2/2","2/1","2/2","2/1","1/1","1/1","2/1","2/1","1/1","1/1","2/1","1/1","1/1","1/1","2/2","2/1","2/2","1/1","1/1","1/1","2/2","2/2","2/1","2/1","2/1","1/2","2/1","1/1","2/2","1/1","2/1","2/2","2/2","2/1","1/2","1/2","1/2","2/1","2/2","2/2","2/2","2/2","2/1","2/2","2/2","2/2","1/1","1/1","1/2","1/1","1/2","2/2","1/1","2/1","2/1","2/1","1/1","1/2","1/1","1/2","2/1","1/2","1/2","1/1","1/2","1/1","1/2","2/1","2/1","2/1","1/1","2/1","1/2","2/1","2/2","2/1","2/2","1/1","2/1","1/1","2/1","1/1","2/1","1/1","2/1","2/1","1/1","1/2","2/2","2/2","1/1","1/1","2/2","1/1","1/2","1/1","2/1","2/2","1/1","2/1","1/2","1/1","1/2","1/2","1/2","1/1","1/1","2/2","1/1","1/1","2/1","2/1","2/2","1/2","2/2","1/1","2/1","2/1","2/2","1/2","2/3","2/2","1/2","2/1","2/1","1/1","2/2","2/1","1/2","2/1","2/2","2/2","2/2","2/1","2/1","1/2","2/1","1/2","2/1","2/1","1/1","1/1","1/1","1/2","1/2","2/1","1/2","1/2","2/1","1/2","1/1","2/1","1/2","1/2","2/2","1/2","1/2","1/1","2/1","1/2","2/1","1/2","1/1","2/1","2/1","2/1","2/1","1/2","1/2","2/2","1/1","2/2","1/1","2/2","2/2","2/2","2/1","2/1","2/1","2/2","1/2","2/2","1/2","2/2","2/1","1/1","1/2","2/1","1/1","1/1","2/2","2/2","2/2","4/1","2/1","2/1","2/2","2/1","2/3","2/1","1/1","1/1","1/1","2/2","2/2","1/1","1/2","2/2","1/1","1/1","2/2","2/2","2/2","1/2","2/1","1/1","2/2","2/1","1/1","2/1","2/2","1/1","1/2","1/2","2/2","1/1","1/2","2/2","2/2","1/1","2/1","2/1","2/1","1/2","1/1","1/2","2/1","1/2","2/1","2/1","2/1","1/2","2/1","2/1","2/1","2/1","2/2","1/2","1/2","1/2","1/1","2/2","1/1","2/2","1/2","2/1","2/1","1/2","1/2","1/2","2/2","2/1","2/2","2/2","1/2","1/2","2/2","1/2","2/2","1/2","2/1","2/1","2/3","2/2","1/1","2/2","2/1","2/2","1/1","1/2","2/2","1/2","2/2","1/2","2/1","1/2","1/2","2/2","2/1","1/1","1/1","1/2","1/1","1/1","2/2","2/2","1/1","3/2","2/2","1/2","1/1","1/1","1/1","2/2","1/1","2/2","1/1","1/3","2/1","1/1","4/3","1/2","2/2","1/2","2/1","2/2","2/2","2/2","1/2","2/2","1/2","2/1","1/1","2/2","1/1","1/1","1/2","2/2","2/1","2/2","1/1","2/2","2/1","2/2","1/2","2/1","2/2","2/2","2/1","2/1","1/2","1/1","1/2","2/2","2/2","1/1","2/1","1/1","1/2","2/2","2/1","2/1","2/2","2/2","1/1","1/2","1/2","2/1","1/2","2/2","1/1","1/2","2/2","2/1","1/2","1/1","2/2","1/1","2/1","2/2","2/2","1/1","2/1","2/2","2/2","4/2","2/2","1/2","1/2","1/1","1/2","2/1","2/2","2/1","1/2","2/1","1/2","1/1","2/2","1/2","2/1","1/2","2/2","1/1","1/1","2/2","1/2","1/1","2/1","2/1","2/2","1/1","2/2","1/2","2/2","2/1","2/2","1/1","2/1","1/2","2/1","1/1","2/1","2/1","1/2","1/2","2/1","2/2","1/2","1/1","2/2","2/2","2/1","1/2","2/1","2/2","1/2","2/1","1/2","1/2","2/1","2/1","1/2","2/1","2/1","1/2","1/2","1/2","1/1","2/1","1/1","1/2","2/1","2/2","2/2","1/1","2/2","1/1","1/2","2/2","1/2","2/2","2/2","2/1","2/1","1/1","1/2","2/1","2/1","1/1","2/1","1/2","2/2","1/2","2/1","2/2","2/2","2/1","2/2","1/2","2/1","1/1","2/1","1/1","2/2","2/1","2/1","1/2","2/2","1/1","2/1","1/2","1/2","2/1","1/2"
"IND0111","2/2","2/2","1/2","1/2","1/1","2/1","2/2","1/2","2/2","1/1","2/2","1/1","1/2","1/1","2/1","2/1","1/2","2/1","2/2","2/1","2/1","2/2","1/1","2/2","2/2","2/2","1/1","1/1","2/2","2/1","1/2","1/1","1/1","1/1","2/2","2/2","1/1","2/1","1/1","2/2","2/2","2/2","2/1","2/2","1/1","1/2","2/2","2/2","1/1","2/1","2/1","2/2","1/1","1/1","1/2","2/1","2/1","2/1","2/1","2/2","1/2","1/1","1/1","2/2","2/2","2/2","2/1","1/1","2/1","2/1","2/2","1/1","2/1","1/1","2/2","1/2","1/2","2/1","1/2","2/2","1/2","1/2","1/1","2/1","2/1","1/2","2/2","2/2","1/1","1/2","2/1","2/1","1/1","1/2","1/2","2/1","2/2","1/2","1/2","2/2","1/2","1/2","1/1","1/2","2/2","2/2","2/2","1/1","2/2","2/2","2/2","1/1","2/1","2/2","1/1","2/2","2/2","1/2","2/2","1/1","2/2","1/2","1/2","2/1","1/2","2/2","1/3","1/1","2/1","1/2","2/2","2/2","1/1","1/1","2/2","1/2","1/1","2/2","2/1","1/2","2/1","2/2","1/1","2/1","1/1","2/1","2/1","1/1","2/1","1/1","2/2","2/1","1/2","2/1","1/1","1/2","2/1","2/1","2/1","2/1","2/2","1/1","2/2","1/1","1/2","1/2","2/1","1/2","1/1","1/1","2/1","1/2","1/2","2/1","1/2","1/2","1/2","2/1","1/2","1/1","1/1","1/2","2/1","2/2","1/2","2/1","2/1","1/2","1/2","2/2","2/1","2/2","1/1","1/2","1/1","1/1","1/1","1/2","1/1","3/4","2/2","1/1","2/2","2/1","3/3","2/2","2/2","1/1","1/1","1/1","2/2","1/1","2/1","1/1","1/2","1/2","1/1","2/1","1/1","2/1","1/2","1/1","1/1","2/2","2/2","2/2","2/2","1/1","1/1","1/2","1/1","1/1","2/1","1/2","2/1","2/2","1/2","1/1","1/2","1/1","2/2","2/1","2/1","1/1","1/2","2/1","1/2","1/2","2/1","2/1","1/2","2/2","1/1","2/2","2/1","1/1","1/2","1/1","1/1","2/2","1/1","1/2","2/2","2/2","2/2","1/1","2/1","2/1","1/1","2/2","2/2","2/1","1/1","2/2","2/1","1/2","2/2","2/2","2/2","2/2","2/1","1/2","1/1","1/2","1/1","1/1","2/2","1/2","2/2","1/2","2/2","1/2","2/1","1/1","1/1","1/1","2/1","1/2","2/1","2/2","2/1","1/2","2/1","4/4","2/1","1/1","2/1","2/2","1/2","1/1","2/2","2/1","1/2","1/4","2/1","1/2","3/2","2/1","2/1","1/1","1/2","2/1","2/1","2/1","2/1","1/1","1/1","1/2","2/2","2/1","2/1","2/1","2/1","2/2","1/1","2/2","2/2","2/2","2/1","1/1","2/2","2/1","1/2","2/1","1/2","1/2","1/1","2/1","2/1","2/1","1/2","2/2","1/2","2/1","1/2","2/1","2/1","2/1","2/1","1/2","2/1","1/2","2/2","2/2","2/2","2/1","2/2","2/2","1/1","2/2","1/2","2/1","2/2","2/1","1/2","1/1","2/1","2/2","2/1","1/2","1/2","2/3","1/2","2/1","1/1","1/2","1/2","2/1","1/2","2/4","1/1","1/2","1/1","2/1","2/2","2/1","1/1","2/2","1/1","2/1","1/2","1/1","2/2","1/1","1/2","1/1","2/1","1/1","2/1","2/1","1/1","2/1","2/1","1/2","2/2","2/2","2/2","2/2","2/1","1/2","2/1","1/1","2/1","1/2","1/1","1/2","1/1","2/2","1/1","1/1","1/1","1/2","1/1","2/2","2/2","1/1","1/1","1/1","2/2","1/1","2/1","2/2","2/1","2/2","2/1","2/1","2/1","2/2","1/2","1/1","1/1","2/1","2/1","2/2","2/1","2/1","2/2","1/2","1/1","1/1","2/2","2/2","1/2","1/2","1/1","2/2","1/2","1/1","2/1","1/2","2/2","2/1","1/2","1/1","1/1","1/1","1/2","2/2","2/1","2/1","2/2","1/2","2/1","1/2","2/1","1/2","1/2","1/2","1/1","2/1","1/2"
"IND0112","1/2","2/2","2/1","1/1","2/2","2/2","1/2","1/2","1/1","1/1","1/2","1/1","1/1","1/1","2/1","2/1","1/2","2/1","2/1","1/2","1/2","1/2","1/1","1/1","2/2","2/1","2/2","2/1","2/2","2/2","2/1","2/1","1/2","1/2","1/1","1/1","1/1","1/1","2/1","1/1","1/2","2/2","1/1","1/2","1/1","1/1","1/1","1/2","2/1","2/2","1/1","1/2","2/2","2/2","2/1","2/1","2/2","1/2","2/1","1/1","2/2","2/2","1/1","1/2","1/2","1/1","1/1","1/2","1/2","1/1","2/1","1/1","2/2","2/2","1/1","1/1","2/2","1/2","2/2","2/2","1/2","1/1","1/1","2/2","1/2","1/2","2/2","1/2","2/1","1/1","1/2","1/1","1/1","1/2","2/1","1/1","1/1","2/2","1/1","2/2","2/2","1/2","2/1","2/1","2/1","1/1","2/2","2/1","2/2","1/2","1/2","2/1","1/1","2/1","1/1","1/1","2/1","2/2","2/1","2/1","1/2","2/1","1/2","2/1","1/1","2/1","3/2","1/1","2/2","2/1","1/1","1/1","2/1","2/1","1/2","1/1","2/2","1/1","1/1","1/2","1/1","2/1","2/1","2/2","2/1","1/1","1/2","1/1","2/2","1/2","2/1","1/1","1/2","1/1","2/2","2/2","1/2","1/2","2/2","1/2","1/2","1/2","1/1","1/1","2/1","2/2","2/2","1/2","1/2","1/2","2/2","1/1","1/1","2/1","1/2","2/2","2/1","1/2","2/2","2/2","1/2","2/2","1/1","2/2","1/1","1/2","1/1","2/1","1/1","2/2","1/2","1/1","2/2","2/2","1/1","1/1","1/2","1/2","1/2","4/3","1/2","2/1","2/1","2/2","1/3","2/1","1/2","1/1","2/2","1/1","2/2","2/1","1/1","2/2","1/1","2/1","2/2","2/1","2/1","1/1","2/2","2/1","2/1","1/1","2/2","2/2","1/2","1/2","2/2","2/2","1/2","1/1","2/2","1/1","1/2","1/2","2/1","2/2","2/1","2/2","1/2","2/1","1/1","2/2","1/2","2/1","1/2","1/2","2/2","1/2","2/2","1/1","2/2","2/2","1/2","2/1","2/2","1/2","2/2","1/2","2/1","2/2","2/2","1/2","2/1","1/1","2/2","1/2","2/1","1/1","1/2","2/2","2/1","1/2","2/1","2/1","1/1","2/1","1/3","2/2","2/2","2/1","1/2","2/2","1/1","2/2","2/1","1/1","2/2","1/2","2/2","1/1","1/1","1/2","1/1","1/2","2/1","1/2","1/1","1/1","2/2","1/1","1/1","3/1","1/1","1/2","2/2","1/1","1/1","1/1","2/2","2/2","2/2","2/1","2/2","1/2","2/1","2/2","2/2","2/2","2/2","2/2","2/2","2/1","2/1","1/2","2/1","2/2","1/1","1/1","1/2","1/2","2/2","1/2","1/2","1/1","1/2","2/1","1/2","2/1","2/1","1/1","1/1","1/2","1/1","2/1","1/1","2/1","1/1","1/1","2/2","1/2","1/2","1/1","1/1","2/2","2/2","1/1","1/1","2/1","2/1","1/2","2/1","1/1","1/2","2/2","1/2","1/1","2/2","1/2","2/1","2/2","2/2","1/1","1/1","2/2","1/2","2/1","2/1","2/2","1/2","3/4","2/1","2/1","2/1","2/2","2/2","1/1","1/1","1/2","2/1","2/1","2/1","1/2","2/2","2/2","2/1","2/1","2/2","2/2","1/1","1/1","2/1","2/2","2/1","1/1","2/2","1/2","1/1","2/2","1/2","1/2","1/1","1/1","1/2","1/1","1/2","1/2","2/2","2/2","1/1","1/1","2/2","2/1","2/2","2/2","2/2","1/1","1/2","1/1","1/2","2/2","1/2","1/2","1/1","2/1","2/2","1/1","1/2","1/1","1/1","1/2","1/1","1/2","2/1","1/1","2/1","2/2","2/2","1/1","2/1","2/2","2/2","2/1","2/2","2/1","1/1","1/1","2/1","2/2","2/2","2/2","2/1","2/2","1/2","1/2","2/2","2/2","2/1","1/2","2/1","1/2","2/2","2/1","1/1","1/1","1/1","2/2","1/1","2/2","2/1","1/2","2/2","1/1","2/2","2/1","1/1","1/2","1/1","2/1","1/2"
"IND0113","2/1","2/1","1/2","2/1","1/2","2/2","2/2","1/2","2/1","2/2","2/2","1/1","2/1","1/1","1/1","1/1","1/2","2/2","2/1","1/2","1/2","1/2","2/1","1/2","1/1","1/2","1/1","1/2","1/1","2/1","2/2","2/1","1/2","1/1","1/1","2/2","1/2","2/2","1/1","2/1","2/2","1/1","1/1","2/2","2/1","1/1","1/1","1/1","2/1","2/2","2/1","1/1","1/2","2/2","2/1","2/2","2/2","2/2","1/1","2/2","2/1","2/2","2/1","2/2","1/2","1/1","2/2","2/2","2/1","1/2","2/1","2/2","1/2","1/2","2/2","2/1","2/2","2/2","1/1","2/1","1/1","1/2","1/2","1/1","1/1","1/1","2/2","1/1","1/1","2/2","2/1","1/2","2/1","1/2","2/1","2/1","2/2","1/1","1/2","2/1","2/1","2/1","1/2","1/2","2/2","1/2","2/2","2/1","2/1","2/1","2/2","2/2","1/2","1/1","2/1","2/1","1/2","2/2","1/2","2/1","1/1","1/1","2/2","1/2","1/2","2/1","2/1","1/2","1/1","1/1","2/2","2/2","1/2","2/2","1/2","2/1","1/2","1/2","2/1","1/2","2/2","1/2","2/2","1/1","2/1","2/2","1/1","2/2","2/2","2/2","1/1","2/2","2/1","2/1","1/1","1/2","2/1","1/2","1/2","1/2","2/1","2/2","1/1","1/2","2/2","1/1","2/1","1/1","1/1","2/2","1/1","2/1","1/2","2/1","2/1","1/1","2/2","2/2","2/2","2/1","1/2","2/1","1/1","1/2","1/2","2/1","2/1","1/1","2/1","1/1","2/1","2/2","2/1","2/1","1/2","2/1","1/2","2/2","2/2","3/1","2/1","1/2","1/2","2/2","1/2","1/2","2/1","2/2","1/2","2/1","1/1","1/1","2/1","1/1","1/2","1/1","2/1","1/2","2/2","1/2","2/1","2/1","1/1","1/1","2/2","2/2","1/2","2/2","1/2","2/2","1/2","1/2","2/1","2/2","1/2","1/1","2/1","2/2","1/2","2/1","2/1","2/2","2/2","2/2","2/2","1/2","1/1","2/2","2/1","1/2","2/1","1/1","2/2","2/2","1/1","1/1","1/2","1/2","2/2","2/2","1/1","1/2","2/2","1/2","2/2","1/2","2/1","1/1","1/1","1/1","2/2","2/1","2/2","1/2","2/2","2/1","2/1","2/1","2/1","2/1","1/1","2/2","2/2","2/2","1/1","1/1","2/1","1/2","2/2","2/1","1/1","1/1","1/1","1/2","1/1","2/2","1/2","2/1","2/2","1/2","1/1","2/2","2/1","4/2","1/1","2/1","1/2","1/2","2/2","2/2","2/2","1/1","2/2","1/3","2/1","1/2","2/1","1/1","2/1","2/2","2/2","2/1","2/2","2/2","2/1","2/1","1/2","1/2","1/2","2/2","2/2","2/2","1/2","2/2","2/1","1/1","1/2","2/2","1/1","2/1","2/2","2/1","2/1","2/1","2/1","2/1","1/1","2/2","1/1","1/1","2/1","1/2","1/1","1/1","1/1","1/1","2/1","2/2","1/1","1/1","2/2","2/2","2/2","2/2","2/2","2/1","2/2","2/2","2/1","1/2","2/1","1/1","2/2","2/1","2/2","1/1","1/1","2/1","1/1","2/2","1/1","2/4","1/1","1/1","2/2","2/2","2/2","1/2","2/2","3/4","1/1","2/2","2/2","1/2","2/2","1/1","2/2","2/1","1/1","1/1","1/2","1/1","2/2","1/1","1/2","1/2","2/1","2/2","1/2","1/2","1/1","2/2","1/1","1/2","1/1","1/1","1/2","1/2","1/2","1/2","1/2","2/1","2/1","2/2","1/1","1/1","2/2","2/1","1/2","2/1","2/2","1/1","2/1","2/2","1/2","1/1","1/2","2/1","1/2","1/1","1/1","1/2","2/1","2/2","2/2","2/1","2/1","1/2","1/1","2/2","2/2","2/1","2/2","2/2","2/1","1/2","1/2","1/2","1/1","2/2","1/1","2/2","2/1","1/1","2/2","2/1","2/2","1/2","1/1","2/1","1/2","2/1","2/1","1/2","1/1","1/2","2/1","2/2","1/1","2/2","2/1","2/1","2/1","2/2","1/1","2/1","2/1","1/1","2/1","2/2","1/2"
"IND0114","2/1","1/1","2/1","1/2","2/2","2/1","2/2","2/2","1/1","1/1","2/1","1/2","2/2","1/2","1/1","1/2","1/2","2/2","1/2","1/2","2/1","2/1","1/1","1/2","1/1","1/1","1/1","1/1","1/1","1/2","2/1","1/1","1/1","2/2","1/2","1/2","1/1","2/2","2/2","1/2","2/1","2/1","1/1","1/1","2/2","1/2","1/2","2/1","1/2","1/2","2/2","1/1","2/1","2/1","2/1","1/1","1/1","2/1","1/1","2/2","1/2","2/1","2/2","1/2","1/2","1/1","2/1","2/2","1/2","2/2","2/2","2/2","2/2","2/2","2/1","2/1","1/2","2/1","1/1","2/2","2/2","1/1","1/2","1/2","1/1","1/2","1/1","1/2","1/1","1/1","1/2","2/2","1/2","1/1","1/2","1/1","2/1","1/1","1/2","2/1","2/2","1/2","2/2","2/1","1/2","2/2","2/2","2/1","1/2","2/1","1/1","1/2","1/2","1/2","1/2","2/1","2/1","1/2","1/2","2/1","2/2","2/2","2/1","1/1","2/2","2/2","3/2","2/1","1/2","1/2","1/2","2/1","1/2","2/2","1/2","1/1","2/1","1/2","2/1","2/1","2/2","2/1","1/2","1/2","1/2","1/2","1/1","2/1","1/2","1/1","2/1","2/2","1/1","2/2","1/2","1/1","1/1","2/2","1/2","2/2","2/2","1/2","2/1","1/2","1/1","2/2","2/2","2/2","1/2","2/1","2/1","2/1","1/2","1/2","2/1","1/2","2/1","2/1","2/1","2/2","2/2","2/2","2/2","1/1","1/2","1/2","1/2","1/1","2/1","2/1","1/1","2/2","1/2","2/1","2/2","1/1","1/1","2/1","2/2","4/1","2/1","1/2","1/2","1/2","1/2","2/2","2/2","2/2","2/1","2/1","2/1","1/1","2/1","2/2","1/2","2/2","2/1","2/2","1/1","2/2","1/2","1/2","2/1","2/2","2/2","2/2","2/2","2/2","1/1","1/1","2/1","1/2","1/2","2/2","2/2","2/2","1/1","2/2","2/2","2/2","2/2","1/1","2/2","1/1","2/2","2/1","1/2","1/1","1/2","2/1","1/1","1/1","2/2","1/1","1/1","2/2","1/2","1/1","2/2","1/2","1/2","1/1","2/1","2/1","1/2","2/2","2/2","1/1","2/2","1/2","2/1","1/1","1/1","2/1","2/1","1/1","1/1","2/1","3/2","2/1","1/2","1/2","2/1","2/2","2/1","2/2","2/2","1/1","1/2","2/2","2/2","2/2","1/2","2/1","2/2","1/1","1/2","1/1","2/1","1/2","2/2","2/1","1/1","1/1","2/1","1/2","2/1","2/1","1/2","2/1","1/1","1/1","1/2","4/2","2/1","2/1","2/4","1/2","2/2","2/1","2/1","1/1","1/1","1/1","2/1","1/2","2/2","1/2","2/2","1/1","1/2","2/2","2/1","2/2","1/2","2/2","1/1","1/1","2/2","1/2","1/1","2/2","2/1","1/2","2/2","2/2","2/2","2/2","2/1","2/2","1/1","2/1","1/2","2/1","2/2","2/2","2/1","2/2","2/2","2/1","1/1","1/1","1/2","1/2","1/2","2/1","2/2","1/1","2/2","1/2","2/1","2/1","2/2","1/2","1/1","2/2","2/2","2/2","2/1","2/1","1/2","1/3","1/1","2/1","2/2","1/2","2/2","2/2","1/1","3/3","2/2","2/2","2/1","2/2","1/2","1/1","2/1","1/1","1/2","2/1","2/2","2/2","2/1","2/1","2/2","2/1","1/2","2/1","2/2","1/2","1/1","1/1","2/2","2/2","2/2","2/1","2/1","1/1","2/2","1/2","2/1","2/1","2/1","2/2","2/2","2/1","1/2","1/2","2/2","1/2","1/2","1/1","1/2","1/1","2/2","1/1","2/1","2/2","1/2","2/2","2/1","2/2","1/2","1/2","2/2","1/2","1/1","2/2","2/1","2/2","1/2","1/1","2/1","2/1","1/1","1/1","1/1","1/2","2/2","2/1","2/2","1/1","2/1","2/2","1/1","1/1","2/2","2/1","1/1","1/1","1/1","2/1","1/1","2/1","1/2","1/1","2/1","2/2","2/1","1/2","1/2","2/2","1/2","2/1","2/2","2/2","2/1","1/1","2/1","2/1","1/2"
"IND0115","2/1","2/1","1/2","2/2","1/2","1/1","2/1","2/2","1/1","1/2","2/1","2/2","2/1","2/2","1/1","2/1","2/1","2/2","1/2","1/2","2/2","1/1","1/1","1/1","2/2","1/1","1/1","1/2","1/1","1/1","2/2","2/2","2/1","2/1","2/1","1/1","1/2","2/2","1/1","1/2","2/2","2/1","1/1","1/1","1/1","2/2","1/1","1/2","2/2","2/2","2/2","2/2","1/1","2/2","2/1","1/2","1/1","2/1","1/1","1/1","2/1","2/1","2/2","2/2","2/1","1/1","2/1","2/2","2/1","1/1","1/2","2/1","2/1","2/2","1/1","1/2","2/1","1/1","1/2","2/2","2/1","2/1","2/1","1/1","1/2","1/1","2/1","1/2","1/2","1/2","2/1","1/1","2/1","1/2","1/2","2/2","2/1","1/1","2/2","1/2","2/2","1/1","2/2","2/1","2/2","2/1","2/2","2/2","2/2","1/2","2/1","1/1","1/1","2/2","2/2","2/1","2/2","2/1","2/1","1/2","2/2","2/2","1/1","2/2","2/1","2/1","3/3","1/2","1/2","2/1","2/1","2/1","2/2","2/2","2/2","2/2","1/1","1/2","1/1","2/1","1/2","1/2","2/1","1/2","2/1","2/2","2/1","1/1","1/1","1/2","1/1","1/2","2/2","1/2","2/1","1/1","1/2","1/2","2/1","1/2","2/1","1/2","2/1","2/2","2/1","1/1","1/2","1/2","1/2","2/2","1/1","1/1","1/2","2/2","2/2","1/1","2/2","1/1","1/2","2/1","2/1","2/1","2/1","2/2","1/2","2/1","2/2","1/1","2/1","1/2","1/2","2/2","1/2","1/1","2/1","1/2","1/1","2/2","2/1","2/2","2/1","2/1","1/2","2/1","2/3","2/1","2/1","2/2","2/1","2/2","1/1","2/2","1/1","2/2","1/2","2/2","2/1","1/1","1/2","1/2","1/1","1/1","2/2","1/2","1/2","1/1","2/1","1/1","1/2","2/1","1/1","2/2","2/2","2/2","1/1","2/2","1/1","2/1","1/2","1/2","2/2","2/2","2/1","1/1","1/2","1/2","2/1","2/1","2/2","1/2","2/2","2/2","1/2","2/2","2/2","2/2","1/1","2/2","1/1","1/2","2/2","2/2","1/1","1/2","2/1","1/2","1/2","1/2","2/2","1/2","1/2","1/1","1/1","1/1","1/2","1/1","1/2","2/1","1/3","1/1","2/1","1/1","1/2","2/1","1/2","2/1","2/2","2/2","1/1","2/1","2/2","2/1","1/2","2/2","2/1","1/2","1/1","2/2","1/2","1/1","2/1","1/2","2/1","4/2","1/1","1/2","1/2","1/1","2/1","1/1","2/2","1/1","1/1","3/3","2/1","2/2","4/3","2/2","1/2","1/2","1/2","2/2","1/1","1/2","1/2","2/2","2/1","1/1","2/2","1/2","2/2","1/2","1/1","2/1","1/1","1/2","1/1","1/2","1/2","2/2","1/1","1/1","1/2","1/2","1/1","1/1","1/2","2/1","2/2","2/2","1/1","2/2","2/1","2/2","1/1","2/2","2/1","1/1","2/2","2/2","2/2","2/2","2/2","2/1","1/1","2/2","1/1","1/2","1/2","1/2","2/2","2/2","2/1","1/1","1/1","2/1","1/2","1/2","1/2","2/2","1/2","2/2","1/2","1/2","2/2","1/2","2/1","1/1","1/2","3/3","2/2","2/1","2/2","2/2","1/2","2/1","1/2","1/2","2/2","2/2","1/1","2/1","1/2","1/2","1/2","2/1","1/2","2/2","2/1","2/1","2/1","1/1","2/2","1/1","2/2","1/2","1/2","1/1","2/1","2/2","2/2","2/2","2/2","1/1","2/1","2/1","2/1","1/1","1/2","2/2","2/2","2/2","1/2","2/2","2/1","1/1","2/2","2/2","1/1","2/2","1/2","1/1","1/1","2/1","1/2","1/1","2/1","2/2","1/2","1/2","2/1","2/2","2/2","1/1","2/2","1/2","2/2","1/1","2/1","2/2","2/1","2/2","1/2","1/2","1/2","2/2","1/2","2/1","1/1","2/2","1/1","2/1","2/1","2/1","1/2","1/2","1/2","1/1","1/1","2/1","1/2","1/2","2/1","1/2","1/1","2/1","2/1","1/2","1/1","1/1","2/1"
"IND0116","2/1","1/1","2/1","1/1","2/1","1/2","1/1","1/1","2/1","1/2","2/1","2/2","1/1","2/2","1/1","2/1","1/2","2/1","1/2","2/2","1/2","2/2","2/2","1/2","1/1","2/2","2/1","2/1","1/1","2/2","1/1","2/1","2/1","2/1","2/2","2/1","2/2","2/1","2/2","1/2","1/1","2/1","1/1","1/2","2/2","1/2","1/1","1/1","2/1","1/1","1/1","1/2","1/1","1/2","2/1","2/1","2/1","2/2","1/1","1/2","2/2","1/2","1/1","2/2","2/2","1/1","2/2","2/2","2/2","2/2","1/1","1/2","1/2","1/2","1/1","2/2","1/2","2/2","2/1","1/1","2/1","1/2","1/2","1/2","1/2","2/2","1/2","1/1","2/2","1/1","1/1","2/2","1/2","2/2","2/1","1/1","2/1","2/2","2/1","2/1","2/2","1/1","2/2","2/2","1/1","1/2","2/2","1/1","1/1","2/1","2/1","2/1","2/2","2/2","2/2","2/1","1/2","1/2","1/1","2/1","1/1","1/2","1/1","1/1","1/1","1/2","3/3","1/2","1/1","1/2","1/2","2/1","2/1","2/2","1/2","2/1","2/2","1/2","1/2","1/1","1/1","1/2","1/2","1/2","2/1","1/2","1/1","2/1","2/1","1/1","1/2","1/1","1/1","1/1","2/2","2/1","1/1","1/1","2/2","2/2","2/1","1/2","2/2","2/1","2/1","1/1","1/1","2/1","1/2","2/1","2/1","2/2","1/2","2/1","2/2","2/1","2/2","2/2","2/2","2/1","1/1","2/2","2/1","2/1","1/1","1/1","1/2","2/2","1/2","1/1","2/1","2/2","1/1","1/1","1/1","2/2","2/2","2/1","2/2","3/2","2/1","2/2","1/1","2/1","2/1","1/2","2/2","2/1","2/1","2/1","2/1","1/2","1/1","1/1","2/1","2/1","2/1","1/1","1/2","2/1","2/1","1/2","2/1","2/2","1/2","2/1","2/2","1/2","2/2","2/2","2/2","2/1","1/2","1/1","2/1","2/2","2/2","1/1","2/2","2/2","1/1","2/1","2/2","1/2","2/1","2/1","2/2","1/2","1/1","1/1","2/2","2/1","2/2","1/1","1/1","1/1","1/2","1/1","2/2","2/2","2/1","2/1","2/2","2/1","1/2","1/1","1/1","2/1","2/2","1/1","2/1","1/2","2/2","1/2","2/1","2/1","1/1","1/1","2/1","2/1","1/1","2/1","1/1","1/2","2/2","2/1","1/1","2/2","1/2","1/1","2/1","2/1","1/1","2/2","1/1","1/2","2/2","2/1","1/1","2/1","1/2","2/2","2/2","1/4","1/1","2/1","2/1","2/1","2/1","1/2","2/1","1/2","1/1","4/1","2/2","1/2","2/4","1/2","2/1","1/1","2/2","1/2","1/1","1/1","1/1","1/2","1/1","2/1","2/2","2/2","1/2","1/2","1/1","1/2","1/1","2/2","2/1","1/1","2/2","1/2","1/2","2/2","1/2","1/2","1/1","1/1","2/1","1/2","1/2","1/1","1/2","1/1","1/2","1/2","1/2","1/1","1/2","1/2","1/2","1/2","1/2","2/1","2/1","1/2","2/1","1/1","2/1","2/1","2/2","1/2","2/1","1/2","2/2","1/1","2/1","1/1","1/2","1/2","2/1","2/1","2/1","2/1","1/2","1/2","2/2","1/1","2/2","1/1","1/2","1/2","1/2","1/2","1/2","2/1","1/1","2/1","1/2","2/1","2/2","1/2","1/2","1/1","2/2","2/2","1/2","1/2","2/2","2/2","1/2","2/1","1/1","1/2","2/2","2/2","1/2","1/1","1/2","1/1","1/1","2/1","1/1","2/1","2/1","2/1","2/1","1/2","1/1","2/1","2/1","1/2","2/2","1/1","2/1","2/1","1/2","1/2","1/2","1/2","2/2","1/2","1/2","1/1","2/1","1/1","1/1","1/1","1/1","1/1","2/2","1/1","1/1","1/2","1/1","1/1","2/1","1/2","2/2","1/2","1/2","2/2","1/1","1/1","1/2","1/1","1/2","1/2","2/1","1/2","2/1","1/2","1/2","1/1","2/2","2/1","2/2","2/2","2/2","1/2","2/2","1/2","1/2","1/1","2/2","2/2","2/1","2/1","2/2","1/2","1/2","1/2","2/2"
"IND0117","2/1","2/1","1/2","2/1","2/2","1/1","1/2","2/2","2/2","2/1","1/1","2/2","2/1","2/2","2/1","1/1","2/2","1/2","2/2","2/1","1/1","1/2","1/1","2/1","1/1","1/2","2/2","1/1","2/1","2/2","1/1","2/1","2/1","1/2","1/1","1/1","2/2","2/2","1/1","2/2","2/1","2/2","1/2","2/2","2/1","2/2","1/1","2/1","1/2","2/2","1/1","1/2","1/2","2/2","2/1","1/2","2/1","2/1","1/2","1/2","2/1","1/2","2/1","2/2","1/1","2/1","2/2","2/2","1/2","2/1","2/1","1/1","1/2","2/2","1/2","2/1","2/1","2/2","2/1","1/1","1/1","1/1","1/1","2/2","1/2","1/2","1/2","1/2","1/2","2/2","1/1","2/2","1/2","2/1","1/2","1/2","2/1","1/1","1/2","1/2","2/1","2/2","2/1","2/2","1/2","2/2","1/2","2/1","1/1","1/2","2/1","1/2","1/1","1/1","2/2","2/1","1/2","2/2","1/1","1/2","1/2","1/1","1/1","1/2","1/2","1/1","3/1","2/1","2/2","2/1","1/2","1/1","2/2","2/2","2/2","2/1","2/2","2/1","2/2","2/2","1/1","1/1","1/1","1/1","1/2","1/1","1/2","1/1","1/1","2/2","1/1","1/2","1/1","2/1","1/1","2/1","1/2","1/2","1/2","1/1","1/1","1/1","1/1","2/1","2/2","1/1","1/2","2/2","1/2","1/1","2/2","1/2","2/2","2/1","1/1","2/1","1/1","1/1","2/2","1/1","1/1","2/2","1/2","2/2","1/2","1/1","1/1","1/2","1/2","1/1","1/1","2/2","1/1","2/2","2/2","1/1","1/2","1/1","2/1","3/2","1/1","2/2","1/1","1/1","1/1","2/2","1/1","2/1","2/2","2/1","1/1","1/2","1/1","1/1","1/1","1/2","2/2","2/2","2/2","2/2","2/2","1/2","2/2","1/2","1/1","2/1","2/1","1/1","1/2","2/1","2/1","1/2","2/2","1/1","1/2","1/2","2/2","1/2","1/2","1/1","1/1","1/1","1/2","2/1","1/2","2/2","2/1","2/2","1/2","2/1","1/2","1/1","2/1","1/2","2/1","1/2","2/1","1/1","2/2","1/2","2/1","1/2","2/2","1/1","2/1","1/1","2/2","2/2","1/1","2/2","1/1","1/2","2/1","1/1","2/2","2/2","1/2","2/1","2/2","1/1","2/2","1/1","1/2","1/2","1/2","1/1","2/1","2/2","2/2","1/2","2/2","2/1","2/1","2/2","1/1","2/1","1/2","2/2","2/1","1/2","1/1","2/2","2/2","1/3","2/1","2/2","1/1","1/1","2/2","2/1","1/2","1/2","1/1","2/1","1/2","2/2","4/3","2/1","1/1","1/2","2/1","2/2","1/2","2/2","2/1","2/2","2/2","1/1","1/2","2/1","1/1","1/1","2/1","2/2","2/2","2/1","2/1","1/2","1/1","1/2","2/1","2/1","2/2","2/1","1/2","2/2","1/1","2/1","2/1","1/2","1/2","1/2","2/2","1/2","2/2","2/1","1/2","2/1","2/2","2/2","2/2","1/2","1/1","2/1","2/2","1/2","2/2","2/1","1/2","1/2","2/2","1/1","2/1","1/2","1/2","1/2","1/2","1/2","1/1","2/1","2/1","2/1","1/2","1/2","1/2","2/2","1/1","1/1","1/1","4/4","1/1","1/2","2/2","2/1","1/2","1/2","2/2","2/2","1/1","1/1","1/2","1/2","1/1","2/1","2/1","2/2","2/2","2/1","1/1","1/2","1/2","1/2","1/1","2/2","1/2","1/1","2/2","1/1","1/2","2/2","2/1","2/2","1/1","2/2","2/2","2/2","1/1","2/2","2/1","1/2","2/1","1/1","1/1","1/1","1/2","1/2","2/1","1/1","2/1","1/1","1/2","1/1","1/2","1/2","1/2","2/2","1/1","2/2","1/1","2/2","1/2","1/1","1/2","1/2","2/1","2/2","1/2","2/1","2/2","1/2","2/1","2/1","1/1","2/2","1/2","2/1","2/2","1/1","2/1","1/2","2/1","1/1","2/1","2/1","2/1","2/2","2/1","2/2","1/2","1/2","2/2","1/2","1/2","2/1","1/2","2/2","1/2","1/2","2/1","1/2","1/2"
"IND0118","1/1","2/1","1/1","2/1","2/1","2/1","2/1","2/1","1/1","1/1","1/1","1/1","1/2","1/2","2/1","2/1","1/2","1/2","2/1","1/1","1/2","1/1","2/2","1/1","1/1","1/2","1/1","1/1","2/2","1/1","1/1","1/2","2/2","1/2","1/2","2/2","1/1","2/2","1/2","2/1","1/1","2/2","2/2","1/1","1/2","1/1","2/2","2/2","1/1","1/1","2/2","1/1","2/1","2/1","1/2","2/1","1/2","2/2","1/2","1/2","2/1","1/2","1/2","1/2","1/1","2/1","2/1","1/1","2/2","2/2","1/2","2/1","1/1","1/2","1/1","2/2","1/1","1/2","1/2","1/1","1/1","2/2","1/1","2/1","1/2","1/2","2/1","1/1","1/1","1/2","2/2","2/1","2/1","1/1","1/1","2/2","1/1","2/2","1/1","1/2","1/2","1/2","2/2","1/2","1/1","2/1","2/1","2/2","2/2","2/2","1/1","1/1","2/1","2/1","2/2","1/1","1/2","2/1","2/2","2/2","1/2","2/2","2/1","1/2","1/1","1/2","4/2","1/2","1/2","2/2","2/1","1/2","2/2","1/1","1/2","1/2","2/1","1/1","1/1","2/1","1/2","1/2","2/1","1/1","2/2","2/2","1/1","2/2","1/2","1/2","2/1","2/2","2/1","1/2","2/1","1/1","2/1","2/1","2/1","1/2","2/1","1/2","1/2","1/1","1/2","2/1","2/1","1/2","2/1","1/1","1/1","1/2","2/2","2/1","1/1","1/1","1/1","2/1","2/2","1/2","2/1","1/2","2/1","2/1","1/2","1/2","1/2","2/1","1/2","1/2","2/2","1/1","1/1","1/1","1/1","2/2","1/1","2/1","2/1","1/2","2/2","2/2","1/1","1/1","4/3","2/2","2/1","2/2","2/2","2/1","1/1","2/1","2/1","2/2","2/1","2/1","1/1","2/1","2/1","2/1","2/2","1/2","2/2","2/1","2/1","1/2","1/2","2/1","1/2","2/2","1/1","2/1","1/2","2/1","2/2","1/2","1/2","1/2","2/2","2/2","1/2","1/2","2/2","2/2","1/2","1/1","2/1","2/2","1/1","2/2","2/1","2/1","2/2","1/1","1/1","1/1","1/1","2/2","1/1","1/2","1/2","2/1","1/1","2/2","2/2","2/1","2/2","1/2","2/2","2/1","1/1","1/2","1/2","1/1","1/1","2/1","2/2","1/1","2/2","2/1","1/2","1/1","1/2","2/2","1/2","1/1","1/1","2/1","1/1","1/1","2/1","1/1","2/2","2/2","1/2","2/2","2/1","1/2","1/2","2/2","1/1","1/2","1/1","3/1","2/2","1/1","1/1","2/1","1/1","2/2","1/1","2/1","2/1","3/3","1/1","2/1","2/3","1/1","1/1","1/1","1/2","2/2","2/1","1/1","1/1","2/1","2/1","2/2","1/2","2/1","1/1","2/2","1/1","2/1","2/2","2/2","1/1","1/1","1/2","2/1","2/2","2/1","1/2","1/2","2/2","2/1","2/2","1/2","2/1","2/1","1/1","1/1","1/1","2/1","1/2","1/1","1/1","2/1","1/2","1/1","1/1","1/2","2/1","1/2","1/2","1/2","2/1","1/2","1/2","2/2","2/2","1/2","1/2","1/2","2/1","2/2","2/2","2/1","2/2","2/1","2/1","3/3","1/2","1/2","1/2","2/2","1/2","1/2","2/1","3/4","2/1","1/1","1/2","2/2","1/1","1/2","2/1","2/1","1/2","2/1","2/1","2/1","1/2","1/1","1/1","1/1","2/1","2/1","1/1","1/2","2/1","1/2","2/2","2/2","2/2","2/2","1/2","2/2","2/2","2/1","1/2","2/1","1/2","2/2","1/1","2/1","1/1","2/2","2/1","2/2","2/1","1/2","1/1","2/2","1/2","1/1","2/1","1/2","2/2","1/2","1/2","2/2","1/1","2/2","2/2","2/2","2/1","2/2","2/1","1/2","1/2","2/1","1/1","1/2","1/2","1/1","2/2","1/2","1/2","1/1","2/2","2/2","2/1","2/1","1/1","2/2","1/1","2/2","1/2","1/1","1/1","1/2","1/1","2/2","2/2","2/1","2/1","1/1","2/2","2/1","1/1","2/1","2/2","2/2","2/1","1/2","2/1","2/2","2/2","2/2","1/1"
"IND0119","2/2","1/1","1/2","1/2","1/2","2/2","2/1","1/1","2/2","2/2","2/2","2/2","1/2","2/1","1/1","2/1","2/1","1/2","2/1","1/2","2/1","1/2","2/1","2/1","1/1","1/2","1/1","2/1","2/2","2/1","1/1","1/1","2/2","2/1","2/2","2/2","1/2","2/2","2/1","2/2","2/1","1/2","1/1","2/1","2/1","2/2","2/2","1/1","1/1","1/2","2/1","1/2","2/2","2/1","2/2","1/2","2/1","1/2","1/1","2/2","2/2","2/1","1/1","1/2","2/1","1/2","2/1","1/1","1/1","2/2","1/2","2/1","1/2","1/2","1/1","2/2","2/1","1/2","2/1","2/2","1/1","2/2","1/2","2/1","1/2","2/2","1/2","1/2","2/2","2/1","1/2","2/2","2/1","2/2","1/1","1/2","1/1","2/1","1/1","2/1","2/2","2/2","1/2","2/2","1/1","1/1","2/1","1/2","1/2","1/2","2/1","1/2","2/2","1/1","1/2","1/1","1/1","2/2","1/1","2/1","2/2","1/1","1/1","2/2","1/1","2/2","2/2","2/2","2/2","1/2","2/2","2/1","2/1","2/2","1/1","2/1","2/2","2/1","2/2","2/1","2/1","2/1","1/2","2/2","1/1","1/1","2/2","1/2","2/2","1/2","2/1","2/2","1/2","2/2","2/2","1/2","1/2","1/1","2/2","2/2","2/1","1/1","2/2","1/1","2/2","2/1","1/2","1/1","1/2","2/1","1/1","2/1","2/2","2/2","2/2","1/2","1/1","1/2","1/2","2/1","2/2","1/1","1/1","2/1","1/2","1/2","1/2","1/1","1/1","1/1","1/2","2/2","1/2","2/1","1/2","1/2","2/1","2/2","2/2","2/3","2/1","2/1","1/1","1/2","4/4","1/2","1/1","1/2","1/1","2/2","1/2","1/1","1/1","2/1","1/1","1/1","2/2","2/2","1/1","1/2","1/2","2/1","2/2","1/1","2/1","2/1","2/2","1/2","1/1","1/2","2/1","2/1","2/2","2/1","1/1","1/2","2/2","1/1","1/1","2/2","1/2","2/2","1/1","1/1","2/2","2/1","2/2","1/1","2/2","1/2","1/1","1/1","2/2","1/1","1/1","1/1","2/1","2/1","1/1","2/1","1/1","2/1","1/1","2/1","1/2","2/2","1/2","2/1","2/2","2/2","2/1","2/1","2/2","1/1","2/2","2/2","2/2","1/1","4/4","2/2","2/1","2/1","1/1","2/1","2/2","2/2","2/1","1/2","2/1","2/1","1/1","2/1","2/1","1/1","2/1","1/1","1/2","1/1","1/1","2/2","1/2","2/2","2/1","1/3","2/2","2/1","1/1","1/1","1/1","2/1","2/1","1/2","2/1","2/1","1/2","2/1","2/3","1/2","2/1","2/2","1/1","1/2","2/1","1/2","1/2","2/1","1/2","2/1","2/1","1/2","2/2","2/1","2/1","1/1","2/2","2/1","2/2","1/2","2/2","1/1","2/2","1/2","2/1","1/2","1/2","1/1","1/1","1/1","2/2","2/2","2/2","1/1","2/2","2/1","2/1","1/1","1/1","1/2","2/2","1/2","1/1","2/2","1/1","1/1","1/2","2/1","1/2","1/1","1/1","1/1","1/1","1/1","2/2","2/2","1/2","2/2","2/1","1/1","1/1","2/2","2/1","1/2","2/2","1/1","1/1","2/1","1/1","2/2","2/1","4/1","1/1","1/1","1/2","1/2","2/1","2/1","1/2","1/2","2/1","1/2","2/2","2/2","1/2","2/2","1/1","1/1","1/2","1/2","2/2","2/2","2/1","1/2","2/2","2/2","2/2","1/1","1/1","1/2","1/1","2/2","2/1","1/2","1/2","2/2","1/1","1/2","1/2","2/1","2/1","1/1","1/2","1/2","1/2","1/2","2/2","2/2","2/2","1/2","1/1","1/1","1/1","1/1","1/2","2/1","1/1","1/2","2/2","1/2","2/2","2/2","1/1","2/2","2/1","1/1","2/2","1/1","1/1","1/1","1/1","2/2","1/2","1/1","2/2","2/1","2/1","2/1","2/2","2/1","2/2","1/2","1/2","1/2","1/1","2/1","1/2","2/1","2/1","1/2","2/1","1/2","1/2","1/2","2/1","2/1","2/2","1/1","1/2","2/2","2/1","2/2","1/1"
"IND0120","2/1","1/1","2/1","2/1","1/2","1/2","2/2","1/2","2/1","2/1","2/2","2/1","2/1","1/1","2/2","1/2","2/2","1/1","2/1","2/2","1/2","1/1","1/2","2/2","2/2","2/1","1/2","2/1","2/1","1/2","2/2","1/1","1/1","1/1","2/2","2/2","1/1","2/1","2/2","2/1","2/1","2/1","2/1","2/2","1/1","1/2","1/2","2/1","2/2","2/2","1/1","2/2","1/2","1/2","1/1","2/2","1/1","2/2","1/2","1/2","2/1","1/1","1/1","1/2","1/1","1/1","1/2","1/1","1/1","1/1","1/1","1/2","1/1","1/2","1/1","2/1","1/2","1/2","1/1","2/2","2/1","2/1","1/1","2/1","2/2","2/1","2/1","1/2","2/2","2/1","2/2","2/2","1/1","2/2","2/2","1/1","1/2","2/1","2/2","2/1","1/2","1/1","1/1","1/1","1/1","2/1","2/1","2/2","2/1","1/1","2/2","2/2","1/2","1/2","1/2","2/1","2/1","2/2","1/2","1/2","2/2","2/2","2/1","2/2","2/2","1/1","4/2","2/2","2/1","1/1","1/1","2/2","2/1","2/2","2/1","1/2","2/1","1/1","1/2","1/1","1/2","2/1","1/1","1/2","1/2","2/1","2/2","1/1","2/1","2/1","2/1","2/2","1/1","2/2","2/2","1/1","2/2","1/2","2/1","1/1","1/2","2/2","1/2","1/1","1/2","1/1","1/2","1/1","2/1","2/2","2/2","2/2","1/1","2/2","2/1","2/1","2/2","2/1","2/1","1/1","1/1","2/2","1/2","1/1","1/2","2/1","2/2","1/1","1/1","2/2","2/2","1/1","1/1","1/1","2/2","1/1","1/2","1/1","2/1","4/4","1/1","2/1","1/1","1/1","3/4","1/2","2/1","2/1","1/2","1/1","1/1","1/2","1/1","1/2","2/1","1/1","2/2","1/2","2/2","1/1","2/2","1/2","1/2","2/2","2/2","1/1","2/2","2/1","2/1","2/2","2/1","2/1","1/1","1/2","1/1","1/1","2/2","2/2","1/2","2/2","2/1","1/2","1/2","1/2","2/1","2/1","2/1","1/2","2/2","2/2","1/2","1/2","2/2","2/1","2/1","1/2","1/1","1/2","1/1","2/2","1/1","1/1","1/1","2/2","1/2","1/1","2/1","2/1","1/2","1/1","2/2","2/1","2/2","2/1","1/1","1/1","1/1","2/2","3/2","1/2","2/2","2/2","2/2","1/2","1/2","2/2","1/2","1/2","2/1","1/2","2/1","1/2","1/2","2/2","2/1","2/1","1/1","1/1","2/2","1/2","1/2","1/2","1/2","4/4","1/1","2/1","1/2","2/2","2/2","1/1","2/2","1/2","2/2","1/4","2/2","1/2","2/2","1/1","1/2","1/1","2/1","1/1","1/1","1/2","1/2","2/2","2/1","2/1","1/2","1/1","2/2","1/2","1/2","2/1","1/2","2/1","2/2","2/2","2/2","2/2","1/1","2/1","1/1","2/1","2/2","2/1","2/2","1/2","1/2","2/2","1/1","2/1","2/1","1/1","2/2","2/1","1/2","1/1","1/2","1/1","1/1","1/1","1/1","2/2","2/1","2/2","1/2","2/1","1/2","2/2","1/2","2/1","1/1","1/1","2/2","1/2","2/1","1/2","1/2","1/1","2/2","2/1","1/1","2/1","1/2","1/2","2/2","1/2","1/2","3/2","2/2","1/1","1/2","2/1","1/1","2/1","1/2","1/1","2/1","2/2","1/2","1/2","1/1","2/1","1/2","2/2","1/2","1/2","1/1","1/1","1/1","1/1","1/2","1/2","2/1","2/2","1/1","1/1","2/1","2/1","2/1","1/1","1/2","1/2","2/1","2/2","1/2","1/2","1/1","1/2","2/2","2/1","1/1","1/1","2/1","2/2","2/2","2/2","2/2","1/1","1/1","1/2","1/2","1/1","1/1","2/1","2/1","1/2","2/2","2/2","2/1","1/2","1/2","2/1","1/1","1/2","1/2","2/1","2/2","1/2","2/2","2/1","2/1","2/2","2/1","1/2","1/2","1/2","1/1","2/1","1/2","1/1","1/1","2/2","2/2","1/1","1/1","1/1","2/2","2/2","1/1","1/1","1/1","2/1","1/2","1/1","2/2","2/1","2/1","2/2","1/1"
"IND0121","2/1","2/1","2/1","1/2","1/1","1/2","1/1","2/1","2/1","1/2","2/1","2/1","1/2","2/2","2/2","1/1","2/1","1/2","1/2","1/1","1/2","1/2","1/1","1/1","1/2","1/2","2/1","1/1","1/2","2/1","2/2","1/1","2/1","1/1","1/2","1/2","2/1","2/1","2/1","1/2","2/1","1/2","1/2","2/1","2/1","1/2","2/2","2/2","2/2","2/1","1/1","2/1","2/2","1/1","2/1","1/2","1/2","1/1","2/1","2/1","2/2","2/2","1/1","1/1","2/1","1/2","1/1","2/1","1/2","1/2","1/2","2/2","2/2","2/1","1/2","1/1","2/2","2/1","1/2","2/1","2/2","2/2","2/2","1/1","2/2","2/1","2/1","2/1","2/2","1/1","1/2","2/2","2/1","1/2","1/2","1/2","2/2","2/2","2/2","2/2","2/1","1/2","1/2","1/1","2/1","1/1","2/2","2/2","2/2","1/1","2/1","1/2","1/1","1/2","2/1","2/2","2/2","2/2","2/1","1/1","1/1","2/2","1/1","1/1","2/2","1/2","3/1","2/2","2/1","1/1","2/2","2/2","2/1","2/1","2/2","1/1","1/2","1/1","1/2","2/2","2/2","1/1","2/1","2/2","2/1","2/2","1/1","1/1","1/1","2/2","1/1","1/1","2/2","2/1","2/2","1/2","2/2","2/1","1/2","1/2","1/2","1/1","1/2","2/1","2/2","1/2","1/1","2/1","1/2","1/1","1/1","2/2","1/1","1/2","2/1","1/1","1/1","2/2","2/1","2/1","2/1","1/1","1/1","1/2","2/1","1/1","2/2","1/2","1/1","2/2","1/1","1/1","1/1","2/1","2/2","1/1","2/2","1/1","1/2","1/3","2/2","2/1","1/2","2/2","1/3","1/1","1/1","2/1","1/2","1/1","2/1","1/1","2/2","1/2","2/1","1/2","2/1","1/1","1/2","2/1","1/1","2/1","2/1","2/1","1/2","2/2","1/1","1/2","2/2","1/2","1/1","2/1","1/2","2/2","2/2","1/1","1/1","2/1","1/2","1/2","1/1","2/1","1/2","2/2","2/1","1/2","2/2","2/1","2/2","1/1","1/2","2/2","1/2","1/2","1/2","1/2","1/1","1/2","1/1","1/1","2/2","1/2","1/1","2/2","2/2","2/2","2/2","1/1","2/2","2/2","1/2","1/1","2/1","2/1","2/2","1/2","2/1","1/2","1/3","2/1","1/2","2/1","2/1","2/1","2/1","2/2","2/2","2/2","2/2","2/2","2/1","1/2","2/2","1/1","1/1","1/2","2/1","1/1","1/1","2/2","2/2","2/2","2/1","2/4","2/2","2/2","1/1","2/2","1/2","1/2","1/1","2/2","2/2","4/2","2/1","2/2","3/4","1/1","1/1","1/2","1/1","1/2","2/1","2/1","2/2","1/2","1/2","1/1","1/2","1/1","2/1","1/1","2/2","1/1","1/2","1/1","2/1","1/1","1/2","1/1","1/2","2/2","1/1","2/1","1/2","2/2","2/2","1/2","2/1","2/2","2/1","2/2","1/1","2/1","1/1","2/2","2/2","1/2","2/2","2/2","1/2","1/2","1/2","2/1","1/2","1/1","2/1","1/2","2/1","2/2","2/2","1/2","1/2","1/1","2/1","2/1","2/1","2/2","2/1","2/1","2/1","3/1","2/2","1/2","1/1","2/2","2/2","2/2","2/2","4/1","1/2","1/2","2/1","1/1","2/2","1/1","2/1","2/1","2/1","1/2","2/2","1/1","2/1","1/2","2/2","2/2","2/1","1/1","2/2","2/1","1/1","2/1","2/2","1/1","1/1","2/1","1/1","1/2","2/1","2/2","1/2","2/1","1/1","2/2","2/2","2/1","2/2","2/2","1/2","1/1","2/2","2/2","1/1","1/2","1/1","2/2","2/1","2/2","1/2","2/1","1/1","2/1","1/2","1/1","1/2","1/1","1/2","2/1","2/1","1/2","2/2","2/2","1/2","2/1","1/1","1/2","2/2","1/2","2/2","1/2","1/1","1/2","1/1","2/2","1/2","1/1","2/2","2/1","1/1","2/1","1/1","2/2","1/2","2/1","1/2","2/2","1/1","1/2","2/2","2/1","1/2","2/1","1/1","2/2","1/1","1/2","2/2","1/1","1/2","1/2","1/2"
"IND0122","2/2","1/1","1/1","1/2","2/1","2/2","1/2","2/1","2/2","2/2","1/1","1/2","2/1","1/2","1/2","2/1","2/2","1/1","2/2","1/1","2/1","2/1","1/2","2/1","2/1","2/2","1/2","1/2","1/1","2/2","2/1","1/1","1/1","2/2","2/2","2/2","1/1","1/1","2/1","2/1","2/1","1/2","1/2","2/2","1/1","1/1","1/2","1/2","1/2","1/1","2/1","2/1","2/1","1/1","1/2","1/1","2/1","1/2","1/2","1/1","1/1","2/1","2/1","1/1","1/1","1/2","1/1","1/1","1/2","2/2","1/1","2/2","1/2","2/2","2/1","1/2","1/2","2/2","2/2","2/1","1/2","2/1","1/2","2/2","2/2","1/1","1/2","2/2","1/1","1/1","1/1","2/1","1/2","1/2","1/1","1/2","1/1","2/2","2/2","1/2","1/1","1/2","2/1","2/2","2/1","1/2","2/2","1/1","2/2","2/2","1/1","1/1","2/2","2/2","2/2","1/1","2/2","2/1","2/1","1/2","1/1","1/2","1/2","1/1","1/2","2/2","4/1","1/1","1/2","2/2","2/2","1/2","2/2","1/1","2/1","2/1","1/2","1/1","1/1","2/2","1/1","2/1","2/2","1/2","2/2","1/1","2/2","2/2","1/2","2/2","1/1","2/2","1/1","2/1","2/1","2/1","1/2","1/2","2/1","1/1","2/2","2/2","1/1","2/1","1/1","1/2","1/1","2/1","2/1","2/1","2/1","1/2","2/1","2/1","1/1","2/2","1/2","1/2","2/1","1/1","2/2","1/2","1/2","1/1","2/2","2/1","2/1","1/1","1/2","2/2","2/2","1/2","1/1","1/2","1/1","2/1","1/2","2/2","2/1","2/3","2/2","2/1","1/2","2/1","4/3","1/1","1/1","2/2","1/1","1/2","1/1","1/2","1/1","2/1","1/2","1/1","2/1","2/1","2/1","2/1","2/2","1/1","1/1","2/2","2/1","2/2","1/1","1/1","1/2","1/1","2/2","2/2","2/1","1/1","1/2","2/2","2/1","1/1","2/2","1/1","1/1","2/2","2/2","1/2","2/1","2/2","1/1","1/2","1/2","1/2","2/2","1/1","2/2","1/2","2/2","2/1","2/1","1/2","1/1","2/2","2/1","1/1","2/1","2/2","2/1","1/1","1/1","2/1","1/2","2/1","2/1","2/2","2/2","2/2","1/2","2/2","2/2","1/1","1/1","1/1","2/2","1/1","2/1","1/2","2/1","2/2","2/2","2/2","1/1","1/1","1/1","1/1","2/2","1/2","2/1","1/1","1/2","1/1","1/1","1/1","2/2","1/2","1/2","2/2","1/1","2/1","1/2","2/2","2/2","2/2","2/1","2/2","2/1","4/2","1/2","1/1","1/2","1/2","1/1","2/1","2/1","1/1","2/1","1/2","1/1","1/2","1/1","2/2","2/2","1/1","1/1","2/1","2/1","1/2","1/2","2/1","2/1","1/1","1/1","2/2","2/1","2/1","2/1","2/2","2/2","1/2","2/2","1/1","2/1","2/1","2/1","2/1","1/1","1/2","2/2","1/1","1/1","2/2","2/2","2/2","2/2","2/1","1/1","1/2","1/1","2/2","2/2","2/1","2/1","1/1","2/2","2/1","2/2","2/2","2/1","2/1","2/2","2/2","2/1","2/1","2/2","3/2","2/2","2/2","1/2","2/1","2/1","2/1","2/1","2/3","1/2","1/1","2/1","1/2","1/2","1/1","1/1","1/2","2/1","1/1","1/1","2/1","2/2","2/2","2/1","2/1","2/1","2/1","1/1","2/1","2/1","1/2","2/2","2/1","2/1","1/2","1/2","2/2","1/2","2/2","1/1","1/2","1/2","2/2","2/1","1/2","2/2","1/2","1/2","1/1","1/1","2/1","2/1","1/1","1/1","1/1","1/2","1/1","1/1","2/1","1/1","2/2","1/1","1/1","2/1","2/1","2/1","2/2","2/1","2/2","1/2","2/2","1/1","1/1","2/2","2/2","2/2","2/1","2/2","1/2","1/2","1/2","2/1","2/2","1/2","2/1","1/1","1/1","1/1","1/1","2/2","1/2","1/1","2/1","1/1","1/2","2/1","2/1","2/1","2/2","1/2","1/2","1/2","1/2","2/1","2/2","1/1","1/2","2/2","2/1","2/1"
"IND0123","1/1","1/2","1/1","1/1","1/1","1/1","1/1","2/2","2/2","1/2","2/1","1/2","1/1","2/2","2/2","1/2","1/1","2/2","2/2","2/1","2/2","1/2","1/2","1/2","1/1","1/1","2/2","1/2","1/1","2/2","2/1","2/2","2/2","2/1","1/2","1/1","2/1","2/2","1/2","1/1","2/1","2/1","2/1","2/1","2/1","1/1","2/1","1/2","2/2","2/2","1/2","2/1","2/1","1/2","2/1","1/1","2/2","1/1","1/1","1/1","2/2","1/1","2/2","2/1","2/2","2/1","1/2","2/1","2/2","2/2","1/2","2/1","1/1","2/1","2/2","2/1","1/1","2/2","1/2","2/1","2/1","2/2","1/2","1/1","2/1","2/1","2/1","2/1","2/1","2/1","1/2","1/1","1/2","2/1","1/2","1/1","2/1","1/2","2/1","2/2","1/2","2/1","2/1","2/2","1/2","2/2","2/1","1/1","2/2","2/1","1/1","2/2","1/1","2/1","1/1","1/1","1/2","2/1","1/1","2/2","2/2","2/1","2/2","1/2","1/1","2/1","4/4","1/1","1/2","2/1","1/2","1/1","1/1","1/2","1/2","1/1","2/1","1/1","2/1","1/2","2/1","1/2","1/1","2/2","1/1","1/1","1/1","2/2","2/1","1/1","2/1","2/1","2/2","1/2","2/2","1/2","2/2","1/2","2/2","1/1","2/2","1/2","2/1","1/1","1/1","2/2","2/2","2/1","1/1","1/2","1/2","1/1","2/1","1/1","2/1","1/1","2/1","2/2","2/2","2/2","2/2","2/2","2/1","1/2","1/2","2/1","1/2","2/2","2/2","1/1","2/2","2/2","2/1","1/1","1/2","1/2","1/2","1/2","1/1","2/3","2/2","1/1","2/1","2/2","1/3","1/1","1/1","1/2","1/2","2/2","1/2","1/2","2/1","1/1","2/2","2/2","1/2","1/1","1/2","1/1","1/2","1/1","1/2","1/1","1/2","1/2","2/2","2/1","1/2","2/1","2/2","2/1","2/1","2/1","1/2","1/1","1/2","2/2","2/2","1/1","1/2","2/1","1/2","1/2","1/1","2/1","1/1","2/1","2/1","2/1","1/2","1/2","1/2","1/1","2/1","1/1","2/2","2/2","1/1","2/2","1/2","1/1","1/1","1/2","2/1","1/1","1/2","1/2","2/2","1/2","2/1","2/1","1/1","2/2","2/2","2/1","2/2","1/1","1/1","1/2","2/2","2/2","2/2","2/2","2/1","2/1","1/1","1/2","1/1","1/2","2/2","2/1","2/1","1/2","2/1","1/1","2/1","2/2","1/2","1/1","2/2","1/2","1/1","4/3","1/2","2/1","1/1","1/2","2/2","2/2","1/2","2/2","2/1","1/3","1/2","2/2","3/4","1/2","2/1","1/2","2/1","2/2","2/1","2/2","1/2","2/2","2/1","1/1","2/1","2/1","1/2","1/2","2/1","2/2","1/2","1/1","1/1","2/1","1/2","2/2","1/2","2/1","1/1","2/1","1/1","2/2","1/2","1/2","2/1","1/1","2/1","2/2","2/2","1/1","2/2","2/2","2/1","2/1","2/2","1/1","2/2","1/1","1/2","2/2","1/1","1/1","1/1","1/1","1/2","2/2","1/2","1/2","2/1","2/1","2/1","1/2","1/2","1/2","2/2","2/1","1/2","3/4","1/1","1/2","2/1","2/2","2/1","2/2","2/1","4/3","2/2","1/2","2/1","1/2","2/2","2/2","2/1","2/2","2/1","1/1","1/1","1/1","1/1","2/1","1/2","2/2","2/1","2/2","2/1","1/1","2/1","1/2","1/1","1/2","2/1","2/1","2/1","2/2","1/2","1/2","1/2","2/2","1/1","2/2","1/2","1/1","1/2","1/2","2/2","1/1","2/1","1/2","2/2","1/2","2/2","2/1","2/1","1/1","2/1","2/1","1/2","2/1","2/1","2/1","1/1","1/1","2/2","2/2","2/1","1/2","1/2","2/2","1/2","1/1","2/2","2/1","2/1","1/2","2/2","1/2","1/1","1/2","1/2","1/1","1/2","2/2","2/1","1/2","2/2","1/2","1/2","2/2","2/2","2/2","1/2","1/1","2/1","2/1","2/2","2/2","2/2","2/1","2/1","1/2","2/1","2/1","2/2","2/2","2/1","2/2","1/2"
"IND0124","1/1","2/2","2/2","1/1","2/2","2/1","2/1","1/2","2/1","1/2","2/1","1/1","2/2","2/1","1/1","1/2","1/1","2/1","1/2","2/1","1/1","2/1","2/2","2/2","2/2","1/1","2/1","1/2","2/2","2/1","1/2","2/1","2/2","2/1","2/2","1/2","1/1","1/2","2/2","1/2","2/1","2/2","1/1","1/1","1/2","2/1","1/2","1/1","1/2","2/1","1/1","1/2","2/2","1/2","2/1","2/1","2/2","2/2","1/2","1/2","2/2","1/2","2/1","2/1","1/1","2/1","1/1","1/2","1/1","2/1","1/2","2/2","2/2","1/1","1/1","2/1","1/2","2/1","1/2","1/1","2/1","1/1","2/2","1/2","2/2","2/2","1/1","2/2","1/2","1/2","1/2","2/1","1/1","1/2","2/1","2/1","1/2","1/2","2/1","2/1","1/2","1/2","1/2","1/2","1/2","2/2","2/1","2/2","1/2","1/1","2/2","1/1","1/2","2/1","1/2","1/1","2/1","1/1","2/2","2/1","1/2","2/2","1/1","2/2","2/1","1/1","2/2","1/2","2/1","2/2","2/2","1/1","1/1","2/2","1/1","1/2","1/2","1/2","1/2","2/2","2/2","1/2","2/1","1/1","1/2","1/2","1/1","2/2","1/1","1/1","2/2","1/2","1/1","1/2","2/1","2/1","2/1","2/1","1/1","1/1","2/1","1/2","2/2","2/1","2/1","2/1","2/2","2/2","2/2","1/1","2/2","1/1","1/1","2/1","2/1","1/1","1/1","2/2","1/2","1/1","1/1","2/1","2/1","1/2","2/1","2/2","2/1","1/1","2/1","2/1","1/2","1/1","1/2","1/2","1/2","1/2","1/2","1/1","1/1","2/2","1/1","1/1","2/1","1/2","4/4","2/2","1/2","1/2","2/1","2/2","2/1","2/2","2/2","1/2","2/1","1/2","1/2","2/1","1/2","2/1","2/1","2/2","2/1","2/2","2/1","1/2","1/1","1/2","1/1","1/2","1/2","1/2","2/2","2/1","2/1","2/2","2/1","1/1","2/2","2/2","2/1","2/1","2/1","1/1","2/1","2/1","1/2","1/2","2/2","1/1","2/2","2/1","1/1","1/2","1/2","1/2","1/1","1/1","1/2","2/2","2/1","2/2","2/2","1/2","1/1","1/2","2/1","1/2","2/1","2/1","2/1","1/2","1/2","2/2","2/1","1/2","2/1","1/1","2/1","1/1","2/2","2/1","2/2","2/1","1/2","1/2","2/1","1/1","2/1","1/2","2/2","2/1","2/1","1/2","1/1","2/2","2/1","2/2","2/2","2/2","2/1","1/2","1/1","1/4","1/1","2/2","2/1","1/1","2/1","1/1","2/1","2/1","2/2","3/1","1/2","2/2","1/3","2/2","1/2","1/2","2/1","1/1","2/2","2/1","2/2","1/2","1/1","2/1","2/2","1/2","1/1","1/2","2/1","1/2","2/1","1/2","1/1","1/1","2/2","1/2","1/2","2/2","2/2","1/2","1/1","1/1","1/2","2/2","1/2","1/2","2/2","2/2","2/2","2/2","2/2","2/2","1/2","1/1","2/2","1/2","2/2","2/1","2/2","2/2","1/1","2/2","2/1","1/1","1/2","1/1","1/2","2/1","1/1","1/2","1/1","1/2","2/1","2/1","1/2","1/1","2/2","3/4","2/2","1/1","2/1","2/2","1/2","2/2","1/1","2/2","1/1","1/2","1/2","1/1","2/1","1/1","2/2","2/2","1/2","1/1","2/1","2/1","2/1","1/1","1/1","2/2","2/1","1/1","2/2","2/1","1/1","2/1","2/2","2/2","1/1","1/1","1/2","2/2","1/2","1/2","2/1","2/2","2/2","2/2","2/2","2/2","2/1","1/2","1/2","2/2","2/2","1/1","1/1","2/2","1/1","1/1","1/1","2/1","2/2","2/2","2/1","1/1","2/1","1/2","1/2","1/1","1/2","1/1","1/2","2/2","1/1","1/2","1/1","1/2","1/2","2/2","2/2","2/2","2/1","1/1","1/2","2/2","2/1","2/1","2/1","2/2","1/2","1/2","2/1","1/1","2/1","2/2","1/1","2/1","1/2","1/1","2/2","1/1","1/1","1/1","1/1","2/2","1/2","1/1","2/1","2/1","2/1","2/1","1/1","2/2","2/2"
"IND0125","1/1","1/1","1/2","2/1","2/2","2/2","1/1","1/1","2/1","2/2","1/2","1/1","2/2","2/1","1/2","1/1","1/1","1/1","1/2","1/1","2/2","2/2","2/1","2/1","1/1","1/1","1/1","2/2","2/2","2/1","1/1","2/1","1/2","2/2","1/1","1/1","1/2","2/1","1/2","2/2","2/1","2/2","1/2","1/2","1/1","1/1","2/1","1/1","2/2","2/2","1/2","1/1","2/2","1/1","1/1","2/2","1/2","1/2","1/2","1/2","1/1","1/2","1/1","2/1","2/2","1/2","2/2","2/2","2/1","2/2","1/1","1/2","2/2","2/2","2/2","2/2","2/2","1/1","2/2","2/1","1/1","2/1","1/2","1/1","1/1","2/1","1/1","1/2","1/2","1/2","2/1","2/2","1/2","1/1","1/1","1/1","2/1","1/2","1/2","1/2","1/1","2/2","2/2","2/1","2/1","2/2","2/2","2/1","1/2","1/1","1/1","2/2","2/2","1/2","1/2","2/1","1/1","2/1","2/2","1/1","1/2","2/1","1/1","2/1","1/2","2/1","4/4","2/1","1/1","2/1","1/1","1/2","1/1","2/1","1/1","2/1","2/1","2/1","2/2","2/2","1/2","1/2","1/2","1/2","1/1","2/2","1/2","1/2","2/2","2/1","1/1","2/2","1/1","1/1","1/1","1/1","1/1","2/1","1/2","2/2","1/1","1/2","2/1","1/2","1/2","2/1","2/1","2/1","2/1","2/2","1/2","1/2","2/2","2/1","2/2","2/1","1/1","2/2","2/1","2/2","1/2","2/2","2/2","1/2","2/2","2/2","2/1","1/1","2/2","2/1","1/1","2/2","1/1","1/2","2/1","1/2","2/1","2/1","2/1","1/1","1/2","1/1","1/1","2/2","3/3","2/1","1/1","2/1","2/2","2/1","1/2","1/2","2/1","2/1","2/2","2/2","2/2","1/1","2/1","2/1","2/2","2/2","2/1","1/1","1/2","2/1","2/2","1/1","2/1","2/2","1/1","1/2","2/2","2/1","1/2","2/1","1/2","1/2","1/2","2/2","1/1","1/2","2/2","2/2","1/1","2/1","1/1","1/1","1/1","1/2","2/2","1/1","1/2","2/1","2/1","1/2","2/2","1/1","2/1","2/1","1/1","1/2","2/2","2/2","2/2","1/1","2/2","2/2","2/1","1/1","2/1","1/2","1/1","2/1","2/1","1/1","1/1","1/1","2/3","1/1","1/2","2/2","1/2","2/1","2/1","1/1","1/2","2/2","1/2","2/1","2/2","1/2","1/2","1/2","2/1","2/1","2/2","2/1","1/1","2/1","2/2","2/1","1/2","2/1","1/1","1/1","2/1","1/1","1/1","1/2","1/1","2/2","2/2","2/3","1/2","2/2","2/3","2/1","1/1","2/1","2/1","1/1","1/1","1/1","2/1","1/2","1/2","1/2","2/1","1/1","2/1","2/2","2/2","2/1","2/1","2/2","1/2","1/2","1/2","1/2","2/2","2/2","2/2","2/2","2/1","1/1","2/1","2/2","2/1","1/2","2/1","1/2","1/2","1/1","1/2","2/1","1/1","2/1","1/1","2/1","1/1","1/2","1/2","1/1","2/2","1/2","2/2","2/2","2/1","1/2","1/1","2/1","2/2","1/2","1/1","2/2","1/2","2/1","2/2","2/2","1/2","2/3","2/1","2/1","2/2","2/2","1/2","1/1","1/1","4/4","1/2","1/1","1/2","1/1","1/2","1/2","2/2","1/2","1/2","1/2","2/1","2/2","2/2","2/1","2/2","2/2","2/1","1/1","2/2","1/2","1/2","2/1","2/2","2/2","1/2","2/1","1/1","1/1","1/2","2/1","2/2","2/2","1/1","1/2","1/2","1/1","2/1","1/1","1/1","1/1","1/2","2/2","1/2","1/2","1/1","1/1","2/1","1/2","1/1","2/2","1/2","2/1","2/1","1/2","1/1","2/2","2/1","2/2","2/2","1/2","1/2","2/1","1/1","2/1","2/1","2/1","1/1","2/1","2/2","1/1","1/2","1/1","1/2","1/1","2/2","2/2","1/2","2/1","1/1","2/1","1/2","2/2","1/1","1/2","2/1","2/1","1/1","1/2","2/1","2/1","1/1","2/1","2/1","2/1","1/2","1/1","1/2","1/1","1/1","2/1","1/2"
"IND0126","1/2","1/1","2/2","1/2","1/2","1/2","1/2","2/1","2/1","1/1","1/2","1/1","2/1","1/1","2/2","1/2","1/2","1/1","1/1","1/1","1/1","1/2","1/1","2/1","2/2","2/2","2/2","2/1","1/2","1/2","1/2","2/1","2/2","1/2","1/1","1/1","1/2","1/1","2/1","1/1","2/2","1/1","1/2","1/1","1/2","2/2","2/2","2/1","2/1","2/1","1/1","2/2","1/1","1/2","2/1","2/2","1/2","1/1","2/2","2/1","1/1","2/2","1/1","1/2","1/2","1/1","2/2","1/2","1/2","2/2","1/2","2/2","1/1","2/2","2/2","1/1","1/2","2/1","1/2","1/1","1/2","1/1","2/1","1/2","2/1","1/1","2/2","2/1","2/2","2/2","2/2","2/1","2/1","1/1","2/1","2/1","1/1","1/1","2/1","1/1","2/1","1/1","1/1","1/1","2/1","1/2","1/2","1/2","2/2","1/2","2/1","2/1","2/1","1/2","2/1","2/2","2/1","2/2","1/1","2/2","1/2","1/1","2/2","1/2","1/2","2/1","4/1","1/1","1/2","2/2","2/2","2/1","1/2","1/2","1/2","1/1","1/1","2/1","2/1","1/2","2/2","1/2","1/2","2/1","2/1","2/1","2/2","2/2","2/1","2/2","1/1","2/1","2/1","2/1","2/2","2/2","1/1","2/1","1/1","2/1","2/2","1/2","2/1","1/1","2/2","1/1","2/1","2/1","1/2","2/1","2/1","2/2","1/2","2/2","1/2","1/2","1/1","1/2","1/2","1/2","1/2","2/1","2/1","1/2","1/1","2/2","2/2","2/1","1/2","1/1","1/1","2/1","1/2","2/1","1/1","1/1","1/1","1/2","1/1","4/4","1/2","1/2","1/1","2/2","4/3","2/1","2/2","1/1","2/2","1/2","1/2","2/2","1/2","2/2","1/2","1/1","2/2","2/1","2/2","1/2","1/2","1/1","2/2","2/1","1/2","1/1","1/1","2/2","1/1","2/1","1/1","1/2","2/1","1/2","1/1","1/2","1/2","2/1","1/2","1/1","2/1","1/1","1/1","1/1","2/1","1/2","2/1","2/1","2/2","2/1","2/1","1/2","2/2","1/1","2/1","2/2","2/2","1/1","2/2","1/1","1/2","2/2","2/1","1/1","1/2","2/1","2/2","1/1","2/1","1/1","2/1","2/2","2/2","2/2","2/2","1/2","2/1","2/2","1/3","2/1","1/1","2/1","2/1","2/1","2/2","1/2","1/2","2/2","1/1","2/2","1/2","1/1","1/1","2/2","2/1","1/2","2/2","1/2","1/1","1/2","2/2","2/2","1/1","3/4","1/1","2/2","1/1","1/2","1/2","1/2","1/1","1/2","1/2","2/2","2/2","1/2","2/2","2/2","2/1","2/1","2/2","1/1","1/1","2/2","1/1","2/2","2/2","1/2","1/2","2/1","1/1","1/1","2/1","2/1","2/1","2/2","1/1","1/1","1/1","2/1","1/2","2/1","1/1","1/2","1/1","2/2","2/1","1/2","2/2","1/1","1/2","1/1","2/1","1/1","1/1","2/1","2/2","2/1","1/2","1/2","2/2","1/1","1/1","1/1","1/1","2/1","1/1","2/1","2/1","2/2","1/2","1/1","2/1","2/1","1/1","2/2","1/2","2/1","2/1","1/2","2/2","2/1","2/1","2/1","2/2","1/1","1/2","2/2","2/1","2/4","2/2","1/1","1/2","1/2","1/2","2/2","2/2","1/1","1/1","1/2","1/1","1/2","2/1","2/1","1/2","2/1","2/1","2/1","2/2","1/2","2/2","2/2","2/1","2/1","2/1","2/1","2/2","2/2","1/1","2/2","1/2","1/1","2/1","2/1","2/1","1/1","2/1","2/1","2/2","2/1","1/1","2/1","2/2","1/2","2/1","1/2","2/1","2/1","1/1","2/1","2/2","2/2","2/2","1/1","1/2","2/1","1/2","2/1","1/2","1/1","2/2","1/2","1/2","1/2","2/1","2/2","2/2","1/2","2/1","1/1","1/1","1/1","2/1","2/1","1/2","2/1","2/2","1/1","2/2","2/2","2/2","1/2","1/1","2/1","1/2","2/2","1/1","1/1","2/1","1/2","1/2","2/1","1/1","1/1","1/2","1/2","2/1","1/1","2/1","1/1","1/2"
"IND0127","2/1","2/1","2/2","1/1","2/2","2/1","1/1","2/2","2/2","1/2","1/1","2/1","1/1","1/2","2/2","2/2","2/2","1/2","2/1","2/2","1/1","1/1","2/1","1/2","2/2","2/1","2/1","2/1","1/2","2/2","2/2","2/2","2/2","1/2","1/1","2/1","1/1","2/1","2/1","1/1","1/1","2/2","1/1","2/1","1/2","2/2","2/1","2/1","2/1","2/1","2/2","2/1","2/1","2/2","2/2","2/1","2/2","2/1","1/1","2/2","2/2","2/1","2/2","1/1","1/1","2/1","1/2","2/2","1/1","2/2","1/2","1/2","1/2","2/2","1/1","1/2","2/1","1/1","1/1","2/1","2/1","1/1","1/2","1/2","1/1","1/2","2/1","2/1","1/2","2/1","2/2","1/1","1/2","2/1","1/2","2/1","2/2","2/1","2/2","1/2","2/2","2/2","2/1","2/1","2/1","2/1","1/1","1/1","1/1","2/2","2/1","2/2","1/1","2/1","1/2","2/2","2/1","1/1","2/2","2/2","1/2","2/1","2/1","2/1","1/1","2/2","2/4","2/1","2/2","1/1","2/2","1/1","1/1","2/1","2/1","1/2","2/2","1/2","1/2","2/1","2/2","2/2","1/2","2/2","1/2","1/2","1/2","1/2","1/2","2/1","2/2","1/1","1/1","1/2","2/1","2/1","2/1","1/1","1/1","2/1","2/2","1/2","2/2","1/2","1/2","2/2","2/2","1/2","1/2","2/1","1/2","1/1","2/1","2/1","1/1","1/1","1/2","2/2","1/2","2/1","1/2","1/2","2/2","2/2","1/2","2/1","2/1","2/1","2/2","1/2","1/1","1/2","1/1","1/1","1/1","2/2","2/2","1/1","2/1","2/2","1/2","1/1","2/1","1/1","3/2","1/2","2/1","1/1","1/2","1/1","2/1","2/2","2/2","2/2","1/2","2/2","1/2","2/1","1/1","1/2","1/2","2/2","1/1","2/2","1/2","2/1","1/2","1/1","2/2","1/1","1/1","1/2","1/2","2/2","2/2","2/2","2/2","2/2","1/2","2/1","1/1","2/1","2/2","1/1","1/2","2/2","2/1","2/2","2/2","1/1","1/1","2/1","1/1","1/1","1/2","2/1","1/2","2/1","2/2","1/1","2/1","2/1","2/2","1/1","2/2","1/1","2/1","1/2","2/1","2/1","2/2","2/2","2/1","1/2","1/1","1/2","1/1","2/2","4/4","1/2","1/2","1/2","1/2","1/2","2/2","1/2","1/2","1/2","2/2","2/2","2/1","2/1","1/2","1/2","2/2","2/2","2/2","2/2","2/2","1/1","1/2","1/2","2/1","4/4","1/2","1/1","1/1","1/1","1/1","2/2","2/2","1/1","1/1","3/3","2/1","2/2","1/1","2/2","2/2","2/2","1/2","1/2","1/2","2/2","1/1","2/2","1/1","2/1","1/1","2/1","1/2","1/1","2/2","2/2","2/2","2/2","2/2","2/2","1/2","2/2","2/2","2/1","2/2","2/1","2/1","1/1","2/2","2/1","1/1","2/1","1/1","2/2","2/1","2/1","2/1","2/2","1/2","2/1","1/1","1/2","1/2","1/1","2/1","2/1","1/2","1/1","1/2","2/2","2/2","1/2","2/1","1/2","1/2","1/1","1/2","1/2","1/2","1/2","2/1","1/2","1/1","4/2","1/2","1/1","1/2","2/2","2/1","1/2","1/2","2/1","2/2","2/1","2/1","1/2","2/2","2/2","1/1","1/1","2/1","1/2","1/1","2/1","1/2","1/1","1/2","1/2","1/2","1/1","1/1","1/1","1/1","1/2","2/2","2/2","1/2","1/2","1/1","2/2","2/1","1/2","1/1","2/2","2/2","1/2","1/1","1/1","2/2","1/2","2/2","2/1","2/1","1/2","2/1","2/2","1/1","2/2","1/1","1/1","2/2","2/2","1/1","2/1","2/2","1/1","2/2","2/2","2/2","1/2","1/2","2/1","1/2","1/2","2/1","2/1","2/2","1/1","1/2","2/1","1/2","2/2","2/1","1/1","2/1","2/2","1/1","1/2","1/2","2/1","2/2","2/1","2/2","2/2","1/2","1/1","1/2","1/1","2/1","2/1","1/2","1/2","2/2","1/1","2/1","2/1","1/1","1/2","2/2","2/2","2/2","2/2","2/2"
"IND0128","2/2","2/1","1/2","1/1","1/1","2/1","2/1","1/2","1/2","1/2","1/2","1/2","1/2","1/2","1/1","1/2","1/1","1/1","1/1","2/1","1/2","1/2","1/2","1/2","2/1","2/2","2/2","2/1","2/1","1/1","1/1","1/2","1/2","1/2","1/1","1/1","2/2","1/1","2/2","1/1","2/2","1/1","1/1","1/2","2/1","2/1","2/2","2/1","2/1","2/1","2/1","2/2","2/1","1/2","1/2","1/2","2/2","2/1","1/2","1/1","1/1","1/1","1/1","1/2","1/2","1/1","1/1","2/1","1/2","1/1","1/1","2/2","2/1","2/2","2/1","2/1","2/1","1/1","1/1","2/1","1/1","2/1","2/1","1/2","1/2","1/2","2/2","1/2","2/1","2/1","2/2","1/1","2/1","2/1","1/2","1/2","1/2","2/2","1/2","1/1","1/1","2/1","2/2","1/2","1/2","1/2","1/1","2/2","2/1","1/1","2/1","2/2","2/2","2/2","2/1","1/2","2/1","2/2","2/2","2/2","2/1","1/1","2/2","2/2","1/2","2/1","3/2","1/1","1/1","1/2","1/1","2/1","1/2","1/2","2/1","1/2","1/1","2/2","2/2","1/1","2/1","1/2","2/2","2/1","1/2","2/1","1/2","1/2","2/2","2/1","2/1","1/2","2/2","2/1","1/1","1/1","1/1","1/1","2/2","2/2","2/1","1/2","2/2","2/2","2/2","2/2","1/1","2/2","1/1","1/1","2/2","2/2","2/1","2/1","2/2","1/2","2/2","2/2","2/1","1/2","1/2","1/2","1/1","1/2","1/1","1/2","2/2","1/2","2/2","1/2","1/2","2/1","1/2","2/2","2/2","2/2","2/1","1/2","1/2","4/1","1/1","1/2","1/1","2/1","1/4","1/1","2/1","2/1","2/2","1/2","2/2","2/2","1/1","1/2","1/2","2/2","2/2","2/2","2/2","2/1","1/1","2/2","1/2","1/2","1/2","1/1","1/1","1/2","1/1","1/2","1/2","1/2","1/2","1/2","2/1","2/1","2/2","2/1","1/1","2/2","1/2","1/1","2/2","2/1","2/2","2/2","1/2","2/2","2/2","1/1","1/2","1/2","1/2","2/1","2/2","1/2","2/1","2/1","1/1","1/1","1/2","1/1","2/1","1/2","1/2","2/2","1/2","1/1","1/2","1/1","2/1","2/1","1/1","1/2","2/1","1/1","2/1","1/1","3/3","1/2","2/1","1/2","2/1","1/2","1/1","2/2","2/1","1/2","1/2","2/1","2/1","2/2","1/1","2/1","2/2","1/1","2/1","2/2","1/2","2/1","2/1","1/1","1/1","3/3","2/1","2/1","1/2","2/1","1/2","1/2","2/1","2/2","2/2","3/4","2/2","2/2","1/1","1/2","1/1","1/1","2/1","2/1","2/2","2/1","2/2","2/2","2/2","1/2","1/1","2/1","1/2","2/1","1/1","2/1","2/2","1/1","2/1","2/2","2/2","2/2","1/1","1/2","2/2","1/1","1/2","2/2","1/2","2/1","1/1","1/2","1/2","2/2","1/2","1/1","1/1","1/2","1/1","2/1","2/1","1/2","1/1","1/2","2/1","1/1","2/1","1/2","2/2","2/2","1/2","1/1","2/1","1/2","1/2","2/1","1/2","1/1","1/1","1/1","2/1","1/2","2/1","4/3","2/1","2/1","1/1","2/2","2/2","2/1","2/2","1/4","1/1","1/2","1/1","2/1","2/1","1/2","2/2","2/2","2/1","1/2","1/2","2/2","1/2","2/1","2/2","2/1","1/1","2/1","2/1","1/2","2/2","2/2","1/1","2/1","2/2","1/1","2/1","2/2","2/2","2/2","1/2","1/1","2/2","2/2","2/1","1/1","2/2","1/2","1/1","2/1","1/2","1/2","1/2","2/2","2/1","1/1","2/2","2/1","2/2","1/2","1/2","1/1","2/2","1/2","2/1","2/1","1/1","2/1","2/2","1/1","2/1","2/2","1/1","1/1","2/2","1/1","1/1","1/1","1/2","1/2","2/2","2/1","1/1","1/1","1/1","1/2","2/1","1/2","2/1","2/1","2/2","2/2","2/2","2/2","1/2","2/2","2/2","2/1","1/1","2/2","1/1","2/1","2/2","2/2","2/1","1/1","1/2","2/2","1/1","1/2","1/1"
"IND0129","1/2","1/1","1/2","1/1","1/1","1/2","1/1","2/2","1/2","1/2","2/1","1/2","1/2","1/2","2/2","1/2","2/1","2/1","1/1","2/1","2/1","2/1","1/1","1/2","2/1","1/2","1/2","2/2","1/2","2/2","2/2","1/2","1/2","2/2","1/2","2/1","2/1","1/1","1/1","2/2","2/2","2/2","2/2","2/2","2/2","2/2","2/1","2/1","1/1","2/2","2/2","2/2","1/1","2/2","1/1","2/1","2/2","2/1","1/1","1/1","1/1","2/1","2/2","1/2","2/1","2/1","2/1","1/1","1/1","2/2","1/1","1/1","1/1","2/1","1/2","1/2","1/2","1/1","2/2","1/1","1/2","2/2","2/1","2/2","1/1","2/1","2/2","2/1","1/1","1/1","1/2","2/2","2/1","2/1","2/2","1/2","1/1","1/1","1/1","2/1","2/1","1/1","2/2","2/2","2/1","2/2","2/2","1/1","1/2","1/2","2/1","2/2","1/2","2/1","2/1","2/2","1/2","2/2","2/1","1/2","2/1","1/1","2/2","2/2","1/2","2/1","1/4","2/2","1/2","2/2","1/1","2/2","2/1","2/1","2/1","1/2","1/2","1/2","2/2","1/1","1/1","2/2","1/2","2/1","2/1","1/2","2/1","1/1","2/1","2/2","1/2","2/2","2/1","1/1","1/1","1/2","1/1","1/1","2/1","2/1","1/2","2/2","1/2","1/1","2/2","1/2","1/1","1/1","1/2","1/2","1/2","1/1","2/1","1/1","2/1","2/1","2/2","2/2","2/1","2/2","1/1","2/1","1/1","1/1","1/1","1/2","2/1","1/1","2/2","1/2","2/1","2/1","1/2","1/1","1/1","1/1","2/2","1/1","2/2","1/1","1/2","2/2","1/2","2/1","1/4","1/2","2/2","2/2","2/2","2/1","2/2","1/1","2/2","1/2","2/2","1/2","2/2","2/2","2/2","2/1","2/1","1/2","2/1","2/2","1/1","1/2","2/1","1/2","2/1","1/1","1/1","2/1","2/1","1/1","2/1","1/1","2/2","2/1","2/2","1/2","1/2","1/1","1/1","1/1","2/1","1/2","2/1","1/2","2/2","2/1","1/2","2/2","1/2","1/1","2/2","1/1","1/1","2/1","1/1","1/1","1/1","2/1","2/2","2/1","1/1","2/1","1/2","2/1","2/2","1/1","2/1","2/2","2/2","1/1","1/1","1/1","1/1","1/2","2/2","2/2","1/2","2/1","1/2","1/1","1/1","2/2","2/2","1/1","1/1","1/1","1/1","2/1","1/1","1/1","1/1","2/1","1/1","2/2","2/2","1/2","2/1","2/1","1/2","1/3","2/2","2/2","1/1","2/2","1/2","1/2","1/2","1/2","2/1","3/2","2/2","1/1","4/4","2/2","2/2","1/2","2/2","2/2","1/1","1/1","1/2","1/1","1/2","2/1","2/2","2/2","1/1","1/1","2/1","1/2","2/2","1/1","1/1","2/2","1/1","1/1","1/2","1/2","2/1","1/1","2/2","2/1","2/1","2/2","2/2","2/1","1/2","2/2","1/2","1/1","1/2","1/2","1/1","1/2","2/2","2/1","1/2","2/2","1/2","1/1","2/2","2/2","1/1","1/2","2/1","1/2","2/2","1/1","2/1","2/1","1/1","2/1","1/1","1/2","1/1","1/1","2/2","3/4","1/1","2/2","1/1","1/1","1/2","1/1","1/2","1/4","2/2","2/1","1/2","2/2","1/2","2/2","1/2","2/2","1/1","1/1","2/2","2/1","2/2","1/2","1/1","1/2","2/2","1/1","1/1","1/2","2/1","2/1","1/2","1/2","2/1","2/2","2/2","1/1","1/2","2/2","1/2","1/2","1/1","2/2","2/1","1/2","2/2","1/1","2/1","1/2","2/2","1/1","1/1","1/1","2/1","1/1","1/1","1/1","1/1","1/1","1/2","1/1","2/1","2/1","2/2","2/2","2/1","1/1","1/2","1/1","2/2","2/2","2/2","2/2","2/2","2/1","2/2","1/1","2/1","2/2","1/1","2/2","2/2","2/1","2/2","2/2","2/1","1/1","2/1","2/2","2/2","1/2","1/2","1/2","2/2","2/1","1/2","2/1","2/2","2/1","1/1","2/2","1/2","1/1","2/2","2/2","1/2","2/2","2/1","2/2","2/1"
"IND0130","2/2","2/1","2/2","1/1","2/2","2/2","2/1","2/2","1/2","2/2","2/2","1/2","1/2","2/2","2/2","2/1","2/1","2/2","2/1","2/1","2/1","2/2","1/2","1/1","1/1","2/1","2/2","1/1","1/2","2/2","1/2","1/1","1/1","1/1","2/1","2/2","2/1","2/1","2/2","2/1","1/1","2/2","1/2","1/1","1/1","2/2","2/2","1/1","1/2","1/1","2/2","1/2","1/1","1/1","2/1","1/1","1/1","2/1","2/2","2/1","2/2","1/1","2/2","2/1","2/2","2/2","1/1","2/2","2/2","1/1","2/1","2/1","2/2","2/1","1/1","2/2","1/1","1/2","1/2","1/2","2/1","2/2","1/1","2/2","2/2","1/1","1/2","1/1","1/2","2/2","1/2","1/1","2/1","1/1","2/1","2/2","2/2","2/1","2/1","2/1","2/1","2/1","1/1","2/2","1/1","2/2","2/1","2/1","1/2","2/2","1/1","1/1","2/1","2/1","1/1","1/1","1/1","1/1","1/1","1/1","1/1","2/1","2/2","1/2","2/1","1/2","4/4","2/2","2/1","1/2","2/1","1/2","1/2","1/2","1/2","1/1","2/2","2/2","1/2","2/2","1/2","1/1","2/2","1/1","2/2","2/2","1/2","2/1","1/2","2/2","1/2","1/2","1/1","1/1","2/1","2/2","2/1","2/1","2/2","1/1","2/1","1/1","2/1","1/1","1/2","2/1","1/1","1/2","1/2","1/2","1/2","1/1","1/2","1/1","1/2","1/1","1/1","1/1","2/1","2/2","1/2","1/1","2/2","2/1","2/1","2/1","1/1","1/2","2/2","1/1","2/1","2/2","2/2","2/2","1/2","2/1","1/1","1/2","2/2","2/3","1/1","1/1","1/1","2/2","3/3","2/1","1/1","2/2","2/1","1/2","2/2","1/1","1/1","2/2","1/1","2/1","2/2","2/2","2/2","1/2","1/2","2/1","1/2","1/1","1/2","1/1","1/2","2/1","1/2","1/1","2/1","2/2","2/1","2/1","1/2","2/2","1/2","2/1","2/1","2/2","1/1","1/2","2/1","2/2","1/1","2/1","1/2","1/2","1/1","1/1","2/2","1/1","2/2","2/1","1/1","2/1","2/1","1/2","2/2","1/2","1/2","2/1","1/1","1/2","2/2","2/2","2/1","2/2","1/2","1/2","1/1","2/2","1/1","1/2","2/1","2/1","2/1","2/2","4/2","2/1","1/2","2/1","1/1","2/2","1/2","2/2","2/2","1/2","2/2","1/1","2/2","1/1","1/1","2/2","2/1","1/1","2/1","1/2","2/2","2/2","2/2","2/1","2/1","1/1","2/2","1/2","2/1","2/1","2/2","1/1","2/2","2/1","2/2","4/2","1/2","1/1","2/1","2/2","1/1","2/1","1/2","2/2","1/2","2/2","2/1","2/2","1/1","2/2","1/1","2/1","2/1","2/1","2/1","2/2","1/1","1/1","2/1","2/2","2/1","1/1","2/2","2/2","1/2","2/2","2/1","2/2","2/1","1/1","1/1","2/2","1/2","1/1","1/1","2/1","2/2","2/1","2/1","1/1","1/2","2/1","1/1","2/2","2/1","1/2","1/2","1/1","2/1","2/1","2/1","2/1","1/1","1/1","1/1","2/1","2/1","1/1","1/2","1/1","2/2","2/1","2/1","4/3","2/2","2/2","1/1","1/1","2/1","1/1","1/2","4/2","1/1","1/2","1/1","1/1","1/2","1/2","2/1","2/1","2/1","1/2","1/1","1/1","1/2","2/2","2/1","2/1","2/2","2/2","2/2","2/2","2/1","1/2","2/2","2/2","2/1","1/1","1/2","2/2","1/2","1/2","1/2","2/1","2/1","1/1","1/1","2/1","2/2","2/2","2/1","2/2","1/1","2/1","1/2","2/1","1/1","2/1","1/2","2/1","1/1","2/1","1/1","2/2","1/1","1/2","2/2","2/2","2/2","2/2","2/2","1/1","2/1","1/2","2/2","1/1","2/2","1/2","1/2","1/2","1/1","1/2","1/2","2/1","2/2","2/2","1/2","2/1","2/2","1/1","1/2","1/2","2/1","2/1","2/1","2/1","1/2","2/2","1/2","2/2","2/2","1/1","1/2","1/1","1/2","1/1","1/2","1/1","1/1","1/1","2/1","1/1","1/2"
"IND0131","1/1","1/1","2/1","2/2","1/1","2/2","1/2","2/1","1/1","2/1","2/1","1/1","1/1","1/2","1/1","2/2","2/2","2/1","1/1","1/1","2/1","1/1","1/1","2/2","1/2","2/1","2/1","1/1","2/2","1/1","1/1","2/1","2/2","1/2","1/1","2/2","2/2","2/2","2/1","2/2","1/1","2/2","2/2","1/2","2/1","1/2","1/2","2/1","1/2","1/2","1/2","2/2","2/1","1/2","2/2","1/2","1/2","1/2","2/1","2/1","1/1","1/1","1/2","2/1","2/2","2/2","1/2","1/2","2/2","2/2","1/1","1/1","2/1","2/2","2/2","2/1","2/1","2/1","2/2","1/1","2/1","2/1","2/2","1/2","2/2","1/2","1/2","1/2","1/2","2/1","2/2","2/2","2/2","2/1","1/2","1/1","2/1","2/2","2/1","2/2","2/2","2/1","2/1","1/2","2/1","2/2","2/1","1/1","1/2","1/1","1/1","1/2","2/1","2/2","1/2","1/1","1/1","2/1","2/1","1/2","1/1","1/1","1/2","2/2","1/1","1/1","4/3","2/2","1/2","1/1","2/1","1/2","2/1","2/2","2/1","1/2","2/1","2/1","2/1","1/2","2/2","2/1","2/1","1/1","2/1","1/1","2/2","1/1","2/1","2/2","2/1","1/1","1/2","1/1","2/1","1/1","2/2","2/1","2/1","1/2","1/1","2/2","2/2","1/1","2/1","2/2","1/2","1/1","2/2","2/1","1/2","2/2","1/2","1/1","2/1","1/1","1/2","1/1","1/1","2/2","2/2","2/2","1/1","1/2","1/1","2/2","2/1","2/2","2/1","2/1","1/2","1/2","1/1","1/2","2/2","1/2","2/1","1/2","2/2","1/3","2/2","1/1","2/2","2/2","2/4","1/1","2/1","2/1","2/1","2/2","1/1","1/2","2/1","1/2","1/1","2/1","1/2","2/1","1/2","1/2","2/1","1/2","1/1","1/1","2/2","2/1","2/1","2/1","1/2","1/2","2/2","2/1","1/1","2/1","2/2","1/2","2/1","2/2","2/1","2/2","1/2","2/2","1/2","1/2","2/1","2/1","1/1","1/2","2/2","1/2","1/1","1/2","2/1","1/1","2/2","1/2","2/2","2/2","1/1","2/1","1/1","2/2","1/1","1/1","1/1","1/1","2/2","2/2","1/2","2/2","2/1","2/1","2/2","1/1","2/2","2/2","2/1","1/1","1/4","1/1","2/2","1/2","2/1","1/1","2/2","2/1","2/1","2/1","2/1","1/2","1/2","1/2","2/1","1/2","1/2","1/2","1/2","1/2","1/2","1/2","2/2","2/2","2/2","2/4","1/1","2/2","2/2","2/1","1/2","2/2","1/2","2/2","2/1","2/2","2/2","2/2","4/2","1/2","2/2","1/2","1/1","1/2","1/1","1/1","1/1","1/1","2/1","1/1","2/2","2/1","2/1","1/2","2/1","1/1","2/1","2/1","2/2","2/1","1/2","2/2","2/2","2/1","1/1","1/2","2/1","1/1","1/2","2/1","1/2","2/1","1/2","2/2","2/2","1/2","1/2","2/1","1/1","1/1","1/1","1/1","2/1","1/2","2/2","1/2","1/1","2/1","1/1","1/2","2/2","1/2","1/1","2/2","2/1","1/1","2/2","2/1","1/1","1/1","1/2","1/1","2/2","1/3","1/1","1/2","2/2","1/2","1/2","1/1","1/1","1/4","2/1","1/1","1/2","2/1","2/2","1/2","1/2","1/2","2/2","2/2","1/2","2/2","1/2","1/2","2/2","1/2","1/1","1/1","2/2","1/1","1/1","1/2","1/1","1/2","1/2","1/1","2/2","2/2","1/2","1/1","2/1","2/1","1/2","2/1","2/1","2/2","2/2","1/2","1/2","1/1","1/1","1/2","1/2","1/1","1/1","2/1","1/1","1/1","2/2","2/2","1/2","2/2","2/1","1/2","1/2","1/2","1/1","2/1","2/2","2/1","1/1","2/2","2/1","1/2","1/2","2/2","1/1","2/1","1/2","1/2","1/2","1/2","1/1","2/1","2/1","1/2","1/2","1/1","2/1","1/2","1/1","1/1","1/1","2/1","2/2","1/1","2/2","1/1","2/2","1/1","2/1","1/2","2/2","2/2","1/2","1/1","1/2","1/1","1/1","1/1","2/2"
"IND0132","1/2","2/1","2/1","1/2","1/2","1/2","1/1","1/1","1/2","2/2","1/1","1/2","2/1","2/1","1/1","1/2","1/1","2/2","2/1","1/2","2/1","2/2","2/1","2/1","1/2","1/2","2/1","1/2","1/2","2/1","1/2","2/2","1/1","2/2","2/2","1/1","2/1","2/2","1/1","2/2","2/2","1/2","1/2","2/2","1/2","1/1","1/2","2/2","2/2","2/2","2/2","1/2","1/2","1/2","2/1","1/1","1/1","2/1","2/2","1/2","2/2","1/2","2/1","1/2","2/1","2/2","2/2","2/2","2/2","2/1","2/1","1/1","2/2","2/1","2/1","2/1","1/1","1/2","2/1","2/1","2/1","2/1","2/1","2/1","2/2","1/1","2/1","2/2","2/1","2/1","2/1","2/2","2/1","1/1","1/1","1/1","2/1","1/2","2/1","1/2","1/2","1/1","1/2","2/2","1/2","2/1","1/1","1/1","1/1","1/1","2/1","2/2","1/2","1/2","2/2","1/2","2/1","2/1","2/2","1/1","1/1","1/1","2/1","2/1","2/2","2/1","4/4","1/2","2/1","1/1","2/1","2/1","1/2","1/1","2/1","1/1","1/2","2/1","1/2","2/2","1/1","1/1","2/1","2/2","2/2","1/2","1/1","2/2","1/1","2/2","1/2","1/1","2/1","1/1","2/2","1/2","2/2","1/2","2/2","1/2","1/2","1/2","1/1","2/2","1/1","1/2","2/2","2/2","2/2","2/1","1/2","2/2","2/2","2/1","1/2","2/1","1/2","1/2","1/1","2/2","2/2","1/2","2/1","2/1","2/1","1/1","1/1","2/2","1/2","2/2","1/1","1/2","2/2","1/1","1/2","1/1","1/2","2/2","1/1","4/4","2/1","1/1","1/2","1/2","2/4","1/1","2/1","2/1","2/2","1/1","1/2","1/2","1/1","2/2","2/2","2/1","2/1","2/2","1/1","1/1","2/2","2/2","1/2","1/2","1/2","2/2","1/1","1/1","2/1","1/1","1/2","2/1","1/2","1/2","2/2","2/2","2/1","2/1","2/2","1/2","1/2","2/2","1/1","1/1","1/1","1/1","2/2","2/1","2/2","1/1","1/1","1/2","2/1","2/1","1/1","1/1","1/1","1/1","2/2","1/2","2/1","2/1","2/1","1/2","2/1","1/2","1/2","2/2","2/2","2/2","1/2","2/2","2/1","2/1","2/2","2/1","2/2","2/1","1/2","1/1","2/1","1/2","2/1","2/1","1/2","2/2","2/2","1/2","2/1","2/1","1/1","1/2","1/1","1/2","1/1","1/1","2/1","2/2","1/1","2/1","2/1","1/2","1/1","3/3","1/1","2/1","1/2","2/2","1/1","1/2","1/1","2/1","2/1","1/3","1/1","1/2","1/3","2/1","1/1","1/1","1/2","1/2","1/2","2/2","2/2","2/2","1/1","2/2","2/1","2/2","2/1","1/2","2/2","1/1","1/2","1/2","2/2","1/1","2/2","1/1","1/2","2/2","2/2","1/2","1/2","1/2","2/1","1/1","2/1","2/1","2/2","2/1","2/1","2/1","2/2","2/2","1/1","1/1","1/1","1/1","2/1","1/2","1/2","2/1","2/1","2/2","1/1","1/1","2/1","1/2","1/1","1/1","2/2","1/1","1/1","1/1","2/1","2/1","1/1","1/2","1/1","2/3","2/2","1/2","1/1","1/2","1/2","2/1","2/1","4/2","2/1","1/2","1/2","2/1","1/1","2/1","1/2","2/2","2/2","1/1","1/2","2/2","1/2","1/1","1/2","1/2","2/1","1/2","1/2","2/2","2/1","2/1","2/1","1/1","1/1","2/2","2/2","2/1","1/1","2/2","1/2","1/2","2/1","1/1","2/1","1/2","2/2","2/2","1/1","2/2","2/2","2/2","1/2","1/2","2/2","2/1","2/2","1/1","1/2","1/1","2/2","2/2","2/1","1/2","2/1","2/1","2/1","1/1","2/2","2/1","1/1","1/2","2/1","1/1","1/2","2/1","2/1","2/1","2/2","1/1","1/1","2/1","1/1","1/2","1/2","1/1","2/2","2/2","2/1","2/1","2/2","2/2","2/2","1/2","1/2","2/2","2/1","1/2","2/1","1/2","2/2","1/1","1/2","2/1","2/1","1/2","1/2","2/1","1/1","1/2","2/1"
"IND0133","2/2","2/2","1/1","2/1","2/1","1/1","1/1","1/2","1/1","1/2","2/1","1/1","1/2","1/1","1/2","2/2","1/1","2/1","1/2","2/2","2/1","1/1","1/2","2/2","2/2","2/2","1/1","1/2","1/1","1/1","1/1","2/2","2/2","1/2","1/2","1/2","2/2","1/2","2/2","2/2","1/1","2/1","2/2","1/2","1/2","1/2","2/2","1/1","2/1","1/1","2/1","1/1","2/1","1/2","2/2","2/2","2/1","1/2","1/1","2/2","2/2","2/2","2/2","1/1","1/2","1/1","1/1","2/2","2/1","1/1","2/2","1/1","1/2","1/1","2/2","2/2","1/2","1/2","2/1","1/1","1/1","2/2","2/1","1/1","1/1","1/2","2/2","1/2","2/1","1/1","1/1","2/1","1/1","1/1","2/1","2/2","2/1","1/2","1/1","2/1","1/1","1/1","2/2","2/2","2/2","1/1","1/2","1/2","2/2","1/1","1/1","2/2","1/2","2/1","2/1","2/1","1/1","1/2","1/1","1/1","1/2","1/2","2/2","1/2","2/2","2/2","2/2","1/2","1/2","2/1","1/1","2/2","1/2","2/1","2/1","2/1","2/1","1/2","2/1","2/1","1/1","2/1","1/1","2/2","2/1","1/2","1/1","1/1","1/2","1/2","2/1","2/2","2/1","2/2","1/2","1/1","1/2","2/1","2/2","1/2","1/1","2/2","1/2","2/2","1/1","1/1","1/1","1/1","2/2","2/2","1/1","1/1","1/1","2/1","1/1","1/1","2/1","2/2","2/2","2/1","2/2","1/1","2/1","2/1","2/2","2/2","1/2","2/2","2/2","1/1","2/2","2/2","2/1","2/1","2/2","2/1","1/1","2/1","1/2","4/1","1/2","2/1","2/1","2/1","4/3","2/1","1/2","1/1","2/2","2/1","2/1","1/1","2/1","1/1","2/1","1/1","1/1","2/1","2/2","2/1","2/1","1/2","1/2","1/2","2/1","1/2","2/1","2/1","1/1","1/1","2/2","2/2","2/1","1/2","1/1","1/1","2/2","2/2","2/1","1/1","1/1","2/1","1/2","1/2","2/1","2/2","1/2","1/2","2/2","2/2","1/2","1/1","1/1","1/1","1/1","1/2","1/1","2/2","1/1","1/2","2/2","1/2","1/2","1/1","2/1","2/1","1/2","1/1","1/2","2/2","1/2","2/2","1/2","1/1","2/1","1/1","2/2","2/1","4/1","2/1","2/2","1/1","2/2","2/1","2/1","1/1","1/2","1/1","2/1","2/1","1/1","2/2","2/1","2/2","1/2","2/1","1/1","1/1","2/2","1/2","2/1","2/1","1/2","2/4","1/1","2/2","2/1","1/1","1/1","2/1","1/1","1/1","2/1","2/3","1/2","1/2","2/3","1/2","2/2","1/1","2/1","1/1","2/2","1/2","1/1","1/2","1/2","2/2","2/2","2/1","1/2","2/2","1/1","2/1","2/1","2/1","1/1","1/2","2/2","2/1","2/1","2/2","1/2","2/2","2/1","2/2","2/2","2/1","1/1","2/1","2/2","2/1","1/1","2/1","2/2","2/2","1/2","2/1","1/2","1/2","2/2","2/1","2/2","2/1","1/2","2/2","2/1","1/1","2/1","1/1","1/1","2/2","1/1","1/1","2/1","1/2","2/2","1/2","2/2","2/2","2/1","4/3","2/2","1/1","2/1","1/2","1/1","2/2","2/2","3/3","2/2","1/2","1/1","2/1","1/2","2/1","2/2","2/1","2/1","1/2","2/1","2/2","2/2","1/2","2/1","1/2","2/1","2/2","2/1","2/1","2/2","2/1","1/1","2/2","2/1","2/1","1/2","2/2","1/1","2/2","2/1","1/2","2/1","1/1","1/2","2/2","2/2","1/1","2/1","1/1","2/1","2/2","1/2","1/1","1/2","2/2","1/1","1/2","2/1","2/1","2/2","1/1","2/1","1/2","2/2","1/1","1/2","2/1","2/1","2/1","2/1","2/2","1/2","2/2","1/2","1/2","2/2","1/2","1/2","1/1","2/1","1/1","2/2","2/1","2/1","2/2","1/1","2/2","2/2","1/2","2/1","2/1","2/2","2/2","1/1","2/2","2/1","1/1","1/1","2/1","1/2","1/1","2/2","2/2","1/2","1/1","2/2","2/2","2/1","1/2","2/2"
"IND0134","1/2","2/1","1/2","1/2","1/2","1/2","2/2","1/2","1/1","1/2","1/1","1/2","1/1","1/1","2/1","1/2","2/1","1/1","2/1","2/2","1/2","1/1","1/2","2/2","1/2","2/2","1/1","2/1","1/1","2/1","1/1","2/2","1/2","2/1","1/1","1/2","1/1","1/1","1/1","2/1","1/1","2/1","1/2","2/1","1/2","2/2","1/1","2/2","1/2","2/1","2/1","2/1","1/2","2/2","1/2","1/1","2/1","1/2","2/2","2/1","2/1","1/2","2/2","1/2","1/2","2/2","2/1","1/1","1/2","1/1","1/1","1/1","2/2","2/1","2/1","2/1","2/1","1/2","1/1","1/1","2/1","2/1","1/1","1/1","2/2","2/1","2/1","2/1","2/1","2/2","2/2","1/1","1/2","2/2","1/1","2/2","1/2","1/2","2/1","1/1","2/1","2/1","1/1","1/1","1/1","2/2","2/1","2/1","1/1","2/2","2/2","1/2","1/2","1/1","2/1","1/2","1/1","2/1","1/2","2/2","2/2","1/1","2/2","2/2","1/2","1/2","4/2","1/2","1/2","1/2","2/1","1/2","2/2","2/2","2/1","1/1","1/2","2/2","1/1","1/2","1/2","1/2","2/2","2/2","2/1","2/1","1/2","1/1","2/2","2/1","1/2","2/2","1/1","2/2","2/2","2/2","2/2","2/2","2/2","2/2","1/1","2/2","2/2","1/1","2/1","1/1","2/2","1/2","2/2","1/1","2/2","1/2","1/2","2/1","2/1","1/2","2/1","1/2","2/1","1/1","2/2","2/2","1/2","1/1","1/1","2/1","2/1","2/2","2/2","1/1","1/1","1/2","1/1","1/1","2/2","2/1","1/1","1/2","1/2","1/4","1/1","1/2","1/2","2/2","2/1","2/2","1/2","1/1","1/1","2/1","1/1","1/1","2/1","2/1","1/2","2/1","1/1","1/1","1/1","2/1","1/1","1/1","2/1","1/1","1/1","2/2","1/1","1/1","2/1","2/1","2/1","2/1","1/2","1/2","2/1","2/2","1/2","1/1","2/2","2/1","1/1","1/2","1/1","2/1","2/1","2/2","2/2","1/1","2/2","2/2","1/2","1/2","2/2","1/2","1/2","1/2","2/1","2/1","1/2","2/1","1/1","2/1","1/2","2/1","2/1","1/1","1/2","1/1","1/2","1/1","2/1","2/1","1/1","1/1","2/1","2/1","1/1","1/2","3/1","1/2","2/1","2/1","1/1","2/2","1/1","1/1","1/1","1/2","2/1","2/1","1/2","2/2","1/1","1/1","1/2","2/2","2/1","1/1","2/1","1/1","2/2","2/2","2/1","4/1","2/1","1/2","2/1","2/1","1/1","2/1","2/2","1/2","2/2","3/1","1/1","2/1","1/3","2/1","2/1","2/2","1/2","2/2","2/2","2/1","1/2","2/1","2/1","1/1","1/1","2/2","2/1","2/2","1/1","2/2","2/1","2/2","1/1","2/1","1/2","1/2","2/2","1/2","1/1","2/2","2/2","2/2","2/2","1/1","2/1","1/1","2/2","1/2","2/2","2/2","1/1","1/1","1/1","2/1","2/2","1/2","1/2","1/1","2/1","1/2","1/1","2/2","1/2","2/2","2/1","1/1","2/2","1/2","1/2","2/2","2/1","2/2","2/1","1/1","2/1","1/2","1/1","1/1","2/2","1/1","2/1","1/1","1/1","1/2","1/1","2/1","1/2","2/2","1/1","1/1","1/2","1/1","2/1","2/1","1/2","2/2","2/2","2/1","1/1","1/2","1/2","1/1","1/1","1/2","2/1","1/1","2/1","1/1","1/2","2/1","1/1","1/2","2/1","2/2","1/1","1/1","2/1","2/1","1/2","1/2","1/1","1/1","1/1","2/2","2/1","1/1","1/2","2/2","2/2","2/1","1/1","2/2","2/1","1/1","1/1","1/2","2/2","2/2","2/1","1/1","1/2","1/1","2/2","2/2","2/2","2/2","2/2","2/2","2/1","2/2","2/2","2/2","1/2","2/1","2/2","1/1","1/1","1/2","1/2","2/1","2/2","2/1","2/2","2/1","2/1","2/2","1/1","1/1","1/2","1/1","1/2","2/2","1/1","2/2","1/1","2/2","1/1","2/1","2/1","1/1","2/2","1/2","1/2","2/2","2/1","2/2","2/2"
"IND0135","2/1","2/2","1/1","1/1","2/2","1/1","1/1","1/1","2/1","2/2","1/2","2/1","2/2","2/2","2/1","2/1","2/1","1/1","1/1","1/1","2/2","1/1","2/2","1/1","2/1","2/1","1/2","2/1","1/2","1/2","2/2","1/2","1/1","2/2","1/1","2/2","1/2","1/1","1/2","2/1","1/1","1/1","1/2","2/1","2/1","2/2","1/1","1/2","2/2","2/2","1/1","2/2","2/2","1/1","1/2","2/2","1/1","2/1","2/1","2/1","1/1","2/2","2/1","2/1","2/1","2/2","2/2","2/1","2/2","2/2","1/1","2/2","2/1","1/1","1/1","1/2","2/1","1/2","1/1","1/1","2/1","1/1","1/1","1/1","1/1","1/1","2/1","1/1","2/2","1/1","2/2","2/1","1/1","2/1","1/1","1/1","2/1","1/2","1/2","2/1","1/1","1/2","1/2","1/1","1/2","2/2","1/1","1/2","2/1","1/1","1/1","2/1","1/2","1/1","2/1","1/1","1/2","2/1","2/2","1/2","2/2","1/2","2/1","2/1","2/1","1/1","4/3","1/2","1/1","1/1","2/1","2/1","1/1","1/1","1/2","1/1","1/2","2/2","1/2","2/2","1/1","2/1","1/1","1/1","1/1","2/1","2/2","2/1","1/1","1/2","1/2","1/2","2/2","1/2","2/2","2/1","2/1","1/2","2/1","1/2","1/1","1/1","2/1","2/1","1/1","1/2","2/1","1/1","1/2","2/2","2/1","1/2","1/2","1/2","2/1","1/2","2/2","1/1","1/2","1/2","1/2","1/1","1/2","2/1","1/1","2/2","1/2","2/1","2/1","1/2","2/2","1/2","2/2","1/1","1/2","2/2","1/2","1/2","2/1","4/2","2/1","1/1","2/2","1/1","3/2","2/2","2/1","1/2","1/2","2/2","2/1","2/1","1/1","1/2","2/1","2/2","2/1","2/1","2/1","2/1","2/1","1/2","1/1","2/2","2/2","1/2","1/1","1/2","2/1","2/2","1/1","1/1","2/1","1/1","2/1","2/1","1/1","2/1","2/1","2/1","1/1","1/1","2/2","1/2","1/1","1/2","1/1","1/1","1/2","1/1","2/1","2/1","2/2","2/2","2/1","2/2","2/1","1/2","2/1","1/1","2/2","2/2","2/1","2/1","2/1","2/2","1/1","2/2","2/2","2/1","2/2","2/1","2/1","2/2","1/2","1/1","1/2","1/2","4/1","2/1","1/2","1/1","2/1","2/2","1/1","2/2","2/2","1/2","2/2","1/2","1/1","1/1","2/2","2/1","2/2","2/2","1/1","1/1","2/2","1/2","1/1","2/1","1/2","2/2","1/1","1/1","1/1","2/1","1/2","2/1","2/1","2/1","1/2","3/2","2/1","2/1","3/4","2/1","2/2","1/2","2/1","2/2","2/1","2/2","1/1","1/2","1/2","1/2","1/1","2/2","2/1","1/2","2/1","2/2","1/1","1/2","2/2","2/1","2/1","2/1","1/1","2/1","2/1","2/1","1/2","2/2","2/2","1/2","1/2","1/1","2/2","2/1","1/1","2/2","2/1","1/2","2/2","2/2","1/1","1/2","1/1","2/2","2/1","2/1","1/1","2/1","2/2","1/2","2/2","1/1","1/1","2/2","1/2","1/1","1/2","2/1","2/2","1/1","2/2","2/2","2/1","1/1","2/2","2/2","2/2","1/1","2/2","2/1","2/2","3/2","2/1","2/1","1/2","1/2","1/1","2/1","2/1","1/1","2/2","2/1","1/1","1/2","1/2","1/1","1/1","1/1","2/2","2/1","2/2","2/1","2/1","2/2","1/1","2/2","1/1","1/2","2/2","1/1","2/2","2/2","1/1","2/1","1/2","2/2","1/2","1/2","1/1","1/2","2/1","1/1","2/2","1/1","1/2","1/2","1/2","2/2","1/2","2/1","2/1","1/1","1/2","1/2","2/2","2/1","2/1","2/1","1/2","1/2","2/2","2/1","2/2","2/1","2/2","1/2","2/2","1/2","2/1","1/2","2/1","1/1","2/2","2/2","1/2","2/1","2/2","1/2","2/2","1/1","2/2","2/1","1/2","1/2","2/2","1/2","1/1","1/1","2/1","2/1","2/2","2/1","1/2","2/1","1/1","2/2","1/2","2/2","2/1","2/2","2/2","2/1","2/2"
"IND0136","1/2","1/2","1/2","2/2","1/1","2/1","1/1","1/1","1/1","1/2","1/2","2/2","2/1","2/2","1/2","2/1","2/2","2/1","2/2","2/2","2/1","2/1","1/1","2/2","1/1","1/2","2/1","2/2","2/2","1/1","2/2","1/2","2/1","1/1","1/1","1/2","2/2","1/2","1/1","1/1","1/2","2/2","1/1","2/2","2/1","1/2","2/1","1/2","2/2","1/1","1/1","1/1","2/2","1/2","2/2","2/2","2/2","1/1","1/2","2/2","2/2","2/2","2/2","1/1","1/1","2/2","2/1","2/1","1/1","2/1","1/1","2/1","2/1","1/1","1/1","2/2","1/1","1/1","2/2","1/2","2/2","2/1","2/1","1/2","1/2","1/2","1/1","2/1","1/1","2/1","1/2","2/2","1/2","1/1","2/1","1/1","2/1","1/2","2/2","1/2","2/1","2/1","1/1","2/2","1/1","2/1","2/1","1/1","1/2","1/1","1/1","1/1","2/1","2/1","1/2","1/1","2/1","2/1","2/1","1/2","1/1","2/1","2/1","2/2","2/1","2/2","2/2","2/2","1/2","1/1","1/2","2/1","1/1","1/2","1/2","1/2","2/2","1/2","1/2","1/1","1/2","1/1","2/1","2/1","2/1","2/2","2/2","1/2","1/2","2/2","2/1","2/2","1/2","1/1","1/1","2/1","1/2","2/1","1/1","2/2","1/2","1/1","1/2","1/2","1/1","1/2","2/1","1/1","1/2","1/1","1/2","2/2","2/1","1/2","1/1","2/1","2/2","1/1","2/1","2/1","2/1","1/1","2/2","2/1","2/2","1/2","2/1","1/1","2/1","1/1","2/2","2/2","1/2","1/1","1/2","2/1","1/2","2/1","2/2","2/1","1/1","1/2","1/2","1/1","1/1","1/2","1/2","2/2","1/1","2/1","1/1","2/1","2/1","1/1","2/1","2/1","2/1","1/2","2/2","2/2","1/2","1/2","1/2","2/1","1/2","1/1","1/2","1/1","2/2","1/1","2/1","2/2","1/1","1/1","2/2","1/2","2/1","2/2","2/2","2/1","2/2","1/1","1/2","1/2","2/2","1/1","1/1","1/1","2/1","1/1","2/1","2/2","2/1","1/2","2/1","1/2","1/1","2/1","1/2","2/2","2/2","1/2","2/2","2/2","2/1","1/2","2/1","2/2","1/1","1/1","2/2","1/1","1/1","1/1","1/1","1/1","2/2","1/2","4/1","2/2","2/1","1/1","1/1","2/1","2/1","1/1","1/2","2/1","1/1","1/2","2/2","1/1","2/1","2/1","2/2","2/2","1/1","1/2","1/1","1/2","2/2","2/1","1/2","1/4","1/2","2/1","1/2","1/2","2/2","1/1","2/2","2/1","2/2","2/4","2/2","1/1","3/1","1/1","2/1","1/1","2/1","1/2","2/1","1/1","1/1","2/1","1/2","1/2","2/2","2/2","1/2","2/2","2/2","2/2","1/1","1/1","2/1","2/2","1/2","2/1","2/1","1/1","1/1","2/1","1/1","2/2","1/2","1/2","1/1","1/1","1/2","2/1","1/2","1/1","1/1","2/1","1/1","1/2","1/2","2/1","2/2","1/1","1/2","2/2","2/1","2/1","1/2","2/2","2/1","2/2","1/1","1/2","2/2","2/2","2/1","1/1","2/1","2/2","2/2","1/2","1/1","1/4","2/1","1/1","2/2","1/1","2/1","2/1","2/2","3/4","1/2","2/2","2/2","2/1","1/2","1/1","1/2","1/2","1/2","1/1","2/1","1/2","2/2","2/1","2/2","2/2","1/2","1/1","1/2","1/2","2/2","2/2","1/2","2/2","1/2","2/2","1/1","2/1","1/2","1/1","1/2","1/2","2/1","2/2","1/2","1/1","1/1","2/1","1/1","2/2","1/1","1/2","2/1","2/2","2/2","2/2","2/2","2/2","1/1","2/2","1/1","1/1","2/1","2/1","1/1","1/2","1/1","1/1","2/2","1/2","1/2","1/1","2/2","2/2","2/1","1/1","1/1","1/1","1/2","2/2","1/1","2/2","1/1","1/1","2/2","2/2","1/1","1/1","1/1","1/2","2/1","1/1","2/2","1/1","2/1","1/2","1/2","2/2","2/1","1/2","1/2","1/2","2/2","1/1","1/1","2/1","2/2","1/1","2/1","1/2","1/2"
"IND0137","2/1","1/2","1/1","1/2","1/1","2/1","1/2","1/1","2/2","1/2","2/1","1/1","1/1","1/1","2/2","2/2","1/2","1/2","2/1","1/1","2/1","1/2","2/1","1/2","2/2","2/1","2/2","1/2","1/2","2/2","2/1","2/2","1/1","2/1","2/2","2/1","1/1","2/1","2/2","2/1","2/2","2/2","2/2","1/1","2/2","1/1","1/2","1/1","2/2","1/1","2/1","1/1","2/1","2/2","2/1","2/2","1/2","1/1","2/1","2/1","2/2","2/1","1/2","2/1","1/2","1/1","2/2","1/1","2/2","1/1","1/2","1/2","1/1","2/1","1/2","1/2","1/2","1/1","2/1","2/2","2/1","2/2","1/1","2/2","1/1","1/2","1/1","1/2","1/2","2/2","1/2","2/1","1/1","2/1","2/2","2/2","2/1","2/1","2/2","1/1","1/2","1/1","2/2","2/2","2/2","1/1","1/2","1/2","1/2","2/1","2/2","1/2","1/2","1/2","2/2","1/2","1/1","1/2","1/1","1/1","1/2","1/2","1/1","2/1","2/2","2/2","3/1","2/2","1/1","2/1","2/2","1/1","2/1","2/2","2/2","2/1","1/2","2/1","2/2","2/2","2/1","2/1","2/2","1/2","1/2","2/2","1/2","1/2","1/1","2/1","1/2","1/2","1/1","1/1","1/2","1/1","2/2","1/1","2/1","2/2","2/2","2/2","2/2","2/2","2/1","1/2","1/1","2/1","1/2","2/2","2/1","1/2","2/1","1/1","1/1","2/2","2/1","2/1","1/2","2/2","2/1","1/2","2/2","2/2","1/2","2/2","1/1","2/2","1/1","1/1","1/2","2/2","2/1","1/2","1/1","2/1","2/2","2/2","2/1","2/2","2/1","2/1","2/1","1/2","3/2","1/1","2/1","1/2","1/2","2/1","2/1","2/1","2/2","2/1","1/1","2/2","1/2","1/1","2/2","2/1","2/1","2/1","1/2","1/1","2/2","1/2","2/1","1/2","1/2","2/1","2/2","1/1","2/1","2/1","2/2","1/2","1/2","1/2","1/2","1/2","2/1","1/2","1/1","2/1","2/2","2/2","1/2","1/1","1/1","1/2","1/1","2/1","2/2","1/2","1/2","1/2","2/2","2/1","1/2","1/1","1/2","2/2","1/1","2/2","2/2","1/1","1/2","2/1","2/1","2/1","1/2","1/2","1/2","1/2","2/1","2/2","2/1","2/2","2/4","1/2","2/2","1/2","2/1","1/1","1/1","1/1","2/1","1/1","1/1","1/1","1/1","1/2","2/2","1/1","1/1","1/2","2/2","1/2","2/2","1/2","1/2","2/1","1/1","1/1","2/2","1/2","1/2","2/2","1/2","2/1","1/1","2/2","2/2","4/4","1/1","1/2","3/3","2/2","1/2","1/2","2/2","1/1","2/2","2/2","2/2","2/1","2/1","2/2","2/2","2/1","2/2","1/2","1/1","1/1","2/1","1/2","2/2","1/1","1/2","1/2","1/1","1/1","2/2","1/2","2/1","2/1","1/1","2/2","1/2","1/1","1/2","1/1","2/1","1/1","2/1","1/2","1/1","2/2","2/2","2/2","1/2","1/1","1/1","1/2","1/1","2/1","1/2","2/2","2/2","1/1","2/1","2/2","1/2","2/1","1/2","2/2","1/1","2/1","2/2","2/2","1/2","4/2","2/1","2/2","2/1","1/1","2/2","2/1","2/1","3/4","2/2","1/2","2/2","1/2","2/1","1/2","2/1","2/2","2/1","1/2","2/1","1/2","1/1","1/1","2/1","2/1","1/1","2/2","2/1","2/1","1/1","1/2","2/1","2/2","2/2","2/2","1/1","1/2","2/1","1/1","2/2","2/1","1/2","2/1","2/1","1/1","1/1","2/2","1/1","2/1","2/2","2/1","1/1","2/1","1/1","1/2","1/1","1/1","2/1","1/1","1/1","1/2","2/2","1/2","1/2","2/1","1/1","1/1","1/1","1/1","2/2","1/2","2/2","1/2","1/2","1/2","2/1","1/2","1/2","1/2","2/1","1/1","1/1","1/1","1/2","1/1","1/1","1/2","1/2","2/2","1/2","1/2","2/1","2/1","2/1","2/2","1/2","1/1","1/1","2/1","1/2","2/2","2/1","1/1","2/2","2/2","2/1","1/2","2/1","1/2","1/1"
"IND0138","1/2","2/2","1/2","1/2","1/2","2/2","2/2","2/1","1/2","1/1","2/1","2/1","2/1","2/2","2/2","2/1","1/2","2/2","1/1","1/2","1/1","1/2","2/1","1/2","1/2","1/2","1/2","2/2","1/2","1/1","1/1","2/1","2/1","1/2","1/1","1/2","1/2","2/2","2/1","2/1","2/1","1/2","2/1","1/2","1/2","2/2","2/2","2/1","2/1","1/2","1/1","1/1","1/1","2/1","1/1","2/1","1/2","1/1","2/2","1/2","1/1","2/2","1/2","2/1","1/2","1/2","1/1","2/2","1/1","2/2","2/2","2/2","1/1","1/2","1/1","2/1","2/1","2/2","2/1","1/2","1/2","2/1","2/2","1/2","1/1","1/1","1/1","2/2","2/2","1/2","1/2","1/1","1/2","1/1","1/2","2/1","1/1","2/1","1/2","1/2","1/2","1/2","1/2","2/2","1/2","1/1","1/1","2/2","2/1","2/1","1/1","2/1","2/1","1/1","2/1","1/1","2/2","1/2","2/2","2/2","1/1","2/1","1/2","2/1","1/2","1/2","3/2","2/1","2/2","2/2","2/1","1/2","1/1","1/2","2/1","2/1","1/1","1/1","1/1","2/1","2/1","2/2","2/2","2/2","1/1","1/1","1/1","1/2","1/1","1/2","1/2","1/1","2/1","1/1","2/1","1/2","1/1","2/2","2/1","1/1","1/2","2/1","1/2","2/1","1/1","1/2","1/2","1/1","2/1","1/1","1/2","1/1","1/1","2/1","2/1","2/1","2/1","1/2","1/2","2/1","2/1","1/1","1/2","1/1","2/1","1/2","1/1","2/2","1/1","2/2","2/2","2/1","2/1","1/2","2/2","2/1","2/2","2/2","1/1","3/4","1/1","1/2","1/1","2/1","2/1","1/2","2/2","2/2","2/1","1/1","1/2","2/2","2/1","2/1","1/2","1/1","2/1","1/2","2/2","1/1","1/2","1/1","1/1","1/1","1/2","1/1","1/1","1/1","2/1","1/2","1/2","2/1","2/1","2/2","1/2","1/1","2/1","1/2","2/1","1/1","1/1","2/2","2/2","2/1","2/2","1/2","2/2","2/2","1/2","1/2","2/1","1/2","1/1","1/2","2/2","2/1","2/2","2/2","1/1","1/2","1/2","2/1","2/1","1/1","1/1","2/1","1/2","2/1","2/2","1/2","1/2","2/1","2/1","1/2","1/2","1/1","1/2","1/2","3/1","2/2","2/2","2/2","2/2","1/1","1/2","2/1","2/2","2/2","2/1","2/2","1/2","1/1","1/1","2/2","1/1","2/1","1/2","1/1","2/1","1/1","2/1","1/2","2/2","2/2","2/1","1/2","1/1","2/1","1/2","1/2","1/1","1/2","2/1","3/4","2/1","1/2","1/2","2/1","1/2","2/2","2/1","2/1","2/2","2/1","2/2","1/2","2/1","1/1","1/2","2/2","1/2","2/2","1/2","2/1","1/1","1/2","1/1","1/1","1/2","2/2","1/1","2/1","1/1","1/2","1/2","1/1","2/1","2/1","2/2","1/1","2/1","1/2","2/2","2/1","2/2","2/2","1/2","1/1","1/2","1/1","2/2","1/2","1/2","2/1","2/1","2/2","1/1","2/1","2/2","2/1","2/1","1/1","2/2","2/2","1/1","1/2","2/2","1/1","1/1","1/2","1/1","3/4","1/2","2/1","2/1","1/2","1/1","2/2","2/2","1/2","2/2","1/1","2/1","2/1","2/2","2/1","1/2","1/1","2/2","1/1","1/1","1/2","1/2","2/2","2/1","2/2","2/2","2/1","2/1","1/1","1/2","1/2","1/1","1/1","2/2","2/2","1/2","1/1","2/1","1/1","1/1","2/2","1/1","1/1","1/1","1/1","2/2","2/2","1/2","1/2","2/2","2/2","1/1","1/1","2/1","2/1","1/1","1/1","1/2","2/1","1/1","1/2","2/2","1/1","1/1","1/2","1/1","1/1","2/1","1/2","1/1","2/1","1/1","2/1","2/1","1/1","2/2","2/2","1/1","2/1","1/1","2/2","2/1","2/2","2/1","1/2","1/1","1/1","1/2","1/2","1/2","2/1","1/2","2/2","2/1","2/1","2/1","2/2","1/1","2/2","2/1","1/1","1/1","2/2","1/2","1/1","1/2","1/2","1/2","2/1","1/2"
"IND0139","1/1","2/1","1/2","1/1","2/2","1/1","2/2","2/2","1/1","2/2","2/1","2/2","1/2","1/1","1/1","2/1","1/1","2/1","1/2","1/2","2/1","1/2","1/1","2/1","1/2","1/2","1/2","2/1","1/2","1/2","1/1","1/2","2/2","1/2","1/2","1/1","1/1","2/1","1/2","1/2","1/1","2/1","1/1","2/1","2/1","2/2","1/1","1/2","2/2","1/1","1/1","2/2","1/2","1/2","1/1","2/1","2/2","2/2","1/1","2/2","2/1","1/1","1/2","1/2","1/1","1/2","1/2","1/1","1/2","1/2","1/2","2/1","2/1","1/2","2/1","1/2","1/1","2/1","1/2","1/2","2/1","2/1","2/2","2/1","1/1","2/2","1/1","2/2","2/2","1/2","1/1","2/2","1/1","1/1","1/2","1/1","2/1","2/1","1/2","2/1","1/1","2/2","2/2","2/1","2/2","1/2","2/2","2/2","2/1","1/1","2/2","2/2","2/2","2/2","1/1","2/1","1/1","2/1","1/1","1/2","2/1","1/1","2/1","2/2","2/1","1/2","4/3","1/2","1/2","1/1","2/1","1/1","1/1","2/1","2/2","2/1","1/2","1/1","1/2","1/1","2/2","2/2","1/1","1/2","2/2","1/1","1/1","1/2","2/1","1/2","2/1","1/1","2/1","1/2","1/1","1/1","2/1","1/2","2/1","1/2","2/2","1/2","1/2","1/1","2/1","2/1","1/1","1/2","2/1","1/1","2/2","2/2","1/2","2/2","2/1","1/2","2/1","2/1","2/2","2/2","1/2","1/2","1/1","2/1","1/1","1/2","1/2","1/1","2/2","1/2","1/2","2/1","2/1","2/1","1/2","2/2","2/2","2/2","2/1","2/1","1/2","2/1","2/1","2/2","3/4","2/2","1/2","2/1","1/1","1/2","1/2","2/2","2/2","2/2","1/2","2/1","2/1","2/2","2/1","2/1","2/1","1/1","1/2","2/2","1/1","1/1","1/2","1/1","1/1","2/1","1/1","1/1","1/2","1/2","2/1","2/1","2/1","1/1","2/1","1/2","1/1","1/1","1/2","1/2","2/1","2/1","2/1","2/1","1/2","1/1","1/1","2/1","1/1","2/1","2/1","2/1","2/2","2/1","2/2","2/1","1/1","1/1","1/1","2/2","2/1","2/1","2/2","2/2","1/2","1/2","2/2","2/1","1/2","1/2","1/1","1/1","1/1","2/2","4/4","1/2","1/1","2/2","2/1","2/1","2/2","2/1","2/2","2/2","2/2","2/1","2/2","1/1","1/2","1/1","1/1","1/1","2/1","1/2","2/1","2/1","1/1","2/2","1/2","1/4","1/2","1/2","2/2","2/1","1/2","2/1","2/2","1/1","2/1","3/1","1/1","2/1","4/3","1/1","1/1","1/2","1/2","2/1","1/2","1/1","1/1","1/1","1/1","1/2","2/1","1/2","1/1","1/2","2/2","1/1","1/2","2/1","1/1","1/1","2/1","2/2","1/2","2/2","2/1","1/1","1/2","2/1","2/1","1/2","2/2","2/2","1/1","2/2","2/1","2/1","1/2","2/2","2/2","1/1","2/2","1/1","1/2","1/1","1/1","2/1","1/1","1/1","2/2","2/2","2/1","1/2","2/1","2/1","1/1","1/2","1/1","2/1","1/2","2/1","1/2","2/2","2/1","1/2","1/1","2/1","1/2","1/1","2/1","2/1","1/2","2/4","2/1","1/2","1/1","2/1","2/2","1/2","1/2","2/1","2/2","2/1","2/2","1/2","1/1","2/2","2/2","2/2","2/1","1/2","2/1","2/2","2/2","1/2","2/1","2/2","1/1","2/1","2/1","1/1","2/1","2/1","1/1","2/2","1/1","1/2","2/2","1/1","1/1","1/1","2/1","1/2","1/1","1/2","2/2","2/2","1/1","2/2","1/1","1/1","1/1","1/1","2/2","2/2","2/1","1/2","2/1","2/2","2/2","2/1","1/2","2/2","1/2","2/1","2/1","1/2","2/1","2/1","1/2","1/2","1/1","1/1","1/1","2/2","1/1","1/2","1/2","1/1","1/1","1/1","1/2","1/1","1/2","2/1","2/2","2/2","2/2","2/2","1/1","2/2","2/2","2/1","2/1","1/2","2/2","2/2","1/1","2/1","2/1","1/1","2/1","1/1","1/1"
"IND0140","2/1","2/1","2/2","2/1","2/1","1/2","1/1","2/2","2/1","1/1","1/2","2/1","1/2","1/2","1/2","2/1","1/1","1/1","1/1","2/1","2/1","1/1","2/1","2/2","1/2","2/2","2/2","1/1","1/1","2/1","1/1","1/2","1/1","2/2","2/2","1/2","2/2","1/2","1/1","2/2","2/1","2/1","2/2","1/2","1/1","1/1","1/2","1/2","1/1","1/1","1/1","2/2","1/1","1/1","1/1","2/2","1/2","2/1","1/1","2/2","1/1","1/1","2/2","1/2","2/1","1/2","1/1","1/2","1/1","2/1","1/2","2/1","1/1","2/2","2/1","2/2","1/1","2/1","1/1","2/2","1/1","2/2","1/1","2/2","1/1","2/1","2/1","1/1","1/2","2/2","2/1","2/1","2/2","1/2","2/1","1/1","2/1","1/1","1/2","2/2","1/1","1/2","2/2","1/1","1/2","2/2","1/2","1/2","2/1","1/1","2/2","2/2","1/1","2/2","2/2","2/1","1/1","2/1","1/2","1/2","2/1","2/2","1/1","1/2","1/1","1/2","4/2","2/1","2/2","1/2","2/2","2/2","2/2","1/1","2/2","1/2","2/2","1/1","1/2","2/1","2/2","2/2","2/1","1/2","2/2","1/2","1/2","1/1","2/1","1/2","1/2","2/2","2/1","1/1","1/1","1/2","1/1","1/1","1/1","2/1","1/2","2/1","2/1","2/2","1/2","2/1","2/1","2/2","1/2","2/1","1/1","1/1","1/1","2/1","2/1","1/1","2/2","2/1","2/2","2/2","2/1","2/2","2/2","1/2","2/1","2/1","1/2","2/2","1/2","1/2","1/2","2/2","1/1","2/2","1/1","2/1","1/1","1/2","1/1","3/2","2/2","2/2","1/1","1/1","1/4","2/2","2/1","1/1","2/1","2/2","1/1","1/2","2/1","2/2","2/2","1/2","1/1","1/2","2/1","2/1","2/2","2/1","2/2","2/1","2/2","2/2","2/1","1/2","2/2","1/2","1/1","2/1","2/2","2/2","2/1","2/1","1/2","1/1","1/1","2/1","1/2","2/1","1/2","1/2","2/1","1/1","2/2","2/1","2/1","1/2","2/2","1/1","2/1","2/2","2/2","2/2","1/2","2/2","1/1","1/2","1/1","2/2","2/1","1/1","1/2","2/1","2/2","1/1","1/2","2/1","1/2","1/1","2/2","1/2","2/2","1/1","2/1","2/2","2/1","1/2","2/2","1/1","1/2","2/2","1/1","2/2","2/1","1/2","2/1","2/1","1/2","1/2","2/1","1/1","2/2","1/2","2/2","1/1","2/2","2/2","1/2","2/2","2/1","1/4","2/1","2/2","1/2","1/2","2/2","2/1","1/2","2/2","2/2","4/4","2/1","2/2","3/4","1/2","2/2","1/1","1/1","1/1","1/1","1/1","1/1","2/1","2/2","2/2","1/2","1/2","1/2","1/1","1/2","2/2","2/2","2/2","2/2","2/2","2/2","1/1","1/1","1/1","2/2","2/2","1/1","2/2","1/2","2/2","2/2","2/2","1/2","1/1","1/1","2/2","2/1","2/1","1/1","1/1","1/1","1/2","1/1","2/1","1/2","1/2","1/2","1/1","1/2","2/2","2/2","2/1","2/2","2/2","1/1","1/2","2/2","1/1","1/2","1/1","2/2","2/1","1/2","3/2","2/2","1/1","1/2","2/1","1/2","1/2","2/1","1/2","2/2","2/2","1/2","1/1","2/2","1/1","2/2","2/1","2/1","1/2","2/1","1/2","2/1","1/1","1/2","2/1","1/1","2/2","1/2","2/1","2/2","2/1","2/1","1/1","1/1","1/1","1/1","1/1","2/2","2/1","1/2","1/2","1/1","1/1","1/2","2/2","1/1","2/2","1/1","2/2","2/1","1/1","2/1","2/1","2/1","1/1","1/2","1/1","2/2","2/1","2/2","1/1","2/1","2/1","2/2","1/1","1/1","1/2","2/1","2/2","1/1","1/2","2/1","1/1","1/1","2/2","2/2","1/1","1/2","2/1","2/1","2/1","2/1","2/2","2/2","1/1","2/2","2/2","2/2","2/2","1/2","1/2","2/2","1/1","2/1","2/2","2/1","2/1","2/1","2/1","1/1","2/1","1/1","1/1","1/2","2/2","2/2","2/1","2/1","2/2","1/2"
"IND0141","2/1","1/2","1/2","2/1","2/1","2/1","2/1","2/2","2/1","1/2","1/2","2/2","1/2","1/2","2/1","1/1","2/2","2/1","2/2","1/1","2/1","2/2","1/2","1/1","2/1","2/2","2/2","2/1","2/1","1/1","2/2","1/2","2/2","1/2","1/1","1/1","2/1","1/2","2/1","1/2","1/2","1/1","2/2","1/2","2/1","2/1","2/2","2/2","2/2","2/1","2/1","1/2","2/2","2/2","2/1","2/2","2/1","2/2","2/2","2/1","2/1","2/2","1/1","2/1","2/2","2/2","2/1","2/2","1/1","2/2","2/2","2/1","1/1","1/1","1/1","1/1","1/1","2/1","2/1","1/2","1/1","1/1","2/2","2/2","1/1","2/1","2/2","1/1","2/2","1/1","1/2","2/1","1/2","1/2","2/2","1/1","1/2","2/2","2/1","1/1","1/2","1/1","1/2","2/1","2/2","1/1","2/1","2/1","1/2","1/1","1/1","2/1","2/1","2/1","2/1","2/1","1/2","1/2","1/1","2/2","2/1","2/1","1/1","1/1","1/1","1/2","2/3","1/1","1/2","2/2","2/2","2/2","2/1","2/1","1/1","1/2","1/1","1/2","1/2","1/2","1/2","1/1","1/2","1/1","2/1","2/2","1/2","1/2","2/1","2/1","2/2","2/2","2/1","2/2","2/1","1/1","2/1","1/2","2/1","1/1","1/2","2/2","2/2","1/1","2/2","2/2","1/2","1/2","2/2","2/1","1/1","2/1","1/1","2/1","1/2","2/2","1/2","1/2","1/1","1/1","1/1","1/2","1/2","1/1","1/1","2/1","2/1","1/2","1/1","2/1","2/2","2/1","1/2","1/2","1/2","2/1","1/2","2/2","1/1","3/3","2/1","2/1","1/2","2/1","2/2","1/2","1/1","1/1","2/1","2/2","1/2","1/1","2/2","1/1","1/2","2/1","1/2","2/1","2/1","1/2","2/2","1/1","1/1","1/2","1/1","1/1","2/1","1/1","1/1","1/1","1/2","2/1","1/1","2/1","2/2","1/2","1/1","1/1","1/1","2/2","2/1","1/2","1/2","2/1","2/2","1/1","1/2","1/1","1/1","2/2","2/1","2/2","2/1","2/2","2/2","1/2","1/2","2/1","2/1","1/1","1/2","2/2","1/2","1/1","1/1","2/1","2/2","1/2","1/1","1/2","2/1","2/1","2/2","1/1","1/1","1/2","2/1","2/1","4/2","2/2","1/1","1/2","2/2","2/2","1/2","2/2","1/2","2/2","2/1","1/2","1/2","2/2","2/2","1/2","1/2","2/2","1/1","1/2","1/1","2/2","2/2","2/2","2/1","1/3","1/1","2/2","2/1","1/2","2/2","1/2","2/2","1/1","1/1","1/1","1/2","2/1","1/1","1/1","1/1","1/1","1/1","2/2","1/1","1/2","1/1","1/2","1/2","1/1","2/1","1/2","1/1","1/1","2/1","2/1","1/2","1/2","1/2","2/1","1/2","2/1","1/2","2/1","1/2","2/1","1/2","1/1","2/1","1/2","1/1","1/1","2/2","1/2","1/1","2/2","2/2","2/2","2/1","2/2","2/1","1/2","2/2","1/2","1/2","1/1","2/2","1/2","1/2","1/1","1/2","2/1","2/1","1/2","2/2","1/1","1/1","1/1","1/1","2/2","2/1","2/2","1/2","4/1","1/2","2/2","2/2","1/1","2/2","2/1","1/2","2/3","1/2","2/2","2/2","2/1","2/2","1/2","1/1","2/1","2/2","2/1","2/1","2/2","2/2","1/2","1/2","2/2","1/1","2/2","2/2","1/2","1/2","1/2","2/2","2/1","1/1","1/1","1/2","1/2","1/1","1/2","1/2","2/2","2/1","1/2","1/1","1/1","2/1","2/2","1/1","1/1","1/1","2/2","1/1","2/2","1/1","2/2","1/1","2/1","1/1","1/1","1/1","1/2","1/2","1/2","1/2","1/2","1/1","1/1","1/2","2/2","1/1","2/2","2/2","1/1","2/2","1/2","1/2","2/2","2/1","1/1","1/2","2/2","2/1","2/2","1/2","1/1","1/2","1/2","2/2","2/2","1/2","2/2","2/2","2/1","1/1","1/2","2/1","1/2","1/1","1/1","2/1","2/1","1/1","1/2","2/2","2/2","2/2","2/1","2/2","1/2","2/2"
"IND0142","1/2","1/2","1/1","1/1","1/1","1/2","1/1","1/2","2/1","2/2","1/1","2/1","2/2","2/1","2/2","1/1","1/1","1/1","1/1","2/1","1/2","1/2","1/1","2/2","2/1","2/2","2/1","1/2","2/2","1/2","1/1","2/1","1/2","1/2","1/1","2/1","2/2","1/1","1/1","2/2","1/1","2/1","2/1","2/2","2/1","2/2","1/2","2/1","1/1","2/2","2/1","1/1","2/2","1/1","2/2","1/2","1/2","1/2","2/2","2/1","2/1","2/2","1/1","1/2","1/2","2/1","1/1","1/2","2/2","2/1","1/2","2/1","1/1","2/2","1/1","2/1","2/2","1/2","2/2","2/2","1/2","1/2","1/1","1/1","1/2","2/2","2/2","2/1","2/1","2/2","1/1","1/2","1/2","1/2","1/1","2/1","2/2","2/2","2/2","2/2","2/1","1/2","2/1","2/1","2/2","1/1","1/2","2/1","2/1","2/2","1/1","1/2","1/2","1/2","2/1","2/2","1/1","2/2","1/1","2/1","2/2","2/2","1/2","1/1","2/1","2/1","4/2","2/1","1/2","1/1","1/2","2/2","1/1","1/1","1/1","1/1","1/2","1/1","1/2","1/2","1/1","2/1","1/1","2/2","2/2","1/1","2/2","2/2","2/2","1/1","1/2","2/1","1/1","1/1","1/2","1/1","1/2","1/1","1/1","2/1","1/1","1/1","1/2","2/2","2/2","2/2","1/1","1/2","2/1","1/2","1/1","1/1","1/1","1/1","1/1","1/1","2/1","1/2","1/2","1/1","2/1","2/2","1/1","1/2","1/2","2/1","2/1","2/2","2/2","1/1","2/1","2/1","2/2","2/1","2/1","2/2","1/1","1/1","1/1","2/2","1/2","1/1","1/1","2/1","1/2","1/1","2/2","2/2","2/2","1/2","1/1","2/1","1/1","2/1","2/1","1/1","1/2","1/1","2/2","1/2","1/2","2/2","1/2","1/1","2/2","1/1","1/2","1/2","2/1","2/2","1/2","2/1","1/1","2/1","2/1","2/2","2/2","1/1","2/2","1/1","2/1","1/2","2/2","2/2","2/1","2/2","1/1","2/1","1/2","2/2","2/1","2/2","2/1","1/2","1/1","2/1","2/1","1/2","2/2","2/1","1/1","2/2","2/1","1/1","2/2","2/1","1/2","2/1","2/2","2/2","1/2","2/1","1/1","2/1","2/2","2/1","1/2","1/1","4/1","1/1","1/1","1/1","2/1","2/1","1/1","2/2","2/1","2/2","2/2","1/2","1/1","1/2","2/2","2/2","1/1","2/1","1/1","1/2","1/2","1/1","2/2","1/2","1/2","1/1","2/1","2/1","1/1","1/1","2/2","2/1","1/1","2/1","2/1","4/1","2/1","2/2","1/1","2/1","2/1","2/1","1/1","2/2","1/1","1/2","2/1","1/2","2/2","2/1","1/2","1/1","2/1","2/2","2/2","1/2","1/2","1/1","1/1","1/2","1/1","2/2","2/1","1/1","1/2","1/2","2/1","1/1","2/1","1/2","2/1","2/1","2/2","2/1","2/2","1/1","2/1","2/2","2/1","1/2","2/1","1/2","2/1","1/2","1/1","1/1","1/2","1/1","2/1","2/2","2/1","1/2","2/2","2/1","2/2","1/2","2/1","1/1","2/1","2/1","1/1","2/1","2/2","1/1","2/2","1/1","1/1","1/2","1/1","2/1","1/2","1/3","2/1","1/2","2/2","2/1","2/2","2/1","2/1","1/2","2/2","2/2","1/2","1/2","2/2","2/1","2/2","1/1","1/2","2/1","1/2","1/2","1/1","2/1","2/2","2/1","2/2","2/1","1/1","1/1","1/2","1/2","1/2","2/2","2/2","2/2","2/1","1/1","2/2","1/2","1/1","2/2","2/2","2/1","2/1","2/2","2/2","2/1","2/1","1/2","2/1","1/2","1/2","1/1","1/2","1/1","2/2","1/2","2/2","2/2","2/1","2/1","2/1","2/1","2/2","2/2","1/2","1/1","2/1","1/1","2/1","1/2","2/1","2/2","1/1","1/1","2/2","1/2","1/2","1/2","2/2","1/1","2/1","2/1","1/1","2/1","2/1","2/1","1/1","1/2","1/1","1/1","1/2","2/1","1/2","2/1","2/1","1/1","1/2","1/2","1/1","1/1","2/2"
"IND0143","1/2","2/2","2/2","1/2","2/2","2/1","1/1","2/1","2/2","1/2","1/2","1/2","2/1","2/1","1/2","1/1","2/2","2/2","2/2","1/1","1/2","2/2","1/2","2/2","1/2","2/2","2/1","1/2","1/1","2/2","2/2","1/1","1/1","2/2","1/2","1/1","1/1","2/2","1/1","2/2","1/1","1/2","2/2","2/1","2/1","2/2","1/2","1/1","1/2","1/1","1/2","1/2","1/1","2/2","2/2","2/1","2/2","2/1","1/2","1/1","1/1","2/1","2/2","2/1","2/2","1/2","1/1","1/1","2/1","2/1","2/1","2/2","1/2","1/1","1/1","1/2","1/1","2/1","2/1","1/2","1/1","1/2","1/1","1/2","2/2","2/2","1/2","2/2","1/1","1/2","2/2","2/2","1/2","1/2","1/1","2/2","2/1","1/2","1/1","2/1","1/1","2/2","2/2","2/2","2/2","2/2","1/1","1/2","2/2","1/1","2/1","1/2","1/1","1/1","1/2","1/2","2/2","2/1","1/1","2/1","2/1","1/2","2/2","2/2","2/1","1/2","3/3","1/1","1/2","2/1","2/2","2/2","1/2","1/1","1/1","2/1","1/1","1/2","2/1","1/2","2/2","1/1","2/2","2/1","2/1","2/1","1/2","2/2","2/2","2/2","2/2","2/1","1/1","1/2","1/1","2/2","1/1","1/2","2/2","1/1","1/1","2/1","1/2","1/1","1/2","2/1","1/2","2/1","1/1","1/1","1/2","1/2","1/2","1/1","2/1","2/1","1/2","2/2","1/2","2/1","1/2","1/2","2/1","1/1","2/2","1/2","1/2","2/1","2/1","1/1","1/1","2/1","2/2","2/1","1/2","2/2","2/2","2/1","2/2","2/4","1/2","2/1","2/1","1/1","2/1","1/2","1/2","1/2","1/2","2/1","1/1","2/1","1/2","2/1","1/1","1/2","2/1","2/2","2/2","1/1","1/2","2/2","2/1","2/2","1/1","2/1","2/2","2/1","2/2","1/1","1/2","2/2","2/1","1/1","2/1","2/2","2/1","1/2","2/1","1/2","2/2","1/2","1/1","1/2","1/2","2/1","2/2","1/2","2/2","1/1","1/1","2/2","2/2","1/2","2/2","1/2","2/1","2/1","1/2","1/2","1/2","1/2","2/1","2/2","1/1","2/2","2/1","1/2","1/2","1/1","2/1","2/1","2/2","1/2","1/2","2/1","1/1","1/1","1/2","2/1","1/1","1/2","2/1","1/1","2/2","2/2","1/1","1/1","2/2","1/1","2/1","1/1","2/1","2/2","1/2","2/1","2/1","1/1","2/2","2/2","2/1","1/2","1/1","1/2","1/2","1/2","2/1","1/2","1/2","2/1","2/2","1/2","2/2","2/2","2/2","1/2","3/4","2/2","1/1","2/2","2/2","1/1","2/2","2/1","1/1","2/2","2/1","2/1","1/2","2/1","1/2","2/1","2/1","1/1","1/2","1/2","2/1","2/2","2/1","2/1","1/1","2/2","1/2","1/2","1/2","1/2","1/1","2/1","1/2","1/1","1/1","1/1","2/2","1/2","1/1","2/1","1/1","1/1","1/2","2/1","1/1","2/1","2/1","2/1","2/2","1/2","2/1","1/1","1/2","2/1","2/2","2/1","1/2","1/2","2/1","2/1","2/1","1/1","1/1","1/2","2/2","3/1","2/2","1/2","1/1","1/1","2/2","1/2","2/1","3/3","1/2","1/1","2/1","2/1","1/2","2/1","2/1","2/1","1/2","1/1","2/1","1/1","1/2","2/2","2/1","2/1","2/2","2/2","1/2","2/2","1/1","1/1","1/2","1/2","2/1","2/1","1/1","1/1","1/2","1/1","1/2","2/2","2/1","1/1","2/1","2/2","1/1","1/1","1/1","1/2","1/2","1/2","2/1","1/1","2/2","1/2","2/2","1/1","2/1","1/1","2/2","1/2","2/2","1/2","1/2","2/2","1/1","1/2","1/2","2/2","1/2","1/1","2/1","2/1","1/1","2/2","1/2","1/2","1/1","2/2","1/2","1/1","2/1","1/1","2/2","1/2","1/1","1/1","1/1","2/1","2/1","2/2","2/2","2/1","2/2","1/1","2/1","2/2","1/2","1/2","1/1","1/1","1/2","2/2","1/2","2/1","1/1","1/2","2/2","2/1","1/1"
"IND0144","2/1","1/2","1/2","2/2","2/1","1/2","1/2","2/2","1/1","1/2","1/2","2/1","2/2","2/2","1/1","1/2","1/1","1/1","1/1","1/1","1/1","1/2","1/2","2/2","1/1","1/2","1/1","1/2","2/1","2/2","2/1","2/1","2/2","1/1","2/2","1/2","2/1","1/2","2/1","2/2","2/1","1/2","2/1","1/2","1/2","1/1","2/1","2/1","1/1","1/2","1/2","1/2","2/2","1/1","1/2","2/1","2/1","1/2","2/2","2/1","2/1","1/2","1/1","2/1","1/1","1/2","2/1","2/2","2/1","2/2","1/1","2/1","2/2","1/1","1/2","2/1","2/2","2/1","2/2","2/2","1/1","2/2","1/2","2/2","1/1","1/1","2/2","2/1","2/2","2/2","1/2","1/1","2/2","2/1","1/1","1/1","2/1","2/2","1/2","2/2","2/1","1/1","2/1","2/2","2/2","2/2","1/2","2/1","1/1","2/1","2/1","1/2","2/2","2/1","2/2","1/2","1/1","2/1","2/1","2/2","1/2","1/1","1/2","2/2","2/1","1/1","3/3","1/2","2/2","2/1","2/2","2/2","2/1","1/2","1/1","1/2","1/1","1/2","2/1","1/2","2/2","1/2","2/1","1/2","1/2","1/2","1/2","2/2","2/2","1/2","2/2","2/2","2/2","2/1","1/1","1/1","1/1","2/1","1/1","2/1","1/1","1/1","1/2","1/2","2/2","1/2","1/2","2/1","2/2","1/2","2/1","2/1","1/1","1/2","2/2","1/1","1/1","1/2","2/1","1/2","2/1","1/1","2/1","1/2","2/2","2/1","2/2","1/1","2/2","1/2","2/2","2/1","1/1","2/2","2/2","2/1","2/1","1/1","1/2","2/1","1/1","1/1","1/2","1/2","4/4","2/1","1/1","2/1","1/1","2/2","1/1","1/2","2/1","1/2","2/2","1/1","2/1","1/1","2/1","1/1","1/2","1/2","1/1","2/1","2/2","2/2","1/1","1/2","1/1","1/2","2/2","2/1","1/1","2/2","1/2","2/2","2/2","1/1","1/1","2/1","1/2","2/2","2/2","1/2","2/2","1/2","2/1","2/1","1/2","1/1","2/1","2/2","1/1","1/1","2/1","1/1","1/1","1/1","2/2","2/2","2/1","2/2","1/2","1/2","2/2","2/2","2/2","1/2","1/1","2/2","2/2","1/2","1/1","2/1","2/2","1/1","2/2","2/2","3/2","1/2","2/2","2/1","1/2","2/2","2/1","2/1","1/2","2/2","1/2","2/2","1/1","1/1","1/1","2/2","1/1","2/1","1/1","2/2","1/2","1/1","1/1","2/2","1/1","4/1","2/1","2/2","1/2","1/2","2/1","1/2","1/1","2/2","1/2","3/1","2/2","2/2","3/4","2/1","2/1","2/2","1/1","1/1","1/2","1/2","2/1","2/2","1/2","2/2","2/1","1/1","2/2","1/1","2/2","2/1","1/2","2/2","2/2","2/1","2/1","1/2","1/2","2/2","2/2","2/1","1/2","2/1","2/1","1/1","2/1","2/2","1/2","1/1","1/1","2/1","2/2","2/2","1/2","1/1","1/1","2/2","2/2","2/1","2/1","2/2","2/2","2/1","1/1","2/2","2/2","1/2","2/2","2/2","2/1","1/2","1/2","1/1","1/1","2/2","1/2","2/2","1/1","4/1","1/1","1/2","1/1","1/1","1/1","2/1","2/2","1/2","1/2","2/1","1/1","2/2","1/1","2/1","2/2","1/1","1/2","1/1","1/1","2/1","1/1","2/2","1/1","1/2","2/1","1/1","2/1","2/1","2/1","1/1","1/2","2/1","1/1","2/1","2/1","2/2","1/1","2/2","1/1","2/1","2/2","2/1","1/1","2/1","1/1","1/1","2/2","1/1","2/2","1/1","2/1","1/2","1/2","2/1","1/1","1/2","2/1","1/1","1/2","1/2","2/2","1/2","1/1","2/1","1/2","2/1","1/1","2/1","1/2","2/1","1/2","2/2","1/2","1/2","1/1","2/2","2/1","1/1","2/1","2/2","1/2","2/2","2/1","1/1","1/2","2/1","2/2","2/2","1/1","1/2","1/1","1/2","1/2","2/1","2/2","1/1","1/2","2/2","1/2","2/1","1/1","2/1","2/2","2/1","1/1","1/2","1/2","1/1","1/1"
"IND0145","1/2","1/1","2/1","2/1","2/1","2/1","1/2","1/1","1/1","2/1","1/1","2/2","2/2","2/1","2/2","1/1","1/1","2/1","2/2","1/1","1/1","2/1","2/1","2/2","1/1","2/1","2/2","2/1","1/2","2/1","1/2","1/2","2/2","1/1","2/2","1/1","2/1","2/1","1/1","1/1","1/1","1/2","2/1","2/2","2/2","2/2","1/2","2/2","2/2","1/1","1/1","1/2","1/1","2/2","2/2","2/1","2/2","2/2","1/2","2/1","2/1","1/2","1/2","1/1","1/2","2/1","2/2","1/1","1/2","1/2","1/2","1/2","2/1","2/2","1/1","2/1","1/1","2/1","1/2","1/2","1/1","2/2","1/2","1/2","2/2","1/1","1/1","1/1","2/1","1/1","1/2","1/1","1/1","1/1","2/2","2/2","2/1","2/1","2/2","2/1","1/2","2/1","1/2","1/2","2/2","1/2","2/2","2/2","2/1","2/2","2/2","2/1","2/2","1/2","2/2","2/2","1/2","2/2","1/1","2/1","1/1","2/1","1/2","1/2","2/1","2/2","2/3","1/2","2/2","2/2","2/2","1/1","1/1","1/2","1/1","2/1","2/1","2/1","2/2","2/2","1/2","1/1","1/2","1/2","1/1","2/1","1/1","1/2","1/1","2/2","2/2","1/1","1/1","1/2","2/2","1/1","1/2","1/2","2/2","1/2","2/1","2/2","1/1","2/1","1/2","2/1","2/2","2/2","2/2","1/1","1/2","2/2","1/1","2/2","2/2","2/2","2/1","1/2","2/2","1/2","1/2","2/1","2/2","1/2","1/1","1/1","1/2","1/2","2/2","2/2","2/2","1/2","2/1","1/1","2/2","1/2","2/1","1/2","1/1","3/2","2/2","2/1","2/1","1/2","2/3","1/2","2/1","2/2","2/1","1/2","1/2","1/1","1/2","1/1","2/2","1/2","2/2","2/1","2/2","1/1","2/1","1/1","2/2","2/1","1/1","2/1","1/2","2/1","1/1","2/1","2/1","1/2","2/2","2/1","2/2","1/2","2/2","1/2","2/1","2/2","2/2","2/2","2/1","2/2","2/1","2/2","1/2","1/1","1/2","1/1","2/2","2/2","1/2","1/2","2/2","2/2","2/1","1/1","2/1","2/2","2/1","1/1","1/2","2/2","2/1","1/2","1/1","2/1","2/1","1/1","2/1","1/1","2/2","1/2","1/2","2/2","2/2","2/2","4/1","2/2","2/2","2/2","1/2","2/1","2/1","2/1","2/1","2/2","2/2","1/2","1/1","2/2","2/1","1/2","2/1","2/1","1/2","1/1","2/1","1/2","1/1","1/1","2/1","4/2","2/2","2/2","2/2","2/1","1/1","1/1","2/2","1/2","2/2","1/1","2/2","1/1","4/3","1/2","1/2","2/2","2/2","1/2","1/1","1/1","1/1","1/2","2/2","2/1","2/2","2/2","2/1","1/2","1/1","1/1","1/2","2/1","1/1","2/1","1/2","2/1","1/2","1/2","1/2","1/2","1/1","1/2","2/2","2/2","2/1","2/1","1/1","2/2","2/1","1/1","2/2","1/2","2/1","2/1","1/2","2/2","2/1","1/1","2/2","1/2","2/1","2/2","2/1","1/2","1/2","2/1","1/2","2/1","1/1","2/1","1/1","1/1","1/2","2/2","2/1","2/2","1/2","1/3","1/2","2/1","1/2","2/2","1/1","2/1","2/1","2/4","2/1","1/1","1/2","2/2","2/1","1/2","1/2","2/2","1/1","1/1","2/1","1/2","2/2","1/1","1/1","1/2","2/2","2/2","2/2","2/2","1/1","2/2","1/2","2/2","2/2","1/1","1/1","1/2","2/2","1/2","2/1","1/1","2/1","1/2","2/2","1/1","1/2","2/2","2/2","2/2","1/1","1/2","2/2","1/2","1/1","2/1","1/1","1/2","1/1","2/1","1/2","1/2","2/2","2/2","2/1","1/1","2/2","1/1","2/1","1/2","1/2","1/1","2/2","2/1","1/2","2/2","2/1","2/1","1/2","2/1","2/2","1/1","2/1","2/2","1/2","2/1","2/1","2/1","1/2","1/1","1/1","1/2","1/2","2/1","1/2","2/2","1/1","1/2","1/1","2/2","2/2","2/2","1/2","2/1","1/2","1/2","2/2","2/1","2/2","1/1","1/2"
"IND0146","2/1","2/1","2/2","1/1","2/2","1/1","2/1","2/1","2/1","2/2","1/1","2/2","1/2","1/2","1/2","2/2","2/1","1/1","1/1","2/1","1/2","1/1","1/2","1/2","1/1","2/2","1/1","2/1","2/2","2/1","2/1","2/1","1/2","2/1","1/2","2/1","2/2","2/1","1/2","1/1","1/2","1/2","1/2","1/1","1/2","2/1","2/1","1/2","1/2","2/1","2/1","2/2","2/1","2/1","2/1","1/1","2/2","1/1","2/2","2/2","2/2","1/1","1/2","2/2","1/1","2/2","2/2","2/2","2/1","2/1","2/1","1/2","2/2","2/2","1/2","1/1","2/1","1/2","2/1","1/2","1/1","2/1","1/2","1/2","2/1","2/1","1/1","2/1","2/1","1/1","1/1","1/2","1/1","2/2","2/2","2/2","2/1","1/2","2/2","2/1","1/1","1/2","1/1","2/2","2/2","1/2","2/2","1/2","1/2","1/2","2/1","2/1","1/1","2/2","1/1","1/2","2/2","1/1","2/1","1/2","2/2","1/2","1/1","2/2","2/1","1/2","1/3","2/1","1/1","1/2","1/2","1/1","2/1","2/1","2/2","2/2","2/1","2/2","2/1","1/1","1/2","1/2","2/2","1/2","1/2","2/2","1/1","2/2","2/1","2/1","2/2","2/2","2/2","1/1","2/2","2/2","2/1","2/1","2/2","1/2","2/2","1/2","1/1","1/2","2/1","1/1","2/2","1/1","2/2","2/1","1/1","1/2","2/2","1/2","1/1","1/1","2/1","2/2","2/2","1/2","1/2","2/1","1/1","1/2","2/1","1/2","1/1","1/2","1/1","1/1","1/1","1/1","1/1","1/2","1/2","1/1","2/2","2/1","2/1","1/1","2/2","1/1","2/2","1/1","2/4","2/1","2/1","1/1","1/2","2/2","2/1","2/1","1/2","1/1","1/1","2/1","1/2","1/2","1/1","2/2","1/2","2/1","1/2","1/1","2/1","1/2","1/2","1/1","2/1","2/2","2/2","2/1","2/1","1/2","2/2","2/1","1/2","1/2","1/2","1/2","2/1","2/1","1/2","2/2","2/1","2/2","1/2","1/1","2/1","1/1","2/1","2/1","1/1","1/1","1/2","2/1","2/1","2/1","2/1","2/1","1/1","2/2","1/1","2/2","1/2","2/1","2/2","2/1","2/2","2/2","1/1","2/1","2/1","1/2","2/2","1/1","2/2","1/2","2/4","2/1","2/2","1/2","1/1","2/2","2/1","1/2","2/1","1/1","1/1","1/1","1/2","1/1","1/2","2/2","1/2","2/1","2/1","2/1","1/1","2/1","1/2","2/1","2/2","3/2","1/1","1/2","2/1","2/2","2/2","1/1","2/1","2/2","2/1","3/4","2/1","1/1","4/1","1/1","1/2","2/1","2/1","1/2","2/2","1/1","2/2","1/1","2/2","2/1","2/1","2/1","1/2","1/1","1/1","2/2","1/2","2/2","1/1","2/1","1/1","1/2","2/1","2/1","2/2","2/1","1/1","2/2","2/1","2/1","1/1","1/1","2/2","2/1","1/1","1/1","2/2","1/1","1/2","1/2","1/1","2/2","1/1","2/1","2/1","2/2","2/2","1/1","1/2","2/2","2/1","1/2","2/2","2/1","1/2","2/1","1/2","2/1","2/1","1/1","1/2","1/1","2/1","3/1","2/2","2/1","1/1","1/1","2/1","1/1","2/1","2/3","1/1","2/2","1/2","1/2","1/1","1/1","2/1","2/2","2/2","2/2","2/1","1/1","2/2","1/1","2/2","1/1","1/2","1/1","1/1","2/1","2/2","1/1","2/2","1/2","2/1","2/1","1/1","2/1","1/2","1/2","2/1","1/1","1/1","2/1","2/2","2/2","2/1","1/2","2/1","2/1","2/2","2/2","2/2","1/2","2/2","2/2","1/1","2/1","1/1","1/1","2/1","1/2","1/2","2/2","1/2","1/1","1/2","1/1","2/1","2/2","1/2","2/2","2/2","1/2","1/2","2/1","1/1","2/2","1/1","2/1","1/2","2/2","2/1","2/2","1/1","2/2","1/2","1/1","1/1","2/1","2/1","1/1","2/1","2/2","1/2","1/2","2/2","2/1","1/1","1/2","2/1","2/1","1/2","2/2","1/1","1/2","1/1","2/1","1/1","2/1","1/1"
"IND0147","1/2","2/2","2/1","1/1","1/2","2/1","1/1","2/1","2/2","1/1","1/2","1/1","1/2","1/1","2/1","2/2","1/1","2/2","2/2","1/2","2/1","2/2","2/2","1/2","1/2","2/2","1/2","2/2","1/2","2/2","2/2","1/1","1/1","2/2","2/1","2/1","2/1","1/1","2/2","2/1","1/2","2/1","2/2","1/2","1/1","2/2","1/2","1/2","1/2","1/2","1/1","1/1","2/1","1/2","1/2","1/2","1/2","2/1","1/2","1/2","2/1","2/1","2/1","1/1","2/1","1/2","2/2","1/2","2/2","1/1","1/1","1/1","2/1","2/1","1/2","2/2","1/2","1/2","1/2","2/1","1/1","1/1","1/1","1/2","1/2","2/1","2/1","2/1","2/1","2/2","2/1","2/1","2/2","1/1","1/1","2/1","2/2","1/1","2/2","2/2","2/2","1/2","1/1","1/1","1/2","1/1","1/1","2/1","2/2","1/1","2/1","1/1","2/2","2/1","2/1","2/2","1/1","1/1","1/2","1/1","2/2","1/2","1/1","1/2","2/1","1/2","1/2","2/1","1/2","1/1","2/2","1/1","2/2","2/2","1/1","2/1","1/2","1/2","1/2","2/2","2/2","1/2","1/2","1/2","1/1","1/2","1/2","2/2","1/2","1/2","1/1","1/1","2/2","2/2","2/2","2/1","2/2","2/2","1/2","2/2","1/2","1/2","1/1","2/2","2/2","1/2","2/2","2/2","1/2","2/2","2/1","2/1","1/2","2/2","1/1","1/2","1/1","1/2","2/1","2/1","2/2","1/2","1/2","2/2","1/1","1/1","2/1","1/2","1/1","2/1","1/1","1/2","1/1","2/2","1/2","2/2","1/2","2/1","2/1","2/4","2/2","1/1","2/2","1/2","4/2","1/1","1/1","1/2","1/1","1/2","1/2","1/1","1/2","2/1","2/2","2/2","1/1","1/2","2/2","1/2","2/1","2/2","2/1","1/2","1/2","1/2","1/2","2/1","2/2","2/1","1/1","2/2","1/1","1/2","2/1","1/2","2/1","2/2","2/2","2/2","1/1","1/1","2/1","2/2","2/2","2/1","1/2","1/2","2/1","1/1","1/2","1/1","2/2","1/2","1/1","1/2","2/2","2/2","1/2","2/2","2/2","1/1","2/2","1/2","2/1","2/1","2/2","2/1","2/2","2/2","2/1","2/2","1/2","1/2","2/2","2/2","2/1","1/1","4/4","1/2","2/2","2/1","1/2","1/1","2/1","2/2","2/2","1/2","1/2","2/1","1/2","2/2","1/2","1/2","1/2","2/1","1/1","2/1","2/2","2/1","1/2","1/2","2/1","2/2","2/1","1/2","2/2","1/2","2/2","2/1","1/1","1/1","1/2","1/4","1/1","1/2","1/4","2/2","2/2","2/2","2/2","1/2","1/1","2/2","2/1","1/1","2/1","1/1","2/2","1/1","2/1","2/2","2/1","2/1","2/2","2/2","1/1","2/1","2/2","1/1","2/1","1/2","2/1","1/2","1/1","1/1","1/1","1/2","2/1","2/2","1/1","1/1","1/1","1/1","1/1","2/2","2/1","1/1","2/2","2/2","1/2","2/2","2/1","1/2","1/1","2/1","1/1","1/2","1/1","1/1","2/1","2/1","2/2","2/1","1/2","2/2","1/1","2/2","2/2","1/1","1/2","1/4","2/1","2/2","2/1","2/2","2/2","1/1","1/2","1/1","1/2","2/1","1/1","1/1","1/2","1/1","1/2","2/2","2/2","2/1","2/1","1/1","2/1","1/2","1/1","2/1","2/1","2/2","2/1","2/2","2/2","1/1","2/1","2/1","2/1","2/1","1/2","2/2","1/1","2/2","2/1","2/2","1/1","2/2","2/1","1/2","1/1","1/1","2/2","2/1","1/2","2/1","1/2","2/1","2/1","1/1","2/1","1/2","1/2","1/2","2/2","1/2","1/2","1/2","1/2","1/2","1/1","2/1","1/1","2/1","2/2","1/1","2/1","1/2","1/2","2/1","2/1","2/1","1/2","2/1","2/2","2/2","1/1","2/1","2/1","1/2","2/2","2/1","2/1","1/1","2/1","1/1","1/1","1/1","1/1","1/2","1/2","1/2","2/2","2/1","2/2","1/1","1/1","2/2","1/2","2/1","1/1","2/2","2/1","2/1","1/1"
"IND0148","1/1","1/2","2/1","1/1","1/1","1/2","2/2","1/1","2/1","2/2","2/1","1/1","2/1","2/1","1/2","2/2","2/1","2/2","2/2","2/2","1/2","2/1","1/1","2/1","1/1","2/1","2/1","2/2","2/1","1/2","1/1","2/2","2/2","2/1","1/1","2/1","1/1","2/2","2/2","1/1","2/1","2/2","2/2","2/2","2/2","2/2","1/1","1/1","1/2","2/1","2/1","1/2","1/2","2/1","2/2","1/2","2/1","2/2","2/2","2/1","1/1","1/2","1/1","1/1","2/1","2/2","1/1","2/2","2/2","2/2","1/2","1/2","2/1","1/1","1/1","1/1","1/1","1/1","2/2","1/2","2/2","1/2","2/1","2/2","1/2","2/1","1/1","1/1","2/1","1/1","2/2","2/2","2/1","2/1","1/2","1/1","2/2","1/2","2/1","1/1","1/2","2/2","1/2","1/2","1/1","2/2","2/2","2/2","1/2","2/1","2/2","2/1","2/2","2/2","1/1","2/2","1/2","2/2","2/2","2/2","1/1","1/1","2/1","2/2","2/2","2/2","3/1","2/2","1/2","2/2","2/1","1/2","2/2","1/2","1/2","2/2","1/1","2/1","1/1","2/1","2/2","2/2","2/2","2/2","1/1","1/2","1/1","1/1","2/1","2/1","2/2","2/1","1/2","1/2","1/1","1/2","1/1","1/1","1/1","1/2","1/1","1/1","1/1","1/2","1/1","1/2","1/1","1/1","2/1","2/2","1/2","1/2","2/1","2/1","2/2","2/1","1/1","1/2","2/1","1/2","1/1","1/2","2/2","1/1","2/2","2/1","2/1","2/2","1/1","2/2","1/2","1/2","1/1","1/2","1/1","2/1","1/1","2/2","1/2","2/1","1/1","1/2","1/1","2/2","1/3","1/1","1/1","1/1","1/2","1/1","1/1","1/2","1/1","1/1","2/2","2/2","1/1","2/1","1/2","1/1","2/1","1/2","2/1","1/2","2/2","1/2","2/1","1/2","1/2","2/1","1/2","2/2","1/1","2/2","2/2","2/1","2/1","1/1","1/1","2/2","1/1","1/1","1/2","1/2","1/2","1/2","2/2","2/2","2/2","1/2","1/1","2/1","1/1","1/1","1/2","2/2","1/2","2/2","2/1","2/1","2/2","2/2","1/2","1/1","2/2","1/2","2/2","2/2","2/2","1/1","2/2","2/1","1/2","2/2","1/1","1/1","1/2","1/2","3/3","2/1","2/1","1/1","1/1","1/2","1/1","2/1","1/1","1/2","1/1","1/1","2/1","1/1","2/2","2/1","1/2","2/2","2/2","2/2","1/1","2/1","1/2","2/1","1/1","2/1","1/1","2/1","1/1","2/1","1/1","1/1","2/1","1/1","2/2","3/4","1/2","2/1","2/1","1/2","1/1","1/1","2/2","1/2","2/1","2/1","2/1","1/2","2/1","1/1","2/2","2/1","2/1","2/2","1/1","2/1","2/2","1/1","1/1","2/2","2/1","2/2","2/2","1/2","2/2","1/2","2/2","2/1","2/2","1/2","1/2","2/2","2/1","2/2","2/2","1/1","2/1","2/2","1/1","1/2","2/1","1/1","2/2","1/1","1/2","1/1","1/1","2/1","2/2","2/1","1/1","1/2","1/2","2/1","1/2","1/2","2/2","2/2","1/2","2/1","1/2","2/1","2/1","1/4","1/2","2/1","2/1","1/2","1/2","1/2","1/2","4/3","2/2","1/1","2/2","2/2","1/1","1/2","1/2","2/2","2/2","2/2","1/1","2/2","1/2","1/2","2/1","1/1","2/2","2/2","1/1","1/1","2/2","2/2","2/2","1/2","2/1","2/1","1/2","1/2","2/2","1/1","1/2","1/1","2/1","1/1","2/1","2/2","1/2","2/1","2/2","1/1","2/2","2/2","2/1","1/2","1/2","1/2","2/2","1/2","2/2","1/1","2/2","2/2","2/2","1/2","2/1","1/2","2/2","1/1","1/2","1/1","2/2","1/1","1/1","1/1","2/2","2/1","2/2","2/2","2/2","2/2","1/1","1/1","1/1","1/2","1/2","2/2","1/2","2/1","1/1","2/2","2/1","2/2","1/1","1/2","2/1","2/1","2/2","2/2","1/2","2/1","1/1","1/2","2/2","2/2","1/2","2/2","2/2","2/2","2/2","2/2","1/2"
"IND0149","1/1","1/1","2/2","1/2","1/2","1/1","2/2","1/2","2/1","1/2","2/2","2/2","2/1","1/1","2/2","1/1","1/1","2/2","2/2","1/2","2/1","2/2","2/1","1/2","1/2","2/2","1/1","2/1","1/1","2/2","1/2","1/1","1/1","1/1","1/2","2/2","2/2","2/2","2/1","2/2","1/2","1/1","1/2","1/2","2/1","1/2","1/2","1/1","1/2","1/2","2/2","1/1","2/1","2/2","2/1","1/1","2/2","1/1","1/1","1/2","1/1","1/1","1/1","2/2","2/1","2/1","1/1","2/1","1/2","2/2","1/2","1/1","2/1","2/1","2/2","2/1","1/2","1/1","1/2","1/2","1/2","1/2","1/1","2/2","2/1","1/2","1/1","1/1","2/1","2/1","2/1","2/1","1/1","1/2","2/1","1/1","2/2","2/2","1/2","2/1","2/2","2/2","2/1","1/2","1/1","2/2","1/1","2/1","1/2","1/1","2/1","1/1","1/2","2/1","1/2","2/1","2/1","2/2","1/1","2/2","1/1","2/1","2/2","1/1","2/1","2/1","2/4","1/2","2/2","1/1","1/1","2/2","2/2","2/1","2/1","2/1","1/1","1/1","2/1","1/2","1/2","2/2","1/1","2/1","2/2","2/1","2/1","1/2","1/1","1/1","2/2","1/2","2/2","2/1","2/2","1/2","2/2","2/2","1/2","1/2","1/1","2/2","2/1","2/1","2/2","2/2","1/1","1/2","2/2","1/1","1/2","1/1","2/1","1/2","1/2","2/2","2/1","2/1","2/2","2/2","1/2","1/2","2/2","1/2","1/2","1/2","2/1","2/2","1/1","2/2","2/2","2/2","2/2","2/1","2/2","2/2","2/2","2/2","2/1","4/2","2/2","1/1","2/2","2/2","3/4","2/2","2/2","2/2","1/2","2/2","1/2","2/2","2/2","2/2","2/2","2/1","2/1","2/2","1/1","1/2","1/1","1/2","1/1","2/1","1/1","2/1","2/2","1/1","2/2","2/2","2/1","1/2","1/1","2/1","2/2","1/1","1/1","1/2","1/2","1/1","2/2","1/2","2/1","1/1","1/1","1/2","1/2","1/1","2/2","2/1","2/2","1/1","1/2","2/1","2/2","1/2","1/1","2/2","1/1","2/2","2/2","2/1","2/1","1/2","2/2","1/2","2/1","1/1","2/1","1/2","2/1","1/1","2/1","2/1","1/2","2/2","1/2","1/2","1/1","2/1","2/2","1/1","1/1","2/1","1/2","1/2","2/1","2/1","1/2","2/1","1/1","2/1","1/1","2/1","1/1","1/2","2/1","1/1","1/2","1/2","1/1","1/2","2/2","3/2","2/2","1/2","1/2","2/1","1/2","2/1","1/1","2/2","1/1","4/2","2/2","2/2","1/3","2/1","2/1","1/2","2/2","2/1","1/2","2/1","2/2","1/1","2/2","1/2","1/1","2/2","1/1","2/1","1/1","2/2","1/2","1/2","1/1","1/2","1/1","1/1","1/2","2/2","1/1","2/1","2/1","1/1","2/1","1/2","2/2","1/2","2/1","1/2","2/1","2/1","2/2","1/2","1/1","1/1","1/1","2/1","1/1","2/2","2/2","2/2","1/1","2/1","2/2","2/1","1/2","1/2","1/1","2/2","1/2","1/1","2/2","1/1","2/2","1/2","2/1","1/2","2/2","4/2","1/1","2/2","1/1","1/2","1/2","1/1","1/2","1/1","1/2","1/1","1/2","2/2","2/2","2/2","1/1","2/1","2/2","2/2","1/2","1/2","1/2","2/1","2/1","2/1","2/2","1/1","2/1","1/2","1/1","2/1","2/2","2/2","2/1","2/1","2/1","2/1","1/1","2/1","2/1","1/2","2/1","2/2","1/1","1/1","2/2","1/2","1/1","1/2","2/1","2/2","2/1","1/1","2/1","2/2","1/2","2/2","1/2","2/1","2/2","1/2","2/1","2/1","2/1","1/2","1/1","2/2","2/1","1/1","2/2","1/2","2/1","1/2","1/2","1/2","1/1","2/1","1/1","2/2","1/1","1/1","2/1","2/1","1/1","2/1","1/2","1/2","1/1","2/1","1/1","1/2","1/2","2/1","1/1","2/1","1/2","1/2","2/1","2/1","1/2","2/2","1/1","1/1","1/1","2/2","2/2","1/1","2/2","1/2","1/2"
"IND0150","2/2","1/1","2/1","1/1","2/1","2/2","2/1","2/2","1/1","1/2","1/1","1/2","2/1","1/1","2/1","2/2","1/2","1/2","2/2","1/1","2/1","2/2","1/2","2/2","2/2","2/2","2/1","1/2","1/2","2/1","2/2","2/1","1/1","1/1","1/1","1/2","1/1","1/2","1/2","2/1","1/1","2/1","1/2","1/2","1/1","2/1","2/1","2/2","1/1","1/1","2/1","1/2","1/1","1/1","2/2","1/1","2/2","2/2","1/2","1/1","1/2","1/1","1/1","1/1","2/2","1/1","1/1","2/1","1/2","1/2","1/1","1/2","2/1","1/2","1/2","2/2","1/1","2/1","1/2","1/2","1/2","2/2","1/1","2/2","2/1","2/1","2/2","2/1","1/2","2/2","2/2","2/2","2/1","2/1","1/2","1/1","2/2","1/1","1/1","1/2","1/2","1/1","2/1","2/2","2/2","1/1","1/2","2/2","2/1","1/1","1/1","1/2","2/2","2/2","2/2","1/2","2/2","2/2","1/1","2/1","1/1","1/1","1/1","1/2","2/2","1/1","4/4","2/1","1/1","1/1","1/1","1/1","1/2","2/2","2/1","1/2","1/2","1/1","1/2","2/1","1/1","2/1","1/1","1/2","2/1","1/2","2/2","2/1","1/2","2/1","1/2","1/1","2/2","1/2","2/2","1/2","1/2","2/2","2/1","1/1","1/2","2/2","1/1","2/1","1/1","1/1","1/2","2/2","2/1","2/2","1/1","2/2","2/2","2/2","2/1","1/2","2/2","1/2","2/1","2/1","1/2","1/2","1/2","1/2","1/2","1/2","1/2","1/2","2/1","1/1","1/1","2/1","2/1","2/2","1/1","1/2","2/1","1/1","2/2","3/2","2/1","1/2","2/2","2/1","1/3","1/2","2/2","2/2","2/1","1/1","2/2","2/2","1/2","1/2","1/2","2/2","2/2","1/2","1/2","2/2","1/1","2/2","1/2","1/1","1/2","2/2","1/1","2/1","2/2","1/1","2/2","1/2","1/1","2/1","2/1","1/2","2/1","1/1","1/1","1/2","1/2","2/1","1/2","2/1","1/1","1/2","1/2","1/2","1/1","2/1","2/2","2/1","2/1","2/2","2/2","1/1","1/2","2/1","1/1","1/2","2/2","1/1","2/1","2/2","1/1","1/1","2/1","1/1","2/2","2/2","2/1","1/2","2/2","2/1","1/1","1/2","2/2","1/2","2/3","2/1","2/2","1/1","1/2","2/2","1/2","1/1","1/1","1/2","2/2","2/2","2/2","1/1","2/1","2/2","1/2","1/1","2/1","2/2","1/2","2/2","1/2","1/2","1/2","4/1","1/1","1/2","1/1","2/2","1/1","1/2","1/2","1/1","2/2","3/1","2/2","2/1","1/2","1/1","1/1","2/1","1/1","1/2","1/2","2/1","1/1","1/1","2/2","2/1","2/1","1/2","1/1","1/1","2/1","2/1","1/1","1/2","1/2","1/2","2/1","2/1","2/1","1/1","1/1","2/1","2/2","1/2","1/2","2/1","1/1","2/2","1/2","1/1","1/1","2/1","2/1","1/1","2/2","2/2","2/2","2/1","2/2","2/2","1/1","2/2","1/2","1/1","1/2","1/1","1/1","2/2","1/1","2/2","2/1","1/2","1/2","1/2","2/2","2/2","1/2","1/2","2/1","1/3","2/1","1/1","2/2","1/1","1/1","2/2","1/2","1/3","1/1","2/2","2/2","1/1","1/1","2/1","2/1","2/1","1/2","2/1","2/1","1/1","1/2","1/1","2/2","1/1","2/1","1/1","1/1","2/2","1/1","2/2","1/1","2/2","2/2","2/2","1/1","1/1","2/2","2/1","1/1","1/1","2/2","2/2","2/2","1/2","1/2","1/2","1/2","2/1","1/2","1/1","1/1","1/2","2/1","1/1","2/1","2/2","1/1","1/1","2/1","2/2","1/1","1/2","2/2","2/1","2/2","1/2","1/2","2/2","1/1","2/1","1/2","2/1","1/1","2/2","2/2","2/2","2/1","2/1","1/2","1/1","1/2","1/1","1/1","2/2","1/1","2/2","1/1","2/2","1/1","1/1","2/2","1/2","2/2","2/2","2/1","2/2","1/1","1/2","1/1","2/2","1/2","1/1","2/1","1/2","1/2","2/1","2/2","2/2","2/1"
"IND0151","2/2","1/1","1/2","1/1","1/1","2/2","2/1","1/1","1/1","1/2","2/1","2/2","1/1","1/2","1/2","2/2","1/2","1/2","1/1","1/1","2/2","2/2","2/2","2/2","1/1","1/1","1/1","2/2","1/2","1/1","1/2","2/2","2/2","2/2","1/2","2/1","2/1","2/2","2/2","1/2","1/2","1/1","1/1","1/2","1/1","2/2","2/2","2/2","1/2","1/1","1/2","2/1","2/1","2/1","1/1","2/1","1/2","1/1","1/1","2/2","2/2","2/1","2/2","2/2","2/2","1/2","1/1","1/1","2/2","1/1","2/1","1/1","2/1","1/2","2/1","1/2","2/1","1/1","2/1","2/2","1/1","1/2","2/2","1/2","2/2","1/2","1/2","1/1","1/1","2/1","1/1","1/1","1/2","2/1","2/1","1/1","1/1","1/2","2/1","1/1","2/2","1/1","2/1","1/1","1/1","2/1","1/1","2/1","1/1","1/1","2/2","1/1","2/2","2/1","2/1","2/2","1/1","1/1","2/1","1/1","1/2","2/1","1/1","1/2","1/2","1/1","2/3","2/2","2/2","1/1","2/1","1/1","2/1","2/1","2/1","2/2","1/2","2/2","1/2","1/1","2/1","1/2","1/2","1/2","1/1","1/2","2/2","1/2","2/1","1/1","2/2","1/2","1/2","1/1","1/1","2/1","2/2","2/1","1/1","2/2","1/2","2/2","1/2","1/2","2/1","2/2","2/2","2/1","1/2","2/1","1/1","2/2","1/2","1/2","1/2","1/1","1/1","2/2","2/1","1/1","1/2","2/1","2/1","1/2","2/2","1/2","1/1","1/2","2/1","1/2","2/2","1/2","1/2","1/2","1/1","2/1","2/1","1/1","1/2","1/3","1/2","1/2","2/1","2/2","1/3","1/1","2/2","1/1","1/2","1/2","2/1","1/1","2/1","1/2","2/1","2/2","2/1","2/2","2/1","1/1","2/1","2/1","1/2","1/1","1/2","1/2","2/1","1/2","1/2","2/2","2/2","1/1","1/1","1/2","1/2","2/1","2/1","2/2","1/1","2/2","1/2","1/2","1/2","2/1","1/2","1/1","1/2","1/2","2/1","1/1","1/2","1/1","2/2","2/2","1/1","2/2","1/2","2/2","2/2","2/2","1/1","1/1","1/1","1/1","1/2","2/1","2/2","1/2","1/1","2/2","1/2","2/2","2/1","2/1","2/2","2/2","2/2","2/1","3/2","2/2","2/2","1/2","1/2","2/2","1/1","1/2","2/2","2/1","2/2","1/1","1/1","1/1","2/2","2/2","1/2","2/1","2/2","1/1","1/2","1/2","1/2","1/2","2/1","4/2","1/2","2/1","1/1","1/1","1/2","2/1","2/2","1/1","2/2","2/3","2/2","1/2","4/3","1/2","1/1","1/2","2/2","1/1","2/1","1/1","1/2","1/2","1/1","1/2","1/2","1/2","2/1","1/2","1/1","2/2","1/1","1/2","2/1","2/2","2/2","2/1","1/1","2/1","1/1","1/1","2/1","1/2","2/1","1/1","1/1","2/1","1/2","2/2","2/2","2/2","2/1","1/1","1/1","1/1","2/2","1/2","2/2","1/2","1/1","2/1","2/2","1/2","2/2","1/2","1/1","1/1","2/2","1/1","1/2","2/1","1/2","2/2","2/1","1/1","2/1","1/1","2/1","2/1","1/1","1/2","2/1","1/1","1/2","2/2","2/2","2/1","2/2","1/2","1/2","2/2","2/1","2/2","1/2","1/1","1/1","1/2","1/1","2/2","1/2","1/2","2/2","2/2","1/2","2/2","2/2","1/1","2/2","1/2","2/1","1/1","1/1","1/2","2/1","1/1","1/2","1/1","1/2","2/1","2/2","1/2","2/1","1/2","1/1","2/1","1/2","2/2","2/2","2/2","1/1","1/2","1/2","2/1","1/2","2/2","1/1","1/2","2/2","2/1","1/2","2/1","2/2","1/2","1/2","1/2","2/2","2/1","2/1","2/2","1/1","1/2","1/2","2/1","1/1","1/2","1/1","1/1","2/1","2/2","1/1","2/1","2/2","1/1","2/1","1/2","2/2","1/2","1/1","1/2","2/1","1/1","1/2","2/1","1/1","2/2","1/1","2/2","1/2","1/1","1/1","2/1","2/1","1/1","1/1","1/2","1/2","2/2","2/2"
"IND0152","2/2","2/1","1/2","1/1","2/1","2/1","2/2","2/2","1/1","1/2","2/2","1/2","1/1","2/1","2/2","2/2","2/1","2/1","1/1","1/1","2/2","2/1","2/2","1/1","1/1","2/2","2/2","1/1","1/2","2/1","2/2","1/1","1/2","1/2","1/1","1/2","2/1","2/2","1/2","1/2","2/2","1/2","1/1","2/1","2/2","2/2","1/1","1/2","2/2","2/1","2/2","2/2","2/1","2/2","2/2","1/1","2/2","1/1","1/2","1/1","2/2","2/2","1/1","1/2","1/1","2/2","2/2","1/2","2/1","1/2","1/1","1/1","1/1","1/1","1/2","1/1","1/1","1/2","2/1","2/2","1/2","2/2","2/1","2/2","2/1","2/2","2/1","2/2","1/2","1/2","1/2","2/1","1/2","2/1","2/1","2/2","2/1","1/2","2/1","1/1","1/1","2/1","1/1","2/1","2/2","1/2","2/2","2/2","2/1","1/1","2/1","1/1","1/2","2/2","1/2","2/1","1/2","1/2","2/2","1/1","2/1","1/1","2/1","1/2","2/2","2/1","1/1","1/2","2/1","2/1","2/2","1/1","2/2","1/2","1/1","2/1","2/1","2/1","2/1","2/2","1/1","2/1","1/1","1/2","2/2","2/1","2/1","2/1","1/1","2/1","1/1","1/2","2/2","2/1","1/2","2/2","2/2","1/1","2/2","1/1","1/1","2/2","1/2","1/2","2/1","2/2","1/1","1/2","1/1","2/1","1/2","2/1","2/1","1/2","2/1","2/1","1/1","2/1","2/1","1/2","2/2","2/1","2/1","1/1","1/2","2/2","1/2","1/2","2/2","1/2","1/1","2/1","2/1","1/2","1/2","2/2","2/1","2/1","2/2","4/2","1/2","2/1","2/2","2/2","4/2","2/1","2/1","1/1","2/2","2/2","1/1","1/1","1/1","2/2","2/1","2/1","1/1","1/2","2/2","2/2","1/2","2/2","1/1","2/2","2/1","2/1","1/1","2/2","1/2","2/1","1/2","2/2","1/1","2/1","2/2","2/2","2/2","2/2","2/1","1/2","2/1","2/2","2/2","1/2","2/2","2/1","2/2","1/1","2/2","1/1","2/2","2/1","2/2","1/2","1/2","1/2","1/2","2/2","1/2","1/2","2/1","2/2","2/1","1/2","2/2","1/2","2/2","2/1","2/2","1/2","2/2","1/1","2/1","2/1","1/2","1/2","1/2","2/1","4/3","2/2","2/2","2/1","1/1","1/1","1/2","1/2","2/1","2/1","2/2","1/1","1/1","1/2","1/1","2/1","1/1","2/1","2/1","1/2","2/2","2/1","2/1","2/2","2/2","1/1","2/1","1/1","1/2","1/2","1/1","1/1","2/1","1/1","1/2","1/4","2/2","1/2","3/1","1/2","2/1","2/2","2/1","2/2","1/1","2/1","2/2","1/2","2/2","2/1","2/2","1/2","2/1","1/1","1/1","2/2","1/1","2/1","1/1","2/1","1/1","1/1","1/1","2/2","2/1","1/1","2/2","2/2","2/2","2/2","2/1","2/1","2/1","2/1","2/2","2/1","2/2","1/2","1/1","2/2","1/2","1/2","1/1","1/1","2/1","2/1","2/2","2/2","2/2","1/1","2/1","2/1","2/1","2/1","2/2","1/2","1/1","1/1","1/2","2/2","1/2","2/1","1/1","2/1","2/2","1/2","2/1","1/1","1/1","1/2","1/1","3/2","1/2","2/2","2/1","1/2","2/2","2/1","2/2","2/1","2/2","2/1","1/1","2/1","2/1","2/1","1/2","1/1","1/1","1/1","2/2","2/2","2/1","1/1","1/1","1/1","1/1","1/1","1/2","2/1","2/1","1/1","1/2","2/1","1/1","1/2","1/2","1/1","2/2","1/1","2/1","2/2","2/2","1/2","1/1","2/2","1/2","1/1","1/2","2/2","2/2","1/1","1/2","2/1","1/2","2/1","1/2","1/1","1/1","2/2","2/1","1/2","1/1","1/2","1/2","2/1","1/1","2/1","2/1","2/2","2/2","1/1","2/2","2/2","1/1","2/1","2/1","1/2","1/1","2/2","1/2","2/2","1/1","1/1","1/2","2/1","1/1","2/1","1/2","2/2","2/1","1/1","2/2","2/1","2/2","1/2","2/2","2/2","1/1","2/1","2/2","2/2","2/1"
"IND0153","1/1","1/1","1/1","2/2","2/2","1/2","1/2","2/2","2/2","1/1","1/2","1/1","2/2","1/2","1/2","1/2","1/1","2/2","2/1","1/2","2/1","1/2","2/1","2/2","1/1","1/2","1/2","1/2","1/2","1/2","2/2","2/2","2/2","2/1","2/2","1/1","2/1","2/2","2/2","2/2","1/2","1/1","2/1","2/1","2/2","2/1","1/2","2/2","1/2","1/1","2/2","2/1","1/1","2/1","2/1","1/1","2/1","1/1","2/1","1/1","2/2","1/1","1/1","2/2","1/1","1/2","2/1","1/2","2/2","2/2","1/1","2/2","1/1","1/2","1/1","2/1","2/2","2/1","2/1","1/2","1/2","1/2","1/2","2/2","2/2","1/1","2/1","2/2","2/2","2/1","2/2","2/2","1/2","2/1","2/2","2/1","2/2","1/1","1/1","2/2","2/1","2/1","2/2","1/2","1/2","1/2","1/1","2/2","1/1","2/2","1/1","1/1","2/1","1/2","1/1","1/2","1/2","2/1","1/2","1/2","1/2","1/1","2/2","2/1","2/2","2/1","3/4","1/2","2/1","1/2","1/2","1/1","2/2","1/2","1/1","1/2","1/1","2/1","2/1","1/2","1/2","1/1","1/1","1/1","2/1","1/2","1/2","2/2","1/1","1/1","2/2","1/2","2/1","2/1","2/2","1/2","1/2","2/2","2/1","1/2","1/1","1/2","1/2","1/2","2/1","2/2","2/2","1/1","2/2","1/2","2/1","1/1","1/1","1/2","1/1","2/1","2/1","1/1","1/2","1/1","1/1","2/2","2/1","1/1","1/2","2/1","1/2","1/1","1/2","1/1","2/1","1/1","1/1","1/1","2/2","2/1","1/1","2/1","1/2","1/3","2/2","2/1","1/1","2/2","4/2","2/1","2/1","2/2","1/2","1/2","1/1","2/1","2/1","1/2","2/1","1/1","1/1","2/2","1/1","1/2","1/2","2/1","2/2","2/1","2/1","1/2","1/1","2/2","2/2","2/2","1/2","1/2","1/1","2/2","2/2","2/2","2/2","1/1","2/1","2/2","2/1","2/2","1/1","2/2","2/1","2/1","2/1","1/1","1/2","2/1","1/2","2/2","1/2","2/2","2/2","1/2","2/2","1/1","2/2","1/1","2/1","2/1","1/1","1/2","2/2","2/2","2/1","1/2","2/2","2/1","2/1","2/2","2/1","1/2","1/2","2/2","1/2","2/2","4/3","1/1","2/1","1/1","2/1","2/2","1/2","2/2","1/1","1/2","1/1","2/1","2/1","1/1","2/2","1/2","2/1","2/2","2/1","1/1","1/2","1/1","1/1","1/2","2/1","4/4","2/1","2/2","2/2","2/1","2/2","2/1","2/2","1/1","1/1","3/3","1/1","1/1","4/4","1/2","1/2","1/2","1/1","2/1","2/2","1/2","2/2","2/2","2/2","2/2","1/2","1/1","1/2","1/1","2/1","1/1","1/2","2/1","1/1","2/1","1/2","2/2","1/2","1/1","1/1","2/1","2/2","1/2","2/1","2/2","2/2","2/2","2/1","2/1","1/1","2/2","1/2","2/1","2/1","1/1","1/2","1/2","2/1","1/2","1/2","1/2","2/1","2/2","1/2","1/2","1/1","2/1","2/1","2/1","2/2","2/1","1/1","2/2","1/1","2/1","2/1","2/2","2/1","1/3","2/1","2/1","2/2","1/1","1/1","1/2","2/1","3/3","1/2","1/1","1/1","1/2","2/1","1/1","2/2","2/1","2/1","2/1","1/2","1/2","1/2","2/1","2/1","2/1","2/2","1/2","2/1","1/1","2/1","1/2","2/1","2/1","1/2","2/1","2/1","1/1","1/1","2/1","2/1","1/2","1/1","1/1","2/2","1/2","1/1","1/1","1/2","2/2","2/1","1/1","1/2","2/2","1/1","2/1","2/2","2/2","1/1","1/1","2/2","1/2","1/1","1/2","2/1","2/2","1/1","2/1","1/2","1/2","1/2","1/2","1/2","2/1","1/2","1/1","1/1","1/1","2/2","2/1","1/2","1/1","2/2","1/1","2/1","1/1","1/2","2/2","2/2","1/1","1/2","2/1","2/2","2/2","2/1","1/2","2/2","1/2","1/2","2/1","2/2","2/2","1/1","1/2","1/2","1/2","1/2","2/2","2/1","2/2","1/2"
"IND0154","1/2","2/1","1/2","1/1","1/2","1/2","1/2","2/1","1/1","2/2","1/1","2/2","2/2","2/2","1/1","1/1","2/1","1/1","2/1","2/1","2/1","2/2","1/1","1/2","2/1","1/1","2/2","1/1","1/1","1/1","1/2","2/2","1/2","2/2","1/1","1/1","1/1","1/1","1/2","1/2","2/1","1/2","2/1","2/1","1/1","1/2","1/1","1/1","1/1","1/2","2/1","1/2","1/2","1/1","2/1","1/1","1/1","2/1","2/1","2/2","1/1","1/2","2/1","1/2","1/2","2/2","2/2","1/2","2/2","1/1","1/1","2/1","1/1","2/2","1/2","2/2","1/2","1/2","2/2","1/2","1/1","2/1","2/2","1/1","1/2","1/2","2/2","2/1","1/2","2/2","1/2","2/1","2/1","2/1","2/2","2/2","2/2","1/2","1/2","2/2","2/2","2/1","1/2","1/1","2/1","1/1","1/2","1/2","1/1","2/2","2/1","2/2","2/2","2/2","1/1","1/2","2/1","1/1","1/2","1/1","2/2","1/1","1/1","1/1","1/1","2/1","4/3","2/1","1/2","1/2","2/1","2/1","1/2","2/1","1/2","2/1","1/1","2/1","1/1","1/1","2/2","2/2","1/2","1/1","1/2","2/1","1/2","2/1","2/1","2/2","1/1","2/1","2/2","1/2","1/1","1/1","1/1","2/2","2/1","1/2","2/1","2/1","2/1","1/1","2/1","2/2","2/2","1/1","2/2","1/1","2/2","1/1","2/2","1/1","1/2","1/1","1/1","2/2","2/1","1/2","2/1","1/1","2/2","1/1","1/1","1/1","1/1","2/2","1/2","1/2","2/1","1/2","2/2","2/1","2/2","2/2","1/2","1/1","1/2","4/4","1/1","1/2","1/1","1/2","1/4","2/2","2/2","1/1","1/1","2/1","1/2","2/1","2/2","2/1","1/1","1/2","2/1","2/1","2/1","2/1","2/1","2/2","2/2","2/2","1/1","2/2","1/2","1/2","1/1","2/2","2/1","1/1","2/1","2/1","2/1","2/2","2/1","1/2","1/1","1/2","1/2","1/1","2/2","1/1","1/1","1/2","1/2","1/1","2/1","1/1","1/1","1/1","2/1","2/2","1/2","1/1","2/2","1/1","2/2","2/2","2/1","1/2","2/2","1/1","2/1","1/1","2/1","1/1","2/2","1/1","1/1","1/1","1/1","1/2","1/1","1/2","2/2","1/1","4/3","2/1","1/2","2/1","2/2","2/2","1/2","2/1","2/2","1/2","1/1","2/2","2/1","1/2","2/2","2/2","2/2","2/2","2/1","2/2","1/2","2/2","2/1","1/2","2/2","4/4","2/2","2/2","2/1","1/2","2/2","2/1","2/2","2/2","1/1","3/3","1/2","2/1","2/1","1/1","2/1","2/2","2/2","2/2","1/1","2/2","2/1","1/1","1/1","1/1","2/2","1/1","2/2","2/1","1/2","2/2","1/1","2/1","1/2","2/2","1/1","2/1","1/2","1/2","2/1","2/1","1/2","1/2","2/2","2/1","1/1","2/1","1/2","1/1","2/1","2/1","2/1","1/2","1/2","2/1","1/2","1/2","2/1","2/1","1/1","2/1","1/1","1/2","2/2","1/1","2/2","1/1","1/2","2/1","1/2","2/2","1/2","2/1","2/1","1/2","2/2","2/2","2/1","1/1","2/1","2/1","1/2","2/1","1/2","2/2","2/1","2/2","1/1","2/1","2/2","2/1","1/2","1/1","1/2","2/2","1/2","1/2","1/1","1/2","2/2","2/2","1/1","2/1","1/2","1/1","2/2","1/2","1/2","2/1","2/1","1/1","1/2","2/1","1/2","2/2","2/2","2/2","1/2","1/2","1/1","1/1","1/1","2/1","2/2","1/2","1/1","2/1","2/2","1/2","1/1","1/1","1/2","2/2","2/1","2/1","1/2","2/2","2/2","1/1","2/1","2/1","2/2","1/1","1/2","2/1","1/1","2/2","2/1","1/2","1/1","1/1","1/2","1/2","2/1","2/2","2/1","2/2","2/2","1/2","2/1","1/2","1/2","1/2","2/1","2/1","2/2","1/2","2/2","2/2","1/2","2/1","1/2","1/1","1/2","1/1","2/1","2/2","1/2","2/2","1/1","2/2","2/2","1/1","1/1","1/2","2/2","2/1","1/2"
"IND0155","2/1","1/1","1/1","1/1","2/2","2/1","1/1","1/1","1/1","1/1","2/2","2/2","1/1","2/1","2/1","2/2","1/1","1/2","1/2","2/2","1/2","2/2","1/2","2/2","1/1","1/1","2/1","1/1","1/2","2/2","2/2","1/2","2/2","2/2","2/1","1/2","1/1","1/2","2/2","2/1","2/1","2/2","1/1","1/1","2/2","1/1","1/2","2/2","2/2","2/1","2/1","1/1","2/2","2/2","2/2","2/2","2/1","2/2","2/1","2/1","1/1","2/1","2/2","2/2","2/1","1/2","1/2","1/2","1/2","1/2","1/2","2/1","1/2","1/2","2/1","1/1","1/2","2/1","1/1","2/1","1/1","1/1","2/1","2/1","2/1","1/1","2/2","2/1","1/2","1/2","2/2","2/1","1/2","1/2","2/2","2/1","2/1","2/2","1/2","2/1","2/1","1/1","1/2","1/2","2/2","1/2","2/2","1/2","2/2","2/1","1/2","1/2","1/2","2/2","2/1","1/2","1/2","2/2","1/2","2/2","1/1","1/2","1/1","1/1","1/1","1/1","1/4","1/1","1/2","1/2","1/1","1/2","1/1","2/1","1/1","1/2","2/1","2/2","1/1","2/2","2/2","2/1","1/2","2/1","1/2","2/1","2/1","1/2","1/1","2/2","2/1","2/1","1/2","1/1","2/1","2/2","1/1","2/2","1/2","1/2","1/2","1/1","2/2","1/1","2/1","1/1","1/1","2/1","2/1","2/1","1/1","2/1","2/2","2/1","2/2","2/2","1/2","1/2","2/1","2/2","1/2","2/1","1/2","2/1","2/2","1/1","2/2","1/1","1/1","1/1","1/1","2/1","2/2","1/1","1/1","1/1","1/1","2/1","2/2","1/3","2/1","1/2","2/1","1/1","4/4","1/2","2/2","2/2","2/1","1/1","1/1","2/1","1/1","1/2","1/1","2/2","2/2","2/2","2/2","1/1","2/2","2/1","1/1","2/2","1/2","1/2","2/2","2/1","1/1","1/1","2/2","1/1","2/2","2/1","1/1","2/2","1/2","2/2","1/2","2/2","1/1","2/2","2/1","2/2","1/2","2/2","2/1","1/2","2/2","2/1","1/2","1/1","1/2","1/2","1/1","2/1","2/1","2/1","1/2","2/1","1/2","1/1","2/2","2/1","1/1","2/1","1/2","2/2","1/1","2/2","2/1","1/1","2/2","2/1","2/1","2/2","1/2","2/1","4/1","1/1","2/1","1/1","1/1","2/2","2/2","2/2","2/2","1/1","1/1","1/1","1/1","2/2","1/1","2/2","2/2","1/1","1/2","2/2","2/2","1/2","1/1","1/2","1/1","3/2","1/2","1/1","2/1","1/1","2/1","2/1","2/2","1/2","2/1","2/3","1/1","1/1","3/4","1/2","2/1","1/1","1/1","2/2","1/1","2/1","1/2","1/2","1/1","1/2","1/2","2/2","1/2","1/2","2/2","2/1","2/2","2/2","2/1","2/2","1/1","2/1","1/1","2/2","1/2","1/2","2/1","1/1","1/1","2/1","1/2","1/1","2/2","1/1","2/1","1/2","2/1","1/1","1/1","2/1","1/2","1/2","1/2","2/2","2/1","2/2","1/1","2/1","1/1","2/1","1/2","2/1","2/2","1/1","2/2","2/1","2/2","1/1","2/2","2/2","1/1","2/1","2/1","3/4","1/1","2/1","2/2","2/2","2/1","2/2","1/2","4/4","2/1","1/1","1/2","1/2","2/2","1/2","2/1","2/2","1/1","1/1","2/2","2/1","1/1","2/2","1/2","2/1","2/2","2/2","1/2","2/2","1/2","2/1","1/2","1/2","2/1","2/1","1/2","2/2","2/2","2/1","1/1","2/1","2/1","2/2","1/2","2/1","1/1","2/1","2/1","2/2","1/1","2/2","2/1","2/1","1/2","1/2","2/1","1/1","2/2","1/1","2/2","1/1","2/1","2/1","2/1","2/1","2/1","2/1","1/2","1/2","1/1","1/2","1/2","1/1","2/2","2/1","2/1","2/1","1/1","2/1","2/1","2/1","2/1","1/1","1/2","1/1","1/1","2/2","2/1","1/1","1/1","2/2","1/2","1/2","2/2","2/2","2/1","1/1","2/1","1/2","2/1","1/1","2/2","2/2","2/2","1/2","2/2","2/1","1/2","2/1","2/2"
"IND0156","2/2","2/2","1/2","2/2","1/2","1/1","1/1","1/2","2/2","1/2","2/2","1/1","2/2","2/1","1/1","2/2","2/1","1/1","1/2","2/2","1/1","2/1","2/1","1/2","2/2","2/2","2/2","2/1","1/1","1/1","2/1","2/2","2/1","2/2","2/2","1/1","1/1","1/2","2/2","2/1","1/2","2/1","1/2","2/1","2/1","2/2","2/2","1/1","1/1","1/1","2/1","1/1","2/1","2/1","1/2","1/2","1/2","2/1","1/2","1/2","2/1","1/2","2/2","1/1","1/2","2/1","1/1","1/1","2/1","1/1","2/1","2/2","2/1","1/2","1/2","1/1","2/1","1/1","2/2","2/2","2/1","2/2","1/1","2/1","1/1","1/1","1/2","1/2","1/1","1/2","1/1","2/2","1/1","2/2","2/2","1/1","2/2","2/2","1/1","1/2","2/2","1/2","1/2","2/2","2/2","2/1","2/2","2/1","2/2","2/2","2/1","2/2","1/2","2/1","2/2","2/1","1/2","2/2","1/1","1/1","1/2","1/1","1/2","1/1","2/2","2/2","2/1","1/1","2/1","1/2","2/1","2/2","2/1","2/1","2/1","2/1","1/1","2/2","1/1","2/1","2/1","1/2","2/2","1/1","2/2","1/1","1/1","2/2","2/2","1/1","2/2","2/1","2/1","1/1","1/2","2/2","2/1","1/1","1/2","2/2","2/1","1/2","1/2","1/1","2/1","1/2","1/2","1/1","1/2","1/2","2/1","2/2","2/1","2/1","2/2","2/2","2/1","1/1","1/1","2/2","1/2","2/2","1/1","2/1","2/2","1/1","1/2","1/1","1/1","2/2","2/1","1/2","2/1","1/2","2/1","1/2","2/1","1/2","2/1","3/3","1/1","2/2","1/2","2/2","2/4","1/2","2/2","2/1","2/2","2/2","1/2","2/1","2/2","1/1","1/1","1/1","2/2","1/1","1/2","1/2","1/2","1/1","2/1","1/2","1/2","2/2","1/2","1/1","2/2","2/2","2/2","1/2","2/1","2/2","1/2","1/2","2/1","2/2","2/1","2/1","2/2","1/1","2/2","2/2","2/2","2/2","1/2","1/1","2/1","2/2","2/1","2/1","1/1","1/2","1/1","2/2","2/1","2/1","1/1","1/2","2/1","1/2","1/2","2/1","2/2","1/2","2/1","1/1","2/2","2/1","1/2","2/2","2/1","1/2","1/2","2/1","1/2","2/2","3/3","1/2","1/1","1/1","1/1","1/1","2/2","2/2","2/2","1/1","1/2","1/2","2/2","1/2","2/2","1/2","2/1","1/1","2/1","1/1","1/2","1/2","2/2","2/1","2/1","3/3","2/1","1/1","2/1","1/1","2/1","2/1","1/2","1/1","1/2","4/1","1/1","2/2","4/1","1/2","1/2","1/1","2/1","1/2","1/1","1/1","2/2","2/1","2/2","2/2","2/2","1/1","1/1","1/1","2/1","1/2","1/1","1/2","1/2","1/1","2/1","2/2","2/2","2/1","1/1","1/2","2/1","1/2","1/1","2/1","1/2","1/2","2/1","1/2","1/2","1/2","2/1","2/1","1/2","1/1","2/2","2/1","1/2","1/1","2/1","2/2","1/1","2/1","1/1","2/1","2/1","1/2","2/1","2/1","1/1","2/2","2/1","1/2","1/2","1/1","1/1","2/2","2/2","3/1","2/1","2/1","2/2","2/1","1/2","1/1","1/2","3/2","1/1","2/1","2/1","1/1","1/1","2/1","1/1","1/2","2/2","2/2","1/2","2/2","1/2","1/1","1/2","2/2","1/2","1/2","2/1","1/1","2/2","1/2","2/1","1/2","2/2","1/2","2/2","2/1","1/1","2/2","1/2","1/2","2/2","1/2","1/2","2/2","1/2","2/2","2/2","1/1","1/2","1/2","2/1","1/2","1/2","1/1","1/1","1/2","2/2","1/2","1/1","2/1","2/2","2/2","1/1","1/2","1/2","1/1","1/2","2/1","1/2","2/2","1/1","1/1","1/1","2/2","1/1","2/1","1/1","1/2","1/2","1/1","1/1","2/1","1/1","1/1","1/1","1/1","2/2","2/1","1/1","1/1","1/2","2/2","2/1","2/1","2/1","2/2","2/2","1/2","2/2","2/2","2/2","2/1","2/1","1/2","1/2","2/1","1/2","2/2","1/1"
"IND0157","1/1","1/1","2/2","1/2","1/2","2/2","2/2","1/1","2/1","1/2","1/2","1/2","1/1","2/2","1/2","1/2","1/1","1/2","2/1","1/2","1/2","2/1","1/1","1/1","2/2","2/2","2/2","2/2","1/1","1/2","2/2","2/2","2/2","1/1","2/1","1/2","2/1","2/2","2/2","1/1","1/2","1/2","1/2","1/1","2/1","1/1","2/1","1/1","2/1","1/1","2/2","1/2","2/2","2/2","1/1","1/1","2/2","1/2","1/1","1/1","1/1","2/2","2/2","1/2","1/1","1/2","2/2","2/1","1/1","1/2","1/2","1/1","2/1","1/1","1/2","1/1","1/2","1/1","1/2","2/2","1/2","1/1","1/1","2/1","2/2","2/2","1/1","1/1","2/1","1/2","2/1","1/1","1/2","2/1","2/1","1/2","2/1","2/2","2/1","2/2","1/2","1/1","2/2","2/1","2/1","2/2","2/1","1/1","2/2","1/2","1/1","2/1","1/2","1/1","1/1","1/1","1/2","2/2","1/2","2/1","2/2","2/1","2/1","2/2","1/1","1/2","4/3","1/2","2/1","1/1","2/2","1/1","1/2","1/2","2/2","2/1","1/2","2/2","1/2","2/2","2/2","1/1","1/2","1/1","2/1","1/1","1/1","1/1","2/2","2/1","1/1","1/2","2/1","1/1","1/1","1/1","2/1","1/2","1/2","2/1","1/2","2/2","2/1","2/1","2/2","1/1","1/1","1/2","1/1","1/1","2/2","1/1","2/2","2/1","1/1","1/1","2/2","1/1","2/2","1/2","2/1","1/2","1/1","1/1","1/2","1/2","2/2","2/1","1/2","1/2","2/1","1/2","2/2","2/2","1/1","1/2","2/1","1/2","2/2","2/4","2/2","2/2","2/1","1/2","2/1","1/1","2/2","2/1","2/1","1/2","1/1","2/2","1/2","2/2","1/2","2/1","1/1","1/2","1/1","2/1","1/1","2/1","2/2","2/2","2/2","1/2","1/1","2/1","2/1","1/1","2/2","2/2","1/1","1/1","1/2","2/1","1/1","2/1","1/1","1/2","1/2","2/1","2/1","1/1","1/2","1/1","2/1","2/2","2/2","2/1","1/1","1/1","2/2","2/2","1/1","1/1","1/1","2/1","2/1","1/2","2/2","2/1","1/2","1/1","1/1","2/1","1/1","2/2","2/1","2/1","2/2","1/2","2/1","1/2","2/1","2/1","2/2","2/2","3/2","2/2","2/1","1/2","1/1","2/1","1/1","1/1","2/2","1/1","1/2","2/2","2/2","2/1","1/1","2/2","2/2","1/1","1/1","2/1","1/2","1/2","2/2","1/1","1/2","4/3","2/1","2/2","2/2","2/1","1/2","2/2","1/2","2/1","2/2","4/1","1/2","2/2","4/3","2/1","1/1","1/1","2/2","1/2","1/2","2/2","2/2","1/1","2/2","2/1","1/2","2/1","1/1","1/1","2/1","1/1","2/1","1/1","2/2","2/2","1/2","1/1","1/2","2/2","1/2","1/2","2/1","2/1","1/1","1/2","2/1","1/2","2/1","1/1","1/2","1/2","2/1","2/1","1/1","1/2","2/1","1/1","1/2","2/2","2/1","2/2","2/1","2/2","1/2","2/2","1/1","2/2","2/1","2/1","1/2","2/1","1/2","1/1","2/1","2/1","2/2","2/1","2/2","2/4","1/1","2/2","2/1","1/2","1/1","2/2","2/2","4/3","2/2","1/2","1/2","2/1","2/1","1/1","2/1","1/2","2/2","2/1","1/2","2/2","2/2","1/2","1/1","1/2","1/2","2/2","1/1","2/1","2/1","1/2","1/2","1/2","2/1","2/2","1/2","1/2","2/1","1/2","2/2","1/2","1/2","2/2","1/2","1/1","2/1","2/2","1/1","1/1","1/1","2/1","1/2","2/1","1/2","2/1","2/1","1/2","2/1","1/1","2/1","2/1","1/1","2/1","2/2","1/2","2/2","1/1","1/1","1/2","2/1","1/1","1/1","1/1","2/1","1/1","2/2","1/1","1/1","1/1","2/1","2/1","1/1","1/2","2/1","2/1","1/1","1/2","2/2","1/2","1/2","1/1","1/2","1/1","2/1","2/2","2/1","2/2","2/1","1/2","2/2","2/2","2/2","2/1","1/1","2/1","2/2","2/1","1/2","2/1","1/1"
"IND0158","2/1","1/2","1/1","2/1","1/2","1/1","1/1","2/2","2/1","2/2","2/1","1/2","1/2","2/1","1/2","2/2","2/2","1/2","2/1","1/1","2/1","1/2","1/1","1/1","2/1","2/1","1/2","2/1","1/1","2/2","2/1","2/1","2/2","2/2","1/1","1/1","1/1","2/2","1/1","2/1","1/2","2/1","1/2","1/1","2/2","2/1","1/1","2/1","2/1","2/2","2/2","1/2","2/2","1/2","2/2","2/1","1/2","1/2","1/2","2/1","2/1","2/1","1/1","1/1","2/2","1/1","1/1","1/1","2/1","2/2","1/1","2/1","1/1","1/2","1/1","2/2","1/1","1/2","2/1","1/2","2/1","2/1","1/1","1/1","2/2","2/1","1/2","2/1","2/1","2/2","1/1","1/1","1/1","1/2","2/2","1/1","2/1","2/1","1/1","2/1","1/1","1/1","1/1","1/1","2/2","2/1","2/1","2/1","1/2","2/2","1/1","2/1","2/1","2/2","2/2","1/1","2/2","2/1","1/1","1/1","1/1","2/1","2/2","1/1","2/1","1/2","2/4","2/2","1/2","1/1","2/2","2/2","1/1","2/2","1/2","2/1","2/2","1/2","2/2","1/1","2/2","1/1","2/1","2/1","2/1","1/2","1/1","2/2","2/2","2/1","2/1","2/2","2/1","1/2","2/1","2/1","1/2","1/1","2/2","2/1","2/2","2/1","1/2","2/1","1/2","2/1","1/2","2/2","1/2","1/1","2/2","1/1","2/2","1/1","2/1","2/2","2/1","2/2","1/1","1/1","1/2","2/2","2/2","1/2","1/2","2/2","1/1","2/2","1/2","2/1","2/1","2/2","2/1","2/1","2/1","2/1","2/2","2/1","1/1","4/2","1/2","2/1","1/2","1/1","1/1","2/1","1/2","2/2","1/1","1/2","1/1","2/1","1/2","2/1","2/2","1/1","2/2","2/2","1/2","2/1","2/2","1/1","2/1","1/1","2/1","2/1","2/1","2/2","2/2","2/1","2/2","1/1","1/1","1/1","1/2","2/1","2/1","1/2","1/1","2/2","2/1","1/1","2/2","1/1","2/1","1/1","1/2","1/2","1/2","2/1","2/2","1/2","2/1","2/1","1/1","2/1","2/2","1/1","2/2","1/2","1/1","1/1","1/2","1/2","1/1","1/2","1/2","1/1","1/2","2/2","2/2","2/1","1/1","1/1","1/2","1/1","2/1","2/1","2/3","2/2","1/2","1/2","1/1","2/2","1/1","2/2","1/2","1/2","2/1","2/2","2/1","2/2","2/2","1/1","1/2","2/2","1/2","1/2","1/1","1/2","1/2","1/1","1/1","3/3","2/2","2/1","2/1","1/1","1/2","2/1","1/1","1/2","1/1","4/1","1/2","1/1","2/3","1/2","2/2","2/1","2/2","2/1","2/1","1/1","2/1","1/2","2/1","1/2","2/1","1/2","2/2","2/1","2/1","2/1","2/2","2/2","1/2","1/2","1/2","2/2","1/2","2/1","1/2","2/1","2/1","2/2","2/2","1/2","2/1","1/1","2/1","2/2","1/2","2/1","1/1","1/2","2/1","1/2","2/1","2/2","2/2","2/2","2/2","1/1","2/2","1/1","1/2","2/2","2/2","2/2","2/1","1/2","2/2","2/1","1/1","2/2","1/2","2/1","2/1","1/2","1/2","1/4","1/1","2/2","2/1","2/1","1/1","1/2","1/2","3/2","2/2","2/2","1/1","1/2","1/2","1/2","2/1","2/1","2/2","2/2","1/1","1/2","1/1","1/1","1/2","1/2","1/1","2/2","2/2","2/2","1/2","1/2","2/2","1/1","2/2","2/2","1/2","2/1","1/1","1/2","2/1","1/2","1/2","1/1","2/1","2/1","2/2","2/1","2/2","2/1","2/2","1/2","1/2","2/2","1/1","2/2","1/1","1/1","1/2","1/2","2/1","2/1","1/1","1/2","2/2","1/1","1/1","1/1","2/2","1/2","2/2","2/1","1/1","1/2","2/1","1/2","2/2","2/1","1/2","2/1","2/1","2/1","1/1","1/1","2/2","2/2","1/2","1/1","2/1","1/1","1/2","2/1","2/2","2/1","2/1","1/2","2/2","1/2","1/2","1/2","1/2","2/2","1/1","1/2","1/1","2/2","2/2","2/2","1/2","2/2","2/1"
"IND0159","2/2","2/1","2/1","1/1","1/2","1/2","2/2","1/1","2/2","1/1","2/1","2/2","2/1","1/2","1/2","1/2","2/2","1/2","2/1","1/2","2/2","1/2","1/1","2/2","2/2","2/2","1/1","1/2","1/1","1/2","1/1","2/2","2/2","1/2","2/1","2/2","2/2","1/1","1/2","1/1","1/1","1/1","1/2","2/1","1/1","2/2","2/1","1/2","1/2","1/2","2/2","1/1","2/2","2/2","2/2","2/2","2/1","2/2","1/1","1/2","1/1","1/2","2/1","1/2","1/2","1/2","2/2","2/1","2/1","2/2","1/1","2/2","2/1","1/2","1/1","1/2","2/1","2/1","1/2","2/1","1/2","1/1","2/2","1/1","2/1","1/1","2/1","2/1","2/1","2/1","1/2","2/2","1/2","1/1","2/1","2/1","2/2","2/1","1/2","1/2","2/2","2/1","2/2","1/2","2/1","2/2","2/1","1/2","2/1","2/1","2/1","1/2","1/1","1/2","1/1","2/2","1/2","2/1","1/1","2/1","1/1","2/1","2/2","1/1","2/1","1/1","2/2","1/1","1/1","1/2","1/1","2/1","2/1","2/2","1/1","1/2","1/1","2/1","2/2","1/1","2/2","2/1","1/2","1/1","1/1","2/2","1/2","2/2","1/1","1/2","2/2","2/1","2/1","2/2","2/2","1/2","2/1","1/1","1/1","2/2","2/2","2/2","1/2","2/2","2/1","2/1","1/1","2/2","1/2","1/1","1/2","2/2","2/1","2/1","2/1","2/1","1/1","2/2","2/1","1/1","1/2","2/2","2/1","1/1","1/2","1/1","1/1","1/1","2/1","1/2","1/1","1/1","2/1","2/2","1/2","1/2","1/1","2/2","1/1","1/4","1/2","2/1","2/2","2/1","3/1","1/1","2/2","1/1","1/1","2/2","1/2","1/1","1/2","1/1","2/2","2/2","2/1","2/2","1/2","1/2","1/1","1/2","2/1","2/2","2/2","2/1","1/1","1/1","1/2","1/1","1/1","1/1","2/2","2/1","1/1","2/2","1/2","2/1","1/1","1/1","2/2","2/2","2/2","1/1","2/1","2/1","2/1","1/2","2/1","1/2","1/2","1/1","1/2","1/2","1/1","1/1","2/2","2/1","1/1","2/2","1/1","2/2","1/2","1/1","1/2","2/1","1/1","1/2","1/2","1/1","2/2","1/1","1/1","1/2","2/2","2/2","1/1","2/2","4/4","2/1","1/2","2/1","2/2","1/2","2/2","1/1","1/2","1/2","1/2","1/2","2/1","2/1","1/1","1/2","1/2","1/2","2/2","2/1","2/2","2/2","1/2","2/2","1/1","1/4","1/2","1/2","2/1","1/1","1/2","2/1","1/2","2/2","1/1","2/1","1/1","1/1","2/2","1/2","2/2","1/1","2/1","2/2","1/2","1/1","2/1","2/2","1/1","2/1","1/2","2/1","2/1","1/1","1/1","1/2","2/1","2/1","2/1","1/2","1/2","1/1","2/1","1/1","1/1","1/2","1/2","1/1","1/1","1/2","2/1","2/1","1/1","1/1","1/2","1/2","1/2","2/2","2/2","1/1","1/1","1/1","1/1","2/1","1/1","2/1","2/2","2/2","2/2","1/1","1/2","1/1","2/1","1/2","2/1","1/1","1/1","1/2","1/1","2/1","1/2","1/2","2/1","4/1","2/1","1/1","1/1","2/2","1/1","2/2","1/2","3/1","2/2","1/2","1/2","1/2","1/1","2/1","2/2","2/2","1/2","1/2","2/2","2/1","1/2","2/1","2/1","2/2","1/1","2/2","2/2","1/1","1/2","2/2","1/1","1/1","2/2","2/1","2/1","2/1","1/2","2/1","2/1","2/1","1/1","2/1","1/2","2/2","1/2","2/2","1/2","1/2","1/2","2/2","1/2","2/2","2/1","1/1","2/1","1/1","2/1","2/1","1/2","1/2","2/2","1/2","2/2","1/2","1/1","2/1","1/2","2/2","1/1","1/1","2/1","1/2","1/2","1/2","2/2","1/1","1/1","2/2","2/2","2/1","1/2","1/2","2/1","2/1","2/1","1/2","2/1","1/2","2/1","1/1","1/1","2/2","2/1","2/2","1/1","1/1","1/1","2/2","2/1","1/2","1/1","2/1","2/2","2/1","2/2","1/2","1/2","2/2","1/1"
"IND0160","2/1","1/2","1/1","1/1","2/1","2/2","1/1","1/2","1/2","2/2","1/2","1/1","2/2","2/1","1/2","1/1","1/1","1/1","2/2","2/1","2/2","1/2","1/1","2/1","2/1","1/1","2/2","1/2","1/1","1/1","1/1","2/2","2/2","1/1","1/2","2/1","1/1","2/1","1/2","1/2","1/2","1/2","2/1","1/2","1/1","1/2","2/1","1/1","2/2","2/2","2/2","1/1","1/1","2/1","2/2","1/1","2/2","1/1","2/2","1/2","2/2","2/2","1/2","1/2","1/2","2/2","2/1","1/2","1/1","2/2","1/1","1/1","1/2","2/2","2/2","2/2","1/2","2/2","1/2","1/2","2/1","2/2","2/2","1/1","2/1","1/1","1/2","1/1","1/2","1/1","2/1","1/2","1/2","1/2","1/1","1/1","2/1","1/2","2/2","1/2","1/2","1/2","1/1","1/1","2/2","1/1","2/2","1/1","1/2","2/2","1/2","2/1","2/1","1/2","2/2","2/2","2/2","1/2","2/2","1/2","1/1","2/2","1/2","1/2","2/1","2/2","1/3","2/2","2/1","1/2","2/1","1/1","2/2","2/2","1/1","2/2","1/1","1/2","2/1","2/2","1/1","2/1","2/1","1/1","1/2","1/2","1/1","2/1","1/1","2/1","1/2","2/1","1/2","2/1","2/1","2/2","2/1","1/2","1/1","2/2","2/2","2/2","1/2","2/2","1/2","1/2","1/1","1/2","1/2","2/2","2/2","2/1","2/2","2/2","2/2","2/2","1/2","1/2","1/2","2/1","1/1","1/1","1/2","2/2","2/1","2/1","1/1","1/1","1/2","2/2","2/1","1/1","1/2","1/1","1/1","2/2","2/2","1/2","1/1","3/1","2/1","1/2","2/1","1/2","4/1","2/1","1/2","1/2","2/2","1/2","2/2","2/2","1/2","1/2","2/1","1/1","2/1","1/2","2/1","1/2","1/1","2/1","2/2","2/1","1/1","1/1","1/1","1/2","2/1","2/2","1/1","2/1","1/2","2/2","1/1","2/2","2/2","1/2","1/1","1/1","2/1","2/1","2/2","1/1","2/1","2/1","2/1","1/2","1/2","2/2","1/1","1/2","1/2","1/2","2/1","2/1","1/2","2/2","1/1","2/2","2/1","1/1","2/1","2/2","1/1","1/2","1/2","1/1","2/2","2/2","1/1","2/1","1/1","2/2","2/1","1/1","2/1","2/2","1/4","1/2","2/1","2/1","2/2","2/1","2/2","2/1","2/1","1/2","1/2","1/2","1/2","1/1","2/2","1/2","1/2","2/2","1/2","2/1","2/2","2/2","2/2","2/2","1/1","2/4","2/1","1/1","2/2","1/1","2/1","1/1","2/2","1/2","1/1","2/3","2/2","2/1","1/4","2/2","1/2","1/1","2/2","1/2","1/1","2/2","1/1","1/2","2/1","2/1","1/2","2/2","2/1","2/1","1/2","1/2","2/1","2/1","2/2","1/1","1/1","1/2","1/1","1/2","1/2","1/2","2/2","2/1","2/2","2/1","1/2","2/1","2/2","1/2","1/2","2/1","2/2","2/1","1/2","2/1","2/1","1/2","1/2","1/2","2/1","2/2","1/1","2/2","2/1","2/2","2/2","1/2","1/1","1/2","1/1","2/1","1/1","2/1","1/2","1/1","2/1","1/1","2/2","3/3","2/2","2/1","1/1","1/2","1/1","2/1","2/1","2/3","1/2","2/2","1/1","1/1","1/1","1/2","1/1","2/2","2/2","1/1","2/1","2/2","1/1","1/1","2/1","2/1","2/2","2/2","1/2","1/1","2/2","1/1","1/1","2/2","1/2","1/1","2/2","2/1","2/2","1/2","2/1","2/1","1/2","1/2","1/1","2/2","2/1","2/1","1/1","2/1","2/2","1/2","2/1","1/2","2/1","1/2","1/2","1/2","1/1","1/1","1/1","2/2","2/1","1/1","1/1","2/1","2/1","1/1","2/2","1/2","2/1","2/1","2/2","1/1","1/1","1/2","2/2","1/2","2/2","1/2","1/2","2/1","1/2","1/2","1/1","2/1","2/1","2/2","2/2","2/2","2/2","2/2","1/1","2/2","2/1","1/2","1/1","1/2","2/1","1/1","2/2","2/1","2/2","2/2","2/1","1/2","2/1","1/1","1/2","1/2","1/1"
"IND0161","1/1","1/1","1/2","2/1","1/1","1/1","2/1","1/2","2/1","1/1","2/2","1/1","2/1","1/2","1/1","2/1","2/1","1/1","1/1","1/2","2/2","1/2","2/2","1/1","1/1","1/1","2/1","2/2","2/1","1/1","1/1","1/2","1/1","1/1","2/2","2/1","2/2","1/1","2/1","1/1","1/1","1/2","1/1","2/2","1/2","1/2","1/1","1/1","2/2","2/2","2/1","2/1","1/2","1/2","1/1","1/1","2/2","1/1","1/2","2/2","1/2","2/2","2/2","1/1","2/2","2/1","1/2","2/1","1/2","2/2","1/2","2/2","1/2","1/1","1/1","2/1","1/1","1/1","2/1","1/2","2/2","1/1","2/2","1/2","1/1","2/2","1/1","2/2","2/2","2/1","1/1","1/2","2/1","1/2","2/1","2/1","2/2","2/1","2/1","1/2","2/2","1/1","2/1","2/1","2/2","2/2","2/1","1/1","1/2","1/2","1/1","1/1","1/2","1/1","2/1","1/2","1/1","2/2","2/1","2/2","2/2","2/2","1/2","2/1","1/1","1/2","2/2","1/2","2/2","1/2","1/2","2/1","2/2","2/2","1/2","1/1","1/2","2/1","2/1","1/2","1/1","2/2","1/2","2/1","2/1","1/1","2/1","1/1","1/1","1/1","1/2","2/1","2/1","1/1","2/1","2/1","2/2","2/2","1/1","1/2","1/1","1/2","1/1","2/1","2/1","2/2","2/2","2/1","1/1","2/1","2/2","1/2","1/2","1/1","2/2","1/1","1/2","1/2","1/2","1/1","2/2","2/1","2/2","1/2","1/1","1/1","2/2","1/1","2/2","2/1","2/1","2/1","2/2","1/2","2/1","2/2","1/1","2/2","2/1","3/2","2/1","1/1","2/1","1/1","4/3","1/1","1/1","1/1","2/1","1/1","1/1","2/1","1/2","2/2","1/1","1/1","2/2","2/2","2/1","1/1","1/2","2/1","1/1","2/2","1/2","2/1","1/1","1/1","1/1","2/2","2/2","2/1","2/1","1/2","1/2","1/2","2/1","1/2","2/1","2/2","1/1","2/2","1/1","1/1","1/1","2/2","2/1","2/1","1/1","1/2","2/2","1/1","1/1","1/1","2/2","1/1","2/1","1/1","2/1","1/2","2/1","1/1","1/2","1/1","1/1","2/1","1/1","2/2","1/1","2/2","2/1","1/2","2/1","2/2","2/2","2/2","2/2","1/2","3/3","1/2","2/1","2/1","1/2","1/2","1/2","2/1","1/2","1/2","1/1","2/1","2/2","2/2","2/1","1/2","2/1","1/1","1/2","1/2","2/2","1/1","1/2","2/1","1/2","2/2","1/2","2/1","2/2","1/1","1/1","1/1","2/2","2/1","2/1","3/2","1/1","2/2","2/2","1/2","1/1","2/1","2/1","1/1","2/1","1/2","2/2","1/1","2/1","1/1","1/1","1/2","1/1","1/1","2/2","2/2","2/2","1/1","2/2","1/1","1/2","2/1","1/2","1/1","1/2","1/1","2/1","2/1","2/1","1/1","1/2","1/1","1/2","2/2","2/1","1/1","1/2","2/2","2/1","2/2","2/1","2/1","2/1","1/2","1/2","2/2","2/1","2/2","2/2","1/2","2/1","2/2","1/2","2/2","1/1","2/1","2/1","2/1","2/2","2/1","1/2","1/1","1/2","3/1","2/2","2/2","2/1","2/1","1/1","2/2","1/2","3/3","2/1","1/2","2/1","1/2","2/2","2/2","1/1","2/2","1/1","2/1","2/2","2/1","2/1","1/2","1/2","2/1","1/2","2/1","2/1","1/1","1/2","2/2","2/2","1/2","2/2","1/1","2/2","1/1","2/1","2/1","2/1","2/2","2/1","2/2","2/1","1/1","1/1","1/2","2/2","2/2","1/1","1/2","1/1","1/1","2/2","1/1","1/2","2/2","1/1","1/2","1/2","1/1","2/1","2/1","1/1","1/2","2/2","2/2","2/1","2/1","1/2","2/2","1/2","1/1","2/2","1/2","2/1","2/2","1/2","2/2","2/1","1/2","1/1","1/2","1/2","1/2","2/1","1/2","1/1","2/2","1/2","2/2","2/1","1/2","1/2","2/2","1/1","1/1","1/1","1/2","2/2","1/1","1/2","2/1","1/2","1/2","1/1","1/1","2/1","2/1","2/1"
"IND0162","1/1","1/2","1/2","1/1","1/2","1/1","2/1","2/2","2/1","1/1","2/2","1/2","1/1","1/1","1/2","1/2","1/2","1/2","1/2","2/1","2/2","2/1","1/1","1/1","1/1","1/1","1/2","1/2","2/2","2/2","2/1","1/1","1/1","2/2","2/1","1/2","2/2","2/1","2/2","1/2","2/1","1/1","2/1","1/1","1/1","1/2","2/1","1/1","1/1","1/2","1/2","2/1","1/2","2/2","2/1","2/1","1/1","1/2","1/1","1/2","1/2","2/1","1/1","2/2","1/2","1/2","2/1","1/1","2/1","2/2","2/1","1/2","1/1","2/2","2/2","1/2","2/1","1/1","1/2","2/2","2/1","1/1","1/1","1/1","2/2","2/1","1/2","1/2","1/1","1/2","1/2","2/2","2/1","2/1","2/2","2/2","2/1","2/2","1/1","1/1","2/2","1/1","1/2","2/2","2/2","2/2","1/2","1/1","1/2","1/1","1/1","2/1","2/1","2/2","2/2","2/2","2/2","1/2","1/2","2/2","1/2","1/1","1/2","2/1","2/2","2/1","1/2","2/2","1/1","2/2","2/1","1/1","2/2","1/2","2/2","2/1","1/1","2/2","2/1","2/1","1/2","1/2","2/2","1/1","2/2","2/2","2/2","2/2","2/1","1/2","1/1","2/2","2/2","1/1","2/1","1/1","2/2","1/2","1/1","2/1","1/1","1/1","1/1","2/1","1/2","2/2","2/2","2/1","1/2","2/1","2/1","2/2","1/1","1/2","1/2","2/2","1/1","2/2","2/1","2/2","1/2","2/1","1/1","1/2","1/1","1/2","2/2","2/1","1/1","1/2","2/2","1/1","1/1","2/1","2/1","2/1","1/1","2/2","1/1","3/1","2/2","1/1","2/2","1/2","4/3","2/2","1/2","1/2","1/2","2/1","2/1","2/2","2/2","2/1","1/2","2/2","2/2","1/1","1/2","2/1","2/2","2/1","1/2","1/2","2/2","2/1","2/2","1/2","1/2","1/2","2/2","1/2","1/1","1/1","1/1","2/1","2/2","1/2","2/2","1/1","2/1","1/2","2/1","1/2","2/2","2/2","1/1","1/2","2/1","1/1","1/2","1/2","2/2","1/2","2/1","1/1","2/1","2/1","2/2","1/2","1/1","2/2","2/2","2/2","2/2","2/1","1/1","1/2","1/2","1/2","2/1","2/2","2/1","2/1","2/2","1/1","2/1","1/2","3/3","2/1","2/2","2/2","2/2","2/2","2/2","2/2","2/2","2/2","2/1","1/1","1/2","1/2","1/2","1/2","1/1","1/1","2/1","1/1","2/1","1/1","2/2","1/2","1/1","2/3","1/2","1/2","2/2","1/1","2/2","1/2","2/1","2/1","2/1","2/1","2/2","2/1","4/1","2/1","2/1","2/2","2/1","2/2","2/1","2/2","2/1","1/1","1/1","1/1","2/1","1/1","2/2","1/2","1/2","1/1","1/1","2/1","1/1","2/2","2/2","2/1","2/2","1/2","2/1","2/2","2/2","1/1","1/2","2/1","2/1","2/1","2/1","1/2","2/1","2/1","2/2","2/2","1/2","2/2","1/2","1/1","2/1","2/2","2/1","1/2","2/1","2/1","1/1","1/1","2/2","2/2","1/1","1/1","2/2","1/1","2/2","1/2","1/2","1/1","2/1","2/2","2/1","2/3","1/1","1/1","2/1","1/1","1/1","1/2","2/2","3/4","2/1","2/2","2/2","1/2","1/2","1/1","2/2","1/1","2/1","1/1","2/2","1/2","1/2","2/1","1/1","1/1","2/1","1/2","1/2","2/1","1/1","1/1","1/2","2/1","2/2","1/2","2/1","2/2","2/2","1/1","2/1","2/1","1/2","2/2","2/1","1/1","2/1","1/1","2/1","1/2","2/2","1/1","2/2","1/1","2/2","1/2","2/2","1/2","1/2","1/1","2/1","1/1","1/1","1/2","1/2","2/2","1/2","2/1","2/2","2/1","1/2","2/1","2/2","2/1","2/2","2/2","1/1","1/2","1/1","1/2","1/1","1/2","2/2","1/2","1/2","1/1","2/2","2/1","1/1","1/1","2/1","2/2","2/2","2/2","2/1","1/1","2/1","1/1","1/2","1/1","1/2","2/2","2/1","2/1","1/2","1/1","2/1","1/2","2/2","1/1","1/1"
"IND0163","2/2","1/2","2/1","1/2","1/1","2/2","2/2","2/2","1/1","2/2","2/1","2/2","1/2","2/2","1/2","1/2","2/1","2/2","1/1","2/1","1/1","2/2","1/1","2/2","1/2","2/1","2/1","1/2","2/1","2/1","1/2","2/2","2/1","1/1","2/2","1/1","1/1","1/2","1/1","1/2","2/2","1/1","1/2","1/2","1/2","2/1","1/2","1/2","2/1","2/1","1/2","2/2","2/1","1/2","1/2","1/1","1/1","2/1","2/2","1/2","1/1","2/1","2/1","1/2","1/1","1/1","2/1","1/2","1/1","2/1","1/1","1/2","1/2","2/1","2/2","1/2","1/1","2/2","1/1","1/2","1/2","1/1","1/1","1/2","1/1","2/1","1/2","2/2","1/2","1/1","1/1","2/2","2/1","1/1","2/1","1/2","2/2","2/2","1/1","2/2","1/2","2/2","2/2","1/1","2/1","1/1","2/1","1/1","2/1","2/1","2/1","1/2","2/2","1/1","1/2","1/1","1/1","1/2","2/2","1/2","1/2","1/2","1/1","2/1","1/2","2/2","4/3","2/2","2/2","1/2","1/1","2/1","2/1","2/2","2/1","1/2","1/2","2/2","2/2","1/2","2/2","2/1","1/2","2/1","2/2","2/2","1/2","2/1","2/1","1/2","1/1","1/2","1/1","1/2","1/1","2/1","2/1","1/2","1/1","2/2","1/1","2/2","2/1","1/2","2/2","1/2","1/1","2/2","1/2","2/1","2/2","2/2","2/2","1/2","2/2","2/2","1/2","1/1","1/1","1/1","2/2","2/2","1/2","1/2","2/2","2/1","2/2","1/2","2/2","2/2","1/1","2/1","2/1","2/2","2/2","1/2","2/2","2/2","2/2","1/3","2/1","1/2","1/1","2/1","3/2","1/1","2/1","2/1","2/1","2/2","2/1","2/2","1/1","1/1","2/2","1/2","1/1","1/1","2/1","2/2","1/1","2/1","1/1","1/2","1/1","2/1","1/2","1/2","1/2","1/2","2/1","2/1","2/1","1/2","1/1","2/2","2/2","1/1","2/1","1/2","1/1","1/1","1/1","2/1","1/2","2/1","2/1","2/2","2/1","2/1","2/1","2/1","2/2","2/2","1/2","2/1","2/2","2/1","2/1","2/1","2/1","1/2","2/2","1/2","2/1","2/1","1/1","1/1","1/1","1/1","1/2","2/1","2/2","2/2","2/2","1/1","2/1","2/2","1/4","1/2","1/2","1/2","1/2","2/1","2/2","2/2","2/2","1/1","1/2","1/1","2/1","2/2","2/1","1/2","2/1","1/2","1/1","1/1","1/1","2/2","2/1","1/1","1/1","4/2","2/1","1/2","2/2","2/2","1/2","2/1","2/2","1/2","2/1","4/1","2/1","2/1","1/2","1/2","1/1","2/1","2/1","1/2","1/2","2/1","2/2","1/1","2/1","1/2","1/1","1/2","2/2","2/1","2/1","1/1","2/1","2/1","2/1","1/1","2/1","2/2","2/1","2/1","2/1","1/2","2/2","1/1","1/2","1/2","1/2","1/1","2/2","2/2","1/2","2/2","1/2","2/2","1/1","2/2","2/1","2/2","1/2","2/1","2/1","2/2","1/1","1/2","2/2","1/2","2/2","2/2","1/2","1/2","1/1","2/2","1/2","1/2","1/1","2/1","2/1","1/2","1/1","1/2","2/1","2/1","1/2","2/2","1/2","1/1","2/2","4/3","2/2","2/1","2/1","2/1","2/1","2/1","1/2","1/2","2/1","2/1","1/2","2/1","2/2","2/1","2/2","1/1","1/1","2/2","2/2","1/1","2/2","2/1","1/1","2/1","2/1","1/1","1/2","1/1","1/2","1/2","2/1","1/1","2/2","1/1","2/1","2/1","1/2","1/1","1/2","2/1","1/2","2/1","1/1","1/2","2/2","1/1","2/1","1/2","1/2","2/2","1/2","1/1","1/1","2/2","2/1","1/2","2/1","2/1","2/2","2/1","2/1","2/1","1/2","2/2","1/2","1/1","1/2","1/2","1/2","2/2","2/2","2/1","1/1","1/1","1/1","1/1","2/2","2/2","1/2","2/2","2/1","1/1","1/2","2/1","1/2","1/2","2/1","2/1","2/1","1/1","2/1","1/1","1/2","1/1","2/2","1/2","2/2","2/1","1/1","2/2","2/2"
"IND0164","1/1","1/2","2/2","2/1","1/1","1/2","1/2","1/1","2/2","2/1","2/1","2/2","2/2","2/2","1/2","1/2","2/1","1/2","1/1","1/2","1/2","1/1","1/1","2/2","2/2","1/2","2/1","2/1","2/1","2/2","1/2","2/2","1/2","2/2","2/1","2/1","2/1","1/1","2/2","1/1","1/1","2/1","2/2","1/2","1/2","2/1","2/1","1/2","1/2","1/2","2/1","1/2","1/2","2/1","1/1","2/2","1/1","1/2","1/2","2/1","1/2","2/1","2/2","2/2","2/1","2/1","2/1","2/2","1/2","1/2","2/2","2/1","1/2","1/2","2/2","2/1","2/2","1/2","2/2","1/1","1/1","2/1","1/2","1/1","1/1","2/1","1/1","1/2","1/2","1/2","1/2","1/2","2/2","2/1","1/1","1/1","1/2","1/2","2/1","2/1","2/1","1/2","2/2","2/2","2/1","2/2","1/1","2/1","2/2","1/2","1/2","1/2","1/1","2/1","2/2","2/1","2/2","2/2","2/2","1/1","1/1","2/2","1/1","1/1","2/1","1/1","3/3","1/2","2/1","1/1","2/1","2/2","2/2","2/1","2/2","2/2","2/1","2/1","2/1","2/2","1/2","2/1","1/1","1/1","1/1","2/2","2/2","2/1","1/1","1/2","1/2","1/1","2/2","2/2","1/2","2/2","2/2","1/2","1/2","2/2","1/2","1/1","1/1","2/2","2/2","1/2","1/1","1/2","1/1","2/2","2/1","2/2","1/1","1/1","2/2","2/1","2/2","2/1","2/2","2/2","1/1","1/1","1/1","2/1","2/2","2/2","1/2","2/2","1/1","1/1","2/1","1/2","2/2","1/2","2/2","2/2","1/1","2/2","1/1","2/3","1/2","2/2","2/1","2/1","2/4","2/2","1/1","2/1","2/2","2/1","1/1","1/1","1/2","2/1","2/1","2/2","1/1","1/1","2/1","2/1","2/1","1/1","2/2","2/2","2/2","2/2","1/2","1/2","1/1","2/1","1/1","2/2","1/1","2/2","2/2","1/1","2/1","1/1","1/1","2/1","1/1","1/1","2/2","1/2","2/1","2/2","2/2","1/1","2/1","2/1","2/1","2/2","2/2","2/2","1/1","1/1","2/1","2/2","1/2","1/2","2/1","1/2","1/2","2/2","2/1","1/1","2/2","2/1","1/1","2/1","2/2","1/1","1/1","1/1","1/2","2/2","1/1","2/2","1/3","2/1","1/2","1/2","1/2","2/1","2/2","1/2","1/1","1/2","2/1","2/1","2/2","2/1","2/2","1/2","1/1","1/2","1/1","2/1","2/1","1/1","1/2","1/1","2/2","2/1","2/2","1/1","2/1","1/2","1/1","1/1","2/1","2/2","1/1","2/1","2/2","1/1","4/2","2/1","1/1","2/1","2/2","1/1","2/2","1/2","2/2","1/1","2/2","1/2","2/2","1/2","2/1","2/1","1/2","1/1","2/1","2/1","1/2","1/1","1/2","2/2","1/1","1/1","1/1","2/2","2/2","2/2","2/2","1/1","1/1","1/1","2/1","2/1","1/2","1/2","1/1","2/2","2/1","1/1","1/2","2/1","1/2","2/2","2/1","2/2","1/1","2/1","2/2","2/2","2/2","1/1","2/2","2/2","1/2","1/1","2/1","2/1","2/1","2/2","1/2","1/1","2/1","1/2","2/2","1/1","2/1","1/2","1/2","1/1","1/2","4/1","1/2","1/2","2/2","2/2","1/1","2/1","2/1","1/1","1/1","1/2","1/1","2/1","1/1","2/1","1/2","1/1","2/2","2/2","2/2","2/2","2/1","2/1","2/1","2/2","2/1","2/1","1/1","1/1","2/2","1/1","1/2","2/2","1/1","2/1","1/2","1/2","1/2","2/2","2/2","1/2","1/2","2/1","1/1","2/1","2/2","1/1","2/1","1/2","1/2","2/1","2/2","2/1","2/1","2/1","2/1","1/1","1/2","2/1","1/1","1/1","2/2","1/2","1/1","1/2","2/1","1/2","1/1","2/2","1/1","2/1","2/1","1/2","2/2","1/2","1/1","1/1","1/1","1/1","1/2","2/1","1/1","1/2","1/1","2/2","2/1","1/1","2/2","2/1","2/2","2/2","1/2","1/1","1/2","2/1","2/2","2/1","2/1","2/1","1/1","1/2","1/1"
"IND0165","1/2","1/2","1/1","1/2","1/2","1/2","2/2","1/1","1/2","2/2","1/2","1/2","1/1","2/2","2/1","1/2","2/1","1/1","1/1","1/2","2/2","2/2","2/1","1/1","1/2","2/1","1/1","1/2","1/1","1/1","2/2","1/2","1/1","2/1","1/1","1/1","2/2","1/2","1/1","1/2","2/2","1/1","2/2","1/1","2/2","2/1","2/1","1/1","1/1","2/1","1/1","1/1","2/1","2/2","1/1","2/2","1/1","2/2","2/1","2/2","2/2","1/2","2/1","2/2","1/2","2/2","1/1","2/1","1/1","1/2","1/1","1/2","1/1","1/2","1/2","1/1","2/1","2/2","2/1","1/2","2/1","2/2","1/2","1/1","1/2","2/2","2/2","2/2","1/1","1/1","1/1","2/1","1/1","2/1","2/1","2/2","1/1","2/2","1/1","2/1","1/2","1/2","1/1","2/2","1/2","1/2","1/1","1/1","2/1","2/1","2/1","1/2","1/1","1/1","1/1","2/2","2/2","2/1","2/1","1/2","1/2","1/1","2/2","2/2","2/2","1/2","3/3","1/2","2/1","1/1","1/1","1/2","2/2","1/1","2/2","2/2","1/2","1/2","2/1","2/1","1/2","1/2","2/1","2/1","1/2","1/2","1/1","2/1","1/1","1/2","1/2","1/2","1/1","1/2","2/2","1/2","2/2","2/2","2/2","2/1","2/1","2/2","1/2","2/1","2/2","1/2","1/2","1/1","1/2","2/1","2/1","2/1","1/1","1/1","2/1","1/1","1/2","1/1","1/2","1/1","2/2","1/2","2/2","2/1","2/2","2/2","1/2","2/2","1/1","1/2","1/2","1/1","2/1","1/1","2/1","1/1","2/2","1/1","1/2","1/3","1/2","1/1","1/2","2/1","4/1","2/2","1/1","1/2","1/1","2/1","2/1","2/2","2/2","1/1","2/2","2/1","2/1","2/1","2/1","1/2","1/2","1/1","2/2","1/2","1/2","2/2","2/2","2/2","1/1","2/1","2/1","2/1","1/2","1/1","1/2","2/1","2/2","1/2","1/2","2/2","2/2","2/1","1/1","1/2","2/2","2/2","2/2","2/1","2/2","2/1","1/2","1/1","1/2","1/2","1/2","2/1","2/2","2/1","1/1","2/1","2/1","1/1","2/2","1/2","2/1","2/2","1/1","1/1","1/1","1/2","2/1","2/2","2/1","2/2","1/1","1/1","2/2","1/1","3/4","2/1","1/2","2/1","2/1","1/2","2/2","1/2","1/2","2/1","2/2","1/1","2/1","1/1","1/1","1/1","1/2","2/1","2/1","1/2","2/2","1/2","1/1","1/2","1/1","1/3","1/2","2/2","1/2","2/1","1/2","2/1","2/2","2/2","1/2","1/4","1/2","2/1","1/1","1/2","2/1","2/1","1/1","2/2","2/2","2/1","1/1","2/1","2/2","2/2","1/1","1/1","2/2","2/1","2/1","2/2","2/1","1/2","2/2","1/2","2/1","1/1","1/1","2/2","2/1","1/1","1/2","1/2","2/1","2/2","1/1","2/1","1/2","2/2","1/2","2/2","2/2","1/2","2/2","2/1","1/2","1/1","1/1","1/2","2/2","1/2","2/1","1/1","1/2","1/2","1/2","1/2","2/2","2/2","1/1","1/1","2/1","2/2","2/2","1/1","1/1","2/1","2/2","1/4","1/2","1/1","2/1","2/2","1/2","2/1","1/1","3/3","1/2","1/1","1/2","1/1","2/2","1/1","1/2","2/2","1/1","1/2","2/1","2/1","1/1","2/1","2/2","2/1","2/2","1/1","1/2","1/1","2/2","1/1","2/1","1/1","1/1","1/2","2/1","2/1","1/2","2/1","1/2","1/2","1/2","2/1","1/2","1/1","2/1","2/1","2/2","1/2","2/2","1/2","1/2","1/1","1/1","1/1","1/1","1/2","1/2","1/2","2/1","2/2","2/1","1/1","1/1","1/1","1/1","2/1","2/2","1/1","2/1","1/1","1/2","1/2","1/2","1/1","2/2","1/1","1/1","2/1","1/2","2/2","1/2","1/2","2/2","2/1","2/2","2/1","1/1","1/2","2/1","1/2","1/2","2/2","2/2","1/2","1/2","1/1","1/1","1/2","2/1","2/2","2/1","1/2","2/2","1/2","2/1","1/1","1/1","1/2","2/2"
"IND0166","2/1","1/1","2/2","1/1","2/2","2/2","2/1","2/2","1/1","1/1","2/2","2/1","1/1","1/1","1/2","1/1","2/2","1/2","1/1","1/2","1/1","2/2","1/1","1/1","2/1","2/1","1/1","1/2","1/2","2/1","2/2","1/1","2/1","1/2","2/1","2/1","2/2","1/1","1/1","1/1","2/1","1/1","1/1","1/1","2/2","1/2","2/2","1/1","1/1","2/1","1/1","2/2","1/1","1/1","1/2","2/2","1/2","2/1","2/2","2/2","1/1","1/2","1/2","1/1","2/2","2/1","2/1","2/1","2/1","1/1","1/2","1/2","2/2","1/1","2/1","2/2","1/2","2/1","1/2","1/2","2/1","2/1","2/1","1/1","1/2","2/2","1/1","2/1","2/2","2/2","2/1","1/2","2/1","1/2","2/2","1/1","2/1","2/1","2/1","2/2","1/2","1/1","1/1","1/1","2/1","2/1","1/2","2/2","2/2","1/2","1/2","2/2","2/1","1/1","1/1","2/1","1/1","1/2","1/2","1/1","1/2","2/1","2/1","1/1","1/2","1/1","3/2","2/1","2/1","1/1","1/1","2/1","1/1","1/2","1/1","1/1","1/1","2/1","2/2","2/1","2/2","2/2","2/2","1/1","2/2","2/1","2/2","2/2","2/2","1/2","2/1","1/2","1/1","1/2","2/1","1/1","1/2","1/1","2/1","1/2","2/1","2/2","2/2","1/1","1/2","1/1","1/1","2/1","2/1","2/1","1/1","2/2","2/1","2/2","1/2","1/2","1/1","1/2","1/2","1/2","1/1","1/2","2/2","2/1","1/1","1/1","2/1","1/1","2/2","1/2","2/2","2/1","2/2","2/2","2/1","1/2","2/2","2/2","2/1","3/3","1/2","2/1","2/1","1/2","3/4","1/1","1/2","2/2","1/2","2/1","1/1","2/1","1/2","2/2","1/1","1/2","2/2","1/2","2/1","2/1","1/1","2/1","2/2","2/2","1/1","1/2","2/2","2/2","1/2","1/1","1/2","1/1","1/2","1/1","1/2","2/2","1/2","2/2","2/2","1/2","2/1","2/2","1/2","2/1","1/2","1/1","2/2","2/1","1/1","1/1","2/1","2/1","2/2","2/1","1/2","2/1","2/1","1/2","2/1","2/2","1/1","2/1","1/2","2/2","2/1","1/2","2/2","1/2","1/2","2/1","1/1","2/1","1/1","2/2","2/1","2/2","2/1","1/1","4/4","2/1","1/2","1/2","2/2","2/2","2/1","1/2","1/2","2/1","1/2","1/2","2/1","2/2","2/2","2/2","1/2","2/2","1/1","2/2","2/2","1/1","2/2","1/1","1/2","4/3","1/2","1/1","2/2","2/1","2/1","1/1","1/2","1/1","1/2","2/3","1/2","1/2","3/1","2/2","1/2","1/2","2/2","2/1","1/1","1/1","1/2","1/2","1/2","1/2","2/2","1/2","2/2","2/2","1/1","1/2","1/2","2/1","2/1","1/2","1/2","1/1","1/2","1/1","1/2","1/2","2/2","2/1","2/1","1/2","1/2","2/1","1/1","1/1","1/1","2/2","1/2","2/2","1/2","1/1","1/2","2/2","1/1","2/2","2/2","1/1","1/2","2/1","2/1","2/2","1/1","1/1","2/2","2/1","2/2","2/1","2/2","2/2","2/1","1/1","2/2","1/1","1/1","2/1","1/1","1/2","1/2","2/2","1/2","2/2","1/2","3/1","2/1","2/2","2/1","2/1","2/1","2/1","1/1","1/2","2/2","2/1","1/1","1/1","1/2","1/2","1/1","1/2","1/2","2/2","1/2","1/1","2/2","1/2","2/2","2/1","2/1","1/2","1/2","1/1","2/2","1/2","1/2","2/2","1/2","2/2","1/2","2/2","1/2","2/1","2/2","2/2","1/1","1/1","2/2","2/1","2/2","1/1","1/1","1/1","1/2","1/2","2/2","1/1","1/2","1/2","2/2","1/2","2/1","1/2","2/1","1/2","1/1","1/2","1/1","1/1","2/2","1/1","2/1","1/2","2/2","2/1","1/1","2/1","1/1","2/2","2/2","2/2","2/1","2/1","2/1","2/1","1/1","1/2","2/2","1/2","1/2","2/2","2/2","2/1","2/2","1/1","2/2","2/2","1/2","2/1","2/1","2/1","2/1","1/2","1/2","1/1","1/2"
"IND0167","1/2","2/1","1/1","2/1","1/2","1/2","1/1","2/1","1/1","1/2","1/1","1/2","2/2","1/1","1/1","2/1","2/2","1/1","1/2","1/2","2/1","1/1","1/1","2/1","1/1","1/2","2/1","1/1","2/1","2/2","1/2","1/2","2/2","1/2","2/1","2/2","1/2","2/2","1/2","2/1","2/1","1/2","2/1","2/1","2/2","1/1","1/1","1/1","1/2","1/1","2/1","2/1","2/2","2/1","1/1","2/1","2/2","2/1","2/2","2/1","1/1","1/1","2/1","1/2","1/1","2/1","2/1","1/1","2/1","1/2","1/1","1/1","1/2","2/1","1/2","2/2","2/1","1/2","2/2","2/2","1/2","1/2","1/1","2/2","2/1","1/2","2/1","1/1","2/1","1/1","2/1","1/1","1/1","2/2","2/1","1/2","1/1","2/1","1/2","2/1","1/2","2/1","2/1","1/1","1/2","1/2","2/1","2/2","2/1","2/1","1/2","2/1","1/1","2/2","1/1","1/2","2/2","2/2","2/2","2/1","2/1","1/2","2/2","2/1","1/1","1/2","3/1","1/1","2/2","1/1","1/1","1/2","2/1","1/1","1/1","2/1","2/1","2/2","2/1","1/2","2/2","2/1","1/2","1/1","2/1","1/2","1/1","1/1","1/1","1/1","1/1","1/2","2/2","1/1","2/2","1/1","1/1","2/2","1/1","1/2","2/1","1/2","1/1","1/2","1/1","1/1","1/1","1/2","1/1","1/1","1/2","1/2","2/1","2/2","2/1","1/2","1/1","2/2","1/2","1/2","2/2","1/2","1/1","1/2","2/2","1/2","2/1","1/1","1/2","2/2","1/1","1/2","2/2","2/1","1/1","1/1","1/2","2/2","1/1","2/1","1/2","2/2","1/2","1/1","2/2","2/2","1/1","2/2","1/1","2/1","1/2","1/2","1/2","2/1","2/2","1/1","2/1","1/2","2/2","1/1","2/1","2/2","2/1","1/2","1/2","1/2","1/1","1/1","1/1","1/1","2/1","1/2","1/2","2/2","1/2","2/2","1/2","2/2","2/1","2/1","1/2","2/2","1/1","1/2","1/2","1/1","2/1","1/1","1/2","1/1","1/2","2/2","1/1","2/2","2/2","1/2","2/2","2/2","2/2","1/1","2/2","2/2","2/1","1/1","1/2","2/2","1/1","1/2","1/2","1/2","2/2","2/2","1/2","1/2","2/1","2/2","1/2","2/1","2/1","1/1","2/1","1/1","1/1","1/2","1/1","1/2","2/1","1/2","1/1","2/1","1/1","1/1","1/1","2/2","1/1","1/1","2/1","2/1","1/2","1/1","2/2","1/2","1/2","1/3","1/1","1/1","1/2","1/2","1/1","2/2","1/1","2/2","1/2","2/1","1/1","1/2","4/3","1/1","1/2","2/1","1/1","2/1","1/2","1/2","1/1","1/2","1/2","2/2","1/2","2/1","2/1","2/2","1/1","1/2","1/1","1/2","2/1","2/1","2/2","2/2","2/2","1/1","2/1","1/1","2/1","2/1","2/1","2/2","2/2","2/1","1/2","1/2","2/2","1/2","2/2","2/1","2/2","1/2","1/1","2/1","2/1","2/1","1/1","1/1","1/1","2/2","1/1","1/2","1/2","2/1","1/2","2/1","2/1","1/2","2/1","2/2","1/2","1/2","2/1","2/2","2/2","4/4","2/2","1/2","2/2","1/1","2/1","1/1","1/1","4/1","2/2","2/2","2/1","2/2","2/2","1/1","2/1","1/1","1/1","2/1","2/1","2/2","2/2","1/2","1/1","1/1","1/1","1/1","2/1","1/1","2/1","2/2","2/1","1/1","1/2","1/1","2/1","2/1","2/1","2/1","1/2","2/2","2/1","2/2","1/1","2/1","2/1","2/2","1/2","2/2","2/1","2/2","1/2","2/1","2/2","2/2","1/2","1/1","2/2","2/1","2/1","1/2","2/1","2/1","2/2","1/2","2/2","2/1","1/1","1/1","1/1","1/2","1/2","2/1","1/2","2/2","1/2","2/1","2/1","2/1","2/2","1/2","2/2","1/1","2/2","1/2","2/2","2/1","2/2","1/1","1/2","2/1","2/1","2/1","1/1","1/1","1/1","2/2","2/1","1/1","1/2","1/2","2/1","2/2","1/2","1/2","2/1","2/2","2/1","2/2","2/2"
"IND0168","2/2","1/1","1/1","2/1","1/2","2/1","1/2","2/1","1/2","2/2","1/1","1/2","2/1","1/1","1/2","2/1","1/2","1/1","1/2","1/1","2/1","1/1","2/2","2/1","1/2","2/2","1/2","2/2","2/1","1/2","2/1","1/1","1/2","2/2","1/2","2/1","2/2","1/2","1/2","2/1","2/1","2/2","2/1","2/2","1/1","2/2","2/2","1/2","2/1","2/2","1/2","1/1","2/2","1/1","1/2","2/2","1/1","2/1","2/1","2/2","1/1","1/1","2/1","2/1","2/2","1/2","1/2","1/1","1/2","2/2","2/2","1/2","1/1","2/2","1/1","2/1","1/1","2/2","1/2","1/2","2/2","1/2","1/1","1/2","1/2","2/1","1/2","1/1","1/1","1/1","2/1","2/1","1/1","1/1","1/2","1/2","2/1","1/1","1/2","2/1","1/1","1/2","1/2","1/2","1/2","2/2","1/1","1/2","2/2","2/1","2/1","1/2","2/2","1/1","2/2","2/1","1/2","1/1","1/1","2/1","2/1","1/2","2/2","2/1","2/2","1/1","4/4","2/2","1/1","1/1","1/2","2/1","2/1","1/2","2/2","2/1","1/1","1/2","2/2","2/2","1/2","2/2","2/2","1/2","2/2","1/2","2/2","1/1","1/2","2/2","2/1","1/2","1/2","2/1","1/1","1/1","2/2","1/2","2/2","1/2","1/2","2/1","2/2","2/1","1/1","1/2","2/2","2/2","2/2","2/2","1/1","1/2","1/1","2/1","2/1","2/2","2/2","2/1","2/1","2/1","1/2","1/2","2/2","2/1","1/1","1/1","2/1","2/1","2/1","2/1","1/1","1/2","1/1","1/2","2/2","1/2","2/2","1/1","1/2","3/4","2/2","1/1","1/2","1/2","2/1","2/2","2/1","2/2","1/1","2/1","1/1","1/2","2/2","2/2","1/2","1/2","2/2","1/2","2/1","2/2","1/1","2/2","2/1","1/2","1/2","1/1","1/2","2/1","2/1","1/2","1/1","2/1","1/2","2/1","2/2","1/2","1/1","1/1","2/2","2/1","2/1","1/2","1/2","2/1","1/2","2/2","1/2","2/1","1/2","1/1","2/2","1/2","1/2","2/1","1/2","1/1","2/2","1/2","1/2","1/2","2/2","1/1","1/1","2/2","1/2","2/1","2/2","1/1","1/2","1/1","2/1","2/1","2/1","1/2","2/1","2/1","2/1","2/1","2/4","1/2","1/1","2/2","2/2","2/1","1/1","2/2","1/1","2/1","1/2","1/1","1/2","2/2","1/1","2/2","2/2","2/2","2/2","1/1","1/2","2/2","2/1","2/1","2/2","4/1","2/2","1/2","1/2","2/2","2/1","1/2","2/2","2/2","1/2","3/2","2/1","2/2","3/2","1/2","1/2","2/2","1/1","1/2","1/1","1/1","1/2","1/1","1/1","1/2","2/2","2/1","2/1","1/1","1/1","1/1","1/1","2/2","1/2","1/1","1/2","2/1","1/1","2/2","2/1","2/2","2/2","2/2","1/2","2/2","2/2","1/1","1/2","2/1","1/2","2/2","2/2","1/1","1/1","2/1","2/1","2/1","2/2","2/1","2/1","2/2","1/1","2/2","2/2","1/2","2/2","2/2","2/2","1/1","2/1","2/2","1/1","2/2","1/1","1/1","2/2","1/2","1/1","1/4","1/1","2/2","2/1","2/1","2/1","1/1","1/2","4/3","2/1","1/2","1/2","1/2","2/1","1/1","2/2","1/2","2/1","1/1","2/2","2/1","1/1","2/2","2/2","2/1","1/2","1/1","2/2","2/2","1/2","1/1","2/1","2/1","2/2","2/2","2/2","1/1","2/2","2/1","1/1","2/2","2/1","1/1","2/1","2/1","1/1","1/2","1/1","1/2","2/2","2/2","2/1","1/1","2/2","1/2","2/1","1/2","1/2","1/2","2/2","2/1","1/2","1/1","1/2","1/2","2/1","2/2","1/2","2/1","1/2","1/1","1/1","2/1","2/1","1/1","2/2","2/1","1/2","2/1","2/2","2/1","1/2","1/1","1/1","1/1","2/1","1/2","1/2","2/1","1/2","2/1","2/2","2/2","1/2","1/1","1/1","1/2","2/1","1/1","1/1","1/1","2/1","1/2","1/2","2/1","2/1","2/2","1/1","2/2","2/1"
"IND0169","1/1","1/2","1/1","1/1","2/1","1/2","1/2","1/1","1/2","1/2","1/2","1/2","2/2","1/2","2/2","1/2","1/2","2/1","1/2","1/1","2/1","2/2","1/2","2/2","2/1","2/1","1/2","2/2","2/2","1/1","1/1","2/1","2/1","2/2","2/1","1/2","2/1","1/2","1/2","1/2","1/2","2/1","2/1","2/1","2/1","1/2","2/1","1/2","1/2","2/2","1/2","2/1","2/2","1/1","2/2","1/1","1/1","2/1","1/1","2/1","2/2","2/1","1/1","1/1","1/1","2/1","1/1","1/1","2/1","1/1","2/1","1/2","2/2","2/2","2/2","1/1","2/1","2/1","2/1","2/1","2/2","2/1","2/2","2/1","1/2","2/1","1/2","2/1","2/2","2/1","1/2","1/1","2/2","2/2","2/2","1/2","1/1","2/2","1/2","1/2","2/2","1/2","2/2","2/1","1/2","1/2","2/1","2/1","1/1","1/1","2/1","1/1","1/1","1/2","2/1","1/1","2/1","2/1","2/1","1/1","1/2","2/2","1/1","1/2","1/2","2/1","2/4","2/2","2/1","2/2","2/1","2/2","2/1","1/1","1/2","2/1","2/2","1/1","2/2","1/2","2/2","2/1","1/2","1/2","1/1","2/2","2/1","1/1","1/2","2/2","2/2","1/1","2/1","2/2","2/2","1/1","1/2","2/2","2/1","2/1","2/1","2/2","2/1","1/1","2/2","2/2","2/1","2/1","1/2","2/2","1/1","1/1","2/1","1/1","2/2","2/1","1/2","2/1","2/1","2/2","2/2","2/1","1/1","2/1","1/2","2/2","1/2","1/1","1/2","1/1","1/1","1/1","2/1","1/2","2/2","1/1","1/1","2/2","2/1","1/2","1/2","1/2","1/2","2/1","3/3","1/1","2/2","1/2","1/2","1/2","2/2","2/1","1/2","2/2","1/1","1/1","2/2","1/1","1/1","2/1","1/2","2/1","2/1","1/1","1/2","2/2","1/1","1/2","2/1","2/1","1/1","1/1","1/2","1/1","2/1","2/2","1/1","1/2","1/2","1/1","2/1","1/2","1/1","1/1","2/2","1/2","1/2","2/1","1/2","1/2","1/1","2/2","2/1","2/2","1/1","2/1","1/2","2/2","2/1","1/1","1/2","1/1","2/2","1/2","1/2","2/2","1/2","2/1","2/2","1/2","1/2","1/1","2/2","1/1","1/2","2/1","2/2","1/2","3/2","2/2","2/1","1/1","2/1","1/2","2/1","2/1","2/1","2/2","2/1","1/2","2/1","2/2","1/1","1/2","1/2","1/2","2/1","1/1","2/2","2/1","2/2","1/1","2/1","4/3","1/1","2/2","2/1","1/1","2/2","2/1","1/2","2/1","1/1","2/2","1/2","2/1","1/4","1/2","1/2","1/2","2/1","1/1","1/2","1/2","2/2","1/1","2/1","1/1","1/1","1/1","1/1","2/1","2/1","2/1","1/1","2/1","1/1","2/1","2/1","1/1","1/1","2/2","1/1","2/1","1/1","1/1","1/1","1/1","2/2","2/1","2/1","1/1","2/2","1/1","2/1","2/1","2/2","1/1","2/1","1/2","1/2","1/1","2/1","2/1","1/1","2/2","2/1","2/2","1/1","1/2","1/2","2/2","2/1","2/2","1/1","1/1","2/2","1/1","2/1","2/1","1/2","3/3","2/1","2/2","1/2","2/2","1/2","2/1","1/1","2/3","1/2","1/2","2/2","1/1","2/2","1/2","2/1","2/2","1/2","2/1","2/1","1/1","1/1","2/1","1/2","2/2","2/2","2/2","2/2","2/2","2/1","2/1","2/1","2/2","2/2","2/2","1/2","1/1","1/1","2/2","2/2","1/1","1/1","2/2","2/2","2/2","1/2","1/2","2/2","1/1","2/2","1/1","1/1","1/1","2/1","2/2","2/2","2/2","2/1","1/2","1/2","2/2","2/1","2/2","1/2","1/1","1/1","1/2","1/2","2/2","2/2","2/2","1/2","2/2","1/2","1/2","2/2","2/1","1/2","2/2","2/2","1/2","2/2","1/1","2/1","2/2","1/2","1/1","2/2","2/2","2/1","2/2","1/2","1/1","2/1","1/1","2/2","1/2","2/2","2/2","1/2","2/2","2/2","2/2","2/1","1/2","1/2","2/2","2/2","1/1","1/1"
"IND0170","1/1","2/1","2/2","2/1","1/1","2/1","2/2","2/1","1/2","1/2","1/1","2/1","1/1","2/2","2/1","2/2","2/2","1/2","2/1","1/2","1/1","2/2","1/1","1/1","1/2","2/1","2/1","2/2","1/1","1/1","2/1","1/1","2/2","2/1","1/2","1/2","1/2","1/2","2/1","1/2","1/1","1/2","1/1","1/2","2/1","2/1","2/2","1/1","1/1","1/2","2/2","1/1","1/1","2/2","1/1","1/1","2/2","1/2","2/1","1/1","1/1","2/2","2/2","1/2","1/2","1/2","2/1","2/1","2/1","2/2","2/2","1/1","1/1","1/2","2/1","2/2","2/1","2/2","2/1","1/1","1/1","2/2","2/1","1/2","1/2","1/1","2/2","1/1","1/1","2/2","1/1","2/1","2/1","1/2","2/1","2/1","1/1","2/1","1/2","2/2","1/2","1/1","1/2","1/2","1/1","1/2","2/2","1/2","2/1","1/2","2/1","1/2","2/2","1/1","1/2","1/1","2/1","1/2","2/2","1/1","2/1","1/2","2/1","2/2","1/2","2/1","1/1","2/1","1/1","2/1","1/1","2/2","1/2","2/2","2/2","2/2","1/1","1/2","1/1","1/2","2/1","2/2","2/2","2/2","1/2","2/1","1/1","2/1","1/2","2/2","1/1","1/2","1/2","1/1","2/1","1/2","2/1","2/1","1/2","1/2","1/1","1/2","2/1","2/2","1/2","2/2","2/1","2/1","1/2","2/2","1/1","2/1","2/2","1/1","2/1","1/2","1/2","1/2","2/1","2/2","2/2","2/1","1/2","2/1","1/1","1/2","1/2","2/2","2/1","1/1","2/2","2/1","1/2","2/2","1/2","2/2","1/1","1/1","2/1","1/1","2/1","1/1","2/1","2/2","3/4","1/2","2/2","2/2","2/1","2/2","1/2","1/1","1/1","2/2","1/1","2/1","2/1","2/2","1/2","1/1","2/1","2/1","1/1","1/1","1/1","2/1","1/1","1/2","1/1","2/1","1/1","1/1","2/1","1/1","2/2","1/1","1/2","2/1","2/2","2/2","1/2","2/1","1/2","1/1","1/2","2/1","1/1","2/2","2/2","2/2","2/2","1/2","1/1","2/2","1/2","2/1","1/1","2/2","2/1","2/1","1/1","1/2","1/2","2/1","1/2","2/1","1/1","1/1","2/2","1/1","2/1","2/1","1/2","2/1","2/2","1/1","1/2","2/2","3/2","2/1","1/2","2/1","1/2","2/1","1/2","2/1","2/1","1/2","2/1","2/2","2/1","2/2","1/2","2/2","1/2","2/2","2/1","2/2","1/2","1/2","2/1","1/1","2/1","3/4","2/2","2/2","1/2","2/2","1/1","2/1","2/1","2/2","2/2","3/3","1/2","2/2","1/1","1/1","2/2","1/1","2/2","2/1","1/2","2/2","2/1","1/2","2/1","1/2","2/2","2/2","1/2","2/2","2/2","1/2","2/2","2/2","2/1","1/2","2/1","2/2","2/1","1/1","2/1","1/2","1/1","2/2","2/1","1/1","2/1","1/2","2/1","1/2","2/2","1/1","2/1","2/1","2/2","2/2","1/2","1/2","2/1","2/2","1/1","2/2","2/2","2/2","1/1","2/2","2/2","2/2","1/1","2/2","1/2","2/2","1/2","2/2","2/2","2/2","1/1","1/1","2/1","3/1","1/1","1/1","1/2","2/2","1/1","2/1","2/2","4/1","1/2","1/2","1/1","2/1","1/2","2/1","1/2","2/2","1/1","2/2","2/1","2/2","1/2","1/1","1/1","1/1","1/1","1/2","1/2","1/1","1/1","1/1","1/2","1/2","1/1","1/1","1/2","2/1","1/2","2/2","2/2","2/1","1/1","2/1","1/2","1/1","1/2","2/2","1/1","1/2","1/1","1/1","1/1","1/2","2/2","1/2","2/1","1/2","1/1","2/2","2/2","1/2","1/1","2/1","2/1","2/2","2/2","2/1","1/2","1/2","1/1","1/2","2/2","1/2","1/1","1/2","2/2","1/2","2/1","2/1","1/1","2/1","1/2","1/1","2/1","1/2","2/2","1/2","2/1","1/1","1/2","2/2","2/1","2/1","2/1","1/2","2/2","1/1","1/1","2/1","2/1","1/1","1/2","2/1","2/2","2/2","2/1","1/1","2/1","1/1","2/1"
"IND0171","2/1","2/2","2/2","2/1","1/2","1/1","2/1","1/2","2/2","2/1","2/2","2/2","2/2","1/2","2/2","1/2","1/1","2/1","2/1","2/2","2/2","2/2","2/2","2/1","1/1","2/2","2/1","1/1","2/2","2/1","2/1","2/1","1/1","2/2","2/2","1/1","1/1","2/1","1/1","1/2","1/2","1/1","1/1","1/1","1/2","2/1","1/1","1/2","1/2","1/2","2/2","1/1","1/1","1/2","1/1","1/2","1/2","2/2","1/2","2/1","2/2","2/1","1/2","2/2","1/2","1/2","2/1","1/1","1/1","1/2","2/2","2/2","2/2","2/1","2/1","2/1","1/2","1/2","1/2","1/2","1/1","2/2","2/1","2/2","1/2","1/1","2/1","2/1","2/1","1/2","2/1","2/2","1/1","2/1","1/1","2/2","1/1","1/2","1/1","2/2","2/1","1/2","1/2","2/2","2/2","1/1","2/2","1/2","2/1","2/1","1/2","1/1","2/1","2/1","1/1","2/2","2/2","2/2","1/1","1/2","1/2","2/1","2/1","1/2","2/1","1/1","1/1","2/2","2/1","1/1","1/1","2/1","1/1","2/2","2/2","1/2","1/2","2/2","1/2","2/1","1/2","2/1","2/2","1/1","2/1","2/1","2/1","1/2","1/1","1/2","2/2","1/2","2/2","1/2","1/1","1/1","1/2","2/2","2/1","2/2","2/1","1/1","1/2","2/2","1/1","1/1","1/2","1/1","2/1","2/2","1/1","1/1","2/1","1/1","1/2","2/2","1/2","1/1","2/2","1/2","2/1","1/2","1/1","2/1","1/2","2/1","1/1","2/1","2/2","2/1","1/1","1/2","1/1","2/2","2/1","2/2","1/2","1/1","2/1","1/3","1/1","2/1","2/1","2/2","1/4","1/1","1/2","1/1","2/1","2/1","2/1","1/1","1/2","1/2","1/2","2/2","1/2","1/1","2/2","1/1","1/2","2/1","1/1","2/1","1/1","1/2","2/1","2/1","1/1","2/2","1/2","2/1","2/1","1/2","1/2","1/1","1/1","1/1","2/1","1/2","2/1","1/2","2/2","1/1","2/2","2/2","1/1","1/2","1/1","2/2","2/1","1/2","2/2","1/2","1/2","2/2","1/2","1/2","1/2","2/2","2/1","2/2","1/1","2/1","1/2","2/2","1/1","2/2","2/2","2/2","1/2","2/1","2/2","1/1","1/2","1/1","1/1","1/2","2/1","1/1","1/1","2/1","2/1","2/1","2/1","2/2","2/1","2/1","1/1","2/1","1/1","2/2","1/2","1/2","2/1","1/1","2/1","1/2","2/2","1/1","1/1","2/1","1/1","2/1","1/2","1/1","2/1","1/2","2/1","1/2","2/1","1/1","1/1","3/2","1/2","1/2","1/4","1/1","1/2","1/1","2/2","1/1","2/1","1/1","1/1","1/1","2/1","2/1","2/2","2/1","2/2","1/1","1/1","2/2","1/2","1/1","1/2","2/2","1/1","1/1","2/1","2/1","1/2","2/1","1/1","1/2","1/1","1/1","2/2","1/1","1/1","2/2","1/1","1/2","1/2","1/2","1/2","1/1","2/1","1/1","2/1","1/1","1/2","2/1","1/1","1/2","2/2","1/1","2/2","2/1","1/2","1/2","1/1","2/1","1/1","2/2","2/2","1/2","2/1","1/2","2/1","3/2","1/2","2/1","2/2","1/2","2/2","1/1","2/1","3/2","2/2","1/2","2/1","1/2","1/1","1/1","2/2","1/1","1/1","2/1","1/2","2/1","1/2","2/2","2/2","2/1","2/1","2/2","1/2","2/2","1/2","1/2","2/1","1/2","1/2","1/2","1/1","1/1","2/1","2/2","1/2","2/1","1/1","1/2","1/2","2/2","2/2","2/1","1/2","1/1","1/1","2/2","2/1","1/1","2/2","2/1","1/2","1/1","2/2","2/1","2/1","2/2","2/1","1/2","2/2","2/1","2/1","1/1","2/1","1/1","1/2","1/2","1/1","2/1","2/1","2/1","1/1","2/2","2/2","1/1","2/1","1/2","1/2","2/2","1/2","1/1","2/1","1/2","2/2","1/2","1/2","1/2","1/2","1/1","1/1","2/2","1/2","1/2","1/2","1/2","2/2","2/1","2/2","2/2","2/2","2/1","2/2","2/2","1/2","2/1","1/1"
"IND0172","1/2","1/1","2/1","1/1","1/2","2/2","1/2","1/2","2/2","2/2","2/1","2/1","2/1","1/2","1/1","1/1","2/1","2/1","1/2","2/1","2/2","2/1","2/2","1/2","2/1","2/1","2/2","1/2","2/2","1/2","2/1","2/2","2/2","1/1","2/2","2/1","1/1","1/1","1/1","2/2","1/1","1/1","1/1","2/2","1/2","2/2","2/2","1/2","2/1","2/2","1/1","2/1","1/2","2/2","1/1","2/1","1/2","1/2","1/1","1/1","2/2","1/2","1/1","2/2","2/2","1/1","1/1","1/1","1/2","2/2","2/1","2/2","1/2","1/1","1/2","2/1","2/1","1/2","1/1","1/1","1/1","1/2","2/2","2/1","1/1","2/2","1/2","2/2","1/1","2/2","2/2","2/1","2/1","2/2","1/2","2/1","1/2","1/2","2/1","2/2","2/1","1/2","2/1","2/1","2/1","1/1","2/2","1/2","2/1","1/2","1/2","2/1","2/2","1/1","2/2","2/1","1/2","2/1","2/1","1/1","2/1","2/1","2/2","2/2","1/2","1/1","4/2","2/2","1/2","2/1","1/2","2/1","2/2","1/1","2/1","1/2","1/1","2/1","2/2","2/1","1/2","2/2","2/1","1/1","2/2","1/1","1/2","2/2","2/1","2/2","1/2","1/2","2/2","1/2","1/1","2/2","1/2","1/2","2/1","1/2","2/2","1/1","1/2","1/2","2/2","1/2","2/1","2/1","2/2","1/2","1/2","2/1","2/1","1/2","2/1","1/2","1/1","2/1","1/1","2/1","2/1","2/1","1/1","1/1","2/2","2/1","2/2","1/1","1/2","2/2","1/2","1/1","2/2","2/2","2/2","1/2","2/2","1/2","2/2","1/4","2/2","1/1","2/2","2/1","1/1","1/2","2/2","2/2","1/2","1/2","1/2","2/1","1/2","2/2","2/2","2/1","2/1","1/2","2/2","2/1","1/2","2/2","1/2","2/2","2/1","2/2","1/1","2/1","2/2","2/2","2/1","2/2","2/2","2/1","1/1","2/1","1/2","1/2","1/1","1/1","1/2","1/1","2/2","2/1","1/1","2/2","1/1","2/2","2/2","1/2","2/2","2/2","2/2","1/1","1/1","1/2","1/1","2/1","2/1","2/2","1/2","1/1","1/2","1/2","2/1","2/1","2/1","2/2","2/2","1/2","1/1","2/1","1/1","1/1","2/2","1/1","2/2","2/2","2/4","1/1","2/1","2/2","1/1","2/1","1/2","2/1","2/1","1/1","1/1","1/2","1/1","2/1","2/1","1/1","1/1","2/1","1/2","1/1","1/2","1/1","1/1","1/1","1/1","4/1","1/2","2/1","2/1","1/2","2/1","2/1","1/2","2/2","2/1","2/4","1/2","2/2","1/1","1/2","2/2","2/1","1/2","1/2","2/2","1/1","2/1","2/2","1/2","2/2","2/1","1/1","1/2","2/1","1/2","1/2","2/2","2/2","1/2","1/1","2/2","2/2","1/1","2/2","1/2","1/2","2/2","2/2","1/1","1/2","2/2","2/1","1/2","2/2","1/2","2/1","2/1","1/1","2/1","1/1","1/1","1/2","2/1","1/1","1/1","1/1","2/2","1/2","2/1","1/2","2/2","1/2","2/2","1/1","2/1","1/1","1/2","2/2","2/2","1/1","2/1","1/2","1/2","2/3","2/2","2/1","1/1","1/2","1/1","2/1","2/2","2/3","1/1","1/1","1/1","2/2","1/2","2/1","2/2","1/1","2/2","2/2","2/2","1/2","2/2","1/1","2/1","1/1","1/2","2/1","1/2","2/1","1/1","1/2","2/2","2/1","2/1","1/2","1/1","2/1","2/1","1/2","2/1","2/2","2/2","2/1","1/2","2/2","2/2","1/1","1/1","1/1","2/1","2/2","1/2","1/1","2/2","2/1","2/1","1/2","1/2","2/1","1/2","1/2","2/1","2/2","2/1","2/2","1/2","1/1","2/1","2/2","2/2","1/1","1/2","1/2","2/1","2/1","2/1","1/1","2/1","2/2","2/2","1/2","2/2","1/2","1/2","1/1","2/2","2/2","2/2","2/1","2/1","2/2","2/2","1/1","1/1","1/2","2/1","1/1","2/1","2/2","2/1","2/2","1/2","2/1","1/2","1/2","1/1","1/2","1/2","1/2","1/1"
"IND0173","2/1","2/1","1/1","1/1","2/1","1/1","1/2","1/1","2/1","1/1","1/2","1/1","1/2","1/1","1/1","2/2","2/1","2/2","2/1","2/1","2/2","1/1","1/1","1/2","1/2","2/2","2/1","2/1","2/1","1/1","2/1","2/2","1/1","2/1","1/2","2/2","2/2","1/1","2/1","2/1","1/2","2/2","2/2","2/2","1/1","2/2","1/2","1/2","2/2","1/1","1/1","1/1","1/2","2/1","2/1","2/2","2/2","2/2","2/1","1/1","1/2","2/2","1/2","2/2","2/2","1/2","1/2","1/2","1/2","1/2","1/1","1/1","2/1","2/1","2/1","1/2","2/2","1/2","1/1","1/1","1/1","1/2","1/2","1/1","1/2","1/1","1/2","1/2","1/2","2/2","1/2","1/2","2/1","2/1","1/1","1/1","2/2","2/1","2/2","1/1","2/2","1/2","2/2","1/2","2/2","1/2","1/1","2/2","1/2","1/1","1/2","2/2","2/1","2/1","2/2","2/2","1/2","2/1","1/2","1/2","1/2","2/1","1/2","1/1","2/2","2/1","2/4","2/1","1/1","2/1","2/2","2/1","2/2","1/2","1/1","1/1","2/2","2/1","2/1","1/1","2/1","1/2","2/1","1/2","2/1","2/1","2/1","1/1","1/1","1/1","2/1","1/1","1/1","2/1","1/1","1/2","2/2","2/2","2/1","1/1","2/1","1/1","1/2","2/1","1/1","1/2","1/2","2/1","1/2","2/1","1/2","1/1","1/1","2/1","1/2","1/1","2/2","2/2","2/2","2/2","1/1","2/2","1/1","2/2","2/2","2/1","1/1","1/1","2/1","1/2","2/1","2/2","2/1","1/1","2/1","1/2","2/2","2/1","2/2","3/3","1/2","1/1","1/1","2/2","3/4","1/1","1/1","2/1","1/2","2/2","1/1","2/2","2/2","2/1","2/1","2/2","2/2","2/1","1/2","2/2","2/2","1/2","1/1","1/2","1/2","1/1","2/1","1/1","2/1","2/1","1/2","1/1","1/2","1/1","1/1","1/1","2/2","1/2","1/1","1/1","2/1","1/1","2/1","1/2","1/1","1/2","2/2","2/1","1/2","1/2","1/1","2/2","2/2","2/1","1/1","1/2","2/2","2/1","1/1","1/1","2/2","1/1","1/2","1/1","2/2","1/2","1/2","1/1","2/1","1/1","2/2","1/2","2/1","2/1","2/1","2/1","1/2","1/1","3/1","2/1","1/2","2/1","2/2","1/2","2/1","2/1","1/1","2/1","1/2","2/1","1/1","1/1","1/2","2/1","1/1","2/2","1/1","2/1","2/2","2/2","2/1","2/2","1/2","4/4","2/1","1/2","1/1","1/2","1/2","2/2","2/1","2/2","1/1","4/4","2/1","1/1","1/4","1/1","2/2","2/2","2/1","2/1","1/2","2/2","2/2","1/1","2/1","2/2","2/1","2/1","2/2","1/2","2/2","2/1","1/2","2/2","1/2","1/1","1/1","1/1","1/2","2/1","2/2","1/1","2/2","2/2","1/2","2/1","2/2","1/1","2/1","2/1","2/1","1/2","2/1","1/1","2/2","2/1","1/1","2/1","1/1","1/2","1/1","1/1","1/2","1/1","2/1","2/1","2/1","2/1","2/2","2/1","1/1","1/1","1/1","1/1","1/2","2/1","2/2","2/1","2/1","2/3","2/2","1/2","1/1","2/2","1/1","2/2","2/2","1/3","2/1","2/1","1/2","1/1","2/1","1/1","1/1","1/1","2/1","1/2","1/2","1/2","1/1","2/2","1/2","1/1","1/2","1/1","2/1","1/2","2/2","2/2","1/2","1/1","1/1","2/1","2/2","2/2","1/2","2/1","2/2","1/2","1/2","1/2","1/1","2/2","2/2","1/2","2/2","2/1","2/1","1/2","1/2","2/2","1/1","2/1","2/2","2/1","2/2","1/2","2/2","1/1","2/2","1/1","2/2","2/2","2/1","2/1","1/1","1/2","1/2","2/1","2/2","2/2","2/2","1/2","1/2","1/1","1/2","1/1","2/2","2/1","2/1","2/2","2/2","2/1","1/2","2/1","2/2","1/2","1/2","2/1","2/1","1/1","2/2","1/2","1/1","2/2","2/1","2/2","2/2","1/1","1/2","1/1","2/2","1/2","2/2","2/1","1/1","1/2","1/1"
"IND0174","1/1","1/2","2/2","2/2","1/2","1/2","2/1","2/1","2/2","1/2","2/1","2/1","1/1","1/1","1/2","1/1","1/2","2/1","2/2","1/1","1/2","1/1","2/2","1/1","2/1","1/2","2/1","1/2","2/1","2/1","2/2","1/2","1/1","1/2","2/1","2/2","1/2","1/2","1/1","2/2","1/1","2/2","2/1","2/1","2/2","2/2","1/2","1/1","2/1","1/2","1/2","2/2","2/1","1/2","1/2","2/2","2/2","2/2","1/1","2/2","1/2","1/2","2/2","2/2","2/2","2/1","1/2","1/2","2/2","2/2","1/1","2/1","1/2","2/2","1/2","1/1","1/2","1/1","1/2","2/1","2/2","1/2","1/1","1/1","2/1","1/2","1/2","2/1","2/1","1/2","2/2","2/1","1/1","1/1","2/2","1/2","1/2","2/2","2/2","1/2","1/2","2/2","1/1","2/1","2/1","1/2","1/1","2/1","2/2","1/1","1/1","2/2","1/2","1/2","2/2","1/1","1/1","2/1","2/2","2/2","1/1","1/2","2/2","2/2","2/1","2/2","4/2","2/2","1/2","1/2","2/2","1/1","1/1","1/1","1/2","2/2","2/1","1/2","1/2","1/2","1/2","2/1","2/2","1/1","2/1","1/2","2/1","2/1","1/1","2/2","2/2","1/1","1/1","2/1","2/2","1/1","2/1","1/1","1/1","1/1","1/2","2/2","2/2","2/1","2/1","1/2","1/2","1/2","1/2","2/2","2/2","1/1","2/1","1/1","1/1","1/2","1/2","1/2","1/2","2/1","2/2","1/2","1/1","1/1","1/1","1/1","2/1","1/2","2/1","2/1","2/2","2/2","1/1","2/2","1/2","1/2","2/1","1/1","2/2","2/3","2/1","1/2","2/2","2/2","3/3","1/1","1/1","2/1","2/2","2/2","1/2","1/1","2/1","1/2","2/1","1/2","1/1","1/2","2/1","2/1","1/2","2/2","1/1","2/2","2/1","1/1","2/2","2/1","1/2","1/2","1/1","1/1","1/2","2/1","2/2","2/2","1/2","1/2","1/1","1/2","2/2","1/1","1/2","2/1","2/1","2/1","2/1","2/2","1/1","2/2","2/2","2/2","2/2","2/1","2/1","2/1","2/2","1/1","1/1","2/2","2/2","1/1","1/2","2/1","2/1","2/2","2/1","1/2","1/1","2/1","2/2","2/2","2/1","2/2","2/2","2/2","2/2","2/2","4/2","1/2","2/1","2/1","1/1","2/1","2/2","2/2","1/2","2/2","1/1","2/1","1/2","2/1","2/1","2/2","1/2","1/2","2/1","1/1","2/2","2/1","1/1","1/2","1/1","3/3","2/1","1/2","2/1","2/1","1/1","2/1","1/1","1/2","1/2","1/4","1/2","2/1","1/2","1/1","2/2","2/1","1/2","2/2","1/1","1/1","2/2","1/1","1/2","1/1","2/2","2/2","2/1","2/1","1/1","1/1","2/2","1/2","1/1","2/1","1/1","1/2","1/2","1/2","1/1","1/2","1/1","2/2","1/2","1/2","1/1","1/1","1/2","1/1","2/2","1/2","2/2","2/2","1/2","2/2","2/1","1/1","1/1","2/1","1/2","2/1","1/1","2/1","2/1","2/1","2/2","2/1","2/1","1/1","2/1","2/1","1/1","1/2","2/1","1/2","2/2","1/1","2/1","4/2","2/2","2/2","2/2","1/2","2/1","1/2","1/1","4/2","2/1","1/1","1/1","2/2","2/1","1/2","2/1","1/1","2/2","1/1","2/1","1/1","1/1","2/2","1/2","1/2","1/1","1/1","2/2","2/2","2/1","2/1","1/2","1/1","2/1","2/1","2/1","1/2","1/1","1/2","2/1","1/1","2/1","2/2","1/1","1/1","2/1","1/1","2/2","1/2","1/2","1/1","2/2","2/1","2/2","1/1","2/1","2/1","1/2","1/2","1/1","2/1","1/2","1/1","2/1","1/1","1/1","2/2","1/2","1/2","1/2","1/1","1/2","1/2","1/2","2/1","1/1","2/1","2/1","2/2","2/1","2/1","1/2","1/2","1/1","2/2","2/1","2/2","2/1","1/1","2/2","1/2","2/2","2/1","2/2","2/2","1/1","1/1","1/2","2/2","1/2","2/1","2/2","1/1","2/2","1/2","2/2","2/1","2/1","1/1","1/1"
"IND0175","2/1","2/2","1/1","1/2","1/2","1/2","2/2","2/2","1/1","1/2","2/2","1/2","1/1","2/2","1/2","2/2","1/2","1/1","2/2","1/1","1/1","1/1","2/1","1/1","1/1","1/1","2/2","1/1","1/2","1/2","1/2","2/1","1/1","2/1","1/2","2/1","1/2","1/2","2/1","1/1","2/2","2/1","2/1","2/2","2/2","2/2","1/2","1/2","1/1","1/2","2/1","2/1","2/1","1/2","1/2","1/2","2/2","2/2","1/2","2/1","2/1","1/1","1/2","2/1","2/2","2/2","1/1","2/1","1/2","1/2","2/1","2/1","2/1","2/2","2/2","1/2","1/1","1/2","1/2","1/2","2/1","1/1","1/2","1/1","2/2","1/2","2/2","2/2","1/1","1/1","2/1","2/1","2/2","1/1","2/1","1/1","2/1","1/2","1/2","2/2","2/1","2/1","1/1","2/2","1/2","2/1","2/1","2/1","1/2","2/2","1/1","2/1","1/1","2/2","1/1","2/1","2/1","1/1","2/1","2/2","1/2","1/1","1/1","1/1","1/2","1/1","2/3","1/2","2/2","1/1","1/2","1/2","2/2","1/2","1/1","1/1","2/1","2/1","2/2","2/1","1/1","1/2","2/2","2/1","1/2","2/2","2/2","1/1","2/2","1/1","2/2","1/1","1/1","2/2","1/1","1/2","2/2","1/2","1/2","2/1","1/2","2/1","1/1","1/2","1/2","2/2","2/1","2/1","2/1","1/2","1/1","2/1","1/2","1/1","2/1","2/2","2/1","1/2","1/1","1/1","1/1","1/1","1/2","1/1","1/2","2/2","1/1","1/2","1/1","2/1","1/2","2/1","2/1","1/1","1/2","2/1","2/2","2/2","1/1","4/3","2/1","2/1","1/1","2/1","4/3","2/2","2/1","2/1","2/2","1/2","1/2","1/2","1/2","2/1","1/2","2/2","2/2","1/1","1/2","1/1","1/1","1/1","2/2","1/1","2/1","1/1","1/2","1/1","1/1","1/2","1/1","2/2","1/1","2/1","1/1","2/2","1/2","1/1","2/2","2/2","1/1","1/2","2/1","1/1","1/2","2/2","1/2","2/1","2/2","2/2","2/2","2/2","2/1","1/1","1/2","1/1","2/1","1/1","2/1","2/2","1/2","2/1","1/1","1/2","1/2","1/1","2/2","2/2","1/2","2/1","2/2","2/2","2/1","1/2","1/1","2/2","1/2","2/2","4/3","2/1","1/1","2/1","1/1","1/2","2/1","2/2","2/1","2/2","1/1","1/2","1/1","1/1","2/1","2/1","2/2","1/1","2/2","2/1","1/1","2/2","1/1","1/1","1/2","4/2","2/1","2/2","2/1","2/2","1/2","2/1","1/1","2/2","2/2","2/3","2/2","1/1","2/2","2/1","1/2","2/1","2/2","2/2","2/2","2/2","1/1","1/2","1/2","1/1","1/2","1/2","2/1","2/2","1/2","1/1","2/1","1/1","1/2","2/2","1/1","2/1","2/2","1/1","2/1","1/1","2/1","1/2","2/1","1/1","2/2","1/2","2/2","1/1","1/2","1/2","1/1","1/2","2/2","2/1","1/2","2/2","2/1","2/1","1/2","1/1","1/2","2/1","2/2","1/2","1/2","2/2","2/2","2/1","2/1","2/1","1/2","2/2","1/2","2/1","2/2","2/1","1/1","4/3","1/2","2/1","1/1","2/2","2/1","2/2","2/1","2/4","2/1","2/2","2/1","1/2","1/2","1/2","1/1","2/2","2/1","1/2","2/2","1/2","1/1","2/2","2/1","2/1","2/1","2/1","2/2","1/1","2/1","1/2","2/2","2/1","2/1","2/2","1/2","2/2","1/1","1/2","2/1","2/2","1/2","1/2","1/2","1/1","2/2","2/2","1/1","2/2","2/1","2/1","1/2","2/2","1/2","1/1","2/1","1/1","2/1","2/1","2/2","2/2","1/1","2/2","2/2","2/2","1/1","1/1","2/1","1/2","1/2","1/1","2/1","1/2","2/1","1/1","1/2","1/1","2/1","1/2","2/2","1/2","1/1","1/2","1/2","1/1","2/2","2/1","2/2","2/2","2/1","2/1","1/1","2/1","2/2","1/2","2/2","2/1","2/2","2/1","2/1","1/2","1/2","2/1","2/1","1/2","1/1","1/2","2/2","1/1","2/1"
"IND0176","2/2","2/2","2/1","1/2","2/1","1/2","2/2","2/2","2/1","1/1","2/1","2/1","2/1","1/2","2/1","1/1","2/1","2/2","1/1","1/1","2/1","1/1","1/1","1/1","1/1","1/1","2/1","1/2","1/2","1/2","1/2","1/2","1/1","2/2","1/1","2/2","1/2","1/2","1/1","2/1","1/2","2/2","1/1","1/2","1/2","1/1","2/2","1/1","2/2","2/1","1/2","1/1","1/2","2/2","2/2","1/1","1/1","1/2","1/1","1/2","2/1","2/2","2/1","2/1","2/2","1/2","2/1","1/2","2/2","1/2","2/2","1/1","1/1","2/2","2/1","2/1","1/2","1/2","1/1","1/2","2/2","1/1","1/1","2/1","1/1","1/2","2/2","2/1","1/1","1/2","1/2","1/2","1/2","1/2","2/2","1/2","1/2","2/1","2/1","2/1","1/1","2/2","2/1","2/1","2/1","1/1","1/1","1/2","2/1","1/1","1/2","2/2","2/2","2/2","1/2","1/2","2/2","1/2","1/1","2/1","1/2","2/2","1/1","2/2","1/1","1/2","4/1","2/2","2/1","1/2","2/1","2/1","2/1","2/1","2/1","2/1","1/1","2/2","2/2","2/1","2/1","2/2","1/1","1/1","1/1","1/1","2/1","1/1","1/1","2/2","1/1","1/1","2/2","2/1","2/1","2/1","2/2","1/1","1/1","1/1","2/2","1/1","1/1","2/1","1/2","2/2","2/1","1/1","2/1","2/2","1/2","1/2","2/1","1/2","2/2","2/1","2/2","1/2","2/2","2/2","1/1","2/1","1/1","1/1","1/1","2/1","2/2","2/1","2/1","2/1","1/2","2/2","2/2","2/1","1/2","2/2","2/2","1/1","1/2","2/1","2/2","1/1","1/2","1/1","4/1","2/2","2/2","1/2","1/2","2/2","1/1","1/2","2/1","1/1","1/1","1/1","2/1","2/2","2/2","1/2","2/2","1/2","1/1","1/1","2/1","1/1","2/2","2/1","2/1","2/2","2/2","2/2","1/1","1/2","1/1","1/1","2/1","2/1","1/1","2/2","1/1","2/1","1/2","2/2","2/1","1/1","1/1","2/2","2/2","1/2","2/1","2/1","1/2","1/2","2/1","1/1","1/2","1/2","1/2","1/1","1/1","2/1","2/1","1/2","1/1","2/2","1/1","2/1","2/2","2/1","1/1","1/1","1/2","1/1","1/2","2/1","1/1","1/1","1/1","2/1","1/1","2/2","1/1","1/2","1/2","2/2","2/2","2/1","2/2","1/1","2/1","2/1","1/2","2/2","1/2","2/2","2/2","1/1","1/1","2/2","2/1","2/1","1/2","3/1","2/1","2/2","1/2","1/2","2/2","2/1","2/1","1/2","2/1","1/2","2/1","1/2","1/1","1/1","1/2","2/1","1/2","1/1","1/1","1/2","1/1","2/1","1/1","1/1","1/2","1/1","2/1","2/1","1/2","2/2","1/2","1/1","1/1","2/2","2/1","2/1","1/2","2/2","2/2","1/2","1/2","2/1","1/1","1/2","1/1","1/1","1/2","1/1","1/1","1/2","2/2","1/2","1/1","1/1","2/2","2/1","2/2","2/2","2/2","1/1","1/2","2/1","1/1","1/1","1/2","1/1","2/1","2/1","1/1","2/1","1/2","1/1","2/1","2/1","2/2","2/1","2/1","2/2","1/2","1/2","1/1","2/2","1/2","2/1","2/2","3/4","1/1","2/2","1/2","2/2","2/1","2/1","1/1","2/1","2/1","1/2","2/1","2/2","2/2","2/2","2/1","2/1","1/2","1/2","2/1","1/1","2/1","1/2","2/2","1/2","2/1","2/2","1/1","1/2","1/2","1/1","2/1","2/1","2/2","1/1","2/2","1/1","2/2","1/2","2/2","1/1","1/1","2/2","2/2","1/1","2/2","1/2","2/1","2/1","2/1","2/2","2/1","2/1","2/2","2/2","1/1","2/2","2/2","2/1","1/2","1/1","2/1","1/1","1/1","1/2","1/2","2/2","1/1","2/2","1/2","1/2","2/1","1/2","2/2","1/1","2/2","2/1","1/1","2/1","1/2","1/1","1/1","2/1","2/1","2/2","2/2","2/2","1/2","2/2","1/2","1/2","2/1","1/2","1/1","1/2","2/1","2/1","2/1","2/1","1/2","1/2","1/1"
"IND0177","1/2","2/2","1/1","2/2","1/1","2/1","1/1","1/2","1/2","2/1","1/1","2/2","1/1","2/1","2/1","2/2","1/1","1/1","2/2","2/1","2/1","1/2","2/2","2/2","1/1","1/1","2/1","2/1","1/1","2/2","1/1","1/1","1/2","2/2","1/1","2/1","2/2","1/2","2/2","2/1","1/1","2/1","2/1","1/2","1/1","1/2","1/1","2/2","1/2","2/1","1/1","1/2","2/2","1/2","1/1","1/1","1/1","1/2","1/1","2/1","2/2","2/2","1/2","2/1","1/1","1/1","2/2","1/1","1/1","1/1","2/2","1/1","1/2","2/1","2/2","2/1","1/1","1/1","2/1","1/2","2/2","1/2","2/1","2/2","2/2","1/2","2/2","2/1","1/2","2/1","1/2","2/1","1/1","2/2","2/1","2/2","1/1","1/1","1/1","2/2","1/1","2/2","2/2","1/2","2/2","2/1","2/2","1/2","2/2","1/1","2/1","1/1","2/2","1/1","2/1","1/2","2/2","2/1","1/2","2/1","2/2","2/2","1/1","1/2","2/2","2/2","1/4","1/1","1/2","2/2","2/2","2/2","2/2","2/1","2/1","2/1","2/2","1/1","1/2","2/1","2/1","2/2","2/2","2/2","1/1","1/1","2/1","2/2","1/2","2/1","2/2","2/1","1/1","2/1","1/1","1/1","1/2","1/1","2/1","1/1","2/2","2/1","1/1","1/2","1/1","1/2","1/2","1/2","2/1","2/1","2/2","1/2","1/1","2/1","2/2","2/2","2/2","2/2","2/1","1/1","2/2","2/2","2/1","2/2","1/2","2/2","2/1","2/2","1/1","2/1","1/1","1/1","1/1","2/2","1/1","2/2","2/1","2/1","2/2","1/4","2/1","2/2","1/1","1/2","1/2","2/1","2/1","2/2","1/1","2/1","2/2","2/2","2/2","1/2","2/2","2/2","1/2","2/2","1/1","1/2","1/2","2/2","2/1","2/1","1/1","1/2","2/1","1/1","1/2","2/1","1/2","2/2","2/1","1/2","2/1","1/2","1/1","1/2","2/2","2/2","2/1","2/2","1/1","2/1","2/1","2/1","1/2","2/2","1/2","1/1","2/2","2/1","1/1","1/1","1/1","1/1","2/2","2/2","2/2","1/1","1/2","2/1","2/1","2/2","1/1","1/2","1/1","2/2","1/1","2/1","1/2","1/1","1/1","2/1","2/2","1/1","1/1","2/2","4/2","2/1","2/1","1/1","2/2","2/2","1/1","2/2","1/2","1/1","1/1","2/1","2/2","1/1","2/1","1/2","1/1","1/2","1/1","1/2","2/1","2/2","1/2","1/2","2/1","1/3","1/2","2/1","2/2","1/2","1/2","2/2","1/2","2/2","1/1","3/3","2/2","2/1","4/1","2/1","2/1","1/2","1/1","1/2","1/1","1/2","1/1","1/1","1/2","1/2","2/2","1/2","2/2","1/2","2/2","2/1","2/1","1/2","1/1","2/1","2/1","1/1","1/2","2/2","1/2","1/2","1/1","1/2","1/1","1/2","1/2","1/2","2/1","1/2","1/2","2/2","1/1","1/1","1/1","1/2","1/1","2/1","2/2","1/2","2/1","2/1","1/2","1/2","2/2","1/2","1/2","1/1","1/2","2/1","1/1","1/2","2/1","1/2","2/2","2/2","2/2","2/2","1/1","2/3","2/2","1/1","2/1","2/2","1/2","1/1","1/2","2/2","1/2","2/1","2/1","1/1","2/2","2/2","2/2","1/1","1/1","2/2","2/2","2/2","2/1","1/2","1/1","2/2","2/2","2/1","2/1","1/2","1/1","2/2","1/1","2/1","2/2","1/2","2/1","2/2","1/1","1/2","1/1","1/1","2/2","1/1","2/2","2/2","2/1","1/2","1/2","2/1","1/2","2/1","1/2","2/2","1/2","2/1","1/2","2/1","1/2","2/2","2/2","1/1","1/1","1/2","2/2","2/2","1/2","2/2","2/1","2/2","2/2","1/1","1/1","1/2","1/1","1/1","1/2","2/1","2/2","1/1","1/2","2/2","2/2","1/2","1/1","1/2","1/2","1/1","2/1","1/2","1/2","2/2","2/1","1/2","1/2","1/2","2/1","2/1","2/2","2/2","1/1","1/2","1/1","2/1","2/1","1/2","1/2","2/1","2/1","1/1","2/1"
"IND0178","1/2","1/2","2/1","2/2","1/1","2/1","1/1","2/2","1/2","1/1","2/2","2/2","1/1","2/2","1/1","2/2","1/1","2/1","1/1","1/2","1/1","2/2","2/1","2/2","2/1","2/2","1/1","1/1","2/1","1/2","1/1","1/2","1/1","1/2","1/2","2/1","2/2","1/1","2/2","1/1","1/1","2/1","1/2","2/2","2/2","1/2","1/2","2/1","1/2","1/1","1/2","1/2","2/2","1/2","1/1","1/2","1/2","1/2","2/1","1/2","1/1","2/1","2/2","2/1","2/2","2/2","2/2","2/2","1/1","1/1","2/2","2/1","2/2","2/1","2/1","2/1","2/1","1/2","1/1","1/2","2/2","2/2","1/1","2/1","1/1","2/1","2/1","2/2","1/1","2/2","2/1","2/1","2/2","2/1","2/2","1/1","2/1","2/2","1/2","2/1","2/1","1/1","2/1","1/1","2/2","2/1","1/2","1/1","1/1","2/1","1/1","2/2","2/1","2/1","1/1","2/1","1/2","2/2","2/1","1/1","1/1","2/2","2/1","1/1","2/2","2/1","4/2","2/2","1/1","1/1","2/2","2/2","2/1","2/2","1/1","2/1","2/2","1/2","1/2","2/2","1/1","2/2","2/1","2/1","1/2","2/2","2/1","2/2","1/2","1/1","2/2","1/2","1/2","1/2","2/1","2/2","2/1","2/1","1/2","1/1","2/1","1/1","1/1","1/2","1/2","1/2","2/2","2/2","2/1","1/1","2/1","1/1","2/1","2/1","2/2","1/1","1/1","2/2","1/2","1/1","2/2","1/1","1/2","1/2","2/2","2/2","1/2","1/1","1/2","1/2","2/1","1/1","1/1","1/1","2/1","2/1","1/1","2/1","1/2","1/3","2/1","2/1","2/2","2/2","3/3","1/1","1/1","1/1","2/1","2/2","2/1","2/2","1/1","1/1","2/1","2/1","2/1","1/2","2/1","1/2","2/1","1/1","1/2","1/2","2/1","1/2","1/2","2/2","1/2","1/1","1/2","1/1","2/2","1/1","1/2","2/2","2/2","1/2","1/1","2/2","1/1","1/1","1/1","2/2","2/1","2/1","1/1","1/1","1/2","2/2","1/1","1/1","2/1","1/1","2/1","1/1","1/2","1/2","2/1","2/1","1/2","2/2","1/2","2/2","2/2","1/2","1/2","2/2","1/1","2/2","1/2","1/2","1/2","1/1","2/2","2/2","2/1","2/1","1/4","2/2","2/2","1/2","1/2","2/2","1/1","2/1","2/2","2/1","1/1","1/1","1/2","2/2","2/2","2/2","1/1","1/1","2/2","1/2","2/1","2/1","2/1","1/1","1/2","3/2","1/2","1/1","2/2","1/2","2/1","1/2","1/2","1/1","1/2","1/2","1/1","1/2","3/1","2/2","1/1","2/1","2/2","1/1","2/1","2/1","1/1","1/1","2/2","1/1","1/1","2/2","2/2","2/2","2/1","2/2","1/2","2/2","2/1","2/2","1/1","2/1","1/1","1/1","2/1","2/1","2/1","2/1","1/1","2/1","2/1","1/2","2/1","2/1","2/2","1/2","2/2","1/1","2/1","2/2","2/1","2/2","2/1","1/1","2/2","2/2","1/1","1/2","2/2","2/1","2/2","2/2","1/1","2/1","2/1","1/1","2/2","1/1","1/1","2/1","1/2","1/2","2/2","3/2","2/1","2/1","1/2","1/2","2/1","2/1","2/1","4/1","2/1","2/1","1/1","1/2","2/1","2/2","2/2","1/2","2/1","1/1","1/1","1/2","1/1","2/2","1/1","2/1","2/1","2/2","1/1","1/2","1/1","1/2","1/2","1/2","1/2","2/2","1/2","2/2","1/1","2/2","2/2","2/2","1/2","2/2","2/1","2/2","2/2","1/2","2/1","2/2","2/1","1/2","2/1","1/1","2/1","2/1","1/2","2/2","1/2","1/1","1/1","2/2","1/2","2/1","1/2","2/1","1/1","1/1","2/1","1/1","2/1","2/2","1/2","2/1","2/2","2/1","2/2","2/2","1/1","1/2","2/1","1/2","2/2","2/1","2/2","1/1","1/1","1/1","2/1","2/2","1/2","1/2","2/2","1/2","1/1","1/2","1/1","2/1","1/1","2/1","1/1","1/2","2/2","2/2","1/2","1/2","1/1","2/1","1/2","2/2","1/2"
"IND0179","2/1","2/1","2/2","1/2","1/1","2/1","2/2","1/1","1/2","1/1","1/1","2/1","1/1","2/1","1/2","2/2","2/1","1/1","2/1","1/1","2/1","2/1","1/2","2/2","2/2","2/1","2/2","2/2","1/2","1/1","2/2","2/1","1/2","2/1","1/2","1/2","2/1","2/1","1/2","1/1","1/2","1/1","1/2","1/2","2/2","2/1","1/2","2/2","2/1","1/2","2/1","2/2","1/2","2/2","2/2","1/2","2/2","2/2","1/1","2/1","1/2","1/2","2/1","1/1","1/1","1/1","1/1","1/1","1/1","2/2","2/1","1/2","1/1","2/1","1/1","1/2","1/2","1/1","2/1","2/2","2/2","2/2","2/1","1/1","2/2","1/2","2/2","2/1","2/2","1/2","1/1","2/1","1/1","2/1","1/1","1/2","1/2","2/2","1/1","2/1","2/1","1/1","2/1","2/1","1/2","1/1","2/1","1/1","2/1","1/1","2/2","2/1","1/1","1/2","2/2","1/1","2/2","2/1","2/2","1/2","1/2","1/1","1/1","1/1","1/2","2/1","1/3","2/2","2/2","1/2","2/1","2/2","2/2","2/2","2/2","2/2","1/1","1/2","1/2","2/2","2/1","1/2","1/1","1/2","1/2","1/1","1/1","1/1","2/2","1/1","2/1","1/1","2/1","1/2","2/2","1/2","2/1","1/2","2/2","2/2","1/2","1/1","1/2","2/2","2/1","1/1","2/2","2/2","1/1","1/1","2/2","2/2","1/1","2/2","2/2","1/2","1/1","2/1","2/1","1/1","1/2","2/2","2/1","1/1","2/1","1/2","2/2","2/1","2/1","1/2","1/2","1/2","2/1","2/2","2/2","1/2","2/1","2/2","2/1","1/2","1/2","1/1","1/2","1/2","4/2","1/1","1/1","2/2","1/2","2/1","1/2","1/1","2/1","1/1","2/2","1/1","1/1","1/1","1/1","1/1","2/2","1/1","1/2","1/2","1/1","2/1","2/2","1/2","1/1","1/2","1/1","2/2","1/2","1/1","2/2","1/2","1/1","1/2","1/2","2/2","2/2","2/2","1/2","2/1","2/2","1/1","2/1","1/1","2/1","1/1","1/1","1/1","1/2","2/1","1/2","2/1","1/1","1/2","1/2","2/2","1/1","1/1","1/1","2/2","1/1","1/1","1/1","1/1","1/1","1/2","2/2","2/2","1/2","2/1","2/2","2/2","2/1","1/2","4/1","2/2","2/1","1/2","2/2","1/2","2/2","1/1","1/1","1/2","2/2","2/1","1/1","2/1","2/1","1/2","2/1","2/2","2/2","2/2","2/1","1/1","2/2","2/1","1/1","1/3","2/1","2/1","2/1","1/2","2/1","1/1","2/2","2/1","2/1","4/4","2/2","1/2","3/1","1/2","2/1","2/2","1/2","2/1","1/1","1/1","2/1","2/2","1/2","1/2","1/1","2/1","1/2","1/1","1/2","2/2","1/1","2/1","2/2","1/1","1/1","1/1","1/2","2/1","2/2","1/2","2/2","2/1","1/2","2/2","2/1","1/1","2/1","1/2","2/2","1/2","1/2","2/2","2/1","1/1","2/1","1/2","1/1","1/2","2/1","2/1","1/1","1/1","2/1","1/2","2/1","2/1","1/2","1/2","2/1","1/1","2/2","1/1","1/2","2/1","1/2","2/1","1/2","2/4","1/2","2/1","1/1","1/2","1/1","1/2","1/1","4/1","2/1","2/1","2/1","1/2","2/1","1/1","1/2","1/2","1/2","1/1","1/1","1/2","2/2","2/1","1/1","2/2","2/1","1/2","2/2","1/2","2/2","1/2","1/2","1/1","1/2","1/1","1/2","2/2","1/1","1/2","2/1","1/2","2/1","1/1","1/1","2/2","1/2","1/2","1/2","1/1","2/1","1/2","2/2","1/2","1/2","1/1","1/2","2/1","1/2","1/2","2/1","1/2","1/2","1/2","2/2","1/1","2/1","2/2","2/1","1/1","2/2","1/1","1/1","1/1","2/2","2/2","2/1","1/2","1/1","1/2","2/1","1/2","2/1","1/2","2/1","1/2","1/2","2/2","1/2","1/1","1/1","2/2","1/2","1/2","2/2","2/1","2/1","1/2","1/1","1/2","1/1","1/1","1/1","2/1","2/2","1/2","2/1","2/2","1/1","1/2","2/2"
"IND0180","1/1","1/2","1/2","2/1","2/2","1/2","1/2","2/1","2/1","1/2","2/1","2/2","2/2","1/1","2/1","2/2","2/2","2/1","1/2","2/2","1/2","1/1","1/2","2/2","2/1","1/1","2/2","1/2","2/2","2/2","1/2","1/1","1/1","2/2","2/2","2/1","2/1","1/1","1/2","2/2","1/1","1/2","1/2","2/1","1/2","2/1","1/1","2/2","1/1","2/2","1/2","1/2","1/2","1/1","2/1","2/1","1/2","1/2","1/1","2/1","1/1","1/1","1/1","1/2","1/1","1/1","1/2","1/2","1/2","2/2","2/2","2/2","1/2","1/2","1/1","1/2","2/1","1/2","2/1","2/2","1/1","2/1","1/2","1/2","1/1","1/1","1/2","1/1","1/1","1/1","2/2","1/2","2/1","1/2","2/2","1/2","1/2","2/1","1/2","1/2","1/2","1/2","1/1","2/1","1/1","1/2","2/2","2/1","1/2","1/2","2/2","2/2","2/1","2/1","2/2","1/1","2/1","2/1","2/2","2/2","1/2","1/1","2/1","1/2","1/1","2/2","4/3","1/2","2/2","2/1","1/1","1/2","2/2","2/2","2/1","2/2","2/2","2/1","2/2","2/2","2/1","1/2","2/2","1/2","1/1","1/2","1/1","2/2","2/1","2/2","1/1","1/2","1/1","1/2","1/2","1/1","1/1","1/1","1/2","1/2","2/1","1/2","2/1","1/1","1/1","2/2","1/2","2/1","2/1","2/2","2/1","1/2","2/1","1/2","2/1","2/2","2/1","1/2","1/1","2/1","1/1","2/2","2/1","2/1","1/1","1/2","1/2","2/2","1/1","1/1","1/1","2/2","1/1","2/1","1/1","2/2","1/2","2/2","1/1","1/2","2/2","2/2","2/2","2/1","4/1","1/2","2/1","1/2","1/1","1/2","1/2","1/1","1/2","2/1","2/2","2/1","2/1","2/1","2/1","2/1","1/1","2/1","2/1","1/2","2/1","2/1","2/1","2/1","1/2","1/1","2/1","2/1","2/1","2/2","1/1","1/1","1/1","1/1","2/2","1/2","1/1","1/1","2/2","2/2","2/1","1/2","1/1","1/1","2/2","2/1","1/1","1/1","2/2","1/1","1/2","2/2","1/1","2/2","1/2","1/2","2/2","1/2","2/2","2/1","1/1","2/1","1/2","1/1","1/2","2/1","2/2","1/2","1/1","2/2","2/2","1/2","1/1","2/1","4/1","2/1","2/2","1/2","2/2","2/2","1/2","1/2","2/1","2/2","1/2","2/2","1/1","1/1","1/1","2/2","2/2","1/1","2/1","2/1","1/2","2/1","1/1","2/2","2/1","3/4","2/2","1/1","1/1","2/1","2/2","1/2","2/1","1/1","1/2","2/4","1/2","1/2","4/2","2/1","2/2","2/1","2/2","2/2","1/1","1/2","1/1","2/2","1/1","1/1","2/2","1/1","1/1","2/1","2/2","2/1","2/1","2/1","1/1","1/2","2/1","1/1","2/2","1/1","2/2","2/2","2/1","1/1","2/1","2/1","2/1","1/2","1/2","1/2","2/2","2/1","1/2","2/2","2/1","2/1","2/2","2/1","2/1","1/1","1/1","2/2","1/1","2/1","2/2","2/2","2/1","2/1","1/2","2/1","2/2","1/2","1/1","2/2","2/1","1/1","2/1","1/2","2/2","1/3","2/2","2/1","2/1","2/2","2/1","1/1","1/2","4/1","1/1","1/1","1/1","2/1","1/2","1/1","1/1","1/1","2/2","2/1","2/1","1/1","1/1","2/2","2/2","1/2","1/1","2/1","1/1","1/1","1/2","1/1","1/1","1/1","1/1","1/1","2/2","1/1","1/2","1/1","1/1","1/1","1/2","1/1","2/2","1/1","2/1","1/2","2/2","2/1","2/2","1/1","1/2","1/2","1/2","2/1","1/1","2/1","1/2","2/1","2/2","2/2","2/1","2/1","1/2","1/1","2/2","2/2","2/2","1/1","1/1","1/1","1/1","2/2","2/1","2/1","1/2","1/2","1/1","2/1","1/2","2/1","1/2","1/1","1/1","1/2","2/1","2/2","2/2","1/2","2/2","2/2","1/2","2/2","1/1","1/2","2/2","1/1","2/2","2/1","1/1","2/2","1/1","2/2","1/1","1/1","1/1","2/2","1/2","1/1","2/2"
"IND0181","1/1","1/1","1/1","1/1","2/1","1/1","2/2","2/2","1/2","2/1","1/1","1/1","1/2","1/2","2/1","2/2","1/1","2/1","1/2","2/2","2/2","2/1","1/2","1/2","2/1","1/1","2/2","2/1","2/2","2/1","1/1","2/2","1/2","1/2","2/1","1/2","2/1","1/2","1/2","1/1","2/2","2/1","1/2","2/2","2/2","1/1","1/1","2/1","2/2","2/1","1/1","1/2","1/2","1/1","1/1","1/1","1/1","1/1","2/2","2/2","2/1","1/1","1/2","1/1","2/1","2/1","2/2","1/1","2/1","1/1","2/1","2/2","1/2","2/1","2/2","1/1","2/2","1/2","2/1","1/1","1/1","2/1","2/1","1/2","2/1","2/2","1/2","1/2","2/2","2/1","1/2","2/1","1/1","1/2","1/2","2/1","2/1","1/2","2/2","1/2","1/1","1/2","1/2","2/2","1/2","2/2","2/1","2/2","1/2","1/1","2/1","2/2","1/2","2/2","2/2","2/2","1/2","1/1","1/2","1/2","2/1","1/2","1/1","1/2","2/1","2/1","2/3","1/2","1/1","1/1","2/1","1/2","2/1","1/2","1/2","2/2","1/2","2/2","2/1","1/1","1/1","1/2","2/1","2/1","2/1","2/2","2/2","1/1","2/2","1/2","1/2","2/2","1/2","1/1","2/1","1/2","1/1","2/2","1/2","1/1","2/1","2/1","1/1","2/2","1/1","1/2","1/2","2/2","1/2","2/2","1/1","2/2","1/1","2/2","1/2","1/1","2/1","2/1","1/1","1/1","2/1","1/1","2/2","2/1","1/2","1/2","1/1","2/2","1/1","2/2","1/2","1/2","2/2","2/2","2/1","2/2","1/1","2/1","2/1","4/3","2/2","1/2","1/2","2/1","3/3","2/2","1/2","1/1","1/2","2/1","2/1","1/1","1/2","2/2","1/2","2/2","2/2","2/1","2/1","1/1","2/2","2/1","2/2","2/2","1/1","1/2","1/2","1/1","2/2","1/1","1/2","1/2","1/2","2/1","2/2","2/1","2/1","2/1","2/1","2/2","2/1","1/2","1/1","1/1","1/2","2/2","1/2","2/2","1/1","2/1","2/1","1/2","1/1","2/2","2/2","2/1","1/1","2/1","2/2","2/2","1/2","1/2","1/1","1/1","1/1","1/2","1/2","2/1","2/2","1/2","1/2","1/1","1/1","2/1","2/1","1/1","1/2","2/2","4/3","2/2","2/2","2/1","1/1","2/1","2/2","2/2","1/2","1/2","1/2","2/2","1/1","1/2","2/1","2/1","2/2","2/2","1/1","2/1","2/2","2/1","2/1","1/1","1/1","4/2","1/1","1/2","1/2","2/1","1/1","2/2","1/2","2/2","2/2","3/3","1/1","1/2","2/4","2/2","2/1","2/2","1/2","1/2","1/1","2/2","2/1","2/2","2/2","1/1","2/2","1/2","1/2","1/2","1/1","2/2","1/1","1/2","2/1","2/2","2/1","2/1","1/1","1/1","2/1","2/1","1/2","1/2","1/2","1/2","2/1","1/1","1/2","1/2","2/2","1/1","1/2","1/1","2/2","1/1","2/1","1/2","1/2","2/1","2/1","2/2","2/1","1/1","1/2","1/1","1/1","1/2","2/1","1/1","2/1","2/2","1/1","1/2","1/2","1/1","1/2","1/2","1/1","1/1","1/1","1/2","1/1","2/1","2/2","1/2","1/1","2/4","1/1","2/2","1/1","2/1","1/2","1/1","2/2","1/2","1/1","2/1","1/1","2/1","2/2","2/2","2/1","2/2","1/1","2/2","2/1","2/1","1/1","2/1","1/2","2/2","2/2","1/2","1/2","2/1","1/1","1/1","1/1","2/2","2/2","1/2","1/1","1/1","1/1","1/2","1/1","1/2","1/2","1/2","1/1","1/2","1/2","1/1","1/2","2/1","2/2","1/2","1/2","1/2","1/1","1/1","2/1","2/1","2/2","1/2","2/1","2/1","2/2","1/1","2/2","1/2","1/2","1/1","1/2","2/2","1/1","2/2","2/1","1/1","1/1","1/1","2/2","1/2","2/2","2/2","2/2","1/1","2/1","1/2","2/2","1/1","1/1","1/1","1/2","1/2","2/1","2/2","1/1","2/1","2/2","2/1","2/2","2/1","1/2","2/1","1/2","1/2","1/1"
"IND0182","1/1","1/2","2/2","2/2","2/1","1/2","1/2","1/1","1/1","2/2","1/2","1/2","2/2","2/1","2/2","2/2","2/2","2/2","1/1","2/1","1/1","1/2","1/1","2/2","1/2","1/1","1/1","1/1","1/2","1/2","2/2","2/2","2/1","1/1","2/1","2/1","1/2","1/1","1/2","2/2","2/2","1/2","1/2","2/1","1/1","1/1","2/1","2/1","2/1","2/1","1/2","2/1","2/2","2/2","1/1","1/1","2/2","2/2","1/1","1/2","2/2","2/1","2/1","1/2","1/1","1/2","1/2","1/1","1/2","2/1","2/1","2/1","2/1","1/2","1/1","1/2","1/2","2/1","1/1","1/2","2/2","1/2","1/2","1/1","2/1","1/1","2/1","2/2","1/2","2/2","1/1","2/1","1/2","1/2","2/1","1/2","1/2","2/2","2/1","1/1","2/1","1/2","2/1","1/2","2/2","1/1","1/1","1/1","1/2","2/2","1/2","2/1","1/1","2/1","1/1","1/2","1/2","2/1","1/2","1/1","1/2","2/2","1/1","1/1","1/2","1/2","1/2","2/2","1/2","2/2","2/2","2/2","1/2","2/1","2/2","1/2","2/2","1/2","1/1","2/2","2/2","1/2","1/1","2/2","2/2","1/2","1/2","1/2","2/2","1/2","1/1","2/2","1/2","2/1","2/2","1/1","1/2","1/2","1/2","1/2","2/1","2/1","2/1","2/1","2/1","2/2","2/1","1/1","2/1","1/2","2/1","2/1","2/1","1/2","1/1","1/2","2/2","2/2","2/2","1/1","2/2","2/2","1/2","2/2","1/1","2/1","1/2","2/1","2/1","1/1","1/2","2/1","1/1","1/2","1/1","2/2","1/1","2/2","1/1","3/4","1/1","2/2","2/1","2/1","2/2","1/1","2/2","2/2","2/2","2/2","2/2","1/2","1/1","2/2","2/1","2/2","2/1","1/1","1/1","1/1","2/1","2/2","2/1","2/2","2/1","2/1","1/2","2/1","2/2","1/1","1/2","2/2","1/1","1/2","2/1","1/2","2/1","2/2","1/1","2/2","1/2","2/1","1/2","2/2","2/1","1/2","1/2","2/2","1/2","2/1","2/2","2/1","1/2","1/1","2/2","1/2","2/2","2/2","2/2","2/1","1/2","2/1","1/2","2/2","1/2","1/2","1/2","2/1","2/1","2/2","1/2","1/2","2/2","2/1","2/2","2/2","1/2","2/1","1/1","1/2","1/2","1/2","1/1","2/2","1/1","1/1","1/2","2/2","1/1","1/2","2/2","1/2","2/2","1/1","1/2","1/1","1/1","1/2","1/2","2/1","1/2","1/1","2/2","2/1","1/1","2/1","2/2","2/1","1/1","1/2","2/2","1/2","2/2","4/3","1/1","1/1","2/4","1/2","2/1","1/1","2/2","1/1","1/2","2/2","2/1","1/1","2/1","2/1","1/1","2/1","1/2","2/1","1/1","1/1","1/1","2/1","2/2","1/2","2/2","1/1","2/1","1/1","1/1","1/1","2/1","1/1","2/2","1/2","1/1","2/2","2/2","2/1","1/2","1/2","1/1","2/1","1/1","2/1","1/2","1/2","1/1","2/1","2/2","2/2","1/2","2/1","2/1","2/1","2/1","1/2","2/2","1/2","1/1","1/2","2/1","2/2","1/2","1/2","2/2","1/1","1/1","1/2","1/2","1/2","2/1","2/2","1/1","2/1","1/2","3/1","1/2","1/2","2/2","2/1","2/2","2/1","1/1","2/1","2/1","1/1","1/2","2/2","1/2","2/2","2/1","2/2","1/2","2/1","1/2","1/1","1/2","2/1","2/1","1/2","1/1","1/2","1/2","2/2","1/2","2/1","1/2","2/2","2/2","2/1","1/2","1/1","1/2","2/1","1/1","1/1","2/2","1/2","2/2","2/1","2/1","1/1","1/1","1/2","1/1","2/1","1/2","2/2","1/1","1/2","1/1","2/2","2/2","1/1","2/2","1/1","1/2","2/1","1/1","1/2","2/2","1/2","1/1","2/1","1/1","1/1","2/1","2/2","1/1","1/2","1/1","1/2","2/2","1/2","1/1","1/1","1/2","2/2","2/1","2/1","2/2","1/2","2/1","1/1","2/2","1/2","1/2","1/1","1/2","2/1","2/1","2/2","1/2","2/1","1/2","2/1","2/2"
"IND0183","1/2","1/2","2/2","1/1","1/2","1/1","2/2","2/2","1/1","2/2","2/1","1/2","1/1","2/1","2/2","2/1","1/2","1/2","2/1","2/1","1/2","2/1","2/2","2/2","1/1","2/2","2/1","2/1","2/1","2/1","2/1","2/2","1/2","2/1","1/2","2/1","2/1","2/1","1/2","2/2","1/1","1/2","2/1","2/2","1/2","1/1","2/1","1/2","2/1","1/2","2/1","1/2","1/1","2/1","2/2","2/2","1/1","2/2","2/2","1/1","2/1","2/1","1/1","1/2","1/1","2/1","1/2","2/2","2/1","2/2","2/1","1/2","2/1","1/1","1/2","1/1","1/2","1/2","1/2","1/2","2/1","2/2","2/2","2/1","1/1","1/1","2/2","1/2","1/2","2/2","1/1","1/2","1/1","2/1","2/1","1/2","2/1","2/2","1/1","2/2","2/1","1/2","1/1","1/2","1/2","2/2","1/2","2/2","2/2","2/2","1/2","2/2","2/1","2/2","1/1","2/1","2/1","2/1","2/2","1/2","1/2","2/2","1/2","1/2","2/2","2/2","2/1","1/2","2/1","1/2","1/2","1/2","2/1","1/2","2/1","1/1","1/1","1/2","1/2","2/1","2/1","2/2","1/2","1/1","2/2","1/2","2/2","2/2","1/1","1/2","1/1","2/1","1/1","1/2","1/1","1/1","2/2","2/1","1/2","2/2","1/1","1/2","1/2","2/1","2/2","1/2","2/2","2/2","2/2","1/2","2/1","1/2","1/1","1/2","2/1","1/2","1/1","1/2","1/1","2/1","2/1","2/2","1/2","2/2","1/1","2/2","1/1","2/1","1/1","2/2","2/2","2/1","2/1","1/1","2/1","2/2","2/2","2/1","1/2","2/2","2/2","1/2","2/1","2/2","3/4","1/2","1/1","1/2","2/1","1/2","1/1","1/2","1/2","1/2","2/1","1/1","1/2","1/1","1/2","2/2","1/2","2/1","1/2","2/2","2/2","1/2","2/1","1/1","1/1","2/1","2/1","1/2","1/1","2/1","2/1","2/1","2/2","2/2","2/2","2/2","2/1","1/1","2/2","1/1","1/2","1/1","1/2","2/1","1/1","2/2","1/1","2/2","2/1","2/1","2/2","1/2","2/1","2/1","2/2","1/1","2/1","2/1","2/2","1/1","1/1","2/1","2/1","1/2","2/2","2/1","1/2","1/1","1/2","2/1","2/2","2/2","2/1","2/1","1/1","1/2","2/2","2/1","2/2","1/1","1/2","2/2","1/2","1/2","2/1","2/1","1/2","2/2","1/2","1/1","1/1","1/2","1/2","2/1","1/2","2/2","2/2","2/1","1/1","1/3","2/1","2/1","2/2","1/1","1/2","1/1","1/2","1/2","2/1","4/3","2/2","1/1","4/4","1/1","1/2","2/1","2/1","2/2","2/1","2/1","1/1","2/1","2/2","2/1","2/1","2/1","2/1","1/2","1/2","1/2","2/2","2/1","1/2","2/1","1/1","1/2","2/1","1/2","2/1","2/1","2/1","2/1","1/2","1/1","2/1","1/1","1/2","1/2","2/1","1/1","2/1","2/1","1/2","1/1","1/2","2/1","1/2","1/1","1/1","2/2","1/1","1/1","1/2","1/1","2/1","1/1","1/2","1/1","2/2","1/1","1/1","1/2","2/2","2/2","2/2","2/2","1/2","4/2","1/1","1/2","2/1","2/1","2/1","2/1","2/1","1/2","1/1","1/1","2/1","2/1","1/1","2/1","2/1","2/2","1/1","2/1","1/2","2/2","2/2","2/1","2/1","1/1","1/1","1/2","1/1","2/1","2/1","1/1","1/2","1/1","1/1","1/2","1/1","1/2","2/1","2/2","2/1","1/2","1/1","2/1","1/2","2/1","1/1","1/1","2/2","2/1","1/1","2/2","2/2","2/2","2/1","2/1","1/2","2/1","1/1","2/1","2/2","2/1","1/1","1/2","2/1","2/1","1/1","2/2","1/2","1/1","2/1","1/1","1/2","1/2","1/1","1/2","1/1","1/2","1/2","1/1","2/1","2/2","2/2","1/2","1/1","1/1","1/1","1/2","1/1","1/1","2/2","1/2","2/2","2/1","1/1","1/2","1/2","1/1","2/2","2/1","2/2","1/2","2/2","2/1","1/1","1/2","2/2","2/1","1/1","1/2","1/1"
"IND0184","1/1","2/2","2/1","2/1","1/2","2/1","2/1","1/2","2/2","1/2","1/1","2/2","2/2","2/2","1/1","2/2","1/2","2/2","2/2","1/1","1/2","2/2","2/2","2/2","2/1","1/1","1/1","2/1","2/1","1/1","1/1","2/2","1/1","1/2","2/2","1/2","2/1","1/1","1/1","1/1","2/2","2/1","2/2","2/2","1/2","1/2","2/2","1/2","2/2","1/1","1/1","2/1","1/1","2/1","1/1","1/1","1/2","1/2","2/2","1/1","1/1","2/1","2/2","1/2","2/1","1/2","1/2","1/2","2/1","1/1","1/1","1/2","1/2","1/2","2/1","2/2","2/2","1/1","1/1","2/1","2/2","2/1","2/1","1/2","1/1","2/2","1/1","2/2","2/1","2/1","2/2","2/2","1/2","1/1","1/2","2/1","2/2","1/2","2/1","1/2","2/2","2/1","1/1","2/2","1/1","2/2","2/1","1/1","2/1","2/2","1/2","2/2","2/1","2/1","2/1","2/2","2/1","1/1","2/1","1/1","1/2","2/1","2/1","2/2","1/1","1/1","1/4","1/2","1/2","2/2","2/2","1/1","1/1","2/1","1/1","2/2","1/1","2/2","2/1","2/1","2/2","1/1","1/1","2/2","2/1","2/1","2/1","2/2","1/2","2/1","1/2","2/2","2/1","1/2","1/2","1/2","2/2","2/1","1/1","2/1","1/1","2/1","1/2","2/1","1/1","1/1","1/2","1/1","2/1","2/2","1/1","2/2","1/1","1/1","2/1","1/1","2/2","1/2","2/2","2/1","1/1","1/1","2/2","1/1","1/1","2/2","2/1","2/2","2/2","1/2","1/2","1/1","1/2","2/2","1/2","1/1","1/1","1/2","1/2","2/3","1/1","1/2","1/1","1/1","1/1","1/1","2/1","2/2","2/2","2/1","2/1","1/2","2/2","2/2","1/1","1/2","2/2","1/1","2/1","2/2","2/1","2/2","2/1","1/1","1/2","2/1","2/1","2/1","1/1","1/1","1/2","1/1","1/2","1/1","1/1","1/1","1/1","1/1","1/1","1/2","2/2","1/2","2/1","1/2","2/2","2/2","2/1","1/1","1/2","1/1","2/2","1/1","2/2","1/2","1/1","2/2","2/1","1/1","1/2","2/2","1/1","1/2","1/1","1/1","1/2","2/1","2/2","1/2","2/1","1/2","2/1","1/2","1/2","2/2","2/2","1/2","1/2","2/2","2/3","1/1","1/1","1/2","1/2","1/1","2/2","2/1","1/2","2/1","1/1","1/2","2/2","2/1","2/1","2/1","2/1","1/2","1/2","2/2","1/1","1/2","1/1","1/2","2/1","2/4","2/2","1/1","1/1","2/1","2/2","1/1","2/1","1/1","1/2","4/2","1/2","2/1","1/4","2/1","2/1","1/1","1/2","1/1","1/1","1/1","2/1","1/1","1/2","2/2","2/1","1/2","1/1","2/1","1/2","2/1","2/2","1/2","2/2","2/2","1/2","2/1","1/1","1/2","1/2","1/2","1/2","1/1","2/2","2/1","1/2","1/2","2/1","1/1","2/1","1/2","2/2","1/2","2/1","2/2","2/2","1/2","2/1","1/2","1/1","1/2","2/2","1/1","1/1","2/1","1/2","1/2","2/1","1/2","2/1","2/2","1/1","2/1","1/1","1/2","1/1","2/2","1/2","1/3","2/2","1/2","2/2","1/1","1/1","2/1","1/1","1/1","2/2","2/2","2/1","2/1","2/1","2/2","2/2","2/2","1/1","2/1","1/1","2/2","1/1","1/2","1/2","2/2","2/1","2/2","1/2","1/1","1/1","1/1","2/2","1/1","2/2","2/1","1/2","1/2","2/2","2/1","1/2","2/2","2/1","1/2","1/1","1/2","1/1","2/1","2/1","1/2","2/2","2/1","1/2","1/2","1/1","1/1","2/1","2/1","1/1","1/1","1/1","1/1","2/1","2/1","2/2","2/2","2/1","2/1","2/2","2/2","2/1","2/2","2/2","1/1","2/1","2/2","2/1","1/2","2/1","2/1","1/2","2/1","2/2","2/2","2/1","1/2","1/1","1/2","1/1","1/2","1/1","1/2","1/1","2/1","1/1","2/1","2/2","1/1","2/1","2/2","1/2","2/2","2/1","2/2","1/2","2/1","1/1","1/2","2/2","2/2","1/2"
"IND0185","2/2","1/1","2/1","2/1","1/2","2/1","1/1","2/2","1/1","2/2","1/1","1/1","2/2","1/1","2/1","1/2","1/1","2/1","2/1","2/2","2/1","2/1","1/2","2/1","1/1","1/1","2/2","2/1","1/2","2/2","1/1","2/1","1/2","2/2","1/1","2/1","1/1","1/2","2/1","2/2","2/2","2/2","2/2","2/2","2/2","1/1","2/2","1/2","1/2","2/1","2/1","2/2","1/1","2/1","1/1","2/2","1/1","1/2","1/1","1/1","2/1","2/2","1/2","2/1","2/2","2/1","2/1","2/1","1/2","2/2","2/1","2/2","2/2","2/1","1/1","2/1","2/2","1/2","1/1","1/1","1/2","2/2","1/1","1/2","2/2","1/1","2/1","2/2","2/2","1/1","1/1","1/2","1/2","2/1","1/2","2/1","1/1","2/2","1/2","2/2","2/2","2/1","1/1","1/2","1/2","2/2","2/1","2/1","1/1","2/1","1/1","2/2","2/1","1/1","2/1","2/1","1/2","1/2","2/1","1/2","2/1","2/1","2/1","2/1","1/1","2/2","1/2","2/2","2/2","1/2","2/1","1/1","2/2","2/1","2/1","1/2","1/2","2/2","2/2","2/1","2/2","1/2","2/1","1/1","1/2","2/1","2/2","1/1","1/2","2/2","2/2","1/2","1/1","1/2","2/2","1/1","1/1","1/2","1/2","1/1","2/1","2/2","2/1","2/1","1/2","1/2","2/1","1/1","1/1","2/1","1/2","1/1","1/1","2/1","1/1","2/1","1/2","2/2","1/1","1/1","1/2","2/2","1/2","2/1","2/2","1/1","1/2","1/2","1/1","1/1","1/2","1/2","1/2","1/1","1/2","2/1","2/2","2/1","1/1","2/2","1/1","2/1","2/1","2/2","3/1","1/1","2/2","1/1","1/1","1/1","2/1","2/2","2/1","2/1","2/1","1/1","1/2","1/1","2/1","2/2","1/2","1/1","1/2","2/1","1/2","2/2","1/1","2/1","2/1","2/2","1/1","2/2","2/1","2/1","2/1","1/1","1/1","1/1","2/2","2/1","1/2","2/2","2/1","2/1","2/2","2/2","1/1","1/2","2/2","2/1","1/1","2/1","1/1","2/1","1/1","2/1","1/1","1/1","2/2","2/2","2/2","2/1","1/2","1/2","2/1","2/1","1/2","1/2","2/1","1/1","1/2","1/2","1/1","2/2","1/2","1/2","1/2","1/2","3/4","1/2","2/1","2/2","1/1","1/2","1/2","1/2","2/2","2/2","2/2","2/2","2/2","1/1","2/1","1/2","2/2","2/2","2/1","1/2","1/2","2/1","1/1","1/2","2/2","3/3","2/2","1/2","1/1","2/2","1/1","2/2","1/2","1/2","1/1","1/2","1/1","1/2","2/2","2/2","1/1","1/1","1/2","1/2","2/2","2/1","1/1","2/1","1/2","2/2","1/2","2/1","1/1","1/1","1/2","1/1","2/2","2/2","1/1","2/1","2/2","2/2","2/1","1/2","2/1","2/1","1/1","1/1","1/2","1/1","2/2","2/2","2/1","2/1","2/1","1/2","2/2","1/2","2/2","1/2","1/1","1/1","1/2","1/2","2/1","2/2","2/2","1/1","2/1","1/1","2/2","2/2","2/2","2/2","2/2","1/1","1/1","2/1","1/1","1/2","1/1","1/2","1/2","3/1","1/1","1/1","1/2","1/2","2/2","1/1","1/1","4/2","1/1","2/1","1/2","1/1","2/1","2/1","1/2","2/2","2/1","2/2","1/1","2/2","1/2","2/2","2/1","2/1","1/1","2/1","2/2","2/1","1/1","1/2","1/1","2/2","2/2","1/1","1/1","2/1","2/1","1/2","2/2","1/1","1/1","1/1","2/2","2/1","2/2","1/2","1/2","1/2","1/1","1/1","2/1","2/1","1/1","2/2","1/1","1/1","2/1","1/1","2/2","2/2","1/2","1/1","2/1","1/1","1/2","1/2","2/1","1/1","2/2","1/2","1/1","1/1","1/1","1/1","2/2","1/2","2/1","2/1","2/1","2/2","2/2","1/1","1/1","1/1","1/1","1/1","2/1","1/1","2/1","1/2","2/2","2/2","2/1","1/1","1/1","2/2","1/1","1/2","1/2","1/1","2/2","1/1","2/1","1/2","1/2","2/2","1/1","1/1","1/1"
"IND0186","1/2","2/1","1/2","2/2","1/2","2/2","2/1","1/2","2/2","1/1","2/2","2/2","1/1","2/2","2/1","1/1","2/2","2/1","2/2","2/1","2/2","1/2","2/2","1/1","2/2","1/1","2/2","2/2","1/1","1/1","1/2","2/1","2/1","1/1","1/2","2/1","2/1","2/2","1/2","1/1","1/1","2/1","2/2","2/1","1/2","2/1","2/1","1/1","1/2","2/1","2/1","2/2","1/1","2/1","1/2","1/2","1/2","2/2","2/1","2/2","2/1","2/1","2/1","1/1","1/1","2/1","1/2","1/1","2/2","1/2","2/1","1/2","2/1","1/1","2/1","1/1","2/2","2/1","1/1","2/1","1/2","2/2","2/2","1/2","2/1","2/2","2/1","1/2","2/1","1/1","2/2","1/1","1/2","1/2","1/2","1/1","2/1","1/2","1/2","2/2","1/1","1/1","1/2","2/1","1/2","1/2","1/1","2/2","2/1","2/1","2/1","2/2","1/1","2/1","2/1","2/2","1/2","2/2","2/2","1/1","2/1","2/1","2/1","2/2","2/1","1/2","1/1","1/2","1/2","1/2","1/2","1/1","1/2","1/2","2/2","2/2","2/1","2/2","1/1","2/2","1/2","1/1","1/2","1/2","2/1","2/2","2/2","2/1","2/2","2/1","1/1","2/1","2/1","1/1","1/2","1/1","2/2","1/1","1/2","1/2","1/2","1/1","1/2","1/1","2/1","1/1","2/1","1/1","1/2","1/1","1/1","2/1","2/2","1/2","2/2","1/1","1/1","1/1","1/2","2/2","2/2","1/1","1/2","2/2","2/1","2/1","1/1","2/2","1/2","1/2","2/1","2/2","1/2","2/2","2/2","2/1","2/1","2/2","2/2","3/4","2/1","1/2","2/2","2/1","1/4","1/1","2/1","1/2","1/2","1/2","1/1","2/1","1/2","2/2","1/2","1/2","1/2","1/1","2/2","2/2","2/2","2/2","2/2","1/2","1/1","1/2","2/1","2/2","1/1","1/1","2/2","2/2","2/1","1/2","2/2","2/1","1/1","1/2","1/1","1/2","2/1","1/1","1/2","2/1","1/2","1/1","1/1","1/1","2/1","1/2","2/1","1/2","2/1","2/2","2/2","1/2","2/1","1/2","2/1","2/1","2/2","2/1","1/2","2/1","2/1","1/1","1/1","2/2","2/1","1/1","1/2","1/2","1/2","1/2","1/2","1/2","1/1","1/2","4/4","1/1","1/1","2/1","2/1","2/1","1/2","1/1","2/1","1/1","1/1","1/1","2/1","1/2","2/2","2/2","1/1","2/2","1/1","2/2","1/2","1/2","2/1","2/2","1/1","3/3","2/1","2/2","1/1","2/1","1/1","1/1","1/1","1/1","1/1","1/1","1/2","1/1","4/4","1/1","2/2","1/2","1/1","2/1","2/1","2/1","1/2","2/2","1/2","1/2","2/1","2/1","1/1","2/1","2/1","2/1","1/1","2/2","2/1","2/2","2/2","2/2","1/1","1/1","1/1","2/2","1/1","2/1","2/2","2/1","2/2","2/1","1/2","1/1","1/2","1/2","1/1","2/2","2/2","2/2","2/2","1/1","1/2","1/2","1/2","2/2","1/2","2/1","2/1","1/2","2/1","2/2","1/1","1/1","1/1","1/1","2/2","1/2","1/1","2/1","2/2","1/1","2/2","4/4","1/1","2/2","1/1","1/2","2/2","2/2","1/2","2/1","1/1","2/2","1/1","2/1","2/1","1/2","1/2","2/1","1/2","1/2","1/1","1/2","2/2","2/1","1/2","1/1","1/1","2/2","1/2","1/1","1/2","2/2","2/2","2/1","1/2","1/1","2/2","2/2","2/2","2/1","1/2","2/2","2/2","1/1","2/1","2/1","1/1","2/1","1/2","2/2","1/2","1/1","1/1","2/1","2/1","2/2","2/1","1/2","2/2","2/2","1/1","2/2","2/2","1/1","2/1","1/1","2/2","2/1","2/1","1/1","2/2","2/1","1/2","2/2","2/2","1/2","1/1","1/1","2/1","2/1","2/2","1/1","1/2","2/1","2/1","1/1","2/1","2/2","1/1","2/2","1/2","1/1","2/1","1/2","1/2","1/2","2/1","2/1","1/2","1/2","1/1","1/2","1/1","2/2","1/2","1/1","2/2","2/2","1/2","1/2","1/1"
"IND0187","1/1","1/2","1/2","1/2","1/1","1/2","1/1","1/1","2/1","2/2","1/1","1/2","1/1","1/1","1/1","1/1","2/1","1/2","1/2","1/1","1/1","1/2","2/2","2/1","1/1","2/2","2/1","2/2","1/1","2/2","2/1","1/1","1/2","2/2","2/2","2/2","2/2","2/1","2/1","2/2","2/2","2/2","1/2","1/2","1/2","1/2","2/1","1/1","2/1","1/1","1/1","2/1","1/2","1/2","1/2","1/2","1/2","1/2","1/2","2/2","2/2","1/2","2/1","2/2","1/2","1/1","2/1","2/2","2/2","2/1","1/1","2/2","2/2","1/2","2/2","1/1","2/2","2/1","1/2","1/1","2/2","2/1","2/2","1/1","2/1","1/1","2/2","1/2","2/1","1/1","1/1","2/2","1/1","1/2","1/1","2/1","2/1","1/1","2/1","2/2","1/2","2/1","2/2","1/2","2/1","2/1","1/1","1/1","2/2","2/1","1/1","2/2","2/1","1/2","2/1","1/1","2/1","1/2","2/2","2/2","1/1","2/2","1/1","2/1","2/1","2/1","2/1","2/2","1/1","2/1","2/1","2/1","1/1","2/2","1/1","1/1","1/2","2/1","1/2","1/2","2/1","2/1","2/2","2/1","2/2","2/1","2/1","2/2","1/2","1/1","2/1","2/2","2/1","2/1","1/2","1/1","2/2","1/2","2/2","2/1","1/2","2/1","1/1","2/2","1/2","2/1","1/1","1/2","1/1","1/2","1/2","1/1","2/2","2/2","1/1","1/2","2/1","1/2","2/2","2/2","2/2","2/2","1/2","2/1","2/1","2/1","2/2","2/2","2/2","1/1","1/2","2/2","2/2","2/2","2/2","2/1","1/1","1/1","1/2","3/1","2/2","2/2","2/1","1/2","2/2","1/2","2/2","1/1","2/1","1/1","1/2","1/1","2/1","2/2","1/2","1/1","2/2","1/2","1/2","2/2","2/1","1/1","2/2","2/2","1/2","1/1","1/2","2/1","2/1","2/1","1/2","1/2","1/2","2/1","1/2","1/2","2/1","2/2","2/1","1/2","2/1","1/2","1/1","1/2","1/1","2/1","2/1","1/1","1/2","2/2","1/1","1/2","2/2","2/2","1/1","1/2","1/1","1/2","2/1","2/2","2/2","1/2","2/2","2/1","1/2","2/1","2/2","1/1","1/2","2/2","1/2","1/2","2/2","2/1","1/2","1/2","1/1","1/1","1/4","2/1","1/2","1/1","1/2","2/1","1/1","2/1","2/2","2/2","2/2","2/2","2/1","2/2","2/2","2/1","2/1","1/2","1/2","1/2","2/1","2/2","2/1","2/2","1/2","1/2","1/2","2/1","2/2","2/1","1/2","1/1","2/1","1/2","2/1","2/1","1/1","2/1","2/2","2/1","2/1","2/1","2/2","1/1","1/1","2/1","1/2","1/1","2/2","1/1","2/2","1/1","1/1","1/1","1/1","2/2","2/1","2/1","2/1","2/1","1/1","2/1","1/1","2/1","2/2","2/1","2/1","1/2","1/1","1/1","1/2","1/1","1/1","2/1","1/2","1/1","2/2","2/2","2/1","2/2","2/1","2/2","1/2","1/2","2/1","2/1","2/2","1/1","2/2","2/1","2/1","1/2","2/1","1/2","1/2","1/1","1/1","1/1","1/1","1/1","2/2","2/2","1/1","3/1","2/2","1/2","2/2","2/1","2/2","2/2","2/1","3/3","1/1","2/2","1/2","2/2","2/2","2/1","2/1","1/2","2/2","2/1","1/1","1/2","1/1","1/2","1/2","1/1","1/1","2/1","2/2","1/1","1/1","1/1","2/2","1/2","1/2","2/1","2/1","1/1","1/2","2/2","1/2","2/1","2/2","1/2","2/1","1/1","1/1","2/1","2/1","1/1","1/1","2/1","2/2","1/2","2/1","2/1","2/2","2/2","2/2","2/2","1/2","2/1","2/2","2/2","2/1","1/2","1/2","1/1","1/2","2/1","1/1","2/1","2/1","2/1","2/1","2/2","1/1","1/1","2/1","1/2","2/1","1/2","1/2","2/2","1/1","2/2","2/1","1/2","2/1","2/2","1/1","1/2","1/1","2/1","1/2","2/1","2/2","1/1","2/2","1/1","1/2","2/2","1/2","1/1","2/1","2/1","2/2","1/2","2/1","2/1","1/1"
"IND0188","1/1","2/2","1/1","1/2","1/1","1/2","2/1","2/1","2/1","2/1","1/1","2/1","2/2","2/1","2/1","2/1","1/2","1/2","2/2","1/1","2/1","2/1","2/2","2/2","1/2","2/1","2/2","2/1","1/1","1/2","1/2","2/2","1/1","2/2","1/1","2/2","1/2","1/2","1/2","1/2","1/2","1/2","1/1","1/2","1/1","2/1","1/2","1/2","2/1","2/2","2/2","2/1","2/2","2/2","2/1","1/2","2/1","2/1","2/2","1/2","1/2","1/1","1/1","2/1","1/1","2/2","2/2","2/2","2/2","2/2","1/2","2/2","2/1","2/1","1/1","2/1","2/1","1/2","1/1","1/1","1/1","1/2","1/1","2/2","1/2","1/2","1/1","1/1","1/2","2/1","2/1","1/2","1/1","1/1","1/2","1/1","1/1","1/2","1/1","2/1","1/2","1/2","1/2","1/1","1/2","1/1","2/2","1/1","2/2","1/1","2/2","2/2","2/2","1/1","1/2","1/2","1/2","2/2","1/2","1/1","2/2","2/2","1/1","2/2","1/1","1/2","3/2","2/1","2/1","1/1","1/2","1/1","1/1","1/1","1/2","2/1","2/1","1/2","2/2","1/1","1/1","2/1","2/1","1/1","2/2","1/1","2/1","2/2","2/1","1/2","1/1","2/2","2/1","1/1","1/1","1/2","2/2","2/1","2/2","2/1","1/2","2/2","2/1","1/1","1/2","2/2","2/1","1/1","1/1","2/2","1/1","1/1","1/2","1/2","2/1","1/1","1/2","1/2","1/1","2/1","1/1","2/2","2/1","1/1","2/2","2/2","2/1","1/1","1/1","1/1","2/2","1/1","1/1","2/2","2/1","2/2","1/2","1/1","1/2","3/4","2/1","2/1","2/2","1/1","3/1","2/2","1/2","2/1","1/1","1/2","1/1","2/1","1/2","1/2","1/2","1/1","2/1","2/2","1/1","1/2","1/2","2/1","1/2","1/1","1/1","2/2","1/1","2/2","2/2","2/2","2/2","1/1","2/2","1/2","2/1","2/1","2/2","2/1","1/2","2/1","2/1","2/1","2/1","1/2","2/2","2/1","1/2","2/2","2/2","1/2","2/1","1/1","1/1","1/1","1/1","1/1","2/2","2/2","1/2","2/1","2/1","1/1","1/1","1/1","2/1","2/1","1/2","1/2","1/1","2/2","1/1","1/2","1/1","1/1","2/1","2/1","1/1","1/2","4/3","1/2","1/1","2/2","1/2","2/1","2/1","2/2","2/1","1/1","1/2","1/1","1/1","2/2","1/2","1/2","2/2","1/2","2/1","1/2","1/1","1/2","1/1","2/1","2/1","3/1","1/2","1/2","2/1","2/2","1/2","2/1","2/1","1/2","1/1","1/1","1/2","2/2","3/2","2/2","1/1","1/1","2/2","2/2","2/2","1/2","2/1","2/2","1/1","2/2","1/2","1/2","1/1","2/1","1/2","1/1","2/1","2/1","2/2","2/2","2/2","1/1","1/2","1/2","2/2","2/1","1/2","2/2","1/1","1/1","2/2","1/1","2/2","2/2","2/2","2/2","2/1","1/2","1/2","2/2","2/1","2/2","2/1","1/1","2/1","1/2","1/2","2/2","2/2","1/2","1/1","2/2","2/2","1/1","1/2","2/2","1/1","1/2","2/2","1/2","1/2","2/2","2/2","2/1","1/2","1/2","2/2","2/2","2/2","1/1","1/2","2/3","1/2","1/2","2/1","1/1","1/1","2/1","1/2","1/2","2/1","2/1","1/1","1/2","2/2","2/2","1/2","1/2","1/1","1/1","1/1","2/1","1/2","2/1","1/2","1/2","2/2","2/2","1/1","2/1","2/2","1/1","1/2","2/1","2/1","2/2","1/1","1/2","2/1","2/2","2/2","2/1","2/1","2/2","2/1","1/1","1/2","2/1","1/1","1/2","1/1","1/2","1/1","1/2","1/1","2/1","1/2","2/1","1/1","1/1","2/1","2/1","1/2","2/1","2/2","2/2","2/1","2/1","1/2","2/1","2/1","1/1","1/2","2/2","2/1","2/2","1/2","1/2","1/1","2/2","2/1","1/2","2/1","2/2","2/1","2/2","1/2","2/2","1/1","1/2","1/2","2/1","1/1","1/1","2/2","1/2","1/2","1/2","1/1","1/1","1/2","1/1","2/1"
"IND0189","2/2","1/1","2/1","2/1","2/2","1/1","1/2","1/1","1/1","1/2","1/1","1/2","2/1","2/2","1/1","2/2","1/2","1/1","1/1","2/1","2/1","1/2","2/2","1/2","2/1","2/1","2/1","2/1","1/2","1/2","2/1","2/2","2/2","1/2","1/1","2/1","1/2","1/1","2/2","2/1","1/1","1/2","2/1","2/1","1/2","2/1","1/1","2/1","2/1","2/2","2/2","1/1","2/1","1/2","2/1","2/2","1/2","2/1","1/1","2/2","1/2","1/2","2/1","1/1","1/2","2/2","2/1","1/1","1/1","1/1","2/1","1/1","1/1","2/1","1/1","1/2","2/1","1/2","1/2","2/2","1/2","1/1","1/1","2/2","1/2","1/2","2/2","2/1","2/1","1/2","2/1","2/1","2/2","2/1","1/2","2/1","2/1","2/1","1/2","2/2","2/2","1/1","2/2","1/2","1/1","1/2","1/1","2/2","2/1","1/1","1/1","2/1","1/1","2/2","2/1","1/2","1/1","1/1","2/1","2/2","1/2","1/2","1/2","2/2","1/1","1/2","1/2","2/2","2/2","1/1","1/2","2/1","1/2","2/2","2/1","2/2","2/1","2/2","1/2","2/2","1/1","1/1","1/2","2/1","2/2","2/1","2/1","1/1","1/2","1/2","1/1","2/1","2/2","1/2","2/2","1/2","1/1","1/2","2/2","2/2","2/2","1/2","2/1","2/2","2/1","1/1","1/1","1/1","1/1","1/1","2/1","2/1","1/1","1/2","1/2","1/2","2/2","1/1","2/2","1/1","1/2","1/2","2/2","2/2","2/1","1/1","1/1","1/2","2/1","1/1","2/1","2/2","2/1","2/1","1/2","2/2","1/2","2/1","2/2","3/1","1/2","1/1","1/2","2/2","3/2","2/2","2/1","2/2","1/1","1/2","1/1","1/1","2/1","1/2","1/2","1/2","1/2","2/2","2/2","2/2","1/2","1/1","2/1","2/1","2/2","2/1","2/1","2/1","1/1","1/2","1/2","1/1","2/1","2/2","1/1","2/2","1/1","1/2","2/2","1/1","2/2","2/1","1/2","2/2","2/1","2/1","1/1","2/2","1/2","2/2","1/2","2/2","1/1","1/2","1/1","1/1","2/2","1/2","1/1","2/1","2/2","2/2","1/2","2/1","1/1","1/1","2/2","2/1","1/1","2/1","2/2","1/2","2/1","1/2","2/2","2/2","1/2","1/2","1/4","2/2","2/1","2/1","2/2","2/2","1/1","1/1","2/1","1/2","1/2","1/1","2/1","1/1","2/2","1/1","1/2","2/2","2/1","1/2","2/1","1/1","1/1","1/2","2/1","2/4","1/2","1/1","2/2","1/2","1/2","2/1","1/1","1/2","2/1","2/3","1/2","1/1","3/2","2/1","1/1","2/2","1/2","1/2","2/2","2/2","2/2","2/2","1/2","2/1","2/2","1/1","2/2","1/2","2/2","1/1","2/1","1/1","2/1","2/2","1/1","2/1","2/1","1/1","1/2","1/2","1/2","2/1","2/1","1/2","2/1","1/2","2/2","1/1","1/2","1/2","1/1","1/1","2/2","1/1","2/1","2/2","1/2","1/2","1/1","2/2","2/2","2/2","1/1","2/2","2/2","1/1","2/1","1/2","1/2","2/1","1/2","2/1","2/2","1/1","1/2","1/1","2/1","2/4","2/2","1/2","2/1","1/2","1/2","2/1","2/1","3/1","2/2","1/1","1/1","2/2","2/1","1/1","1/2","2/1","1/1","1/2","1/1","1/2","2/2","1/1","2/2","2/1","2/2","2/1","2/1","1/1","2/1","1/1","2/2","2/1","2/2","2/2","2/2","1/1","1/1","1/1","2/1","1/2","2/1","2/2","2/1","2/1","1/2","2/2","1/1","2/2","1/1","1/1","1/1","2/2","1/1","1/2","2/2","2/2","1/1","1/2","2/1","1/1","2/1","1/2","2/2","2/2","2/1","2/2","2/2","1/1","1/2","2/1","1/2","1/1","2/2","1/1","2/1","2/2","2/2","1/1","2/2","1/1","2/1","2/2","1/2","2/2","1/1","2/2","2/2","2/1","1/1","1/2","2/1","1/1","2/2","2/1","2/2","2/1","1/1","1/1","2/2","2/1","2/2","1/1","1/2","2/1","2/2","2/2","1/2","2/2","2/1"
"IND0190","1/1","1/1","2/1","2/1","1/2","2/1","1/2","1/1","1/2","2/1","2/1","2/1","1/1","2/1","2/1","2/2","1/1","2/2","2/2","1/2","1/1","1/2","2/1","2/2","2/1","1/2","1/2","1/1","1/1","2/2","2/2","2/2","1/1","2/2","1/2","2/1","2/1","2/1","2/2","2/1","1/2","2/1","2/2","2/2","2/2","1/2","1/2","2/2","2/2","1/1","1/1","2/1","2/1","2/1","2/2","2/1","1/2","1/2","2/1","2/1","1/1","2/1","2/2","2/1","2/1","2/2","1/2","1/1","1/1","1/2","2/2","1/2","1/1","2/1","2/2","1/2","1/1","1/2","2/1","1/2","1/1","1/2","1/2","1/2","1/2","1/2","1/2","2/1","1/1","1/1","1/1","2/2","2/1","2/2","2/1","2/1","1/2","2/1","2/2","1/2","1/1","2/1","2/2","1/1","2/2","2/2","2/2","1/1","2/2","1/1","2/1","2/1","1/1","2/2","2/1","1/2","1/1","1/2","1/1","1/1","1/1","2/1","1/1","2/1","1/1","2/2","4/2","2/1","2/1","2/1","2/1","2/2","1/2","1/1","1/2","1/2","2/1","1/1","2/1","2/1","2/2","2/2","2/1","1/2","1/2","2/1","2/2","2/1","1/2","1/1","2/1","1/2","2/2","1/2","1/2","2/2","1/2","2/2","1/2","1/2","1/2","2/1","2/1","1/1","1/2","1/2","1/2","1/2","1/1","2/2","2/2","2/2","2/1","1/1","1/2","1/1","2/1","1/1","2/1","1/1","1/1","2/2","1/1","1/1","2/1","2/1","1/2","2/2","1/1","1/1","2/1","2/1","1/2","1/2","1/2","1/2","1/1","1/2","2/1","1/1","1/2","2/2","1/1","2/2","1/2","2/1","1/2","2/2","2/1","2/2","1/2","1/1","2/2","2/2","2/2","1/1","1/1","2/1","2/1","1/1","1/1","2/2","2/2","1/2","2/2","2/2","1/2","2/2","1/1","2/1","1/1","1/1","2/1","2/1","2/2","2/2","2/2","1/1","2/2","1/1","1/2","2/2","2/1","2/1","1/2","2/1","2/1","1/2","1/2","1/1","2/2","2/2","2/1","2/1","1/2","2/2","2/1","1/1","2/2","2/2","2/2","2/1","2/2","2/1","2/1","2/1","2/1","2/1","1/1","1/1","2/2","1/1","1/1","1/2","1/1","2/2","2/2","2/2","3/1","2/1","1/2","2/2","1/2","1/1","1/2","1/1","2/2","2/1","2/2","1/1","1/2","2/2","2/1","2/2","1/2","2/1","1/1","2/1","2/2","2/2","1/2","1/2","2/2","1/1","1/2","2/2","2/2","2/2","2/1","2/2","2/1","1/1","1/1","1/3","1/1","1/2","1/2","2/1","2/1","1/1","2/1","2/1","1/2","2/1","1/2","2/1","2/1","2/1","1/1","2/2","2/2","1/1","2/1","1/2","1/2","1/2","1/2","2/2","2/2","2/2","2/2","1/1","1/1","1/1","1/2","2/1","2/1","1/1","2/2","1/2","1/1","2/1","1/1","1/2","2/2","2/2","2/1","2/1","2/2","1/2","1/1","1/1","2/2","2/1","1/2","2/2","1/2","2/2","1/2","1/2","1/2","2/1","1/2","1/1","1/2","1/2","1/1","1/2","1/1","1/2","1/1","3/4","2/1","1/2","1/2","1/1","2/1","2/2","1/1","3/3","1/1","2/1","1/1","2/1","1/2","2/1","1/1","2/2","2/1","1/2","2/1","2/2","1/1","1/2","2/2","1/2","2/2","1/2","2/1","2/1","1/2","1/1","2/2","1/1","1/1","1/1","1/1","1/2","2/1","2/1","2/2","2/1","1/1","2/1","1/1","1/1","1/1","2/2","2/2","1/1","2/1","2/2","1/1","2/2","1/2","1/2","2/2","1/2","1/1","2/1","2/1","2/2","2/1","2/2","1/1","1/1","1/1","1/2","1/2","1/2","2/1","2/2","2/1","2/2","2/2","2/1","2/2","1/1","2/2","1/1","1/2","1/2","2/1","2/2","1/2","2/2","2/2","1/1","2/2","2/1","1/1","1/1","2/1","2/1","2/2","1/1","2/2","1/2","1/1","2/1","1/1","2/2","1/2","2/2","2/1","2/2","1/1","2/1","2/1","1/2","1/2"
"IND0191","2/1","2/2","1/2","2/2","1/2","1/1","1/2","1/2","1/2","1/2","1/2","1/1","2/1","1/2","1/1","1/1","2/1","2/2","2/2","2/1","2/1","1/1","1/2","2/2","2/1","2/2","2/1","2/2","1/2","1/1","1/2","2/1","2/2","1/2","2/2","1/1","2/2","1/2","1/2","1/2","2/1","1/2","1/1","2/1","2/2","1/1","1/2","1/2","1/2","2/1","2/1","2/1","2/2","2/1","2/1","1/2","2/2","1/1","1/2","2/1","1/1","2/2","2/1","2/2","2/2","2/1","1/1","2/2","1/2","2/2","1/2","1/2","1/2","2/1","2/1","2/1","1/2","1/1","1/2","2/2","2/2","2/2","1/1","1/2","1/2","1/1","2/2","1/1","1/2","2/2","1/1","2/2","1/2","2/1","2/1","1/1","1/2","1/2","1/1","1/2","1/1","1/2","1/2","1/2","2/2","1/1","2/1","1/2","1/1","2/2","2/1","1/2","2/2","2/2","2/2","2/1","2/2","1/1","1/2","1/1","2/2","2/1","1/2","2/2","2/1","2/2","2/3","1/2","1/2","1/1","2/1","2/2","1/1","1/1","2/2","1/2","1/2","1/1","1/1","1/2","1/1","2/2","1/1","2/2","1/2","2/2","1/1","1/1","2/2","2/1","1/1","1/2","2/2","2/2","1/2","2/1","1/2","1/1","2/1","1/1","1/2","1/2","2/1","1/1","2/1","1/2","1/2","2/1","2/2","1/1","1/1","2/2","1/2","2/2","2/1","1/2","1/2","2/2","1/1","1/1","1/1","1/1","1/1","1/1","1/2","2/2","1/2","2/2","2/1","2/2","2/2","2/2","1/2","2/1","1/2","1/2","1/1","2/1","2/2","1/4","1/1","1/2","1/1","1/1","2/1","2/2","2/1","1/1","1/1","2/2","2/1","2/1","1/1","2/1","1/2","2/2","1/1","1/2","1/1","2/2","2/2","2/2","1/1","2/2","2/2","1/2","2/2","2/1","1/2","2/2","2/2","2/1","1/2","1/1","2/1","1/2","1/2","1/2","2/2","2/1","2/2","2/1","2/2","2/1","1/2","2/2","2/1","1/2","1/1","1/2","1/1","1/1","1/2","2/2","1/2","2/1","2/1","1/2","2/2","1/1","2/2","2/1","2/2","1/2","1/1","2/2","1/1","2/1","2/1","1/2","1/2","1/1","2/2","2/2","2/1","1/1","1/2","1/2","1/2","2/1","2/2","2/1","2/2","1/2","1/2","2/2","1/1","2/1","1/2","2/1","1/2","1/2","2/2","2/2","1/2","2/2","2/1","2/1","2/1","1/1","1/1","2/1","1/1","2/1","2/2","1/2","1/2","2/2","1/2","1/2","2/2","2/1","1/1","2/4","2/1","2/1","4/1","2/1","2/1","2/1","2/1","1/1","2/1","1/1","1/1","1/1","2/2","2/2","2/2","1/2","1/1","2/2","1/1","2/1","2/1","2/1","2/2","2/1","2/2","2/2","2/2","1/1","2/1","1/1","2/1","2/1","2/2","1/2","1/2","2/1","1/2","1/2","2/1","1/1","1/1","1/2","1/2","1/1","2/1","1/2","1/1","2/2","1/1","1/1","1/2","1/1","1/1","2/1","1/1","2/1","1/1","2/1","1/2","2/1","1/1","2/2","1/2","2/1","1/1","1/2","1/1","2/4","2/2","2/1","2/1","2/2","1/1","2/1","2/1","3/3","1/1","1/2","2/1","1/2","2/1","1/1","1/1","1/1","1/2","1/1","2/2","2/2","2/2","2/2","2/2","1/2","2/2","2/1","2/2","1/2","2/1","1/1","1/1","1/2","2/1","2/2","1/1","2/1","2/2","2/1","1/2","1/1","2/1","2/2","2/2","2/1","1/1","1/2","2/2","1/2","2/2","1/2","2/2","2/1","1/2","1/1","2/1","2/1","1/2","1/1","2/1","2/1","2/2","2/1","2/2","2/1","2/1","1/1","1/2","2/2","2/2","2/1","2/2","2/2","1/2","2/1","2/1","2/2","2/1","1/2","1/2","1/1","2/2","1/1","2/2","1/2","2/2","1/1","2/2","2/1","2/2","2/2","1/1","2/2","2/2","1/2","2/2","1/1","2/2","1/1","1/1","1/2","2/1","1/1","1/1","2/1","2/1","1/1","1/2","1/1","2/2"
"IND0192","2/1","2/1","1/1","1/2","1/1","2/1","1/1","2/2","1/2","2/2","2/1","1/1","2/2","1/2","2/2","2/1","2/2","1/2","2/2","1/2","1/2","1/1","1/2","2/2","1/2","1/2","1/2","1/1","1/1","2/2","2/2","1/1","2/1","2/2","1/1","2/2","1/2","1/2","2/1","1/2","2/2","2/2","1/2","2/2","2/2","1/1","2/1","2/1","1/1","2/1","2/1","1/2","2/1","2/2","2/2","1/2","2/1","1/2","2/2","2/2","1/1","2/1","2/2","2/1","2/1","2/1","1/2","2/1","2/2","1/1","1/2","2/1","1/2","1/1","1/2","1/1","2/1","2/1","1/1","2/1","2/1","2/1","1/2","1/2","1/2","1/2","1/1","1/1","1/2","1/1","1/1","2/1","1/2","2/2","2/1","1/2","1/2","2/1","2/2","1/1","2/2","1/2","1/2","1/2","2/2","2/1","2/2","2/1","1/1","1/2","1/1","1/1","2/1","2/1","1/2","2/2","1/1","2/1","2/2","1/1","2/1","1/1","1/2","1/1","1/2","1/1","4/2","2/1","2/2","1/2","1/1","1/2","2/2","2/2","2/1","2/2","1/2","1/1","2/1","1/2","1/2","2/1","2/2","2/1","1/1","2/1","1/2","2/1","2/2","2/1","2/2","2/2","1/2","2/1","1/2","2/1","1/2","2/2","2/1","1/1","1/2","2/1","2/2","2/1","1/1","1/1","1/2","1/1","1/2","2/1","1/2","1/2","1/1","1/2","1/1","1/1","1/2","2/2","1/1","2/2","1/1","1/1","1/1","1/2","2/1","2/1","2/2","2/1","1/1","2/1","1/2","2/2","2/1","2/1","2/1","2/2","1/2","2/1","1/2","4/2","1/2","1/1","1/1","1/1","4/2","2/2","1/2","2/1","1/1","1/2","2/1","1/2","2/2","2/1","1/1","1/1","1/2","2/1","1/2","2/2","2/1","2/1","2/1","2/1","2/1","1/1","1/2","1/1","1/1","1/1","2/2","2/2","2/2","1/2","1/1","1/2","1/2","2/2","2/2","2/1","2/1","2/1","1/2","1/2","2/2","2/2","1/2","1/1","2/1","1/2","1/1","1/1","2/1","2/1","1/2","1/1","1/1","1/2","1/2","2/2","2/1","1/1","1/1","2/2","2/1","2/1","2/1","2/1","1/2","1/1","2/1","1/1","1/2","2/2","1/2","2/1","2/2","1/2","3/3","1/1","2/1","2/2","1/2","2/1","2/1","2/1","2/1","2/1","2/1","2/2","1/1","2/2","1/2","1/1","1/1","1/2","2/2","2/2","1/1","1/1","1/2","2/2","2/2","1/3","1/1","2/1","1/2","1/2","2/2","1/2","2/2","2/2","2/1","3/4","2/1","2/2","1/4","2/1","1/2","1/1","1/2","2/2","2/2","2/1","1/2","1/1","2/2","2/1","2/1","1/1","1/2","2/2","1/1","1/1","2/2","1/2","1/1","1/2","2/1","1/2","1/2","1/2","2/1","2/2","1/1","1/1","1/2","2/2","2/2","1/2","1/1","2/1","1/1","2/1","2/1","1/2","2/2","1/1","1/1","2/2","1/1","2/1","1/2","1/1","2/1","2/2","1/1","1/1","2/1","1/2","2/1","1/1","1/2","2/1","2/1","1/2","1/1","1/1","1/2","1/1","1/1","2/3","2/1","2/1","1/1","1/2","2/1","1/1","2/1","3/2","1/2","1/2","2/2","1/1","1/2","2/1","1/1","2/2","2/1","1/2","2/2","1/2","2/2","1/1","2/1","2/1","2/2","2/2","1/2","1/1","2/2","1/1","1/1","1/2","2/1","2/1","1/2","2/2","1/2","1/1","2/1","2/1","1/2","1/2","2/1","1/1","2/2","1/2","2/1","1/1","2/1","2/2","1/1","2/1","2/1","1/2","1/2","1/2","1/2","1/2","2/2","2/1","1/1","2/2","2/1","2/2","2/2","2/2","1/1","2/2","1/1","2/1","1/2","1/1","2/1","1/1","2/2","1/2","2/1","1/1","1/1","1/1","1/2","2/2","2/1","1/2","1/1","2/2","1/2","1/2","1/2","1/1","1/2","2/2","2/1","2/2","1/1","1/1","1/2","2/1","2/1","2/1","1/2","2/1","2/2","1/2","2/2","1/2","2/1","2/2","1/1"
"IND0193","1/1","1/1","1/2","1/2","1/2","2/1","1/2","2/2","1/2","1/1","1/2","1/1","1/2","2/1","2/2","2/2","1/1","2/2","2/1","1/2","2/2","1/1","1/2","1/1","2/2","1/1","2/2","1/2","2/1","1/2","2/1","2/2","2/2","2/1","1/2","1/1","2/1","1/1","1/2","1/2","2/2","1/1","2/2","2/1","2/2","1/2","2/1","1/2","2/1","2/1","1/1","2/1","1/1","2/1","2/1","1/1","1/1","2/2","2/2","1/1","2/1","2/1","2/1","2/1","2/2","1/2","2/2","2/2","2/2","1/2","2/2","1/2","1/1","2/2","1/1","1/2","2/1","2/1","2/1","1/1","1/1","2/2","1/2","2/1","1/2","2/2","1/1","2/1","1/2","2/1","2/2","1/2","1/2","1/1","1/1","1/2","2/1","2/1","1/2","2/1","1/1","2/2","2/2","1/2","1/2","2/2","1/2","2/1","1/1","2/2","1/2","1/2","2/1","2/2","2/2","1/1","1/2","2/2","1/1","1/2","2/1","1/2","2/2","1/1","1/1","2/2","3/4","2/2","1/2","2/1","2/2","2/2","2/1","2/2","2/1","2/1","1/1","2/2","2/1","2/1","2/1","2/1","2/1","1/1","2/2","2/1","1/2","1/1","1/2","2/1","1/1","2/2","2/1","1/2","1/2","1/1","2/1","2/2","2/1","2/2","2/1","1/2","2/2","1/2","1/2","2/1","1/1","2/1","2/2","1/2","1/1","2/2","2/2","1/2","1/2","2/2","1/1","2/1","1/1","1/2","1/2","1/1","1/1","1/1","1/1","1/1","1/2","1/2","1/2","2/1","1/2","1/2","2/1","1/1","2/1","1/1","2/1","2/2","2/2","3/3","1/1","1/1","2/2","2/2","2/1","2/1","2/1","1/2","2/1","2/2","1/2","1/1","1/1","2/1","2/1","1/2","2/1","2/2","2/2","2/2","1/1","1/1","1/1","1/1","1/2","2/1","1/1","1/1","1/1","1/2","2/2","1/1","2/1","1/2","1/1","1/2","1/1","2/1","2/1","2/2","2/1","2/2","2/1","2/2","2/1","2/2","1/1","2/2","2/1","1/2","1/1","1/1","2/2","2/1","1/2","1/1","1/2","2/2","1/2","1/2","2/1","2/1","1/2","2/1","2/1","2/1","2/2","1/1","2/2","2/1","2/2","2/2","1/2","1/1","2/1","2/2","2/1","1/2","4/4","1/2","2/1","1/1","1/2","2/2","2/2","1/2","2/1","1/2","1/1","2/2","2/1","2/2","1/2","2/1","1/1","2/1","1/1","2/2","1/2","2/1","2/1","1/1","1/1","2/3","2/2","2/2","1/1","2/2","2/1","2/2","1/2","2/2","1/1","3/2","2/1","2/2","4/3","1/1","2/1","2/1","2/1","1/1","1/1","1/2","2/1","2/2","1/2","2/1","2/2","1/1","2/2","2/1","2/1","2/2","2/2","2/1","2/2","1/1","1/1","1/2","2/1","2/2","1/1","2/2","1/1","1/1","2/1","2/2","2/2","1/2","2/2","1/1","1/1","1/1","2/1","1/2","1/1","2/1","2/2","2/1","1/1","2/1","1/1","2/1","2/1","2/2","2/1","1/2","1/1","2/1","1/2","2/1","2/1","2/1","1/2","2/1","1/2","1/1","1/1","2/2","2/1","1/3","2/1","1/1","2/2","1/2","1/2","1/1","2/1","3/2","1/2","2/2","2/2","1/1","2/2","1/1","1/1","1/1","2/2","1/1","1/1","2/2","1/2","2/2","2/2","1/1","1/1","2/2","2/1","1/1","2/1","2/1","2/1","2/2","1/1","2/2","2/2","2/1","1/1","1/1","2/2","2/1","1/1","2/1","1/2","1/1","1/1","1/2","2/1","2/2","2/1","1/2","2/1","1/1","2/1","1/1","1/2","2/1","2/1","1/2","2/1","1/2","1/2","1/2","1/2","2/1","2/2","1/2","2/2","2/2","1/1","1/2","1/1","2/1","1/1","1/2","2/2","2/2","2/1","1/1","2/2","2/2","1/2","1/1","1/2","2/2","2/1","2/1","1/2","2/2","1/2","1/1","1/1","1/1","1/2","1/1","1/1","2/1","1/2","2/2","1/1","2/2","2/2","1/1","2/1","2/2","1/1","1/1","1/2","1/2","2/1"
"IND0194","2/1","2/1","2/2","1/2","2/2","1/1","1/2","2/1","2/2","2/2","2/1","2/2","2/2","2/1","1/2","2/1","1/1","2/2","2/1","1/2","1/2","2/2","2/1","2/1","2/1","1/2","1/1","2/1","2/1","2/2","1/1","2/2","1/1","2/1","2/1","1/1","1/2","1/1","1/1","1/1","1/2","2/2","1/1","2/1","1/2","2/1","2/2","1/2","2/2","1/1","1/2","2/1","2/2","1/2","2/1","2/1","1/2","1/1","1/2","1/2","2/1","1/2","1/1","1/1","2/2","1/1","1/1","2/1","1/2","1/1","2/1","1/2","1/2","2/2","1/1","1/2","1/2","1/1","1/2","2/2","1/1","2/2","1/2","1/1","2/2","2/1","1/2","1/1","1/1","1/2","2/2","1/2","2/1","2/2","2/1","1/1","2/2","2/1","1/2","1/1","2/1","1/2","2/2","1/2","2/2","1/2","1/2","1/2","1/2","1/2","1/2","1/2","2/2","2/1","1/1","1/2","2/2","1/2","2/2","1/2","2/2","2/2","2/2","2/1","1/1","1/2","1/2","1/1","1/2","2/2","2/1","2/1","2/2","1/2","1/1","1/2","1/2","1/2","2/1","1/2","1/2","1/2","2/2","1/2","2/2","2/1","1/1","2/2","1/1","1/1","1/1","2/1","1/1","1/1","2/2","1/2","1/2","1/1","2/2","1/1","2/1","1/1","2/2","1/1","2/1","2/1","2/1","1/2","1/2","2/2","2/2","1/2","1/1","2/1","2/1","2/1","1/1","1/1","1/2","2/1","2/1","2/1","1/2","1/2","2/2","1/1","2/2","2/2","1/2","2/2","1/1","1/1","1/1","2/2","2/2","2/1","2/1","2/2","2/1","2/1","2/2","2/2","1/2","1/1","1/2","1/1","2/1","1/1","1/1","2/2","2/2","1/1","2/1","1/1","1/1","1/2","2/1","2/2","2/2","1/2","2/1","1/1","2/1","1/1","2/1","2/2","2/1","1/2","2/2","2/2","1/2","2/1","2/1","2/2","2/2","2/2","1/2","2/1","2/1","1/1","2/2","1/2","1/1","1/2","1/2","1/2","2/2","1/1","1/1","2/1","2/2","2/1","2/2","1/2","2/2","2/1","1/1","2/2","1/1","1/2","2/1","2/1","1/2","2/2","1/1","2/1","2/1","1/2","2/2","1/2","2/2","1/1","2/2","1/1","1/2","1/1","1/1","1/1","3/1","1/1","1/1","1/2","2/2","1/1","2/2","2/1","2/1","1/2","1/2","2/2","1/1","1/2","2/2","2/1","1/2","2/1","1/1","1/2","2/1","1/1","1/2","2/1","1/1","4/2","2/2","2/1","2/1","1/1","1/2","2/1","2/2","1/2","1/1","2/2","2/2","1/1","2/4","1/1","2/2","1/1","1/1","1/1","1/2","1/2","1/1","1/2","2/1","2/1","1/1","1/2","1/1","2/1","2/2","2/2","2/2","2/2","2/1","1/2","1/2","1/1","2/2","1/2","1/1","2/1","1/2","2/2","2/2","1/1","1/1","1/1","2/2","1/1","1/2","1/1","1/2","1/2","2/1","1/1","2/2","2/2","2/2","1/1","2/1","1/1","2/2","1/2","2/1","2/2","2/2","1/2","1/2","1/1","2/1","2/2","1/1","2/2","1/2","1/1","2/2","1/1","1/1","4/2","1/1","1/1","2/1","1/1","1/2","1/2","2/1","4/1","1/2","1/2","2/1","2/2","1/1","1/1","2/2","2/1","2/1","2/2","2/2","2/2","1/1","2/1","2/2","1/2","1/1","1/2","2/1","2/1","1/2","1/2","2/1","1/2","2/2","1/2","2/2","2/2","2/1","1/1","2/2","2/1","2/2","2/1","2/2","2/1","1/1","2/1","2/1","2/1","2/1","1/1","2/1","1/2","2/1","1/2","1/2","1/1","2/1","1/2","1/1","1/2","2/2","2/2","1/1","2/1","1/1","1/2","1/2","2/1","2/2","2/2","2/2","1/2","1/2","1/1","1/1","1/1","1/1","1/2","1/1","2/2","1/2","2/1","1/1","2/2","2/1","2/2","1/1","1/1","2/2","2/2","2/2","2/1","1/2","1/2","1/2","1/2","2/2","2/1","1/1","1/2","1/1","2/2","1/2","1/1","2/1","2/1","1/2","2/1","2/1"
"IND0195","1/2","2/1","2/2","2/1","2/1","1/2","1/2","2/1","1/1","1/1","1/2","1/1","1/1","1/2","1/2","2/2","2/1","2/1","1/2","1/2","1/1","1/1","2/2","1/1","2/1","2/2","1/2","2/1","1/1","1/1","1/2","1/2","2/2","1/1","1/1","1/2","1/2","1/1","2/1","2/1","2/1","2/2","1/1","1/1","1/1","1/2","2/1","1/2","2/1","2/2","2/1","1/2","1/2","1/1","2/1","2/2","1/1","1/2","1/2","1/2","2/2","2/1","2/2","1/2","2/2","1/1","1/1","1/2","1/2","2/2","2/2","1/2","2/2","2/2","2/1","1/2","1/2","2/1","1/2","2/1","2/2","1/2","1/1","1/1","2/2","1/2","1/2","1/2","1/1","1/2","2/1","2/2","2/2","2/1","2/1","2/2","2/1","2/1","2/1","2/2","2/1","2/2","2/1","1/2","1/1","2/2","1/1","2/2","2/2","2/2","2/1","2/2","2/1","1/1","1/1","1/2","2/2","2/2","1/2","2/1","1/2","1/1","2/2","2/1","2/1","1/2","4/1","2/2","1/2","2/1","2/2","1/1","1/2","2/2","1/1","1/2","1/1","1/1","2/2","2/1","1/2","1/1","2/2","1/2","2/1","1/1","1/2","1/1","2/1","1/1","1/2","2/2","2/1","2/2","2/1","1/1","1/1","2/1","2/1","2/2","2/2","2/1","1/2","1/2","1/2","1/1","2/2","2/2","1/2","2/1","2/1","1/2","2/2","2/2","1/2","2/2","1/2","1/1","2/2","1/2","2/1","2/2","2/2","2/2","1/2","2/1","1/1","1/1","1/2","2/1","1/1","1/1","1/2","2/2","2/2","2/1","2/2","1/2","1/2","4/4","1/2","1/2","1/1","2/2","1/2","1/2","1/1","1/2","2/1","2/2","1/2","2/2","1/1","1/2","1/1","2/1","1/1","1/2","1/2","2/2","2/1","2/1","2/1","1/1","1/1","2/2","2/1","1/2","2/2","2/2","2/1","1/1","2/2","1/1","2/2","1/1","2/1","2/2","1/1","1/2","2/2","2/2","2/1","1/1","2/1","1/2","1/2","1/2","2/1","1/2","2/1","2/1","1/2","1/1","2/1","1/1","1/1","2/2","2/2","1/2","2/2","2/1","1/1","1/2","2/2","1/1","1/1","1/2","1/2","1/1","2/2","1/2","2/2","2/1","1/1","1/1","1/2","1/1","4/3","2/1","1/1","2/1","1/2","2/2","1/1","2/1","1/1","1/1","2/1","1/1","1/1","1/2","2/1","1/2","2/2","1/2","2/1","1/1","1/1","2/1","2/1","1/1","1/1","4/2","1/1","2/1","1/1","2/1","1/2","2/2","1/2","2/1","2/2","1/1","1/1","2/1","2/4","1/1","2/2","2/1","1/1","1/1","2/1","1/1","1/2","1/1","2/1","2/1","2/2","2/2","1/2","2/2","2/2","2/1","2/2","1/2","1/2","2/1","1/1","2/1","1/2","1/1","2/1","2/2","1/1","2/1","1/1","2/1","2/2","1/2","2/2","2/2","2/2","2/1","1/2","2/1","1/1","2/2","1/1","1/2","1/1","2/2","2/2","2/2","1/2","2/1","2/1","2/2","2/1","1/2","1/1","1/2","2/1","2/2","2/1","1/1","1/2","1/2","2/2","1/2","2/1","2/2","1/2","1/1","1/1","1/1","1/2","2/1","1/1","1/4","1/2","2/2","2/1","2/1","1/1","1/2","2/1","2/1","2/1","2/1","1/2","2/1","1/2","1/1","2/2","2/1","2/2","2/1","1/2","1/1","2/1","1/1","2/2","2/1","2/2","1/1","1/2","1/2","1/2","1/1","1/1","1/1","1/1","1/1","1/1","2/2","1/1","2/1","2/2","2/1","1/2","1/2","1/1","2/2","2/2","1/2","1/2","1/2","2/2","2/1","2/2","2/2","2/2","1/2","2/2","1/2","1/1","1/2","1/1","2/1","2/2","1/2","2/2","2/1","2/2","1/1","1/2","1/1","2/1","1/1","2/2","2/2","1/1","2/1","1/1","1/1","2/1","1/2","2/1","1/1","2/2","2/1","2/1","2/2","2/2","2/1","1/2","1/2","1/2","1/2","2/2","2/2","2/1","2/2","1/2","2/2","1/2","1/2","2/2","2/2","1/1"
"IND0196","2/2","2/1","2/2","2/2","1/2","2/2","1/2","2/1","2/1","1/2","1/1","1/1","2/2","1/2","2/2","1/1","2/2","2/1","1/2","2/1","1/2","1/1","1/1","1/1","1/2","1/2","2/1","2/1","1/2","1/2","2/1","2/2","2/2","1/2","2/1","2/2","2/2","2/1","2/2","2/2","1/1","1/2","1/1","2/1","2/1","2/2","1/2","1/1","1/1","1/1","2/1","1/2","1/1","1/1","1/2","1/1","1/2","1/1","2/1","2/1","2/1","1/1","1/1","1/1","1/1","2/1","2/1","2/1","1/1","1/2","2/2","2/2","1/1","2/2","2/2","1/1","1/2","2/1","2/2","2/2","1/1","2/1","2/2","1/2","2/2","1/1","2/1","2/2","1/1","1/1","1/1","1/1","1/1","1/2","2/2","2/2","1/1","2/2","2/1","2/2","2/1","1/2","2/1","2/1","2/2","1/1","2/2","1/1","1/1","2/1","1/1","1/1","1/2","1/1","1/2","1/2","1/2","1/2","2/2","2/1","1/1","1/1","2/2","2/2","1/1","2/1","1/1","2/2","2/2","1/2","1/2","2/2","2/1","1/1","2/1","1/1","1/1","1/1","2/1","2/1","1/1","2/1","1/2","2/2","1/1","2/2","1/2","2/1","2/1","2/1","2/1","1/1","2/2","1/1","2/2","1/2","2/1","2/2","1/1","1/2","1/1","2/1","1/1","1/1","2/1","1/1","2/1","2/2","1/1","2/2","2/2","1/1","2/2","2/1","1/2","1/2","1/1","1/2","1/1","2/2","2/2","1/1","1/2","2/2","2/2","1/2","1/2","2/2","1/1","2/2","1/1","1/2","2/2","2/1","1/1","1/2","2/2","1/2","1/1","3/2","1/2","2/2","1/1","1/1","1/4","1/1","1/2","1/1","1/2","2/1","1/2","2/1","1/2","1/2","2/1","2/1","1/2","1/2","1/1","2/1","2/1","2/1","2/2","1/2","2/2","2/2","2/1","2/1","1/2","2/2","2/1","1/1","2/2","2/1","2/2","1/2","2/2","2/1","1/1","2/2","1/2","2/1","1/1","1/2","2/2","2/1","1/2","1/1","2/1","1/2","2/2","2/1","1/2","2/1","2/1","2/2","2/1","1/2","2/1","1/1","1/2","1/1","2/2","2/1","2/2","1/1","1/2","2/1","1/2","1/1","1/1","1/2","1/2","1/1","1/2","2/2","1/2","1/1","3/4","2/1","1/2","2/2","2/1","2/1","1/2","1/1","1/2","2/1","1/1","2/1","1/1","2/1","2/2","1/2","1/1","2/2","1/2","1/1","2/1","1/1","1/1","2/2","2/2","4/4","1/2","2/2","1/1","1/1","2/2","2/2","1/2","2/2","1/1","1/3","2/2","1/2","2/1","1/2","2/2","1/2","2/2","1/2","1/1","1/1","2/1","2/1","1/1","2/1","2/1","1/2","1/2","2/2","1/2","1/2","1/1","1/1","2/2","1/2","2/1","2/2","2/1","2/1","2/2","2/1","1/2","2/2","1/1","2/1","1/2","2/2","2/2","1/1","2/2","2/1","1/2","1/1","2/1","2/2","1/2","2/2","1/1","2/2","2/1","2/1","2/1","2/2","1/1","2/2","1/2","2/1","2/2","2/1","1/1","1/2","2/1","2/1","1/1","2/1","2/2","2/2","1/1","1/4","2/2","2/2","2/1","2/2","2/1","2/2","1/2","2/2","1/2","2/2","1/2","1/2","2/2","2/1","1/2","2/1","1/2","2/2","1/1","1/2","2/1","2/1","1/1","1/2","1/1","2/1","2/2","2/2","2/1","2/1","1/1","1/1","2/1","2/1","2/2","2/1","2/2","1/1","2/1","1/2","1/1","2/1","1/2","2/2","1/2","2/1","1/1","2/1","1/2","2/2","2/1","2/1","2/1","2/1","1/2","2/2","2/2","2/1","2/1","2/2","2/1","1/1","2/1","2/2","1/2","1/2","1/2","2/2","1/1","1/2","1/2","2/1","2/2","1/2","1/2","1/1","2/1","1/2","2/1","1/2","2/2","1/1","1/1","2/2","1/2","2/1","2/1","2/2","1/1","2/2","1/1","1/1","2/1","2/2","2/2","2/2","1/2","1/1","2/2","2/1","2/2","2/1","2/2","2/2","1/2","2/1","2/1","1/1","2/2"
"IND0197","1/1","2/1","2/1","1/2","2/1","2/1","2/2","2/1","2/2","2/2","2/1","1/2","2/1","1/1","2/1","2/2","1/2","1/2","2/2","1/2","2/2","1/1","1/2","1/2","1/2","2/1","1/2","1/2","2/2","2/1","1/2","1/2","2/2","1/1","1/1","1/2","2/2","1/2","2/1","2/1","1/1","1/1","2/2","2/2","1/1","2/1","1/1","2/2","2/1","1/1","1/1","1/1","1/2","2/2","1/1","1/2","1/2","1/1","2/2","2/2","2/1","1/1","2/1","2/2","1/1","1/1","1/2","2/1","2/2","2/2","2/2","2/1","2/2","1/2","1/1","1/1","1/2","1/1","2/1","2/1","1/1","2/1","2/2","1/2","1/2","1/2","2/2","1/1","2/1","1/2","2/1","1/1","2/1","2/2","1/2","1/1","2/2","1/1","2/1","2/1","2/2","1/1","2/2","1/1","1/1","1/2","1/1","2/1","1/2","1/2","2/1","2/1","1/1","2/2","1/2","1/2","2/1","1/1","1/2","1/2","1/2","2/1","1/1","2/2","1/1","2/1","1/3","2/2","2/2","1/2","1/1","2/2","1/2","1/1","1/2","2/2","2/2","2/2","2/2","2/2","1/1","2/2","1/2","1/1","1/2","1/1","2/2","2/2","1/1","1/1","2/1","2/2","1/1","1/1","2/1","2/1","1/2","2/2","1/2","1/2","2/2","1/2","1/2","1/2","2/1","1/2","2/2","2/2","2/2","1/2","1/2","1/1","2/1","2/1","2/1","1/2","1/2","2/2","2/1","2/1","1/2","2/1","2/1","1/2","1/1","1/2","2/2","2/1","1/1","2/2","2/2","1/2","2/2","2/1","1/1","2/2","1/2","1/1","1/2","2/2","2/1","1/1","2/2","2/2","2/4","2/1","1/1","2/2","1/2","1/1","1/1","1/2","2/2","1/2","2/2","2/2","2/1","1/1","2/1","2/2","1/1","2/1","1/1","1/1","2/1","2/1","1/1","1/2","2/1","2/2","1/2","1/1","2/2","1/1","2/1","2/1","2/1","2/2","2/1","2/2","2/2","1/2","2/2","1/2","2/1","1/1","2/2","1/1","2/2","2/2","1/1","2/1","2/1","2/1","1/2","1/2","1/2","2/2","1/2","2/1","1/1","1/2","1/1","2/2","1/2","1/2","1/1","1/1","2/1","2/1","2/2","2/1","2/2","1/2","2/2","2/1","1/1","2/2","2/4","2/1","1/1","1/1","2/1","2/1","1/1","2/2","2/1","1/2","2/2","2/2","2/1","1/2","2/1","2/1","2/1","2/2","2/2","1/2","2/1","2/1","2/2","1/2","1/1","3/2","2/2","2/1","2/2","2/1","2/1","1/1","1/1","1/2","1/2","2/4","1/1","1/1","1/4","1/2","1/1","2/1","2/2","1/2","1/1","2/2","1/2","1/2","1/2","2/2","1/1","2/2","1/1","1/2","1/2","1/1","2/1","2/1","2/1","2/2","2/2","2/1","1/1","2/1","1/1","1/2","2/2","2/1","1/1","1/1","1/2","2/2","1/1","1/2","2/1","2/1","1/2","2/1","2/2","2/2","1/1","2/2","2/2","2/1","1/1","2/1","2/2","1/1","1/1","1/1","1/2","2/1","2/1","2/2","2/1","1/2","1/1","1/2","1/1","1/2","2/1","2/2","2/1","3/3","2/2","2/1","2/2","2/1","1/1","1/1","1/2","1/4","1/1","2/1","2/2","2/1","2/1","1/1","1/2","1/2","1/2","2/2","1/2","2/1","1/1","2/1","1/1","1/2","1/2","1/1","2/1","1/1","2/2","1/2","2/1","1/2","1/1","2/2","1/2","1/1","1/2","2/1","1/2","1/1","1/1","1/2","2/1","2/2","1/1","2/2","2/2","1/1","1/2","1/2","2/1","1/2","1/1","1/1","2/2","1/1","2/1","2/2","2/2","2/1","1/1","1/2","2/2","1/2","1/1","2/1","2/1","2/2","1/2","2/2","1/2","1/1","1/1","1/2","1/2","1/2","1/2","2/2","2/1","1/2","2/1","2/1","1/1","2/2","1/1","2/2","2/2","2/1","2/1","2/2","1/1","2/1","1/2","2/1","2/2","2/1","2/2","2/1","1/1","1/2","2/1","2/1","1/2","1/1","1/2","1/1","2/1","1/1","1/2"
"IND0198","2/1","1/1","2/2","1/1","1/1","1/1","2/1","1/1","1/1","2/2","2/1","2/2","2/1","1/2","2/1","2/1","1/2","2/1","1/1","1/1","1/2","2/2","1/1","1/1","2/2","2/2","1/1","2/2","1/1","1/1","2/2","1/1","2/1","2/2","2/2","2/1","1/1","2/1","1/2","1/2","2/2","2/2","1/1","2/1","2/2","2/2","1/1","2/1","2/1","1/2","1/2","1/1","2/1","1/2","2/1","2/1","1/1","2/1","2/1","1/2","1/2","2/2","1/1","1/1","2/2","2/2","1/1","2/1","1/1","1/2","2/1","2/2","2/2","2/2","1/2","2/2","1/2","2/1","2/1","1/2","2/2","2/2","2/2","2/1","2/2","1/1","1/1","2/1","2/1","1/1","2/1","1/2","2/2","1/1","1/1","1/1","2/1","1/2","2/2","2/2","2/1","2/2","2/1","2/1","2/1","1/1","2/2","2/2","2/2","2/2","1/2","1/2","1/2","2/1","1/1","1/1","2/2","1/2","1/1","2/2","1/1","1/1","1/2","1/2","1/1","2/1","4/1","2/2","1/2","2/1","1/2","2/1","1/1","1/1","2/2","1/2","1/2","2/1","2/2","2/1","1/1","1/1","1/1","2/1","1/2","2/2","1/2","1/1","1/2","1/2","1/1","1/2","2/2","1/2","2/1","1/1","1/2","2/2","1/1","2/1","2/1","2/1","1/2","2/2","1/1","1/2","1/1","2/2","2/2","2/1","1/1","1/2","1/1","1/1","2/2","2/1","2/2","1/2","1/1","2/2","2/1","1/2","1/1","2/2","2/1","1/2","2/1","1/2","1/1","2/1","1/2","1/1","2/1","1/1","1/1","2/2","2/2","1/2","2/1","2/2","2/2","1/1","1/1","2/2","2/3","1/2","1/2","1/1","2/2","1/2","1/2","2/2","2/1","2/2","1/1","2/1","2/1","2/1","2/1","2/1","2/1","2/2","2/2","1/2","1/1","2/1","1/1","1/2","1/2","2/1","1/2","2/2","2/2","1/2","2/2","2/2","1/1","2/2","1/2","2/2","1/1","2/1","1/1","2/1","2/2","1/2","2/2","1/2","2/2","2/1","2/2","1/1","2/1","2/2","1/2","2/2","2/2","1/1","1/2","2/1","2/2","1/1","2/1","1/2","2/2","1/2","1/2","2/1","2/1","1/2","1/1","1/2","1/1","2/2","1/1","1/2","1/2","2/1","3/4","2/1","1/1","1/1","2/1","2/2","2/1","2/2","2/2","1/2","2/2","2/2","1/1","2/1","1/2","2/1","2/1","2/2","2/1","1/2","2/2","1/2","1/1","2/2","1/2","3/4","2/2","1/2","2/1","2/1","1/2","2/2","1/2","1/2","2/1","2/1","2/2","1/2","4/2","1/2","2/2","2/1","2/2","2/2","1/1","2/1","2/2","2/2","2/2","2/1","2/2","2/2","2/2","2/1","2/2","2/2","1/2","1/1","1/1","1/2","1/1","1/2","2/2","2/1","1/2","2/2","2/1","2/2","1/1","1/2","1/1","2/2","1/2","2/1","2/1","1/2","2/1","2/1","1/1","2/1","1/2","2/1","2/2","1/1","2/1","1/1","2/2","1/1","1/2","2/2","2/1","1/1","1/1","2/1","1/1","2/1","2/2","1/2","1/2","1/2","1/2","1/2","1/1","1/4","2/1","1/1","1/1","2/1","1/2","1/1","1/1","2/2","1/2","1/1","2/1","2/1","2/1","2/2","2/1","2/2","1/2","2/2","2/1","2/2","1/1","2/2","1/2","2/1","2/2","2/2","1/2","2/2","1/2","1/2","2/1","2/1","1/2","2/1","2/2","1/2","1/2","1/1","1/1","2/2","1/1","2/1","1/2","1/1","1/2","1/1","1/2","1/1","2/2","1/1","2/1","1/1","1/1","2/1","1/2","1/2","2/2","1/2","2/2","1/1","2/2","2/1","1/1","1/2","2/1","2/1","2/1","2/2","2/2","1/2","1/2","2/2","1/2","1/1","2/2","2/2","2/2","2/2","1/2","1/2","1/2","2/1","2/1","2/1","1/1","2/2","1/1","1/2","1/2","1/1","1/1","1/2","2/2","1/1","1/1","2/2","1/2","2/2","2/2","1/2","2/1","2/2","1/1","2/2","1/2","1/1","1/1","1/2","1/2"
"IND0199","1/2","1/1","2/2","1/2","2/1","2/2","1/2","1/1","2/1","2/2","1/2","1/1","2/2","1/2","1/1","2/1","2/2","2/1","1/1","2/1","2/2","1/2","2/2","2/2","2/2","1/1","1/2","2/2","2/1","2/1","2/2","1/2","1/1","2/1","1/1","1/1","1/1","2/1","2/1","2/2","2/1","1/1","1/2","1/1","2/1","2/1","1/2","2/2","2/2","1/1","2/1","1/1","1/1","1/2","2/2","2/1","2/2","1/1","1/1","1/1","2/2","1/1","1/1","2/1","2/1","2/1","2/2","2/2","1/2","2/2","1/2","2/1","1/2","2/2","1/1","1/2","1/2","1/1","2/2","2/1","1/2","1/2","2/2","2/2","1/1","2/1","1/2","2/1","2/1","2/1","2/2","1/2","2/2","2/2","2/2","1/1","2/2","1/2","2/1","1/1","2/1","1/2","2/2","1/1","2/1","1/2","1/2","1/2","1/2","2/1","1/1","2/2","1/2","1/1","1/1","1/1","2/2","2/2","2/1","2/1","2/1","2/2","2/2","1/1","1/1","2/2","1/3","2/2","1/1","1/1","2/1","2/1","1/1","1/1","2/1","2/2","1/1","1/2","1/2","2/1","1/2","1/2","2/2","1/2","1/1","2/1","2/2","2/2","1/2","2/1","1/2","2/1","2/1","1/2","1/2","2/2","1/2","2/2","2/2","1/1","2/1","1/2","2/1","1/1","1/1","2/2","2/1","2/1","1/1","1/2","1/2","2/2","2/2","2/1","2/1","1/1","2/1","1/2","2/1","1/2","1/1","1/2","1/2","2/1","2/2","1/1","2/1","2/2","2/2","2/1","1/2","1/2","1/1","1/1","1/2","1/2","2/1","2/1","2/2","3/4","2/1","1/2","2/1","2/2","2/2","2/2","2/2","1/2","1/2","1/2","1/2","2/2","2/1","1/2","1/1","2/1","1/1","1/2","1/2","1/1","1/1","2/2","1/2","1/2","2/2","1/2","2/2","1/1","1/1","1/2","2/1","1/2","1/2","2/1","1/2","1/1","1/1","2/1","2/2","1/2","2/1","1/2","1/1","1/1","2/2","2/1","1/1","1/1","1/2","2/2","1/1","1/2","1/1","2/2","1/2","1/1","2/2","1/1","2/1","1/2","1/2","2/2","2/2","1/1","1/1","1/2","2/2","2/2","2/2","1/1","2/1","1/2","1/1","2/2","1/1","2/1","2/1","2/1","2/1","2/2","1/1","2/2","1/2","2/1","1/2","1/2","1/2","2/1","2/2","2/2","2/1","1/2","2/2","2/2","1/1","1/1","1/2","2/1","2/2","1/1","1/1","1/2","1/2","2/1","1/1","2/1","2/2","2/1","2/1","2/2","1/2","1/1","1/1","2/1","2/1","2/1","2/4","2/1","1/1","2/1","2/2","2/1","2/1","2/1","1/2","1/2","1/1","1/2","1/2","1/2","1/1","2/2","2/1","1/1","1/2","2/2","2/1","1/1","2/2","1/2","1/1","1/2","2/1","1/2","1/1","2/1","2/1","2/2","2/2","1/1","2/2","2/1","2/1","2/2","2/1","1/1","1/1","1/1","2/1","2/1","1/1","2/2","1/1","1/1","2/1","1/2","1/2","2/2","1/1","2/1","1/2","1/2","1/1","2/2","1/1","1/2","2/2","1/2","2/1","1/2","1/2","1/1","2/2","1/1","2/2","2/2","1/1","1/2","2/1","1/3","1/2","1/1","1/2","2/2","1/2","1/1","2/1","2/1","2/1","2/1","1/2","2/2","1/1","2/1","2/1","2/1","2/2","2/2","2/1","1/1","1/2","1/1","2/1","1/1","1/2","1/1","1/2","1/2","2/2","1/2","2/1","1/1","1/2","2/2","1/1","1/2","2/2","2/2","1/2","1/2","1/2","2/1","2/2","2/2","1/1","1/2","1/2","1/2","1/2","1/2","2/2","1/1","1/2","2/2","2/1","1/2","1/1","1/1","2/1","2/1","1/2","1/1","2/2","1/2","2/1","1/2","2/2","2/2","1/1","1/1","1/1","1/2","1/1","2/1","1/2","1/2","2/2","1/1","1/1","1/2","1/1","2/1","2/1","1/2","1/1","2/2","1/2","1/1","1/2","1/2","1/1","2/1","1/2","1/1","2/1","1/2","1/1","1/1","1/2","1/2","2/1"
"IND0200","1/1","1/1","1/1","2/2","2/1","1/1","2/1","1/2","1/1","2/1","1/1","2/1","1/2","1/2","1/2","2/2","1/1","2/2","1/1","1/2","1/1","2/2","1/2","2/2","1/2","1/2","2/1","1/1","2/1","2/2","1/1","1/2","2/1","1/1","2/2","1/1","2/2","1/2","1/2","2/1","2/1","2/1","2/1","2/2","2/1","2/2","1/2","2/1","1/1","2/1","1/2","2/2","2/1","1/2","2/1","2/2","1/1","2/1","1/2","1/2","2/1","2/1","1/2","2/1","2/2","1/2","2/2","2/1","1/2","1/2","1/1","1/1","2/2","1/1","2/1","2/2","2/2","1/2","2/2","2/2","1/1","2/1","2/2","1/1","2/2","2/2","2/1","1/1","2/2","1/1","1/2","2/1","1/1","2/1","2/1","2/1","2/2","2/2","2/1","1/1","1/1","1/1","2/2","2/1","1/1","1/2","1/1","2/1","1/1","2/2","2/1","2/2","2/2","2/1","2/2","1/2","2/2","2/2","1/1","1/1","2/1","2/2","2/1","1/2","2/1","1/2","3/4","1/1","2/2","1/2","1/1","1/2","1/1","1/1","2/1","2/1","1/1","2/2","2/1","2/2","2/2","1/2","1/1","1/1","1/1","1/2","2/1","2/1","2/1","2/2","1/2","1/1","2/1","1/1","2/2","1/1","1/2","2/2","1/2","2/2","2/2","2/2","2/1","1/1","1/1","1/1","2/1","2/1","1/2","2/1","2/1","2/2","2/2","1/2","2/2","1/1","2/1","2/2","2/1","2/2","2/2","2/1","1/1","1/2","1/2","1/1","2/1","1/1","2/1","2/1","1/2","2/1","1/2","2/2","2/2","2/2","1/1","1/2","2/1","2/3","2/1","1/2","2/1","1/2","3/2","1/1","2/1","1/1","1/1","2/1","2/1","2/1","2/2","2/1","1/1","2/1","1/1","2/1","1/1","2/2","2/2","2/1","2/1","1/2","1/1","1/2","2/1","1/2","1/1","1/2","2/1","1/1","2/1","1/1","2/1","1/1","2/1","2/1","1/2","2/2","1/1","2/2","1/1","2/2","1/1","1/1","1/2","1/1","2/2","1/2","1/1","1/2","2/1","1/2","2/1","2/2","2/1","2/2","2/2","2/1","1/1","2/1","1/1","1/1","1/1","1/1","1/1","2/1","1/2","1/1","1/2","2/2","2/1","2/2","2/1","1/1","1/1","2/2","3/1","2/2","2/1","2/1","2/1","1/2","1/2","2/2","2/2","1/1","2/1","2/1","2/1","1/2","2/1","1/1","2/2","1/2","2/1","1/2","2/2","1/1","1/1","2/2","2/2","3/4","1/2","2/1","1/1","1/1","1/2","1/2","2/2","2/2","2/2","4/2","1/1","1/2","1/4","1/2","1/2","1/2","1/1","2/2","2/1","2/2","2/2","2/2","1/2","2/2","2/2","2/2","2/2","1/1","2/2","2/1","1/1","2/2","1/2","2/1","1/2","1/2","1/1","2/2","1/1","1/2","2/2","1/1","1/2","2/1","2/2","1/1","1/1","2/2","1/2","1/2","1/1","1/1","2/1","1/2","2/2","2/1","2/1","1/2","1/2","2/1","2/1","1/2","1/2","2/2","2/1","2/2","1/1","2/1","2/2","1/1","1/2","2/2","1/2","1/2","2/1","1/2","2/1","2/1","2/1","2/1","2/2","1/2","1/1","1/2","2/1","2/4","1/2","1/1","2/1","2/1","1/2","1/2","2/1","2/1","2/2","1/2","1/1","2/1","1/2","2/2","2/1","1/1","1/1","2/2","2/1","1/2","1/2","2/2","2/2","1/1","1/2","1/2","2/1","2/2","2/1","2/2","1/1","2/1","1/2","2/2","2/2","2/1","2/1","1/1","1/1","2/2","2/1","2/2","2/1","2/2","2/1","2/2","2/2","2/2","2/1","2/1","1/1","2/2","1/2","1/2","1/1","2/2","2/2","2/2","1/2","1/2","2/2","1/1","1/1","2/2","2/2","1/2","2/1","2/1","1/2","1/2","2/2","1/1","2/2","1/1","1/2","2/2","2/1","1/2","2/1","2/1","2/2","1/1","2/2","2/2","2/2","2/2","2/1","1/2","1/2","1/2","2/1","2/1","2/1","1/1","2/1","2/1","2/1","2/1","1/1","1/2","2/2"
