block_id,chr,start_pos,end_pos,n_snps,physical_span_bp,pic,NA_col
blk1,1,1526,1526,1,0,0.4663,NA
blk2,1,6260,6260,1,0,0.4006,NA
blk3,1,9080,9080,1,0,0.3538,NA
blk4,1,22180,22180,1,0,0.2889,NA
blk5,1,62162,62162,1,0,0.0942,NA
blk6,1,62900,62900,1,0,0.3489,NA
blk7,1,66061,66061,1,0,0.3028,NA
blk8,1,75398,75398,1,0,0.4918,NA
blk9,1,75742,75742,1,0,0.4155,NA
blk10,1,81411,81411,1,0,0.0692,NA
blk11,1,111207,111207,1,0,0.37,NA
blk12,1,117709,117709,1,0,0.0875,NA
blk13,1,119693,119693,1,0,0.0556,NA
blk14,1,134785,134785,1,0,0.4614,NA
blk15,1,146785,146785,1,0,0.4144,NA
blk16,1,159555,159555,1,0,0.1429,NA
blk17,1,163720,163720,1,0,0.13,NA
blk18,1,180025,180025,1,0,0.2959,NA
blk19,1,181830,181830,1,0,0.0941,NA
blk20,1,186657,186657,1,0,0.3172,NA
blk21,1,187224,187224,1,0,0.3212,NA
blk22,1,203651,203651,1,0,0.3947,NA
blk23,1,236678,236678,1,0,0.4313,NA
blk24,1,241854,241854,1,0,0.0675,NA
blk25,1,249033,249033,1,0,0.1929,NA
blk26,1,279002,279002,1,0,0.1793,NA
blk27,1,287752,287752,1,0,0.1699,NA
blk28,1,307284,307284,1,0,0.2319,NA
blk29,1,319807,319807,1,0,0.4372,NA
blk30,1,323078,323078,1,0,0.4103,NA
blk31,1,326154,326154,1,0,0.3206,NA
blk32,1,340447,340447,1,0,0.4517,NA
blk33,1,341097,341097,1,0,0.4857,NA
blk34,1,357235,357235,1,0,0.3012,NA
blk35,1,364666,364666,1,0,0.0981,NA
blk36,1,375480,375480,1,0,0.2181,NA
blk37,1,377659,377659,1,0,0.4213,NA
blk38,1,378298,378298,1,0,0.3328,NA
blk39,1,385213,385213,1,0,0.2515,NA
blk40,1,438658,438658,1,0,0.2662,NA
blk41,1,439930,439930,1,0,0.3858,NA
blk42,1,440498,440567,2,69,0.3639,NA
blk43,1,447861,447861,1,0,0.3952,NA
blk44,1,455320,455320,1,0,0.4609,NA
blk45,1,458902,458902,1,0,0.291,NA
blk46,1,462806,462806,1,0,0.1315,NA
blk47,1,463123,463123,1,0,0.3646,NA
blk48,1,469202,469202,1,0,0.4816,NA
blk49,1,473190,473190,1,0,0.2111,NA
blk50,1,478283,478283,1,0,0.1407,NA
blk51,1,505546,505546,1,0,0.2103,NA
blk52,1,521466,521466,1,0,0.16,NA
blk53,1,522507,522507,1,0,0.2052,NA
blk54,1,523761,523761,1,0,0.3798,NA
blk55,1,534310,534310,1,0,0.4179,NA
blk56,1,538767,538767,1,0,0.288,NA
blk57,1,547907,547907,1,0,0.3924,NA
blk58,1,554570,554570,1,0,0.3471,NA
blk59,1,555805,555805,1,0,0.2937,NA
blk60,1,578660,578660,1,0,0.2735,NA
blk61,1,583839,583839,1,0,0.37,NA
blk62,1,588290,588290,1,0,0.3763,NA
blk63,1,602030,602030,1,0,0.2173,NA
blk64,1,606773,606773,1,0,0.1029,NA
blk65,1,608280,608280,1,0,0.1702,NA
blk66,1,611784,611784,1,0,0.3668,NA
blk67,1,637967,637967,1,0,0.3017,NA
blk68,1,642887,642887,1,0,0.4982,NA
blk69,1,643758,643758,1,0,0.4391,NA
blk70,1,645792,645792,1,0,0.2479,NA
blk71,1,656515,656515,1,0,0.4159,NA
blk72,1,656948,656948,1,0,0.3924,NA
blk73,1,666051,666051,1,0,0.0607,NA
blk74,1,683426,683426,1,0,0.3334,NA
blk75,1,684111,684111,1,0,0.3953,NA
blk76,1,707394,707394,1,0,0.443,NA
blk77,1,710996,710996,1,0,0.06,NA
blk78,1,720884,720884,1,0,0.2031,NA
blk79,1,730792,730792,1,0,0.2435,NA
blk80,1,731257,731257,1,0,0.2367,NA
blk81,1,744924,744924,1,0,0.2988,NA
blk82,1,746634,746634,1,0,0.254,NA
blk83,1,765945,765945,1,0,0.1508,NA
blk84,1,785052,785052,1,0,0.1138,NA
blk85,1,786835,786835,1,0,0.308,NA
blk86,1,792929,792929,1,0,0.3478,NA
blk87,1,797960,797960,1,0,0.124,NA
blk88,1,822214,822214,1,0,0.1874,NA
blk89,1,852517,852517,1,0,0.2219,NA
blk90,1,861169,861169,1,0,0.1422,NA
blk91,1,861769,861769,1,0,0.1108,NA
blk92,1,865878,865878,1,0,0.4096,NA
blk93,1,882261,882261,1,0,0.2713,NA
blk94,1,893872,893872,1,0,0.0637,NA
blk95,1,895012,895012,1,0,0.169,NA
blk96,1,903335,903335,1,0,0.1697,NA
blk97,1,913311,913311,1,0,0.4526,NA
blk98,1,938027,938027,1,0,0.4499,NA
blk99,1,990257,990257,1,0,0.4251,NA
blk100,1,1008602,1008602,1,0,0.1992,NA
blk101,1,1009695,1009695,1,0,0.1115,NA
blk102,1,1020591,1020591,1,0,0.3989,NA
blk103,1,1045953,1045953,1,0,0.3446,NA
blk104,1,1049669,1049669,1,0,0.3103,NA
blk105,1,1049811,1049811,1,0,0.3141,NA
blk106,1,1054113,1054113,1,0,0.2362,NA
blk107,1,1061925,1061945,2,20,0.4604,NA
blk108,1,1063461,1063461,1,0,0.4567,NA
blk109,1,1071122,1071122,1,0,0.487,NA
blk110,1,1080404,1080404,1,0,0.4419,NA
blk111,1,1105215,1105215,1,0,0.1488,NA
blk112,1,1111961,1111961,1,0,0.4256,NA
blk113,1,1123937,1123937,1,0,0.393,NA
blk114,1,1141278,1141278,1,0,0.2563,NA
blk115,1,1148121,1148121,1,0,0.078,NA
blk116,1,1155668,1155668,1,0,0.1852,NA
blk117,1,1192998,1192998,1,0,0.1759,NA
blk118,1,1201814,1201814,1,0,0.4103,NA
blk119,1,1202292,1202321,2,29,0.1473,NA
blk120,1,1217548,1217548,1,0,0.3748,NA
blk121,1,1244867,1244867,1,0,0.1322,NA
blk122,1,1250961,1250961,1,0,0.3068,NA
blk123,1,1255235,1255235,1,0,0.2243,NA
blk124,1,1264553,1264553,1,0,0.1248,NA
blk125,1,1265334,1265334,1,0,0.4111,NA
blk126,1,1271427,1271474,2,47,0.1332,NA
blk127,1,1279861,1279861,1,0,0.313,NA
blk128,1,1287617,1287617,1,0,0.10780000000000001,NA
blk129,1,1318829,1318829,1,0,0.0747,NA
blk130,1,1319974,1319974,1,0,0.0621,NA
blk131,1,1322962,1322962,1,0,0.1286,NA
blk132,1,1332942,1332942,1,0,0.2335,NA
blk133,1,1360596,1360596,1,0,0.3202,NA
blk134,1,1362824,1362824,1,0,0.0642,NA
blk135,1,1364075,1364075,1,0,0.1458,NA
blk136,1,1381848,1381848,1,0,0.133,NA
blk137,1,1382436,1382436,1,0,0.3462,NA
blk138,1,1389620,1389620,1,0,0.4763,NA
blk139,1,1401237,1401237,1,0,0.3029,NA
blk140,1,1411138,1411138,1,0,0.1556,NA
blk141,1,1441057,1441057,1,0,0.4891,NA
blk142,1,1444639,1444639,1,0,0.229,NA
blk143,1,1457745,1457745,1,0,0.4339,NA
blk144,1,1463521,1463521,1,0,0.4724,NA
blk145,1,1479252,1479252,1,0,0.104,NA
blk146,1,1485092,1485092,1,0,0.3326,NA
blk147,1,1505318,1505318,1,0,0.0993,NA
blk148,1,1515405,1515405,1,0,0.4816,NA
blk149,1,1539254,1539254,1,0,0.1875,NA
blk150,1,1542217,1542217,1,0,0.2026,NA
blk151,1,1542711,1542711,1,0,0.433,NA
blk152,1,1548421,1548421,1,0,0.4318,NA
blk153,1,1575770,1575770,1,0,0.2416,NA
blk154,1,1576447,1576447,1,0,0.0772,NA
blk155,1,1578638,1578638,1,0,0.3497,NA
blk156,1,1579493,1579493,1,0,0.3055,NA
blk157,1,1581438,1581438,1,0,0.0688,NA
blk158,1,1602883,1602883,1,0,0.3182,NA
blk159,1,1608166,1608166,1,0,0.4336,NA
blk160,1,1617558,1617558,1,0,0.2893,NA
blk161,1,1621041,1621041,1,0,0.1486,NA
blk162,1,1635149,1635149,1,0,0.0969,NA
blk163,1,1648152,1648152,1,0,0.0949,NA
blk164,1,1662496,1662496,1,0,0.0507,NA
blk165,1,1665861,1665861,1,0,0.3082,NA
blk166,1,1674573,1674573,1,0,0.2838,NA
blk167,1,1676121,1676121,1,0,0.4335,NA
blk168,1,1703581,1703581,1,0,0.0641,NA
blk169,1,1704673,1704673,1,0,0.3677,NA
blk170,1,1718789,1718789,1,0,0.2944,NA
blk171,1,1726104,1726104,1,0,0.0916,NA
blk172,1,1729158,1729158,1,0,0.3485,NA
blk173,1,1738635,1738635,1,0,0.3994,NA
blk174,1,1742726,1742726,1,0,0.3042,NA
blk175,1,1748911,1748911,1,0,0.3666,NA
blk176,1,1764373,1764373,1,0,0.0688,NA
blk177,1,1771193,1771193,1,0,0.0686,NA
blk178,1,1776355,1776355,1,0,0.2828,NA
blk179,1,1782625,1782625,1,0,0.4088,NA
blk180,1,1788436,1788436,1,0,0.2378,NA
blk181,1,1793629,1793629,1,0,0.3508,NA
blk182,1,1800370,1800370,1,0,0.333,NA
blk183,1,1807862,1807862,1,0,0.2771,NA
blk184,1,1822447,1822447,1,0,0.3283,NA
blk185,1,1823956,1823956,1,0,0.1743,NA
blk186,1,1832473,1832473,1,0,0.2795,NA
blk187,1,1854165,1854165,1,0,0.2895,NA
blk188,1,1863956,1863956,1,0,0.1244,NA
blk189,1,1872947,1872947,1,0,0.2882,NA
blk190,1,1894850,1894850,1,0,0.1504,NA
blk191,1,1902621,1902621,1,0,0.0538,NA
blk192,1,1903962,1903962,1,0,0.1003,NA
blk193,1,1906811,1906811,1,0,0.4279,NA
blk194,1,1908386,1908386,1,0,0.1678,NA
blk195,1,1922946,1922946,1,0,0.2452,NA
blk196,1,1923610,1923610,1,0,0.2745,NA
blk197,1,1939581,1939581,1,0,0.1324,NA
blk198,1,1948242,1948242,1,0,0.2313,NA
blk199,1,1961664,1961664,1,0,0.1941,NA
blk200,1,1963158,1963158,1,0,0.3653,NA
blk201,1,1972034,1972034,1,0,0.2981,NA
blk202,1,1983660,1983660,1,0,0.0988,NA
blk203,1,1992319,1992319,1,0,0.4111,NA
blk204,1,2000775,2000775,1,0,0.38,NA
blk205,1,2005897,2005897,1,0,0.4554,NA
blk206,1,2019796,2019796,1,0,0.1316,NA
blk207,1,2026561,2026561,1,0,0.0897,NA
blk208,1,2036610,2036610,1,0,0.3269,NA
blk209,1,2044580,2044580,1,0,0.379,NA
blk210,1,2078032,2078032,1,0,0.0632,NA
blk211,1,2090571,2090571,1,0,0.4727,NA
blk212,1,2098745,2098745,1,0,0.4145,NA
blk213,1,2099523,2099523,1,0,0.1887,NA
blk214,1,2099653,2099653,1,0,0.3031,NA
blk215,1,2131243,2131243,1,0,0.3461,NA
blk216,1,2132677,2132677,1,0,0.2227,NA
blk217,1,2144445,2144445,1,0,0.3368,NA
blk218,1,2147747,2147747,1,0,0.421,NA
blk219,1,2150738,2150738,1,0,0.0648,NA
blk220,1,2160131,2160131,1,0,0.3638,NA
blk221,1,2167987,2167987,1,0,0.4269,NA
blk222,1,2169918,2169918,1,0,0.3236,NA
blk223,1,2173391,2173391,1,0,0.1715,NA
blk224,1,2175618,2175618,1,0,0.4804,NA
blk225,1,2176213,2176213,1,0,0.0529,NA
blk226,1,2180707,2180707,1,0,0.2171,NA
blk227,1,2182545,2182545,1,0,0.2532,NA
blk228,1,2201505,2201505,1,0,0.2406,NA
blk229,1,2203389,2203389,1,0,0.0535,NA
blk230,1,2235626,2235692,2,66,0.2613,NA
blk231,1,2254911,2254911,1,0,0.2991,NA
blk232,1,2261385,2261385,1,0,0.4548,NA
blk233,1,2274318,2274318,1,0,0.0555,NA
blk234,1,2314748,2314748,1,0,0.0674,NA
blk235,1,2319259,2319259,1,0,0.4513,NA
blk236,1,2326633,2326633,1,0,0.4079,NA
blk237,1,2333732,2333732,1,0,0.304,NA
blk238,1,2350752,2350752,1,0,0.1726,NA
blk239,1,2354677,2354677,1,0,0.0581,NA
blk240,1,2361052,2361052,1,0,0.2788,NA
blk241,1,2362448,2362448,1,0,0.1551,NA
blk242,1,2375337,2375337,1,0,0.1303,NA
blk243,1,2383137,2383137,1,0,0.0692,NA
blk244,1,2384406,2384406,1,0,0.3409,NA
blk245,1,2391037,2391037,1,0,0.1744,NA
blk246,1,2395509,2395509,1,0,0.0718,NA
blk247,1,2404024,2404024,1,0,0.4181,NA
blk248,1,2418801,2418801,1,0,0.3115,NA
blk249,1,2441324,2441324,1,0,0.3707,NA
blk250,1,2442822,2442822,1,0,0.4383,NA
blk251,1,2463260,2463260,1,0,0.4969,NA
blk252,1,2494092,2494092,1,0,0.4622,NA
blk253,1,2495139,2495139,1,0,0.185,NA
blk254,1,2534356,2534356,1,0,0.4285,NA
blk255,1,2545692,2545692,1,0,0.4949,NA
blk256,1,2557052,2557052,1,0,0.1815,NA
blk257,1,2560476,2560476,1,0,0.3163,NA
blk258,1,2569958,2569958,1,0,0.1947,NA
blk259,1,2583295,2583295,1,0,0.1746,NA
blk260,1,2587075,2587075,1,0,0.4185,NA
blk261,1,2600370,2600370,1,0,0.2658,NA
blk262,1,2606364,2606364,1,0,0.2505,NA
blk263,1,2614044,2614044,1,0,0.129,NA
blk264,1,2629800,2629800,1,0,0.3469,NA
blk265,1,2644296,2644296,1,0,0.2163,NA
blk266,1,2660210,2660210,1,0,0.4051,NA
blk267,1,2665781,2665781,1,0,0.487,NA
blk268,1,2671246,2671246,1,0,0.2631,NA
blk269,1,2684480,2684480,1,0,0.2002,NA
blk270,1,2692088,2692088,1,0,0.3236,NA
blk271,1,2694544,2694544,1,0,0.2643,NA
blk272,1,2695847,2695847,1,0,0.4061,NA
blk273,1,2697463,2697463,1,0,0.4628,NA
blk274,1,2698483,2698483,1,0,0.3969,NA
blk275,1,2708747,2708747,1,0,0.3501,NA
blk276,1,2709215,2709215,1,0,0.1899,NA
blk277,1,2711684,2711684,1,0,0.1886,NA
blk278,1,2719070,2719070,1,0,0.1453,NA
blk279,1,2723193,2723193,1,0,0.2819,NA
blk280,1,2725251,2725251,1,0,0.4809,NA
blk281,1,2732063,2732063,1,0,0.2654,NA
blk282,1,2734810,2734810,1,0,0.2425,NA
blk283,1,2748605,2748605,1,0,0.3371,NA
blk284,1,2751983,2751983,1,0,0.1509,NA
blk285,1,2756802,2756802,1,0,0.4374,NA
blk286,1,2763281,2763281,1,0,0.2387,NA
blk287,1,2779318,2779318,1,0,0.1774,NA
blk288,1,2782070,2782070,1,0,0.2224,NA
blk289,1,2787657,2787657,1,0,0.2075,NA
blk290,1,2803011,2803011,1,0,0.2843,NA
blk291,1,2805025,2805025,1,0,0.3396,NA
blk292,1,2810523,2810523,1,0,0.3837,NA
blk293,1,2810801,2810801,1,0,0.4951,NA
blk294,1,2814944,2814944,1,0,0.1102,NA
blk295,1,2819421,2819421,1,0,0.2614,NA
blk296,1,2826761,2826761,1,0,0.3871,NA
blk297,1,2864627,2864627,1,0,0.248,NA
blk298,1,2866811,2866811,1,0,0.1751,NA
blk299,1,2872231,2872231,1,0,0.328,NA
blk300,1,2888519,2888519,1,0,0.2474,NA
blk301,1,2903413,2903413,1,0,0.4424,NA
blk302,1,2904123,2904123,1,0,0.0542,NA
blk303,1,2910439,2910439,1,0,0.1116,NA
blk304,1,2914969,2914969,1,0,0.0541,NA
blk305,1,2918602,2918602,1,0,0.3731,NA
blk306,1,2919546,2919546,1,0,0.2257,NA
blk307,1,2925946,2925946,1,0,0.1891,NA
blk308,1,2947183,2947183,1,0,0.4545,NA
blk309,1,2949516,2949516,1,0,0.4561,NA
blk310,1,2959676,2959676,1,0,0.1156,NA
blk311,1,2961557,2961557,1,0,0.3013,NA
blk312,1,2962004,2962004,1,0,0.3776,NA
blk313,1,2965887,2965887,1,0,0.3649,NA
blk314,1,2990487,2990487,1,0,0.0533,NA
blk315,1,2990934,2990934,1,0,0.1259,NA
blk316,1,3012416,3012416,1,0,0.3004,NA
blk317,1,3027442,3027442,1,0,0.1605,NA
blk318,1,3036434,3036434,1,0,0.4321,NA
blk319,1,3039680,3039680,1,0,0.3721,NA
blk320,1,3042170,3042170,1,0,0.1247,NA
blk321,1,3062783,3062783,1,0,0.2151,NA
blk322,1,3063163,3063163,1,0,0.4827,NA
blk323,1,3070032,3070032,1,0,0.2889,NA
blk324,1,3111990,3111990,1,0,0.3348,NA
blk325,1,3122159,3122159,1,0,0.2586,NA
blk326,1,3130873,3130873,1,0,0.474,NA
blk327,1,3146830,3146830,1,0,0.1544,NA
blk328,1,3148185,3148185,1,0,0.4063,NA
blk329,1,3154791,3154791,1,0,0.2109,NA
blk330,1,3192935,3192935,1,0,0.4737,NA
blk331,1,3208140,3208140,1,0,0.4921,NA
blk332,1,3226742,3226742,1,0,0.4188,NA
blk333,1,3248086,3248086,1,0,0.3637,NA
blk334,1,3272598,3272598,1,0,0.3914,NA
blk335,1,3282332,3282332,1,0,0.297,NA
blk336,1,3283441,3283441,1,0,0.4056,NA
blk337,1,3313289,3313289,1,0,0.3318,NA
blk338,1,3314958,3314958,1,0,0.214,NA
blk339,1,3332529,3332529,1,0,0.4013,NA
blk340,1,3337178,3337178,1,0,0.1199,NA
blk341,1,3343436,3343436,1,0,0.1174,NA
blk342,1,3346406,3346406,1,0,0.4102,NA
blk343,1,3346954,3346954,1,0,0.3017,NA
blk344,1,3349079,3349079,1,0,0.0614,NA
blk345,1,3370086,3370086,1,0,0.2932,NA
blk346,1,3374923,3374923,1,0,0.1333,NA
blk347,1,3397820,3397820,1,0,0.313,NA
blk348,1,3434198,3434198,1,0,0.122,NA
blk349,1,3454354,3454354,1,0,0.0867,NA
blk350,1,3463197,3463197,1,0,0.3391,NA
blk351,1,3469197,3469197,1,0,0.0833,NA
blk352,1,3480507,3480507,1,0,0.0962,NA
blk353,1,3487332,3487332,1,0,0.0628,NA
blk354,1,3491281,3491281,1,0,0.4269,NA
blk355,1,3517467,3517467,1,0,0.1746,NA
blk356,1,3541333,3541333,1,0,0.0506,NA
blk357,1,3545101,3545101,1,0,0.329,NA
blk358,1,3552714,3552714,1,0,0.0859,NA
blk359,1,3577721,3577721,1,0,0.4365,NA
blk360,1,3580813,3580813,1,0,0.4759,NA
blk361,1,3584095,3584095,1,0,0.4006,NA
blk362,1,3595184,3595184,1,0,0.1437,NA
blk363,1,3598989,3598989,1,0,0.285,NA
blk364,1,3600925,3600925,1,0,0.1427,NA
blk365,1,3608749,3608749,1,0,0.4208,NA
blk366,1,3618451,3618451,1,0,0.3826,NA
blk367,1,3619015,3619015,1,0,0.109,NA
blk368,1,3636731,3636731,1,0,0.413,NA
blk369,1,3653435,3653435,1,0,0.2378,NA
blk370,1,3653969,3653969,1,0,0.3659,NA
blk371,1,3664457,3664457,1,0,0.369,NA
blk372,1,3666002,3666002,1,0,0.3115,NA
blk373,1,3671042,3671042,1,0,0.1447,NA
blk374,1,3673147,3673147,1,0,0.2915,NA
blk375,1,3684987,3684987,1,0,0.2105,NA
blk376,1,3687042,3687042,1,0,0.4347,NA
blk377,1,3693927,3693927,1,0,0.2679,NA
blk378,1,3721860,3721860,1,0,0.3492,NA
blk379,1,3728060,3728060,1,0,0.1154,NA
blk380,1,3732955,3732955,1,0,0.1485,NA
blk381,1,3742835,3742835,1,0,0.3869,NA
blk382,1,3747724,3747724,1,0,0.3822,NA
blk383,1,3760860,3760860,1,0,0.2219,NA
blk384,1,3765901,3765901,1,0,0.4261,NA
blk385,1,3768062,3768062,1,0,0.213,NA
blk386,1,3774551,3774551,1,0,0.2529,NA
blk387,1,3780596,3780596,1,0,0.1342,NA
blk388,1,3791536,3791536,1,0,0.455,NA
blk389,1,3823192,3823192,1,0,0.2958,NA
blk390,1,3846226,3846226,1,0,0.1938,NA
blk391,1,3861085,3861085,1,0,0.3027,NA
blk392,1,3864786,3864786,1,0,0.429,NA
blk393,1,3879595,3879595,1,0,0.1238,NA
blk394,1,3893508,3893508,1,0,0.059,NA
blk395,1,3894086,3894086,1,0,0.4757,NA
blk396,1,3905102,3905102,1,0,0.4294,NA
blk397,1,3926676,3926676,1,0,0.3938,NA
blk398,1,3939118,3939118,1,0,0.3416,NA
blk399,1,3967908,3967908,1,0,0.3569,NA
blk400,1,3971248,3971248,1,0,0.051,NA
blk401,1,3973723,3973723,1,0,0.0734,NA
blk402,1,4010892,4010892,1,0,0.1704,NA
blk403,1,4021754,4021754,1,0,0.0836,NA
blk404,1,4030453,4030453,1,0,0.1613,NA
blk405,1,4033580,4033580,1,0,0.1636,NA
blk406,1,4041083,4041083,1,0,0.228,NA
blk407,1,4044397,4044397,1,0,0.4443,NA
blk408,1,4057855,4057855,1,0,0.1712,NA
blk409,1,4078969,4078969,1,0,0.1901,NA
blk410,1,4099608,4099608,1,0,0.1252,NA
blk411,1,4107665,4107665,1,0,0.1042,NA
blk412,1,4108807,4108876,2,69,0.1331,NA
blk413,1,4131224,4131224,1,0,0.1102,NA
blk414,1,4146245,4146245,1,0,0.4618,NA
blk415,1,4170868,4170868,1,0,0.4917,NA
blk416,1,4172028,4172028,1,0,0.1933,NA
blk417,1,4174372,4174372,1,0,0.1172,NA
blk418,1,4202431,4202431,1,0,0.1889,NA
blk419,1,4214938,4214938,1,0,0.4839,NA
blk420,1,4217232,4217232,1,0,0.2396,NA
blk421,1,4235631,4235631,1,0,0.0753,NA
blk422,1,4248117,4248117,1,0,0.1809,NA
blk423,1,4249728,4249728,1,0,0.2274,NA
blk424,1,4250485,4250485,1,0,0.3683,NA
blk425,1,4257175,4257175,1,0,0.1677,NA
blk426,1,4263805,4263805,1,0,0.0956,NA
blk427,1,4279452,4279452,1,0,0.1092,NA
blk428,1,4303430,4303430,1,0,0.0997,NA
blk429,1,4308767,4308767,1,0,0.4171,NA
blk430,1,4326687,4326687,1,0,0.4923,NA
blk431,1,4339851,4339851,1,0,0.1466,NA
blk432,1,4363991,4363991,1,0,0.3395,NA
blk433,1,4364785,4364785,1,0,0.0509,NA
blk434,1,4365225,4365225,1,0,0.3624,NA
blk435,1,4371618,4371618,1,0,0.2425,NA
blk436,1,4379109,4379109,1,0,0.2337,NA
blk437,1,4391561,4391561,1,0,0.4262,NA
blk438,1,4400576,4400576,1,0,0.1587,NA
blk439,1,4433853,4433853,1,0,0.1223,NA
blk440,1,4442562,4442562,1,0,0.2607,NA
blk441,1,4453268,4453268,1,0,0.0607,NA
blk442,1,4472465,4472465,1,0,0.0804,NA
blk443,1,4491203,4491203,1,0,0.3806,NA
blk444,1,4506815,4506815,1,0,0.2242,NA
blk445,1,4509503,4509503,1,0,0.1107,NA
blk446,1,4510368,4510368,1,0,0.2029,NA
blk447,1,4518670,4518670,1,0,0.276,NA
blk448,1,4520533,4520533,1,0,0.3298,NA
blk449,1,4530075,4530075,1,0,0.4336,NA
blk450,1,4534995,4534995,1,0,0.3718,NA
blk451,1,4542897,4542897,1,0,0.4933,NA
blk452,1,4556471,4556471,1,0,0.2082,NA
blk453,1,4570031,4570067,2,36,0.2816,NA
blk454,1,4605259,4605259,1,0,0.3126,NA
blk455,1,4626696,4626696,1,0,0.4912,NA
blk456,1,4645583,4645583,1,0,0.2729,NA
blk457,1,4648897,4648897,1,0,0.3148,NA
blk458,1,4661508,4661508,1,0,0.3723,NA
blk459,1,4662113,4662113,1,0,0.1378,NA
blk460,1,4683194,4683194,1,0,0.4889,NA
blk461,1,4702406,4702406,1,0,0.2185,NA
blk462,1,4706061,4706061,1,0,0.2842,NA
blk463,1,4708990,4708990,1,0,0.2059,NA
blk464,1,4710298,4710298,1,0,0.235,NA
blk465,1,4712429,4712464,2,35,0.1524,NA
blk466,1,4719359,4719359,1,0,0.0718,NA
blk467,1,4739706,4739706,1,0,0.2052,NA
blk468,1,4767072,4767072,1,0,0.2481,NA
blk469,1,4767929,4767929,1,0,0.3836,NA
blk470,1,4773150,4773150,1,0,0.1872,NA
blk471,1,4773640,4773640,1,0,0.4749,NA
blk472,1,4775847,4775847,1,0,0.1,NA
blk473,1,4796297,4796297,1,0,0.4792,NA
blk474,1,4796763,4796763,1,0,0.2631,NA
blk475,1,4801621,4801621,1,0,0.4149,NA
blk476,1,4808572,4808572,1,0,0.3922,NA
blk477,1,4815935,4815935,1,0,0.3959,NA
blk478,1,4816994,4816994,1,0,0.1178,NA
blk479,1,4818875,4818875,1,0,0.1788,NA
blk480,1,4819147,4819147,1,0,0.1323,NA
blk481,1,4828765,4828765,1,0,0.4108,NA
blk482,1,4835976,4835976,1,0,0.4968,NA
blk483,1,4836631,4836631,1,0,0.3629,NA
blk484,1,4847482,4847552,3,70,0.215,NA
blk485,1,4860269,4860269,1,0,0.4447,NA
blk486,1,4871151,4871151,1,0,0.2456,NA
blk487,1,4879476,4879476,1,0,0.227,NA
blk488,1,4898780,4898780,1,0,0.4532,NA
blk489,1,4927862,4927862,1,0,0.3466,NA
blk490,1,4954109,4954109,1,0,0.2737,NA
blk491,2,11455,11455,1,0,0.4877,NA
blk492,2,22009,22009,1,0,0.2092,NA
blk493,2,27715,27715,1,0,0.392,NA
blk494,2,40074,40074,1,0,0.4655,NA
blk495,2,52406,52406,1,0,0.3355,NA
blk496,2,57845,57845,1,0,0.2918,NA
blk497,2,68339,68339,1,0,0.3044,NA
blk498,2,71918,71918,1,0,0.0861,NA
blk499,2,72449,72449,1,0,0.4203,NA
blk500,2,76728,76728,1,0,0.1856,NA
blk501,2,87230,87230,1,0,0.4624,NA
blk502,2,96326,96326,1,0,0.451,NA
blk503,2,121345,121345,1,0,0.2396,NA
blk504,2,133782,133782,1,0,0.1455,NA
blk505,2,151098,151098,1,0,0.4962,NA
blk506,2,152590,152590,1,0,0.357,NA
blk507,2,169691,169691,1,0,0.382,NA
blk508,2,173326,173326,1,0,0.2603,NA
blk509,2,178549,178549,1,0,0.4588,NA
blk510,2,193399,193399,1,0,0.1351,NA
blk511,2,208531,208531,1,0,0.2548,NA
blk512,2,227264,227264,1,0,0.3034,NA
blk513,2,233856,233856,1,0,0.4358,NA
blk514,2,243437,243437,1,0,0.3082,NA
blk515,2,276300,276300,1,0,0.1178,NA
blk516,2,280244,280244,1,0,0.0955,NA
blk517,2,291371,291371,1,0,0.0656,NA
blk518,2,292629,292629,1,0,0.3923,NA
blk519,2,300300,300300,1,0,0.2528,NA
blk520,2,302108,302108,1,0,0.3344,NA
blk521,2,307444,307444,1,0,0.4912,NA
blk522,2,318283,318283,1,0,0.2456,NA
blk523,2,325417,325417,1,0,0.1859,NA
blk524,2,327076,327076,1,0,0.2775,NA
blk525,2,360565,360565,1,0,0.1515,NA
blk526,2,377978,377978,1,0,0.1925,NA
blk527,2,379317,379317,1,0,0.3588,NA
blk528,2,386997,386997,1,0,0.1842,NA
blk529,2,415948,415948,1,0,0.1165,NA
blk530,2,426374,426374,1,0,0.4677,NA
blk531,2,431561,431561,1,0,0.1674,NA
blk532,2,434343,434343,1,0,0.1325,NA
blk533,2,435460,435460,1,0,0.3021,NA
blk534,2,439547,439547,1,0,0.2542,NA
blk535,2,451060,451060,1,0,0.4854,NA
blk536,2,453811,453811,1,0,0.1875,NA
blk537,2,457681,457681,1,0,0.2787,NA
blk538,2,461686,461686,1,0,0.3236,NA
blk539,2,464537,464537,1,0,0.2988,NA
blk540,2,473638,473638,1,0,0.467,NA
blk541,2,475368,475368,1,0,0.2715,NA
blk542,2,506502,506502,1,0,0.186,NA
blk543,2,507845,507845,1,0,0.1655,NA
blk544,2,514919,514919,1,0,0.2271,NA
blk545,2,525810,525810,1,0,0.2926,NA
blk546,2,537122,537122,1,0,0.4524,NA
blk547,2,543654,543654,1,0,0.299,NA
blk548,2,552809,552809,1,0,0.4547,NA
blk549,2,561993,561993,1,0,0.1163,NA
blk550,2,562845,562845,1,0,0.4483,NA
blk551,2,565019,565019,1,0,0.4918,NA
blk552,2,571936,571936,1,0,0.4538,NA
blk553,2,586079,586079,1,0,0.2582,NA
blk554,2,587804,587804,1,0,0.4003,NA
blk555,2,589707,589707,1,0,0.2072,NA
blk556,2,593119,593119,1,0,0.068,NA
blk557,2,595873,595873,1,0,0.2667,NA
blk558,2,597569,597569,1,0,0.1366,NA
blk559,2,631148,631148,1,0,0.4089,NA
blk560,2,644483,644483,1,0,0.1332,NA
blk561,2,646080,646080,1,0,0.3607,NA
blk562,2,679713,679713,1,0,0.2582,NA
blk563,2,683007,683007,1,0,0.4105,NA
blk564,2,698900,698900,1,0,0.0871,NA
blk565,2,704956,704956,1,0,0.0783,NA
blk566,2,725885,725885,1,0,0.2743,NA
blk567,2,730921,730921,1,0,0.4152,NA
blk568,2,731506,731506,1,0,0.2716,NA
blk569,2,736075,736075,1,0,0.2407,NA
blk570,2,747949,747949,1,0,0.3999,NA
blk571,2,751949,751949,1,0,0.1651,NA
blk572,2,753446,753446,1,0,0.3158,NA
blk573,2,756602,756602,1,0,0.3487,NA
blk574,2,764174,764174,1,0,0.1599,NA
blk575,2,769174,769174,1,0,0.4456,NA
blk576,2,770027,770027,1,0,0.1198,NA
blk577,2,775844,775844,1,0,0.1899,NA
blk578,2,783178,783178,1,0,0.4579,NA
blk579,2,784020,784020,1,0,0.2729,NA
blk580,2,791234,791234,1,0,0.4889,NA
blk581,2,825234,825234,1,0,0.4246,NA
blk582,2,846711,846711,1,0,0.1457,NA
blk583,2,853382,853382,1,0,0.128,NA
blk584,2,861987,861987,1,0,0.2723,NA
blk585,2,874946,874946,1,0,0.2142,NA
blk586,2,887772,887772,1,0,0.3423,NA
blk587,2,896179,896179,1,0,0.4741,NA
blk588,2,920371,920371,1,0,0.3574,NA
blk589,2,921700,921700,1,0,0.4371,NA
blk590,2,932993,932993,1,0,0.4687,NA
blk591,2,963879,963879,1,0,0.1701,NA
blk592,2,967255,967255,1,0,0.1759,NA
blk593,2,968567,968614,2,47,0.4228,NA
blk594,2,977185,977185,1,0,0.3959,NA
blk595,2,1019480,1019480,1,0,0.3099,NA
blk596,2,1037518,1037518,1,0,0.1408,NA
blk597,2,1061908,1061908,1,0,0.2918,NA
blk598,2,1069890,1069890,1,0,0.4028,NA
blk599,2,1096406,1096406,1,0,0.2033,NA
blk600,2,1101259,1101259,1,0,0.4664,NA
blk601,2,1115422,1115422,1,0,0.4393,NA
blk602,2,1118922,1118922,1,0,0.1323,NA
blk603,2,1136504,1136504,1,0,0.3574,NA
blk604,2,1142675,1142675,1,0,0.124,NA
blk605,2,1144831,1144831,1,0,0.3367,NA
blk606,2,1187626,1187626,1,0,0.1911,NA
blk607,2,1189105,1189105,1,0,0.0866,NA
blk608,2,1190938,1190938,1,0,0.1772,NA
blk609,2,1202634,1202634,1,0,0.1643,NA
blk610,2,1234368,1234368,1,0,0.1995,NA
blk611,2,1262280,1262280,1,0,0.4372,NA
blk612,2,1262506,1262506,1,0,0.2449,NA
blk613,2,1268625,1268625,1,0,0.1207,NA
blk614,2,1287811,1287811,1,0,0.2153,NA
blk615,2,1294595,1294595,1,0,0.072,NA
blk616,2,1294862,1294862,1,0,0.151,NA
blk617,2,1298791,1298791,1,0,0.0959,NA
blk618,2,1313229,1313229,1,0,0.0506,NA
blk619,2,1314333,1314333,1,0,0.3846,NA
blk620,2,1329631,1329631,1,0,0.2627,NA
blk621,2,1353392,1353392,1,0,0.2661,NA
blk622,2,1362307,1362307,1,0,0.06,NA
blk623,2,1393947,1393947,1,0,0.2258,NA
blk624,2,1408149,1408149,1,0,0.3972,NA
blk625,2,1418265,1418265,1,0,0.3531,NA
blk626,2,1442735,1442735,1,0,0.1942,NA
blk627,2,1445209,1445209,1,0,0.4056,NA
blk628,2,1452669,1452669,1,0,0.0569,NA
blk629,2,1458991,1458991,1,0,0.2837,NA
blk630,2,1479826,1479826,1,0,0.0574,NA
blk631,2,1503436,1503436,1,0,0.413,NA
blk632,2,1506939,1506939,1,0,0.2463,NA
blk633,2,1507366,1507366,1,0,0.1117,NA
blk634,2,1521890,1521987,2,97,0.0516,NA
blk635,2,1563736,1563736,1,0,0.3905,NA
blk636,2,1570206,1570206,1,0,0.0828,NA
blk637,2,1572741,1572741,1,0,0.1524,NA
blk638,2,1576909,1576909,1,0,0.2902,NA
blk639,2,1579358,1579358,1,0,0.2009,NA
blk640,2,1581776,1581776,1,0,0.418,NA
blk641,2,1587053,1587053,1,0,0.324,NA
blk642,2,1595363,1595363,1,0,0.0647,NA
blk643,2,1606401,1606401,1,0,0.2158,NA
blk644,2,1614932,1614932,1,0,0.487,NA
blk645,2,1616007,1616007,1,0,0.3643,NA
blk646,2,1621815,1621815,1,0,0.4098,NA
blk647,2,1635947,1635947,1,0,0.1852,NA
blk648,2,1654281,1654281,1,0,0.1,NA
blk649,2,1695939,1695939,1,0,0.1827,NA
blk650,2,1717499,1717499,1,0,0.1728,NA
blk651,2,1718279,1718279,1,0,0.1144,NA
blk652,2,1740760,1740760,1,0,0.2579,NA
blk653,2,1745097,1745097,1,0,0.3242,NA
blk654,2,1755633,1755633,1,0,0.3178,NA
blk655,2,1755772,1755772,1,0,0.1523,NA
blk656,2,1760425,1760425,1,0,0.2989,NA
blk657,2,1767313,1767313,1,0,0.2563,NA
blk658,2,1776914,1776914,1,0,0.2582,NA
blk659,2,1778722,1778722,1,0,0.4604,NA
blk660,2,1780532,1780532,1,0,0.2222,NA
blk661,2,1785247,1785247,1,0,0.152,NA
blk662,2,1806820,1806820,1,0,0.2948,NA
blk663,2,1825710,1825710,1,0,0.1604,NA
blk664,2,1850553,1850553,1,0,0.3669,NA
blk665,2,1850706,1850706,1,0,0.234,NA
blk666,2,1861862,1861862,1,0,0.2794,NA
blk667,2,1879298,1879387,2,89,0.398,NA
blk668,2,1885881,1885881,1,0,0.0987,NA
blk669,2,1887998,1887998,1,0,0.1805,NA
blk670,2,1888383,1888383,1,0,0.3803,NA
blk671,2,1893068,1893068,1,0,0.4004,NA
blk672,2,1900064,1900064,1,0,0.2137,NA
blk673,2,1902908,1902908,1,0,0.4598,NA
blk674,2,1911318,1911318,1,0,0.4329,NA
blk675,2,1914784,1914784,1,0,0.0798,NA
blk676,2,1919570,1919570,1,0,0.4858,NA
blk677,2,1927404,1927404,1,0,0.4468,NA
blk678,2,1986923,1986923,1,0,0.3101,NA
blk679,2,1987914,1987914,1,0,0.482,NA
blk680,2,2003579,2003579,1,0,0.2167,NA
blk681,2,2024714,2024714,1,0,0.2144,NA
blk682,2,2036200,2036200,1,0,0.2836,NA
blk683,2,2041797,2041797,1,0,0.1757,NA
blk684,2,2058761,2058761,1,0,0.2571,NA
blk685,2,2059940,2059940,1,0,0.0972,NA
blk686,2,2063502,2063502,1,0,0.2283,NA
blk687,2,2074540,2074540,1,0,0.3843,NA
blk688,2,2086546,2086546,1,0,0.2725,NA
blk689,2,2088126,2088126,1,0,0.457,NA
blk690,2,2088383,2088383,1,0,0.2502,NA
blk691,2,2088720,2088720,1,0,0.0938,NA
blk692,2,2110604,2110604,1,0,0.4423,NA
blk693,2,2117877,2117877,1,0,0.3671,NA
blk694,2,2121217,2121217,1,0,0.1772,NA
blk695,2,2137389,2137389,1,0,0.0532,NA
blk696,2,2145637,2145637,1,0,0.4041,NA
blk697,2,2162656,2162656,1,0,0.1432,NA
blk698,2,2179462,2179462,1,0,0.3985,NA
blk699,2,2185757,2185757,1,0,0.4297,NA
blk700,2,2200365,2200365,1,0,0.0621,NA
blk701,2,2207107,2207107,1,0,0.1713,NA
blk702,2,2233332,2233332,1,0,0.4862,NA
blk703,2,2235797,2235797,1,0,0.3366,NA
blk704,2,2241087,2241087,1,0,0.3077,NA
blk705,2,2243368,2243368,1,0,0.0648,NA
blk706,2,2245408,2245408,1,0,0.4827,NA
blk707,2,2246194,2246194,1,0,0.2076,NA
blk708,2,2258211,2258211,1,0,0.3412,NA
blk709,2,2289923,2289923,1,0,0.2723,NA
blk710,2,2291192,2291192,1,0,0.3819,NA
blk711,2,2296258,2296258,1,0,0.4397,NA
blk712,2,2300200,2300200,1,0,0.1183,NA
blk713,2,2304320,2304320,1,0,0.2872,NA
blk714,2,2307608,2307608,1,0,0.2935,NA
blk715,2,2308805,2308805,1,0,0.3278,NA
blk716,2,2313210,2313210,1,0,0.2816,NA
blk717,2,2321416,2321416,1,0,0.2706,NA
blk718,2,2354764,2354764,1,0,0.3789,NA
blk719,2,2372727,2372727,1,0,0.376,NA
blk720,2,2372951,2372951,1,0,0.2815,NA
blk721,2,2410201,2410201,1,0,0.4522,NA
blk722,2,2415738,2415738,1,0,0.2233,NA
blk723,2,2425064,2425064,1,0,0.4764,NA
blk724,2,2433405,2433405,1,0,0.2038,NA
blk725,2,2434256,2434256,1,0,0.3801,NA
blk726,2,2446031,2446031,1,0,0.3076,NA
blk727,2,2451704,2451704,1,0,0.4814,NA
blk728,2,2474409,2474409,1,0,0.4795,NA
blk729,2,2493557,2493557,1,0,0.0908,NA
blk730,2,2499160,2499160,1,0,0.2701,NA
blk731,2,2533896,2533896,1,0,0.201,NA
blk732,2,2545618,2545618,1,0,0.2623,NA
blk733,2,2553499,2553499,1,0,0.4897,NA
blk734,2,2556606,2556606,1,0,0.1746,NA
blk735,2,2581349,2581349,1,0,0.2097,NA
blk736,2,2598125,2598125,1,0,0.2406,NA
blk737,2,2606557,2606557,1,0,0.3377,NA
blk738,2,2611489,2611489,1,0,0.3307,NA
blk739,2,2643140,2643140,1,0,0.4137,NA
blk740,2,2661178,2661178,1,0,0.4171,NA
blk741,2,2663502,2663502,1,0,0.2493,NA
blk742,2,2663777,2663777,1,0,0.4101,NA
blk743,2,2683963,2683989,2,26,0.0918,NA
blk744,2,2684842,2684842,1,0,0.1192,NA
blk745,2,2717571,2717571,1,0,0.354,NA
blk746,2,2740900,2740900,1,0,0.4111,NA
blk747,2,2741575,2741575,1,0,0.0756,NA
blk748,2,2776169,2776169,1,0,0.3389,NA
blk749,2,2777360,2777360,1,0,0.4339,NA
blk750,2,2786823,2786823,1,0,0.4392,NA
blk751,2,2807549,2807549,1,0,0.136,NA
blk752,2,2812328,2812328,1,0,0.1014,NA
blk753,2,2827734,2827734,1,0,0.412,NA
blk754,2,2841505,2841505,1,0,0.2929,NA
blk755,2,2850491,2850491,1,0,0.4294,NA
blk756,2,2851599,2851599,1,0,0.0543,NA
blk757,2,2854554,2854554,1,0,0.4061,NA
blk758,2,2872291,2872291,1,0,0.2447,NA
blk759,2,2881553,2881553,1,0,0.4565,NA
blk760,2,2889960,2889960,1,0,0.4282,NA
blk761,2,2894078,2894078,1,0,0.3501,NA
blk762,2,2898820,2898820,1,0,0.2348,NA
blk763,2,2900325,2900325,1,0,0.475,NA
blk764,2,2903781,2903781,1,0,0.2013,NA
blk765,2,2912142,2912142,1,0,0.2445,NA
blk766,2,2917172,2917172,1,0,0.4223,NA
blk767,2,2927301,2927301,1,0,0.1159,NA
blk768,2,2934102,2934102,1,0,0.2273,NA
blk769,2,2934663,2934663,1,0,0.455,NA
blk770,2,2938719,2938719,1,0,0.4983,NA
blk771,2,2942850,2942850,1,0,0.3276,NA
blk772,2,2944101,2944101,1,0,0.3609,NA
blk773,2,2959593,2959593,1,0,0.1046,NA
blk774,2,2962701,2962701,1,0,0.2854,NA
blk775,2,2972393,2972393,1,0,0.1267,NA
blk776,2,2976866,2976866,1,0,0.4776,NA
blk777,2,2986929,2986929,1,0,0.1747,NA
blk778,2,2990599,2990599,1,0,0.3604,NA
blk779,2,3006105,3006105,1,0,0.2782,NA
blk780,2,3017074,3017074,1,0,0.3367,NA
blk781,2,3019891,3019891,1,0,0.467,NA
blk782,2,3023170,3023170,1,0,0.3292,NA
blk783,2,3031738,3031814,2,76,0.1098,NA
blk784,2,3038986,3038986,1,0,0.4748,NA
blk785,2,3042596,3042596,1,0,0.3262,NA
blk786,2,3062337,3062337,1,0,0.1949,NA
blk787,2,3067961,3067961,1,0,0.1401,NA
blk788,2,3071213,3071213,1,0,0.4824,NA
blk789,2,3072495,3072495,1,0,0.0863,NA
blk790,2,3076702,3076702,1,0,0.4035,NA
blk791,2,3101096,3101096,1,0,0.1192,NA
blk792,2,3101780,3101780,1,0,0.2084,NA
blk793,2,3129882,3129882,1,0,0.2653,NA
blk794,2,3135082,3135082,1,0,0.2087,NA
blk795,2,3142168,3142168,1,0,0.2519,NA
blk796,2,3148164,3148164,1,0,0.3309,NA
blk797,2,3152104,3152104,1,0,0.1664,NA
blk798,2,3152414,3152414,1,0,0.3917,NA
blk799,2,3156906,3156906,1,0,0.1421,NA
blk800,2,3190743,3190743,1,0,0.3542,NA
blk801,2,3201883,3201883,1,0,0.1847,NA
blk802,2,3205206,3205206,1,0,0.4222,NA
blk803,2,3210667,3210667,1,0,0.3057,NA
blk804,2,3244316,3244316,1,0,0.1526,NA
blk805,2,3271963,3271963,1,0,0.1814,NA
blk806,2,3284383,3284383,1,0,0.2408,NA
blk807,2,3287161,3287161,1,0,0.3075,NA
blk808,2,3307578,3307578,1,0,0.1566,NA
blk809,2,3320815,3320815,1,0,0.0942,NA
blk810,2,3323059,3323059,1,0,0.3009,NA
blk811,2,3323646,3323646,1,0,0.1212,NA
blk812,2,3333008,3333008,1,0,0.4576,NA
blk813,2,3335897,3335897,1,0,0.0734,NA
blk814,2,3336936,3336936,1,0,0.2182,NA
blk815,2,3351497,3351497,1,0,0.2758,NA
blk816,2,3362258,3362258,1,0,0.3967,NA
blk817,2,3364761,3364761,1,0,0.1318,NA
blk818,2,3375235,3375235,1,0,0.2231,NA
blk819,2,3393586,3393586,1,0,0.057,NA
blk820,2,3419229,3419229,1,0,0.0729,NA
blk821,2,3423399,3423399,1,0,0.491,NA
blk822,2,3429603,3429603,1,0,0.1387,NA
blk823,2,3431806,3431806,1,0,0.0829,NA
blk824,2,3441948,3441948,1,0,0.3953,NA
blk825,2,3449239,3449239,1,0,0.0538,NA
blk826,2,3456995,3456995,1,0,0.1136,NA
blk827,2,3473871,3473871,1,0,0.2453,NA
blk828,2,3506664,3506664,1,0,0.1621,NA
blk829,2,3535848,3535848,1,0,0.4163,NA
blk830,2,3538197,3538197,1,0,0.1907,NA
blk831,2,3547687,3547687,1,0,0.241,NA
blk832,2,3559877,3559877,1,0,0.1096,NA
blk833,2,3563722,3563722,1,0,0.1979,NA
blk834,2,3579590,3579590,1,0,0.4179,NA
blk835,2,3581226,3581226,1,0,0.4283,NA
blk836,2,3584442,3584442,1,0,0.271,NA
blk837,2,3589627,3589627,1,0,0.2446,NA
blk838,2,3596667,3596667,1,0,0.4637,NA
blk839,2,3601587,3601587,1,0,0.322,NA
blk840,2,3622101,3622101,1,0,0.4063,NA
blk841,2,3622906,3622906,1,0,0.4308,NA
blk842,2,3702756,3702756,1,0,0.0724,NA
blk843,2,3709353,3709353,1,0,0.386,NA
blk844,2,3716151,3716151,1,0,0.3901,NA
blk845,2,3718801,3718801,1,0,0.2823,NA
blk846,2,3719543,3719543,1,0,0.1318,NA
blk847,2,3732219,3732219,1,0,0.0766,NA
blk848,2,3735596,3735596,1,0,0.2113,NA
blk849,2,3746351,3746351,1,0,0.0705,NA
blk850,2,3749547,3749547,1,0,0.4797,NA
blk851,2,3755206,3755206,1,0,0.2566,NA
blk852,2,3766528,3766528,1,0,0.2728,NA
blk853,2,3768369,3768369,1,0,0.3602,NA
blk854,2,3772581,3772581,1,0,0.3776,NA
blk855,2,3783810,3783810,1,0,0.4322,NA
blk856,2,3784356,3784356,1,0,0.4463,NA
blk857,2,3787236,3787236,1,0,0.3619,NA
blk858,2,3789196,3789228,2,32,0.3279,NA
blk859,2,3806236,3806236,1,0,0.2493,NA
blk860,2,3815236,3815236,1,0,0.1815,NA
blk861,2,3820437,3820437,1,0,0.2347,NA
blk862,2,3856923,3856923,1,0,0.2354,NA
blk863,2,3857781,3857781,1,0,0.2683,NA
blk864,2,3864932,3864932,1,0,0.4611,NA
blk865,2,3870803,3870803,1,0,0.2569,NA
blk866,2,3875889,3875889,1,0,0.0515,NA
blk867,2,3882568,3882568,1,0,0.1443,NA
blk868,2,3906838,3906838,1,0,0.1455,NA
blk869,2,3917249,3917249,1,0,0.1723,NA
blk870,2,3935960,3935960,1,0,0.2001,NA
blk871,2,3953011,3953011,1,0,0.3171,NA
blk872,2,3962960,3962960,1,0,0.1278,NA
blk873,2,3967169,3967169,1,0,0.3079,NA
blk874,2,3968896,3968896,1,0,0.0984,NA
blk875,2,3975912,3975912,1,0,0.1402,NA
blk876,2,3977901,3977901,1,0,0.1581,NA
blk877,2,3979477,3979477,1,0,0.26,NA
blk878,2,3996299,3996299,1,0,0.3361,NA
blk879,2,4001835,4001835,1,0,0.4445,NA
blk880,2,4010480,4010480,1,0,0.3215,NA
blk881,2,4018868,4018868,1,0,0.4154,NA
blk882,2,4027050,4027050,1,0,0.376,NA
blk883,2,4044400,4044400,1,0,0.235,NA
blk884,2,4049235,4049235,1,0,0.1481,NA
blk885,2,4072737,4072737,1,0,0.1179,NA
blk886,2,4074308,4074308,1,0,0.0715,NA
blk887,2,4081080,4081080,1,0,0.0505,NA
blk888,2,4084289,4084289,1,0,0.1883,NA
blk889,2,4084721,4084721,1,0,0.2703,NA
blk890,2,4090413,4090413,1,0,0.1455,NA
blk891,2,4105762,4105762,1,0,0.4748,NA
blk892,2,4108102,4108102,1,0,0.2295,NA
blk893,2,4123697,4123697,1,0,0.0896,NA
blk894,2,4131038,4131038,1,0,0.226,NA
blk895,2,4132619,4132619,1,0,0.3647,NA
blk896,2,4136050,4136050,1,0,0.0944,NA
blk897,2,4159256,4159256,1,0,0.233,NA
blk898,2,4170403,4170403,1,0,0.4987,NA
blk899,2,4175664,4175664,1,0,0.2463,NA
blk900,2,4179885,4179885,1,0,0.0759,NA
blk901,2,4183462,4183462,1,0,0.4292,NA
blk902,2,4194638,4194638,1,0,0.1529,NA
blk903,2,4198005,4198005,1,0,0.0686,NA
blk904,2,4220443,4220443,1,0,0.1362,NA
blk905,2,4222878,4222878,1,0,0.3169,NA
blk906,2,4231697,4231697,1,0,0.0697,NA
blk907,2,4238999,4238999,1,0,0.062,NA
blk908,2,4246849,4246849,1,0,0.1795,NA
blk909,2,4253729,4253729,1,0,0.491,NA
blk910,2,4258931,4258931,1,0,0.2121,NA
blk911,2,4260067,4260067,1,0,0.3848,NA
blk912,2,4290899,4290899,1,0,0.1861,NA
blk913,2,4302971,4302971,1,0,0.4404,NA
blk914,2,4312083,4312083,1,0,0.4798,NA
blk915,2,4330680,4330680,1,0,0.4532,NA
blk916,2,4346727,4346727,1,0,0.1019,NA
blk917,2,4360213,4360213,1,0,0.0767,NA
blk918,2,4368593,4368593,1,0,0.4268,NA
blk919,2,4379649,4379649,1,0,0.0846,NA
blk920,2,4388859,4388859,1,0,0.1895,NA
blk921,2,4414657,4414657,1,0,0.2298,NA
blk922,2,4429364,4429364,1,0,0.2834,NA
blk923,2,4448124,4448124,1,0,0.4299,NA
blk924,2,4490163,4490163,1,0,0.14,NA
blk925,2,4492646,4492646,1,0,0.1407,NA
blk926,2,4508260,4508260,1,0,0.3462,NA
blk927,2,4516256,4516256,1,0,0.4799,NA
blk928,2,4517767,4517767,1,0,0.2782,NA
blk929,2,4524805,4524805,1,0,0.3935,NA
blk930,2,4525422,4525422,1,0,0.0535,NA
blk931,2,4530800,4530800,1,0,0.0908,NA
blk932,2,4531571,4531571,1,0,0.2755,NA
blk933,2,4534937,4534937,1,0,0.2429,NA
blk934,2,4546910,4546910,1,0,0.3945,NA
blk935,2,4574760,4574760,1,0,0.0828,NA
blk936,2,4583049,4583049,1,0,0.2937,NA
blk937,2,4596233,4596233,1,0,0.2765,NA
blk938,2,4599539,4599539,1,0,0.1865,NA
blk939,2,4611789,4611789,1,0,0.1707,NA
blk940,2,4626954,4626954,1,0,0.1634,NA
blk941,2,4633494,4633494,1,0,0.1396,NA
blk942,2,4634020,4634020,1,0,0.4622,NA
blk943,2,4634681,4634681,1,0,0.3534,NA
blk944,2,4647060,4647060,1,0,0.4563,NA
blk945,2,4649738,4649738,1,0,0.0734,NA
blk946,2,4658342,4658342,1,0,0.4054,NA
blk947,2,4672483,4672483,1,0,0.2433,NA
blk948,2,4676243,4676243,1,0,0.3593,NA
blk949,2,4680879,4680879,1,0,0.2438,NA
blk950,2,4690497,4690497,1,0,0.0526,NA
blk951,2,4691479,4691479,1,0,0.3652,NA
blk952,2,4707105,4707105,1,0,0.3653,NA
blk953,2,4708297,4708297,1,0,0.2148,NA
blk954,2,4712313,4712313,1,0,0.4364,NA
blk955,2,4724811,4724811,1,0,0.4882,NA
blk956,2,4736664,4736664,1,0,0.3721,NA
blk957,2,4749406,4749406,1,0,0.4374,NA
blk958,2,4792237,4792237,1,0,0.3013,NA
blk959,2,4793858,4793858,1,0,0.4386,NA
blk960,2,4797446,4797446,1,0,0.4764,NA
blk961,2,4812711,4812711,1,0,0.0551,NA
blk962,2,4830704,4830704,1,0,0.4871,NA
blk963,2,4831651,4831651,1,0,0.2337,NA
blk964,2,4832823,4832823,1,0,0.4392,NA
blk965,2,4841537,4841537,1,0,0.2321,NA
blk966,2,4843785,4843785,1,0,0.3667,NA
blk967,2,4861141,4861141,1,0,0.494,NA
blk968,2,4861745,4861745,1,0,0.4715,NA
blk969,2,4867342,4867342,1,0,0.2987,NA
blk970,2,4867731,4867731,1,0,0.2692,NA
blk971,2,4875539,4875539,1,0,0.0675,NA
blk972,2,4892556,4892556,1,0,0.0549,NA
blk973,2,4898512,4898512,1,0,0.0939,NA
blk974,2,4900470,4900470,1,0,0.4008,NA
blk975,2,4916744,4916744,1,0,0.2646,NA
blk976,2,4921718,4921718,1,0,0.2858,NA
blk977,2,4923344,4923344,1,0,0.4581,NA
blk978,2,4925363,4925363,1,0,0.1047,NA
blk979,2,4940893,4940893,1,0,0.2594,NA
blk980,2,4948660,4948660,1,0,0.2654,NA
blk981,2,4978281,4978281,1,0,0.432,NA
blk982,2,4987326,4987326,1,0,0.2557,NA
blk983,2,4988968,4988968,1,0,0.1004,NA
blk984,2,4993219,4993219,1,0,0.2486,NA
blk985,3,1025,1025,1,0,0.1752,NA
blk986,3,7506,7506,1,0,0.0506,NA
blk987,3,9221,9221,1,0,0.0812,NA
blk988,3,11495,11495,1,0,0.0883,NA
blk989,3,20150,20150,1,0,0.2965,NA
blk990,3,28492,28492,1,0,0.2585,NA
blk991,3,39907,39907,1,0,0.3191,NA
blk992,3,44722,44722,1,0,0.3618,NA
blk993,3,47771,47771,1,0,0.4295,NA
blk994,3,53383,53383,1,0,0.2214,NA
blk995,3,84555,84555,1,0,0.0708,NA
blk996,3,117895,117968,2,73,0.4822,NA
blk997,3,118475,118475,1,0,0.0634,NA
blk998,3,119692,119692,1,0,0.1143,NA
blk999,3,146264,146264,1,0,0.4902,NA
blk1000,3,159685,159685,1,0,0.4161,NA
blk1001,3,160776,160776,1,0,0.4025,NA
blk1002,3,162582,162582,1,0,0.082,NA
blk1003,3,168665,168665,1,0,0.3197,NA
blk1004,3,178839,178839,1,0,0.2477,NA
blk1005,3,204442,204442,1,0,0.1135,NA
blk1006,3,224164,224164,1,0,0.2962,NA
blk1007,3,227146,227146,1,0,0.2274,NA
blk1008,3,229541,229541,1,0,0.4893,NA
blk1009,3,235504,235504,1,0,0.3412,NA
blk1010,3,236816,236816,1,0,0.1676,NA
blk1011,3,252894,252894,1,0,0.4577,NA
blk1012,3,268977,268977,1,0,0.3648,NA
blk1013,3,281700,281700,1,0,0.203,NA
blk1014,3,285117,285117,1,0,0.3385,NA
blk1015,3,286281,286281,1,0,0.2667,NA
blk1016,3,296708,296708,1,0,0.3312,NA
blk1017,3,300159,300159,1,0,0.3218,NA
blk1018,3,333859,333859,1,0,0.1008,NA
blk1019,3,334747,334747,1,0,0.3898,NA
blk1020,3,374006,374006,1,0,0.316,NA
blk1021,3,379424,379424,1,0,0.1435,NA
blk1022,3,386256,386256,1,0,0.2023,NA
blk1023,3,390521,390521,1,0,0.4635,NA
blk1024,3,396556,396556,1,0,0.342,NA
blk1025,3,415502,415502,1,0,0.3979,NA
blk1026,3,417380,417380,1,0,0.0683,NA
blk1027,3,420413,420413,1,0,0.2501,NA
blk1028,3,426276,426276,1,0,0.0631,NA
blk1029,3,429688,429688,1,0,0.144,NA
blk1030,3,432148,432148,1,0,0.3475,NA
blk1031,3,439475,439475,1,0,0.3408,NA
blk1032,3,457127,457127,1,0,0.4717,NA
blk1033,3,460768,460768,1,0,0.1236,NA
blk1034,3,466635,466635,1,0,0.0868,NA
blk1035,3,482164,482164,1,0,0.4707,NA
blk1036,3,487948,487948,1,0,0.2236,NA
blk1037,3,490081,490081,1,0,0.4558,NA
blk1038,3,495111,495111,1,0,0.3798,NA
blk1039,3,501985,501985,1,0,0.4912,NA
blk1040,3,507002,507002,1,0,0.1646,NA
blk1041,3,542827,542827,1,0,0.3329,NA
blk1042,3,554682,554682,1,0,0.0802,NA
blk1043,3,563120,563120,1,0,0.1589,NA
blk1044,3,580096,580096,1,0,0.3477,NA
blk1045,3,586471,586471,1,0,0.4591,NA
blk1046,3,590765,590765,1,0,0.2621,NA
blk1047,3,616798,616798,1,0,0.15310000000000001,NA
blk1048,3,636267,636267,1,0,0.2512,NA
blk1049,3,645943,645943,1,0,0.2934,NA
blk1050,3,654127,654127,1,0,0.2772,NA
blk1051,3,655615,655615,1,0,0.2761,NA
blk1052,3,665510,665510,1,0,0.1434,NA
blk1053,3,705537,705537,1,0,0.4944,NA
blk1054,3,707518,707518,1,0,0.4458,NA
blk1055,3,717024,717024,1,0,0.2801,NA
blk1056,3,723687,723687,1,0,0.0775,NA
blk1057,3,725873,725873,1,0,0.1999,NA
blk1058,3,729985,729985,1,0,0.3736,NA
blk1059,3,731522,731522,1,0,0.2063,NA
blk1060,3,752976,752976,1,0,0.0838,NA
blk1061,3,759021,759021,1,0,0.274,NA
blk1062,3,766529,766529,1,0,0.2996,NA
blk1063,3,781112,781112,1,0,0.1244,NA
blk1064,3,785976,785976,1,0,0.3997,NA
blk1065,3,787717,787717,1,0,0.102,NA
blk1066,3,823618,823618,1,0,0.1585,NA
blk1067,3,843233,843233,1,0,0.311,NA
blk1068,3,846629,846629,1,0,0.068,NA
blk1069,3,857819,857819,1,0,0.0766,NA
blk1070,3,868211,868211,1,0,0.2428,NA
blk1071,3,870198,870260,2,62,0.1385,NA
blk1072,3,872685,872685,1,0,0.1034,NA
blk1073,3,881823,881823,1,0,0.4042,NA
blk1074,3,883052,883052,1,0,0.166,NA
blk1075,3,888818,888818,1,0,0.4913,NA
blk1076,3,905175,905175,1,0,0.3854,NA
blk1077,3,912089,912089,1,0,0.1084,NA
blk1078,3,952703,952703,1,0,0.1171,NA
blk1079,3,966133,966133,1,0,0.2845,NA
blk1080,3,979447,979447,1,0,0.3225,NA
blk1081,3,981893,981893,1,0,0.1923,NA
blk1082,3,999630,999630,1,0,0.4852,NA
blk1083,3,1010824,1010824,1,0,0.0662,NA
blk1084,3,1033392,1033392,1,0,0.1269,NA
blk1085,3,1062984,1062984,1,0,0.429,NA
blk1086,3,1070268,1070268,1,0,0.0574,NA
blk1087,3,1074256,1074256,1,0,0.1676,NA
blk1088,3,1094745,1094745,1,0,0.1248,NA
blk1089,3,1095452,1095452,1,0,0.4594,NA
blk1090,3,1125204,1125204,1,0,0.2507,NA
blk1091,3,1150791,1150791,1,0,0.3682,NA
blk1092,3,1151725,1151725,1,0,0.2973,NA
blk1093,3,1152004,1152004,1,0,0.0645,NA
blk1094,3,1153588,1153588,1,0,0.4013,NA
blk1095,3,1189315,1189315,1,0,0.4942,NA
blk1096,3,1218784,1218784,1,0,0.1498,NA
blk1097,3,1222447,1222447,1,0,0.1862,NA
blk1098,3,1224886,1224886,1,0,0.1637,NA
blk1099,3,1229559,1229559,1,0,0.3251,NA
blk1100,3,1249484,1249484,1,0,0.2917,NA
blk1101,3,1252473,1252473,1,0,0.1359,NA
blk1102,3,1254756,1254756,1,0,0.2802,NA
blk1103,3,1260474,1260474,1,0,0.4217,NA
blk1104,3,1264433,1264433,1,0,0.1713,NA
blk1105,3,1265137,1265137,1,0,0.4878,NA
blk1106,3,1266451,1266451,1,0,0.2962,NA
blk1107,3,1272664,1272664,1,0,0.3856,NA
blk1108,3,1292051,1292051,1,0,0.164,NA
blk1109,3,1317393,1317393,1,0,0.2689,NA
blk1110,3,1321420,1321420,1,0,0.3135,NA
blk1111,3,1331967,1331967,1,0,0.0809,NA
blk1112,3,1352578,1352578,1,0,0.2179,NA
blk1113,3,1366183,1366183,1,0,0.3331,NA
blk1114,3,1377945,1377945,1,0,0.337,NA
blk1115,3,1383673,1383673,1,0,0.1356,NA
blk1116,3,1388524,1388524,1,0,0.3369,NA
blk1117,3,1419445,1419445,1,0,0.4875,NA
blk1118,3,1420258,1420258,1,0,0.1003,NA
blk1119,3,1428507,1428507,1,0,0.068,NA
blk1120,3,1446817,1446817,1,0,0.4566,NA
blk1121,3,1450216,1450216,1,0,0.4896,NA
blk1122,3,1459766,1459766,1,0,0.4658,NA
blk1123,3,1463097,1463097,1,0,0.2895,NA
blk1124,3,1484822,1484822,1,0,0.1159,NA
blk1125,3,1493931,1493931,1,0,0.4146,NA
blk1126,3,1495740,1495740,1,0,0.3677,NA
blk1127,3,1501545,1501545,1,0,0.085,NA
blk1128,3,1525550,1525550,1,0,0.4956,NA
blk1129,3,1528270,1528270,1,0,0.0808,NA
blk1130,3,1567738,1567738,1,0,0.2486,NA
blk1131,3,1582505,1582505,1,0,0.3086,NA
blk1132,3,1601059,1601059,1,0,0.322,NA
blk1133,3,1610514,1610514,1,0,0.173,NA
blk1134,3,1619283,1619283,1,0,0.1918,NA
blk1135,3,1628761,1628761,1,0,0.1117,NA
blk1136,3,1634997,1634997,1,0,0.1185,NA
blk1137,3,1651357,1651357,1,0,0.2626,NA
blk1138,3,1654693,1654693,1,0,0.3965,NA
blk1139,3,1673688,1673688,1,0,0.3835,NA
blk1140,3,1677331,1677331,1,0,0.3968,NA
blk1141,3,1687815,1687815,1,0,0.1852,NA
blk1142,3,1693468,1693468,1,0,0.3138,NA
blk1143,3,1696601,1696601,1,0,0.1579,NA
blk1144,3,1700923,1700923,1,0,0.1862,NA
blk1145,3,1702968,1702968,1,0,0.2314,NA
blk1146,3,1724365,1724365,1,0,0.0983,NA
blk1147,3,1738025,1738025,1,0,0.2708,NA
blk1148,3,1743489,1743489,1,0,0.2988,NA
blk1149,3,1747290,1747290,1,0,0.4674,NA
blk1150,3,1766268,1766268,1,0,0.2512,NA
blk1151,3,1780212,1780212,1,0,0.1945,NA
blk1152,3,1781789,1781789,1,0,0.2136,NA
blk1153,3,1782174,1782174,1,0,0.2898,NA
blk1154,3,1806555,1806555,1,0,0.1809,NA
blk1155,3,1812639,1812639,1,0,0.359,NA
blk1156,3,1814993,1814993,1,0,0.1414,NA
blk1157,3,1817629,1817629,1,0,0.1733,NA
blk1158,3,1818254,1818254,1,0,0.332,NA
blk1159,3,1826452,1826452,1,0,0.4915,NA
blk1160,3,1827574,1827574,1,0,0.3714,NA
blk1161,3,1860722,1860722,1,0,0.3864,NA
blk1162,3,1870089,1870089,1,0,0.4622,NA
blk1163,3,1872673,1872673,1,0,0.4439,NA
blk1164,3,1880512,1880512,1,0,0.4575,NA
blk1165,3,1890840,1890840,1,0,0.1577,NA
blk1166,3,1899603,1899603,1,0,0.2309,NA
blk1167,3,1933335,1933335,1,0,0.1649,NA
blk1168,3,1951319,1951319,1,0,0.4197,NA
blk1169,3,1954187,1954187,1,0,0.1533,NA
blk1170,3,1977900,1977900,1,0,0.1559,NA
blk1171,3,2014419,2014419,1,0,0.4912,NA
blk1172,3,2022603,2022603,1,0,0.3216,NA
blk1173,3,2070771,2070771,1,0,0.4985,NA
blk1174,3,2079840,2079840,1,0,0.4063,NA
blk1175,3,2101236,2101236,1,0,0.1334,NA
blk1176,3,2110441,2110441,1,0,0.4366,NA
blk1177,3,2136026,2136026,1,0,0.1144,NA
blk1178,3,2140938,2140938,1,0,0.3919,NA
blk1179,3,2160503,2160503,1,0,0.1334,NA
blk1180,3,2186900,2186900,1,0,0.4424,NA
blk1181,3,2198711,2198711,1,0,0.2091,NA
blk1182,3,2205506,2205506,1,0,0.3231,NA
blk1183,3,2213783,2213783,1,0,0.0543,NA
blk1184,3,2215375,2215375,1,0,0.436,NA
blk1185,3,2215598,2215598,1,0,0.3253,NA
blk1186,3,2236533,2236533,1,0,0.3173,NA
blk1187,3,2257705,2257705,1,0,0.2569,NA
blk1188,3,2258285,2258285,1,0,0.2378,NA
blk1189,3,2264617,2264617,1,0,0.3269,NA
blk1190,3,2283331,2283331,1,0,0.3742,NA
blk1191,3,2289243,2289243,1,0,0.1893,NA
blk1192,3,2298680,2298680,1,0,0.1096,NA
blk1193,3,2304046,2304046,1,0,0.3901,NA
blk1194,3,2305846,2305846,1,0,0.1358,NA
blk1195,3,2309036,2309036,1,0,0.3429,NA
blk1196,3,2309397,2309397,1,0,0.1282,NA
blk1197,3,2324445,2324445,1,0,0.4764,NA
blk1198,3,2334048,2334048,1,0,0.0839,NA
blk1199,3,2357735,2357735,1,0,0.4782,NA
blk1200,3,2358249,2358249,1,0,0.4033,NA
blk1201,3,2362234,2362234,1,0,0.1307,NA
blk1202,3,2372223,2372223,1,0,0.2901,NA
blk1203,3,2391443,2391443,1,0,0.4261,NA
blk1204,3,2398378,2398378,1,0,0.4335,NA
blk1205,3,2404458,2404458,1,0,0.3958,NA
blk1206,3,2406426,2406426,1,0,0.4355,NA
blk1207,3,2411533,2411533,1,0,0.381,NA
blk1208,3,2414221,2414221,1,0,0.3502,NA
blk1209,3,2422083,2422083,1,0,0.0937,NA
blk1210,3,2424447,2424447,1,0,0.3186,NA
blk1211,3,2432251,2432251,1,0,0.1628,NA
blk1212,3,2433745,2433745,1,0,0.4083,NA
blk1213,3,2448506,2448506,1,0,0.0533,NA
blk1214,3,2470721,2470721,1,0,0.1427,NA
blk1215,3,2493731,2493731,1,0,0.3015,NA
blk1216,3,2502290,2502290,1,0,0.1521,NA
blk1217,3,2507291,2507291,1,0,0.1687,NA
blk1218,3,2517657,2517657,1,0,0.1506,NA
blk1219,3,2518720,2518720,1,0,0.321,NA
blk1220,3,2544185,2544185,1,0,0.0841,NA
blk1221,3,2546776,2546776,1,0,0.2866,NA
blk1222,3,2548009,2548009,1,0,0.4831,NA
blk1223,3,2553169,2553169,1,0,0.2453,NA
blk1224,3,2572477,2572477,1,0,0.421,NA
blk1225,3,2574529,2574529,1,0,0.2106,NA
blk1226,3,2580048,2580048,1,0,0.2534,NA
blk1227,3,2592105,2592105,1,0,0.1808,NA
blk1228,3,2595437,2595437,1,0,0.1185,NA
blk1229,3,2602848,2602848,1,0,0.1264,NA
blk1230,3,2614586,2614586,1,0,0.2204,NA
blk1231,3,2632230,2632230,1,0,0.428,NA
blk1232,3,2636032,2636032,1,0,0.2604,NA
blk1233,3,2649822,2649822,1,0,0.3443,NA
blk1234,3,2662176,2662176,1,0,0.3171,NA
blk1235,3,2663168,2663168,1,0,0.137,NA
blk1236,3,2697589,2697589,1,0,0.1894,NA
blk1237,3,2705366,2705366,1,0,0.4321,NA
blk1238,3,2709359,2709359,1,0,0.0909,NA
blk1239,3,2720405,2720405,1,0,0.307,NA
blk1240,3,2736178,2736178,1,0,0.0581,NA
blk1241,3,2748263,2748263,1,0,0.3556,NA
blk1242,3,2770069,2770069,1,0,0.3049,NA
blk1243,3,2777426,2777426,1,0,0.0501,NA
blk1244,3,2782135,2782135,1,0,0.3035,NA
blk1245,3,2787999,2787999,1,0,0.1539,NA
blk1246,3,2788474,2788474,1,0,0.3469,NA
blk1247,3,2791383,2791383,1,0,0.1438,NA
blk1248,3,2799641,2799641,1,0,0.1032,NA
blk1249,3,2801580,2801580,1,0,0.1148,NA
blk1250,3,2812126,2812126,1,0,0.2589,NA
blk1251,3,2832892,2832892,1,0,0.3383,NA
blk1252,3,2833927,2833927,1,0,0.3278,NA
blk1253,3,2862841,2862841,1,0,0.4246,NA
blk1254,3,2866889,2866889,1,0,0.1306,NA
blk1255,3,2879330,2879330,1,0,0.4247,NA
blk1256,3,2881894,2881894,1,0,0.3884,NA
blk1257,3,2906609,2906609,1,0,0.2279,NA
blk1258,3,2907395,2907395,1,0,0.2964,NA
blk1259,3,2907705,2907705,1,0,0.3462,NA
blk1260,3,2909163,2909163,1,0,0.203,NA
blk1261,3,2917660,2917740,2,80,0.4875,NA
blk1262,3,2948088,2948088,1,0,0.3307,NA
blk1263,3,2951671,2951671,1,0,0.4652,NA
blk1264,3,2967811,2967811,1,0,0.2024,NA
blk1265,3,2977783,2977783,1,0,0.2542,NA
blk1266,3,2982787,2982787,1,0,0.4805,NA
blk1267,3,3001756,3001756,1,0,0.0609,NA
blk1268,3,3003376,3003376,1,0,0.1498,NA
blk1269,3,3010389,3010389,1,0,0.4424,NA
blk1270,3,3018574,3018574,1,0,0.2775,NA
blk1271,3,3025137,3025137,1,0,0.2213,NA
blk1272,3,3036695,3036695,1,0,0.1279,NA
blk1273,3,3073185,3073185,1,0,0.267,NA
blk1274,3,3075673,3075673,1,0,0.403,NA
blk1275,3,3082992,3082992,1,0,0.1048,NA
blk1276,3,3090297,3090297,1,0,0.2484,NA
blk1277,3,3090563,3090563,1,0,0.3909,NA
blk1278,3,3095832,3095832,1,0,0.422,NA
blk1279,3,3122204,3122204,1,0,0.4058,NA
blk1280,3,3129248,3129248,1,0,0.3898,NA
blk1281,3,3146450,3146450,1,0,0.2197,NA
blk1282,3,3152287,3152287,1,0,0.2563,NA
blk1283,3,3169745,3169745,1,0,0.3195,NA
blk1284,3,3203988,3203988,1,0,0.4766,NA
blk1285,3,3208275,3208275,1,0,0.229,NA
blk1286,3,3225299,3225299,1,0,0.0559,NA
blk1287,3,3238151,3238151,1,0,0.3266,NA
blk1288,3,3253853,3253853,1,0,0.489,NA
blk1289,3,3273522,3273522,1,0,0.2056,NA
blk1290,3,3274867,3274867,1,0,0.1291,NA
blk1291,3,3302796,3302796,1,0,0.1218,NA
blk1292,3,3324962,3324962,1,0,0.094,NA
blk1293,3,3327386,3327386,1,0,0.4092,NA
blk1294,3,3347140,3347140,1,0,0.0844,NA
blk1295,3,3362019,3362019,1,0,0.2762,NA
blk1296,3,3363747,3363747,1,0,0.0996,NA
blk1297,3,3365431,3365431,1,0,0.4717,NA
blk1298,3,3404559,3404559,1,0,0.4887,NA
blk1299,3,3405041,3405041,1,0,0.1857,NA
blk1300,3,3411253,3411253,1,0,0.1234,NA
blk1301,3,3417629,3417629,1,0,0.4484,NA
blk1302,3,3418963,3418963,1,0,0.0538,NA
blk1303,3,3427365,3427365,1,0,0.0714,NA
blk1304,3,3436343,3436343,1,0,0.3018,NA
blk1305,3,3447003,3447003,1,0,0.4487,NA
blk1306,3,3447991,3447991,1,0,0.3826,NA
blk1307,3,3464794,3464794,1,0,0.1539,NA
blk1308,3,3476480,3476480,1,0,0.3291,NA
blk1309,3,3495781,3495781,1,0,0.1288,NA
blk1310,3,3502759,3502759,1,0,0.4004,NA
blk1311,3,3522096,3522096,1,0,0.1547,NA
blk1312,3,3524117,3524117,1,0,0.41,NA
blk1313,3,3526113,3526113,1,0,0.1579,NA
blk1314,3,3552344,3552344,1,0,0.2469,NA
blk1315,3,3588035,3588035,1,0,0.0602,NA
blk1316,3,3589036,3589036,1,0,0.2963,NA
blk1317,3,3594800,3594800,1,0,0.3179,NA
blk1318,3,3609544,3609544,1,0,0.3594,NA
blk1319,3,3618096,3618096,1,0,0.0929,NA
blk1320,3,3623869,3623869,1,0,0.2295,NA
blk1321,3,3624720,3624720,1,0,0.4214,NA
blk1322,3,3633991,3633991,1,0,0.3055,NA
blk1323,3,3663753,3663753,1,0,0.222,NA
blk1324,3,3666581,3666581,1,0,0.1782,NA
blk1325,3,3670363,3670363,1,0,0.3854,NA
blk1326,3,3675865,3675865,1,0,0.3326,NA
blk1327,3,3689867,3689867,1,0,0.2396,NA
blk1328,3,3702100,3702100,1,0,0.122,NA
blk1329,3,3706707,3706707,1,0,0.2984,NA
blk1330,3,3707708,3707790,2,82,0.3923,NA
blk1331,3,3709049,3709049,1,0,0.443,NA
blk1332,3,3714346,3714367,2,21,0.1892,NA
blk1333,3,3732488,3732488,1,0,0.2275,NA
blk1334,3,3739321,3739321,1,0,0.1603,NA
blk1335,3,3740992,3740992,1,0,0.1699,NA
blk1336,3,3741503,3741503,1,0,0.453,NA
blk1337,3,3750710,3750710,1,0,0.0663,NA
blk1338,3,3756807,3756807,1,0,0.3823,NA
blk1339,3,3764487,3764487,1,0,0.4477,NA
blk1340,3,3765755,3765755,1,0,0.3261,NA
blk1341,3,3776489,3776489,1,0,0.3783,NA
blk1342,3,3777076,3777076,1,0,0.3124,NA
blk1343,3,3777482,3777482,1,0,0.1307,NA
blk1344,3,3783939,3783939,1,0,0.394,NA
blk1345,3,3788574,3788574,1,0,0.0883,NA
blk1346,3,3794989,3794989,1,0,0.3101,NA
blk1347,3,3796581,3796581,1,0,0.3072,NA
blk1348,3,3807038,3807038,1,0,0.1608,NA
blk1349,3,3809280,3809280,1,0,0.142,NA
blk1350,3,3812759,3812759,1,0,0.3681,NA
blk1351,3,3816926,3816926,1,0,0.3449,NA
blk1352,3,3819244,3819244,1,0,0.1578,NA
blk1353,3,3830815,3830815,1,0,0.1273,NA
blk1354,3,3831946,3831946,1,0,0.3741,NA
blk1355,3,3832876,3832876,1,0,0.2953,NA
blk1356,3,3846216,3846216,1,0,0.2966,NA
blk1357,3,3851083,3851083,1,0,0.4966,NA
blk1358,3,3852127,3852127,1,0,0.3705,NA
blk1359,3,3867173,3867173,1,0,0.3048,NA
blk1360,3,3869725,3869725,1,0,0.4612,NA
blk1361,3,3872959,3872959,1,0,0.0922,NA
blk1362,3,3906327,3906327,1,0,0.407,NA
blk1363,3,3926068,3926068,1,0,0.4342,NA
blk1364,3,3941738,3941738,1,0,0.1408,NA
blk1365,3,3947640,3947640,1,0,0.2452,NA
blk1366,3,3959519,3959519,1,0,0.4186,NA
blk1367,3,3962854,3962854,1,0,0.4585,NA
blk1368,3,3971111,3971111,1,0,0.3563,NA
blk1369,3,3979314,3979314,1,0,0.3886,NA
blk1370,3,3983294,3983294,1,0,0.3085,NA
blk1371,3,4003858,4003900,2,42,0.2867,NA
blk1372,3,4012683,4012683,1,0,0.1175,NA
blk1373,3,4022963,4022963,1,0,0.4305,NA
blk1374,3,4037842,4037842,1,0,0.317,NA
blk1375,3,4039144,4039144,1,0,0.2876,NA
blk1376,3,4039914,4039914,1,0,0.3644,NA
blk1377,3,4058027,4058027,1,0,0.2989,NA
blk1378,3,4058529,4058529,1,0,0.0671,NA
blk1379,3,4068138,4068138,1,0,0.231,NA
blk1380,3,4070297,4070297,1,0,0.3356,NA
blk1381,3,4074054,4074054,1,0,0.2455,NA
blk1382,3,4079254,4079254,1,0,0.1703,NA
blk1383,3,4089212,4089212,1,0,0.1484,NA
blk1384,3,4090600,4090600,1,0,0.0847,NA
blk1385,3,4108881,4108881,1,0,0.0626,NA
blk1386,3,4122180,4122180,1,0,0.231,NA
blk1387,3,4122859,4122859,1,0,0.2724,NA
blk1388,3,4160307,4160307,1,0,0.2235,NA
blk1389,3,4163414,4163414,1,0,0.2489,NA
blk1390,3,4165799,4165799,1,0,0.3811,NA
blk1391,3,4167858,4167858,1,0,0.3384,NA
blk1392,3,4172118,4172118,1,0,0.0956,NA
blk1393,3,4208770,4208770,1,0,0.2385,NA
blk1394,3,4213757,4213757,1,0,0.4285,NA
blk1395,3,4218930,4218930,1,0,0.2414,NA
blk1396,3,4240303,4240356,2,53,0.3532,NA
blk1397,3,4246950,4246950,1,0,0.3135,NA
blk1398,3,4254782,4254782,1,0,0.4115,NA
blk1399,3,4256373,4256373,1,0,0.4542,NA
blk1400,3,4280509,4280509,1,0,0.4777,NA
blk1401,3,4289420,4289420,1,0,0.2049,NA
blk1402,3,4321085,4321085,1,0,0.351,NA
blk1403,3,4324470,4324470,1,0,0.2759,NA
blk1404,3,4326458,4326458,1,0,0.3595,NA
blk1405,3,4337076,4337076,1,0,0.2849,NA
blk1406,3,4340201,4340201,1,0,0.136,NA
blk1407,3,4359483,4359483,1,0,0.1443,NA
blk1408,3,4371014,4371014,1,0,0.4717,NA
blk1409,3,4388302,4388302,1,0,0.1084,NA
blk1410,3,4401774,4401774,1,0,0.1642,NA
blk1411,3,4411972,4411972,1,0,0.4453,NA
blk1412,3,4419319,4419319,1,0,0.0579,NA
blk1413,3,4425802,4425909,2,107,0.15,NA
blk1414,3,4428674,4428674,1,0,0.4228,NA
blk1415,3,4435209,4435209,1,0,0.3172,NA
blk1416,3,4438486,4438486,1,0,0.0855,NA
blk1417,3,4448958,4448958,1,0,0.1046,NA
blk1418,3,4457067,4457067,1,0,0.2819,NA
blk1419,3,4460339,4460339,1,0,0.35,NA
blk1420,3,4467549,4467549,1,0,0.3451,NA
blk1421,3,4467686,4467686,1,0,0.439,NA
blk1422,3,4472868,4472868,1,0,0.1744,NA
blk1423,3,4475855,4475855,1,0,0.2666,NA
blk1424,3,4478579,4478579,1,0,0.3837,NA
blk1425,3,4488123,4488123,1,0,0.3409,NA
blk1426,3,4488327,4488327,1,0,0.0629,NA
blk1427,3,4492783,4492783,1,0,0.3845,NA
blk1428,3,4523256,4523256,1,0,0.1083,NA
blk1429,3,4543319,4543319,1,0,0.1831,NA
blk1430,3,4543752,4543752,1,0,0.1487,NA
blk1431,3,4558465,4558465,1,0,0.4433,NA
blk1432,3,4563475,4563475,1,0,0.3176,NA
blk1433,3,4579427,4579427,1,0,0.1281,NA
blk1434,3,4593384,4593384,1,0,0.0567,NA
blk1435,3,4598490,4598490,1,0,0.3357,NA
blk1436,3,4624189,4624189,1,0,0.4381,NA
blk1437,3,4632503,4632503,1,0,0.0719,NA
blk1438,3,4645959,4645959,1,0,0.166,NA
blk1439,3,4651200,4651200,1,0,0.2207,NA
blk1440,3,4654983,4654983,1,0,0.1041,NA
blk1441,3,4666952,4666952,1,0,0.373,NA
blk1442,3,4671237,4671237,1,0,0.3798,NA
blk1443,3,4692678,4692678,1,0,0.1251,NA
blk1444,3,4698700,4698700,1,0,0.374,NA
blk1445,3,4706189,4706189,1,0,0.255,NA
blk1446,3,4707255,4707255,1,0,0.3748,NA
blk1447,3,4711520,4711520,1,0,0.1922,NA
blk1448,3,4718075,4718075,1,0,0.3645,NA
blk1449,3,4725617,4725617,1,0,0.1053,NA
blk1450,3,4733817,4733817,1,0,0.1806,NA
blk1451,3,4738503,4738503,1,0,0.1454,NA
blk1452,3,4739699,4739699,1,0,0.3593,NA
blk1453,3,4742704,4742704,1,0,0.1106,NA
blk1454,3,4745395,4745395,1,0,0.3676,NA
blk1455,3,4749742,4749742,1,0,0.3647,NA
blk1456,3,4764599,4764599,1,0,0.206,NA
blk1457,3,4774955,4774955,1,0,0.1606,NA
blk1458,3,4784295,4784295,1,0,0.29,NA
blk1459,3,4797669,4797669,1,0,0.4741,NA
blk1460,3,4811907,4811907,1,0,0.1577,NA
blk1461,3,4817464,4817464,1,0,0.2966,NA
blk1462,3,4819774,4819774,1,0,0.054,NA
blk1463,3,4838707,4838707,1,0,0.063,NA
blk1464,3,4853098,4853098,1,0,0.4032,NA
blk1465,3,4859416,4859416,1,0,0.2624,NA
blk1466,3,4873622,4873622,1,0,0.1774,NA
blk1467,3,4889982,4889982,1,0,0.3722,NA
blk1468,3,4902113,4902113,1,0,0.2262,NA
blk1469,3,4905131,4905131,1,0,0.4645,NA
blk1470,3,4920172,4920172,1,0,0.1582,NA
blk1471,3,4923816,4923816,1,0,0.1063,NA
blk1472,3,4936155,4936155,1,0,0.3672,NA
blk1473,3,4948633,4948633,1,0,0.2924,NA
blk1474,3,4978685,4978685,1,0,0.1541,NA
blk1475,3,4986631,4986631,1,0,0.3989,NA
blk1476,3,4999191,4999191,1,0,0.4146,NA
blk1477,4,38449,38449,1,0,0.4544,NA
blk1478,4,39903,39903,1,0,0.426,NA
blk1479,4,42723,42723,1,0,0.2369,NA
blk1480,4,49027,49027,1,0,0.3291,NA
blk1481,4,53634,53634,1,0,0.2498,NA
blk1482,4,54526,54526,1,0,0.3308,NA
blk1483,4,67400,67400,1,0,0.0881,NA
blk1484,4,83315,83315,1,0,0.2064,NA
blk1485,4,87310,87310,1,0,0.1841,NA
blk1486,4,90783,90783,1,0,0.309,NA
blk1487,4,97603,97603,1,0,0.4091,NA
blk1488,4,100898,100898,1,0,0.1025,NA
blk1489,4,101685,101685,1,0,0.1423,NA
blk1490,4,105558,105558,1,0,0.1232,NA
blk1491,4,119155,119155,1,0,0.2261,NA
blk1492,4,125021,125021,1,0,0.375,NA
blk1493,4,128294,128294,1,0,0.3678,NA
blk1494,4,133032,133032,1,0,0.4267,NA
blk1495,4,138600,138600,1,0,0.3227,NA
blk1496,4,141526,141526,1,0,0.3525,NA
blk1497,4,193581,193581,1,0,0.3654,NA
blk1498,4,195251,195251,1,0,0.2211,NA
blk1499,4,213114,213114,1,0,0.1103,NA
blk1500,4,213904,213904,1,0,0.284,NA
blk1501,4,226417,226417,1,0,0.4617,NA
blk1502,4,235185,235185,1,0,0.3127,NA
blk1503,4,237540,237540,1,0,0.1018,NA
blk1504,4,239785,239785,1,0,0.1214,NA
blk1505,4,247443,247443,1,0,0.3506,NA
blk1506,4,248893,248893,1,0,0.3025,NA
blk1507,4,249534,249534,1,0,0.4394,NA
blk1508,4,270892,270892,1,0,0.0791,NA
blk1509,4,287548,287563,2,15,0.4268,NA
blk1510,4,321857,321857,1,0,0.366,NA
blk1511,4,323226,323226,1,0,0.3745,NA
blk1512,4,329437,329437,1,0,0.2882,NA
blk1513,4,333827,333827,1,0,0.4387,NA
blk1514,4,352061,352061,1,0,0.4885,NA
blk1515,4,352749,352749,1,0,0.0771,NA
blk1516,4,355744,355744,1,0,0.4652,NA
blk1517,4,372666,372666,1,0,0.0748,NA
blk1518,4,381057,381057,1,0,0.0812,NA
blk1519,4,389000,389000,1,0,0.1058,NA
blk1520,4,391464,391464,1,0,0.3696,NA
blk1521,4,398412,398412,1,0,0.1755,NA
blk1522,4,403809,403809,1,0,0.0726,NA
blk1523,4,419910,419910,1,0,0.1462,NA
blk1524,4,420827,420827,1,0,0.2964,NA
blk1525,4,422066,422066,1,0,0.1937,NA
blk1526,4,423436,423436,1,0,0.2596,NA
blk1527,4,429772,429772,1,0,0.0647,NA
blk1528,4,457367,457367,1,0,0.2738,NA
blk1529,4,458947,458947,1,0,0.4116,NA
blk1530,4,499863,499863,1,0,0.4084,NA
blk1531,4,502352,502352,1,0,0.2918,NA
blk1532,4,507256,507256,1,0,0.2647,NA
blk1533,4,511044,511044,1,0,0.3014,NA
blk1534,4,515871,515871,1,0,0.0659,NA
blk1535,4,529175,529175,1,0,0.1994,NA
blk1536,4,532558,532558,1,0,0.1006,NA
blk1537,4,536859,536859,1,0,0.4253,NA
blk1538,4,544434,544434,1,0,0.3949,NA
blk1539,4,560400,560400,1,0,0.3967,NA
blk1540,4,570195,570195,1,0,0.3073,NA
blk1541,4,582241,582241,1,0,0.3389,NA
blk1542,4,599171,599171,1,0,0.2264,NA
blk1543,4,604989,604989,1,0,0.259,NA
blk1544,4,613214,613214,1,0,0.1032,NA
blk1545,4,613686,613686,1,0,0.2026,NA
blk1546,4,625697,625697,1,0,0.4132,NA
blk1547,4,627562,627562,1,0,0.1347,NA
blk1548,4,629616,629616,1,0,0.2202,NA
blk1549,4,643827,643827,1,0,0.448,NA
blk1550,4,647265,647265,1,0,0.3559,NA
blk1551,4,656228,656228,1,0,0.1804,NA
blk1552,4,656956,656956,1,0,0.0798,NA
blk1553,4,667479,667479,1,0,0.412,NA
blk1554,4,672722,672722,1,0,0.4298,NA
blk1555,4,678692,678692,1,0,0.3931,NA
blk1556,4,687953,687953,1,0,0.3267,NA
blk1557,4,689758,689758,1,0,0.076,NA
blk1558,4,708437,708437,1,0,0.1357,NA
blk1559,4,713173,713173,1,0,0.2215,NA
blk1560,4,740790,740790,1,0,0.1747,NA
blk1561,4,760941,760941,1,0,0.1225,NA
blk1562,4,762762,762762,1,0,0.0943,NA
blk1563,4,795734,795734,1,0,0.43,NA
blk1564,4,800907,800907,1,0,0.4395,NA
blk1565,4,814988,814988,1,0,0.2227,NA
blk1566,4,815457,815457,1,0,0.3828,NA
blk1567,4,825503,825503,1,0,0.1051,NA
blk1568,4,837940,837940,1,0,0.4487,NA
blk1569,4,843788,843788,1,0,0.0788,NA
blk1570,4,845993,845993,1,0,0.4247,NA
blk1571,4,860001,860001,1,0,0.4003,NA
blk1572,4,873593,873593,1,0,0.0783,NA
blk1573,4,875734,875734,1,0,0.2862,NA
blk1574,4,878798,878798,1,0,0.0714,NA
blk1575,4,893129,893129,1,0,0.1771,NA
blk1576,4,906357,906357,1,0,0.2738,NA
blk1577,4,914598,914598,1,0,0.1426,NA
blk1578,4,927320,927320,1,0,0.3059,NA
blk1579,4,928648,928648,1,0,0.1781,NA
blk1580,4,930540,930540,1,0,0.2055,NA
blk1581,4,941445,941445,1,0,0.3808,NA
blk1582,4,979572,979572,1,0,0.2969,NA
blk1583,4,979852,979852,1,0,0.4801,NA
blk1584,4,1000756,1000756,1,0,0.3786,NA
blk1585,4,1010658,1010658,1,0,0.3951,NA
blk1586,4,1011852,1011852,1,0,0.463,NA
blk1587,4,1013177,1013177,1,0,0.341,NA
blk1588,4,1026965,1026965,1,0,0.1606,NA
blk1589,4,1029989,1029989,1,0,0.356,NA
blk1590,4,1043457,1043457,1,0,0.3624,NA
blk1591,4,1058972,1058972,1,0,0.3556,NA
blk1592,4,1082749,1082749,1,0,0.0768,NA
blk1593,4,1108673,1108673,1,0,0.4581,NA
blk1594,4,1117500,1117500,1,0,0.0689,NA
blk1595,4,1121615,1121615,1,0,0.2548,NA
blk1596,4,1128771,1128771,1,0,0.1445,NA
blk1597,4,1142628,1142628,1,0,0.4656,NA
blk1598,4,1143525,1143525,1,0,0.3975,NA
blk1599,4,1146783,1146783,1,0,0.3352,NA
blk1600,4,1152040,1152040,1,0,0.1512,NA
blk1601,4,1161053,1161053,1,0,0.4604,NA
blk1602,4,1163108,1163108,1,0,0.3265,NA
blk1603,4,1163971,1163971,1,0,0.3065,NA
blk1604,4,1189097,1189097,1,0,0.1976,NA
blk1605,4,1198181,1198181,1,0,0.3327,NA
blk1606,4,1201080,1201080,1,0,0.2111,NA
blk1607,4,1210861,1210861,1,0,0.4977,NA
blk1608,4,1216787,1216787,1,0,0.4472,NA
blk1609,4,1245279,1245279,1,0,0.1734,NA
blk1610,4,1250550,1250550,1,0,0.3453,NA
blk1611,4,1288744,1288744,1,0,0.1694,NA
blk1612,4,1314196,1314196,1,0,0.1903,NA
blk1613,4,1320756,1320756,1,0,0.2788,NA
blk1614,4,1323633,1323633,1,0,0.2465,NA
blk1615,4,1324984,1324984,1,0,0.2462,NA
blk1616,4,1327593,1327593,1,0,0.2111,NA
blk1617,4,1359134,1359134,1,0,0.1878,NA
blk1618,4,1360974,1360974,1,0,0.2421,NA
blk1619,4,1365353,1365353,1,0,0.4289,NA
blk1620,4,1377122,1377122,1,0,0.4466,NA
blk1621,4,1389882,1389882,1,0,0.4311,NA
blk1622,4,1395048,1395048,1,0,0.3039,NA
blk1623,4,1398697,1398697,1,0,0.392,NA
blk1624,4,1434061,1434061,1,0,0.2896,NA
blk1625,4,1434505,1434505,1,0,0.2725,NA
blk1626,4,1445249,1445249,1,0,0.4335,NA
blk1627,4,1459419,1459419,1,0,0.4701,NA
blk1628,4,1464266,1464266,1,0,0.0839,NA
blk1629,4,1465947,1465947,1,0,0.2113,NA
blk1630,4,1466563,1466563,1,0,0.4165,NA
blk1631,4,1468685,1468685,1,0,0.2473,NA
blk1632,4,1495056,1495056,1,0,0.2685,NA
blk1633,4,1496820,1496846,2,26,0.1228,NA
blk1634,4,1506191,1506191,1,0,0.2372,NA
blk1635,4,1522545,1522545,1,0,0.4605,NA
blk1636,4,1532088,1532088,1,0,0.21560000000000001,NA
blk1637,4,1535775,1535775,1,0,0.3803,NA
blk1638,4,1545061,1545061,1,0,0.2017,NA
blk1639,4,1564086,1564086,1,0,0.34,NA
blk1640,4,1569974,1569974,1,0,0.166,NA
blk1641,4,1579050,1579050,1,0,0.1523,NA
blk1642,4,1584370,1584370,1,0,0.3706,NA
blk1643,4,1594117,1594117,1,0,0.1771,NA
blk1644,4,1596868,1596868,1,0,0.1448,NA
blk1645,4,1604224,1604224,1,0,0.324,NA
blk1646,4,1608618,1608618,1,0,0.3113,NA
blk1647,4,1615180,1615180,1,0,0.4581,NA
blk1648,4,1615532,1615532,1,0,0.1694,NA
blk1649,4,1627091,1627091,1,0,0.0739,NA
blk1650,4,1634676,1634676,1,0,0.1021,NA
blk1651,4,1635993,1635993,1,0,0.4357,NA
blk1652,4,1657317,1657317,1,0,0.3269,NA
blk1653,4,1660082,1660082,1,0,0.2106,NA
blk1654,4,1670980,1670980,1,0,0.4112,NA
blk1655,4,1674920,1674920,1,0,0.4972,NA
blk1656,4,1678553,1678553,1,0,0.22,NA
blk1657,4,1698025,1698025,1,0,0.4941,NA
blk1658,4,1698626,1698626,1,0,0.2618,NA
blk1659,4,1701634,1701634,1,0,0.1942,NA
blk1660,4,1703452,1703452,1,0,0.0562,NA
blk1661,4,1709463,1709463,1,0,0.414,NA
blk1662,4,1726997,1726997,1,0,0.1564,NA
blk1663,4,1730000,1730000,1,0,0.101,NA
blk1664,4,1731600,1731600,1,0,0.1865,NA
blk1665,4,1737593,1737593,1,0,0.0532,NA
blk1666,4,1738185,1738185,1,0,0.2395,NA
blk1667,4,1739087,1739087,1,0,0.064,NA
blk1668,4,1753743,1753743,1,0,0.3962,NA
blk1669,4,1761129,1761129,1,0,0.1976,NA
blk1670,4,1770177,1770177,1,0,0.3427,NA
blk1671,4,1776786,1776786,1,0,0.1984,NA
blk1672,4,1779110,1779110,1,0,0.451,NA
blk1673,4,1808517,1808517,1,0,0.4239,NA
blk1674,4,1829000,1829000,1,0,0.0749,NA
blk1675,4,1838198,1838198,1,0,0.4815,NA
blk1676,4,1840336,1840336,1,0,0.2874,NA
blk1677,4,1860359,1860359,1,0,0.1305,NA
blk1678,4,1870592,1870592,1,0,0.4656,NA
blk1679,4,1874160,1874160,1,0,0.2089,NA
blk1680,4,1922211,1922211,1,0,0.4238,NA
blk1681,4,1922438,1922438,1,0,0.1505,NA
blk1682,4,1929862,1929862,1,0,0.0695,NA
blk1683,4,1940455,1940455,1,0,0.2075,NA
blk1684,4,1940955,1940955,1,0,0.3068,NA
blk1685,4,1949380,1949380,1,0,0.4279,NA
blk1686,4,1984509,1984509,1,0,0.3894,NA
blk1687,4,1990647,1990647,1,0,0.441,NA
blk1688,4,1996914,1996914,1,0,0.2131,NA
blk1689,4,2014910,2014910,1,0,0.2099,NA
blk1690,4,2016914,2016914,1,0,0.0758,NA
blk1691,4,2024775,2024775,1,0,0.1014,NA
blk1692,4,2087510,2087510,1,0,0.4361,NA
blk1693,4,2090031,2090031,1,0,0.4981,NA
blk1694,4,2090347,2090347,1,0,0.3731,NA
blk1695,4,2096355,2096355,1,0,0.4904,NA
blk1696,4,2103312,2103312,1,0,0.1064,NA
blk1697,4,2103818,2103818,1,0,0.2208,NA
blk1698,4,2115404,2115404,1,0,0.1586,NA
blk1699,4,2118079,2118079,1,0,0.0712,NA
blk1700,4,2121609,2121609,1,0,0.2724,NA
blk1701,4,2128358,2128358,1,0,0.063,NA
blk1702,4,2135199,2135199,1,0,0.2341,NA
blk1703,4,2137233,2137233,1,0,0.4752,NA
blk1704,4,2140203,2140203,1,0,0.2884,NA
blk1705,4,2156137,2156137,1,0,0.2759,NA
blk1706,4,2157313,2157313,1,0,0.3876,NA
blk1707,4,2161243,2161243,1,0,0.0819,NA
blk1708,4,2180086,2180086,1,0,0.4883,NA
blk1709,4,2182831,2182831,1,0,0.2413,NA
blk1710,4,2196155,2196155,1,0,0.2748,NA
blk1711,4,2198154,2198154,1,0,0.0601,NA
blk1712,4,2234796,2234796,1,0,0.2436,NA
blk1713,4,2243233,2243233,1,0,0.2277,NA
blk1714,4,2245404,2245404,1,0,0.0736,NA
blk1715,4,2248480,2248480,1,0,0.2745,NA
blk1716,4,2285285,2285285,1,0,0.2606,NA
blk1717,4,2293605,2293605,1,0,0.3649,NA
blk1718,4,2322126,2322126,1,0,0.4181,NA
blk1719,4,2347262,2347262,1,0,0.1206,NA
blk1720,4,2351357,2351357,1,0,0.086,NA
blk1721,4,2359300,2359300,1,0,0.0897,NA
blk1722,4,2368323,2368323,1,0,0.4102,NA
blk1723,4,2372352,2372352,1,0,0.0647,NA
blk1724,4,2381184,2381184,1,0,0.4829,NA
blk1725,4,2385174,2385174,1,0,0.3356,NA
blk1726,4,2395372,2395372,1,0,0.4072,NA
blk1727,4,2396588,2396588,1,0,0.4041,NA
blk1728,4,2396884,2396884,1,0,0.3637,NA
blk1729,4,2403972,2403972,1,0,0.2462,NA
blk1730,4,2404583,2404583,1,0,0.1812,NA
blk1731,4,2405338,2405338,1,0,0.2973,NA
blk1732,4,2427467,2427467,1,0,0.4547,NA
blk1733,4,2431789,2431789,1,0,0.4795,NA
blk1734,4,2444775,2444775,1,0,0.2582,NA
blk1735,4,2449245,2449245,1,0,0.4063,NA
blk1736,4,2452288,2452288,1,0,0.0503,NA
blk1737,4,2462795,2462795,1,0,0.476,NA
blk1738,4,2473233,2473233,1,0,0.1148,NA
blk1739,4,2502721,2502721,1,0,0.3612,NA
blk1740,4,2518823,2518823,1,0,0.3338,NA
blk1741,4,2519448,2519448,1,0,0.4753,NA
blk1742,4,2531222,2531222,1,0,0.2405,NA
blk1743,4,2533336,2533336,1,0,0.4758,NA
blk1744,4,2534710,2534710,1,0,0.3785,NA
blk1745,4,2535364,2535364,1,0,0.1888,NA
blk1746,4,2551853,2551853,1,0,0.348,NA
blk1747,4,2552976,2552976,1,0,0.335,NA
blk1748,4,2559670,2559670,1,0,0.3651,NA
blk1749,4,2561197,2561197,1,0,0.1271,NA
blk1750,4,2564968,2564968,1,0,0.3498,NA
blk1751,4,2573887,2573887,1,0,0.3279,NA
blk1752,4,2574495,2574495,1,0,0.2353,NA
blk1753,4,2577575,2577575,1,0,0.4625,NA
blk1754,4,2581986,2581986,1,0,0.3319,NA
blk1755,4,2587791,2587791,1,0,0.4353,NA
blk1756,4,2693801,2693801,1,0,0.4161,NA
blk1757,4,2716786,2716786,1,0,0.2923,NA
blk1758,4,2722386,2722386,1,0,0.3047,NA
blk1759,4,2731695,2731695,1,0,0.2635,NA
blk1760,4,2732921,2732921,1,0,0.0601,NA
blk1761,4,2744144,2744144,1,0,0.4622,NA
blk1762,4,2777719,2777719,1,0,0.3761,NA
blk1763,4,2783508,2783508,1,0,0.3994,NA
blk1764,4,2787718,2787718,1,0,0.3107,NA
blk1765,4,2796692,2796692,1,0,0.4069,NA
blk1766,4,2812707,2812707,1,0,0.3423,NA
blk1767,4,2830162,2830162,1,0,0.1792,NA
blk1768,4,2841267,2841267,1,0,0.1075,NA
blk1769,4,2842135,2842135,1,0,0.3851,NA
blk1770,4,2855965,2855965,1,0,0.2807,NA
blk1771,4,2910504,2910504,1,0,0.2334,NA
blk1772,4,2939970,2939970,1,0,0.46,NA
blk1773,4,2942535,2942535,1,0,0.151,NA
blk1774,4,2943991,2943991,1,0,0.0649,NA
blk1775,4,2961014,2961014,1,0,0.2564,NA
blk1776,4,2966203,2966203,1,0,0.4415,NA
blk1777,4,2966937,2966937,1,0,0.423,NA
blk1778,4,2974232,2974232,1,0,0.4857,NA
blk1779,4,2974901,2974901,1,0,0.0679,NA
blk1780,4,2975250,2975250,1,0,0.413,NA
blk1781,4,2982110,2982110,1,0,0.4267,NA
blk1782,4,3018261,3018261,1,0,0.3802,NA
blk1783,4,3034045,3034045,1,0,0.4387,NA
blk1784,4,3040506,3040506,1,0,0.359,NA
blk1785,4,3062312,3062312,1,0,0.3718,NA
blk1786,4,3077674,3077674,1,0,0.1149,NA
blk1787,4,3110563,3110563,1,0,0.4858,NA
blk1788,4,3119388,3119388,1,0,0.2579,NA
blk1789,4,3122540,3122540,1,0,0.243,NA
blk1790,4,3124534,3124534,1,0,0.3774,NA
blk1791,4,3135311,3135311,1,0,0.2077,NA
blk1792,4,3138022,3138022,1,0,0.4143,NA
blk1793,4,3144590,3144590,1,0,0.4851,NA
blk1794,4,3150957,3150957,1,0,0.3382,NA
blk1795,4,3159041,3159041,1,0,0.4223,NA
blk1796,4,3173064,3173064,1,0,0.4641,NA
blk1797,4,3175838,3175838,1,0,0.3915,NA
blk1798,4,3179026,3179026,1,0,0.0987,NA
blk1799,4,3182184,3182184,1,0,0.2724,NA
blk1800,4,3182417,3182417,1,0,0.3221,NA
blk1801,4,3192305,3192305,1,0,0.3346,NA
blk1802,4,3252888,3252888,1,0,0.3169,NA
blk1803,4,3253632,3253632,1,0,0.066,NA
blk1804,4,3266600,3266600,1,0,0.2086,NA
blk1805,4,3273098,3273098,1,0,0.3627,NA
blk1806,4,3291883,3291883,1,0,0.1648,NA
blk1807,4,3317966,3317966,1,0,0.3655,NA
blk1808,4,3337696,3337696,1,0,0.0701,NA
blk1809,4,3338746,3338746,1,0,0.111,NA
blk1810,4,3340541,3340541,1,0,0.1487,NA
blk1811,4,3341820,3341820,1,0,0.4719,NA
blk1812,4,3346147,3346147,1,0,0.0573,NA
blk1813,4,3363380,3363380,1,0,0.429,NA
blk1814,4,3367994,3367994,1,0,0.1242,NA
blk1815,4,3381849,3381849,1,0,0.1614,NA
blk1816,4,3382893,3382893,1,0,0.3189,NA
blk1817,4,3384104,3384104,1,0,0.3131,NA
blk1818,4,3388034,3388034,1,0,0.4754,NA
blk1819,4,3391545,3391545,1,0,0.4107,NA
blk1820,4,3392533,3392533,1,0,0.1127,NA
blk1821,4,3401729,3401729,1,0,0.2918,NA
blk1822,4,3402512,3402512,1,0,0.1628,NA
blk1823,4,3420102,3420102,1,0,0.2151,NA
blk1824,4,3450436,3450436,1,0,0.2481,NA
blk1825,4,3450912,3450912,1,0,0.1329,NA
blk1826,4,3455556,3455556,1,0,0.2972,NA
blk1827,4,3465617,3465617,1,0,0.2437,NA
blk1828,4,3476076,3476076,1,0,0.0553,NA
blk1829,4,3480068,3480068,1,0,0.1084,NA
blk1830,4,3481903,3481903,1,0,0.393,NA
blk1831,4,3484428,3484428,1,0,0.0671,NA
blk1832,4,3496442,3496442,1,0,0.416,NA
blk1833,4,3497395,3497395,1,0,0.4599,NA
blk1834,4,3507160,3507160,1,0,0.3811,NA
blk1835,4,3523090,3523090,1,0,0.4447,NA
blk1836,4,3525868,3525868,1,0,0.293,NA
blk1837,4,3585087,3585087,1,0,0.2637,NA
blk1838,4,3588466,3588466,1,0,0.4123,NA
blk1839,4,3593530,3593530,1,0,0.2844,NA
blk1840,4,3604978,3604978,1,0,0.2744,NA
blk1841,4,3609491,3609491,1,0,0.1088,NA
blk1842,4,3612804,3612804,1,0,0.3921,NA
blk1843,4,3614172,3614172,1,0,0.293,NA
blk1844,4,3625953,3625953,1,0,0.3279,NA
blk1845,4,3635222,3635222,1,0,0.0811,NA
blk1846,4,3647839,3647839,1,0,0.2087,NA
blk1847,4,3675401,3675401,1,0,0.0905,NA
blk1848,4,3686697,3686697,1,0,0.3124,NA
blk1849,4,3700197,3700197,1,0,0.112,NA
blk1850,4,3728451,3728451,1,0,0.3276,NA
blk1851,4,3738040,3738040,1,0,0.3879,NA
blk1852,4,3744264,3744264,1,0,0.2138,NA
blk1853,4,3756137,3756137,1,0,0.1369,NA
blk1854,4,3758217,3758267,2,50,0.0731,NA
blk1855,4,3759864,3759864,1,0,0.3044,NA
blk1856,4,3768905,3768905,1,0,0.3695,NA
blk1857,4,3774051,3774051,1,0,0.2341,NA
blk1858,4,3789675,3789675,1,0,0.4786,NA
blk1859,4,3792146,3792146,1,0,0.3583,NA
blk1860,4,3794470,3794470,1,0,0.2113,NA
blk1861,4,3797834,3797834,1,0,0.2871,NA
blk1862,4,3805807,3805807,1,0,0.1667,NA
blk1863,4,3840504,3840504,1,0,0.3581,NA
blk1864,4,3843008,3843008,1,0,0.1793,NA
blk1865,4,3854068,3854068,1,0,0.4034,NA
blk1866,4,3872372,3872372,1,0,0.2327,NA
blk1867,4,3890020,3890020,1,0,0.1782,NA
blk1868,4,3892678,3892678,1,0,0.3186,NA
blk1869,4,3899282,3899282,1,0,0.2455,NA
blk1870,4,3926304,3926304,1,0,0.4819,NA
blk1871,4,3936699,3936699,1,0,0.1465,NA
blk1872,4,3938946,3938946,1,0,0.4515,NA
blk1873,4,3942633,3942633,1,0,0.2191,NA
blk1874,4,3947728,3947728,1,0,0.2112,NA
blk1875,4,3953639,3953639,1,0,0.1195,NA
blk1876,4,3967903,3967903,1,0,0.266,NA
blk1877,4,3972020,3972020,1,0,0.358,NA
blk1878,4,3979119,3979119,1,0,0.149,NA
blk1879,4,3996431,3996431,1,0,0.4622,NA
blk1880,4,4000848,4000848,1,0,0.1183,NA
blk1881,4,4008448,4008448,1,0,0.1777,NA
blk1882,4,4009312,4009312,1,0,0.1764,NA
blk1883,4,4018491,4018491,1,0,0.1117,NA
blk1884,4,4026643,4026643,1,0,0.2481,NA
blk1885,4,4045501,4045501,1,0,0.0951,NA
blk1886,4,4077252,4077252,1,0,0.0969,NA
blk1887,4,4080669,4080669,1,0,0.2779,NA
blk1888,4,4099943,4099943,1,0,0.1897,NA
blk1889,4,4109666,4109666,1,0,0.2077,NA
blk1890,4,4123449,4123449,1,0,0.1036,NA
blk1891,4,4141823,4141823,1,0,0.2489,NA
blk1892,4,4155248,4155248,1,0,0.244,NA
blk1893,4,4157012,4157012,1,0,0.1943,NA
blk1894,4,4159364,4159364,1,0,0.1664,NA
blk1895,4,4161603,4161603,1,0,0.1277,NA
blk1896,4,4172524,4172524,1,0,0.1956,NA
blk1897,4,4180168,4180168,1,0,0.1411,NA
blk1898,4,4181442,4181442,1,0,0.2773,NA
blk1899,4,4189376,4189376,1,0,0.3423,NA
blk1900,4,4217064,4217064,1,0,0.4011,NA
blk1901,4,4243947,4243947,1,0,0.111,NA
blk1902,4,4263248,4263248,1,0,0.1135,NA
blk1903,4,4267755,4267755,1,0,0.3465,NA
blk1904,4,4272535,4272535,1,0,0.4128,NA
blk1905,4,4286186,4286186,1,0,0.1326,NA
blk1906,4,4290744,4290744,1,0,0.4859,NA
blk1907,4,4350758,4350758,1,0,0.2195,NA
blk1908,4,4366656,4366656,1,0,0.3936,NA
blk1909,4,4375401,4375401,1,0,0.1998,NA
blk1910,4,4380654,4380654,1,0,0.2906,NA
blk1911,4,4383664,4383664,1,0,0.0678,NA
blk1912,4,4391064,4391064,1,0,0.469,NA
blk1913,4,4392691,4392691,1,0,0.0797,NA
blk1914,4,4401388,4401388,1,0,0.303,NA
blk1915,4,4401599,4401599,1,0,0.3867,NA
blk1916,4,4417700,4417700,1,0,0.4325,NA
blk1917,4,4456360,4456360,1,0,0.0989,NA
blk1918,4,4491464,4491464,1,0,0.4369,NA
blk1919,4,4494834,4494834,1,0,0.3557,NA
blk1920,4,4504876,4504876,1,0,0.2628,NA
blk1921,4,4517128,4517128,1,0,0.1226,NA
blk1922,4,4520175,4520175,1,0,0.3297,NA
blk1923,4,4522808,4522808,1,0,0.1373,NA
blk1924,4,4529659,4529659,1,0,0.3654,NA
blk1925,4,4556870,4556870,1,0,0.3247,NA
blk1926,4,4562971,4562971,1,0,0.4167,NA
blk1927,4,4587208,4587208,1,0,0.2918,NA
blk1928,4,4590214,4590214,1,0,0.2515,NA
blk1929,4,4591762,4591762,1,0,0.1965,NA
blk1930,4,4596082,4596082,1,0,0.1862,NA
blk1931,4,4622989,4622989,1,0,0.4707,NA
blk1932,4,4628915,4628915,1,0,0.0672,NA
blk1933,4,4635063,4635063,1,0,0.1378,NA
blk1934,4,4647232,4647232,1,0,0.081,NA
blk1935,4,4652283,4652283,1,0,0.3832,NA
blk1936,4,4665804,4665804,1,0,0.4302,NA
blk1937,4,4691014,4691014,1,0,0.3042,NA
blk1938,4,4705590,4705590,1,0,0.0625,NA
blk1939,4,4715151,4715151,1,0,0.4422,NA
blk1940,4,4762720,4762720,1,0,0.3117,NA
blk1941,4,4771187,4771187,1,0,0.3334,NA
blk1942,4,4785099,4785099,1,0,0.3784,NA
blk1943,4,4785736,4785736,1,0,0.3681,NA
blk1944,4,4786432,4786432,1,0,0.2595,NA
blk1945,4,4790931,4790931,1,0,0.4116,NA
blk1946,4,4805249,4805249,1,0,0.205,NA
blk1947,4,4826546,4826546,1,0,0.4831,NA
blk1948,4,4831006,4831006,1,0,0.2323,NA
blk1949,4,4831223,4831223,1,0,0.2002,NA
blk1950,4,4835953,4835953,1,0,0.2858,NA
blk1951,4,4837234,4837234,1,0,0.2402,NA
blk1952,4,4844663,4844663,1,0,0.4768,NA
blk1953,4,4852091,4852091,1,0,0.3709,NA
blk1954,4,4853667,4853667,1,0,0.2025,NA
blk1955,4,4855624,4855624,1,0,0.2258,NA
blk1956,4,4857354,4857354,1,0,0.2648,NA
blk1957,4,4876629,4876629,1,0,0.3204,NA
blk1958,4,4878936,4878936,1,0,0.4542,NA
blk1959,4,4880152,4880152,1,0,0.2338,NA
blk1960,4,4882656,4882656,1,0,0.1348,NA
blk1961,4,4890436,4890436,1,0,0.2029,NA
blk1962,4,4904136,4904136,1,0,0.2674,NA
blk1963,4,4912001,4912001,1,0,0.2194,NA
blk1964,4,4914289,4914289,1,0,0.4004,NA
blk1965,4,4917153,4917153,1,0,0.3162,NA
blk1966,4,4923638,4923638,1,0,0.174,NA
blk1967,4,4925593,4925593,1,0,0.1205,NA
blk1968,4,4933690,4933690,1,0,0.3218,NA
blk1969,4,4937085,4937085,1,0,0.1764,NA
blk1970,4,4966322,4966322,1,0,0.2461,NA
blk1971,4,4982013,4982013,1,0,0.2195,NA
blk1972,4,4986020,4986020,1,0,0.3149,NA
blk1973,4,4991675,4991675,1,0,0.085,NA
blk1974,5,11232,11232,1,0,0.1728,NA
blk1975,5,11703,11703,1,0,0.2728,NA
blk1976,5,18960,18960,1,0,0.3676,NA
blk1977,5,38668,38668,1,0,0.2109,NA
blk1978,5,46625,46625,1,0,0.1723,NA
blk1979,5,62901,62901,1,0,0.0874,NA
blk1980,5,72861,72861,1,0,0.3219,NA
blk1981,5,77795,77795,1,0,0.1488,NA
blk1982,5,84875,84875,1,0,0.2061,NA
blk1983,5,89918,89918,1,0,0.4463,NA
blk1984,5,134334,134334,1,0,0.486,NA
blk1985,5,145812,145812,1,0,0.0712,NA
blk1986,5,157767,157767,1,0,0.3367,NA
blk1987,5,159397,159397,1,0,0.4165,NA
blk1988,5,175925,175925,1,0,0.072,NA
blk1989,5,183919,183919,1,0,0.3519,NA
blk1990,5,194300,194300,1,0,0.4042,NA
blk1991,5,197560,197560,1,0,0.3261,NA
blk1992,5,210726,210726,1,0,0.0598,NA
blk1993,5,213364,213364,1,0,0.0717,NA
blk1994,5,219369,219369,1,0,0.3539,NA
blk1995,5,220272,220272,1,0,0.3495,NA
blk1996,5,237745,237745,1,0,0.0755,NA
blk1997,5,240863,240863,1,0,0.1493,NA
blk1998,5,243816,243816,1,0,0.2698,NA
blk1999,5,256094,256094,1,0,0.256,NA
blk2000,5,261434,261434,1,0,0.2321,NA
blk2001,5,269415,269415,1,0,0.2639,NA
blk2002,5,281369,281369,1,0,0.1269,NA
blk2003,5,284952,284952,1,0,0.3737,NA
blk2004,5,289744,289744,1,0,0.0746,NA
blk2005,5,295835,295835,1,0,0.1474,NA
blk2006,5,300666,300666,1,0,0.2627,NA
blk2007,5,302833,302833,1,0,0.2001,NA
blk2008,5,306537,306537,1,0,0.0895,NA
blk2009,5,306873,306873,1,0,0.4492,NA
blk2010,5,312763,312763,1,0,0.4577,NA
blk2011,5,314103,314186,2,83,0.3492,NA
blk2012,5,315080,315080,1,0,0.4288,NA
blk2013,5,315277,315277,1,0,0.4515,NA
blk2014,5,321417,321417,1,0,0.1358,NA
blk2015,5,342999,342999,1,0,0.2089,NA
blk2016,5,346567,346567,1,0,0.1798,NA
blk2017,5,386978,386978,1,0,0.3924,NA
blk2018,5,397570,397570,1,0,0.363,NA
blk2019,5,409618,409618,1,0,0.2771,NA
blk2020,5,422744,422744,1,0,0.4009,NA
blk2021,5,423345,423345,1,0,0.0771,NA
blk2022,5,434542,434542,1,0,0.391,NA
blk2023,5,454588,454588,1,0,0.097,NA
blk2024,5,456680,456680,1,0,0.2965,NA
blk2025,5,461019,461019,1,0,0.1567,NA
blk2026,5,462964,462964,1,0,0.1994,NA
blk2027,5,469123,469123,1,0,0.23,NA
blk2028,5,486082,486082,1,0,0.1688,NA
blk2029,5,492269,492269,1,0,0.0852,NA
blk2030,5,503434,503434,1,0,0.2996,NA
blk2031,5,511512,511512,1,0,0.3213,NA
blk2032,5,520592,520592,1,0,0.4449,NA
blk2033,5,538955,538955,1,0,0.2359,NA
blk2034,5,543356,543356,1,0,0.1608,NA
blk2035,5,556295,556295,1,0,0.0708,NA
blk2036,5,574594,574594,1,0,0.1002,NA
blk2037,5,578027,578027,1,0,0.4555,NA
blk2038,5,589970,589970,1,0,0.386,NA
blk2039,5,597985,597985,1,0,0.0616,NA
blk2040,5,598209,598209,1,0,0.4149,NA
blk2041,5,610120,610120,1,0,0.4857,NA
blk2042,5,613637,613637,1,0,0.3332,NA
blk2043,5,614845,614845,1,0,0.4698,NA
blk2044,5,626492,626492,1,0,0.1815,NA
blk2045,5,629225,629225,1,0,0.0965,NA
blk2046,5,631567,631567,1,0,0.4307,NA
blk2047,5,639782,639782,1,0,0.2955,NA
blk2048,5,642983,642983,1,0,0.0871,NA
blk2049,5,654837,654837,1,0,0.3397,NA
blk2050,5,662964,662964,1,0,0.1274,NA
blk2051,5,678087,678087,1,0,0.4414,NA
blk2052,5,684045,684045,1,0,0.2647,NA
blk2053,5,695576,695576,1,0,0.3224,NA
blk2054,5,710989,710989,1,0,0.087,NA
blk2055,5,712247,712247,1,0,0.1036,NA
blk2056,5,719919,719919,1,0,0.4804,NA
blk2057,5,732474,732474,1,0,0.1769,NA
blk2058,5,740347,740347,1,0,0.2053,NA
blk2059,5,749581,749581,1,0,0.3101,NA
blk2060,5,785395,785395,1,0,0.4749,NA
blk2061,5,824183,824183,1,0,0.2417,NA
blk2062,5,825533,825533,1,0,0.0506,NA
blk2063,5,829545,829545,1,0,0.0669,NA
blk2064,5,850102,850102,1,0,0.174,NA
blk2065,5,858025,858025,1,0,0.4539,NA
blk2066,5,866474,866474,1,0,0.4083,NA
blk2067,5,878333,878333,1,0,0.2392,NA
blk2068,5,885968,885968,1,0,0.1042,NA
blk2069,5,897375,897375,1,0,0.4409,NA
blk2070,5,912050,912050,1,0,0.2359,NA
blk2071,5,915449,915449,1,0,0.3598,NA
blk2072,5,920143,920143,1,0,0.3571,NA
blk2073,5,922718,922718,1,0,0.1489,NA
blk2074,5,929342,929342,1,0,0.3463,NA
blk2075,5,932634,932634,1,0,0.3607,NA
blk2076,5,933789,933789,1,0,0.1274,NA
blk2077,5,935600,935600,1,0,0.2136,NA
blk2078,5,952539,952539,1,0,0.2948,NA
blk2079,5,957198,957198,1,0,0.1416,NA
blk2080,5,958036,958036,1,0,0.0848,NA
blk2081,5,969435,969435,1,0,0.4221,NA
blk2082,5,981609,981609,1,0,0.4425,NA
blk2083,5,990236,990236,1,0,0.2996,NA
blk2084,5,990617,990617,1,0,0.3822,NA
blk2085,5,992738,992738,1,0,0.2231,NA
blk2086,5,993010,993010,1,0,0.3827,NA
blk2087,5,1029242,1029242,1,0,0.103,NA
blk2088,5,1041883,1041883,1,0,0.4495,NA
blk2089,5,1067472,1067472,1,0,0.0852,NA
blk2090,5,1071094,1071094,1,0,0.3822,NA
blk2091,5,1072376,1072376,1,0,0.2587,NA
blk2092,5,1074531,1074531,1,0,0.3814,NA
blk2093,5,1080066,1080066,1,0,0.3172,NA
blk2094,5,1102430,1102430,1,0,0.1622,NA
blk2095,5,1104371,1104371,1,0,0.4194,NA
blk2096,5,1121455,1121455,1,0,0.4884,NA
blk2097,5,1121846,1121846,1,0,0.1472,NA
blk2098,5,1128996,1128996,1,0,0.1675,NA
blk2099,5,1144231,1144231,1,0,0.2004,NA
blk2100,5,1150814,1150814,1,0,0.1,NA
blk2101,5,1158328,1158328,1,0,0.2574,NA
blk2102,5,1163782,1163782,1,0,0.3474,NA
blk2103,5,1166142,1166142,1,0,0.4313,NA
blk2104,5,1168028,1168028,1,0,0.1823,NA
blk2105,5,1178381,1178502,2,121,0.2217,NA
blk2106,5,1180952,1180952,1,0,0.1326,NA
blk2107,5,1208251,1208251,1,0,0.2379,NA
blk2108,5,1211414,1211414,1,0,0.2532,NA
blk2109,5,1219565,1219610,2,45,0.095,NA
blk2110,5,1220724,1220724,1,0,0.3937,NA
blk2111,5,1229716,1229716,1,0,0.2631,NA
blk2112,5,1230816,1230816,1,0,0.0813,NA
blk2113,5,1232103,1232103,1,0,0.4859,NA
blk2114,5,1248526,1248526,1,0,0.4045,NA
blk2115,5,1268264,1268264,1,0,0.4083,NA
blk2116,5,1281748,1281748,1,0,0.4416,NA
blk2117,5,1290890,1290890,1,0,0.4128,NA
blk2118,5,1297247,1297247,1,0,0.1994,NA
blk2119,5,1305822,1305822,1,0,0.1551,NA
blk2120,5,1321514,1321514,1,0,0.2895,NA
blk2121,5,1340506,1340506,1,0,0.4039,NA
blk2122,5,1346306,1346306,1,0,0.3175,NA
blk2123,5,1355187,1355187,1,0,0.3545,NA
blk2124,5,1355873,1355873,1,0,0.0979,NA
blk2125,5,1366544,1366544,1,0,0.091,NA
blk2126,5,1380219,1380219,1,0,0.1092,NA
blk2127,5,1385853,1385853,1,0,0.3028,NA
blk2128,5,1401079,1401079,1,0,0.0846,NA
blk2129,5,1414289,1414289,1,0,0.0788,NA
blk2130,5,1414762,1414762,1,0,0.3802,NA
blk2131,5,1422003,1422003,1,0,0.4772,NA
blk2132,5,1429094,1429094,1,0,0.1381,NA
blk2133,5,1440894,1440894,1,0,0.2012,NA
blk2134,5,1468187,1468187,1,0,0.4323,NA
blk2135,5,1482669,1482669,1,0,0.4612,NA
blk2136,5,1503421,1503421,1,0,0.2446,NA
blk2137,5,1524151,1524151,1,0,0.2049,NA
blk2138,5,1525581,1525581,1,0,0.1275,NA
blk2139,5,1533792,1533792,1,0,0.4155,NA
blk2140,5,1537182,1537182,1,0,0.0853,NA
blk2141,5,1546840,1546840,1,0,0.3274,NA
blk2142,5,1549751,1549751,1,0,0.1156,NA
blk2143,5,1603682,1603682,1,0,0.2465,NA
blk2144,5,1609669,1609669,1,0,0.0863,NA
blk2145,5,1613852,1613852,1,0,0.1787,NA
blk2146,5,1622562,1622562,1,0,0.439,NA
blk2147,5,1625264,1625264,1,0,0.3703,NA
blk2148,5,1662356,1662365,2,9,0.2911,NA
blk2149,5,1663691,1663691,1,0,0.2489,NA
blk2150,5,1666233,1666233,1,0,0.4205,NA
blk2151,5,1674386,1674386,1,0,0.0834,NA
blk2152,5,1692755,1692755,1,0,0.4518,NA
blk2153,5,1710093,1710093,1,0,0.378,NA
blk2154,5,1710675,1710675,1,0,0.2773,NA
blk2155,5,1713100,1713100,1,0,0.0605,NA
blk2156,5,1713493,1713493,1,0,0.39,NA
blk2157,5,1719467,1719467,1,0,0.2196,NA
blk2158,5,1730314,1730314,1,0,0.2686,NA
blk2159,5,1730829,1730829,1,0,0.3709,NA
blk2160,5,1739886,1739886,1,0,0.4594,NA
blk2161,5,1742684,1742684,1,0,0.4924,NA
blk2162,5,1747101,1747101,1,0,0.0848,NA
blk2163,5,1751922,1751922,1,0,0.2899,NA
blk2164,5,1755337,1755337,1,0,0.3487,NA
blk2165,5,1763383,1763383,1,0,0.3193,NA
blk2166,5,1779938,1779938,1,0,0.4566,NA
blk2167,5,1822601,1822601,1,0,0.4155,NA
blk2168,5,1839774,1839774,1,0,0.2957,NA
blk2169,5,1843243,1843243,1,0,0.473,NA
blk2170,5,1846618,1846618,1,0,0.3396,NA
blk2171,5,1856912,1856912,1,0,0.2608,NA
blk2172,5,1869156,1869156,1,0,0.3323,NA
blk2173,5,1878174,1878174,1,0,0.2694,NA
blk2174,5,1902534,1902534,1,0,0.2438,NA
blk2175,5,1906291,1906291,1,0,0.2776,NA
blk2176,5,1913039,1913039,1,0,0.2159,NA
blk2177,5,1915166,1915166,1,0,0.1388,NA
blk2178,5,1932825,1932825,1,0,0.5,NA
blk2179,5,1939879,1939879,1,0,0.2867,NA
blk2180,5,1940717,1940717,1,0,0.1378,NA
blk2181,5,1945270,1945270,1,0,0.1293,NA
blk2182,5,1950862,1950862,1,0,0.1121,NA
blk2183,5,1975951,1975951,1,0,0.4137,NA
blk2184,5,1988925,1988925,1,0,0.1011,NA
blk2185,5,1992526,1992526,1,0,0.2311,NA
blk2186,5,1994052,1994052,1,0,0.2622,NA
blk2187,5,2010777,2010777,1,0,0.3585,NA
blk2188,5,2016999,2016999,1,0,0.3978,NA
blk2189,5,2017300,2017300,1,0,0.3231,NA
blk2190,5,2043371,2043371,1,0,0.0813,NA
blk2191,5,2045431,2045431,1,0,0.2452,NA
blk2192,5,2045877,2045877,1,0,0.1835,NA
blk2193,5,2052741,2052741,1,0,0.2202,NA
blk2194,5,2061371,2061371,1,0,0.2251,NA
blk2195,5,2062844,2062844,1,0,0.339,NA
blk2196,5,2081944,2081944,1,0,0.3963,NA
blk2197,5,2088128,2088128,1,0,0.3752,NA
blk2198,5,2091883,2091883,1,0,0.2391,NA
blk2199,5,2112736,2112736,1,0,0.3815,NA
blk2200,5,2129150,2129150,1,0,0.1022,NA
blk2201,5,2133529,2133529,1,0,0.1169,NA
blk2202,5,2147342,2147342,1,0,0.4039,NA
blk2203,5,2147794,2147794,1,0,0.3166,NA
blk2204,5,2166401,2166401,1,0,0.4341,NA
blk2205,5,2169428,2169428,1,0,0.3233,NA
blk2206,5,2175883,2175883,1,0,0.3705,NA
blk2207,5,2205617,2205617,1,0,0.4304,NA
blk2208,5,2206333,2206333,1,0,0.3479,NA
blk2209,5,2215359,2215359,1,0,0.4423,NA
blk2210,5,2263039,2263039,1,0,0.0868,NA
blk2211,5,2266548,2266548,1,0,0.4359,NA
blk2212,5,2276819,2276819,1,0,0.206,NA
blk2213,5,2280389,2280389,1,0,0.1111,NA
blk2214,5,2286869,2286869,1,0,0.205,NA
blk2215,5,2296545,2296545,1,0,0.2253,NA
blk2216,5,2298077,2298077,1,0,0.116,NA
blk2217,5,2299447,2299447,1,0,0.2175,NA
blk2218,5,2324024,2324024,1,0,0.0851,NA
blk2219,5,2338121,2338121,1,0,0.4709,NA
blk2220,5,2371418,2371418,1,0,0.0768,NA
blk2221,5,2404551,2404551,1,0,0.3914,NA
blk2222,5,2411744,2411744,1,0,0.3258,NA
blk2223,5,2411921,2411921,1,0,0.3006,NA
blk2224,5,2436662,2436662,1,0,0.2304,NA
blk2225,5,2462954,2462954,1,0,0.1434,NA
blk2226,5,2465215,2465215,1,0,0.3655,NA
blk2227,5,2475005,2475005,1,0,0.4074,NA
blk2228,5,2500566,2500566,1,0,0.2293,NA
blk2229,5,2501854,2501854,1,0,0.0827,NA
blk2230,5,2516881,2516881,1,0,0.374,NA
blk2231,5,2526912,2526912,1,0,0.4326,NA
blk2232,5,2529852,2529852,1,0,0.2237,NA
blk2233,5,2561280,2561280,1,0,0.2302,NA
blk2234,5,2563201,2563201,1,0,0.2564,NA
blk2235,5,2567670,2567670,1,0,0.208,NA
blk2236,5,2576786,2576786,1,0,0.1812,NA
blk2237,5,2577293,2577293,1,0,0.3866,NA
blk2238,5,2589866,2589866,1,0,0.3015,NA
blk2239,5,2606155,2606155,1,0,0.3075,NA
blk2240,5,2619675,2619675,1,0,0.3223,NA
blk2241,5,2629816,2629816,1,0,0.3751,NA
blk2242,5,2637104,2637104,1,0,0.0975,NA
blk2243,5,2640976,2640976,1,0,0.2274,NA
blk2244,5,2655781,2655781,1,0,0.0661,NA
blk2245,5,2656992,2656992,1,0,0.4958,NA
blk2246,5,2673626,2673626,1,0,0.368,NA
blk2247,5,2675397,2675397,1,0,0.2016,NA
blk2248,5,2680489,2680489,1,0,0.3712,NA
blk2249,5,2690653,2690653,1,0,0.103,NA
blk2250,5,2697721,2697721,1,0,0.0718,NA
blk2251,5,2714327,2714327,1,0,0.4197,NA
blk2252,5,2720765,2720765,1,0,0.4238,NA
blk2253,5,2736862,2736862,1,0,0.2566,NA
blk2254,5,2750683,2750683,1,0,0.1745,NA
blk2255,5,2770770,2770770,1,0,0.0915,NA
blk2256,5,2775247,2775247,1,0,0.2995,NA
blk2257,5,2787395,2787395,1,0,0.0559,NA
blk2258,5,2792860,2792860,1,0,0.432,NA
blk2259,5,2793360,2793360,1,0,0.3393,NA
blk2260,5,2811050,2811050,1,0,0.2145,NA
blk2261,5,2818626,2818626,1,0,0.3824,NA
blk2262,5,2819429,2819429,1,0,0.2754,NA
blk2263,5,2825144,2825144,1,0,0.3207,NA
blk2264,5,2829141,2829141,1,0,0.0923,NA
blk2265,5,2832781,2832781,1,0,0.343,NA
blk2266,5,2844555,2844555,1,0,0.1164,NA
blk2267,5,2854441,2854441,1,0,0.4296,NA
blk2268,5,2873495,2873495,1,0,0.2476,NA
blk2269,5,2878781,2878781,1,0,0.2549,NA
blk2270,5,2900435,2900435,1,0,0.0578,NA
blk2271,5,2905451,2905451,1,0,0.051,NA
blk2272,5,2907047,2907047,1,0,0.4094,NA
blk2273,5,2910500,2910505,2,5,0.2109,NA
blk2274,5,2912955,2912955,1,0,0.3879,NA
blk2275,5,2913569,2913569,1,0,0.2242,NA
blk2276,5,2914136,2914136,1,0,0.231,NA
blk2277,5,2927676,2927676,1,0,0.2331,NA
blk2278,5,2974006,2974006,1,0,0.1692,NA
blk2279,5,2986389,2986389,1,0,0.3988,NA
blk2280,5,2991963,2991963,1,0,0.3487,NA
blk2281,5,2993973,2993973,1,0,0.33,NA
blk2282,5,3002526,3002526,1,0,0.1763,NA
blk2283,5,3011988,3011988,1,0,0.1135,NA
blk2284,5,3025158,3025158,1,0,0.0576,NA
blk2285,5,3053664,3053664,1,0,0.2403,NA
blk2286,5,3082183,3082183,1,0,0.1372,NA
blk2287,5,3088004,3088004,1,0,0.4414,NA
blk2288,5,3091568,3091568,1,0,0.237,NA
blk2289,5,3094270,3094270,1,0,0.1571,NA
blk2290,5,3095876,3095876,1,0,0.067,NA
blk2291,5,3121739,3121739,1,0,0.1256,NA
blk2292,5,3122477,3122477,1,0,0.3402,NA
blk2293,5,3130966,3130966,1,0,0.4611,NA
blk2294,5,3145818,3145818,1,0,0.4045,NA
blk2295,5,3185540,3185540,1,0,0.3506,NA
blk2296,5,3196235,3196235,1,0,0.2861,NA
blk2297,5,3197075,3197075,1,0,0.3701,NA
blk2298,5,3213537,3213537,1,0,0.3462,NA
blk2299,5,3213887,3213887,1,0,0.3576,NA
blk2300,5,3224100,3224100,1,0,0.351,NA
blk2301,5,3231602,3231602,1,0,0.0855,NA
blk2302,5,3240425,3240425,1,0,0.2442,NA
blk2303,5,3257557,3257557,1,0,0.4784,NA
blk2304,5,3258112,3258112,1,0,0.1895,NA
blk2305,5,3268793,3268793,1,0,0.1374,NA
blk2306,5,3285102,3285102,1,0,0.2733,NA
blk2307,5,3325513,3325513,1,0,0.1707,NA
blk2308,5,3340091,3340091,1,0,0.0578,NA
blk2309,5,3352486,3352486,1,0,0.2547,NA
blk2310,5,3365183,3365183,1,0,0.4764,NA
blk2311,5,3374326,3374326,1,0,0.3397,NA
blk2312,5,3375126,3375126,1,0,0.4655,NA
blk2313,5,3406282,3406282,1,0,0.2078,NA
blk2314,5,3406936,3406936,1,0,0.3198,NA
blk2315,5,3431436,3431436,1,0,0.0896,NA
blk2316,5,3431723,3431723,1,0,0.3606,NA
blk2317,5,3447706,3447706,1,0,0.153,NA
blk2318,5,3448200,3448200,1,0,0.4279,NA
blk2319,5,3454555,3454555,1,0,0.3684,NA
blk2320,5,3472921,3472921,1,0,0.3623,NA
blk2321,5,3486985,3486985,1,0,0.1462,NA
blk2322,5,3497853,3497853,1,0,0.17,NA
blk2323,5,3503527,3503527,1,0,0.094,NA
blk2324,5,3507262,3507262,1,0,0.4449,NA
blk2325,5,3530445,3530445,1,0,0.4616,NA
blk2326,5,3540530,3540530,1,0,0.151,NA
blk2327,5,3549759,3549759,1,0,0.0594,NA
blk2328,5,3576777,3576777,1,0,0.224,NA
blk2329,5,3584205,3584205,1,0,0.2874,NA
blk2330,5,3587447,3587447,1,0,0.2984,NA
blk2331,5,3592288,3592288,1,0,0.0947,NA
blk2332,5,3606856,3606856,1,0,0.2371,NA
blk2333,5,3611551,3611551,1,0,0.2344,NA
blk2334,5,3623165,3623165,1,0,0.2759,NA
blk2335,5,3624250,3624250,1,0,0.475,NA
blk2336,5,3624704,3624704,1,0,0.0809,NA
blk2337,5,3630333,3630333,1,0,0.4707,NA
blk2338,5,3639848,3639848,1,0,0.4399,NA
blk2339,5,3649641,3649641,1,0,0.4634,NA
blk2340,5,3652843,3652843,1,0,0.3545,NA
blk2341,5,3657505,3657505,1,0,0.1933,NA
blk2342,5,3672794,3672794,1,0,0.4474,NA
blk2343,5,3693665,3693665,1,0,0.3122,NA
blk2344,5,3697570,3697570,1,0,0.4988,NA
blk2345,5,3712735,3712735,1,0,0.0575,NA
blk2346,5,3718668,3718689,2,21,0.0849,NA
blk2347,5,3737027,3737027,1,0,0.1177,NA
blk2348,5,3745105,3745105,1,0,0.4826,NA
blk2349,5,3757541,3757541,1,0,0.0937,NA
blk2350,5,3773482,3773482,1,0,0.0884,NA
blk2351,5,3776881,3776881,1,0,0.0512,NA
blk2352,5,3787042,3787042,1,0,0.192,NA
blk2353,5,3804237,3804237,1,0,0.0747,NA
blk2354,5,3843766,3843766,1,0,0.3755,NA
blk2355,5,3847231,3847231,1,0,0.2509,NA
blk2356,5,3848895,3848895,1,0,0.0673,NA
blk2357,5,3852068,3852068,1,0,0.1914,NA
blk2358,5,3871523,3871523,1,0,0.404,NA
blk2359,5,3884555,3884555,1,0,0.0909,NA
blk2360,5,3903332,3903332,1,0,0.1702,NA
blk2361,5,3941637,3941637,1,0,0.4867,NA
blk2362,5,3955974,3955974,1,0,0.3822,NA
blk2363,5,3959951,3959951,1,0,0.0755,NA
blk2364,5,3972776,3972776,1,0,0.3558,NA
blk2365,5,3977269,3977269,1,0,0.3959,NA
blk2366,5,3988424,3988424,1,0,0.0568,NA
blk2367,5,3998386,3998386,1,0,0.3832,NA
blk2368,5,4005635,4005635,1,0,0.0802,NA
blk2369,5,4017440,4017440,1,0,0.4654,NA
blk2370,5,4030997,4030997,1,0,0.3784,NA
blk2371,5,4036529,4036529,1,0,0.1082,NA
blk2372,5,4041919,4041919,1,0,0.2758,NA
blk2373,5,4044621,4044621,1,0,0.1425,NA
blk2374,5,4061650,4061650,1,0,0.3653,NA
blk2375,5,4064312,4064312,1,0,0.2066,NA
blk2376,5,4094843,4094843,1,0,0.2419,NA
blk2377,5,4127044,4127044,1,0,0.056,NA
blk2378,5,4136726,4136726,1,0,0.0968,NA
blk2379,5,4139809,4139809,1,0,0.0936,NA
blk2380,5,4154786,4154786,1,0,0.055,NA
blk2381,5,4178582,4178582,1,0,0.321,NA
blk2382,5,4187188,4187188,1,0,0.4837,NA
blk2383,5,4202430,4202430,1,0,0.3719,NA
blk2384,5,4214006,4214006,1,0,0.3889,NA
blk2385,5,4221210,4221210,1,0,0.0594,NA
blk2386,5,4221617,4221617,1,0,0.4218,NA
blk2387,5,4228078,4228078,1,0,0.253,NA
blk2388,5,4235610,4235610,1,0,0.1297,NA
blk2389,5,4250844,4250844,1,0,0.0898,NA
blk2390,5,4258833,4258833,1,0,0.2219,NA
blk2391,5,4270003,4270003,1,0,0.1018,NA
blk2392,5,4287706,4287706,1,0,0.0617,NA
blk2393,5,4293543,4293543,1,0,0.3431,NA
blk2394,5,4293992,4293992,1,0,0.4914,NA
blk2395,5,4304532,4304639,2,107,0.2367,NA
blk2396,5,4326749,4326749,1,0,0.1591,NA
blk2397,5,4332710,4332710,1,0,0.3522,NA
blk2398,5,4334536,4334536,1,0,0.1059,NA
blk2399,5,4346857,4346857,1,0,0.3052,NA
blk2400,5,4354720,4354720,1,0,0.2375,NA
blk2401,5,4356580,4356580,1,0,0.3883,NA
blk2402,5,4359479,4359479,1,0,0.3647,NA
blk2403,5,4375233,4375233,1,0,0.4854,NA
blk2404,5,4383265,4383265,1,0,0.0995,NA
blk2405,5,4384736,4384736,1,0,0.3154,NA
blk2406,5,4392720,4392720,1,0,0.2277,NA
blk2407,5,4402695,4402695,1,0,0.118,NA
blk2408,5,4404241,4404241,1,0,0.1276,NA
blk2409,5,4407535,4407535,1,0,0.1528,NA
blk2410,5,4412341,4412341,1,0,0.4162,NA
blk2411,5,4437766,4437766,1,0,0.1601,NA
blk2412,5,4438481,4438481,1,0,0.4604,NA
blk2413,5,4457331,4457331,1,0,0.1648,NA
blk2414,5,4471026,4471026,1,0,0.2895,NA
blk2415,5,4504442,4504442,1,0,0.4305,NA
blk2416,5,4514096,4514096,1,0,0.3689,NA
blk2417,5,4523313,4523313,1,0,0.3847,NA
blk2418,5,4527534,4527534,1,0,0.1485,NA
blk2419,5,4529485,4529485,1,0,0.4234,NA
blk2420,5,4531810,4531810,1,0,0.3674,NA
blk2421,5,4579625,4579625,1,0,0.1811,NA
blk2422,5,4581362,4581362,1,0,0.4421,NA
blk2423,5,4587443,4587443,1,0,0.1544,NA
blk2424,5,4594190,4594190,1,0,0.46,NA
blk2425,5,4594924,4594924,1,0,0.1503,NA
blk2426,5,4609006,4609006,1,0,0.4073,NA
blk2427,5,4613409,4613409,1,0,0.3818,NA
blk2428,5,4618581,4618581,1,0,0.3311,NA
blk2429,5,4620028,4620028,1,0,0.3319,NA
blk2430,5,4632470,4632470,1,0,0.3211,NA
blk2431,5,4649062,4649062,1,0,0.332,NA
blk2432,5,4654114,4654114,1,0,0.0633,NA
blk2433,5,4689147,4689147,1,0,0.2672,NA
blk2434,5,4695665,4695665,1,0,0.2821,NA
blk2435,5,4701538,4701538,1,0,0.4785,NA
blk2436,5,4705892,4705892,1,0,0.1774,NA
blk2437,5,4739215,4739215,1,0,0.3462,NA
blk2438,5,4752186,4752186,1,0,0.2376,NA
blk2439,5,4763259,4763259,1,0,0.3683,NA
blk2440,5,4775633,4775633,1,0,0.3041,NA
blk2441,5,4780813,4780813,1,0,0.4593,NA
blk2442,5,4811594,4811594,1,0,0.3005,NA
blk2443,5,4841010,4841010,1,0,0.0555,NA
blk2444,5,4853025,4853025,1,0,0.4853,NA
blk2445,5,4865675,4865675,1,0,0.4985,NA
blk2446,5,4875071,4875071,1,0,0.4943,NA
blk2447,5,4875835,4875835,1,0,0.2548,NA
blk2448,5,4877048,4877048,1,0,0.2118,NA
blk2449,5,4891771,4891771,1,0,0.139,NA
blk2450,5,4893307,4893307,1,0,0.1111,NA
blk2451,5,4896219,4896219,1,0,0.3925,NA
blk2452,5,4917761,4917761,1,0,0.0785,NA
blk2453,5,4918173,4918173,1,0,0.118,NA
blk2454,5,4935934,4935934,1,0,0.3481,NA
blk2455,5,4936362,4936362,1,0,0.1984,NA
blk2456,5,4938078,4938078,1,0,0.1307,NA
blk2457,5,4946954,4946954,1,0,0.3763,NA
blk2458,5,4952463,4952463,1,0,0.0739,NA
blk2459,5,4961677,4961677,1,0,0.2393,NA
blk2460,5,4962097,4962097,1,0,0.1855,NA
blk2461,5,4962838,4962838,1,0,0.1413,NA
blk2462,5,4964335,4964335,1,0,0.1565,NA
blk2463,5,4969776,4969776,1,0,0.2286,NA
blk2464,5,4971938,4971938,1,0,0.2725,NA
blk2465,5,4974895,4974895,1,0,0.4428,NA
blk2466,5,4983484,4983484,1,0,0.0998,NA
blk2467,6,10842,10842,1,0,0.0731,NA
blk2468,6,27276,27276,1,0,0.1256,NA
blk2469,6,43179,43179,1,0,0.356,NA
blk2470,6,50411,50411,1,0,0.2442,NA
blk2471,6,62174,62174,1,0,0.1021,NA
blk2472,6,83726,83726,1,0,0.4609,NA
blk2473,6,96802,96802,1,0,0.2763,NA
blk2474,6,99967,99967,1,0,0.0638,NA
blk2475,6,101330,101330,1,0,0.1884,NA
blk2476,6,105553,105553,1,0,0.3391,NA
blk2477,6,113148,113148,1,0,0.2638,NA
blk2478,6,114292,114292,1,0,0.1901,NA
blk2479,6,116722,116722,1,0,0.3453,NA
blk2480,6,130973,130973,1,0,0.0532,NA
blk2481,6,133597,133597,1,0,0.131,NA
blk2482,6,147665,147665,1,0,0.0863,NA
blk2483,6,157200,157200,1,0,0.0735,NA
blk2484,6,157921,157921,1,0,0.1707,NA
blk2485,6,172194,172194,1,0,0.0952,NA
blk2486,6,177667,177667,1,0,0.274,NA
blk2487,6,201196,201196,1,0,0.051,NA
blk2488,6,208813,208813,1,0,0.4627,NA
blk2489,6,209338,209338,1,0,0.2174,NA
blk2490,6,209861,209861,1,0,0.4905,NA
blk2491,6,211250,211250,1,0,0.3663,NA
blk2492,6,216740,216740,1,0,0.288,NA
blk2493,6,222863,222863,1,0,0.3269,NA
blk2494,6,229527,229527,1,0,0.3315,NA
blk2495,6,234654,234654,1,0,0.0928,NA
blk2496,6,242921,242921,1,0,0.4983,NA
blk2497,6,245195,245195,1,0,0.1043,NA
blk2498,6,248363,248363,1,0,0.1035,NA
blk2499,6,252702,252702,1,0,0.4322,NA
blk2500,6,254280,254280,1,0,0.3921,NA
blk2501,6,271388,271388,1,0,0.2288,NA
blk2502,6,285803,285803,1,0,0.3179,NA
blk2503,6,286772,286772,1,0,0.2913,NA
blk2504,6,303734,303734,1,0,0.4071,NA
blk2505,6,312673,312673,1,0,0.4692,NA
blk2506,6,318124,318124,1,0,0.3956,NA
blk2507,6,322219,322219,1,0,0.2,NA
blk2508,6,327425,327425,1,0,0.1302,NA
blk2509,6,354881,354881,1,0,0.2556,NA
blk2510,6,372658,372658,1,0,0.47,NA
blk2511,6,393108,393108,1,0,0.06,NA
blk2512,6,395841,395841,1,0,0.1256,NA
blk2513,6,401837,401837,1,0,0.4133,NA
blk2514,6,444223,444223,1,0,0.4582,NA
blk2515,6,445077,445077,1,0,0.0586,NA
blk2516,6,449113,449113,1,0,0.4182,NA
blk2517,6,464109,464109,1,0,0.4148,NA
blk2518,6,471452,471452,1,0,0.2151,NA
blk2519,6,479650,479650,1,0,0.0818,NA
blk2520,6,496250,496250,1,0,0.204,NA
blk2521,6,516643,516643,1,0,0.2687,NA
blk2522,6,518836,518836,1,0,0.4997,NA
blk2523,6,520724,520724,1,0,0.3322,NA
blk2524,6,529508,529508,1,0,0.4248,NA
blk2525,6,543932,543932,1,0,0.3395,NA
blk2526,6,551874,551874,1,0,0.1506,NA
blk2527,6,557791,557791,1,0,0.3383,NA
blk2528,6,560300,560300,1,0,0.0824,NA
blk2529,6,570309,570309,1,0,0.1309,NA
blk2530,6,593169,593169,1,0,0.3819,NA
blk2531,6,598666,598666,1,0,0.4211,NA
blk2532,6,620103,620103,1,0,0.3587,NA
blk2533,6,636662,636662,1,0,0.3172,NA
blk2534,6,638549,638549,1,0,0.1972,NA
blk2535,6,663184,663184,1,0,0.4409,NA
blk2536,6,664564,664564,1,0,0.3373,NA
blk2537,6,670092,670092,1,0,0.48,NA
blk2538,6,695840,695840,1,0,0.3911,NA
blk2539,6,703067,703067,1,0,0.3033,NA
blk2540,6,719345,719345,1,0,0.3625,NA
blk2541,6,722222,722222,1,0,0.3568,NA
blk2542,6,740016,740016,1,0,0.057,NA
blk2543,6,745530,745530,1,0,0.3865,NA
blk2544,6,786428,786428,1,0,0.1536,NA
blk2545,6,799593,799593,1,0,0.1725,NA
blk2546,6,809959,809959,1,0,0.2628,NA
blk2547,6,811925,811925,1,0,0.3485,NA
blk2548,6,812067,812067,1,0,0.2985,NA
blk2549,6,827843,827843,1,0,0.0695,NA
blk2550,6,831868,831868,1,0,0.269,NA
blk2551,6,840551,840551,1,0,0.0997,NA
blk2552,6,842372,842372,1,0,0.1495,NA
blk2553,6,852685,852685,1,0,0.326,NA
blk2554,6,897671,897671,1,0,0.3428,NA
blk2555,6,936933,936933,1,0,0.255,NA
blk2556,6,952164,952164,1,0,0.1726,NA
blk2557,6,953381,953381,1,0,0.0693,NA
blk2558,6,975092,975092,1,0,0.4231,NA
blk2559,6,1012998,1012998,1,0,0.0873,NA
blk2560,6,1028952,1028952,1,0,0.1402,NA
blk2561,6,1035039,1035039,1,0,0.2798,NA
blk2562,6,1043458,1043458,1,0,0.4578,NA
blk2563,6,1055049,1055049,1,0,0.0795,NA
blk2564,6,1056674,1056674,1,0,0.3637,NA
blk2565,6,1057376,1057376,1,0,0.452,NA
blk2566,6,1068728,1068728,1,0,0.4401,NA
blk2567,6,1091599,1091599,1,0,0.4257,NA
blk2568,6,1130855,1130945,2,90,0.096,NA
blk2569,6,1158198,1158198,1,0,0.4491,NA
blk2570,6,1158620,1158620,1,0,0.1538,NA
blk2571,6,1162135,1162135,1,0,0.2332,NA
blk2572,6,1175800,1175800,1,0,0.3587,NA
blk2573,6,1192082,1192082,1,0,0.3891,NA
blk2574,6,1200300,1200300,1,0,0.3766,NA
blk2575,6,1206513,1206513,1,0,0.4878,NA
blk2576,6,1212017,1212017,1,0,0.1461,NA
blk2577,6,1230800,1230800,1,0,0.4271,NA
blk2578,6,1239310,1239310,1,0,0.4952,NA
blk2579,6,1241044,1241044,1,0,0.3146,NA
blk2580,6,1256858,1256858,1,0,0.4,NA
blk2581,6,1261551,1261551,1,0,0.4873,NA
blk2582,6,1265120,1265120,1,0,0.1714,NA
blk2583,6,1276327,1276327,1,0,0.457,NA
blk2584,6,1277979,1277979,1,0,0.2342,NA
blk2585,6,1286452,1286452,1,0,0.3659,NA
blk2586,6,1300948,1300948,1,0,0.1534,NA
blk2587,6,1316458,1316458,1,0,0.1514,NA
blk2588,6,1331370,1331370,1,0,0.419,NA
blk2589,6,1336999,1336999,1,0,0.2332,NA
blk2590,6,1337147,1337147,1,0,0.2747,NA
blk2591,6,1345457,1345457,1,0,0.4029,NA
blk2592,6,1358143,1358143,1,0,0.0617,NA
blk2593,6,1364591,1364591,1,0,0.2794,NA
blk2594,6,1385272,1385272,1,0,0.3364,NA
blk2595,6,1394679,1394679,1,0,0.3898,NA
blk2596,6,1396323,1396323,1,0,0.2196,NA
blk2597,6,1404140,1404140,1,0,0.1253,NA
blk2598,6,1406516,1406516,1,0,0.1302,NA
blk2599,6,1427535,1427535,1,0,0.064,NA
blk2600,6,1430682,1430682,1,0,0.4332,NA
blk2601,6,1444124,1444124,1,0,0.1712,NA
blk2602,6,1474730,1474730,1,0,0.2937,NA
blk2603,6,1477479,1477479,1,0,0.2144,NA
blk2604,6,1513104,1513104,1,0,0.4268,NA
blk2605,6,1524797,1524797,1,0,0.3074,NA
blk2606,6,1528189,1528189,1,0,0.3996,NA
blk2607,6,1530214,1530214,1,0,0.2828,NA
blk2608,6,1553342,1553342,1,0,0.0858,NA
blk2609,6,1554946,1554946,1,0,0.4592,NA
blk2610,6,1559354,1559354,1,0,0.1434,NA
blk2611,6,1560029,1560029,1,0,0.4282,NA
blk2612,6,1563160,1563160,1,0,0.0768,NA
blk2613,6,1564650,1564650,1,0,0.1134,NA
blk2614,6,1566407,1566407,1,0,0.4007,NA
blk2615,6,1568575,1568575,1,0,0.1985,NA
blk2616,6,1569721,1569721,1,0,0.1796,NA
blk2617,6,1570465,1570465,1,0,0.0651,NA
blk2618,6,1586058,1586058,1,0,0.2766,NA
blk2619,6,1587112,1587112,1,0,0.4119,NA
blk2620,6,1587619,1587619,1,0,0.4731,NA
blk2621,6,1623767,1623767,1,0,0.0808,NA
blk2622,6,1624226,1624226,1,0,0.4385,NA
blk2623,6,1626148,1626148,1,0,0.1626,NA
blk2624,6,1628136,1628136,1,0,0.0949,NA
blk2625,6,1629421,1629421,1,0,0.1993,NA
blk2626,6,1633994,1633994,1,0,0.1672,NA
blk2627,6,1635633,1635633,1,0,0.1389,NA
blk2628,6,1636270,1636270,1,0,0.4682,NA
blk2629,6,1673764,1673764,1,0,0.4404,NA
blk2630,6,1687470,1687470,1,0,0.1232,NA
blk2631,6,1700388,1700388,1,0,0.0769,NA
blk2632,6,1767075,1767075,1,0,0.3498,NA
blk2633,6,1773106,1773106,1,0,0.128,NA
blk2634,6,1793235,1793235,1,0,0.2615,NA
blk2635,6,1818284,1818284,1,0,0.3014,NA
blk2636,6,1820948,1820948,1,0,0.332,NA
blk2637,6,1823171,1823171,1,0,0.4199,NA
blk2638,6,1834013,1834013,1,0,0.3345,NA
blk2639,6,1837930,1837930,1,0,0.3245,NA
blk2640,6,1846808,1846808,1,0,0.1057,NA
blk2641,6,1855915,1855915,1,0,0.3809,NA
blk2642,6,1862252,1862252,1,0,0.1038,NA
blk2643,6,1873277,1873277,1,0,0.279,NA
blk2644,6,1877034,1877034,1,0,0.3214,NA
blk2645,6,1888777,1888777,1,0,0.4689,NA
blk2646,6,1891251,1891251,1,0,0.4066,NA
blk2647,6,1913340,1913340,1,0,0.4965,NA
blk2648,6,1925375,1925375,1,0,0.1925,NA
blk2649,6,1934217,1934217,1,0,0.4794,NA
blk2650,6,1946778,1946778,1,0,0.3463,NA
blk2651,6,1948004,1948004,1,0,0.1089,NA
blk2652,6,1970300,1970300,1,0,0.1097,NA
blk2653,6,1973053,1973053,1,0,0.4133,NA
blk2654,6,1982477,1982477,1,0,0.3409,NA
blk2655,6,1984562,1984562,1,0,0.4069,NA
blk2656,6,1993497,1993497,1,0,0.4808,NA
blk2657,6,1995196,1995196,1,0,0.4564,NA
blk2658,6,1997118,1997118,1,0,0.2578,NA
blk2659,6,1998717,1998717,1,0,0.4684,NA
blk2660,6,2018401,2018401,1,0,0.3449,NA
blk2661,6,2029910,2029910,1,0,0.0856,NA
blk2662,6,2037848,2037848,1,0,0.2717,NA
blk2663,6,2039032,2039032,1,0,0.1266,NA
blk2664,6,2039229,2039229,1,0,0.3118,NA
blk2665,6,2040480,2040480,1,0,0.1339,NA
blk2666,6,2042970,2042970,1,0,0.402,NA
blk2667,6,2046048,2046048,1,0,0.1633,NA
blk2668,6,2054935,2055010,2,75,0.4536,NA
blk2669,6,2057958,2057958,1,0,0.222,NA
blk2670,6,2084145,2084145,1,0,0.478,NA
blk2671,6,2095535,2095535,1,0,0.19,NA
blk2672,6,2110899,2110899,1,0,0.4527,NA
blk2673,6,2116931,2116931,1,0,0.3985,NA
blk2674,6,2130148,2130148,1,0,0.0762,NA
blk2675,6,2144476,2144476,1,0,0.1028,NA
blk2676,6,2144607,2144607,1,0,0.1238,NA
blk2677,6,2145253,2145253,1,0,0.369,NA
blk2678,6,2147297,2147297,1,0,0.2074,NA
blk2679,6,2163266,2163266,1,0,0.1053,NA
blk2680,6,2168032,2168032,1,0,0.2124,NA
blk2681,6,2176372,2176372,1,0,0.4976,NA
blk2682,6,2181375,2181375,1,0,0.483,NA
blk2683,6,2190578,2190578,1,0,0.1221,NA
blk2684,6,2206393,2206393,1,0,0.2915,NA
blk2685,6,2208822,2208822,1,0,0.347,NA
blk2686,6,2229255,2229255,1,0,0.2488,NA
blk2687,6,2275933,2275933,1,0,0.2842,NA
blk2688,6,2284935,2284935,1,0,0.3904,NA
blk2689,6,2300537,2300537,1,0,0.4291,NA
blk2690,6,2301133,2301133,1,0,0.1596,NA
blk2691,6,2311477,2311477,1,0,0.2016,NA
blk2692,6,2314506,2314506,1,0,0.34,NA
blk2693,6,2315025,2315025,1,0,0.1179,NA
blk2694,6,2319319,2319319,1,0,0.2728,NA
blk2695,6,2322423,2322423,1,0,0.1188,NA
blk2696,6,2326662,2326662,1,0,0.1152,NA
blk2697,6,2336874,2336874,1,0,0.4698,NA
blk2698,6,2361094,2361094,1,0,0.1234,NA
blk2699,6,2365260,2365260,1,0,0.4053,NA
blk2700,6,2370042,2370042,1,0,0.3653,NA
blk2701,6,2382237,2382237,1,0,0.1715,NA
blk2702,6,2392218,2392218,1,0,0.0856,NA
blk2703,6,2400771,2400771,1,0,0.2568,NA
blk2704,6,2401656,2401656,1,0,0.2097,NA
blk2705,6,2402594,2402594,1,0,0.2322,NA
blk2706,6,2435230,2435230,1,0,0.1843,NA
blk2707,6,2443467,2443467,1,0,0.2187,NA
blk2708,6,2472213,2472213,1,0,0.2097,NA
blk2709,6,2476960,2476960,1,0,0.3114,NA
blk2710,6,2480221,2480221,1,0,0.0646,NA
blk2711,6,2498370,2498370,1,0,0.2927,NA
blk2712,6,2510727,2510727,1,0,0.3299,NA
blk2713,6,2523868,2523868,1,0,0.4583,NA
blk2714,6,2533378,2533378,1,0,0.3811,NA
blk2715,6,2542076,2542076,1,0,0.2627,NA
blk2716,6,2559505,2559505,1,0,0.0664,NA
blk2717,6,2567741,2567741,1,0,0.4531,NA
blk2718,6,2582972,2582972,1,0,0.414,NA
blk2719,6,2607288,2607288,1,0,0.1831,NA
blk2720,6,2607498,2607498,1,0,0.0522,NA
blk2721,6,2647905,2647905,1,0,0.3919,NA
blk2722,6,2662198,2662198,1,0,0.4923,NA
blk2723,6,2664723,2664723,1,0,0.3443,NA
blk2724,6,2665485,2665485,1,0,0.4306,NA
blk2725,6,2673466,2673466,1,0,0.2345,NA
blk2726,6,2681676,2681676,1,0,0.3122,NA
blk2727,6,2696728,2696728,1,0,0.4465,NA
blk2728,6,2700345,2700345,1,0,0.1917,NA
blk2729,6,2718513,2718513,1,0,0.4981,NA
blk2730,6,2731439,2731439,1,0,0.3033,NA
blk2731,6,2759380,2759380,1,0,0.1693,NA
blk2732,6,2765281,2765281,1,0,0.4063,NA
blk2733,6,2772123,2772123,1,0,0.2453,NA
blk2734,6,2776188,2776188,1,0,0.0511,NA
blk2735,6,2779170,2779170,1,0,0.4404,NA
blk2736,6,2781054,2781054,1,0,0.4469,NA
blk2737,6,2796415,2796415,1,0,0.2955,NA
blk2738,6,2804299,2804299,1,0,0.4755,NA
blk2739,6,2810724,2810724,1,0,0.4333,NA
blk2740,6,2829654,2829654,1,0,0.4534,NA
blk2741,6,2835653,2835653,1,0,0.1657,NA
blk2742,6,2857220,2857220,1,0,0.3367,NA
blk2743,6,2866059,2866059,1,0,0.3447,NA
blk2744,6,2866956,2866956,1,0,0.3824,NA
blk2745,6,2868710,2868710,1,0,0.1384,NA
blk2746,6,2878153,2878153,1,0,0.126,NA
blk2747,6,2896009,2896009,1,0,0.382,NA
blk2748,6,2896286,2896286,1,0,0.4964,NA
blk2749,6,2906186,2906186,1,0,0.0672,NA
blk2750,6,2942406,2942406,1,0,0.2019,NA
blk2751,6,2966684,2966684,1,0,0.1037,NA
blk2752,6,2987392,2987392,1,0,0.1791,NA
blk2753,6,3033577,3033577,1,0,0.2002,NA
blk2754,6,3036404,3036404,1,0,0.2292,NA
blk2755,6,3051516,3051516,1,0,0.0957,NA
blk2756,6,3051822,3051822,1,0,0.4714,NA
blk2757,6,3076606,3076606,1,0,0.4837,NA
blk2758,6,3094064,3094064,1,0,0.3571,NA
blk2759,6,3102616,3102616,1,0,0.3006,NA
blk2760,6,3110297,3110297,1,0,0.3452,NA
blk2761,6,3113004,3113004,1,0,0.3117,NA
blk2762,6,3115025,3115025,1,0,0.3887,NA
blk2763,6,3135092,3135092,1,0,0.4733,NA
blk2764,6,3174390,3174390,1,0,0.1705,NA
blk2765,6,3178361,3178361,1,0,0.2437,NA
blk2766,6,3179962,3179962,1,0,0.2749,NA
blk2767,6,3186705,3186705,1,0,0.1632,NA
blk2768,6,3190104,3190104,1,0,0.1986,NA
blk2769,6,3197326,3197326,1,0,0.3148,NA
blk2770,6,3201750,3201750,1,0,0.4113,NA
blk2771,6,3207953,3207953,1,0,0.2405,NA
blk2772,6,3208666,3208666,1,0,0.318,NA
blk2773,6,3209156,3209156,1,0,0.3324,NA
blk2774,6,3218071,3218071,1,0,0.1262,NA
blk2775,6,3223728,3223728,1,0,0.4629,NA
blk2776,6,3229194,3229194,1,0,0.2673,NA
blk2777,6,3238253,3238253,1,0,0.4142,NA
blk2778,6,3275434,3275434,1,0,0.3322,NA
blk2779,6,3279027,3279027,1,0,0.4328,NA
blk2780,6,3281480,3281480,1,0,0.269,NA
blk2781,6,3285251,3285251,1,0,0.0605,NA
blk2782,6,3293020,3293020,1,0,0.3139,NA
blk2783,6,3295385,3295385,1,0,0.4542,NA
blk2784,6,3296696,3296696,1,0,0.0571,NA
blk2785,6,3301092,3301092,1,0,0.3764,NA
blk2786,6,3311445,3311445,1,0,0.0683,NA
blk2787,6,3313652,3313652,1,0,0.1301,NA
blk2788,6,3315854,3315854,1,0,0.2534,NA
blk2789,6,3320148,3320148,1,0,0.283,NA
blk2790,6,3322279,3322279,1,0,0.4104,NA
blk2791,6,3329376,3329376,1,0,0.0543,NA
blk2792,6,3334613,3334613,1,0,0.4175,NA
blk2793,6,3340971,3340971,1,0,0.2036,NA
blk2794,6,3364052,3364052,1,0,0.4884,NA
blk2795,6,3366846,3366846,1,0,0.2886,NA
blk2796,6,3369969,3369969,1,0,0.0939,NA
blk2797,6,3402316,3402316,1,0,0.0918,NA
blk2798,6,3429316,3429316,1,0,0.0786,NA
blk2799,6,3440380,3440380,1,0,0.2555,NA
blk2800,6,3443553,3443553,1,0,0.0504,NA
blk2801,6,3445776,3445776,1,0,0.3839,NA
blk2802,6,3453297,3453297,1,0,0.0722,NA
blk2803,6,3455756,3455756,1,0,0.3981,NA
blk2804,6,3479239,3479239,1,0,0.1552,NA
blk2805,6,3483329,3483329,1,0,0.2733,NA
blk2806,6,3484224,3484224,1,0,0.2808,NA
blk2807,6,3486243,3486243,1,0,0.3641,NA
blk2808,6,3489175,3489175,1,0,0.3408,NA
blk2809,6,3499642,3499642,1,0,0.2901,NA
blk2810,6,3500802,3500802,1,0,0.3024,NA
blk2811,6,3504141,3504141,1,0,0.1782,NA
blk2812,6,3505234,3505234,1,0,0.3445,NA
blk2813,6,3513821,3513821,1,0,0.261,NA
blk2814,6,3514253,3514253,1,0,0.3115,NA
blk2815,6,3516576,3516576,1,0,0.316,NA
blk2816,6,3517069,3517069,1,0,0.4466,NA
blk2817,6,3517958,3517958,1,0,0.3153,NA
blk2818,6,3532562,3532562,1,0,0.2529,NA
blk2819,6,3532955,3532955,1,0,0.2725,NA
blk2820,6,3543471,3543471,1,0,0.4001,NA
blk2821,6,3547333,3547333,1,0,0.4662,NA
blk2822,6,3573023,3573023,1,0,0.2034,NA
blk2823,6,3579431,3579431,1,0,0.1592,NA
blk2824,6,3599204,3599204,1,0,0.3756,NA
blk2825,6,3600258,3600258,1,0,0.3652,NA
blk2826,6,3606203,3606203,1,0,0.4521,NA
blk2827,6,3609943,3609943,1,0,0.0939,NA
blk2828,6,3621989,3622089,2,100,0.1427,NA
blk2829,6,3623950,3623950,1,0,0.4689,NA
blk2830,6,3637931,3637931,1,0,0.1798,NA
blk2831,6,3649139,3649139,1,0,0.087,NA
blk2832,6,3663942,3663942,1,0,0.4233,NA
blk2833,6,3669223,3669223,1,0,0.2901,NA
blk2834,6,3670598,3670598,1,0,0.102,NA
blk2835,6,3674098,3674098,1,0,0.3047,NA
blk2836,6,3676520,3676543,2,23,0.1648,NA
blk2837,6,3687538,3687538,1,0,0.435,NA
blk2838,6,3688825,3688825,1,0,0.3163,NA
blk2839,6,3695770,3695770,1,0,0.3705,NA
blk2840,6,3708230,3708230,1,0,0.2733,NA
blk2841,6,3712978,3712978,1,0,0.1928,NA
blk2842,6,3714182,3714182,1,0,0.2969,NA
blk2843,6,3737717,3737717,1,0,0.4795,NA
blk2844,6,3739240,3739240,1,0,0.1849,NA
blk2845,6,3754693,3754693,1,0,0.2516,NA
blk2846,6,3760081,3760081,1,0,0.3498,NA
blk2847,6,3771970,3771970,1,0,0.0826,NA
blk2848,6,3776089,3776089,1,0,0.0698,NA
blk2849,6,3782159,3782159,1,0,0.2367,NA
blk2850,6,3792816,3792816,1,0,0.105,NA
blk2851,6,3840447,3840447,1,0,0.2597,NA
blk2852,6,3858424,3858424,1,0,0.4171,NA
blk2853,6,3859570,3859570,1,0,0.3762,NA
blk2854,6,3863018,3863018,1,0,0.3192,NA
blk2855,6,3868504,3868504,1,0,0.3511,NA
blk2856,6,3877217,3877217,1,0,0.1771,NA
blk2857,6,3891171,3891171,1,0,0.1232,NA
blk2858,6,3891635,3891635,1,0,0.1923,NA
blk2859,6,3893518,3893518,1,0,0.1094,NA
blk2860,6,3905226,3905226,1,0,0.2648,NA
blk2861,6,3916999,3916999,1,0,0.1163,NA
blk2862,6,3919310,3919310,1,0,0.18,NA
blk2863,6,3921742,3921742,1,0,0.47,NA
blk2864,6,3932342,3932342,1,0,0.4539,NA
blk2865,6,3938156,3938156,1,0,0.053900000000000003,NA
blk2866,6,3947689,3947689,1,0,0.1165,NA
blk2867,6,3959521,3959521,1,0,0.1669,NA
blk2868,6,3966556,3966556,1,0,0.1192,NA
blk2869,6,3967853,3967853,1,0,0.2332,NA
blk2870,6,3970352,3970352,1,0,0.3954,NA
blk2871,6,3977843,3977843,1,0,0.1408,NA
blk2872,6,3988578,3988578,1,0,0.3566,NA
blk2873,6,3994809,3994809,1,0,0.1623,NA
blk2874,6,3995700,3995700,1,0,0.0784,NA
blk2875,6,3998791,3998791,1,0,0.2878,NA
blk2876,6,3999188,3999188,1,0,0.1126,NA
blk2877,6,4005646,4005646,1,0,0.3235,NA
blk2878,6,4039755,4039755,1,0,0.324,NA
blk2879,6,4057772,4057772,1,0,0.2295,NA
blk2880,6,4064146,4064146,1,0,0.1323,NA
blk2881,6,4066306,4066306,1,0,0.0813,NA
blk2882,6,4069457,4069457,1,0,0.4649,NA
blk2883,6,4082236,4082236,1,0,0.1589,NA
blk2884,6,4143132,4143132,1,0,0.1486,NA
blk2885,6,4145966,4145966,1,0,0.1454,NA
blk2886,6,4160059,4160059,1,0,0.4792,NA
blk2887,6,4161440,4161440,1,0,0.3533,NA
blk2888,6,4166574,4166574,1,0,0.3232,NA
blk2889,6,4173707,4173707,1,0,0.1958,NA
blk2890,6,4200921,4200921,1,0,0.1553,NA
blk2891,6,4207512,4207512,1,0,0.2621,NA
blk2892,6,4237521,4237521,1,0,0.1674,NA
blk2893,6,4263550,4263550,1,0,0.0529,NA
blk2894,6,4265623,4265623,1,0,0.1344,NA
blk2895,6,4266607,4266607,1,0,0.0779,NA
blk2896,6,4266794,4266794,1,0,0.3231,NA
blk2897,6,4288021,4288021,1,0,0.1186,NA
blk2898,6,4295268,4295268,1,0,0.3981,NA
blk2899,6,4300332,4300332,1,0,0.2342,NA
blk2900,6,4301189,4301189,1,0,0.1199,NA
blk2901,6,4324202,4324202,1,0,0.4688,NA
blk2902,6,4355543,4355543,1,0,0.283,NA
blk2903,6,4357628,4357628,1,0,0.1794,NA
blk2904,6,4365538,4365538,1,0,0.1574,NA
blk2905,6,4369742,4369742,1,0,0.3969,NA
blk2906,6,4379918,4379918,1,0,0.3154,NA
blk2907,6,4381275,4381275,1,0,0.4686,NA
blk2908,6,4397009,4397009,1,0,0.0978,NA
blk2909,6,4408960,4408960,1,0,0.0699,NA
blk2910,6,4411750,4411750,1,0,0.0915,NA
blk2911,6,4429579,4429579,1,0,0.3362,NA
blk2912,6,4430559,4430559,1,0,0.2016,NA
blk2913,6,4437155,4437155,1,0,0.4201,NA
blk2914,6,4441315,4441315,1,0,0.3497,NA
blk2915,6,4441540,4441540,1,0,0.0635,NA
blk2916,6,4458967,4458967,1,0,0.0681,NA
blk2917,6,4459727,4459727,1,0,0.3491,NA
blk2918,6,4499809,4499809,1,0,0.058,NA
blk2919,6,4513763,4513763,1,0,0.3412,NA
blk2920,6,4531761,4531761,1,0,0.4144,NA
blk2921,6,4559946,4559946,1,0,0.4189,NA
blk2922,6,4570146,4570146,1,0,0.0769,NA
blk2923,6,4585809,4585809,1,0,0.1307,NA
blk2924,6,4594001,4594001,1,0,0.1089,NA
blk2925,6,4599681,4599681,1,0,0.167,NA
blk2926,6,4599816,4599816,1,0,0.4807,NA
blk2927,6,4600608,4600608,1,0,0.1425,NA
blk2928,6,4636610,4636610,1,0,0.4308,NA
blk2929,6,4663594,4663594,1,0,0.4823,NA
blk2930,6,4663874,4663874,1,0,0.0657,NA
blk2931,6,4664683,4664683,1,0,0.4813,NA
blk2932,6,4673481,4673481,1,0,0.1348,NA
blk2933,6,4688611,4688611,1,0,0.1427,NA
blk2934,6,4692748,4692748,1,0,0.4045,NA
blk2935,6,4697378,4697378,1,0,0.4932,NA
blk2936,6,4700823,4700823,1,0,0.0536,NA
blk2937,6,4714299,4714299,1,0,0.0928,NA
blk2938,6,4719484,4719484,1,0,0.1747,NA
blk2939,6,4725023,4725023,1,0,0.2802,NA
blk2940,6,4733513,4733513,1,0,0.2587,NA
blk2941,6,4750778,4750778,1,0,0.1374,NA
blk2942,6,4763942,4763942,1,0,0.3643,NA
blk2943,6,4767623,4767623,1,0,0.1126,NA
blk2944,6,4784842,4784842,1,0,0.3949,NA
blk2945,6,4787036,4787036,1,0,0.4802,NA
blk2946,6,4792009,4792009,1,0,0.4531,NA
blk2947,6,4800206,4800206,1,0,0.3058,NA
blk2948,6,4840189,4840189,1,0,0.4985,NA
blk2949,6,4844150,4844150,1,0,0.2873,NA
blk2950,6,4844285,4844285,1,0,0.2767,NA
blk2951,6,4873375,4873375,1,0,0.1632,NA
blk2952,6,4878539,4878539,1,0,0.0787,NA
blk2953,6,4895525,4895525,1,0,0.1046,NA
blk2954,6,4898869,4898869,1,0,0.436,NA
blk2955,6,4919786,4919786,1,0,0.1399,NA
blk2956,6,4931213,4931213,1,0,0.182,NA
blk2957,6,4934247,4934247,1,0,0.1546,NA
blk2958,6,4944002,4944002,1,0,0.1617,NA
blk2959,6,4964711,4964711,1,0,0.4315,NA
blk2960,6,4970593,4970593,1,0,0.4157,NA
blk2961,6,4972956,4972956,1,0,0.3578,NA
blk2962,6,4993492,4993492,1,0,0.3117,NA
blk2963,7,8995,8995,1,0,0.0699,NA
blk2964,7,10358,10358,1,0,0.0921,NA
blk2965,7,22218,22218,1,0,0.4264,NA
blk2966,7,40695,40695,1,0,0.3867,NA
blk2967,7,46170,46170,1,0,0.4802,NA
blk2968,7,58877,58877,1,0,0.0804,NA
blk2969,7,66647,66647,1,0,0.1921,NA
blk2970,7,70785,70785,1,0,0.4604,NA
blk2971,7,72605,72605,1,0,0.4995,NA
blk2972,7,76508,76508,1,0,0.4571,NA
blk2973,7,95601,95601,1,0,0.3038,NA
blk2974,7,111860,111860,1,0,0.2925,NA
blk2975,7,113305,113305,1,0,0.4956,NA
blk2976,7,120902,120902,1,0,0.2957,NA
blk2977,7,131203,131203,1,0,0.461,NA
blk2978,7,141264,141264,1,0,0.4849,NA
blk2979,7,168217,168217,1,0,0.0578,NA
blk2980,7,179898,179898,1,0,0.4897,NA
blk2981,7,186352,186352,1,0,0.4703,NA
blk2982,7,198923,198923,1,0,0.197,NA
blk2983,7,227941,227941,1,0,0.2858,NA
blk2984,7,232903,232903,1,0,0.1507,NA
blk2985,7,235824,235824,1,0,0.1687,NA
blk2986,7,239267,239267,1,0,0.4906,NA
blk2987,7,242063,242063,1,0,0.1491,NA
blk2988,7,247219,247219,1,0,0.093,NA
blk2989,7,251502,251502,1,0,0.135,NA
blk2990,7,265290,265290,1,0,0.1967,NA
blk2991,7,271677,271677,1,0,0.3037,NA
blk2992,7,282782,282782,1,0,0.3422,NA
blk2993,7,288546,288546,1,0,0.1753,NA
blk2994,7,290031,290031,1,0,0.4068,NA
blk2995,7,302555,302555,1,0,0.3924,NA
blk2996,7,312010,312010,1,0,0.4705,NA
blk2997,7,315758,315758,1,0,0.1922,NA
blk2998,7,328184,328184,1,0,0.2801,NA
blk2999,7,332446,332446,1,0,0.3373,NA
blk3000,7,333717,333717,1,0,0.2833,NA
blk3001,7,351330,351330,1,0,0.4301,NA
blk3002,7,352832,352832,1,0,0.0861,NA
blk3003,7,377317,377317,1,0,0.4417,NA
blk3004,7,404942,404942,1,0,0.0572,NA
blk3005,7,405412,405412,1,0,0.4587,NA
blk3006,7,444695,444695,1,0,0.3545,NA
blk3007,7,458139,458139,1,0,0.1856,NA
blk3008,7,469328,469328,1,0,0.12,NA
blk3009,7,470959,470959,1,0,0.1081,NA
blk3010,7,479993,479993,1,0,0.4829,NA
blk3011,7,484749,484749,1,0,0.471,NA
blk3012,7,487186,487186,1,0,0.3989,NA
blk3013,7,507449,507449,1,0,0.2312,NA
blk3014,7,530988,530988,1,0,0.123,NA
blk3015,7,548045,548045,1,0,0.2706,NA
blk3016,7,550008,550008,1,0,0.335,NA
blk3017,7,553669,553669,1,0,0.3796,NA
blk3018,7,557467,557467,1,0,0.2504,NA
blk3019,7,575644,575644,1,0,0.1586,NA
blk3020,7,581137,581137,1,0,0.2392,NA
blk3021,7,591643,591643,1,0,0.1844,NA
blk3022,7,592128,592128,1,0,0.1013,NA
blk3023,7,594879,594879,1,0,0.4775,NA
blk3024,7,596310,596310,1,0,0.2915,NA
blk3025,7,602577,602577,1,0,0.4975,NA
blk3026,7,604975,604975,1,0,0.2729,NA
blk3027,7,605346,605346,1,0,0.3954,NA
blk3028,7,610087,610087,1,0,0.2021,NA
blk3029,7,613257,613257,1,0,0.3355,NA
blk3030,7,614213,614213,1,0,0.3849,NA
blk3031,7,621469,621469,1,0,0.445,NA
blk3032,7,664112,664112,1,0,0.1794,NA
blk3033,7,669582,669582,1,0,0.3663,NA
blk3034,7,670865,670865,1,0,0.1724,NA
blk3035,7,681797,681797,1,0,0.2882,NA
blk3036,7,697511,697511,1,0,0.3463,NA
blk3037,7,698937,698937,1,0,0.3586,NA
blk3038,7,708851,708851,1,0,0.2452,NA
blk3039,7,721414,721414,1,0,0.264,NA
blk3040,7,726133,726133,1,0,0.2692,NA
blk3041,7,753290,753290,1,0,0.3607,NA
blk3042,7,758467,758467,1,0,0.2784,NA
blk3043,7,768131,768131,1,0,0.286,NA
blk3044,7,770562,770562,1,0,0.4479,NA
blk3045,7,777222,777222,1,0,0.4397,NA
blk3046,7,778928,778928,1,0,0.2929,NA
blk3047,7,789114,789114,1,0,0.4834,NA
blk3048,7,809436,809436,1,0,0.0697,NA
blk3049,7,817700,817700,1,0,0.3417,NA
blk3050,7,834861,834952,2,91,0.3967,NA
blk3051,7,837744,837744,1,0,0.175,NA
blk3052,7,850374,850374,1,0,0.4098,NA
blk3053,7,855092,855092,1,0,0.4655,NA
blk3054,7,856175,856175,1,0,0.4292,NA
blk3055,7,867156,867156,1,0,0.1917,NA
blk3056,7,887534,887534,1,0,0.211,NA
blk3057,7,891816,891816,1,0,0.4046,NA
blk3058,7,894722,894722,1,0,0.3573,NA
blk3059,7,895952,895952,1,0,0.0797,NA
blk3060,7,932103,932103,1,0,0.2724,NA
blk3061,7,935222,935222,1,0,0.128,NA
blk3062,7,936475,936475,1,0,0.3406,NA
blk3063,7,961070,961070,1,0,0.3358,NA
blk3064,7,970658,970658,1,0,0.2544,NA
blk3065,7,984163,984163,1,0,0.1014,NA
blk3066,7,990845,990845,1,0,0.2214,NA
blk3067,7,1006513,1006513,1,0,0.2949,NA
blk3068,7,1007409,1007409,1,0,0.2272,NA
blk3069,7,1008153,1008153,1,0,0.2902,NA
blk3070,7,1015080,1015080,1,0,0.3464,NA
blk3071,7,1021469,1021469,1,0,0.0627,NA
blk3072,7,1027897,1027897,1,0,0.2945,NA
blk3073,7,1052407,1052407,1,0,0.4964,NA
blk3074,7,1059983,1059983,1,0,0.4383,NA
blk3075,7,1062459,1062459,1,0,0.3395,NA
blk3076,7,1070015,1070015,1,0,0.2595,NA
blk3077,7,1070554,1070554,1,0,0.4506,NA
blk3078,7,1078115,1078115,1,0,0.4027,NA
blk3079,7,1079255,1079255,1,0,0.3599,NA
blk3080,7,1087468,1087468,1,0,0.3827,NA
blk3081,7,1108600,1108600,1,0,0.2629,NA
blk3082,7,1108932,1108932,1,0,0.3504,NA
blk3083,7,1131878,1131878,1,0,0.4084,NA
blk3084,7,1133153,1133153,1,0,0.4531,NA
blk3085,7,1143242,1143242,1,0,0.0726,NA
blk3086,7,1154754,1154754,1,0,0.0861,NA
blk3087,7,1160970,1160970,1,0,0.0673,NA
blk3088,7,1166532,1166532,1,0,0.2127,NA
blk3089,7,1171092,1171092,1,0,0.4085,NA
blk3090,7,1180794,1180794,1,0,0.3431,NA
blk3091,7,1199261,1199261,1,0,0.1301,NA
blk3092,7,1204010,1204010,1,0,0.4202,NA
blk3093,7,1223389,1223389,1,0,0.0563,NA
blk3094,7,1242592,1242592,1,0,0.4384,NA
blk3095,7,1246156,1246156,1,0,0.134,NA
blk3096,7,1262481,1262481,1,0,0.3015,NA
blk3097,7,1276699,1276699,1,0,0.3549,NA
blk3098,7,1301907,1301907,1,0,0.1995,NA
blk3099,7,1318281,1318281,1,0,0.4394,NA
blk3100,7,1322464,1322464,1,0,0.4825,NA
blk3101,7,1325861,1325861,1,0,0.1644,NA
blk3102,7,1336853,1336853,1,0,0.3803,NA
blk3103,7,1355689,1355689,1,0,0.2501,NA
blk3104,7,1357511,1357511,1,0,0.3372,NA
blk3105,7,1372287,1372287,1,0,0.4654,NA
blk3106,7,1380366,1380366,1,0,0.2146,NA
blk3107,7,1414714,1414714,1,0,0.4921,NA
blk3108,7,1417850,1417850,1,0,0.1627,NA
blk3109,7,1421439,1421439,1,0,0.0586,NA
blk3110,7,1421829,1421829,1,0,0.1412,NA
blk3111,7,1439106,1439106,1,0,0.1183,NA
blk3112,7,1441204,1441204,1,0,0.0994,NA
blk3113,7,1447050,1447050,1,0,0.491,NA
blk3114,7,1452694,1452694,1,0,0.146,NA
blk3115,7,1472265,1472265,1,0,0.0898,NA
blk3116,7,1477621,1477621,1,0,0.1779,NA
blk3117,7,1484411,1484411,1,0,0.4419,NA
blk3118,7,1484572,1484572,1,0,0.2091,NA
blk3119,7,1490012,1490012,1,0,0.0831,NA
blk3120,7,1493475,1493475,1,0,0.2701,NA
blk3121,7,1514181,1514181,1,0,0.37,NA
blk3122,7,1534664,1534664,1,0,0.208,NA
blk3123,7,1560437,1560437,1,0,0.2866,NA
blk3124,7,1567572,1567572,1,0,0.1581,NA
blk3125,7,1569844,1569844,1,0,0.44,NA
blk3126,7,1572081,1572081,1,0,0.3774,NA
blk3127,7,1574424,1574424,1,0,0.3623,NA
blk3128,7,1586160,1586160,1,0,0.4241,NA
blk3129,7,1587399,1587399,1,0,0.1173,NA
blk3130,7,1591376,1591376,1,0,0.2084,NA
blk3131,7,1596459,1596459,1,0,0.3595,NA
blk3132,7,1598023,1598023,1,0,0.2367,NA
blk3133,7,1627415,1627415,1,0,0.056,NA
blk3134,7,1629655,1629655,1,0,0.0794,NA
blk3135,7,1644864,1644864,1,0,0.212,NA
blk3136,7,1655450,1655450,1,0,0.3832,NA
blk3137,7,1657401,1657401,1,0,0.3967,NA
blk3138,7,1660237,1660237,1,0,0.1109,NA
blk3139,7,1660499,1660499,1,0,0.2487,NA
blk3140,7,1670130,1670130,1,0,0.3943,NA
blk3141,7,1675599,1675599,1,0,0.3013,NA
blk3142,7,1687931,1687931,1,0,0.2003,NA
blk3143,7,1688439,1688439,1,0,0.0977,NA
blk3144,7,1690968,1690968,1,0,0.3318,NA
blk3145,7,1693749,1693749,1,0,0.0698,NA
blk3146,7,1702052,1702052,1,0,0.4021,NA
blk3147,7,1704428,1704428,1,0,0.3876,NA
blk3148,7,1707989,1707989,1,0,0.096,NA
blk3149,7,1726018,1726018,1,0,0.3201,NA
blk3150,7,1746491,1746491,1,0,0.4566,NA
blk3151,7,1747822,1747822,1,0,0.2623,NA
blk3152,7,1748339,1748339,1,0,0.3521,NA
blk3153,7,1754182,1754182,1,0,0.2129,NA
blk3154,7,1759825,1759825,1,0,0.2667,NA
blk3155,7,1762928,1762928,1,0,0.4078,NA
blk3156,7,1770572,1770572,1,0,0.4977,NA
blk3157,7,1780446,1780446,1,0,0.3407,NA
blk3158,7,1781477,1781477,1,0,0.4165,NA
blk3159,7,1781869,1781869,1,0,0.2882,NA
blk3160,7,1800215,1800215,1,0,0.1311,NA
blk3161,7,1802070,1802070,1,0,0.4815,NA
blk3162,7,1819624,1819624,1,0,0.3416,NA
blk3163,7,1830207,1830207,1,0,0.3995,NA
blk3164,7,1866468,1866468,1,0,0.422,NA
blk3165,7,1867251,1867289,2,38,0.4621,NA
blk3166,7,1877694,1877694,1,0,0.1463,NA
blk3167,7,1900152,1900152,1,0,0.4408,NA
blk3168,7,1904379,1904379,1,0,0.0676,NA
blk3169,7,1911485,1911485,1,0,0.4855,NA
blk3170,7,1915297,1915297,1,0,0.2774,NA
blk3171,7,1918384,1918384,1,0,0.2223,NA
blk3172,7,1918704,1918704,1,0,0.3288,NA
blk3173,7,1927312,1927312,1,0,0.0802,NA
blk3174,7,1939191,1939191,1,0,0.4033,NA
blk3175,7,1939829,1939829,1,0,0.2637,NA
blk3176,7,1942271,1942271,1,0,0.2989,NA
blk3177,7,1944706,1944706,1,0,0.261,NA
blk3178,7,1960288,1960288,1,0,0.2135,NA
blk3179,7,1967650,1967650,1,0,0.2499,NA
blk3180,7,1993521,1993521,1,0,0.1397,NA
blk3181,7,1997139,1997139,1,0,0.0947,NA
blk3182,7,2012437,2012437,1,0,0.379,NA
blk3183,7,2034291,2034291,1,0,0.432,NA
blk3184,7,2034921,2034959,2,38,0.2229,NA
blk3185,7,2039383,2039383,1,0,0.2214,NA
blk3186,7,2074145,2074145,1,0,0.4661,NA
blk3187,7,2076858,2076858,1,0,0.2035,NA
blk3188,7,2077093,2077093,1,0,0.31,NA
blk3189,7,2080502,2080502,1,0,0.2003,NA
blk3190,7,2086488,2086488,1,0,0.3173,NA
blk3191,7,2096541,2096541,1,0,0.1491,NA
blk3192,7,2099397,2099397,1,0,0.1289,NA
blk3193,7,2138529,2138529,1,0,0.0652,NA
blk3194,7,2150842,2150842,1,0,0.1383,NA
blk3195,7,2161208,2161208,1,0,0.3972,NA
blk3196,7,2168953,2168953,1,0,0.3576,NA
blk3197,7,2184589,2184589,1,0,0.4388,NA
blk3198,7,2189545,2189545,1,0,0.2488,NA
blk3199,7,2197315,2197315,1,0,0.3977,NA
blk3200,7,2199705,2199705,1,0,0.1518,NA
blk3201,7,2203512,2203512,1,0,0.1164,NA
blk3202,7,2220486,2220486,1,0,0.2665,NA
blk3203,7,2229700,2229700,1,0,0.3507,NA
blk3204,7,2230561,2230561,1,0,0.1137,NA
blk3205,7,2233672,2233672,1,0,0.2089,NA
blk3206,7,2241013,2241013,1,0,0.2283,NA
blk3207,7,2241729,2241729,1,0,0.3475,NA
blk3208,7,2244076,2244076,1,0,0.2419,NA
blk3209,7,2245724,2245724,1,0,0.3138,NA
blk3210,7,2250279,2250279,1,0,0.3291,NA
blk3211,7,2261954,2261954,1,0,0.2841,NA
blk3212,7,2312660,2312660,1,0,0.473,NA
blk3213,7,2319480,2319480,1,0,0.0609,NA
blk3214,7,2331282,2331282,1,0,0.409,NA
blk3215,7,2337499,2337499,1,0,0.3815,NA
blk3216,7,2338085,2338085,1,0,0.4558,NA
blk3217,7,2350236,2350236,1,0,0.1329,NA
blk3218,7,2387515,2387515,1,0,0.1992,NA
blk3219,7,2430529,2430529,1,0,0.2391,NA
blk3220,7,2450908,2450908,1,0,0.4272,NA
blk3221,7,2452626,2452626,1,0,0.2743,NA
blk3222,7,2453715,2453715,1,0,0.1261,NA
blk3223,7,2469331,2469331,1,0,0.1706,NA
blk3224,7,2471543,2471543,1,0,0.0746,NA
blk3225,7,2484081,2484081,1,0,0.2063,NA
blk3226,7,2492329,2492404,2,75,0.081,NA
blk3227,7,2518841,2518841,1,0,0.1801,NA
blk3228,7,2536358,2536358,1,0,0.2415,NA
blk3229,7,2550665,2550665,1,0,0.2272,NA
blk3230,7,2556693,2556693,1,0,0.246,NA
blk3231,7,2568815,2568815,1,0,0.2616,NA
blk3232,7,2576564,2576564,1,0,0.3866,NA
blk3233,7,2587307,2587307,1,0,0.2857,NA
blk3234,7,2604182,2604280,2,98,0.3922,NA
blk3235,7,2605991,2605991,1,0,0.2544,NA
blk3236,7,2609201,2609201,1,0,0.4662,NA
blk3237,7,2612613,2612613,1,0,0.256,NA
blk3238,7,2613011,2613011,1,0,0.2448,NA
blk3239,7,2615733,2615733,1,0,0.286,NA
blk3240,7,2627406,2627406,1,0,0.4582,NA
blk3241,7,2633112,2633112,1,0,0.1221,NA
blk3242,7,2696962,2696962,1,0,0.2693,NA
blk3243,7,2698860,2698860,1,0,0.1501,NA
blk3244,7,2710094,2710094,1,0,0.4997,NA
blk3245,7,2710871,2710871,1,0,0.4566,NA
blk3246,7,2712612,2712612,1,0,0.3843,NA
blk3247,7,2721030,2721030,1,0,0.3184,NA
blk3248,7,2721956,2721956,1,0,0.1177,NA
blk3249,7,2726873,2726873,1,0,0.3275,NA
blk3250,7,2743439,2743439,1,0,0.4205,NA
blk3251,7,2762252,2762252,1,0,0.287,NA
blk3252,7,2786980,2786980,1,0,0.1741,NA
blk3253,7,2793494,2793494,1,0,0.3721,NA
blk3254,7,2811403,2811403,1,0,0.3894,NA
blk3255,7,2821338,2821338,1,0,0.2632,NA
blk3256,7,2835145,2835202,2,57,0.3987,NA
blk3257,7,2836263,2836263,1,0,0.1403,NA
blk3258,7,2839836,2839836,1,0,0.2236,NA
blk3259,7,2844486,2844486,1,0,0.4944,NA
blk3260,7,2896736,2896736,1,0,0.2536,NA
blk3261,7,2902962,2903085,2,123,0.4032,NA
blk3262,7,2905848,2905848,1,0,0.3851,NA
blk3263,7,2915688,2915688,1,0,0.2334,NA
blk3264,7,2921462,2921462,1,0,0.2421,NA
blk3265,7,2923903,2923903,1,0,0.3272,NA
blk3266,7,2930218,2930218,1,0,0.0542,NA
blk3267,7,2936671,2936671,1,0,0.2524,NA
blk3268,7,2964577,2964577,1,0,0.2291,NA
blk3269,7,2972859,2972859,1,0,0.3631,NA
blk3270,7,2976082,2976082,1,0,0.1253,NA
blk3271,7,2977266,2977266,1,0,0.2128,NA
blk3272,7,2984345,2984345,1,0,0.143,NA
blk3273,7,2995137,2995137,1,0,0.4917,NA
blk3274,7,2998241,2998241,1,0,0.4029,NA
blk3275,7,3001069,3001069,1,0,0.4658,NA
blk3276,7,3006030,3006030,1,0,0.2959,NA
blk3277,7,3020176,3020176,1,0,0.1461,NA
blk3278,7,3039439,3039439,1,0,0.4702,NA
blk3279,7,3044365,3044365,1,0,0.2585,NA
blk3280,7,3052669,3052669,1,0,0.3593,NA
blk3281,7,3067886,3067886,1,0,0.4948,NA
blk3282,7,3078697,3078697,1,0,0.4981,NA
blk3283,7,3081367,3081367,1,0,0.3452,NA
blk3284,7,3093305,3093305,1,0,0.2955,NA
blk3285,7,3105597,3105597,1,0,0.4236,NA
blk3286,7,3117626,3117626,1,0,0.1844,NA
blk3287,7,3126929,3126929,1,0,0.1529,NA
blk3288,7,3131700,3131700,1,0,0.1734,NA
blk3289,7,3132898,3132898,1,0,0.318,NA
blk3290,7,3140183,3140183,1,0,0.1033,NA
blk3291,7,3146628,3146628,1,0,0.2216,NA
blk3292,7,3166489,3166489,1,0,0.3895,NA
blk3293,7,3166695,3166695,1,0,0.4723,NA
blk3294,7,3168725,3168725,1,0,0.2587,NA
blk3295,7,3174099,3174099,1,0,0.4695,NA
blk3296,7,3178175,3178175,1,0,0.269,NA
blk3297,7,3178341,3178341,1,0,0.3871,NA
blk3298,7,3187959,3187959,1,0,0.1917,NA
blk3299,7,3203043,3203043,1,0,0.3896,NA
blk3300,7,3212013,3212013,1,0,0.239,NA
blk3301,7,3220725,3220725,1,0,0.4014,NA
blk3302,7,3234139,3234139,1,0,0.1225,NA
blk3303,7,3245120,3245120,1,0,0.1602,NA
blk3304,7,3247198,3247198,1,0,0.296,NA
blk3305,7,3259033,3259033,1,0,0.4014,NA
blk3306,7,3295796,3295796,1,0,0.2363,NA
blk3307,7,3312800,3312800,1,0,0.3586,NA
blk3308,7,3317171,3317171,1,0,0.1801,NA
blk3309,7,3341970,3341970,1,0,0.2693,NA
blk3310,7,3347128,3347128,1,0,0.1088,NA
blk3311,7,3347749,3347749,1,0,0.2071,NA
blk3312,7,3350044,3350044,1,0,0.1582,NA
blk3313,7,3380051,3380051,1,0,0.3561,NA
blk3314,7,3402014,3402014,1,0,0.3689,NA
blk3315,7,3414257,3414257,1,0,0.298,NA
blk3316,7,3415053,3415053,1,0,0.2462,NA
blk3317,7,3440013,3440013,1,0,0.1385,NA
blk3318,7,3444609,3444609,1,0,0.1159,NA
blk3319,7,3450024,3450024,1,0,0.1646,NA
blk3320,7,3457749,3457749,1,0,0.2285,NA
blk3321,7,3488423,3488423,1,0,0.1891,NA
blk3322,7,3497518,3497518,1,0,0.3097,NA
blk3323,7,3522126,3522126,1,0,0.1062,NA
blk3324,7,3560720,3560720,1,0,0.174,NA
blk3325,7,3561497,3561497,1,0,0.1073,NA
blk3326,7,3579736,3579736,1,0,0.1241,NA
blk3327,7,3587812,3587812,1,0,0.4195,NA
blk3328,7,3589061,3589061,1,0,0.3846,NA
blk3329,7,3604482,3604487,2,5,0.3,NA
blk3330,7,3618967,3618967,1,0,0.3603,NA
blk3331,7,3625851,3625851,1,0,0.2177,NA
blk3332,7,3630142,3630142,1,0,0.4339,NA
blk3333,7,3636753,3636753,1,0,0.4913,NA
blk3334,7,3652081,3652081,1,0,0.4952,NA
blk3335,7,3678908,3678908,1,0,0.4461,NA
blk3336,7,3679515,3679515,1,0,0.2597,NA
blk3337,7,3682553,3682553,1,0,0.1707,NA
blk3338,7,3694152,3694152,1,0,0.2408,NA
blk3339,7,3703414,3703414,1,0,0.4375,NA
blk3340,7,3740003,3740003,1,0,0.2532,NA
blk3341,7,3747400,3747400,1,0,0.2921,NA
blk3342,7,3749227,3749227,1,0,0.2296,NA
blk3343,7,3762907,3762907,1,0,0.0733,NA
blk3344,7,3770378,3770378,1,0,0.2312,NA
blk3345,7,3781247,3781247,1,0,0.2769,NA
blk3346,7,3785002,3785002,1,0,0.1993,NA
blk3347,7,3828024,3828024,1,0,0.4855,NA
blk3348,7,3838961,3838961,1,0,0.1331,NA
blk3349,7,3851478,3851478,1,0,0.0706,NA
blk3350,7,3851877,3851877,1,0,0.2397,NA
blk3351,7,3860792,3860792,1,0,0.3284,NA
blk3352,7,3861089,3861089,1,0,0.1052,NA
blk3353,7,3865959,3865959,1,0,0.4988,NA
blk3354,7,3874984,3874984,1,0,0.3322,NA
blk3355,7,3875157,3875157,1,0,0.1822,NA
blk3356,7,3881647,3881647,1,0,0.145,NA
blk3357,7,3901332,3901332,1,0,0.4082,NA
blk3358,7,3903404,3903404,1,0,0.3322,NA
blk3359,7,3926243,3926243,1,0,0.4956,NA
blk3360,7,3935381,3935381,1,0,0.4431,NA
blk3361,7,3949428,3949428,1,0,0.4052,NA
blk3362,7,3968575,3968575,1,0,0.1025,NA
blk3363,7,3969617,3969617,1,0,0.4114,NA
blk3364,7,3975772,3975772,1,0,0.0875,NA
blk3365,7,3976191,3976191,1,0,0.0974,NA
blk3366,7,3979422,3979422,1,0,0.1678,NA
blk3367,7,3989469,3989469,1,0,0.2527,NA
blk3368,7,3997834,3997834,1,0,0.474,NA
blk3369,7,3998094,3998094,1,0,0.1867,NA
blk3370,7,4001981,4001981,1,0,0.1304,NA
blk3371,7,4009020,4009020,1,0,0.4158,NA
blk3372,7,4022021,4022021,1,0,0.479,NA
blk3373,7,4048188,4048188,1,0,0.3315,NA
blk3374,7,4048409,4048409,1,0,0.4862,NA
blk3375,7,4073709,4073709,1,0,0.4199,NA
blk3376,7,4074698,4074698,1,0,0.286,NA
blk3377,7,4107517,4107517,1,0,0.2734,NA
blk3378,7,4120628,4120628,1,0,0.2681,NA
blk3379,7,4122781,4122781,1,0,0.124,NA
blk3380,7,4136076,4136076,1,0,0.2925,NA
blk3381,7,4138142,4138142,1,0,0.2185,NA
blk3382,7,4156933,4156933,1,0,0.269,NA
blk3383,7,4191261,4191261,1,0,0.4515,NA
blk3384,7,4209191,4209191,1,0,0.496,NA
blk3385,7,4219800,4219800,1,0,0.399,NA
blk3386,7,4220603,4220603,1,0,0.4066,NA
blk3387,7,4224234,4224234,1,0,0.2708,NA
blk3388,7,4231015,4231015,1,0,0.229,NA
blk3389,7,4241656,4241656,1,0,0.2692,NA
blk3390,7,4244654,4244654,1,0,0.4838,NA
blk3391,7,4250803,4250803,1,0,0.431,NA
blk3392,7,4253312,4253312,1,0,0.2426,NA
blk3393,7,4253654,4253654,1,0,0.4912,NA
blk3394,7,4281633,4281633,1,0,0.1462,NA
blk3395,7,4284496,4284496,1,0,0.3612,NA
blk3396,7,4307957,4307957,1,0,0.2468,NA
blk3397,7,4343233,4343233,1,0,0.3424,NA
blk3398,7,4345781,4345781,1,0,0.1081,NA
blk3399,7,4350266,4350266,1,0,0.3918,NA
blk3400,7,4382645,4382645,1,0,0.4372,NA
blk3401,7,4387084,4387084,1,0,0.4051,NA
blk3402,7,4431248,4431248,1,0,0.1967,NA
blk3403,7,4440951,4440951,1,0,0.2947,NA
blk3404,7,4443099,4443099,1,0,0.1116,NA
blk3405,7,4471794,4471794,1,0,0.1026,NA
blk3406,7,4512029,4512029,1,0,0.4141,NA
blk3407,7,4512394,4512404,2,10,0.3189,NA
blk3408,7,4530911,4530911,1,0,0.2743,NA
blk3409,7,4555118,4555118,1,0,0.124,NA
blk3410,7,4593338,4593338,1,0,0.4992,NA
blk3411,7,4607855,4607855,1,0,0.3075,NA
blk3412,7,4611554,4611554,1,0,0.4409,NA
blk3413,7,4627415,4627415,1,0,0.1246,NA
blk3414,7,4628686,4628686,1,0,0.1775,NA
blk3415,7,4634460,4634460,1,0,0.1311,NA
blk3416,7,4687688,4687688,1,0,0.0902,NA
blk3417,7,4690141,4690141,1,0,0.1477,NA
blk3418,7,4720519,4720519,1,0,0.345,NA
blk3419,7,4728956,4728956,1,0,0.4628,NA
blk3420,7,4732290,4732290,1,0,0.0579,NA
blk3421,7,4738004,4738004,1,0,0.1976,NA
blk3422,7,4738280,4738280,1,0,0.4344,NA
blk3423,7,4739926,4739926,1,0,0.0955,NA
blk3424,7,4743242,4743242,1,0,0.3908,NA
blk3425,7,4756250,4756250,1,0,0.1495,NA
blk3426,7,4757243,4757243,1,0,0.3022,NA
blk3427,7,4773166,4773166,1,0,0.4127,NA
blk3428,7,4779129,4779129,1,0,0.4368,NA
blk3429,7,4780112,4780112,1,0,0.4447,NA
blk3430,7,4797368,4797368,1,0,0.4551,NA
blk3431,7,4814361,4814361,1,0,0.2851,NA
blk3432,7,4824978,4824978,1,0,0.2508,NA
blk3433,7,4831523,4831523,1,0,0.1397,NA
blk3434,7,4836808,4836808,1,0,0.2163,NA
blk3435,7,4841178,4841178,1,0,0.081,NA
blk3436,7,4841608,4841608,1,0,0.2631,NA
blk3437,7,4858018,4858018,1,0,0.1766,NA
blk3438,7,4864954,4864954,1,0,0.3716,NA
blk3439,7,4866303,4866303,1,0,0.2484,NA
blk3440,7,4868599,4868599,1,0,0.4942,NA
blk3441,7,4879472,4879472,1,0,0.121,NA
blk3442,7,4879616,4879616,1,0,0.43120000000000003,NA
blk3443,7,4886112,4886112,1,0,0.1265,NA
blk3444,7,4894991,4894991,1,0,0.2343,NA
blk3445,7,4904878,4904878,1,0,0.2989,NA
blk3446,7,4929002,4929002,1,0,0.2466,NA
blk3447,7,4936025,4936025,1,0,0.4621,NA
blk3448,7,4939411,4939411,1,0,0.3358,NA
blk3449,7,4943555,4943555,1,0,0.2878,NA
blk3450,7,4965869,4965869,1,0,0.0609,NA
blk3451,7,4970558,4970558,1,0,0.2275,NA
blk3452,7,4982014,4982014,1,0,0.402,NA
blk3453,7,4985167,4985167,1,0,0.146,NA
blk3454,8,42138,42138,1,0,0.1822,NA
blk3455,8,60379,60379,1,0,0.3182,NA
blk3456,8,73299,73299,1,0,0.335,NA
blk3457,8,78729,78729,1,0,0.1134,NA
blk3458,8,82674,82674,1,0,0.1839,NA
blk3459,8,96162,96162,1,0,0.152,NA
blk3460,8,116956,116956,1,0,0.1867,NA
blk3461,8,126221,126221,1,0,0.4187,NA
blk3462,8,138895,138895,1,0,0.0638,NA
blk3463,8,160270,160270,1,0,0.4245,NA
blk3464,8,167170,167170,1,0,0.1669,NA
blk3465,8,207781,207781,1,0,0.4387,NA
blk3466,8,225070,225070,1,0,0.0578,NA
blk3467,8,229301,229301,1,0,0.2859,NA
blk3468,8,243447,243447,1,0,0.2556,NA
blk3469,8,247668,247668,1,0,0.3539,NA
blk3470,8,252181,252181,1,0,0.1129,NA
blk3471,8,269480,269480,1,0,0.0505,NA
blk3472,8,271555,271555,1,0,0.3681,NA
blk3473,8,283504,283504,1,0,0.0683,NA
blk3474,8,295282,295282,1,0,0.162,NA
blk3475,8,305700,305700,1,0,0.1637,NA
blk3476,8,307135,307135,1,0,0.3636,NA
blk3477,8,307297,307297,1,0,0.2353,NA
blk3478,8,327264,327264,1,0,0.4027,NA
blk3479,8,335164,335164,1,0,0.241,NA
blk3480,8,336809,336809,1,0,0.3898,NA
blk3481,8,338288,338288,1,0,0.0534,NA
blk3482,8,353644,353644,1,0,0.1166,NA
blk3483,8,365355,365355,1,0,0.142,NA
blk3484,8,389692,389692,1,0,0.4244,NA
blk3485,8,399625,399625,1,0,0.3795,NA
blk3486,8,413722,413722,1,0,0.1319,NA
blk3487,8,415957,415957,1,0,0.1693,NA
blk3488,8,416585,416585,1,0,0.3129,NA
blk3489,8,419615,419615,1,0,0.2877,NA
blk3490,8,424271,424271,1,0,0.1546,NA
blk3491,8,428408,428408,1,0,0.2968,NA
blk3492,8,447948,447948,1,0,0.1127,NA
blk3493,8,448181,448181,1,0,0.3246,NA
blk3494,8,448947,448947,1,0,0.1679,NA
blk3495,8,456049,456049,1,0,0.222,NA
blk3496,8,458847,458847,1,0,0.2548,NA
blk3497,8,486113,486113,1,0,0.1454,NA
blk3498,8,492502,492502,1,0,0.2495,NA
blk3499,8,506608,506608,1,0,0.1891,NA
blk3500,8,507624,507624,1,0,0.3906,NA
blk3501,8,513621,513621,1,0,0.1755,NA
blk3502,8,545521,545521,1,0,0.1685,NA
blk3503,8,559019,559019,1,0,0.3715,NA
blk3504,8,573530,573530,1,0,0.101,NA
blk3505,8,575425,575425,1,0,0.2637,NA
blk3506,8,578390,578390,1,0,0.1328,NA
blk3507,8,587621,587621,1,0,0.4098,NA
blk3508,8,600545,600545,1,0,0.2591,NA
blk3509,8,607103,607168,2,65,0.4785,NA
blk3510,8,610694,610694,1,0,0.3957,NA
blk3511,8,620494,620494,1,0,0.3867,NA
blk3512,8,621713,621713,1,0,0.405,NA
blk3513,8,632828,632828,1,0,0.3615,NA
blk3514,8,640204,640204,1,0,0.182,NA
blk3515,8,645073,645073,1,0,0.1696,NA
blk3516,8,654380,654380,1,0,0.3225,NA
blk3517,8,654819,654819,1,0,0.3963,NA
blk3518,8,659090,659090,1,0,0.2978,NA
blk3519,8,659222,659222,1,0,0.2369,NA
blk3520,8,673939,673939,1,0,0.4543,NA
blk3521,8,689136,689136,1,0,0.3195,NA
blk3522,8,696620,696620,1,0,0.0511,NA
blk3523,8,706443,706443,1,0,0.1571,NA
blk3524,8,708243,708243,1,0,0.1683,NA
blk3525,8,711270,711270,1,0,0.0598,NA
blk3526,8,714028,714028,1,0,0.2319,NA
blk3527,8,740074,740074,1,0,0.4576,NA
blk3528,8,774244,774244,1,0,0.1885,NA
blk3529,8,775551,775551,1,0,0.345,NA
blk3530,8,788233,788233,1,0,0.2256,NA
blk3531,8,789797,789797,1,0,0.4401,NA
blk3532,8,791548,791548,1,0,0.2077,NA
blk3533,8,792242,792242,1,0,0.432,NA
blk3534,8,794742,794742,1,0,0.0941,NA
blk3535,8,801251,801251,1,0,0.0679,NA
blk3536,8,830850,830850,1,0,0.0834,NA
blk3537,8,843267,843267,1,0,0.2542,NA
blk3538,8,863433,863433,1,0,0.2638,NA
blk3539,8,867299,867299,1,0,0.3508,NA
blk3540,8,870231,870231,1,0,0.4079,NA
blk3541,8,887983,887983,1,0,0.3274,NA
blk3542,8,893634,893634,1,0,0.0506,NA
blk3543,8,897967,897967,1,0,0.2738,NA
blk3544,8,920077,920077,1,0,0.3363,NA
blk3545,8,920924,920924,1,0,0.4289,NA
blk3546,8,922665,922665,1,0,0.2228,NA
blk3547,8,925101,925101,1,0,0.2063,NA
blk3548,8,930115,930115,1,0,0.4152,NA
blk3549,8,944428,944428,1,0,0.4504,NA
blk3550,8,957145,957145,1,0,0.4586,NA
blk3551,8,974183,974183,1,0,0.2005,NA
blk3552,8,976840,976840,1,0,0.2823,NA
blk3553,8,983804,983804,1,0,0.4891,NA
blk3554,8,987940,987940,1,0,0.4295,NA
blk3555,8,1001603,1001603,1,0,0.0808,NA
blk3556,8,1005129,1005129,1,0,0.2896,NA
blk3557,8,1007499,1007499,1,0,0.3603,NA
blk3558,8,1009237,1009237,1,0,0.3359,NA
blk3559,8,1019963,1019963,1,0,0.3369,NA
blk3560,8,1039754,1039754,1,0,0.1265,NA
blk3561,8,1049411,1049411,1,0,0.4505,NA
blk3562,8,1053852,1053852,1,0,0.1791,NA
blk3563,8,1063855,1063855,1,0,0.1739,NA
blk3564,8,1065422,1065422,1,0,0.3794,NA
blk3565,8,1090372,1090372,1,0,0.133,NA
blk3566,8,1106443,1106443,1,0,0.178,NA
blk3567,8,1113203,1113203,1,0,0.3401,NA
blk3568,8,1114944,1114944,1,0,0.4511,NA
blk3569,8,1119671,1119671,1,0,0.4987,NA
blk3570,8,1123816,1123816,1,0,0.4591,NA
blk3571,8,1124645,1124645,1,0,0.1949,NA
blk3572,8,1135830,1135830,1,0,0.1083,NA
blk3573,8,1140421,1140421,1,0,0.0716,NA
blk3574,8,1143315,1143315,1,0,0.1919,NA
blk3575,8,1147442,1147442,1,0,0.4338,NA
blk3576,8,1156033,1156033,1,0,0.1851,NA
blk3577,8,1160386,1160386,1,0,0.2585,NA
blk3578,8,1170483,1170483,1,0,0.0574,NA
blk3579,8,1174434,1174434,1,0,0.2266,NA
blk3580,8,1185549,1185549,1,0,0.184,NA
blk3581,8,1201120,1201120,1,0,0.2235,NA
blk3582,8,1202043,1202043,1,0,0.4164,NA
blk3583,8,1204263,1204263,1,0,0.1706,NA
blk3584,8,1206158,1206158,1,0,0.3302,NA
blk3585,8,1219867,1219867,1,0,0.3303,NA
blk3586,8,1223290,1223290,1,0,0.4735,NA
blk3587,8,1236829,1236829,1,0,0.448,NA
blk3588,8,1238183,1238183,1,0,0.1036,NA
blk3589,8,1269715,1269715,1,0,0.0565,NA
blk3590,8,1279699,1279699,1,0,0.1175,NA
blk3591,8,1313623,1313623,1,0,0.3493,NA
blk3592,8,1322510,1322510,1,0,0.4642,NA
blk3593,8,1342766,1342766,1,0,0.0681,NA
blk3594,8,1352046,1352046,1,0,0.2126,NA
blk3595,8,1357771,1357771,1,0,0.3593,NA
blk3596,8,1370647,1370647,1,0,0.1881,NA
blk3597,8,1372109,1372109,1,0,0.0584,NA
blk3598,8,1390472,1390472,1,0,0.3741,NA
blk3599,8,1391840,1391840,1,0,0.3421,NA
blk3600,8,1417248,1417248,1,0,0.2449,NA
blk3601,8,1421636,1421636,1,0,0.2972,NA
blk3602,8,1427918,1427918,1,0,0.0575,NA
blk3603,8,1433606,1433606,1,0,0.1133,NA
blk3604,8,1445488,1445488,1,0,0.2704,NA
blk3605,8,1451927,1451927,1,0,0.1261,NA
blk3606,8,1458795,1458795,1,0,0.4113,NA
blk3607,8,1471576,1471576,1,0,0.1181,NA
blk3608,8,1481321,1481321,1,0,0.4606,NA
blk3609,8,1501157,1501157,1,0,0.2746,NA
blk3610,8,1521775,1521775,1,0,0.4827,NA
blk3611,8,1525448,1525448,1,0,0.1815,NA
blk3612,8,1530759,1530759,1,0,0.4221,NA
blk3613,8,1541918,1541918,1,0,0.21,NA
blk3614,8,1550492,1550492,1,0,0.3212,NA
blk3615,8,1557644,1557644,1,0,0.1526,NA
blk3616,8,1565578,1565578,1,0,0.3808,NA
blk3617,8,1574749,1574749,1,0,0.4777,NA
blk3618,8,1577690,1577690,1,0,0.3338,NA
blk3619,8,1588668,1588668,1,0,0.3235,NA
blk3620,8,1609072,1609072,1,0,0.4356,NA
blk3621,8,1612549,1612549,1,0,0.4898,NA
blk3622,8,1632802,1632802,1,0,0.1684,NA
blk3623,8,1660967,1660967,1,0,0.0774,NA
blk3624,8,1667345,1667345,1,0,0.1037,NA
blk3625,8,1669888,1669888,1,0,0.1612,NA
blk3626,8,1676887,1676974,2,87,0.16,NA
blk3627,8,1702042,1702042,1,0,0.3244,NA
blk3628,8,1708412,1708412,1,0,0.2661,NA
blk3629,8,1721223,1721223,1,0,0.1433,NA
blk3630,8,1723410,1723410,1,0,0.4633,NA
blk3631,8,1744888,1744888,1,0,0.4961,NA
blk3632,8,1750398,1750398,1,0,0.1279,NA
blk3633,8,1775410,1775410,1,0,0.2429,NA
blk3634,8,1808054,1808054,1,0,0.1663,NA
blk3635,8,1816670,1816670,1,0,0.0969,NA
blk3636,8,1828522,1828522,1,0,0.1855,NA
blk3637,8,1843902,1843902,1,0,0.3104,NA
blk3638,8,1846808,1846808,1,0,0.2848,NA
blk3639,8,1859890,1859890,1,0,0.1317,NA
blk3640,8,1861229,1861229,1,0,0.3188,NA
blk3641,8,1861528,1861528,1,0,0.3816,NA
blk3642,8,1873747,1873747,1,0,0.3117,NA
blk3643,8,1891205,1891205,1,0,0.257,NA
blk3644,8,1892019,1892019,1,0,0.223,NA
blk3645,8,1899884,1899884,1,0,0.3298,NA
blk3646,8,1911016,1911016,1,0,0.2529,NA
blk3647,8,1946149,1946149,1,0,0.2461,NA
blk3648,8,1973728,1973728,1,0,0.2157,NA
blk3649,8,1979616,1979616,1,0,0.4214,NA
blk3650,8,1990169,1990169,1,0,0.4021,NA
blk3651,8,1996382,1996382,1,0,0.3287,NA
blk3652,8,1999425,1999425,1,0,0.4674,NA
blk3653,8,2036760,2036760,1,0,0.2359,NA
blk3654,8,2058917,2058917,1,0,0.0639,NA
blk3655,8,2073937,2073937,1,0,0.3798,NA
blk3656,8,2076103,2076103,1,0,0.1376,NA
blk3657,8,2096925,2096925,1,0,0.1683,NA
blk3658,8,2104767,2104767,1,0,0.3211,NA
blk3659,8,2110430,2110430,1,0,0.1833,NA
blk3660,8,2110630,2110630,1,0,0.4628,NA
blk3661,8,2149613,2149613,1,0,0.2553,NA
blk3662,8,2151280,2151280,1,0,0.3566,NA
blk3663,8,2156472,2156472,1,0,0.0763,NA
blk3664,8,2159568,2159568,1,0,0.2117,NA
blk3665,8,2170736,2170736,1,0,0.4922,NA
blk3666,8,2170915,2170915,1,0,0.2391,NA
blk3667,8,2176662,2176662,1,0,0.1437,NA
blk3668,8,2194400,2194400,1,0,0.4284,NA
blk3669,8,2194614,2194614,1,0,0.0736,NA
blk3670,8,2203473,2203473,1,0,0.2972,NA
blk3671,8,2203640,2203640,1,0,0.3764,NA
blk3672,8,2216246,2216246,1,0,0.3082,NA
blk3673,8,2241968,2241968,1,0,0.2268,NA
blk3674,8,2245069,2245069,1,0,0.2407,NA
blk3675,8,2279035,2279035,1,0,0.1017,NA
blk3676,8,2292756,2292756,1,0,0.0978,NA
blk3677,8,2307341,2307341,1,0,0.4251,NA
blk3678,8,2315832,2315832,1,0,0.1869,NA
blk3679,8,2321395,2321395,1,0,0.2653,NA
blk3680,8,2328685,2328685,1,0,0.3646,NA
blk3681,8,2342608,2342608,1,0,0.2714,NA
blk3682,8,2345438,2345438,1,0,0.2961,NA
blk3683,8,2365261,2365261,1,0,0.2652,NA
blk3684,8,2366111,2366111,1,0,0.4597,NA
blk3685,8,2382211,2382211,1,0,0.1144,NA
blk3686,8,2385544,2385544,1,0,0.3252,NA
blk3687,8,2386102,2386102,1,0,0.3288,NA
blk3688,8,2403158,2403158,1,0,0.0963,NA
blk3689,8,2420034,2420034,1,0,0.497,NA
blk3690,8,2426697,2426697,1,0,0.3209,NA
blk3691,8,2430268,2430356,2,88,0.2178,NA
blk3692,8,2455907,2455907,1,0,0.1777,NA
blk3693,8,2461413,2461413,1,0,0.482,NA
blk3694,8,2465999,2465999,1,0,0.1524,NA
blk3695,8,2468333,2468333,1,0,0.1851,NA
blk3696,8,2470504,2470504,1,0,0.3507,NA
blk3697,8,2474627,2474627,1,0,0.1182,NA
blk3698,8,2494380,2494380,1,0,0.331,NA
blk3699,8,2503111,2503111,1,0,0.4908,NA
blk3700,8,2529647,2529647,1,0,0.0973,NA
blk3701,8,2532841,2532841,1,0,0.1464,NA
blk3702,8,2533071,2533071,1,0,0.2769,NA
blk3703,8,2544017,2544017,1,0,0.3075,NA
blk3704,8,2546174,2546174,1,0,0.5,NA
blk3705,8,2560505,2560505,1,0,0.4857,NA
blk3706,8,2574666,2574666,1,0,0.1815,NA
blk3707,8,2587122,2587122,1,0,0.1905,NA
blk3708,8,2610819,2610819,1,0,0.4291,NA
blk3709,8,2621305,2621305,1,0,0.3497,NA
blk3710,8,2634417,2634417,1,0,0.254,NA
blk3711,8,2640127,2640127,1,0,0.4562,NA
blk3712,8,2641018,2641018,1,0,0.358,NA
blk3713,8,2666690,2666690,1,0,0.4064,NA
blk3714,8,2674106,2674106,1,0,0.2034,NA
blk3715,8,2680260,2680260,1,0,0.2127,NA
blk3716,8,2688637,2688637,1,0,0.1968,NA
blk3717,8,2698458,2698458,1,0,0.108,NA
blk3718,8,2709432,2709432,1,0,0.2014,NA
blk3719,8,2724717,2724717,1,0,0.187,NA
blk3720,8,2727545,2727545,1,0,0.3031,NA
blk3721,8,2728869,2728869,1,0,0.1225,NA
blk3722,8,2738674,2738674,1,0,0.4119,NA
blk3723,8,2744787,2744787,1,0,0.2203,NA
blk3724,8,2758002,2758002,1,0,0.4365,NA
blk3725,8,2762160,2762160,1,0,0.1271,NA
blk3726,8,2771885,2771885,1,0,0.1924,NA
blk3727,8,2774751,2774751,1,0,0.4934,NA
blk3728,8,2790560,2790560,1,0,0.0834,NA
blk3729,8,2792083,2792083,1,0,0.2135,NA
blk3730,8,2801496,2801496,1,0,0.2456,NA
blk3731,8,2823513,2823513,1,0,0.2876,NA
blk3732,8,2837003,2837003,1,0,0.4763,NA
blk3733,8,2848583,2848583,1,0,0.2026,NA
blk3734,8,2860936,2860936,1,0,0.1248,NA
blk3735,8,2863020,2863020,1,0,0.2714,NA
blk3736,8,2870234,2870234,1,0,0.3173,NA
blk3737,8,2870452,2870452,1,0,0.2109,NA
blk3738,8,2884141,2884141,1,0,0.0694,NA
blk3739,8,2893730,2893730,1,0,0.2203,NA
blk3740,8,2904600,2904600,1,0,0.4422,NA
blk3741,8,2905363,2905363,1,0,0.4665,NA
blk3742,8,2909965,2909965,1,0,0.2476,NA
blk3743,8,2931216,2931216,1,0,0.0562,NA
blk3744,8,2934511,2934511,1,0,0.0789,NA
blk3745,8,2938414,2938414,1,0,0.0522,NA
blk3746,8,2938996,2938996,1,0,0.3403,NA
blk3747,8,2939211,2939211,1,0,0.2973,NA
blk3748,8,2941188,2941188,1,0,0.3175,NA
blk3749,8,2952908,2952908,1,0,0.2639,NA
blk3750,8,2955816,2955816,1,0,0.2197,NA
blk3751,8,2962490,2962490,1,0,0.1482,NA
blk3752,8,2965079,2965079,1,0,0.0504,NA
blk3753,8,2985632,2985632,1,0,0.2733,NA
blk3754,8,2989739,2989739,1,0,0.2559,NA
blk3755,8,3003007,3003007,1,0,0.2353,NA
blk3756,8,3013801,3013801,1,0,0.1773,NA
blk3757,8,3050864,3050864,1,0,0.3244,NA
blk3758,8,3057577,3057577,1,0,0.3652,NA
blk3759,8,3057961,3057961,1,0,0.1268,NA
blk3760,8,3075681,3075681,1,0,0.0891,NA
blk3761,8,3114206,3114206,1,0,0.1745,NA
blk3762,8,3121092,3121092,1,0,0.3176,NA
blk3763,8,3122136,3122136,1,0,0.2419,NA
blk3764,8,3134219,3134219,1,0,0.4538,NA
blk3765,8,3144726,3144726,1,0,0.2597,NA
blk3766,8,3160569,3160569,1,0,0.4163,NA
blk3767,8,3166888,3166888,1,0,0.3402,NA
blk3768,8,3168696,3168696,1,0,0.4673,NA
blk3769,8,3189097,3189097,1,0,0.2199,NA
blk3770,8,3191139,3191139,1,0,0.0609,NA
blk3771,8,3217460,3217460,1,0,0.4428,NA
blk3772,8,3224900,3224900,1,0,0.2889,NA
blk3773,8,3227726,3227726,1,0,0.3134,NA
blk3774,8,3243322,3243322,1,0,0.4431,NA
blk3775,8,3246940,3246940,1,0,0.2252,NA
blk3776,8,3266148,3266148,1,0,0.2283,NA
blk3777,8,3278031,3278031,1,0,0.3135,NA
blk3778,8,3296213,3296213,1,0,0.1603,NA
blk3779,8,3323630,3323630,1,0,0.4786,NA
blk3780,8,3328233,3328233,1,0,0.3134,NA
blk3781,8,3347691,3347691,1,0,0.1727,NA
blk3782,8,3348258,3348258,1,0,0.3692,NA
blk3783,8,3359967,3359967,1,0,0.35,NA
blk3784,8,3381599,3381599,1,0,0.3868,NA
blk3785,8,3389245,3389245,1,0,0.1799,NA
blk3786,8,3392255,3392255,1,0,0.4095,NA
blk3787,8,3396426,3396426,1,0,0.3425,NA
blk3788,8,3403096,3403096,1,0,0.2507,NA
blk3789,8,3408056,3408056,1,0,0.0777,NA
blk3790,8,3420288,3420288,1,0,0.1331,NA
blk3791,8,3422514,3422514,1,0,0.2741,NA
blk3792,8,3422689,3422689,1,0,0.2356,NA
blk3793,8,3438493,3438493,1,0,0.2711,NA
blk3794,8,3439481,3439481,1,0,0.246,NA
blk3795,8,3458729,3458729,1,0,0.4794,NA
blk3796,8,3463185,3463185,1,0,0.1836,NA
blk3797,8,3471544,3471544,1,0,0.3077,NA
blk3798,8,3477390,3477390,1,0,0.1397,NA
blk3799,8,3477677,3477677,1,0,0.1751,NA
blk3800,8,3489718,3489718,1,0,0.1235,NA
blk3801,8,3509822,3509822,1,0,0.428,NA
blk3802,8,3510137,3510137,1,0,0.2791,NA
blk3803,8,3521536,3521536,1,0,0.3994,NA
blk3804,8,3530751,3530751,1,0,0.2929,NA
blk3805,8,3535234,3535234,1,0,0.491,NA
blk3806,8,3546727,3546727,1,0,0.2995,NA
blk3807,8,3574153,3574153,1,0,0.1984,NA
blk3808,8,3583088,3583088,1,0,0.0908,NA
blk3809,8,3585280,3585280,1,0,0.151,NA
blk3810,8,3594207,3594207,1,0,0.1212,NA
blk3811,8,3602700,3602700,1,0,0.2064,NA
blk3812,8,3606530,3606530,1,0,0.1026,NA
blk3813,8,3610616,3610616,1,0,0.0562,NA
blk3814,8,3631695,3631695,1,0,0.2193,NA
blk3815,8,3634475,3634475,1,0,0.2884,NA
blk3816,8,3661013,3661013,1,0,0.1238,NA
blk3817,8,3680436,3680436,1,0,0.4368,NA
blk3818,8,3686324,3686324,1,0,0.1545,NA
blk3819,8,3700742,3700742,1,0,0.3606,NA
blk3820,8,3709030,3709030,1,0,0.0527,NA
blk3821,8,3731456,3731456,1,0,0.485,NA
blk3822,8,3752613,3752613,1,0,0.0746,NA
blk3823,8,3768528,3768528,1,0,0.079,NA
blk3824,8,3769963,3769963,1,0,0.1434,NA
blk3825,8,3772858,3772858,1,0,0.439,NA
blk3826,8,3778195,3778195,1,0,0.2786,NA
blk3827,8,3784227,3784227,1,0,0.1187,NA
blk3828,8,3785463,3785463,1,0,0.173,NA
blk3829,8,3788247,3788247,1,0,0.3874,NA
blk3830,8,3793265,3793265,1,0,0.4981,NA
blk3831,8,3800708,3800708,1,0,0.2393,NA
blk3832,8,3806730,3806730,1,0,0.065,NA
blk3833,8,3809529,3809529,1,0,0.2047,NA
blk3834,8,3840816,3840816,1,0,0.2766,NA
blk3835,8,3865479,3865479,1,0,0.142,NA
blk3836,8,3880624,3880624,1,0,0.4236,NA
blk3837,8,3884440,3884440,1,0,0.0835,NA
blk3838,8,3900948,3900948,1,0,0.0695,NA
blk3839,8,3906578,3906578,1,0,0.4371,NA
blk3840,8,3907621,3907621,1,0,0.1491,NA
blk3841,8,3908641,3908641,1,0,0.1943,NA
blk3842,8,3918105,3918105,1,0,0.4674,NA
blk3843,8,3929081,3929081,1,0,0.3042,NA
blk3844,8,3938846,3938846,1,0,0.2374,NA
blk3845,8,3947900,3947900,1,0,0.2243,NA
blk3846,8,3950834,3950834,1,0,0.1596,NA
blk3847,8,3954541,3954541,1,0,0.4973,NA
blk3848,8,3955093,3955093,1,0,0.2087,NA
blk3849,8,3963015,3963015,1,0,0.3031,NA
blk3850,8,3963419,3963419,1,0,0.2322,NA
blk3851,8,3964113,3964113,1,0,0.1123,NA
blk3852,8,3980175,3980175,1,0,0.2899,NA
blk3853,8,3994196,3994196,1,0,0.331,NA
blk3854,8,3997219,3997219,1,0,0.289,NA
blk3855,8,4000207,4000207,1,0,0.0688,NA
blk3856,8,4012882,4012882,1,0,0.487,NA
blk3857,8,4031162,4031162,1,0,0.4696,NA
blk3858,8,4040402,4040402,1,0,0.1481,NA
blk3859,8,4045018,4045018,1,0,0.2784,NA
blk3860,8,4066582,4066582,1,0,0.0894,NA
blk3861,8,4071097,4071097,1,0,0.1455,NA
blk3862,8,4082527,4082527,1,0,0.3077,NA
blk3863,8,4102468,4102468,1,0,0.3837,NA
blk3864,8,4112261,4112261,1,0,0.2946,NA
blk3865,8,4116287,4116287,1,0,0.3777,NA
blk3866,8,4119514,4119514,1,0,0.4949,NA
blk3867,8,4120811,4120811,1,0,0.305,NA
blk3868,8,4125737,4125737,1,0,0.2283,NA
blk3869,8,4127810,4127810,1,0,0.0508,NA
blk3870,8,4141642,4141642,1,0,0.2002,NA
blk3871,8,4145569,4145569,1,0,0.0611,NA
blk3872,8,4160369,4160369,1,0,0.1729,NA
blk3873,8,4165301,4165301,1,0,0.3072,NA
blk3874,8,4185384,4185384,1,0,0.2825,NA
blk3875,8,4190530,4190530,1,0,0.3005,NA
blk3876,8,4210703,4210703,1,0,0.0796,NA
blk3877,8,4227258,4227258,1,0,0.2158,NA
blk3878,8,4234147,4234147,1,0,0.0843,NA
blk3879,8,4252194,4252194,1,0,0.1054,NA
blk3880,8,4255691,4255691,1,0,0.4507,NA
blk3881,8,4262955,4262955,1,0,0.4787,NA
blk3882,8,4269263,4269263,1,0,0.2361,NA
blk3883,8,4274961,4274961,1,0,0.1051,NA
blk3884,8,4277345,4277345,1,0,0.4415,NA
blk3885,8,4282697,4282697,1,0,0.3185,NA
blk3886,8,4307859,4307859,1,0,0.15,NA
blk3887,8,4316234,4316234,1,0,0.3361,NA
blk3888,8,4330194,4330194,1,0,0.316,NA
blk3889,8,4330551,4330551,1,0,0.1033,NA
blk3890,8,4335427,4335427,1,0,0.4898,NA
blk3891,8,4364728,4364728,1,0,0.0695,NA
blk3892,8,4403814,4403814,1,0,0.183,NA
blk3893,8,4414290,4414290,1,0,0.2374,NA
blk3894,8,4414858,4414858,1,0,0.1938,NA
blk3895,8,4424416,4424416,1,0,0.4152,NA
blk3896,8,4436762,4436762,1,0,0.2687,NA
blk3897,8,4463737,4463737,1,0,0.0927,NA
blk3898,8,4465366,4465366,1,0,0.4747,NA
blk3899,8,4468194,4468194,1,0,0.2622,NA
blk3900,8,4468823,4468823,1,0,0.356,NA
blk3901,8,4468962,4468962,1,0,0.4416,NA
blk3902,8,4473166,4473166,1,0,0.2852,NA
blk3903,8,4478020,4478020,1,0,0.3991,NA
blk3904,8,4489405,4489405,1,0,0.3169,NA
blk3905,8,4514539,4514539,1,0,0.2489,NA
blk3906,8,4529625,4529625,1,0,0.443,NA
blk3907,8,4536801,4536801,1,0,0.381,NA
blk3908,8,4547846,4547896,2,50,0.27,NA
blk3909,8,4558962,4558962,1,0,0.0925,NA
blk3910,8,4562261,4562261,1,0,0.1063,NA
blk3911,8,4574837,4574837,1,0,0.4922,NA
blk3912,8,4575494,4575494,1,0,0.4412,NA
blk3913,8,4581100,4581100,1,0,0.4749,NA
blk3914,8,4585375,4585375,1,0,0.4497,NA
blk3915,8,4613098,4613098,1,0,0.1542,NA
blk3916,8,4621647,4621647,1,0,0.1195,NA
blk3917,8,4626325,4626325,1,0,0.4247,NA
blk3918,8,4631149,4631149,1,0,0.2299,NA
blk3919,8,4635487,4635487,1,0,0.4057,NA
blk3920,8,4646140,4646140,1,0,0.0678,NA
blk3921,8,4654902,4654902,1,0,0.3688,NA
blk3922,8,4662244,4662244,1,0,0.1279,NA
blk3923,8,4696455,4696455,1,0,0.2273,NA
blk3924,8,4700361,4700361,1,0,0.1349,NA
blk3925,8,4724820,4724820,1,0,0.279,NA
blk3926,8,4728150,4728150,1,0,0.0989,NA
blk3927,8,4748504,4748504,1,0,0.2743,NA
blk3928,8,4751034,4751034,1,0,0.2,NA
blk3929,8,4752679,4752679,1,0,0.152,NA
blk3930,8,4757106,4757106,1,0,0.1758,NA
blk3931,8,4776210,4776210,1,0,0.487,NA
blk3932,8,4785131,4785131,1,0,0.1538,NA
blk3933,8,4787813,4787813,1,0,0.3241,NA
blk3934,8,4795358,4795358,1,0,0.0745,NA
blk3935,8,4798759,4798759,1,0,0.1244,NA
blk3936,8,4807294,4807294,1,0,0.2694,NA
blk3937,8,4812369,4812369,1,0,0.4757,NA
blk3938,8,4816430,4816430,1,0,0.0575,NA
blk3939,8,4844307,4844307,1,0,0.0699,NA
blk3940,8,4857835,4857835,1,0,0.4133,NA
blk3941,8,4864042,4864042,1,0,0.4261,NA
blk3942,8,4876494,4876494,1,0,0.3879,NA
blk3943,8,4887718,4887718,1,0,0.4712,NA
blk3944,8,4903501,4903501,1,0,0.4396,NA
blk3945,8,4913777,4913777,1,0,0.1957,NA
blk3946,8,4955758,4955758,1,0,0.1945,NA
blk3947,8,4959396,4959396,1,0,0.2459,NA
blk3948,8,4970816,4970816,1,0,0.2091,NA
blk3949,8,4995683,4995683,1,0,0.2193,NA
blk3950,9,11607,11607,1,0,0.4339,NA
blk3951,9,15120,15120,1,0,0.2937,NA
blk3952,9,36341,36341,1,0,0.4671,NA
blk3953,9,48555,48555,1,0,0.2575,NA
blk3954,9,53232,53232,1,0,0.2882,NA
blk3955,9,64893,64893,1,0,0.146,NA
blk3956,9,66974,66974,1,0,0.1087,NA
blk3957,9,67342,67342,1,0,0.3355,NA
blk3958,9,67970,67970,1,0,0.4822,NA
blk3959,9,80948,80948,1,0,0.0891,NA
blk3960,9,84244,84244,1,0,0.0912,NA
blk3961,9,89709,89709,1,0,0.4094,NA
blk3962,9,93003,93003,1,0,0.0915,NA
blk3963,9,94483,94483,1,0,0.3413,NA
blk3964,9,118145,118145,1,0,0.1188,NA
blk3965,9,128191,128191,1,0,0.4817,NA
blk3966,9,134747,134747,1,0,0.3839,NA
blk3967,9,165455,165455,1,0,0.1538,NA
blk3968,9,166907,166907,1,0,0.3729,NA
blk3969,9,174799,174799,1,0,0.2107,NA
blk3970,9,177476,177476,1,0,0.3613,NA
blk3971,9,177804,177804,1,0,0.2249,NA
blk3972,9,195825,195825,1,0,0.1392,NA
blk3973,9,218595,218595,1,0,0.2096,NA
blk3974,9,219597,219597,1,0,0.0722,NA
blk3975,9,222527,222527,1,0,0.3475,NA
blk3976,9,228253,228253,1,0,0.0676,NA
blk3977,9,237581,237581,1,0,0.3197,NA
blk3978,9,241240,241240,1,0,0.2238,NA
blk3979,9,257759,257759,1,0,0.1428,NA
blk3980,9,259737,259737,1,0,0.4891,NA
blk3981,9,262215,262215,1,0,0.1707,NA
blk3982,9,265794,265794,1,0,0.1831,NA
blk3983,9,276713,276713,1,0,0.2094,NA
blk3984,9,280772,280772,1,0,0.0594,NA
blk3985,9,288602,288602,1,0,0.3471,NA
blk3986,9,296187,296187,1,0,0.0753,NA
blk3987,9,298567,298567,1,0,0.1308,NA
blk3988,9,304595,304595,1,0,0.0522,NA
blk3989,9,315677,315677,1,0,0.0989,NA
blk3990,9,344268,344268,1,0,0.2001,NA
blk3991,9,375646,375646,1,0,0.218,NA
blk3992,9,382969,382969,1,0,0.1152,NA
blk3993,9,408753,408753,1,0,0.2048,NA
blk3994,9,419505,419505,1,0,0.2582,NA
blk3995,9,426048,426048,1,0,0.4374,NA
blk3996,9,438494,438494,1,0,0.3814,NA
blk3997,9,443050,443050,1,0,0.4262,NA
blk3998,9,446600,446600,1,0,0.3003,NA
blk3999,9,453119,453119,1,0,0.3371,NA
blk4000,9,481577,481577,1,0,0.4383,NA
blk4001,9,524163,524163,1,0,0.0766,NA
blk4002,9,527799,527799,1,0,0.1017,NA
blk4003,9,532903,532903,1,0,0.2893,NA
blk4004,9,536445,536445,1,0,0.0818,NA
blk4005,9,537680,537680,1,0,0.4668,NA
blk4006,9,552684,552684,1,0,0.3079,NA
blk4007,9,557680,557680,1,0,0.255,NA
blk4008,9,584426,584426,1,0,0.37,NA
blk4009,9,591970,591970,1,0,0.4379,NA
blk4010,9,617459,617459,1,0,0.3497,NA
blk4011,9,621565,621565,1,0,0.4551,NA
blk4012,9,622595,622595,1,0,0.0546,NA
blk4013,9,627640,627640,1,0,0.1681,NA
blk4014,9,635444,635444,1,0,0.1363,NA
blk4015,9,635948,635948,1,0,0.3872,NA
blk4016,9,640473,640473,1,0,0.1642,NA
blk4017,9,652949,652949,1,0,0.446,NA
blk4018,9,654730,654730,1,0,0.3943,NA
blk4019,9,667853,667853,1,0,0.1254,NA
blk4020,9,713279,713279,1,0,0.3989,NA
blk4021,9,714571,714571,1,0,0.3003,NA
blk4022,9,735954,735954,1,0,0.3899,NA
blk4023,9,755515,755515,1,0,0.3118,NA
blk4024,9,769774,769774,1,0,0.2434,NA
blk4025,9,789326,789326,1,0,0.3743,NA
blk4026,9,801379,801379,1,0,0.3231,NA
blk4027,9,804623,804623,1,0,0.303,NA
blk4028,9,830886,830886,1,0,0.4064,NA
blk4029,9,832045,832045,1,0,0.173,NA
blk4030,9,836304,836304,1,0,0.1002,NA
blk4031,9,845774,845774,1,0,0.1687,NA
blk4032,9,858834,858834,1,0,0.1426,NA
blk4033,9,859979,859979,1,0,0.1744,NA
blk4034,9,860437,860437,1,0,0.1104,NA
blk4035,9,879347,879347,1,0,0.1004,NA
blk4036,9,896327,896327,1,0,0.1143,NA
blk4037,9,903035,903035,1,0,0.2085,NA
blk4038,9,906380,906380,1,0,0.4446,NA
blk4039,9,935204,935204,1,0,0.0995,NA
blk4040,9,940667,940667,1,0,0.493,NA
blk4041,9,958139,958139,1,0,0.0924,NA
blk4042,9,958352,958352,1,0,0.4451,NA
blk4043,9,958936,958936,1,0,0.0544,NA
blk4044,9,961822,961822,1,0,0.1403,NA
blk4045,9,962852,962852,1,0,0.4782,NA
blk4046,9,967843,967843,1,0,0.4759,NA
blk4047,9,975853,975853,1,0,0.2546,NA
blk4048,9,980377,980377,1,0,0.4905,NA
blk4049,9,981387,981387,1,0,0.4168,NA
blk4050,9,983855,983855,1,0,0.3708,NA
blk4051,9,988880,988880,1,0,0.0609,NA
blk4052,9,992342,992342,1,0,0.2133,NA
blk4053,9,992520,992520,1,0,0.1154,NA
blk4054,9,997628,997628,1,0,0.4882,NA
blk4055,9,1003009,1003009,1,0,0.0944,NA
blk4056,9,1018097,1018097,1,0,0.115,NA
blk4057,9,1020842,1020842,1,0,0.2492,NA
blk4058,9,1025185,1025185,1,0,0.4473,NA
blk4059,9,1035443,1035443,1,0,0.2843,NA
blk4060,9,1049177,1049177,1,0,0.2502,NA
blk4061,9,1065532,1065532,1,0,0.3065,NA
blk4062,9,1076062,1076062,1,0,0.1536,NA
blk4063,9,1084829,1084829,1,0,0.3787,NA
blk4064,9,1085305,1085305,1,0,0.2529,NA
blk4065,9,1087545,1087545,1,0,0.4644,NA
blk4066,9,1123047,1123047,1,0,0.3162,NA
blk4067,9,1128818,1128818,1,0,0.0558,NA
blk4068,9,1141367,1141367,1,0,0.1793,NA
blk4069,9,1169632,1169632,1,0,0.188,NA
blk4070,9,1174708,1174708,1,0,0.1098,NA
blk4071,9,1180704,1180704,1,0,0.2069,NA
blk4072,9,1196746,1196746,1,0,0.1304,NA
blk4073,9,1212190,1212190,1,0,0.2121,NA
blk4074,9,1244996,1244996,1,0,0.3102,NA
blk4075,9,1247437,1247437,1,0,0.2333,NA
blk4076,9,1260611,1260611,1,0,0.481,NA
blk4077,9,1270342,1270342,1,0,0.1925,NA
blk4078,9,1281507,1281507,1,0,0.1414,NA
blk4079,9,1283173,1283173,1,0,0.3557,NA
blk4080,9,1285274,1285274,1,0,0.3935,NA
blk4081,9,1305666,1305666,1,0,0.3159,NA
blk4082,9,1310895,1310895,1,0,0.353,NA
blk4083,9,1312833,1312833,1,0,0.2547,NA
blk4084,9,1325208,1325208,1,0,0.2807,NA
blk4085,9,1328840,1328840,1,0,0.2549,NA
blk4086,9,1335470,1335470,1,0,0.1536,NA
blk4087,9,1343369,1343369,1,0,0.1569,NA
blk4088,9,1352658,1352658,1,0,0.38,NA
blk4089,9,1361954,1361954,1,0,0.3131,NA
blk4090,9,1366703,1366703,1,0,0.1881,NA
blk4091,9,1370776,1370776,1,0,0.4067,NA
blk4092,9,1377644,1377644,1,0,0.1092,NA
blk4093,9,1386832,1386832,1,0,0.3059,NA
blk4094,9,1409903,1409903,1,0,0.1578,NA
blk4095,9,1415595,1415595,1,0,0.2216,NA
blk4096,9,1423816,1423816,1,0,0.4859,NA
blk4097,9,1426722,1426722,1,0,0.1161,NA
blk4098,9,1434310,1434310,1,0,0.1586,NA
blk4099,9,1436865,1436865,1,0,0.4863,NA
blk4100,9,1438615,1438615,1,0,0.2338,NA
blk4101,9,1447945,1447945,1,0,0.4374,NA
blk4102,9,1453587,1453587,1,0,0.4569,NA
blk4103,9,1471509,1471509,1,0,0.4208,NA
blk4104,9,1481593,1481593,1,0,0.0911,NA
blk4105,9,1487653,1487653,1,0,0.4659,NA
blk4106,9,1502701,1502701,1,0,0.4664,NA
blk4107,9,1506689,1506689,1,0,0.3337,NA
blk4108,9,1529453,1529453,1,0,0.4269,NA
blk4109,9,1538823,1538823,1,0,0.0682,NA
blk4110,9,1560443,1560443,1,0,0.2097,NA
blk4111,9,1562366,1562366,1,0,0.4575,NA
blk4112,9,1568393,1568393,1,0,0.3984,NA
blk4113,9,1568791,1568791,1,0,0.1356,NA
blk4114,9,1579171,1579171,1,0,0.1706,NA
blk4115,9,1581357,1581357,1,0,0.3734,NA
blk4116,9,1585831,1585831,1,0,0.2889,NA
blk4117,9,1600027,1600027,1,0,0.2449,NA
blk4118,9,1650553,1650553,1,0,0.4542,NA
blk4119,9,1651976,1651976,1,0,0.2588,NA
blk4120,9,1657285,1657285,1,0,0.225,NA
blk4121,9,1666244,1666244,1,0,0.1578,NA
blk4122,9,1707375,1707375,1,0,0.1258,NA
blk4123,9,1740531,1740531,1,0,0.2288,NA
blk4124,9,1756063,1756063,1,0,0.3209,NA
blk4125,9,1758490,1758490,1,0,0.1158,NA
blk4126,9,1764097,1764097,1,0,0.4857,NA
blk4127,9,1775182,1775182,1,0,0.0842,NA
blk4128,9,1780464,1780464,1,0,0.3717,NA
blk4129,9,1788568,1788568,1,0,0.2001,NA
blk4130,9,1788817,1788817,1,0,0.4331,NA
blk4131,9,1790379,1790379,1,0,0.3386,NA
blk4132,9,1790970,1790970,1,0,0.3477,NA
blk4133,9,1828715,1828715,1,0,0.4935,NA
blk4134,9,1844502,1844502,1,0,0.073,NA
blk4135,9,1846782,1846782,1,0,0.3928,NA
blk4136,9,1849895,1849895,1,0,0.176,NA
blk4137,9,1858350,1858350,1,0,0.224,NA
blk4138,9,1867550,1867550,1,0,0.1365,NA
blk4139,9,1867817,1867817,1,0,0.4088,NA
blk4140,9,1895014,1895014,1,0,0.4416,NA
blk4141,9,1905801,1905801,1,0,0.4493,NA
blk4142,9,1911623,1911623,1,0,0.1438,NA
blk4143,9,1917257,1917257,1,0,0.0838,NA
blk4144,9,1942002,1942002,1,0,0.1224,NA
blk4145,9,1959623,1959623,1,0,0.2558,NA
blk4146,9,2017670,2017670,1,0,0.4978,NA
blk4147,9,2045067,2045067,1,0,0.2947,NA
blk4148,9,2078396,2078396,1,0,0.4014,NA
blk4149,9,2094294,2094294,1,0,0.419,NA
blk4150,9,2111550,2111550,1,0,0.4564,NA
blk4151,9,2118479,2118479,1,0,0.0678,NA
blk4152,9,2123203,2123203,1,0,0.0655,NA
blk4153,9,2128721,2128721,1,0,0.2103,NA
blk4154,9,2137182,2137182,1,0,0.2612,NA
blk4155,9,2137507,2137507,1,0,0.157,NA
blk4156,9,2139067,2139067,1,0,0.2327,NA
blk4157,9,2145320,2145320,1,0,0.2973,NA
blk4158,9,2160831,2160831,1,0,0.4818,NA
blk4159,9,2164639,2164639,1,0,0.3298,NA
blk4160,9,2168051,2168051,1,0,0.1445,NA
blk4161,9,2177222,2177222,1,0,0.2379,NA
blk4162,9,2195407,2195407,1,0,0.3783,NA
blk4163,9,2212460,2212460,1,0,0.3868,NA
blk4164,9,2217398,2217398,1,0,0.3577,NA
blk4165,9,2218081,2218081,1,0,0.058,NA
blk4166,9,2221483,2221483,1,0,0.2051,NA
blk4167,9,2227195,2227195,1,0,0.4689,NA
blk4168,9,2248049,2248049,1,0,0.3497,NA
blk4169,9,2251672,2251672,1,0,0.1338,NA
blk4170,9,2254987,2254987,1,0,0.4721,NA
blk4171,9,2257248,2257248,1,0,0.1422,NA
blk4172,9,2257618,2257618,1,0,0.2072,NA
blk4173,9,2261000,2261000,1,0,0.4534,NA
blk4174,9,2262900,2262900,1,0,0.0946,NA
blk4175,9,2263842,2263842,1,0,0.2904,NA
blk4176,9,2268389,2268389,1,0,0.3126,NA
blk4177,9,2275200,2275200,1,0,0.2835,NA
blk4178,9,2278975,2278975,1,0,0.3145,NA
blk4179,9,2284151,2284151,1,0,0.2614,NA
blk4180,9,2300535,2300535,1,0,0.2453,NA
blk4181,9,2309304,2309304,1,0,0.3945,NA
blk4182,9,2312247,2312247,1,0,0.117,NA
blk4183,9,2355542,2355542,1,0,0.0862,NA
blk4184,9,2361336,2361336,1,0,0.4758,NA
blk4185,9,2363004,2363004,1,0,0.3541,NA
blk4186,9,2364934,2364934,1,0,0.2255,NA
blk4187,9,2368351,2368351,1,0,0.0574,NA
blk4188,9,2381075,2381075,1,0,0.2016,NA
blk4189,9,2381854,2381854,1,0,0.4208,NA
blk4190,9,2384644,2384644,1,0,0.1777,NA
blk4191,9,2391077,2391077,1,0,0.1831,NA
blk4192,9,2392473,2392473,1,0,0.3948,NA
blk4193,9,2406196,2406196,1,0,0.1547,NA
blk4194,9,2408169,2408169,1,0,0.3877,NA
blk4195,9,2409170,2409170,1,0,0.3212,NA
blk4196,9,2409617,2409617,1,0,0.2449,NA
blk4197,9,2420932,2420932,1,0,0.3798,NA
blk4198,9,2433042,2433042,1,0,0.3461,NA
blk4199,9,2439445,2439445,1,0,0.4888,NA
blk4200,9,2447325,2447325,1,0,0.3052,NA
blk4201,9,2450605,2450605,1,0,0.1005,NA
blk4202,9,2461213,2461213,1,0,0.0605,NA
blk4203,9,2480664,2480664,1,0,0.2014,NA
blk4204,9,2481237,2481237,1,0,0.1736,NA
blk4205,9,2492021,2492021,1,0,0.3447,NA
blk4206,9,2499373,2499373,1,0,0.4513,NA
blk4207,9,2500071,2500071,1,0,0.3713,NA
blk4208,9,2500378,2500378,1,0,0.4311,NA
blk4209,9,2503583,2503583,1,0,0.1586,NA
blk4210,9,2522131,2522131,1,0,0.3917,NA
blk4211,9,2525625,2525625,1,0,0.1899,NA
blk4212,9,2528027,2528027,1,0,0.2909,NA
blk4213,9,2533758,2533758,1,0,0.2031,NA
blk4214,9,2537364,2537364,1,0,0.2304,NA
blk4215,9,2539848,2539848,1,0,0.2286,NA
blk4216,9,2557243,2557243,1,0,0.3861,NA
blk4217,9,2565593,2565593,1,0,0.4595,NA
blk4218,9,2574782,2574782,1,0,0.4156,NA
blk4219,9,2592913,2592913,1,0,0.2247,NA
blk4220,9,2597637,2597637,1,0,0.3939,NA
blk4221,9,2601481,2601481,1,0,0.137,NA
blk4222,9,2612375,2612375,1,0,0.0749,NA
blk4223,9,2621619,2621619,1,0,0.2434,NA
blk4224,9,2622695,2622695,1,0,0.2824,NA
blk4225,9,2630840,2630840,1,0,0.1103,NA
blk4226,9,2690826,2690826,1,0,0.462,NA
blk4227,9,2694741,2694741,1,0,0.4134,NA
blk4228,9,2696677,2696677,1,0,0.16,NA
blk4229,9,2715249,2715249,1,0,0.4919,NA
blk4230,9,2718923,2718923,1,0,0.3349,NA
blk4231,9,2736325,2736325,1,0,0.1995,NA
blk4232,9,2737612,2737612,1,0,0.4417,NA
blk4233,9,2750041,2750041,1,0,0.4838,NA
blk4234,9,2801474,2801474,1,0,0.0568,NA
blk4235,9,2817025,2817025,1,0,0.2712,NA
blk4236,9,2817696,2817696,1,0,0.3655,NA
blk4237,9,2839720,2839720,1,0,0.2872,NA
blk4238,9,2842772,2842772,1,0,0.319,NA
blk4239,9,2855515,2855515,1,0,0.4131,NA
blk4240,9,2863585,2863585,1,0,0.4856,NA
blk4241,9,2865034,2865034,1,0,0.2657,NA
blk4242,9,2881939,2881939,1,0,0.2788,NA
blk4243,9,2888337,2888337,1,0,0.2411,NA
blk4244,9,2904453,2904453,1,0,0.3019,NA
blk4245,9,2934886,2934886,1,0,0.1208,NA
blk4246,9,2936848,2936848,1,0,0.3724,NA
blk4247,9,2956695,2956695,1,0,0.3429,NA
blk4248,9,2965000,2965000,1,0,0.4886,NA
blk4249,9,2978104,2978104,1,0,0.1731,NA
blk4250,9,2983308,2983308,1,0,0.3543,NA
blk4251,9,2984859,2984859,1,0,0.3547,NA
blk4252,9,2986667,2986667,1,0,0.3901,NA
blk4253,9,3008370,3008370,1,0,0.28,NA
blk4254,9,3019582,3019582,1,0,0.0645,NA
blk4255,9,3021906,3021906,1,0,0.4013,NA
blk4256,9,3025553,3025553,1,0,0.2055,NA
blk4257,9,3040758,3040758,1,0,0.3422,NA
blk4258,9,3050815,3050815,1,0,0.4472,NA
blk4259,9,3051271,3051271,1,0,0.4855,NA
blk4260,9,3090360,3090360,1,0,0.406,NA
blk4261,9,3093682,3093682,1,0,0.4586,NA
blk4262,9,3099846,3099846,1,0,0.4187,NA
blk4263,9,3103557,3103557,1,0,0.2601,NA
blk4264,9,3106780,3106780,1,0,0.1142,NA
blk4265,9,3120394,3120394,1,0,0.2348,NA
blk4266,9,3125424,3125424,1,0,0.3151,NA
blk4267,9,3136899,3136899,1,0,0.3902,NA
blk4268,9,3146931,3146931,1,0,0.386,NA
blk4269,9,3150528,3150528,1,0,0.2536,NA
blk4270,9,3153910,3153910,1,0,0.3308,NA
blk4271,9,3174232,3174232,1,0,0.3842,NA
blk4272,9,3177625,3177625,1,0,0.4634,NA
blk4273,9,3181450,3181450,1,0,0.4827,NA
blk4274,9,3182767,3182767,1,0,0.1521,NA
blk4275,9,3185558,3185558,1,0,0.1246,NA
blk4276,9,3198535,3198598,2,63,0.052,NA
blk4277,9,3198842,3198842,1,0,0.4509,NA
blk4278,9,3216169,3216264,2,95,0.0813,NA
blk4279,9,3250758,3250758,1,0,0.1994,NA
blk4280,9,3292570,3292570,1,0,0.4608,NA
blk4281,9,3304906,3304906,1,0,0.2517,NA
blk4282,9,3314326,3314326,1,0,0.4475,NA
blk4283,9,3322940,3322940,1,0,0.3896,NA
blk4284,9,3324286,3324286,1,0,0.3766,NA
blk4285,9,3328985,3328985,1,0,0.1092,NA
blk4286,9,3340320,3340320,1,0,0.066,NA
blk4287,9,3349106,3349106,1,0,0.107,NA
blk4288,9,3349534,3349534,1,0,0.1218,NA
blk4289,9,3353155,3353155,1,0,0.3795,NA
blk4290,9,3357671,3357671,1,0,0.2316,NA
blk4291,9,3370098,3370098,1,0,0.1581,NA
blk4292,9,3391804,3391804,1,0,0.3791,NA
blk4293,9,3405678,3405678,1,0,0.3218,NA
blk4294,9,3412784,3412784,1,0,0.3073,NA
blk4295,9,3466044,3466044,1,0,0.1572,NA
blk4296,9,3474324,3474324,1,0,0.4356,NA
blk4297,9,3479022,3479022,1,0,0.0556,NA
blk4298,9,3486347,3486347,1,0,0.2919,NA
blk4299,9,3501196,3501196,1,0,0.2144,NA
blk4300,9,3502359,3502359,1,0,0.3325,NA
blk4301,9,3506894,3506894,1,0,0.0591,NA
blk4302,9,3523806,3523806,1,0,0.4213,NA
blk4303,9,3524073,3524073,1,0,0.0879,NA
blk4304,9,3534069,3534069,1,0,0.3499,NA
blk4305,9,3541176,3541176,1,0,0.2882,NA
blk4306,9,3546148,3546148,1,0,0.3994,NA
blk4307,9,3547245,3547245,1,0,0.4614,NA
blk4308,9,3548947,3548947,1,0,0.4382,NA
blk4309,9,3555301,3555301,1,0,0.1792,NA
blk4310,9,3570888,3570888,1,0,0.3552,NA
blk4311,9,3581906,3581906,1,0,0.2573,NA
blk4312,9,3587684,3587684,1,0,0.1282,NA
blk4313,9,3588460,3588460,1,0,0.2245,NA
blk4314,9,3592275,3592275,1,0,0.2602,NA
blk4315,9,3595888,3595888,1,0,0.0527,NA
blk4316,9,3605090,3605090,1,0,0.1405,NA
blk4317,9,3617977,3617977,1,0,0.1205,NA
blk4318,9,3619012,3619012,1,0,0.2563,NA
blk4319,9,3629794,3629794,1,0,0.0967,NA
blk4320,9,3631012,3631012,1,0,0.1362,NA
blk4321,9,3636325,3636325,1,0,0.406,NA
blk4322,9,3640215,3640215,1,0,0.2159,NA
blk4323,9,3664000,3664000,1,0,0.1229,NA
blk4324,9,3665441,3665441,1,0,0.2532,NA
blk4325,9,3670036,3670036,1,0,0.3104,NA
blk4326,9,3670508,3670508,1,0,0.3967,NA
blk4327,9,3686323,3686323,1,0,0.2882,NA
blk4328,9,3707858,3707858,1,0,0.2127,NA
blk4329,9,3717155,3717155,1,0,0.2179,NA
blk4330,9,3747198,3747198,1,0,0.1157,NA
blk4331,9,3747371,3747371,1,0,0.2762,NA
blk4332,9,3749835,3749835,1,0,0.2322,NA
blk4333,9,3759931,3759931,1,0,0.0919,NA
blk4334,9,3771917,3771917,1,0,0.1624,NA
blk4335,9,3772807,3772807,1,0,0.3301,NA
blk4336,9,3773307,3773307,1,0,0.1773,NA
blk4337,9,3807337,3807337,1,0,0.089,NA
blk4338,9,3813757,3813757,1,0,0.2628,NA
blk4339,9,3816618,3816618,1,0,0.4235,NA
blk4340,9,3827236,3827236,1,0,0.3424,NA
blk4341,9,3834189,3834189,1,0,0.4099,NA
blk4342,9,3839125,3839125,1,0,0.2643,NA
blk4343,9,3849078,3849078,1,0,0.152,NA
blk4344,9,3851286,3851286,1,0,0.3496,NA
blk4345,9,3864493,3864493,1,0,0.4735,NA
blk4346,9,3869121,3869121,1,0,0.1347,NA
blk4347,9,3870992,3870992,1,0,0.3632,NA
blk4348,9,3874145,3874145,1,0,0.1069,NA
blk4349,9,3938348,3938348,1,0,0.1952,NA
blk4350,9,3944731,3944731,1,0,0.325,NA
blk4351,9,3950319,3950319,1,0,0.2396,NA
blk4352,9,3957801,3957801,1,0,0.4897,NA
blk4353,9,3958876,3958876,1,0,0.4873,NA
blk4354,9,3984129,3984129,1,0,0.2833,NA
blk4355,9,4029700,4029700,1,0,0.4876,NA
blk4356,9,4048558,4048558,1,0,0.3009,NA
blk4357,9,4052178,4052178,1,0,0.4109,NA
blk4358,9,4053716,4053716,1,0,0.4315,NA
blk4359,9,4074377,4074377,1,0,0.148,NA
blk4360,9,4074573,4074573,1,0,0.4669,NA
blk4361,9,4094890,4094890,1,0,0.3279,NA
blk4362,9,4097402,4097402,1,0,0.3892,NA
blk4363,9,4106000,4106000,1,0,0.1298,NA
blk4364,9,4111695,4111695,1,0,0.3975,NA
blk4365,9,4120162,4120162,1,0,0.1959,NA
blk4366,9,4122562,4122562,1,0,0.1319,NA
blk4367,9,4132968,4132968,1,0,0.0507,NA
blk4368,9,4141090,4141090,1,0,0.0659,NA
blk4369,9,4146148,4146148,1,0,0.4427,NA
blk4370,9,4166260,4166260,1,0,0.2078,NA
blk4371,9,4180522,4180522,1,0,0.2263,NA
blk4372,9,4185893,4185893,1,0,0.1089,NA
blk4373,9,4194292,4194292,1,0,0.4758,NA
blk4374,9,4196851,4196851,1,0,0.4929,NA
blk4375,9,4206123,4206123,1,0,0.1979,NA
blk4376,9,4226303,4226303,1,0,0.3271,NA
blk4377,9,4236209,4236209,1,0,0.4004,NA
blk4378,9,4242195,4242195,1,0,0.3347,NA
blk4379,9,4254728,4254728,1,0,0.4506,NA
blk4380,9,4260505,4260505,1,0,0.2398,NA
blk4381,9,4280969,4280969,1,0,0.2559,NA
blk4382,9,4289952,4289952,1,0,0.3902,NA
blk4383,9,4321812,4321812,1,0,0.4244,NA
blk4384,9,4327341,4327341,1,0,0.2193,NA
blk4385,9,4334151,4334151,1,0,0.3332,NA
blk4386,9,4344111,4344111,1,0,0.1903,NA
blk4387,9,4356945,4356945,1,0,0.255,NA
blk4388,9,4362250,4362250,1,0,0.3755,NA
blk4389,9,4403583,4403583,1,0,0.4903,NA
blk4390,9,4413091,4413091,1,0,0.1886,NA
blk4391,9,4431892,4431892,1,0,0.0903,NA
blk4392,9,4434375,4434375,1,0,0.4907,NA
blk4393,9,4461573,4461573,1,0,0.417,NA
blk4394,9,4477103,4477103,1,0,0.4577,NA
blk4395,9,4479695,4479695,1,0,0.119,NA
blk4396,9,4483684,4483684,1,0,0.0772,NA
blk4397,9,4509467,4509467,1,0,0.4525,NA
blk4398,9,4517662,4517662,1,0,0.1068,NA
blk4399,9,4524676,4524676,1,0,0.3613,NA
blk4400,9,4530254,4530254,1,0,0.2435,NA
blk4401,9,4534744,4534744,1,0,0.3718,NA
blk4402,9,4543599,4543599,1,0,0.3773,NA
blk4403,9,4546468,4546468,1,0,0.3843,NA
blk4404,9,4560386,4560386,1,0,0.2277,NA
blk4405,9,4567842,4567842,1,0,0.3592,NA
blk4406,9,4569226,4569226,1,0,0.4815,NA
blk4407,9,4573772,4573772,1,0,0.3532,NA
blk4408,9,4574025,4574025,1,0,0.3631,NA
blk4409,9,4580300,4580300,1,0,0.218,NA
blk4410,9,4591684,4591684,1,0,0.3758,NA
blk4411,9,4606290,4606290,1,0,0.0891,NA
blk4412,9,4653890,4653890,1,0,0.2035,NA
blk4413,9,4656783,4656783,1,0,0.2922,NA
blk4414,9,4669079,4669079,1,0,0.2606,NA
blk4415,9,4670268,4670268,1,0,0.1834,NA
blk4416,9,4681096,4681096,1,0,0.0543,NA
blk4417,9,4709173,4709173,1,0,0.3706,NA
blk4418,9,4713032,4713032,1,0,0.099,NA
blk4419,9,4736279,4736279,1,0,0.4797,NA
blk4420,9,4749992,4749992,1,0,0.4365,NA
blk4421,9,4756615,4756615,1,0,0.4231,NA
blk4422,9,4785992,4785992,1,0,0.2773,NA
blk4423,9,4792563,4792563,1,0,0.0649,NA
blk4424,9,4795551,4795551,1,0,0.3531,NA
blk4425,9,4802770,4802770,1,0,0.3515,NA
blk4426,9,4810479,4810479,1,0,0.0913,NA
blk4427,9,4814307,4814307,1,0,0.1192,NA
blk4428,9,4829202,4829202,1,0,0.4463,NA
blk4429,9,4832229,4832229,1,0,0.3923,NA
blk4430,9,4857294,4857294,1,0,0.2407,NA
blk4431,9,4869931,4869931,1,0,0.468,NA
blk4432,9,4872083,4872083,1,0,0.3153,NA
blk4433,9,4884417,4884417,1,0,0.3096,NA
blk4434,9,4888716,4888716,1,0,0.4828,NA
blk4435,9,4890146,4890146,1,0,0.4788,NA
blk4436,9,4902110,4902110,1,0,0.165,NA
blk4437,9,4916100,4916100,1,0,0.3553,NA
blk4438,9,4933740,4933740,1,0,0.188,NA
blk4439,9,4935102,4935102,1,0,0.0559,NA
blk4440,9,4941249,4941249,1,0,0.3885,NA
blk4441,9,4945734,4945734,1,0,0.2797,NA
blk4442,9,4953555,4953555,1,0,0.1166,NA
blk4443,9,4959254,4959254,1,0,0.3849,NA
blk4444,9,4966905,4966905,1,0,0.1444,NA
blk4445,9,4970607,4970607,1,0,0.4089,NA
blk4446,9,4976324,4976324,1,0,0.3824,NA
blk4447,9,4993175,4993175,1,0,0.0594,NA
blk4448,10,7511,7511,1,0,0.2629,NA
blk4449,10,9481,9481,1,0,0.4838,NA
blk4450,10,33689,33689,1,0,0.3558,NA
blk4451,10,38721,38721,1,0,0.1193,NA
blk4452,10,39226,39226,1,0,0.2463,NA
blk4453,10,67556,67556,1,0,0.1098,NA
blk4454,10,93700,93700,1,0,0.0608,NA
blk4455,10,108656,108656,1,0,0.1538,NA
blk4456,10,112949,113034,2,85,0.2302,NA
blk4457,10,126962,126962,1,0,0.1043,NA
blk4458,10,162569,162569,1,0,0.2646,NA
blk4459,10,169562,169562,1,0,0.1873,NA
blk4460,10,201421,201421,1,0,0.2294,NA
blk4461,10,228365,228365,1,0,0.1344,NA
blk4462,10,230628,230628,1,0,0.4796,NA
blk4463,10,253163,253163,1,0,0.1491,NA
blk4464,10,262819,262819,1,0,0.1581,NA
blk4465,10,273406,273406,1,0,0.3835,NA
blk4466,10,277656,277656,1,0,0.4807,NA
blk4467,10,284667,284667,1,0,0.2834,NA
blk4468,10,285682,285693,2,11,0.4878,NA
blk4469,10,293593,293593,1,0,0.4268,NA
blk4470,10,304443,304443,1,0,0.1712,NA
blk4471,10,309795,309795,1,0,0.0649,NA
blk4472,10,316434,316434,1,0,0.4261,NA
blk4473,10,339744,339744,1,0,0.2339,NA
blk4474,10,342558,342558,1,0,0.3522,NA
blk4475,10,354389,354389,1,0,0.4628,NA
blk4476,10,354980,354980,1,0,0.315,NA
blk4477,10,357157,357157,1,0,0.07,NA
blk4478,10,357578,357578,1,0,0.3133,NA
blk4479,10,368690,368690,1,0,0.1751,NA
blk4480,10,391142,391142,1,0,0.1623,NA
blk4481,10,402244,402244,1,0,0.2224,NA
blk4482,10,422964,422964,1,0,0.4922,NA
blk4483,10,423758,423758,1,0,0.1838,NA
blk4484,10,433833,433833,1,0,0.4129,NA
blk4485,10,458634,458634,1,0,0.3933,NA
blk4486,10,464405,464405,1,0,0.4688,NA
blk4487,10,464697,464697,1,0,0.1453,NA
blk4488,10,472622,472649,2,27,0.3575,NA
blk4489,10,476009,476009,1,0,0.0777,NA
blk4490,10,496131,496131,1,0,0.1186,NA
blk4491,10,515311,515311,1,0,0.0706,NA
blk4492,10,535314,535314,1,0,0.4435,NA
blk4493,10,540788,540788,1,0,0.0748,NA
blk4494,10,547622,547622,1,0,0.0514,NA
blk4495,10,555348,555348,1,0,0.0534,NA
blk4496,10,555912,555912,1,0,0.4731,NA
blk4497,10,566691,566691,1,0,0.0947,NA
blk4498,10,570644,570644,1,0,0.3159,NA
blk4499,10,580106,580106,1,0,0.2776,NA
blk4500,10,592244,592244,1,0,0.3538,NA
blk4501,10,605387,605387,1,0,0.4695,NA
blk4502,10,606132,606132,1,0,0.4387,NA
blk4503,10,614499,614499,1,0,0.476,NA
blk4504,10,624719,624719,1,0,0.186,NA
blk4505,10,626247,626247,1,0,0.283,NA
blk4506,10,648054,648054,1,0,0.1431,NA
blk4507,10,648193,648193,1,0,0.0895,NA
blk4508,10,655370,655370,1,0,0.4334,NA
blk4509,10,657752,657752,1,0,0.399,NA
blk4510,10,667004,667004,1,0,0.1022,NA
blk4511,10,678056,678056,1,0,0.0537,NA
blk4512,10,681656,681656,1,0,0.2341,NA
blk4513,10,688709,688709,1,0,0.3579,NA
blk4514,10,694094,694094,1,0,0.4067,NA
blk4515,10,700926,700926,1,0,0.3136,NA
blk4516,10,701674,701674,1,0,0.3146,NA
blk4517,10,710507,710507,1,0,0.363,NA
blk4518,10,713589,713589,1,0,0.1334,NA
blk4519,10,718908,718908,1,0,0.0684,NA
blk4520,10,741134,741134,1,0,0.1255,NA
blk4521,10,749697,749697,1,0,0.1744,NA
blk4522,10,773050,773050,1,0,0.1485,NA
blk4523,10,774495,774495,1,0,0.3853,NA
blk4524,10,790330,790330,1,0,0.4767,NA
blk4525,10,806105,806105,1,0,0.1641,NA
blk4526,10,809514,809514,1,0,0.1372,NA
blk4527,10,819374,819374,1,0,0.4566,NA
blk4528,10,826143,826143,1,0,0.2418,NA
blk4529,10,829108,829108,1,0,0.3889,NA
blk4530,10,831511,831511,1,0,0.3797,NA
blk4531,10,838669,838669,1,0,0.3036,NA
blk4532,10,846320,846320,1,0,0.0703,NA
blk4533,10,848783,848783,1,0,0.4655,NA
blk4534,10,879453,879453,1,0,0.0737,NA
blk4535,10,883369,883369,1,0,0.107,NA
blk4536,10,885932,885932,1,0,0.4974,NA
blk4537,10,902599,902599,1,0,0.3569,NA
blk4538,10,904868,904868,1,0,0.4424,NA
blk4539,10,908967,908967,1,0,0.1272,NA
blk4540,10,912439,912439,1,0,0.2093,NA
blk4541,10,912684,912684,1,0,0.1577,NA
blk4542,10,921047,921047,1,0,0.1928,NA
blk4543,10,931024,931024,1,0,0.3406,NA
blk4544,10,943799,943799,1,0,0.3032,NA
blk4545,10,961322,961322,1,0,0.2315,NA
blk4546,10,967694,967694,1,0,0.2942,NA
blk4547,10,985225,985225,1,0,0.4415,NA
blk4548,10,997107,997107,1,0,0.1065,NA
blk4549,10,1013523,1013523,1,0,0.425,NA
blk4550,10,1029562,1029562,1,0,0.0638,NA
blk4551,10,1031732,1031732,1,0,0.0565,NA
blk4552,10,1038242,1038242,1,0,0.4977,NA
blk4553,10,1041271,1041271,1,0,0.1536,NA
blk4554,10,1054647,1054647,1,0,0.4568,NA
blk4555,10,1056447,1056447,1,0,0.2286,NA
blk4556,10,1060289,1060289,1,0,0.2071,NA
blk4557,10,1074461,1074461,1,0,0.3174,NA
blk4558,10,1117330,1117330,1,0,0.1127,NA
blk4559,10,1118294,1118294,1,0,0.177,NA
blk4560,10,1125116,1125116,1,0,0.4858,NA
blk4561,10,1153212,1153212,1,0,0.4295,NA
blk4562,10,1157046,1157046,1,0,0.3834,NA
blk4563,10,1160511,1160511,1,0,0.1743,NA
blk4564,10,1168890,1168890,1,0,0.2583,NA
blk4565,10,1183817,1183817,1,0,0.4639,NA
blk4566,10,1193359,1193359,1,0,0.4566,NA
blk4567,10,1205204,1205204,1,0,0.2773,NA
blk4568,10,1224803,1224803,1,0,0.3925,NA
blk4569,10,1242858,1242858,1,0,0.0687,NA
blk4570,10,1254716,1254716,1,0,0.1236,NA
blk4571,10,1258526,1258526,1,0,0.2991,NA
blk4572,10,1269411,1269411,1,0,0.3966,NA
blk4573,10,1276288,1276288,1,0,0.3623,NA
blk4574,10,1283251,1283251,1,0,0.1251,NA
blk4575,10,1286699,1286699,1,0,0.1325,NA
blk4576,10,1308920,1308920,1,0,0.4766,NA
blk4577,10,1313507,1313507,1,0,0.3435,NA
blk4578,10,1316772,1316772,1,0,0.3868,NA
blk4579,10,1354035,1354035,1,0,0.4918,NA
blk4580,10,1365213,1365213,1,0,0.2646,NA
blk4581,10,1371226,1371226,1,0,0.4096,NA
blk4582,10,1377993,1377993,1,0,0.0658,NA
blk4583,10,1442437,1442437,1,0,0.3133,NA
blk4584,10,1457956,1457956,1,0,0.2874,NA
blk4585,10,1470965,1470965,1,0,0.1285,NA
blk4586,10,1474018,1474018,1,0,0.4403,NA
blk4587,10,1496008,1496008,1,0,0.2674,NA
blk4588,10,1519372,1519372,1,0,0.2885,NA
blk4589,10,1527850,1527850,1,0,0.4197,NA
blk4590,10,1533953,1533953,1,0,0.2017,NA
blk4591,10,1551871,1551871,1,0,0.1757,NA
blk4592,10,1555315,1555315,1,0,0.4541,NA
blk4593,10,1577996,1577996,1,0,0.4342,NA
blk4594,10,1592747,1592747,1,0,0.1579,NA
blk4595,10,1602798,1602798,1,0,0.3907,NA
blk4596,10,1610277,1610277,1,0,0.2981,NA
blk4597,10,1634074,1634074,1,0,0.3435,NA
blk4598,10,1642979,1642979,1,0,0.0788,NA
blk4599,10,1651690,1651690,1,0,0.092,NA
blk4600,10,1652214,1652214,1,0,0.4948,NA
blk4601,10,1662636,1662636,1,0,0.1661,NA
blk4602,10,1680823,1680823,1,0,0.4629,NA
blk4603,10,1692814,1692814,1,0,0.1687,NA
blk4604,10,1693101,1693101,1,0,0.4685,NA
blk4605,10,1698565,1698565,1,0,0.3535,NA
blk4606,10,1701686,1701686,1,0,0.3015,NA
blk4607,10,1702733,1702733,1,0,0.4991,NA
blk4608,10,1718627,1718627,1,0,0.1179,NA
blk4609,10,1729686,1729686,1,0,0.3415,NA
blk4610,10,1732963,1732963,1,0,0.1141,NA
blk4611,10,1739089,1739089,1,0,0.3317,NA
blk4612,10,1761266,1761266,1,0,0.378,NA
blk4613,10,1788055,1788055,1,0,0.3737,NA
blk4614,10,1789835,1789835,1,0,0.3921,NA
blk4615,10,1805109,1805109,1,0,0.3134,NA
blk4616,10,1821732,1821732,1,0,0.4693,NA
blk4617,10,1827871,1827871,1,0,0.1748,NA
blk4618,10,1835529,1835529,1,0,0.3846,NA
blk4619,10,1842535,1842535,1,0,0.4466,NA
blk4620,10,1852250,1852250,1,0,0.3544,NA
blk4621,10,1867395,1867395,1,0,0.2349,NA
blk4622,10,1878807,1878807,1,0,0.3738,NA
blk4623,10,1882382,1882382,1,0,0.2419,NA
blk4624,10,1883272,1883272,1,0,0.4526,NA
blk4625,10,1903935,1903935,1,0,0.293,NA
blk4626,10,1906010,1906010,1,0,0.384,NA
blk4627,10,1910474,1910474,1,0,0.4187,NA
blk4628,10,1911149,1911149,1,0,0.1064,NA
blk4629,10,1934136,1934136,1,0,0.1416,NA
blk4630,10,1984911,1984911,1,0,0.4396,NA
blk4631,10,1986102,1986102,1,0,0.3197,NA
blk4632,10,1991197,1991197,1,0,0.3951,NA
blk4633,10,1998364,1998364,1,0,0.2305,NA
blk4634,10,2005756,2005756,1,0,0.2674,NA
blk4635,10,2031489,2031489,1,0,0.3708,NA
blk4636,10,2039473,2039473,1,0,0.1172,NA
blk4637,10,2043539,2043539,1,0,0.2837,NA
blk4638,10,2055039,2055039,1,0,0.1102,NA
blk4639,10,2057364,2057364,1,0,0.1559,NA
blk4640,10,2060064,2060064,1,0,0.3587,NA
blk4641,10,2099660,2099660,1,0,0.3584,NA
blk4642,10,2104092,2104092,1,0,0.3035,NA
blk4643,10,2107217,2107217,1,0,0.2834,NA
blk4644,10,2109680,2109680,1,0,0.2425,NA
blk4645,10,2115433,2115433,1,0,0.4349,NA
blk4646,10,2119048,2119048,1,0,0.4623,NA
blk4647,10,2128323,2128323,1,0,0.4055,NA
blk4648,10,2129212,2129212,1,0,0.3835,NA
blk4649,10,2133815,2133815,1,0,0.4148,NA
blk4650,10,2144562,2144562,1,0,0.1372,NA
blk4651,10,2146279,2146279,1,0,0.1709,NA
blk4652,10,2160982,2160982,1,0,0.1958,NA
blk4653,10,2162613,2162613,1,0,0.3969,NA
blk4654,10,2166441,2166441,1,0,0.1535,NA
blk4655,10,2183932,2183932,1,0,0.1788,NA
blk4656,10,2187139,2187139,1,0,0.4458,NA
blk4657,10,2234572,2234572,1,0,0.3449,NA
blk4658,10,2242280,2242280,1,0,0.3107,NA
blk4659,10,2262368,2262368,1,0,0.1928,NA
blk4660,10,2263002,2263002,1,0,0.0721,NA
blk4661,10,2268023,2268023,1,0,0.2448,NA
blk4662,10,2287525,2287525,1,0,0.4136,NA
blk4663,10,2298962,2298962,1,0,0.314,NA
blk4664,10,2306708,2306708,1,0,0.283,NA
blk4665,10,2318863,2318863,1,0,0.079,NA
blk4666,10,2327622,2327622,1,0,0.101,NA
blk4667,10,2329643,2329643,1,0,0.1102,NA
blk4668,10,2335486,2335486,1,0,0.2933,NA
blk4669,10,2340120,2340120,1,0,0.367,NA
blk4670,10,2348063,2348063,1,0,0.4978,NA
blk4671,10,2351934,2351934,1,0,0.4999,NA
blk4672,10,2364891,2364891,1,0,0.1968,NA
blk4673,10,2368647,2368647,1,0,0.2647,NA
blk4674,10,2369951,2369951,1,0,0.2443,NA
blk4675,10,2371228,2371228,1,0,0.3801,NA
blk4676,10,2378090,2378090,1,0,0.2459,NA
blk4677,10,2380268,2380268,1,0,0.2146,NA
blk4678,10,2424027,2424027,1,0,0.0806,NA
blk4679,10,2434621,2434621,1,0,0.1913,NA
blk4680,10,2446717,2446717,1,0,0.1901,NA
blk4681,10,2472619,2472619,1,0,0.139,NA
blk4682,10,2474688,2474688,1,0,0.4525,NA
blk4683,10,2499445,2499445,1,0,0.0776,NA
blk4684,10,2501814,2501814,1,0,0.1998,NA
blk4685,10,2502218,2502218,1,0,0.4969,NA
blk4686,10,2505194,2505194,1,0,0.2288,NA
blk4687,10,2506683,2506683,1,0,0.4588,NA
blk4688,10,2509628,2509628,1,0,0.4917,NA
blk4689,10,2515080,2515080,1,0,0.3094,NA
blk4690,10,2543892,2543892,1,0,0.1953,NA
blk4691,10,2548604,2548604,1,0,0.2355,NA
blk4692,10,2572982,2572982,1,0,0.3629,NA
blk4693,10,2593804,2593804,1,0,0.3443,NA
blk4694,10,2599755,2599755,1,0,0.2228,NA
blk4695,10,2609594,2609594,1,0,0.1262,NA
blk4696,10,2622332,2622332,1,0,0.2283,NA
blk4697,10,2622714,2622714,1,0,0.3451,NA
blk4698,10,2627277,2627277,1,0,0.1614,NA
blk4699,10,2629081,2629081,1,0,0.4197,NA
blk4700,10,2682730,2682730,1,0,0.2847,NA
blk4701,10,2691080,2691080,1,0,0.2839,NA
blk4702,10,2718748,2718748,1,0,0.1207,NA
blk4703,10,2729347,2729347,1,0,0.1008,NA
blk4704,10,2741495,2741495,1,0,0.2246,NA
blk4705,10,2756938,2756938,1,0,0.3434,NA
blk4706,10,2760085,2760085,1,0,0.3654,NA
blk4707,10,2766138,2766138,1,0,0.4102,NA
blk4708,10,2766609,2766609,1,0,0.3979,NA
blk4709,10,2788717,2788717,1,0,0.2822,NA
blk4710,10,2793812,2793812,1,0,0.1746,NA
blk4711,10,2799611,2799611,1,0,0.2236,NA
blk4712,10,2810939,2810939,1,0,0.1035,NA
blk4713,10,2812156,2812156,1,0,0.1426,NA
blk4714,10,2833109,2833109,1,0,0.4329,NA
blk4715,10,2834709,2834709,1,0,0.1375,NA
blk4716,10,2854976,2854976,1,0,0.1376,NA
blk4717,10,2895633,2895633,1,0,0.169,NA
blk4718,10,2901235,2901235,1,0,0.2326,NA
blk4719,10,2919412,2919412,1,0,0.1169,NA
blk4720,10,2928015,2928015,1,0,0.4841,NA
blk4721,10,2953151,2953151,1,0,0.1602,NA
blk4722,10,2959710,2959710,1,0,0.3957,NA
blk4723,10,2961095,2961095,1,0,0.4798,NA
blk4724,10,2966285,2966285,1,0,0.2991,NA
blk4725,10,2969646,2969646,1,0,0.374,NA
blk4726,10,2985666,2985666,1,0,0.3141,NA
blk4727,10,2989544,2989544,1,0,0.2736,NA
blk4728,10,2994853,2994853,1,0,0.3853,NA
blk4729,10,3002554,3002554,1,0,0.1631,NA
blk4730,10,3007261,3007261,1,0,0.1667,NA
blk4731,10,3013840,3013840,1,0,0.1153,NA
blk4732,10,3017768,3017768,1,0,0.3671,NA
blk4733,10,3029806,3029806,1,0,0.0845,NA
blk4734,10,3035956,3035956,1,0,0.0626,NA
blk4735,10,3040839,3040839,1,0,0.2204,NA
blk4736,10,3043806,3043806,1,0,0.1956,NA
blk4737,10,3060182,3060182,1,0,0.1021,NA
blk4738,10,3067713,3067713,1,0,0.4891,NA
blk4739,10,3068989,3068989,1,0,0.277,NA
blk4740,10,3070190,3070190,1,0,0.2683,NA
blk4741,10,3076453,3076453,1,0,0.4093,NA
blk4742,10,3088901,3088901,1,0,0.2785,NA
blk4743,10,3095504,3095504,1,0,0.1528,NA
blk4744,10,3096729,3096729,1,0,0.1416,NA
blk4745,10,3097917,3097917,1,0,0.4772,NA
blk4746,10,3116594,3116594,1,0,0.4201,NA
blk4747,10,3120605,3120605,1,0,0.2477,NA
blk4748,10,3147097,3147097,1,0,0.3883,NA
blk4749,10,3147553,3147553,1,0,0.4354,NA
blk4750,10,3148283,3148283,1,0,0.2084,NA
blk4751,10,3159460,3159460,1,0,0.0587,NA
blk4752,10,3165512,3165512,1,0,0.0654,NA
blk4753,10,3169459,3169459,1,0,0.2125,NA
blk4754,10,3173261,3173261,1,0,0.2776,NA
blk4755,10,3193755,3193755,1,0,0.336,NA
blk4756,10,3205386,3205386,1,0,0.4468,NA
blk4757,10,3207728,3207728,1,0,0.2722,NA
blk4758,10,3218092,3218092,1,0,0.1642,NA
blk4759,10,3234017,3234017,1,0,0.205,NA
blk4760,10,3242301,3242301,1,0,0.4573,NA
blk4761,10,3245620,3245620,1,0,0.4583,NA
blk4762,10,3254170,3254170,1,0,0.4652,NA
blk4763,10,3256722,3256722,1,0,0.0543,NA
blk4764,10,3261656,3261656,1,0,0.1722,NA
blk4765,10,3262282,3262282,1,0,0.377,NA
blk4766,10,3269304,3269304,1,0,0.3935,NA
blk4767,10,3274534,3274534,1,0,0.463,NA
blk4768,10,3286889,3286889,1,0,0.1141,NA
blk4769,10,3298424,3298462,2,38,0.0622,NA
blk4770,10,3298946,3298946,1,0,0.1619,NA
blk4771,10,3299418,3299418,1,0,0.2126,NA
blk4772,10,3301811,3301811,1,0,0.2079,NA
blk4773,10,3311690,3311690,1,0,0.2763,NA
blk4774,10,3339802,3339802,1,0,0.0972,NA
blk4775,10,3362187,3362187,1,0,0.4879,NA
blk4776,10,3362693,3362693,1,0,0.3134,NA
blk4777,10,3364870,3364870,1,0,0.3647,NA
blk4778,10,3384193,3384193,1,0,0.3467,NA
blk4779,10,3400798,3400798,1,0,0.0848,NA
blk4780,10,3415025,3415025,1,0,0.0525,NA
blk4781,10,3424736,3424736,1,0,0.255,NA
blk4782,10,3432990,3432990,1,0,0.2779,NA
blk4783,10,3441169,3441169,1,0,0.2827,NA
blk4784,10,3443523,3443523,1,0,0.1507,NA
blk4785,10,3454569,3454569,1,0,0.2175,NA
blk4786,10,3463572,3463572,1,0,0.1915,NA
blk4787,10,3468347,3468347,1,0,0.0775,NA
blk4788,10,3474457,3474457,1,0,0.3579,NA
blk4789,10,3480496,3480496,1,0,0.2437,NA
blk4790,10,3486551,3486551,1,0,0.3937,NA
blk4791,10,3517983,3517983,1,0,0.1433,NA
blk4792,10,3520075,3520075,1,0,0.2776,NA
blk4793,10,3520414,3520414,1,0,0.142,NA
blk4794,10,3522888,3522888,1,0,0.1241,NA
blk4795,10,3542457,3542457,1,0,0.0884,NA
blk4796,10,3551866,3551866,1,0,0.4486,NA
blk4797,10,3562101,3562101,1,0,0.3177,NA
blk4798,10,3567929,3567929,1,0,0.248,NA
blk4799,10,3573219,3573219,1,0,0.4867,NA
blk4800,10,3583468,3583468,1,0,0.2832,NA
blk4801,10,3585710,3585710,1,0,0.4761,NA
blk4802,10,3605193,3605193,1,0,0.3583,NA
blk4803,10,3616393,3616393,1,0,0.0825,NA
blk4804,10,3627549,3627549,1,0,0.2491,NA
blk4805,10,3638139,3638139,1,0,0.1166,NA
blk4806,10,3643204,3643204,1,0,0.4663,NA
blk4807,10,3652999,3652999,1,0,0.4659,NA
blk4808,10,3653825,3653825,1,0,0.2136,NA
blk4809,10,3671878,3671878,1,0,0.4367,NA
blk4810,10,3681724,3681724,1,0,0.2222,NA
blk4811,10,3689377,3689377,1,0,0.416,NA
blk4812,10,3711652,3711652,1,0,0.2574,NA
blk4813,10,3712745,3712745,1,0,0.1572,NA
blk4814,10,3717365,3717365,1,0,0.3569,NA
blk4815,10,3717616,3717616,1,0,0.3999,NA
blk4816,10,3721250,3721250,1,0,0.4107,NA
blk4817,10,3727755,3727755,1,0,0.125,NA
blk4818,10,3728443,3728443,1,0,0.2527,NA
blk4819,10,3739348,3739348,1,0,0.1557,NA
blk4820,10,3762987,3762987,1,0,0.3769,NA
blk4821,10,3775669,3775669,1,0,0.1282,NA
blk4822,10,3798696,3798696,1,0,0.4773,NA
blk4823,10,3831750,3831750,1,0,0.3043,NA
blk4824,10,3833129,3833129,1,0,0.3469,NA
blk4825,10,3836872,3836872,1,0,0.2893,NA
blk4826,10,3856219,3856219,1,0,0.2714,NA
blk4827,10,3867215,3867215,1,0,0.3087,NA
blk4828,10,3867645,3867645,1,0,0.2088,NA
blk4829,10,3872947,3872947,1,0,0.0679,NA
blk4830,10,3884944,3884944,1,0,0.4489,NA
blk4831,10,3910392,3910392,1,0,0.2422,NA
blk4832,10,3928651,3928651,1,0,0.4426,NA
blk4833,10,3947237,3947237,1,0,0.1856,NA
blk4834,10,3979455,3979455,1,0,0.1858,NA
blk4835,10,3980439,3980439,1,0,0.1001,NA
blk4836,10,3981550,3981550,1,0,0.0919,NA
blk4837,10,4016426,4016426,1,0,0.2858,NA
blk4838,10,4022266,4022266,1,0,0.2562,NA
blk4839,10,4029276,4029276,1,0,0.1455,NA
blk4840,10,4034586,4034586,1,0,0.2232,NA
blk4841,10,4044237,4044237,1,0,0.3857,NA
blk4842,10,4045647,4045647,1,0,0.1687,NA
blk4843,10,4050151,4050151,1,0,0.1209,NA
blk4844,10,4054239,4054239,1,0,0.4996,NA
blk4845,10,4057785,4057785,1,0,0.238,NA
blk4846,10,4058323,4058323,1,0,0.3108,NA
blk4847,10,4105433,4105433,1,0,0.3724,NA
blk4848,10,4177096,4177096,1,0,0.4822,NA
blk4849,10,4181171,4181171,1,0,0.0702,NA
blk4850,10,4188401,4188401,1,0,0.3734,NA
blk4851,10,4189611,4189611,1,0,0.4417,NA
blk4852,10,4202793,4202793,1,0,0.1911,NA
blk4853,10,4204636,4204636,1,0,0.306,NA
blk4854,10,4204913,4204913,1,0,0.384,NA
blk4855,10,4205223,4205223,1,0,0.0851,NA
blk4856,10,4207457,4207457,1,0,0.3964,NA
blk4857,10,4210315,4210315,1,0,0.2003,NA
blk4858,10,4211007,4211007,1,0,0.1507,NA
blk4859,10,4218847,4218847,1,0,0.205,NA
blk4860,10,4225885,4225885,1,0,0.4595,NA
blk4861,10,4232917,4232917,1,0,0.4846,NA
blk4862,10,4237935,4237935,1,0,0.1948,NA
blk4863,10,4245645,4245645,1,0,0.0559,NA
blk4864,10,4258880,4258880,1,0,0.2501,NA
blk4865,10,4261548,4261548,1,0,0.3838,NA
blk4866,10,4263319,4263319,1,0,0.1904,NA
blk4867,10,4266210,4266210,1,0,0.3739,NA
blk4868,10,4266578,4266578,1,0,0.4668,NA
blk4869,10,4275244,4275244,1,0,0.2896,NA
blk4870,10,4276542,4276542,1,0,0.3801,NA
blk4871,10,4295520,4295520,1,0,0.3201,NA
blk4872,10,4300656,4300656,1,0,0.3596,NA
blk4873,10,4301199,4301199,1,0,0.3165,NA
blk4874,10,4310291,4310291,1,0,0.1655,NA
blk4875,10,4325732,4325732,1,0,0.2899,NA
blk4876,10,4343614,4343614,1,0,0.4393,NA
blk4877,10,4345685,4345685,1,0,0.3372,NA
blk4878,10,4362668,4362668,1,0,0.4026,NA
blk4879,10,4377661,4377661,1,0,0.4076,NA
blk4880,10,4393696,4393696,1,0,0.0627,NA
blk4881,10,4395895,4395895,1,0,0.2833,NA
blk4882,10,4415674,4415674,1,0,0.2271,NA
blk4883,10,4418640,4418640,1,0,0.2972,NA
blk4884,10,4425056,4425056,1,0,0.2269,NA
blk4885,10,4433354,4433354,1,0,0.0536,NA
blk4886,10,4450229,4450229,1,0,0.1023,NA
blk4887,10,4462156,4462156,1,0,0.4671,NA
blk4888,10,4464856,4464856,1,0,0.2946,NA
blk4889,10,4465099,4465099,1,0,0.2798,NA
blk4890,10,4483592,4483592,1,0,0.1908,NA
blk4891,10,4501773,4501773,1,0,0.3264,NA
blk4892,10,4507163,4507163,1,0,0.135,NA
blk4893,10,4511011,4511011,1,0,0.3876,NA
blk4894,10,4513279,4513279,1,0,0.2644,NA
blk4895,10,4515530,4515530,1,0,0.244,NA
blk4896,10,4523839,4523839,1,0,0.4687,NA
blk4897,10,4524614,4524614,1,0,0.118,NA
blk4898,10,4529653,4529653,1,0,0.0658,NA
blk4899,10,4538537,4538537,1,0,0.1691,NA
blk4900,10,4543199,4543199,1,0,0.285,NA
blk4901,10,4556286,4556286,1,0,0.3017,NA
blk4902,10,4564440,4564440,1,0,0.445,NA
blk4903,10,4567646,4567646,1,0,0.1324,NA
blk4904,10,4589963,4589963,1,0,0.3208,NA
blk4905,10,4597379,4597379,1,0,0.3529,NA
blk4906,10,4599012,4599012,1,0,0.4139,NA
blk4907,10,4610468,4610468,1,0,0.2266,NA
blk4908,10,4616315,4616315,1,0,0.1361,NA
blk4909,10,4661638,4661638,1,0,0.1752,NA
blk4910,10,4678666,4678666,1,0,0.1862,NA
blk4911,10,4698983,4698983,1,0,0.383,NA
blk4912,10,4724531,4724531,1,0,0.1203,NA
blk4913,10,4736383,4736383,1,0,0.3002,NA
blk4914,10,4740647,4740647,1,0,0.3403,NA
blk4915,10,4744128,4744128,1,0,0.1537,NA
blk4916,10,4744361,4744361,1,0,0.3106,NA
blk4917,10,4762888,4762888,1,0,0.141,NA
blk4918,10,4764959,4764959,1,0,0.3224,NA
blk4919,10,4781306,4781306,1,0,0.2824,NA
blk4920,10,4791355,4791355,1,0,0.1831,NA
blk4921,10,4792864,4792864,1,0,0.1748,NA
blk4922,10,4796785,4796785,1,0,0.2319,NA
blk4923,10,4798104,4798104,1,0,0.2305,NA
blk4924,10,4805768,4805768,1,0,0.4444,NA
blk4925,10,4806972,4806972,1,0,0.2942,NA
blk4926,10,4807271,4807271,1,0,0.4517,NA
blk4927,10,4808132,4808132,1,0,0.1404,NA
blk4928,10,4809457,4809457,1,0,0.4917,NA
blk4929,10,4813288,4813288,1,0,0.4972,NA
blk4930,10,4852952,4852952,1,0,0.41,NA
blk4931,10,4868549,4868549,1,0,0.4678,NA
blk4932,10,4892219,4892219,1,0,0.1563,NA
blk4933,10,4893700,4893700,1,0,0.2668,NA
blk4934,10,4896023,4896023,1,0,0.133,NA
blk4935,10,4916736,4916736,1,0,0.0787,NA
blk4936,10,4924245,4924245,1,0,0.3272,NA
blk4937,10,4953331,4953331,1,0,0.332,NA
blk4938,10,4958335,4958335,1,0,0.476,NA
blk4939,10,4961936,4961936,1,0,0.0506,NA
blk4940,10,4967996,4967996,1,0,0.4645,NA
blk4941,10,4990983,4990983,1,0,0.3995,NA
blk4942,10,4995538,4995538,1,0,0.3765,NA
blk4943,10,4998942,4998942,1,0,0.1159,NA
