block_id,chr,snp_index,snp_id,position
blk1,1,0,ssa01_1526_A_T,1526
blk2,1,1,ssa01_6260_G_C,6260
blk3,1,2,ssa01_9080_T_A,9080
blk4,1,3,ssa01_22180_C_G,22180
blk5,1,4,ssa01_62162_A_T,62162
blk6,1,5,ssa01_62900_G_C,62900
blk7,1,6,ssa01_66061_T_A,66061
blk8,1,7,ssa01_75398_C_G,75398
blk9,1,8,ssa01_75742_A_T,75742
blk10,1,9,ssa01_81411_G_C,81411
blk11,1,10,ssa01_111207_T_A,111207
blk12,1,11,ssa01_117709_C_G,117709
blk13,1,12,ssa01_119693_A_T,119693
blk14,1,13,ssa01_134785_G_C,134785
blk15,1,14,ssa01_146785_T_A,146785
blk16,1,15,ssa01_159555_C_G,159555
blk17,1,16,ssa01_163720_A_T,163720
blk18,1,17,ssa01_180025_G_C,180025
blk19,1,18,ssa01_181830_T_A,181830
blk20,1,19,ssa01_186657_C_G,186657
blk21,1,20,ssa01_187224_A_T,187224
blk22,1,21,ssa01_203651_G_C,203651
blk23,1,22,ssa01_236678_T_A,236678
blk24,1,23,ssa01_241854_C_G,241854
blk25,1,24,ssa01_249033_A_T,249033
blk26,1,25,ssa01_279002_G_C,279002
blk27,1,26,ssa01_287752_T_A,287752
blk28,1,27,ssa01_307284_C_G,307284
blk29,1,28,ssa01_319807_A_T,319807
blk30,1,29,ssa01_323078_G_C,323078
blk31,1,30,ssa01_326154_T_A,326154
blk32,1,31,ssa01_340447_C_G,340447
blk33,1,32,ssa01_341097_A_T,341097
blk34,1,33,ssa01_357235_G_C,357235
blk35,1,34,ssa01_364666_T_A,364666
blk36,1,35,ssa01_375480_C_G,375480
blk37,1,36,ssa01_377659_A_T,377659
blk38,1,37,ssa01_378298_G_C,378298
blk39,1,38,ssa01_385213_T_A,385213
blk40,1,39,ssa01_438658_C_G,438658
blk41,1,40,ssa01_439930_A_T,439930
blk42,1,41,ssa01_440498_G_C,440498
blk42,1,42,ssa01_440567_T_A,440567
blk43,1,43,ssa01_447861_C_G,447861
blk44,1,44,ssa01_455320_A_T,455320
blk45,1,45,ssa01_458902_G_C,458902
blk46,1,46,ssa01_462806_T_A,462806
blk47,1,47,ssa01_463123_C_G,463123
blk48,1,48,ssa01_469202_A_T,469202
blk49,1,49,ssa01_473190_G_C,473190
blk50,1,50,ssa01_478283_T_A,478283
blk51,1,51,ssa01_505546_C_G,505546
blk52,1,52,ssa01_521466_A_T,521466
blk53,1,53,ssa01_522507_G_C,522507
blk54,1,54,ssa01_523761_T_A,523761
blk55,1,55,ssa01_534310_C_G,534310
blk56,1,56,ssa01_538767_A_T,538767
blk57,1,57,ssa01_547907_G_C,547907
blk58,1,58,ssa01_554570_T_A,554570
blk59,1,59,ssa01_555805_C_G,555805
blk60,1,60,ssa01_578660_A_T,578660
blk61,1,61,ssa01_583839_G_C,583839
blk62,1,62,ssa01_588290_T_A,588290
blk63,1,63,ssa01_602030_C_G,602030
blk64,1,64,ssa01_606773_A_T,606773
blk65,1,65,ssa01_608280_G_C,608280
blk66,1,66,ssa01_611784_T_A,611784
blk67,1,67,ssa01_637967_C_G,637967
blk68,1,68,ssa01_642887_A_T,642887
blk69,1,69,ssa01_643758_G_C,643758
blk70,1,70,ssa01_645792_T_A,645792
blk71,1,71,ssa01_656515_C_G,656515
blk72,1,72,ssa01_656948_A_T,656948
blk73,1,73,ssa01_666051_G_C,666051
blk74,1,74,ssa01_683426_T_A,683426
blk75,1,75,ssa01_684111_C_G,684111
blk76,1,76,ssa01_707394_A_T,707394
blk77,1,77,ssa01_710996_G_C,710996
blk78,1,78,ssa01_720884_T_A,720884
blk79,1,79,ssa01_730792_C_G,730792
blk80,1,80,ssa01_731257_A_T,731257
blk81,1,81,ssa01_744924_G_C,744924
blk82,1,82,ssa01_746634_T_A,746634
blk83,1,83,ssa01_765945_C_G,765945
blk84,1,84,ssa01_785052_A_T,785052
blk85,1,85,ssa01_786835_G_C,786835
blk86,1,86,ssa01_792929_T_A,792929
blk87,1,87,ssa01_797960_C_G,797960
blk88,1,88,ssa01_822214_A_T,822214
blk89,1,89,ssa01_852517_G_C,852517
blk90,1,90,ssa01_861169_T_A,861169
blk91,1,91,ssa01_861769_C_G,861769
blk92,1,92,ssa01_865878_A_T,865878
blk93,1,93,ssa01_882261_G_C,882261
blk94,1,94,ssa01_893872_T_A,893872
blk95,1,95,ssa01_895012_C_G,895012
blk96,1,96,ssa01_903335_A_T,903335
blk97,1,97,ssa01_913311_G_C,913311
blk98,1,98,ssa01_938027_T_A,938027
blk99,1,99,ssa01_990257_C_G,990257
blk100,1,100,ssa01_1008602_A_T,1008602
blk101,1,101,ssa01_1009695_G_C,1009695
blk102,1,102,ssa01_1020591_T_A,1020591
blk103,1,103,ssa01_1045953_C_G,1045953
blk104,1,104,ssa01_1049669_A_T,1049669
blk105,1,105,ssa01_1049811_G_C,1049811
blk106,1,106,ssa01_1054113_T_A,1054113
blk107,1,107,ssa01_1061925_C_G,1061925
blk107,1,108,ssa01_1061945_A_T,1061945
blk108,1,109,ssa01_1063461_G_C,1063461
blk109,1,110,ssa01_1071122_T_A,1071122
blk110,1,111,ssa01_1080404_C_G,1080404
blk111,1,112,ssa01_1105215_A_T,1105215
blk112,1,113,ssa01_1111961_G_C,1111961
blk113,1,114,ssa01_1123937_T_A,1123937
blk114,1,115,ssa01_1141278_C_G,1141278
blk115,1,116,ssa01_1148121_A_T,1148121
blk116,1,117,ssa01_1155668_G_C,1155668
blk117,1,118,ssa01_1192998_T_A,1192998
blk118,1,119,ssa01_1201814_C_G,1201814
blk119,1,120,ssa01_1202292_A_T,1202292
blk119,1,121,ssa01_1202321_G_C,1202321
blk120,1,122,ssa01_1217548_T_A,1217548
blk121,1,123,ssa01_1244867_C_G,1244867
blk122,1,124,ssa01_1250961_A_T,1250961
blk123,1,125,ssa01_1255235_G_C,1255235
blk124,1,126,ssa01_1264553_T_A,1264553
blk125,1,127,ssa01_1265334_C_G,1265334
blk126,1,128,ssa01_1271427_A_T,1271427
blk126,1,129,ssa01_1271474_G_C,1271474
blk127,1,130,ssa01_1279861_T_A,1279861
blk128,1,131,ssa01_1287617_C_G,1287617
blk129,1,132,ssa01_1318829_A_T,1318829
blk130,1,133,ssa01_1319974_G_C,1319974
blk131,1,134,ssa01_1322962_T_A,1322962
blk132,1,135,ssa01_1332942_C_G,1332942
blk133,1,136,ssa01_1360596_A_T,1360596
blk134,1,137,ssa01_1362824_G_C,1362824
blk135,1,138,ssa01_1364075_T_A,1364075
blk136,1,139,ssa01_1381848_C_G,1381848
blk137,1,140,ssa01_1382436_A_T,1382436
blk138,1,141,ssa01_1389620_G_C,1389620
blk139,1,142,ssa01_1401237_T_A,1401237
blk140,1,143,ssa01_1411138_C_G,1411138
blk141,1,144,ssa01_1441057_A_T,1441057
blk142,1,145,ssa01_1444639_G_C,1444639
blk143,1,146,ssa01_1457745_T_A,1457745
blk144,1,147,ssa01_1463521_C_G,1463521
blk145,1,148,ssa01_1479252_A_T,1479252
blk146,1,149,ssa01_1485092_G_C,1485092
blk147,1,150,ssa01_1505318_T_A,1505318
blk148,1,151,ssa01_1515405_C_G,1515405
blk149,1,152,ssa01_1539254_A_T,1539254
blk150,1,153,ssa01_1542217_G_C,1542217
blk151,1,154,ssa01_1542711_T_A,1542711
blk152,1,155,ssa01_1548421_C_G,1548421
blk153,1,156,ssa01_1575770_A_T,1575770
blk154,1,157,ssa01_1576447_G_C,1576447
blk155,1,158,ssa01_1578638_T_A,1578638
blk156,1,159,ssa01_1579493_C_G,1579493
blk157,1,160,ssa01_1581438_A_T,1581438
blk158,1,161,ssa01_1602883_G_C,1602883
blk159,1,162,ssa01_1608166_T_A,1608166
blk160,1,163,ssa01_1617558_C_G,1617558
blk161,1,164,ssa01_1621041_A_T,1621041
blk162,1,165,ssa01_1635149_G_C,1635149
blk163,1,166,ssa01_1648152_T_A,1648152
blk164,1,167,ssa01_1662496_C_G,1662496
blk165,1,168,ssa01_1665861_A_T,1665861
blk166,1,169,ssa01_1674573_G_C,1674573
blk167,1,170,ssa01_1676121_T_A,1676121
blk168,1,171,ssa01_1703581_C_G,1703581
blk169,1,172,ssa01_1704673_A_T,1704673
blk170,1,173,ssa01_1718789_G_C,1718789
blk171,1,174,ssa01_1726104_T_A,1726104
blk172,1,175,ssa01_1729158_C_G,1729158
blk173,1,176,ssa01_1738635_A_T,1738635
blk174,1,177,ssa01_1742726_G_C,1742726
blk175,1,178,ssa01_1748911_T_A,1748911
blk176,1,179,ssa01_1764373_C_G,1764373
blk177,1,180,ssa01_1771193_A_T,1771193
blk178,1,181,ssa01_1776355_G_C,1776355
blk179,1,182,ssa01_1782625_T_A,1782625
blk180,1,183,ssa01_1788436_C_G,1788436
blk181,1,184,ssa01_1793629_A_T,1793629
blk182,1,185,ssa01_1800370_G_C,1800370
blk183,1,186,ssa01_1807862_T_A,1807862
blk184,1,187,ssa01_1822447_C_G,1822447
blk185,1,188,ssa01_1823956_A_T,1823956
blk186,1,189,ssa01_1832473_G_C,1832473
blk187,1,190,ssa01_1854165_T_A,1854165
blk188,1,191,ssa01_1863956_C_G,1863956
blk189,1,192,ssa01_1872947_A_T,1872947
blk190,1,193,ssa01_1894850_G_C,1894850
blk191,1,194,ssa01_1902621_T_A,1902621
blk192,1,195,ssa01_1903962_C_G,1903962
blk193,1,196,ssa01_1906811_A_T,1906811
blk194,1,197,ssa01_1908386_G_C,1908386
blk195,1,198,ssa01_1922946_T_A,1922946
blk196,1,199,ssa01_1923610_C_G,1923610
blk197,1,200,ssa01_1939581_A_T,1939581
blk198,1,201,ssa01_1948242_G_C,1948242
blk199,1,202,ssa01_1961664_T_A,1961664
blk200,1,203,ssa01_1963158_C_G,1963158
blk201,1,204,ssa01_1972034_A_T,1972034
blk202,1,205,ssa01_1983660_G_C,1983660
blk203,1,206,ssa01_1992319_T_A,1992319
blk204,1,207,ssa01_2000775_C_G,2000775
blk205,1,208,ssa01_2005897_A_T,2005897
blk206,1,209,ssa01_2019796_G_C,2019796
blk207,1,210,ssa01_2026561_T_A,2026561
blk208,1,211,ssa01_2036610_C_G,2036610
blk209,1,212,ssa01_2044580_A_T,2044580
blk210,1,213,ssa01_2078032_G_C,2078032
blk211,1,214,ssa01_2090571_T_A,2090571
blk212,1,215,ssa01_2098745_C_G,2098745
blk213,1,216,ssa01_2099523_A_T,2099523
blk214,1,217,ssa01_2099653_G_C,2099653
blk215,1,218,ssa01_2131243_T_A,2131243
blk216,1,219,ssa01_2132677_C_G,2132677
blk217,1,220,ssa01_2144445_A_T,2144445
blk218,1,221,ssa01_2147747_G_C,2147747
blk219,1,222,ssa01_2150738_T_A,2150738
blk220,1,223,ssa01_2160131_C_G,2160131
blk221,1,224,ssa01_2167987_A_T,2167987
blk222,1,225,ssa01_2169918_G_C,2169918
blk223,1,226,ssa01_2173391_T_A,2173391
blk224,1,227,ssa01_2175618_C_G,2175618
blk225,1,228,ssa01_2176213_A_T,2176213
blk226,1,229,ssa01_2180707_G_C,2180707
blk227,1,230,ssa01_2182545_T_A,2182545
blk228,1,231,ssa01_2201505_C_G,2201505
blk229,1,232,ssa01_2203389_A_T,2203389
blk230,1,233,ssa01_2235626_G_C,2235626
blk230,1,234,ssa01_2235692_T_A,2235692
blk231,1,235,ssa01_2254911_C_G,2254911
blk232,1,236,ssa01_2261385_A_T,2261385
blk233,1,237,ssa01_2274318_G_C,2274318
blk234,1,238,ssa01_2314748_T_A,2314748
blk235,1,239,ssa01_2319259_C_G,2319259
blk236,1,240,ssa01_2326633_A_T,2326633
blk237,1,241,ssa01_2333732_G_C,2333732
blk238,1,242,ssa01_2350752_T_A,2350752
blk239,1,243,ssa01_2354677_C_G,2354677
blk240,1,244,ssa01_2361052_A_T,2361052
blk241,1,245,ssa01_2362448_G_C,2362448
blk242,1,246,ssa01_2375337_T_A,2375337
blk243,1,247,ssa01_2383137_C_G,2383137
blk244,1,248,ssa01_2384406_A_T,2384406
blk245,1,249,ssa01_2391037_G_C,2391037
blk246,1,250,ssa01_2395509_T_A,2395509
blk247,1,251,ssa01_2404024_C_G,2404024
blk248,1,252,ssa01_2418801_A_T,2418801
blk249,1,253,ssa01_2441324_G_C,2441324
blk250,1,254,ssa01_2442822_T_A,2442822
blk251,1,255,ssa01_2463260_C_G,2463260
blk252,1,256,ssa01_2494092_A_T,2494092
blk253,1,257,ssa01_2495139_G_C,2495139
blk254,1,258,ssa01_2534356_T_A,2534356
blk255,1,259,ssa01_2545692_C_G,2545692
blk256,1,260,ssa01_2557052_A_T,2557052
blk257,1,261,ssa01_2560476_G_C,2560476
blk258,1,262,ssa01_2569958_T_A,2569958
blk259,1,263,ssa01_2583295_C_G,2583295
blk260,1,264,ssa01_2587075_A_T,2587075
blk261,1,265,ssa01_2600370_G_C,2600370
blk262,1,266,ssa01_2606364_T_A,2606364
blk263,1,267,ssa01_2614044_C_G,2614044
blk264,1,268,ssa01_2629800_A_T,2629800
blk265,1,269,ssa01_2644296_G_C,2644296
blk266,1,270,ssa01_2660210_T_A,2660210
blk267,1,271,ssa01_2665781_C_G,2665781
blk268,1,272,ssa01_2671246_A_T,2671246
blk269,1,273,ssa01_2684480_G_C,2684480
blk270,1,274,ssa01_2692088_T_A,2692088
blk271,1,275,ssa01_2694544_C_G,2694544
blk272,1,276,ssa01_2695847_A_T,2695847
blk273,1,277,ssa01_2697463_G_C,2697463
blk274,1,278,ssa01_2698483_T_A,2698483
blk275,1,279,ssa01_2708747_C_G,2708747
blk276,1,280,ssa01_2709215_A_T,2709215
blk277,1,281,ssa01_2711684_G_C,2711684
blk278,1,282,ssa01_2719070_T_A,2719070
blk279,1,283,ssa01_2723193_C_G,2723193
blk280,1,284,ssa01_2725251_A_T,2725251
blk281,1,285,ssa01_2732063_G_C,2732063
blk282,1,286,ssa01_2734810_T_A,2734810
blk283,1,287,ssa01_2748605_C_G,2748605
blk284,1,288,ssa01_2751983_A_T,2751983
blk285,1,289,ssa01_2756802_G_C,2756802
blk286,1,290,ssa01_2763281_T_A,2763281
blk287,1,291,ssa01_2779318_C_G,2779318
blk288,1,292,ssa01_2782070_A_T,2782070
blk289,1,293,ssa01_2787657_G_C,2787657
blk290,1,294,ssa01_2803011_T_A,2803011
blk291,1,295,ssa01_2805025_C_G,2805025
blk292,1,296,ssa01_2810523_A_T,2810523
blk293,1,297,ssa01_2810801_G_C,2810801
blk294,1,298,ssa01_2814944_T_A,2814944
blk295,1,299,ssa01_2819421_C_G,2819421
blk296,1,300,ssa01_2826761_A_T,2826761
blk297,1,301,ssa01_2864627_G_C,2864627
blk298,1,302,ssa01_2866811_T_A,2866811
blk299,1,303,ssa01_2872231_C_G,2872231
blk300,1,304,ssa01_2888519_A_T,2888519
blk301,1,305,ssa01_2903413_G_C,2903413
blk302,1,306,ssa01_2904123_T_A,2904123
blk303,1,307,ssa01_2910439_C_G,2910439
blk304,1,308,ssa01_2914969_A_T,2914969
blk305,1,309,ssa01_2918602_G_C,2918602
blk306,1,310,ssa01_2919546_T_A,2919546
blk307,1,311,ssa01_2925946_C_G,2925946
blk308,1,312,ssa01_2947183_A_T,2947183
blk309,1,313,ssa01_2949516_G_C,2949516
blk310,1,314,ssa01_2959676_T_A,2959676
blk311,1,315,ssa01_2961557_C_G,2961557
blk312,1,316,ssa01_2962004_A_T,2962004
blk313,1,317,ssa01_2965887_G_C,2965887
blk314,1,318,ssa01_2990487_T_A,2990487
blk315,1,319,ssa01_2990934_C_G,2990934
blk316,1,320,ssa01_3012416_A_T,3012416
blk317,1,321,ssa01_3027442_G_C,3027442
blk318,1,322,ssa01_3036434_T_A,3036434
blk319,1,323,ssa01_3039680_C_G,3039680
blk320,1,324,ssa01_3042170_A_T,3042170
blk321,1,325,ssa01_3062783_G_C,3062783
blk322,1,326,ssa01_3063163_T_A,3063163
blk323,1,327,ssa01_3070032_C_G,3070032
blk324,1,328,ssa01_3111990_A_T,3111990
blk325,1,329,ssa01_3122159_G_C,3122159
blk326,1,330,ssa01_3130873_T_A,3130873
blk327,1,331,ssa01_3146830_C_G,3146830
blk328,1,332,ssa01_3148185_A_T,3148185
blk329,1,333,ssa01_3154791_G_C,3154791
blk330,1,334,ssa01_3192935_T_A,3192935
blk331,1,335,ssa01_3208140_C_G,3208140
blk332,1,336,ssa01_3226742_A_T,3226742
blk333,1,337,ssa01_3248086_G_C,3248086
blk334,1,338,ssa01_3272598_T_A,3272598
blk335,1,339,ssa01_3282332_C_G,3282332
blk336,1,340,ssa01_3283441_A_T,3283441
blk337,1,341,ssa01_3313289_G_C,3313289
blk338,1,342,ssa01_3314958_T_A,3314958
blk339,1,343,ssa01_3332529_C_G,3332529
blk340,1,344,ssa01_3337178_A_T,3337178
blk341,1,345,ssa01_3343436_G_C,3343436
blk342,1,346,ssa01_3346406_T_A,3346406
blk343,1,347,ssa01_3346954_C_G,3346954
blk344,1,348,ssa01_3349079_A_T,3349079
blk345,1,349,ssa01_3370086_G_C,3370086
blk346,1,350,ssa01_3374923_T_A,3374923
blk347,1,351,ssa01_3397820_C_G,3397820
blk348,1,352,ssa01_3434198_A_T,3434198
blk349,1,353,ssa01_3454354_G_C,3454354
blk350,1,354,ssa01_3463197_T_A,3463197
blk351,1,355,ssa01_3469197_C_G,3469197
blk352,1,356,ssa01_3480507_A_T,3480507
blk353,1,357,ssa01_3487332_G_C,3487332
blk354,1,358,ssa01_3491281_T_A,3491281
blk355,1,359,ssa01_3517467_C_G,3517467
blk356,1,360,ssa01_3541333_A_T,3541333
blk357,1,361,ssa01_3545101_G_C,3545101
blk358,1,362,ssa01_3552714_T_A,3552714
blk359,1,363,ssa01_3577721_C_G,3577721
blk360,1,364,ssa01_3580813_A_T,3580813
blk361,1,365,ssa01_3584095_G_C,3584095
blk362,1,366,ssa01_3595184_T_A,3595184
blk363,1,367,ssa01_3598989_C_G,3598989
blk364,1,368,ssa01_3600925_A_T,3600925
blk365,1,369,ssa01_3608749_G_C,3608749
blk366,1,370,ssa01_3618451_T_A,3618451
blk367,1,371,ssa01_3619015_C_G,3619015
blk368,1,372,ssa01_3636731_A_T,3636731
blk369,1,373,ssa01_3653435_G_C,3653435
blk370,1,374,ssa01_3653969_T_A,3653969
blk371,1,375,ssa01_3664457_C_G,3664457
blk372,1,376,ssa01_3666002_A_T,3666002
blk373,1,377,ssa01_3671042_G_C,3671042
blk374,1,378,ssa01_3673147_T_A,3673147
blk375,1,379,ssa01_3684987_C_G,3684987
blk376,1,380,ssa01_3687042_A_T,3687042
blk377,1,381,ssa01_3693927_G_C,3693927
blk378,1,382,ssa01_3721860_T_A,3721860
blk379,1,383,ssa01_3728060_C_G,3728060
blk380,1,384,ssa01_3732955_A_T,3732955
blk381,1,385,ssa01_3742835_G_C,3742835
blk382,1,386,ssa01_3747724_T_A,3747724
blk383,1,387,ssa01_3760860_C_G,3760860
blk384,1,388,ssa01_3765901_A_T,3765901
blk385,1,389,ssa01_3768062_G_C,3768062
blk386,1,390,ssa01_3774551_T_A,3774551
blk387,1,391,ssa01_3780596_C_G,3780596
blk388,1,392,ssa01_3791536_A_T,3791536
blk389,1,393,ssa01_3823192_G_C,3823192
blk390,1,394,ssa01_3846226_T_A,3846226
blk391,1,395,ssa01_3861085_C_G,3861085
blk392,1,396,ssa01_3864786_A_T,3864786
blk393,1,397,ssa01_3879595_G_C,3879595
blk394,1,398,ssa01_3893508_T_A,3893508
blk395,1,399,ssa01_3894086_C_G,3894086
blk396,1,400,ssa01_3905102_A_T,3905102
blk397,1,401,ssa01_3926676_G_C,3926676
blk398,1,402,ssa01_3939118_T_A,3939118
blk399,1,403,ssa01_3967908_C_G,3967908
blk400,1,404,ssa01_3971248_A_T,3971248
blk401,1,405,ssa01_3973723_G_C,3973723
blk402,1,406,ssa01_4010892_T_A,4010892
blk403,1,407,ssa01_4021754_C_G,4021754
blk404,1,408,ssa01_4030453_A_T,4030453
blk405,1,409,ssa01_4033580_G_C,4033580
blk406,1,410,ssa01_4041083_T_A,4041083
blk407,1,411,ssa01_4044397_C_G,4044397
blk408,1,412,ssa01_4057855_A_T,4057855
blk409,1,413,ssa01_4078969_G_C,4078969
blk410,1,414,ssa01_4099608_T_A,4099608
blk411,1,415,ssa01_4107665_C_G,4107665
blk412,1,416,ssa01_4108807_A_T,4108807
blk412,1,417,ssa01_4108876_G_C,4108876
blk413,1,418,ssa01_4131224_T_A,4131224
blk414,1,419,ssa01_4146245_C_G,4146245
blk415,1,420,ssa01_4170868_A_T,4170868
blk416,1,421,ssa01_4172028_G_C,4172028
blk417,1,422,ssa01_4174372_T_A,4174372
blk418,1,423,ssa01_4202431_C_G,4202431
blk419,1,424,ssa01_4214938_A_T,4214938
blk420,1,425,ssa01_4217232_G_C,4217232
blk421,1,426,ssa01_4235631_T_A,4235631
blk422,1,427,ssa01_4248117_C_G,4248117
blk423,1,428,ssa01_4249728_A_T,4249728
blk424,1,429,ssa01_4250485_G_C,4250485
blk425,1,430,ssa01_4257175_T_A,4257175
blk426,1,431,ssa01_4263805_C_G,4263805
blk427,1,432,ssa01_4279452_A_T,4279452
blk428,1,433,ssa01_4303430_G_C,4303430
blk429,1,434,ssa01_4308767_T_A,4308767
blk430,1,435,ssa01_4326687_C_G,4326687
blk431,1,436,ssa01_4339851_A_T,4339851
blk432,1,437,ssa01_4363991_G_C,4363991
blk433,1,438,ssa01_4364785_T_A,4364785
blk434,1,439,ssa01_4365225_C_G,4365225
blk435,1,440,ssa01_4371618_A_T,4371618
blk436,1,441,ssa01_4379109_G_C,4379109
blk437,1,442,ssa01_4391561_T_A,4391561
blk438,1,443,ssa01_4400576_C_G,4400576
blk439,1,444,ssa01_4433853_A_T,4433853
blk440,1,445,ssa01_4442562_G_C,4442562
blk441,1,446,ssa01_4453268_T_A,4453268
blk442,1,447,ssa01_4472465_C_G,4472465
blk443,1,448,ssa01_4491203_A_T,4491203
blk444,1,449,ssa01_4506815_G_C,4506815
blk445,1,450,ssa01_4509503_T_A,4509503
blk446,1,451,ssa01_4510368_C_G,4510368
blk447,1,452,ssa01_4518670_A_T,4518670
blk448,1,453,ssa01_4520533_G_C,4520533
blk449,1,454,ssa01_4530075_T_A,4530075
blk450,1,455,ssa01_4534995_C_G,4534995
blk451,1,456,ssa01_4542897_A_T,4542897
blk452,1,457,ssa01_4556471_G_C,4556471
blk453,1,458,ssa01_4570031_T_A,4570031
blk453,1,459,ssa01_4570067_C_G,4570067
blk454,1,460,ssa01_4605259_A_T,4605259
blk455,1,461,ssa01_4626696_G_C,4626696
blk456,1,462,ssa01_4645583_T_A,4645583
blk457,1,463,ssa01_4648897_C_G,4648897
blk458,1,464,ssa01_4661508_A_T,4661508
blk459,1,465,ssa01_4662113_G_C,4662113
blk460,1,466,ssa01_4683194_T_A,4683194
blk461,1,467,ssa01_4702406_C_G,4702406
blk462,1,468,ssa01_4706061_A_T,4706061
blk463,1,469,ssa01_4708990_G_C,4708990
blk464,1,470,ssa01_4710298_T_A,4710298
blk465,1,471,ssa01_4712429_C_G,4712429
blk465,1,472,ssa01_4712464_A_T,4712464
blk466,1,473,ssa01_4719359_G_C,4719359
blk467,1,474,ssa01_4739706_T_A,4739706
blk468,1,475,ssa01_4767072_C_G,4767072
blk469,1,476,ssa01_4767929_A_T,4767929
blk470,1,477,ssa01_4773150_G_C,4773150
blk471,1,478,ssa01_4773640_T_A,4773640
blk472,1,479,ssa01_4775847_C_G,4775847
blk473,1,480,ssa01_4796297_A_T,4796297
blk474,1,481,ssa01_4796763_G_C,4796763
blk475,1,482,ssa01_4801621_T_A,4801621
blk476,1,483,ssa01_4808572_C_G,4808572
blk477,1,484,ssa01_4815935_A_T,4815935
blk478,1,485,ssa01_4816994_G_C,4816994
blk479,1,486,ssa01_4818875_T_A,4818875
blk480,1,487,ssa01_4819147_C_G,4819147
blk481,1,488,ssa01_4828765_A_T,4828765
blk482,1,489,ssa01_4835976_G_C,4835976
blk483,1,490,ssa01_4836631_T_A,4836631
blk484,1,491,ssa01_4847482_C_G,4847482
blk484,1,492,ssa01_4847500_A_T,4847500
blk484,1,493,ssa01_4847552_G_C,4847552
blk485,1,494,ssa01_4860269_T_A,4860269
blk486,1,495,ssa01_4871151_C_G,4871151
blk487,1,496,ssa01_4879476_A_T,4879476
blk488,1,497,ssa01_4898780_G_C,4898780
blk489,1,498,ssa01_4927862_T_A,4927862
blk490,1,499,ssa01_4954109_C_G,4954109
blk491,2,0,ssa02_11455_A_T,11455
blk492,2,1,ssa02_22009_G_C,22009
blk493,2,2,ssa02_27715_T_A,27715
blk494,2,3,ssa02_40074_C_G,40074
blk495,2,4,ssa02_52406_A_T,52406
blk496,2,5,ssa02_57845_G_C,57845
blk497,2,6,ssa02_68339_T_A,68339
blk498,2,7,ssa02_71918_C_G,71918
blk499,2,8,ssa02_72449_A_T,72449
blk500,2,9,ssa02_76728_G_C,76728
blk501,2,10,ssa02_87230_T_A,87230
blk502,2,11,ssa02_96326_C_G,96326
blk503,2,12,ssa02_121345_A_T,121345
blk504,2,13,ssa02_133782_G_C,133782
blk505,2,14,ssa02_151098_T_A,151098
blk506,2,15,ssa02_152590_C_G,152590
blk507,2,16,ssa02_169691_A_T,169691
blk508,2,17,ssa02_173326_G_C,173326
blk509,2,18,ssa02_178549_T_A,178549
blk510,2,19,ssa02_193399_C_G,193399
blk511,2,20,ssa02_208531_A_T,208531
blk512,2,21,ssa02_227264_G_C,227264
blk513,2,22,ssa02_233856_T_A,233856
blk514,2,23,ssa02_243437_C_G,243437
blk515,2,24,ssa02_276300_A_T,276300
blk516,2,25,ssa02_280244_G_C,280244
blk517,2,26,ssa02_291371_T_A,291371
blk518,2,27,ssa02_292629_C_G,292629
blk519,2,28,ssa02_300300_A_T,300300
blk520,2,29,ssa02_302108_G_C,302108
blk521,2,30,ssa02_307444_T_A,307444
blk522,2,31,ssa02_318283_C_G,318283
blk523,2,32,ssa02_325417_A_T,325417
blk524,2,33,ssa02_327076_G_C,327076
blk525,2,34,ssa02_360565_T_A,360565
blk526,2,35,ssa02_377978_C_G,377978
blk527,2,36,ssa02_379317_A_T,379317
blk528,2,37,ssa02_386997_G_C,386997
blk529,2,38,ssa02_415948_T_A,415948
blk530,2,39,ssa02_426374_C_G,426374
blk531,2,40,ssa02_431561_A_T,431561
blk532,2,41,ssa02_434343_G_C,434343
blk533,2,42,ssa02_435460_T_A,435460
blk534,2,43,ssa02_439547_C_G,439547
blk535,2,44,ssa02_451060_A_T,451060
blk536,2,45,ssa02_453811_G_C,453811
blk537,2,46,ssa02_457681_T_A,457681
blk538,2,47,ssa02_461686_C_G,461686
blk539,2,48,ssa02_464537_A_T,464537
blk540,2,49,ssa02_473638_G_C,473638
blk541,2,50,ssa02_475368_T_A,475368
blk542,2,51,ssa02_506502_C_G,506502
blk543,2,52,ssa02_507845_A_T,507845
blk544,2,53,ssa02_514919_G_C,514919
blk545,2,54,ssa02_525810_T_A,525810
blk546,2,55,ssa02_537122_C_G,537122
blk547,2,56,ssa02_543654_A_T,543654
blk548,2,57,ssa02_552809_G_C,552809
blk549,2,58,ssa02_561993_T_A,561993
blk550,2,59,ssa02_562845_C_G,562845
blk551,2,60,ssa02_565019_A_T,565019
blk552,2,61,ssa02_571936_G_C,571936
blk553,2,62,ssa02_586079_T_A,586079
blk554,2,63,ssa02_587804_C_G,587804
blk555,2,64,ssa02_589707_A_T,589707
blk556,2,65,ssa02_593119_G_C,593119
blk557,2,66,ssa02_595873_T_A,595873
blk558,2,67,ssa02_597569_C_G,597569
blk559,2,68,ssa02_631148_A_T,631148
blk560,2,69,ssa02_644483_G_C,644483
blk561,2,70,ssa02_646080_T_A,646080
blk562,2,71,ssa02_679713_C_G,679713
blk563,2,72,ssa02_683007_A_T,683007
blk564,2,73,ssa02_698900_G_C,698900
blk565,2,74,ssa02_704956_T_A,704956
blk566,2,75,ssa02_725885_C_G,725885
blk567,2,76,ssa02_730921_A_T,730921
blk568,2,77,ssa02_731506_G_C,731506
blk569,2,78,ssa02_736075_T_A,736075
blk570,2,79,ssa02_747949_C_G,747949
blk571,2,80,ssa02_751949_A_T,751949
blk572,2,81,ssa02_753446_G_C,753446
blk573,2,82,ssa02_756602_T_A,756602
blk574,2,83,ssa02_764174_C_G,764174
blk575,2,84,ssa02_769174_A_T,769174
blk576,2,85,ssa02_770027_G_C,770027
blk577,2,86,ssa02_775844_T_A,775844
blk578,2,87,ssa02_783178_C_G,783178
blk579,2,88,ssa02_784020_A_T,784020
blk580,2,89,ssa02_791234_G_C,791234
blk581,2,90,ssa02_825234_T_A,825234
blk582,2,91,ssa02_846711_C_G,846711
blk583,2,92,ssa02_853382_A_T,853382
blk584,2,93,ssa02_861987_G_C,861987
blk585,2,94,ssa02_874946_T_A,874946
blk586,2,95,ssa02_887772_C_G,887772
blk587,2,96,ssa02_896179_A_T,896179
blk588,2,97,ssa02_920371_G_C,920371
blk589,2,98,ssa02_921700_T_A,921700
blk590,2,99,ssa02_932993_C_G,932993
blk591,2,100,ssa02_963879_A_T,963879
blk592,2,101,ssa02_967255_G_C,967255
blk593,2,102,ssa02_968567_T_A,968567
blk593,2,103,ssa02_968614_C_G,968614
blk594,2,104,ssa02_977185_A_T,977185
blk595,2,105,ssa02_1019480_G_C,1019480
blk596,2,106,ssa02_1037518_T_A,1037518
blk597,2,107,ssa02_1061908_C_G,1061908
blk598,2,108,ssa02_1069890_A_T,1069890
blk599,2,109,ssa02_1096406_G_C,1096406
blk600,2,110,ssa02_1101259_T_A,1101259
blk601,2,111,ssa02_1115422_C_G,1115422
blk602,2,112,ssa02_1118922_A_T,1118922
blk603,2,113,ssa02_1136504_G_C,1136504
blk604,2,114,ssa02_1142675_T_A,1142675
blk605,2,115,ssa02_1144831_C_G,1144831
blk606,2,116,ssa02_1187626_A_T,1187626
blk607,2,117,ssa02_1189105_G_C,1189105
blk608,2,118,ssa02_1190938_T_A,1190938
blk609,2,119,ssa02_1202634_C_G,1202634
blk610,2,120,ssa02_1234368_A_T,1234368
blk611,2,121,ssa02_1262280_G_C,1262280
blk612,2,122,ssa02_1262506_T_A,1262506
blk613,2,123,ssa02_1268625_C_G,1268625
blk614,2,124,ssa02_1287811_A_T,1287811
blk615,2,125,ssa02_1294595_G_C,1294595
blk616,2,126,ssa02_1294862_T_A,1294862
blk617,2,127,ssa02_1298791_C_G,1298791
blk618,2,128,ssa02_1313229_A_T,1313229
blk619,2,129,ssa02_1314333_G_C,1314333
blk620,2,130,ssa02_1329631_T_A,1329631
blk621,2,131,ssa02_1353392_C_G,1353392
blk622,2,132,ssa02_1362307_A_T,1362307
blk623,2,133,ssa02_1393947_G_C,1393947
blk624,2,134,ssa02_1408149_T_A,1408149
blk625,2,135,ssa02_1418265_C_G,1418265
blk626,2,136,ssa02_1442735_A_T,1442735
blk627,2,137,ssa02_1445209_G_C,1445209
blk628,2,138,ssa02_1452669_T_A,1452669
blk629,2,139,ssa02_1458991_C_G,1458991
blk630,2,140,ssa02_1479826_A_T,1479826
blk631,2,141,ssa02_1503436_G_C,1503436
blk632,2,142,ssa02_1506939_T_A,1506939
blk633,2,143,ssa02_1507366_C_G,1507366
blk634,2,144,ssa02_1521890_A_T,1521890
blk634,2,145,ssa02_1521987_G_C,1521987
blk635,2,146,ssa02_1563736_T_A,1563736
blk636,2,147,ssa02_1570206_C_G,1570206
blk637,2,148,ssa02_1572741_A_T,1572741
blk638,2,149,ssa02_1576909_G_C,1576909
blk639,2,150,ssa02_1579358_T_A,1579358
blk640,2,151,ssa02_1581776_C_G,1581776
blk641,2,152,ssa02_1587053_A_T,1587053
blk642,2,153,ssa02_1595363_G_C,1595363
blk643,2,154,ssa02_1606401_T_A,1606401
blk644,2,155,ssa02_1614932_C_G,1614932
blk645,2,156,ssa02_1616007_A_T,1616007
blk646,2,157,ssa02_1621815_G_C,1621815
blk647,2,158,ssa02_1635947_T_A,1635947
blk648,2,159,ssa02_1654281_C_G,1654281
blk649,2,160,ssa02_1695939_A_T,1695939
blk650,2,161,ssa02_1717499_G_C,1717499
blk651,2,162,ssa02_1718279_T_A,1718279
blk652,2,163,ssa02_1740760_C_G,1740760
blk653,2,164,ssa02_1745097_A_T,1745097
blk654,2,165,ssa02_1755633_G_C,1755633
blk655,2,166,ssa02_1755772_T_A,1755772
blk656,2,167,ssa02_1760425_C_G,1760425
blk657,2,168,ssa02_1767313_A_T,1767313
blk658,2,169,ssa02_1776914_G_C,1776914
blk659,2,170,ssa02_1778722_T_A,1778722
blk660,2,171,ssa02_1780532_C_G,1780532
blk661,2,172,ssa02_1785247_A_T,1785247
blk662,2,173,ssa02_1806820_G_C,1806820
blk663,2,174,ssa02_1825710_T_A,1825710
blk664,2,175,ssa02_1850553_C_G,1850553
blk665,2,176,ssa02_1850706_A_T,1850706
blk666,2,177,ssa02_1861862_G_C,1861862
blk667,2,178,ssa02_1879298_T_A,1879298
blk667,2,179,ssa02_1879387_C_G,1879387
blk668,2,180,ssa02_1885881_A_T,1885881
blk669,2,181,ssa02_1887998_G_C,1887998
blk670,2,182,ssa02_1888383_T_A,1888383
blk671,2,183,ssa02_1893068_C_G,1893068
blk672,2,184,ssa02_1900064_A_T,1900064
blk673,2,185,ssa02_1902908_G_C,1902908
blk674,2,186,ssa02_1911318_T_A,1911318
blk675,2,187,ssa02_1914784_C_G,1914784
blk676,2,188,ssa02_1919570_A_T,1919570
blk677,2,189,ssa02_1927404_G_C,1927404
blk678,2,190,ssa02_1986923_T_A,1986923
blk679,2,191,ssa02_1987914_C_G,1987914
blk680,2,192,ssa02_2003579_A_T,2003579
blk681,2,193,ssa02_2024714_G_C,2024714
blk682,2,194,ssa02_2036200_T_A,2036200
blk683,2,195,ssa02_2041797_C_G,2041797
blk684,2,196,ssa02_2058761_A_T,2058761
blk685,2,197,ssa02_2059940_G_C,2059940
blk686,2,198,ssa02_2063502_T_A,2063502
blk687,2,199,ssa02_2074540_C_G,2074540
blk688,2,200,ssa02_2086546_A_T,2086546
blk689,2,201,ssa02_2088126_G_C,2088126
blk690,2,202,ssa02_2088383_T_A,2088383
blk691,2,203,ssa02_2088720_C_G,2088720
blk692,2,204,ssa02_2110604_A_T,2110604
blk693,2,205,ssa02_2117877_G_C,2117877
blk694,2,206,ssa02_2121217_T_A,2121217
blk695,2,207,ssa02_2137389_C_G,2137389
blk696,2,208,ssa02_2145637_A_T,2145637
blk697,2,209,ssa02_2162656_G_C,2162656
blk698,2,210,ssa02_2179462_T_A,2179462
blk699,2,211,ssa02_2185757_C_G,2185757
blk700,2,212,ssa02_2200365_A_T,2200365
blk701,2,213,ssa02_2207107_G_C,2207107
blk702,2,214,ssa02_2233332_T_A,2233332
blk703,2,215,ssa02_2235797_C_G,2235797
blk704,2,216,ssa02_2241087_A_T,2241087
blk705,2,217,ssa02_2243368_G_C,2243368
blk706,2,218,ssa02_2245408_T_A,2245408
blk707,2,219,ssa02_2246194_C_G,2246194
blk708,2,220,ssa02_2258211_A_T,2258211
blk709,2,221,ssa02_2289923_G_C,2289923
blk710,2,222,ssa02_2291192_T_A,2291192
blk711,2,223,ssa02_2296258_C_G,2296258
blk712,2,224,ssa02_2300200_A_T,2300200
blk713,2,225,ssa02_2304320_G_C,2304320
blk714,2,226,ssa02_2307608_T_A,2307608
blk715,2,227,ssa02_2308805_C_G,2308805
blk716,2,228,ssa02_2313210_A_T,2313210
blk717,2,229,ssa02_2321416_G_C,2321416
blk718,2,230,ssa02_2354764_T_A,2354764
blk719,2,231,ssa02_2372727_C_G,2372727
blk720,2,232,ssa02_2372951_A_T,2372951
blk721,2,233,ssa02_2410201_G_C,2410201
blk722,2,234,ssa02_2415738_T_A,2415738
blk723,2,235,ssa02_2425064_C_G,2425064
blk724,2,236,ssa02_2433405_A_T,2433405
blk725,2,237,ssa02_2434256_G_C,2434256
blk726,2,238,ssa02_2446031_T_A,2446031
blk727,2,239,ssa02_2451704_C_G,2451704
blk728,2,240,ssa02_2474409_A_T,2474409
blk729,2,241,ssa02_2493557_G_C,2493557
blk730,2,242,ssa02_2499160_T_A,2499160
blk731,2,243,ssa02_2533896_C_G,2533896
blk732,2,244,ssa02_2545618_A_T,2545618
blk733,2,245,ssa02_2553499_G_C,2553499
blk734,2,246,ssa02_2556606_T_A,2556606
blk735,2,247,ssa02_2581349_C_G,2581349
blk736,2,248,ssa02_2598125_A_T,2598125
blk737,2,249,ssa02_2606557_G_C,2606557
blk738,2,250,ssa02_2611489_T_A,2611489
blk739,2,251,ssa02_2643140_C_G,2643140
blk740,2,252,ssa02_2661178_A_T,2661178
blk741,2,253,ssa02_2663502_G_C,2663502
blk742,2,254,ssa02_2663777_T_A,2663777
blk743,2,255,ssa02_2683963_C_G,2683963
blk743,2,256,ssa02_2683989_A_T,2683989
blk744,2,257,ssa02_2684842_G_C,2684842
blk745,2,258,ssa02_2717571_T_A,2717571
blk746,2,259,ssa02_2740900_C_G,2740900
blk747,2,260,ssa02_2741575_A_T,2741575
blk748,2,261,ssa02_2776169_G_C,2776169
blk749,2,262,ssa02_2777360_T_A,2777360
blk750,2,263,ssa02_2786823_C_G,2786823
blk751,2,264,ssa02_2807549_A_T,2807549
blk752,2,265,ssa02_2812328_G_C,2812328
blk753,2,266,ssa02_2827734_T_A,2827734
blk754,2,267,ssa02_2841505_C_G,2841505
blk755,2,268,ssa02_2850491_A_T,2850491
blk756,2,269,ssa02_2851599_G_C,2851599
blk757,2,270,ssa02_2854554_T_A,2854554
blk758,2,271,ssa02_2872291_C_G,2872291
blk759,2,272,ssa02_2881553_A_T,2881553
blk760,2,273,ssa02_2889960_G_C,2889960
blk761,2,274,ssa02_2894078_T_A,2894078
blk762,2,275,ssa02_2898820_C_G,2898820
blk763,2,276,ssa02_2900325_A_T,2900325
blk764,2,277,ssa02_2903781_G_C,2903781
blk765,2,278,ssa02_2912142_T_A,2912142
blk766,2,279,ssa02_2917172_C_G,2917172
blk767,2,280,ssa02_2927301_A_T,2927301
blk768,2,281,ssa02_2934102_G_C,2934102
blk769,2,282,ssa02_2934663_T_A,2934663
blk770,2,283,ssa02_2938719_C_G,2938719
blk771,2,284,ssa02_2942850_A_T,2942850
blk772,2,285,ssa02_2944101_G_C,2944101
blk773,2,286,ssa02_2959593_T_A,2959593
blk774,2,287,ssa02_2962701_C_G,2962701
blk775,2,288,ssa02_2972393_A_T,2972393
blk776,2,289,ssa02_2976866_G_C,2976866
blk777,2,290,ssa02_2986929_T_A,2986929
blk778,2,291,ssa02_2990599_C_G,2990599
blk779,2,292,ssa02_3006105_A_T,3006105
blk780,2,293,ssa02_3017074_G_C,3017074
blk781,2,294,ssa02_3019891_T_A,3019891
blk782,2,295,ssa02_3023170_C_G,3023170
blk783,2,296,ssa02_3031738_A_T,3031738
blk783,2,297,ssa02_3031814_G_C,3031814
blk784,2,298,ssa02_3038986_T_A,3038986
blk785,2,299,ssa02_3042596_C_G,3042596
blk786,2,300,ssa02_3062337_A_T,3062337
blk787,2,301,ssa02_3067961_G_C,3067961
blk788,2,302,ssa02_3071213_T_A,3071213
blk789,2,303,ssa02_3072495_C_G,3072495
blk790,2,304,ssa02_3076702_A_T,3076702
blk791,2,305,ssa02_3101096_G_C,3101096
blk792,2,306,ssa02_3101780_T_A,3101780
blk793,2,307,ssa02_3129882_C_G,3129882
blk794,2,308,ssa02_3135082_A_T,3135082
blk795,2,309,ssa02_3142168_G_C,3142168
blk796,2,310,ssa02_3148164_T_A,3148164
blk797,2,311,ssa02_3152104_C_G,3152104
blk798,2,312,ssa02_3152414_A_T,3152414
blk799,2,313,ssa02_3156906_G_C,3156906
blk800,2,314,ssa02_3190743_T_A,3190743
blk801,2,315,ssa02_3201883_C_G,3201883
blk802,2,316,ssa02_3205206_A_T,3205206
blk803,2,317,ssa02_3210667_G_C,3210667
blk804,2,318,ssa02_3244316_T_A,3244316
blk805,2,319,ssa02_3271963_C_G,3271963
blk806,2,320,ssa02_3284383_A_T,3284383
blk807,2,321,ssa02_3287161_G_C,3287161
blk808,2,322,ssa02_3307578_T_A,3307578
blk809,2,323,ssa02_3320815_C_G,3320815
blk810,2,324,ssa02_3323059_A_T,3323059
blk811,2,325,ssa02_3323646_G_C,3323646
blk812,2,326,ssa02_3333008_T_A,3333008
blk813,2,327,ssa02_3335897_C_G,3335897
blk814,2,328,ssa02_3336936_A_T,3336936
blk815,2,329,ssa02_3351497_G_C,3351497
blk816,2,330,ssa02_3362258_T_A,3362258
blk817,2,331,ssa02_3364761_C_G,3364761
blk818,2,332,ssa02_3375235_A_T,3375235
blk819,2,333,ssa02_3393586_G_C,3393586
blk820,2,334,ssa02_3419229_T_A,3419229
blk821,2,335,ssa02_3423399_C_G,3423399
blk822,2,336,ssa02_3429603_A_T,3429603
blk823,2,337,ssa02_3431806_G_C,3431806
blk824,2,338,ssa02_3441948_T_A,3441948
blk825,2,339,ssa02_3449239_C_G,3449239
blk826,2,340,ssa02_3456995_A_T,3456995
blk827,2,341,ssa02_3473871_G_C,3473871
blk828,2,342,ssa02_3506664_T_A,3506664
blk829,2,343,ssa02_3535848_C_G,3535848
blk830,2,344,ssa02_3538197_A_T,3538197
blk831,2,345,ssa02_3547687_G_C,3547687
blk832,2,346,ssa02_3559877_T_A,3559877
blk833,2,347,ssa02_3563722_C_G,3563722
blk834,2,348,ssa02_3579590_A_T,3579590
blk835,2,349,ssa02_3581226_G_C,3581226
blk836,2,350,ssa02_3584442_T_A,3584442
blk837,2,351,ssa02_3589627_C_G,3589627
blk838,2,352,ssa02_3596667_A_T,3596667
blk839,2,353,ssa02_3601587_G_C,3601587
blk840,2,354,ssa02_3622101_T_A,3622101
blk841,2,355,ssa02_3622906_C_G,3622906
blk842,2,356,ssa02_3702756_A_T,3702756
blk843,2,357,ssa02_3709353_G_C,3709353
blk844,2,358,ssa02_3716151_T_A,3716151
blk845,2,359,ssa02_3718801_C_G,3718801
blk846,2,360,ssa02_3719543_A_T,3719543
blk847,2,361,ssa02_3732219_G_C,3732219
blk848,2,362,ssa02_3735596_T_A,3735596
blk849,2,363,ssa02_3746351_C_G,3746351
blk850,2,364,ssa02_3749547_A_T,3749547
blk851,2,365,ssa02_3755206_G_C,3755206
blk852,2,366,ssa02_3766528_T_A,3766528
blk853,2,367,ssa02_3768369_C_G,3768369
blk854,2,368,ssa02_3772581_A_T,3772581
blk855,2,369,ssa02_3783810_G_C,3783810
blk856,2,370,ssa02_3784356_T_A,3784356
blk857,2,371,ssa02_3787236_C_G,3787236
blk858,2,372,ssa02_3789196_A_T,3789196
blk858,2,373,ssa02_3789228_G_C,3789228
blk859,2,374,ssa02_3806236_T_A,3806236
blk860,2,375,ssa02_3815236_C_G,3815236
blk861,2,376,ssa02_3820437_A_T,3820437
blk862,2,377,ssa02_3856923_G_C,3856923
blk863,2,378,ssa02_3857781_T_A,3857781
blk864,2,379,ssa02_3864932_C_G,3864932
blk865,2,380,ssa02_3870803_A_T,3870803
blk866,2,381,ssa02_3875889_G_C,3875889
blk867,2,382,ssa02_3882568_T_A,3882568
blk868,2,383,ssa02_3906838_C_G,3906838
blk869,2,384,ssa02_3917249_A_T,3917249
blk870,2,385,ssa02_3935960_G_C,3935960
blk871,2,386,ssa02_3953011_T_A,3953011
blk872,2,387,ssa02_3962960_C_G,3962960
blk873,2,388,ssa02_3967169_A_T,3967169
blk874,2,389,ssa02_3968896_G_C,3968896
blk875,2,390,ssa02_3975912_T_A,3975912
blk876,2,391,ssa02_3977901_C_G,3977901
blk877,2,392,ssa02_3979477_A_T,3979477
blk878,2,393,ssa02_3996299_G_C,3996299
blk879,2,394,ssa02_4001835_T_A,4001835
blk880,2,395,ssa02_4010480_C_G,4010480
blk881,2,396,ssa02_4018868_A_T,4018868
blk882,2,397,ssa02_4027050_G_C,4027050
blk883,2,398,ssa02_4044400_T_A,4044400
blk884,2,399,ssa02_4049235_C_G,4049235
blk885,2,400,ssa02_4072737_A_T,4072737
blk886,2,401,ssa02_4074308_G_C,4074308
blk887,2,402,ssa02_4081080_T_A,4081080
blk888,2,403,ssa02_4084289_C_G,4084289
blk889,2,404,ssa02_4084721_A_T,4084721
blk890,2,405,ssa02_4090413_G_C,4090413
blk891,2,406,ssa02_4105762_T_A,4105762
blk892,2,407,ssa02_4108102_C_G,4108102
blk893,2,408,ssa02_4123697_A_T,4123697
blk894,2,409,ssa02_4131038_G_C,4131038
blk895,2,410,ssa02_4132619_T_A,4132619
blk896,2,411,ssa02_4136050_C_G,4136050
blk897,2,412,ssa02_4159256_A_T,4159256
blk898,2,413,ssa02_4170403_G_C,4170403
blk899,2,414,ssa02_4175664_T_A,4175664
blk900,2,415,ssa02_4179885_C_G,4179885
blk901,2,416,ssa02_4183462_A_T,4183462
blk902,2,417,ssa02_4194638_G_C,4194638
blk903,2,418,ssa02_4198005_T_A,4198005
blk904,2,419,ssa02_4220443_C_G,4220443
blk905,2,420,ssa02_4222878_A_T,4222878
blk906,2,421,ssa02_4231697_G_C,4231697
blk907,2,422,ssa02_4238999_T_A,4238999
blk908,2,423,ssa02_4246849_C_G,4246849
blk909,2,424,ssa02_4253729_A_T,4253729
blk910,2,425,ssa02_4258931_G_C,4258931
blk911,2,426,ssa02_4260067_T_A,4260067
blk912,2,427,ssa02_4290899_C_G,4290899
blk913,2,428,ssa02_4302971_A_T,4302971
blk914,2,429,ssa02_4312083_G_C,4312083
blk915,2,430,ssa02_4330680_T_A,4330680
blk916,2,431,ssa02_4346727_C_G,4346727
blk917,2,432,ssa02_4360213_A_T,4360213
blk918,2,433,ssa02_4368593_G_C,4368593
blk919,2,434,ssa02_4379649_T_A,4379649
blk920,2,435,ssa02_4388859_C_G,4388859
blk921,2,436,ssa02_4414657_A_T,4414657
blk922,2,437,ssa02_4429364_G_C,4429364
blk923,2,438,ssa02_4448124_T_A,4448124
blk924,2,439,ssa02_4490163_C_G,4490163
blk925,2,440,ssa02_4492646_A_T,4492646
blk926,2,441,ssa02_4508260_G_C,4508260
blk927,2,442,ssa02_4516256_T_A,4516256
blk928,2,443,ssa02_4517767_C_G,4517767
blk929,2,444,ssa02_4524805_A_T,4524805
blk930,2,445,ssa02_4525422_G_C,4525422
blk931,2,446,ssa02_4530800_T_A,4530800
blk932,2,447,ssa02_4531571_C_G,4531571
blk933,2,448,ssa02_4534937_A_T,4534937
blk934,2,449,ssa02_4546910_G_C,4546910
blk935,2,450,ssa02_4574760_T_A,4574760
blk936,2,451,ssa02_4583049_C_G,4583049
blk937,2,452,ssa02_4596233_A_T,4596233
blk938,2,453,ssa02_4599539_G_C,4599539
blk939,2,454,ssa02_4611789_T_A,4611789
blk940,2,455,ssa02_4626954_C_G,4626954
blk941,2,456,ssa02_4633494_A_T,4633494
blk942,2,457,ssa02_4634020_G_C,4634020
blk943,2,458,ssa02_4634681_T_A,4634681
blk944,2,459,ssa02_4647060_C_G,4647060
blk945,2,460,ssa02_4649738_A_T,4649738
blk946,2,461,ssa02_4658342_G_C,4658342
blk947,2,462,ssa02_4672483_T_A,4672483
blk948,2,463,ssa02_4676243_C_G,4676243
blk949,2,464,ssa02_4680879_A_T,4680879
blk950,2,465,ssa02_4690497_G_C,4690497
blk951,2,466,ssa02_4691479_T_A,4691479
blk952,2,467,ssa02_4707105_C_G,4707105
blk953,2,468,ssa02_4708297_A_T,4708297
blk954,2,469,ssa02_4712313_G_C,4712313
blk955,2,470,ssa02_4724811_T_A,4724811
blk956,2,471,ssa02_4736664_C_G,4736664
blk957,2,472,ssa02_4749406_A_T,4749406
blk958,2,473,ssa02_4792237_G_C,4792237
blk959,2,474,ssa02_4793858_T_A,4793858
blk960,2,475,ssa02_4797446_C_G,4797446
blk961,2,476,ssa02_4812711_A_T,4812711
blk962,2,477,ssa02_4830704_G_C,4830704
blk963,2,478,ssa02_4831651_T_A,4831651
blk964,2,479,ssa02_4832823_C_G,4832823
blk965,2,480,ssa02_4841537_A_T,4841537
blk966,2,481,ssa02_4843785_G_C,4843785
blk967,2,482,ssa02_4861141_T_A,4861141
blk968,2,483,ssa02_4861745_C_G,4861745
blk969,2,484,ssa02_4867342_A_T,4867342
blk970,2,485,ssa02_4867731_G_C,4867731
blk971,2,486,ssa02_4875539_T_A,4875539
blk972,2,487,ssa02_4892556_C_G,4892556
blk973,2,488,ssa02_4898512_A_T,4898512
blk974,2,489,ssa02_4900470_G_C,4900470
blk975,2,490,ssa02_4916744_T_A,4916744
blk976,2,491,ssa02_4921718_C_G,4921718
blk977,2,492,ssa02_4923344_A_T,4923344
blk978,2,493,ssa02_4925363_G_C,4925363
blk979,2,494,ssa02_4940893_T_A,4940893
blk980,2,495,ssa02_4948660_C_G,4948660
blk981,2,496,ssa02_4978281_A_T,4978281
blk982,2,497,ssa02_4987326_G_C,4987326
blk983,2,498,ssa02_4988968_T_A,4988968
blk984,2,499,ssa02_4993219_C_G,4993219
blk985,3,0,ssa03_1025_A_T,1025
blk986,3,1,ssa03_7506_G_C,7506
blk987,3,2,ssa03_9221_T_A,9221
blk988,3,3,ssa03_11495_C_G,11495
blk989,3,4,ssa03_20150_A_T,20150
blk990,3,5,ssa03_28492_G_C,28492
blk991,3,6,ssa03_39907_T_A,39907
blk992,3,7,ssa03_44722_C_G,44722
blk993,3,8,ssa03_47771_A_T,47771
blk994,3,9,ssa03_53383_G_C,53383
blk995,3,10,ssa03_84555_T_A,84555
blk996,3,11,ssa03_117895_C_G,117895
blk996,3,12,ssa03_117968_A_T,117968
blk997,3,13,ssa03_118475_G_C,118475
blk998,3,14,ssa03_119692_T_A,119692
blk999,3,15,ssa03_146264_C_G,146264
blk1000,3,16,ssa03_159685_A_T,159685
blk1001,3,17,ssa03_160776_G_C,160776
blk1002,3,18,ssa03_162582_T_A,162582
blk1003,3,19,ssa03_168665_C_G,168665
blk1004,3,20,ssa03_178839_A_T,178839
blk1005,3,21,ssa03_204442_G_C,204442
blk1006,3,22,ssa03_224164_T_A,224164
blk1007,3,23,ssa03_227146_C_G,227146
blk1008,3,24,ssa03_229541_A_T,229541
blk1009,3,25,ssa03_235504_G_C,235504
blk1010,3,26,ssa03_236816_T_A,236816
blk1011,3,27,ssa03_252894_C_G,252894
blk1012,3,28,ssa03_268977_A_T,268977
blk1013,3,29,ssa03_281700_G_C,281700
blk1014,3,30,ssa03_285117_T_A,285117
blk1015,3,31,ssa03_286281_C_G,286281
blk1016,3,32,ssa03_296708_A_T,296708
blk1017,3,33,ssa03_300159_G_C,300159
blk1018,3,34,ssa03_333859_T_A,333859
blk1019,3,35,ssa03_334747_C_G,334747
blk1020,3,36,ssa03_374006_A_T,374006
blk1021,3,37,ssa03_379424_G_C,379424
blk1022,3,38,ssa03_386256_T_A,386256
blk1023,3,39,ssa03_390521_C_G,390521
blk1024,3,40,ssa03_396556_A_T,396556
blk1025,3,41,ssa03_415502_G_C,415502
blk1026,3,42,ssa03_417380_T_A,417380
blk1027,3,43,ssa03_420413_C_G,420413
blk1028,3,44,ssa03_426276_A_T,426276
blk1029,3,45,ssa03_429688_G_C,429688
blk1030,3,46,ssa03_432148_T_A,432148
blk1031,3,47,ssa03_439475_C_G,439475
blk1032,3,48,ssa03_457127_A_T,457127
blk1033,3,49,ssa03_460768_G_C,460768
blk1034,3,50,ssa03_466635_T_A,466635
blk1035,3,51,ssa03_482164_C_G,482164
blk1036,3,52,ssa03_487948_A_T,487948
blk1037,3,53,ssa03_490081_G_C,490081
blk1038,3,54,ssa03_495111_T_A,495111
blk1039,3,55,ssa03_501985_C_G,501985
blk1040,3,56,ssa03_507002_A_T,507002
blk1041,3,57,ssa03_542827_G_C,542827
blk1042,3,58,ssa03_554682_T_A,554682
blk1043,3,59,ssa03_563120_C_G,563120
blk1044,3,60,ssa03_580096_A_T,580096
blk1045,3,61,ssa03_586471_G_C,586471
blk1046,3,62,ssa03_590765_T_A,590765
blk1047,3,63,ssa03_616798_C_G,616798
blk1048,3,64,ssa03_636267_A_T,636267
blk1049,3,65,ssa03_645943_G_C,645943
blk1050,3,66,ssa03_654127_T_A,654127
blk1051,3,67,ssa03_655615_C_G,655615
blk1052,3,68,ssa03_665510_A_T,665510
blk1053,3,69,ssa03_705537_G_C,705537
blk1054,3,70,ssa03_707518_T_A,707518
blk1055,3,71,ssa03_717024_C_G,717024
blk1056,3,72,ssa03_723687_A_T,723687
blk1057,3,73,ssa03_725873_G_C,725873
blk1058,3,74,ssa03_729985_T_A,729985
blk1059,3,75,ssa03_731522_C_G,731522
blk1060,3,76,ssa03_752976_A_T,752976
blk1061,3,77,ssa03_759021_G_C,759021
blk1062,3,78,ssa03_766529_T_A,766529
blk1063,3,79,ssa03_781112_C_G,781112
blk1064,3,80,ssa03_785976_A_T,785976
blk1065,3,81,ssa03_787717_G_C,787717
blk1066,3,82,ssa03_823618_T_A,823618
blk1067,3,83,ssa03_843233_C_G,843233
blk1068,3,84,ssa03_846629_A_T,846629
blk1069,3,85,ssa03_857819_G_C,857819
blk1070,3,86,ssa03_868211_T_A,868211
blk1071,3,87,ssa03_870198_C_G,870198
blk1071,3,88,ssa03_870260_A_T,870260
blk1072,3,89,ssa03_872685_G_C,872685
blk1073,3,90,ssa03_881823_T_A,881823
blk1074,3,91,ssa03_883052_C_G,883052
blk1075,3,92,ssa03_888818_A_T,888818
blk1076,3,93,ssa03_905175_G_C,905175
blk1077,3,94,ssa03_912089_T_A,912089
blk1078,3,95,ssa03_952703_C_G,952703
blk1079,3,96,ssa03_966133_A_T,966133
blk1080,3,97,ssa03_979447_G_C,979447
blk1081,3,98,ssa03_981893_T_A,981893
blk1082,3,99,ssa03_999630_C_G,999630
blk1083,3,100,ssa03_1010824_A_T,1010824
blk1084,3,101,ssa03_1033392_G_C,1033392
blk1085,3,102,ssa03_1062984_T_A,1062984
blk1086,3,103,ssa03_1070268_C_G,1070268
blk1087,3,104,ssa03_1074256_A_T,1074256
blk1088,3,105,ssa03_1094745_G_C,1094745
blk1089,3,106,ssa03_1095452_T_A,1095452
blk1090,3,107,ssa03_1125204_C_G,1125204
blk1091,3,108,ssa03_1150791_A_T,1150791
blk1092,3,109,ssa03_1151725_G_C,1151725
blk1093,3,110,ssa03_1152004_T_A,1152004
blk1094,3,111,ssa03_1153588_C_G,1153588
blk1095,3,112,ssa03_1189315_A_T,1189315
blk1096,3,113,ssa03_1218784_G_C,1218784
blk1097,3,114,ssa03_1222447_T_A,1222447
blk1098,3,115,ssa03_1224886_C_G,1224886
blk1099,3,116,ssa03_1229559_A_T,1229559
blk1100,3,117,ssa03_1249484_G_C,1249484
blk1101,3,118,ssa03_1252473_T_A,1252473
blk1102,3,119,ssa03_1254756_C_G,1254756
blk1103,3,120,ssa03_1260474_A_T,1260474
blk1104,3,121,ssa03_1264433_G_C,1264433
blk1105,3,122,ssa03_1265137_T_A,1265137
blk1106,3,123,ssa03_1266451_C_G,1266451
blk1107,3,124,ssa03_1272664_A_T,1272664
blk1108,3,125,ssa03_1292051_G_C,1292051
blk1109,3,126,ssa03_1317393_T_A,1317393
blk1110,3,127,ssa03_1321420_C_G,1321420
blk1111,3,128,ssa03_1331967_A_T,1331967
blk1112,3,129,ssa03_1352578_G_C,1352578
blk1113,3,130,ssa03_1366183_T_A,1366183
blk1114,3,131,ssa03_1377945_C_G,1377945
blk1115,3,132,ssa03_1383673_A_T,1383673
blk1116,3,133,ssa03_1388524_G_C,1388524
blk1117,3,134,ssa03_1419445_T_A,1419445
blk1118,3,135,ssa03_1420258_C_G,1420258
blk1119,3,136,ssa03_1428507_A_T,1428507
blk1120,3,137,ssa03_1446817_G_C,1446817
blk1121,3,138,ssa03_1450216_T_A,1450216
blk1122,3,139,ssa03_1459766_C_G,1459766
blk1123,3,140,ssa03_1463097_A_T,1463097
blk1124,3,141,ssa03_1484822_G_C,1484822
blk1125,3,142,ssa03_1493931_T_A,1493931
blk1126,3,143,ssa03_1495740_C_G,1495740
blk1127,3,144,ssa03_1501545_A_T,1501545
blk1128,3,145,ssa03_1525550_G_C,1525550
blk1129,3,146,ssa03_1528270_T_A,1528270
blk1130,3,147,ssa03_1567738_C_G,1567738
blk1131,3,148,ssa03_1582505_A_T,1582505
blk1132,3,149,ssa03_1601059_G_C,1601059
blk1133,3,150,ssa03_1610514_T_A,1610514
blk1134,3,151,ssa03_1619283_C_G,1619283
blk1135,3,152,ssa03_1628761_A_T,1628761
blk1136,3,153,ssa03_1634997_G_C,1634997
blk1137,3,154,ssa03_1651357_T_A,1651357
blk1138,3,155,ssa03_1654693_C_G,1654693
blk1139,3,156,ssa03_1673688_A_T,1673688
blk1140,3,157,ssa03_1677331_G_C,1677331
blk1141,3,158,ssa03_1687815_T_A,1687815
blk1142,3,159,ssa03_1693468_C_G,1693468
blk1143,3,160,ssa03_1696601_A_T,1696601
blk1144,3,161,ssa03_1700923_G_C,1700923
blk1145,3,162,ssa03_1702968_T_A,1702968
blk1146,3,163,ssa03_1724365_C_G,1724365
blk1147,3,164,ssa03_1738025_A_T,1738025
blk1148,3,165,ssa03_1743489_G_C,1743489
blk1149,3,166,ssa03_1747290_T_A,1747290
blk1150,3,167,ssa03_1766268_C_G,1766268
blk1151,3,168,ssa03_1780212_A_T,1780212
blk1152,3,169,ssa03_1781789_G_C,1781789
blk1153,3,170,ssa03_1782174_T_A,1782174
blk1154,3,171,ssa03_1806555_C_G,1806555
blk1155,3,172,ssa03_1812639_A_T,1812639
blk1156,3,173,ssa03_1814993_G_C,1814993
blk1157,3,174,ssa03_1817629_T_A,1817629
blk1158,3,175,ssa03_1818254_C_G,1818254
blk1159,3,176,ssa03_1826452_A_T,1826452
blk1160,3,177,ssa03_1827574_G_C,1827574
blk1161,3,178,ssa03_1860722_T_A,1860722
blk1162,3,179,ssa03_1870089_C_G,1870089
blk1163,3,180,ssa03_1872673_A_T,1872673
blk1164,3,181,ssa03_1880512_G_C,1880512
blk1165,3,182,ssa03_1890840_T_A,1890840
blk1166,3,183,ssa03_1899603_C_G,1899603
blk1167,3,184,ssa03_1933335_A_T,1933335
blk1168,3,185,ssa03_1951319_G_C,1951319
blk1169,3,186,ssa03_1954187_T_A,1954187
blk1170,3,187,ssa03_1977900_C_G,1977900
blk1171,3,188,ssa03_2014419_A_T,2014419
blk1172,3,189,ssa03_2022603_G_C,2022603
blk1173,3,190,ssa03_2070771_T_A,2070771
blk1174,3,191,ssa03_2079840_C_G,2079840
blk1175,3,192,ssa03_2101236_A_T,2101236
blk1176,3,193,ssa03_2110441_G_C,2110441
blk1177,3,194,ssa03_2136026_T_A,2136026
blk1178,3,195,ssa03_2140938_C_G,2140938
blk1179,3,196,ssa03_2160503_A_T,2160503
blk1180,3,197,ssa03_2186900_G_C,2186900
blk1181,3,198,ssa03_2198711_T_A,2198711
blk1182,3,199,ssa03_2205506_C_G,2205506
blk1183,3,200,ssa03_2213783_A_T,2213783
blk1184,3,201,ssa03_2215375_G_C,2215375
blk1185,3,202,ssa03_2215598_T_A,2215598
blk1186,3,203,ssa03_2236533_C_G,2236533
blk1187,3,204,ssa03_2257705_A_T,2257705
blk1188,3,205,ssa03_2258285_G_C,2258285
blk1189,3,206,ssa03_2264617_T_A,2264617
blk1190,3,207,ssa03_2283331_C_G,2283331
blk1191,3,208,ssa03_2289243_A_T,2289243
blk1192,3,209,ssa03_2298680_G_C,2298680
blk1193,3,210,ssa03_2304046_T_A,2304046
blk1194,3,211,ssa03_2305846_C_G,2305846
blk1195,3,212,ssa03_2309036_A_T,2309036
blk1196,3,213,ssa03_2309397_G_C,2309397
blk1197,3,214,ssa03_2324445_T_A,2324445
blk1198,3,215,ssa03_2334048_C_G,2334048
blk1199,3,216,ssa03_2357735_A_T,2357735
blk1200,3,217,ssa03_2358249_G_C,2358249
blk1201,3,218,ssa03_2362234_T_A,2362234
blk1202,3,219,ssa03_2372223_C_G,2372223
blk1203,3,220,ssa03_2391443_A_T,2391443
blk1204,3,221,ssa03_2398378_G_C,2398378
blk1205,3,222,ssa03_2404458_T_A,2404458
blk1206,3,223,ssa03_2406426_C_G,2406426
blk1207,3,224,ssa03_2411533_A_T,2411533
blk1208,3,225,ssa03_2414221_G_C,2414221
blk1209,3,226,ssa03_2422083_T_A,2422083
blk1210,3,227,ssa03_2424447_C_G,2424447
blk1211,3,228,ssa03_2432251_A_T,2432251
blk1212,3,229,ssa03_2433745_G_C,2433745
blk1213,3,230,ssa03_2448506_T_A,2448506
blk1214,3,231,ssa03_2470721_C_G,2470721
blk1215,3,232,ssa03_2493731_A_T,2493731
blk1216,3,233,ssa03_2502290_G_C,2502290
blk1217,3,234,ssa03_2507291_T_A,2507291
blk1218,3,235,ssa03_2517657_C_G,2517657
blk1219,3,236,ssa03_2518720_A_T,2518720
blk1220,3,237,ssa03_2544185_G_C,2544185
blk1221,3,238,ssa03_2546776_T_A,2546776
blk1222,3,239,ssa03_2548009_C_G,2548009
blk1223,3,240,ssa03_2553169_A_T,2553169
blk1224,3,241,ssa03_2572477_G_C,2572477
blk1225,3,242,ssa03_2574529_T_A,2574529
blk1226,3,243,ssa03_2580048_C_G,2580048
blk1227,3,244,ssa03_2592105_A_T,2592105
blk1228,3,245,ssa03_2595437_G_C,2595437
blk1229,3,246,ssa03_2602848_T_A,2602848
blk1230,3,247,ssa03_2614586_C_G,2614586
blk1231,3,248,ssa03_2632230_A_T,2632230
blk1232,3,249,ssa03_2636032_G_C,2636032
blk1233,3,250,ssa03_2649822_T_A,2649822
blk1234,3,251,ssa03_2662176_C_G,2662176
blk1235,3,252,ssa03_2663168_A_T,2663168
blk1236,3,253,ssa03_2697589_G_C,2697589
blk1237,3,254,ssa03_2705366_T_A,2705366
blk1238,3,255,ssa03_2709359_C_G,2709359
blk1239,3,256,ssa03_2720405_A_T,2720405
blk1240,3,257,ssa03_2736178_G_C,2736178
blk1241,3,258,ssa03_2748263_T_A,2748263
blk1242,3,259,ssa03_2770069_C_G,2770069
blk1243,3,260,ssa03_2777426_A_T,2777426
blk1244,3,261,ssa03_2782135_G_C,2782135
blk1245,3,262,ssa03_2787999_T_A,2787999
blk1246,3,263,ssa03_2788474_C_G,2788474
blk1247,3,264,ssa03_2791383_A_T,2791383
blk1248,3,265,ssa03_2799641_G_C,2799641
blk1249,3,266,ssa03_2801580_T_A,2801580
blk1250,3,267,ssa03_2812126_C_G,2812126
blk1251,3,268,ssa03_2832892_A_T,2832892
blk1252,3,269,ssa03_2833927_G_C,2833927
blk1253,3,270,ssa03_2862841_T_A,2862841
blk1254,3,271,ssa03_2866889_C_G,2866889
blk1255,3,272,ssa03_2879330_A_T,2879330
blk1256,3,273,ssa03_2881894_G_C,2881894
blk1257,3,274,ssa03_2906609_T_A,2906609
blk1258,3,275,ssa03_2907395_C_G,2907395
blk1259,3,276,ssa03_2907705_A_T,2907705
blk1260,3,277,ssa03_2909163_G_C,2909163
blk1261,3,278,ssa03_2917660_T_A,2917660
blk1261,3,279,ssa03_2917740_C_G,2917740
blk1262,3,280,ssa03_2948088_A_T,2948088
blk1263,3,281,ssa03_2951671_G_C,2951671
blk1264,3,282,ssa03_2967811_T_A,2967811
blk1265,3,283,ssa03_2977783_C_G,2977783
blk1266,3,284,ssa03_2982787_A_T,2982787
blk1267,3,285,ssa03_3001756_G_C,3001756
blk1268,3,286,ssa03_3003376_T_A,3003376
blk1269,3,287,ssa03_3010389_C_G,3010389
blk1270,3,288,ssa03_3018574_A_T,3018574
blk1271,3,289,ssa03_3025137_G_C,3025137
blk1272,3,290,ssa03_3036695_T_A,3036695
blk1273,3,291,ssa03_3073185_C_G,3073185
blk1274,3,292,ssa03_3075673_A_T,3075673
blk1275,3,293,ssa03_3082992_G_C,3082992
blk1276,3,294,ssa03_3090297_T_A,3090297
blk1277,3,295,ssa03_3090563_C_G,3090563
blk1278,3,296,ssa03_3095832_A_T,3095832
blk1279,3,297,ssa03_3122204_G_C,3122204
blk1280,3,298,ssa03_3129248_T_A,3129248
blk1281,3,299,ssa03_3146450_C_G,3146450
blk1282,3,300,ssa03_3152287_A_T,3152287
blk1283,3,301,ssa03_3169745_G_C,3169745
blk1284,3,302,ssa03_3203988_T_A,3203988
blk1285,3,303,ssa03_3208275_C_G,3208275
blk1286,3,304,ssa03_3225299_A_T,3225299
blk1287,3,305,ssa03_3238151_G_C,3238151
blk1288,3,306,ssa03_3253853_T_A,3253853
blk1289,3,307,ssa03_3273522_C_G,3273522
blk1290,3,308,ssa03_3274867_A_T,3274867
blk1291,3,309,ssa03_3302796_G_C,3302796
blk1292,3,310,ssa03_3324962_T_A,3324962
blk1293,3,311,ssa03_3327386_C_G,3327386
blk1294,3,312,ssa03_3347140_A_T,3347140
blk1295,3,313,ssa03_3362019_G_C,3362019
blk1296,3,314,ssa03_3363747_T_A,3363747
blk1297,3,315,ssa03_3365431_C_G,3365431
blk1298,3,316,ssa03_3404559_A_T,3404559
blk1299,3,317,ssa03_3405041_G_C,3405041
blk1300,3,318,ssa03_3411253_T_A,3411253
blk1301,3,319,ssa03_3417629_C_G,3417629
blk1302,3,320,ssa03_3418963_A_T,3418963
blk1303,3,321,ssa03_3427365_G_C,3427365
blk1304,3,322,ssa03_3436343_T_A,3436343
blk1305,3,323,ssa03_3447003_C_G,3447003
blk1306,3,324,ssa03_3447991_A_T,3447991
blk1307,3,325,ssa03_3464794_G_C,3464794
blk1308,3,326,ssa03_3476480_T_A,3476480
blk1309,3,327,ssa03_3495781_C_G,3495781
blk1310,3,328,ssa03_3502759_A_T,3502759
blk1311,3,329,ssa03_3522096_G_C,3522096
blk1312,3,330,ssa03_3524117_T_A,3524117
blk1313,3,331,ssa03_3526113_C_G,3526113
blk1314,3,332,ssa03_3552344_A_T,3552344
blk1315,3,333,ssa03_3588035_G_C,3588035
blk1316,3,334,ssa03_3589036_T_A,3589036
blk1317,3,335,ssa03_3594800_C_G,3594800
blk1318,3,336,ssa03_3609544_A_T,3609544
blk1319,3,337,ssa03_3618096_G_C,3618096
blk1320,3,338,ssa03_3623869_T_A,3623869
blk1321,3,339,ssa03_3624720_C_G,3624720
blk1322,3,340,ssa03_3633991_A_T,3633991
blk1323,3,341,ssa03_3663753_G_C,3663753
blk1324,3,342,ssa03_3666581_T_A,3666581
blk1325,3,343,ssa03_3670363_C_G,3670363
blk1326,3,344,ssa03_3675865_A_T,3675865
blk1327,3,345,ssa03_3689867_G_C,3689867
blk1328,3,346,ssa03_3702100_T_A,3702100
blk1329,3,347,ssa03_3706707_C_G,3706707
blk1330,3,348,ssa03_3707708_A_T,3707708
blk1330,3,349,ssa03_3707790_G_C,3707790
blk1331,3,350,ssa03_3709049_T_A,3709049
blk1332,3,351,ssa03_3714346_C_G,3714346
blk1332,3,352,ssa03_3714367_A_T,3714367
blk1333,3,353,ssa03_3732488_G_C,3732488
blk1334,3,354,ssa03_3739321_T_A,3739321
blk1335,3,355,ssa03_3740992_C_G,3740992
blk1336,3,356,ssa03_3741503_A_T,3741503
blk1337,3,357,ssa03_3750710_G_C,3750710
blk1338,3,358,ssa03_3756807_T_A,3756807
blk1339,3,359,ssa03_3764487_C_G,3764487
blk1340,3,360,ssa03_3765755_A_T,3765755
blk1341,3,361,ssa03_3776489_G_C,3776489
blk1342,3,362,ssa03_3777076_T_A,3777076
blk1343,3,363,ssa03_3777482_C_G,3777482
blk1344,3,364,ssa03_3783939_A_T,3783939
blk1345,3,365,ssa03_3788574_G_C,3788574
blk1346,3,366,ssa03_3794989_T_A,3794989
blk1347,3,367,ssa03_3796581_C_G,3796581
blk1348,3,368,ssa03_3807038_A_T,3807038
blk1349,3,369,ssa03_3809280_G_C,3809280
blk1350,3,370,ssa03_3812759_T_A,3812759
blk1351,3,371,ssa03_3816926_C_G,3816926
blk1352,3,372,ssa03_3819244_A_T,3819244
blk1353,3,373,ssa03_3830815_G_C,3830815
blk1354,3,374,ssa03_3831946_T_A,3831946
blk1355,3,375,ssa03_3832876_C_G,3832876
blk1356,3,376,ssa03_3846216_A_T,3846216
blk1357,3,377,ssa03_3851083_G_C,3851083
blk1358,3,378,ssa03_3852127_T_A,3852127
blk1359,3,379,ssa03_3867173_C_G,3867173
blk1360,3,380,ssa03_3869725_A_T,3869725
blk1361,3,381,ssa03_3872959_G_C,3872959
blk1362,3,382,ssa03_3906327_T_A,3906327
blk1363,3,383,ssa03_3926068_C_G,3926068
blk1364,3,384,ssa03_3941738_A_T,3941738
blk1365,3,385,ssa03_3947640_G_C,3947640
blk1366,3,386,ssa03_3959519_T_A,3959519
blk1367,3,387,ssa03_3962854_C_G,3962854
blk1368,3,388,ssa03_3971111_A_T,3971111
blk1369,3,389,ssa03_3979314_G_C,3979314
blk1370,3,390,ssa03_3983294_T_A,3983294
blk1371,3,391,ssa03_4003858_C_G,4003858
blk1371,3,392,ssa03_4003900_A_T,4003900
blk1372,3,393,ssa03_4012683_G_C,4012683
blk1373,3,394,ssa03_4022963_T_A,4022963
blk1374,3,395,ssa03_4037842_C_G,4037842
blk1375,3,396,ssa03_4039144_A_T,4039144
blk1376,3,397,ssa03_4039914_G_C,4039914
blk1377,3,398,ssa03_4058027_T_A,4058027
blk1378,3,399,ssa03_4058529_C_G,4058529
blk1379,3,400,ssa03_4068138_A_T,4068138
blk1380,3,401,ssa03_4070297_G_C,4070297
blk1381,3,402,ssa03_4074054_T_A,4074054
blk1382,3,403,ssa03_4079254_C_G,4079254
blk1383,3,404,ssa03_4089212_A_T,4089212
blk1384,3,405,ssa03_4090600_G_C,4090600
blk1385,3,406,ssa03_4108881_T_A,4108881
blk1386,3,407,ssa03_4122180_C_G,4122180
blk1387,3,408,ssa03_4122859_A_T,4122859
blk1388,3,409,ssa03_4160307_G_C,4160307
blk1389,3,410,ssa03_4163414_T_A,4163414
blk1390,3,411,ssa03_4165799_C_G,4165799
blk1391,3,412,ssa03_4167858_A_T,4167858
blk1392,3,413,ssa03_4172118_G_C,4172118
blk1393,3,414,ssa03_4208770_T_A,4208770
blk1394,3,415,ssa03_4213757_C_G,4213757
blk1395,3,416,ssa03_4218930_A_T,4218930
blk1396,3,417,ssa03_4240303_G_C,4240303
blk1396,3,418,ssa03_4240356_T_A,4240356
blk1397,3,419,ssa03_4246950_C_G,4246950
blk1398,3,420,ssa03_4254782_A_T,4254782
blk1399,3,421,ssa03_4256373_G_C,4256373
blk1400,3,422,ssa03_4280509_T_A,4280509
blk1401,3,423,ssa03_4289420_C_G,4289420
blk1402,3,424,ssa03_4321085_A_T,4321085
blk1403,3,425,ssa03_4324470_G_C,4324470
blk1404,3,426,ssa03_4326458_T_A,4326458
blk1405,3,427,ssa03_4337076_C_G,4337076
blk1406,3,428,ssa03_4340201_A_T,4340201
blk1407,3,429,ssa03_4359483_G_C,4359483
blk1408,3,430,ssa03_4371014_T_A,4371014
blk1409,3,431,ssa03_4388302_C_G,4388302
blk1410,3,432,ssa03_4401774_A_T,4401774
blk1411,3,433,ssa03_4411972_G_C,4411972
blk1412,3,434,ssa03_4419319_T_A,4419319
blk1413,3,435,ssa03_4425802_C_G,4425802
blk1413,3,436,ssa03_4425909_A_T,4425909
blk1414,3,437,ssa03_4428674_G_C,4428674
blk1415,3,438,ssa03_4435209_T_A,4435209
blk1416,3,439,ssa03_4438486_C_G,4438486
blk1417,3,440,ssa03_4448958_A_T,4448958
blk1418,3,441,ssa03_4457067_G_C,4457067
blk1419,3,442,ssa03_4460339_T_A,4460339
blk1420,3,443,ssa03_4467549_C_G,4467549
blk1421,3,444,ssa03_4467686_A_T,4467686
blk1422,3,445,ssa03_4472868_G_C,4472868
blk1423,3,446,ssa03_4475855_T_A,4475855
blk1424,3,447,ssa03_4478579_C_G,4478579
blk1425,3,448,ssa03_4488123_A_T,4488123
blk1426,3,449,ssa03_4488327_G_C,4488327
blk1427,3,450,ssa03_4492783_T_A,4492783
blk1428,3,451,ssa03_4523256_C_G,4523256
blk1429,3,452,ssa03_4543319_A_T,4543319
blk1430,3,453,ssa03_4543752_G_C,4543752
blk1431,3,454,ssa03_4558465_T_A,4558465
blk1432,3,455,ssa03_4563475_C_G,4563475
blk1433,3,456,ssa03_4579427_A_T,4579427
blk1434,3,457,ssa03_4593384_G_C,4593384
blk1435,3,458,ssa03_4598490_T_A,4598490
blk1436,3,459,ssa03_4624189_C_G,4624189
blk1437,3,460,ssa03_4632503_A_T,4632503
blk1438,3,461,ssa03_4645959_G_C,4645959
blk1439,3,462,ssa03_4651200_T_A,4651200
blk1440,3,463,ssa03_4654983_C_G,4654983
blk1441,3,464,ssa03_4666952_A_T,4666952
blk1442,3,465,ssa03_4671237_G_C,4671237
blk1443,3,466,ssa03_4692678_T_A,4692678
blk1444,3,467,ssa03_4698700_C_G,4698700
blk1445,3,468,ssa03_4706189_A_T,4706189
blk1446,3,469,ssa03_4707255_G_C,4707255
blk1447,3,470,ssa03_4711520_T_A,4711520
blk1448,3,471,ssa03_4718075_C_G,4718075
blk1449,3,472,ssa03_4725617_A_T,4725617
blk1450,3,473,ssa03_4733817_G_C,4733817
blk1451,3,474,ssa03_4738503_T_A,4738503
blk1452,3,475,ssa03_4739699_C_G,4739699
blk1453,3,476,ssa03_4742704_A_T,4742704
blk1454,3,477,ssa03_4745395_G_C,4745395
blk1455,3,478,ssa03_4749742_T_A,4749742
blk1456,3,479,ssa03_4764599_C_G,4764599
blk1457,3,480,ssa03_4774955_A_T,4774955
blk1458,3,481,ssa03_4784295_G_C,4784295
blk1459,3,482,ssa03_4797669_T_A,4797669
blk1460,3,483,ssa03_4811907_C_G,4811907
blk1461,3,484,ssa03_4817464_A_T,4817464
blk1462,3,485,ssa03_4819774_G_C,4819774
blk1463,3,486,ssa03_4838707_T_A,4838707
blk1464,3,487,ssa03_4853098_C_G,4853098
blk1465,3,488,ssa03_4859416_A_T,4859416
blk1466,3,489,ssa03_4873622_G_C,4873622
blk1467,3,490,ssa03_4889982_T_A,4889982
blk1468,3,491,ssa03_4902113_C_G,4902113
blk1469,3,492,ssa03_4905131_A_T,4905131
blk1470,3,493,ssa03_4920172_G_C,4920172
blk1471,3,494,ssa03_4923816_T_A,4923816
blk1472,3,495,ssa03_4936155_C_G,4936155
blk1473,3,496,ssa03_4948633_A_T,4948633
blk1474,3,497,ssa03_4978685_G_C,4978685
blk1475,3,498,ssa03_4986631_T_A,4986631
blk1476,3,499,ssa03_4999191_C_G,4999191
blk1477,4,0,ssa04_38449_A_T,38449
blk1478,4,1,ssa04_39903_G_C,39903
blk1479,4,2,ssa04_42723_T_A,42723
blk1480,4,3,ssa04_49027_C_G,49027
blk1481,4,4,ssa04_53634_A_T,53634
blk1482,4,5,ssa04_54526_G_C,54526
blk1483,4,6,ssa04_67400_T_A,67400
blk1484,4,7,ssa04_83315_C_G,83315
blk1485,4,8,ssa04_87310_A_T,87310
blk1486,4,9,ssa04_90783_G_C,90783
blk1487,4,10,ssa04_97603_T_A,97603
blk1488,4,11,ssa04_100898_C_G,100898
blk1489,4,12,ssa04_101685_A_T,101685
blk1490,4,13,ssa04_105558_G_C,105558
blk1491,4,14,ssa04_119155_T_A,119155
blk1492,4,15,ssa04_125021_C_G,125021
blk1493,4,16,ssa04_128294_A_T,128294
blk1494,4,17,ssa04_133032_G_C,133032
blk1495,4,18,ssa04_138600_T_A,138600
blk1496,4,19,ssa04_141526_C_G,141526
blk1497,4,20,ssa04_193581_A_T,193581
blk1498,4,21,ssa04_195251_G_C,195251
blk1499,4,22,ssa04_213114_T_A,213114
blk1500,4,23,ssa04_213904_C_G,213904
blk1501,4,24,ssa04_226417_A_T,226417
blk1502,4,25,ssa04_235185_G_C,235185
blk1503,4,26,ssa04_237540_T_A,237540
blk1504,4,27,ssa04_239785_C_G,239785
blk1505,4,28,ssa04_247443_A_T,247443
blk1506,4,29,ssa04_248893_G_C,248893
blk1507,4,30,ssa04_249534_T_A,249534
blk1508,4,31,ssa04_270892_C_G,270892
blk1509,4,32,ssa04_287548_A_T,287548
blk1509,4,33,ssa04_287563_G_C,287563
blk1510,4,34,ssa04_321857_T_A,321857
blk1511,4,35,ssa04_323226_C_G,323226
blk1512,4,36,ssa04_329437_A_T,329437
blk1513,4,37,ssa04_333827_G_C,333827
blk1514,4,38,ssa04_352061_T_A,352061
blk1515,4,39,ssa04_352749_C_G,352749
blk1516,4,40,ssa04_355744_A_T,355744
blk1517,4,41,ssa04_372666_G_C,372666
blk1518,4,42,ssa04_381057_T_A,381057
blk1519,4,43,ssa04_389000_C_G,389000
blk1520,4,44,ssa04_391464_A_T,391464
blk1521,4,45,ssa04_398412_G_C,398412
blk1522,4,46,ssa04_403809_T_A,403809
blk1523,4,47,ssa04_419910_C_G,419910
blk1524,4,48,ssa04_420827_A_T,420827
blk1525,4,49,ssa04_422066_G_C,422066
blk1526,4,50,ssa04_423436_T_A,423436
blk1527,4,51,ssa04_429772_C_G,429772
blk1528,4,52,ssa04_457367_A_T,457367
blk1529,4,53,ssa04_458947_G_C,458947
blk1530,4,54,ssa04_499863_T_A,499863
blk1531,4,55,ssa04_502352_C_G,502352
blk1532,4,56,ssa04_507256_A_T,507256
blk1533,4,57,ssa04_511044_G_C,511044
blk1534,4,58,ssa04_515871_T_A,515871
blk1535,4,59,ssa04_529175_C_G,529175
blk1536,4,60,ssa04_532558_A_T,532558
blk1537,4,61,ssa04_536859_G_C,536859
blk1538,4,62,ssa04_544434_T_A,544434
blk1539,4,63,ssa04_560400_C_G,560400
blk1540,4,64,ssa04_570195_A_T,570195
blk1541,4,65,ssa04_582241_G_C,582241
blk1542,4,66,ssa04_599171_T_A,599171
blk1543,4,67,ssa04_604989_C_G,604989
blk1544,4,68,ssa04_613214_A_T,613214
blk1545,4,69,ssa04_613686_G_C,613686
blk1546,4,70,ssa04_625697_T_A,625697
blk1547,4,71,ssa04_627562_C_G,627562
blk1548,4,72,ssa04_629616_A_T,629616
blk1549,4,73,ssa04_643827_G_C,643827
blk1550,4,74,ssa04_647265_T_A,647265
blk1551,4,75,ssa04_656228_C_G,656228
blk1552,4,76,ssa04_656956_A_T,656956
blk1553,4,77,ssa04_667479_G_C,667479
blk1554,4,78,ssa04_672722_T_A,672722
blk1555,4,79,ssa04_678692_C_G,678692
blk1556,4,80,ssa04_687953_A_T,687953
blk1557,4,81,ssa04_689758_G_C,689758
blk1558,4,82,ssa04_708437_T_A,708437
blk1559,4,83,ssa04_713173_C_G,713173
blk1560,4,84,ssa04_740790_A_T,740790
blk1561,4,85,ssa04_760941_G_C,760941
blk1562,4,86,ssa04_762762_T_A,762762
blk1563,4,87,ssa04_795734_C_G,795734
blk1564,4,88,ssa04_800907_A_T,800907
blk1565,4,89,ssa04_814988_G_C,814988
blk1566,4,90,ssa04_815457_T_A,815457
blk1567,4,91,ssa04_825503_C_G,825503
blk1568,4,92,ssa04_837940_A_T,837940
blk1569,4,93,ssa04_843788_G_C,843788
blk1570,4,94,ssa04_845993_T_A,845993
blk1571,4,95,ssa04_860001_C_G,860001
blk1572,4,96,ssa04_873593_A_T,873593
blk1573,4,97,ssa04_875734_G_C,875734
blk1574,4,98,ssa04_878798_T_A,878798
blk1575,4,99,ssa04_893129_C_G,893129
blk1576,4,100,ssa04_906357_A_T,906357
blk1577,4,101,ssa04_914598_G_C,914598
blk1578,4,102,ssa04_927320_T_A,927320
blk1579,4,103,ssa04_928648_C_G,928648
blk1580,4,104,ssa04_930540_A_T,930540
blk1581,4,105,ssa04_941445_G_C,941445
blk1582,4,106,ssa04_979572_T_A,979572
blk1583,4,107,ssa04_979852_C_G,979852
blk1584,4,108,ssa04_1000756_A_T,1000756
blk1585,4,109,ssa04_1010658_G_C,1010658
blk1586,4,110,ssa04_1011852_T_A,1011852
blk1587,4,111,ssa04_1013177_C_G,1013177
blk1588,4,112,ssa04_1026965_A_T,1026965
blk1589,4,113,ssa04_1029989_G_C,1029989
blk1590,4,114,ssa04_1043457_T_A,1043457
blk1591,4,115,ssa04_1058972_C_G,1058972
blk1592,4,116,ssa04_1082749_A_T,1082749
blk1593,4,117,ssa04_1108673_G_C,1108673
blk1594,4,118,ssa04_1117500_T_A,1117500
blk1595,4,119,ssa04_1121615_C_G,1121615
blk1596,4,120,ssa04_1128771_A_T,1128771
blk1597,4,121,ssa04_1142628_G_C,1142628
blk1598,4,122,ssa04_1143525_T_A,1143525
blk1599,4,123,ssa04_1146783_C_G,1146783
blk1600,4,124,ssa04_1152040_A_T,1152040
blk1601,4,125,ssa04_1161053_G_C,1161053
blk1602,4,126,ssa04_1163108_T_A,1163108
blk1603,4,127,ssa04_1163971_C_G,1163971
blk1604,4,128,ssa04_1189097_A_T,1189097
blk1605,4,129,ssa04_1198181_G_C,1198181
blk1606,4,130,ssa04_1201080_T_A,1201080
blk1607,4,131,ssa04_1210861_C_G,1210861
blk1608,4,132,ssa04_1216787_A_T,1216787
blk1609,4,133,ssa04_1245279_G_C,1245279
blk1610,4,134,ssa04_1250550_T_A,1250550
blk1611,4,135,ssa04_1288744_C_G,1288744
blk1612,4,136,ssa04_1314196_A_T,1314196
blk1613,4,137,ssa04_1320756_G_C,1320756
blk1614,4,138,ssa04_1323633_T_A,1323633
blk1615,4,139,ssa04_1324984_C_G,1324984
blk1616,4,140,ssa04_1327593_A_T,1327593
blk1617,4,141,ssa04_1359134_G_C,1359134
blk1618,4,142,ssa04_1360974_T_A,1360974
blk1619,4,143,ssa04_1365353_C_G,1365353
blk1620,4,144,ssa04_1377122_A_T,1377122
blk1621,4,145,ssa04_1389882_G_C,1389882
blk1622,4,146,ssa04_1395048_T_A,1395048
blk1623,4,147,ssa04_1398697_C_G,1398697
blk1624,4,148,ssa04_1434061_A_T,1434061
blk1625,4,149,ssa04_1434505_G_C,1434505
blk1626,4,150,ssa04_1445249_T_A,1445249
blk1627,4,151,ssa04_1459419_C_G,1459419
blk1628,4,152,ssa04_1464266_A_T,1464266
blk1629,4,153,ssa04_1465947_G_C,1465947
blk1630,4,154,ssa04_1466563_T_A,1466563
blk1631,4,155,ssa04_1468685_C_G,1468685
blk1632,4,156,ssa04_1495056_A_T,1495056
blk1633,4,157,ssa04_1496820_G_C,1496820
blk1633,4,158,ssa04_1496846_T_A,1496846
blk1634,4,159,ssa04_1506191_C_G,1506191
blk1635,4,160,ssa04_1522545_A_T,1522545
blk1636,4,161,ssa04_1532088_G_C,1532088
blk1637,4,162,ssa04_1535775_T_A,1535775
blk1638,4,163,ssa04_1545061_C_G,1545061
blk1639,4,164,ssa04_1564086_A_T,1564086
blk1640,4,165,ssa04_1569974_G_C,1569974
blk1641,4,166,ssa04_1579050_T_A,1579050
blk1642,4,167,ssa04_1584370_C_G,1584370
blk1643,4,168,ssa04_1594117_A_T,1594117
blk1644,4,169,ssa04_1596868_G_C,1596868
blk1645,4,170,ssa04_1604224_T_A,1604224
blk1646,4,171,ssa04_1608618_C_G,1608618
blk1647,4,172,ssa04_1615180_A_T,1615180
blk1648,4,173,ssa04_1615532_G_C,1615532
blk1649,4,174,ssa04_1627091_T_A,1627091
blk1650,4,175,ssa04_1634676_C_G,1634676
blk1651,4,176,ssa04_1635993_A_T,1635993
blk1652,4,177,ssa04_1657317_G_C,1657317
blk1653,4,178,ssa04_1660082_T_A,1660082
blk1654,4,179,ssa04_1670980_C_G,1670980
blk1655,4,180,ssa04_1674920_A_T,1674920
blk1656,4,181,ssa04_1678553_G_C,1678553
blk1657,4,182,ssa04_1698025_T_A,1698025
blk1658,4,183,ssa04_1698626_C_G,1698626
blk1659,4,184,ssa04_1701634_A_T,1701634
blk1660,4,185,ssa04_1703452_G_C,1703452
blk1661,4,186,ssa04_1709463_T_A,1709463
blk1662,4,187,ssa04_1726997_C_G,1726997
blk1663,4,188,ssa04_1730000_A_T,1730000
blk1664,4,189,ssa04_1731600_G_C,1731600
blk1665,4,190,ssa04_1737593_T_A,1737593
blk1666,4,191,ssa04_1738185_C_G,1738185
blk1667,4,192,ssa04_1739087_A_T,1739087
blk1668,4,193,ssa04_1753743_G_C,1753743
blk1669,4,194,ssa04_1761129_T_A,1761129
blk1670,4,195,ssa04_1770177_C_G,1770177
blk1671,4,196,ssa04_1776786_A_T,1776786
blk1672,4,197,ssa04_1779110_G_C,1779110
blk1673,4,198,ssa04_1808517_T_A,1808517
blk1674,4,199,ssa04_1829000_C_G,1829000
blk1675,4,200,ssa04_1838198_A_T,1838198
blk1676,4,201,ssa04_1840336_G_C,1840336
blk1677,4,202,ssa04_1860359_T_A,1860359
blk1678,4,203,ssa04_1870592_C_G,1870592
blk1679,4,204,ssa04_1874160_A_T,1874160
blk1680,4,205,ssa04_1922211_G_C,1922211
blk1681,4,206,ssa04_1922438_T_A,1922438
blk1682,4,207,ssa04_1929862_C_G,1929862
blk1683,4,208,ssa04_1940455_A_T,1940455
blk1684,4,209,ssa04_1940955_G_C,1940955
blk1685,4,210,ssa04_1949380_T_A,1949380
blk1686,4,211,ssa04_1984509_C_G,1984509
blk1687,4,212,ssa04_1990647_A_T,1990647
blk1688,4,213,ssa04_1996914_G_C,1996914
blk1689,4,214,ssa04_2014910_T_A,2014910
blk1690,4,215,ssa04_2016914_C_G,2016914
blk1691,4,216,ssa04_2024775_A_T,2024775
blk1692,4,217,ssa04_2087510_G_C,2087510
blk1693,4,218,ssa04_2090031_T_A,2090031
blk1694,4,219,ssa04_2090347_C_G,2090347
blk1695,4,220,ssa04_2096355_A_T,2096355
blk1696,4,221,ssa04_2103312_G_C,2103312
blk1697,4,222,ssa04_2103818_T_A,2103818
blk1698,4,223,ssa04_2115404_C_G,2115404
blk1699,4,224,ssa04_2118079_A_T,2118079
blk1700,4,225,ssa04_2121609_G_C,2121609
blk1701,4,226,ssa04_2128358_T_A,2128358
blk1702,4,227,ssa04_2135199_C_G,2135199
blk1703,4,228,ssa04_2137233_A_T,2137233
blk1704,4,229,ssa04_2140203_G_C,2140203
blk1705,4,230,ssa04_2156137_T_A,2156137
blk1706,4,231,ssa04_2157313_C_G,2157313
blk1707,4,232,ssa04_2161243_A_T,2161243
blk1708,4,233,ssa04_2180086_G_C,2180086
blk1709,4,234,ssa04_2182831_T_A,2182831
blk1710,4,235,ssa04_2196155_C_G,2196155
blk1711,4,236,ssa04_2198154_A_T,2198154
blk1712,4,237,ssa04_2234796_G_C,2234796
blk1713,4,238,ssa04_2243233_T_A,2243233
blk1714,4,239,ssa04_2245404_C_G,2245404
blk1715,4,240,ssa04_2248480_A_T,2248480
blk1716,4,241,ssa04_2285285_G_C,2285285
blk1717,4,242,ssa04_2293605_T_A,2293605
blk1718,4,243,ssa04_2322126_C_G,2322126
blk1719,4,244,ssa04_2347262_A_T,2347262
blk1720,4,245,ssa04_2351357_G_C,2351357
blk1721,4,246,ssa04_2359300_T_A,2359300
blk1722,4,247,ssa04_2368323_C_G,2368323
blk1723,4,248,ssa04_2372352_A_T,2372352
blk1724,4,249,ssa04_2381184_G_C,2381184
blk1725,4,250,ssa04_2385174_T_A,2385174
blk1726,4,251,ssa04_2395372_C_G,2395372
blk1727,4,252,ssa04_2396588_A_T,2396588
blk1728,4,253,ssa04_2396884_G_C,2396884
blk1729,4,254,ssa04_2403972_T_A,2403972
blk1730,4,255,ssa04_2404583_C_G,2404583
blk1731,4,256,ssa04_2405338_A_T,2405338
blk1732,4,257,ssa04_2427467_G_C,2427467
blk1733,4,258,ssa04_2431789_T_A,2431789
blk1734,4,259,ssa04_2444775_C_G,2444775
blk1735,4,260,ssa04_2449245_A_T,2449245
blk1736,4,261,ssa04_2452288_G_C,2452288
blk1737,4,262,ssa04_2462795_T_A,2462795
blk1738,4,263,ssa04_2473233_C_G,2473233
blk1739,4,264,ssa04_2502721_A_T,2502721
blk1740,4,265,ssa04_2518823_G_C,2518823
blk1741,4,266,ssa04_2519448_T_A,2519448
blk1742,4,267,ssa04_2531222_C_G,2531222
blk1743,4,268,ssa04_2533336_A_T,2533336
blk1744,4,269,ssa04_2534710_G_C,2534710
blk1745,4,270,ssa04_2535364_T_A,2535364
blk1746,4,271,ssa04_2551853_C_G,2551853
blk1747,4,272,ssa04_2552976_A_T,2552976
blk1748,4,273,ssa04_2559670_G_C,2559670
blk1749,4,274,ssa04_2561197_T_A,2561197
blk1750,4,275,ssa04_2564968_C_G,2564968
blk1751,4,276,ssa04_2573887_A_T,2573887
blk1752,4,277,ssa04_2574495_G_C,2574495
blk1753,4,278,ssa04_2577575_T_A,2577575
blk1754,4,279,ssa04_2581986_C_G,2581986
blk1755,4,280,ssa04_2587791_A_T,2587791
blk1756,4,281,ssa04_2693801_G_C,2693801
blk1757,4,282,ssa04_2716786_T_A,2716786
blk1758,4,283,ssa04_2722386_C_G,2722386
blk1759,4,284,ssa04_2731695_A_T,2731695
blk1760,4,285,ssa04_2732921_G_C,2732921
blk1761,4,286,ssa04_2744144_T_A,2744144
blk1762,4,287,ssa04_2777719_C_G,2777719
blk1763,4,288,ssa04_2783508_A_T,2783508
blk1764,4,289,ssa04_2787718_G_C,2787718
blk1765,4,290,ssa04_2796692_T_A,2796692
blk1766,4,291,ssa04_2812707_C_G,2812707
blk1767,4,292,ssa04_2830162_A_T,2830162
blk1768,4,293,ssa04_2841267_G_C,2841267
blk1769,4,294,ssa04_2842135_T_A,2842135
blk1770,4,295,ssa04_2855965_C_G,2855965
blk1771,4,296,ssa04_2910504_A_T,2910504
blk1772,4,297,ssa04_2939970_G_C,2939970
blk1773,4,298,ssa04_2942535_T_A,2942535
blk1774,4,299,ssa04_2943991_C_G,2943991
blk1775,4,300,ssa04_2961014_A_T,2961014
blk1776,4,301,ssa04_2966203_G_C,2966203
blk1777,4,302,ssa04_2966937_T_A,2966937
blk1778,4,303,ssa04_2974232_C_G,2974232
blk1779,4,304,ssa04_2974901_A_T,2974901
blk1780,4,305,ssa04_2975250_G_C,2975250
blk1781,4,306,ssa04_2982110_T_A,2982110
blk1782,4,307,ssa04_3018261_C_G,3018261
blk1783,4,308,ssa04_3034045_A_T,3034045
blk1784,4,309,ssa04_3040506_G_C,3040506
blk1785,4,310,ssa04_3062312_T_A,3062312
blk1786,4,311,ssa04_3077674_C_G,3077674
blk1787,4,312,ssa04_3110563_A_T,3110563
blk1788,4,313,ssa04_3119388_G_C,3119388
blk1789,4,314,ssa04_3122540_T_A,3122540
blk1790,4,315,ssa04_3124534_C_G,3124534
blk1791,4,316,ssa04_3135311_A_T,3135311
blk1792,4,317,ssa04_3138022_G_C,3138022
blk1793,4,318,ssa04_3144590_T_A,3144590
blk1794,4,319,ssa04_3150957_C_G,3150957
blk1795,4,320,ssa04_3159041_A_T,3159041
blk1796,4,321,ssa04_3173064_G_C,3173064
blk1797,4,322,ssa04_3175838_T_A,3175838
blk1798,4,323,ssa04_3179026_C_G,3179026
blk1799,4,324,ssa04_3182184_A_T,3182184
blk1800,4,325,ssa04_3182417_G_C,3182417
blk1801,4,326,ssa04_3192305_T_A,3192305
blk1802,4,327,ssa04_3252888_C_G,3252888
blk1803,4,328,ssa04_3253632_A_T,3253632
blk1804,4,329,ssa04_3266600_G_C,3266600
blk1805,4,330,ssa04_3273098_T_A,3273098
blk1806,4,331,ssa04_3291883_C_G,3291883
blk1807,4,332,ssa04_3317966_A_T,3317966
blk1808,4,333,ssa04_3337696_G_C,3337696
blk1809,4,334,ssa04_3338746_T_A,3338746
blk1810,4,335,ssa04_3340541_C_G,3340541
blk1811,4,336,ssa04_3341820_A_T,3341820
blk1812,4,337,ssa04_3346147_G_C,3346147
blk1813,4,338,ssa04_3363380_T_A,3363380
blk1814,4,339,ssa04_3367994_C_G,3367994
blk1815,4,340,ssa04_3381849_A_T,3381849
blk1816,4,341,ssa04_3382893_G_C,3382893
blk1817,4,342,ssa04_3384104_T_A,3384104
blk1818,4,343,ssa04_3388034_C_G,3388034
blk1819,4,344,ssa04_3391545_A_T,3391545
blk1820,4,345,ssa04_3392533_G_C,3392533
blk1821,4,346,ssa04_3401729_T_A,3401729
blk1822,4,347,ssa04_3402512_C_G,3402512
blk1823,4,348,ssa04_3420102_A_T,3420102
blk1824,4,349,ssa04_3450436_G_C,3450436
blk1825,4,350,ssa04_3450912_T_A,3450912
blk1826,4,351,ssa04_3455556_C_G,3455556
blk1827,4,352,ssa04_3465617_A_T,3465617
blk1828,4,353,ssa04_3476076_G_C,3476076
blk1829,4,354,ssa04_3480068_T_A,3480068
blk1830,4,355,ssa04_3481903_C_G,3481903
blk1831,4,356,ssa04_3484428_A_T,3484428
blk1832,4,357,ssa04_3496442_G_C,3496442
blk1833,4,358,ssa04_3497395_T_A,3497395
blk1834,4,359,ssa04_3507160_C_G,3507160
blk1835,4,360,ssa04_3523090_A_T,3523090
blk1836,4,361,ssa04_3525868_G_C,3525868
blk1837,4,362,ssa04_3585087_T_A,3585087
blk1838,4,363,ssa04_3588466_C_G,3588466
blk1839,4,364,ssa04_3593530_A_T,3593530
blk1840,4,365,ssa04_3604978_G_C,3604978
blk1841,4,366,ssa04_3609491_T_A,3609491
blk1842,4,367,ssa04_3612804_C_G,3612804
blk1843,4,368,ssa04_3614172_A_T,3614172
blk1844,4,369,ssa04_3625953_G_C,3625953
blk1845,4,370,ssa04_3635222_T_A,3635222
blk1846,4,371,ssa04_3647839_C_G,3647839
blk1847,4,372,ssa04_3675401_A_T,3675401
blk1848,4,373,ssa04_3686697_G_C,3686697
blk1849,4,374,ssa04_3700197_T_A,3700197
blk1850,4,375,ssa04_3728451_C_G,3728451
blk1851,4,376,ssa04_3738040_A_T,3738040
blk1852,4,377,ssa04_3744264_G_C,3744264
blk1853,4,378,ssa04_3756137_T_A,3756137
blk1854,4,379,ssa04_3758217_C_G,3758217
blk1854,4,380,ssa04_3758267_A_T,3758267
blk1855,4,381,ssa04_3759864_G_C,3759864
blk1856,4,382,ssa04_3768905_T_A,3768905
blk1857,4,383,ssa04_3774051_C_G,3774051
blk1858,4,384,ssa04_3789675_A_T,3789675
blk1859,4,385,ssa04_3792146_G_C,3792146
blk1860,4,386,ssa04_3794470_T_A,3794470
blk1861,4,387,ssa04_3797834_C_G,3797834
blk1862,4,388,ssa04_3805807_A_T,3805807
blk1863,4,389,ssa04_3840504_G_C,3840504
blk1864,4,390,ssa04_3843008_T_A,3843008
blk1865,4,391,ssa04_3854068_C_G,3854068
blk1866,4,392,ssa04_3872372_A_T,3872372
blk1867,4,393,ssa04_3890020_G_C,3890020
blk1868,4,394,ssa04_3892678_T_A,3892678
blk1869,4,395,ssa04_3899282_C_G,3899282
blk1870,4,396,ssa04_3926304_A_T,3926304
blk1871,4,397,ssa04_3936699_G_C,3936699
blk1872,4,398,ssa04_3938946_T_A,3938946
blk1873,4,399,ssa04_3942633_C_G,3942633
blk1874,4,400,ssa04_3947728_A_T,3947728
blk1875,4,401,ssa04_3953639_G_C,3953639
blk1876,4,402,ssa04_3967903_T_A,3967903
blk1877,4,403,ssa04_3972020_C_G,3972020
blk1878,4,404,ssa04_3979119_A_T,3979119
blk1879,4,405,ssa04_3996431_G_C,3996431
blk1880,4,406,ssa04_4000848_T_A,4000848
blk1881,4,407,ssa04_4008448_C_G,4008448
blk1882,4,408,ssa04_4009312_A_T,4009312
blk1883,4,409,ssa04_4018491_G_C,4018491
blk1884,4,410,ssa04_4026643_T_A,4026643
blk1885,4,411,ssa04_4045501_C_G,4045501
blk1886,4,412,ssa04_4077252_A_T,4077252
blk1887,4,413,ssa04_4080669_G_C,4080669
blk1888,4,414,ssa04_4099943_T_A,4099943
blk1889,4,415,ssa04_4109666_C_G,4109666
blk1890,4,416,ssa04_4123449_A_T,4123449
blk1891,4,417,ssa04_4141823_G_C,4141823
blk1892,4,418,ssa04_4155248_T_A,4155248
blk1893,4,419,ssa04_4157012_C_G,4157012
blk1894,4,420,ssa04_4159364_A_T,4159364
blk1895,4,421,ssa04_4161603_G_C,4161603
blk1896,4,422,ssa04_4172524_T_A,4172524
blk1897,4,423,ssa04_4180168_C_G,4180168
blk1898,4,424,ssa04_4181442_A_T,4181442
blk1899,4,425,ssa04_4189376_G_C,4189376
blk1900,4,426,ssa04_4217064_T_A,4217064
blk1901,4,427,ssa04_4243947_C_G,4243947
blk1902,4,428,ssa04_4263248_A_T,4263248
blk1903,4,429,ssa04_4267755_G_C,4267755
blk1904,4,430,ssa04_4272535_T_A,4272535
blk1905,4,431,ssa04_4286186_C_G,4286186
blk1906,4,432,ssa04_4290744_A_T,4290744
blk1907,4,433,ssa04_4350758_G_C,4350758
blk1908,4,434,ssa04_4366656_T_A,4366656
blk1909,4,435,ssa04_4375401_C_G,4375401
blk1910,4,436,ssa04_4380654_A_T,4380654
blk1911,4,437,ssa04_4383664_G_C,4383664
blk1912,4,438,ssa04_4391064_T_A,4391064
blk1913,4,439,ssa04_4392691_C_G,4392691
blk1914,4,440,ssa04_4401388_A_T,4401388
blk1915,4,441,ssa04_4401599_G_C,4401599
blk1916,4,442,ssa04_4417700_T_A,4417700
blk1917,4,443,ssa04_4456360_C_G,4456360
blk1918,4,444,ssa04_4491464_A_T,4491464
blk1919,4,445,ssa04_4494834_G_C,4494834
blk1920,4,446,ssa04_4504876_T_A,4504876
blk1921,4,447,ssa04_4517128_C_G,4517128
blk1922,4,448,ssa04_4520175_A_T,4520175
blk1923,4,449,ssa04_4522808_G_C,4522808
blk1924,4,450,ssa04_4529659_T_A,4529659
blk1925,4,451,ssa04_4556870_C_G,4556870
blk1926,4,452,ssa04_4562971_A_T,4562971
blk1927,4,453,ssa04_4587208_G_C,4587208
blk1928,4,454,ssa04_4590214_T_A,4590214
blk1929,4,455,ssa04_4591762_C_G,4591762
blk1930,4,456,ssa04_4596082_A_T,4596082
blk1931,4,457,ssa04_4622989_G_C,4622989
blk1932,4,458,ssa04_4628915_T_A,4628915
blk1933,4,459,ssa04_4635063_C_G,4635063
blk1934,4,460,ssa04_4647232_A_T,4647232
blk1935,4,461,ssa04_4652283_G_C,4652283
blk1936,4,462,ssa04_4665804_T_A,4665804
blk1937,4,463,ssa04_4691014_C_G,4691014
blk1938,4,464,ssa04_4705590_A_T,4705590
blk1939,4,465,ssa04_4715151_G_C,4715151
blk1940,4,466,ssa04_4762720_T_A,4762720
blk1941,4,467,ssa04_4771187_C_G,4771187
blk1942,4,468,ssa04_4785099_A_T,4785099
blk1943,4,469,ssa04_4785736_G_C,4785736
blk1944,4,470,ssa04_4786432_T_A,4786432
blk1945,4,471,ssa04_4790931_C_G,4790931
blk1946,4,472,ssa04_4805249_A_T,4805249
blk1947,4,473,ssa04_4826546_G_C,4826546
blk1948,4,474,ssa04_4831006_T_A,4831006
blk1949,4,475,ssa04_4831223_C_G,4831223
blk1950,4,476,ssa04_4835953_A_T,4835953
blk1951,4,477,ssa04_4837234_G_C,4837234
blk1952,4,478,ssa04_4844663_T_A,4844663
blk1953,4,479,ssa04_4852091_C_G,4852091
blk1954,4,480,ssa04_4853667_A_T,4853667
blk1955,4,481,ssa04_4855624_G_C,4855624
blk1956,4,482,ssa04_4857354_T_A,4857354
blk1957,4,483,ssa04_4876629_C_G,4876629
blk1958,4,484,ssa04_4878936_A_T,4878936
blk1959,4,485,ssa04_4880152_G_C,4880152
blk1960,4,486,ssa04_4882656_T_A,4882656
blk1961,4,487,ssa04_4890436_C_G,4890436
blk1962,4,488,ssa04_4904136_A_T,4904136
blk1963,4,489,ssa04_4912001_G_C,4912001
blk1964,4,490,ssa04_4914289_T_A,4914289
blk1965,4,491,ssa04_4917153_C_G,4917153
blk1966,4,492,ssa04_4923638_A_T,4923638
blk1967,4,493,ssa04_4925593_G_C,4925593
blk1968,4,494,ssa04_4933690_T_A,4933690
blk1969,4,495,ssa04_4937085_C_G,4937085
blk1970,4,496,ssa04_4966322_A_T,4966322
blk1971,4,497,ssa04_4982013_G_C,4982013
blk1972,4,498,ssa04_4986020_T_A,4986020
blk1973,4,499,ssa04_4991675_C_G,4991675
blk1974,5,0,ssa05_11232_A_T,11232
blk1975,5,1,ssa05_11703_G_C,11703
blk1976,5,2,ssa05_18960_T_A,18960
blk1977,5,3,ssa05_38668_C_G,38668
blk1978,5,4,ssa05_46625_A_T,46625
blk1979,5,5,ssa05_62901_G_C,62901
blk1980,5,6,ssa05_72861_T_A,72861
blk1981,5,7,ssa05_77795_C_G,77795
blk1982,5,8,ssa05_84875_A_T,84875
blk1983,5,9,ssa05_89918_G_C,89918
blk1984,5,10,ssa05_134334_T_A,134334
blk1985,5,11,ssa05_145812_C_G,145812
blk1986,5,12,ssa05_157767_A_T,157767
blk1987,5,13,ssa05_159397_G_C,159397
blk1988,5,14,ssa05_175925_T_A,175925
blk1989,5,15,ssa05_183919_C_G,183919
blk1990,5,16,ssa05_194300_A_T,194300
blk1991,5,17,ssa05_197560_G_C,197560
blk1992,5,18,ssa05_210726_T_A,210726
blk1993,5,19,ssa05_213364_C_G,213364
blk1994,5,20,ssa05_219369_A_T,219369
blk1995,5,21,ssa05_220272_G_C,220272
blk1996,5,22,ssa05_237745_T_A,237745
blk1997,5,23,ssa05_240863_C_G,240863
blk1998,5,24,ssa05_243816_A_T,243816
blk1999,5,25,ssa05_256094_G_C,256094
blk2000,5,26,ssa05_261434_T_A,261434
blk2001,5,27,ssa05_269415_C_G,269415
blk2002,5,28,ssa05_281369_A_T,281369
blk2003,5,29,ssa05_284952_G_C,284952
blk2004,5,30,ssa05_289744_T_A,289744
blk2005,5,31,ssa05_295835_C_G,295835
blk2006,5,32,ssa05_300666_A_T,300666
blk2007,5,33,ssa05_302833_G_C,302833
blk2008,5,34,ssa05_306537_T_A,306537
blk2009,5,35,ssa05_306873_C_G,306873
blk2010,5,36,ssa05_312763_A_T,312763
blk2011,5,37,ssa05_314103_G_C,314103
blk2011,5,38,ssa05_314186_T_A,314186
blk2012,5,39,ssa05_315080_C_G,315080
blk2013,5,40,ssa05_315277_A_T,315277
blk2014,5,41,ssa05_321417_G_C,321417
blk2015,5,42,ssa05_342999_T_A,342999
blk2016,5,43,ssa05_346567_C_G,346567
blk2017,5,44,ssa05_386978_A_T,386978
blk2018,5,45,ssa05_397570_G_C,397570
blk2019,5,46,ssa05_409618_T_A,409618
blk2020,5,47,ssa05_422744_C_G,422744
blk2021,5,48,ssa05_423345_A_T,423345
blk2022,5,49,ssa05_434542_G_C,434542
blk2023,5,50,ssa05_454588_T_A,454588
blk2024,5,51,ssa05_456680_C_G,456680
blk2025,5,52,ssa05_461019_A_T,461019
blk2026,5,53,ssa05_462964_G_C,462964
blk2027,5,54,ssa05_469123_T_A,469123
blk2028,5,55,ssa05_486082_C_G,486082
blk2029,5,56,ssa05_492269_A_T,492269
blk2030,5,57,ssa05_503434_G_C,503434
blk2031,5,58,ssa05_511512_T_A,511512
blk2032,5,59,ssa05_520592_C_G,520592
blk2033,5,60,ssa05_538955_A_T,538955
blk2034,5,61,ssa05_543356_G_C,543356
blk2035,5,62,ssa05_556295_T_A,556295
blk2036,5,63,ssa05_574594_C_G,574594
blk2037,5,64,ssa05_578027_A_T,578027
blk2038,5,65,ssa05_589970_G_C,589970
blk2039,5,66,ssa05_597985_T_A,597985
blk2040,5,67,ssa05_598209_C_G,598209
blk2041,5,68,ssa05_610120_A_T,610120
blk2042,5,69,ssa05_613637_G_C,613637
blk2043,5,70,ssa05_614845_T_A,614845
blk2044,5,71,ssa05_626492_C_G,626492
blk2045,5,72,ssa05_629225_A_T,629225
blk2046,5,73,ssa05_631567_G_C,631567
blk2047,5,74,ssa05_639782_T_A,639782
blk2048,5,75,ssa05_642983_C_G,642983
blk2049,5,76,ssa05_654837_A_T,654837
blk2050,5,77,ssa05_662964_G_C,662964
blk2051,5,78,ssa05_678087_T_A,678087
blk2052,5,79,ssa05_684045_C_G,684045
blk2053,5,80,ssa05_695576_A_T,695576
blk2054,5,81,ssa05_710989_G_C,710989
blk2055,5,82,ssa05_712247_T_A,712247
blk2056,5,83,ssa05_719919_C_G,719919
blk2057,5,84,ssa05_732474_A_T,732474
blk2058,5,85,ssa05_740347_G_C,740347
blk2059,5,86,ssa05_749581_T_A,749581
blk2060,5,87,ssa05_785395_C_G,785395
blk2061,5,88,ssa05_824183_A_T,824183
blk2062,5,89,ssa05_825533_G_C,825533
blk2063,5,90,ssa05_829545_T_A,829545
blk2064,5,91,ssa05_850102_C_G,850102
blk2065,5,92,ssa05_858025_A_T,858025
blk2066,5,93,ssa05_866474_G_C,866474
blk2067,5,94,ssa05_878333_T_A,878333
blk2068,5,95,ssa05_885968_C_G,885968
blk2069,5,96,ssa05_897375_A_T,897375
blk2070,5,97,ssa05_912050_G_C,912050
blk2071,5,98,ssa05_915449_T_A,915449
blk2072,5,99,ssa05_920143_C_G,920143
blk2073,5,100,ssa05_922718_A_T,922718
blk2074,5,101,ssa05_929342_G_C,929342
blk2075,5,102,ssa05_932634_T_A,932634
blk2076,5,103,ssa05_933789_C_G,933789
blk2077,5,104,ssa05_935600_A_T,935600
blk2078,5,105,ssa05_952539_G_C,952539
blk2079,5,106,ssa05_957198_T_A,957198
blk2080,5,107,ssa05_958036_C_G,958036
blk2081,5,108,ssa05_969435_A_T,969435
blk2082,5,109,ssa05_981609_G_C,981609
blk2083,5,110,ssa05_990236_T_A,990236
blk2084,5,111,ssa05_990617_C_G,990617
blk2085,5,112,ssa05_992738_A_T,992738
blk2086,5,113,ssa05_993010_G_C,993010
blk2087,5,114,ssa05_1029242_T_A,1029242
blk2088,5,115,ssa05_1041883_C_G,1041883
blk2089,5,116,ssa05_1067472_A_T,1067472
blk2090,5,117,ssa05_1071094_G_C,1071094
blk2091,5,118,ssa05_1072376_T_A,1072376
blk2092,5,119,ssa05_1074531_C_G,1074531
blk2093,5,120,ssa05_1080066_A_T,1080066
blk2094,5,121,ssa05_1102430_G_C,1102430
blk2095,5,122,ssa05_1104371_T_A,1104371
blk2096,5,123,ssa05_1121455_C_G,1121455
blk2097,5,124,ssa05_1121846_A_T,1121846
blk2098,5,125,ssa05_1128996_G_C,1128996
blk2099,5,126,ssa05_1144231_T_A,1144231
blk2100,5,127,ssa05_1150814_C_G,1150814
blk2101,5,128,ssa05_1158328_A_T,1158328
blk2102,5,129,ssa05_1163782_G_C,1163782
blk2103,5,130,ssa05_1166142_T_A,1166142
blk2104,5,131,ssa05_1168028_C_G,1168028
blk2105,5,132,ssa05_1178381_A_T,1178381
blk2105,5,133,ssa05_1178502_G_C,1178502
blk2106,5,134,ssa05_1180952_T_A,1180952
blk2107,5,135,ssa05_1208251_C_G,1208251
blk2108,5,136,ssa05_1211414_A_T,1211414
blk2109,5,137,ssa05_1219565_G_C,1219565
blk2109,5,138,ssa05_1219610_T_A,1219610
blk2110,5,139,ssa05_1220724_C_G,1220724
blk2111,5,140,ssa05_1229716_A_T,1229716
blk2112,5,141,ssa05_1230816_G_C,1230816
blk2113,5,142,ssa05_1232103_T_A,1232103
blk2114,5,143,ssa05_1248526_C_G,1248526
blk2115,5,144,ssa05_1268264_A_T,1268264
blk2116,5,145,ssa05_1281748_G_C,1281748
blk2117,5,146,ssa05_1290890_T_A,1290890
blk2118,5,147,ssa05_1297247_C_G,1297247
blk2119,5,148,ssa05_1305822_A_T,1305822
blk2120,5,149,ssa05_1321514_G_C,1321514
blk2121,5,150,ssa05_1340506_T_A,1340506
blk2122,5,151,ssa05_1346306_C_G,1346306
blk2123,5,152,ssa05_1355187_A_T,1355187
blk2124,5,153,ssa05_1355873_G_C,1355873
blk2125,5,154,ssa05_1366544_T_A,1366544
blk2126,5,155,ssa05_1380219_C_G,1380219
blk2127,5,156,ssa05_1385853_A_T,1385853
blk2128,5,157,ssa05_1401079_G_C,1401079
blk2129,5,158,ssa05_1414289_T_A,1414289
blk2130,5,159,ssa05_1414762_C_G,1414762
blk2131,5,160,ssa05_1422003_A_T,1422003
blk2132,5,161,ssa05_1429094_G_C,1429094
blk2133,5,162,ssa05_1440894_T_A,1440894
blk2134,5,163,ssa05_1468187_C_G,1468187
blk2135,5,164,ssa05_1482669_A_T,1482669
blk2136,5,165,ssa05_1503421_G_C,1503421
blk2137,5,166,ssa05_1524151_T_A,1524151
blk2138,5,167,ssa05_1525581_C_G,1525581
blk2139,5,168,ssa05_1533792_A_T,1533792
blk2140,5,169,ssa05_1537182_G_C,1537182
blk2141,5,170,ssa05_1546840_T_A,1546840
blk2142,5,171,ssa05_1549751_C_G,1549751
blk2143,5,172,ssa05_1603682_A_T,1603682
blk2144,5,173,ssa05_1609669_G_C,1609669
blk2145,5,174,ssa05_1613852_T_A,1613852
blk2146,5,175,ssa05_1622562_C_G,1622562
blk2147,5,176,ssa05_1625264_A_T,1625264
blk2148,5,177,ssa05_1662356_G_C,1662356
blk2148,5,178,ssa05_1662365_T_A,1662365
blk2149,5,179,ssa05_1663691_C_G,1663691
blk2150,5,180,ssa05_1666233_A_T,1666233
blk2151,5,181,ssa05_1674386_G_C,1674386
blk2152,5,182,ssa05_1692755_T_A,1692755
blk2153,5,183,ssa05_1710093_C_G,1710093
blk2154,5,184,ssa05_1710675_A_T,1710675
blk2155,5,185,ssa05_1713100_G_C,1713100
blk2156,5,186,ssa05_1713493_T_A,1713493
blk2157,5,187,ssa05_1719467_C_G,1719467
blk2158,5,188,ssa05_1730314_A_T,1730314
blk2159,5,189,ssa05_1730829_G_C,1730829
blk2160,5,190,ssa05_1739886_T_A,1739886
blk2161,5,191,ssa05_1742684_C_G,1742684
blk2162,5,192,ssa05_1747101_A_T,1747101
blk2163,5,193,ssa05_1751922_G_C,1751922
blk2164,5,194,ssa05_1755337_T_A,1755337
blk2165,5,195,ssa05_1763383_C_G,1763383
blk2166,5,196,ssa05_1779938_A_T,1779938
blk2167,5,197,ssa05_1822601_G_C,1822601
blk2168,5,198,ssa05_1839774_T_A,1839774
blk2169,5,199,ssa05_1843243_C_G,1843243
blk2170,5,200,ssa05_1846618_A_T,1846618
blk2171,5,201,ssa05_1856912_G_C,1856912
blk2172,5,202,ssa05_1869156_T_A,1869156
blk2173,5,203,ssa05_1878174_C_G,1878174
blk2174,5,204,ssa05_1902534_A_T,1902534
blk2175,5,205,ssa05_1906291_G_C,1906291
blk2176,5,206,ssa05_1913039_T_A,1913039
blk2177,5,207,ssa05_1915166_C_G,1915166
blk2178,5,208,ssa05_1932825_A_T,1932825
blk2179,5,209,ssa05_1939879_G_C,1939879
blk2180,5,210,ssa05_1940717_T_A,1940717
blk2181,5,211,ssa05_1945270_C_G,1945270
blk2182,5,212,ssa05_1950862_A_T,1950862
blk2183,5,213,ssa05_1975951_G_C,1975951
blk2184,5,214,ssa05_1988925_T_A,1988925
blk2185,5,215,ssa05_1992526_C_G,1992526
blk2186,5,216,ssa05_1994052_A_T,1994052
blk2187,5,217,ssa05_2010777_G_C,2010777
blk2188,5,218,ssa05_2016999_T_A,2016999
blk2189,5,219,ssa05_2017300_C_G,2017300
blk2190,5,220,ssa05_2043371_A_T,2043371
blk2191,5,221,ssa05_2045431_G_C,2045431
blk2192,5,222,ssa05_2045877_T_A,2045877
blk2193,5,223,ssa05_2052741_C_G,2052741
blk2194,5,224,ssa05_2061371_A_T,2061371
blk2195,5,225,ssa05_2062844_G_C,2062844
blk2196,5,226,ssa05_2081944_T_A,2081944
blk2197,5,227,ssa05_2088128_C_G,2088128
blk2198,5,228,ssa05_2091883_A_T,2091883
blk2199,5,229,ssa05_2112736_G_C,2112736
blk2200,5,230,ssa05_2129150_T_A,2129150
blk2201,5,231,ssa05_2133529_C_G,2133529
blk2202,5,232,ssa05_2147342_A_T,2147342
blk2203,5,233,ssa05_2147794_G_C,2147794
blk2204,5,234,ssa05_2166401_T_A,2166401
blk2205,5,235,ssa05_2169428_C_G,2169428
blk2206,5,236,ssa05_2175883_A_T,2175883
blk2207,5,237,ssa05_2205617_G_C,2205617
blk2208,5,238,ssa05_2206333_T_A,2206333
blk2209,5,239,ssa05_2215359_C_G,2215359
blk2210,5,240,ssa05_2263039_A_T,2263039
blk2211,5,241,ssa05_2266548_G_C,2266548
blk2212,5,242,ssa05_2276819_T_A,2276819
blk2213,5,243,ssa05_2280389_C_G,2280389
blk2214,5,244,ssa05_2286869_A_T,2286869
blk2215,5,245,ssa05_2296545_G_C,2296545
blk2216,5,246,ssa05_2298077_T_A,2298077
blk2217,5,247,ssa05_2299447_C_G,2299447
blk2218,5,248,ssa05_2324024_A_T,2324024
blk2219,5,249,ssa05_2338121_G_C,2338121
blk2220,5,250,ssa05_2371418_T_A,2371418
blk2221,5,251,ssa05_2404551_C_G,2404551
blk2222,5,252,ssa05_2411744_A_T,2411744
blk2223,5,253,ssa05_2411921_G_C,2411921
blk2224,5,254,ssa05_2436662_T_A,2436662
blk2225,5,255,ssa05_2462954_C_G,2462954
blk2226,5,256,ssa05_2465215_A_T,2465215
blk2227,5,257,ssa05_2475005_G_C,2475005
blk2228,5,258,ssa05_2500566_T_A,2500566
blk2229,5,259,ssa05_2501854_C_G,2501854
blk2230,5,260,ssa05_2516881_A_T,2516881
blk2231,5,261,ssa05_2526912_G_C,2526912
blk2232,5,262,ssa05_2529852_T_A,2529852
blk2233,5,263,ssa05_2561280_C_G,2561280
blk2234,5,264,ssa05_2563201_A_T,2563201
blk2235,5,265,ssa05_2567670_G_C,2567670
blk2236,5,266,ssa05_2576786_T_A,2576786
blk2237,5,267,ssa05_2577293_C_G,2577293
blk2238,5,268,ssa05_2589866_A_T,2589866
blk2239,5,269,ssa05_2606155_G_C,2606155
blk2240,5,270,ssa05_2619675_T_A,2619675
blk2241,5,271,ssa05_2629816_C_G,2629816
blk2242,5,272,ssa05_2637104_A_T,2637104
blk2243,5,273,ssa05_2640976_G_C,2640976
blk2244,5,274,ssa05_2655781_T_A,2655781
blk2245,5,275,ssa05_2656992_C_G,2656992
blk2246,5,276,ssa05_2673626_A_T,2673626
blk2247,5,277,ssa05_2675397_G_C,2675397
blk2248,5,278,ssa05_2680489_T_A,2680489
blk2249,5,279,ssa05_2690653_C_G,2690653
blk2250,5,280,ssa05_2697721_A_T,2697721
blk2251,5,281,ssa05_2714327_G_C,2714327
blk2252,5,282,ssa05_2720765_T_A,2720765
blk2253,5,283,ssa05_2736862_C_G,2736862
blk2254,5,284,ssa05_2750683_A_T,2750683
blk2255,5,285,ssa05_2770770_G_C,2770770
blk2256,5,286,ssa05_2775247_T_A,2775247
blk2257,5,287,ssa05_2787395_C_G,2787395
blk2258,5,288,ssa05_2792860_A_T,2792860
blk2259,5,289,ssa05_2793360_G_C,2793360
blk2260,5,290,ssa05_2811050_T_A,2811050
blk2261,5,291,ssa05_2818626_C_G,2818626
blk2262,5,292,ssa05_2819429_A_T,2819429
blk2263,5,293,ssa05_2825144_G_C,2825144
blk2264,5,294,ssa05_2829141_T_A,2829141
blk2265,5,295,ssa05_2832781_C_G,2832781
blk2266,5,296,ssa05_2844555_A_T,2844555
blk2267,5,297,ssa05_2854441_G_C,2854441
blk2268,5,298,ssa05_2873495_T_A,2873495
blk2269,5,299,ssa05_2878781_C_G,2878781
blk2270,5,300,ssa05_2900435_A_T,2900435
blk2271,5,301,ssa05_2905451_G_C,2905451
blk2272,5,302,ssa05_2907047_T_A,2907047
blk2273,5,303,ssa05_2910500_C_G,2910500
blk2273,5,304,ssa05_2910505_A_T,2910505
blk2274,5,305,ssa05_2912955_G_C,2912955
blk2275,5,306,ssa05_2913569_T_A,2913569
blk2276,5,307,ssa05_2914136_C_G,2914136
blk2277,5,308,ssa05_2927676_A_T,2927676
blk2278,5,309,ssa05_2974006_G_C,2974006
blk2279,5,310,ssa05_2986389_T_A,2986389
blk2280,5,311,ssa05_2991963_C_G,2991963
blk2281,5,312,ssa05_2993973_A_T,2993973
blk2282,5,313,ssa05_3002526_G_C,3002526
blk2283,5,314,ssa05_3011988_T_A,3011988
blk2284,5,315,ssa05_3025158_C_G,3025158
blk2285,5,316,ssa05_3053664_A_T,3053664
blk2286,5,317,ssa05_3082183_G_C,3082183
blk2287,5,318,ssa05_3088004_T_A,3088004
blk2288,5,319,ssa05_3091568_C_G,3091568
blk2289,5,320,ssa05_3094270_A_T,3094270
blk2290,5,321,ssa05_3095876_G_C,3095876
blk2291,5,322,ssa05_3121739_T_A,3121739
blk2292,5,323,ssa05_3122477_C_G,3122477
blk2293,5,324,ssa05_3130966_A_T,3130966
blk2294,5,325,ssa05_3145818_G_C,3145818
blk2295,5,326,ssa05_3185540_T_A,3185540
blk2296,5,327,ssa05_3196235_C_G,3196235
blk2297,5,328,ssa05_3197075_A_T,3197075
blk2298,5,329,ssa05_3213537_G_C,3213537
blk2299,5,330,ssa05_3213887_T_A,3213887
blk2300,5,331,ssa05_3224100_C_G,3224100
blk2301,5,332,ssa05_3231602_A_T,3231602
blk2302,5,333,ssa05_3240425_G_C,3240425
blk2303,5,334,ssa05_3257557_T_A,3257557
blk2304,5,335,ssa05_3258112_C_G,3258112
blk2305,5,336,ssa05_3268793_A_T,3268793
blk2306,5,337,ssa05_3285102_G_C,3285102
blk2307,5,338,ssa05_3325513_T_A,3325513
blk2308,5,339,ssa05_3340091_C_G,3340091
blk2309,5,340,ssa05_3352486_A_T,3352486
blk2310,5,341,ssa05_3365183_G_C,3365183
blk2311,5,342,ssa05_3374326_T_A,3374326
blk2312,5,343,ssa05_3375126_C_G,3375126
blk2313,5,344,ssa05_3406282_A_T,3406282
blk2314,5,345,ssa05_3406936_G_C,3406936
blk2315,5,346,ssa05_3431436_T_A,3431436
blk2316,5,347,ssa05_3431723_C_G,3431723
blk2317,5,348,ssa05_3447706_A_T,3447706
blk2318,5,349,ssa05_3448200_G_C,3448200
blk2319,5,350,ssa05_3454555_T_A,3454555
blk2320,5,351,ssa05_3472921_C_G,3472921
blk2321,5,352,ssa05_3486985_A_T,3486985
blk2322,5,353,ssa05_3497853_G_C,3497853
blk2323,5,354,ssa05_3503527_T_A,3503527
blk2324,5,355,ssa05_3507262_C_G,3507262
blk2325,5,356,ssa05_3530445_A_T,3530445
blk2326,5,357,ssa05_3540530_G_C,3540530
blk2327,5,358,ssa05_3549759_T_A,3549759
blk2328,5,359,ssa05_3576777_C_G,3576777
blk2329,5,360,ssa05_3584205_A_T,3584205
blk2330,5,361,ssa05_3587447_G_C,3587447
blk2331,5,362,ssa05_3592288_T_A,3592288
blk2332,5,363,ssa05_3606856_C_G,3606856
blk2333,5,364,ssa05_3611551_A_T,3611551
blk2334,5,365,ssa05_3623165_G_C,3623165
blk2335,5,366,ssa05_3624250_T_A,3624250
blk2336,5,367,ssa05_3624704_C_G,3624704
blk2337,5,368,ssa05_3630333_A_T,3630333
blk2338,5,369,ssa05_3639848_G_C,3639848
blk2339,5,370,ssa05_3649641_T_A,3649641
blk2340,5,371,ssa05_3652843_C_G,3652843
blk2341,5,372,ssa05_3657505_A_T,3657505
blk2342,5,373,ssa05_3672794_G_C,3672794
blk2343,5,374,ssa05_3693665_T_A,3693665
blk2344,5,375,ssa05_3697570_C_G,3697570
blk2345,5,376,ssa05_3712735_A_T,3712735
blk2346,5,377,ssa05_3718668_G_C,3718668
blk2346,5,378,ssa05_3718689_T_A,3718689
blk2347,5,379,ssa05_3737027_C_G,3737027
blk2348,5,380,ssa05_3745105_A_T,3745105
blk2349,5,381,ssa05_3757541_G_C,3757541
blk2350,5,382,ssa05_3773482_T_A,3773482
blk2351,5,383,ssa05_3776881_C_G,3776881
blk2352,5,384,ssa05_3787042_A_T,3787042
blk2353,5,385,ssa05_3804237_G_C,3804237
blk2354,5,386,ssa05_3843766_T_A,3843766
blk2355,5,387,ssa05_3847231_C_G,3847231
blk2356,5,388,ssa05_3848895_A_T,3848895
blk2357,5,389,ssa05_3852068_G_C,3852068
blk2358,5,390,ssa05_3871523_T_A,3871523
blk2359,5,391,ssa05_3884555_C_G,3884555
blk2360,5,392,ssa05_3903332_A_T,3903332
blk2361,5,393,ssa05_3941637_G_C,3941637
blk2362,5,394,ssa05_3955974_T_A,3955974
blk2363,5,395,ssa05_3959951_C_G,3959951
blk2364,5,396,ssa05_3972776_A_T,3972776
blk2365,5,397,ssa05_3977269_G_C,3977269
blk2366,5,398,ssa05_3988424_T_A,3988424
blk2367,5,399,ssa05_3998386_C_G,3998386
blk2368,5,400,ssa05_4005635_A_T,4005635
blk2369,5,401,ssa05_4017440_G_C,4017440
blk2370,5,402,ssa05_4030997_T_A,4030997
blk2371,5,403,ssa05_4036529_C_G,4036529
blk2372,5,404,ssa05_4041919_A_T,4041919
blk2373,5,405,ssa05_4044621_G_C,4044621
blk2374,5,406,ssa05_4061650_T_A,4061650
blk2375,5,407,ssa05_4064312_C_G,4064312
blk2376,5,408,ssa05_4094843_A_T,4094843
blk2377,5,409,ssa05_4127044_G_C,4127044
blk2378,5,410,ssa05_4136726_T_A,4136726
blk2379,5,411,ssa05_4139809_C_G,4139809
blk2380,5,412,ssa05_4154786_A_T,4154786
blk2381,5,413,ssa05_4178582_G_C,4178582
blk2382,5,414,ssa05_4187188_T_A,4187188
blk2383,5,415,ssa05_4202430_C_G,4202430
blk2384,5,416,ssa05_4214006_A_T,4214006
blk2385,5,417,ssa05_4221210_G_C,4221210
blk2386,5,418,ssa05_4221617_T_A,4221617
blk2387,5,419,ssa05_4228078_C_G,4228078
blk2388,5,420,ssa05_4235610_A_T,4235610
blk2389,5,421,ssa05_4250844_G_C,4250844
blk2390,5,422,ssa05_4258833_T_A,4258833
blk2391,5,423,ssa05_4270003_C_G,4270003
blk2392,5,424,ssa05_4287706_A_T,4287706
blk2393,5,425,ssa05_4293543_G_C,4293543
blk2394,5,426,ssa05_4293992_T_A,4293992
blk2395,5,427,ssa05_4304532_C_G,4304532
blk2395,5,428,ssa05_4304639_A_T,4304639
blk2396,5,429,ssa05_4326749_G_C,4326749
blk2397,5,430,ssa05_4332710_T_A,4332710
blk2398,5,431,ssa05_4334536_C_G,4334536
blk2399,5,432,ssa05_4346857_A_T,4346857
blk2400,5,433,ssa05_4354720_G_C,4354720
blk2401,5,434,ssa05_4356580_T_A,4356580
blk2402,5,435,ssa05_4359479_C_G,4359479
blk2403,5,436,ssa05_4375233_A_T,4375233
blk2404,5,437,ssa05_4383265_G_C,4383265
blk2405,5,438,ssa05_4384736_T_A,4384736
blk2406,5,439,ssa05_4392720_C_G,4392720
blk2407,5,440,ssa05_4402695_A_T,4402695
blk2408,5,441,ssa05_4404241_G_C,4404241
blk2409,5,442,ssa05_4407535_T_A,4407535
blk2410,5,443,ssa05_4412341_C_G,4412341
blk2411,5,444,ssa05_4437766_A_T,4437766
blk2412,5,445,ssa05_4438481_G_C,4438481
blk2413,5,446,ssa05_4457331_T_A,4457331
blk2414,5,447,ssa05_4471026_C_G,4471026
blk2415,5,448,ssa05_4504442_A_T,4504442
blk2416,5,449,ssa05_4514096_G_C,4514096
blk2417,5,450,ssa05_4523313_T_A,4523313
blk2418,5,451,ssa05_4527534_C_G,4527534
blk2419,5,452,ssa05_4529485_A_T,4529485
blk2420,5,453,ssa05_4531810_G_C,4531810
blk2421,5,454,ssa05_4579625_T_A,4579625
blk2422,5,455,ssa05_4581362_C_G,4581362
blk2423,5,456,ssa05_4587443_A_T,4587443
blk2424,5,457,ssa05_4594190_G_C,4594190
blk2425,5,458,ssa05_4594924_T_A,4594924
blk2426,5,459,ssa05_4609006_C_G,4609006
blk2427,5,460,ssa05_4613409_A_T,4613409
blk2428,5,461,ssa05_4618581_G_C,4618581
blk2429,5,462,ssa05_4620028_T_A,4620028
blk2430,5,463,ssa05_4632470_C_G,4632470
blk2431,5,464,ssa05_4649062_A_T,4649062
blk2432,5,465,ssa05_4654114_G_C,4654114
blk2433,5,466,ssa05_4689147_T_A,4689147
blk2434,5,467,ssa05_4695665_C_G,4695665
blk2435,5,468,ssa05_4701538_A_T,4701538
blk2436,5,469,ssa05_4705892_G_C,4705892
blk2437,5,470,ssa05_4739215_T_A,4739215
blk2438,5,471,ssa05_4752186_C_G,4752186
blk2439,5,472,ssa05_4763259_A_T,4763259
blk2440,5,473,ssa05_4775633_G_C,4775633
blk2441,5,474,ssa05_4780813_T_A,4780813
blk2442,5,475,ssa05_4811594_C_G,4811594
blk2443,5,476,ssa05_4841010_A_T,4841010
blk2444,5,477,ssa05_4853025_G_C,4853025
blk2445,5,478,ssa05_4865675_T_A,4865675
blk2446,5,479,ssa05_4875071_C_G,4875071
blk2447,5,480,ssa05_4875835_A_T,4875835
blk2448,5,481,ssa05_4877048_G_C,4877048
blk2449,5,482,ssa05_4891771_T_A,4891771
blk2450,5,483,ssa05_4893307_C_G,4893307
blk2451,5,484,ssa05_4896219_A_T,4896219
blk2452,5,485,ssa05_4917761_G_C,4917761
blk2453,5,486,ssa05_4918173_T_A,4918173
blk2454,5,487,ssa05_4935934_C_G,4935934
blk2455,5,488,ssa05_4936362_A_T,4936362
blk2456,5,489,ssa05_4938078_G_C,4938078
blk2457,5,490,ssa05_4946954_T_A,4946954
blk2458,5,491,ssa05_4952463_C_G,4952463
blk2459,5,492,ssa05_4961677_A_T,4961677
blk2460,5,493,ssa05_4962097_G_C,4962097
blk2461,5,494,ssa05_4962838_T_A,4962838
blk2462,5,495,ssa05_4964335_C_G,4964335
blk2463,5,496,ssa05_4969776_A_T,4969776
blk2464,5,497,ssa05_4971938_G_C,4971938
blk2465,5,498,ssa05_4974895_T_A,4974895
blk2466,5,499,ssa05_4983484_C_G,4983484
blk2467,6,0,ssa06_10842_A_T,10842
blk2468,6,1,ssa06_27276_G_C,27276
blk2469,6,2,ssa06_43179_T_A,43179
blk2470,6,3,ssa06_50411_C_G,50411
blk2471,6,4,ssa06_62174_A_T,62174
blk2472,6,5,ssa06_83726_G_C,83726
blk2473,6,6,ssa06_96802_T_A,96802
blk2474,6,7,ssa06_99967_C_G,99967
blk2475,6,8,ssa06_101330_A_T,101330
blk2476,6,9,ssa06_105553_G_C,105553
blk2477,6,10,ssa06_113148_T_A,113148
blk2478,6,11,ssa06_114292_C_G,114292
blk2479,6,12,ssa06_116722_A_T,116722
blk2480,6,13,ssa06_130973_G_C,130973
blk2481,6,14,ssa06_133597_T_A,133597
blk2482,6,15,ssa06_147665_C_G,147665
blk2483,6,16,ssa06_157200_A_T,157200
blk2484,6,17,ssa06_157921_G_C,157921
blk2485,6,18,ssa06_172194_T_A,172194
blk2486,6,19,ssa06_177667_C_G,177667
blk2487,6,20,ssa06_201196_A_T,201196
blk2488,6,21,ssa06_208813_G_C,208813
blk2489,6,22,ssa06_209338_T_A,209338
blk2490,6,23,ssa06_209861_C_G,209861
blk2491,6,24,ssa06_211250_A_T,211250
blk2492,6,25,ssa06_216740_G_C,216740
blk2493,6,26,ssa06_222863_T_A,222863
blk2494,6,27,ssa06_229527_C_G,229527
blk2495,6,28,ssa06_234654_A_T,234654
blk2496,6,29,ssa06_242921_G_C,242921
blk2497,6,30,ssa06_245195_T_A,245195
blk2498,6,31,ssa06_248363_C_G,248363
blk2499,6,32,ssa06_252702_A_T,252702
blk2500,6,33,ssa06_254280_G_C,254280
blk2501,6,34,ssa06_271388_T_A,271388
blk2502,6,35,ssa06_285803_C_G,285803
blk2503,6,36,ssa06_286772_A_T,286772
blk2504,6,37,ssa06_303734_G_C,303734
blk2505,6,38,ssa06_312673_T_A,312673
blk2506,6,39,ssa06_318124_C_G,318124
blk2507,6,40,ssa06_322219_A_T,322219
blk2508,6,41,ssa06_327425_G_C,327425
blk2509,6,42,ssa06_354881_T_A,354881
blk2510,6,43,ssa06_372658_C_G,372658
blk2511,6,44,ssa06_393108_A_T,393108
blk2512,6,45,ssa06_395841_G_C,395841
blk2513,6,46,ssa06_401837_T_A,401837
blk2514,6,47,ssa06_444223_C_G,444223
blk2515,6,48,ssa06_445077_A_T,445077
blk2516,6,49,ssa06_449113_G_C,449113
blk2517,6,50,ssa06_464109_T_A,464109
blk2518,6,51,ssa06_471452_C_G,471452
blk2519,6,52,ssa06_479650_A_T,479650
blk2520,6,53,ssa06_496250_G_C,496250
blk2521,6,54,ssa06_516643_T_A,516643
blk2522,6,55,ssa06_518836_C_G,518836
blk2523,6,56,ssa06_520724_A_T,520724
blk2524,6,57,ssa06_529508_G_C,529508
blk2525,6,58,ssa06_543932_T_A,543932
blk2526,6,59,ssa06_551874_C_G,551874
blk2527,6,60,ssa06_557791_A_T,557791
blk2528,6,61,ssa06_560300_G_C,560300
blk2529,6,62,ssa06_570309_T_A,570309
blk2530,6,63,ssa06_593169_C_G,593169
blk2531,6,64,ssa06_598666_A_T,598666
blk2532,6,65,ssa06_620103_G_C,620103
blk2533,6,66,ssa06_636662_T_A,636662
blk2534,6,67,ssa06_638549_C_G,638549
blk2535,6,68,ssa06_663184_A_T,663184
blk2536,6,69,ssa06_664564_G_C,664564
blk2537,6,70,ssa06_670092_T_A,670092
blk2538,6,71,ssa06_695840_C_G,695840
blk2539,6,72,ssa06_703067_A_T,703067
blk2540,6,73,ssa06_719345_G_C,719345
blk2541,6,74,ssa06_722222_T_A,722222
blk2542,6,75,ssa06_740016_C_G,740016
blk2543,6,76,ssa06_745530_A_T,745530
blk2544,6,77,ssa06_786428_G_C,786428
blk2545,6,78,ssa06_799593_T_A,799593
blk2546,6,79,ssa06_809959_C_G,809959
blk2547,6,80,ssa06_811925_A_T,811925
blk2548,6,81,ssa06_812067_G_C,812067
blk2549,6,82,ssa06_827843_T_A,827843
blk2550,6,83,ssa06_831868_C_G,831868
blk2551,6,84,ssa06_840551_A_T,840551
blk2552,6,85,ssa06_842372_G_C,842372
blk2553,6,86,ssa06_852685_T_A,852685
blk2554,6,87,ssa06_897671_C_G,897671
blk2555,6,88,ssa06_936933_A_T,936933
blk2556,6,89,ssa06_952164_G_C,952164
blk2557,6,90,ssa06_953381_T_A,953381
blk2558,6,91,ssa06_975092_C_G,975092
blk2559,6,92,ssa06_1012998_A_T,1012998
blk2560,6,93,ssa06_1028952_G_C,1028952
blk2561,6,94,ssa06_1035039_T_A,1035039
blk2562,6,95,ssa06_1043458_C_G,1043458
blk2563,6,96,ssa06_1055049_A_T,1055049
blk2564,6,97,ssa06_1056674_G_C,1056674
blk2565,6,98,ssa06_1057376_T_A,1057376
blk2566,6,99,ssa06_1068728_C_G,1068728
blk2567,6,100,ssa06_1091599_A_T,1091599
blk2568,6,101,ssa06_1130855_G_C,1130855
blk2568,6,102,ssa06_1130945_T_A,1130945
blk2569,6,103,ssa06_1158198_C_G,1158198
blk2570,6,104,ssa06_1158620_A_T,1158620
blk2571,6,105,ssa06_1162135_G_C,1162135
blk2572,6,106,ssa06_1175800_T_A,1175800
blk2573,6,107,ssa06_1192082_C_G,1192082
blk2574,6,108,ssa06_1200300_A_T,1200300
blk2575,6,109,ssa06_1206513_G_C,1206513
blk2576,6,110,ssa06_1212017_T_A,1212017
blk2577,6,111,ssa06_1230800_C_G,1230800
blk2578,6,112,ssa06_1239310_A_T,1239310
blk2579,6,113,ssa06_1241044_G_C,1241044
blk2580,6,114,ssa06_1256858_T_A,1256858
blk2581,6,115,ssa06_1261551_C_G,1261551
blk2582,6,116,ssa06_1265120_A_T,1265120
blk2583,6,117,ssa06_1276327_G_C,1276327
blk2584,6,118,ssa06_1277979_T_A,1277979
blk2585,6,119,ssa06_1286452_C_G,1286452
blk2586,6,120,ssa06_1300948_A_T,1300948
blk2587,6,121,ssa06_1316458_G_C,1316458
blk2588,6,122,ssa06_1331370_T_A,1331370
blk2589,6,123,ssa06_1336999_C_G,1336999
blk2590,6,124,ssa06_1337147_A_T,1337147
blk2591,6,125,ssa06_1345457_G_C,1345457
blk2592,6,126,ssa06_1358143_T_A,1358143
blk2593,6,127,ssa06_1364591_C_G,1364591
blk2594,6,128,ssa06_1385272_A_T,1385272
blk2595,6,129,ssa06_1394679_G_C,1394679
blk2596,6,130,ssa06_1396323_T_A,1396323
blk2597,6,131,ssa06_1404140_C_G,1404140
blk2598,6,132,ssa06_1406516_A_T,1406516
blk2599,6,133,ssa06_1427535_G_C,1427535
blk2600,6,134,ssa06_1430682_T_A,1430682
blk2601,6,135,ssa06_1444124_C_G,1444124
blk2602,6,136,ssa06_1474730_A_T,1474730
blk2603,6,137,ssa06_1477479_G_C,1477479
blk2604,6,138,ssa06_1513104_T_A,1513104
blk2605,6,139,ssa06_1524797_C_G,1524797
blk2606,6,140,ssa06_1528189_A_T,1528189
blk2607,6,141,ssa06_1530214_G_C,1530214
blk2608,6,142,ssa06_1553342_T_A,1553342
blk2609,6,143,ssa06_1554946_C_G,1554946
blk2610,6,144,ssa06_1559354_A_T,1559354
blk2611,6,145,ssa06_1560029_G_C,1560029
blk2612,6,146,ssa06_1563160_T_A,1563160
blk2613,6,147,ssa06_1564650_C_G,1564650
blk2614,6,148,ssa06_1566407_A_T,1566407
blk2615,6,149,ssa06_1568575_G_C,1568575
blk2616,6,150,ssa06_1569721_T_A,1569721
blk2617,6,151,ssa06_1570465_C_G,1570465
blk2618,6,152,ssa06_1586058_A_T,1586058
blk2619,6,153,ssa06_1587112_G_C,1587112
blk2620,6,154,ssa06_1587619_T_A,1587619
blk2621,6,155,ssa06_1623767_C_G,1623767
blk2622,6,156,ssa06_1624226_A_T,1624226
blk2623,6,157,ssa06_1626148_G_C,1626148
blk2624,6,158,ssa06_1628136_T_A,1628136
blk2625,6,159,ssa06_1629421_C_G,1629421
blk2626,6,160,ssa06_1633994_A_T,1633994
blk2627,6,161,ssa06_1635633_G_C,1635633
blk2628,6,162,ssa06_1636270_T_A,1636270
blk2629,6,163,ssa06_1673764_C_G,1673764
blk2630,6,164,ssa06_1687470_A_T,1687470
blk2631,6,165,ssa06_1700388_G_C,1700388
blk2632,6,166,ssa06_1767075_T_A,1767075
blk2633,6,167,ssa06_1773106_C_G,1773106
blk2634,6,168,ssa06_1793235_A_T,1793235
blk2635,6,169,ssa06_1818284_G_C,1818284
blk2636,6,170,ssa06_1820948_T_A,1820948
blk2637,6,171,ssa06_1823171_C_G,1823171
blk2638,6,172,ssa06_1834013_A_T,1834013
blk2639,6,173,ssa06_1837930_G_C,1837930
blk2640,6,174,ssa06_1846808_T_A,1846808
blk2641,6,175,ssa06_1855915_C_G,1855915
blk2642,6,176,ssa06_1862252_A_T,1862252
blk2643,6,177,ssa06_1873277_G_C,1873277
blk2644,6,178,ssa06_1877034_T_A,1877034
blk2645,6,179,ssa06_1888777_C_G,1888777
blk2646,6,180,ssa06_1891251_A_T,1891251
blk2647,6,181,ssa06_1913340_G_C,1913340
blk2648,6,182,ssa06_1925375_T_A,1925375
blk2649,6,183,ssa06_1934217_C_G,1934217
blk2650,6,184,ssa06_1946778_A_T,1946778
blk2651,6,185,ssa06_1948004_G_C,1948004
blk2652,6,186,ssa06_1970300_T_A,1970300
blk2653,6,187,ssa06_1973053_C_G,1973053
blk2654,6,188,ssa06_1982477_A_T,1982477
blk2655,6,189,ssa06_1984562_G_C,1984562
blk2656,6,190,ssa06_1993497_T_A,1993497
blk2657,6,191,ssa06_1995196_C_G,1995196
blk2658,6,192,ssa06_1997118_A_T,1997118
blk2659,6,193,ssa06_1998717_G_C,1998717
blk2660,6,194,ssa06_2018401_T_A,2018401
blk2661,6,195,ssa06_2029910_C_G,2029910
blk2662,6,196,ssa06_2037848_A_T,2037848
blk2663,6,197,ssa06_2039032_G_C,2039032
blk2664,6,198,ssa06_2039229_T_A,2039229
blk2665,6,199,ssa06_2040480_C_G,2040480
blk2666,6,200,ssa06_2042970_A_T,2042970
blk2667,6,201,ssa06_2046048_G_C,2046048
blk2668,6,202,ssa06_2054935_T_A,2054935
blk2668,6,203,ssa06_2055010_C_G,2055010
blk2669,6,204,ssa06_2057958_A_T,2057958
blk2670,6,205,ssa06_2084145_G_C,2084145
blk2671,6,206,ssa06_2095535_T_A,2095535
blk2672,6,207,ssa06_2110899_C_G,2110899
blk2673,6,208,ssa06_2116931_A_T,2116931
blk2674,6,209,ssa06_2130148_G_C,2130148
blk2675,6,210,ssa06_2144476_T_A,2144476
blk2676,6,211,ssa06_2144607_C_G,2144607
blk2677,6,212,ssa06_2145253_A_T,2145253
blk2678,6,213,ssa06_2147297_G_C,2147297
blk2679,6,214,ssa06_2163266_T_A,2163266
blk2680,6,215,ssa06_2168032_C_G,2168032
blk2681,6,216,ssa06_2176372_A_T,2176372
blk2682,6,217,ssa06_2181375_G_C,2181375
blk2683,6,218,ssa06_2190578_T_A,2190578
blk2684,6,219,ssa06_2206393_C_G,2206393
blk2685,6,220,ssa06_2208822_A_T,2208822
blk2686,6,221,ssa06_2229255_G_C,2229255
blk2687,6,222,ssa06_2275933_T_A,2275933
blk2688,6,223,ssa06_2284935_C_G,2284935
blk2689,6,224,ssa06_2300537_A_T,2300537
blk2690,6,225,ssa06_2301133_G_C,2301133
blk2691,6,226,ssa06_2311477_T_A,2311477
blk2692,6,227,ssa06_2314506_C_G,2314506
blk2693,6,228,ssa06_2315025_A_T,2315025
blk2694,6,229,ssa06_2319319_G_C,2319319
blk2695,6,230,ssa06_2322423_T_A,2322423
blk2696,6,231,ssa06_2326662_C_G,2326662
blk2697,6,232,ssa06_2336874_A_T,2336874
blk2698,6,233,ssa06_2361094_G_C,2361094
blk2699,6,234,ssa06_2365260_T_A,2365260
blk2700,6,235,ssa06_2370042_C_G,2370042
blk2701,6,236,ssa06_2382237_A_T,2382237
blk2702,6,237,ssa06_2392218_G_C,2392218
blk2703,6,238,ssa06_2400771_T_A,2400771
blk2704,6,239,ssa06_2401656_C_G,2401656
blk2705,6,240,ssa06_2402594_A_T,2402594
blk2706,6,241,ssa06_2435230_G_C,2435230
blk2707,6,242,ssa06_2443467_T_A,2443467
blk2708,6,243,ssa06_2472213_C_G,2472213
blk2709,6,244,ssa06_2476960_A_T,2476960
blk2710,6,245,ssa06_2480221_G_C,2480221
blk2711,6,246,ssa06_2498370_T_A,2498370
blk2712,6,247,ssa06_2510727_C_G,2510727
blk2713,6,248,ssa06_2523868_A_T,2523868
blk2714,6,249,ssa06_2533378_G_C,2533378
blk2715,6,250,ssa06_2542076_T_A,2542076
blk2716,6,251,ssa06_2559505_C_G,2559505
blk2717,6,252,ssa06_2567741_A_T,2567741
blk2718,6,253,ssa06_2582972_G_C,2582972
blk2719,6,254,ssa06_2607288_T_A,2607288
blk2720,6,255,ssa06_2607498_C_G,2607498
blk2721,6,256,ssa06_2647905_A_T,2647905
blk2722,6,257,ssa06_2662198_G_C,2662198
blk2723,6,258,ssa06_2664723_T_A,2664723
blk2724,6,259,ssa06_2665485_C_G,2665485
blk2725,6,260,ssa06_2673466_A_T,2673466
blk2726,6,261,ssa06_2681676_G_C,2681676
blk2727,6,262,ssa06_2696728_T_A,2696728
blk2728,6,263,ssa06_2700345_C_G,2700345
blk2729,6,264,ssa06_2718513_A_T,2718513
blk2730,6,265,ssa06_2731439_G_C,2731439
blk2731,6,266,ssa06_2759380_T_A,2759380
blk2732,6,267,ssa06_2765281_C_G,2765281
blk2733,6,268,ssa06_2772123_A_T,2772123
blk2734,6,269,ssa06_2776188_G_C,2776188
blk2735,6,270,ssa06_2779170_T_A,2779170
blk2736,6,271,ssa06_2781054_C_G,2781054
blk2737,6,272,ssa06_2796415_A_T,2796415
blk2738,6,273,ssa06_2804299_G_C,2804299
blk2739,6,274,ssa06_2810724_T_A,2810724
blk2740,6,275,ssa06_2829654_C_G,2829654
blk2741,6,276,ssa06_2835653_A_T,2835653
blk2742,6,277,ssa06_2857220_G_C,2857220
blk2743,6,278,ssa06_2866059_T_A,2866059
blk2744,6,279,ssa06_2866956_C_G,2866956
blk2745,6,280,ssa06_2868710_A_T,2868710
blk2746,6,281,ssa06_2878153_G_C,2878153
blk2747,6,282,ssa06_2896009_T_A,2896009
blk2748,6,283,ssa06_2896286_C_G,2896286
blk2749,6,284,ssa06_2906186_A_T,2906186
blk2750,6,285,ssa06_2942406_G_C,2942406
blk2751,6,286,ssa06_2966684_T_A,2966684
blk2752,6,287,ssa06_2987392_C_G,2987392
blk2753,6,288,ssa06_3033577_A_T,3033577
blk2754,6,289,ssa06_3036404_G_C,3036404
blk2755,6,290,ssa06_3051516_T_A,3051516
blk2756,6,291,ssa06_3051822_C_G,3051822
blk2757,6,292,ssa06_3076606_A_T,3076606
blk2758,6,293,ssa06_3094064_G_C,3094064
blk2759,6,294,ssa06_3102616_T_A,3102616
blk2760,6,295,ssa06_3110297_C_G,3110297
blk2761,6,296,ssa06_3113004_A_T,3113004
blk2762,6,297,ssa06_3115025_G_C,3115025
blk2763,6,298,ssa06_3135092_T_A,3135092
blk2764,6,299,ssa06_3174390_C_G,3174390
blk2765,6,300,ssa06_3178361_A_T,3178361
blk2766,6,301,ssa06_3179962_G_C,3179962
blk2767,6,302,ssa06_3186705_T_A,3186705
blk2768,6,303,ssa06_3190104_C_G,3190104
blk2769,6,304,ssa06_3197326_A_T,3197326
blk2770,6,305,ssa06_3201750_G_C,3201750
blk2771,6,306,ssa06_3207953_T_A,3207953
blk2772,6,307,ssa06_3208666_C_G,3208666
blk2773,6,308,ssa06_3209156_A_T,3209156
blk2774,6,309,ssa06_3218071_G_C,3218071
blk2775,6,310,ssa06_3223728_T_A,3223728
blk2776,6,311,ssa06_3229194_C_G,3229194
blk2777,6,312,ssa06_3238253_A_T,3238253
blk2778,6,313,ssa06_3275434_G_C,3275434
blk2779,6,314,ssa06_3279027_T_A,3279027
blk2780,6,315,ssa06_3281480_C_G,3281480
blk2781,6,316,ssa06_3285251_A_T,3285251
blk2782,6,317,ssa06_3293020_G_C,3293020
blk2783,6,318,ssa06_3295385_T_A,3295385
blk2784,6,319,ssa06_3296696_C_G,3296696
blk2785,6,320,ssa06_3301092_A_T,3301092
blk2786,6,321,ssa06_3311445_G_C,3311445
blk2787,6,322,ssa06_3313652_T_A,3313652
blk2788,6,323,ssa06_3315854_C_G,3315854
blk2789,6,324,ssa06_3320148_A_T,3320148
blk2790,6,325,ssa06_3322279_G_C,3322279
blk2791,6,326,ssa06_3329376_T_A,3329376
blk2792,6,327,ssa06_3334613_C_G,3334613
blk2793,6,328,ssa06_3340971_A_T,3340971
blk2794,6,329,ssa06_3364052_G_C,3364052
blk2795,6,330,ssa06_3366846_T_A,3366846
blk2796,6,331,ssa06_3369969_C_G,3369969
blk2797,6,332,ssa06_3402316_A_T,3402316
blk2798,6,333,ssa06_3429316_G_C,3429316
blk2799,6,334,ssa06_3440380_T_A,3440380
blk2800,6,335,ssa06_3443553_C_G,3443553
blk2801,6,336,ssa06_3445776_A_T,3445776
blk2802,6,337,ssa06_3453297_G_C,3453297
blk2803,6,338,ssa06_3455756_T_A,3455756
blk2804,6,339,ssa06_3479239_C_G,3479239
blk2805,6,340,ssa06_3483329_A_T,3483329
blk2806,6,341,ssa06_3484224_G_C,3484224
blk2807,6,342,ssa06_3486243_T_A,3486243
blk2808,6,343,ssa06_3489175_C_G,3489175
blk2809,6,344,ssa06_3499642_A_T,3499642
blk2810,6,345,ssa06_3500802_G_C,3500802
blk2811,6,346,ssa06_3504141_T_A,3504141
blk2812,6,347,ssa06_3505234_C_G,3505234
blk2813,6,348,ssa06_3513821_A_T,3513821
blk2814,6,349,ssa06_3514253_G_C,3514253
blk2815,6,350,ssa06_3516576_T_A,3516576
blk2816,6,351,ssa06_3517069_C_G,3517069
blk2817,6,352,ssa06_3517958_A_T,3517958
blk2818,6,353,ssa06_3532562_G_C,3532562
blk2819,6,354,ssa06_3532955_T_A,3532955
blk2820,6,355,ssa06_3543471_C_G,3543471
blk2821,6,356,ssa06_3547333_A_T,3547333
blk2822,6,357,ssa06_3573023_G_C,3573023
blk2823,6,358,ssa06_3579431_T_A,3579431
blk2824,6,359,ssa06_3599204_C_G,3599204
blk2825,6,360,ssa06_3600258_A_T,3600258
blk2826,6,361,ssa06_3606203_G_C,3606203
blk2827,6,362,ssa06_3609943_T_A,3609943
blk2828,6,363,ssa06_3621989_C_G,3621989
blk2828,6,364,ssa06_3622089_A_T,3622089
blk2829,6,365,ssa06_3623950_G_C,3623950
blk2830,6,366,ssa06_3637931_T_A,3637931
blk2831,6,367,ssa06_3649139_C_G,3649139
blk2832,6,368,ssa06_3663942_A_T,3663942
blk2833,6,369,ssa06_3669223_G_C,3669223
blk2834,6,370,ssa06_3670598_T_A,3670598
blk2835,6,371,ssa06_3674098_C_G,3674098
blk2836,6,372,ssa06_3676520_A_T,3676520
blk2836,6,373,ssa06_3676543_G_C,3676543
blk2837,6,374,ssa06_3687538_T_A,3687538
blk2838,6,375,ssa06_3688825_C_G,3688825
blk2839,6,376,ssa06_3695770_A_T,3695770
blk2840,6,377,ssa06_3708230_G_C,3708230
blk2841,6,378,ssa06_3712978_T_A,3712978
blk2842,6,379,ssa06_3714182_C_G,3714182
blk2843,6,380,ssa06_3737717_A_T,3737717
blk2844,6,381,ssa06_3739240_G_C,3739240
blk2845,6,382,ssa06_3754693_T_A,3754693
blk2846,6,383,ssa06_3760081_C_G,3760081
blk2847,6,384,ssa06_3771970_A_T,3771970
blk2848,6,385,ssa06_3776089_G_C,3776089
blk2849,6,386,ssa06_3782159_T_A,3782159
blk2850,6,387,ssa06_3792816_C_G,3792816
blk2851,6,388,ssa06_3840447_A_T,3840447
blk2852,6,389,ssa06_3858424_G_C,3858424
blk2853,6,390,ssa06_3859570_T_A,3859570
blk2854,6,391,ssa06_3863018_C_G,3863018
blk2855,6,392,ssa06_3868504_A_T,3868504
blk2856,6,393,ssa06_3877217_G_C,3877217
blk2857,6,394,ssa06_3891171_T_A,3891171
blk2858,6,395,ssa06_3891635_C_G,3891635
blk2859,6,396,ssa06_3893518_A_T,3893518
blk2860,6,397,ssa06_3905226_G_C,3905226
blk2861,6,398,ssa06_3916999_T_A,3916999
blk2862,6,399,ssa06_3919310_C_G,3919310
blk2863,6,400,ssa06_3921742_A_T,3921742
blk2864,6,401,ssa06_3932342_G_C,3932342
blk2865,6,402,ssa06_3938156_T_A,3938156
blk2866,6,403,ssa06_3947689_C_G,3947689
blk2867,6,404,ssa06_3959521_A_T,3959521
blk2868,6,405,ssa06_3966556_G_C,3966556
blk2869,6,406,ssa06_3967853_T_A,3967853
blk2870,6,407,ssa06_3970352_C_G,3970352
blk2871,6,408,ssa06_3977843_A_T,3977843
blk2872,6,409,ssa06_3988578_G_C,3988578
blk2873,6,410,ssa06_3994809_T_A,3994809
blk2874,6,411,ssa06_3995700_C_G,3995700
blk2875,6,412,ssa06_3998791_A_T,3998791
blk2876,6,413,ssa06_3999188_G_C,3999188
blk2877,6,414,ssa06_4005646_T_A,4005646
blk2878,6,415,ssa06_4039755_C_G,4039755
blk2879,6,416,ssa06_4057772_A_T,4057772
blk2880,6,417,ssa06_4064146_G_C,4064146
blk2881,6,418,ssa06_4066306_T_A,4066306
blk2882,6,419,ssa06_4069457_C_G,4069457
blk2883,6,420,ssa06_4082236_A_T,4082236
blk2884,6,421,ssa06_4143132_G_C,4143132
blk2885,6,422,ssa06_4145966_T_A,4145966
blk2886,6,423,ssa06_4160059_C_G,4160059
blk2887,6,424,ssa06_4161440_A_T,4161440
blk2888,6,425,ssa06_4166574_G_C,4166574
blk2889,6,426,ssa06_4173707_T_A,4173707
blk2890,6,427,ssa06_4200921_C_G,4200921
blk2891,6,428,ssa06_4207512_A_T,4207512
blk2892,6,429,ssa06_4237521_G_C,4237521
blk2893,6,430,ssa06_4263550_T_A,4263550
blk2894,6,431,ssa06_4265623_C_G,4265623
blk2895,6,432,ssa06_4266607_A_T,4266607
blk2896,6,433,ssa06_4266794_G_C,4266794
blk2897,6,434,ssa06_4288021_T_A,4288021
blk2898,6,435,ssa06_4295268_C_G,4295268
blk2899,6,436,ssa06_4300332_A_T,4300332
blk2900,6,437,ssa06_4301189_G_C,4301189
blk2901,6,438,ssa06_4324202_T_A,4324202
blk2902,6,439,ssa06_4355543_C_G,4355543
blk2903,6,440,ssa06_4357628_A_T,4357628
blk2904,6,441,ssa06_4365538_G_C,4365538
blk2905,6,442,ssa06_4369742_T_A,4369742
blk2906,6,443,ssa06_4379918_C_G,4379918
blk2907,6,444,ssa06_4381275_A_T,4381275
blk2908,6,445,ssa06_4397009_G_C,4397009
blk2909,6,446,ssa06_4408960_T_A,4408960
blk2910,6,447,ssa06_4411750_C_G,4411750
blk2911,6,448,ssa06_4429579_A_T,4429579
blk2912,6,449,ssa06_4430559_G_C,4430559
blk2913,6,450,ssa06_4437155_T_A,4437155
blk2914,6,451,ssa06_4441315_C_G,4441315
blk2915,6,452,ssa06_4441540_A_T,4441540
blk2916,6,453,ssa06_4458967_G_C,4458967
blk2917,6,454,ssa06_4459727_T_A,4459727
blk2918,6,455,ssa06_4499809_C_G,4499809
blk2919,6,456,ssa06_4513763_A_T,4513763
blk2920,6,457,ssa06_4531761_G_C,4531761
blk2921,6,458,ssa06_4559946_T_A,4559946
blk2922,6,459,ssa06_4570146_C_G,4570146
blk2923,6,460,ssa06_4585809_A_T,4585809
blk2924,6,461,ssa06_4594001_G_C,4594001
blk2925,6,462,ssa06_4599681_T_A,4599681
blk2926,6,463,ssa06_4599816_C_G,4599816
blk2927,6,464,ssa06_4600608_A_T,4600608
blk2928,6,465,ssa06_4636610_G_C,4636610
blk2929,6,466,ssa06_4663594_T_A,4663594
blk2930,6,467,ssa06_4663874_C_G,4663874
blk2931,6,468,ssa06_4664683_A_T,4664683
blk2932,6,469,ssa06_4673481_G_C,4673481
blk2933,6,470,ssa06_4688611_T_A,4688611
blk2934,6,471,ssa06_4692748_C_G,4692748
blk2935,6,472,ssa06_4697378_A_T,4697378
blk2936,6,473,ssa06_4700823_G_C,4700823
blk2937,6,474,ssa06_4714299_T_A,4714299
blk2938,6,475,ssa06_4719484_C_G,4719484
blk2939,6,476,ssa06_4725023_A_T,4725023
blk2940,6,477,ssa06_4733513_G_C,4733513
blk2941,6,478,ssa06_4750778_T_A,4750778
blk2942,6,479,ssa06_4763942_C_G,4763942
blk2943,6,480,ssa06_4767623_A_T,4767623
blk2944,6,481,ssa06_4784842_G_C,4784842
blk2945,6,482,ssa06_4787036_T_A,4787036
blk2946,6,483,ssa06_4792009_C_G,4792009
blk2947,6,484,ssa06_4800206_A_T,4800206
blk2948,6,485,ssa06_4840189_G_C,4840189
blk2949,6,486,ssa06_4844150_T_A,4844150
blk2950,6,487,ssa06_4844285_C_G,4844285
blk2951,6,488,ssa06_4873375_A_T,4873375
blk2952,6,489,ssa06_4878539_G_C,4878539
blk2953,6,490,ssa06_4895525_T_A,4895525
blk2954,6,491,ssa06_4898869_C_G,4898869
blk2955,6,492,ssa06_4919786_A_T,4919786
blk2956,6,493,ssa06_4931213_G_C,4931213
blk2957,6,494,ssa06_4934247_T_A,4934247
blk2958,6,495,ssa06_4944002_C_G,4944002
blk2959,6,496,ssa06_4964711_A_T,4964711
blk2960,6,497,ssa06_4970593_G_C,4970593
blk2961,6,498,ssa06_4972956_T_A,4972956
blk2962,6,499,ssa06_4993492_C_G,4993492
blk2963,7,0,ssa07_8995_A_T,8995
blk2964,7,1,ssa07_10358_G_C,10358
blk2965,7,2,ssa07_22218_T_A,22218
blk2966,7,3,ssa07_40695_C_G,40695
blk2967,7,4,ssa07_46170_A_T,46170
blk2968,7,5,ssa07_58877_G_C,58877
blk2969,7,6,ssa07_66647_T_A,66647
blk2970,7,7,ssa07_70785_C_G,70785
blk2971,7,8,ssa07_72605_A_T,72605
blk2972,7,9,ssa07_76508_G_C,76508
blk2973,7,10,ssa07_95601_T_A,95601
blk2974,7,11,ssa07_111860_C_G,111860
blk2975,7,12,ssa07_113305_A_T,113305
blk2976,7,13,ssa07_120902_G_C,120902
blk2977,7,14,ssa07_131203_T_A,131203
blk2978,7,15,ssa07_141264_C_G,141264
blk2979,7,16,ssa07_168217_A_T,168217
blk2980,7,17,ssa07_179898_G_C,179898
blk2981,7,18,ssa07_186352_T_A,186352
blk2982,7,19,ssa07_198923_C_G,198923
blk2983,7,20,ssa07_227941_A_T,227941
blk2984,7,21,ssa07_232903_G_C,232903
blk2985,7,22,ssa07_235824_T_A,235824
blk2986,7,23,ssa07_239267_C_G,239267
blk2987,7,24,ssa07_242063_A_T,242063
blk2988,7,25,ssa07_247219_G_C,247219
blk2989,7,26,ssa07_251502_T_A,251502
blk2990,7,27,ssa07_265290_C_G,265290
blk2991,7,28,ssa07_271677_A_T,271677
blk2992,7,29,ssa07_282782_G_C,282782
blk2993,7,30,ssa07_288546_T_A,288546
blk2994,7,31,ssa07_290031_C_G,290031
blk2995,7,32,ssa07_302555_A_T,302555
blk2996,7,33,ssa07_312010_G_C,312010
blk2997,7,34,ssa07_315758_T_A,315758
blk2998,7,35,ssa07_328184_C_G,328184
blk2999,7,36,ssa07_332446_A_T,332446
blk3000,7,37,ssa07_333717_G_C,333717
blk3001,7,38,ssa07_351330_T_A,351330
blk3002,7,39,ssa07_352832_C_G,352832
blk3003,7,40,ssa07_377317_A_T,377317
blk3004,7,41,ssa07_404942_G_C,404942
blk3005,7,42,ssa07_405412_T_A,405412
blk3006,7,43,ssa07_444695_C_G,444695
blk3007,7,44,ssa07_458139_A_T,458139
blk3008,7,45,ssa07_469328_G_C,469328
blk3009,7,46,ssa07_470959_T_A,470959
blk3010,7,47,ssa07_479993_C_G,479993
blk3011,7,48,ssa07_484749_A_T,484749
blk3012,7,49,ssa07_487186_G_C,487186
blk3013,7,50,ssa07_507449_T_A,507449
blk3014,7,51,ssa07_530988_C_G,530988
blk3015,7,52,ssa07_548045_A_T,548045
blk3016,7,53,ssa07_550008_G_C,550008
blk3017,7,54,ssa07_553669_T_A,553669
blk3018,7,55,ssa07_557467_C_G,557467
blk3019,7,56,ssa07_575644_A_T,575644
blk3020,7,57,ssa07_581137_G_C,581137
blk3021,7,58,ssa07_591643_T_A,591643
blk3022,7,59,ssa07_592128_C_G,592128
blk3023,7,60,ssa07_594879_A_T,594879
blk3024,7,61,ssa07_596310_G_C,596310
blk3025,7,62,ssa07_602577_T_A,602577
blk3026,7,63,ssa07_604975_C_G,604975
blk3027,7,64,ssa07_605346_A_T,605346
blk3028,7,65,ssa07_610087_G_C,610087
blk3029,7,66,ssa07_613257_T_A,613257
blk3030,7,67,ssa07_614213_C_G,614213
blk3031,7,68,ssa07_621469_A_T,621469
blk3032,7,69,ssa07_664112_G_C,664112
blk3033,7,70,ssa07_669582_T_A,669582
blk3034,7,71,ssa07_670865_C_G,670865
blk3035,7,72,ssa07_681797_A_T,681797
blk3036,7,73,ssa07_697511_G_C,697511
blk3037,7,74,ssa07_698937_T_A,698937
blk3038,7,75,ssa07_708851_C_G,708851
blk3039,7,76,ssa07_721414_A_T,721414
blk3040,7,77,ssa07_726133_G_C,726133
blk3041,7,78,ssa07_753290_T_A,753290
blk3042,7,79,ssa07_758467_C_G,758467
blk3043,7,80,ssa07_768131_A_T,768131
blk3044,7,81,ssa07_770562_G_C,770562
blk3045,7,82,ssa07_777222_T_A,777222
blk3046,7,83,ssa07_778928_C_G,778928
blk3047,7,84,ssa07_789114_A_T,789114
blk3048,7,85,ssa07_809436_G_C,809436
blk3049,7,86,ssa07_817700_T_A,817700
blk3050,7,87,ssa07_834861_C_G,834861
blk3050,7,88,ssa07_834952_A_T,834952
blk3051,7,89,ssa07_837744_G_C,837744
blk3052,7,90,ssa07_850374_T_A,850374
blk3053,7,91,ssa07_855092_C_G,855092
blk3054,7,92,ssa07_856175_A_T,856175
blk3055,7,93,ssa07_867156_G_C,867156
blk3056,7,94,ssa07_887534_T_A,887534
blk3057,7,95,ssa07_891816_C_G,891816
blk3058,7,96,ssa07_894722_A_T,894722
blk3059,7,97,ssa07_895952_G_C,895952
blk3060,7,98,ssa07_932103_T_A,932103
blk3061,7,99,ssa07_935222_C_G,935222
blk3062,7,100,ssa07_936475_A_T,936475
blk3063,7,101,ssa07_961070_G_C,961070
blk3064,7,102,ssa07_970658_T_A,970658
blk3065,7,103,ssa07_984163_C_G,984163
blk3066,7,104,ssa07_990845_A_T,990845
blk3067,7,105,ssa07_1006513_G_C,1006513
blk3068,7,106,ssa07_1007409_T_A,1007409
blk3069,7,107,ssa07_1008153_C_G,1008153
blk3070,7,108,ssa07_1015080_A_T,1015080
blk3071,7,109,ssa07_1021469_G_C,1021469
blk3072,7,110,ssa07_1027897_T_A,1027897
blk3073,7,111,ssa07_1052407_C_G,1052407
blk3074,7,112,ssa07_1059983_A_T,1059983
blk3075,7,113,ssa07_1062459_G_C,1062459
blk3076,7,114,ssa07_1070015_T_A,1070015
blk3077,7,115,ssa07_1070554_C_G,1070554
blk3078,7,116,ssa07_1078115_A_T,1078115
blk3079,7,117,ssa07_1079255_G_C,1079255
blk3080,7,118,ssa07_1087468_T_A,1087468
blk3081,7,119,ssa07_1108600_C_G,1108600
blk3082,7,120,ssa07_1108932_A_T,1108932
blk3083,7,121,ssa07_1131878_G_C,1131878
blk3084,7,122,ssa07_1133153_T_A,1133153
blk3085,7,123,ssa07_1143242_C_G,1143242
blk3086,7,124,ssa07_1154754_A_T,1154754
blk3087,7,125,ssa07_1160970_G_C,1160970
blk3088,7,126,ssa07_1166532_T_A,1166532
blk3089,7,127,ssa07_1171092_C_G,1171092
blk3090,7,128,ssa07_1180794_A_T,1180794
blk3091,7,129,ssa07_1199261_G_C,1199261
blk3092,7,130,ssa07_1204010_T_A,1204010
blk3093,7,131,ssa07_1223389_C_G,1223389
blk3094,7,132,ssa07_1242592_A_T,1242592
blk3095,7,133,ssa07_1246156_G_C,1246156
blk3096,7,134,ssa07_1262481_T_A,1262481
blk3097,7,135,ssa07_1276699_C_G,1276699
blk3098,7,136,ssa07_1301907_A_T,1301907
blk3099,7,137,ssa07_1318281_G_C,1318281
blk3100,7,138,ssa07_1322464_T_A,1322464
blk3101,7,139,ssa07_1325861_C_G,1325861
blk3102,7,140,ssa07_1336853_A_T,1336853
blk3103,7,141,ssa07_1355689_G_C,1355689
blk3104,7,142,ssa07_1357511_T_A,1357511
blk3105,7,143,ssa07_1372287_C_G,1372287
blk3106,7,144,ssa07_1380366_A_T,1380366
blk3107,7,145,ssa07_1414714_G_C,1414714
blk3108,7,146,ssa07_1417850_T_A,1417850
blk3109,7,147,ssa07_1421439_C_G,1421439
blk3110,7,148,ssa07_1421829_A_T,1421829
blk3111,7,149,ssa07_1439106_G_C,1439106
blk3112,7,150,ssa07_1441204_T_A,1441204
blk3113,7,151,ssa07_1447050_C_G,1447050
blk3114,7,152,ssa07_1452694_A_T,1452694
blk3115,7,153,ssa07_1472265_G_C,1472265
blk3116,7,154,ssa07_1477621_T_A,1477621
blk3117,7,155,ssa07_1484411_C_G,1484411
blk3118,7,156,ssa07_1484572_A_T,1484572
blk3119,7,157,ssa07_1490012_G_C,1490012
blk3120,7,158,ssa07_1493475_T_A,1493475
blk3121,7,159,ssa07_1514181_C_G,1514181
blk3122,7,160,ssa07_1534664_A_T,1534664
blk3123,7,161,ssa07_1560437_G_C,1560437
blk3124,7,162,ssa07_1567572_T_A,1567572
blk3125,7,163,ssa07_1569844_C_G,1569844
blk3126,7,164,ssa07_1572081_A_T,1572081
blk3127,7,165,ssa07_1574424_G_C,1574424
blk3128,7,166,ssa07_1586160_T_A,1586160
blk3129,7,167,ssa07_1587399_C_G,1587399
blk3130,7,168,ssa07_1591376_A_T,1591376
blk3131,7,169,ssa07_1596459_G_C,1596459
blk3132,7,170,ssa07_1598023_T_A,1598023
blk3133,7,171,ssa07_1627415_C_G,1627415
blk3134,7,172,ssa07_1629655_A_T,1629655
blk3135,7,173,ssa07_1644864_G_C,1644864
blk3136,7,174,ssa07_1655450_T_A,1655450
blk3137,7,175,ssa07_1657401_C_G,1657401
blk3138,7,176,ssa07_1660237_A_T,1660237
blk3139,7,177,ssa07_1660499_G_C,1660499
blk3140,7,178,ssa07_1670130_T_A,1670130
blk3141,7,179,ssa07_1675599_C_G,1675599
blk3142,7,180,ssa07_1687931_A_T,1687931
blk3143,7,181,ssa07_1688439_G_C,1688439
blk3144,7,182,ssa07_1690968_T_A,1690968
blk3145,7,183,ssa07_1693749_C_G,1693749
blk3146,7,184,ssa07_1702052_A_T,1702052
blk3147,7,185,ssa07_1704428_G_C,1704428
blk3148,7,186,ssa07_1707989_T_A,1707989
blk3149,7,187,ssa07_1726018_C_G,1726018
blk3150,7,188,ssa07_1746491_A_T,1746491
blk3151,7,189,ssa07_1747822_G_C,1747822
blk3152,7,190,ssa07_1748339_T_A,1748339
blk3153,7,191,ssa07_1754182_C_G,1754182
blk3154,7,192,ssa07_1759825_A_T,1759825
blk3155,7,193,ssa07_1762928_G_C,1762928
blk3156,7,194,ssa07_1770572_T_A,1770572
blk3157,7,195,ssa07_1780446_C_G,1780446
blk3158,7,196,ssa07_1781477_A_T,1781477
blk3159,7,197,ssa07_1781869_G_C,1781869
blk3160,7,198,ssa07_1800215_T_A,1800215
blk3161,7,199,ssa07_1802070_C_G,1802070
blk3162,7,200,ssa07_1819624_A_T,1819624
blk3163,7,201,ssa07_1830207_G_C,1830207
blk3164,7,202,ssa07_1866468_T_A,1866468
blk3165,7,203,ssa07_1867251_C_G,1867251
blk3165,7,204,ssa07_1867289_A_T,1867289
blk3166,7,205,ssa07_1877694_G_C,1877694
blk3167,7,206,ssa07_1900152_T_A,1900152
blk3168,7,207,ssa07_1904379_C_G,1904379
blk3169,7,208,ssa07_1911485_A_T,1911485
blk3170,7,209,ssa07_1915297_G_C,1915297
blk3171,7,210,ssa07_1918384_T_A,1918384
blk3172,7,211,ssa07_1918704_C_G,1918704
blk3173,7,212,ssa07_1927312_A_T,1927312
blk3174,7,213,ssa07_1939191_G_C,1939191
blk3175,7,214,ssa07_1939829_T_A,1939829
blk3176,7,215,ssa07_1942271_C_G,1942271
blk3177,7,216,ssa07_1944706_A_T,1944706
blk3178,7,217,ssa07_1960288_G_C,1960288
blk3179,7,218,ssa07_1967650_T_A,1967650
blk3180,7,219,ssa07_1993521_C_G,1993521
blk3181,7,220,ssa07_1997139_A_T,1997139
blk3182,7,221,ssa07_2012437_G_C,2012437
blk3183,7,222,ssa07_2034291_T_A,2034291
blk3184,7,223,ssa07_2034921_C_G,2034921
blk3184,7,224,ssa07_2034959_A_T,2034959
blk3185,7,225,ssa07_2039383_G_C,2039383
blk3186,7,226,ssa07_2074145_T_A,2074145
blk3187,7,227,ssa07_2076858_C_G,2076858
blk3188,7,228,ssa07_2077093_A_T,2077093
blk3189,7,229,ssa07_2080502_G_C,2080502
blk3190,7,230,ssa07_2086488_T_A,2086488
blk3191,7,231,ssa07_2096541_C_G,2096541
blk3192,7,232,ssa07_2099397_A_T,2099397
blk3193,7,233,ssa07_2138529_G_C,2138529
blk3194,7,234,ssa07_2150842_T_A,2150842
blk3195,7,235,ssa07_2161208_C_G,2161208
blk3196,7,236,ssa07_2168953_A_T,2168953
blk3197,7,237,ssa07_2184589_G_C,2184589
blk3198,7,238,ssa07_2189545_T_A,2189545
blk3199,7,239,ssa07_2197315_C_G,2197315
blk3200,7,240,ssa07_2199705_A_T,2199705
blk3201,7,241,ssa07_2203512_G_C,2203512
blk3202,7,242,ssa07_2220486_T_A,2220486
blk3203,7,243,ssa07_2229700_C_G,2229700
blk3204,7,244,ssa07_2230561_A_T,2230561
blk3205,7,245,ssa07_2233672_G_C,2233672
blk3206,7,246,ssa07_2241013_T_A,2241013
blk3207,7,247,ssa07_2241729_C_G,2241729
blk3208,7,248,ssa07_2244076_A_T,2244076
blk3209,7,249,ssa07_2245724_G_C,2245724
blk3210,7,250,ssa07_2250279_T_A,2250279
blk3211,7,251,ssa07_2261954_C_G,2261954
blk3212,7,252,ssa07_2312660_A_T,2312660
blk3213,7,253,ssa07_2319480_G_C,2319480
blk3214,7,254,ssa07_2331282_T_A,2331282
blk3215,7,255,ssa07_2337499_C_G,2337499
blk3216,7,256,ssa07_2338085_A_T,2338085
blk3217,7,257,ssa07_2350236_G_C,2350236
blk3218,7,258,ssa07_2387515_T_A,2387515
blk3219,7,259,ssa07_2430529_C_G,2430529
blk3220,7,260,ssa07_2450908_A_T,2450908
blk3221,7,261,ssa07_2452626_G_C,2452626
blk3222,7,262,ssa07_2453715_T_A,2453715
blk3223,7,263,ssa07_2469331_C_G,2469331
blk3224,7,264,ssa07_2471543_A_T,2471543
blk3225,7,265,ssa07_2484081_G_C,2484081
blk3226,7,266,ssa07_2492329_T_A,2492329
blk3226,7,267,ssa07_2492404_C_G,2492404
blk3227,7,268,ssa07_2518841_A_T,2518841
blk3228,7,269,ssa07_2536358_G_C,2536358
blk3229,7,270,ssa07_2550665_T_A,2550665
blk3230,7,271,ssa07_2556693_C_G,2556693
blk3231,7,272,ssa07_2568815_A_T,2568815
blk3232,7,273,ssa07_2576564_G_C,2576564
blk3233,7,274,ssa07_2587307_T_A,2587307
blk3234,7,275,ssa07_2604182_C_G,2604182
blk3234,7,276,ssa07_2604280_A_T,2604280
blk3235,7,277,ssa07_2605991_G_C,2605991
blk3236,7,278,ssa07_2609201_T_A,2609201
blk3237,7,279,ssa07_2612613_C_G,2612613
blk3238,7,280,ssa07_2613011_A_T,2613011
blk3239,7,281,ssa07_2615733_G_C,2615733
blk3240,7,282,ssa07_2627406_T_A,2627406
blk3241,7,283,ssa07_2633112_C_G,2633112
blk3242,7,284,ssa07_2696962_A_T,2696962
blk3243,7,285,ssa07_2698860_G_C,2698860
blk3244,7,286,ssa07_2710094_T_A,2710094
blk3245,7,287,ssa07_2710871_C_G,2710871
blk3246,7,288,ssa07_2712612_A_T,2712612
blk3247,7,289,ssa07_2721030_G_C,2721030
blk3248,7,290,ssa07_2721956_T_A,2721956
blk3249,7,291,ssa07_2726873_C_G,2726873
blk3250,7,292,ssa07_2743439_A_T,2743439
blk3251,7,293,ssa07_2762252_G_C,2762252
blk3252,7,294,ssa07_2786980_T_A,2786980
blk3253,7,295,ssa07_2793494_C_G,2793494
blk3254,7,296,ssa07_2811403_A_T,2811403
blk3255,7,297,ssa07_2821338_G_C,2821338
blk3256,7,298,ssa07_2835145_T_A,2835145
blk3256,7,299,ssa07_2835202_C_G,2835202
blk3257,7,300,ssa07_2836263_A_T,2836263
blk3258,7,301,ssa07_2839836_G_C,2839836
blk3259,7,302,ssa07_2844486_T_A,2844486
blk3260,7,303,ssa07_2896736_C_G,2896736
blk3261,7,304,ssa07_2902962_A_T,2902962
blk3261,7,305,ssa07_2903085_G_C,2903085
blk3262,7,306,ssa07_2905848_T_A,2905848
blk3263,7,307,ssa07_2915688_C_G,2915688
blk3264,7,308,ssa07_2921462_A_T,2921462
blk3265,7,309,ssa07_2923903_G_C,2923903
blk3266,7,310,ssa07_2930218_T_A,2930218
blk3267,7,311,ssa07_2936671_C_G,2936671
blk3268,7,312,ssa07_2964577_A_T,2964577
blk3269,7,313,ssa07_2972859_G_C,2972859
blk3270,7,314,ssa07_2976082_T_A,2976082
blk3271,7,315,ssa07_2977266_C_G,2977266
blk3272,7,316,ssa07_2984345_A_T,2984345
blk3273,7,317,ssa07_2995137_G_C,2995137
blk3274,7,318,ssa07_2998241_T_A,2998241
blk3275,7,319,ssa07_3001069_C_G,3001069
blk3276,7,320,ssa07_3006030_A_T,3006030
blk3277,7,321,ssa07_3020176_G_C,3020176
blk3278,7,322,ssa07_3039439_T_A,3039439
blk3279,7,323,ssa07_3044365_C_G,3044365
blk3280,7,324,ssa07_3052669_A_T,3052669
blk3281,7,325,ssa07_3067886_G_C,3067886
blk3282,7,326,ssa07_3078697_T_A,3078697
blk3283,7,327,ssa07_3081367_C_G,3081367
blk3284,7,328,ssa07_3093305_A_T,3093305
blk3285,7,329,ssa07_3105597_G_C,3105597
blk3286,7,330,ssa07_3117626_T_A,3117626
blk3287,7,331,ssa07_3126929_C_G,3126929
blk3288,7,332,ssa07_3131700_A_T,3131700
blk3289,7,333,ssa07_3132898_G_C,3132898
blk3290,7,334,ssa07_3140183_T_A,3140183
blk3291,7,335,ssa07_3146628_C_G,3146628
blk3292,7,336,ssa07_3166489_A_T,3166489
blk3293,7,337,ssa07_3166695_G_C,3166695
blk3294,7,338,ssa07_3168725_T_A,3168725
blk3295,7,339,ssa07_3174099_C_G,3174099
blk3296,7,340,ssa07_3178175_A_T,3178175
blk3297,7,341,ssa07_3178341_G_C,3178341
blk3298,7,342,ssa07_3187959_T_A,3187959
blk3299,7,343,ssa07_3203043_C_G,3203043
blk3300,7,344,ssa07_3212013_A_T,3212013
blk3301,7,345,ssa07_3220725_G_C,3220725
blk3302,7,346,ssa07_3234139_T_A,3234139
blk3303,7,347,ssa07_3245120_C_G,3245120
blk3304,7,348,ssa07_3247198_A_T,3247198
blk3305,7,349,ssa07_3259033_G_C,3259033
blk3306,7,350,ssa07_3295796_T_A,3295796
blk3307,7,351,ssa07_3312800_C_G,3312800
blk3308,7,352,ssa07_3317171_A_T,3317171
blk3309,7,353,ssa07_3341970_G_C,3341970
blk3310,7,354,ssa07_3347128_T_A,3347128
blk3311,7,355,ssa07_3347749_C_G,3347749
blk3312,7,356,ssa07_3350044_A_T,3350044
blk3313,7,357,ssa07_3380051_G_C,3380051
blk3314,7,358,ssa07_3402014_T_A,3402014
blk3315,7,359,ssa07_3414257_C_G,3414257
blk3316,7,360,ssa07_3415053_A_T,3415053
blk3317,7,361,ssa07_3440013_G_C,3440013
blk3318,7,362,ssa07_3444609_T_A,3444609
blk3319,7,363,ssa07_3450024_C_G,3450024
blk3320,7,364,ssa07_3457749_A_T,3457749
blk3321,7,365,ssa07_3488423_G_C,3488423
blk3322,7,366,ssa07_3497518_T_A,3497518
blk3323,7,367,ssa07_3522126_C_G,3522126
blk3324,7,368,ssa07_3560720_A_T,3560720
blk3325,7,369,ssa07_3561497_G_C,3561497
blk3326,7,370,ssa07_3579736_T_A,3579736
blk3327,7,371,ssa07_3587812_C_G,3587812
blk3328,7,372,ssa07_3589061_A_T,3589061
blk3329,7,373,ssa07_3604482_G_C,3604482
blk3329,7,374,ssa07_3604487_T_A,3604487
blk3330,7,375,ssa07_3618967_C_G,3618967
blk3331,7,376,ssa07_3625851_A_T,3625851
blk3332,7,377,ssa07_3630142_G_C,3630142
blk3333,7,378,ssa07_3636753_T_A,3636753
blk3334,7,379,ssa07_3652081_C_G,3652081
blk3335,7,380,ssa07_3678908_A_T,3678908
blk3336,7,381,ssa07_3679515_G_C,3679515
blk3337,7,382,ssa07_3682553_T_A,3682553
blk3338,7,383,ssa07_3694152_C_G,3694152
blk3339,7,384,ssa07_3703414_A_T,3703414
blk3340,7,385,ssa07_3740003_G_C,3740003
blk3341,7,386,ssa07_3747400_T_A,3747400
blk3342,7,387,ssa07_3749227_C_G,3749227
blk3343,7,388,ssa07_3762907_A_T,3762907
blk3344,7,389,ssa07_3770378_G_C,3770378
blk3345,7,390,ssa07_3781247_T_A,3781247
blk3346,7,391,ssa07_3785002_C_G,3785002
blk3347,7,392,ssa07_3828024_A_T,3828024
blk3348,7,393,ssa07_3838961_G_C,3838961
blk3349,7,394,ssa07_3851478_T_A,3851478
blk3350,7,395,ssa07_3851877_C_G,3851877
blk3351,7,396,ssa07_3860792_A_T,3860792
blk3352,7,397,ssa07_3861089_G_C,3861089
blk3353,7,398,ssa07_3865959_T_A,3865959
blk3354,7,399,ssa07_3874984_C_G,3874984
blk3355,7,400,ssa07_3875157_A_T,3875157
blk3356,7,401,ssa07_3881647_G_C,3881647
blk3357,7,402,ssa07_3901332_T_A,3901332
blk3358,7,403,ssa07_3903404_C_G,3903404
blk3359,7,404,ssa07_3926243_A_T,3926243
blk3360,7,405,ssa07_3935381_G_C,3935381
blk3361,7,406,ssa07_3949428_T_A,3949428
blk3362,7,407,ssa07_3968575_C_G,3968575
blk3363,7,408,ssa07_3969617_A_T,3969617
blk3364,7,409,ssa07_3975772_G_C,3975772
blk3365,7,410,ssa07_3976191_T_A,3976191
blk3366,7,411,ssa07_3979422_C_G,3979422
blk3367,7,412,ssa07_3989469_A_T,3989469
blk3368,7,413,ssa07_3997834_G_C,3997834
blk3369,7,414,ssa07_3998094_T_A,3998094
blk3370,7,415,ssa07_4001981_C_G,4001981
blk3371,7,416,ssa07_4009020_A_T,4009020
blk3372,7,417,ssa07_4022021_G_C,4022021
blk3373,7,418,ssa07_4048188_T_A,4048188
blk3374,7,419,ssa07_4048409_C_G,4048409
blk3375,7,420,ssa07_4073709_A_T,4073709
blk3376,7,421,ssa07_4074698_G_C,4074698
blk3377,7,422,ssa07_4107517_T_A,4107517
blk3378,7,423,ssa07_4120628_C_G,4120628
blk3379,7,424,ssa07_4122781_A_T,4122781
blk3380,7,425,ssa07_4136076_G_C,4136076
blk3381,7,426,ssa07_4138142_T_A,4138142
blk3382,7,427,ssa07_4156933_C_G,4156933
blk3383,7,428,ssa07_4191261_A_T,4191261
blk3384,7,429,ssa07_4209191_G_C,4209191
blk3385,7,430,ssa07_4219800_T_A,4219800
blk3386,7,431,ssa07_4220603_C_G,4220603
blk3387,7,432,ssa07_4224234_A_T,4224234
blk3388,7,433,ssa07_4231015_G_C,4231015
blk3389,7,434,ssa07_4241656_T_A,4241656
blk3390,7,435,ssa07_4244654_C_G,4244654
blk3391,7,436,ssa07_4250803_A_T,4250803
blk3392,7,437,ssa07_4253312_G_C,4253312
blk3393,7,438,ssa07_4253654_T_A,4253654
blk3394,7,439,ssa07_4281633_C_G,4281633
blk3395,7,440,ssa07_4284496_A_T,4284496
blk3396,7,441,ssa07_4307957_G_C,4307957
blk3397,7,442,ssa07_4343233_T_A,4343233
blk3398,7,443,ssa07_4345781_C_G,4345781
blk3399,7,444,ssa07_4350266_A_T,4350266
blk3400,7,445,ssa07_4382645_G_C,4382645
blk3401,7,446,ssa07_4387084_T_A,4387084
blk3402,7,447,ssa07_4431248_C_G,4431248
blk3403,7,448,ssa07_4440951_A_T,4440951
blk3404,7,449,ssa07_4443099_G_C,4443099
blk3405,7,450,ssa07_4471794_T_A,4471794
blk3406,7,451,ssa07_4512029_C_G,4512029
blk3407,7,452,ssa07_4512394_A_T,4512394
blk3407,7,453,ssa07_4512404_G_C,4512404
blk3408,7,454,ssa07_4530911_T_A,4530911
blk3409,7,455,ssa07_4555118_C_G,4555118
blk3410,7,456,ssa07_4593338_A_T,4593338
blk3411,7,457,ssa07_4607855_G_C,4607855
blk3412,7,458,ssa07_4611554_T_A,4611554
blk3413,7,459,ssa07_4627415_C_G,4627415
blk3414,7,460,ssa07_4628686_A_T,4628686
blk3415,7,461,ssa07_4634460_G_C,4634460
blk3416,7,462,ssa07_4687688_T_A,4687688
blk3417,7,463,ssa07_4690141_C_G,4690141
blk3418,7,464,ssa07_4720519_A_T,4720519
blk3419,7,465,ssa07_4728956_G_C,4728956
blk3420,7,466,ssa07_4732290_T_A,4732290
blk3421,7,467,ssa07_4738004_C_G,4738004
blk3422,7,468,ssa07_4738280_A_T,4738280
blk3423,7,469,ssa07_4739926_G_C,4739926
blk3424,7,470,ssa07_4743242_T_A,4743242
blk3425,7,471,ssa07_4756250_C_G,4756250
blk3426,7,472,ssa07_4757243_A_T,4757243
blk3427,7,473,ssa07_4773166_G_C,4773166
blk3428,7,474,ssa07_4779129_T_A,4779129
blk3429,7,475,ssa07_4780112_C_G,4780112
blk3430,7,476,ssa07_4797368_A_T,4797368
blk3431,7,477,ssa07_4814361_G_C,4814361
blk3432,7,478,ssa07_4824978_T_A,4824978
blk3433,7,479,ssa07_4831523_C_G,4831523
blk3434,7,480,ssa07_4836808_A_T,4836808
blk3435,7,481,ssa07_4841178_G_C,4841178
blk3436,7,482,ssa07_4841608_T_A,4841608
blk3437,7,483,ssa07_4858018_C_G,4858018
blk3438,7,484,ssa07_4864954_A_T,4864954
blk3439,7,485,ssa07_4866303_G_C,4866303
blk3440,7,486,ssa07_4868599_T_A,4868599
blk3441,7,487,ssa07_4879472_C_G,4879472
blk3442,7,488,ssa07_4879616_A_T,4879616
blk3443,7,489,ssa07_4886112_G_C,4886112
blk3444,7,490,ssa07_4894991_T_A,4894991
blk3445,7,491,ssa07_4904878_C_G,4904878
blk3446,7,492,ssa07_4929002_A_T,4929002
blk3447,7,493,ssa07_4936025_G_C,4936025
blk3448,7,494,ssa07_4939411_T_A,4939411
blk3449,7,495,ssa07_4943555_C_G,4943555
blk3450,7,496,ssa07_4965869_A_T,4965869
blk3451,7,497,ssa07_4970558_G_C,4970558
blk3452,7,498,ssa07_4982014_T_A,4982014
blk3453,7,499,ssa07_4985167_C_G,4985167
blk3454,8,0,ssa08_42138_A_T,42138
blk3455,8,1,ssa08_60379_G_C,60379
blk3456,8,2,ssa08_73299_T_A,73299
blk3457,8,3,ssa08_78729_C_G,78729
blk3458,8,4,ssa08_82674_A_T,82674
blk3459,8,5,ssa08_96162_G_C,96162
blk3460,8,6,ssa08_116956_T_A,116956
blk3461,8,7,ssa08_126221_C_G,126221
blk3462,8,8,ssa08_138895_A_T,138895
blk3463,8,9,ssa08_160270_G_C,160270
blk3464,8,10,ssa08_167170_T_A,167170
blk3465,8,11,ssa08_207781_C_G,207781
blk3466,8,12,ssa08_225070_A_T,225070
blk3467,8,13,ssa08_229301_G_C,229301
blk3468,8,14,ssa08_243447_T_A,243447
blk3469,8,15,ssa08_247668_C_G,247668
blk3470,8,16,ssa08_252181_A_T,252181
blk3471,8,17,ssa08_269480_G_C,269480
blk3472,8,18,ssa08_271555_T_A,271555
blk3473,8,19,ssa08_283504_C_G,283504
blk3474,8,20,ssa08_295282_A_T,295282
blk3475,8,21,ssa08_305700_G_C,305700
blk3476,8,22,ssa08_307135_T_A,307135
blk3477,8,23,ssa08_307297_C_G,307297
blk3478,8,24,ssa08_327264_A_T,327264
blk3479,8,25,ssa08_335164_G_C,335164
blk3480,8,26,ssa08_336809_T_A,336809
blk3481,8,27,ssa08_338288_C_G,338288
blk3482,8,28,ssa08_353644_A_T,353644
blk3483,8,29,ssa08_365355_G_C,365355
blk3484,8,30,ssa08_389692_T_A,389692
blk3485,8,31,ssa08_399625_C_G,399625
blk3486,8,32,ssa08_413722_A_T,413722
blk3487,8,33,ssa08_415957_G_C,415957
blk3488,8,34,ssa08_416585_T_A,416585
blk3489,8,35,ssa08_419615_C_G,419615
blk3490,8,36,ssa08_424271_A_T,424271
blk3491,8,37,ssa08_428408_G_C,428408
blk3492,8,38,ssa08_447948_T_A,447948
blk3493,8,39,ssa08_448181_C_G,448181
blk3494,8,40,ssa08_448947_A_T,448947
blk3495,8,41,ssa08_456049_G_C,456049
blk3496,8,42,ssa08_458847_T_A,458847
blk3497,8,43,ssa08_486113_C_G,486113
blk3498,8,44,ssa08_492502_A_T,492502
blk3499,8,45,ssa08_506608_G_C,506608
blk3500,8,46,ssa08_507624_T_A,507624
blk3501,8,47,ssa08_513621_C_G,513621
blk3502,8,48,ssa08_545521_A_T,545521
blk3503,8,49,ssa08_559019_G_C,559019
blk3504,8,50,ssa08_573530_T_A,573530
blk3505,8,51,ssa08_575425_C_G,575425
blk3506,8,52,ssa08_578390_A_T,578390
blk3507,8,53,ssa08_587621_G_C,587621
blk3508,8,54,ssa08_600545_T_A,600545
blk3509,8,55,ssa08_607103_C_G,607103
blk3509,8,56,ssa08_607168_A_T,607168
blk3510,8,57,ssa08_610694_G_C,610694
blk3511,8,58,ssa08_620494_T_A,620494
blk3512,8,59,ssa08_621713_C_G,621713
blk3513,8,60,ssa08_632828_A_T,632828
blk3514,8,61,ssa08_640204_G_C,640204
blk3515,8,62,ssa08_645073_T_A,645073
blk3516,8,63,ssa08_654380_C_G,654380
blk3517,8,64,ssa08_654819_A_T,654819
blk3518,8,65,ssa08_659090_G_C,659090
blk3519,8,66,ssa08_659222_T_A,659222
blk3520,8,67,ssa08_673939_C_G,673939
blk3521,8,68,ssa08_689136_A_T,689136
blk3522,8,69,ssa08_696620_G_C,696620
blk3523,8,70,ssa08_706443_T_A,706443
blk3524,8,71,ssa08_708243_C_G,708243
blk3525,8,72,ssa08_711270_A_T,711270
blk3526,8,73,ssa08_714028_G_C,714028
blk3527,8,74,ssa08_740074_T_A,740074
blk3528,8,75,ssa08_774244_C_G,774244
blk3529,8,76,ssa08_775551_A_T,775551
blk3530,8,77,ssa08_788233_G_C,788233
blk3531,8,78,ssa08_789797_T_A,789797
blk3532,8,79,ssa08_791548_C_G,791548
blk3533,8,80,ssa08_792242_A_T,792242
blk3534,8,81,ssa08_794742_G_C,794742
blk3535,8,82,ssa08_801251_T_A,801251
blk3536,8,83,ssa08_830850_C_G,830850
blk3537,8,84,ssa08_843267_A_T,843267
blk3538,8,85,ssa08_863433_G_C,863433
blk3539,8,86,ssa08_867299_T_A,867299
blk3540,8,87,ssa08_870231_C_G,870231
blk3541,8,88,ssa08_887983_A_T,887983
blk3542,8,89,ssa08_893634_G_C,893634
blk3543,8,90,ssa08_897967_T_A,897967
blk3544,8,91,ssa08_920077_C_G,920077
blk3545,8,92,ssa08_920924_A_T,920924
blk3546,8,93,ssa08_922665_G_C,922665
blk3547,8,94,ssa08_925101_T_A,925101
blk3548,8,95,ssa08_930115_C_G,930115
blk3549,8,96,ssa08_944428_A_T,944428
blk3550,8,97,ssa08_957145_G_C,957145
blk3551,8,98,ssa08_974183_T_A,974183
blk3552,8,99,ssa08_976840_C_G,976840
blk3553,8,100,ssa08_983804_A_T,983804
blk3554,8,101,ssa08_987940_G_C,987940
blk3555,8,102,ssa08_1001603_T_A,1001603
blk3556,8,103,ssa08_1005129_C_G,1005129
blk3557,8,104,ssa08_1007499_A_T,1007499
blk3558,8,105,ssa08_1009237_G_C,1009237
blk3559,8,106,ssa08_1019963_T_A,1019963
blk3560,8,107,ssa08_1039754_C_G,1039754
blk3561,8,108,ssa08_1049411_A_T,1049411
blk3562,8,109,ssa08_1053852_G_C,1053852
blk3563,8,110,ssa08_1063855_T_A,1063855
blk3564,8,111,ssa08_1065422_C_G,1065422
blk3565,8,112,ssa08_1090372_A_T,1090372
blk3566,8,113,ssa08_1106443_G_C,1106443
blk3567,8,114,ssa08_1113203_T_A,1113203
blk3568,8,115,ssa08_1114944_C_G,1114944
blk3569,8,116,ssa08_1119671_A_T,1119671
blk3570,8,117,ssa08_1123816_G_C,1123816
blk3571,8,118,ssa08_1124645_T_A,1124645
blk3572,8,119,ssa08_1135830_C_G,1135830
blk3573,8,120,ssa08_1140421_A_T,1140421
blk3574,8,121,ssa08_1143315_G_C,1143315
blk3575,8,122,ssa08_1147442_T_A,1147442
blk3576,8,123,ssa08_1156033_C_G,1156033
blk3577,8,124,ssa08_1160386_A_T,1160386
blk3578,8,125,ssa08_1170483_G_C,1170483
blk3579,8,126,ssa08_1174434_T_A,1174434
blk3580,8,127,ssa08_1185549_C_G,1185549
blk3581,8,128,ssa08_1201120_A_T,1201120
blk3582,8,129,ssa08_1202043_G_C,1202043
blk3583,8,130,ssa08_1204263_T_A,1204263
blk3584,8,131,ssa08_1206158_C_G,1206158
blk3585,8,132,ssa08_1219867_A_T,1219867
blk3586,8,133,ssa08_1223290_G_C,1223290
blk3587,8,134,ssa08_1236829_T_A,1236829
blk3588,8,135,ssa08_1238183_C_G,1238183
blk3589,8,136,ssa08_1269715_A_T,1269715
blk3590,8,137,ssa08_1279699_G_C,1279699
blk3591,8,138,ssa08_1313623_T_A,1313623
blk3592,8,139,ssa08_1322510_C_G,1322510
blk3593,8,140,ssa08_1342766_A_T,1342766
blk3594,8,141,ssa08_1352046_G_C,1352046
blk3595,8,142,ssa08_1357771_T_A,1357771
blk3596,8,143,ssa08_1370647_C_G,1370647
blk3597,8,144,ssa08_1372109_A_T,1372109
blk3598,8,145,ssa08_1390472_G_C,1390472
blk3599,8,146,ssa08_1391840_T_A,1391840
blk3600,8,147,ssa08_1417248_C_G,1417248
blk3601,8,148,ssa08_1421636_A_T,1421636
blk3602,8,149,ssa08_1427918_G_C,1427918
blk3603,8,150,ssa08_1433606_T_A,1433606
blk3604,8,151,ssa08_1445488_C_G,1445488
blk3605,8,152,ssa08_1451927_A_T,1451927
blk3606,8,153,ssa08_1458795_G_C,1458795
blk3607,8,154,ssa08_1471576_T_A,1471576
blk3608,8,155,ssa08_1481321_C_G,1481321
blk3609,8,156,ssa08_1501157_A_T,1501157
blk3610,8,157,ssa08_1521775_G_C,1521775
blk3611,8,158,ssa08_1525448_T_A,1525448
blk3612,8,159,ssa08_1530759_C_G,1530759
blk3613,8,160,ssa08_1541918_A_T,1541918
blk3614,8,161,ssa08_1550492_G_C,1550492
blk3615,8,162,ssa08_1557644_T_A,1557644
blk3616,8,163,ssa08_1565578_C_G,1565578
blk3617,8,164,ssa08_1574749_A_T,1574749
blk3618,8,165,ssa08_1577690_G_C,1577690
blk3619,8,166,ssa08_1588668_T_A,1588668
blk3620,8,167,ssa08_1609072_C_G,1609072
blk3621,8,168,ssa08_1612549_A_T,1612549
blk3622,8,169,ssa08_1632802_G_C,1632802
blk3623,8,170,ssa08_1660967_T_A,1660967
blk3624,8,171,ssa08_1667345_C_G,1667345
blk3625,8,172,ssa08_1669888_A_T,1669888
blk3626,8,173,ssa08_1676887_G_C,1676887
blk3626,8,174,ssa08_1676974_T_A,1676974
blk3627,8,175,ssa08_1702042_C_G,1702042
blk3628,8,176,ssa08_1708412_A_T,1708412
blk3629,8,177,ssa08_1721223_G_C,1721223
blk3630,8,178,ssa08_1723410_T_A,1723410
blk3631,8,179,ssa08_1744888_C_G,1744888
blk3632,8,180,ssa08_1750398_A_T,1750398
blk3633,8,181,ssa08_1775410_G_C,1775410
blk3634,8,182,ssa08_1808054_T_A,1808054
blk3635,8,183,ssa08_1816670_C_G,1816670
blk3636,8,184,ssa08_1828522_A_T,1828522
blk3637,8,185,ssa08_1843902_G_C,1843902
blk3638,8,186,ssa08_1846808_T_A,1846808
blk3639,8,187,ssa08_1859890_C_G,1859890
blk3640,8,188,ssa08_1861229_A_T,1861229
blk3641,8,189,ssa08_1861528_G_C,1861528
blk3642,8,190,ssa08_1873747_T_A,1873747
blk3643,8,191,ssa08_1891205_C_G,1891205
blk3644,8,192,ssa08_1892019_A_T,1892019
blk3645,8,193,ssa08_1899884_G_C,1899884
blk3646,8,194,ssa08_1911016_T_A,1911016
blk3647,8,195,ssa08_1946149_C_G,1946149
blk3648,8,196,ssa08_1973728_A_T,1973728
blk3649,8,197,ssa08_1979616_G_C,1979616
blk3650,8,198,ssa08_1990169_T_A,1990169
blk3651,8,199,ssa08_1996382_C_G,1996382
blk3652,8,200,ssa08_1999425_A_T,1999425
blk3653,8,201,ssa08_2036760_G_C,2036760
blk3654,8,202,ssa08_2058917_T_A,2058917
blk3655,8,203,ssa08_2073937_C_G,2073937
blk3656,8,204,ssa08_2076103_A_T,2076103
blk3657,8,205,ssa08_2096925_G_C,2096925
blk3658,8,206,ssa08_2104767_T_A,2104767
blk3659,8,207,ssa08_2110430_C_G,2110430
blk3660,8,208,ssa08_2110630_A_T,2110630
blk3661,8,209,ssa08_2149613_G_C,2149613
blk3662,8,210,ssa08_2151280_T_A,2151280
blk3663,8,211,ssa08_2156472_C_G,2156472
blk3664,8,212,ssa08_2159568_A_T,2159568
blk3665,8,213,ssa08_2170736_G_C,2170736
blk3666,8,214,ssa08_2170915_T_A,2170915
blk3667,8,215,ssa08_2176662_C_G,2176662
blk3668,8,216,ssa08_2194400_A_T,2194400
blk3669,8,217,ssa08_2194614_G_C,2194614
blk3670,8,218,ssa08_2203473_T_A,2203473
blk3671,8,219,ssa08_2203640_C_G,2203640
blk3672,8,220,ssa08_2216246_A_T,2216246
blk3673,8,221,ssa08_2241968_G_C,2241968
blk3674,8,222,ssa08_2245069_T_A,2245069
blk3675,8,223,ssa08_2279035_C_G,2279035
blk3676,8,224,ssa08_2292756_A_T,2292756
blk3677,8,225,ssa08_2307341_G_C,2307341
blk3678,8,226,ssa08_2315832_T_A,2315832
blk3679,8,227,ssa08_2321395_C_G,2321395
blk3680,8,228,ssa08_2328685_A_T,2328685
blk3681,8,229,ssa08_2342608_G_C,2342608
blk3682,8,230,ssa08_2345438_T_A,2345438
blk3683,8,231,ssa08_2365261_C_G,2365261
blk3684,8,232,ssa08_2366111_A_T,2366111
blk3685,8,233,ssa08_2382211_G_C,2382211
blk3686,8,234,ssa08_2385544_T_A,2385544
blk3687,8,235,ssa08_2386102_C_G,2386102
blk3688,8,236,ssa08_2403158_A_T,2403158
blk3689,8,237,ssa08_2420034_G_C,2420034
blk3690,8,238,ssa08_2426697_T_A,2426697
blk3691,8,239,ssa08_2430268_C_G,2430268
blk3691,8,240,ssa08_2430356_A_T,2430356
blk3692,8,241,ssa08_2455907_G_C,2455907
blk3693,8,242,ssa08_2461413_T_A,2461413
blk3694,8,243,ssa08_2465999_C_G,2465999
blk3695,8,244,ssa08_2468333_A_T,2468333
blk3696,8,245,ssa08_2470504_G_C,2470504
blk3697,8,246,ssa08_2474627_T_A,2474627
blk3698,8,247,ssa08_2494380_C_G,2494380
blk3699,8,248,ssa08_2503111_A_T,2503111
blk3700,8,249,ssa08_2529647_G_C,2529647
blk3701,8,250,ssa08_2532841_T_A,2532841
blk3702,8,251,ssa08_2533071_C_G,2533071
blk3703,8,252,ssa08_2544017_A_T,2544017
blk3704,8,253,ssa08_2546174_G_C,2546174
blk3705,8,254,ssa08_2560505_T_A,2560505
blk3706,8,255,ssa08_2574666_C_G,2574666
blk3707,8,256,ssa08_2587122_A_T,2587122
blk3708,8,257,ssa08_2610819_G_C,2610819
blk3709,8,258,ssa08_2621305_T_A,2621305
blk3710,8,259,ssa08_2634417_C_G,2634417
blk3711,8,260,ssa08_2640127_A_T,2640127
blk3712,8,261,ssa08_2641018_G_C,2641018
blk3713,8,262,ssa08_2666690_T_A,2666690
blk3714,8,263,ssa08_2674106_C_G,2674106
blk3715,8,264,ssa08_2680260_A_T,2680260
blk3716,8,265,ssa08_2688637_G_C,2688637
blk3717,8,266,ssa08_2698458_T_A,2698458
blk3718,8,267,ssa08_2709432_C_G,2709432
blk3719,8,268,ssa08_2724717_A_T,2724717
blk3720,8,269,ssa08_2727545_G_C,2727545
blk3721,8,270,ssa08_2728869_T_A,2728869
blk3722,8,271,ssa08_2738674_C_G,2738674
blk3723,8,272,ssa08_2744787_A_T,2744787
blk3724,8,273,ssa08_2758002_G_C,2758002
blk3725,8,274,ssa08_2762160_T_A,2762160
blk3726,8,275,ssa08_2771885_C_G,2771885
blk3727,8,276,ssa08_2774751_A_T,2774751
blk3728,8,277,ssa08_2790560_G_C,2790560
blk3729,8,278,ssa08_2792083_T_A,2792083
blk3730,8,279,ssa08_2801496_C_G,2801496
blk3731,8,280,ssa08_2823513_A_T,2823513
blk3732,8,281,ssa08_2837003_G_C,2837003
blk3733,8,282,ssa08_2848583_T_A,2848583
blk3734,8,283,ssa08_2860936_C_G,2860936
blk3735,8,284,ssa08_2863020_A_T,2863020
blk3736,8,285,ssa08_2870234_G_C,2870234
blk3737,8,286,ssa08_2870452_T_A,2870452
blk3738,8,287,ssa08_2884141_C_G,2884141
blk3739,8,288,ssa08_2893730_A_T,2893730
blk3740,8,289,ssa08_2904600_G_C,2904600
blk3741,8,290,ssa08_2905363_T_A,2905363
blk3742,8,291,ssa08_2909965_C_G,2909965
blk3743,8,292,ssa08_2931216_A_T,2931216
blk3744,8,293,ssa08_2934511_G_C,2934511
blk3745,8,294,ssa08_2938414_T_A,2938414
blk3746,8,295,ssa08_2938996_C_G,2938996
blk3747,8,296,ssa08_2939211_A_T,2939211
blk3748,8,297,ssa08_2941188_G_C,2941188
blk3749,8,298,ssa08_2952908_T_A,2952908
blk3750,8,299,ssa08_2955816_C_G,2955816
blk3751,8,300,ssa08_2962490_A_T,2962490
blk3752,8,301,ssa08_2965079_G_C,2965079
blk3753,8,302,ssa08_2985632_T_A,2985632
blk3754,8,303,ssa08_2989739_C_G,2989739
blk3755,8,304,ssa08_3003007_A_T,3003007
blk3756,8,305,ssa08_3013801_G_C,3013801
blk3757,8,306,ssa08_3050864_T_A,3050864
blk3758,8,307,ssa08_3057577_C_G,3057577
blk3759,8,308,ssa08_3057961_A_T,3057961
blk3760,8,309,ssa08_3075681_G_C,3075681
blk3761,8,310,ssa08_3114206_T_A,3114206
blk3762,8,311,ssa08_3121092_C_G,3121092
blk3763,8,312,ssa08_3122136_A_T,3122136
blk3764,8,313,ssa08_3134219_G_C,3134219
blk3765,8,314,ssa08_3144726_T_A,3144726
blk3766,8,315,ssa08_3160569_C_G,3160569
blk3767,8,316,ssa08_3166888_A_T,3166888
blk3768,8,317,ssa08_3168696_G_C,3168696
blk3769,8,318,ssa08_3189097_T_A,3189097
blk3770,8,319,ssa08_3191139_C_G,3191139
blk3771,8,320,ssa08_3217460_A_T,3217460
blk3772,8,321,ssa08_3224900_G_C,3224900
blk3773,8,322,ssa08_3227726_T_A,3227726
blk3774,8,323,ssa08_3243322_C_G,3243322
blk3775,8,324,ssa08_3246940_A_T,3246940
blk3776,8,325,ssa08_3266148_G_C,3266148
blk3777,8,326,ssa08_3278031_T_A,3278031
blk3778,8,327,ssa08_3296213_C_G,3296213
blk3779,8,328,ssa08_3323630_A_T,3323630
blk3780,8,329,ssa08_3328233_G_C,3328233
blk3781,8,330,ssa08_3347691_T_A,3347691
blk3782,8,331,ssa08_3348258_C_G,3348258
blk3783,8,332,ssa08_3359967_A_T,3359967
blk3784,8,333,ssa08_3381599_G_C,3381599
blk3785,8,334,ssa08_3389245_T_A,3389245
blk3786,8,335,ssa08_3392255_C_G,3392255
blk3787,8,336,ssa08_3396426_A_T,3396426
blk3788,8,337,ssa08_3403096_G_C,3403096
blk3789,8,338,ssa08_3408056_T_A,3408056
blk3790,8,339,ssa08_3420288_C_G,3420288
blk3791,8,340,ssa08_3422514_A_T,3422514
blk3792,8,341,ssa08_3422689_G_C,3422689
blk3793,8,342,ssa08_3438493_T_A,3438493
blk3794,8,343,ssa08_3439481_C_G,3439481
blk3795,8,344,ssa08_3458729_A_T,3458729
blk3796,8,345,ssa08_3463185_G_C,3463185
blk3797,8,346,ssa08_3471544_T_A,3471544
blk3798,8,347,ssa08_3477390_C_G,3477390
blk3799,8,348,ssa08_3477677_A_T,3477677
blk3800,8,349,ssa08_3489718_G_C,3489718
blk3801,8,350,ssa08_3509822_T_A,3509822
blk3802,8,351,ssa08_3510137_C_G,3510137
blk3803,8,352,ssa08_3521536_A_T,3521536
blk3804,8,353,ssa08_3530751_G_C,3530751
blk3805,8,354,ssa08_3535234_T_A,3535234
blk3806,8,355,ssa08_3546727_C_G,3546727
blk3807,8,356,ssa08_3574153_A_T,3574153
blk3808,8,357,ssa08_3583088_G_C,3583088
blk3809,8,358,ssa08_3585280_T_A,3585280
blk3810,8,359,ssa08_3594207_C_G,3594207
blk3811,8,360,ssa08_3602700_A_T,3602700
blk3812,8,361,ssa08_3606530_G_C,3606530
blk3813,8,362,ssa08_3610616_T_A,3610616
blk3814,8,363,ssa08_3631695_C_G,3631695
blk3815,8,364,ssa08_3634475_A_T,3634475
blk3816,8,365,ssa08_3661013_G_C,3661013
blk3817,8,366,ssa08_3680436_T_A,3680436
blk3818,8,367,ssa08_3686324_C_G,3686324
blk3819,8,368,ssa08_3700742_A_T,3700742
blk3820,8,369,ssa08_3709030_G_C,3709030
blk3821,8,370,ssa08_3731456_T_A,3731456
blk3822,8,371,ssa08_3752613_C_G,3752613
blk3823,8,372,ssa08_3768528_A_T,3768528
blk3824,8,373,ssa08_3769963_G_C,3769963
blk3825,8,374,ssa08_3772858_T_A,3772858
blk3826,8,375,ssa08_3778195_C_G,3778195
blk3827,8,376,ssa08_3784227_A_T,3784227
blk3828,8,377,ssa08_3785463_G_C,3785463
blk3829,8,378,ssa08_3788247_T_A,3788247
blk3830,8,379,ssa08_3793265_C_G,3793265
blk3831,8,380,ssa08_3800708_A_T,3800708
blk3832,8,381,ssa08_3806730_G_C,3806730
blk3833,8,382,ssa08_3809529_T_A,3809529
blk3834,8,383,ssa08_3840816_C_G,3840816
blk3835,8,384,ssa08_3865479_A_T,3865479
blk3836,8,385,ssa08_3880624_G_C,3880624
blk3837,8,386,ssa08_3884440_T_A,3884440
blk3838,8,387,ssa08_3900948_C_G,3900948
blk3839,8,388,ssa08_3906578_A_T,3906578
blk3840,8,389,ssa08_3907621_G_C,3907621
blk3841,8,390,ssa08_3908641_T_A,3908641
blk3842,8,391,ssa08_3918105_C_G,3918105
blk3843,8,392,ssa08_3929081_A_T,3929081
blk3844,8,393,ssa08_3938846_G_C,3938846
blk3845,8,394,ssa08_3947900_T_A,3947900
blk3846,8,395,ssa08_3950834_C_G,3950834
blk3847,8,396,ssa08_3954541_A_T,3954541
blk3848,8,397,ssa08_3955093_G_C,3955093
blk3849,8,398,ssa08_3963015_T_A,3963015
blk3850,8,399,ssa08_3963419_C_G,3963419
blk3851,8,400,ssa08_3964113_A_T,3964113
blk3852,8,401,ssa08_3980175_G_C,3980175
blk3853,8,402,ssa08_3994196_T_A,3994196
blk3854,8,403,ssa08_3997219_C_G,3997219
blk3855,8,404,ssa08_4000207_A_T,4000207
blk3856,8,405,ssa08_4012882_G_C,4012882
blk3857,8,406,ssa08_4031162_T_A,4031162
blk3858,8,407,ssa08_4040402_C_G,4040402
blk3859,8,408,ssa08_4045018_A_T,4045018
blk3860,8,409,ssa08_4066582_G_C,4066582
blk3861,8,410,ssa08_4071097_T_A,4071097
blk3862,8,411,ssa08_4082527_C_G,4082527
blk3863,8,412,ssa08_4102468_A_T,4102468
blk3864,8,413,ssa08_4112261_G_C,4112261
blk3865,8,414,ssa08_4116287_T_A,4116287
blk3866,8,415,ssa08_4119514_C_G,4119514
blk3867,8,416,ssa08_4120811_A_T,4120811
blk3868,8,417,ssa08_4125737_G_C,4125737
blk3869,8,418,ssa08_4127810_T_A,4127810
blk3870,8,419,ssa08_4141642_C_G,4141642
blk3871,8,420,ssa08_4145569_A_T,4145569
blk3872,8,421,ssa08_4160369_G_C,4160369
blk3873,8,422,ssa08_4165301_T_A,4165301
blk3874,8,423,ssa08_4185384_C_G,4185384
blk3875,8,424,ssa08_4190530_A_T,4190530
blk3876,8,425,ssa08_4210703_G_C,4210703
blk3877,8,426,ssa08_4227258_T_A,4227258
blk3878,8,427,ssa08_4234147_C_G,4234147
blk3879,8,428,ssa08_4252194_A_T,4252194
blk3880,8,429,ssa08_4255691_G_C,4255691
blk3881,8,430,ssa08_4262955_T_A,4262955
blk3882,8,431,ssa08_4269263_C_G,4269263
blk3883,8,432,ssa08_4274961_A_T,4274961
blk3884,8,433,ssa08_4277345_G_C,4277345
blk3885,8,434,ssa08_4282697_T_A,4282697
blk3886,8,435,ssa08_4307859_C_G,4307859
blk3887,8,436,ssa08_4316234_A_T,4316234
blk3888,8,437,ssa08_4330194_G_C,4330194
blk3889,8,438,ssa08_4330551_T_A,4330551
blk3890,8,439,ssa08_4335427_C_G,4335427
blk3891,8,440,ssa08_4364728_A_T,4364728
blk3892,8,441,ssa08_4403814_G_C,4403814
blk3893,8,442,ssa08_4414290_T_A,4414290
blk3894,8,443,ssa08_4414858_C_G,4414858
blk3895,8,444,ssa08_4424416_A_T,4424416
blk3896,8,445,ssa08_4436762_G_C,4436762
blk3897,8,446,ssa08_4463737_T_A,4463737
blk3898,8,447,ssa08_4465366_C_G,4465366
blk3899,8,448,ssa08_4468194_A_T,4468194
blk3900,8,449,ssa08_4468823_G_C,4468823
blk3901,8,450,ssa08_4468962_T_A,4468962
blk3902,8,451,ssa08_4473166_C_G,4473166
blk3903,8,452,ssa08_4478020_A_T,4478020
blk3904,8,453,ssa08_4489405_G_C,4489405
blk3905,8,454,ssa08_4514539_T_A,4514539
blk3906,8,455,ssa08_4529625_C_G,4529625
blk3907,8,456,ssa08_4536801_A_T,4536801
blk3908,8,457,ssa08_4547846_G_C,4547846
blk3908,8,458,ssa08_4547896_T_A,4547896
blk3909,8,459,ssa08_4558962_C_G,4558962
blk3910,8,460,ssa08_4562261_A_T,4562261
blk3911,8,461,ssa08_4574837_G_C,4574837
blk3912,8,462,ssa08_4575494_T_A,4575494
blk3913,8,463,ssa08_4581100_C_G,4581100
blk3914,8,464,ssa08_4585375_A_T,4585375
blk3915,8,465,ssa08_4613098_G_C,4613098
blk3916,8,466,ssa08_4621647_T_A,4621647
blk3917,8,467,ssa08_4626325_C_G,4626325
blk3918,8,468,ssa08_4631149_A_T,4631149
blk3919,8,469,ssa08_4635487_G_C,4635487
blk3920,8,470,ssa08_4646140_T_A,4646140
blk3921,8,471,ssa08_4654902_C_G,4654902
blk3922,8,472,ssa08_4662244_A_T,4662244
blk3923,8,473,ssa08_4696455_G_C,4696455
blk3924,8,474,ssa08_4700361_T_A,4700361
blk3925,8,475,ssa08_4724820_C_G,4724820
blk3926,8,476,ssa08_4728150_A_T,4728150
blk3927,8,477,ssa08_4748504_G_C,4748504
blk3928,8,478,ssa08_4751034_T_A,4751034
blk3929,8,479,ssa08_4752679_C_G,4752679
blk3930,8,480,ssa08_4757106_A_T,4757106
blk3931,8,481,ssa08_4776210_G_C,4776210
blk3932,8,482,ssa08_4785131_T_A,4785131
blk3933,8,483,ssa08_4787813_C_G,4787813
blk3934,8,484,ssa08_4795358_A_T,4795358
blk3935,8,485,ssa08_4798759_G_C,4798759
blk3936,8,486,ssa08_4807294_T_A,4807294
blk3937,8,487,ssa08_4812369_C_G,4812369
blk3938,8,488,ssa08_4816430_A_T,4816430
blk3939,8,489,ssa08_4844307_G_C,4844307
blk3940,8,490,ssa08_4857835_T_A,4857835
blk3941,8,491,ssa08_4864042_C_G,4864042
blk3942,8,492,ssa08_4876494_A_T,4876494
blk3943,8,493,ssa08_4887718_G_C,4887718
blk3944,8,494,ssa08_4903501_T_A,4903501
blk3945,8,495,ssa08_4913777_C_G,4913777
blk3946,8,496,ssa08_4955758_A_T,4955758
blk3947,8,497,ssa08_4959396_G_C,4959396
blk3948,8,498,ssa08_4970816_T_A,4970816
blk3949,8,499,ssa08_4995683_C_G,4995683
blk3950,9,0,ssa09_11607_A_T,11607
blk3951,9,1,ssa09_15120_G_C,15120
blk3952,9,2,ssa09_36341_T_A,36341
blk3953,9,3,ssa09_48555_C_G,48555
blk3954,9,4,ssa09_53232_A_T,53232
blk3955,9,5,ssa09_64893_G_C,64893
blk3956,9,6,ssa09_66974_T_A,66974
blk3957,9,7,ssa09_67342_C_G,67342
blk3958,9,8,ssa09_67970_A_T,67970
blk3959,9,9,ssa09_80948_G_C,80948
blk3960,9,10,ssa09_84244_T_A,84244
blk3961,9,11,ssa09_89709_C_G,89709
blk3962,9,12,ssa09_93003_A_T,93003
blk3963,9,13,ssa09_94483_G_C,94483
blk3964,9,14,ssa09_118145_T_A,118145
blk3965,9,15,ssa09_128191_C_G,128191
blk3966,9,16,ssa09_134747_A_T,134747
blk3967,9,17,ssa09_165455_G_C,165455
blk3968,9,18,ssa09_166907_T_A,166907
blk3969,9,19,ssa09_174799_C_G,174799
blk3970,9,20,ssa09_177476_A_T,177476
blk3971,9,21,ssa09_177804_G_C,177804
blk3972,9,22,ssa09_195825_T_A,195825
blk3973,9,23,ssa09_218595_C_G,218595
blk3974,9,24,ssa09_219597_A_T,219597
blk3975,9,25,ssa09_222527_G_C,222527
blk3976,9,26,ssa09_228253_T_A,228253
blk3977,9,27,ssa09_237581_C_G,237581
blk3978,9,28,ssa09_241240_A_T,241240
blk3979,9,29,ssa09_257759_G_C,257759
blk3980,9,30,ssa09_259737_T_A,259737
blk3981,9,31,ssa09_262215_C_G,262215
blk3982,9,32,ssa09_265794_A_T,265794
blk3983,9,33,ssa09_276713_G_C,276713
blk3984,9,34,ssa09_280772_T_A,280772
blk3985,9,35,ssa09_288602_C_G,288602
blk3986,9,36,ssa09_296187_A_T,296187
blk3987,9,37,ssa09_298567_G_C,298567
blk3988,9,38,ssa09_304595_T_A,304595
blk3989,9,39,ssa09_315677_C_G,315677
blk3990,9,40,ssa09_344268_A_T,344268
blk3991,9,41,ssa09_375646_G_C,375646
blk3992,9,42,ssa09_382969_T_A,382969
blk3993,9,43,ssa09_408753_C_G,408753
blk3994,9,44,ssa09_419505_A_T,419505
blk3995,9,45,ssa09_426048_G_C,426048
blk3996,9,46,ssa09_438494_T_A,438494
blk3997,9,47,ssa09_443050_C_G,443050
blk3998,9,48,ssa09_446600_A_T,446600
blk3999,9,49,ssa09_453119_G_C,453119
blk4000,9,50,ssa09_481577_T_A,481577
blk4001,9,51,ssa09_524163_C_G,524163
blk4002,9,52,ssa09_527799_A_T,527799
blk4003,9,53,ssa09_532903_G_C,532903
blk4004,9,54,ssa09_536445_T_A,536445
blk4005,9,55,ssa09_537680_C_G,537680
blk4006,9,56,ssa09_552684_A_T,552684
blk4007,9,57,ssa09_557680_G_C,557680
blk4008,9,58,ssa09_584426_T_A,584426
blk4009,9,59,ssa09_591970_C_G,591970
blk4010,9,60,ssa09_617459_A_T,617459
blk4011,9,61,ssa09_621565_G_C,621565
blk4012,9,62,ssa09_622595_T_A,622595
blk4013,9,63,ssa09_627640_C_G,627640
blk4014,9,64,ssa09_635444_A_T,635444
blk4015,9,65,ssa09_635948_G_C,635948
blk4016,9,66,ssa09_640473_T_A,640473
blk4017,9,67,ssa09_652949_C_G,652949
blk4018,9,68,ssa09_654730_A_T,654730
blk4019,9,69,ssa09_667853_G_C,667853
blk4020,9,70,ssa09_713279_T_A,713279
blk4021,9,71,ssa09_714571_C_G,714571
blk4022,9,72,ssa09_735954_A_T,735954
blk4023,9,73,ssa09_755515_G_C,755515
blk4024,9,74,ssa09_769774_T_A,769774
blk4025,9,75,ssa09_789326_C_G,789326
blk4026,9,76,ssa09_801379_A_T,801379
blk4027,9,77,ssa09_804623_G_C,804623
blk4028,9,78,ssa09_830886_T_A,830886
blk4029,9,79,ssa09_832045_C_G,832045
blk4030,9,80,ssa09_836304_A_T,836304
blk4031,9,81,ssa09_845774_G_C,845774
blk4032,9,82,ssa09_858834_T_A,858834
blk4033,9,83,ssa09_859979_C_G,859979
blk4034,9,84,ssa09_860437_A_T,860437
blk4035,9,85,ssa09_879347_G_C,879347
blk4036,9,86,ssa09_896327_T_A,896327
blk4037,9,87,ssa09_903035_C_G,903035
blk4038,9,88,ssa09_906380_A_T,906380
blk4039,9,89,ssa09_935204_G_C,935204
blk4040,9,90,ssa09_940667_T_A,940667
blk4041,9,91,ssa09_958139_C_G,958139
blk4042,9,92,ssa09_958352_A_T,958352
blk4043,9,93,ssa09_958936_G_C,958936
blk4044,9,94,ssa09_961822_T_A,961822
blk4045,9,95,ssa09_962852_C_G,962852
blk4046,9,96,ssa09_967843_A_T,967843
blk4047,9,97,ssa09_975853_G_C,975853
blk4048,9,98,ssa09_980377_T_A,980377
blk4049,9,99,ssa09_981387_C_G,981387
blk4050,9,100,ssa09_983855_A_T,983855
blk4051,9,101,ssa09_988880_G_C,988880
blk4052,9,102,ssa09_992342_T_A,992342
blk4053,9,103,ssa09_992520_C_G,992520
blk4054,9,104,ssa09_997628_A_T,997628
blk4055,9,105,ssa09_1003009_G_C,1003009
blk4056,9,106,ssa09_1018097_T_A,1018097
blk4057,9,107,ssa09_1020842_C_G,1020842
blk4058,9,108,ssa09_1025185_A_T,1025185
blk4059,9,109,ssa09_1035443_G_C,1035443
blk4060,9,110,ssa09_1049177_T_A,1049177
blk4061,9,111,ssa09_1065532_C_G,1065532
blk4062,9,112,ssa09_1076062_A_T,1076062
blk4063,9,113,ssa09_1084829_G_C,1084829
blk4064,9,114,ssa09_1085305_T_A,1085305
blk4065,9,115,ssa09_1087545_C_G,1087545
blk4066,9,116,ssa09_1123047_A_T,1123047
blk4067,9,117,ssa09_1128818_G_C,1128818
blk4068,9,118,ssa09_1141367_T_A,1141367
blk4069,9,119,ssa09_1169632_C_G,1169632
blk4070,9,120,ssa09_1174708_A_T,1174708
blk4071,9,121,ssa09_1180704_G_C,1180704
blk4072,9,122,ssa09_1196746_T_A,1196746
blk4073,9,123,ssa09_1212190_C_G,1212190
blk4074,9,124,ssa09_1244996_A_T,1244996
blk4075,9,125,ssa09_1247437_G_C,1247437
blk4076,9,126,ssa09_1260611_T_A,1260611
blk4077,9,127,ssa09_1270342_C_G,1270342
blk4078,9,128,ssa09_1281507_A_T,1281507
blk4079,9,129,ssa09_1283173_G_C,1283173
blk4080,9,130,ssa09_1285274_T_A,1285274
blk4081,9,131,ssa09_1305666_C_G,1305666
blk4082,9,132,ssa09_1310895_A_T,1310895
blk4083,9,133,ssa09_1312833_G_C,1312833
blk4084,9,134,ssa09_1325208_T_A,1325208
blk4085,9,135,ssa09_1328840_C_G,1328840
blk4086,9,136,ssa09_1335470_A_T,1335470
blk4087,9,137,ssa09_1343369_G_C,1343369
blk4088,9,138,ssa09_1352658_T_A,1352658
blk4089,9,139,ssa09_1361954_C_G,1361954
blk4090,9,140,ssa09_1366703_A_T,1366703
blk4091,9,141,ssa09_1370776_G_C,1370776
blk4092,9,142,ssa09_1377644_T_A,1377644
blk4093,9,143,ssa09_1386832_C_G,1386832
blk4094,9,144,ssa09_1409903_A_T,1409903
blk4095,9,145,ssa09_1415595_G_C,1415595
blk4096,9,146,ssa09_1423816_T_A,1423816
blk4097,9,147,ssa09_1426722_C_G,1426722
blk4098,9,148,ssa09_1434310_A_T,1434310
blk4099,9,149,ssa09_1436865_G_C,1436865
blk4100,9,150,ssa09_1438615_T_A,1438615
blk4101,9,151,ssa09_1447945_C_G,1447945
blk4102,9,152,ssa09_1453587_A_T,1453587
blk4103,9,153,ssa09_1471509_G_C,1471509
blk4104,9,154,ssa09_1481593_T_A,1481593
blk4105,9,155,ssa09_1487653_C_G,1487653
blk4106,9,156,ssa09_1502701_A_T,1502701
blk4107,9,157,ssa09_1506689_G_C,1506689
blk4108,9,158,ssa09_1529453_T_A,1529453
blk4109,9,159,ssa09_1538823_C_G,1538823
blk4110,9,160,ssa09_1560443_A_T,1560443
blk4111,9,161,ssa09_1562366_G_C,1562366
blk4112,9,162,ssa09_1568393_T_A,1568393
blk4113,9,163,ssa09_1568791_C_G,1568791
blk4114,9,164,ssa09_1579171_A_T,1579171
blk4115,9,165,ssa09_1581357_G_C,1581357
blk4116,9,166,ssa09_1585831_T_A,1585831
blk4117,9,167,ssa09_1600027_C_G,1600027
blk4118,9,168,ssa09_1650553_A_T,1650553
blk4119,9,169,ssa09_1651976_G_C,1651976
blk4120,9,170,ssa09_1657285_T_A,1657285
blk4121,9,171,ssa09_1666244_C_G,1666244
blk4122,9,172,ssa09_1707375_A_T,1707375
blk4123,9,173,ssa09_1740531_G_C,1740531
blk4124,9,174,ssa09_1756063_T_A,1756063
blk4125,9,175,ssa09_1758490_C_G,1758490
blk4126,9,176,ssa09_1764097_A_T,1764097
blk4127,9,177,ssa09_1775182_G_C,1775182
blk4128,9,178,ssa09_1780464_T_A,1780464
blk4129,9,179,ssa09_1788568_C_G,1788568
blk4130,9,180,ssa09_1788817_A_T,1788817
blk4131,9,181,ssa09_1790379_G_C,1790379
blk4132,9,182,ssa09_1790970_T_A,1790970
blk4133,9,183,ssa09_1828715_C_G,1828715
blk4134,9,184,ssa09_1844502_A_T,1844502
blk4135,9,185,ssa09_1846782_G_C,1846782
blk4136,9,186,ssa09_1849895_T_A,1849895
blk4137,9,187,ssa09_1858350_C_G,1858350
blk4138,9,188,ssa09_1867550_A_T,1867550
blk4139,9,189,ssa09_1867817_G_C,1867817
blk4140,9,190,ssa09_1895014_T_A,1895014
blk4141,9,191,ssa09_1905801_C_G,1905801
blk4142,9,192,ssa09_1911623_A_T,1911623
blk4143,9,193,ssa09_1917257_G_C,1917257
blk4144,9,194,ssa09_1942002_T_A,1942002
blk4145,9,195,ssa09_1959623_C_G,1959623
blk4146,9,196,ssa09_2017670_A_T,2017670
blk4147,9,197,ssa09_2045067_G_C,2045067
blk4148,9,198,ssa09_2078396_T_A,2078396
blk4149,9,199,ssa09_2094294_C_G,2094294
blk4150,9,200,ssa09_2111550_A_T,2111550
blk4151,9,201,ssa09_2118479_G_C,2118479
blk4152,9,202,ssa09_2123203_T_A,2123203
blk4153,9,203,ssa09_2128721_C_G,2128721
blk4154,9,204,ssa09_2137182_A_T,2137182
blk4155,9,205,ssa09_2137507_G_C,2137507
blk4156,9,206,ssa09_2139067_T_A,2139067
blk4157,9,207,ssa09_2145320_C_G,2145320
blk4158,9,208,ssa09_2160831_A_T,2160831
blk4159,9,209,ssa09_2164639_G_C,2164639
blk4160,9,210,ssa09_2168051_T_A,2168051
blk4161,9,211,ssa09_2177222_C_G,2177222
blk4162,9,212,ssa09_2195407_A_T,2195407
blk4163,9,213,ssa09_2212460_G_C,2212460
blk4164,9,214,ssa09_2217398_T_A,2217398
blk4165,9,215,ssa09_2218081_C_G,2218081
blk4166,9,216,ssa09_2221483_A_T,2221483
blk4167,9,217,ssa09_2227195_G_C,2227195
blk4168,9,218,ssa09_2248049_T_A,2248049
blk4169,9,219,ssa09_2251672_C_G,2251672
blk4170,9,220,ssa09_2254987_A_T,2254987
blk4171,9,221,ssa09_2257248_G_C,2257248
blk4172,9,222,ssa09_2257618_T_A,2257618
blk4173,9,223,ssa09_2261000_C_G,2261000
blk4174,9,224,ssa09_2262900_A_T,2262900
blk4175,9,225,ssa09_2263842_G_C,2263842
blk4176,9,226,ssa09_2268389_T_A,2268389
blk4177,9,227,ssa09_2275200_C_G,2275200
blk4178,9,228,ssa09_2278975_A_T,2278975
blk4179,9,229,ssa09_2284151_G_C,2284151
blk4180,9,230,ssa09_2300535_T_A,2300535
blk4181,9,231,ssa09_2309304_C_G,2309304
blk4182,9,232,ssa09_2312247_A_T,2312247
blk4183,9,233,ssa09_2355542_G_C,2355542
blk4184,9,234,ssa09_2361336_T_A,2361336
blk4185,9,235,ssa09_2363004_C_G,2363004
blk4186,9,236,ssa09_2364934_A_T,2364934
blk4187,9,237,ssa09_2368351_G_C,2368351
blk4188,9,238,ssa09_2381075_T_A,2381075
blk4189,9,239,ssa09_2381854_C_G,2381854
blk4190,9,240,ssa09_2384644_A_T,2384644
blk4191,9,241,ssa09_2391077_G_C,2391077
blk4192,9,242,ssa09_2392473_T_A,2392473
blk4193,9,243,ssa09_2406196_C_G,2406196
blk4194,9,244,ssa09_2408169_A_T,2408169
blk4195,9,245,ssa09_2409170_G_C,2409170
blk4196,9,246,ssa09_2409617_T_A,2409617
blk4197,9,247,ssa09_2420932_C_G,2420932
blk4198,9,248,ssa09_2433042_A_T,2433042
blk4199,9,249,ssa09_2439445_G_C,2439445
blk4200,9,250,ssa09_2447325_T_A,2447325
blk4201,9,251,ssa09_2450605_C_G,2450605
blk4202,9,252,ssa09_2461213_A_T,2461213
blk4203,9,253,ssa09_2480664_G_C,2480664
blk4204,9,254,ssa09_2481237_T_A,2481237
blk4205,9,255,ssa09_2492021_C_G,2492021
blk4206,9,256,ssa09_2499373_A_T,2499373
blk4207,9,257,ssa09_2500071_G_C,2500071
blk4208,9,258,ssa09_2500378_T_A,2500378
blk4209,9,259,ssa09_2503583_C_G,2503583
blk4210,9,260,ssa09_2522131_A_T,2522131
blk4211,9,261,ssa09_2525625_G_C,2525625
blk4212,9,262,ssa09_2528027_T_A,2528027
blk4213,9,263,ssa09_2533758_C_G,2533758
blk4214,9,264,ssa09_2537364_A_T,2537364
blk4215,9,265,ssa09_2539848_G_C,2539848
blk4216,9,266,ssa09_2557243_T_A,2557243
blk4217,9,267,ssa09_2565593_C_G,2565593
blk4218,9,268,ssa09_2574782_A_T,2574782
blk4219,9,269,ssa09_2592913_G_C,2592913
blk4220,9,270,ssa09_2597637_T_A,2597637
blk4221,9,271,ssa09_2601481_C_G,2601481
blk4222,9,272,ssa09_2612375_A_T,2612375
blk4223,9,273,ssa09_2621619_G_C,2621619
blk4224,9,274,ssa09_2622695_T_A,2622695
blk4225,9,275,ssa09_2630840_C_G,2630840
blk4226,9,276,ssa09_2690826_A_T,2690826
blk4227,9,277,ssa09_2694741_G_C,2694741
blk4228,9,278,ssa09_2696677_T_A,2696677
blk4229,9,279,ssa09_2715249_C_G,2715249
blk4230,9,280,ssa09_2718923_A_T,2718923
blk4231,9,281,ssa09_2736325_G_C,2736325
blk4232,9,282,ssa09_2737612_T_A,2737612
blk4233,9,283,ssa09_2750041_C_G,2750041
blk4234,9,284,ssa09_2801474_A_T,2801474
blk4235,9,285,ssa09_2817025_G_C,2817025
blk4236,9,286,ssa09_2817696_T_A,2817696
blk4237,9,287,ssa09_2839720_C_G,2839720
blk4238,9,288,ssa09_2842772_A_T,2842772
blk4239,9,289,ssa09_2855515_G_C,2855515
blk4240,9,290,ssa09_2863585_T_A,2863585
blk4241,9,291,ssa09_2865034_C_G,2865034
blk4242,9,292,ssa09_2881939_A_T,2881939
blk4243,9,293,ssa09_2888337_G_C,2888337
blk4244,9,294,ssa09_2904453_T_A,2904453
blk4245,9,295,ssa09_2934886_C_G,2934886
blk4246,9,296,ssa09_2936848_A_T,2936848
blk4247,9,297,ssa09_2956695_G_C,2956695
blk4248,9,298,ssa09_2965000_T_A,2965000
blk4249,9,299,ssa09_2978104_C_G,2978104
blk4250,9,300,ssa09_2983308_A_T,2983308
blk4251,9,301,ssa09_2984859_G_C,2984859
blk4252,9,302,ssa09_2986667_T_A,2986667
blk4253,9,303,ssa09_3008370_C_G,3008370
blk4254,9,304,ssa09_3019582_A_T,3019582
blk4255,9,305,ssa09_3021906_G_C,3021906
blk4256,9,306,ssa09_3025553_T_A,3025553
blk4257,9,307,ssa09_3040758_C_G,3040758
blk4258,9,308,ssa09_3050815_A_T,3050815
blk4259,9,309,ssa09_3051271_G_C,3051271
blk4260,9,310,ssa09_3090360_T_A,3090360
blk4261,9,311,ssa09_3093682_C_G,3093682
blk4262,9,312,ssa09_3099846_A_T,3099846
blk4263,9,313,ssa09_3103557_G_C,3103557
blk4264,9,314,ssa09_3106780_T_A,3106780
blk4265,9,315,ssa09_3120394_C_G,3120394
blk4266,9,316,ssa09_3125424_A_T,3125424
blk4267,9,317,ssa09_3136899_G_C,3136899
blk4268,9,318,ssa09_3146931_T_A,3146931
blk4269,9,319,ssa09_3150528_C_G,3150528
blk4270,9,320,ssa09_3153910_A_T,3153910
blk4271,9,321,ssa09_3174232_G_C,3174232
blk4272,9,322,ssa09_3177625_T_A,3177625
blk4273,9,323,ssa09_3181450_C_G,3181450
blk4274,9,324,ssa09_3182767_A_T,3182767
blk4275,9,325,ssa09_3185558_G_C,3185558
blk4276,9,326,ssa09_3198535_T_A,3198535
blk4276,9,327,ssa09_3198598_C_G,3198598
blk4277,9,328,ssa09_3198842_A_T,3198842
blk4278,9,329,ssa09_3216169_G_C,3216169
blk4278,9,330,ssa09_3216264_T_A,3216264
blk4279,9,331,ssa09_3250758_C_G,3250758
blk4280,9,332,ssa09_3292570_A_T,3292570
blk4281,9,333,ssa09_3304906_G_C,3304906
blk4282,9,334,ssa09_3314326_T_A,3314326
blk4283,9,335,ssa09_3322940_C_G,3322940
blk4284,9,336,ssa09_3324286_A_T,3324286
blk4285,9,337,ssa09_3328985_G_C,3328985
blk4286,9,338,ssa09_3340320_T_A,3340320
blk4287,9,339,ssa09_3349106_C_G,3349106
blk4288,9,340,ssa09_3349534_A_T,3349534
blk4289,9,341,ssa09_3353155_G_C,3353155
blk4290,9,342,ssa09_3357671_T_A,3357671
blk4291,9,343,ssa09_3370098_C_G,3370098
blk4292,9,344,ssa09_3391804_A_T,3391804
blk4293,9,345,ssa09_3405678_G_C,3405678
blk4294,9,346,ssa09_3412784_T_A,3412784
blk4295,9,347,ssa09_3466044_C_G,3466044
blk4296,9,348,ssa09_3474324_A_T,3474324
blk4297,9,349,ssa09_3479022_G_C,3479022
blk4298,9,350,ssa09_3486347_T_A,3486347
blk4299,9,351,ssa09_3501196_C_G,3501196
blk4300,9,352,ssa09_3502359_A_T,3502359
blk4301,9,353,ssa09_3506894_G_C,3506894
blk4302,9,354,ssa09_3523806_T_A,3523806
blk4303,9,355,ssa09_3524073_C_G,3524073
blk4304,9,356,ssa09_3534069_A_T,3534069
blk4305,9,357,ssa09_3541176_G_C,3541176
blk4306,9,358,ssa09_3546148_T_A,3546148
blk4307,9,359,ssa09_3547245_C_G,3547245
blk4308,9,360,ssa09_3548947_A_T,3548947
blk4309,9,361,ssa09_3555301_G_C,3555301
blk4310,9,362,ssa09_3570888_T_A,3570888
blk4311,9,363,ssa09_3581906_C_G,3581906
blk4312,9,364,ssa09_3587684_A_T,3587684
blk4313,9,365,ssa09_3588460_G_C,3588460
blk4314,9,366,ssa09_3592275_T_A,3592275
blk4315,9,367,ssa09_3595888_C_G,3595888
blk4316,9,368,ssa09_3605090_A_T,3605090
blk4317,9,369,ssa09_3617977_G_C,3617977
blk4318,9,370,ssa09_3619012_T_A,3619012
blk4319,9,371,ssa09_3629794_C_G,3629794
blk4320,9,372,ssa09_3631012_A_T,3631012
blk4321,9,373,ssa09_3636325_G_C,3636325
blk4322,9,374,ssa09_3640215_T_A,3640215
blk4323,9,375,ssa09_3664000_C_G,3664000
blk4324,9,376,ssa09_3665441_A_T,3665441
blk4325,9,377,ssa09_3670036_G_C,3670036
blk4326,9,378,ssa09_3670508_T_A,3670508
blk4327,9,379,ssa09_3686323_C_G,3686323
blk4328,9,380,ssa09_3707858_A_T,3707858
blk4329,9,381,ssa09_3717155_G_C,3717155
blk4330,9,382,ssa09_3747198_T_A,3747198
blk4331,9,383,ssa09_3747371_C_G,3747371
blk4332,9,384,ssa09_3749835_A_T,3749835
blk4333,9,385,ssa09_3759931_G_C,3759931
blk4334,9,386,ssa09_3771917_T_A,3771917
blk4335,9,387,ssa09_3772807_C_G,3772807
blk4336,9,388,ssa09_3773307_A_T,3773307
blk4337,9,389,ssa09_3807337_G_C,3807337
blk4338,9,390,ssa09_3813757_T_A,3813757
blk4339,9,391,ssa09_3816618_C_G,3816618
blk4340,9,392,ssa09_3827236_A_T,3827236
blk4341,9,393,ssa09_3834189_G_C,3834189
blk4342,9,394,ssa09_3839125_T_A,3839125
blk4343,9,395,ssa09_3849078_C_G,3849078
blk4344,9,396,ssa09_3851286_A_T,3851286
blk4345,9,397,ssa09_3864493_G_C,3864493
blk4346,9,398,ssa09_3869121_T_A,3869121
blk4347,9,399,ssa09_3870992_C_G,3870992
blk4348,9,400,ssa09_3874145_A_T,3874145
blk4349,9,401,ssa09_3938348_G_C,3938348
blk4350,9,402,ssa09_3944731_T_A,3944731
blk4351,9,403,ssa09_3950319_C_G,3950319
blk4352,9,404,ssa09_3957801_A_T,3957801
blk4353,9,405,ssa09_3958876_G_C,3958876
blk4354,9,406,ssa09_3984129_T_A,3984129
blk4355,9,407,ssa09_4029700_C_G,4029700
blk4356,9,408,ssa09_4048558_A_T,4048558
blk4357,9,409,ssa09_4052178_G_C,4052178
blk4358,9,410,ssa09_4053716_T_A,4053716
blk4359,9,411,ssa09_4074377_C_G,4074377
blk4360,9,412,ssa09_4074573_A_T,4074573
blk4361,9,413,ssa09_4094890_G_C,4094890
blk4362,9,414,ssa09_4097402_T_A,4097402
blk4363,9,415,ssa09_4106000_C_G,4106000
blk4364,9,416,ssa09_4111695_A_T,4111695
blk4365,9,417,ssa09_4120162_G_C,4120162
blk4366,9,418,ssa09_4122562_T_A,4122562
blk4367,9,419,ssa09_4132968_C_G,4132968
blk4368,9,420,ssa09_4141090_A_T,4141090
blk4369,9,421,ssa09_4146148_G_C,4146148
blk4370,9,422,ssa09_4166260_T_A,4166260
blk4371,9,423,ssa09_4180522_C_G,4180522
blk4372,9,424,ssa09_4185893_A_T,4185893
blk4373,9,425,ssa09_4194292_G_C,4194292
blk4374,9,426,ssa09_4196851_T_A,4196851
blk4375,9,427,ssa09_4206123_C_G,4206123
blk4376,9,428,ssa09_4226303_A_T,4226303
blk4377,9,429,ssa09_4236209_G_C,4236209
blk4378,9,430,ssa09_4242195_T_A,4242195
blk4379,9,431,ssa09_4254728_C_G,4254728
blk4380,9,432,ssa09_4260505_A_T,4260505
blk4381,9,433,ssa09_4280969_G_C,4280969
blk4382,9,434,ssa09_4289952_T_A,4289952
blk4383,9,435,ssa09_4321812_C_G,4321812
blk4384,9,436,ssa09_4327341_A_T,4327341
blk4385,9,437,ssa09_4334151_G_C,4334151
blk4386,9,438,ssa09_4344111_T_A,4344111
blk4387,9,439,ssa09_4356945_C_G,4356945
blk4388,9,440,ssa09_4362250_A_T,4362250
blk4389,9,441,ssa09_4403583_G_C,4403583
blk4390,9,442,ssa09_4413091_T_A,4413091
blk4391,9,443,ssa09_4431892_C_G,4431892
blk4392,9,444,ssa09_4434375_A_T,4434375
blk4393,9,445,ssa09_4461573_G_C,4461573
blk4394,9,446,ssa09_4477103_T_A,4477103
blk4395,9,447,ssa09_4479695_C_G,4479695
blk4396,9,448,ssa09_4483684_A_T,4483684
blk4397,9,449,ssa09_4509467_G_C,4509467
blk4398,9,450,ssa09_4517662_T_A,4517662
blk4399,9,451,ssa09_4524676_C_G,4524676
blk4400,9,452,ssa09_4530254_A_T,4530254
blk4401,9,453,ssa09_4534744_G_C,4534744
blk4402,9,454,ssa09_4543599_T_A,4543599
blk4403,9,455,ssa09_4546468_C_G,4546468
blk4404,9,456,ssa09_4560386_A_T,4560386
blk4405,9,457,ssa09_4567842_G_C,4567842
blk4406,9,458,ssa09_4569226_T_A,4569226
blk4407,9,459,ssa09_4573772_C_G,4573772
blk4408,9,460,ssa09_4574025_A_T,4574025
blk4409,9,461,ssa09_4580300_G_C,4580300
blk4410,9,462,ssa09_4591684_T_A,4591684
blk4411,9,463,ssa09_4606290_C_G,4606290
blk4412,9,464,ssa09_4653890_A_T,4653890
blk4413,9,465,ssa09_4656783_G_C,4656783
blk4414,9,466,ssa09_4669079_T_A,4669079
blk4415,9,467,ssa09_4670268_C_G,4670268
blk4416,9,468,ssa09_4681096_A_T,4681096
blk4417,9,469,ssa09_4709173_G_C,4709173
blk4418,9,470,ssa09_4713032_T_A,4713032
blk4419,9,471,ssa09_4736279_C_G,4736279
blk4420,9,472,ssa09_4749992_A_T,4749992
blk4421,9,473,ssa09_4756615_G_C,4756615
blk4422,9,474,ssa09_4785992_T_A,4785992
blk4423,9,475,ssa09_4792563_C_G,4792563
blk4424,9,476,ssa09_4795551_A_T,4795551
blk4425,9,477,ssa09_4802770_G_C,4802770
blk4426,9,478,ssa09_4810479_T_A,4810479
blk4427,9,479,ssa09_4814307_C_G,4814307
blk4428,9,480,ssa09_4829202_A_T,4829202
blk4429,9,481,ssa09_4832229_G_C,4832229
blk4430,9,482,ssa09_4857294_T_A,4857294
blk4431,9,483,ssa09_4869931_C_G,4869931
blk4432,9,484,ssa09_4872083_A_T,4872083
blk4433,9,485,ssa09_4884417_G_C,4884417
blk4434,9,486,ssa09_4888716_T_A,4888716
blk4435,9,487,ssa09_4890146_C_G,4890146
blk4436,9,488,ssa09_4902110_A_T,4902110
blk4437,9,489,ssa09_4916100_G_C,4916100
blk4438,9,490,ssa09_4933740_T_A,4933740
blk4439,9,491,ssa09_4935102_C_G,4935102
blk4440,9,492,ssa09_4941249_A_T,4941249
blk4441,9,493,ssa09_4945734_G_C,4945734
blk4442,9,494,ssa09_4953555_T_A,4953555
blk4443,9,495,ssa09_4959254_C_G,4959254
blk4444,9,496,ssa09_4966905_A_T,4966905
blk4445,9,497,ssa09_4970607_G_C,4970607
blk4446,9,498,ssa09_4976324_T_A,4976324
blk4447,9,499,ssa09_4993175_C_G,4993175
blk4448,10,0,ssa10_7511_A_T,7511
blk4449,10,1,ssa10_9481_G_C,9481
blk4450,10,2,ssa10_33689_T_A,33689
blk4451,10,3,ssa10_38721_C_G,38721
blk4452,10,4,ssa10_39226_A_T,39226
blk4453,10,5,ssa10_67556_G_C,67556
blk4454,10,6,ssa10_93700_T_A,93700
blk4455,10,7,ssa10_108656_C_G,108656
blk4456,10,8,ssa10_112949_A_T,112949
blk4456,10,9,ssa10_113034_G_C,113034
blk4457,10,10,ssa10_126962_T_A,126962
blk4458,10,11,ssa10_162569_C_G,162569
blk4459,10,12,ssa10_169562_A_T,169562
blk4460,10,13,ssa10_201421_G_C,201421
blk4461,10,14,ssa10_228365_T_A,228365
blk4462,10,15,ssa10_230628_C_G,230628
blk4463,10,16,ssa10_253163_A_T,253163
blk4464,10,17,ssa10_262819_G_C,262819
blk4465,10,18,ssa10_273406_T_A,273406
blk4466,10,19,ssa10_277656_C_G,277656
blk4467,10,20,ssa10_284667_A_T,284667
blk4468,10,21,ssa10_285682_G_C,285682
blk4468,10,22,ssa10_285693_T_A,285693
blk4469,10,23,ssa10_293593_C_G,293593
blk4470,10,24,ssa10_304443_A_T,304443
blk4471,10,25,ssa10_309795_G_C,309795
blk4472,10,26,ssa10_316434_T_A,316434
blk4473,10,27,ssa10_339744_C_G,339744
blk4474,10,28,ssa10_342558_A_T,342558
blk4475,10,29,ssa10_354389_G_C,354389
blk4476,10,30,ssa10_354980_T_A,354980
blk4477,10,31,ssa10_357157_C_G,357157
blk4478,10,32,ssa10_357578_A_T,357578
blk4479,10,33,ssa10_368690_G_C,368690
blk4480,10,34,ssa10_391142_T_A,391142
blk4481,10,35,ssa10_402244_C_G,402244
blk4482,10,36,ssa10_422964_A_T,422964
blk4483,10,37,ssa10_423758_G_C,423758
blk4484,10,38,ssa10_433833_T_A,433833
blk4485,10,39,ssa10_458634_C_G,458634
blk4486,10,40,ssa10_464405_A_T,464405
blk4487,10,41,ssa10_464697_G_C,464697
blk4488,10,42,ssa10_472622_T_A,472622
blk4488,10,43,ssa10_472649_C_G,472649
blk4489,10,44,ssa10_476009_A_T,476009
blk4490,10,45,ssa10_496131_G_C,496131
blk4491,10,46,ssa10_515311_T_A,515311
blk4492,10,47,ssa10_535314_C_G,535314
blk4493,10,48,ssa10_540788_A_T,540788
blk4494,10,49,ssa10_547622_G_C,547622
blk4495,10,50,ssa10_555348_T_A,555348
blk4496,10,51,ssa10_555912_C_G,555912
blk4497,10,52,ssa10_566691_A_T,566691
blk4498,10,53,ssa10_570644_G_C,570644
blk4499,10,54,ssa10_580106_T_A,580106
blk4500,10,55,ssa10_592244_C_G,592244
blk4501,10,56,ssa10_605387_A_T,605387
blk4502,10,57,ssa10_606132_G_C,606132
blk4503,10,58,ssa10_614499_T_A,614499
blk4504,10,59,ssa10_624719_C_G,624719
blk4505,10,60,ssa10_626247_A_T,626247
blk4506,10,61,ssa10_648054_G_C,648054
blk4507,10,62,ssa10_648193_T_A,648193
blk4508,10,63,ssa10_655370_C_G,655370
blk4509,10,64,ssa10_657752_A_T,657752
blk4510,10,65,ssa10_667004_G_C,667004
blk4511,10,66,ssa10_678056_T_A,678056
blk4512,10,67,ssa10_681656_C_G,681656
blk4513,10,68,ssa10_688709_A_T,688709
blk4514,10,69,ssa10_694094_G_C,694094
blk4515,10,70,ssa10_700926_T_A,700926
blk4516,10,71,ssa10_701674_C_G,701674
blk4517,10,72,ssa10_710507_A_T,710507
blk4518,10,73,ssa10_713589_G_C,713589
blk4519,10,74,ssa10_718908_T_A,718908
blk4520,10,75,ssa10_741134_C_G,741134
blk4521,10,76,ssa10_749697_A_T,749697
blk4522,10,77,ssa10_773050_G_C,773050
blk4523,10,78,ssa10_774495_T_A,774495
blk4524,10,79,ssa10_790330_C_G,790330
blk4525,10,80,ssa10_806105_A_T,806105
blk4526,10,81,ssa10_809514_G_C,809514
blk4527,10,82,ssa10_819374_T_A,819374
blk4528,10,83,ssa10_826143_C_G,826143
blk4529,10,84,ssa10_829108_A_T,829108
blk4530,10,85,ssa10_831511_G_C,831511
blk4531,10,86,ssa10_838669_T_A,838669
blk4532,10,87,ssa10_846320_C_G,846320
blk4533,10,88,ssa10_848783_A_T,848783
blk4534,10,89,ssa10_879453_G_C,879453
blk4535,10,90,ssa10_883369_T_A,883369
blk4536,10,91,ssa10_885932_C_G,885932
blk4537,10,92,ssa10_902599_A_T,902599
blk4538,10,93,ssa10_904868_G_C,904868
blk4539,10,94,ssa10_908967_T_A,908967
blk4540,10,95,ssa10_912439_C_G,912439
blk4541,10,96,ssa10_912684_A_T,912684
blk4542,10,97,ssa10_921047_G_C,921047
blk4543,10,98,ssa10_931024_T_A,931024
blk4544,10,99,ssa10_943799_C_G,943799
blk4545,10,100,ssa10_961322_A_T,961322
blk4546,10,101,ssa10_967694_G_C,967694
blk4547,10,102,ssa10_985225_T_A,985225
blk4548,10,103,ssa10_997107_C_G,997107
blk4549,10,104,ssa10_1013523_A_T,1013523
blk4550,10,105,ssa10_1029562_G_C,1029562
blk4551,10,106,ssa10_1031732_T_A,1031732
blk4552,10,107,ssa10_1038242_C_G,1038242
blk4553,10,108,ssa10_1041271_A_T,1041271
blk4554,10,109,ssa10_1054647_G_C,1054647
blk4555,10,110,ssa10_1056447_T_A,1056447
blk4556,10,111,ssa10_1060289_C_G,1060289
blk4557,10,112,ssa10_1074461_A_T,1074461
blk4558,10,113,ssa10_1117330_G_C,1117330
blk4559,10,114,ssa10_1118294_T_A,1118294
blk4560,10,115,ssa10_1125116_C_G,1125116
blk4561,10,116,ssa10_1153212_A_T,1153212
blk4562,10,117,ssa10_1157046_G_C,1157046
blk4563,10,118,ssa10_1160511_T_A,1160511
blk4564,10,119,ssa10_1168890_C_G,1168890
blk4565,10,120,ssa10_1183817_A_T,1183817
blk4566,10,121,ssa10_1193359_G_C,1193359
blk4567,10,122,ssa10_1205204_T_A,1205204
blk4568,10,123,ssa10_1224803_C_G,1224803
blk4569,10,124,ssa10_1242858_A_T,1242858
blk4570,10,125,ssa10_1254716_G_C,1254716
blk4571,10,126,ssa10_1258526_T_A,1258526
blk4572,10,127,ssa10_1269411_C_G,1269411
blk4573,10,128,ssa10_1276288_A_T,1276288
blk4574,10,129,ssa10_1283251_G_C,1283251
blk4575,10,130,ssa10_1286699_T_A,1286699
blk4576,10,131,ssa10_1308920_C_G,1308920
blk4577,10,132,ssa10_1313507_A_T,1313507
blk4578,10,133,ssa10_1316772_G_C,1316772
blk4579,10,134,ssa10_1354035_T_A,1354035
blk4580,10,135,ssa10_1365213_C_G,1365213
blk4581,10,136,ssa10_1371226_A_T,1371226
blk4582,10,137,ssa10_1377993_G_C,1377993
blk4583,10,138,ssa10_1442437_T_A,1442437
blk4584,10,139,ssa10_1457956_C_G,1457956
blk4585,10,140,ssa10_1470965_A_T,1470965
blk4586,10,141,ssa10_1474018_G_C,1474018
blk4587,10,142,ssa10_1496008_T_A,1496008
blk4588,10,143,ssa10_1519372_C_G,1519372
blk4589,10,144,ssa10_1527850_A_T,1527850
blk4590,10,145,ssa10_1533953_G_C,1533953
blk4591,10,146,ssa10_1551871_T_A,1551871
blk4592,10,147,ssa10_1555315_C_G,1555315
blk4593,10,148,ssa10_1577996_A_T,1577996
blk4594,10,149,ssa10_1592747_G_C,1592747
blk4595,10,150,ssa10_1602798_T_A,1602798
blk4596,10,151,ssa10_1610277_C_G,1610277
blk4597,10,152,ssa10_1634074_A_T,1634074
blk4598,10,153,ssa10_1642979_G_C,1642979
blk4599,10,154,ssa10_1651690_T_A,1651690
blk4600,10,155,ssa10_1652214_C_G,1652214
blk4601,10,156,ssa10_1662636_A_T,1662636
blk4602,10,157,ssa10_1680823_G_C,1680823
blk4603,10,158,ssa10_1692814_T_A,1692814
blk4604,10,159,ssa10_1693101_C_G,1693101
blk4605,10,160,ssa10_1698565_A_T,1698565
blk4606,10,161,ssa10_1701686_G_C,1701686
blk4607,10,162,ssa10_1702733_T_A,1702733
blk4608,10,163,ssa10_1718627_C_G,1718627
blk4609,10,164,ssa10_1729686_A_T,1729686
blk4610,10,165,ssa10_1732963_G_C,1732963
blk4611,10,166,ssa10_1739089_T_A,1739089
blk4612,10,167,ssa10_1761266_C_G,1761266
blk4613,10,168,ssa10_1788055_A_T,1788055
blk4614,10,169,ssa10_1789835_G_C,1789835
blk4615,10,170,ssa10_1805109_T_A,1805109
blk4616,10,171,ssa10_1821732_C_G,1821732
blk4617,10,172,ssa10_1827871_A_T,1827871
blk4618,10,173,ssa10_1835529_G_C,1835529
blk4619,10,174,ssa10_1842535_T_A,1842535
blk4620,10,175,ssa10_1852250_C_G,1852250
blk4621,10,176,ssa10_1867395_A_T,1867395
blk4622,10,177,ssa10_1878807_G_C,1878807
blk4623,10,178,ssa10_1882382_T_A,1882382
blk4624,10,179,ssa10_1883272_C_G,1883272
blk4625,10,180,ssa10_1903935_A_T,1903935
blk4626,10,181,ssa10_1906010_G_C,1906010
blk4627,10,182,ssa10_1910474_T_A,1910474
blk4628,10,183,ssa10_1911149_C_G,1911149
blk4629,10,184,ssa10_1934136_A_T,1934136
blk4630,10,185,ssa10_1984911_G_C,1984911
blk4631,10,186,ssa10_1986102_T_A,1986102
blk4632,10,187,ssa10_1991197_C_G,1991197
blk4633,10,188,ssa10_1998364_A_T,1998364
blk4634,10,189,ssa10_2005756_G_C,2005756
blk4635,10,190,ssa10_2031489_T_A,2031489
blk4636,10,191,ssa10_2039473_C_G,2039473
blk4637,10,192,ssa10_2043539_A_T,2043539
blk4638,10,193,ssa10_2055039_G_C,2055039
blk4639,10,194,ssa10_2057364_T_A,2057364
blk4640,10,195,ssa10_2060064_C_G,2060064
blk4641,10,196,ssa10_2099660_A_T,2099660
blk4642,10,197,ssa10_2104092_G_C,2104092
blk4643,10,198,ssa10_2107217_T_A,2107217
blk4644,10,199,ssa10_2109680_C_G,2109680
blk4645,10,200,ssa10_2115433_A_T,2115433
blk4646,10,201,ssa10_2119048_G_C,2119048
blk4647,10,202,ssa10_2128323_T_A,2128323
blk4648,10,203,ssa10_2129212_C_G,2129212
blk4649,10,204,ssa10_2133815_A_T,2133815
blk4650,10,205,ssa10_2144562_G_C,2144562
blk4651,10,206,ssa10_2146279_T_A,2146279
blk4652,10,207,ssa10_2160982_C_G,2160982
blk4653,10,208,ssa10_2162613_A_T,2162613
blk4654,10,209,ssa10_2166441_G_C,2166441
blk4655,10,210,ssa10_2183932_T_A,2183932
blk4656,10,211,ssa10_2187139_C_G,2187139
blk4657,10,212,ssa10_2234572_A_T,2234572
blk4658,10,213,ssa10_2242280_G_C,2242280
blk4659,10,214,ssa10_2262368_T_A,2262368
blk4660,10,215,ssa10_2263002_C_G,2263002
blk4661,10,216,ssa10_2268023_A_T,2268023
blk4662,10,217,ssa10_2287525_G_C,2287525
blk4663,10,218,ssa10_2298962_T_A,2298962
blk4664,10,219,ssa10_2306708_C_G,2306708
blk4665,10,220,ssa10_2318863_A_T,2318863
blk4666,10,221,ssa10_2327622_G_C,2327622
blk4667,10,222,ssa10_2329643_T_A,2329643
blk4668,10,223,ssa10_2335486_C_G,2335486
blk4669,10,224,ssa10_2340120_A_T,2340120
blk4670,10,225,ssa10_2348063_G_C,2348063
blk4671,10,226,ssa10_2351934_T_A,2351934
blk4672,10,227,ssa10_2364891_C_G,2364891
blk4673,10,228,ssa10_2368647_A_T,2368647
blk4674,10,229,ssa10_2369951_G_C,2369951
blk4675,10,230,ssa10_2371228_T_A,2371228
blk4676,10,231,ssa10_2378090_C_G,2378090
blk4677,10,232,ssa10_2380268_A_T,2380268
blk4678,10,233,ssa10_2424027_G_C,2424027
blk4679,10,234,ssa10_2434621_T_A,2434621
blk4680,10,235,ssa10_2446717_C_G,2446717
blk4681,10,236,ssa10_2472619_A_T,2472619
blk4682,10,237,ssa10_2474688_G_C,2474688
blk4683,10,238,ssa10_2499445_T_A,2499445
blk4684,10,239,ssa10_2501814_C_G,2501814
blk4685,10,240,ssa10_2502218_A_T,2502218
blk4686,10,241,ssa10_2505194_G_C,2505194
blk4687,10,242,ssa10_2506683_T_A,2506683
blk4688,10,243,ssa10_2509628_C_G,2509628
blk4689,10,244,ssa10_2515080_A_T,2515080
blk4690,10,245,ssa10_2543892_G_C,2543892
blk4691,10,246,ssa10_2548604_T_A,2548604
blk4692,10,247,ssa10_2572982_C_G,2572982
blk4693,10,248,ssa10_2593804_A_T,2593804
blk4694,10,249,ssa10_2599755_G_C,2599755
blk4695,10,250,ssa10_2609594_T_A,2609594
blk4696,10,251,ssa10_2622332_C_G,2622332
blk4697,10,252,ssa10_2622714_A_T,2622714
blk4698,10,253,ssa10_2627277_G_C,2627277
blk4699,10,254,ssa10_2629081_T_A,2629081
blk4700,10,255,ssa10_2682730_C_G,2682730
blk4701,10,256,ssa10_2691080_A_T,2691080
blk4702,10,257,ssa10_2718748_G_C,2718748
blk4703,10,258,ssa10_2729347_T_A,2729347
blk4704,10,259,ssa10_2741495_C_G,2741495
blk4705,10,260,ssa10_2756938_A_T,2756938
blk4706,10,261,ssa10_2760085_G_C,2760085
blk4707,10,262,ssa10_2766138_T_A,2766138
blk4708,10,263,ssa10_2766609_C_G,2766609
blk4709,10,264,ssa10_2788717_A_T,2788717
blk4710,10,265,ssa10_2793812_G_C,2793812
blk4711,10,266,ssa10_2799611_T_A,2799611
blk4712,10,267,ssa10_2810939_C_G,2810939
blk4713,10,268,ssa10_2812156_A_T,2812156
blk4714,10,269,ssa10_2833109_G_C,2833109
blk4715,10,270,ssa10_2834709_T_A,2834709
blk4716,10,271,ssa10_2854976_C_G,2854976
blk4717,10,272,ssa10_2895633_A_T,2895633
blk4718,10,273,ssa10_2901235_G_C,2901235
blk4719,10,274,ssa10_2919412_T_A,2919412
blk4720,10,275,ssa10_2928015_C_G,2928015
blk4721,10,276,ssa10_2953151_A_T,2953151
blk4722,10,277,ssa10_2959710_G_C,2959710
blk4723,10,278,ssa10_2961095_T_A,2961095
blk4724,10,279,ssa10_2966285_C_G,2966285
blk4725,10,280,ssa10_2969646_A_T,2969646
blk4726,10,281,ssa10_2985666_G_C,2985666
blk4727,10,282,ssa10_2989544_T_A,2989544
blk4728,10,283,ssa10_2994853_C_G,2994853
blk4729,10,284,ssa10_3002554_A_T,3002554
blk4730,10,285,ssa10_3007261_G_C,3007261
blk4731,10,286,ssa10_3013840_T_A,3013840
blk4732,10,287,ssa10_3017768_C_G,3017768
blk4733,10,288,ssa10_3029806_A_T,3029806
blk4734,10,289,ssa10_3035956_G_C,3035956
blk4735,10,290,ssa10_3040839_T_A,3040839
blk4736,10,291,ssa10_3043806_C_G,3043806
blk4737,10,292,ssa10_3060182_A_T,3060182
blk4738,10,293,ssa10_3067713_G_C,3067713
blk4739,10,294,ssa10_3068989_T_A,3068989
blk4740,10,295,ssa10_3070190_C_G,3070190
blk4741,10,296,ssa10_3076453_A_T,3076453
blk4742,10,297,ssa10_3088901_G_C,3088901
blk4743,10,298,ssa10_3095504_T_A,3095504
blk4744,10,299,ssa10_3096729_C_G,3096729
blk4745,10,300,ssa10_3097917_A_T,3097917
blk4746,10,301,ssa10_3116594_G_C,3116594
blk4747,10,302,ssa10_3120605_T_A,3120605
blk4748,10,303,ssa10_3147097_C_G,3147097
blk4749,10,304,ssa10_3147553_A_T,3147553
blk4750,10,305,ssa10_3148283_G_C,3148283
blk4751,10,306,ssa10_3159460_T_A,3159460
blk4752,10,307,ssa10_3165512_C_G,3165512
blk4753,10,308,ssa10_3169459_A_T,3169459
blk4754,10,309,ssa10_3173261_G_C,3173261
blk4755,10,310,ssa10_3193755_T_A,3193755
blk4756,10,311,ssa10_3205386_C_G,3205386
blk4757,10,312,ssa10_3207728_A_T,3207728
blk4758,10,313,ssa10_3218092_G_C,3218092
blk4759,10,314,ssa10_3234017_T_A,3234017
blk4760,10,315,ssa10_3242301_C_G,3242301
blk4761,10,316,ssa10_3245620_A_T,3245620
blk4762,10,317,ssa10_3254170_G_C,3254170
blk4763,10,318,ssa10_3256722_T_A,3256722
blk4764,10,319,ssa10_3261656_C_G,3261656
blk4765,10,320,ssa10_3262282_A_T,3262282
blk4766,10,321,ssa10_3269304_G_C,3269304
blk4767,10,322,ssa10_3274534_T_A,3274534
blk4768,10,323,ssa10_3286889_C_G,3286889
blk4769,10,324,ssa10_3298424_A_T,3298424
blk4769,10,325,ssa10_3298462_G_C,3298462
blk4770,10,326,ssa10_3298946_T_A,3298946
blk4771,10,327,ssa10_3299418_C_G,3299418
blk4772,10,328,ssa10_3301811_A_T,3301811
blk4773,10,329,ssa10_3311690_G_C,3311690
blk4774,10,330,ssa10_3339802_T_A,3339802
blk4775,10,331,ssa10_3362187_C_G,3362187
blk4776,10,332,ssa10_3362693_A_T,3362693
blk4777,10,333,ssa10_3364870_G_C,3364870
blk4778,10,334,ssa10_3384193_T_A,3384193
blk4779,10,335,ssa10_3400798_C_G,3400798
blk4780,10,336,ssa10_3415025_A_T,3415025
blk4781,10,337,ssa10_3424736_G_C,3424736
blk4782,10,338,ssa10_3432990_T_A,3432990
blk4783,10,339,ssa10_3441169_C_G,3441169
blk4784,10,340,ssa10_3443523_A_T,3443523
blk4785,10,341,ssa10_3454569_G_C,3454569
blk4786,10,342,ssa10_3463572_T_A,3463572
blk4787,10,343,ssa10_3468347_C_G,3468347
blk4788,10,344,ssa10_3474457_A_T,3474457
blk4789,10,345,ssa10_3480496_G_C,3480496
blk4790,10,346,ssa10_3486551_T_A,3486551
blk4791,10,347,ssa10_3517983_C_G,3517983
blk4792,10,348,ssa10_3520075_A_T,3520075
blk4793,10,349,ssa10_3520414_G_C,3520414
blk4794,10,350,ssa10_3522888_T_A,3522888
blk4795,10,351,ssa10_3542457_C_G,3542457
blk4796,10,352,ssa10_3551866_A_T,3551866
blk4797,10,353,ssa10_3562101_G_C,3562101
blk4798,10,354,ssa10_3567929_T_A,3567929
blk4799,10,355,ssa10_3573219_C_G,3573219
blk4800,10,356,ssa10_3583468_A_T,3583468
blk4801,10,357,ssa10_3585710_G_C,3585710
blk4802,10,358,ssa10_3605193_T_A,3605193
blk4803,10,359,ssa10_3616393_C_G,3616393
blk4804,10,360,ssa10_3627549_A_T,3627549
blk4805,10,361,ssa10_3638139_G_C,3638139
blk4806,10,362,ssa10_3643204_T_A,3643204
blk4807,10,363,ssa10_3652999_C_G,3652999
blk4808,10,364,ssa10_3653825_A_T,3653825
blk4809,10,365,ssa10_3671878_G_C,3671878
blk4810,10,366,ssa10_3681724_T_A,3681724
blk4811,10,367,ssa10_3689377_C_G,3689377
blk4812,10,368,ssa10_3711652_A_T,3711652
blk4813,10,369,ssa10_3712745_G_C,3712745
blk4814,10,370,ssa10_3717365_T_A,3717365
blk4815,10,371,ssa10_3717616_C_G,3717616
blk4816,10,372,ssa10_3721250_A_T,3721250
blk4817,10,373,ssa10_3727755_G_C,3727755
blk4818,10,374,ssa10_3728443_T_A,3728443
blk4819,10,375,ssa10_3739348_C_G,3739348
blk4820,10,376,ssa10_3762987_A_T,3762987
blk4821,10,377,ssa10_3775669_G_C,3775669
blk4822,10,378,ssa10_3798696_T_A,3798696
blk4823,10,379,ssa10_3831750_C_G,3831750
blk4824,10,380,ssa10_3833129_A_T,3833129
blk4825,10,381,ssa10_3836872_G_C,3836872
blk4826,10,382,ssa10_3856219_T_A,3856219
blk4827,10,383,ssa10_3867215_C_G,3867215
blk4828,10,384,ssa10_3867645_A_T,3867645
blk4829,10,385,ssa10_3872947_G_C,3872947
blk4830,10,386,ssa10_3884944_T_A,3884944
blk4831,10,387,ssa10_3910392_C_G,3910392
blk4832,10,388,ssa10_3928651_A_T,3928651
blk4833,10,389,ssa10_3947237_G_C,3947237
blk4834,10,390,ssa10_3979455_T_A,3979455
blk4835,10,391,ssa10_3980439_C_G,3980439
blk4836,10,392,ssa10_3981550_A_T,3981550
blk4837,10,393,ssa10_4016426_G_C,4016426
blk4838,10,394,ssa10_4022266_T_A,4022266
blk4839,10,395,ssa10_4029276_C_G,4029276
blk4840,10,396,ssa10_4034586_A_T,4034586
blk4841,10,397,ssa10_4044237_G_C,4044237
blk4842,10,398,ssa10_4045647_T_A,4045647
blk4843,10,399,ssa10_4050151_C_G,4050151
blk4844,10,400,ssa10_4054239_A_T,4054239
blk4845,10,401,ssa10_4057785_G_C,4057785
blk4846,10,402,ssa10_4058323_T_A,4058323
blk4847,10,403,ssa10_4105433_C_G,4105433
blk4848,10,404,ssa10_4177096_A_T,4177096
blk4849,10,405,ssa10_4181171_G_C,4181171
blk4850,10,406,ssa10_4188401_T_A,4188401
blk4851,10,407,ssa10_4189611_C_G,4189611
blk4852,10,408,ssa10_4202793_A_T,4202793
blk4853,10,409,ssa10_4204636_G_C,4204636
blk4854,10,410,ssa10_4204913_T_A,4204913
blk4855,10,411,ssa10_4205223_C_G,4205223
blk4856,10,412,ssa10_4207457_A_T,4207457
blk4857,10,413,ssa10_4210315_G_C,4210315
blk4858,10,414,ssa10_4211007_T_A,4211007
blk4859,10,415,ssa10_4218847_C_G,4218847
blk4860,10,416,ssa10_4225885_A_T,4225885
blk4861,10,417,ssa10_4232917_G_C,4232917
blk4862,10,418,ssa10_4237935_T_A,4237935
blk4863,10,419,ssa10_4245645_C_G,4245645
blk4864,10,420,ssa10_4258880_A_T,4258880
blk4865,10,421,ssa10_4261548_G_C,4261548
blk4866,10,422,ssa10_4263319_T_A,4263319
blk4867,10,423,ssa10_4266210_C_G,4266210
blk4868,10,424,ssa10_4266578_A_T,4266578
blk4869,10,425,ssa10_4275244_G_C,4275244
blk4870,10,426,ssa10_4276542_T_A,4276542
blk4871,10,427,ssa10_4295520_C_G,4295520
blk4872,10,428,ssa10_4300656_A_T,4300656
blk4873,10,429,ssa10_4301199_G_C,4301199
blk4874,10,430,ssa10_4310291_T_A,4310291
blk4875,10,431,ssa10_4325732_C_G,4325732
blk4876,10,432,ssa10_4343614_A_T,4343614
blk4877,10,433,ssa10_4345685_G_C,4345685
blk4878,10,434,ssa10_4362668_T_A,4362668
blk4879,10,435,ssa10_4377661_C_G,4377661
blk4880,10,436,ssa10_4393696_A_T,4393696
blk4881,10,437,ssa10_4395895_G_C,4395895
blk4882,10,438,ssa10_4415674_T_A,4415674
blk4883,10,439,ssa10_4418640_C_G,4418640
blk4884,10,440,ssa10_4425056_A_T,4425056
blk4885,10,441,ssa10_4433354_G_C,4433354
blk4886,10,442,ssa10_4450229_T_A,4450229
blk4887,10,443,ssa10_4462156_C_G,4462156
blk4888,10,444,ssa10_4464856_A_T,4464856
blk4889,10,445,ssa10_4465099_G_C,4465099
blk4890,10,446,ssa10_4483592_T_A,4483592
blk4891,10,447,ssa10_4501773_C_G,4501773
blk4892,10,448,ssa10_4507163_A_T,4507163
blk4893,10,449,ssa10_4511011_G_C,4511011
blk4894,10,450,ssa10_4513279_T_A,4513279
blk4895,10,451,ssa10_4515530_C_G,4515530
blk4896,10,452,ssa10_4523839_A_T,4523839
blk4897,10,453,ssa10_4524614_G_C,4524614
blk4898,10,454,ssa10_4529653_T_A,4529653
blk4899,10,455,ssa10_4538537_C_G,4538537
blk4900,10,456,ssa10_4543199_A_T,4543199
blk4901,10,457,ssa10_4556286_G_C,4556286
blk4902,10,458,ssa10_4564440_T_A,4564440
blk4903,10,459,ssa10_4567646_C_G,4567646
blk4904,10,460,ssa10_4589963_A_T,4589963
blk4905,10,461,ssa10_4597379_G_C,4597379
blk4906,10,462,ssa10_4599012_T_A,4599012
blk4907,10,463,ssa10_4610468_C_G,4610468
blk4908,10,464,ssa10_4616315_A_T,4616315
blk4909,10,465,ssa10_4661638_G_C,4661638
blk4910,10,466,ssa10_4678666_T_A,4678666
blk4911,10,467,ssa10_4698983_C_G,4698983
blk4912,10,468,ssa10_4724531_A_T,4724531
blk4913,10,469,ssa10_4736383_G_C,4736383
blk4914,10,470,ssa10_4740647_T_A,4740647
blk4915,10,471,ssa10_4744128_C_G,4744128
blk4916,10,472,ssa10_4744361_A_T,4744361
blk4917,10,473,ssa10_4762888_G_C,4762888
blk4918,10,474,ssa10_4764959_T_A,4764959
blk4919,10,475,ssa10_4781306_C_G,4781306
blk4920,10,476,ssa10_4791355_A_T,4791355
blk4921,10,477,ssa10_4792864_G_C,4792864
blk4922,10,478,ssa10_4796785_T_A,4796785
blk4923,10,479,ssa10_4798104_C_G,4798104
blk4924,10,480,ssa10_4805768_A_T,4805768
blk4925,10,481,ssa10_4806972_G_C,4806972
blk4926,10,482,ssa10_4807271_T_A,4807271
blk4927,10,483,ssa10_4808132_C_G,4808132
blk4928,10,484,ssa10_4809457_A_T,4809457
blk4929,10,485,ssa10_4813288_G_C,4813288
blk4930,10,486,ssa10_4852952_T_A,4852952
blk4931,10,487,ssa10_4868549_C_G,4868549
blk4932,10,488,ssa10_4892219_A_T,4892219
blk4933,10,489,ssa10_4893700_G_C,4893700
blk4934,10,490,ssa10_4896023_T_A,4896023
blk4935,10,491,ssa10_4916736_C_G,4916736
blk4936,10,492,ssa10_4924245_A_T,4924245
blk4937,10,493,ssa10_4953331_G_C,4953331
blk4938,10,494,ssa10_4958335_T_A,4958335
blk4939,10,495,ssa10_4961936_C_G,4961936
blk4940,10,496,ssa10_4967996_A_T,4967996
blk4941,10,497,ssa10_4990983_G_C,4990983
blk4942,10,498,ssa10_4995538_T_A,4995538
blk4943,10,499,ssa10_4998942_C_G,4998942
