ID	hap_1_1	hap_1_1	hap_1_2	hap_1_2	hap_2_1	hap_2_1	hap_2_2	hap_2_2	hap_3_1	hap_3_1	hap_3_2	hap_3_2	hap_4_1	hap_4_1	hap_4_2	hap_4_2	hap_5_1	hap_5_1	hap_5_2	hap_5_2	hap_6_1	hap_6_1	hap_6_2	hap_6_2	hap_7_1	hap_7_1	hap_7_2	hap_7_2	hap_8_1	hap_8_1	hap_8_2	hap_8_2	hap_9_1	hap_9_1	hap_9_2	hap_9_2	hap_10_1	hap_10_1	hap_10_2	hap_10_2	hap_11_1	hap_11_1	hap_11_2	hap_11_2	hap_12_1	hap_12_1	hap_12_2	hap_12_2	hap_13_1	hap_13_1	hap_13_2	hap_13_2	hap_14_1	hap_14_1	hap_14_2	hap_14_2	hap_15_1	hap_15_1	hap_15_2	hap_15_2	hap_16_1	hap_16_1	hap_16_2	hap_16_2	hap_17_1	hap_17_1	hap_17_2	hap_17_2	hap_18_1	hap_18_1	hap_18_2	hap_18_2	hap_19_1	hap_19_1	hap_19_2	hap_19_2	hap_20_1	hap_20_1	hap_20_2	hap_20_2	hap_21_1	hap_21_1	hap_21_2	hap_21_2	hap_22_1	hap_22_1	hap_22_2	hap_22_2	hap_23_1	hap_23_1	hap_23_2	hap_23_2	hap_24_1	hap_24_1	hap_24_2	hap_24_2	hap_25_1	hap_25_1	hap_25_2	hap_25_2	hap_26_1	hap_26_1	hap_26_2	hap_26_2	hap_27_1	hap_27_1	hap_27_2	hap_27_2	hap_28_1	hap_28_1	hap_28_2	hap_28_2	hap_29_1	hap_29_1	hap_29_2	hap_29_2	hap_30_1	hap_30_1	hap_30_2	hap_30_2	hap_31_1	hap_31_1	hap_31_2	hap_31_2	hap_32_1	hap_32_1	hap_32_2	hap_32_2	hap_33_1	hap_33_1	hap_33_2	hap_33_2	hap_34_1	hap_34_1	hap_34_2	hap_34_2	hap_35_1	hap_35_1	hap_35_2	hap_35_2	hap_36_1	hap_36_1	hap_36_2	hap_36_2	hap_37_1	hap_37_1	hap_37_2	hap_37_2	hap_38_1	hap_38_1	hap_38_2	hap_38_2	hap_39_1	hap_39_1	hap_39_2	hap_39_2	hap_40_1	hap_40_1	hap_40_2	hap_40_2	hap_41_1	hap_41_1	hap_41_2	hap_41_2	hap_42_1	hap_42_1	hap_42_2	hap_42_2	hap_43_1	hap_43_1	hap_43_2	hap_43_2	hap_44_1	hap_44_1	hap_44_2	hap_44_2	hap_45_1	hap_45_1	hap_45_2	hap_45_2	hap_46_1	hap_46_1	hap_46_2	hap_46_2	hap_47_1	hap_47_1	hap_47_2	hap_47_2	hap_48_1	hap_48_1	hap_48_2	hap_48_2	hap_49_1	hap_49_1	hap_49_2	hap_49_2	hap_50_1	hap_50_1	hap_50_2	hap_50_2
IND00001	547	547	936	936	13597	13597	10527	10527	9749	9749	15316	15316	506	506	9	9	57	57	18	18	875	875	20	20	74	74	168	168	50	50	111	111	116	116	226	226	15	15	3	3	81	81	357	357	59	59	444	444	1322	1322	1667	1667	1744	1744	279	279	14	14	1	1	130648	130648	1496	1496	1751	1751	974	974	6	6	4	4	3748	3748	1959	1959	4295	4295	5189	5189	6090	6090	3684	3684	11642	11642	4416	4416	7	7	28	28	7800	7800	27128	27128	77	77	124	124	215	215	192	192	191	191	223	223	1924	1924	1451	1451	529	529	20	20	4	4	8	8	29	29	50	50	205	205	8027	8027	4074	4074	672	672	2546	2546	227	227	9856	9856	32099	32099	19192	19192	19703	19703	5155	5155	30531	30531	1019	1019	619	619	189	189	457	457	61118	61118	46521	46521	38	38	48	48	228	228	142	142	29	29	385	385	125	125	423	423	417	417	122	122	297	297	103	103	377	377	177	177	994	994	1068	1068	112	112	128	128	145	145	214	214
IND00002	946	946	698	698	1595	1595	5202	5202	12776	12776	7618	7618	391	391	265	265	32	32	10	10	779	779	924	924	116	116	190	190	118	118	48	48	112	112	224	224	1	1	7	7	97	97	129	129	149	149	270	270	1212	1212	1476	1476	448	448	615	615	10	10	6	6	79636	79636	83069	83069	645	645	889	889	8	8	7	7	2294	2294	903	903	708	708	696	696	45	45	4495	4495	5777	5777	2766	2766	15	15	1	1	17964	17964	9812	9812	2	2	96	96	2	2	61	61	19	19	41	41	1650	1650	495	495	843	843	310	310	3	3	5	5	228	228	252	252	1426	1426	4092	4092	2397	2397	1498	1498	1025	1025	2040	2040	19711	19711	28881	28881	3588	3588	28974	28974	11720	11720	7664	7664	674	674	821	821	327	327	461	461	79374	79374	42731	42731	32	32	19	19	229	229	237	237	322	322	429	429	237	237	201	201	300	300	190	190	50	50	327	327	401	401	359	359	1355	1355	2043	2043	105	105	40	40	154	154	200	200
IND00003	414	414	605	605	16034	16034	8744	8744	7133	7133	13161	13161	94	94	322	322	119	119	99	99	1345	1345	567	567	189	189	214	214	126	126	19	19	150	150	25	25	6	6	7	7	141	141	6	6	509	509	210	210	1375	1375	877	877	2687	2687	974	974	30	30	11	11	50535	50535	38320	38320	860	860	966	966	1	1	2	2	2067	2067	2306	2306	7438	7438	2030	2030	3144	3144	924	924	12437	12437	3002	3002	26	26	4	4	17528	17528	23427	23427	121	121	71	71	83	83	147	147	12	12	141	141	1315	1315	1066	1066	252	252	19	19	6	6	1	1	21	21	95	95	5077	5077	188	188	3326	3326	2735	2735	2475	2475	3244	3244	17223	17223	8804	8804	17805	17805	11603	11603	32385	32385	12430	12430	46	46	186	186	889	889	96	96	130685	130685	56820	56820	37	37	15	15	67	67	21	21	252	252	312	312	346	346	476	476	292	292	159	159	467	467	408	408	292	292	201	201	1216	1216	284	284	54	54	26	26	54	54	40	40
IND00004	949	949	308	308	10612	10612	2017	2017	10572	10572	7718	7718	95	95	403	403	45	45	56	56	1613	1613	1324	1324	53	53	157	157	5	5	6	6	24	24	39	39	10	10	4	4	496	496	264	264	153	153	340	340	2043	2043	1057	1057	3282	3282	2576	2576	16	16	5	5	18333	18333	77156	77156	32	32	209	209	7	7	6	6	2392	2392	2241	2241	4721	4721	7363	7363	6084	6084	662	662	13535	13535	14000	14000	29	29	32	32	22865	22865	30952	30952	12	12	115	115	90	90	198	198	55	55	176	176	333	333	978	978	97	97	987	987	5	5	7	7	12	12	185	185	3097	3097	4652	4652	2914	2914	404	404	2177	2177	3046	3046	19884	19884	21040	21040	19707	19707	26040	26040	18279	18279	31637	31637	144	144	620	620	606	606	229	229	85995	85995	61870	61870	7	7	23	23	158	158	71	71	310	310	146	146	450	450	459	459	387	387	150	150	214	214	165	165	468	468	400	400	897	897	1756	1756	118	118	15	15	105	105	60	60
IND00005	617	617	952	952	6838	6838	3788	3788	13697	13697	10199	10199	320	320	317	317	17	17	68	68	756	756	1321	1321	97	97	61	61	71	71	54	54	215	215	26	26	2	2	9	9	97	97	132	132	126	126	79	79	542	542	1816	1816	3594	3594	3649	3649	2	2	16	16	87907	87907	7910	7910	1912	1912	209	209	7	7	8	8	610	610	3380	3380	1459	1459	5612	5612	1414	1414	1033	1033	7287	7287	14778	14778	26	26	24	24	2814	2814	14885	14885	18	18	108	108	54	54	36	36	103	103	20	20	1352	1352	172	172	956	956	486	486	7	7	7	7	46	46	60	60	3771	3771	4574	4574	3295	3295	3042	3042	1033	1033	1402	1402	15675	15675	8824	8824	31507	31507	4963	4963	6676	6676	22615	22615	200	200	826	826	366	366	992	992	78174	78174	92358	92358	1	1	18	18	129	129	109	109	386	386	161	161	413	413	87	87	152	152	237	237	123	123	480	480	180	180	331	331	980	980	1630	1630	93	93	50	50	246	246	172	172
IND00006	85	85	291	291	7894	7894	8943	8943	7451	7451	15692	15692	93	93	45	45	56	56	20	20	167	167	1143	1143	102	102	105	105	11	11	123	123	131	131	24	24	16	16	6	6	209	209	179	179	217	217	308	308	1536	1536	925	925	2817	2817	1117	1117	23	23	19	19	129871	129871	71585	71585	1089	1089	1885	1885	2	2	4	4	1163	1163	1744	1744	7168	7168	3433	3433	5703	5703	6518	6518	15652	15652	12203	12203	9	9	7	7	11833	11833	13847	13847	34	34	29	29	97	97	181	181	32	32	126	126	1603	1603	552	552	943	943	911	911	1	1	6	6	119	119	130	130	2721	2721	7859	7859	2652	2652	3248	3248	2398	2398	1634	1634	18119	18119	5470	5470	4338	4338	7733	7733	10091	10091	24280	24280	875	875	315	315	619	619	240	240	47529	47529	80358	80358	14	14	32	32	105	105	115	115	480	480	207	207	366	366	321	321	15	15	271	271	269	269	94	94	28	28	50	50	488	488	1316	1316	68	68	87	87	142	142	129	129
IND00007	798	798	580	580	11634	11634	9059	9059	6675	6675	11025	11025	485	485	239	239	118	118	77	77	1469	1469	830	830	12	12	228	228	71	71	6	6	111	111	216	216	6	6	4	4	186	186	451	451	225	225	384	384	922	922	1779	1779	2320	2320	1471	1471	31	31	17	17	55627	55627	11953	11953	401	401	73	73	5	5	3	3	15	15	4089	4089	7108	7108	7911	7911	3255	3255	6567	6567	8376	8376	5035	5035	20	20	13	13	557	557	26442	26442	114	114	118	118	125	125	115	115	49	49	106	106	823	823	1885	1885	340	340	107	107	2	2	2	2	254	254	142	142	6897	6897	6872	6872	2467	2467	3695	3695	3850	3850	2209	2209	9075	9075	8597	8597	24836	24836	5790	5790	1144	1144	8356	8356	1014	1014	128	128	47	47	243	243	919	919	78109	78109	36	36	3	3	224	224	117	117	48	48	112	112	317	317	342	342	494	494	506	506	451	451	184	184	267	267	146	146	184	184	1158	1158	122	122	7	7	142	142	84	84
IND00008	638	638	979	979	13770	13770	14739	14739	12349	12349	9046	9046	11	11	145	145	71	71	128	128	1842	1842	1977	1977	120	120	103	103	106	106	27	27	171	171	164	164	2	2	2	2	218	218	341	341	126	126	209	209	631	631	1761	1761	3686	3686	3087	3087	18	18	28	28	114220	114220	84444	84444	1700	1700	275	275	2	2	7	7	968	968	3980	3980	330	330	2397	2397	2832	2832	2880	2880	4114	4114	15356	15356	1	1	1	1	27341	27341	9373	9373	6	6	55	55	174	174	119	119	227	227	171	171	1340	1340	1061	1061	971	971	777	777	1	1	1	1	72	72	172	172	5012	5012	5887	5887	1499	1499	4095	4095	3545	3545	1070	1070	1712	1712	4794	4794	13859	13859	12838	12838	29784	29784	3459	3459	243	243	13	13	196	196	218	218	60907	60907	11425	11425	8	8	31	31	253	253	244	244	302	302	362	362	161	161	444	444	112	112	9	9	23	23	397	397	175	175	215	215	25	25	820	820	53	53	37	37	138	138	154	154
IND00009	880	880	426	426	12194	12194	10628	10628	10411	10411	6811	6811	49	49	489	489	45	45	85	85	969	969	1406	1406	99	99	222	222	1	1	116	116	122	122	140	140	13	13	1	1	311	311	103	103	44	44	183	183	977	977	1287	1287	2513	2513	3078	3078	4	4	6	6	18889	18889	33388	33388	835	835	1759	1759	4	4	1	1	3681	3681	947	947	7031	7031	2129	2129	126	126	6435	6435	1078	1078	12066	12066	8	8	8	8	27733	27733	4652	4652	25	25	23	23	13	13	88	88	186	186	224	224	1435	1435	193	193	802	802	378	378	6	6	5	5	126	126	176	176	4366	4366	2224	2224	1282	1282	3137	3137	3572	3572	423	423	22436	22436	6214	6214	648	648	5919	5919	4202	4202	30238	30238	300	300	125	125	50	50	900	900	92119	92119	95858	95858	3	3	59	59	69	69	227	227	410	410	329	329	306	306	475	475	55	55	281	281	393	393	298	298	499	499	96	96	285	285	1665	1665	115	115	59	59	112	112	38	38
IND00010	76	76	720	720	6912	6912	4536	4536	14269	14269	9413	9413	489	489	87	87	117	117	113	113	1415	1415	440	440	167	167	41	41	83	83	117	117	41	41	111	111	10	10	15	15	381	381	487	487	40	40	512	512	1041	1041	1941	1941	3674	3674	1094	1094	22	22	5	5	73097	73097	111046	111046	1788	1788	1584	1584	3	3	4	4	276	276	1307	1307	7059	7059	7853	7853	535	535	2208	2208	3771	3771	1835	1835	31	31	31	31	18151	18151	28248	28248	12	12	41	41	6	6	230	230	5	5	14	14	134	134	1611	1611	971	971	931	931	3	3	2	2	236	236	114	114	788	788	558	558	3591	3591	1320	1320	331	331	1547	1547	19221	19221	14958	14958	9170	9170	27003	27003	32211	32211	4506	4506	722	722	358	358	864	864	555	555	20202	20202	97714	97714	47	47	55	55	207	207	56	56	301	301	13	13	483	483	17	17	215	215	72	72	237	237	218	218	360	360	404	404	1343	1343	1455	1455	86	86	76	76	147	147	237	237
IND00011	343	343	473	473	4542	4542	788	788	6780	6780	14783	14783	455	455	34	34	47	47	16	16	1964	1964	1091	1091	69	69	135	135	109	109	100	100	8	8	218	218	9	9	11	11	405	405	368	368	117	117	20	20	1248	1248	1891	1891	3653	3653	3730	3730	9	9	21	21	108955	108955	85995	85995	910	910	852	852	4	4	7	7	1145	1145	3741	3741	1203	1203	2405	2405	4496	4496	6219	6219	13231	13231	181	181	27	27	7	7	25241	25241	2914	2914	105	105	5	5	96	96	108	108	126	126	14	14	1297	1297	323	323	173	173	66	66	1	1	5	5	102	102	168	168	438	438	5818	5818	546	546	487	487	681	681	3375	3375	27251	27251	7221	7221	8839	8839	9310	9310	20090	20090	8050	8050	88	88	768	768	334	334	10	10	103892	103892	97637	97637	17	17	14	14	22	22	251	251	383	383	1	1	452	452	163	163	161	161	341	341	91	91	348	348	436	436	239	239	1697	1697	665	665	63	63	122	122	119	119	33	33
IND00012	223	223	501	501	6781	6781	7461	7461	1139	1139	8689	8689	423	423	224	224	16	16	111	111	470	470	848	848	207	207	24	24	66	66	46	46	18	18	125	125	2	2	15	15	187	187	21	21	210	210	65	65	1709	1709	1614	1614	407	407	3897	3897	2	2	29	29	42693	42693	92521	92521	1342	1342	50	50	7	7	6	6	999	999	212	212	6207	6207	753	753	502	502	882	882	3733	3733	2578	2578	4	4	2	2	32157	32157	4218	4218	73	73	64	64	74	74	110	110	195	195	132	132	463	463	1472	1472	630	630	211	211	4	4	6	6	85	85	85	85	3601	3601	1887	1887	4059	4059	1119	1119	2764	2764	1198	1198	12211	12211	17610	17610	19309	19309	7634	7634	10040	10040	9231	9231	325	325	172	172	307	307	847	847	7248	7248	15913	15913	10	10	24	24	34	34	115	115	187	187	500	500	402	402	208	208	5	5	102	102	465	465	79	79	188	188	473	473	238	238	175	175	44	44	15	15	252	252	153	153
IND00013	518	518	340	340	12630	12630	14243	14243	1480	1480	10162	10162	291	291	27	27	87	87	34	34	850	850	795	795	75	75	222	222	57	57	103	103	96	96	191	191	11	11	13	13	222	222	250	250	33	33	28	28	1459	1459	1882	1882	3337	3337	506	506	18	18	32	32	30141	30141	41656	41656	823	823	1462	1462	1	1	6	6	3866	3866	3949	3949	1657	1657	7042	7042	4579	4579	1484	1484	9962	9962	4296	4296	7	7	12	12	27047	27047	15088	15088	76	76	64	64	151	151	115	115	255	255	155	155	1001	1001	237	237	548	548	370	370	2	2	8	8	197	197	253	253	6120	6120	406	406	1469	1469	512	512	2477	2477	2378	2378	7678	7678	7155	7155	5563	5563	382	382	8978	8978	20599	20599	301	301	1017	1017	722	722	258	258	119449	119449	91720	91720	18	18	27	27	35	35	134	134	405	405	142	142	147	147	258	258	278	278	284	284	487	487	484	484	213	213	483	483	743	743	1840	1840	49	49	46	46	83	83	61	61
IND00014	612	612	15	15	14023	14023	7	7	12129	12129	963	963	431	431	87	87	101	101	52	52	698	698	1247	1247	152	152	252	252	79	79	74	74	71	71	93	93	1	1	7	7	452	452	134	134	322	322	320	320	2045	2045	1025	1025	3289	3289	3493	3493	21	21	12	12	56477	56477	92554	92554	512	512	831	831	5	5	7	7	2362	2362	994	994	1000	1000	5195	5195	1597	1597	2136	2136	1335	1335	3874	3874	30	30	5	5	11530	11530	17626	17626	123	123	118	118	246	246	244	244	48	48	245	245	1883	1883	626	626	720	720	748	748	8	8	2	2	136	136	206	206	8076	8076	2034	2034	1613	1613	1086	1086	2203	2203	3813	3813	27579	27579	29964	29964	30081	30081	9849	9849	9890	9890	19755	19755	44	44	905	905	88	88	499	499	4018	4018	90177	90177	22	22	21	21	51	51	29	29	3	3	487	487	451	451	108	108	505	505	368	368	498	498	122	122	31	31	1	1	1652	1652	2011	2011	88	88	15	15	41	41	187	187
IND00015	614	614	609	609	11847	11847	7515	7515	13737	13737	7633	7633	175	175	503	503	116	116	103	103	242	242	516	516	51	51	227	227	62	62	17	17	31	31	211	211	8	8	3	3	48	48	501	501	482	482	148	148	1761	1761	683	683	3978	3978	700	700	10	10	26	26	49514	49514	52881	52881	1457	1457	1463	1463	4	4	3	3	2073	2073	1098	1098	8176	8176	66	66	537	537	7426	7426	10040	10040	15007	15007	14	14	14	14	11187	11187	12380	12380	110	110	76	76	121	121	190	190	131	131	178	178	328	328	1916	1916	178	178	312	312	5	5	5	5	222	222	252	252	8030	8030	2451	2451	2589	2589	566	566	1575	1575	1998	1998	22579	22579	1171	1171	11635	11635	19528	19528	26425	26425	28142	28142	305	305	996	996	747	747	738	738	12386	12386	126435	126435	21	21	5	5	216	216	42	42	112	112	171	171	62	62	106	106	510	510	409	409	283	283	41	41	512	512	452	452	1688	1688	1372	1372	41	41	127	127	202	202	92	92
IND00016	902	902	517	517	1371	1371	1251	1251	9377	9377	26	26	367	367	298	298	7	7	68	68	1266	1266	1973	1973	214	214	109	109	110	110	112	112	121	121	244	244	16	16	7	7	266	266	412	412	305	305	237	237	1387	1387	581	581	3539	3539	2165	2165	8	8	29	29	24580	24580	70869	70869	1764	1764	2017	2017	6	6	2	2	3439	3439	601	601	4326	4326	3322	3322	6059	6059	2721	2721	9511	9511	11759	11759	4	4	29	29	13855	13855	24757	24757	44	44	13	13	243	243	95	95	50	50	136	136	43	43	1341	1341	929	929	864	864	6	6	7	7	58	58	180	180	6725	6725	4386	4386	2482	2482	2399	2399	1342	1342	627	627	25013	25013	495	495	28355	28355	103	103	12844	12844	792	792	197	197	271	271	630	630	92	92	120296	120296	20776	20776	1	1	33	33	238	238	80	80	415	415	137	137	304	304	185	185	58	58	277	277	86	86	464	464	440	440	67	67	1053	1053	1608	1608	15	15	52	52	221	221	31	31
IND00017	28	28	977	977	8808	8808	15381	15381	1214	1214	9913	9913	376	376	103	103	61	61	98	98	618	618	225	225	96	96	92	92	91	91	27	27	3	3	112	112	6	6	15	15	205	205	313	313	206	206	476	476	795	795	486	486	4074	4074	3753	3753	16	16	1	1	110261	110261	41137	41137	1006	1006	552	552	8	8	4	4	3597	3597	1593	1593	8072	8072	5850	5850	4223	4223	2999	2999	8776	8776	2031	2031	11	11	25	25	9379	9379	10697	10697	80	80	62	62	200	200	167	167	73	73	61	61	1467	1467	1053	1053	353	353	373	373	8	8	1	1	74	74	153	153	401	401	3945	3945	852	852	2679	2679	131	131	2664	2664	4197	4197	2125	2125	1837	1837	26071	26071	27344	27344	31129	31129	752	752	322	322	503	503	308	308	103859	103859	42955	42955	8	8	63	63	170	170	239	239	123	123	15	15	266	266	173	173	205	205	278	278	331	331	163	163	339	339	437	437	950	950	534	534	33	33	100	100	37	37	148	148
IND00018	614	614	102	102	4109	4109	2939	2939	7950	7950	5586	5586	142	142	297	297	61	61	110	110	1635	1635	1050	1050	247	247	204	204	46	46	65	65	82	82	131	131	8	8	13	13	461	461	52	52	119	119	36	36	1055	1055	1536	1536	3373	3373	3014	3014	25	25	29	29	44292	44292	35380	35380	1734	1734	1732	1732	7	7	4	4	2682	2682	2182	2182	5905	5905	2973	2973	1665	1665	1574	1574	14865	14865	4811	4811	3	3	29	29	20955	20955	23700	23700	97	97	17	17	254	254	144	144	48	48	87	87	1421	1421	196	196	154	154	87	87	3	3	6	6	11	11	75	75	7530	7530	5811	5811	68	68	306	306	990	990	210	210	27019	27019	13190	13190	24146	24146	13291	13291	18885	18885	12416	12416	445	445	421	421	532	532	618	618	66590	66590	19466	19466	58	58	43	43	207	207	119	119	6	6	378	378	392	392	349	349	283	283	268	268	60	60	7	7	484	484	278	278	670	670	250	250	105	105	111	111	140	140	100	100
IND00019	183	183	665	665	7030	7030	6700	6700	3984	3984	11970	11970	387	387	87	87	79	79	34	34	1105	1105	562	562	246	246	57	57	44	44	77	77	170	170	22	22	1	1	1	1	494	494	382	382	277	277	319	319	599	599	993	993	3041	3041	2339	2339	11	11	25	25	97464	97464	116561	116561	1709	1709	610	610	8	8	8	8	938	938	3995	3995	4809	4809	1550	1550	2018	2018	3522	3522	4152	4152	7588	7588	22	22	19	19	6690	6690	2627	2627	23	23	49	49	165	165	235	235	152	152	133	133	587	587	2010	2010	457	457	728	728	2	2	5	5	31	31	176	176	4554	4554	5822	5822	655	655	87	87	3492	3492	3379	3379	11116	11116	10000	10000	14178	14178	94	94	15312	15312	16246	16246	608	608	761	761	954	954	655	655	96677	96677	111840	111840	22	22	10	10	21	21	222	222	285	285	190	190	510	510	476	476	56	56	6	6	336	336	453	453	345	345	82	82	1605	1605	1917	1917	99	99	45	45	45	45	23	23
IND00020	990	990	683	683	15251	15251	11314	11314	12503	12503	8450	8450	277	277	276	276	127	127	60	60	593	593	413	413	226	226	249	249	47	47	120	120	28	28	7	7	13	13	12	12	165	165	115	115	461	461	500	500	307	307	1755	1755	3674	3674	2903	2903	7	7	8	8	102124	102124	67543	67543	1124	1124	83	83	8	8	6	6	531	531	62	62	7575	7575	388	388	910	910	2520	2520	5737	5737	7638	7638	14	14	24	24	2997	2997	31041	31041	6	6	64	64	78	78	198	198	97	97	33	33	1036	1036	813	813	1005	1005	445	445	8	8	7	7	37	37	69	69	4675	4675	7190	7190	3650	3650	2813	2813	1480	1480	2491	2491	25800	25800	15148	15148	8455	8455	28277	28277	5377	5377	7303	7303	89	89	172	172	86	86	148	148	113682	113682	34686	34686	24	24	9	9	193	193	84	84	242	242	479	479	440	440	7	7	210	210	423	423	102	102	389	389	444	444	421	421	1448	1448	766	766	92	92	39	39	227	227	190	190
IND00021	578	578	441	441	278	278	2774	2774	6125	6125	8208	8208	438	438	356	356	64	64	85	85	234	234	2022	2022	31	31	72	72	71	71	118	118	116	116	221	221	7	7	1	1	470	470	52	52	23	23	426	426	1896	1896	1532	1532	2956	2956	56	56	19	19	21	21	93024	93024	12586	12586	45	45	663	663	4	4	2	2	2821	2821	884	884	7276	7276	7462	7462	5065	5065	6660	6660	3779	3779	11045	11045	29	29	9	9	10560	10560	26872	26872	65	65	114	114	30	30	172	172	23	23	11	11	22	22	1256	1256	27	27	110	110	2	2	2	2	219	219	101	101	1391	1391	4254	4254	2187	2187	1413	1413	2311	2311	2908	2908	12100	12100	17565	17565	2939	2939	17702	17702	12754	12754	11718	11718	478	478	494	494	227	227	639	639	97650	97650	111500	111500	16	16	60	60	65	65	5	5	174	174	373	373	144	144	229	229	195	195	265	265	359	359	190	190	414	414	155	155	1221	1221	130	130	89	89	116	116	65	65	116	116
IND00022	968	968	531	531	4527	4527	16078	16078	11584	11584	14923	14923	73	73	413	413	70	70	110	110	1824	1824	1924	1924	165	165	215	215	43	43	38	38	76	76	214	214	2	2	14	14	258	258	354	354	352	352	248	248	1054	1054	39	39	2106	2106	2322	2322	1	1	29	29	49693	49693	123286	123286	1965	1965	1103	1103	3	3	4	4	2218	2218	1678	1678	7059	7059	1618	1618	6686	6686	1761	1761	15052	15052	8684	8684	14	14	19	19	1979	1979	26799	26799	96	96	16	16	57	57	178	178	219	219	100	100	1516	1516	320	320	40	40	44	44	7	7	5	5	74	74	208	208	6630	6630	674	674	2707	2707	3259	3259	1637	1637	3104	3104	30726	30726	1879	1879	11415	11415	119	119	23418	23418	9752	9752	127	127	654	654	421	421	289	289	49823	49823	114795	114795	15	15	33	33	180	180	72	72	354	354	161	161	185	185	244	244	510	510	27	27	73	73	499	499	202	202	141	141	488	488	1192	1192	30	30	128	128	98	98	122	122
IND00023	631	631	704	704	9569	9569	11973	11973	7379	7379	10252	10252	284	284	464	464	29	29	61	61	99	99	655	655	131	131	86	86	37	37	8	8	13	13	148	148	13	13	5	5	224	224	235	235	485	485	315	315	567	567	1272	1272	2343	2343	1557	1557	28	28	18	18	112106	112106	28616	28616	1694	1694	1155	1155	7	7	5	5	1401	1401	1660	1660	1251	1251	4135	4135	3960	3960	1298	1298	5895	5895	4872	4872	27	27	17	17	26085	26085	20502	20502	118	118	6	6	252	252	80	80	20	20	15	15	982	982	1335	1335	54	54	247	247	5	5	1	1	104	104	75	75	1683	1683	700	700	561	561	2330	2330	2834	2834	2544	2544	21340	21340	32273	32273	17619	17619	12906	12906	7397	7397	19532	19532	682	682	74	74	981	981	197	197	126550	126550	47705	47705	22	22	56	56	106	106	214	214	92	92	238	238	363	363	276	276	180	180	349	349	501	501	165	165	259	259	267	267	259	259	41	41	69	69	31	31	9	9	218	218
IND00024	85	85	735	735	5571	5571	12233	12233	13224	13224	1496	1496	8	8	183	183	79	79	124	124	1049	1049	1053	1053	158	158	84	84	114	114	47	47	180	180	129	129	7	7	10	10	397	397	385	385	164	164	392	392	1706	1706	235	235	971	971	2408	2408	1	1	6	6	31535	31535	115320	115320	1369	1369	2020	2020	8	8	6	6	2059	2059	949	949	6640	6640	5891	5891	3282	3282	4347	4347	2004	2004	10965	10965	12	12	32	32	7611	7611	30299	30299	72	72	39	39	255	255	213	213	166	166	123	123	1749	1749	438	438	930	930	389	389	1	1	2	2	156	156	43	43	753	753	6729	6729	3730	3730	522	522	584	584	3553	3553	32722	32722	9535	9535	13426	13426	31484	31484	5269	5269	22222	22222	744	744	414	414	71	71	9	9	26222	26222	31434	31434	16	16	29	29	21	21	148	148	215	215	290	290	83	83	194	194	245	245	20	20	478	478	404	404	233	233	81	81	257	257	1620	1620	69	69	41	41	214	214	162	162
IND00025	846	846	836	836	1535	1535	13104	13104	15525	15525	14361	14361	245	245	285	285	20	20	13	13	1046	1046	1498	1498	149	149	241	241	89	89	24	24	94	94	93	93	9	9	6	6	447	447	207	207	96	96	266	266	524	524	1057	1057	242	242	266	266	8	8	10	10	120116	120116	47822	47822	676	676	1951	1951	1	1	5	5	2015	2015	4015	4015	1351	1351	3771	3771	685	685	4906	4906	16123	16123	5356	5356	17	17	22	22	5351	5351	30676	30676	93	93	57	57	84	84	216	216	86	86	109	109	2000	2000	1471	1471	4	4	530	530	1	1	3	3	219	219	202	202	4900	4900	1061	1061	994	994	1450	1450	31	31	2838	2838	25863	25863	21142	21142	18006	18006	20216	20216	15877	15877	29302	29302	289	289	407	407	594	594	79	79	130852	130852	93920	93920	23	23	30	30	105	105	206	206	471	471	46	46	393	393	508	508	391	391	385	385	22	22	9	9	418	418	227	227	1503	1503	1389	1389	62	62	108	108	177	177	67	67
IND00026	368	368	544	544	2575	2575	232	232	2258	2258	4195	4195	475	475	82	82	119	119	11	11	774	774	227	227	17	17	161	161	37	37	103	103	106	106	22	22	7	7	9	9	163	163	467	467	210	210	138	138	369	369	339	339	105	105	3022	3022	21	21	19	19	97704	97704	109683	109683	85	85	558	558	3	3	5	5	1266	1266	2107	2107	7541	7541	4795	4795	2537	2537	429	429	4153	4153	15388	15388	25	25	21	21	20303	20303	27869	27869	69	69	83	83	194	194	39	39	222	222	153	153	1904	1904	913	913	534	534	743	743	6	6	6	6	184	184	109	109	7683	7683	4124	4124	4038	4038	3548	3548	3633	3633	1007	1007	18983	18983	3671	3671	17525	17525	541	541	23155	23155	11995	11995	11	11	618	618	231	231	233	233	20535	20535	16861	16861	56	56	47	47	254	254	86	86	271	271	162	162	148	148	105	105	290	290	205	205	472	472	62	62	136	136	46	46	918	918	341	341	90	90	56	56	100	100	212	212
IND00027	574	574	297	297	9531	9531	11448	11448	3203	3203	11216	11216	88	88	461	461	82	82	72	72	1488	1488	963	963	26	26	115	115	14	14	111	111	254	254	214	214	8	8	1	1	321	321	418	418	176	176	273	273	786	786	1594	1594	377	377	4082	4082	8	8	2	2	71980	71980	127936	127936	1674	1674	1518	1518	3	3	5	5	937	937	2634	2634	7088	7088	7175	7175	35	35	3055	3055	9428	9428	6971	6971	6	6	14	14	9620	9620	1245	1245	35	35	5	5	165	165	32	32	9	9	99	99	1318	1318	564	564	51	51	835	835	3	3	7	7	198	198	109	109	7611	7611	2332	2332	1503	1503	2193	2193	1131	1131	2202	2202	231	231	14748	14748	29620	29620	9065	9065	25233	25233	13581	13581	683	683	819	819	650	650	964	964	50958	50958	16171	16171	27	27	57	57	223	223	10	10	116	116	159	159	458	458	127	127	414	414	131	131	96	96	301	301	179	179	320	320	144	144	342	342	113	113	86	86	216	216	101	101
IND00028	340	340	1006	1006	3267	3267	16184	16184	13005	13005	1016	1016	498	498	402	402	73	73	15	15	1059	1059	284	284	161	161	237	237	115	115	26	26	81	81	148	148	12	12	9	9	38	38	337	337	438	438	215	215	491	491	1073	1073	17	17	622	622	26	26	21	21	103080	103080	114769	114769	373	373	184	184	7	7	4	4	2627	2627	1525	1525	2150	2150	7858	7858	6808	6808	602	602	10586	10586	3224	3224	31	31	26	26	29836	29836	2671	2671	121	121	47	47	249	249	211	211	47	47	222	222	417	417	1136	1136	569	569	766	766	6	6	7	7	208	208	18	18	3014	3014	4632	4632	2997	2997	850	850	3549	3549	1288	1288	26784	26784	26796	26796	24913	24913	2874	2874	5930	5930	32719	32719	253	253	764	764	907	907	412	412	102071	102071	47507	47507	59	59	8	8	137	137	195	195	225	225	446	446	264	264	347	347	455	455	304	304	104	104	75	75	232	232	378	378	782	782	888	888	93	93	125	125	121	121	153	153
IND00029	918	918	613	613	14261	14261	7603	7603	1225	1225	15698	15698	133	133	420	420	15	15	27	27	1896	1896	274	274	73	73	21	21	22	22	105	105	206	206	212	212	1	1	13	13	346	346	410	410	199	199	50	50	674	674	147	147	2514	2514	3757	3757	5	5	25	25	55645	55645	114828	114828	160	160	1094	1094	1	1	2	2	3512	3512	2900	2900	4706	4706	6606	6606	3662	3662	6694	6694	5316	5316	3815	3815	27	27	15	15	30909	30909	14974	14974	51	51	6	6	198	198	188	188	185	185	78	78	1318	1318	227	227	893	893	802	802	4	4	2	2	228	228	118	118	1426	1426	3435	3435	1027	1027	4026	4026	871	871	3969	3969	31395	31395	16300	16300	28972	28972	3672	3672	25051	25051	15178	15178	981	981	664	664	38	38	115	115	120611	120611	59333	59333	9	9	16	16	29	29	51	51	485	485	76	76	230	230	481	481	140	140	511	511	66	66	95	95	284	284	309	309	1248	1248	1820	1820	41	41	95	95	254	254	236	236
IND00030	868	868	960	960	1769	1769	9620	9620	14735	14735	8826	8826	497	497	47	47	109	109	83	83	456	456	842	842	144	144	226	226	107	107	89	89	55	55	26	26	13	13	8	8	182	182	30	30	417	417	120	120	689	689	338	338	2294	2294	3409	3409	19	19	2	2	112916	112916	32383	32383	710	710	1190	1190	7	7	6	6	1436	1436	3548	3548	2519	2519	7985	7985	445	445	3513	3513	9099	9099	3019	3019	20	20	3	3	2631	2631	1641	1641	19	19	100	100	256	256	177	177	72	72	248	248	1093	1093	271	271	438	438	127	127	5	5	3	3	222	222	184	184	786	786	6468	6468	3582	3582	254	254	1197	1197	3010	3010	25822	25822	3494	3494	13960	13960	7579	7579	32504	32504	24634	24634	277	277	1009	1009	153	153	952	952	97156	97156	10220	10220	19	19	64	64	188	188	229	229	227	227	95	95	345	345	194	194	430	430	29	29	8	8	193	193	267	267	340	340	1652	1652	1664	1664	100	100	104	104	243	243	193	193
IND00031	536	536	941	941	2734	2734	11084	11084	11670	11670	15062	15062	58	58	5	5	38	38	86	86	396	396	1473	1473	227	227	57	57	56	56	102	102	177	177	77	77	10	10	2	2	410	410	230	230	271	271	478	478	686	686	323	323	2578	2578	2463	2463	2	2	7	7	31317	31317	43350	43350	426	426	1746	1746	7	7	2	2	2312	2312	2209	2209	1836	1836	5036	5036	6677	6677	3213	3213	9642	9642	15954	15954	8	8	24	24	18105	18105	24253	24253	2	2	116	116	83	83	64	64	66	66	63	63	228	228	1133	1133	804	804	433	433	1	1	4	4	203	203	141	141	4982	4982	4881	4881	2270	2270	2833	2833	67	67	2666	2666	4072	4072	2356	2356	16413	16413	19114	19114	19904	19904	4754	4754	339	339	364	364	121	121	94	94	65967	65967	130080	130080	17	17	29	29	186	186	12	12	194	194	475	475	350	350	3	3	140	140	94	94	316	316	124	124	485	485	352	352	1422	1422	1597	1597	101	101	23	23	84	84	105	105
IND00032	47	47	301	301	2651	2651	2371	2371	7601	7601	4755	4755	189	189	250	250	97	97	108	108	1115	1115	385	385	31	31	79	79	74	74	32	32	10	10	102	102	10	10	3	3	330	330	212	212	394	394	44	44	934	934	1255	1255	3458	3458	3090	3090	17	17	25	25	87062	87062	94865	94865	2046	2046	1402	1402	7	7	3	3	3607	3607	4083	4083	7607	7607	3701	3701	1160	1160	1924	1924	9646	9646	945	945	17	17	13	13	12213	12213	10228	10228	1	1	106	106	183	183	166	166	18	18	80	80	910	910	1869	1869	669	669	158	158	8	8	3	3	240	240	63	63	3564	3564	4464	4464	1635	1635	675	675	40	40	3180	3180	16187	16187	23839	23839	11768	11768	8677	8677	3012	3012	23992	23992	780	780	989	989	867	867	540	540	75957	75957	87218	87218	13	13	22	22	47	47	45	45	329	329	262	262	183	183	14	14	346	346	164	164	77	77	428	428	409	409	264	264	1727	1727	186	186	118	118	62	62	112	112	115	115
IND00033	159	159	29	29	3417	3417	3887	3887	3165	3165	4154	4154	2	2	299	299	64	64	21	21	80	80	940	940	72	72	139	139	44	44	45	45	240	240	156	156	11	11	13	13	12	12	401	401	22	22	298	298	1819	1819	1396	1396	2501	2501	3678	3678	7	7	20	20	58821	58821	8191	8191	323	323	1504	1504	7	7	1	1	1605	1605	3067	3067	7930	7930	3801	3801	3772	3772	3668	3668	6625	6625	6456	6456	24	24	30	30	32720	32720	10030	10030	16	16	81	81	140	140	32	32	21	21	150	150	221	221	911	911	149	149	392	392	2	2	8	8	73	73	194	194	7030	7030	3003	3003	1140	1140	3540	3540	2999	2999	56	56	17626	17626	7182	7182	1677	1677	6677	6677	317	317	3832	3832	326	326	946	946	358	358	870	870	30535	30535	99369	99369	9	9	18	18	218	218	251	251	468	468	329	329	78	78	327	327	211	211	48	48	196	196	118	118	254	254	435	435	172	172	1479	1479	63	63	66	66	163	163	6	6
IND00034	83	83	553	553	7634	7634	9854	9854	538	538	10874	10874	428	428	83	83	122	122	111	111	93	93	111	111	241	241	161	161	41	41	99	99	185	185	183	183	6	6	4	4	196	196	224	224	161	161	190	190	105	105	1571	1571	3014	3014	1923	1923	23	23	31	31	73081	73081	67459	67459	1254	1254	57	57	6	6	7	7	2112	2112	3248	3248	6585	6585	3170	3170	7956	7956	4839	4839	7794	7794	11827	11827	16	16	4	4	3617	3617	14028	14028	39	39	82	82	202	202	186	186	215	215	78	78	1602	1602	1791	1791	929	929	340	340	8	8	4	4	221	221	159	159	2194	2194	2352	2352	3232	3232	95	95	2470	2470	700	700	31040	31040	1627	1627	9991	9991	16592	16592	26937	26937	7435	7435	273	273	51	51	786	786	807	807	65009	65009	128765	128765	42	42	50	50	66	66	155	155	357	357	393	393	497	497	90	90	4	4	164	164	175	175	511	511	340	340	383	383	976	976	445	445	10	10	55	55	103	103	7	7
IND00035	240	240	113	113	912	912	1403	1403	3556	3556	6501	6501	300	300	45	45	28	28	11	11	1346	1346	1314	1314	244	244	59	59	26	26	63	63	44	44	12	12	11	11	1	1	116	116	318	318	457	457	316	316	751	751	1491	1491	482	482	3906	3906	27	27	20	20	89124	89124	5620	5620	375	375	1417	1417	1	1	4	4	3301	3301	695	695	5478	5478	7222	7222	2015	2015	7011	7011	5578	5578	3861	3861	29	29	11	11	12335	12335	30354	30354	105	105	25	25	39	39	13	13	233	233	240	240	1052	1052	1986	1986	604	604	132	132	6	6	2	2	194	194	242	242	3836	3836	1040	1040	3367	3367	2127	2127	2644	2644	1937	1937	5964	5964	31137	31137	18341	18341	17618	17618	9292	9292	10931	10931	690	690	42	42	625	625	714	714	116757	116757	14488	14488	57	57	60	60	142	142	106	106	30	30	364	364	175	175	234	234	148	148	476	476	110	110	67	67	398	398	384	384	563	563	847	847	57	57	22	22	69	69	127	127
IND00036	171	171	845	845	2468	2468	6010	6010	3727	3727	8720	8720	136	136	30	30	114	114	11	11	1424	1424	1863	1863	186	186	198	198	116	116	39	39	4	4	42	42	6	6	6	6	242	242	44	44	36	36	427	427	1967	1967	2024	2024	1238	1238	175	175	8	8	8	8	80498	80498	35282	35282	900	900	597	597	4	4	4	4	4039	4039	2547	2547	4609	4609	3577	3577	7533	7533	6285	6285	7055	7055	5467	5467	2	2	24	24	22771	22771	4599	4599	109	109	95	95	23	23	115	115	41	41	10	10	1304	1304	1940	1940	336	336	249	249	8	8	2	2	80	80	151	151	7358	7358	7489	7489	1474	1474	919	919	2480	2480	1904	1904	13378	13378	29940	29940	27670	27670	6025	6025	3869	3869	19688	19688	447	447	839	839	778	778	846	846	115410	115410	94491	94491	48	48	32	32	170	170	106	106	387	387	272	272	255	255	438	438	251	251	317	317	254	254	362	362	129	129	28	28	393	393	442	442	104	104	91	91	55	55	214	214
IND00037	111	111	204	204	3718	3718	4545	4545	8685	8685	10247	10247	21	21	216	216	119	119	82	82	1946	1946	1810	1810	114	114	188	188	114	114	6	6	50	50	199	199	4	4	3	3	486	486	318	318	332	332	317	317	1083	1083	1371	1371	3031	3031	29	29	3	3	13	13	77573	77573	93274	93274	264	264	643	643	5	5	3	3	1982	1982	2027	2027	4508	4508	663	663	5708	5708	4016	4016	9799	9799	1616	1616	25	25	30	30	6118	6118	2262	2262	128	128	128	128	250	250	129	129	118	118	165	165	1099	1099	1948	1948	881	881	272	272	4	4	2	2	180	180	113	113	583	583	5883	5883	3112	3112	3649	3649	3599	3599	2568	2568	13454	13454	18230	18230	4043	4043	5570	5570	2655	2655	23206	23206	349	349	843	843	865	865	805	805	27961	27961	100882	100882	42	42	56	56	253	253	72	72	254	254	211	211	182	182	487	487	219	219	73	73	88	88	406	406	105	105	113	113	754	754	642	642	56	56	72	72	61	61	152	152
IND00038	841	841	111	111	1520	1520	2301	2301	15016	15016	379	379	475	475	476	476	13	13	30	30	1269	1269	593	593	208	208	130	130	34	34	51	51	45	45	161	161	6	6	5	5	222	222	502	502	61	61	408	408	1440	1440	1879	1879	2076	2076	2785	2785	6	6	2	2	38979	38979	36428	36428	326	326	1410	1410	4	4	3	3	3058	3058	80	80	8034	8034	4160	4160	5054	5054	2446	2446	3827	3827	13333	13333	17	17	24	24	1909	1909	12169	12169	11	11	126	126	154	154	64	64	152	152	171	171	1574	1574	1444	1444	994	994	156	156	4	4	7	7	212	212	81	81	5395	5395	7994	7994	2988	2988	2778	2778	1407	1407	3724	3724	14889	14889	15710	15710	4168	4168	12507	12507	20442	20442	15062	15062	859	859	107	107	677	677	966	966	62739	62739	79603	79603	25	25	38	38	3	3	216	216	65	65	190	190	333	333	385	385	506	506	453	453	246	246	499	499	293	293	144	144	1988	1988	1020	1020	115	115	49	49	82	82	111	111
IND00039	1019	1019	210	210	1498	1498	3167	3167	10937	10937	16041	16041	329	329	438	438	31	31	88	88	1563	1563	426	426	232	232	256	256	56	56	20	20	130	130	156	156	1	1	9	9	339	339	201	201	496	496	363	363	1461	1461	1711	1711	51	51	973	973	5	5	7	7	11439	11439	36970	36970	521	521	2020	2020	2	2	8	8	1260	1260	3170	3170	2667	2667	4393	4393	3978	3978	4063	4063	2342	2342	3921	3921	11	11	21	21	8618	8618	27421	27421	116	116	106	106	207	207	215	215	236	236	148	148	417	417	1304	1304	649	649	189	189	1	1	2	2	139	139	102	102	6743	6743	8181	8181	1648	1648	354	354	3360	3360	1953	1953	1208	1208	31386	31386	2473	2473	20613	20613	16219	16219	824	824	522	522	837	837	657	657	704	704	111319	111319	8958	8958	28	28	7	7	165	165	136	136	323	323	231	231	480	480	221	221	112	112	483	483	206	206	91	91	255	255	474	474	759	759	2033	2033	120	120	32	32	135	135	32	32
IND00040	204	204	682	682	8990	8990	15910	15910	7017	7017	4125	4125	9	9	162	162	28	28	22	22	1432	1432	800	800	246	246	103	103	9	9	97	97	30	30	126	126	4	4	10	10	493	493	397	397	100	100	252	252	561	561	1901	1901	2273	2273	3323	3323	26	26	31	31	64060	64060	53940	53940	578	578	1927	1927	6	6	3	3	469	469	1113	1113	7392	7392	1984	1984	4437	4437	5904	5904	4453	4453	15458	15458	4	4	1	1	8873	8873	20488	20488	60	60	54	54	43	43	120	120	202	202	226	226	320	320	417	417	961	961	137	137	5	5	6	6	179	179	25	25	8137	8137	2213	2213	3607	3607	2292	2292	3205	3205	727	727	1152	1152	18846	18846	1958	1958	27869	27869	23029	23029	2489	2489	530	530	446	446	48	48	305	305	8512	8512	129690	129690	9	9	46	46	41	41	130	130	348	348	362	362	156	156	23	23	64	64	252	252	55	55	168	168	12	12	52	52	955	955	2043	2043	38	38	54	54	171	171	46	46
IND00041	518	518	67	67	13925	13925	2693	2693	13251	13251	3799	3799	385	385	400	400	42	42	81	81	1346	1346	1379	1379	66	66	47	47	62	62	59	59	186	186	186	186	13	13	15	15	312	312	445	445	58	58	469	469	1652	1652	1240	1240	977	977	3792	3792	31	31	27	27	83254	83254	116637	116637	315	315	460	460	1	1	7	7	3673	3673	3983	3983	7542	7542	6775	6775	1993	1993	1482	1482	10259	10259	8648	8648	16	16	13	13	1315	1315	27292	27292	12	12	69	69	126	126	254	254	226	226	47	47	2007	2007	670	670	1017	1017	210	210	2	2	2	2	150	150	114	114	4566	4566	2460	2460	968	968	3766	3766	4089	4089	2333	2333	26864	26864	14124	14124	28832	28832	19762	19762	6753	6753	7842	7842	942	942	288	288	962	962	489	489	59560	59560	11115	11115	52	52	28	28	197	197	109	109	505	505	79	79	127	127	380	380	81	81	81	81	255	255	245	245	326	326	161	161	1443	1443	130	130	60	60	64	64	126	126	168	168
IND00042	369	369	964	964	7658	7658	7924	7924	10142	10142	9508	9508	118	118	56	56	102	102	71	71	897	897	1745	1745	147	147	220	220	43	43	3	3	129	129	171	171	15	15	10	10	54	54	136	136	326	326	512	512	1007	1007	569	569	2534	2534	873	873	13	13	10	10	46190	46190	92666	92666	1739	1739	157	157	1	1	3	3	1204	1204	717	717	2679	2679	7534	7534	5858	5858	1168	1168	16028	16028	13333	13333	18	18	5	5	11205	11205	22199	22199	33	33	113	113	42	42	132	132	33	33	84	84	1218	1218	929	929	1021	1021	660	660	1	1	2	2	202	202	21	21	1556	1556	795	795	1174	1174	898	898	2033	2033	79	79	32002	32002	32186	32186	9446	9446	11360	11360	5261	5261	29505	29505	48	48	599	599	858	858	425	425	70364	70364	35129	35129	41	41	42	42	41	41	238	238	337	337	443	443	385	385	108	108	40	40	431	431	482	482	494	494	251	251	310	310	1586	1586	464	464	21	21	111	111	16	16	169	169
IND00043	482	482	383	383	119	119	9978	9978	16237	16237	15334	15334	29	29	476	476	96	96	41	41	590	590	465	465	40	40	171	171	16	16	111	111	101	101	90	90	4	4	14	14	261	261	63	63	440	440	418	418	311	311	236	236	1484	1484	3792	3792	12	12	6	6	50438	50438	61150	61150	1847	1847	651	651	1	1	6	6	560	560	2684	2684	5403	5403	5939	5939	1891	1891	6651	6651	9759	9759	1328	1328	7	7	10	10	10904	10904	27271	27271	125	125	87	87	34	34	23	23	122	122	218	218	519	519	624	624	458	458	869	869	6	6	8	8	15	15	88	88	180	180	6194	6194	1083	1083	3334	3334	3379	3379	3331	3331	21963	21963	260	260	19140	19140	19680	19680	11314	11314	4737	4737	97	97	49	49	182	182	537	537	2054	2054	17973	17973	59	59	11	11	17	17	97	97	354	354	71	71	199	199	190	190	326	326	141	141	248	248	373	373	373	373	245	245	1442	1442	547	547	96	96	31	31	222	222	10	10
IND00044	483	483	408	408	13414	13414	9988	9988	10712	10712	8824	8824	354	354	296	296	102	102	103	103	560	560	469	469	168	168	182	182	101	101	63	63	90	90	140	140	2	2	6	6	204	204	510	510	143	143	503	503	1394	1394	1264	1264	2363	2363	708	708	10	10	21	21	68757	68757	95081	95081	1302	1302	439	439	7	7	8	8	1531	1531	2522	2522	2810	2810	5303	5303	192	192	4598	4598	10497	10497	16210	16210	23	23	23	23	25042	25042	7915	7915	80	80	56	56	110	110	82	82	145	145	110	110	1226	1226	515	515	352	352	606	606	1	1	7	7	4	4	100	100	7253	7253	1454	1454	3147	3147	2281	2281	144	144	3410	3410	30286	30286	16751	16751	17082	17082	8769	8769	27261	27261	26202	26202	385	385	846	846	560	560	446	446	101038	101038	70372	70372	62	62	12	12	149	149	176	176	91	91	441	441	34	34	387	387	254	254	428	428	57	57	69	69	367	367	252	252	1086	1086	1490	1490	51	51	33	33	121	121	12	12
IND00045	724	724	749	749	5005	5005	13153	13153	9841	9841	2636	2636	301	301	36	36	29	29	107	107	1249	1249	573	573	93	93	75	75	11	11	123	123	162	162	255	255	5	5	8	8	25	25	435	435	102	102	239	239	1864	1864	610	610	2930	2930	988	988	10	10	12	12	12618	12618	67797	67797	906	906	531	531	3	3	5	5	628	628	457	457	5043	5043	3924	3924	3087	3087	4825	4825	2351	2351	11954	11954	21	21	30	30	26336	26336	3939	3939	63	63	28	28	246	246	244	244	10	10	228	228	312	312	1248	1248	556	556	906	906	2	2	3	3	187	187	238	238	4867	4867	7200	7200	2018	2018	3409	3409	682	682	1263	1263	16637	16637	17717	17717	10950	10950	10537	10537	23036	23036	20671	20671	668	668	173	173	288	288	862	862	128070	128070	119939	119939	34	34	51	51	133	133	123	123	200	200	219	219	438	438	410	410	42	42	488	488	231	231	89	89	188	188	109	109	1952	1952	987	987	114	114	56	56	227	227	89	89
IND00046	887	887	772	772	1574	1574	685	685	8301	8301	16052	16052	190	190	190	190	27	27	21	21	1628	1628	1992	1992	251	251	244	244	32	32	106	106	254	254	171	171	16	16	9	9	279	279	357	357	102	102	97	97	622	622	1026	1026	684	684	3390	3390	28	28	13	13	10762	10762	3260	3260	1695	1695	1789	1789	8	8	4	4	3798	3798	2976	2976	1244	1244	1892	1892	109	109	1686	1686	14969	14969	661	661	13	13	2	2	15778	15778	19709	19709	5	5	89	89	6	6	131	131	116	116	101	101	2029	2029	1094	1094	286	286	758	758	5	5	4	4	121	121	174	174	6080	6080	7146	7146	3072	3072	630	630	2195	2195	766	766	26343	26343	27855	27855	28378	28378	17067	17067	32423	32423	17690	17690	1009	1009	801	801	63	63	730	730	49566	49566	76443	76443	33	33	39	39	131	131	110	110	505	505	63	63	378	378	322	322	489	489	208	208	402	402	501	501	497	497	490	490	941	941	233	233	89	89	100	100	98	98	144	144
IND00047	883	883	303	303	53	53	3211	3211	8580	8580	15484	15484	351	351	327	327	65	65	92	92	1938	1938	1279	1279	68	68	82	82	52	52	9	9	19	19	91	91	3	3	14	14	391	391	1	1	80	80	106	106	1719	1719	193	193	503	503	1502	1502	15	15	24	24	56530	56530	69161	69161	1780	1780	968	968	6	6	1	1	186	186	1553	1553	4978	4978	1641	1641	4616	4616	3753	3753	2820	2820	312	312	21	21	8	8	3952	3952	22017	22017	37	37	100	100	140	140	139	139	155	155	224	224	386	386	1750	1750	811	811	328	328	8	8	3	3	91	91	202	202	6885	6885	5956	5956	1657	1657	1309	1309	2261	2261	2801	2801	32337	32337	31944	31944	1031	1031	2617	2617	31706	31706	14776	14776	403	403	707	707	742	742	348	348	3110	3110	23870	23870	40	40	37	37	214	214	53	53	324	324	449	449	361	361	288	288	215	215	330	330	479	479	208	208	85	85	13	13	24	24	949	949	40	40	114	114	114	114	125	125
IND00048	930	930	681	681	11002	11002	4658	4658	8484	8484	2478	2478	5	5	275	275	97	97	5	5	1977	1977	549	549	47	47	56	56	95	95	106	106	63	63	86	86	12	12	8	8	279	279	350	350	221	221	431	431	1116	1116	1652	1652	3925	3925	1845	1845	29	29	11	11	51720	51720	110510	110510	1049	1049	10	10	8	8	3	3	1230	1230	3361	3361	534	534	14	14	3799	3799	7446	7446	14302	14302	12276	12276	13	13	14	14	14601	14601	4502	4502	107	107	4	4	183	183	130	130	248	248	109	109	726	726	67	67	817	817	889	889	7	7	2	2	15	15	81	81	1123	1123	2157	2157	3832	3832	1453	1453	449	449	949	949	25997	25997	29894	29894	9050	9050	18025	18025	10080	10080	3492	3492	678	678	728	728	859	859	916	916	104399	104399	98782	98782	52	52	46	46	9	9	50	50	57	57	134	134	390	390	237	237	143	143	502	502	452	452	125	125	410	410	385	385	1220	1220	1997	1997	88	88	38	38	148	148	207	207
IND00049	811	811	378	378	6301	6301	9214	9214	13	13	9581	9581	203	203	499	499	62	62	110	110	278	278	1147	1147	48	48	52	52	83	83	67	67	104	104	207	207	8	8	6	6	4	4	149	149	323	323	435	435	1418	1418	228	228	3995	3995	3895	3895	32	32	31	31	18000	18000	28581	28581	441	441	1097	1097	1	1	4	4	407	407	3717	3717	2484	2484	7254	7254	1873	1873	4398	4398	4572	4572	9991	9991	24	24	7	7	22500	22500	1078	1078	37	37	117	117	205	205	113	113	113	113	62	62	382	382	187	187	217	217	5	5	3	3	3	3	176	176	112	112	2182	2182	2778	2778	3949	3949	339	339	779	779	4018	4018	8720	8720	18910	18910	24428	24428	17453	17453	5451	5451	2357	2357	771	771	823	823	531	531	791	791	28767	28767	103406	103406	63	63	46	46	90	90	52	52	382	382	469	469	309	309	341	341	127	127	181	181	206	206	431	431	285	285	295	295	813	813	332	332	28	28	42	42	247	247	165	165
IND00050	503	503	627	627	10684	10684	7738	7738	2593	2593	8721	8721	111	111	471	471	78	78	110	110	898	898	591	591	132	132	165	165	63	63	12	12	61	61	27	27	8	8	15	15	334	334	362	362	165	165	410	410	66	66	1042	1042	2421	2421	2718	2718	25	25	23	23	9719	9719	4988	4988	1469	1469	479	479	8	8	1	1	1570	1570	2640	2640	6381	6381	2707	2707	6043	6043	949	949	12039	12039	3357	3357	27	27	17	17	17635	17635	17395	17395	21	21	111	111	124	124	37	37	251	251	198	198	11	11	1328	1328	940	940	975	975	3	3	3	3	52	52	17	17	4400	4400	2535	2535	4052	4052	3750	3750	3614	3614	3382	3382	31975	31975	23170	23170	18803	18803	9251	9251	12867	12867	2865	2865	751	751	103	103	646	646	564	564	94547	94547	113906	113906	2	2	13	13	17	17	2	2	147	147	243	243	267	267	284	284	195	195	160	160	460	460	408	408	27	27	321	321	1310	1310	1573	1573	64	64	40	40	68	68	178	178
IND00051	1005	1005	886	886	14344	14344	1952	1952	15723	15723	9150	9150	451	451	219	219	100	100	37	37	1410	1410	1709	1709	136	136	93	93	22	22	11	11	237	237	157	157	3	3	6	6	491	491	327	327	28	28	155	155	1117	1117	900	900	480	480	209	209	30	30	26	26	74638	74638	16228	16228	1117	1117	369	369	1	1	3	3	505	505	2732	2732	6240	6240	2122	2122	3359	3359	5923	5923	13775	13775	3176	3176	29	29	26	26	27147	27147	2127	2127	119	119	86	86	76	76	204	204	70	70	237	237	1271	1271	680	680	52	52	243	243	2	2	7	7	148	148	204	204	4515	4515	6093	6093	2750	2750	680	680	943	943	174	174	25520	25520	4358	4358	3325	3325	8498	8498	31241	31241	24006	24006	797	797	108	108	832	832	111	111	96396	96396	87509	87509	36	36	1	1	174	174	30	30	66	66	168	168	16	16	247	247	265	265	163	163	19	19	81	81	275	275	146	146	610	610	661	661	120	120	119	119	205	205	204	204
IND00052	618	618	156	156	10410	10410	9934	9934	16082	16082	7195	7195	283	283	57	57	85	85	12	12	17	17	323	323	225	225	18	18	8	8	50	50	40	40	183	183	15	15	7	7	338	338	55	55	55	55	498	498	1303	1303	549	549	2379	2379	2257	2257	17	17	13	13	121490	121490	76528	76528	729	729	2037	2037	3	3	5	5	1439	1439	2637	2637	2925	2925	4061	4061	488	488	5079	5079	3525	3525	13410	13410	23	23	18	18	17984	17984	31607	31607	68	68	121	121	29	29	36	36	218	218	12	12	1999	1999	1019	1019	652	652	537	537	6	6	3	3	68	68	11	11	5328	5328	1451	1451	3752	3752	2760	2760	906	906	1282	1282	9899	9899	6176	6176	19057	19057	15440	15440	26183	26183	6818	6818	618	618	121	121	186	186	886	886	74229	74229	63623	63623	51	51	37	37	51	51	198	198	13	13	461	461	472	472	372	372	164	164	480	480	359	359	369	369	174	174	407	407	606	606	1790	1790	44	44	6	6	255	255	74	74
IND00053	599	599	462	462	8561	8561	15346	15346	1948	1948	2050	2050	136	136	311	311	22	22	89	89	1458	1458	30	30	184	184	13	13	52	52	81	81	70	70	218	218	8	8	10	10	497	497	67	67	126	126	101	101	1811	1811	1114	1114	1578	1578	2792	2792	17	17	3	3	69589	69589	25669	25669	897	897	1638	1638	5	5	5	5	980	980	845	845	1461	1461	3467	3467	4824	4824	7126	7126	3557	3557	1741	1741	24	24	4	4	8795	8795	11073	11073	30	30	128	128	216	216	91	91	42	42	170	170	1431	1431	1598	1598	15	15	274	274	1	1	8	8	24	24	74	74	7199	7199	3618	3618	2291	2291	923	923	3494	3494	2131	2131	15485	15485	25276	25276	17860	17860	8168	8168	17150	17150	22436	22436	753	753	688	688	38	38	411	411	128084	128084	36430	36430	6	6	49	49	180	180	48	48	351	351	465	465	197	197	151	151	499	499	434	434	244	244	139	139	335	335	70	70	1898	1898	929	929	118	118	110	110	106	106	209	209
IND00054	462	462	802	802	1678	1678	15198	15198	3751	3751	11322	11322	410	410	195	195	102	102	87	87	1292	1292	1977	1977	156	156	26	26	24	24	126	126	207	207	183	183	8	8	4	4	15	15	405	405	304	304	379	379	1847	1847	1671	1671	3783	3783	196	196	20	20	28	28	6896	6896	78506	78506	481	481	1539	1539	2	2	3	3	2310	2310	2593	2593	1627	1627	3670	3670	215	215	2093	2093	15462	15462	9672	9672	21	21	17	17	10338	10338	6003	6003	105	105	84	84	79	79	31	31	254	254	27	27	20	20	1977	1977	831	831	793	793	2	2	8	8	173	173	159	159	1683	1683	7025	7025	3292	3292	1613	1613	2899	2899	4053	4053	994	994	28579	28579	7331	7331	18345	18345	7368	7368	13259	13259	501	501	291	291	669	669	497	497	32059	32059	30299	30299	28	28	13	13	121	121	148	148	196	196	284	284	368	368	512	512	68	68	341	341	374	374	238	238	432	432	464	464	1511	1511	1692	1692	69	69	62	62	219	219	112	112
IND00055	522	522	852	852	6791	6791	15622	15622	13927	13927	10103	10103	422	422	148	148	37	37	94	94	1668	1668	2041	2041	24	24	254	254	108	108	103	103	112	112	6	6	10	10	12	12	306	306	158	158	328	328	40	40	1385	1385	375	375	3160	3160	3092	3092	4	4	14	14	79910	79910	5132	5132	2006	2006	54	54	3	3	3	3	2338	2338	3973	3973	1961	1961	6407	6407	8	8	2033	2033	9343	9343	9879	9879	20	20	25	25	23363	23363	21487	21487	94	94	45	45	136	136	58	58	142	142	171	171	1293	1293	170	170	821	821	768	768	2	2	2	2	217	217	237	237	3934	3934	2340	2340	122	122	1415	1415	2337	2337	1490	1490	27972	27972	29152	29152	29185	29185	12888	12888	11804	11804	1181	1181	243	243	93	93	592	592	112	112	92381	92381	114645	114645	25	25	26	26	59	59	3	3	433	433	489	489	141	141	464	464	101	101	61	61	387	387	406	406	34	34	437	437	513	513	1270	1270	38	38	63	63	116	116	133	133
IND00056	477	477	748	748	7498	7498	11407	11407	1737	1737	15467	15467	299	299	315	315	81	81	108	108	113	113	342	342	50	50	98	98	56	56	1	1	25	25	66	66	11	11	14	14	99	99	301	301	511	511	379	379	439	439	1949	1949	2853	2853	2846	2846	29	29	1	1	6716	6716	48191	48191	1509	1509	1004	1004	7	7	6	6	2241	2241	3186	3186	2091	2091	2178	2178	3963	3963	951	951	9526	9526	7847	7847	13	13	23	23	15218	15218	2246	2246	7	7	38	38	239	239	52	52	42	42	205	205	1147	1147	1401	1401	402	402	648	648	6	6	2	2	185	185	152	152	556	556	696	696	1727	1727	1046	1046	979	979	839	839	16167	16167	1830	1830	7311	7311	19732	19732	3016	3016	21238	21238	70	70	404	404	217	217	749	749	67131	67131	37086	37086	34	34	61	61	4	4	136	136	211	211	192	192	500	500	94	94	98	98	266	266	189	189	150	150	352	352	60	60	998	998	1320	1320	25	25	69	69	202	202	54	54
IND00057	706	706	642	642	11080	11080	10187	10187	5178	5178	9600	9600	57	57	303	303	96	96	101	101	850	850	567	567	208	208	103	103	48	48	116	116	108	108	96	96	12	12	5	5	194	194	34	34	341	341	281	281	1413	1413	1715	1715	2637	2637	174	174	26	26	22	22	76232	76232	124332	124332	1464	1464	1027	1027	1	1	8	8	2119	2119	127	127	7872	7872	325	325	691	691	7893	7893	9831	9831	14705	14705	4	4	15	15	31549	31549	29480	29480	29	29	125	125	155	155	76	76	234	234	99	99	1137	1137	1794	1794	960	960	669	669	5	5	8	8	218	218	197	197	6438	6438	1873	1873	1770	1770	865	865	3023	3023	3245	3245	11764	11764	31680	31680	13024	13024	30579	30579	14033	14033	10752	10752	196	196	808	808	714	714	696	696	22762	22762	22872	22872	18	18	1	1	68	68	179	179	425	425	242	242	472	472	361	361	322	322	175	175	457	457	354	354	479	479	191	191	1065	1065	220	220	23	23	23	23	178	178	68	68
IND00058	974	974	398	398	2674	2674	1120	1120	14807	14807	14220	14220	277	277	27	27	72	72	13	13	1500	1500	1310	1310	79	79	172	172	53	53	50	50	95	95	80	80	12	12	7	7	446	446	384	384	138	138	303	303	271	271	582	582	1348	1348	637	637	32	32	18	18	547	547	90289	90289	1104	1104	2017	2017	4	4	1	1	3773	3773	1872	1872	5065	5065	5154	5154	3545	3545	8028	8028	15280	15280	7143	7143	31	31	20	20	10976	10976	14827	14827	37	37	23	23	217	217	82	82	201	201	180	180	819	819	402	402	125	125	302	302	4	4	2	2	190	190	147	147	751	751	7338	7338	2174	2174	2942	2942	3042	3042	3878	3878	11349	11349	23154	23154	31505	31505	1938	1938	15602	15602	8622	8622	837	837	544	544	575	575	863	863	19357	19357	101193	101193	55	55	25	25	116	116	167	167	71	71	252	252	468	468	349	349	237	237	81	81	56	56	384	384	142	142	56	56	605	605	1153	1153	49	49	67	67	129	129	110	110
IND00059	67	67	863	863	446	446	2035	2035	7401	7401	11800	11800	245	245	393	393	11	11	80	80	351	351	1893	1893	127	127	17	17	73	73	55	55	126	126	32	32	10	10	3	3	485	485	279	279	205	205	210	210	1064	1064	937	937	3662	3662	283	283	15	15	30	30	61718	61718	9340	9340	79	79	1722	1722	6	6	8	8	3360	3360	1294	1294	1413	1413	8149	8149	3003	3003	7235	7235	5968	5968	5187	5187	32	32	7	7	13341	13341	5228	5228	49	49	21	21	61	61	170	170	220	220	62	62	921	921	787	787	714	714	288	288	2	2	5	5	100	100	117	117	7702	7702	2125	2125	1310	1310	2808	2808	717	717	3370	3370	6593	6593	21470	21470	28445	28445	16219	16219	19569	19569	30019	30019	411	411	721	721	307	307	41	41	39991	39991	2046	2046	64	64	45	45	94	94	44	44	387	387	141	141	493	493	488	488	477	477	348	348	12	12	98	98	490	490	139	139	1450	1450	839	839	77	77	89	89	38	38	165	165
IND00060	405	405	55	55	12257	12257	2285	2285	11373	11373	9707	9707	110	110	317	317	98	98	25	25	784	784	1815	1815	10	10	112	112	44	44	95	95	238	238	103	103	7	7	11	11	148	148	35	35	147	147	255	255	1356	1356	78	78	3426	3426	1359	1359	14	14	14	14	119939	119939	100264	100264	581	581	1533	1533	2	2	5	5	2285	2285	3593	3593	7971	7971	5310	5310	8070	8070	4543	4543	11962	11962	12796	12796	20	20	27	27	32498	32498	7441	7441	58	58	84	84	110	110	121	121	233	233	255	255	885	885	755	755	1008	1008	800	800	1	1	7	7	175	175	106	106	4232	4232	1780	1780	143	143	3824	3824	1870	1870	317	317	5311	5311	17032	17032	9082	9082	31786	31786	31906	31906	6923	6923	219	219	1018	1018	247	247	691	691	59559	59559	97117	97117	3	3	28	28	19	19	42	42	333	333	484	484	365	365	492	492	417	417	51	51	337	337	112	112	220	220	168	168	557	557	1196	1196	48	48	33	33	131	131	229	229
IND00061	811	811	407	407	6838	6838	16002	16002	2335	2335	1978	1978	87	87	327	327	40	40	57	57	1501	1501	17	17	99	99	127	127	18	18	63	63	231	231	106	106	12	12	8	8	511	511	382	382	202	202	15	15	911	911	329	329	1278	1278	1042	1042	7	7	23	23	4867	4867	72981	72981	1494	1494	535	535	4	4	3	3	1441	1441	301	301	1586	1586	1885	1885	5540	5540	567	567	14645	14645	4318	4318	29	29	23	23	13564	13564	8512	8512	47	47	73	73	110	110	46	46	252	252	58	58	916	916	2024	2024	372	372	427	427	3	3	1	1	149	149	16	16	4668	4668	3425	3425	1226	1226	3301	3301	2660	2660	3166	3166	24979	24979	16791	16791	7596	7596	26380	26380	23485	23485	12816	12816	473	473	884	884	366	366	309	309	90462	90462	78877	78877	51	51	46	46	134	134	129	129	372	372	415	415	268	268	158	158	405	405	261	261	355	355	511	511	327	327	109	109	1271	1271	1168	1168	34	34	107	107	208	208	174	174
IND00062	822	822	759	759	15691	15691	3857	3857	7016	7016	8548	8548	495	495	425	425	16	16	42	42	1900	1900	1907	1907	27	27	229	229	127	127	128	128	47	47	166	166	6	6	12	12	10	10	181	181	78	78	282	282	1528	1528	1317	1317	2174	2174	2913	2913	1	1	3	3	82525	82525	121102	121102	914	914	261	261	3	3	7	7	286	286	599	599	579	579	5116	5116	6720	6720	1813	1813	10528	10528	10861	10861	2	2	22	22	26706	26706	7277	7277	112	112	34	34	136	136	114	114	48	48	157	157	911	911	1367	1367	690	690	493	493	2	2	1	1	141	141	119	119	6096	6096	3291	3291	1539	1539	1652	1652	3516	3516	2307	2307	9562	9562	27464	27464	85	85	12860	12860	29611	29611	32682	32682	445	445	756	756	262	262	884	884	95017	95017	118716	118716	14	14	30	30	196	196	86	86	435	435	398	398	129	129	395	395	178	178	139	139	263	263	211	211	347	347	490	490	120	120	1757	1757	68	68	105	105	252	252	110	110
IND00063	953	953	519	519	1346	1346	5132	5132	13070	13070	5345	5345	220	220	457	457	117	117	112	112	94	94	584	584	127	127	136	136	40	40	36	36	75	75	217	217	3	3	6	6	300	300	131	131	255	255	61	61	483	483	1731	1731	51	51	1365	1365	24	24	18	18	15402	15402	10532	10532	1098	1098	700	700	2	2	4	4	2167	2167	3014	3014	7355	7355	6716	6716	2151	2151	6871	6871	13897	13897	16170	16170	1	1	26	26	5739	5739	11189	11189	49	49	118	118	12	12	127	127	19	19	216	216	941	941	541	541	118	118	374	374	3	3	3	3	83	83	36	36	7103	7103	4874	4874	490	490	2514	2514	2884	2884	4042	4042	21834	21834	21215	21215	23053	23053	7066	7066	25608	25608	8433	8433	841	841	228	228	693	693	884	884	75158	75158	31699	31699	25	25	40	40	202	202	231	231	384	384	80	80	214	214	224	224	430	430	343	343	7	7	12	12	215	215	377	377	190	190	102	102	76	76	126	126	84	84	250	250
IND00064	540	540	771	771	7852	7852	6688	6688	12515	12515	2563	2563	242	242	506	506	115	115	31	31	662	662	584	584	255	255	124	124	70	70	66	66	61	61	235	235	1	1	5	5	386	386	143	143	365	365	224	224	572	572	640	640	908	908	1402	1402	28	28	4	4	80927	80927	80021	80021	1231	1231	1930	1930	5	5	8	8	1995	1995	504	504	3388	3388	6040	6040	4436	4436	7690	7690	4766	4766	7941	7941	11	11	5	5	21848	21848	22717	22717	100	100	49	49	125	125	214	214	115	115	200	200	1908	1908	794	794	65	65	7	7	5	5	6	6	232	232	105	105	6851	6851	823	823	2097	2097	1755	1755	2528	2528	1794	1794	3695	3695	22359	22359	25300	25300	22800	22800	14089	14089	22489	22489	412	412	349	349	519	519	800	800	28399	28399	42776	42776	10	10	19	19	184	184	118	118	73	73	477	477	242	242	437	437	408	408	306	306	481	481	28	28	43	43	60	60	2023	2023	1488	1488	26	26	113	113	76	76	124	124
IND00065	92	92	1007	1007	4292	4292	8641	8641	9955	9955	3252	3252	511	511	368	368	23	23	103	103	1398	1398	280	280	74	74	52	52	7	7	8	8	105	105	31	31	14	14	13	13	501	501	46	46	508	508	341	341	1789	1789	222	222	861	861	3494	3494	12	12	3	3	69099	69099	105209	105209	1328	1328	1845	1845	4	4	1	1	1354	1354	1114	1114	7365	7365	3021	3021	542	542	5625	5625	4839	4839	11819	11819	22	22	22	22	15704	15704	26680	26680	33	33	100	100	15	15	150	150	214	214	110	110	785	785	994	994	98	98	866	866	7	7	6	6	100	100	177	177	6053	6053	279	279	3651	3651	3612	3612	329	329	2714	2714	29414	29414	6167	6167	24026	24026	21869	21869	16218	16218	9405	9405	10	10	1002	1002	82	82	391	391	37257	37257	39885	39885	14	14	54	54	23	23	240	240	106	106	366	366	342	342	161	161	420	420	95	95	372	372	134	134	204	204	437	437	977	977	1093	1093	119	119	90	90	191	191	97	97
IND00066	521	521	449	449	13718	13718	4705	4705	11711	11711	10588	10588	438	438	432	432	69	69	81	81	1712	1712	1359	1359	157	157	40	40	89	89	92	92	161	161	109	109	2	2	3	3	72	72	349	349	173	173	68	68	2012	2012	106	106	1309	1309	2754	2754	19	19	27	27	40740	40740	15977	15977	1974	1974	1256	1256	6	6	2	2	1854	1854	278	278	6652	6652	2550	2550	4259	4259	2912	2912	14130	14130	14102	14102	32	32	31	31	22201	22201	31151	31151	59	59	96	96	58	58	77	77	251	251	236	236	1769	1769	1804	1804	110	110	1007	1007	5	5	3	3	206	206	177	177	6061	6061	5387	5387	3274	3274	876	876	1871	1871	514	514	11701	11701	10127	10127	21053	21053	24270	24270	16134	16134	15647	15647	275	275	80	80	60	60	456	456	100252	100252	124165	124165	49	49	36	36	223	223	166	166	53	53	99	99	174	174	162	162	94	94	404	404	41	41	46	46	58	58	104	104	1800	1800	1593	1593	32	32	35	35	97	97	23	23
IND00067	767	767	745	745	8209	8209	265	265	4176	4176	11674	11674	327	327	358	358	98	98	73	73	1172	1172	1196	1196	244	244	209	209	57	57	95	95	82	82	38	38	6	6	1	1	262	262	381	381	92	92	277	277	447	447	1350	1350	2864	2864	2606	2606	21	21	25	25	871	871	52905	52905	345	345	1091	1091	3	3	4	4	3085	3085	3619	3619	1602	1602	446	446	834	834	6848	6848	7646	7646	4417	4417	8	8	10	10	699	699	9344	9344	28	28	19	19	167	167	100	100	104	104	221	221	915	915	1716	1716	993	993	222	222	8	8	8	8	58	58	54	54	5687	5687	4125	4125	1598	1598	1602	1602	3823	3823	829	829	32409	32409	24903	24903	23998	23998	30183	30183	29357	29357	21303	21303	51	51	127	127	1007	1007	31	31	91776	91776	49469	49469	37	37	18	18	67	67	181	181	103	103	154	154	280	280	260	260	83	83	185	185	296	296	122	122	113	113	220	220	829	829	7	7	24	24	13	13	237	237	175	175
IND00068	579	579	902	902	608	608	6133	6133	765	765	418	418	10	10	258	258	96	96	91	91	180	180	726	726	81	81	81	81	53	53	12	12	58	58	202	202	3	3	16	16	65	65	320	320	453	453	449	449	2017	2017	1771	1771	3005	3005	2403	2403	7	7	11	11	17513	17513	47409	47409	249	249	1260	1260	2	2	8	8	3703	3703	3193	3193	6627	6627	8011	8011	6549	6549	7462	7462	2471	2471	15215	15215	10	10	24	24	12872	12872	2309	2309	35	35	5	5	196	196	246	246	249	249	94	94	613	613	241	241	933	933	505	505	3	3	2	2	26	26	247	247	2347	2347	2315	2315	1539	1539	71	71	2465	2465	1743	1743	2486	2486	24384	24384	27714	27714	15019	15019	15575	15575	444	444	366	366	882	882	756	756	272	272	14019	14019	94702	94702	11	11	6	6	197	197	31	31	108	108	506	506	503	503	64	64	175	175	41	41	430	430	131	131	134	134	424	424	281	281	1641	1641	18	18	78	78	75	75	157	157
IND00069	886	886	632	632	11227	11227	4249	4249	4309	4309	4948	4948	3	3	349	349	123	123	10	10	1324	1324	626	626	151	151	20	20	14	14	6	6	69	69	49	49	5	5	14	14	404	404	45	45	64	64	252	252	580	580	192	192	622	622	59	59	11	11	16	16	66460	66460	37425	37425	1239	1239	1629	1629	1	1	5	5	346	346	1679	1679	289	289	7950	7950	966	966	7191	7191	4808	4808	15714	15714	17	17	3	3	26180	26180	2859	2859	127	127	116	116	108	108	223	223	196	196	52	52	313	313	457	457	347	347	654	654	8	8	4	4	244	244	115	115	5790	5790	5842	5842	273	273	2745	2745	3227	3227	3265	3265	8248	8248	6343	6343	25785	25785	28516	28516	15011	15011	29281	29281	897	897	838	838	883	883	375	375	8145	8145	109878	109878	39	39	23	23	48	48	83	83	148	148	169	169	321	321	403	403	264	264	275	275	195	195	393	393	7	7	214	214	1413	1413	1618	1618	41	41	95	95	71	71	63	63
IND00070	152	152	642	642	11740	11740	3210	3210	1436	1436	838	838	121	121	478	478	116	116	64	64	1107	1107	1489	1489	32	32	212	212	76	76	1	1	63	63	30	30	5	5	12	12	60	60	5	5	224	224	33	33	236	236	1483	1483	1290	1290	2591	2591	19	19	29	29	1825	1825	81977	81977	248	248	289	289	1	1	3	3	2603	2603	2220	2220	1184	1184	3163	3163	7973	7973	7798	7798	11938	11938	15402	15402	17	17	30	30	2553	2553	5673	5673	24	24	92	92	231	231	13	13	174	174	72	72	1843	1843	1375	1375	441	441	404	404	7	7	6	6	33	33	173	173	2018	2018	592	592	1131	1131	3676	3676	1470	1470	2096	2096	26359	26359	12274	12274	6064	6064	6274	6274	12436	12436	24725	24725	195	195	576	576	836	836	421	421	75596	75596	4070	4070	26	26	5	5	9	9	136	136	447	447	208	208	48	48	432	432	304	304	335	335	367	367	29	29	440	440	140	140	1960	1960	754	754	111	111	51	51	28	28	155	155
IND00071	152	152	443	443	13504	13504	12123	12123	10219	10219	13942	13942	35	35	54	54	124	124	68	68	1814	1814	1797	1797	180	180	112	112	128	128	35	35	111	111	14	14	10	10	4	4	75	75	16	16	363	363	96	96	1092	1092	2028	2028	3008	3008	2478	2478	21	21	3	3	21701	21701	56616	56616	598	598	2018	2018	7	7	7	7	1986	1986	603	603	4676	4676	4259	4259	6537	6537	631	631	1805	1805	1882	1882	10	10	3	3	18910	18910	32431	32431	85	85	76	76	243	243	67	67	46	46	59	59	997	997	1920	1920	131	131	892	892	4	4	2	2	30	30	38	38	811	811	2961	2961	3969	3969	273	273	1604	1604	2012	2012	18052	18052	29600	29600	28132	28132	22265	22265	2257	2257	15039	15039	440	440	29	29	390	390	644	644	43618	43618	15168	15168	39	39	38	38	94	94	44	44	162	162	422	422	504	504	315	315	218	218	66	66	308	308	37	37	319	319	231	231	1003	1003	1859	1859	85	85	24	24	34	34	140	140
IND00072	289	289	695	695	12885	12885	15068	15068	8997	8997	14013	14013	340	340	494	494	12	12	32	32	746	746	1083	1083	224	224	210	210	19	19	111	111	74	74	44	44	2	2	1	1	73	73	450	450	55	55	377	377	1715	1715	1816	1816	3223	3223	1136	1136	15	15	9	9	41041	41041	51278	51278	285	285	2011	2011	2	2	6	6	1676	1676	1199	1199	853	853	3599	3599	3689	3689	5521	5521	4553	4553	3703	3703	4	4	24	24	3003	3003	4539	4539	10	10	96	96	241	241	3	3	151	151	135	135	1494	1494	785	785	177	177	963	963	1	1	5	5	150	150	48	48	2679	2679	4482	4482	1335	1335	241	241	1362	1362	1637	1637	27005	27005	14933	14933	16333	16333	28419	28419	23695	23695	3828	3828	960	960	759	759	838	838	898	898	122494	122494	89690	89690	49	49	1	1	139	139	200	200	450	450	360	360	305	305	311	311	500	500	158	158	28	28	278	278	88	88	505	505	761	761	744	744	82	82	98	98	218	218	207	207
IND00073	771	771	756	756	10408	10408	10926	10926	1371	1371	938	938	326	326	226	226	44	44	34	34	1665	1665	1124	1124	114	114	234	234	122	122	91	91	198	198	139	139	6	6	12	12	161	161	51	51	130	130	318	318	1504	1504	412	412	970	970	2249	2249	18	18	18	18	87740	87740	37266	37266	1311	1311	1994	1994	4	4	4	4	2334	2334	1671	1671	4460	4460	7959	7959	566	566	6566	6566	1668	1668	3690	3690	9	9	28	28	14662	14662	19663	19663	81	81	26	26	132	132	72	72	163	163	202	202	1854	1854	1042	1042	516	516	886	886	6	6	5	5	47	47	223	223	7199	7199	2156	2156	1768	1768	3437	3437	2650	2650	1524	1524	2947	2947	14942	14942	10920	10920	13730	13730	9111	9111	20986	20986	734	734	942	942	409	409	239	239	9153	9153	113752	113752	25	25	38	38	38	38	189	189	428	428	477	477	117	117	270	270	128	128	17	17	400	400	188	188	15	15	439	439	266	266	76	76	99	99	45	45	14	14	195	195
IND00074	93	93	174	174	1757	1757	2754	2754	3263	3263	4470	4470	492	492	96	96	64	64	2	2	1609	1609	1807	1807	225	225	138	138	9	9	73	73	98	98	75	75	4	4	13	13	186	186	445	445	280	280	103	103	962	962	1017	1017	3694	3694	645	645	22	22	2	2	27899	27899	1083	1083	112	112	587	587	5	5	5	5	2870	2870	185	185	2508	2508	5372	5372	4743	4743	4092	4092	4668	4668	8657	8657	4	4	31	31	22109	22109	27471	27471	34	34	95	95	97	97	31	31	2	2	22	22	980	980	581	581	814	814	247	247	8	8	3	3	188	188	78	78	2510	2510	6566	6566	2631	2631	1428	1428	3089	3089	1968	1968	9551	9551	12000	12000	19117	19117	16412	16412	9161	9161	13596	13596	221	221	414	414	41	41	24	24	63722	63722	70866	70866	21	21	24	24	157	157	233	233	140	140	274	274	257	257	377	377	444	444	432	432	52	52	258	258	13	13	343	343	441	441	466	466	46	46	99	99	169	169	114	114
IND00075	16	16	485	485	5804	5804	6268	6268	11273	11273	11535	11535	1	1	108	108	21	21	65	65	367	367	1215	1215	52	52	157	157	104	104	66	66	69	69	144	144	10	10	6	6	388	388	114	114	159	159	467	467	1342	1342	112	112	3946	3946	2966	2966	21	21	32	32	103440	103440	3882	3882	1221	1221	1321	1321	6	6	6	6	3542	3542	2074	2074	2968	2968	334	334	7555	7555	6274	6274	5137	5137	4803	4803	28	28	21	21	366	366	14112	14112	59	59	54	54	223	223	150	150	177	177	18	18	1377	1377	1599	1599	198	198	901	901	8	8	7	7	118	118	227	227	4879	4879	7666	7666	3148	3148	1687	1687	887	887	2944	2944	21698	21698	30449	30449	29245	29245	21668	21668	19446	19446	2780	2780	862	862	867	867	572	572	968	968	106473	106473	83237	83237	53	53	21	21	204	204	28	28	485	485	479	479	273	273	353	353	35	35	38	38	303	303	285	285	83	83	404	404	181	181	1605	1605	122	122	36	36	238	238	232	232
IND00076	655	655	257	257	2430	2430	14731	14731	14980	14980	5903	5903	277	277	308	308	60	60	125	125	1167	1167	1759	1759	59	59	233	233	75	75	69	69	35	35	169	169	1	1	15	15	46	46	342	342	302	302	269	269	1379	1379	1396	1396	1822	1822	3752	3752	22	22	19	19	27501	27501	107505	107505	245	245	757	757	3	3	3	3	1056	1056	2777	2777	818	818	4061	4061	7006	7006	80	80	9522	9522	9289	9289	1	1	17	17	47	47	5712	5712	15	15	88	88	40	40	88	88	63	63	12	12	1941	1941	250	250	333	333	806	806	3	3	1	1	64	64	105	105	7839	7839	5118	5118	2638	2638	2311	2311	1779	1779	3311	3311	15007	15007	9295	9295	28985	28985	29245	29245	913	913	7463	7463	363	363	755	755	394	394	537	537	118414	118414	43076	43076	19	19	32	32	74	74	225	225	418	418	54	54	246	246	393	393	68	68	223	223	87	87	168	168	87	87	14	14	999	999	1559	1559	99	99	84	84	81	81	191	191
IND00077	37	37	388	388	5847	5847	7887	7887	8789	8789	14350	14350	58	58	255	255	35	35	23	23	292	292	988	988	59	59	86	86	42	42	21	21	252	252	169	169	10	10	3	3	216	216	63	63	299	299	413	413	220	220	5	5	1733	1733	1988	1988	19	19	18	18	55764	55764	63555	63555	654	654	185	185	2	2	3	3	3752	3752	1976	1976	6364	6364	424	424	6150	6150	1833	1833	5755	5755	932	932	21	21	1	1	15105	15105	4833	4833	98	98	16	16	113	113	174	174	100	100	52	52	851	851	37	37	209	209	900	900	7	7	2	2	45	45	160	160	3599	3599	4890	4890	1832	1832	501	501	1796	1796	3211	3211	3676	3676	2111	2111	2400	2400	17985	17985	2579	2579	13981	13981	792	792	113	113	765	765	7	7	89131	89131	86094	86094	34	34	32	32	141	141	133	133	96	96	273	273	187	187	121	121	327	327	3	3	142	142	479	479	2	2	432	432	80	80	416	416	32	32	22	22	158	158	215	215
IND00078	965	965	571	571	14333	14333	5202	5202	8319	8319	4298	4298	339	339	307	307	102	102	105	105	975	975	13	13	83	83	19	19	19	19	115	115	69	69	71	71	1	1	8	8	72	72	173	173	421	421	142	142	67	67	623	623	2728	2728	631	631	30	30	3	3	35546	35546	84643	84643	1896	1896	1319	1319	4	4	4	4	1457	1457	133	133	7694	7694	3918	3918	1792	1792	4951	4951	15760	15760	304	304	24	24	12	12	25096	25096	30780	30780	32	32	98	98	208	208	19	19	216	216	53	53	963	963	879	879	174	174	395	395	7	7	8	8	105	105	86	86	7672	7672	3688	3688	3859	3859	2257	2257	2395	2395	3828	3828	30367	30367	21193	21193	23804	23804	15757	15757	7838	7838	10055	10055	726	726	942	942	359	359	417	417	8927	8927	16901	16901	55	55	3	3	136	136	209	209	234	234	197	197	60	60	75	75	214	214	247	247	334	334	440	440	5	5	416	416	1619	1619	1174	1174	34	34	80	80	248	248	180	180
IND00079	404	404	387	387	15869	15869	10035	10035	5313	5313	12676	12676	218	218	471	471	44	44	119	119	396	396	324	324	45	45	26	26	110	110	92	92	229	229	173	173	2	2	8	8	1	1	183	183	446	446	478	478	1229	1229	1624	1624	1082	1082	2298	2298	5	5	10	10	112546	112546	10439	10439	588	588	1626	1626	3	3	4	4	44	44	3645	3645	1464	1464	2633	2633	6258	6258	7842	7842	14987	14987	6201	6201	30	30	25	25	1290	1290	20884	20884	18	18	15	15	216	216	91	91	113	113	70	70	1441	1441	461	461	984	984	740	740	7	7	4	4	29	29	177	177	4324	4324	7024	7024	1727	1727	2999	2999	748	748	410	410	24168	24168	256	256	25396	25396	22152	22152	17723	17723	32671	32671	277	277	883	883	211	211	517	517	59444	59444	102085	102085	54	54	63	63	126	126	2	2	220	220	176	176	10	10	66	66	426	426	240	240	410	410	274	274	306	306	82	82	1224	1224	518	518	31	31	22	22	241	241	150	150
IND00080	1020	1020	259	259	13192	13192	7358	7358	1869	1869	3007	3007	200	200	476	476	106	106	90	90	1558	1558	880	880	138	138	211	211	125	125	37	37	193	193	231	231	11	11	4	4	77	77	100	100	261	261	46	46	90	90	710	710	376	376	3877	3877	24	24	15	15	22766	22766	75500	75500	1662	1662	37	37	1	1	4	4	1913	1913	1902	1902	6189	6189	2587	2587	6742	6742	7982	7982	3644	3644	10070	10070	3	3	18	18	14107	14107	23238	23238	89	89	93	93	102	102	162	162	73	73	232	232	1674	1674	1609	1609	203	203	925	925	7	7	2	2	5	5	212	212	5607	5607	6661	6661	2908	2908	2435	2435	3757	3757	3758	3758	29424	29424	28224	28224	25749	25749	26002	26002	2151	2151	18136	18136	998	998	502	502	46	46	763	763	50173	50173	91939	91939	4	4	22	22	221	221	55	55	120	120	28	28	274	274	257	257	8	8	175	175	161	161	75	75	241	241	192	192	1683	1683	916	916	48	48	71	71	46	46	84	84
IND00081	175	175	587	587	15230	15230	2279	2279	15679	15679	5506	5506	262	262	488	488	63	63	39	39	421	421	571	571	18	18	238	238	45	45	95	95	90	90	79	79	3	3	2	2	134	134	366	366	390	390	32	32	1124	1124	887	887	1443	1443	3288	3288	16	16	1	1	117409	117409	72586	72586	1253	1253	969	969	7	7	6	6	535	535	3921	3921	3371	3371	6154	6154	7656	7656	2094	2094	8757	8757	4010	4010	23	23	11	11	5355	5355	21951	21951	103	103	50	50	253	253	44	44	122	122	173	173	1347	1347	1200	1200	939	939	374	374	5	5	4	4	36	36	84	84	1883	1883	6670	6670	3043	3043	1979	1979	2347	2347	2752	2752	12145	12145	12950	12950	669	669	23816	23816	30009	30009	32479	32479	1024	1024	961	961	784	784	1014	1014	11189	11189	129627	129627	62	62	16	16	6	6	240	240	139	139	213	213	106	106	132	132	490	490	64	64	57	57	283	283	193	193	420	420	347	347	577	577	125	125	89	89	157	157	56	56
IND00082	631	631	381	381	1163	1163	4776	4776	8350	8350	1345	1345	291	291	334	334	96	96	66	66	1733	1733	1456	1456	130	130	190	190	85	85	69	69	171	171	218	218	11	11	16	16	171	171	495	495	327	327	255	255	1901	1901	1002	1002	2644	2644	1012	1012	4	4	8	8	55995	55995	54067	54067	1964	1964	532	532	1	1	1	1	556	556	1494	1494	2884	2884	5684	5684	1899	1899	10	10	2014	2014	5722	5722	6	6	24	24	14458	14458	5275	5275	53	53	67	67	198	198	123	123	169	169	240	240	841	841	1007	1007	131	131	343	343	3	3	1	1	75	75	172	172	3591	3591	5799	5799	3665	3665	2809	2809	3811	3811	506	506	12165	12165	24876	24876	14607	14607	29478	29478	24489	24489	26372	26372	174	174	644	644	365	365	466	466	12302	12302	106795	106795	15	15	37	37	108	108	4	4	146	146	398	398	171	171	344	344	492	492	192	192	18	18	70	70	249	249	69	69	1612	1612	1174	1174	77	77	103	103	226	226	130	130
IND00083	538	538	442	442	7532	7532	9107	9107	9359	9359	13839	13839	246	246	397	397	49	49	5	5	1374	1374	1799	1799	191	191	101	101	26	26	101	101	215	215	30	30	15	15	5	5	67	67	36	36	449	449	147	147	810	810	119	119	3601	3601	1330	1330	4	4	21	21	124979	124979	47146	47146	1526	1526	269	269	4	4	1	1	2202	2202	1135	1135	5945	5945	1831	1831	4516	4516	2153	2153	4951	4951	1196	1196	19	19	27	27	30633	30633	26909	26909	126	126	35	35	81	81	18	18	44	44	247	247	762	762	652	652	834	834	273	273	4	4	7	7	155	155	241	241	222	222	7953	7953	2245	2245	1269	1269	2044	2044	3404	3404	20141	20141	14786	14786	13518	13518	8793	8793	21528	21528	6425	6425	842	842	368	368	987	987	183	183	87068	87068	118916	118916	57	57	18	18	120	120	238	238	412	412	105	105	124	124	370	370	383	383	445	445	457	457	362	362	156	156	463	463	147	147	2010	2010	23	23	88	88	245	245	104	104
IND00084	942	942	790	790	7992	7992	4070	4070	6801	6801	6081	6081	486	486	77	77	127	127	30	30	1101	1101	1230	1230	40	40	170	170	55	55	33	33	159	159	197	197	9	9	12	12	94	94	347	347	468	468	12	12	1578	1578	502	502	2738	2738	324	324	6	6	27	27	34358	34358	106292	106292	1518	1518	16	16	2	2	2	2	860	860	3499	3499	1781	1781	1606	1606	3294	3294	7298	7298	3977	3977	10817	10817	29	29	9	9	18306	18306	587	587	2	2	110	110	5	5	80	80	61	61	95	95	24	24	1034	1034	502	502	822	822	8	8	4	4	184	184	104	104	2576	2576	1667	1667	2088	2088	1478	1478	3348	3348	4001	4001	28166	28166	14797	14797	572	572	21701	21701	9433	9433	955	955	42	42	194	194	442	442	974	974	52167	52167	59885	59885	42	42	47	47	90	90	173	173	208	208	469	469	457	457	388	388	452	452	176	176	486	486	209	209	448	448	100	100	490	490	1035	1035	98	98	43	43	63	63	148	148
IND00085	724	724	801	801	11297	11297	7568	7568	5015	5015	3380	3380	362	362	372	372	15	15	43	43	776	776	378	378	165	165	120	120	5	5	36	36	147	147	64	64	3	3	3	3	9	9	491	491	324	324	24	24	1393	1393	1579	1579	1105	1105	597	597	7	7	13	13	4633	4633	35368	35368	1941	1941	385	385	1	1	1	1	4049	4049	2235	2235	1154	1154	91	91	5674	5674	3251	3251	1147	1147	6130	6130	12	12	12	12	30947	30947	1502	1502	45	45	38	38	103	103	221	221	73	73	217	217	825	825	718	718	719	719	13	13	2	2	1	1	252	252	117	117	6825	6825	1875	1875	640	640	3203	3203	538	538	1377	1377	4438	4438	24559	24559	10799	10799	22739	22739	14979	14979	6475	6475	451	451	109	109	420	420	870	870	61255	61255	126687	126687	20	20	28	28	20	20	23	23	243	243	482	482	279	279	444	444	269	269	365	365	269	269	169	169	242	242	6	6	1990	1990	1024	1024	126	126	108	108	79	79	91	91
IND00086	621	621	987	987	15593	15593	13559	13559	8143	8143	11724	11724	390	390	460	460	125	125	60	60	1853	1853	1274	1274	7	7	35	35	95	95	95	95	240	240	20	20	13	13	5	5	275	275	334	334	456	456	387	387	1905	1905	978	978	2128	2128	1439	1439	19	19	16	16	110693	110693	4927	4927	205	205	1208	1208	4	4	8	8	1647	1647	2765	2765	777	777	7758	7758	6964	6964	76	76	9577	9577	943	943	4	4	27	27	5879	5879	18575	18575	118	118	49	49	246	246	142	142	245	245	23	23	1954	1954	927	927	398	398	445	445	2	2	8	8	80	80	28	28	4293	4293	3110	3110	2245	2245	1721	1721	486	486	989	989	13814	13814	25682	25682	25702	25702	30691	30691	26765	26765	17661	17661	957	957	742	742	29	29	109	109	48916	48916	113595	113595	36	36	52	52	124	124	124	124	114	114	504	504	194	194	149	149	423	423	296	296	502	502	71	71	127	127	327	327	346	346	1295	1295	94	94	41	41	54	54	164	164
IND00087	201	201	343	343	3212	3212	7326	7326	16308	16308	16231	16231	218	218	205	205	15	15	18	18	936	936	1718	1718	107	107	207	207	91	91	114	114	1	1	80	80	4	4	7	7	135	135	478	478	114	114	306	306	528	528	506	506	69	69	738	738	10	10	6	6	68303	68303	46662	46662	864	864	839	839	1	1	6	6	2285	2285	3546	3546	7037	7037	7774	7774	5390	5390	3908	3908	7544	7544	8259	8259	18	18	27	27	9650	9650	4429	4429	115	115	28	28	31	31	11	11	93	93	92	92	1373	1373	1904	1904	536	536	908	908	3	3	1	1	141	141	50	50	3965	3965	3119	3119	3648	3648	426	426	4055	4055	3885	3885	25637	25637	7572	7572	6894	6894	7212	7212	28630	28630	2248	2248	567	567	558	558	623	623	840	840	1998	1998	78981	78981	25	25	52	52	64	64	123	123	338	338	44	44	44	44	338	338	299	299	25	25	335	335	138	138	46	46	102	102	961	961	410	410	64	64	19	19	42	42	181	181
IND00088	739	739	50	50	1640	1640	4139	4139	1469	1469	6042	6042	511	511	498	498	124	124	61	61	355	355	89	89	58	58	73	73	14	14	89	89	95	95	148	148	13	13	13	13	199	199	54	54	288	288	84	84	1984	1984	855	855	142	142	3764	3764	20	20	22	22	20631	20631	119139	119139	595	595	2040	2040	6	6	3	3	3793	3793	3786	3786	5230	5230	7220	7220	641	641	2385	2385	9175	9175	9361	9361	16	16	14	14	30260	30260	11660	11660	59	59	17	17	253	253	179	179	23	23	191	191	1211	1211	1320	1320	779	779	849	849	7	7	6	6	199	199	17	17	6698	6698	4569	4569	1761	1761	3003	3003	3187	3187	2190	2190	12107	12107	9565	9565	7633	7633	7215	7215	17828	17828	9941	9941	854	854	762	762	173	173	637	637	77365	77365	80672	80672	30	30	22	22	77	77	134	134	95	95	15	15	89	89	408	408	458	458	186	186	439	439	193	193	18	18	79	79	899	899	1698	1698	120	120	49	49	64	64	72	72
IND00089	798	798	284	284	6408	6408	628	628	1537	1537	4592	4592	273	273	142	142	3	3	75	75	1690	1690	1570	1570	69	69	245	245	25	25	25	25	213	213	128	128	11	11	9	9	481	481	99	99	86	86	24	24	1766	1766	1503	1503	1897	1897	2186	2186	4	4	20	20	114917	114917	20795	20795	388	388	1999	1999	7	7	5	5	3494	3494	2015	2015	811	811	4658	4658	5388	5388	4814	4814	5019	5019	4019	4019	16	16	8	8	25803	25803	1063	1063	1	1	55	55	20	20	66	66	234	234	29	29	399	399	1159	1159	899	899	1022	1022	5	5	7	7	164	164	18	18	5264	5264	6177	6177	2411	2411	3787	3787	3185	3185	6	6	15921	15921	27957	27957	16521	16521	19499	19499	1950	1950	1111	1111	32	32	270	270	819	819	140	140	25159	25159	25423	25423	50	50	39	39	116	116	222	222	503	503	259	259	75	75	262	262	10	10	360	360	476	476	202	202	410	410	225	225	1807	1807	1522	1522	71	71	3	3	172	172	149	149
IND00090	334	334	97	97	15005	15005	1077	1077	9012	9012	13834	13834	292	292	230	230	96	96	81	81	333	333	145	145	164	164	147	147	106	106	90	90	246	246	24	24	3	3	8	8	239	239	169	169	217	217	152	152	54	54	1291	1291	3256	3256	741	741	7	7	17	17	17628	17628	28309	28309	1427	1427	108	108	4	4	3	3	934	934	2232	2232	6986	6986	6634	6634	5671	5671	2372	2372	12155	12155	15533	15533	22	22	19	19	32719	32719	7147	7147	110	110	110	110	77	77	220	220	127	127	13	13	1791	1791	1519	1519	217	217	53	53	5	5	1	1	123	123	81	81	7465	7465	6173	6173	2676	2676	118	118	649	649	3332	3332	9973	9973	30587	30587	21791	21791	29512	29512	27690	27690	20722	20722	347	347	369	369	98	98	356	356	298	298	72144	72144	29	29	1	1	173	173	102	102	1	1	316	316	420	420	409	409	308	308	117	117	416	416	456	456	58	58	45	45	1146	1146	1654	1654	98	98	78	78	145	145	100	100
IND00091	213	213	605	605	9024	9024	10712	10712	14789	14789	5254	5254	464	464	383	383	5	5	116	116	1910	1910	1342	1342	48	48	43	43	91	91	71	71	132	132	149	149	2	2	12	12	212	212	324	324	488	488	412	412	571	571	516	516	2677	2677	1872	1872	26	26	25	25	105693	105693	38370	38370	904	904	1467	1467	1	1	5	5	2576	2576	2638	2638	717	717	1183	1183	6243	6243	1500	1500	11597	11597	10063	10063	12	12	32	32	22373	22373	28240	28240	26	26	119	119	126	126	221	221	120	120	183	183	717	717	682	682	133	133	855	855	1	1	1	1	155	155	195	195	6720	6720	5579	5579	1599	1599	1361	1361	3735	3735	2010	2010	7563	7563	17739	17739	12412	12412	15351	15351	25039	25039	12495	12495	1004	1004	118	118	884	884	687	687	20736	20736	22198	22198	62	62	24	24	78	78	45	45	31	31	318	318	3	3	6	6	197	197	325	325	183	183	139	139	319	319	474	474	182	182	1371	1371	53	53	2	2	41	41	61	61
IND00092	395	395	410	410	1315	1315	12852	12852	1533	1533	3214	3214	331	331	3	3	28	28	87	87	1402	1402	998	998	251	251	8	8	16	16	9	9	223	223	234	234	12	12	2	2	340	340	116	116	176	176	134	134	1471	1471	892	892	1966	1966	1672	1672	17	17	6	6	105953	105953	108926	108926	215	215	1802	1802	6	6	2	2	3703	3703	3430	3430	5420	5420	752	752	3884	3884	4706	4706	9836	9836	13552	13552	28	28	1	1	10733	10733	18438	18438	28	28	51	51	135	135	182	182	68	68	208	208	674	674	2014	2014	575	575	399	399	8	8	4	4	14	14	67	67	633	633	2799	2799	2607	2607	3404	3404	3407	3407	1091	1091	32006	32006	19933	19933	20078	20078	8225	8225	14364	14364	21663	21663	757	757	471	471	221	221	742	742	96954	96954	49082	49082	58	58	33	33	57	57	214	214	177	177	329	329	129	129	150	150	84	84	99	99	302	302	266	266	270	270	341	341	661	661	1891	1891	77	77	78	78	42	42	6	6
IND00093	943	943	251	251	15984	15984	15023	15023	5669	5669	5314	5314	472	472	405	405	13	13	15	15	999	999	1288	1288	117	117	106	106	70	70	102	102	79	79	51	51	6	6	5	5	488	488	27	27	67	67	92	92	784	784	820	820	3133	3133	3683	3683	12	12	28	28	28871	28871	70646	70646	1025	1025	1593	1593	7	7	5	5	1064	1064	966	966	2659	2659	5049	5049	841	841	8030	8030	12836	12836	7338	7338	25	25	16	16	16160	16160	10369	10369	36	36	105	105	161	161	51	51	131	131	159	159	1616	1616	1425	1425	637	637	772	772	7	7	1	1	85	85	106	106	485	485	5167	5167	2485	2485	375	375	1387	1387	3539	3539	31280	31280	21553	21553	32051	32051	5752	5752	32344	32344	23990	23990	760	760	526	526	155	155	417	417	67511	67511	69251	69251	57	57	13	13	126	126	185	185	257	257	136	136	490	490	237	237	227	227	347	347	239	239	340	340	262	262	214	214	1729	1729	1301	1301	5	5	62	62	249	249	40	40
IND00094	500	500	998	998	11162	11162	1666	1666	810	810	4486	4486	48	48	397	397	27	27	45	45	899	899	1532	1532	110	110	65	65	50	50	115	115	122	122	128	128	7	7	16	16	200	200	307	307	242	242	87	87	1411	1411	971	971	2226	2226	1094	1094	3	3	8	8	117501	117501	86772	86772	1889	1889	1067	1067	4	4	4	4	1947	1947	1520	1520	8140	8140	561	561	5193	5193	8069	8069	1447	1447	14135	14135	5	5	15	15	6135	6135	4183	4183	10	10	35	35	150	150	204	204	207	207	157	157	1685	1685	1209	1209	749	749	352	352	4	4	3	3	244	244	124	124	5147	5147	4911	4911	2329	2329	916	916	3595	3595	2764	2764	7176	7176	17363	17363	4063	4063	14787	14787	5297	5297	24247	24247	223	223	698	698	911	911	463	463	31117	31117	127156	127156	62	62	3	3	218	218	218	218	177	177	255	255	307	307	408	408	57	57	70	70	109	109	18	18	79	79	366	366	1020	1020	1255	1255	2	2	25	25	187	187	236	236
IND00095	221	221	850	850	16057	16057	13852	13852	4839	4839	12112	12112	500	500	504	504	22	22	3	3	1729	1729	237	237	66	66	54	54	58	58	16	16	175	175	161	161	7	7	15	15	84	84	231	231	142	142	58	58	1998	1998	1646	1646	1448	1448	1135	1135	23	23	18	18	20566	20566	37095	37095	368	368	1438	1438	6	6	4	4	2736	2736	3920	3920	7254	7254	7839	7839	4218	4218	3443	3443	2256	2256	10313	10313	28	28	29	29	4020	4020	19932	19932	18	18	19	19	253	253	58	58	171	171	198	198	2012	2012	697	697	417	417	865	865	2	2	1	1	218	218	217	217	423	423	2275	2275	3696	3696	2504	2504	743	743	3758	3758	7249	7249	12296	12296	4785	4785	18975	18975	19299	19299	8044	8044	325	325	124	124	618	618	96	96	30887	30887	13657	13657	41	41	33	33	111	111	128	128	287	287	228	228	445	445	35	35	282	282	129	129	116	116	432	432	355	355	449	449	1376	1376	92	92	9	9	112	112	135	135	104	104
IND00096	210	210	347	347	11901	11901	7754	7754	5503	5503	14804	14804	151	151	83	83	69	69	68	68	135	135	1079	1079	165	165	142	142	11	11	75	75	216	216	115	115	11	11	7	7	98	98	424	424	269	269	379	379	317	317	445	445	2632	2632	1608	1608	20	20	13	13	104071	104071	118947	118947	1888	1888	1748	1748	2	2	7	7	3876	3876	69	69	3978	3978	5652	5652	16	16	3566	3566	11481	11481	6308	6308	15	15	7	7	2652	2652	19966	19966	9	9	23	23	87	87	142	142	102	102	81	81	765	765	899	899	197	197	551	551	1	1	2	2	47	47	202	202	429	429	3321	3321	4084	4084	74	74	2695	2695	604	604	14810	14810	12731	12731	19162	19162	6574	6574	28054	28054	10041	10041	684	684	614	614	101	101	157	157	88022	88022	43104	43104	25	25	55	55	81	81	222	222	258	258	73	73	395	395	301	301	124	124	29	29	315	315	287	287	223	223	261	261	1010	1010	939	939	84	84	42	42	86	86	236	236
IND00097	601	601	779	779	6062	6062	15751	15751	13298	13298	3147	3147	350	350	360	360	107	107	103	103	764	764	208	208	94	94	236	236	102	102	49	49	71	71	198	198	16	16	14	14	357	357	78	78	460	460	254	254	95	95	1466	1466	688	688	1935	1935	6	6	18	18	62848	62848	14638	14638	2008	2008	675	675	4	4	6	6	3191	3191	3357	3357	4219	4219	380	380	1963	1963	5943	5943	9381	9381	5774	5774	27	27	10	10	17979	17979	30086	30086	4	4	5	5	14	14	78	78	145	145	87	87	880	880	938	938	161	161	591	591	1	1	6	6	172	172	194	194	4273	4273	6124	6124	1928	1928	3010	3010	3634	3634	3535	3535	948	948	15732	15732	1475	1475	9168	9168	18860	18860	1362	1362	13	13	460	460	192	192	603	603	36856	36856	104929	104929	3	3	10	10	104	104	186	186	213	213	334	334	339	339	295	295	451	451	3	3	18	18	175	175	60	60	14	14	1791	1791	82	82	115	115	54	54	164	164	128	128
IND00098	795	795	554	554	13099	13099	15305	15305	423	423	7830	7830	256	256	144	144	13	13	94	94	401	401	411	411	24	24	158	158	9	9	118	118	122	122	52	52	15	15	8	8	203	203	383	383	257	257	210	210	302	302	1317	1317	2315	2315	1518	1518	10	10	30	30	78331	78331	122353	122353	1737	1737	1541	1541	7	7	5	5	190	190	1466	1466	3512	3512	4900	4900	495	495	1601	1601	16309	16309	9498	9498	1	1	20	20	75	75	2499	2499	103	103	38	38	144	144	125	125	138	138	131	131	1711	1711	543	543	868	868	879	879	1	1	6	6	143	143	96	96	2672	2672	6607	6607	1355	1355	1269	1269	189	189	22	22	8098	8098	32529	32529	1249	1249	24206	24206	21397	21397	17027	17027	242	242	118	118	730	730	517	517	79683	79683	30604	30604	44	44	3	3	256	256	139	139	77	77	427	427	69	69	187	187	109	109	261	261	39	39	459	459	226	226	203	203	1264	1264	1494	1494	101	101	2	2	186	186	231	231
IND00099	679	679	946	946	11809	11809	4878	4878	15080	15080	12522	12522	61	61	191	191	119	119	99	99	449	449	956	956	80	80	74	74	124	124	94	94	106	106	188	188	8	8	8	8	17	17	449	449	110	110	4	4	1957	1957	2042	2042	3946	3946	666	666	30	30	5	5	26589	26589	97980	97980	389	389	1664	1664	3	3	1	1	761	761	508	508	132	132	3443	3443	5826	5826	5658	5658	9112	9112	451	451	21	21	14	14	29889	29889	17090	17090	89	89	43	43	38	38	186	186	46	46	19	19	1073	1073	134	134	35	35	803	803	6	6	7	7	165	165	233	233	6218	6218	5548	5548	85	85	174	174	1025	1025	3063	3063	6460	6460	27389	27389	28695	28695	12889	12889	2534	2534	2425	2425	433	433	302	302	386	386	191	191	76386	76386	127287	127287	7	7	33	33	233	233	249	249	139	139	294	294	407	407	177	177	456	456	57	57	147	147	139	139	131	131	12	12	552	552	771	771	74	74	19	19	238	238	54	54
IND00100	385	385	622	622	11673	11673	15012	15012	14196	14196	2083	2083	57	57	55	55	119	119	79	79	1881	1881	402	402	116	116	36	36	71	71	53	53	75	75	246	246	8	8	16	16	258	258	298	298	355	355	348	348	1869	1869	1823	1823	4084	4084	1914	1914	28	28	30	30	120743	120743	85718	85718	1802	1802	1087	1087	2	2	1	1	291	291	2313	2313	2499	2499	1245	1245	7571	7571	3677	3677	10290	10290	7678	7678	3	3	9	9	32053	32053	19249	19249	38	38	21	21	14	14	136	136	12	12	169	169	90	90	1572	1572	637	637	1017	1017	1	1	5	5	163	163	245	245	4229	4229	7577	7577	1153	1153	3049	3049	2609	2609	3127	3127	911	911	15060	15060	3862	3862	11327	11327	4097	4097	24305	24305	846	846	881	881	870	870	389	389	104197	104197	110019	110019	24	24	19	19	187	187	240	240	126	126	371	371	364	364	161	161	78	78	454	454	306	306	264	264	350	350	91	91	73	73	302	302	5	5	12	12	125	125	58	58
IND00101	981	981	248	248	776	776	15788	15788	7308	7308	11517	11517	399	399	14	14	83	83	113	113	802	802	104	104	1	1	63	63	114	114	128	128	27	27	44	44	11	11	16	16	497	497	370	370	91	91	38	38	825	825	759	759	991	991	1635	1635	5	5	26	26	114037	114037	73567	73567	1652	1652	152	152	4	4	7	7	1424	1424	562	562	1994	1994	4302	4302	423	423	1052	1052	8143	8143	15684	15684	5	5	4	4	16858	16858	25858	25858	58	58	61	61	87	87	163	163	65	65	182	182	1637	1637	2034	2034	772	772	512	512	4	4	4	4	233	233	41	41	1435	1435	3793	3793	1583	1583	1756	1756	185	185	1678	1678	4735	4735	26016	26016	4834	4834	426	426	7915	7915	11525	11525	812	812	86	86	225	225	748	748	48843	48843	31526	31526	5	5	43	43	59	59	32	32	319	319	202	202	167	167	355	355	199	199	426	426	305	305	285	285	97	97	169	169	419	419	109	109	122	122	98	98	114	114	66	66
IND00102	909	909	885	885	13269	13269	13218	13218	12270	12270	1799	1799	208	208	336	336	48	48	59	59	1987	1987	941	941	19	19	93	93	49	49	101	101	29	29	96	96	1	1	16	16	105	105	322	322	455	455	15	15	1759	1759	222	222	2317	2317	916	916	8	8	9	9	121631	121631	14818	14818	1369	1369	1393	1393	6	6	5	5	2789	2789	3797	3797	5109	5109	2422	2422	5347	5347	4874	4874	737	737	7075	7075	4	4	19	19	5422	5422	27959	27959	66	66	83	83	70	70	204	204	200	200	128	128	1922	1922	1601	1601	713	713	491	491	4	4	8	8	83	83	202	202	7135	7135	4474	4474	3566	3566	3234	3234	1260	1260	3200	3200	16527	16527	14575	14575	4298	4298	18807	18807	13303	13303	8804	8804	675	675	781	781	322	322	719	719	79518	79518	52002	52002	35	35	11	11	209	209	179	179	387	387	208	208	205	205	158	158	178	178	92	92	499	499	399	399	435	435	152	152	1689	1689	933	933	45	45	93	93	63	63	229	229
IND00103	390	390	315	315	14179	14179	14744	14744	4201	4201	11871	11871	183	183	211	211	72	72	13	13	859	859	1226	1226	108	108	235	235	66	66	37	37	33	33	198	198	7	7	15	15	451	451	55	55	165	165	204	204	1320	1320	869	869	794	794	1710	1710	31	31	25	25	45930	45930	43580	43580	2025	2025	1309	1309	3	3	6	6	3257	3257	3143	3143	1403	1403	2401	2401	3864	3864	4573	4573	1159	1159	14161	14161	19	19	30	30	7340	7340	22177	22177	72	72	78	78	228	228	127	127	149	149	207	207	552	552	1655	1655	265	265	695	695	3	3	2	2	45	45	166	166	1430	1430	2889	2889	2137	2137	179	179	426	426	1607	1607	19730	19730	16113	16113	17559	17559	28570	28570	5538	5538	4660	4660	77	77	248	248	238	238	81	81	7711	7711	89150	89150	53	53	45	45	188	188	184	184	107	107	388	388	7	7	465	465	35	35	72	72	472	472	336	336	163	163	510	510	429	429	541	541	49	49	54	54	126	126	143	143
IND00104	297	297	107	107	5780	5780	16159	16159	14760	14760	9920	9920	336	336	320	320	84	84	14	14	1517	1517	240	240	80	80	188	188	105	105	91	91	117	117	149	149	11	11	10	10	126	126	37	37	466	466	158	158	711	711	956	956	2764	2764	3235	3235	21	21	23	23	47013	47013	46469	46469	1936	1936	69	69	1	1	8	8	2670	2670	966	966	7850	7850	3200	3200	2282	2282	5229	5229	14150	14150	5693	5693	2	2	22	22	25786	25786	25187	25187	92	92	99	99	21	21	183	183	1	1	126	126	1419	1419	1018	1018	703	703	248	248	5	5	5	5	83	83	163	163	557	557	4892	4892	1462	1462	673	673	1755	1755	378	378	18890	18890	24792	24792	30610	30610	122	122	2440	2440	14544	14544	390	390	618	618	540	540	273	273	85676	85676	29313	29313	44	44	47	47	184	184	195	195	145	145	79	79	318	318	307	307	303	303	353	353	305	305	504	504	351	351	349	349	167	167	1096	1096	114	114	9	9	213	213	179	179
IND00105	247	247	727	727	9061	9061	15424	15424	2105	2105	8151	8151	267	267	482	482	11	11	90	90	1019	1019	1234	1234	256	256	98	98	33	33	53	53	180	180	97	97	8	8	9	9	289	289	388	388	166	166	471	471	487	487	549	549	1016	1016	3901	3901	28	28	29	29	41364	41364	73500	73500	1857	1857	959	959	6	6	4	4	169	169	2893	2893	5106	5106	5847	5847	6645	6645	7374	7374	6602	6602	2117	2117	10	10	7	7	24888	24888	1490	1490	29	29	101	101	203	203	236	236	50	50	111	111	1314	1314	1283	1283	420	420	8	8	1	1	6	6	156	156	7	7	5896	5896	6881	6881	308	308	2619	2619	255	255	2154	2154	32691	32691	26774	26774	19435	19435	20329	20329	18313	18313	20369	20369	67	67	949	949	124	124	160	160	77169	77169	115486	115486	21	21	39	39	114	114	17	17	100	100	297	297	319	319	392	392	83	83	388	388	474	474	307	307	79	79	407	407	1479	1479	1384	1384	119	119	49	49	148	148	38	38
IND00106	372	372	504	504	5065	5065	7652	7652	1780	1780	223	223	448	448	213	213	32	32	113	113	594	594	106	106	148	148	253	253	23	23	108	108	7	7	177	177	9	9	5	5	154	154	186	186	396	396	282	282	436	436	1600	1600	1993	1993	1546	1546	4	4	19	19	128360	128360	58026	58026	916	916	307	307	3	3	1	1	89	89	2548	2548	3913	3913	7225	7225	1279	1279	5231	5231	10925	10925	12550	12550	22	22	26	26	25805	25805	32424	32424	68	68	100	100	201	201	152	152	190	190	185	185	127	127	1437	1437	943	943	852	852	2	2	1	1	12	12	178	178	2354	2354	2498	2498	3041	3041	2534	2534	1625	1625	3707	3707	3375	3375	188	188	1686	1686	165	165	531	531	20334	20334	345	345	358	358	587	587	746	746	108684	108684	88900	88900	25	25	32	32	195	195	120	120	228	228	385	385	269	269	161	161	504	504	432	432	78	78	512	512	470	470	42	42	1724	1724	1661	1661	117	117	33	33	17	17	204	204
IND00107	689	689	851	851	5079	5079	588	588	10388	10388	12106	12106	93	93	307	307	111	111	112	112	1	1	1263	1263	154	154	38	38	79	79	71	71	111	111	185	185	10	10	6	6	159	159	320	320	325	325	277	277	1057	1057	1391	1391	3577	3577	3908	3908	25	25	19	19	40595	40595	104601	104601	977	977	232	232	8	8	1	1	1997	1997	3549	3549	2176	2176	333	333	7572	7572	7161	7161	12675	12675	15945	15945	22	22	14	14	30547	30547	210	210	53	53	75	75	112	112	96	96	185	185	83	83	251	251	396	396	466	466	765	765	5	5	7	7	242	242	218	218	7155	7155	4566	4566	1961	1961	60	60	451	451	1194	1194	10291	10291	3351	3351	7842	7842	13992	13992	23822	23822	8848	8848	432	432	835	835	733	733	639	639	59396	59396	120158	120158	28	28	63	63	144	144	209	209	338	338	236	236	83	83	435	435	198	198	135	135	469	469	92	92	404	404	430	430	482	482	1643	1643	12	12	16	16	49	49	165	165
IND00108	23	23	238	238	16262	16262	12129	12129	9122	9122	9784	9784	401	401	200	200	6	6	112	112	1387	1387	1500	1500	232	232	20	20	20	20	19	19	83	83	235	235	3	3	8	8	111	111	290	290	18	18	144	144	339	339	1638	1638	1664	1664	1818	1818	22	22	24	24	14803	14803	75764	75764	230	230	300	300	1	1	3	3	3259	3259	3452	3452	2314	2314	7611	7611	5989	5989	4403	4403	2873	2873	3333	3333	32	32	18	18	420	420	31831	31831	110	110	4	4	44	44	69	69	165	165	104	104	1751	1751	1486	1486	432	432	899	899	7	7	4	4	104	104	61	61	2968	2968	361	361	3715	3715	3182	3182	2418	2418	3174	3174	10711	10711	15661	15661	4679	4679	2576	2576	15596	15596	8766	8766	552	552	606	606	514	514	335	335	1673	1673	30884	30884	32	32	12	12	230	230	171	171	323	323	464	464	478	478	327	327	433	433	293	293	330	330	243	243	74	74	482	482	1871	1871	1963	1963	21	21	87	87	174	174	193	193
IND00109	676	676	859	859	4440	4440	12975	12975	12873	12873	3438	3438	434	434	444	444	33	33	105	105	1238	1238	45	45	41	41	201	201	56	56	26	26	12	12	183	183	15	15	11	11	144	144	394	394	338	338	294	294	641	641	1181	1181	4053	4053	3437	3437	30	30	21	21	33416	33416	127138	127138	1330	1330	1617	1617	5	5	8	8	625	625	596	596	3211	3211	5624	5624	6215	6215	3993	3993	1550	1550	9542	9542	24	24	9	9	27004	27004	19898	19898	113	113	57	57	74	74	42	42	164	164	41	41	1406	1406	1282	1282	760	760	227	227	5	5	1	1	21	21	254	254	7751	7751	6921	6921	1633	1633	2511	2511	1076	1076	623	623	27462	27462	24521	24521	31322	31322	29765	29765	12488	12488	16928	16928	435	435	122	122	918	918	267	267	128998	128998	48290	48290	51	51	11	11	28	28	110	110	493	493	22	22	112	112	203	203	202	202	4	4	284	284	372	372	334	334	431	431	849	849	882	882	85	85	18	18	181	181	15	15
IND00110	424	424	108	108	5790	5790	7779	7779	1280	1280	1033	1033	197	197	210	210	87	87	121	121	609	609	1561	1561	188	188	104	104	78	78	76	76	115	115	138	138	12	12	12	12	351	351	348	348	26	26	99	99	168	168	353	353	3620	3620	3945	3945	5	5	32	32	11795	11795	57109	57109	1917	1917	1667	1667	3	3	8	8	53	53	1619	1619	2160	2160	6530	6530	8046	8046	5115	5115	4565	4565	12895	12895	23	23	27	27	30616	30616	4413	4413	18	18	84	84	7	7	84	84	95	95	236	236	673	673	1790	1790	877	877	932	932	1	1	2	2	47	47	248	248	1649	1649	6418	6418	885	885	1969	1969	2962	2962	3129	3129	1899	1899	12900	12900	20701	20701	32754	32754	23547	23547	14670	14670	691	691	793	793	157	157	377	377	113570	113570	111649	111649	10	10	35	35	216	216	180	180	235	235	204	204	168	168	387	387	476	476	127	127	185	185	187	187	509	509	471	471	595	595	1264	1264	70	70	76	76	59	59	92	92
IND00111	786	786	907	907	4653	4653	3268	3268	921	921	12683	12683	131	131	246	246	16	16	11	11	324	324	659	659	175	175	87	87	69	69	68	68	236	236	18	18	11	11	15	15	104	104	441	441	298	298	359	359	1387	1387	300	300	2666	2666	2007	2007	10	10	20	20	9352	9352	54042	54042	1467	1467	1396	1396	6	6	3	3	1175	1175	993	993	7583	7583	443	443	4462	4462	7138	7138	1069	1069	3450	3450	20	20	21	21	13501	13501	2400	2400	126	126	85	85	38	38	101	101	35	35	110	110	1790	1790	1027	1027	82	82	366	366	6	6	3	3	105	105	187	187	7591	7591	6019	6019	2924	2924	900	900	891	891	2778	2778	11485	11485	17323	17323	5950	5950	2626	2626	30825	30825	25667	25667	661	661	274	274	312	312	545	545	34073	34073	27419	27419	64	64	18	18	220	220	176	176	225	225	225	225	332	332	17	17	106	106	142	142	435	435	40	40	169	169	193	193	1042	1042	303	303	45	45	8	8	242	242	184	184
IND00112	609	609	128	128	2542	2542	13788	13788	6792	6792	7911	7911	36	36	312	312	42	42	14	14	341	341	2036	2036	52	52	80	80	29	29	122	122	145	145	246	246	13	13	16	16	467	467	501	501	249	249	243	243	2023	2023	120	120	1479	1479	24	24	24	24	14	14	99486	99486	80304	80304	1041	1041	1946	1946	7	7	4	4	440	440	2130	2130	2472	2472	4911	4911	1942	1942	2157	2157	4929	4929	14170	14170	8	8	28	28	4518	4518	24990	24990	86	86	128	128	24	24	206	206	133	133	149	149	995	995	1317	1317	34	34	199	199	5	5	7	7	87	87	118	118	7082	7082	3244	3244	142	142	2211	2211	3976	3976	1811	1811	4680	4680	17455	17455	25272	25272	29416	29416	7945	7945	21305	21305	647	647	141	141	409	409	745	745	100792	100792	34018	34018	15	15	4	4	153	153	56	56	203	203	166	166	196	196	346	346	461	461	228	228	432	432	212	212	303	303	139	139	1148	1148	1104	1104	47	47	66	66	24	24	101	101
IND00113	206	206	719	719	8030	8030	14119	14119	8288	8288	15465	15465	468	468	468	468	127	127	1	1	20	20	492	492	180	180	206	206	68	68	46	46	23	23	222	222	1	1	7	7	499	499	323	323	397	397	338	338	44	44	1705	1705	4074	4074	573	573	11	11	26	26	117072	117072	57565	57565	503	503	1691	1691	4	4	8	8	641	641	682	682	6095	6095	388	388	6245	6245	4097	4097	5750	5750	15240	15240	8	8	20	20	8328	8328	24998	24998	8	8	116	116	92	92	72	72	2	2	7	7	246	246	1888	1888	113	113	949	949	1	1	8	8	226	226	136	136	3634	3634	5991	5991	693	693	3490	3490	1662	1662	2106	2106	4414	4414	7463	7463	26464	26464	9523	9523	2102	2102	31398	31398	927	927	507	507	646	646	376	376	95509	95509	14715	14715	10	10	19	19	141	141	59	59	233	233	325	325	491	491	506	506	503	503	190	190	23	23	242	242	454	454	451	451	475	475	1826	1826	49	49	10	10	88	88	102	102
IND00114	102	102	472	472	8640	8640	2587	2587	7473	7473	9472	9472	388	388	96	96	53	53	99	99	686	686	258	258	154	154	142	142	86	86	32	32	216	216	56	56	10	10	9	9	360	360	67	67	144	144	420	420	392	392	1230	1230	1378	1378	2459	2459	17	17	16	16	2677	2677	96035	96035	1156	1156	824	824	1	1	1	1	1206	1206	2252	2252	5186	5186	3309	3309	7106	7106	2543	2543	8018	8018	5205	5205	25	25	10	10	2751	2751	31136	31136	31	31	31	31	113	113	120	120	50	50	84	84	1912	1912	1419	1419	658	658	631	631	7	7	3	3	243	243	75	75	1594	1594	6535	6535	3870	3870	3348	3348	573	573	3570	3570	4646	4646	29470	29470	22398	22398	1633	1633	28276	28276	29853	29853	278	278	46	46	307	307	207	207	116002	116002	61192	61192	23	23	43	43	4	4	198	198	199	199	237	237	201	201	57	57	418	418	62	62	137	137	89	89	230	230	510	510	1385	1385	1958	1958	37	37	75	75	246	246	230	230
IND00115	45	45	518	518	10305	10305	10169	10169	14699	14699	3789	3789	372	372	234	234	68	68	87	87	269	269	512	512	219	219	28	28	67	67	88	88	44	44	46	46	11	11	5	5	162	162	23	23	508	508	228	228	1673	1673	1750	1750	876	876	2261	2261	32	32	16	16	1297	1297	4426	4426	383	383	1835	1835	8	8	5	5	3847	3847	2327	2327	7655	7655	425	425	1434	1434	7504	7504	1124	1124	14405	14405	18	18	6	6	11073	11073	21359	21359	43	43	23	23	34	34	20	20	21	21	3	3	132	132	488	488	716	716	926	926	5	5	7	7	22	22	71	71	8004	8004	2048	2048	3386	3386	3856	3856	305	305	722	722	16539	16539	19937	19937	28244	28244	26484	26484	9370	9370	14239	14239	621	621	829	829	699	699	667	667	51353	51353	68266	68266	38	38	30	30	167	167	181	181	504	504	102	102	282	282	38	38	371	371	339	339	455	455	122	122	272	272	76	76	631	631	785	785	76	76	37	37	18	18	145	145
IND00116	477	477	999	999	9046	9046	14649	14649	1404	1404	8807	8807	428	428	332	332	111	111	54	54	1	1	1683	1683	64	64	162	162	107	107	38	38	88	88	67	67	3	3	11	11	120	120	331	331	39	39	382	382	942	942	166	166	862	862	2081	2081	29	29	22	22	58885	58885	92341	92341	1069	1069	245	245	5	5	1	1	3023	3023	509	509	2861	2861	5694	5694	3149	3149	744	744	5457	5457	716	716	29	29	22	22	642	642	28566	28566	117	117	29	29	225	225	64	64	36	36	4	4	1517	1517	495	495	821	821	491	491	1	1	8	8	91	91	151	151	2611	2611	6427	6427	2099	2099	890	890	2908	2908	3049	3049	11983	11983	22735	22735	5601	5601	4262	4262	31458	31458	31495	31495	901	901	915	915	524	524	598	598	22346	22346	79870	79870	24	24	31	31	250	250	177	177	453	453	442	442	133	133	480	480	276	276	304	304	126	126	492	492	149	149	419	419	1808	1808	87	87	114	114	9	9	99	99	88	88
IND00117	946	946	431	431	175	175	6522	6522	6645	6645	9305	9305	467	467	162	162	84	84	94	94	438	438	1613	1613	133	133	48	48	85	85	108	108	200	200	115	115	2	2	14	14	454	454	29	29	178	178	423	423	912	912	1136	1136	3953	3953	116	116	25	25	23	23	48903	48903	86483	86483	24	24	1284	1284	3	3	1	1	3091	3091	3141	3141	1632	1632	8064	8064	3741	3741	270	270	8317	8317	12548	12548	32	32	23	23	6184	6184	1996	1996	80	80	11	11	162	162	3	3	229	229	116	116	1336	1336	511	511	469	469	423	423	4	4	3	3	144	144	252	252	3158	3158	6963	6963	4077	4077	344	344	3573	3573	3518	3518	21029	21029	18342	18342	7706	7706	29837	29837	3460	3460	13401	13401	379	379	986	986	947	947	927	927	61221	61221	30334	30334	50	50	53	53	174	174	146	146	32	32	29	29	347	347	131	131	2	2	336	336	23	23	323	323	82	82	279	279	626	626	1472	1472	106	106	124	124	145	145	104	104
IND00118	528	528	768	768	4557	4557	15377	15377	14049	14049	7576	7576	229	229	440	440	63	63	103	103	902	902	1738	1738	102	102	152	152	15	15	96	96	145	145	11	11	4	4	15	15	266	266	5	5	388	388	272	272	304	304	1878	1878	1714	1714	3845	3845	13	13	17	17	75974	75974	82099	82099	1348	1348	852	852	1	1	5	5	2304	2304	1556	1556	1359	1359	6748	6748	471	471	6783	6783	8448	8448	10249	10249	28	28	22	22	31271	31271	16099	16099	15	15	32	32	121	121	27	27	71	71	94	94	206	206	627	627	52	52	954	954	5	5	2	2	215	215	183	183	7129	7129	6762	6762	3902	3902	1189	1189	3595	3595	592	592	22346	22346	20750	20750	20454	20454	25344	25344	3735	3735	1181	1181	913	913	249	249	176	176	199	199	4771	4771	86060	86060	41	41	4	4	116	116	44	44	142	142	389	389	436	436	382	382	472	472	159	159	66	66	121	121	507	507	336	336	1023	1023	1443	1443	9	9	32	32	247	247	159	159
IND00119	513	513	865	865	7016	7016	4721	4721	9056	9056	15168	15168	379	379	88	88	24	24	68	68	274	274	244	244	41	41	127	127	50	50	13	13	104	104	247	247	12	12	8	8	243	243	236	236	219	219	450	450	990	990	1731	1731	82	82	2404	2404	3	3	11	11	92208	92208	100175	100175	910	910	1626	1626	1	1	4	4	1322	1322	1611	1611	6399	6399	5149	5149	2648	2648	5104	5104	6829	6829	11423	11423	9	9	12	12	14320	14320	13633	13633	87	87	45	45	132	132	91	91	41	41	56	56	1843	1843	685	685	114	114	108	108	2	2	7	7	37	37	226	226	6813	6813	1467	1467	1937	1937	1321	1321	1843	1843	3125	3125	27342	27342	27513	27513	26508	26508	28459	28459	24943	24943	19646	19646	358	358	468	468	132	132	393	393	125496	125496	84235	84235	9	9	57	57	139	139	112	112	144	144	321	321	65	65	192	192	173	173	236	236	264	264	327	327	76	76	99	99	855	855	1855	1855	11	11	38	38	5	5	130	130
IND00120	647	647	858	858	15982	15982	1487	1487	12137	12137	10982	10982	348	348	445	445	14	14	65	65	452	452	14	14	214	214	125	125	106	106	98	98	77	77	145	145	15	15	13	13	384	384	456	456	48	48	211	211	542	542	226	226	3465	3465	451	451	32	32	12	12	73614	73614	113007	113007	2017	2017	963	963	6	6	7	7	2587	2587	2634	2634	4985	4985	3948	3948	7865	7865	6180	6180	11667	11667	14855	14855	32	32	9	9	5099	5099	18583	18583	40	40	121	121	92	92	170	170	40	40	10	10	1626	1626	136	136	289	289	993	993	7	7	5	5	216	216	236	236	127	127	7031	7031	282	282	1724	1724	104	104	579	579	32663	32663	17141	17141	29771	29771	7490	7490	10228	10228	21452	21452	3	3	905	905	468	468	722	722	96422	96422	31737	31737	55	55	9	9	4	4	162	162	298	298	327	327	49	49	51	51	374	374	501	501	479	479	440	440	210	210	306	306	218	218	771	771	3	3	21	21	34	34	4	4
IND00121	456	456	996	996	9263	9263	14748	14748	2673	2673	7113	7113	194	194	204	204	83	83	21	21	513	513	123	123	220	220	127	127	40	40	42	42	189	189	141	141	12	12	9	9	11	11	254	254	196	196	77	77	1502	1502	1677	1677	4095	4095	2311	2311	9	9	25	25	36210	36210	109562	109562	198	198	448	448	2	2	8	8	2689	2689	3493	3493	3507	3507	4768	4768	4579	4579	1512	1512	9437	9437	2758	2758	26	26	22	22	15770	15770	11501	11501	17	17	45	45	236	236	224	224	165	165	171	171	535	535	751	751	593	593	910	910	7	7	3	3	16	16	79	79	5299	5299	250	250	583	583	1087	1087	2597	2597	291	291	18278	18278	2451	2451	1779	1779	10206	10206	16500	16500	18464	18464	126	126	710	710	888	888	789	789	107328	107328	50924	50924	63	63	40	40	107	107	184	184	29	29	322	322	215	215	171	171	437	437	114	114	496	496	309	309	288	288	456	456	177	177	1564	1564	95	95	106	106	52	52	33	33
IND00122	236	236	720	720	6756	6756	11793	11793	3717	3717	15210	15210	433	433	367	367	8	8	11	11	2030	2030	1949	1949	195	195	91	91	89	89	49	49	189	189	218	218	7	7	16	16	226	226	300	300	186	186	236	236	643	643	1991	1991	2485	2485	521	521	14	14	30	30	86121	86121	113986	113986	89	89	448	448	5	5	5	5	3818	3818	3810	3810	530	530	1027	1027	2355	2355	218	218	12522	12522	9178	9178	8	8	32	32	12717	12717	22546	22546	83	83	99	99	166	166	71	71	48	48	209	209	522	522	1532	1532	972	972	492	492	6	6	5	5	132	132	187	187	7980	7980	259	259	1027	1027	3167	3167	1882	1882	3932	3932	11414	11414	13619	13619	27239	27239	21315	21315	15293	15293	9709	9709	144	144	717	717	238	238	70	70	48938	48938	1256	1256	20	20	43	43	122	122	201	201	473	473	354	354	263	263	310	310	224	224	404	404	186	186	228	228	394	394	201	201	1893	1893	1477	1477	50	50	16	16	217	217	84	84
IND00123	517	517	509	509	5242	5242	11676	11676	12373	12373	737	737	221	221	505	505	104	104	74	74	435	435	641	641	120	120	68	68	95	95	5	5	222	222	34	34	13	13	12	12	309	309	331	331	24	24	244	244	1253	1253	1944	1944	1318	1318	3629	3629	19	19	1	1	115740	115740	73872	73872	1392	1392	110	110	4	4	2	2	2390	2390	2171	2171	673	673	6323	6323	6992	6992	7100	7100	8280	8280	6337	6337	8	8	11	11	1745	1745	30044	30044	107	107	81	81	170	170	13	13	39	39	52	52	843	843	628	628	907	907	100	100	6	6	1	1	84	84	90	90	3856	3856	1748	1748	2801	2801	3260	3260	881	881	3399	3399	5572	5572	17454	17454	3814	3814	13410	13410	14217	14217	16045	16045	459	459	829	829	471	471	309	309	68259	68259	114098	114098	7	7	3	3	60	60	182	182	416	416	382	382	375	375	179	179	473	473	55	55	264	264	70	70	462	462	427	427	1373	1373	941	941	18	18	89	89	197	197	68	68
IND00124	693	693	128	128	2542	2542	5116	5116	266	266	12989	12989	264	264	179	179	67	67	123	123	1386	1386	43	43	208	208	83	83	95	95	54	54	234	234	34	34	7	7	5	5	77	77	279	279	497	497	97	97	43	43	1744	1744	1125	1125	1641	1641	5	5	30	30	37929	37929	34140	34140	630	630	843	843	7	7	2	2	2967	2967	900	900	4525	4525	5047	5047	356	356	7018	7018	14078	14078	10427	10427	1	1	9	9	21062	21062	10886	10886	120	120	19	19	192	192	248	248	250	250	243	243	140	140	1458	1458	232	232	568	568	2	2	5	5	215	215	247	247	3262	3262	2557	2557	3516	3516	3372	3372	509	509	321	321	2948	2948	29691	29691	31805	31805	17006	17006	20763	20763	19870	19870	982	982	1012	1012	522	522	97	97	25065	25065	112482	112482	34	34	8	8	91	91	236	236	190	190	75	75	254	254	338	338	363	363	143	143	333	333	236	236	508	508	347	347	1375	1375	652	652	43	43	88	88	124	124	10	10
IND00125	186	186	943	943	7180	7180	6197	6197	2202	2202	1643	1643	133	133	303	303	43	43	18	18	1996	1996	1939	1939	78	78	223	223	25	25	109	109	32	32	128	128	9	9	8	8	116	116	478	478	402	402	485	485	844	844	1530	1530	2137	2137	978	978	29	29	25	25	19119	19119	42933	42933	52	52	1753	1753	2	2	2	2	1058	1058	1401	1401	3692	3692	1686	1686	7825	7825	6232	6232	13039	13039	2262	2262	19	19	26	26	969	969	13931	13931	102	102	98	98	132	132	20	20	157	157	135	135	452	452	1218	1218	158	158	522	522	3	3	8	8	35	35	86	86	3664	3664	4536	4536	1460	1460	3440	3440	1480	1480	1226	1226	6413	6413	3494	3494	12044	12044	32456	32456	22861	22861	25884	25884	722	722	84	84	641	641	940	940	59791	59791	124439	124439	31	31	59	59	42	42	164	164	43	43	403	403	302	302	223	223	105	105	151	151	42	42	478	478	190	190	217	217	814	814	1701	1701	107	107	1	1	161	161	114	114
IND00126	745	745	895	895	15503	15503	968	968	5391	5391	11017	11017	380	380	8	8	7	7	95	95	1230	1230	150	150	44	44	148	148	28	28	19	19	105	105	223	223	10	10	1	1	483	483	40	40	238	238	342	342	1002	1002	1098	1098	777	777	4039	4039	20	20	13	13	117842	117842	25599	25599	908	908	486	486	7	7	6	6	1849	1849	2828	2828	18	18	4536	4536	161	161	5737	5737	2397	2397	11270	11270	25	25	5	5	1400	1400	24492	24492	66	66	104	104	217	217	115	115	80	80	122	122	1037	1037	2048	2048	14	14	568	568	1	1	3	3	46	46	46	46	6160	6160	1809	1809	1921	1921	1387	1387	684	684	616	616	5354	5354	22713	22713	31864	31864	22468	22468	28329	28329	8787	8787	684	684	303	303	72	72	799	799	15739	15739	55862	55862	57	57	51	51	59	59	17	17	247	247	415	415	509	509	299	299	477	477	415	415	53	53	352	352	512	512	313	313	1389	1389	1234	1234	93	93	121	121	224	224	30	30
IND00127	881	881	926	926	1898	1898	5636	5636	4576	4576	12360	12360	261	261	321	321	77	77	78	78	1880	1880	76	76	215	215	227	227	22	22	33	33	30	30	242	242	8	8	2	2	146	146	507	507	342	342	22	22	1662	1662	1495	1495	2937	2937	3791	3791	22	22	30	30	28698	28698	36086	36086	876	876	1119	1119	1	1	2	2	2577	2577	2748	2748	3663	3663	3077	3077	7927	7927	5843	5843	1893	1893	7061	7061	22	22	1	1	15671	15671	1602	1602	83	83	81	81	203	203	233	233	212	212	173	173	1077	1077	928	928	571	571	322	322	2	2	8	8	219	219	53	53	2128	2128	6596	6596	864	864	3298	3298	2547	2547	1419	1419	30184	30184	11183	11183	25481	25481	20677	20677	5146	5146	2920	2920	716	716	951	951	842	842	925	925	118902	118902	118458	118458	22	22	27	27	144	144	69	69	374	374	404	404	407	407	207	207	231	231	470	470	385	385	183	183	380	380	163	163	1963	1963	350	350	45	45	116	116	11	11	87	87
IND00128	525	525	896	896	3782	3782	12566	12566	1887	1887	2581	2581	117	117	29	29	46	46	27	27	869	869	353	353	68	68	247	247	8	8	74	74	233	233	98	98	10	10	13	13	440	440	422	422	120	120	478	478	1324	1324	452	452	2220	2220	3758	3758	1	1	21	21	87685	87685	88508	88508	1445	1445	1275	1275	2	2	6	6	2873	2873	827	827	1080	1080	3858	3858	4407	4407	6234	6234	14736	14736	15213	15213	19	19	5	5	6915	6915	1502	1502	107	107	45	45	183	183	252	252	143	143	5	5	1277	1277	598	598	330	330	351	351	7	7	2	2	65	65	164	164	71	71	6807	6807	2371	2371	1820	1820	1553	1553	2946	2946	11661	11661	4835	4835	25020	25020	22722	22722	179	179	8884	8884	324	324	151	151	203	203	470	470	62654	62654	29555	29555	47	47	17	17	140	140	201	201	27	27	470	470	4	4	356	356	190	190	36	36	235	235	356	356	244	244	179	179	1502	1502	899	899	111	111	6	6	128	128	143	143
IND00129	206	206	284	284	934	934	11140	11140	7421	7421	9588	9588	282	282	440	440	98	98	53	53	1625	1625	653	653	110	110	89	89	77	77	23	23	31	31	184	184	14	14	11	11	100	100	55	55	167	167	65	65	1309	1309	71	71	2021	2021	1647	1647	20	20	2	2	13291	13291	10340	10340	698	698	66	66	2	2	8	8	1404	1404	15	15	3193	3193	6581	6581	3097	3097	7831	7831	15847	15847	9339	9339	30	30	28	28	4791	4791	30054	30054	104	104	18	18	147	147	63	63	232	232	49	49	1874	1874	497	497	481	481	444	444	7	7	3	3	76	76	77	77	5380	5380	170	170	226	226	1977	1977	1352	1352	2043	2043	29372	29372	12493	12493	20508	20508	18080	18080	17417	17417	32338	32338	678	678	542	542	1009	1009	751	751	36271	36271	102324	102324	35	35	40	40	220	220	209	209	181	181	446	446	423	423	59	59	204	204	487	487	232	232	190	190	42	42	141	141	271	271	1786	1786	102	102	102	102	101	101	194	194
IND00130	83	83	356	356	2318	2318	42	42	4810	4810	919	919	47	47	393	393	56	56	72	72	1379	1379	1439	1439	120	120	168	168	40	40	122	122	19	19	156	156	2	2	11	11	16	16	326	326	35	35	479	479	770	770	857	857	1805	1805	338	338	26	26	20	20	54512	54512	62876	62876	541	541	516	516	8	8	4	4	968	968	2522	2522	4870	4870	3192	3192	3294	3294	6504	6504	3591	3591	14026	14026	14	14	24	24	17473	17473	17910	17910	96	96	93	93	203	203	30	30	254	254	225	225	1032	1032	6	6	736	736	510	510	5	5	3	3	40	40	232	232	3543	3543	5167	5167	2391	2391	2655	2655	4054	4054	1447	1447	13832	13832	8843	8843	2238	2238	15601	15601	12621	12621	1521	1521	106	106	166	166	213	213	12	12	43922	43922	32029	32029	24	24	23	23	186	186	216	216	33	33	429	429	221	221	324	324	431	431	130	130	27	27	481	481	378	378	27	27	324	324	1395	1395	95	95	30	30	82	82	46	46
IND00131	359	359	139	139	15038	15038	9738	9738	9634	9634	10390	10390	124	124	47	47	75	75	21	21	1555	1555	750	750	2	2	222	222	13	13	111	111	78	78	139	139	4	4	13	13	324	324	282	282	151	151	416	416	665	665	170	170	2353	2353	2340	2340	27	27	31	31	80973	80973	10048	10048	250	250	1752	1752	6	6	7	7	2496	2496	3059	3059	7717	7717	4723	4723	4882	4882	7968	7968	6780	6780	847	847	8	8	28	28	9289	9289	1391	1391	72	72	126	126	108	108	226	226	225	225	74	74	389	389	763	763	935	935	728	728	1	1	5	5	171	171	147	147	3508	3508	3608	3608	1565	1565	166	166	2030	2030	1921	1921	4805	4805	19191	19191	882	882	17648	17648	22553	22553	19763	19763	71	71	757	757	299	299	461	461	15449	15449	56699	56699	43	43	18	18	180	180	33	33	156	156	302	302	213	213	7	7	365	365	71	71	76	76	468	468	273	273	17	17	1156	1156	1166	1166	111	111	10	10	145	145	164	164
IND00132	129	129	852	852	9709	9709	224	224	7839	7839	11572	11572	217	217	432	432	15	15	65	65	1448	1448	513	513	48	48	158	158	120	120	80	80	109	109	119	119	4	4	12	12	421	421	253	253	99	99	416	416	89	89	1332	1332	1452	1452	3459	3459	3	3	17	17	43044	43044	21737	21737	1782	1782	558	558	4	4	7	7	2015	2015	2763	2763	3386	3386	3451	3451	7886	7886	1999	1999	14534	14534	6612	6612	24	24	8	8	12320	12320	16553	16553	83	83	100	100	200	200	112	112	251	251	40	40	1578	1578	572	572	500	500	503	503	6	6	6	6	114	114	169	169	7071	7071	6740	6740	1103	1103	1562	1562	802	802	3564	3564	20486	20486	32655	32655	4842	4842	23061	23061	16384	16384	8196	8196	716	716	901	901	395	395	530	530	8303	8303	75320	75320	37	37	22	22	16	16	231	231	20	20	93	93	149	149	371	371	91	91	1	1	238	238	148	148	507	507	74	74	1856	1856	20	20	56	56	41	41	76	76	78	78
IND00133	593	593	175	175	1721	1721	4150	4150	3552	3552	2826	2826	171	171	344	344	82	82	30	30	1826	1826	1176	1176	153	153	222	222	41	41	75	75	110	110	68	68	11	11	15	15	263	263	313	313	329	329	459	459	884	884	1339	1339	1925	1925	573	573	7	7	27	27	54161	54161	104833	104833	1447	1447	1479	1479	3	3	5	5	4040	4040	1887	1887	6850	6850	1282	1282	7560	7560	5146	5146	10677	10677	4315	4315	3	3	8	8	20699	20699	31324	31324	38	38	1	1	177	177	139	139	35	35	174	174	1348	1348	255	255	364	364	471	471	3	3	3	3	55	55	57	57	7399	7399	4269	4269	1403	1403	3408	3408	3245	3245	1659	1659	2921	2921	1209	1209	10734	10734	26343	26343	13535	13535	31431	31431	585	585	205	205	761	761	611	611	37047	37047	9845	9845	29	29	37	37	229	229	146	146	223	223	213	213	407	407	302	302	239	239	311	311	268	268	286	286	367	367	317	317	1632	1632	67	67	52	52	88	88	150	150	88	88
IND00134	579	579	469	469	7871	7871	5278	5278	4983	4983	8976	8976	367	367	453	453	26	26	110	110	1864	1864	477	477	223	223	252	252	102	102	4	4	229	229	196	196	5	5	5	5	216	216	266	266	458	458	24	24	1241	1241	1614	1614	3079	3079	2652	2652	18	18	1	1	61131	61131	7769	7769	299	299	634	634	5	5	1	1	1583	1583	1556	1556	5742	5742	1834	1834	5365	5365	6424	6424	10706	10706	14583	14583	5	5	24	24	4797	4797	27571	27571	113	113	72	72	18	18	168	168	247	247	105	105	2036	2036	74	74	22	22	450	450	2	2	5	5	243	243	212	212	5767	5767	4260	4260	919	919	3697	3697	2341	2341	1141	1141	10874	10874	716	716	2330	2330	21192	21192	21810	21810	7514	7514	953	953	667	667	1023	1023	874	874	67718	67718	117280	117280	61	61	45	45	87	87	68	68	259	259	416	416	300	300	285	285	114	114	107	107	152	152	445	445	185	185	373	373	16	16	947	947	29	29	18	18	81	81	161	161
IND00135	542	542	799	799	7992	7992	9685	9685	12042	12042	11519	11519	302	302	27	27	42	42	74	74	1614	1614	1719	1719	237	237	129	129	10	10	25	25	94	94	71	71	10	10	2	2	161	161	168	168	144	144	235	235	259	259	1557	1557	2908	2908	2326	2326	23	23	16	16	43212	43212	43862	43862	904	904	435	435	5	5	8	8	1307	1307	2397	2397	6298	6298	3387	3387	3374	3374	555	555	12901	12901	11767	11767	10	10	10	10	4884	4884	23782	23782	81	81	111	111	43	43	146	146	75	75	210	210	2029	2029	1226	1226	941	941	908	908	6	6	2	2	15	15	92	92	315	315	1012	1012	1332	1332	1793	1793	93	93	3266	3266	6359	6359	11417	11417	19390	19390	15479	15479	29346	29346	23373	23373	930	930	1015	1015	1006	1006	112	112	40966	40966	79589	79589	36	36	63	63	20	20	9	9	433	433	288	288	477	477	486	486	464	464	454	454	300	300	455	455	250	250	420	420	740	740	1395	1395	37	37	117	117	222	222	11	11
IND00136	743	743	988	988	2538	2538	7277	7277	1180	1180	10680	10680	434	434	369	369	91	91	71	71	1226	1226	245	245	54	54	21	21	35	35	84	84	252	252	229	229	11	11	8	8	36	36	203	203	158	158	326	326	1797	1797	1432	1432	1796	1796	3994	3994	14	14	7	7	92781	92781	40968	40968	1462	1462	702	702	3	3	6	6	693	693	3842	3842	6243	6243	5441	5441	1667	1667	706	706	2	2	207	207	20	20	14	14	12440	12440	13773	13773	12	12	51	51	163	163	83	83	244	244	33	33	514	514	841	841	1006	1006	455	455	7	7	6	6	230	230	124	124	1185	1185	5909	5909	1716	1716	2134	2134	1313	1313	2513	2513	8365	8365	12383	12383	16771	16771	21647	21647	32249	32249	23785	23785	7	7	130	130	287	287	230	230	80197	80197	102661	102661	38	38	28	28	21	21	168	168	458	458	78	78	121	121	17	17	419	419	276	276	481	481	435	435	33	33	77	77	1821	1821	888	888	3	3	87	87	16	16	64	64
IND00137	674	674	968	968	16368	16368	13013	13013	1615	1615	6752	6752	291	291	387	387	6	6	16	16	1895	1895	188	188	31	31	130	130	106	106	97	97	113	113	239	239	8	8	15	15	235	235	367	367	511	511	396	396	734	734	322	322	2030	2030	2234	2234	23	23	28	28	32458	32458	5306	5306	1302	1302	702	702	7	7	8	8	3710	3710	1517	1517	3414	3414	7518	7518	2666	2666	4454	4454	15672	15672	9071	9071	30	30	27	27	1369	1369	31563	31563	35	35	86	86	74	74	136	136	228	228	39	39	587	587	931	931	417	417	708	708	4	4	7	7	25	25	132	132	6220	6220	2923	2923	1411	1411	234	234	195	195	3850	3850	3870	3870	29123	29123	29818	29818	2899	2899	25470	25470	10361	10361	562	562	448	448	786	786	666	666	91142	91142	16140	16140	4	4	32	32	129	129	97	97	376	376	113	113	218	218	244	244	261	261	332	332	133	133	324	324	79	79	9	9	1745	1745	348	348	83	83	27	27	172	172	236	236
IND00138	729	729	662	662	12338	12338	15595	15595	11297	11297	11076	11076	267	267	295	295	65	65	42	42	1619	1619	1276	1276	2	2	72	72	9	9	64	64	96	96	138	138	12	12	14	14	451	451	189	189	119	119	88	88	2008	2008	1475	1475	843	843	2485	2485	4	4	27	27	70933	70933	49914	49914	1836	1836	278	278	4	4	6	6	2033	2033	251	251	7192	7192	5842	5842	6054	6054	786	786	8202	8202	6099	6099	28	28	29	29	30327	30327	1498	1498	85	85	45	45	109	109	191	191	254	254	13	13	1063	1063	1870	1870	743	743	165	165	2	2	2	2	190	190	139	139	5578	5578	7986	7986	3735	3735	2128	2128	3789	3789	2667	2667	2521	2521	31855	31855	1086	1086	21828	21828	29363	29363	6967	6967	715	715	412	412	516	516	830	830	54066	54066	75485	75485	26	26	14	14	109	109	95	95	310	310	197	197	393	393	493	493	483	483	8	8	121	121	238	238	341	341	318	318	1400	1400	858	858	91	91	118	118	88	88	182	182
IND00139	972	972	95	95	10109	10109	6896	6896	14232	14232	4662	4662	463	463	235	235	86	86	78	78	1318	1318	818	818	170	170	101	101	109	109	38	38	125	125	99	99	8	8	10	10	407	407	492	492	500	500	339	339	765	765	5	5	1740	1740	2766	2766	22	22	22	22	126267	126267	871	871	1544	1544	404	404	8	8	5	5	3826	3826	2934	2934	4366	4366	4796	4796	2245	2245	3862	3862	1063	1063	6574	6574	7	7	28	28	19806	19806	16377	16377	39	39	12	12	62	62	235	235	214	214	62	62	925	925	1466	1466	924	924	221	221	5	5	3	3	43	43	130	130	6155	6155	3012	3012	1476	1476	1422	1422	3698	3698	4034	4034	5478	5478	30540	30540	22017	22017	625	625	12107	12107	10193	10193	254	254	682	682	243	243	472	472	53365	53365	33431	33431	14	14	33	33	173	173	49	49	202	202	141	141	343	343	480	480	236	236	257	257	113	113	496	496	129	129	124	124	518	518	1121	1121	122	122	5	5	240	240	75	75
IND00140	284	284	898	898	7071	7071	10805	10805	9717	9717	4381	4381	35	35	19	19	109	109	76	76	301	301	1391	1391	175	175	97	97	82	82	85	85	172	172	132	132	2	2	2	2	495	495	202	202	180	180	356	356	612	612	636	636	1250	1250	794	794	19	19	15	15	108765	108765	22413	22413	1574	1574	1160	1160	2	2	8	8	3804	3804	2161	2161	6150	6150	6341	6341	1334	1334	4525	4525	13644	13644	9314	9314	27	27	11	11	8192	8192	4485	4485	67	67	49	49	193	193	149	149	135	135	14	14	305	305	2048	2048	430	430	500	500	2	2	4	4	110	110	197	197	2738	2738	7799	7799	2650	2650	3637	3637	1106	1106	2435	2435	30846	30846	29404	29404	31134	31134	3870	3870	5325	5325	8124	8124	266	266	76	76	56	56	870	870	119865	119865	68178	68178	18	18	60	60	212	212	204	204	219	219	491	491	153	153	290	290	374	374	228	228	190	190	334	334	415	415	189	189	1477	1477	1181	1181	94	94	85	85	224	224	211	211
IND00141	800	800	601	601	4782	4782	1593	1593	4786	4786	16104	16104	160	160	6	6	102	102	122	122	1816	1816	1629	1629	97	97	80	80	49	49	51	51	250	250	142	142	5	5	13	13	457	457	499	499	487	487	222	222	79	79	1008	1008	2751	2751	2371	2371	6	6	19	19	79987	79987	27394	27394	1135	1135	1712	1712	1	1	7	7	3157	3157	3753	3753	2449	2449	5968	5968	1483	1483	4283	4283	13420	13420	7311	7311	14	14	20	20	13452	13452	9027	9027	96	96	99	99	161	161	104	104	205	205	91	91	1477	1477	1124	1124	277	277	138	138	6	6	3	3	183	183	201	201	478	478	5100	5100	3358	3358	3345	3345	3492	3492	3855	3855	12892	12892	14864	14864	26945	26945	14092	14092	23128	23128	13429	13429	631	631	702	702	177	177	622	622	19255	19255	102833	102833	32	32	54	54	186	186	81	81	11	11	268	268	167	167	373	373	348	348	477	477	182	182	294	294	376	376	95	95	1302	1302	612	612	57	57	76	76	159	159	242	242
IND00142	572	572	132	132	5398	5398	3490	3490	12436	12436	14560	14560	119	119	13	13	36	36	119	119	2032	2032	1126	1126	134	134	107	107	48	48	121	121	148	148	74	74	13	13	7	7	137	137	3	3	71	71	412	412	1313	1313	1620	1620	2258	2258	3142	3142	28	28	4	4	101122	101122	74652	74652	1469	1469	592	592	8	8	4	4	591	591	1735	1735	7926	7926	985	985	7880	7880	4201	4201	14439	14439	9737	9737	19	19	2	2	12463	12463	29714	29714	87	87	11	11	88	88	6	6	82	82	43	43	1422	1422	863	863	896	896	593	593	8	8	6	6	154	154	40	40	7727	7727	2381	2381	3418	3418	1070	1070	3160	3160	1998	1998	10986	10986	9840	9840	16743	16743	24510	24510	3914	3914	4176	4176	402	402	730	730	265	265	470	470	73603	73603	90000	90000	58	58	56	56	133	133	213	213	290	290	457	457	424	424	295	295	21	21	243	243	459	459	501	501	494	494	348	348	532	532	147	147	39	39	106	106	8	8	235	235
IND00143	889	889	397	397	15349	15349	6975	6975	2648	2648	6185	6185	377	377	301	301	43	43	63	63	1559	1559	479	479	135	135	199	199	114	114	35	35	71	71	188	188	9	9	8	8	373	373	460	460	75	75	495	495	536	536	1374	1374	2582	2582	2783	2783	26	26	27	27	60483	60483	97541	97541	760	760	213	213	5	5	5	5	1012	1012	2322	2322	1236	1236	2079	2079	4103	4103	6484	6484	413	413	10438	10438	14	14	18	18	25102	25102	19759	19759	66	66	91	91	72	72	35	35	252	252	18	18	509	509	975	975	924	924	104	104	3	3	7	7	165	165	247	247	4005	4005	4830	4830	4054	4054	393	393	2727	2727	2526	2526	12066	12066	4259	4259	2010	2010	21034	21034	24963	24963	9130	9130	121	121	805	805	1008	1008	544	544	127174	127174	84382	84382	6	6	2	2	41	41	25	25	393	393	410	410	64	64	91	91	476	476	366	366	481	481	443	443	89	89	447	447	1055	1055	981	981	96	96	83	83	130	130	215	215
IND00144	381	381	529	529	13278	13278	8903	8903	9018	9018	8426	8426	428	428	419	419	68	68	52	52	1548	1548	738	738	240	240	65	65	37	37	93	93	26	26	9	9	11	11	1	1	252	252	269	269	372	372	312	312	633	633	1006	1006	883	883	425	425	28	28	5	5	83269	83269	15784	15784	814	814	801	801	6	6	7	7	2869	2869	1694	1694	3052	3052	279	279	6163	6163	7028	7028	12669	12669	15751	15751	2	2	7	7	10521	10521	6515	6515	124	124	111	111	53	53	213	213	44	44	99	99	1640	1640	1912	1912	761	761	678	678	7	7	6	6	145	145	56	56	5737	5737	3869	3869	1267	1267	1025	1025	241	241	2827	2827	7473	7473	31196	31196	2621	2621	14232	14232	12876	12876	9769	9769	848	848	946	946	89	89	941	941	63405	63405	43127	43127	42	42	30	30	12	12	2	2	390	390	224	224	450	450	299	299	362	362	386	386	366	366	512	512	467	467	457	457	743	743	414	414	42	42	97	97	167	167	236	236
IND00145	132	132	422	422	1756	1756	3028	3028	8703	8703	6393	6393	101	101	499	499	121	121	97	97	1986	1986	1410	1410	205	205	226	226	73	73	74	74	65	65	192	192	7	7	9	9	289	289	369	369	353	353	261	261	270	270	1178	1178	1855	1855	2251	2251	9	9	14	14	60995	60995	119594	119594	1280	1280	201	201	1	1	2	2	3633	3633	2417	2417	1337	1337	5848	5848	6986	6986	3356	3356	8439	8439	12787	12787	9	9	7	7	24317	24317	13764	13764	79	79	52	52	208	208	11	11	239	239	174	174	680	680	1406	1406	232	232	840	840	8	8	4	4	124	124	99	99	7269	7269	1047	1047	3545	3545	2093	2093	3327	3327	1734	1734	30671	30671	3012	3012	14129	14129	13470	13470	6403	6403	27519	27519	377	377	134	134	545	545	7	7	125443	125443	130163	130163	5	5	37	37	102	102	158	158	503	503	94	94	14	14	9	9	78	78	91	91	450	450	11	11	289	289	464	464	1872	1872	1622	1622	7	7	100	100	26	26	143	143
IND00146	237	237	561	561	5090	5090	2119	2119	8046	8046	14097	14097	308	308	27	27	111	111	43	43	1855	1855	453	453	122	122	158	158	107	107	68	68	83	83	140	140	3	3	9	9	460	460	121	121	290	290	206	206	254	254	1277	1277	3758	3758	1737	1737	25	25	1	1	43863	43863	54434	54434	190	190	85	85	8	8	5	5	1746	1746	1812	1812	2331	2331	6204	6204	2366	2366	5626	5626	10197	10197	906	906	6	6	4	4	16258	16258	15497	15497	42	42	120	120	90	90	139	139	155	155	42	42	1356	1356	1763	1763	504	504	300	300	6	6	4	4	186	186	193	193	327	327	5867	5867	1385	1385	3225	3225	3230	3230	3376	3376	11532	11532	19291	19291	28356	28356	754	754	21300	21300	13160	13160	842	842	965	965	15	15	240	240	30449	30449	125549	125549	7	7	9	9	55	55	231	231	456	456	281	281	355	355	446	446	451	451	470	470	24	24	398	398	247	247	207	207	1352	1352	916	916	107	107	66	66	165	165	150	150
IND00147	491	491	468	468	11508	11508	9305	9305	15052	15052	11755	11755	445	445	508	508	112	112	22	22	1299	1299	1610	1610	82	82	97	97	51	51	75	75	42	42	45	45	14	14	10	10	150	150	509	509	364	364	354	354	566	566	822	822	3864	3864	3169	3169	16	16	11	11	11949	11949	71873	71873	1185	1185	1805	1805	1	1	3	3	1802	1802	2828	2828	1367	1367	5141	5141	6508	6508	7216	7216	9868	9868	13917	13917	5	5	9	9	17356	17356	15172	15172	67	67	70	70	7	7	92	92	222	222	224	224	1313	1313	622	622	453	453	36	36	2	2	5	5	210	210	145	145	528	528	6989	6989	2943	2943	3260	3260	3111	3111	4054	4054	30803	30803	4229	4229	18080	18080	13648	13648	13064	13064	14024	14024	944	944	21	21	846	846	445	445	122177	122177	17740	17740	45	45	48	48	181	181	62	62	477	477	96	96	456	456	461	461	83	83	395	395	334	334	122	122	135	135	12	12	706	706	519	519	83	83	6	6	113	113	244	244
IND00148	256	256	866	866	13307	13307	7982	7982	7366	7366	9133	9133	161	161	9	9	40	40	118	118	321	321	1754	1754	88	88	129	129	8	8	81	81	82	82	141	141	1	1	2	2	294	294	87	87	188	188	363	363	1642	1642	293	293	3596	3596	3072	3072	7	7	24	24	114199	114199	96303	96303	1950	1950	1592	1592	3	3	7	7	1456	1456	42	42	4121	4121	4775	4775	7139	7139	6683	6683	5864	5864	2538	2538	23	23	6	6	13530	13530	18424	18424	60	60	99	99	108	108	114	114	252	252	89	89	1406	1406	1996	1996	38	38	588	588	7	7	7	7	120	120	99	99	6586	6586	7183	7183	1003	1003	1069	1069	881	881	3428	3428	43	43	25076	25076	29377	29377	8757	8757	20987	20987	27976	27976	408	408	571	571	129	129	176	176	114785	114785	128869	128869	45	45	15	15	172	172	154	154	183	183	294	294	43	43	26	26	488	488	106	106	330	330	490	490	226	226	277	277	659	659	1744	1744	4	4	63	63	250	250	61	61
IND00149	504	504	132	132	5862	5862	6605	6605	2527	2527	13338	13338	346	346	129	129	108	108	49	49	613	613	855	855	130	130	211	211	103	103	123	123	25	25	25	25	1	1	7	7	72	72	271	271	228	228	387	387	787	787	1669	1669	455	455	915	915	27	27	24	24	9128	9128	129531	129531	1793	1793	525	525	4	4	6	6	331	331	510	510	6479	6479	2879	2879	2564	2564	6619	6619	592	592	5613	5613	9	9	20	20	21889	21889	5616	5616	64	64	70	70	101	101	190	190	249	249	85	85	1067	1067	1182	1182	841	841	297	297	5	5	8	8	1	1	35	35	5413	5413	6272	6272	2915	2915	1890	1890	552	552	305	305	31898	31898	3311	3311	9327	9327	13644	13644	938	938	20508	20508	121	121	893	893	410	410	78	78	19010	19010	56154	56154	20	20	4	4	84	84	137	137	144	144	149	149	251	251	336	336	131	131	41	41	156	156	209	209	310	310	254	254	282	282	994	994	104	104	31	31	160	160	91	91
IND00150	151	151	642	642	11798	11798	8028	8028	3336	3336	15369	15369	224	224	199	199	73	73	114	114	123	123	1169	1169	27	27	190	190	120	120	62	62	218	218	37	37	14	14	10	10	343	343	497	497	445	445	337	337	989	989	489	489	3092	3092	2235	2235	4	4	26	26	769	769	121711	121711	566	566	832	832	3	3	2	2	2358	2358	2665	2665	2345	2345	4919	4919	7129	7129	5784	5784	1407	1407	14120	14120	23	23	15	15	23179	23179	19520	19520	71	71	53	53	16	16	191	191	231	231	42	42	1858	1858	1082	1082	772	772	645	645	8	8	2	2	175	175	215	215	2608	2608	5479	5479	1604	1604	4066	4066	2194	2194	1566	1566	1852	1852	18075	18075	9108	9108	2584	2584	17718	17718	11913	11913	976	976	452	452	95	95	764	764	42399	42399	111089	111089	15	15	59	59	173	173	111	111	70	70	208	208	193	193	110	110	306	306	512	512	203	203	250	250	160	160	505	505	1939	1939	584	584	22	22	87	87	2	2	2	2
IND00151	386	386	1011	1011	14900	14900	6627	6627	9059	9059	2163	2163	439	439	320	320	63	63	109	109	391	391	173	173	228	228	252	252	65	65	95	95	243	243	221	221	8	8	9	9	349	349	428	428	9	9	191	191	1061	1061	1128	1128	1726	1726	2898	2898	27	27	5	5	60599	60599	50276	50276	583	583	1993	1993	1	1	8	8	2284	2284	1574	1574	1145	1145	4294	4294	3859	3859	6031	6031	1005	1005	8020	8020	7	7	22	22	2938	2938	5524	5524	84	84	117	117	210	210	91	91	89	89	248	248	476	476	1118	1118	630	630	333	333	2	2	6	6	160	160	248	248	1802	1802	2313	2313	3587	3587	137	137	2541	2541	4033	4033	27469	27469	24513	24513	4291	4291	27933	27933	11727	11727	7194	7194	163	163	723	723	146	146	949	949	39925	39925	98320	98320	34	34	63	63	78	78	222	222	501	501	354	354	270	270	24	24	225	225	140	140	118	118	117	117	259	259	406	406	1714	1714	14	14	91	91	92	92	247	247	20	20
IND00152	188	188	161	161	13637	13637	12706	12706	9394	9394	8741	8741	463	463	469	469	79	79	12	12	976	976	596	596	254	254	34	34	11	11	11	11	55	55	122	122	1	1	12	12	328	328	385	385	24	24	205	205	1058	1058	97	97	793	793	1425	1425	13	13	24	24	52254	52254	52978	52978	24	24	1664	1664	1	1	8	8	109	109	2219	2219	7251	7251	1662	1662	5731	5731	5138	5138	9404	9404	9184	9184	27	27	1	1	12624	12624	25818	25818	13	13	28	28	110	110	146	146	138	138	196	196	1660	1660	2029	2029	369	369	412	412	6	6	8	8	162	162	27	27	6116	6116	270	270	143	143	3160	3160	386	386	3057	3057	5230	5230	27389	27389	2263	2263	21659	21659	25634	25634	2834	2834	652	652	791	791	485	485	397	397	6487	6487	40826	40826	38	38	56	56	50	50	210	210	188	188	424	424	48	48	159	159	222	222	265	265	82	82	421	421	237	237	318	318	1492	1492	1461	1461	106	106	113	113	160	160	180	180
IND00153	372	372	316	316	10067	10067	7659	7659	546	546	5828	5828	297	297	472	472	104	104	2	2	703	703	1302	1302	71	71	192	192	17	17	110	110	209	209	118	118	8	8	12	12	321	321	121	121	456	456	320	320	1117	1117	1034	1034	648	648	949	949	17	17	22	22	3777	3777	22306	22306	609	609	1152	1152	1	1	6	6	446	446	3474	3474	4697	4697	5961	5961	7431	7431	2380	2380	9752	9752	9456	9456	10	10	29	29	5795	5795	7590	7590	63	63	86	86	244	244	252	252	4	4	43	43	973	973	1783	1783	518	518	1019	1019	5	5	6	6	197	197	65	65	2800	2800	4845	4845	3267	3267	772	772	1430	1430	1282	1282	27825	27825	20565	20565	20829	20829	310	310	7697	7697	13754	13754	179	179	592	592	109	109	821	821	21922	21922	7989	7989	47	47	64	64	168	168	192	192	491	491	215	215	133	133	130	130	318	318	280	280	203	203	279	279	259	259	112	112	1736	1736	880	880	4	4	57	57	32	32	109	109
IND00154	326	326	955	955	11068	11068	8136	8136	11931	11931	4269	4269	316	316	66	66	88	88	22	22	1774	1774	1783	1783	156	156	242	242	125	125	84	84	222	222	51	51	7	7	10	10	83	83	141	141	22	22	126	126	1627	1627	1893	1893	2765	2765	2137	2137	9	9	22	22	28821	28821	86633	86633	1093	1093	440	440	6	6	4	4	3556	3556	3407	3407	3169	3169	1811	1811	4507	4507	342	342	1668	1668	2821	2821	10	10	14	14	3616	3616	22721	22721	100	100	117	117	143	143	213	213	151	151	128	128	40	40	366	366	878	878	155	155	7	7	8	8	245	245	241	241	7149	7149	943	943	2380	2380	441	441	1160	1160	2781	2781	14620	14620	22958	22958	2585	2585	28500	28500	18514	18514	20836	20836	262	262	32	32	120	120	163	163	96254	96254	41040	41040	51	51	50	50	18	18	72	72	207	207	54	54	437	437	305	305	56	56	231	231	281	281	279	279	349	349	418	418	1024	1024	1281	1281	97	97	47	47	198	198	182	182
IND00155	119	119	970	970	12837	12837	8294	8294	3192	3192	4030	4030	502	502	376	376	118	118	106	106	212	212	524	524	130	130	16	16	117	117	88	88	95	95	44	44	16	16	10	10	488	488	159	159	376	376	65	65	1462	1462	1631	1631	2140	2140	3970	3970	4	4	29	29	105666	105666	29286	29286	250	250	1736	1736	6	6	5	5	3864	3864	3695	3695	4776	4776	3473	3473	7833	7833	684	684	3826	3826	1440	1440	21	21	8	8	27097	27097	31643	31643	60	60	113	113	87	87	6	6	57	57	223	223	468	468	783	783	786	786	599	599	4	4	5	5	5	5	253	253	1621	1621	6307	6307	3987	3987	2435	2435	1347	1347	1232	1232	15802	15802	23424	23424	20476	20476	15388	15388	836	836	29429	29429	777	777	404	404	1008	1008	88	88	68135	68135	48266	48266	23	23	11	11	75	75	51	51	470	470	471	471	338	338	484	484	41	41	38	38	426	426	291	291	27	27	354	354	1371	1371	1253	1253	25	25	109	109	96	96	134	134
IND00156	433	433	724	724	8906	8906	1986	1986	10171	10171	8352	8352	45	45	170	170	67	67	88	88	832	832	1618	1618	192	192	210	210	105	105	83	83	250	250	230	230	13	13	6	6	12	12	215	215	189	189	486	486	731	731	1987	1987	1923	1923	3001	3001	17	17	24	24	54802	54802	43008	43008	786	786	631	631	5	5	6	6	3574	3574	2456	2456	3477	3477	374	374	3869	3869	5853	5853	9874	9874	8630	8630	29	29	15	15	7794	7794	19794	19794	1	1	105	105	89	89	185	185	172	172	87	87	981	981	1451	1451	135	135	141	141	7	7	3	3	254	254	18	18	4382	4382	3226	3226	245	245	2577	2577	3623	3623	2718	2718	17489	17489	21433	21433	2758	2758	29496	29496	14886	14886	10430	10430	236	236	494	494	445	445	802	802	14091	14091	11053	11053	19	19	61	61	44	44	84	84	17	17	330	330	19	19	423	423	325	325	37	37	139	139	45	45	374	374	294	294	122	122	726	726	44	44	118	118	135	135	78	78
IND00157	163	163	922	922	5526	5526	16113	16113	5643	5643	2053	2053	427	427	114	114	50	50	31	31	1587	1587	1214	1214	164	164	244	244	32	32	32	32	19	19	117	117	8	8	2	2	362	362	450	450	231	231	66	66	1744	1744	395	395	1085	1085	3247	3247	4	4	22	22	81959	81959	96472	96472	1764	1764	189	189	3	3	4	4	1205	1205	384	384	4161	4161	4129	4129	3254	3254	903	903	6910	6910	4740	4740	30	30	19	19	2337	2337	24915	24915	65	65	98	98	119	119	139	139	19	19	149	149	1040	1040	1125	1125	513	513	959	959	2	2	4	4	71	71	209	209	4728	4728	3062	3062	1519	1519	2320	2320	2743	2743	3492	3492	24485	24485	24906	24906	6360	6360	9867	9867	31394	31394	15523	15523	92	92	273	273	806	806	918	918	22555	22555	40665	40665	52	52	24	24	149	149	21	21	213	213	292	292	9	9	306	306	410	410	172	172	457	457	351	351	197	197	339	339	1257	1257	691	691	119	119	4	4	238	238	62	62
IND00158	705	705	584	584	8713	8713	14912	14912	2318	2318	6788	6788	375	375	272	272	11	11	87	87	1570	1570	1845	1845	56	56	116	116	106	106	44	44	5	5	160	160	13	13	10	10	173	173	51	51	203	203	36	36	722	722	417	417	694	694	2205	2205	16	16	12	12	67544	67544	42488	42488	984	984	1347	1347	3	3	4	4	3897	3897	2447	2447	4695	4695	2209	2209	678	678	4171	4171	9342	9342	6434	6434	32	32	17	17	12281	12281	17014	17014	85	85	78	78	75	75	50	50	105	105	81	81	324	324	626	626	60	60	165	165	4	4	4	4	53	53	47	47	7514	7514	1574	1574	1178	1178	2151	2151	3358	3358	2355	2355	26032	26032	19171	19171	26424	26424	31536	31536	19229	19229	17139	17139	704	704	607	607	883	883	442	442	85388	85388	43659	43659	31	31	13	13	170	170	234	234	478	478	17	17	263	263	468	468	51	51	97	97	310	310	206	206	512	512	160	160	1392	1392	1743	1743	75	75	4	4	97	97	55	55
IND00159	16	16	133	133	3700	3700	10354	10354	16204	16204	9000	9000	391	391	268	268	117	117	54	54	1743	1743	757	757	228	228	195	195	75	75	28	28	46	46	166	166	14	14	16	16	291	291	345	345	123	123	451	451	1554	1554	934	934	1895	1895	2111	2111	27	27	22	22	94111	94111	51044	51044	385	385	1714	1714	4	4	2	2	3750	3750	2448	2448	2697	2697	7288	7288	2963	2963	4082	4082	8383	8383	2696	2696	15	15	29	29	28068	28068	29039	29039	86	86	48	48	19	19	9	9	163	163	33	33	499	499	272	272	568	568	101	101	5	5	8	8	3	3	30	30	4758	4758	3286	3286	3526	3526	1848	1848	1117	1117	2972	2972	14132	14132	30191	30191	17355	17355	931	931	10216	10216	1011	1011	350	350	603	603	15	15	14	14	29142	29142	3017	3017	32	32	59	59	87	87	47	47	126	126	103	103	102	102	246	246	118	118	469	469	228	228	258	258	82	82	14	14	623	623	881	881	72	72	105	105	11	11	139	139
IND00160	13	13	441	441	4771	4771	10804	10804	12723	12723	14449	14449	192	192	9	9	120	120	99	99	702	702	927	927	107	107	6	6	47	47	14	14	121	121	219	219	4	4	15	15	191	191	394	394	497	497	483	483	1647	1647	1167	1167	2217	2217	1284	1284	27	27	19	19	64856	64856	94317	94317	1000	1000	271	271	2	2	2	2	1337	1337	2601	2601	5520	5520	6911	6911	7091	7091	6374	6374	9901	9901	8093	8093	20	20	7	7	17261	17261	13285	13285	31	31	100	100	24	24	29	29	243	243	249	249	1753	1753	1398	1398	718	718	861	861	5	5	7	7	165	165	11	11	4739	4739	3283	3283	2499	2499	352	352	1419	1419	939	939	28699	28699	22239	22239	32758	32758	5512	5512	19360	19360	29972	29972	496	496	826	826	371	371	634	634	59530	59530	76292	76292	25	25	44	44	10	10	124	124	315	315	231	231	418	418	288	288	100	100	430	430	104	104	16	16	289	289	268	268	520	520	595	595	35	35	75	75	9	9	61	61
IND00161	98	98	769	769	13056	13056	11742	11742	14479	14479	2321	2321	348	348	363	363	37	37	19	19	1099	1099	308	308	239	239	130	130	14	14	71	71	29	29	236	236	13	13	7	7	135	135	313	313	370	370	315	315	1899	1899	1985	1985	2271	2271	1324	1324	8	8	32	32	54222	54222	105983	105983	1012	1012	865	865	8	8	5	5	1160	1160	1197	1197	5441	5441	3444	3444	1102	1102	493	493	4291	4291	10015	10015	4	4	4	4	14251	14251	19107	19107	37	37	76	76	159	159	180	180	252	252	217	217	975	975	1241	1241	1022	1022	815	815	7	7	3	3	187	187	31	31	7438	7438	5077	5077	2524	2524	3737	3737	1087	1087	2483	2483	17771	17771	5486	5486	4164	4164	8495	8495	13405	13405	4966	4966	158	158	792	792	411	411	97	97	65411	65411	101427	101427	42	42	20	20	43	43	61	61	469	469	262	262	89	89	49	49	362	362	271	271	504	504	314	314	511	511	510	510	1706	1706	653	653	31	31	115	115	96	96	70	70
IND00162	658	658	1007	1007	4437	4437	5670	5670	6941	6941	13589	13589	113	113	475	475	57	57	50	50	187	187	719	719	217	217	31	31	109	109	120	120	115	115	42	42	16	16	6	6	422	422	365	365	300	300	265	265	1221	1221	281	281	88	88	450	450	2	2	28	28	44282	44282	93260	93260	2030	2030	1008	1008	4	4	3	3	1786	1786	1765	1765	1148	1148	3370	3370	7027	7027	6432	6432	14970	14970	14013	14013	5	5	18	18	13841	13841	26852	26852	12	12	10	10	217	217	82	82	123	123	242	242	1595	1595	1330	1330	229	229	328	328	6	6	8	8	59	59	71	71	1697	1697	6609	6609	3003	3003	1514	1514	2266	2266	1091	1091	30961	30961	19937	19937	24004	24004	25879	25879	27890	27890	30827	30827	983	983	584	584	640	640	241	241	109742	109742	112957	112957	14	14	59	59	213	213	21	21	425	425	44	44	401	401	304	304	136	136	463	463	169	169	245	245	441	441	396	396	446	446	1291	1291	1	1	17	17	157	157	99	99
IND00163	397	397	214	214	5097	5097	9156	9156	1754	1754	1599	1599	316	316	429	429	17	17	34	34	481	481	632	632	191	191	160	160	84	84	10	10	2	2	229	229	3	3	7	7	426	426	505	505	227	227	204	204	552	552	121	121	3014	3014	1981	1981	7	7	5	5	11465	11465	20230	20230	165	165	272	272	6	6	4	4	3493	3493	1020	1020	3649	3649	926	926	2885	2885	6631	6631	1677	1677	13543	13543	10	10	27	27	21392	21392	24910	24910	69	69	106	106	59	59	137	137	33	33	83	83	1129	1129	199	199	632	632	49	49	3	3	2	2	160	160	43	43	5154	5154	149	149	1942	1942	3237	3237	1381	1381	2458	2458	16685	16685	16722	16722	3248	3248	14204	14204	30559	30559	15875	15875	456	456	948	948	883	883	113	113	66883	66883	87888	87888	49	49	1	1	71	71	162	162	342	342	162	162	283	283	292	292	299	299	238	238	215	215	407	407	233	233	333	333	297	297	1051	1051	45	45	75	75	86	86	152	152
IND00164	647	647	921	921	10971	10971	12673	12673	2851	2851	1261	1261	297	297	45	45	23	23	44	44	1349	1349	176	176	158	158	183	183	92	92	127	127	212	212	218	218	9	9	1	1	503	503	406	406	118	118	53	53	916	916	1466	1466	1389	1389	3164	3164	1	1	28	28	85447	85447	68954	68954	1387	1387	996	996	3	3	4	4	3895	3895	3024	3024	2188	2188	7859	7859	4917	4917	536	536	12707	12707	2947	2947	30	30	6	6	15012	15012	3467	3467	121	121	3	3	210	210	159	159	43	43	50	50	983	983	1945	1945	991	991	727	727	4	4	1	1	223	223	58	58	1108	1108	761	761	74	74	535	535	1224	1224	3947	3947	10188	10188	24783	24783	18422	18422	23773	23773	7429	7429	30064	30064	484	484	197	197	405	405	30	30	96942	96942	124363	124363	14	14	61	61	122	122	107	107	129	129	211	211	146	146	222	222	223	223	22	22	235	235	287	287	450	450	258	258	1112	1112	1314	1314	53	53	36	36	80	80	179	179
IND00165	772	772	835	835	736	736	3165	3165	12373	12373	10347	10347	342	342	335	335	50	50	72	72	1951	1951	1451	1451	221	221	198	198	35	35	79	79	136	136	125	125	13	13	6	6	311	311	151	151	505	505	476	476	330	330	1740	1740	417	417	393	393	12	12	25	25	94015	94015	67541	67541	1170	1170	1451	1451	7	7	1	1	4083	4083	266	266	3774	3774	1394	1394	7387	7387	3603	3603	12812	12812	5361	5361	23	23	26	26	18850	18850	16815	16815	50	50	84	84	17	17	161	161	18	18	77	77	1747	1747	1390	1390	672	672	580	580	3	3	4	4	113	113	102	102	706	706	1491	1491	2089	2089	2146	2146	531	531	2993	2993	29998	29998	30350	30350	10900	10900	18772	18772	27617	27617	4098	4098	421	421	11	11	959	959	852	852	47164	47164	29338	29338	10	10	23	23	76	76	253	253	367	367	105	105	435	435	276	276	488	488	131	131	305	305	299	299	163	163	109	109	1086	1086	863	863	38	38	20	20	220	220	158	158
IND00166	972	972	124	124	2607	2607	6698	6698	12221	12221	2834	2834	422	422	319	319	3	3	51	51	893	893	1323	1323	106	106	79	79	109	109	2	2	102	102	245	245	2	2	6	6	435	435	110	110	216	216	111	111	1576	1576	513	513	2852	2852	3515	3515	19	19	25	25	123630	123630	119669	119669	645	645	1636	1636	2	2	2	2	229	229	431	431	7522	7522	225	225	7588	7588	6154	6154	11481	11481	3452	3452	9	9	5	5	28338	28338	26932	26932	110	110	96	96	233	233	49	49	113	113	11	11	417	417	1112	1112	43	43	573	573	4	4	6	6	80	80	21	21	7719	7719	6	6	3298	3298	1864	1864	2033	2033	1427	1427	20379	20379	28895	28895	16378	16378	25613	25613	20645	20645	13060	13060	467	467	550	550	68	68	968	968	42367	42367	3829	3829	4	4	5	5	72	72	255	255	137	137	215	215	382	382	41	41	212	212	45	45	21	21	199	199	280	280	506	506	702	702	412	412	84	84	121	121	17	17	26	26
IND00167	1014	1014	434	434	3182	3182	7858	7858	9866	9866	2097	2097	346	346	472	472	92	92	26	26	73	73	1388	1388	41	41	166	166	5	5	114	114	51	51	233	233	10	10	8	8	322	322	410	410	71	71	450	450	1952	1952	455	455	2008	2008	2731	2731	19	19	28	28	61054	61054	97363	97363	443	443	836	836	6	6	8	8	1539	1539	3173	3173	5657	5657	2276	2276	6560	6560	5351	5351	11297	11297	6082	6082	31	31	20	20	367	367	32218	32218	110	110	1	1	165	165	222	222	75	75	11	11	199	199	1371	1371	86	86	872	872	2	2	7	7	236	236	117	117	4844	4844	1524	1524	307	307	2783	2783	986	986	2388	2388	20557	20557	15062	15062	17573	17573	24473	24473	20882	20882	13833	13833	963	963	144	144	734	734	372	372	9315	9315	37283	37283	1	1	22	22	250	250	172	172	446	446	412	412	319	319	263	263	268	268	317	317	196	196	69	69	359	359	250	250	2044	2044	543	543	24	24	75	75	58	58	71	71
IND00168	414	414	67	67	14425	14425	8569	8569	9798	9798	16344	16344	387	387	506	506	56	56	5	5	377	377	281	281	91	91	14	14	116	116	97	97	141	141	90	90	8	8	12	12	474	474	136	136	330	330	120	120	1925	1925	999	999	2593	2593	1974	1974	9	9	16	16	125776	125776	24627	24627	965	965	800	800	6	6	2	2	559	559	2446	2446	1213	1213	6246	6246	6474	6474	8051	8051	6877	6877	4533	4533	20	20	4	4	32621	32621	2954	2954	9	9	34	34	185	185	222	222	220	220	129	129	385	385	565	565	47	47	785	785	3	3	7	7	146	146	129	129	2000	2000	5217	5217	2930	2930	2086	2086	1955	1955	3179	3179	25472	25472	1054	1054	6226	6226	2595	2595	5806	5806	323	323	300	300	493	493	548	548	715	715	48341	48341	22313	22313	57	57	6	6	212	212	211	211	344	344	159	159	270	270	140	140	504	504	133	133	394	394	45	45	335	335	17	17	1780	1780	1411	1411	102	102	57	57	242	242	14	14
IND00169	382	382	337	337	9536	9536	156	156	914	914	9755	9755	38	38	148	148	95	95	109	109	428	428	1083	1083	105	105	199	199	83	83	59	59	159	159	163	163	12	12	6	6	509	509	159	159	70	70	65	65	1039	1039	1628	1628	2023	2023	1859	1859	15	15	27	27	123199	123199	84660	84660	1601	1601	653	653	3	3	7	7	774	774	3672	3672	1922	1922	4130	4130	4134	4134	6441	6441	3870	3870	14565	14565	14	14	1	1	15211	15211	5814	5814	13	13	105	105	112	112	115	115	56	56	58	58	303	303	1592	1592	721	721	459	459	5	5	4	4	180	180	193	193	4130	4130	1494	1494	1512	1512	3977	3977	3281	3281	3342	3342	5866	5866	2455	2455	15078	15078	7966	7966	4790	4790	14291	14291	238	238	854	854	325	325	740	740	40717	40717	12626	12626	52	52	2	2	69	69	6	6	469	469	313	313	449	449	244	244	144	144	41	41	134	134	438	438	317	317	238	238	1881	1881	2005	2005	45	45	86	86	43	43	17	17
IND00170	116	116	899	899	7130	7130	15823	15823	4482	4482	11809	11809	351	351	454	454	30	30	14	14	215	215	1623	1623	176	176	227	227	86	86	104	104	33	33	23	23	13	13	9	9	443	443	112	112	157	157	38	38	888	888	2044	2044	1197	1197	2058	2058	2	2	12	12	103298	103298	53719	53719	1315	1315	612	612	2	2	4	4	1162	1162	637	637	1210	1210	1273	1273	2346	2346	4874	4874	2805	2805	8656	8656	28	28	20	20	12250	12250	16566	16566	44	44	8	8	137	137	53	53	126	126	93	93	8	8	408	408	267	267	356	356	4	4	7	7	233	233	37	37	1702	1702	1016	1016	1103	1103	202	202	1188	1188	243	243	17276	17276	7911	7911	28806	28806	14126	14126	5655	5655	540	540	669	669	632	632	734	734	709	709	86164	86164	70641	70641	8	8	64	64	139	139	118	118	460	460	389	389	435	435	215	215	8	8	82	82	443	443	128	128	74	74	470	470	669	669	352	352	49	49	114	114	184	184	232	232
IND00171	891	891	363	363	4335	4335	15855	15855	6024	6024	11412	11412	151	151	116	116	126	126	65	65	1915	1915	1218	1218	198	198	167	167	26	26	106	106	71	71	146	146	3	3	15	15	466	466	392	392	424	424	456	456	747	747	962	962	3700	3700	2912	2912	14	14	21	21	125667	125667	70829	70829	952	952	415	415	8	8	7	7	1851	1851	3540	3540	1100	1100	4004	4004	4502	4502	4519	4519	11522	11522	15776	15776	17	17	8	8	1305	1305	11434	11434	31	31	106	106	46	46	97	97	157	157	158	158	1842	1842	2010	2010	340	340	58	58	8	8	6	6	183	183	43	43	622	622	2920	2920	658	658	1058	1058	2562	2562	119	119	19029	19029	19104	19104	3326	3326	31267	31267	30949	30949	17785	17785	366	366	172	172	450	450	599	599	93521	93521	36547	36547	58	58	40	40	254	254	202	202	414	414	431	431	34	34	122	122	84	84	50	50	292	292	419	419	467	467	243	243	688	688	1874	1874	17	17	17	17	114	114	132	132
IND00172	855	855	881	881	4860	4860	3495	3495	2681	2681	952	952	54	54	285	285	109	109	35	35	1399	1399	610	610	110	110	83	83	112	112	103	103	175	175	61	61	11	11	16	16	274	274	435	435	384	384	463	463	304	304	1465	1465	204	204	3914	3914	20	20	10	10	46638	46638	120888	120888	1568	1568	597	597	8	8	2	2	1101	1101	598	598	2523	2523	4817	4817	5187	5187	5035	5035	15007	15007	4853	4853	11	11	29	29	4528	4528	1507	1507	56	56	16	16	77	77	75	75	195	195	110	110	128	128	1819	1819	876	876	205	205	6	6	2	2	240	240	251	251	2009	2009	4837	4837	2698	2698	1880	1880	1693	1693	3729	3729	22237	22237	19417	19417	23818	23818	14158	14158	4846	4846	19421	19421	911	911	59	59	506	506	158	158	33384	33384	123125	123125	34	34	22	22	99	99	85	85	238	238	139	139	468	468	385	385	312	312	157	157	96	96	376	376	499	499	307	307	1690	1690	77	77	12	12	127	127	174	174	67	67
IND00173	708	708	825	825	8863	8863	4706	4706	7946	7946	10161	10161	166	166	270	270	82	82	108	108	575	575	1983	1983	250	250	40	40	76	76	97	97	62	62	203	203	15	15	1	1	350	350	416	416	21	21	276	276	1962	1962	1740	1740	3910	3910	2422	2422	23	23	20	20	2241	2241	32543	32543	1419	1419	238	238	8	8	8	8	2766	2766	379	379	6830	6830	6715	6715	3242	3242	7049	7049	1620	1620	13339	13339	18	18	3	3	6569	6569	16006	16006	47	47	60	60	153	153	100	100	51	51	115	115	1571	1571	988	988	357	357	482	482	7	7	3	3	11	11	168	168	5721	5721	6212	6212	828	828	1984	1984	468	468	1993	1993	32085	32085	7934	7934	16677	16677	11159	11159	26194	26194	4060	4060	277	277	982	982	115	115	591	591	92792	92792	8124	8124	64	64	57	57	84	84	173	173	225	225	184	184	257	257	467	467	242	242	151	151	334	334	311	311	261	261	29	29	1956	1956	718	718	58	58	74	74	79	79	213	213
IND00174	812	812	741	741	10731	10731	11401	11401	8484	8484	6494	6494	202	202	305	305	67	67	112	112	8	8	1041	1041	252	252	187	187	118	118	51	51	175	175	185	185	6	6	13	13	171	171	452	452	124	124	491	491	1841	1841	1637	1637	4073	4073	692	692	23	23	5	5	59782	59782	86671	86671	2002	2002	386	386	2	2	5	5	1237	1237	2126	2126	5914	5914	3470	3470	7014	7014	5494	5494	14359	14359	1121	1121	3	3	19	19	27871	27871	20808	20808	108	108	27	27	32	32	228	228	135	135	217	217	294	294	144	144	241	241	26	26	4	4	7	7	140	140	40	40	1841	1841	1982	1982	2010	2010	2403	2403	2633	2633	1914	1914	8119	8119	10332	10332	24387	24387	32554	32554	12850	12850	31945	31945	509	509	24	24	166	166	1014	1014	118345	118345	73068	73068	46	46	62	62	71	71	83	83	508	508	362	362	1	1	417	417	123	123	238	238	142	142	155	155	30	30	475	475	1755	1755	867	867	92	92	22	22	125	125	158	158
IND00175	892	892	33	33	16061	16061	3558	3558	12624	12624	7660	7660	150	150	254	254	14	14	19	19	719	719	133	133	91	91	126	126	35	35	45	45	158	158	72	72	13	13	12	12	48	48	90	90	224	224	340	340	1438	1438	1133	1133	1887	1887	1579	1579	1	1	14	14	67484	67484	22539	22539	322	322	1742	1742	5	5	1	1	2233	2233	2606	2606	5783	5783	7337	7337	4082	4082	7114	7114	4537	4537	5330	5330	1	1	9	9	23436	23436	13468	13468	127	127	108	108	182	182	41	41	180	180	149	149	2023	2023	1667	1667	108	108	344	344	3	3	4	4	186	186	254	254	899	899	232	232	2492	2492	2796	2796	1842	1842	3495	3495	19181	19181	11049	11049	11624	11624	18881	18881	6648	6648	26307	26307	442	442	360	360	187	187	634	634	19609	19609	127867	127867	49	49	53	53	233	233	227	227	56	56	75	75	260	260	233	233	38	38	317	317	274	274	81	81	62	62	73	73	1372	1372	1860	1860	44	44	42	42	12	12	147	147
IND00176	632	632	32	32	437	437	781	781	5013	5013	14112	14112	13	13	276	276	30	30	113	113	1618	1618	1465	1465	188	188	195	195	111	111	16	16	39	39	226	226	12	12	16	16	287	287	339	339	237	237	216	216	686	686	1708	1708	372	372	3243	3243	23	23	10	10	89172	89172	97156	97156	1765	1765	691	691	7	7	2	2	1297	1297	229	229	5937	5937	4371	4371	5647	5647	3356	3356	13484	13484	6905	6905	21	21	2	2	14684	14684	5631	5631	51	51	72	72	191	191	84	84	88	88	22	22	11	11	243	243	285	285	625	625	5	5	4	4	241	241	137	137	7562	7562	6270	6270	1547	1547	2618	2618	3327	3327	2353	2353	7212	7212	11455	11455	13393	13393	20551	20551	4216	4216	12672	12672	150	150	567	567	352	352	456	456	68038	68038	3443	3443	60	60	43	43	125	125	67	67	290	290	127	127	208	208	84	84	317	317	474	474	423	423	125	125	285	285	60	60	224	224	86	86	29	29	1	1	233	233	240	240
IND00177	963	963	193	193	8207	8207	13132	13132	14809	14809	7393	7393	475	475	260	260	79	79	11	11	300	300	1660	1660	75	75	127	127	109	109	62	62	180	180	18	18	9	9	13	13	496	496	77	77	396	396	280	280	1713	1713	1950	1950	5	5	3086	3086	11	11	10	10	42665	42665	43283	43283	30	30	182	182	4	4	1	1	2555	2555	307	307	1910	1910	6434	6434	718	718	5674	5674	2255	2255	14387	14387	30	30	14	14	30139	30139	18913	18913	78	78	64	64	67	67	17	17	254	254	254	254	121	121	1034	1034	514	514	48	48	3	3	5	5	193	193	178	178	5655	5655	6061	6061	3774	3774	3031	3031	3350	3350	1971	1971	18728	18728	19534	19534	15316	15316	17909	17909	1421	1421	2155	2155	932	932	581	581	740	740	451	451	129201	129201	76442	76442	3	3	59	59	216	216	20	20	331	331	69	69	162	162	65	65	161	161	468	468	63	63	284	284	168	168	439	439	101	101	1095	1095	122	122	16	16	176	176	111	111
IND00178	788	788	473	473	4079	4079	15290	15290	3004	3004	4586	4586	476	476	403	403	81	81	97	97	1465	1465	1372	1372	153	153	140	140	91	91	39	39	233	233	223	223	11	11	12	12	411	411	402	402	1	1	240	240	473	473	1649	1649	1478	1478	315	315	14	14	19	19	32983	32983	72750	72750	865	865	2002	2002	6	6	6	6	3091	3091	423	423	4918	4918	660	660	5876	5876	3886	3886	4527	4527	14670	14670	9	9	12	12	25729	25729	12184	12184	91	91	86	86	216	216	161	161	122	122	217	217	677	677	927	927	800	800	107	107	1	1	7	7	96	96	44	44	5274	5274	2937	2937	91	91	1002	1002	156	156	3377	3377	3824	3824	12935	12935	374	374	29626	29626	7401	7401	11765	11765	854	854	760	760	605	605	917	917	96659	96659	102768	102768	13	13	13	13	131	131	28	28	363	363	210	210	155	155	139	139	373	373	381	381	183	183	299	299	250	250	477	477	2001	2001	1118	1118	120	120	89	89	256	256	248	248
IND00179	485	485	952	952	3578	3578	9588	9588	13677	13677	7937	7937	505	505	59	59	66	66	41	41	203	203	1579	1579	179	179	26	26	123	123	58	58	79	79	100	100	10	10	8	8	164	164	132	132	179	179	191	191	207	207	745	745	2162	2162	1769	1769	15	15	31	31	108750	108750	70992	70992	576	576	383	383	5	5	2	2	373	373	1163	1163	8034	8034	5394	5394	7329	7329	2430	2430	8645	8645	7129	7129	19	19	32	32	7030	7030	31538	31538	78	78	4	4	132	132	28	28	131	131	70	70	49	49	1940	1940	582	582	777	777	8	8	5	5	138	138	186	186	7570	7570	2517	2517	2114	2114	685	685	3830	3830	1379	1379	4958	4958	13540	13540	14019	14019	11561	11561	24685	24685	31492	31492	58	58	275	275	172	172	304	304	11283	11283	83180	83180	44	44	59	59	193	193	146	146	127	127	46	46	73	73	182	182	441	441	189	189	378	378	265	265	392	392	343	343	123	123	1593	1593	85	85	112	112	28	28	102	102
IND00180	227	227	310	310	10416	10416	6387	6387	6476	6476	11049	11049	416	416	264	264	60	60	120	120	1651	1651	716	716	133	133	217	217	117	117	85	85	59	59	230	230	3	3	7	7	461	461	51	51	502	502	423	423	1075	1075	1647	1647	3326	3326	580	580	15	15	7	7	130162	130162	24105	24105	1583	1583	132	132	6	6	3	3	773	773	1892	1892	3154	3154	660	660	5823	5823	2116	2116	492	492	14044	14044	9	9	26	26	6799	6799	6756	6756	70	70	97	97	179	179	194	194	20	20	236	236	845	845	1648	1648	989	989	131	131	2	2	1	1	39	39	110	110	4802	4802	3607	3607	3702	3702	2286	2286	1242	1242	1629	1629	30129	30129	26732	26732	20410	20410	17149	17149	494	494	12546	12546	619	619	856	856	837	837	583	583	109293	109293	48460	48460	33	33	47	47	6	6	42	42	319	319	278	278	488	488	170	170	204	204	491	491	326	326	183	183	126	126	314	314	1515	1515	957	957	119	119	116	116	203	203	141	141
IND00181	50	50	865	865	16273	16273	11000	11000	5937	5937	7072	7072	181	181	74	74	94	94	38	38	116	116	1908	1908	231	231	123	123	114	114	78	78	245	245	238	238	14	14	3	3	418	418	58	58	470	470	359	359	1391	1391	875	875	2321	2321	2414	2414	9	9	17	17	30827	30827	15095	15095	177	177	1487	1487	2	2	3	3	643	643	3814	3814	3613	3613	1098	1098	1058	1058	193	193	9708	9708	7497	7497	10	10	1	1	17952	17952	7240	7240	9	9	104	104	125	125	3	3	231	231	114	114	931	931	45	45	206	206	397	397	2	2	4	4	196	196	137	137	3656	3656	7520	7520	567	567	1988	1988	360	360	3690	3690	14369	14369	5234	5234	19542	19542	9709	9709	32663	32663	7857	7857	827	827	674	674	714	714	374	374	5135	5135	98302	98302	64	64	39	39	81	81	86	86	149	149	320	320	504	504	320	320	132	132	476	476	316	316	244	244	350	350	273	273	1625	1625	497	497	54	54	84	84	25	25	62	62
IND00182	894	894	102	102	8523	8523	9739	9739	10406	10406	10648	10648	309	309	493	493	42	42	59	59	1168	1168	857	857	112	112	42	42	107	107	48	48	134	134	90	90	6	6	8	8	76	76	404	404	369	369	216	216	761	761	1969	1969	593	593	1678	1678	32	32	32	32	7633	7633	105632	105632	1305	1305	1179	1179	3	3	2	2	921	921	3437	3437	2693	2693	2125	2125	207	207	8185	8185	6102	6102	4919	4919	1	1	29	29	31084	31084	8100	8100	94	94	2	2	76	76	212	212	45	45	253	253	961	961	46	46	169	169	670	670	2	2	5	5	187	187	116	116	4940	4940	1174	1174	1427	1427	1862	1862	4	4	2961	2961	19515	19515	29518	29518	7474	7474	30700	30700	17527	17527	1797	1797	85	85	536	536	619	619	757	757	63941	63941	29756	29756	1	1	50	50	13	13	130	130	330	330	498	498	34	34	23	23	231	231	267	267	195	195	157	157	264	264	65	65	1162	1162	1828	1828	121	121	49	49	62	62	54	54
IND00183	747	747	924	924	12706	12706	3872	3872	4312	4312	12782	12782	429	429	180	180	34	34	59	59	1439	1439	823	823	243	243	196	196	123	123	87	87	85	85	107	107	4	4	5	5	261	261	169	169	138	138	411	411	1840	1840	72	72	1162	1162	2333	2333	29	29	15	15	1091	1091	14498	14498	653	653	753	753	2	2	4	4	3638	3638	3452	3452	3763	3763	996	996	1761	1761	4231	4231	4931	4931	7864	7864	31	31	10	10	22207	22207	22655	22655	47	47	35	35	236	236	133	133	230	230	35	35	897	897	564	564	55	55	889	889	1	1	5	5	26	26	182	182	1169	1169	4218	4218	913	913	449	449	1561	1561	436	436	649	649	8388	8388	3183	3183	13469	13469	23572	23572	7301	7301	57	57	764	764	1005	1005	975	975	68493	68493	38577	38577	42	42	48	48	115	115	110	110	374	374	472	472	160	160	118	118	333	333	428	428	45	45	501	501	209	209	426	426	894	894	77	77	58	58	59	59	165	165	163	163
IND00184	591	591	492	492	15636	15636	4810	4810	6932	6932	12930	12930	172	172	136	136	117	117	62	62	885	885	1483	1483	72	72	208	208	67	67	125	125	176	176	141	141	16	16	9	9	196	196	361	361	423	423	272	272	110	110	1585	1585	3208	3208	2681	2681	23	23	25	25	27941	27941	17550	17550	1091	1091	646	646	7	7	7	7	3993	3993	4028	4028	4173	4173	2152	2152	7330	7330	2998	2998	5173	5173	6192	6192	14	14	23	23	28296	28296	4709	4709	95	95	119	119	248	248	126	126	231	231	246	246	1341	1341	1839	1839	678	678	850	850	6	6	1	1	160	160	201	201	5300	5300	979	979	3385	3385	3174	3174	1931	1931	3241	3241	9109	9109	29072	29072	9616	9616	22508	22508	13534	13534	12448	12448	370	370	956	956	1010	1010	939	939	86006	86006	47521	47521	62	62	15	15	193	193	234	234	286	286	392	392	311	311	136	136	362	362	57	57	496	496	237	237	145	145	492	492	1525	1525	1732	1732	72	72	2	2	182	182	136	136
IND00185	276	276	934	934	5091	5091	8591	8591	7607	7607	13433	13433	485	485	209	209	6	6	64	64	523	523	2012	2012	84	84	4	4	35	35	9	9	184	184	24	24	8	8	8	8	482	482	176	176	76	76	359	359	1701	1701	1592	1592	3875	3875	3981	3981	26	26	24	24	74801	74801	65714	65714	1594	1594	1552	1552	4	4	6	6	3609	3609	2364	2364	1292	1292	1648	1648	4610	4610	5237	5237	2013	2013	3972	3972	17	17	30	30	14875	14875	6023	6023	103	103	71	71	251	251	61	61	216	216	95	95	656	656	1166	1166	81	81	984	984	1	1	1	1	237	237	129	129	7471	7471	1982	1982	607	607	1387	1387	2141	2141	1911	1911	9577	9577	21822	21822	31336	31336	26336	26336	16599	16599	21687	21687	327	327	749	749	280	280	185	185	129198	129198	19571	19571	6	6	6	6	225	225	225	225	138	138	132	132	370	370	409	409	445	445	242	242	215	215	312	312	100	100	290	290	517	517	951	951	103	103	34	34	243	243	139	139
IND00186	637	637	488	488	1366	1366	12092	12092	4367	4367	452	452	315	315	266	266	93	93	4	4	1666	1666	275	275	222	222	21	21	70	70	3	3	128	128	15	15	4	4	5	5	437	437	184	184	154	154	457	457	996	996	271	271	1686	1686	2747	2747	17	17	7	7	69839	69839	11632	11632	1203	1203	741	741	4	4	3	3	3174	3174	1779	1779	2956	2956	4662	4662	372	372	1922	1922	10840	10840	13523	13523	20	20	23	23	3824	3824	30957	30957	64	64	47	47	190	190	207	207	159	159	167	167	2034	2034	53	53	114	114	655	655	4	4	8	8	224	224	110	110	7716	7716	7879	7879	1515	1515	1115	1115	2387	2387	1012	1012	22308	22308	23041	23041	28895	28895	16752	16752	13240	13240	22300	22300	79	79	611	611	751	751	478	478	89277	89277	52048	52048	62	62	47	47	69	69	176	176	250	250	131	131	11	11	431	431	452	452	247	247	100	100	486	486	73	73	190	190	773	773	1498	1498	89	89	20	20	109	109	231	231
IND00187	1009	1009	490	490	9951	9951	1742	1742	6896	6896	16194	16194	143	143	255	255	99	99	39	39	413	413	1592	1592	191	191	6	6	86	86	93	93	105	105	34	34	7	7	10	10	229	229	44	44	382	382	164	164	1844	1844	1778	1778	397	397	3092	3092	25	25	6	6	88157	88157	46738	46738	321	321	1252	1252	7	7	4	4	3996	3996	1618	1618	3664	3664	2010	2010	2661	2661	5570	5570	12393	12393	3516	3516	19	19	32	32	6045	6045	25601	25601	61	61	120	120	66	66	241	241	112	112	57	57	1127	1127	1222	1222	550	550	99	99	7	7	6	6	63	63	49	49	6602	6602	5113	5113	1496	1496	1936	1936	868	868	2683	2683	17951	17951	24085	24085	29326	29326	32722	32722	25727	25727	266	266	424	424	923	923	863	863	676	676	102253	102253	35179	35179	56	56	43	43	77	77	245	245	99	99	483	483	4	4	142	142	69	69	2	2	426	426	10	10	283	283	508	508	824	824	1543	1543	87	87	17	17	53	53	92	92
IND00188	275	275	618	618	11957	11957	12551	12551	13020	13020	13082	13082	322	322	487	487	90	90	89	89	725	725	62	62	201	201	71	71	51	51	118	118	177	177	115	115	14	14	9	9	345	345	188	188	15	15	9	9	2035	2035	832	832	3746	3746	1226	1226	24	24	7	7	108188	108188	64439	64439	1632	1632	109	109	7	7	7	7	3469	3469	1487	1487	5093	5093	6763	6763	6081	6081	3526	3526	12334	12334	12821	12821	22	22	20	20	4906	4906	9110	9110	4	4	10	10	247	247	234	234	97	97	232	232	1821	1821	229	229	824	824	720	720	7	7	8	8	206	206	72	72	1561	1561	2554	2554	345	345	3116	3116	1977	1977	1439	1439	18275	18275	10192	10192	3041	3041	10718	10718	1083	1083	1449	1449	720	720	644	644	870	870	143	143	105043	105043	30575	30575	33	33	17	17	59	59	142	142	255	255	406	406	46	46	40	40	348	348	256	256	467	467	442	442	210	210	205	205	1931	1931	1960	1960	37	37	79	79	117	117	19	19
IND00189	5	5	395	395	8501	8501	201	201	13340	13340	4215	4215	58	58	472	472	114	114	70	70	945	945	1425	1425	227	227	170	170	96	96	17	17	37	37	226	226	15	15	16	16	489	489	457	457	280	280	465	465	1106	1106	240	240	1041	1041	3726	3726	23	23	26	26	31230	31230	9849	9849	817	817	1499	1499	7	7	5	5	2983	2983	3496	3496	2182	2182	1714	1714	7327	7327	5374	5374	1910	1910	13821	13821	23	23	13	13	5390	5390	7852	7852	92	92	64	64	110	110	255	255	114	114	140	140	1222	1222	791	791	495	495	423	423	8	8	6	6	117	117	152	152	2092	2092	429	429	1497	1497	1356	1356	1135	1135	1486	1486	29853	29853	3949	3949	14077	14077	23638	23638	23693	23693	6766	6766	788	788	711	711	967	967	764	764	30756	30756	68474	68474	20	20	19	19	120	120	175	175	86	86	370	370	119	119	93	93	188	188	138	138	408	408	273	273	468	468	94	94	527	527	208	208	128	128	90	90	43	43	153	153
IND00190	340	340	456	456	13566	13566	11114	11114	372	372	10229	10229	135	135	381	381	28	28	37	37	1439	1439	1612	1612	245	245	117	117	62	62	74	74	103	103	147	147	6	6	13	13	302	302	44	44	337	337	354	354	619	619	1498	1498	1211	1211	919	919	10	10	19	19	2743	2743	125468	125468	255	255	93	93	3	3	2	2	2456	2456	2181	2181	7273	7273	500	500	5759	5759	6251	6251	3433	3433	3305	3305	12	12	8	8	22191	22191	25666	25666	106	106	114	114	237	237	24	24	39	39	255	255	1040	1040	414	414	996	996	712	712	1	1	4	4	157	157	217	217	6050	6050	1747	1747	1178	1178	2842	2842	712	712	212	212	6196	6196	23123	23123	13359	13359	15441	15441	20494	20494	5979	5979	707	707	28	28	753	753	443	443	23157	23157	40143	40143	35	35	40	40	232	232	213	213	204	204	101	101	309	309	469	469	131	131	80	80	464	464	477	477	432	432	239	239	536	536	2047	2047	94	94	72	72	21	21	99	99
IND00191	805	805	534	534	2436	2436	16100	16100	12609	12609	5597	5597	69	69	209	209	79	79	8	8	103	103	1020	1020	161	161	165	165	84	84	6	6	75	75	78	78	7	7	1	1	207	207	388	388	140	140	82	82	1222	1222	1226	1226	1908	1908	572	572	29	29	18	18	118317	118317	95054	95054	14	14	1448	1448	4	4	7	7	582	582	1142	1142	60	60	1663	1663	5238	5238	3773	3773	3599	3599	11840	11840	16	16	30	30	14487	14487	4150	4150	25	25	113	113	169	169	167	167	118	118	126	126	755	755	1318	1318	352	352	855	855	3	3	8	8	120	120	180	180	7993	7993	7264	7264	944	944	3413	3413	386	386	3836	3836	17975	17975	11287	11287	24953	24953	25236	25236	28790	28790	11201	11201	565	565	430	430	660	660	908	908	102900	102900	6096	6096	23	23	12	12	176	176	99	99	475	475	235	235	459	459	379	379	212	212	172	172	172	172	308	308	23	23	511	511	1025	1025	1838	1838	91	91	61	61	126	126	236	236
IND00192	765	765	491	491	3774	3774	747	747	2721	2721	15992	15992	401	401	170	170	21	21	112	112	490	490	244	244	125	125	210	210	70	70	33	33	67	67	28	28	8	8	6	6	284	284	240	240	375	375	302	302	599	599	1511	1511	302	302	3761	3761	13	13	10	10	2143	2143	96423	96423	1395	1395	846	846	3	3	5	5	2810	2810	1651	1651	6640	6640	3882	3882	4236	4236	2423	2423	1291	1291	3990	3990	4	4	5	5	9186	9186	22812	22812	126	126	88	88	205	205	164	164	18	18	178	178	1877	1877	1157	1157	152	152	277	277	6	6	6	6	89	89	245	245	3410	3410	2187	2187	2083	2083	2234	2234	874	874	504	504	26173	26173	22854	22854	17548	17548	24443	24443	22409	22409	31129	31129	186	186	607	607	687	687	792	792	103318	103318	26054	26054	26	26	16	16	72	72	103	103	221	221	487	487	128	128	393	393	377	377	56	56	135	135	330	330	439	439	147	147	172	172	29	29	75	75	62	62	240	240	88	88
IND00193	536	536	169	169	14478	14478	10717	10717	8300	8300	3897	3897	502	502	336	336	14	14	57	57	1822	1822	1676	1676	51	51	94	94	101	101	119	119	21	21	211	211	12	12	6	6	79	79	279	279	473	473	35	35	469	469	1505	1505	1033	1033	3434	3434	19	19	21	21	116407	116407	1120	1120	611	611	1372	1372	5	5	4	4	3984	3984	2129	2129	4878	4878	7106	7106	8003	8003	3520	3520	8717	8717	7548	7548	18	18	13	13	30688	30688	9765	9765	5	5	101	101	6	6	114	114	81	81	128	128	1847	1847	122	122	833	833	847	847	6	6	4	4	136	136	182	182	2515	2515	6647	6647	436	436	239	239	2513	2513	3644	3644	23141	23141	31676	31676	9009	9009	25644	25644	9814	9814	7743	7743	569	569	290	290	921	921	768	768	98569	98569	33405	33405	45	45	39	39	37	37	164	164	267	267	312	312	246	246	398	398	367	367	16	16	296	296	496	496	117	117	270	270	187	187	809	809	97	97	42	42	68	68	94	94
IND00194	931	931	214	214	1244	1244	10077	10077	1656	1656	5956	5956	508	508	199	199	120	120	33	33	398	398	2031	2031	155	155	144	144	37	37	35	35	160	160	68	68	15	15	2	2	27	27	349	349	250	250	319	319	1910	1910	806	806	3521	3521	3847	3847	22	22	23	23	68652	68652	18438	18438	1937	1937	228	228	1	1	1	1	3551	3551	3623	3623	6018	6018	4623	4623	3819	3819	1289	1289	13097	13097	6597	6597	11	11	10	10	7650	7650	8544	8544	38	38	62	62	24	24	190	190	14	14	197	197	717	717	1057	1057	81	81	471	471	5	5	7	7	45	45	245	245	2092	2092	7962	7962	2539	2539	850	850	3668	3668	409	409	5719	5719	31301	31301	1723	1723	28666	28666	12246	12246	18574	18574	304	304	922	922	674	674	699	699	58961	58961	114187	114187	8	8	16	16	240	240	198	198	221	221	220	220	465	465	387	387	40	40	2	2	149	149	382	382	45	45	111	111	2042	2042	1342	1342	49	49	36	36	8	8	58	58
IND00195	79	79	812	812	2363	2363	13362	13362	1930	1930	3645	3645	162	162	176	176	57	57	72	72	78	78	145	145	79	79	253	253	13	13	119	119	113	113	127	127	4	4	9	9	487	487	410	410	393	393	501	501	810	810	427	427	907	907	3098	3098	14	14	29	29	893	893	9864	9864	1638	1638	1316	1316	5	5	4	4	365	365	3523	3523	7036	7036	334	334	2237	2237	4640	4640	13846	13846	14282	14282	7	7	9	9	4795	4795	32414	32414	62	62	5	5	250	250	220	220	19	19	189	189	1051	1051	670	670	779	779	241	241	7	7	6	6	231	231	129	129	7907	7907	8017	8017	12	12	3661	3661	1278	1278	2679	2679	5799	5799	13371	13371	25937	25937	21159	21159	18076	18076	1173	1173	393	393	855	855	878	878	242	242	100622	100622	64515	64515	50	50	35	35	110	110	65	65	2	2	21	21	167	167	449	449	337	337	390	390	45	45	358	358	360	360	108	108	1997	1997	740	740	54	54	59	59	136	136	215	215
IND00196	304	304	248	248	8753	8753	1513	1513	15472	15472	3778	3778	196	196	355	355	119	119	53	53	84	84	756	756	82	82	120	120	22	22	37	37	7	7	14	14	8	8	1	1	79	79	142	142	41	41	160	160	1721	1721	2041	2041	870	870	969	969	5	5	1	1	20310	20310	97741	97741	993	993	984	984	1	1	3	3	1554	1554	2940	2940	5087	5087	2171	2171	8010	8010	120	120	16290	16290	14912	14912	12	12	10	10	20964	20964	5267	5267	56	56	3	3	76	76	23	23	253	253	249	249	1217	1217	291	291	745	745	640	640	7	7	4	4	165	165	16	16	7492	7492	2623	2623	1502	1502	142	142	610	610	2262	2262	10405	10405	20698	20698	24024	24024	30099	30099	1352	1352	3545	3545	947	947	343	343	295	295	248	248	24523	24523	54312	54312	30	30	11	11	190	190	85	85	465	465	369	369	70	70	483	483	289	289	254	254	224	224	112	112	39	39	314	314	852	852	1765	1765	7	7	3	3	2	2	170	170
IND00197	197	197	191	191	9660	9660	12835	12835	972	972	11802	11802	425	425	178	178	115	115	57	57	1613	1613	1020	1020	40	40	174	174	23	23	122	122	211	211	55	55	9	9	7	7	121	121	399	399	54	54	2	2	1378	1378	271	271	2154	2154	2005	2005	21	21	29	29	57452	57452	54674	54674	1232	1232	1623	1623	1	1	1	1	2897	2897	2480	2480	2305	2305	294	294	3154	3154	874	874	14740	14740	1048	1048	24	24	18	18	18703	18703	4745	4745	13	13	112	112	242	242	253	253	243	243	133	133	1079	1079	84	84	531	531	286	286	3	3	4	4	201	201	173	173	7055	7055	599	599	2518	2518	1340	1340	1962	1962	1116	1116	24620	24620	17219	17219	21225	21225	16076	16076	16384	16384	4344	4344	326	326	151	151	499	499	415	415	67696	67696	61056	61056	20	20	14	14	230	230	154	154	400	400	469	469	298	298	197	197	448	448	130	130	466	466	315	315	61	61	322	322	1164	1164	10	10	60	60	105	105	243	243	221	221
IND00198	520	520	78	78	10582	10582	14818	14818	12315	12315	3759	3759	263	263	265	265	20	20	127	127	1756	1756	1872	1872	217	217	191	191	72	72	105	105	199	199	74	74	1	1	9	9	149	149	25	25	413	413	245	245	1244	1244	1125	1125	713	713	2538	2538	22	22	27	27	56530	56530	43228	43228	1050	1050	1940	1940	7	7	1	1	1243	1243	3008	3008	412	412	5977	5977	657	657	4181	4181	6129	6129	5731	5731	25	25	26	26	31108	31108	3702	3702	12	12	2	2	133	133	11	11	186	186	250	250	1946	1946	1118	1118	445	445	550	550	4	4	4	4	34	34	22	22	537	537	6657	6657	2955	2955	3719	3719	427	427	1654	1654	22729	22729	22799	22799	14859	14859	926	926	20702	20702	26770	26770	13	13	378	378	500	500	721	721	106141	106141	28728	28728	3	3	52	52	252	252	69	69	150	150	407	407	462	462	26	26	218	218	396	396	259	259	186	186	283	283	41	41	819	819	511	511	54	54	27	27	138	138	1	1
IND00199	206	206	68	68	2745	2745	15232	15232	8991	8991	7077	7077	493	493	259	259	77	77	52	52	569	569	1994	1994	256	256	232	232	99	99	52	52	197	197	111	111	15	15	7	7	41	41	453	453	198	198	293	293	1888	1888	986	986	2539	2539	1357	1357	14	14	9	9	92589	92589	765	765	218	218	1326	1326	2	2	5	5	3342	3342	828	828	5287	5287	775	775	3354	3354	7021	7021	9027	9027	14984	14984	15	15	29	29	32497	32497	12892	12892	77	77	70	70	248	248	153	153	233	233	206	206	611	611	1208	1208	714	714	850	850	7	7	4	4	157	157	218	218	7492	7492	316	316	3743	3743	474	474	1997	1997	244	244	27322	27322	16256	16256	12926	12926	24643	24643	21359	21359	17946	17946	598	598	179	179	380	380	222	222	62823	62823	72383	72383	14	14	23	23	18	18	69	69	337	337	193	193	93	93	435	435	402	402	224	224	167	167	64	64	344	344	469	469	1898	1898	1573	1573	76	76	27	27	73	73	238	238
IND00200	503	503	841	841	606	606	5330	5330	8810	8810	3810	3810	170	170	165	165	62	62	1	1	1874	1874	875	875	186	186	245	245	71	71	41	41	31	31	253	253	1	1	14	14	340	340	408	408	485	485	337	337	1757	1757	551	551	827	827	3817	3817	9	9	25	25	99290	99290	37096	37096	1498	1498	172	172	2	2	5	5	14	14	2583	2583	3328	3328	4920	4920	5451	5451	1374	1374	358	358	4003	4003	1	1	6	6	5137	5137	12276	12276	15	15	47	47	189	189	186	186	215	215	71	71	1468	1468	1971	1971	717	717	952	952	8	8	1	1	144	144	120	120	1969	1969	713	713	1297	1297	3064	3064	1663	1663	2617	2617	1270	1270	28321	28321	1664	1664	11783	11783	29921	29921	4838	4838	612	612	854	854	810	810	1005	1005	29802	29802	94623	94623	29	29	63	63	112	112	121	121	269	269	25	25	322	322	449	449	6	6	104	104	393	393	488	488	280	280	294	294	23	23	16	16	117	117	29	29	33	33	233	233
IND00201	170	170	173	173	12848	12848	525	525	6151	6151	14939	14939	143	143	379	379	103	103	14	14	253	253	245	245	155	155	48	48	20	20	110	110	212	212	205	205	14	14	2	2	506	506	222	222	34	34	352	352	1723	1723	1487	1487	2519	2519	2761	2761	22	22	1	1	62905	62905	60317	60317	356	356	2004	2004	6	6	2	2	951	951	1078	1078	6600	6600	3468	3468	4255	4255	5541	5541	6731	6731	15770	15770	32	32	32	32	23604	23604	2266	2266	104	104	57	57	134	134	21	21	79	79	246	246	229	229	1913	1913	705	705	692	692	2	2	4	4	142	142	152	152	5140	5140	4409	4409	3167	3167	3130	3130	883	883	956	956	7148	7148	3632	3632	31282	31282	239	239	9061	9061	23242	23242	936	936	914	914	807	807	609	609	125720	125720	114689	114689	39	39	30	30	12	12	196	196	11	11	387	387	313	313	486	486	189	189	299	299	91	91	161	161	38	38	155	155	919	919	1208	1208	113	113	36	36	232	232	9	9
IND00202	468	468	974	974	12786	12786	9986	9986	9639	9639	15883	15883	74	74	201	201	85	85	25	25	246	246	697	697	149	149	86	86	111	111	88	88	141	141	184	184	1	1	5	5	215	215	93	93	248	248	349	349	560	560	1514	1514	1848	1848	3971	3971	11	11	21	21	72754	72754	111526	111526	665	665	145	145	7	7	2	2	2665	2665	3980	3980	6935	6935	6784	6784	6840	6840	4770	4770	5664	5664	2405	2405	6	6	7	7	30487	30487	12608	12608	13	13	123	123	225	225	156	156	167	167	210	210	150	150	1489	1489	568	568	272	272	5	5	6	6	211	211	63	63	4205	4205	4306	4306	3572	3572	3316	3316	153	153	39	39	3460	3460	4548	4548	3581	3581	24344	24344	7769	7769	244	244	202	202	818	818	676	676	760	760	52861	52861	27431	27431	36	36	41	41	203	203	126	126	257	257	259	259	225	225	67	67	400	400	63	63	51	51	253	253	194	194	325	325	1808	1808	580	580	84	84	71	71	80	80	32	32
IND00203	987	987	161	161	6715	6715	9640	9640	10761	10761	8860	8860	287	287	261	261	63	63	84	84	1173	1173	41	41	173	173	151	151	84	84	41	41	71	71	116	116	5	5	13	13	178	178	65	65	72	72	253	253	155	155	1952	1952	3490	3490	3591	3591	20	20	11	11	46406	46406	13245	13245	920	920	346	346	6	6	4	4	235	235	3497	3497	4099	4099	3416	3416	1049	1049	5274	5274	2585	2585	1814	1814	9	9	12	12	3123	3123	15291	15291	74	74	6	6	115	115	245	245	72	72	6	6	1367	1367	1215	1215	195	195	369	369	2	2	2	2	213	213	8	8	4164	4164	2104	2104	1144	1144	1202	1202	3872	3872	2048	2048	23679	23679	9283	9283	14456	14456	30736	30736	18679	18679	24748	24748	304	304	967	967	736	736	268	268	15614	15614	93871	93871	64	64	35	35	99	99	86	86	80	80	326	326	5	5	128	128	440	440	221	221	405	405	151	151	227	227	363	363	438	438	126	126	92	92	32	32	163	163	147	147
IND00204	175	175	131	131	1416	1416	12995	12995	11595	11595	6273	6273	102	102	353	353	20	20	82	82	3	3	1696	1696	219	219	123	123	47	47	76	76	26	26	66	66	16	16	3	3	365	365	459	459	34	34	99	99	292	292	854	854	2960	2960	1834	1834	27	27	25	25	97520	97520	17354	17354	25	25	1896	1896	8	8	7	7	1957	1957	3000	3000	347	347	6245	6245	6049	6049	4983	4983	3411	3411	14033	14033	6	6	7	7	28331	28331	5297	5297	15	15	72	72	122	122	117	117	212	212	28	28	1494	1494	1782	1782	421	421	400	400	2	2	7	7	6	6	93	93	6786	6786	2901	2901	3637	3637	2689	2689	3041	3041	1323	1323	26284	26284	1521	1521	26704	26704	12219	12219	22800	22800	4365	4365	614	614	935	935	18	18	685	685	113055	113055	49563	49563	7	7	56	56	204	204	119	119	308	308	451	451	236	236	268	268	102	102	110	110	169	169	155	155	295	295	11	11	60	60	194	194	50	50	31	31	177	177	190	190
IND00205	148	148	168	168	10139	10139	8212	8212	4878	4878	12949	12949	206	206	476	476	82	82	14	14	1604	1604	180	180	166	166	254	254	31	31	9	9	110	110	193	193	7	7	16	16	193	193	103	103	4	4	161	161	1190	1190	72	72	1939	1939	2295	2295	13	13	14	14	22560	22560	109424	109424	1258	1258	1973	1973	7	7	1	1	1651	1651	2835	2835	7538	7538	5085	5085	6584	6584	5012	5012	2862	2862	12064	12064	28	28	22	22	20424	20424	29363	29363	6	6	79	79	31	31	77	77	143	143	64	64	1252	1252	1547	1547	191	191	872	872	2	2	6	6	16	16	78	78	505	505	3298	3298	2299	2299	347	347	2456	2456	1972	1972	10308	10308	6521	6521	30736	30736	18594	18594	15643	15643	1325	1325	600	600	568	568	512	512	905	905	29183	29183	30779	30779	54	54	42	42	112	112	214	214	335	335	492	492	442	442	32	32	152	152	290	290	46	46	188	188	11	11	437	437	609	609	1374	1374	114	114	89	89	252	252	163	163
IND00206	361	361	595	595	1840	1840	16338	16338	777	777	5105	5105	487	487	275	275	113	113	50	50	452	452	9	9	75	75	149	149	106	106	119	119	85	85	41	41	7	7	7	7	457	457	240	240	250	250	440	440	1250	1250	2001	2001	2524	2524	977	977	31	31	10	10	44904	44904	69960	69960	2001	2001	394	394	3	3	4	4	485	485	3522	3522	731	731	5999	5999	6107	6107	7817	7817	13760	13760	10645	10645	21	21	1	1	13542	13542	19660	19660	64	64	4	4	124	124	244	244	75	75	234	234	613	613	1443	1443	800	800	189	189	2	2	3	3	14	14	177	177	2177	2177	2482	2482	3311	3311	3855	3855	1155	1155	3570	3570	22715	22715	27616	27616	29430	29430	2785	2785	29972	29972	7947	7947	555	555	35	35	596	596	225	225	62179	62179	56975	56975	9	9	53	53	66	66	211	211	281	281	267	267	22	22	269	269	288	288	279	279	77	77	148	148	211	211	255	255	1088	1088	1193	1193	38	38	28	28	110	110	163	163
IND00207	415	415	512	512	7469	7469	1353	1353	4916	4916	9694	9694	274	274	492	492	54	54	38	38	1955	1955	490	490	176	176	51	51	20	20	12	12	179	179	236	236	6	6	7	7	120	120	291	291	141	141	125	125	1079	1079	65	65	1816	1816	240	240	28	28	13	13	60254	60254	26214	26214	1822	1822	1159	1159	2	2	7	7	2695	2695	2671	2671	5818	5818	7813	7813	856	856	2327	2327	2408	2408	10296	10296	4	4	7	7	14295	14295	7306	7306	7	7	116	116	129	129	228	228	247	247	77	77	1549	1549	1997	1997	617	617	703	703	7	7	4	4	139	139	214	214	6147	6147	818	818	425	425	3571	3571	422	422	2052	2052	14475	14475	29314	29314	28798	28798	23171	23171	8138	8138	30332	30332	190	190	759	759	886	886	101	101	39024	39024	10572	10572	50	50	50	50	234	234	237	237	404	404	66	66	427	427	343	343	96	96	45	45	350	350	146	146	368	368	392	392	386	386	732	732	80	80	23	23	73	73	250	250
IND00208	508	508	924	924	10418	10418	8056	8056	7114	7114	11422	11422	203	203	318	318	74	74	8	8	1922	1922	829	829	119	119	217	217	114	114	114	114	92	92	248	248	16	16	5	5	291	291	410	410	454	454	152	152	1011	1011	702	702	2185	2185	2804	2804	1	1	10	10	69870	69870	49275	49275	1949	1949	1906	1906	6	6	6	6	2012	2012	3424	3424	792	792	3338	3338	879	879	3681	3681	1477	1477	11258	11258	30	30	23	23	15695	15695	25230	25230	104	104	56	56	201	201	182	182	91	91	74	74	1627	1627	781	781	236	236	1011	1011	7	7	3	3	70	70	112	112	6980	6980	3842	3842	4007	4007	972	972	2799	2799	1937	1937	21709	21709	28796	28796	2885	2885	15987	15987	2773	2773	366	366	566	566	654	654	600	600	127	127	984	984	19590	19590	29	29	42	42	215	215	146	146	457	457	276	276	319	319	54	54	459	459	51	51	405	405	97	97	404	404	104	104	1414	1414	53	53	75	75	109	109	15	15	231	231
IND00209	202	202	265	265	13822	13822	3667	3667	2515	2515	8655	8655	387	387	46	46	71	71	101	101	170	170	1449	1449	53	53	124	124	25	25	56	56	244	244	179	179	7	7	4	4	139	139	413	413	128	128	208	208	1425	1425	453	453	2771	2771	2208	2208	16	16	11	11	106065	106065	77786	77786	1005	1005	1315	1315	6	6	5	5	3718	3718	3979	3979	1685	1685	3344	3344	3822	3822	4240	4240	8158	8158	10475	10475	18	18	24	24	25321	25321	5147	5147	110	110	87	87	175	175	173	173	22	22	107	107	195	195	282	282	659	659	842	842	6	6	2	2	128	128	130	130	5600	5600	4510	4510	824	824	3920	3920	44	44	212	212	32037	32037	13903	13903	23078	23078	20186	20186	10921	10921	4038	4038	191	191	616	616	299	299	8	8	119098	119098	54103	54103	27	27	20	20	40	40	207	207	444	444	346	346	304	304	60	60	503	503	209	209	307	307	276	276	196	196	414	414	889	889	718	718	88	88	2	2	126	126	224	224
IND00210	455	455	838	838	10820	10820	2041	2041	7314	7314	2877	2877	354	354	246	246	103	103	128	128	2027	2027	423	423	14	14	151	151	115	115	60	60	36	36	218	218	13	13	16	16	235	235	58	58	89	89	167	167	188	188	1140	1140	3697	3697	2805	2805	9	9	8	8	127269	127269	70267	70267	1967	1967	1920	1920	3	3	4	4	2933	2933	1036	1036	1527	1527	1285	1285	757	757	2587	2587	15132	15132	9379	9379	8	8	32	32	23669	23669	14140	14140	98	98	12	12	86	86	7	7	75	75	167	167	457	457	173	173	250	250	65	65	4	4	1	1	128	128	115	115	5333	5333	4935	4935	2691	2691	3392	3392	1664	1664	2758	2758	3520	3520	1232	1232	17749	17749	24960	24960	1228	1228	31861	31861	465	465	242	242	955	955	808	808	26936	26936	73111	73111	29	29	21	21	66	66	119	119	451	451	485	485	295	295	321	321	323	323	436	436	8	8	186	186	338	338	191	191	1043	1043	1096	1096	41	41	100	100	59	59	254	254
IND00211	494	494	422	422	14168	14168	10626	10626	6217	6217	12808	12808	504	504	237	237	89	89	5	5	625	625	529	529	149	149	205	205	2	2	17	17	115	115	23	23	11	11	12	12	193	193	244	244	179	179	342	342	1212	1212	1150	1150	2789	2789	3546	3546	13	13	7	7	80923	80923	52590	52590	1477	1477	1750	1750	2	2	6	6	2389	2389	3015	3015	1095	1095	487	487	5379	5379	1689	1689	3993	3993	1389	1389	9	9	20	20	21151	21151	16873	16873	100	100	17	17	78	78	179	179	32	32	165	165	1341	1341	1005	1005	854	854	591	591	4	4	8	8	152	152	63	63	6209	6209	6078	6078	1222	1222	3041	3041	1251	1251	379	379	13745	13745	24510	24510	3191	3191	25500	25500	6526	6526	32707	32707	5	5	520	520	72	72	543	543	123264	123264	27176	27176	12	12	29	29	37	37	159	159	348	348	257	257	310	310	178	178	371	371	87	87	356	356	232	232	81	81	456	456	1885	1885	1830	1830	97	97	97	97	187	187	14	14
IND00212	459	459	143	143	8103	8103	15001	15001	6197	6197	3162	3162	154	154	4	4	52	52	107	107	1780	1780	1894	1894	97	97	56	56	119	119	93	93	112	112	55	55	13	13	13	13	2	2	273	273	11	11	182	182	68	68	343	343	2354	2354	1618	1618	28	28	7	7	36250	36250	54713	54713	1470	1470	1148	1148	3	3	4	4	2584	2584	1482	1482	1728	1728	428	428	3275	3275	6967	6967	994	994	12075	12075	8	8	19	19	2390	2390	20650	20650	73	73	126	126	40	40	241	241	97	97	194	194	890	890	65	65	790	790	43	43	8	8	4	4	19	19	54	54	5758	5758	5197	5197	1273	1273	3330	3330	2868	2868	2443	2443	13606	13606	25531	25531	31943	31943	21035	21035	12284	12284	11030	11030	370	370	69	69	949	949	849	849	109024	109024	63333	63333	27	27	4	4	152	152	200	200	420	420	319	319	119	119	225	225	234	234	383	383	16	16	287	287	271	271	196	196	1452	1452	612	612	40	40	61	61	85	85	201	201
IND00213	754	754	101	101	14899	14899	8310	8310	12835	12835	10043	10043	216	216	217	217	107	107	58	58	1222	1222	1523	1523	31	31	233	233	92	92	43	43	111	111	189	189	4	4	14	14	476	476	6	6	400	400	228	228	2028	2028	566	566	1044	1044	1051	1051	24	24	32	32	99658	99658	27090	27090	1924	1924	694	694	6	6	5	5	3715	3715	3392	3392	5258	5258	4348	4348	2780	2780	4088	4088	6787	6787	6967	6967	30	30	24	24	6920	6920	16601	16601	113	113	7	7	75	75	122	122	14	14	129	129	783	783	1752	1752	983	983	745	745	1	1	3	3	170	170	236	236	1212	1212	1930	1930	1025	1025	3784	3784	1682	1682	8	8	20512	20512	23427	23427	5761	5761	16641	16641	23837	23837	19591	19591	1003	1003	113	113	950	950	695	695	79158	79158	7305	7305	16	16	54	54	71	71	236	236	105	105	155	155	17	17	247	247	346	346	362	362	471	471	215	215	504	504	363	363	1326	1326	1443	1443	25	25	108	108	167	167	42	42
IND00214	455	455	307	307	7771	7771	13160	13160	7047	7047	5032	5032	286	286	96	96	40	40	48	48	36	36	1944	1944	75	75	115	115	28	28	47	47	3	3	22	22	13	13	5	5	436	436	420	420	6	6	371	371	383	383	341	341	3161	3161	3893	3893	26	26	8	8	76540	76540	17638	17638	1217	1217	1076	1076	3	3	1	1	471	471	2678	2678	6086	6086	6036	6036	2778	2778	4324	4324	5777	5777	12917	12917	1	1	14	14	24580	24580	1388	1388	20	20	13	13	232	232	11	11	209	209	15	15	732	732	1246	1246	434	434	740	740	8	8	4	4	251	251	55	55	7975	7975	6894	6894	1423	1423	1628	1628	704	704	3369	3369	14348	14348	18873	18873	22761	22761	31262	31262	16084	16084	20055	20055	804	804	700	700	847	847	525	525	104884	104884	21314	21314	46	46	21	21	177	177	193	193	414	414	87	87	206	206	249	249	185	185	210	210	296	296	510	510	238	238	181	181	1056	1056	688	688	5	5	43	43	162	162	195	195
IND00215	255	255	724	724	4382	4382	5260	5260	13611	13611	15831	15831	77	77	507	507	113	113	49	49	1418	1418	769	769	114	114	225	225	9	9	96	96	255	255	87	87	12	12	6	6	22	22	96	96	463	463	64	64	1502	1502	391	391	1305	1305	26	26	25	25	3	3	5344	5344	99803	99803	50	50	131	131	1	1	2	2	1773	1773	2844	2844	1581	1581	5718	5718	4826	4826	4030	4030	1609	1609	6894	6894	32	32	12	12	5008	5008	10068	10068	25	25	10	10	47	47	113	113	205	205	101	101	786	786	311	311	211	211	641	641	2	2	2	2	199	199	97	97	6129	6129	6223	6223	1055	1055	72	72	833	833	3415	3415	19180	19180	6879	6879	145	145	14394	14394	1748	1748	28733	28733	852	852	907	907	439	439	849	849	118790	118790	89833	89833	49	49	63	63	214	214	17	17	437	437	267	267	185	185	52	52	42	42	34	34	203	203	452	452	373	373	283	283	263	263	47	47	19	19	107	107	24	24	75	75
IND00216	933	933	108	108	2091	2091	10967	10967	918	918	11977	11977	231	231	486	486	76	76	79	79	1070	1070	1426	1426	213	213	67	67	4	4	41	41	127	127	219	219	6	6	15	15	430	430	444	444	371	371	214	214	1772	1772	387	387	4032	4032	2236	2236	27	27	18	18	103294	103294	125004	125004	1279	1279	1367	1367	1	1	4	4	3134	3134	1645	1645	421	421	6871	6871	8047	8047	4456	4456	7143	7143	9832	9832	19	19	10	10	14836	14836	5777	5777	6	6	105	105	68	68	86	86	122	122	118	118	1787	1787	940	940	179	179	636	636	2	2	6	6	229	229	226	226	1023	1023	5139	5139	1840	1840	3184	3184	3366	3366	3707	3707	6443	6443	1509	1509	18177	18177	14020	14020	1333	1333	25105	25105	113	113	322	322	533	533	269	269	27666	27666	46602	46602	49	49	58	58	187	187	48	48	405	405	243	243	367	367	481	481	101	101	27	27	343	343	327	327	183	183	293	293	140	140	1977	1977	37	37	40	40	5	5	235	235
IND00217	748	748	741	741	4101	4101	14534	14534	15553	15553	12523	12523	244	244	387	387	70	70	91	91	1936	1936	1137	1137	133	133	60	60	29	29	116	116	159	159	139	139	3	3	14	14	179	179	120	120	221	221	277	277	816	816	1823	1823	1372	1372	1995	1995	21	21	3	3	95462	95462	39456	39456	1375	1375	1245	1245	7	7	1	1	790	790	565	565	139	139	920	920	4102	4102	7606	7606	6764	6764	13507	13507	22	22	32	32	27652	27652	10000	10000	83	83	94	94	121	121	43	43	101	101	141	141	1648	1648	327	327	41	41	824	824	3	3	2	2	175	175	140	140	7834	7834	2340	2340	2948	2948	3368	3368	3905	3905	1046	1046	27622	27622	8227	8227	17419	17419	29636	29636	6421	6421	3430	3430	168	168	361	361	51	51	556	556	63409	63409	57583	57583	52	52	46	46	246	246	242	242	293	293	133	133	167	167	39	39	29	29	428	428	75	75	198	198	143	143	510	510	33	33	1214	1214	49	49	63	63	22	22	130	130
IND00218	550	550	621	621	9782	9782	10777	10777	12352	12352	7052	7052	48	48	387	387	56	56	105	105	325	325	1360	1360	202	202	108	108	33	33	105	105	199	199	122	122	14	14	4	4	246	246	31	31	361	361	75	75	1873	1873	875	875	2743	2743	2901	2901	19	19	3	3	16352	16352	67956	67956	1836	1836	1167	1167	3	3	5	5	1428	1428	2207	2207	159	159	3477	3477	458	458	6791	6791	13361	13361	196	196	26	26	20	20	18794	18794	19684	19684	60	60	17	17	206	206	66	66	245	245	100	100	2014	2014	1599	1599	583	583	553	553	4	4	8	8	192	192	53	53	5436	5436	6445	6445	1332	1332	2601	2601	535	535	339	339	12605	12605	2857	2857	10504	10504	28966	28966	748	748	28111	28111	534	534	16	16	697	697	118	118	86741	86741	79647	79647	31	31	49	49	107	107	43	43	191	191	336	336	386	386	505	505	165	165	395	395	405	405	283	283	473	473	76	76	314	314	153	153	41	41	71	71	64	64	66	66
IND00219	174	174	31	31	8596	8596	8955	8955	13498	13498	3476	3476	73	73	202	202	33	33	108	108	1172	1172	2038	2038	244	244	49	49	20	20	126	126	239	239	137	137	8	8	2	2	468	468	50	50	412	412	280	280	169	169	421	421	2467	2467	3317	3317	1	1	1	1	117349	117349	86378	86378	1076	1076	855	855	1	1	1	1	312	312	2538	2538	6771	6771	1503	1503	1805	1805	6693	6693	13122	13122	6169	6169	12	12	11	11	32452	32452	5807	5807	128	128	5	5	104	104	171	171	39	39	163	163	146	146	957	957	678	678	105	105	5	5	2	2	95	95	1	1	1433	1433	420	420	376	376	1774	1774	58	58	1374	1374	22069	22069	11818	11818	1154	1154	17632	17632	27741	27741	14074	14074	735	735	80	80	899	899	11	11	116436	116436	82510	82510	36	36	57	57	100	100	96	96	404	404	448	448	400	400	122	122	299	299	290	290	111	111	155	155	458	458	271	271	975	975	1998	1998	13	13	13	13	88	88	251	251
IND00220	249	249	50	50	7634	7634	4150	4150	7246	7246	3181	3181	141	141	46	46	1	1	6	6	1300	1300	1151	1151	130	130	216	216	102	102	60	60	89	89	28	28	11	11	1	1	56	56	400	400	205	205	295	295	866	866	1469	1469	3562	3562	3919	3919	28	28	5	5	55713	55713	1669	1669	1619	1619	1014	1014	7	7	4	4	276	276	2790	2790	6925	6925	3251	3251	6269	6269	6246	6246	12233	12233	3098	3098	16	16	1	1	31146	31146	21966	21966	34	34	99	99	105	105	45	45	40	40	239	239	1670	1670	705	705	787	787	12	12	8	8	3	3	71	71	29	29	6317	6317	6503	6503	3402	3402	2804	2804	1345	1345	363	363	6721	6721	25758	25758	20360	20360	30991	30991	10973	10973	6586	6586	832	832	977	977	930	930	761	761	58799	58799	97338	97338	23	23	17	17	76	76	15	15	87	87	188	188	435	435	43	43	409	409	175	175	80	80	25	25	321	321	34	34	1212	1212	1713	1713	8	8	47	47	102	102	86	86
IND00221	765	765	842	842	1599	1599	5630	5630	9063	9063	6795	6795	224	224	273	273	128	128	80	80	1207	1207	1793	1793	69	69	155	155	123	123	108	108	178	178	16	16	6	6	13	13	247	247	170	170	112	112	156	156	506	506	1420	1420	2475	2475	2366	2366	29	29	22	22	25818	25818	105558	105558	1759	1759	157	157	2	2	4	4	3991	3991	514	514	2809	2809	1108	1108	7469	7469	933	933	10811	10811	3520	3520	24	24	31	31	20740	20740	31604	31604	101	101	46	46	25	25	157	157	181	181	52	52	748	748	1357	1357	364	364	77	77	8	8	2	2	82	82	172	172	1178	1178	4393	4393	1801	1801	3246	3246	3116	3116	1478	1478	21820	21820	8755	8755	25764	25764	20398	20398	30005	30005	5752	5752	38	38	474	474	701	701	769	769	67583	67583	61368	61368	8	8	12	12	108	108	125	125	47	47	123	123	324	324	219	219	393	393	317	317	121	121	101	101	310	310	502	502	1685	1685	294	294	44	44	93	93	160	160	252	252
IND00222	157	157	427	427	5442	5442	16191	16191	3219	3219	15300	15300	100	100	491	491	61	61	90	90	368	368	367	367	82	82	63	63	72	72	29	29	5	5	182	182	1	1	12	12	107	107	343	343	384	384	143	143	1427	1427	1890	1890	3207	3207	3130	3130	16	16	1	1	80373	80373	101245	101245	358	358	2041	2041	3	3	2	2	2263	2263	3323	3323	6695	6695	6848	6848	6417	6417	708	708	4539	4539	6875	6875	14	14	28	28	6828	6828	29851	29851	7	7	37	37	209	209	180	180	138	138	232	232	1297	1297	1654	1654	416	416	417	417	3	3	4	4	178	178	231	231	1227	1227	3513	3513	1160	1160	1421	1421	3082	3082	3698	3698	23656	23656	30248	30248	4748	4748	18680	18680	15344	15344	24546	24546	2	2	978	978	650	650	782	782	86411	86411	22426	22426	51	51	45	45	213	213	3	3	354	354	364	364	8	8	488	488	112	112	159	159	391	391	168	168	135	135	218	218	1223	1223	1194	1194	57	57	98	98	241	241	23	23
IND00223	148	148	712	712	9563	9563	2644	2644	9857	9857	5561	5561	47	47	333	333	96	96	18	18	1689	1689	790	790	117	117	176	176	25	25	45	45	44	44	251	251	2	2	11	11	196	196	411	411	290	290	259	259	371	371	2010	2010	2681	2681	2684	2684	14	14	20	20	23828	23828	38964	38964	534	534	694	694	6	6	3	3	2181	2181	2724	2724	5284	5284	275	275	2731	2731	7939	7939	3634	3634	15370	15370	31	31	12	12	20592	20592	10119	10119	119	119	26	26	233	233	5	5	186	186	171	171	717	717	893	893	237	237	398	398	1	1	6	6	221	221	220	220	7181	7181	3467	3467	3966	3966	2582	2582	3553	3553	1645	1645	7233	7233	7543	7543	14572	14572	28673	28673	31438	31438	25205	25205	659	659	250	250	150	150	189	189	76767	76767	121694	121694	55	55	35	35	234	234	9	9	10	10	315	315	399	399	290	290	72	72	123	123	213	213	364	364	353	353	383	383	1016	1016	284	284	87	87	87	87	174	174	127	127
IND00224	20	20	313	313	13538	13538	9009	9009	7710	7710	15472	15472	427	427	13	13	60	60	79	79	1351	1351	1657	1657	2	2	129	129	67	67	32	32	71	71	29	29	4	4	2	2	95	95	502	502	17	17	242	242	1484	1484	1898	1898	2000	2000	889	889	7	7	30	30	99315	99315	112771	112771	100	100	745	745	7	7	3	3	1115	1115	3104	3104	3233	3233	4142	4142	1095	1095	984	984	5492	5492	7534	7534	31	31	21	21	6125	6125	7458	7458	123	123	25	25	159	159	104	104	122	122	98	98	1743	1743	1911	1911	848	848	568	568	1	1	1	1	228	228	250	250	4503	4503	3126	3126	300	300	585	585	693	693	2379	2379	19955	19955	10323	10323	22168	22168	30339	30339	16787	16787	17821	17821	270	270	918	918	700	700	816	816	124231	124231	20956	20956	56	56	20	20	132	132	166	166	371	371	310	310	232	232	152	152	44	44	5	5	171	171	53	53	216	216	74	74	1668	1668	1783	1783	48	48	19	19	189	189	184	184
IND00225	54	54	937	937	13529	13529	6757	6757	5996	5996	12330	12330	35	35	495	495	47	47	111	111	328	328	592	592	46	46	129	129	32	32	20	20	175	175	249	249	4	4	5	5	172	172	78	78	294	294	434	434	813	813	76	76	998	998	1332	1332	11	11	9	9	78305	78305	97717	97717	298	298	513	513	3	3	8	8	2812	2812	3920	3920	116	116	2926	2926	2513	2513	1852	1852	7181	7181	1061	1061	10	10	21	21	23798	23798	4100	4100	64	64	50	50	153	153	46	46	185	185	126	126	1678	1678	621	621	318	318	721	721	3	3	1	1	96	96	207	207	3461	3461	4920	4920	596	596	1321	1321	1235	1235	3692	3692	6608	6608	9092	9092	10785	10785	29265	29265	22869	22869	28945	28945	520	520	116	116	753	753	461	461	128104	128104	13587	13587	2	2	30	30	249	249	254	254	192	192	233	233	233	233	61	61	264	264	149	149	277	277	298	298	199	199	82	82	1178	1178	141	141	125	125	84	84	45	45	255	255
IND00226	552	552	923	923	7053	7053	15780	15780	1676	1676	13661	13661	387	387	136	136	43	43	13	13	353	353	1457	1457	113	113	165	165	55	55	70	70	234	234	86	86	7	7	2	2	296	296	463	463	179	179	444	444	137	137	498	498	1019	1019	1669	1669	14	14	1	1	29110	29110	23656	23656	1901	1901	351	351	6	6	5	5	308	308	2034	2034	5955	5955	2633	2633	4048	4048	4846	4846	4316	4316	11613	11613	13	13	9	9	22344	22344	21796	21796	126	126	36	36	116	116	194	194	1	1	252	252	151	151	1121	1121	375	375	368	368	1	1	7	7	130	130	215	215	6401	6401	3943	3943	3677	3677	3106	3106	3624	3624	3491	3491	4893	4893	32618	32618	30121	30121	31275	31275	24648	24648	8701	8701	395	395	753	753	603	603	199	199	28652	28652	33820	33820	26	26	49	49	191	191	41	41	104	104	395	395	30	30	1	1	72	72	301	301	337	337	280	280	345	345	143	143	343	343	1188	1188	112	112	103	103	19	19	144	144
IND00227	80	80	514	514	12104	12104	16050	16050	9420	9420	4441	4441	217	217	435	435	9	9	66	66	789	789	81	81	117	117	199	199	110	110	56	56	43	43	134	134	11	11	12	12	422	422	418	418	270	270	154	154	503	503	1802	1802	1549	1549	833	833	27	27	14	14	40	40	49502	49502	1231	1231	2005	2005	5	5	7	7	1610	1610	1634	1634	7184	7184	6388	6388	4433	4433	8111	8111	4061	4061	13376	13376	17	17	32	32	30172	30172	11204	11204	127	127	36	36	46	46	161	161	138	138	6	6	1942	1942	148	148	328	328	731	731	2	2	1	1	89	89	158	158	6053	6053	6413	6413	838	838	3500	3500	340	340	445	445	22012	22012	21257	21257	21908	21908	31426	31426	31776	31776	24801	24801	730	730	435	435	617	617	525	525	89636	89636	84458	84458	49	49	46	46	176	176	212	212	348	348	54	54	428	428	447	447	135	135	326	326	62	62	365	365	50	50	36	36	447	447	824	824	102	102	35	35	81	81	54	54
IND00228	837	837	223	223	9322	9322	3974	3974	14976	14976	11418	11418	500	500	37	37	40	40	43	43	2034	2034	2000	2000	231	231	34	34	6	6	120	120	228	228	256	256	8	8	9	9	29	29	36	36	167	167	327	327	39	39	1904	1904	1318	1318	2224	2224	12	12	28	28	65369	65369	107893	107893	325	325	1488	1488	1	1	6	6	1084	1084	1892	1892	2442	2442	1686	1686	447	447	6089	6089	5788	5788	15034	15034	5	5	15	15	1805	1805	13200	13200	16	16	108	108	183	183	12	12	44	44	175	175	587	587	81	81	864	864	494	494	8	8	2	2	119	119	179	179	873	873	2435	2435	1908	1908	2902	2902	528	528	176	176	6593	6593	7869	7869	30554	30554	8007	8007	3417	3417	17119	17119	598	598	54	54	922	922	178	178	107969	107969	71883	71883	8	8	62	62	210	210	159	159	428	428	315	315	122	122	303	303	31	31	34	34	502	502	331	331	25	25	107	107	65	65	708	708	85	85	13	13	79	79	245	245
IND00229	322	322	395	395	2314	2314	3067	3067	5259	5259	5186	5186	239	239	179	179	69	69	35	35	811	811	469	469	180	180	178	178	92	92	39	39	170	170	248	248	12	12	12	12	173	173	204	204	181	181	358	358	1684	1684	266	266	1339	1339	3728	3728	7	7	8	8	38560	38560	19641	19641	1891	1891	1644	1644	2	2	6	6	1427	1427	1415	1415	1810	1810	5686	5686	7947	7947	4597	4597	12035	12035	682	682	6	6	11	11	9093	9093	28207	28207	45	45	84	84	98	98	181	181	130	130	21	21	439	439	855	855	942	942	525	525	5	5	5	5	36	36	36	36	7369	7369	2616	2616	1407	1407	3660	3660	1796	1796	3515	3515	16357	16357	8988	8988	21880	21880	27776	27776	667	667	11063	11063	364	364	603	603	738	738	330	330	70765	70765	35381	35381	59	59	40	40	96	96	84	84	222	222	35	35	313	313	133	133	480	480	229	229	498	498	100	100	68	68	97	97	1278	1278	1228	1228	98	98	60	60	251	251	254	254
IND00230	251	251	927	927	14457	14457	3310	3310	1407	1407	11187	11187	426	426	241	241	20	20	124	124	738	738	1111	1111	103	103	106	106	42	42	80	80	121	121	120	120	11	11	2	2	326	326	3	3	65	65	299	299	1810	1810	215	215	1148	1148	647	647	30	30	22	22	122994	122994	90314	90314	2	2	771	771	6	6	7	7	2358	2358	253	253	2678	2678	982	982	5250	5250	5496	5496	2810	2810	9891	9891	23	23	24	24	12499	12499	30801	30801	89	89	66	66	182	182	75	75	104	104	71	71	954	954	1204	1204	157	157	793	793	7	7	3	3	161	161	143	143	6144	6144	4943	4943	3980	3980	1265	1265	2783	2783	1660	1660	4651	4651	21477	21477	27829	27829	7326	7326	9373	9373	23695	23695	614	614	762	762	587	587	23	23	9042	9042	54717	54717	21	21	46	46	167	167	40	40	167	167	263	263	503	503	385	385	83	83	84	84	116	116	385	385	28	28	209	209	1149	1149	1556	1556	55	55	110	110	4	4	175	175
IND00231	292	292	180	180	4682	4682	11060	11060	12790	12790	16198	16198	383	383	209	209	65	65	92	92	1793	1793	1387	1387	127	127	29	29	39	39	52	52	26	26	208	208	5	5	12	12	285	285	359	359	434	434	46	46	220	220	1648	1648	1826	1826	2807	2807	20	20	11	11	128481	128481	34185	34185	737	737	1906	1906	5	5	1	1	2306	2306	1081	1081	7536	7536	5809	5809	7793	7793	492	492	4745	4745	758	758	13	13	16	16	960	960	27471	27471	88	88	17	17	215	215	170	170	148	148	12	12	33	33	895	895	649	649	826	826	8	8	6	6	75	75	212	212	7391	7391	3300	3300	2429	2429	1528	1528	37	37	1268	1268	30589	30589	10074	10074	5334	5334	4172	4172	4380	4380	3188	3188	418	418	185	185	450	450	833	833	97060	97060	3879	3879	48	48	49	49	192	192	100	100	1	1	129	129	59	59	343	343	355	355	136	136	356	356	318	318	81	81	131	131	1394	1394	1111	1111	98	98	34	34	214	214	97	97
IND00232	794	794	1010	1010	588	588	9539	9539	9850	9850	3368	3368	365	365	129	129	110	110	46	46	874	874	587	587	62	62	76	76	60	60	125	125	208	208	88	88	8	8	10	10	440	440	175	175	482	482	358	358	1555	1555	1536	1536	717	717	1982	1982	11	11	29	29	27867	27867	7047	7047	1975	1975	1228	1228	5	5	6	6	3683	3683	1396	1396	7118	7118	6357	6357	3333	3333	5993	5993	6092	6092	6714	6714	21	21	8	8	19173	19173	24363	24363	3	3	37	37	251	251	117	117	79	79	24	24	1979	1979	359	359	575	575	961	961	3	3	5	5	145	145	126	126	3232	3232	7021	7021	3832	3832	2466	2466	2589	2589	3125	3125	9745	9745	5403	5403	13533	13533	28762	28762	30470	30470	14051	14051	951	951	830	830	1023	1023	529	529	17118	17118	93427	93427	15	15	52	52	41	41	116	116	246	246	97	97	175	175	81	81	464	464	202	202	468	468	368	368	262	262	239	239	1542	1542	1053	1053	54	54	12	12	157	157	176	176
IND00233	939	939	64	64	14586	14586	7682	7682	6859	6859	864	864	136	136	299	299	107	107	28	28	1275	1275	1254	1254	106	106	119	119	51	51	6	6	171	171	140	140	8	8	12	12	247	247	428	428	107	107	250	250	1058	1058	652	652	2202	2202	2760	2760	7	7	19	19	69784	69784	86842	86842	924	924	636	636	2	2	4	4	3584	3584	3801	3801	7488	7488	5379	5379	3974	3974	2740	2740	8154	8154	3324	3324	24	24	5	5	31942	31942	9398	9398	62	62	72	72	219	219	129	129	93	93	46	46	332	332	757	757	128	128	29	29	2	2	5	5	232	232	60	60	1555	1555	224	224	1138	1138	2968	2968	3275	3275	2688	2688	26328	26328	1519	1519	4050	4050	13348	13348	14364	14364	6896	6896	79	79	968	968	1	1	582	582	4844	4844	126615	126615	11	11	17	17	100	100	74	74	121	121	126	126	428	428	307	307	29	29	490	490	62	62	115	115	498	498	229	229	393	393	894	894	84	84	86	86	138	138	114	114
IND00234	554	554	900	900	1395	1395	13469	13469	10783	10783	10806	10806	140	140	170	170	57	57	47	47	371	371	1385	1385	133	133	135	135	116	116	109	109	209	209	255	255	9	9	15	15	420	420	341	341	47	47	410	410	451	451	1063	1063	694	694	140	140	5	5	11	11	32324	32324	112908	112908	1454	1454	989	989	2	2	4	4	2007	2007	1003	1003	948	948	2348	2348	5421	5421	8008	8008	10819	10819	11465	11465	24	24	24	24	5092	5092	25411	25411	42	42	19	19	187	187	32	32	116	116	235	235	225	225	1663	1663	891	891	684	684	3	3	1	1	43	43	117	117	3062	3062	2697	2697	3178	3178	1152	1152	1474	1474	3992	3992	8801	8801	9206	9206	15156	15156	32391	32391	4426	4426	6861	6861	161	161	402	402	661	661	646	646	86330	86330	88049	88049	26	26	58	58	60	60	133	133	252	252	80	80	455	455	477	477	171	171	307	307	425	425	389	389	273	273	26	26	1658	1658	271	271	56	56	60	60	120	120	130	130
IND00235	969	969	209	209	13248	13248	1146	1146	16004	16004	3369	3369	24	24	465	465	24	24	48	48	1918	1918	1658	1658	78	78	29	29	45	45	32	32	246	246	15	15	8	8	4	4	283	283	180	180	476	476	269	269	1415	1415	1321	1321	2052	2052	1956	1956	32	32	5	5	55939	55939	14055	14055	761	761	1438	1438	3	3	1	1	95	95	1034	1034	3672	3672	6273	6273	8103	8103	6533	6533	10575	10575	10608	10608	7	7	20	20	7960	7960	5139	5139	114	114	27	27	187	187	157	157	34	34	2	2	291	291	2001	2001	963	963	65	65	3	3	6	6	87	87	199	199	724	724	5871	5871	1742	1742	585	585	1402	1402	257	257	1014	1014	15301	15301	14607	14607	17229	17229	15478	15478	16841	16841	581	581	126	126	383	383	964	964	22403	22403	53651	53651	13	13	7	7	1	1	118	118	18	18	123	123	325	325	347	347	349	349	404	404	170	170	2	2	18	18	219	219	1672	1672	453	453	118	118	68	68	201	201	131	131
IND00236	302	302	206	206	9340	9340	16197	16197	6006	6006	6975	6975	323	323	194	194	17	17	109	109	1508	1508	1676	1676	143	143	105	105	65	65	71	71	126	126	79	79	7	7	1	1	111	111	113	113	470	470	434	434	966	966	1931	1931	1294	1294	404	404	25	25	11	11	41560	41560	98031	98031	867	867	1115	1115	6	6	8	8	1529	1529	3230	3230	5026	5026	7536	7536	5553	5553	6276	6276	7942	7942	14557	14557	5	5	8	8	14814	14814	12623	12623	75	75	85	85	237	237	194	194	17	17	148	148	1904	1904	1348	1348	761	761	855	855	6	6	8	8	154	154	18	18	7400	7400	5397	5397	3769	3769	4025	4025	1143	1143	2305	2305	31431	31431	11146	11146	2894	2894	22826	22826	18294	18294	1386	1386	756	756	288	288	696	696	359	359	38520	38520	107424	107424	10	10	27	27	246	246	240	240	223	223	164	164	227	227	380	380	404	404	390	390	380	380	447	447	485	485	411	411	282	282	2045	2045	128	128	70	70	113	113	222	222
IND00237	574	574	310	310	4114	4114	8885	8885	2698	2698	4511	4511	426	426	53	53	14	14	52	52	1187	1187	880	880	212	212	21	21	12	12	27	27	181	181	145	145	12	12	14	14	125	125	298	298	500	500	160	160	35	35	1966	1966	896	896	3603	3603	22	22	12	12	54312	54312	127191	127191	454	454	1214	1214	6	6	8	8	3480	3480	4081	4081	4348	4348	4212	4212	5076	5076	5442	5442	1043	1043	14759	14759	25	25	3	3	18575	18575	2399	2399	37	37	80	80	237	237	167	167	232	232	169	169	196	196	1135	1135	936	936	985	985	2	2	2	2	217	217	65	65	3123	3123	3518	3518	1037	1037	919	919	151	151	1818	1818	10384	10384	15806	15806	24228	24228	25769	25769	10746	10746	31841	31841	366	366	969	969	590	590	874	874	75757	75757	58188	58188	13	13	21	21	77	77	157	157	418	418	57	57	341	341	509	509	405	405	285	285	315	315	432	432	52	52	177	177	1582	1582	905	905	58	58	100	100	142	142	37	37
IND00238	846	846	445	445	6466	6466	13076	13076	14984	14984	13443	13443	338	338	269	269	23	23	128	128	600	600	2016	2016	116	116	249	249	106	106	44	44	43	43	248	248	12	12	3	3	378	378	120	120	347	347	317	317	14	14	569	569	3360	3360	2262	2262	26	26	10	10	33295	33295	125037	125037	1970	1970	1055	1055	4	4	7	7	2904	2904	3799	3799	4633	4633	721	721	4323	4323	7683	7683	6899	6899	15080	15080	19	19	26	26	5369	5369	7113	7113	8	8	109	109	175	175	163	163	86	86	148	148	421	421	1139	1139	172	172	646	646	4	4	6	6	46	46	94	94	2147	2147	4043	4043	1525	1525	3071	3071	3981	3981	3836	3836	3413	3413	1210	1210	24307	24307	10992	10992	31305	31305	10105	10105	885	885	524	524	207	207	510	510	118233	118233	53261	53261	37	37	58	58	122	122	57	57	19	19	432	432	43	43	85	85	404	404	290	290	39	39	385	385	116	116	165	165	1502	1502	1313	1313	15	15	90	90	176	176	30	30
IND00239	348	348	417	417	5710	5710	16224	16224	5917	5917	5119	5119	240	240	204	204	98	98	4	4	84	84	298	298	253	253	126	126	34	34	89	89	30	30	164	164	1	1	7	7	57	57	73	73	61	61	477	477	322	322	837	837	2510	2510	2580	2580	2	2	12	12	102521	102521	105631	105631	1236	1236	1487	1487	3	3	8	8	2171	2171	921	921	2619	2619	5342	5342	2954	2954	286	286	2213	2213	1708	1708	27	27	30	30	23390	23390	14754	14754	125	125	91	91	151	151	68	68	126	126	128	128	578	578	660	660	554	554	654	654	7	7	5	5	220	220	194	194	4914	4914	4492	4492	571	571	3586	3586	175	175	893	893	992	992	26183	26183	17121	17121	28589	28589	13402	13402	31937	31937	619	619	670	670	760	760	982	982	20703	20703	128334	128334	45	45	11	11	59	59	138	138	494	494	283	283	269	269	193	193	238	238	402	402	363	363	411	411	167	167	192	192	408	408	261	261	34	34	3	3	51	51	205	205
IND00240	545	545	959	959	5733	5733	15232	15232	2865	2865	13803	13803	242	242	18	18	121	121	97	97	1276	1276	1675	1675	49	49	33	33	39	39	86	86	108	108	115	115	6	6	2	2	140	140	80	80	68	68	86	86	1908	1908	795	795	926	926	3304	3304	5	5	12	12	116899	116899	2770	2770	119	119	1634	1634	1	1	4	4	3247	3247	1294	1294	2235	2235	712	712	2025	2025	4638	4638	12579	12579	10807	10807	16	16	17	17	31753	31753	10930	10930	45	45	33	33	149	149	135	135	127	127	45	45	1916	1916	63	63	61	61	143	143	7	7	5	5	201	201	106	106	8175	8175	5020	5020	3936	3936	1760	1760	499	499	1612	1612	1045	1045	15976	15976	9469	9469	16340	16340	9405	9405	3859	3859	573	573	280	280	610	610	457	457	37792	37792	78208	78208	31	31	3	3	77	77	246	246	324	324	462	462	183	183	484	484	264	264	219	219	70	70	194	194	312	312	401	401	50	50	547	547	33	33	119	119	249	249	139	139
IND00241	549	549	557	557	7387	7387	13787	13787	12825	12825	3246	3246	163	163	246	246	54	54	100	100	602	602	543	543	121	121	10	10	93	93	40	40	215	215	221	221	13	13	2	2	200	200	437	437	154	154	450	450	1292	1292	296	296	3095	3095	2212	2212	12	12	11	11	33412	33412	121725	121725	1303	1303	673	673	6	6	8	8	2982	2982	2054	2054	3020	3020	6937	6937	152	152	4441	4441	5985	5985	5319	5319	31	31	25	25	26245	26245	20838	20838	58	58	28	28	51	51	71	71	122	122	137	137	1876	1876	515	515	1018	1018	788	788	8	8	6	6	175	175	44	44	5300	5300	6898	6898	1565	1565	1784	1784	1978	1978	1508	1508	25062	25062	112	112	28783	28783	29082	29082	8463	8463	31767	31767	404	404	653	653	164	164	139	139	104571	104571	119016	119016	33	33	53	53	49	49	169	169	35	35	5	5	283	283	335	335	198	198	123	123	472	472	81	81	480	480	333	333	240	240	381	381	80	80	1	1	149	149	23	23
IND00242	273	273	500	500	14522	14522	12221	12221	553	553	7628	7628	222	222	205	205	50	50	17	17	764	764	1790	1790	1	1	213	213	114	114	109	109	73	73	74	74	12	12	16	16	364	364	50	50	165	165	232	232	1860	1860	118	118	387	387	2200	2200	14	14	22	22	27463	27463	67222	67222	422	422	842	842	3	3	2	2	1450	1450	1980	1980	7628	7628	7588	7588	7997	7997	2402	2402	9263	9263	9096	9096	17	17	12	12	16307	16307	12642	12642	55	55	76	76	97	97	145	145	33	33	126	126	602	602	1893	1893	141	141	355	355	5	5	4	4	18	18	149	149	868	868	289	289	700	700	2644	2644	3071	3071	676	676	10257	10257	17757	17757	30098	30098	21006	21006	22150	22150	30565	30565	1021	1021	319	319	1018	1018	797	797	105148	105148	42339	42339	56	56	40	40	180	180	161	161	127	127	134	134	82	82	89	89	34	34	144	144	347	347	129	129	490	490	114	114	1535	1535	1891	1891	46	46	72	72	53	53	239	239
IND00243	180	180	906	906	4310	4310	11432	11432	12117	12117	9359	9359	127	127	418	418	47	47	17	17	1816	1816	746	746	5	5	216	216	81	81	102	102	178	178	79	79	6	6	2	2	78	78	82	82	338	338	481	481	1090	1090	1715	1715	2192	2192	2466	2466	24	24	19	19	48646	48646	104874	104874	422	422	1502	1502	1	1	1	1	1474	1474	1626	1626	6658	6658	5995	5995	5885	5885	216	216	3915	3915	1083	1083	13	13	12	12	18543	18543	5833	5833	27	27	58	58	55	55	89	89	139	139	171	171	990	990	1338	1338	392	392	653	653	1	1	1	1	248	248	22	22	1903	1903	7863	7863	2410	2410	1137	1137	2111	2111	1300	1300	12183	12183	721	721	32645	32645	8293	8293	323	323	21129	21129	693	693	14	14	618	618	658	658	106557	106557	55671	55671	8	8	39	39	77	77	83	83	20	20	234	234	476	476	413	413	301	301	115	115	259	259	325	325	300	300	430	430	1962	1962	1084	1084	107	107	1	1	139	139	149	149
IND00244	582	582	251	251	4052	4052	10110	10110	975	975	13168	13168	106	106	27	27	66	66	67	67	742	742	1361	1361	181	181	107	107	3	3	2	2	126	126	25	25	16	16	15	15	306	306	472	472	242	242	113	113	1083	1083	1157	1157	2376	2376	2725	2725	25	25	3	3	108102	108102	55572	55572	65	65	2013	2013	1	1	8	8	1663	1663	2586	2586	3847	3847	7917	7917	3392	3392	1628	1628	6467	6467	11553	11553	18	18	18	18	23511	23511	733	733	103	103	52	52	145	145	244	244	84	84	154	154	162	162	912	912	409	409	292	292	1	1	7	7	209	209	115	115	4569	4569	2275	2275	2901	2901	546	546	3716	3716	930	930	19504	19504	9692	9692	27178	27178	1474	1474	4900	4900	6564	6564	579	579	184	184	151	151	613	613	8234	8234	31135	31135	21	21	62	62	191	191	155	155	336	336	101	101	93	93	475	475	507	507	199	199	475	475	97	97	221	221	54	54	840	840	202	202	9	9	108	108	56	56	188	188
IND00245	702	702	1008	1008	8995	8995	6139	6139	2032	2032	5617	5617	83	83	401	401	60	60	109	109	1918	1918	1631	1631	95	95	46	46	22	22	80	80	208	208	18	18	12	12	8	8	220	220	310	310	222	222	242	242	577	577	63	63	1652	1652	41	41	10	10	16	16	2823	2823	102449	102449	1414	1414	902	902	7	7	1	1	1158	1158	3221	3221	6019	6019	946	946	3961	3961	8157	8157	3464	3464	15136	15136	8	8	32	32	13335	13335	16427	16427	47	47	49	49	107	107	149	149	215	215	196	196	392	392	237	237	452	452	269	269	4	4	2	2	210	210	252	252	5660	5660	7179	7179	2645	2645	527	527	1894	1894	991	991	14134	14134	31249	31249	6372	6372	18535	18535	6832	6832	4428	4428	825	825	713	713	211	211	712	712	29870	29870	6395	6395	15	15	12	12	129	129	128	128	187	187	232	232	21	21	461	461	192	192	342	342	276	276	357	357	295	295	56	56	1812	1812	1339	1339	98	98	27	27	135	135	45	45
IND00246	198	198	823	823	16045	16045	5738	5738	1003	1003	9562	9562	174	174	278	278	64	64	79	79	1006	1006	582	582	136	136	255	255	62	62	51	51	200	200	23	23	12	12	12	12	280	280	27	27	177	177	23	23	501	501	502	502	937	937	3220	3220	4	4	31	31	55581	55581	99139	99139	635	635	1760	1760	3	3	8	8	3758	3758	498	498	8026	8026	3592	3592	6064	6064	6911	6911	3555	3555	7674	7674	18	18	1	1	26257	26257	4811	4811	58	58	50	50	213	213	139	139	190	190	42	42	1170	1170	1110	1110	682	682	571	571	1	1	5	5	142	142	65	65	6715	6715	6833	6833	2580	2580	1195	1195	710	710	39	39	4315	4315	28123	28123	10398	10398	8929	8929	31280	31280	13804	13804	790	790	797	797	892	892	256	256	84899	84899	63344	63344	53	53	27	27	249	249	164	164	368	368	396	396	44	44	18	18	399	399	64	64	231	231	455	455	32	32	421	421	422	422	647	647	42	42	74	74	150	150	175	175
IND00247	58	58	788	788	1815	1815	5362	5362	687	687	13258	13258	29	29	511	511	6	6	93	93	2024	2024	529	529	178	178	10	10	37	37	16	16	255	255	206	206	12	12	15	15	359	359	269	269	398	398	226	226	341	341	95	95	192	192	761	761	21	21	19	19	15326	15326	85556	85556	644	644	1658	1658	7	7	4	4	1703	1703	539	539	5018	5018	5821	5821	3416	3416	2771	2771	1826	1826	16344	16344	28	28	21	21	2772	2772	26568	26568	63	63	97	97	239	239	164	164	91	91	120	120	1898	1898	1601	1601	333	333	112	112	5	5	7	7	81	81	59	59	7590	7590	7611	7611	977	977	41	41	916	916	1300	1300	32371	32371	10583	10583	25362	25362	9913	9913	15264	15264	25563	25563	305	305	926	926	413	413	660	660	48350	48350	124663	124663	8	8	23	23	102	102	12	12	80	80	152	152	51	51	376	376	201	201	260	260	450	450	140	140	346	346	506	506	401	401	312	312	24	24	70	70	107	107	90	90
IND00248	254	254	142	142	10012	10012	4913	4913	7547	7547	6718	6718	253	253	463	463	52	52	106	106	1060	1060	308	308	130	130	197	197	95	95	124	124	180	180	121	121	13	13	12	12	7	7	96	96	369	369	157	157	707	707	961	961	2520	2520	3043	3043	1	1	5	5	130836	130836	93990	93990	341	341	1439	1439	6	6	8	8	1595	1595	1186	1186	7612	7612	3205	3205	5413	5413	7290	7290	11525	11525	6746	6746	14	14	5	5	27280	27280	13084	13084	79	79	6	6	186	186	116	116	214	214	101	101	1431	1431	1342	1342	798	798	509	509	3	3	6	6	47	47	253	253	1830	1830	5789	5789	3734	3734	2573	2573	2031	2031	2197	2197	1721	1721	8964	8964	17886	17886	9117	9117	2071	2071	5286	5286	690	690	891	891	955	955	952	952	99367	99367	104411	104411	55	55	21	21	246	246	72	72	362	362	363	363	283	283	212	212	471	471	389	389	24	24	102	102	297	297	209	209	696	696	1074	1074	95	95	58	58	173	173	107	107
IND00249	538	538	347	347	6923	6923	7699	7699	5006	5006	6082	6082	117	117	46	46	61	61	122	122	309	309	2022	2022	32	32	194	194	117	117	74	74	96	96	193	193	9	9	1	1	30	30	412	412	143	143	395	395	1206	1206	1551	1551	3623	3623	4060	4060	20	20	28	28	121501	121501	114945	114945	1261	1261	1604	1604	5	5	4	4	1086	1086	1584	1584	7668	7668	7927	7927	5136	5136	7177	7177	15051	15051	11265	11265	19	19	24	24	28410	28410	5238	5238	121	121	72	72	153	153	246	246	233	233	255	255	827	827	985	985	645	645	949	949	2	2	6	6	28	28	66	66	2495	2495	3992	3992	3448	3448	2268	2268	838	838	1870	1870	10051	10051	3853	3853	17968	17968	6258	6258	21835	21835	31990	31990	450	450	252	252	615	615	827	827	78474	78474	53121	53121	14	14	16	16	212	212	254	254	147	147	230	230	164	164	68	68	124	124	96	96	449	449	317	317	431	431	447	447	738	738	1674	1674	5	5	118	118	255	255	57	57
IND00250	885	885	628	628	7340	7340	3023	3023	5991	5991	5427	5427	388	388	447	447	9	9	76	76	980	980	1871	1871	256	256	67	67	25	25	63	63	173	173	244	244	1	1	10	10	191	191	32	32	105	105	154	154	1533	1533	1783	1783	634	634	1650	1650	30	30	5	5	54173	54173	2366	2366	789	789	1433	1433	2	2	8	8	2318	2318	185	185	5448	5448	3872	3872	104	104	663	663	11611	11611	13204	13204	2	2	2	2	20736	20736	16342	16342	57	57	18	18	146	146	31	31	152	152	12	12	1610	1610	1062	1062	163	163	395	395	5	5	1	1	55	55	123	123	7263	7263	3940	3940	2874	2874	3688	3688	2462	2462	2412	2412	6614	6614	3572	3572	23675	23675	10835	10835	15168	15168	1176	1176	445	445	870	870	499	499	373	373	117901	117901	24174	24174	14	14	55	55	200	200	247	247	495	495	355	355	95	95	503	503	57	57	235	235	367	367	467	467	376	376	53	53	465	465	1622	1622	118	118	74	74	135	135	236	236
IND00251	77	77	315	315	8033	8033	2618	2618	2117	2117	15576	15576	63	63	239	239	27	27	112	112	1988	1988	357	357	171	171	36	36	9	9	95	95	121	121	116	116	13	13	16	16	117	117	494	494	425	425	283	283	1678	1678	1572	1572	767	767	544	544	28	28	26	26	65185	65185	1432	1432	864	864	1409	1409	3	3	2	2	1585	1585	1150	1150	7772	7772	3179	3179	6535	6535	4074	4074	571	571	5286	5286	3	3	1	1	9727	9727	2790	2790	112	112	13	13	154	154	15	15	138	138	181	181	979	979	629	629	514	514	827	827	2	2	8	8	43	43	198	198	8106	8106	985	985	1380	1380	226	226	1954	1954	3493	3493	3156	3156	3707	3707	13719	13719	24021	24021	7867	7867	25131	25131	396	396	861	861	674	674	832	832	86890	86890	24732	24732	32	32	49	49	27	27	70	70	464	464	279	279	274	274	268	268	374	374	46	46	483	483	265	265	449	449	397	397	479	479	1279	1279	123	123	94	94	47	47	147	147
IND00252	942	942	765	765	13841	13841	5119	5119	13041	13041	334	334	200	200	314	314	97	97	62	62	812	812	1338	1338	60	60	213	213	95	95	66	66	140	140	198	198	9	9	9	9	437	437	419	419	333	333	318	318	10	10	1257	1257	3001	3001	141	141	26	26	27	27	51532	51532	122196	122196	136	136	472	472	5	5	4	4	990	990	3678	3678	6203	6203	7282	7282	4965	4965	7808	7808	7207	7207	4105	4105	19	19	8	8	27884	27884	25806	25806	42	42	106	106	211	211	198	198	49	49	100	100	45	45	110	110	921	921	547	547	1	1	3	3	134	134	218	218	4916	4916	2054	2054	269	269	663	663	3081	3081	2933	2933	15867	15867	26888	26888	20157	20157	25093	25093	18615	18615	7146	7146	743	743	241	241	159	159	326	326	25853	25853	93647	93647	46	46	31	31	194	194	206	206	302	302	29	29	174	174	303	303	194	194	495	495	258	258	182	182	285	285	458	458	204	204	1473	1473	50	50	17	17	249	249	249	249
IND00253	789	789	80	80	5880	5880	4032	4032	4277	4277	654	654	297	297	417	417	73	73	59	59	1591	1591	451	451	35	35	72	72	51	51	46	46	127	127	230	230	5	5	16	16	327	327	370	370	392	392	262	262	351	351	50	50	2470	2470	3361	3361	14	14	3	3	9507	9507	38290	38290	1838	1838	373	373	5	5	4	4	1699	1699	2450	2450	2806	2806	5650	5650	6368	6368	7638	7638	7660	7660	1434	1434	22	22	7	7	12157	12157	18040	18040	16	16	125	125	99	99	185	185	163	163	163	163	1579	1579	1170	1170	976	976	534	534	3	3	7	7	228	228	25	25	4000	4000	5218	5218	776	776	3495	3495	179	179	2079	2079	23523	23523	17325	17325	6461	6461	16384	16384	1036	1036	4745	4745	242	242	485	485	360	360	293	293	81761	81761	69574	69574	38	38	46	46	126	126	209	209	457	457	226	226	157	157	476	476	202	202	148	148	342	342	67	67	356	356	52	52	1877	1877	579	579	28	28	52	52	228	228	73	73
IND00254	142	142	1003	1003	8892	8892	7981	7981	9642	9642	3477	3477	149	149	74	74	112	112	58	58	14	14	1320	1320	41	41	250	250	31	31	120	120	236	236	203	203	7	7	14	14	276	276	62	62	480	480	449	449	1079	1079	1010	1010	1252	1252	2131	2131	20	20	29	29	107664	107664	47623	47623	1520	1520	311	311	7	7	8	8	1036	1036	2815	2815	2965	2965	4274	4274	240	240	61	61	12338	12338	16053	16053	27	27	22	22	24152	24152	8719	8719	72	72	103	103	249	249	76	76	21	21	145	145	471	471	305	305	665	665	137	137	5	5	2	2	118	118	32	32	6345	6345	7015	7015	396	396	740	740	3186	3186	141	141	21065	21065	24773	24773	13537	13537	24564	24564	21996	21996	20507	20507	532	532	128	128	925	925	113	113	40042	40042	24892	24892	46	46	15	15	201	201	8	8	185	185	60	60	135	135	23	23	129	129	238	238	53	53	275	275	199	199	82	82	195	195	144	144	57	57	65	65	139	139	151	151
IND00255	903	903	78	78	14255	14255	7593	7593	2874	2874	7125	7125	328	328	1	1	117	117	57	57	1782	1782	790	790	151	151	197	197	12	12	118	118	173	173	40	40	5	5	13	13	213	213	41	41	222	222	77	77	1705	1705	1431	1431	2115	2115	286	286	31	31	30	30	44626	44626	60661	60661	521	521	978	978	4	4	1	1	131	131	1801	1801	4565	4565	7246	7246	7783	7783	4768	4768	12224	12224	5524	5524	24	24	4	4	686	686	10920	10920	18	18	68	68	61	61	139	139	82	82	2	2	783	783	563	563	701	701	45	45	8	8	7	7	186	186	24	24	933	933	4325	4325	25	25	3608	3608	2984	2984	2432	2432	1557	1557	1520	1520	30391	30391	25316	25316	17982	17982	6056	6056	354	354	759	759	650	650	376	376	118571	118571	71527	71527	19	19	22	22	54	54	98	98	329	329	232	232	493	493	335	335	406	406	175	175	37	37	352	352	10	10	247	247	1399	1399	1358	1358	1	1	120	120	96	96	207	207
IND00256	119	119	480	480	9874	9874	228	228	3663	3663	8420	8420	207	207	326	326	39	39	64	64	1564	1564	340	340	206	206	205	205	16	16	126	126	225	225	201	201	6	6	2	2	33	33	411	411	240	240	131	131	1006	1006	1022	1022	3979	3979	1452	1452	27	27	1	1	103118	103118	106564	106564	158	158	1468	1468	6	6	4	4	1446	1446	2927	2927	1892	1892	6031	6031	4117	4117	2928	2928	6435	6435	7648	7648	22	22	5	5	31012	31012	22310	22310	24	24	110	110	150	150	145	145	57	57	35	35	41	41	1182	1182	952	952	686	686	3	3	2	2	249	249	54	54	7275	7275	1758	1758	3718	3718	3735	3735	737	737	2749	2749	21975	21975	22830	22830	4028	4028	19279	19279	17498	17498	5835	5835	6	6	662	662	196	196	643	643	55271	55271	24311	24311	34	34	4	4	85	85	50	50	348	348	252	252	244	244	82	82	200	200	55	55	446	446	150	150	384	384	511	511	1798	1798	597	597	40	40	70	70	67	67	219	219
IND00257	347	347	60	60	1980	1980	3509	3509	8530	8530	173	173	282	282	137	137	17	17	36	36	1838	1838	1134	1134	158	158	122	122	118	118	70	70	47	47	73	73	15	15	3	3	228	228	103	103	428	428	463	463	1393	1393	1619	1619	4084	4084	1636	1636	23	23	3	3	439	439	69485	69485	2026	2026	1039	1039	6	6	8	8	3956	3956	3758	3758	2597	2597	5428	5428	870	870	267	267	10810	10810	12539	12539	14	14	14	14	13084	13084	24553	24553	62	62	48	48	254	254	114	114	192	192	144	144	1743	1743	55	55	151	151	484	484	1	1	5	5	33	33	135	135	1554	1554	5252	5252	2112	2112	3923	3923	1186	1186	2833	2833	28083	28083	21260	21260	15686	15686	13167	13167	5625	5625	14015	14015	204	204	208	208	251	251	310	310	13948	13948	38933	38933	31	31	16	16	57	57	166	166	24	24	64	64	246	246	18	18	426	426	271	271	47	47	306	306	437	437	358	358	1083	1083	1482	1482	73	73	24	24	36	36	118	118
IND00258	469	469	727	727	5708	5708	2979	2979	526	526	9888	9888	462	462	407	407	80	80	100	100	1838	1838	1101	1101	51	51	189	189	78	78	32	32	179	179	28	28	6	6	6	6	271	271	194	194	132	132	335	335	541	541	733	733	4001	4001	3489	3489	20	20	1	1	117287	117287	3316	3316	1348	1348	2047	2047	5	5	7	7	3170	3170	4032	4032	788	788	6174	6174	4557	4557	5747	5747	6129	6129	12887	12887	12	12	6	6	28605	28605	8613	8613	121	121	82	82	96	96	62	62	65	65	142	142	579	579	1265	1265	764	764	852	852	1	1	3	3	210	210	157	157	3815	3815	1857	1857	3150	3150	1770	1770	1777	1777	2013	2013	7870	7870	15334	15334	24459	24459	25435	25435	5799	5799	29566	29566	343	343	791	791	253	253	727	727	11561	11561	118873	118873	47	47	59	59	139	139	243	243	430	430	231	231	420	420	208	208	305	305	39	39	382	382	438	438	353	353	91	91	137	137	435	435	43	43	4	4	215	215	154	154
IND00259	216	216	113	113	2504	2504	15382	15382	4250	4250	10556	10556	191	191	304	304	44	44	6	6	1555	1555	1865	1865	188	188	109	109	31	31	44	44	44	44	141	141	7	7	13	13	126	126	342	342	215	215	64	64	1191	1191	1070	1070	2620	2620	92	92	9	9	4	4	117420	117420	112302	112302	1695	1695	1328	1328	2	2	3	3	1434	1434	2198	2198	1192	1192	2171	2171	4801	4801	2304	2304	5972	5972	12367	12367	31	31	28	28	24814	24814	5178	5178	72	72	7	7	66	66	11	11	239	239	172	172	1056	1056	622	622	962	962	729	729	3	3	8	8	110	110	99	99	5499	5499	6575	6575	3423	3423	2144	2144	3099	3099	1059	1059	18580	18580	29540	29540	23591	23591	29689	29689	4435	4435	18453	18453	832	832	79	79	749	749	260	260	46212	46212	16051	16051	48	48	23	23	134	134	105	105	98	98	347	347	397	397	87	87	287	287	377	377	334	334	174	174	295	295	456	456	1035	1035	1454	1454	80	80	45	45	112	112	217	217
IND00260	935	935	122	122	15991	15991	2064	2064	5659	5659	13902	13902	103	103	118	118	115	115	59	59	1088	1088	450	450	160	160	229	229	44	44	78	78	82	82	74	74	14	14	16	16	103	103	47	47	133	133	405	405	221	221	1422	1422	3911	3911	2916	2916	16	16	13	13	60698	60698	20166	20166	1311	1311	571	571	8	8	2	2	2474	2474	2732	2732	942	942	3925	3925	4584	4584	2050	2050	7128	7128	4596	4596	12	12	17	17	33	33	13565	13565	9	9	54	54	119	119	13	13	90	90	53	53	366	366	1409	1409	411	411	165	165	8	8	3	3	243	243	9	9	6619	6619	354	354	2232	2232	644	644	2861	2861	1681	1681	12827	12827	24916	24916	17446	17446	5898	5898	31978	31978	14643	14643	541	541	659	659	550	550	884	884	89252	89252	35656	35656	23	23	1	1	45	45	152	152	283	283	269	269	320	320	331	331	166	166	475	475	469	469	412	412	219	219	457	457	1248	1248	326	326	127	127	115	115	109	109	177	177
IND00261	573	573	752	752	10146	10146	13285	13285	3573	3573	2185	2185	158	158	216	216	104	104	25	25	364	364	1024	1024	3	3	145	145	109	109	73	73	131	131	123	123	6	6	8	8	69	69	278	278	307	307	271	271	1072	1072	1835	1835	761	761	2856	2856	22	22	25	25	88058	88058	84883	84883	1166	1166	381	381	1	1	5	5	3157	3157	1803	1803	7900	7900	2673	2673	4557	4557	1667	1667	6738	6738	10680	10680	17	17	11	11	911	911	13313	13313	27	27	28	28	225	225	213	213	134	134	208	208	705	705	179	179	216	216	458	458	5	5	7	7	190	190	30	30	3460	3460	4464	4464	2886	2886	517	517	2039	2039	3536	3536	2477	2477	29274	29274	26735	26735	27015	27015	30264	30264	19906	19906	512	512	1003	1003	930	930	551	551	81625	81625	73602	73602	4	4	35	35	255	255	32	32	236	236	85	85	31	31	56	56	169	169	214	214	388	388	292	292	73	73	73	73	493	493	1057	1057	79	79	10	10	175	175	55	55
IND00262	296	296	470	470	7482	7482	5077	5077	1860	1860	14030	14030	159	159	382	382	70	70	1	1	358	358	439	439	49	49	53	53	61	61	43	43	2	2	58	58	9	9	14	14	374	374	243	243	198	198	275	275	1634	1634	1727	1727	3400	3400	259	259	22	22	14	14	74673	74673	94079	94079	1604	1604	67	67	1	1	4	4	1944	1944	750	750	3416	3416	3093	3093	6150	6150	383	383	3540	3540	3545	3545	13	13	17	17	22971	22971	3961	3961	17	17	42	42	250	250	33	33	155	155	186	186	138	138	1999	1999	848	848	149	149	2	2	8	8	46	46	156	156	8123	8123	88	88	1993	1993	2481	2481	398	398	339	339	21716	21716	28596	28596	32039	32039	4762	4762	21266	21266	18623	18623	74	74	306	306	282	282	330	330	128457	128457	37359	37359	3	3	12	12	134	134	99	99	232	232	477	477	70	70	39	39	49	49	142	142	219	219	266	266	450	450	426	426	1866	1866	117	117	96	96	127	127	195	195	72	72
IND00263	215	215	803	803	15537	15537	11981	11981	4891	4891	5331	5331	465	465	110	110	74	74	78	78	368	368	1307	1307	78	78	68	68	62	62	77	77	154	154	170	170	8	8	9	9	460	460	197	197	296	296	482	482	1741	1741	110	110	17	17	172	172	18	18	2	2	101020	101020	100774	100774	496	496	1348	1348	5	5	7	7	1965	1965	3434	3434	6606	6606	7789	7789	5835	5835	6819	6819	1998	1998	416	416	22	22	24	24	22267	22267	2242	2242	113	113	92	92	231	231	136	136	133	133	167	167	1658	1658	1181	1181	660	660	588	588	4	4	5	5	111	111	156	156	4870	4870	3401	3401	689	689	2035	2035	2524	2524	625	625	15789	15789	31121	31121	21852	21852	32386	32386	22550	22550	3829	3829	553	553	902	902	640	640	990	990	49986	49986	120918	120918	9	9	29	29	107	107	176	176	411	411	412	412	123	123	339	339	340	340	77	77	119	119	95	95	366	366	480	480	290	290	385	385	29	29	105	105	47	47	218	218
IND00264	898	898	947	947	16230	16230	11767	11767	8158	8158	2074	2074	331	331	295	295	34	34	109	109	1134	1134	1074	1074	234	234	125	125	126	126	96	96	226	226	103	103	14	14	4	4	316	316	280	280	12	12	458	458	944	944	1071	1071	4090	4090	2623	2623	23	23	6	6	36054	36054	85468	85468	1762	1762	1450	1450	6	6	1	1	23	23	2437	2437	6284	6284	1816	1816	6498	6498	2360	2360	3118	3118	3678	3678	5	5	25	25	13864	13864	12852	12852	7	7	7	7	86	86	208	208	105	105	56	56	1201	1201	1945	1945	1022	1022	542	542	6	6	8	8	50	50	60	60	3464	3464	7750	7750	2125	2125	3744	3744	1675	1675	2128	2128	23325	23325	12958	12958	2834	2834	9375	9375	25338	25338	4523	4523	561	561	384	384	635	635	545	545	1996	1996	126368	126368	39	39	39	39	152	152	143	143	358	358	333	333	336	336	117	117	249	249	406	406	116	116	177	177	39	39	385	385	1925	1925	2035	2035	6	6	116	116	217	217	93	93
IND00265	558	558	382	382	12433	12433	4740	4740	10854	10854	12574	12574	238	238	443	443	28	28	59	59	1537	1537	1516	1516	219	219	220	220	92	92	112	112	112	112	193	193	8	8	2	2	54	54	192	192	490	490	414	414	49	49	736	736	2409	2409	3809	3809	9	9	17	17	20636	20636	130269	130269	252	252	1527	1527	6	6	3	3	1564	1564	1359	1359	7721	7721	5626	5626	5274	5274	7880	7880	5151	5151	1851	1851	1	1	11	11	19872	19872	9779	9779	105	105	6	6	65	65	152	152	131	131	48	48	723	723	297	297	79	79	664	664	1	1	6	6	139	139	178	178	3809	3809	2212	2212	45	45	2617	2617	3061	3061	2489	2489	14749	14749	1287	1287	3289	3289	25342	25342	23024	23024	23255	23255	46	46	1016	1016	744	744	407	407	72989	72989	61578	61578	8	8	56	56	183	183	128	128	474	474	357	357	157	157	110	110	407	407	409	409	157	157	413	413	301	301	212	212	361	361	1213	1213	30	30	27	27	47	47	110	110
IND00266	127	127	36	36	15778	15778	2494	2494	3108	3108	4715	4715	272	272	10	10	56	56	12	12	2018	2018	1739	1739	28	28	245	245	110	110	75	75	174	174	85	85	4	4	9	9	425	425	502	502	27	27	384	384	35	35	489	489	2664	2664	1103	1103	24	24	27	27	105821	105821	13621	13621	250	250	1532	1532	1	1	8	8	2134	2134	1327	1327	6569	6569	1909	1909	3424	3424	7918	7918	34	34	6396	6396	6	6	9	9	28353	28353	7942	7942	82	82	33	33	32	32	38	38	63	63	63	63	175	175	1009	1009	461	461	489	489	6	6	2	2	135	135	144	144	8049	8049	3052	3052	2035	2035	2345	2345	1887	1887	1287	1287	29536	29536	25528	25528	5364	5364	32600	32600	23393	23393	3378	3378	768	768	832	832	70	70	388	388	64177	64177	114959	114959	32	32	57	57	127	127	238	238	495	495	120	120	490	490	264	264	26	26	76	76	10	10	422	422	3	3	108	108	911	911	330	330	113	113	72	72	240	240	163	163
IND00267	344	344	192	192	6097	6097	5427	5427	14571	14571	1611	1611	104	104	218	218	1	1	13	13	1351	1351	1600	1600	33	33	215	215	91	91	87	87	208	208	229	229	2	2	5	5	462	462	272	272	356	356	14	14	103	103	426	426	593	593	3006	3006	8	8	30	30	97664	97664	82876	82876	1351	1351	1182	1182	1	1	3	3	2141	2141	1427	1427	7020	7020	7046	7046	6123	6123	7490	7490	4939	4939	7114	7114	32	32	16	16	25892	25892	24249	24249	49	49	22	22	82	82	96	96	127	127	221	221	1390	1390	1471	1471	243	243	666	666	6	6	4	4	133	133	221	221	7503	7503	1867	1867	1625	1625	826	826	329	329	911	911	10454	10454	13914	13914	26905	26905	27270	27270	28040	28040	24904	24904	835	835	455	455	379	379	237	237	112412	112412	126421	126421	44	44	62	62	204	204	65	65	410	410	471	471	429	429	381	381	59	59	132	132	370	370	293	293	419	419	105	105	172	172	1190	1190	82	82	97	97	122	122	72	72
IND00268	575	575	712	712	1628	1628	994	994	12712	12712	13544	13544	231	231	408	408	61	61	103	103	225	225	614	614	210	210	42	42	88	88	9	9	130	130	67	67	9	9	15	15	362	362	62	62	327	327	465	465	71	71	2024	2024	1047	1047	4089	4089	16	16	23	23	120359	120359	33963	33963	536	536	652	652	6	6	2	2	1832	1832	2362	2362	5269	5269	6962	6962	1914	1914	2916	2916	5841	5841	2524	2524	14	14	1	1	18076	18076	9058	9058	92	92	14	14	26	26	168	168	95	95	238	238	113	113	1896	1896	685	685	929	929	6	6	2	2	111	111	211	211	2967	2967	4852	4852	1573	1573	3622	3622	282	282	992	992	15921	15921	26506	26506	20529	20529	3039	3039	1325	1325	7988	7988	418	418	861	861	89	89	149	149	7279	7279	26876	26876	33	33	27	27	20	20	104	104	183	183	453	453	312	312	329	329	422	422	271	271	393	393	387	387	287	287	180	180	1690	1690	251	251	113	113	30	30	201	201	154	154
IND00269	825	825	896	896	2031	2031	6897	6897	8690	8690	7758	7758	337	337	486	486	96	96	42	42	620	620	1189	1189	254	254	191	191	31	31	77	77	94	94	162	162	11	11	1	1	319	319	300	300	393	393	84	84	1578	1578	623	623	3260	3260	1364	1364	1	1	1	1	62660	62660	81906	81906	1641	1641	126	126	1	1	5	5	2061	2061	3183	3183	5719	5719	4794	4794	4404	4404	851	851	3685	3685	3969	3969	31	31	8	8	20594	20594	30426	30426	78	78	15	15	107	107	132	132	134	134	72	72	1525	1525	1171	1171	948	948	965	965	4	4	2	2	84	84	194	194	851	851	3524	3524	3315	3315	3860	3860	1416	1416	207	207	24731	24731	11434	11434	6858	6858	31442	31442	18782	18782	27829	27829	529	529	558	558	497	497	679	679	50886	50886	4356	4356	28	28	15	15	229	229	198	198	195	195	286	286	354	354	199	199	69	69	434	434	23	23	344	344	429	429	426	426	1822	1822	1525	1525	91	91	64	64	185	185	247	247
IND00270	761	761	384	384	10248	10248	1561	1561	2575	2575	10403	10403	18	18	457	457	124	124	110	110	826	826	269	269	175	175	100	100	23	23	17	17	109	109	170	170	15	15	7	7	484	484	292	292	29	29	188	188	762	762	1277	1277	2726	2726	1550	1550	15	15	30	30	20027	20027	61995	61995	1239	1239	497	497	6	6	2	2	2693	2693	170	170	5080	5080	385	385	7338	7338	6963	6963	1020	1020	9671	9671	17	17	3	3	20527	20527	29642	29642	89	89	22	22	165	165	225	225	13	13	169	169	923	923	1644	1644	44	44	211	211	2	2	8	8	220	220	94	94	4370	4370	4212	4212	752	752	2735	2735	456	456	724	724	22228	22228	29142	29142	30677	30677	907	907	26044	26044	5083	5083	908	908	235	235	831	831	994	994	68740	68740	122238	122238	20	20	56	56	42	42	149	149	32	32	88	88	8	8	352	352	242	242	403	403	123	123	312	312	382	382	146	146	1427	1427	1877	1877	12	12	126	126	23	23	223	223
IND00271	109	109	737	737	7125	7125	12730	12730	14961	14961	15377	15377	260	260	36	36	70	70	21	21	1580	1580	1293	1293	176	176	81	81	24	24	68	68	110	110	92	92	6	6	9	9	387	387	378	378	321	321	188	188	604	604	96	96	1130	1130	2053	2053	4	4	4	4	23396	23396	25031	25031	468	468	884	884	6	6	1	1	1372	1372	3956	3956	5026	5026	1944	1944	3914	3914	1562	1562	8946	8946	6307	6307	22	22	19	19	22761	22761	29420	29420	23	23	52	52	169	169	18	18	35	35	139	139	1047	1047	349	349	901	901	907	907	4	4	5	5	195	195	52	52	433	433	6999	6999	1095	1095	3331	3331	3066	3066	3127	3127	314	314	3987	3987	10932	10932	1807	1807	14393	14393	7772	7772	976	976	1021	1021	258	258	636	636	20622	20622	87993	87993	57	57	39	39	67	67	131	131	333	333	299	299	272	272	442	442	306	306	164	164	51	51	369	369	210	210	387	387	1388	1388	441	441	99	99	113	113	192	192	52	52
IND00272	831	831	970	970	11634	11634	7386	7386	16330	16330	14935	14935	123	123	81	81	123	123	127	127	1133	1133	2024	2024	194	194	142	142	32	32	87	87	71	71	240	240	5	5	12	12	171	171	326	326	282	282	357	357	1072	1072	649	649	2076	2076	807	807	4	4	1	1	92308	92308	41134	41134	1231	1231	102	102	6	6	6	6	3996	3996	937	937	6160	6160	3540	3540	6556	6556	1143	1143	5770	5770	16022	16022	31	31	22	22	12451	12451	31187	31187	11	11	116	116	255	255	43	43	114	114	17	17	2009	2009	819	819	577	577	780	780	2	2	1	1	62	62	24	24	2034	2034	1744	1744	1009	1009	1060	1060	1666	1666	1290	1290	9079	9079	24364	24364	32149	32149	26644	26644	4665	4665	20857	20857	578	578	503	503	955	955	213	213	88173	88173	1162	1162	33	33	35	35	218	218	223	223	454	454	346	346	367	367	108	108	417	417	355	355	489	489	291	291	170	170	20	20	719	719	1446	1446	124	124	47	47	60	60	161	161
IND00273	913	913	286	286	15592	15592	16332	16332	10345	10345	5810	5810	59	59	253	253	100	100	23	23	1113	1113	1983	1983	147	147	185	185	25	25	84	84	18	18	17	17	11	11	6	6	343	343	266	266	109	109	496	496	189	189	663	663	2823	2823	1089	1089	19	19	12	12	103914	103914	60133	60133	1433	1433	1342	1342	2	2	7	7	1935	1935	570	570	169	169	197	197	1792	1792	6345	6345	11482	11482	5217	5217	16	16	11	11	3011	3011	22471	22471	50	50	31	31	243	243	30	30	130	130	247	247	662	662	1419	1419	974	974	231	231	5	5	6	6	235	235	40	40	74	74	2742	2742	1880	1880	2715	2715	686	686	2406	2406	25077	25077	26764	26764	19888	19888	5547	5547	3012	3012	13809	13809	36	36	897	897	83	83	337	337	70418	70418	41033	41033	24	24	51	51	181	181	113	113	146	146	361	361	54	54	223	223	265	265	134	134	294	294	65	65	128	128	368	368	1675	1675	1225	1225	59	59	66	66	46	46	211	211
IND00274	332	332	861	861	6626	6626	7592	7592	10661	10661	4170	4170	87	87	167	167	81	81	7	7	1053	1053	27	27	43	43	164	164	30	30	13	13	42	42	56	56	4	4	8	8	477	477	348	348	99	99	414	414	1426	1426	1082	1082	2251	2251	3941	3941	3	3	17	17	7578	7578	1198	1198	844	844	408	408	7	7	4	4	1042	1042	1234	1234	689	689	5714	5714	724	724	1927	1927	14622	14622	324	324	6	6	24	24	17102	17102	30466	30466	86	86	15	15	63	63	242	242	249	249	248	248	206	206	1841	1841	371	371	501	501	5	5	6	6	132	132	168	168	2649	2649	1184	1184	3094	3094	506	506	502	502	1541	1541	5636	5636	30718	30718	31933	31933	23532	23532	31541	31541	31819	31819	418	418	12	12	175	175	143	143	116659	116659	106121	106121	17	17	26	26	131	131	136	136	208	208	105	105	131	131	250	250	258	258	363	363	381	381	362	362	390	390	246	246	738	738	1772	1772	21	21	2	2	213	213	120	120
IND00275	882	882	840	840	13195	13195	4450	4450	15742	15742	1006	1006	435	435	28	28	121	121	31	31	1341	1341	667	667	256	256	82	82	4	4	47	47	182	182	32	32	4	4	2	2	224	224	467	467	244	244	377	377	1149	1149	773	773	867	867	703	703	31	31	12	12	117553	117553	54341	54341	229	229	1644	1644	6	6	4	4	1569	1569	3281	3281	2607	2607	6476	6476	7888	7888	2554	2554	4040	4040	9913	9913	3	3	11	11	30603	30603	10803	10803	76	76	27	27	254	254	90	90	214	214	177	177	963	963	1527	1527	159	159	780	780	6	6	2	2	77	77	31	31	1279	1279	7334	7334	3795	3795	2204	2204	3776	3776	489	489	15852	15852	29606	29606	187	187	23750	23750	18296	18296	26882	26882	610	610	141	141	733	733	180	180	94425	94425	120272	120272	29	29	23	23	47	47	104	104	327	327	118	118	421	421	108	108	22	22	126	126	54	54	100	100	372	372	254	254	991	991	315	315	87	87	104	104	9	9	253	253
IND00276	63	63	1012	1012	6912	6912	16368	16368	13293	13293	7449	7449	11	11	231	231	3	3	53	53	647	647	1941	1941	42	42	130	130	85	85	35	35	151	151	120	120	8	8	9	9	86	86	148	148	267	267	238	238	574	574	414	414	3901	3901	856	856	8	8	8	8	85742	85742	6768	6768	1267	1267	1639	1639	6	6	5	5	1616	1616	2934	2934	2135	2135	1183	1183	6363	6363	827	827	9465	9465	5152	5152	29	29	17	17	5383	5383	10127	10127	28	28	10	10	8	8	166	166	143	143	227	227	1736	1736	1995	1995	909	909	757	757	1	1	4	4	67	67	218	218	6174	6174	6284	6284	3551	3551	125	125	171	171	2390	2390	29282	29282	22101	22101	12653	12653	18403	18403	25597	25597	18263	18263	543	543	371	371	78	78	822	822	111429	111429	69059	69059	49	49	11	11	3	3	15	15	17	17	1	1	316	316	20	20	5	5	247	247	503	503	312	312	477	477	4	4	413	413	2037	2037	47	47	53	53	252	252	25	25
IND00277	773	773	509	509	14975	14975	11788	11788	2884	2884	3238	3238	92	92	38	38	106	106	96	96	629	629	582	582	252	252	55	55	68	68	11	11	17	17	187	187	11	11	7	7	324	324	402	402	165	165	270	270	1740	1740	1393	1393	482	482	4047	4047	16	16	8	8	4398	4398	11738	11738	1295	1295	901	901	6	6	4	4	2143	2143	3894	3894	3402	3402	85	85	2380	2380	6197	6197	2337	2337	5785	5785	30	30	21	21	25858	25858	22279	22279	41	41	121	121	166	166	236	236	99	99	145	145	773	773	309	309	266	266	668	668	7	7	8	8	148	148	82	82	2016	2016	2130	2130	2779	2779	2579	2579	3238	3238	3456	3456	12312	12312	1651	1651	16884	16884	24	24	22453	22453	30700	30700	327	327	910	910	355	355	644	644	122891	122891	11675	11675	20	20	42	42	98	98	98	98	324	324	361	361	126	126	332	332	385	385	432	432	211	211	151	151	23	23	388	388	1239	1239	1271	1271	69	69	38	38	78	78	220	220
IND00278	348	348	437	437	2168	2168	11694	11694	4228	4228	10405	10405	402	402	94	94	76	76	60	60	1154	1154	342	342	186	186	23	23	23	23	35	35	194	194	24	24	2	2	12	12	297	297	29	29	66	66	355	355	196	196	725	725	239	239	1517	1517	8	8	2	2	76458	76458	123599	123599	888	888	1706	1706	8	8	6	6	2281	2281	2156	2156	3291	3291	6796	6796	6806	6806	1913	1913	3680	3680	60	60	15	15	28	28	4712	4712	4915	4915	106	106	108	108	115	115	22	22	93	93	129	129	1325	1325	308	308	494	494	68	68	5	5	5	5	222	222	82	82	561	561	3843	3843	3199	3199	2492	2492	2535	2535	2243	2243	5533	5533	6937	6937	1903	1903	30700	30700	4093	4093	25467	25467	683	683	85	85	176	176	585	585	120665	120665	92912	92912	3	3	29	29	221	221	193	193	374	374	343	343	243	243	467	467	13	13	242	242	340	340	313	313	460	460	467	467	398	398	344	344	29	29	55	55	21	21	173	173
IND00279	314	314	912	912	8906	8906	13162	13162	9867	9867	1737	1737	486	486	342	342	99	99	50	50	963	963	1777	1777	67	67	101	101	66	66	44	44	30	30	25	25	10	10	4	4	166	166	35	35	392	392	410	410	26	26	346	346	2617	2617	817	817	9	9	5	5	101528	101528	10441	10441	1450	1450	1781	1781	5	5	2	2	4	4	439	439	5969	5969	2039	2039	3839	3839	2649	2649	342	342	453	453	10	10	19	19	29587	29587	30611	30611	105	105	61	61	211	211	180	180	72	72	193	193	80	80	774	774	477	477	178	178	3	3	4	4	78	78	178	178	6756	6756	75	75	3256	3256	1606	1606	1838	1838	449	449	11894	11894	11062	11062	28968	28968	31275	31275	31083	31083	22637	22637	753	753	701	701	914	914	550	550	82042	82042	33712	33712	44	44	13	13	66	66	122	122	163	163	67	67	481	481	131	131	296	296	173	173	130	130	62	62	93	93	130	130	1999	1999	1525	1525	33	33	123	123	78	78	27	27
IND00280	361	361	805	805	10453	10453	3035	3035	6609	6609	16072	16072	472	472	121	121	15	15	97	97	1527	1527	1303	1303	86	86	24	24	68	68	20	20	174	174	211	211	5	5	9	9	144	144	11	11	15	15	192	192	535	535	1758	1758	3047	3047	1764	1764	2	2	16	16	27595	27595	70631	70631	1507	1507	834	834	5	5	4	4	472	472	3483	3483	6634	6634	2233	2233	3063	3063	5195	5195	15726	15726	6984	6984	27	27	15	15	22938	22938	11683	11683	48	48	96	96	172	172	46	46	24	24	169	169	11	11	377	377	547	547	245	245	4	4	3	3	245	245	167	167	486	486	657	657	706	706	1769	1769	2424	2424	2354	2354	3484	3484	13291	13291	7276	7276	18192	18192	29963	29963	18603	18603	281	281	887	887	891	891	294	294	129825	129825	8659	8659	34	34	45	45	81	81	250	250	238	238	236	236	21	21	336	336	501	501	467	467	40	40	309	309	209	209	470	470	365	365	480	480	107	107	126	126	40	40	103	103
IND00281	879	879	168	168	3996	3996	12031	12031	7494	7494	4798	4798	441	441	344	344	9	9	13	13	977	977	366	366	207	207	105	105	85	85	24	24	144	144	247	247	3	3	10	10	7	7	194	194	467	467	154	154	503	503	1794	1794	50	50	47	47	10	10	16	16	22436	22436	99750	99750	364	364	395	395	3	3	2	2	3567	3567	2861	2861	1618	1618	5673	5673	3605	3605	1766	1766	11020	11020	15649	15649	32	32	11	11	541	541	19383	19383	110	110	6	6	65	65	174	174	15	15	208	208	2022	2022	1059	1059	932	932	411	411	3	3	6	6	95	95	157	157	1743	1743	1317	1317	1511	1511	1503	1503	137	137	444	444	29763	29763	14230	14230	7736	7736	31068	31068	2351	2351	1268	1268	659	659	48	48	629	629	783	783	77411	77411	14024	14024	17	17	13	13	174	174	161	161	409	409	355	355	364	364	412	412	438	438	213	213	109	109	443	443	359	359	343	343	399	399	1711	1711	94	94	122	122	67	67	238	238
IND00282	297	297	795	795	15534	15534	321	321	4977	4977	11253	11253	447	447	309	309	68	68	14	14	1223	1223	1284	1284	35	35	109	109	78	78	54	54	120	120	196	196	11	11	15	15	130	130	342	342	201	201	436	436	1510	1510	1487	1487	920	920	601	601	14	14	4	4	95663	95663	30254	30254	1635	1635	333	333	1	1	8	8	3753	3753	1572	1572	4729	4729	599	599	2919	2919	1949	1949	8864	8864	15741	15741	30	30	22	22	29930	29930	26542	26542	38	38	51	51	167	167	253	253	102	102	251	251	1486	1486	685	685	125	125	1000	1000	1	1	8	8	135	135	171	171	6633	6633	840	840	1603	1603	3035	3035	1646	1646	1859	1859	21740	21740	12449	12449	31082	31082	17109	17109	23232	23232	22504	22504	462	462	510	510	59	59	853	853	16577	16577	50312	50312	14	14	29	29	22	22	133	133	506	506	310	310	319	319	263	263	204	204	503	503	202	202	384	384	82	82	319	319	43	43	1998	1998	46	46	88	88	97	97	209	209
IND00283	851	851	107	107	11150	11150	422	422	4478	4478	12388	12388	397	397	146	146	75	75	46	46	1702	1702	915	915	187	187	147	147	68	68	8	8	16	16	177	177	14	14	6	6	216	216	153	153	471	471	304	304	1991	1991	1345	1345	3339	3339	4079	4079	13	13	7	7	17326	17326	14436	14436	575	575	1070	1070	8	8	1	1	2697	2697	3261	3261	5758	5758	5043	5043	7469	7469	54	54	12303	12303	5395	5395	24	24	25	25	25338	25338	17459	17459	85	85	74	74	5	5	125	125	144	144	222	222	334	334	314	314	772	772	448	448	5	5	3	3	178	178	58	58	7478	7478	6747	6747	3707	3707	608	608	1069	1069	698	698	2044	2044	17052	17052	20426	20426	26595	26595	25848	25848	14294	14294	132	132	154	154	575	575	646	646	117744	117744	21174	21174	48	48	58	58	168	168	113	113	249	249	113	113	232	232	6	6	142	142	310	310	489	489	1	1	178	178	139	139	1743	1743	2046	2046	44	44	67	67	231	231	204	204
IND00284	404	404	249	249	13489	13489	5988	5988	2654	2654	7769	7769	152	152	185	185	36	36	55	55	522	522	1870	1870	70	70	205	205	22	22	122	122	156	156	174	174	2	2	1	1	24	24	14	14	227	227	136	136	2044	2044	1759	1759	3073	3073	3723	3723	30	30	9	9	43437	43437	81322	81322	1527	1527	1154	1154	8	8	6	6	2127	2127	4026	4026	5851	5851	6685	6685	7807	7807	2706	2706	11103	11103	13790	13790	7	7	16	16	29990	29990	25766	25766	20	20	60	60	118	118	171	171	181	181	106	106	126	126	645	645	50	50	883	883	3	3	7	7	161	161	77	77	7338	7338	6462	6462	3202	3202	3576	3576	1561	1561	490	490	1175	1175	15709	15709	6691	6691	9931	9931	6905	6905	7730	7730	784	784	985	985	879	879	146	146	102642	102642	21131	21131	56	56	34	34	133	133	184	184	462	462	129	129	428	428	347	347	298	298	440	440	317	317	143	143	216	216	278	278	1450	1450	1695	1695	124	124	17	17	192	192	76	76
IND00285	809	809	189	189	7523	7523	345	345	5830	5830	6474	6474	152	152	106	106	84	84	78	78	648	648	187	187	168	168	155	155	17	17	113	113	36	36	175	175	13	13	16	16	280	280	327	327	29	29	59	59	1058	1058	1863	1863	3361	3361	319	319	27	27	2	2	52031	52031	70510	70510	310	310	1586	1586	4	4	4	4	3344	3344	294	294	3717	3717	6743	6743	5373	5373	1125	1125	6333	6333	8216	8216	1	1	16	16	29220	29220	12579	12579	126	126	85	85	136	136	10	10	11	11	198	198	1876	1876	1648	1648	62	62	797	797	2	2	1	1	57	57	103	103	6628	6628	6971	6971	2116	2116	3487	3487	2904	2904	638	638	7837	7837	25553	25553	2468	2468	5997	5997	3046	3046	28622	28622	751	751	1006	1006	694	694	386	386	55702	55702	68082	68082	54	54	61	61	225	225	159	159	405	405	208	208	267	267	401	401	1	1	385	385	108	108	23	23	303	303	444	444	114	114	1395	1395	25	25	23	23	208	208	23	23
IND00286	765	765	408	408	11448	11448	2181	2181	2477	2477	4390	4390	240	240	146	146	31	31	13	13	602	602	1715	1715	215	215	221	221	124	124	102	102	196	196	20	20	5	5	13	13	23	23	264	264	273	273	512	512	890	890	672	672	2232	2232	3689	3689	31	31	15	15	75957	75957	10947	10947	1560	1560	1504	1504	8	8	8	8	3120	3120	2516	2516	4276	4276	5220	5220	2467	2467	8136	8136	3591	3591	5444	5444	1	1	26	26	25036	25036	20125	20125	27	27	54	54	234	234	123	123	108	108	242	242	1520	1520	609	609	1016	1016	960	960	2	2	1	1	45	45	1	1	4966	4966	4783	4783	2877	2877	2280	2280	691	691	3424	3424	19375	19375	9334	9334	17114	17114	10304	10304	32301	32301	14306	14306	617	617	29	29	269	269	386	386	661	661	35039	35039	2	2	1	1	3	3	153	153	413	413	493	493	204	204	299	299	43	43	377	377	405	405	203	203	154	154	4	4	70	70	1941	1941	71	71	10	10	229	229	204	204
IND00287	335	335	767	767	7966	7966	6512	6512	14483	14483	2181	2181	339	339	412	412	17	17	39	39	5	5	2043	2043	166	166	14	14	39	39	1	1	79	79	26	26	15	15	1	1	475	475	324	324	240	240	283	283	1206	1206	877	877	3104	3104	3076	3076	8	8	23	23	6	6	88306	88306	201	201	1990	1990	2	2	4	4	3303	3303	4069	4069	336	336	512	512	6400	6400	5413	5413	13035	13035	7032	7032	8	8	20	20	26142	26142	12244	12244	26	26	78	78	23	23	162	162	209	209	115	115	440	440	1660	1660	1013	1013	842	842	2	2	8	8	192	192	210	210	5230	5230	1221	1221	2223	2223	3182	3182	2451	2451	58	58	30314	30314	11985	11985	16649	16649	14253	14253	14067	14067	19581	19581	429	429	621	621	932	932	210	210	221	221	74310	74310	61	61	12	12	7	7	163	163	243	243	419	419	170	170	7	7	319	319	192	192	341	341	169	169	103	103	142	142	360	360	525	525	3	3	107	107	81	81	184	184
IND00288	927	927	733	733	4381	4381	8225	8225	3817	3817	3573	3573	189	189	303	303	93	93	123	123	504	504	378	378	89	89	245	245	42	42	89	89	89	89	53	53	2	2	1	1	122	122	354	354	485	485	508	508	769	769	734	734	3074	3074	1231	1231	30	30	30	30	61607	61607	119704	119704	486	486	1137	1137	8	8	4	4	3524	3524	3972	3972	4928	4928	3053	3053	2699	2699	3026	3026	14236	14236	5094	5094	12	12	25	25	23260	23260	23619	23619	42	42	47	47	138	138	254	254	173	173	5	5	599	599	247	247	171	171	764	764	8	8	1	1	139	139	178	178	6674	6674	2936	2936	1149	1149	3773	3773	587	587	320	320	31971	31971	13385	13385	955	955	2614	2614	29556	29556	26612	26612	542	542	535	535	23	23	43	43	27790	27790	51495	51495	2	2	23	23	52	52	9	9	479	479	319	319	402	402	510	510	275	275	508	508	497	497	87	87	96	96	105	105	124	124	164	164	33	33	102	102	32	32	72	72
IND00289	185	185	188	188	3070	3070	7928	7928	4060	4060	16151	16151	436	436	83	83	111	111	107	107	633	633	1116	1116	218	218	102	102	43	43	103	103	118	118	151	151	13	13	6	6	429	429	268	268	465	465	376	376	1707	1707	116	116	1246	1246	2364	2364	13	13	31	31	80532	80532	11330	11330	1728	1728	145	145	1	1	8	8	797	797	1147	1147	2716	2716	3966	3966	583	583	1465	1465	7575	7575	1861	1861	2	2	4	4	7588	7588	29358	29358	62	62	64	64	74	74	237	237	26	26	146	146	734	734	1099	1099	279	279	469	469	1	1	1	1	254	254	180	180	945	945	5866	5866	3396	3396	2191	2191	2590	2590	2197	2197	20081	20081	1331	1331	30990	30990	21297	21297	8399	8399	30668	30668	851	851	612	612	633	633	577	577	107359	107359	43387	43387	48	48	35	35	190	190	133	133	297	297	286	286	209	209	275	275	267	267	405	405	281	281	387	387	155	155	382	382	1389	1389	1050	1050	128	128	13	13	75	75	139	139
IND00290	883	883	557	557	13212	13212	42	42	7108	7108	10313	10313	144	144	394	394	57	57	97	97	686	686	1056	1056	97	97	236	236	107	107	95	95	178	178	114	114	3	3	10	10	489	489	438	438	89	89	34	34	345	345	985	985	3412	3412	3127	3127	28	28	25	25	3808	3808	118683	118683	1933	1933	1885	1885	6	6	1	1	1381	1381	3967	3967	6335	6335	4958	4958	3176	3176	7153	7153	1418	1418	10803	10803	20	20	10	10	22454	22454	7623	7623	76	76	66	66	165	165	237	237	114	114	128	128	380	380	1075	1075	550	550	254	254	8	8	7	7	120	120	104	104	5265	5265	846	846	1351	1351	3810	3810	874	874	2578	2578	1510	1510	29416	29416	28677	28677	1105	1105	4959	4959	19024	19024	234	234	855	855	8	8	58	58	112496	112496	110741	110741	39	39	17	17	246	246	131	131	392	392	320	320	157	157	26	26	90	90	73	73	112	112	444	444	57	57	254	254	1403	1403	1575	1575	60	60	95	95	79	79	159	159
IND00291	603	603	1020	1020	15583	15583	15910	15910	9437	9437	9059	9059	187	187	171	171	3	3	90	90	1284	1284	879	879	125	125	152	152	76	76	34	34	2	2	49	49	13	13	14	14	444	444	7	7	436	436	503	503	1360	1360	1880	1880	2465	2465	3439	3439	26	26	18	18	101311	101311	16619	16619	159	159	519	519	7	7	8	8	1570	1570	1452	1452	1798	1798	361	361	4387	4387	2939	2939	16219	16219	13896	13896	8	8	9	9	19369	19369	8706	8706	73	73	104	104	155	155	2	2	112	112	57	57	1467	1467	758	758	507	507	3	3	1	1	8	8	73	73	28	28	5080	5080	3971	3971	2778	2778	434	434	1504	1504	3534	3534	14406	14406	18792	18792	25063	25063	24146	24146	26488	26488	21101	21101	64	64	720	720	301	301	38	38	70764	70764	23844	23844	56	56	61	61	131	131	120	120	24	24	30	30	30	30	456	456	472	472	1	1	155	155	125	125	232	232	260	260	309	309	1797	1797	53	53	41	41	220	220	110	110
IND00292	864	864	315	315	1712	1712	2456	2456	10095	10095	10599	10599	94	94	508	508	77	77	109	109	1333	1333	1784	1784	143	143	158	158	17	17	105	105	113	113	207	207	12	12	8	8	305	305	335	335	408	408	374	374	774	774	1325	1325	2159	2159	2503	2503	2	2	24	24	81501	81501	131049	131049	91	91	1781	1781	7	7	3	3	3104	3104	720	720	1343	1343	2689	2689	6383	6383	840	840	4381	4381	1863	1863	25	25	14	14	11801	11801	29181	29181	40	40	75	75	103	103	193	193	183	183	136	136	1224	1224	1025	1025	1017	1017	246	246	3	3	3	3	3	3	239	239	3409	3409	5932	5932	2021	2021	4014	4014	1508	1508	2124	2124	26700	26700	27727	27727	5427	5427	21072	21072	14379	14379	20430	20430	476	476	738	738	516	516	350	350	6685	6685	18893	18893	34	34	33	33	76	76	183	183	212	212	345	345	134	134	469	469	347	347	247	247	222	222	237	237	20	20	273	273	183	183	1236	1236	28	28	95	95	208	208	171	171
IND00293	968	968	300	300	8115	8115	5186	5186	388	388	16295	16295	6	6	74	74	113	113	101	101	1587	1587	1359	1359	90	90	48	48	51	51	4	4	233	233	139	139	15	15	16	16	140	140	327	327	192	192	160	160	1566	1566	767	767	1514	1514	1160	1160	31	31	19	19	126808	126808	72169	72169	1533	1533	374	374	4	4	2	2	1804	1804	3256	3256	2998	2998	4043	4043	3991	3991	5376	5376	8015	8015	2844	2844	12	12	6	6	17288	17288	26097	26097	34	34	35	35	92	92	103	103	36	36	190	190	357	357	365	365	695	695	355	355	8	8	7	7	154	154	185	185	199	199	5030	5030	1512	1512	2096	2096	1494	1494	3042	3042	31347	31347	21844	21844	16905	16905	7640	7640	26113	26113	17906	17906	477	477	182	182	839	839	173	173	84764	84764	64984	64984	7	7	11	11	103	103	192	192	468	468	274	274	193	193	338	338	42	42	312	312	380	380	458	458	433	433	407	407	1680	1680	320	320	65	65	100	100	147	147	174	174
IND00294	373	373	877	877	342	342	7173	7173	580	580	8905	8905	376	376	139	139	116	116	85	85	671	671	1979	1979	178	178	239	239	22	22	97	97	232	232	68	68	16	16	6	6	61	61	35	35	487	487	111	111	1898	1898	1734	1734	124	124	1742	1742	6	6	28	28	18864	18864	56541	56541	1604	1604	2005	2005	5	5	7	7	3776	3776	3662	3662	5911	5911	505	505	2440	2440	7635	7635	315	315	7753	7753	32	32	20	20	11138	11138	29273	29273	74	74	2	2	134	134	71	71	177	177	84	84	1816	1816	1761	1761	578	578	499	499	3	3	8	8	192	192	3	3	1845	1845	6395	6395	3476	3476	1719	1719	2638	2638	463	463	19293	19293	24010	24010	21987	21987	5432	5432	21119	21119	2124	2124	777	777	449	449	1011	1011	353	353	113374	113374	23406	23406	3	3	12	12	126	126	251	251	184	184	460	460	360	360	429	429	93	93	185	185	15	15	492	492	361	361	237	237	1768	1768	2015	2015	103	103	97	97	229	229	65	65
IND00295	767	767	601	601	12732	12732	8743	8743	11503	11503	6608	6608	443	443	233	233	95	95	48	48	610	610	444	444	137	137	17	17	55	55	53	53	9	9	141	141	13	13	11	11	397	397	60	60	170	170	97	97	1609	1609	1266	1266	2632	2632	936	936	7	7	9	9	111939	111939	72206	72206	810	810	1833	1833	5	5	6	6	3592	3592	3187	3187	7053	7053	6948	6948	168	168	7549	7549	4182	4182	8655	8655	18	18	4	4	24021	24021	690	690	39	39	84	84	228	228	25	25	235	235	43	43	2040	2040	1237	1237	838	838	254	254	8	8	1	1	137	137	154	154	6374	6374	5423	5423	3659	3659	2420	2420	3411	3411	2835	2835	7743	7743	27684	27684	8668	8668	3236	3236	13229	13229	28032	28032	741	741	372	372	194	194	79	79	14400	14400	71998	71998	8	8	58	58	107	107	234	234	465	465	195	195	413	413	506	506	278	278	234	234	371	371	249	249	477	477	225	225	1602	1602	759	759	14	14	50	50	239	239	82	82
IND00296	732	732	22	22	12119	12119	4548	4548	12986	12986	4429	4429	363	363	25	25	122	122	127	127	1302	1302	1696	1696	9	9	228	228	60	60	74	74	151	151	219	219	10	10	7	7	359	359	152	152	225	225	294	294	620	620	191	191	3292	3292	2071	2071	7	7	31	31	6442	6442	14656	14656	646	646	1323	1323	1	1	5	5	3525	3525	2377	2377	6651	6651	3970	3970	1008	1008	803	803	6826	6826	10430	10430	26	26	10	10	13779	13779	740	740	73	73	31	31	198	198	171	171	4	4	48	48	1446	1446	1271	1271	183	183	688	688	1	1	4	4	8	8	154	154	5832	5832	5690	5690	3590	3590	3673	3673	267	267	1181	1181	21780	21780	4602	4602	26673	26673	29938	29938	19435	19435	29712	29712	687	687	494	494	831	831	213	213	58840	58840	21432	21432	43	43	20	20	48	48	209	209	38	38	171	171	496	496	211	211	349	349	476	476	311	311	149	149	435	435	347	347	751	751	652	652	127	127	8	8	8	8	119	119
IND00297	62	62	213	213	913	913	4227	4227	16273	16273	15737	15737	505	505	264	264	18	18	79	79	371	371	1967	1967	51	51	227	227	1	1	61	61	165	165	233	233	3	3	8	8	186	186	335	335	28	28	147	147	1977	1977	1663	1663	3005	3005	423	423	4	4	32	32	5642	5642	53224	53224	536	536	517	517	8	8	2	2	935	935	2864	2864	7662	7662	7265	7265	1624	1624	6855	6855	2978	2978	10759	10759	20	20	10	10	7962	7962	9501	9501	18	18	125	125	155	155	191	191	237	237	174	174	1552	1552	385	385	881	881	951	951	2	2	7	7	113	113	130	130	7299	7299	7822	7822	2891	2891	2123	2123	3971	3971	328	328	23352	23352	6344	6344	12821	12821	5651	5651	3933	3933	11228	11228	472	472	208	208	753	753	87	87	10348	10348	94729	94729	26	26	12	12	6	6	223	223	445	445	93	93	436	436	156	156	170	170	479	479	509	509	136	136	246	246	461	461	761	761	729	729	92	92	57	57	186	186	61	61
IND00298	526	526	1009	1009	15778	15778	5000	5000	10295	10295	2870	2870	18	18	64	64	79	79	71	71	661	661	135	135	190	190	2	2	44	44	94	94	205	205	58	58	5	5	11	11	317	317	319	319	138	138	123	123	1893	1893	398	398	1843	1843	307	307	25	25	8	8	30179	30179	6111	6111	42	42	656	656	4	4	2	2	1578	1578	3771	3771	3390	3390	721	721	3772	3772	7751	7751	8451	8451	5361	5361	28	28	1	1	25819	25819	21209	21209	53	53	68	68	97	97	213	213	84	84	147	147	744	744	1872	1872	977	977	828	828	4	4	7	7	165	165	226	226	2441	2441	4214	4214	2680	2680	2032	2032	1311	1311	3250	3250	22358	22358	23558	23558	3061	3061	25758	25758	18815	18815	25254	25254	990	990	620	620	430	430	650	650	18826	18826	25954	25954	40	40	44	44	76	76	234	234	266	266	382	382	414	414	438	438	167	167	464	464	1	1	259	259	96	96	370	370	166	166	415	415	102	102	106	106	40	40	212	212
IND00299	473	473	194	194	14481	14481	15555	15555	5565	5565	10692	10692	206	206	449	449	16	16	105	105	832	832	1135	1135	47	47	80	80	9	9	23	23	152	152	106	106	11	11	5	5	99	99	12	12	136	136	33	33	202	202	32	32	2907	2907	50	50	29	29	5	5	33808	33808	35354	35354	1051	1051	837	837	6	6	6	6	3423	3423	3037	3037	4409	4409	6594	6594	6589	6589	7095	7095	16053	16053	7556	7556	28	28	16	16	32442	32442	30412	30412	6	6	25	25	108	108	212	212	208	208	235	235	1358	1358	529	529	965	965	1023	1023	2	2	3	3	68	68	98	98	1636	1636	5759	5759	1147	1147	563	563	660	660	2126	2126	15412	15412	21537	21537	3139	3139	2557	2557	6769	6769	5928	5928	4	4	699	699	96	96	275	275	35251	35251	114111	114111	55	55	12	12	100	100	167	167	110	110	376	376	327	327	36	36	326	326	245	245	508	508	449	449	190	190	417	417	770	770	697	697	108	108	73	73	125	125	249	249
IND00300	850	850	799	799	13316	13316	13289	13289	8432	8432	6375	6375	339	339	256	256	15	15	60	60	516	516	788	788	153	153	187	187	124	124	126	126	29	29	177	177	1	1	1	1	18	18	54	54	33	33	445	445	1570	1570	1061	1061	2378	2378	1065	1065	29	29	26	26	106392	106392	73376	73376	902	902	1280	1280	4	4	3	3	1703	1703	4081	4081	5641	5641	6166	6166	2456	2456	965	965	793	793	4342	4342	26	26	25	25	30343	30343	9686	9686	36	36	72	72	190	190	131	131	12	12	186	186	456	456	449	449	311	311	712	712	1	1	1	1	194	194	119	119	2907	2907	6691	6691	1167	1167	311	311	700	700	1667	1667	19894	19894	11720	11720	1490	1490	17491	17491	12201	12201	1397	1397	76	76	610	610	482	482	270	270	67803	67803	40805	40805	37	37	11	11	2	2	93	93	433	433	60	60	1	1	64	64	260	260	96	96	314	314	280	280	331	331	134	134	637	637	1066	1066	49	49	41	41	19	19	154	154
IND00301	300	300	974	974	1381	1381	16243	16243	9731	9731	1166	1166	511	511	467	467	78	78	21	21	1038	1038	653	653	117	117	254	254	21	21	45	45	69	69	240	240	15	15	1	1	370	370	275	275	130	130	294	294	1978	1978	1670	1670	2050	2050	3266	3266	4	4	18	18	79805	79805	4851	4851	1952	1952	1024	1024	8	8	6	6	3794	3794	3867	3867	4758	4758	1549	1549	2610	2610	3592	3592	9255	9255	1691	1691	18	18	9	9	22304	22304	31622	31622	106	106	7	7	25	25	147	147	140	140	15	15	1075	1075	1474	1474	1002	1002	196	196	5	5	1	1	83	83	66	66	6513	6513	1065	1065	2888	2888	303	303	1879	1879	683	683	25024	25024	32473	32473	1827	1827	14480	14480	31936	31936	8560	8560	789	789	937	937	644	644	948	948	123893	123893	108556	108556	22	22	27	27	194	194	125	125	192	192	503	503	173	173	448	448	99	99	49	49	127	127	303	303	466	466	171	171	2017	2017	754	754	38	38	44	44	112	112	201	201
IND00302	83	83	879	879	4392	4392	11234	11234	1342	1342	6542	6542	225	225	232	232	29	29	41	41	1056	1056	1966	1966	197	197	53	53	9	9	5	5	77	77	92	92	5	5	1	1	335	335	397	397	255	255	245	245	1078	1078	1689	1689	1605	1605	1950	1950	4	4	5	5	67787	67787	83608	83608	1359	1359	918	918	6	6	7	7	2868	2868	2637	2637	3627	3627	3869	3869	7277	7277	4032	4032	5178	5178	12010	12010	5	5	6	6	12099	12099	2550	2550	10	10	121	121	24	24	237	237	170	170	101	101	933	933	1578	1578	691	691	949	949	3	3	7	7	225	225	141	141	7339	7339	7270	7270	2683	2683	2036	2036	3761	3761	10	10	3233	3233	7271	7271	10040	10040	27998	27998	1497	1497	31410	31410	63	63	680	680	904	904	125	125	44735	44735	63643	63643	33	33	26	26	66	66	254	254	352	352	317	317	460	460	242	242	159	159	361	361	405	405	281	281	229	229	252	252	1032	1032	309	309	106	106	78	78	185	185	73	73
IND00303	740	740	341	341	10853	10853	14382	14382	15150	15150	5853	5853	498	498	41	41	125	125	48	48	2005	2005	16	16	203	203	181	181	35	35	21	21	252	252	143	143	16	16	12	12	381	381	413	413	141	141	286	286	1620	1620	834	834	3700	3700	2709	2709	25	25	24	24	126106	126106	63154	63154	1710	1710	943	943	3	3	2	2	1652	1652	3997	3997	3468	3468	4267	4267	5241	5241	5056	5056	13282	13282	1424	1424	3	3	13	13	26075	26075	10217	10217	94	94	12	12	238	238	130	130	142	142	174	174	1392	1392	635	635	431	431	31	31	6	6	7	7	216	216	173	173	780	780	6513	6513	1859	1859	1126	1126	600	600	2576	2576	5973	5973	16219	16219	16826	16826	6166	6166	23859	23859	2774	2774	756	756	190	190	910	910	747	747	38357	38357	87382	87382	60	60	8	8	181	181	84	84	461	461	437	437	188	188	246	246	86	86	320	320	175	175	466	466	216	216	56	56	1399	1399	1844	1844	126	126	29	29	172	172	61	61
IND00304	389	389	493	493	12450	12450	12681	12681	12514	12514	10834	10834	175	175	378	378	127	127	75	75	750	750	1553	1553	213	213	114	114	98	98	37	37	21	21	61	61	11	11	15	15	94	94	419	419	236	236	469	469	1824	1824	892	892	152	152	2718	2718	1	1	25	25	53697	53697	36419	36419	762	762	624	624	1	1	3	3	1033	1033	2245	2245	451	451	4473	4473	2953	2953	5859	5859	5247	5247	15446	15446	10	10	32	32	5806	5806	15686	15686	115	115	103	103	95	95	210	210	201	201	43	43	303	303	1266	1266	193	193	446	446	4	4	1	1	16	16	36	36	4413	4413	1676	1676	3687	3687	3360	3360	1702	1702	3702	3702	1194	1194	11346	11346	8265	8265	21300	21300	30991	30991	23016	23016	184	184	41	41	822	822	836	836	38696	38696	128016	128016	60	60	3	3	10	10	209	209	73	73	50	50	243	243	183	183	502	502	205	205	417	417	83	83	174	174	185	185	724	724	1968	1968	48	48	65	65	180	180	236	236
IND00305	933	933	415	415	1314	1314	1455	1455	10840	10840	879	879	311	311	20	20	52	52	67	67	828	828	648	648	256	256	152	152	110	110	90	90	205	205	219	219	8	8	15	15	274	274	42	42	14	14	254	254	1095	1095	1843	1843	3009	3009	1716	1716	8	8	19	19	27245	27245	97024	97024	173	173	646	646	8	8	4	4	911	911	539	539	3908	3908	6878	6878	2907	2907	5247	5247	5143	5143	11907	11907	3	3	19	19	7728	7728	19180	19180	57	57	68	68	226	226	127	127	62	62	107	107	778	778	1671	1671	632	632	32	32	2	2	5	5	164	164	232	232	3297	3297	5105	5105	226	226	1739	1739	3158	3158	2561	2561	14268	14268	24098	24098	26045	26045	4810	4810	18990	18990	12996	12996	214	214	551	551	23	23	108	108	114075	114075	10839	10839	42	42	58	58	25	25	54	54	450	450	347	347	136	136	145	145	371	371	8	8	363	363	488	488	180	180	30	30	1108	1108	1377	1377	14	14	109	109	149	149	232	232
IND00306	534	534	91	91	11825	11825	7345	7345	8696	8696	11091	11091	156	156	282	282	104	104	40	40	1126	1126	1797	1797	2	2	84	84	74	74	1	1	135	135	208	208	1	1	14	14	468	468	344	344	403	403	30	30	1097	1097	257	257	1231	1231	1233	1233	29	29	9	9	10034	10034	86677	86677	117	117	370	370	2	2	3	3	901	901	3756	3756	6666	6666	40	40	5920	5920	5466	5466	10099	10099	3057	3057	13	13	4	4	9756	9756	21471	21471	50	50	110	110	167	167	180	180	58	58	174	174	1397	1397	380	380	429	429	729	729	6	6	2	2	230	230	166	166	2309	2309	2143	2143	3786	3786	2694	2694	2944	2944	310	310	18890	18890	3807	3807	5289	5289	2779	2779	27220	27220	26936	26936	369	369	757	757	145	145	273	273	64017	64017	11344	11344	8	8	22	22	242	242	128	128	424	424	82	82	281	281	282	282	455	455	115	115	358	358	259	259	238	238	355	355	197	197	101	101	82	82	49	49	78	78	68	68
IND00307	415	415	739	739	3011	3011	13887	13887	8193	8193	7444	7444	406	406	243	243	114	114	107	107	490	490	1377	1377	255	255	219	219	51	51	120	120	237	237	54	54	5	5	16	16	185	185	432	432	14	14	236	236	609	609	421	421	771	771	187	187	27	27	19	19	24411	24411	49701	49701	1358	1358	2030	2030	5	5	3	3	1627	1627	2881	2881	1764	1764	822	822	6558	6558	1659	1659	13699	13699	14224	14224	29	29	6	6	27602	27602	7384	7384	90	90	85	85	185	185	161	161	33	33	118	118	1067	1067	88	88	130	130	211	211	4	4	6	6	88	88	167	167	5054	5054	2470	2470	3642	3642	1748	1748	2528	2528	3464	3464	11076	11076	13126	13126	14581	14581	11825	11825	29303	29303	15217	15217	56	56	35	35	286	286	918	918	27706	27706	58143	58143	38	38	62	62	55	55	144	144	308	308	149	149	480	480	120	120	299	299	490	490	159	159	259	259	40	40	123	123	1239	1239	1976	1976	48	48	67	67	1	1	74	74
IND00308	691	691	992	992	12201	12201	7654	7654	14949	14949	1722	1722	161	161	230	230	75	75	26	26	858	858	139	139	189	189	7	7	64	64	90	90	28	28	251	251	4	4	8	8	4	4	484	484	28	28	328	328	1122	1122	829	829	559	559	281	281	4	4	27	27	121897	121897	122317	122317	627	627	1992	1992	7	7	2	2	562	562	1889	1889	4723	4723	6860	6860	2004	2004	1103	1103	10858	10858	6674	6674	31	31	24	24	23250	23250	27191	27191	94	94	59	59	179	179	19	19	207	207	168	168	1460	1460	1719	1719	881	881	907	907	8	8	3	3	119	119	100	100	3774	3774	5878	5878	583	583	1969	1969	3112	3112	3827	3827	11316	11316	4143	4143	3554	3554	5536	5536	3564	3564	17496	17496	887	887	441	441	404	404	709	709	76270	76270	111592	111592	57	57	39	39	200	200	14	14	422	422	192	192	204	204	412	412	53	53	431	431	364	364	97	97	128	128	69	69	527	527	854	854	43	43	33	33	2	2	150	150
IND00309	575	575	92	92	13063	13063	4191	4191	1354	1354	4306	4306	194	194	3	3	37	37	26	26	1216	1216	898	898	235	235	66	66	54	54	22	22	111	111	243	243	2	2	16	16	247	247	68	68	115	115	271	271	982	982	1689	1689	806	806	3830	3830	13	13	29	29	31814	31814	108497	108497	1236	1236	1453	1453	4	4	7	7	901	901	1918	1918	1467	1467	1497	1497	7909	7909	5224	5224	11488	11488	11541	11541	27	27	29	29	11983	11983	22036	22036	76	76	99	99	148	148	119	119	73	73	176	176	1486	1486	1649	1649	75	75	654	654	8	8	5	5	15	15	158	158	5820	5820	6563	6563	3591	3591	1803	1803	3130	3130	2904	2904	27557	27557	1086	1086	24012	24012	23823	23823	27213	27213	18459	18459	95	95	919	919	976	976	98	98	110839	110839	115351	115351	54	54	16	16	82	82	119	119	143	143	19	19	258	258	252	252	404	404	121	121	114	114	358	358	92	92	362	362	1498	1498	1265	1265	13	13	28	28	62	62	118	118
IND00310	412	412	141	141	13950	13950	15668	15668	12739	12739	16008	16008	267	267	326	326	40	40	101	101	1577	1577	461	461	186	186	97	97	125	125	18	18	203	203	153	153	3	3	5	5	46	46	492	492	208	208	369	369	1345	1345	1217	1217	1551	1551	3946	3946	11	11	14	14	82155	82155	43470	43470	1337	1337	1260	1260	5	5	1	1	1210	1210	1276	1276	5740	5740	1235	1235	5004	5004	6997	6997	5685	5685	11031	11031	9	9	21	21	28314	28314	1779	1779	117	117	120	120	215	215	251	251	106	106	36	36	1908	1908	438	438	382	382	384	384	2	2	4	4	81	81	181	181	2051	2051	2754	2754	1656	1656	2256	2256	3557	3557	736	736	1803	1803	12563	12563	13718	13718	19165	19165	32098	32098	12476	12476	689	689	585	585	227	227	159	159	44020	44020	23506	23506	34	34	37	37	77	77	168	168	33	33	156	156	408	408	486	486	383	383	384	384	100	100	335	335	213	213	234	234	713	713	1001	1001	15	15	83	83	254	254	85	85
IND00311	422	422	207	207	16213	16213	10151	10151	5007	5007	7736	7736	92	92	220	220	76	76	69	69	1227	1227	1684	1684	47	47	215	215	55	55	34	34	39	39	29	29	6	6	4	4	479	479	73	73	89	89	186	186	1978	1978	1750	1750	3492	3492	1017	1017	16	16	5	5	1586	1586	30354	30354	1762	1762	93	93	4	4	2	2	355	355	2582	2582	7808	7808	2874	2874	6757	6757	645	645	14423	14423	8898	8898	25	25	10	10	1460	1460	7105	7105	36	36	54	54	223	223	125	125	212	212	54	54	1538	1538	1822	1822	110	110	903	903	4	4	2	2	226	226	36	36	7899	7899	1373	1373	720	720	3038	3038	3743	3743	1900	1900	14120	14120	25767	25767	21309	21309	18837	18837	16573	16573	10276	10276	23	23	442	442	173	173	817	817	105879	105879	20923	20923	17	17	11	11	191	191	88	88	413	413	22	22	426	426	96	96	194	194	218	218	318	318	108	108	300	300	212	212	1739	1739	723	723	73	73	34	34	198	198	171	171
IND00312	187	187	1013	1013	14376	14376	14364	14364	12699	12699	11069	11069	167	167	9	9	109	109	53	53	1220	1220	794	794	148	148	240	240	31	31	38	38	241	241	181	181	6	6	11	11	81	81	151	151	302	302	169	169	782	782	1899	1899	2909	2909	2326	2326	15	15	6	6	125736	125736	123090	123090	638	638	1826	1826	3	3	2	2	3306	3306	2678	2678	8017	8017	1258	1258	5356	5356	216	216	10560	10560	15845	15845	19	19	8	8	16648	16648	2092	2092	86	86	110	110	71	71	95	95	79	79	52	52	159	159	721	721	680	680	82	82	5	5	1	1	72	72	18	18	6689	6689	1777	1777	193	193	3153	3153	679	679	3726	3726	10972	10972	5731	5731	28648	28648	13983	13983	4075	4075	13416	13416	269	269	23	23	626	626	762	762	113475	113475	84101	84101	39	39	22	22	95	95	58	58	33	33	121	121	293	293	464	464	189	189	398	398	506	506	411	411	495	495	342	342	1763	1763	365	365	104	104	69	69	42	42	174	174
IND00313	294	294	808	808	3866	3866	10474	10474	7623	7623	4147	4147	8	8	19	19	3	3	73	73	23	23	195	195	7	7	56	56	77	77	110	110	15	15	178	178	15	15	7	7	465	465	95	95	352	352	113	113	1048	1048	1917	1917	2319	2319	3917	3917	12	12	23	23	60371	60371	76323	76323	1045	1045	164	164	7	7	8	8	2112	2112	566	566	3175	3175	7008	7008	6026	6026	1150	1150	4996	4996	2245	2245	6	6	5	5	17119	17119	5945	5945	117	117	73	73	141	141	73	73	103	103	239	239	1664	1664	1362	1362	720	720	26	26	8	8	7	7	31	31	132	132	1791	1791	8126	8126	646	646	1239	1239	262	262	3569	3569	780	780	5198	5198	13518	13518	3508	3508	19688	19688	13614	13614	280	280	507	507	993	993	379	379	15314	15314	89675	89675	4	4	12	12	133	133	118	118	238	238	492	492	187	187	478	478	120	120	75	75	128	128	105	105	289	289	158	158	765	765	1409	1409	121	121	65	65	179	179	214	214
IND00314	521	521	983	983	6702	6702	16039	16039	685	685	1577	1577	365	365	148	148	54	54	25	25	1536	1536	1929	1929	141	141	103	103	32	32	9	9	19	19	78	78	3	3	14	14	177	177	206	206	423	423	240	240	1364	1364	359	359	269	269	1377	1377	18	18	22	22	19635	19635	92634	92634	612	612	908	908	8	8	3	3	245	245	562	562	7484	7484	5331	5331	7587	7587	1283	1283	15273	15273	6458	6458	19	19	17	17	2053	2053	9399	9399	49	49	75	75	5	5	70	70	145	145	45	45	2024	2024	1225	1225	353	353	794	794	1	1	1	1	193	193	115	115	1251	1251	2237	2237	1775	1775	2796	2796	2517	2517	3499	3499	1184	1184	6927	6927	3846	3846	3764	3764	20122	20122	32335	32335	858	858	927	927	164	164	442	442	85994	85994	122737	122737	48	48	51	51	109	109	134	134	15	15	342	342	170	170	259	259	122	122	460	460	102	102	85	85	410	410	211	211	1811	1811	429	429	95	95	52	52	16	16	167	167
IND00315	389	389	659	659	6818	6818	8002	8002	8122	8122	1590	1590	445	445	498	498	108	108	66	66	763	763	85	85	240	240	206	206	111	111	58	58	204	204	243	243	7	7	15	15	85	85	303	303	141	141	475	475	779	779	1596	1596	3595	3595	1894	1894	4	4	3	3	73726	73726	26046	26046	1189	1189	1620	1620	6	6	6	6	967	967	2205	2205	1853	1853	2818	2818	3151	3151	3748	3748	12718	12718	9906	9906	24	24	16	16	25225	25225	25916	25916	15	15	82	82	76	76	38	38	150	150	209	209	1799	1799	1330	1330	966	966	644	644	3	3	5	5	161	161	31	31	612	612	2434	2434	722	722	2021	2021	3695	3695	1837	1837	18421	18421	22984	22984	13948	13948	16928	16928	13445	13445	9735	9735	670	670	811	811	403	403	762	762	39289	39289	45536	45536	22	22	15	15	121	121	143	143	203	203	430	430	215	215	326	326	494	494	470	470	399	399	186	186	386	386	495	495	1069	1069	851	851	12	12	49	49	12	12	98	98
IND00316	2	2	672	672	13524	13524	13863	13863	8849	8849	7587	7587	11	11	241	241	123	123	121	121	1288	1288	1518	1518	42	42	171	171	96	96	82	82	172	172	151	151	3	3	1	1	134	134	403	403	337	337	376	376	1646	1646	593	593	1479	1479	3039	3039	30	30	13	13	74027	74027	129995	129995	694	694	1574	1574	6	6	3	3	805	805	870	870	2899	2899	3782	3782	2793	2793	4141	4141	12137	12137	5672	5672	15	15	12	12	26452	26452	17166	17166	12	12	36	36	52	52	190	190	59	59	35	35	758	758	2012	2012	991	991	990	990	7	7	7	7	248	248	187	187	5431	5431	2537	2537	1194	1194	3463	3463	4081	4081	1215	1215	17178	17178	7040	7040	24747	24747	26435	26435	9402	9402	13200	13200	25	25	255	255	811	811	997	997	64961	64961	69005	69005	33	33	34	34	240	240	115	115	475	475	480	480	386	386	175	175	22	22	110	110	328	328	239	239	111	111	41	41	1756	1756	370	370	70	70	30	30	236	236	241	241
IND00317	768	768	882	882	14837	14837	10652	10652	5110	5110	779	779	88	88	155	155	123	123	80	80	760	760	775	775	52	52	73	73	19	19	124	124	36	36	222	222	13	13	11	11	189	189	496	496	377	377	444	444	1017	1017	592	592	4021	4021	3715	3715	7	7	18	18	93218	93218	34205	34205	900	900	860	860	1	1	7	7	3216	3216	3155	3155	1320	1320	6750	6750	3910	3910	6736	6736	1796	1796	9164	9164	9	9	26	26	25294	25294	19178	19178	77	77	99	99	175	175	129	129	208	208	153	153	1934	1934	2006	2006	936	936	305	305	5	5	7	7	29	29	48	48	4828	4828	8003	8003	1739	1739	3071	3071	16	16	2494	2494	16148	16148	14345	14345	7482	7482	21685	21685	12840	12840	14329	14329	638	638	814	814	874	874	862	862	33901	33901	61694	61694	4	4	55	55	20	20	256	256	37	37	184	184	249	249	508	508	485	485	63	63	367	367	324	324	368	368	137	137	922	922	812	812	53	53	56	56	161	161	70	70
IND00318	861	861	587	587	6885	6885	14737	14737	10400	10400	8340	8340	331	331	387	387	117	117	15	15	208	208	740	740	28	28	57	57	114	114	10	10	230	230	108	108	2	2	2	2	254	254	20	20	215	215	193	193	682	682	954	954	1710	1710	2672	2672	2	2	30	30	127406	127406	40103	40103	1	1	586	586	7	7	3	3	1866	1866	2046	2046	7854	7854	4975	4975	3466	3466	7864	7864	187	187	15246	15246	12	12	12	12	30133	30133	9803	9803	89	89	88	88	135	135	146	146	156	156	11	11	1678	1678	1097	1097	635	635	907	907	4	4	1	1	102	102	234	234	2612	2612	286	286	1342	1342	118	118	1487	1487	2575	2575	4496	4496	22447	22447	9599	9599	9672	9672	20647	20647	13067	13067	467	467	683	683	934	934	926	926	91676	91676	92534	92534	16	16	5	5	117	117	219	219	490	490	355	355	80	80	379	379	371	371	507	507	249	249	7	7	201	201	380	380	1376	1376	1570	1570	25	25	81	81	251	251	105	105
IND00319	260	260	55	55	5745	5745	7374	7374	6301	6301	12215	12215	296	296	140	140	97	97	55	55	1518	1518	1351	1351	20	20	77	77	113	113	101	101	15	15	119	119	9	9	16	16	224	224	186	186	401	401	330	330	1349	1349	1226	1226	3383	3383	2063	2063	1	1	10	10	6096	6096	39386	39386	960	960	1836	1836	2	2	5	5	1450	1450	3865	3865	903	903	1935	1935	876	876	6346	6346	750	750	1332	1332	5	5	26	26	9823	9823	23551	23551	39	39	17	17	166	166	105	105	224	224	172	172	1201	1201	366	366	968	968	369	369	4	4	3	3	49	49	55	55	5636	5636	6945	6945	4040	4040	3188	3188	3284	3284	2376	2376	25654	25654	10578	10578	19774	19774	1151	1151	26013	26013	17880	17880	780	780	995	995	690	690	337	337	10923	10923	125167	125167	43	43	32	32	173	173	98	98	502	502	433	433	398	398	34	34	70	70	263	263	273	273	232	232	193	193	367	367	752	752	1134	1134	119	119	127	127	15	15	6	6
IND00320	698	698	990	990	11018	11018	9008	9008	8755	8755	2509	2509	442	442	300	300	3	3	16	16	530	530	1164	1164	88	88	68	68	115	115	11	11	82	82	92	92	10	10	2	2	317	317	285	285	222	222	217	217	1241	1241	171	171	2325	2325	3741	3741	21	21	10	10	46957	46957	124601	124601	1714	1714	1381	1381	4	4	5	5	2660	2660	2347	2347	6428	6428	6691	6691	1483	1483	2869	2869	4344	4344	3226	3226	6	6	23	23	11402	11402	31825	31825	99	99	112	112	77	77	32	32	247	247	144	144	2020	2020	344	344	157	157	599	599	2	2	7	7	253	253	52	52	7057	7057	5079	5079	3031	3031	2877	2877	470	470	177	177	24271	24271	28360	28360	23398	23398	13024	13024	8734	8734	7520	7520	35	35	204	204	552	552	135	135	25251	25251	106195	106195	40	40	54	54	252	252	225	225	158	158	482	482	113	113	292	292	315	315	272	272	81	81	147	147	176	176	15	15	1876	1876	877	877	124	124	56	56	1	1	70	70
IND00321	101	101	936	936	9843	9843	4500	4500	11206	11206	5984	5984	471	471	291	291	70	70	77	77	1493	1493	1099	1099	160	160	105	105	32	32	16	16	74	74	52	52	8	8	7	7	226	226	419	419	257	257	133	133	722	722	276	276	1992	1992	3514	3514	8	8	20	20	13647	13647	53102	53102	766	766	1763	1763	6	6	4	4	1214	1214	1943	1943	7385	7385	780	780	392	392	6460	6460	3886	3886	12880	12880	16	16	13	13	16636	16636	11374	11374	91	91	36	36	104	104	234	234	206	206	75	75	1549	1549	112	112	1013	1013	671	671	2	2	7	7	256	256	45	45	1443	1443	5310	5310	1356	1356	4040	4040	3743	3743	3899	3899	17785	17785	5060	5060	7577	7577	1882	1882	25095	25095	12921	12921	682	682	915	915	275	275	1023	1023	122242	122242	121701	121701	47	47	64	64	217	217	16	16	291	291	462	462	466	466	35	35	318	318	133	133	5	5	30	30	136	136	348	348	1054	1054	2026	2026	32	32	104	104	171	171	208	208
IND00322	315	315	361	361	11020	11020	4072	4072	10186	10186	2644	2644	427	427	143	143	48	48	84	84	990	990	1211	1211	164	164	147	147	97	97	82	82	140	140	256	256	11	11	12	12	465	465	485	485	43	43	245	245	1506	1506	1816	1816	114	114	2656	2656	16	16	23	23	15952	15952	3856	3856	878	878	1478	1478	6	6	8	8	3814	3814	2357	2357	4887	4887	4875	4875	6404	6404	6116	6116	6405	6405	5636	5636	15	15	6	6	14623	14623	8912	8912	13	13	2	2	234	234	198	198	74	74	40	40	396	396	714	714	361	361	894	894	7	7	1	1	256	256	215	215	1149	1149	8177	8177	2452	2452	206	206	3568	3568	1799	1799	41	41	6324	6324	28827	28827	13274	13274	26492	26492	24010	24010	54	54	965	965	368	368	586	586	103629	103629	76586	76586	59	59	49	49	204	204	186	186	312	312	2	2	218	218	118	118	151	151	457	457	332	332	310	310	370	370	404	404	1968	1968	2007	2007	68	68	17	17	182	182	217	217
IND00323	201	201	285	285	4539	4539	15330	15330	2255	2255	15419	15419	328	328	221	221	7	7	38	38	748	748	1394	1394	12	12	230	230	122	122	2	2	121	121	162	162	6	6	2	2	455	455	368	368	171	171	351	351	2045	2045	291	291	3204	3204	2152	2152	14	14	30	30	104151	104151	22079	22079	1668	1668	199	199	3	3	2	2	3116	3116	3494	3494	7904	7904	7546	7546	382	382	775	775	10007	10007	15297	15297	32	32	21	21	30194	30194	22583	22583	54	54	104	104	47	47	37	37	40	40	172	172	1706	1706	1984	1984	540	540	535	535	8	8	1	1	194	194	130	130	1974	1974	527	527	1102	1102	1646	1646	1988	1988	2102	2102	21499	21499	27806	27806	25542	25542	27981	27981	6447	6447	3510	3510	475	475	323	323	547	547	951	951	45852	45852	123920	123920	55	55	51	51	116	116	106	106	147	147	96	96	505	505	182	182	74	74	82	82	41	41	157	157	83	83	372	372	186	186	578	578	55	55	12	12	125	125	220	220
IND00324	940	940	540	540	7878	7878	10172	10172	6679	6679	7054	7054	101	101	355	355	52	52	121	121	1832	1832	1878	1878	156	156	125	125	51	51	119	119	77	77	93	93	5	5	12	12	127	127	227	227	449	449	359	359	263	263	1470	1470	3944	3944	722	722	17	17	17	17	93695	93695	73897	73897	551	551	1613	1613	2	2	3	3	2947	2947	3980	3980	525	525	6040	6040	2572	2572	7302	7302	5472	5472	13986	13986	13	13	8	8	22104	22104	3819	3819	67	67	20	20	25	25	164	164	190	190	201	201	1441	1441	350	350	746	746	191	191	1	1	5	5	189	189	81	81	5325	5325	3064	3064	958	958	3401	3401	2431	2431	3724	3724	6171	6171	6669	6669	25078	25078	3380	3380	22856	22856	8134	8134	789	789	833	833	482	482	655	655	98410	98410	56468	56468	50	50	15	15	34	34	125	125	445	445	457	457	206	206	34	34	337	337	231	231	98	98	135	135	480	480	80	80	685	685	1166	1166	123	123	76	76	201	201	228	228
IND00325	425	425	397	397	1079	1079	6747	6747	4146	4146	1199	1199	326	326	376	376	113	113	89	89	1212	1212	1644	1644	48	48	11	11	84	84	52	52	71	71	119	119	4	4	5	5	277	277	19	19	55	55	308	308	1221	1221	1743	1743	1651	1651	1526	1526	4	4	26	26	63212	63212	77333	77333	1671	1671	466	466	3	3	8	8	2400	2400	1688	1688	5736	5736	2839	2839	1313	1313	5187	5187	3422	3422	15991	15991	1	1	2	2	7161	7161	24006	24006	75	75	22	22	120	120	138	138	167	167	100	100	1976	1976	1451	1451	751	751	491	491	1	1	1	1	188	188	97	97	6493	6493	2282	2282	1509	1509	3619	3619	3037	3037	2087	2087	23415	23415	9441	9441	31131	31131	28513	28513	23062	23062	32696	32696	233	233	519	519	527	527	729	729	102179	102179	3240	3240	5	5	60	60	145	145	229	229	117	117	258	258	206	206	285	285	137	137	113	113	205	205	20	20	40	40	258	258	22	22	1092	1092	30	30	100	100	56	56	44	44
IND00326	564	564	532	532	10053	10053	16326	16326	11268	11268	13691	13691	324	324	504	504	74	74	9	9	1787	1787	610	610	68	68	204	204	84	84	18	18	34	34	16	16	1	1	9	9	264	264	480	480	505	505	447	447	1619	1619	1595	1595	190	190	2003	2003	2	2	9	9	12836	12836	16810	16810	1019	1019	1739	1739	2	2	1	1	2947	2947	2826	2826	3959	3959	2646	2646	5476	5476	5116	5116	10900	10900	9494	9494	17	17	26	26	2091	2091	2709	2709	48	48	54	54	76	76	110	110	184	184	22	22	1106	1106	1864	1864	570	570	641	641	8	8	7	7	16	16	196	196	5311	5311	360	360	43	43	2482	2482	1735	1735	854	854	1619	1619	14624	14624	14943	14943	3157	3157	28895	28895	17685	17685	714	714	856	856	903	903	326	326	59531	59531	65634	65634	15	15	17	17	53	53	29	29	495	495	380	380	294	294	329	329	62	62	77	77	101	101	310	310	103	103	370	370	227	227	1376	1376	71	71	24	24	100	100	37	37
IND00327	414	414	873	873	15707	15707	14079	14079	13825	13825	4551	4551	379	379	112	112	96	96	77	77	1771	1771	1132	1132	79	79	199	199	81	81	21	21	142	142	65	65	8	8	10	10	242	242	128	128	252	252	391	391	1260	1260	1085	1085	762	762	2486	2486	7	7	17	17	1388	1388	72717	72717	270	270	1668	1668	5	5	3	3	3351	3351	3204	3204	7488	7488	1252	1252	3022	3022	5513	5513	210	210	14717	14717	5	5	19	19	30220	30220	2022	2022	101	101	119	119	218	218	158	158	107	107	14	14	104	104	227	227	87	87	733	733	8	8	3	3	246	246	5	5	7360	7360	3162	3162	1307	1307	2476	2476	3406	3406	1223	1223	14606	14606	19368	19368	9181	9181	21675	21675	1606	1606	22274	22274	655	655	85	85	955	955	763	763	111535	111535	24240	24240	15	15	30	30	32	32	59	59	507	507	202	202	415	415	65	65	317	317	46	46	111	111	258	258	242	242	221	221	1855	1855	315	315	66	66	126	126	146	146	149	149
IND00328	169	169	495	495	13370	13370	6952	6952	2711	2711	14634	14634	426	426	363	363	109	109	53	53	491	491	174	174	162	162	155	155	78	78	110	110	21	21	95	95	5	5	5	5	301	301	169	169	187	187	481	481	1360	1360	2033	2033	1079	1079	2945	2945	13	13	19	19	101367	101367	87249	87249	1064	1064	463	463	3	3	6	6	3360	3360	1673	1673	2557	2557	7986	7986	444	444	6968	6968	1384	1384	9988	9988	28	28	18	18	29196	29196	5021	5021	108	108	81	81	73	73	221	221	27	27	71	71	350	350	1147	1147	746	746	431	431	5	5	6	6	20	20	136	136	5936	5936	5296	5296	3312	3312	2904	2904	147	147	371	371	18694	18694	30230	30230	23785	23785	5626	5626	25137	25137	2771	2771	126	126	564	564	390	390	962	962	22347	22347	108899	108899	48	48	25	25	186	186	219	219	119	119	309	309	398	398	135	135	263	263	164	164	493	493	447	447	40	40	353	353	745	745	929	929	41	41	116	116	233	233	147	147
IND00329	465	465	677	677	10583	10583	791	791	14465	14465	4705	4705	113	113	285	285	103	103	83	83	805	805	650	650	20	20	114	114	31	31	4	4	205	205	194	194	8	8	4	4	108	108	37	37	310	310	23	23	1895	1895	188	188	2565	2565	3229	3229	23	23	12	12	101954	101954	18360	18360	571	571	359	359	3	3	2	2	1792	1792	18	18	851	851	778	778	7317	7317	977	977	8037	8037	9351	9351	22	22	22	22	27731	27731	11261	11261	42	42	77	77	16	16	253	253	246	246	220	220	1771	1771	1811	1811	686	686	942	942	8	8	7	7	237	237	9	9	3916	3916	5582	5582	1833	1833	3581	3581	1759	1759	3884	3884	583	583	12621	12621	21375	21375	17295	17295	32481	32481	10307	10307	412	412	393	393	829	829	632	632	102284	102284	123738	123738	9	9	7	7	233	233	62	62	215	215	86	86	307	307	180	180	169	169	168	168	245	245	54	54	353	353	222	222	1897	1897	773	773	36	36	3	3	62	62	99	99
IND00330	695	695	804	804	1264	1264	1207	1207	14666	14666	14859	14859	103	103	191	191	9	9	78	78	1279	1279	522	522	144	144	119	119	9	9	88	88	254	254	166	166	9	9	16	16	173	173	106	106	196	196	316	316	1683	1683	817	817	686	686	2754	2754	5	5	20	20	93609	93609	21582	21582	1958	1958	147	147	6	6	8	8	3749	3749	3720	3720	5321	5321	343	343	5743	5743	1410	1410	9803	9803	7261	7261	6	6	27	27	27628	27628	32486	32486	14	14	5	5	214	214	148	148	87	87	237	237	1166	1166	1368	1368	349	349	534	534	4	4	5	5	169	169	150	150	6957	6957	5183	5183	3318	3318	4054	4054	1669	1669	3955	3955	18293	18293	18163	18163	28380	28380	564	564	29611	29611	23734	23734	866	866	637	637	849	849	7	7	25773	25773	39514	39514	19	19	57	57	3	3	2	2	355	355	503	503	64	64	504	504	498	498	261	261	345	345	176	176	211	211	112	112	1211	1211	257	257	63	63	23	23	10	10	238	238
IND00331	775	775	99	99	8265	8265	14388	14388	7144	7144	87	87	503	503	145	145	17	17	20	20	1760	1760	1352	1352	122	122	8	8	27	27	80	80	14	14	215	215	6	6	2	2	255	255	373	373	274	274	231	231	1414	1414	1376	1376	1258	1258	2103	2103	11	11	10	10	27303	27303	27014	27014	1605	1605	466	466	5	5	6	6	3394	3394	1164	1164	4721	4721	5465	5465	6573	6573	3312	3312	791	791	4366	4366	10	10	1	1	11872	11872	9667	9667	119	119	60	60	10	10	180	180	37	37	123	123	2036	2036	866	866	844	844	426	426	8	8	4	4	50	50	171	171	1411	1411	1150	1150	1100	1100	3516	3516	2131	2131	3815	3815	21089	21089	5578	5578	6405	6405	8246	8246	29006	29006	16239	16239	219	219	354	354	304	304	991	991	44715	44715	62297	62297	43	43	4	4	152	152	118	118	327	327	68	68	15	15	183	183	418	418	337	337	269	269	85	85	409	409	47	47	2043	2043	556	556	71	71	16	16	217	217	67	67
IND00332	176	176	544	544	6681	6681	6755	6755	1801	1801	5712	5712	322	322	191	191	102	102	26	26	376	376	709	709	193	193	231	231	66	66	64	64	33	33	66	66	11	11	14	14	167	167	73	73	212	212	369	369	381	381	1384	1384	1595	1595	181	181	23	23	22	22	92986	92986	63973	63973	1317	1317	1238	1238	1	1	6	6	410	410	3545	3545	3174	3174	7363	7363	5556	5556	45	45	12548	12548	4989	4989	15	15	27	27	4095	4095	5078	5078	121	121	5	5	25	25	133	133	48	48	219	219	1241	1241	329	329	304	304	859	859	4	4	2	2	41	41	171	171	2707	2707	2411	2411	1326	1326	3220	3220	3719	3719	3868	3868	16777	16777	8876	8876	20757	20757	14825	14825	30102	30102	20911	20911	459	459	813	813	295	295	755	755	14813	14813	54686	54686	9	9	64	64	197	197	44	44	406	406	478	478	382	382	483	483	248	248	163	163	63	63	219	219	366	366	386	386	202	202	75	75	45	45	23	23	61	61	78	78
IND00333	641	641	743	743	9164	9164	13467	13467	1048	1048	7091	7091	291	291	98	98	68	68	19	19	1187	1187	765	765	247	247	118	118	38	38	126	126	35	35	53	53	13	13	4	4	239	239	2	2	408	408	405	405	822	822	916	916	1641	1641	1278	1278	3	3	18	18	125106	125106	374	374	425	425	142	142	1	1	6	6	1741	1741	583	583	4899	4899	325	325	2997	2997	2249	2249	6575	6575	541	541	26	26	6	6	10326	10326	22240	22240	22	22	49	49	244	244	196	196	238	238	14	14	1430	1430	1910	1910	172	172	465	465	7	7	7	7	166	166	120	120	7208	7208	1603	1603	2825	2825	2168	2168	1601	1601	1306	1306	2032	2032	23466	23466	21912	21912	4036	4036	14415	14415	25289	25289	433	433	65	65	826	826	277	277	89799	89799	117695	117695	42	42	12	12	87	87	203	203	113	113	236	236	100	100	254	254	189	189	42	42	173	173	269	269	8	8	14	14	648	648	2025	2025	102	102	98	98	28	28	48	48
IND00334	99	99	716	716	14484	14484	16124	16124	1970	1970	14735	14735	438	438	102	102	27	27	26	26	181	181	1665	1665	113	113	13	13	55	55	79	79	98	98	5	5	11	11	5	5	413	413	21	21	94	94	245	245	1322	1322	1477	1477	4078	4078	1089	1089	26	26	27	27	82946	82946	67624	67624	709	709	642	642	1	1	6	6	3082	3082	780	780	5098	5098	6560	6560	6944	6944	5254	5254	14818	14818	6041	6041	23	23	1	1	12578	12578	14202	14202	55	55	112	112	72	72	246	246	238	238	41	41	470	470	51	51	818	818	528	528	7	7	3	3	112	112	144	144	3505	3505	720	720	3792	3792	2791	2791	2901	2901	3277	3277	30891	30891	17008	17008	32378	32378	4745	4745	1580	1580	20703	20703	334	334	855	855	1020	1020	914	914	88799	88799	19147	19147	46	46	22	22	113	113	165	165	162	162	415	415	325	325	212	212	373	373	1	1	73	73	16	16	420	420	253	253	617	617	1568	1568	108	108	16	16	186	186	168	168
IND00335	804	804	980	980	15005	15005	2421	2421	6087	6087	12001	12001	475	475	72	72	45	45	54	54	344	344	769	769	24	24	175	175	92	92	106	106	189	189	46	46	4	4	11	11	92	92	342	342	493	493	56	56	1125	1125	1296	1296	1329	1329	3749	3749	25	25	15	15	3499	3499	125441	125441	1411	1411	869	869	3	3	1	1	305	305	1962	1962	2373	2373	2483	2483	2312	2312	1925	1925	7798	7798	15801	15801	24	24	16	16	2956	2956	20721	20721	50	50	101	101	136	136	17	17	100	100	181	181	603	603	1385	1385	86	86	406	406	1	1	4	4	241	241	217	217	3893	3893	677	677	378	378	454	454	724	724	2792	2792	13540	13540	26465	26465	27711	27711	30163	30163	17298	17298	15031	15031	780	780	383	383	757	757	578	578	2504	2504	75752	75752	15	15	5	5	178	178	239	239	362	362	30	30	424	424	404	404	296	296	15	15	204	204	3	3	243	243	395	395	1020	1020	176	176	9	9	24	24	91	91	237	237
IND00336	200	200	783	783	5787	5787	78	78	8414	8414	4547	4547	63	63	124	124	82	82	102	102	1369	1369	433	433	123	123	224	224	122	122	11	11	238	238	99	99	6	6	12	12	101	101	176	176	335	335	250	250	498	498	1886	1886	2876	2876	1462	1462	5	5	15	15	56258	56258	81895	81895	1756	1756	509	509	1	1	8	8	2571	2571	2324	2324	6278	6278	3252	3252	3082	3082	5963	5963	929	929	3309	3309	21	21	27	27	8222	8222	4885	4885	77	77	81	81	60	60	110	110	247	247	87	87	809	809	51	51	382	382	776	776	3	3	7	7	12	12	181	181	4257	4257	368	368	1577	1577	2779	2779	1807	1807	954	954	18496	18496	5072	5072	24386	24386	30120	30120	21814	21814	9859	9859	838	838	280	280	489	489	272	272	45340	45340	122367	122367	47	47	64	64	81	81	246	246	309	309	90	90	149	149	299	299	174	174	294	294	420	420	290	290	192	192	301	301	2025	2025	1212	1212	41	41	84	84	163	163	71	71
IND00337	456	456	868	868	1267	1267	6421	6421	6915	6915	4747	4747	126	126	89	89	62	62	55	55	65	65	1677	1677	58	58	250	250	40	40	83	83	58	58	131	131	3	3	16	16	407	407	164	164	466	466	439	439	1055	1055	1705	1705	3422	3422	3562	3562	20	20	11	11	89330	89330	67146	67146	477	477	148	148	8	8	8	8	2619	2619	197	197	4499	4499	1063	1063	2212	2212	7469	7469	2158	2158	6564	6564	32	32	18	18	25688	25688	2589	2589	19	19	80	80	27	27	22	22	68	68	231	231	1370	1370	213	213	123	123	281	281	5	5	3	3	111	111	117	117	4295	4295	4831	4831	1682	1682	2030	2030	3095	3095	164	164	16839	16839	16277	16277	10339	10339	25323	25323	20395	20395	9690	9690	568	568	831	831	612	612	76	76	50018	50018	12965	12965	19	19	8	8	238	238	187	187	385	385	245	245	170	170	140	140	432	432	387	387	505	505	237	237	231	231	265	265	790	790	60	60	38	38	82	82	150	150	187	187
IND00338	961	961	990	990	355	355	12547	12547	5892	5892	14092	14092	282	282	207	207	88	88	13	13	669	669	85	85	238	238	133	133	110	110	47	47	4	4	191	191	11	11	4	4	15	15	294	294	416	416	314	314	723	723	311	311	1698	1698	3648	3648	7	7	1	1	5269	5269	84234	84234	600	600	1572	1572	3	3	8	8	1091	1091	2879	2879	3866	3866	5188	5188	6129	6129	4263	4263	7539	7539	4233	4233	22	22	2	2	17795	17795	31689	31689	31	31	60	60	228	228	59	59	157	157	237	237	1994	1994	399	399	969	969	565	565	3	3	8	8	174	174	193	193	885	885	3690	3690	698	698	613	613	4007	4007	1127	1127	25610	25610	3527	3527	11809	11809	10897	10897	6500	6500	7096	7096	1023	1023	958	958	632	632	304	304	16338	16338	101215	101215	32	32	48	48	136	136	27	27	215	215	376	376	102	102	104	104	244	244	28	28	274	274	22	22	346	346	346	346	534	534	1545	1545	8	8	51	51	207	207	205	205
IND00339	642	642	137	137	4911	4911	13695	13695	11858	11858	734	734	494	494	421	421	10	10	70	70	825	825	815	815	26	26	2	2	87	87	75	75	194	194	106	106	4	4	7	7	305	305	415	415	207	207	299	299	305	305	1192	1192	1048	1048	2064	2064	5	5	13	13	24635	24635	111999	111999	1777	1777	2039	2039	3	3	5	5	1643	1643	1598	1598	1557	1557	170	170	2604	2604	3321	3321	13538	13538	7705	7705	1	1	23	23	6786	6786	16472	16472	69	69	123	123	127	127	146	146	246	246	175	175	12	12	426	426	629	629	906	906	7	7	7	7	110	110	251	251	3179	3179	3210	3210	2369	2369	3583	3583	591	591	1314	1314	27258	27258	18389	18389	2464	2464	14281	14281	11438	11438	1321	1321	849	849	454	454	854	854	62	62	93243	93243	39647	39647	18	18	61	61	54	54	3	3	265	265	499	499	453	453	117	117	286	286	473	473	326	326	471	471	288	288	130	130	1261	1261	1973	1973	118	118	87	87	64	64	97	97
IND00340	304	304	845	845	8307	8307	11072	11072	6115	6115	6016	6016	404	404	274	274	122	122	23	23	1197	1197	1124	1124	228	228	193	193	67	67	62	62	23	23	92	92	7	7	10	10	11	11	307	307	162	162	269	269	1903	1903	1691	1691	2166	2166	2559	2559	20	20	30	30	109366	109366	122362	122362	607	607	1991	1991	5	5	2	2	1407	1407	4058	4058	1475	1475	6239	6239	2347	2347	4046	4046	2899	2899	8004	8004	21	21	28	28	3441	3441	15993	15993	23	23	69	69	243	243	21	21	114	114	152	152	104	104	1721	1721	462	462	468	468	2	2	8	8	158	158	242	242	1717	1717	2387	2387	3169	3169	2670	2670	2009	2009	2537	2537	23204	23204	31049	31049	25776	25776	8352	8352	7884	7884	13175	13175	446	446	172	172	88	88	303	303	37655	37655	31040	31040	55	55	55	55	111	111	10	10	291	291	420	420	481	481	497	497	401	401	33	33	424	424	36	36	346	346	44	44	331	331	1484	1484	102	102	91	91	60	60	129	129
IND00341	842	842	336	336	14616	14616	1034	1034	7716	7716	3734	3734	111	111	257	257	128	128	61	61	372	372	61	61	149	149	157	157	93	93	26	26	121	121	182	182	5	5	2	2	47	47	480	480	468	468	20	20	1344	1344	438	438	796	796	3874	3874	11	11	31	31	19757	19757	33663	33663	868	868	1616	1616	1	1	8	8	531	531	3436	3436	2939	2939	6857	6857	2166	2166	6854	6854	4010	4010	2359	2359	18	18	15	15	27503	27503	7780	7780	50	50	15	15	241	241	215	215	117	117	147	147	585	585	732	732	482	482	625	625	5	5	2	2	221	221	71	71	5097	5097	464	464	969	969	3022	3022	796	796	999	999	20725	20725	5921	5921	27244	27244	4029	4029	5213	5213	27988	27988	415	415	824	824	239	239	730	730	102202	102202	58422	58422	11	11	24	24	89	89	189	189	209	209	312	312	148	148	298	298	28	28	154	154	144	144	58	58	107	107	204	204	1346	1346	1872	1872	111	111	78	78	169	169	253	253
IND00342	87	87	759	759	13896	13896	5612	5612	676	676	12004	12004	239	239	8	8	59	59	120	120	1467	1467	803	803	122	122	46	46	59	59	88	88	164	164	239	239	4	4	4	4	328	328	136	136	27	27	101	101	1364	1364	1149	1149	3857	3857	1938	1938	1	1	7	7	96432	96432	30072	30072	418	418	824	824	2	2	7	7	448	448	38	38	233	233	3514	3514	2661	2661	6210	6210	7307	7307	5065	5065	28	28	25	25	15851	15851	2921	2921	128	128	90	90	92	92	9	9	222	222	245	245	1057	1057	1364	1364	188	188	453	453	7	7	4	4	139	139	21	21	691	691	1953	1953	1095	1095	2752	2752	83	83	1282	1282	30844	30844	30289	30289	23597	23597	8859	8859	1494	1494	14058	14058	453	453	548	548	42	42	591	591	35300	35300	60951	60951	32	32	10	10	2	2	3	3	281	281	432	432	324	324	169	169	482	482	1	1	507	507	123	123	233	233	347	347	1107	1107	1698	1698	59	59	19	19	73	73	206	206
IND00343	960	960	460	460	7403	7403	12074	12074	7439	7439	14619	14619	11	11	63	63	124	124	35	35	281	281	1215	1215	63	63	92	92	22	22	19	19	45	45	188	188	10	10	7	7	396	396	230	230	198	198	372	372	1407	1407	1424	1424	458	458	3226	3226	14	14	9	9	104664	104664	116098	116098	440	440	1098	1098	6	6	7	7	1673	1673	1541	1541	2754	2754	1245	1245	2715	2715	41	41	812	812	6822	6822	21	21	2	2	2133	2133	14544	14544	18	18	16	16	33	33	203	203	234	234	86	86	575	575	1247	1247	392	392	296	296	8	8	4	4	52	52	140	140	5135	5135	4522	4522	3553	3553	657	657	2658	2658	299	299	9783	9783	29426	29426	15761	15761	25585	25585	13250	13250	23308	23308	310	310	481	481	307	307	685	685	104737	104737	17395	17395	23	23	31	31	213	213	50	50	27	27	405	405	172	172	422	422	498	498	5	5	510	510	174	174	412	412	79	79	1493	1493	613	613	36	36	110	110	101	101	184	184
IND00344	472	472	517	517	4938	4938	3429	3429	5062	5062	10851	10851	143	143	70	70	91	91	94	94	1305	1305	8	8	241	241	2	2	78	78	71	71	45	45	199	199	16	16	10	10	164	164	277	277	316	316	338	338	1420	1420	620	620	1152	1152	808	808	8	8	24	24	11612	11612	115410	115410	1546	1546	369	369	5	5	5	5	3	3	3460	3460	1094	1094	5778	5778	1614	1614	8153	8153	4024	4024	14784	14784	8	8	30	30	21343	21343	23545	23545	44	44	92	92	208	208	83	83	192	192	188	188	1709	1709	510	510	842	842	516	516	2	2	3	3	248	248	76	76	3597	3597	4091	4091	3886	3886	3412	3412	3466	3466	188	188	3761	3761	22918	22918	16975	16975	22121	22121	32737	32737	3084	3084	492	492	706	706	537	537	544	544	93908	93908	16412	16412	39	39	28	28	101	101	97	97	17	17	325	325	491	491	449	449	267	267	4	4	191	191	409	409	291	291	326	326	1674	1674	1999	1999	72	72	105	105	16	16	135	135
IND00345	23	23	981	981	2293	2293	14765	14765	11001	11001	2715	2715	320	320	66	66	100	100	14	14	349	349	985	985	247	247	60	60	80	80	80	80	44	44	47	47	13	13	12	12	427	427	97	97	328	328	472	472	1185	1185	1255	1255	3829	3829	2560	2560	30	30	11	11	40776	40776	8171	8171	995	995	689	689	4	4	2	2	88	88	1673	1673	4000	4000	1379	1379	5562	5562	3748	3748	7659	7659	2432	2432	10	10	10	10	311	311	19986	19986	19	19	81	81	130	130	70	70	103	103	132	132	771	771	1859	1859	463	463	125	125	6	6	1	1	92	92	69	69	7240	7240	1997	1997	1978	1978	2044	2044	3933	3933	1295	1295	10044	10044	2103	2103	14552	14552	29599	29599	32386	32386	11527	11527	967	967	199	199	238	238	58	58	47417	47417	111273	111273	58	58	36	36	231	231	70	70	446	446	38	38	266	266	506	506	40	40	248	248	503	503	410	410	152	152	400	400	1018	1018	1715	1715	12	12	59	59	252	252	109	109
IND00346	780	780	1009	1009	4909	4909	15332	15332	15033	15033	10422	10422	38	38	98	98	22	22	21	21	2045	2045	400	400	254	254	141	141	100	100	126	126	17	17	196	196	6	6	5	5	501	501	435	435	378	378	50	50	1754	1754	157	157	4004	4004	513	513	19	19	2	2	52170	52170	33828	33828	1408	1408	1536	1536	3	3	3	3	3898	3898	2258	2258	3939	3939	3406	3406	430	430	3578	3578	11649	11649	9458	9458	27	27	17	17	22993	22993	29834	29834	115	115	4	4	91	91	50	50	53	53	143	143	513	513	1293	1293	351	351	484	484	8	8	2	2	178	178	181	181	380	380	6120	6120	270	270	1034	1034	1263	1263	2913	2913	23742	23742	7205	7205	32197	32197	12386	12386	25581	25581	15358	15358	601	601	893	893	673	673	542	542	81038	81038	49405	49405	32	32	13	13	211	211	176	176	64	64	334	334	288	288	508	508	198	198	211	211	162	162	314	314	320	320	21	21	1004	1004	1635	1635	7	7	1	1	131	131	161	161
IND00347	760	760	243	243	14241	14241	14368	14368	428	428	14245	14245	128	128	354	354	14	14	112	112	74	74	1138	1138	17	17	186	186	77	77	104	104	243	243	220	220	10	10	8	8	19	19	218	218	429	429	212	212	154	154	181	181	2911	2911	1313	1313	8	8	4	4	122089	122089	114324	114324	1259	1259	1675	1675	5	5	5	5	177	177	296	296	7569	7569	7452	7452	7136	7136	3349	3349	2548	2548	13698	13698	29	29	1	1	39	39	13699	13699	76	76	62	62	68	68	212	212	153	153	58	58	1784	1784	1107	1107	681	681	782	782	2	2	7	7	235	235	75	75	4617	4617	6697	6697	520	520	2378	2378	2068	2068	1029	1029	27072	27072	12802	12802	32344	32344	11888	11888	13854	13854	6882	6882	3	3	564	564	247	247	534	534	9618	9618	101843	101843	32	32	36	36	47	47	43	43	205	205	150	150	375	375	198	198	19	19	206	206	308	308	109	109	57	57	307	307	1608	1608	1121	1121	100	100	5	5	10	10	207	207
IND00348	11	11	988	988	3516	3516	3231	3231	14482	14482	7879	7879	302	302	378	378	20	20	92	92	250	250	876	876	101	101	161	161	102	102	124	124	235	235	59	59	14	14	16	16	458	458	101	101	207	207	365	365	1503	1503	1059	1059	2302	2302	3171	3171	20	20	20	20	112542	112542	93541	93541	1873	1873	1636	1636	1	1	2	2	2538	2538	3683	3683	5757	5757	1052	1052	5127	5127	6903	6903	8779	8779	8545	8545	17	17	3	3	4932	4932	18695	18695	124	124	113	113	12	12	16	16	247	247	251	251	1462	1462	142	142	442	442	732	732	4	4	6	6	22	22	248	248	5806	5806	6892	6892	1366	1366	3478	3478	4071	4071	3436	3436	26967	26967	27009	27009	12141	12141	22867	22867	24752	24752	11540	11540	328	328	830	830	619	619	267	267	67857	67857	40535	40535	21	21	35	35	215	215	83	83	168	168	270	270	468	468	33	33	378	378	56	56	283	283	357	357	485	485	479	479	475	475	519	519	54	54	67	67	62	62	65	65
IND00349	500	500	68	68	9598	9598	13917	13917	6640	6640	1849	1849	412	412	410	410	34	34	34	34	548	548	1071	1071	208	208	218	218	113	113	85	85	94	94	147	147	5	5	9	9	29	29	435	435	397	397	435	435	1946	1946	755	755	3043	3043	968	968	14	14	4	4	54319	54319	105882	105882	1030	1030	1662	1662	1	1	6	6	3239	3239	906	906	4972	4972	6439	6439	2382	2382	6523	6523	10096	10096	10369	10369	10	10	10	10	3451	3451	30780	30780	2	2	120	120	10	10	244	244	226	226	228	228	1282	1282	1459	1459	366	366	94	94	8	8	4	4	58	58	58	58	4384	4384	377	377	3057	3057	1076	1076	503	503	1955	1955	13925	13925	2561	2561	15587	15587	10381	10381	9853	9853	15855	15855	26	26	596	596	270	270	768	768	3687	3687	24716	24716	47	47	63	63	196	196	12	12	45	45	1	1	459	459	94	94	314	314	207	207	17	17	473	473	245	245	386	386	560	560	742	742	114	114	120	120	31	31	66	66
IND00350	806	806	93	93	14820	14820	12947	12947	12144	12144	4478	4478	227	227	487	487	104	104	33	33	998	998	257	257	63	63	184	184	30	30	73	73	227	227	192	192	13	13	4	4	47	47	240	240	474	474	161	161	362	362	686	686	2795	2795	3954	3954	22	22	14	14	129070	129070	90520	90520	757	757	586	586	1	1	5	5	1578	1578	2154	2154	5247	5247	6414	6414	4561	4561	6001	6001	13460	13460	4928	4928	31	31	2	2	27914	27914	9408	9408	98	98	107	107	128	128	56	56	18	18	216	216	1073	1073	1690	1690	779	779	803	803	7	7	8	8	129	129	59	59	2457	2457	2364	2364	1169	1169	3378	3378	3334	3334	2285	2285	16329	16329	17839	17839	21487	21487	27630	27630	27113	27113	6755	6755	580	580	503	503	138	138	911	911	4983	4983	26986	26986	59	59	14	14	148	148	5	5	198	198	162	162	144	144	320	320	200	200	484	484	33	33	415	415	487	487	154	154	1059	1059	181	181	3	3	18	18	243	243	194	194
IND00351	205	205	548	548	8489	8489	1744	1744	9890	9890	9226	9226	193	193	142	142	37	37	55	55	1027	1027	1589	1589	144	144	240	240	81	81	34	34	192	192	92	92	14	14	8	8	23	23	243	243	235	235	501	501	1030	1030	339	339	3336	3336	3818	3818	23	23	8	8	32905	32905	63965	63965	802	802	1073	1073	1	1	6	6	2889	2889	3488	3488	6011	6011	3779	3779	7347	7347	7739	7739	16131	16131	10175	10175	30	30	29	29	17934	17934	12531	12531	12	12	48	48	113	113	132	132	240	240	256	256	270	270	1254	1254	670	670	223	223	6	6	6	6	95	95	154	154	5391	5391	413	413	3300	3300	1013	1013	3797	3797	40	40	1254	1254	7692	7692	13468	13468	14188	14188	25300	25300	28895	28895	525	525	121	121	407	407	574	574	31413	31413	80332	80332	53	53	14	14	65	65	24	24	291	291	54	54	355	355	8	8	328	328	509	509	318	318	202	202	278	278	304	304	1600	1600	469	469	9	9	19	19	150	150	115	115
IND00352	33	33	376	376	14387	14387	5301	5301	8500	8500	1501	1501	287	287	434	434	101	101	71	71	604	604	313	313	171	171	215	215	46	46	26	26	7	7	172	172	8	8	12	12	71	71	508	508	352	352	102	102	1910	1910	583	583	3911	3911	690	690	16	16	29	29	14719	14719	78522	78522	703	703	1431	1431	4	4	1	1	2645	2645	242	242	2673	2673	219	219	3269	3269	5914	5914	1981	1981	7405	7405	11	11	17	17	31907	31907	1762	1762	79	79	30	30	14	14	174	174	166	166	82	82	1190	1190	517	517	584	584	249	249	8	8	7	7	255	255	188	188	299	299	3267	3267	4013	4013	2415	2415	1140	1140	2745	2745	289	289	6101	6101	21590	21590	26403	26403	23799	23799	29059	29059	543	543	204	204	594	594	419	419	6876	6876	111839	111839	21	21	23	23	153	153	163	163	508	508	376	376	326	326	157	157	159	159	512	512	13	13	350	350	294	294	59	59	224	224	202	202	8	8	119	119	35	35	138	138
IND00353	915	915	784	784	9726	9726	3089	3089	11283	11283	13544	13544	390	390	504	504	72	72	56	56	1474	1474	590	590	173	173	59	59	61	61	102	102	158	158	195	195	11	11	15	15	373	373	456	456	244	244	347	347	1131	1131	1849	1849	357	357	752	752	11	11	12	12	111016	111016	95359	95359	440	440	678	678	8	8	7	7	3325	3325	3783	3783	2091	2091	1785	1785	5625	5625	181	181	1164	1164	10189	10189	14	14	30	30	28651	28651	12576	12576	90	90	128	128	161	161	224	224	128	128	221	221	1168	1168	1912	1912	353	353	169	169	3	3	1	1	28	28	142	142	5984	5984	1213	1213	3554	3554	2284	2284	2854	2854	2081	2081	11116	11116	11280	11280	10480	10480	356	356	25557	25557	1971	1971	760	760	775	775	790	790	777	777	55572	55572	84735	84735	18	18	26	26	130	130	38	38	306	306	81	81	160	160	358	358	284	284	353	353	146	146	177	177	247	247	63	63	924	924	121	121	90	90	101	101	150	150	37	37
IND00354	819	819	997	997	9557	9557	2646	2646	2440	2440	10720	10720	308	308	132	132	44	44	114	114	292	292	1201	1201	106	106	216	216	112	112	72	72	85	85	116	116	8	8	10	10	86	86	232	232	316	316	228	228	246	246	545	545	1278	1278	872	872	17	17	3	3	18015	18015	67329	67329	1423	1423	1255	1255	6	6	6	6	1850	1850	3780	3780	6970	6970	629	629	1503	1503	3838	3838	2098	2098	112	112	32	32	14	14	16004	16004	17459	17459	8	8	117	117	60	60	181	181	61	61	13	13	1094	1094	1398	1398	87	87	731	731	2	2	5	5	157	157	176	176	3223	3223	2178	2178	321	321	1927	1927	3072	3072	376	376	1138	1138	16673	16673	10758	10758	9134	9134	25874	25874	20455	20455	508	508	204	204	677	677	264	264	75821	75821	42338	42338	56	56	3	3	139	139	93	93	263	263	13	13	347	347	267	267	61	61	308	308	392	392	202	202	29	29	200	200	1370	1370	1130	1130	113	113	75	75	179	179	164	164
IND00355	295	295	385	385	7089	7089	12767	12767	11441	11441	10677	10677	55	55	394	394	94	94	40	40	76	76	1494	1494	27	27	35	35	85	85	70	70	135	135	4	4	16	16	10	10	343	343	53	53	108	108	367	367	496	496	1973	1973	1473	1473	1791	1791	3	3	23	23	54053	54053	21095	21095	423	423	1267	1267	7	7	3	3	1999	1999	645	645	907	907	3577	3577	4282	4282	7964	7964	2138	2138	14495	14495	5	5	29	29	8409	8409	22256	22256	127	127	67	67	173	173	148	148	174	174	59	59	541	541	275	275	587	587	110	110	5	5	8	8	14	14	131	131	3648	3648	5637	5637	1460	1460	4042	4042	371	371	2009	2009	3976	3976	691	691	10809	10809	3649	3649	14020	14020	3757	3757	338	338	826	826	308	308	892	892	55942	55942	44780	44780	26	26	26	26	1	1	56	56	241	241	64	64	486	486	280	280	371	371	291	291	229	229	248	248	432	432	165	165	1227	1227	1344	1344	87	87	76	76	239	239	173	173
IND00356	330	330	514	514	500	500	10762	10762	3425	3425	1941	1941	221	221	464	464	87	87	84	84	719	719	1965	1965	152	152	159	159	69	69	88	88	235	235	61	61	16	16	1	1	410	410	311	311	148	148	85	85	1230	1230	1499	1499	3653	3653	856	856	5	5	15	15	66418	66418	16357	16357	1872	1872	1070	1070	8	8	7	7	2297	2297	1156	1156	7116	7116	5014	5014	1154	1154	7307	7307	54	54	200	200	19	19	18	18	24951	24951	2848	2848	58	58	20	20	207	207	49	49	234	234	141	141	289	289	304	304	5	5	614	614	1	1	2	2	190	190	136	136	354	354	6945	6945	3314	3314	1152	1152	1331	1331	1057	1057	19587	19587	10048	10048	22748	22748	3090	3090	26344	26344	29639	29639	383	383	754	754	393	393	280	280	116815	116815	41161	41161	31	31	37	37	114	114	131	131	127	127	210	210	464	464	221	221	233	233	222	222	275	275	141	141	201	201	199	199	501	501	1527	1527	2	2	95	95	187	187	116	116
IND00357	479	479	483	483	3159	3159	787	787	6150	6150	5545	5545	433	433	13	13	6	6	48	48	426	426	1444	1444	154	154	155	155	14	14	43	43	128	128	122	122	4	4	8	8	27	27	253	253	67	67	94	94	650	650	1927	1927	1090	1090	3382	3382	31	31	26	26	32407	32407	92790	92790	374	374	560	560	8	8	3	3	2751	2751	1754	1754	5180	5180	5521	5521	3512	3512	259	259	4567	4567	4226	4226	3	3	11	11	15897	15897	4032	4032	61	61	14	14	50	50	212	212	53	53	247	247	576	576	1157	1157	911	911	1000	1000	1	1	1	1	15	15	250	250	412	412	1573	1573	2594	2594	2035	2035	2033	2033	2465	2465	19315	19315	11752	11752	5014	5014	349	349	23846	23846	9891	9891	1019	1019	726	726	106	106	323	323	20038	20038	50825	50825	7	7	46	46	253	253	134	134	346	346	99	99	482	482	295	295	413	413	503	503	164	164	457	457	365	365	284	284	1087	1087	123	123	73	73	78	78	52	52	9	9
IND00358	399	399	931	931	16013	16013	5067	5067	1301	1301	928	928	26	26	174	174	93	93	115	115	1967	1967	1623	1623	11	11	143	143	119	119	85	85	209	209	228	228	3	3	5	5	45	45	432	432	373	373	315	315	970	970	1941	1941	984	984	2565	2565	17	17	18	18	44561	44561	93370	93370	1839	1839	1716	1716	2	2	6	6	3221	3221	377	377	2744	2744	5217	5217	1851	1851	2731	2731	2584	2584	4968	4968	21	21	21	21	25468	25468	27560	27560	79	79	116	116	19	19	138	138	20	20	64	64	1624	1624	1734	1734	470	470	1021	1021	7	7	1	1	224	224	213	213	3252	3252	4282	4282	3335	3335	555	555	1666	1666	297	297	10893	10893	19217	19217	26447	26447	23902	23902	20343	20343	12770	12770	377	377	619	619	767	767	345	345	13165	13165	35229	35229	55	55	6	6	85	85	112	112	331	331	117	117	226	226	391	391	351	351	311	311	124	124	42	42	435	435	1	1	1487	1487	462	462	25	25	7	7	217	217	184	184
IND00359	717	717	872	872	15654	15654	3496	3496	8715	8715	12021	12021	503	503	81	81	114	114	58	58	1536	1536	1884	1884	144	144	41	41	42	42	124	124	91	91	203	203	2	2	3	3	439	439	255	255	24	24	228	228	1687	1687	1264	1264	643	643	2395	2395	17	17	6	6	55543	55543	98481	98481	785	785	1267	1267	5	5	7	7	497	497	1390	1390	6596	6596	7140	7140	650	650	2321	2321	10781	10781	8696	8696	32	32	19	19	8004	8004	25167	25167	124	124	87	87	48	48	52	52	27	27	13	13	1338	1338	1240	1240	934	934	467	467	2	2	4	4	54	54	93	93	1607	1607	5617	5617	2992	2992	3558	3558	710	710	2730	2730	10695	10695	12053	12053	10723	10723	24674	24674	28680	28680	3626	3626	665	665	912	912	976	976	864	864	112623	112623	50010	50010	6	6	50	50	9	9	200	200	297	297	229	229	400	400	159	159	50	50	478	478	372	372	262	262	443	443	395	395	1709	1709	341	341	65	65	12	12	3	3	9	9
IND00360	195	195	439	439	2630	2630	6651	6651	12307	12307	10370	10370	469	469	230	230	31	31	120	120	524	524	300	300	95	95	202	202	12	12	7	7	62	62	117	117	6	6	10	10	62	62	159	159	155	155	430	430	1117	1117	1363	1363	477	477	4042	4042	20	20	12	12	25536	25536	44349	44349	1277	1277	1007	1007	3	3	5	5	1404	1404	637	637	3714	3714	1936	1936	5221	5221	4852	4852	8683	8683	15914	15914	9	9	32	32	32514	32514	11403	11403	71	71	98	98	93	93	131	131	109	109	232	232	344	344	555	555	261	261	719	719	3	3	2	2	117	117	110	110	5452	5452	3727	3727	3010	3010	2784	2784	487	487	345	345	5099	5099	21003	21003	2158	2158	8618	8618	10016	10016	667	667	998	998	791	791	470	470	615	615	110676	110676	31319	31319	43	43	5	5	36	36	137	137	101	101	87	87	258	258	182	182	464	464	366	366	248	248	21	21	97	97	221	221	1327	1327	1974	1974	96	96	68	68	210	210	143	143
IND00361	742	742	303	303	15293	15293	7944	7944	12544	12544	1834	1834	496	496	51	51	50	50	92	92	308	308	669	669	71	71	118	118	85	85	107	107	242	242	14	14	12	12	13	13	327	327	263	263	249	249	413	413	1463	1463	1927	1927	3209	3209	2963	2963	24	24	23	23	63963	63963	26865	26865	1243	1243	2047	2047	1	1	5	5	1196	1196	1924	1924	2138	2138	2653	2653	6389	6389	3160	3160	2884	2884	12975	12975	30	30	18	18	5705	5705	7968	7968	48	48	27	27	99	99	252	252	228	228	250	250	613	613	2041	2041	185	185	684	684	5	5	3	3	116	116	53	53	1414	1414	195	195	3375	3375	2132	2132	1578	1578	1446	1446	31946	31946	2117	2117	3736	3736	13198	13198	28725	28725	11555	11555	37	37	698	698	273	273	507	507	12462	12462	30751	30751	43	43	58	58	164	164	31	31	495	495	168	168	299	299	188	188	233	233	478	478	171	171	10	10	99	99	402	402	1129	1129	896	896	103	103	104	104	117	117	89	89
IND00362	575	575	318	318	2998	2998	15901	15901	2290	2290	16146	16146	123	123	289	289	83	83	66	66	1375	1375	1222	1222	245	245	108	108	14	14	83	83	92	92	115	115	3	3	15	15	110	110	101	101	352	352	193	193	1869	1869	1397	1397	3387	3387	1042	1042	28	28	25	25	56369	56369	8225	8225	1407	1407	1765	1765	5	5	1	1	3609	3609	2010	2010	3879	3879	4471	4471	3860	3860	4395	4395	1087	1087	11115	11115	28	28	19	19	11906	11906	28869	28869	35	35	15	15	250	250	79	79	222	222	222	222	1125	1125	208	208	571	571	349	349	7	7	5	5	251	251	138	138	418	418	3898	3898	2683	2683	1078	1078	3152	3152	2955	2955	1857	1857	16940	16940	20023	20023	21983	21983	15744	15744	4884	4884	20	20	478	478	1002	1002	757	757	49523	49523	111700	111700	31	31	14	14	210	210	14	14	476	476	418	418	275	275	40	40	46	46	472	472	424	424	65	65	502	502	266	266	1235	1235	1141	1141	69	69	104	104	39	39	107	107
IND00363	435	435	193	193	9731	9731	9851	9851	13164	13164	2924	2924	356	356	120	120	128	128	63	63	1971	1971	314	314	210	210	71	71	7	7	90	90	88	88	56	56	14	14	11	11	312	312	168	168	129	129	277	277	1105	1105	63	63	1561	1561	2093	2093	21	21	28	28	110999	110999	121061	121061	504	504	1395	1395	3	3	7	7	3412	3412	828	828	6589	6589	7309	7309	3963	3963	4725	4725	11523	11523	9753	9753	22	22	32	32	28931	28931	23943	23943	78	78	22	22	243	243	202	202	13	13	225	225	60	60	349	349	250	250	640	640	4	4	4	4	228	228	193	193	3959	3959	2300	2300	1130	1130	1296	1296	3764	3764	1884	1884	24816	24816	27469	27469	1294	1294	3123	3123	1967	1967	24811	24811	224	224	604	604	162	162	896	896	28522	28522	31290	31290	15	15	23	23	211	211	166	166	109	109	95	95	160	160	105	105	126	126	25	25	241	241	77	77	238	238	5	5	1259	1259	873	873	42	42	21	21	11	11	236	236
IND00364	660	660	196	196	11772	11772	5001	5001	15274	15274	1101	1101	152	152	159	159	106	106	70	70	231	231	537	537	74	74	173	173	30	30	111	111	7	7	239	239	15	15	8	8	344	344	267	267	170	170	319	319	689	689	1479	1479	2431	2431	2435	2435	32	32	6	6	79353	79353	103926	103926	100	100	1578	1578	3	3	2	2	1317	1317	2258	2258	3134	3134	6877	6877	1081	1081	2272	2272	10201	10201	1819	1819	25	25	15	15	9895	9895	17025	17025	6	6	37	37	125	125	215	215	83	83	192	192	989	989	1700	1700	329	329	652	652	4	4	4	4	238	238	114	114	7655	7655	1548	1548	656	656	2038	2038	2389	2389	2999	2999	10069	10069	21962	21962	16127	16127	7644	7644	20329	20329	12733	12733	1002	1002	240	240	982	982	366	366	54024	54024	3989	3989	61	61	25	25	179	179	241	241	251	251	220	220	156	156	339	339	260	260	484	484	73	73	33	33	300	300	302	302	1016	1016	517	517	110	110	86	86	55	55	20	20
IND00365	897	897	929	929	8184	8184	16105	16105	7750	7750	7886	7886	277	277	361	361	45	45	81	81	251	251	1571	1571	135	135	43	43	57	57	123	123	39	39	3	3	9	9	12	12	206	206	326	326	510	510	155	155	1305	1305	497	497	171	171	501	501	26	26	11	11	8818	8818	97844	97844	136	136	1839	1839	5	5	6	6	2267	2267	883	883	2287	2287	377	377	1690	1690	5339	5339	12712	12712	2078	2078	3	3	22	22	9184	9184	1565	1565	100	100	44	44	26	26	39	39	221	221	35	35	782	782	1990	1990	654	654	348	348	3	3	5	5	174	174	11	11	5751	5751	2208	2208	1125	1125	3810	3810	1802	1802	260	260	32276	32276	3951	3951	31682	31682	4643	4643	25520	25520	10237	10237	354	354	546	546	920	920	315	315	122625	122625	11129	11129	19	19	52	52	96	96	44	44	463	463	385	385	434	434	133	133	208	208	404	404	90	90	388	388	301	301	369	369	932	932	1929	1929	7	7	82	82	221	221	61	61
IND00366	512	512	415	415	11750	11750	6190	6190	15651	15651	12789	12789	61	61	488	488	35	35	28	28	1644	1644	1992	1992	218	218	164	164	38	38	77	77	166	166	102	102	10	10	11	11	456	456	430	430	150	150	197	197	1097	1097	295	295	900	900	2883	2883	29	29	4	4	56511	56511	734	734	592	592	441	441	2	2	4	4	1558	1558	2330	2330	5525	5525	1841	1841	3554	3554	6647	6647	16246	16246	16351	16351	10	10	23	23	1649	1649	192	192	9	9	35	35	55	55	14	14	74	74	226	226	1640	1640	967	967	113	113	631	631	8	8	3	3	61	61	120	120	8160	8160	1619	1619	3733	3733	3192	3192	349	349	1803	1803	21918	21918	30714	30714	11695	11695	25346	25346	2075	2075	258	258	918	918	356	356	532	532	384	384	14705	14705	112282	112282	3	3	29	29	15	15	230	230	141	141	464	464	405	405	483	483	468	468	73	73	211	211	442	442	510	510	451	451	1899	1899	511	511	51	51	35	35	145	145	37	37
IND00367	341	341	271	271	14940	14940	970	970	12580	12580	14099	14099	176	176	421	421	99	99	1	1	681	681	1161	1161	101	101	136	136	116	116	20	20	74	74	206	206	11	11	3	3	194	194	145	145	454	454	195	195	170	170	989	989	509	509	3740	3740	24	24	26	26	73182	73182	53103	53103	45	45	1379	1379	6	6	5	5	3157	3157	3359	3359	4794	4794	6770	6770	6745	6745	7550	7550	1915	1915	255	255	20	20	4	4	13473	13473	7818	7818	115	115	10	10	146	146	202	202	120	120	162	162	1531	1531	622	622	95	95	144	144	5	5	4	4	174	174	86	86	580	580	4261	4261	829	829	1195	1195	3036	3036	2661	2661	4479	4479	30546	30546	9633	9633	18556	18556	12980	12980	27574	27574	642	642	757	757	220	220	378	378	94235	94235	25137	25137	19	19	57	57	30	30	141	141	20	20	123	123	221	221	41	41	398	398	84	84	104	104	478	478	272	272	482	482	1131	1131	464	464	123	123	69	69	75	75	99	99
IND00368	629	629	969	969	1710	1710	9911	9911	14002	14002	1015	1015	119	119	48	48	59	59	118	118	1340	1340	1057	1057	222	222	107	107	96	96	42	42	222	222	214	214	1	1	8	8	397	397	289	289	303	303	298	298	1327	1327	1132	1132	856	856	1863	1863	9	9	5	5	13226	13226	96198	96198	575	575	218	218	4	4	1	1	1442	1442	643	643	6622	6622	8034	8034	20	20	5389	5389	11528	11528	14422	14422	9	9	15	15	26748	26748	32538	32538	56	56	70	70	159	159	179	179	134	134	188	188	246	246	940	940	449	449	222	222	7	7	2	2	30	30	210	210	7581	7581	213	213	2255	2255	1595	1595	872	872	2152	2152	17558	17558	23104	23104	11599	11599	14415	14415	25491	25491	23831	23831	463	463	736	736	410	410	91	91	38421	38421	85175	85175	45	45	5	5	104	104	165	165	223	223	429	429	179	179	281	281	211	211	151	151	505	505	381	381	293	293	471	471	800	800	219	219	55	55	85	85	170	170	113	113
IND00369	1020	1020	699	699	420	420	2441	2441	1273	1273	6985	6985	366	366	349	349	35	35	64	64	1763	1763	1553	1553	131	131	221	221	8	8	105	105	45	45	194	194	1	1	8	8	239	239	205	205	374	374	294	294	1329	1329	273	273	917	917	292	292	30	30	25	25	35646	35646	103197	103197	1913	1913	1093	1093	3	3	3	3	1967	1967	3019	3019	6861	6861	3806	3806	2022	2022	758	758	6156	6156	6754	6754	3	3	20	20	16210	16210	7686	7686	40	40	51	51	47	47	41	41	224	224	149	149	209	209	915	915	500	500	995	995	6	6	6	6	194	194	140	140	3977	3977	4658	4658	1653	1653	3729	3729	864	864	4065	4065	7487	7487	16517	16517	19034	19034	13337	13337	32501	32501	593	593	102	102	434	434	845	845	727	727	101017	101017	10054	10054	28	28	1	1	56	56	177	177	125	125	40	40	363	363	182	182	136	136	135	135	349	349	50	50	140	140	367	367	864	864	1260	1260	65	65	26	26	155	155	140	140
IND00370	469	469	544	544	2348	2348	3173	3173	11658	11658	2842	2842	318	318	48	48	125	125	37	37	720	720	457	457	229	229	176	176	64	64	47	47	190	190	114	114	15	15	14	14	280	280	269	269	501	501	163	163	1231	1231	1858	1858	1963	1963	1743	1743	29	29	1	1	72916	72916	19649	19649	857	857	931	931	8	8	5	5	3050	3050	4075	4075	1282	1282	1669	1669	378	378	7015	7015	4418	4418	5169	5169	21	21	28	28	19565	19565	23464	23464	14	14	19	19	166	166	18	18	95	95	40	40	689	689	1287	1287	75	75	818	818	4	4	3	3	255	255	171	171	272	272	3308	3308	1927	1927	652	652	1737	1737	1128	1128	14609	14609	13541	13541	31071	31071	29941	29941	22400	22400	32131	32131	691	691	998	998	382	382	217	217	83158	83158	70606	70606	36	36	52	52	209	209	42	42	461	461	83	83	121	121	110	110	87	87	149	149	484	484	282	282	162	162	238	238	242	242	769	769	92	92	79	79	182	182	251	251
IND00371	650	650	372	372	7389	7389	6977	6977	14767	14767	13589	13589	93	93	30	30	17	17	85	85	256	256	1699	1699	101	101	210	210	98	98	9	9	194	194	220	220	5	5	2	2	31	31	365	365	77	77	372	372	111	111	1581	1581	1848	1848	1687	1687	7	7	17	17	101398	101398	24795	24795	1829	1829	304	304	3	3	8	8	1347	1347	2114	2114	7702	7702	1662	1662	4340	4340	6750	6750	7408	7408	7329	7329	10	10	31	31	21237	21237	4463	4463	1	1	59	59	97	97	119	119	22	22	160	160	1979	1979	1504	1504	422	422	940	940	1	1	2	2	210	210	246	246	5661	5661	3091	3091	907	907	1375	1375	2879	2879	748	748	5938	5938	29035	29035	852	852	5006	5006	20639	20639	32369	32369	57	57	12	12	546	546	923	923	18754	18754	10953	10953	60	60	19	19	20	20	30	30	464	464	411	411	156	156	33	33	120	120	255	255	279	279	94	94	373	373	142	142	1403	1403	16	16	33	33	42	42	197	197	159	159
IND00372	458	458	928	928	11240	11240	14981	14981	9315	9315	14636	14636	288	288	114	114	51	51	21	21	1361	1361	1143	1143	157	157	188	188	100	100	111	111	170	170	255	255	2	2	12	12	286	286	325	325	41	41	475	475	1169	1169	759	759	1498	1498	1152	1152	31	31	3	3	93357	93357	85763	85763	233	233	1289	1289	5	5	8	8	718	718	399	399	7441	7441	4386	4386	8074	8074	6130	6130	15945	15945	3990	3990	28	28	9	9	10246	10246	29267	29267	16	16	1	1	164	164	81	81	137	137	142	142	945	945	1667	1667	729	729	960	960	6	6	1	1	97	97	239	239	3820	3820	5501	5501	3782	3782	3213	3213	1560	1560	1978	1978	20272	20272	15423	15423	6123	6123	31496	31496	5413	5413	13034	13034	437	437	767	767	58	58	727	727	129871	129871	29783	29783	60	60	4	4	76	76	178	178	94	94	481	481	223	223	365	365	341	341	1	1	85	85	353	353	421	421	135	135	600	600	799	799	119	119	33	33	137	137	199	199
IND00373	905	905	187	187	80	80	11126	11126	12734	12734	957	957	117	117	81	81	47	47	86	86	150	150	420	420	43	43	247	247	39	39	94	94	19	19	169	169	6	6	15	15	286	286	269	269	224	224	12	12	1497	1497	264	264	3970	3970	1195	1195	16	16	32	32	86471	86471	122299	122299	866	866	1546	1546	2	2	3	3	2968	2968	3224	3224	1202	1202	5398	5398	6087	6087	7717	7717	6270	6270	14825	14825	11	11	8	8	2636	2636	7174	7174	46	46	78	78	171	171	183	183	134	134	79	79	1416	1416	1755	1755	832	832	210	210	7	7	3	3	137	137	119	119	4395	4395	6539	6539	1650	1650	1489	1489	300	300	2857	2857	24552	24552	30702	30702	31850	31850	1189	1189	7814	7814	28201	28201	66	66	965	965	1	1	203	203	34441	34441	76039	76039	55	55	53	53	166	166	181	181	12	12	431	431	181	181	150	150	465	465	145	145	331	331	124	124	20	20	160	160	1432	1432	1270	1270	77	77	42	42	119	119	62	62
IND00374	704	704	722	722	15081	15081	3986	3986	7358	7358	13276	13276	88	88	371	371	43	43	108	108	1074	1074	1694	1694	224	224	243	243	56	56	122	122	242	242	20	20	9	9	1	1	47	47	300	300	488	488	371	371	1682	1682	1600	1600	737	737	1565	1565	12	12	8	8	60547	60547	7649	7649	1901	1901	1882	1882	6	6	4	4	3158	3158	1283	1283	8120	8120	6776	6776	6616	6616	6546	6546	14250	14250	2605	2605	9	9	1	1	24543	24543	10275	10275	42	42	42	42	155	155	46	46	64	64	47	47	241	241	1220	1220	860	860	325	325	7	7	7	7	226	226	253	253	4802	4802	283	283	1663	1663	3923	3923	4016	4016	1084	1084	15766	15766	7914	7914	21162	21162	3145	3145	29950	29950	31948	31948	797	797	125	125	788	788	289	289	34253	34253	21544	21544	25	25	2	2	38	38	143	143	454	454	271	271	12	12	404	404	126	126	336	336	21	21	123	123	238	238	491	491	89	89	2008	2008	68	68	70	70	105	105	156	156
IND00375	141	141	604	604	1417	1417	11382	11382	5838	5838	3775	3775	445	445	152	152	12	12	128	128	689	689	777	777	59	59	230	230	61	61	39	39	136	136	77	77	12	12	13	13	137	137	13	13	448	448	388	388	1191	1191	1600	1600	3562	3562	3791	3791	5	5	15	15	50492	50492	61215	61215	1676	1676	1725	1725	7	7	4	4	500	500	2537	2537	7025	7025	5659	5659	7200	7200	2856	2856	1763	1763	6859	6859	24	24	29	29	17636	17636	32025	32025	27	27	84	84	252	252	251	251	157	157	214	214	799	799	1220	1220	257	257	332	332	4	4	8	8	70	70	3	3	8173	8173	4545	4545	3187	3187	647	647	1799	1799	2476	2476	31706	31706	13725	13725	13565	13565	24851	24851	25404	25404	29825	29825	462	462	448	448	433	433	495	495	42695	42695	70953	70953	18	18	55	55	252	252	107	107	359	359	371	371	252	252	455	455	65	65	447	447	383	383	3	3	160	160	425	425	1928	1928	639	639	25	25	31	31	21	21	134	134
IND00376	336	336	767	767	13306	13306	5951	5951	14943	14943	11006	11006	58	58	334	334	74	74	30	30	435	435	1540	1540	213	213	75	75	80	80	37	37	125	125	57	57	10	10	9	9	143	143	138	138	328	328	215	215	949	949	1546	1546	2580	2580	650	650	32	32	32	32	69291	69291	108167	108167	133	133	811	811	3	3	2	2	843	843	2699	2699	3499	3499	1560	1560	5236	5236	3530	3530	14201	14201	9680	9680	20	20	19	19	8143	8143	2460	2460	31	31	62	62	69	69	185	185	146	146	217	217	1179	1179	205	205	673	673	519	519	2	2	6	6	146	146	49	49	2413	2413	7174	7174	604	604	272	272	3143	3143	939	939	28833	28833	11642	11642	9664	9664	15508	15508	27032	27032	11	11	122	122	426	426	672	672	528	528	1138	1138	73534	73534	5	5	21	21	96	96	136	136	309	309	112	112	156	156	107	107	104	104	368	368	94	94	290	290	243	243	371	371	1301	1301	107	107	69	69	19	19	41	41	3	3
IND00377	599	599	110	110	30	30	9918	9918	10533	10533	15493	15493	229	229	437	437	88	88	47	47	1408	1408	1469	1469	41	41	3	3	28	28	43	43	144	144	12	12	4	4	13	13	478	478	118	118	497	497	344	344	967	967	2036	2036	1531	1531	2934	2934	18	18	9	9	1523	1523	102440	102440	1203	1203	1554	1554	2	2	3	3	1083	1083	1960	1960	2185	2185	3188	3188	6630	6630	2471	2471	10971	10971	7388	7388	18	18	24	24	31751	31751	30215	30215	58	58	128	128	180	180	130	130	156	156	235	235	1125	1125	1099	1099	873	873	775	775	5	5	6	6	62	62	133	133	2548	2548	2886	2886	2505	2505	2692	2692	4038	4038	308	308	11874	11874	32578	32578	29118	29118	18329	18329	2134	2134	4720	4720	412	412	849	849	484	484	256	256	80053	80053	111312	111312	15	15	64	64	51	51	82	82	6	6	27	27	385	385	447	447	110	110	112	112	338	338	413	413	507	507	364	364	388	388	686	686	77	77	32	32	186	186	75	75
IND00378	90	90	178	178	8478	8478	14352	14352	9	9	12164	12164	184	184	73	73	59	59	60	60	596	596	1319	1319	145	145	208	208	125	125	120	120	146	146	166	166	1	1	1	1	438	438	377	377	322	322	145	145	994	994	1479	1479	1398	1398	215	215	1	1	28	28	121996	121996	106507	106507	130	130	1781	1781	8	8	4	4	1817	1817	2064	2064	4525	4525	748	748	6212	6212	1817	1817	6203	6203	12071	12071	9	9	31	31	21133	21133	28825	28825	126	126	36	36	155	155	88	88	102	102	252	252	1458	1458	285	285	364	364	611	611	5	5	6	6	198	198	36	36	5643	5643	1484	1484	3562	3562	3461	3461	508	508	1203	1203	28122	28122	16864	16864	14934	14934	30743	30743	22856	22856	17159	17159	522	522	939	939	984	984	977	977	49425	49425	97093	97093	35	35	16	16	195	195	88	88	349	349	120	120	275	275	343	343	100	100	409	409	385	385	257	257	506	506	297	297	512	512	191	191	83	83	113	113	234	234	41	41
IND00379	157	157	516	516	12879	12879	4793	4793	2638	2638	7403	7403	117	117	324	324	21	21	6	6	330	330	873	873	30	30	144	144	21	21	41	41	191	191	47	47	10	10	14	14	92	92	219	219	153	153	321	321	518	518	1770	1770	3192	3192	2226	2226	8	8	4	4	13455	13455	79992	79992	37	37	436	436	1	1	2	2	2168	2168	3642	3642	1118	1118	1806	1806	4124	4124	7462	7462	6092	6092	13991	13991	25	25	17	17	8350	8350	11030	11030	75	75	108	108	71	71	156	156	181	181	239	239	956	956	1760	1760	631	631	451	451	6	6	5	5	76	76	236	236	407	407	3286	3286	2745	2745	1461	1461	2630	2630	1179	1179	6435	6435	18796	18796	13739	13739	942	942	16244	16244	28186	28186	229	229	1004	1004	997	997	399	399	41290	41290	15350	15350	17	17	55	55	123	123	186	186	407	407	156	156	281	281	397	397	382	382	489	489	117	117	480	480	111	111	346	346	431	431	868	868	46	46	12	12	249	249	7	7
IND00380	637	637	980	980	1588	1588	5064	5064	5118	5118	13571	13571	158	158	361	361	106	106	76	76	994	994	1710	1710	246	246	216	216	8	8	119	119	148	148	124	124	9	9	14	14	472	472	67	67	124	124	69	69	1084	1084	1770	1770	3001	3001	3276	3276	28	28	14	14	100022	100022	23187	23187	85	85	1435	1435	3	3	7	7	3762	3762	2210	2210	5474	5474	30	30	6254	6254	7006	7006	14153	14153	12536	12536	5	5	17	17	4581	4581	18192	18192	22	22	13	13	112	112	72	72	226	226	183	183	1594	1594	1978	1978	110	110	559	559	8	8	8	8	15	15	52	52	4456	4456	2912	2912	1259	1259	2155	2155	2625	2625	2559	2559	26992	26992	16141	16141	13167	13167	5830	5830	5261	5261	7977	7977	880	880	772	772	809	809	431	431	130461	130461	74009	74009	22	22	61	61	124	124	29	29	273	273	403	403	32	32	327	327	495	495	223	223	215	215	462	462	210	210	417	417	1062	1062	52	52	87	87	63	63	43	43	213	213
IND00381	400	400	1011	1011	10267	10267	14180	14180	13147	13147	5220	5220	292	292	394	394	35	35	94	94	1295	1295	563	563	10	10	204	204	65	65	114	114	223	223	149	149	16	16	6	6	459	459	39	39	342	342	165	165	301	301	1150	1150	1622	1622	1513	1513	5	5	10	10	53605	53605	82034	82034	1012	1012	1749	1749	7	7	7	7	739	739	3741	3741	5427	5427	4716	4716	2258	2258	3494	3494	10330	10330	7974	7974	17	17	21	21	22354	22354	24467	24467	18	18	5	5	91	91	197	197	55	55	74	74	217	217	1852	1852	377	377	882	882	1	1	4	4	39	39	54	54	2974	2974	977	977	917	917	744	744	1452	1452	2077	2077	3995	3995	18694	18694	17156	17156	453	453	9436	9436	15694	15694	732	732	663	663	404	404	315	315	11438	11438	119921	119921	31	31	56	56	85	85	231	231	284	284	280	280	214	214	462	462	442	442	69	69	232	232	355	355	506	506	127	127	941	941	1994	1994	33	33	99	99	195	195	189	189
IND00382	209	209	899	899	10218	10218	5742	5742	6444	6444	2692	2692	505	505	456	456	46	46	44	44	1333	1333	1390	1390	131	131	256	256	44	44	7	7	26	26	58	58	12	12	8	8	486	486	189	189	228	228	59	59	918	918	367	367	4042	4042	3564	3564	22	22	18	18	51089	51089	37641	37641	959	959	528	528	5	5	3	3	4053	4053	2622	2622	1934	1934	4272	4272	8012	8012	3324	3324	15794	15794	9212	9212	13	13	10	10	2954	2954	8520	8520	78	78	59	59	121	121	130	130	226	226	117	117	998	998	289	289	56	56	809	809	7	7	2	2	148	148	39	39	226	226	6863	6863	2396	2396	702	702	804	804	1935	1935	20552	20552	2965	2965	27363	27363	28884	28884	17196	17196	7337	7337	41	41	129	129	609	609	1020	1020	11045	11045	48644	48644	27	27	58	58	32	32	157	157	408	408	176	176	425	425	72	72	31	31	483	483	385	385	33	33	144	144	219	219	1561	1561	653	653	6	6	75	75	4	4	253	253
IND00383	112	112	779	779	1293	1293	13658	13658	13085	13085	684	684	469	469	156	156	60	60	75	75	1576	1576	430	430	45	45	93	93	86	86	76	76	243	243	28	28	13	13	15	15	296	296	167	167	376	376	476	476	1454	1454	594	594	3077	3077	2538	2538	17	17	28	28	109575	109575	4041	4041	2023	2023	609	609	2	2	4	4	35	35	124	124	146	146	7529	7529	3465	3465	5732	5732	15257	15257	6826	6826	12	12	9	9	25054	25054	26432	26432	75	75	100	100	184	184	109	109	81	81	167	167	175	175	1085	1085	468	468	886	886	2	2	6	6	99	99	210	210	849	849	3250	3250	1777	1777	286	286	3424	3424	3546	3546	11886	11886	27722	27722	2798	2798	3767	3767	6724	6724	6717	6717	292	292	1014	1014	929	929	146	146	125866	125866	80840	80840	60	60	15	15	7	7	151	151	389	389	380	380	261	261	378	378	88	88	272	272	152	152	21	21	8	8	193	193	1856	1856	1551	1551	74	74	58	58	144	144	87	87
IND00384	87	87	851	851	12434	12434	10932	10932	9468	9468	12532	12532	430	430	510	510	108	108	128	128	551	551	346	346	132	132	203	203	112	112	66	66	206	206	254	254	4	4	7	7	253	253	490	490	378	378	487	487	158	158	1876	1876	3623	3623	1039	1039	27	27	29	29	45399	45399	117535	117535	1502	1502	284	284	4	4	3	3	2743	2743	3012	3012	1942	1942	1073	1073	780	780	3543	3543	2183	2183	5130	5130	8	8	11	11	27238	27238	2027	2027	7	7	55	55	156	156	135	135	132	132	82	82	1686	1686	830	830	689	689	83	83	5	5	7	7	85	85	114	114	3769	3769	2175	2175	3760	3760	3811	3811	3448	3448	3629	3629	15208	15208	7712	7712	17670	17670	32345	32345	14773	14773	22071	22071	648	648	1	1	225	225	667	667	46400	46400	39653	39653	43	43	58	58	58	58	166	166	407	407	378	378	278	278	153	153	418	418	396	396	201	201	70	70	360	360	299	299	25	25	753	753	9	9	14	14	27	27	193	193
IND00385	1007	1007	562	562	5771	5771	7228	7228	15055	15055	7625	7625	454	454	165	165	79	79	111	111	957	957	227	227	202	202	102	102	70	70	88	88	227	227	232	232	9	9	9	9	121	121	316	316	140	140	57	57	1626	1626	1637	1637	444	444	2868	2868	26	26	21	21	107553	107553	107313	107313	1704	1704	1932	1932	7	7	7	7	1704	1704	1848	1848	1767	1767	5061	5061	5584	5584	3056	3056	7289	7289	2531	2531	28	28	11	11	30154	30154	4470	4470	95	95	68	68	120	120	88	88	194	194	46	46	1969	1969	1092	1092	73	73	471	471	2	2	7	7	193	193	159	159	3027	3027	2722	2722	3113	3113	3305	3305	3012	3012	1612	1612	5251	5251	23652	23652	4245	4245	26050	26050	26344	26344	24339	24339	887	887	105	105	667	667	145	145	43918	43918	64315	64315	54	54	61	61	19	19	224	224	491	491	139	139	351	351	473	473	86	86	402	402	109	109	373	373	184	184	158	158	713	713	281	281	67	67	93	93	248	248	172	172
IND00386	188	188	775	775	12113	12113	9478	9478	15491	15491	12910	12910	512	512	57	57	107	107	26	26	288	288	1931	1931	136	136	6	6	6	6	70	70	70	70	15	15	6	6	7	7	402	402	1	1	103	103	6	6	1985	1985	165	165	2039	2039	1499	1499	29	29	12	12	28333	28333	113834	113834	1251	1251	898	898	8	8	1	1	1015	1015	988	988	2509	2509	4160	4160	3189	3189	2571	2571	772	772	1393	1393	32	32	5	5	19059	19059	16857	16857	35	35	27	27	74	74	191	191	150	150	226	226	1360	1360	1079	1079	305	305	55	55	3	3	5	5	213	213	251	251	923	923	2351	2351	2554	2554	325	325	3273	3273	2225	2225	727	727	10286	10286	7997	7997	967	967	13536	13536	31984	31984	393	393	501	501	830	830	395	395	37770	37770	105357	105357	54	54	64	64	91	91	2	2	433	433	487	487	60	60	95	95	7	7	255	255	67	67	321	321	211	211	287	287	437	437	172	172	63	63	48	48	246	246	131	131
IND00387	43	43	249	249	3296	3296	3751	3751	3967	3967	12932	12932	171	171	137	137	41	41	17	17	318	318	1851	1851	75	75	184	184	85	85	126	126	213	213	150	150	2	2	12	12	413	413	158	158	200	200	144	144	895	895	1373	1373	180	180	2573	2573	19	19	23	23	24323	24323	98102	98102	111	111	1462	1462	3	3	4	4	3300	3300	2887	2887	2481	2481	3588	3588	1917	1917	289	289	186	186	5923	5923	13	13	28	28	4950	4950	23923	23923	5	5	119	119	112	112	53	53	34	34	57	57	1811	1811	1663	1663	504	504	201	201	4	4	3	3	166	166	213	213	4028	4028	2152	2152	814	814	407	407	2484	2484	3900	3900	15297	15297	25590	25590	22538	22538	25979	25979	20443	20443	26142	26142	502	502	1014	1014	676	676	573	573	32895	32895	104666	104666	64	64	32	32	29	29	167	167	201	201	429	429	356	356	457	457	155	155	387	387	40	40	105	105	93	93	503	503	1557	1557	1113	1113	11	11	10	10	94	94	162	162
IND00388	348	348	42	42	3885	3885	4112	4112	15911	15911	10399	10399	107	107	44	44	11	11	71	71	621	621	939	939	71	71	4	4	53	53	45	45	199	199	97	97	8	8	2	2	475	475	495	495	431	431	466	466	459	459	570	570	279	279	2855	2855	28	28	20	20	54528	54528	117164	117164	337	337	1249	1249	7	7	1	1	1863	1863	1473	1473	4514	4514	3878	3878	7122	7122	4881	4881	597	597	5515	5515	7	7	17	17	27485	27485	945	945	26	26	44	44	54	54	212	212	235	235	41	41	1278	1278	1622	1622	688	688	65	65	1	1	4	4	118	118	48	48	6533	6533	7178	7178	1701	1701	1015	1015	847	847	3831	3831	2875	2875	29173	29173	13330	13330	8689	8689	3643	3643	1873	1873	734	734	687	687	506	506	821	821	78262	78262	76134	76134	16	16	15	15	220	220	110	110	311	311	489	489	200	200	18	18	22	22	256	256	75	75	134	134	172	172	461	461	647	647	22	22	106	106	13	13	20	20	99	99
IND00389	492	492	53	53	13077	13077	1309	1309	16270	16270	1778	1778	318	318	245	245	24	24	108	108	342	342	1465	1465	88	88	160	160	63	63	31	31	153	153	131	131	16	16	10	10	393	393	331	331	142	142	90	90	742	742	1930	1930	2258	2258	2134	2134	7	7	30	30	40468	40468	70004	70004	747	747	1549	1549	8	8	8	8	3435	3435	304	304	5235	5235	7940	7940	3108	3108	7329	7329	11919	11919	10989	10989	19	19	25	25	4751	4751	4856	4856	11	11	79	79	130	130	199	199	55	55	227	227	821	821	1163	1163	187	187	428	428	5	5	6	6	224	224	4	4	410	410	2021	2021	1602	1602	2468	2468	338	338	2761	2761	14162	14162	23248	23248	32488	32488	3662	3662	28609	28609	30	30	685	685	253	253	846	846	89	89	37595	37595	58397	58397	20	20	9	9	93	93	99	99	3	3	467	467	292	292	137	137	252	252	99	99	240	240	12	12	112	112	438	438	10	10	1222	1222	50	50	24	24	20	20	60	60
IND00390	37	37	195	195	1764	1764	10768	10768	1850	1850	8135	8135	224	224	116	116	125	125	109	109	1382	1382	1229	1229	147	147	181	181	30	30	120	120	177	177	182	182	13	13	7	7	247	247	221	221	250	250	294	294	133	133	216	216	1409	1409	1170	1170	11	11	11	11	42701	42701	14573	14573	1861	1861	1617	1617	1	1	7	7	2209	2209	230	230	1008	1008	1532	1532	6306	6306	7777	7777	13393	13393	2906	2906	9	9	29	29	6748	6748	16001	16001	90	90	117	117	180	180	38	38	72	72	31	31	150	150	28	28	654	654	378	378	4	4	3	3	187	187	9	9	6898	6898	4409	4409	3248	3248	1083	1083	1420	1420	2201	2201	17963	17963	3371	3371	27150	27150	32487	32487	15693	15693	7588	7588	272	272	606	606	109	109	582	582	28601	28601	33916	33916	38	38	37	37	106	106	48	48	4	4	223	223	209	209	161	161	236	236	307	307	449	449	354	354	455	455	376	376	1943	1943	1368	1368	124	124	127	127	184	184	167	167
IND00391	22	22	635	635	11399	11399	14122	14122	3840	3840	14706	14706	52	52	299	299	94	94	93	93	613	613	472	472	181	181	28	28	54	54	62	62	13	13	93	93	11	11	2	2	404	404	491	491	24	24	454	454	1202	1202	1637	1637	1166	1166	3228	3228	13	13	9	9	37723	37723	88362	88362	660	660	975	975	4	4	2	2	645	645	2367	2367	4457	4457	5013	5013	5292	5292	7408	7408	3741	3741	4580	4580	22	22	4	4	22904	22904	135	135	70	70	120	120	230	230	238	238	229	229	165	165	1176	1176	1131	1131	589	589	911	911	8	8	5	5	94	94	213	213	4096	4096	5860	5860	1595	1595	1562	1562	1167	1167	1665	1665	8750	8750	6712	6712	31906	31906	1397	1397	28200	28200	23200	23200	297	297	799	799	399	399	359	359	51729	51729	92820	92820	64	64	8	8	209	209	131	131	408	408	301	301	220	220	437	437	400	400	147	147	497	497	168	168	121	121	458	458	1520	1520	106	106	79	79	7	7	160	160	147	147
IND00392	338	338	706	706	5863	5863	12998	12998	7667	7667	3343	3343	22	22	208	208	62	62	46	46	968	968	812	812	89	89	156	156	63	63	111	111	230	230	139	139	13	13	4	4	431	431	357	357	285	285	153	153	780	780	513	513	709	709	385	385	32	32	21	21	83795	83795	62217	62217	556	556	1945	1945	6	6	6	6	3165	3165	1531	1531	1544	1544	5151	5151	2713	2713	7427	7427	14833	14833	2855	2855	1	1	28	28	22424	22424	20376	20376	99	99	108	108	126	126	69	69	253	253	64	64	1131	1131	745	745	53	53	978	978	1	1	3	3	40	40	216	216	6494	6494	2586	2586	3414	3414	3752	3752	3287	3287	2627	2627	12977	12977	19153	19153	8525	8525	28027	28027	14498	14498	8484	8484	71	71	876	876	416	416	485	485	124728	124728	26148	26148	50	50	11	11	27	27	231	231	263	263	153	153	289	289	153	153	94	94	127	127	421	421	367	367	246	246	305	305	1205	1205	743	743	12	12	80	80	226	226	145	145
IND00393	582	582	459	459	15618	15618	6141	6141	7639	7639	4522	4522	215	215	5	5	14	14	120	120	1955	1955	1533	1533	70	70	66	66	38	38	81	81	168	168	207	207	3	3	2	2	356	356	20	20	456	456	104	104	115	115	824	824	1401	1401	1272	1272	9	9	32	32	111294	111294	46994	46994	709	709	507	507	5	5	4	4	785	785	2603	2603	6485	6485	3382	3382	3152	3152	984	984	4071	4071	15175	15175	11	11	13	13	12314	12314	7643	7643	2	2	80	80	147	147	193	193	51	51	86	86	748	748	1286	1286	256	256	215	215	1	1	2	2	107	107	7	7	5702	5702	2828	2828	3649	3649	840	840	1199	1199	2545	2545	18926	18926	9904	9904	25737	25737	31929	31929	31478	31478	24846	24846	882	882	419	419	909	909	509	509	89425	89425	70109	70109	40	40	52	52	87	87	143	143	141	141	237	237	353	353	15	15	261	261	344	344	469	469	284	284	201	201	70	70	1710	1710	322	322	18	18	36	36	125	125	229	229
IND00394	412	412	732	732	15661	15661	15760	15760	868	868	14186	14186	420	420	144	144	4	4	62	62	999	999	72	72	208	208	62	62	19	19	17	17	208	208	180	180	7	7	6	6	451	451	251	251	302	302	5	5	899	899	884	884	3270	3270	2203	2203	2	2	20	20	37261	37261	81440	81440	307	307	1144	1144	1	1	8	8	3481	3481	200	200	5521	5521	3717	3717	5209	5209	3952	3952	6715	6715	10647	10647	4	4	8	8	28904	28904	9513	9513	50	50	72	72	247	247	2	2	151	151	7	7	1835	1835	1265	1265	559	559	796	796	5	5	8	8	65	65	113	113	113	113	7020	7020	4041	4041	3391	3391	1297	1297	421	421	30490	30490	12634	12634	10816	10816	11884	11884	18435	18435	15001	15001	287	287	203	203	743	743	769	769	33467	33467	34276	34276	7	7	43	43	244	244	138	138	200	200	363	363	133	133	127	127	472	472	294	294	198	198	83	83	90	90	191	191	1304	1304	94	94	116	116	43	43	66	66	245	245
IND00395	475	475	330	330	11965	11965	15437	15437	1640	1640	10132	10132	205	205	485	485	89	89	128	128	1642	1642	1084	1084	224	224	204	204	12	12	4	4	106	106	254	254	14	14	2	2	33	33	48	48	362	362	485	485	1774	1774	1966	1966	943	943	1818	1818	18	18	24	24	30459	30459	35288	35288	829	829	472	472	4	4	1	1	2598	2598	595	595	6372	6372	503	503	2503	2503	5463	5463	8466	8466	10141	10141	25	25	28	28	4035	4035	7295	7295	120	120	48	48	208	208	141	141	126	126	181	181	1381	1381	338	338	301	301	668	668	5	5	2	2	236	236	68	68	3220	3220	5167	5167	1941	1941	2050	2050	1853	1853	4074	4074	16030	16030	18076	18076	23908	23908	12332	12332	31198	31198	791	791	702	702	903	903	207	207	34	34	111613	111613	109572	109572	14	14	56	56	75	75	158	158	2	2	7	7	202	202	431	431	115	115	3	3	98	98	441	441	137	137	134	134	586	586	1130	1130	50	50	44	44	20	20	160	160
IND00396	956	956	760	760	12858	12858	13399	13399	14717	14717	2344	2344	273	273	398	398	4	4	95	95	1717	1717	467	467	197	197	143	143	127	127	67	67	247	247	34	34	4	4	8	8	165	165	409	409	287	287	400	400	1548	1548	1365	1365	1444	1444	448	448	13	13	3	3	20824	20824	3781	3781	509	509	238	238	6	6	3	3	2136	2136	3332	3332	6531	6531	3709	3709	786	786	817	817	10903	10903	16262	16262	11	11	6	6	10556	10556	26131	26131	75	75	107	107	78	78	97	97	98	98	122	122	981	981	1164	1164	590	590	311	311	2	2	6	6	176	176	227	227	4324	4324	4625	4625	3160	3160	2238	2238	404	404	3283	3283	28517	28517	4515	4515	3432	3432	10846	10846	18848	18848	24575	24575	627	627	642	642	314	314	827	827	76015	76015	3568	3568	47	47	29	29	9	9	232	232	67	67	466	466	185	185	264	264	376	376	453	453	51	51	301	301	85	85	378	378	366	366	451	451	17	17	119	119	124	124	18	18
IND00397	836	836	198	198	8402	8402	4844	4844	5027	5027	6460	6460	207	207	209	209	19	19	92	92	1955	1955	1817	1817	43	43	138	138	59	59	39	39	14	14	44	44	3	3	11	11	414	414	245	245	327	327	49	49	120	120	1289	1289	3118	3118	1950	1950	9	9	9	9	24569	24569	54904	54904	1015	1015	2038	2038	2	2	1	1	2256	2256	94	94	6271	6271	46	46	7943	7943	7876	7876	12869	12869	7079	7079	3	3	20	20	4838	4838	6752	6752	122	122	23	23	207	207	238	238	53	53	239	239	1140	1140	1004	1004	473	473	11	11	3	3	8	8	163	163	220	220	2000	2000	6286	6286	3221	3221	458	458	244	244	862	862	233	233	6888	6888	14459	14459	28306	28306	8116	8116	2283	2283	26	26	232	232	290	290	517	517	13531	13531	84277	84277	3	3	2	2	7	7	60	60	231	231	82	82	244	244	280	280	149	149	428	428	463	463	236	236	264	264	17	17	841	841	467	467	122	122	115	115	253	253	140	140
IND00398	734	734	615	615	6044	6044	13915	13915	9612	9612	14866	14866	329	329	55	55	116	116	38	38	1573	1573	290	290	114	114	209	209	24	24	66	66	133	133	35	35	13	13	1	1	499	499	353	353	485	485	9	9	1332	1332	1679	1679	97	97	426	426	13	13	1	1	75805	75805	14259	14259	1718	1718	141	141	3	3	7	7	188	188	1177	1177	2915	2915	43	43	7823	7823	2052	2052	10606	10606	1191	1191	25	25	18	18	21459	21459	22628	22628	55	55	10	10	145	145	209	209	55	55	12	12	1209	1209	1361	1361	818	818	343	343	8	8	6	6	245	245	169	169	5456	5456	7424	7424	2496	2496	4003	4003	3744	3744	3222	3222	9489	9489	10304	10304	3135	3135	30557	30557	5257	5257	4633	4633	614	614	887	887	727	727	344	344	13626	13626	56408	56408	17	17	6	6	184	184	56	56	344	344	53	53	329	329	31	31	481	481	189	189	376	376	450	450	259	259	492	492	1469	1469	316	316	11	11	25	25	67	67	210	210
IND00399	537	537	140	140	10045	10045	10552	10552	771	771	5869	5869	390	390	379	379	82	82	74	74	801	801	807	807	207	207	101	101	82	82	43	43	51	51	153	153	7	7	1	1	247	247	145	145	499	499	55	55	524	524	248	248	2939	2939	3415	3415	24	24	30	30	102241	102241	61684	61684	749	749	535	535	2	2	3	3	1753	1753	2975	2975	7931	7931	6567	6567	3750	3750	6992	6992	6641	6641	1049	1049	11	11	10	10	27964	27964	27397	27397	2	2	42	42	39	39	151	151	74	74	205	205	1285	1285	1441	1441	913	913	48	48	2	2	2	2	134	134	36	36	1263	1263	764	764	67	67	3491	3491	3335	3335	3112	3112	20815	20815	4887	4887	19407	19407	14998	14998	26232	26232	10197	10197	526	526	484	484	817	817	190	190	65949	65949	63551	63551	45	45	61	61	244	244	55	55	236	236	228	228	429	429	306	306	10	10	359	359	324	324	37	37	305	305	416	416	1677	1677	1124	1124	33	33	76	76	135	135	164	164
IND00400	459	459	315	315	6810	6810	2050	2050	14455	14455	3353	3353	130	130	307	307	124	124	31	31	408	408	399	399	218	218	204	204	43	43	114	114	110	110	53	53	14	14	7	7	215	215	274	274	433	433	439	439	1794	1794	287	287	1422	1422	2019	2019	16	16	23	23	95921	95921	78385	78385	652	652	1660	1660	4	4	8	8	3152	3152	3141	3141	2795	2795	5972	5972	1613	1613	4116	4116	11804	11804	4752	4752	15	15	16	16	5533	5533	17023	17023	30	30	49	49	214	214	255	255	128	128	115	115	1920	1920	282	282	726	726	469	469	2	2	2	2	5	5	25	25	6452	6452	4601	4601	3321	3321	968	968	1593	1593	717	717	26585	26585	18512	18512	4577	4577	10081	10081	29592	29592	3393	3393	76	76	460	460	243	243	23	23	111464	111464	7789	7789	11	11	55	55	148	148	192	192	403	403	74	74	217	217	203	203	235	235	42	42	330	330	216	216	355	355	388	388	1756	1756	634	634	57	57	85	85	6	6	67	67
IND00401	423	423	99	99	1130	1130	8261	8261	15585	15585	15341	15341	99	99	252	252	59	59	32	32	1531	1531	1996	1996	129	129	148	148	67	67	74	74	107	107	203	203	6	6	13	13	69	69	491	491	165	165	39	39	942	942	415	415	1801	1801	1315	1315	6	6	24	24	40069	40069	101076	101076	1528	1528	1995	1995	4	4	2	2	3978	3978	1430	1430	6676	6676	2594	2594	783	783	4822	4822	10649	10649	5321	5321	29	29	22	22	23188	23188	21522	21522	44	44	105	105	112	112	37	37	35	35	97	97	719	719	544	544	669	669	756	756	5	5	4	4	208	208	217	217	4750	4750	1076	1076	1242	1242	3779	3779	315	315	271	271	31943	31943	15700	15700	3005	3005	6680	6680	4686	4686	5753	5753	4	4	449	449	452	452	57	57	65252	65252	26947	26947	30	30	43	43	128	128	68	68	157	157	22	22	178	178	477	477	80	80	37	37	1	1	174	174	457	457	166	166	1500	1500	54	54	52	52	22	22	103	103	115	115
IND00402	285	285	251	251	12915	12915	14010	14010	12047	12047	6243	6243	424	424	175	175	17	17	15	15	1698	1698	403	403	195	195	59	59	118	118	84	84	195	195	232	232	14	14	2	2	144	144	220	220	170	170	487	487	713	713	238	238	3856	3856	579	579	28	28	24	24	7436	7436	128866	128866	724	724	1482	1482	8	8	5	5	2523	2523	1476	1476	8177	8177	609	609	7716	7716	1017	1017	12248	12248	4586	4586	17	17	5	5	27911	27911	8675	8675	100	100	41	41	5	5	77	77	87	87	181	181	1431	1431	1849	1849	810	810	243	243	6	6	3	3	5	5	228	228	7347	7347	7809	7809	2074	2074	3874	3874	3693	3693	1738	1738	15636	15636	19905	19905	9812	9812	32466	32466	24117	24117	16100	16100	322	322	870	870	408	408	904	904	27628	27628	130651	130651	32	32	45	45	155	155	69	69	17	17	319	319	203	203	490	490	425	425	420	420	418	418	418	418	71	71	72	72	1659	1659	877	877	37	37	30	30	229	229	117	117
IND00403	264	264	212	212	237	237	12798	12798	602	602	3050	3050	138	138	85	85	118	118	14	14	1851	1851	804	804	256	256	206	206	79	79	106	106	118	118	88	88	11	11	12	12	196	196	35	35	69	69	86	86	450	450	1014	1014	1707	1707	2940	2940	7	7	10	10	82346	82346	110198	110198	121	121	44	44	7	7	4	4	495	495	3740	3740	1501	1501	3123	3123	455	455	3312	3312	12773	12773	8125	8125	19	19	8	8	21191	21191	24457	24457	114	114	21	21	99	99	254	254	251	251	78	78	122	122	1882	1882	961	961	632	632	4	4	2	2	139	139	246	246	5591	5591	1586	1586	2133	2133	1295	1295	2137	2137	994	994	24535	24535	2189	2189	3659	3659	27926	27926	21983	21983	2338	2338	793	793	29	29	179	179	215	215	3993	3993	119889	119889	25	25	35	35	81	81	17	17	76	76	17	17	311	311	353	353	54	54	359	359	358	358	142	142	313	313	309	309	611	611	526	526	22	22	79	79	178	178	242	242
IND00404	623	623	813	813	8772	8772	1303	1303	5597	5597	16188	16188	409	409	129	129	27	27	53	53	1859	1859	1335	1335	36	36	188	188	86	86	102	102	166	166	124	124	3	3	2	2	361	361	159	159	93	93	350	350	460	460	182	182	951	951	3012	3012	10	10	13	13	12322	12322	45293	45293	1677	1677	698	698	8	8	7	7	3399	3399	3778	3778	2269	2269	4249	4249	461	461	672	672	4619	4619	2220	2220	26	26	4	4	22810	22810	19423	19423	41	41	126	126	83	83	237	237	140	140	240	240	1731	1731	1929	1929	23	23	1018	1018	4	4	2	2	224	224	110	110	2798	2798	1180	1180	1913	1913	3944	3944	2267	2267	1029	1029	18306	18306	21147	21147	23984	23984	6119	6119	29043	29043	8195	8195	162	162	1022	1022	547	547	541	541	13000	13000	56843	56843	25	25	11	11	159	159	33	33	84	84	165	165	167	167	358	358	404	404	511	511	353	353	304	304	31	31	58	58	1412	1412	430	430	42	42	80	80	215	215	36	36
IND00405	400	400	996	996	1833	1833	1415	1415	2524	2524	4979	4979	260	260	398	398	109	109	100	100	273	273	1030	1030	248	248	164	164	122	122	10	10	81	81	49	49	2	2	16	16	34	34	84	84	500	500	96	96	605	605	1263	1263	3	3	2296	2296	31	31	26	26	77593	77593	11955	11955	426	426	1369	1369	1	1	4	4	3968	3968	1	1	2366	2366	2001	2001	4232	4232	7526	7526	850	850	13759	13759	25	25	3	3	8981	8981	5237	5237	54	54	79	79	50	50	54	54	198	198	185	185	484	484	1689	1689	31	31	108	108	7	7	6	6	137	137	20	20	5574	5574	4477	4477	1716	1716	488	488	4014	4014	1354	1354	8974	8974	26348	26348	29080	29080	4327	4327	19830	19830	16578	16578	986	986	708	708	582	582	227	227	116560	116560	55176	55176	1	1	12	12	254	254	187	187	388	388	255	255	474	474	53	53	289	289	161	161	181	181	99	99	200	200	71	71	723	723	1704	1704	118	118	38	38	201	201	17	17
IND00406	200	200	580	580	2875	2875	4412	4412	10473	10473	5843	5843	94	94	163	163	10	10	118	118	1301	1301	874	874	214	214	250	250	127	127	75	75	98	98	245	245	16	16	2	2	11	11	171	171	506	506	26	26	1847	1847	2004	2004	2700	2700	203	203	16	16	17	17	35334	35334	109490	109490	378	378	634	634	5	5	4	4	2078	2078	620	620	7755	7755	1367	1367	1970	1970	4032	4032	13281	13281	8289	8289	30	30	22	22	11938	11938	14724	14724	43	43	35	35	169	169	32	32	111	111	208	208	1494	1494	1350	1350	666	666	702	702	5	5	7	7	64	64	117	117	4885	4885	4778	4778	690	690	3895	3895	2798	2798	568	568	27898	27898	24114	24114	23224	23224	14775	14775	10324	10324	457	457	323	323	492	492	640	640	132	132	69835	69835	104002	104002	44	44	22	22	128	128	240	240	66	66	200	200	490	490	329	329	170	170	501	501	96	96	246	246	428	428	495	495	611	611	1045	1045	108	108	91	91	104	104	39	39
IND00407	860	860	5	5	6773	6773	1755	1755	2859	2859	13889	13889	199	199	244	244	56	56	49	49	1651	1651	1740	1740	7	7	255	255	75	75	92	92	23	23	206	206	2	2	1	1	206	206	448	448	228	228	323	323	801	801	1475	1475	1859	1859	2661	2661	1	1	9	9	9637	9637	124602	124602	1933	1933	433	433	2	2	4	4	3181	3181	2672	2672	1646	1646	7693	7693	7800	7800	2744	2744	14075	14075	4565	4565	16	16	5	5	30291	30291	2253	2253	82	82	53	53	180	180	175	175	173	173	168	168	1234	1234	1807	1807	792	792	617	617	7	7	2	2	31	31	123	123	5272	5272	6195	6195	2188	2188	1774	1774	2473	2473	2693	2693	2492	2492	25182	25182	24188	24188	19204	19204	5856	5856	11336	11336	299	299	832	832	455	455	388	388	128867	128867	121170	121170	2	2	34	34	169	169	203	203	146	146	18	18	118	118	314	314	462	462	335	335	215	215	82	82	327	327	335	335	1054	1054	1549	1549	54	54	113	113	68	68	124	124
IND00408	712	712	633	633	1333	1333	10302	10302	13590	13590	14225	14225	294	294	171	171	22	22	13	13	1762	1762	1125	1125	40	40	183	183	88	88	9	9	252	252	143	143	6	6	3	3	450	450	410	410	16	16	481	481	1741	1741	1079	1079	1376	1376	971	971	29	29	11	11	83049	83049	93470	93470	1738	1738	1737	1737	6	6	6	6	2940	2940	2004	2004	2251	2251	2215	2215	4144	4144	2181	2181	5937	5937	11080	11080	15	15	12	12	19835	19835	3962	3962	67	67	51	51	152	152	255	255	44	44	42	42	1675	1675	1361	1361	705	705	876	876	4	4	2	2	87	87	18	18	6243	6243	7252	7252	87	87	2367	2367	3085	3085	3047	3047	15266	15266	13600	13600	13312	13312	16181	16181	20997	20997	15130	15130	567	567	339	339	622	622	349	349	67841	67841	109873	109873	21	21	10	10	240	240	89	89	412	412	128	128	173	173	330	330	126	126	481	481	127	127	462	462	253	253	13	13	1335	1335	1634	1634	11	11	18	18	45	45	178	178
IND00409	977	977	614	614	13730	13730	3813	3813	4779	4779	11049	11049	322	322	486	486	18	18	119	119	1396	1396	552	552	167	167	79	79	114	114	12	12	180	180	137	137	9	9	10	10	354	354	94	94	295	295	316	316	1184	1184	146	146	1645	1645	2297	2297	1	1	32	32	42152	42152	15161	15161	662	662	885	885	4	4	2	2	2523	2523	2183	2183	6419	6419	3308	3308	161	161	2933	2933	8	8	11514	11514	5	5	31	31	12506	12506	11762	11762	81	81	13	13	88	88	54	54	209	209	114	114	799	799	413	413	378	378	43	43	8	8	3	3	248	248	141	141	6958	6958	2820	2820	3504	3504	2810	2810	710	710	997	997	15329	15329	16938	16938	22252	22252	29265	29265	12757	12757	2251	2251	843	843	428	428	648	648	521	521	6688	6688	74136	74136	13	13	29	29	38	38	57	57	490	490	176	176	487	487	43	43	160	160	193	193	273	273	176	176	442	442	238	238	102	102	339	339	21	21	115	115	65	65	31	31
IND00410	48	48	691	691	10260	10260	11316	11316	6699	6699	1896	1896	89	89	107	107	89	89	2	2	496	496	991	991	150	150	128	128	8	8	62	62	54	54	114	114	4	4	11	11	182	182	66	66	258	258	359	359	1335	1335	18	18	2805	2805	1548	1548	30	30	3	3	90906	90906	19346	19346	936	936	442	442	2	2	7	7	3336	3336	882	882	5463	5463	7451	7451	6222	6222	4574	4574	9774	9774	13448	13448	29	29	2	2	14185	14185	16444	16444	80	80	22	22	2	2	139	139	3	3	67	67	836	836	211	211	110	110	116	116	6	6	6	6	166	166	27	27	2383	2383	2695	2695	4076	4076	1150	1150	4053	4053	1895	1895	21844	21844	16331	16331	2638	2638	24937	24937	7219	7219	11284	11284	178	178	810	810	919	919	160	160	77935	77935	9142	9142	14	14	3	3	217	217	106	106	282	282	70	70	458	458	511	511	474	474	478	478	178	178	300	300	218	218	347	347	2000	2000	1127	1127	99	99	126	126	20	20	166	166
IND00411	180	180	500	500	10539	10539	6218	6218	13615	13615	499	499	110	110	228	228	122	122	113	113	910	910	1850	1850	210	210	74	74	70	70	30	30	224	224	208	208	16	16	9	9	459	459	393	393	171	171	172	172	537	537	367	367	1106	1106	2995	2995	19	19	12	12	118745	118745	130224	130224	651	651	574	574	1	1	4	4	1124	1124	3769	3769	143	143	3063	3063	5804	5804	6749	6749	6764	6764	14746	14746	32	32	16	16	27048	27048	29131	29131	8	8	32	32	84	84	217	217	161	161	237	237	1702	1702	262	262	379	379	845	845	3	3	2	2	152	152	131	131	2549	2549	6135	6135	3503	3503	201	201	898	898	4064	4064	14024	14024	6530	6530	900	900	3158	3158	506	506	8438	8438	359	359	370	370	323	323	431	431	14696	14696	112458	112458	39	39	32	32	211	211	29	29	340	340	96	96	484	484	272	272	189	189	298	298	161	161	139	139	83	83	14	14	517	517	701	701	83	83	85	85	75	75	218	218
IND00412	947	947	903	903	13184	13184	15233	15233	6996	6996	923	923	79	79	137	137	86	86	10	10	952	952	1519	1519	249	249	153	153	46	46	38	38	96	96	186	186	2	2	15	15	225	225	49	49	370	370	175	175	1810	1810	942	942	1013	1013	3450	3450	29	29	21	21	31981	31981	68052	68052	385	385	1372	1372	2	2	8	8	1971	1971	915	915	4347	4347	5995	5995	295	295	2248	2248	8025	8025	4799	4799	4	4	14	14	8445	8445	12918	12918	31	31	122	122	246	246	136	136	106	106	39	39	428	428	1998	1998	18	18	981	981	5	5	3	3	129	129	254	254	1718	1718	1725	1725	3940	3940	17	17	3499	3499	1737	1737	31175	31175	27365	27365	18844	18844	21013	21013	16153	16153	28040	28040	406	406	696	696	451	451	650	650	45877	45877	57521	57521	29	29	8	8	199	199	233	233	15	15	54	54	500	500	99	99	346	346	388	388	363	363	481	481	472	472	285	285	1647	1647	1513	1513	59	59	68	68	223	223	185	185
IND00413	528	528	172	172	11273	11273	9337	9337	16017	16017	8051	8051	483	483	60	60	128	128	128	128	1387	1387	1945	1945	227	227	110	110	60	60	108	108	118	118	18	18	6	6	8	8	80	80	310	310	50	50	33	33	756	756	1038	1038	2911	2911	161	161	19	19	10	10	128419	128419	35506	35506	894	894	116	116	8	8	1	1	2114	2114	3193	3193	5719	5719	4319	4319	120	120	1228	1228	11850	11850	14832	14832	9	9	15	15	18017	18017	27282	27282	44	44	86	86	239	239	33	33	30	30	71	71	1784	1784	1904	1904	247	247	363	363	7	7	6	6	234	234	255	255	324	324	8048	8048	2957	2957	1994	1994	3846	3846	3540	3540	11541	11541	5880	5880	30267	30267	18707	18707	1279	1279	29873	29873	203	203	635	635	840	840	594	594	82328	82328	29193	29193	50	50	62	62	105	105	34	34	436	436	318	318	456	456	226	226	240	240	107	107	255	255	310	310	426	426	509	509	572	572	421	421	80	80	16	16	47	47	216	216
IND00414	991	991	321	321	4785	4785	13260	13260	5047	5047	8288	8288	233	233	441	441	121	121	23	23	913	913	1355	1355	131	131	110	110	63	63	38	38	168	168	232	232	6	6	3	3	62	62	54	54	509	509	339	339	598	598	1346	1346	182	182	2464	2464	3	3	10	10	28976	28976	38893	38893	219	219	1020	1020	5	5	2	2	1944	1944	444	444	4189	4189	4861	4861	7494	7494	3531	3531	9424	9424	11740	11740	15	15	7	7	29203	29203	17396	17396	82	82	1	1	237	237	231	231	20	20	129	129	1975	1975	691	691	727	727	91	91	3	3	8	8	228	228	176	176	4603	4603	1845	1845	1459	1459	3553	3553	1794	1794	1277	1277	15693	15693	7081	7081	20872	20872	12490	12490	24740	24740	6432	6432	647	647	552	552	117	117	570	570	21046	21046	111783	111783	18	18	50	50	15	15	253	253	180	180	351	351	508	508	270	270	396	396	83	83	160	160	441	441	198	198	118	118	1055	1055	1263	1263	123	123	50	50	12	12	30	30
IND00415	1015	1015	577	577	6819	6819	14298	14298	836	836	13974	13974	451	451	91	91	102	102	117	117	970	970	248	248	106	106	225	225	82	82	117	117	179	179	170	170	16	16	2	2	87	87	376	376	479	479	481	481	1982	1982	1925	1925	1985	1985	1337	1337	8	8	12	12	66544	66544	87774	87774	1426	1426	2038	2038	8	8	7	7	2864	2864	2461	2461	5133	5133	1588	1588	2451	2451	934	934	13994	13994	5938	5938	10	10	2	2	5177	5177	4782	4782	116	116	104	104	188	188	118	118	11	11	56	56	131	131	2042	2042	5	5	555	555	5	5	1	1	120	120	206	206	5734	5734	4129	4129	3546	3546	2447	2447	2404	2404	974	974	6243	6243	14652	14652	12629	12629	22207	22207	16348	16348	4789	4789	872	872	213	213	856	856	521	521	63562	63562	93779	93779	1	1	32	32	149	149	134	134	97	97	331	331	374	374	305	305	492	492	272	272	125	125	340	340	398	398	73	73	844	844	396	396	35	35	98	98	139	139	138	138
IND00416	391	391	767	767	9585	9585	3287	3287	2252	2252	8840	8840	188	188	470	470	114	114	128	128	787	787	849	849	95	95	50	50	4	4	52	52	237	237	230	230	5	5	8	8	399	399	147	147	34	34	114	114	1349	1349	1264	1264	2799	2799	2198	2198	8	8	16	16	3164	3164	70312	70312	575	575	848	848	2	2	4	4	1117	1117	1869	1869	2606	2606	4269	4269	6575	6575	5954	5954	3250	3250	4278	4278	28	28	18	18	29934	29934	22768	22768	55	55	120	120	256	256	243	243	143	143	180	180	229	229	741	741	52	52	294	294	4	4	8	8	14	14	110	110	7921	7921	421	421	205	205	855	855	2258	2258	1165	1165	28880	28880	6338	6338	23513	23513	12926	12926	20057	20057	17485	17485	818	818	428	428	267	267	369	369	62664	62664	10590	10590	45	45	14	14	191	191	183	183	220	220	419	419	401	401	280	280	184	184	377	377	164	164	43	43	153	153	457	457	816	816	412	412	94	94	55	55	253	253	29	29
IND00417	898	898	607	607	11790	11790	9495	9495	6906	6906	2083	2083	365	365	392	392	25	25	12	12	39	39	902	902	236	236	9	9	122	122	77	77	218	218	217	217	7	7	14	14	488	488	66	66	267	267	473	473	1720	1720	640	640	9	9	4005	4005	5	5	26	26	53863	53863	2417	2417	1660	1660	89	89	3	3	7	7	587	587	1851	1851	5267	5267	1546	1546	1913	1913	5762	5762	1623	1623	12805	12805	15	15	7	7	11786	11786	28678	28678	84	84	56	56	22	22	183	183	7	7	15	15	452	452	1756	1756	205	205	132	132	3	3	4	4	111	111	191	191	4428	4428	2720	2720	3149	3149	403	403	3935	3935	1560	1560	14626	14626	3244	3244	13228	13228	19005	19005	14121	14121	16463	16463	979	979	272	272	728	728	680	680	37562	37562	109508	109508	42	42	7	7	135	135	1	1	401	401	500	500	492	492	56	56	274	274	176	176	8	8	447	447	335	335	108	108	1369	1369	1839	1839	97	97	94	94	162	162	194	194
IND00418	148	148	934	934	12474	12474	8520	8520	15641	15641	8323	8323	467	467	372	372	107	107	48	48	872	872	701	701	69	69	176	176	31	31	77	77	139	139	221	221	14	14	16	16	318	318	58	58	39	39	409	409	1821	1821	1969	1969	2720	2720	3951	3951	12	12	15	15	74295	74295	86183	86183	186	186	1623	1623	1	1	4	4	1983	1983	2623	2623	3489	3489	2571	2571	2198	2198	6144	6144	10926	10926	10104	10104	32	32	15	15	5650	5650	22984	22984	122	122	100	100	20	20	244	244	54	54	199	199	1424	1424	439	439	176	176	788	788	3	3	8	8	35	35	211	211	5836	5836	6456	6456	391	391	2274	2274	2405	2405	1145	1145	16464	16464	6830	6830	24431	24431	18673	18673	25372	25372	30702	30702	1009	1009	29	29	69	69	588	588	72824	72824	117261	117261	27	27	22	22	54	54	116	116	225	225	180	180	491	491	209	209	386	386	456	456	378	378	128	128	76	76	185	185	1000	1000	1895	1895	84	84	86	86	16	16	96	96
IND00419	266	266	993	993	15259	15259	1551	1551	11539	11539	4939	4939	234	234	38	38	15	15	128	128	1898	1898	385	385	58	58	215	215	40	40	67	67	111	111	126	126	9	9	8	8	11	11	279	279	400	400	495	495	1657	1657	140	140	2277	2277	3159	3159	1	1	23	23	84194	84194	29963	29963	407	407	1994	1994	1	1	8	8	2268	2268	3321	3321	2562	2562	8109	8109	1953	1953	8096	8096	4024	4024	14433	14433	23	23	5	5	14378	14378	20327	20327	70	70	13	13	255	255	154	154	176	176	159	159	982	982	733	733	338	338	789	789	6	6	6	6	37	37	248	248	7627	7627	3677	3677	3943	3943	1527	1527	1512	1512	1949	1949	29492	29492	7366	7366	6613	6613	17200	17200	1475	1475	21588	21588	493	493	103	103	551	551	156	156	6182	6182	73109	73109	9	9	52	52	184	184	63	63	456	456	254	254	297	297	441	441	456	456	469	469	74	74	234	234	224	224	138	138	1338	1338	1459	1459	29	29	68	68	109	109	238	238
IND00420	416	416	803	803	12322	12322	1682	1682	7094	7094	15475	15475	238	238	177	177	46	46	99	99	1551	1551	634	634	52	52	219	219	64	64	14	14	230	230	217	217	4	4	6	6	321	321	82	82	229	229	369	369	1414	1414	547	547	444	444	1762	1762	25	25	7	7	11317	11317	13677	13677	1261	1261	2032	2032	5	5	4	4	3655	3655	111	111	2716	2716	1134	1134	2524	2524	5055	5055	1696	1696	5084	5084	20	20	4	4	22968	22968	25082	25082	54	54	128	128	35	35	166	166	161	161	159	159	1943	1943	1483	1483	272	272	250	250	5	5	2	2	144	144	192	192	2003	2003	82	82	1452	1452	154	154	1002	1002	787	787	8047	8047	28468	28468	30827	30827	15940	15940	2652	2652	4453	4453	808	808	519	519	155	155	441	441	127527	127527	57431	57431	37	37	30	30	147	147	238	238	59	59	317	317	353	353	252	252	151	151	476	476	377	377	350	350	290	290	424	424	205	205	1245	1245	106	106	12	12	133	133	93	93
IND00421	448	448	263	263	16341	16341	7500	7500	10781	10781	15222	15222	120	120	103	103	67	67	120	120	397	397	328	328	30	30	112	112	98	98	127	127	157	157	183	183	2	2	6	6	113	113	460	460	10	10	126	126	1507	1507	1775	1775	1209	1209	2324	2324	25	25	29	29	64980	64980	51788	51788	803	803	1545	1545	5	5	3	3	1335	1335	3129	3129	100	100	7871	7871	2831	2831	4466	4466	5854	5854	407	407	32	32	29	29	5594	5594	24817	24817	29	29	94	94	136	136	21	21	107	107	130	130	883	883	1468	1468	989	989	859	859	6	6	7	7	108	108	6	6	3555	3555	7408	7408	2437	2437	3113	3113	3629	3629	282	282	6862	6862	27578	27578	22706	22706	6949	6949	31518	31518	16575	16575	749	749	303	303	879	879	942	942	36013	36013	121330	121330	12	12	13	13	60	60	110	110	101	101	194	194	22	22	446	446	144	144	202	202	438	438	326	326	271	271	291	291	1485	1485	599	599	21	21	90	90	64	64	104	104
IND00422	548	548	75	75	4496	4496	9043	9043	12280	12280	7203	7203	476	476	423	423	5	5	39	39	882	882	1781	1781	148	148	102	102	9	9	60	60	138	138	9	9	11	11	10	10	333	333	101	101	503	503	330	330	1083	1083	1406	1406	1483	1483	3247	3247	11	11	3	3	86620	86620	79728	79728	225	225	362	362	8	8	5	5	758	758	987	987	4927	4927	8136	8136	6188	6188	696	696	3528	3528	5056	5056	12	12	1	1	26106	26106	22294	22294	15	15	1	1	109	109	8	8	202	202	8	8	435	435	646	646	200	200	642	642	3	3	5	5	189	189	50	50	1926	1926	396	396	256	256	800	800	65	65	3149	3149	30300	30300	14190	14190	17835	17835	26368	26368	32421	32421	21067	21067	776	776	117	117	740	740	666	666	5368	5368	129104	129104	27	27	34	34	176	176	74	74	421	421	107	107	463	463	158	158	254	254	240	240	70	70	72	72	471	471	364	364	1342	1342	241	241	23	23	99	99	255	255	209	209
IND00423	730	730	643	643	15152	15152	1225	1225	3635	3635	9745	9745	396	396	270	270	64	64	87	87	1800	1800	493	493	166	166	210	210	93	93	8	8	190	190	25	25	4	4	12	12	178	178	96	96	50	50	314	314	1837	1837	1111	1111	3952	3952	2805	2805	8	8	32	32	75906	75906	21223	21223	621	621	1566	1566	4	4	3	3	1730	1730	1604	1604	5363	5363	355	355	6626	6626	806	806	10266	10266	14781	14781	30	30	13	13	16332	16332	28409	28409	72	72	122	122	127	127	226	226	82	82	90	90	559	559	1787	1787	527	527	863	863	2	2	7	7	77	77	92	92	2139	2139	4156	4156	4093	4093	957	957	1686	1686	217	217	27885	27885	21025	21025	31272	31272	24326	24326	4533	4533	2144	2144	306	306	313	313	880	880	600	600	30589	30589	125831	125831	17	17	8	8	129	129	232	232	187	187	455	455	193	193	462	462	79	79	228	228	61	61	511	511	261	261	214	214	1668	1668	1824	1824	101	101	1	1	236	236	170	170
IND00424	647	647	428	428	623	623	8562	8562	9353	9353	16230	16230	199	199	157	157	13	13	96	96	228	228	75	75	173	173	19	19	77	77	107	107	78	78	218	218	3	3	6	6	36	36	381	381	275	275	334	334	1048	1048	701	701	1120	1120	3921	3921	25	25	18	18	116162	116162	74889	74889	1562	1562	1389	1389	6	6	1	1	1901	1901	3946	3946	3022	3022	266	266	7995	7995	977	977	4297	4297	6787	6787	10	10	2	2	30146	30146	24966	24966	23	23	124	124	143	143	139	139	227	227	8	8	1361	1361	1495	1495	463	463	314	314	5	5	2	2	125	125	3	3	6791	6791	33	33	1279	1279	3243	3243	1693	1693	2974	2974	8602	8602	5005	5005	2289	2289	4992	4992	32392	32392	10229	10229	650	650	486	486	382	382	520	520	34395	34395	79643	79643	47	47	7	7	126	126	255	255	246	246	148	148	368	368	422	422	195	195	142	142	264	264	318	318	390	390	29	29	2001	2001	2004	2004	44	44	38	38	121	121	27	27
IND00425	276	276	728	728	11956	11956	3969	3969	9840	9840	9800	9800	370	370	50	50	116	116	78	78	905	905	1571	1571	130	130	26	26	97	97	74	74	80	80	220	220	13	13	6	6	191	191	303	303	452	452	210	210	1605	1605	556	556	4063	4063	3134	3134	32	32	12	12	24396	24396	70945	70945	594	594	364	364	7	7	6	6	669	669	783	783	4124	4124	5915	5915	8191	8191	4214	4214	9018	9018	11872	11872	1	1	12	12	18374	18374	32108	32108	34	34	75	75	1	1	196	196	128	128	147	147	1639	1639	1595	1595	696	696	419	419	1	1	2	2	128	128	240	240	2614	2614	3312	3312	1354	1354	1994	1994	2582	2582	2580	2580	26040	26040	30973	30973	2476	2476	9166	9166	9028	9028	23303	23303	708	708	320	320	566	566	161	161	36594	36594	89043	89043	41	41	32	32	172	172	8	8	152	152	425	425	424	424	121	121	231	231	442	442	331	331	193	193	290	290	147	147	1680	1680	1528	1528	80	80	12	12	189	189	151	151
IND00426	801	801	832	832	15022	15022	11818	11818	7280	7280	15201	15201	467	467	354	354	18	18	104	104	291	291	693	693	213	213	30	30	19	19	120	120	51	51	204	204	4	4	1	1	461	461	378	378	345	345	431	431	574	574	1675	1675	3649	3649	757	757	23	23	25	25	104333	104333	75311	75311	508	508	1643	1643	4	4	7	7	933	933	1261	1261	1147	1147	7990	7990	6536	6536	1395	1395	14857	14857	5312	5312	31	31	10	10	30702	30702	14068	14068	70	70	19	19	254	254	147	147	139	139	125	125	870	870	2038	2038	888	888	348	348	2	2	1	1	256	256	12	12	2371	2371	2557	2557	2068	2068	200	200	2140	2140	397	397	19363	19363	2322	2322	12461	12461	26534	26534	17917	17917	29884	29884	711	711	338	338	193	193	584	584	54660	54660	96512	96512	43	43	52	52	229	229	141	141	195	195	114	114	89	89	487	487	152	152	193	193	481	481	282	282	489	489	78	78	917	917	1448	1448	35	35	57	57	25	25	75	75
IND00427	759	759	762	762	14040	14040	4166	4166	9836	9836	14351	14351	492	492	231	231	119	119	25	25	250	250	1399	1399	37	37	42	42	52	52	37	37	103	103	232	232	13	13	10	10	166	166	323	323	378	378	199	199	608	608	888	888	408	408	96	96	9	9	7	7	18995	18995	63533	63533	56	56	1404	1404	3	3	8	8	1589	1589	2442	2442	7192	7192	4017	4017	4554	4554	4300	4300	4064	4064	14835	14835	1	1	20	20	29985	29985	17130	17130	68	68	88	88	245	245	73	73	240	240	76	76	117	117	1513	1513	721	721	257	257	3	3	1	1	235	235	218	218	8017	8017	4416	4416	3503	3503	1711	1711	2945	2945	79	79	1954	1954	17268	17268	9150	9150	7598	7598	4821	4821	25278	25278	807	807	236	236	1008	1008	725	725	121706	121706	54223	54223	11	11	35	35	194	194	241	241	217	217	349	349	67	67	500	500	163	163	277	277	273	273	80	80	191	191	317	317	1145	1145	1869	1869	108	108	67	67	87	87	117	117
IND00428	722	722	694	694	12934	12934	9103	9103	10471	10471	16212	16212	265	265	201	201	78	78	22	22	976	976	1177	1177	152	152	112	112	68	68	59	59	192	192	40	40	12	12	14	14	213	213	96	96	112	112	39	39	1338	1338	1591	1591	2227	2227	598	598	26	26	12	12	114221	114221	90263	90263	1925	1925	644	644	2	2	8	8	2037	2037	515	515	5337	5337	2528	2528	7888	7888	2753	2753	1145	1145	4109	4109	12	12	17	17	24161	24161	14071	14071	123	123	77	77	8	8	225	225	183	183	145	145	181	181	382	382	518	518	928	928	3	3	8	8	157	157	132	132	1761	1761	640	640	3498	3498	2998	2998	1538	1538	2555	2555	2034	2034	25369	25369	799	799	5223	5223	17961	17961	27111	27111	882	882	441	441	67	67	8	8	17011	17011	31883	31883	31	31	22	22	91	91	256	256	130	130	140	140	82	82	426	426	67	67	88	88	156	156	168	168	259	259	61	61	684	684	1142	1142	27	27	67	67	108	108	219	219
IND00429	530	530	968	968	7877	7877	7812	7812	6812	6812	6921	6921	400	400	142	142	40	40	84	84	2001	2001	476	476	246	246	237	237	124	124	92	92	5	5	253	253	1	1	2	2	468	468	83	83	500	500	436	436	1492	1492	482	482	3608	3608	3449	3449	24	24	15	15	103575	103575	11385	11385	1739	1739	1648	1648	7	7	2	2	913	913	1990	1990	941	941	6256	6256	4420	4420	5768	5768	10740	10740	9017	9017	17	17	14	14	9348	9348	15542	15542	25	25	80	80	255	255	65	65	62	62	95	95	1678	1678	521	521	600	600	906	906	2	2	1	1	29	29	211	211	5481	5481	7318	7318	242	242	1999	1999	1427	1427	898	898	2560	2560	15278	15278	25929	25929	12569	12569	21546	21546	21457	21457	892	892	109	109	303	303	772	772	87057	87057	76406	76406	48	48	30	30	231	231	228	228	260	260	326	326	40	40	164	164	346	346	150	150	329	329	406	406	180	180	501	501	1714	1714	1588	1588	115	115	106	106	125	125	221	221
IND00430	139	139	528	528	8436	8436	2358	2358	10669	10669	15862	15862	503	503	459	459	65	65	99	99	933	933	220	220	206	206	27	27	18	18	35	35	228	228	190	190	9	9	5	5	56	56	264	264	117	117	417	417	344	344	1799	1799	1049	1049	2981	2981	17	17	30	30	94472	94472	60844	60844	1105	1105	1521	1521	8	8	5	5	2475	2475	1806	1806	7735	7735	5431	5431	6616	6616	232	232	699	699	15199	15199	1	1	32	32	6317	6317	4174	4174	15	15	75	75	244	244	216	216	204	204	96	96	1472	1472	219	219	311	311	68	68	2	2	4	4	25	25	39	39	1207	1207	5130	5130	3408	3408	1333	1333	2865	2865	1676	1676	19553	19553	28362	28362	26121	26121	10202	10202	26810	26810	2847	2847	338	338	863	863	534	534	803	803	38282	38282	80037	80037	35	35	7	7	12	12	101	101	14	14	181	181	267	267	145	145	62	62	164	164	148	148	38	38	220	220	105	105	182	182	2002	2002	49	49	74	74	206	206	12	12
IND00431	866	866	206	206	14293	14293	12320	12320	1271	1271	1894	1894	389	389	427	427	59	59	94	94	717	717	1297	1297	62	62	66	66	7	7	91	91	99	99	41	41	15	15	5	5	380	380	64	64	36	36	313	313	49	49	1206	1206	1555	1555	3032	3032	13	13	25	25	53913	53913	9419	9419	149	149	1893	1893	8	8	4	4	2830	2830	2437	2437	3082	3082	2240	2240	7831	7831	2474	2474	3547	3547	8915	8915	15	15	26	26	20807	20807	22195	22195	16	16	81	81	74	74	139	139	107	107	249	249	1056	1056	1235	1235	60	60	165	165	6	6	8	8	64	64	37	37	4818	4818	1424	1424	2701	2701	3059	3059	2363	2363	1282	1282	27347	27347	11040	11040	3294	3294	17760	17760	7021	7021	5053	5053	936	936	180	180	804	804	374	374	39058	39058	93633	93633	40	40	26	26	61	61	230	230	425	425	459	459	391	391	251	251	12	12	142	142	414	414	270	270	96	96	406	406	562	562	938	938	12	12	78	78	20	20	13	13
IND00432	645	645	81	81	5431	5431	2114	2114	7253	7253	3941	3941	279	279	3	3	61	61	64	64	1876	1876	459	459	213	213	119	119	78	78	94	94	205	205	239	239	2	2	6	6	241	241	80	80	60	60	86	86	69	69	1104	1104	668	668	1503	1503	28	28	21	21	9451	9451	76530	76530	624	624	131	131	4	4	6	6	96	96	547	547	4506	4506	7609	7609	6383	6383	953	953	9072	9072	9266	9266	20	20	31	31	28595	28595	19107	19107	53	53	66	66	188	188	210	210	151	151	44	44	494	494	2025	2025	609	609	589	589	3	3	1	1	183	183	165	165	1075	1075	4589	4589	3515	3515	408	408	2900	2900	1229	1229	9124	9124	18169	18169	28165	28165	2758	2758	19416	19416	6100	6100	170	170	144	144	285	285	528	528	126130	126130	45240	45240	11	11	29	29	244	244	231	231	112	112	76	76	360	360	472	472	98	98	449	449	377	377	275	275	142	142	393	393	844	844	1055	1055	120	120	58	58	197	197	204	204
IND00433	2	2	230	230	6873	6873	444	444	15451	15451	10693	10693	359	359	272	272	99	99	72	72	179	179	562	562	42	42	72	72	15	15	114	114	171	171	183	183	8	8	13	13	461	461	24	24	175	175	277	277	1331	1331	1106	1106	1600	1600	2237	2237	4	4	23	23	83306	83306	67919	67919	798	798	411	411	5	5	2	2	2520	2520	2991	2991	919	919	2267	2267	1676	1676	6492	6492	16311	16311	6786	6786	15	15	14	14	23920	23920	6534	6534	39	39	78	78	161	161	161	161	187	187	217	217	1092	1092	1438	1438	448	448	392	392	8	8	2	2	191	191	18	18	4598	4598	2560	2560	2380	2380	1552	1552	162	162	1657	1657	26250	26250	19930	19930	14591	14591	23830	23830	3234	3234	31226	31226	725	725	944	944	68	68	53	53	88444	88444	124365	124365	43	43	43	43	144	144	47	47	211	211	124	124	429	429	245	245	220	220	303	303	289	289	118	118	448	448	430	430	245	245	309	309	105	105	24	24	63	63	102	102
IND00434	412	412	838	838	5937	5937	7721	7721	6190	6190	7566	7566	402	402	141	141	27	27	63	63	1848	1848	996	996	226	226	73	73	7	7	23	23	183	183	181	181	4	4	13	13	454	454	492	492	65	65	479	479	1531	1531	161	161	1822	1822	2494	2494	12	12	22	22	123975	123975	100299	100299	659	659	1774	1774	1	1	6	6	1310	1310	2509	2509	6302	6302	6118	6118	1684	1684	2577	2577	12878	12878	7973	7973	9	9	25	25	12328	12328	743	743	34	34	35	35	256	256	121	121	120	120	12	12	1760	1760	633	633	284	284	839	839	7	7	3	3	6	6	105	105	5141	5141	1861	1861	2889	2889	1079	1079	2801	2801	3816	3816	25575	25575	15547	15547	4744	4744	20881	20881	11465	11465	27357	27357	160	160	886	886	437	437	599	599	71704	71704	60971	60971	2	2	48	48	163	163	126	126	257	257	104	104	244	244	311	311	403	403	15	15	185	185	279	279	327	327	238	238	92	92	760	760	16	16	52	52	178	178	174	174
IND00435	199	199	488	488	10171	10171	4111	4111	1528	1528	14011	14011	351	351	459	459	77	77	127	127	1148	1148	347	347	9	9	87	87	13	13	100	100	71	71	109	109	8	8	8	8	80	80	42	42	436	436	63	63	53	53	85	85	2454	2454	1030	1030	32	32	17	17	83714	83714	82742	82742	445	445	1870	1870	6	6	5	5	3685	3685	3412	3412	343	343	102	102	2867	2867	7897	7897	5844	5844	4372	4372	6	6	15	15	25028	25028	7296	7296	31	31	19	19	149	149	205	205	175	175	112	112	993	993	1122	1122	234	234	659	659	8	8	4	4	50	50	219	219	7090	7090	5002	5002	3579	3579	2869	2869	649	649	2920	2920	31998	31998	18086	18086	5607	5607	21776	21776	21066	21066	9013	9013	972	972	69	69	47	47	907	907	61108	61108	20805	20805	20	20	32	32	32	32	11	11	81	81	329	329	56	56	258	258	278	278	380	380	344	344	385	385	189	189	407	407	1759	1759	1830	1830	16	16	96	96	129	129	58	58
IND00436	502	502	316	316	2300	2300	9182	9182	3251	3251	8671	8671	376	376	252	252	122	122	88	88	1551	1551	129	129	142	142	42	42	119	119	127	127	158	158	17	17	2	2	1	1	138	138	169	169	506	506	322	322	1585	1585	1963	1963	622	622	3122	3122	18	18	17	17	46867	46867	107708	107708	1311	1311	507	507	7	7	3	3	3301	3301	866	866	3368	3368	1240	1240	3439	3439	3360	3360	15035	15035	8588	8588	1	1	29	29	650	650	21546	21546	95	95	32	32	138	138	145	145	11	11	133	133	1181	1181	1567	1567	911	911	319	319	6	6	2	2	78	78	132	132	2991	2991	397	397	1145	1145	3875	3875	194	194	2538	2538	8471	8471	6013	6013	2507	2507	5587	5587	15296	15296	23603	23603	506	506	710	710	710	710	295	295	60811	60811	99197	99197	3	3	42	42	2	2	37	37	10	10	335	335	33	33	371	371	495	495	180	180	355	355	235	235	494	494	252	252	581	581	284	284	89	89	111	111	6	6	188	188
IND00437	686	686	19	19	9361	9361	8770	8770	1031	1031	3871	3871	232	232	107	107	46	46	69	69	1785	1785	576	576	40	40	88	88	29	29	96	96	232	232	162	162	5	5	7	7	253	253	348	348	69	69	238	238	647	647	1333	1333	3532	3532	2495	2495	29	29	20	20	83982	83982	118746	118746	24	24	1431	1431	6	6	3	3	1101	1101	3574	3574	7443	7443	7878	7878	4860	4860	7416	7416	2627	2627	7576	7576	16	16	20	20	22567	22567	18550	18550	91	91	48	48	68	68	243	243	208	208	250	250	1078	1078	1093	1093	275	275	685	685	5	5	8	8	190	190	133	133	5809	5809	7774	7774	1432	1432	1466	1466	1606	1606	305	305	2502	2502	19730	19730	17475	17475	19387	19387	30743	30743	15850	15850	431	431	536	536	975	975	111	111	44096	44096	42340	42340	56	56	33	33	207	207	174	174	132	132	322	322	457	457	117	117	188	188	457	457	14	14	432	432	492	492	114	114	11	11	1205	1205	99	99	64	64	127	127	140	140
IND00438	372	372	405	405	12208	12208	1324	1324	11523	11523	2191	2191	479	479	174	174	20	20	100	100	520	520	792	792	58	58	152	152	58	58	33	33	40	40	72	72	3	3	7	7	25	25	164	164	237	237	129	129	1883	1883	1249	1249	2639	2639	446	446	32	32	20	20	74467	74467	57798	57798	1695	1695	483	483	8	8	2	2	3930	3930	1202	1202	6153	6153	567	567	2907	2907	4612	4612	10796	10796	9784	9784	25	25	14	14	13790	13790	3046	3046	21	21	18	18	130	130	159	159	128	128	39	39	480	480	916	916	927	927	554	554	3	3	7	7	147	147	157	157	4812	4812	2863	2863	1672	1672	130	130	3888	3888	3355	3355	31111	31111	21058	21058	28857	28857	12890	12890	27128	27128	32187	32187	174	174	489	489	879	879	524	524	119717	119717	88796	88796	42	42	18	18	64	64	218	218	426	426	93	93	6	6	272	272	422	422	329	329	488	488	194	194	96	96	402	402	1800	1800	7	7	1	1	106	106	49	49	107	107
IND00439	77	77	460	460	114	114	1640	1640	3145	3145	12053	12053	431	431	122	122	82	82	94	94	1085	1085	829	829	193	193	173	173	128	128	56	56	212	212	174	174	12	12	9	9	247	247	392	392	162	162	317	317	1601	1601	1017	1017	2080	2080	4090	4090	7	7	21	21	71880	71880	35554	35554	1739	1739	730	730	3	3	7	7	2967	2967	364	364	2795	2795	8102	8102	3244	3244	6665	6665	1465	1465	6852	6852	23	23	5	5	17001	17001	10847	10847	86	86	10	10	216	216	67	67	138	138	95	95	1030	1030	1195	1195	779	779	197	197	3	3	7	7	88	88	48	48	3595	3595	710	710	1818	1818	3327	3327	712	712	243	243	13324	13324	18931	18931	5213	5213	11820	11820	2783	2783	2186	2186	706	706	924	924	620	620	783	783	29705	29705	104404	104404	32	32	1	1	234	234	2	2	172	172	437	437	98	98	93	93	88	88	333	333	10	10	431	431	446	446	502	502	375	375	1374	1374	32	32	64	64	87	87	147	147
IND00440	408	408	127	127	482	482	3895	3895	10238	10238	1558	1558	204	204	295	295	27	27	125	125	376	376	69	69	71	71	78	78	53	53	43	43	116	116	152	152	13	13	9	9	150	150	108	108	387	387	363	363	282	282	1929	1929	1828	1828	4019	4019	1	1	6	6	81733	81733	47196	47196	1379	1379	981	981	8	8	8	8	836	836	3736	3736	1728	1728	6348	6348	8131	8131	8092	8092	4110	4110	12355	12355	11	11	16	16	31239	31239	27125	27125	11	11	86	86	138	138	2	2	140	140	34	34	196	196	1372	1372	231	231	916	916	5	5	1	1	187	187	55	55	7447	7447	914	914	710	710	3606	3606	267	267	317	317	25096	25096	20385	20385	3823	3823	19271	19271	16255	16255	8465	8465	641	641	538	538	278	278	150	150	26868	26868	54547	54547	36	36	38	38	202	202	60	60	86	86	209	209	475	475	188	188	37	37	192	192	87	87	395	395	463	463	7	7	1445	1445	522	522	84	84	6	6	118	118	47	47
IND00441	269	269	142	142	14591	14591	4360	4360	10421	10421	417	417	100	100	464	464	34	34	24	24	422	422	3	3	7	7	140	140	30	30	80	80	114	114	177	177	14	14	16	16	355	355	358	358	489	489	349	349	1353	1353	843	843	2905	2905	43	43	29	29	16	16	87033	87033	82127	82127	1154	1154	638	638	6	6	3	3	2691	2691	3734	3734	702	702	3920	3920	6423	6423	1403	1403	7029	7029	10461	10461	15	15	30	30	14560	14560	1306	1306	69	69	106	106	211	211	121	121	164	164	238	238	1917	1917	1518	1518	727	727	436	436	1	1	7	7	142	142	96	96	2478	2478	594	594	2574	2574	3006	3006	47	47	2652	2652	21174	21174	21192	21192	5807	5807	27545	27545	12855	12855	20241	20241	821	821	894	894	6	6	467	467	26604	26604	12327	12327	2	2	56	56	247	247	25	25	281	281	96	96	46	46	376	376	467	467	178	178	176	176	400	400	279	279	243	243	1970	1970	1232	1232	16	16	5	5	34	34	96	96
IND00442	252	252	20	20	15337	15337	3358	3358	348	348	14317	14317	403	403	367	367	45	45	34	34	867	867	1409	1409	157	157	129	129	24	24	57	57	36	36	170	170	9	9	9	9	84	84	138	138	4	4	79	79	1598	1598	220	220	18	18	2409	2409	1	1	24	24	104187	104187	99103	99103	1715	1715	1336	1336	5	5	7	7	2933	2933	2875	2875	4368	4368	434	434	4163	4163	3850	3850	7379	7379	15399	15399	31	31	19	19	3020	3020	22887	22887	34	34	29	29	227	227	142	142	49	49	236	236	279	279	741	741	247	247	922	922	6	6	5	5	124	124	48	48	6444	6444	7358	7358	1268	1268	1589	1589	1869	1869	2063	2063	14415	14415	512	512	22168	22168	7199	7199	14231	14231	10848	10848	571	571	846	846	317	317	262	262	63513	63513	28922	28922	64	64	57	57	67	67	133	133	150	150	217	217	401	401	51	51	452	452	108	108	161	161	247	247	231	231	178	178	1180	1180	1665	1665	88	88	67	67	94	94	127	127
IND00443	690	690	909	909	11891	11891	1716	1716	6015	6015	2313	2313	167	167	215	215	81	81	19	19	1692	1692	1604	1604	110	110	64	64	123	123	74	74	21	21	56	56	14	14	2	2	327	327	455	455	150	150	480	480	467	467	129	129	3453	3453	373	373	29	29	19	19	78831	78831	16434	16434	1730	1730	1356	1356	7	7	8	8	3423	3423	551	551	5292	5292	6629	6629	824	824	118	118	420	420	12460	12460	13	13	31	31	23061	23061	6688	6688	109	109	21	21	35	35	189	189	127	127	107	107	951	951	1644	1644	829	829	868	868	4	4	6	6	92	92	168	168	1217	1217	3230	3230	565	565	858	858	1957	1957	574	574	20320	20320	24488	24488	29949	29949	24726	24726	26692	26692	20921	20921	423	423	693	693	624	624	563	563	8695	8695	35362	35362	29	29	29	29	24	24	182	182	264	264	170	170	113	113	135	135	481	481	371	371	182	182	88	88	439	439	348	348	676	676	743	743	71	71	83	83	116	116	9	9
IND00444	834	834	877	877	14928	14928	11195	11195	2576	2576	10705	10705	264	264	375	375	5	5	27	27	586	586	631	631	92	92	241	241	9	9	71	71	94	94	190	190	4	4	12	12	381	381	124	124	311	311	85	85	250	250	1268	1268	3931	3931	2214	2214	6	6	24	24	94138	94138	42401	42401	1021	1021	237	237	5	5	3	3	1416	1416	1262	1262	5767	5767	6597	6597	5129	5129	5116	5116	11909	11909	14272	14272	29	29	21	21	2762	2762	12237	12237	39	39	53	53	150	150	129	129	123	123	34	34	1757	1757	1768	1768	638	638	865	865	6	6	2	2	166	166	57	57	7380	7380	4939	4939	2567	2567	100	100	1685	1685	1254	1254	6088	6088	24472	24472	99	99	3294	3294	7306	7306	24207	24207	786	786	298	298	1005	1005	275	275	85379	85379	112342	112342	52	52	39	39	1	1	65	65	142	142	368	368	76	76	4	4	311	311	336	336	262	262	421	421	161	161	337	337	716	716	763	763	124	124	92	92	220	220	90	90
IND00445	24	24	585	585	11107	11107	15627	15627	2919	2919	14056	14056	502	502	310	310	22	22	119	119	1152	1152	2002	2002	8	8	37	37	75	75	122	122	40	40	158	158	1	1	3	3	269	269	209	209	295	295	480	480	1095	1095	123	123	856	856	3034	3034	5	5	23	23	8741	8741	61533	61533	1843	1843	2035	2035	6	6	8	8	183	183	2225	2225	6479	6479	8187	8187	6980	6980	7720	7720	13328	13328	15984	15984	18	18	19	19	21860	21860	4507	4507	51	51	43	43	230	230	159	159	189	189	192	192	1415	1415	1248	1248	687	687	287	287	5	5	1	1	31	31	130	130	2956	2956	6018	6018	2725	2725	2188	2188	569	569	2286	2286	3478	3478	23908	23908	3681	3681	20150	20150	6615	6615	25840	25840	237	237	594	594	882	882	526	526	32979	32979	127673	127673	3	3	63	63	87	87	42	42	491	491	263	263	503	503	177	177	405	405	33	33	98	98	481	481	73	73	359	359	1663	1663	1482	1482	116	116	20	20	220	220	51	51
IND00446	957	957	850	850	5155	5155	14983	14983	4931	4931	4113	4113	460	460	428	428	17	17	29	29	1852	1852	1995	1995	47	47	47	47	38	38	35	35	140	140	62	62	15	15	10	10	72	72	288	288	487	487	456	456	1068	1068	987	987	471	471	4054	4054	9	9	22	22	32117	32117	107103	107103	1782	1782	513	513	3	3	6	6	3428	3428	2888	2888	6510	6510	1513	1513	4238	4238	4532	4532	7832	7832	3686	3686	3	3	30	30	10167	10167	26810	26810	114	114	51	51	82	82	117	117	86	86	99	99	1587	1587	73	73	579	579	877	877	8	8	1	1	32	32	132	132	5536	5536	1582	1582	2991	2991	3320	3320	3608	3608	2989	2989	10102	10102	1751	1751	19508	19508	10941	10941	8610	8610	25644	25644	630	630	566	566	312	312	147	147	78702	78702	57730	57730	63	63	63	63	95	95	30	30	262	262	144	144	100	100	295	295	7	7	10	10	206	206	28	28	241	241	209	209	102	102	293	293	99	99	15	15	151	151	84	84
IND00447	218	218	146	146	7740	7740	12559	12559	15571	15571	7993	7993	135	135	269	269	58	58	47	47	1955	1955	542	542	33	33	190	190	26	26	19	19	65	65	228	228	6	6	13	13	157	157	177	177	168	168	68	68	522	522	354	354	2316	2316	3038	3038	20	20	7	7	52293	52293	84693	84693	1112	1112	1806	1806	1	1	6	6	1703	1703	726	726	4287	4287	3150	3150	7863	7863	6008	6008	10448	10448	13837	13837	2	2	11	11	20023	20023	8777	8777	96	96	56	56	239	239	201	201	189	189	45	45	1938	1938	2044	2044	919	919	810	810	4	4	3	3	248	248	21	21	3969	3969	1129	1129	3934	3934	3647	3647	1404	1404	2018	2018	2089	2089	23597	23597	28094	28094	148	148	15346	15346	8167	8167	254	254	434	434	806	806	662	662	47445	47445	14397	14397	15	15	58	58	137	137	34	34	438	438	169	169	54	54	165	165	279	279	319	319	158	158	397	397	308	308	452	452	998	998	1928	1928	15	15	38	38	197	197	36	36
IND00448	327	327	731	731	10640	10640	14389	14389	12634	12634	962	962	184	184	141	141	102	102	20	20	182	182	1885	1885	211	211	102	102	114	114	69	69	120	120	101	101	8	8	2	2	165	165	398	398	194	194	414	414	265	265	1603	1603	3694	3694	3751	3751	18	18	18	18	73798	73798	127791	127791	1131	1131	1365	1365	3	3	1	1	2552	2552	1304	1304	5655	5655	2379	2379	399	399	5663	5663	484	484	10815	10815	15	15	20	20	26011	26011	28103	28103	23	23	73	73	26	26	101	101	80	80	171	171	801	801	1975	1975	252	252	1022	1022	5	5	7	7	34	34	198	198	6210	6210	6740	6740	3337	3337	2852	2852	3957	3957	3468	3468	17885	17885	15742	15742	10927	10927	8741	8741	10380	10380	6013	6013	31	31	821	821	413	413	157	157	38638	38638	49049	49049	42	42	61	61	28	28	94	94	476	476	161	161	7	7	313	313	460	460	117	117	188	188	124	124	388	388	146	146	1014	1014	1530	1530	83	83	119	119	239	239	103	103
IND00449	1015	1015	506	506	15763	15763	4739	4739	15778	15778	1157	1157	166	166	334	334	67	67	12	12	874	874	1761	1761	113	113	252	252	122	122	24	24	17	17	196	196	5	5	16	16	14	14	278	278	310	310	508	508	1828	1828	1983	1983	2782	2782	301	301	28	28	27	27	120642	120642	120959	120959	1970	1970	533	533	2	2	4	4	3933	3933	23	23	1087	1087	3035	3035	3243	3243	5827	5827	14795	14795	10528	10528	2	2	14	14	25172	25172	17088	17088	86	86	84	84	145	145	133	133	159	159	149	149	1336	1336	638	638	917	917	431	431	3	3	7	7	221	221	190	190	6892	6892	3959	3959	1142	1142	1877	1877	1732	1732	2456	2456	7965	7965	23019	23019	20321	20321	26870	26870	3663	3663	19271	19271	218	218	303	303	428	428	983	983	124605	124605	108448	108448	41	41	54	54	99	99	240	240	24	24	227	227	95	95	494	494	512	512	314	314	86	86	363	363	183	183	9	9	1373	1373	55	55	40	40	91	91	85	85	195	195
IND00450	753	753	205	205	15513	15513	7790	7790	2033	2033	7783	7783	349	349	301	301	86	86	93	93	1870	1870	93	93	81	81	149	149	27	27	118	118	154	154	78	78	15	15	1	1	211	211	450	450	365	365	473	473	1144	1144	774	774	3878	3878	2151	2151	17	17	28	28	109362	109362	20788	20788	1832	1832	165	165	1	1	1	1	2646	2646	2112	2112	661	661	2111	2111	2444	2444	5584	5584	2643	2643	765	765	30	30	20	20	19170	19170	397	397	41	41	51	51	181	181	185	185	148	148	97	97	295	295	211	211	179	179	57	57	1	1	8	8	176	176	110	110	7881	7881	4463	4463	1025	1025	1594	1594	1287	1287	1071	1071	22544	22544	28329	28329	2149	2149	358	358	13792	13792	11840	11840	269	269	629	629	345	345	626	626	55227	55227	8009	8009	48	48	9	9	126	126	203	203	334	334	451	451	419	419	506	506	62	62	373	373	234	234	163	163	377	377	311	311	1563	1563	1000	1000	75	75	69	69	199	199	189	189
IND00451	98	98	842	842	4449	4449	12910	12910	6970	6970	4804	4804	37	37	152	152	12	12	127	127	1042	1042	122	122	28	28	190	190	82	82	113	113	147	147	174	174	11	11	3	3	62	62	329	329	462	462	93	93	892	892	1600	1600	2842	2842	296	296	3	3	3	3	30828	30828	107221	107221	1667	1667	283	283	2	2	6	6	1877	1877	1732	1732	6151	6151	7397	7397	6142	6142	4821	4821	14558	14558	7843	7843	19	19	1	1	6459	6459	21932	21932	43	43	91	91	95	95	72	72	193	193	67	67	1017	1017	1358	1358	848	848	19	19	7	7	5	5	1	1	19	19	5042	5042	6624	6624	3832	3832	244	244	2037	2037	826	826	10932	10932	16374	16374	32122	32122	32554	32554	12873	12873	8623	8623	640	640	930	930	443	443	217	217	34281	34281	18022	18022	41	41	28	28	191	191	168	168	45	45	331	331	415	415	11	11	324	324	41	41	428	428	232	232	60	60	70	70	257	257	719	719	26	26	24	24	49	49	253	253
IND00452	89	89	70	70	102	102	16208	16208	2347	2347	8371	8371	279	279	354	354	127	127	127	127	1075	1075	1749	1749	125	125	169	169	92	92	102	102	244	244	52	52	16	16	2	2	58	58	470	470	301	301	275	275	917	917	1791	1791	165	165	2587	2587	20	20	8	8	111313	111313	26184	26184	410	410	1507	1507	3	3	3	3	567	567	1273	1273	346	346	3730	3730	6490	6490	690	690	1463	1463	3036	3036	10	10	12	12	18830	18830	21277	21277	73	73	71	71	73	73	159	159	135	135	205	205	1576	1576	788	788	281	281	660	660	6	6	6	6	171	171	55	55	7644	7644	3964	3964	414	414	3483	3483	3392	3392	3794	3794	28766	28766	17078	17078	4825	4825	2601	2601	24809	24809	31022	31022	249	249	942	942	36	36	956	956	26110	26110	104160	104160	54	54	11	11	78	78	139	139	95	95	447	447	155	155	80	80	111	111	463	463	296	296	352	352	424	424	445	445	762	762	855	855	68	68	70	70	14	14	70	70
IND00453	318	318	117	117	2702	2702	6178	6178	14974	14974	9402	9402	115	115	188	188	8	8	85	85	1117	1117	137	137	191	191	123	123	54	54	18	18	150	150	16	16	12	12	1	1	347	347	266	266	77	77	93	93	565	565	1023	1023	1782	1782	990	990	23	23	19	19	78775	78775	28282	28282	1287	1287	1702	1702	8	8	4	4	3948	3948	2641	2641	1428	1428	1149	1149	93	93	186	186	708	708	3086	3086	18	18	8	8	4125	4125	13727	13727	79	79	17	17	35	35	17	17	254	254	199	199	1075	1075	1537	1537	490	490	775	775	1	1	1	1	33	33	42	42	914	914	339	339	1363	1363	1259	1259	3759	3759	3215	3215	14707	14707	28192	28192	15037	15037	8678	8678	27693	27693	19829	19829	459	459	345	345	43	43	90	90	27824	27824	56494	56494	27	27	5	5	98	98	41	41	482	482	174	174	29	29	208	208	313	313	234	234	239	239	342	342	68	68	164	164	83	83	189	189	58	58	3	3	47	47	56	56
IND00454	464	464	608	608	263	263	2591	2591	2594	2594	5026	5026	3	3	453	453	96	96	117	117	1191	1191	1104	1104	59	59	205	205	35	35	58	58	220	220	101	101	12	12	1	1	70	70	346	346	449	449	438	438	473	473	1722	1722	2322	2322	1432	1432	1	1	19	19	118777	118777	72871	72871	858	858	489	489	6	6	5	5	3651	3651	500	500	551	551	6218	6218	4956	4956	4143	4143	14591	14591	4915	4915	30	30	22	22	5728	5728	25866	25866	125	125	68	68	168	168	31	31	110	110	118	118	1931	1931	11	11	902	902	948	948	4	4	8	8	200	200	131	131	6512	6512	6103	6103	1324	1324	3525	3525	2020	2020	1398	1398	10763	10763	14029	14029	11749	11749	5026	5026	29303	29303	22970	22970	142	142	134	134	798	798	271	271	89338	89338	53713	53713	54	54	60	60	2	2	193	193	137	137	253	253	288	288	53	53	179	179	316	316	161	161	46	46	500	500	95	95	792	792	816	816	73	73	3	3	13	13	97	97
IND00455	856	856	812	812	1520	1520	2544	2544	55	55	1349	1349	355	355	179	179	45	45	114	114	1398	1398	549	549	243	243	169	169	2	2	121	121	142	142	52	52	3	3	14	14	481	481	361	361	227	227	263	263	1423	1423	546	546	1427	1427	644	644	12	12	5	5	68784	68784	118320	118320	1370	1370	1720	1720	6	6	2	2	929	929	3845	3845	5187	5187	5630	5630	997	997	4992	4992	11240	11240	11735	11735	20	20	6	6	10069	10069	28557	28557	90	90	33	33	121	121	182	182	85	85	178	178	837	837	863	863	928	928	321	321	7	7	7	7	208	208	210	210	8093	8093	4710	4710	817	817	3992	3992	24	24	721	721	26291	26291	20891	20891	24816	24816	1832	1832	26123	26123	5571	5571	937	937	813	813	25	25	706	706	86430	86430	49935	49935	51	51	29	29	253	253	116	116	233	233	289	289	20	20	74	74	75	75	227	227	392	392	455	455	431	431	492	492	338	338	343	343	36	36	22	22	118	118	246	246
IND00456	380	380	321	321	15765	15765	27	27	7794	7794	8630	8630	290	290	302	302	34	34	31	31	1919	1919	1552	1552	196	196	123	123	38	38	44	44	182	182	129	129	7	7	7	7	124	124	80	80	342	342	511	511	1938	1938	1227	1227	693	693	2825	2825	18	18	20	20	29746	29746	83022	83022	114	114	1793	1793	5	5	2	2	1090	1090	1187	1187	1508	1508	7832	7832	7014	7014	647	647	10615	10615	3018	3018	24	24	10	10	14319	14319	7099	7099	12	12	94	94	167	167	209	209	30	30	46	46	725	725	709	709	102	102	777	777	3	3	1	1	47	47	160	160	6884	6884	3643	3643	1578	1578	3912	3912	961	961	2299	2299	168	168	18172	18172	13680	13680	2240	2240	7525	7525	29551	29551	281	281	1024	1024	297	297	846	846	91196	91196	36756	36756	26	26	54	54	87	87	232	232	40	40	215	215	350	350	178	178	52	52	299	299	179	179	195	195	296	296	131	131	1278	1278	580	580	102	102	109	109	128	128	164	164
IND00457	666	666	180	180	6228	6228	418	418	8674	8674	4507	4507	250	250	168	168	56	56	67	67	342	342	1085	1085	240	240	13	13	115	115	52	52	137	137	153	153	16	16	16	16	313	313	200	200	479	479	390	390	1818	1818	361	361	2056	2056	3105	3105	22	22	6	6	101206	101206	81818	81818	1423	1423	1189	1189	5	5	1	1	1502	1502	3359	3359	1592	1592	5764	5764	4085	4085	7171	7171	5565	5565	6781	6781	17	17	8	8	26345	26345	5132	5132	16	16	118	118	138	138	252	252	200	200	51	51	1563	1563	836	836	936	936	257	257	3	3	2	2	119	119	99	99	1217	1217	26	26	2378	2378	2091	2091	3003	3003	3872	3872	7097	7097	18769	18769	10781	10781	369	369	14454	14454	16621	16621	750	750	309	309	951	951	114	114	128030	128030	109359	109359	9	9	20	20	160	160	166	166	473	473	227	227	8	8	463	463	37	37	298	298	50	50	80	80	296	296	121	121	781	781	1058	1058	72	72	7	7	130	130	48	48
IND00458	782	782	304	304	8530	8530	6358	6358	6014	6014	9626	9626	108	108	33	33	103	103	72	72	439	439	1444	1444	45	45	8	8	110	110	104	104	123	123	110	110	2	2	9	9	253	253	281	281	390	390	207	207	325	325	1328	1328	3246	3246	3711	3711	1	1	20	20	28568	28568	50708	50708	1936	1936	93	93	1	1	6	6	925	925	1841	1841	5921	5921	2822	2822	1052	1052	5805	5805	7254	7254	1327	1327	27	27	17	17	7798	7798	22259	22259	67	67	36	36	222	222	12	12	206	206	148	148	906	906	1068	1068	915	915	62	62	5	5	8	8	33	33	157	157	4295	4295	6526	6526	2928	2928	3570	3570	1331	1331	2866	2866	28226	28226	31519	31519	28600	28600	23807	23807	27511	27511	9399	9399	715	715	423	423	436	436	220	220	98067	98067	130773	130773	40	40	39	39	73	73	33	33	375	375	262	262	219	219	296	296	378	378	184	184	474	474	444	444	315	315	373	373	37	37	963	963	84	84	33	33	28	28	112	112
IND00459	568	568	785	785	15310	15310	4416	4416	1759	1759	8182	8182	488	488	494	494	76	76	10	10	590	590	605	605	217	217	195	195	77	77	116	116	115	115	28	28	3	3	12	12	136	136	468	468	69	69	287	287	1129	1129	1788	1788	2398	2398	1465	1465	27	27	4	4	108896	108896	80728	80728	1944	1944	1066	1066	4	4	1	1	3064	3064	1881	1881	3144	3144	778	778	5572	5572	6627	6627	6493	6493	8300	8300	6	6	10	10	7230	7230	21652	21652	110	110	18	18	183	183	196	196	2	2	196	196	2013	2013	986	986	965	965	470	470	6	6	2	2	23	23	15	15	4703	4703	8040	8040	3073	3073	457	457	3839	3839	1598	1598	25118	25118	23962	23962	4047	4047	12873	12873	6751	6751	16667	16667	925	925	764	764	887	887	590	590	115468	115468	111192	111192	3	3	55	55	81	81	147	147	338	338	442	442	23	23	36	36	378	378	135	135	299	299	100	100	347	347	483	483	1569	1569	935	935	91	91	14	14	12	12	76	76
IND00460	561	561	318	318	406	406	9057	9057	12324	12324	10602	10602	176	176	90	90	63	63	12	12	1527	1527	141	141	180	180	70	70	118	118	125	125	114	114	152	152	16	16	11	11	187	187	158	158	379	379	144	144	627	627	1735	1735	3198	3198	3883	3883	3	3	26	26	111618	111618	107943	107943	971	971	1698	1698	1	1	5	5	2873	2873	3616	3616	1875	1875	3394	3394	6445	6445	6350	6350	10814	10814	2751	2751	20	20	3	3	7439	7439	32261	32261	69	69	73	73	154	154	205	205	175	175	110	110	417	417	487	487	727	727	650	650	2	2	3	3	256	256	1	1	35	35	4978	4978	914	914	3579	3579	3542	3542	3267	3267	26083	26083	1278	1278	31487	31487	24368	24368	2366	2366	27921	27921	57	57	326	326	5	5	632	632	35292	35292	36293	36293	42	42	45	45	18	18	240	240	15	15	50	50	347	347	117	117	126	126	46	46	487	487	456	456	295	295	67	67	1996	1996	929	929	110	110	42	42	221	221	71	71
IND00461	357	357	15	15	11212	11212	16279	16279	9326	9326	9027	9027	233	233	53	53	51	51	2	2	1262	1262	629	629	88	88	112	112	14	14	109	109	32	32	17	17	1	1	5	5	13	13	431	431	52	52	413	413	1844	1844	1236	1236	137	137	3829	3829	16	16	16	16	90311	90311	17238	17238	1274	1274	208	208	2	2	4	4	648	648	747	747	2670	2670	3238	3238	8154	8154	4052	4052	8476	8476	14925	14925	32	32	1	1	3665	3665	24918	24918	8	8	114	114	147	147	98	98	138	138	145	145	1420	1420	1593	1593	200	200	928	928	7	7	1	1	28	28	103	103	2331	2331	1454	1454	3253	3253	742	742	764	764	1008	1008	32322	32322	2222	2222	17136	17136	19295	19295	7685	7685	4052	4052	356	356	276	276	579	579	97	97	5364	5364	18908	18908	33	33	20	20	116	116	155	155	219	219	41	41	267	267	261	261	348	348	353	353	273	273	102	102	111	111	248	248	1730	1730	872	872	19	19	7	7	108	108	7	7
IND00462	78	78	253	253	13602	13602	5465	5465	3540	3540	15202	15202	51	51	326	326	111	111	128	128	1900	1900	1391	1391	174	174	90	90	41	41	63	63	51	51	110	110	9	9	3	3	499	499	249	249	160	160	193	193	1297	1297	1100	1100	2836	2836	1730	1730	2	2	13	13	294	294	454	454	682	682	2010	2010	4	4	2	2	2317	2317	2208	2208	1326	1326	355	355	4289	4289	5552	5552	2409	2409	5107	5107	21	21	17	17	7888	7888	1600	1600	22	22	106	106	87	87	59	59	29	29	126	126	1522	1522	1259	1259	363	363	718	718	1	1	2	2	100	100	132	132	4077	4077	2553	2553	1139	1139	3984	3984	137	137	2141	2141	19517	19517	31848	31848	32260	32260	8845	8845	25802	25802	20124	20124	266	266	568	568	162	162	754	754	125629	125629	37260	37260	18	18	59	59	17	17	201	201	429	429	360	360	36	36	64	64	74	74	378	378	98	98	260	260	52	52	280	280	853	853	985	985	36	36	72	72	13	13	183	183
IND00463	112	112	28	28	449	449	7053	7053	5407	5407	1129	1129	284	284	97	97	25	25	84	84	365	365	159	159	233	233	85	85	107	107	49	49	219	219	183	183	16	16	9	9	355	355	283	283	10	10	440	440	201	201	1932	1932	1842	1842	220	220	30	30	9	9	46527	46527	125394	125394	594	594	1945	1945	1	1	6	6	1546	1546	1421	1421	2627	2627	4137	4137	2826	2826	5961	5961	10397	10397	4905	4905	26	26	7	7	22954	22954	10405	10405	108	108	99	99	7	7	199	199	209	209	121	121	921	921	327	327	629	629	6	6	5	5	3	3	31	31	141	141	2612	2612	4504	4504	1462	1462	2743	2743	3797	3797	3511	3511	32334	32334	609	609	5037	5037	23915	23915	19603	19603	6933	6933	22	22	595	595	607	607	773	773	8241	8241	52321	52321	12	12	14	14	253	253	182	182	252	252	201	201	100	100	341	341	10	10	10	10	409	409	458	458	403	403	240	240	425	425	195	195	115	115	36	36	36	36	127	127
IND00464	37	37	644	644	10328	10328	14471	14471	10095	10095	1336	1336	107	107	327	327	25	25	104	104	11	11	806	806	26	26	242	242	14	14	52	52	137	137	24	24	15	15	12	12	397	397	212	212	451	451	49	49	2026	2026	680	680	1005	1005	4095	4095	18	18	10	10	16222	16222	92518	92518	936	936	1583	1583	7	7	4	4	1020	1020	1016	1016	6245	6245	8142	8142	6859	6859	410	410	10434	10434	11237	11237	9	9	23	23	23426	23426	28817	28817	64	64	73	73	41	41	241	241	15	15	254	254	1857	1857	1543	1543	814	814	1016	1016	5	5	5	5	165	165	22	22	227	227	7752	7752	3075	3075	1083	1083	333	333	285	285	6901	6901	10925	10925	22419	22419	18271	18271	24522	24522	7350	7350	421	421	390	390	338	338	278	278	32985	32985	6804	6804	46	46	7	7	126	126	204	204	208	208	373	373	227	227	311	311	246	246	357	357	330	330	50	50	221	221	321	321	672	672	1385	1385	90	90	62	62	130	130	240	240
IND00465	862	862	640	640	11835	11835	6681	6681	10580	10580	13184	13184	225	225	10	10	101	101	39	39	295	295	1349	1349	66	66	21	21	61	61	112	112	246	246	217	217	2	2	8	8	327	327	409	409	392	392	353	353	951	951	1224	1224	1846	1846	388	388	20	20	10	10	114421	114421	3152	3152	537	537	120	120	5	5	4	4	1267	1267	2292	2292	2014	2014	5936	5936	5784	5784	4202	4202	12819	12819	13168	13168	30	30	15	15	9647	9647	2759	2759	1	1	115	115	217	217	166	166	193	193	173	173	494	494	1487	1487	92	92	733	733	2	2	4	4	52	52	201	201	577	577	2985	2985	772	772	3036	3036	2835	2835	2393	2393	25770	25770	19891	19891	30290	30290	12498	12498	15425	15425	3750	3750	64	64	289	289	564	564	489	489	104568	104568	48885	48885	14	14	47	47	158	158	209	209	178	178	457	457	186	186	438	438	430	430	368	368	289	289	173	173	109	109	488	488	1971	1971	816	816	16	16	45	45	167	167	146	146
IND00466	502	502	463	463	10420	10420	11736	11736	10223	10223	3014	3014	208	208	455	455	42	42	84	84	1918	1918	1578	1578	165	165	252	252	29	29	108	108	86	86	89	89	3	3	11	11	376	376	488	488	102	102	181	181	187	187	616	616	1222	1222	3349	3349	10	10	15	15	71310	71310	46540	46540	2009	2009	635	635	1	1	8	8	3071	3071	3165	3165	4878	4878	1408	1408	996	996	3558	3558	15934	15934	12170	12170	15	15	25	25	4273	4273	2294	2294	124	124	50	50	156	156	229	229	236	236	88	88	1242	1242	1088	1088	421	421	341	341	8	8	5	5	142	142	125	125	4044	4044	742	742	3656	3656	4002	4002	927	927	113	113	24259	24259	16326	16326	10572	10572	22877	22877	6093	6093	397	397	952	952	397	397	458	458	579	579	53248	53248	125492	125492	29	29	59	59	241	241	25	25	392	392	483	483	317	317	114	114	184	184	335	335	93	93	309	309	382	382	85	85	777	777	815	815	111	111	70	70	74	74	207	207
IND00467	802	802	969	969	14303	14303	12285	12285	1189	1189	7108	7108	422	422	348	348	38	38	102	102	1250	1250	265	265	186	186	5	5	100	100	26	26	57	57	57	57	8	8	1	1	347	347	130	130	117	117	49	49	1074	1074	1297	1297	1859	1859	1136	1136	18	18	24	24	78685	78685	118507	118507	1742	1742	1909	1909	6	6	7	7	3897	3897	1809	1809	3151	3151	6319	6319	1997	1997	7087	7087	9967	9967	10401	10401	27	27	23	23	12778	12778	25344	25344	82	82	115	115	153	153	132	132	35	35	217	217	561	561	319	319	167	167	102	102	1	1	8	8	150	150	137	137	3415	3415	3851	3851	2901	2901	2029	2029	97	97	4014	4014	17148	17148	29534	29534	26652	26652	5642	5642	24767	24767	1189	1189	232	232	61	61	450	450	830	830	48410	48410	21739	21739	2	2	16	16	118	118	68	68	260	260	192	192	361	361	233	233	63	63	464	464	273	273	79	79	92	92	4	4	173	173	1796	1796	91	91	108	108	42	42	110	110
IND00468	838	838	293	293	13875	13875	7989	7989	10931	10931	558	558	473	473	301	301	17	17	5	5	157	157	352	352	128	128	50	50	93	93	96	96	153	153	169	169	3	3	7	7	193	193	495	495	316	316	342	342	1122	1122	210	210	2799	2799	1856	1856	15	15	31	31	76041	76041	22868	22868	952	952	1305	1305	5	5	7	7	3364	3364	746	746	1109	1109	3073	3073	5234	5234	4889	4889	9088	9088	12370	12370	21	21	8	8	27132	27132	10925	10925	53	53	93	93	38	38	41	41	206	206	204	204	577	577	810	810	473	473	105	105	7	7	5	5	29	29	146	146	4199	4199	4248	4248	2917	2917	1671	1671	2858	2858	306	306	8691	8691	8643	8643	21848	21848	3806	3806	21715	21715	2802	2802	460	460	735	735	418	418	703	703	45881	45881	75384	75384	3	3	8	8	204	204	146	146	301	301	103	103	163	163	81	81	88	88	181	181	395	395	299	299	170	170	231	231	412	412	204	204	29	29	110	110	37	37	60	60
IND00469	993	993	118	118	8165	8165	3730	3730	4395	4395	7199	7199	87	87	73	73	1	1	63	63	244	244	1777	1777	141	141	124	124	62	62	112	112	197	197	111	111	13	13	15	15	489	489	223	223	376	376	82	82	1507	1507	248	248	542	542	3288	3288	30	30	8	8	6617	6617	69855	69855	655	655	849	849	6	6	8	8	2201	2201	2050	2050	762	762	3463	3463	7029	7029	6848	6848	368	368	6637	6637	25	25	5	5	13689	13689	13861	13861	73	73	38	38	66	66	238	238	127	127	62	62	478	478	1610	1610	873	873	972	972	7	7	1	1	219	219	125	125	3545	3545	3116	3116	1226	1226	981	981	265	265	3488	3488	9849	9849	17280	17280	29015	29015	6613	6613	27096	27096	4662	4662	1004	1004	968	968	868	868	55	55	76870	76870	104393	104393	21	21	19	19	124	124	38	38	260	260	222	222	235	235	195	195	166	166	178	178	470	470	25	25	265	265	469	469	2012	2012	1083	1083	37	37	12	12	5	5	178	178
IND00470	613	613	866	866	12209	12209	1867	1867	3612	3612	15125	15125	451	451	421	421	105	105	62	62	1671	1671	892	892	243	243	92	92	74	74	105	105	118	118	111	111	4	4	5	5	219	219	161	161	245	245	419	419	870	870	1337	1337	426	426	2045	2045	20	20	20	20	51914	51914	114421	114421	1411	1411	1884	1884	3	3	8	8	3675	3675	734	734	166	166	7240	7240	3290	3290	5670	5670	15868	15868	6130	6130	32	32	27	27	25466	25466	23861	23861	54	54	95	95	35	35	220	220	36	36	202	202	1533	1533	457	457	83	83	700	700	4	4	5	5	27	27	178	178	4017	4017	2528	2528	2455	2455	3896	3896	3068	3068	2948	2948	30402	30402	8860	8860	20447	20447	22064	22064	11409	11409	19604	19604	75	75	302	302	321	321	203	203	43875	43875	20517	20517	6	6	23	23	18	18	179	179	339	339	28	28	178	178	397	397	474	474	74	74	244	244	317	317	9	9	25	25	1341	1341	229	229	90	90	3	3	133	133	42	42
IND00471	866	866	252	252	9847	9847	11888	11888	2531	2531	15299	15299	321	321	427	427	114	114	125	125	33	33	1195	1195	132	132	193	193	25	25	31	31	38	38	124	124	4	4	6	6	53	53	74	74	412	412	367	367	1547	1547	1683	1683	2574	2574	3835	3835	2	2	2	2	95813	95813	89369	89369	1551	1551	645	645	4	4	6	6	1276	1276	179	179	1745	1745	5914	5914	6198	6198	4538	4538	13129	13129	6885	6885	21	21	7	7	14054	14054	7712	7712	12	12	70	70	48	48	243	243	78	78	74	74	1504	1504	391	391	867	867	32	32	1	1	2	2	69	69	80	80	4805	4805	2427	2427	3192	3192	1177	1177	2730	2730	1184	1184	15824	15824	28186	28186	17601	17601	11060	11060	325	325	3535	3535	742	742	817	817	480	480	93	93	108026	108026	1646	1646	46	46	11	11	108	108	3	3	147	147	218	218	419	419	108	108	491	491	247	247	293	293	352	352	203	203	41	41	1073	1073	1453	1453	116	116	25	25	85	85	52	52
IND00472	147	147	754	754	14748	14748	1766	1766	1100	1100	8043	8043	245	245	498	498	76	76	119	119	738	738	698	698	70	70	197	197	4	4	63	63	231	231	218	218	16	16	14	14	463	463	417	417	149	149	416	416	1627	1627	433	433	1901	1901	3241	3241	3	3	3	3	3491	3491	15539	15539	1937	1937	251	251	7	7	7	7	328	328	2539	2539	1387	1387	2618	2618	7195	7195	6560	6560	4894	4894	15418	15418	17	17	30	30	31202	31202	27903	27903	90	90	110	110	77	77	51	51	45	45	219	219	1821	1821	1766	1766	130	130	870	870	4	4	2	2	49	49	47	47	295	295	3677	3677	922	922	131	131	1754	1754	1069	1069	547	547	25206	25206	30454	30454	2311	2311	18754	18754	29535	29535	27	27	529	529	145	145	200	200	25636	25636	50589	50589	11	11	43	43	97	97	126	126	198	198	142	142	275	275	94	94	306	306	199	199	150	150	166	166	377	377	364	364	1266	1266	1017	1017	27	27	4	4	118	118	178	178
IND00473	424	424	61	61	5687	5687	11444	11444	8699	8699	9062	9062	257	257	319	319	102	102	46	46	1952	1952	516	516	143	143	60	60	98	98	103	103	182	182	109	109	7	7	4	4	5	5	19	19	107	107	396	396	1463	1463	303	303	1685	1685	3219	3219	5	5	9	9	20728	20728	88494	88494	1109	1109	740	740	8	8	7	7	3279	3279	3603	3603	733	733	4456	4456	7487	7487	1929	1929	11200	11200	4052	4052	2	2	27	27	31343	31343	5625	5625	64	64	112	112	25	25	119	119	55	55	248	248	570	570	1095	1095	107	107	797	797	6	6	8	8	219	219	65	65	4840	4840	6181	6181	3221	3221	3231	3231	199	199	2143	2143	3814	3814	30633	30633	24514	24514	11779	11779	8857	8857	4233	4233	873	873	556	556	178	178	201	201	19399	19399	64872	64872	60	60	26	26	51	51	125	125	93	93	292	292	422	422	281	281	38	38	441	441	154	154	350	350	386	386	382	382	440	440	2037	2037	112	112	111	111	237	237	170	170
IND00474	14	14	605	605	12025	12025	11342	11342	2196	2196	15497	15497	384	384	429	429	75	75	119	119	1599	1599	2010	2010	189	189	105	105	88	88	64	64	107	107	92	92	6	6	8	8	343	343	217	217	155	155	28	28	1918	1918	920	920	2741	2741	1939	1939	4	4	20	20	76631	76631	10963	10963	144	144	1159	1159	4	4	5	5	603	603	734	734	1432	1432	5367	5367	4931	4931	476	476	833	833	5778	5778	21	21	13	13	26773	26773	8164	8164	57	57	7	7	123	123	132	132	127	127	236	236	831	831	559	559	132	132	877	877	3	3	3	3	137	137	131	131	3432	3432	4194	4194	2944	2944	3729	3729	2675	2675	546	546	30994	30994	20668	20668	31156	31156	7490	7490	22300	22300	3226	3226	99	99	715	715	970	970	75	75	109099	109099	41558	41558	35	35	26	26	198	198	17	17	497	497	82	82	60	60	399	399	99	99	392	392	453	453	494	494	173	173	54	54	1937	1937	1656	1656	110	110	81	81	147	147	152	152
IND00475	417	417	112	112	8616	8616	11176	11176	13479	13479	9706	9706	211	211	55	55	8	8	34	34	1935	1935	1453	1453	215	215	89	89	95	95	6	6	255	255	36	36	14	14	12	12	145	145	490	490	384	384	71	71	917	917	1585	1585	3548	3548	3465	3465	27	27	15	15	95119	95119	47589	47589	843	843	234	234	8	8	3	3	626	626	1094	1094	3358	3358	2660	2660	6846	6846	4074	4074	4700	4700	12103	12103	8	8	31	31	7781	7781	29176	29176	85	85	115	115	162	162	52	52	218	218	179	179	789	789	1450	1450	13	13	156	156	7	7	1	1	128	128	251	251	3318	3318	523	523	2	2	4050	4050	3646	3646	2857	2857	26017	26017	20558	20558	13746	13746	23167	23167	2533	2533	29167	29167	864	864	508	508	160	160	900	900	100058	100058	71093	71093	26	26	32	32	189	189	109	109	14	14	327	327	330	330	182	182	309	309	466	466	198	198	271	271	119	119	247	247	493	493	1813	1813	105	105	59	59	30	30	68	68
IND00476	236	236	905	905	8239	8239	2623	2623	7215	7215	10522	10522	315	315	266	266	16	16	34	34	1294	1294	1143	1143	194	194	102	102	48	48	78	78	246	246	150	150	6	6	15	15	255	255	325	325	264	264	310	310	409	409	1389	1389	3711	3711	967	967	21	21	26	26	87227	87227	129047	129047	1117	1117	548	548	6	6	3	3	3893	3893	3318	3318	6482	6482	8110	8110	6029	6029	3221	3221	4003	4003	5409	5409	12	12	27	27	2018	2018	29542	29542	32	32	19	19	202	202	209	209	155	155	84	84	470	470	290	290	128	128	745	745	6	6	5	5	2	2	201	201	2932	2932	1139	1139	2155	2155	290	290	2988	2988	3590	3590	23681	23681	30031	30031	15778	15778	25956	25956	15842	15842	27101	27101	424	424	231	231	732	732	136	136	6351	6351	76770	76770	36	36	64	64	229	229	141	141	26	26	247	247	485	485	65	65	64	64	145	145	96	96	476	476	203	203	318	318	826	826	602	602	115	115	103	103	232	232	62	62
IND00477	870	870	675	675	2763	2763	7203	7203	14550	14550	8444	8444	392	392	145	145	71	71	103	103	781	781	134	134	109	109	175	175	88	88	12	12	13	13	14	14	10	10	16	16	402	402	93	93	55	55	426	426	1100	1100	959	959	2039	2039	3592	3592	24	24	5	5	119899	119899	113517	113517	1645	1645	1470	1470	6	6	5	5	3717	3717	3796	3796	2111	2111	7832	7832	2731	2731	182	182	15492	15492	5743	5743	8	8	32	32	14107	14107	23275	23275	82	82	63	63	79	79	4	4	165	165	35	35	1469	1469	385	385	525	525	128	128	4	4	6	6	164	164	254	254	3771	3771	5388	5388	2310	2310	1425	1425	566	566	2679	2679	23611	23611	6728	6728	21881	21881	549	549	397	397	28498	28498	20	20	797	797	134	134	839	839	6047	6047	63650	63650	41	41	32	32	153	153	94	94	374	374	373	373	145	145	163	163	508	508	332	332	426	426	189	189	301	301	383	383	1835	1835	1703	1703	31	31	103	103	218	218	234	234
IND00478	321	321	303	303	15988	15988	10144	10144	7211	7211	13859	13859	77	77	186	186	94	94	9	9	1885	1885	1150	1150	147	147	146	146	41	41	128	128	229	229	188	188	15	15	11	11	201	201	128	128	440	440	455	455	1241	1241	1882	1882	2034	2034	126	126	15	15	23	23	108263	108263	22782	22782	1437	1437	781	781	8	8	1	1	1799	1799	1211	1211	3498	3498	1017	1017	1980	1980	7946	7946	7972	7972	10035	10035	6	6	14	14	28804	28804	22661	22661	12	12	42	42	133	133	73	73	88	88	164	164	660	660	1910	1910	700	700	619	619	6	6	7	7	180	180	150	150	6444	6444	300	300	923	923	1769	1769	919	919	436	436	10237	10237	30314	30314	10505	10505	4179	4179	6821	6821	24679	24679	549	549	570	570	538	538	314	314	64196	64196	82658	82658	8	8	60	60	112	112	172	172	508	508	46	46	182	182	84	84	188	188	216	216	54	54	110	110	328	328	41	41	1954	1954	16	16	12	12	103	103	249	249	88	88
IND00479	662	662	907	907	4129	4129	13967	13967	3707	3707	10879	10879	434	434	83	83	14	14	24	24	713	713	674	674	61	61	77	77	105	105	112	112	219	219	256	256	1	1	15	15	445	445	222	222	169	169	234	234	1544	1544	171	171	3006	3006	1497	1497	26	26	5	5	55665	55665	7099	7099	1076	1076	375	375	8	8	2	2	1361	1361	3655	3655	3982	3982	3319	3319	920	920	448	448	11649	11649	11355	11355	1	1	28	28	29023	29023	13590	13590	26	26	27	27	113	113	20	20	256	256	183	183	1919	1919	2	2	281	281	577	577	4	4	7	7	110	110	160	160	5573	5573	3535	3535	2324	2324	2657	2657	1796	1796	132	132	6584	6584	31693	31693	22061	22061	12032	12032	4648	4648	7009	7009	369	369	689	689	524	524	678	678	54975	54975	85331	85331	1	1	3	3	97	97	54	54	324	324	318	318	450	450	466	466	484	484	484	484	412	412	253	253	507	507	8	8	1754	1754	706	706	39	39	26	26	215	215	217	217
IND00480	358	358	93	93	9549	9549	4542	4542	4427	4427	5258	5258	282	282	440	440	90	90	5	5	1311	1311	1037	1037	199	199	97	97	65	65	111	111	136	136	82	82	13	13	15	15	442	442	315	315	346	346	108	108	1626	1626	415	415	1858	1858	2552	2552	23	23	12	12	11322	11322	40754	40754	1047	1047	299	299	6	6	3	3	1205	1205	2157	2157	3688	3688	7844	7844	621	621	6888	6888	6109	6109	339	339	4	4	1	1	29828	29828	1280	1280	28	28	90	90	124	124	233	233	62	62	206	206	1019	1019	314	314	109	109	415	415	3	3	7	7	208	208	240	240	7395	7395	2250	2250	214	214	1471	1471	1474	1474	255	255	2030	2030	163	163	20248	20248	26230	26230	14508	14508	31345	31345	990	990	80	80	283	283	164	164	98549	98549	79494	79494	45	45	14	14	196	196	41	41	500	500	122	122	414	414	272	272	503	503	225	225	115	115	175	175	471	471	141	141	1659	1659	1851	1851	121	121	100	100	87	87	194	194
IND00481	747	747	23	23	11357	11357	10228	10228	2619	2619	15677	15677	246	246	502	502	26	26	106	106	1253	1253	660	660	20	20	145	145	126	126	1	1	145	145	184	184	12	12	11	11	25	25	260	260	136	136	420	420	68	68	663	663	2376	2376	3243	3243	23	23	26	26	15195	15195	98671	98671	883	883	1896	1896	3	3	7	7	21	21	1573	1573	5742	5742	1660	1660	2744	2744	6896	6896	9815	9815	12865	12865	17	17	9	9	10791	10791	9546	9546	94	94	106	106	229	229	20	20	79	79	217	217	1115	1115	974	974	806	806	487	487	3	3	4	4	203	203	10	10	350	350	5844	5844	823	823	1410	1410	1653	1653	3515	3515	9647	9647	26282	26282	20647	20647	32765	32765	765	765	18646	18646	838	838	221	221	865	865	270	270	8175	8175	33519	33519	54	54	50	50	59	59	102	102	337	337	295	295	249	249	254	254	285	285	91	91	169	169	41	41	436	436	496	496	1424	1424	1806	1806	52	52	24	24	206	206	212	212
IND00482	331	331	629	629	11508	11508	7459	7459	13719	13719	2668	2668	423	423	54	54	5	5	47	47	443	443	1181	1181	253	253	110	110	97	97	42	42	65	65	158	158	10	10	14	14	170	170	428	428	393	393	240	240	1653	1653	244	244	3776	3776	1670	1670	3	3	26	26	81947	81947	3633	3633	987	987	214	214	6	6	3	3	1815	1815	2586	2586	313	313	5743	5743	902	902	5549	5549	10550	10550	7311	7311	5	5	9	9	3914	3914	28387	28387	49	49	39	39	209	209	43	43	97	97	118	118	1303	1303	1406	1406	145	145	871	871	1	1	4	4	145	145	95	95	1031	1031	6115	6115	1980	1980	3245	3245	3820	3820	1599	1599	576	576	20419	20419	17463	17463	7975	7975	17901	17901	31407	31407	999	999	936	936	716	716	808	808	64232	64232	26503	26503	35	35	60	60	202	202	183	183	478	478	310	310	209	209	261	261	280	280	349	349	326	326	9	9	2	2	484	484	1292	1292	1797	1797	13	13	105	105	106	106	124	124
IND00483	385	385	118	118	7990	7990	1426	1426	14785	14785	13950	13950	246	246	182	182	92	92	106	106	312	312	656	656	214	214	104	104	106	106	38	38	226	226	233	233	7	7	16	16	340	340	126	126	368	368	239	239	574	574	1212	1212	836	836	1443	1443	22	22	17	17	19150	19150	36865	36865	1668	1668	1969	1969	6	6	8	8	204	204	3020	3020	3052	3052	6123	6123	1926	1926	4879	4879	11649	11649	6998	6998	13	13	8	8	25771	25771	2781	2781	85	85	59	59	180	180	119	119	105	105	228	228	328	328	2014	2014	461	461	305	305	7	7	8	8	92	92	113	113	312	312	2565	2565	2328	2328	3345	3345	2042	2042	4049	4049	30646	30646	29446	29446	32747	32747	30251	30251	29440	29440	22762	22762	847	847	42	42	828	828	415	415	72138	72138	25284	25284	59	59	54	54	42	42	19	19	376	376	287	287	161	161	346	346	121	121	352	352	288	288	501	501	426	426	114	114	1253	1253	1375	1375	21	21	101	101	124	124	116	116
IND00484	1018	1018	842	842	539	539	10453	10453	3632	3632	5094	5094	494	494	296	296	19	19	56	56	787	787	365	365	53	53	105	105	74	74	128	128	119	119	236	236	6	6	12	12	150	150	206	206	229	229	363	363	1601	1601	2015	2015	1352	1352	3514	3514	14	14	7	7	16598	16598	2645	2645	559	559	1849	1849	1	1	4	4	3662	3662	676	676	7308	7308	315	315	6985	6985	5038	5038	1757	1757	5841	5841	20	20	2	2	15911	15911	264	264	8	8	70	70	78	78	124	124	145	145	172	172	1924	1924	1938	1938	4	4	110	110	1	1	7	7	177	177	232	232	7544	7544	6688	6688	1749	1749	760	760	3081	3081	274	274	2092	2092	14630	14630	31170	31170	27537	27537	26000	26000	31364	31364	936	936	46	46	661	661	549	549	67529	67529	84501	84501	62	62	27	27	71	71	57	57	390	390	366	366	237	237	476	476	430	430	99	99	276	276	68	68	338	338	467	467	2014	2014	322	322	104	104	126	126	126	126	36	36
IND00485	296	296	874	874	9603	9603	5229	5229	4205	4205	5025	5025	181	181	232	232	40	40	32	32	1726	1726	867	867	130	130	11	11	20	20	53	53	112	112	82	82	2	2	5	5	138	138	75	75	173	173	491	491	975	975	330	330	700	700	3882	3882	11	11	20	20	9209	9209	11896	11896	386	386	16	16	6	6	2	2	439	439	756	756	886	886	1658	1658	5452	5452	7910	7910	2277	2277	14297	14297	25	25	14	14	12278	12278	31464	31464	37	37	30	30	95	95	193	193	55	55	48	48	1102	1102	226	226	157	157	948	948	8	8	4	4	201	201	82	82	1606	1606	3303	3303	481	481	3536	3536	3368	3368	477	477	27885	27885	18483	18483	16407	16407	31165	31165	13292	13292	21306	21306	207	207	594	594	616	616	1000	1000	105487	105487	25160	25160	55	55	45	45	37	37	3	3	401	401	430	430	303	303	247	247	176	176	61	61	89	89	181	181	511	511	378	378	1832	1832	1331	1331	107	107	4	4	170	170	34	34
IND00486	831	831	459	459	5696	5696	2612	2612	7453	7453	1369	1369	254	254	187	187	120	120	106	106	1474	1474	845	845	4	4	130	130	123	123	25	25	192	192	156	156	11	11	7	7	28	28	16	16	400	400	353	353	1312	1312	339	339	2733	2733	3840	3840	23	23	18	18	58612	58612	83270	83270	1958	1958	1248	1248	2	2	3	3	2135	2135	4077	4077	7298	7298	891	891	4176	4176	4814	4814	2922	2922	7384	7384	18	18	4	4	20321	20321	3429	3429	1	1	101	101	172	172	92	92	214	214	69	69	1398	1398	369	369	257	257	257	257	8	8	1	1	93	93	173	173	1375	1375	4084	4084	326	326	700	700	1667	1667	4068	4068	21555	21555	28011	28011	21080	21080	10378	10378	422	422	7851	7851	51	51	408	408	55	55	853	853	17285	17285	64313	64313	62	62	56	56	7	7	32	32	511	511	329	329	76	76	115	115	486	486	328	328	356	356	411	411	100	100	476	476	1366	1366	53	53	81	81	51	51	203	203	244	244
IND00487	961	961	420	420	14163	14163	8190	8190	397	397	9860	9860	162	162	20	20	82	82	41	41	121	121	525	525	106	106	207	207	45	45	6	6	127	127	99	99	11	11	5	5	43	43	231	231	297	297	235	235	392	392	979	979	2619	2619	2726	2726	20	20	6	6	73464	73464	81193	81193	1501	1501	1867	1867	8	8	7	7	3978	3978	3991	3991	6885	6885	4499	4499	5344	5344	7401	7401	541	541	7516	7516	6	6	23	23	32571	32571	2542	2542	46	46	91	91	25	25	162	162	6	6	32	32	1431	1431	964	964	968	968	299	299	5	5	7	7	185	185	191	191	4058	4058	8180	8180	3976	3976	2409	2409	267	267	2900	2900	21416	21416	28093	28093	21003	21003	6712	6712	32378	32378	24350	24350	203	203	362	362	1020	1020	33	33	117670	117670	33789	33789	2	2	50	50	139	139	181	181	357	357	476	476	422	422	306	306	415	415	188	188	386	386	1	1	240	240	215	215	2043	2043	426	426	15	15	46	46	9	9	61	61
IND00488	205	205	367	367	6091	6091	6314	6314	7788	7788	13295	13295	415	415	353	353	99	99	58	58	44	44	284	284	203	203	246	246	82	82	123	123	167	167	134	134	9	9	6	6	400	400	53	53	378	378	500	500	773	773	970	970	912	912	1387	1387	14	14	14	14	68107	68107	120565	120565	496	496	684	684	6	6	3	3	903	903	1625	1625	754	754	8158	8158	4046	4046	7859	7859	3610	3610	13520	13520	13	13	18	18	16462	16462	25231	25231	86	86	2	2	8	8	218	218	164	164	151	151	941	941	1476	1476	909	909	16	16	1	1	3	3	38	38	151	151	4668	4668	950	950	1357	1357	556	556	2514	2514	3091	3091	3060	3060	7854	7854	2	2	23107	23107	10495	10495	17277	17277	436	436	349	349	257	257	650	650	72377	72377	101025	101025	61	61	25	25	232	232	29	29	202	202	176	176	231	231	187	187	7	7	279	279	485	485	413	413	289	289	225	225	423	423	175	175	13	13	92	92	129	129	11	11
IND00489	337	337	286	286	14808	14808	15575	15575	16276	16276	14884	14884	464	464	90	90	108	108	74	74	1266	1266	1878	1878	103	103	112	112	21	21	13	13	147	147	56	56	7	7	3	3	121	121	62	62	229	229	144	144	186	186	1636	1636	4095	4095	94	94	19	19	23	23	50134	50134	128673	128673	842	842	188	188	3	3	3	3	571	571	892	892	3833	3833	5610	5610	5321	5321	4388	4388	12152	12152	1336	1336	11	11	19	19	11628	11628	30895	30895	72	72	103	103	141	141	46	46	26	26	190	190	315	315	160	160	89	89	375	375	7	7	6	6	240	240	184	184	1225	1225	5306	5306	941	941	842	842	1951	1951	568	568	6596	6596	25685	25685	30034	30034	6359	6359	11627	11627	27740	27740	666	666	1023	1023	21	21	871	871	11271	11271	52107	52107	8	8	7	7	12	12	138	138	49	49	64	64	44	44	398	398	292	292	313	313	468	468	414	414	175	175	360	360	312	312	722	722	58	58	3	3	78	78	240	240
IND00490	499	499	622	622	8793	8793	8805	8805	6491	6491	1524	1524	448	448	106	106	37	37	59	59	925	925	1649	1649	163	163	49	49	56	56	46	46	250	250	185	185	5	5	15	15	107	107	91	91	174	174	345	345	897	897	892	892	3661	3661	1052	1052	8	8	12	12	38879	38879	90692	90692	508	508	1358	1358	3	3	5	5	1775	1775	1572	1572	3669	3669	4831	4831	1570	1570	6995	6995	12848	12848	14780	14780	16	16	29	29	20331	20331	27939	27939	27	27	41	41	229	229	174	174	86	86	1	1	1131	1131	360	360	59	59	777	777	1	1	1	1	190	190	86	86	5681	5681	1053	1053	1544	1544	2057	2057	1116	1116	3021	3021	31884	31884	21737	21737	26014	26014	9573	9573	21950	21950	17557	17557	9	9	1012	1012	198	198	669	669	60711	60711	61249	61249	25	25	28	28	119	119	224	224	190	190	466	466	184	184	139	139	158	158	399	399	379	379	368	368	479	479	73	73	1718	1718	34	34	120	120	38	38	148	148	165	165
IND00491	331	331	437	437	1130	1130	6710	6710	11216	11216	14433	14433	488	488	280	280	72	72	11	11	421	421	387	387	167	167	115	115	122	122	116	116	107	107	142	142	6	6	2	2	505	505	238	238	7	7	1	1	1170	1170	1137	1137	1204	1204	36	36	8	8	7	7	776	776	42745	42745	1038	1038	1578	1578	5	5	8	8	1426	1426	3285	3285	2151	2151	4860	4860	5900	5900	953	953	9085	9085	13589	13589	21	21	5	5	15980	15980	26072	26072	41	41	94	94	119	119	193	193	30	30	74	74	1817	1817	249	249	66	66	207	207	5	5	6	6	215	215	206	206	2372	2372	3944	3944	1362	1362	3423	3423	1924	1924	373	373	31913	31913	9202	9202	29260	29260	32728	32728	30684	30684	8292	8292	735	735	333	333	703	703	545	545	56544	56544	14315	14315	40	40	33	33	187	187	161	161	363	363	403	403	492	492	328	328	41	41	25	25	50	50	389	389	1	1	40	40	1117	1117	822	822	84	84	73	73	239	239	139	139
IND00492	574	574	13	13	9389	9389	9866	9866	4642	4642	500	500	264	264	155	155	112	112	42	42	1070	1070	834	834	98	98	250	250	87	87	72	72	12	12	168	168	3	3	8	8	121	121	121	121	502	502	367	367	527	527	1330	1330	3029	3029	3371	3371	15	15	22	22	70354	70354	130074	130074	403	403	1183	1183	8	8	4	4	3168	3168	2833	2833	6802	6802	7629	7629	6491	6491	3320	3320	9729	9729	5069	5069	8	8	28	28	23361	23361	4638	4638	102	102	8	8	32	32	66	66	130	130	174	174	444	444	477	477	476	476	837	837	6	6	1	1	80	80	179	179	1941	1941	457	457	839	839	1416	1416	1756	1756	3899	3899	26496	26496	19763	19763	19597	19597	25568	25568	8225	8225	29819	29819	839	839	485	485	791	791	1004	1004	41136	41136	5682	5682	2	2	64	64	141	141	45	45	250	250	235	235	384	384	338	338	477	477	265	265	119	119	487	487	121	121	180	180	957	957	699	699	16	16	102	102	6	6	231	231
IND00493	517	517	864	864	3258	3258	3646	3646	5040	5040	6061	6061	304	304	493	493	125	125	20	20	1224	1224	1749	1749	182	182	35	35	15	15	91	91	16	16	211	211	2	2	16	16	155	155	256	256	133	133	135	135	136	136	894	894	2481	2481	5	5	8	8	13	13	32943	32943	76514	76514	38	38	1021	1021	3	3	2	2	2292	2292	103	103	5930	5930	2452	2452	7356	7356	2234	2234	5541	5541	1228	1228	1	1	29	29	27597	27597	25807	25807	92	92	112	112	221	221	216	216	63	63	254	254	1120	1120	559	559	916	916	660	660	4	4	6	6	158	158	247	247	7639	7639	3952	3952	2575	2575	2757	2757	1985	1985	4032	4032	14853	14853	6600	6600	11097	11097	10927	10927	10475	10475	19167	19167	209	209	516	516	111	111	740	740	84708	84708	95514	95514	8	8	47	47	74	74	248	248	278	278	493	493	229	229	27	27	81	81	20	20	58	58	394	394	362	362	482	482	1255	1255	1265	1265	121	121	88	88	167	167	87	87
IND00494	644	644	770	770	2522	2522	11997	11997	355	355	12392	12392	256	256	174	174	110	110	65	65	1443	1443	1514	1514	184	184	122	122	111	111	90	90	43	43	254	254	4	4	1	1	231	231	99	99	287	287	118	118	1903	1903	1306	1306	1167	1167	4029	4029	23	23	29	29	109377	109377	69948	69948	999	999	1952	1952	7	7	3	3	2572	2572	1925	1925	5434	5434	706	706	6474	6474	4390	4390	14196	14196	2770	2770	11	11	16	16	22856	22856	23380	23380	71	71	119	119	26	26	156	156	27	27	104	104	1088	1088	1016	1016	1008	1008	64	64	6	6	4	4	49	49	91	91	5390	5390	5268	5268	2567	2567	2198	2198	850	850	1156	1156	28479	28479	29993	29993	28462	28462	6671	6671	8742	8742	5086	5086	131	131	856	856	575	575	523	523	77864	77864	131035	131035	5	5	45	45	151	151	116	116	6	6	450	450	38	38	258	258	455	455	404	404	209	209	202	202	211	211	125	125	797	797	880	880	113	113	50	50	116	116	237	237
IND00495	144	144	703	703	4120	4120	8649	8649	1529	1529	13864	13864	194	194	203	203	89	89	106	106	630	630	1503	1503	233	233	160	160	99	99	47	47	83	83	233	233	5	5	12	12	158	158	367	367	89	89	2	2	1128	1128	98	98	1316	1316	1710	1710	10	10	10	10	21104	21104	106209	106209	338	338	754	754	6	6	5	5	1123	1123	383	383	7863	7863	529	529	5315	5315	6066	6066	5092	5092	3160	3160	11	11	19	19	31216	31216	4215	4215	25	25	88	88	3	3	119	119	226	226	26	26	562	562	46	46	969	969	13	13	6	6	1	1	240	240	59	59	3230	3230	3777	3777	2381	2381	201	201	3872	3872	228	228	17964	17964	13666	13666	19670	19670	22546	22546	18865	18865	28259	28259	312	312	928	928	843	843	918	918	32912	32912	103262	103262	62	62	16	16	133	133	153	153	67	67	293	293	344	344	130	130	153	153	159	159	99	99	470	470	15	15	401	401	1471	1471	422	422	104	104	58	58	154	154	59	59
IND00496	240	240	702	702	11832	11832	11734	11734	7038	7038	1696	1696	65	65	490	490	94	94	72	72	1106	1106	1247	1247	120	120	194	194	6	6	86	86	131	131	64	64	14	14	8	8	313	313	391	391	101	101	38	38	1612	1612	896	896	2903	2903	3888	3888	24	24	17	17	73503	73503	90327	90327	412	412	894	894	3	3	8	8	2365	2365	2444	2444	5083	5083	2246	2246	4994	4994	2212	2212	9381	9381	13816	13816	7	7	22	22	6856	6856	4770	4770	99	99	24	24	69	69	239	239	130	130	105	105	2041	2041	1828	1828	486	486	373	373	2	2	5	5	39	39	193	193	3847	3847	237	237	209	209	1107	1107	1273	1273	3417	3417	2372	2372	1392	1392	32724	32724	19982	19982	14410	14410	18953	18953	894	894	821	821	685	685	1004	1004	115869	115869	60288	60288	4	4	10	10	242	242	60	60	233	233	13	13	473	473	179	179	273	273	217	217	269	269	29	29	117	117	478	478	30	30	228	228	12	12	118	118	172	172	46	46
IND00497	573	573	366	366	6415	6415	651	651	14676	14676	12180	12180	408	408	310	310	96	96	69	69	101	101	1146	1146	186	186	79	79	77	77	24	24	232	232	114	114	12	12	8	8	309	309	81	81	112	112	424	424	566	566	931	931	3703	3703	3878	3878	19	19	19	19	14730	14730	36041	36041	1462	1462	1448	1448	6	6	5	5	1099	1099	2827	2827	6885	6885	109	109	4725	4725	7785	7785	1109	1109	12149	12149	10	10	12	12	29806	29806	20847	20847	76	76	47	47	203	203	251	251	158	158	70	70	1918	1918	1939	1939	755	755	491	491	5	5	6	6	224	224	61	61	5129	5129	7678	7678	2982	2982	2587	2587	3098	3098	1022	1022	11144	11144	9555	9555	27821	27821	32487	32487	9181	9181	8408	8408	318	318	537	537	700	700	892	892	55923	55923	73776	73776	62	62	52	52	150	150	250	250	472	472	125	125	204	204	369	369	490	490	90	90	222	222	41	41	8	8	414	414	1176	1176	80	80	38	38	84	84	223	223	8	8
IND00498	515	515	164	164	15974	15974	16123	16123	9038	9038	3945	3945	155	155	480	480	116	116	31	31	1753	1753	344	344	131	131	255	255	84	84	19	19	102	102	199	199	14	14	7	7	445	445	448	448	179	179	52	52	458	458	1820	1820	3189	3189	237	237	8	8	14	14	7723	7723	71539	71539	726	726	1374	1374	1	1	7	7	3424	3424	917	917	4837	4837	6317	6317	4901	4901	2306	2306	11430	11430	5344	5344	7	7	10	10	14827	14827	15128	15128	77	77	20	20	214	214	138	138	70	70	84	84	1560	1560	2038	2038	959	959	953	953	1	1	7	7	225	225	231	231	382	382	4070	4070	3704	3704	1970	1970	325	325	1273	1273	24065	24065	2618	2618	31915	31915	11112	11112	29407	29407	26909	26909	703	703	470	470	315	315	940	940	55515	55515	107558	107558	49	49	27	27	142	142	108	108	224	224	141	141	323	323	224	224	273	273	49	49	404	404	405	405	426	426	443	443	1824	1824	327	327	89	89	22	22	166	166	99	99
IND00499	177	177	827	827	14868	14868	9572	9572	136	136	5708	5708	263	263	340	340	83	83	39	39	1416	1416	1276	1276	224	224	152	152	81	81	90	90	89	89	28	28	13	13	3	3	16	16	10	10	405	405	293	293	1712	1712	398	398	2828	2828	3564	3564	1	1	12	12	60576	60576	2389	2389	770	770	1451	1451	2	2	1	1	3950	3950	2783	2783	7382	7382	5333	5333	2097	2097	831	831	10175	10175	3338	3338	26	26	30	30	27014	27014	14877	14877	122	122	91	91	13	13	49	49	100	100	54	54	756	756	556	556	212	212	226	226	7	7	7	7	248	248	155	155	2179	2179	4561	4561	1714	1714	3365	3365	2579	2579	2257	2257	21499	21499	1779	1779	24167	24167	31653	31653	29136	29136	16022	16022	702	702	189	189	797	797	783	783	60533	60533	13099	13099	56	56	33	33	52	52	155	155	398	398	358	358	475	475	360	360	400	400	447	447	424	424	75	75	68	68	224	224	797	797	1238	1238	8	8	53	53	147	147	123	123
IND00500	152	152	786	786	6653	6653	4081	4081	7451	7451	9414	9414	235	235	259	259	127	127	87	87	407	407	1179	1179	184	184	196	196	75	75	119	119	234	234	109	109	10	10	3	3	469	469	296	296	332	332	333	333	659	659	424	424	2535	2535	3407	3407	28	28	21	21	25675	25675	66244	66244	1955	1955	208	208	8	8	7	7	3941	3941	2175	2175	3594	3594	7279	7279	5655	5655	5538	5538	4621	4621	15275	15275	4	4	25	25	21126	21126	18669	18669	18	18	17	17	102	102	82	82	207	207	231	231	2046	2046	1569	1569	878	878	932	932	3	3	6	6	53	53	170	170	5653	5653	1407	1407	4056	4056	3710	3710	4057	4057	3078	3078	167	167	1750	1750	30497	30497	15821	15821	9710	9710	13262	13262	17	17	731	731	574	574	287	287	23445	23445	113396	113396	8	8	58	58	197	197	112	112	47	47	338	338	37	37	337	337	153	153	17	17	92	92	412	412	27	27	231	231	2017	2017	1961	1961	111	111	100	100	17	17	241	241
IND00501	910	910	30	30	10308	10308	562	562	288	288	6764	6764	41	41	192	192	100	100	15	15	1913	1913	1587	1587	52	52	19	19	82	82	77	77	234	234	244	244	14	14	16	16	179	179	298	298	358	358	171	171	1192	1192	1340	1340	944	944	2318	2318	13	13	29	29	14195	14195	24845	24845	1355	1355	67	67	4	4	7	7	1003	1003	1425	1425	2504	2504	720	720	471	471	3781	3781	867	867	4811	4811	22	22	29	29	21852	21852	3327	3327	66	66	117	117	121	121	94	94	191	191	3	3	1406	1406	1544	1544	706	706	296	296	3	3	5	5	76	76	180	180	5457	5457	4551	4551	3966	3966	3658	3658	3224	3224	1218	1218	24486	24486	14688	14688	32500	32500	21095	21095	7004	7004	30333	30333	223	223	621	621	649	649	62	62	36266	36266	36695	36695	14	14	24	24	130	130	93	93	327	327	406	406	33	33	366	366	374	374	48	48	442	442	42	42	329	329	276	276	141	141	1063	1063	108	108	23	23	94	94	58	58
IND00502	827	827	829	829	7078	7078	12374	12374	16373	16373	5099	5099	418	418	504	504	115	115	62	62	1939	1939	820	820	106	106	204	204	70	70	90	90	26	26	56	56	9	9	15	15	57	57	2	2	439	439	451	451	940	940	1618	1618	1115	1115	2656	2656	14	14	32	32	45612	45612	123757	123757	1672	1672	210	210	4	4	6	6	2434	2434	2191	2191	6959	6959	6230	6230	3602	3602	6913	6913	13222	13222	15965	15965	25	25	25	25	3054	3054	136	136	121	121	35	35	229	229	56	56	149	149	149	149	1818	1818	763	763	635	635	571	571	6	6	8	8	181	181	216	216	7808	7808	7976	7976	3542	3542	3397	3397	1337	1337	2367	2367	31984	31984	5091	5091	18904	18904	13853	13853	17949	17949	32699	32699	578	578	461	461	527	527	413	413	93380	93380	26007	26007	44	44	33	33	215	215	139	139	282	282	122	122	136	136	241	241	322	322	53	53	59	59	31	31	15	15	401	401	1054	1054	741	741	114	114	68	68	18	18	129	129
IND00503	401	401	31	31	4219	4219	12109	12109	15412	15412	294	294	294	294	318	318	43	43	84	84	1945	1945	999	999	22	22	182	182	10	10	105	105	110	110	133	133	7	7	13	13	81	81	64	64	94	94	204	204	1755	1755	1179	1179	2540	2540	289	289	2	2	2	2	3869	3869	1376	1376	430	430	1811	1811	8	8	4	4	2999	2999	3732	3732	3571	3571	1794	1794	4322	4322	1258	1258	14538	14538	16284	16284	21	21	13	13	25587	25587	20869	20869	62	62	22	22	45	45	133	133	129	129	98	98	1974	1974	1324	1324	917	917	668	668	1	1	8	8	134	134	163	163	1746	1746	6412	6412	1766	1766	1067	1067	2062	2062	1510	1510	29218	29218	6	6	7653	7653	22761	22761	14462	14462	1114	1114	959	959	88	88	821	821	674	674	77174	77174	29591	29591	30	30	28	28	38	38	115	115	109	109	12	12	169	169	130	130	428	428	10	10	163	163	418	418	277	277	488	488	702	702	1989	1989	69	69	121	121	16	16	73	73
IND00504	733	733	106	106	1821	1821	10650	10650	2703	2703	739	739	488	488	428	428	63	63	103	103	1890	1890	1834	1834	132	132	4	4	55	55	75	75	109	109	90	90	16	16	12	12	272	272	132	132	450	450	377	377	318	318	1967	1967	313	313	422	422	14	14	27	27	7397	7397	18970	18970	710	710	1960	1960	3	3	2	2	161	161	2561	2561	1012	1012	3080	3080	5730	5730	2091	2091	11515	11515	10390	10390	16	16	25	25	28598	28598	11114	11114	20	20	57	57	111	111	204	204	149	149	174	174	597	597	1674	1674	431	431	1005	1005	5	5	5	5	118	118	141	141	648	648	4589	4589	3304	3304	1499	1499	3868	3868	2702	2702	30110	30110	23930	23930	16681	16681	279	279	32148	32148	23963	23963	239	239	777	777	568	568	259	259	59842	59842	39830	39830	55	55	16	16	67	67	19	19	238	238	313	313	45	45	136	136	27	27	351	351	329	329	430	430	99	99	220	220	1955	1955	374	374	127	127	54	54	153	153	158	158
IND00505	198	198	499	499	15708	15708	12331	12331	4869	4869	8264	8264	428	428	311	311	119	119	19	19	11	11	186	186	192	192	237	237	118	118	90	90	25	25	106	106	10	10	15	15	130	130	318	318	238	238	51	51	1118	1118	1487	1487	2925	2925	1408	1408	19	19	29	29	51008	51008	54809	54809	1264	1264	1709	1709	3	3	7	7	3724	3724	434	434	7823	7823	7706	7706	6306	6306	397	397	3334	3334	2361	2361	4	4	10	10	1640	1640	1605	1605	29	29	125	125	217	217	36	36	46	46	3	3	125	125	643	643	927	927	563	563	6	6	2	2	167	167	29	29	3435	3435	5455	5455	1810	1810	1826	1826	3232	3232	2402	2402	26623	26623	22737	22737	24941	24941	10754	10754	28563	28563	22675	22675	549	549	961	961	750	750	412	412	14726	14726	90413	90413	19	19	29	29	16	16	48	48	275	275	415	415	208	208	84	84	105	105	489	489	159	159	322	322	473	473	217	217	1578	1578	93	93	30	30	88	88	242	242	227	227
IND00506	45	45	945	945	4913	4913	14787	14787	6549	6549	3084	3084	75	75	198	198	4	4	56	56	1556	1556	1822	1822	235	235	166	166	100	100	5	5	211	211	21	21	11	11	16	16	287	287	356	356	200	200	457	457	301	301	1711	1711	709	709	439	439	32	32	11	11	41971	41971	86216	86216	1747	1747	1988	1988	2	2	5	5	1602	1602	833	833	6312	6312	7621	7621	3597	3597	5900	5900	8124	8124	284	284	28	28	5	5	7958	7958	12706	12706	55	55	16	16	118	118	136	136	167	167	170	170	438	438	1529	1529	239	239	33	33	2	2	2	2	114	114	183	183	5990	5990	6901	6901	158	158	560	560	1156	1156	1809	1809	27312	27312	24485	24485	27557	27557	32635	32635	32410	32410	21609	21609	259	259	797	797	595	595	783	783	3958	3958	125111	125111	27	27	34	34	185	185	125	125	328	328	202	202	488	488	357	357	127	127	290	290	123	123	242	242	322	322	278	278	281	281	247	247	21	21	43	43	172	172	10	10
IND00507	422	422	893	893	801	801	11766	11766	8642	8642	4526	4526	414	414	217	217	75	75	123	123	1402	1402	1105	1105	61	61	135	135	125	125	111	111	26	26	89	89	15	15	6	6	235	235	20	20	151	151	42	42	972	972	1691	1691	1284	1284	495	495	26	26	10	10	46936	46936	39572	39572	1446	1446	1700	1700	4	4	3	3	1556	1556	3012	3012	1942	1942	1083	1083	6081	6081	273	273	7127	7127	4496	4496	28	28	27	27	6863	6863	27	27	61	61	102	102	124	124	97	97	20	20	193	193	455	455	1591	1591	693	693	161	161	5	5	8	8	200	200	171	171	3631	3631	3475	3475	2017	2017	1739	1739	3264	3264	146	146	27068	27068	4345	4345	30873	30873	31640	31640	32312	32312	25616	25616	706	706	936	936	997	997	750	750	128445	128445	44984	44984	61	61	23	23	214	214	57	57	76	76	260	260	468	468	188	188	264	264	161	161	485	485	83	83	425	425	327	327	1883	1883	1260	1260	108	108	86	86	203	203	223	223
IND00508	530	530	49	49	4948	4948	9100	9100	9593	9593	298	298	216	216	198	198	20	20	1	1	1848	1848	766	766	221	221	238	238	48	48	123	123	19	19	88	88	7	7	13	13	259	259	263	263	444	444	267	267	962	962	1620	1620	1483	1483	3266	3266	29	29	25	25	1140	1140	14010	14010	1731	1731	326	326	3	3	3	3	3868	3868	3078	3078	2916	2916	3813	3813	1075	1075	2345	2345	9906	9906	5865	5865	1	1	7	7	24795	24795	6966	6966	47	47	95	95	161	161	183	183	158	158	122	122	961	961	1840	1840	849	849	1019	1019	7	7	1	1	204	204	195	195	4364	4364	2601	2601	314	314	3431	3431	3906	3906	3474	3474	23951	23951	4838	4838	3266	3266	13488	13488	27412	27412	29674	29674	827	827	679	679	574	574	518	518	5793	5793	19414	19414	27	27	35	35	25	25	152	152	32	32	287	287	488	488	99	99	21	21	418	418	149	149	347	347	20	20	474	474	1802	1802	610	610	33	33	65	65	176	176	244	244
IND00509	889	889	432	432	5285	5285	15137	15137	1662	1662	4551	4551	447	447	372	372	27	27	118	118	1525	1525	463	463	12	12	157	157	68	68	120	120	237	237	46	46	4	4	3	3	123	123	50	50	422	422	426	426	25	25	1918	1918	3653	3653	2888	2888	5	5	7	7	31737	31737	30218	30218	926	926	72	72	8	8	1	1	3832	3832	1093	1093	1643	1643	1724	1724	448	448	7137	7137	11291	11291	11199	11199	16	16	4	4	20510	20510	28000	28000	1	1	27	27	94	94	248	248	138	138	104	104	1992	1992	543	543	837	837	752	752	2	2	1	1	102	102	184	184	3160	3160	5904	5904	1147	1147	1098	1098	2707	2707	1553	1553	157	157	31959	31959	25723	25723	18431	18431	4140	4140	12739	12739	771	771	602	602	938	938	350	350	103862	103862	115523	115523	14	14	4	4	65	65	234	234	452	452	471	471	119	119	236	236	175	175	62	62	339	339	60	60	498	498	242	242	1528	1528	861	861	98	98	94	94	176	176	125	125
IND00510	633	633	227	227	11447	11447	4223	4223	9590	9590	8533	8533	52	52	291	291	99	99	78	78	364	364	1012	1012	241	241	121	121	123	123	107	107	167	167	35	35	14	14	6	6	206	206	169	169	123	123	6	6	1251	1251	1720	1720	2028	2028	2390	2390	18	18	30	30	90146	90146	3790	3790	1978	1978	1788	1788	4	4	8	8	621	621	2613	2613	2971	2971	8088	8088	513	513	1949	1949	11857	11857	15806	15806	13	13	5	5	15272	15272	27907	27907	19	19	57	57	78	78	229	229	191	191	169	169	1086	1086	652	652	201	201	224	224	2	2	7	7	36	36	65	65	5294	5294	5805	5805	3155	3155	2657	2657	1001	1001	68	68	12572	12572	23339	23339	2612	2612	7686	7686	13439	13439	13504	13504	174	174	62	62	225	225	249	249	98347	98347	28546	28546	59	59	32	32	195	195	145	145	16	16	430	430	199	199	149	149	77	77	479	479	139	139	34	34	461	461	69	69	51	51	897	897	89	89	39	39	74	74	24	24
IND00511	119	119	462	462	170	170	9937	9937	5455	5455	15950	15950	3	3	359	359	4	4	53	53	1957	1957	676	676	128	128	66	66	61	61	102	102	90	90	201	201	5	5	14	14	447	447	159	159	119	119	382	382	987	987	1687	1687	3968	3968	2531	2531	4	4	20	20	10407	10407	96398	96398	41	41	132	132	1	1	6	6	1116	1116	861	861	3843	3843	7889	7889	3490	3490	2572	2572	11789	11789	10031	10031	31	31	31	31	25948	25948	15458	15458	91	91	34	34	247	247	6	6	229	229	147	147	1993	1993	155	155	689	689	623	623	6	6	1	1	167	167	142	142	6910	6910	8114	8114	6	6	2719	2719	1783	1783	2064	2064	21690	21690	23887	23887	3429	3429	15076	15076	28428	28428	32222	32222	679	679	942	942	37	37	703	703	25905	25905	750	750	12	12	19	19	57	57	160	160	459	459	171	171	363	363	34	34	472	472	333	333	473	473	78	78	362	362	361	361	1364	1364	1565	1565	53	53	123	123	231	231	39	39
IND00512	204	204	129	129	5323	5323	14149	14149	4479	4479	15897	15897	215	215	373	373	116	116	93	93	1475	1475	1910	1910	239	239	121	121	92	92	62	62	191	191	11	11	6	6	10	10	359	359	221	221	321	321	365	365	802	802	329	329	1874	1874	2215	2215	29	29	17	17	88124	88124	4020	4020	1678	1678	1778	1778	2	2	1	1	2225	2225	3654	3654	3684	3684	6441	6441	1729	1729	2859	2859	15133	15133	13456	13456	1	1	14	14	5499	5499	12079	12079	120	120	67	67	146	146	194	194	50	50	68	68	1323	1323	1489	1489	542	542	784	784	6	6	7	7	216	216	57	57	5798	5798	7122	7122	1740	1740	918	918	185	185	2719	2719	22560	22560	13048	13048	16467	16467	1862	1862	18950	18950	12553	12553	261	261	490	490	222	222	272	272	87976	87976	57789	57789	30	30	42	42	134	134	183	183	91	91	471	471	305	305	87	87	389	389	133	133	386	386	286	286	300	300	44	44	913	913	581	581	59	59	35	35	31	31	3	3
IND00513	52	52	16	16	10814	10814	935	935	1921	1921	635	635	177	177	119	119	60	60	107	107	767	767	981	981	52	52	172	172	43	43	107	107	158	158	153	153	11	11	1	1	179	179	31	31	308	308	337	337	175	175	12	12	1089	1089	210	210	11	11	4	4	114502	114502	126412	126412	1962	1962	1050	1050	6	6	2	2	95	95	2637	2637	1018	1018	5083	5083	877	877	2186	2186	4076	4076	6055	6055	17	17	2	2	5880	5880	1228	1228	13	13	79	79	71	71	228	228	39	39	32	32	424	424	105	105	105	105	460	460	5	5	5	5	249	249	136	136	3859	3859	5828	5828	3628	3628	1847	1847	2098	2098	456	456	223	223	5661	5661	15665	15665	27125	27125	17768	17768	18800	18800	472	472	732	732	250	250	902	902	51087	51087	5643	5643	44	44	2	2	112	112	143	143	8	8	196	196	306	306	347	347	454	454	24	24	49	49	398	398	15	15	16	16	712	712	726	726	72	72	83	83	130	130	149	149
IND00514	361	361	802	802	15407	15407	1527	1527	13047	13047	6701	6701	157	157	261	261	67	67	21	21	1980	1980	805	805	206	206	84	84	84	84	36	36	209	209	84	84	12	12	11	11	329	329	152	152	6	6	453	453	1928	1928	99	99	2585	2585	3324	3324	12	12	7	7	42494	42494	112775	112775	1926	1926	319	319	3	3	2	2	3152	3152	654	654	2905	2905	2291	2291	5189	5189	5086	5086	9937	9937	10257	10257	13	13	22	22	5073	5073	12106	12106	7	7	1	1	52	52	63	63	88	88	226	226	1467	1467	24	24	313	313	845	845	8	8	7	7	44	44	109	109	2625	2625	763	763	428	428	1733	1733	1155	1155	3980	3980	12550	12550	13591	13591	21823	21823	21859	21859	25558	25558	5814	5814	471	471	599	599	433	433	886	886	2955	2955	130942	130942	31	31	60	60	68	68	233	233	24	24	296	296	389	389	83	83	468	468	416	416	446	446	188	188	430	430	442	442	1603	1603	1688	1688	29	29	99	99	153	153	198	198
IND00515	33	33	123	123	4332	4332	5175	5175	9598	9598	15049	15049	216	216	56	56	96	96	92	92	1795	1795	793	793	162	162	111	111	18	18	105	105	246	246	143	143	16	16	10	10	43	43	155	155	70	70	200	200	6	6	908	908	695	695	245	245	30	30	11	11	58816	58816	32836	32836	1194	1194	1615	1615	4	4	6	6	629	629	2356	2356	5230	5230	4933	4933	7584	7584	5841	5841	11833	11833	9187	9187	16	16	20	20	5238	5238	2230	2230	73	73	79	79	234	234	56	56	189	189	108	108	1223	1223	1107	1107	435	435	127	127	7	7	1	1	206	206	203	203	15	15	5452	5452	1722	1722	2699	2699	4072	4072	853	853	11990	11990	17280	17280	3391	3391	20063	20063	17726	17726	13601	13601	105	105	314	314	328	328	448	448	68262	68262	118260	118260	15	15	9	9	1	1	13	13	136	136	165	165	461	461	328	328	332	332	410	410	91	91	388	388	344	344	171	171	1559	1559	1388	1388	67	67	11	11	62	62	113	113
IND00516	336	336	853	853	2943	2943	3535	3535	16081	16081	12457	12457	22	22	345	345	22	22	70	70	639	639	171	171	6	6	96	96	84	84	126	126	110	110	243	243	4	4	7	7	507	507	301	301	125	125	74	74	52	52	145	145	1917	1917	208	208	17	17	19	19	42694	42694	105828	105828	1509	1509	1585	1585	6	6	7	7	777	777	1258	1258	5882	5882	602	602	5541	5541	1387	1387	11733	11733	4159	4159	14	14	1	1	29586	29586	1934	1934	90	90	67	67	148	148	128	128	206	206	207	207	1489	1489	1752	1752	298	298	133	133	4	4	2	2	24	24	159	159	8034	8034	8121	8121	2313	2313	2840	2840	2309	2309	266	266	24519	24519	24589	24589	21321	21321	13828	13828	1966	1966	6160	6160	819	819	552	552	114	114	899	899	110221	110221	20480	20480	23	23	2	2	31	31	240	240	114	114	359	359	282	282	510	510	511	511	81	81	426	426	454	454	367	367	83	83	55	55	1008	1008	103	103	29	29	250	250	72	72
IND00517	514	514	953	953	7421	7421	1019	1019	16176	16176	6442	6442	290	290	52	52	72	72	79	79	1618	1618	987	987	141	141	243	243	78	78	29	29	221	221	189	189	16	16	16	16	429	429	384	384	136	136	98	98	1544	1544	60	60	2364	2364	874	874	19	19	20	20	25769	25769	108884	108884	132	132	121	121	1	1	7	7	2208	2208	3641	3641	2509	2509	3342	3342	7895	7895	5407	5407	1329	1329	12082	12082	30	30	22	22	20401	20401	25944	25944	117	117	75	75	23	23	137	137	160	160	142	142	1878	1878	1413	1413	110	110	477	477	2	2	3	3	90	90	70	70	3989	3989	7153	7153	3656	3656	1944	1944	1289	1289	1094	1094	10024	10024	17297	17297	25737	25737	1133	1133	28116	28116	26798	26798	2	2	945	945	312	312	392	392	44636	44636	78548	78548	47	47	55	55	39	39	123	123	285	285	460	460	33	33	21	21	512	512	243	243	512	512	144	144	512	512	180	180	420	420	131	131	121	121	54	54	136	136	89	89
IND00518	680	680	975	975	8634	8634	5412	5412	224	224	2463	2463	150	150	292	292	18	18	71	71	1332	1332	1105	1105	83	83	125	125	65	65	101	101	134	134	185	185	12	12	12	12	245	245	277	277	159	159	113	113	1617	1617	1569	1569	3723	3723	1305	1305	4	4	11	11	17162	17162	10579	10579	1651	1651	912	912	1	1	7	7	3789	3789	3766	3766	813	813	7721	7721	1332	1332	7749	7749	9703	9703	1749	1749	3	3	22	22	6433	6433	18899	18899	116	116	98	98	156	156	99	99	35	35	127	127	982	982	1013	1013	403	403	422	422	8	8	7	7	201	201	199	199	5369	5369	6454	6454	1127	1127	3668	3668	3430	3430	2058	2058	9774	9774	3839	3839	880	880	17190	17190	7977	7977	301	301	972	972	611	611	285	285	843	843	7594	7594	34474	34474	19	19	51	51	45	45	136	136	341	341	176	176	454	454	138	138	393	393	258	258	220	220	376	376	2	2	286	286	735	735	460	460	29	29	57	57	182	182	94	94
IND00519	829	829	715	715	5418	5418	15739	15739	16209	16209	10576	10576	67	67	475	475	120	120	42	42	792	792	551	551	54	54	201	201	34	34	117	117	171	171	156	156	7	7	2	2	279	279	228	228	27	27	376	376	909	909	871	871	581	581	332	332	27	27	23	23	171	171	19556	19556	346	346	1274	1274	6	6	1	1	3066	3066	1024	1024	2110	2110	2838	2838	5468	5468	2238	2238	16240	16240	18	18	11	11	26	26	10886	10886	32042	32042	33	33	18	18	130	130	124	124	73	73	15	15	174	174	1735	1735	459	459	76	76	2	2	4	4	249	249	52	52	4794	4794	7463	7463	2034	2034	342	342	3778	3778	3661	3661	3339	3339	31628	31628	8223	8223	16292	16292	4854	4854	19227	19227	626	626	696	696	621	621	106	106	55043	55043	64534	64534	59	59	63	63	240	240	80	80	97	97	77	77	414	414	161	161	159	159	98	98	178	178	225	225	127	127	81	81	357	357	1260	1260	106	106	55	55	113	113	6	6
IND00520	550	550	894	894	14202	14202	14609	14609	14622	14622	8420	8420	113	113	237	237	91	91	11	11	557	557	1787	1787	43	43	207	207	37	37	87	87	248	248	213	213	15	15	2	2	240	240	242	242	421	421	215	215	1401	1401	1600	1600	1181	1181	1618	1618	2	2	7	7	8437	8437	43049	43049	215	215	226	226	1	1	8	8	1683	1683	4007	4007	3274	3274	761	761	839	839	3148	3148	12292	12292	2811	2811	2	2	16	16	13441	13441	19590	19590	124	124	43	43	43	43	172	172	227	227	223	223	1247	1247	185	185	341	341	143	143	4	4	4	4	234	234	72	72	533	533	285	285	3028	3028	3754	3754	3993	3993	1448	1448	13680	13680	13600	13600	21084	21084	5052	5052	12602	12602	3238	3238	526	526	449	449	946	946	259	259	19091	19091	41150	41150	6	6	58	58	162	162	127	127	239	239	151	151	130	130	470	470	111	111	232	232	316	316	180	180	261	261	435	435	1695	1695	188	188	79	79	22	22	174	174	220	220
IND00521	625	625	98	98	2698	2698	8759	8759	2016	2016	13634	13634	232	232	286	286	125	125	22	22	1391	1391	2008	2008	227	227	98	98	10	10	117	117	111	111	69	69	3	3	2	2	374	374	91	91	187	187	37	37	1953	1953	1487	1487	3094	3094	2234	2234	22	22	26	26	35199	35199	95280	95280	228	228	191	191	3	3	6	6	3294	3294	1954	1954	2787	2787	7567	7567	3436	3436	857	857	8522	8522	4900	4900	1	1	24	24	23005	23005	12395	12395	65	65	71	71	165	165	123	123	136	136	85	85	693	693	351	351	998	998	938	938	2	2	6	6	247	247	55	55	2075	2075	2013	2013	3513	3513	675	675	813	813	119	119	17055	17055	13151	13151	20923	20923	7538	7538	12199	12199	12638	12638	62	62	1000	1000	803	803	1021	1021	39240	39240	4163	4163	19	19	48	48	189	189	91	91	111	111	39	39	240	240	42	42	425	425	25	25	337	337	256	256	2	2	224	224	1994	1994	1906	1906	113	113	57	57	247	247	236	236
IND00522	987	987	654	654	11661	11661	11399	11399	1173	1173	15766	15766	460	460	401	401	114	114	72	72	1325	1325	1402	1402	24	24	133	133	37	37	66	66	145	145	138	138	13	13	4	4	427	427	379	379	255	255	406	406	1093	1093	104	104	3991	3991	3895	3895	19	19	27	27	33210	33210	69868	69868	887	887	957	957	6	6	7	7	1320	1320	522	522	4182	4182	7707	7707	1297	1297	5712	5712	12337	12337	4975	4975	17	17	26	26	32602	32602	7924	7924	105	105	125	125	51	51	8	8	80	80	223	223	660	660	1616	1616	20	20	622	622	6	6	7	7	15	15	218	218	4526	4526	6501	6501	3752	3752	1135	1135	881	881	1203	1203	3080	3080	5012	5012	25533	25533	3253	3253	27820	27820	12016	12016	145	145	792	792	287	287	966	966	48096	48096	375	375	58	58	62	62	204	204	123	123	507	507	448	448	265	265	74	74	414	414	173	173	446	446	79	79	260	260	494	494	658	658	838	838	17	17	12	12	126	126	16	16
IND00523	778	778	913	913	3630	3630	13172	13172	7731	7731	1583	1583	20	20	199	199	59	59	92	92	103	103	1065	1065	5	5	227	227	31	31	89	89	112	112	104	104	2	2	16	16	383	383	473	473	13	13	503	503	251	251	1482	1482	619	619	2561	2561	2	2	31	31	108528	108528	130179	130179	1120	1120	888	888	5	5	7	7	791	791	2410	2410	3566	3566	8059	8059	4192	4192	8117	8117	2514	2514	10014	10014	4	4	4	4	18307	18307	8672	8672	52	52	95	95	227	227	233	233	110	110	64	64	1949	1949	1801	1801	421	421	276	276	1	1	7	7	64	64	147	147	1794	1794	3032	3032	3545	3545	3499	3499	3774	3774	1499	1499	29739	29739	25911	25911	22019	22019	29679	29679	6749	6749	7374	7374	597	597	666	666	588	588	834	834	110517	110517	120902	120902	53	53	26	26	179	179	127	127	389	389	494	494	38	38	467	467	331	331	102	102	290	290	87	87	200	200	240	240	1682	1682	1289	1289	48	48	30	30	246	246	215	215
IND00524	246	246	118	118	6395	6395	7772	7772	440	440	14343	14343	392	392	253	253	42	42	78	78	112	112	2033	2033	26	26	175	175	62	62	40	40	56	56	179	179	5	5	9	9	389	389	79	79	379	379	443	443	1531	1531	305	305	2479	2479	1787	1787	28	28	4	4	113630	113630	87601	87601	1909	1909	1662	1662	2	2	7	7	923	923	1778	1778	8046	8046	2221	2221	2181	2181	2200	2200	6179	6179	14341	14341	14	14	21	21	5719	5719	6902	6902	30	30	30	30	191	191	128	128	95	95	105	105	951	951	177	177	837	837	478	478	6	6	6	6	247	247	214	214	5887	5887	3576	3576	1995	1995	3277	3277	1794	1794	2537	2537	11976	11976	26034	26034	19842	19842	16193	16193	31954	31954	3819	3819	384	384	204	204	874	874	631	631	41305	41305	84181	84181	22	22	60	60	33	33	190	190	185	185	46	46	176	176	325	325	460	460	64	64	402	402	153	153	119	119	238	238	1118	1118	1370	1370	45	45	73	73	12	12	131	131
IND00525	554	554	29	29	642	642	10177	10177	14043	14043	1992	1992	189	189	210	210	64	64	118	118	1658	1658	850	850	193	193	76	76	20	20	26	26	18	18	126	126	4	4	7	7	32	32	238	238	167	167	280	280	1211	1211	595	595	1065	1065	343	343	12	12	9	9	86105	86105	124948	124948	1463	1463	130	130	3	3	3	3	1134	1134	2205	2205	6663	6663	1859	1859	7935	7935	7293	7293	6511	6511	4736	4736	8	8	13	13	10887	10887	1248	1248	121	121	69	69	136	136	146	146	53	53	169	169	1357	1357	302	302	417	417	560	560	1	1	6	6	93	93	36	36	6004	6004	4490	4490	1771	1771	426	426	1822	1822	3352	3352	20866	20866	25096	25096	23335	23335	2627	2627	12976	12976	1982	1982	864	864	168	168	104	104	664	664	13943	13943	44492	44492	48	48	30	30	173	173	118	118	57	57	221	221	272	272	329	329	388	388	480	480	332	332	255	255	57	57	378	378	1492	1492	438	438	36	36	38	38	87	87	55	55
IND00526	502	502	217	217	11772	11772	11125	11125	9914	9914	15783	15783	278	278	107	107	94	94	60	60	1458	1458	267	267	95	95	242	242	18	18	106	106	238	238	76	76	9	9	11	11	23	23	10	10	358	358	154	154	1549	1549	1634	1634	4086	4086	920	920	17	17	3	3	24904	24904	109715	109715	410	410	151	151	8	8	1	1	1554	1554	1135	1135	2133	2133	6755	6755	5855	5855	885	885	8231	8231	5535	5535	9	9	28	28	4520	4520	16437	16437	1	1	36	36	11	11	253	253	174	174	189	189	1896	1896	1085	1085	410	410	520	520	1	1	5	5	175	175	55	55	8	8	29	29	1211	1211	2267	2267	1401	1401	2088	2088	3142	3142	5528	5528	19292	19292	19022	19022	1586	1586	17223	17223	1024	1024	215	215	76	76	179	179	92484	92484	92633	92633	50	50	20	20	87	87	115	115	374	374	437	437	491	491	196	196	360	360	378	378	85	85	108	108	379	379	8	8	18	18	557	557	53	53	76	76	14	14	56	56
IND00527	564	564	711	711	8651	8651	5025	5025	6078	6078	127	127	509	509	206	206	121	121	104	104	1395	1395	1863	1863	147	147	242	242	47	47	125	125	207	207	155	155	15	15	8	8	305	305	242	242	76	76	364	364	726	726	1165	1165	2152	2152	3178	3178	26	26	28	28	76702	76702	16580	16580	1766	1766	296	296	3	3	1	1	2514	2514	3441	3441	6556	6556	5606	5606	5324	5324	5148	5148	2426	2426	10036	10036	24	24	15	15	11932	11932	13620	13620	77	77	117	117	73	73	96	96	248	248	230	230	1972	1972	718	718	299	299	880	880	6	6	4	4	18	18	207	207	5331	5331	7115	7115	2298	2298	1875	1875	1467	1467	3389	3389	28346	28346	14470	14470	18700	18700	9396	9396	27249	27249	11162	11162	494	494	225	225	841	841	187	187	126776	126776	66946	66946	3	3	51	51	212	212	48	48	130	130	448	448	299	299	456	456	344	344	18	18	113	113	7	7	454	454	125	125	1446	1446	1894	1894	31	31	124	124	112	112	144	144
IND00528	483	483	491	491	1365	1365	14333	14333	14516	14516	5094	5094	426	426	51	51	25	25	93	93	1032	1032	1289	1289	94	94	128	128	27	27	108	108	4	4	200	200	2	2	12	12	475	475	184	184	30	30	33	33	320	320	1537	1537	2762	2762	457	457	10	10	18	18	76020	76020	77885	77885	1084	1084	1091	1091	2	2	6	6	262	262	2070	2070	4639	4639	2949	2949	915	915	7164	7164	12514	12514	6279	6279	32	32	16	16	29615	29615	19194	19194	115	115	3	3	203	203	166	166	15	15	29	29	1639	1639	1288	1288	679	679	970	970	6	6	2	2	254	254	56	56	5938	5938	7054	7054	1639	1639	256	256	3565	3565	1225	1225	17601	17601	677	677	3862	3862	4629	4629	12747	12747	15479	15479	450	450	169	169	545	545	942	942	77588	77588	96429	96429	23	23	47	47	83	83	246	246	197	197	382	382	207	207	280	280	385	385	131	131	456	456	481	481	17	17	397	397	856	856	316	316	34	34	126	126	197	197	206	206
IND00529	160	160	769	769	5750	5750	680	680	15631	15631	15760	15760	330	330	54	54	60	60	120	120	1574	1574	811	811	76	76	100	100	89	89	90	90	197	197	243	243	14	14	8	8	381	381	340	340	123	123	69	69	1324	1324	1933	1933	1952	1952	577	577	21	21	13	13	11183	11183	1587	1587	750	750	98	98	1	1	5	5	3868	3868	1667	1667	532	532	6918	6918	4354	4354	5436	5436	15864	15864	1755	1755	15	15	13	13	19630	19630	27317	27317	58	58	105	105	141	141	211	211	54	54	71	71	1634	1634	1278	1278	743	743	256	256	7	7	6	6	135	135	66	66	7089	7089	6934	6934	3058	3058	1911	1911	2924	2924	1561	1561	15899	15899	23520	23520	2292	2292	13687	13687	18896	18896	19781	19781	797	797	651	651	985	985	892	892	92158	92158	70972	70972	21	21	13	13	5	5	57	57	152	152	452	452	113	113	491	491	444	444	42	42	179	179	97	97	315	315	20	20	1382	1382	1806	1806	1	1	21	21	118	118	179	179
IND00530	250	250	479	479	3270	3270	13440	13440	5562	5562	5757	5757	368	368	435	435	28	28	102	102	1403	1403	1710	1710	79	79	96	96	59	59	65	65	211	211	88	88	7	7	15	15	144	144	81	81	322	322	414	414	827	827	711	711	67	67	1405	1405	31	31	16	16	32130	32130	96322	96322	1248	1248	1868	1868	8	8	8	8	3451	3451	234	234	6589	6589	2382	2382	1312	1312	8119	8119	1936	1936	8858	8858	20	20	27	27	16464	16464	19761	19761	47	47	90	90	213	213	84	84	82	82	24	24	212	212	1923	1923	229	229	250	250	4	4	5	5	172	172	229	229	6981	6981	4314	4314	3758	3758	257	257	3731	3731	2074	2074	14550	14550	21371	21371	22195	22195	23806	23806	5008	5008	14070	14070	970	970	307	307	62	62	245	245	74788	74788	127310	127310	30	30	17	17	170	170	225	225	17	17	330	330	167	167	479	479	156	156	418	418	424	424	49	49	309	309	476	476	276	276	877	877	93	93	35	35	19	19	70	70
IND00531	471	471	28	28	10441	10441	3181	3181	9328	9328	442	442	429	429	149	149	26	26	45	45	351	351	1653	1653	78	78	56	56	38	38	22	22	158	158	161	161	9	9	9	9	187	187	6	6	410	410	303	303	1405	1405	1915	1915	3447	3447	3831	3831	15	15	11	11	85925	85925	42698	42698	1935	1935	1169	1169	5	5	8	8	397	397	2957	2957	6	6	534	534	4551	4551	738	738	4395	4395	3992	3992	11	11	26	26	3645	3645	29841	29841	108	108	67	67	58	58	239	239	44	44	249	249	796	796	1041	1041	774	774	73	73	6	6	8	8	221	221	158	158	19	19	8132	8132	4004	4004	2729	2729	3895	3895	2930	2930	6490	6490	2306	2306	1560	1560	28584	28584	8499	8499	23327	23327	427	427	520	520	95	95	58	58	56721	56721	32316	32316	5	5	11	11	117	117	181	181	359	359	325	325	382	382	228	228	333	333	468	468	10	10	109	109	508	508	186	186	213	213	752	752	28	28	12	12	236	236	164	164
IND00532	351	351	752	752	5827	5827	6499	6499	5546	5546	15506	15506	179	179	335	335	128	128	39	39	16	16	918	918	147	147	23	23	106	106	119	119	165	165	186	186	4	4	14	14	282	282	395	395	142	142	24	24	1927	1927	1708	1708	555	555	3911	3911	10	10	17	17	118732	118732	5222	5222	122	122	1814	1814	3	3	3	3	3043	3043	2774	2774	5596	5596	5043	5043	2906	2906	6571	6571	8966	8966	1118	1118	21	21	11	11	24228	24228	16727	16727	20	20	53	53	239	239	62	62	84	84	31	31	1056	1056	1646	1646	597	597	507	507	3	3	4	4	197	197	216	216	6640	6640	7628	7628	3659	3659	2126	2126	2510	2510	3490	3490	26589	26589	11074	11074	1136	1136	16445	16445	3671	3671	7585	7585	83	83	194	194	232	232	635	635	87931	87931	3214	3214	44	44	31	31	81	81	159	159	253	253	308	308	261	261	459	459	468	468	127	127	28	28	364	364	449	449	334	334	835	835	752	752	59	59	74	74	115	115	57	57
IND00533	179	179	333	333	13525	13525	10455	10455	8887	8887	7239	7239	337	337	189	189	103	103	29	29	1603	1603	870	870	33	33	94	94	65	65	49	49	133	133	161	161	11	11	14	14	430	430	44	44	220	220	334	334	1998	1998	1078	1078	2702	2702	211	211	3	3	1	1	12613	12613	97488	97488	573	573	1402	1402	4	4	5	5	2286	2286	922	922	2498	2498	320	320	3954	3954	7282	7282	7202	7202	905	905	14	14	6	6	28824	28824	32223	32223	43	43	4	4	214	214	236	236	93	93	33	33	1229	1229	655	655	775	775	192	192	7	7	8	8	115	115	65	65	4317	4317	182	182	329	329	1202	1202	1649	1649	2479	2479	12588	12588	3151	3151	4062	4062	14326	14326	12110	12110	29232	29232	640	640	678	678	744	744	374	374	61420	61420	109068	109068	18	18	20	20	187	187	256	256	121	121	47	47	225	225	387	387	430	430	297	297	442	442	292	292	400	400	495	495	698	698	689	689	108	108	22	22	229	229	21	21
IND00534	574	574	50	50	7303	7303	15617	15617	1343	1343	14745	14745	467	467	270	270	52	52	1	1	62	62	212	212	2	2	75	75	64	64	62	62	234	234	48	48	10	10	5	5	266	266	16	16	456	456	1	1	1845	1845	199	199	767	767	3068	3068	15	15	11	11	35137	35137	70326	70326	1853	1853	1402	1402	7	7	6	6	1967	1967	723	723	4727	4727	5259	5259	3260	3260	6787	6787	13656	13656	3568	3568	11	11	9	9	6770	6770	19499	19499	121	121	26	26	102	102	31	31	190	190	167	167	65	65	331	331	135	135	882	882	1	1	8	8	193	193	180	180	3487	3487	1041	1041	3819	3819	525	525	1446	1446	112	112	31819	31819	22874	22874	3391	3391	16521	16521	18597	18597	11526	11526	400	400	133	133	394	394	836	836	8315	8315	1988	1988	5	5	36	36	233	233	126	126	205	205	97	97	345	345	208	208	70	70	391	391	507	507	124	124	99	99	152	152	420	420	1560	1560	24	24	61	61	121	121	152	152
IND00535	781	781	631	631	16058	16058	1155	1155	6317	6317	10319	10319	120	120	489	489	34	34	76	76	1508	1508	1602	1602	9	9	81	81	102	102	9	9	193	193	171	171	16	16	13	13	279	279	228	228	8	8	325	325	1896	1896	917	917	255	255	2202	2202	13	13	24	24	15965	15965	11856	11856	1321	1321	1576	1576	2	2	2	2	1870	1870	3764	3764	4620	4620	3224	3224	2982	2982	1277	1277	14969	14969	1615	1615	7	7	26	26	9171	9171	14571	14571	32	32	114	114	96	96	28	28	10	10	68	68	1619	1619	204	204	248	248	839	839	3	3	7	7	213	213	230	230	446	446	3536	3536	921	921	2758	2758	3430	3430	1601	1601	6965	6965	10117	10117	16299	16299	4505	4505	25654	25654	5781	5781	80	80	323	323	527	527	578	578	82596	82596	44312	44312	38	38	15	15	239	239	97	97	179	179	225	225	443	443	198	198	177	177	457	457	195	195	343	343	168	168	281	281	614	614	106	106	61	61	31	31	90	90	3	3
IND00536	740	740	539	539	15885	15885	4202	4202	4595	4595	9713	9713	157	157	451	451	45	45	13	13	1312	1312	604	604	20	20	95	95	108	108	111	111	20	20	167	167	16	16	8	8	416	416	119	119	392	392	422	422	1959	1959	228	228	2441	2441	3312	3312	14	14	28	28	113307	113307	66503	66503	1425	1425	503	503	5	5	7	7	3458	3458	3586	3586	7921	7921	4547	4547	5650	5650	2007	2007	5880	5880	10083	10083	16	16	20	20	17807	17807	30678	30678	47	47	77	77	25	25	117	117	224	224	226	226	1261	1261	1772	1772	177	177	146	146	2	2	4	4	185	185	188	188	1144	1144	2768	2768	1312	1312	735	735	1269	1269	1192	1192	17095	17095	28736	28736	21978	21978	154	154	28806	28806	30312	30312	683	683	663	663	433	433	98	98	59571	59571	47295	47295	42	42	45	45	175	175	140	140	136	136	126	126	41	41	167	167	419	419	196	196	435	435	419	419	81	81	208	208	11	11	1731	1731	63	63	108	108	208	208	54	54
IND00537	232	232	842	842	8414	8414	11170	11170	10919	10919	5463	5463	427	427	154	154	103	103	80	80	1987	1987	448	448	41	41	32	32	94	94	95	95	36	36	8	8	12	12	16	16	131	131	392	392	473	473	23	23	1306	1306	1295	1295	3037	3037	1998	1998	7	7	2	2	63157	63157	119486	119486	1198	1198	792	792	2	2	6	6	1330	1330	485	485	1350	1350	4808	4808	1442	1442	4622	4622	5572	5572	2136	2136	8	8	4	4	27850	27850	32123	32123	92	92	78	78	7	7	173	173	196	196	43	43	1377	1377	1531	1531	200	200	592	592	7	7	4	4	251	251	216	216	7517	7517	3955	3955	1732	1732	1823	1823	462	462	3576	3576	16346	16346	7381	7381	8178	8178	14338	14338	32117	32117	23163	23163	649	649	931	931	501	501	995	995	5511	5511	83062	83062	36	36	45	45	233	233	135	135	161	161	20	20	363	363	300	300	498	498	424	424	130	130	98	98	509	509	165	165	1056	1056	721	721	122	122	22	22	94	94	169	169
IND00538	160	160	118	118	8941	8941	3383	3383	10387	10387	629	629	499	499	89	89	26	26	41	41	59	59	1120	1120	72	72	47	47	102	102	48	48	134	134	105	105	2	2	9	9	41	41	124	124	251	251	305	305	343	343	1395	1395	2948	2948	472	472	20	20	19	19	106447	106447	15090	15090	1231	1231	824	824	8	8	7	7	47	47	3754	3754	2589	2589	4712	4712	7992	7992	5107	5107	11523	11523	1948	1948	8	8	1	1	21072	21072	2249	2249	120	120	48	48	200	200	36	36	141	141	7	7	285	285	119	119	112	112	471	471	7	7	8	8	167	167	86	86	5370	5370	8013	8013	433	433	3000	3000	3359	3359	1536	1536	996	996	21085	21085	17951	17951	1274	1274	1171	1171	526	526	880	880	416	416	550	550	13	13	50907	50907	24828	24828	36	36	25	25	148	148	63	63	66	66	107	107	473	473	450	450	465	465	313	313	352	352	335	335	66	66	310	310	630	630	81	81	66	66	53	53	10	10	60	60
IND00539	563	563	861	861	702	702	11906	11906	10096	10096	8771	8771	187	187	173	173	61	61	94	94	1751	1751	831	831	29	29	169	169	36	36	70	70	181	181	227	227	11	11	14	14	472	472	175	175	10	10	414	414	506	506	1223	1223	1219	1219	2809	2809	32	32	13	13	48398	48398	90427	90427	1125	1125	1373	1373	3	3	5	5	1559	1559	2681	2681	7499	7499	299	299	6553	6553	944	944	1545	1545	5212	5212	6	6	19	19	25541	25541	29941	29941	45	45	109	109	27	27	94	94	87	87	9	9	544	544	198	198	754	754	491	491	2	2	7	7	225	225	219	219	5401	5401	6778	6778	1463	1463	498	498	2233	2233	4052	4052	19084	19084	7977	7977	27527	27527	9430	9430	13294	13294	11568	11568	439	439	989	989	41	41	646	646	1043	1043	3820	3820	5	5	37	37	229	229	87	87	494	494	337	337	287	287	455	455	425	425	221	221	232	232	65	65	355	355	440	440	1930	1930	538	538	57	57	77	77	209	209	27	27
IND00540	963	963	995	995	10710	10710	16094	16094	10386	10386	15019	15019	113	113	278	278	125	125	106	106	1063	1063	1540	1540	150	150	181	181	14	14	103	103	118	118	177	177	2	2	10	10	495	495	425	425	427	427	48	48	1998	1998	1703	1703	3896	3896	1945	1945	28	28	24	24	62220	62220	34954	34954	733	733	775	775	4	4	4	4	3309	3309	657	657	7318	7318	7578	7578	7	7	7412	7412	11382	11382	12750	12750	7	7	22	22	29023	29023	24762	24762	54	54	47	47	100	100	108	108	49	49	226	226	1416	1416	1170	1170	369	369	501	501	6	6	6	6	195	195	178	178	588	588	4744	4744	2474	2474	1741	1741	1058	1058	3620	3620	21261	21261	10928	10928	23269	23269	27738	27738	1883	1883	24072	24072	440	440	477	477	546	546	678	678	112126	112126	112735	112735	16	16	5	5	10	10	205	205	29	29	67	67	151	151	154	154	504	504	49	49	132	132	350	350	307	307	510	510	926	926	748	748	17	17	89	89	254	254	193	193
IND00541	515	515	641	641	3102	3102	8265	8265	14593	14593	6036	6036	89	89	321	321	77	77	64	64	171	171	286	286	159	159	136	136	102	102	12	12	5	5	241	241	1	1	8	8	323	323	134	134	98	98	410	410	1807	1807	125	125	1133	1133	1818	1818	21	21	31	31	23876	23876	122152	122152	1793	1793	821	821	4	4	5	5	657	657	893	893	2407	2407	1888	1888	4855	4855	4568	4568	8745	8745	16293	16293	12	12	28	28	24509	24509	21257	21257	100	100	29	29	96	96	242	242	254	254	177	177	1221	1221	1849	1849	410	410	542	542	1	1	6	6	56	56	254	254	2066	2066	2641	2641	4096	4096	306	306	1197	1197	330	330	23638	23638	20212	20212	7197	7197	22861	22861	9149	9149	3859	3859	1002	1002	448	448	949	949	380	380	45325	45325	7073	7073	4	4	61	61	191	191	49	49	136	136	185	185	371	371	355	355	35	35	310	310	346	346	362	362	5	5	65	65	1987	1987	1134	1134	66	66	16	16	88	88	249	249
IND00542	384	384	112	112	8311	8311	7573	7573	13642	13642	11252	11252	225	225	235	235	50	50	76	76	1894	1894	931	931	37	37	83	83	40	40	43	43	28	28	24	24	4	4	12	12	396	396	354	354	455	455	363	363	274	274	1070	1070	1527	1527	551	551	15	15	29	29	27229	27229	90940	90940	1362	1362	1136	1136	8	8	7	7	379	379	2501	2501	4182	4182	1816	1816	4254	4254	5603	5603	7697	7697	4805	4805	15	15	17	17	2052	2052	31402	31402	126	126	11	11	205	205	164	164	131	131	21	21	1045	1045	651	651	775	775	611	611	3	3	1	1	46	46	17	17	4715	4715	1085	1085	2023	2023	298	298	1918	1918	1442	1442	11047	11047	15315	15315	32336	32336	6842	6842	13907	13907	28914	28914	225	225	389	389	903	903	615	615	42952	42952	104445	104445	32	32	38	38	224	224	127	127	33	33	223	223	314	314	509	509	77	77	281	281	237	237	315	315	26	26	481	481	736	736	877	877	19	19	4	4	91	91	201	201
IND00543	560	560	64	64	10583	10583	3150	3150	1284	1284	8017	8017	467	467	393	393	49	49	8	8	423	423	404	404	136	136	202	202	45	45	109	109	17	17	116	116	10	10	6	6	47	47	162	162	199	199	234	234	664	664	1762	1762	3592	3592	2614	2614	32	32	32	32	131014	131014	124778	124778	284	284	421	421	3	3	8	8	1148	1148	4032	4032	6446	6446	6550	6550	517	517	893	893	1226	1226	4201	4201	21	21	6	6	25015	25015	20425	20425	69	69	73	73	171	171	2	2	83	83	104	104	73	73	726	726	806	806	52	52	2	2	5	5	245	245	77	77	2994	2994	7274	7274	1446	1446	3609	3609	1712	1712	2313	2313	32526	32526	18898	18898	25795	25795	25443	25443	736	736	9541	9541	996	996	788	788	8	8	708	708	29297	29297	61735	61735	50	50	15	15	15	15	225	225	47	47	54	54	359	359	272	272	232	232	223	223	393	393	197	197	111	111	152	152	583	583	754	754	84	84	93	93	73	73	174	174
IND00544	970	970	561	561	1444	1444	1853	1853	9564	9564	9351	9351	270	270	398	398	92	92	100	100	1931	1931	1421	1421	192	192	84	84	61	61	37	37	155	155	63	63	7	7	14	14	479	479	451	451	390	390	345	345	1407	1407	1773	1773	3577	3577	1671	1671	30	30	23	23	86163	86163	114247	114247	732	732	1857	1857	1	1	6	6	1162	1162	890	890	116	116	4051	4051	4288	4288	4867	4867	3751	3751	10136	10136	30	30	13	13	6256	6256	6479	6479	54	54	47	47	113	113	130	130	213	213	118	118	1777	1777	219	219	887	887	377	377	1	1	7	7	246	246	230	230	798	798	4226	4226	1636	1636	3539	3539	2274	2274	2903	2903	18180	18180	6427	6427	1652	1652	735	735	12694	12694	30848	30848	797	797	728	728	563	563	869	869	39587	39587	95739	95739	36	36	31	31	16	16	232	232	87	87	126	126	14	14	50	50	480	480	54	54	10	10	39	39	293	293	414	414	1179	1179	1535	1535	94	94	21	21	251	251	6	6
IND00545	154	154	960	960	11403	11403	14784	14784	823	823	1514	1514	356	356	173	173	17	17	56	56	968	968	35	35	140	140	9	9	106	106	32	32	163	163	240	240	6	6	10	10	241	241	79	79	46	46	167	167	32	32	596	596	3151	3151	1837	1837	26	26	24	24	24917	24917	10594	10594	539	539	1055	1055	7	7	1	1	461	461	961	961	2341	2341	2357	2357	7235	7235	6081	6081	5938	5938	2458	2458	11	11	7	7	4270	4270	5181	5181	56	56	72	72	53	53	116	116	253	253	63	63	656	656	1268	1268	16	16	756	756	7	7	7	7	149	149	43	43	730	730	2280	2280	922	922	2954	2954	1035	1035	1904	1904	25672	25672	25240	25240	32576	32576	32009	32009	23721	23721	2703	2703	726	726	233	233	465	465	684	684	53278	53278	73430	73430	5	5	43	43	13	13	240	240	503	503	119	119	458	458	270	270	248	248	212	212	468	468	291	291	436	436	252	252	1202	1202	226	226	72	72	14	14	222	222	77	77
IND00546	60	60	835	835	13142	13142	5509	5509	8537	8537	16206	16206	184	184	258	258	102	102	122	122	607	607	1510	1510	157	157	63	63	92	92	84	84	228	228	133	133	6	6	13	13	474	474	30	30	12	12	140	140	991	991	2027	2027	1353	1353	680	680	10	10	5	5	108230	108230	98837	98837	1555	1555	420	420	3	3	8	8	2301	2301	1535	1535	6816	6816	4628	4628	6271	6271	874	874	3857	3857	4227	4227	4	4	3	3	7129	7129	1183	1183	24	24	3	3	191	191	102	102	228	228	60	60	1676	1676	808	808	152	152	535	535	1	1	2	2	49	49	104	104	6729	6729	4868	4868	2737	2737	1448	1448	96	96	324	324	11888	11888	7218	7218	27219	27219	1614	1614	6950	6950	28698	28698	17	17	757	757	381	381	216	216	3354	3354	30733	30733	9	9	13	13	138	138	99	99	108	108	490	490	20	20	360	360	434	434	273	273	224	224	418	418	109	109	90	90	1114	1114	1000	1000	66	66	99	99	160	160	75	75
IND00547	898	898	183	183	11396	11396	14070	14070	15843	15843	1169	1169	270	270	438	438	45	45	108	108	1174	1174	281	281	248	248	129	129	26	26	20	20	15	15	147	147	6	6	5	5	236	236	201	201	381	381	330	330	278	278	1494	1494	2942	2942	3684	3684	4	4	9	9	124627	124627	81844	81844	527	527	1137	1137	7	7	1	1	274	274	851	851	5433	5433	5862	5862	5625	5625	1686	1686	7729	7729	3251	3251	25	25	18	18	8320	8320	13488	13488	83	83	70	70	195	195	147	147	251	251	175	175	1103	1103	1032	1032	124	124	33	33	5	5	2	2	195	195	199	199	7574	7574	2482	2482	1266	1266	950	950	4063	4063	3750	3750	6144	6144	27788	27788	3177	3177	31191	31191	5958	5958	16685	16685	514	514	525	525	589	589	533	533	9126	9126	117180	117180	23	23	46	46	109	109	36	36	41	41	251	251	171	171	338	338	166	166	285	285	186	186	160	160	159	159	90	90	202	202	1674	1674	111	111	11	11	45	45	252	252
IND00548	336	336	870	870	2423	2423	9999	9999	7944	7944	13559	13559	273	273	68	68	86	86	15	15	1752	1752	199	199	135	135	133	133	34	34	60	60	232	232	199	199	14	14	15	15	491	491	376	376	372	372	254	254	1669	1669	684	684	2737	2737	3544	3544	24	24	10	10	58955	58955	109784	109784	1921	1921	736	736	6	6	4	4	734	734	2132	2132	7863	7863	3292	3292	5443	5443	7207	7207	5156	5156	3342	3342	25	25	31	31	17917	17917	2041	2041	85	85	73	73	102	102	57	57	60	60	27	27	1099	1099	1343	1343	784	784	578	578	1	1	7	7	195	195	220	220	8141	8141	7081	7081	3868	3868	2835	2835	677	677	677	677	2666	2666	4804	4804	29893	29893	16477	16477	17300	17300	32	32	383	383	572	572	790	790	137	137	127396	127396	57420	57420	1	1	10	10	124	124	207	207	204	204	274	274	416	416	218	218	64	64	289	289	455	455	117	117	313	313	497	497	819	819	1411	1411	23	23	73	73	185	185	158	158
IND00549	728	728	629	629	14970	14970	10150	10150	1672	1672	129	129	372	372	320	320	120	120	40	40	322	322	297	297	210	210	102	102	63	63	95	95	189	189	59	59	7	7	10	10	146	146	181	181	101	101	341	341	603	603	870	870	73	73	1929	1929	16	16	6	6	70650	70650	29865	29865	1007	1007	1522	1522	1	1	5	5	1192	1192	487	487	8005	8005	1233	1233	2913	2913	1862	1862	9816	9816	7630	7630	24	24	4	4	10388	10388	31195	31195	24	24	128	128	12	12	127	127	85	85	256	256	621	621	1056	1056	459	459	668	668	1	1	5	5	144	144	99	99	5367	5367	5411	5411	3999	3999	3668	3668	963	963	3374	3374	30789	30789	11448	11448	27086	27086	21897	21897	25046	25046	22415	22415	633	633	73	73	70	70	112	112	65021	65021	123721	123721	37	37	1	1	27	27	164	164	69	69	71	71	62	62	145	145	9	9	268	268	243	243	348	348	155	155	464	464	446	446	1380	1380	12	12	61	61	214	214	168	168
IND00550	852	852	646	646	8282	8282	12468	12468	12021	12021	16304	16304	475	475	94	94	128	128	128	128	871	871	8	8	41	41	205	205	53	53	112	112	181	181	253	253	15	15	4	4	120	120	313	313	379	379	199	199	1613	1613	1974	1974	1742	1742	311	311	10	10	29	29	111378	111378	41854	41854	872	872	1043	1043	8	8	7	7	520	520	2181	2181	3171	3171	866	866	2242	2242	1261	1261	4080	4080	3952	3952	9	9	30	30	7371	7371	31532	31532	7	7	2	2	209	209	195	195	254	254	203	203	1954	1954	1025	1025	850	850	546	546	5	5	7	7	13	13	188	188	5072	5072	7553	7553	743	743	424	424	2233	2233	3154	3154	17297	17297	25768	25768	2214	2214	25553	25553	14278	14278	3298	3298	525	525	346	346	284	284	298	298	15045	15045	87487	87487	10	10	35	35	125	125	177	177	305	305	500	500	79	79	368	368	167	167	51	51	54	54	195	195	76	76	443	443	1221	1221	1337	1337	83	83	80	80	97	97	152	152
IND00551	986	986	84	84	9876	9876	14722	14722	14561	14561	12898	12898	8	8	243	243	11	11	82	82	1993	1993	1524	1524	224	224	49	49	79	79	120	120	12	12	32	32	7	7	14	14	469	469	261	261	385	385	415	415	211	211	605	605	3456	3456	329	329	15	15	26	26	68582	68582	87660	87660	757	757	880	880	6	6	4	4	3145	3145	1741	1741	4690	4690	618	618	3350	3350	520	520	8500	8500	9874	9874	30	30	8	8	18452	18452	8069	8069	114	114	16	16	79	79	156	156	185	185	161	161	346	346	1353	1353	337	337	930	930	2	2	8	8	137	137	26	26	4738	4738	497	497	2489	2489	1514	1514	2587	2587	1766	1766	31230	31230	23902	23902	30525	30525	5134	5134	19252	19252	5411	5411	795	795	867	867	582	582	990	990	55959	55959	5189	5189	10	10	2	2	190	190	79	79	366	366	469	469	243	243	285	285	47	47	436	436	130	130	253	253	100	100	400	400	328	328	968	968	49	49	58	58	242	242	64	64
IND00552	663	663	89	89	9123	9123	2317	2317	14120	14120	13428	13428	137	137	265	265	128	128	76	76	254	254	564	564	222	222	38	38	54	54	94	94	203	203	124	124	1	1	5	5	410	410	349	349	32	32	185	185	827	827	150	150	3895	3895	863	863	5	5	24	24	110568	110568	53404	53404	371	371	1316	1316	7	7	4	4	3095	3095	1260	1260	7918	7918	2974	2974	287	287	4001	4001	15854	15854	16375	16375	3	3	28	28	9611	9611	30964	30964	73	73	21	21	256	256	9	9	174	174	56	56	353	353	1237	1237	999	999	485	485	4	4	8	8	74	74	223	223	6553	6553	4326	4326	2493	2493	3642	3642	1608	1608	1743	1743	3118	3118	13363	13363	14933	14933	16698	16698	31248	31248	28415	28415	185	185	115	115	750	750	862	862	50019	50019	50134	50134	44	44	32	32	179	179	127	127	23	23	361	361	356	356	78	78	476	476	74	74	392	392	84	84	407	407	26	26	766	766	1223	1223	23	23	106	106	30	30	253	253
IND00553	1024	1024	361	361	13707	13707	12394	12394	15414	15414	16241	16241	160	160	223	223	100	100	67	67	585	585	546	546	225	225	235	235	92	92	94	94	198	198	102	102	10	10	14	14	150	150	85	85	455	455	380	380	1068	1068	52	52	3445	3445	2514	2514	22	22	4	4	103599	103599	29111	29111	901	901	1105	1105	8	8	5	5	2518	2518	1034	1034	943	943	1079	1079	933	933	3199	3199	14032	14032	10513	10513	15	15	15	15	17016	17016	24970	24970	100	100	40	40	49	49	193	193	67	67	255	255	561	561	1516	1516	19	19	678	678	3	3	5	5	160	160	3	3	3441	3441	2133	2133	1565	1565	40	40	1263	1263	3141	3141	4053	4053	10638	10638	5214	5214	31815	31815	31347	31347	12026	12026	464	464	659	659	999	999	563	563	127170	127170	2812	2812	1	1	50	50	194	194	61	61	358	358	13	13	347	347	120	120	178	178	46	46	311	311	490	490	475	475	255	255	1295	1295	1451	1451	50	50	47	47	124	124	25	25
IND00554	345	345	469	469	5074	5074	3205	3205	2164	2164	12469	12469	28	28	231	231	54	54	111	111	376	376	1638	1638	188	188	93	93	126	126	71	71	164	164	30	30	10	10	1	1	342	342	140	140	331	331	75	75	1876	1876	1000	1000	3717	3717	12	12	12	12	29	29	18812	18812	77728	77728	1468	1468	1339	1339	8	8	8	8	651	651	1678	1678	2201	2201	7373	7373	7662	7662	3292	3292	4735	4735	2543	2543	2	2	1	1	13580	13580	12016	12016	110	110	121	121	247	247	170	170	48	48	213	213	1430	1430	2048	2048	181	181	159	159	7	7	6	6	72	72	82	82	3582	3582	1996	1996	1432	1432	2260	2260	3880	3880	695	695	1886	1886	29062	29062	12654	12654	4793	4793	11794	11794	17681	17681	355	355	339	339	861	861	768	768	2907	2907	96017	96017	63	63	7	7	179	179	214	214	336	336	150	150	476	476	306	306	6	6	226	226	188	188	115	115	50	50	164	164	1319	1319	1445	1445	9	9	33	33	83	83	54	54
IND00555	115	115	682	682	14730	14730	14221	14221	3508	3508	9240	9240	42	42	265	265	45	45	28	28	1038	1038	595	595	76	76	92	92	84	84	103	103	184	184	40	40	14	14	15	15	512	512	374	374	146	146	456	456	1566	1566	1872	1872	1624	1624	176	176	28	28	2	2	79241	79241	41055	41055	415	415	1969	1969	3	3	3	3	1383	1383	771	771	7135	7135	7823	7823	7977	7977	659	659	1987	1987	2559	2559	17	17	32	32	25384	25384	30326	30326	46	46	68	68	156	156	198	198	200	200	67	67	711	711	1748	1748	761	761	662	662	7	7	1	1	46	46	156	156	5344	5344	1047	1047	2469	2469	3884	3884	41	41	565	565	8350	8350	29269	29269	10666	10666	11035	11035	10376	10376	25710	25710	860	860	21	21	965	965	1019	1019	50146	50146	75415	75415	23	23	7	7	164	164	62	62	255	255	148	148	28	28	359	359	77	77	338	338	292	292	242	242	1	1	352	352	1244	1244	49	49	80	80	23	23	124	124	76	76
IND00556	240	240	782	782	201	201	6687	6687	15534	15534	4904	4904	101	101	335	335	112	112	10	10	74	74	987	987	177	177	76	76	35	35	115	115	15	15	251	251	1	1	6	6	303	303	277	277	387	387	433	433	527	527	840	840	1210	1210	3675	3675	26	26	12	12	88190	88190	65172	65172	847	847	1982	1982	3	3	2	2	1861	1861	3785	3785	7814	7814	1511	1511	3457	3457	7193	7193	14497	14497	998	998	24	24	24	24	32683	32683	17465	17465	19	19	52	52	15	15	158	158	37	37	182	182	1588	1588	401	401	738	738	509	509	7	7	8	8	183	183	212	212	6296	6296	6508	6508	3612	3612	427	427	3853	3853	3966	3966	18243	18243	4408	4408	7068	7068	24661	24661	23680	23680	32489	32489	191	191	23	23	417	417	614	614	105325	105325	1133	1133	28	28	25	25	58	58	233	233	497	497	31	31	378	378	206	206	330	330	277	277	58	58	168	168	450	450	373	373	1413	1413	78	78	103	103	48	48	163	163	143	143
IND00557	407	407	436	436	15478	15478	7281	7281	13737	13737	10819	10819	420	420	59	59	56	56	97	97	901	901	541	541	117	117	165	165	99	99	107	107	36	36	200	200	6	6	3	3	287	287	211	211	405	405	148	148	1810	1810	387	387	2077	2077	312	312	13	13	17	17	49747	49747	60025	60025	1970	1970	183	183	3	3	6	6	3964	3964	2266	2266	7909	7909	5286	5286	3804	3804	6855	6855	10250	10250	3398	3398	10	10	20	20	30541	30541	18556	18556	19	19	118	118	150	150	171	171	79	79	26	26	432	432	1371	1371	613	613	377	377	8	8	5	5	155	155	239	239	5452	5452	3559	3559	1746	1746	2213	2213	3422	3422	2894	2894	26544	26544	15735	15735	3156	3156	1884	1884	9556	9556	13189	13189	824	824	683	683	836	836	965	965	92409	92409	68805	68805	47	47	13	13	5	5	44	44	322	322	89	89	292	292	406	406	79	79	268	268	446	446	104	104	269	269	99	99	1494	1494	2039	2039	100	100	17	17	254	254	178	178
IND00558	783	783	370	370	6317	6317	8104	8104	2605	2605	13607	13607	379	379	209	209	62	62	47	47	1666	1666	672	672	93	93	126	126	2	2	125	125	66	66	169	169	13	13	5	5	197	197	236	236	18	18	32	32	876	876	1175	1175	3797	3797	3932	3932	1	1	4	4	23722	23722	53932	53932	815	815	213	213	8	8	4	4	2459	2459	43	43	3852	3852	3049	3049	1926	1926	7376	7376	4556	4556	15350	15350	16	16	1	1	4443	4443	7668	7668	29	29	123	123	52	52	148	148	128	128	168	168	594	594	684	684	727	727	167	167	8	8	6	6	193	193	193	193	3199	3199	4489	4489	1905	1905	1910	1910	3358	3358	2670	2670	6890	6890	5063	5063	28275	28275	5592	5592	28774	28774	2904	2904	355	355	590	590	150	150	830	830	105682	105682	9030	9030	41	41	53	53	160	160	159	159	493	493	469	469	283	283	44	44	201	201	86	86	82	82	209	209	70	70	325	325	264	264	1791	1791	101	101	57	57	210	210	53	53
IND00559	661	661	457	457	2665	2665	3687	3687	12265	12265	1646	1646	27	27	23	23	85	85	117	117	218	218	1058	1058	212	212	87	87	53	53	102	102	140	140	114	114	6	6	16	16	285	285	340	340	503	503	301	301	124	124	1282	1282	3565	3565	49	49	25	25	10	10	54890	54890	44614	44614	1724	1724	1270	1270	3	3	8	8	2338	2338	1666	1666	3816	3816	83	83	3036	3036	3323	3323	2285	2285	11390	11390	16	16	31	31	26727	26727	9704	9704	60	60	119	119	201	201	138	138	124	124	72	72	602	602	1945	1945	689	689	743	743	5	5	8	8	213	213	2	2	316	316	6925	6925	2858	2858	343	343	3097	3097	3330	3330	25911	25911	9959	9959	1833	1833	2736	2736	31131	31131	12813	12813	997	997	929	929	45	45	274	274	24210	24210	104398	104398	18	18	48	48	163	163	107	107	510	510	80	80	257	257	509	509	266	266	419	419	317	317	40	40	132	132	208	208	748	748	1376	1376	58	58	21	21	179	179	166	166
IND00560	845	845	375	375	2835	2835	6070	6070	3232	3232	8040	8040	509	509	183	183	121	121	60	60	1806	1806	1736	1736	53	53	236	236	6	6	71	71	160	160	62	62	4	4	6	6	109	109	238	238	377	377	416	416	1113	1113	61	61	3244	3244	58	58	27	27	15	15	101059	101059	114303	114303	558	558	1851	1851	3	3	8	8	3064	3064	3418	3418	7506	7506	5108	5108	3192	3192	1641	1641	11452	11452	302	302	19	19	12	12	19787	19787	5797	5797	18	18	108	108	17	17	76	76	231	231	196	196	1574	1574	1656	1656	566	566	360	360	2	2	8	8	135	135	122	122	2370	2370	1946	1946	2874	2874	2191	2191	755	755	1826	1826	17852	17852	6482	6482	6971	6971	983	983	549	549	8233	8233	336	336	881	881	806	806	97	97	19939	19939	67699	67699	51	51	38	38	82	82	239	239	273	273	479	479	454	454	350	350	154	154	469	469	102	102	109	109	258	258	386	386	1064	1064	886	886	70	70	33	33	143	143	145	145
IND00561	676	676	711	711	2540	2540	3513	3513	6159	6159	6094	6094	331	331	164	164	44	44	114	114	256	256	1823	1823	224	224	238	238	59	59	84	84	21	21	59	59	3	3	5	5	452	452	419	419	362	362	452	452	1445	1445	1414	1414	1516	1516	3235	3235	11	11	16	16	101715	101715	114523	114523	1253	1253	1531	1531	6	6	7	7	2184	2184	2910	2910	7237	7237	6016	6016	3619	3619	3559	3559	15902	15902	5620	5620	1	1	1	1	31945	31945	5015	5015	118	118	18	18	186	186	143	143	217	217	28	28	1632	1632	396	396	192	192	408	408	8	8	2	2	127	127	12	12	1766	1766	3369	3369	2888	2888	673	673	1652	1652	3113	3113	23148	23148	12975	12975	11771	11771	21493	21493	29355	29355	21428	21428	176	176	45	45	752	752	146	146	94677	94677	11194	11194	4	4	52	52	46	46	104	104	21	21	472	472	139	139	418	418	195	195	16	16	464	464	4	4	15	15	44	44	945	945	1198	1198	123	123	90	90	68	68	71	71
IND00562	817	817	323	323	4709	4709	14098	14098	11556	11556	146	146	349	349	33	33	18	18	11	11	48	48	1531	1531	220	220	204	204	48	48	38	38	235	235	164	164	2	2	6	6	69	69	266	266	309	309	221	221	135	135	45	45	1134	1134	787	787	6	6	22	22	110873	110873	80197	80197	781	781	110	110	7	7	8	8	2502	2502	671	671	4816	4816	2207	2207	556	556	4795	4795	11857	11857	16268	16268	18	18	7	7	474	474	31504	31504	67	67	83	83	167	167	127	127	99	99	63	63	1130	1130	1653	1653	724	724	410	410	8	8	4	4	126	126	134	134	2586	2586	5996	5996	1780	1780	113	113	2950	2950	244	244	30767	30767	28480	28480	23509	23509	15027	15027	18909	18909	24352	24352	172	172	630	630	673	673	589	589	75698	75698	119979	119979	49	49	62	62	124	124	219	219	444	444	342	342	337	337	307	307	419	419	129	129	84	84	478	478	3	3	333	333	726	726	619	619	95	95	29	29	139	139	49	49
IND00563	586	586	670	670	3942	3942	9446	9446	15071	15071	1333	1333	400	400	491	491	51	51	120	120	652	652	1252	1252	99	99	92	92	115	115	112	112	178	178	119	119	16	16	11	11	126	126	266	266	414	414	334	334	1107	1107	15	15	1284	1284	322	322	11	11	16	16	97718	97718	94849	94849	596	596	883	883	7	7	6	6	41	41	2826	2826	6294	6294	417	417	1106	1106	8174	8174	15612	15612	699	699	9	9	24	24	22186	22186	29863	29863	35	35	102	102	23	23	2	2	125	125	118	118	1532	1532	143	143	609	609	661	661	8	8	4	4	80	80	76	76	2482	2482	7950	7950	1966	1966	1184	1184	3012	3012	735	735	6052	6052	32678	32678	1750	1750	30792	30792	7881	7881	28498	28498	829	829	662	662	136	136	576	576	108650	108650	41037	41037	52	52	43	43	5	5	76	76	492	492	114	114	375	375	133	133	333	333	402	402	450	450	465	465	165	165	53	53	480	480	1276	1276	59	59	128	128	8	8	105	105
IND00564	413	413	806	806	3625	3625	13803	13803	2726	2726	8795	8795	419	419	126	126	50	50	80	80	102	102	1817	1817	95	95	229	229	98	98	30	30	211	211	164	164	3	3	6	6	510	510	465	465	141	141	86	86	418	418	894	894	3634	3634	1940	1940	9	9	23	23	40807	40807	116892	116892	48	48	794	794	8	8	4	4	3061	3061	411	411	2341	2341	5802	5802	2802	2802	344	344	11268	11268	2910	2910	13	13	1	1	16953	16953	1833	1833	60	60	6	6	30	30	236	236	75	75	63	63	1158	1158	412	412	205	205	100	100	6	6	1	1	24	24	104	104	1924	1924	1696	1696	3776	3776	1679	1679	2431	2431	2147	2147	20697	20697	27754	27754	12831	12831	13041	13041	23743	23743	161	161	410	410	378	378	378	378	360	360	53541	53541	50708	50708	46	46	38	38	177	177	158	158	93	93	101	101	418	418	117	117	263	263	446	446	193	193	115	115	464	464	35	35	1913	1913	319	319	128	128	125	125	188	188	171	171
IND00565	428	428	543	543	13611	13611	4514	4514	3623	3623	10826	10826	207	207	229	229	113	113	23	23	72	72	116	116	14	14	238	238	107	107	111	111	17	17	127	127	7	7	16	16	109	109	173	173	65	65	338	338	500	500	1814	1814	3428	3428	933	933	18	18	7	7	44701	44701	104605	104605	1491	1491	1303	1303	8	8	1	1	2752	2752	3353	3353	503	503	1008	1008	5123	5123	6732	6732	3682	3682	5356	5356	5	5	24	24	20029	20029	14435	14435	97	97	126	126	3	3	151	151	46	46	141	141	502	502	1427	1427	565	565	296	296	2	2	5	5	115	115	217	217	4852	4852	2796	2796	2302	2302	2454	2454	2140	2140	2542	2542	30418	30418	23231	23231	29719	29719	26115	26115	5256	5256	27752	27752	252	252	486	486	732	732	696	696	103869	103869	127269	127269	20	20	35	35	191	191	46	46	25	25	1	1	93	93	485	485	247	247	471	471	294	294	470	470	86	86	288	288	1994	1994	1891	1891	29	29	83	83	169	169	146	146
IND00566	996	996	153	153	10189	10189	3863	3863	13872	13872	13978	13978	238	238	99	99	110	110	51	51	1939	1939	918	918	125	125	162	162	6	6	116	116	157	157	151	151	10	10	15	15	93	93	351	351	373	373	399	399	233	233	151	151	520	520	1536	1536	32	32	10	10	70962	70962	125411	125411	275	275	424	424	7	7	3	3	640	640	2466	2466	1721	1721	3568	3568	3744	3744	3808	3808	13953	13953	3570	3570	5	5	16	16	10169	10169	5433	5433	104	104	4	4	153	153	11	11	96	96	48	48	739	739	1959	1959	679	679	256	256	3	3	7	7	128	128	37	37	7814	7814	7711	7711	2883	2883	1772	1772	2081	2081	1701	1701	1651	1651	12242	12242	14784	14784	27949	27949	30837	30837	15225	15225	896	896	566	566	381	381	201	201	33657	33657	37884	37884	37	37	10	10	96	96	223	223	42	42	11	11	132	132	120	120	263	263	335	335	153	153	489	489	380	380	321	321	990	990	933	933	64	64	42	42	226	226	90	90
IND00567	421	421	777	777	7690	7690	15360	15360	14170	14170	14435	14435	26	26	411	411	110	110	95	95	311	311	198	198	44	44	16	16	97	97	87	87	10	10	149	149	3	3	11	11	247	247	51	51	126	126	175	175	643	643	971	971	874	874	3434	3434	28	28	32	32	121656	121656	42957	42957	794	794	1794	1794	5	5	4	4	3833	3833	801	801	1658	1658	2167	2167	1808	1808	4908	4908	11945	11945	1506	1506	22	22	2	2	22845	22845	28634	28634	84	84	63	63	33	33	174	174	232	232	121	121	102	102	79	79	28	28	190	190	1	1	8	8	180	180	17	17	1896	1896	3823	3823	1412	1412	1544	1544	3449	3449	2479	2479	4131	4131	28105	28105	32016	32016	31669	31669	7041	7041	31463	31463	613	613	580	580	168	168	19	19	18133	18133	63785	63785	44	44	5	5	159	159	20	20	142	142	202	202	502	502	479	479	117	117	427	427	221	221	271	271	29	29	500	500	829	829	1383	1383	107	107	128	128	136	136	58	58
IND00568	268	268	700	700	7495	7495	8181	8181	6768	6768	11501	11501	488	488	241	241	86	86	66	66	263	263	876	876	29	29	163	163	40	40	92	92	219	219	210	210	8	8	1	1	143	143	251	251	428	428	267	267	1661	1661	1144	1144	4078	4078	2115	2115	25	25	17	17	33107	33107	84618	84618	410	410	778	778	4	4	1	1	3447	3447	341	341	5916	5916	929	929	295	295	363	363	14365	14365	15567	15567	19	19	14	14	10164	10164	26184	26184	123	123	25	25	93	93	1	1	31	31	207	207	6	6	2006	2006	883	883	398	398	3	3	4	4	114	114	237	237	2902	2902	6689	6689	2197	2197	2141	2141	3592	3592	1312	1312	2029	2029	16466	16466	14896	14896	22838	22838	19366	19366	1135	1135	326	326	467	467	862	862	290	290	122156	122156	2239	2239	33	33	34	34	41	41	119	119	365	365	353	353	40	40	103	103	512	512	493	493	150	150	111	111	491	491	112	112	2048	2048	523	523	75	75	116	116	143	143	21	21
IND00569	140	140	257	257	253	253	7154	7154	15407	15407	15128	15128	120	120	10	10	34	34	52	52	420	420	1080	1080	169	169	136	136	113	113	82	82	201	201	116	116	4	4	4	4	402	402	471	471	187	187	65	65	253	253	1157	1157	1032	1032	3622	3622	24	24	5	5	68610	68610	53480	53480	1251	1251	1452	1452	3	3	2	2	279	279	2255	2255	665	665	5831	5831	5507	5507	4101	4101	12140	12140	14650	14650	22	22	31	31	22945	22945	12698	12698	123	123	80	80	85	85	200	200	161	161	1	1	111	111	1878	1878	87	87	700	700	6	6	8	8	222	222	70	70	5324	5324	4358	4358	2459	2459	1724	1724	1063	1063	3280	3280	20697	20697	9544	9544	12101	12101	14032	14032	439	439	27095	27095	999	999	125	125	220	220	911	911	84128	84128	47014	47014	7	7	61	61	174	174	14	14	411	411	426	426	445	445	26	26	23	23	63	63	32	32	228	228	324	324	333	333	105	105	1401	1401	91	91	35	35	184	184	88	88
IND00570	137	137	978	978	10972	10972	15456	15456	2611	2611	15501	15501	237	237	221	221	107	107	34	34	242	242	1287	1287	26	26	109	109	65	65	97	97	193	193	213	213	15	15	16	16	418	418	256	256	77	77	152	152	438	438	184	184	1261	1261	69	69	22	22	16	16	9096	9096	28397	28397	399	399	1375	1375	7	7	2	2	3315	3315	4073	4073	4297	4297	5286	5286	3535	3535	4331	4331	12710	12710	177	177	12	12	3	3	27019	27019	22412	22412	49	49	44	44	148	148	83	83	229	229	65	65	439	439	790	790	930	930	165	165	5	5	4	4	48	48	5	5	185	185	1875	1875	2596	2596	2938	2938	1123	1123	2589	2589	24781	24781	17343	17343	9769	9769	12116	12116	15898	15898	23356	23356	459	459	794	794	368	368	239	239	38564	38564	107018	107018	61	61	18	18	164	164	179	179	15	15	502	502	316	316	405	405	305	305	249	249	73	73	485	485	94	94	286	286	1027	1027	1227	1227	34	34	108	108	134	134	23	23
IND00571	623	623	602	602	11406	11406	9991	9991	8632	8632	10849	10849	311	311	409	409	1	1	46	46	1136	1136	1413	1413	247	247	118	118	89	89	102	102	105	105	242	242	14	14	15	15	393	393	313	313	298	298	245	245	926	926	1553	1553	3523	3523	1066	1066	15	15	3	3	11130	11130	20553	20553	316	316	1251	1251	6	6	5	5	3395	3395	3341	3341	5423	5423	6835	6835	4189	4189	2465	2465	2231	2231	4221	4221	10	10	20	20	9574	9574	31724	31724	102	102	93	93	216	216	130	130	69	69	1	1	1912	1912	1589	1589	353	353	7	7	7	7	3	3	145	145	246	246	5864	5864	3871	3871	3430	3430	2133	2133	421	421	1305	1305	9566	9566	14588	14588	7737	7737	10644	10644	2723	2723	25678	25678	568	568	485	485	782	782	961	961	97426	97426	28369	28369	45	45	41	41	149	149	203	203	65	65	206	206	378	378	383	383	485	485	390	390	373	373	352	352	444	444	327	327	1777	1777	494	494	95	95	15	15	124	124	62	62
IND00572	320	320	867	867	12702	12702	12004	12004	8751	8751	2017	2017	154	154	402	402	39	39	16	16	925	925	1924	1924	153	153	56	56	39	39	9	9	93	93	110	110	2	2	16	16	348	348	358	358	35	35	393	393	128	128	304	304	1531	1531	2836	2836	12	12	5	5	41588	41588	88549	88549	1604	1604	1946	1946	1	1	1	1	3835	3835	3209	3209	389	389	309	309	6110	6110	5543	5543	6381	6381	5397	5397	4	4	25	25	4678	4678	11560	11560	87	87	44	44	133	133	117	117	235	235	219	219	1405	1405	1581	1581	86	86	726	726	7	7	7	7	94	94	183	183	6590	6590	5090	5090	1148	1148	1987	1987	1470	1470	3641	3641	6442	6442	31516	31516	8896	8896	27905	27905	4571	4571	17102	17102	669	669	509	509	45	45	770	770	125327	125327	72819	72819	57	57	5	5	57	57	156	156	395	395	161	161	301	301	256	256	129	129	457	457	275	275	374	374	267	267	375	375	100	100	951	951	125	125	119	119	225	225	23	23
IND00573	43	43	771	771	5670	5670	5551	5551	396	396	10404	10404	47	47	438	438	125	125	104	104	91	91	1342	1342	96	96	106	106	113	113	126	126	96	96	95	95	3	3	9	9	432	432	133	133	296	296	436	436	539	539	158	158	681	681	1631	1631	3	3	3	3	14629	14629	98901	98901	1624	1624	1622	1622	2	2	4	4	1250	1250	3195	3195	2078	2078	1435	1435	1236	1236	882	882	460	460	272	272	11	11	11	11	24994	24994	1291	1291	72	72	127	127	126	126	219	219	15	15	64	64	697	697	960	960	520	520	255	255	3	3	2	2	96	96	82	82	5009	5009	7583	7583	2515	2515	2513	2513	1134	1134	2191	2191	32599	32599	21825	21825	107	107	16433	16433	9700	9700	29812	29812	99	99	349	349	135	135	661	661	31026	31026	108511	108511	42	42	20	20	249	249	115	115	436	436	425	425	261	261	89	89	404	404	377	377	467	467	363	363	207	207	506	506	1690	1690	1667	1667	123	123	127	127	20	20	250	250
IND00574	100	100	424	424	10719	10719	15493	15493	5266	5266	395	395	177	177	89	89	90	90	39	39	1247	1247	1880	1880	79	79	127	127	93	93	86	86	212	212	187	187	2	2	3	3	370	370	100	100	471	471	408	408	703	703	893	893	38	38	3063	3063	4	4	13	13	57601	57601	10392	10392	1501	1501	687	687	6	6	5	5	1552	1552	790	790	2973	2973	2679	2679	3924	3924	124	124	15826	15826	9520	9520	22	22	30	30	14825	14825	1727	1727	13	13	33	33	167	167	214	214	13	13	256	256	1425	1425	1700	1700	278	278	349	349	7	7	5	5	225	225	220	220	4427	4427	2065	2065	2510	2510	608	608	1185	1185	3151	3151	18573	18573	28987	28987	20535	20535	24136	24136	219	219	26217	26217	430	430	388	388	372	372	834	834	82000	82000	5268	5268	64	64	48	48	106	106	114	114	224	224	471	471	173	173	319	319	36	36	418	418	10	10	407	407	362	362	311	311	1753	1753	1655	1655	42	42	84	84	188	188	237	237
IND00575	362	362	875	875	13229	13229	6104	6104	6006	6006	10926	10926	65	65	455	455	47	47	30	30	939	939	1051	1051	225	225	243	243	95	95	126	126	148	148	134	134	12	12	6	6	377	377	157	157	87	87	460	460	1873	1873	1399	1399	1095	1095	603	603	31	31	6	6	59245	59245	60620	60620	861	861	1858	1858	7	7	7	7	878	878	2387	2387	1856	1856	5016	5016	1749	1749	4386	4386	7803	7803	1477	1477	27	27	18	18	7668	7668	4262	4262	26	26	127	127	235	235	5	5	254	254	11	11	1842	1842	1827	1827	221	221	76	76	3	3	2	2	77	77	113	113	7489	7489	1356	1356	1104	1104	3861	3861	2767	2767	12	12	16837	16837	21829	21829	547	547	1013	1013	18483	18483	7542	7542	378	378	17	17	128	128	426	426	1104	1104	49165	49165	46	46	13	13	129	129	209	209	152	152	389	389	201	201	227	227	53	53	127	127	384	384	27	27	506	506	303	303	699	699	902	902	2	2	83	83	45	45	246	246
IND00576	581	581	438	438	9711	9711	2284	2284	6317	6317	6612	6612	58	58	37	37	126	126	86	86	609	609	326	326	208	208	185	185	45	45	33	33	180	180	105	105	9	9	10	10	312	312	283	283	323	323	78	78	1849	1849	759	759	1268	1268	3688	3688	19	19	19	19	74585	74585	7113	7113	1871	1871	1076	1076	3	3	8	8	2847	2847	2941	2941	4684	4684	1522	1522	2558	2558	945	945	14194	14194	15160	15160	10	10	27	27	1993	1993	9334	9334	77	77	75	75	234	234	46	46	209	209	67	67	1488	1488	541	541	512	512	895	895	7	7	8	8	1	1	118	118	914	914	3076	3076	3782	3782	2730	2730	2529	2529	806	806	19458	19458	3992	3992	4583	4583	6290	6290	32229	32229	26554	26554	71	71	833	833	673	673	116	116	29983	29983	47961	47961	20	20	21	21	135	135	52	52	391	391	179	179	98	98	313	313	37	37	443	443	179	179	267	267	359	359	466	466	1155	1155	1796	1796	66	66	63	63	244	244	184	184
IND00577	372	372	430	430	408	408	7492	7492	633	633	6085	6085	117	117	297	297	66	66	92	92	1527	1527	832	832	237	237	227	227	44	44	94	94	23	23	112	112	5	5	15	15	359	359	480	480	340	340	73	73	1059	1059	85	85	3045	3045	2741	2741	5	5	30	30	71590	71590	57097	57097	1947	1947	643	643	4	4	2	2	2553	2553	3586	3586	1359	1359	1641	1641	1218	1218	5206	5206	5679	5679	11186	11186	16	16	11	11	16294	16294	24840	24840	40	40	90	90	150	150	17	17	150	150	212	212	1239	1239	831	831	459	459	126	126	6	6	7	7	121	121	202	202	5142	5142	2856	2856	1618	1618	2255	2255	1844	1844	3188	3188	27551	27551	13470	13470	14845	14845	9524	9524	1550	1550	3729	3729	865	865	499	499	46	46	164	164	81882	81882	26023	26023	56	56	46	46	129	129	65	65	164	164	206	206	354	354	138	138	344	344	218	218	464	464	318	318	455	455	40	40	1735	1735	1782	1782	57	57	106	106	39	39	10	10
IND00578	730	730	132	132	8812	8812	585	585	10836	10836	2887	2887	318	318	282	282	49	49	47	47	752	752	1533	1533	125	125	207	207	16	16	97	97	208	208	256	256	9	9	2	2	218	218	3	3	113	113	104	104	1606	1606	392	392	1300	1300	1962	1962	2	2	1	1	56444	56444	78476	78476	1597	1597	423	423	3	3	3	3	1301	1301	633	633	5193	5193	323	323	898	898	3706	3706	3336	3336	14279	14279	9	9	29	29	30500	30500	10679	10679	37	37	58	58	4	4	56	56	148	148	75	75	240	240	1993	1993	794	794	34	34	3	3	8	8	34	34	191	191	5779	5779	2613	2613	1871	1871	80	80	2956	2956	1425	1425	4634	4634	21720	21720	20729	20729	5725	5725	2627	2627	30714	30714	131	131	827	827	77	77	705	705	79324	79324	92740	92740	10	10	35	35	67	67	130	130	403	403	455	455	442	442	333	333	236	236	10	10	377	377	341	341	143	143	6	6	1197	1197	973	973	78	78	26	26	177	177	179	179
IND00579	547	547	264	264	15582	15582	1359	1359	3724	3724	2618	2618	245	245	117	117	62	62	28	28	747	747	492	492	180	180	125	125	79	79	45	45	49	49	44	44	11	11	10	10	150	150	30	30	80	80	45	45	1933	1933	904	904	1700	1700	3203	3203	7	7	21	21	85570	85570	128054	128054	1287	1287	47	47	2	2	2	2	2760	2760	3788	3788	4704	4704	3520	3520	1566	1566	7823	7823	9755	9755	15154	15154	12	12	19	19	5595	5595	24176	24176	72	72	41	41	199	199	124	124	174	174	126	126	959	959	841	841	880	880	484	484	7	7	2	2	55	55	110	110	992	992	5191	5191	1161	1161	4063	4063	2253	2253	581	581	26051	26051	11746	11746	23243	23243	26702	26702	23031	23031	3431	3431	691	691	185	185	719	719	575	575	25043	25043	28559	28559	5	5	50	50	201	201	11	11	284	284	169	169	500	500	160	160	337	337	325	325	30	30	325	325	488	488	60	60	1063	1063	97	97	65	65	97	97	253	253	20	20
IND00580	740	740	188	188	2946	2946	6548	6548	2108	2108	8803	8803	106	106	403	403	115	115	97	97	1158	1158	1309	1309	25	25	179	179	12	12	85	85	202	202	80	80	13	13	4	4	336	336	457	457	102	102	458	458	594	594	1745	1745	770	770	1430	1430	10	10	5	5	54164	54164	11532	11532	1723	1723	1780	1780	6	6	8	8	1923	1923	2318	2318	2047	2047	2118	2118	2778	2778	4880	4880	2247	2247	15918	15918	18	18	1	1	6415	6415	24320	24320	35	35	116	116	170	170	40	40	101	101	196	196	1717	1717	656	656	738	738	13	13	6	6	6	6	187	187	200	200	6320	6320	2773	2773	1012	1012	1138	1138	3692	3692	559	559	25296	25296	7982	7982	30267	30267	6274	6274	21553	21553	26169	26169	682	682	787	787	724	724	130	130	101182	101182	108870	108870	60	60	13	13	66	66	97	97	62	62	8	8	482	482	83	83	364	364	182	182	386	386	353	353	260	260	235	235	11	11	441	441	63	63	107	107	11	11	71	71
IND00581	215	215	960	960	11307	11307	5020	5020	9991	9991	303	303	320	320	367	367	15	15	8	8	1596	1596	644	644	86	86	180	180	82	82	67	67	155	155	6	6	13	13	5	5	180	180	58	58	245	245	386	386	508	508	384	384	2389	2389	1690	1690	19	19	19	19	102640	102640	77027	77027	1741	1741	1138	1138	2	2	7	7	896	896	2179	2179	763	763	7969	7969	4590	4590	6896	6896	12579	12579	1506	1506	15	15	20	20	16019	16019	19193	19193	81	81	96	96	119	119	12	12	172	172	22	22	818	818	593	593	110	110	847	847	4	4	7	7	35	35	44	44	5432	5432	1869	1869	3091	3091	3341	3341	2708	2708	2250	2250	28738	28738	9968	9968	13132	13132	22017	22017	24985	24985	1448	1448	835	835	15	15	772	772	919	919	17254	17254	72721	72721	47	47	24	24	50	50	27	27	56	56	493	493	501	501	308	308	112	112	460	460	238	238	461	461	112	112	292	292	1019	1019	1103	1103	20	20	51	51	60	60	253	253
IND00582	926	926	984	984	6846	6846	12206	12206	14007	14007	12217	12217	315	315	475	475	71	71	104	104	481	481	1681	1681	179	179	157	157	88	88	32	32	56	56	181	181	7	7	6	6	72	72	226	226	91	91	241	241	1033	1033	1167	1167	736	736	3864	3864	26	26	10	10	103961	103961	109771	109771	283	283	1300	1300	3	3	7	7	1231	1231	2279	2279	2317	2317	7313	7313	1360	1360	3674	3674	9175	9175	2991	2991	4	4	23	23	29794	29794	17750	17750	35	35	85	85	183	183	240	240	4	4	129	129	189	189	1543	1543	551	551	512	512	8	8	1	1	134	134	244	244	5176	5176	3923	3923	1264	1264	3693	3693	1594	1594	2190	2190	14198	14198	11007	11007	25058	25058	24495	24495	25925	25925	7927	7927	840	840	904	904	134	134	321	321	92249	92249	70695	70695	19	19	18	18	118	118	171	171	373	373	281	281	292	292	367	367	133	133	300	300	461	461	238	238	92	92	250	250	206	206	1934	1934	120	120	91	91	189	189	137	137
IND00583	913	913	442	442	12939	12939	14411	14411	14044	14044	10188	10188	73	73	11	11	99	99	118	118	366	366	1091	1091	68	68	97	97	77	77	124	124	195	195	82	82	16	16	2	2	185	185	96	96	18	18	400	400	1842	1842	933	933	2500	2500	2850	2850	13	13	5	5	49574	49574	28535	28535	97	97	130	130	8	8	4	4	1718	1718	1729	1729	1900	1900	5081	5081	3972	3972	7928	7928	5341	5341	1017	1017	25	25	10	10	8151	8151	2456	2456	54	54	115	115	98	98	119	119	29	29	55	55	1049	1049	1736	1736	749	749	838	838	6	6	1	1	59	59	220	220	4948	4948	7924	7924	3629	3629	1094	1094	2667	2667	3404	3404	1452	1452	11602	11602	3100	3100	24084	24084	6125	6125	5397	5397	917	917	68	68	816	816	337	337	54985	54985	42939	42939	28	28	45	45	140	140	96	96	463	463	346	346	177	177	328	328	174	174	220	220	506	506	147	147	488	488	49	49	1563	1563	963	963	79	79	76	76	29	29	75	75
IND00584	249	249	48	48	498	498	7108	7108	254	254	3636	3636	324	324	506	506	56	56	24	24	636	636	1409	1409	46	46	214	214	62	62	117	117	81	81	118	118	3	3	3	3	87	87	151	151	434	434	38	38	701	701	1935	1935	3462	3462	2524	2524	3	3	19	19	113783	113783	68729	68729	1189	1189	117	117	2	2	1	1	1490	1490	2152	2152	6010	6010	7402	7402	1475	1475	6032	6032	11722	11722	2422	2422	27	27	20	20	17920	17920	31208	31208	75	75	70	70	223	223	246	246	134	134	65	65	933	933	391	391	756	756	463	463	6	6	3	3	2	2	179	179	1383	1383	2372	2372	2710	2710	2373	2373	2999	2999	2777	2777	29593	29593	11110	11110	27321	27321	14152	14152	596	596	24144	24144	525	525	540	540	593	593	826	826	22528	22528	2070	2070	58	58	29	29	21	21	46	46	212	212	318	318	289	289	82	82	102	102	407	407	163	163	10	10	229	229	223	223	1686	1686	262	262	9	9	61	61	237	237	152	152
IND00585	538	538	868	868	8530	8530	444	444	2699	2699	11635	11635	53	53	156	156	62	62	37	37	83	83	1245	1245	173	173	102	102	69	69	68	68	7	7	152	152	4	4	16	16	308	308	382	382	371	371	320	320	1967	1967	5	5	2068	2068	1694	1694	19	19	21	21	40119	40119	65684	65684	1085	1085	1029	1029	8	8	5	5	2092	2092	3521	3521	1877	1877	2214	2214	7349	7349	1725	1725	3169	3169	15023	15023	4	4	19	19	9249	9249	6972	6972	63	63	94	94	189	189	56	56	135	135	170	170	1246	1246	1982	1982	241	241	667	667	7	7	4	4	3	3	230	230	4834	4834	934	934	2296	2296	3485	3485	2150	2150	2529	2529	17252	17252	10004	10004	11991	11991	19903	19903	20547	20547	17574	17574	104	104	989	989	51	51	545	545	1841	1841	80577	80577	54	54	20	20	14	14	139	139	330	330	412	412	322	322	290	290	371	371	114	114	299	299	329	329	143	143	394	394	1069	1069	1054	1054	100	100	102	102	166	166	115	115
IND00586	859	859	249	249	6477	6477	2048	2048	9812	9812	986	986	425	425	362	362	41	41	67	67	464	464	2017	2017	187	187	62	62	68	68	101	101	168	168	146	146	16	16	6	6	236	236	379	379	271	271	38	38	278	278	493	493	3165	3165	2662	2662	9	9	23	23	11233	11233	25918	25918	1451	1451	272	272	1	1	1	1	3537	3537	2868	2868	7215	7215	5197	5197	3785	3785	3804	3804	7851	7851	7718	7718	24	24	9	9	479	479	14180	14180	91	91	36	36	24	24	124	124	241	241	208	208	276	276	679	679	185	185	924	924	6	6	2	2	132	132	235	235	6581	6581	3754	3754	128	128	1643	1643	2187	2187	1562	1562	18237	18237	13191	13191	17855	17855	27479	27479	20343	20343	18812	18812	639	639	815	815	860	860	23	23	64592	64592	123250	123250	25	25	22	22	214	214	26	26	173	173	174	174	386	386	338	338	298	298	473	473	302	302	142	142	180	180	375	375	1342	1342	1930	1930	74	74	80	80	139	139	165	165
IND00587	566	566	453	453	1224	1224	16374	16374	1061	1061	9157	9157	102	102	203	203	67	67	67	67	610	610	1860	1860	69	69	248	248	29	29	50	50	24	24	60	60	14	14	12	12	148	148	91	91	206	206	301	301	1206	1206	717	717	706	706	250	250	4	4	21	21	123102	123102	19211	19211	1202	1202	946	946	3	3	6	6	2059	2059	2634	2634	6237	6237	3742	3742	5416	5416	7323	7323	11245	11245	3485	3485	4	4	21	21	12545	12545	26069	26069	54	54	16	16	153	153	48	48	155	155	86	86	1362	1362	1072	1072	519	519	752	752	7	7	8	8	26	26	59	59	7351	7351	6448	6448	1472	1472	328	328	3012	3012	892	892	8488	8488	6984	6984	14914	14914	680	680	14228	14228	12533	12533	393	393	943	943	674	674	210	210	3010	3010	30335	30335	59	59	38	38	219	219	153	153	92	92	184	184	395	395	502	502	458	458	458	458	97	97	402	402	190	190	235	235	1357	1357	1102	1102	100	100	28	28	202	202	179	179
IND00588	556	556	341	341	15375	15375	2453	2453	8059	8059	298	298	196	196	431	431	53	53	22	22	1429	1429	1106	1106	139	139	8	8	110	110	57	57	219	219	220	220	3	3	4	4	143	143	291	291	74	74	381	381	574	574	1237	1237	1566	1566	1782	1782	23	23	2	2	88720	88720	10058	10058	419	419	1402	1402	7	7	8	8	2650	2650	3048	3048	287	287	74	74	4290	4290	561	561	5411	5411	12138	12138	7	7	12	12	20869	20869	19318	19318	35	35	40	40	143	143	2	2	70	70	58	58	1440	1440	718	718	36	36	679	679	3	3	1	1	163	163	226	226	5054	5054	4533	4533	199	199	2122	2122	4005	4005	2102	2102	8613	8613	14537	14537	28138	28138	3525	3525	3042	3042	18258	18258	387	387	538	538	648	648	251	251	38459	38459	87299	87299	42	42	26	26	102	102	90	90	511	511	66	66	66	66	366	366	332	332	435	435	54	54	173	173	489	489	33	33	1901	1901	198	198	71	71	47	47	183	183	244	244
IND00589	9	9	37	37	7266	7266	1256	1256	11549	11549	14256	14256	316	316	88	88	122	122	104	104	1527	1527	1805	1805	203	203	44	44	38	38	44	44	222	222	126	126	1	1	6	6	18	18	493	493	85	85	326	326	1827	1827	521	521	1573	1573	101	101	16	16	11	11	114408	114408	17268	17268	731	731	214	214	6	6	7	7	2357	2357	3572	3572	1868	1868	4341	4341	4120	4120	330	330	7540	7540	10749	10749	30	30	23	23	27187	27187	4938	4938	125	125	69	69	170	170	103	103	137	137	142	142	184	184	1976	1976	293	293	64	64	8	8	3	3	136	136	221	221	3999	3999	3411	3411	1355	1355	696	696	2611	2611	1091	1091	7996	7996	16022	16022	12252	12252	26713	26713	10513	10513	14030	14030	813	813	474	474	578	578	861	861	77611	77611	35314	35314	49	49	9	9	203	203	254	254	401	401	1	1	206	206	486	486	507	507	405	405	242	242	41	41	35	35	164	164	638	638	1109	1109	86	86	120	120	35	35	48	48
IND00590	860	860	457	457	14114	14114	14858	14858	8593	8593	5167	5167	282	282	416	416	51	51	94	94	490	490	75	75	59	59	238	238	97	97	121	121	138	138	133	133	2	2	5	5	58	58	278	278	42	42	29	29	793	793	656	656	1425	1425	2587	2587	24	24	17	17	7192	7192	104419	104419	189	189	1959	1959	3	3	5	5	2202	2202	2581	2581	3517	3517	5127	5127	4455	4455	5084	5084	12098	12098	5978	5978	3	3	23	23	24823	24823	28743	28743	24	24	98	98	114	114	61	61	4	4	51	51	711	711	1516	1516	881	881	644	644	6	6	7	7	74	74	2	2	1176	1176	450	450	947	947	2296	2296	1219	1219	1750	1750	3766	3766	29175	29175	32529	32529	18706	18706	16389	16389	5024	5024	756	756	495	495	924	924	458	458	113013	113013	87901	87901	38	38	33	33	174	174	129	129	308	308	185	185	26	26	255	255	293	293	224	224	499	499	266	266	169	169	482	482	1532	1532	741	741	31	31	89	89	63	63	59	59
IND00591	32	32	618	618	16200	16200	9499	9499	9614	9614	2741	2741	267	267	449	449	71	71	116	116	1423	1423	1287	1287	214	214	12	12	37	37	74	74	198	198	2	2	6	6	14	14	212	212	126	126	104	104	155	155	774	774	652	652	4015	4015	3119	3119	30	30	17	17	10450	10450	118723	118723	1426	1426	312	312	5	5	2	2	3197	3197	1795	1795	543	543	3089	3089	3202	3202	7487	7487	8429	8429	15747	15747	5	5	12	12	27074	27074	24022	24022	83	83	28	28	35	35	192	192	66	66	122	122	425	425	734	734	770	770	937	937	3	3	2	2	68	68	33	33	795	795	6157	6157	2511	2511	711	711	3140	3140	1083	1083	29280	29280	16934	16934	29462	29462	29347	29347	19862	19862	1726	1726	187	187	81	81	556	556	614	614	57823	57823	54350	54350	58	58	7	7	57	57	88	88	95	95	269	269	207	207	248	248	387	387	165	165	33	33	329	329	288	288	124	124	1201	1201	1988	1988	83	83	48	48	107	107	103	103
IND00592	173	173	918	918	13716	13716	7521	7521	10881	10881	13112	13112	114	114	187	187	35	35	119	119	1701	1701	1850	1850	174	174	183	183	51	51	54	54	199	199	16	16	10	10	16	16	222	222	21	21	110	110	143	143	1519	1519	125	125	2023	2023	1208	1208	31	31	6	6	91575	91575	20269	20269	691	691	582	582	4	4	7	7	2719	2719	2929	2929	194	194	2690	2690	1078	1078	2752	2752	7027	7027	5686	5686	1	1	7	7	13281	13281	10919	10919	4	4	88	88	158	158	206	206	100	100	180	180	388	388	1838	1838	305	305	952	952	5	5	5	5	42	42	5	5	2383	2383	8048	8048	3730	3730	877	877	490	490	3022	3022	10969	10969	3174	3174	23213	23213	22313	22313	26892	26892	181	181	390	390	547	547	358	358	924	924	73452	73452	108527	108527	41	41	24	24	2	2	38	38	304	304	504	504	332	332	128	128	318	318	19	19	341	341	85	85	425	425	33	33	1414	1414	1290	1290	61	61	120	120	99	99	48	48
IND00593	170	170	231	231	10585	10585	16130	16130	4049	4049	581	581	347	347	475	475	94	94	79	79	465	465	333	333	179	179	97	97	43	43	41	41	146	146	77	77	2	2	2	2	422	422	193	193	265	265	285	285	1304	1304	1681	1681	2903	2903	858	858	30	30	29	29	82672	82672	84463	84463	168	168	904	904	4	4	4	4	2679	2679	3061	3061	4352	4352	6815	6815	1069	1069	5269	5269	13679	13679	14630	14630	11	11	20	20	7344	7344	31748	31748	77	77	95	95	220	220	66	66	32	32	138	138	550	550	915	915	455	455	977	977	7	7	4	4	218	218	6	6	6706	6706	2115	2115	907	907	2921	2921	3159	3159	3119	3119	3709	3709	7265	7265	24594	24594	4726	4726	25641	25641	1703	1703	852	852	574	574	184	184	577	577	2897	2897	77469	77469	28	28	64	64	9	9	179	179	477	477	123	123	491	491	136	136	362	362	22	22	168	168	415	415	34	34	317	317	1683	1683	1995	1995	57	57	37	37	36	36	208	208
IND00594	561	561	691	691	11889	11889	10305	10305	14503	14503	1748	1748	204	204	42	42	115	115	48	48	476	476	592	592	198	198	133	133	27	27	45	45	210	210	237	237	9	9	11	11	345	345	169	169	102	102	317	317	797	797	1800	1800	449	449	495	495	29	29	9	9	41836	41836	82226	82226	1241	1241	1259	1259	6	6	7	7	4017	4017	1433	1433	7900	7900	785	785	3585	3585	6400	6400	6032	6032	13822	13822	3	3	23	23	23361	23361	29028	29028	63	63	74	74	148	148	166	166	92	92	67	67	1320	1320	525	525	170	170	304	304	4	4	1	1	43	43	172	172	7867	7867	3394	3394	2802	2802	3579	3579	1250	1250	2023	2023	26705	26705	17749	17749	27574	27574	5376	5376	14719	14719	29349	29349	904	904	42	42	104	104	630	630	89619	89619	33040	33040	20	20	45	45	53	53	11	11	76	76	453	453	408	408	212	212	194	194	345	345	108	108	42	42	476	476	82	82	634	634	1496	1496	75	75	1	1	61	61	162	162
IND00595	327	327	832	832	10193	10193	12201	12201	12596	12596	15732	15732	69	69	57	57	120	120	30	30	1537	1537	1686	1686	196	196	213	213	24	24	21	21	160	160	178	178	4	4	7	7	352	352	143	143	383	383	43	43	608	608	1824	1824	1479	1479	1839	1839	26	26	12	12	50945	50945	97278	97278	1157	1157	1896	1896	2	2	2	2	1250	1250	1247	1247	1801	1801	5524	5524	7991	7991	2722	2722	15323	15323	3830	3830	13	13	10	10	6921	6921	24541	24541	47	47	2	2	98	98	227	227	232	232	144	144	1429	1429	253	253	904	904	229	229	2	2	1	1	219	219	70	70	3224	3224	7815	7815	1337	1337	3826	3826	498	498	3266	3266	16253	16253	30756	30756	18748	18748	2738	2738	32157	32157	30591	30591	139	139	361	361	622	622	208	208	28757	28757	44590	44590	10	10	26	26	215	215	161	161	120	120	4	4	475	475	466	466	455	455	186	186	7	7	362	362	306	306	169	169	825	825	695	695	16	16	19	19	165	165	69	69
IND00596	807	807	828	828	15728	15728	5360	5360	2772	2772	14607	14607	31	31	482	482	115	115	83	83	939	939	1967	1967	71	71	241	241	15	15	88	88	21	21	97	97	7	7	1	1	39	39	405	405	221	221	227	227	1282	1282	1614	1614	1393	1393	793	793	10	10	9	9	127235	127235	85385	85385	515	515	1256	1256	4	4	7	7	1255	1255	2269	2269	970	970	6532	6532	5428	5428	3277	3277	2684	2684	4506	4506	28	28	10	10	24042	24042	11316	11316	13	13	71	71	63	63	153	153	100	100	64	64	739	739	1633	1633	458	458	645	645	8	8	7	7	83	83	173	173	198	198	3588	3588	4006	4006	1678	1678	3835	3835	1101	1101	31396	31396	10218	10218	14360	14360	21972	21972	24223	24223	16776	16776	397	397	51	51	64	64	630	630	113152	113152	88990	88990	59	59	2	2	92	92	90	90	457	457	378	378	387	387	440	440	458	458	331	331	113	113	475	475	21	21	371	371	1547	1547	478	478	116	116	59	59	134	134	64	64
IND00597	112	112	799	799	7660	7660	4665	4665	12648	12648	12724	12724	4	4	85	85	6	6	74	74	1932	1932	1834	1834	136	136	53	53	48	48	82	82	99	99	67	67	5	5	15	15	102	102	43	43	444	444	502	502	773	773	1266	1266	1736	1736	1247	1247	22	22	10	10	21354	21354	487	487	138	138	1088	1088	3	3	6	6	1527	1527	3876	3876	5856	5856	6657	6657	3040	3040	4064	4064	9109	9109	8816	8816	2	2	16	16	30916	30916	4287	4287	76	76	110	110	56	56	135	135	88	88	56	56	363	363	1149	1149	90	90	469	469	4	4	1	1	54	54	76	76	1147	1147	6666	6666	3519	3519	3446	3446	1210	1210	3758	3758	1194	1194	2231	2231	4067	4067	25129	25129	14447	14447	25817	25817	197	197	190	190	339	339	483	483	116463	116463	63354	63354	57	57	7	7	256	256	100	100	139	139	453	453	16	16	327	327	86	86	116	116	140	140	288	288	291	291	402	402	1030	1030	1091	1091	1	1	111	111	151	151	81	81
IND00598	199	199	767	767	2881	2881	7833	7833	1962	1962	6429	6429	495	495	130	130	92	92	123	123	310	310	1310	1310	238	238	96	96	32	32	104	104	165	165	141	141	6	6	1	1	311	311	331	331	375	375	499	499	974	974	806	806	162	162	64	64	22	22	19	19	41109	41109	105146	105146	554	554	1368	1368	8	8	1	1	3391	3391	660	660	2415	2415	6834	6834	4451	4451	831	831	6096	6096	1969	1969	13	13	29	29	6669	6669	24254	24254	125	125	36	36	81	81	93	93	118	118	157	157	1704	1704	243	243	6	6	616	616	8	8	7	7	232	232	142	142	4597	4597	3114	3114	3666	3666	3488	3488	413	413	3584	3584	9070	9070	6163	6163	21185	21185	2533	2533	12588	12588	8543	8543	999	999	583	583	334	334	307	307	106276	106276	108949	108949	51	51	2	2	168	168	149	149	63	63	445	445	265	265	460	460	219	219	50	50	59	59	195	195	130	130	206	206	646	646	1381	1381	128	128	125	125	36	36	121	121
IND00599	275	275	149	149	15972	15972	10964	10964	7433	7433	14466	14466	60	60	230	230	91	91	120	120	715	715	1387	1387	158	158	225	225	77	77	114	114	112	112	215	215	10	10	9	9	32	32	298	298	241	241	156	156	1156	1156	747	747	409	409	1066	1066	14	14	2	2	91662	91662	104890	104890	1373	1373	202	202	7	7	4	4	2085	2085	1229	1229	5199	5199	1304	1304	1769	1769	4699	4699	5164	5164	11555	11555	30	30	25	25	25347	25347	24898	24898	53	53	92	92	147	147	194	194	12	12	167	167	1236	1236	833	833	204	204	499	499	1	1	6	6	23	23	113	113	954	954	8162	8162	1786	1786	1726	1726	1909	1909	3625	3625	21386	21386	17390	17390	21760	21760	3185	3185	88	88	19391	19391	627	627	668	668	814	814	721	721	1398	1398	46912	46912	32	32	10	10	61	61	19	19	398	398	500	500	469	469	168	168	343	343	95	95	390	390	503	503	385	385	186	186	2038	2038	158	158	22	22	52	52	240	240	130	130
IND00600	880	880	479	479	11425	11425	4356	4356	1444	1444	4918	4918	87	87	323	323	125	125	99	99	487	487	1295	1295	220	220	164	164	11	11	73	73	13	13	101	101	10	10	2	2	258	258	366	366	101	101	198	198	605	605	58	58	2338	2338	3211	3211	12	12	26	26	14474	14474	125633	125633	1137	1137	1458	1458	7	7	1	1	1502	1502	3792	3792	3270	3270	1933	1933	2226	2226	860	860	7363	7363	10001	10001	28	28	29	29	4284	4284	27220	27220	4	4	52	52	21	21	20	20	203	203	218	218	76	76	1307	1307	672	672	520	520	4	4	2	2	231	231	32	32	5942	5942	480	480	2274	2274	1511	1511	3819	3819	3589	3589	13753	13753	18278	18278	11010	11010	13046	13046	16019	16019	26805	26805	734	734	386	386	735	735	284	284	83729	83729	28766	28766	61	61	6	6	175	175	4	4	154	154	89	89	315	315	168	168	455	455	49	49	488	488	229	229	247	247	45	45	1409	1409	1338	1338	92	92	39	39	142	142	112	112
IND00601	499	499	349	349	11945	11945	483	483	2373	2373	1100	1100	245	245	19	19	52	52	85	85	409	409	1020	1020	239	239	98	98	103	103	91	91	235	235	46	46	3	3	7	7	30	30	73	73	364	364	283	283	837	837	1585	1585	906	906	1397	1397	1	1	24	24	93368	93368	32017	32017	440	440	434	434	7	7	5	5	1968	1968	1495	1495	741	741	7856	7856	4581	4581	20	20	14099	14099	6298	6298	8	8	17	17	29481	29481	2202	2202	18	18	51	51	221	221	164	164	19	19	222	222	889	889	1651	1651	862	862	480	480	5	5	2	2	146	146	1	1	4675	4675	5369	5369	483	483	367	367	3267	3267	2441	2441	21991	21991	5210	5210	20326	20326	5965	5965	21292	21292	23592	23592	503	503	368	368	721	721	419	419	17773	17773	23249	23249	11	11	1	1	221	221	109	109	3	3	174	174	363	363	359	359	214	214	327	327	388	388	464	464	345	345	430	430	808	808	51	51	99	99	73	73	91	91	135	135
IND00602	114	114	19	19	7640	7640	9582	9582	2942	2942	4794	4794	36	36	109	109	99	99	41	41	690	690	313	313	111	111	182	182	23	23	77	77	218	218	217	217	8	8	11	11	435	435	461	461	337	337	337	337	1186	1186	817	817	3671	3671	2863	2863	5	5	30	30	93594	93594	129976	129976	558	558	1834	1834	1	1	2	2	627	627	3055	3055	3108	3108	5701	5701	6589	6589	5285	5285	6212	6212	2472	2472	27	27	9	9	3930	3930	26092	26092	6	6	63	63	208	208	180	180	66	66	228	228	1033	1033	1540	1540	702	702	576	576	2	2	3	3	31	31	160	160	1840	1840	5182	5182	217	217	2750	2750	1999	1999	2547	2547	31582	31582	3391	3391	12132	12132	22268	22268	30579	30579	25349	25349	751	751	397	397	985	985	799	799	46464	46464	16992	16992	9	9	32	32	219	219	179	179	29	29	482	482	240	240	306	306	77	77	167	167	134	134	462	462	197	197	130	130	654	654	1525	1525	107	107	38	38	193	193	223	223
IND00603	384	384	189	189	4326	4326	4789	4789	12632	12632	11936	11936	294	294	362	362	120	120	68	68	69	69	754	754	38	38	136	136	113	113	120	120	76	76	218	218	9	9	16	16	235	235	104	104	291	291	309	309	19	19	605	605	1139	1139	1431	1431	17	17	29	29	85597	85597	88458	88458	1768	1768	239	239	2	2	7	7	1923	1923	3910	3910	1242	1242	2722	2722	763	763	6115	6115	2884	2884	10692	10692	16	16	28	28	25890	25890	7910	7910	113	113	113	113	144	144	173	173	9	9	52	52	822	822	1746	1746	484	484	908	908	2	2	2	2	192	192	251	251	4324	4324	959	959	1217	1217	3459	3459	168	168	653	653	23629	23629	32670	32670	17575	17575	3233	3233	10186	10186	25058	25058	509	509	737	737	150	150	743	743	4366	4366	106888	106888	16	16	36	36	233	233	152	152	219	219	371	371	261	261	25	25	210	210	130	130	439	439	337	337	190	190	32	32	688	688	249	249	75	75	19	19	82	82	16	16
IND00604	726	726	806	806	3323	3323	382	382	9464	9464	11419	11419	143	143	428	428	66	66	20	20	1465	1465	2006	2006	192	192	184	184	85	85	68	68	177	177	174	174	1	1	7	7	142	142	510	510	304	304	108	108	1609	1609	1792	1792	377	377	1405	1405	18	18	16	16	40699	40699	41747	41747	1403	1403	837	837	3	3	8	8	2495	2495	1771	1771	4989	4989	6472	6472	7547	7547	7256	7256	9288	9288	7381	7381	13	13	31	31	23889	23889	28329	28329	17	17	103	103	16	16	93	93	14	14	29	29	331	331	1819	1819	667	667	388	388	7	7	7	7	66	66	224	224	468	468	658	658	3403	3403	2362	2362	817	817	1793	1793	29297	29297	28600	28600	18388	18388	17971	17971	15083	15083	15261	15261	632	632	81	81	291	291	503	503	50482	50482	23903	23903	22	22	61	61	125	125	103	103	128	128	448	448	132	132	506	506	166	166	374	374	197	197	424	424	512	512	179	179	1824	1824	1434	1434	20	20	94	94	205	205	239	239
IND00605	203	203	983	983	11504	11504	2787	2787	15244	15244	10035	10035	3	3	285	285	67	67	69	69	800	800	331	331	8	8	164	164	111	111	82	82	12	12	92	92	1	1	9	9	212	212	177	177	311	311	96	96	1691	1691	556	556	2922	2922	2795	2795	17	17	27	27	59899	59899	13134	13134	958	958	1141	1141	3	3	2	2	1005	1005	2331	2331	7265	7265	1129	1129	7082	7082	2292	2292	12408	12408	13823	13823	14	14	15	15	23477	23477	5291	5291	96	96	68	68	209	209	92	92	2	2	171	171	1008	1008	1565	1565	787	787	601	601	8	8	2	2	47	47	29	29	6599	6599	2713	2713	3523	3523	385	385	536	536	817	817	18724	18724	26462	26462	4749	4749	11672	11672	8562	8562	11201	11201	565	565	56	56	722	722	313	313	1189	1189	41037	41037	49	49	42	42	54	54	82	82	325	325	351	351	184	184	212	212	191	191	186	186	122	122	131	131	402	402	378	378	1472	1472	1074	1074	50	50	100	100	38	38	178	178
IND00606	530	530	977	977	14234	14234	3857	3857	6830	6830	5818	5818	75	75	227	227	28	28	81	81	1656	1656	1204	1204	226	226	147	147	32	32	89	89	253	253	36	36	8	8	16	16	297	297	382	382	406	406	293	293	1837	1837	134	134	782	782	2721	2721	26	26	14	14	76975	76975	74229	74229	706	706	675	675	8	8	7	7	3257	3257	1234	1234	3265	3265	3255	3255	4975	4975	2174	2174	1170	1170	7445	7445	27	27	21	21	21163	21163	9090	9090	13	13	77	77	152	152	56	56	132	132	73	73	1665	1665	346	346	575	575	939	939	2	2	7	7	146	146	68	68	2841	2841	1390	1390	2737	2737	391	391	3719	3719	3514	3514	19590	19590	17514	17514	17497	17497	2137	2137	15103	15103	10516	10516	984	984	9	9	96	96	754	754	95727	95727	76873	76873	20	20	36	36	68	68	137	137	240	240	225	225	59	59	142	142	435	435	41	41	278	278	267	267	91	91	317	317	1890	1890	1483	1483	36	36	39	39	118	118	197	197
IND00607	213	213	633	633	2976	2976	3409	3409	15139	15139	8101	8101	210	210	161	161	14	14	66	66	144	144	1157	1157	174	174	20	20	37	37	9	9	26	26	136	136	1	1	16	16	321	321	180	180	126	126	383	383	1616	1616	647	647	1601	1601	231	231	15	15	1	1	40367	40367	11170	11170	1525	1525	1110	1110	5	5	4	4	1071	1071	3298	3298	6626	6626	7789	7789	3018	3018	2917	2917	12429	12429	5831	5831	13	13	17	17	30953	30953	15522	15522	18	18	110	110	117	117	43	43	92	92	178	178	1262	1262	1126	1126	721	721	878	878	7	7	1	1	161	161	234	234	2087	2087	7533	7533	1084	1084	3440	3440	3749	3749	2403	2403	9276	9276	6914	6914	22444	22444	8811	8811	29034	29034	4265	4265	293	293	56	56	29	29	436	436	8348	8348	14876	14876	3	3	20	20	2	2	171	171	485	485	202	202	442	442	152	152	123	123	443	443	33	33	236	236	183	183	26	26	817	817	337	337	70	70	104	104	222	222	157	157
IND00608	249	249	50	50	2559	2559	15714	15714	5982	5982	12749	12749	247	247	83	83	62	62	26	26	1339	1339	1871	1871	183	183	221	221	54	54	128	128	3	3	179	179	14	14	8	8	462	462	28	28	21	21	61	61	650	650	1926	1926	2103	2103	1563	1563	4	4	17	17	25891	25891	55157	55157	115	115	494	494	6	6	2	2	3518	3518	2497	2497	3726	3726	1734	1734	5781	5781	7373	7373	13833	13833	5321	5321	32	32	29	29	17859	17859	30829	30829	112	112	55	55	194	194	21	21	199	199	5	5	1536	1536	855	855	864	864	767	767	3	3	1	1	84	84	78	78	7645	7645	7267	7267	840	840	978	978	2784	2784	195	195	28559	28559	4547	4547	23835	23835	29770	29770	10588	10588	32341	32341	704	704	575	575	990	990	339	339	58487	58487	37676	37676	1	1	60	60	98	98	149	149	50	50	364	364	186	186	187	187	283	283	135	135	488	488	190	190	507	507	103	103	592	592	1070	1070	61	61	100	100	238	238	175	175
IND00609	451	451	846	846	6428	6428	5066	5066	12839	12839	11696	11696	452	452	383	383	124	124	11	11	661	661	139	139	73	73	67	67	51	51	95	95	70	70	106	106	3	3	14	14	111	111	166	166	450	450	91	91	323	323	531	531	2717	2717	461	461	15	15	31	31	43252	43252	124633	124633	515	515	1397	1397	4	4	5	5	380	380	2349	2349	6058	6058	1594	1594	7295	7295	862	862	7930	7930	1702	1702	27	27	17	17	2350	2350	29815	29815	124	124	34	34	168	168	130	130	164	164	141	141	731	731	42	42	390	390	423	423	3	3	2	2	168	168	188	188	786	786	4325	4325	1866	1866	3318	3318	2246	2246	4018	4018	17403	17403	10858	10858	9538	9538	27248	27248	22126	22126	29512	29512	857	857	923	923	72	72	546	546	44667	44667	93060	93060	44	44	16	16	51	51	11	11	46	46	286	286	18	18	480	480	322	322	107	107	257	257	174	174	438	438	452	452	840	840	1534	1534	92	92	81	81	183	183	231	231
IND00610	766	766	1000	1000	2547	2547	8767	8767	5488	5488	13282	13282	288	288	484	484	19	19	117	117	1805	1805	1998	1998	159	159	25	25	47	47	38	38	95	95	57	57	6	6	10	10	317	317	107	107	405	405	54	54	1813	1813	289	289	987	987	3424	3424	8	8	29	29	92924	92924	54298	54298	1161	1161	1768	1768	8	8	5	5	2498	2498	2716	2716	6766	6766	8090	8090	1253	1253	7266	7266	8638	8638	1170	1170	12	12	17	17	12481	12481	11319	11319	17	17	127	127	109	109	91	91	14	14	197	197	1898	1898	1042	1042	877	877	458	458	1	1	8	8	237	237	21	21	3778	3778	5246	5246	3823	3823	306	306	569	569	4065	4065	25992	25992	17886	17886	4355	4355	20148	20148	32015	32015	652	652	126	126	499	499	989	989	695	695	3305	3305	76608	76608	33	33	11	11	185	185	197	197	207	207	129	129	426	426	360	360	206	206	237	237	1	1	42	42	149	149	437	437	1949	1949	1180	1180	49	49	113	113	10	10	159	159
IND00611	249	249	418	418	7567	7567	9140	9140	8904	8904	6504	6504	405	405	8	8	24	24	115	115	1481	1481	1563	1563	81	81	68	68	109	109	76	76	232	232	19	19	9	9	1	1	68	68	75	75	348	348	222	222	1343	1343	152	152	3893	3893	585	585	5	5	23	23	8661	8661	62828	62828	1298	1298	876	876	6	6	3	3	1621	1621	428	428	4349	4349	4434	4434	7979	7979	4978	4978	11247	11247	6869	6869	19	19	25	25	18774	18774	27037	27037	95	95	89	89	125	125	32	32	188	188	94	94	1063	1063	259	259	495	495	953	953	5	5	5	5	127	127	247	247	1558	1558	5492	5492	3333	3333	3100	3100	3426	3426	3884	3884	29002	29002	24335	24335	16351	16351	15900	15900	18829	18829	19197	19197	293	293	642	642	985	985	753	753	2911	2911	23906	23906	30	30	46	46	224	224	227	227	193	193	191	191	127	127	298	298	151	151	80	80	437	437	270	270	344	344	179	179	235	235	1992	1992	104	104	29	29	4	4	165	165
IND00612	154	154	686	686	6829	6829	37	37	15984	15984	16230	16230	79	79	507	507	30	30	13	13	292	292	655	655	21	21	99	99	38	38	48	48	114	114	124	124	10	10	1	1	397	397	240	240	451	451	256	256	1745	1745	1140	1140	2294	2294	3409	3409	29	29	3	3	55733	55733	25440	25440	1961	1961	476	476	2	2	4	4	790	790	1803	1803	354	354	6577	6577	2832	2832	1042	1042	15249	15249	10286	10286	30	30	8	8	17312	17312	30132	30132	14	14	80	80	47	47	27	27	123	123	211	211	1028	1028	276	276	787	787	948	948	3	3	1	1	75	75	42	42	4310	4310	4265	4265	2918	2918	912	912	1747	1747	3969	3969	10923	10923	2620	2620	4205	4205	8486	8486	26704	26704	18531	18531	706	706	84	84	642	642	657	657	129421	129421	9271	9271	29	29	49	49	241	241	215	215	239	239	87	87	187	187	141	141	127	127	55	55	245	245	373	373	163	163	329	329	951	951	1891	1891	49	49	10	10	246	246	231	231
IND00613	661	661	199	199	4607	4607	9782	9782	11418	11418	13445	13445	479	479	35	35	72	72	101	101	1572	1572	1541	1541	31	31	93	93	20	20	42	42	43	43	64	64	14	14	5	5	350	350	333	333	104	104	9	9	1079	1079	860	860	418	418	163	163	4	4	2	2	87992	87992	30640	30640	168	168	1923	1923	8	8	5	5	3309	3309	2219	2219	7627	7627	42	42	5550	5550	4308	4308	13084	13084	713	713	17	17	8	8	5960	5960	10520	10520	104	104	123	123	43	43	195	195	164	164	202	202	836	836	1560	1560	756	756	564	564	3	3	7	7	196	196	16	16	6958	6958	3747	3747	2501	2501	1186	1186	2383	2383	1783	1783	9306	9306	1999	1999	28381	28381	11487	11487	20515	20515	17805	17805	568	568	777	777	163	163	261	261	6889	6889	57459	57459	33	33	38	38	40	40	50	50	240	240	92	92	243	243	117	117	361	361	415	415	53	53	28	28	123	123	20	20	1078	1078	1503	1503	103	103	33	33	103	103	216	216
IND00614	1003	1003	1	1	2002	2002	15728	15728	691	691	1830	1830	472	472	360	360	58	58	104	104	1446	1446	1799	1799	99	99	222	222	78	78	30	30	41	41	158	158	3	3	12	12	154	154	306	306	281	281	21	21	962	962	1356	1356	731	731	3408	3408	7	7	19	19	55134	55134	69355	69355	616	616	863	863	5	5	4	4	3202	3202	2791	2791	1335	1335	5868	5868	5058	5058	3700	3700	15176	15176	13452	13452	16	16	17	17	11007	11007	14452	14452	4	4	43	43	26	26	8	8	231	231	149	149	490	490	858	858	665	665	565	565	8	8	4	4	177	177	256	256	6833	6833	5700	5700	1237	1237	161	161	1131	1131	2452	2452	3804	3804	31864	31864	17308	17308	16299	16299	11743	11743	22994	22994	196	196	661	661	537	537	726	726	109432	109432	61945	61945	49	49	11	11	204	204	228	228	19	19	304	304	379	379	37	37	323	323	427	427	29	29	149	149	490	490	311	311	1076	1076	1341	1341	2	2	50	50	161	161	82	82
IND00615	590	590	919	919	11110	11110	9587	9587	317	317	14396	14396	225	225	339	339	92	92	113	113	1991	1991	2014	2014	204	204	46	46	92	92	50	50	193	193	161	161	6	6	12	12	301	301	463	463	224	224	322	322	1172	1172	2039	2039	4042	4042	1488	1488	16	16	25	25	88396	88396	62395	62395	790	790	91	91	7	7	7	7	2052	2052	2661	2661	1650	1650	62	62	5204	5204	4119	4119	14322	14322	4437	4437	18	18	9	9	8380	8380	1075	1075	124	124	47	47	45	45	113	113	43	43	10	10	1645	1645	1985	1985	234	234	74	74	1	1	4	4	2	2	55	55	6801	6801	5341	5341	2725	2725	3379	3379	343	343	3774	3774	14134	14134	11333	11333	4974	4974	13241	13241	8419	8419	12569	12569	370	370	125	125	972	972	537	537	106471	106471	55646	55646	28	28	11	11	82	82	204	204	200	200	295	295	161	161	246	246	236	236	502	502	427	427	66	66	469	469	113	113	1180	1180	1350	1350	68	68	96	96	253	253	209	209
IND00616	17	17	687	687	5563	5563	2605	2605	597	597	2864	2864	119	119	364	364	58	58	102	102	234	234	1758	1758	142	142	130	130	101	101	124	124	255	255	256	256	13	13	4	4	431	431	110	110	319	319	325	325	1454	1454	379	379	2622	2622	3768	3768	1	1	9	9	71019	71019	1739	1739	1701	1701	1564	1564	2	2	5	5	1291	1291	1728	1728	3370	3370	1773	1773	6567	6567	1252	1252	11340	11340	989	989	6	6	5	5	2323	2323	5255	5255	59	59	32	32	200	200	107	107	148	148	212	212	342	342	1270	1270	922	922	809	809	5	5	7	7	19	19	111	111	7451	7451	7564	7564	2028	2028	2992	2992	140	140	135	135	24636	24636	18346	18346	30855	30855	19368	19368	24296	24296	8248	8248	642	642	356	356	226	226	553	553	70115	70115	83210	83210	48	48	53	53	5	5	175	175	241	241	414	414	283	283	186	186	279	279	382	382	353	353	159	159	256	256	313	313	1792	1792	4	4	35	35	2	2	132	132	131	131
IND00617	869	869	980	980	8974	8974	7331	7331	5796	5796	8225	8225	37	37	491	491	56	56	21	21	1699	1699	909	909	152	152	206	206	6	6	96	96	110	110	165	165	12	12	1	1	441	441	311	311	425	425	253	253	348	348	1559	1559	2	2	1242	1242	7	7	21	21	49164	49164	4635	4635	1946	1946	831	831	5	5	7	7	662	662	3447	3447	6377	6377	3689	3689	2721	2721	5564	5564	286	286	8832	8832	25	25	10	10	28217	28217	21536	21536	121	121	7	7	25	25	28	28	244	244	143	143	1463	1463	1693	1693	411	411	824	824	2	2	5	5	76	76	146	146	4244	4244	5403	5403	1122	1122	5	5	1710	1710	446	446	13506	13506	4461	4461	5484	5484	10989	10989	9853	9853	14509	14509	378	378	737	737	160	160	328	328	29648	29648	41151	41151	63	63	58	58	234	234	114	114	393	393	413	413	196	196	290	290	484	484	254	254	76	76	93	93	256	256	80	80	116	116	1395	1395	42	42	117	117	100	100	147	147
IND00618	107	107	604	604	15442	15442	874	874	8486	8486	10596	10596	322	322	403	403	81	81	106	106	901	901	1427	1427	251	251	55	55	27	27	47	47	142	142	247	247	15	15	1	1	484	484	332	332	389	389	209	209	731	731	89	89	422	422	2468	2468	12	12	24	24	87619	87619	82413	82413	296	296	1766	1766	2	2	8	8	2437	2437	2852	2852	3537	3537	3369	3369	6532	6532	1984	1984	4254	4254	7943	7943	23	23	31	31	8512	8512	16990	16990	69	69	64	64	192	192	157	157	256	256	89	89	236	236	11	11	368	368	467	467	5	5	1	1	211	211	103	103	5417	5417	1502	1502	1576	1576	732	732	3330	3330	1613	1613	6782	6782	20917	20917	16500	16500	18453	18453	6324	6324	24176	24176	911	911	516	516	341	341	107	107	67112	67112	66201	66201	41	41	34	34	16	16	92	92	489	489	444	444	247	247	221	221	500	500	248	248	235	235	364	364	169	169	461	461	232	232	705	705	2	2	39	39	240	240	238	238
IND00619	681	681	953	953	9018	9018	6617	6617	4120	4120	6561	6561	40	40	504	504	41	41	3	3	1533	1533	1296	1296	223	223	28	28	94	94	91	91	187	187	32	32	10	10	15	15	399	399	437	437	324	324	51	51	1335	1335	1841	1841	2778	2778	3153	3153	31	31	26	26	57183	57183	81965	81965	139	139	171	171	6	6	2	2	856	856	940	940	8149	8149	2672	2672	8107	8107	2933	2933	13804	13804	9342	9342	14	14	28	28	21245	21245	14836	14836	23	23	28	28	20	20	156	156	236	236	64	64	1019	1019	1744	1744	257	257	356	356	5	5	1	1	237	237	241	241	2203	2203	3853	3853	1434	1434	46	46	2059	2059	2841	2841	23206	23206	20291	20291	11109	11109	9100	9100	19965	19965	2613	2613	634	634	548	548	393	393	413	413	25934	25934	108768	108768	28	28	8	8	156	156	56	56	451	451	200	200	158	158	39	39	444	444	141	141	179	179	211	211	480	480	418	418	1803	1803	349	349	92	92	27	27	166	166	25	25
IND00620	499	499	135	135	7114	7114	5254	5254	14955	14955	13638	13638	421	421	451	451	34	34	114	114	1174	1174	65	65	96	96	37	37	30	30	30	30	154	154	110	110	5	5	4	4	480	480	301	301	505	505	389	389	22	22	1240	1240	754	754	3219	3219	17	17	7	7	25562	25562	96723	96723	1948	1948	374	374	2	2	6	6	3215	3215	1880	1880	345	345	7972	7972	5573	5573	4595	4595	7668	7668	8550	8550	25	25	32	32	30626	30626	7610	7610	27	27	19	19	188	188	107	107	51	51	137	137	843	843	87	87	540	540	212	212	8	8	2	2	22	22	30	30	7350	7350	2156	2156	2904	2904	1646	1646	1526	1526	1935	1935	5588	5588	28200	28200	3642	3642	16815	16815	32028	32028	7282	7282	14	14	838	838	92	92	624	624	130339	130339	124604	124604	11	11	31	31	159	159	241	241	417	417	469	469	468	468	218	218	71	71	476	476	438	438	57	57	506	506	293	293	282	282	1455	1455	42	42	19	19	135	135	233	233
IND00621	788	788	445	445	8440	8440	5432	5432	11156	11156	3814	3814	439	439	168	168	73	73	17	17	1968	1968	1945	1945	140	140	36	36	111	111	70	70	91	91	250	250	15	15	6	6	314	314	155	155	241	241	360	360	1751	1751	1264	1264	3757	3757	3491	3491	27	27	23	23	97496	97496	86990	86990	68	68	355	355	3	3	4	4	2550	2550	1643	1643	1758	1758	4024	4024	7022	7022	7225	7225	612	612	14697	14697	17	17	21	21	25947	25947	2066	2066	127	127	47	47	252	252	57	57	250	250	246	246	694	694	2003	2003	472	472	177	177	1	1	3	3	150	150	222	222	5816	5816	950	950	3813	3813	1589	1589	1565	1565	2291	2291	31216	31216	24129	24129	27329	27329	24813	24813	25091	25091	20898	20898	740	740	291	291	278	278	274	274	14159	14159	69369	69369	38	38	20	20	253	253	158	158	341	341	142	142	294	294	419	419	315	315	172	172	396	396	474	474	9	9	354	354	1908	1908	543	543	11	11	12	12	56	56	27	27
IND00622	716	716	218	218	2806	2806	8141	8141	2473	2473	11813	11813	339	339	410	410	52	52	67	67	84	84	827	827	231	231	103	103	90	90	120	120	243	243	1	1	16	16	10	10	136	136	193	193	350	350	444	444	199	199	538	538	3384	3384	2578	2578	10	10	9	9	63697	63697	114138	114138	975	975	1605	1605	4	4	7	7	634	634	2305	2305	5730	5730	869	869	5059	5059	3005	3005	11459	11459	6575	6575	23	23	16	16	19095	19095	22228	22228	80	80	95	95	6	6	28	28	244	244	56	56	527	527	1182	1182	704	704	845	845	6	6	5	5	43	43	21	21	7582	7582	3194	3194	1559	1559	439	439	954	954	886	886	14581	14581	25264	25264	7160	7160	28625	28625	8519	8519	29413	29413	659	659	839	839	988	988	455	455	114245	114245	81348	81348	18	18	59	59	84	84	199	199	42	42	145	145	384	384	234	234	160	160	245	245	92	92	61	61	143	143	176	176	890	890	1623	1623	22	22	47	47	150	150	212	212
IND00623	302	302	859	859	10156	10156	11932	11932	291	291	978	978	165	165	346	346	96	96	41	41	28	28	723	723	186	186	56	56	119	119	68	68	189	189	195	195	12	12	6	6	25	25	184	184	428	428	75	75	1699	1699	509	509	946	946	2012	2012	6	6	16	16	119101	119101	84956	84956	1533	1533	1434	1434	2	2	4	4	229	229	968	968	2496	2496	5283	5283	5917	5917	1495	1495	5023	5023	14294	14294	12	12	9	9	26187	26187	14064	14064	57	57	2	2	46	46	35	35	36	36	117	117	1166	1166	8	8	399	399	975	975	4	4	8	8	119	119	239	239	1484	1484	6583	6583	1020	1020	8	8	2694	2694	2361	2361	14586	14586	11172	11172	24888	24888	7918	7918	31537	31537	14444	14444	657	657	870	870	660	660	809	809	119032	119032	98516	98516	36	36	3	3	227	227	1	1	257	257	227	227	292	292	512	512	381	381	196	196	57	57	501	501	155	155	353	353	1187	1187	478	478	3	3	101	101	1	1	80	80
IND00624	316	316	886	886	13123	13123	7206	7206	10428	10428	14134	14134	294	294	117	117	101	101	71	71	108	108	658	658	228	228	12	12	16	16	24	24	191	191	92	92	10	10	15	15	215	215	88	88	190	190	200	200	16	16	17	17	3328	3328	2747	2747	30	30	30	30	18217	18217	75684	75684	76	76	1044	1044	6	6	1	1	3858	3858	1152	1152	6738	6738	6952	6952	3153	3153	4200	4200	13770	13770	15820	15820	10	10	10	10	30164	30164	9756	9756	44	44	112	112	67	67	212	212	215	215	105	105	1508	1508	48	48	664	664	680	680	7	7	6	6	14	14	34	34	7714	7714	7429	7429	3941	3941	287	287	70	70	1682	1682	22304	22304	20177	20177	9911	9911	16745	16745	13064	13064	1748	1748	735	735	560	560	519	519	176	176	34921	34921	2264	2264	48	48	35	35	45	45	78	78	44	44	202	202	331	331	119	119	291	291	16	16	35	35	67	67	195	195	274	274	1701	1701	1438	1438	98	98	113	113	63	63	40	40
IND00625	106	106	288	288	5212	5212	5047	5047	5781	5781	11155	11155	33	33	487	487	37	37	71	71	1010	1010	1356	1356	235	235	93	93	39	39	75	75	247	247	255	255	8	8	15	15	425	425	441	441	101	101	186	186	680	680	1761	1761	3179	3179	2165	2165	32	32	31	31	3328	3328	81899	81899	180	180	511	511	2	2	8	8	80	80	3519	3519	4308	4308	1321	1321	7806	7806	7429	7429	9385	9385	13224	13224	24	24	29	29	9350	9350	22643	22643	110	110	46	46	53	53	191	191	229	229	249	249	1254	1254	932	932	611	611	687	687	2	2	7	7	245	245	191	191	3320	3320	2488	2488	2116	2116	2920	2920	3640	3640	895	895	13004	13004	23769	23769	28623	28623	20811	20811	4450	4450	30404	30404	149	149	482	482	74	74	146	146	41330	41330	6880	6880	44	44	16	16	205	205	75	75	145	145	45	45	267	267	276	276	431	431	435	435	418	418	417	417	19	19	464	464	1930	1930	59	59	47	47	33	33	95	95	126	126
IND00626	790	790	900	900	1520	1520	1157	1157	7104	7104	5015	5015	121	121	480	480	24	24	33	33	1326	1326	818	818	91	91	21	21	64	64	71	71	37	37	187	187	7	7	4	4	277	277	159	159	387	387	351	351	619	619	102	102	100	100	2426	2426	14	14	9	9	89519	89519	115083	115083	1809	1809	158	158	2	2	1	1	1879	1879	2327	2327	5511	5511	1258	1258	6589	6589	6376	6376	11614	11614	7920	7920	3	3	28	28	16576	16576	28177	28177	126	126	125	125	197	197	60	60	94	94	199	199	1892	1892	2000	2000	841	841	960	960	4	4	4	4	8	8	147	147	4989	4989	2159	2159	907	907	2364	2364	618	618	786	786	14066	14066	18720	18720	4206	4206	445	445	6156	6156	20887	20887	204	204	233	233	911	911	705	705	91653	91653	61705	61705	5	5	15	15	53	53	183	183	308	308	408	408	428	428	245	245	280	280	92	92	447	447	457	457	498	498	354	354	199	199	796	796	70	70	12	12	224	224	211	211
IND00627	812	812	905	905	938	938	12473	12473	15972	15972	9273	9273	163	163	455	455	72	72	28	28	1028	1028	762	762	192	192	105	105	40	40	100	100	189	189	89	89	8	8	5	5	69	69	19	19	226	226	218	218	1061	1061	1416	1416	1639	1639	3325	3325	16	16	2	2	2252	2252	67599	67599	1185	1185	1498	1498	1	1	2	2	2624	2624	2499	2499	4303	4303	7378	7378	1062	1062	6250	6250	9388	9388	15264	15264	14	14	24	24	10415	10415	31450	31450	56	56	41	41	85	85	31	31	176	176	182	182	1906	1906	38	38	19	19	681	681	2	2	6	6	134	134	214	214	2324	2324	797	797	2335	2335	2401	2401	1318	1318	3670	3670	18830	18830	19324	19324	1754	1754	5996	5996	31612	31612	2853	2853	348	348	542	542	768	768	904	904	69315	69315	67605	67605	5	5	45	45	235	235	17	17	209	209	477	477	99	99	241	241	306	306	8	8	392	392	364	364	83	83	474	474	1909	1909	429	429	19	19	107	107	111	111	21	21
IND00628	732	732	1008	1008	6989	6989	6243	6243	4835	4835	15982	15982	449	449	189	189	52	52	85	85	521	521	109	109	192	192	36	36	45	45	83	83	31	31	178	178	7	7	6	6	3	3	427	427	8	8	169	169	1012	1012	177	177	2864	2864	3644	3644	30	30	28	28	9614	9614	87062	87062	865	865	711	711	1	1	3	3	61	61	1623	1623	2835	2835	2578	2578	7643	7643	841	841	407	407	9710	9710	8	8	24	24	17463	17463	1887	1887	1	1	103	103	96	96	53	53	180	180	32	32	891	891	487	487	750	750	543	543	4	4	3	3	245	245	219	219	5887	5887	944	944	1113	1113	2483	2483	3073	3073	3842	3842	19390	19390	800	800	27783	27783	4954	4954	13743	13743	8530	8530	31	31	786	786	290	290	159	159	101571	101571	83170	83170	22	22	61	61	165	165	94	94	379	379	224	224	90	90	379	379	67	67	132	132	43	43	97	97	219	219	499	499	1838	1838	691	691	49	49	40	40	184	184	59	59
IND00629	516	516	787	787	12071	12071	10877	10877	7687	7687	16085	16085	419	419	268	268	98	98	109	109	1546	1546	520	520	68	68	220	220	26	26	95	95	187	187	205	205	14	14	3	3	136	136	492	492	129	129	16	16	19	19	1107	1107	4003	4003	2237	2237	27	27	1	1	117619	117619	113001	113001	494	494	1435	1435	7	7	2	2	570	570	712	712	2852	2852	2361	2361	5705	5705	6534	6534	11381	11381	2124	2124	23	23	18	18	28099	28099	26531	26531	127	127	11	11	158	158	9	9	214	214	226	226	1165	1165	762	762	931	931	340	340	5	5	2	2	72	72	230	230	4829	4829	497	497	2096	2096	787	787	3339	3339	3608	3608	23145	23145	28373	28373	23819	23819	9775	9775	1458	1458	17689	17689	46	46	162	162	419	419	59	59	59422	59422	94534	94534	10	10	49	49	57	57	209	209	435	435	369	369	272	272	185	185	126	126	159	159	365	365	300	300	103	103	47	47	887	887	964	964	8	8	89	89	44	44	172	172
IND00630	256	256	743	743	13110	13110	13261	13261	7429	7429	9390	9390	155	155	240	240	90	90	123	123	682	682	588	588	23	23	221	221	61	61	103	103	100	100	189	189	12	12	6	6	420	420	296	296	479	479	329	329	1781	1781	1785	1785	32	32	3055	3055	6	6	7	7	93796	93796	48996	48996	1274	1274	855	855	5	5	5	5	2391	2391	3597	3597	1581	1581	6396	6396	1181	1181	6269	6269	5781	5781	284	284	24	24	19	19	22987	22987	1187	1187	67	67	60	60	162	162	244	244	47	47	234	234	1300	1300	781	781	948	948	370	370	5	5	7	7	119	119	137	137	7870	7870	5609	5609	837	837	4064	4064	2886	2886	2389	2389	1410	1410	20036	20036	24425	24425	5558	5558	7320	7320	22872	22872	279	279	840	840	1024	1024	668	668	16349	16349	127455	127455	52	52	64	64	138	138	135	135	54	54	62	62	423	423	232	232	201	201	373	373	478	478	346	346	93	93	201	201	651	651	2037	2037	113	113	16	16	179	179	113	113
IND00631	154	154	489	489	11047	11047	7751	7751	1706	1706	7897	7897	431	431	324	324	116	116	58	58	326	326	1349	1349	110	110	54	54	107	107	66	66	38	38	183	183	9	9	4	4	284	284	427	427	283	283	4	4	1651	1651	92	92	3753	3753	1421	1421	20	20	18	18	116844	116844	106014	106014	558	558	550	550	2	2	6	6	1161	1161	1977	1977	3687	3687	5652	5652	2356	2356	4796	4796	3154	3154	3533	3533	28	28	17	17	1851	1851	29485	29485	21	21	125	125	88	88	182	182	238	238	149	149	1397	1397	1499	1499	983	983	593	593	3	3	1	1	242	242	71	71	5104	5104	3227	3227	2781	2781	396	396	3305	3305	929	929	30841	30841	10700	10700	1513	1513	18879	18879	14232	14232	23167	23167	497	497	1005	1005	201	201	675	675	39564	39564	8568	8568	5	5	26	26	243	243	147	147	32	32	315	315	302	302	34	34	415	415	66	66	339	339	478	478	388	388	479	479	1425	1425	1844	1844	41	41	53	53	90	90	63	63
IND00632	923	923	14	14	11884	11884	12867	12867	13326	13326	3330	3330	214	214	448	448	34	34	10	10	1445	1445	1	1	198	198	22	22	19	19	123	123	64	64	148	148	14	14	15	15	209	209	153	153	160	160	294	294	736	736	606	606	2490	2490	1301	1301	3	3	27	27	97985	97985	40024	40024	1562	1562	421	421	4	4	6	6	1250	1250	722	722	3584	3584	4320	4320	4396	4396	6741	6741	6511	6511	12255	12255	13	13	32	32	9842	9842	5869	5869	30	30	118	118	60	60	162	162	239	239	98	98	1894	1894	377	377	25	25	889	889	1	1	4	4	181	181	5	5	4267	4267	7201	7201	3356	3356	326	326	3219	3219	1355	1355	31653	31653	26322	26322	6740	6740	2428	2428	25195	25195	27083	27083	177	177	134	134	197	197	659	659	119176	119176	1842	1842	17	17	47	47	160	160	102	102	44	44	254	254	341	341	108	108	399	399	259	259	165	165	82	82	245	245	335	335	7	7	921	921	111	111	99	99	7	7	192	192
IND00633	913	913	892	892	6937	6937	8116	8116	12117	12117	11388	11388	370	370	33	33	15	15	85	85	344	344	593	593	4	4	163	163	51	51	74	74	33	33	74	74	15	15	10	10	266	266	188	188	227	227	3	3	28	28	1724	1724	1614	1614	990	990	30	30	6	6	16753	16753	43980	43980	449	449	1872	1872	5	5	6	6	3200	3200	920	920	4316	4316	7458	7458	4104	4104	1360	1360	15510	15510	8238	8238	3	3	27	27	23283	23283	31884	31884	74	74	27	27	31	31	204	204	163	163	164	164	647	647	123	123	375	375	942	942	1	1	1	1	116	116	45	45	5472	5472	3269	3269	1800	1800	2606	2606	563	563	1366	1366	24021	24021	25754	25754	31989	31989	29933	29933	18897	18897	19112	19112	616	616	269	269	194	194	1011	1011	112071	112071	113860	113860	52	52	18	18	52	52	136	136	284	284	179	179	236	236	433	433	463	463	293	293	114	114	43	43	280	280	228	228	1985	1985	1060	1060	126	126	67	67	17	17	102	102
IND00634	618	618	527	527	5581	5581	5542	5542	1862	1862	11061	11061	363	363	460	460	127	127	33	33	1405	1405	1448	1448	27	27	38	38	71	71	51	51	26	26	57	57	8	8	4	4	312	312	216	216	117	117	274	274	464	464	1994	1994	2669	2669	1447	1447	14	14	15	15	33769	33769	29359	29359	1566	1566	1068	1068	4	4	7	7	3780	3780	1002	1002	1495	1495	7087	7087	352	352	463	463	16027	16027	12897	12897	2	2	22	22	22922	22922	1159	1159	72	72	16	16	50	50	104	104	116	116	27	27	508	508	1524	1524	259	259	467	467	6	6	8	8	102	102	85	85	2826	2826	3050	3050	2185	2185	288	288	2265	2265	1895	1895	32142	32142	26377	26377	6752	6752	32115	32115	11567	11567	29567	29567	790	790	399	399	576	576	290	290	124376	124376	54496	54496	14	14	60	60	160	160	82	82	182	182	265	265	438	438	7	7	243	243	237	237	247	247	254	254	316	316	344	344	1488	1488	683	683	103	103	124	124	244	244	203	203
IND00635	994	994	195	195	16170	16170	5065	5065	10029	10029	4663	4663	356	356	7	7	82	82	17	17	232	232	1946	1946	112	112	24	24	18	18	67	67	9	9	111	111	7	7	6	6	477	477	242	242	64	64	230	230	3	3	1384	1384	1092	1092	3616	3616	4	4	5	5	93845	93845	87230	87230	1371	1371	1321	1321	8	8	4	4	4047	4047	3979	3979	6769	6769	874	874	2050	2050	1438	1438	13375	13375	2098	2098	28	28	3	3	21518	21518	27156	27156	115	115	62	62	115	115	181	181	62	62	236	236	1107	1107	1180	1180	342	342	911	911	5	5	6	6	26	26	154	154	4041	4041	7913	7913	2776	2776	4003	4003	3446	3446	3162	3162	9068	9068	16093	16093	27384	27384	3417	3417	25006	25006	5662	5662	584	584	452	452	172	172	542	542	12518	12518	51185	51185	39	39	8	8	82	82	45	45	235	235	163	163	70	70	427	427	80	80	241	241	494	494	98	98	500	500	108	108	2030	2030	448	448	80	80	3	3	175	175	40	40
IND00636	240	240	924	924	11971	11971	4550	4550	11559	11559	12630	12630	226	226	493	493	126	126	42	42	1405	1405	1704	1704	242	242	120	120	115	115	112	112	254	254	117	117	13	13	13	13	229	229	192	192	375	375	188	188	841	841	911	911	739	739	2378	2378	28	28	5	5	63569	63569	128833	128833	1488	1488	2029	2029	1	1	6	6	3286	3286	2141	2141	3052	3052	7057	7057	3491	3491	5824	5824	4083	4083	4523	4523	9	9	27	27	14630	14630	13650	13650	67	67	114	114	246	246	170	170	111	111	123	123	101	101	1710	1710	884	884	851	851	7	7	8	8	116	116	250	250	1699	1699	3918	3918	3736	3736	1900	1900	1977	1977	2695	2695	32202	32202	10747	10747	26505	26505	2952	2952	8763	8763	2849	2849	771	771	519	519	188	188	74	74	4152	4152	91760	91760	2	2	59	59	83	83	156	156	334	334	136	136	384	384	44	44	512	512	485	485	237	237	293	293	215	215	116	116	1814	1814	782	782	27	27	122	122	31	31	165	165
IND00637	340	340	209	209	1096	1096	7062	7062	3477	3477	3394	3394	391	391	358	358	54	54	106	106	954	954	929	929	190	190	210	210	43	43	59	59	5	5	202	202	16	16	5	5	460	460	227	227	177	177	159	159	1725	1725	1373	1373	2329	2329	2383	2383	29	29	24	24	25749	25749	99362	99362	1064	1064	559	559	6	6	3	3	2883	2883	2262	2262	6768	6768	7334	7334	47	47	5702	5702	4119	4119	5102	5102	18	18	31	31	11586	11586	2783	2783	31	31	96	96	211	211	236	236	25	25	162	162	1306	1306	1116	1116	47	47	853	853	6	6	4	4	153	153	245	245	2548	2548	5266	5266	247	247	3826	3826	1	1	2877	2877	21057	21057	24653	24653	26206	26206	30716	30716	26731	26731	19515	19515	138	138	27	27	675	675	329	329	92103	92103	71085	71085	6	6	51	51	168	168	18	18	211	211	214	214	424	424	132	132	263	263	450	450	79	79	122	122	508	508	435	435	985	985	843	843	77	77	62	62	256	256	203	203
IND00638	176	176	31	31	4580	4580	8343	8343	15844	15844	16261	16261	170	170	188	188	39	39	90	90	573	573	1195	1195	231	231	255	255	115	115	60	60	190	190	166	166	11	11	14	14	82	82	506	506	499	499	384	384	69	69	1615	1615	2185	2185	2777	2777	29	29	20	20	58887	58887	121532	121532	499	499	2025	2025	2	2	6	6	1480	1480	513	513	314	314	7233	7233	4917	4917	7624	7624	11456	11456	12677	12677	30	30	17	17	8442	8442	3162	3162	76	76	67	67	119	119	1	1	16	16	199	199	973	973	1607	1607	48	48	989	989	5	5	3	3	45	45	26	26	3576	3576	2233	2233	3724	3724	1140	1140	2129	2129	54	54	14879	14879	2691	2691	4121	4121	8729	8729	28034	28034	24177	24177	32	32	489	489	582	582	489	489	100728	100728	11275	11275	31	31	50	50	9	9	195	195	262	262	64	64	416	416	168	168	500	500	451	451	207	207	486	486	261	261	487	487	79	79	4	4	61	61	116	116	77	77	104	104
IND00639	818	818	148	148	8188	8188	1558	1558	8161	8161	8807	8807	20	20	453	453	111	111	36	36	817	817	613	613	139	139	131	131	126	126	110	110	151	151	186	186	15	15	11	11	4	4	313	313	16	16	447	447	866	866	173	173	1049	1049	2991	2991	16	16	6	6	89916	89916	110235	110235	1067	1067	92	92	3	3	8	8	3203	3203	2469	2469	67	67	822	822	1042	1042	6347	6347	13926	13926	14998	14998	21	21	32	32	854	854	30271	30271	42	42	28	28	86	86	241	241	148	148	105	105	1712	1712	1417	1417	779	779	136	136	2	2	3	3	84	84	229	229	2366	2366	2008	2008	1313	1313	3297	3297	3668	3668	3404	3404	3257	3257	9441	9441	1950	1950	20383	20383	30554	30554	17655	17655	818	818	136	136	735	735	858	858	129373	129373	102819	102819	22	22	55	55	180	180	182	182	103	103	398	398	181	181	358	358	370	370	169	169	6	6	271	271	48	48	59	59	254	254	383	383	35	35	33	33	102	102	16	16
IND00640	587	587	996	996	16323	16323	444	444	3800	3800	7851	7851	339	339	448	448	36	36	109	109	1968	1968	666	666	245	245	58	58	118	118	18	18	20	20	184	184	7	7	15	15	330	330	303	303	129	129	354	354	1682	1682	1710	1710	1706	1706	3093	3093	4	4	24	24	43047	43047	90381	90381	297	297	1374	1374	6	6	8	8	3117	3117	3046	3046	5312	5312	6345	6345	7730	7730	6890	6890	9777	9777	4067	4067	12	12	23	23	27395	27395	22270	22270	39	39	69	69	246	246	28	28	221	221	30	30	444	444	435	435	721	721	182	182	2	2	7	7	206	206	85	85	5280	5280	4417	4417	529	529	153	153	457	457	454	454	12909	12909	9075	9075	24430	24430	4670	4670	8913	8913	21210	21210	683	683	376	376	491	491	1023	1023	99239	99239	33094	33094	36	36	11	11	154	154	216	216	209	209	92	92	472	472	157	157	242	242	455	455	502	502	202	202	427	427	318	318	18	18	1945	1945	117	117	12	12	125	125	170	170
IND00641	839	839	334	334	5	5	2950	2950	9116	9116	1393	1393	407	407	311	311	67	67	76	76	1559	1559	1252	1252	50	50	102	102	90	90	29	29	47	47	116	116	7	7	12	12	232	232	259	259	249	249	138	138	746	746	157	157	3002	3002	1847	1847	25	25	2	2	1996	1996	100438	100438	328	328	1859	1859	3	3	1	1	267	267	3905	3905	6471	6471	3701	3701	5547	5547	2450	2450	8364	8364	499	499	12	12	5	5	18731	18731	29398	29398	112	112	125	125	3	3	185	185	107	107	99	99	732	732	1677	1677	417	417	136	136	4	4	8	8	211	211	242	242	7387	7387	2281	2281	57	57	472	472	518	518	4018	4018	18914	18914	10323	10323	23149	23149	10380	10380	2292	2292	10276	10276	1011	1011	800	800	722	722	4	4	128316	128316	71335	71335	32	32	10	10	178	178	209	209	451	451	86	86	1	1	398	398	187	187	385	385	479	479	473	473	400	400	36	36	902	902	598	598	36	36	83	83	180	180	27	27
IND00642	858	858	725	725	12506	12506	1894	1894	4302	4302	12710	12710	323	323	198	198	122	122	58	58	1140	1140	719	719	81	81	71	71	128	128	3	3	223	223	23	23	1	1	7	7	73	73	488	488	170	170	366	366	1988	1988	336	336	1631	1631	3962	3962	9	9	25	25	66104	66104	85564	85564	863	863	1335	1335	7	7	2	2	2746	2746	2419	2419	6051	6051	3572	3572	3535	3535	7911	7911	16190	16190	7321	7321	28	28	30	30	29513	29513	10640	10640	72	72	11	11	35	35	207	207	214	214	57	57	1050	1050	1720	1720	551	551	659	659	2	2	1	1	118	118	109	109	8025	8025	5966	5966	2355	2355	644	644	79	79	3636	3636	10721	10721	24019	24019	12989	12989	393	393	29268	29268	26002	26002	691	691	160	160	352	352	339	339	98141	98141	69402	69402	20	20	13	13	240	240	236	236	457	457	512	512	492	492	433	433	51	51	219	219	480	480	251	251	480	480	435	435	1537	1537	1943	1943	114	114	59	59	39	39	165	165
IND00643	123	123	331	331	5562	5562	9356	9356	1399	1399	13940	13940	289	289	355	355	6	6	85	85	1937	1937	767	767	120	120	90	90	36	36	81	81	182	182	242	242	11	11	2	2	78	78	363	363	449	449	62	62	1582	1582	439	439	3342	3342	492	492	7	7	31	31	15938	15938	89423	89423	1718	1718	1494	1494	8	8	2	2	725	725	3579	3579	5433	5433	7883	7883	4944	4944	2962	2962	542	542	11293	11293	14	14	5	5	32088	32088	11050	11050	32	32	11	11	75	75	57	57	39	39	197	197	745	745	1176	1176	470	470	317	317	5	5	8	8	177	177	241	241	6245	6245	3995	3995	2972	2972	2727	2727	3411	3411	2547	2547	1952	1952	14302	14302	15220	15220	26634	26634	9415	9415	27839	27839	78	78	310	310	989	989	163	163	55198	55198	15227	15227	8	8	62	62	43	43	94	94	241	241	472	472	398	398	28	28	191	191	444	444	188	188	301	301	347	347	153	153	545	545	1444	1444	74	74	20	20	152	152	54	54
IND00644	957	957	945	945	14116	14116	6663	6663	14912	14912	12721	12721	239	239	176	176	105	105	21	21	1165	1165	1106	1106	238	238	19	19	57	57	6	6	113	113	160	160	1	1	5	5	34	34	226	226	301	301	300	300	890	890	360	360	3887	3887	1193	1193	15	15	13	13	104721	104721	68348	68348	1533	1533	92	92	1	1	3	3	3962	3962	2292	2292	1002	1002	8139	8139	7456	7456	787	787	15176	15176	3505	3505	18	18	27	27	26205	26205	20852	20852	122	122	47	47	116	116	196	196	182	182	172	172	1101	1101	1029	1029	205	205	932	932	2	2	4	4	141	141	159	159	7838	7838	6325	6325	2353	2353	2159	2159	3292	3292	3133	3133	31892	31892	19489	19489	18236	18236	14011	14011	25072	25072	10481	10481	388	388	260	260	549	549	183	183	15820	15820	44460	44460	35	35	46	46	34	34	90	90	303	303	432	432	211	211	500	500	158	158	242	242	457	457	370	370	419	419	147	147	308	308	1230	1230	8	8	109	109	66	66	54	54
IND00645	788	788	262	262	8505	8505	893	893	2034	2034	1	1	406	406	199	199	79	79	38	38	1656	1656	1387	1387	90	90	40	40	119	119	4	4	31	31	212	212	2	2	14	14	260	260	464	464	246	246	116	116	276	276	138	138	82	82	2362	2362	10	10	15	15	105779	105779	97341	97341	897	897	220	220	2	2	1	1	1375	1375	4016	4016	758	758	7630	7630	134	134	4530	4530	3453	3453	13395	13395	19	19	26	26	22677	22677	20790	20790	51	51	72	72	114	114	89	89	129	129	10	10	627	627	1194	1194	151	151	607	607	6	6	6	6	120	120	223	223	1772	1772	6999	6999	4042	4042	4070	4070	1991	1991	2469	2469	6220	6220	17460	17460	18728	18728	3910	3910	7000	7000	2765	2765	825	825	626	626	283	283	23	23	26539	26539	96832	96832	62	62	20	20	17	17	124	124	171	171	253	253	315	315	77	77	33	33	17	17	364	364	389	389	449	449	471	471	32	32	26	26	8	8	82	82	91	91	203	203
IND00646	27	27	177	177	5946	5946	15077	15077	3510	3510	8478	8478	449	449	6	6	50	50	79	79	529	529	1628	1628	173	173	174	174	43	43	12	12	76	76	112	112	14	14	8	8	294	294	195	195	348	348	136	136	1855	1855	1462	1462	1254	1254	726	726	29	29	1	1	107284	107284	103276	103276	1729	1729	32	32	8	8	6	6	1295	1295	3589	3589	7389	7389	5956	5956	2920	2920	3224	3224	14885	14885	2428	2428	10	10	11	11	7093	7093	21611	21611	124	124	113	113	39	39	234	234	38	38	2	2	1225	1225	1290	1290	926	926	686	686	5	5	6	6	132	132	30	30	11	11	2529	2529	4094	4094	2032	2032	3725	3725	3069	3069	11264	11264	30617	30617	15987	15987	882	882	12058	12058	27066	27066	857	857	619	619	274	274	238	238	18616	18616	52582	52582	21	21	7	7	134	134	64	64	106	106	261	261	430	430	231	231	61	61	261	261	58	58	227	227	192	192	253	253	1533	1533	418	418	82	82	109	109	175	175	180	180
IND00647	410	410	203	203	12659	12659	11591	11591	3807	3807	8316	8316	38	38	40	40	16	16	107	107	210	210	1676	1676	110	110	33	33	110	110	36	36	80	80	152	152	15	15	12	12	25	25	313	313	24	24	387	387	221	221	518	518	1016	1016	2336	2336	18	18	12	12	91016	91016	17075	17075	449	449	605	605	6	6	6	6	3092	3092	2286	2286	2000	2000	6755	6755	5775	5775	2106	2106	7543	7543	3204	3204	17	17	20	20	24813	24813	27391	27391	111	111	82	82	117	117	226	226	230	230	2	2	314	314	652	652	482	482	204	204	8	8	8	8	43	43	90	90	1619	1619	1664	1664	2698	2698	1003	1003	781	781	1613	1613	15154	15154	29803	29803	6966	6966	2798	2798	16755	16755	32510	32510	612	612	393	393	663	663	361	361	17091	17091	21055	21055	60	60	27	27	172	172	48	48	454	454	304	304	322	322	479	479	458	458	177	177	424	424	123	123	63	63	21	21	1924	1924	892	892	46	46	86	86	98	98	135	135
IND00648	314	314	306	306	1619	1619	1870	1870	7119	7119	10481	10481	340	340	63	63	66	66	56	56	180	180	129	129	157	157	239	239	102	102	100	100	1	1	150	150	16	16	15	15	345	345	270	270	58	58	88	88	1710	1710	1800	1800	3845	3845	3853	3853	5	5	15	15	117210	117210	124890	124890	1702	1702	367	367	5	5	1	1	2259	2259	3722	3722	5005	5005	7449	7449	8080	8080	220	220	10093	10093	5719	5719	28	28	14	14	20542	20542	7152	7152	64	64	7	7	219	219	217	217	65	65	48	48	832	832	1569	1569	874	874	931	931	7	7	2	2	227	227	24	24	6302	6302	603	603	2283	2283	3622	3622	3279	3279	2430	2430	24230	24230	3618	3618	28106	28106	1139	1139	8474	8474	32731	32731	67	67	210	210	873	873	694	694	9476	9476	80119	80119	7	7	36	36	188	188	150	150	248	248	41	41	301	301	118	118	234	234	405	405	369	369	83	83	176	176	94	94	1482	1482	1711	1711	51	51	6	6	25	25	73	73
IND00649	731	731	558	558	12350	12350	10404	10404	8112	8112	7992	7992	257	257	446	446	19	19	98	98	726	726	503	503	179	179	183	183	29	29	7	7	211	211	103	103	14	14	15	15	308	308	192	192	305	305	470	470	470	470	583	583	2214	2214	398	398	31	31	4	4	130982	130982	58813	58813	210	210	1641	1641	1	1	8	8	1748	1748	444	444	6556	6556	5186	5186	4539	4539	1300	1300	3539	3539	4253	4253	27	27	20	20	16916	16916	10101	10101	70	70	75	75	95	95	203	203	78	78	138	138	660	660	1581	1581	71	71	577	577	6	6	8	8	240	240	184	184	3232	3232	3019	3019	2307	2307	2956	2956	137	137	344	344	1218	1218	1997	1997	24507	24507	449	449	18478	18478	26129	26129	577	577	592	592	586	586	967	967	93821	93821	60977	60977	30	30	57	57	174	174	149	149	244	244	41	41	453	453	456	456	410	410	33	33	166	166	141	141	474	474	305	305	45	45	1081	1081	7	7	117	117	19	19	200	200
IND00650	793	793	185	185	13139	13139	5648	5648	826	826	3604	3604	95	95	180	180	3	3	87	87	905	905	1155	1155	30	30	83	83	120	120	8	8	29	29	61	61	3	3	1	1	415	415	238	238	48	48	314	314	1633	1633	1739	1739	597	597	3560	3560	6	6	24	24	50472	50472	21380	21380	69	69	1800	1800	7	7	5	5	369	369	2766	2766	1760	1760	2487	2487	4607	4607	4397	4397	8276	8276	14271	14271	26	26	9	9	29238	29238	14662	14662	83	83	6	6	217	217	194	194	201	201	144	144	836	836	565	565	64	64	316	316	8	8	6	6	249	249	136	136	7643	7643	5913	5913	529	529	1699	1699	3473	3473	2377	2377	6446	6446	6591	6591	5547	5547	27142	27142	9313	9313	18800	18800	452	452	108	108	725	725	505	505	51203	51203	106747	106747	19	19	53	53	201	201	231	231	172	172	129	129	204	204	403	403	47	47	503	503	54	54	137	137	364	364	261	261	1328	1328	1147	1147	82	82	81	81	195	195	179	179
IND00651	822	822	119	119	9688	9688	9843	9843	6808	6808	8645	8645	114	114	54	54	101	101	13	13	771	771	262	262	256	256	94	94	74	74	10	10	155	155	12	12	9	9	12	12	353	353	158	158	405	405	12	12	1024	1024	768	768	157	157	412	412	5	5	8	8	115038	115038	108963	108963	1200	1200	1215	1215	7	7	6	6	2723	2723	2912	2912	2372	2372	2042	2042	637	637	4499	4499	3995	3995	12312	12312	28	28	9	9	32108	32108	28041	28041	77	77	49	49	25	25	19	19	66	66	18	18	2030	2030	178	178	882	882	429	429	2	2	3	3	130	130	45	45	1562	1562	351	351	3220	3220	169	169	991	991	1951	1951	28278	28278	22375	22375	25170	25170	9821	9821	6103	6103	20432	20432	254	254	729	729	441	441	132	132	19786	19786	24370	24370	17	17	46	46	100	100	18	18	53	53	154	154	53	53	235	235	413	413	339	339	323	323	342	342	397	397	345	345	442	442	1358	1358	81	81	82	82	147	147	217	217
IND00652	279	279	781	781	1597	1597	5782	5782	15741	15741	11711	11711	197	197	58	58	9	9	39	39	234	234	1131	1131	130	130	233	233	27	27	62	62	209	209	28	28	5	5	13	13	222	222	386	386	475	475	81	81	2046	2046	1434	1434	2384	2384	1907	1907	5	5	18	18	50535	50535	12044	12044	1001	1001	2003	2003	4	4	7	7	3238	3238	756	756	7341	7341	5831	5831	1289	1289	2727	2727	8674	8674	11155	11155	19	19	5	5	10014	10014	11057	11057	112	112	71	71	255	255	59	59	254	254	35	35	328	328	1505	1505	846	846	411	411	5	5	4	4	225	225	160	160	2519	2519	7720	7720	3061	3061	1582	1582	809	809	865	865	13183	13183	28748	28748	8491	8491	3586	3586	24113	24113	23175	23175	188	188	726	726	693	693	986	986	114130	114130	126925	126925	15	15	27	27	173	173	99	99	432	432	506	506	64	64	57	57	56	56	186	186	409	409	463	463	71	71	493	493	102	102	1774	1774	40	40	35	35	249	249	57	57
IND00653	475	475	586	586	1995	1995	1372	1372	9574	9574	12079	12079	480	480	490	490	118	118	123	123	430	430	1566	1566	207	207	47	47	116	116	75	75	76	76	15	15	7	7	13	13	448	448	124	124	490	490	368	368	646	646	570	570	3743	3743	3027	3027	6	6	14	14	94113	94113	128959	128959	1012	1012	1048	1048	3	3	5	5	2613	2613	3798	3798	2272	2272	795	795	556	556	7046	7046	4401	4401	2554	2554	26	26	20	20	4599	4599	16444	16444	6	6	119	119	112	112	13	13	48	48	133	133	1018	1018	1911	1911	456	456	468	468	6	6	1	1	206	206	108	108	7289	7289	1166	1166	1805	1805	1809	1809	906	906	826	826	29011	29011	23279	23279	5665	5665	8114	8114	10056	10056	6232	6232	100	100	460	460	170	170	811	811	51731	51731	129358	129358	22	22	7	7	222	222	9	9	265	265	432	432	185	185	193	193	100	100	26	26	162	162	312	312	433	433	48	48	1282	1282	1417	1417	16	16	30	30	164	164	233	233
IND00654	908	908	467	467	9459	9459	3941	3941	6669	6669	13406	13406	52	52	328	328	74	74	31	31	74	74	798	798	42	42	74	74	39	39	83	83	128	128	131	131	14	14	1	1	193	193	122	122	270	270	432	432	1572	1572	305	305	2291	2291	3807	3807	13	13	25	25	12906	12906	128168	128168	396	396	350	350	3	3	8	8	3620	3620	3776	3776	387	387	3846	3846	1239	1239	7825	7825	11510	11510	4296	4296	8	8	6	6	1082	1082	22951	22951	74	74	83	83	188	188	208	208	155	155	97	97	916	916	1353	1353	503	503	854	854	4	4	3	3	17	17	156	156	2021	2021	7258	7258	333	333	2516	2516	2640	2640	4055	4055	31490	31490	5353	5353	30273	30273	15844	15844	25967	25967	4737	4737	287	287	210	210	136	136	471	471	11587	11587	21725	21725	3	3	18	18	153	153	71	71	33	33	349	349	369	369	335	335	74	74	156	156	163	163	231	231	133	133	383	383	687	687	857	857	28	28	99	99	32	32	48	48
IND00655	894	894	356	356	7147	7147	4104	4104	15060	15060	4011	4011	403	403	237	237	72	72	25	25	614	614	263	263	243	243	10	10	95	95	116	116	148	148	248	248	13	13	14	14	2	2	468	468	464	464	7	7	783	783	860	860	3846	3846	2230	2230	24	24	10	10	115229	115229	114162	114162	188	188	439	439	6	6	4	4	10	10	1345	1345	5967	5967	2516	2516	4688	4688	1559	1559	809	809	8244	8244	28	28	26	26	18259	18259	25431	25431	30	30	112	112	159	159	45	45	67	67	221	221	1391	1391	1856	1856	226	226	535	535	4	4	4	4	213	213	176	176	3306	3306	2961	2961	1040	1040	3431	3431	752	752	1568	1568	1250	1250	10985	10985	1784	1784	18610	18610	13485	13485	29858	29858	99	99	992	992	589	589	1016	1016	70700	70700	54845	54845	58	58	6	6	96	96	140	140	109	109	176	176	2	2	106	106	500	500	180	180	412	412	352	352	239	239	417	417	1328	1328	1628	1628	126	126	74	74	61	61	49	49
IND00656	662	662	947	947	3861	3861	8185	8185	9800	9800	6152	6152	287	287	10	10	97	97	8	8	873	873	708	708	228	228	144	144	121	121	32	32	198	198	141	141	6	6	14	14	302	302	504	504	232	232	22	22	1005	1005	1764	1764	409	409	1873	1873	30	30	15	15	62484	62484	7999	7999	1441	1441	1614	1614	8	8	5	5	408	408	2571	2571	7352	7352	120	120	5355	5355	4495	4495	7023	7023	6344	6344	8	8	17	17	15387	15387	1283	1283	32	32	7	7	52	52	110	110	36	36	25	25	210	210	1668	1668	336	336	178	178	8	8	6	6	161	161	143	143	475	475	5908	5908	3232	3232	1669	1669	4051	4051	3489	3489	5210	5210	30975	30975	22806	22806	32412	32412	23064	23064	30828	30828	267	267	482	482	846	846	365	365	44167	44167	69209	69209	8	8	56	56	55	55	155	155	318	318	392	392	98	98	313	313	4	4	323	323	1	1	339	339	6	6	284	284	372	372	1900	1900	56	56	17	17	212	212	75	75
IND00657	129	129	944	944	12190	12190	858	858	6018	6018	12340	12340	408	408	232	232	14	14	49	49	1690	1690	2006	2006	211	211	208	208	49	49	9	9	195	195	147	147	10	10	6	6	472	472	31	31	461	461	252	252	997	997	596	596	2732	2732	1703	1703	10	10	15	15	52691	52691	74738	74738	675	675	1731	1731	5	5	2	2	681	681	2304	2304	8143	8143	334	334	2415	2415	4793	4793	14304	14304	4692	4692	17	17	16	16	20346	20346	19698	19698	104	104	20	20	106	106	117	117	136	136	104	104	1107	1107	926	926	428	428	925	925	6	6	5	5	255	255	99	99	4894	4894	5910	5910	3202	3202	3662	3662	2703	2703	2315	2315	13576	13576	14376	14376	8386	8386	28050	28050	30497	30497	12531	12531	20	20	876	876	423	423	262	262	1896	1896	108	108	11	11	18	18	32	32	2	2	413	413	43	43	247	247	341	341	48	48	408	408	253	253	121	121	432	432	92	92	833	833	1488	1488	17	17	100	100	6	6	55	55
IND00658	103	103	384	384	4275	4275	12522	12522	5861	5861	9995	9995	301	301	316	316	50	50	106	106	1712	1712	1203	1203	188	188	48	48	31	31	29	29	60	60	153	153	3	3	2	2	340	340	354	354	285	285	413	413	1737	1737	626	626	1344	1344	3385	3385	30	30	8	8	92266	92266	118699	118699	418	418	1002	1002	1	1	5	5	801	801	3500	3500	3684	3684	4365	4365	6756	6756	1639	1639	15311	15311	4881	4881	18	18	2	2	1187	1187	2005	2005	1	1	40	40	87	87	3	3	34	34	154	154	69	69	1174	1174	277	277	626	626	1	1	5	5	191	191	179	179	2053	2053	6180	6180	444	444	199	199	2351	2351	3433	3433	12947	12947	29588	29588	31555	31555	20035	20035	29126	29126	6041	6041	798	798	931	931	123	123	216	216	30098	30098	46542	46542	63	63	61	61	218	218	180	180	65	65	222	222	200	200	396	396	233	233	147	147	42	42	469	469	201	201	220	220	904	904	851	851	91	91	33	33	13	13	2	2
IND00659	414	414	522	522	14054	14054	7224	7224	3519	3519	2111	2111	180	180	139	139	46	46	82	82	1176	1176	422	422	216	216	15	15	69	69	60	60	10	10	112	112	16	16	1	1	443	443	363	363	102	102	336	336	97	97	909	909	3719	3719	1768	1768	32	32	32	32	82730	82730	3173	3173	623	623	44	44	1	1	4	4	2314	2314	912	912	7270	7270	7948	7948	7431	7431	6012	6012	3404	3404	9344	9344	10	10	21	21	11213	11213	11660	11660	46	46	49	49	3	3	40	40	200	200	90	90	227	227	1127	1127	764	764	368	368	8	8	6	6	219	219	203	203	2711	2711	8093	8093	2989	2989	4037	4037	2630	2630	545	545	7784	7784	1226	1226	4923	4923	17465	17465	23485	23485	21128	21128	614	614	333	333	861	861	48	48	5436	5436	125065	125065	60	60	48	48	75	75	120	120	42	42	36	36	389	389	154	154	268	268	158	158	35	35	229	229	233	233	83	83	354	354	6	6	58	58	26	26	119	119	237	237
IND00660	770	770	203	203	8875	8875	12974	12974	3067	3067	3670	3670	293	293	159	159	104	104	121	121	45	45	742	742	71	71	21	21	71	71	7	7	231	231	165	165	6	6	12	12	349	349	64	64	331	331	485	485	860	860	957	957	2196	2196	2802	2802	8	8	28	28	117931	117931	89007	89007	1930	1930	1600	1600	6	6	4	4	1875	1875	2553	2553	6099	6099	4351	4351	4835	4835	1526	1526	4040	4040	4626	4626	13	13	6	6	28322	28322	18530	18530	37	37	72	72	15	15	243	243	154	154	108	108	512	512	896	896	597	597	966	966	5	5	4	4	62	62	153	153	1008	1008	4652	4652	2723	2723	1685	1685	2661	2661	3085	3085	32542	32542	7956	7956	7604	7604	25606	25606	31840	31840	20345	20345	940	940	489	489	456	456	970	970	47449	47449	104872	104872	37	37	37	37	86	86	122	122	412	412	97	97	508	508	379	379	145	145	494	494	311	311	150	150	97	97	72	72	138	138	1801	1801	107	107	77	77	200	200	186	186
IND00661	401	401	25	25	136	136	3820	3820	12139	12139	8365	8365	257	257	190	190	43	43	75	75	465	465	2007	2007	10	10	181	181	23	23	48	48	217	217	142	142	3	3	15	15	364	364	207	207	230	230	177	177	463	463	596	596	3612	3612	1590	1590	9	9	11	11	65925	65925	68195	68195	1376	1376	1442	1442	4	4	7	7	2189	2189	4084	4084	2288	2288	5618	5618	4277	4277	1189	1189	8496	8496	10510	10510	17	17	17	17	17509	17509	21869	21869	87	87	66	66	108	108	81	81	133	133	69	69	1958	1958	961	961	50	50	553	553	7	7	3	3	43	43	82	82	1804	1804	2564	2564	732	732	1030	1030	1150	1150	587	587	28244	28244	686	686	12693	12693	13243	13243	1518	1518	103	103	879	879	702	702	507	507	49	49	6408	6408	41951	41951	20	20	57	57	146	146	160	160	353	353	25	25	321	321	36	36	246	246	243	243	512	512	63	63	333	333	35	35	1971	1971	1735	1735	47	47	58	58	12	12	133	133
IND00662	1006	1006	645	645	11886	11886	440	440	3781	3781	4200	4200	283	283	247	247	75	75	84	84	389	389	1160	1160	215	215	237	237	8	8	84	84	201	201	99	99	2	2	15	15	114	114	511	511	391	391	193	193	1556	1556	1335	1335	2396	2396	1268	1268	29	29	9	9	21251	21251	107951	107951	1521	1521	1507	1507	2	2	1	1	134	134	2490	2490	4905	4905	6277	6277	3946	3946	1190	1190	3554	3554	9250	9250	27	27	31	31	21379	21379	14189	14189	124	124	53	53	119	119	251	251	160	160	164	164	650	650	1665	1665	564	564	849	849	7	7	6	6	217	217	83	83	2833	2833	2628	2628	2938	2938	2617	2617	3025	3025	377	377	5169	5169	29479	29479	22824	22824	30791	30791	31433	31433	3224	3224	1022	1022	130	130	837	837	643	643	128247	128247	90340	90340	53	53	37	37	105	105	90	90	261	261	27	27	159	159	494	494	471	471	106	106	364	364	271	271	301	301	368	368	1012	1012	1372	1372	30	30	6	6	66	66	76	76
IND00663	234	234	442	442	10125	10125	2864	2864	3788	3788	13651	13651	480	480	157	157	29	29	120	120	31	31	1713	1713	169	169	75	75	82	82	51	51	250	250	170	170	13	13	13	13	103	103	57	57	311	311	124	124	360	360	680	680	2275	2275	292	292	16	16	30	30	33746	33746	28331	28331	1136	1136	332	332	8	8	1	1	1371	1371	3978	3978	4609	4609	5358	5358	6310	6310	12	12	13931	13931	9155	9155	15	15	17	17	5700	5700	22613	22613	107	107	80	80	73	73	126	126	125	125	143	143	1665	1665	1457	1457	704	704	398	398	2	2	8	8	9	9	250	250	7095	7095	5736	5736	2155	2155	1648	1648	169	169	315	315	32768	32768	27481	27481	242	242	66	66	30151	30151	22264	22264	227	227	631	631	692	692	103	103	31802	31802	92069	92069	49	49	46	46	59	59	119	119	275	275	425	425	108	108	213	213	121	121	411	411	82	82	488	488	462	462	58	58	1083	1083	1795	1795	98	98	59	59	42	42	28	28
IND00664	202	202	772	772	397	397	13259	13259	7029	7029	15909	15909	421	421	377	377	110	110	66	66	1252	1252	1370	1370	94	94	233	233	67	67	14	14	232	232	134	134	15	15	8	8	257	257	429	429	310	310	232	232	1674	1674	981	981	929	929	1976	1976	27	27	18	18	40798	40798	19753	19753	915	915	161	161	3	3	5	5	3361	3361	3059	3059	5203	5203	335	335	4217	4217	2700	2700	478	478	13414	13414	1	1	22	22	8931	8931	31366	31366	44	44	37	37	17	17	123	123	144	144	203	203	1147	1147	881	881	166	166	307	307	7	7	7	7	159	159	95	95	4062	4062	4754	4754	2652	2652	432	432	2214	2214	465	465	7610	7610	9928	9928	24597	24597	21855	21855	20666	20666	18189	18189	35	35	982	982	304	304	537	537	57360	57360	80768	80768	18	18	28	28	13	13	206	206	140	140	200	200	306	306	158	158	500	500	326	326	438	438	200	200	55	55	227	227	1442	1442	264	264	15	15	112	112	213	213	72	72
IND00665	451	451	437	437	865	865	6587	6587	12799	12799	954	954	21	21	87	87	56	56	59	59	2041	2041	1577	1577	192	192	131	131	65	65	28	28	93	93	180	180	11	11	15	15	11	11	443	443	423	423	438	438	1688	1688	1917	1917	3817	3817	1270	1270	19	19	16	16	94601	94601	71320	71320	1412	1412	236	236	8	8	6	6	2276	2276	2819	2819	3037	3037	3711	3711	7787	7787	3655	3655	7831	7831	10412	10412	26	26	9	9	8970	8970	23645	23645	64	64	76	76	159	159	42	42	196	196	101	101	2034	2034	1974	1974	323	323	90	90	6	6	3	3	249	249	44	44	3144	3144	3977	3977	1482	1482	54	54	2981	2981	3591	3591	13005	13005	28994	28994	9043	9043	2881	2881	5736	5736	13881	13881	51	51	226	226	10	10	448	448	96475	96475	59471	59471	25	25	32	32	233	233	80	80	418	418	255	255	465	465	119	119	377	377	426	426	41	41	418	418	268	268	480	480	721	721	957	957	91	91	55	55	16	16	210	210
IND00666	367	367	398	398	10424	10424	1775	1775	8175	8175	4698	4698	461	461	259	259	6	6	59	59	446	446	601	601	97	97	135	135	44	44	93	93	53	53	224	224	10	10	9	9	203	203	291	291	206	206	181	181	1767	1767	1624	1624	2100	2100	3228	3228	18	18	25	25	68313	68313	86695	86695	1278	1278	1020	1020	4	4	5	5	526	526	657	657	1283	1283	397	397	8157	8157	3903	3903	260	260	12550	12550	19	19	22	22	12702	12702	25325	25325	75	75	99	99	179	179	164	164	160	160	14	14	1990	1990	1617	1617	178	178	919	919	5	5	6	6	113	113	75	75	833	833	554	554	1191	1191	3758	3758	2546	2546	1775	1775	28711	28711	423	423	12552	12552	25616	25616	6790	6790	11461	11461	386	386	969	969	915	915	135	135	86168	86168	113967	113967	18	18	6	6	174	174	248	248	346	346	453	453	409	409	291	291	453	453	94	94	207	207	201	201	38	38	506	506	1191	1191	794	794	125	125	75	75	71	71	173	173
IND00667	403	403	196	196	11805	11805	2945	2945	9841	9841	7190	7190	162	162	288	288	107	107	110	110	1683	1683	1539	1539	184	184	91	91	27	27	16	16	225	225	201	201	4	4	10	10	453	453	462	462	485	485	335	335	1976	1976	480	480	2638	2638	2542	2542	24	24	14	14	41730	41730	67911	67911	1636	1636	899	899	5	5	7	7	2800	2800	2000	2000	6831	6831	5538	5538	1589	1589	4608	4608	15250	15250	3750	3750	29	29	12	12	30009	30009	21146	21146	89	89	92	92	235	235	187	187	226	226	74	74	865	865	204	204	55	55	946	946	2	2	7	7	224	224	229	229	7630	7630	7111	7111	3264	3264	2691	2691	131	131	3791	3791	9109	9109	2621	2621	7267	7267	22255	22255	3584	3584	8470	8470	736	736	596	596	737	737	798	798	30579	30579	73886	73886	22	22	41	41	250	250	200	200	49	49	276	276	85	85	409	409	94	94	316	316	276	276	182	182	124	124	228	228	1156	1156	1763	1763	128	128	51	51	160	160	159	159
IND00668	507	507	781	781	1766	1766	5220	5220	16053	16053	5755	5755	200	200	119	119	18	18	42	42	1998	1998	1618	1618	1	1	83	83	41	41	13	13	97	97	1	1	4	4	12	12	342	342	58	58	1	1	435	435	1447	1447	1904	1904	349	349	3330	3330	25	25	6	6	95851	95851	44935	44935	1869	1869	474	474	1	1	8	8	4063	4063	3506	3506	3951	3951	3510	3510	3800	3800	5613	5613	11853	11853	8213	8213	27	27	21	21	4720	4720	23112	23112	91	91	32	32	182	182	12	12	237	237	142	142	1483	1483	447	447	613	613	267	267	4	4	5	5	109	109	60	60	4926	4926	85	85	1780	1780	3106	3106	31	31	896	896	17221	17221	32324	32324	28503	28503	17596	17596	22007	22007	1781	1781	53	53	615	615	62	62	899	899	8920	8920	124989	124989	27	27	24	24	248	248	166	166	366	366	508	508	341	341	311	311	477	477	104	104	104	104	275	275	492	492	333	333	769	769	1546	1546	78	78	7	7	47	47	121	121
IND00669	245	245	47	47	13641	13641	8764	8764	13378	13378	4543	4543	422	422	305	305	14	14	13	13	686	686	1571	1571	194	194	172	172	86	86	6	6	125	125	110	110	1	1	11	11	208	208	296	296	315	315	121	121	323	323	1043	1043	2299	2299	492	492	4	4	1	1	71225	71225	35844	35844	1984	1984	1201	1201	5	5	5	5	2903	2903	14	14	6722	6722	6119	6119	382	382	2873	2873	4614	4614	573	573	4	4	22	22	26640	26640	7437	7437	112	112	91	91	203	203	233	233	170	170	49	49	1730	1730	191	191	134	134	151	151	4	4	5	5	186	186	185	185	7947	7947	3892	3892	3688	3688	1968	1968	2903	2903	534	534	28730	28730	27234	27234	24292	24292	3559	3559	3353	3353	6384	6384	328	328	176	176	343	343	697	697	35350	35350	101270	101270	31	31	60	60	105	105	203	203	507	507	386	386	142	142	323	323	299	299	385	385	511	511	492	492	45	45	504	504	1817	1817	322	322	37	37	28	28	135	135	191	191
IND00670	130	130	969	969	2846	2846	7918	7918	5711	5711	1536	1536	370	370	349	349	95	95	106	106	1987	1987	1077	1077	62	62	107	107	127	127	13	13	217	217	217	217	9	9	3	3	408	408	250	250	240	240	378	378	333	333	2	2	292	292	924	924	2	2	17	17	119324	119324	118662	118662	1514	1514	927	927	8	8	2	2	1149	1149	435	435	5217	5217	3203	3203	1392	1392	6618	6618	10084	10084	10240	10240	30	30	9	9	6681	6681	15844	15844	78	78	86	86	25	25	88	88	208	208	203	203	1444	1444	707	707	249	249	148	148	8	8	8	8	137	137	163	163	3394	3394	3449	3449	2558	2558	3065	3065	3636	3636	3647	3647	13691	13691	4250	4250	12071	12071	20550	20550	3088	3088	8821	8821	552	552	54	54	941	941	880	880	70322	70322	43465	43465	6	6	33	33	19	19	104	104	269	269	81	81	300	300	53	53	465	465	388	388	194	194	384	384	165	165	291	291	303	303	741	741	89	89	43	43	89	89	22	22
IND00671	469	469	207	207	1410	1410	7730	7730	12092	12092	13813	13813	124	124	66	66	90	90	73	73	1274	1274	186	186	167	167	230	230	59	59	124	124	245	245	49	49	11	11	11	11	461	461	363	363	336	336	56	56	1586	1586	1919	1919	856	856	2359	2359	32	32	16	16	98319	98319	20076	20076	1564	1564	1643	1643	4	4	1	1	1748	1748	1983	1983	41	41	7958	7958	1475	1475	2142	2142	2808	2808	3189	3189	27	27	31	31	15790	15790	7883	7883	43	43	9	9	84	84	91	91	213	213	61	61	982	982	1297	1297	4	4	492	492	6	6	7	7	206	206	176	176	1614	1614	1112	1112	2431	2431	976	976	1089	1089	629	629	7098	7098	29176	29176	12695	12695	2612	2612	12179	12179	21198	21198	232	232	984	984	915	915	297	297	19032	19032	27526	27526	59	59	24	24	253	253	144	144	409	409	177	177	192	192	408	408	46	46	472	472	300	300	307	307	119	119	103	103	1535	1535	1263	1263	46	46	16	16	73	73	251	251
IND00672	664	664	915	915	15188	15188	6740	6740	12508	12508	14582	14582	1	1	124	124	15	15	73	73	781	781	538	538	41	41	70	70	86	86	106	106	158	158	147	147	11	11	16	16	476	476	412	412	114	114	109	109	641	641	485	485	71	71	1737	1737	30	30	5	5	15159	15159	35674	35674	233	233	393	393	5	5	7	7	2372	2372	1314	1314	5748	5748	7020	7020	3524	3524	6371	6371	8966	8966	3797	3797	25	25	24	24	21162	21162	12339	12339	97	97	114	114	74	74	78	78	208	208	78	78	746	746	870	870	113	113	678	678	2	2	8	8	90	90	165	165	6427	6427	770	770	139	139	494	494	427	427	1559	1559	24994	24994	15466	15466	670	670	7334	7334	2241	2241	19948	19948	196	196	93	93	871	871	822	822	116340	116340	86927	86927	48	48	42	42	150	150	191	191	228	228	29	29	252	252	361	361	435	435	245	245	13	13	121	121	118	118	43	43	1625	1625	822	822	30	30	124	124	117	117	217	217
IND00673	182	182	443	443	16353	16353	15947	15947	11126	11126	12432	12432	261	261	411	411	50	50	116	116	1113	1113	1279	1279	190	190	186	186	122	122	53	53	240	240	248	248	6	6	5	5	373	373	324	324	251	251	175	175	588	588	224	224	438	438	3843	3843	20	20	29	29	111449	111449	72650	72650	1972	1972	1934	1934	4	4	4	4	3354	3354	3480	3480	5405	5405	6718	6718	323	323	2652	2652	9351	9351	12348	12348	10	10	31	31	18458	18458	11242	11242	54	54	112	112	71	71	98	98	143	143	65	65	1511	1511	1742	1742	310	310	531	531	5	5	3	3	206	206	91	91	708	708	7058	7058	2821	2821	1959	1959	910	910	1503	1503	11417	11417	12173	12173	25309	25309	28179	28179	21205	21205	23664	23664	791	791	173	173	821	821	483	483	56674	56674	129975	129975	53	53	62	62	84	84	25	25	324	324	141	141	249	249	29	29	234	234	229	229	93	93	239	239	497	497	184	184	1195	1195	1190	1190	68	68	46	46	204	204	105	105
IND00674	740	740	834	834	15558	15558	6686	6686	11054	11054	15132	15132	164	164	461	461	115	115	6	6	660	660	477	477	19	19	108	108	79	79	108	108	44	44	210	210	8	8	13	13	152	152	99	99	136	136	314	314	955	955	826	826	1855	1855	3183	3183	24	24	23	23	78998	78998	42836	42836	1001	1001	665	665	7	7	8	8	1511	1511	3193	3193	7362	7362	4820	4820	4421	4421	3155	3155	6497	6497	12238	12238	23	23	31	31	12338	12338	10103	10103	65	65	43	43	58	58	229	229	77	77	161	161	1966	1966	356	356	99	99	358	358	1	1	2	2	214	214	76	76	4189	4189	5317	5317	2903	2903	4072	4072	1837	1837	1829	1829	3299	3299	16220	16220	5245	5245	26547	26547	31630	31630	2323	2323	467	467	216	216	742	742	83	83	86848	86848	39365	39365	41	41	40	40	118	118	216	216	329	329	279	279	288	288	15	15	102	102	32	32	361	361	268	268	499	499	316	316	1721	1721	1719	1719	92	92	23	23	145	145	22	22
IND00675	182	182	405	405	10527	10527	15039	15039	6037	6037	9405	9405	321	321	488	488	86	86	117	117	542	542	1784	1784	157	157	142	142	4	4	9	9	12	12	67	67	3	3	13	13	486	486	171	171	415	415	207	207	1793	1793	59	59	3459	3459	4027	4027	27	27	29	29	97146	97146	70890	70890	661	661	283	283	4	4	6	6	3505	3505	2240	2240	628	628	3796	3796	6969	6969	18	18	9907	9907	8728	8728	23	23	2	2	4638	4638	21345	21345	23	23	23	23	231	231	200	200	107	107	132	132	1472	1472	674	674	237	237	826	826	8	8	1	1	30	30	144	144	2987	2987	8119	8119	3706	3706	2662	2662	2909	2909	835	835	14071	14071	10372	10372	23837	23837	24878	24878	784	784	18385	18385	373	373	238	238	278	278	75	75	29289	29289	96104	96104	4	4	60	60	120	120	215	215	309	309	346	346	395	395	163	163	147	147	233	233	220	220	174	174	386	386	26	26	1412	1412	649	649	99	99	18	18	89	89	28	28
IND00676	336	336	739	739	14417	14417	9061	9061	7877	7877	5275	5275	111	111	391	391	128	128	71	71	1438	1438	310	310	190	190	33	33	61	61	9	9	236	236	67	67	5	5	8	8	275	275	313	313	19	19	347	347	874	874	252	252	1586	1586	2759	2759	20	20	8	8	20828	20828	82979	82979	662	662	618	618	3	3	2	2	3196	3196	630	630	2376	2376	5479	5479	3022	3022	3026	3026	6410	6410	13144	13144	1	1	4	4	28693	28693	1738	1738	75	75	35	35	5	5	223	223	133	133	53	53	839	839	771	771	117	117	653	653	2	2	5	5	54	54	19	19	1243	1243	5776	5776	2296	2296	638	638	3222	3222	2273	2273	2938	2938	18011	18011	32306	32306	25632	25632	14842	14842	14343	14343	503	503	981	981	259	259	653	653	126553	126553	110118	110118	64	64	1	1	205	205	213	213	217	217	350	350	322	322	262	262	68	68	358	358	407	407	247	247	266	266	151	151	1297	1297	878	878	50	50	93	93	194	194	166	166
IND00677	184	184	449	449	1698	1698	562	562	1285	1285	13651	13651	368	368	424	424	65	65	4	4	390	390	63	63	186	186	225	225	93	93	33	33	92	92	59	59	10	10	3	3	189	189	474	474	134	134	366	366	1789	1789	125	125	2194	2194	1718	1718	20	20	8	8	120	120	96504	96504	1974	1974	1660	1660	8	8	5	5	2656	2656	1281	1281	2787	2787	7882	7882	6609	6609	833	833	12155	12155	13111	13111	4	4	10	10	28874	28874	17750	17750	121	121	74	74	53	53	216	216	189	189	80	80	1318	1318	1994	1994	856	856	648	648	4	4	3	3	105	105	40	40	2659	2659	7097	7097	1679	1679	811	811	20	20	2762	2762	18219	18219	19811	19811	24012	24012	14544	14544	20325	20325	30124	30124	224	224	83	83	382	382	21	21	128216	128216	72296	72296	2	2	57	57	119	119	245	245	244	244	443	443	258	258	434	434	399	399	152	152	451	451	91	91	477	477	422	422	832	832	974	974	117	117	7	7	151	151	244	244
IND00678	375	375	530	530	9598	9598	10730	10730	1696	1696	12930	12930	210	210	498	498	84	84	27	27	1259	1259	419	419	186	186	24	24	80	80	59	59	74	74	146	146	5	5	5	5	385	385	348	348	118	118	307	307	1918	1918	441	441	3764	3764	1628	1628	14	14	18	18	120451	120451	63866	63866	622	622	1749	1749	7	7	5	5	3908	3908	2878	2878	2937	2937	4370	4370	4939	4939	4444	4444	16056	16056	6521	6521	13	13	12	12	3492	3492	21635	21635	44	44	15	15	152	152	247	247	213	213	14	14	1148	1148	1487	1487	1001	1001	562	562	2	2	5	5	42	42	70	70	4087	4087	452	452	676	676	3225	3225	2652	2652	3806	3806	11725	11725	7305	7305	5199	5199	4930	4930	6341	6341	15735	15735	751	751	921	921	241	241	77	77	85645	85645	77457	77457	51	51	38	38	122	122	250	250	67	67	176	176	290	290	3	3	260	260	242	242	298	298	86	86	444	444	288	288	1461	1461	1963	1963	117	117	27	27	82	82	17	17
IND00679	473	473	70	70	10567	10567	9234	9234	8879	8879	1675	1675	152	152	435	435	72	72	73	73	421	421	820	820	145	145	137	137	41	41	123	123	86	86	11	11	3	3	14	14	312	312	376	376	504	504	417	417	1567	1567	1616	1616	1497	1497	2196	2196	20	20	24	24	67851	67851	78324	78324	797	797	1455	1455	8	8	8	8	1987	1987	1544	1544	5828	5828	2253	2253	4544	4544	4726	4726	7299	7299	8283	8283	26	26	25	25	9114	9114	12462	12462	52	52	81	81	156	156	116	116	19	19	47	47	875	875	1229	1229	741	741	96	96	2	2	2	2	59	59	192	192	7222	7222	7363	7363	3599	3599	3520	3520	2629	2629	3167	3167	4094	4094	13405	13405	5271	5271	32054	32054	27965	27965	31121	31121	847	847	368	368	566	566	481	481	85400	85400	67446	67446	12	12	61	61	119	119	55	55	474	474	386	386	362	362	248	248	337	337	394	394	341	341	119	119	396	396	238	238	1721	1721	403	403	102	102	49	49	224	224	66	66
IND00680	38	38	365	365	14835	14835	449	449	7050	7050	2114	2114	456	456	254	254	28	28	88	88	212	212	1696	1696	109	109	187	187	52	52	24	24	86	86	193	193	8	8	2	2	257	257	289	289	14	14	205	205	1363	1363	1617	1617	2941	2941	202	202	30	30	11	11	3704	3704	48929	48929	1654	1654	1943	1943	2	2	5	5	3238	3238	1753	1753	4684	4684	3213	3213	1183	1183	5477	5477	12098	12098	16159	16159	17	17	19	19	28171	28171	18615	18615	67	67	53	53	166	166	245	245	183	183	30	30	994	994	278	278	547	547	87	87	8	8	4	4	69	69	207	207	3083	3083	1442	1442	3971	3971	1421	1421	3330	3330	1854	1854	11810	11810	10207	10207	29061	29061	4633	4633	29106	29106	8831	8831	717	717	714	714	377	377	129	129	22314	22314	13669	13669	24	24	56	56	75	75	45	45	421	421	272	272	84	84	343	343	26	26	108	108	10	10	161	161	176	176	125	125	1103	1103	231	231	66	66	40	40	129	129	119	119
IND00681	445	445	89	89	943	943	3919	3919	8735	8735	15444	15444	376	376	63	63	5	5	121	121	1358	1358	1199	1199	136	136	55	55	24	24	2	2	164	164	16	16	11	11	2	2	109	109	168	168	269	269	73	73	704	704	1012	1012	3128	3128	1082	1082	29	29	19	19	122170	122170	80270	80270	1213	1213	886	886	5	5	5	5	2336	2336	1099	1099	6435	6435	6480	6480	6306	6306	7724	7724	509	509	350	350	28	28	2	2	25417	25417	1902	1902	21	21	30	30	21	21	14	14	71	71	174	174	490	490	816	816	461	461	432	432	7	7	6	6	90	90	160	160	7996	7996	1054	1054	3831	3831	2012	2012	230	230	2167	2167	26585	26585	25635	25635	15822	15822	11849	11849	12146	12146	14335	14335	350	350	417	417	410	410	841	841	25685	25685	57974	57974	5	5	20	20	33	33	177	177	382	382	466	466	377	377	236	236	347	347	93	93	78	78	335	335	116	116	114	114	195	195	124	124	125	125	69	69	131	131	229	229
IND00682	604	604	718	718	2540	2540	10898	10898	10624	10624	9309	9309	340	340	489	489	72	72	97	97	1911	1911	1371	1371	170	170	176	176	73	73	1	1	67	67	241	241	7	7	12	12	108	108	429	429	496	496	258	258	153	153	1023	1023	1260	1260	364	364	28	28	25	25	3239	3239	23718	23718	1286	1286	1752	1752	6	6	5	5	1300	1300	2767	2767	4377	4377	2575	2575	4949	4949	4305	4305	2964	2964	15776	15776	9	9	3	3	17193	17193	1868	1868	23	23	70	70	102	102	163	163	36	36	15	15	1866	1866	1343	1343	1014	1014	707	707	2	2	8	8	127	127	94	94	7739	7739	3614	3614	3755	3755	32	32	1837	1837	3498	3498	7249	7249	23140	23140	19110	19110	1585	1585	8327	8327	13557	13557	886	886	770	770	284	284	366	366	73382	73382	75066	75066	62	62	46	46	230	230	14	14	119	119	301	301	273	273	133	133	346	346	101	101	230	230	101	101	49	49	4	4	551	551	586	586	101	101	100	100	189	189	8	8
IND00683	516	516	474	474	9800	9800	3025	3025	13904	13904	5381	5381	225	225	76	76	74	74	116	116	315	315	46	46	237	237	103	103	98	98	52	52	74	74	164	164	2	2	7	7	410	410	200	200	326	326	464	464	1599	1599	31	31	3275	3275	3833	3833	28	28	19	19	117470	117470	56737	56737	118	118	360	360	6	6	6	6	1942	1942	2960	2960	2354	2354	6296	6296	7702	7702	4936	4936	13477	13477	9417	9417	12	12	5	5	7750	7750	12247	12247	45	45	78	78	205	205	249	249	83	83	93	93	1097	1097	1695	1695	990	990	447	447	2	2	1	1	145	145	88	88	1926	1926	1607	1607	2359	2359	691	691	2592	2592	3193	3193	24640	24640	11362	11362	4639	4639	9634	9634	3460	3460	14514	14514	527	527	175	175	85	85	85	85	115395	115395	16054	16054	18	18	44	44	130	130	1	1	338	338	417	417	197	197	160	160	65	65	44	44	92	92	392	392	508	508	358	358	1037	1037	2025	2025	11	11	26	26	47	47	52	52
IND00684	44	44	751	751	1236	1236	9827	9827	9228	9228	2687	2687	163	163	480	480	109	109	77	77	1389	1389	1648	1648	59	59	109	109	116	116	80	80	87	87	147	147	11	11	4	4	222	222	356	356	374	374	158	158	1389	1389	980	980	3179	3179	1036	1036	26	26	27	27	85767	85767	15113	15113	385	385	1928	1928	6	6	3	3	1524	1524	793	793	2078	2078	1880	1880	1642	1642	3419	3419	15729	15729	15989	15989	3	3	15	15	1734	1734	32710	32710	121	121	14	14	103	103	227	227	73	73	16	16	1922	1922	896	896	580	580	853	853	4	4	3	3	40	40	29	29	3248	3248	6496	6496	571	571	2624	2624	2051	2051	2660	2660	12625	12625	8433	8433	17805	17805	27818	27818	31912	31912	13902	13902	705	705	817	817	451	451	851	851	102909	102909	31954	31954	19	19	7	7	108	108	115	115	113	113	220	220	498	498	461	461	82	82	180	180	221	221	84	84	377	377	57	57	1970	1970	525	525	83	83	37	37	164	164	208	208
IND00685	433	433	536	536	9076	9076	8536	8536	7501	7501	3426	3426	376	376	72	72	44	44	48	48	2008	2008	686	686	118	118	63	63	41	41	22	22	143	143	25	25	10	10	4	4	301	301	385	385	118	118	501	501	1598	1598	852	852	3833	3833	3122	3122	21	21	4	4	85279	85279	34635	34635	1801	1801	418	418	6	6	4	4	2590	2590	1865	1865	5516	5516	606	606	3745	3745	4170	4170	412	412	10728	10728	1	1	15	15	24481	24481	1806	1806	63	63	69	69	15	15	46	46	3	3	207	207	1868	1868	784	784	456	456	963	963	3	3	5	5	208	208	112	112	1382	1382	3853	3853	671	671	1474	1474	3802	3802	3666	3666	10455	10455	26524	26524	12240	12240	16303	16303	28254	28254	6623	6623	23	23	947	947	455	455	954	954	32562	32562	101193	101193	29	29	41	41	29	29	95	95	302	302	162	162	148	148	316	316	423	423	496	496	490	490	144	144	94	94	377	377	1195	1195	350	350	120	120	40	40	167	167	99	99
IND00686	246	246	351	351	567	567	2832	2832	8701	8701	5726	5726	347	347	143	143	91	91	69	69	1036	1036	1370	1370	68	68	62	62	102	102	3	3	73	73	199	199	12	12	6	6	397	397	208	208	180	180	471	471	620	620	1292	1292	2767	2767	27	27	29	29	3	3	79200	79200	96711	96711	423	423	884	884	5	5	8	8	3795	3795	1581	1581	585	585	7486	7486	6125	6125	3990	3990	15551	15551	12445	12445	19	19	27	27	24981	24981	9899	9899	121	121	87	87	15	15	192	192	221	221	214	214	1088	1088	502	502	901	901	338	338	1	1	6	6	187	187	69	69	2827	2827	3460	3460	1015	1015	1699	1699	3841	3841	1837	1837	662	662	8164	8164	17853	17853	3032	3032	16671	16671	5382	5382	561	561	133	133	964	964	742	742	27629	27629	91384	91384	6	6	36	36	179	179	33	33	421	421	324	324	147	147	460	460	460	460	412	412	253	253	262	262	361	361	495	495	906	906	1904	1904	56	56	50	50	150	150	143	143
IND00687	383	383	711	711	1398	1398	10574	10574	3497	3497	14945	14945	177	177	505	505	106	106	55	55	769	769	223	223	203	203	198	198	55	55	98	98	28	28	32	32	9	9	10	10	93	93	293	293	396	396	456	456	275	275	1621	1621	414	414	1224	1224	30	30	11	11	40688	40688	105322	105322	799	799	446	446	6	6	7	7	2910	2910	3131	3131	6866	6866	7571	7571	7597	7597	5580	5580	9500	9500	14859	14859	29	29	9	9	22357	22357	207	207	126	126	4	4	217	217	138	138	61	61	156	156	1182	1182	507	507	871	871	344	344	6	6	1	1	68	68	192	192	1117	1117	5100	5100	428	428	868	868	3460	3460	3435	3435	28822	28822	21358	21358	15529	15529	3930	3930	24164	24164	9730	9730	968	968	656	656	370	370	981	981	81558	81558	97263	97263	41	41	51	51	174	174	38	38	31	31	437	437	144	144	41	41	140	140	205	205	412	412	217	217	418	418	400	400	183	183	1763	1763	84	84	27	27	143	143	186	186
IND00688	733	733	873	873	2601	2601	2089	2089	8300	8300	8955	8955	47	47	57	57	95	95	68	68	2015	2015	1859	1859	107	107	160	160	127	127	32	32	128	128	46	46	5	5	14	14	258	258	8	8	321	321	159	159	1256	1256	1419	1419	3889	3889	249	249	5	5	30	30	66456	66456	42949	42949	316	316	1180	1180	5	5	5	5	2081	2081	2831	2831	7319	7319	7829	7829	7740	7740	7585	7585	15625	15625	4326	4326	12	12	29	29	10460	10460	24223	24223	46	46	97	97	224	224	14	14	234	234	44	44	1887	1887	1486	1486	982	982	287	287	6	6	2	2	129	129	177	177	6238	6238	7518	7518	2322	2322	1319	1319	2200	2200	3133	3133	10223	10223	17114	17114	27745	27745	1461	1461	24105	24105	23573	23573	507	507	287	287	463	463	78	78	54395	54395	109194	109194	34	34	34	34	38	38	224	224	84	84	446	446	71	71	226	226	141	141	449	449	440	440	156	156	79	79	123	123	1380	1380	1155	1155	110	110	57	57	56	56	90	90
IND00689	62	62	51	51	634	634	11084	11084	6979	6979	1119	1119	33	33	82	82	10	10	10	10	559	559	1995	1995	71	71	16	16	39	39	65	65	182	182	89	89	11	11	11	11	288	288	175	175	402	402	393	393	1435	1435	1672	1672	3602	3602	2748	2748	10	10	10	10	34522	34522	22341	22341	1700	1700	1803	1803	1	1	8	8	2535	2535	1013	1013	2589	2589	7719	7719	856	856	8168	8168	6714	6714	13528	13528	28	28	26	26	4525	4525	29249	29249	66	66	61	61	95	95	141	141	178	178	52	52	527	527	1671	1671	933	933	92	92	7	7	7	7	83	83	239	239	1359	1359	2211	2211	3628	3628	3570	3570	1694	1694	2646	2646	11790	11790	18168	18168	16077	16077	16527	16527	7563	7563	6061	6061	479	479	6	6	599	599	584	584	43429	43429	72016	72016	34	34	41	41	7	7	97	97	468	468	231	231	10	10	465	465	225	225	215	215	183	183	348	348	421	421	314	314	1896	1896	289	289	104	104	100	100	178	178	59	59
IND00690	813	813	432	432	4668	4668	11401	11401	15485	15485	7340	7340	37	37	407	407	93	93	113	113	1578	1578	1610	1610	109	109	188	188	70	70	1	1	95	95	144	144	12	12	14	14	179	179	56	56	243	243	395	395	1750	1750	479	479	631	631	468	468	18	18	24	24	42543	42543	85456	85456	1751	1751	1879	1879	4	4	6	6	2348	2348	3202	3202	8169	8169	2602	2602	947	947	7411	7411	11391	11391	13829	13829	17	17	29	29	12135	12135	3932	3932	113	113	21	21	229	229	194	194	181	181	239	239	1258	1258	706	706	107	107	590	590	8	8	4	4	63	63	153	153	5257	5257	1111	1111	281	281	1633	1633	3500	3500	1495	1495	23156	23156	31557	31557	12965	12965	9263	9263	10197	10197	10318	10318	317	317	253	253	409	409	602	602	67208	67208	39258	39258	32	32	34	34	31	31	91	91	407	407	469	469	313	313	413	413	70	70	465	465	61	61	183	183	393	393	251	251	1679	1679	642	642	71	71	39	39	7	7	24	24
IND00691	764	764	812	812	9495	9495	10941	10941	170	170	12084	12084	74	74	52	52	75	75	54	54	1456	1456	1105	1105	229	229	68	68	128	128	29	29	38	38	64	64	11	11	15	15	336	336	425	425	361	361	494	494	474	474	1970	1970	1489	1489	2537	2537	2	2	1	1	119672	119672	14804	14804	1193	1193	1789	1789	7	7	6	6	3284	3284	361	361	4392	4392	601	601	33	33	2257	2257	9500	9500	5010	5010	10	10	16	16	30992	30992	15934	15934	3	3	78	78	173	173	240	240	226	226	206	206	1653	1653	498	498	965	965	555	555	7	7	2	2	126	126	24	24	3378	3378	7488	7488	940	940	1169	1169	1500	1500	1444	1444	32046	32046	29044	29044	8575	8575	28499	28499	23320	23320	10974	10974	917	917	972	972	312	312	450	450	89262	89262	19175	19175	54	54	4	4	232	232	87	87	23	23	402	402	10	10	433	433	122	122	430	430	179	179	227	227	374	374	387	387	382	382	608	608	49	49	50	50	116	116	18	18
IND00692	618	618	1004	1004	11655	11655	4548	4548	8535	8535	12835	12835	268	268	81	81	102	102	16	16	1181	1181	1811	1811	26	26	184	184	118	118	36	36	177	177	70	70	16	16	10	10	456	456	9	9	378	378	12	12	1005	1005	1458	1458	62	62	4087	4087	4	4	17	17	109776	109776	74912	74912	1380	1380	510	510	5	5	2	2	265	265	918	918	7674	7674	4905	4905	471	471	6619	6619	1162	1162	8248	8248	16	16	23	23	27701	27701	11158	11158	123	123	81	81	78	78	180	180	125	125	74	74	1631	1631	290	290	411	411	617	617	1	1	6	6	201	201	144	144	1720	1720	2992	2992	3926	3926	3598	3598	997	997	2929	2929	18699	18699	18406	18406	647	647	26575	26575	16249	16249	4688	4688	13	13	905	905	679	679	934	934	29271	29271	119517	119517	4	4	9	9	43	43	194	194	439	439	77	77	50	50	462	462	289	289	39	39	57	57	260	260	265	265	310	310	725	725	983	983	110	110	71	71	37	37	70	70
IND00693	949	949	345	345	10517	10517	6910	6910	4390	4390	5613	5613	96	96	158	158	58	58	112	112	2014	2014	890	890	203	203	162	162	44	44	42	42	209	209	34	34	14	14	13	13	195	195	371	371	504	504	71	71	363	363	929	929	2731	2731	2175	2175	23	23	20	20	79069	79069	19173	19173	1880	1880	1398	1398	6	6	7	7	4090	4090	1139	1139	721	721	3738	3738	5122	5122	6628	6628	12990	12990	10110	10110	17	17	11	11	5257	5257	6087	6087	14	14	86	86	21	21	162	162	81	81	128	128	1627	1627	270	270	191	191	361	361	2	2	4	4	132	132	191	191	3273	3273	5863	5863	1708	1708	3677	3677	2001	2001	1926	1926	26827	26827	21018	21018	13789	13789	24730	24730	26345	26345	11998	11998	894	894	354	354	860	860	863	863	109028	109028	425	425	45	45	62	62	2	2	62	62	198	198	124	124	326	326	308	308	212	212	125	125	415	415	252	252	498	498	393	393	756	756	1850	1850	47	47	121	121	88	88	219	219
IND00694	244	244	492	492	10378	10378	11876	11876	6851	6851	6709	6709	491	491	409	409	10	10	103	103	718	718	10	10	24	24	150	150	75	75	38	38	195	195	105	105	15	15	2	2	395	395	196	196	245	245	383	383	1663	1663	1532	1532	4012	4012	2364	2364	1	1	28	28	11658	11658	29714	29714	1636	1636	885	885	2	2	7	7	637	637	2054	2054	3171	3171	5867	5867	4807	4807	3792	3792	7230	7230	1163	1163	21	21	13	13	29185	29185	28361	28361	91	91	110	110	44	44	48	48	69	69	144	144	507	507	507	507	317	317	425	425	2	2	4	4	29	29	182	182	2655	2655	7779	7779	1005	1005	2578	2578	3487	3487	1420	1420	13135	13135	21596	21596	11456	11456	32656	32656	23069	23069	4723	4723	680	680	995	995	858	858	953	953	100890	100890	14509	14509	19	19	42	42	119	119	135	135	105	105	25	25	37	37	131	131	41	41	75	75	24	24	337	337	493	493	23	23	1952	1952	642	642	46	46	39	39	159	159	214	214
IND00695	883	883	479	479	13494	13494	15643	15643	12549	12549	3735	3735	506	506	188	188	25	25	25	25	1173	1173	133	133	139	139	204	204	65	65	98	98	8	8	184	184	10	10	12	12	290	290	235	235	332	332	176	176	1281	1281	1695	1695	1006	1006	3779	3779	21	21	10	10	40710	40710	53439	53439	1093	1093	189	189	6	6	3	3	92	92	1212	1212	4722	4722	7735	7735	3649	3649	3722	3722	12063	12063	6306	6306	11	11	3	3	19952	19952	28605	28605	65	65	100	100	184	184	186	186	128	128	192	192	1292	1292	1166	1166	796	796	38	38	5	5	2	2	114	114	26	26	3614	3614	6123	6123	2314	2314	2398	2398	3723	3723	3762	3762	12333	12333	31293	31293	26877	26877	3421	3421	3167	3167	30172	30172	700	700	301	301	489	489	832	832	110350	110350	117401	117401	47	47	36	36	144	144	141	141	295	295	412	412	83	83	331	331	178	178	346	346	285	285	440	440	290	290	325	325	271	271	749	749	97	97	59	59	159	159	158	158
IND00696	248	248	518	518	9448	9448	1727	1727	9936	9936	3222	3222	280	280	443	443	67	67	64	64	1299	1299	662	662	17	17	237	237	55	55	64	64	56	56	78	78	10	10	4	4	398	398	146	146	240	240	111	111	424	424	928	928	3696	3696	2369	2369	1	1	32	32	44058	44058	66265	66265	1837	1837	1692	1692	3	3	3	3	3827	3827	2446	2446	5576	5576	4982	4982	7418	7418	1094	1094	13711	13711	5471	5471	8	8	8	8	31984	31984	14212	14212	124	124	127	127	50	50	130	130	47	47	134	134	630	630	1048	1048	842	842	716	716	7	7	4	4	161	161	151	151	536	536	1806	1806	1989	1989	562	562	504	504	80	80	15963	15963	21771	21771	9029	9029	3162	3162	25152	25152	18055	18055	871	871	490	490	699	699	606	606	814	814	30697	30697	31	31	50	50	179	179	153	153	476	476	57	57	223	223	282	282	460	460	228	228	462	462	427	427	205	205	165	165	224	224	1105	1105	60	60	75	75	155	155	95	95
IND00697	983	983	576	576	3392	3392	7981	7981	6882	6882	14194	14194	270	270	44	44	83	83	99	99	833	833	875	875	211	211	97	97	10	10	23	23	242	242	107	107	3	3	3	3	200	200	414	414	152	152	155	155	897	897	10	10	2582	2582	1438	1438	23	23	23	23	38825	38825	28399	28399	1725	1725	737	737	4	4	8	8	289	289	3226	3226	6808	6808	6577	6577	193	193	2867	2867	12494	12494	263	263	14	14	10	10	32081	32081	14980	14980	31	31	1	1	155	155	73	73	28	28	27	27	1148	1148	901	901	764	764	409	409	2	2	2	2	217	217	65	65	551	551	7901	7901	2165	2165	2772	2772	834	834	2094	2094	13744	13744	9526	9526	29220	29220	22057	22057	848	848	16554	16554	520	520	536	536	714	714	111	111	101208	101208	129408	129408	59	59	60	60	226	226	162	162	409	409	288	288	135	135	361	361	103	103	482	482	445	445	82	82	418	418	229	229	970	970	1208	1208	86	86	79	79	159	159	80	80
IND00698	881	881	526	526	12021	12021	4351	4351	3841	3841	11009	11009	497	497	171	171	91	91	94	94	1283	1283	923	923	48	48	73	73	91	91	77	77	162	162	154	154	14	14	12	12	218	218	108	108	296	296	349	349	32	32	2004	2004	3958	3958	1251	1251	23	23	16	16	38274	38274	127996	127996	188	188	493	493	4	4	2	2	3765	3765	1260	1260	5355	5355	5582	5582	5529	5529	2010	2010	15200	15200	9694	9694	23	23	19	19	15091	15091	2168	2168	32	32	73	73	123	123	237	237	194	194	201	201	104	104	777	777	729	729	441	441	1	1	3	3	170	170	205	205	5439	5439	630	630	2670	2670	3462	3462	1146	1146	1084	1084	23580	23580	3275	3275	28152	28152	30823	30823	30236	30236	21360	21360	608	608	627	627	696	696	678	678	75998	75998	33632	33632	28	28	61	61	237	237	11	11	4	4	486	486	405	405	441	441	505	505	290	290	361	361	157	157	96	96	377	377	1071	1071	1372	1372	21	21	18	18	77	77	30	30
IND00699	615	615	164	164	12191	12191	11252	11252	4642	4642	9065	9065	4	4	284	284	118	118	14	14	1039	1039	516	516	33	33	54	54	43	43	1	1	219	219	67	67	2	2	9	9	286	286	38	38	240	240	234	234	1113	1113	176	176	96	96	1991	1991	16	16	30	30	93660	93660	12597	12597	2014	2014	457	457	8	8	7	7	2551	2551	267	267	868	868	7406	7406	4174	4174	4041	4041	5620	5620	4981	4981	5	5	5	5	12309	12309	5294	5294	36	36	42	42	222	222	225	225	232	232	240	240	1660	1660	607	607	298	298	780	780	4	4	7	7	64	64	58	58	2673	2673	3969	3969	3359	3359	1586	1586	896	896	1464	1464	31048	31048	26074	26074	6375	6375	8113	8113	7764	7764	5995	5995	278	278	811	811	89	89	653	653	55040	55040	90756	90756	27	27	5	5	129	129	38	38	144	144	457	457	457	457	404	404	302	302	377	377	458	458	283	283	70	70	65	65	1613	1613	740	740	27	27	62	62	226	226	133	133
IND00700	849	849	350	350	7631	7631	10555	10555	1150	1150	5817	5817	414	414	12	12	110	110	114	114	1129	1129	1390	1390	84	84	178	178	73	73	46	46	122	122	166	166	5	5	8	8	163	163	8	8	119	119	67	67	142	142	874	874	536	536	840	840	21	21	14	14	26185	26185	74004	74004	862	862	161	161	4	4	3	3	2928	2928	3237	3237	3283	3283	7224	7224	5673	5673	485	485	11524	11524	8080	8080	23	23	5	5	17305	17305	28629	28629	22	22	3	3	106	106	94	94	2	2	133	133	1467	1467	1067	1067	644	644	449	449	5	5	8	8	147	147	217	217	735	735	5990	5990	3548	3548	444	444	3618	3618	2250	2250	6319	6319	31546	31546	8400	8400	15944	15944	16455	16455	2908	2908	348	348	537	537	817	817	867	867	119118	119118	38448	38448	6	6	3	3	213	213	110	110	276	276	312	312	304	304	351	351	477	477	406	406	220	220	282	282	82	82	29	29	1517	1517	1757	1757	93	93	80	80	46	46	52	52
IND00701	208	208	592	592	4082	4082	3657	3657	7642	7642	3267	3267	183	183	335	335	45	45	116	116	2002	2002	1548	1548	250	250	255	255	8	8	101	101	81	81	209	209	8	8	15	15	12	12	277	277	250	250	36	36	1835	1835	1309	1309	762	762	203	203	8	8	13	13	130313	130313	1829	1829	211	211	337	337	7	7	1	1	793	793	2116	2116	3318	3318	6880	6880	4971	4971	7240	7240	15039	15039	14296	14296	22	22	18	18	29697	29697	19531	19531	54	54	117	117	190	190	43	43	110	110	218	218	952	952	1213	1213	836	836	694	694	7	7	5	5	144	144	152	152	4195	4195	219	219	3755	3755	449	449	609	609	1662	1662	12484	12484	20373	20373	26736	26736	17667	17667	3574	3574	5623	5623	166	166	628	628	125	125	13	13	35677	35677	95255	95255	6	6	36	36	244	244	184	184	236	236	179	179	395	395	407	407	320	320	149	149	411	411	304	304	503	503	353	353	1982	1982	1779	1779	119	119	88	88	237	237	178	178
IND00702	915	915	258	258	6443	6443	6321	6321	14924	14924	4820	4820	209	209	419	419	64	64	128	128	249	249	1056	1056	102	102	253	253	1	1	10	10	239	239	104	104	16	16	3	3	243	243	67	67	181	181	37	37	1507	1507	680	680	1266	1266	2691	2691	14	14	13	13	2193	2193	95334	95334	961	961	706	706	3	3	8	8	2399	2399	2408	2408	6321	6321	6360	6360	6773	6773	1872	1872	9436	9436	3479	3479	15	15	27	27	1356	1356	5243	5243	2	2	42	42	19	19	13	13	162	162	38	38	1638	1638	1977	1977	525	525	886	886	5	5	2	2	131	131	165	165	3810	3810	5682	5682	1959	1959	2979	2979	4004	4004	2079	2079	31900	31900	13151	13151	1473	1473	28782	28782	8783	8783	17387	17387	935	935	443	443	755	755	1019	1019	128446	128446	126527	126527	62	62	43	43	162	162	57	57	410	410	147	147	271	271	145	145	18	18	30	30	505	505	163	163	420	420	379	379	527	527	1842	1842	77	77	25	25	252	252	69	69
IND00703	804	804	750	750	11484	11484	8940	8940	10360	10360	5245	5245	235	235	362	362	18	18	108	108	373	373	1556	1556	16	16	92	92	43	43	49	49	230	230	211	211	15	15	5	5	75	75	306	306	195	195	254	254	1829	1829	129	129	3629	3629	3981	3981	22	22	6	6	80352	80352	119532	119532	27	27	811	811	3	3	8	8	1865	1865	2965	2965	2491	2491	5378	5378	7129	7129	784	784	13903	13903	8839	8839	19	19	8	8	28230	28230	20322	20322	89	89	54	54	139	139	153	153	240	240	205	205	310	310	1726	1726	510	510	554	554	2	2	8	8	154	154	169	169	3159	3159	597	597	2593	2593	2840	2840	2848	2848	2146	2146	21902	21902	10684	10684	19579	19579	32318	32318	16513	16513	7482	7482	481	481	257	257	804	804	969	969	124946	124946	88146	88146	17	17	43	43	173	173	101	101	177	177	462	462	242	242	272	272	36	36	451	451	313	313	12	12	288	288	232	232	1827	1827	1898	1898	17	17	66	66	72	72	38	38
IND00704	544	544	239	239	8117	8117	7305	7305	8913	8913	7447	7447	296	296	441	441	2	2	116	116	1599	1599	956	956	30	30	58	58	37	37	78	78	194	194	40	40	11	11	2	2	191	191	400	400	481	481	53	53	879	879	1157	1157	2362	2362	3638	3638	28	28	6	6	57354	57354	71534	71534	1582	1582	501	501	5	5	1	1	832	832	3927	3927	2920	2920	4250	4250	2469	2469	1030	1030	10599	10599	14836	14836	3	3	27	27	17572	17572	31844	31844	25	25	79	79	164	164	7	7	7	7	154	154	1570	1570	122	122	191	191	323	323	5	5	1	1	99	99	217	217	1701	1701	6072	6072	79	79	284	284	959	959	3574	3574	21412	21412	14714	14714	32691	32691	12575	12575	25214	25214	4336	4336	654	654	43	43	385	385	270	270	71855	71855	66296	66296	14	14	53	53	114	114	53	53	344	344	475	475	247	247	20	20	298	298	127	127	461	461	163	163	276	276	159	159	2010	2010	596	596	49	49	3	3	218	218	250	250
IND00705	754	754	864	864	14985	14985	16053	16053	15413	15413	6600	6600	120	120	194	194	27	27	101	101	526	526	1297	1297	202	202	77	77	3	3	39	39	43	43	95	95	16	16	15	15	214	214	116	116	277	277	340	340	1510	1510	1704	1704	2493	2493	1796	1796	11	11	11	11	17245	17245	51631	51631	1268	1268	1166	1166	2	2	6	6	1332	1332	739	739	6868	6868	1612	1612	4723	4723	31	31	619	619	14977	14977	27	27	5	5	10505	10505	11009	11009	53	53	50	50	25	25	222	222	36	36	14	14	1736	1736	580	580	653	653	612	612	7	7	5	5	34	34	3	3	2671	2671	4914	4914	3221	3221	1253	1253	2560	2560	2607	2607	11827	11827	28180	28180	27347	27347	14445	14445	14182	14182	27085	27085	536	536	242	242	217	217	877	877	26424	26424	103257	103257	58	58	56	56	43	43	149	149	413	413	121	121	265	265	266	266	462	462	405	405	297	297	293	293	312	312	291	291	1262	1262	1715	1715	28	28	118	118	1	1	113	113
IND00706	163	163	615	615	10434	10434	6051	6051	7195	7195	12974	12974	315	315	258	258	94	94	52	52	1151	1151	1425	1425	70	70	2	2	14	14	125	125	92	92	221	221	16	16	5	5	257	257	338	338	54	54	273	273	1971	1971	1484	1484	1484	1484	3704	3704	30	30	14	14	97766	97766	63188	63188	991	991	587	587	7	7	5	5	3898	3898	3509	3509	6096	6096	2391	2391	5984	5984	4787	4787	8942	8942	6855	6855	30	30	31	31	30179	30179	6316	6316	60	60	89	89	29	29	112	112	194	194	170	170	1820	1820	1597	1597	124	124	11	11	5	5	4	4	109	109	67	67	3980	3980	6705	6705	3258	3258	1964	1964	2054	2054	474	474	32077	32077	11346	11346	2948	2948	29894	29894	9191	9191	6834	6834	765	765	340	340	917	917	853	853	118360	118360	18389	18389	62	62	52	52	228	228	165	165	405	405	202	202	493	493	148	148	100	100	260	260	147	147	116	116	143	143	105	105	147	147	527	527	52	52	74	74	186	186	182	182
IND00707	414	414	551	551	10413	10413	14863	14863	11313	11313	12383	12383	147	147	344	344	62	62	49	49	950	950	597	597	126	126	30	30	38	38	49	49	32	32	158	158	14	14	14	14	306	306	452	452	501	501	371	371	1625	1625	1006	1006	1042	1042	2305	2305	26	26	8	8	4887	4887	127006	127006	421	421	704	704	7	7	6	6	2876	2876	467	467	2320	2320	4606	4606	2705	2705	392	392	15125	15125	2208	2208	2	2	5	5	27375	27375	24629	24629	107	107	80	80	207	207	231	231	91	91	221	221	1778	1778	1718	1718	873	873	195	195	7	7	1	1	130	130	164	164	2055	2055	739	739	355	355	1068	1068	2975	2975	475	475	29608	29608	1873	1873	4511	4511	26393	26393	2059	2059	16629	16629	671	671	182	182	665	665	780	780	33519	33519	21795	21795	54	54	9	9	1	1	225	225	447	447	4	4	457	457	230	230	287	287	228	228	4	4	407	407	505	505	485	485	1822	1822	1874	1874	41	41	15	15	33	33	196	196
IND00708	321	321	494	494	4370	4370	15255	15255	14015	14015	9016	9016	279	279	207	207	67	67	103	103	958	958	381	381	244	244	113	113	100	100	28	28	54	54	191	191	16	16	4	4	376	376	110	110	415	415	318	318	458	458	510	510	804	804	830	830	11	11	9	9	98512	98512	32147	32147	1421	1421	1636	1636	4	4	4	4	11	11	3876	3876	428	428	3834	3834	2286	2286	3042	3042	225	225	8918	8918	16	16	9	9	9475	9475	22262	22262	100	100	10	10	253	253	89	89	21	21	154	154	1771	1771	1106	1106	742	742	946	946	6	6	4	4	203	203	101	101	5216	5216	4702	4702	3368	3368	136	136	3996	3996	1003	1003	14181	14181	3524	3524	16903	16903	4644	4644	17541	17541	9391	9391	576	576	903	903	868	868	577	577	115039	115039	127951	127951	28	28	51	51	249	249	173	173	442	442	305	305	187	187	72	72	125	125	179	179	194	194	507	507	347	347	479	479	573	573	875	875	47	47	9	9	51	51	154	154
IND00709	116	116	827	827	5592	5592	15595	15595	8487	8487	6974	6974	389	389	22	22	116	116	121	121	1474	1474	293	293	146	146	191	191	104	104	68	68	124	124	107	107	1	1	3	3	13	13	501	501	328	328	499	499	1187	1187	1500	1500	2754	2754	3330	3330	30	30	6	6	28565	28565	72696	72696	10	10	76	76	8	8	6	6	978	978	1041	1041	5845	5845	1560	1560	2756	2756	2810	2810	8299	8299	1093	1093	15	15	1	1	24112	24112	27898	27898	1	1	65	65	191	191	24	24	167	167	147	147	970	970	432	432	676	676	146	146	1	1	6	6	237	237	109	109	6194	6194	1191	1191	980	980	2215	2215	1459	1459	1559	1559	3309	3309	17002	17002	13113	13113	3755	3755	9652	9652	16900	16900	958	958	845	845	255	255	1004	1004	95589	95589	28481	28481	19	19	61	61	97	97	86	86	382	382	300	300	233	233	230	230	435	435	65	65	209	209	150	150	386	386	499	499	1749	1749	1255	1255	99	99	12	12	209	209	32	32
IND00710	352	352	624	624	5818	5818	772	772	6024	6024	11925	11925	156	156	25	25	100	100	16	16	1561	1561	1717	1717	48	48	149	149	64	64	15	15	55	55	11	11	1	1	4	4	274	274	129	129	470	470	462	462	439	439	45	45	3214	3214	2892	2892	24	24	6	6	76884	76884	11913	11913	1496	1496	958	958	3	3	7	7	391	391	2075	2075	4042	4042	7804	7804	2127	2127	4814	4814	7678	7678	16200	16200	6	6	27	27	14904	14904	11463	11463	29	29	37	37	125	125	25	25	137	137	213	213	1254	1254	368	368	752	752	807	807	6	6	4	4	62	62	5	5	4131	4131	3878	3878	376	376	893	893	992	992	2929	2929	11629	11629	26523	26523	4545	4545	1249	1249	26074	26074	23258	23258	222	222	128	128	957	957	649	649	107714	107714	44481	44481	6	6	15	15	96	96	245	245	95	95	489	489	135	135	295	295	205	205	340	340	386	386	107	107	207	207	327	327	1655	1655	160	160	66	66	42	42	34	34	30	30
IND00711	858	858	935	935	14179	14179	6120	6120	2706	2706	55	55	356	356	436	436	50	50	103	103	885	885	1746	1746	69	69	150	150	81	81	124	124	218	218	97	97	4	4	9	9	128	128	73	73	223	223	365	365	372	372	886	886	1865	1865	1098	1098	8	8	25	25	119199	119199	68772	68772	558	558	621	621	8	8	5	5	1998	1998	3512	3512	7279	7279	2645	2645	1702	1702	6259	6259	15057	15057	3850	3850	24	24	28	28	17118	17118	16507	16507	79	79	69	69	92	92	41	41	251	251	244	244	532	532	317	317	624	624	441	441	1	1	7	7	154	154	214	214	6088	6088	3728	3728	3305	3305	1305	1305	1783	1783	2748	2748	30068	30068	12424	12424	7069	7069	27497	27497	9518	9518	25825	25825	28	28	347	347	748	748	394	394	62134	62134	35420	35420	44	44	31	31	189	189	37	37	161	161	119	119	85	85	63	63	102	102	238	238	296	296	491	491	358	358	334	334	296	296	1961	1961	67	67	108	108	231	231	190	190
IND00712	823	823	436	436	4809	4809	7206	7206	11097	11097	587	587	53	53	407	407	83	83	62	62	35	35	1264	1264	76	76	107	107	2	2	46	46	134	134	196	196	11	11	5	5	283	283	109	109	110	110	152	152	175	175	1248	1248	3414	3414	2496	2496	29	29	11	11	44163	44163	129467	129467	1064	1064	939	939	4	4	8	8	3982	3982	1535	1535	4049	4049	2560	2560	5547	5547	4315	4315	16303	16303	3604	3604	14	14	23	23	26807	26807	21963	21963	1	1	56	56	219	219	254	254	178	178	247	247	106	106	1159	1159	471	471	726	726	1	1	6	6	11	11	256	256	7403	7403	143	143	282	282	959	959	2453	2453	2453	2453	8209	8209	2077	2077	4642	4642	23945	23945	31795	31795	11795	11795	179	179	453	453	520	520	100	100	51271	51271	15573	15573	28	28	1	1	56	56	32	32	32	32	505	505	109	109	226	226	317	317	245	245	237	237	164	164	322	322	23	23	641	641	2010	2010	110	110	89	89	230	230	125	125
IND00713	575	575	972	972	2433	2433	3204	3204	7389	7389	714	714	394	394	15	15	25	25	128	128	1390	1390	694	694	92	92	189	189	16	16	115	115	161	161	39	39	5	5	6	6	406	406	65	65	482	482	454	454	269	269	1268	1268	3876	3876	1563	1563	5	5	1	1	101172	101172	55496	55496	696	696	682	682	8	8	2	2	3025	3025	3926	3926	1253	1253	6913	6913	4831	4831	2596	2596	7392	7392	5178	5178	17	17	8	8	9214	9214	32376	32376	59	59	21	21	136	136	56	56	242	242	207	207	1930	1930	1519	1519	842	842	981	981	4	4	6	6	18	18	143	143	6375	6375	2362	2362	2788	2788	625	625	1509	1509	429	429	3601	3601	21808	21808	16640	16640	4955	4955	25631	25631	6995	6995	393	393	847	847	770	770	162	162	108555	108555	120477	120477	13	13	5	5	201	201	160	160	303	303	75	75	107	107	76	76	194	194	444	444	430	430	396	396	421	421	182	182	1200	1200	1212	1212	76	76	37	37	90	90	68	68
IND00714	63	63	529	529	5360	5360	2369	2369	834	834	7748	7748	109	109	154	154	38	38	83	83	422	422	1067	1067	13	13	214	214	112	112	7	7	60	60	247	247	8	8	14	14	377	377	336	336	434	434	162	162	722	722	62	62	1633	1633	1884	1884	32	32	14	14	31651	31651	5210	5210	1297	1297	1669	1669	7	7	6	6	452	452	4061	4061	5321	5321	7106	7106	7928	7928	1497	1497	2919	2919	12895	12895	2	2	13	13	2301	2301	30281	30281	89	89	86	86	237	237	210	210	149	149	51	51	1616	1616	217	217	135	135	283	283	5	5	2	2	55	55	214	214	5230	5230	1997	1997	523	523	784	784	2661	2661	2064	2064	32027	32027	8719	8719	26534	26534	12605	12605	31344	31344	18699	18699	552	552	120	120	332	332	372	372	90049	90049	86412	86412	49	49	59	59	157	157	134	134	9	9	284	284	507	507	132	132	62	62	308	308	204	204	474	474	49	49	67	67	1033	1033	1419	1419	62	62	126	126	210	210	1	1
IND00715	572	572	450	450	773	773	1927	1927	1946	1946	14002	14002	252	252	393	393	89	89	54	54	1989	1989	1628	1628	217	217	29	29	60	60	11	11	158	158	18	18	7	7	1	1	152	152	339	339	1	1	137	137	645	645	859	859	3047	3047	3191	3191	10	10	11	11	127990	127990	42878	42878	180	180	1327	1327	2	2	8	8	2528	2528	1623	1623	7252	7252	6308	6308	7043	7043	6310	6310	12497	12497	5446	5446	12	12	7	7	29683	29683	20719	20719	34	34	1	1	28	28	240	240	201	201	106	106	279	279	640	640	795	795	392	392	6	6	3	3	84	84	39	39	818	818	3246	3246	3359	3359	190	190	3574	3574	3697	3697	31138	31138	7716	7716	23583	23583	26614	26614	28879	28879	24053	24053	888	888	801	801	338	338	568	568	51480	51480	95734	95734	48	48	35	35	26	26	256	256	233	233	56	56	348	348	315	315	241	241	36	36	55	55	209	209	409	409	394	394	1514	1514	1479	1479	42	42	67	67	133	133	180	180
IND00716	611	611	1011	1011	2696	2696	7103	7103	4872	4872	6851	6851	468	468	244	244	9	9	90	90	734	734	1148	1148	53	53	179	179	113	113	106	106	22	22	185	185	8	8	2	2	193	193	389	389	55	55	69	69	732	732	1727	1727	2332	2332	1370	1370	29	29	10	10	60495	60495	99252	99252	928	928	339	339	2	2	1	1	3957	3957	293	293	6638	6638	2386	2386	1565	1565	5964	5964	541	541	9900	9900	3	3	6	6	7125	7125	30113	30113	123	123	114	114	252	252	177	177	111	111	10	10	58	58	381	381	677	677	33	33	4	4	4	4	33	33	233	233	2715	2715	4089	4089	1635	1635	4038	4038	1342	1342	648	648	23323	23323	21284	21284	15342	15342	16121	16121	18588	18588	28921	28921	603	603	530	530	837	837	911	911	127439	127439	80982	80982	58	58	13	13	146	146	49	49	337	337	271	271	294	294	311	311	289	289	460	460	29	29	107	107	325	325	332	332	1181	1181	390	390	119	119	102	102	168	168	37	37
IND00717	122	122	924	924	6701	6701	7860	7860	7803	7803	13936	13936	344	344	262	262	68	68	112	112	338	338	1928	1928	94	94	31	31	30	30	124	124	73	73	200	200	1	1	14	14	35	35	225	225	203	203	260	260	690	690	456	456	2228	2228	2905	2905	16	16	24	24	22522	22522	74304	74304	717	717	1925	1925	4	4	3	3	1626	1626	3192	3192	4723	4723	1338	1338	1975	1975	7134	7134	646	646	14950	14950	31	31	22	22	6053	6053	4380	4380	71	71	100	100	256	256	4	4	131	131	199	199	149	149	1165	1165	513	513	981	981	2	2	1	1	231	231	3	3	7597	7597	2414	2414	3617	3617	3844	3844	747	747	2634	2634	561	561	25457	25457	24824	24824	9463	9463	17462	17462	25450	25450	510	510	338	338	166	166	599	599	57803	57803	80468	80468	7	7	53	53	137	137	1	1	145	145	67	67	206	206	196	196	217	217	128	128	246	246	253	253	70	70	481	481	1123	1123	1676	1676	14	14	46	46	130	130	239	239
IND00718	379	379	674	674	5326	5326	5664	5664	4412	4412	4462	4462	85	85	359	359	123	123	26	26	480	480	1314	1314	41	41	170	170	14	14	17	17	163	163	69	69	14	14	3	3	119	119	502	502	230	230	166	166	795	795	1486	1486	3248	3248	3460	3460	16	16	2	2	16610	16610	81908	81908	293	293	1868	1868	1	1	1	1	2866	2866	447	447	1552	1552	5036	5036	3978	3978	6597	6597	279	279	13004	13004	28	28	24	24	9015	9015	5244	5244	6	6	38	38	169	169	256	256	43	43	107	107	479	479	1033	1033	506	506	584	584	7	7	6	6	139	139	4	4	5135	5135	6765	6765	779	779	2789	2789	230	230	1122	1122	4226	4226	7762	7762	11821	11821	20539	20539	2659	2659	16718	16718	922	922	250	250	518	518	556	556	30551	30551	128952	128952	56	56	8	8	57	57	137	137	139	139	149	149	500	500	424	424	342	342	490	490	119	119	22	22	241	241	401	401	1790	1790	633	633	65	65	30	30	101	101	79	79
IND00719	917	917	326	326	6381	6381	9602	9602	4702	4702	10158	10158	154	154	94	94	62	62	120	120	1321	1321	1854	1854	198	198	246	246	99	99	35	35	248	248	125	125	15	15	8	8	444	444	380	380	133	133	236	236	1545	1545	192	192	2758	2758	992	992	29	29	29	29	25501	25501	117340	117340	927	927	395	395	7	7	1	1	3712	3712	1478	1478	8132	8132	7628	7628	2058	2058	4106	4106	3166	3166	4415	4415	7	7	6	6	20447	20447	768	768	6	6	44	44	173	173	89	89	84	84	102	102	1010	1010	1524	1524	367	367	809	809	3	3	5	5	125	125	233	233	3648	3648	7105	7105	63	63	3677	3677	17	17	340	340	2308	2308	12393	12393	7080	7080	17133	17133	4353	4353	27830	27830	442	442	780	780	974	974	742	742	114410	114410	85684	85684	46	46	43	43	49	49	40	40	421	421	161	161	477	477	257	257	162	162	229	229	435	435	225	225	464	464	249	249	1567	1567	338	338	123	123	32	32	10	10	109	109
IND00720	160	160	323	323	9656	9656	16128	16128	15929	15929	5209	5209	433	433	89	89	98	98	56	56	456	456	1036	1036	131	131	133	133	47	47	34	34	133	133	77	77	16	16	14	14	311	311	341	341	278	278	180	180	327	327	1742	1742	1486	1486	3697	3697	23	23	2	2	36273	36273	16553	16553	569	569	489	489	3	3	8	8	1896	1896	1600	1600	3971	3971	6223	6223	1388	1388	7934	7934	11910	11910	12343	12343	4	4	13	13	23863	23863	14469	14469	66	66	120	120	110	110	184	184	210	210	127	127	1041	1041	1342	1342	536	536	363	363	8	8	7	7	135	135	189	189	3845	3845	3813	3813	876	876	2928	2928	3702	3702	74	74	21118	21118	30077	30077	30743	30743	15525	15525	18131	18131	22403	22403	908	908	787	787	888	888	112	112	30655	30655	65359	65359	27	27	6	6	246	246	184	184	358	358	440	440	100	100	467	467	40	40	323	323	152	152	155	155	351	351	349	349	1078	1078	153	153	126	126	16	16	22	22	168	168
IND00721	603	603	379	379	13681	13681	12252	12252	6867	6867	1009	1009	290	290	342	342	75	75	45	45	1269	1269	478	478	224	224	59	59	101	101	89	89	103	103	187	187	15	15	10	10	269	269	299	299	107	107	390	390	572	572	1632	1632	2611	2611	2325	2325	23	23	3	3	11016	11016	73	73	1377	1377	1855	1855	2	2	8	8	3472	3472	3518	3518	1220	1220	1441	1441	5461	5461	7313	7313	8763	8763	14016	14016	28	28	27	27	25757	25757	4318	4318	71	71	35	35	238	238	158	158	10	10	158	158	908	908	1642	1642	526	526	946	946	7	7	5	5	22	22	16	16	5747	5747	6695	6695	853	853	3935	3935	2645	2645	2998	2998	30001	30001	2518	2518	19804	19804	1150	1150	31281	31281	25378	25378	31	31	142	142	699	699	945	945	30730	30730	24327	24327	39	39	59	59	72	72	225	225	167	167	387	387	285	285	429	429	425	425	236	236	123	123	303	303	4	4	164	164	1398	1398	2043	2043	34	34	25	25	62	62	128	128
IND00722	1006	1006	212	212	2563	2563	3878	3878	748	748	8962	8962	138	138	163	163	22	22	64	64	1950	1950	50	50	4	4	4	4	79	79	80	80	199	199	205	205	11	11	10	10	385	385	258	258	196	196	353	353	1650	1650	1522	1522	2065	2065	81	81	24	24	20	20	97960	97960	26562	26562	1828	1828	919	919	2	2	7	7	2291	2291	1695	1695	6636	6636	5713	5713	1206	1206	6141	6141	16001	16001	2081	2081	9	9	8	8	16483	16483	14506	14506	55	55	127	127	84	84	145	145	124	124	35	35	538	538	907	907	464	464	98	98	3	3	7	7	128	128	78	78	6503	6503	3178	3178	3212	3212	3743	3743	2172	2172	3683	3683	19586	19586	17640	17640	10204	10204	357	357	8804	8804	17126	17126	126	126	708	708	964	964	309	309	8989	8989	16993	16993	16	16	4	4	78	78	119	119	291	291	292	292	445	445	195	195	461	461	385	385	289	289	76	76	207	207	140	140	1020	1020	1131	1131	126	126	22	22	163	163	30	30
IND00723	84	84	136	136	15475	15475	495	495	6054	6054	5887	5887	4	4	102	102	72	72	58	58	1369	1369	1210	1210	68	68	216	216	1	1	22	22	128	128	102	102	13	13	2	2	1	1	393	393	260	260	85	85	894	894	412	412	15	15	4058	4058	30	30	28	28	86923	86923	95478	95478	1168	1168	282	282	3	3	3	3	482	482	1541	1541	6356	6356	5790	5790	4570	4570	5245	5245	12491	12491	8766	8766	27	27	17	17	6816	6816	25418	25418	125	125	99	99	33	33	205	205	229	229	247	247	389	389	1336	1336	901	901	63	63	3	3	2	2	233	233	84	84	3815	3815	2135	2135	3710	3710	1895	1895	674	674	3323	3323	16574	16574	17828	17828	14282	14282	30817	30817	31052	31052	18833	18833	570	570	818	818	640	640	195	195	68661	68661	92612	92612	19	19	45	45	79	79	233	233	112	112	390	390	436	436	461	461	217	217	447	447	297	297	331	331	369	369	39	39	1671	1671	411	411	25	25	111	111	5	5	223	223
IND00724	250	250	235	235	6319	6319	15236	15236	15360	15360	9504	9504	505	505	195	195	63	63	126	126	1376	1376	1378	1378	41	41	9	9	124	124	10	10	30	30	205	205	1	1	13	13	354	354	421	421	154	154	61	61	869	869	873	873	1394	1394	1680	1680	26	26	17	17	95940	95940	110491	110491	1453	1453	1450	1450	1	1	1	1	1335	1335	2492	2492	6969	6969	167	167	3998	3998	3023	3023	7333	7333	9614	9614	11	11	23	23	24243	24243	4895	4895	20	20	73	73	29	29	89	89	224	224	230	230	1487	1487	2046	2046	588	588	44	44	3	3	3	3	116	116	98	98	1638	1638	1715	1715	2154	2154	2189	2189	3813	3813	3657	3657	22738	22738	10248	10248	20393	20393	29490	29490	23625	23625	5952	5952	667	667	557	557	893	893	129	129	126305	126305	58811	58811	54	54	21	21	174	174	111	111	150	150	163	163	223	223	73	73	285	285	440	440	97	97	195	195	280	280	442	442	1406	1406	1888	1888	57	57	20	20	4	4	216	216
IND00725	880	880	734	734	7626	7626	10974	10974	3322	3322	9191	9191	306	306	118	118	21	21	113	113	170	170	1087	1087	61	61	71	71	79	79	49	49	37	37	221	221	6	6	1	1	261	261	238	238	32	32	256	256	413	413	636	636	593	593	1036	1036	7	7	4	4	39727	39727	37686	37686	1290	1290	1032	1032	6	6	8	8	2275	2275	2361	2361	4559	4559	952	952	423	423	2247	2247	3531	3531	9847	9847	13	13	12	12	31677	31677	1976	1976	92	92	15	15	232	232	199	199	57	57	226	226	1948	1948	405	405	475	475	110	110	4	4	5	5	78	78	10	10	2020	2020	6783	6783	1833	1833	270	270	3649	3649	3995	3995	11967	11967	11452	11452	26376	26376	11390	11390	30478	30478	28948	28948	938	938	136	136	316	316	650	650	65939	65939	68845	68845	24	24	51	51	140	140	190	190	284	284	338	338	60	60	434	434	413	413	485	485	473	473	420	420	225	225	280	280	911	911	1920	1920	31	31	40	40	170	170	170	170
IND00726	732	732	1010	1010	15697	15697	33	33	13337	13337	11719	11719	1	1	403	403	55	55	73	73	375	375	1609	1609	59	59	146	146	72	72	65	65	221	221	196	196	16	16	7	7	217	217	512	512	162	162	464	464	1702	1702	704	704	3769	3769	2610	2610	11	11	23	23	80523	80523	25060	25060	220	220	1	1	6	6	1	1	1710	1710	3105	3105	7882	7882	4501	4501	1076	1076	7902	7902	14310	14310	2683	2683	5	5	27	27	10123	10123	23156	23156	68	68	66	66	170	170	206	206	143	143	39	39	316	316	585	585	7	7	888	888	4	4	1	1	148	148	245	245	7198	7198	2576	2576	114	114	118	118	1824	1824	502	502	21978	21978	32189	32189	12851	12851	20302	20302	4969	4969	32288	32288	450	450	766	766	488	488	508	508	37105	37105	121669	121669	47	47	49	49	90	90	82	82	76	76	167	167	345	345	288	288	269	269	382	382	126	126	455	455	347	347	64	64	826	826	1397	1397	63	63	19	19	169	169	62	62
IND00727	887	887	381	381	4138	4138	4949	4949	992	992	3889	3889	338	338	231	231	122	122	68	68	158	158	1796	1796	109	109	149	149	96	96	26	26	99	99	216	216	13	13	14	14	97	97	326	326	386	386	256	256	104	104	277	277	977	977	3174	3174	22	22	25	25	50757	50757	66890	66890	57	57	1644	1644	6	6	3	3	1990	1990	1995	1995	6316	6316	2903	2903	4273	4273	6084	6084	9284	9284	926	926	13	13	6	6	12163	12163	30159	30159	2	2	87	87	213	213	59	59	172	172	245	245	1704	1704	1088	1088	888	888	714	714	1	1	4	4	235	235	192	192	1333	1333	3154	3154	2121	2121	1284	1284	3381	3381	3753	3753	10668	10668	14224	14224	27012	27012	23824	23824	4710	4710	29350	29350	873	873	312	312	998	998	119	119	25624	25624	66610	66610	17	17	36	36	45	45	145	145	65	65	197	197	62	62	341	341	242	242	346	346	318	318	4	4	87	87	62	62	1629	1629	808	808	36	36	23	23	193	193	177	177
IND00728	653	653	240	240	8611	8611	6991	6991	612	612	9377	9377	97	97	82	82	38	38	17	17	122	122	1298	1298	129	129	118	118	99	99	104	104	148	148	63	63	7	7	4	4	36	36	2	2	432	432	264	264	1749	1749	1287	1287	1710	1710	3760	3760	20	20	21	21	16314	16314	122147	122147	866	866	1405	1405	4	4	8	8	470	470	613	613	8009	8009	4245	4245	2336	2336	5472	5472	5722	5722	11938	11938	22	22	2	2	21987	21987	6836	6836	55	55	107	107	172	172	78	78	64	64	63	63	609	609	1252	1252	478	478	426	426	4	4	3	3	224	224	185	185	8184	8184	1357	1357	942	942	3513	3513	2080	2080	3382	3382	26643	26643	6113	6113	2955	2955	22946	22946	460	460	2721	2721	863	863	475	475	98	98	671	671	64687	64687	17199	17199	41	41	1	1	177	177	115	115	78	78	364	364	161	161	16	16	232	232	87	87	137	137	4	4	245	245	24	24	369	369	34	34	91	91	71	71	211	211	53	53
IND00729	90	90	898	898	4864	4864	9348	9348	16048	16048	12418	12418	416	416	48	48	115	115	107	107	1826	1826	332	332	122	122	256	256	55	55	26	26	40	40	105	105	16	16	5	5	168	168	293	293	245	245	188	188	282	282	1051	1051	875	875	376	376	1	1	24	24	99047	99047	67208	67208	235	235	1044	1044	7	7	7	7	717	717	111	111	221	221	8124	8124	3635	3635	1421	1421	6739	6739	2487	2487	15	15	23	23	15684	15684	15269	15269	12	12	86	86	184	184	112	112	172	172	66	66	1406	1406	303	303	112	112	186	186	1	1	3	3	46	46	147	147	4055	4055	1816	1816	1838	1838	1646	1646	945	945	406	406	27861	27861	26124	26124	20304	20304	17176	17176	14950	14950	8042	8042	533	533	1023	1023	211	211	111	111	10084	10084	118	118	3	3	40	40	86	86	212	212	348	348	66	66	240	240	165	165	170	170	164	164	412	412	237	237	68	68	19	19	1352	1352	1344	1344	50	50	98	98	192	192	245	245
IND00730	474	474	243	243	7007	7007	8302	8302	9706	9706	14469	14469	337	337	207	207	88	88	59	59	67	67	553	553	244	244	95	95	15	15	90	90	163	163	55	55	12	12	5	5	133	133	108	108	160	160	372	372	757	757	222	222	2721	2721	135	135	18	18	12	12	17259	17259	39042	39042	758	758	1695	1695	5	5	3	3	3694	3694	1386	1386	7632	7632	3740	3740	3211	3211	7144	7144	10477	10477	15879	15879	32	32	20	20	30113	30113	30152	30152	81	81	70	70	245	245	165	165	30	30	140	140	1954	1954	756	756	533	533	783	783	7	7	4	4	28	28	126	126	5637	5637	4847	4847	2678	2678	1791	1791	288	288	1108	1108	19604	19604	24566	24566	10884	10884	14980	14980	18135	18135	23933	23933	108	108	545	545	475	475	888	888	121764	121764	60031	60031	24	24	32	32	249	249	202	202	222	222	398	398	260	260	415	415	398	398	68	68	307	307	298	298	249	249	395	395	1783	1783	1388	1388	128	128	72	72	225	225	210	210
IND00731	836	836	748	748	7317	7317	4229	4229	322	322	3	3	71	71	73	73	28	28	5	5	1578	1578	1134	1134	11	11	53	53	19	19	76	76	132	132	159	159	5	5	9	9	351	351	457	457	196	196	16	16	1821	1821	632	632	2287	2287	1408	1408	24	24	21	21	44049	44049	24611	24611	999	999	1087	1087	4	4	7	7	2771	2771	68	68	7366	7366	7659	7659	6983	6983	4350	4350	4594	4594	443	443	27	27	18	18	10096	10096	30542	30542	76	76	117	117	212	212	116	116	43	43	208	208	1317	1317	1611	1611	945	945	705	705	7	7	2	2	102	102	213	213	260	260	358	358	2949	2949	1395	1395	184	184	1555	1555	9901	9901	31688	31688	26747	26747	27764	27764	26224	26224	8186	8186	895	895	248	248	262	262	692	692	28452	28452	85279	85279	42	42	59	59	181	181	134	134	442	442	32	32	24	24	444	444	154	154	426	426	328	328	443	443	392	392	301	301	1665	1665	223	223	97	97	107	107	40	40	182	182
IND00732	848	848	737	737	9423	9423	9917	9917	1596	1596	4933	4933	507	507	246	246	34	34	26	26	1043	1043	277	277	42	42	254	254	106	106	2	2	163	163	66	66	5	5	3	3	396	396	214	214	496	496	225	225	1993	1993	1726	1726	2638	2638	3510	3510	25	25	2	2	104446	104446	86011	86011	1653	1653	1720	1720	4	4	5	5	2357	2357	3767	3767	258	258	7696	7696	2244	2244	4750	4750	5375	5375	7031	7031	9	9	3	3	22861	22861	31204	31204	72	72	113	113	118	118	69	69	244	244	211	211	1821	1821	701	701	531	531	795	795	8	8	7	7	143	143	99	99	3195	3195	6501	6501	2342	2342	2501	2501	1765	1765	1242	1242	6486	6486	6072	6072	1839	1839	30485	30485	12865	12865	12398	12398	151	151	508	508	581	581	770	770	59080	59080	28553	28553	39	39	60	60	22	22	231	231	104	104	13	13	95	95	337	337	83	83	488	488	154	154	470	470	119	119	113	113	642	642	1851	1851	26	26	12	12	159	159	117	117
IND00733	230	230	194	194	637	637	15645	15645	11492	11492	12539	12539	156	156	350	350	69	69	78	78	1646	1646	23	23	150	150	188	188	91	91	61	61	232	232	153	153	12	12	13	13	75	75	143	143	2	2	39	39	230	230	214	214	2644	2644	1031	1031	31	31	9	9	56752	56752	1899	1899	493	493	951	951	2	2	8	8	1697	1697	1402	1402	6408	6408	7180	7180	4965	4965	2657	2657	14566	14566	8947	8947	8	8	18	18	30495	30495	32413	32413	82	82	60	60	19	19	151	151	48	48	196	196	1952	1952	1608	1608	405	405	839	839	5	5	1	1	250	250	103	103	4000	4000	6522	6522	1363	1363	2245	2245	2236	2236	1915	1915	24488	24488	31961	31961	594	594	23914	23914	20642	20642	31762	31762	74	74	452	452	779	779	393	393	121481	121481	61025	61025	8	8	38	38	191	191	198	198	5	5	506	506	402	402	274	274	400	400	107	107	365	365	124	124	488	488	267	267	438	438	762	762	42	42	108	108	246	246	31	31
IND00734	177	177	84	84	8527	8527	11112	11112	10917	10917	7901	7901	456	456	6	6	94	94	35	35	1747	1747	1939	1939	185	185	151	151	61	61	17	17	241	241	252	252	5	5	15	15	10	10	218	218	143	143	143	143	597	597	1374	1374	1445	1445	3974	3974	17	17	16	16	97152	97152	108819	108819	1388	1388	1355	1355	6	6	8	8	1675	1675	784	784	6583	6583	3208	3208	2299	2299	6273	6273	2664	2664	4318	4318	18	18	19	19	30158	30158	21847	21847	40	40	42	42	64	64	30	30	214	214	61	61	1513	1513	1348	1348	361	361	994	994	8	8	6	6	187	187	21	21	4944	4944	5582	5582	3692	3692	1174	1174	3226	3226	1221	1221	26464	26464	2477	2477	24358	24358	32084	32084	23826	23826	13042	13042	683	683	638	638	147	147	272	272	125470	125470	110992	110992	28	28	58	58	253	253	187	187	100	100	56	56	105	105	434	434	173	173	158	158	19	19	473	473	243	243	210	210	1893	1893	767	767	67	67	23	23	252	252	59	59
IND00735	539	539	613	613	899	899	15807	15807	5029	5029	14992	14992	276	276	166	166	84	84	51	51	1188	1188	883	883	188	188	144	144	58	58	72	72	19	19	223	223	5	5	15	15	115	115	439	439	95	95	368	368	318	318	1025	1025	3996	3996	1512	1512	10	10	1	1	108941	108941	105450	105450	1686	1686	1394	1394	4	4	4	4	1770	1770	2761	2761	4509	4509	379	379	4726	4726	539	539	9488	9488	4824	4824	10	10	28	28	14501	14501	2513	2513	10	10	39	39	248	248	41	41	156	156	223	223	680	680	1260	1260	868	868	38	38	5	5	7	7	253	253	140	140	1627	1627	7154	7154	1484	1484	201	201	2226	2226	1656	1656	32637	32637	18543	18543	887	887	16683	16683	3539	3539	6311	6311	732	732	449	449	42	42	811	811	38928	38928	17697	17697	11	11	50	50	21	21	25	25	357	357	509	509	199	199	401	401	407	407	413	413	2	2	202	202	170	170	319	319	1357	1357	1377	1377	17	17	109	109	73	73	203	203
IND00736	847	847	637	637	8022	8022	5297	5297	8475	8475	2852	2852	286	286	499	499	49	49	56	56	286	286	211	211	129	129	98	98	55	55	8	8	84	84	173	173	7	7	15	15	61	61	314	314	284	284	249	249	1331	1331	1628	1628	964	964	609	609	30	30	29	29	49413	49413	130181	130181	2008	2008	1643	1643	4	4	5	5	2508	2508	1227	1227	1596	1596	2152	2152	1994	1994	456	456	12500	12500	4427	4427	18	18	10	10	15626	15626	13064	13064	57	57	61	61	132	132	104	104	59	59	205	205	530	530	1872	1872	648	648	454	454	1	1	2	2	185	185	200	200	2178	2178	5436	5436	49	49	1152	1152	1473	1473	3039	3039	17092	17092	24310	24310	30213	30213	6385	6385	32323	32323	17172	17172	480	480	665	665	834	834	353	353	93366	93366	54056	54056	58	58	7	7	123	123	230	230	326	326	144	144	216	216	59	59	144	144	455	455	220	220	199	199	300	300	42	42	1837	1837	18	18	88	88	112	112	93	93	123	123
IND00737	76	76	1008	1008	4079	4079	433	433	10724	10724	8440	8440	237	237	53	53	120	120	8	8	184	184	1984	1984	168	168	132	132	120	120	20	20	71	71	25	25	11	11	14	14	8	8	113	113	412	412	164	164	781	781	697	697	728	728	3763	3763	7	7	1	1	31592	31592	654	654	261	261	696	696	6	6	8	8	2295	2295	1511	1511	5701	5701	2253	2253	5926	5926	5467	5467	15121	15121	800	800	13	13	26	26	32493	32493	83	83	92	92	119	119	6	6	194	194	207	207	85	85	1970	1970	1658	1658	755	755	641	641	5	5	4	4	206	206	65	65	65	65	6437	6437	106	106	713	713	85	85	1682	1682	24433	24433	10724	10724	22783	22783	7354	7354	19473	19473	8172	8172	957	957	36	36	224	224	43	43	10134	10134	30990	30990	8	8	57	57	31	31	196	196	220	220	203	203	212	212	468	468	257	257	251	251	38	38	230	230	161	161	399	399	660	660	625	625	78	78	124	124	172	172	186	186
IND00738	465	465	635	635	1616	1616	4306	4306	490	490	81	81	181	181	361	361	105	105	110	110	1382	1382	630	630	244	244	236	236	120	120	42	42	95	95	68	68	10	10	13	13	398	398	138	138	471	471	44	44	2009	2009	1594	1594	2743	2743	3603	3603	32	32	29	29	71798	71798	103551	103551	942	942	1277	1277	3	3	7	7	3612	3612	3907	3907	6600	6600	7800	7800	6287	6287	2666	2666	3709	3709	5399	5399	31	31	29	29	4571	4571	25593	25593	2	2	51	51	92	92	17	17	74	74	248	248	628	628	213	213	776	776	171	171	6	6	6	6	6	6	218	218	6278	6278	4532	4532	2451	2451	923	923	1670	1670	3510	3510	27347	27347	1893	1893	20055	20055	914	914	11140	11140	19191	19191	156	156	113	113	216	216	799	799	50613	50613	126292	126292	26	26	33	33	181	181	148	148	461	461	370	370	353	353	408	408	40	40	331	331	243	243	288	288	8	8	456	456	1902	1902	1146	1146	4	4	120	120	191	191	69	69
IND00739	169	169	818	818	10154	10154	10227	10227	1463	1463	6553	6553	209	209	154	154	26	26	20	20	1492	1492	1511	1511	107	107	48	48	54	54	108	108	8	8	91	91	7	7	7	7	78	78	309	309	172	172	482	482	1425	1425	1419	1419	3496	3496	3620	3620	3	3	20	20	116152	116152	48980	48980	1374	1374	229	229	6	6	7	7	1862	1862	1760	1760	2559	2559	7329	7329	7358	7358	3680	3680	1757	1757	1684	1684	25	25	21	21	3839	3839	2564	2564	123	123	99	99	149	149	54	54	124	124	106	106	990	990	586	586	389	389	550	550	7	7	3	3	201	201	150	150	6036	6036	3214	3214	2373	2373	2543	2543	4044	4044	1595	1595	938	938	27177	27177	3966	3966	21656	21656	8273	8273	10137	10137	83	83	131	131	110	110	343	343	111036	111036	106521	106521	12	12	11	11	67	67	248	248	48	48	60	60	351	351	310	310	254	254	306	306	38	38	437	437	199	199	148	148	1675	1675	897	897	82	82	65	65	182	182	182	182
IND00740	712	712	975	975	8061	8061	5805	5805	91	91	2574	2574	275	275	378	378	71	71	44	44	1622	1622	1431	1431	33	33	221	221	94	94	13	13	171	171	256	256	9	9	3	3	160	160	172	172	134	134	140	140	1145	1145	1639	1639	3186	3186	2067	2067	9	9	25	25	499	499	89047	89047	650	650	1788	1788	3	3	3	3	1920	1920	1111	1111	811	811	5139	5139	2261	2261	4566	4566	4259	4259	7134	7134	2	2	5	5	30087	30087	18661	18661	64	64	109	109	54	54	189	189	29	29	226	226	174	174	622	622	321	321	77	77	6	6	6	6	28	28	225	225	826	826	2625	2625	4002	4002	3464	3464	1021	1021	2288	2288	9335	9335	19900	19900	2121	2121	14611	14611	28047	28047	25505	25505	601	601	667	667	284	284	194	194	94060	94060	47920	47920	45	45	8	8	131	131	74	74	99	99	127	127	417	417	207	207	275	275	115	115	169	169	375	375	405	405	224	224	2042	2042	170	170	77	77	60	60	41	41	2	2
IND00741	731	731	987	987	8814	8814	1773	1773	11926	11926	14536	14536	441	441	407	407	77	77	105	105	1675	1675	1265	1265	22	22	38	38	66	66	18	18	85	85	182	182	14	14	1	1	112	112	72	72	187	187	4	4	258	258	1955	1955	1312	1312	1904	1904	10	10	23	23	47479	47479	96040	96040	1744	1744	123	123	2	2	7	7	3923	3923	477	477	5555	5555	5360	5360	1289	1289	1029	1029	12356	12356	6823	6823	3	3	24	24	25392	25392	5082	5082	1	1	31	31	170	170	60	60	138	138	72	72	1548	1548	1146	1146	702	702	500	500	3	3	4	4	107	107	214	214	6122	6122	5852	5852	1741	1741	167	167	736	736	81	81	11544	11544	25208	25208	31854	31854	32466	32466	24186	24186	310	310	708	708	211	211	955	955	631	631	32129	32129	74780	74780	56	56	42	42	119	119	121	121	305	305	9	9	431	431	191	191	401	401	152	152	154	154	28	28	389	389	226	226	714	714	1103	1103	88	88	22	22	192	192	201	201
IND00742	219	219	287	287	9790	9790	9474	9474	7628	7628	1225	1225	21	21	484	484	63	63	123	123	8	8	1013	1013	248	248	79	79	121	121	111	111	49	49	246	246	2	2	16	16	50	50	317	317	5	5	3	3	879	879	594	594	3293	3293	908	908	12	12	27	27	5882	5882	94379	94379	761	761	758	758	6	6	8	8	2822	2822	402	402	5887	5887	255	255	1211	1211	7214	7214	11721	11721	3467	3467	1	1	14	14	17078	17078	26694	26694	111	111	110	110	197	197	100	100	27	27	58	58	287	287	790	790	855	855	153	153	2	2	5	5	183	183	195	195	428	428	5270	5270	188	188	3014	3014	3711	3711	3447	3447	28843	28843	25022	25022	4474	4474	13710	13710	4747	4747	3549	3549	495	495	813	813	607	607	808	808	113379	113379	73071	73071	60	60	41	41	53	53	179	179	60	60	170	170	484	484	153	153	99	99	159	159	65	65	226	226	240	240	23	23	1191	1191	1667	1667	7	7	97	97	69	69	26	26
IND00743	52	52	507	507	12353	12353	9500	9500	722	722	10740	10740	353	353	287	287	64	64	2	2	1439	1439	286	286	229	229	131	131	53	53	46	46	184	184	24	24	15	15	15	15	338	338	198	198	261	261	83	83	1407	1407	455	455	3663	3663	1103	1103	10	10	1	1	56806	56806	39051	39051	960	960	1607	1607	8	8	7	7	3655	3655	940	940	2320	2320	2255	2255	2129	2129	8110	8110	11101	11101	2779	2779	16	16	3	3	10506	10506	14538	14538	22	22	117	117	136	136	205	205	73	73	69	69	916	916	1710	1710	329	329	509	509	6	6	7	7	211	211	41	41	7691	7691	235	235	3644	3644	4061	4061	1970	1970	2108	2108	20330	20330	21426	21426	24165	24165	24046	24046	24450	24450	19135	19135	779	779	546	546	88	88	610	610	23663	23663	64072	64072	30	30	16	16	211	211	119	119	459	459	242	242	273	273	270	270	109	109	493	493	353	353	234	234	359	359	501	501	1145	1145	1839	1839	44	44	52	52	171	171	15	15
IND00744	742	742	167	167	7148	7148	7259	7259	9519	9519	7263	7263	488	488	508	508	3	3	21	21	1718	1718	828	828	56	56	67	67	94	94	33	33	251	251	197	197	2	2	8	8	218	218	107	107	221	221	233	233	1539	1539	1845	1845	3893	3893	952	952	16	16	20	20	69446	69446	50332	50332	555	555	644	644	2	2	7	7	3279	3279	3185	3185	5004	5004	8084	8084	3648	3648	4406	4406	15264	15264	15851	15851	4	4	6	6	29701	29701	30498	30498	37	37	11	11	214	214	64	64	132	132	69	69	1232	1232	751	751	585	585	224	224	2	2	6	6	100	100	49	49	7635	7635	1709	1709	2098	2098	401	401	70	70	2198	2198	31977	31977	5595	5595	4395	4395	2359	2359	29296	29296	5446	5446	859	859	290	290	1009	1009	559	559	23781	23781	21285	21285	58	58	1	1	141	141	39	39	116	116	245	245	408	408	338	338	206	206	35	35	79	79	498	498	408	408	341	341	1242	1242	1230	1230	64	64	26	26	245	245	109	109
IND00745	611	611	905	905	10956	10956	2355	2355	9020	9020	2326	2326	497	497	249	249	52	52	102	102	1546	1546	156	156	28	28	192	192	14	14	80	80	180	180	146	146	2	2	10	10	485	485	267	267	407	407	234	234	1513	1513	835	835	3124	3124	2463	2463	6	6	11	11	107232	107232	18293	18293	376	376	226	226	3	3	8	8	18	18	2853	2853	2368	2368	5694	5694	2626	2626	778	778	2174	2174	2983	2983	18	18	11	11	28476	28476	5165	5165	9	9	38	38	229	229	203	203	7	7	212	212	839	839	322	322	88	88	285	285	4	4	5	5	143	143	238	238	2677	2677	4676	4676	3206	3206	3111	3111	1982	1982	2374	2374	2385	2385	27988	27988	12119	12119	22803	22803	9146	9146	276	276	656	656	80	80	311	311	257	257	17506	17506	17847	17847	18	18	47	47	77	77	24	24	368	368	139	139	62	62	304	304	43	43	235	235	63	63	372	372	382	382	191	191	205	205	1844	1844	27	27	43	43	197	197	144	144
IND00746	862	862	858	858	15904	15904	11363	11363	13965	13965	2566	2566	389	389	139	139	1	1	67	67	567	567	1655	1655	221	221	138	138	120	120	77	77	148	148	155	155	2	2	10	10	238	238	197	197	155	155	201	201	436	436	826	826	769	769	2161	2161	11	11	4	4	123090	123090	10021	10021	869	869	1518	1518	3	3	7	7	1005	1005	2347	2347	5920	5920	2871	2871	1975	1975	3247	3247	339	339	5012	5012	31	31	5	5	3112	3112	15415	15415	120	120	97	97	92	92	68	68	200	200	237	237	308	308	45	45	726	726	994	994	1	1	5	5	121	121	57	57	5394	5394	8169	8169	2715	2715	3520	3520	1980	1980	2785	2785	20474	20474	13648	13648	27249	27249	27918	27918	13861	13861	32598	32598	160	160	969	969	1020	1020	618	618	129636	129636	67229	67229	35	35	60	60	209	209	226	226	263	263	264	264	170	170	456	456	119	119	420	420	462	462	439	439	85	85	212	212	314	314	416	416	40	40	68	68	193	193	117	117
IND00747	449	449	880	880	10150	10150	13938	13938	7408	7408	12833	12833	392	392	157	157	55	55	13	13	883	883	979	979	115	115	148	148	6	6	36	36	59	59	56	56	3	3	3	3	175	175	335	335	504	504	302	302	1879	1879	972	972	3040	3040	707	707	24	24	30	30	36086	36086	119305	119305	1885	1885	194	194	5	5	4	4	3261	3261	3047	3047	1068	1068	5136	5136	7917	7917	1214	1214	5401	5401	4527	4527	13	13	20	20	20729	20729	24731	24731	106	106	111	111	112	112	47	47	181	181	11	11	353	353	1666	1666	759	759	133	133	6	6	5	5	207	207	92	92	5351	5351	977	977	2987	2987	3360	3360	2425	2425	1037	1037	32505	32505	153	153	20118	20118	24136	24136	3001	3001	28553	28553	991	991	744	744	542	542	621	621	78228	78228	42934	42934	8	8	40	40	28	28	35	35	317	317	28	28	320	320	255	255	405	405	274	274	329	329	225	225	393	393	264	264	1790	1790	1244	1244	31	31	82	82	42	42	218	218
IND00748	1001	1001	743	743	16351	16351	6600	6600	3629	3629	3202	3202	475	475	51	51	126	126	46	46	473	473	1233	1233	73	73	108	108	94	94	66	66	16	16	182	182	1	1	14	14	127	127	324	324	147	147	84	84	455	455	1919	1919	3150	3150	714	714	21	21	20	20	74476	74476	10430	10430	59	59	946	946	7	7	8	8	504	504	722	722	2213	2213	619	619	7696	7696	6422	6422	3800	3800	6477	6477	22	22	24	24	11520	11520	27818	27818	74	74	10	10	207	207	8	8	245	245	32	32	954	954	1102	1102	1002	1002	237	237	7	7	7	7	168	168	48	48	6616	6616	565	565	2373	2373	3614	3614	2496	2496	1966	1966	21801	21801	29966	29966	31630	31630	27164	27164	1238	1238	2589	2589	187	187	376	376	105	105	110	110	95650	95650	14742	14742	5	5	56	56	1	1	221	221	37	37	464	464	283	283	220	220	127	127	141	141	217	217	83	83	505	505	101	101	112	112	490	490	110	110	116	116	204	204	101	101
IND00749	326	326	805	805	3908	3908	7791	7791	6500	6500	3262	3262	5	5	46	46	39	39	22	22	80	80	996	996	12	12	196	196	55	55	24	24	20	20	199	199	15	15	4	4	365	365	53	53	349	349	30	30	248	248	1705	1705	2175	2175	2361	2361	30	30	30	30	10587	10587	52166	52166	1580	1580	814	814	7	7	1	1	1912	1912	562	562	2083	2083	1171	1171	6216	6216	144	144	6480	6480	5903	5903	4	4	25	25	6535	6535	4546	4546	32	32	16	16	25	25	150	150	147	147	239	239	1505	1505	1652	1652	597	597	853	853	4	4	5	5	163	163	117	117	7719	7719	5129	5129	883	883	1352	1352	2240	2240	4076	4076	16687	16687	14121	14121	2256	2256	24629	24629	18008	18008	26880	26880	562	562	338	338	409	409	66	66	129054	129054	192	192	34	34	53	53	24	24	127	127	505	505	330	330	206	206	30	30	208	208	236	236	203	203	25	25	448	448	503	503	1866	1866	59	59	32	32	91	91	162	162	198	198
IND00750	591	591	506	506	2523	2523	2173	2173	3237	3237	11487	11487	347	347	191	191	67	67	26	26	1650	1650	1764	1764	92	92	242	242	122	122	118	118	126	126	105	105	1	1	2	2	509	509	285	285	450	450	266	266	190	190	2020	2020	3420	3420	1254	1254	29	29	31	31	20259	20259	85712	85712	1815	1815	1469	1469	8	8	2	2	4000	4000	3687	3687	3512	3512	7680	7680	5033	5033	7490	7490	10239	10239	2856	2856	25	25	21	21	2648	2648	3423	3423	127	127	27	27	197	197	72	72	180	180	4	4	1873	1873	1725	1725	257	257	920	920	4	4	3	3	60	60	182	182	5385	5385	6101	6101	3801	3801	2797	2797	1222	1222	1939	1939	5915	5915	24452	24452	29974	29974	20078	20078	2684	2684	16194	16194	116	116	404	404	824	824	1019	1019	49594	49594	56932	56932	40	40	3	3	134	134	39	39	286	286	158	158	126	126	508	508	240	240	7	7	374	374	79	79	382	382	319	319	1241	1241	1949	1949	76	76	108	108	113	113	183	183
IND00751	800	800	316	316	12994	12994	7694	7694	4912	4912	7369	7369	154	154	490	490	40	40	81	81	220	220	777	777	5	5	176	176	45	45	101	101	10	10	89	89	7	7	16	16	431	431	206	206	471	471	6	6	96	96	205	205	563	563	1029	1029	24	24	27	27	84086	84086	33047	33047	574	574	1385	1385	2	2	1	1	3008	3008	2152	2152	1419	1419	4762	4762	3412	3412	4070	4070	10753	10753	319	319	30	30	6	6	16904	16904	24634	24634	120	120	111	111	36	36	61	61	154	154	36	36	1176	1176	429	429	206	206	435	435	1	1	8	8	75	75	102	102	5595	5595	3	3	1939	1939	45	45	3726	3726	376	376	1138	1138	8814	8814	17801	17801	30241	30241	29996	29996	21735	21735	51	51	520	520	206	206	71	71	52610	52610	7983	7983	20	20	11	11	64	64	164	164	10	10	384	384	497	497	457	457	37	37	73	73	240	240	363	363	329	329	61	61	1528	1528	295	295	31	31	47	47	8	8	215	215
IND00752	912	912	494	494	7858	7858	12617	12617	11908	11908	8155	8155	435	435	87	87	17	17	5	5	20	20	1683	1683	238	238	240	240	115	115	40	40	110	110	28	28	5	5	6	6	183	183	87	87	13	13	33	33	803	803	1036	1036	352	352	2734	2734	24	24	8	8	84774	84774	31939	31939	983	983	1275	1275	4	4	5	5	3556	3556	1624	1624	3293	3293	543	543	932	932	868	868	12455	12455	1419	1419	16	16	12	12	8324	8324	8063	8063	50	50	28	28	150	150	64	64	208	208	63	63	1639	1639	1429	1429	624	624	447	447	6	6	4	4	164	164	22	22	1019	1019	3406	3406	2760	2760	873	873	1848	1848	581	581	16650	16650	32404	32404	11526	11526	21026	21026	27612	27612	28694	28694	363	363	796	796	82	82	123	123	73552	73552	4702	4702	17	17	46	46	104	104	161	161	501	501	115	115	99	99	5	5	436	436	422	422	99	99	86	86	332	332	250	250	606	606	2032	2032	7	7	44	44	194	194	214	214
IND00753	124	124	931	931	13083	13083	6993	6993	13463	13463	10634	10634	180	180	161	161	31	31	33	33	894	894	1111	1111	55	55	46	46	35	35	112	112	71	71	37	37	13	13	8	8	205	205	493	493	109	109	434	434	2017	2017	205	205	47	47	2656	2656	28	28	32	32	72482	72482	73250	73250	1449	1449	1927	1927	1	1	7	7	434	434	4023	4023	978	978	384	384	1969	1969	621	621	9390	9390	11706	11706	21	21	4	4	13149	13149	26693	26693	25	25	35	35	3	3	170	170	134	134	210	210	643	643	1347	1347	313	313	739	739	5	5	4	4	221	221	13	13	7035	7035	6521	6521	1645	1645	75	75	1260	1260	3081	3081	25819	25819	6165	6165	21484	21484	17642	17642	13347	13347	6315	6315	258	258	510	510	311	311	523	523	101225	101225	7895	7895	18	18	5	5	151	151	164	164	263	263	264	264	244	244	342	342	416	416	102	102	230	230	223	223	186	186	300	300	1018	1018	439	439	75	75	8	8	21	21	105	105
IND00754	470	470	305	305	10778	10778	15479	15479	12939	12939	9323	9323	138	138	369	369	65	65	19	19	1160	1160	928	928	217	217	16	16	53	53	100	100	167	167	194	194	1	1	3	3	121	121	182	182	70	70	306	306	1204	1204	66	66	803	803	3047	3047	5	5	11	11	129594	129594	107259	107259	794	794	1591	1591	1	1	8	8	3126	3126	3882	3882	1344	1344	7504	7504	1399	1399	6457	6457	300	300	4395	4395	12	12	22	22	28693	28693	8203	8203	97	97	24	24	240	240	58	58	222	222	192	192	1762	1762	35	35	7	7	46	46	3	3	7	7	64	64	157	157	1112	1112	8018	8018	2289	2289	1237	1237	773	773	3791	3791	503	503	6964	6964	6334	6334	26203	26203	16525	16525	6333	6333	393	393	489	489	808	808	971	971	75867	75867	115445	115445	36	36	38	38	123	123	84	84	142	142	238	238	42	42	88	88	154	154	8	8	507	507	115	115	456	456	395	395	1021	1021	339	339	56	56	125	125	140	140	254	254
IND00755	680	680	778	778	15630	15630	15481	15481	3476	3476	12388	12388	283	283	503	503	18	18	10	10	1736	1736	856	856	33	33	45	45	47	47	86	86	222	222	31	31	9	9	14	14	441	441	322	322	229	229	419	419	1127	1127	294	294	2772	2772	765	765	22	22	31	31	130087	130087	74653	74653	1092	1092	155	155	5	5	5	5	2367	2367	3369	3369	4745	4745	5318	5318	2595	2595	8097	8097	830	830	832	832	15	15	11	11	23955	23955	24388	24388	20	20	122	122	27	27	206	206	254	254	87	87	734	734	1024	1024	38	38	785	785	4	4	2	2	225	225	88	88	2735	2735	3750	3750	2248	2248	1929	1929	3094	3094	3093	3093	8720	8720	14253	14253	17486	17486	23411	23411	18424	18424	5280	5280	365	365	754	754	322	322	109	109	90121	90121	34989	34989	20	20	61	61	176	176	157	157	449	449	416	416	25	25	495	495	179	179	301	301	86	86	292	292	189	189	130	130	303	303	29	29	106	106	25	25	97	97	227	227
IND00756	335	335	605	605	15035	15035	14167	14167	8871	8871	1627	1627	117	117	509	509	123	123	103	103	21	21	1140	1140	201	201	123	123	87	87	96	96	151	151	9	9	13	13	8	8	8	8	299	299	138	138	399	399	1418	1418	1832	1832	3488	3488	3632	3632	12	12	1	1	107922	107922	53813	53813	732	732	732	732	3	3	1	1	3335	3335	3379	3379	6145	6145	4358	4358	1739	1739	313	313	3133	3133	12804	12804	29	29	14	14	29475	29475	4056	4056	124	124	105	105	148	148	117	117	205	205	112	112	642	642	1841	1841	755	755	607	607	2	2	5	5	184	184	23	23	271	271	5872	5872	3977	3977	3523	3523	1361	1361	1453	1453	7500	7500	17716	17716	29925	29925	9173	9173	15225	15225	12195	12195	688	688	794	794	998	998	1008	1008	14753	14753	110279	110279	36	36	61	61	249	249	253	253	191	191	261	261	423	423	326	326	296	296	422	422	331	331	178	178	416	416	126	126	1985	1985	1484	1484	27	27	80	80	10	10	209	209
IND00757	996	996	186	186	5872	5872	8984	8984	16157	16157	5764	5764	413	413	352	352	69	69	71	71	1602	1602	1185	1185	192	192	180	180	107	107	128	128	223	223	53	53	12	12	14	14	457	457	386	386	113	113	323	323	836	836	1086	1086	1994	1994	1975	1975	4	4	4	4	122368	122368	75746	75746	466	466	1106	1106	2	2	6	6	1604	1604	2663	2663	1853	1853	8106	8106	7216	7216	3374	3374	3144	3144	3327	3327	26	26	7	7	15427	15427	27370	27370	92	92	80	80	85	85	198	198	110	110	224	224	1399	1399	1031	1031	938	938	981	981	3	3	3	3	57	57	177	177	690	690	7318	7318	2427	2427	3359	3359	2129	2129	781	781	6754	6754	15208	15208	19559	19559	1625	1625	14127	14127	18300	18300	706	706	727	727	427	427	752	752	24244	24244	14172	14172	55	55	54	54	245	245	109	109	73	73	352	352	466	466	439	439	503	503	139	139	54	54	348	348	461	461	375	375	1667	1667	1518	1518	74	74	26	26	237	237	150	150
IND00758	226	226	487	487	14494	14494	4585	4585	4156	4156	478	478	102	102	506	506	16	16	128	128	1994	1994	1300	1300	40	40	40	40	112	112	99	99	246	246	108	108	1	1	8	8	436	436	464	464	481	481	421	421	1998	1998	393	393	1286	1286	3061	3061	25	25	11	11	33382	33382	8288	8288	1744	1744	701	701	3	3	5	5	2385	2385	3346	3346	2961	2961	7205	7205	3758	3758	3020	3020	14316	14316	11616	11616	4	4	4	4	2732	2732	3601	3601	36	36	103	103	172	172	182	182	210	210	243	243	1155	1155	556	556	883	883	15	15	8	8	6	6	38	38	11	11	1669	1669	5392	5392	469	469	3992	3992	3638	3638	3907	3907	8596	8596	24674	24674	24733	24733	7341	7341	15027	15027	28673	28673	947	947	613	613	680	680	288	288	81366	81366	16179	16179	9	9	6	6	161	161	174	174	228	228	19	19	72	72	302	302	45	45	145	145	85	85	335	335	365	365	329	329	1563	1563	1202	1202	12	12	21	21	25	25	22	22
IND00759	538	538	498	498	13726	13726	2024	2024	5318	5318	2444	2444	274	274	186	186	88	88	59	59	2008	2008	725	725	126	126	52	52	33	33	98	98	99	99	144	144	10	10	2	2	75	75	68	68	3	3	179	179	994	994	1022	1022	276	276	3310	3310	2	2	15	15	8266	8266	54955	54955	96	96	1739	1739	1	1	7	7	1849	1849	136	136	4799	4799	6494	6494	1434	1434	3327	3327	570	570	975	975	16	16	12	12	29126	29126	16803	16803	50	50	118	118	248	248	162	162	244	244	170	170	979	979	889	889	892	892	812	812	6	6	1	1	124	124	71	71	6942	6942	8143	8143	2771	2771	3284	3284	278	278	1746	1746	7205	7205	16703	16703	13301	13301	24922	24922	24835	24835	233	233	987	987	477	477	846	846	513	513	125713	125713	96255	96255	20	20	10	10	72	72	128	128	271	271	414	414	309	309	463	463	99	99	354	354	361	361	192	192	337	337	382	382	1770	1770	220	220	77	77	28	28	133	133	46	46
IND00760	352	352	362	362	4816	4816	9823	9823	5017	5017	11949	11949	225	225	477	477	114	114	74	74	1904	1904	1564	1564	232	232	168	168	108	108	47	47	76	76	207	207	5	5	14	14	412	412	102	102	331	331	365	365	237	237	1141	1141	501	501	888	888	5	5	23	23	50900	50900	65017	65017	1477	1477	676	676	3	3	3	3	235	235	716	716	1106	1106	3313	3313	870	870	2938	2938	12945	12945	6356	6356	11	11	20	20	2528	2528	21709	21709	38	38	13	13	130	130	225	225	175	175	218	218	1459	1459	1613	1613	865	865	21	21	4	4	5	5	151	151	55	55	4983	4983	7223	7223	3374	3374	1713	1713	2621	2621	1819	1819	22568	22568	19310	19310	11226	11226	7664	7664	16840	16840	1458	1458	1020	1020	118	118	223	223	1009	1009	39564	39564	56664	56664	43	43	23	23	208	208	86	86	380	380	432	432	10	10	138	138	506	506	339	339	339	339	220	220	185	185	416	416	471	471	515	515	122	122	18	18	238	238	216	216
IND00761	128	128	412	412	15124	15124	14099	14099	9432	9432	1034	1034	254	254	369	369	32	32	69	69	1919	1919	1107	1107	57	57	84	84	117	117	35	35	172	172	15	15	3	3	3	3	246	246	57	57	73	73	5	5	31	31	554	554	3488	3488	3579	3579	7	7	24	24	755	755	115511	115511	171	171	1961	1961	8	8	6	6	1693	1693	1149	1149	4732	4732	7348	7348	4325	4325	3663	3663	4002	4002	2329	2329	26	26	30	30	17604	17604	5179	5179	38	38	46	46	225	225	36	36	196	196	238	238	615	615	183	183	176	176	665	665	4	4	7	7	123	123	118	118	1767	1767	4728	4728	2432	2432	2924	2924	1156	1156	3480	3480	14247	14247	10956	10956	26352	26352	28365	28365	21939	21939	19015	19015	706	706	804	804	813	813	483	483	11445	11445	31925	31925	58	58	58	58	236	236	6	6	307	307	28	28	92	92	254	254	121	121	261	261	441	441	318	318	420	420	173	173	615	615	1675	1675	116	116	104	104	94	94	23	23
IND00762	292	292	454	454	9845	9845	13439	13439	8026	8026	10327	10327	170	170	374	374	20	20	10	10	1499	1499	1463	1463	186	186	154	154	112	112	98	98	7	7	244	244	6	6	11	11	42	42	13	13	84	84	128	128	2008	2008	264	264	1560	1560	3274	3274	10	10	21	21	37264	37264	110892	110892	1268	1268	1627	1627	5	5	8	8	3241	3241	2856	2856	2896	2896	1240	1240	6954	6954	6917	6917	3239	3239	3318	3318	5	5	22	22	30658	30658	8346	8346	115	115	34	34	92	92	77	77	255	255	36	36	1436	1436	1949	1949	1010	1010	1010	1010	4	4	8	8	161	161	91	91	5142	5142	7020	7020	686	686	1661	1661	3365	3365	3869	3869	18267	18267	9385	9385	21568	21568	13263	13263	13953	13953	6443	6443	48	48	159	159	219	219	628	628	31011	31011	4022	4022	61	61	64	64	7	7	136	136	149	149	436	436	169	169	187	187	488	488	139	139	257	257	509	509	296	296	502	502	1494	1494	1168	1168	78	78	4	4	224	224	121	121
IND00763	270	270	194	194	14862	14862	10187	10187	15467	15467	12272	12272	25	25	337	337	23	23	37	37	73	73	1438	1438	253	253	99	99	96	96	54	54	189	189	215	215	3	3	4	4	464	464	163	163	217	217	481	481	989	989	1180	1180	3177	3177	3174	3174	10	10	9	9	83908	83908	33730	33730	482	482	1865	1865	1	1	7	7	1280	1280	2215	2215	6889	6889	1394	1394	5155	5155	6878	6878	5920	5920	730	730	28	28	7	7	3205	3205	4430	4430	7	7	60	60	69	69	216	216	36	36	237	237	1026	1026	1907	1907	339	339	665	665	3	3	1	1	150	150	19	19	2641	2641	4005	4005	1733	1733	3111	3111	3290	3290	3272	3272	14849	14849	102	102	5941	5941	257	257	17630	17630	20158	20158	788	788	569	569	328	328	302	302	77284	77284	70531	70531	42	42	48	48	200	200	31	31	216	216	367	367	483	483	356	356	296	296	189	189	301	301	210	210	11	11	297	297	1119	1119	969	969	27	27	120	120	95	95	162	162
IND00764	532	532	285	285	6758	6758	1222	1222	5467	5467	10704	10704	208	208	364	364	2	2	92	92	336	336	1127	1127	217	217	155	155	7	7	31	31	112	112	126	126	13	13	8	8	464	464	378	378	283	283	140	140	1603	1603	639	639	1547	1547	1644	1644	24	24	15	15	61644	61644	29323	29323	1049	1049	513	513	2	2	2	2	2014	2014	1928	1928	2272	2272	4184	4184	7632	7632	3716	3716	6398	6398	256	256	2	2	5	5	30465	30465	32465	32465	46	46	66	66	84	84	46	46	127	127	224	224	903	903	1238	1238	871	871	692	692	4	4	1	1	49	49	117	117	4199	4199	5685	5685	973	973	3762	3762	2888	2888	2380	2380	3752	3752	691	691	22928	22928	32482	32482	5595	5595	26777	26777	639	639	883	883	515	515	922	922	78349	78349	117506	117506	32	32	46	46	95	95	254	254	216	216	190	190	497	497	246	246	326	326	112	112	353	353	16	16	6	6	163	163	370	370	622	622	2	2	64	64	239	239	83	83
IND00765	987	987	329	329	3966	3966	12077	12077	7572	7572	9808	9808	372	372	294	294	82	82	91	91	792	792	851	851	230	230	138	138	7	7	34	34	115	115	149	149	15	15	13	13	140	140	179	179	365	365	510	510	848	848	1586	1586	2017	2017	749	749	6	6	20	20	31796	31796	12100	12100	1675	1675	814	814	6	6	1	1	3693	3693	146	146	2779	2779	1029	1029	7534	7534	1666	1666	656	656	8762	8762	24	24	1	1	7015	7015	3844	3844	76	76	86	86	171	171	120	120	195	195	211	211	1954	1954	1324	1324	507	507	751	751	2	2	4	4	186	186	190	190	1564	1564	6734	6734	635	635	1171	1171	1420	1420	2502	2502	5166	5166	1868	1868	3291	3291	18931	18931	11360	11360	18371	18371	867	867	48	48	2	2	870	870	124015	124015	73968	73968	10	10	46	46	69	69	152	152	37	37	32	32	235	235	344	344	272	272	86	86	115	115	358	358	39	39	382	382	2006	2006	368	368	104	104	103	103	72	72	77	77
IND00766	904	904	715	715	15761	15761	10792	10792	4095	4095	7806	7806	12	12	433	433	29	29	69	69	863	863	15	15	64	64	2	2	80	80	36	36	122	122	41	41	2	2	2	2	503	503	265	265	352	352	5	5	1808	1808	1351	1351	3836	3836	241	241	30	30	20	20	126298	126298	22074	22074	867	867	49	49	7	7	6	6	1876	1876	514	514	3156	3156	2371	2371	1356	1356	2394	2394	14328	14328	5865	5865	7	7	5	5	25314	25314	11872	11872	127	127	67	67	224	224	175	175	203	203	50	50	1632	1632	1256	1256	344	344	380	380	5	5	5	5	93	93	1	1	6361	6361	774	774	1204	1204	3521	3521	3457	3457	2123	2123	25640	25640	20225	20225	15764	15764	26695	26695	3545	3545	19800	19800	893	893	430	430	405	405	191	191	33399	33399	28794	28794	40	40	47	47	36	36	65	65	163	163	23	23	469	469	337	337	275	275	107	107	105	105	108	108	44	44	279	279	1090	1090	1699	1699	36	36	91	91	96	96	20	20
IND00767	402	402	130	130	7714	7714	5918	5918	5639	5639	13922	13922	202	202	242	242	86	86	32	32	1513	1513	1823	1823	44	44	80	80	92	92	96	96	171	171	19	19	15	15	7	7	386	386	312	312	72	72	86	86	1050	1050	1496	1496	1673	1673	1458	1458	25	25	22	22	68418	68418	35132	35132	1658	1658	1578	1578	5	5	6	6	868	868	465	465	6616	6616	6731	6731	4945	4945	2621	2621	10811	10811	6132	6132	28	28	29	29	13953	13953	11720	11720	92	92	51	51	3	3	86	86	135	135	179	179	1018	1018	1376	1376	22	22	116	116	5	5	1	1	183	183	107	107	911	911	1813	1813	684	684	994	994	893	893	2344	2344	22466	22466	8124	8124	17947	17947	10114	10114	4015	4015	15344	15344	549	549	820	820	527	527	914	914	37115	37115	93891	93891	50	50	27	27	68	68	108	108	317	317	63	63	401	401	225	225	69	69	253	253	466	466	144	144	66	66	5	5	1461	1461	1869	1869	45	45	53	53	166	166	71	71
IND00768	1	1	161	161	11683	11683	6388	6388	75	75	12653	12653	178	178	137	137	55	55	25	25	1155	1155	1130	1130	113	113	131	131	123	123	9	9	180	180	240	240	5	5	12	12	50	50	226	226	392	392	316	316	1981	1981	940	940	3265	3265	2639	2639	14	14	3	3	123897	123897	37987	37987	960	960	1061	1061	6	6	7	7	3269	3269	3242	3242	6523	6523	1674	1674	4112	4112	334	334	16219	16219	12977	12977	29	29	30	30	30554	30554	5727	5727	74	74	32	32	101	101	42	42	112	112	95	95	2014	2014	1484	1484	316	316	997	997	1	1	6	6	228	228	249	249	3490	3490	5762	5762	1544	1544	1607	1607	1869	1869	1435	1435	14826	14826	30891	30891	19038	19038	14109	14109	11293	11293	21764	21764	940	940	235	235	929	929	468	468	11649	11649	82098	82098	49	49	43	43	241	241	25	25	321	321	52	52	280	280	55	55	185	185	388	388	7	7	144	144	179	179	379	379	851	851	1723	1723	60	60	108	108	192	192	249	249
IND00769	671	671	10	10	2385	2385	12511	12511	10833	10833	8276	8276	511	511	450	450	6	6	128	128	2024	2024	1536	1536	44	44	44	44	104	104	18	18	11	11	18	18	1	1	13	13	179	179	97	97	311	311	232	232	302	302	100	100	1443	1443	162	162	24	24	28	28	68622	68622	101599	101599	527	527	137	137	8	8	4	4	2916	2916	2383	2383	1742	1742	445	445	2774	2774	23	23	3859	3859	12622	12622	27	27	10	10	28989	28989	7574	7574	10	10	17	17	131	131	201	201	189	189	113	113	393	393	1199	1199	24	24	175	175	4	4	4	4	174	174	31	31	4095	4095	6349	6349	2101	2101	2345	2345	136	136	2112	2112	10631	10631	13218	13218	24680	24680	22681	22681	32629	32629	2515	2515	294	294	415	415	970	970	214	214	101489	101489	39558	39558	29	29	21	21	157	157	191	191	423	423	223	223	274	274	319	319	292	292	462	462	9	9	502	502	439	439	109	109	916	916	51	51	72	72	118	118	126	126	46	46
IND00770	811	811	297	297	1270	1270	1719	1719	3120	3120	3227	3227	409	409	466	466	47	47	54	54	4	4	802	802	232	232	234	234	91	91	109	109	200	200	201	201	3	3	9	9	120	120	464	464	499	499	140	140	2001	2001	798	798	3176	3176	3065	3065	23	23	18	18	97440	97440	30104	30104	625	625	1585	1585	4	4	8	8	2178	2178	522	522	4623	4623	2618	2618	465	465	188	188	6855	6855	6933	6933	12	12	15	15	26338	26338	24177	24177	33	33	9	9	3	3	77	77	91	91	31	31	416	416	1713	1713	508	508	967	967	5	5	4	4	205	205	209	209	1120	1120	5883	5883	1891	1891	1222	1222	1858	1858	45	45	4377	4377	26558	26558	11524	11524	1608	1608	31757	31757	2386	2386	364	364	88	88	458	458	659	659	101570	101570	58823	58823	10	10	4	4	167	167	179	179	380	380	150	150	370	370	386	386	511	511	167	167	393	393	456	456	134	134	485	485	423	423	6	6	21	21	128	128	218	218	120	120
IND00771	1012	1012	1005	1005	14349	14349	4094	4094	10682	10682	1953	1953	405	405	202	202	79	79	109	109	345	345	150	150	115	115	64	64	48	48	15	15	69	69	219	219	5	5	3	3	103	103	208	208	27	27	360	360	5	5	709	709	2183	2183	3287	3287	11	11	14	14	129082	129082	76708	76708	1834	1834	1068	1068	6	6	8	8	3064	3064	2294	2294	6558	6558	801	801	5305	5305	7967	7967	9631	9631	4125	4125	28	28	5	5	1599	1599	26556	26556	50	50	112	112	185	185	240	240	234	234	115	115	1993	1993	1389	1389	273	273	633	633	4	4	5	5	146	146	200	200	3176	3176	6753	6753	71	71	2398	2398	1699	1699	2534	2534	13533	13533	28326	28326	13515	13515	19718	19718	20040	20040	9583	9583	933	933	27	27	182	182	513	513	17616	17616	57730	57730	63	63	29	29	254	254	184	184	107	107	193	193	14	14	240	240	172	172	484	484	361	361	120	120	128	128	408	408	314	314	175	175	59	59	18	18	157	157	118	118
IND00772	537	537	235	235	2347	2347	5468	5468	11368	11368	251	251	283	283	496	496	100	100	108	108	1334	1334	1359	1359	224	224	21	21	96	96	61	61	155	155	78	78	14	14	11	11	111	111	69	69	265	265	307	307	78	78	1301	1301	1301	1301	1367	1367	9	9	19	19	17822	17822	115338	115338	627	627	1164	1164	6	6	7	7	2554	2554	1796	1796	1877	1877	525	525	7492	7492	2851	2851	6322	6322	191	191	6	6	29	29	17153	17153	22598	22598	47	47	119	119	172	172	9	9	241	241	241	241	1935	1935	811	811	12	12	205	205	7	7	4	4	73	73	116	116	7032	7032	1917	1917	1056	1056	2684	2684	3861	3861	4047	4047	5323	5323	28235	28235	4035	4035	23764	23764	9287	9287	10605	10605	312	312	337	337	970	970	868	868	102256	102256	106371	106371	35	35	28	28	185	185	55	55	507	507	455	455	279	279	365	365	58	58	353	353	216	216	341	341	503	503	486	486	1858	1858	1672	1672	87	87	58	58	181	181	174	174
IND00773	414	414	632	632	2209	2209	1566	1566	15351	15351	2060	2060	418	418	341	341	123	123	63	63	1357	1357	526	526	212	212	96	96	121	121	119	119	4	4	92	92	2	2	13	13	230	230	104	104	2	2	82	82	768	768	433	433	445	445	4069	4069	4	4	13	13	108269	108269	55765	55765	1064	1064	456	456	7	7	1	1	4044	4044	71	71	1868	1868	2119	2119	432	432	408	408	9662	9662	4901	4901	12	12	32	32	29844	29844	29918	29918	9	9	40	40	65	65	128	128	119	119	227	227	1343	1343	92	92	117	117	652	652	1	1	7	7	137	137	26	26	7274	7274	2610	2610	3774	3774	3224	3224	3355	3355	1093	1093	27493	27493	26928	26928	2481	2481	14258	14258	28670	28670	26613	26613	847	847	902	902	86	86	839	839	130030	130030	129652	129652	21	21	60	60	118	118	105	105	505	505	339	339	436	436	263	263	385	385	474	474	29	29	18	18	131	131	427	427	153	153	190	190	64	64	112	112	157	157	49	49
IND00774	298	298	716	716	13376	13376	13193	13193	524	524	14731	14731	98	98	122	122	121	121	109	109	1699	1699	901	901	87	87	132	132	115	115	29	29	114	114	244	244	10	10	11	11	334	334	482	482	82	82	183	183	1429	1429	1152	1152	2943	2943	2470	2470	6	6	32	32	31544	31544	40502	40502	1656	1656	615	615	8	8	6	6	3183	3183	1342	1342	5670	5670	6494	6494	2090	2090	2419	2419	4871	4871	5404	5404	28	28	12	12	24949	24949	17269	17269	119	119	5	5	61	61	176	176	109	109	28	28	368	368	1689	1689	640	640	964	964	1	1	8	8	199	199	225	225	2552	2552	7183	7183	1313	1313	264	264	1559	1559	313	313	19754	19754	11819	11819	28702	28702	7627	7627	18623	18623	4473	4473	962	962	577	577	11	11	362	362	19522	19522	117080	117080	28	28	46	46	172	172	86	86	349	349	359	359	133	133	9	9	379	379	248	248	403	403	473	473	345	345	172	172	1643	1643	530	530	12	12	44	44	162	162	31	31
IND00775	579	579	370	370	10925	10925	13976	13976	16325	16325	1330	1330	45	45	469	469	93	93	58	58	722	722	1154	1154	139	139	109	109	14	14	14	14	105	105	118	118	13	13	1	1	239	239	124	124	472	472	51	51	169	169	1175	1175	336	336	2153	2153	1	1	32	32	112898	112898	66250	66250	1251	1251	1250	1250	2	2	3	3	142	142	2519	2519	3882	3882	5232	5232	4762	4762	3624	3624	5448	5448	2959	2959	7	7	1	1	7257	7257	32137	32137	12	12	29	29	164	164	14	14	205	205	182	182	794	794	1332	1332	771	771	444	444	1	1	4	4	32	32	119	119	4050	4050	1	1	2804	2804	2276	2276	1942	1942	1014	1014	32102	32102	143	143	17307	17307	18989	18989	21000	21000	10169	10169	604	604	615	615	468	468	532	532	31497	31497	77776	77776	19	19	38	38	102	102	158	158	413	413	150	150	235	235	465	465	185	185	200	200	278	278	58	58	381	381	448	448	474	474	856	856	20	20	49	49	20	20	132	132
IND00776	455	455	997	997	14381	14381	16042	16042	14500	14500	15203	15203	434	434	403	403	77	77	124	124	1353	1353	1772	1772	156	156	4	4	16	16	112	112	2	2	107	107	2	2	15	15	219	219	240	240	307	307	409	409	1261	1261	321	321	1633	1633	1631	1631	8	8	7	7	20259	20259	109758	109758	1216	1216	726	726	3	3	8	8	2911	2911	607	607	4469	4469	3840	3840	6975	6975	6198	6198	8957	8957	11356	11356	31	31	4	4	4971	4971	32327	32327	68	68	77	77	59	59	200	200	68	68	128	128	652	652	101	101	791	791	429	429	5	5	8	8	117	117	205	205	7536	7536	1814	1814	2426	2426	1074	1074	491	491	3523	3523	20596	20596	11641	11641	23291	23291	12436	12436	114	114	19092	19092	544	544	195	195	685	685	998	998	110179	110179	14333	14333	61	61	20	20	209	209	144	144	178	178	399	399	252	252	324	324	242	242	416	416	198	198	167	167	320	320	112	112	665	665	1766	1766	21	21	67	67	138	138	236	236
IND00777	983	983	352	352	198	198	7355	7355	8699	8699	8003	8003	405	405	79	79	49	49	48	48	324	324	1887	1887	221	221	219	219	90	90	2	2	95	95	18	18	4	4	14	14	207	207	31	31	120	120	359	359	938	938	822	822	3825	3825	1591	1591	27	27	26	26	557	557	87863	87863	1384	1384	703	703	3	3	7	7	1200	1200	2686	2686	4143	4143	3219	3219	7402	7402	668	668	8207	8207	808	808	13	13	22	22	13511	13511	1047	1047	25	25	57	57	131	131	71	71	30	30	145	145	1248	1248	592	592	736	736	342	342	5	5	1	1	90	90	45	45	4290	4290	672	672	1688	1688	3187	3187	281	281	271	271	20034	20034	11156	11156	10047	10047	30783	30783	9280	9280	11528	11528	464	464	996	996	865	865	669	669	114428	114428	110567	110567	19	19	20	20	220	220	202	202	298	298	328	328	506	506	322	322	233	233	281	281	190	190	500	500	76	76	312	312	230	230	1416	1416	90	90	113	113	10	10	251	251
IND00778	173	173	623	623	7277	7277	10942	10942	6258	6258	3043	3043	207	207	178	178	109	109	33	33	1310	1310	1582	1582	207	207	43	43	84	84	108	108	30	30	115	115	10	10	14	14	360	360	268	268	119	119	370	370	358	358	812	812	532	532	1722	1722	24	24	14	14	31096	31096	92780	92780	724	724	671	671	4	4	4	4	794	794	391	391	7915	7915	7037	7037	8024	8024	3373	3373	13641	13641	766	766	15	15	21	21	24524	24524	18998	18998	73	73	97	97	237	237	216	216	217	217	189	189	2034	2034	675	675	974	974	547	547	6	6	2	2	30	30	83	83	5253	5253	8173	8173	2377	2377	3186	3186	3340	3340	1178	1178	2006	2006	21915	21915	27671	27671	4469	4469	1172	1172	22776	22776	399	399	606	606	475	475	730	730	19828	19828	29279	29279	28	28	61	61	233	233	159	159	54	54	203	203	44	44	427	427	419	419	310	310	101	101	423	423	296	296	48	48	291	291	1350	1350	48	48	12	12	134	134	114	114
IND00779	661	661	857	857	1267	1267	8383	8383	14706	14706	14481	14481	192	192	56	56	50	50	112	112	1102	1102	1221	1221	226	226	15	15	127	127	14	14	250	250	213	213	8	8	12	12	144	144	329	329	421	421	216	216	2021	2021	493	493	2760	2760	1545	1545	20	20	15	15	43027	43027	47057	47057	1475	1475	1648	1648	4	4	5	5	2292	2292	1761	1761	220	220	4433	4433	8159	8159	417	417	13757	13757	374	374	10	10	32	32	1344	1344	25285	25285	5	5	55	55	158	158	10	10	235	235	24	24	114	114	1245	1245	725	725	34	34	1	1	1	1	76	76	254	254	4251	4251	3565	3565	3786	3786	3275	3275	3897	3897	2794	2794	17570	17570	12960	12960	26043	26043	16370	16370	27444	27444	32296	32296	961	961	547	547	736	736	520	520	52045	52045	11033	11033	45	45	41	41	119	119	159	159	208	208	349	349	192	192	358	358	355	355	312	312	431	431	207	207	123	123	133	133	1311	1311	1056	1056	126	126	111	111	70	70	195	195
IND00780	205	205	937	937	5955	5955	2275	2275	5722	5722	12001	12001	109	109	30	30	17	17	100	100	1316	1316	295	295	226	226	143	143	41	41	68	68	231	231	58	58	2	2	15	15	502	502	60	60	154	154	113	113	963	963	323	323	2001	2001	2672	2672	2	2	14	14	124417	124417	67003	67003	1416	1416	722	722	2	2	4	4	2483	2483	1622	1622	7770	7770	6381	6381	5963	5963	1068	1068	41	41	14992	14992	21	21	32	32	4944	4944	3970	3970	17	17	30	30	7	7	140	140	239	239	120	120	1809	1809	1241	1241	616	616	6	6	7	7	7	7	174	174	31	31	6639	6639	6407	6407	2156	2156	767	767	3811	3811	4085	4085	21555	21555	25706	25706	5445	5445	9637	9637	2190	2190	4834	4834	462	462	474	474	908	908	1006	1006	45277	45277	60503	60503	37	37	6	6	240	240	109	109	177	177	190	190	47	47	329	329	481	481	412	412	361	361	13	13	440	440	79	79	1316	1316	1590	1590	31	31	1	1	90	90	177	177
IND00781	289	289	350	350	9920	9920	12789	12789	2486	2486	6504	6504	20	20	440	440	92	92	41	41	226	226	886	886	171	171	106	106	57	57	18	18	118	118	246	246	3	3	11	11	150	150	22	22	342	342	90	90	1049	1049	1778	1778	2981	2981	2458	2458	21	21	11	11	44483	44483	88914	88914	1264	1264	1742	1742	5	5	5	5	2833	2833	55	55	5399	5399	184	184	1977	1977	7240	7240	8241	8241	2935	2935	14	14	11	11	9072	9072	19843	19843	33	33	21	21	95	95	122	122	154	154	5	5	689	689	1232	1232	125	125	365	365	3	3	1	1	25	25	137	137	7732	7732	3784	3784	3939	3939	2152	2152	53	53	2945	2945	4505	4505	28834	28834	6795	6795	22818	22818	2383	2383	16386	16386	521	521	653	653	823	823	643	643	26736	26736	7676	7676	63	63	53	53	185	185	156	156	390	390	61	61	12	12	298	298	183	183	78	78	261	261	345	345	146	146	177	177	1273	1273	56	56	60	60	68	68	159	159	247	247
IND00782	737	737	971	971	15767	15767	2738	2738	15323	15323	15935	15935	71	71	151	151	73	73	78	78	41	41	1865	1865	75	75	200	200	74	74	14	14	189	189	52	52	10	10	6	6	96	96	297	297	158	158	245	245	1966	1966	1891	1891	468	468	1923	1923	1	1	3	3	95612	95612	42290	42290	1635	1635	487	487	6	6	5	5	3891	3891	894	894	6063	6063	5975	5975	519	519	3761	3761	9560	9560	5604	5604	14	14	28	28	25365	25365	1710	1710	113	113	90	90	248	248	55	55	33	33	191	191	1697	1697	1260	1260	674	674	668	668	7	7	4	4	116	116	210	210	1483	1483	4640	4640	1325	1325	528	528	231	231	3462	3462	21514	21514	30439	30439	29621	29621	9947	9947	13266	13266	8583	8583	659	659	22	22	161	161	701	701	18981	18981	48285	48285	52	52	8	8	97	97	18	18	343	343	351	351	70	70	345	345	61	61	237	237	506	506	334	334	85	85	152	152	113	113	1092	1092	61	61	89	89	80	80	152	152
IND00783	222	222	276	276	14945	14945	15331	15331	13914	13914	15418	15418	458	458	213	213	93	93	7	7	692	692	1441	1441	147	147	16	16	35	35	81	81	228	228	252	252	15	15	11	11	321	321	295	295	251	251	387	387	287	287	1813	1813	2420	2420	3414	3414	2	2	2	2	72011	72011	79750	79750	598	598	1422	1422	3	3	8	8	2303	2303	1963	1963	4309	4309	3613	3613	1241	1241	1300	1300	6815	6815	7091	7091	30	30	31	31	15392	15392	3689	3689	108	108	17	17	165	165	165	165	72	72	65	65	987	987	264	264	578	578	431	431	5	5	5	5	186	186	22	22	6779	6779	8128	8128	2229	2229	1913	1913	3000	3000	3341	3341	21786	21786	27805	27805	27710	27710	27382	27382	12975	12975	27840	27840	341	341	620	620	368	368	180	180	125605	125605	31127	31127	26	26	45	45	45	45	103	103	360	360	1	1	375	375	208	208	116	116	306	306	452	452	232	232	113	113	212	212	104	104	1909	1909	28	28	79	79	72	72	89	89
IND00784	991	991	529	529	12013	12013	2440	2440	10238	10238	463	463	196	196	173	173	118	118	41	41	685	685	248	248	199	199	244	244	46	46	36	36	141	141	56	56	12	12	5	5	71	71	23	23	195	195	428	428	1347	1347	735	735	1107	1107	1256	1256	26	26	10	10	75003	75003	87170	87170	557	557	1066	1066	1	1	8	8	260	260	366	366	5843	5843	7361	7361	1616	1616	6662	6662	2532	2532	13499	13499	28	28	22	22	28767	28767	18038	18038	128	128	118	118	16	16	106	106	20	20	39	39	156	156	945	945	23	23	523	523	1	1	4	4	157	157	108	108	556	556	6244	6244	3035	3035	2295	2295	3885	3885	2407	2407	3440	3440	22772	22772	16148	16148	18868	18868	18588	18588	17472	17472	691	691	385	385	862	862	976	976	57180	57180	20882	20882	18	18	2	2	245	245	64	64	15	15	49	49	48	48	83	83	85	85	474	474	480	480	491	491	424	424	247	247	786	786	20	20	110	110	9	9	12	12	190	190
IND00785	240	240	385	385	7866	7866	6135	6135	9108	9108	12095	12095	70	70	437	437	114	114	125	125	89	89	1812	1812	211	211	214	214	88	88	98	98	227	227	120	120	5	5	2	2	251	251	371	371	104	104	207	207	662	662	65	65	2323	2323	1120	1120	7	7	6	6	44432	44432	121728	121728	2048	2048	1524	1524	1	1	2	2	2080	2080	2402	2402	4647	4647	5968	5968	2838	2838	7045	7045	11369	11369	4594	4594	31	31	17	17	7445	7445	7535	7535	110	110	90	90	74	74	9	9	202	202	249	249	1819	1819	1342	1342	699	699	218	218	8	8	3	3	144	144	123	123	1276	1276	2866	2866	1965	1965	1486	1486	3981	3981	3646	3646	31168	31168	21737	21737	19533	19533	6320	6320	30604	30604	2133	2133	503	503	798	798	564	564	71	71	81478	81478	114684	114684	60	60	43	43	37	37	151	151	250	250	78	78	44	44	222	222	134	134	501	501	134	134	65	65	312	312	94	94	1002	1002	1270	1270	7	7	44	44	54	54	67	67
IND00786	1003	1003	986	986	6980	6980	8725	8725	1688	1688	6394	6394	405	405	381	381	50	50	3	3	641	641	1644	1644	186	186	176	176	21	21	56	56	35	35	178	178	5	5	6	6	470	470	241	241	108	108	197	197	1393	1393	1048	1048	3363	3363	1547	1547	31	31	14	14	127561	127561	72223	72223	1157	1157	146	146	4	4	4	4	2384	2384	372	372	982	982	2711	2711	1244	1244	1133	1133	11007	11007	12070	12070	6	6	1	1	28842	28842	16123	16123	17	17	15	15	125	125	229	229	136	136	170	170	1565	1565	642	642	499	499	376	376	5	5	1	1	158	158	67	67	7282	7282	4326	4326	3392	3392	1818	1818	2829	2829	3868	3868	19375	19375	14103	14103	10071	10071	28043	28043	1123	1123	19666	19666	626	626	58	58	314	314	238	238	102755	102755	104173	104173	55	55	8	8	6	6	221	221	216	216	9	9	416	416	303	303	112	112	383	383	21	21	237	237	422	422	62	62	1318	1318	377	377	43	43	72	72	207	207	238	238
IND00787	622	622	718	718	4277	4277	3156	3156	6414	6414	4009	4009	224	224	494	494	50	50	49	49	1427	1427	90	90	202	202	11	11	35	35	20	20	121	121	155	155	7	7	2	2	99	99	134	134	422	422	52	52	424	424	958	958	1165	1165	334	334	22	22	30	30	114156	114156	117069	117069	1159	1159	934	934	8	8	5	5	1797	1797	2607	2607	4676	4676	4947	4947	660	660	1875	1875	5717	5717	13307	13307	8	8	9	9	25862	25862	30866	30866	96	96	32	32	198	198	120	120	239	239	171	171	358	358	301	301	21	21	388	388	7	7	7	7	191	191	201	201	7668	7668	5095	5095	3880	3880	2591	2591	1454	1454	3561	3561	2417	2417	26493	26493	26985	26985	27331	27331	2079	2079	1976	1976	612	612	641	641	602	602	700	700	102103	102103	28267	28267	15	15	35	35	242	242	41	41	77	77	20	20	185	185	275	275	240	240	437	437	506	506	143	143	501	501	223	223	1609	1609	206	206	55	55	99	99	82	82	234	234
IND00788	603	603	842	842	7212	7212	11264	11264	11471	11471	9543	9543	380	380	222	222	7	7	116	116	223	223	1742	1742	167	167	211	211	17	17	94	94	185	185	128	128	2	2	9	9	324	324	186	186	276	276	242	242	1904	1904	1124	1124	1330	1330	2909	2909	25	25	20	20	6122	6122	128806	128806	1832	1832	1260	1260	4	4	3	3	903	903	118	118	4766	4766	4115	4115	6594	6594	5297	5297	2550	2550	80	80	11	11	15	15	11018	11018	21432	21432	27	27	18	18	34	34	238	238	37	37	81	81	1415	1415	755	755	455	455	525	525	2	2	5	5	118	118	212	212	6347	6347	445	445	3096	3096	442	442	2814	2814	714	714	27557	27557	8322	8322	17525	17525	20392	20392	4322	4322	17029	17029	72	72	714	714	948	948	491	491	86345	86345	18155	18155	23	23	54	54	153	153	211	211	68	68	20	20	133	133	463	463	266	266	318	318	395	395	285	285	406	406	153	153	815	815	249	249	62	62	93	93	63	63	146	146
IND00789	804	804	963	963	5339	5339	12404	12404	5742	5742	15990	15990	458	458	222	222	12	12	127	127	178	178	1586	1586	176	176	178	178	78	78	119	119	222	222	90	90	10	10	4	4	312	312	238	238	174	174	266	266	723	723	2016	2016	2335	2335	3819	3819	8	8	30	30	114474	114474	67899	67899	714	714	878	878	6	6	5	5	534	534	1224	1224	1710	1710	2456	2456	988	988	5879	5879	10369	10369	12661	12661	18	18	1	1	27141	27141	4668	4668	105	105	52	52	194	194	183	183	207	207	156	156	1574	1574	1232	1232	751	751	930	930	5	5	6	6	41	41	14	14	72	72	7203	7203	1789	1789	958	958	3642	3642	232	232	966	966	845	845	19611	19611	21802	21802	25414	25414	22982	22982	526	526	838	838	718	718	996	996	129478	129478	96440	96440	56	56	25	25	74	74	145	145	127	127	124	124	341	341	395	395	157	157	399	399	498	498	402	402	229	229	184	184	861	861	263	263	63	63	51	51	72	72	233	233
IND00790	165	165	59	59	6341	6341	13665	13665	14400	14400	6641	6641	277	277	126	126	29	29	99	99	1871	1871	1417	1417	238	238	177	177	9	9	102	102	11	11	86	86	2	2	10	10	371	371	97	97	213	213	467	467	161	161	843	843	1181	1181	24	24	13	13	24	24	42673	42673	36049	36049	1584	1584	1019	1019	5	5	8	8	2701	2701	1965	1965	7565	7565	3511	3511	128	128	1668	1668	2542	2542	5553	5553	20	20	22	22	14662	14662	24447	24447	69	69	49	49	26	26	25	25	245	245	138	138	1709	1709	151	151	29	29	259	259	7	7	1	1	29	29	206	206	7146	7146	3614	3614	3192	3192	2508	2508	1613	1613	1635	1635	8872	8872	3538	3538	30619	30619	25670	25670	21364	21364	5484	5484	410	410	231	231	183	183	240	240	16547	16547	105057	105057	57	57	33	33	199	199	52	52	260	260	26	26	386	386	212	212	126	126	297	297	169	169	505	505	80	80	47	47	730	730	327	327	108	108	116	116	70	70	58	58
IND00791	391	391	278	278	918	918	10187	10187	7033	7033	8406	8406	310	310	322	322	86	86	84	84	570	570	711	711	99	99	135	135	35	35	108	108	95	95	46	46	11	11	15	15	56	56	122	122	189	189	358	358	134	134	1332	1332	1951	1951	86	86	17	17	11	11	75131	75131	28725	28725	1121	1121	600	600	3	3	1	1	3335	3335	3839	3839	767	767	440	440	3188	3188	4596	4596	15082	15082	2369	2369	8	8	25	25	20916	20916	30797	30797	62	62	21	21	67	67	113	113	244	244	66	66	303	303	411	411	107	107	239	239	1	1	8	8	97	97	37	37	1793	1793	7661	7661	1708	1708	2714	2714	3143	3143	2824	2824	13008	13008	19382	19382	14478	14478	2794	2794	29720	29720	20655	20655	729	729	446	446	46	46	343	343	103936	103936	99386	99386	38	38	12	12	60	60	55	55	284	284	290	290	128	128	191	191	200	200	99	99	224	224	285	285	103	103	199	199	1384	1384	534	534	45	45	37	37	243	243	247	247
IND00792	846	846	239	239	13131	13131	15129	15129	5425	5425	1590	1590	373	373	256	256	9	9	65	65	228	228	1256	1256	185	185	38	38	59	59	108	108	81	81	144	144	11	11	7	7	270	270	216	216	182	182	457	457	88	88	1104	1104	3757	3757	1981	1981	6	6	17	17	81652	81652	85506	85506	58	58	1895	1895	4	4	8	8	2330	2330	919	919	5001	5001	4763	4763	6697	6697	6495	6495	4068	4068	4057	4057	12	12	11	11	24118	24118	27470	27470	106	106	90	90	109	109	58	58	198	198	18	18	1846	1846	1122	1122	792	792	52	52	7	7	7	7	85	85	183	183	6223	6223	4004	4004	600	600	3598	3598	2088	2088	2360	2360	32753	32753	13927	13927	12215	12215	5905	5905	14218	14218	11763	11763	173	173	270	270	406	406	243	243	14103	14103	93627	93627	64	64	50	50	225	225	6	6	142	142	230	230	460	460	246	246	62	62	218	218	389	389	166	166	429	429	95	95	642	642	1356	1356	117	117	128	128	60	60	129	129
IND00793	123	123	828	828	15586	15586	8522	8522	8244	8244	8167	8167	252	252	212	212	117	117	15	15	1535	1535	365	365	198	198	140	140	115	115	28	28	126	126	143	143	7	7	5	5	23	23	379	379	419	419	391	391	927	927	65	65	3869	3869	1425	1425	20	20	15	15	42369	42369	90932	90932	1498	1498	674	674	4	4	3	3	2053	2053	324	324	7991	7991	5194	5194	4132	4132	5650	5650	3087	3087	6453	6453	6	6	8	8	21809	21809	5676	5676	106	106	46	46	148	148	228	228	152	152	13	13	892	892	1855	1855	799	799	235	235	8	8	3	3	216	216	83	83	4488	4488	921	921	723	723	2615	2615	3513	3513	1911	1911	24294	24294	12502	12502	7119	7119	15960	15960	28193	28193	15366	15366	318	318	807	807	191	191	68	68	12277	12277	125175	125175	43	43	45	45	70	70	246	246	41	41	134	134	434	434	468	468	508	508	352	352	181	181	486	486	309	309	445	445	775	775	1914	1914	121	121	120	120	100	100	78	78
IND00794	11	11	840	840	8673	8673	15360	15360	1127	1127	6807	6807	262	262	454	454	37	37	124	124	1996	1996	339	339	156	156	6	6	56	56	59	59	238	238	139	139	9	9	4	4	131	131	305	305	354	354	154	154	1543	1543	1414	1414	1323	1323	1783	1783	3	3	17	17	98778	98778	33214	33214	470	470	981	981	2	2	1	1	3028	3028	1646	1646	4573	4573	5400	5400	3854	3854	2688	2688	9748	9748	12088	12088	10	10	22	22	21048	21048	5993	5993	69	69	120	120	108	108	161	161	95	95	36	36	156	156	317	317	882	882	66	66	6	6	1	1	113	113	101	101	4184	4184	9	9	1999	1999	1979	1979	3625	3625	451	451	30436	30436	25701	25701	15548	15548	14439	14439	5759	5759	1311	1311	343	343	362	362	125	125	814	814	115458	115458	40665	40665	51	51	1	1	153	153	198	198	313	313	231	231	270	270	412	412	386	386	316	316	228	228	114	114	12	12	198	198	279	279	1308	1308	92	92	123	123	52	52	68	68
IND00795	271	271	78	78	1610	1610	8629	8629	11131	11131	14070	14070	6	6	283	283	58	58	113	113	1754	1754	517	517	157	157	97	97	78	78	55	55	182	182	106	106	7	7	15	15	159	159	507	507	367	367	422	422	763	763	847	847	845	845	3230	3230	28	28	13	13	100027	100027	127667	127667	1167	1167	1320	1320	4	4	2	2	3799	3799	1634	1634	1416	1416	6104	6104	7996	7996	3624	3624	9407	9407	95	95	4	4	30	30	27566	27566	18580	18580	69	69	10	10	229	229	32	32	108	108	238	238	775	775	1969	1969	846	846	475	475	5	5	8	8	250	250	93	93	1310	1310	5083	5083	3101	3101	3200	3200	1992	1992	709	709	12532	12532	29844	29844	24071	24071	22505	22505	3124	3124	21078	21078	365	365	103	103	973	973	603	603	53531	53531	12029	12029	25	25	37	37	210	210	104	104	382	382	452	452	462	462	357	357	154	154	404	404	132	132	286	286	492	492	66	66	1247	1247	131	131	73	73	32	32	103	103	189	189
IND00796	404	404	400	400	5664	5664	3893	3893	3627	3627	7978	7978	241	241	485	485	72	72	23	23	1667	1667	1247	1247	33	33	103	103	49	49	80	80	90	90	44	44	12	12	15	15	291	291	75	75	162	162	56	56	486	486	1516	1516	3178	3178	1971	1971	15	15	22	22	63567	63567	109784	109784	1252	1252	337	337	4	4	4	4	3922	3922	618	618	7411	7411	2313	2313	2771	2771	2251	2251	8338	8338	9720	9720	3	3	3	3	9280	9280	2762	2762	113	113	125	125	133	133	129	129	84	84	166	166	1089	1089	2012	2012	126	126	968	968	7	7	7	7	97	97	129	129	8101	8101	6861	6861	768	768	2573	2573	1396	1396	1619	1619	14457	14457	21952	21952	16764	16764	28319	28319	25810	25810	13296	13296	152	152	116	116	867	867	382	382	94892	94892	20924	20924	16	16	1	1	225	225	19	19	252	252	282	282	461	461	13	13	239	239	441	441	5	5	469	469	172	172	234	234	1715	1715	1877	1877	53	53	78	78	43	43	53	53
IND00797	947	947	704	704	4081	4081	9431	9431	8945	8945	13759	13759	408	408	233	233	13	13	112	112	795	795	1888	1888	189	189	139	139	27	27	17	17	42	42	197	197	8	8	7	7	156	156	94	94	31	31	23	23	124	124	933	933	3017	3017	562	562	23	23	20	20	121297	121297	120359	120359	773	773	205	205	2	2	1	1	2229	2229	2463	2463	134	134	2607	2607	1435	1435	4080	4080	9281	9281	2679	2679	28	28	1	1	29126	29126	22292	22292	10	10	59	59	86	86	253	253	45	45	184	184	620	620	1460	1460	727	727	576	576	8	8	2	2	94	94	102	102	5060	5060	4778	4778	2335	2335	195	195	2888	2888	572	572	12075	12075	26088	26088	28676	28676	11027	11027	22148	22148	2871	2871	168	168	762	762	30	30	232	232	76857	76857	65661	65661	43	43	42	42	110	110	221	221	224	224	407	407	156	156	123	123	393	393	134	134	449	449	225	225	352	352	100	100	1853	1853	1436	1436	24	24	26	26	63	63	49	49
IND00798	63	63	437	437	4852	4852	12769	12769	13865	13865	1950	1950	110	110	287	287	27	27	85	85	494	494	1130	1130	85	85	178	178	17	17	47	47	58	58	243	243	8	8	14	14	350	350	106	106	427	427	507	507	93	93	736	736	2842	2842	1094	1094	31	31	23	23	119725	119725	77305	77305	1363	1363	1357	1357	2	2	2	2	1859	1859	3323	3323	2199	2199	1742	1742	3196	3196	4580	4580	13431	13431	15851	15851	23	23	27	27	12241	12241	27477	27477	112	112	1	1	137	137	70	70	213	213	252	252	926	926	1164	1164	786	786	977	977	8	8	8	8	103	103	39	39	5173	5173	7720	7720	1647	1647	2007	2007	156	156	2444	2444	30676	30676	13474	13474	11204	11204	14215	14215	24705	24705	17326	17326	881	881	999	999	90	90	242	242	33282	33282	112041	112041	50	50	45	45	104	104	95	95	222	222	319	319	93	93	92	92	55	55	155	155	26	26	345	345	493	493	461	461	1861	1861	1583	1583	61	61	28	28	26	26	153	153
IND00799	350	350	530	530	7995	7995	7279	7279	13683	13683	15773	15773	405	405	280	280	69	69	80	80	367	367	388	388	206	206	243	243	56	56	15	15	15	15	71	71	7	7	3	3	412	412	71	71	511	511	88	88	1808	1808	1563	1563	797	797	1582	1582	1	1	19	19	105069	105069	130084	130084	1456	1456	1506	1506	1	1	6	6	3128	3128	1655	1655	3232	3232	3292	3292	6774	6774	5189	5189	14576	14576	7732	7732	6	6	19	19	19422	19422	25313	25313	57	57	41	41	133	133	196	196	5	5	211	211	1588	1588	718	718	468	468	57	57	5	5	5	5	168	168	162	162	5090	5090	1762	1762	1631	1631	3450	3450	1474	1474	3556	3556	20755	20755	14555	14555	1350	1350	76	76	25876	25876	164	164	42	42	559	559	647	647	572	572	2123	2123	108601	108601	26	26	17	17	231	231	244	244	381	381	373	373	413	413	169	169	266	266	313	313	91	91	382	382	86	86	478	478	663	663	1413	1413	33	33	39	39	6	6	138	138
IND00800	1019	1019	510	510	3193	3193	3577	3577	4709	4709	3925	3925	474	474	191	191	7	7	91	91	476	476	53	53	65	65	49	49	26	26	44	44	216	216	231	231	4	4	15	15	283	283	260	260	258	258	340	340	1292	1292	1847	1847	1559	1559	3514	3514	32	32	29	29	40576	40576	116083	116083	367	367	817	817	3	3	8	8	2452	2452	3982	3982	34	34	8094	8094	5171	5171	5927	5927	73	73	7025	7025	26	26	10	10	29105	29105	18571	18571	114	114	59	59	109	109	62	62	228	228	134	134	363	363	1814	1814	598	598	781	781	6	6	6	6	159	159	150	150	4639	4639	3929	3929	4034	4034	112	112	442	442	1361	1361	27299	27299	6232	6232	2202	2202	22686	22686	27375	27375	4974	4974	804	804	26	26	837	837	754	754	24597	24597	88639	88639	56	56	22	22	248	248	24	24	493	493	26	26	395	395	83	83	53	53	468	468	474	474	324	324	356	356	207	207	516	516	27	27	68	68	78	78	205	205	33	33
IND00801	201	201	374	374	16285	16285	10696	10696	2305	2305	6088	6088	37	37	385	385	39	39	4	4	819	819	772	772	190	190	6	6	106	106	105	105	221	221	195	195	12	12	2	2	506	506	331	331	325	325	145	145	1095	1095	489	489	3816	3816	51	51	21	21	11	11	97559	97559	92755	92755	907	907	769	769	6	6	6	6	2620	2620	1410	1410	2666	2666	6828	6828	1723	1723	3051	3051	6870	6870	4724	4724	3	3	20	20	16267	16267	23891	23891	46	46	112	112	158	158	157	157	247	247	12	12	1791	1791	1082	1082	299	299	341	341	5	5	6	6	23	23	55	55	7233	7233	180	180	3483	3483	848	848	1985	1985	1233	1233	30141	30141	11018	11018	9036	9036	1687	1687	26850	26850	25959	25959	409	409	148	148	101	101	504	504	96447	96447	81604	81604	14	14	23	23	64	64	187	187	121	121	419	419	491	491	166	166	227	227	449	449	421	421	107	107	248	248	306	306	1749	1749	914	914	96	96	107	107	100	100	56	56
IND00802	914	914	302	302	12158	12158	14989	14989	13697	13697	8897	8897	458	458	225	225	90	90	127	127	580	580	1103	1103	33	33	40	40	96	96	37	37	89	89	243	243	8	8	9	9	173	173	317	317	116	116	359	359	450	450	146	146	2153	2153	3687	3687	17	17	17	17	105952	105952	84360	84360	1110	1110	1843	1843	6	6	7	7	1937	1937	395	395	6965	6965	3530	3530	6089	6089	3429	3429	6594	6594	4840	4840	24	24	11	11	3129	3129	23248	23248	110	110	48	48	251	251	218	218	23	23	224	224	1331	1331	554	554	381	381	329	329	1	1	8	8	140	140	65	65	7431	7431	2039	2039	4057	4057	379	379	3798	3798	2981	2981	7965	7965	14684	14684	8852	8852	26240	26240	29001	29001	13110	13110	351	351	424	424	669	669	149	149	51402	51402	75377	75377	8	8	2	2	188	188	195	195	310	310	343	343	139	139	292	292	166	166	418	418	80	80	111	111	389	389	274	274	1788	1788	931	931	117	117	112	112	45	45	47	47
IND00803	167	167	843	843	13383	13383	2959	2959	7351	7351	11552	11552	482	482	70	70	21	21	29	29	1855	1855	1650	1650	207	207	126	126	81	81	76	76	121	121	27	27	8	8	6	6	140	140	3	3	113	113	317	317	195	195	613	613	246	246	535	535	13	13	30	30	123869	123869	18473	18473	1378	1378	761	761	2	2	3	3	2642	2642	442	442	4928	4928	8143	8143	7154	7154	6496	6496	13850	13850	2159	2159	19	19	10	10	12357	12357	16891	16891	23	23	101	101	38	38	236	236	151	151	167	167	1624	1624	1997	1997	48	48	717	717	2	2	2	2	92	92	80	80	6712	6712	5381	5381	2492	2492	3328	3328	1298	1298	2588	2588	10544	10544	21390	21390	21860	21860	4269	4269	25855	25855	18521	18521	870	870	579	579	963	963	648	648	16729	16729	64000	64000	18	18	46	46	42	42	212	212	504	504	311	311	324	324	453	453	281	281	479	479	69	69	140	140	484	484	448	448	1910	1910	269	269	91	91	104	104	198	198	18	18
IND00804	795	795	204	204	2288	2288	1109	1109	13589	13589	4658	4658	305	305	374	374	67	67	27	27	502	502	377	377	227	227	35	35	67	67	29	29	90	90	190	190	4	4	16	16	271	271	306	306	114	114	182	182	1000	1000	429	429	132	132	4001	4001	3	3	26	26	113881	113881	86377	86377	325	325	866	866	4	4	4	4	4090	4090	1647	1647	7534	7534	7158	7158	6831	6831	7275	7275	1929	1929	13235	13235	13	13	19	19	4584	4584	21090	21090	83	83	126	126	82	82	32	32	191	191	54	54	1168	1168	1472	1472	548	548	160	160	2	2	2	2	155	155	135	135	3110	3110	3148	3148	1826	1826	3274	3274	266	266	2872	2872	17640	17640	12000	12000	29026	29026	22881	22881	236	236	18143	18143	637	637	959	959	370	370	165	165	59830	59830	20136	20136	19	19	32	32	227	227	207	207	102	102	314	314	207	207	309	309	129	129	240	240	385	385	54	54	200	200	421	421	441	441	930	930	23	23	13	13	164	164	2	2
IND00805	763	763	296	296	16017	16017	481	481	14929	14929	15241	15241	189	189	410	410	39	39	113	113	1344	1344	610	610	18	18	57	57	97	97	33	33	84	84	221	221	15	15	16	16	169	169	467	467	280	280	360	360	1472	1472	1388	1388	3997	3997	3207	3207	31	31	17	17	101978	101978	27414	27414	890	890	436	436	4	4	1	1	267	267	2144	2144	165	165	7223	7223	2948	2948	3632	3632	998	998	7308	7308	26	26	11	11	7165	7165	28751	28751	6	6	89	89	217	217	145	145	2	2	66	66	1323	1323	484	484	618	618	185	185	8	8	5	5	27	27	89	89	3005	3005	3076	3076	2943	2943	1388	1388	3280	3280	2084	2084	25030	25030	20675	20675	17560	17560	32509	32509	11634	11634	5898	5898	82	82	653	653	377	377	891	891	36930	36930	75443	75443	49	49	25	25	183	183	155	155	424	424	165	165	303	303	507	507	329	329	324	324	10	10	289	289	149	149	34	34	878	878	1326	1326	6	6	4	4	204	204	37	37
IND00806	76	76	799	799	1791	1791	14424	14424	8474	8474	5993	5993	482	482	314	314	66	66	95	95	1885	1885	1167	1167	167	167	130	130	71	71	16	16	69	69	205	205	13	13	13	13	201	201	51	51	352	352	445	445	200	200	1359	1359	1006	1006	1641	1641	31	31	11	11	2292	2292	33449	33449	1428	1428	1030	1030	6	6	8	8	197	197	903	903	3403	3403	2030	2030	6415	6415	1912	1912	5217	5217	3498	3498	2	2	15	15	957	957	4669	4669	25	25	29	29	96	96	148	148	125	125	106	106	86	86	1660	1660	851	851	839	839	5	5	8	8	184	184	185	185	5253	5253	3658	3658	3115	3115	1622	1622	2351	2351	829	829	29851	29851	32158	32158	4316	4316	29551	29551	394	394	4626	4626	751	751	519	519	981	981	710	710	8620	8620	82156	82156	18	18	13	13	41	41	103	103	31	31	101	101	22	22	85	85	38	38	221	221	350	350	262	262	52	52	494	494	7	7	1368	1368	29	29	100	100	82	82	26	26
IND00807	950	950	1004	1004	7101	7101	14607	14607	9259	9259	2645	2645	72	72	363	363	111	111	104	104	1415	1415	1966	1966	49	49	64	64	122	122	58	58	147	147	255	255	8	8	16	16	29	29	326	326	224	224	488	488	104	104	1258	1258	1615	1615	3863	3863	6	6	13	13	115805	115805	11131	11131	310	310	205	205	2	2	6	6	892	892	2165	2165	5712	5712	1640	1640	5657	5657	4592	4592	14427	14427	14966	14966	13	13	16	16	25771	25771	9748	9748	53	53	42	42	227	227	107	107	235	235	165	165	72	72	1448	1448	333	333	298	298	4	4	3	3	163	163	136	136	1242	1242	4976	4976	2726	2726	2072	2072	1330	1330	730	730	21842	21842	12212	12212	11864	11864	17814	17814	30402	30402	29453	29453	465	465	612	612	31	31	518	518	80240	80240	84966	84966	26	26	20	20	93	93	57	57	115	115	218	218	487	487	181	181	408	408	234	234	226	226	287	287	10	10	472	472	968	968	562	562	45	45	61	61	252	252	3	3
IND00808	876	876	87	87	439	439	8870	8870	12455	12455	10938	10938	109	109	290	290	61	61	75	75	1667	1667	315	315	205	205	42	42	64	64	60	60	119	119	43	43	9	9	15	15	281	281	186	186	157	157	424	424	1380	1380	340	340	3866	3866	2731	2731	26	26	30	30	16096	16096	129074	129074	701	701	1964	1964	7	7	1	1	18	18	2563	2563	603	603	2634	2634	4136	4136	3419	3419	13418	13418	11331	11331	14	14	4	4	1872	1872	26214	26214	65	65	106	106	126	126	39	39	218	218	198	198	60	60	1622	1622	863	863	251	251	3	3	5	5	86	86	75	75	4451	4451	6688	6688	647	647	53	53	3149	3149	222	222	7683	7683	22656	22656	25732	25732	11326	11326	27932	27932	27204	27204	875	875	449	449	39	39	79	79	70995	70995	21789	21789	31	31	27	27	121	121	135	135	482	482	165	165	257	257	196	196	495	495	241	241	152	152	335	335	175	175	498	498	1296	1296	1669	1669	7	7	26	26	232	232	101	101
IND00809	509	509	858	858	7879	7879	6569	6569	15097	15097	8743	8743	188	188	195	195	85	85	93	93	736	736	2012	2012	43	43	151	151	47	47	53	53	226	226	248	248	12	12	15	15	411	411	319	319	175	175	219	219	990	990	547	547	1431	1431	2050	2050	1	1	5	5	130711	130711	55804	55804	680	680	743	743	1	1	8	8	3184	3184	1069	1069	6409	6409	4160	4160	4596	4596	7258	7258	8372	8372	2184	2184	9	9	1	1	10169	10169	22060	22060	60	60	89	89	67	67	97	97	156	156	175	175	1413	1413	468	468	284	284	499	499	6	6	5	5	254	254	254	254	6756	6756	6694	6694	1397	1397	3665	3665	855	855	267	267	19431	19431	29121	29121	32361	32361	7858	7858	3664	3664	26705	26705	476	476	400	400	823	823	713	713	81618	81618	39109	39109	54	54	51	51	5	5	236	236	57	57	80	80	132	132	26	26	73	73	96	96	387	387	369	369	210	210	159	159	1090	1090	964	964	90	90	11	11	86	86	157	157
IND00810	584	584	572	572	4196	4196	6540	6540	15119	15119	2764	2764	432	432	48	48	102	102	57	57	67	67	1718	1718	167	167	29	29	123	123	109	109	30	30	60	60	14	14	1	1	433	433	225	225	140	140	90	90	726	726	1823	1823	3761	3761	2992	2992	2	2	9	9	45281	45281	17984	17984	1835	1835	1863	1863	3	3	4	4	3746	3746	3158	3158	6675	6675	913	913	5408	5408	66	66	2608	2608	15876	15876	32	32	28	28	18345	18345	29696	29696	65	65	15	15	94	94	117	117	133	133	175	175	1551	1551	743	743	1015	1015	1019	1019	7	7	5	5	61	61	240	240	7329	7329	2488	2488	2519	2519	624	624	1900	1900	1188	1188	17819	17819	9658	9658	26142	26142	11481	11481	8321	8321	32223	32223	946	946	719	719	306	306	307	307	26563	26563	115613	115613	32	32	4	4	11	11	173	173	327	327	286	286	100	100	35	35	42	42	327	327	358	358	445	445	501	501	52	52	123	123	1436	1436	76	76	114	114	224	224	213	213
IND00811	877	877	293	293	506	506	15820	15820	10579	10579	3509	3509	411	411	462	462	6	6	114	114	488	488	883	883	83	83	213	213	21	21	6	6	11	11	181	181	2	2	3	3	35	35	246	246	373	373	49	49	761	761	1782	1782	3474	3474	3210	3210	11	11	5	5	96880	96880	90570	90570	1631	1631	1539	1539	4	4	1	1	230	230	1171	1171	2115	2115	7587	7587	2617	2617	8109	8109	15594	15594	7033	7033	10	10	24	24	988	988	840	840	123	123	29	29	189	189	15	15	168	168	49	49	346	346	103	103	417	417	289	289	1	1	1	1	238	238	159	159	3081	3081	5675	5675	1486	1486	1843	1843	3686	3686	2189	2189	9411	9411	8534	8534	30760	30760	7956	7956	8444	8444	27711	27711	597	597	233	233	479	479	518	518	116244	116244	47415	47415	27	27	50	50	198	198	6	6	17	17	365	365	23	23	487	487	393	393	472	472	174	174	478	478	369	369	328	328	287	287	1695	1695	95	95	37	37	85	85	98	98
IND00812	111	111	369	369	5634	5634	12704	12704	8205	8205	10470	10470	414	414	467	467	37	37	48	48	1440	1440	1861	1861	226	226	106	106	70	70	91	91	55	55	11	11	14	14	1	1	23	23	10	10	86	86	294	294	589	589	1309	1309	953	953	1179	1179	21	21	21	21	82835	82835	78060	78060	883	883	694	694	2	2	4	4	2181	2181	1457	1457	1543	1543	7157	7157	2380	2380	7632	7632	7912	7912	16127	16127	14	14	8	8	27334	27334	19935	19935	7	7	74	74	86	86	77	77	73	73	187	187	1056	1056	669	669	626	626	123	123	6	6	1	1	16	16	202	202	6463	6463	4936	4936	2393	2393	407	407	3237	3237	3838	3838	30212	30212	16498	16498	17713	17713	16869	16869	27122	27122	25694	25694	704	704	948	948	242	242	872	872	1910	1910	118693	118693	10	10	22	22	204	204	125	125	98	98	450	450	234	234	346	346	452	452	468	468	231	231	399	399	332	332	331	331	1696	1696	672	672	83	83	1	1	141	141	207	207
IND00813	815	815	348	348	694	694	14506	14506	6068	6068	5098	5098	275	275	406	406	5	5	3	3	240	240	1859	1859	240	240	8	8	66	66	122	122	175	175	195	195	8	8	11	11	294	294	476	476	171	171	247	247	1285	1285	1105	1105	2737	2737	1082	1082	22	22	4	4	73618	73618	32281	32281	1640	1640	946	946	8	8	1	1	154	154	2602	2602	413	413	2116	2116	7517	7517	94	94	9156	9156	16351	16351	1	1	1	1	5253	5253	6633	6633	69	69	85	85	8	8	199	199	94	94	51	51	1228	1228	1524	1524	648	648	304	304	8	8	3	3	207	207	101	101	8159	8159	3013	3013	791	791	272	272	1505	1505	3853	3853	22827	22827	24410	24410	25578	25578	16823	16823	1398	1398	3340	3340	281	281	100	100	35	35	488	488	5261	5261	26855	26855	33	33	18	18	191	191	212	212	107	107	234	234	374	374	448	448	309	309	69	69	94	94	74	74	464	464	198	198	187	187	975	975	19	19	32	32	226	226	31	31
IND00814	857	857	59	59	2813	2813	6209	6209	13298	13298	10164	10164	446	446	469	469	73	73	71	71	522	522	891	891	12	12	157	157	21	21	81	81	44	44	84	84	5	5	6	6	299	299	82	82	378	378	433	433	395	395	1102	1102	3657	3657	3859	3859	13	13	13	13	121874	121874	128188	128188	136	136	1784	1784	4	4	2	2	1997	1997	2200	2200	6002	6002	7194	7194	6840	6840	6195	6195	14461	14461	11410	11410	3	3	27	27	22730	22730	7381	7381	89	89	77	77	248	248	30	30	14	14	241	241	640	640	149	149	293	293	364	364	3	3	5	5	203	203	38	38	6111	6111	6301	6301	1739	1739	1057	1057	1242	1242	1162	1162	28031	28031	21067	21067	15111	15111	19833	19833	2299	2299	5627	5627	420	420	409	409	918	918	385	385	109513	109513	35202	35202	51	51	26	26	70	70	34	34	428	428	57	57	191	191	415	415	404	404	394	394	417	417	445	445	267	267	173	173	1998	1998	1432	1432	63	63	73	73	196	196	243	243
IND00815	246	246	513	513	11651	11651	7926	7926	14333	14333	14322	14322	264	264	24	24	11	11	16	16	1570	1570	585	585	48	48	90	90	9	9	123	123	198	198	52	52	6	6	14	14	508	508	152	152	397	397	434	434	419	419	43	43	2648	2648	622	622	27	27	6	6	58256	58256	83280	83280	1507	1507	519	519	3	3	2	2	1175	1175	2937	2937	4916	4916	2434	2434	7428	7428	7165	7165	6105	6105	6134	6134	25	25	3	3	24991	24991	17696	17696	80	80	106	106	203	203	128	128	135	135	189	189	1570	1570	529	529	121	121	316	316	5	5	5	5	188	188	23	23	798	798	1379	1379	3696	3696	289	289	549	549	162	162	25404	25404	979	979	31789	31789	11962	11962	6447	6447	31564	31564	206	206	614	614	630	630	513	513	57374	57374	85520	85520	21	21	9	9	52	52	128	128	9	9	175	175	241	241	67	67	177	177	36	36	361	361	221	221	214	214	372	372	741	741	1415	1415	3	3	11	11	147	147	116	116
IND00816	89	89	476	476	8062	8062	14709	14709	7040	7040	2004	2004	347	347	34	34	45	45	125	125	912	912	1176	1176	58	58	86	86	103	103	5	5	15	15	37	37	4	4	4	4	458	458	365	365	129	129	273	273	1279	1279	1649	1649	3544	3544	2010	2010	31	31	15	15	42455	42455	76228	76228	1986	1986	1193	1193	5	5	2	2	2804	2804	2601	2601	2446	2446	29	29	5717	5717	4578	4578	1497	1497	14632	14632	16	16	28	28	1234	1234	3755	3755	102	102	80	80	52	52	248	248	153	153	137	137	2027	2027	570	570	508	508	796	796	7	7	2	2	220	220	107	107	3848	3848	482	482	1343	1343	3925	3925	1879	1879	1807	1807	6945	6945	31388	31388	15315	15315	23618	23618	29117	29117	11781	11781	938	938	619	619	669	669	525	525	118422	118422	32963	32963	46	46	28	28	7	7	185	185	271	271	10	10	278	278	77	77	299	299	289	289	9	9	326	326	380	380	129	129	1822	1822	87	87	31	31	116	116	125	125	122	122
IND00817	714	714	420	420	12588	12588	14320	14320	13686	13686	11869	11869	69	69	361	361	98	98	115	115	794	794	778	778	57	57	21	21	127	127	112	112	87	87	49	49	2	2	10	10	11	11	381	381	482	482	130	130	628	628	1258	1258	2375	2375	2767	2767	8	8	4	4	78694	78694	22979	22979	1196	1196	1278	1278	2	2	3	3	281	281	129	129	5193	5193	2459	2459	741	741	3704	3704	5719	5719	13924	13924	32	32	30	30	3019	3019	18593	18593	103	103	30	30	37	37	52	52	254	254	116	116	1264	1264	147	147	753	753	70	70	5	5	7	7	200	200	84	84	6316	6316	4359	4359	1504	1504	1012	1012	2345	2345	1970	1970	27995	27995	27245	27245	15382	15382	2621	2621	22707	22707	10766	10766	123	123	535	535	178	178	824	824	123426	123426	37296	37296	19	19	9	9	114	114	239	239	467	467	104	104	423	423	434	434	134	134	172	172	485	485	291	291	433	433	337	337	768	768	613	613	96	96	65	65	10	10	133	133
IND00818	1010	1010	960	960	5877	5877	2649	2649	12243	12243	8811	8811	182	182	364	364	31	31	119	119	1542	1542	1877	1877	39	39	188	188	94	94	60	60	43	43	71	71	5	5	12	12	297	297	43	43	500	500	338	338	1037	1037	1404	1404	3787	3787	3869	3869	25	25	32	32	570	570	26777	26777	1570	1570	177	177	4	4	8	8	1978	1978	483	483	7752	7752	824	824	5634	5634	6335	6335	3580	3580	14766	14766	14	14	20	20	8353	8353	28477	28477	98	98	65	65	162	162	176	176	245	245	58	58	871	871	1478	1478	423	423	399	399	6	6	3	3	21	21	150	150	1297	1297	4286	4286	3409	3409	1291	1291	1625	1625	140	140	17287	17287	9278	9278	29693	29693	25640	25640	13909	13909	9839	9839	325	325	942	942	902	902	315	315	126491	126491	8160	8160	36	36	9	9	233	233	36	36	115	115	390	390	177	177	317	317	84	84	70	70	473	473	57	57	409	409	94	94	1817	1817	1686	1686	88	88	21	21	99	99	37	37
IND00819	182	182	905	905	1843	1843	14782	14782	14827	14827	6592	6592	182	182	311	311	7	7	46	46	156	156	550	550	72	72	146	146	53	53	41	41	144	144	202	202	9	9	6	6	461	461	65	65	301	301	288	288	878	878	1464	1464	1785	1785	3801	3801	27	27	18	18	94798	94798	27181	27181	946	946	1151	1151	5	5	5	5	461	461	905	905	1211	1211	5207	5207	6520	6520	1630	1630	4162	4162	9095	9095	30	30	21	21	16854	16854	547	547	62	62	27	27	34	34	208	208	231	231	117	117	1891	1891	1050	1050	646	646	396	396	3	3	2	2	4	4	108	108	1705	1705	4396	4396	4020	4020	1304	1304	1609	1609	3223	3223	21078	21078	14586	14586	31275	31275	17202	17202	722	722	17518	17518	597	597	983	983	659	659	792	792	118912	118912	39464	39464	41	41	37	37	232	232	47	47	248	248	273	273	470	470	308	308	269	269	229	229	338	338	322	322	337	337	418	418	87	87	1053	1053	18	18	34	34	151	151	131	131
IND00820	508	508	305	305	5321	5321	10126	10126	3252	3252	159	159	19	19	117	117	16	16	110	110	1829	1829	1057	1057	227	227	133	133	83	83	102	102	148	148	136	136	6	6	5	5	396	396	86	86	155	155	279	279	983	983	1901	1901	1807	1807	2333	2333	17	17	29	29	61427	61427	127752	127752	1123	1123	1783	1783	6	6	7	7	1161	1161	3635	3635	6349	6349	7653	7653	3501	3501	517	517	15481	15481	2053	2053	14	14	30	30	3	3	27875	27875	14	14	102	102	10	10	40	40	242	242	85	85	286	286	1426	1426	423	423	882	882	3	3	3	3	240	240	235	235	335	335	4559	4559	3402	3402	3486	3486	2040	2040	3491	3491	24882	24882	13791	13791	2751	2751	31285	31285	3958	3958	23777	23777	954	954	89	89	351	351	492	492	35742	35742	120429	120429	18	18	5	5	153	153	27	27	464	464	35	35	495	495	84	84	195	195	401	401	512	512	333	333	499	499	171	171	1367	1367	1098	1098	20	20	108	108	232	232	189	189
IND00821	896	896	722	722	14403	14403	11962	11962	6922	6922	16235	16235	237	237	43	43	101	101	6	6	68	68	1616	1616	46	46	226	226	123	123	35	35	31	31	163	163	3	3	3	3	249	249	38	38	97	97	307	307	482	482	362	362	652	652	1935	1935	20	20	5	5	41564	41564	113689	113689	1186	1186	1512	1512	5	5	1	1	2913	2913	219	219	5777	5777	7962	7962	342	342	1207	1207	14971	14971	4654	4654	23	23	12	12	29647	29647	26375	26375	37	37	23	23	92	92	179	179	59	59	8	8	270	270	1850	1850	253	253	267	267	3	3	2	2	84	84	56	56	5068	5068	4336	4336	3141	3141	2669	2669	483	483	513	513	11888	11888	28218	28218	9541	9541	22927	22927	2274	2274	7622	7622	214	214	42	42	471	471	795	795	126165	126165	30663	30663	48	48	12	12	71	71	139	139	457	457	435	435	75	75	138	138	53	53	353	353	244	244	45	45	223	223	451	451	1665	1665	1098	1098	69	69	17	17	180	180	184	184
IND00822	108	108	288	288	4651	4651	8255	8255	393	393	5403	5403	482	482	27	27	84	84	127	127	1477	1477	33	33	204	204	202	202	44	44	27	27	165	165	243	243	11	11	4	4	309	309	177	177	322	322	340	340	311	311	1351	1351	2879	2879	3648	3648	23	23	26	26	92137	92137	44394	44394	1712	1712	681	681	6	6	5	5	384	384	1833	1833	3997	3997	5895	5895	3204	3204	6910	6910	12421	12421	9847	9847	12	12	32	32	14825	14825	10262	10262	116	116	119	119	6	6	135	135	146	146	22	22	350	350	1966	1966	957	957	153	153	6	6	1	1	138	138	71	71	2571	2571	7124	7124	3298	3298	3943	3943	3396	3396	2638	2638	9595	9595	11639	11639	25214	25214	5694	5694	25115	25115	18994	18994	331	331	590	590	713	713	144	144	112834	112834	48845	48845	26	26	47	47	188	188	248	248	355	355	478	478	383	383	512	512	312	312	183	183	97	97	309	309	279	279	304	304	854	854	300	300	23	23	107	107	250	250	157	157
IND00823	823	823	695	695	7382	7382	12611	12611	8453	8453	8531	8531	271	271	221	221	80	80	70	70	704	704	334	334	61	61	156	156	123	123	68	68	216	216	152	152	16	16	7	7	49	49	36	36	268	268	188	188	583	583	1789	1789	482	482	3937	3937	20	20	26	26	64723	64723	110435	110435	1622	1622	177	177	2	2	4	4	2766	2766	1351	1351	7334	7334	5786	5786	7944	7944	6489	6489	4812	4812	9423	9423	17	17	22	22	20097	20097	26414	26414	67	67	108	108	225	225	134	134	61	61	79	79	1999	1999	811	811	734	734	377	377	3	3	1	1	208	208	126	126	1526	1526	4982	4982	3863	3863	3034	3034	3924	3924	2289	2289	11773	11773	23528	23528	21905	21905	27586	27586	16222	16222	4510	4510	487	487	337	337	997	997	57	57	127088	127088	51323	51323	39	39	34	34	132	132	191	191	440	440	193	193	191	191	469	469	152	152	505	505	129	129	222	222	347	347	486	486	1662	1662	257	257	128	128	74	74	167	167	122	122
IND00824	902	902	812	812	10455	10455	5433	5433	16285	16285	3630	3630	232	232	369	369	73	73	115	115	457	457	886	886	183	183	154	154	117	117	106	106	151	151	104	104	4	4	16	16	368	368	373	373	44	44	248	248	520	520	63	63	2392	2392	759	759	1	1	30	30	92915	92915	74829	74829	1027	1027	1398	1398	5	5	4	4	3982	3982	2051	2051	6487	6487	2602	2602	873	873	2530	2530	5193	5193	10622	10622	29	29	24	24	9018	9018	3451	3451	81	81	125	125	253	253	241	241	254	254	129	129	313	313	294	294	416	416	950	950	3	3	4	4	218	218	228	228	1526	1526	514	514	927	927	1829	1829	453	453	613	613	11291	11291	19398	19398	14868	14868	11144	11144	19896	19896	2979	2979	203	203	752	752	461	461	62	62	32671	32671	24098	24098	3	3	46	46	30	30	137	137	3	3	195	195	292	292	239	239	320	320	324	324	325	325	161	161	417	417	382	382	762	762	2015	2015	88	88	28	28	181	181	127	127
IND00825	429	429	830	830	5935	5935	8392	8392	12993	12993	6478	6478	180	180	335	335	81	81	34	34	1575	1575	605	605	185	185	146	146	71	71	31	31	249	249	18	18	10	10	10	10	129	129	300	300	104	104	123	123	1506	1506	1728	1728	110	110	2537	2537	26	26	17	17	7801	7801	107884	107884	1936	1936	1197	1197	4	4	7	7	2901	2901	3780	3780	7402	7402	7541	7541	8030	8030	660	660	814	814	2399	2399	27	27	13	13	8660	8660	15666	15666	44	44	86	86	155	155	127	127	141	141	150	150	1304	1304	1314	1314	414	414	714	714	5	5	2	2	30	30	60	60	799	799	5983	5983	3260	3260	2593	2593	869	869	3170	3170	7350	7350	126	126	11972	11972	14981	14981	3460	3460	11570	11570	620	620	840	840	109	109	328	328	93030	93030	61432	61432	55	55	50	50	183	183	110	110	477	477	158	158	315	315	429	429	490	490	319	319	149	149	163	163	54	54	42	42	993	993	2009	2009	86	86	67	67	86	86	223	223
IND00826	78	78	11	11	12751	12751	858	858	9851	9851	1393	1393	436	436	367	367	115	115	87	87	1757	1757	1846	1846	229	229	253	253	73	73	12	12	51	51	179	179	3	3	13	13	430	430	481	481	86	86	68	68	154	154	1994	1994	3763	3763	623	623	26	26	16	16	54159	54159	3909	3909	1139	1139	1482	1482	4	4	5	5	3405	3405	1000	1000	646	646	1608	1608	1982	1982	4588	4588	15284	15284	9491	9491	16	16	17	17	6923	6923	11686	11686	27	27	72	72	44	44	222	222	242	242	114	114	1325	1325	764	764	696	696	463	463	7	7	6	6	113	113	151	151	345	345	6571	6571	392	392	1016	1016	2337	2337	3731	3731	1214	1214	31451	31451	19239	19239	27004	27004	24888	24888	28558	28558	318	318	874	874	506	506	817	817	35140	35140	76864	76864	59	59	22	22	27	27	248	248	3	3	332	332	241	241	51	51	316	316	75	75	158	158	336	336	48	48	51	51	1629	1629	832	832	29	29	30	30	213	213	231	231
IND00827	349	349	854	854	5999	5999	4758	4758	4487	4487	4482	4482	31	31	278	278	47	47	41	41	1464	1464	528	528	63	63	209	209	10	10	92	92	115	115	30	30	5	5	15	15	173	173	188	188	111	111	292	292	491	491	1944	1944	4078	4078	3360	3360	30	30	24	24	2290	2290	81064	81064	430	430	1339	1339	4	4	2	2	2415	2415	2843	2843	5755	5755	3860	3860	6369	6369	2548	2548	15911	15911	5247	5247	26	26	15	15	1303	1303	8886	8886	82	82	10	10	64	64	43	43	185	185	13	13	1887	1887	345	345	728	728	970	970	3	3	3	3	138	138	69	69	4479	4479	4349	4349	2352	2352	1657	1657	1103	1103	659	659	14722	14722	18878	18878	7277	7277	2232	2232	9097	9097	10460	10460	338	338	932	932	644	644	839	839	123604	123604	14792	14792	23	23	23	23	214	214	209	209	360	360	88	88	227	227	444	444	441	441	216	216	184	184	153	153	109	109	394	394	1930	1930	783	783	79	79	49	49	100	100	158	158
IND00828	453	453	54	54	2905	2905	7521	7521	4288	4288	8318	8318	404	404	76	76	67	67	26	26	225	225	388	388	92	92	205	205	36	36	18	18	219	219	207	207	12	12	13	13	469	469	90	90	2	2	446	446	545	545	257	257	3073	3073	1905	1905	23	23	2	2	26696	26696	84818	84818	141	141	1186	1186	2	2	3	3	167	167	448	448	1199	1199	3528	3528	5646	5646	121	121	13013	13013	4453	4453	22	22	9	9	1114	1114	1933	1933	22	22	110	110	154	154	42	42	109	109	15	15	1493	1493	114	114	729	729	927	927	4	4	2	2	203	203	108	108	7656	7656	6967	6967	916	916	3655	3655	3842	3842	20	20	22668	22668	28817	28817	26591	26591	10723	10723	26552	26552	21896	21896	606	606	231	231	329	329	745	745	114729	114729	70474	70474	11	11	51	51	70	70	154	154	37	37	430	430	70	70	351	351	180	180	4	4	388	388	116	116	429	429	168	168	723	723	1825	1825	126	126	85	85	123	123	200	200
IND00829	202	202	767	767	12480	12480	12496	12496	1976	1976	10426	10426	280	280	353	353	82	82	18	18	1981	1981	1870	1870	222	222	233	233	122	122	95	95	241	241	23	23	13	13	15	15	311	311	137	137	479	479	57	57	495	495	509	509	3787	3787	1592	1592	28	28	2	2	51101	51101	23665	23665	1954	1954	579	579	1	1	8	8	934	934	3798	3798	7173	7173	1189	1189	1631	1631	3315	3315	8157	8157	13523	13523	12	12	15	15	17915	17915	5045	5045	76	76	120	120	143	143	141	141	164	164	42	42	1531	1531	220	220	112	112	924	924	1	1	4	4	58	58	157	157	6142	6142	2766	2766	3235	3235	3469	3469	331	331	568	568	10909	10909	15558	15558	21637	21637	15771	15771	5179	5179	9580	9580	994	994	773	773	591	591	99	99	71556	71556	32851	32851	24	24	64	64	53	53	243	243	5	5	242	242	222	222	87	87	431	431	384	384	345	345	488	488	248	248	305	305	169	169	932	932	85	85	9	9	94	94	45	45
IND00830	662	662	22	22	9062	9062	11837	11837	12314	12314	16053	16053	395	395	47	47	97	97	115	115	53	53	1743	1743	244	244	209	209	90	90	57	57	9	9	9	9	9	9	3	3	174	174	302	302	398	398	336	336	248	248	1303	1303	2213	2213	1072	1072	10	10	30	30	51169	51169	56755	56755	580	580	984	984	4	4	6	6	2492	2492	1733	1733	5158	5158	7294	7294	1491	1491	5289	5289	3772	3772	192	192	7	7	9	9	18368	18368	16778	16778	77	77	127	127	156	156	197	197	205	205	63	63	1720	1720	1643	1643	982	982	915	915	8	8	8	8	168	168	1	1	5882	5882	1205	1205	2363	2363	312	312	2773	2773	1830	1830	8300	8300	5075	5075	6876	6876	30602	30602	23881	23881	20877	20877	439	439	501	501	557	557	330	330	34889	34889	44620	44620	32	32	63	63	112	112	142	142	49	49	170	170	367	367	60	60	110	110	251	251	19	19	451	451	40	40	202	202	1243	1243	1376	1376	41	41	35	35	52	52	80	80
IND00831	895	895	822	822	14249	14249	14606	14606	2987	2987	2467	2467	49	49	439	439	127	127	9	9	867	867	691	691	85	85	104	104	72	72	100	100	63	63	232	232	7	7	12	12	244	244	473	473	156	156	469	469	224	224	242	242	993	993	3833	3833	13	13	29	29	106675	106675	108449	108449	1935	1935	1745	1745	1	1	5	5	2425	2425	648	648	4083	4083	5541	5541	5733	5733	1953	1953	8145	8145	11045	11045	6	6	5	5	27638	27638	11269	11269	117	117	101	101	152	152	72	72	248	248	220	220	617	617	1149	1149	272	272	696	696	1	1	7	7	33	33	64	64	3776	3776	7503	7503	1896	1896	3334	3334	3598	3598	1601	1601	18611	18611	22126	22126	26333	26333	1240	1240	20135	20135	28576	28576	526	526	38	38	985	985	150	150	47561	47561	24404	24404	10	10	43	43	198	198	176	176	317	317	475	475	190	190	416	416	463	463	75	75	118	118	27	27	293	293	50	50	451	451	364	364	82	82	111	111	189	189	10	10
IND00832	543	543	618	618	2901	2901	11747	11747	1631	1631	13698	13698	19	19	353	353	22	22	85	85	227	227	277	277	1	1	164	164	81	81	33	33	47	47	253	253	14	14	10	10	133	133	141	141	506	506	276	276	1655	1655	977	977	2024	2024	1038	1038	3	3	24	24	117649	117649	8209	8209	56	56	1468	1468	5	5	6	6	2047	2047	1614	1614	1893	1893	1652	1652	7273	7273	5809	5809	8867	8867	4182	4182	17	17	19	19	11584	11584	31648	31648	51	51	10	10	133	133	69	69	148	148	250	250	1078	1078	601	601	534	534	1014	1014	3	3	2	2	149	149	4	4	319	319	677	677	2544	2544	311	311	62	62	1649	1649	5150	5150	27614	27614	3199	3199	28376	28376	7113	7113	3114	3114	938	938	559	559	714	714	476	476	7748	7748	35772	35772	36	36	53	53	183	183	98	98	157	157	410	410	133	133	194	194	15	15	279	279	467	467	157	157	390	390	193	193	1657	1657	1211	1211	69	69	72	72	42	42	154	154
IND00833	482	482	62	62	14413	14413	11896	11896	5876	5876	2895	2895	437	437	149	149	20	20	109	109	1273	1273	38	38	42	42	63	63	48	48	9	9	67	67	252	252	4	4	6	6	4	4	312	312	65	65	499	499	641	641	131	131	2346	2346	2638	2638	7	7	3	3	127441	127441	9119	9119	577	577	1497	1497	4	4	3	3	2256	2256	3324	3324	313	313	7714	7714	2772	2772	7821	7821	6817	6817	184	184	5	5	27	27	21779	21779	15458	15458	38	38	98	98	147	147	207	207	102	102	97	97	1776	1776	518	518	738	738	409	409	7	7	8	8	208	208	176	176	3441	3441	1332	1332	1693	1693	45	45	2107	2107	827	827	16815	16815	607	607	32102	32102	16091	16091	32715	32715	30669	30669	717	717	162	162	737	737	388	388	67026	67026	79036	79036	24	24	48	48	89	89	141	141	498	498	372	372	136	136	243	243	74	74	117	117	43	43	253	253	434	434	109	109	498	498	878	878	20	20	26	26	107	107	149	149
IND00834	890	890	338	338	5777	5777	7415	7415	2892	2892	9590	9590	160	160	322	322	5	5	15	15	1073	1073	237	237	25	25	138	138	109	109	57	57	255	255	203	203	7	7	6	6	122	122	228	228	208	208	411	411	875	875	880	880	48	48	1530	1530	10	10	8	8	13633	13633	29147	29147	1810	1810	353	353	1	1	6	6	297	297	3170	3170	7413	7413	8069	8069	7721	7721	8078	8078	4862	4862	6846	6846	6	6	7	7	27343	27343	13613	13613	17	17	109	109	238	238	23	23	175	175	145	145	1820	1820	146	146	385	385	361	361	7	7	1	1	246	246	158	158	1460	1460	5972	5972	759	759	895	895	3264	3264	2324	2324	18759	18759	7432	7432	26044	26044	4500	4500	28211	28211	21885	21885	130	130	642	642	608	608	715	715	41704	41704	20330	20330	3	3	39	39	79	79	186	186	3	3	269	269	481	481	434	434	82	82	410	410	434	434	285	285	375	375	141	141	748	748	12	12	58	58	124	124	177	177	235	235
IND00835	310	310	232	232	8622	8622	16201	16201	10089	10089	157	157	36	36	130	130	18	18	62	62	1708	1708	1402	1402	221	221	171	171	5	5	13	13	162	162	175	175	9	9	16	16	48	48	107	107	120	120	61	61	1352	1352	2017	2017	3058	3058	1494	1494	11	11	13	13	115728	115728	69209	69209	1879	1879	987	987	5	5	1	1	1734	1734	3695	3695	7918	7918	3197	3197	1214	1214	1988	1988	12884	12884	12178	12178	18	18	13	13	27044	27044	30861	30861	104	104	105	105	138	138	103	103	118	118	50	50	1402	1402	1532	1532	1010	1010	893	893	7	7	4	4	81	81	206	206	4926	4926	7082	7082	346	346	926	926	3088	3088	315	315	19115	19115	25962	25962	11628	11628	16033	16033	19160	19160	18040	18040	723	723	12	12	140	140	784	784	55283	55283	24066	24066	5	5	15	15	146	146	112	112	322	322	239	239	383	383	381	381	241	241	236	236	56	56	9	9	69	69	383	383	1356	1356	1491	1491	65	65	124	124	55	55	94	94
IND00836	165	165	248	248	371	371	1090	1090	3510	3510	11341	11341	480	480	110	110	60	60	94	94	413	413	1742	1742	176	176	19	19	128	128	124	124	241	241	15	15	1	1	2	2	10	10	133	133	258	258	109	109	1558	1558	76	76	2406	2406	3552	3552	7	7	3	3	16621	16621	87738	87738	724	724	100	100	8	8	7	7	2939	2939	1330	1330	2614	2614	4285	4285	4624	4624	158	158	14851	14851	11448	11448	11	11	5	5	3331	3331	13496	13496	56	56	30	30	96	96	108	108	84	84	14	14	282	282	658	658	231	231	793	793	6	6	2	2	34	34	249	249	581	581	5881	5881	1502	1502	2421	2421	3010	3010	441	441	2522	2522	6955	6955	11431	11431	21646	21646	28462	28462	18909	18909	89	89	919	919	456	456	837	837	26293	26293	72239	72239	41	41	42	42	55	55	56	56	442	442	466	466	94	94	335	335	248	248	188	188	321	321	219	219	441	441	190	190	842	842	188	188	98	98	57	57	182	182	64	64
IND00837	242	242	265	265	8390	8390	15490	15490	15329	15329	9426	9426	384	384	180	180	77	77	111	111	704	704	569	569	185	185	190	190	70	70	59	59	145	145	59	59	6	6	6	6	169	169	494	494	243	243	272	272	291	291	1309	1309	2981	2981	2484	2484	29	29	3	3	12902	12902	87091	87091	154	154	915	915	3	3	5	5	3786	3786	2199	2199	4135	4135	2680	2680	3391	3391	5379	5379	1307	1307	1286	1286	29	29	21	21	20093	20093	19979	19979	24	24	110	110	164	164	22	22	95	95	151	151	223	223	1553	1553	603	603	554	554	2	2	1	1	170	170	156	156	307	307	4596	4596	2063	2063	1915	1915	2341	2341	691	691	3174	3174	30826	30826	7030	7030	27330	27330	15771	15771	5628	5628	525	525	577	577	243	243	33	33	62245	62245	99398	99398	61	61	21	21	112	112	228	228	159	159	277	277	10	10	164	164	469	469	11	11	428	428	235	235	278	278	428	428	1801	1801	1692	1692	90	90	95	95	227	227	151	151
IND00838	208	208	488	488	2746	2746	11263	11263	7785	7785	9320	9320	30	30	511	511	44	44	70	70	1396	1396	1834	1834	104	104	89	89	86	86	65	65	21	21	236	236	9	9	16	16	417	417	231	231	376	376	77	77	2004	2004	334	334	3957	3957	234	234	32	32	20	20	81344	81344	105145	105145	641	641	243	243	3	3	4	4	228	228	2207	2207	4832	4832	7904	7904	7756	7756	6775	6775	5152	5152	15135	15135	14	14	5	5	30049	30049	24341	24341	123	123	34	34	73	73	194	194	230	230	4	4	2010	2010	883	883	889	889	856	856	5	5	3	3	29	29	51	51	1645	1645	6555	6555	2217	2217	1808	1808	3872	3872	1827	1827	27805	27805	22023	22023	19287	19287	26449	26449	11342	11342	4062	4062	205	205	992	992	891	891	385	385	47334	47334	124498	124498	33	33	10	10	218	218	36	36	333	333	492	492	511	511	216	216	230	230	237	237	176	176	186	186	376	376	266	266	1923	1923	1204	1204	5	5	3	3	68	68	176	176
IND00839	293	293	766	766	1264	1264	778	778	5352	5352	14012	14012	194	194	66	66	99	99	63	63	818	818	1907	1907	127	127	78	78	126	126	84	84	203	203	184	184	11	11	7	7	58	58	379	379	24	24	130	130	1811	1811	1613	1613	877	877	1865	1865	30	30	3	3	34198	34198	60640	60640	1736	1736	564	564	1	1	4	4	1650	1650	1075	1075	2858	2858	791	791	7277	7277	2939	2939	1146	1146	11706	11706	29	29	29	29	25983	25983	12095	12095	69	69	12	12	224	224	156	156	241	241	245	245	1774	1774	185	185	257	257	383	383	7	7	7	7	193	193	155	155	6376	6376	2076	2076	79	79	622	622	24	24	1963	1963	28607	28607	2452	2452	6637	6637	13618	13618	12765	12765	3362	3362	368	368	1024	1024	695	695	661	661	50583	50583	91923	91923	20	20	9	9	219	219	63	63	502	502	330	330	416	416	183	183	372	372	7	7	225	225	391	391	235	235	122	122	1176	1176	424	424	106	106	53	53	249	249	256	256
IND00840	754	754	703	703	3217	3217	9166	9166	10232	10232	14560	14560	143	143	381	381	31	31	78	78	500	500	1809	1809	143	143	141	141	86	86	80	80	56	56	141	141	6	6	13	13	54	54	68	68	77	77	225	225	1142	1142	1805	1805	4047	4047	205	205	31	31	31	31	58924	58924	84437	84437	602	602	1550	1550	4	4	2	2	534	534	1190	1190	6053	6053	6842	6842	2449	2449	5855	5855	13335	13335	6519	6519	23	23	30	30	11085	11085	25414	25414	84	84	94	94	71	71	40	40	240	240	201	201	634	634	425	425	482	482	389	389	2	2	8	8	6	6	173	173	2984	2984	5580	5580	140	140	1238	1238	1789	1789	1133	1133	24735	24735	7689	7689	17847	17847	25462	25462	27634	27634	18284	18284	748	748	229	229	336	336	21	21	17450	17450	5264	5264	58	58	47	47	185	185	232	232	404	404	196	196	111	111	457	457	407	407	339	339	457	457	53	53	47	47	203	203	435	435	1905	1905	42	42	124	124	161	161	16	16
IND00841	512	512	206	206	3771	3771	8220	8220	15029	15029	13885	13885	68	68	337	337	127	127	82	82	1220	1220	246	246	187	187	103	103	30	30	73	73	156	156	226	226	10	10	3	3	42	42	492	492	206	206	419	419	541	541	317	317	2736	2736	1315	1315	21	21	2	2	130342	130342	47678	47678	919	919	1626	1626	6	6	6	6	562	562	3669	3669	8013	8013	6899	6899	4401	4401	6640	6640	8646	8646	5038	5038	19	19	29	29	17207	17207	2417	2417	57	57	5	5	98	98	163	163	73	73	148	148	1462	1462	1533	1533	427	427	282	282	2	2	6	6	66	66	181	181	1253	1253	3996	3996	15	15	3068	3068	2080	2080	1771	1771	21087	21087	31061	31061	20268	20268	2822	2822	26676	26676	20319	20319	869	869	926	926	912	912	949	949	129300	129300	59749	59749	15	15	14	14	206	206	71	71	462	462	422	422	147	147	85	85	358	358	273	273	506	506	42	42	241	241	218	218	2043	2043	101	101	109	109	14	14	238	238	12	12
IND00842	116	116	991	991	10979	10979	3105	3105	543	543	11820	11820	258	258	59	59	55	55	82	82	478	478	1246	1246	191	191	206	206	125	125	32	32	208	208	209	209	12	12	11	11	363	363	289	289	491	491	185	185	1419	1419	1237	1237	1852	1852	1910	1910	14	14	16	16	126888	126888	71710	71710	829	829	1113	1113	4	4	4	4	3509	3509	1869	1869	2335	2335	1936	1936	1066	1066	6920	6920	292	292	14857	14857	17	17	28	28	12592	12592	8684	8684	28	28	45	45	199	199	82	82	66	66	139	139	350	350	1648	1648	646	646	969	969	5	5	6	6	81	81	186	186	5770	5770	5146	5146	662	662	852	852	689	689	2531	2531	22341	22341	21136	21136	4835	4835	14420	14420	10780	10780	27722	27722	327	327	76	76	666	666	151	151	67127	67127	45928	45928	41	41	43	43	205	205	211	211	442	442	167	167	14	14	125	125	126	126	339	339	467	467	141	141	204	204	85	85	1382	1382	1743	1743	25	25	45	45	13	13	27	27
IND00843	647	647	201	201	7662	7662	3331	3331	12112	12112	10702	10702	197	197	386	386	113	113	46	46	1356	1356	408	408	148	148	123	123	114	114	1	1	137	137	141	141	6	6	1	1	35	35	489	489	461	461	306	306	1851	1851	1814	1814	1938	1938	2583	2583	1	1	14	14	75549	75549	7008	7008	1877	1877	1298	1298	8	8	5	5	2022	2022	1146	1146	2241	2241	4578	4578	77	77	5446	5446	8781	8781	8168	8168	21	21	13	13	17827	17827	4876	4876	29	29	58	58	231	231	108	108	11	11	239	239	1956	1956	2045	2045	197	197	214	214	4	4	6	6	242	242	17	17	4524	4524	3349	3349	3810	3810	3192	3192	4028	4028	1626	1626	15569	15569	4306	4306	13102	13102	7129	7129	11828	11828	17701	17701	692	692	217	217	199	199	836	836	63398	63398	36964	36964	59	59	56	56	84	84	236	236	281	281	385	385	131	131	310	310	413	413	415	415	179	179	410	410	226	226	336	336	551	551	2031	2031	39	39	78	78	105	105	36	36
IND00844	751	751	463	463	3143	3143	6180	6180	2505	2505	12273	12273	151	151	302	302	94	94	74	74	1436	1436	585	585	111	111	193	193	64	64	26	26	12	12	69	69	9	9	4	4	283	283	209	209	54	54	324	324	1703	1703	1817	1817	3322	3322	1199	1199	25	25	4	4	118322	118322	88039	88039	1402	1402	1858	1858	8	8	3	3	826	826	2001	2001	4909	4909	7797	7797	7456	7456	2092	2092	12735	12735	12482	12482	15	15	5	5	26788	26788	19267	19267	24	24	38	38	72	72	199	199	58	58	49	49	1827	1827	576	576	683	683	222	222	7	7	1	1	181	181	165	165	3410	3410	4926	4926	4058	4058	3795	3795	4076	4076	2514	2514	11076	11076	15159	15159	6613	6613	16386	16386	25049	25049	9955	9955	649	649	840	840	578	578	341	341	15643	15643	116358	116358	1	1	32	32	195	195	233	233	38	38	131	131	30	30	177	177	488	488	190	190	310	310	481	481	207	207	427	427	389	389	1860	1860	37	37	105	105	66	66	16	16
IND00845	262	262	213	213	6474	6474	12119	12119	11504	11504	5043	5043	380	380	10	10	105	105	91	91	573	573	1317	1317	104	104	153	153	99	99	98	98	156	156	181	181	7	7	10	10	484	484	217	217	20	20	10	10	1632	1632	1293	1293	3455	3455	460	460	4	4	1	1	75863	75863	22494	22494	666	666	829	829	4	4	5	5	989	989	3941	3941	6967	6967	6583	6583	847	847	7359	7359	6131	6131	8605	8605	21	21	13	13	6728	6728	13826	13826	7	7	118	118	86	86	205	205	167	167	176	176	1687	1687	284	284	24	24	389	389	1	1	3	3	256	256	131	131	509	509	881	881	3057	3057	2040	2040	1707	1707	780	780	6312	6312	15908	15908	11098	11098	2448	2448	19462	19462	26723	26723	463	463	917	917	367	367	742	742	24894	24894	2044	2044	14	14	13	13	224	224	94	94	476	476	366	366	31	31	22	22	144	144	77	77	280	280	435	435	273	273	141	141	561	561	617	617	77	77	48	48	25	25	35	35
IND00846	11	11	571	571	13943	13943	14262	14262	16333	16333	6682	6682	311	311	504	504	81	81	90	90	907	907	1321	1321	35	35	205	205	23	23	57	57	128	128	152	152	5	5	12	12	342	342	184	184	303	303	84	84	1817	1817	1049	1049	277	277	1243	1243	5	5	8	8	112582	112582	67028	67028	1914	1914	623	623	4	4	7	7	864	864	3227	3227	5497	5497	2980	2980	7326	7326	1439	1439	1677	1677	13610	13610	11	11	18	18	15266	15266	5419	5419	79	79	44	44	219	219	113	113	153	153	198	198	755	755	389	389	671	671	256	256	5	5	4	4	122	122	178	178	1920	1920	3321	3321	829	829	656	656	1549	1549	477	477	26305	26305	4162	4162	15378	15378	26925	26925	10553	10553	19531	19531	175	175	813	813	398	398	461	461	7604	7604	37307	37307	1	1	59	59	204	204	17	17	230	230	245	245	370	370	462	462	428	428	382	382	24	24	268	268	176	176	136	136	762	762	836	836	60	60	102	102	64	64	178	178
IND00847	890	890	305	305	12422	12422	14988	14988	10096	10096	4052	4052	81	81	156	156	72	72	117	117	1652	1652	498	498	87	87	4	4	63	63	85	85	249	249	135	135	7	7	14	14	219	219	131	131	420	420	58	58	1709	1709	645	645	3053	3053	1473	1473	29	29	28	28	16344	16344	98464	98464	1614	1614	1396	1396	5	5	7	7	3041	3041	431	431	3059	3059	1950	1950	6374	6374	3972	3972	4134	4134	11809	11809	27	27	2	2	21430	21430	28766	28766	107	107	8	8	166	166	117	117	252	252	27	27	1779	1779	2034	2034	927	927	700	700	3	3	2	2	252	252	105	105	6352	6352	6033	6033	3305	3305	4046	4046	2369	2369	2486	2486	24	24	26337	26337	9970	9970	2054	2054	2975	2975	7862	7862	827	827	235	235	439	439	318	318	114372	114372	41520	41520	45	45	1	1	103	103	127	127	443	443	504	504	490	490	122	122	81	81	69	69	309	309	349	349	478	478	163	163	506	506	1394	1394	72	72	48	48	54	54	181	181
IND00848	419	419	889	889	2734	2734	13679	13679	14201	14201	7496	7496	314	314	320	320	88	88	102	102	1834	1834	408	408	95	95	26	26	99	99	108	108	93	93	225	225	8	8	5	5	223	223	116	116	411	411	300	300	744	744	1510	1510	3714	3714	4003	4003	19	19	24	24	8232	8232	99904	99904	1574	1574	545	545	6	6	6	6	413	413	1016	1016	1244	1244	5145	5145	2997	2997	534	534	1204	1204	3247	3247	9	9	13	13	16321	16321	22836	22836	99	99	10	10	33	33	132	132	227	227	229	229	1790	1790	817	817	474	474	167	167	8	8	5	5	26	26	18	18	2599	2599	6764	6764	3131	3131	3329	3329	1222	1222	3503	3503	4165	4165	30381	30381	11364	11364	29227	29227	18403	18403	17154	17154	311	311	32	32	878	878	933	933	81218	81218	18357	18357	16	16	51	51	75	75	85	85	392	392	333	333	170	170	186	186	493	493	442	442	123	123	183	183	251	251	464	464	1851	1851	228	228	80	80	96	96	194	194	219	219
IND00849	431	431	499	499	11525	11525	4462	4462	711	711	8744	8744	367	367	170	170	114	114	15	15	1865	1865	563	563	36	36	182	182	35	35	44	44	47	47	178	178	1	1	10	10	58	58	266	266	354	354	509	509	328	328	1004	1004	2366	2366	764	764	7	7	14	14	96170	96170	62680	62680	1767	1767	1351	1351	3	3	3	3	3292	3292	2947	2947	6411	6411	3481	3481	3936	3936	4363	4363	8441	8441	14193	14193	8	8	28	28	8381	8381	17833	17833	119	119	37	37	232	232	61	61	124	124	31	31	1319	1319	1871	1871	261	261	1010	1010	1	1	4	4	124	124	162	162	2216	2216	4954	4954	2705	2705	3684	3684	3550	3550	2203	2203	31256	31256	20593	20593	30566	30566	19843	19843	19444	19444	2036	2036	651	651	112	112	559	559	519	519	75128	75128	86289	86289	54	54	56	56	19	19	50	50	85	85	182	182	396	396	339	339	289	289	28	28	66	66	391	391	164	164	403	403	1127	1127	518	518	86	86	59	59	156	156	201	201
IND00850	690	690	558	558	8406	8406	1196	1196	519	519	2939	2939	241	241	61	61	56	56	71	71	1194	1194	561	561	234	234	248	248	114	114	37	37	123	123	126	126	5	5	15	15	379	379	37	37	399	399	115	115	1958	1958	1571	1571	1001	1001	1896	1896	25	25	22	22	120817	120817	38672	38672	1205	1205	433	433	4	4	8	8	819	819	2525	2525	1952	1952	3719	3719	6158	6158	1983	1983	5426	5426	4004	4004	6	6	20	20	6326	6326	11806	11806	26	26	8	8	166	166	183	183	90	90	62	62	390	390	1012	1012	750	750	554	554	4	4	4	4	56	56	121	121	2336	2336	3662	3662	2629	2629	4062	4062	245	245	2505	2505	25371	25371	17272	17272	7691	7691	11929	11929	11402	11402	23490	23490	510	510	975	975	342	342	735	735	73371	73371	120647	120647	50	50	20	20	43	43	183	183	477	477	73	73	224	224	67	67	272	272	8	8	230	230	354	354	380	380	167	167	2047	2047	1081	1081	116	116	23	23	204	204	37	37
IND00851	454	454	443	443	11438	11438	12396	12396	13313	13313	14879	14879	432	432	53	53	23	23	112	112	356	356	1995	1995	214	214	86	86	21	21	54	54	231	231	166	166	16	16	7	7	471	471	330	330	41	41	41	41	1445	1445	1471	1471	533	533	1627	1627	7	7	1	1	14762	14762	123944	123944	1030	1030	1778	1778	3	3	1	1	1665	1665	2404	2404	420	420	8140	8140	2538	2538	2641	2641	367	367	2810	2810	23	23	18	18	2435	2435	3606	3606	113	113	40	40	138	138	36	36	165	165	130	130	83	83	1442	1442	1	1	402	402	8	8	4	4	85	85	166	166	4780	4780	5258	5258	2692	2692	994	994	1806	1806	3260	3260	26972	26972	30852	30852	1105	1105	15989	15989	20553	20553	11326	11326	467	467	523	523	304	304	618	618	59853	59853	117743	117743	33	33	28	28	246	246	199	199	241	241	109	109	266	266	2	2	70	70	500	500	296	296	303	303	431	431	70	70	262	262	989	989	62	62	125	125	121	121	52	52
IND00852	623	623	418	418	5173	5173	5811	5811	11286	11286	7140	7140	253	253	316	316	90	90	40	40	1978	1978	1623	1623	178	178	186	186	114	114	72	72	132	132	13	13	16	16	16	16	145	145	236	236	173	173	346	346	799	799	1103	1103	2503	2503	272	272	15	15	26	26	69465	69465	24126	24126	1189	1189	700	700	5	5	3	3	195	195	1614	1614	5732	5732	3258	3258	6999	6999	7070	7070	849	849	12963	12963	2	2	19	19	1038	1038	25279	25279	6	6	10	10	109	109	134	134	252	252	209	209	1508	1508	1554	1554	897	897	948	948	8	8	1	1	37	37	218	218	2855	2855	3320	3320	3285	3285	1365	1365	2918	2918	2287	2287	4750	4750	14286	14286	1331	1331	61	61	9963	9963	1780	1780	829	829	900	900	120	120	601	601	70817	70817	119787	119787	19	19	3	3	223	223	118	118	316	316	204	204	346	346	218	218	213	213	468	468	410	410	208	208	209	209	112	112	306	306	550	550	120	120	123	123	46	46	126	126
IND00853	551	551	467	467	142	142	15723	15723	16365	16365	7657	7657	130	130	506	506	105	105	101	101	398	398	1937	1937	213	213	126	126	47	47	5	5	242	242	64	64	1	1	9	9	206	206	486	486	336	336	472	472	1535	1535	1673	1673	3815	3815	392	392	22	22	14	14	98957	98957	37006	37006	1597	1597	1364	1364	1	1	4	4	435	435	900	900	4858	4858	3713	3713	2409	2409	5744	5744	10991	10991	940	940	32	32	30	30	2501	2501	8732	8732	18	18	76	76	59	59	77	77	57	57	91	91	1493	1493	1522	1522	716	716	238	238	2	2	7	7	181	181	43	43	7489	7489	3388	3388	2853	2853	3099	3099	3909	3909	2267	2267	3050	3050	26271	26271	18516	18516	29502	29502	9766	9766	2235	2235	868	868	888	888	813	813	618	618	7378	7378	77149	77149	35	35	2	2	149	149	14	14	8	8	270	270	380	380	26	26	93	93	187	187	320	320	199	199	340	340	144	144	1266	1266	99	99	79	79	107	107	207	207	24	24
IND00854	717	717	958	958	3691	3691	1893	1893	12579	12579	2081	2081	78	78	78	78	105	105	52	52	1350	1350	667	667	140	140	194	194	16	16	70	70	134	134	215	215	3	3	7	7	47	47	251	251	242	242	35	35	915	915	324	324	1156	1156	1727	1727	31	31	4	4	44704	44704	120368	120368	211	211	207	207	8	8	6	6	3874	3874	1370	1370	2777	2777	262	262	7255	7255	1339	1339	15860	15860	2158	2158	31	31	2	2	8556	8556	8085	8085	120	120	64	64	194	194	175	175	108	108	22	22	1004	1004	525	525	142	142	929	929	5	5	7	7	251	251	1	1	878	878	7688	7688	656	656	970	970	719	719	2059	2059	18352	18352	14654	14654	19254	19254	21174	21174	31571	31571	19167	19167	649	649	459	459	715	715	653	653	35966	35966	7266	7266	17	17	41	41	200	200	108	108	9	9	388	388	434	434	42	42	63	63	161	161	9	9	119	119	302	302	319	319	196	196	1894	1894	9	9	43	43	159	159	71	71
IND00855	253	253	984	984	14342	14342	5356	5356	2289	2289	14605	14605	335	335	308	308	95	95	108	108	909	909	1972	1972	109	109	251	251	88	88	62	62	224	224	83	83	8	8	3	3	358	358	17	17	379	379	281	281	1009	1009	1101	1101	1156	1156	3723	3723	16	16	21	21	35028	35028	41650	41650	489	489	667	667	7	7	5	5	2195	2195	299	299	2632	2632	1612	1612	218	218	31	31	10358	10358	8737	8737	24	24	10	10	1628	1628	17743	17743	76	76	78	78	192	192	69	69	237	237	252	252	111	111	682	682	777	777	221	221	2	2	5	5	48	48	27	27	1286	1286	4786	4786	2367	2367	4057	4057	1613	1613	138	138	12798	12798	6524	6524	13743	13743	1663	1663	964	964	12835	12835	710	710	460	460	673	673	109	109	48562	48562	111316	111316	41	41	42	42	30	30	239	239	447	447	314	314	263	263	340	340	258	258	387	387	179	179	383	383	300	300	497	497	1991	1991	514	514	105	105	79	79	205	205	36	36
IND00856	949	949	565	565	14817	14817	68	68	9184	9184	6234	6234	300	300	191	191	42	42	45	45	426	426	1206	1206	64	64	169	169	7	7	111	111	255	255	240	240	3	3	14	14	377	377	264	264	283	283	123	123	134	134	1621	1621	3921	3921	3640	3640	2	2	22	22	15118	15118	67106	67106	182	182	470	470	5	5	5	5	3389	3389	838	838	5027	5027	3543	3543	6076	6076	3596	3596	11580	11580	10134	10134	22	22	8	8	25357	25357	8979	8979	65	65	36	36	155	155	15	15	156	156	12	12	346	346	1821	1821	10	10	699	699	4	4	7	7	250	250	67	67	5001	5001	440	440	3724	3724	215	215	3852	3852	2965	2965	10277	10277	23012	23012	26501	26501	4958	4958	26835	26835	17037	17037	17	17	944	944	1013	1013	215	215	75346	75346	100682	100682	32	32	5	5	11	11	172	172	116	116	454	454	201	201	131	131	462	462	356	356	309	309	6	6	76	76	432	432	1615	1615	1639	1639	101	101	47	47	88	88	79	79
IND00857	433	433	63	63	11248	11248	2568	2568	767	767	7011	7011	216	216	438	438	84	84	45	45	722	722	231	231	95	95	121	121	32	32	91	91	13	13	42	42	15	15	13	13	506	506	457	457	286	286	136	136	370	370	1210	1210	3980	3980	1244	1244	27	27	29	29	16651	16651	87283	87283	1159	1159	1839	1839	3	3	8	8	3819	3819	925	925	7982	7982	4022	4022	13	13	7873	7873	1421	1421	14249	14249	27	27	20	20	30842	30842	25176	25176	110	110	83	83	40	40	102	102	121	121	18	18	2035	2035	357	357	915	915	553	553	3	3	3	3	105	105	174	174	8164	8164	2155	2155	2970	2970	3535	3535	3999	3999	3344	3344	17085	17085	5095	5095	29543	29543	23718	23718	29338	29338	2197	2197	14	14	164	164	264	264	859	859	11167	11167	75127	75127	13	13	20	20	238	238	155	155	264	264	416	416	84	84	167	167	249	249	427	427	59	59	82	82	480	480	372	372	694	694	404	404	109	109	99	99	64	64	53	53
IND00858	809	809	698	698	11365	11365	14897	14897	8915	8915	9008	9008	139	139	354	354	10	10	29	29	1209	1209	95	95	113	113	6	6	49	49	96	96	69	69	231	231	16	16	11	11	224	224	42	42	456	456	436	436	342	342	235	235	365	365	730	730	8	8	13	13	26038	26038	70225	70225	1696	1696	453	453	2	2	2	2	220	220	1519	1519	4634	4634	7979	7979	7644	7644	5004	5004	1480	1480	12708	12708	18	18	27	27	11627	11627	16645	16645	126	126	66	66	117	117	149	149	108	108	162	162	1741	1741	1865	1865	804	804	188	188	2	2	8	8	110	110	163	163	3050	3050	4288	4288	4034	4034	3292	3292	2429	2429	2928	2928	14179	14179	21095	21095	8991	8991	5465	5465	21980	21980	18543	18543	374	374	25	25	242	242	824	824	12733	12733	113790	113790	29	29	54	54	67	67	89	89	33	33	15	15	264	264	427	427	92	92	127	127	416	416	32	32	425	425	288	288	80	80	1020	1020	60	60	68	68	67	67	23	23
IND00859	439	439	638	638	10004	10004	8794	8794	11875	11875	13881	13881	505	505	370	370	22	22	123	123	586	586	860	860	129	129	238	238	53	53	32	32	215	215	238	238	6	6	7	7	335	335	471	471	279	279	448	448	577	577	849	849	1864	1864	1897	1897	6	6	16	16	23574	23574	2174	2174	468	468	1485	1485	6	6	5	5	482	482	2362	2362	3762	3762	72	72	1125	1125	3110	3110	2918	2918	13389	13389	19	19	14	14	26684	26684	13309	13309	9	9	10	10	117	117	158	158	132	132	155	155	1821	1821	319	319	986	986	221	221	1	1	2	2	194	194	206	206	8030	8030	6669	6669	3074	3074	2703	2703	2509	2509	2218	2218	6085	6085	24537	24537	15452	15452	29632	29632	2901	2901	10112	10112	696	696	739	739	468	468	232	232	104016	104016	89709	89709	47	47	51	51	68	68	101	101	120	120	415	415	214	214	400	400	104	104	190	190	29	29	445	445	406	406	333	333	418	418	294	294	24	24	72	72	234	234	93	93
IND00860	1017	1017	370	370	6131	6131	864	864	242	242	14550	14550	473	473	491	491	43	43	51	51	1632	1632	797	797	64	64	186	186	5	5	107	107	41	41	217	217	4	4	2	2	65	65	500	500	130	130	369	369	485	485	1974	1974	1257	1257	2465	2465	14	14	21	21	75707	75707	72793	72793	884	884	1949	1949	4	4	3	3	2843	2843	3416	3416	7420	7420	238	238	3838	3838	6185	6185	663	663	6097	6097	19	19	27	27	30864	30864	26115	26115	76	76	61	61	63	63	72	72	214	214	13	13	1737	1737	1751	1751	492	492	342	342	8	8	3	3	213	213	40	40	7514	7514	2429	2429	1234	1234	82	82	648	648	1008	1008	27069	27069	20473	20473	20448	20448	9115	9115	32310	32310	2786	2786	251	251	452	452	592	592	309	309	70426	70426	45607	45607	29	29	27	27	104	104	69	69	42	42	339	339	272	272	114	114	167	167	323	323	445	445	425	425	438	438	339	339	1267	1267	608	608	69	69	76	76	4	4	48	48
IND00861	352	352	36	36	11876	11876	5548	5548	7979	7979	15987	15987	56	56	251	251	71	71	70	70	348	348	546	546	37	37	240	240	78	78	119	119	203	203	37	37	8	8	14	14	128	128	334	334	235	235	109	109	1780	1780	536	536	3215	3215	2780	2780	24	24	11	11	40690	40690	33175	33175	650	650	1669	1669	3	3	3	3	3155	3155	1509	1509	785	785	6667	6667	3922	3922	6207	6207	867	867	888	888	23	23	17	17	1754	1754	30212	30212	74	74	11	11	111	111	91	91	107	107	3	3	542	542	508	508	952	952	140	140	2	2	5	5	27	27	142	142	7987	7987	5726	5726	989	989	3991	3991	959	959	1981	1981	7686	7686	2108	2108	8007	8007	10539	10539	2345	2345	13259	13259	781	781	735	735	1012	1012	810	810	95195	95195	101206	101206	36	36	56	56	68	68	107	107	363	363	219	219	505	505	444	444	346	346	281	281	76	76	319	319	117	117	168	168	1459	1459	1058	1058	50	50	91	91	22	22	5	5
IND00862	948	948	997	997	11831	11831	345	345	3055	3055	7068	7068	282	282	214	214	24	24	79	79	1950	1950	1601	1601	90	90	149	149	65	65	2	2	56	56	130	130	2	2	8	8	88	88	148	148	432	432	413	413	385	385	180	180	3903	3903	1612	1612	21	21	19	19	116707	116707	13740	13740	434	434	1117	1117	5	5	4	4	1200	1200	3253	3253	1672	1672	8099	8099	4311	4311	3787	3787	7244	7244	10826	10826	14	14	26	26	21793	21793	30131	30131	15	15	84	84	53	53	69	69	173	173	229	229	552	552	736	736	195	195	607	607	7	7	5	5	63	63	156	156	3871	3871	4750	4750	342	342	2497	2497	3442	3442	1694	1694	24123	24123	2675	2675	32320	32320	3821	3821	462	462	7155	7155	49	49	280	280	501	501	592	592	118465	118465	9356	9356	34	34	39	39	129	129	129	129	17	17	498	498	90	90	288	288	203	203	19	19	96	96	289	289	414	414	341	341	713	713	1052	1052	109	109	57	57	239	239	13	13
IND00863	142	142	254	254	1070	1070	1276	1276	3428	3428	15958	15958	505	505	198	198	85	85	48	48	622	622	443	443	186	186	170	170	98	98	50	50	147	147	69	69	13	13	5	5	191	191	50	50	31	31	279	279	775	775	181	181	2581	2581	2397	2397	5	5	9	9	96604	96604	48279	48279	1420	1420	686	686	5	5	4	4	366	366	1278	1278	8175	8175	1418	1418	2295	2295	5939	5939	8312	8312	85	85	8	8	26	26	8820	8820	31952	31952	44	44	70	70	4	4	77	77	112	112	77	77	734	734	1728	1728	867	867	750	750	1	1	4	4	158	158	147	147	3785	3785	2439	2439	1985	1985	2792	2792	1864	1864	3956	3956	21568	21568	17478	17478	23983	23983	23113	23113	27971	27971	28003	28003	300	300	560	560	413	413	312	312	122641	122641	129773	129773	39	39	25	25	46	46	93	93	189	189	466	466	315	315	94	94	361	361	352	352	448	448	211	211	434	434	115	115	1121	1121	690	690	15	15	53	53	231	231	9	9
IND00864	355	355	312	312	14883	14883	10462	10462	16337	16337	11950	11950	39	39	41	41	102	102	55	55	913	913	1350	1350	94	94	81	81	9	9	41	41	174	174	59	59	15	15	7	7	507	507	268	268	354	354	320	320	581	581	900	900	1825	1825	927	927	10	10	24	24	5599	5599	105565	105565	1096	1096	1765	1765	8	8	8	8	283	283	3319	3319	7745	7745	6387	6387	8183	8183	2982	2982	7377	7377	7900	7900	4	4	12	12	11194	11194	28028	28028	16	16	55	55	81	81	152	152	92	92	105	105	1713	1713	179	179	330	330	673	673	6	6	7	7	194	194	131	131	7323	7323	7792	7792	3537	3537	749	749	28	28	2568	2568	26131	26131	4268	4268	31977	31977	16519	16519	32677	32677	4907	4907	808	808	324	324	80	80	866	866	22687	22687	122860	122860	41	41	5	5	16	16	37	37	215	215	53	53	89	89	266	266	138	138	276	276	322	322	207	207	446	446	308	308	1179	1179	348	348	112	112	48	48	121	121	69	69
IND00865	872	872	369	369	14604	14604	14495	14495	16022	16022	12749	12749	479	479	456	456	41	41	3	3	900	900	1900	1900	197	197	5	5	52	52	28	28	8	8	118	118	15	15	1	1	61	61	392	392	188	188	75	75	1382	1382	1539	1539	1958	1958	3878	3878	13	13	12	12	66264	66264	46259	46259	1328	1328	1092	1092	3	3	6	6	1466	1466	2915	2915	5021	5021	2513	2513	1506	1506	7881	7881	1482	1482	13297	13297	32	32	29	29	7185	7185	27563	27563	70	70	120	120	140	140	95	95	230	230	57	57	150	150	1854	1854	332	332	66	66	1	1	2	2	180	180	72	72	5569	5569	6472	6472	3910	3910	638	638	1128	1128	2441	2441	23357	23357	26796	26796	7947	7947	7247	7247	5089	5089	26243	26243	289	289	93	93	642	642	599	599	59427	59427	58310	58310	63	63	64	64	87	87	105	105	248	248	261	261	498	498	55	55	192	192	80	80	166	166	486	486	278	278	17	17	1941	1941	933	933	91	91	5	5	71	71	197	197
IND00866	808	808	977	977	650	650	5336	5336	1518	1518	6593	6593	400	400	297	297	28	28	43	43	1125	1125	1642	1642	41	41	24	24	111	111	35	35	207	207	110	110	2	2	8	8	468	468	347	347	259	259	303	303	1053	1053	1681	1681	2976	2976	366	366	19	19	21	21	103446	103446	29835	29835	903	903	807	807	1	1	4	4	3305	3305	3826	3826	6163	6163	5116	5116	4459	4459	5563	5563	6210	6210	3946	3946	24	24	5	5	30730	30730	10865	10865	103	103	74	74	173	173	105	105	156	156	211	211	403	403	833	833	44	44	132	132	8	8	5	5	24	24	53	53	2052	2052	2448	2448	2390	2390	2338	2338	1560	1560	607	607	14236	14236	17227	17227	18579	18579	6374	6374	2810	2810	20182	20182	837	837	205	205	834	834	556	556	50412	50412	7494	7494	6	6	38	38	135	135	93	93	92	92	313	313	82	82	31	31	490	490	79	79	80	80	31	31	78	78	287	287	1133	1133	561	561	59	59	120	120	37	37	14	14
IND00867	206	206	555	555	7984	7984	9088	9088	12070	12070	8927	8927	273	273	261	261	39	39	6	6	533	533	1605	1605	119	119	91	91	53	53	84	84	187	187	150	150	16	16	15	15	480	480	208	208	138	138	99	99	1077	1077	283	283	3281	3281	4078	4078	29	29	9	9	3416	3416	94134	94134	921	921	1141	1141	1	1	2	2	2175	2175	349	349	4963	4963	2196	2196	4369	4369	7270	7270	6597	6597	1445	1445	10	10	9	9	16062	16062	23745	23745	104	104	81	81	35	35	145	145	176	176	7	7	855	855	1042	1042	536	536	741	741	2	2	4	4	114	114	63	63	7998	7998	3232	3232	4089	4089	3644	3644	3358	3358	404	404	7174	7174	24782	24782	24147	24147	20192	20192	3541	3541	10641	10641	483	483	746	746	188	188	593	593	92607	92607	101979	101979	32	32	57	57	213	213	29	29	64	64	149	149	61	61	339	339	413	413	242	242	133	133	420	420	318	318	88	88	1504	1504	1591	1591	29	29	15	15	223	223	170	170
IND00868	968	968	844	844	1512	1512	2875	2875	14795	14795	7272	7272	493	493	155	155	112	112	75	75	472	472	1816	1816	246	246	124	124	30	30	32	32	119	119	244	244	10	10	4	4	65	65	152	152	77	77	462	462	1949	1949	588	588	3593	3593	2491	2491	12	12	6	6	46241	46241	94507	94507	667	667	692	692	7	7	7	7	2506	2506	1522	1522	2871	2871	2934	2934	8104	8104	1795	1795	3050	3050	9616	9616	21	21	4	4	32490	32490	23553	23553	46	46	41	41	13	13	86	86	200	200	172	172	472	472	1132	1132	490	490	454	454	7	7	5	5	73	73	108	108	3568	3568	4513	4513	2356	2356	32	32	4039	4039	3788	3788	26934	26934	18441	18441	27126	27126	19317	19317	12658	12658	12344	12344	743	743	441	441	85	85	528	528	32030	32030	93533	93533	22	22	58	58	63	63	188	188	257	257	145	145	352	352	19	19	86	86	303	303	408	408	428	428	411	411	326	326	1021	1021	1169	1169	60	60	35	35	203	203	127	127
IND00869	45	45	436	436	12082	12082	12653	12653	716	716	3515	3515	43	43	264	264	16	16	36	36	91	91	563	563	213	213	195	195	16	16	14	14	175	175	133	133	11	11	1	1	81	81	120	120	70	70	320	320	363	363	2002	2002	3407	3407	2494	2494	23	23	32	32	55131	55131	74395	74395	764	764	836	836	4	4	6	6	2335	2335	2796	2796	5071	5071	5830	5830	8190	8190	1669	1669	1963	1963	9542	9542	11	11	22	22	10336	10336	23443	23443	54	54	52	52	103	103	74	74	104	104	7	7	1090	1090	1393	1393	483	483	684	684	3	3	1	1	221	221	20	20	6434	6434	3437	3437	2334	2334	1033	1033	1951	1951	352	352	11302	11302	28442	28442	2968	2968	17502	17502	23574	23574	6702	6702	80	80	406	406	121	121	279	279	33141	33141	90367	90367	39	39	63	63	245	245	51	51	284	284	351	351	390	390	306	306	458	458	156	156	187	187	304	304	510	510	301	301	1034	1034	340	340	50	50	114	114	239	239	150	150
IND00870	944	944	160	160	271	271	11137	11137	2675	2675	12572	12572	83	83	274	274	87	87	90	90	1268	1268	1840	1840	160	160	159	159	48	48	16	16	200	200	10	10	5	5	10	10	452	452	9	9	26	26	400	400	442	442	956	956	1119	1119	3280	3280	23	23	5	5	118988	118988	116076	116076	1990	1990	1604	1604	2	2	3	3	576	576	1787	1787	405	405	7005	7005	6941	6941	2315	2315	6775	6775	12783	12783	29	29	23	23	21341	21341	26869	26869	43	43	28	28	210	210	91	91	206	206	150	150	382	382	697	697	662	662	152	152	5	5	8	8	90	90	197	197	7216	7216	6147	6147	311	311	2179	2179	3677	3677	2341	2341	3265	3265	29243	29243	26528	26528	26749	26749	10017	10017	21716	21716	221	221	860	860	203	203	818	818	10358	10358	53468	53468	26	26	32	32	4	4	173	173	425	425	462	462	198	198	243	243	86	86	309	309	223	223	111	111	326	326	228	228	1719	1719	532	532	44	44	45	45	177	177	250	250
IND00871	135	135	857	857	12933	12933	1339	1339	966	966	16141	16141	370	370	428	428	124	124	61	61	546	546	75	75	222	222	112	112	44	44	18	18	197	197	231	231	14	14	6	6	122	122	491	491	279	279	427	427	837	837	406	406	2927	2927	2117	2117	3	3	23	23	76666	76666	108814	108814	1819	1819	1092	1092	2	2	1	1	907	907	3701	3701	3561	3561	8047	8047	4264	4264	7898	7898	13594	13594	1890	1890	11	11	26	26	11798	11798	8217	8217	4	4	64	64	184	184	150	150	71	71	126	126	1095	1095	1754	1754	545	545	912	912	6	6	2	2	224	224	192	192	7482	7482	4290	4290	1771	1771	162	162	3970	3970	2089	2089	23880	23880	6631	6631	25652	25652	31205	31205	2255	2255	27050	27050	601	601	133	133	64	64	473	473	45697	45697	45088	45088	56	56	21	21	190	190	50	50	123	123	422	422	209	209	294	294	450	450	243	243	36	36	410	410	277	277	460	460	735	735	1474	1474	5	5	109	109	183	183	187	187
IND00872	667	667	263	263	818	818	11207	11207	911	911	4675	4675	396	396	345	345	46	46	46	46	1891	1891	469	469	87	87	175	175	78	78	26	26	206	206	79	79	12	12	15	15	393	393	273	273	282	282	51	51	1152	1152	1996	1996	2682	2682	2326	2326	18	18	30	30	68224	68224	64056	64056	1546	1546	649	649	5	5	7	7	803	803	2107	2107	26	26	6915	6915	4845	4845	5789	5789	1128	1128	16100	16100	21	21	27	27	15319	15319	31547	31547	2	2	70	70	112	112	246	246	87	87	88	88	152	152	183	183	266	266	794	794	7	7	2	2	156	156	152	152	7827	7827	4520	4520	1686	1686	3593	3593	1247	1247	3784	3784	25035	25035	24834	24834	28672	28672	6225	6225	27254	27254	21729	21729	160	160	463	463	94	94	327	327	99934	99934	39889	39889	60	60	62	62	179	179	124	124	292	292	448	448	434	434	42	42	420	420	254	254	355	355	268	268	197	197	278	278	730	730	1248	1248	56	56	113	113	77	77	40	40
IND00873	949	949	260	260	1581	1581	9414	9414	6979	6979	10107	10107	185	185	292	292	70	70	66	66	1558	1558	2025	2025	24	24	178	178	94	94	26	26	12	12	44	44	14	14	9	9	489	489	353	353	442	442	151	151	1524	1524	746	746	2142	2142	1363	1363	17	17	22	22	79060	79060	18876	18876	1170	1170	1797	1797	4	4	3	3	711	711	291	291	3238	3238	6949	6949	3155	3155	1906	1906	6112	6112	7378	7378	28	28	30	30	21785	21785	28300	28300	119	119	114	114	14	14	88	88	159	159	128	128	1178	1178	28	28	276	276	250	250	7	7	5	5	223	223	154	154	3940	3940	5505	5505	1870	1870	3419	3419	4	4	2669	2669	570	570	14670	14670	14066	14066	20318	20318	1581	1581	7738	7738	666	666	606	606	63	63	338	338	21712	21712	76570	76570	19	19	8	8	114	114	119	119	456	456	278	278	451	451	333	333	357	357	379	379	213	213	144	144	4	4	456	456	1005	1005	1602	1602	73	73	38	38	81	81	30	30
IND00874	158	158	322	322	4754	4754	71	71	2732	2732	9295	9295	47	47	141	141	17	17	15	15	1961	1961	497	497	210	210	221	221	74	74	114	114	120	120	65	65	15	15	12	12	43	43	458	458	337	337	228	228	657	657	1875	1875	1763	1763	3543	3543	9	9	9	9	47648	47648	123109	123109	605	605	1115	1115	6	6	6	6	3925	3925	1808	1808	2953	2953	5374	5374	1683	1683	2375	2375	10819	10819	234	234	21	21	10	10	7809	7809	26541	26541	81	81	128	128	154	154	163	163	113	113	177	177	2032	2032	1223	1223	637	637	99	99	2	2	7	7	60	60	233	233	5523	5523	6134	6134	798	798	3535	3535	1925	1925	3200	3200	452	452	20384	20384	30703	30703	10543	10543	14172	14172	7923	7923	490	490	501	501	187	187	603	603	113335	113335	63749	63749	18	18	1	1	220	220	101	101	424	424	304	304	165	165	324	324	3	3	436	436	208	208	397	397	75	75	464	464	507	507	1515	1515	21	21	81	81	75	75	93	93
IND00875	475	475	496	496	5673	5673	10983	10983	649	649	6410	6410	127	127	165	165	70	70	109	109	1995	1995	508	508	205	205	132	132	106	106	51	51	205	205	65	65	12	12	1	1	137	137	465	465	52	52	203	203	1353	1353	1216	1216	2049	2049	3673	3673	28	28	17	17	102187	102187	57009	57009	36	36	1449	1449	8	8	4	4	1848	1848	3624	3624	6106	6106	1453	1453	3275	3275	53	53	3329	3329	10086	10086	4	4	27	27	1233	1233	8455	8455	87	87	92	92	59	59	199	199	190	190	63	63	44	44	1438	1438	1007	1007	539	539	8	8	3	3	83	83	2	2	4321	4321	3107	3107	2708	2708	788	788	3172	3172	4091	4091	4220	4220	5530	5530	5892	5892	18104	18104	8913	8913	19739	19739	842	842	165	165	892	892	53	53	58529	58529	5887	5887	41	41	51	51	243	243	244	244	481	481	4	4	93	93	440	440	168	168	112	112	357	357	198	198	230	230	289	289	1594	1594	1174	1174	59	59	84	84	84	84	254	254
IND00876	549	549	275	275	10490	10490	1613	1613	11089	11089	12176	12176	124	124	422	422	108	108	40	40	980	980	1848	1848	233	233	84	84	78	78	35	35	241	241	215	215	1	1	2	2	360	360	233	233	425	425	463	463	1794	1794	404	404	3500	3500	3550	3550	17	17	14	14	6432	6432	86345	86345	711	711	578	578	1	1	3	3	3768	3768	2950	2950	5360	5360	630	630	5329	5329	5962	5962	1789	1789	8121	8121	10	10	8	8	28556	28556	25374	25374	38	38	91	91	54	54	16	16	89	89	165	165	29	29	411	411	907	907	821	821	2	2	4	4	33	33	64	64	4949	4949	7128	7128	3663	3663	3046	3046	2615	2615	2769	2769	26024	26024	18413	18413	21424	21424	10900	10900	21016	21016	9255	9255	225	225	329	329	216	216	715	715	39437	39437	58478	58478	8	8	41	41	225	225	166	166	135	135	312	312	4	4	231	231	18	18	4	4	228	228	476	476	8	8	478	478	546	546	294	294	17	17	99	99	181	181	192	192
IND00877	427	427	678	678	4819	4819	6888	6888	12473	12473	11562	11562	386	386	268	268	91	91	106	106	1429	1429	1888	1888	67	67	46	46	8	8	20	20	175	175	76	76	14	14	9	9	265	265	398	398	372	372	255	255	602	602	1702	1702	2045	2045	2696	2696	29	29	13	13	120493	120493	7006	7006	932	932	440	440	2	2	8	8	2673	2673	156	156	6201	6201	6937	6937	1092	1092	4507	4507	3868	3868	16270	16270	8	8	17	17	31334	31334	26733	26733	120	120	16	16	223	223	53	53	67	67	43	43	271	271	1059	1059	272	272	776	776	7	7	2	2	83	83	127	127	5902	5902	1180	1180	2201	2201	3164	3164	1035	1035	1151	1151	23150	23150	27010	27010	25954	25954	5909	5909	23335	23335	20921	20921	238	238	539	539	474	474	665	665	56915	56915	69931	69931	56	56	43	43	255	255	64	64	445	445	320	320	93	93	238	238	464	464	354	354	176	176	158	158	443	443	357	357	928	928	817	817	78	78	35	35	60	60	219	219
IND00878	25	25	598	598	10775	10775	8875	8875	2064	2064	14677	14677	153	153	37	37	11	11	34	34	883	883	1483	1483	32	32	64	64	99	99	86	86	125	125	163	163	12	12	3	3	238	238	511	511	44	44	393	393	454	454	660	660	2870	2870	1198	1198	19	19	3	3	44950	44950	125520	125520	1582	1582	190	190	3	3	6	6	3981	3981	3807	3807	448	448	3525	3525	22	22	6711	6711	4059	4059	7680	7680	1	1	20	20	17823	17823	11563	11563	101	101	47	47	31	31	72	72	48	48	230	230	1679	1679	1884	1884	779	779	239	239	7	7	8	8	141	141	208	208	4227	4227	2479	2479	2851	2851	2787	2787	3839	3839	370	370	2923	2923	13935	13935	31673	31673	1621	1621	21258	21258	7865	7865	842	842	1016	1016	804	804	205	205	65137	65137	29344	29344	23	23	34	34	35	35	42	42	198	198	310	310	355	355	90	90	308	308	137	137	248	248	423	423	331	331	25	25	314	314	2016	2016	96	96	38	38	191	191	33	33
IND00879	433	433	207	207	9981	9981	2809	2809	6063	6063	521	521	311	311	78	78	44	44	80	80	411	411	1633	1633	134	134	232	232	50	50	116	116	154	154	125	125	6	6	7	7	349	349	296	296	377	377	134	134	980	980	1013	1013	3634	3634	2232	2232	27	27	24	24	103123	103123	118913	118913	756	756	1096	1096	6	6	2	2	2812	2812	357	357	1312	1312	891	891	5753	5753	6040	6040	7031	7031	4721	4721	16	16	6	6	19575	19575	29139	29139	15	15	56	56	26	26	180	180	99	99	96	96	1196	1196	1803	1803	58	58	464	464	1	1	8	8	16	16	45	45	1918	1918	1648	1648	1863	1863	2051	2051	3680	3680	3714	3714	10661	10661	25321	25321	7417	7417	8101	8101	5318	5318	32540	32540	99	99	101	101	576	576	710	710	24402	24402	50520	50520	60	60	30	30	70	70	207	207	408	408	411	411	324	324	498	498	437	437	140	140	262	262	210	210	440	440	55	55	507	507	1821	1821	109	109	96	96	63	63	22	22
IND00880	28	28	322	322	16040	16040	14144	14144	13685	13685	1912	1912	485	485	471	471	17	17	31	31	1760	1760	296	296	151	151	251	251	99	99	124	124	243	243	201	201	10	10	11	11	48	48	121	121	465	465	224	224	1281	1281	567	567	2188	2188	1321	1321	20	20	6	6	116700	116700	86662	86662	361	361	569	569	1	1	8	8	192	192	547	547	8038	8038	5709	5709	3958	3958	3195	3195	1136	1136	8409	8409	18	18	21	21	17560	17560	16927	16927	35	35	1	1	174	174	134	134	176	176	212	212	248	248	311	311	70	70	753	753	2	2	7	7	195	195	221	221	4620	4620	359	359	3253	3253	121	121	736	736	135	135	10739	10739	14074	14074	2780	2780	28988	28988	12393	12393	24409	24409	638	638	842	842	934	934	936	936	107899	107899	107880	107880	48	48	25	25	79	79	141	141	341	341	107	107	271	271	171	171	413	413	114	114	350	350	459	459	95	95	382	382	1060	1060	1729	1729	13	13	17	17	73	73	226	226
IND00881	472	472	995	995	1011	1011	8351	8351	337	337	433	433	119	119	479	479	62	62	11	11	1743	1743	902	902	33	33	81	81	37	37	88	88	32	32	196	196	12	12	13	13	138	138	356	356	12	12	35	35	1048	1048	1893	1893	2250	2250	522	522	15	15	20	20	121923	121923	1959	1959	814	814	1532	1532	1	1	7	7	538	538	2849	2849	3598	3598	5200	5200	1443	1443	2936	2936	3616	3616	15641	15641	29	29	8	8	16112	16112	15887	15887	119	119	52	52	59	59	242	242	64	64	184	184	604	604	1812	1812	94	94	102	102	2	2	3	3	160	160	56	56	6829	6829	2236	2236	1916	1916	415	415	2120	2120	1827	1827	30146	30146	1260	1260	27963	27963	13495	13495	25861	25861	17098	17098	762	762	213	213	658	658	285	285	45290	45290	115480	115480	17	17	30	30	76	76	94	94	248	248	189	189	104	104	250	250	17	17	6	6	305	305	284	284	137	137	337	337	1698	1698	742	742	101	101	26	26	241	241	7	7
IND00882	730	730	539	539	4257	4257	15478	15478	6666	6666	10189	10189	47	47	61	61	13	13	94	94	1598	1598	1840	1840	142	142	27	27	2	2	55	55	231	231	72	72	15	15	2	2	330	330	201	201	15	15	371	371	870	870	1064	1064	2478	2478	256	256	13	13	25	25	85660	85660	111363	111363	1788	1788	102	102	2	2	2	2	2518	2518	1372	1372	1885	1885	5759	5759	26	26	4252	4252	13032	13032	865	865	27	27	17	17	27832	27832	10670	10670	60	60	8	8	131	131	21	21	242	242	69	69	328	328	318	318	616	616	134	134	6	6	5	5	108	108	19	19	4110	4110	6273	6273	1984	1984	4	4	197	197	2755	2755	4114	4114	28860	28860	25612	25612	13532	13532	6203	6203	23258	23258	197	197	987	987	814	814	420	420	113879	113879	114458	114458	35	35	51	51	192	192	49	49	26	26	304	304	374	374	261	261	95	95	166	166	269	269	493	493	329	329	277	277	1101	1101	1273	1273	98	98	23	23	235	235	110	110
IND00883	651	651	1017	1017	7738	7738	11537	11537	9616	9616	13892	13892	497	497	56	56	88	88	109	109	516	516	591	591	15	15	49	49	9	9	44	44	92	92	167	167	3	3	15	15	398	398	228	228	507	507	481	481	1071	1071	902	902	1553	1553	362	362	14	14	1	1	105906	105906	23085	23085	913	913	607	607	3	3	7	7	2337	2337	3452	3452	5928	5928	4748	4748	6183	6183	1719	1719	254	254	13313	13313	11	11	26	26	28056	28056	15736	15736	101	101	119	119	194	194	70	70	181	181	38	38	357	357	1961	1961	44	44	48	48	6	6	3	3	246	246	145	145	7725	7725	977	977	3016	3016	295	295	1785	1785	467	467	20366	20366	10687	10687	19719	19719	1285	1285	14613	14613	14542	14542	879	879	55	55	66	66	64	64	127555	127555	35014	35014	33	33	58	58	67	67	22	22	235	235	20	20	18	18	170	170	381	381	331	331	160	160	347	347	283	283	399	399	1041	1041	1905	1905	15	15	56	56	86	86	208	208
IND00884	428	428	91	91	12013	12013	13501	13501	8159	8159	1203	1203	480	480	27	27	116	116	87	87	269	269	1762	1762	153	153	224	224	121	121	41	41	107	107	93	93	13	13	5	5	241	241	498	498	147	147	390	390	1609	1609	1774	1774	2319	2319	3901	3901	2	2	8	8	95247	95247	61100	61100	1910	1910	1077	1077	6	6	6	6	3098	3098	1694	1694	4450	4450	7283	7283	4743	4743	7248	7248	11834	11834	459	459	15	15	1	1	9739	9739	30369	30369	95	95	25	25	11	11	67	67	85	85	57	57	1624	1624	1184	1184	237	237	230	230	8	8	8	8	123	123	243	243	6468	6468	4089	4089	2003	2003	1953	1953	3748	3748	109	109	7446	7446	31034	31034	31435	31435	17252	17252	30848	30848	2127	2127	607	607	17	17	588	588	159	159	92385	92385	2569	2569	18	18	38	38	38	38	116	116	478	478	164	164	144	144	278	278	84	84	45	45	157	157	278	278	414	414	279	279	321	321	680	680	75	75	6	6	113	113	125	125
IND00885	698	698	698	698	877	877	5341	5341	5900	5900	2637	2637	319	319	66	66	94	94	6	6	1587	1587	1551	1551	46	46	97	97	15	15	42	42	182	182	194	194	3	3	6	6	280	280	45	45	313	313	255	255	532	532	1679	1679	3106	3106	2036	2036	29	29	2	2	100151	100151	91615	91615	12	12	385	385	1	1	5	5	3953	3953	2500	2500	428	428	4047	4047	3906	3906	5995	5995	11946	11946	4059	4059	12	12	7	7	12472	12472	19166	19166	106	106	118	118	183	183	57	57	102	102	17	17	96	96	1858	1858	976	976	940	940	5	5	6	6	217	217	61	61	1688	1688	7437	7437	178	178	1289	1289	3374	3374	4056	4056	8764	8764	29132	29132	19179	19179	18925	18925	10624	10624	23339	23339	372	372	183	183	101	101	131	131	126234	126234	110090	110090	15	15	58	58	138	138	248	248	156	156	424	424	388	388	204	204	415	415	249	249	42	42	158	158	388	388	52	52	1012	1012	1530	1530	95	95	113	113	174	174	24	24
IND00886	102	102	630	630	6517	6517	15375	15375	15903	15903	11986	11986	289	289	191	191	50	50	115	115	728	728	1456	1456	106	106	143	143	63	63	66	66	21	21	122	122	6	6	15	15	382	382	171	171	398	398	422	422	1536	1536	567	567	214	214	2716	2716	5	5	29	29	102440	102440	21312	21312	449	449	1991	1991	3	3	1	1	1633	1633	3924	3924	3723	3723	3670	3670	4453	4453	5871	5871	12158	12158	3163	3163	27	27	15	15	3259	3259	18263	18263	107	107	75	75	228	228	206	206	114	114	113	113	329	329	2034	2034	859	859	528	528	7	7	4	4	168	168	164	164	5374	5374	3584	3584	1544	1544	787	787	1242	1242	2111	2111	17182	17182	10809	10809	26994	26994	30146	30146	6677	6677	3605	3605	504	504	636	636	474	474	889	889	107976	107976	24129	24129	35	35	59	59	139	139	115	115	437	437	342	342	206	206	350	350	415	415	29	29	459	459	439	439	331	331	6	6	37	37	546	546	121	121	9	9	26	26	85	85
IND00887	254	254	358	358	62	62	6388	6388	4959	4959	5649	5649	343	343	184	184	39	39	41	41	1261	1261	1487	1487	255	255	221	221	106	106	110	110	57	57	75	75	10	10	16	16	480	480	479	479	168	168	431	431	1745	1745	1665	1665	271	271	2831	2831	12	12	11	11	90504	90504	2223	2223	1875	1875	1914	1914	4	4	3	3	3954	3954	1879	1879	729	729	4463	4463	5722	5722	1951	1951	10087	10087	1436	1436	13	13	2	2	1408	1408	2269	2269	69	69	82	82	147	147	158	158	63	63	197	197	1015	1015	1281	1281	740	740	953	953	5	5	4	4	82	82	93	93	152	152	5465	5465	1063	1063	1443	1443	4016	4016	1801	1801	30585	30585	7621	7621	9555	9555	31011	31011	10560	10560	23496	23496	989	989	496	496	94	94	868	868	19743	19743	121423	121423	48	48	62	62	74	74	167	167	260	260	111	111	447	447	83	83	187	187	428	428	121	121	309	309	2	2	322	322	988	988	1816	1816	30	30	60	60	22	22	201	201
IND00888	210	210	285	285	12882	12882	7226	7226	2668	2668	9084	9084	63	63	308	308	95	95	63	63	2005	2005	1183	1183	7	7	142	142	72	72	46	46	134	134	140	140	2	2	12	12	407	407	61	61	156	156	403	403	1100	1100	998	998	3608	3608	1729	1729	17	17	2	2	74957	74957	37897	37897	1623	1623	630	630	4	4	7	7	480	480	2728	2728	3375	3375	3854	3854	8187	8187	6798	6798	11349	11349	5092	5092	29	29	16	16	5256	5256	14370	14370	78	78	78	78	139	139	177	177	203	203	231	231	833	833	1495	1495	76	76	862	862	3	3	8	8	241	241	73	73	3423	3423	7760	7760	1369	1369	3748	3748	3891	3891	3171	3171	13597	13597	8921	8921	26654	26654	26911	26911	9765	9765	5273	5273	93	93	797	797	73	73	627	627	25532	25532	97496	97496	58	58	62	62	227	227	115	115	402	402	476	476	130	130	341	341	302	302	406	406	184	184	480	480	101	101	348	348	149	149	1113	1113	49	49	17	17	113	113	31	31
IND00889	186	186	594	594	543	543	3755	3755	8025	8025	8240	8240	314	314	68	68	99	99	20	20	22	22	312	312	231	231	251	251	45	45	96	96	5	5	141	141	6	6	11	11	406	406	189	189	129	129	278	278	1138	1138	1276	1276	2591	2591	3690	3690	12	12	7	7	127985	127985	35033	35033	821	821	599	599	1	1	6	6	3790	3790	1386	1386	5604	5604	5081	5081	7454	7454	6299	6299	4320	4320	5715	5715	17	17	7	7	11537	11537	13220	13220	3	3	82	82	141	141	153	153	166	166	247	247	737	737	180	180	213	213	900	900	5	5	5	5	53	53	126	126	7113	7113	6911	6911	2687	2687	988	988	2073	2073	2244	2244	1481	1481	13402	13402	4209	4209	27025	27025	31051	31051	23820	23820	140	140	260	260	13	13	452	452	16806	16806	109017	109017	39	39	5	5	245	245	46	46	93	93	36	36	281	281	501	501	305	305	329	329	148	148	372	372	390	390	225	225	1309	1309	556	556	60	60	60	60	199	199	110	110
IND00890	594	594	908	908	9555	9555	12784	12784	7639	7639	14809	14809	341	341	276	276	34	34	35	35	919	919	1076	1076	34	34	230	230	85	85	49	49	153	153	113	113	14	14	12	12	473	473	391	391	249	249	160	160	1740	1740	837	837	1383	1383	2886	2886	2	2	14	14	5230	5230	96478	96478	580	580	1236	1236	4	4	2	2	3661	3661	633	633	5711	5711	7009	7009	3280	3280	2491	2491	13799	13799	11913	11913	25	25	27	27	1038	1038	14758	14758	126	126	117	117	215	215	91	91	36	36	27	27	375	375	759	759	976	976	601	601	5	5	8	8	127	127	104	104	5677	5677	4146	4146	2483	2483	3972	3972	3399	3399	2389	2389	18286	18286	24734	24734	17703	17703	15037	15037	1427	1427	5949	5949	756	756	654	654	157	157	197	197	65877	65877	62962	62962	13	13	48	48	4	4	252	252	343	343	38	38	320	320	82	82	195	195	493	493	180	180	85	85	272	272	103	103	1816	1816	999	999	122	122	28	28	142	142	61	61
IND00891	707	707	627	627	11824	11824	9820	9820	11123	11123	49	49	56	56	299	299	58	58	50	50	679	679	203	203	6	6	65	65	64	64	122	122	73	73	145	145	2	2	4	4	296	296	217	217	17	17	106	106	39	39	686	686	3722	3722	449	449	23	23	27	27	36836	36836	26648	26648	41	41	166	166	1	1	3	3	2006	2006	1944	1944	1015	1015	2856	2856	7187	7187	505	505	7471	7471	2911	2911	25	25	2	2	24079	24079	15988	15988	110	110	105	105	238	238	128	128	4	4	223	223	879	879	1802	1802	318	318	860	860	8	8	6	6	250	250	15	15	7161	7161	4385	4385	2371	2371	2219	2219	1005	1005	1990	1990	27096	27096	29196	29196	19206	19206	9244	9244	9978	9978	390	390	368	368	594	594	115	115	281	281	30763	30763	77937	77937	38	38	55	55	49	49	70	70	111	111	158	158	448	448	440	440	419	419	96	96	266	266	305	305	458	458	181	181	536	536	2036	2036	46	46	39	39	117	117	92	92
IND00892	675	675	543	543	4417	4417	4768	4768	8116	8116	16170	16170	363	363	15	15	90	90	49	49	1120	1120	65	65	33	33	201	201	39	39	56	56	93	93	136	136	11	11	15	15	108	108	88	88	92	92	227	227	1973	1973	1626	1626	2147	2147	2813	2813	7	7	24	24	120345	120345	83033	83033	1621	1621	1219	1219	2	2	4	4	1227	1227	2356	2356	116	116	2579	2579	7526	7526	3181	3181	915	915	14837	14837	21	21	8	8	1365	1365	4747	4747	62	62	10	10	12	12	207	207	177	177	198	198	276	276	848	848	546	546	256	256	5	5	6	6	201	201	195	195	2052	2052	4848	4848	1174	1174	1536	1536	2576	2576	2560	2560	21201	21201	3013	3013	18824	18824	3644	3644	31871	31871	1010	1010	759	759	585	585	825	825	626	626	71207	71207	21902	21902	52	52	44	44	32	32	117	117	61	61	342	342	13	13	402	402	504	504	276	276	340	340	206	206	38	38	105	105	356	356	1364	1364	47	47	3	3	17	17	30	30
IND00893	853	853	681	681	11532	11532	98	98	10027	10027	1247	1247	137	137	414	414	7	7	127	127	520	520	1903	1903	223	223	35	35	36	36	87	87	213	213	184	184	12	12	5	5	352	352	400	400	153	153	382	382	1366	1366	1529	1529	2459	2459	2148	2148	5	5	23	23	70216	70216	120559	120559	601	601	1923	1923	3	3	1	1	1229	1229	2179	2179	7904	7904	1589	1589	6540	6540	4346	4346	7093	7093	15610	15610	31	31	30	30	12162	12162	10296	10296	59	59	90	90	237	237	135	135	210	210	242	242	1693	1693	439	439	200	200	1015	1015	4	4	4	4	107	107	81	81	5353	5353	5305	5305	928	928	2866	2866	3720	3720	2262	2262	30736	30736	17463	17463	3338	3338	3000	3000	18518	18518	27492	27492	497	497	162	162	874	874	428	428	131053	131053	13815	13815	45	45	5	5	199	199	233	233	444	444	67	67	188	188	441	441	241	241	149	149	327	327	84	84	254	254	367	367	1235	1235	771	771	42	42	96	96	65	65	179	179
IND00894	155	155	428	428	14389	14389	15920	15920	2654	2654	8154	8154	68	68	406	406	110	110	116	116	120	120	448	448	156	156	191	191	35	35	99	99	40	40	123	123	11	11	6	6	419	419	310	310	324	324	122	122	1370	1370	1831	1831	2484	2484	766	766	11	11	18	18	29561	29561	90561	90561	1246	1246	1312	1312	2	2	4	4	1707	1707	153	153	6308	6308	4785	4785	7856	7856	2586	2586	12834	12834	5680	5680	19	19	20	20	27638	27638	7239	7239	80	80	100	100	83	83	40	40	206	206	28	28	1345	1345	325	325	516	516	841	841	3	3	7	7	198	198	72	72	161	161	1513	1513	2481	2481	3608	3608	2366	2366	453	453	1483	1483	17923	17923	7008	7008	2481	2481	24513	24513	3281	3281	505	505	991	991	933	933	961	961	50829	50829	27467	27467	55	55	20	20	242	242	184	184	1	1	438	438	62	62	36	36	232	232	41	41	263	263	495	495	331	331	236	236	822	822	289	289	75	75	109	109	123	123	177	177
IND00895	656	656	320	320	3339	3339	4062	4062	12832	12832	15838	15838	227	227	484	484	29	29	45	45	1534	1534	1091	1091	41	41	102	102	10	10	49	49	133	133	111	111	13	13	11	11	418	418	355	355	299	299	229	229	995	995	165	165	4082	4082	2036	2036	27	27	12	12	67094	67094	17132	17132	1276	1276	1838	1838	2	2	3	3	825	825	688	688	1639	1639	2029	2029	4895	4895	3862	3862	11577	11577	5332	5332	11	11	2	2	30161	30161	22265	22265	43	43	96	96	137	137	152	152	208	208	7	7	1279	1279	1025	1025	965	965	569	569	7	7	7	7	223	223	213	213	5566	5566	6591	6591	3580	3580	1040	1040	107	107	1886	1886	22475	22475	8317	8317	7024	7024	3856	3856	23882	23882	20837	20837	463	463	1005	1005	148	148	1008	1008	98118	98118	9431	9431	1	1	36	36	249	249	219	219	130	130	456	456	355	355	489	489	70	70	393	393	485	485	258	258	474	474	30	30	1525	1525	261	261	43	43	45	45	37	37	227	227
IND00896	689	689	549	549	16260	16260	4238	4238	2396	2396	3961	3961	15	15	440	440	47	47	111	111	1977	1977	1053	1053	54	54	238	238	124	124	112	112	190	190	254	254	4	4	10	10	407	407	484	484	326	326	273	273	1991	1991	796	796	2326	2326	2379	2379	14	14	5	5	114264	114264	108601	108601	1165	1165	1651	1651	1	1	6	6	278	278	2223	2223	6603	6603	1695	1695	4015	4015	3748	3748	789	789	11189	11189	11	11	13	13	14352	14352	18409	18409	104	104	52	52	71	71	14	14	249	249	80	80	1875	1875	1175	1175	220	220	991	991	3	3	4	4	164	164	21	21	1180	1180	2526	2526	7	7	1887	1887	1689	1689	2912	2912	12174	12174	7315	7315	17976	17976	29549	29549	18238	18238	31012	31012	207	207	599	599	771	771	149	149	67833	67833	72814	72814	58	58	25	25	118	118	49	49	341	341	42	42	166	166	168	168	381	381	312	312	467	467	121	121	182	182	31	31	332	332	1705	1705	54	54	57	57	8	8	90	90
IND00897	30	30	759	759	10059	10059	3501	3501	9244	9244	4695	4695	126	126	193	193	117	117	27	27	1814	1814	1956	1956	148	148	94	94	19	19	82	82	13	13	231	231	15	15	10	10	354	354	87	87	198	198	342	342	66	66	490	490	1	1	38	38	7	7	13	13	20700	20700	50367	50367	1870	1870	1022	1022	2	2	8	8	3888	3888	2525	2525	5605	5605	3552	3552	2320	2320	5773	5773	8922	8922	1211	1211	26	26	31	31	16638	16638	25482	25482	101	101	89	89	128	128	246	246	107	107	79	79	249	249	1111	1111	106	106	56	56	1	1	8	8	233	233	203	203	3808	3808	941	941	2079	2079	2454	2454	1989	1989	2450	2450	21073	21073	19885	19885	15626	15626	22004	22004	28230	28230	12377	12377	338	338	950	950	70	70	232	232	77542	77542	1061	1061	64	64	56	56	194	194	255	255	334	334	72	72	47	47	309	309	340	340	167	167	186	186	454	454	427	427	78	78	676	676	816	816	111	111	8	8	136	136	113	113
IND00898	859	859	652	652	12860	12860	5743	5743	12093	12093	11134	11134	115	115	53	53	14	14	87	87	1922	1922	5	5	190	190	60	60	91	91	97	97	106	106	60	60	3	3	7	7	154	154	502	502	511	511	347	347	1130	1130	1278	1278	536	536	745	745	7	7	23	23	91628	91628	118899	118899	2045	2045	1423	1423	1	1	3	3	3797	3797	796	796	3174	3174	5932	5932	4095	4095	413	413	10479	10479	12254	12254	5	5	16	16	25669	25669	27353	27353	44	44	43	43	109	109	193	193	194	194	216	216	1894	1894	1058	1058	459	459	504	504	5	5	8	8	131	131	110	110	4739	4739	7059	7059	1285	1285	2758	2758	2073	2073	784	784	11368	11368	19559	19559	16752	16752	11926	11926	13394	13394	6228	6228	608	608	565	565	649	649	753	753	107675	107675	118015	118015	63	63	61	61	64	64	215	215	415	415	35	35	418	418	273	273	202	202	173	173	302	302	147	147	383	383	5	5	248	248	733	733	31	31	76	76	218	218	219	219
IND00899	845	845	780	780	15236	15236	3172	3172	7748	7748	10770	10770	510	510	231	231	128	128	72	72	120	120	827	827	153	153	64	64	93	93	32	32	3	3	92	92	10	10	13	13	85	85	105	105	390	390	312	312	1780	1780	947	947	2692	2692	1159	1159	14	14	29	29	70725	70725	21299	21299	1401	1401	839	839	2	2	6	6	2207	2207	3605	3605	6704	6704	429	429	3678	3678	148	148	9943	9943	16253	16253	24	24	8	8	19324	19324	14038	14038	48	48	22	22	131	131	117	117	11	11	37	37	1151	1151	387	387	886	886	684	684	2	2	8	8	129	129	218	218	4893	4893	5902	5902	2581	2581	1429	1429	1724	1724	2384	2384	3901	3901	3726	3726	10039	10039	25671	25671	905	905	7096	7096	584	584	618	618	321	321	951	951	68561	68561	113904	113904	54	54	6	6	197	197	218	218	500	500	246	246	251	251	343	343	47	47	73	73	154	154	126	126	113	113	370	370	2035	2035	163	163	46	46	95	95	194	194	250	250
IND00900	216	216	279	279	13958	13958	1373	1373	1730	1730	7117	7117	187	187	318	318	114	114	63	63	1287	1287	693	693	7	7	115	115	89	89	109	109	164	164	9	9	3	3	16	16	341	341	303	303	218	218	123	123	442	442	1208	1208	911	911	127	127	14	14	1	1	49479	49479	40630	40630	1518	1518	1652	1652	1	1	4	4	3735	3735	515	515	3926	3926	6121	6121	7145	7145	4737	4737	10292	10292	2172	2172	13	13	23	23	23079	23079	12914	12914	50	50	42	42	244	244	74	74	104	104	183	183	6	6	1894	1894	87	87	19	19	2	2	7	7	195	195	162	162	5825	5825	4148	4148	3381	3381	57	57	3173	3173	2851	2851	24427	24427	14761	14761	5198	5198	2490	2490	2173	2173	30028	30028	813	813	1007	1007	851	851	263	263	88092	88092	70011	70011	34	34	30	30	106	106	29	29	421	421	16	16	348	348	280	280	479	479	281	281	45	45	237	237	278	278	237	237	509	509	1977	1977	90	90	9	9	107	107	164	164
IND00901	268	268	515	515	6161	6161	6584	6584	4394	4394	10830	10830	261	261	347	347	107	107	33	33	1814	1814	1696	1696	73	73	200	200	42	42	39	39	99	99	216	216	1	1	11	11	449	449	122	122	327	327	433	433	1245	1245	2023	2023	1517	1517	2937	2937	32	32	24	24	25229	25229	13974	13974	461	461	160	160	3	3	5	5	3086	3086	2036	2036	3667	3667	4748	4748	2487	2487	5471	5471	12767	12767	4728	4728	29	29	16	16	22780	22780	28140	28140	55	55	3	3	59	59	29	29	6	6	173	173	1881	1881	1103	1103	148	148	880	880	8	8	2	2	84	84	60	60	2181	2181	4916	4916	3040	3040	939	939	3538	3538	3174	3174	6458	6458	1891	1891	15391	15391	25256	25256	19498	19498	26243	26243	112	112	950	950	893	893	719	719	40473	40473	81331	81331	60	60	11	11	128	128	13	13	164	164	57	57	416	416	278	278	392	392	327	327	482	482	346	346	393	393	302	302	304	304	148	148	47	47	3	3	155	155	181	181
IND00902	332	332	30	30	404	404	2352	2352	3102	3102	8795	8795	444	444	63	63	81	81	12	12	963	963	1902	1902	250	250	91	91	9	9	85	85	183	183	89	89	9	9	7	7	189	189	77	77	148	148	196	196	1620	1620	899	899	1337	1337	341	341	26	26	2	2	71157	71157	75060	75060	1612	1612	304	304	2	2	1	1	2320	2320	3248	3248	3433	3433	5689	5689	6008	6008	6097	6097	12436	12436	3737	3737	2	2	19	19	10421	10421	17014	17014	93	93	24	24	233	233	175	175	169	169	173	173	1215	1215	480	480	442	442	930	930	8	8	7	7	7	7	136	136	7520	7520	3317	3317	1639	1639	3092	3092	600	600	2224	2224	21820	21820	30103	30103	30188	30188	2996	2996	26322	26322	2953	2953	311	311	533	533	355	355	753	753	119502	119502	63453	63453	15	15	44	44	139	139	41	41	26	26	206	206	496	496	67	67	323	323	456	456	370	370	479	479	242	242	215	215	238	238	1442	1442	127	127	66	66	239	239	104	104
IND00903	618	618	653	653	5339	5339	15414	15414	3727	3727	4063	4063	174	174	43	43	91	91	52	52	681	681	115	115	30	30	179	179	19	19	59	59	177	177	80	80	5	5	2	2	491	491	64	64	464	464	311	311	1959	1959	487	487	2702	2702	247	247	7	7	32	32	63779	63779	58499	58499	200	200	105	105	7	7	3	3	267	267	910	910	6839	6839	8002	8002	7954	7954	1193	1193	9300	9300	11473	11473	5	5	9	9	5024	5024	20461	20461	119	119	112	112	255	255	40	40	117	117	128	128	1594	1594	1368	1368	20	20	488	488	4	4	5	5	7	7	120	120	7965	7965	5105	5105	2002	2002	4053	4053	256	256	523	523	26577	26577	24200	24200	23175	23175	21700	21700	8169	8169	8586	8586	227	227	165	165	881	881	27	27	48120	48120	45471	45471	37	37	52	52	136	136	88	88	270	270	442	442	280	280	426	426	288	288	243	243	15	15	274	274	19	19	325	325	1517	1517	1205	1205	107	107	128	128	250	250	167	167
IND00904	323	323	826	826	13540	13540	2301	2301	8998	8998	10940	10940	206	206	311	311	111	111	36	36	1040	1040	217	217	134	134	221	221	113	113	14	14	128	128	39	39	7	7	12	12	340	340	178	178	484	484	114	114	1456	1456	838	838	1624	1624	2135	2135	22	22	3	3	34125	34125	90171	90171	453	453	2	2	3	3	4	4	711	711	1700	1700	5462	5462	5723	5723	105	105	307	307	10290	10290	11093	11093	23	23	1	1	22381	22381	74	74	9	9	90	90	57	57	78	78	29	29	137	137	898	898	616	616	278	278	43	43	4	4	3	3	134	134	181	181	2918	2918	621	621	3706	3706	3987	3987	456	456	3697	3697	24206	24206	7554	7554	21660	21660	13164	13164	12899	12899	926	926	25	25	340	340	439	439	805	805	10545	10545	22750	22750	27	27	51	51	121	121	113	113	157	157	193	193	342	342	167	167	329	329	9	9	467	467	187	187	509	509	277	277	1101	1101	376	376	110	110	55	55	75	75	215	215
IND00905	287	287	74	74	10534	10534	1708	1708	9141	9141	8085	8085	489	489	470	470	5	5	58	58	681	681	1558	1558	245	245	244	244	16	16	43	43	116	116	29	29	13	13	14	14	148	148	235	235	417	417	365	365	1187	1187	17	17	1576	1576	1686	1686	32	32	15	15	114078	114078	88801	88801	991	991	731	731	3	3	2	2	3014	3014	3972	3972	2634	2634	1921	1921	5129	5129	7156	7156	6163	6163	1620	1620	23	23	30	30	30093	30093	19049	19049	125	125	92	92	230	230	190	190	225	225	186	186	798	798	1262	1262	588	588	928	928	7	7	8	8	96	96	227	227	1295	1295	1334	1334	1945	1945	1598	1598	417	417	802	802	7990	7990	2075	2075	10219	10219	3037	3037	25578	25578	7721	7721	695	695	299	299	723	723	985	985	102840	102840	125461	125461	56	56	41	41	59	59	218	218	11	11	391	391	218	218	245	245	505	505	454	454	464	464	409	409	76	76	378	378	780	780	1881	1881	99	99	97	97	136	136	86	86
IND00906	617	617	956	956	15922	15922	5576	5576	1945	1945	4724	4724	156	156	508	508	26	26	49	49	146	146	45	45	255	255	44	44	64	64	38	38	120	120	177	177	12	12	15	15	123	123	501	501	219	219	189	189	200	200	1433	1433	2036	2036	1351	1351	24	24	15	15	78474	78474	104591	104591	905	905	843	843	2	2	4	4	3095	3095	4067	4067	1838	1838	2599	2599	7364	7364	7293	7293	2397	2397	12613	12613	4	4	14	14	6737	6737	19358	19358	25	25	61	61	29	29	14	14	5	5	85	85	983	983	1644	1644	47	47	689	689	7	7	2	2	44	44	232	232	2954	2954	1367	1367	782	782	2141	2141	2379	2379	534	534	23275	23275	5303	5303	4983	4983	11541	11541	29222	29222	19861	19861	397	397	490	490	575	575	50	50	53889	53889	121803	121803	2	2	34	34	160	160	155	155	320	320	38	38	63	63	90	90	356	356	458	458	479	479	360	360	177	177	246	246	519	519	279	279	116	116	117	117	157	157	63	63
IND00907	842	842	752	752	287	287	1104	1104	420	420	8867	8867	264	264	159	159	80	80	118	118	602	602	1841	1841	200	200	256	256	107	107	75	75	203	203	87	87	7	7	4	4	355	355	161	161	101	101	376	376	69	69	1094	1094	835	835	3073	3073	30	30	20	20	101745	101745	76636	76636	1457	1457	787	787	2	2	7	7	1521	1521	2749	2749	4990	4990	4902	4902	4991	4991	5217	5217	14445	14445	14511	14511	12	12	22	22	9175	9175	16374	16374	61	61	102	102	181	181	45	45	54	54	117	117	1890	1890	728	728	283	283	624	624	6	6	8	8	11	11	3	3	4513	4513	1054	1054	3119	3119	1451	1451	3973	3973	1166	1166	22292	22292	20138	20138	20235	20235	2363	2363	24407	24407	13511	13511	68	68	743	743	65	65	331	331	95831	95831	99490	99490	48	48	17	17	162	162	135	135	164	164	34	34	456	456	285	285	41	41	499	499	290	290	3	3	91	91	149	149	274	274	1649	1649	12	12	84	84	83	83	149	149
IND00908	374	374	58	58	6434	6434	8278	8278	6774	6774	14038	14038	368	368	244	244	63	63	33	33	1737	1737	1091	1091	230	230	202	202	98	98	56	56	88	88	11	11	1	1	9	9	265	265	50	50	74	74	376	376	283	283	678	678	3293	3293	3011	3011	32	32	20	20	40006	40006	5034	5034	196	196	593	593	3	3	5	5	1891	1891	826	826	6164	6164	7769	7769	1223	1223	7309	7309	14039	14039	902	902	22	22	2	2	24519	24519	31494	31494	4	4	77	77	206	206	174	174	145	145	129	129	1543	1543	1109	1109	626	626	569	569	3	3	5	5	103	103	45	45	3211	3211	5641	5641	2609	2609	2223	2223	3971	3971	105	105	23192	23192	18456	18456	27234	27234	25267	25267	16282	16282	4771	4771	688	688	136	136	618	618	35	35	83165	83165	60726	60726	20	20	4	4	168	168	211	211	143	143	264	264	87	87	244	244	466	466	112	112	310	310	168	168	106	106	199	199	480	480	1784	1784	103	103	42	42	244	244	78	78
IND00909	758	758	75	75	9437	9437	9985	9985	15617	15617	8377	8377	363	363	46	46	84	84	123	123	62	62	37	37	152	152	18	18	120	120	43	43	239	239	250	250	1	1	1	1	71	71	82	82	197	197	260	260	2039	2039	419	419	3519	3519	1957	1957	31	31	14	14	50383	50383	27942	27942	1799	1799	732	732	7	7	7	7	129	129	3189	3189	37	37	37	37	468	468	1093	1093	3634	3634	4433	4433	21	21	3	3	21658	21658	12376	12376	121	121	107	107	82	82	2	2	65	65	147	147	1965	1965	1428	1428	120	120	264	264	8	8	6	6	69	69	187	187	400	400	4605	4605	789	789	317	317	3248	3248	621	621	15050	15050	16580	16580	23924	23924	19000	19000	30087	30087	14669	14669	574	574	353	353	406	406	123	123	60626	60626	12075	12075	23	23	15	15	68	68	40	40	236	236	205	205	195	195	384	384	85	85	113	113	409	409	176	176	388	388	126	126	1486	1486	2025	2025	53	53	51	51	25	25	192	192
IND00910	248	248	870	870	4898	4898	1537	1537	5174	5174	4909	4909	10	10	77	77	49	49	32	32	646	646	1543	1543	250	250	80	80	75	75	102	102	141	141	58	58	4	4	6	6	168	168	117	117	126	126	435	435	1957	1957	898	898	567	567	784	784	29	29	8	8	69837	69837	81419	81419	1441	1441	338	338	6	6	1	1	2048	2048	1257	1257	2681	2681	1162	1162	7188	7188	6825	6825	7957	7957	11779	11779	28	28	15	15	2680	2680	27409	27409	124	124	123	123	60	60	142	142	43	43	102	102	995	995	223	223	968	968	610	610	6	6	1	1	220	220	217	217	6995	6995	7461	7461	2705	2705	2995	2995	507	507	1597	1597	20932	20932	32273	32273	86	86	27936	27936	27585	27585	12717	12717	781	781	800	800	960	960	897	897	89371	89371	122550	122550	53	53	10	10	97	97	111	111	505	505	113	113	506	506	342	342	51	51	106	106	327	327	196	196	297	297	379	379	1338	1338	1242	1242	119	119	91	91	87	87	206	206
IND00911	644	644	752	752	6015	6015	6856	6856	5382	5382	7983	7983	512	512	9	9	39	39	1	1	695	695	409	409	171	171	77	77	72	72	100	100	56	56	143	143	10	10	3	3	458	458	157	157	147	147	298	298	874	874	298	298	3899	3899	3790	3790	2	2	11	11	73994	73994	59469	59469	1689	1689	677	677	3	3	2	2	3886	3886	140	140	5520	5520	3604	3604	1946	1946	6058	6058	11759	11759	6330	6330	20	20	16	16	29338	29338	17671	17671	19	19	46	46	134	134	256	256	119	119	56	56	543	543	1007	1007	991	991	283	283	4	4	6	6	224	224	199	199	4313	4313	6917	6917	3404	3404	3594	3594	583	583	2247	2247	9855	9855	7868	7868	4957	4957	16743	16743	7306	7306	26052	26052	637	637	569	569	527	527	668	668	116362	116362	24673	24673	47	47	25	25	220	220	22	22	379	379	166	166	203	203	161	161	331	331	430	430	144	144	64	64	17	17	87	87	298	298	728	728	79	79	21	21	247	247	92	92
IND00912	43	43	574	574	2384	2384	10462	10462	6338	6338	7405	7405	415	415	476	476	37	37	90	90	387	387	504	504	89	89	256	256	22	22	27	27	144	144	104	104	9	9	13	13	11	11	98	98	16	16	440	440	1081	1081	1521	1521	3669	3669	1202	1202	2	2	25	25	71014	71014	73672	73672	1220	1220	2031	2031	3	3	5	5	3480	3480	969	969	5713	5713	671	671	2866	2866	7570	7570	14652	14652	13592	13592	14	14	11	11	5119	5119	11112	11112	27	27	117	117	234	234	200	200	111	111	85	85	165	165	1046	1046	170	170	268	268	4	4	8	8	26	26	43	43	5766	5766	472	472	1685	1685	878	878	1863	1863	2631	2631	7197	7197	7900	7900	31908	31908	8513	8513	10415	10415	31660	31660	581	581	265	265	590	590	91	91	34747	34747	62062	62062	50	50	61	61	173	173	100	100	504	504	66	66	403	403	490	490	489	489	14	14	231	231	194	194	501	501	105	105	1788	1788	1404	1404	110	110	124	124	196	196	254	254
IND00913	612	612	969	969	9457	9457	15953	15953	7724	7724	1708	1708	149	149	286	286	63	63	100	100	299	299	1878	1878	25	25	46	46	59	59	36	36	15	15	91	91	14	14	13	13	160	160	127	127	456	456	217	217	52	52	1810	1810	1296	1296	278	278	19	19	29	29	10038	10038	88781	88781	549	549	492	492	4	4	3	3	720	720	203	203	1160	1160	1460	1460	973	973	7549	7549	15019	15019	9482	9482	4	4	5	5	9179	9179	29240	29240	65	65	65	65	68	68	31	31	186	186	251	251	1528	1528	1477	1477	546	546	107	107	8	8	7	7	252	252	182	182	5969	5969	6476	6476	4013	4013	2625	2625	2354	2354	108	108	17311	17311	8538	8538	17764	17764	8552	8552	2173	2173	10939	10939	780	780	40	40	203	203	336	336	48983	48983	91757	91757	7	7	62	62	195	195	44	44	240	240	294	294	418	418	102	102	50	50	63	63	135	135	118	118	425	425	82	82	997	997	58	58	120	120	87	87	61	61	34	34
IND00914	143	143	363	363	13436	13436	16223	16223	790	790	2114	2114	300	300	18	18	119	119	41	41	725	725	1766	1766	116	116	129	129	115	115	116	116	156	156	85	85	3	3	8	8	162	162	159	159	387	387	107	107	1242	1242	1287	1287	2988	2988	2101	2101	7	7	13	13	47106	47106	16700	16700	1127	1127	1765	1765	1	1	1	1	3295	3295	1066	1066	5377	5377	83	83	4517	4517	4533	4533	7117	7117	8649	8649	26	26	31	31	5383	5383	363	363	39	39	30	30	171	171	233	233	18	18	97	97	1661	1661	910	910	46	46	490	490	8	8	3	3	236	236	67	67	4724	4724	4305	4305	1843	1843	2250	2250	108	108	2411	2411	9176	9176	6873	6873	25703	25703	8881	8881	25381	25381	13020	13020	157	157	986	986	637	637	544	544	23266	23266	32416	32416	50	50	48	48	233	233	64	64	128	128	330	330	431	431	39	39	435	435	343	343	52	52	466	466	19	19	379	379	173	173	909	909	39	39	127	127	147	147	2	2
IND00915	279	279	349	349	12341	12341	8803	8803	15577	15577	13161	13161	139	139	265	265	128	128	12	12	101	101	1559	1559	2	2	122	122	73	73	104	104	169	169	196	196	8	8	7	7	225	225	71	71	123	123	164	164	492	492	1339	1339	952	952	1570	1570	17	17	6	6	48996	48996	93223	93223	1621	1621	1935	1935	4	4	2	2	166	166	2394	2394	5092	5092	5380	5380	6632	6632	1320	1320	14387	14387	5097	5097	15	15	13	13	203	203	30046	30046	92	92	52	52	181	181	123	123	244	244	111	111	1133	1133	609	609	567	567	434	434	4	4	1	1	226	226	7	7	5382	5382	3962	3962	1565	1565	1147	1147	3734	3734	3611	3611	14751	14751	23390	23390	16659	16659	1127	1127	5345	5345	21340	21340	551	551	410	410	832	832	638	638	89967	89967	123839	123839	32	32	52	52	167	167	214	214	102	102	19	19	436	436	427	427	11	11	185	185	184	184	187	187	109	109	221	221	455	455	1440	1440	75	75	91	91	44	44	20	20
IND00916	89	89	17	17	8708	8708	12716	12716	1489	1489	15939	15939	70	70	507	507	107	107	12	12	69	69	2045	2045	15	15	72	72	14	14	44	44	202	202	198	198	7	7	16	16	425	425	130	130	176	176	72	72	1692	1692	500	500	3751	3751	612	612	17	17	26	26	104140	104140	108155	108155	1643	1643	1067	1067	7	7	8	8	1516	1516	1147	1147	3798	3798	7211	7211	5930	5930	4298	4298	12011	12011	12271	12271	19	19	20	20	8790	8790	11969	11969	59	59	69	69	13	13	111	111	212	212	170	170	413	413	827	827	991	991	505	505	2	2	4	4	101	101	79	79	3827	3827	4218	4218	1357	1357	347	347	4006	4006	1306	1306	23396	23396	32387	32387	14228	14228	27555	27555	26687	26687	20283	20283	516	516	201	201	886	886	248	248	61984	61984	87751	87751	8	8	12	12	86	86	209	209	362	362	221	221	483	483	374	374	289	289	278	278	413	413	288	288	203	203	462	462	496	496	139	139	56	56	50	50	156	156	93	93
IND00917	835	835	382	382	13552	13552	15587	15587	4369	4369	7403	7403	306	306	232	232	88	88	56	56	1207	1207	315	315	238	238	149	149	107	107	41	41	166	166	81	81	5	5	8	8	196	196	262	262	98	98	243	243	310	310	1986	1986	1388	1388	2715	2715	25	25	15	15	128867	128867	57408	57408	260	260	591	591	7	7	4	4	2932	2932	1634	1634	740	740	7137	7137	2238	2238	6012	6012	1555	1555	6900	6900	13	13	26	26	27982	27982	1285	1285	85	85	90	90	6	6	119	119	31	31	98	98	1226	1226	1189	1189	844	844	43	43	6	6	7	7	139	139	53	53	3536	3536	6243	6243	1589	1589	532	532	2460	2460	22	22	25798	25798	31527	31527	6588	6588	5310	5310	9322	9322	28625	28625	331	331	872	872	463	463	821	821	26444	26444	87915	87915	59	59	28	28	200	200	90	90	256	256	151	151	7	7	441	441	464	464	442	442	355	355	225	225	387	387	157	157	1805	1805	719	719	66	66	59	59	148	148	197	197
IND00918	545	545	883	883	3382	3382	7629	7629	10168	10168	10967	10967	168	168	198	198	119	119	99	99	1793	1793	1834	1834	44	44	148	148	103	103	35	35	225	225	222	222	7	7	9	9	481	481	230	230	95	95	205	205	1270	1270	1597	1597	832	832	458	458	19	19	21	21	25624	25624	3706	3706	27	27	1596	1596	5	5	5	5	1544	1544	175	175	6734	6734	847	847	2780	2780	2973	2973	132	132	11360	11360	19	19	13	13	6174	6174	28054	28054	10	10	22	22	98	98	48	48	84	84	112	112	229	229	2048	2048	273	273	390	390	8	8	8	8	92	92	170	170	5462	5462	2296	2296	3561	3561	1214	1214	2437	2437	2394	2394	2589	2589	19451	19451	17737	17737	24075	24075	16574	16574	12745	12745	449	449	127	127	281	281	303	303	128878	128878	10124	10124	60	60	49	49	236	236	229	229	380	380	162	162	124	124	478	478	394	394	434	434	143	143	467	467	114	114	483	483	1158	1158	1035	1035	25	25	55	55	17	17	214	214
IND00919	578	578	27	27	9005	9005	5824	5824	14734	14734	15735	15735	286	286	485	485	117	117	110	110	1055	1055	1186	1186	13	13	70	70	35	35	87	87	54	54	155	155	3	3	5	5	479	479	86	86	243	243	410	410	223	223	910	910	2040	2040	3001	3001	26	26	17	17	2460	2460	109662	109662	31	31	1739	1739	7	7	8	8	82	82	3066	3066	5886	5886	3973	3973	2982	2982	2601	2601	5514	5514	3337	3337	14	14	24	24	10705	10705	30050	30050	58	58	118	118	109	109	44	44	83	83	221	221	1527	1527	1817	1817	12	12	739	739	3	3	6	6	125	125	132	132	1311	1311	4387	4387	2249	2249	461	461	3411	3411	1848	1848	18650	18650	9986	9986	1578	1578	7888	7888	6435	6435	24756	24756	858	858	37	37	110	110	832	832	12508	12508	72499	72499	18	18	42	42	119	119	150	150	424	424	323	323	471	471	51	51	431	431	317	317	145	145	199	199	165	165	239	239	2038	2038	1139	1139	19	19	13	13	169	169	210	210
IND00920	20	20	274	274	11265	11265	12338	12338	9900	9900	2138	2138	467	467	198	198	29	29	86	86	1583	1583	121	121	105	105	93	93	112	112	100	100	31	31	79	79	5	5	10	10	305	305	22	22	72	72	2	2	822	822	746	746	1412	1412	152	152	20	20	3	3	48035	48035	24633	24633	2013	2013	341	341	4	4	1	1	1882	1882	1240	1240	3731	3731	1290	1290	6023	6023	3159	3159	12951	12951	14704	14704	32	32	23	23	28411	28411	14951	14951	103	103	40	40	149	149	56	56	179	179	3	3	1536	1536	1025	1025	884	884	939	939	4	4	1	1	63	63	64	64	1236	1236	971	971	1069	1069	3782	3782	11	11	3474	3474	12989	12989	2844	2844	8256	8256	23244	23244	2888	2888	26581	26581	536	536	111	111	623	623	82	82	81826	81826	62681	62681	17	17	55	55	159	159	226	226	33	33	118	118	153	153	425	425	493	493	252	252	100	100	55	55	169	169	119	119	1098	1098	195	195	99	99	21	21	207	207	250	250
IND00921	946	946	273	273	3326	3326	2022	2022	9014	9014	11362	11362	267	267	224	224	116	116	53	53	1272	1272	1760	1760	176	176	36	36	83	83	62	62	177	177	100	100	5	5	9	9	94	94	222	222	227	227	126	126	231	231	1219	1219	989	989	3024	3024	23	23	30	30	66109	66109	56848	56848	796	796	57	57	1	1	4	4	2833	2833	911	911	4040	4040	7888	7888	3141	3141	7950	7950	10269	10269	14449	14449	11	11	32	32	29453	29453	16857	16857	101	101	119	119	15	15	228	228	195	195	4	4	1467	1467	982	982	985	985	193	193	3	3	2	2	57	57	148	148	4858	4858	2790	2790	2895	2895	623	623	3868	3868	2708	2708	13264	13264	25245	25245	12785	12785	10059	10059	14208	14208	14028	14028	798	798	363	363	304	304	713	713	76914	76914	67006	67006	40	40	57	57	234	234	116	116	188	188	245	245	157	157	410	410	82	82	243	243	497	497	449	449	139	139	511	511	230	230	1085	1085	32	32	87	87	131	131	7	7
IND00922	426	426	872	872	6967	6967	8253	8253	10476	10476	13543	13543	499	499	90	90	42	42	74	74	665	665	692	692	95	95	243	243	30	30	1	1	117	117	12	12	7	7	12	12	127	127	499	499	52	52	390	390	587	587	1662	1662	3091	3091	2601	2601	26	26	17	17	121529	121529	86950	86950	4	4	307	307	3	3	4	4	2577	2577	2766	2766	7040	7040	5512	5512	8064	8064	5842	5842	15558	15558	7049	7049	11	11	1	1	21682	21682	8941	8941	14	14	53	53	138	138	190	190	41	41	104	104	674	674	1107	1107	693	693	945	945	7	7	4	4	78	78	249	249	542	542	5189	5189	4054	4054	619	619	3851	3851	672	672	32462	32462	15438	15438	8992	8992	31998	31998	7402	7402	18399	18399	567	567	8	8	340	340	658	658	40957	40957	117224	117224	27	27	33	33	100	100	99	99	39	39	343	343	389	389	299	299	384	384	406	406	27	27	38	38	375	375	432	432	672	672	1452	1452	69	69	62	62	184	184	92	92
IND00923	494	494	193	193	2614	2614	13406	13406	5241	5241	8571	8571	388	388	511	511	117	117	4	4	715	715	1456	1456	238	238	10	10	32	32	14	14	142	142	92	92	9	9	1	1	111	111	412	412	340	340	427	427	669	669	4	4	2118	2118	515	515	7	7	8	8	122223	122223	124441	124441	1076	1076	639	639	3	3	6	6	2569	2569	2195	2195	7087	7087	4619	4619	2108	2108	3399	3399	4128	4128	684	684	8	8	12	12	22538	22538	2440	2440	13	13	117	117	15	15	2	2	39	39	122	122	1456	1456	1394	1394	740	740	967	967	6	6	7	7	26	26	179	179	4390	4390	744	744	2649	2649	1273	1273	1305	1305	2044	2044	6975	6975	23861	23861	17711	17711	22282	22282	24316	24316	20398	20398	70	70	479	479	872	872	209	209	124532	124532	42613	42613	50	50	36	36	121	121	136	136	241	241	458	458	296	296	366	366	139	139	289	289	292	292	132	132	164	164	115	115	676	676	1667	1667	123	123	3	3	43	43	13	13
IND00924	193	193	555	555	2643	2643	11492	11492	5	5	13872	13872	331	331	186	186	45	45	53	53	407	407	1009	1009	71	71	241	241	51	51	49	49	164	164	64	64	16	16	9	9	103	103	332	332	116	116	45	45	98	98	204	204	1609	1609	3152	3152	24	24	18	18	21932	21932	44245	44245	1910	1910	764	764	3	3	1	1	429	429	2026	2026	5832	5832	4177	4177	6096	6096	1012	1012	10007	10007	13938	13938	19	19	27	27	17073	17073	30051	30051	73	73	95	95	31	31	42	42	111	111	206	206	543	543	1757	1757	511	511	176	176	7	7	7	7	212	212	204	204	3633	3633	5183	5183	1037	1037	3888	3888	118	118	70	70	22973	22973	15208	15208	5433	5433	18684	18684	13568	13568	10952	10952	578	578	692	692	327	327	236	236	121114	121114	103491	103491	29	29	46	46	208	208	195	195	315	315	315	315	505	505	104	104	308	308	48	48	268	268	137	137	243	243	291	291	912	912	37	37	26	26	121	121	159	159	49	49
IND00925	681	681	1014	1014	16312	16312	8662	8662	11880	11880	3236	3236	74	74	102	102	35	35	51	51	16	16	1387	1387	195	195	1	1	21	21	34	34	137	137	3	3	3	3	13	13	13	13	428	428	373	373	78	78	472	472	1492	1492	3061	3061	385	385	22	22	32	32	25151	25151	10706	10706	1145	1145	235	235	6	6	6	6	1895	1895	1378	1378	7139	7139	457	457	2519	2519	6616	6616	12535	12535	15968	15968	26	26	9	9	24578	24578	4722	4722	28	28	10	10	213	213	151	151	165	165	196	196	805	805	743	743	348	348	490	490	3	3	1	1	199	199	162	162	2127	2127	4201	4201	3545	3545	2777	2777	2956	2956	3419	3419	1074	1074	22780	22780	21046	21046	7066	7066	20011	20011	1580	1580	1015	1015	742	742	996	996	53	53	37091	37091	32260	32260	22	22	49	49	200	200	95	95	333	333	235	235	265	265	439	439	144	144	259	259	327	327	149	149	379	379	85	85	2016	2016	913	913	46	46	76	76	233	233	211	211
IND00926	790	790	974	974	15239	15239	3781	3781	14754	14754	10549	10549	36	36	97	97	94	94	19	19	1472	1472	588	588	77	77	14	14	4	4	83	83	167	167	169	169	10	10	15	15	98	98	212	212	344	344	503	503	670	670	1747	1747	255	255	1723	1723	13	13	23	23	71126	71126	51931	51931	1608	1608	1325	1325	3	3	4	4	1673	1673	2682	2682	2845	2845	1367	1367	7819	7819	8016	8016	2338	2338	10994	10994	23	23	1	1	32467	32467	6994	6994	43	43	18	18	159	159	235	235	225	225	152	152	158	158	1848	1848	13	13	731	731	8	8	4	4	163	163	45	45	1645	1645	754	754	2287	2287	2286	2286	588	588	3476	3476	7290	7290	27107	27107	12085	12085	24158	24158	31271	31271	29908	29908	397	397	172	172	428	428	1000	1000	112094	112094	56022	56022	36	36	60	60	65	65	240	240	435	435	17	17	422	422	71	71	496	496	313	313	110	110	428	428	46	46	41	41	608	608	198	198	40	40	64	64	136	136	212	212
IND00927	599	599	278	278	6478	6478	1015	1015	1665	1665	15365	15365	279	279	28	28	16	16	108	108	818	818	72	72	127	127	42	42	43	43	88	88	174	174	74	74	1	1	4	4	122	122	437	437	136	136	283	283	1043	1043	326	326	1817	1817	663	663	4	4	9	9	121413	121413	25103	25103	1339	1339	1759	1759	2	2	6	6	3005	3005	4074	4074	2751	2751	1369	1369	2321	2321	3693	3693	11760	11760	13484	13484	32	32	1	1	12895	12895	9603	9603	93	93	39	39	162	162	159	159	240	240	180	180	1487	1487	714	714	993	993	812	812	6	6	1	1	151	151	193	193	3661	3661	378	378	2132	2132	3554	3554	2051	2051	61	61	8789	8789	11534	11534	13764	13764	29613	29613	8498	8498	28437	28437	154	154	914	914	548	548	508	508	58280	58280	124199	124199	41	41	36	36	19	19	48	48	460	460	267	267	271	271	103	103	75	75	161	161	129	129	138	138	159	159	101	101	1995	1995	677	677	87	87	18	18	176	176	102	102
IND00928	415	415	284	284	16178	16178	9151	9151	3428	3428	9063	9063	140	140	304	304	101	101	105	105	1148	1148	1798	1798	242	242	188	188	90	90	5	5	250	250	204	204	11	11	13	13	217	217	462	462	300	300	97	97	1212	1212	616	616	3547	3547	1314	1314	30	30	23	23	35406	35406	22240	22240	1296	1296	2010	2010	7	7	4	4	471	471	1994	1994	6172	6172	2488	2488	6444	6444	3742	3742	339	339	12348	12348	24	24	21	21	7455	7455	14771	14771	103	103	80	80	234	234	2	2	231	231	188	188	1707	1707	912	912	839	839	922	922	7	7	5	5	56	56	185	185	7357	7357	6387	6387	3858	3858	10	10	2243	2243	3513	3513	5432	5432	8989	8989	1980	1980	9138	9138	30271	30271	15590	15590	723	723	197	197	8	8	827	827	53799	53799	53192	53192	25	25	47	47	104	104	123	123	420	420	163	163	448	448	147	147	363	363	97	97	46	46	226	226	468	468	44	44	953	953	1274	1274	10	10	21	21	248	248	23	23
IND00929	19	19	495	495	11602	11602	8247	8247	5807	5807	5448	5448	246	246	404	404	120	120	57	57	1258	1258	310	310	124	124	149	149	60	60	123	123	8	8	4	4	16	16	12	12	43	43	415	415	111	111	108	108	1291	1291	219	219	2685	2685	93	93	3	3	24	24	19901	19901	91945	91945	1260	1260	1530	1530	1	1	6	6	772	772	617	617	6982	6982	6481	6481	7250	7250	6545	6545	10277	10277	11024	11024	10	10	14	14	31932	31932	13667	13667	124	124	18	18	226	226	204	204	145	145	191	191	1227	1227	1831	1831	266	266	848	848	7	7	2	2	196	196	226	226	1272	1272	5090	5090	2702	2702	995	995	3769	3769	196	196	20819	20819	28538	28538	21158	21158	440	440	3015	3015	24523	24523	42	42	978	978	745	745	437	437	13188	13188	97991	97991	37	37	33	33	235	235	103	103	348	348	456	456	42	42	45	45	508	508	20	20	180	180	245	245	246	246	105	105	1164	1164	121	121	28	28	69	69	12	12	130	130
IND00930	801	801	264	264	15493	15493	14805	14805	4250	4250	14885	14885	384	384	26	26	26	26	33	33	1708	1708	1533	1533	208	208	211	211	100	100	116	116	118	118	76	76	7	7	14	14	169	169	63	63	205	205	419	419	1367	1367	1785	1785	2183	2183	3098	3098	32	32	16	16	285	285	123514	123514	1513	1513	653	653	1	1	4	4	336	336	114	114	1878	1878	1441	1441	1	1	1806	1806	4617	4617	13211	13211	27	27	26	26	31269	31269	29349	29349	37	37	97	97	58	58	100	100	135	135	53	53	516	516	1759	1759	715	715	832	832	7	7	7	7	136	136	205	205	6461	6461	5817	5817	1785	1785	1584	1584	1	1	791	791	7839	7839	29441	29441	1664	1664	11818	11818	5243	5243	3059	3059	393	393	894	894	496	496	993	993	9643	9643	125341	125341	34	34	5	5	27	27	80	80	393	393	348	348	160	160	184	184	231	231	57	57	328	328	432	432	489	489	307	307	212	212	1155	1155	11	11	52	52	87	87	197	197
IND00931	681	681	120	120	14671	14671	15907	15907	10065	10065	7676	7676	231	231	277	277	60	60	37	37	763	763	1619	1619	65	65	39	39	54	54	116	116	77	77	133	133	4	4	16	16	443	443	217	217	109	109	374	374	493	493	1324	1324	373	373	3765	3765	15	15	12	12	91623	91623	130222	130222	1579	1579	1679	1679	3	3	1	1	1080	1080	1994	1994	2821	2821	3332	3332	1429	1429	2274	2274	3902	3902	10570	10570	30	30	30	30	12653	12653	4827	4827	117	117	33	33	108	108	256	256	59	59	84	84	252	252	1273	1273	1016	1016	436	436	3	3	3	3	170	170	240	240	2984	2984	5708	5708	2454	2454	3215	3215	1199	1199	3863	3863	15057	15057	10601	10601	32307	32307	22981	22981	15714	15714	19758	19758	868	868	529	529	506	506	513	513	99771	99771	93825	93825	33	33	41	41	168	168	206	206	397	397	208	208	331	331	504	504	106	106	332	332	225	225	57	57	326	326	462	462	797	797	1100	1100	113	113	117	117	93	93	183	183
IND00932	774	774	196	196	7590	7590	4248	4248	3106	3106	15500	15500	167	167	503	503	104	104	127	127	1702	1702	1130	1130	235	235	142	142	18	18	32	32	88	88	89	89	6	6	11	11	41	41	321	321	350	350	249	249	710	710	1832	1832	684	684	425	425	14	14	3	3	108450	108450	27609	27609	130	130	1873	1873	5	5	2	2	3231	3231	2898	2898	415	415	3478	3478	3495	3495	4733	4733	12201	12201	7972	7972	24	24	13	13	23057	23057	23624	23624	11	11	58	58	40	40	228	228	118	118	229	229	1772	1772	241	241	647	647	511	511	3	3	7	7	77	77	238	238	1348	1348	3840	3840	1164	1164	1664	1664	1322	1322	1457	1457	11140	11140	13179	13179	13170	13170	1033	1033	10516	10516	3603	3603	997	997	166	166	297	297	562	562	92244	92244	111383	111383	36	36	45	45	13	13	184	184	194	194	221	221	166	166	26	26	333	333	220	220	121	121	442	442	478	478	334	334	233	233	1558	1558	99	99	73	73	161	161	96	96
IND00933	627	627	514	514	15944	15944	8062	8062	13881	13881	4287	4287	353	353	104	104	12	12	118	118	433	433	1862	1862	198	198	187	187	13	13	23	23	187	187	222	222	9	9	16	16	50	50	378	378	370	370	421	421	770	770	535	535	588	588	862	862	27	27	15	15	17024	17024	116067	116067	1455	1455	1810	1810	1	1	8	8	1487	1487	2860	2860	3851	3851	3325	3325	837	837	3964	3964	5508	5508	11919	11919	20	20	9	9	6039	6039	28261	28261	121	121	108	108	125	125	253	253	127	127	185	185	1637	1637	981	981	733	733	125	125	8	8	3	3	1	1	37	37	7209	7209	5912	5912	829	829	1712	1712	2023	2023	1838	1838	1673	1673	31687	31687	23944	23944	12279	12279	23601	23601	13625	13625	406	406	539	539	873	873	628	628	27894	27894	26959	26959	54	54	47	47	32	32	48	48	126	126	407	407	310	310	498	498	71	71	81	81	348	348	308	308	407	407	266	266	1474	1474	342	342	91	91	87	87	158	158	234	234
IND00934	331	331	911	911	12977	12977	5563	5563	4894	4894	2287	2287	330	330	278	278	103	103	36	36	117	117	1045	1045	95	95	135	135	40	40	44	44	43	43	21	21	16	16	10	10	142	142	162	162	104	104	506	506	199	199	1717	1717	384	384	3022	3022	10	10	15	15	2504	2504	109058	109058	1878	1878	978	978	3	3	8	8	3692	3692	1855	1855	1337	1337	4309	4309	3196	3196	878	878	11592	11592	3143	3143	21	21	19	19	2801	2801	7971	7971	125	125	120	120	161	161	255	255	91	91	241	241	359	359	292	292	785	785	440	440	5	5	3	3	56	56	226	226	700	700	2403	2403	3796	3796	2088	2088	2719	2719	3749	3749	29679	29679	3669	3669	20404	20404	3920	3920	24520	24520	567	567	718	718	50	50	186	186	927	927	126348	126348	3366	3366	27	27	59	59	45	45	173	173	244	244	385	385	436	436	268	268	427	427	237	237	68	68	265	265	428	428	79	79	40	40	1470	1470	35	35	119	119	214	214	154	154
IND00935	938	938	293	293	6866	6866	7217	7217	194	194	9830	9830	399	399	338	338	2	2	75	75	216	216	476	476	164	164	232	232	6	6	79	79	127	127	75	75	3	3	2	2	83	83	416	416	293	293	374	374	927	927	1451	1451	531	531	2173	2173	21	21	20	20	9453	9453	114015	114015	933	933	323	323	7	7	8	8	2404	2404	2938	2938	6698	6698	6890	6890	7962	7962	3623	3623	15895	15895	9375	9375	4	4	2	2	9837	9837	30996	30996	24	24	99	99	66	66	197	197	196	196	17	17	150	150	22	22	812	812	823	823	5	5	4	4	187	187	170	170	460	460	5422	5422	89	89	1339	1339	3908	3908	3563	3563	32553	32553	26479	26479	7663	7663	19448	19448	184	184	16917	16917	689	689	367	367	534	534	991	991	104219	104219	49009	49009	4	4	14	14	90	90	199	199	349	349	185	185	323	323	48	48	356	356	499	499	318	318	30	30	496	496	293	293	363	363	1263	1263	42	42	102	102	60	60	165	165
IND00936	44	44	201	201	10814	10814	9013	9013	6111	6111	5528	5528	39	39	410	410	92	92	37	37	776	776	371	371	187	187	92	92	118	118	54	54	185	185	128	128	10	10	7	7	289	289	135	135	85	85	7	7	1670	1670	1200	1200	2208	2208	462	462	13	13	18	18	92334	92334	41780	41780	1688	1688	816	816	1	1	7	7	1471	1471	408	408	5038	5038	3039	3039	3929	3929	5741	5741	4790	4790	14915	14915	4	4	8	8	12175	12175	23908	23908	123	123	62	62	221	221	251	251	65	65	11	11	2	2	1456	1456	825	825	346	346	7	7	1	1	166	166	40	40	3112	3112	2525	2525	88	88	4078	4078	3766	3766	3401	3401	7742	7742	31198	31198	2472	2472	484	484	27424	27424	11068	11068	456	456	121	121	961	961	279	279	25726	25726	102582	102582	15	15	36	36	19	19	51	51	464	464	127	127	506	506	90	90	59	59	98	98	257	257	241	241	367	367	427	427	1530	1530	1964	1964	106	106	58	58	79	79	117	117
IND00937	949	949	481	481	3421	3421	12956	12956	15876	15876	10603	10603	432	432	45	45	103	103	119	119	1621	1621	2048	2048	245	245	84	84	83	83	25	25	193	193	75	75	10	10	2	2	214	214	178	178	41	41	166	166	884	884	723	723	3764	3764	1535	1535	32	32	30	30	56494	56494	68032	68032	1813	1813	1258	1258	3	3	3	3	3546	3546	1924	1924	551	551	1688	1688	1845	1845	335	335	2985	2985	14675	14675	25	25	14	14	14475	14475	274	274	68	68	127	127	140	140	97	97	26	26	248	248	941	941	305	305	665	665	393	393	6	6	8	8	88	88	170	170	3024	3024	3849	3849	2486	2486	1862	1862	337	337	4004	4004	24231	24231	461	461	14791	14791	23951	23951	30937	30937	21091	21091	10	10	514	514	842	842	303	303	113096	113096	36030	36030	55	55	60	60	87	87	192	192	411	411	40	40	128	128	423	423	452	452	492	492	375	375	6	6	487	487	297	297	1859	1859	834	834	13	13	45	45	238	238	183	183
IND00938	693	693	508	508	7203	7203	16245	16245	5800	5800	12069	12069	126	126	182	182	99	99	16	16	168	168	688	688	135	135	198	198	110	110	123	123	60	60	168	168	7	7	13	13	120	120	126	126	377	377	13	13	1611	1611	1013	1013	1254	1254	2428	2428	27	27	26	26	110587	110587	33934	33934	1105	1105	1378	1378	3	3	3	3	1798	1798	1662	1662	3841	3841	3907	3907	3586	3586	4577	4577	5033	5033	2520	2520	10	10	15	15	30357	30357	16350	16350	52	52	88	88	48	48	164	164	255	255	170	170	1563	1563	936	936	929	929	687	687	1	1	5	5	192	192	47	47	3019	3019	4815	4815	1690	1690	2249	2249	2	2	249	249	14405	14405	14632	14632	15354	15354	26130	26130	4951	4951	20984	20984	822	822	10	10	257	257	659	659	71153	71153	100305	100305	21	21	31	31	56	56	164	164	477	477	52	52	62	62	386	386	171	171	425	425	189	189	275	275	425	425	106	106	495	495	1609	1609	63	63	126	126	36	36	32	32
IND00939	323	323	960	960	4801	4801	16051	16051	436	436	4554	4554	73	73	166	166	64	64	98	98	172	172	1430	1430	171	171	119	119	19	19	107	107	52	52	245	245	9	9	12	12	174	174	77	77	116	116	91	91	1963	1963	1156	1156	1357	1357	1732	1732	29	29	22	22	73643	73643	47881	47881	146	146	1620	1620	8	8	4	4	326	326	3001	3001	6478	6478	2567	2567	4914	4914	4039	4039	8576	8576	8860	8860	9	9	26	26	14210	14210	3118	3118	20	20	62	62	249	249	252	252	186	186	156	156	1936	1936	1915	1915	569	569	665	665	1	1	2	2	15	15	28	28	3188	3188	1498	1498	3634	3634	2704	2704	2715	2715	2102	2102	27401	27401	13999	13999	26781	26781	11205	11205	7470	7470	4404	4404	982	982	920	920	803	803	260	260	51900	51900	32816	32816	46	46	19	19	232	232	6	6	270	270	281	281	486	486	96	96	345	345	146	146	187	187	50	50	75	75	277	277	1492	1492	1563	1563	44	44	7	7	178	178	140	140
IND00940	615	615	171	171	9553	9553	3586	3586	2332	2332	1513	1513	150	150	161	161	49	49	103	103	270	270	1402	1402	171	171	26	26	75	75	77	77	158	158	155	155	9	9	2	2	239	239	290	290	111	111	210	210	1392	1392	480	480	1167	1167	4011	4011	5	5	29	29	87743	87743	39208	39208	1776	1776	77	77	7	7	4	4	627	627	1187	1187	4794	4794	163	163	6898	6898	8144	8144	4010	4010	658	658	13	13	23	23	18312	18312	22397	22397	116	116	65	65	144	144	82	82	169	169	138	138	1595	1595	801	801	72	72	536	536	7	7	8	8	184	184	43	43	4604	4604	6120	6120	2378	2378	562	562	1606	1606	3637	3637	11256	11256	29661	29661	28376	28376	3836	3836	5862	5862	13316	13316	775	775	725	725	494	494	175	175	98245	98245	52231	52231	55	55	36	36	100	100	85	85	174	174	19	19	216	216	309	309	78	78	329	329	186	186	7	7	384	384	323	323	595	595	1964	1964	82	82	95	95	109	109	65	65
IND00941	163	163	144	144	9170	9170	1180	1180	9308	9308	11193	11193	311	311	43	43	93	93	78	78	951	951	362	362	249	249	145	145	21	21	105	105	228	228	61	61	8	8	11	11	219	219	123	123	451	451	56	56	135	135	273	273	1570	1570	413	413	8	8	32	32	106806	106806	10076	10076	724	724	1948	1948	2	2	6	6	699	699	848	848	2668	2668	2162	2162	5882	5882	5796	5796	5823	5823	5268	5268	8	8	20	20	32233	32233	9803	9803	50	50	90	90	156	156	146	146	123	123	251	251	1273	1273	311	311	610	610	664	664	7	7	8	8	21	21	93	93	350	350	6425	6425	3576	3576	157	157	280	280	1604	1604	7520	7520	7356	7356	22242	22242	18839	18839	32675	32675	10317	10317	861	861	208	208	505	505	788	788	21026	21026	115541	115541	58	58	28	28	178	178	116	116	24	24	218	218	484	484	87	87	311	311	499	499	84	84	428	428	401	401	180	180	415	415	1205	1205	84	84	116	116	190	190	211	211
IND00942	950	950	320	320	3396	3396	9503	9503	8220	8220	2807	2807	263	263	250	250	101	101	11	11	274	274	1890	1890	69	69	136	136	109	109	8	8	235	235	104	104	9	9	11	11	91	91	192	192	404	404	299	299	172	172	1023	1023	3794	3794	1210	1210	16	16	23	23	127076	127076	16247	16247	753	753	1860	1860	5	5	8	8	1616	1616	34	34	2364	2364	5297	5297	2036	2036	7386	7386	8470	8470	2407	2407	9	9	21	21	19613	19613	9086	9086	92	92	34	34	79	79	239	239	199	199	55	55	542	542	136	136	38	38	436	436	1	1	4	4	208	208	30	30	1786	1786	7150	7150	3265	3265	4006	4006	1316	1316	3931	3931	11369	11369	9531	9531	4037	4037	7104	7104	31381	31381	14187	14187	311	311	136	136	24	24	278	278	22857	22857	36496	36496	28	28	19	19	163	163	171	171	355	355	127	127	49	49	363	363	136	136	109	109	188	188	106	106	379	379	173	173	2031	2031	980	980	102	102	58	58	244	244	92	92
IND00943	167	167	936	936	6038	6038	9152	9152	4174	4174	12454	12454	488	488	461	461	120	120	46	46	1474	1474	1651	1651	222	222	91	91	43	43	62	62	50	50	256	256	10	10	2	2	35	35	431	431	351	351	434	434	797	797	520	520	2274	2274	3110	3110	26	26	27	27	4848	4848	22610	22610	1546	1546	259	259	2	2	7	7	2862	2862	626	626	1648	1648	1822	1822	5480	5480	857	857	174	174	6746	6746	7	7	1	1	10403	10403	6455	6455	114	114	85	85	53	53	175	175	44	44	177	177	1472	1472	886	886	207	207	490	490	7	7	8	8	72	72	51	51	7280	7280	1703	1703	1969	1969	1577	1577	2567	2567	1000	1000	18319	18319	6312	6312	9225	9225	12332	12332	10738	10738	697	697	166	166	902	902	300	300	222	222	28976	28976	72413	72413	41	41	26	26	240	240	196	196	411	411	20	20	95	95	284	284	376	376	457	457	72	72	30	30	40	40	414	414	492	492	1301	1301	96	96	36	36	223	223	159	159
IND00944	987	987	618	618	16002	16002	14491	14491	14498	14498	1982	1982	391	391	466	466	95	95	35	35	1089	1089	1141	1141	177	177	193	193	99	99	120	120	249	249	7	7	5	5	3	3	325	325	250	250	481	481	78	78	1849	1849	1379	1379	904	904	2319	2319	30	30	29	29	106879	106879	128231	128231	1808	1808	540	540	5	5	5	5	2998	2998	3405	3405	3666	3666	6335	6335	2969	2969	2053	2053	14935	14935	13135	13135	8	8	19	19	17669	17669	496	496	75	75	61	61	104	104	156	156	57	57	46	46	303	303	1886	1886	487	487	171	171	8	8	2	2	212	212	74	74	6139	6139	4491	4491	3354	3354	70	70	3036	3036	2811	2811	25702	25702	22099	22099	11448	11448	30672	30672	13412	13412	3651	3651	576	576	535	535	128	128	176	176	20188	20188	77826	77826	52	52	11	11	206	206	23	23	373	373	479	479	504	504	185	185	351	351	85	85	280	280	261	261	356	356	239	239	1496	1496	907	907	19	19	72	72	219	219	113	113
IND00945	64	64	126	126	9267	9267	8806	8806	8741	8741	13073	13073	480	480	124	124	127	127	8	8	1303	1303	898	898	47	47	190	190	42	42	9	9	12	12	8	8	10	10	7	7	378	378	153	153	421	421	5	5	651	651	821	821	1723	1723	1103	1103	20	20	26	26	36363	36363	99389	99389	1022	1022	1864	1864	4	4	6	6	1863	1863	1370	1370	8135	8135	7086	7086	3737	3737	5473	5473	1203	1203	1768	1768	13	13	17	17	27913	27913	3267	3267	74	74	62	62	139	139	88	88	190	190	145	145	1712	1712	988	988	930	930	431	431	3	3	4	4	27	27	139	139	6638	6638	4400	4400	502	502	215	215	2591	2591	3022	3022	26658	26658	11210	11210	3228	3228	26915	26915	28535	28535	15496	15496	256	256	27	27	404	404	753	753	106506	106506	67893	67893	4	4	16	16	228	228	94	94	325	325	496	496	396	396	217	217	56	56	7	7	458	458	455	455	202	202	260	260	1717	1717	1518	1518	122	122	112	112	189	189	231	231
IND00946	838	838	371	371	5322	5322	1878	1878	643	643	2865	2865	512	512	160	160	68	68	31	31	813	813	90	90	166	166	138	138	121	121	116	116	67	67	234	234	1	1	1	1	478	478	98	98	17	17	106	106	747	747	936	936	2242	2242	1591	1591	25	25	21	21	285	285	114079	114079	1451	1451	1193	1193	6	6	8	8	1335	1335	2091	2091	4283	4283	5123	5123	2781	2781	1066	1066	3151	3151	3361	3361	3	3	12	12	3745	3745	10809	10809	4	4	65	65	86	86	1	1	35	35	73	73	555	555	917	917	49	49	134	134	3	3	8	8	45	45	51	51	230	230	6197	6197	2138	2138	421	421	1854	1854	950	950	20767	20767	4194	4194	8377	8377	8958	8958	18340	18340	5411	5411	275	275	878	878	49	49	268	268	3076	3076	79823	79823	9	9	3	3	108	108	201	201	85	85	59	59	254	254	423	423	3	3	300	300	371	371	430	430	240	240	228	228	1852	1852	1878	1878	11	11	93	93	109	109	209	209
IND00947	674	674	189	189	8095	8095	7818	7818	14206	14206	5442	5442	10	10	423	423	1	1	16	16	262	262	1078	1078	142	142	213	213	77	77	1	1	221	221	50	50	3	3	13	13	314	314	4	4	181	181	361	361	906	906	489	489	125	125	2611	2611	28	28	7	7	59507	59507	53652	53652	9	9	1491	1491	2	2	8	8	3640	3640	1806	1806	1121	1121	7780	7780	7886	7886	280	280	3613	3613	10143	10143	24	24	6	6	18271	18271	31574	31574	90	90	112	112	166	166	198	198	234	234	249	249	1236	1236	1916	1916	1020	1020	106	106	1	1	5	5	168	168	2	2	5801	5801	7676	7676	1682	1682	3914	3914	1523	1523	644	644	6879	6879	30705	30705	23945	23945	25281	25281	22015	22015	11990	11990	102	102	359	359	101	101	135	135	116559	116559	9394	9394	54	54	38	38	227	227	67	67	376	376	280	280	258	258	114	114	283	283	167	167	314	314	102	102	236	236	169	169	67	67	1160	1160	115	115	100	100	165	165	123	123
IND00948	580	580	509	509	3121	3121	9139	9139	6990	6990	5395	5395	479	479	495	495	35	35	26	26	1858	1858	542	542	117	117	229	229	38	38	25	25	81	81	66	66	11	11	7	7	303	303	385	385	270	270	439	439	1068	1068	1208	1208	3821	3821	1406	1406	17	17	8	8	4295	4295	47647	47647	841	841	1985	1985	2	2	1	1	716	716	3416	3416	416	416	6937	6937	1984	1984	3834	3834	14164	14164	1351	1351	26	26	20	20	20818	20818	19149	19149	36	36	89	89	254	254	94	94	116	116	94	94	1024	1024	1973	1973	830	830	875	875	2	2	2	2	77	77	191	191	3479	3479	1936	1936	970	970	1196	1196	1483	1483	1052	1052	19335	19335	2190	2190	2063	2063	5212	5212	2964	2964	10243	10243	843	843	535	535	167	167	332	332	74966	74966	106304	106304	64	64	39	39	56	56	158	158	60	60	377	377	189	189	72	72	347	347	440	440	386	386	326	326	377	377	278	278	38	38	791	791	20	20	16	16	11	11	245	245
IND00949	405	405	72	72	9444	9444	7626	7626	10426	10426	1157	1157	273	273	175	175	53	53	34	34	399	399	783	783	138	138	165	165	69	69	24	24	141	141	237	237	5	5	3	3	218	218	434	434	123	123	97	97	1714	1714	1044	1044	2614	2614	2663	2663	21	21	12	12	46382	46382	109489	109489	1757	1757	1185	1185	2	2	8	8	546	546	1867	1867	2579	2579	5581	5581	1541	1541	245	245	8475	8475	15039	15039	3	3	20	20	418	418	15634	15634	35	35	100	100	35	35	1	1	26	26	54	54	254	254	907	907	821	821	157	157	3	3	8	8	81	81	130	130	5081	5081	7395	7395	1178	1178	1136	1136	1170	1170	2419	2419	127	127	20074	20074	24263	24263	17712	17712	2217	2217	8733	8733	571	571	197	197	940	940	52	52	93113	93113	12266	12266	43	43	38	38	160	160	211	211	476	476	511	511	53	53	54	54	143	143	121	121	498	498	395	395	108	108	478	478	1128	1128	1365	1365	25	25	56	56	92	92	57	57
IND00950	138	138	746	746	110	110	6199	6199	10251	10251	10161	10161	238	238	50	50	29	29	116	116	236	236	1756	1756	184	184	239	239	101	101	56	56	176	176	182	182	14	14	15	15	75	75	320	320	259	259	12	12	1955	1955	1612	1612	188	188	2202	2202	14	14	24	24	65220	65220	41150	41150	2013	2013	868	868	7	7	8	8	649	649	1453	1453	3521	3521	5932	5932	261	261	7038	7038	779	779	4338	4338	32	32	9	9	10160	10160	14255	14255	29	29	126	126	61	61	11	11	33	33	240	240	1174	1174	940	940	852	852	45	45	1	1	3	3	251	251	210	210	1105	1105	6783	6783	1709	1709	1390	1390	932	932	2926	2926	25990	25990	10146	10146	13980	13980	25722	25722	19525	19525	20722	20722	5	5	451	451	955	955	816	816	24644	24644	93615	93615	3	3	48	48	184	184	188	188	11	11	363	363	353	353	171	171	482	482	318	318	121	121	251	251	66	66	40	40	1150	1150	426	426	48	48	126	126	44	44	3	3
IND00951	419	419	770	770	1173	1173	16081	16081	1421	1421	5064	5064	498	498	6	6	7	7	1	1	1086	1086	598	598	84	84	145	145	124	124	16	16	110	110	157	157	11	11	7	7	66	66	243	243	2	2	172	172	357	357	56	56	703	703	2759	2759	7	7	6	6	39505	39505	25306	25306	432	432	279	279	6	6	4	4	2416	2416	2119	2119	5416	5416	5962	5962	7121	7121	3832	3832	10190	10190	14737	14737	2	2	23	23	15458	15458	32748	32748	127	127	4	4	221	221	204	204	64	64	251	251	477	477	667	667	352	352	520	520	4	4	1	1	47	47	103	103	1425	1425	6705	6705	217	217	1057	1057	263	263	3723	3723	24246	24246	443	443	16852	16852	21331	21331	22283	22283	30129	30129	846	846	650	650	615	615	489	489	109713	109713	118708	118708	54	54	32	32	65	65	174	174	368	368	440	440	301	301	87	87	1	1	277	277	191	191	125	125	170	170	449	449	952	952	1437	1437	47	47	49	49	136	136	136	136
IND00952	777	777	619	619	10823	10823	13510	13510	14044	14044	15632	15632	261	261	451	451	90	90	66	66	1638	1638	1638	1638	133	133	89	89	98	98	108	108	60	60	175	175	16	16	14	14	385	385	5	5	425	425	405	405	1464	1464	94	94	3830	3830	1503	1503	20	20	12	12	130271	130271	95652	95652	396	396	523	523	1	1	4	4	1478	1478	2556	2556	7175	7175	4155	4155	1079	1079	4204	4204	6171	6171	11201	11201	19	19	29	29	14459	14459	22439	22439	3	3	42	42	155	155	18	18	11	11	113	113	227	227	104	104	304	304	996	996	4	4	4	4	178	178	162	162	1205	1205	7842	7842	1778	1778	2950	2950	519	519	98	98	2711	2711	23733	23733	17895	17895	23676	23676	8739	8739	27551	27551	856	856	235	235	349	349	120	120	103746	103746	108424	108424	55	55	31	31	18	18	183	183	382	382	35	35	385	385	463	463	463	463	282	282	398	398	213	213	18	18	15	15	11	11	315	315	3	3	101	101	236	236	69	69
IND00953	361	361	230	230	8428	8428	15878	15878	10825	10825	1544	1544	93	93	185	185	93	93	38	38	1912	1912	1970	1970	181	181	107	107	110	110	43	43	102	102	93	93	2	2	12	12	43	43	238	238	374	374	292	292	1652	1652	1825	1825	261	261	3195	3195	10	10	9	9	57222	57222	125893	125893	147	147	1606	1606	4	4	1	1	3644	3644	2898	2898	6959	6959	105	105	6815	6815	3917	3917	6652	6652	12445	12445	25	25	4	4	14511	14511	14880	14880	38	38	80	80	231	231	226	226	92	92	61	61	1201	1201	41	41	734	734	194	194	3	3	2	2	20	20	93	93	7888	7888	1187	1187	3698	3698	2089	2089	54	54	2923	2923	24933	24933	7792	7792	24360	24360	5563	5563	28110	28110	24393	24393	63	63	484	484	274	274	851	851	59853	59853	49659	49659	4	4	23	23	139	139	214	214	339	339	17	17	426	426	260	260	467	467	488	488	295	295	229	229	243	243	96	96	960	960	562	562	9	9	114	114	223	223	228	228
IND00954	436	436	860	860	5992	5992	11566	11566	4933	4933	1819	1819	338	338	445	445	112	112	49	49	1767	1767	696	696	101	101	10	10	81	81	28	28	99	99	75	75	8	8	8	8	219	219	330	330	99	99	415	415	1368	1368	790	790	2481	2481	284	284	15	15	17	17	54674	54674	59351	59351	1887	1887	27	27	1	1	7	7	3186	3186	3975	3975	6649	6649	4816	4816	6212	6212	228	228	10562	10562	13626	13626	14	14	5	5	2513	2513	11650	11650	86	86	84	84	105	105	91	91	198	198	240	240	1093	1093	1680	1680	778	778	300	300	3	3	1	1	33	33	110	110	947	947	6739	6739	2556	2556	1926	1926	382	382	2617	2617	9331	9331	19543	19543	10180	10180	25348	25348	19542	19542	26276	26276	731	731	420	420	934	934	423	423	41392	41392	43621	43621	58	58	49	49	67	67	252	252	246	246	288	288	350	350	426	426	353	353	142	142	504	504	359	359	400	400	165	165	1119	1119	200	200	45	45	38	38	211	211	240	240
IND00955	558	558	639	639	11337	11337	14401	14401	4181	4181	2842	2842	171	171	177	177	107	107	54	54	1830	1830	490	490	89	89	194	194	38	38	79	79	31	31	207	207	9	9	3	3	3	3	275	275	329	329	274	274	900	900	2017	2017	2077	2077	1602	1602	8	8	31	31	130104	130104	64548	64548	584	584	1254	1254	2	2	5	5	3561	3561	3025	3025	6317	6317	4452	4452	6746	6746	7343	7343	5597	5597	2024	2024	26	26	25	25	12870	12870	25506	25506	123	123	125	125	175	175	44	44	254	254	32	32	1981	1981	1112	1112	63	63	369	369	6	6	1	1	107	107	237	237	1358	1358	5238	5238	436	436	2089	2089	3403	3403	1663	1663	14566	14566	14294	14294	5016	5016	31769	31769	5003	5003	17937	17937	971	971	291	291	750	750	951	951	16312	16312	112505	112505	38	38	63	63	169	169	150	150	126	126	260	260	492	492	34	34	205	205	456	456	111	111	368	368	510	510	149	149	661	661	1506	1506	125	125	11	11	131	131	35	35
IND00956	598	598	615	615	8662	8662	185	185	12086	12086	11680	11680	168	168	102	102	110	110	49	49	839	839	987	987	238	238	187	187	105	105	53	53	190	190	170	170	3	3	8	8	129	129	142	142	408	408	341	341	1611	1611	1921	1921	4060	4060	943	943	20	20	3	3	43099	43099	2749	2749	1137	1137	511	511	5	5	6	6	3104	3104	781	781	2921	2921	7462	7462	5099	5099	505	505	363	363	5661	5661	32	32	21	21	12463	12463	7659	7659	101	101	65	65	153	153	144	144	179	179	248	248	86	86	1513	1513	447	447	638	638	2	2	4	4	71	71	22	22	1977	1977	7326	7326	1249	1249	2970	2970	2453	2453	3237	3237	15590	15590	17982	17982	4963	4963	1218	1218	12825	12825	9334	9334	513	513	877	877	562	562	437	437	54407	54407	130291	130291	28	28	52	52	17	17	4	4	443	443	44	44	315	315	61	61	28	28	504	504	123	123	341	341	163	163	99	99	445	445	693	693	77	77	56	56	92	92	152	152
IND00957	349	349	347	347	10604	10604	7342	7342	6879	6879	11286	11286	144	144	453	453	1	1	39	39	224	224	398	398	178	178	107	107	33	33	102	102	234	234	255	255	6	6	15	15	296	296	412	412	172	172	181	181	852	852	1354	1354	170	170	2947	2947	32	32	7	7	81883	81883	82555	82555	1956	1956	316	316	7	7	8	8	220	220	2502	2502	4908	4908	4848	4848	177	177	6618	6618	9205	9205	7469	7469	20	20	17	17	6460	6460	30643	30643	24	24	45	45	67	67	206	206	212	212	171	171	677	677	438	438	610	610	453	453	4	4	8	8	208	208	193	193	3392	3392	5985	5985	3298	3298	70	70	130	130	3418	3418	2147	2147	9447	9447	11033	11033	23838	23838	31786	31786	29560	29560	55	55	962	962	316	316	180	180	110533	110533	45215	45215	22	22	63	63	250	250	103	103	471	471	213	213	97	97	250	250	410	410	271	271	278	278	321	321	410	410	90	90	902	902	870	870	37	37	87	87	88	88	203	203
IND00958	260	260	904	904	15590	15590	2280	2280	15693	15693	15566	15566	213	213	190	190	76	76	112	112	1989	1989	1105	1105	201	201	27	27	111	111	8	8	111	111	149	149	3	3	5	5	406	406	333	333	175	175	469	469	448	448	1792	1792	1786	1786	696	696	20	20	10	10	96094	96094	38349	38349	984	984	898	898	4	4	3	3	1967	1967	2436	2436	417	417	5774	5774	6881	6881	3601	3601	12620	12620	9925	9925	26	26	16	16	22787	22787	12897	12897	120	120	23	23	87	87	52	52	3	3	197	197	1658	1658	1966	1966	52	52	958	958	1	1	2	2	7	7	107	107	83	83	7759	7759	3836	3836	823	823	2910	2910	3501	3501	4996	4996	31847	31847	15060	15060	21023	21023	30218	30218	6937	6937	75	75	629	629	492	492	434	434	66973	66973	49597	49597	39	39	53	53	147	147	44	44	339	339	447	447	195	195	494	494	252	252	157	157	132	132	486	486	3	3	483	483	1723	1723	1434	1434	40	40	125	125	69	69	91	91
IND00959	829	829	678	678	88	88	559	559	13414	13414	5222	5222	280	280	323	323	14	14	80	80	908	908	13	13	153	153	14	14	60	60	85	85	219	219	202	202	7	7	2	2	402	402	441	441	281	281	318	318	1029	1029	51	51	3998	3998	3727	3727	25	25	25	25	31214	31214	15746	15746	1660	1660	851	851	6	6	2	2	3941	3941	3720	3720	1362	1362	7896	7896	2700	2700	7585	7585	15458	15458	5479	5479	24	24	6	6	8469	8469	4050	4050	7	7	55	55	19	19	91	91	232	232	113	113	215	215	1367	1367	1010	1010	696	696	3	3	8	8	242	242	112	112	1101	1101	3287	3287	3773	3773	533	533	3725	3725	3978	3978	21558	21558	22944	22944	30776	30776	31841	31841	9511	9511	4789	4789	993	993	42	42	644	644	325	325	45751	45751	124693	124693	56	56	64	64	215	215	192	192	502	502	340	340	204	204	121	121	304	304	481	481	71	71	324	324	311	311	185	185	1539	1539	392	392	7	7	52	52	52	52	149	149
IND00960	364	364	389	389	10405	10405	14565	14565	1206	1206	9622	9622	369	369	343	343	71	71	125	125	1208	1208	359	359	132	132	40	40	100	100	71	71	218	218	148	148	11	11	15	15	144	144	400	400	102	102	472	472	1597	1597	1672	1672	1890	1890	1132	1132	31	31	27	27	92453	92453	74399	74399	82	82	1283	1283	4	4	7	7	754	754	92	92	175	175	8181	8181	3296	3296	2445	2445	1027	1027	13584	13584	25	25	27	27	20627	20627	15141	15141	112	112	123	123	245	245	207	207	103	103	101	101	153	153	287	287	817	817	336	336	6	6	6	6	251	251	232	232	4845	4845	4194	4194	2457	2457	2639	2639	1986	1986	2849	2849	18002	18002	10701	10701	3695	3695	3585	3585	9919	9919	27556	27556	862	862	214	214	887	887	111	111	107897	107897	61827	61827	39	39	6	6	51	51	77	77	322	322	254	254	104	104	70	70	73	73	285	285	449	449	286	286	106	106	411	411	1456	1456	1057	1057	30	30	68	68	83	83	130	130
IND00961	206	206	1014	1014	15262	15262	11243	11243	7719	7719	10371	10371	493	493	500	500	104	104	101	101	1069	1069	597	597	187	187	201	201	40	40	58	58	158	158	39	39	6	6	10	10	344	344	161	161	364	364	294	294	1291	1291	1425	1425	806	806	3285	3285	16	16	24	24	104118	104118	54927	54927	1201	1201	1065	1065	1	1	7	7	2935	2935	1138	1138	5479	5479	1430	1430	1387	1387	7538	7538	6181	6181	10160	10160	9	9	3	3	11760	11760	14547	14547	65	65	103	103	223	223	21	21	159	159	160	160	1522	1522	1092	1092	868	868	666	666	7	7	7	7	92	92	159	159	3065	3065	4361	4361	661	661	3722	3722	3470	3470	2837	2837	16120	16120	25980	25980	28899	28899	20699	20699	121	121	529	529	764	764	774	774	589	589	394	394	5894	5894	51175	51175	42	42	62	62	153	153	167	167	294	294	263	263	38	38	159	159	473	473	50	50	221	221	131	131	11	11	222	222	739	739	20	20	94	94	76	76	231	231	39	39
IND00962	389	389	593	593	8327	8327	11234	11234	12992	12992	14355	14355	481	481	64	64	82	82	78	78	1554	1554	875	875	72	72	53	53	14	14	40	40	23	23	214	214	8	8	2	2	417	417	181	181	194	194	271	271	715	715	172	172	1405	1405	3007	3007	13	13	20	20	72881	72881	58330	58330	1816	1816	362	362	1	1	2	2	2690	2690	1664	1664	7363	7363	1450	1450	5344	5344	5014	5014	16181	16181	5832	5832	10	10	24	24	31750	31750	21750	21750	111	111	93	93	167	167	123	123	174	174	156	156	1596	1596	332	332	172	172	514	514	4	4	3	3	197	197	147	147	2003	2003	180	180	2570	2570	2343	2343	356	356	1436	1436	32515	32515	22470	22470	7267	7267	6915	6915	30399	30399	24460	24460	164	164	601	601	368	368	295	295	78613	78613	62648	62648	26	26	22	22	125	125	118	118	303	303	283	283	399	399	288	288	38	38	132	132	452	452	428	428	60	60	210	210	953	953	929	929	100	100	58	58	192	192	38	38
IND00963	515	515	815	815	13317	13317	7289	7289	4074	4074	13797	13797	380	380	88	88	59	59	18	18	1492	1492	543	543	72	72	149	149	21	21	74	74	224	224	105	105	5	5	9	9	431	431	77	77	187	187	246	246	496	496	720	720	2321	2321	3809	3809	11	11	8	8	51811	51811	123167	123167	1531	1531	741	741	3	3	7	7	570	570	2461	2461	2180	2180	459	459	5699	5699	393	393	346	346	1002	1002	11	11	27	27	15232	15232	26938	26938	59	59	109	109	43	43	212	212	8	8	164	164	238	238	1428	1428	438	438	238	238	7	7	2	2	64	64	138	138	3546	3546	512	512	3238	3238	2076	2076	3732	3732	1629	1629	11649	11649	10340	10340	20014	20014	12595	12595	5663	5663	15215	15215	888	888	98	98	635	635	277	277	101060	101060	80317	80317	28	28	56	56	194	194	162	162	274	274	465	465	238	238	91	91	257	257	232	232	330	330	189	189	78	78	312	312	1788	1788	516	516	115	115	85	85	33	33	256	256
IND00964	242	242	865	865	14669	14669	1428	1428	15305	15305	14880	14880	268	268	114	114	102	102	116	116	1414	1414	1300	1300	126	126	186	186	53	53	91	91	145	145	99	99	12	12	7	7	363	363	182	182	240	240	384	384	330	330	1324	1324	2984	2984	3828	3828	1	1	18	18	3202	3202	75049	75049	1994	1994	313	313	3	3	3	3	1991	1991	704	704	2709	2709	1309	1309	3804	3804	2417	2417	13993	13993	13251	13251	14	14	16	16	23748	23748	27468	27468	100	100	55	55	24	24	194	194	1	1	159	159	918	918	1711	1711	882	882	406	406	6	6	1	1	233	233	177	177	3440	3440	1141	1141	1670	1670	1185	1185	1941	1941	2579	2579	15536	15536	8754	8754	30236	30236	15181	15181	17665	17665	27894	27894	426	426	74	74	70	70	281	281	8845	8845	90482	90482	13	13	38	38	194	194	53	53	157	157	183	183	357	357	54	54	290	290	207	207	211	211	67	67	294	294	253	253	563	563	777	777	82	82	84	84	197	197	53	53
IND00965	230	230	392	392	13178	13178	14387	14387	13969	13969	16099	16099	96	96	127	127	121	121	15	15	827	827	1380	1380	248	248	1	1	128	128	23	23	225	225	248	248	4	4	8	8	235	235	497	497	388	388	296	296	141	141	261	261	2355	2355	3464	3464	23	23	28	28	84631	84631	58392	58392	895	895	180	180	1	1	7	7	231	231	2724	2724	6699	6699	2846	2846	269	269	137	137	1827	1827	6160	6160	2	2	26	26	24046	24046	8323	8323	68	68	41	41	236	236	256	256	53	53	236	236	1801	1801	59	59	723	723	625	625	2	2	7	7	134	134	124	124	6202	6202	6440	6440	687	687	2513	2513	2037	2037	2366	2366	16589	16589	4137	4137	16274	16274	30991	30991	2718	2718	7646	7646	751	751	854	854	17	17	961	961	8120	8120	120909	120909	8	8	59	59	65	65	156	156	248	248	10	10	263	263	65	65	267	267	350	350	471	471	470	470	126	126	486	486	1677	1677	886	886	74	74	14	14	204	204	3	3
IND00966	872	872	956	956	14135	14135	6074	6074	15275	15275	6289	6289	85	85	399	399	87	87	93	93	1200	1200	2036	2036	172	172	124	124	112	112	41	41	210	210	8	8	9	9	8	8	198	198	361	361	428	428	351	351	160	160	750	750	2230	2230	3391	3391	26	26	24	24	128922	128922	14727	14727	976	976	667	667	6	6	7	7	90	90	2797	2797	7732	7732	7135	7135	6088	6088	3826	3826	9822	9822	11658	11658	4	4	8	8	27590	27590	9743	9743	40	40	127	127	105	105	203	203	11	11	112	112	1591	1591	1077	1077	610	610	802	802	7	7	7	7	215	215	254	254	2888	2888	280	280	1114	1114	2890	2890	1162	1162	2316	2316	17115	17115	533	533	21238	21238	30823	30823	9813	9813	29669	29669	210	210	739	739	286	286	418	418	56646	56646	124970	124970	4	4	36	36	213	213	231	231	188	188	355	355	342	342	302	302	264	264	204	204	498	498	463	463	444	444	181	181	481	481	434	434	120	120	25	25	108	108	81	81
IND00967	918	918	97	97	3385	3385	1246	1246	13852	13852	8026	8026	406	406	383	383	10	10	72	72	1803	1803	1395	1395	7	7	25	25	95	95	68	68	90	90	117	117	7	7	12	12	418	418	185	185	372	372	32	32	663	663	1468	1468	4054	4054	557	557	20	20	6	6	107336	107336	102430	102430	1152	1152	723	723	5	5	1	1	4059	4059	3842	3842	5207	5207	3104	3104	7336	7336	7736	7736	5091	5091	13843	13843	11	11	23	23	12124	12124	8929	8929	73	73	116	116	78	78	143	143	78	78	114	114	271	271	485	485	398	398	16	16	6	6	8	8	200	200	195	195	2767	2767	4633	4633	1543	1543	3511	3511	2046	2046	636	636	22404	22404	16621	16621	26551	26551	6640	6640	26686	26686	30580	30580	189	189	618	618	560	560	290	290	129355	129355	26342	26342	2	2	21	21	112	112	59	59	454	454	258	258	273	273	339	339	210	210	98	98	119	119	360	360	431	431	380	380	1799	1799	2035	2035	121	121	42	42	137	137	38	38
IND00968	351	351	1020	1020	337	337	14391	14391	7894	7894	14527	14527	186	186	120	120	12	12	87	87	1701	1701	140	140	64	64	237	237	125	125	24	24	245	245	231	231	11	11	15	15	338	338	11	11	33	33	421	421	626	626	944	944	2200	2200	3290	3290	16	16	30	30	122537	122537	50470	50470	1990	1990	800	800	5	5	6	6	1439	1439	1302	1302	3824	3824	1387	1387	226	226	3421	3421	782	782	10859	10859	18	18	21	21	28570	28570	21040	21040	84	84	98	98	62	62	252	252	92	92	177	177	1541	1541	603	603	738	738	469	469	8	8	4	4	113	113	19	19	4699	4699	7944	7944	3427	3427	3718	3718	865	865	927	927	6227	6227	23610	23610	12266	12266	30188	30188	7139	7139	18962	18962	39	39	336	336	455	455	530	530	71346	71346	98218	98218	33	33	5	5	232	232	51	51	433	433	363	363	185	185	80	80	295	295	17	17	320	320	201	201	170	170	322	322	1569	1569	620	620	30	30	93	93	179	179	58	58
IND00969	278	278	94	94	4288	4288	3198	3198	7710	7710	12245	12245	373	373	410	410	15	15	15	15	165	165	1235	1235	231	231	13	13	90	90	43	43	104	104	24	24	5	5	3	3	41	41	332	332	415	415	361	361	1212	1212	1085	1085	2080	2080	1670	1670	30	30	32	32	79775	79775	89283	89283	808	808	1006	1006	2	2	4	4	3511	3511	2543	2543	2218	2218	931	931	4579	4579	4924	4924	9211	9211	2946	2946	4	4	3	3	23375	23375	20310	20310	59	59	6	6	224	224	71	71	43	43	28	28	1387	1387	468	468	670	670	365	365	2	2	7	7	38	38	26	26	7907	7907	7389	7389	682	682	2866	2866	33	33	2052	2052	26049	26049	24855	24855	29228	29228	4673	4673	19103	19103	12567	12567	432	432	54	54	832	832	603	603	74064	74064	107586	107586	39	39	33	33	199	199	110	110	445	445	313	313	93	93	357	357	465	465	3	3	242	242	144	144	412	412	484	484	848	848	418	418	60	60	34	34	81	81	178	178
IND00970	791	791	374	374	2290	2290	10525	10525	10515	10515	11687	11687	18	18	265	265	43	43	114	114	1552	1552	1038	1038	107	107	155	155	13	13	91	91	168	168	124	124	11	11	3	3	265	265	434	434	346	346	449	449	1186	1186	142	142	2950	2950	1209	1209	22	22	8	8	68384	68384	93365	93365	1228	1228	454	454	7	7	7	7	1715	1715	1000	1000	4766	4766	4916	4916	2553	2553	2239	2239	12643	12643	863	863	2	2	24	24	6110	6110	17942	17942	5	5	124	124	247	247	147	147	66	66	214	214	588	588	1849	1849	726	726	280	280	8	8	4	4	175	175	38	38	1608	1608	1232	1232	3053	3053	138	138	562	562	3301	3301	15941	15941	1433	1433	28681	28681	13952	13952	18430	18430	7525	7525	436	436	913	913	922	922	378	378	5865	5865	34411	34411	28	28	12	12	26	26	78	78	242	242	489	489	175	175	33	33	386	386	38	38	284	284	347	347	345	345	141	141	1665	1665	470	470	25	25	118	118	220	220	21	21
IND00971	350	350	148	148	13195	13195	13261	13261	4502	4502	3330	3330	43	43	31	31	81	81	14	14	373	373	718	718	240	240	2	2	21	21	63	63	95	95	37	37	12	12	16	16	113	113	332	332	469	469	172	172	952	952	1827	1827	987	987	3516	3516	29	29	13	13	26453	26453	48391	48391	1200	1200	545	545	1	1	5	5	2705	2705	3185	3185	3026	3026	351	351	8032	8032	6352	6352	10242	10242	1980	1980	5	5	23	23	32683	32683	30291	30291	47	47	120	120	32	32	253	253	40	40	66	66	1101	1101	225	225	433	433	342	342	7	7	4	4	206	206	65	65	2689	2689	6974	6974	13	13	1936	1936	4004	4004	114	114	22493	22493	3140	3140	15763	15763	1851	1851	28262	28262	24952	24952	464	464	95	95	199	199	232	232	311	311	110041	110041	37	37	52	52	112	112	230	230	495	495	108	108	75	75	494	494	40	40	423	423	267	267	127	127	55	55	428	428	1627	1627	1079	1079	92	92	1	1	137	137	246	246
IND00972	848	848	344	344	14274	14274	13166	13166	11134	11134	5690	5690	229	229	18	18	58	58	22	22	1130	1130	791	791	24	24	105	105	52	52	10	10	218	218	189	189	1	1	2	2	337	337	121	121	180	180	54	54	492	492	1239	1239	923	923	3756	3756	18	18	5	5	96481	96481	7086	7086	1988	1988	1200	1200	8	8	4	4	62	62	1710	1710	2698	2698	7911	7911	1594	1594	6470	6470	12108	12108	9992	9992	30	30	4	4	3702	3702	4133	4133	33	33	67	67	45	45	53	53	151	151	250	250	1855	1855	783	783	87	87	551	551	5	5	5	5	217	217	102	102	3459	3459	2986	2986	727	727	2696	2696	3614	3614	4039	4039	4588	4588	23320	23320	134	134	31085	31085	24272	24272	29728	29728	688	688	903	903	757	757	959	959	90550	90550	62736	62736	48	48	64	64	38	38	24	24	98	98	444	444	242	242	230	230	100	100	63	63	502	502	271	271	357	357	301	301	1044	1044	1470	1470	11	11	51	51	124	124	101	101
IND00973	576	576	821	821	5118	5118	1617	1617	4131	4131	8849	8849	307	307	83	83	45	45	86	86	1744	1744	568	568	174	174	201	201	121	121	78	78	173	173	69	69	3	3	10	10	101	101	254	254	71	71	375	375	780	780	1751	1751	81	81	2674	2674	6	6	27	27	90501	90501	113740	113740	1956	1956	1172	1172	4	4	5	5	436	436	2565	2565	3750	3750	5019	5019	1426	1426	6207	6207	9485	9485	1552	1552	16	16	14	14	4027	4027	17494	17494	22	22	16	16	214	214	207	207	242	242	202	202	1527	1527	1041	1041	244	244	528	528	1	1	3	3	201	201	209	209	4757	4757	3017	3017	2196	2196	3081	3081	369	369	3190	3190	4541	4541	11529	11529	14410	14410	7767	7767	21384	21384	24771	24771	87	87	341	341	1023	1023	320	320	10599	10599	806	806	9	9	20	20	120	120	105	105	381	381	384	384	93	93	479	479	368	368	212	212	38	38	466	466	44	44	191	191	910	910	1374	1374	40	40	100	100	239	239	42	42
IND00974	548	548	747	747	2937	2937	3434	3434	4413	4413	14571	14571	64	64	445	445	18	18	15	15	1820	1820	937	937	73	73	154	154	90	90	125	125	176	176	135	135	11	11	2	2	412	412	487	487	137	137	426	426	1281	1281	1308	1308	456	456	2148	2148	9	9	26	26	91844	91844	71942	71942	905	905	1855	1855	2	2	8	8	3716	3716	115	115	4843	4843	704	704	5303	5303	220	220	3374	3374	8997	8997	4	4	26	26	9545	9545	8660	8660	57	57	73	73	76	76	9	9	250	250	94	94	1337	1337	1495	1495	64	64	62	62	8	8	6	6	108	108	130	130	6297	6297	7017	7017	4005	4005	1906	1906	3563	3563	2297	2297	19229	19229	28363	28363	17444	17444	8066	8066	21605	21605	13995	13995	223	223	756	756	81	81	61	61	51435	51435	12165	12165	58	58	11	11	146	146	190	190	350	350	261	261	49	49	156	156	112	112	129	129	289	289	100	100	38	38	130	130	1799	1799	1731	1731	88	88	110	110	170	170	114	114
IND00975	198	198	326	326	8317	8317	1317	1317	5943	5943	5041	5041	130	130	491	491	48	48	108	108	1869	1869	1297	1297	32	32	138	138	64	64	42	42	30	30	228	228	16	16	2	2	425	425	487	487	204	204	393	393	1439	1439	733	733	2908	2908	2277	2277	27	27	15	15	46924	46924	59880	59880	586	586	607	607	4	4	2	2	1011	1011	3441	3441	833	833	7967	7967	7663	7663	1772	1772	6700	6700	11670	11670	22	22	27	27	16837	16837	11914	11914	47	47	79	79	148	148	94	94	150	150	194	194	805	805	790	790	718	718	765	765	3	3	2	2	127	127	204	204	4639	4639	7812	7812	1339	1339	3652	3652	2653	2653	164	164	15753	15753	4796	4796	13844	13844	32672	32672	679	679	30835	30835	258	258	364	364	591	591	66	66	79982	79982	92520	92520	21	21	61	61	50	50	15	15	99	99	206	206	82	82	189	189	182	182	72	72	215	215	485	485	470	470	132	132	377	377	539	539	83	83	30	30	183	183	193	193
IND00976	88	88	545	545	15804	15804	2844	2844	12613	12613	15826	15826	404	404	321	321	122	122	3	3	1386	1386	704	704	190	190	141	141	49	49	67	67	67	67	8	8	10	10	3	3	376	376	160	160	252	252	394	394	303	303	933	933	3945	3945	531	531	8	8	27	27	27993	27993	104726	104726	1067	1067	1093	1093	3	3	8	8	1319	1319	1742	1742	6660	6660	1485	1485	4825	4825	2102	2102	13376	13376	4913	4913	9	9	26	26	10030	10030	11588	11588	29	29	75	75	196	196	77	77	206	206	70	70	527	527	1673	1673	407	407	833	833	8	8	3	3	237	237	34	34	5707	5707	2483	2483	187	187	3457	3457	3321	3321	2616	2616	739	739	28656	28656	5930	5930	14264	14264	6919	6919	19289	19289	997	997	401	401	408	408	877	877	904	904	2805	2805	49	49	7	7	137	137	54	54	197	197	228	228	81	81	335	335	239	239	493	493	186	186	193	193	307	307	124	124	781	781	1462	1462	18	18	91	91	109	109	61	61
IND00977	560	560	548	548	6102	6102	5831	5831	8275	8275	3224	3224	289	289	476	476	95	95	88	88	88	88	439	439	50	50	40	40	31	31	112	112	238	238	245	245	10	10	15	15	170	170	321	321	301	301	259	259	1822	1822	996	996	2045	2045	1098	1098	17	17	17	17	23163	23163	125204	125204	510	510	620	620	6	6	3	3	2952	2952	491	491	7995	7995	614	614	5009	5009	4744	4744	6132	6132	11223	11223	15	15	21	21	22883	22883	26267	26267	2	2	6	6	177	177	15	15	58	58	253	253	1690	1690	1537	1537	450	450	460	460	2	2	5	5	39	39	237	237	4061	4061	2855	2855	1993	1993	662	662	1378	1378	3243	3243	20452	20452	11332	11332	1237	1237	13245	13245	31347	31347	24051	24051	352	352	940	940	253	253	470	470	88766	88766	125465	125465	38	38	39	39	102	102	168	168	364	364	266	266	430	430	322	322	156	156	59	59	107	107	130	130	83	83	212	212	1562	1562	2017	2017	19	19	88	88	205	205	216	216
IND00978	245	245	650	650	16143	16143	117	117	7479	7479	3695	3695	9	9	49	49	102	102	52	52	1046	1046	816	816	13	13	83	83	101	101	28	28	7	7	145	145	1	1	3	3	259	259	422	422	426	426	330	330	1155	1155	1088	1088	4087	4087	2692	2692	21	21	25	25	73732	73732	109094	109094	585	585	1352	1352	6	6	1	1	3451	3451	2849	2849	7062	7062	5574	5574	17	17	3986	3986	10688	10688	11636	11636	3	3	20	20	7523	7523	2261	2261	18	18	79	79	57	57	115	115	77	77	69	69	1840	1840	649	649	714	714	803	803	7	7	7	7	99	99	193	193	1941	1941	7792	7792	1883	1883	1231	1231	591	591	3934	3934	6449	6449	6855	6855	8102	8102	19595	19595	29101	29101	20892	20892	692	692	693	693	943	943	133	133	107673	107673	97427	97427	1	1	39	39	155	155	244	244	458	458	251	251	492	492	185	185	382	382	59	59	422	422	266	266	149	149	497	497	689	689	731	731	66	66	21	21	116	116	148	148
IND00979	980	980	879	879	14677	14677	16291	16291	13026	13026	2482	2482	108	108	461	461	109	109	94	94	561	561	1007	1007	191	191	69	69	45	45	116	116	148	148	153	153	16	16	2	2	95	95	96	96	410	410	34	34	847	847	670	670	557	557	2810	2810	30	30	23	23	81271	81271	35635	35635	1561	1561	567	567	6	6	6	6	1477	1477	1606	1606	3239	3239	7057	7057	1114	1114	4788	4788	1432	1432	6258	6258	28	28	19	19	2273	2273	30907	30907	102	102	79	79	203	203	88	88	12	12	104	104	986	986	450	450	720	720	867	867	1	1	6	6	29	29	246	246	876	876	5766	5766	470	470	2799	2799	1502	1502	1540	1540	14295	14295	3001	3001	26982	26982	1636	1636	26689	26689	23204	23204	427	427	79	79	804	804	331	331	71323	71323	97480	97480	58	58	30	30	122	122	73	73	455	455	217	217	420	420	323	323	99	99	5	5	484	484	318	318	85	85	15	15	1024	1024	1428	1428	62	62	40	40	41	41	66	66
IND00980	432	432	36	36	16052	16052	8016	8016	4549	4549	12578	12578	439	439	224	224	81	81	56	56	1703	1703	1607	1607	21	21	173	173	90	90	81	81	227	227	48	48	8	8	15	15	408	408	411	411	262	262	307	307	601	601	355	355	2024	2024	1153	1153	22	22	32	32	60065	60065	113780	113780	1817	1817	69	69	8	8	8	8	2543	2543	305	305	3356	3356	4848	4848	23	23	5415	5415	7497	7497	12878	12878	29	29	14	14	8824	8824	30418	30418	40	40	32	32	146	146	73	73	20	20	215	215	1432	1432	1356	1356	953	953	598	598	7	7	6	6	1	1	166	166	211	211	3220	3220	353	353	1424	1424	1858	1858	1266	1266	21273	21273	18098	18098	12172	12172	28695	28695	27363	27363	26296	26296	843	843	466	466	929	929	367	367	19086	19086	55195	55195	54	54	50	50	107	107	140	140	377	377	485	485	119	119	164	164	191	191	34	34	89	89	100	100	355	355	227	227	1956	1956	2047	2047	73	73	15	15	93	93	89	89
IND00981	46	46	73	73	13341	13341	14925	14925	2797	2797	2999	2999	165	165	13	13	128	128	10	10	1952	1952	546	546	197	197	254	254	9	9	51	51	151	151	74	74	9	9	6	6	317	317	238	238	378	378	56	56	1793	1793	761	761	3923	3923	711	711	2	2	25	25	98326	98326	105130	105130	365	365	905	905	2	2	4	4	4096	4096	2990	2990	5058	5058	6609	6609	7454	7454	1696	1696	10457	10457	8521	8521	1	1	15	15	30629	30629	10586	10586	7	7	6	6	111	111	106	106	187	187	141	141	1597	1597	1097	1097	673	673	25	25	4	4	8	8	217	217	120	120	572	572	962	962	1119	1119	2062	2062	1464	1464	2184	2184	22980	22980	28794	28794	1934	1934	12283	12283	32736	32736	15550	15550	283	283	651	651	272	272	864	864	64626	64626	94137	94137	6	6	6	6	93	93	137	137	116	116	454	454	470	470	260	260	204	204	310	310	379	379	96	96	98	98	346	346	1793	1793	151	151	75	75	64	64	256	256	198	198
IND00982	801	801	217	217	9253	9253	15058	15058	4425	4425	10447	10447	304	304	93	93	102	102	23	23	1658	1658	40	40	204	204	192	192	6	6	100	100	242	242	67	67	2	2	6	6	383	383	421	421	136	136	268	268	116	116	1037	1037	1318	1318	391	391	21	21	23	23	110833	110833	73450	73450	333	333	65	65	1	1	6	6	1344	1344	936	936	3216	3216	8104	8104	5798	5798	1520	1520	3579	3579	15606	15606	19	19	4	4	19209	19209	19839	19839	44	44	98	98	169	169	70	70	255	255	32	32	363	363	1091	1091	950	950	125	125	2	2	7	7	102	102	24	24	2116	2116	1634	1634	3375	3375	3129	3129	122	122	4068	4068	17608	17608	24490	24490	8918	8918	4044	4044	9050	9050	28255	28255	981	981	434	434	207	207	924	924	117114	117114	8972	8972	50	50	41	41	10	10	186	186	509	509	476	476	150	150	459	459	218	218	496	496	9	9	218	218	78	78	108	108	1581	1581	472	472	37	37	106	106	219	219	156	156
IND00983	39	39	362	362	11638	11638	8651	8651	4078	4078	15892	15892	170	170	274	274	16	16	66	66	1103	1103	35	35	182	182	26	26	39	39	35	35	147	147	253	253	1	1	11	11	504	504	408	408	257	257	436	436	1308	1308	954	954	270	270	2703	2703	32	32	12	12	26136	26136	8826	8826	1896	1896	1112	1112	3	3	7	7	330	330	3589	3589	3497	3497	1690	1690	3232	3232	1526	1526	14733	14733	2928	2928	2	2	22	22	20439	20439	6199	6199	43	43	89	89	206	206	73	73	125	125	24	24	379	379	1285	1285	1002	1002	791	791	6	6	2	2	254	254	128	128	4835	4835	1986	1986	1682	1682	3353	3353	792	792	721	721	21642	21642	27612	27612	8319	8319	14189	14189	8408	8408	17713	17713	642	642	921	921	440	440	168	168	24878	24878	7563	7563	38	38	5	5	34	34	27	27	54	54	100	100	175	175	78	78	208	208	209	209	313	313	86	86	338	338	155	155	245	245	1959	1959	56	56	15	15	151	151	191	191
IND00984	866	866	452	452	12046	12046	6413	6413	4809	4809	7674	7674	7	7	170	170	72	72	99	99	812	812	39	39	14	14	159	159	116	116	33	33	239	239	7	7	8	8	13	13	334	334	110	110	194	194	73	73	1283	1283	1987	1987	306	306	473	473	20	20	5	5	47966	47966	5472	5472	1810	1810	619	619	2	2	8	8	2810	2810	218	218	3909	3909	8094	8094	849	849	767	767	11639	11639	10109	10109	6	6	21	21	10241	10241	21363	21363	33	33	67	67	203	203	182	182	228	228	147	147	1854	1854	1434	1434	870	870	1001	1001	6	6	2	2	169	169	200	200	4487	4487	4475	4475	1095	1095	879	879	1125	1125	2678	2678	20823	20823	31864	31864	20337	20337	20731	20731	12198	12198	32314	32314	534	534	195	195	10	10	318	318	60945	60945	109763	109763	32	32	60	60	155	155	80	80	281	281	500	500	234	234	382	382	83	83	163	163	187	187	141	141	333	333	185	185	1085	1085	403	403	61	61	122	122	58	58	165	165
IND00985	67	67	603	603	15770	15770	2913	2913	12130	12130	10279	10279	196	196	50	50	124	124	29	29	1669	1669	1230	1230	70	70	7	7	99	99	41	41	108	108	124	124	12	12	15	15	7	7	170	170	38	38	482	482	1028	1028	703	703	1167	1167	182	182	25	25	14	14	74256	74256	46758	46758	1641	1641	1067	1067	2	2	2	2	1135	1135	2148	2148	4871	4871	171	171	3570	3570	3245	3245	12777	12777	14834	14834	3	3	25	25	17147	17147	5192	5192	10	10	17	17	124	124	229	229	130	130	99	99	1746	1746	16	16	652	652	921	921	8	8	2	2	238	238	203	203	7808	7808	5700	5700	820	820	998	998	2592	2592	2970	2970	6137	6137	13277	13277	3682	3682	30990	30990	17958	17958	10873	10873	62	62	698	698	99	99	393	393	74399	74399	10155	10155	36	36	5	5	145	145	123	123	365	365	72	72	503	503	282	282	314	314	292	292	280	280	114	114	220	220	35	35	1293	1293	1615	1615	2	2	101	101	64	64	10	10
IND00986	455	455	318	318	9252	9252	9153	9153	15811	15811	5744	5744	490	490	84	84	104	104	125	125	190	190	549	549	10	10	70	70	18	18	34	34	88	88	201	201	15	15	7	7	339	339	7	7	432	432	120	120	108	108	1717	1717	991	991	3431	3431	11	11	12	12	75052	75052	48491	48491	232	232	58	58	5	5	6	6	231	231	395	395	2121	2121	7841	7841	8165	8165	2855	2855	8514	8514	10818	10818	17	17	6	6	10325	10325	3309	3309	16	16	82	82	50	50	115	115	104	104	210	210	1949	1949	1149	1149	684	684	93	93	6	6	5	5	204	204	57	57	993	993	6277	6277	3453	3453	3426	3426	2556	2556	828	828	12037	12037	25355	25355	15915	15915	31374	31374	8133	8133	17066	17066	275	275	857	857	465	465	715	715	3093	3093	130412	130412	58	58	57	57	202	202	94	94	293	293	510	510	379	379	254	254	105	105	9	9	239	239	257	257	318	318	470	470	1221	1221	1733	1733	124	124	30	30	242	242	66	66
IND00987	677	677	946	946	55	55	8952	8952	10425	10425	7074	7074	365	365	383	383	63	63	9	9	957	957	1630	1630	238	238	43	43	40	40	36	36	158	158	191	191	7	7	14	14	419	419	48	48	329	329	44	44	709	709	792	792	1666	1666	2146	2146	11	11	9	9	118156	118156	46240	46240	543	543	710	710	1	1	7	7	779	779	1563	1563	106	106	5173	5173	7874	7874	6707	6707	137	137	13691	13691	27	27	4	4	23943	23943	29656	29656	10	10	55	55	87	87	81	81	117	117	236	236	893	893	1340	1340	688	688	330	330	3	3	1	1	58	58	241	241	7693	7693	3925	3925	1474	1474	2869	2869	4017	4017	2586	2586	1066	1066	24599	24599	3150	3150	23667	23667	22825	22825	20886	20886	985	985	89	89	274	274	13	13	45419	45419	58030	58030	7	7	46	46	137	137	110	110	471	471	362	362	333	333	444	444	139	139	447	447	3	3	99	99	233	233	423	423	82	82	139	139	52	52	81	81	224	224	244	244
IND00988	969	969	928	928	3724	3724	10615	10615	8122	8122	5142	5142	278	278	129	129	85	85	66	66	1738	1738	869	869	56	56	187	187	116	116	15	15	227	227	29	29	5	5	11	11	274	274	365	365	450	450	479	479	146	146	318	318	2243	2243	517	517	19	19	14	14	20597	20597	129284	129284	610	610	1803	1803	3	3	1	1	1386	1386	2946	2946	75	75	7571	7571	6421	6421	573	573	14327	14327	16266	16266	18	18	27	27	21770	21770	1739	1739	45	45	49	49	13	13	245	245	108	108	46	46	1903	1903	347	347	958	958	278	278	5	5	3	3	36	36	193	193	3320	3320	2009	2009	2308	2308	2603	2603	2144	2144	1919	1919	2231	2231	24948	24948	22469	22469	19172	19172	9402	9402	29869	29869	528	528	679	679	76	76	233	233	126876	126876	5520	5520	54	54	17	17	254	254	93	93	179	179	23	23	430	430	133	133	9	9	479	479	430	430	460	460	85	85	429	429	1293	1293	535	535	10	10	8	8	20	20	221	221
IND00989	361	361	43	43	9378	9378	7516	7516	2811	2811	12137	12137	323	323	473	473	127	127	103	103	1453	1453	335	335	218	218	220	220	2	2	69	69	186	186	116	116	15	15	8	8	452	452	295	295	140	140	127	127	646	646	1369	1369	174	174	633	633	32	32	18	18	76535	76535	10481	10481	1184	1184	1044	1044	2	2	2	2	3542	3542	3241	3241	2360	2360	408	408	78	78	5170	5170	16136	16136	9814	9814	4	4	22	22	26780	26780	884	884	101	101	95	95	215	215	225	225	235	235	213	213	639	639	1670	1670	134	134	677	677	7	7	5	5	84	84	250	250	3845	3845	4417	4417	615	615	60	60	2312	2312	217	217	28704	28704	3787	3787	5964	5964	18900	18900	30886	30886	18007	18007	892	892	398	398	712	712	395	395	77349	77349	45625	45625	58	58	51	51	64	64	249	249	375	375	298	298	472	472	22	22	352	352	87	87	141	141	415	415	80	80	383	383	1941	1941	735	735	71	71	48	48	119	119	21	21
IND00990	939	939	795	795	7825	7825	13349	13349	3612	3612	1354	1354	482	482	124	124	124	124	15	15	242	242	1524	1524	81	81	156	156	56	56	122	122	125	125	133	133	9	9	1	1	166	166	147	147	183	183	249	249	1859	1859	442	442	3676	3676	1590	1590	12	12	25	25	74032	74032	68496	68496	950	950	1838	1838	4	4	4	4	925	925	63	63	7389	7389	7887	7887	6027	6027	520	520	11341	11341	12963	12963	23	23	18	18	954	954	17986	17986	41	41	8	8	209	209	43	43	185	185	23	23	1677	1677	323	323	888	888	849	849	4	4	5	5	146	146	182	182	2974	2974	5519	5519	1167	1167	364	364	867	867	1212	1212	2694	2694	9034	9034	15195	15195	29005	29005	20724	20724	16624	16624	22	22	1012	1012	646	646	272	272	49459	49459	19455	19455	57	57	43	43	147	147	97	97	487	487	480	480	76	76	414	414	327	327	150	150	445	445	508	508	277	277	107	107	662	662	1650	1650	41	41	116	116	133	133	202	202
IND00991	971	971	78	78	7475	7475	16373	16373	5612	5612	707	707	53	53	382	382	106	106	55	55	918	918	826	826	112	112	103	103	50	50	14	14	117	117	23	23	12	12	8	8	157	157	382	382	170	170	417	417	850	850	1749	1749	4034	4034	2883	2883	25	25	10	10	111684	111684	81381	81381	1601	1601	773	773	2	2	1	1	3675	3675	386	386	5449	5449	6773	6773	7735	7735	5440	5440	830	830	11342	11342	20	20	26	26	27648	27648	11233	11233	12	12	128	128	252	252	180	180	253	253	61	61	960	960	1051	1051	108	108	425	425	5	5	4	4	178	178	201	201	4683	4683	2675	2675	3558	3558	3498	3498	1567	1567	1548	1548	10480	10480	22952	22952	9869	9869	20218	20218	16177	16177	30531	30531	456	456	589	589	745	745	361	361	21848	21848	70443	70443	5	5	29	29	17	17	32	32	97	97	24	24	460	460	242	242	251	251	474	474	364	364	386	386	472	472	113	113	908	908	1303	1303	98	98	120	120	199	199	198	198
IND00992	748	748	366	366	15827	15827	1336	1336	1358	1358	3687	3687	257	257	302	302	44	44	50	50	133	133	1443	1443	45	45	60	60	10	10	25	25	12	12	30	30	4	4	12	12	192	192	91	91	476	476	104	104	913	913	1972	1972	35	35	1479	1479	10	10	17	17	57478	57478	114986	114986	1271	1271	947	947	1	1	2	2	4059	4059	3670	3670	2704	2704	2502	2502	254	254	5529	5529	8342	8342	9637	9637	12	12	2	2	4406	4406	16501	16501	103	103	6	6	199	199	7	7	184	184	79	79	1190	1190	2019	2019	273	273	360	360	3	3	6	6	141	141	66	66	1470	1470	4206	4206	3136	3136	3372	3372	755	755	696	696	19161	19161	13898	13898	19595	19595	27360	27360	16275	16275	12862	12862	240	240	190	190	108	108	105	105	111010	111010	116150	116150	34	34	15	15	130	130	183	183	346	346	309	309	101	101	85	85	359	359	353	353	286	286	339	339	417	417	321	321	2024	2024	1088	1088	107	107	103	103	39	39	233	233
IND00993	1006	1006	626	626	7061	7061	7515	7515	10941	10941	7195	7195	416	416	200	200	116	116	102	102	513	513	1862	1862	170	170	238	238	35	35	48	48	48	48	126	126	16	16	5	5	258	258	447	447	491	491	187	187	1046	1046	191	191	3679	3679	3125	3125	3	3	31	31	47794	47794	30155	30155	1807	1807	1849	1849	1	1	2	2	931	931	625	625	1458	1458	4123	4123	6554	6554	7162	7162	178	178	9553	9553	16	16	11	11	1565	1565	26202	26202	69	69	39	39	139	139	91	91	255	255	22	22	1905	1905	778	778	528	528	981	981	1	1	7	7	25	25	22	22	4290	4290	5976	5976	248	248	1608	1608	565	565	447	447	21695	21695	30369	30369	1474	1474	15510	15510	8885	8885	20310	20310	766	766	186	186	987	987	458	458	67443	67443	100137	100137	53	53	40	40	68	68	55	55	272	272	45	45	51	51	14	14	387	387	327	327	443	443	306	306	152	152	294	294	954	954	1404	1404	18	18	3	3	170	170	242	242
IND00994	861	861	587	587	16075	16075	15236	15236	13172	13172	15203	15203	392	392	382	382	54	54	42	42	1937	1937	445	445	163	163	12	12	114	114	99	99	41	41	217	217	2	2	3	3	34	34	7	7	506	506	504	504	143	143	1894	1894	1499	1499	610	610	3	3	15	15	44050	44050	538	538	447	447	281	281	2	2	2	2	678	678	809	809	6458	6458	2183	2183	6448	6448	7627	7627	3079	3079	723	723	30	30	11	11	30882	30882	28410	28410	18	18	48	48	256	256	218	218	16	16	170	170	616	616	1554	1554	401	401	704	704	2	2	5	5	103	103	236	236	4964	4964	2093	2093	1616	1616	1796	1796	1777	1777	2283	2283	26346	26346	2804	2804	19486	19486	8012	8012	497	497	24307	24307	641	641	65	65	229	229	265	265	40078	40078	100925	100925	48	48	27	27	36	36	227	227	195	195	2	2	29	29	356	356	408	408	453	453	60	60	191	191	91	91	161	161	743	743	1114	1114	69	69	47	47	112	112	185	185
IND00995	429	429	170	170	11783	11783	2971	2971	2982	2982	97	97	356	356	188	188	114	114	109	109	1432	1432	1027	1027	182	182	114	114	81	81	105	105	213	213	2	2	12	12	7	7	79	79	349	349	9	9	458	458	860	860	1317	1317	3351	3351	452	452	31	31	17	17	121639	121639	129107	129107	289	289	972	972	8	8	7	7	1242	1242	122	122	1725	1725	552	552	3508	3508	824	824	11960	11960	223	223	7	7	6	6	20690	20690	22494	22494	87	87	27	27	228	228	39	39	90	90	94	94	651	651	373	373	638	638	514	514	3	3	6	6	57	57	22	22	4132	4132	2555	2555	2952	2952	2211	2211	3083	3083	123	123	15154	15154	24387	24387	2803	2803	21603	21603	1583	1583	4539	4539	568	568	556	556	612	612	459	459	74799	74799	123756	123756	13	13	41	41	74	74	244	244	10	10	136	136	162	162	375	375	7	7	21	21	220	220	25	25	269	269	125	125	1183	1183	1995	1995	85	85	3	3	5	5	6	6
IND00996	277	277	99	99	3752	3752	7714	7714	4632	4632	500	500	103	103	193	193	54	54	83	83	741	741	1661	1661	232	232	169	169	113	113	1	1	242	242	248	248	14	14	4	4	138	138	162	162	453	453	458	458	13	13	1251	1251	1188	1188	2885	2885	15	15	15	15	103504	103504	118874	118874	352	352	617	617	4	4	3	3	1966	1966	1326	1326	6603	6603	8158	8158	4106	4106	6652	6652	7643	7643	188	188	21	21	32	32	24911	24911	5823	5823	108	108	62	62	123	123	177	177	131	131	236	236	1409	1409	466	466	759	759	200	200	5	5	1	1	46	46	49	49	5062	5062	5181	5181	992	992	1982	1982	3412	3412	3861	3861	12448	12448	10496	10496	9393	9393	7397	7397	4467	4467	13525	13525	695	695	192	192	115	115	359	359	13576	13576	118631	118631	39	39	58	58	109	109	249	249	406	406	43	43	415	415	160	160	29	29	32	32	425	425	283	283	454	454	491	491	1016	1016	400	400	83	83	19	19	109	109	256	256
IND00997	248	248	721	721	5452	5452	15676	15676	9841	9841	6122	6122	3	3	348	348	117	117	71	71	1008	1008	536	536	84	84	121	121	53	53	77	77	214	214	4	4	1	1	15	15	161	161	504	504	224	224	12	12	1780	1780	1762	1762	3039	3039	712	712	21	21	6	6	35954	35954	20306	20306	731	731	1494	1494	3	3	4	4	532	532	254	254	1345	1345	7977	7977	7066	7066	5966	5966	11814	11814	14015	14015	10	10	22	22	8572	8572	21415	21415	81	81	52	52	229	229	111	111	187	187	95	95	306	306	848	848	210	210	727	727	4	4	1	1	96	96	79	79	5188	5188	3734	3734	196	196	2211	2211	2851	2851	500	500	1006	1006	26471	26471	7122	7122	13700	13700	5765	5765	24177	24177	649	649	207	207	59	59	133	133	112057	112057	34768	34768	48	48	39	39	168	168	17	17	208	208	358	358	261	261	245	245	77	77	119	119	429	429	388	388	8	8	319	319	631	631	88	88	88	88	56	56	103	103	170	170
IND00998	133	133	350	350	2384	2384	8777	8777	5916	5916	12461	12461	289	289	185	185	109	109	71	71	1406	1406	1421	1421	146	146	66	66	102	102	96	96	81	81	236	236	13	13	6	6	409	409	40	40	172	172	44	44	1864	1864	655	655	1508	1508	1869	1869	4	4	6	6	51873	51873	84280	84280	1204	1204	858	858	4	4	1	1	1545	1545	899	899	3646	3646	7477	7477	1497	1497	7404	7404	11691	11691	16167	16167	30	30	25	25	32737	32737	14694	14694	32	32	64	64	134	134	140	140	101	101	226	226	1884	1884	1151	1151	227	227	473	473	7	7	2	2	140	140	161	161	4902	4902	2629	2629	37	37	2746	2746	3748	3748	2459	2459	9573	9573	29917	29917	32519	32519	30976	30976	21778	21778	19755	19755	767	767	867	867	820	820	266	266	31712	31712	120375	120375	8	8	30	30	99	99	2	2	42	42	92	92	22	22	250	250	28	28	512	512	111	111	379	379	243	243	272	272	246	246	1048	1048	91	91	79	79	112	112	182	182
IND00999	560	560	615	615	4456	4456	5441	5441	2264	2264	2407	2407	61	61	338	338	119	119	107	107	1447	1447	1342	1342	56	56	253	253	90	90	114	114	188	188	10	10	7	7	16	16	117	117	416	416	429	429	369	369	1469	1469	989	989	1068	1068	2834	2834	31	31	1	1	24733	24733	114471	114471	1627	1627	449	449	6	6	3	3	1298	1298	3032	3032	2478	2478	2834	2834	2037	2037	1330	1330	9898	9898	12081	12081	11	11	29	29	6949	6949	6908	6908	17	17	68	68	256	256	138	138	158	158	151	151	702	702	1451	1451	47	47	814	814	7	7	3	3	8	8	162	162	2152	2152	5683	5683	474	474	3733	3733	3651	3651	591	591	1132	1132	3612	3612	20210	20210	26802	26802	16124	16124	5881	5881	821	821	526	526	59	59	365	365	90759	90759	15846	15846	35	35	27	27	66	66	140	140	417	417	73	73	135	135	398	398	267	267	424	424	255	255	345	345	52	52	447	447	823	823	1768	1768	113	113	4	4	127	127	113	113
IND01000	895	895	293	293	928	928	4655	4655	7001	7001	11403	11403	81	81	260	260	32	32	28	28	12	12	497	497	109	109	61	61	37	37	108	108	26	26	194	194	10	10	15	15	153	153	420	420	73	73	151	151	313	313	1302	1302	487	487	3909	3909	29	29	27	27	35638	35638	31131	31131	1691	1691	1277	1277	2	2	1	1	3536	3536	2266	2266	4954	4954	3483	3483	144	144	5004	5004	15454	15454	3428	3428	9	9	11	11	17136	17136	14995	14995	7	7	67	67	61	61	217	217	70	70	210	210	553	553	1817	1817	516	516	892	892	4	4	5	5	147	147	69	69	631	631	4088	4088	3100	3100	3846	3846	217	217	385	385	14221	14221	1885	1885	29469	29469	14141	14141	252	252	8657	8657	583	583	99	99	157	157	762	762	82537	82537	5427	5427	47	47	61	61	256	256	213	213	218	218	376	376	74	74	142	142	211	211	431	431	230	230	162	162	369	369	357	357	86	86	732	732	73	73	98	98	154	154	196	196
