ID	hap_1_1	hap_1_1	hap_1_2	hap_1_2	hap_2_1	hap_2_1	hap_2_2	hap_2_2	hap_3_1	hap_3_1	hap_3_2	hap_3_2	hap_4_1	hap_4_1	hap_4_2	hap_4_2	hap_5_1	hap_5_1	hap_5_2	hap_5_2	hap_6_1	hap_6_1	hap_6_2	hap_6_2	hap_7_1	hap_7_1	hap_7_2	hap_7_2	hap_8_1	hap_8_1	hap_8_2	hap_8_2	hap_9_1	hap_9_1	hap_9_2	hap_9_2	hap_10_1	hap_10_1	hap_10_2	hap_10_2	hap_11_1	hap_11_1	hap_11_2	hap_11_2	hap_12_1	hap_12_1	hap_12_2	hap_12_2	hap_13_1	hap_13_1	hap_13_2	hap_13_2	hap_14_1	hap_14_1	hap_14_2	hap_14_2	hap_15_1	hap_15_1	hap_15_2	hap_15_2	hap_16_1	hap_16_1	hap_16_2	hap_16_2	hap_17_1	hap_17_1	hap_17_2	hap_17_2	hap_18_1	hap_18_1	hap_18_2	hap_18_2	hap_19_1	hap_19_1	hap_19_2	hap_19_2	hap_20_1	hap_20_1	hap_20_2	hap_20_2	hap_21_1	hap_21_1	hap_21_2	hap_21_2	hap_22_1	hap_22_1	hap_22_2	hap_22_2	hap_23_1	hap_23_1	hap_23_2	hap_23_2	hap_24_1	hap_24_1	hap_24_2	hap_24_2	hap_25_1	hap_25_1	hap_25_2	hap_25_2	hap_26_1	hap_26_1	hap_26_2	hap_26_2	hap_27_1	hap_27_1	hap_27_2	hap_27_2	hap_28_1	hap_28_1	hap_28_2	hap_28_2	hap_29_1	hap_29_1	hap_29_2	hap_29_2	hap_30_1	hap_30_1	hap_30_2	hap_30_2	hap_31_1	hap_31_1	hap_31_2	hap_31_2	hap_32_1	hap_32_1	hap_32_2	hap_32_2	hap_33_1	hap_33_1	hap_33_2	hap_33_2	hap_34_1	hap_34_1	hap_34_2	hap_34_2	hap_35_1	hap_35_1	hap_35_2	hap_35_2	hap_36_1	hap_36_1	hap_36_2	hap_36_2	hap_37_1	hap_37_1	hap_37_2	hap_37_2	hap_38_1	hap_38_1	hap_38_2	hap_38_2	hap_39_1	hap_39_1	hap_39_2	hap_39_2	hap_40_1	hap_40_1	hap_40_2	hap_40_2	hap_41_1	hap_41_1	hap_41_2	hap_41_2	hap_42_1	hap_42_1	hap_42_2	hap_42_2	hap_43_1	hap_43_1	hap_43_2	hap_43_2	hap_44_1	hap_44_1	hap_44_2	hap_44_2	hap_45_1	hap_45_1	hap_45_2	hap_45_2	hap_46_1	hap_46_1	hap_46_2	hap_46_2	hap_47_1	hap_47_1	hap_47_2	hap_47_2	hap_48_1	hap_48_1	hap_48_2	hap_48_2	hap_49_1	hap_49_1	hap_49_2	hap_49_2	hap_50_1	hap_50_1	hap_50_2	hap_50_2
IND00001	613	613	885	885	940	940	141	141	48	48	64	64	4002	4002	1363	1363	3599	3599	3391	3391	1753	1753	60	60	5679	5679	586	586	4076	4076	2406	2406	203	203	105	105	8	8	3	3	2851	2851	2094	2094	84	84	116	116	7052	7052	6402	6402	656	656	1478	1478	36	36	117	117	1642	1642	470	470	665	665	712	712	8894	8894	3628	3628	54	54	132	132	8610	8610	909	909	151	151	373	373	7652	7652	14926	14926	57	57	4	4	3441	3441	4711	4711	122	122	38	38	130	130	71	71	2105	2105	5695	5695	20651	20651	16467	16467	685	685	1764	1764	13142	13142	144	144	223	223	249	249	33	33	46	46	18	18	11	11	1958	1958	653	653	48	48	118	118	100	100	576	576	7954	7954	1982	1982	1269	1269	1388	1388	11	11	116	116	12	12	53	53	475	475	211	211	254	254	156	156	964	964	763	763	1499	1499	234	234	16	16	25	25	1114	1114	920	920	37	37	79	79	1555	1555	32031	32031	63832	63832	31183	31183	3	3	4	4
IND00002	678	678	338	338	1139	1139	1119	1119	62	62	62	62	3329	3329	369	369	2411	2411	1937	1937	1971	1971	3601	3601	3843	3843	2443	2443	2670	2670	1261	1261	76	76	89	89	5	5	1	1	1145	1145	1626	1626	120	120	121	121	371	371	2571	2571	1741	1741	1838	1838	125	125	116	116	645	645	331	331	281	281	1010	1010	15598	15598	18787	18787	231	231	136	136	12216	12216	2914	2914	731	731	1013	1013	14235	14235	7125	7125	50	50	9	9	4165	4165	5424	5424	117	117	21	21	185	185	79	79	122	122	5689	5689	30155	30155	11890	11890	713	713	1421	1421	22689	22689	8740	8740	146	146	110	110	17	17	4	4	25	25	46	46	365	365	128	128	72	72	94	94	48	48	822	822	2668	2668	77	77	512	512	1637	1637	38	38	33	33	15	15	58	58	93	93	254	254	58	58	117	117	630	630	5	5	580	580	351	351	6	6	30	30	256	256	454	454	62	62	86	86	10672	10672	3611	3611	10271	10271	42191	42191	2	2	2	2
IND00003	953	953	201	201	297	297	146	146	7	7	10	10	893	893	3107	3107	234	234	40	40	1208	1208	1097	1097	1565	1565	5521	5521	2267	2267	1520	1520	25	25	189	189	13	13	13	13	787	787	1663	1663	71	71	22	22	3025	3025	1715	1715	1060	1060	1779	1779	46	46	70	70	1058	1058	1787	1787	143	143	545	545	21847	21847	15933	15933	212	212	147	147	7680	7680	5767	5767	33	33	602	602	13418	13418	12689	12689	35	35	54	54	6964	6964	4142	4142	63	63	60	60	228	228	152	152	7451	7451	5776	5776	5994	5994	14638	14638	937	937	1138	1138	21436	21436	18179	18179	244	244	165	165	1	1	30	30	40	40	2	2	129	129	417	417	107	107	117	117	328	328	672	672	5235	5235	2985	2985	881	881	380	380	109	109	110	110	37	37	32	32	155	155	463	463	208	208	101	101	289	289	279	279	773	773	1262	1262	28	28	17	17	1730	1730	64	64	49	49	46	46	19632	19632	19649	19649	19042	19042	22607	22607	1	1	1	1
IND00004	361	361	100	100	1545	1545	312	312	33	33	20	20	1869	1869	2164	2164	3223	3223	2213	2213	3671	3671	3919	3919	468	468	8170	8170	3138	3138	3674	3674	145	145	109	109	14	14	5	5	1610	1610	66	66	45	45	120	120	1089	1089	6981	6981	1107	1107	841	841	1	1	63	63	1825	1825	183	183	929	929	658	658	7799	7799	4894	4894	53	53	181	181	3177	3177	13807	13807	5	5	344	344	3657	3657	2494	2494	19	19	20	20	7552	7552	3773	3773	25	25	3	3	113	113	48	48	423	423	1670	1670	18122	18122	18358	18358	971	971	499	499	12129	12129	5332	5332	20	20	220	220	90	90	55	55	21	21	49	49	1380	1380	1826	1826	17	17	24	24	107	107	24	24	5543	5543	2427	2427	714	714	1052	1052	31	31	71	71	63	63	36	36	328	328	149	149	133	133	138	138	120	120	703	703	1665	1665	1034	1034	28	28	25	25	115	115	1988	1988	73	73	101	101	13067	13067	12340	12340	27995	27995	6761	6761	1	1	3	3
IND00005	867	867	279	279	1772	1772	1708	1708	7	7	36	36	636	636	1669	1669	231	231	1915	1915	506	506	1914	1914	7548	7548	5565	5565	1691	1691	1741	1741	83	83	242	242	2	2	6	6	689	689	1882	1882	29	29	7	7	1894	1894	2664	2664	708	708	692	692	48	48	83	83	157	157	737	737	735	735	201	201	11699	11699	23024	23024	9	9	94	94	3248	3248	4693	4693	345	345	198	198	8314	8314	4089	4089	30	30	4	4	4402	4402	6242	6242	30	30	32	32	58	58	1	1	4968	4968	5657	5657	21970	21970	32363	32363	542	542	1777	1777	7258	7258	18081	18081	175	175	251	251	96	96	96	96	29	29	13	13	2016	2016	1296	1296	9	9	94	94	324	324	751	751	6839	6839	2677	2677	135	135	1597	1597	23	23	99	99	47	47	24	24	350	350	83	83	17	17	182	182	422	422	554	554	1289	1289	1683	1683	12	12	7	7	1	1	1417	1417	14	14	58	58	22173	22173	13361	13361	33490	33490	46540	46540	1	1	1	1
IND00006	521	521	443	443	117	117	1951	1951	40	40	33	33	2077	2077	1177	1177	3948	3948	983	983	1841	1841	2261	2261	6542	6542	2730	2730	1217	1217	3218	3218	99	99	141	141	16	16	6	6	704	704	1008	1008	49	49	118	118	3498	3498	5692	5692	711	711	1785	1785	36	36	83	83	331	331	213	213	1011	1011	162	162	3000	3000	15543	15543	227	227	154	154	5219	5219	3580	3580	277	277	88	88	13207	13207	14125	14125	1	1	29	29	7903	7903	5950	5950	119	119	34	34	168	168	112	112	1162	1162	614	614	2414	2414	15716	15716	1889	1889	1645	1645	23911	23911	26899	26899	98	98	108	108	114	114	91	91	39	39	21	21	988	988	575	575	76	76	93	93	230	230	743	743	5627	5627	7595	7595	406	406	712	712	120	120	52	52	6	6	30	30	412	412	499	499	221	221	247	247	336	336	618	618	1058	1058	979	979	9	9	25	25	846	846	1650	1650	75	75	93	93	9294	9294	9442	9442	3672	3672	53624	53624	1	1	2	2
IND00007	293	293	555	555	395	395	1686	1686	22	22	41	41	4077	4077	3354	3354	1498	1498	81	81	2182	2182	2333	2333	2396	2396	4392	4392	3189	3189	2169	2169	117	117	199	199	7	7	13	13	3794	3794	1487	1487	91	91	78	78	537	537	7753	7753	1395	1395	263	263	123	123	118	118	1434	1434	564	564	785	785	622	622	7047	7047	29749	29749	94	94	144	144	1456	1456	1066	1066	949	949	636	636	14081	14081	6252	6252	53	53	1	1	4761	4761	4907	4907	12	12	78	78	56	56	8	8	6444	6444	4760	4760	1329	1329	18889	18889	1924	1924	1442	1442	27980	27980	8451	8451	7	7	170	170	53	53	36	36	42	42	37	37	1497	1497	671	671	80	80	80	80	439	439	975	975	7436	7436	6858	6858	529	529	1535	1535	29	29	127	127	59	59	35	35	267	267	406	406	28	28	215	215	561	561	482	482	1316	1316	1724	1724	23	23	6	6	668	668	484	484	39	39	113	113	9429	9429	4188	4188	37848	37848	10609	10609	4	4	2	2
IND00008	575	575	547	547	1829	1829	1462	1462	19	19	36	36	3220	3220	1929	1929	2872	2872	1396	1396	460	460	3696	3696	4364	4364	4921	4921	2471	2471	2853	2853	83	83	223	223	1	1	4	4	828	828	3620	3620	14	14	22	22	2656	2656	845	845	1780	1780	277	277	92	92	12	12	1491	1491	1816	1816	532	532	342	342	27932	27932	17567	17567	96	96	213	213	5559	5559	12929	12929	363	363	81	81	11381	11381	9158	9158	30	30	16	16	3861	3861	3428	3428	37	37	6	6	20	20	174	174	3952	3952	2642	2642	6795	6795	10981	10981	1094	1094	1853	1853	13150	13150	24920	24920	53	53	115	115	101	101	48	48	34	34	53	53	432	432	1147	1147	94	94	38	38	987	987	435	435	7002	7002	2330	2330	1716	1716	1659	1659	22	22	86	86	25	25	57	57	148	148	338	338	130	130	59	59	143	143	623	623	1705	1705	1203	1203	9	9	28	28	1078	1078	1433	1433	108	108	26	26	15615	15615	12389	12389	14471	14471	7159	7159	2	2	3	3
IND00009	505	505	539	539	691	691	662	662	30	30	10	10	2050	2050	165	165	2238	2238	1010	1010	1543	1543	3714	3714	1268	1268	5854	5854	65	65	2647	2647	60	60	217	217	1	1	11	11	3779	3779	3212	3212	67	67	119	119	3571	3571	6263	6263	606	606	125	125	121	121	65	65	1998	1998	1029	1029	136	136	760	760	30879	30879	12312	12312	119	119	71	71	5936	5936	1758	1758	617	617	873	873	14808	14808	8582	8582	13	13	7	7	3641	3641	1906	1906	27	27	73	73	114	114	150	150	5615	5615	7744	7744	26850	26850	29169	29169	1511	1511	3	3	3324	3324	21052	21052	46	46	164	164	49	49	125	125	36	36	19	19	1058	1058	1573	1573	11	11	11	11	534	534	366	366	6773	6773	343	343	443	443	491	491	100	100	44	44	1	1	54	54	303	303	16	16	56	56	42	42	601	601	295	295	665	665	603	603	8	8	14	14	1445	1445	352	352	115	115	52	52	6124	6124	2251	2251	62754	62754	54775	54775	4	4	4	4
IND00010	1003	1003	724	724	1529	1529	1478	1478	52	52	51	51	411	411	1816	1816	3306	3306	1718	1718	2029	2029	520	520	2509	2509	7555	7555	1227	1227	690	690	206	206	44	44	7	7	3	3	2044	2044	1783	1783	1	1	40	40	537	537	8140	8140	431	431	1928	1928	120	120	72	72	1320	1320	253	253	81	81	437	437	2697	2697	16431	16431	106	106	57	57	5681	5681	7449	7449	899	899	558	558	15317	15317	15940	15940	39	39	21	21	924	924	7974	7974	38	38	70	70	217	217	9	9	8128	8128	6894	6894	19888	19888	17642	17642	719	719	35	35	32338	32338	20307	20307	96	96	101	101	78	78	22	22	45	45	18	18	1109	1109	1111	1111	60	60	47	47	380	380	833	833	169	169	1103	1103	502	502	666	666	21	21	125	125	47	47	33	33	327	327	339	339	129	129	207	207	115	115	2	2	31	31	1181	1181	10	10	3	3	2042	2042	480	480	117	117	99	99	31963	31963	17454	17454	21924	21924	24193	24193	1	1	3	3
IND00011	858	858	596	596	410	410	1189	1189	53	53	29	29	496	496	1108	1108	3546	3546	2978	2978	3839	3839	372	372	6680	6680	2201	2201	1333	1333	1024	1024	151	151	6	6	13	13	14	14	405	405	1899	1899	47	47	91	91	4406	4406	4055	4055	1786	1786	1873	1873	4	4	70	70	1681	1681	1878	1878	583	583	857	857	6081	6081	13454	13454	52	52	33	33	14759	14759	6570	6570	740	740	765	765	4561	4561	1653	1653	1	1	51	51	7166	7166	1011	1011	42	42	74	74	125	125	219	219	2212	2212	5891	5891	6575	6575	6958	6958	951	951	231	231	5078	5078	26059	26059	133	133	160	160	39	39	1	1	2	2	57	57	1939	1939	100	100	82	82	122	122	959	959	156	156	4889	4889	3331	3331	605	605	1901	1901	106	106	81	81	18	18	23	23	322	322	272	272	149	149	166	166	533	533	939	939	299	299	1787	1787	7	7	27	27	182	182	2009	2009	22	22	116	116	4387	4387	27247	27247	54921	54921	46884	46884	3	3	4	4
IND00012	555	555	975	975	1534	1534	1463	1463	26	26	52	52	1413	1413	3051	3051	4024	4024	1727	1727	1328	1328	158	158	997	997	330	330	3539	3539	173	173	88	88	39	39	14	14	11	11	3258	3258	1036	1036	110	110	12	12	486	486	6958	6958	1885	1885	1808	1808	77	77	110	110	523	523	1307	1307	92	92	883	883	28183	28183	2110	2110	180	180	240	240	4811	4811	1996	1996	1000	1000	98	98	16244	16244	4933	4933	10	10	16	16	3973	3973	704	704	97	97	40	40	243	243	198	198	7935	7935	110	110	18207	18207	10150	10150	1226	1226	1213	1213	9936	9936	19353	19353	167	167	232	232	37	37	124	124	37	37	23	23	2013	2013	154	154	3	3	42	42	45	45	513	513	1757	1757	588	588	753	753	1082	1082	23	23	49	49	10	10	42	42	477	477	319	319	87	87	124	124	122	122	669	669	1167	1167	431	431	6	6	5	5	1899	1899	245	245	120	120	80	80	26638	26638	30053	30053	8098	8098	354	354	4	4	3	3
IND00013	354	354	348	348	1022	1022	744	744	8	8	46	46	3381	3381	3846	3846	1736	1736	3975	3975	1291	1291	290	290	7755	7755	4934	4934	584	584	47	47	100	100	125	125	16	16	2	2	2765	2765	1835	1835	110	110	53	53	174	174	5479	5479	560	560	49	49	124	124	123	123	970	970	1750	1750	365	365	553	553	3521	3521	25149	25149	17	17	60	60	1888	1888	2120	2120	355	355	260	260	3625	3625	2159	2159	52	52	33	33	1776	1776	5545	5545	116	116	64	64	11	11	38	38	1837	1837	3435	3435	8166	8166	14942	14942	1423	1423	621	621	11300	11300	21278	21278	196	196	20	20	83	83	53	53	9	9	1	1	1843	1843	2017	2017	94	94	16	16	617	617	815	815	1081	1081	6875	6875	27	27	833	833	125	125	11	11	41	41	11	11	11	11	358	358	86	86	13	13	124	124	924	924	1568	1568	699	699	3	3	4	4	489	489	1933	1933	87	87	110	110	336	336	26906	26906	28382	28382	37904	37904	1	1	4	4
IND00014	234	234	295	295	908	908	721	721	22	22	40	40	1147	1147	3750	3750	2815	2815	1336	1336	1052	1052	2642	2642	4883	4883	1409	1409	4070	4070	2508	2508	167	167	87	87	9	9	4	4	2365	2365	3854	3854	127	127	8	8	7876	7876	3404	3404	1935	1935	803	803	69	69	12	12	478	478	1461	1461	962	962	827	827	16182	16182	20199	20199	77	77	173	173	11595	11595	7831	7831	684	684	319	319	12759	12759	1706	1706	8	8	10	10	2524	2524	3648	3648	108	108	127	127	148	148	30	30	6890	6890	6009	6009	3939	3939	13317	13317	2012	2012	1095	1095	32404	32404	8809	8809	152	152	222	222	100	100	13	13	49	49	59	59	867	867	1866	1866	26	26	114	114	467	467	108	108	7315	7315	6358	6358	1755	1755	294	294	38	38	7	7	20	20	32	32	257	257	95	95	11	11	110	110	202	202	292	292	617	617	1152	1152	15	15	14	14	1340	1340	1	1	106	106	85	85	9625	9625	11945	11945	51850	51850	46800	46800	1	1	4	4
IND00015	531	531	230	230	1323	1323	1416	1416	11	11	64	64	3811	3811	2724	2724	3168	3168	2396	2396	1448	1448	2657	2657	724	724	4601	4601	3631	3631	2492	2492	179	179	102	102	5	5	8	8	3379	3379	2020	2020	41	41	106	106	5851	5851	7302	7302	318	318	1510	1510	103	103	28	28	1154	1154	277	277	947	947	653	653	4049	4049	11961	11961	104	104	182	182	10793	10793	10491	10491	467	467	708	708	6268	6268	3515	3515	23	23	52	52	7941	7941	5357	5357	83	83	13	13	95	95	200	200	4108	4108	7394	7394	8642	8642	20609	20609	1643	1643	1840	1840	13818	13818	6934	6934	48	48	42	42	126	126	25	25	6	6	49	49	217	217	287	287	39	39	81	81	178	178	774	774	310	310	6967	6967	1751	1751	1867	1867	126	126	56	56	33	33	59	59	150	150	493	493	44	44	18	18	70	70	162	162	422	422	1595	1595	28	28	1	1	1322	1322	1314	1314	36	36	125	125	22411	22411	7926	7926	34978	34978	26388	26388	4	4	4	4
IND00016	505	505	332	332	89	89	543	543	50	50	43	43	3074	3074	203	203	3516	3516	2421	2421	3092	3092	1636	1636	2377	2377	7869	7869	3502	3502	3066	3066	216	216	30	30	16	16	11	11	2243	2243	2126	2126	11	11	104	104	2424	2424	2310	2310	766	766	1307	1307	121	121	119	119	718	718	306	306	585	585	886	886	29789	29789	5271	5271	122	122	122	122	2147	2147	3510	3510	769	769	820	820	5764	5764	2823	2823	61	61	52	52	7591	7591	6844	6844	61	61	117	117	105	105	54	54	6133	6133	3365	3365	3881	3881	32318	32318	1197	1197	1105	1105	23550	23550	12328	12328	145	145	16	16	39	39	77	77	40	40	34	34	1701	1701	1129	1129	45	45	4	4	170	170	725	725	6577	6577	3033	3033	284	284	122	122	37	37	85	85	35	35	43	43	422	422	310	310	37	37	156	156	2	2	657	657	1674	1674	1487	1487	11	11	4	4	733	733	1376	1376	21	21	57	57	23055	23055	26291	26291	37316	37316	50117	50117	3	3	4	4
IND00017	862	862	687	687	1824	1824	53	53	44	44	6	6	1278	1278	3644	3644	51	51	2824	2824	481	481	1371	1371	2854	2854	4863	4863	1770	1770	125	125	84	84	63	63	2	2	8	8	333	333	524	524	117	117	48	48	5796	5796	1307	1307	1433	1433	759	759	101	101	33	33	1705	1705	1855	1855	262	262	706	706	12908	12908	9887	9887	149	149	54	54	8394	8394	6665	6665	730	730	864	864	9439	9439	11930	11930	4	4	8	8	6673	6673	6698	6698	34	34	79	79	53	53	94	94	6857	6857	2958	2958	12518	12518	11291	11291	129	129	1174	1174	15743	15743	5251	5251	47	47	253	253	109	109	81	81	24	24	31	31	188	188	1365	1365	35	35	127	127	910	910	484	484	3283	3283	7169	7169	820	820	439	439	63	63	79	79	63	63	40	40	288	288	147	147	190	190	9	9	296	296	693	693	1025	1025	1928	1928	12	12	13	13	1616	1616	1859	1859	7	7	67	67	16226	16226	14848	14848	63159	63159	41914	41914	1	1	2	2
IND00018	594	594	95	95	1211	1211	1964	1964	8	8	57	57	3583	3583	2815	2815	1687	1687	2383	2383	2061	2061	2707	2707	5319	5319	1089	1089	1078	1078	1416	1416	76	76	85	85	16	16	12	12	1719	1719	2370	2370	68	68	118	118	5304	5304	8151	8151	581	581	185	185	104	104	65	65	680	680	1161	1161	912	912	77	77	17641	17641	14293	14293	85	85	153	153	16023	16023	3659	3659	699	699	585	585	15609	15609	537	537	15	15	1	1	4570	4570	2985	2985	20	20	89	89	242	242	216	216	6511	6511	3524	3524	6967	6967	27870	27870	897	897	1508	1508	6046	6046	5337	5337	144	144	26	26	76	76	122	122	29	29	59	59	1846	1846	1077	1077	67	67	121	121	993	993	688	688	1317	1317	2667	2667	498	498	659	659	119	119	22	22	53	53	45	45	247	247	161	161	27	27	139	139	370	370	705	705	339	339	878	878	13	13	9	9	1179	1179	1420	1420	75	75	110	110	24399	24399	17385	17385	11414	11414	44160	44160	3	3	2	2
IND00019	56	56	564	564	1575	1575	14	14	17	17	36	36	1336	1336	2769	2769	1055	1055	864	864	1235	1235	811	811	2094	2094	2462	2462	2287	2287	4017	4017	79	79	46	46	8	8	12	12	2416	2416	1649	1649	7	7	128	128	822	822	2970	2970	783	783	1083	1083	116	116	4	4	838	838	942	942	635	635	949	949	9837	9837	23918	23918	117	117	41	41	2442	2442	6176	6176	136	136	208	208	3503	3503	7948	7948	28	28	48	48	7456	7456	4702	4702	5	5	60	60	222	222	49	49	2287	2287	5452	5452	15289	15289	18299	18299	546	546	204	204	32435	32435	11154	11154	40	40	189	189	26	26	114	114	29	29	50	50	1025	1025	788	788	117	117	8	8	435	435	403	403	2116	2116	667	667	1554	1554	826	826	97	97	97	97	60	60	2	2	171	171	478	478	252	252	201	201	104	104	143	143	823	823	753	753	31	31	30	30	1318	1318	798	798	66	66	6	6	26179	26179	32550	32550	61979	61979	61567	61567	1	1	2	2
IND00020	452	452	847	847	654	654	1195	1195	13	13	39	39	1395	1395	2531	2531	4019	4019	3960	3960	1804	1804	97	97	7909	7909	7369	7369	2183	2183	676	676	123	123	56	56	1	1	3	3	797	797	1208	1208	32	32	80	80	7654	7654	2292	2292	1974	1974	767	767	81	81	96	96	366	366	388	388	699	699	591	591	9523	9523	20050	20050	146	146	42	42	11465	11465	13299	13299	821	821	707	707	6748	6748	14399	14399	57	57	35	35	6752	6752	7202	7202	111	111	126	126	249	249	96	96	8064	8064	2341	2341	17190	17190	2683	2683	1062	1062	1792	1792	2479	2479	7867	7867	67	67	228	228	98	98	42	42	40	40	3	3	336	336	770	770	107	107	105	105	152	152	409	409	6348	6348	6388	6388	1350	1350	1677	1677	79	79	37	37	52	52	8	8	213	213	132	132	112	112	189	189	716	716	526	526	1642	1642	1897	1897	1	1	24	24	148	148	1484	1484	117	117	112	112	31126	31126	23614	23614	55249	55249	57266	57266	1	1	3	3
IND00021	842	842	780	780	1870	1870	987	987	14	14	4	4	27	27	3393	3393	2044	2044	3790	3790	3487	3487	1081	1081	4290	4290	5003	5003	3825	3825	315	315	38	38	255	255	15	15	2	2	913	913	3225	3225	6	6	80	80	5567	5567	8082	8082	1926	1926	675	675	60	60	30	30	995	995	1512	1512	776	776	1015	1015	1373	1373	26275	26275	132	132	11	11	485	485	15510	15510	181	181	471	471	8633	8633	784	784	54	54	64	64	1598	1598	8073	8073	67	67	11	11	6	6	79	79	6916	6916	5016	5016	7875	7875	21226	21226	176	176	869	869	5851	5851	14529	14529	111	111	252	252	17	17	36	36	30	30	36	36	962	962	1195	1195	85	85	60	60	906	906	666	666	2664	2664	5129	5129	741	741	1270	1270	32	32	66	66	16	16	51	51	203	203	467	467	143	143	232	232	290	290	786	786	408	408	1185	1185	24	24	11	11	410	410	319	319	123	123	39	39	9645	9645	7240	7240	50089	50089	29864	29864	2	2	2	2
IND00022	97	97	696	696	1987	1987	1861	1861	22	22	10	10	1183	1183	340	340	1110	1110	359	359	3972	3972	1287	1287	7170	7170	209	209	1515	1515	2792	2792	134	134	169	169	5	5	13	13	3851	3851	915	915	94	94	102	102	232	232	8143	8143	1366	1366	468	468	96	96	94	94	504	504	2021	2021	1010	1010	959	959	7032	7032	30743	30743	133	133	221	221	9575	9575	5467	5467	75	75	435	435	13452	13452	5553	5553	62	62	51	51	3402	3402	3711	3711	112	112	55	55	21	21	65	65	7340	7340	1357	1357	19906	19906	29356	29356	1700	1700	1086	1086	29690	29690	12347	12347	15	15	227	227	45	45	62	62	39	39	38	38	35	35	482	482	25	25	28	28	30	30	931	931	5337	5337	3877	3877	492	492	1421	1421	115	115	31	31	43	43	55	55	54	54	325	325	78	78	74	74	998	998	132	132	1090	1090	1376	1376	13	13	11	11	1196	1196	1053	1053	96	96	57	57	20048	20048	19294	19294	50866	50866	9912	9912	2	2	1	1
IND00023	1016	1016	329	329	1011	1011	1685	1685	34	34	5	5	3712	3712	86	86	836	836	1558	1558	199	199	304	304	8156	8156	231	231	1335	1335	2145	2145	105	105	90	90	13	13	3	3	349	349	2814	2814	128	128	121	121	2459	2459	2582	2582	1237	1237	579	579	10	10	78	78	785	785	1883	1883	94	94	438	438	25797	25797	23533	23533	44	44	124	124	12656	12656	6288	6288	410	410	817	817	1226	1226	5251	5251	5	5	30	30	8182	8182	2307	2307	52	52	109	109	55	55	34	34	1502	1502	7423	7423	22212	22212	15616	15616	40	40	566	566	4375	4375	21740	21740	231	231	86	86	110	110	121	121	60	60	9	9	1280	1280	1624	1624	87	87	55	55	122	122	996	996	5836	5836	3380	3380	1739	1739	342	342	41	41	104	104	50	50	61	61	444	444	474	474	104	104	164	164	710	710	349	349	1303	1303	1164	1164	31	31	21	21	285	285	250	250	93	93	123	123	27337	27337	17159	17159	50825	50825	61516	61516	4	4	1	1
IND00024	771	771	119	119	751	751	2025	2025	17	17	22	22	2653	2653	182	182	1242	1242	2350	2350	3021	3021	2601	2601	4870	4870	2068	2068	2309	2309	3999	3999	103	103	54	54	12	12	13	13	1084	1084	1091	1091	28	28	86	86	3859	3859	6966	6966	1660	1660	558	558	50	50	124	124	858	858	537	537	98	98	320	320	12767	12767	3877	3877	9	9	118	118	15137	15137	11371	11371	54	54	788	788	15990	15990	7973	7973	47	47	47	47	5857	5857	8048	8048	22	22	24	24	57	57	106	106	4355	4355	6198	6198	5944	5944	17273	17273	476	476	1532	1532	25005	25005	29418	29418	175	175	21	21	47	47	47	47	27	27	48	48	410	410	17	17	123	123	115	115	67	67	725	725	2232	2232	2089	2089	664	664	1653	1653	70	70	42	42	44	44	10	10	17	17	459	459	108	108	128	128	524	524	273	273	1398	1398	1170	1170	16	16	26	26	298	298	435	435	35	35	97	97	13090	13090	10979	10979	62945	62945	18979	18979	1	1	1	1
IND00025	260	260	16	16	917	917	1348	1348	19	19	21	21	3323	3323	1497	1497	2855	2855	2061	2061	3055	3055	2708	2708	873	873	7596	7596	3692	3692	1553	1553	114	114	228	228	5	5	5	5	3907	3907	1408	1408	18	18	61	61	4040	4040	6905	6905	318	318	1261	1261	126	126	86	86	2	2	808	808	119	119	264	264	13410	13410	32431	32431	189	189	223	223	12661	12661	10467	10467	224	224	663	663	14139	14139	15182	15182	9	9	57	57	7946	7946	5159	5159	79	79	39	39	220	220	161	161	6338	6338	6809	6809	10333	10333	31067	31067	1896	1896	1470	1470	3263	3263	19635	19635	73	73	76	76	67	67	115	115	17	17	16	16	171	171	1651	1651	27	27	37	37	938	938	874	874	4371	4371	1839	1839	1200	1200	950	950	68	68	79	79	28	28	31	31	208	208	408	408	250	250	74	74	628	628	206	206	442	442	76	76	20	20	21	21	530	530	985	985	92	92	78	78	18367	18367	21533	21533	54178	54178	39863	39863	4	4	1	1
IND00026	1018	1018	476	476	2028	2028	1768	1768	55	55	30	30	142	142	821	821	1102	1102	468	468	3541	3541	1836	1836	969	969	8110	8110	2028	2028	3278	3278	26	26	241	241	3	3	7	7	2878	2878	2186	2186	91	91	24	24	958	958	4583	4583	816	816	1428	1428	57	57	103	103	723	723	68	68	475	475	614	614	24770	24770	14974	14974	16	16	72	72	6636	6636	9418	9418	560	560	218	218	6766	6766	336	336	53	53	8	8	6065	6065	3398	3398	41	41	37	37	204	204	179	179	5124	5124	6886	6886	6465	6465	31341	31341	1574	1574	1070	1070	28604	28604	2560	2560	133	133	50	50	3	3	28	28	34	34	17	17	355	355	1788	1788	26	26	65	65	182	182	600	600	6724	6724	6781	6781	1698	1698	982	982	64	64	49	49	50	50	42	42	201	201	183	183	34	34	194	194	626	626	47	47	883	883	1942	1942	4	4	32	32	1507	1507	172	172	11	11	56	56	27340	27340	9295	9295	1516	1516	18341	18341	3	3	1	1
IND00027	76	76	249	249	1756	1756	260	260	11	11	12	12	3509	3509	179	179	865	865	1635	1635	2249	2249	1843	1843	240	240	6156	6156	1796	1796	2487	2487	245	245	70	70	15	15	14	14	1342	1342	3541	3541	117	117	127	127	6885	6885	3039	3039	1596	1596	761	761	114	114	42	42	963	963	1346	1346	1001	1001	286	286	28536	28536	4082	4082	87	87	73	73	7676	7676	5032	5032	519	519	973	973	3432	3432	1290	1290	22	22	3	3	4738	4738	7639	7639	5	5	9	9	191	191	132	132	2919	2919	521	521	3622	3622	7104	7104	1196	1196	1344	1344	26118	26118	21773	21773	100	100	237	237	84	84	22	22	13	13	43	43	1225	1225	1084	1084	44	44	36	36	757	757	137	137	7544	7544	5210	5210	1997	1997	1132	1132	82	82	3	3	6	6	25	25	97	97	143	143	202	202	239	239	580	580	382	382	1147	1147	1832	1832	9	9	23	23	1613	1613	910	910	21	21	96	96	29671	29671	27971	27971	25686	25686	6575	6575	3	3	2	2
IND00028	206	206	767	767	240	240	499	499	11	11	4	4	2607	2607	3865	3865	3856	3856	1233	1233	1897	1897	3622	3622	5892	5892	2317	2317	2970	2970	2503	2503	168	168	242	242	1	1	10	10	3861	3861	18	18	105	105	85	85	5956	5956	7123	7123	709	709	1748	1748	17	17	23	23	212	212	427	427	977	977	318	318	23114	23114	27082	27082	84	84	221	221	16080	16080	6698	6698	833	833	596	596	9491	9491	3416	3416	55	55	22	22	4274	4274	375	375	122	122	63	63	102	102	224	224	3546	3546	6654	6654	1231	1231	14635	14635	126	126	412	412	13149	13149	763	763	44	44	67	67	98	98	19	19	60	60	21	21	1186	1186	1209	1209	92	92	20	20	243	243	350	350	3298	3298	5427	5427	1789	1789	1383	1383	32	32	90	90	64	64	39	39	20	20	247	247	199	199	105	105	473	473	474	474	944	944	869	869	23	23	14	14	387	387	1330	1330	74	74	3	3	22375	22375	5108	5108	14548	14548	5614	5614	1	1	4	4
IND00029	185	185	443	443	1720	1720	471	471	35	35	1	1	367	367	1925	1925	3912	3912	525	525	2069	2069	2918	2918	3152	3152	1799	1799	515	515	2110	2110	106	106	244	244	7	7	3	3	4014	4014	3189	3189	128	128	86	86	4344	4344	6733	6733	1672	1672	1692	1692	121	121	50	50	624	624	417	417	237	237	616	616	24362	24362	17052	17052	72	72	13	13	6668	6668	13758	13758	311	311	367	367	5009	5009	2701	2701	6	6	49	49	4809	4809	3925	3925	49	49	20	20	197	197	64	64	5620	5620	2778	2778	10355	10355	5545	5545	318	318	1372	1372	30559	30559	12624	12624	54	54	16	16	51	51	34	34	5	5	17	17	432	432	1651	1651	29	29	77	77	952	952	315	315	765	765	2702	2702	1488	1488	394	394	85	85	118	118	4	4	48	48	317	317	15	15	11	11	154	154	331	331	155	155	700	700	599	599	3	3	17	17	1678	1678	1218	1218	56	56	6	6	28403	28403	14330	14330	25944	25944	2634	2634	2	2	3	3
IND00030	80	80	704	704	698	698	1723	1723	19	19	2	2	1200	1200	2622	2622	1136	1136	3756	3756	628	628	2951	2951	7851	7851	1155	1155	693	693	1245	1245	133	133	37	37	10	10	1	1	2392	2392	969	969	47	47	21	21	848	848	2889	2889	1260	1260	651	651	67	67	126	126	883	883	1237	1237	609	609	919	919	12728	12728	25170	25170	174	174	116	116	1097	1097	2583	2583	166	166	469	469	3457	3457	14959	14959	19	19	56	56	3370	3370	6775	6775	90	90	69	69	198	198	44	44	5632	5632	6648	6648	31047	31047	3683	3683	188	188	201	201	15667	15667	19352	19352	163	163	75	75	28	28	107	107	43	43	31	31	1761	1761	877	877	75	75	38	38	500	500	167	167	7841	7841	2713	2713	128	128	1629	1629	70	70	79	79	25	25	64	64	399	399	510	510	194	194	183	183	796	796	405	405	1070	1070	67	67	2	2	14	14	1436	1436	1280	1280	77	77	118	118	5180	5180	20727	20727	41564	41564	16576	16576	4	4	2	2
IND00031	141	141	871	871	968	968	320	320	49	49	12	12	475	475	3018	3018	3534	3534	1124	1124	3014	3014	1081	1081	1613	1613	7483	7483	2827	2827	2227	2227	173	173	90	90	12	12	4	4	1325	1325	3851	3851	128	128	49	49	1753	1753	7533	7533	1323	1323	1942	1942	127	127	67	67	18	18	714	714	28	28	170	170	32443	32443	22095	22095	13	13	113	113	11901	11901	5437	5437	843	843	844	844	1296	1296	1476	1476	36	36	15	15	2364	2364	6052	6052	64	64	56	56	208	208	144	144	4579	4579	2947	2947	14406	14406	27551	27551	398	398	458	458	12977	12977	9399	9399	92	92	10	10	48	48	88	88	19	19	27	27	418	418	919	919	80	80	75	75	526	526	453	453	266	266	5716	5716	1551	1551	1924	1924	71	71	43	43	13	13	39	39	481	481	117	117	54	54	4	4	895	895	628	628	1206	1206	2	2	19	19	5	5	24	24	838	838	110	110	65	65	20159	20159	16144	16144	48261	48261	51320	51320	2	2	3	3
IND00032	53	53	397	397	432	432	1121	1121	11	11	15	15	1569	1569	1154	1154	3537	3537	2484	2484	2417	2417	3869	3869	837	837	2553	2553	3115	3115	941	941	22	22	40	40	7	7	13	13	121	121	2711	2711	30	30	77	77	3658	3658	4335	4335	809	809	667	667	1	1	64	64	695	695	62	62	918	918	1009	1009	24103	24103	31678	31678	18	18	86	86	503	503	14534	14534	723	723	730	730	342	342	14894	14894	34	34	34	34	2898	2898	4475	4475	8	8	76	76	237	237	180	180	5243	5243	2867	2867	30778	30778	3077	3077	1758	1758	958	958	20146	20146	2328	2328	121	121	223	223	5	5	87	87	46	46	45	45	195	195	58	58	38	38	81	81	586	586	265	265	5678	5678	4607	4607	271	271	13	13	103	103	102	102	53	53	15	15	63	63	184	184	84	84	24	24	770	770	242	242	451	451	625	625	7	7	5	5	1644	1644	63	63	80	80	72	72	17861	17861	30384	30384	33518	33518	43530	43530	3	3	2	2
IND00033	417	417	832	832	846	846	153	153	39	39	14	14	526	526	1130	1130	3917	3917	1360	1360	3230	3230	379	379	5636	5636	6969	6969	2218	2218	3715	3715	176	176	89	89	11	11	14	14	4011	4011	2080	2080	5	5	77	77	4045	4045	1187	1187	2014	2014	77	77	37	37	114	114	934	934	21	21	457	457	712	712	29779	29779	16619	16619	251	251	113	113	6754	6754	10498	10498	603	603	719	719	9175	9175	6133	6133	19	19	38	38	2432	2432	2627	2627	127	127	12	12	190	190	144	144	464	464	5342	5342	21021	21021	32524	32524	1213	1213	1837	1837	36	36	27598	27598	38	38	118	118	107	107	91	91	57	57	1	1	1205	1205	1187	1187	122	122	72	72	902	902	39	39	1763	1763	2190	2190	935	935	569	569	22	22	29	29	31	31	5	5	432	432	362	362	138	138	143	143	718	718	400	400	1544	1544	228	228	19	19	18	18	47	47	121	121	92	92	36	36	28050	28050	19164	19164	54631	54631	49135	49135	2	2	2	2
IND00034	437	437	372	372	1926	1926	1868	1868	22	22	25	25	3056	3056	3478	3478	1021	1021	1812	1812	3681	3681	1836	1836	941	941	5010	5010	2338	2338	3890	3890	119	119	107	107	6	6	15	15	4033	4033	2025	2025	99	99	6	6	1797	1797	1551	1551	744	744	753	753	83	83	50	50	434	434	298	298	988	988	914	914	805	805	24385	24385	133	133	40	40	7528	7528	16381	16381	345	345	374	374	6037	6037	890	890	28	28	23	23	259	259	1464	1464	80	80	114	114	191	191	236	236	5137	5137	3098	3098	6183	6183	28155	28155	19	19	1297	1297	23040	23040	29431	29431	62	62	210	210	126	126	23	23	15	15	48	48	411	411	518	518	116	116	28	28	258	258	761	761	3694	3694	1232	1232	791	791	838	838	59	59	120	120	51	51	5	5	184	184	303	303	223	223	246	246	612	612	742	742	2035	2035	1264	1264	21	21	8	8	1133	1133	1013	1013	89	89	28	28	25843	25843	5955	5955	4890	4890	46746	46746	3	3	3	3
IND00035	804	804	271	271	854	854	133	133	1	1	3	3	2183	2183	3883	3883	1003	1003	3822	3822	716	716	665	665	6331	6331	7529	7529	2535	2535	600	600	11	11	189	189	11	11	8	8	2446	2446	3532	3532	44	44	102	102	1980	1980	2773	2773	1662	1662	942	942	58	58	111	111	1283	1283	1361	1361	766	766	781	781	1779	1779	7110	7110	174	174	199	199	9706	9706	7946	7946	237	237	807	807	4027	4027	3430	3430	21	21	62	62	5466	5466	5292	5292	61	61	1	1	154	154	243	243	4100	4100	3962	3962	6310	6310	16392	16392	584	584	978	978	3224	3224	12698	12698	64	64	196	196	100	100	59	59	14	14	54	54	829	829	813	813	71	71	11	11	500	500	52	52	7248	7248	2859	2859	1240	1240	1945	1945	110	110	106	106	20	20	55	55	471	471	282	282	47	47	246	246	659	659	736	736	514	514	813	813	26	26	23	23	1587	1587	261	261	54	54	56	56	13759	13759	4865	4865	25967	25967	50283	50283	1	1	1	1
IND00036	697	697	252	252	378	378	684	684	16	16	54	54	3863	3863	240	240	2142	2142	978	978	1794	1794	3561	3561	5788	5788	6435	6435	1443	1443	3323	3323	29	29	133	133	15	15	11	11	3221	3221	1768	1768	72	72	48	48	3951	3951	4752	4752	697	697	1806	1806	69	69	82	82	329	329	683	683	834	834	764	764	6691	6691	25126	25126	202	202	176	176	12058	12058	9456	9456	486	486	324	324	5306	5306	8667	8667	63	63	42	42	6437	6437	6012	6012	108	108	44	44	172	172	200	200	387	387	1449	1449	10125	10125	10465	10465	1912	1912	1851	1851	18720	18720	434	434	194	194	117	117	5	5	97	97	33	33	5	5	473	473	1000	1000	105	105	109	109	821	821	594	594	985	985	6370	6370	220	220	55	55	122	122	128	128	19	19	50	50	372	372	33	33	200	200	74	74	404	404	1000	1000	1691	1691	20	20	10	10	13	13	1730	1730	1215	1215	14	14	1	1	19016	19016	90	90	55347	55347	64919	64919	1	1	1	1
IND00037	487	487	710	710	1574	1574	906	906	13	13	58	58	1631	1631	437	437	136	136	981	981	2759	2759	1649	1649	2948	2948	2334	2334	4044	4044	2032	2032	129	129	53	53	9	9	5	5	351	351	1215	1215	25	25	26	26	2267	2267	1948	1948	89	89	756	756	100	100	70	70	491	491	1293	1293	6	6	886	886	7688	7688	16149	16149	171	171	212	212	9747	9747	13342	13342	443	443	731	731	1226	1226	4449	4449	46	46	36	36	7508	7508	5643	5643	111	111	60	60	20	20	16	16	7829	7829	6950	6950	11757	11757	15736	15736	1783	1783	1192	1192	7940	7940	23665	23665	221	221	179	179	51	51	18	18	57	57	7	7	1268	1268	1567	1567	51	51	65	65	405	405	852	852	1264	1264	3962	3962	728	728	1093	1093	60	60	27	27	42	42	55	55	184	184	74	74	233	233	207	207	88	88	139	139	1512	1512	478	478	23	23	20	20	1676	1676	1427	1427	103	103	48	48	6289	6289	19406	19406	46368	46368	14581	14581	1	1	4	4
IND00038	269	269	666	666	1795	1795	1387	1387	35	35	56	56	2039	2039	145	145	522	522	1191	1191	3974	3974	1311	1311	3399	3399	3529	3529	561	561	630	630	57	57	216	216	9	9	5	5	191	191	3972	3972	108	108	75	75	4540	4540	2675	2675	1417	1417	1217	1217	60	60	55	55	1354	1354	113	113	841	841	226	226	20372	20372	31675	31675	42	42	44	44	3524	3524	15663	15663	550	550	434	434	4003	4003	4755	4755	2	2	57	57	1723	1723	4328	4328	122	122	80	80	17	17	220	220	4750	4750	2253	2253	7567	7567	30968	30968	1408	1408	1099	1099	31477	31477	21091	21091	60	60	104	104	99	99	110	110	61	61	44	44	845	845	1146	1146	128	128	7	7	458	458	623	623	4671	4671	2573	2573	203	203	176	176	81	81	41	41	64	64	8	8	291	291	248	248	32	32	69	69	605	605	784	784	249	249	222	222	24	24	13	13	1279	1279	1592	1592	49	49	4	4	27311	27311	11193	11193	55424	55424	5154	5154	3	3	2	2
IND00039	37	37	924	924	463	463	1428	1428	8	8	11	11	2020	2020	1429	1429	2090	2090	738	738	27	27	452	452	26	26	635	635	375	375	3849	3849	118	118	226	226	10	10	5	5	1436	1436	386	386	47	47	50	50	910	910	1238	1238	362	362	1437	1437	61	61	29	29	713	713	686	686	817	817	244	244	2229	2229	13159	13159	59	59	9	9	10734	10734	15967	15967	524	524	394	394	8445	8445	11614	11614	13	13	58	58	534	534	1004	1004	42	42	49	49	156	156	248	248	7662	7662	6702	6702	26685	26685	25038	25038	1673	1673	818	818	332	332	28786	28786	56	56	178	178	82	82	46	46	63	63	24	24	1828	1828	999	999	27	27	13	13	707	707	39	39	6598	6598	218	218	614	614	1366	1366	22	22	128	128	46	46	14	14	254	254	245	245	33	33	236	236	872	872	150	150	783	783	1762	1762	2	2	13	13	1411	1411	595	595	47	47	42	42	6237	6237	7761	7761	2879	2879	4566	4566	4	4	1	1
IND00040	665	665	925	925	1442	1442	1902	1902	22	22	12	12	255	255	2547	2547	2208	2208	3205	3205	1241	1241	382	382	167	167	6403	6403	991	991	1339	1339	162	162	86	86	6	6	4	4	337	337	349	349	3	3	116	116	6060	6060	6113	6113	762	762	800	800	51	51	22	22	70	70	1344	1344	1019	1019	569	569	32132	32132	16152	16152	100	100	99	99	8615	8615	9106	9106	960	960	813	813	6517	6517	11129	11129	25	25	63	63	5570	5570	5455	5455	46	46	49	49	203	203	77	77	361	361	1134	1134	13740	13740	22826	22826	1041	1041	909	909	24041	24041	14970	14970	201	201	224	224	48	48	39	39	63	63	35	35	1674	1674	995	995	23	23	61	61	34	34	91	91	4110	4110	1530	1530	323	323	1816	1816	70	70	125	125	40	40	56	56	456	456	428	428	116	116	96	96	758	758	754	754	937	937	902	902	24	24	27	27	621	621	440	440	26	26	89	89	379	379	5870	5870	25022	25022	18736	18736	2	2	3	3
IND00041	597	597	26	26	1194	1194	1211	1211	15	15	34	34	3918	3918	1615	1615	1474	1474	1503	1503	1998	1998	1246	1246	7529	7529	3	3	4084	4084	2879	2879	36	36	241	241	12	12	11	11	2773	2773	3456	3456	109	109	63	63	6919	6919	3621	3621	1046	1046	794	794	65	65	58	58	1245	1245	1634	1634	749	749	193	193	30657	30657	16980	16980	178	178	27	27	7682	7682	15	15	889	889	897	897	12929	12929	14901	14901	60	60	2	2	7731	7731	427	427	18	18	35	35	90	90	28	28	2749	2749	6854	6854	8828	8828	22080	22080	722	722	773	773	247	247	24534	24534	242	242	48	48	118	118	9	9	12	12	11	11	1530	1530	965	965	13	13	82	82	223	223	357	357	1894	1894	1098	1098	492	492	1209	1209	45	45	50	50	32	32	15	15	46	46	461	461	6	6	15	15	54	54	452	452	1960	1960	363	363	22	22	30	30	220	220	123	123	62	62	104	104	5878	5878	24133	24133	37316	37316	65442	65442	4	4	1	1
IND00042	828	828	1021	1021	697	697	1846	1846	11	11	2	2	484	484	1252	1252	480	480	1230	1230	387	387	3137	3137	3515	3515	7782	7782	3592	3592	138	138	197	197	246	246	6	6	12	12	296	296	1208	1208	34	34	103	103	1588	1588	4823	4823	1324	1324	1581	1581	2	2	32	32	1705	1705	1861	1861	124	124	435	435	959	959	20897	20897	99	99	149	149	9883	9883	5174	5174	304	304	588	588	12301	12301	113	113	5	5	54	54	3317	3317	3270	3270	38	38	12	12	139	139	170	170	1950	1950	7474	7474	28945	28945	13068	13068	1581	1581	1816	1816	26787	26787	3016	3016	105	105	233	233	31	31	115	115	29	29	4	4	1922	1922	708	708	87	87	28	28	55	55	692	692	3540	3540	1479	1479	1508	1508	1586	1586	48	48	95	95	60	60	55	55	371	371	126	126	151	151	36	36	202	202	125	125	610	610	1541	1541	3	3	8	8	472	472	762	762	54	54	23	23	11186	11186	13431	13431	5523	5523	15565	15565	3	3	3	3
IND00043	310	310	480	480	854	854	480	480	58	58	31	31	21	21	14	14	2298	2298	3998	3998	500	500	23	23	1276	1276	2823	2823	3763	3763	1083	1083	172	172	87	87	4	4	6	6	3558	3558	1492	1492	75	75	121	121	1762	1762	3815	3815	52	52	1045	1045	85	85	49	49	2019	2019	763	763	710	710	320	320	20173	20173	27358	27358	48	48	42	42	5258	5258	2502	2502	692	692	143	143	315	315	7691	7691	20	20	59	59	1143	1143	2883	2883	10	10	51	51	84	84	235	235	8016	8016	2374	2374	17828	17828	27624	27624	1525	1525	874	874	22582	22582	27914	27914	26	26	221	221	21	21	101	101	13	13	26	26	172	172	722	722	90	90	37	37	472	472	971	971	4913	4913	1366	1366	2024	2024	1843	1843	84	84	115	115	63	63	55	55	231	231	377	377	22	22	149	149	532	532	528	528	479	479	277	277	10	10	7	7	2011	2011	1650	1650	20	20	116	116	29953	29953	5216	5216	31905	31905	14275	14275	4	4	3	3
IND00044	725	725	379	379	920	920	1570	1570	12	12	1	1	1430	1430	3196	3196	3746	3746	2114	2114	3972	3972	1096	1096	616	616	4657	4657	3648	3648	1109	1109	115	115	69	69	4	4	4	4	1768	1768	2208	2208	2	2	47	47	4201	4201	7889	7889	621	621	882	882	100	100	120	120	1548	1548	1457	1457	522	522	981	981	24240	24240	18049	18049	184	184	215	215	9176	9176	6240	6240	888	888	504	504	14285	14285	16208	16208	60	60	9	9	5591	5591	909	909	128	128	49	49	79	79	3	3	2017	2017	5395	5395	3780	3780	24856	24856	354	354	1355	1355	18974	18974	27095	27095	126	126	165	165	1	1	5	5	1	1	28	28	1869	1869	1935	1935	98	98	65	65	338	338	992	992	1036	1036	5102	5102	845	845	829	829	3	3	112	112	36	36	54	54	60	60	190	190	166	166	204	204	457	457	83	83	380	380	1088	1088	24	24	9	9	926	926	1204	1204	24	24	16	16	31819	31819	11480	11480	50549	50549	41867	41867	1	1	1	1
IND00045	678	678	8	8	1979	1979	398	398	46	46	51	51	3804	3804	719	719	2788	2788	2882	2882	2215	2215	3982	3982	616	616	7520	7520	377	377	1468	1468	9	9	213	213	5	5	16	16	245	245	564	564	20	20	126	126	4007	4007	4161	4161	395	395	833	833	71	71	13	13	1102	1102	356	356	151	151	626	626	6919	6919	19452	19452	207	207	172	172	10795	10795	15454	15454	528	528	258	258	639	639	6892	6892	53	53	63	63	1584	1584	3380	3380	49	49	120	120	69	69	119	119	3937	3937	3311	3311	22729	22729	14706	14706	269	269	1561	1561	11448	11448	13035	13035	118	118	141	141	99	99	87	87	50	50	26	26	311	311	123	123	4	4	53	53	1022	1022	185	185	5692	5692	7277	7277	71	71	183	183	107	107	57	57	42	42	19	19	353	353	361	361	168	168	197	197	168	168	100	100	460	460	1700	1700	23	23	7	7	79	79	1607	1607	103	103	65	65	22571	22571	24862	24862	14089	14089	16072	16072	2	2	3	3
IND00046	277	277	307	307	1995	1995	1676	1676	34	34	31	31	2093	2093	1898	1898	1064	1064	1147	1147	568	568	2531	2531	8158	8158	3621	3621	2015	2015	1793	1793	2	2	217	217	3	3	11	11	2112	2112	3412	3412	104	104	103	103	2861	2861	1128	1128	1160	1160	1236	1236	97	97	33	33	1183	1183	1474	1474	27	27	933	933	6640	6640	16901	16901	220	220	230	230	15583	15583	8732	8732	5	5	961	961	4118	4118	14477	14477	7	7	61	61	3363	3363	3082	3082	30	30	111	111	132	132	216	216	6159	6159	3618	3618	24030	24030	17011	17011	1359	1359	1142	1142	5302	5302	26806	26806	103	103	223	223	124	124	96	96	26	26	29	29	1388	1388	950	950	41	41	64	64	873	873	396	396	2916	2916	7253	7253	764	764	1228	1228	24	24	65	65	41	41	57	57	330	330	467	467	133	133	187	187	531	531	11	11	253	253	826	826	12	12	7	7	1855	1855	365	365	3	3	109	109	19276	19276	13465	13465	10785	10785	32064	32064	4	4	4	4
IND00047	364	364	460	460	295	295	1216	1216	23	23	63	63	3522	3522	2210	2210	2831	2831	2569	2569	1858	1858	1646	1646	6890	6890	6434	6434	2991	2991	2318	2318	76	76	25	25	3	3	12	12	2463	2463	413	413	49	49	5	5	7593	7593	5275	5275	199	199	907	907	103	103	105	105	691	691	984	984	733	733	500	500	13848	13848	23299	23299	18	18	102	102	2257	2257	15248	15248	989	989	6	6	15772	15772	6288	6288	34	34	35	35	173	173	3960	3960	16	16	27	27	80	80	225	225	6096	6096	7258	7258	11727	11727	28345	28345	1682	1682	327	327	30940	30940	3376	3376	118	118	120	120	17	17	112	112	56	56	10	10	413	413	1486	1486	24	24	124	124	293	293	790	790	5682	5682	8190	8190	606	606	1437	1437	48	48	20	20	6	6	30	30	406	406	386	386	31	31	116	116	64	64	748	748	341	341	262	262	20	20	20	20	369	369	1259	1259	120	120	82	82	21750	21750	19122	19122	25750	25750	29155	29155	4	4	3	3
IND00048	747	747	907	907	568	568	888	888	18	18	45	45	696	696	2081	2081	2051	2051	60	60	358	358	456	456	7571	7571	2434	2434	229	229	2212	2212	141	141	205	205	9	9	8	8	2229	2229	946	946	74	74	43	43	1641	1641	8004	8004	349	349	1536	1536	10	10	9	9	141	141	1002	1002	181	181	713	713	17258	17258	20853	20853	156	156	243	243	8374	8374	3811	3811	10	10	1007	1007	211	211	11022	11022	4	4	6	6	2375	2375	2279	2279	90	90	125	125	114	114	36	36	3837	3837	927	927	26318	26318	12318	12318	185	185	1654	1654	7880	7880	608	608	182	182	195	195	19	19	8	8	35	35	63	63	1997	1997	1957	1957	24	24	124	124	380	380	380	380	1822	1822	3736	3736	49	49	1056	1056	5	5	8	8	28	28	31	31	386	386	55	55	62	62	67	67	989	989	917	917	1645	1645	566	566	18	18	11	11	1005	1005	1705	1705	58	58	124	124	1088	1088	6535	6535	10481	10481	4486	4486	4	4	2	2
IND00049	438	438	293	293	1066	1066	947	947	51	51	24	24	2759	2759	2230	2230	1028	1028	3000	3000	1700	1700	1187	1187	2706	2706	6162	6162	27	27	1194	1194	146	146	4	4	6	6	11	11	1965	1965	2646	2646	10	10	30	30	1713	1713	1996	1996	1770	1770	382	382	44	44	7	7	1872	1872	115	115	932	932	142	142	8472	8472	11158	11158	162	162	165	165	1446	1446	15397	15397	970	970	664	664	5647	5647	1112	1112	42	42	62	62	205	205	4659	4659	87	87	73	73	192	192	79	79	4460	4460	3415	3415	25974	25974	29823	29823	1642	1642	1812	1812	30304	30304	3521	3521	118	118	72	72	9	9	116	116	23	23	62	62	1284	1284	472	472	74	74	9	9	837	837	822	822	4387	4387	325	325	1615	1615	581	581	60	60	107	107	64	64	48	48	471	471	69	69	13	13	70	70	871	871	351	351	1336	1336	1833	1833	28	28	19	19	1256	1256	1378	1378	21	21	25	25	7081	7081	28290	28290	37994	37994	530	530	1	1	2	2
IND00050	650	650	547	547	1731	1731	1229	1229	60	60	53	53	1847	1847	3740	3740	3809	3809	2399	2399	2121	2121	2739	2739	1798	1798	6764	6764	147	147	3774	3774	25	25	254	254	12	12	1	1	1476	1476	991	991	115	115	36	36	1385	1385	5329	5329	763	763	667	667	79	79	126	126	131	131	1124	1124	197	197	259	259	24668	24668	2455	2455	238	238	24	24	8130	8130	13713	13713	189	189	589	589	10234	10234	5769	5769	50	50	55	55	4708	4708	6982	6982	73	73	112	112	56	56	192	192	710	710	7433	7433	21342	21342	4525	4525	67	67	838	838	6701	6701	28589	28589	143	143	60	60	26	26	18	18	34	34	25	25	1485	1485	158	158	100	100	19	19	991	991	390	390	4697	4697	5893	5893	1098	1098	1880	1880	64	64	52	52	5	5	30	30	122	122	22	22	2	2	105	105	384	384	202	202	1564	1564	170	170	12	12	14	14	1084	1084	389	389	72	72	62	62	7169	7169	23661	23661	54103	54103	24292	24292	3	3	4	4
IND00051	585	585	975	975	1869	1869	1500	1500	4	4	14	14	548	548	2637	2637	1272	1272	3460	3460	860	860	3589	3589	2293	2293	227	227	2939	2939	1061	1061	165	165	241	241	9	9	14	14	1220	1220	2629	2629	50	50	119	119	7661	7661	5639	5639	243	243	673	673	62	62	113	113	445	445	1531	1531	543	543	855	855	19456	19456	26848	26848	179	179	149	149	9343	9343	6088	6088	706	706	501	501	11442	11442	4837	4837	51	51	32	32	7540	7540	2541	2541	46	46	66	66	180	180	236	236	4004	4004	1279	1279	18018	18018	14505	14505	1456	1456	1905	1905	22864	22864	14732	14732	69	69	211	211	110	110	34	34	44	44	34	34	1928	1928	66	66	58	58	112	112	314	314	178	178	4648	4648	1167	1167	1185	1185	207	207	21	21	29	29	44	44	24	24	1	1	264	264	157	157	38	38	136	136	155	155	1382	1382	1612	1612	11	11	19	19	1867	1867	1268	1268	103	103	94	94	12058	12058	71	71	7503	7503	107	107	4	4	3	3
IND00052	23	23	257	257	1124	1124	837	837	36	36	57	57	1432	1432	1487	1487	338	338	573	573	2411	2411	3408	3408	7566	7566	1102	1102	1181	1181	920	920	85	85	44	44	14	14	11	11	1436	1436	159	159	109	109	34	34	1117	1117	5900	5900	7	7	992	992	108	108	120	120	1513	1513	1573	1573	106	106	224	224	29337	29337	28006	28006	255	255	192	192	6941	6941	9887	9887	46	46	486	486	9115	9115	3423	3423	13	13	27	27	7599	7599	4734	4734	43	43	49	49	12	12	150	150	2685	2685	2622	2622	4859	4859	1736	1736	1258	1258	1446	1446	14325	14325	15861	15861	120	120	227	227	64	64	52	52	56	56	13	13	194	194	562	562	40	40	40	40	639	639	565	565	4176	4176	6154	6154	1279	1279	1840	1840	56	56	122	122	22	22	43	43	115	115	352	352	105	105	28	28	707	707	1007	1007	1051	1051	1328	1328	23	23	30	30	151	151	1258	1258	22	22	7	7	16485	16485	15449	15449	38584	38584	47512	47512	2	2	2	2
IND00053	922	922	794	794	360	360	918	918	3	3	29	29	2617	2617	29	29	2723	2723	2590	2590	3516	3516	3581	3581	2710	2710	1233	1233	875	875	617	617	132	132	53	53	16	16	7	7	1304	1304	1194	1194	17	17	128	128	369	369	2954	2954	196	196	1520	1520	120	120	98	98	1457	1457	851	851	208	208	788	788	22579	22579	30825	30825	151	151	170	170	5528	5528	3372	3372	71	71	47	47	15979	15979	6135	6135	16	16	20	20	3090	3090	6342	6342	90	90	99	99	118	118	227	227	7066	7066	5995	5995	25025	25025	2144	2144	1822	1822	604	604	26346	26346	4722	4722	59	59	197	197	77	77	56	56	28	28	30	30	1600	1600	1008	1008	110	110	92	92	960	960	576	576	3349	3349	1446	1446	1638	1638	459	459	57	57	66	66	39	39	44	44	257	257	37	37	25	25	223	223	722	722	562	562	1484	1484	262	262	11	11	10	10	2028	2028	1861	1861	80	80	18	18	1334	1334	18821	18821	27960	27960	40675	40675	3	3	2	2
IND00054	168	168	361	361	361	361	903	903	17	17	54	54	764	764	4071	4071	2145	2145	2185	2185	3863	3863	1035	1035	5233	5233	3893	3893	331	331	2767	2767	8	8	195	195	16	16	14	14	761	761	3365	3365	104	104	73	73	4276	4276	1352	1352	518	518	129	129	59	59	12	12	385	385	1005	1005	211	211	142	142	339	339	15243	15243	251	251	44	44	6753	6753	7975	7975	384	384	519	519	5088	5088	5268	5268	57	57	49	49	3784	3784	5737	5737	87	87	95	95	9	9	234	234	3204	3204	276	276	13725	13725	5717	5717	353	353	317	317	19395	19395	21746	21746	51	51	220	220	24	24	119	119	55	55	29	29	2036	2036	1493	1493	28	28	85	85	774	774	1003	1003	597	597	899	899	1587	1587	1835	1835	75	75	89	89	30	30	41	41	132	132	503	503	193	193	195	195	790	790	975	975	1554	1554	297	297	20	20	10	10	1384	1384	901	901	72	72	32	32	12233	12233	27025	27025	42823	42823	6609	6609	3	3	3	3
IND00055	558	558	885	885	507	507	276	276	47	47	23	23	4021	4021	3542	3542	1298	1298	2747	2747	2660	2660	1282	1282	1813	1813	3217	3217	1096	1096	566	566	88	88	40	40	12	12	15	15	267	267	3147	3147	66	66	113	113	7770	7770	6889	6889	975	975	1738	1738	125	125	105	105	1428	1428	778	778	37	37	285	285	19053	19053	27697	27697	68	68	223	223	14231	14231	15218	15218	66	66	339	339	14683	14683	11273	11273	3	3	7	7	3089	3089	6016	6016	55	55	14	14	253	253	65	65	7816	7816	2631	2631	14593	14593	24500	24500	1022	1022	1603	1603	18307	18307	19103	19103	231	231	176	176	85	85	1	1	23	23	39	39	79	79	612	612	63	63	107	107	844	844	682	682	1346	1346	5285	5285	1015	1015	59	59	92	92	11	11	60	60	12	12	467	467	435	435	116	116	61	61	931	931	298	298	795	795	764	764	7	7	2	2	1370	1370	1924	1924	11	11	20	20	4624	4624	16188	16188	35466	35466	41496	41496	4	4	2	2
IND00056	201	201	682	682	1286	1286	674	674	21	21	5	5	175	175	2289	2289	1602	1602	1370	1370	188	188	1344	1344	3637	3637	3546	3546	1237	1237	3852	3852	206	206	83	83	16	16	3	3	2792	2792	3512	3512	71	71	100	100	2902	2902	6789	6789	1729	1729	1636	1636	10	10	76	76	1277	1277	1962	1962	747	747	604	604	31597	31597	14742	14742	176	176	104	104	3105	3105	11053	11053	410	410	404	404	6535	6535	9218	9218	25	25	1	1	925	925	507	507	113	113	68	68	161	161	18	18	3337	3337	5663	5663	27714	27714	17275	17275	1997	1997	1600	1600	22792	22792	627	627	167	167	100	100	28	28	118	118	3	3	31	31	641	641	206	206	65	65	66	66	76	76	701	701	1593	1593	7170	7170	1055	1055	1186	1186	63	63	105	105	41	41	16	16	131	131	183	183	12	12	246	246	957	957	428	428	1872	1872	655	655	27	27	14	14	1563	1563	841	841	37	37	5	5	12445	12445	17029	17029	47744	47744	36043	36043	3	3	1	1
IND00057	739	739	436	436	311	311	1816	1816	39	39	31	31	2002	2002	3685	3685	755	755	253	253	3327	3327	1304	1304	298	298	6585	6585	3892	3892	1116	1116	128	128	39	39	6	6	11	11	3603	3603	3143	3143	56	56	61	61	2540	2540	3460	3460	1426	1426	876	876	48	48	68	68	1487	1487	1625	1625	771	771	787	787	31473	31473	11417	11417	212	212	187	187	12399	12399	13700	13700	499	499	319	319	4675	4675	2790	2790	8	8	46	46	7381	7381	3148	3148	121	121	120	120	29	29	187	187	2538	2538	1536	1536	13823	13823	26662	26662	2027	2027	716	716	15651	15651	31862	31862	126	126	9	9	54	54	110	110	36	36	22	22	665	665	1534	1534	41	41	102	102	505	505	756	756	2554	2554	8141	8141	198	198	136	136	93	93	1	1	33	33	21	21	20	20	501	501	181	181	152	152	792	792	879	879	1122	1122	1926	1926	1	1	31	31	1876	1876	167	167	32	32	57	57	11386	11386	16352	16352	4175	4175	16221	16221	4	4	2	2
IND00058	885	885	336	336	678	678	385	385	1	1	61	61	1091	1091	148	148	2037	2037	1671	1671	1199	1199	2963	2963	1815	1815	994	994	686	686	2628	2628	20	20	27	27	16	16	16	16	1447	1447	2526	2526	111	111	65	65	1398	1398	2753	2753	365	365	844	844	114	114	51	51	118	118	1082	1082	310	310	668	668	15583	15583	21995	21995	123	123	207	207	3667	3667	12172	12172	809	809	943	943	2191	2191	7336	7336	1	1	2	2	4991	4991	413	413	1	1	104	104	175	175	8	8	2774	2774	7482	7482	12583	12583	26893	26893	877	877	53	53	18266	18266	17293	17293	127	127	228	228	27	27	43	43	25	25	37	37	698	698	1973	1973	80	80	4	4	918	918	233	233	1939	1939	7535	7535	291	291	2040	2040	67	67	35	35	13	13	37	37	291	291	115	115	38	38	213	213	98	98	982	982	1132	1132	91	91	23	23	20	20	514	514	165	165	67	67	33	33	30108	30108	23113	23113	34315	34315	45275	45275	3	3	1	1
IND00059	511	511	796	796	1769	1769	1509	1509	62	62	58	58	2524	2524	2116	2116	2916	2916	1032	1032	1404	1404	3529	3529	2403	2403	4260	4260	3517	3517	1676	1676	156	156	206	206	16	16	7	7	2376	2376	2150	2150	128	128	19	19	387	387	7197	7197	395	395	465	465	9	9	21	21	568	568	1360	1360	422	422	404	404	28933	28933	11043	11043	250	250	184	184	4351	4351	8082	8082	220	220	131	131	7306	7306	10272	10272	59	59	7	7	7208	7208	5644	5644	56	56	100	100	184	184	210	210	803	803	3887	3887	31856	31856	12819	12819	584	584	1699	1699	16593	16593	6804	6804	25	25	232	232	23	23	6	6	42	42	17	17	140	140	1726	1726	25	25	19	19	311	311	409	409	311	311	745	745	122	122	501	501	78	78	11	11	48	48	22	22	192	192	286	286	150	150	250	250	223	223	488	488	1465	1465	1350	1350	24	24	3	3	1334	1334	1453	1453	30	30	41	41	24033	24033	1517	1517	48879	48879	40608	40608	4	4	3	3
IND00060	499	499	870	870	648	648	239	239	63	63	18	18	131	131	2654	2654	2584	2584	3333	3333	58	58	1747	1747	4152	4152	4747	4747	3761	3761	2162	2162	102	102	214	214	9	9	1	1	3605	3605	2118	2118	71	71	16	16	2541	2541	6780	6780	962	962	1945	1945	25	25	82	82	138	138	271	271	777	777	784	784	24673	24673	22254	22254	240	240	65	65	4902	4902	60	60	218	218	93	93	10136	10136	16234	16234	32	32	23	23	7371	7371	6092	6092	25	25	66	66	168	168	114	114	2132	2132	3400	3400	2788	2788	22585	22585	1474	1474	1902	1902	3870	3870	12605	12605	20	20	140	140	1	1	62	62	53	53	11	11	990	990	1237	1237	102	102	95	95	800	800	796	796	424	424	7076	7076	1503	1503	591	591	3	3	97	97	20	20	19	19	453	453	163	163	249	249	76	76	469	469	56	56	212	212	882	882	11	11	15	15	1246	1246	1220	1220	13	13	119	119	29187	29187	29792	29792	62990	62990	44650	44650	1	1	1	1
IND00061	465	465	794	794	1380	1380	247	247	6	6	28	28	117	117	2401	2401	575	575	602	602	3981	3981	449	449	5249	5249	4377	4377	3764	3764	1544	1544	26	26	145	145	8	8	1	1	2137	2137	1015	1015	14	14	91	91	2281	2281	4373	4373	673	673	1689	1689	73	73	119	119	330	330	859	859	463	463	9	9	6693	6693	27561	27561	60	60	85	85	14986	14986	5968	5968	358	358	701	701	2498	2498	6287	6287	56	56	38	38	3784	3784	3265	3265	123	123	42	42	153	153	37	37	7978	7978	3729	3729	29728	29728	14072	14072	520	520	31	31	10997	10997	28903	28903	182	182	21	21	18	18	126	126	34	34	5	5	1402	1402	246	246	40	40	45	45	301	301	236	236	2417	2417	1157	1157	1687	1687	2045	2045	46	46	23	23	62	62	5	5	64	64	101	101	169	169	76	76	586	586	100	100	459	459	1226	1226	20	20	24	24	142	142	1587	1587	4	4	4	4	8222	8222	29116	29116	40518	40518	36127	36127	4	4	1	1
IND00062	84	84	308	308	642	642	1239	1239	5	5	38	38	2262	2262	1953	1953	2482	2482	1793	1793	1485	1485	855	855	931	931	2364	2364	922	922	3658	3658	144	144	199	199	13	13	3	3	1578	1578	2413	2413	102	102	89	89	7852	7852	1727	1727	799	799	849	849	102	102	16	16	22	22	448	448	292	292	513	513	7996	7996	3988	3988	243	243	58	58	2751	2751	2635	2635	791	791	151	151	13284	13284	5655	5655	2	2	36	36	1110	1110	2489	2489	55	55	48	48	41	41	122	122	7134	7134	6559	6559	21472	21472	21777	21777	1227	1227	1503	1503	2767	2767	32454	32454	27	27	85	85	73	73	104	104	6	6	9	9	141	141	438	438	56	56	127	127	826	826	210	210	6131	6131	3933	3933	1463	1463	989	989	62	62	37	37	39	39	2	2	15	15	330	330	60	60	70	70	325	325	546	546	906	906	1129	1129	12	12	14	14	1997	1997	1637	1637	7	7	123	123	4302	4302	21507	21507	12370	12370	34651	34651	2	2	2	2
IND00063	736	736	186	186	860	860	1352	1352	29	29	44	44	3724	3724	4041	4041	1698	1698	781	781	672	672	1157	1157	8098	8098	3967	3967	2347	2347	507	507	245	245	181	181	11	11	8	8	1505	1505	1738	1738	32	32	99	99	3940	3940	1918	1918	283	283	1632	1632	33	33	97	97	392	392	341	341	973	973	439	439	13319	13319	19094	19094	3	3	231	231	8585	8585	439	439	921	921	361	361	6558	6558	1907	1907	37	37	9	9	2678	2678	4148	4148	77	77	78	78	65	65	176	176	6347	6347	4728	4728	30900	30900	25560	25560	1344	1344	1636	1636	18932	18932	1203	1203	177	177	105	105	76	76	9	9	21	21	13	13	286	286	1629	1629	15	15	114	114	110	110	266	266	1828	1828	3844	3844	1150	1150	282	282	125	125	53	53	12	12	47	47	499	499	67	67	126	126	74	74	382	382	737	737	1929	1929	855	855	16	16	32	32	1393	1393	895	895	63	63	86	86	1644	1644	12768	12768	13972	13972	62215	62215	1	1	1	1
IND00064	808	808	592	592	982	982	933	933	49	49	33	33	2700	2700	533	533	1729	1729	1311	1311	1162	1162	1448	1448	8021	8021	3370	3370	3956	3956	406	406	123	123	123	123	12	12	1	1	8	8	1614	1614	4	4	35	35	476	476	440	440	1420	1420	1878	1878	55	55	27	27	189	189	1985	1985	88	88	702	702	18412	18412	2806	2806	102	102	5	5	12712	12712	4665	4665	195	195	167	167	5767	5767	6883	6883	27	27	10	10	2171	2171	1196	1196	58	58	6	6	180	180	122	122	4385	4385	7165	7165	5461	5461	12178	12178	1634	1634	1788	1788	21934	21934	13352	13352	117	117	149	149	98	98	73	73	17	17	61	61	89	89	1130	1130	64	64	48	48	1022	1022	742	742	6548	6548	3772	3772	1993	1993	1720	1720	7	7	99	99	31	31	18	18	317	317	329	329	119	119	252	252	262	262	785	785	2002	2002	1062	1062	10	10	19	19	189	189	399	399	51	51	28	28	2363	2363	3614	3614	28092	28092	28661	28661	2	2	2	2
IND00065	555	555	42	42	262	262	1654	1654	2	2	8	8	3239	3239	617	617	1418	1418	866	866	3915	3915	1903	1903	3201	3201	1092	1092	3364	3364	4030	4030	195	195	9	9	3	3	16	16	229	229	2224	2224	109	109	12	12	2897	2897	3405	3405	639	639	124	124	27	27	43	43	937	937	1481	1481	144	144	607	607	15531	15531	4954	4954	143	143	246	246	3916	3916	12085	12085	306	306	187	187	531	531	15115	15115	5	5	55	55	2652	2652	4423	4423	11	11	59	59	72	72	163	163	7999	7999	2154	2154	16375	16375	23649	23649	1486	1486	2019	2019	26222	26222	20966	20966	111	111	86	86	49	49	22	22	16	16	5	5	329	329	579	579	29	29	85	85	149	149	306	306	1891	1891	7595	7595	725	725	1927	1927	112	112	68	68	59	59	2	2	284	284	319	319	184	184	219	219	290	290	73	73	1780	1780	226	226	28	28	5	5	880	880	86	86	49	49	7	7	15554	15554	17681	17681	16675	16675	32687	32687	3	3	4	4
IND00066	338	338	960	960	466	466	342	342	36	36	28	28	591	591	539	539	2882	2882	2398	2398	1485	1485	1448	1448	3848	3848	4477	4477	1258	1258	2235	2235	54	54	188	188	14	14	3	3	1391	1391	2070	2070	46	46	58	58	4472	4472	102	102	1744	1744	1090	1090	62	62	96	96	827	827	606	606	178	178	465	465	21858	21858	5405	5405	45	45	50	50	9931	9931	12302	12302	837	837	832	832	11867	11867	10080	10080	53	53	59	59	1344	1344	4293	4293	94	94	79	79	226	226	216	216	2926	2926	2432	2432	25695	25695	27749	27749	326	326	1207	1207	4935	4935	4176	4176	11	11	181	181	52	52	106	106	37	37	61	61	1244	1244	5	5	56	56	50	50	385	385	285	285	7972	7972	1387	1387	1185	1185	1976	1976	17	17	117	117	3	3	36	36	70	70	486	486	209	209	189	189	364	364	351	351	218	218	1206	1206	30	30	25	25	1196	1196	1964	1964	71	71	100	100	7596	7596	4035	4035	9421	9421	29203	29203	2	2	1	1
IND00067	859	859	585	585	1745	1745	514	514	5	5	61	61	3964	3964	348	348	117	117	2810	2810	2294	2294	137	137	6402	6402	4427	4427	545	545	2558	2558	75	75	84	84	14	14	13	13	3581	3581	3457	3457	8	8	8	8	1226	1226	591	591	17	17	149	149	25	25	92	92	689	689	1024	1024	728	728	783	783	25607	25607	23087	23087	87	87	244	244	1095	1095	5707	5707	301	301	552	552	8290	8290	12194	12194	60	60	19	19	7850	7850	2455	2455	19	19	116	116	177	177	157	157	5941	5941	1546	1546	16491	16491	26855	26855	1282	1282	1576	1576	5452	5452	15034	15034	39	39	137	137	64	64	88	88	1	1	39	39	1534	1534	663	663	6	6	2	2	844	844	354	354	4881	4881	5576	5576	1193	1193	249	249	69	69	58	58	45	45	23	23	472	472	6	6	19	19	187	187	79	79	179	179	376	376	534	534	23	23	5	5	1486	1486	1162	1162	5	5	41	41	28105	28105	7853	7853	57482	57482	15784	15784	1	1	1	1
IND00068	984	984	60	60	622	622	101	101	17	17	6	6	1532	1532	2689	2689	1644	1644	906	906	2143	2143	1517	1517	4513	4513	4045	4045	476	476	3168	3168	253	253	201	201	14	14	8	8	2341	2341	941	941	103	103	103	103	1908	1908	4769	4769	1557	1557	387	387	30	30	101	101	1251	1251	1468	1468	347	347	520	520	28231	28231	24532	24532	10	10	60	60	15510	15510	10531	10531	176	176	446	446	4441	4441	9571	9571	43	43	7	7	6439	6439	2523	2523	118	118	120	120	233	233	30	30	5975	5975	5707	5707	20457	20457	28551	28551	408	408	352	352	2196	2196	7997	7997	100	100	189	189	114	114	7	7	45	45	19	19	187	187	307	307	97	97	45	45	377	377	172	172	7993	7993	1003	1003	240	240	1948	1948	74	74	79	79	13	13	32	32	325	325	79	79	144	144	5	5	96	96	314	314	187	187	1549	1549	14	14	2	2	24	24	692	692	90	90	113	113	21291	21291	4010	4010	6946	6946	64908	64908	3	3	1	1
IND00069	1015	1015	430	430	201	201	847	847	41	41	6	6	3289	3289	3623	3623	764	764	1040	1040	993	993	2243	2243	5214	5214	3694	3694	2208	2208	1725	1725	156	156	217	217	12	12	13	13	1504	1504	2056	2056	65	65	103	103	3831	3831	2423	2423	2040	2040	701	701	116	116	97	97	482	482	1647	1647	573	573	433	433	4254	4254	16161	16161	68	68	16	16	3038	3038	4562	4562	271	271	264	264	7918	7918	8720	8720	63	63	38	38	6013	6013	163	163	2	2	103	103	172	172	176	176	6511	6511	745	745	7767	7767	29499	29499	1387	1387	632	632	29084	29084	6493	6493	26	26	89	89	108	108	123	123	16	16	60	60	1734	1734	1108	1108	30	30	35	35	210	210	990	990	6217	6217	4179	4179	289	289	555	555	110	110	94	94	28	28	5	5	56	56	275	275	254	254	165	165	525	525	264	264	980	980	846	846	4	4	30	30	1863	1863	1331	1331	17	17	44	44	31020	31020	6878	6878	60156	60156	11906	11906	2	2	2	2
IND00070	841	841	293	293	1548	1548	768	768	26	26	43	43	453	453	536	536	2127	2127	2365	2365	1802	1802	3485	3485	6863	6863	2802	2802	3615	3615	514	514	82	82	46	46	9	9	3	3	3886	3886	614	614	46	46	68	68	8087	8087	4463	4463	1582	1582	1434	1434	52	52	9	9	1030	1030	1135	1135	38	38	251	251	29249	29249	27984	27984	252	252	75	75	9165	9165	3577	3577	441	441	792	792	9741	9741	6769	6769	7	7	50	50	8050	8050	5981	5981	94	94	63	63	74	74	87	87	5433	5433	6893	6893	23845	23845	29418	29418	1002	1002	421	421	5415	5415	10178	10178	218	218	24	24	35	35	87	87	35	35	13	13	1913	1913	1453	1453	34	34	32	32	616	616	1020	1020	3991	3991	5472	5472	147	147	881	881	82	82	26	26	63	63	10	10	169	169	61	61	88	88	184	184	526	526	637	637	1998	1998	1213	1213	11	11	31	31	1817	1817	1221	1221	93	93	24	24	1557	1557	29194	29194	14116	14116	26530	26530	3	3	4	4
IND00071	638	638	158	158	1944	1944	1550	1550	54	54	33	33	1907	1907	763	763	206	206	1396	1396	2270	2270	3560	3560	4015	4015	658	658	1635	1635	1065	1065	179	179	7	7	16	16	2	2	1244	1244	3334	3334	117	117	79	79	1882	1882	7719	7719	359	359	1436	1436	10	10	58	58	363	363	1103	1103	908	908	235	235	9204	9204	10914	10914	151	151	183	183	10556	10556	4864	4864	358	358	851	851	4284	4284	6651	6651	44	44	6	6	7094	7094	6896	6896	69	69	3	3	141	141	118	118	7583	7583	5928	5928	17736	17736	32609	32609	305	305	1584	1584	24660	24660	2912	2912	68	68	87	87	126	126	104	104	54	54	3	3	30	30	478	478	124	124	73	73	523	523	665	665	4316	4316	1977	1977	1224	1224	205	205	113	113	91	91	40	40	39	39	96	96	122	122	201	201	116	116	205	205	734	734	391	391	1777	1777	13	13	23	23	840	840	1042	1042	49	49	60	60	4701	4701	26866	26866	43420	43420	26923	26923	1	1	3	3
IND00072	83	83	85	85	638	638	1167	1167	31	31	53	53	65	65	1306	1306	752	752	3906	3906	1972	1972	4047	4047	4085	4085	808	808	3864	3864	399	399	83	83	99	99	8	8	14	14	1006	1006	225	225	128	128	22	22	311	311	2706	2706	492	492	891	891	7	7	65	65	437	437	805	805	878	878	48	48	14856	14856	2603	2603	46	46	177	177	6573	6573	10960	10960	170	170	15	15	3006	3006	7213	7213	27	27	3	3	7368	7368	7933	7933	47	47	96	96	186	186	72	72	7414	7414	5545	5545	29238	29238	24877	24877	1967	1967	1510	1510	23689	23689	24176	24176	117	117	110	110	37	37	75	75	54	54	5	5	693	693	1536	1536	26	26	43	43	558	558	229	229	1780	1780	507	507	8	8	1812	1812	80	80	93	93	63	63	11	11	247	247	406	406	85	85	234	234	519	519	421	421	1823	1823	879	879	3	3	14	14	1171	1171	1012	1012	41	41	27	27	24599	24599	2128	2128	50997	50997	12233	12233	2	2	1	1
IND00073	358	358	959	959	1813	1813	1363	1363	64	64	2	2	1867	1867	3527	3527	3120	3120	3955	3955	2476	2476	3799	3799	6055	6055	5550	5550	1848	1848	1956	1956	117	117	54	54	4	4	12	12	2683	2683	3412	3412	110	110	6	6	6931	6931	266	266	1512	1512	1221	1221	117	117	94	94	486	486	1789	1789	561	561	527	527	27689	27689	4129	4129	112	112	208	208	9848	9848	8136	8136	708	708	460	460	3905	3905	8633	8633	51	51	7	7	653	653	3750	3750	44	44	81	81	89	89	155	155	3813	3813	416	416	3903	3903	7176	7176	1537	1537	1408	1408	8796	8796	15626	15626	25	25	6	6	73	73	76	76	12	12	33	33	1276	1276	396	396	20	20	92	92	359	359	675	675	89	89	3345	3345	2015	2015	392	392	56	56	94	94	54	54	61	61	324	324	246	246	117	117	89	89	666	666	995	995	360	360	808	808	15	15	31	31	1587	1587	456	456	15	15	38	38	23306	23306	32191	32191	4707	4707	64973	64973	2	2	4	4
IND00074	714	714	103	103	1744	1744	880	880	31	31	51	51	1773	1773	3632	3632	2284	2284	361	361	3301	3301	2164	2164	430	430	1634	1634	2264	2264	3959	3959	11	11	32	32	2	2	9	9	2332	2332	435	435	32	32	98	98	7967	7967	3395	3395	1154	1154	1215	1215	9	9	57	57	567	567	1364	1364	868	868	925	925	16813	16813	14847	14847	121	121	22	22	2651	2651	2940	2940	456	456	523	523	13157	13157	473	473	56	56	23	23	1216	1216	6366	6366	126	126	89	89	167	167	103	103	7258	7258	2995	2995	2694	2694	10742	10742	874	874	1519	1519	3818	3818	741	741	225	225	7	7	104	104	35	35	5	5	17	17	1339	1339	1915	1915	118	118	48	48	979	979	724	724	2575	2575	5015	5015	848	848	958	958	38	38	85	85	6	6	53	53	404	404	211	211	187	187	230	230	733	733	303	303	1127	1127	13	13	16	16	9	9	890	890	1419	1419	56	56	13	13	18573	18573	14935	14935	18150	18150	29323	29323	1	1	1	1
IND00075	790	790	407	407	1396	1396	966	966	41	41	32	32	4033	4033	404	404	1452	1452	2422	2422	692	692	158	158	6205	6205	1348	1348	4089	4089	2861	2861	150	150	9	9	15	15	16	16	2732	2732	2938	2938	1	1	54	54	2790	2790	4869	4869	799	799	203	203	46	46	109	109	1169	1169	586	586	790	790	977	977	20438	20438	20228	20228	103	103	130	130	5098	5098	12610	12610	5	5	805	805	11319	11319	16096	16096	62	62	2	2	2559	2559	6472	6472	126	126	56	56	127	127	115	115	6130	6130	2469	2469	1349	1349	14870	14870	1659	1659	1000	1000	23894	23894	22715	22715	41	41	23	23	114	114	59	59	28	28	62	62	405	405	1763	1763	113	113	99	99	251	251	918	918	6926	6926	751	751	964	964	1120	1120	31	31	95	95	64	64	59	59	456	456	40	40	205	205	210	210	55	55	25	25	815	815	1868	1868	30	30	26	26	743	743	582	582	111	111	58	58	5422	5422	22030	22030	41280	41280	40433	40433	1	1	3	3
IND00076	95	95	551	551	2026	2026	712	712	48	48	12	12	1476	1476	427	427	2167	2167	3165	3165	2982	2982	1662	1662	947	947	1450	1450	3384	3384	1141	1141	39	39	135	135	3	3	5	5	637	637	3417	3417	63	63	83	83	6827	6827	4702	4702	1980	1980	970	970	55	55	82	82	164	164	562	562	1008	1008	278	278	21173	21173	23758	23758	14	14	138	138	13646	13646	4732	4732	143	143	729	729	7352	7352	15626	15626	48	48	2	2	3779	3779	2923	2923	94	94	24	24	128	128	164	164	24	24	6192	6192	7444	7444	13447	13447	166	166	950	950	24391	24391	24294	24294	194	194	218	218	47	47	49	49	3	3	19	19	430	430	703	703	65	65	78	78	303	303	845	845	87	87	2929	2929	1401	1401	921	921	72	72	48	48	1	1	1	1	22	22	232	232	243	243	18	18	7	7	540	540	362	362	424	424	4	4	2	2	86	86	1077	1077	62	62	123	123	9229	9229	15665	15665	51235	51235	33324	33324	4	4	1	1
IND00077	703	703	405	405	1529	1529	69	69	63	63	51	51	2591	2591	1383	1383	152	152	1868	1868	211	211	1762	1762	3571	3571	382	382	2572	2572	3648	3648	29	29	161	161	2	2	7	7	567	567	1362	1362	84	84	39	39	3724	3724	6935	6935	1937	1937	1911	1911	94	94	55	55	666	666	1941	1941	298	298	171	171	31440	31440	10007	10007	21	21	17	17	4269	4269	5678	5678	952	952	806	806	13681	13681	1843	1843	1	1	48	48	295	295	4622	4622	96	96	106	106	157	157	143	143	4372	4372	7737	7737	11921	11921	6325	6325	806	806	787	787	12369	12369	22451	22451	117	117	89	89	22	22	28	28	36	36	25	25	1111	1111	811	811	69	69	81	81	733	733	280	280	4704	4704	1652	1652	1693	1693	388	388	102	102	18	18	10	10	55	55	232	232	5	5	66	66	10	10	736	736	346	346	1482	1482	40	40	27	27	32	32	371	371	1265	1265	95	95	28	28	7448	7448	20057	20057	11335	11335	43693	43693	2	2	3	3
IND00078	384	384	658	658	1543	1543	490	490	29	29	63	63	2209	2209	3077	3077	1847	1847	2502	2502	4043	4043	3372	3372	188	188	7219	7219	2544	2544	2393	2393	237	237	85	85	4	4	12	12	1421	1421	2572	2572	80	80	91	91	492	492	6077	6077	1950	1950	253	253	59	59	111	111	1719	1719	492	492	518	518	907	907	9506	9506	24544	24544	175	175	102	102	8084	8084	14869	14869	58	58	755	755	2094	2094	1549	1549	9	9	13	13	6026	6026	5208	5208	8	8	67	67	220	220	1	1	5571	5571	1188	1188	28862	28862	24516	24516	665	665	866	866	28172	28172	24131	24131	10	10	183	183	64	64	103	103	13	13	50	50	826	826	1063	1063	22	22	15	15	958	958	531	531	6050	6050	835	835	1813	1813	171	171	101	101	80	80	28	28	31	31	165	165	140	140	156	156	211	211	121	121	1008	1008	301	301	1671	1671	11	11	9	9	835	835	1926	1926	33	33	21	21	774	774	25623	25623	19680	19680	60116	60116	2	2	3	3
IND00079	850	850	856	856	1239	1239	362	362	15	15	53	53	1261	1261	36	36	1385	1385	641	641	2211	2211	2208	2208	5188	5188	4301	4301	2136	2136	3715	3715	174	174	105	105	5	5	14	14	3475	3475	2773	2773	101	101	90	90	4032	4032	968	968	1223	1223	428	428	34	34	52	52	1125	1125	1243	1243	630	630	743	743	29175	29175	15895	15895	79	79	92	92	10708	10708	12783	12783	145	145	659	659	13848	13848	112	112	46	46	18	18	6481	6481	6744	6744	125	125	91	91	29	29	59	59	393	393	8131	8131	3646	3646	7035	7035	885	885	1037	1037	13724	13724	15558	15558	250	250	11	11	74	74	27	27	6	6	48	48	579	579	1470	1470	5	5	21	21	626	626	61	61	7135	7135	4077	4077	1172	1172	27	27	75	75	62	62	14	14	44	44	316	316	1	1	5	5	218	218	439	439	914	914	35	35	469	469	9	9	5	5	162	162	436	436	81	81	113	113	30906	30906	21459	21459	20751	20751	43839	43839	4	4	3	3
IND00080	25	25	477	477	1166	1166	240	240	27	27	55	55	2315	2315	2378	2378	2273	2273	3450	3450	3165	3165	2420	2420	1367	1367	3148	3148	3649	3649	3731	3731	244	244	140	140	9	9	12	12	3800	3800	2471	2471	46	46	79	79	4210	4210	5474	5474	820	820	761	761	123	123	39	39	1434	1434	380	380	669	669	25	25	12207	12207	27017	27017	105	105	70	70	5803	5803	3882	3882	606	606	180	180	9882	9882	11336	11336	6	6	47	47	1492	1492	3638	3638	13	13	25	25	135	135	219	219	7258	7258	6597	6597	25973	25973	13604	13604	1253	1253	1607	1607	3504	3504	27385	27385	85	85	76	76	4	4	37	37	25	25	1	1	1328	1328	1774	1774	25	25	111	111	920	920	325	325	2475	2475	7799	7799	1490	1490	138	138	75	75	87	87	14	14	34	34	313	313	467	467	58	58	85	85	526	526	991	991	793	793	1477	1477	10	10	30	30	760	760	1447	1447	92	92	15	15	1686	1686	25685	25685	58925	58925	35840	35840	4	4	4	4
IND00081	392	392	257	257	499	499	1750	1750	31	31	31	31	2748	2748	828	828	1531	1531	396	396	2730	2730	1800	1800	6985	6985	7680	7680	3261	3261	3983	3983	141	141	196	196	5	5	10	10	2406	2406	1322	1322	114	114	66	66	7935	7935	1882	1882	198	198	422	422	122	122	37	37	1122	1122	28	28	174	174	263	263	19939	19939	32567	32567	37	37	87	87	14661	14661	7017	7017	726	726	161	161	936	936	11797	11797	39	39	39	39	216	216	917	917	36	36	16	16	236	236	185	185	7563	7563	5382	5382	29641	29641	27183	27183	1940	1940	145	145	1051	1051	2726	2726	31	31	171	171	100	100	104	104	18	18	20	20	2020	2020	855	855	59	59	60	60	617	617	801	801	7371	7371	7326	7326	1975	1975	870	870	36	36	123	123	17	17	7	7	285	285	27	27	241	241	133	133	548	548	800	800	1032	1032	704	704	29	29	7	7	834	834	72	72	35	35	49	49	16639	16639	14049	14049	63086	63086	15371	15371	4	4	3	3
IND00082	319	319	58	58	1591	1591	1595	1595	39	39	23	23	2347	2347	3528	3528	3410	3410	2000	2000	2306	2306	1663	1663	5352	5352	6048	6048	3581	3581	2022	2022	150	150	117	117	8	8	4	4	2712	2712	1777	1777	109	109	103	103	4432	4432	3452	3452	428	428	175	175	28	28	55	55	1074	1074	59	59	128	128	180	180	26531	26531	31448	31448	136	136	8	8	3653	3653	13332	13332	725	725	95	95	3547	3547	12364	12364	10	10	22	22	3147	3147	6530	6530	85	85	37	37	153	153	204	204	8101	8101	7969	7969	20271	20271	12801	12801	697	697	795	795	3082	3082	23257	23257	134	134	24	24	85	85	13	13	34	34	61	61	112	112	1698	1698	78	78	114	114	602	602	550	550	4797	4797	5395	5395	876	876	403	403	37	37	90	90	53	53	63	63	330	330	165	165	86	86	5	5	628	628	877	877	586	586	22	22	31	31	26	26	623	623	943	943	125	125	66	66	10580	10580	19736	19736	29097	29097	39259	39259	3	3	4	4
IND00083	371	371	1024	1024	1062	1062	1824	1824	14	14	36	36	483	483	2339	2339	2340	2340	2904	2904	3155	3155	1850	1850	5177	5177	6734	6734	2342	2342	865	865	233	233	217	217	9	9	1	1	3775	3775	2140	2140	126	126	51	51	5091	5091	498	498	526	526	2014	2014	78	78	75	75	1900	1900	486	486	624	624	519	519	31365	31365	11616	11616	108	108	243	243	6853	6853	15919	15919	61	61	322	322	15621	15621	4879	4879	29	29	1	1	213	213	2758	2758	21	21	13	13	34	34	68	68	234	234	3630	3630	16069	16069	18460	18460	626	626	821	821	24024	24024	29673	29673	188	188	238	238	27	27	63	63	11	11	16	16	1870	1870	165	165	111	111	21	21	284	284	776	776	6406	6406	1808	1808	358	358	1054	1054	70	70	53	53	6	6	6	6	414	414	346	346	179	179	212	212	618	618	471	471	1393	1393	82	82	18	18	5	5	2020	2020	1954	1954	62	62	26	26	30243	30243	16672	16672	191	191	25628	25628	3	3	3	3
IND00084	892	892	86	86	1739	1739	613	613	52	52	5	5	159	159	3639	3639	1361	1361	2792	2792	2609	2609	988	988	42	42	2743	2743	1876	1876	3662	3662	23	23	185	185	6	6	3	3	691	691	1792	1792	68	68	119	119	2461	2461	767	767	1249	1249	1933	1933	29	29	107	107	1493	1493	384	384	66	66	65	65	23026	23026	8253	8253	18	18	227	227	4364	4364	851	851	422	422	912	912	15165	15165	7361	7361	48	48	37	37	337	337	6158	6158	73	73	24	24	235	235	118	118	3581	3581	6230	6230	15896	15896	21727	21727	1075	1075	599	599	394	394	28546	28546	238	238	132	132	107	107	44	44	56	56	12	12	925	925	109	109	122	122	109	109	811	811	566	566	1004	1004	6157	6157	1725	1725	1364	1364	74	74	103	103	45	45	5	5	195	195	199	199	173	173	143	143	393	393	112	112	12	12	610	610	29	29	13	13	1008	1008	1604	1604	38	38	65	65	7534	7534	31796	31796	23049	23049	32416	32416	4	4	2	2
IND00085	704	704	849	849	96	96	484	484	38	38	42	42	289	289	2465	2465	3999	3999	3507	3507	307	307	485	485	1698	1698	4127	4127	1588	1588	3124	3124	9	9	129	129	6	6	11	11	1592	1592	1774	1774	128	128	78	78	3576	3576	6753	6753	134	134	1321	1321	116	116	107	107	1340	1340	142	142	858	858	308	308	26144	26144	14233	14233	74	74	224	224	10859	10859	7425	7425	303	303	185	185	379	379	7743	7743	28	28	38	38	828	828	5225	5225	123	123	64	64	162	162	69	69	3874	3874	4283	4283	9886	9886	17711	17711	333	333	101	101	29151	29151	32480	32480	191	191	63	63	117	117	83	83	22	22	39	39	661	661	59	59	91	91	117	117	913	913	967	967	7915	7915	5853	5853	1279	1279	458	458	44	44	118	118	8	8	61	61	79	79	2	2	171	171	6	6	807	807	525	525	205	205	1186	1186	31	31	29	29	1750	1750	1074	1074	116	116	125	125	27879	27879	21328	21328	42838	42838	23497	23497	4	4	2	2
IND00086	131	131	634	634	990	990	1360	1360	19	19	5	5	1465	1465	4033	4033	3015	3015	370	370	2487	2487	1195	1195	8127	8127	6084	6084	4080	4080	1504	1504	176	176	122	122	7	7	2	2	1872	1872	592	592	15	15	53	53	3700	3700	2113	2113	1637	1637	339	339	64	64	60	60	824	824	1474	1474	362	362	662	662	5893	5893	22751	22751	92	92	220	220	15383	15383	14061	14061	993	993	606	606	6468	6468	3711	3711	3	3	7	7	591	591	6142	6142	9	9	73	73	69	69	65	65	3097	3097	1337	1337	30136	30136	6136	6136	1277	1277	1037	1037	19848	19848	13374	13374	61	61	51	51	116	116	8	8	16	16	39	39	1317	1317	148	148	19	19	9	9	610	610	571	571	831	831	2788	2788	1822	1822	1846	1846	62	62	105	105	26	26	2	2	292	292	257	257	168	168	83	83	746	746	873	873	1027	1027	1421	1421	13	13	30	30	30	30	973	973	53	53	49	49	24015	24015	11456	11456	1877	1877	13909	13909	4	4	3	3
IND00087	396	396	991	991	1638	1638	898	898	40	40	4	4	2545	2545	740	740	1518	1518	701	701	3782	3782	1967	1967	8160	8160	7426	7426	176	176	1193	1193	13	13	236	236	11	11	15	15	3693	3693	3622	3622	110	110	54	54	3174	3174	6148	6148	1173	1173	73	73	60	60	19	19	20	20	811	811	890	890	368	368	9839	9839	14351	14351	19	19	168	168	4884	4884	12344	12344	277	277	59	59	449	449	4208	4208	59	59	63	63	5769	5769	4653	4653	70	70	43	43	26	26	176	176	6779	6779	1441	1441	23247	23247	11443	11443	76	76	808	808	13203	13203	25779	25779	51	51	96	96	24	24	55	55	4	4	55	55	1821	1821	948	948	10	10	34	34	268	268	177	177	7834	7834	1913	1913	1842	1842	390	390	90	90	54	54	26	26	44	44	37	37	317	317	37	37	98	98	680	680	213	213	1987	1987	1873	1873	30	30	4	4	2025	2025	1635	1635	109	109	103	103	20212	20212	10489	10489	33561	33561	61762	61762	2	2	4	4
IND00088	248	248	580	580	94	94	7	7	43	43	26	26	1535	1535	2905	2905	3414	3414	1673	1673	3163	3163	3711	3711	413	413	2533	2533	3291	3291	1229	1229	91	91	74	74	2	2	5	5	34	34	1530	1530	106	106	51	51	2034	2034	3031	3031	751	751	1041	1041	128	128	35	35	162	162	1787	1787	154	154	341	341	20034	20034	3925	3925	38	38	47	47	3535	3535	13166	13166	819	819	806	806	1227	1227	14507	14507	24	24	36	36	4488	4488	5172	5172	86	86	128	128	125	125	178	178	656	656	2425	2425	17625	17625	31093	31093	1969	1969	17	17	5354	5354	23120	23120	216	216	91	91	111	111	110	110	12	12	8	8	1537	1537	1550	1550	80	80	86	86	129	129	473	473	967	967	5393	5393	1021	1021	899	899	123	123	36	36	51	51	46	46	61	61	95	95	42	42	225	225	1017	1017	696	696	127	127	787	787	15	15	31	31	587	587	1475	1475	73	73	73	73	24010	24010	30602	30602	41581	41581	35250	35250	3	3	3	3
IND00089	511	511	36	36	1629	1629	1200	1200	46	46	26	26	2849	2849	1816	1816	1374	1374	265	265	2061	2061	3561	3561	7968	7968	6985	6985	1679	1679	1057	1057	155	155	113	113	8	8	11	11	707	707	2530	2530	90	90	111	111	5017	5017	8173	8173	57	57	120	120	127	127	68	68	680	680	1367	1367	294	294	907	907	20476	20476	8734	8734	230	230	237	237	16093	16093	10186	10186	1001	1001	965	965	6293	6293	9663	9663	24	24	17	17	1428	1428	407	407	2	2	53	53	226	226	235	235	5994	5994	995	995	1585	1585	5149	5149	746	746	1621	1621	12602	12602	22164	22164	37	37	151	151	125	125	126	126	25	25	22	22	754	754	1319	1319	36	36	64	64	531	531	115	115	1140	1140	7375	7375	574	574	928	928	71	71	96	96	51	51	53	53	348	348	301	301	20	20	109	109	834	834	760	760	2	2	1947	1947	18	18	18	18	450	450	466	466	100	100	94	94	6752	6752	30614	30614	60116	60116	26621	26621	3	3	3	3
IND00090	604	604	613	613	1547	1547	614	614	63	63	32	32	1297	1297	3510	3510	3250	3250	842	842	3347	3347	289	289	956	956	3665	3665	650	650	2333	2333	3	3	17	17	3	3	15	15	2196	2196	1220	1220	15	15	126	126	4082	4082	332	332	1438	1438	955	955	58	58	68	68	442	442	15	15	484	484	141	141	28761	28761	25000	25000	220	220	83	83	12464	12464	9425	9425	58	58	479	479	14595	14595	15096	15096	28	28	13	13	6075	6075	3579	3579	110	110	68	68	207	207	249	249	784	784	5794	5794	15794	15794	10402	10402	1705	1705	1287	1287	24106	24106	26720	26720	41	41	133	133	84	84	111	111	30	30	52	52	357	357	989	989	112	112	54	54	890	890	534	534	7054	7054	3546	3546	1058	1058	815	815	2	2	79	79	9	9	36	36	416	416	19	19	113	113	138	138	638	638	928	928	566	566	842	842	5	5	16	16	1248	1248	1306	1306	18	18	70	70	20843	20843	26542	26542	23549	23549	24348	24348	3	3	3	3
IND00091	524	524	298	298	234	234	1116	1116	37	37	56	56	1215	1215	1737	1737	2683	2683	678	678	1178	1178	465	465	2170	2170	7272	7272	568	568	1524	1524	139	139	147	147	1	1	10	10	1281	1281	3586	3586	108	108	101	101	2851	2851	6419	6419	1527	1527	116	116	7	7	59	59	1719	1719	1275	1275	108	108	925	925	31252	31252	20209	20209	70	70	227	227	3784	3784	7073	7073	860	860	425	425	11262	11262	16182	16182	14	14	47	47	965	965	4290	4290	77	77	66	66	49	49	111	111	3103	3103	7407	7407	30054	30054	2182	2182	1180	1180	99	99	28943	28943	17875	17875	114	114	63	63	67	67	88	88	63	63	45	45	48	48	243	243	14	14	2	2	743	743	467	467	615	615	3398	3398	536	536	563	563	74	74	56	56	12	12	42	42	428	428	466	466	90	90	248	248	155	155	770	770	1610	1610	373	373	18	18	7	7	125	125	1096	1096	117	117	67	67	5508	5508	10580	10580	43314	43314	29008	29008	2	2	4	4
IND00092	889	889	239	239	1061	1061	1753	1753	7	7	42	42	3705	3705	2385	2385	1841	1841	3050	3050	885	885	2732	2732	6148	6148	71	71	20	20	2291	2291	37	37	150	150	11	11	2	2	2925	2925	1206	1206	103	103	38	38	3114	3114	7953	7953	1049	1049	1155	1155	117	117	122	122	433	433	1908	1908	372	372	214	214	14924	14924	22638	22638	245	245	200	200	733	733	9768	9768	497	497	366	366	14187	14187	690	690	53	53	59	59	3658	3658	3985	3985	18	18	24	24	234	234	12	12	2722	2722	3466	3466	24357	24357	32594	32594	1389	1389	2014	2014	14153	14153	12823	12823	169	169	200	200	114	114	62	62	50	50	39	39	1421	1421	2035	2035	5	5	127	127	60	60	453	453	6937	6937	5168	5168	956	956	1251	1251	23	23	58	58	19	19	3	3	385	385	132	132	186	186	79	79	235	235	531	531	191	191	1816	1816	19	19	29	29	932	932	856	856	60	60	42	42	5718	5718	11255	11255	4519	4519	40367	40367	4	4	3	3
IND00093	990	990	612	612	844	844	1458	1458	39	39	47	47	1202	1202	2349	2349	3894	3894	353	353	138	138	3062	3062	7937	7937	6787	6787	116	116	2705	2705	182	182	45	45	5	5	15	15	2595	2595	1666	1666	120	120	35	35	7685	7685	3747	3747	621	621	1791	1791	83	83	51	51	976	976	556	556	466	466	87	87	30061	30061	25280	25280	15	15	160	160	845	845	6555	6555	172	172	185	185	15775	15775	10818	10818	29	29	12	12	7260	7260	4612	4612	32	32	75	75	236	236	163	163	3224	3224	3715	3715	17123	17123	30413	30413	980	980	989	989	1322	1322	26961	26961	252	252	234	234	75	75	7	7	25	25	31	31	309	309	460	460	110	110	40	40	21	21	520	520	1393	1393	840	840	1205	1205	716	716	47	47	30	30	8	8	24	24	89	89	293	293	147	147	20	20	320	320	863	863	266	266	856	856	14	14	21	21	758	758	257	257	18	18	26	26	6675	6675	9477	9477	27016	27016	20683	20683	3	3	2	2
IND00094	318	318	311	311	3	3	707	707	32	32	38	38	1204	1204	1804	1804	3291	3291	421	421	2142	2142	228	228	7794	7794	4892	4892	2575	2575	622	622	171	171	181	181	2	2	7	7	2637	2637	980	980	76	76	106	106	6208	6208	1078	1078	256	256	98	98	28	28	40	40	1830	1830	826	826	805	805	728	728	14356	14356	17559	17559	60	60	83	83	15298	15298	15804	15804	561	561	779	779	13435	13435	8468	8468	11	11	36	36	7659	7659	3648	3648	25	25	74	74	106	106	211	211	2660	2660	1627	1627	27119	27119	9731	9731	1698	1698	361	361	21460	21460	3227	3227	81	81	173	173	16	16	63	63	60	60	48	48	37	37	1907	1907	125	125	10	10	352	352	941	941	3168	3168	3132	3132	514	514	5	5	92	92	38	38	45	45	28	28	121	121	213	213	91	91	115	115	734	734	779	779	97	97	879	879	23	23	20	20	1585	1585	202	202	16	16	85	85	12752	12752	11803	11803	27803	27803	55398	55398	1	1	4	4
IND00095	412	412	769	769	507	507	1405	1405	33	33	37	37	1211	1211	1623	1623	950	950	2392	2392	3584	3584	2349	2349	2101	2101	7553	7553	1462	1462	3704	3704	41	41	236	236	4	4	1	1	3204	3204	3618	3618	59	59	100	100	272	272	2136	2136	1113	1113	96	96	19	19	22	22	121	121	137	137	867	867	919	919	16632	16632	21240	21240	135	135	167	167	13848	13848	11108	11108	344	344	652	652	2063	2063	10854	10854	47	47	31	31	4360	4360	6215	6215	23	23	65	65	224	224	65	65	2152	2152	6979	6979	11444	11444	20150	20150	868	868	931	931	32021	32021	10222	10222	145	145	4	4	72	72	7	7	7	7	46	46	1261	1261	451	451	54	54	123	123	881	881	330	330	4960	4960	2324	2324	1719	1719	1656	1656	25	25	55	55	56	56	28	28	464	464	224	224	11	11	33	33	862	862	1000	1000	1433	1433	1524	1524	8	8	23	23	102	102	1863	1863	76	76	40	40	2301	2301	8664	8664	16787	16787	45943	45943	3	3	2	2
IND00096	12	12	753	753	120	120	1608	1608	11	11	7	7	810	810	1058	1058	1542	1542	2874	2874	2346	2346	3821	3821	8144	8144	571	571	2262	2262	1089	1089	186	186	49	49	3	3	3	3	3646	3646	3968	3968	17	17	55	55	2591	2591	2342	2342	389	389	40	40	39	39	81	81	1626	1626	221	221	151	151	18	18	12093	12093	28787	28787	248	248	120	120	5639	5639	15593	15593	455	455	292	292	3987	3987	2579	2579	43	43	37	37	2787	2787	1805	1805	69	69	12	12	64	64	9	9	3264	3264	5684	5684	13889	13889	15030	15030	218	218	2032	2032	7564	7564	6466	6466	112	112	176	176	21	21	110	110	32	32	34	34	742	742	1090	1090	12	12	104	104	721	721	513	513	6604	6604	1259	1259	1554	1554	1039	1039	89	89	125	125	52	52	37	37	70	70	282	282	128	128	156	156	202	202	507	507	115	115	478	478	4	4	10	10	1249	1249	485	485	113	113	90	90	7616	7616	4576	4576	4906	4906	11566	11566	4	4	3	3
IND00097	873	873	563	563	180	180	1365	1365	4	4	18	18	1686	1686	1452	1452	128	128	258	258	92	92	1508	1508	7737	7737	940	940	2794	2794	2261	2261	63	63	40	40	5	5	14	14	802	802	3199	3199	4	4	47	47	7655	7655	3973	3973	527	527	1353	1353	50	50	27	27	1102	1102	565	565	42	42	697	697	18020	18020	7058	7058	232	232	85	85	5164	5164	1423	1423	98	98	581	581	9790	9790	13150	13150	40	40	47	47	2063	2063	5664	5664	73	73	101	101	189	189	226	226	6310	6310	4878	4878	10842	10842	5680	5680	692	692	539	539	302	302	416	416	233	233	204	204	39	39	49	49	27	27	47	47	1793	1793	1873	1873	50	50	115	115	697	697	210	210	571	571	7633	7633	810	810	1239	1239	95	95	26	26	3	3	20	20	408	408	49	49	204	204	61	61	627	627	60	60	1815	1815	244	244	22	22	13	13	1156	1156	1717	1717	95	95	124	124	14353	14353	26904	26904	18973	18973	64206	64206	1	1	1	1
IND00098	542	542	429	429	1882	1882	1028	1028	34	34	44	44	877	877	585	585	814	814	790	790	2398	2398	1004	1004	2396	2396	5813	5813	1603	1603	2004	2004	111	111	86	86	11	11	9	9	1667	1667	1250	1250	27	27	76	76	7056	7056	6810	6810	1034	1034	1984	1984	71	71	59	59	311	311	1475	1475	207	207	406	406	823	823	4732	4732	139	139	160	160	10838	10838	14950	14950	746	746	949	949	5772	5772	11323	11323	16	16	27	27	2974	2974	8108	8108	54	54	121	121	54	54	109	109	2302	2302	1502	1502	5471	5471	8474	8474	1252	1252	1479	1479	4611	4611	4482	4482	58	58	248	248	128	128	29	29	16	16	48	48	2040	2040	487	487	24	24	103	103	1006	1006	777	777	7057	7057	6102	6102	225	225	899	899	32	32	24	24	24	24	6	6	363	363	331	331	38	38	44	44	515	515	94	94	564	564	1788	1788	12	12	26	26	663	663	843	843	85	85	44	44	21046	21046	10782	10782	20124	20124	24842	24842	4	4	3	3
IND00099	760	760	69	69	315	315	1588	1588	40	40	41	41	1855	1855	3320	3320	2370	2370	1292	1292	2406	2406	2940	2940	252	252	2117	2117	1176	1176	1203	1203	48	48	145	145	1	1	14	14	1384	1384	2398	2398	110	110	100	100	6262	6262	3440	3440	1636	1636	217	217	58	58	1	1	1822	1822	674	674	916	916	737	737	13948	13948	29691	29691	222	222	246	246	16151	16151	16299	16299	692	692	571	571	12878	12878	15117	15117	28	28	39	39	4711	4711	2939	2939	108	108	82	82	194	194	57	57	2262	2262	3612	3612	8190	8190	15120	15120	1294	1294	421	421	10012	10012	18574	18574	118	118	214	214	76	76	31	31	15	15	2	2	1449	1449	1105	1105	87	87	89	89	265	265	733	733	6355	6355	3584	3584	599	599	93	93	116	116	24	24	60	60	25	25	104	104	406	406	124	124	205	205	756	756	83	83	1037	1037	1275	1275	13	13	17	17	357	357	506	506	76	76	57	57	29157	29157	18220	18220	61389	61389	39524	39524	1	1	2	2
IND00100	763	763	666	666	1582	1582	1727	1727	53	53	64	64	3115	3115	3537	3537	2719	2719	2733	2733	344	344	3502	3502	4773	4773	709	709	1230	1230	700	700	170	170	226	226	12	12	10	10	280	280	1110	1110	118	118	77	77	4805	4805	69	69	1809	1809	829	829	104	104	84	84	1685	1685	406	406	392	392	628	628	8647	8647	1823	1823	32	32	84	84	15059	15059	5092	5092	995	995	156	156	12507	12507	11509	11509	1	1	64	64	3614	3614	5777	5777	128	128	77	77	228	228	85	85	6511	6511	3388	3388	12663	12663	12995	12995	1828	1828	1063	1063	15978	15978	26298	26298	139	139	145	145	109	109	26	26	2	2	4	4	1225	1225	1633	1633	128	128	109	109	540	540	119	119	4190	4190	4792	4792	1302	1302	1655	1655	117	117	54	54	10	10	40	40	208	208	204	204	214	214	43	43	741	741	586	586	1510	1510	251	251	13	13	7	7	26	26	24	24	128	128	117	117	11359	11359	3415	3415	41303	41303	13200	13200	4	4	1	1
IND00101	335	335	855	855	1076	1076	788	788	64	64	18	18	2196	2196	610	610	490	490	1699	1699	2180	2180	2804	2804	3735	3735	6457	6457	3591	3591	1737	1737	231	231	233	233	1	1	12	12	1405	1405	2034	2034	99	99	111	111	7923	7923	8143	8143	707	707	523	523	61	61	77	77	1709	1709	824	824	942	942	382	382	13788	13788	2521	2521	235	235	21	21	5361	5361	3360	3360	229	229	418	418	8919	8919	10581	10581	58	58	40	40	4369	4369	125	125	22	22	47	47	230	230	201	201	1334	1334	4276	4276	989	989	20216	20216	900	900	600	600	21847	21847	10353	10353	122	122	90	90	1	1	45	45	10	10	45	45	1827	1827	872	872	88	88	82	82	494	494	31	31	1561	1561	2306	2306	1813	1813	1442	1442	61	61	67	67	22	22	27	27	295	295	482	482	172	172	12	12	848	848	324	324	891	891	684	684	15	15	32	32	1996	1996	1665	1665	128	128	52	52	1225	1225	31145	31145	23076	23076	19109	19109	4	4	3	3
IND00102	253	253	711	711	1357	1357	1284	1284	7	7	41	41	228	228	2226	2226	2214	2214	3025	3025	1268	1268	3479	3479	2963	2963	3060	3060	2275	2275	3740	3740	107	107	78	78	1	1	16	16	3739	3739	1091	1091	8	8	46	46	5971	5971	648	648	1725	1725	609	609	70	70	48	48	440	440	892	892	402	402	905	905	15007	15007	18615	18615	198	198	233	233	1755	1755	15642	15642	3	3	650	650	15749	15749	3404	3404	64	64	8	8	6633	6633	3854	3854	61	61	16	16	156	156	101	101	7512	7512	3651	3651	13386	13386	8697	8697	663	663	1108	1108	22273	22273	14875	14875	38	38	93	93	3	3	116	116	60	60	4	4	1107	1107	198	198	78	78	106	106	421	421	310	310	7859	7859	5592	5592	1404	1404	1347	1347	89	89	92	92	15	15	28	28	475	475	247	247	97	97	162	162	444	444	892	892	415	415	1121	1121	31	31	26	26	462	462	294	294	25	25	118	118	21987	21987	21409	21409	55969	55969	7807	7807	1	1	1	1
IND00103	701	701	265	265	1603	1603	1376	1376	49	49	22	22	2787	2787	1426	1426	1485	1485	296	296	366	366	2038	2038	6336	6336	6807	6807	2656	2656	3288	3288	148	148	52	52	16	16	3	3	510	510	277	277	72	72	70	70	3658	3658	903	903	365	365	1109	1109	83	83	24	24	1038	1038	1910	1910	351	351	605	605	12993	12993	7596	7596	139	139	94	94	7658	7658	9625	9625	998	998	60	60	13058	13058	7636	7636	23	23	33	33	7984	7984	4574	4574	68	68	40	40	67	67	94	94	3661	3661	5797	5797	24264	24264	31800	31800	797	797	151	151	7040	7040	18626	18626	251	251	76	76	38	38	15	15	6	6	13	13	49	49	1251	1251	8	8	58	58	939	939	767	767	7765	7765	5775	5775	1985	1985	1411	1411	31	31	78	78	58	58	39	39	125	125	285	285	250	250	249	249	756	756	115	115	1799	1799	1353	1353	14	14	20	20	1567	1567	1515	1515	34	34	109	109	4948	4948	10399	10399	59065	59065	55983	55983	1	1	2	2
IND00104	969	969	11	11	77	77	1457	1457	6	6	11	11	2052	2052	1830	1830	3269	3269	3114	3114	3030	3030	692	692	6038	6038	4583	4583	2298	2298	3451	3451	28	28	9	9	4	4	9	9	2862	2862	1159	1159	4	4	10	10	2045	2045	4963	4963	37	37	562	562	95	95	31	31	317	317	2043	2043	605	605	653	653	32271	32271	1054	1054	228	228	59	59	2352	2352	11821	11821	533	533	118	118	14208	14208	13723	13723	21	21	14	14	1375	1375	2263	2263	35	35	119	119	30	30	108	108	7493	7493	3508	3508	5050	5050	3552	3552	1414	1414	1887	1887	15289	15289	27255	27255	180	180	2	2	39	39	62	62	19	19	14	14	1779	1779	1609	1609	66	66	40	40	495	495	237	237	5555	5555	7043	7043	1053	1053	851	851	47	47	62	62	63	63	27	27	477	477	94	94	197	197	97	97	283	283	856	856	1292	1292	1469	1469	22	22	1	1	133	133	742	742	114	114	115	115	22245	22245	28744	28744	16082	16082	44487	44487	4	4	2	2
IND00105	403	403	144	144	966	966	446	446	58	58	36	36	3143	3143	187	187	249	249	500	500	661	661	459	459	830	830	1253	1253	1381	1381	3227	3227	165	165	46	46	14	14	2	2	1189	1189	1900	1900	5	5	37	37	3772	3772	40	40	560	560	1123	1123	39	39	24	24	1740	1740	245	245	738	738	565	565	23004	23004	32695	32695	167	167	144	144	9150	9150	7670	7670	101	101	29	29	10485	10485	1010	1010	21	21	43	43	330	330	882	882	72	72	42	42	191	191	90	90	4955	4955	7271	7271	2701	2701	16557	16557	1244	1244	1833	1833	27564	27564	9296	9296	104	104	159	159	27	27	84	84	34	34	22	22	1018	1018	1453	1453	44	44	75	75	94	94	56	56	7271	7271	3842	3842	1818	1818	1314	1314	4	4	27	27	58	58	29	29	336	336	422	422	107	107	156	156	229	229	245	245	107	107	906	906	28	28	18	18	793	793	1509	1509	39	39	49	49	10865	10865	29769	29769	8376	8376	9575	9575	1	1	4	4
IND00106	234	234	254	254	1076	1076	278	278	3	3	9	9	3996	3996	820	820	1408	1408	3715	3715	192	192	4015	4015	6682	6682	6116	6116	1484	1484	181	181	66	66	85	85	7	7	3	3	3707	3707	3046	3046	29	29	89	89	3953	3953	6634	6634	307	307	1990	1990	78	78	113	113	1110	1110	1934	1934	612	612	530	530	21166	21166	23062	23062	77	77	199	199	13272	13272	2022	2022	587	587	82	82	8419	8419	4974	4974	35	35	7	7	3328	3328	3099	3099	104	104	23	23	252	252	249	249	7727	7727	7636	7636	20388	20388	4162	4162	166	166	990	990	21285	21285	5450	5450	47	47	120	120	23	23	49	49	41	41	39	39	230	230	45	45	21	21	63	63	729	729	553	553	5722	5722	3448	3448	1624	1624	493	493	59	59	67	67	27	27	52	52	219	219	168	168	8	8	99	99	420	420	805	805	1293	1293	1903	1903	7	7	2	2	953	953	792	792	111	111	68	68	26513	26513	83	83	20505	20505	58017	58017	2	2	1	1
IND00107	38	38	796	796	570	570	1966	1966	29	29	43	43	4062	4062	878	878	2863	2863	1615	1615	2021	2021	2607	2607	7228	7228	7206	7206	136	136	3137	3137	251	251	237	237	4	4	16	16	3024	3024	1642	1642	20	20	95	95	6025	6025	4405	4405	651	651	142	142	67	67	28	28	300	300	126	126	749	749	743	743	3936	3936	4904	4904	82	82	255	255	1095	1095	5454	5454	1008	1008	411	411	663	663	6799	6799	15	15	19	19	5107	5107	6936	6936	90	90	43	43	102	102	256	256	4664	4664	2128	2128	7969	7969	32632	32632	1921	1921	177	177	6795	6795	4652	4652	2	2	218	218	115	115	12	12	18	18	18	18	236	236	218	218	14	14	113	113	385	385	215	215	6538	6538	1658	1658	64	64	343	343	126	126	112	112	19	19	3	3	25	25	338	338	151	151	211	211	827	827	627	627	113	113	531	531	5	5	5	5	1842	1842	242	242	81	81	86	86	8628	8628	14355	14355	37405	37405	9776	9776	2	2	1	1
IND00108	229	229	105	105	1902	1902	1042	1042	22	22	3	3	106	106	617	617	3943	3943	678	678	662	662	3582	3582	105	105	5788	5788	2032	2032	446	446	170	170	54	54	7	7	2	2	6	6	3066	3066	55	55	118	118	4088	4088	5222	5222	929	929	1994	1994	29	29	17	17	1356	1356	141	141	935	935	521	521	30063	30063	14226	14226	80	80	208	208	6254	6254	15250	15250	53	53	413	413	5430	5430	14198	14198	14	14	49	49	6783	6783	2241	2241	111	111	61	61	77	77	248	248	3329	3329	4215	4215	28217	28217	2405	2405	983	983	694	694	20200	20200	32762	32762	49	49	223	223	96	96	115	115	9	9	26	26	297	297	529	529	27	27	5	5	576	576	590	590	6831	6831	2730	2730	1332	1332	1016	1016	126	126	93	93	15	15	14	14	105	105	228	228	2	2	195	195	645	645	981	981	590	590	766	766	22	22	24	24	2019	2019	3	3	87	87	64	64	16878	16878	32459	32459	58541	58541	19991	19991	3	3	1	1
IND00109	571	571	95	95	1050	1050	1640	1640	40	40	37	37	3548	3548	1822	1822	4090	4090	1191	1191	1886	1886	3717	3717	184	184	5441	5441	155	155	3075	3075	171	171	7	7	3	3	12	12	641	641	520	520	120	120	112	112	7485	7485	3925	3925	1611	1611	1403	1403	46	46	63	63	608	608	927	927	802	802	637	637	12439	12439	15593	15593	60	60	16	16	14486	14486	15985	15985	380	380	413	413	11737	11737	14539	14539	44	44	27	27	111	111	582	582	83	83	52	52	28	28	204	204	1265	1265	4258	4258	17492	17492	11703	11703	1741	1741	1764	1764	14049	14049	1933	1933	94	94	158	158	109	109	68	68	18	18	56	56	608	608	1078	1078	11	11	87	87	136	136	840	840	8123	8123	1667	1667	822	822	209	209	105	105	60	60	41	41	17	17	510	510	21	21	201	201	91	91	981	981	206	206	664	664	324	324	29	29	20	20	983	983	859	859	77	77	34	34	25019	25019	21055	21055	43295	43295	20927	20927	1	1	1	1
IND00110	601	601	329	329	471	471	598	598	37	37	19	19	2488	2488	1478	1478	1008	1008	1372	1372	2903	2903	309	309	3128	3128	3463	3463	1088	1088	771	771	14	14	249	249	9	9	15	15	426	426	669	669	124	124	57	57	285	285	5749	5749	1397	1397	188	188	42	42	61	61	1432	1432	1025	1025	660	660	129	129	1546	1546	15989	15989	127	127	202	202	4056	4056	1947	1947	681	681	126	126	8613	8613	9169	9169	40	40	61	61	4158	4158	4320	4320	32	32	125	125	211	211	51	51	5521	5521	4295	4295	4151	4151	32347	32347	1581	1581	1747	1747	14126	14126	3574	3574	116	116	7	7	44	44	120	120	30	30	31	31	268	268	1673	1673	27	27	59	59	945	945	327	327	2733	2733	4984	4984	1826	1826	25	25	71	71	40	40	62	62	5	5	370	370	180	180	63	63	186	186	286	286	432	432	1897	1897	145	145	11	11	10	10	1940	1940	1832	1832	86	86	79	79	24891	24891	30169	30169	20589	20589	20322	20322	2	2	1	1
IND00111	83	83	290	290	1285	1285	1100	1100	40	40	37	37	1255	1255	786	786	1705	1705	1007	1007	3319	3319	1145	1145	5625	5625	369	369	4047	4047	500	500	21	21	217	217	8	8	6	6	50	50	1225	1225	92	92	82	82	5802	5802	5319	5319	964	964	899	899	74	74	77	77	502	502	1421	1421	849	849	642	642	4190	4190	31855	31855	123	123	70	70	13570	13570	4016	4016	541	541	737	737	15040	15040	2235	2235	18	18	22	22	1129	1129	1563	1563	92	92	48	48	226	226	145	145	7732	7732	5569	5569	27592	27592	4105	4105	954	954	1816	1816	3611	3611	8516	8516	178	178	112	112	8	8	84	84	28	28	54	54	489	489	1688	1688	78	78	14	14	68	68	348	348	3531	3531	3050	3050	1128	1128	475	475	35	35	98	98	48	48	46	46	445	445	500	500	201	201	28	28	399	399	422	422	1024	1024	1607	1607	32	32	32	32	1709	1709	352	352	50	50	76	76	25440	25440	13617	13617	12962	12962	12904	12904	3	3	4	4
IND00112	403	403	526	526	577	577	31	31	34	34	34	34	2388	2388	381	381	655	655	3422	3422	2977	2977	2084	2084	8032	8032	796	796	2503	2503	955	955	122	122	126	126	9	9	2	2	1130	1130	2476	2476	28	28	22	22	8157	8157	3191	3191	318	318	481	481	110	110	62	62	1208	1208	343	343	298	298	427	427	19197	19197	23463	23463	255	255	83	83	7227	7227	7506	7506	478	478	199	199	9551	9551	838	838	31	31	5	5	3850	3850	7778	7778	116	116	59	59	255	255	235	235	3854	3854	3680	3680	26276	26276	21610	21610	1745	1745	1454	1454	23019	23019	9092	9092	113	113	129	129	80	80	123	123	10	10	34	34	460	460	714	714	112	112	74	74	747	747	825	825	4557	4557	6135	6135	1946	1946	2010	2010	3	3	93	93	12	12	14	14	242	242	274	274	166	166	253	253	613	613	693	693	434	434	1399	1399	8	8	24	24	640	640	1791	1791	77	77	92	92	27868	27868	7580	7580	2384	2384	21185	21185	1	1	2	2
IND00113	193	193	275	275	770	770	1162	1162	14	14	23	23	1156	1156	3202	3202	2745	2745	221	221	1162	1162	3930	3930	1523	1523	6634	6634	2925	2925	1545	1545	104	104	6	6	9	9	6	6	1044	1044	24	24	94	94	98	98	3157	3157	1212	1212	1475	1475	735	735	36	36	116	116	128	128	260	260	1023	1023	139	139	25359	25359	31808	31808	90	90	12	12	4841	4841	10433	10433	532	532	937	937	10969	10969	12966	12966	16	16	3	3	7942	7942	7290	7290	17	17	93	93	81	81	38	38	5149	5149	5756	5756	21693	21693	5572	5572	1712	1712	1189	1189	22486	22486	15224	15224	147	147	173	173	94	94	113	113	41	41	2	2	1368	1368	624	624	65	65	41	41	391	391	415	415	2316	2316	660	660	1667	1667	1674	1674	105	105	41	41	10	10	4	4	273	273	324	324	199	199	124	124	435	435	282	282	2033	2033	1535	1535	27	27	15	15	1980	1980	659	659	63	63	79	79	2195	2195	27416	27416	21735	21735	5753	5753	4	4	3	3
IND00114	19	19	395	395	953	953	1147	1147	2	2	45	45	99	99	2859	2859	3174	3174	4034	4034	3713	3713	405	405	6208	6208	4127	4127	1101	1101	3872	3872	199	199	224	224	12	12	13	13	3960	3960	2234	2234	37	37	36	36	8	8	5689	5689	203	203	966	966	34	34	27	27	1786	1786	94	94	244	244	1011	1011	20963	20963	5822	5822	71	71	52	52	10253	10253	16207	16207	175	175	685	685	15265	15265	6287	6287	64	64	3	3	2686	2686	6356	6356	26	26	113	113	37	37	16	16	5445	5445	1016	1016	17544	17544	12553	12553	1075	1075	1424	1424	24349	24349	2883	2883	46	46	48	48	73	73	28	28	13	13	15	15	1067	1067	1047	1047	56	56	42	42	244	244	86	86	5075	5075	3324	3324	1304	1304	1380	1380	119	119	48	48	24	24	5	5	455	455	511	511	36	36	39	39	7	7	48	48	403	403	787	787	29	29	29	29	307	307	1023	1023	43	43	44	44	12186	12186	8912	8912	58595	58595	58416	58416	2	2	4	4
IND00115	105	105	344	344	1139	1139	1285	1285	61	61	38	38	1161	1161	3192	3192	3777	3777	1686	1686	3111	3111	1105	1105	3409	3409	3222	3222	110	110	3143	3143	44	44	220	220	10	10	11	11	608	608	2739	2739	16	16	69	69	1570	1570	1864	1864	780	780	1848	1848	26	26	57	57	145	145	1390	1390	541	541	714	714	8626	8626	12856	12856	107	107	189	189	5837	5837	1228	1228	132	132	577	577	7202	7202	3351	3351	11	11	32	32	4942	4942	1274	1274	99	99	26	26	182	182	186	186	1576	1576	7681	7681	452	452	13872	13872	471	471	1627	1627	22558	22558	7225	7225	183	183	139	139	105	105	38	38	18	18	41	41	363	363	337	337	10	10	54	54	361	361	492	492	3079	3079	2076	2076	1326	1326	190	190	53	53	66	66	63	63	33	33	4	4	79	79	56	56	196	196	384	384	687	687	1267	1267	1298	1298	19	19	22	22	1393	1393	52	52	50	50	109	109	2576	2576	15333	15333	10872	10872	62241	62241	4	4	4	4
IND00116	615	615	465	465	812	812	682	682	34	34	15	15	1546	1546	791	791	1937	1937	3590	3590	3472	3472	2245	2245	314	314	859	859	3523	3523	1489	1489	185	185	191	191	12	12	8	8	2694	2694	2149	2149	19	19	57	57	663	663	3140	3140	1427	1427	1198	1198	118	118	67	67	555	555	1160	1160	415	415	869	869	2499	2499	4587	4587	49	49	111	111	844	844	14108	14108	984	984	892	892	1693	1693	6796	6796	58	58	9	9	5422	5422	3747	3747	101	101	21	21	119	119	172	172	3057	3057	7636	7636	20264	20264	24522	24522	1160	1160	1509	1509	6925	6925	24829	24829	46	46	137	137	84	84	85	85	50	50	30	30	4	4	1845	1845	63	63	91	91	652	652	606	606	3361	3361	6525	6525	1132	1132	1522	1522	124	124	79	79	24	24	36	36	44	44	401	401	221	221	53	53	547	547	558	558	1135	1135	462	462	27	27	29	29	1217	1217	772	772	29	29	3	3	31569	31569	9906	9906	40937	40937	40578	40578	1	1	1	1
IND00117	808	808	674	674	712	712	984	984	48	48	17	17	2934	2934	633	633	3810	3810	2519	2519	2448	2448	2978	2978	5170	5170	1843	1843	1210	1210	2817	2817	8	8	135	135	12	12	9	9	1235	1235	3420	3420	25	25	26	26	2523	2523	5396	5396	364	364	144	144	83	83	75	75	1378	1378	222	222	1022	1022	871	871	24189	24189	10331	10331	13	13	55	55	15659	15659	1773	1773	177	177	377	377	1502	1502	10447	10447	64	64	22	22	5282	5282	3363	3363	32	32	49	49	109	109	3	3	587	587	7218	7218	16062	16062	26578	26578	567	567	1685	1685	15231	15231	25040	25040	131	131	128	128	103	103	47	47	60	60	1	1	579	579	930	930	65	65	58	58	908	908	209	209	2022	2022	1633	1633	1868	1868	472	472	81	81	127	127	18	18	24	24	457	457	82	82	211	211	64	64	815	815	325	325	1604	1604	1994	1994	24	24	29	29	1751	1751	122	122	59	59	76	76	17059	17059	13549	13549	34173	34173	49116	49116	2	2	2	2
IND00118	395	395	239	239	1169	1169	989	989	60	60	55	55	1314	1314	2878	2878	3645	3645	3935	3935	3004	3004	1420	1420	6539	6539	3324	3324	391	391	89	89	13	13	175	175	13	13	5	5	1196	1196	2622	2622	124	124	72	72	3452	3452	4287	4287	417	417	373	373	39	39	58	58	844	844	880	880	430	430	229	229	3808	3808	25409	25409	160	160	54	54	12596	12596	5466	5466	58	58	264	264	14489	14489	5342	5342	51	51	16	16	5584	5584	2475	2475	122	122	65	65	103	103	47	47	4779	4779	1326	1326	9636	9636	23606	23606	429	429	1375	1375	32361	32361	27306	27306	42	42	39	39	111	111	30	30	9	9	28	28	1670	1670	762	762	26	26	14	14	509	509	61	61	3060	3060	7753	7753	820	820	718	718	118	118	71	71	50	50	31	31	132	132	68	68	8	8	184	184	19	19	662	662	802	802	1059	1059	19	19	4	4	43	43	15	15	65	65	54	54	27756	27756	667	667	27730	27730	9393	9393	1	1	3	3
IND00119	994	994	551	551	265	265	23	23	42	42	33	33	3806	3806	2964	2964	1078	1078	731	731	2005	2005	1224	1224	5247	5247	396	396	1336	1336	1486	1486	65	65	224	224	7	7	7	7	3093	3093	2557	2557	113	113	125	125	6792	6792	3557	3557	124	124	1799	1799	42	42	62	62	107	107	1934	1934	478	478	286	286	8549	8549	15601	15601	253	253	128	128	4587	4587	5813	5813	948	948	1002	1002	15254	15254	14266	14266	8	8	50	50	4395	4395	7855	7855	107	107	43	43	175	175	167	167	7513	7513	7019	7019	31678	31678	19257	19257	1997	1997	1836	1836	5263	5263	20433	20433	76	76	179	179	106	106	127	127	11	11	60	60	1471	1471	352	352	40	40	99	99	855	855	905	905	6005	6005	2294	2294	804	804	231	231	67	67	62	62	22	22	62	62	18	18	132	132	145	145	215	215	175	175	106	106	380	380	1807	1807	17	17	15	15	989	989	392	392	55	55	6	6	23281	23281	8855	8855	40108	40108	18254	18254	3	3	1	1
IND00120	788	788	865	865	1119	1119	666	666	4	4	6	6	2814	2814	1754	1754	2746	2746	2744	2744	3259	3259	1441	1441	2169	2169	5231	5231	1133	1133	1782	1782	2	2	27	27	5	5	1	1	3362	3362	1934	1934	67	67	46	46	3364	3364	1660	1660	441	441	1864	1864	111	111	38	38	562	562	438	438	664	664	225	225	7107	7107	20163	20163	204	204	239	239	3064	3064	15770	15770	854	854	785	785	5292	5292	10599	10599	43	43	9	9	4995	4995	3723	3723	126	126	111	111	147	147	75	75	6292	6292	4803	4803	17845	17845	17577	17577	300	300	520	520	12133	12133	8455	8455	125	125	156	156	14	14	80	80	1	1	53	53	373	373	1676	1676	21	21	109	109	259	259	604	604	169	169	7196	7196	1071	1071	560	560	76	76	126	126	39	39	45	45	440	440	319	319	88	88	138	138	84	84	900	900	352	352	1956	1956	28	28	10	10	1711	1711	1540	1540	22	22	84	84	31892	31892	4738	4738	34633	34633	28600	28600	3	3	3	3
IND00121	917	917	657	657	1726	1726	1885	1885	57	57	52	52	1423	1423	645	645	3754	3754	1432	1432	537	537	1220	1220	4160	4160	5778	5778	1671	1671	574	574	83	83	8	8	9	9	5	5	1903	1903	3746	3746	21	21	83	83	4906	4906	5850	5850	200	200	1246	1246	126	126	122	122	287	287	333	333	427	427	300	300	2376	2376	27483	27483	65	65	153	153	2572	2572	7223	7223	963	963	112	112	16084	16084	4807	4807	49	49	59	59	831	831	7127	7127	77	77	95	95	239	239	126	126	5323	5323	1802	1802	12471	12471	23545	23545	1398	1398	1875	1875	4064	4064	17154	17154	96	96	195	195	59	59	31	31	54	54	32	32	1384	1384	53	53	67	67	4	4	215	215	48	48	1147	1147	4641	4641	1701	1701	1632	1632	128	128	48	48	53	53	25	25	221	221	262	262	92	92	254	254	794	794	702	702	1662	1662	361	361	16	16	22	22	116	116	1339	1339	71	71	97	97	5890	5890	29951	29951	10441	10441	48318	48318	4	4	4	4
IND00122	36	36	838	838	1778	1778	1925	1925	26	26	40	40	1311	1311	3214	3214	2149	2149	2766	2766	739	739	2191	2191	7682	7682	7470	7470	2175	2175	230	230	135	135	156	156	8	8	10	10	3374	3374	1881	1881	121	121	15	15	801	801	1947	1947	1901	1901	130	130	59	59	42	42	972	972	447	447	732	732	536	536	8347	8347	25049	25049	169	169	212	212	351	351	1925	1925	96	96	756	756	697	697	15824	15824	19	19	52	52	4209	4209	6827	6827	71	71	5	5	119	119	28	28	7288	7288	5684	5684	24900	24900	2801	2801	856	856	1061	1061	16879	16879	30738	30738	83	83	19	19	11	11	109	109	7	7	51	51	57	57	258	258	27	27	112	112	447	447	257	257	988	988	3172	3172	158	158	1414	1414	109	109	52	52	1	1	44	44	168	168	17	17	160	160	27	27	153	153	906	906	1247	1247	1866	1866	11	11	2	2	794	794	962	962	108	108	41	41	16573	16573	2778	2778	20429	20429	30182	30182	4	4	1	1
IND00123	311	311	160	160	1581	1581	924	924	21	21	47	47	1831	1831	2616	2616	3870	3870	3794	3794	2645	2645	3437	3437	5709	5709	798	798	1503	1503	2840	2840	99	99	35	35	16	16	9	9	3871	3871	1608	1608	26	26	121	121	1175	1175	2731	2731	1071	1071	195	195	19	19	25	25	1827	1827	767	767	419	419	311	311	23473	23473	1925	1925	92	92	29	29	610	610	1763	1763	11	11	443	443	156	156	2478	2478	4	4	27	27	5815	5815	1279	1279	85	85	96	96	169	169	192	192	7301	7301	5832	5832	7515	7515	5620	5620	839	839	813	813	24339	24339	24500	24500	22	22	217	217	13	13	117	117	62	62	17	17	429	429	1625	1625	85	85	108	108	1011	1011	152	152	4950	4950	8086	8086	991	991	1540	1540	124	124	57	57	4	4	11	11	486	486	207	207	5	5	146	146	1012	1012	757	757	89	89	1439	1439	12	12	27	27	695	695	112	112	77	77	109	109	18067	18067	1355	1355	37842	37842	57312	57312	1	1	1	1
IND00124	385	385	160	160	659	659	1363	1363	26	26	57	57	1450	1450	1088	1088	3031	3031	2750	2750	2049	2049	1109	1109	1117	1117	8081	8081	3963	3963	1084	1084	131	131	47	47	13	13	14	14	2618	2618	174	174	53	53	89	89	6696	6696	1466	1466	889	889	600	600	45	45	24	24	1110	1110	1662	1662	780	780	766	766	9702	9702	8856	8856	153	153	84	84	10820	10820	15869	15869	101	101	517	517	10736	10736	8696	8696	23	23	44	44	4372	4372	7784	7784	99	99	107	107	117	117	31	31	99	99	7991	7991	14913	14913	18855	18855	1077	1077	444	444	6526	6526	23135	23135	108	108	51	51	97	97	8	8	55	55	5	5	1272	1272	1916	1916	77	77	120	120	406	406	1016	1016	4281	4281	8124	8124	645	645	2046	2046	65	65	122	122	52	52	51	51	462	462	141	141	21	21	197	197	543	543	58	58	178	178	1406	1406	15	15	13	13	339	339	1009	1009	77	77	80	80	29543	29543	20505	20505	6595	6595	3916	3916	3	3	1	1
IND00125	348	348	15	15	33	33	1591	1591	38	38	43	43	1909	1909	23	23	198	198	1301	1301	3095	3095	910	910	2545	2545	1819	1819	1306	1306	2697	2697	118	118	128	128	6	6	7	7	3941	3941	557	557	87	87	99	99	7906	7906	1536	1536	720	720	1140	1140	74	74	42	42	251	251	1461	1461	462	462	394	394	773	773	30298	30298	90	90	128	128	11976	11976	10276	10276	920	920	78	78	3927	3927	12574	12574	21	21	35	35	6934	6934	1121	1121	111	111	105	105	137	137	203	203	6746	6746	869	869	22176	22176	2287	2287	806	806	930	930	13564	13564	14219	14219	202	202	238	238	4	4	98	98	23	23	50	50	1154	1154	1838	1838	57	57	81	81	139	139	883	883	3996	3996	8060	8060	647	647	1911	1911	71	71	82	82	56	56	32	32	316	316	89	89	71	71	42	42	819	819	122	122	207	207	1398	1398	15	15	9	9	110	110	2033	2033	29	29	37	37	28782	28782	15980	15980	58353	58353	30472	30472	3	3	1	1
IND00126	546	546	85	85	1282	1282	1355	1355	57	57	39	39	3250	3250	1825	1825	1444	1444	3839	3839	1576	1576	881	881	6461	6461	6446	6446	906	906	3205	3205	148	148	215	215	2	2	13	13	1635	1635	958	958	123	123	30	30	7839	7839	5839	5839	846	846	800	800	73	73	114	114	746	746	1801	1801	279	279	63	63	14207	14207	30445	30445	130	130	219	219	4927	4927	4616	4616	344	344	926	926	9232	9232	1153	1153	33	33	41	41	4069	4069	7400	7400	113	113	123	123	90	90	40	40	1157	1157	3417	3417	24217	24217	14580	14580	1890	1890	2010	2010	29556	29556	29329	29329	62	62	154	154	84	84	60	60	34	34	43	43	1686	1686	1181	1181	104	104	81	81	847	847	12	12	1710	1710	5288	5288	1300	1300	221	221	75	75	62	62	39	39	26	26	222	222	44	44	47	47	115	115	1016	1016	713	713	1215	1215	1706	1706	9	9	5	5	1279	1279	165	165	49	49	90	90	26862	26862	276	276	27165	27165	55901	55901	2	2	1	1
IND00127	106	106	57	57	5	5	587	587	36	36	20	20	1895	1895	2001	2001	2746	2746	3961	3961	2273	2273	1110	1110	2843	2843	5236	5236	3282	3282	2190	2190	116	116	255	255	2	2	9	9	2134	2134	3074	3074	75	75	111	111	419	419	8080	8080	1352	1352	875	875	102	102	120	120	16	16	1192	1192	316	316	295	295	23886	23886	15414	15414	33	33	93	93	14375	14375	9645	9645	237	237	874	874	2880	2880	695	695	53	53	48	48	6872	6872	2939	2939	121	121	73	73	166	166	17	17	5096	5096	2719	2719	29069	29069	25259	25259	541	541	510	510	32058	32058	11069	11069	239	239	137	137	20	20	43	43	63	63	23	23	1837	1837	1912	1912	81	81	108	108	328	328	163	163	2870	2870	7297	7297	275	275	77	77	65	65	104	104	8	8	54	54	257	257	416	416	212	212	130	130	762	762	389	389	1961	1961	507	507	4	4	30	30	444	444	1007	1007	70	70	53	53	31061	31061	10014	10014	32144	32144	32465	32465	4	4	3	3
IND00128	687	687	408	408	1379	1379	1941	1941	9	9	34	34	2882	2882	1219	1219	2864	2864	3580	3580	47	47	1235	1235	2616	2616	5439	5439	621	621	36	36	195	195	5	5	10	10	1	1	684	684	1446	1446	4	4	86	86	4488	4488	4329	4329	1148	1148	443	443	117	117	59	59	1749	1749	329	329	350	350	776	776	15943	15943	21188	21188	162	162	136	136	11473	11473	8416	8416	840	840	685	685	7863	7863	12891	12891	44	44	5	5	669	669	3380	3380	52	52	104	104	163	163	53	53	4084	4084	5649	5649	18637	18637	28136	28136	665	665	1429	1429	25929	25929	4728	4728	225	225	107	107	108	108	21	21	2	2	21	21	1131	1131	950	950	43	43	118	118	997	997	811	811	8079	8079	2896	2896	1871	1871	966	966	7	7	103	103	22	22	22	22	26	26	5	5	69	69	140	140	152	152	1003	1003	1707	1707	399	399	18	18	19	19	29	29	1681	1681	84	84	20	20	26490	26490	4417	4417	23670	23670	19813	19813	4	4	1	1
IND00129	417	417	114	114	836	836	1591	1591	45	45	41	41	1691	1691	3775	3775	256	256	3449	3449	3800	3800	1701	1701	2613	2613	5499	5499	2595	2595	1832	1832	187	187	144	144	5	5	4	4	309	309	1807	1807	121	121	20	20	3669	3669	7747	7747	359	359	783	783	5	5	54	54	1205	1205	1011	1011	193	193	967	967	26809	26809	28249	28249	252	252	60	60	6253	6253	7277	7277	938	938	449	449	4794	4794	2409	2409	22	22	42	42	384	384	237	237	92	92	5	5	54	54	11	11	5753	5753	5989	5989	32028	32028	29719	29719	1962	1962	928	928	26015	26015	26977	26977	41	41	145	145	26	26	87	87	41	41	19	19	1207	1207	1286	1286	69	69	93	93	505	505	1015	1015	2274	2274	2328	2328	1758	1758	1186	1186	84	84	11	11	19	19	28	28	12	12	44	44	114	114	206	206	262	262	106	106	1392	1392	1992	1992	30	30	4	4	1443	1443	1775	1775	69	69	34	34	29102	29102	9771	9771	50430	50430	21761	21761	3	3	2	2
IND00130	623	623	335	335	1160	1160	786	786	60	60	47	47	2172	2172	374	374	2725	2725	2037	2037	1781	1781	2392	2392	3901	3901	339	339	3103	3103	504	504	78	78	80	80	5	5	8	8	1440	1440	472	472	44	44	65	65	3303	3303	4299	4299	635	635	1361	1361	26	26	16	16	876	876	405	405	492	492	24	24	30149	30149	12694	12694	213	213	26	26	15458	15458	458	458	1008	1008	550	550	4256	4256	14821	14821	46	46	25	25	7588	7588	6063	6063	68	68	121	121	223	223	208	208	4508	4508	2062	2062	7534	7534	8204	8204	1989	1989	829	829	31036	31036	22619	22619	113	113	94	94	99	99	31	31	33	33	59	59	1207	1207	1695	1695	27	27	31	31	688	688	425	425	7065	7065	4162	4162	894	894	45	45	105	105	103	103	54	54	5	5	498	498	358	358	228	228	11	11	144	144	709	709	1377	1377	1923	1923	5	5	5	5	1554	1554	1986	1986	113	113	100	100	11989	11989	14020	14020	35573	35573	819	819	3	3	4	4
IND00131	406	406	35	35	1156	1156	1461	1461	31	31	32	32	2661	2661	904	904	3465	3465	1540	1540	1343	1343	1775	1775	5549	5549	1759	1759	2912	2912	1465	1465	108	108	18	18	6	6	12	12	1115	1115	2509	2509	28	28	8	8	2605	2605	4414	4414	1324	1324	766	766	90	90	117	117	1911	1911	1926	1926	513	513	370	370	30536	30536	26922	26922	142	142	72	72	4415	4415	9512	9512	531	531	539	539	1178	1178	1520	1520	27	27	47	47	4424	4424	4307	4307	53	53	118	118	26	26	27	27	4887	4887	7488	7488	30642	30642	17193	17193	448	448	724	724	20535	20535	4039	4039	175	175	174	174	85	85	30	30	28	28	27	27	734	734	416	416	8	8	110	110	462	462	916	916	7858	7858	3470	3470	406	406	943	943	74	74	115	115	24	24	9	9	99	99	83	83	234	234	221	221	783	783	558	558	1827	1827	359	359	10	10	18	18	1414	1414	1054	1054	127	127	27	27	17335	17335	9898	9898	997	997	13754	13754	4	4	2	2
IND00132	445	445	865	865	1920	1920	1826	1826	17	17	18	18	2678	2678	2922	2922	977	977	1768	1768	693	693	2014	2014	4771	4771	3275	3275	3143	3143	899	899	19	19	209	209	13	13	5	5	987	987	1345	1345	66	66	119	119	7494	7494	7950	7950	786	786	612	612	101	101	6	6	817	817	1886	1886	499	499	280	280	28893	28893	31836	31836	150	150	172	172	15101	15101	2956	2956	615	615	366	366	15874	15874	9671	9671	31	31	61	61	5527	5527	5575	5575	35	35	112	112	6	6	44	44	1377	1377	272	272	30874	30874	29072	29072	800	800	1500	1500	25170	25170	12280	12280	9	9	132	132	55	55	59	59	35	35	29	29	1345	1345	770	770	9	9	10	10	834	834	694	694	131	131	3429	3429	352	352	405	405	112	112	78	78	29	29	4	4	13	13	289	289	7	7	248	248	510	510	828	828	1910	1910	401	401	3	3	20	20	740	740	1452	1452	33	33	125	125	12523	12523	10607	10607	20568	20568	31101	31101	3	3	1	1
IND00133	640	640	847	847	1805	1805	1013	1013	38	38	37	37	2033	2033	256	256	3120	3120	3755	3755	1522	1522	955	955	104	104	3301	3301	2871	2871	2471	2471	29	29	12	12	13	13	4	4	2793	2793	3218	3218	70	70	25	25	6757	6757	7099	7099	178	178	1382	1382	48	48	113	113	494	494	669	669	146	146	473	473	28415	28415	21862	21862	93	93	240	240	6772	6772	5199	5199	911	911	272	272	1653	1653	13293	13293	39	39	13	13	4643	4643	4914	4914	121	121	66	66	178	178	102	102	4022	4022	6987	6987	7792	7792	1350	1350	1216	1216	1708	1708	20628	20628	27095	27095	59	59	33	33	95	95	4	4	8	8	57	57	1272	1272	1718	1718	14	14	29	29	976	976	35	35	7844	7844	63	63	143	143	540	540	79	79	45	45	63	63	21	21	74	74	49	49	246	246	173	173	787	787	81	81	2011	2011	662	662	11	11	25	25	1896	1896	200	200	44	44	7	7	28431	28431	3544	3544	7753	7753	72	72	2	2	3	3
IND00134	390	390	730	730	130	130	2005	2005	48	48	10	10	3578	3578	3161	3161	889	889	3128	3128	912	912	2628	2628	2660	2660	4037	4037	3972	3972	3076	3076	183	183	141	141	6	6	3	3	1646	1646	1820	1820	112	112	75	75	377	377	4962	4962	86	86	1665	1665	50	50	11	11	1964	1964	1908	1908	776	776	696	696	6681	6681	10426	10426	128	128	34	34	7567	7567	9794	9794	983	983	890	890	9484	9484	1936	1936	7	7	10	10	2823	2823	6185	6185	96	96	120	120	249	249	67	67	7080	7080	5260	5260	28024	28024	7640	7640	77	77	197	197	8968	8968	20688	20688	55	55	252	252	52	52	64	64	57	57	4	4	1835	1835	350	350	43	43	27	27	668	668	955	955	6791	6791	4844	4844	423	423	1980	1980	6	6	87	87	60	60	47	47	407	407	60	60	104	104	28	28	825	825	948	948	301	301	1715	1715	12	12	11	11	807	807	1023	1023	42	42	6	6	26006	26006	8105	8105	26280	26280	54303	54303	4	4	2	2
IND00135	513	513	271	271	598	598	1114	1114	62	62	57	57	701	701	2520	2520	2817	2817	1954	1954	653	653	818	818	7661	7661	457	457	1489	1489	1917	1917	195	195	6	6	1	1	9	9	3507	3507	71	71	89	89	109	109	4713	4713	5598	5598	1048	1048	914	914	23	23	107	107	1488	1488	1369	1369	917	917	370	370	29346	29346	32617	32617	17	17	224	224	5712	5712	12388	12388	777	777	144	144	2397	2397	7479	7479	32	32	14	14	3912	3912	5881	5881	95	95	112	112	8	8	76	76	6812	6812	2806	2806	15312	15312	17086	17086	871	871	2032	2032	2590	2590	5924	5924	72	72	214	214	49	49	30	30	31	31	56	56	1095	1095	543	543	27	27	119	119	62	62	1006	1006	2579	2579	5217	5217	886	886	667	667	60	60	90	90	19	19	22	22	212	212	316	316	4	4	5	5	416	416	789	789	115	115	1299	1299	9	9	26	26	385	385	185	185	35	35	31	31	15159	15159	26121	26121	9301	9301	36165	36165	4	4	4	4
IND00136	405	405	907	907	1900	1900	900	900	23	23	1	1	180	180	2046	2046	1023	1023	2191	2191	113	113	2243	2243	528	528	6534	6534	1803	1803	3332	3332	63	63	130	130	6	6	1	1	1172	1172	1289	1289	73	73	86	86	550	550	7528	7528	1157	1157	1966	1966	76	76	42	42	733	733	1764	1764	554	554	858	858	2102	2102	27847	27847	77	77	161	161	10768	10768	12639	12639	770	770	751	751	5572	5572	13095	13095	17	17	44	44	999	999	3276	3276	30	30	106	106	180	180	193	193	2791	2791	1559	1559	14788	14788	28781	28781	1310	1310	384	384	8150	8150	2932	2932	136	136	220	220	85	85	19	19	20	20	60	60	2004	2004	1008	1008	31	31	125	125	58	58	276	276	3969	3969	85	85	634	634	1535	1535	35	35	91	91	33	33	4	4	293	293	144	144	200	200	64	64	999	999	927	927	413	413	1141	1141	10	10	22	22	1282	1282	25	25	35	35	16	16	4443	4443	14155	14155	34618	34618	52085	52085	1	1	1	1
IND00137	325	325	263	263	1203	1203	788	788	45	45	57	57	3199	3199	1041	1041	2973	2973	108	108	1066	1066	3865	3865	2908	2908	4093	4093	460	460	2673	2673	122	122	78	78	14	14	15	15	3031	3031	2678	2678	40	40	69	69	794	794	4281	4281	1949	1949	793	793	14	14	53	53	296	296	1493	1493	174	174	839	839	19578	19578	1856	1856	185	185	110	110	2049	2049	2894	2894	629	629	874	874	5861	5861	12800	12800	40	40	18	18	5427	5427	3538	3538	11	11	18	18	197	197	21	21	6677	6677	4888	4888	24017	24017	6470	6470	1015	1015	1774	1774	25350	25350	6932	6932	190	190	181	181	73	73	14	14	41	41	50	50	1229	1229	1524	1524	2	2	35	35	273	273	327	327	3894	3894	7180	7180	1882	1882	337	337	122	122	97	97	2	2	54	54	38	38	362	362	210	210	117	117	964	964	745	745	282	282	335	335	16	16	10	10	232	232	124	124	81	81	47	47	7110	7110	18414	18414	51049	51049	18968	18968	4	4	2	2
IND00138	708	708	663	663	535	535	1516	1516	47	47	23	23	3033	3033	1945	1945	1833	1833	501	501	2692	2692	2748	2748	4915	4915	2033	2033	2829	2829	497	497	201	201	225	225	14	14	2	2	3944	3944	2025	2025	87	87	122	122	3326	3326	5171	5171	914	914	1431	1431	26	26	5	5	73	73	1526	1526	210	210	3	3	30811	30811	20761	20761	77	77	94	94	2757	2757	2207	2207	809	809	712	712	10681	10681	1326	1326	55	55	31	31	6317	6317	508	508	8	8	75	75	92	92	50	50	218	218	1938	1938	26849	26849	21425	21425	179	179	1037	1037	10806	10806	24206	24206	143	143	238	238	61	61	106	106	53	53	40	40	763	763	1245	1245	13	13	2	2	149	149	316	316	7135	7135	846	846	1133	1133	1834	1834	55	55	87	87	43	43	5	5	234	234	197	197	156	156	92	92	881	881	467	467	1204	1204	1073	1073	29	29	6	6	1460	1460	613	613	40	40	111	111	28831	28831	29219	29219	12574	12574	33885	33885	3	3	2	2
IND00139	650	650	775	775	477	477	598	598	59	59	47	47	2193	2193	2197	2197	1223	1223	4000	4000	2719	2719	558	558	1432	1432	3363	3363	3275	3275	490	490	46	46	136	136	9	9	11	11	3726	3726	3052	3052	67	67	86	86	1368	1368	3994	3994	584	584	374	374	121	121	86	86	1854	1854	1085	1085	573	573	933	933	31979	31979	31007	31007	233	233	19	19	4959	4959	7479	7479	391	391	661	661	2369	2369	6349	6349	26	26	35	35	3049	3049	2380	2380	103	103	99	99	138	138	230	230	1753	1753	5904	5904	22054	22054	14807	14807	684	684	94	94	5093	5093	24783	24783	197	197	9	9	37	37	56	56	55	55	4	4	940	940	1033	1033	70	70	101	101	142	142	17	17	3341	3341	4846	4846	954	954	442	442	67	67	43	43	54	54	55	55	260	260	184	184	11	11	66	66	799	799	444	444	376	376	350	350	12	12	5	5	746	746	1656	1656	16	16	22	22	30697	30697	27759	27759	17625	17625	52973	52973	4	4	1	1
IND00140	995	995	812	812	1376	1376	633	633	64	64	1	1	2829	2829	3425	3425	3903	3903	2227	2227	2831	2831	2212	2212	7820	7820	8125	8125	2905	2905	2467	2467	219	219	214	214	12	12	6	6	2715	2715	334	334	61	61	104	104	5758	5758	2282	2282	910	910	1628	1628	61	61	96	96	1207	1207	1675	1675	980	980	811	811	31050	31050	18318	18318	185	185	3	3	4431	4431	11087	11087	85	85	23	23	14108	14108	2153	2153	37	37	16	16	6033	6033	6067	6067	25	25	8	8	9	9	94	94	4397	4397	3648	3648	31021	31021	3357	3357	1847	1847	1753	1753	18471	18471	12657	12657	94	94	247	247	82	82	98	98	49	49	13	13	301	301	1513	1513	10	10	67	67	652	652	672	672	792	792	4887	4887	600	600	1094	1094	61	61	110	110	26	26	57	57	95	95	155	155	72	72	162	162	575	575	625	625	254	254	467	467	29	29	13	13	1841	1841	828	828	98	98	81	81	24061	24061	24361	24361	23269	23269	56008	56008	4	4	3	3
IND00141	18	18	189	189	184	184	61	61	24	24	33	33	2548	2548	2650	2650	1988	1988	3358	3358	2669	2669	3834	3834	3359	3359	3777	3777	2544	2544	1517	1517	157	157	144	144	11	11	8	8	771	771	3975	3975	94	94	25	25	4311	4311	1942	1942	609	609	1546	1546	29	29	14	14	595	595	349	349	256	256	738	738	14213	14213	14216	14216	217	217	121	121	10479	10479	2415	2415	998	998	903	903	5927	5927	15203	15203	19	19	9	9	4541	4541	5677	5677	8	8	110	110	61	61	188	188	1129	1129	6632	6632	17779	17779	2469	2469	1859	1859	1619	1619	102	102	26697	26697	21	21	119	119	70	70	121	121	64	64	62	62	344	344	1299	1299	46	46	110	110	766	766	41	41	776	776	4771	4771	1848	1848	1191	1191	74	74	36	36	27	27	39	39	144	144	37	37	100	100	89	89	92	92	175	175	1999	1999	1362	1362	1	1	23	23	1354	1354	973	973	86	86	60	60	7331	7331	26764	26764	7819	7819	25909	25909	2	2	1	1
IND00142	108	108	46	46	833	833	1453	1453	15	15	48	48	4044	4044	2033	2033	661	661	3877	3877	3071	3071	1374	1374	650	650	4407	4407	1500	1500	2419	2419	39	39	5	5	10	10	4	4	3775	3775	1289	1289	109	109	115	115	6500	6500	6667	6667	152	152	373	373	27	27	49	49	629	629	1395	1395	140	140	103	103	21330	21330	22948	22948	207	207	90	90	2905	2905	9565	9565	929	929	93	93	7864	7864	7934	7934	17	17	27	27	3830	3830	3830	3830	90	90	15	15	252	252	4	4	3076	3076	4984	4984	18227	18227	21899	21899	31	31	1087	1087	26270	26270	32498	32498	211	211	9	9	76	76	24	24	28	28	55	55	1108	1108	1903	1903	92	92	122	122	42	42	656	656	111	111	5018	5018	599	599	1389	1389	93	93	47	47	31	31	59	59	512	512	490	490	240	240	50	50	682	682	250	250	1723	1723	559	559	27	27	14	14	1060	1060	2005	2005	98	98	47	47	16434	16434	32568	32568	40038	40038	28236	28236	1	1	4	4
IND00143	446	446	371	371	1064	1064	1748	1748	47	47	46	46	152	152	2385	2385	1501	1501	2083	2083	2726	2726	3386	3386	6691	6691	1765	1765	781	781	1392	1392	211	211	225	225	6	6	1	1	731	731	2774	2774	126	126	73	73	3210	3210	1212	1212	1505	1505	34	34	86	86	75	75	652	652	1782	1782	932	932	643	643	25331	25331	28413	28413	228	228	165	165	818	818	6360	6360	701	701	678	678	15315	15315	195	195	35	35	25	25	5803	5803	1	1	111	111	83	83	226	226	254	254	70	70	4606	4606	28875	28875	30608	30608	1165	1165	97	97	1863	1863	18714	18714	248	248	222	222	113	113	35	35	32	32	54	54	1393	1393	1894	1894	92	92	95	95	942	942	738	738	5534	5534	1972	1972	411	411	618	618	40	40	103	103	52	52	62	62	28	28	351	351	97	97	17	17	717	717	365	365	443	443	2027	2027	22	22	7	7	608	608	469	469	96	96	102	102	23992	23992	6393	6393	57208	57208	52754	52754	2	2	4	4
IND00144	785	785	933	933	1580	1580	1910	1910	7	7	52	52	460	460	3094	3094	2934	2934	3073	3073	233	233	3338	3338	4254	4254	3382	3382	2522	2522	3937	3937	131	131	69	69	10	10	15	15	2374	2374	1081	1081	68	68	30	30	7700	7700	725	725	185	185	262	262	21	21	19	19	590	590	242	242	736	736	477	477	28666	28666	27926	27926	158	158	96	96	11729	11729	4492	4492	793	793	914	914	10371	10371	9126	9126	56	56	42	42	1806	1806	2536	2536	66	66	38	38	252	252	114	114	7835	7835	2935	2935	4808	4808	32543	32543	1497	1497	1017	1017	23534	23534	3272	3272	39	39	123	123	124	124	20	20	31	31	17	17	1389	1389	35	35	118	118	106	106	990	990	434	434	2542	2542	308	308	1290	1290	55	55	79	79	51	51	46	46	49	49	130	130	386	386	85	85	125	125	1	1	69	69	927	927	151	151	32	32	27	27	1635	1635	1139	1139	23	23	87	87	19732	19732	5325	5325	14981	14981	62842	62842	4	4	1	1
IND00145	549	549	367	367	660	660	1202	1202	26	26	47	47	3661	3661	1552	1552	3467	3467	1858	1858	1781	1781	3308	3308	2680	2680	1395	1395	2104	2104	247	247	211	211	160	160	7	7	13	13	1249	1249	1519	1519	92	92	99	99	1443	1443	1805	1805	1402	1402	297	297	18	18	113	113	1164	1164	983	983	582	582	373	373	3851	3851	11779	11779	224	224	157	157	13122	13122	607	607	203	203	192	192	9339	9339	10877	10877	34	34	13	13	4615	4615	8082	8082	46	46	112	112	23	23	113	113	3619	3619	2927	2927	28713	28713	28205	28205	1464	1464	1332	1332	3956	3956	23874	23874	145	145	209	209	41	41	91	91	24	24	26	26	1483	1483	354	354	36	36	118	118	618	618	978	978	2702	2702	1698	1698	1362	1362	2012	2012	93	93	19	19	37	37	1	1	225	225	94	94	130	130	36	36	538	538	713	713	733	733	815	815	15	15	19	19	745	745	1421	1421	72	72	57	57	15934	15934	20793	20793	25799	25799	36747	36747	4	4	3	3
IND00146	151	151	441	441	1937	1937	1890	1890	60	60	61	61	1466	1466	1876	1876	3580	3580	2988	2988	30	30	998	998	2348	2348	6910	6910	3846	3846	945	945	71	71	11	11	10	10	2	2	2172	2172	3028	3028	15	15	20	20	5691	5691	4552	4552	1882	1882	1268	1268	20	20	100	100	809	809	765	765	147	147	536	536	13827	13827	27569	27569	44	44	169	169	15629	15629	6513	6513	418	418	28	28	8647	8647	13974	13974	42	42	36	36	7878	7878	1780	1780	9	9	64	64	107	107	188	188	2608	2608	2159	2159	11319	11319	8407	8407	1689	1689	177	177	20712	20712	24265	24265	190	190	181	181	17	17	115	115	46	46	39	39	28	28	414	414	12	12	65	65	228	228	207	207	4268	4268	7439	7439	345	345	590	590	7	7	31	31	24	24	24	24	419	419	347	347	236	236	240	240	960	960	451	451	1384	1384	648	648	25	25	7	7	824	824	1679	1679	75	75	67	67	1516	1516	12408	12408	39851	39851	43372	43372	1	1	1	1
IND00147	759	759	171	171	299	299	20	20	16	16	6	6	1630	1630	3840	3840	1433	1433	3265	3265	268	268	3511	3511	5292	5292	139	139	800	800	234	234	166	166	124	124	2	2	9	9	2942	2942	1862	1862	125	125	51	51	6742	6742	4105	4105	1608	1608	1967	1967	92	92	12	12	1201	1201	887	887	287	287	709	709	19744	19744	2318	2318	55	55	114	114	13880	13880	13844	13844	146	146	938	938	957	957	9174	9174	28	28	44	44	4914	4914	2734	2734	127	127	60	60	55	55	241	241	5018	5018	7976	7976	31127	31127	25	25	865	865	1680	1680	4482	4482	18529	18529	75	75	88	88	90	90	124	124	20	20	45	45	477	477	1335	1335	15	15	29	29	205	205	840	840	148	148	6774	6774	44	44	2031	2031	56	56	37	37	44	44	20	20	30	30	252	252	52	52	243	243	964	964	652	652	1557	1557	988	988	8	8	27	27	191	191	272	272	32	32	98	98	22367	22367	8754	8754	18183	18183	54009	54009	4	4	4	4
IND00148	665	665	184	184	1042	1042	826	826	6	6	3	3	3523	3523	1434	1434	360	360	1333	1333	1721	1721	1108	1108	4316	4316	6643	6643	3339	3339	200	200	201	201	108	108	9	9	4	4	1866	1866	255	255	36	36	127	127	5819	5819	7083	7083	1518	1518	127	127	23	23	43	43	1782	1782	1720	1720	774	774	744	744	30692	30692	18383	18383	233	233	44	44	10387	10387	3198	3198	472	472	717	717	4746	4746	10824	10824	19	19	36	36	5468	5468	3475	3475	80	80	39	39	248	248	113	113	4598	4598	5163	5163	7172	7172	6472	6472	198	198	1526	1526	2219	2219	8836	8836	203	203	247	247	42	42	55	55	62	62	50	50	297	297	1100	1100	94	94	67	67	516	516	226	226	4696	4696	7860	7860	566	566	1311	1311	109	109	93	93	1	1	56	56	161	161	33	33	102	102	196	196	235	235	887	887	1924	1924	730	730	19	19	31	31	363	363	2029	2029	95	95	43	43	1781	1781	11468	11468	17075	17075	58924	58924	3	3	3	3
IND00149	623	623	249	249	1768	1768	598	598	34	34	6	6	547	547	2200	2200	2938	2938	3117	3117	3434	3434	2188	2188	993	993	7411	7411	1971	1971	2375	2375	136	136	116	116	13	13	3	3	987	987	1127	1127	102	102	49	49	7509	7509	7662	7662	754	754	1884	1884	57	57	68	68	418	418	614	614	44	44	983	983	27092	27092	19935	19935	85	85	130	130	14184	14184	440	440	531	531	218	218	4482	4482	7057	7057	64	64	13	13	5181	5181	4096	4096	70	70	117	117	67	67	137	137	2139	2139	6045	6045	8425	8425	2387	2387	1584	1584	1879	1879	29252	29252	10020	10020	54	54	241	241	20	20	73	73	47	47	64	64	1973	1973	149	149	87	87	127	127	582	582	658	658	4847	4847	5528	5528	1113	1113	809	809	4	4	96	96	35	35	25	25	280	280	232	232	15	15	99	99	690	690	74	74	1694	1694	447	447	20	20	22	22	59	59	414	414	87	87	126	126	24477	24477	31396	31396	17122	17122	36108	36108	2	2	2	2
IND00150	946	946	553	553	241	241	916	916	29	29	32	32	3334	3334	211	211	2816	2816	2505	2505	307	307	231	231	425	425	2100	2100	330	330	3081	3081	62	62	207	207	13	13	7	7	1944	1944	2032	2032	69	69	1	1	4038	4038	5902	5902	1297	1297	377	377	27	27	18	18	506	506	493	493	383	383	307	307	26607	26607	6966	6966	247	247	111	111	7566	7566	10226	10226	478	478	68	68	9971	9971	3137	3137	36	36	15	15	630	630	4553	4553	64	64	110	110	217	217	73	73	4715	4715	5503	5503	26997	26997	31517	31517	1483	1483	1998	1998	9971	9971	15635	15635	89	89	86	86	97	97	26	26	55	55	64	64	408	408	2006	2006	2	2	103	103	260	260	843	843	5704	5704	6734	6734	620	620	1134	1134	124	124	102	102	45	45	15	15	141	141	41	41	54	54	97	97	736	736	682	682	275	275	1332	1332	11	11	5	5	1110	1110	1893	1893	66	66	78	78	20083	20083	961	961	22061	22061	33542	33542	1	1	4	4
IND00151	725	725	345	345	358	358	1047	1047	5	5	12	12	2030	2030	1954	1954	1594	1594	3026	3026	928	928	474	474	6344	6344	464	464	3691	3691	781	781	28	28	98	98	1	1	5	5	201	201	3106	3106	72	72	8	8	57	57	886	886	1147	1147	1276	1276	57	57	32	32	1076	1076	1632	1632	306	306	201	201	3374	3374	30375	30375	165	165	5	5	11450	11450	2286	2286	959	959	33	33	7396	7396	12301	12301	16	16	50	50	1237	1237	4028	4028	83	83	85	85	214	214	61	61	906	906	3519	3519	29871	29871	5396	5396	361	361	293	293	10701	10701	16870	16870	171	171	101	101	76	76	7	7	26	26	8	8	1716	1716	329	329	33	33	119	119	70	70	553	553	4351	4351	6080	6080	129	129	740	740	39	39	57	57	20	20	47	47	12	12	222	222	83	83	119	119	308	308	663	663	1590	1590	739	739	16	16	2	2	1799	1799	137	137	29	29	62	62	26880	26880	8370	8370	12822	12822	62007	62007	3	3	3	3
IND00152	769	769	335	335	1519	1519	664	664	35	35	51	51	446	446	1328	1328	2922	2922	4054	4054	3844	3844	4088	4088	7144	7144	445	445	1172	1172	2748	2748	56	56	233	233	14	14	11	11	3811	3811	1187	1187	100	100	33	33	7696	7696	4264	4264	624	624	1089	1089	110	110	20	20	1596	1596	1825	1825	444	444	729	729	6209	6209	11569	11569	186	186	194	194	4390	4390	12628	12628	519	519	341	341	5272	5272	1325	1325	29	29	27	27	2881	2881	7040	7040	121	121	57	57	122	122	114	114	3711	3711	6971	6971	26334	26334	8094	8094	301	301	582	582	32499	32499	525	525	112	112	177	177	39	39	117	117	39	39	60	60	1561	1561	158	158	15	15	92	92	476	476	1024	1024	3653	3653	509	509	700	700	2044	2044	89	89	50	50	30	30	19	19	414	414	34	34	171	171	79	79	625	625	741	741	1121	1121	1055	1055	15	15	28	28	1242	1242	1081	1081	22	22	85	85	2869	2869	2829	2829	27352	27352	29503	29503	1	1	2	2
IND00153	659	659	990	990	1593	1593	658	658	51	51	54	54	943	943	208	208	888	888	1985	1985	1453	1453	3236	3236	6363	6363	5060	5060	1953	1953	2900	2900	128	128	100	100	14	14	6	6	994	994	2462	2462	107	107	126	126	6829	6829	7000	7000	1374	1374	1512	1512	17	17	77	77	1420	1420	1567	1567	975	975	263	263	10960	10960	13981	13981	49	49	27	27	14606	14606	15739	15739	70	70	108	108	5331	5331	10865	10865	22	22	60	60	2204	2204	4167	4167	71	71	70	70	214	214	45	45	3925	3925	5036	5036	29442	29442	12547	12547	753	753	817	817	12377	12377	28882	28882	35	35	203	203	60	60	76	76	11	11	1	1	526	526	1215	1215	62	62	124	124	957	957	77	77	6889	6889	4029	4029	1249	1249	289	289	108	108	53	53	11	11	7	7	271	271	36	36	204	204	152	152	774	774	927	927	1647	1647	1511	1511	29	29	14	14	1069	1069	480	480	46	46	116	116	15447	15447	20365	20365	22291	22291	1327	1327	2	2	2	2
IND00154	131	131	322	322	1917	1917	262	262	21	21	5	5	1429	1429	2782	2782	2387	2387	3865	3865	3520	3520	1559	1559	4590	4590	3683	3683	3803	3803	1343	1343	161	161	22	22	15	15	6	6	1726	1726	3006	3006	62	62	80	80	3768	3768	6540	6540	1418	1418	1017	1017	30	30	82	82	96	96	974	974	211	211	627	627	13711	13711	358	358	241	241	66	66	15097	15097	7326	7326	91	91	775	775	2419	2419	5606	5606	38	38	3	3	2929	2929	4151	4151	98	98	22	22	219	219	246	246	7682	7682	1597	1597	2375	2375	9309	9309	1891	1891	973	973	9874	9874	8875	8875	62	62	99	99	1	1	35	35	51	51	57	57	4	4	1505	1505	59	59	74	74	870	870	822	822	5529	5529	5551	5551	1929	1929	1706	1706	77	77	30	30	11	11	59	59	219	219	448	448	20	20	117	117	309	309	608	608	1096	1096	1758	1758	10	10	30	30	1453	1453	1835	1835	72	72	94	94	4068	4068	14847	14847	17792	17792	19682	19682	3	3	1	1
IND00155	619	619	931	931	495	495	383	383	41	41	59	59	2669	2669	587	587	827	827	904	904	1009	1009	3553	3553	906	906	2780	2780	1591	1591	1929	1929	222	222	95	95	13	13	1	1	100	100	1810	1810	49	49	105	105	6457	6457	5646	5646	265	265	752	752	124	124	110	110	1781	1781	1748	1748	181	181	782	782	4502	4502	20485	20485	32	32	39	39	6133	6133	4523	4523	430	430	754	754	946	946	14094	14094	18	18	32	32	3575	3575	3979	3979	111	111	105	105	202	202	246	246	1107	1107	2036	2036	24433	24433	20529	20529	392	392	2023	2023	600	600	6459	6459	100	100	205	205	73	73	48	48	12	12	22	22	818	818	1806	1806	113	113	38	38	526	526	556	556	7281	7281	3852	3852	897	897	1689	1689	25	25	67	67	29	29	17	17	297	297	221	221	21	21	15	15	866	866	909	909	1696	1696	253	253	19	19	19	19	1999	1999	549	549	59	59	96	96	6806	6806	31146	31146	64163	64163	29566	29566	2	2	2	2
IND00156	672	672	796	796	62	62	1942	1942	47	47	7	7	704	704	1645	1645	1146	1146	555	555	133	133	2740	2740	5440	5440	2271	2271	2612	2612	1676	1676	74	74	81	81	12	12	10	10	2909	2909	2605	2605	54	54	3	3	2916	2916	618	618	1075	1075	1897	1897	84	84	112	112	754	754	701	701	216	216	495	495	9594	9594	15052	15052	23	23	212	212	3301	3301	4911	4911	446	446	879	879	4391	4391	8238	8238	10	10	60	60	2738	2738	7782	7782	122	122	21	21	35	35	186	186	3525	3525	2369	2369	1422	1422	9401	9401	2011	2011	1126	1126	8190	8190	10806	10806	94	94	83	83	48	48	10	10	31	31	7	7	1850	1850	648	648	29	29	17	17	299	299	463	463	2827	2827	3727	3727	53	53	666	666	36	36	100	100	13	13	5	5	56	56	63	63	173	173	138	138	695	695	31	31	685	685	960	960	21	21	24	24	973	973	671	671	93	93	94	94	3610	3610	4096	4096	35277	35277	3396	3396	4	4	2	2
IND00157	983	983	41	41	606	606	1704	1704	54	54	23	23	712	712	1913	1913	52	52	1691	1691	342	342	391	391	2959	2959	6833	6833	1068	1068	2235	2235	41	41	10	10	5	5	13	13	2751	2751	3426	3426	110	110	21	21	7796	7796	2695	2695	565	565	732	732	21	21	123	123	1295	1295	896	896	500	500	653	653	19366	19366	20540	20540	237	237	79	79	7195	7195	8540	8540	79	79	508	508	16371	16371	12221	12221	31	31	63	63	4716	4716	4148	4148	128	128	87	87	226	226	67	67	5134	5134	2566	2566	19948	19948	2106	2106	1391	1391	217	217	3748	3748	22878	22878	66	66	7	7	40	40	109	109	62	62	45	45	878	878	543	543	70	70	1	1	98	98	75	75	5572	5572	771	771	1421	1421	97	97	36	36	123	123	26	26	56	56	135	135	495	495	251	251	155	155	276	276	1013	1013	1093	1093	101	101	16	16	29	29	353	353	467	467	21	21	28	28	22698	22698	760	760	42065	42065	33309	33309	2	2	3	3
IND00158	98	98	587	587	1431	1431	781	781	8	8	26	26	3870	3870	2616	2616	2628	2628	3526	3526	30	30	2087	2087	1508	1508	6898	6898	1875	1875	1273	1273	48	48	256	256	12	12	11	11	131	131	3277	3277	5	5	25	25	4795	4795	5888	5888	1752	1752	292	292	64	64	76	76	415	415	809	809	615	615	241	241	21976	21976	14516	14516	37	37	46	46	13976	13976	9078	9078	903	903	105	105	1376	1376	14573	14573	31	31	19	19	3129	3129	4293	4293	43	43	33	33	113	113	103	103	3322	3322	5743	5743	15883	15883	5458	5458	1362	1362	406	406	14972	14972	12387	12387	77	77	222	222	23	23	60	60	55	55	6	6	1524	1524	2016	2016	97	97	50	50	988	988	104	104	3151	3151	2512	2512	1437	1437	1099	1099	125	125	104	104	64	64	43	43	275	275	322	322	200	200	237	237	733	733	919	919	503	503	1872	1872	28	28	15	15	1568	1568	502	502	7	7	101	101	30603	30603	25692	25692	33907	33907	44501	44501	4	4	1	1
IND00159	614	614	833	833	923	923	1183	1183	39	39	15	15	1693	1693	284	284	3555	3555	842	842	2079	2079	3872	3872	1383	1383	195	195	518	518	3284	3284	139	139	173	173	2	2	5	5	3960	3960	3820	3820	10	10	53	53	6431	6431	4668	4668	1481	1481	1137	1137	85	85	111	111	1186	1186	987	987	117	117	372	372	11170	11170	11403	11403	176	176	109	109	15815	15815	6931	6931	161	161	180	180	14964	14964	4044	4044	43	43	60	60	7753	7753	6636	6636	86	86	39	39	165	165	105	105	1660	1660	3067	3067	14778	14778	11540	11540	242	242	539	539	19523	19523	5698	5698	34	34	75	75	124	124	94	94	62	62	20	20	554	554	1846	1846	56	56	7	7	588	588	927	927	1744	1744	5182	5182	1863	1863	74	74	80	80	95	95	13	13	8	8	245	245	237	237	37	37	41	41	541	541	81	81	621	621	338	338	10	10	32	32	1644	1644	647	647	4	4	77	77	28631	28631	19573	19573	3608	3608	32349	32349	1	1	4	4
IND00160	496	496	398	398	552	552	261	261	57	57	17	17	3583	3583	1503	1503	1905	1905	3674	3674	3322	3322	1433	1433	5252	5252	3015	3015	330	330	821	821	212	212	52	52	13	13	6	6	1734	1734	4049	4049	53	53	30	30	5098	5098	3900	3900	1755	1755	587	587	8	8	97	97	730	730	1718	1718	460	460	94	94	24578	24578	22027	22027	106	106	48	48	8741	8741	434	434	329	329	482	482	15866	15866	852	852	57	57	40	40	2167	2167	4142	4142	107	107	81	81	225	225	91	91	2894	2894	4606	4606	28147	28147	3153	3153	1900	1900	1346	1346	2138	2138	23894	23894	9	9	63	63	64	64	31	31	19	19	23	23	1	1	690	690	36	36	40	40	126	126	86	86	3049	3049	3324	3324	88	88	1290	1290	100	100	44	44	15	15	10	10	349	349	64	64	192	192	65	65	395	395	230	230	1176	1176	271	271	11	11	2	2	1619	1619	604	604	105	105	33	33	12675	12675	16679	16679	10485	10485	64343	64343	3	3	3	3
IND00161	619	619	802	802	605	605	1498	1498	21	21	48	48	2767	2767	4004	4004	643	643	364	364	1117	1117	3961	3961	5140	5140	5872	5872	69	69	4033	4033	79	79	38	38	14	14	6	6	546	546	912	912	36	36	83	83	3899	3899	71	71	738	738	431	431	20	20	100	100	1643	1643	1997	1997	578	578	18	18	12135	12135	10352	10352	170	170	219	219	15395	15395	7402	7402	939	939	216	216	4849	4849	1528	1528	30	30	37	37	758	758	6262	6262	44	44	41	41	196	196	118	118	3400	3400	73	73	21579	21579	1187	1187	1812	1812	1288	1288	2510	2510	1922	1922	26	26	68	68	92	92	30	30	52	52	54	54	805	805	740	740	24	24	118	118	411	411	222	222	1777	1777	1082	1082	312	312	643	643	99	99	33	33	5	5	58	58	128	128	448	448	50	50	210	210	534	534	226	226	1687	1687	951	951	16	16	4	4	687	687	806	806	17	17	57	57	290	290	25782	25782	11613	11613	12211	12211	4	4	1	1
IND00162	716	716	68	68	1556	1556	6	6	62	62	53	53	714	714	1188	1188	1341	1341	2890	2890	337	337	552	552	591	591	7170	7170	3296	3296	2326	2326	180	180	239	239	4	4	10	10	91	91	418	418	114	114	17	17	30	30	7665	7665	1869	1869	446	446	60	60	128	128	692	692	1028	1028	623	623	761	761	15450	15450	24817	24817	150	150	49	49	8278	8278	15791	15791	122	122	521	521	5457	5457	11840	11840	37	37	31	31	4932	4932	5266	5266	64	64	14	14	217	217	176	176	6722	6722	7055	7055	14977	14977	28663	28663	1048	1048	302	302	31950	31950	14808	14808	73	73	189	189	47	47	22	22	10	10	21	21	1335	1335	360	360	83	83	67	67	798	798	102	102	2663	2663	4985	4985	466	466	1841	1841	120	120	58	58	46	46	3	3	188	188	48	48	94	94	113	113	791	791	121	121	1403	1403	1780	1780	1	1	22	22	1306	1306	926	926	85	85	78	78	11570	11570	19994	19994	11694	11694	53844	53844	4	4	3	3
IND00163	251	251	726	726	1670	1670	1223	1223	53	53	32	32	1336	1336	2160	2160	975	975	2332	2332	877	877	3052	3052	5157	5157	596	596	636	636	2500	2500	71	71	12	12	8	8	8	8	2380	2380	2905	2905	119	119	66	66	6389	6389	3730	3730	549	549	835	835	83	83	93	93	1221	1221	1728	1728	929	929	112	112	30272	30272	8863	8863	80	80	149	149	1893	1893	419	419	733	733	413	413	8919	8919	613	613	43	43	20	20	2710	2710	5679	5679	86	86	12	12	153	153	206	206	7435	7435	2270	2270	990	990	24369	24369	1841	1841	582	582	7957	7957	4207	4207	36	36	109	109	43	43	42	42	6	6	57	57	1219	1219	790	790	61	61	75	75	501	501	196	196	3485	3485	5429	5429	1865	1865	1484	1484	27	27	32	32	4	4	44	44	456	456	264	264	252	252	37	37	744	744	710	710	332	332	842	842	1	1	24	24	1537	1537	350	350	1	1	1	1	25992	25992	10917	10917	45757	45757	56005	56005	3	3	3	3
IND00164	79	79	77	77	635	635	578	578	55	55	1	1	3007	3007	3000	3000	2728	2728	300	300	3239	3239	1138	1138	7344	7344	1323	1323	3259	3259	319	319	234	234	43	43	3	3	8	8	62	62	3203	3203	16	16	107	107	1739	1739	3183	3183	1732	1732	584	584	59	59	69	69	1144	1144	1479	1479	17	17	566	566	10510	10510	9631	9631	185	185	119	119	9788	9788	10143	10143	680	680	986	986	1661	1661	9082	9082	22	22	21	21	2476	2476	1750	1750	101	101	124	124	39	39	36	36	6629	6629	5134	5134	7345	7345	28344	28344	501	501	1236	1236	15499	15499	1647	1647	99	99	121	121	59	59	77	77	33	33	62	62	932	932	414	414	108	108	56	56	740	740	216	216	3355	3355	797	797	1715	1715	1711	1711	18	18	33	33	6	6	47	47	148	148	93	93	99	99	32	32	92	92	494	494	665	665	308	308	22	22	24	24	1113	1113	66	66	28	28	2	2	31347	31347	11938	11938	42405	42405	17571	17571	2	2	1	1
IND00165	364	364	878	878	1734	1734	1579	1579	16	16	57	57	2408	2408	3908	3908	3242	3242	3003	3003	4010	4010	2435	2435	2995	2995	2729	2729	1264	1264	2900	2900	231	231	95	95	2	2	6	6	62	62	2988	2988	67	67	86	86	3667	3667	444	444	868	868	621	621	123	123	89	89	714	714	517	517	113	113	233	233	3333	3333	20586	20586	80	80	107	107	5526	5526	2298	2298	291	291	188	188	10232	10232	3981	3981	6	6	64	64	2779	2779	2639	2639	17	17	81	81	44	44	197	197	2032	2032	2882	2882	26066	26066	29685	29685	1512	1512	1111	1111	8819	8819	7962	7962	210	210	236	236	115	115	118	118	15	15	62	62	884	884	95	95	95	95	37	37	116	116	594	594	2677	2677	4387	4387	1726	1726	725	725	54	54	116	116	6	6	61	61	423	423	468	468	131	131	83	83	326	326	170	170	1469	1469	760	760	17	17	11	11	1018	1018	316	316	125	125	44	44	20041	20041	15323	15323	38057	38057	53519	53519	3	3	2	2
IND00166	557	557	567	567	1452	1452	202	202	36	36	17	17	2924	2924	2747	2747	2948	2948	3276	3276	3104	3104	3582	3582	11	11	4356	4356	1551	1551	2485	2485	190	190	198	198	13	13	3	3	2966	2966	890	890	117	117	32	32	1745	1745	2915	2915	1578	1578	1714	1714	62	62	122	122	1004	1004	537	537	684	684	297	297	18614	18614	30013	30013	187	187	145	145	4894	4894	9537	9537	961	961	632	632	11096	11096	13191	13191	35	35	60	60	1967	1967	2784	2784	37	37	104	104	186	186	31	31	2389	2389	6928	6928	16410	16410	12625	12625	1737	1737	2028	2028	23196	23196	26505	26505	56	56	70	70	34	34	4	4	10	10	55	55	179	179	1479	1479	44	44	86	86	643	643	132	132	6210	6210	5663	5663	4	4	1389	1389	113	113	16	16	12	12	16	16	205	205	399	399	139	139	156	156	301	301	1015	1015	1488	1488	727	727	24	24	2	2	87	87	1635	1635	79	79	63	63	17314	17314	6128	6128	22864	22864	62919	62919	4	4	3	3
IND00167	797	797	384	384	1279	1279	1392	1392	43	43	1	1	1993	1993	1529	1529	3543	3543	3747	3747	2754	2754	1264	1264	4483	4483	2595	2595	1331	1331	2997	2997	157	157	222	222	6	6	11	11	1712	1712	2382	2382	44	44	26	26	5777	5777	4022	4022	1169	1169	1906	1906	127	127	83	83	2046	2046	1143	1143	387	387	1017	1017	12556	12556	9823	9823	16	16	99	99	5108	5108	15442	15442	301	301	597	597	7283	7283	10307	10307	64	64	12	12	792	792	7890	7890	31	31	119	119	75	75	134	134	2949	2949	4910	4910	7643	7643	12722	12722	1810	1810	1888	1888	9338	9338	4271	4271	107	107	171	171	126	126	116	116	49	49	49	49	1313	1313	1116	1116	38	38	61	61	202	202	620	620	6228	6228	1320	1320	1062	1062	1967	1967	95	95	36	36	63	63	14	14	285	285	145	145	118	118	237	237	559	559	430	430	1408	1408	1376	1376	3	3	2	2	1032	1032	249	249	40	40	12	12	19002	19002	8185	8185	60386	60386	4231	4231	2	2	1	1
IND00168	588	588	401	401	665	665	1287	1287	42	42	28	28	3197	3197	2657	2657	1213	1213	2735	2735	3702	3702	1030	1030	2772	2772	7253	7253	1449	1449	1726	1726	166	166	171	171	5	5	16	16	2665	2665	3128	3128	104	104	75	75	3576	3576	3783	3783	1155	1155	1168	1168	80	80	82	82	961	961	2006	2006	237	237	537	537	15436	15436	14592	14592	158	158	152	152	10290	10290	5052	5052	793	793	113	113	6403	6403	12922	12922	1	1	15	15	601	601	3092	3092	51	51	11	11	208	208	39	39	1054	1054	6897	6897	14976	14976	31827	31827	119	119	477	477	23509	23509	11799	11799	22	22	35	35	47	47	31	31	7	7	38	38	780	780	1785	1785	5	5	4	4	844	844	677	677	872	872	6335	6335	1526	1526	1520	1520	22	22	30	30	15	15	57	57	13	13	378	378	200	200	183	183	96	96	107	107	653	653	846	846	25	25	32	32	1297	1297	1768	1768	90	90	24	24	30349	30349	32669	32669	14929	14929	55845	55845	1	1	1	1
IND00169	255	255	858	858	882	882	127	127	63	63	25	25	2813	2813	1765	1765	1020	1020	4028	4028	3430	3430	3444	3444	1205	1205	4592	4592	134	134	516	516	159	159	155	155	5	5	12	12	3780	3780	3035	3035	89	89	103	103	4943	4943	3355	3355	961	961	854	854	32	32	23	23	1081	1081	206	206	713	713	905	905	15418	15418	22934	22934	215	215	185	185	13229	13229	3726	3726	631	631	185	185	12665	12665	1346	1346	48	48	61	61	5125	5125	6550	6550	19	19	108	108	168	168	182	182	826	826	5770	5770	12294	12294	21535	21535	815	815	143	143	9824	9824	7465	7465	58	58	59	59	58	58	114	114	30	30	45	45	245	245	522	522	72	72	101	101	701	701	939	939	5628	5628	2277	2277	1828	1828	1655	1655	87	87	27	27	24	24	57	57	478	478	252	252	78	78	62	62	127	127	662	662	575	575	1426	1426	1	1	32	32	480	480	506	506	86	86	85	85	16527	16527	20611	20611	11680	11680	53724	53724	4	4	2	2
IND00170	802	802	475	475	1183	1183	25	25	27	27	51	51	1202	1202	3061	3061	2443	2443	462	462	734	734	1695	1695	7950	7950	2707	2707	2294	2294	262	262	139	139	206	206	12	12	8	8	1462	1462	1704	1704	58	58	113	113	150	150	1482	1482	359	359	735	735	40	40	71	71	1810	1810	935	935	283	283	75	75	19931	19931	9901	9901	197	197	129	129	6390	6390	13740	13740	843	843	569	569	1437	1437	4511	4511	59	59	54	54	5140	5140	7088	7088	36	36	67	67	122	122	226	226	5232	5232	7138	7138	12173	12173	7819	7819	698	698	2044	2044	25612	25612	12503	12503	4	4	11	11	37	37	83	83	28	28	52	52	277	277	1525	1525	3	3	86	86	518	518	882	882	1941	1941	6016	6016	1602	1602	289	289	125	125	15	15	50	50	15	15	281	281	283	283	62	62	246	246	273	273	673	673	783	783	103	103	31	31	10	10	1889	1889	1095	1095	3	3	30	30	771	771	2900	2900	35106	35106	60492	60492	2	2	2	2
IND00171	898	898	654	654	641	641	975	975	51	51	25	25	4083	4083	2923	2923	1205	1205	672	672	2748	2748	1179	1179	4197	4197	2679	2679	2425	2425	3292	3292	184	184	213	213	4	4	4	4	424	424	2257	2257	102	102	122	122	5471	5471	6305	6305	786	786	582	582	117	117	46	46	1086	1086	694	694	66	66	832	832	3495	3495	29963	29963	236	236	54	54	1149	1149	5177	5177	93	93	827	827	4535	4535	9829	9829	8	8	46	46	4639	4639	7994	7994	21	21	47	47	215	215	241	241	7253	7253	3045	3045	7940	7940	10998	10998	910	910	1454	1454	23649	23649	14342	14342	197	197	8	8	85	85	45	45	61	61	7	7	1436	1436	484	484	89	89	113	113	663	663	797	797	1122	1122	4063	4063	1639	1639	1534	1534	51	51	86	86	50	50	23	23	125	125	383	383	245	245	66	66	370	370	813	813	1507	1507	720	720	15	15	30	30	1469	1469	317	317	67	67	117	117	4184	4184	26274	26274	28677	28677	41843	41843	4	4	4	4
IND00172	217	217	197	197	1456	1456	286	286	51	51	31	31	438	438	2273	2273	2054	2054	54	54	3040	3040	893	893	5496	5496	2555	2555	2305	2305	3268	3268	149	149	45	45	4	4	14	14	3451	3451	89	89	8	8	28	28	6428	6428	76	76	1034	1034	798	798	95	95	85	85	966	966	763	763	581	581	711	711	25669	25669	15705	15705	141	141	185	185	6090	6090	1819	1819	759	759	355	355	5652	5652	15378	15378	19	19	54	54	4565	4565	5044	5044	11	11	14	14	136	136	255	255	5244	5244	5844	5844	4315	4315	23765	23765	1439	1439	698	698	12029	12029	10677	10677	49	49	2	2	29	29	29	29	22	22	64	64	1306	1306	659	659	126	126	1	1	648	648	1003	1003	4782	4782	807	807	1718	1718	684	684	92	92	73	73	57	57	50	50	212	212	177	177	168	168	125	125	602	602	590	590	14	14	68	68	26	26	21	21	233	233	1345	1345	17	17	28	28	6265	6265	18348	18348	52422	52422	16407	16407	4	4	3	3
IND00173	57	57	768	768	1735	1735	226	226	20	20	19	19	181	181	2066	2066	2737	2737	1303	1303	1602	1602	2161	2161	1893	1893	4787	4787	3560	3560	2893	2893	128	128	37	37	5	5	16	16	3805	3805	432	432	63	63	28	28	4598	4598	7127	7127	896	896	800	800	96	96	16	16	1668	1668	1903	1903	221	221	896	896	16923	16923	7408	7408	253	253	8	8	7632	7632	9164	9164	401	401	608	608	12540	12540	7495	7495	11	11	4	4	7348	7348	6446	6446	60	60	5	5	250	250	67	67	6606	6606	2678	2678	26124	26124	27762	27762	1418	1418	35	35	4221	4221	2262	2262	129	129	84	84	97	97	79	79	26	26	63	63	1052	1052	1457	1457	7	7	21	21	41	41	577	577	5666	5666	5698	5698	1258	1258	409	409	74	74	85	85	25	25	64	64	334	334	135	135	208	208	235	235	582	582	758	758	1383	1383	792	792	25	25	12	12	1323	1323	177	177	70	70	69	69	2674	2674	26654	26654	3430	3430	38651	38651	3	3	1	1
IND00174	692	692	607	607	1816	1816	433	433	26	26	12	12	2727	2727	1248	1248	2785	2785	1350	1350	944	944	1994	1994	8161	8161	5229	5229	3777	3777	2163	2163	191	191	213	213	11	11	8	8	853	853	1628	1628	79	79	39	39	3853	3853	6713	6713	1790	1790	892	892	103	103	57	57	572	572	233	233	516	516	362	362	7220	7220	7794	7794	254	254	47	47	2196	2196	3344	3344	105	105	742	742	7802	7802	805	805	63	63	1	1	8166	8166	2948	2948	107	107	88	88	92	92	66	66	3385	3385	3130	3130	20358	20358	29634	29634	262	262	1876	1876	28526	28526	27195	27195	237	237	128	128	117	117	80	80	3	3	42	42	1250	1250	1245	1245	49	49	67	67	387	387	143	143	1721	1721	3075	3075	480	480	1145	1145	125	125	21	21	61	61	42	42	212	212	63	63	214	214	29	29	534	534	708	708	932	932	2032	2032	15	15	22	22	844	844	2005	2005	50	50	11	11	10982	10982	15805	15805	62189	62189	3419	3419	3	3	4	4
IND00175	417	417	428	428	2026	2026	850	850	60	60	11	11	2827	2827	1452	1452	3750	3750	2821	2821	670	670	519	519	1490	1490	1107	1107	145	145	163	163	252	252	237	237	10	10	15	15	3172	3172	291	291	107	107	117	117	3634	3634	5628	5628	835	835	444	444	60	60	20	20	361	361	1051	1051	133	133	864	864	8944	8944	19233	19233	230	230	123	123	10854	10854	13150	13150	812	812	230	230	6596	6596	3722	3722	13	13	5	5	5681	5681	7594	7594	51	51	26	26	235	235	147	147	3907	3907	4440	4440	2492	2492	15809	15809	1725	1725	1112	1112	9164	9164	20789	20789	142	142	212	212	4	4	11	11	15	15	51	51	1028	1028	1291	1291	82	82	84	84	181	181	989	989	2697	2697	3044	3044	617	617	1440	1440	61	61	74	74	1	1	14	14	157	157	4	4	205	205	152	152	667	667	434	434	696	696	1991	1991	16	16	3	3	598	598	1942	1942	6	6	120	120	7886	7886	13750	13750	5372	5372	48708	48708	3	3	1	1
IND00176	844	844	341	341	969	969	356	356	39	39	8	8	559	559	1473	1473	1339	1339	3885	3885	1993	1993	2786	2786	6902	6902	7994	7994	2290	2290	3965	3965	156	156	120	120	1	1	4	4	2917	2917	4089	4089	20	20	74	74	6268	6268	6182	6182	1690	1690	1073	1073	49	49	61	61	1670	1670	533	533	492	492	807	807	6984	6984	19118	19118	51	51	243	243	12131	12131	4413	4413	503	503	759	759	3919	3919	5600	5600	16	16	59	59	6078	6078	2879	2879	114	114	102	102	6	6	168	168	5772	5772	2586	2586	19185	19185	1442	1442	855	855	1606	1606	25314	25314	26404	26404	182	182	65	65	103	103	82	82	27	27	39	39	1596	1596	1324	1324	75	75	91	91	571	571	841	841	4380	4380	7730	7730	1411	1411	1077	1077	24	24	97	97	59	59	9	9	267	267	405	405	209	209	19	19	295	295	233	233	1978	1978	883	883	9	9	14	14	1503	1503	1561	1561	127	127	90	90	20200	20200	27999	27999	8263	8263	31657	31657	3	3	4	4
IND00177	442	442	394	394	2016	2016	631	631	40	40	40	40	1685	1685	1574	1574	4069	4069	3997	3997	2884	2884	1596	1596	7592	7592	675	675	3842	3842	1375	1375	231	231	126	126	16	16	14	14	3906	3906	3070	3070	4	4	3	3	3379	3379	292	292	1574	1574	1008	1008	99	99	6	6	409	409	993	993	898	898	456	456	23782	23782	11346	11346	24	24	29	29	12652	12652	4571	4571	975	975	673	673	10037	10037	9443	9443	24	24	62	62	6880	6880	5623	5623	103	103	16	16	83	83	57	57	6599	6599	2836	2836	18308	18308	5409	5409	482	482	11	11	20219	20219	31898	31898	54	54	214	214	106	106	66	66	49	49	36	36	180	180	1863	1863	13	13	96	96	721	721	252	252	3344	3344	1369	1369	564	564	498	498	88	88	58	58	16	16	25	25	469	469	145	145	121	121	90	90	803	803	963	963	1478	1478	1499	1499	3	3	24	24	1633	1633	636	636	48	48	52	52	18389	18389	6376	6376	35128	35128	6814	6814	4	4	3	3
IND00178	423	423	923	923	1686	1686	859	859	44	44	21	21	1895	1895	3343	3343	1792	1792	2508	2508	632	632	2870	2870	1920	1920	5412	5412	3522	3522	933	933	248	248	129	129	1	1	16	16	685	685	3230	3230	93	93	75	75	3532	3532	7047	7047	1332	1332	40	40	112	112	26	26	312	312	957	957	620	620	977	977	15548	15548	15294	15294	93	93	206	206	14448	14448	2395	2395	737	737	221	221	9793	9793	7048	7048	64	64	10	10	2541	2541	597	597	40	40	124	124	166	166	13	13	1486	1486	4160	4160	28691	28691	4606	4606	418	418	1089	1089	17927	17927	12862	12862	249	249	176	176	110	110	125	125	12	12	63	63	1571	1571	344	344	59	59	92	92	340	340	228	228	1355	1355	5664	5664	332	332	1648	1648	75	75	24	24	59	59	16	16	34	34	399	399	211	211	122	122	136	136	863	863	1260	1260	714	714	15	15	16	16	851	851	112	112	116	116	5	5	2469	2469	6786	6786	7063	7063	36829	36829	2	2	2	2
IND00179	729	729	832	832	1787	1787	512	512	5	5	3	3	365	365	2881	2881	2614	2614	296	296	1280	1280	2701	2701	7890	7890	553	553	3135	3135	1192	1192	143	143	117	117	12	12	13	13	45	45	776	776	112	112	14	14	2674	2674	2179	2179	693	693	1597	1597	9	9	57	57	1594	1594	1503	1503	492	492	814	814	29478	29478	4534	4534	233	233	175	175	12197	12197	8004	8004	159	159	619	619	7641	7641	12566	12566	17	17	57	57	25	25	444	444	33	33	25	25	79	79	251	251	1845	1845	3958	3958	29720	29720	31585	31585	517	517	1030	1030	24448	24448	11883	11883	138	138	149	149	109	109	90	90	20	20	48	48	1304	1304	1093	1093	72	72	106	106	990	990	133	133	773	773	2502	2502	1566	1566	96	96	11	11	94	94	26	26	56	56	418	418	424	424	72	72	223	223	925	925	775	775	1759	1759	889	889	21	21	31	31	1955	1955	1616	1616	3	3	98	98	12906	12906	8573	8573	40109	40109	53965	53965	2	2	2	2
IND00180	105	105	548	548	269	269	1364	1364	43	43	30	30	1383	1383	3426	3426	3248	3248	3569	3569	1265	1265	488	488	366	366	258	258	476	476	3564	3564	8	8	171	171	5	5	1	1	1635	1635	2092	2092	83	83	116	116	4179	4179	5027	5027	1400	1400	1771	1771	22	22	117	117	1246	1246	1206	1206	1005	1005	854	854	31362	31362	14513	14513	58	58	73	73	1773	1773	10629	10629	228	228	770	770	400	400	3575	3575	29	29	9	9	1473	1473	2102	2102	104	104	26	26	91	91	75	75	5668	5668	6947	6947	22739	22739	6133	6133	23	23	1437	1437	15878	15878	3056	3056	244	244	224	224	56	56	84	84	44	44	30	30	1202	1202	558	558	72	72	62	62	145	145	463	463	545	545	390	390	973	973	629	629	33	33	92	92	56	56	64	64	489	489	39	39	204	204	229	229	218	218	582	582	921	921	803	803	28	28	12	12	698	698	2027	2027	45	45	75	75	11892	11892	16248	16248	52788	52788	7363	7363	2	2	2	2
IND00181	749	749	577	577	1897	1897	196	196	52	52	24	24	3194	3194	694	694	4016	4016	2027	2027	1014	1014	1693	1693	910	910	541	541	2844	2844	3432	3432	256	256	14	14	7	7	7	7	1585	1585	1733	1733	69	69	64	64	5633	5633	5524	5524	214	214	1497	1497	15	15	8	8	485	485	1706	1706	960	960	836	836	23962	23962	21314	21314	195	195	134	134	4954	4954	13094	13094	948	948	538	538	3124	3124	13908	13908	34	34	25	25	6417	6417	298	298	109	109	118	118	169	169	62	62	3405	3405	3118	3118	2272	2272	14063	14063	1084	1084	1409	1409	21921	21921	11864	11864	32	32	44	44	76	76	17	17	44	44	21	21	595	595	887	887	122	122	56	56	730	730	709	709	3911	3911	7426	7426	648	648	1957	1957	121	121	59	59	17	17	20	20	371	371	248	248	65	65	134	134	774	774	69	69	1698	1698	994	994	18	18	8	8	1654	1654	1713	1713	76	76	106	106	17693	17693	11566	11566	44246	44246	45540	45540	4	4	1	1
IND00182	655	655	428	428	442	442	1439	1439	6	6	45	45	3552	3552	1718	1718	1702	1702	3716	3716	2671	2671	3376	3376	7519	7519	1948	1948	1634	1634	290	290	251	251	39	39	12	12	4	4	3522	3522	3904	3904	83	83	4	4	1720	1720	4740	4740	1582	1582	1604	1604	55	55	40	40	1096	1096	1563	1563	548	548	768	768	25046	25046	2237	2237	18	18	5	5	2328	2328	12583	12583	620	620	1007	1007	14344	14344	7098	7098	35	35	25	25	1983	1983	1379	1379	95	95	58	58	1	1	6	6	393	393	6140	6140	839	839	19807	19807	1252	1252	405	405	1988	1988	22549	22549	71	71	206	206	45	45	26	26	49	49	40	40	832	832	1692	1692	33	33	40	40	747	747	310	310	5360	5360	4394	4394	651	651	630	630	10	10	101	101	40	40	13	13	282	282	338	338	3	3	135	135	630	630	313	313	995	995	545	545	16	16	15	15	1463	1463	1827	1827	81	81	56	56	30526	30526	18317	18317	50615	50615	43405	43405	1	1	4	4
IND00183	931	931	973	973	2048	2048	787	787	44	44	22	22	3251	3251	2835	2835	3910	3910	2258	2258	2253	2253	956	956	7691	7691	7526	7526	991	991	1744	1744	151	151	99	99	7	7	12	12	1497	1497	2850	2850	13	13	125	125	6353	6353	6369	6369	1194	1194	1679	1679	56	56	67	67	1896	1896	353	353	752	752	207	207	5329	5329	18126	18126	125	125	73	73	10174	10174	15659	15659	629	629	662	662	8207	8207	10463	10463	11	11	11	11	7635	7635	1091	1091	99	99	104	104	64	64	220	220	1330	1330	5165	5165	12204	12204	7383	7383	441	441	1463	1463	32366	32366	22067	22067	252	252	251	251	29	29	118	118	49	49	50	50	1228	1228	1362	1362	48	48	51	51	844	844	694	694	298	298	6342	6342	1991	1991	1658	1658	50	50	8	8	32	32	42	42	48	48	212	212	161	161	22	22	659	659	657	657	648	648	423	423	19	19	7	7	1668	1668	416	416	126	126	112	112	8561	8561	17283	17283	27376	27376	47230	47230	2	2	2	2
IND00184	104	104	294	294	353	353	399	399	48	48	13	13	3187	3187	2050	2050	699	699	2985	2985	4075	4075	1616	1616	322	322	7982	7982	518	518	3149	3149	81	81	81	81	8	8	1	1	3757	3757	390	390	3	3	84	84	7767	7767	5855	5855	1147	1147	1344	1344	27	27	124	124	512	512	1597	1597	333	333	867	867	32448	32448	5772	5772	140	140	172	172	5185	5185	8154	8154	997	997	172	172	1531	1531	11473	11473	63	63	22	22	6116	6116	4548	4548	31	31	1	1	79	79	58	58	2550	2550	837	837	5729	5729	17626	17626	2018	2018	375	375	25643	25643	10061	10061	130	130	89	89	69	69	96	96	31	31	57	57	1597	1597	194	194	49	49	125	125	594	594	109	109	71	71	6273	6273	1472	1472	2001	2001	44	44	6	6	1	1	59	59	332	332	172	172	79	79	117	117	635	635	584	584	299	299	781	781	24	24	20	20	892	892	1931	1931	87	87	126	126	14441	14441	12466	12466	33741	33741	29420	29420	2	2	1	1
IND00185	829	829	322	322	488	488	660	660	19	19	51	51	215	215	647	647	2494	2494	3889	3889	2838	2838	2013	2013	5638	5638	3504	3504	1604	1604	3590	3590	70	70	56	56	15	15	3	3	950	950	1292	1292	102	102	29	29	2730	2730	7639	7639	1520	1520	719	719	49	49	17	17	1881	1881	29	29	754	754	282	282	32618	32618	20357	20357	200	200	135	135	6814	6814	5652	5652	557	557	115	115	14912	14912	2113	2113	17	17	13	13	6089	6089	2963	2963	58	58	108	108	52	52	61	61	7746	7746	120	120	12558	12558	10406	10406	622	622	1295	1295	23859	23859	25534	25534	25	25	152	152	79	79	65	65	21	21	9	9	494	494	212	212	114	114	50	50	309	309	985	985	3101	3101	7655	7655	1940	1940	888	888	83	83	96	96	57	57	62	62	371	371	193	193	157	157	206	206	456	456	285	285	1342	1342	46	46	1	1	11	11	1317	1317	1806	1806	53	53	13	13	2638	2638	20100	20100	18150	18150	22579	22579	1	1	3	3
IND00186	245	245	142	142	1670	1670	1823	1823	41	41	55	55	32	32	1811	1811	961	961	4057	4057	1029	1029	524	524	6216	6216	2033	2033	639	639	3239	3239	123	123	139	139	2	2	12	12	468	468	1548	1548	17	17	91	91	379	379	5402	5402	108	108	1384	1384	118	118	6	6	719	719	1326	1326	110	110	1005	1005	25561	25561	17881	17881	59	59	221	221	10866	10866	13040	13040	230	230	334	334	5934	5934	7878	7878	24	24	59	59	5473	5473	1815	1815	78	78	11	11	61	61	170	170	6750	6750	1484	1484	28191	28191	29337	29337	1919	1919	631	631	23482	23482	22093	22093	144	144	248	248	123	123	127	127	39	39	52	52	268	268	400	400	7	7	36	36	454	454	714	714	5040	5040	181	181	396	396	1920	1920	119	119	63	63	37	37	57	57	472	472	374	374	211	211	243	243	987	987	605	605	871	871	770	770	30	30	23	23	201	201	846	846	124	124	101	101	30324	30324	17696	17696	42706	42706	58984	58984	2	2	1	1
IND00187	934	934	382	382	346	346	1821	1821	16	16	31	31	3079	3079	2808	2808	2268	2268	2185	2185	2987	2987	1620	1620	7347	7347	5304	5304	90	90	3034	3034	70	70	181	181	7	7	2	2	3576	3576	2341	2341	51	51	33	33	2196	2196	4924	4924	81	81	551	551	15	15	80	80	1870	1870	1179	1179	251	251	560	560	7416	7416	28422	28422	123	123	220	220	12493	12493	11193	11193	160	160	420	420	15849	15849	2171	2171	39	39	8	8	7151	7151	2874	2874	102	102	105	105	151	151	161	161	5411	5411	1403	1403	29091	29091	26790	26790	1141	1141	828	828	1677	1677	30210	30210	25	25	5	5	33	33	72	72	28	28	21	21	1377	1377	1672	1672	77	77	86	86	791	791	437	437	1831	1831	4614	4614	1521	1521	1634	1634	30	30	97	97	52	52	32	32	189	189	341	341	248	248	56	56	701	701	511	511	308	308	1320	1320	10	10	21	21	252	252	511	511	42	42	10	10	22239	22239	11544	11544	20320	20320	4662	4662	1	1	1	1
IND00188	616	616	321	321	1267	1267	1361	1361	26	26	44	44	2514	2514	967	967	1183	1183	2000	2000	456	456	2811	2811	513	513	5976	5976	211	211	366	366	17	17	32	32	14	14	12	12	447	447	1278	1278	74	74	86	86	2095	2095	7459	7459	1221	1221	117	117	116	116	104	104	1295	1295	908	908	465	465	796	796	6096	6096	13059	13059	79	79	172	172	9183	9183	1815	1815	479	479	87	87	15615	15615	5990	5990	57	57	20	20	7792	7792	665	665	3	3	114	114	234	234	42	42	5421	5421	4085	4085	3161	3161	26312	26312	1163	1163	626	626	22519	22519	2150	2150	103	103	22	22	119	119	70	70	22	22	14	14	1900	1900	1407	1407	100	100	58	58	248	248	152	152	3961	3961	5051	5051	1655	1655	736	736	70	70	116	116	38	38	60	60	336	336	42	42	54	54	181	181	749	749	962	962	497	497	1407	1407	14	14	31	31	1141	1141	674	674	48	48	85	85	23955	23955	21705	21705	54618	54618	20635	20635	3	3	4	4
IND00189	548	548	379	379	356	356	1580	1580	59	59	31	31	4027	4027	490	490	1292	1292	2758	2758	1874	1874	2827	2827	8054	8054	1081	1081	3054	3054	416	416	189	189	158	158	13	13	6	6	337	337	1526	1526	47	47	98	98	2189	2189	2518	2518	754	754	1044	1044	14	14	111	111	1230	1230	1664	1664	980	980	251	251	30527	30527	28675	28675	56	56	1	1	9935	9935	16150	16150	271	271	967	967	6443	6443	6390	6390	28	28	42	42	1519	1519	2032	2032	64	64	82	82	152	152	122	122	3319	3319	3903	3903	4128	4128	28369	28369	992	992	868	868	26554	26554	11540	11540	117	117	169	169	54	54	23	23	60	60	41	41	1226	1226	1043	1043	45	45	62	62	36	36	338	338	4541	4541	3372	3372	532	532	308	308	6	6	126	126	5	5	14	14	134	134	156	156	160	160	139	139	780	780	175	175	368	368	1482	1482	8	8	11	11	1479	1479	346	346	69	69	105	105	3131	3131	23052	23052	40672	40672	57771	57771	3	3	1	1
IND00190	641	641	23	23	16	16	654	654	58	58	49	49	821	821	849	849	2746	2746	970	970	394	394	1630	1630	5620	5620	3745	3745	445	445	3951	3951	69	69	162	162	1	1	1	1	3576	3576	4093	4093	52	52	47	47	447	447	1958	1958	1103	1103	120	120	126	126	95	95	2048	2048	871	871	886	886	217	217	14314	14314	450	450	108	108	186	186	12384	12384	6674	6674	382	382	648	648	5325	5325	3743	3743	13	13	52	52	1169	1169	4818	4818	114	114	56	56	138	138	181	181	5770	5770	3103	3103	20765	20765	11315	11315	2004	2004	276	276	21453	21453	21502	21502	93	93	140	140	98	98	5	5	16	16	63	63	2019	2019	1402	1402	91	91	27	27	480	480	475	475	5392	5392	2499	2499	479	479	576	576	96	96	119	119	60	60	31	31	104	104	122	122	233	233	104	104	850	850	748	748	1002	1002	777	777	9	9	17	17	1929	1929	741	741	70	70	108	108	19736	19736	25239	25239	8869	8869	8957	8957	2	2	3	3
IND00191	568	568	169	169	157	157	1428	1428	9	9	10	10	3114	3114	1779	1779	3395	3395	1747	1747	3390	3390	727	727	5846	5846	1881	1881	1662	1662	2971	2971	247	247	159	159	6	6	4	4	41	41	509	509	119	119	45	45	1901	1901	5211	5211	31	31	595	595	90	90	86	86	943	943	295	295	426	426	542	542	14580	14580	30486	30486	63	63	25	25	9270	9270	3063	3063	523	523	384	384	2113	2113	14885	14885	33	33	11	11	2275	2275	7816	7816	11	11	22	22	242	242	240	240	7099	7099	982	982	13522	13522	23013	23013	741	741	1640	1640	12083	12083	3631	3631	30	30	146	146	56	56	120	120	10	10	15	15	384	384	1747	1747	12	12	88	88	569	569	560	560	7189	7189	6630	6630	1737	1737	1309	1309	28	28	49	49	50	50	59	59	202	202	423	423	211	211	30	30	612	612	346	346	937	937	1077	1077	20	20	32	32	1092	1092	1560	1560	99	99	53	53	3715	3715	11718	11718	6601	6601	23430	23430	4	4	3	3
IND00192	888	888	42	42	710	710	1494	1494	11	11	33	33	2831	2831	186	186	2596	2596	2361	2361	3483	3483	880	880	3640	3640	8189	8189	2823	2823	1568	1568	252	252	227	227	10	10	3	3	3731	3731	1582	1582	55	55	77	77	1766	1766	6640	6640	334	334	183	183	109	109	120	120	473	473	894	894	511	511	48	48	7078	7078	30876	30876	37	37	234	234	14205	14205	12581	12581	258	258	747	747	8216	8216	6197	6197	46	46	48	48	6929	6929	2153	2153	57	57	1	1	221	221	23	23	593	593	3848	3848	18292	18292	12993	12993	662	662	1775	1775	16868	16868	5071	5071	237	237	44	44	14	14	43	43	11	11	10	10	829	829	34	34	72	72	87	87	736	736	567	567	2860	2860	3035	3035	1019	1019	773	773	67	67	86	86	24	24	10	10	355	355	97	97	24	24	72	72	436	436	512	512	1027	1027	1244	1244	22	22	25	25	1691	1691	1679	1679	26	26	74	74	23114	23114	17411	17411	54081	54081	9343	9343	3	3	2	2
IND00193	582	582	213	213	1198	1198	146	146	22	22	8	8	4027	4027	3617	3617	2611	2611	3764	3764	1550	1550	3140	3140	4456	4456	199	199	3065	3065	642	642	171	171	151	151	14	14	11	11	2439	2439	1806	1806	60	60	108	108	1053	1053	5738	5738	1456	1456	271	271	32	32	48	48	573	573	202	202	198	198	363	363	1468	1468	7611	7611	5	5	37	37	12750	12750	13342	13342	531	531	620	620	3076	3076	9637	9637	54	54	29	29	6700	6700	4567	4567	85	85	34	34	145	145	51	51	3323	3323	7827	7827	31534	31534	11065	11065	930	930	1282	1282	28682	28682	4373	4373	2	2	212	212	116	116	59	59	21	21	13	13	1931	1931	1609	1609	113	113	118	118	966	966	79	79	7786	7786	7655	7655	1745	1745	543	543	39	39	10	10	24	24	45	45	38	38	454	454	132	132	65	65	257	257	169	169	19	19	45	45	31	31	20	20	680	680	1125	1125	82	82	15	15	32465	32465	20715	20715	62389	62389	21580	21580	1	1	3	3
IND00194	833	833	843	843	1901	1901	1208	1208	64	64	27	27	104	104	3180	3180	3503	3503	142	142	1909	1909	1882	1882	4598	4598	5143	5143	3558	3558	3134	3134	63	63	138	138	15	15	3	3	776	776	802	802	109	109	68	68	6538	6538	4632	4632	1716	1716	333	333	128	128	106	106	684	684	463	463	66	66	1024	1024	12842	12842	9817	9817	216	216	185	185	956	956	11867	11867	50	50	230	230	15311	15311	9331	9331	40	40	9	9	1152	1152	5114	5114	1	1	72	72	256	256	95	95	3778	3778	7732	7732	14270	14270	3073	3073	1241	1241	2005	2005	2399	2399	30388	30388	126	126	227	227	24	24	81	81	7	7	2	2	699	699	1955	1955	2	2	44	44	693	693	416	416	778	778	1060	1060	1889	1889	671	671	3	3	84	84	23	23	53	53	78	78	270	270	43	43	100	100	297	297	799	799	321	321	1893	1893	26	26	4	4	131	131	1989	1989	95	95	62	62	30599	30599	19459	19459	57388	57388	4780	4780	3	3	4	4
IND00195	499	499	430	430	2028	2028	1337	1337	30	30	35	35	1037	1037	777	777	1901	1901	3896	3896	3318	3318	1719	1719	2891	2891	306	306	817	817	2974	2974	222	222	159	159	8	8	7	7	2670	2670	2815	2815	33	33	83	83	6201	6201	6347	6347	646	646	749	749	116	116	74	74	1121	1121	1312	1312	1006	1006	180	180	21333	21333	5221	5221	32	32	205	205	13334	13334	12917	12917	900	900	450	450	15969	15969	1682	1682	29	29	35	35	4492	4492	834	834	107	107	103	103	78	78	142	142	472	472	2541	2541	28413	28413	782	782	1506	1506	1543	1543	28153	28153	10798	10798	244	244	215	215	20	20	16	16	42	42	42	42	982	982	1382	1382	8	8	110	110	765	765	803	803	4050	4050	572	572	1423	1423	719	719	66	66	111	111	14	14	60	60	385	385	49	49	143	143	225	225	747	747	174	174	51	51	238	238	27	27	18	18	843	843	1845	1845	33	33	38	38	14803	14803	4258	4258	42562	42562	64290	64290	2	2	3	3
IND00196	901	901	578	578	1115	1115	1701	1701	23	23	39	39	2293	2293	3464	3464	1890	1890	2947	2947	3543	3543	2115	2115	1271	1271	271	271	3404	3404	2505	2505	233	233	218	218	13	13	13	13	863	863	2385	2385	28	28	63	63	462	462	5870	5870	280	280	1205	1205	55	55	115	115	1466	1466	1585	1585	538	538	936	936	4696	4696	28125	28125	81	81	130	130	9547	9547	9843	9843	773	773	829	829	14390	14390	9270	9270	52	52	62	62	6961	6961	8018	8018	73	73	48	48	54	54	254	254	4041	4041	2247	2247	6033	6033	18718	18718	246	246	1356	1356	16306	16306	7017	7017	160	160	117	117	72	72	41	41	51	51	26	26	2006	2006	497	497	106	106	115	115	533	533	9	9	2125	2125	7847	7847	1079	1079	2029	2029	105	105	29	29	5	5	20	20	205	205	497	497	8	8	206	206	84	84	136	136	866	866	1829	1829	16	16	23	23	1361	1361	547	547	38	38	19	19	10696	10696	32065	32065	1186	1186	30477	30477	1	1	1	1
IND00197	978	978	903	903	511	511	1701	1701	55	55	20	20	3135	3135	1310	1310	3196	3196	430	430	2921	2921	493	493	5516	5516	5126	5126	3360	3360	1807	1807	39	39	248	248	5	5	2	2	2472	2472	3731	3731	69	69	109	109	7539	7539	4964	4964	1979	1979	1626	1626	46	46	122	122	686	686	1839	1839	929	929	639	639	25499	25499	14727	14727	43	43	152	152	9864	9864	6602	6602	30	30	505	505	4987	4987	10390	10390	2	2	17	17	4405	4405	245	245	113	113	14	14	222	222	159	159	3405	3405	7033	7033	29840	29840	12245	12245	722	722	115	115	23593	23593	17186	17186	232	232	26	26	18	18	104	104	8	8	24	24	530	530	966	966	40	40	88	88	472	472	445	445	186	186	628	628	546	546	581	581	33	33	5	5	19	19	51	51	87	87	331	331	103	103	22	22	769	769	430	430	576	576	1040	1040	13	13	12	12	566	566	1396	1396	66	66	55	55	394	394	2643	2643	48217	48217	6527	6527	4	4	1	1
IND00198	447	447	437	437	898	898	1680	1680	57	57	52	52	1590	1590	3319	3319	3736	3736	470	470	1688	1688	470	470	2534	2534	1642	1642	948	948	3454	3454	133	133	67	67	1	1	1	1	2620	2620	3118	3118	53	53	25	25	5462	5462	5645	5645	14	14	910	910	59	59	23	23	355	355	1620	1620	937	937	654	654	29090	29090	29241	29241	115	115	13	13	13136	13136	3232	3232	104	104	900	900	5533	5533	5302	5302	59	59	2	2	1748	1748	1213	1213	70	70	98	98	18	18	14	14	2641	2641	3286	3286	18090	18090	7089	7089	1081	1081	1491	1491	6934	6934	30955	30955	189	189	105	105	50	50	86	86	58	58	39	39	550	550	1626	1626	120	120	127	127	32	32	220	220	5681	5681	7416	7416	565	565	201	201	25	25	67	67	57	57	27	27	61	61	23	23	123	123	74	74	833	833	910	910	1538	1538	470	470	27	27	21	21	170	170	1327	1327	46	46	103	103	15322	15322	29409	29409	47692	47692	26686	26686	3	3	2	2
IND00199	23	23	466	466	1411	1411	1410	1410	60	60	21	21	3518	3518	1249	1249	1242	1242	1883	1883	873	873	4076	4076	259	259	6983	6983	1833	1833	3500	3500	75	75	126	126	15	15	3	3	954	954	4039	4039	127	127	60	60	5096	5096	6827	6827	1707	1707	1182	1182	110	110	62	62	1239	1239	1234	1234	55	55	523	523	29938	29938	12626	12626	89	89	113	113	15017	15017	7968	7968	139	139	498	498	12221	12221	15674	15674	41	41	32	32	123	123	5683	5683	100	100	63	63	196	196	206	206	3698	3698	929	929	32590	32590	13185	13185	1696	1696	1059	1059	6954	6954	15779	15779	32	32	225	225	102	102	99	99	35	35	37	37	2045	2045	61	61	73	73	49	49	49	49	836	836	843	843	1236	1236	605	605	1911	1911	1	1	41	41	25	25	11	11	299	299	395	395	22	22	220	220	371	371	42	42	523	523	961	961	9	9	5	5	1698	1698	840	840	65	65	94	94	20329	20329	15340	15340	36931	36931	29075	29075	3	3	4	4
IND00200	703	703	689	689	1228	1228	290	290	58	58	61	61	1877	1877	3559	3559	1470	1470	2068	2068	1307	1307	2580	2580	6964	6964	47	47	3576	3576	2026	2026	198	198	158	158	1	1	7	7	3999	3999	2390	2390	17	17	120	120	6355	6355	6875	6875	1732	1732	908	908	25	25	35	35	361	361	514	514	541	541	631	631	11162	11162	32407	32407	246	246	254	254	9572	9572	6444	6444	902	902	773	773	8174	8174	12335	12335	35	35	22	22	4435	4435	6403	6403	61	61	93	93	86	86	251	251	6233	6233	4177	4177	20766	20766	15178	15178	231	231	1544	1544	28464	28464	6039	6039	206	206	168	168	91	91	9	9	15	15	11	11	1022	1022	583	583	34	34	101	101	1005	1005	973	973	7637	7637	3125	3125	1690	1690	1800	1800	87	87	47	47	57	57	37	37	247	247	93	93	93	93	155	155	518	518	559	559	1509	1509	1074	1074	11	11	4	4	183	183	394	394	45	45	103	103	14469	14469	31045	31045	14084	14084	35618	35618	4	4	3	3
IND00201	237	237	366	366	560	560	537	537	34	34	30	30	1774	1774	643	643	3141	3141	1898	1898	2864	2864	2428	2428	2936	2936	1151	1151	2445	2445	1949	1949	218	218	21	21	5	5	11	11	82	82	2407	2407	127	127	92	92	6802	6802	3466	3466	1742	1742	714	714	87	87	33	33	645	645	1678	1678	338	338	876	876	9654	9654	6609	6609	72	72	229	229	16313	16313	1758	1758	239	239	309	309	6005	6005	15285	15285	7	7	24	24	1293	1293	7386	7386	22	22	22	22	19	19	190	190	1182	1182	6640	6640	18601	18601	27585	27585	2018	2018	1467	1467	15852	15852	17062	17062	211	211	253	253	102	102	86	86	31	31	43	43	199	199	308	308	23	23	95	95	358	358	413	413	932	932	4748	4748	1736	1736	291	291	55	55	9	9	9	9	63	63	207	207	215	215	45	45	115	115	903	903	379	379	1585	1585	617	617	23	23	7	7	170	170	1508	1508	33	33	101	101	27453	27453	8161	8161	42300	42300	8650	8650	4	4	3	3
IND00202	440	440	273	273	2003	2003	1790	1790	63	63	13	13	2219	2219	225	225	195	195	2213	2213	3766	3766	2952	2952	7663	7663	3769	3769	1786	1786	192	192	33	33	18	18	14	14	8	8	2589	2589	3703	3703	16	16	96	96	6736	6736	5413	5413	383	383	1881	1881	51	51	80	80	411	411	50	50	458	458	853	853	11562	11562	2869	2869	32	32	101	101	4691	4691	7834	7834	206	206	979	979	4227	4227	13208	13208	41	41	10	10	6011	6011	3139	3139	29	29	43	43	66	66	11	11	3214	3214	3493	3493	32299	32299	17228	17228	1856	1856	1928	1928	15189	15189	24890	24890	239	239	218	218	43	43	77	77	43	43	47	47	788	788	484	484	30	30	118	118	52	52	163	163	3039	3039	7879	7879	611	611	266	266	87	87	37	37	42	42	15	15	334	334	422	422	31	31	91	91	968	968	919	919	1387	1387	1521	1521	17	17	16	16	1575	1575	1714	1714	94	94	8	8	26971	26971	6765	6765	51800	51800	8235	8235	2	2	4	4
IND00203	339	339	341	341	1170	1170	1172	1172	10	10	30	30	2117	2117	1426	1426	3770	3770	726	726	760	760	53	53	2942	2942	6500	6500	3600	3600	3188	3188	114	114	142	142	1	1	14	14	3488	3488	3453	3453	102	102	59	59	3963	3963	6928	6928	850	850	509	509	79	79	76	76	1727	1727	1913	1913	523	523	801	801	12871	12871	30204	30204	149	149	195	195	5279	5279	9196	9196	675	675	248	248	7724	7724	15163	15163	46	46	46	46	2836	2836	4035	4035	120	120	125	125	137	137	229	229	2657	2657	3852	3852	7704	7704	17184	17184	1227	1227	1188	1188	10392	10392	18843	18843	181	181	229	229	120	120	24	24	41	41	62	62	240	240	1535	1535	113	113	42	42	364	364	541	541	2176	2176	4354	4354	692	692	829	829	59	59	52	52	51	51	21	21	170	170	194	194	71	71	159	159	309	309	707	707	1559	1559	986	986	29	29	1	1	1854	1854	68	68	127	127	100	100	7953	7953	16692	16692	15522	15522	59780	59780	3	3	1	1
IND00204	119	119	888	888	393	393	1035	1035	53	53	21	21	1561	1561	663	663	1265	1265	1590	1590	1006	1006	207	207	1017	1017	1744	1744	2115	2115	2755	2755	31	31	120	120	11	11	12	12	1602	1602	4021	4021	31	31	87	87	3845	3845	8142	8142	1072	1072	1165	1165	16	16	36	36	662	662	1402	1402	534	534	17	17	28682	28682	9161	9161	131	131	96	96	3003	3003	3385	3385	559	559	849	849	6994	6994	3381	3381	50	50	35	35	5518	5518	3133	3133	13	13	121	121	218	218	221	221	1712	1712	1579	1579	7145	7145	4922	4922	937	937	1499	1499	14341	14341	31561	31561	192	192	3	3	6	6	103	103	45	45	50	50	1149	1149	603	603	14	14	8	8	420	420	21	21	4503	4503	4964	4964	1872	1872	366	366	28	28	98	98	43	43	1	1	87	87	151	151	115	115	161	161	863	863	345	345	664	664	1869	1869	31	31	12	12	1910	1910	1088	1088	52	52	107	107	32120	32120	28374	28374	16067	16067	58673	58673	3	3	2	2
IND00205	739	739	622	622	592	592	1916	1916	24	24	46	46	1033	1033	1596	1596	2262	2262	1167	1167	1561	1561	3388	3388	1525	1525	5963	5963	645	645	2089	2089	52	52	231	231	15	15	10	10	993	993	84	84	122	122	17	17	7105	7105	5759	5759	1170	1170	991	991	69	69	99	99	1721	1721	1549	1549	327	327	870	870	5683	5683	26239	26239	39	39	249	249	3528	3528	2726	2726	449	449	365	365	1681	1681	4658	4658	44	44	21	21	7164	7164	538	538	25	25	48	48	241	241	40	40	5693	5693	2123	2123	8471	8471	2516	2516	1036	1036	963	963	23879	23879	11492	11492	194	194	198	198	2	2	67	67	41	41	40	40	1891	1891	21	21	46	46	43	43	978	978	233	233	1920	1920	5665	5665	1182	1182	436	436	85	85	115	115	16	16	21	21	428	428	60	60	234	234	141	141	819	819	568	568	234	234	516	516	13	13	30	30	1648	1648	1296	1296	7	7	102	102	21509	21509	15417	15417	56124	56124	27980	27980	2	2	3	3
IND00206	845	845	283	283	520	520	1293	1293	9	9	17	17	4089	4089	469	469	2940	2940	1864	1864	85	85	1836	1836	7058	7058	5560	5560	911	911	4007	4007	194	194	32	32	7	7	6	6	3753	3753	3488	3488	41	41	102	102	6459	6459	818	818	1222	1222	1352	1352	101	101	79	79	1061	1061	1347	1347	526	526	350	350	21587	21587	3677	3677	72	72	118	118	1135	1135	11216	11216	670	670	925	925	6242	6242	12405	12405	44	44	26	26	1313	1313	6624	6624	63	63	112	112	249	249	248	248	3136	3136	4580	4580	5133	5133	771	771	1132	1132	1401	1401	27001	27001	7662	7662	248	248	141	141	17	17	46	46	31	31	61	61	1768	1768	1849	1849	99	99	9	9	433	433	722	722	927	927	7691	7691	935	935	1994	1994	82	82	81	81	35	35	40	40	36	36	141	141	220	220	222	222	224	224	983	983	221	221	802	802	25	25	9	9	296	296	929	929	34	34	63	63	4699	4699	30238	30238	39659	39659	61218	61218	1	1	2	2
IND00207	356	356	286	286	115	115	203	203	35	35	53	53	3133	3133	1455	1455	344	344	2592	2592	1675	1675	897	897	7954	7954	5327	5327	1595	1595	2743	2743	158	158	35	35	7	7	15	15	941	941	295	295	36	36	53	53	8178	8178	5876	5876	18	18	1721	1721	112	112	64	64	250	250	1047	1047	142	142	804	804	19634	19634	7652	7652	117	117	195	195	12283	12283	1399	1399	765	765	318	318	9703	9703	4398	4398	8	8	1	1	7554	7554	5505	5505	109	109	37	37	248	248	94	94	5885	5885	7574	7574	28422	28422	652	652	1679	1679	718	718	21725	21725	21876	21876	200	200	256	256	72	72	112	112	64	64	37	37	431	431	1480	1480	28	28	108	108	885	885	951	951	5888	5888	6879	6879	968	968	898	898	71	71	103	103	2	2	44	44	130	130	353	353	120	120	167	167	544	544	709	709	1165	1165	798	798	4	4	1	1	654	654	2042	2042	90	90	88	88	23956	23956	27676	27676	57798	57798	52193	52193	1	1	4	4
IND00208	582	582	93	93	1268	1268	207	207	38	38	51	51	3659	3659	1288	1288	2542	2542	2637	2637	1896	1896	4016	4016	6509	6509	7167	7167	2056	2056	590	590	124	124	147	147	2	2	12	12	2571	2571	3874	3874	77	77	33	33	8114	8114	62	62	1454	1454	309	309	65	65	56	56	241	241	1461	1461	182	182	75	75	19500	19500	26984	26984	142	142	38	38	4278	4278	6655	6655	612	612	272	272	48	48	1889	1889	33	33	22	22	6113	6113	1567	1567	77	77	24	24	54	54	23	23	6179	6179	5446	5446	8228	8228	1790	1790	1716	1716	655	655	13731	13731	20723	20723	69	69	183	183	13	13	62	62	44	44	18	18	80	80	466	466	70	70	84	84	860	860	901	901	3730	3730	1227	1227	1911	1911	1281	1281	10	10	8	8	61	61	13	13	139	139	94	94	182	182	151	151	579	579	216	216	1110	1110	605	605	10	10	9	9	389	389	145	145	65	65	4	4	19102	19102	30098	30098	29991	29991	53736	53736	1	1	3	3
IND00209	506	506	601	601	53	53	1294	1294	60	60	3	3	365	365	2249	2249	205	205	572	572	2958	2958	3027	3027	3163	3163	2347	2347	907	907	3760	3760	253	253	150	150	13	13	14	14	2977	2977	3052	3052	14	14	21	21	8056	8056	352	352	1427	1427	521	521	75	75	75	75	120	120	1702	1702	545	545	736	736	9186	9186	6800	6800	55	55	216	216	8074	8074	983	983	869	869	909	909	13547	13547	13081	13081	56	56	52	52	3512	3512	4124	4124	42	42	80	80	84	84	160	160	7083	7083	2633	2633	21505	21505	24797	24797	612	612	1868	1868	31607	31607	18308	18308	240	240	250	250	1	1	108	108	41	41	62	62	1543	1543	1350	1350	93	93	85	85	297	297	814	814	7471	7471	3503	3503	1903	1903	759	759	125	125	67	67	32	32	50	50	329	329	345	345	78	78	15	15	14	14	601	601	450	450	580	580	27	27	5	5	1164	1164	1583	1583	59	59	112	112	18398	18398	9267	9267	44317	44317	2250	2250	4	4	2	2
IND00210	438	438	332	332	825	825	50	50	39	39	44	44	177	177	532	532	946	946	577	577	353	353	2590	2590	5429	5429	172	172	3039	3039	788	788	164	164	26	26	1	1	12	12	78	78	400	400	58	58	71	71	67	67	5718	5718	790	790	1993	1993	89	89	26	26	973	973	146	146	106	106	996	996	119	119	4569	4569	24	24	213	213	16292	16292	13517	13517	7	7	85	85	12800	12800	2079	2079	18	18	45	45	7797	7797	8020	8020	105	105	72	72	155	155	227	227	5893	5893	2252	2252	24299	24299	27422	27422	239	239	461	461	30409	30409	9377	9377	201	201	209	209	77	77	72	72	61	61	21	21	304	304	177	177	43	43	10	10	147	147	998	998	5820	5820	6041	6041	264	264	1289	1289	111	111	119	119	54	54	25	25	77	77	241	241	158	158	176	176	597	597	39	39	666	666	1203	1203	1	1	9	9	2010	2010	1531	1531	97	97	103	103	9739	9739	364	364	243	243	36335	36335	2	2	4	4
IND00211	330	330	406	406	1749	1749	1706	1706	49	49	19	19	3592	3592	733	733	2281	2281	1435	1435	1235	1235	970	970	550	550	7602	7602	577	577	741	741	196	196	140	140	1	1	2	2	577	577	973	973	109	109	45	45	1905	1905	6478	6478	785	785	1821	1821	23	23	39	39	1089	1089	51	51	481	481	508	508	17686	17686	23453	23453	6	6	53	53	1623	1623	1258	1258	74	74	762	762	6702	6702	15340	15340	60	60	52	52	1365	1365	1512	1512	106	106	73	73	87	87	256	256	7135	7135	6132	6132	5525	5525	7800	7800	686	686	1568	1568	3034	3034	11117	11117	182	182	33	33	40	40	64	64	35	35	15	15	482	482	729	729	83	83	59	59	189	189	164	164	3306	3306	3387	3387	295	295	1412	1412	75	75	54	54	3	3	24	24	127	127	440	440	188	188	16	16	11	11	734	734	1854	1854	405	405	13	13	16	16	1554	1554	1849	1849	4	4	89	89	20746	20746	3221	3221	35221	35221	58954	58954	2	2	1	1
IND00212	613	613	145	145	453	453	1202	1202	7	7	52	52	2713	2713	4002	4002	775	775	566	566	880	880	849	849	6944	6944	965	965	1547	1547	52	52	108	108	196	196	9	9	13	13	1155	1155	3091	3091	122	122	89	89	1241	1241	5110	5110	344	344	1854	1854	68	68	23	23	328	328	420	420	121	121	914	914	7910	7910	18131	18131	135	135	156	156	14612	14612	3333	3333	597	597	594	594	4966	4966	9481	9481	9	9	11	11	3863	3863	2059	2059	64	64	16	16	77	77	172	172	5088	5088	981	981	5991	5991	30577	30577	2027	2027	1933	1933	3201	3201	4452	4452	17	17	34	34	11	11	109	109	12	12	46	46	254	254	392	392	32	32	45	45	643	643	79	79	3300	3300	1410	1410	1980	1980	705	705	88	88	108	108	47	47	29	29	209	209	227	227	39	39	7	7	716	716	1017	1017	1081	1081	195	195	26	26	6	6	12	12	1630	1630	110	110	96	96	18644	18644	3696	3696	29662	29662	35663	35663	2	2	2	2
IND00213	373	373	265	265	622	622	2030	2030	25	25	31	31	2520	2520	3515	3515	2592	2592	3247	3247	2505	2505	3564	3564	4306	4306	1832	1832	2070	2070	2481	2481	51	51	188	188	7	7	2	2	141	141	2551	2551	88	88	119	119	6053	6053	602	602	1824	1824	994	994	45	45	109	109	1920	1920	237	237	559	559	77	77	5811	5811	32272	32272	91	91	250	250	9574	9574	14808	14808	994	994	907	907	6386	6386	12065	12065	40	40	62	62	3926	3926	7352	7352	85	85	69	69	28	28	251	251	1448	1448	5083	5083	1196	1196	16776	16776	1836	1836	1295	1295	28337	28337	25842	25842	72	72	47	47	11	11	109	109	57	57	45	45	126	126	348	348	96	96	71	71	612	612	5	5	7346	7346	5198	5198	881	881	1948	1948	43	43	99	99	3	3	25	25	492	492	194	194	182	182	218	218	574	574	960	960	692	692	265	265	15	15	15	15	788	788	113	113	16	16	89	89	21862	21862	14128	14128	31205	31205	54804	54804	1	1	3	3
IND00214	442	442	561	561	595	595	703	703	28	28	45	45	513	513	1167	1167	2138	2138	1543	1543	1742	1742	293	293	941	941	618	618	395	395	188	188	102	102	77	77	13	13	10	10	360	360	2497	2497	73	73	86	86	1039	1039	6957	6957	1460	1460	1278	1278	46	46	97	97	1965	1965	1570	1570	817	817	923	923	26866	26866	8600	8600	63	63	237	237	4769	4769	6516	6516	110	110	768	768	13053	13053	12245	12245	5	5	58	58	4469	4469	5469	5469	79	79	48	48	233	233	128	128	1800	1800	5985	5985	2925	2925	12194	12194	1503	1503	671	671	16084	16084	4013	4013	23	23	215	215	19	19	83	83	56	56	24	24	1775	1775	269	269	84	84	70	70	236	236	14	14	7148	7148	5457	5457	4	4	1966	1966	78	78	127	127	9	9	31	31	74	74	470	470	109	109	187	187	658	658	630	630	1202	1202	357	357	29	29	2	2	311	311	1993	1993	76	76	51	51	25971	25971	8312	8312	4928	4928	41362	41362	4	4	3	3
IND00215	294	294	853	853	1906	1906	314	314	16	16	32	32	1284	1284	253	253	1780	1780	1514	1514	2111	2111	2876	2876	5354	5354	1605	1605	712	712	1572	1572	7	7	66	66	6	6	13	13	1947	1947	3775	3775	126	126	86	86	5108	5108	6203	6203	855	855	1614	1614	46	46	115	115	413	413	1734	1734	970	970	150	150	10058	10058	20976	20976	249	249	105	105	5324	5324	11006	11006	1024	1024	752	752	8514	8514	11595	11595	21	21	27	27	6145	6145	5623	5623	72	72	90	90	225	225	191	191	781	781	4951	4951	13689	13689	18743	18743	762	762	1733	1733	22285	22285	21105	21105	16	16	255	255	64	64	123	123	63	63	52	52	160	160	1888	1888	7	7	112	112	814	814	500	500	4889	4889	1394	1394	1641	1641	1217	1217	42	42	63	63	23	23	12	12	429	429	111	111	175	175	158	158	565	565	443	443	1218	1218	377	377	26	26	31	31	1871	1871	1496	1496	111	111	69	69	11491	11491	15947	15947	53227	53227	53084	53084	1	1	4	4
IND00216	916	916	347	347	1262	1262	1519	1519	18	18	6	6	2855	2855	3874	3874	337	337	893	893	1951	1951	1098	1098	1028	1028	4344	4344	2293	2293	3574	3574	219	219	250	250	12	12	6	6	1744	1744	2541	2541	113	113	50	50	6602	6602	2676	2676	1641	1641	293	293	89	89	76	76	53	53	1513	1513	181	181	749	749	20213	20213	27335	27335	236	236	89	89	2163	2163	8648	8648	214	214	648	648	2102	2102	4880	4880	45	45	25	25	114	114	1585	1585	123	123	14	14	46	46	158	158	7729	7729	3591	3591	27099	27099	24975	24975	1218	1218	98	98	18439	18439	15912	15912	67	67	79	79	121	121	94	94	54	54	48	48	779	779	1663	1663	69	69	54	54	732	732	482	482	1726	1726	6070	6070	1810	1810	420	420	4	4	77	77	35	35	51	51	142	142	337	337	138	138	3	3	846	846	350	350	1061	1061	1973	1973	7	7	22	22	753	753	1698	1698	23	23	71	71	21619	21619	18645	18645	64584	64584	61448	61448	3	3	4	4
IND00217	149	149	908	908	1515	1515	386	386	43	43	47	47	1533	1533	4029	4029	618	618	1221	1221	3190	3190	837	837	6722	6722	4868	4868	3457	3457	1002	1002	59	59	254	254	14	14	16	16	2674	2674	2704	2704	93	93	107	107	107	107	5424	5424	986	986	1815	1815	64	64	116	116	323	323	1788	1788	469	469	450	450	13917	13917	20932	20932	44	44	39	39	5027	5027	7472	7472	437	437	759	759	16379	16379	5769	5769	2	2	38	38	4561	4561	994	994	39	39	83	83	196	196	46	46	4282	4282	7463	7463	14201	14201	30950	30950	371	371	455	455	4858	4858	31246	31246	71	71	106	106	61	61	31	31	27	27	4	4	1953	1953	469	469	45	45	13	13	666	666	772	772	2111	2111	5444	5444	635	635	289	289	57	57	34	34	16	16	32	32	228	228	390	390	194	194	227	227	167	167	854	854	1738	1738	1998	1998	10	10	11	11	1669	1669	1266	1266	120	120	31	31	26886	26886	2913	2913	41974	41974	1588	1588	1	1	2	2
IND00218	390	390	39	39	1028	1028	1313	1313	58	58	10	10	3186	3186	543	543	233	233	781	781	1120	1120	961	961	3646	3646	1753	1753	2173	2173	2357	2357	109	109	64	64	13	13	6	6	3423	3423	2432	2432	110	110	63	63	3098	3098	1100	1100	1405	1405	205	205	16	16	96	96	549	549	1469	1469	382	382	816	816	17706	17706	21794	21794	228	228	150	150	9008	9008	3239	3239	3	3	270	270	481	481	6328	6328	47	47	33	33	5186	5186	3438	3438	50	50	80	80	19	19	110	110	5067	5067	5603	5603	31236	31236	28953	28953	1808	1808	305	305	14855	14855	15731	15731	160	160	167	167	93	93	15	15	2	2	35	35	881	881	1371	1371	65	65	28	28	854	854	1002	1002	1064	1064	3637	3637	1053	1053	1169	1169	105	105	63	63	24	24	15	15	372	372	415	415	249	249	81	81	398	398	751	751	404	404	216	216	20	20	10	10	357	357	1637	1637	64	64	104	104	25807	25807	10777	10777	43633	43633	52127	52127	3	3	4	4
IND00219	361	361	950	950	483	483	369	369	8	8	5	5	557	557	2920	2920	1230	1230	2004	2004	1479	1479	1743	1743	3795	3795	3104	3104	1708	1708	2267	2267	7	7	138	138	16	16	8	8	1753	1753	751	751	90	90	50	50	1414	1414	4499	4499	1840	1840	818	818	25	25	71	71	1139	1139	481	481	374	374	73	73	25231	25231	18790	18790	118	118	50	50	6855	6855	14515	14515	829	829	427	427	11940	11940	6480	6480	60	60	24	24	3626	3626	7441	7441	113	113	86	86	126	126	248	248	6486	6486	6909	6909	21131	21131	2547	2547	1584	1584	1686	1686	712	712	28005	28005	80	80	182	182	128	128	37	37	41	41	50	50	1598	1598	217	217	12	12	33	33	126	126	445	445	3992	3992	584	584	553	553	981	981	28	28	78	78	35	35	33	33	464	464	344	344	92	92	160	160	123	123	982	982	256	256	1357	1357	4	4	29	29	1782	1782	953	953	51	51	115	115	13592	13592	3450	3450	23903	23903	51674	51674	1	1	1	1
IND00220	946	946	948	948	638	638	1666	1666	52	52	41	41	2146	2146	1958	1958	1792	1792	1729	1729	1789	1789	2637	2637	6959	6959	1277	1277	807	807	1483	1483	43	43	66	66	4	4	13	13	1617	1617	709	709	116	116	62	62	4540	4540	5249	5249	1398	1398	1611	1611	63	63	79	79	1533	1533	1971	1971	57	57	742	742	19549	19549	3198	3198	117	117	36	36	11169	11169	228	228	566	566	123	123	2892	2892	1936	1936	8	8	47	47	4892	4892	6550	6550	97	97	4	4	96	96	82	82	7134	7134	4779	4779	15422	15422	19872	19872	1335	1335	46	46	20022	20022	14512	14512	46	46	106	106	77	77	92	92	54	54	26	26	416	416	1749	1749	21	21	86	86	862	862	918	918	5878	5878	4143	4143	100	100	774	774	123	123	26	26	23	23	49	49	154	154	377	377	177	177	131	131	473	473	584	584	1029	1029	1431	1431	2	2	7	7	1848	1848	1957	1957	25	25	31	31	29344	29344	30888	30888	44115	44115	33236	33236	1	1	3	3
IND00221	421	421	691	691	1801	1801	1206	1206	43	43	14	14	192	192	760	760	13	13	149	149	1410	1410	955	955	6374	6374	7704	7704	1089	1089	2666	2666	230	230	119	119	9	9	13	13	1492	1492	2201	2201	109	109	92	92	5933	5933	6352	6352	743	743	1550	1550	22	22	49	49	644	644	1171	1171	599	599	337	337	7948	7948	23841	23841	85	85	31	31	4856	4856	10137	10137	580	580	51	51	15925	15925	15119	15119	44	44	52	52	876	876	692	692	94	94	84	84	191	191	114	114	2276	2276	4183	4183	7889	7889	14647	14647	573	573	8	8	16767	16767	26166	26166	218	218	217	217	104	104	9	9	34	34	19	19	1208	1208	1300	1300	37	37	110	110	64	64	81	81	6292	6292	3295	3295	11	11	1902	1902	66	66	19	19	37	37	30	30	102	102	193	193	174	174	91	91	892	892	522	522	1303	1303	1697	1697	18	18	27	27	1293	1293	1975	1975	5	5	10	10	9214	9214	5222	5222	51728	51728	58760	58760	2	2	3	3
IND00222	661	661	278	278	857	857	1847	1847	19	19	53	53	207	207	3564	3564	2724	2724	1570	1570	1470	1470	3037	3037	3065	3065	1496	1496	2374	2374	1947	1947	171	171	233	233	13	13	11	11	2352	2352	2768	2768	26	26	37	37	3567	3567	4596	4596	652	652	1860	1860	90	90	51	51	35	35	833	833	136	136	496	496	3722	3722	9763	9763	83	83	201	201	11768	11768	4892	4892	481	481	320	320	7619	7619	1791	1791	37	37	44	44	2452	2452	1597	1597	24	24	12	12	123	123	16	16	7259	7259	662	662	24700	24700	4253	4253	413	413	1386	1386	21096	21096	15234	15234	205	205	76	76	3	3	81	81	5	5	44	44	1408	1408	1953	1953	12	12	52	52	241	241	796	796	1819	1819	3050	3050	1399	1399	358	358	74	74	41	41	55	55	59	59	474	474	502	502	34	34	183	183	902	902	544	544	1192	1192	648	648	21	21	16	16	1629	1629	1097	1097	73	73	54	54	22848	22848	22956	22956	12443	12443	26295	26295	3	3	1	1
IND00223	705	705	89	89	1794	1794	1254	1254	28	28	53	53	3606	3606	3669	3669	3710	3710	3514	3514	2229	2229	3722	3722	664	664	7954	7954	2775	2775	1161	1161	218	218	150	150	3	3	5	5	3951	3951	1482	1482	22	22	69	69	5688	5688	4356	4356	1250	1250	1729	1729	1	1	58	58	1093	1093	775	775	18	18	598	598	5349	5349	5859	5859	217	217	38	38	15685	15685	12819	12819	336	336	165	165	5142	5142	13068	13068	15	15	7	7	1554	1554	2627	2627	62	62	124	124	220	220	130	130	4039	4039	2858	2858	1980	1980	26352	26352	93	93	9	9	27290	27290	31865	31865	217	217	84	84	94	94	49	49	8	8	63	63	1651	1651	1774	1774	59	59	76	76	233	233	473	473	3321	3321	3309	3309	211	211	1891	1891	7	7	83	83	60	60	19	19	33	33	161	161	166	166	158	158	782	782	964	964	579	579	458	458	1	1	29	29	1134	1134	311	311	98	98	61	61	16366	16366	30210	30210	32204	32204	41929	41929	2	2	1	1
IND00224	443	443	833	833	492	492	285	285	39	39	46	46	4091	4091	3945	3945	3662	3662	1574	1574	1547	1547	2222	2222	1963	1963	7812	7812	1065	1065	3993	3993	104	104	53	53	13	13	9	9	114	114	2896	2896	62	62	66	66	8023	8023	4233	4233	104	104	382	382	126	126	23	23	128	128	1561	1561	635	635	904	904	12544	12544	6127	6127	148	148	189	189	9437	9437	9106	9106	333	333	504	504	15008	15008	13692	13692	13	13	7	7	4999	4999	2640	2640	110	110	11	11	122	122	84	84	7813	7813	7048	7048	4604	4604	9029	9029	40	40	1574	1574	31511	31511	17014	17014	200	200	18	18	123	123	94	94	23	23	32	32	1820	1820	1300	1300	6	6	108	108	140	140	975	975	4965	4965	4497	4497	1321	1321	1544	1544	57	57	62	62	34	34	14	14	81	81	300	300	74	74	247	247	431	431	389	389	472	472	1601	1601	30	30	16	16	2036	2036	420	420	98	98	108	108	14271	14271	11613	11613	54086	54086	54821	54821	2	2	3	3
IND00225	130	130	668	668	1172	1172	924	924	55	55	3	3	20	20	1903	1903	2014	2014	440	440	2321	2321	476	476	5847	5847	2652	2652	503	503	3605	3605	127	127	57	57	14	14	2	2	1869	1869	814	814	119	119	83	83	3931	3931	3825	3825	903	903	224	224	92	92	105	105	838	838	1494	1494	791	791	228	228	15217	15217	10080	10080	190	190	77	77	3641	3641	14875	14875	6	6	851	851	5530	5530	4143	4143	14	14	44	44	540	540	4018	4018	18	18	36	36	91	91	192	192	2441	2441	588	588	9039	9039	28938	28938	526	526	486	486	23723	23723	6878	6878	201	201	242	242	29	29	92	92	3	3	46	46	617	617	1206	1206	9	9	31	31	407	407	512	512	5688	5688	6550	6550	644	644	1438	1438	59	59	109	109	62	62	19	19	4	4	320	320	43	43	53	53	643	643	512	512	1740	1740	929	929	31	31	29	29	2018	2018	708	708	36	36	26	26	15980	15980	10901	10901	29712	29712	51669	51669	4	4	4	4
IND00226	488	488	645	645	129	129	11	11	61	61	3	3	2520	2520	542	542	645	645	1828	1828	2350	2350	3171	3171	7629	7629	283	283	303	303	3974	3974	251	251	116	116	14	14	11	11	872	872	3758	3758	48	48	95	95	1346	1346	944	944	637	637	827	827	109	109	107	107	1504	1504	393	393	137	137	48	48	31007	31007	17691	17691	158	158	66	66	5454	5454	8633	8633	712	712	373	373	2424	2424	7879	7879	56	56	9	9	3878	3878	7809	7809	59	59	5	5	176	176	60	60	3099	3099	1249	1249	24272	24272	30428	30428	1454	1454	698	698	25760	25760	7695	7695	42	42	161	161	126	126	90	90	19	19	11	11	1891	1891	1913	1913	60	60	117	117	730	730	102	102	980	980	2528	2528	777	777	363	363	126	126	48	48	24	24	48	48	133	133	341	341	51	51	223	223	780	780	815	815	359	359	2044	2044	11	11	5	5	1992	1992	971	971	19	19	106	106	31596	31596	22950	22950	47179	47179	64368	64368	4	4	4	4
IND00227	449	449	471	471	993	993	1445	1445	15	15	29	29	2087	2087	973	973	3655	3655	2998	2998	3617	3617	1968	1968	4663	4663	2397	2397	3784	3784	2469	2469	17	17	52	52	7	7	2	2	2467	2467	2710	2710	117	117	57	57	7763	7763	5027	5027	522	522	1983	1983	34	34	33	33	405	405	12	12	784	784	632	632	2832	2832	570	570	59	59	95	95	264	264	5667	5667	464	464	625	625	3576	3576	16133	16133	51	51	44	44	7797	7797	4912	4912	86	86	75	75	7	7	73	73	7416	7416	1609	1609	9019	9019	9110	9110	2019	2019	342	342	22802	22802	2795	2795	206	206	14	14	74	74	27	27	51	51	50	50	567	567	801	801	122	122	101	101	253	253	82	82	4304	4304	1493	1493	602	602	1444	1444	69	69	74	74	13	13	37	37	3	3	268	268	254	254	21	21	161	161	80	80	1479	1479	1645	1645	29	29	32	32	1369	1369	1217	1217	55	55	54	54	28387	28387	21099	21099	25741	25741	18834	18834	3	3	1	1
IND00228	183	183	949	949	1066	1066	366	366	30	30	40	40	3907	3907	2368	2368	616	616	4037	4037	721	721	1790	1790	4092	4092	4908	4908	1856	1856	1253	1253	188	188	141	141	9	9	13	13	515	515	3837	3837	77	77	57	57	6317	6317	5998	5998	1714	1714	458	458	114	114	27	27	1753	1753	853	853	29	29	243	243	26000	26000	19787	19787	199	199	33	33	7844	7844	16247	16247	521	521	733	733	8004	8004	1815	1815	28	28	42	42	1968	1968	7259	7259	60	60	97	97	247	247	253	253	1573	1573	6779	6779	5670	5670	1879	1879	1004	1004	1548	1548	5595	5595	13627	13627	121	121	203	203	53	53	100	100	47	47	53	53	1830	1830	1257	1257	117	117	6	6	958	958	885	885	3665	3665	2286	2286	1673	1673	933	933	69	69	20	20	18	18	27	27	429	429	158	158	78	78	227	227	9	9	121	121	1843	1843	1454	1454	25	25	22	22	643	643	1010	1010	98	98	2	2	10895	10895	4973	4973	60032	60032	38001	38001	4	4	2	2
IND00229	152	152	300	300	913	913	448	448	44	44	5	5	2501	2501	2061	2061	2331	2331	1078	1078	2949	2949	3223	3223	1971	1971	4730	4730	3614	3614	3803	3803	134	134	138	138	4	4	4	4	1462	1462	3953	3953	70	70	100	100	6561	6561	2593	2593	733	733	1860	1860	16	16	35	35	316	316	426	426	809	809	125	125	25379	25379	3564	3564	28	28	52	52	5498	5498	2515	2515	913	913	61	61	9314	9314	11862	11862	55	55	55	55	6794	6794	3280	3280	10	10	117	117	99	99	177	177	5330	5330	5060	5060	28733	28733	5589	5589	1363	1363	1144	1144	11937	11937	9572	9572	224	224	58	58	67	67	77	77	36	36	17	17	398	398	357	357	124	124	8	8	962	962	246	246	3182	3182	2788	2788	123	123	1300	1300	71	71	103	103	49	49	5	5	91	91	187	187	256	256	88	88	73	73	552	552	1232	1232	698	698	1	1	20	20	224	224	1290	1290	117	117	69	69	3432	3432	10254	10254	36582	36582	7423	7423	2	2	4	4
IND00230	588	588	437	437	944	944	1975	1975	46	46	51	51	1225	1225	3388	3388	748	748	1464	1464	1276	1276	2900	2900	6478	6478	1823	1823	1866	1866	84	84	255	255	163	163	3	3	4	4	1729	1729	2883	2883	55	55	31	31	3633	3633	2625	2625	1852	1852	113	113	9	9	86	86	1874	1874	1198	1198	753	753	983	983	21300	21300	27448	27448	217	217	117	117	11594	11594	11481	11481	901	901	64	64	2893	2893	7636	7636	24	24	33	33	2020	2020	393	393	19	19	19	19	200	200	217	217	6523	6523	7640	7640	1087	1087	32755	32755	2024	2024	524	524	1605	1605	31603	31603	167	167	15	15	41	41	32	32	15	15	27	27	422	422	289	289	69	69	66	66	1014	1014	834	834	7101	7101	7338	7338	1870	1870	1892	1892	45	45	31	31	24	24	61	61	470	470	114	114	121	121	183	183	113	113	176	176	1663	1663	462	462	3	3	11	11	1172	1172	1509	1509	51	51	27	27	20280	20280	18746	18746	30158	30158	648	648	2	2	1	1
IND00231	770	770	647	647	75	75	798	798	40	40	55	55	2993	2993	3010	3010	2542	2542	432	432	2259	2259	2434	2434	4075	4075	7045	7045	2268	2268	1286	1286	89	89	18	18	5	5	12	12	952	952	184	184	7	7	92	92	1980	1980	3547	3547	107	107	69	69	18	18	37	37	409	409	1249	1249	716	716	43	43	1800	1800	7969	7969	47	47	70	70	1327	1327	11801	11801	712	712	965	965	3317	3317	6888	6888	50	50	18	18	6283	6283	6736	6736	103	103	71	71	207	207	95	95	4987	4987	6543	6543	4237	4237	31836	31836	588	588	7	7	9116	9116	31063	31063	90	90	147	147	40	40	20	20	23	23	11	11	559	559	524	524	84	84	75	75	23	23	598	598	6010	6010	7724	7724	1959	1959	290	290	68	68	6	6	61	61	27	27	126	126	498	498	171	171	230	230	599	599	184	184	695	695	742	742	9	9	20	20	1968	1968	482	482	102	102	79	79	16667	16667	188	188	58552	58552	29252	29252	1	1	1	1
IND00232	478	478	105	105	420	420	1220	1220	8	8	32	32	3763	3763	3788	3788	725	725	743	743	2250	2250	92	92	808	808	3946	3946	2785	2785	795	795	93	93	196	196	1	1	4	4	3866	3866	1871	1871	72	72	71	71	4067	4067	5827	5827	1128	1128	260	260	127	127	5	5	671	671	605	605	831	831	346	346	19733	19733	10834	10834	14	14	91	91	15931	15931	16174	16174	255	255	434	434	495	495	13605	13605	55	55	62	62	5917	5917	6001	6001	38	38	24	24	72	72	19	19	7519	7519	2494	2494	602	602	6737	6737	1604	1604	1831	1831	12832	12832	26808	26808	244	244	177	177	31	31	18	18	41	41	14	14	1858	1858	1878	1878	68	68	47	47	108	108	966	966	4136	4136	110	110	1336	1336	1925	1925	80	80	45	45	54	54	56	56	78	78	250	250	34	34	188	188	446	446	857	857	1838	1838	681	681	10	10	9	9	2046	2046	70	70	52	52	14	14	14731	14731	26412	26412	10102	10102	7030	7030	4	4	1	1
IND00233	884	884	626	626	612	612	955	955	16	16	59	59	2736	2736	860	860	363	363	3234	3234	1463	1463	965	965	2068	2068	3878	3878	1320	1320	680	680	58	58	235	235	4	4	5	5	4011	4011	1765	1765	113	113	37	37	7659	7659	1570	1570	852	852	703	703	96	96	35	35	833	833	1446	1446	1017	1017	731	731	20329	20329	32638	32638	255	255	119	119	1554	1554	7308	7308	116	116	235	235	4498	4498	9435	9435	23	23	52	52	2304	2304	3415	3415	62	62	119	119	92	92	114	114	7169	7169	1462	1462	31443	31443	8500	8500	73	73	582	582	23881	23881	3503	3503	123	123	249	249	87	87	99	99	14	14	5	5	1672	1672	1880	1880	7	7	75	75	649	649	441	441	3640	3640	58	58	368	368	478	478	95	95	37	37	59	59	40	40	452	452	182	182	123	123	230	230	617	617	965	965	710	710	1861	1861	27	27	14	14	1722	1722	1774	1774	6	6	92	92	878	878	23274	23274	9800	9800	54018	54018	3	3	2	2
IND00234	600	600	334	334	1186	1186	337	337	42	42	55	55	212	212	3456	3456	1409	1409	3828	3828	2057	2057	2288	2288	2265	2265	7258	7258	536	536	3849	3849	113	113	233	233	11	11	16	16	1454	1454	1346	1346	60	60	14	14	918	918	7401	7401	1898	1898	697	697	88	88	60	60	531	531	912	912	981	981	737	737	11771	11771	15351	15351	3	3	87	87	4837	4837	12732	12732	55	55	645	645	2977	2977	1775	1775	17	17	37	37	5510	5510	7008	7008	70	70	17	17	31	31	173	173	7268	7268	1131	1131	18302	18302	7682	7682	140	140	335	335	17574	17574	18908	18908	57	57	226	226	66	66	34	34	49	49	48	48	242	242	274	274	26	26	77	77	214	214	970	970	3385	3385	2818	2818	1979	1979	142	142	29	29	11	11	58	58	4	4	395	395	498	498	191	191	239	239	740	740	468	468	1799	1799	226	226	30	30	25	25	321	321	411	411	93	93	64	64	24857	24857	14203	14203	12164	12164	14383	14383	3	3	3	3
IND00235	725	725	8	8	1041	1041	1002	1002	41	41	13	13	2835	2835	1821	1821	1126	1126	3161	3161	1027	1027	575	575	4207	4207	6571	6571	3986	3986	2816	2816	160	160	39	39	3	3	10	10	3044	3044	1857	1857	124	124	30	30	1848	1848	3395	3395	1104	1104	449	449	61	61	92	92	640	640	412	412	421	421	448	448	6736	6736	21317	21317	105	105	158	158	4492	4492	5588	5588	141	141	577	577	7952	7952	91	91	13	13	16	16	6752	6752	2303	2303	31	31	29	29	236	236	89	89	5274	5274	5962	5962	26938	26938	10858	10858	341	341	1303	1303	7475	7475	12201	12201	157	157	9	9	67	67	27	27	59	59	8	8	1714	1714	371	371	46	46	77	77	889	889	307	307	3283	3283	2435	2435	1834	1834	1873	1873	59	59	77	77	18	18	32	32	504	504	68	68	225	225	14	14	415	415	70	70	1418	1418	99	99	23	23	20	20	1319	1319	853	853	3	3	63	63	12489	12489	26405	26405	30030	30030	44262	44262	2	2	1	1
IND00236	848	848	475	475	1268	1268	644	644	50	50	54	54	3548	3548	253	253	271	271	2755	2755	3786	3786	3500	3500	8135	8135	7118	7118	1784	1784	1669	1669	153	153	2	2	5	5	11	11	2864	2864	1030	1030	98	98	117	117	326	326	291	291	1486	1486	474	474	59	59	4	4	563	563	1400	1400	770	770	690	690	20126	20126	22762	22762	225	225	71	71	11054	11054	7531	7531	599	599	250	250	12470	12470	9889	9889	24	24	1	1	4955	4955	2228	2228	91	91	23	23	8	8	61	61	590	590	5886	5886	5753	5753	10036	10036	338	338	323	323	23292	23292	19187	19187	132	132	180	180	70	70	81	81	4	4	35	35	1336	1336	1828	1828	49	49	20	20	545	545	348	348	5818	5818	6921	6921	606	606	1392	1392	115	115	104	104	26	26	53	53	77	77	144	144	70	70	234	234	845	845	632	632	1520	1520	612	612	19	19	4	4	1182	1182	464	464	3	3	91	91	13905	13905	7391	7391	30729	30729	52590	52590	4	4	1	1
IND00237	60	60	931	931	333	333	1944	1944	32	32	28	28	3235	3235	3738	3738	506	506	3181	3181	3336	3336	2545	2545	5878	5878	4234	4234	2157	2157	1392	1392	231	231	255	255	16	16	16	16	3689	3689	2745	2745	30	30	48	48	4326	4326	3341	3341	1998	1998	1552	1552	26	26	59	59	1148	1148	1773	1773	627	627	767	767	18063	18063	13163	13163	23	23	177	177	6759	6759	15730	15730	563	563	203	203	16016	16016	7462	7462	22	22	35	35	322	322	3588	3588	19	19	65	65	180	180	207	207	2193	2193	403	403	5447	5447	3882	3882	1403	1403	11	11	32240	32240	2342	2342	176	176	232	232	33	33	30	30	14	14	25	25	1947	1947	2008	2008	71	71	16	16	748	748	280	280	1681	1681	648	648	1650	1650	877	877	124	124	41	41	27	27	6	6	13	13	119	119	13	13	253	253	173	173	516	516	864	864	1288	1288	24	24	11	11	1424	1424	1068	1068	111	111	115	115	21979	21979	6433	6433	7847	7847	5251	5251	1	1	3	3
IND00238	397	397	157	157	607	607	388	388	26	26	56	56	3125	3125	1206	1206	3400	3400	877	877	3515	3515	2430	2430	5011	5011	1935	1935	600	600	1342	1342	211	211	197	197	3	3	14	14	761	761	2719	2719	14	14	79	79	76	76	4773	4773	225	225	766	766	72	72	42	42	1079	1079	1774	1774	232	232	989	989	10940	10940	23279	23279	88	88	79	79	8141	8141	14627	14627	285	285	107	107	12577	12577	11871	11871	48	48	5	5	6696	6696	7394	7394	57	57	121	121	130	130	199	199	6874	6874	4164	4164	23521	23521	4421	4421	1900	1900	1616	1616	13508	13508	28743	28743	92	92	6	6	35	35	71	71	13	13	64	64	22	22	1621	1621	19	19	73	73	854	854	896	896	6912	6912	6479	6479	1140	1140	2039	2039	122	122	57	57	25	25	41	41	480	480	459	459	45	45	30	30	186	186	109	109	42	42	945	945	7	7	11	11	777	777	855	855	108	108	33	33	31378	31378	25421	25421	3158	3158	22197	22197	3	3	4	4
IND00239	429	429	761	761	1828	1828	627	627	38	38	22	22	418	418	3689	3689	2716	2716	989	989	3726	3726	2157	2157	6088	6088	6445	6445	946	946	2539	2539	51	51	212	212	1	1	1	1	727	727	728	728	121	121	122	122	3047	3047	7872	7872	1641	1641	1880	1880	59	59	38	38	1284	1284	1161	1161	445	445	959	959	16805	16805	28865	28865	38	38	49	49	12	12	9765	9765	678	678	495	495	8960	8960	3785	3785	40	40	54	54	5691	5691	6104	6104	4	4	4	4	196	196	35	35	3689	3689	4304	4304	5784	5784	8839	8839	263	263	2010	2010	15266	15266	31187	31187	78	78	118	118	42	42	105	105	55	55	30	30	673	673	31	31	118	118	57	57	678	678	865	865	473	473	5448	5448	1726	1726	618	618	105	105	79	79	13	13	62	62	185	185	269	269	41	41	5	5	534	534	605	605	742	742	527	527	13	13	31	31	153	153	91	91	29	29	7	7	12096	12096	30510	30510	42306	42306	61567	61567	1	1	4	4
IND00240	366	366	290	290	1848	1848	1089	1089	51	51	56	56	4018	4018	991	991	3032	3032	4023	4023	2347	2347	1256	1256	6517	6517	4392	4392	966	966	2996	2996	231	231	163	163	14	14	10	10	1947	1947	2342	2342	43	43	57	57	783	783	5792	5792	170	170	914	914	118	118	23	23	209	209	747	747	519	519	982	982	1034	1034	6239	6239	248	248	177	177	5632	5632	5796	5796	613	613	11	11	13813	13813	7356	7356	53	53	19	19	3171	3171	6683	6683	11	11	5	5	22	22	84	84	7759	7759	7609	7609	21154	21154	11409	11409	283	283	809	809	9429	9429	23196	23196	191	191	127	127	120	120	128	128	31	31	3	3	1113	1113	823	823	34	34	68	68	951	951	680	680	2592	2592	5739	5739	459	459	1134	1134	102	102	91	91	60	60	25	25	248	248	200	200	208	208	217	217	335	335	598	598	1327	1327	1701	1701	6	6	7	7	123	123	94	94	13	13	87	87	26894	26894	14974	14974	21699	21699	10063	10063	1	1	2	2
IND00241	321	321	885	885	301	301	1521	1521	34	34	1	1	1789	1789	3945	3945	971	971	3233	3233	765	765	817	817	4473	4473	6260	6260	3419	3419	4038	4038	148	148	26	26	12	12	13	13	2412	2412	2466	2466	63	63	5	5	4423	4423	706	706	608	608	858	858	21	21	47	47	1324	1324	202	202	611	611	877	877	10369	10369	20824	20824	36	36	231	231	2020	2020	13049	13049	380	380	504	504	12756	12756	14003	14003	2	2	34	34	5188	5188	6163	6163	24	24	31	31	145	145	75	75	7611	7611	7248	7248	14181	14181	20656	20656	1971	1971	1249	1249	26567	26567	1737	1737	111	111	40	40	23	23	49	49	24	24	51	51	565	565	1816	1816	71	71	96	96	812	812	79	79	5764	5764	3232	3232	141	141	702	702	8	8	34	34	33	33	8	8	54	54	317	317	118	118	141	141	649	649	336	336	665	665	1030	1030	30	30	30	30	351	351	1443	1443	67	67	113	113	9850	9850	13881	13881	52981	52981	2711	2711	1	1	4	4
IND00242	339	339	484	484	1033	1033	1936	1936	60	60	26	26	1338	1338	229	229	399	399	4022	4022	3113	3113	874	874	2021	2021	2417	2417	3428	3428	1	1	60	60	155	155	4	4	16	16	3255	3255	427	427	58	58	86	86	1432	1432	1511	1511	1967	1967	1630	1630	4	4	20	20	1892	1892	478	478	46	46	370	370	22976	22976	3705	3705	156	156	162	162	6013	6013	1438	1438	301	301	821	821	10238	10238	9606	9606	56	56	57	57	3895	3895	2134	2134	60	60	39	39	70	70	210	210	8130	8130	4172	4172	18861	18861	7266	7266	1952	1952	223	223	4042	4042	26064	26064	195	195	34	34	18	18	105	105	4	4	53	53	1632	1632	1122	1122	42	42	115	115	769	769	902	902	7157	7157	2336	2336	53	53	633	633	64	64	18	18	26	26	58	58	378	378	305	305	31	31	50	50	685	685	995	995	1144	1144	633	633	17	17	20	20	839	839	128	128	83	83	6	6	23168	23168	6329	6329	62559	62559	4900	4900	3	3	3	3
IND00243	955	955	854	854	1442	1442	17	17	5	5	36	36	2419	2419	715	715	928	928	21	21	1361	1361	1401	1401	4314	4314	7547	7547	994	994	3880	3880	198	198	107	107	6	6	2	2	2485	2485	2316	2316	2	2	11	11	2683	2683	2882	2882	432	432	280	280	84	84	34	34	701	701	1601	1601	535	535	62	62	17198	17198	28935	28935	255	255	148	148	12136	12136	3476	3476	875	875	370	370	5705	5705	15141	15141	46	46	4	4	5882	5882	4469	4469	41	41	85	85	102	102	116	116	4602	4602	3541	3541	19102	19102	23781	23781	729	729	1052	1052	9013	9013	4364	4364	146	146	96	96	95	95	5	5	23	23	42	42	1947	1947	872	872	41	41	127	127	156	156	422	422	611	611	2101	2101	1414	1414	465	465	112	112	91	91	42	42	54	54	339	339	391	391	184	184	238	238	341	341	562	562	1550	1550	432	432	3	3	16	16	1814	1814	644	644	58	58	62	62	1086	1086	30177	30177	44569	44569	38477	38477	2	2	1	1
IND00244	47	47	668	668	4	4	1661	1661	26	26	20	20	3342	3342	3221	3221	1332	1332	972	972	4039	4039	1342	1342	1243	1243	3436	3436	1009	1009	2451	2451	158	158	110	110	7	7	9	9	1439	1439	2054	2054	28	28	12	12	3808	3808	5721	5721	773	773	864	864	25	25	115	115	1894	1894	122	122	306	306	352	352	12923	12923	22381	22381	180	180	55	55	8885	8885	3729	3729	750	750	5	5	5711	5711	3288	3288	18	18	20	20	2924	2924	3757	3757	21	21	64	64	230	230	214	214	7693	7693	4036	4036	23478	23478	6143	6143	296	296	1271	1271	16038	16038	9656	9656	154	154	106	106	97	97	116	116	63	63	21	21	2026	2026	115	115	51	51	63	63	685	685	523	523	6600	6600	4075	4075	1262	1262	1110	1110	48	48	103	103	41	41	48	48	425	425	444	444	55	55	108	108	777	777	189	189	1906	1906	1564	1564	1	1	20	20	763	763	1658	1658	15	15	77	77	20540	20540	3868	3868	56753	56753	62705	62705	4	4	4	4
IND00245	47	47	300	300	736	736	1597	1597	18	18	1	1	2335	2335	2685	2685	2421	2421	1366	1366	367	367	730	730	2672	2672	6632	6632	3459	3459	2136	2136	197	197	177	177	11	11	4	4	4068	4068	2232	2232	34	34	14	14	5554	5554	1061	1061	1994	1994	1707	1707	20	20	61	61	1539	1539	1939	1939	688	688	823	823	14293	14293	19558	19558	31	31	7	7	3527	3527	13565	13565	494	494	818	818	14407	14407	725	725	17	17	4	4	3376	3376	6718	6718	12	12	110	110	120	120	69	69	361	361	1366	1366	29078	29078	15657	15657	929	929	1593	1593	11378	11378	20508	20508	77	77	248	248	8	8	127	127	24	24	47	47	471	471	1899	1899	41	41	95	95	806	806	742	742	1923	1923	3424	3424	1303	1303	1386	1386	55	55	72	72	8	8	46	46	439	439	21	21	203	203	198	198	450	450	541	541	1737	1737	1560	1560	13	13	4	4	668	668	1024	1024	80	80	116	116	24937	24937	9689	9689	61911	61911	27058	27058	4	4	4	4
IND00246	32	32	475	475	1450	1450	2	2	9	9	35	35	2722	2722	2920	2920	2198	2198	3196	3196	3094	3094	3205	3205	5950	5950	2887	2887	813	813	4079	4079	3	3	163	163	15	15	13	13	2038	2038	1785	1785	27	27	126	126	7312	7312	7914	7914	440	440	1458	1458	104	104	33	33	1100	1100	904	904	631	631	358	358	21606	21606	10097	10097	238	238	184	184	1588	1588	5543	5543	579	579	196	196	15912	15912	2577	2577	5	5	50	50	6916	6916	811	811	8	8	122	122	94	94	31	31	2611	2611	1075	1075	2086	2086	29847	29847	259	259	454	454	20295	20295	6421	6421	1	1	120	120	93	93	21	21	47	47	14	14	1474	1474	468	468	66	66	35	35	550	550	958	958	2409	2409	1111	1111	1182	1182	1360	1360	20	20	105	105	57	57	64	64	484	484	334	334	16	16	128	128	84	84	668	668	56	56	1564	1564	4	4	5	5	1149	1149	1414	1414	72	72	82	82	31350	31350	11307	11307	33106	33106	55063	55063	1	1	2	2
IND00247	395	395	616	616	332	332	600	600	15	15	45	45	2713	2713	2484	2484	1	1	3791	3791	4069	4069	1222	1222	5898	5898	2167	2167	21	21	4068	4068	212	212	144	144	2	2	5	5	406	406	1010	1010	54	54	39	39	7663	7663	924	924	1998	1998	555	555	112	112	98	98	886	886	826	826	854	854	7	7	22252	22252	23547	23547	114	114	224	224	6289	6289	13239	13239	258	258	877	877	15161	15161	9778	9778	44	44	47	47	4951	4951	1983	1983	86	86	107	107	25	25	23	23	1354	1354	1702	1702	5714	5714	13006	13006	951	951	720	720	14985	14985	313	313	172	172	160	160	95	95	81	81	9	9	61	61	302	302	1678	1678	15	15	4	4	640	640	510	510	8143	8143	7591	7591	105	105	1291	1291	24	24	46	46	44	44	32	32	7	7	81	81	159	159	79	79	353	353	639	639	453	453	540	540	1	1	25	25	507	507	617	617	123	123	11	11	4524	4524	17334	17334	41734	41734	27531	27531	1	1	3	3
IND00248	329	329	141	141	1104	1104	2010	2010	18	18	30	30	3112	3112	25	25	2790	2790	739	739	1712	1712	634	634	8033	8033	1697	1697	1332	1332	1077	1077	239	239	240	240	16	16	6	6	1123	1123	866	866	110	110	15	15	6083	6083	5752	5752	713	713	1844	1844	39	39	49	49	423	423	874	874	139	139	163	163	5366	5366	24774	24774	36	36	56	56	5626	5626	8419	8419	800	800	872	872	14126	14126	3877	3877	31	31	12	12	5778	5778	1967	1967	75	75	35	35	178	178	62	62	4797	4797	6219	6219	12203	12203	20980	20980	795	795	558	558	6403	6403	8578	8578	130	130	168	168	75	75	64	64	31	31	42	42	1577	1577	1604	1604	59	59	16	16	51	51	800	800	3722	3722	1134	1134	430	430	283	283	95	95	13	13	16	16	56	56	320	320	141	141	117	117	20	20	938	938	81	81	1040	1040	2023	2023	17	17	16	16	175	175	1117	1117	18	18	10	10	24941	24941	5586	5586	15927	15927	25737	25737	2	2	3	3
IND00249	570	570	514	514	761	761	1187	1187	42	42	18	18	487	487	2891	2891	1367	1367	2310	2310	64	64	2461	2461	5775	5775	733	733	2578	2578	1782	1782	41	41	224	224	16	16	15	15	2897	2897	916	916	24	24	26	26	7318	7318	7572	7572	1954	1954	645	645	74	74	61	61	1364	1364	818	818	342	342	4	4	10791	10791	10095	10095	237	237	177	177	11532	11532	4253	4253	614	614	627	627	8881	8881	6458	6458	7	7	7	7	5312	5312	7915	7915	78	78	106	106	200	200	14	14	5373	5373	6680	6680	21832	21832	10280	10280	1014	1014	1316	1316	5124	5124	19820	19820	253	253	24	24	70	70	17	17	49	49	2	2	573	573	784	784	98	98	14	14	441	441	440	440	6837	6837	6864	6864	1650	1650	131	131	13	13	55	55	35	35	50	50	504	504	326	326	182	182	250	250	501	501	733	733	1733	1733	126	126	8	8	19	19	1779	1779	1351	1351	99	99	55	55	15434	15434	11533	11533	17312	17312	39729	39729	4	4	4	4
IND00250	555	555	695	695	264	264	640	640	43	43	62	62	116	116	81	81	1373	1373	2028	2028	435	435	2195	2195	851	851	3820	3820	2620	2620	1972	1972	207	207	146	146	14	14	9	9	103	103	3459	3459	48	48	102	102	1285	1285	5340	5340	1853	1853	802	802	19	19	57	57	1766	1766	870	870	913	913	303	303	27180	27180	1628	1628	27	27	120	120	5636	5636	5042	5042	864	864	29	29	7473	7473	2278	2278	11	11	55	55	2644	2644	6355	6355	38	38	99	99	240	240	116	116	2648	2648	7088	7088	32032	32032	17347	17347	1578	1578	1899	1899	27427	27427	11936	11936	253	253	125	125	7	7	39	39	33	33	31	31	931	931	1511	1511	88	88	42	42	665	665	280	280	685	685	2353	2353	874	874	880	880	118	118	108	108	40	40	44	44	364	364	218	218	156	156	2	2	793	793	741	741	1075	1075	44	44	1	1	30	30	1316	1316	1617	1617	91	91	126	126	9563	9563	9222	9222	48425	48425	53490	53490	1	1	4	4
IND00251	251	251	65	65	428	428	733	733	39	39	56	56	3489	3489	315	315	2023	2023	1594	1594	2906	2906	3301	3301	4951	4951	1603	1603	163	163	707	707	18	18	246	246	11	11	3	3	3864	3864	2006	2006	76	76	74	74	7792	7792	1850	1850	787	787	1053	1053	69	69	57	57	1328	1328	1526	1526	462	462	874	874	26871	26871	4209	4209	43	43	46	46	15890	15890	5256	5256	549	549	893	893	12967	12967	7277	7277	51	51	36	36	4951	4951	2993	2993	77	77	113	113	89	89	191	191	2353	2353	515	515	10252	10252	14824	14824	976	976	352	352	29115	29115	19369	19369	208	208	30	30	103	103	106	106	5	5	3	3	1970	1970	922	922	68	68	38	38	86	86	622	622	1209	1209	4654	4654	214	214	127	127	111	111	103	103	29	29	27	27	376	376	201	201	80	80	210	210	495	495	746	746	1151	1151	1788	1788	15	15	7	7	164	164	207	207	1	1	13	13	1010	1010	25701	25701	23162	23162	39521	39521	1	1	1	1
IND00252	520	520	792	792	1958	1958	1525	1525	54	54	10	10	3100	3100	473	473	645	645	2208	2208	2221	2221	1604	1604	1216	1216	8111	8111	735	735	1545	1545	101	101	234	234	5	5	10	10	3270	3270	3269	3269	18	18	72	72	352	352	4979	4979	1995	1995	513	513	93	93	14	14	1921	1921	700	700	415	415	186	186	2229	2229	23842	23842	122	122	118	118	16243	16243	14144	14144	509	509	388	388	564	564	7192	7192	23	23	32	32	4438	4438	979	979	2	2	54	54	208	208	186	186	7729	7729	4100	4100	16937	16937	22447	22447	1356	1356	927	927	29759	29759	8133	8133	65	65	168	168	76	76	22	22	31	31	5	5	2004	2004	148	148	37	37	103	103	666	666	453	453	8054	8054	6238	6238	1626	1626	274	274	21	21	73	73	3	3	32	32	286	286	308	308	176	176	157	157	610	610	90	90	1150	1150	749	749	25	25	5	5	1347	1347	13	13	18	18	121	121	31261	31261	12017	12017	16000	16000	34899	34899	1	1	4	4
IND00253	765	765	579	579	956	956	397	397	26	26	59	59	554	554	675	675	2564	2564	312	312	1044	1044	907	907	4875	4875	6919	6919	295	295	2367	2367	10	10	154	154	7	7	12	12	2188	2188	2062	2062	24	24	40	40	7177	7177	4688	4688	734	734	641	641	109	109	70	70	1870	1870	1755	1755	455	455	820	820	16709	16709	4563	4563	98	98	201	201	15759	15759	6983	6983	483	483	372	372	11631	11631	5988	5988	21	21	8	8	141	141	165	165	110	110	38	38	99	99	105	105	1146	1146	4993	4993	32671	32671	15678	15678	1377	1377	1309	1309	20069	20069	16723	16723	195	195	93	93	127	127	104	104	50	50	34	34	984	984	527	527	99	99	108	108	1001	1001	636	636	3679	3679	7461	7461	833	833	644	644	121	121	22	22	23	23	12	12	422	422	406	406	240	240	21	21	786	786	539	539	1893	1893	398	398	4	4	13	13	278	278	530	530	25	25	28	28	17234	17234	7291	7291	35250	35250	24129	24129	4	4	3	3
IND00254	442	442	68	68	1140	1140	1200	1200	51	51	13	13	3812	3812	3548	3548	2196	2196	1661	1661	832	832	2916	2916	5977	5977	7775	7775	3706	3706	3633	3633	88	88	58	58	3	3	1	1	1778	1778	1509	1509	60	60	62	62	8044	8044	1787	1787	2006	2006	861	861	109	109	69	69	1318	1318	248	248	653	653	1007	1007	16140	16140	29425	29425	99	99	57	57	14323	14323	16016	16016	851	851	345	345	12130	12130	11201	11201	18	18	45	45	2366	2366	1433	1433	18	18	87	87	46	46	244	244	1571	1571	6100	6100	28503	28503	566	566	1498	1498	81	81	27336	27336	8020	8020	10	10	48	48	26	26	68	68	49	49	5	5	327	327	567	567	42	42	64	64	512	512	1024	1024	3804	3804	5855	5855	1924	1924	1730	1730	107	107	9	9	63	63	55	55	321	321	377	377	246	246	178	178	264	264	14	14	116	116	1699	1699	4	4	10	10	1274	1274	358	358	86	86	19	19	4289	4289	3377	3377	47432	47432	11998	11998	1	1	1	1
IND00255	547	547	867	867	653	653	258	258	37	37	44	44	1740	1740	1191	1191	1194	1194	3306	3306	3006	3006	3597	3597	1917	1917	4219	4219	1770	1770	83	83	128	128	248	248	5	5	7	7	2837	2837	1388	1388	23	23	60	60	7735	7735	3831	3831	1157	1157	36	36	24	24	69	69	1759	1759	215	215	277	277	922	922	32306	32306	13550	13550	145	145	229	229	13730	13730	16050	16050	1000	1000	140	140	10041	10041	15914	15914	35	35	10	10	6031	6031	6955	6955	56	56	25	25	38	38	243	243	294	294	2981	2981	32580	32580	29049	29049	1068	1068	669	669	12603	12603	2214	2214	115	115	170	170	20	20	61	61	23	23	28	28	641	641	949	949	8	8	128	128	431	431	44	44	6699	6699	2302	2302	396	396	1695	1695	42	42	42	42	37	37	17	17	183	183	481	481	212	212	113	113	386	386	452	452	769	769	1748	1748	18	18	12	12	1212	1212	1898	1898	107	107	21	21	32707	32707	764	764	25326	25326	3218	3218	1	1	4	4
IND00256	405	405	762	762	1105	1105	379	379	38	38	52	52	3798	3798	592	592	3908	3908	2391	2391	3716	3716	2395	2395	7297	7297	6895	6895	2955	2955	167	167	141	141	143	143	15	15	4	4	2097	2097	3013	3013	105	105	15	15	3623	3623	4762	4762	1256	1256	776	776	89	89	78	78	473	473	1022	1022	812	812	337	337	22237	22237	30083	30083	204	204	139	139	3618	3618	12355	12355	563	563	518	518	8349	8349	9816	9816	30	30	9	9	5924	5924	7575	7575	29	29	77	77	169	169	58	58	5280	5280	7585	7585	20809	20809	28704	28704	1812	1812	161	161	4282	4282	18616	18616	108	108	63	63	66	66	84	84	7	7	53	53	1326	1326	956	956	86	86	103	103	324	324	744	744	2345	2345	4333	4333	1417	1417	1162	1162	98	98	99	99	14	14	21	21	347	347	436	436	161	161	49	49	298	298	929	929	1157	1157	726	726	32	32	29	29	1379	1379	1901	1901	60	60	74	74	5911	5911	27751	27751	56355	56355	13630	13630	2	2	3	3
IND00257	473	473	248	248	1796	1796	442	442	47	47	61	61	640	640	2229	2229	2332	2332	1893	1893	1049	1049	602	602	6066	6066	2920	2920	1117	1117	1857	1857	117	117	212	212	9	9	7	7	1915	1915	675	675	102	102	5	5	1786	1786	4916	4916	69	69	1506	1506	103	103	36	36	1198	1198	1871	1871	219	219	620	620	27438	27438	16007	16007	201	201	145	145	3938	3938	4265	4265	942	942	5	5	16020	16020	13297	13297	18	18	37	37	1904	1904	1685	1685	63	63	13	13	194	194	65	65	3568	3568	6197	6197	31202	31202	16815	16815	1113	1113	1946	1946	5923	5923	8350	8350	17	17	94	94	110	110	52	52	42	42	53	53	1816	1816	1011	1011	17	17	122	122	442	442	966	966	5412	5412	7599	7599	931	931	763	763	73	73	118	118	48	48	18	18	184	184	139	139	126	126	3	3	716	716	95	95	1229	1229	513	513	3	3	13	13	279	279	1947	1947	49	49	121	121	2278	2278	15825	15825	3702	3702	15270	15270	3	3	2	2
IND00258	89	89	798	798	718	718	171	171	2	2	48	48	576	576	2236	2236	2744	2744	296	296	2483	2483	2823	2823	5692	5692	7444	7444	750	750	240	240	110	110	105	105	13	13	5	5	2064	2064	3105	3105	128	128	125	125	2583	2583	447	447	1469	1469	1293	1293	107	107	126	126	1779	1779	45	45	932	932	553	553	12290	12290	8785	8785	251	251	9	9	11400	11400	7841	7841	589	589	716	716	10325	10325	16236	16236	13	13	63	63	3107	3107	1276	1276	40	40	127	127	47	47	116	116	6643	6643	4788	4788	11004	11004	27602	27602	1650	1650	380	380	27076	27076	6079	6079	153	153	73	73	75	75	37	37	1	1	41	41	1118	1118	875	875	105	105	74	74	1	1	279	279	4517	4517	1889	1889	936	936	1178	1178	118	118	122	122	62	62	4	4	304	304	44	44	153	153	158	158	987	987	72	72	1641	1641	975	975	31	31	29	29	1547	1547	12	12	34	34	39	39	8124	8124	103	103	38309	38309	51674	51674	1	1	2	2
IND00259	663	663	75	75	123	123	28	28	19	19	41	41	2306	2306	965	965	571	571	4077	4077	1775	1775	2443	2443	1204	1204	4140	4140	126	126	130	130	219	219	229	229	12	12	12	12	2907	2907	567	567	42	42	112	112	1013	1013	4873	4873	902	902	383	383	5	5	119	119	957	957	302	302	209	209	266	266	21532	21532	1310	1310	98	98	249	249	9681	9681	8199	8199	549	549	15	15	6455	6455	6237	6237	58	58	45	45	4990	4990	7418	7418	73	73	93	93	84	84	90	90	2138	2138	4833	4833	19549	19549	193	193	1459	1459	3	3	10758	10758	24113	24113	4	4	194	194	41	41	79	79	1	1	30	30	708	708	637	637	101	101	54	54	427	427	637	637	4251	4251	2372	2372	607	607	170	170	115	115	39	39	54	54	17	17	228	228	475	475	119	119	72	72	67	67	842	842	1662	1662	401	401	1	1	16	16	995	995	123	123	44	44	106	106	20693	20693	6989	6989	18522	18522	38924	38924	3	3	1	1
IND00260	659	659	586	586	435	435	806	806	18	18	9	9	2015	2015	1033	1033	3220	3220	3663	3663	4060	4060	3746	3746	6562	6562	4172	4172	957	957	1493	1493	51	51	25	25	5	5	13	13	1943	1943	110	110	27	27	84	84	2445	2445	1275	1275	1255	1255	131	131	25	25	29	29	483	483	1884	1884	928	928	259	259	20754	20754	25654	25654	16	16	169	169	6094	6094	12671	12671	792	792	340	340	7619	7619	896	896	48	48	7	7	4773	4773	4992	4992	33	33	17	17	177	177	130	130	3251	3251	6926	6926	26554	26554	7197	7197	1541	1541	582	582	26359	26359	31518	31518	178	178	164	164	81	81	31	31	33	33	28	28	1223	1223	2041	2041	24	24	79	79	277	277	64	64	5310	5310	7785	7785	986	986	657	657	45	45	4	4	33	33	54	54	356	356	449	449	12	12	176	176	856	856	436	436	650	650	1254	1254	22	22	5	5	1658	1658	840	840	23	23	52	52	25371	25371	13933	13933	31490	31490	59466	59466	3	3	4	4
IND00261	554	554	798	798	1184	1184	1737	1737	53	53	48	48	485	485	3189	3189	4034	4034	493	493	2414	2414	2462	2462	5803	5803	5131	5131	3608	3608	1279	1279	42	42	37	37	13	13	6	6	3577	3577	3190	3190	19	19	59	59	293	293	1206	1206	1587	1587	130	130	32	32	90	90	1527	1527	1520	1520	722	722	425	425	14648	14648	18539	18539	8	8	8	8	6649	6649	3674	3674	231	231	349	349	11435	11435	8553	8553	14	14	13	13	2159	2159	4829	4829	38	38	88	88	242	242	186	186	109	109	6265	6265	1847	1847	32453	32453	467	467	1386	1386	8872	8872	15281	15281	239	239	14	14	95	95	3	3	19	19	42	42	756	756	2033	2033	41	41	109	109	254	254	454	454	4742	4742	5009	5009	1363	1363	1557	1557	56	56	11	11	5	5	23	23	250	250	44	44	109	109	204	204	936	936	214	214	564	564	1907	1907	10	10	1	1	1909	1909	601	601	93	93	74	74	19021	19021	10181	10181	28010	28010	183	183	2	2	4	4
IND00262	362	362	645	645	1301	1301	1278	1278	44	44	42	42	3983	3983	902	902	3274	3274	251	251	998	998	2295	2295	1479	1479	1503	1503	1548	1548	3179	3179	154	154	226	226	14	14	3	3	2544	2544	1435	1435	90	90	22	22	7475	7475	6281	6281	2035	2035	1958	1958	79	79	121	121	1407	1407	1802	1802	327	327	275	275	14703	14703	21615	21615	149	149	83	83	14570	14570	14466	14466	776	776	260	260	11423	11423	7867	7867	13	13	17	17	5554	5554	2203	2203	83	83	75	75	77	77	30	30	4815	4815	1721	1721	25827	25827	13189	13189	1250	1250	1050	1050	12976	12976	23089	23089	108	108	133	133	121	121	113	113	64	64	58	58	208	208	287	287	24	24	65	65	372	372	381	381	6548	6548	3057	3057	1815	1815	150	150	123	123	64	64	64	64	63	63	387	387	71	71	102	102	219	219	324	324	85	85	1590	1590	1218	1218	2	2	19	19	1182	1182	1296	1296	44	44	6	6	7063	7063	14217	14217	33235	33235	44070	44070	3	3	2	2
IND00263	747	747	368	368	1990	1990	697	697	46	46	7	7	483	483	3830	3830	3659	3659	3545	3545	1326	1326	2218	2218	7136	7136	4842	4842	36	36	1263	1263	164	164	123	123	6	6	3	3	2742	2742	3354	3354	46	46	60	60	3394	3394	7481	7481	83	83	976	976	28	28	71	71	122	122	1369	1369	624	624	176	176	30317	30317	15880	15880	86	86	179	179	9981	9981	9909	9909	1024	1024	617	617	5856	5856	15049	15049	11	11	16	16	7255	7255	5610	5610	16	16	103	103	137	137	32	32	3110	3110	5560	5560	3074	3074	21791	21791	1046	1046	1899	1899	21294	21294	1645	1645	219	219	188	188	29	29	107	107	50	50	6	6	942	942	732	732	18	18	95	95	184	184	680	680	3980	3980	6395	6395	432	432	1907	1907	2	2	124	124	8	8	44	44	289	289	357	357	121	121	15	15	253	253	187	187	1404	1404	446	446	32	32	4	4	388	388	1856	1856	60	60	112	112	14244	14244	2691	2691	56583	56583	19282	19282	4	4	3	3
IND00264	441	441	265	265	780	780	549	549	28	28	14	14	1860	1860	3855	3855	3123	3123	2284	2284	2924	2924	2021	2021	2681	2681	5631	5631	3233	3233	2048	2048	231	231	223	223	4	4	3	3	2510	2510	3965	3965	44	44	16	16	7937	7937	3177	3177	651	651	710	710	16	16	105	105	1336	1336	287	287	132	132	608	608	27083	27083	9922	9922	157	157	84	84	15937	15937	7303	7303	444	444	881	881	5180	5180	2418	2418	5	5	13	13	6249	6249	2320	2320	55	55	66	66	2	2	203	203	6836	6836	4523	4523	4545	4545	32516	32516	1368	1368	1410	1410	24778	24778	17013	17013	67	67	66	66	103	103	34	34	34	34	45	45	332	332	1452	1452	2	2	38	38	801	801	26	26	1847	1847	1699	1699	1560	1560	1682	1682	16	16	123	123	64	64	41	41	124	124	485	485	33	33	204	204	801	801	465	465	1744	1744	1422	1422	3	3	10	10	1889	1889	772	772	117	117	3	3	5755	5755	15734	15734	57383	57383	47103	47103	1	1	4	4
IND00265	297	297	74	74	1354	1354	440	440	11	11	38	38	3385	3385	314	314	3790	3790	3661	3661	1299	1299	3604	3604	2667	2667	4518	4518	105	105	3279	3279	205	205	246	246	9	9	7	7	3322	3322	1615	1615	99	99	18	18	4128	4128	6590	6590	1465	1465	1659	1659	77	77	1	1	1656	1656	1810	1810	761	761	294	294	6679	6679	18600	18600	197	197	131	131	14237	14237	14810	14810	328	328	394	394	4942	4942	5785	5785	47	47	15	15	5091	5091	5512	5512	25	25	83	83	93	93	162	162	1753	1753	6082	6082	6046	6046	513	513	109	109	1834	1834	26645	26645	7504	7504	158	158	222	222	95	95	108	108	53	53	38	38	274	274	544	544	23	23	64	64	121	121	984	984	1667	1667	7718	7718	500	500	609	609	31	31	106	106	30	30	11	11	229	229	142	142	237	237	188	188	237	237	788	788	422	422	1737	1737	16	16	4	4	990	990	1553	1553	94	94	20	20	23364	23364	21966	21966	24817	24817	49199	49199	4	4	2	2
IND00266	863	863	951	951	1296	1296	67	67	14	14	49	49	3887	3887	3108	3108	3254	3254	3330	3330	3710	3710	1006	1006	424	424	3140	3140	1557	1557	3919	3919	8	8	57	57	4	4	6	6	170	170	1807	1807	39	39	77	77	2811	2811	5165	5165	328	328	1577	1577	124	124	76	76	517	517	1836	1836	659	659	53	53	10944	10944	32160	32160	29	29	207	207	15151	15151	1128	1128	41	41	141	141	8042	8042	3847	3847	62	62	34	34	7236	7236	2097	2097	83	83	28	28	96	96	67	67	2838	2838	6004	6004	9890	9890	26995	26995	1766	1766	350	350	12500	12500	23015	23015	5	5	157	157	69	69	95	95	63	63	64	64	2002	2002	1687	1687	79	79	34	34	521	521	449	449	4080	4080	1744	1744	294	294	1971	1971	68	68	21	21	11	11	15	15	392	392	231	231	37	37	154	154	950	950	64	64	1351	1351	882	882	31	31	29	29	219	219	655	655	95	95	114	114	16934	16934	29170	29170	13770	13770	60987	60987	1	1	3	3
IND00267	1010	1010	47	47	1308	1308	1161	1161	17	17	10	10	2921	2921	1783	1783	1079	1079	2100	2100	339	339	3724	3724	7400	7400	6324	6324	390	390	1352	1352	172	172	71	71	11	11	10	10	11	11	771	771	30	30	35	35	5197	5197	2147	2147	930	930	511	511	66	66	39	39	1517	1517	1489	1489	101	101	944	944	27842	27842	24216	24216	23	23	131	131	16190	16190	2635	2635	222	222	100	100	13595	13595	1078	1078	28	28	1	1	3578	3578	6197	6197	76	76	46	46	153	153	154	154	1366	1366	4345	4345	15962	15962	22795	22795	1275	1275	90	90	21031	21031	555	555	239	239	216	216	98	98	22	22	40	40	46	46	1840	1840	1675	1675	51	51	59	59	481	481	698	698	8044	8044	445	445	285	285	485	485	97	97	21	21	17	17	4	4	430	430	399	399	122	122	190	190	435	435	716	716	600	600	195	195	22	22	18	18	781	781	378	378	62	62	1	1	17770	17770	24102	24102	25936	25936	2738	2738	3	3	4	4
IND00268	870	870	470	470	596	596	1198	1198	30	30	29	29	3471	3471	3818	3818	3296	3296	70	70	1949	1949	2748	2748	5991	5991	7185	7185	4086	4086	2289	2289	115	115	13	13	10	10	12	12	1413	1413	2374	2374	127	127	15	15	232	232	518	518	1399	1399	1312	1312	70	70	55	55	1649	1649	1754	1754	315	315	230	230	5169	5169	31558	31558	64	64	176	176	14934	14934	8331	8331	575	575	764	764	15519	15519	12085	12085	27	27	45	45	5451	5451	4918	4918	78	78	98	98	3	3	42	42	1539	1539	6923	6923	1398	1398	26058	26058	1553	1553	474	474	18690	18690	12436	12436	135	135	86	86	17	17	63	63	4	4	56	56	173	173	349	349	52	52	24	24	156	156	797	797	2273	2273	6851	6851	456	456	1558	1558	95	95	66	66	34	34	60	60	222	222	430	430	24	24	254	254	716	716	653	653	1151	1151	1437	1437	11	11	3	3	138	138	1710	1710	3	3	99	99	29473	29473	17718	17718	57358	57358	3949	3949	2	2	2	2
IND00269	140	140	763	763	1250	1250	1884	1884	9	9	17	17	2408	2408	365	365	726	726	387	387	1740	1740	2043	2043	6960	6960	1336	1336	721	721	2044	2044	199	199	159	159	2	2	1	1	3242	3242	2767	2767	48	48	122	122	707	707	2408	2408	1124	1124	57	57	78	78	38	38	285	285	319	319	995	995	146	146	25724	25724	2109	2109	139	139	19	19	13484	13484	9229	9229	814	814	771	771	670	670	4199	4199	12	12	50	50	4133	4133	3762	3762	27	27	101	101	172	172	181	181	1994	1994	5856	5856	23467	23467	17133	17133	1185	1185	234	234	16840	16840	24740	24740	202	202	76	76	97	97	61	61	24	24	45	45	1410	1410	89	89	123	123	38	38	854	854	285	285	4287	4287	5343	5343	147	147	243	243	7	7	36	36	32	32	46	46	366	366	41	41	81	81	140	140	611	611	457	457	899	899	901	901	30	30	23	23	555	555	1314	1314	51	51	118	118	30990	30990	9669	9669	24195	24195	63472	63472	3	3	3	3
IND00270	43	43	385	385	1313	1313	1429	1429	14	14	34	34	2673	2673	2733	2733	1006	1006	1864	1864	1810	1810	3374	3374	8002	8002	4052	4052	2693	2693	3440	3440	256	256	61	61	14	14	7	7	3036	3036	3235	3235	15	15	37	37	767	767	5639	5639	1469	1469	958	958	23	23	114	114	163	163	1984	1984	532	532	367	367	12105	12105	7016	7016	12	12	253	253	1494	1494	9660	9660	734	734	305	305	873	873	4537	4537	46	46	35	35	3350	3350	1538	1538	68	68	15	15	35	35	109	109	3962	3962	5514	5514	29825	29825	15389	15389	622	622	699	699	25767	25767	8684	8684	47	47	151	151	97	97	38	38	27	27	53	53	345	345	1489	1489	115	115	58	58	143	143	767	767	2964	2964	4486	4486	1500	1500	1398	1398	96	96	15	15	21	21	17	17	229	229	396	396	19	19	120	120	448	448	46	46	1982	1982	533	533	11	11	18	18	738	738	1824	1824	33	33	95	95	5959	5959	15749	15749	57828	57828	52333	52333	2	2	3	3
IND00271	35	35	949	949	425	425	1263	1263	41	41	42	42	1423	1423	513	513	2149	2149	2351	2351	882	882	4044	4044	3690	3690	2197	2197	2304	2304	2625	2625	12	12	136	136	15	15	16	16	754	754	1257	1257	124	124	120	120	6346	6346	1104	1104	879	879	1338	1338	4	4	95	95	1982	1982	520	520	930	930	222	222	22000	22000	21154	21154	90	90	255	255	14969	14969	8034	8034	846	846	289	289	5962	5962	6195	6195	46	46	21	21	808	808	7393	7393	34	34	109	109	227	227	118	118	6397	6397	6171	6171	27999	27999	6351	6351	1914	1914	1597	1597	18092	18092	4922	4922	239	239	188	188	61	61	6	6	11	11	26	26	1609	1609	1955	1955	86	86	66	66	292	292	899	899	7967	7967	8123	8123	519	519	914	914	4	4	64	64	6	6	40	40	349	349	205	205	191	191	224	224	804	804	642	642	1733	1733	101	101	16	16	13	13	1114	1114	1485	1485	109	109	95	95	6423	6423	31292	31292	32577	32577	47269	47269	3	3	1	1
IND00272	544	544	555	555	1485	1485	207	207	2	2	58	58	538	538	2078	2078	2688	2688	2731	2731	596	596	848	848	2855	2855	4054	4054	1655	1655	3494	3494	251	251	206	206	5	5	16	16	96	96	185	185	26	26	128	128	1834	1834	5636	5636	1498	1498	1184	1184	89	89	82	82	148	148	618	618	344	344	988	988	7095	7095	11015	11015	20	20	125	125	2974	2974	1656	1656	521	521	269	269	4828	4828	5734	5734	37	37	22	22	6838	6838	4259	4259	34	34	60	60	54	54	36	36	1957	1957	7131	7131	22331	22331	19686	19686	801	801	1465	1465	4506	4506	16489	16489	137	137	86	86	46	46	34	34	20	20	26	26	1763	1763	1937	1937	44	44	80	80	543	543	253	253	4870	4870	284	284	561	561	505	505	31	31	63	63	49	49	32	32	178	178	335	335	114	114	249	249	33	33	204	204	472	472	288	288	25	25	12	12	1461	1461	1289	1289	23	23	47	47	13169	13169	21919	21919	21479	21479	53459	53459	4	4	2	2
IND00273	323	323	87	87	316	316	540	540	27	27	18	18	2544	2544	1788	1788	900	900	964	964	239	239	244	244	5504	5504	5907	5907	1220	1220	3892	3892	202	202	243	243	3	3	7	7	2832	2832	3787	3787	67	67	95	95	5022	5022	6299	6299	243	243	257	257	5	5	13	13	978	978	757	757	727	727	195	195	22712	22712	1754	1754	192	192	106	106	15668	15668	2550	2550	35	35	989	989	4969	4969	11793	11793	18	18	41	41	7252	7252	5236	5236	91	91	54	54	174	174	124	124	6284	6284	3543	3543	12511	12511	26392	26392	1587	1587	1090	1090	20637	20637	22050	22050	152	152	25	25	121	121	61	61	35	35	38	38	1816	1816	1478	1478	120	120	90	90	546	546	715	715	4868	4868	1579	1579	1488	1488	17	17	67	67	57	57	39	39	24	24	169	169	102	102	13	13	63	63	572	572	611	611	1979	1979	1563	1563	4	4	26	26	824	824	1776	1776	22	22	120	120	32256	32256	5489	5489	32612	32612	3662	3662	2	2	1	1
IND00274	15	15	854	854	1841	1841	993	993	56	56	32	32	897	897	1899	1899	1243	1243	2549	2549	1830	1830	3162	3162	7150	7150	2892	2892	1116	1116	1596	1596	254	254	156	156	6	6	13	13	3918	3918	1537	1537	38	38	48	48	5945	5945	5366	5366	792	792	1427	1427	26	26	26	26	233	233	1325	1325	153	153	179	179	18125	18125	18799	18799	221	221	157	157	9271	9271	6581	6581	965	965	689	689	10039	10039	7681	7681	52	52	57	57	813	813	5616	5616	15	15	93	93	237	237	15	15	3947	3947	7775	7775	32373	32373	26131	26131	504	504	1006	1006	26549	26549	23514	23514	81	81	13	13	7	7	72	72	46	46	17	17	364	364	706	706	122	122	13	13	239	239	701	701	5507	5507	6864	6864	300	300	1009	1009	51	51	53	53	62	62	9	9	489	489	120	120	96	96	31	31	903	903	562	562	1415	1415	1704	1704	23	23	8	8	798	798	431	431	72	72	26	26	18133	18133	24330	24330	46299	46299	30271	30271	1	1	3	3
IND00275	209	209	590	590	88	88	1751	1751	32	32	5	5	1782	1782	142	142	1055	1055	3434	3434	1879	1879	96	96	4338	4338	466	466	2718	2718	1680	1680	231	231	184	184	16	16	14	14	2005	2005	1329	1329	41	41	49	49	1057	1057	7871	7871	414	414	835	835	1	1	71	71	364	364	1668	1668	295	295	601	601	64	64	666	666	165	165	78	78	3487	3487	2540	2540	386	386	958	958	6372	6372	6954	6954	30	30	57	57	5016	5016	3180	3180	97	97	61	61	177	177	107	107	399	399	5323	5323	4244	4244	17712	17712	639	639	317	317	4802	4802	24979	24979	130	130	59	59	5	5	108	108	56	56	61	61	258	258	774	774	20	20	23	23	548	548	716	716	6833	6833	7395	7395	240	240	904	904	83	83	87	87	30	30	58	58	289	289	316	316	41	41	256	256	178	178	881	881	630	630	1582	1582	2	2	7	7	579	579	1831	1831	36	36	106	106	15501	15501	19165	19165	17273	17273	36618	36618	2	2	3	3
IND00276	579	579	911	911	1506	1506	835	835	38	38	43	43	1362	1362	2471	2471	4018	4018	3658	3658	3874	3874	582	582	64	64	7022	7022	2004	2004	630	630	202	202	91	91	6	6	2	2	1400	1400	806	806	100	100	49	49	3419	3419	5779	5779	368	368	1291	1291	35	35	59	59	1555	1555	1189	1189	787	787	18	18	24702	24702	2139	2139	152	152	246	246	4988	4988	1831	1831	137	137	726	726	8244	8244	3828	3828	52	52	29	29	7513	7513	7515	7515	72	72	27	27	121	121	169	169	972	972	5612	5612	19036	19036	22083	22083	532	532	1296	1296	8988	8988	28570	28570	175	175	240	240	54	54	36	36	14	14	64	64	1114	1114	243	243	88	88	51	51	572	572	202	202	1572	1572	8073	8073	2005	2005	627	627	72	72	25	25	63	63	13	13	72	72	440	440	126	126	93	93	929	929	494	494	1305	1305	638	638	13	13	29	29	205	205	1294	1294	83	83	73	73	29329	29329	26090	26090	27090	27090	60542	60542	3	3	4	4
IND00277	400	400	466	466	1187	1187	706	706	35	35	34	34	3845	3845	1967	1967	184	184	87	87	3010	3010	121	121	6411	6411	1366	1366	2042	2042	1368	1368	252	252	71	71	12	12	8	8	3381	3381	411	411	116	116	67	67	4632	4632	2474	2474	1953	1953	1211	1211	106	106	96	96	1004	1004	275	275	104	104	1000	1000	4218	4218	12597	12597	245	245	166	166	6665	6665	1492	1492	759	759	957	957	7884	7884	10657	10657	62	62	59	59	5610	5610	3665	3665	124	124	102	102	154	154	97	97	5577	5577	729	729	23972	23972	13634	13634	1113	1113	838	838	3254	3254	19652	19652	102	102	49	49	40	40	64	64	53	53	7	7	1156	1156	1212	1212	34	34	28	28	813	813	699	699	1421	1421	4819	4819	318	318	39	39	53	53	120	120	36	36	27	27	19	19	95	95	231	231	250	250	603	603	454	454	1926	1926	1121	1121	6	6	18	18	101	101	1831	1831	115	115	41	41	12063	12063	24731	24731	10362	10362	14488	14488	3	3	4	4
IND00278	722	722	809	809	691	691	911	911	35	35	55	55	1817	1817	2611	2611	86	86	39	39	2933	2933	182	182	1147	1147	2761	2761	3389	3389	3673	3673	39	39	107	107	7	7	11	11	1809	1809	1661	1661	77	77	6	6	5930	5930	508	508	1785	1785	616	616	118	118	106	106	1541	1541	1933	1933	201	201	849	849	9217	9217	4294	4294	20	20	74	74	1518	1518	11628	11628	492	492	575	575	12379	12379	7095	7095	60	60	61	61	8097	8097	6898	6898	95	95	48	48	152	152	54	54	6943	6943	5053	5053	25546	25546	24941	24941	944	944	2025	2025	14260	14260	9880	9880	151	151	170	170	97	97	36	36	39	39	33	33	11	11	513	513	99	99	42	42	538	538	794	794	492	492	2273	2273	317	317	550	550	66	66	126	126	58	58	2	2	309	309	216	216	162	162	136	136	198	198	841	841	1381	1381	174	174	21	21	19	19	646	646	2045	2045	37	37	118	118	31907	31907	4955	4955	194	194	21790	21790	1	1	2	2
IND00279	182	182	277	277	1070	1070	1427	1427	13	13	36	36	531	531	1329	1329	1952	1952	1512	1512	1845	1845	225	225	5614	5614	7226	7226	6	6	1206	1206	156	156	216	216	10	10	9	9	1270	1270	2462	2462	65	65	42	42	2979	2979	141	141	1969	1969	90	90	57	57	100	100	148	148	1981	1981	290	290	886	886	30229	30229	23112	23112	59	59	146	146	10459	10459	873	873	846	846	860	860	11719	11719	12813	12813	37	37	50	50	7385	7385	3762	3762	104	104	126	126	41	41	224	224	4906	4906	7482	7482	294	294	29155	29155	1522	1522	1485	1485	16623	16623	1752	1752	223	223	246	246	111	111	100	100	35	35	53	53	897	897	1679	1679	38	38	25	25	490	490	443	443	1387	1387	118	118	384	384	1363	1363	47	47	85	85	57	57	52	52	229	229	402	402	46	46	212	212	412	412	600	600	692	692	132	132	8	8	25	25	359	359	14	14	75	75	40	40	17977	17977	8609	8609	30247	30247	46688	46688	4	4	2	2
IND00280	997	997	277	277	1278	1278	230	230	17	17	1	1	1000	1000	591	591	3048	3048	3911	3911	1999	1999	3258	3258	7179	7179	6555	6555	1644	1644	759	759	184	184	237	237	5	5	1	1	3633	3633	2787	2787	49	49	6	6	3628	3628	234	234	1730	1730	376	376	60	60	110	110	390	390	1326	1326	815	815	711	711	28827	28827	1745	1745	73	73	157	157	3667	3667	12420	12420	613	613	842	842	12845	12845	15674	15674	54	54	17	17	2524	2524	977	977	83	83	38	38	93	93	195	195	2513	2513	1034	1034	20021	20021	15889	15889	579	579	704	704	22348	22348	7701	7701	5	5	229	229	65	65	106	106	14	14	10	10	793	793	1776	1776	45	45	44	44	424	424	336	336	6361	6361	4687	4687	1010	1010	1810	1810	67	67	21	21	24	24	39	39	33	33	135	135	22	22	9	9	854	854	430	430	1931	1931	1084	1084	2	2	31	31	1324	1324	1211	1211	65	65	15	15	21589	21589	11661	11661	61144	61144	22204	22204	4	4	2	2
IND00281	262	262	858	858	1524	1524	500	500	26	26	3	3	2787	2787	307	307	1688	1688	2987	2987	2174	2174	3774	3774	5663	5663	4894	4894	2386	2386	2836	2836	214	214	64	64	12	12	4	4	2599	2599	2727	2727	23	23	48	48	6610	6610	3199	3199	1168	1168	222	222	30	30	17	17	1203	1203	852	852	960	960	330	330	13370	13370	11175	11175	189	189	156	156	13508	13508	6789	6789	126	126	698	698	12995	12995	6797	6797	14	14	15	15	6015	6015	2247	2247	45	45	69	69	206	206	44	44	7183	7183	4312	4312	10368	10368	15983	15983	1707	1707	1570	1570	654	654	31734	31734	112	112	241	241	49	49	56	56	58	58	9	9	1922	1922	1787	1787	125	125	13	13	67	67	686	686	7528	7528	7482	7482	866	866	1961	1961	48	48	5	5	38	38	64	64	83	83	230	230	137	137	222	222	926	926	40	40	882	882	1550	1550	15	15	21	21	1294	1294	1174	1174	111	111	70	70	15304	15304	3325	3325	42545	42545	22337	22337	1	1	1	1
IND00282	657	657	885	885	1069	1069	575	575	5	5	60	60	2243	2243	1472	1472	3511	3511	526	526	1064	1064	3564	3564	4395	4395	2240	2240	377	377	2212	2212	233	233	255	255	13	13	4	4	1268	1268	4049	4049	111	111	40	40	1716	1716	804	804	1110	1110	542	542	107	107	24	24	2045	2045	538	538	815	815	40	40	23876	23876	29682	29682	201	201	95	95	7765	7765	15915	15915	678	678	91	91	15587	15587	16187	16187	56	56	2	2	328	328	4882	4882	71	71	111	111	16	16	213	213	4721	4721	1426	1426	29200	29200	5410	5410	115	115	1205	1205	619	619	28104	28104	107	107	29	29	60	60	107	107	5	5	59	59	1783	1783	545	545	125	125	10	10	363	363	239	239	6272	6272	4481	4481	882	882	801	801	66	66	47	47	4	4	57	57	316	316	108	108	86	86	153	153	526	526	17	17	1405	1405	617	617	32	32	30	30	1664	1664	937	937	86	86	27	27	14041	14041	32013	32013	60718	60718	952	952	3	3	2	2
IND00283	902	902	681	681	1898	1898	577	577	36	36	23	23	3558	3558	2973	2973	2496	2496	2010	2010	2963	2963	557	557	6277	6277	7080	7080	30	30	2689	2689	144	144	254	254	9	9	13	13	286	286	2419	2419	59	59	25	25	3493	3493	6147	6147	1393	1393	1457	1457	24	24	128	128	1262	1262	777	777	926	926	584	584	26585	26585	28083	28083	125	125	223	223	7911	7911	13138	13138	367	367	21	21	13010	13010	9562	9562	59	59	58	58	7323	7323	2789	2789	89	89	69	69	228	228	231	231	4256	4256	5104	5104	13585	13585	15123	15123	1377	1377	379	379	22419	22419	14135	14135	188	188	30	30	101	101	73	73	44	44	38	38	975	975	1548	1548	81	81	99	99	686	686	569	569	1480	1480	5935	5935	893	893	456	456	60	60	69	69	30	30	50	50	247	247	186	186	109	109	43	43	34	34	394	394	815	815	1425	1425	14	14	18	18	82	82	65	65	110	110	61	61	2789	2789	28274	28274	24626	24626	61543	61543	1	1	3	3
IND00284	840	840	549	549	1001	1001	355	355	28	28	57	57	2353	2353	3898	3898	2931	2931	3661	3661	2461	2461	3966	3966	1193	1193	4004	4004	3407	3407	990	990	108	108	191	191	3	3	1	1	3357	3357	2242	2242	35	35	22	22	1421	1421	1356	1356	1639	1639	901	901	98	98	101	101	113	113	1708	1708	271	271	115	115	609	609	17538	17538	139	139	30	30	9388	9388	5603	5603	919	919	9	9	7548	7548	1641	1641	37	37	2	2	1753	1753	4497	4497	40	40	110	110	119	119	65	65	2016	2016	8114	8114	32510	32510	21299	21299	1950	1950	1444	1444	21635	21635	15903	15903	37	37	84	84	40	40	8	8	31	31	52	52	1554	1554	1455	1455	102	102	72	72	352	352	745	745	1758	1758	4259	4259	545	545	451	451	104	104	19	19	18	18	1	1	304	304	17	17	118	118	16	16	276	276	452	452	1515	1515	224	224	11	11	6	6	1205	1205	1296	1296	72	72	1	1	4940	4940	21536	21536	34092	34092	37842	37842	3	3	3	3
IND00285	677	677	234	234	187	187	813	813	3	3	46	46	2297	2297	3549	3549	1099	1099	1300	1300	1665	1665	1897	1897	1255	1255	1073	1073	1433	1433	2975	2975	189	189	168	168	1	1	12	12	3106	3106	3234	3234	30	30	103	103	3542	3542	6079	6079	1880	1880	1406	1406	31	31	95	95	314	314	1454	1454	640	640	677	677	14731	14731	27229	27229	199	199	11	11	14745	14745	1268	1268	18	18	15	15	4533	4533	12617	12617	9	9	23	23	7219	7219	6721	6721	29	29	86	86	229	229	84	84	1177	1177	68	68	24505	24505	29551	29551	969	969	1828	1828	398	398	23926	23926	6	6	195	195	91	91	124	124	50	50	13	13	1996	1996	1283	1283	54	54	20	20	416	416	16	16	1784	1784	7119	7119	736	736	997	997	16	16	48	48	48	48	40	40	196	196	296	296	193	193	27	27	218	218	289	289	868	868	1805	1805	8	8	23	23	941	941	1825	1825	83	83	106	106	22291	22291	7446	7446	52949	52949	59933	59933	3	3	2	2
IND00286	741	741	736	736	1142	1142	759	759	62	62	22	22	136	136	87	87	890	890	2372	2372	2761	2761	3718	3718	2422	2422	4706	4706	3947	3947	1654	1654	233	233	188	188	11	11	9	9	2069	2069	2911	2911	92	92	69	69	1923	1923	906	906	1620	1620	553	553	93	93	52	52	62	62	2037	2037	985	985	444	444	30972	30972	32624	32624	61	61	112	112	11941	11941	11243	11243	165	165	551	551	3591	3591	28	28	19	19	37	37	972	972	6009	6009	100	100	104	104	47	47	11	11	7305	7305	5479	5479	26828	26828	28156	28156	1903	1903	1070	1070	16304	16304	10479	10479	213	213	95	95	1	1	93	93	42	42	4	4	1884	1884	1042	1042	88	88	34	34	716	716	582	582	3955	3955	3390	3390	2027	2027	1007	1007	45	45	50	50	13	13	27	27	22	22	375	375	163	163	248	248	472	472	323	323	257	257	1755	1755	17	17	22	22	1894	1894	1008	1008	32	32	86	86	26084	26084	19151	19151	53531	53531	42668	42668	1	1	1	1
IND00287	719	719	646	646	158	158	341	341	54	54	1	1	1088	1088	3277	3277	2273	2273	3968	3968	3539	3539	791	791	2941	2941	2693	2693	3979	3979	373	373	96	96	105	105	9	9	11	11	3914	3914	3047	3047	120	120	74	74	7705	7705	4420	4420	401	401	943	943	56	56	91	91	418	418	1257	1257	494	494	594	594	31810	31810	31810	31810	44	44	205	205	12817	12817	8037	8037	635	635	98	98	1033	1033	7868	7868	61	61	3	3	3024	3024	7930	7930	118	118	13	13	56	56	219	219	6174	6174	5670	5670	22950	22950	1454	1454	759	759	1785	1785	8758	8758	5801	5801	19	19	131	131	4	4	77	77	9	9	25	25	530	530	101	101	38	38	121	121	882	882	773	773	2352	2352	5086	5086	2011	2011	705	705	3	3	87	87	52	52	34	34	382	382	195	195	105	105	55	55	675	675	559	559	1007	1007	1297	1297	4	4	9	9	1615	1615	1064	1064	58	58	50	50	8873	8873	31024	31024	65371	65371	14914	14914	1	1	2	2
IND00288	855	855	326	326	1488	1488	1803	1803	21	21	49	49	3579	3579	3259	3259	2745	2745	2948	2948	1680	1680	3405	3405	746	746	1114	1114	125	125	2950	2950	249	249	121	121	10	10	14	14	2630	2630	1799	1799	80	80	24	24	3816	3816	2920	2920	1529	1529	397	397	124	124	47	47	1813	1813	1035	1035	59	59	161	161	31622	31622	5276	5276	112	112	173	173	2755	2755	12719	12719	590	590	527	527	12970	12970	11196	11196	36	36	46	46	1881	1881	3849	3849	13	13	42	42	247	247	162	162	6220	6220	5909	5909	27850	27850	10901	10901	421	421	546	546	3046	3046	6128	6128	5	5	200	200	83	83	101	101	19	19	4	4	379	379	1606	1606	77	77	94	94	993	993	52	52	4931	4931	5413	5413	1593	1593	287	287	39	39	61	61	23	23	39	39	238	238	17	17	4	4	11	11	753	753	859	859	1180	1180	1308	1308	13	13	7	7	389	389	873	873	126	126	74	74	7472	7472	14768	14768	35023	35023	52513	52513	3	3	4	4
IND00289	520	520	645	645	113	113	1583	1583	8	8	12	12	2595	2595	715	715	1619	1619	2076	2076	1900	1900	1283	1283	7686	7686	6825	6825	450	450	3555	3555	197	197	166	166	15	15	3	3	230	230	3847	3847	74	74	33	33	6837	6837	2051	2051	1099	1099	1156	1156	84	84	88	88	1261	1261	901	901	996	996	489	489	14029	14029	9149	9149	132	132	152	152	15277	15277	6938	6938	796	796	552	552	6960	6960	310	310	36	36	1	1	6866	6866	5798	5798	9	9	76	76	96	96	184	184	7311	7311	7131	7131	23106	23106	28239	28239	931	931	1571	1571	31708	31708	15739	15739	137	137	195	195	126	126	45	45	37	37	2	2	961	961	1707	1707	33	33	34	34	999	999	467	467	3612	3612	3975	3975	1493	1493	1040	1040	96	96	52	52	10	10	52	52	206	206	315	315	82	82	93	93	866	866	797	797	696	696	1212	1212	11	11	5	5	113	113	578	578	58	58	109	109	30227	30227	11075	11075	43173	43173	59627	59627	3	3	3	3
IND00290	546	546	672	672	762	762	1230	1230	51	51	57	57	383	383	4013	4013	2087	2087	255	255	687	687	2650	2650	1724	1724	6950	6950	2312	2312	870	870	179	179	230	230	4	4	7	7	2716	2716	1009	1009	51	51	13	13	1439	1439	7715	7715	906	906	570	570	118	118	46	46	208	208	1743	1743	364	364	642	642	6860	6860	8918	8918	196	196	131	131	3153	3153	2464	2464	62	62	559	559	15173	15173	3255	3255	30	30	48	48	4071	4071	5954	5954	58	58	119	119	159	159	94	94	3055	3055	204	204	288	288	502	502	1790	1790	1656	1656	31626	31626	25175	25175	256	256	224	224	39	39	27	27	39	39	42	42	708	708	5	5	113	113	7	7	813	813	1009	1009	6949	6949	7155	7155	1871	1871	528	528	107	107	46	46	62	62	56	56	113	113	441	441	83	83	71	71	385	385	970	970	1325	1325	633	633	21	21	32	32	1879	1879	1204	1204	80	80	66	66	4306	4306	32368	32368	42862	42862	29350	29350	3	3	1	1
IND00291	123	123	734	734	1926	1926	1601	1601	53	53	17	17	2447	2447	2230	2230	1810	1810	1499	1499	1449	1449	905	905	5881	5881	5264	5264	3362	3362	1919	1919	243	243	141	141	8	8	8	8	2737	2737	3235	3235	108	108	53	53	4218	4218	2806	2806	520	520	590	590	50	50	61	61	747	747	153	153	301	301	359	359	17394	17394	10375	10375	37	37	229	229	4520	4520	7308	7308	547	547	43	43	14853	14853	15969	15969	45	45	58	58	161	161	6163	6163	107	107	112	112	152	152	224	224	991	991	5833	5833	9754	9754	12514	12514	1560	1560	11	11	7410	7410	32693	32693	71	71	19	19	91	91	4	4	14	14	54	54	1990	1990	1253	1253	103	103	63	63	223	223	598	598	6954	6954	1444	1444	1764	1764	414	414	76	76	26	26	55	55	45	45	87	87	448	448	108	108	14	14	735	735	515	515	938	938	2042	2042	3	3	11	11	1933	1933	212	212	98	98	59	59	8180	8180	4836	4836	40200	40200	19740	19740	4	4	4	4
IND00292	221	221	196	196	654	654	2016	2016	9	9	7	7	1779	1779	2503	2503	3558	3558	1214	1214	1454	1454	748	748	6223	6223	6201	6201	989	989	1123	1123	236	236	180	180	2	2	13	13	3782	3782	3775	3775	63	63	118	118	2571	2571	5615	5615	1812	1812	306	306	83	83	37	37	1651	1651	1653	1653	1016	1016	198	198	26513	26513	19077	19077	212	212	93	93	3758	3758	9046	9046	755	755	409	409	14841	14841	15055	15055	45	45	63	63	5965	5965	1598	1598	100	100	38	38	217	217	104	104	6990	6990	6858	6858	7223	7223	25518	25518	485	485	1759	1759	3871	3871	12776	12776	89	89	227	227	69	69	108	108	62	62	32	32	1051	1051	506	506	56	56	82	82	88	88	907	907	3637	3637	4950	4950	1268	1268	1479	1479	99	99	73	73	36	36	30	30	189	189	190	190	166	166	141	141	835	835	782	782	411	411	217	217	7	7	20	20	572	572	1444	1444	24	24	123	123	7057	7057	12554	12554	33201	33201	30865	30865	4	4	1	1
IND00293	6	6	348	348	366	366	1544	1544	63	63	9	9	2764	2764	1019	1019	731	731	217	217	1600	1600	441	441	4579	4579	6962	6962	146	146	927	927	102	102	111	111	1	1	4	4	3138	3138	261	261	106	106	98	98	2993	2993	5862	5862	1072	1072	1024	1024	105	105	12	12	397	397	871	871	526	526	791	791	12058	12058	5975	5975	224	224	150	150	11418	11418	8603	8603	848	848	267	267	15817	15817	2087	2087	34	34	33	33	1361	1361	6675	6675	104	104	49	49	71	71	130	130	2512	2512	6957	6957	8868	8868	18812	18812	254	254	1343	1343	15487	15487	9225	9225	1	1	111	111	6	6	60	60	16	16	39	39	735	735	1697	1697	26	26	56	56	773	773	162	162	6866	6866	6559	6559	1907	1907	1118	1118	122	122	61	61	26	26	58	58	352	352	275	275	74	74	169	169	367	367	163	163	1564	1564	246	246	30	30	24	24	36	36	736	736	68	68	24	24	17038	17038	31028	31028	9506	9506	49801	49801	4	4	1	1
IND00294	110	110	44	44	1236	1236	1355	1355	17	17	8	8	694	694	3939	3939	520	520	1027	1027	1496	1496	642	642	67	67	1418	1418	3704	3704	830	830	12	12	2	2	8	8	11	11	2955	2955	3325	3325	31	31	84	84	196	196	2991	2991	1452	1452	1041	1041	8	8	5	5	284	284	1788	1788	514	514	220	220	31160	31160	15335	15335	174	174	137	137	955	955	7124	7124	459	459	191	191	1959	1959	2736	2736	21	21	5	5	7524	7524	883	883	31	31	118	118	45	45	35	35	1196	1196	2983	2983	3755	3755	4094	4094	611	611	1108	1108	14613	14613	27799	27799	226	226	90	90	4	4	94	94	41	41	28	28	550	550	1022	1022	105	105	88	88	153	153	685	685	3105	3105	5870	5870	1402	1402	682	682	43	43	14	14	4	4	54	54	250	250	379	379	10	10	189	189	890	890	831	831	1665	1665	1049	1049	16	16	9	9	1711	1711	715	715	3	3	53	53	964	964	1331	1331	58096	58096	19286	19286	1	1	4	4
IND00295	826	826	321	321	261	261	1748	1748	58	58	23	23	1809	1809	2007	2007	3024	3024	1173	1173	130	130	509	509	5056	5056	7643	7643	1670	1670	2548	2548	142	142	70	70	1	1	14	14	706	706	1144	1144	77	77	13	13	7923	7923	682	682	1950	1950	654	654	122	122	26	26	516	516	810	810	28	28	958	958	16942	16942	4776	4776	104	104	101	101	608	608	6944	6944	371	371	77	77	12949	12949	1918	1918	44	44	63	63	5180	5180	2141	2141	38	38	90	90	206	206	65	65	4758	4758	6425	6425	3134	3134	27524	27524	1817	1817	1653	1653	18175	18175	8845	8845	41	41	58	58	98	98	44	44	11	11	32	32	1955	1955	1879	1879	58	58	103	103	377	377	979	979	1792	1792	1010	1010	829	829	526	526	8	8	103	103	44	44	54	54	68	68	352	352	80	80	221	221	641	641	591	591	1718	1718	166	166	22	22	29	29	1617	1617	778	778	2	2	52	52	32193	32193	643	643	19807	19807	51751	51751	1	1	4	4
IND00296	566	566	907	907	769	769	1665	1665	9	9	4	4	862	862	4054	4054	2816	2816	1960	1960	1839	1839	3636	3636	3455	3455	5861	5861	2243	2243	1060	1060	164	164	141	141	15	15	10	10	2108	2108	1595	1595	74	74	76	76	1717	1717	2900	2900	1555	1555	903	903	95	95	35	35	1622	1622	1722	1722	1005	1005	940	940	31829	31829	14120	14120	228	228	185	185	5024	5024	8877	8877	427	427	890	890	2432	2432	5444	5444	30	30	38	38	5538	5538	4485	4485	124	124	23	23	152	152	221	221	5278	5278	1056	1056	3271	3271	13755	13755	1976	1976	1934	1934	25840	25840	27788	27788	82	82	80	80	46	46	55	55	57	57	28	28	1932	1932	14	14	18	18	27	27	90	90	455	455	5115	5115	2320	2320	51	51	241	241	79	79	78	78	37	37	58	58	113	113	489	489	63	63	21	21	409	409	207	207	506	506	1145	1145	16	16	23	23	1845	1845	994	994	112	112	115	115	3202	3202	30778	30778	34877	34877	64063	64063	2	2	3	3
IND00297	591	591	115	115	1768	1768	1469	1469	13	13	52	52	1851	1851	2760	2760	541	541	1965	1965	1347	1347	1935	1935	522	522	164	164	3333	3333	4048	4048	114	114	12	12	13	13	4	4	1677	1677	3825	3825	87	87	80	80	3101	3101	1090	1090	1116	1116	227	227	84	84	55	55	447	447	523	523	774	774	548	548	1800	1800	31479	31479	145	145	238	238	559	559	11589	11589	708	708	587	587	10600	10600	3521	3521	12	12	28	28	539	539	6645	6645	122	122	60	60	104	104	33	33	4325	4325	2983	2983	10727	10727	5853	5853	502	502	1857	1857	5135	5135	29404	29404	184	184	130	130	8	8	55	55	6	6	35	35	1073	1073	1563	1563	21	21	69	69	164	164	960	960	6244	6244	5052	5052	1930	1930	746	746	121	121	123	123	50	50	33	33	389	389	389	389	7	7	96	96	407	407	362	362	780	780	456	456	15	15	9	9	884	884	1155	1155	90	90	3	3	27579	27579	31391	31391	20556	20556	8574	8574	2	2	4	4
IND00298	620	620	130	130	1489	1489	650	650	49	49	24	24	1975	1975	3265	3265	1784	1784	2744	2744	37	37	3603	3603	806	806	3554	3554	122	122	3841	3841	222	222	87	87	14	14	9	9	470	470	757	757	87	87	36	36	2993	2993	3148	3148	1242	1242	1709	1709	35	35	76	76	1869	1869	1204	1204	607	607	466	466	7126	7126	12452	12452	216	216	64	64	7405	7405	6361	6361	8	8	825	825	2649	2649	16166	16166	60	60	19	19	2844	2844	6026	6026	85	85	94	94	233	233	184	184	5818	5818	6929	6929	5278	5278	18055	18055	1995	1995	1925	1925	29197	29197	29796	29796	188	188	151	151	119	119	35	35	31	31	5	5	609	609	598	598	15	15	55	55	789	789	587	587	662	662	751	751	819	819	85	85	110	110	40	40	62	62	31	31	108	108	315	315	173	173	254	254	227	227	97	97	1619	1619	443	443	11	11	23	23	262	262	1460	1460	101	101	30	30	23182	23182	24526	24526	44767	44767	14503	14503	1	1	2	2
IND00299	421	421	946	946	1561	1561	145	145	57	57	19	19	178	178	3940	3940	3446	3446	155	155	1474	1474	4012	4012	6875	6875	4495	4495	901	901	2364	2364	236	236	231	231	7	7	9	9	1136	1136	2953	2953	113	113	63	63	1752	1752	5703	5703	968	968	1648	1648	95	95	72	72	666	666	441	441	997	997	994	994	16506	16506	19729	19729	90	90	104	104	12448	12448	9936	9936	482	482	671	671	13312	13312	12416	12416	3	3	44	44	2513	2513	7768	7768	16	16	107	107	87	87	222	222	2522	2522	6640	6640	17046	17046	18	18	574	574	1235	1235	17910	17910	19761	19761	119	119	163	163	90	90	112	112	18	18	30	30	1315	1315	600	600	92	92	91	91	674	674	646	646	1604	1604	5669	5669	1939	1939	1605	1605	6	6	57	57	53	53	37	37	271	271	43	43	108	108	152	152	1007	1007	946	946	32	32	1299	1299	23	23	9	9	741	741	954	954	99	99	110	110	15018	15018	16901	16901	53974	53974	37094	37094	1	1	3	3
IND00300	831	831	806	806	1165	1165	1734	1734	55	55	31	31	2375	2375	1186	1186	4071	4071	3518	3518	2102	2102	1315	1315	1928	1928	3537	3537	1506	1506	1617	1617	90	90	48	48	3	3	2	2	3304	3304	850	850	21	21	33	33	6694	6694	931	931	1592	1592	1329	1329	108	108	128	128	623	623	224	224	31	31	280	280	7203	7203	26629	26629	19	19	193	193	11456	11456	7439	7439	759	759	316	316	8266	8266	10523	10523	64	64	10	10	32	32	856	856	27	27	90	90	55	55	6	6	5524	5524	6508	6508	2936	2936	3278	3278	1491	1491	1349	1349	31403	31403	25897	25897	161	161	136	136	9	9	12	12	54	54	46	46	1690	1690	1690	1690	4	4	34	34	584	584	663	663	8058	8058	3593	3593	504	504	1184	1184	28	28	7	7	35	35	16	16	50	50	52	52	42	42	69	69	806	806	463	463	1727	1727	1752	1752	1	1	27	27	1458	1458	198	198	44	44	73	73	23010	23010	1154	1154	15399	15399	30932	30932	2	2	3	3
IND00301	324	324	961	961	2020	2020	457	457	2	2	59	59	2229	2229	3747	3747	2152	2152	347	347	2275	2275	1700	1700	3777	3777	2983	2983	2907	2907	599	599	233	233	79	79	14	14	9	9	60	60	238	238	65	65	127	127	6607	6607	1326	1326	1526	1526	226	226	6	6	116	116	471	471	1064	1064	547	547	341	341	27798	27798	6990	6990	193	193	3	3	9638	9638	5755	5755	818	818	671	671	3458	3458	12054	12054	37	37	19	19	3641	3641	4500	4500	26	26	59	59	238	238	106	106	6507	6507	4698	4698	6863	6863	32495	32495	850	850	167	167	12445	12445	30091	30091	230	230	7	7	68	68	58	58	18	18	58	58	199	199	2017	2017	119	119	128	128	558	558	933	933	2216	2216	2283	2283	1804	1804	1309	1309	9	9	35	35	45	45	42	42	120	120	260	260	51	51	62	62	317	317	540	540	1945	1945	325	325	14	14	20	20	291	291	643	643	37	37	61	61	28127	28127	23387	23387	57363	57363	7834	7834	4	4	1	1
IND00302	671	671	402	402	859	859	880	880	48	48	54	54	1940	1940	3843	3843	984	984	1918	1918	4023	4023	727	727	916	916	5051	5051	3740	3740	1844	1844	33	33	54	54	5	5	7	7	1845	1845	1538	1538	6	6	97	97	4375	4375	4337	4337	2032	2032	906	906	29	29	24	24	488	488	1603	1603	326	326	602	602	6890	6890	26987	26987	228	228	174	174	3360	3360	3646	3646	244	244	510	510	13710	13710	8126	8126	7	7	29	29	6446	6446	5340	5340	113	113	125	125	118	118	249	249	249	249	7960	7960	16214	16214	30253	30253	1890	1890	1125	1125	32610	32610	11444	11444	44	44	134	134	103	103	11	11	31	31	4	4	777	777	1444	1444	74	74	62	62	127	127	840	840	6586	6586	1355	1355	884	884	1381	1381	28	28	32	32	53	53	53	53	262	262	372	372	251	251	34	34	210	210	100	100	130	130	1519	1519	31	31	17	17	1582	1582	610	610	12	12	31	31	15553	15553	20393	20393	24390	24390	31216	31216	4	4	4	4
IND00303	222	222	37	37	1297	1297	1228	1228	12	12	57	57	3709	3709	890	890	2053	2053	2268	2268	1924	1924	2515	2515	4590	4590	5631	5631	3613	3613	4081	4081	80	80	185	185	13	13	2	2	1067	1067	1114	1114	105	105	7	7	2734	2734	4170	4170	201	201	1612	1612	23	23	98	98	1485	1485	1623	1623	741	741	292	292	5086	5086	4841	4841	128	128	142	142	4511	4511	4390	4390	411	411	549	549	16279	16279	11425	11425	45	45	39	39	4051	4051	7327	7327	24	24	61	61	199	199	26	26	141	141	5649	5649	14385	14385	16817	16817	978	978	1188	1188	21689	21689	15127	15127	55	55	17	17	101	101	119	119	23	23	55	55	361	361	1477	1477	62	62	93	93	38	38	526	526	3446	3446	2967	2967	1634	1634	119	119	42	42	92	92	30	30	57	57	434	434	296	296	202	202	92	92	886	886	511	511	1216	1216	45	45	10	10	11	11	2007	2007	266	266	114	114	74	74	32122	32122	22653	22653	29659	29659	47965	47965	4	4	4	4
IND00304	90	90	268	268	1207	1207	1245	1245	24	24	48	48	403	403	3033	3033	3340	3340	3238	3238	3853	3853	549	549	5552	5552	5814	5814	2917	2917	2488	2488	111	111	181	181	9	9	13	13	2299	2299	1247	1247	72	72	47	47	7055	7055	1233	1233	1747	1747	1608	1608	91	91	101	101	882	882	726	726	17	17	556	556	6205	6205	31341	31341	223	223	56	56	7896	7896	4960	4960	160	160	188	188	4221	4221	7195	7195	3	3	50	50	6133	6133	7908	7908	56	56	44	44	118	118	7	7	4744	4744	1339	1339	28946	28946	24651	24651	688	688	1511	1511	8807	8807	22012	22012	114	114	9	9	31	31	98	98	10	10	31	31	852	852	1233	1233	112	112	5	5	35	35	82	82	729	729	7714	7714	1242	1242	814	814	18	18	124	124	54	54	58	58	465	465	398	398	147	147	4	4	917	917	9	9	1807	1807	992	992	25	25	28	28	1303	1303	186	186	18	18	118	118	14748	14748	28666	28666	51320	51320	23464	23464	4	4	2	2
IND00305	97	97	463	463	606	606	1071	1071	58	58	59	59	1743	1743	1106	1106	246	246	3438	3438	2869	2869	2724	2724	4749	4749	6274	6274	744	744	578	578	138	138	71	71	7	7	1	1	1676	1676	640	640	106	106	40	40	3091	3091	1204	1204	528	528	340	340	126	126	37	37	509	509	836	836	174	174	660	660	4150	4150	22544	22544	92	92	208	208	14026	14026	12818	12818	279	279	905	905	11054	11054	8688	8688	63	63	13	13	7637	7637	5505	5505	92	92	5	5	192	192	104	104	119	119	8089	8089	30511	30511	29629	29629	1727	1727	1264	1264	3366	3366	435	435	242	242	14	14	71	71	84	84	56	56	55	55	1288	1288	266	266	115	115	67	67	54	54	225	225	1099	1099	1840	1840	146	146	861	861	59	59	56	56	10	10	12	12	252	252	186	186	145	145	34	34	911	911	851	851	2046	2046	684	684	23	23	31	31	1271	1271	1842	1842	8	8	23	23	17478	17478	9783	9783	32041	32041	51458	51458	3	3	4	4
IND00306	488	488	813	813	283	283	556	556	64	64	5	5	1092	1092	2403	2403	1156	1156	1228	1228	1104	1104	1468	1468	371	371	5739	5739	2624	2624	1254	1254	148	148	8	8	15	15	3	3	88	88	3904	3904	25	25	128	128	5040	5040	2846	2846	377	377	840	840	50	50	105	105	684	684	1535	1535	134	134	274	274	32547	32547	26912	26912	239	239	63	63	3082	3082	465	465	336	336	500	500	804	804	2975	2975	16	16	14	14	3606	3606	128	128	97	97	113	113	31	31	28	28	6173	6173	5602	5602	28911	28911	21430	21430	1995	1995	729	729	4897	4897	31663	31663	13	13	194	194	73	73	22	22	54	54	41	41	858	858	793	793	20	20	102	102	313	313	967	967	4153	4153	5142	5142	98	98	1117	1117	52	52	12	12	6	6	45	45	317	317	241	241	73	73	233	233	175	175	733	733	428	428	250	250	17	17	2	2	475	475	220	220	81	81	24	24	3259	3259	1202	1202	6319	6319	53243	53243	4	4	3	3
IND00307	187	187	680	680	259	259	1715	1715	54	54	52	52	295	295	4032	4032	2835	2835	312	312	2100	2100	3242	3242	4551	4551	3820	3820	2834	2834	1517	1517	191	191	124	124	9	9	5	5	3714	3714	3108	3108	114	114	40	40	6843	6843	498	498	1007	1007	773	773	10	10	76	76	1540	1540	2031	2031	566	566	532	532	10453	10453	755	755	161	161	67	67	14698	14698	1283	1283	783	783	783	783	11548	11548	183	183	56	56	38	38	5447	5447	7531	7531	107	107	15	15	47	47	226	226	1210	1210	3610	3610	15151	15151	7715	7715	1608	1608	1332	1332	28106	28106	13168	13168	181	181	100	100	75	75	38	38	33	33	48	48	529	529	126	126	73	73	46	46	537	537	102	102	2983	2983	6880	6880	218	218	709	709	86	86	113	113	28	28	48	48	477	477	105	105	94	94	226	226	367	367	865	865	1336	1336	1043	1043	11	11	20	20	397	397	1290	1290	73	73	110	110	13784	13784	16261	16261	20814	20814	8926	8926	1	1	4	4
IND00308	659	659	706	706	1618	1618	835	835	27	27	37	37	1218	1218	2373	2373	535	535	1666	1666	2505	2505	3870	3870	5055	5055	3177	3177	1512	1512	3654	3654	142	142	223	223	2	2	4	4	3543	3543	2228	2228	10	10	115	115	7999	7999	2863	2863	1250	1250	1980	1980	115	115	113	113	1000	1000	1262	1262	186	186	129	129	3832	3832	11806	11806	162	162	39	39	16125	16125	15376	15376	952	952	902	902	436	436	7260	7260	36	36	2	2	6520	6520	5808	5808	104	104	27	27	11	11	147	147	569	569	4294	4294	18327	18327	18261	18261	943	943	827	827	32708	32708	10834	10834	103	103	5	5	70	70	74	74	25	25	4	4	206	206	1404	1404	73	73	36	36	301	301	125	125	5858	5858	4904	4904	1830	1830	1056	1056	35	35	60	60	44	44	56	56	162	162	137	137	80	80	252	252	59	59	504	504	1004	1004	204	204	14	14	4	4	19	19	2045	2045	82	82	30	30	27371	27371	32281	32281	57783	57783	5170	5170	3	3	1	1
IND00309	58	58	781	781	1515	1515	1586	1586	56	56	50	50	3377	3377	1881	1881	3830	3830	2903	2903	3560	3560	4029	4029	7969	7969	2864	2864	2790	2790	659	659	52	52	155	155	14	14	5	5	674	674	185	185	46	46	5	5	7291	7291	6508	6508	381	381	1495	1495	21	21	89	89	1029	1029	373	373	535	535	928	928	20179	20179	17468	17468	178	178	218	218	1114	1114	6056	6056	569	569	59	59	5288	5288	2537	2537	24	24	22	22	8120	8120	2245	2245	42	42	88	88	139	139	104	104	5117	5117	3461	3461	25435	25435	9528	9528	1018	1018	1199	1199	7888	7888	20444	20444	115	115	53	53	25	25	62	62	32	32	37	37	1184	1184	1212	1212	58	58	107	107	953	953	631	631	1762	1762	6669	6669	1038	1038	2029	2029	8	8	105	105	52	52	24	24	437	437	313	313	50	50	90	90	338	338	43	43	1931	1931	413	413	9	9	15	15	91	91	209	209	115	115	52	52	1293	1293	16095	16095	49494	49494	50499	50499	1	1	4	4
IND00310	837	837	901	901	977	977	1046	1046	14	14	30	30	1962	1962	2257	2257	1034	1034	3788	3788	992	992	2819	2819	6763	6763	3685	3685	1580	1580	3892	3892	27	27	71	71	16	16	11	11	175	175	1961	1961	18	18	50	50	1860	1860	7105	7105	652	652	731	731	109	109	99	99	1039	1039	876	876	563	563	258	258	1083	1083	11573	11573	27	27	21	21	11957	11957	14333	14333	317	317	280	280	13033	13033	3293	3293	50	50	53	53	178	178	2688	2688	42	42	24	24	252	252	241	241	3876	3876	942	942	10248	10248	13558	13558	415	415	1116	1116	8050	8050	4283	4283	152	152	7	7	80	80	31	31	18	18	62	62	637	637	991	991	72	72	84	84	99	99	9	9	1181	1181	6360	6360	1899	1899	1503	1503	29	29	45	45	9	9	51	51	202	202	349	349	10	10	37	37	502	502	194	194	423	423	1606	1606	24	24	16	16	487	487	1296	1296	113	113	5	5	15048	15048	3592	3592	18533	18533	32482	32482	1	1	2	2
IND00311	901	901	572	572	1033	1033	2030	2030	40	40	17	17	502	502	2915	2915	3228	3228	2112	2112	1923	1923	66	66	1542	1542	6167	6167	2107	2107	752	752	171	171	235	235	2	2	6	6	2974	2974	1261	1261	59	59	71	71	7156	7156	574	574	1497	1497	1317	1317	106	106	106	106	1515	1515	209	209	235	235	809	809	21317	21317	5851	5851	137	137	212	212	4884	4884	13766	13766	298	298	366	366	9770	9770	5093	5093	3	3	10	10	6279	6279	5955	5955	125	125	60	60	17	17	93	93	3281	3281	800	800	31873	31873	10435	10435	713	713	1657	1657	2155	2155	9409	9409	15	15	85	85	63	63	96	96	61	61	49	49	13	13	373	373	90	90	59	59	854	854	141	141	3693	3693	6418	6418	302	302	1897	1897	9	9	105	105	53	53	40	40	87	87	295	295	236	236	36	36	738	738	764	764	644	644	729	729	30	30	31	31	1602	1602	1190	1190	106	106	10	10	9661	9661	11766	11766	37155	37155	38676	38676	1	1	2	2
IND00312	61	61	568	568	1818	1818	823	823	36	36	10	10	693	693	2504	2504	1490	1490	1399	1399	933	933	952	952	4293	4293	3074	3074	1424	1424	2210	2210	230	230	113	113	3	3	4	4	3332	3332	241	241	82	82	47	47	3694	3694	7256	7256	804	804	313	313	3	3	128	128	1755	1755	336	336	510	510	432	432	28869	28869	13627	13627	92	92	133	133	1508	1508	1034	1034	950	950	336	336	10541	10541	12494	12494	46	46	43	43	4496	4496	6051	6051	93	93	44	44	150	150	224	224	4582	4582	3574	3574	27782	27782	24772	24772	1786	1786	312	312	18545	18545	17299	17299	203	203	138	138	124	124	57	57	56	56	57	57	175	175	1030	1030	1	1	16	16	310	310	863	863	4048	4048	2012	2012	1978	1978	1588	1588	36	36	78	78	28	28	61	61	478	478	208	208	147	147	41	41	333	333	946	946	1910	1910	1653	1653	20	20	20	20	1260	1260	1561	1561	128	128	77	77	17797	17797	24438	24438	27267	27267	14459	14459	1	1	2	2
IND00313	269	269	869	869	1428	1428	1240	1240	22	22	41	41	2730	2730	898	898	1700	1700	2051	2051	223	223	1739	1739	48	48	5723	5723	2222	2222	3407	3407	114	114	75	75	8	8	12	12	3226	3226	4031	4031	118	118	89	89	6486	6486	3070	3070	1552	1552	199	199	109	109	126	126	92	92	566	566	280	280	433	433	14965	14965	12550	12550	27	27	235	235	10215	10215	10075	10075	322	322	810	810	3844	3844	2325	2325	26	26	49	49	4170	4170	3837	3837	27	27	111	111	91	91	49	49	4482	4482	3098	3098	14331	14331	25565	25565	1327	1327	1422	1422	30102	30102	28404	28404	126	126	44	44	38	38	31	31	23	23	64	64	1145	1145	1997	1997	55	55	67	67	420	420	882	882	6276	6276	6440	6440	860	860	2037	2037	93	93	12	12	33	33	24	24	298	298	437	437	213	213	120	120	114	114	168	168	1295	1295	160	160	1	1	30	30	469	469	1030	1030	105	105	120	120	1516	1516	12986	12986	19744	19744	18004	18004	3	3	1	1
IND00314	241	241	191	191	742	742	1051	1051	17	17	2	2	559	559	3371	3371	1407	1407	924	924	1347	1347	3501	3501	5631	5631	3546	3546	2258	2258	3949	3949	235	235	207	207	10	10	5	5	1664	1664	2814	2814	87	87	24	24	7949	7949	560	560	1615	1615	1593	1593	70	70	75	75	446	446	30	30	389	389	679	679	25464	25464	16514	16514	123	123	8	8	166	166	5337	5337	126	126	532	532	13588	13588	11718	11718	49	49	35	35	1730	1730	4848	4848	14	14	122	122	87	87	123	123	6302	6302	478	478	13052	13052	12107	12107	1276	1276	1050	1050	7886	7886	3850	3850	203	203	116	116	40	40	72	72	9	9	46	46	1433	1433	1387	1387	116	116	41	41	455	455	500	500	5009	5009	5260	5260	133	133	1119	1119	47	47	69	69	46	46	6	6	504	504	191	191	246	246	197	197	777	777	764	764	754	754	864	864	27	27	14	14	1971	1971	649	649	21	21	118	118	27834	27834	15651	15651	29761	29761	7540	7540	3	3	1	1
IND00315	659	659	413	413	944	944	1328	1328	2	2	49	49	2298	2298	1895	1895	2403	2403	137	137	262	262	3872	3872	7495	7495	5113	5113	1080	1080	1709	1709	128	128	15	15	5	5	4	4	3286	3286	2890	2890	55	55	66	66	6625	6625	2926	2926	282	282	394	394	3	3	108	108	966	966	1402	1402	267	267	890	890	23993	23993	22952	22952	19	19	152	152	13408	13408	3361	3361	966	966	159	159	7406	7406	6456	6456	21	21	37	37	3284	3284	3758	3758	63	63	79	79	224	224	135	135	6529	6529	6155	6155	31397	31397	4066	4066	1116	1116	795	795	18691	18691	24611	24611	18	18	161	161	112	112	46	46	56	56	54	54	144	144	1850	1850	63	63	61	61	599	599	550	550	6681	6681	2653	2653	1670	1670	104	104	30	30	60	60	13	13	60	60	19	19	508	508	121	121	251	251	3	3	701	701	252	252	1538	1538	2	2	3	3	384	384	242	242	103	103	112	112	7160	7160	28121	28121	58521	58521	18907	18907	4	4	3	3
IND00316	200	200	517	517	1538	1538	997	997	21	21	35	35	3261	3261	1068	1068	2547	2547	1796	1796	3438	3438	3432	3432	4795	4795	4740	4740	3790	3790	3980	3980	161	161	221	221	14	14	14	14	2871	2871	2007	2007	55	55	120	120	3912	3912	4698	4698	255	255	1460	1460	7	7	35	35	263	263	1689	1689	137	137	747	747	15913	15913	6248	6248	133	133	116	116	5855	5855	746	746	989	989	854	854	1558	1558	5538	5538	4	4	44	44	7772	7772	3326	3326	59	59	4	4	224	224	130	130	7107	7107	945	945	18273	18273	20841	20841	640	640	92	92	15594	15594	13245	13245	181	181	35	35	54	54	55	55	53	53	17	17	503	503	1700	1700	54	54	105	105	283	283	711	711	5885	5885	4857	4857	1021	1021	1297	1297	66	66	53	53	46	46	57	57	504	504	338	338	147	147	147	147	76	76	788	788	717	717	275	275	19	19	6	6	736	736	1607	1607	95	95	86	86	12933	12933	9141	9141	26071	26071	59687	59687	2	2	4	4
IND00317	896	896	64	64	10	10	51	51	27	27	26	26	636	636	1992	1992	878	878	59	59	1465	1465	972	972	7571	7571	3430	3430	4026	4026	524	524	171	171	237	237	1	1	2	2	3557	3557	2800	2800	67	67	21	21	5528	5528	3600	3600	790	790	1721	1721	85	85	32	32	1949	1949	127	127	558	558	336	336	2166	2166	5086	5086	32	32	28	28	8845	8845	4829	4829	976	976	797	797	1355	1355	2027	2027	16	16	34	34	3948	3948	5888	5888	93	93	126	126	66	66	159	159	281	281	7703	7703	31035	31035	4714	4714	109	109	15	15	12707	12707	1432	1432	36	36	38	38	62	62	8	8	42	42	54	54	718	718	1759	1759	4	4	8	8	217	217	494	494	6929	6929	5501	5501	900	900	1212	1212	110	110	115	115	16	16	19	19	479	479	96	96	9	9	191	191	433	433	917	917	1122	1122	1470	1470	28	28	7	7	1317	1317	700	700	81	81	22	22	5801	5801	12057	12057	37145	37145	38660	38660	3	3	3	3
IND00318	88	88	1008	1008	386	386	623	623	23	23	1	1	647	647	2777	2777	1036	1036	3401	3401	2971	2971	3422	3422	6465	6465	1565	1565	384	384	2891	2891	28	28	207	207	15	15	2	2	1045	1045	67	67	44	44	26	26	2684	2684	988	988	1278	1278	178	178	37	37	24	24	1397	1397	45	45	11	11	1014	1014	6045	6045	17752	17752	244	244	21	21	2110	2110	10744	10744	538	538	403	403	11307	11307	15998	15998	30	30	25	25	7990	7990	7977	7977	99	99	56	56	209	209	118	118	4948	4948	4222	4222	32146	32146	17444	17444	166	166	629	629	25247	25247	30090	30090	169	169	138	138	52	52	113	113	27	27	36	36	282	282	175	175	49	49	104	104	542	542	955	955	7157	7157	5451	5451	73	73	811	811	53	53	80	80	12	12	63	63	427	427	45	45	228	228	66	66	226	226	666	666	1114	1114	1366	1366	4	4	31	31	2016	2016	1122	1122	58	58	123	123	3942	3942	10214	10214	41385	41385	21602	21602	1	1	1	1
IND00319	67	67	639	639	1624	1624	1322	1322	35	35	31	31	1335	1335	977	977	1590	1590	3376	3376	622	622	2608	2608	3456	3456	23	23	1765	1765	1202	1202	146	146	41	41	7	7	9	9	410	410	1745	1745	108	108	33	33	1676	1676	2174	2174	1190	1190	1161	1161	81	81	99	99	1430	1430	1217	1217	329	329	858	858	32149	32149	10433	10433	137	137	222	222	11763	11763	11458	11458	72	72	426	426	5829	5829	14362	14362	44	44	5	5	8030	8030	5067	5067	11	11	8	8	249	249	127	127	3251	3251	3971	3971	15500	15500	14288	14288	1878	1878	96	96	24917	24917	15885	15885	54	54	77	77	62	62	103	103	5	5	54	54	1419	1419	1163	1163	1	1	103	103	316	316	900	900	5509	5509	4737	4737	1730	1730	126	126	23	23	32	32	1	1	1	1	486	486	279	279	53	53	26	26	618	618	430	430	746	746	1430	1430	15	15	14	14	651	651	35	35	8	8	36	36	16006	16006	24998	24998	18044	18044	58334	58334	1	1	4	4
IND00320	618	618	80	80	808	808	581	581	59	59	56	56	83	83	96	96	1429	1429	1179	1179	2672	2672	637	637	3348	3348	2493	2493	2185	2185	3369	3369	140	140	22	22	15	15	3	3	2762	2762	3422	3422	81	81	120	120	204	204	4213	4213	1175	1175	1028	1028	66	66	31	31	1454	1454	905	905	928	928	38	38	1712	1712	18585	18585	207	207	208	208	2558	2558	11906	11906	203	203	427	427	1760	1760	8097	8097	16	16	16	16	4304	4304	899	899	10	10	108	108	133	133	150	150	2659	2659	7846	7846	17211	17211	17151	17151	935	935	830	830	27357	27357	3732	3732	100	100	167	167	109	109	112	112	7	7	3	3	1685	1685	639	639	81	81	125	125	780	780	475	475	5892	5892	21	21	1711	1711	1663	1663	56	56	44	44	22	22	60	60	489	489	323	323	214	214	67	67	769	769	828	828	598	598	1420	1420	29	29	1	1	199	199	686	686	9	9	29	29	3262	3262	24224	24224	6144	6144	52793	52793	2	2	4	4
IND00321	577	577	902	902	1645	1645	1138	1138	33	33	8	8	3285	3285	871	871	274	274	2532	2532	1612	1612	188	188	4156	4156	3197	3197	3087	3087	273	273	2	2	173	173	9	9	11	11	1863	1863	3293	3293	73	73	111	111	5090	5090	783	783	64	64	1952	1952	116	116	60	60	1440	1440	1019	1019	291	291	269	269	24257	24257	342	342	146	146	71	71	12503	12503	11923	11923	1002	1002	696	696	15088	15088	12821	12821	18	18	47	47	719	719	7594	7594	4	4	34	34	146	146	94	94	6541	6541	6679	6679	21288	21288	31434	31434	1288	1288	205	205	31709	31709	18571	18571	245	245	218	218	2	2	85	85	56	56	3	3	1918	1918	1573	1573	84	84	37	37	786	786	1009	1009	1692	1692	526	526	1594	1594	1383	1383	47	47	117	117	39	39	8	8	361	361	394	394	237	237	92	92	417	417	129	129	1584	1584	816	816	17	17	23	23	71	71	843	843	64	64	71	71	13298	13298	14201	14201	64456	64456	43229	43229	4	4	4	4
IND00322	135	135	652	652	1777	1777	95	95	44	44	3	3	1291	1291	1151	1151	3953	3953	3569	3569	3807	3807	471	471	6087	6087	5418	5418	3237	3237	401	401	30	30	116	116	9	9	11	11	599	599	1753	1753	22	22	126	126	6383	6383	4917	4917	1966	1966	699	699	20	20	86	86	260	260	1390	1390	170	170	1012	1012	25557	25557	31765	31765	64	64	251	251	11506	11506	11387	11387	466	466	317	317	3936	3936	11277	11277	40	40	17	17	2811	2811	2213	2213	52	52	58	58	32	32	34	34	6367	6367	470	470	28591	28591	17365	17365	1665	1665	948	948	25308	25308	29029	29029	157	157	255	255	95	95	40	40	33	33	13	13	1865	1865	536	536	86	86	65	65	74	74	544	544	6758	6758	6320	6320	1937	1937	297	297	111	111	62	62	31	31	60	60	380	380	277	277	114	114	121	121	58	58	533	533	96	96	23	23	31	31	10	10	120	120	755	755	57	57	9	9	14955	14955	5710	5710	27764	27764	35727	35727	1	1	1	1
IND00323	26	26	432	432	264	264	946	946	58	58	53	53	922	922	2984	2984	2765	2765	2881	2881	3724	3724	3970	3970	5894	5894	3573	3573	3683	3683	2886	2886	64	64	233	233	12	12	12	12	135	135	754	754	90	90	13	13	3353	3353	2071	2071	469	469	1041	1041	29	29	60	60	1034	1034	1304	1304	894	894	953	953	4485	4485	23651	23651	219	219	55	55	8259	8259	13057	13057	660	660	512	512	1677	1677	3711	3711	19	19	59	59	2836	2836	2783	2783	42	42	20	20	127	127	118	118	2374	2374	4899	4899	22414	22414	26145	26145	1040	1040	1003	1003	18936	18936	2859	2859	245	245	110	110	110	110	46	46	42	42	34	34	26	26	949	949	78	78	79	79	214	214	964	964	5981	5981	1420	1420	857	857	439	439	52	52	10	10	36	36	17	17	418	418	374	374	161	161	109	109	47	47	236	236	1819	1819	366	366	13	13	14	14	1091	1091	622	622	74	74	97	97	23160	23160	21698	21698	38290	38290	38121	38121	2	2	4	4
IND00324	676	676	51	51	1248	1248	612	612	56	56	39	39	3386	3386	2211	2211	3309	3309	3383	3383	3164	3164	1803	1803	2559	2559	7131	7131	3048	3048	1511	1511	256	256	38	38	5	5	10	10	3617	3617	2440	2440	34	34	24	24	5877	5877	1633	1633	1598	1598	676	676	99	99	88	88	971	971	1474	1474	368	368	976	976	13394	13394	26267	26267	244	244	250	250	10005	10005	13494	13494	168	168	213	213	10092	10092	7667	7667	19	19	4	4	7014	7014	4176	4176	79	79	79	79	95	95	60	60	2006	2006	3617	3617	19307	19307	13767	13767	200	200	1927	1927	32431	32431	9528	9528	250	250	11	11	105	105	20	20	34	34	3	3	1051	1051	1802	1802	48	48	118	118	392	392	490	490	5512	5512	5392	5392	1499	1499	678	678	49	49	22	22	23	23	2	2	460	460	505	505	143	143	122	122	954	954	743	743	571	571	1248	1248	3	3	10	10	1920	1920	1595	1595	98	98	40	40	27331	27331	8844	8844	61190	61190	56599	56599	2	2	4	4
IND00325	572	572	824	824	1974	1974	1175	1175	54	54	55	55	1586	1586	3917	3917	740	740	65	65	3028	3028	1961	1961	5171	5171	4605	4605	2029	2029	1168	1168	232	232	42	42	13	13	10	10	1997	1997	3012	3012	29	29	81	81	4035	4035	6118	6118	782	782	1822	1822	28	28	48	48	789	789	54	54	768	768	881	881	16491	16491	18106	18106	226	226	244	244	1059	1059	3761	3761	685	685	419	419	4991	4991	13102	13102	17	17	2	2	819	819	349	349	41	41	124	124	233	233	109	109	5699	5699	3751	3751	584	584	13046	13046	1472	1472	1994	1994	11551	11551	23183	23183	200	200	206	206	67	67	13	13	14	14	58	58	2044	2044	379	379	21	21	23	23	827	827	251	251	206	206	4664	4664	736	736	839	839	104	104	10	10	10	10	13	13	103	103	209	209	216	216	101	101	349	349	982	982	1247	1247	1613	1613	1	1	18	18	610	610	50	50	63	63	100	100	15370	15370	21116	21116	58426	58426	38659	38659	1	1	3	3
IND00326	939	939	300	300	1921	1921	40	40	51	51	18	18	2986	2986	426	426	2645	2645	1325	1325	1083	1083	2228	2228	1210	1210	2542	2542	1613	1613	97	97	116	116	139	139	14	14	12	12	2984	2984	3705	3705	70	70	88	88	1125	1125	1955	1955	1632	1632	1767	1767	21	21	22	22	900	900	1296	1296	495	495	903	903	17061	17061	24707	24707	170	170	110	110	13231	13231	14387	14387	716	716	487	487	5070	5070	5132	5132	55	55	6	6	6	6	3601	3601	67	67	29	29	53	53	130	130	5108	5108	5860	5860	2872	2872	2772	2772	504	504	1655	1655	9608	9608	11149	11149	55	55	40	40	38	38	93	93	45	45	21	21	1899	1899	1230	1230	22	22	18	18	994	994	797	797	1654	1654	6353	6353	1941	1941	172	172	79	79	79	79	63	63	64	64	399	399	227	227	209	209	54	54	40	40	141	141	1863	1863	246	246	13	13	27	27	2046	2046	599	599	66	66	83	83	31861	31861	4663	4663	8248	8248	49269	49269	4	4	1	1
IND00327	96	96	922	922	1650	1650	1736	1736	47	47	58	58	694	694	491	491	3346	3346	1513	1513	2686	2686	1591	1591	8036	8036	3926	3926	1827	1827	2640	2640	49	49	74	74	4	4	2	2	2826	2826	3574	3574	55	55	119	119	6341	6341	349	349	113	113	510	510	76	76	115	115	670	670	1289	1289	305	305	345	345	10681	10681	7886	7886	31	31	73	73	4451	4451	10587	10587	530	530	312	312	5353	5353	7039	7039	11	11	3	3	3767	3767	5044	5044	62	62	10	10	98	98	41	41	371	371	5523	5523	31781	31781	28392	28392	50	50	1259	1259	4222	4222	19878	19878	165	165	127	127	58	58	98	98	51	51	24	24	274	274	937	937	30	30	62	62	836	836	34	34	7693	7693	4195	4195	1092	1092	1860	1860	7	7	32	32	41	41	22	22	128	128	235	235	14	14	88	88	451	451	696	696	78	78	544	544	5	5	17	17	456	456	837	837	3	3	89	89	17456	17456	28875	28875	56055	56055	2260	2260	3	3	4	4
IND00328	153	153	449	449	1635	1635	619	619	58	58	50	50	2443	2443	2696	2696	1259	1259	1001	1001	1913	1913	2215	2215	5194	5194	5691	5691	2417	2417	54	54	22	22	177	177	9	9	15	15	1702	1702	2361	2361	111	111	55	55	6030	6030	6444	6444	1612	1612	1223	1223	64	64	80	80	280	280	772	772	203	203	113	113	16589	16589	24906	24906	188	188	137	137	7930	7930	5931	5931	155	155	129	129	10920	10920	11118	11118	54	54	30	30	4422	4422	2849	2849	54	54	43	43	208	208	4	4	3616	3616	65	65	18706	18706	26232	26232	916	916	341	341	24727	24727	21332	21332	25	25	101	101	28	28	54	54	47	47	48	48	468	468	1878	1878	4	4	49	49	735	735	779	779	683	683	6847	6847	196	196	1682	1682	38	38	113	113	62	62	55	55	175	175	40	40	116	116	238	238	255	255	807	807	1022	1022	940	940	8	8	11	11	1398	1398	1369	1369	124	124	15	15	18145	18145	10719	10719	14943	14943	43885	43885	2	2	4	4
IND00329	818	818	436	436	1598	1598	1486	1486	18	18	34	34	3827	3827	2736	2736	1870	1870	1537	1537	4012	4012	3815	3815	5219	5219	4359	4359	3641	3641	3315	3315	64	64	6	6	4	4	4	4	3450	3450	606	606	40	40	47	47	3264	3264	4042	4042	1314	1314	1017	1017	121	121	103	103	1268	1268	1301	1301	364	364	767	767	27246	27246	10530	10530	208	208	17	17	5719	5719	9296	9296	974	974	866	866	11716	11716	13363	13363	31	31	6	6	3628	3628	998	998	34	34	37	37	135	135	246	246	6259	6259	3690	3690	29246	29246	12217	12217	1285	1285	1675	1675	29046	29046	4468	4468	173	173	256	256	116	116	18	18	38	38	3	3	520	520	1712	1712	29	29	54	54	639	639	204	204	205	205	7262	7262	1743	1743	51	51	73	73	104	104	43	43	54	54	10	10	156	156	107	107	100	100	267	267	165	165	553	553	178	178	28	28	28	28	1044	1044	846	846	110	110	70	70	18971	18971	29421	29421	35398	35398	8541	8541	1	1	2	2
IND00330	207	207	140	140	205	205	1259	1259	44	44	2	2	1815	1815	3566	3566	2948	2948	627	627	1083	1083	2518	2518	4572	4572	1232	1232	2257	2257	2230	2230	17	17	140	140	3	3	4	4	4021	4021	1025	1025	57	57	59	59	7632	7632	3966	3966	805	805	131	131	124	124	117	117	2011	2011	1930	1930	73	73	171	171	5526	5526	23281	23281	206	206	74	74	3496	3496	5747	5747	277	277	63	63	9558	9558	7833	7833	46	46	39	39	373	373	3580	3580	82	82	5	5	110	110	173	173	3746	3746	1306	1306	2423	2423	9941	9941	155	155	847	847	8956	8956	5837	5837	15	15	67	67	6	6	85	85	38	38	23	23	13	13	970	970	53	53	85	85	481	481	270	270	4938	4938	6296	6296	299	299	800	800	6	6	74	74	3	3	23	23	141	141	459	459	3	3	115	115	722	722	551	551	776	776	1669	1669	6	6	5	5	1646	1646	1055	1055	46	46	4	4	19595	19595	27189	27189	9899	9899	51697	51697	1	1	1	1
IND00331	601	601	710	710	24	24	758	758	21	21	5	5	1154	1154	1821	1821	453	453	3037	3037	1530	1530	1479	1479	6365	6365	894	894	870	870	1755	1755	149	149	138	138	7	7	9	9	3111	3111	2860	2860	2	2	96	96	2459	2459	3120	3120	1720	1720	699	699	102	102	56	56	652	652	985	985	398	398	40	40	3988	3988	12027	12027	223	223	16	16	4130	4130	190	190	8	8	424	424	2335	2335	8606	8606	42	42	59	59	6428	6428	5683	5683	33	33	88	88	51	51	210	210	1315	1315	3305	3305	25388	25388	4767	4767	664	664	1772	1772	32355	32355	16136	16136	68	68	163	163	39	39	59	59	38	38	2	2	1289	1289	1567	1567	92	92	78	78	242	242	989	989	3922	3922	3191	3191	1	1	1714	1714	54	54	101	101	43	43	41	41	338	338	257	257	185	185	245	245	288	288	586	586	1784	1784	1056	1056	26	26	19	19	1851	1851	764	764	4	4	75	75	25331	25331	29271	29271	27824	27824	20372	20372	1	1	1	1
IND00332	360	360	481	481	100	100	112	112	36	36	1	1	4055	4055	2481	2481	4005	4005	1720	1720	3193	3193	2351	2351	3402	3402	2188	2188	1862	1862	2539	2539	106	106	50	50	3	3	9	9	1787	1787	613	613	29	29	48	48	1767	1767	5852	5852	57	57	662	662	54	54	38	38	1068	1068	1719	1719	835	835	409	409	19414	19414	24738	24738	70	70	213	213	9804	9804	11792	11792	687	687	837	837	14508	14508	2934	2934	54	54	1	1	6698	6698	3658	3658	123	123	17	17	231	231	212	212	5858	5858	2829	2829	30478	30478	24686	24686	871	871	725	725	32580	32580	23795	23795	249	249	206	206	92	92	90	90	18	18	52	52	1856	1856	1605	1605	38	38	74	74	927	927	832	832	4135	4135	1890	1890	1088	1088	921	921	58	58	62	62	19	19	38	38	20	20	61	61	229	229	36	36	973	973	534	534	1163	1163	1397	1397	22	22	7	7	2027	2027	26	26	122	122	94	94	22618	22618	3569	3569	19519	19519	31971	31971	3	3	2	2
IND00333	42	42	915	915	607	607	418	418	55	55	3	3	1640	1640	2915	2915	1394	1394	2320	2320	664	664	1203	1203	3307	3307	5145	5145	184	184	3016	3016	146	146	49	49	16	16	8	8	1052	1052	583	583	22	22	122	122	6511	6511	3290	3290	526	526	331	331	43	43	53	53	1255	1255	1837	1837	122	122	630	630	32685	32685	13496	13496	74	74	240	240	13700	13700	7904	7904	268	268	777	777	6166	6166	2625	2625	17	17	44	44	4089	4089	789	789	86	86	74	74	200	200	249	249	2843	2843	6457	6457	24946	24946	30608	30608	1826	1826	1795	1795	12743	12743	26414	26414	4	4	27	27	37	37	72	72	22	22	62	62	1835	1835	1413	1413	107	107	43	43	290	290	708	708	649	649	8136	8136	764	764	1501	1501	20	20	25	25	42	42	35	35	240	240	315	315	104	104	69	69	860	860	196	196	39	39	25	25	13	13	16	16	506	506	687	687	12	12	9	9	24340	24340	2509	2509	29442	29442	48111	48111	1	1	4	4
IND00334	17	17	920	920	957	957	1830	1830	54	54	44	44	2515	2515	3499	3499	239	239	3147	3147	2180	2180	3335	3335	3784	3784	5765	5765	2396	2396	2061	2061	24	24	95	95	2	2	1	1	427	427	1448	1448	48	48	124	124	7011	7011	7610	7610	874	874	690	690	26	26	15	15	283	283	1315	1315	766	766	677	677	16100	16100	31489	31489	49	49	29	29	305	305	9951	9951	634	634	899	899	15583	15583	7187	7187	27	27	25	25	4304	4304	3278	3278	77	77	55	55	155	155	245	245	3957	3957	476	476	26129	26129	7820	7820	313	313	802	802	1240	1240	1319	1319	40	40	126	126	88	88	115	115	40	40	25	25	1548	1548	488	488	1	1	29	29	449	449	808	808	2365	2365	3543	3543	418	418	1520	1520	67	67	19	19	27	27	63	63	7	7	4	4	29	29	184	184	624	624	332	332	1844	1844	160	160	8	8	5	5	165	165	1462	1462	92	92	78	78	26068	26068	1122	1122	64657	64657	27861	27861	1	1	4	4
IND00335	483	483	677	677	1383	1383	923	923	46	46	22	22	2813	2813	2309	2309	1825	1825	1925	1925	2364	2364	1849	1849	5568	5568	3491	3491	3800	3800	1679	1679	159	159	237	237	13	13	12	12	917	917	3826	3826	14	14	65	65	1433	1433	5647	5647	1081	1081	1041	1041	98	98	28	28	910	910	1951	1951	886	886	459	459	27076	27076	10226	10226	122	122	10	10	8910	8910	3426	3426	715	715	453	453	2901	2901	5037	5037	44	44	25	25	7668	7668	1941	1941	121	121	69	69	89	89	105	105	7842	7842	3620	3620	16846	16846	29670	29670	471	471	1291	1291	4954	4954	22437	22437	169	169	30	30	127	127	110	110	54	54	5	5	773	773	693	693	8	8	57	57	404	404	978	978	5087	5087	1611	1611	1604	1604	361	361	84	84	35	35	1	1	3	3	476	476	372	372	82	82	254	254	663	663	146	146	385	385	1020	1020	24	24	4	4	443	443	544	544	6	6	94	94	17050	17050	14847	14847	1775	1775	61358	61358	4	4	1	1
IND00336	680	680	114	114	737	737	564	564	23	23	53	53	2741	2741	180	180	636	636	1770	1770	2508	2508	2567	2567	4526	4526	4154	4154	558	558	1539	1539	168	168	191	191	9	9	3	3	3674	3674	168	168	68	68	20	20	5029	5029	5771	5771	110	110	786	786	90	90	112	112	309	309	1211	1211	554	554	290	290	2287	2287	30764	30764	107	107	75	75	4084	4084	13337	13337	205	205	521	521	1411	1411	6838	6838	2	2	49	49	5918	5918	956	956	43	43	119	119	239	239	150	150	7601	7601	5861	5861	21080	21080	5624	5624	697	697	964	964	31665	31665	18332	18332	250	250	133	133	41	41	113	113	7	7	63	63	1188	1188	1090	1090	109	109	4	4	172	172	1007	1007	7582	7582	4334	4334	1691	1691	1135	1135	15	15	100	100	47	47	37	37	275	275	475	475	115	115	1	1	976	976	261	261	1251	1251	728	728	2	2	11	11	1554	1554	1084	1084	78	78	32	32	24978	24978	28183	28183	41295	41295	29990	29990	1	1	2	2
IND00337	54	54	204	204	523	523	282	282	24	24	38	38	1154	1154	1003	1003	3235	3235	1657	1657	934	934	1596	1596	1706	1706	3145	3145	2768	2768	3249	3249	7	7	159	159	10	10	12	12	3543	3543	1452	1452	26	26	41	41	2571	2571	8180	8180	1803	1803	685	685	34	34	128	128	1005	1005	1903	1903	232	232	522	522	8425	8425	4981	4981	251	251	93	93	16248	16248	7065	7065	372	372	270	270	1871	1871	1497	1497	11	11	59	59	5331	5331	7997	7997	65	65	111	111	49	49	156	156	4206	4206	461	461	32281	32281	5691	5691	364	364	1799	1799	29130	29130	26414	26414	255	255	236	236	94	94	117	117	61	61	6	6	1134	1134	1200	1200	32	32	66	66	231	231	1	1	4092	4092	7912	7912	544	544	1170	1170	100	100	17	17	39	39	9	9	30	30	189	189	41	41	127	127	782	782	60	60	1769	1769	563	563	16	16	10	10	1655	1655	1993	1993	24	24	57	57	3178	3178	16290	16290	52187	52187	26775	26775	2	2	2	2
IND00338	197	197	305	305	691	691	295	295	49	49	28	28	2220	2220	3341	3341	2462	2462	2360	2360	87	87	2818	2818	5686	5686	1475	1475	2255	2255	2364	2364	122	122	124	124	8	8	8	8	765	765	2944	2944	9	9	84	84	1405	1405	4884	4884	1468	1468	1950	1950	60	60	37	37	1280	1280	777	777	914	914	78	78	16301	16301	21705	21705	223	223	46	46	8743	8743	1292	1292	169	169	969	969	1228	1228	9475	9475	8	8	39	39	4267	4267	64	64	110	110	56	56	69	69	214	214	1890	1890	2946	2946	12539	12539	10989	10989	1706	1706	1533	1533	4215	4215	14459	14459	225	225	170	170	2	2	89	89	53	53	51	51	1272	1272	1361	1361	127	127	9	9	501	501	810	810	3361	3361	311	311	414	414	461	461	126	126	24	24	64	64	61	61	101	101	95	95	159	159	110	110	886	886	162	162	2038	2038	701	701	24	24	11	11	1927	1927	853	853	119	119	108	108	31348	31348	24679	24679	58353	58353	62708	62708	3	3	3	3
IND00339	497	497	341	341	1239	1239	1703	1703	18	18	39	39	334	334	3128	3128	1743	1743	396	396	2117	2117	726	726	567	567	7955	7955	2259	2259	2985	2985	245	245	96	96	3	3	3	3	1443	1443	2932	2932	127	127	12	12	31	31	2335	2335	1202	1202	760	760	104	104	7	7	194	194	852	852	916	916	806	806	28245	28245	3006	3006	112	112	196	196	13225	13225	14801	14801	772	772	108	108	9366	9366	5588	5588	48	48	37	37	4965	4965	5147	5147	4	4	116	116	144	144	44	44	1232	1232	6786	6786	2498	2498	20964	20964	740	740	1163	1163	22092	22092	27617	27617	100	100	93	93	43	43	10	10	49	49	64	64	1355	1355	1153	1153	110	110	22	22	70	70	192	192	6304	6304	7372	7372	333	333	1999	1999	36	36	125	125	50	50	58	58	270	270	491	491	224	224	198	198	449	449	776	776	1266	1266	1628	1628	3	3	24	24	774	774	548	548	45	45	30	30	4181	4181	28993	28993	24644	24644	10249	10249	3	3	2	2
IND00340	945	945	480	480	1946	1946	360	360	19	19	47	47	1688	1688	3512	3512	1346	1346	2537	2537	1921	1921	3140	3140	8019	8019	2423	2423	3080	3080	1253	1253	10	10	94	94	13	13	7	7	2337	2337	538	538	85	85	34	34	3721	3721	3603	3603	1401	1401	739	739	47	47	13	13	1063	1063	539	539	606	606	257	257	26528	26528	8294	8294	55	55	130	130	3286	3286	608	608	395	395	426	426	13178	13178	16190	16190	39	39	52	52	7204	7204	5347	5347	39	39	86	86	163	163	171	171	7112	7112	7067	7067	19724	19724	307	307	753	753	1656	1656	29816	29816	12066	12066	211	211	117	117	126	126	55	55	13	13	46	46	1345	1345	1389	1389	28	28	81	81	618	618	978	978	2283	2283	3995	3995	1138	1138	1866	1866	15	15	91	91	4	4	38	38	435	435	72	72	19	19	59	59	473	473	677	677	336	336	171	171	7	7	16	16	1829	1829	1623	1623	118	118	59	59	4644	4644	16567	16567	7202	7202	65431	65431	2	2	4	4
IND00341	286	286	398	398	66	66	560	560	45	45	60	60	417	417	3448	3448	47	47	2165	2165	3178	3178	1088	1088	7424	7424	92	92	909	909	2632	2632	30	30	183	183	11	11	14	14	4088	4088	3267	3267	92	92	115	115	5675	5675	5544	5544	243	243	1371	1371	42	42	24	24	74	74	168	168	957	957	94	94	32089	32089	5369	5369	22	22	188	188	3542	3542	3218	3218	617	617	493	493	13498	13498	7959	7959	25	25	40	40	5822	5822	6775	6775	48	48	120	120	47	47	126	126	2262	2262	4778	4778	13180	13180	17190	17190	662	662	379	379	8529	8529	14231	14231	140	140	9	9	120	120	56	56	14	14	26	26	580	580	1378	1378	48	48	30	30	659	659	32	32	2393	2393	7718	7718	918	918	99	99	28	28	114	114	27	27	14	14	181	181	80	80	138	138	73	73	681	681	718	718	1001	1001	893	893	10	10	10	10	520	520	1482	1482	50	50	40	40	28705	28705	14883	14883	20661	20661	6814	6814	1	1	2	2
IND00342	120	120	480	480	142	142	147	147	37	37	11	11	3526	3526	2234	2234	3082	3082	375	375	210	210	3257	3257	6888	6888	5325	5325	3123	3123	3704	3704	32	32	113	113	16	16	3	3	3294	3294	3485	3485	110	110	72	72	4826	4826	1311	1311	1523	1523	1139	1139	114	114	107	107	17	17	776	776	624	624	291	291	17150	17150	11427	11427	109	109	73	73	10592	10592	2418	2418	950	950	859	859	10192	10192	7732	7732	2	2	18	18	810	810	8179	8179	9	9	66	66	126	126	89	89	3832	3832	6520	6520	17719	17719	27863	27863	1850	1850	1000	1000	8916	8916	32737	32737	44	44	127	127	74	74	17	17	22	22	3	3	1689	1689	771	771	84	84	44	44	420	420	266	266	3067	3067	4190	4190	1531	1531	644	644	86	86	114	114	7	7	2	2	15	15	226	226	131	131	234	234	189	189	522	522	1143	1143	1258	1258	17	17	12	12	559	559	1285	1285	104	104	27	27	357	357	24938	24938	26708	26708	45878	45878	1	1	1	1
IND00343	707	707	19	19	41	41	1772	1772	39	39	40	40	2716	2716	1111	1111	3618	3618	660	660	1343	1343	3972	3972	3159	3159	3651	3651	1372	1372	1011	1011	77	77	183	183	8	8	11	11	3814	3814	2210	2210	20	20	93	93	506	506	1461	1461	1208	1208	1130	1130	24	24	12	12	1075	1075	1917	1917	728	728	48	48	11931	11931	24933	24933	195	195	218	218	11172	11172	13966	13966	46	46	1012	1012	5292	5292	1929	1929	23	23	11	11	4861	4861	5927	5927	3	3	6	6	57	57	118	118	6196	6196	6881	6881	18172	18172	9954	9954	1336	1336	391	391	31034	31034	30900	30900	53	53	108	108	90	90	122	122	32	32	16	16	485	485	1975	1975	88	88	123	123	14	14	64	64	7420	7420	7565	7565	265	265	303	303	25	25	42	42	59	59	30	30	269	269	282	282	169	169	146	146	276	276	112	112	1180	1180	1775	1775	25	25	20	20	899	899	1093	1093	51	51	92	92	26949	26949	1748	1748	4513	4513	40624	40624	3	3	3	3
IND00344	21	21	304	304	190	190	1625	1625	5	5	13	13	833	833	2870	2870	2230	2230	820	820	540	540	186	186	7409	7409	7361	7361	1050	1050	3638	3638	148	148	56	56	4	4	3	3	1775	1775	3553	3553	92	92	53	53	551	551	1922	1922	1608	1608	1454	1454	19	19	23	23	1127	1127	1007	1007	938	938	742	742	20488	20488	22340	22340	31	31	184	184	11018	11018	14045	14045	877	877	505	505	2556	2556	12286	12286	1	1	24	24	4958	4958	3597	3597	65	65	52	52	163	163	255	255	4068	4068	166	166	11543	11543	23587	23587	1024	1024	122	122	18074	18074	23970	23970	1	1	237	237	89	89	63	63	62	62	4	4	2028	2028	475	475	97	97	97	97	212	212	903	903	7009	7009	861	861	220	220	1976	1976	94	94	126	126	35	35	38	38	53	53	321	321	26	26	209	209	883	883	774	774	2019	2019	1391	1391	11	11	12	12	76	76	1104	1104	72	72	87	87	27307	27307	14158	14158	16809	16809	27894	27894	1	1	3	3
IND00345	579	579	27	27	809	809	853	853	60	60	48	48	2733	2733	332	332	3779	3779	1900	1900	3875	3875	1821	1821	7076	7076	4962	4962	3487	3487	2479	2479	71	71	211	211	12	12	2	2	1426	1426	1493	1493	34	34	2	2	1753	1753	2757	2757	1109	1109	1077	1077	7	7	77	77	551	551	944	944	531	531	931	931	9740	9740	25938	25938	113	113	202	202	9281	9281	5029	5029	271	271	959	959	6325	6325	13710	13710	62	62	30	30	7625	7625	2819	2819	122	122	104	104	152	152	234	234	3366	3366	5262	5262	21598	21598	13990	13990	1660	1660	924	924	526	526	17245	17245	243	243	12	12	38	38	108	108	58	58	32	32	656	656	1602	1602	71	71	19	19	847	847	330	330	7316	7316	8101	8101	1052	1052	1995	1995	27	27	33	33	53	53	10	10	145	145	129	129	26	26	7	7	166	166	231	231	441	441	1239	1239	8	8	26	26	1841	1841	81	81	63	63	1	1	26488	26488	12974	12974	28483	28483	19247	19247	2	2	1	1
IND00346	488	488	73	73	241	241	1524	1524	30	30	5	5	390	390	362	362	1937	1937	523	523	2106	2106	2903	2903	6715	6715	3819	3819	1825	1825	3722	3722	53	53	102	102	16	16	15	15	1403	1403	1974	1974	124	124	76	76	1841	1841	4152	4152	1627	1627	1156	1156	99	99	100	100	361	361	1677	1677	997	997	325	325	27382	27382	448	448	66	66	16	16	14354	14354	5669	5669	807	807	49	49	4240	4240	8481	8481	59	59	39	39	6777	6777	2009	2009	48	48	33	33	57	57	212	212	817	817	3291	3291	526	526	14755	14755	1264	1264	696	696	21499	21499	16293	16293	209	209	24	24	32	32	24	24	30	30	25	25	964	964	2042	2042	23	23	28	28	573	573	286	286	2359	2359	2356	2356	9	9	548	548	1	1	120	120	11	11	18	18	231	231	36	36	58	58	123	123	879	879	340	340	1904	1904	272	272	2	2	25	25	392	392	75	75	59	59	101	101	5362	5362	30110	30110	37259	37259	40438	40438	3	3	2	2
IND00347	613	613	281	281	1654	1654	934	934	28	28	43	43	2933	2933	2337	2337	1260	1260	2535	2535	1849	1849	2912	2912	2907	2907	3022	3022	754	754	2474	2474	34	34	1	1	5	5	16	16	244	244	2385	2385	77	77	128	128	4978	4978	7647	7647	1890	1890	2029	2029	81	81	88	88	775	775	507	507	692	692	295	295	10304	10304	7558	7558	249	249	48	48	8414	8414	3722	3722	515	515	55	55	7988	7988	589	589	17	17	7	7	453	453	7203	7203	22	22	10	10	2	2	133	133	4299	4299	6012	6012	29218	29218	24885	24885	949	949	304	304	14682	14682	748	748	248	248	3	3	7	7	36	36	25	25	44	44	190	190	921	921	119	119	109	109	220	220	511	511	1799	1799	4871	4871	1993	1993	394	394	3	3	8	8	64	64	10	10	308	308	85	85	244	244	58	58	968	968	91	91	659	659	647	647	21	21	5	5	1648	1648	30	30	37	37	48	48	9184	9184	20009	20009	57100	57100	31098	31098	3	3	1	1
IND00348	166	166	860	860	921	921	552	552	52	52	17	17	1032	1032	2649	2649	2500	2500	1146	1146	1103	1103	1154	1154	1623	1623	99	99	1353	1353	1892	1892	104	104	74	74	2	2	1	1	948	948	719	719	64	64	62	62	3745	3745	7020	7020	974	974	762	762	4	4	85	85	1241	1241	991	991	805	805	964	964	16259	16259	32557	32557	249	249	213	213	11649	11649	4551	4551	110	110	679	679	344	344	13398	13398	31	31	44	44	5396	5396	3279	3279	6	6	63	63	90	90	135	135	3705	3705	343	343	2680	2680	11171	11171	123	123	270	270	26168	26168	11212	11212	236	236	149	149	123	123	32	32	58	58	24	24	560	560	677	677	44	44	21	21	845	845	157	157	500	500	3676	3676	550	550	558	558	58	58	108	108	2	2	7	7	168	168	50	50	171	171	22	22	119	119	496	496	1032	1032	809	809	13	13	24	24	1084	1084	430	430	122	122	28	28	26972	26972	4880	4880	13488	13488	53754	53754	1	1	4	4
IND00349	38	38	738	738	699	699	443	443	30	30	26	26	1678	1678	162	162	1044	1044	865	865	3529	3529	1623	1623	3330	3330	1215	1215	2766	2766	1042	1042	69	69	166	166	5	5	8	8	3749	3749	2994	2994	31	31	97	97	3665	3665	4029	4029	1003	1003	1017	1017	121	121	65	65	547	547	991	991	95	95	969	969	19722	19722	4578	4578	7	7	107	107	1625	1625	5110	5110	699	699	311	311	8905	8905	478	478	18	18	34	34	5461	5461	4634	4634	25	25	91	91	3	3	113	113	3747	3747	4134	4134	15773	15773	4036	4036	1386	1386	1109	1109	16549	16549	27070	27070	100	100	82	82	84	84	106	106	51	51	7	7	505	505	99	99	88	88	112	112	417	417	702	702	2305	2305	875	875	445	445	1313	1313	84	84	41	41	39	39	59	59	212	212	369	369	36	36	55	55	873	873	607	607	1355	1355	728	728	27	27	2	2	56	56	434	434	81	81	126	126	1439	1439	3284	3284	36478	36478	12953	12953	1	1	2	2
IND00350	839	839	126	126	856	856	606	606	16	16	24	24	775	775	1452	1452	310	310	2795	2795	2136	2136	3779	3779	1656	1656	2951	2951	3358	3358	2849	2849	255	255	50	50	3	3	8	8	1335	1335	574	574	127	127	16	16	960	960	3869	3869	1553	1553	1196	1196	52	52	72	72	281	281	2001	2001	767	767	2	2	2077	2077	23081	23081	231	231	87	87	15775	15775	9818	9818	67	67	170	170	12413	12413	1988	1988	21	21	50	50	6307	6307	2408	2408	51	51	48	48	13	13	160	160	3728	3728	6638	6638	2300	2300	21209	21209	256	256	1579	1579	13608	13608	20298	20298	4	4	166	166	50	50	79	79	17	17	38	38	1267	1267	132	132	78	78	14	14	294	294	151	151	7380	7380	3928	3928	1926	1926	1581	1581	65	65	69	69	12	12	44	44	132	132	402	402	249	249	155	155	1019	1019	423	423	343	343	971	971	4	4	21	21	771	771	1509	1509	123	123	9	9	26544	26544	2886	2886	40765	40765	27266	27266	4	4	2	2
IND00351	1019	1019	976	976	1886	1886	1027	1027	27	27	55	55	145	145	2137	2137	2311	2311	525	525	529	529	838	838	3535	3535	5830	5830	3587	3587	1215	1215	127	127	212	212	15	15	1	1	1851	1851	1569	1569	100	100	1	1	2790	2790	2782	2782	2018	2018	1054	1054	4	4	66	66	1784	1784	655	655	475	475	995	995	5927	5927	24281	24281	94	94	251	251	12312	12312	16045	16045	639	639	3	3	14380	14380	5960	5960	44	44	20	20	7932	7932	3568	3568	25	25	117	117	96	96	197	197	5771	5771	4456	4456	17223	17223	2196	2196	1451	1451	1196	1196	11677	11677	27089	27089	243	243	207	207	23	23	52	52	7	7	23	23	1757	1757	1845	1845	101	101	87	87	463	463	897	897	447	447	2927	2927	34	34	155	155	77	77	29	29	26	26	16	16	306	306	127	127	22	22	245	245	611	611	1023	1023	229	229	333	333	10	10	17	17	1480	1480	1198	1198	69	69	66	66	31900	31900	19473	19473	27625	27625	35047	35047	3	3	1	1
IND00352	716	716	236	236	1786	1786	1879	1879	29	29	32	32	1041	1041	2909	2909	3672	3672	1809	1809	2138	2138	1124	1124	209	209	3175	3175	1715	1715	3759	3759	210	210	31	31	10	10	12	12	903	903	1629	1629	15	15	76	76	2796	2796	2838	2838	473	473	77	77	27	27	53	53	786	786	1953	1953	313	313	734	734	2015	2015	27600	27600	246	246	232	232	7201	7201	4821	4821	251	251	611	611	16342	16342	10646	10646	8	8	8	8	3136	3136	8098	8098	16	16	112	112	127	127	199	199	2182	2182	7739	7739	16503	16503	20306	20306	1568	1568	650	650	29811	29811	27692	27692	250	250	49	49	117	117	47	47	53	53	58	58	1364	1364	197	197	105	105	4	4	863	863	945	945	1084	1084	2034	2034	154	154	756	756	54	54	68	68	40	40	38	38	186	186	127	127	55	55	81	81	597	597	474	474	1570	1570	84	84	20	20	15	15	703	703	1827	1827	88	88	109	109	10342	10342	10622	10622	43192	43192	11597	11597	3	3	3	3
IND00353	588	588	301	301	1637	1637	3	3	48	48	22	22	4049	4049	3654	3654	2854	2854	27	27	2582	2582	437	437	3836	3836	3008	3008	3600	3600	2810	2810	82	82	41	41	6	6	8	8	2843	2843	1420	1420	20	20	100	100	7406	7406	7426	7426	1104	1104	113	113	54	54	88	88	807	807	480	480	877	877	222	222	7164	7164	26214	26214	210	210	211	211	8587	8587	5180	5180	276	276	285	285	4475	4475	7685	7685	41	41	58	58	4050	4050	4852	4852	21	21	105	105	175	175	106	106	8167	8167	2259	2259	6567	6567	27053	27053	1313	1313	1760	1760	1650	1650	1154	1154	105	105	2	2	25	25	120	120	7	7	11	11	141	141	1113	1113	4	4	76	76	118	118	51	51	3741	3741	1406	1406	1211	1211	1950	1950	26	26	126	126	46	46	36	36	512	512	467	467	58	58	112	112	157	157	874	874	1662	1662	1082	1082	22	22	26	26	345	345	1398	1398	41	41	43	43	8	8	30379	30379	37915	37915	3938	3938	2	2	2	2
IND00354	188	188	782	782	1408	1408	1158	1158	61	61	22	22	867	867	3729	3729	3804	3804	2080	2080	2633	2633	600	600	5687	5687	6014	6014	495	495	2359	2359	158	158	211	211	15	15	15	15	839	839	260	260	102	102	73	73	7803	7803	3329	3329	869	869	1922	1922	125	125	83	83	1144	1144	1320	1320	553	553	596	596	8263	8263	32662	32662	147	147	95	95	1541	1541	1618	1618	894	894	645	645	12503	12503	5145	5145	32	32	17	17	7260	7260	3338	3338	18	18	17	17	55	55	170	170	6225	6225	663	663	23994	23994	7436	7436	571	571	1205	1205	15197	15197	13418	13418	216	216	135	135	53	53	30	30	60	60	15	15	145	145	1047	1047	20	20	128	128	881	881	135	135	7742	7742	1476	1476	441	441	1423	1423	80	80	49	49	16	16	24	24	310	310	276	276	33	33	154	154	14	14	397	397	969	969	1149	1149	10	10	19	19	2038	2038	318	318	10	10	5	5	21632	21632	2025	2025	11678	11678	3919	3919	4	4	4	4
IND00355	108	108	543	543	1140	1140	1161	1161	61	61	37	37	232	232	1369	1369	3011	3011	2813	2813	3864	3864	2658	2658	113	113	7920	7920	3304	3304	491	491	71	71	241	241	10	10	2	2	1447	1447	1537	1537	49	49	118	118	388	388	7260	7260	1300	1300	19	19	41	41	63	63	673	673	260	260	133	133	869	869	19563	19563	14008	14008	183	183	82	82	1433	1433	4151	4151	809	809	520	520	10695	10695	3437	3437	54	54	31	31	347	347	540	540	71	71	111	111	15	15	225	225	6718	6718	2677	2677	31589	31589	4888	4888	880	880	1499	1499	6419	6419	31294	31294	74	74	35	35	84	84	28	28	36	36	1	1	1094	1094	540	540	92	92	12	12	73	73	384	384	6596	6596	788	788	1223	1223	863	863	36	36	74	74	56	56	55	55	383	383	323	323	15	15	239	239	332	332	170	170	49	49	1209	1209	15	15	21	21	109	109	1167	1167	95	95	27	27	27525	27525	25407	25407	20611	20611	30796	30796	1	1	3	3
IND00356	146	146	810	810	1464	1464	1101	1101	5	5	56	56	415	415	805	805	634	634	225	225	2538	2538	1999	1999	6125	6125	4496	4496	1869	1869	2990	2990	65	65	158	158	3	3	5	5	3610	3610	1962	1962	12	12	48	48	5866	5866	52	52	1782	1782	2022	2022	14	14	90	90	117	117	1541	1541	429	429	923	923	11051	11051	1384	1384	138	138	190	190	6641	6641	7987	7987	690	690	630	630	2605	2605	12506	12506	32	32	61	61	2924	2924	3277	3277	33	33	114	114	65	65	250	250	698	698	8061	8061	30969	30969	21222	21222	2028	2028	849	849	27892	27892	20836	20836	58	58	26	26	65	65	106	106	23	23	2	2	1289	1289	1466	1466	41	41	76	76	343	343	547	547	5763	5763	269	269	927	927	655	655	78	78	67	67	48	48	2	2	72	72	482	482	66	66	11	11	243	243	513	513	1128	1128	805	805	15	15	18	18	1430	1430	1384	1384	102	102	122	122	10911	10911	14340	14340	5709	5709	45203	45203	2	2	4	4
IND00357	180	180	722	722	64	64	141	141	25	25	3	3	1712	1712	3449	3449	1876	1876	1279	1279	1274	1274	2116	2116	2801	2801	1513	1513	3336	3336	1715	1715	76	76	203	203	1	1	14	14	2994	2994	1049	1049	99	99	120	120	2791	2791	779	779	1555	1555	243	243	71	71	21	21	1848	1848	1069	1069	23	23	343	343	4507	4507	20336	20336	67	67	202	202	4769	4769	9049	9049	586	586	165	165	5833	5833	2702	2702	14	14	48	48	5265	5265	3528	3528	46	46	45	45	172	172	180	180	5783	5783	4772	4772	19757	19757	12948	12948	456	456	1427	1427	17133	17133	12235	12235	76	76	256	256	55	55	55	55	12	12	52	52	1496	1496	776	776	16	16	38	38	323	323	522	522	6344	6344	1372	1372	767	767	751	751	23	23	63	63	34	34	24	24	76	76	67	67	62	62	106	106	178	178	749	749	1664	1664	976	976	19	19	4	4	1042	1042	1400	1400	80	80	67	67	9031	9031	32492	32492	47159	47159	17337	17337	4	4	1	1
IND00358	61	61	163	163	1925	1925	1656	1656	15	15	63	63	3099	3099	3988	3988	2791	2791	112	112	757	757	1083	1083	3613	3613	3466	3466	3856	3856	1506	1506	58	58	145	145	11	11	4	4	3688	3688	4023	4023	37	37	12	12	3246	3246	7502	7502	1098	1098	1526	1526	119	119	55	55	175	175	1122	1122	492	492	1009	1009	21095	21095	18499	18499	40	40	68	68	4283	4283	7141	7141	410	410	621	621	5035	5035	10672	10672	26	26	18	18	7671	7671	3561	3561	59	59	28	28	240	240	82	82	4900	4900	4728	4728	8136	8136	31200	31200	952	952	1803	1803	24446	24446	5108	5108	49	49	27	27	27	27	15	15	55	55	50	50	359	359	1146	1146	51	51	31	31	822	822	953	953	7643	7643	3958	3958	1135	1135	729	729	53	53	44	44	35	35	1	1	478	478	271	271	167	167	149	149	888	888	507	507	557	557	1287	1287	1	1	11	11	1815	1815	1255	1255	92	92	20	20	32709	32709	32619	32619	51247	51247	1085	1085	2	2	4	4
IND00359	63	63	11	11	968	968	1547	1547	60	60	47	47	3703	3703	1166	1166	2911	2911	686	686	1093	1093	598	598	2140	2140	1188	1188	2934	2934	1603	1603	59	59	127	127	16	16	10	10	194	194	2825	2825	60	60	27	27	1272	1272	5964	5964	1325	1325	1541	1541	28	28	114	114	365	365	969	969	965	965	997	997	10035	10035	13119	13119	191	191	2	2	13342	13342	12827	12827	584	584	223	223	13390	13390	6873	6873	4	4	17	17	1711	1711	5697	5697	103	103	65	65	255	255	57	57	1250	1250	4949	4949	32304	32304	31721	31721	426	426	1044	1044	28161	28161	7667	7667	27	27	43	43	1	1	63	63	15	15	32	32	660	660	693	693	106	106	88	88	808	808	997	997	5364	5364	5300	5300	298	298	1304	1304	11	11	46	46	10	10	37	37	429	429	512	512	100	100	53	53	33	33	353	353	708	708	1901	1901	14	14	25	25	1456	1456	696	696	75	75	8	8	15281	15281	32546	32546	19934	19934	7147	7147	3	3	3	3
IND00360	1009	1009	265	265	926	926	926	926	33	33	20	20	788	788	920	920	1271	1271	409	409	2454	2454	160	160	7780	7780	2052	2052	920	920	3022	3022	197	197	246	246	1	1	6	6	1046	1046	3765	3765	32	32	27	27	7493	7493	2890	2890	1412	1412	1782	1782	90	90	3	3	1606	1606	834	834	180	180	384	384	18879	18879	3736	3736	150	150	223	223	2638	2638	7168	7168	546	546	555	555	5152	5152	10230	10230	42	42	24	24	7245	7245	7846	7846	7	7	89	89	251	251	71	71	549	549	668	668	27003	27003	5021	5021	1147	1147	1731	1731	16138	16138	4100	4100	77	77	149	149	99	99	48	48	63	63	23	23	1537	1537	1000	1000	91	91	96	96	881	881	381	381	7805	7805	7788	7788	1988	1988	1789	1789	30	30	78	78	31	31	24	24	449	449	231	231	151	151	227	227	231	231	514	514	1225	1225	470	470	5	5	27	27	725	725	36	36	78	78	91	91	11063	11063	16475	16475	47290	47290	57252	57252	3	3	3	3
IND00361	204	204	128	128	1842	1842	1822	1822	55	55	32	32	3640	3640	202	202	672	672	1974	1974	3117	3117	1054	1054	6244	6244	7930	7930	662	662	704	704	229	229	217	217	4	4	15	15	2636	2636	492	492	115	115	1	1	6467	6467	1844	1844	1095	1095	1549	1549	26	26	97	97	1592	1592	168	168	474	474	960	960	12444	12444	10095	10095	49	49	28	28	11488	11488	7249	7249	406	406	835	835	12950	12950	9401	9401	7	7	2	2	4219	4219	8165	8165	84	84	6	6	176	176	94	94	7949	7949	2997	2997	32172	32172	30941	30941	1591	1591	725	725	29790	29790	16716	16716	136	136	126	126	87	87	121	121	59	59	60	60	1870	1870	382	382	39	39	111	111	538	538	761	761	3766	3766	7683	7683	1314	1314	541	541	126	126	92	92	58	58	51	51	120	120	228	228	224	224	183	183	819	819	210	210	654	654	1811	1811	22	22	30	30	938	938	588	588	91	91	72	72	11935	11935	32762	32762	38749	38749	36759	36759	3	3	1	1
IND00362	538	538	86	86	1862	1862	1861	1861	22	22	51	51	1221	1221	3313	3313	2007	2007	3881	3881	4071	4071	2237	2237	7642	7642	1251	1251	1707	1707	1300	1300	136	136	63	63	5	5	3	3	1891	1891	698	698	64	64	67	67	3069	3069	3969	3969	1160	1160	1938	1938	88	88	41	41	1344	1344	1349	1349	721	721	172	172	6019	6019	13508	13508	125	125	4	4	12730	12730	3980	3980	373	373	244	244	5265	5265	2401	2401	57	57	10	10	1024	1024	1350	1350	96	96	109	109	19	19	158	158	3593	3593	1230	1230	29238	29238	14248	14248	502	502	1782	1782	14568	14568	8950	8950	195	195	16	16	24	24	47	47	11	11	29	29	918	918	332	332	99	99	55	55	343	343	825	825	4158	4158	1187	1187	1686	1686	287	287	32	32	58	58	62	62	31	31	92	92	136	136	52	52	124	124	741	741	721	721	954	954	881	881	31	31	6	6	1218	1218	1871	1871	44	44	34	34	9577	9577	19542	19542	59744	59744	4864	4864	3	3	3	3
IND00363	376	376	830	830	19	19	256	256	14	14	4	4	2451	2451	1838	1838	2922	2922	462	462	1036	1036	3832	3832	3428	3428	6171	6171	1224	1224	3853	3853	155	155	25	25	3	3	11	11	3804	3804	842	842	105	105	70	70	8192	8192	4055	4055	985	985	852	852	58	58	120	120	62	62	704	704	418	418	235	235	19051	19051	10046	10046	188	188	186	186	11282	11282	1940	1940	211	211	478	478	6910	6910	2891	2891	41	41	27	27	1994	1994	653	653	27	27	50	50	47	47	113	113	5550	5550	3775	3775	9695	9695	16756	16756	1403	1403	316	316	21071	21071	12440	12440	241	241	66	66	126	126	64	64	39	39	56	56	1167	1167	1846	1846	85	85	123	123	694	694	158	158	2052	2052	925	925	125	125	341	341	12	12	54	54	20	20	34	34	215	215	216	216	67	67	79	79	595	595	238	238	831	831	1731	1731	23	23	22	22	1919	1919	1010	1010	44	44	32	32	268	268	9063	9063	61927	61927	26629	26629	1	1	4	4
IND00364	907	907	376	376	171	171	198	198	63	63	28	28	267	267	3393	3393	804	804	107	107	3504	3504	1599	1599	7315	7315	4754	4754	3120	3120	3279	3279	124	124	30	30	1	1	15	15	1910	1910	1588	1588	87	87	31	31	1439	1439	6654	6654	152	152	648	648	75	75	98	98	286	286	1776	1776	217	217	835	835	7774	7774	13053	13053	2	2	74	74	394	394	5001	5001	429	429	88	88	5873	5873	15969	15969	46	46	23	23	8087	8087	1510	1510	21	21	42	42	65	65	45	45	7225	7225	2164	2164	13536	13536	26072	26072	212	212	1619	1619	28806	28806	20470	20470	135	135	70	70	11	11	38	38	6	6	24	24	1401	1401	497	497	122	122	43	43	501	501	795	795	1465	1465	2599	2599	1371	1371	695	695	38	38	90	90	61	61	3	3	113	113	302	302	195	195	225	225	621	621	588	588	656	656	1529	1529	23	23	10	10	784	784	468	468	5	5	16	16	24567	24567	13871	13871	23500	23500	6161	6161	1	1	4	4
IND00365	41	41	349	349	1359	1359	549	549	58	58	11	11	2028	2028	3034	3034	2587	2587	2171	2171	986	986	2564	2564	4158	4158	6073	6073	735	735	403	403	199	199	247	247	8	8	15	15	1950	1950	1474	1474	19	19	57	57	7629	7629	4649	4649	441	441	878	878	90	90	32	32	42	42	1605	1605	373	373	542	542	20336	20336	7981	7981	113	113	92	92	3173	3173	1661	1661	565	565	41	41	10513	10513	15920	15920	11	11	52	52	1222	1222	7413	7413	6	6	18	18	128	128	19	19	4433	4433	1598	1598	20514	20514	13055	13055	1708	1708	537	537	30805	30805	31331	31331	232	232	247	247	26	26	29	29	52	52	59	59	1691	1691	687	687	92	92	118	118	836	836	946	946	7552	7552	3404	3404	1213	1213	1036	1036	61	61	24	24	59	59	31	31	75	75	27	27	92	92	120	120	1013	1013	425	425	934	934	1009	1009	10	10	4	4	1723	1723	1668	1668	121	121	118	118	27361	27361	3486	3486	22896	22896	8103	8103	1	1	3	3
IND00366	415	415	923	923	1504	1504	343	343	33	33	3	3	4033	4033	3357	3357	1364	1364	2452	2452	2313	2313	3849	3849	3431	3431	3817	3817	3787	3787	3726	3726	218	218	202	202	5	5	9	9	3583	3583	2656	2656	97	97	96	96	1081	1081	4311	4311	740	740	1421	1421	25	25	107	107	2033	2033	445	445	318	318	813	813	3671	3671	30728	30728	102	102	188	188	4626	4626	8916	8916	79	79	920	920	14756	14756	8213	8213	62	62	54	54	6212	6212	1096	1096	41	41	7	7	35	35	190	190	4971	4971	837	837	10453	10453	13867	13867	958	958	1610	1610	31724	31724	7689	7689	93	93	134	134	121	121	105	105	28	28	31	31	1698	1698	1595	1595	51	51	101	101	673	673	902	902	6247	6247	870	870	48	48	630	630	60	60	90	90	63	63	50	50	434	434	404	404	79	79	115	115	1016	1016	704	704	227	227	231	231	20	20	12	12	2033	2033	289	289	126	126	91	91	18362	18362	29446	29446	2447	2447	44658	44658	2	2	4	4
IND00367	924	924	5	5	710	710	1173	1173	59	59	62	62	3159	3159	1621	1621	2090	2090	3709	3709	1290	1290	2042	2042	536	536	6517	6517	1560	1560	2983	2983	114	114	239	239	13	13	6	6	1631	1631	3246	3246	88	88	86	86	4410	4410	1251	1251	472	472	1944	1944	32	32	72	72	1526	1526	1135	1135	846	846	554	554	12271	12271	4537	4537	241	241	11	11	6008	6008	6515	6515	492	492	842	842	14356	14356	7072	7072	46	46	32	32	2000	2000	812	812	12	12	25	25	3	3	243	243	4723	4723	2093	2093	18412	18412	23723	23723	235	235	1328	1328	21381	21381	13283	13283	230	230	66	66	12	12	115	115	45	45	59	59	68	68	1159	1159	32	32	117	117	539	539	646	646	3594	3594	245	245	725	725	1411	1411	103	103	10	10	58	58	53	53	101	101	439	439	231	231	84	84	430	430	750	750	307	307	2002	2002	17	17	11	11	1234	1234	1349	1349	24	24	14	14	24671	24671	30458	30458	61673	61673	3024	3024	3	3	4	4
IND00368	84	84	813	813	439	439	120	120	15	15	49	49	761	761	2037	2037	2008	2008	2503	2503	1190	1190	2024	2024	7171	7171	110	110	992	992	2258	2258	173	173	17	17	16	16	12	12	483	483	3726	3726	61	61	111	111	6695	6695	1904	1904	1670	1670	1508	1508	41	41	6	6	1968	1968	1346	1346	282	282	945	945	28484	28484	12839	12839	122	122	18	18	16062	16062	1824	1824	26	26	454	454	2794	2794	11699	11699	30	30	7	7	4472	4472	6745	6745	94	94	68	68	247	247	53	53	852	852	293	293	19054	19054	19361	19361	1487	1487	781	781	11067	11067	12143	12143	42	42	133	133	108	108	51	51	34	34	35	35	917	917	570	570	15	15	108	108	634	634	971	971	400	400	675	675	1332	1332	1520	1520	59	59	27	27	53	53	33	33	94	94	38	38	84	84	81	81	715	715	807	807	148	148	901	901	2	2	3	3	1573	1573	1204	1204	119	119	102	102	26694	26694	21487	21487	5298	5298	60386	60386	2	2	4	4
IND00369	341	341	834	834	615	615	1298	1298	8	8	15	15	1956	1956	23	23	203	203	2073	2073	2444	2444	734	734	971	971	2814	2814	1575	1575	742	742	7	7	96	96	8	8	10	10	2188	2188	2714	2714	60	60	121	121	2282	2282	6419	6419	714	714	401	401	57	57	114	114	403	403	1300	1300	273	273	920	920	20817	20817	32743	32743	179	179	94	94	3091	3091	11097	11097	352	352	985	985	8054	8054	7118	7118	52	52	14	14	7904	7904	5969	5969	31	31	40	40	63	63	251	251	2650	2650	2891	2891	10017	10017	13786	13786	1464	1464	857	857	21857	21857	7543	7543	2	2	87	87	14	14	88	88	27	27	37	37	894	894	1765	1765	109	109	80	80	605	605	217	217	2479	2479	6915	6915	1235	1235	1257	1257	80	80	28	28	37	37	22	22	59	59	154	154	138	138	56	56	274	274	728	728	707	707	2008	2008	8	8	13	13	2003	2003	1363	1363	56	56	51	51	18255	18255	9897	9897	36182	36182	14692	14692	4	4	1	1
IND00370	860	860	586	586	441	441	1770	1770	38	38	35	35	677	677	1338	1338	3441	3441	855	855	1846	1846	2793	2793	7616	7616	6458	6458	3076	3076	384	384	228	228	150	150	13	13	12	12	220	220	1998	1998	3	3	73	73	7536	7536	5647	5647	662	662	97	97	30	30	43	43	190	190	96	96	816	816	218	218	10667	10667	26754	26754	36	36	69	69	4337	4337	1099	1099	846	846	219	219	8610	8610	2158	2158	32	32	27	27	4372	4372	466	466	121	121	101	101	255	255	197	197	5141	5141	6541	6541	27735	27735	2161	2161	796	796	733	733	13780	13780	25779	25779	160	160	163	163	126	126	3	3	53	53	61	61	1516	1516	717	717	100	100	26	26	400	400	613	613	1098	1098	4522	4522	1550	1550	1961	1961	10	10	87	87	30	30	1	1	222	222	423	423	136	136	46	46	581	581	371	371	1175	1175	1821	1821	8	8	16	16	1251	1251	259	259	95	95	54	54	14408	14408	17454	17454	26500	26500	15015	15015	1	1	3	3
IND00371	473	473	947	947	1528	1528	945	945	12	12	31	31	2306	2306	2963	2963	205	205	472	472	595	595	1011	1011	2563	2563	2620	2620	3764	3764	2614	2614	66	66	181	181	14	14	13	13	2110	2110	3006	3006	77	77	13	13	3912	3912	651	651	138	138	627	627	94	94	39	39	1703	1703	1136	1136	395	395	19	19	12202	12202	1229	1229	84	84	150	150	155	155	11264	11264	915	915	330	330	10598	10598	12078	12078	48	48	10	10	1987	1987	2476	2476	94	94	127	127	112	112	135	135	851	851	4192	4192	14124	14124	18324	18324	1179	1179	1635	1635	11853	11853	10816	10816	96	96	180	180	85	85	122	122	1	1	43	43	1381	1381	891	891	75	75	54	54	720	720	970	970	4131	4131	8126	8126	1113	1113	400	400	12	12	38	38	2	2	20	20	169	169	251	251	234	234	16	16	963	963	880	880	339	339	1113	1113	30	30	7	7	980	980	1043	1043	74	74	41	41	12094	12094	17385	17385	49167	49167	34526	34526	2	2	2	2
IND00372	701	701	993	993	524	524	474	474	6	6	33	33	448	448	1375	1375	3791	3791	4067	4067	3665	3665	2787	2787	5751	5751	8020	8020	2245	2245	3950	3950	236	236	7	7	11	11	11	11	588	588	1074	1074	104	104	36	36	7341	7341	6639	6639	1274	1274	1893	1893	19	19	24	24	209	209	2014	2014	655	655	132	132	27719	27719	29319	29319	33	33	102	102	5537	5537	10166	10166	46	46	247	247	7970	7970	4680	4680	46	46	18	18	6871	6871	4398	4398	76	76	23	23	75	75	242	242	2296	2296	2418	2418	4916	4916	4781	4781	1251	1251	917	917	2879	2879	10530	10530	213	213	151	151	89	89	115	115	8	8	34	34	1742	1742	1678	1678	74	74	80	80	938	938	35	35	6077	6077	4898	4898	915	915	1504	1504	21	21	28	28	42	42	20	20	12	12	264	264	106	106	112	112	932	932	174	174	1013	1013	1954	1954	2	2	1	1	1695	1695	1882	1882	95	95	80	80	27908	27908	13748	13748	41490	41490	32328	32328	3	3	2	2
IND00373	461	461	647	647	1176	1176	1285	1285	57	57	36	36	3151	3151	863	863	156	156	804	804	1186	1186	1827	1827	3698	3698	2739	2739	3732	3732	2356	2356	31	31	103	103	2	2	5	5	3274	3274	3333	3333	119	119	95	95	1544	1544	5982	5982	1930	1930	1258	1258	74	74	63	63	1095	1095	431	431	614	614	808	808	17971	17971	25182	25182	252	252	215	215	8014	8014	5898	5898	861	861	996	996	8310	8310	10975	10975	13	13	57	57	394	394	1277	1277	80	80	98	98	148	148	20	20	6946	6946	4886	4886	2061	2061	6609	6609	80	80	1750	1750	13122	13122	20602	20602	256	256	196	196	88	88	38	38	31	31	19	19	1329	1329	2013	2013	107	107	83	83	223	223	277	277	5057	5057	2959	2959	292	292	1304	1304	94	94	52	52	44	44	49	49	254	254	329	329	52	52	157	157	952	952	531	531	846	846	545	545	16	16	24	24	726	726	1768	1768	40	40	34	34	10083	10083	22922	22922	15339	15339	34692	34692	2	2	3	3
IND00374	776	776	734	734	152	152	5	5	32	32	16	16	3583	3583	597	597	42	42	4060	4060	2578	2578	2861	2861	6552	6552	7621	7621	3659	3659	1852	1852	108	108	103	103	8	8	14	14	1430	1430	1276	1276	112	112	4	4	2855	2855	6671	6671	276	276	917	917	46	46	96	96	1157	1157	1370	1370	15	15	412	412	5583	5583	30965	30965	201	201	194	194	463	463	2602	2602	18	18	938	938	10470	10470	5457	5457	7	7	40	40	3241	3241	3644	3644	53	53	89	89	38	38	249	249	6232	6232	7925	7925	17630	17630	7357	7357	825	825	374	374	31299	31299	7242	7242	230	230	243	243	58	58	40	40	3	3	41	41	992	992	1404	1404	72	72	65	65	863	863	989	989	3986	3986	2195	2195	1107	1107	2031	2031	70	70	61	61	8	8	30	30	380	380	362	362	35	35	39	39	586	586	910	910	243	243	2026	2026	13	13	4	4	2008	2008	313	313	19	19	6	6	32484	32484	23712	23712	53112	53112	55553	55553	1	1	2	2
IND00375	101	101	199	199	1016	1016	222	222	48	48	26	26	447	447	3775	3775	2517	2517	2596	2596	1738	1738	4055	4055	744	744	5389	5389	2763	2763	443	443	73	73	26	26	4	4	7	7	2144	2144	2194	2194	85	85	123	123	6902	6902	5240	5240	111	111	1828	1828	49	49	38	38	112	112	662	662	245	245	359	359	7925	7925	28663	28663	87	87	119	119	4866	4866	1158	1158	163	163	574	574	8323	8323	15118	15118	20	20	57	57	3526	3526	3064	3064	74	74	89	89	55	55	40	40	5841	5841	2210	2210	23605	23605	13564	13564	1893	1893	78	78	15091	15091	10168	10168	67	67	101	101	29	29	20	20	24	24	46	46	1357	1357	1862	1862	116	116	68	68	840	840	69	69	7018	7018	5755	5755	1924	1924	429	429	73	73	80	80	18	18	56	56	84	84	434	434	36	36	256	256	253	253	1014	1014	1667	1667	84	84	21	21	2	2	61	61	1122	1122	77	77	31	31	22324	22324	18039	18039	11744	11744	17677	17677	1	1	2	2
IND00376	369	369	967	967	77	77	1659	1659	28	28	15	15	3071	3071	2706	2706	2206	2206	439	439	795	795	1003	1003	3396	3396	6982	6982	3433	3433	484	484	56	56	109	109	11	11	12	12	434	434	64	64	99	99	1	1	7329	7329	654	654	1475	1475	14	14	29	29	85	85	1136	1136	652	652	286	286	171	171	14282	14282	27551	27551	140	140	29	29	5494	5494	253	253	820	820	70	70	9440	9440	13187	13187	5	5	57	57	3104	3104	3268	3268	55	55	109	109	14	14	177	177	6813	6813	5498	5498	21776	21776	18976	18976	11	11	1518	1518	31351	31351	20804	20804	248	248	14	14	72	72	68	68	16	16	11	11	1879	1879	277	277	35	35	118	118	190	190	669	669	5728	5728	2187	2187	1225	1225	767	767	114	114	127	127	59	59	31	31	315	315	60	60	90	90	36	36	70	70	569	569	589	589	1681	1681	23	23	22	22	2009	2009	1125	1125	108	108	79	79	29532	29532	19827	19827	28337	28337	32233	32233	1	1	4	4
IND00377	532	532	206	206	509	509	642	642	41	41	46	46	1249	1249	3258	3258	1195	1195	2364	2364	1186	1186	3767	3767	3853	3853	2664	2664	3433	3433	1034	1034	256	256	102	102	6	6	13	13	2791	2791	476	476	27	27	71	71	3353	3353	2531	2531	1188	1188	778	778	62	62	98	98	2011	2011	1818	1818	677	677	873	873	32033	32033	11276	11276	93	93	118	118	6285	6285	11053	11053	403	403	828	828	2926	2926	4323	4323	5	5	61	61	4197	4197	3166	3166	114	114	97	97	64	64	75	75	4397	4397	2166	2166	24854	24854	19335	19335	1001	1001	830	830	2696	2696	18392	18392	198	198	88	88	124	124	99	99	18	18	63	63	816	816	2038	2038	126	126	92	92	941	941	155	155	3690	3690	5357	5357	1373	1373	1936	1936	69	69	123	123	64	64	54	54	387	387	4	4	136	136	113	113	233	233	199	199	948	948	190	190	7	7	23	23	903	903	1889	1889	111	111	47	47	9427	9427	13306	13306	61504	61504	19836	19836	3	3	3	3
IND00378	436	436	961	961	1064	1064	137	137	38	38	31	31	3919	3919	3630	3630	3347	3347	2750	2750	144	144	3259	3259	5585	5585	7807	7807	2893	2893	2496	2496	165	165	157	157	14	14	7	7	3027	3027	3676	3676	81	81	20	20	650	650	2344	2344	331	331	1196	1196	106	106	73	73	29	29	1255	1255	97	97	645	645	7505	7505	269	269	49	49	156	156	10166	10166	229	229	1001	1001	642	642	15605	15605	4805	4805	60	60	29	29	577	577	7979	7979	63	63	114	114	27	27	56	56	4630	4630	4394	4394	11155	11155	8538	8538	1768	1768	18	18	29559	29559	29070	29070	142	142	67	67	24	24	29	29	3	3	35	35	1016	1016	131	131	48	48	5	5	300	300	344	344	5926	5926	5985	5985	424	424	1128	1128	26	26	1	1	48	48	35	35	147	147	275	275	65	65	197	197	222	222	527	527	275	275	965	965	7	7	27	27	2046	2046	378	378	3	3	88	88	8341	8341	7874	7874	43382	43382	35917	35917	4	4	2	2
IND00379	978	978	904	904	1702	1702	959	959	54	54	31	31	803	803	2147	2147	425	425	3242	3242	2969	2969	1090	1090	4903	4903	4055	4055	3897	3897	1303	1303	108	108	216	216	11	11	7	7	1938	1938	1499	1499	2	2	5	5	6013	6013	7821	7821	1631	1631	965	965	68	68	19	19	572	572	1599	1599	40	40	701	701	11402	11402	3376	3376	61	61	166	166	12794	12794	8851	8851	977	977	482	482	9477	9477	12637	12637	61	61	2	2	6985	6985	7837	7837	99	99	52	52	156	156	10	10	2646	2646	1236	1236	31915	31915	23486	23486	1291	1291	1711	1711	6690	6690	28454	28454	129	129	135	135	104	104	47	47	32	32	31	31	1463	1463	641	641	18	18	27	27	725	725	259	259	8000	8000	5528	5528	1166	1166	245	245	39	39	95	95	31	31	23	23	333	333	194	194	1	1	152	152	180	180	807	807	1703	1703	278	278	4	4	16	16	679	679	791	791	24	24	95	95	26398	26398	12898	12898	42663	42663	46011	46011	3	3	2	2
IND00380	614	614	742	742	249	249	385	385	28	28	16	16	2142	2142	3898	3898	2001	2001	1007	1007	435	435	1509	1509	1135	1135	834	834	540	540	1690	1690	239	239	246	246	7	7	12	12	2226	2226	2097	2097	12	12	122	122	4321	4321	2463	2463	1638	1638	309	309	119	119	84	84	1368	1368	868	868	858	858	212	212	21798	21798	20938	20938	138	138	110	110	1810	1810	4945	4945	813	813	918	918	11550	11550	15624	15624	27	27	53	53	7998	7998	6209	6209	116	116	3	3	18	18	144	144	4710	4710	4602	4602	28447	28447	13437	13437	1498	1498	40	40	23055	23055	4675	4675	189	189	252	252	94	94	35	35	30	30	15	15	11	11	1435	1435	55	55	24	24	694	694	319	319	3462	3462	2479	2479	1882	1882	870	870	63	63	119	119	34	34	35	35	299	299	451	451	108	108	233	233	438	438	928	928	1241	1241	1659	1659	30	30	21	21	1901	1901	895	895	76	76	49	49	13977	13977	21611	21611	40921	40921	62134	62134	2	2	3	3
IND00381	126	126	128	128	968	968	1766	1766	37	37	41	41	901	901	1046	1046	3011	3011	3820	3820	1600	1600	361	361	736	736	988	988	1003	1003	1054	1054	226	226	72	72	12	12	14	14	1361	1361	3937	3937	97	97	90	90	6863	6863	4925	4925	1655	1655	1106	1106	47	47	58	58	1985	1985	366	366	836	836	637	637	8406	8406	24947	24947	150	150	145	145	11040	11040	15641	15641	716	716	933	933	2843	2843	5071	5071	51	51	3	3	1705	1705	923	923	44	44	96	96	84	84	96	96	464	464	467	467	1407	1407	22069	22069	747	747	1681	1681	32409	32409	16446	16446	103	103	64	64	74	74	45	45	30	30	7	7	1027	1027	1375	1375	87	87	4	4	956	956	37	37	3644	3644	1129	1129	1561	1561	1636	1636	2	2	59	59	19	19	10	10	334	334	456	456	177	177	163	163	276	276	198	198	2036	2036	1840	1840	16	16	21	21	1004	1004	541	541	126	126	72	72	17382	17382	2920	2920	22721	22721	18373	18373	1	1	3	3
IND00382	569	569	269	269	1722	1722	1494	1494	24	24	39	39	1115	1115	3595	3595	3199	3199	3409	3409	370	370	2056	2056	7276	7276	6913	6913	2652	2652	2549	2549	77	77	106	106	6	6	3	3	922	922	588	588	119	119	76	76	7831	7831	7035	7035	1906	1906	403	403	55	55	77	77	793	793	511	511	893	893	2	2	13011	13011	23726	23726	111	111	220	220	8541	8541	508	508	253	253	992	992	15343	15343	326	326	6	6	55	55	7577	7577	3177	3177	61	61	56	56	191	191	132	132	7434	7434	983	983	27176	27176	28566	28566	56	56	900	900	7918	7918	1034	1034	208	208	127	127	92	92	53	53	60	60	19	19	1138	1138	344	344	89	89	55	55	127	127	45	45	1870	1870	7374	7374	1921	1921	1915	1915	48	48	67	67	2	2	23	23	260	260	443	443	205	205	89	89	143	143	601	601	991	991	1896	1896	17	17	20	20	1206	1206	20	20	79	79	114	114	3890	3890	4064	4064	61665	61665	16304	16304	3	3	1	1
IND00383	704	704	129	129	703	703	188	188	37	37	33	33	1625	1625	496	496	2450	2450	3512	3512	1603	1603	3451	3451	5194	5194	5504	5504	2650	2650	2779	2779	166	166	18	18	12	12	4	4	609	609	1174	1174	105	105	23	23	4769	4769	5982	5982	523	523	1636	1636	96	96	45	45	1228	1228	77	77	336	336	975	975	21795	21795	30319	30319	174	174	204	204	6200	6200	9355	9355	375	375	542	542	11102	11102	10227	10227	59	59	31	31	4402	4402	1923	1923	65	65	62	62	214	214	69	69	3274	3274	3751	3751	11533	11533	18069	18069	1	1	231	231	15566	15566	23314	23314	17	17	162	162	98	98	83	83	38	38	6	6	143	143	499	499	111	111	108	108	548	548	673	673	610	610	7971	7971	205	205	24	24	58	58	82	82	23	23	24	24	276	276	305	305	109	109	242	242	665	665	190	190	1851	1851	1060	1060	2	2	6	6	1853	1853	762	762	73	73	18	18	11886	11886	945	945	49894	49894	29694	29694	3	3	1	1
IND00384	593	593	192	192	1739	1739	1213	1213	14	14	49	49	2452	2452	200	200	1138	1138	1626	1626	1801	1801	715	715	712	712	3388	3388	2977	2977	2120	2120	169	169	248	248	16	16	5	5	349	349	1213	1213	70	70	50	50	6078	6078	4241	4241	368	368	856	856	72	72	50	50	436	436	993	993	524	524	93	93	19560	19560	13797	13797	41	41	138	138	10613	10613	14729	14729	939	939	19	19	3181	3181	1841	1841	56	56	17	17	1150	1150	4344	4344	2	2	33	33	169	169	153	153	4202	4202	7852	7852	2828	2828	1227	1227	196	196	1373	1373	13276	13276	28937	28937	167	167	189	189	108	108	53	53	55	55	59	59	1412	1412	860	860	25	25	35	35	664	664	433	433	3506	3506	2390	2390	825	825	1778	1778	80	80	20	20	23	23	15	15	123	123	386	386	147	147	153	153	757	757	904	904	1980	1980	192	192	14	14	13	13	1515	1515	1371	1371	80	80	72	72	26159	26159	19896	19896	48191	48191	48530	48530	3	3	2	2
IND00385	597	597	690	690	1803	1803	1509	1509	10	10	2	2	2069	2069	88	88	578	578	1476	1476	3677	3677	1768	1768	3662	3662	8109	8109	277	277	313	313	203	203	120	120	5	5	1	1	288	288	2748	2748	7	7	97	97	6341	6341	1324	1324	1228	1228	1192	1192	19	19	11	11	1092	1092	1330	1330	685	685	840	840	7605	7605	5995	5995	218	218	216	216	1709	1709	2592	2592	575	575	289	289	7769	7769	10108	10108	23	23	29	29	5850	5850	5041	5041	23	23	104	104	17	17	33	33	128	128	5655	5655	10167	10167	27127	27127	63	63	1187	1187	16800	16800	4642	4642	227	227	255	255	39	39	25	25	4	4	26	26	629	629	1018	1018	126	126	32	32	708	708	222	222	657	657	7731	7731	487	487	1596	1596	57	57	98	98	26	26	58	58	21	21	345	345	200	200	28	28	150	150	823	823	1901	1901	834	834	24	24	5	5	875	875	1308	1308	54	54	36	36	23226	23226	2361	2361	59839	59839	47269	47269	2	2	1	1
IND00386	796	796	867	867	1181	1181	308	308	55	55	33	33	1471	1471	1018	1018	3634	3634	1587	1587	2256	2256	3078	3078	4566	4566	2859	2859	3348	3348	3926	3926	60	60	55	55	11	11	12	12	72	72	273	273	60	60	8	8	1035	1035	1551	1551	1521	1521	715	715	10	10	94	94	264	264	2013	2013	24	24	841	841	30961	30961	15214	15214	32	32	73	73	1535	1535	10181	10181	937	937	316	316	15471	15471	15550	15550	21	21	2	2	3318	3318	2271	2271	84	84	49	49	89	89	188	188	7241	7241	7390	7390	19467	19467	31464	31464	959	959	183	183	25083	25083	21864	21864	97	97	36	36	126	126	34	34	1	1	9	9	981	981	771	771	100	100	63	63	541	541	419	419	2345	2345	3	3	343	343	1028	1028	104	104	106	106	50	50	14	14	417	417	165	165	224	224	123	123	771	771	877	877	473	473	1967	1967	28	28	15	15	433	433	181	181	64	64	88	88	22533	22533	20225	20225	12528	12528	44714	44714	3	3	1	1
IND00387	383	383	900	900	1416	1416	1349	1349	23	23	9	9	1129	1129	4001	4001	2357	2357	278	278	2661	2661	190	190	6225	6225	5840	5840	2316	2316	3827	3827	57	57	95	95	10	10	7	7	276	276	684	684	39	39	124	124	3449	3449	4306	4306	574	574	195	195	59	59	23	23	548	548	258	258	316	316	339	339	15524	15524	21289	21289	144	144	86	86	1413	1413	9337	9337	278	278	197	197	15105	15105	1897	1897	11	11	7	7	324	324	7992	7992	49	49	104	104	131	131	208	208	7746	7746	6171	6171	21021	21021	20208	20208	1365	1365	1143	1143	6117	6117	26459	26459	221	221	217	217	61	61	3	3	3	3	50	50	399	399	32	32	39	39	120	120	366	366	505	505	2387	2387	2569	2569	309	309	123	123	34	34	63	63	61	61	10	10	246	246	62	62	179	179	231	231	177	177	271	271	1885	1885	1303	1303	17	17	3	3	1422	1422	922	922	73	73	102	102	31614	31614	25338	25338	60068	60068	30721	30721	1	1	4	4
IND00388	644	644	413	413	1273	1273	1620	1620	50	50	6	6	2920	2920	383	383	431	431	3892	3892	4	4	3032	3032	7073	7073	6554	6554	71	71	2938	2938	31	31	7	7	4	4	12	12	1772	1772	2848	2848	63	63	75	75	6857	6857	3	3	507	507	513	513	92	92	101	101	1052	1052	1126	1126	940	940	743	743	18869	18869	15135	15135	161	161	139	139	5533	5533	13490	13490	717	717	327	327	3957	3957	699	699	50	50	54	54	3497	3497	5758	5758	33	33	94	94	229	229	46	46	4583	4583	5029	5029	31281	31281	6175	6175	1116	1116	1558	1558	774	774	25624	25624	38	38	251	251	12	12	123	123	26	26	49	49	665	665	717	717	71	71	76	76	524	524	223	223	2083	2083	6472	6472	1487	1487	1225	1225	14	14	9	9	57	57	26	26	450	450	51	51	45	45	185	185	934	934	324	324	407	407	1018	1018	23	23	20	20	460	460	930	930	95	95	109	109	20955	20955	2813	2813	54243	54243	36313	36313	3	3	3	3
IND00389	432	432	879	879	1726	1726	2038	2038	33	33	47	47	1028	1028	62	62	2876	2876	4022	4022	2769	2769	2294	2294	5599	5599	5937	5937	2386	2386	3437	3437	9	9	194	194	13	13	6	6	3996	3996	1527	1527	85	85	27	27	2461	2461	2410	2410	949	949	282	282	50	50	49	49	1006	1006	1884	1884	235	235	121	121	32429	32429	16908	16908	13	13	51	51	16036	16036	6049	6049	958	958	725	725	6510	6510	12150	12150	62	62	56	56	7387	7387	655	655	64	64	98	98	79	79	20	20	1854	1854	3443	3443	13162	13162	29365	29365	626	626	1275	1275	5068	5068	19677	19677	229	229	100	100	77	77	75	75	63	63	51	51	1410	1410	465	465	38	38	77	77	780	780	450	450	6388	6388	7644	7644	704	704	943	943	112	112	84	84	59	59	27	27	201	201	448	448	143	143	198	198	166	166	75	75	1260	1260	843	843	3	3	13	13	615	615	929	929	93	93	43	43	23410	23410	11636	11636	29555	29555	33316	33316	2	2	3	3
IND00390	235	235	782	782	1199	1199	437	437	14	14	7	7	4079	4079	3364	3364	1068	1068	1978	1978	2212	2212	2952	2952	7420	7420	3111	3111	3223	3223	3857	3857	73	73	63	63	15	15	8	8	3917	3917	2024	2024	15	15	28	28	5778	5778	5043	5043	556	556	1964	1964	41	41	24	24	1177	1177	565	565	171	171	888	888	3717	3717	2973	2973	59	59	18	18	1578	1578	5857	5857	248	248	391	391	356	356	2911	2911	63	63	39	39	4554	4554	5078	5078	1	1	15	15	85	85	43	43	3470	3470	1881	1881	501	501	19729	19729	188	188	73	73	21635	21635	6582	6582	60	60	202	202	122	122	88	88	26	26	9	9	1379	1379	561	561	105	105	62	62	116	116	764	764	3256	3256	4596	4596	1816	1816	1996	1996	78	78	59	59	35	35	38	38	508	508	150	150	51	51	134	134	191	191	545	545	1752	1752	1996	1996	16	16	17	17	1201	1201	210	210	47	47	125	125	11203	11203	887	887	13599	13599	15851	15851	1	1	3	3
IND00391	972	972	83	83	986	986	109	109	23	23	16	16	1857	1857	1462	1462	3355	3355	1596	1596	3275	3275	1271	1271	2526	2526	2342	2342	1201	1201	1440	1440	252	252	153	153	7	7	16	16	2931	2931	1281	1281	70	70	39	39	4950	4950	1948	1948	1191	1191	446	446	88	88	61	61	1000	1000	2035	2035	240	240	247	247	1250	1250	15252	15252	69	69	66	66	13942	13942	3409	3409	231	231	919	919	8479	8479	13982	13982	51	51	17	17	6125	6125	14	14	27	27	99	99	246	246	227	227	7266	7266	1275	1275	4748	4748	11294	11294	821	821	1369	1369	31691	31691	23989	23989	18	18	116	116	78	78	45	45	58	58	3	3	1671	1671	2	2	10	10	128	128	421	421	496	496	1446	1446	4133	4133	122	122	1496	1496	40	40	113	113	58	58	36	36	77	77	172	172	198	198	19	19	125	125	613	613	397	397	2002	2002	19	19	18	18	884	884	1302	1302	82	82	76	76	7195	7195	19240	19240	32851	32851	26178	26178	3	3	2	2
IND00392	585	585	1005	1005	1206	1206	792	792	32	32	50	50	627	627	1007	1007	3355	3355	1515	1515	3541	3541	1147	1147	2055	2055	7181	7181	3687	3687	3846	3846	32	32	36	36	15	15	15	15	231	231	803	803	8	8	6	6	5138	5138	560	560	792	792	1239	1239	24	24	118	118	738	738	205	205	535	535	69	69	32363	32363	18948	18948	229	229	115	115	3942	3942	6897	6897	763	763	648	648	14606	14606	9919	9919	34	34	59	59	7846	7846	6603	6603	90	90	79	79	254	254	67	67	2855	2855	2592	2592	24290	24290	343	343	1542	1542	1141	1141	3062	3062	26602	26602	18	18	232	232	29	29	90	90	60	60	52	52	871	871	597	597	44	44	28	28	709	709	757	757	4766	4766	5567	5567	1017	1017	107	107	112	112	15	15	49	49	42	42	242	242	42	42	182	182	198	198	188	188	400	400	1510	1510	1687	1687	17	17	7	7	1582	1582	1110	1110	33	33	101	101	3130	3130	22792	22792	27074	27074	4259	4259	2	2	1	1
IND00393	791	791	637	637	2011	2011	1482	1482	35	35	34	34	2622	2622	1713	1713	2810	2810	1576	1576	1526	1526	2755	2755	1635	1635	6991	6991	2102	2102	2259	2259	45	45	68	68	14	14	4	4	3962	3962	2540	2540	43	43	2	2	6990	6990	8181	8181	294	294	14	14	116	116	6	6	1494	1494	1152	1152	215	215	586	586	22580	22580	4296	4296	249	249	102	102	10037	10037	6277	6277	218	218	109	109	9231	9231	147	147	63	63	26	26	7273	7273	5827	5827	15	15	18	18	116	116	146	146	3600	3600	5276	5276	10644	10644	5834	5834	1730	1730	1193	1193	28900	28900	27929	27929	141	141	69	69	126	126	20	20	6	6	18	18	460	460	1203	1203	11	11	82	82	466	466	409	409	6491	6491	1231	1231	1009	1009	949	949	47	47	7	7	30	30	50	50	358	358	178	178	217	217	53	53	550	550	587	587	418	418	1946	1946	12	12	29	29	1237	1237	1048	1048	123	123	71	71	6629	6629	15857	15857	20494	20494	26918	26918	1	1	3	3
IND00394	442	442	510	510	1134	1134	134	134	46	46	13	13	639	639	3709	3709	348	348	3406	3406	47	47	1217	1217	308	308	1353	1353	4083	4083	1197	1197	13	13	9	9	13	13	16	16	1655	1655	3692	3692	54	54	35	35	5765	5765	6002	6002	421	421	1111	1111	84	84	70	70	1876	1876	1056	1056	487	487	750	750	31527	31527	14123	14123	255	255	84	84	1440	1440	11266	11266	714	714	90	90	1773	1773	12182	12182	59	59	15	15	706	706	3207	3207	8	8	68	68	229	229	60	60	7410	7410	3240	3240	15291	15291	23142	23142	1844	1844	592	592	12061	12061	18444	18444	9	9	84	84	122	122	119	119	4	4	48	48	1992	1992	1338	1338	120	120	97	97	380	380	856	856	1305	1305	1475	1475	37	37	819	819	7	7	85	85	30	30	55	55	43	43	88	88	228	228	206	206	712	712	379	379	388	388	918	918	29	29	16	16	1093	1093	540	540	45	45	66	66	9711	9711	29072	29072	58506	58506	18572	18572	2	2	1	1
IND00395	998	998	601	601	886	886	848	848	31	31	56	56	748	748	1244	1244	2389	2389	3408	3408	1648	1648	3175	3175	6153	6153	2003	2003	3760	3760	3889	3889	113	113	145	145	3	3	2	2	1706	1706	2904	2904	55	55	33	33	5224	5224	7867	7867	397	397	1792	1792	127	127	22	22	258	258	582	582	634	634	416	416	19729	19729	32614	32614	214	214	2	2	6743	6743	13488	13488	959	959	256	256	6368	6368	6679	6679	49	49	20	20	1698	1698	4580	4580	68	68	125	125	209	209	182	182	518	518	2149	2149	17204	17204	17949	17949	1359	1359	255	255	2872	2872	9379	9379	134	134	83	83	82	82	96	96	4	4	24	24	116	116	256	256	90	90	50	50	317	317	238	238	890	890	2649	2649	99	99	1537	1537	37	37	65	65	42	42	57	57	133	133	51	51	140	140	94	94	716	716	837	837	236	236	1317	1317	19	19	27	27	1457	1457	645	645	70	70	53	53	21697	21697	9310	9310	55115	55115	55542	55542	3	3	1	1
IND00396	464	464	458	458	362	362	579	579	56	56	4	4	213	213	4031	4031	903	903	2366	2366	1247	1247	1496	1496	566	566	5335	5335	1649	1649	1954	1954	248	248	178	178	5	5	10	10	1690	1690	3465	3465	111	111	96	96	7182	7182	3432	3432	300	300	1587	1587	93	93	77	77	343	343	1841	1841	735	735	509	509	26354	26354	8194	8194	106	106	22	22	10094	10094	13428	13428	642	642	246	246	10577	10577	1801	1801	5	5	51	51	7888	7888	1672	1672	103	103	89	89	221	221	198	198	6013	6013	3298	3298	31377	31377	30553	30553	1599	1599	1164	1164	16085	16085	28548	28548	197	197	13	13	89	89	101	101	9	9	60	60	1620	1620	370	370	7	7	47	47	88	88	973	973	830	830	7904	7904	852	852	1670	1670	118	118	44	44	17	17	25	25	308	308	457	457	41	41	111	111	295	295	173	173	448	448	7	7	6	6	24	24	949	949	174	174	79	79	97	97	19530	19530	8169	8169	63358	63358	22635	22635	4	4	1	1
IND00397	1012	1012	712	712	1217	1217	1259	1259	1	1	64	64	2328	2328	575	575	1329	1329	1299	1299	1038	1038	1726	1726	5671	5671	2879	2879	43	43	2059	2059	86	86	184	184	6	6	14	14	1293	1293	25	25	22	22	5	5	4588	4588	11	11	883	883	315	315	31	31	118	118	116	116	982	982	133	133	273	273	17883	17883	18571	18571	215	215	40	40	7939	7939	166	166	807	807	417	417	15046	15046	11791	11791	27	27	2	2	2095	2095	7316	7316	124	124	78	78	112	112	185	185	3081	3081	6959	6959	15728	15728	22699	22699	831	831	1519	1519	23047	23047	20208	20208	230	230	228	228	45	45	51	51	27	27	2	2	1574	1574	111	111	15	15	76	76	504	504	286	286	1093	1093	5286	5286	1624	1624	72	72	52	52	126	126	42	42	40	40	155	155	366	366	229	229	104	104	800	800	110	110	53	53	310	310	6	6	20	20	729	729	704	704	43	43	36	36	22528	22528	28097	28097	57291	57291	63055	63055	3	3	1	1
IND00398	779	779	900	900	925	925	522	522	47	47	58	58	1021	1021	1070	1070	3781	3781	634	634	954	954	1025	1025	7654	7654	6708	6708	3931	3931	3487	3487	195	195	101	101	15	15	14	14	1009	1009	3145	3145	33	33	80	80	6548	6548	660	660	1426	1426	610	610	34	34	116	116	436	436	1859	1859	1021	1021	492	492	7271	7271	25889	25889	5	5	120	120	15149	15149	9655	9655	85	85	553	553	9247	9247	7952	7952	7	7	10	10	1765	1765	8029	8029	75	75	30	30	218	218	184	184	2257	2257	6202	6202	14722	14722	29303	29303	957	957	1568	1568	16931	16931	9487	9487	154	154	218	218	40	40	63	63	59	59	36	36	644	644	1671	1671	10	10	91	91	732	732	3	3	2429	2429	6320	6320	1605	1605	467	467	108	108	48	48	48	48	9	9	459	459	77	77	199	199	253	253	633	633	985	985	44	44	1671	1671	32	32	31	31	933	933	1957	1957	71	71	98	98	1579	1579	7480	7480	41246	41246	6902	6902	4	4	1	1
IND00399	647	647	978	978	1934	1934	1100	1100	19	19	4	4	1553	1553	1966	1966	3332	3332	789	789	3024	3024	2019	2019	4225	4225	2479	2479	1085	1085	1921	1921	38	38	47	47	10	10	15	15	3589	3589	3104	3104	94	94	103	103	49	49	3518	3518	1888	1888	71	71	88	88	36	36	1387	1387	437	437	780	780	308	308	18574	18574	14103	14103	10	10	65	65	4000	4000	12277	12277	40	40	374	374	3355	3355	9115	9115	34	34	40	40	3605	3605	2176	2176	77	77	34	34	16	16	27	27	6188	6188	4794	4794	19483	19483	20442	20442	1175	1175	1070	1070	7730	7730	25176	25176	54	54	43	43	93	93	84	84	30	30	4	4	1033	1033	948	948	91	91	88	88	893	893	587	587	4273	4273	4840	4840	874	874	1248	1248	121	121	5	5	11	11	1	1	365	365	98	98	80	80	95	95	786	786	649	649	1302	1302	776	776	31	31	23	23	594	594	1229	1229	23	23	89	89	21547	21547	20756	20756	38667	38667	48839	48839	4	4	4	4
IND00400	20	20	945	945	1645	1645	1097	1097	1	1	64	64	3162	3162	1147	1147	1499	1499	3442	3442	1177	1177	1374	1374	6677	6677	2416	2416	3886	3886	386	386	149	149	237	237	9	9	10	10	3865	3865	3743	3743	40	40	117	117	245	245	184	184	1079	1079	118	118	123	123	94	94	1893	1893	1549	1549	506	506	30	30	6044	6044	30062	30062	66	66	80	80	15638	15638	13418	13418	768	768	944	944	9121	9121	10994	10994	48	48	8	8	7531	7531	5248	5248	64	64	23	23	216	216	118	118	2468	2468	7452	7452	25572	25572	24762	24762	691	691	249	249	8636	8636	15576	15576	99	99	123	123	19	19	69	69	60	60	23	23	2016	2016	1879	1879	70	70	67	67	397	397	824	824	4663	4663	1052	1052	1329	1329	446	446	8	8	47	47	2	2	44	44	384	384	426	426	83	83	211	211	598	598	479	479	1383	1383	359	359	28	28	8	8	798	798	1601	1601	59	59	54	54	3388	3388	8972	8972	34376	34376	58393	58393	4	4	4	4
IND00401	868	868	296	296	1603	1603	209	209	17	17	33	33	2037	2037	1847	1847	1287	1287	2835	2835	2320	2320	577	577	6360	6360	3668	3668	1588	1588	1232	1232	182	182	177	177	6	6	10	10	2335	2335	569	569	56	56	55	55	3452	3452	5749	5749	212	212	105	105	116	116	100	100	1197	1197	563	563	82	82	231	231	11036	11036	24951	24951	73	73	239	239	1473	1473	15372	15372	293	293	319	319	15150	15150	10807	10807	19	19	59	59	7555	7555	7332	7332	2	2	42	42	39	39	102	102	3472	3472	6736	6736	7461	7461	16776	16776	1124	1124	462	462	24931	24931	15552	15552	193	193	171	171	29	29	109	109	59	59	62	62	488	488	380	380	78	78	71	71	555	555	145	145	6488	6488	7908	7908	300	300	593	593	97	97	36	36	14	14	28	28	206	206	373	373	172	172	152	152	815	815	14	14	1691	1691	1526	1526	3	3	18	18	1996	1996	1500	1500	60	60	127	127	10536	10536	8445	8445	50548	50548	35773	35773	3	3	3	3
IND00402	728	728	33	33	397	397	578	578	42	42	26	26	1674	1674	3137	3137	1829	1829	3538	3538	878	878	188	188	133	133	1090	1090	1470	1470	3987	3987	118	118	222	222	13	13	5	5	705	705	3695	3695	46	46	128	128	5517	5517	7838	7838	550	550	684	684	112	112	37	37	1600	1600	643	643	641	641	296	296	21362	21362	5475	5475	88	88	115	115	8083	8083	15477	15477	858	858	577	577	4030	4030	202	202	4	4	34	34	5490	5490	5421	5421	65	65	55	55	25	25	11	11	7018	7018	21	21	7669	7669	18395	18395	949	949	716	716	15776	15776	28639	28639	47	47	145	145	89	89	94	94	45	45	14	14	424	424	761	761	93	93	47	47	889	889	272	272	180	180	8009	8009	574	574	876	876	69	69	78	78	20	20	52	52	316	316	199	199	57	57	16	16	485	485	661	661	1947	1947	1220	1220	17	17	21	21	724	724	2008	2008	101	101	57	57	26206	26206	10698	10698	52985	52985	38357	38357	3	3	1	1
IND00403	190	190	185	185	1613	1613	313	313	42	42	19	19	1000	1000	4059	4059	1279	1279	922	922	2251	2251	2602	2602	2162	2162	1275	1275	105	105	959	959	215	215	149	149	1	1	12	12	367	367	3694	3694	27	27	62	62	5700	5700	989	989	971	971	1812	1812	19	19	14	14	1944	1944	1717	1717	400	400	48	48	25407	25407	29036	29036	28	28	80	80	2975	2975	14976	14976	147	147	868	868	11257	11257	9481	9481	52	52	29	29	2840	2840	4727	4727	15	15	83	83	26	26	214	214	3967	3967	1375	1375	9374	9374	26137	26137	957	957	939	939	7971	7971	16414	16414	17	17	49	49	51	51	55	55	57	57	64	64	1508	1508	2041	2041	26	26	117	117	539	539	1019	1019	3159	3159	480	480	1447	1447	637	637	6	6	35	35	56	56	21	21	192	192	85	85	73	73	225	225	1010	1010	1021	1021	1884	1884	1603	1603	26	26	25	25	402	402	830	830	35	35	91	91	7697	7697	20276	20276	27118	27118	44320	44320	2	2	1	1
IND00404	891	891	609	609	1969	1969	1032	1032	57	57	40	40	3528	3528	774	774	1318	1318	1761	1761	2187	2187	1801	1801	1947	1947	351	351	2025	2025	2121	2121	235	235	225	225	16	16	3	3	855	855	2200	2200	4	4	105	105	27	27	3285	3285	373	373	1743	1743	128	128	2	2	1904	1904	1315	1315	255	255	295	295	12304	12304	416	416	128	128	176	176	10426	10426	1380	1380	951	951	245	245	6143	6143	9484	9484	52	52	18	18	1465	1465	3460	3460	99	99	66	66	115	115	234	234	4712	4712	1430	1430	8764	8764	27775	27775	449	449	1284	1284	29059	29059	14595	14595	45	45	50	50	95	95	12	12	46	46	34	34	380	380	1089	1089	24	24	51	51	204	204	123	123	7106	7106	2887	2887	658	658	484	484	57	57	123	123	36	36	31	31	453	453	136	136	33	33	105	105	4	4	292	292	865	865	187	187	8	8	30	30	1609	1609	512	512	85	85	67	67	17238	17238	16868	16868	26415	26415	55581	55581	1	1	4	4
IND00405	563	563	863	863	1552	1552	213	213	38	38	55	55	3821	3821	2902	2902	2611	2611	1261	1261	2206	2206	3571	3571	3198	3198	1262	1262	2345	2345	1838	1838	169	169	17	17	14	14	9	9	3753	3753	1928	1928	95	95	32	32	278	278	5125	5125	850	850	1618	1618	83	83	101	101	1713	1713	768	768	449	449	857	857	7320	7320	21493	21493	199	199	140	140	2900	2900	14783	14783	415	415	703	703	8118	8118	6903	6903	34	34	63	63	1255	1255	702	702	30	30	89	89	69	69	152	152	6141	6141	6710	6710	13193	13193	16135	16135	811	811	1268	1268	1855	1855	17482	17482	171	171	69	69	78	78	108	108	62	62	6	6	92	92	764	764	94	94	78	78	998	998	403	403	5465	5465	6275	6275	56	56	592	592	126	126	89	89	35	35	49	49	300	300	429	429	241	241	211	211	179	179	144	144	1877	1877	387	387	32	32	10	10	115	115	1153	1153	8	8	39	39	8852	8852	26951	26951	43699	43699	60857	60857	3	3	3	3
IND00406	303	303	873	873	128	128	289	289	1	1	32	32	3486	3486	837	837	3608	3608	2460	2460	571	571	764	764	2874	2874	2131	2131	295	295	293	293	71	71	218	218	2	2	7	7	1428	1428	3801	3801	47	47	20	20	4663	4663	1119	1119	2035	2035	1661	1661	9	9	78	78	397	397	895	895	444	444	171	171	25871	25871	17538	17538	42	42	179	179	8380	8380	3401	3401	742	742	292	292	10836	10836	13538	13538	14	14	56	56	3835	3835	5697	5697	4	4	109	109	111	111	138	138	6052	6052	3396	3396	14466	14466	24806	24806	538	538	1170	1170	22749	22749	31362	31362	227	227	208	208	72	72	93	93	9	9	7	7	1205	1205	1154	1154	123	123	99	99	222	222	454	454	4090	4090	1092	1092	1020	1020	10	10	8	8	34	34	59	59	38	38	338	338	497	497	31	31	176	176	577	577	408	408	439	439	1154	1154	8	8	11	11	1595	1595	1411	1411	76	76	6	6	22098	22098	19622	19622	37659	37659	5131	5131	4	4	2	2
IND00407	715	715	209	209	2000	2000	1482	1482	24	24	6	6	239	239	4011	4011	1256	1256	2942	2942	323	323	3888	3888	4197	4197	6482	6482	2233	2233	133	133	226	226	236	236	2	2	15	15	479	479	1265	1265	33	33	78	78	3607	3607	861	861	1152	1152	1260	1260	126	126	12	12	1399	1399	877	877	171	171	249	249	8717	8717	41	41	61	61	230	230	13961	13961	14346	14346	37	37	344	344	13866	13866	7619	7619	31	31	31	31	1254	1254	7579	7579	122	122	63	63	216	216	227	227	7446	7446	5871	5871	14140	14140	17749	17749	1993	1993	335	335	22485	22485	8649	8649	132	132	40	40	26	26	93	93	12	12	21	21	1668	1668	343	343	44	44	34	34	85	85	857	857	8169	8169	7044	7044	1249	1249	559	559	16	16	70	70	26	26	12	12	385	385	226	226	96	96	160	160	608	608	880	880	450	450	1348	1348	8	8	20	20	448	448	1101	1101	56	56	42	42	16645	16645	28891	28891	50272	50272	32736	32736	2	2	3	3
IND00408	652	652	451	451	1630	1630	472	472	3	3	61	61	1696	1696	362	362	2433	2433	2716	2716	2757	2757	461	461	6616	6616	5770	5770	2476	2476	274	274	214	214	140	140	14	14	16	16	481	481	1759	1759	17	17	5	5	3905	3905	1748	1748	715	715	139	139	3	3	36	36	2005	2005	1112	1112	302	302	970	970	19283	19283	12283	12283	104	104	153	153	14561	14561	16284	16284	1024	1024	936	936	1856	1856	3549	3549	9	9	63	63	3952	3952	6275	6275	62	62	41	41	137	137	191	191	2036	2036	8167	8167	25980	25980	26787	26787	1585	1585	604	604	25702	25702	26171	26171	157	157	101	101	40	40	15	15	1	1	30	30	1464	1464	1611	1611	42	42	22	22	96	96	580	580	1287	1287	5648	5648	1223	1223	1783	1783	16	16	120	120	10	10	62	62	291	291	123	123	85	85	214	214	713	713	713	713	117	117	1788	1788	18	18	16	16	722	722	1421	1421	37	37	24	24	9511	9511	28556	28556	11418	11418	54932	54932	3	3	4	4
IND00409	378	378	418	418	1237	1237	560	560	51	51	55	55	2965	2965	2307	2307	2760	2760	132	132	2883	2883	3086	3086	2928	2928	3708	3708	2895	2895	3374	3374	148	148	205	205	5	5	7	7	657	657	673	673	76	76	6	6	6369	6369	4389	4389	149	149	835	835	16	16	31	31	1809	1809	1830	1830	918	918	878	878	31467	31467	13342	13342	139	139	49	49	6302	6302	1803	1803	893	893	14	14	12734	12734	3356	3356	2	2	55	55	1010	1010	4217	4217	63	63	26	26	48	48	3	3	4331	4331	5456	5456	14052	14052	15238	15238	1728	1728	420	420	4417	4417	5096	5096	229	229	138	138	105	105	84	84	15	15	46	46	860	860	289	289	36	36	47	47	376	376	465	465	6714	6714	2463	2463	1550	1550	832	832	18	18	85	85	40	40	54	54	424	424	146	146	11	11	80	80	692	692	234	234	1266	1266	135	135	15	15	32	32	107	107	307	307	41	41	67	67	14045	14045	18031	18031	50938	50938	14938	14938	3	3	3	3
IND00410	558	558	360	360	537	537	2005	2005	3	3	19	19	2014	2014	213	213	3680	3680	2002	2002	2292	2292	3655	3655	6348	6348	1823	1823	2713	2713	2938	2938	1	1	123	123	12	12	3	3	2218	2218	2360	2360	88	88	69	69	5269	5269	3873	3873	1588	1588	244	244	74	74	113	113	1700	1700	625	625	1014	1014	233	233	22023	22023	16845	16845	151	151	43	43	14866	14866	12804	12804	861	861	187	187	12484	12484	13852	13852	64	64	18	18	4236	4236	6262	6262	30	30	80	80	251	251	30	30	202	202	3637	3637	3669	3669	17078	17078	1073	1073	836	836	4666	4666	24044	24044	166	166	139	139	42	42	46	46	26	26	27	27	1750	1750	385	385	60	60	113	113	844	844	419	419	1689	1689	4757	4757	1188	1188	808	808	42	42	31	31	28	28	25	25	268	268	129	129	86	86	183	183	602	602	579	579	837	837	1105	1105	8	8	24	24	1405	1405	668	668	95	95	88	88	7742	7742	4438	4438	28099	28099	52601	52601	4	4	2	2
IND00411	105	105	972	972	1840	1840	1406	1406	59	59	26	26	2256	2256	1752	1752	1315	1315	1017	1017	2347	2347	230	230	1950	1950	612	612	683	683	2101	2101	201	201	254	254	3	3	11	11	2341	2341	2851	2851	43	43	21	21	714	714	3774	3774	1117	1117	1605	1605	28	28	91	91	457	457	1432	1432	301	301	683	683	11000	11000	11337	11337	81	81	96	96	27	27	9515	9515	96	96	518	518	10029	10029	14735	14735	10	10	43	43	4883	4883	7193	7193	98	98	29	29	59	59	63	63	4781	4781	2228	2228	5137	5137	20392	20392	575	575	343	343	12235	12235	12658	12658	26	26	120	120	14	14	115	115	5	5	25	25	891	891	736	736	70	70	36	36	952	952	28	28	834	834	4538	4538	659	659	1545	1545	86	86	56	56	1	1	16	16	411	411	89	89	216	216	166	166	81	81	128	128	1618	1618	1963	1963	16	16	32	32	822	822	1471	1471	28	28	56	56	21417	21417	31510	31510	37300	37300	61256	61256	4	4	4	4
IND00412	352	352	680	680	526	526	208	208	18	18	51	51	2023	2023	297	297	2126	2126	2916	2916	1265	1265	1512	1512	7761	7761	8177	8177	1718	1718	3695	3695	12	12	29	29	6	6	2	2	586	586	2762	2762	35	35	96	96	2167	2167	6400	6400	1284	1284	1751	1751	77	77	67	67	1810	1810	610	610	863	863	423	423	25007	25007	30795	30795	81	81	240	240	5049	5049	4316	4316	2	2	564	564	4164	4164	15330	15330	46	46	5	5	6124	6124	8082	8082	83	83	30	30	209	209	198	198	4251	4251	3256	3256	13398	13398	1807	1807	574	574	1246	1246	275	275	4998	4998	151	151	196	196	38	38	103	103	32	32	10	10	998	998	1678	1678	100	100	94	94	106	106	139	139	4850	4850	931	931	144	144	1873	1873	103	103	52	52	48	48	41	41	100	100	24	24	24	24	1	1	854	854	743	743	952	952	976	976	1	1	12	12	1539	1539	898	898	95	95	79	79	4257	4257	25546	25546	9735	9735	9582	9582	2	2	4	4
IND00413	83	83	1019	1019	983	983	174	174	55	55	18	18	2327	2327	3557	3557	3702	3702	940	940	2859	2859	429	429	8056	8056	3152	3152	944	944	3561	3561	29	29	233	233	2	2	6	6	2675	2675	2379	2379	78	78	122	122	2692	2692	7556	7556	747	747	118	118	75	75	13	13	76	76	1581	1581	479	479	174	174	9414	9414	10835	10835	130	130	115	115	14851	14851	8489	8489	471	471	596	596	10651	10651	12847	12847	17	17	40	40	5988	5988	940	940	27	27	55	55	225	225	208	208	5549	5549	7338	7338	28489	28489	11004	11004	1123	1123	1683	1683	2422	2422	15316	15316	194	194	20	20	22	22	1	1	45	45	42	42	443	443	898	898	42	42	14	14	557	557	115	115	5184	5184	5429	5429	848	848	356	356	108	108	118	118	15	15	33	33	27	27	363	363	1	1	133	133	630	630	723	723	830	830	1512	1512	21	21	30	30	537	537	1232	1232	10	10	21	21	27719	27719	31316	31316	16846	16846	20616	20616	4	4	2	2
IND00414	471	471	729	729	739	739	1472	1472	61	61	61	61	2	2	1585	1585	881	881	3645	3645	1977	1977	2711	2711	3639	3639	3983	3983	3279	3279	2477	2477	221	221	43	43	2	2	4	4	4000	4000	1018	1018	28	28	92	92	7414	7414	6887	6887	354	354	1116	1116	58	58	80	80	731	731	485	485	406	406	323	323	915	915	5707	5707	144	144	64	64	14329	14329	7718	7718	905	905	959	959	14359	14359	11697	11697	13	13	62	62	7778	7778	3894	3894	107	107	79	79	66	66	168	168	1995	1995	2327	2327	19482	19482	15163	15163	474	474	1298	1298	18495	18495	14928	14928	32	32	166	166	91	91	31	31	59	59	37	37	1683	1683	921	921	112	112	113	113	132	132	447	447	5168	5168	4005	4005	1069	1069	1005	1005	45	45	15	15	51	51	64	64	109	109	403	403	130	130	239	239	33	33	701	701	1155	1155	1948	1948	26	26	16	16	81	81	838	838	74	74	119	119	14441	14441	6549	6549	61522	61522	17499	17499	3	3	1	1
IND00415	562	562	341	341	1544	1544	790	790	10	10	39	39	1262	1262	3272	3272	1813	1813	3840	3840	1845	1845	2405	2405	5160	5160	5302	5302	3102	3102	1249	1249	26	26	85	85	10	10	13	13	2820	2820	2859	2859	106	106	65	65	3763	3763	6865	6865	14	14	1861	1861	8	8	109	109	934	934	1526	1526	73	73	834	834	1646	1646	24249	24249	181	181	129	129	14050	14050	12798	12798	767	767	809	809	12344	12344	13086	13086	14	14	52	52	6891	6891	2168	2168	96	96	107	107	63	63	230	230	4772	4772	1797	1797	12316	12316	18827	18827	1245	1245	1605	1605	14519	14519	6379	6379	96	96	232	232	57	57	39	39	50	50	39	39	1292	1292	782	782	79	79	78	78	149	149	657	657	7350	7350	4111	4111	565	565	1669	1669	27	27	91	91	42	42	42	42	432	432	428	428	211	211	93	93	459	459	201	201	1109	1109	732	732	22	22	11	11	1103	1103	1131	1131	33	33	60	60	19158	19158	26248	26248	53567	53567	65493	65493	3	3	4	4
IND00416	577	577	683	683	2000	2000	1956	1956	17	17	60	60	2753	2753	312	312	2397	2397	2846	2846	3168	3168	3080	3080	6382	6382	4512	4512	2982	2982	3173	3173	121	121	120	120	12	12	11	11	3791	3791	1688	1688	100	100	21	21	902	902	7522	7522	1673	1673	1579	1579	7	7	99	99	920	920	303	303	175	175	351	351	2739	2739	17528	17528	8	8	56	56	9902	9902	5986	5986	973	973	443	443	5568	5568	12260	12260	43	43	54	54	1614	1614	611	611	27	27	23	23	2	2	97	97	6776	6776	1660	1660	20494	20494	6249	6249	944	944	552	552	29982	29982	11531	11531	203	203	244	244	88	88	101	101	23	23	27	27	736	736	1259	1259	115	115	52	52	863	863	572	572	843	843	5935	5935	742	742	1844	1844	12	12	36	36	2	2	57	57	105	105	149	149	251	251	112	112	1001	1001	902	902	1859	1859	1828	1828	16	16	5	5	1139	1139	1889	1889	125	125	23	23	1845	1845	26182	26182	32131	32131	15269	15269	2	2	3	3
IND00417	65	65	327	327	1843	1843	778	778	51	51	28	28	2540	2540	4090	4090	2458	2458	1313	1313	730	730	1021	1021	3237	3237	6651	6651	3839	3839	2386	2386	15	15	198	198	1	1	11	11	2871	2871	1097	1097	87	87	9	9	8062	8062	7434	7434	1514	1514	770	770	22	22	74	74	600	600	1169	1169	590	590	676	676	17384	17384	4721	4721	205	205	205	205	8218	8218	5236	5236	266	266	249	249	5216	5216	7399	7399	10	10	20	20	5589	5589	8075	8075	99	99	20	20	208	208	99	99	3685	3685	6054	6054	17725	17725	8136	8136	994	994	1585	1585	13097	13097	9327	9327	166	166	12	12	95	95	66	66	25	25	17	17	1996	1996	1466	1466	125	125	8	8	973	973	981	981	331	331	7496	7496	1081	1081	817	817	74	74	59	59	18	18	63	63	433	433	371	371	106	106	35	35	75	75	395	395	1369	1369	1721	1721	9	9	11	11	322	322	1897	1897	46	46	13	13	6858	6858	32626	32626	11525	11525	59388	59388	4	4	1	1
IND00418	836	836	204	204	1577	1577	1771	1771	1	1	61	61	18	18	3822	3822	2745	2745	184	184	3172	3172	1546	1546	7437	7437	5083	5083	582	582	864	864	221	221	232	232	15	15	8	8	1588	1588	3964	3964	50	50	57	57	7000	7000	6662	6662	604	604	908	908	78	78	40	40	1494	1494	1142	1142	729	729	28	28	6849	6849	27429	27429	188	188	85	85	8046	8046	8270	8270	668	668	975	975	7609	7609	9424	9424	8	8	60	60	2242	2242	6416	6416	52	52	127	127	184	184	48	48	6162	6162	2185	2185	14838	14838	2450	2450	2015	2015	482	482	23872	23872	10489	10489	38	38	21	21	48	48	38	38	31	31	2	2	461	461	1718	1718	124	124	31	31	440	440	500	500	419	419	5179	5179	1965	1965	1387	1387	19	19	93	93	49	49	42	42	243	243	155	155	66	66	171	171	844	844	697	697	1828	1828	326	326	24	24	13	13	131	131	849	849	110	110	54	54	17318	17318	12957	12957	17420	17420	6489	6489	1	1	3	3
IND00419	421	421	324	324	24	24	11	11	27	27	55	55	389	389	1850	1850	974	974	2243	2243	2564	2564	2169	2169	6674	6674	1724	1724	2881	2881	630	630	200	200	82	82	15	15	7	7	1663	1663	1922	1922	97	97	77	77	4015	4015	140	140	1073	1073	515	515	39	39	91	91	1941	1941	758	758	422	422	769	769	5480	5480	16190	16190	8	8	74	74	4027	4027	8969	8969	1000	1000	157	157	13671	13671	3981	3981	32	32	35	35	7174	7174	5357	5357	88	88	115	115	134	134	185	185	2254	2254	948	948	25395	25395	3045	3045	1712	1712	1894	1894	11518	11518	19792	19792	51	51	160	160	121	121	47	47	30	30	14	14	232	232	57	57	126	126	119	119	724	724	291	291	1939	1939	1286	1286	1854	1854	1752	1752	38	38	29	29	43	43	13	13	55	55	102	102	222	222	17	17	209	209	251	251	1579	1579	249	249	31	31	7	7	965	965	1830	1830	61	61	1	1	6268	6268	872	872	52655	52655	8067	8067	2	2	4	4
IND00420	244	244	755	755	1927	1927	165	165	43	43	12	12	3839	3839	1760	1760	3358	3358	1013	1013	562	562	1914	1914	6991	6991	3617	3617	1110	1110	126	126	113	113	232	232	13	13	13	13	2758	2758	2127	2127	64	64	121	121	2979	2979	160	160	618	618	1056	1056	128	128	34	34	188	188	1503	1503	166	166	395	395	17908	17908	25267	25267	32	32	144	144	13914	13914	1714	1714	819	819	259	259	6187	6187	2725	2725	15	15	50	50	3576	3576	2635	2635	106	106	61	61	112	112	43	43	2349	2349	640	640	30442	30442	16288	16288	831	831	1264	1264	13527	13527	14452	14452	147	147	243	243	74	74	22	22	12	12	12	12	1496	1496	468	468	48	48	62	62	899	899	411	411	5158	5158	1935	1935	1323	1323	1761	1761	1	1	64	64	61	61	53	53	127	127	453	453	41	41	90	90	753	753	110	110	392	392	288	288	11	11	31	31	1164	1164	1156	1156	59	59	78	78	19914	19914	11188	11188	59884	59884	45126	45126	3	3	3	3
IND00421	222	222	271	271	1801	1801	1584	1584	20	20	59	59	2980	2980	26	26	3799	3799	3070	3070	2836	2836	2360	2360	4981	4981	7236	7236	2132	2132	204	204	156	156	219	219	4	4	13	13	428	428	765	765	95	95	62	62	7492	7492	7437	7437	1627	1627	384	384	30	30	48	48	1522	1522	1875	1875	252	252	975	975	18118	18118	6129	6129	107	107	152	152	3865	3865	9028	9028	262	262	748	748	7669	7669	1267	1267	55	55	52	52	4379	4379	2149	2149	21	21	113	113	207	207	91	91	2492	2492	2452	2452	3342	3342	24520	24520	387	387	1010	1010	11969	11969	23502	23502	17	17	148	148	11	11	93	93	20	20	40	40	1220	1220	1143	1143	66	66	12	12	196	196	1024	1024	757	757	6476	6476	1028	1028	2009	2009	1	1	81	81	14	14	58	58	428	428	48	48	201	201	51	51	652	652	386	386	998	998	1382	1382	18	18	20	20	458	458	162	162	9	9	96	96	30051	30051	14175	14175	40954	40954	36056	36056	4	4	2	2
IND00422	28	28	694	694	1904	1904	714	714	40	40	4	4	1487	1487	227	227	2519	2519	224	224	4083	4083	3746	3746	6271	6271	1231	1231	3192	3192	1285	1285	16	16	151	151	13	13	12	12	3108	3108	4072	4072	67	67	71	71	3972	3972	7494	7494	63	63	220	220	59	59	39	39	1948	1948	757	757	56	56	201	201	32475	32475	31715	31715	78	78	14	14	2574	2574	10468	10468	740	740	674	674	14381	14381	11573	11573	58	58	10	10	6701	6701	932	932	78	78	64	64	132	132	50	50	4053	4053	6630	6630	9318	9318	26971	26971	1058	1058	1226	1226	11920	11920	23871	23871	13	13	254	254	86	86	111	111	9	9	1	1	1873	1873	1212	1212	96	96	79	79	964	964	406	406	6716	6716	5874	5874	1308	1308	1449	1449	72	72	13	13	22	22	63	63	101	101	140	140	21	21	79	79	710	710	847	847	379	379	1604	1604	31	31	9	9	138	138	412	412	23	23	22	22	31453	31453	23568	23568	58212	58212	30493	30493	2	2	3	3
IND00423	618	618	790	790	1666	1666	252	252	57	57	13	13	2103	2103	3119	3119	2861	2861	1985	1985	1296	1296	1181	1181	2534	2534	1182	1182	1976	1976	3082	3082	54	54	176	176	6	6	15	15	416	416	2305	2305	81	81	79	79	7857	7857	5574	5574	309	309	1278	1278	58	58	110	110	628	628	664	664	155	155	256	256	12255	12255	17074	17074	144	144	248	248	8816	8816	15222	15222	896	896	367	367	6871	6871	886	886	60	60	40	40	753	753	6869	6869	34	34	85	85	70	70	20	20	4851	4851	5585	5585	11412	11412	3708	3708	217	217	1141	1141	8176	8176	14475	14475	197	197	34	34	102	102	83	83	39	39	18	18	897	897	569	569	54	54	119	119	22	22	1002	1002	6753	6753	4173	4173	781	781	252	252	115	115	88	88	41	41	14	14	501	501	122	122	85	85	146	146	942	942	963	963	987	987	1997	1997	29	29	10	10	95	95	714	714	95	95	31	31	28785	28785	25946	25946	4299	4299	60751	60751	1	1	2	2
IND00424	783	783	364	364	1736	1736	2017	2017	30	30	27	27	2322	2322	3256	3256	3893	3893	2717	2717	2900	2900	2131	2131	3305	3305	4440	4440	4005	4005	865	865	119	119	228	228	11	11	1	1	967	967	3005	3005	4	4	41	41	3622	3622	5649	5649	870	870	1637	1637	96	96	47	47	709	709	866	866	79	79	845	845	3381	3381	24736	24736	173	173	105	105	4335	4335	13861	13861	850	850	1016	1016	3287	3287	8024	8024	14	14	51	51	3849	3849	5855	5855	19	19	36	36	44	44	249	249	4355	4355	4049	4049	30408	30408	16725	16725	26	26	583	583	296	296	18502	18502	252	252	112	112	53	53	94	94	51	51	43	43	422	422	199	199	13	13	110	110	932	932	16	16	4801	4801	2246	2246	1707	1707	1910	1910	91	91	19	19	40	40	34	34	224	224	222	222	80	80	166	166	347	347	571	571	715	715	1434	1434	28	28	9	9	657	657	1825	1825	55	55	103	103	27485	27485	12512	12512	2264	2264	47901	47901	3	3	3	3
IND00425	369	369	757	757	736	736	46	46	2	2	6	6	1372	1372	715	715	469	469	393	393	1502	1502	849	849	2932	2932	4544	4544	257	257	4034	4034	115	115	235	235	1	1	11	11	986	986	636	636	28	28	43	43	4092	4092	3025	3025	987	987	1767	1767	81	81	75	75	900	900	1345	1345	739	739	724	724	10791	10791	11232	11232	214	214	114	114	2566	2566	13224	13224	431	431	416	416	5726	5726	15474	15474	47	47	59	59	7123	7123	5367	5367	113	113	100	100	35	35	77	77	4184	4184	4913	4913	21612	21612	14763	14763	219	219	2000	2000	448	448	14505	14505	238	238	131	131	9	9	24	24	39	39	51	51	547	547	823	823	29	29	74	74	794	794	554	554	3520	3520	1467	1467	180	180	256	256	20	20	102	102	35	35	48	48	215	215	482	482	198	198	99	99	831	831	103	103	258	258	1001	1001	14	14	10	10	1498	1498	1465	1465	110	110	59	59	29630	29630	18842	18842	60502	60502	50225	50225	1	1	1	1
IND00426	555	555	194	194	760	760	46	46	32	32	38	38	3018	3018	3654	3654	193	193	374	374	2360	2360	3215	3215	1830	1830	1906	1906	3333	3333	2689	2689	152	152	223	223	12	12	6	6	2145	2145	962	962	44	44	41	41	527	527	922	922	1817	1817	114	114	43	43	22	22	1348	1348	1914	1914	636	636	345	345	15649	15649	9856	9856	220	220	122	122	9563	9563	13250	13250	421	421	614	614	10817	10817	5522	5522	4	4	36	36	6525	6525	4957	4957	9	9	35	35	128	128	175	175	7379	7379	7915	7915	26028	26028	13932	13932	173	173	684	684	2747	2747	5828	5828	130	130	195	195	4	4	72	72	26	26	53	53	924	924	912	912	72	72	95	95	190	190	664	664	873	873	1375	1375	150	150	249	249	27	27	66	66	42	42	23	23	252	252	501	501	9	9	103	103	713	713	340	340	914	914	1273	1273	5	5	6	6	1296	1296	559	559	25	25	22	22	31964	31964	4010	4010	28843	28843	52990	52990	2	2	1	1
IND00427	350	350	57	57	1938	1938	1636	1636	55	55	62	62	2083	2083	1224	1224	2311	2311	160	160	1437	1437	130	130	4614	4614	2656	2656	1337	1337	420	420	15	15	21	21	2	2	11	11	33	33	3215	3215	37	37	38	38	6853	6853	692	692	964	964	522	522	22	22	13	13	408	408	1303	1303	855	855	278	278	20442	20442	22533	22533	82	82	115	115	3763	3763	15834	15834	184	184	210	210	8730	8730	5872	5872	17	17	50	50	7073	7073	1475	1475	126	126	3	3	76	76	20	20	4045	4045	579	579	2127	2127	18992	18992	1207	1207	74	74	32565	32565	28231	28231	228	228	30	30	12	12	89	89	43	43	57	57	87	87	462	462	56	56	42	42	12	12	240	240	3549	3549	6333	6333	928	928	1934	1934	29	29	86	86	32	32	32	32	139	139	259	259	113	113	237	237	601	601	613	613	1987	1987	825	825	28	28	6	6	886	886	795	795	102	102	5	5	5393	5393	27808	27808	17510	17510	36460	36460	1	1	2	2
IND00428	371	371	616	616	759	759	1467	1467	14	14	64	64	3000	3000	2201	2201	2107	2107	2496	2496	3406	3406	2444	2444	6198	6198	3334	3334	1450	1450	592	592	38	38	101	101	13	13	8	8	4094	4094	1729	1729	52	52	45	45	4460	4460	1064	1064	1559	1559	676	676	93	93	49	49	1884	1884	194	194	372	372	639	639	21248	21248	20799	20799	39	39	171	171	3035	3035	5976	5976	1001	1001	628	628	5201	5201	5742	5742	26	26	29	29	396	396	604	604	107	107	3	3	20	20	89	89	6809	6809	313	313	3676	3676	28260	28260	79	79	979	979	3740	3740	24689	24689	124	124	85	85	82	82	57	57	15	15	31	31	302	302	1247	1247	58	58	75	75	700	700	696	696	5074	5074	7350	7350	1376	1376	678	678	54	54	16	16	52	52	49	49	398	398	481	481	190	190	103	103	607	607	488	488	1396	1396	1792	1792	1	1	25	25	883	883	239	239	78	78	70	70	7579	7579	28710	28710	28950	28950	50031	50031	3	3	3	3
IND00429	233	233	633	633	657	657	1557	1557	12	12	20	20	1471	1471	1259	1259	1101	1101	2064	2064	2552	2552	1885	1885	1968	1968	2357	2357	2677	2677	2398	2398	134	134	44	44	7	7	4	4	3686	3686	4082	4082	88	88	48	48	5266	5266	7897	7897	1129	1129	500	500	52	52	94	94	808	808	1561	1561	360	360	69	69	11613	11613	10465	10465	64	64	1	1	15851	15851	2622	2622	419	419	318	318	15658	15658	2508	2508	38	38	11	11	4959	4959	7448	7448	81	81	18	18	79	79	138	138	3362	3362	147	147	22249	22249	14393	14393	1217	1217	963	963	27708	27708	23152	23152	108	108	198	198	69	69	67	67	1	1	53	53	1875	1875	975	975	110	110	86	86	896	896	129	129	3013	3013	3299	3299	1452	1452	874	874	115	115	86	86	33	33	61	61	179	179	245	245	154	154	37	37	884	884	954	954	1936	1936	1346	1346	9	9	7	7	699	699	1067	1067	74	74	125	125	26429	26429	1509	1509	55528	55528	33777	33777	3	3	3	3
IND00430	437	437	10	10	1639	1639	1186	1186	36	36	35	35	2473	2473	3896	3896	1392	1392	1784	1784	500	500	2338	2338	7129	7129	2524	2524	1180	1180	3791	3791	165	165	160	160	5	5	6	6	4041	4041	669	669	16	16	67	67	756	756	4552	4552	1587	1587	153	153	80	80	95	95	305	305	1576	1576	744	744	156	156	16835	16835	4500	4500	100	100	10	10	7438	7438	13669	13669	80	80	786	786	6222	6222	5494	5494	22	22	62	62	6201	6201	4055	4055	109	109	99	99	19	19	53	53	6734	6734	7399	7399	1138	1138	16986	16986	972	972	383	383	7402	7402	13871	13871	98	98	47	47	110	110	116	116	26	26	42	42	1711	1711	1651	1651	69	69	18	18	577	577	259	259	4697	4697	3369	3369	573	573	14	14	8	8	39	39	8	8	2	2	227	227	57	57	58	58	170	170	414	414	532	532	353	353	874	874	20	20	7	7	1680	1680	863	863	76	76	58	58	20113	20113	7798	7798	52774	52774	45550	45550	1	1	2	2
IND00431	177	177	394	394	1930	1930	1884	1884	42	42	36	36	3637	3637	3204	3204	1993	1993	2223	2223	2424	2424	412	412	1340	1340	3544	3544	530	530	590	590	96	96	172	172	16	16	9	9	2764	2764	3767	3767	37	37	103	103	4688	4688	2903	2903	1815	1815	1685	1685	77	77	107	107	1415	1415	896	896	111	111	454	454	5108	5108	29429	29429	183	183	85	85	8666	8666	12205	12205	127	127	938	938	9528	9528	13960	13960	47	47	55	55	1304	1304	5180	5180	104	104	27	27	250	250	12	12	1837	1837	2486	2486	23127	23127	9969	9969	1360	1360	1807	1807	25154	25154	20380	20380	68	68	41	41	52	52	127	127	63	63	54	54	1372	1372	1815	1815	71	71	95	95	229	229	179	179	6451	6451	32	32	1616	1616	888	888	21	21	52	52	36	36	55	55	5	5	91	91	71	71	185	185	30	30	691	691	97	97	1481	1481	19	19	13	13	1217	1217	55	55	95	95	25	25	32119	32119	23291	23291	8214	8214	62893	62893	1	1	4	4
IND00432	831	831	133	133	63	63	1916	1916	42	42	63	63	3039	3039	691	691	2465	2465	2792	2792	4024	4024	2716	2716	1162	1162	26	26	2359	2359	327	327	81	81	41	41	2	2	14	14	4002	4002	1776	1776	27	27	50	50	8025	8025	7558	7558	358	358	175	175	51	51	21	21	199	199	1059	1059	857	857	257	257	31689	31689	17812	17812	5	5	41	41	15964	15964	7550	7550	477	477	614	614	7175	7175	12045	12045	58	58	24	24	4142	4142	4841	4841	44	44	107	107	85	85	242	242	7327	7327	5811	5811	13829	13829	5617	5617	1694	1694	1459	1459	29167	29167	9279	9279	104	104	166	166	69	69	46	46	27	27	27	27	503	503	501	501	122	122	128	128	18	18	361	361	1556	1556	6528	6528	696	696	919	919	31	31	93	93	61	61	15	15	148	148	414	414	111	111	53	53	649	649	852	852	794	794	1346	1346	13	13	28	28	300	300	1712	1712	1	1	32	32	31610	31610	10845	10845	43770	43770	24319	24319	2	2	1	1
IND00433	264	264	44	44	1067	1067	364	364	6	6	59	59	1573	1573	1795	1795	272	272	1965	1965	229	229	1410	1410	6853	6853	2317	2317	3378	3378	715	715	38	38	136	136	12	12	14	14	1231	1231	3319	3319	77	77	55	55	4093	4093	4613	4613	79	79	1955	1955	26	26	58	58	56	56	2038	2038	503	503	179	179	12282	12282	15200	15200	241	241	64	64	6378	6378	3931	3931	465	465	225	225	5659	5659	11760	11760	45	45	13	13	3322	3322	5097	5097	51	51	64	64	87	87	222	222	468	468	676	676	18470	18470	19748	19748	1636	1636	1456	1456	28423	28423	9404	9404	252	252	79	79	57	57	74	74	15	15	3	3	1344	1344	935	935	71	71	87	87	451	451	112	112	5820	5820	1079	1079	847	847	1062	1062	76	76	52	52	23	23	58	58	285	285	237	237	119	119	82	82	682	682	707	707	172	172	521	521	8	8	27	27	1613	1613	1067	1067	75	75	12	12	13044	13044	21747	21747	63493	63493	33190	33190	4	4	3	3
IND00434	403	403	493	493	602	602	1218	1218	53	53	1	1	303	303	2492	2492	1776	1776	1087	1087	3330	3330	3966	3966	5258	5258	3768	3768	2434	2434	2741	2741	204	204	181	181	7	7	12	12	501	501	2653	2653	40	40	97	97	3617	3617	3116	3116	1054	1054	731	731	13	13	31	31	582	582	727	727	133	133	163	163	14241	14241	12223	12223	14	14	213	213	664	664	10329	10329	542	542	349	349	11804	11804	4741	4741	20	20	41	41	2026	2026	4845	4845	37	37	46	46	46	46	229	229	364	364	5711	5711	27151	27151	26880	26880	79	79	1094	1094	22038	22038	30607	30607	97	97	32	32	3	3	57	57	22	22	56	56	381	381	941	941	58	58	23	23	382	382	981	981	7242	7242	5111	5111	735	735	1316	1316	38	38	44	44	20	20	49	49	456	456	481	481	248	248	218	218	102	102	797	797	778	778	1855	1855	13	13	5	5	757	757	1642	1642	96	96	57	57	25426	25426	6085	6085	41089	41089	31031	31031	2	2	4	4
IND00435	214	214	579	579	492	492	50	50	5	5	34	34	1101	1101	3591	3591	3265	3265	3034	3034	1196	1196	963	963	7627	7627	2147	2147	3896	3896	395	395	250	250	94	94	15	15	3	3	2773	2773	1904	1904	110	110	35	35	4197	4197	1659	1659	1114	1114	799	799	104	104	8	8	1391	1391	1411	1411	761	761	952	952	19042	19042	30462	30462	87	87	54	54	368	368	7661	7661	714	714	783	783	5593	5593	12292	12292	3	3	25	25	4826	4826	7311	7311	29	29	107	107	251	251	157	157	7277	7277	1788	1788	13916	13916	4896	4896	1537	1537	873	873	10853	10853	3630	3630	119	119	163	163	8	8	63	63	29	29	58	58	1607	1607	1922	1922	94	94	97	97	899	899	940	940	1741	1741	5392	5392	760	760	12	12	11	11	79	79	14	14	30	30	158	158	305	305	198	198	63	63	868	868	264	264	1183	1183	883	883	2	2	18	18	701	701	1138	1138	45	45	55	55	28827	28827	379	379	63502	63502	10909	10909	3	3	2	2
IND00436	769	769	796	796	1547	1547	382	382	17	17	39	39	2062	2062	3275	3275	3748	3748	1407	1407	748	748	1010	1010	3361	3361	2429	2429	2709	2709	372	372	181	181	212	212	8	8	10	10	3665	3665	2314	2314	2	2	58	58	6419	6419	6998	6998	882	882	530	530	11	11	17	17	78	78	1684	1684	76	76	208	208	21931	21931	30456	30456	237	237	250	250	14376	14376	15797	15797	748	748	483	483	4954	4954	14594	14594	40	40	1	1	3487	3487	1477	1477	10	10	65	65	28	28	121	121	3597	3597	5087	5087	2823	2823	8287	8287	1454	1454	49	49	6507	6507	7830	7830	154	154	192	192	52	52	75	75	11	11	35	35	1380	1380	1941	1941	38	38	38	38	705	705	585	585	7795	7795	739	739	316	316	1060	1060	117	117	43	43	42	42	21	21	310	310	339	339	105	105	55	55	853	853	350	350	1338	1338	277	277	29	29	2	2	517	517	810	810	117	117	91	91	32260	32260	29553	29553	8771	8771	7424	7424	1	1	3	3
IND00437	935	935	10	10	184	184	282	282	55	55	51	51	3626	3626	1657	1657	216	216	1458	1458	977	977	49	49	6254	6254	1326	1326	2151	2151	347	347	52	52	249	249	16	16	9	9	2774	2774	3454	3454	60	60	57	57	2880	2880	7030	7030	1396	1396	950	950	123	123	91	91	1762	1762	830	830	939	939	968	968	12468	12468	4185	4185	60	60	241	241	16158	16158	12827	12827	76	76	677	677	11694	11694	6673	6673	22	22	58	58	8188	8188	6831	6831	25	25	38	38	55	55	41	41	7073	7073	8056	8056	10048	10048	11945	11945	471	471	1209	1209	8992	8992	1555	1555	85	85	188	188	87	87	71	71	59	59	53	53	1779	1779	1239	1239	59	59	91	91	537	537	822	822	2509	2509	5636	5636	1994	1994	1107	1107	70	70	91	91	14	14	30	30	200	200	153	153	240	240	26	26	313	313	896	896	941	941	632	632	21	21	24	24	924	924	1024	1024	76	76	58	58	1005	1005	19227	19227	13911	13911	40653	40653	2	2	1	1
IND00438	376	376	868	868	1188	1188	211	211	35	35	11	11	1465	1465	4013	4013	1533	1533	1428	1428	1759	1759	3535	3535	2837	2837	6040	6040	1305	1305	2384	2384	136	136	45	45	13	13	12	12	4036	4036	379	379	44	44	42	42	7943	7943	4617	4617	1345	1345	1751	1751	16	16	102	102	1754	1754	1812	1812	720	720	966	966	11591	11591	762	762	224	224	95	95	6268	6268	9374	9374	509	509	375	375	15504	15504	12713	12713	14	14	52	52	1577	1577	4561	4561	57	57	33	33	187	187	64	64	6219	6219	1524	1524	4014	4014	17550	17550	866	866	726	726	15730	15730	7166	7166	166	166	46	46	126	126	83	83	7	7	56	56	1573	1573	1710	1710	68	68	69	69	267	267	754	754	2083	2083	6251	6251	335	335	1273	1273	38	38	56	56	48	48	12	12	382	382	3	3	73	73	58	58	345	345	841	841	1541	1541	1484	1484	2	2	30	30	293	293	150	150	79	79	34	34	14177	14177	16978	16978	21114	21114	14343	14343	4	4	1	1
IND00439	60	60	79	79	1201	1201	1444	1444	53	53	17	17	3735	3735	2221	2221	1076	1076	2257	2257	265	265	3141	3141	314	314	2116	2116	2469	2469	8	8	61	61	246	246	5	5	15	15	299	299	192	192	51	51	45	45	6043	6043	2970	2970	2009	2009	463	463	72	72	3	3	23	23	16	16	134	134	90	90	19186	19186	31880	31880	81	81	27	27	7006	7006	618	618	719	719	63	63	14255	14255	14339	14339	60	60	23	23	5712	5712	5982	5982	31	31	92	92	104	104	108	108	472	472	208	208	6676	6676	27847	27847	597	597	632	632	1172	1172	19127	19127	221	221	88	88	91	91	46	46	1	1	42	42	1829	1829	1395	1395	55	55	24	24	416	416	391	391	3079	3079	137	137	162	162	1063	1063	119	119	14	14	9	9	29	29	306	306	331	331	122	122	114	114	415	415	796	796	1599	1599	1932	1932	27	27	28	28	1748	1748	1907	1907	100	100	127	127	319	319	4083	4083	62553	62553	23034	23034	3	3	3	3
IND00440	397	397	364	364	1241	1241	936	936	13	13	32	32	1552	1552	2528	2528	2897	2897	309	309	2552	2552	200	200	6708	6708	2003	2003	3620	3620	2764	2764	139	139	192	192	13	13	16	16	1771	1771	434	434	18	18	55	55	6348	6348	440	440	688	688	417	417	83	83	86	86	1779	1779	973	973	673	673	678	678	22330	22330	11154	11154	197	197	10	10	7873	7873	9591	9591	660	660	517	517	2482	2482	4486	4486	33	33	63	63	3391	3391	2728	2728	89	89	84	84	51	51	151	151	2287	2287	6570	6570	22926	22926	16220	16220	1218	1218	749	749	5581	5581	18613	18613	173	173	204	204	5	5	96	96	13	13	13	13	1779	1779	1465	1465	10	10	101	101	187	187	367	367	4185	4185	5306	5306	1967	1967	1001	1001	18	18	52	52	59	59	59	59	40	40	451	451	256	256	223	223	615	615	762	762	53	53	1333	1333	13	13	27	27	784	784	210	210	53	53	41	41	7083	7083	16812	16812	56739	56739	46424	46424	3	3	4	4
IND00441	613	613	888	888	598	598	1901	1901	53	53	12	12	810	810	183	183	160	160	771	771	1210	1210	2742	2742	3409	3409	569	569	1148	1148	4009	4009	222	222	107	107	14	14	7	7	334	334	3380	3380	81	81	47	47	1305	1305	5619	5619	514	514	986	986	28	28	87	87	980	980	1906	1906	723	723	270	270	18959	18959	31466	31466	189	189	220	220	15342	15342	6780	6780	599	599	504	504	3227	3227	7455	7455	14	14	31	31	4656	4656	5624	5624	37	37	29	29	193	193	119	119	6892	6892	635	635	11880	11880	31341	31341	332	332	1018	1018	28033	28033	14383	14383	85	85	133	133	69	69	9	9	61	61	44	44	257	257	574	574	86	86	71	71	649	649	248	248	7002	7002	416	416	1897	1897	593	593	64	64	104	104	44	44	63	63	136	136	301	301	195	195	55	55	566	566	65	65	817	817	198	198	19	19	31	31	1191	1191	1961	1961	57	57	122	122	13688	13688	4974	4974	21667	21667	34700	34700	2	2	1	1
IND00442	713	713	1016	1016	1359	1359	856	856	18	18	56	56	1399	1399	3516	3516	2734	2734	10	10	2429	2429	159	159	2337	2337	2081	2081	726	726	3260	3260	191	191	166	166	1	1	11	11	2594	2594	1981	1981	73	73	67	67	2881	2881	7012	7012	1897	1897	964	964	104	104	19	19	905	905	942	942	867	867	666	666	9154	9154	4850	4850	57	57	56	56	13680	13680	10329	10329	862	862	369	369	2256	2256	5785	5785	34	34	62	62	5918	5918	4719	4719	82	82	7	7	149	149	219	219	4941	4941	2037	2037	794	794	4080	4080	891	891	914	914	9841	9841	8521	8521	91	91	35	35	54	54	13	13	43	43	54	54	1476	1476	1898	1898	83	83	63	63	753	753	619	619	1795	1795	2252	2252	547	547	1835	1835	3	3	123	123	50	50	49	49	62	62	456	456	142	142	16	16	445	445	853	853	596	596	1683	1683	12	12	20	20	1809	1809	1838	1838	55	55	71	71	2191	2191	26027	26027	10943	10943	18492	18492	4	4	3	3
IND00443	714	714	322	322	2017	2017	13	13	51	51	63	63	2809	2809	2869	2869	3398	3398	1342	1342	3496	3496	649	649	1406	1406	6021	6021	3338	3338	3969	3969	66	66	55	55	12	12	13	13	3216	3216	1902	1902	122	122	35	35	3594	3594	6046	6046	1385	1385	577	577	99	99	28	28	233	233	727	727	957	957	672	672	8756	8756	15759	15759	53	53	216	216	16378	16378	15078	15078	739	739	707	707	12400	12400	13241	13241	18	18	49	49	753	753	1631	1631	23	23	107	107	56	56	88	88	2944	2944	563	563	32010	32010	7189	7189	1286	1286	1160	1160	14200	14200	191	191	98	98	94	94	35	35	69	69	44	44	60	60	1892	1892	1306	1306	63	63	118	118	853	853	788	788	5144	5144	1111	1111	511	511	478	478	122	122	10	10	64	64	11	11	456	456	413	413	113	113	228	228	9	9	247	247	455	455	1196	1196	10	10	8	8	1250	1250	1137	1137	119	119	5	5	7153	7153	29600	29600	58492	58492	6322	6322	2	2	4	4
IND00444	818	818	806	806	384	384	1905	1905	15	15	8	8	2790	2790	405	405	786	786	3057	3057	35	35	3014	3014	3159	3159	2748	2748	2808	2808	4007	4007	217	217	66	66	5	5	8	8	3033	3033	3878	3878	14	14	52	52	1726	1726	5115	5115	1807	1807	1439	1439	127	127	83	83	1698	1698	71	71	763	763	311	311	24597	24597	9114	9114	198	198	7	7	2932	2932	9668	9668	732	732	639	639	5034	5034	6483	6483	2	2	4	4	6330	6330	2207	2207	83	83	31	31	211	211	92	92	7599	7599	6484	6484	22281	22281	23350	23350	168	168	540	540	29175	29175	13733	13733	98	98	229	229	50	50	70	70	38	38	57	57	508	508	947	947	44	44	61	61	201	201	512	512	1042	1042	1352	1352	1890	1890	489	489	105	105	119	119	26	26	61	61	65	65	353	353	214	214	215	215	158	158	11	11	82	82	1871	1871	7	7	6	6	144	144	2043	2043	54	54	3	3	27637	27637	20221	20221	6500	6500	50286	50286	1	1	4	4
IND00445	562	562	180	180	1464	1464	445	445	22	22	24	24	3715	3715	3786	3786	1647	1647	3427	3427	3013	3013	1449	1449	1228	1228	4689	4689	1623	1623	1939	1939	222	222	7	7	9	9	13	13	2905	2905	3046	3046	42	42	93	93	8146	8146	2212	2212	301	301	626	626	37	37	96	96	784	784	276	276	412	412	580	580	22507	22507	7550	7550	40	40	191	191	7974	7974	3092	3092	739	739	591	591	16240	16240	15432	15432	24	24	18	18	628	628	676	676	46	46	8	8	7	7	209	209	7159	7159	6760	6760	28649	28649	7506	7506	1234	1234	1050	1050	30783	30783	21554	21554	138	138	71	71	43	43	120	120	4	4	9	9	842	842	528	528	63	63	71	71	640	640	712	712	2730	2730	5819	5819	1597	1597	1705	1705	121	121	9	9	45	45	12	12	9	9	21	21	248	248	195	195	930	930	762	762	1340	1340	1764	1764	22	22	3	3	916	916	1773	1773	41	41	9	9	9079	9079	6243	6243	61092	61092	1852	1852	4	4	3	3
IND00446	576	576	467	467	1631	1631	245	245	62	62	59	59	1973	1973	1572	1572	610	610	807	807	2348	2348	3917	3917	3506	3506	7622	7622	1223	1223	3951	3951	252	252	176	176	2	2	6	6	3197	3197	1119	1119	4	4	118	118	6402	6402	2595	2595	948	948	520	520	53	53	68	68	745	745	960	960	913	913	69	69	26455	26455	14575	14575	255	255	78	78	14773	14773	8320	8320	657	657	345	345	8534	8534	7218	7218	31	31	24	24	927	927	1277	1277	18	18	20	20	121	121	17	17	5020	5020	4542	4542	7001	7001	18401	18401	349	349	1572	1572	27096	27096	31649	31649	115	115	42	42	4	4	92	92	51	51	63	63	422	422	805	805	17	17	83	83	641	641	284	284	3405	3405	206	206	1824	1824	1967	1967	27	27	84	84	64	64	29	29	252	252	423	423	80	80	194	194	22	22	886	886	853	853	1527	1527	1	1	20	20	1690	1690	906	906	79	79	75	75	5984	5984	10802	10802	28426	28426	54657	54657	4	4	3	3
IND00447	196	196	496	496	1256	1256	555	555	18	18	14	14	33	33	4051	4051	943	943	1124	1124	3514	3514	1122	1122	491	491	3208	3208	1748	1748	3510	3510	32	32	217	217	2	2	3	3	3096	3096	2363	2363	77	77	23	23	6943	6943	4043	4043	226	226	890	890	11	11	67	67	90	90	1724	1724	528	528	403	403	72	72	25034	25034	194	194	192	192	9316	9316	16293	16293	792	792	455	455	16127	16127	10127	10127	5	5	21	21	5786	5786	2879	2879	52	52	16	16	114	114	52	52	7639	7639	5338	5338	10696	10696	27537	27537	609	609	29	29	18282	18282	27754	27754	139	139	151	151	26	26	54	54	31	31	7	7	115	115	1446	1446	69	69	99	99	504	504	753	753	1827	1827	3093	3093	102	102	1030	1030	111	111	42	42	2	2	63	63	239	239	469	469	27	27	186	186	709	709	439	439	982	982	1438	1438	19	19	11	11	1782	1782	88	88	109	109	4	4	12864	12864	19911	19911	63279	63279	17607	17607	3	3	3	3
IND00448	15	15	730	730	236	236	1995	1995	8	8	35	35	2221	2221	2756	2756	3888	3888	3932	3932	1574	1574	65	65	1314	1314	6225	6225	114	114	920	920	17	17	157	157	6	6	16	16	1600	1600	2660	2660	83	83	47	47	1950	1950	2681	2681	92	92	455	455	29	29	46	46	1265	1265	1246	1246	402	402	1024	1024	18259	18259	19177	19177	57	57	167	167	12760	12760	2867	2867	390	390	19	19	8170	8170	4624	4624	55	55	16	16	3169	3169	2243	2243	48	48	88	88	216	216	12	12	3154	3154	1783	1783	2821	2821	27566	27566	1682	1682	1725	1725	18580	18580	12895	12895	205	205	218	218	88	88	15	15	34	34	27	27	1421	1421	1996	1996	35	35	15	15	398	398	570	570	3912	3912	4525	4525	33	33	1385	1385	105	105	28	28	42	42	57	57	246	246	393	393	217	217	15	15	808	808	13	13	294	294	808	808	30	30	30	30	537	537	1656	1656	20	20	99	99	10535	10535	18697	18697	61967	61967	26321	26321	4	4	1	1
IND00449	543	543	158	158	1735	1735	379	379	37	37	59	59	1264	1264	956	956	3293	3293	214	214	3251	3251	490	490	516	516	3432	3432	1614	1614	2846	2846	180	180	231	231	7	7	15	15	2382	2382	887	887	65	65	84	84	3773	3773	3121	3121	1273	1273	1804	1804	16	16	46	46	517	517	1125	1125	960	960	231	231	1157	1157	8370	8370	33	33	209	209	3074	3074	3625	3625	421	421	26	26	7680	7680	4082	4082	24	24	26	26	6193	6193	70	70	115	115	6	6	61	61	230	230	7044	7044	4424	4424	14552	14552	1081	1081	1968	1968	940	940	6450	6450	11374	11374	121	121	179	179	28	28	81	81	60	60	19	19	899	899	254	254	77	77	27	27	756	756	232	232	6487	6487	2084	2084	1901	1901	1120	1120	13	13	128	128	40	40	12	12	91	91	199	199	249	249	17	17	135	135	259	259	1875	1875	892	892	5	5	14	14	930	930	4	4	29	29	110	110	17762	17762	28541	28541	64741	64741	46968	46968	4	4	1	1
IND00450	490	490	599	599	1110	1110	824	824	8	8	35	35	1692	1692	3548	3548	634	634	2914	2914	2842	2842	3969	3969	4238	4238	5947	5947	3973	3973	1730	1730	159	159	43	43	4	4	4	4	1353	1353	3061	3061	27	27	16	16	2864	2864	3748	3748	592	592	1237	1237	119	119	127	127	2044	2044	131	131	840	840	293	293	27224	27224	23401	23401	112	112	21	21	12805	12805	11172	11172	895	895	956	956	10819	10819	13129	13129	20	20	32	32	5758	5758	1408	1408	23	23	51	51	189	189	172	172	5485	5485	6123	6123	870	870	7871	7871	1109	1109	1243	1243	7765	7765	20874	20874	174	174	73	73	57	57	55	55	47	47	52	52	1621	1621	1725	1725	87	87	35	35	847	847	546	546	6026	6026	4901	4901	23	23	1496	1496	110	110	101	101	41	41	22	22	5	5	283	283	89	89	226	226	238	238	865	865	126	126	691	691	10	10	12	12	364	364	27	27	63	63	58	58	22746	22746	1972	1972	38091	38091	63200	63200	2	2	1	1
IND00451	292	292	672	672	626	626	1493	1493	2	2	35	35	2035	2035	3055	3055	3291	3291	1108	1108	1326	1326	2439	2439	3167	3167	104	104	211	211	3232	3232	191	191	167	167	5	5	2	2	3078	3078	190	190	88	88	46	46	4219	4219	6674	6674	712	712	1833	1833	119	119	89	89	1446	1446	1527	1527	65	65	737	737	11875	11875	10925	10925	133	133	85	85	3650	3650	5066	5066	683	683	26	26	12470	12470	9795	9795	28	28	37	37	5365	5365	4869	4869	6	6	64	64	222	222	66	66	1635	1635	4187	4187	31272	31272	1931	1931	543	543	184	184	13500	13500	6997	6997	249	249	193	193	73	73	99	99	29	29	26	26	446	446	731	731	47	47	42	42	960	960	1013	1013	7505	7505	7404	7404	1329	1329	1231	1231	101	101	50	50	34	34	3	3	178	178	467	467	211	211	183	183	70	70	220	220	855	855	1656	1656	27	27	6	6	1914	1914	2027	2027	30	30	59	59	27910	27910	32494	32494	9302	9302	61915	61915	2	2	2	2
IND00452	935	935	349	349	2040	2040	1616	1616	33	33	25	25	605	605	793	793	26	26	975	975	3671	3671	1038	1038	2638	2638	8038	8038	2939	2939	3216	3216	41	41	24	24	7	7	2	2	1243	1243	322	322	55	55	53	53	8151	8151	7371	7371	883	883	1007	1007	45	45	110	110	661	661	1664	1664	518	518	588	588	25675	25675	2210	2210	197	197	115	115	5635	5635	14515	14515	187	187	682	682	3753	3753	5406	5406	36	36	57	57	6241	6241	5742	5742	41	41	15	15	239	239	205	205	6415	6415	8104	8104	17380	17380	11736	11736	1682	1682	1455	1455	8900	8900	430	430	9	9	73	73	104	104	45	45	33	33	40	40	689	689	1858	1858	84	84	66	66	337	337	759	759	5475	5475	4159	4159	1144	1144	318	318	8	8	48	48	29	29	52	52	425	425	512	512	186	186	95	95	241	241	347	347	847	847	1896	1896	13	13	4	4	1505	1505	1659	1659	91	91	43	43	10891	10891	18181	18181	35496	35496	53573	53573	4	4	4	4
IND00453	960	960	943	943	470	470	1124	1124	53	53	20	20	2288	2288	1345	1345	4062	4062	1390	1390	2575	2575	1735	1735	6918	6918	6991	6991	1155	1155	311	311	255	255	244	244	2	2	14	14	2211	2211	208	208	96	96	26	26	2899	2899	3967	3967	1866	1866	525	525	111	111	85	85	585	585	849	849	112	112	132	132	22047	22047	22782	22782	38	38	240	240	11179	11179	8530	8530	198	198	38	38	144	144	9145	9145	43	43	47	47	7763	7763	2794	2794	88	88	95	95	65	65	91	91	6665	6665	2359	2359	8807	8807	22207	22207	1804	1804	1972	1972	21802	21802	30224	30224	82	82	166	166	85	85	85	85	31	31	40	40	449	449	2007	2007	117	117	43	43	383	383	374	374	1854	1854	3672	3672	1710	1710	1702	1702	6	6	12	12	14	14	10	10	361	361	43	43	174	174	162	162	501	501	40	40	1186	1186	223	223	11	11	3	3	774	774	420	420	50	50	77	77	25428	25428	23078	23078	219	219	26101	26101	2	2	3	3
IND00454	936	936	223	223	595	595	104	104	33	33	37	37	1933	1933	1151	1151	1015	1015	2189	2189	3083	3083	3123	3123	4520	4520	948	948	3890	3890	3692	3692	218	218	23	23	4	4	8	8	3875	3875	844	844	45	45	53	53	6777	6777	4211	4211	447	447	739	739	74	74	85	85	327	327	957	957	310	310	379	379	22664	22664	31422	31422	2	2	126	126	15866	15866	15149	15149	323	323	447	447	4123	4123	13259	13259	38	38	63	63	1140	1140	5309	5309	87	87	106	106	146	146	90	90	1600	1600	2395	2395	15486	15486	4433	4433	1905	1905	479	479	21185	21185	9324	9324	16	16	90	90	119	119	59	59	16	16	10	10	884	884	1852	1852	59	59	85	85	971	971	160	160	1853	1853	6827	6827	95	95	1641	1641	36	36	30	30	2	2	18	18	155	155	319	319	93	93	67	67	264	264	801	801	1253	1253	558	558	23	23	15	15	1393	1393	1046	1046	67	67	59	59	12295	12295	24788	24788	45586	45586	52156	52156	4	4	2	2
IND00455	928	928	622	622	1910	1910	1105	1105	51	51	6	6	1692	1692	3343	3343	3306	3306	920	920	2408	2408	3985	3985	3666	3666	3949	3949	3049	3049	2788	2788	5	5	56	56	13	13	6	6	372	372	1013	1013	5	5	15	15	5690	5690	7232	7232	1138	1138	1854	1854	33	33	112	112	52	52	1198	1198	796	796	241	241	9290	9290	13045	13045	174	174	228	228	11205	11205	11480	11480	800	800	267	267	9126	9126	13182	13182	25	25	45	45	7108	7108	7854	7854	117	117	20	20	126	126	200	200	5226	5226	514	514	16788	16788	15868	15868	1133	1133	2034	2034	12343	12343	24405	24405	123	123	140	140	62	62	46	46	30	30	47	47	1754	1754	1003	1003	110	110	4	4	194	194	693	693	5122	5122	7191	7191	943	943	1770	1770	27	27	4	4	59	59	3	3	261	261	247	247	60	60	250	250	217	217	752	752	631	631	1896	1896	18	18	16	16	43	43	1627	1627	9	9	84	84	15449	15449	2265	2265	50925	50925	43051	43051	4	4	2	2
IND00456	221	221	795	795	219	219	1525	1525	3	3	15	15	930	930	970	970	261	261	3911	3911	853	853	3274	3274	3403	3403	1911	1911	1936	1936	2378	2378	176	176	102	102	16	16	4	4	3082	3082	297	297	110	110	63	63	6925	6925	2822	2822	177	177	349	349	63	63	43	43	1978	1978	673	673	739	739	322	322	32371	32371	27112	27112	196	196	98	98	15054	15054	427	427	599	599	550	550	506	506	13713	13713	26	26	45	45	3260	3260	798	798	83	83	10	10	130	130	56	56	6836	6836	802	802	763	763	8062	8062	1236	1236	375	375	32549	32549	4871	4871	228	228	32	32	46	46	46	46	38	38	52	52	255	255	830	830	12	12	37	37	976	976	849	849	390	390	2584	2584	567	567	845	845	57	57	95	95	60	60	39	39	20	20	360	360	193	193	129	129	30	30	216	216	2024	2024	246	246	12	12	27	27	246	246	1256	1256	90	90	92	92	5714	5714	20169	20169	50680	50680	51196	51196	1	1	3	3
IND00457	22	22	610	610	1603	1603	23	23	38	38	13	13	423	423	3213	3213	3619	3619	3984	3984	2871	2871	3506	3506	1560	1560	5795	5795	2936	2936	2398	2398	246	246	59	59	11	11	13	13	2007	2007	1065	1065	66	66	15	15	3673	3673	2906	2906	1522	1522	918	918	32	32	24	24	706	706	208	208	59	59	203	203	1471	1471	2277	2277	56	56	173	173	7144	7144	14877	14877	528	528	987	987	9196	9196	3292	3292	41	41	29	29	4755	4755	1919	1919	78	78	119	119	118	118	13	13	5893	5893	7570	7570	10830	10830	505	505	127	127	1662	1662	17732	17732	32624	32624	68	68	209	209	73	73	96	96	40	40	57	57	1620	1620	943	943	50	50	22	22	347	347	751	751	6474	6474	1720	1720	828	828	32	32	49	49	60	60	9	9	48	48	122	122	365	365	76	76	245	245	851	851	592	592	468	468	1850	1850	21	21	30	30	249	249	26	26	89	89	9	9	28938	28938	23236	23236	55419	55419	12006	12006	3	3	1	1
IND00458	673	673	348	348	1502	1502	1668	1668	58	58	16	16	797	797	139	139	3814	3814	1355	1355	3851	3851	864	864	2053	2053	8166	8166	2347	2347	3409	3409	147	147	111	111	10	10	10	10	3848	3848	201	201	31	31	3	3	4944	4944	1058	1058	2035	2035	2004	2004	121	121	40	40	449	449	1135	1135	703	703	942	942	1841	1841	5203	5203	10	10	56	56	2043	2043	7262	7262	78	78	270	270	5253	5253	11771	11771	9	9	16	16	7944	7944	7566	7566	68	68	33	33	107	107	58	58	845	845	1352	1352	15921	15921	30635	30635	700	700	350	350	22377	22377	32520	32520	81	81	216	216	107	107	68	68	60	60	28	28	705	705	1346	1346	114	114	122	122	1000	1000	978	978	1653	1653	7768	7768	1068	1068	1152	1152	96	96	80	80	37	37	49	49	90	90	331	331	181	181	151	151	190	190	9	9	380	380	267	267	28	28	13	13	492	492	629	629	94	94	113	113	12980	12980	2801	2801	53945	53945	7917	7917	1	1	2	2
IND00459	228	228	880	880	1205	1205	1899	1899	41	41	39	39	779	779	3012	3012	1756	1756	1259	1259	3304	3304	2315	2315	4412	4412	1603	1603	1775	1775	431	431	36	36	10	10	3	3	14	14	3519	3519	1182	1182	57	57	65	65	8130	8130	85	85	1636	1636	91	91	38	38	2	2	1157	1157	335	335	221	221	572	572	29605	29605	9202	9202	40	40	250	250	10674	10674	12991	12991	247	247	760	760	9147	9147	14520	14520	8	8	6	6	7608	7608	6091	6091	21	21	12	12	179	179	231	231	3168	3168	1882	1882	11267	11267	16105	16105	1815	1815	82	82	19119	19119	7792	7792	203	203	129	129	52	52	92	92	55	55	48	48	1073	1073	1439	1439	77	77	40	40	923	923	529	529	7097	7097	261	261	597	597	1037	1037	101	101	45	45	27	27	21	21	451	451	271	271	106	106	130	130	178	178	945	945	812	812	852	852	14	14	24	24	1357	1357	43	43	128	128	42	42	10224	10224	18177	18177	60383	60383	9757	9757	3	3	3	3
IND00460	879	879	657	657	1163	1163	900	900	57	57	22	22	747	747	453	453	1454	1454	3711	3711	1733	1733	4055	4055	3776	3776	5392	5392	1042	1042	1888	1888	13	13	192	192	9	9	6	6	3376	3376	553	553	116	116	16	16	2620	2620	5148	5148	340	340	1052	1052	4	4	40	40	429	429	398	398	882	882	52	52	1054	1054	31235	31235	248	248	7	7	7864	7864	4480	4480	218	218	155	155	9558	9558	4464	4464	36	36	27	27	6432	6432	4146	4146	83	83	53	53	118	118	107	107	2926	2926	3639	3639	3837	3837	13766	13766	363	363	836	836	24822	24822	2239	2239	55	55	191	191	89	89	3	3	11	11	6	6	1523	1523	850	850	18	18	14	14	163	163	78	78	6989	6989	2678	2678	936	936	211	211	96	96	85	85	35	35	1	1	127	127	199	199	204	204	116	116	365	365	732	732	1712	1712	828	828	14	14	29	29	956	956	1172	1172	110	110	68	68	7752	7752	29845	29845	33278	33278	14477	14477	3	3	1	1
IND00461	439	439	27	27	784	784	1533	1533	39	39	1	1	2077	2077	3333	3333	1973	1973	2648	2648	1269	1269	3271	3271	3930	3930	4300	4300	3270	3270	311	311	111	111	45	45	11	11	11	11	3076	3076	2942	2942	100	100	79	79	1152	1152	312	312	518	518	205	205	31	31	124	124	118	118	317	317	154	154	802	802	14416	14416	13802	13802	6	6	224	224	10484	10484	16179	16179	248	248	256	256	607	607	9946	9946	5	5	20	20	7048	7048	5816	5816	127	127	103	103	167	167	14	14	5094	5094	17	17	521	521	24319	24319	2046	2046	1965	1965	6074	6074	4572	4572	247	247	187	187	75	75	75	75	33	33	4	4	1251	1251	1117	1117	81	81	125	125	421	421	394	394	6267	6267	3611	3611	413	413	1775	1775	60	60	97	97	53	53	17	17	173	173	493	493	166	166	178	178	367	367	469	469	1763	1763	1133	1133	11	11	25	25	1356	1356	653	653	90	90	104	104	21943	21943	25543	25543	36600	36600	41283	41283	1	1	3	3
IND00462	899	899	880	880	565	565	2036	2036	40	40	10	10	3270	3270	6	6	3127	3127	2740	2740	2309	2309	3214	3214	1565	1565	3842	3842	4010	4010	1596	1596	147	147	205	205	11	11	4	4	576	576	1254	1254	19	19	6	6	6372	6372	674	674	942	942	1277	1277	68	68	24	24	135	135	1422	1422	805	805	296	296	9485	9485	14111	14111	130	130	27	27	15066	15066	12989	12989	77	77	283	283	13718	13718	11910	11910	49	49	3	3	5043	5043	2806	2806	25	25	56	56	185	185	14	14	270	270	4155	4155	5649	5649	20833	20833	1832	1832	1859	1859	24731	24731	10318	10318	197	197	93	93	32	32	11	11	22	22	2	2	1451	1451	1059	1059	111	111	122	122	51	51	803	803	2667	2667	4055	4055	1941	1941	1197	1197	54	54	41	41	2	2	43	43	14	14	296	296	72	72	246	246	342	342	14	14	822	822	1509	1509	4	4	13	13	212	212	1621	1621	44	44	98	98	27097	27097	20794	20794	41183	41183	2829	2829	2	2	4	4
IND00463	801	801	656	656	1901	1901	1384	1384	6	6	21	21	3794	3794	2126	2126	333	333	119	119	2287	2287	29	29	142	142	8003	8003	2345	2345	3194	3194	172	172	84	84	1	1	4	4	123	123	3275	3275	121	121	64	64	3020	3020	6134	6134	812	812	1674	1674	18	18	116	116	66	66	727	727	277	277	668	668	29806	29806	8037	8037	51	51	28	28	10221	10221	5702	5702	327	327	483	483	10865	10865	11018	11018	19	19	56	56	3775	3775	5248	5248	100	100	23	23	153	153	78	78	570	570	65	65	8354	8354	4447	4447	966	966	870	870	14063	14063	10851	10851	104	104	228	228	109	109	72	72	62	62	4	4	1681	1681	475	475	31	31	92	92	458	458	578	578	2934	2934	4966	4966	1100	1100	131	131	57	57	71	71	46	46	59	59	13	13	372	372	247	247	33	33	893	893	167	167	1996	1996	601	601	14	14	28	28	1222	1222	1452	1452	127	127	84	84	18312	18312	21878	21878	34989	34989	11258	11258	4	4	3	3
IND00464	28	28	973	973	129	129	421	421	50	50	42	42	1025	1025	3836	3836	2536	2536	533	533	2707	2707	2796	2796	6120	6120	7289	7289	1508	1508	91	91	117	117	97	97	9	9	5	5	269	269	1733	1733	13	13	78	78	2668	2668	28	28	514	514	14	14	123	123	16	16	1646	1646	1615	1615	888	888	152	152	16524	16524	20439	20439	249	249	150	150	5697	5697	3294	3294	803	803	283	283	5196	5196	12919	12919	46	46	38	38	2279	2279	3499	3499	86	86	10	10	39	39	45	45	5417	5417	559	559	24208	24208	24294	24294	746	746	1345	1345	31630	31630	9106	9106	89	89	183	183	13	13	77	77	20	20	37	37	1101	1101	723	723	121	121	6	6	155	155	135	135	2910	2910	166	166	1526	1526	236	236	25	25	76	76	26	26	56	56	423	423	278	278	200	200	93	93	161	161	968	968	1817	1817	481	481	29	29	16	16	828	828	1955	1955	91	91	118	118	7836	7836	21614	21614	33543	33543	45701	45701	4	4	3	3
IND00465	12	12	86	86	627	627	523	523	29	29	8	8	454	454	4089	4089	1459	1459	878	878	2352	2352	1434	1434	5993	5993	7773	7773	2452	2452	270	270	107	107	12	12	15	15	5	5	2816	2816	804	804	81	81	82	82	6630	6630	4022	4022	82	82	1553	1553	63	63	33	33	1282	1282	1874	1874	506	506	219	219	3739	3739	31755	31755	23	23	170	170	14270	14270	13891	13891	541	541	71	71	5388	5388	13612	13612	42	42	21	21	75	75	5958	5958	30	30	91	91	232	232	191	191	7429	7429	7893	7893	24348	24348	24199	24199	1219	1219	1700	1700	20689	20689	13838	13838	142	142	201	201	25	25	73	73	24	24	25	25	122	122	1081	1081	53	53	6	6	885	885	546	546	2978	2978	6600	6600	78	78	649	649	31	31	78	78	44	44	47	47	93	93	473	473	184	184	141	141	225	225	352	352	1605	1605	60	60	24	24	21	21	1167	1167	1601	1601	72	72	64	64	27874	27874	5366	5366	16720	16720	15485	15485	3	3	4	4
IND00466	555	555	559	559	937	937	1511	1511	37	37	35	35	3293	3293	1020	1020	927	927	3566	3566	314	314	3807	3807	7822	7822	4806	4806	2230	2230	1136	1136	109	109	71	71	1	1	8	8	2574	2574	1315	1315	120	120	15	15	5831	5831	5219	5219	1967	1967	1355	1355	65	65	73	73	1778	1778	515	515	929	929	915	915	14341	14341	30872	30872	59	59	17	17	6655	6655	9122	9122	660	660	200	200	15308	15308	5049	5049	14	14	29	29	1368	1368	4468	4468	86	86	12	12	247	247	116	116	7371	7371	1295	1295	3786	3786	24178	24178	3	3	1968	1968	31644	31644	28246	28246	176	176	218	218	74	74	94	94	64	64	31	31	1340	1340	123	123	29	29	18	18	397	397	158	158	702	702	5754	5754	838	838	669	669	73	73	34	34	46	46	35	35	122	122	374	374	166	166	25	25	525	525	341	341	730	730	1828	1828	20	20	18	18	779	779	143	143	22	22	55	55	6293	6293	14030	14030	15471	15471	29696	29696	4	4	3	3
IND00467	89	89	344	344	631	631	2044	2044	47	47	28	28	1	1	479	479	3290	3290	1435	1435	3425	3425	2847	2847	3862	3862	74	74	2445	2445	2029	2029	131	131	41	41	14	14	1	1	1633	1633	1217	1217	117	117	64	64	5554	5554	1057	1057	1987	1987	245	245	58	58	45	45	1776	1776	822	822	444	444	373	373	17746	17746	25830	25830	76	76	28	28	8038	8038	5285	5285	17	17	336	336	10753	10753	6694	6694	1	1	47	47	5651	5651	1507	1507	10	10	114	114	251	251	69	69	6428	6428	1965	1965	1051	1051	27327	27327	281	281	669	669	15993	15993	7065	7065	44	44	233	233	56	56	26	26	7	7	38	38	1636	1636	1016	1016	64	64	73	73	99	99	115	115	8040	8040	7450	7450	1933	1933	32	32	53	53	128	128	58	58	58	58	364	364	325	325	162	162	66	66	108	108	765	765	209	209	1709	1709	23	23	17	17	997	997	39	39	27	27	10	10	28757	28757	19498	19498	53090	53090	805	805	3	3	2	2
IND00468	696	696	405	405	1660	1660	634	634	6	6	53	53	1257	1257	1411	1411	847	847	2009	2009	2714	2714	1788	1788	1854	1854	452	452	3287	3287	3700	3700	192	192	194	194	8	8	10	10	3117	3117	1696	1696	77	77	49	49	6463	6463	2005	2005	857	857	1172	1172	72	72	120	120	1932	1932	1978	1978	814	814	497	497	13583	13583	9495	9495	234	234	100	100	410	410	10075	10075	759	759	370	370	12530	12530	3424	3424	26	26	9	9	4488	4488	3011	3011	121	121	87	87	247	247	56	56	1272	1272	5883	5883	9712	9712	8586	8586	116	116	1457	1457	19168	19168	3193	3193	106	106	186	186	62	62	108	108	23	23	2	2	895	895	1153	1153	91	91	42	42	454	454	616	616	3389	3389	6889	6889	984	984	167	167	115	115	5	5	24	24	50	50	285	285	188	188	229	229	86	86	854	854	180	180	1780	1780	1253	1253	18	18	22	22	858	858	145	145	64	64	23	23	17766	17766	5633	5633	9117	9117	2402	2402	3	3	4	4
IND00469	179	179	336	336	1738	1738	1594	1594	48	48	22	22	2535	2535	1758	1758	67	67	3287	3287	1822	1822	2698	2698	6846	6846	4851	4851	1187	1187	3878	3878	138	138	32	32	11	11	15	15	3974	3974	1952	1952	39	39	107	107	7416	7416	7850	7850	1028	1028	1331	1331	74	74	53	53	1800	1800	1777	1777	282	282	709	709	6743	6743	12560	12560	48	48	179	179	13511	13511	13616	13616	170	170	1004	1004	1168	1168	12269	12269	58	58	10	10	26	26	3017	3017	62	62	29	29	23	23	12	12	1952	1952	4201	4201	25194	25194	17408	17408	696	696	1071	1071	3358	3358	12768	12768	200	200	193	193	8	8	13	13	9	9	18	18	1967	1967	272	272	8	8	108	108	269	269	743	743	5022	5022	3559	3559	1583	1583	1088	1088	25	25	3	3	13	13	51	51	388	388	59	59	162	162	153	153	668	668	64	64	1106	1106	488	488	28	28	11	11	1088	1088	604	604	63	63	6	6	9213	9213	12805	12805	58759	58759	17294	17294	3	3	3	3
IND00470	968	968	857	857	1353	1353	1124	1124	56	56	19	19	3290	3290	1970	1970	1987	1987	1376	1376	3317	3317	2055	2055	2609	2609	714	714	3563	3563	3638	3638	141	141	46	46	7	7	3	3	3720	3720	2443	2443	11	11	27	27	1492	1492	3879	3879	255	255	1536	1536	18	18	67	67	1941	1941	744	744	284	284	138	138	7984	7984	18783	18783	68	68	104	104	1067	1067	5818	5818	371	371	578	578	1840	1840	15858	15858	18	18	11	11	4846	4846	4050	4050	30	30	68	68	254	254	111	111	3332	3332	7690	7690	8421	8421	30472	30472	603	603	1319	1319	31186	31186	17005	17005	130	130	229	229	17	17	39	39	12	12	23	23	1116	1116	1462	1462	64	64	111	111	54	54	292	292	5292	5292	7307	7307	1049	1049	1383	1383	44	44	106	106	62	62	50	50	402	402	199	199	217	217	48	48	947	947	27	27	1017	1017	947	947	14	14	17	17	185	185	1530	1530	64	64	21	21	16840	16840	3994	3994	16526	16526	484	484	3	3	1	1
IND00471	311	311	326	326	1341	1341	820	820	59	59	55	55	1787	1787	831	831	1398	1398	70	70	2069	2069	3441	3441	7683	7683	594	594	481	481	292	292	58	58	94	94	8	8	12	12	441	441	1501	1501	57	57	1	1	2562	2562	7793	7793	328	328	2011	2011	114	114	56	56	1095	1095	828	828	328	328	558	558	8045	8045	13779	13779	148	148	75	75	80	80	9985	9985	666	666	521	521	13553	13553	7374	7374	39	39	37	37	559	559	7867	7867	50	50	56	56	31	31	34	34	3649	3649	4584	4584	15352	15352	28219	28219	1578	1578	1596	1596	3184	3184	22869	22869	61	61	166	166	45	45	33	33	6	6	29	29	1893	1893	1595	1595	72	72	5	5	29	29	769	769	3261	3261	3728	3728	1638	1638	571	571	95	95	15	15	30	30	5	5	497	497	443	443	31	31	256	256	285	285	862	862	1784	1784	247	247	6	6	16	16	408	408	762	762	67	67	95	95	2713	2713	18947	18947	28963	28963	35184	35184	2	2	3	3
IND00472	232	232	938	938	1878	1878	1358	1358	32	32	63	63	3889	3889	1225	1225	2245	2245	653	653	158	158	2233	2233	4069	4069	906	906	4013	4013	1297	1297	138	138	243	243	3	3	13	13	734	734	1623	1623	46	46	46	46	5461	5461	5260	5260	11	11	1641	1641	47	47	59	59	116	116	1203	1203	960	960	623	623	21419	21419	26632	26632	132	132	218	218	15552	15552	8939	8939	973	973	123	123	11815	11815	11537	11537	20	20	28	28	6901	6901	7655	7655	88	88	2	2	212	212	23	23	1129	1129	6539	6539	4999	4999	11840	11840	1985	1985	743	743	26920	26920	11087	11087	158	158	246	246	33	33	89	89	64	64	12	12	1702	1702	1938	1938	38	38	119	119	172	172	657	657	6092	6092	4671	4671	1390	1390	1309	1309	94	94	51	51	52	52	50	50	66	66	262	262	211	211	196	196	853	853	106	106	6	6	63	63	4	4	32	32	427	427	1298	1298	40	40	9	9	24729	24729	12330	12330	28552	28552	21229	21229	2	2	1	1
IND00473	236	236	182	182	1323	1323	1396	1396	37	37	44	44	3318	3318	2728	2728	1288	1288	2328	2328	1154	1154	414	414	6102	6102	738	738	1303	1303	598	598	114	114	249	249	11	11	12	12	3402	3402	3658	3658	41	41	91	91	5601	5601	5929	5929	1540	1540	558	558	23	23	81	81	1745	1745	447	447	117	117	229	229	11664	11664	14629	14629	24	24	27	27	9565	9565	10905	10905	428	428	360	360	12810	12810	10513	10513	11	11	12	12	2318	2318	4592	4592	100	100	54	54	205	205	126	126	2945	2945	1365	1365	4064	4064	31132	31132	977	977	1409	1409	28265	28265	1939	1939	44	44	114	114	123	123	117	117	59	59	59	59	1307	1307	1126	1126	121	121	52	52	171	171	301	301	4848	4848	3814	3814	253	253	1235	1235	30	30	17	17	39	39	39	39	139	139	29	29	12	12	68	68	234	234	42	42	1286	1286	184	184	16	16	14	14	427	427	1010	1010	23	23	61	61	23188	23188	12802	12802	17756	17756	52467	52467	2	2	4	4
IND00474	212	212	519	519	1292	1292	1083	1083	15	15	52	52	2343	2343	1105	1105	817	817	3404	3404	609	609	3911	3911	6137	6137	4479	4479	1062	1062	11	11	88	88	201	201	9	9	5	5	3448	3448	1158	1158	7	7	25	25	3027	3027	3265	3265	628	628	1844	1844	81	81	13	13	1130	1130	320	320	72	72	413	413	25895	25895	11059	11059	199	199	253	253	7977	7977	3253	3253	641	641	859	859	11741	11741	15180	15180	42	42	60	60	5973	5973	511	511	38	38	96	96	53	53	196	196	1848	1848	2409	2409	3959	3959	4857	4857	411	411	722	722	29047	29047	28604	28604	166	166	159	159	110	110	11	11	33	33	39	39	574	574	64	64	9	9	85	85	764	764	181	181	330	330	4425	4425	20	20	1334	1334	110	110	34	34	51	51	40	40	289	289	225	225	235	235	156	156	289	289	271	271	404	404	1571	1571	13	13	13	13	311	311	1140	1140	51	51	12	12	15260	15260	3402	3402	29010	29010	2892	2892	1	1	2	2
IND00475	236	236	802	802	512	512	1690	1690	42	42	23	23	3849	3849	1885	1885	631	631	2567	2567	2590	2590	684	684	1724	1724	3981	3981	4060	4060	3416	3416	52	52	101	101	3	3	1	1	1454	1454	3992	3992	62	62	121	121	4772	4772	5592	5592	1318	1318	1866	1866	71	71	118	118	948	948	1270	1270	1001	1001	92	92	30377	30377	7828	7828	146	146	90	90	10241	10241	2670	2670	383	383	395	395	16018	16018	379	379	8	8	25	25	5713	5713	6203	6203	125	125	19	19	206	206	143	143	6433	6433	1486	1486	26742	26742	20517	20517	1972	1972	1940	1940	12630	12630	31195	31195	86	86	151	151	56	56	107	107	2	2	14	14	12	12	511	511	96	96	124	124	448	448	558	558	8095	8095	7425	7425	1996	1996	1304	1304	48	48	98	98	15	15	15	15	190	190	306	306	147	147	167	167	107	107	817	817	212	212	1538	1538	8	8	7	7	1517	1517	734	734	52	52	99	99	29920	29920	13982	13982	24913	24913	7343	7343	1	1	4	4
IND00476	660	660	300	300	1315	1315	1581	1581	37	37	52	52	13	13	1536	1536	2451	2451	2768	2768	1284	1284	3927	3927	973	973	1611	1611	3081	3081	142	142	121	121	169	169	6	6	15	15	2130	2130	81	81	41	41	125	125	2987	2987	925	925	810	810	385	385	34	34	19	19	1384	1384	1161	1161	588	588	126	126	29998	29998	21567	21567	105	105	148	148	4805	4805	11314	11314	713	713	358	358	5864	5864	10803	10803	40	40	52	52	4137	4137	1009	1009	118	118	62	62	80	80	77	77	4212	4212	4412	4412	16640	16640	21405	21405	36	36	1487	1487	7553	7553	22272	22272	146	146	11	11	20	20	11	11	9	9	57	57	1328	1328	1246	1246	107	107	74	74	215	215	147	147	11	11	7041	7041	1096	1096	379	379	12	12	113	113	41	41	53	53	388	388	459	459	196	196	208	208	130	130	543	543	1703	1703	1227	1227	3	3	6	6	1014	1014	1783	1783	80	80	24	24	10564	10564	12644	12644	56725	56725	35386	35386	3	3	4	4
IND00477	999	999	292	292	1375	1375	1282	1282	7	7	49	49	2974	2974	2379	2379	2080	2080	104	104	1164	1164	1691	1691	2889	2889	806	806	2822	2822	4074	4074	138	138	188	188	2	2	4	4	2556	2556	1714	1714	109	109	120	120	5969	5969	3020	3020	46	46	1505	1505	124	124	44	44	1690	1690	347	347	9	9	336	336	9757	9757	24191	24191	194	194	181	181	5663	5663	13754	13754	393	393	989	989	12577	12577	4787	4787	4	4	61	61	2503	2503	7545	7545	125	125	100	100	49	49	171	171	1932	1932	5503	5503	7009	7009	15781	15781	961	961	1688	1688	23283	23283	8778	8778	30	30	251	251	62	62	101	101	45	45	16	16	88	88	1977	1977	122	122	97	97	39	39	613	613	6171	6171	2236	2236	525	525	1647	1647	53	53	62	62	24	24	55	55	148	148	43	43	94	94	122	122	392	392	745	745	1405	1405	1598	1598	19	19	22	22	950	950	1081	1081	46	46	22	22	25792	25792	3924	3924	16460	16460	49182	49182	4	4	1	1
IND00478	539	539	163	163	1406	1406	642	642	64	64	17	17	1065	1065	933	933	852	852	3976	3976	168	168	932	932	7380	7380	7759	7759	3650	3650	3717	3717	17	17	129	129	15	15	15	15	2341	2341	2937	2937	102	102	5	5	4066	4066	575	575	1127	1127	244	244	31	31	67	67	1696	1696	2039	2039	166	166	899	899	11667	11667	19553	19553	256	256	44	44	8350	8350	13985	13985	586	586	715	715	13413	13413	6479	6479	23	23	34	34	7038	7038	6230	6230	57	57	41	41	61	61	38	38	2340	2340	192	192	17904	17904	8847	8847	2014	2014	122	122	7225	7225	27101	27101	197	197	200	200	77	77	18	18	16	16	36	36	538	538	1415	1415	66	66	39	39	180	180	303	303	4086	4086	7478	7478	246	246	1830	1830	94	94	70	70	44	44	57	57	419	419	457	457	81	81	183	183	515	515	354	354	785	785	1971	1971	7	7	6	6	836	836	324	324	79	79	45	45	13279	13279	6660	6660	28772	28772	1759	1759	2	2	1	1
IND00479	898	898	854	854	1349	1349	87	87	38	38	41	41	763	763	3471	3471	2096	2096	2873	2873	3881	3881	188	188	515	515	8177	8177	103	103	2016	2016	14	14	46	46	13	13	13	13	3259	3259	3580	3580	32	32	78	78	626	626	7760	7760	1769	1769	1349	1349	109	109	127	127	1070	1070	1644	1644	847	847	128	128	18039	18039	12904	12904	166	166	2	2	3111	3111	4445	4445	540	540	232	232	1402	1402	10232	10232	58	58	9	9	6723	6723	4426	4426	86	86	73	73	124	124	20	20	3285	3285	2684	2684	27294	27294	9172	9172	108	108	1082	1082	10464	10464	25541	25541	195	195	99	99	93	93	83	83	39	39	1	1	1720	1720	909	909	89	89	85	85	1016	1016	509	509	6506	6506	5289	5289	1875	1875	661	661	112	112	18	18	7	7	54	54	343	343	155	155	53	53	99	99	363	363	819	819	1809	1809	908	908	26	26	11	11	306	306	1723	1723	99	99	79	79	29662	29662	22917	22917	36382	36382	34934	34934	1	1	1	1
IND00480	767	767	656	656	1892	1892	775	775	48	48	63	63	2135	2135	1152	1152	2201	2201	1399	1399	943	943	1763	1763	7812	7812	5038	5038	2159	2159	2682	2682	72	72	142	142	7	7	6	6	1828	1828	267	267	77	77	44	44	270	270	2851	2851	1097	1097	1101	1101	104	104	74	74	658	658	249	249	118	118	415	415	16999	16999	30445	30445	144	144	40	40	3132	3132	9233	9233	979	979	883	883	2165	2165	4563	4563	63	63	3	3	7235	7235	5453	5453	5	5	113	113	233	233	56	56	3959	3959	7405	7405	5770	5770	21498	21498	1718	1718	1909	1909	25257	25257	13476	13476	70	70	253	253	41	41	53	53	38	38	36	36	1356	1356	59	59	120	120	78	78	431	431	400	400	8123	8123	802	802	1067	1067	14	14	57	57	19	19	18	18	59	59	488	488	62	62	236	236	236	236	212	212	852	852	1848	1848	2031	2031	20	20	6	6	440	440	625	625	61	61	93	93	17264	17264	19650	19650	56060	56060	41320	41320	1	1	3	3
IND00481	126	126	217	217	1119	1119	1155	1155	32	32	7	7	4085	4085	2655	2655	2194	2194	3263	3263	3888	3888	3752	3752	5381	5381	3912	3912	1883	1883	958	958	75	75	247	247	11	11	13	13	516	516	3801	3801	112	112	50	50	305	305	8183	8183	12	12	854	854	100	100	14	14	355	355	1219	1219	743	743	289	289	2977	2977	4619	4619	232	232	164	164	14092	14092	12632	12632	741	741	492	492	9064	9064	11206	11206	29	29	21	21	5518	5518	8148	8148	100	100	107	107	90	90	69	69	5410	5410	3624	3624	17379	17379	14842	14842	1078	1078	769	769	20037	20037	25953	25953	13	13	170	170	14	14	127	127	23	23	16	16	1229	1229	1083	1083	77	77	62	62	7	7	424	424	2839	2839	4343	4343	1741	1741	1737	1737	82	82	120	120	6	6	30	30	434	434	312	312	174	174	117	117	462	462	878	878	839	839	520	520	22	22	23	23	1529	1529	1323	1323	113	113	73	73	13867	13867	5253	5253	49990	49990	44773	44773	4	4	4	4
IND00482	681	681	897	897	841	841	1526	1526	61	61	16	16	4007	4007	768	768	3748	3748	3482	3482	2089	2089	477	477	4380	4380	3417	3417	3186	3186	2226	2226	29	29	40	40	8	8	9	9	976	976	1471	1471	121	121	26	26	1952	1952	4070	4070	1211	1211	7	7	98	98	116	116	129	129	824	824	310	310	861	861	7429	7429	12428	12428	211	211	159	159	10593	10593	4776	4776	544	544	97	97	5218	5218	10390	10390	31	31	17	17	4966	4966	1249	1249	70	70	35	35	213	213	103	103	1828	1828	2114	2114	27600	27600	24375	24375	625	625	1402	1402	23228	23228	8620	8620	136	136	178	178	115	115	3	3	32	32	10	10	763	763	14	14	24	24	104	104	843	843	930	930	1149	1149	3465	3465	1484	1484	2009	2009	19	19	22	22	8	8	39	39	510	510	206	206	243	243	241	241	66	66	74	74	1517	1517	1668	1668	9	9	22	22	433	433	42	42	56	56	22	22	29192	29192	10128	10128	9109	9109	47933	47933	2	2	3	3
IND00483	230	230	330	330	488	488	1968	1968	25	25	54	54	3173	3173	3882	3882	2882	2882	1583	1583	2504	2504	1490	1490	2260	2260	3198	3198	463	463	3255	3255	8	8	95	95	14	14	14	14	2198	2198	3081	3081	75	75	7	7	4348	4348	2559	2559	210	210	231	231	15	15	50	50	1468	1468	1187	1187	922	922	502	502	9886	9886	14351	14351	63	63	128	128	15335	15335	9792	9792	548	548	799	799	14966	14966	448	448	44	44	57	57	7055	7055	997	997	73	73	25	25	195	195	172	172	4008	4008	492	492	6452	6452	30844	30844	918	918	855	855	9400	9400	18921	18921	186	186	26	26	60	60	68	68	23	23	38	38	1745	1745	1698	1698	33	33	17	17	228	228	16	16	2780	2780	4364	4364	1365	1365	2029	2029	128	128	19	19	27	27	34	34	109	109	482	482	101	101	43	43	570	570	720	720	1282	1282	1790	1790	28	28	22	22	585	585	711	711	108	108	66	66	25824	25824	17591	17591	18870	18870	41803	41803	2	2	2	2
IND00484	550	550	13	13	871	871	1332	1332	22	22	49	49	644	644	3700	3700	2120	2120	3058	3058	2372	2372	2560	2560	6813	6813	3027	3027	3427	3427	1550	1550	51	51	75	75	6	6	15	15	3544	3544	3554	3554	10	10	1	1	226	226	6723	6723	96	96	345	345	50	50	114	114	1146	1146	916	916	608	608	108	108	22627	22627	26207	26207	65	65	172	172	8233	8233	7455	7455	902	902	992	992	2645	2645	15716	15716	58	58	60	60	6122	6122	2645	2645	123	123	1	1	14	14	132	132	7890	7890	8183	8183	1888	1888	22054	22054	1982	1982	1433	1433	28466	28466	22839	22839	233	233	233	233	54	54	73	73	2	2	26	26	484	484	1073	1073	125	125	44	44	726	726	706	706	3960	3960	6610	6610	1650	1650	1045	1045	110	110	31	31	23	23	19	19	93	93	108	108	118	118	35	35	1009	1009	495	495	520	520	1639	1639	8	8	3	3	856	856	463	463	58	58	72	72	4251	4251	20367	20367	55270	55270	11190	11190	3	3	4	4
IND00485	356	356	799	799	764	764	55	55	59	59	51	51	904	904	2672	2672	3743	3743	2573	2573	415	415	254	254	3772	3772	94	94	2816	2816	3291	3291	20	20	32	32	16	16	7	7	2100	2100	2451	2451	44	44	49	49	162	162	757	757	605	605	534	534	105	105	28	28	1090	1090	50	50	343	343	338	338	25757	25757	13394	13394	213	213	101	101	6291	6291	7847	7847	824	824	78	78	10327	10327	2426	2426	17	17	1	1	7178	7178	7230	7230	118	118	46	46	147	147	60	60	986	986	3142	3142	20700	20700	16984	16984	1040	1040	1534	1534	28464	28464	17988	17988	242	242	123	123	35	35	89	89	60	60	62	62	622	622	1663	1663	122	122	36	36	253	253	703	703	6265	6265	525	525	513	513	215	215	44	44	50	50	22	22	59	59	238	238	38	38	1	1	165	165	870	870	76	76	1567	1567	1030	1030	30	30	6	6	1758	1758	1000	1000	43	43	43	43	13440	13440	18427	18427	43317	43317	61425	61425	3	3	4	4
IND00486	565	565	143	143	1860	1860	581	581	5	5	51	51	2650	2650	659	659	2926	2926	1438	1438	2556	2556	1937	1937	5521	5521	2528	2528	3432	3432	2889	2889	178	178	186	186	2	2	7	7	2668	2668	729	729	120	120	92	92	2940	2940	3378	3378	1637	1637	1183	1183	117	117	28	28	1892	1892	1550	1550	588	588	918	918	2041	2041	6870	6870	132	132	171	171	2587	2587	16218	16218	825	825	654	654	3970	3970	10242	10242	40	40	15	15	2024	2024	7629	7629	110	110	75	75	52	52	218	218	5815	5815	658	658	9764	9764	5224	5224	403	403	1264	1264	7011	7011	31877	31877	97	97	58	58	102	102	111	111	26	26	63	63	1070	1070	252	252	110	110	23	23	971	971	981	981	5787	5787	6311	6311	1195	1195	1759	1759	113	113	102	102	6	6	51	51	442	442	215	215	7	7	8	8	735	735	424	424	726	726	1318	1318	16	16	22	22	1142	1142	286	286	76	76	50	50	20265	20265	25064	25064	18597	18597	49593	49593	3	3	3	3
IND00487	542	542	806	806	732	732	355	355	40	40	54	54	1257	1257	1259	1259	4037	4037	2022	2022	639	639	1833	1833	7241	7241	6432	6432	3514	3514	3105	3105	210	210	98	98	3	3	10	10	507	507	1277	1277	37	37	2	2	7636	7636	4501	4501	605	605	1996	1996	29	29	59	59	483	483	946	946	977	977	82	82	20347	20347	26783	26783	165	165	174	174	15007	15007	8068	8068	819	819	174	174	5780	5780	6557	6557	38	38	38	38	1662	1662	7816	7816	74	74	60	60	141	141	224	224	1106	1106	5726	5726	27899	27899	23320	23320	1647	1647	1512	1512	2593	2593	18559	18559	14	14	63	63	88	88	63	63	33	33	7	7	1329	1329	488	488	87	87	124	124	327	327	384	384	6102	6102	6778	6778	25	25	206	206	60	60	97	97	24	24	54	54	52	52	332	332	147	147	253	253	956	956	755	755	330	330	837	837	12	12	19	19	393	393	1310	1310	9	9	9	9	9191	9191	7148	7148	49677	49677	45096	45096	4	4	4	4
IND00488	278	278	200	200	936	936	511	511	46	46	57	57	729	729	1076	1076	841	841	2048	2048	3477	3477	2150	2150	3329	3329	3655	3655	347	347	1873	1873	125	125	246	246	3	3	2	2	1896	1896	3353	3353	111	111	47	47	4663	4663	3643	3643	1945	1945	915	915	7	7	18	18	35	35	228	228	250	250	261	261	31227	31227	31763	31763	26	26	26	26	7983	7983	2624	2624	954	954	1019	1019	12654	12654	7207	7207	16	16	25	25	6368	6368	6236	6236	69	69	109	109	148	148	39	39	7007	7007	2326	2326	22973	22973	28467	28467	780	780	1275	1275	15284	15284	26351	26351	165	165	24	24	111	111	37	37	56	56	14	14	755	755	1286	1286	107	107	85	85	169	169	379	379	6459	6459	3619	3619	1498	1498	1938	1938	80	80	70	70	55	55	41	41	495	495	326	326	81	81	28	28	796	796	847	847	93	93	1406	1406	13	13	10	10	446	446	1658	1658	28	28	47	47	27671	27671	25019	25019	53481	53481	52705	52705	4	4	2	2
IND00489	251	251	97	97	589	589	1362	1362	40	40	46	46	1133	1133	3238	3238	163	163	1545	1545	2881	2881	1465	1465	5119	5119	8116	8116	1885	1885	300	300	196	196	51	51	9	9	2	2	1852	1852	1467	1467	107	107	103	103	2412	2412	2911	2911	1149	1149	1820	1820	91	91	81	81	590	590	248	248	75	75	175	175	9758	9758	2207	2207	98	98	47	47	10570	10570	7663	7663	378	378	781	781	5302	5302	14062	14062	9	9	49	49	7037	7037	2697	2697	104	104	97	97	254	254	108	108	6362	6362	1162	1162	16060	16060	12645	12645	1921	1921	1764	1764	5948	5948	23494	23494	204	204	205	205	85	85	36	36	24	24	1	1	1408	1408	1964	1964	7	7	110	110	396	396	449	449	7949	7949	4079	4079	598	598	1194	1194	98	98	125	125	27	27	64	64	366	366	321	321	184	184	233	233	427	427	846	846	1356	1356	1917	1917	32	32	5	5	1223	1223	314	314	51	51	70	70	32472	32472	14317	14317	22969	22969	43192	43192	3	3	4	4
IND00490	408	408	134	134	850	850	1697	1697	30	30	9	9	1861	1861	2662	2662	3431	3431	401	401	2680	2680	3842	3842	4603	4603	3817	3817	1464	1464	1347	1347	220	220	163	163	15	15	11	11	2477	2477	3380	3380	67	67	70	70	4496	4496	5641	5641	407	407	1236	1236	67	67	100	100	477	477	1440	1440	745	745	454	454	22895	22895	15680	15680	210	210	210	210	9489	9489	1900	1900	52	52	911	911	2690	2690	9620	9620	38	38	16	16	6393	6393	6849	6849	92	92	12	12	161	161	104	104	524	524	7947	7947	7621	7621	30640	30640	1993	1993	632	632	20373	20373	6479	6479	142	142	61	61	100	100	81	81	5	5	62	62	2040	2040	2030	2030	126	126	80	80	176	176	121	121	1161	1161	6552	6552	77	77	494	494	128	128	121	121	10	10	3	3	33	33	261	261	192	192	146	146	5	5	212	212	1650	1650	1768	1768	21	21	2	2	1607	1607	1190	1190	7	7	114	114	27709	27709	6271	6271	31058	31058	21704	21704	3	3	4	4
IND00491	617	617	93	93	1477	1477	586	586	38	38	42	42	958	958	270	270	3396	3396	3207	3207	3510	3510	1443	1443	7461	7461	812	812	1524	1524	3431	3431	154	154	246	246	6	6	14	14	3239	3239	2034	2034	7	7	68	68	3962	3962	7236	7236	1494	1494	1520	1520	84	84	31	31	949	949	196	196	339	339	75	75	23762	23762	7764	7764	15	15	125	125	770	770	1435	1435	307	307	177	177	7711	7711	4037	4037	14	14	25	25	2114	2114	2967	2967	77	77	21	21	246	246	250	250	6293	6293	1803	1803	17315	17315	18387	18387	1296	1296	906	906	25830	25830	18839	18839	195	195	237	237	18	18	96	96	17	17	11	11	41	41	1634	1634	19	19	98	98	740	740	777	777	681	681	6380	6380	661	661	518	518	42	42	26	26	53	53	23	23	284	284	185	185	187	187	253	253	756	756	912	912	647	647	801	801	29	29	10	10	80	80	955	955	84	84	89	89	7783	7783	13030	13030	53919	53919	19335	19335	3	3	3	3
IND00492	59	59	314	314	1246	1246	554	554	60	60	5	5	2261	2261	3707	3707	1595	1595	1864	1864	2031	2031	316	316	3018	3018	2248	2248	294	294	2269	2269	97	97	218	218	8	8	11	11	3942	3942	2925	2925	5	5	125	125	1359	1359	7272	7272	146	146	245	245	96	96	101	101	69	69	1608	1608	979	979	692	692	32176	32176	26539	26539	139	139	55	55	9287	9287	8818	8818	378	378	1006	1006	6939	6939	13456	13456	41	41	5	5	1255	1255	3203	3203	113	113	70	70	21	21	75	75	131	131	5851	5851	15725	15725	9481	9481	118	118	889	889	5858	5858	17811	17811	84	84	94	94	3	3	15	15	35	35	45	45	1838	1838	1089	1089	81	81	33	33	105	105	589	589	4971	4971	31	31	1755	1755	1569	1569	72	72	43	43	26	26	48	48	80	80	403	403	201	201	89	89	768	768	631	631	1725	1725	1875	1875	28	28	9	9	1197	1197	1185	1185	22	22	76	76	18850	18850	30461	30461	45420	45420	61098	61098	1	1	1	1
IND00493	1009	1009	172	172	937	937	894	894	49	49	35	35	207	207	1697	1697	1489	1489	1263	1263	831	831	157	157	1301	1301	2060	2060	4059	4059	3183	3183	199	199	247	247	2	2	11	11	129	129	2753	2753	18	18	37	37	7458	7458	5696	5696	916	916	537	537	23	23	39	39	901	901	1299	1299	101	101	887	887	19863	19863	27334	27334	212	212	254	254	567	567	4576	4576	868	868	319	319	16077	16077	2091	2091	50	50	8	8	6266	6266	3136	3136	64	64	5	5	85	85	17	17	3206	3206	8168	8168	287	287	2543	2543	121	121	738	738	22572	22572	28796	28796	241	241	45	45	82	82	99	99	10	10	2	2	1918	1918	759	759	102	102	121	121	794	794	336	336	7375	7375	1931	1931	1210	1210	1230	1230	14	14	98	98	19	19	21	21	9	9	225	225	247	247	234	234	185	185	750	750	1215	1215	1603	1603	2	2	26	26	1851	1851	958	958	58	58	115	115	26720	26720	2152	2152	4930	4930	57251	57251	4	4	3	3
IND00494	275	275	758	758	318	318	1798	1798	17	17	38	38	2487	2487	1624	1624	1300	1300	2798	2798	1087	1087	3748	3748	5479	5479	1713	1713	2154	2154	1059	1059	99	99	153	153	1	1	14	14	2655	2655	1940	1940	62	62	43	43	4014	4014	927	927	1292	1292	835	835	25	25	63	63	312	312	1425	1425	781	781	810	810	6869	6869	16609	16609	231	231	177	177	7844	7844	564	564	890	890	595	595	2947	2947	3005	3005	64	64	8	8	4841	4841	3847	3847	36	36	84	84	60	60	120	120	4787	4787	1872	1872	16162	16162	13043	13043	1242	1242	457	457	10783	10783	10356	10356	166	166	238	238	125	125	11	11	48	48	30	30	1889	1889	1256	1256	86	86	33	33	319	319	400	400	5514	5514	441	441	1307	1307	1438	1438	29	29	98	98	16	16	35	35	75	75	310	310	2	2	60	60	277	277	771	771	396	396	2039	2039	15	15	13	13	1691	1691	971	971	72	72	99	99	5350	5350	30117	30117	51240	51240	4584	4584	4	4	3	3
IND00495	184	184	1009	1009	1105	1105	821	821	34	34	44	44	3707	3707	2386	2386	514	514	982	982	366	366	3720	3720	2612	2612	7373	7373	2706	2706	3603	3603	49	49	248	248	4	4	15	15	1893	1893	3160	3160	24	24	58	58	4973	4973	8179	8179	235	235	1345	1345	72	72	3	3	541	541	1294	1294	127	127	576	576	27701	27701	27918	27918	199	199	21	21	14494	14494	2537	2537	660	660	984	984	7264	7264	6691	6691	62	62	53	53	7633	7633	1678	1678	74	74	93	93	78	78	173	173	7973	7973	1031	1031	27085	27085	10574	10574	451	451	33	33	31421	31421	7696	7696	178	178	93	93	52	52	47	47	14	14	16	16	106	106	40	40	23	23	53	53	181	181	689	689	4927	4927	566	566	572	572	59	59	128	128	56	56	10	10	40	40	30	30	129	129	82	82	43	43	144	144	908	908	1961	1961	1598	1598	14	14	19	19	947	947	1388	1388	128	128	67	67	10113	10113	14418	14418	57949	57949	37874	37874	1	1	3	3
IND00496	381	381	118	118	253	253	1964	1964	33	33	9	9	1509	1509	172	172	1127	1127	3766	3766	2328	2328	1057	1057	5497	5497	4594	4594	1541	1541	142	142	190	190	116	116	2	2	14	14	1605	1605	3513	3513	40	40	72	72	8106	8106	5575	5575	278	278	1591	1591	67	67	49	49	1056	1056	684	684	880	880	742	742	17782	17782	26948	26948	253	253	27	27	6734	6734	2702	2702	17	17	372	372	4942	4942	1425	1425	25	25	38	38	1882	1882	696	696	43	43	115	115	184	184	166	166	3302	3302	4490	4490	13251	13251	26711	26711	1423	1423	1202	1202	5200	5200	26454	26454	59	59	39	39	101	101	86	86	62	62	37	37	680	680	443	443	127	127	54	54	951	951	830	830	5672	5672	5756	5756	497	497	1622	1622	24	24	82	82	39	39	38	38	123	123	351	351	220	220	255	255	538	538	686	686	1386	1386	1574	1574	14	14	12	12	988	988	391	391	28	28	83	83	27322	27322	2509	2509	14370	14370	53952	53952	4	4	4	4
IND00497	79	79	669	669	1799	1799	2027	2027	28	28	14	14	1063	1063	2940	2940	871	871	675	675	2120	2120	185	185	1749	1749	2287	2287	3094	3094	3048	3048	240	240	212	212	14	14	10	10	3043	3043	1898	1898	71	71	98	98	5839	5839	56	56	739	739	489	489	61	61	3	3	1839	1839	497	497	738	738	115	115	8131	8131	29522	29522	69	69	32	32	2892	2892	12935	12935	968	968	280	280	3936	3936	11777	11777	50	50	26	26	2914	2914	4587	4587	94	94	114	114	147	147	99	99	7380	7380	1597	1597	9085	9085	14263	14263	703	703	1680	1680	3374	3374	6283	6283	51	51	113	113	6	6	98	98	17	17	17	17	1023	1023	452	452	89	89	4	4	263	263	917	917	3474	3474	4472	4472	1382	1382	1751	1751	45	45	6	6	16	16	17	17	218	218	448	448	127	127	238	238	881	881	374	374	1971	1971	623	623	13	13	7	7	1554	1554	506	506	120	120	40	40	19021	19021	25764	25764	8266	8266	24279	24279	3	3	1	1
IND00498	906	906	541	541	1880	1880	672	672	11	11	53	53	1732	1732	3024	3024	1657	1657	109	109	468	468	807	807	6383	6383	4402	4402	352	352	3698	3698	124	124	34	34	1	1	5	5	2925	2925	2825	2825	104	104	29	29	4935	4935	2800	2800	381	381	1220	1220	38	38	35	35	1237	1237	1318	1318	70	70	299	299	14421	14421	8677	8677	128	128	69	69	9224	9224	9816	9816	941	941	729	729	1402	1402	1896	1896	24	24	59	59	1759	1759	3958	3958	6	6	13	13	158	158	239	239	3535	3535	280	280	29683	29683	14845	14845	1171	1171	1171	1171	7363	7363	14256	14256	170	170	196	196	43	43	80	80	31	31	28	28	1267	1267	27	27	121	121	21	21	839	839	325	325	7196	7196	5654	5654	1691	1691	1339	1339	111	111	61	61	16	16	60	60	84	84	448	448	123	123	222	222	46	46	261	261	1226	1226	1488	1488	20	20	31	31	301	301	1729	1729	40	40	84	84	25886	25886	24660	24660	16207	16207	21240	21240	1	1	4	4
IND00499	166	166	900	900	269	269	1326	1326	4	4	59	59	4092	4092	3250	3250	2625	2625	76	76	63	63	1308	1308	6275	6275	8106	8106	3311	3311	2026	2026	87	87	255	255	9	9	10	10	299	299	2300	2300	54	54	113	113	4524	4524	3865	3865	356	356	143	143	14	14	120	120	1389	1389	120	120	776	776	348	348	15966	15966	13993	13993	75	75	199	199	372	372	10497	10497	347	347	42	42	11469	11469	15042	15042	6	6	53	53	2023	2023	1838	1838	43	43	28	28	96	96	192	192	219	219	2237	2237	10602	10602	31657	31657	981	981	334	334	4944	4944	904	904	198	198	11	11	70	70	102	102	9	9	23	23	330	330	1225	1225	79	79	29	29	562	562	530	530	1327	1327	601	601	843	843	567	567	17	17	36	36	10	10	21	21	48	48	295	295	21	21	202	202	180	180	407	407	1468	1468	263	263	30	30	2	2	682	682	1857	1857	124	124	44	44	30428	30428	6533	6533	50343	50343	51028	51028	1	1	1	1
IND00500	112	112	611	611	34	34	731	731	2	2	63	63	3736	3736	224	224	2287	2287	1008	1008	1085	1085	1856	1856	4529	4529	4716	4716	1152	1152	2858	2858	245	245	154	154	7	7	14	14	2204	2204	1831	1831	56	56	78	78	7169	7169	3201	3201	1439	1439	1377	1377	86	86	92	92	1315	1315	811	811	344	344	113	113	19555	19555	20754	20754	103	103	205	205	7424	7424	4860	4860	894	894	306	306	8365	8365	2647	2647	23	23	36	36	2298	2298	2666	2666	33	33	54	54	110	110	202	202	2042	2042	2746	2746	1370	1370	7613	7613	220	220	617	617	17613	17613	32566	32566	150	150	232	232	16	16	78	78	19	19	3	3	762	762	875	875	19	19	81	81	360	360	319	319	7562	7562	338	338	933	933	1627	1627	9	9	10	10	5	5	51	51	509	509	282	282	234	234	4	4	986	986	540	540	251	251	1736	1736	24	24	20	20	879	879	1303	1303	92	92	21	21	17846	17846	28264	28264	65224	65224	1784	1784	3	3	3	3
IND00501	474	474	626	626	88	88	1647	1647	12	12	5	5	3101	3101	1415	1415	3299	3299	3904	3904	1867	1867	889	889	2573	2573	1541	1541	2447	2447	4064	4064	175	175	69	69	16	16	15	15	588	588	3553	3553	103	103	71	71	6943	6943	5082	5082	51	51	1616	1616	21	21	128	128	1030	1030	33	33	807	807	600	600	15217	15217	17600	17600	50	50	5	5	8071	8071	4556	4556	338	338	572	572	14602	14602	1071	1071	21	21	13	13	5521	5521	7295	7295	52	52	113	113	185	185	41	41	2658	2658	524	524	26605	26605	5162	5162	1685	1685	910	910	19694	19694	7503	7503	90	90	75	75	63	63	37	37	34	34	54	54	1886	1886	854	854	101	101	27	27	372	372	979	979	5163	5163	2570	2570	1136	1136	5	5	3	3	111	111	36	36	29	29	438	438	341	341	47	47	104	104	82	82	603	603	1938	1938	1060	1060	17	17	5	5	1702	1702	1178	1178	112	112	114	114	29444	29444	25117	25117	45620	45620	57568	57568	4	4	3	3
IND00502	879	879	308	308	1077	1077	718	718	7	7	46	46	264	264	904	904	1113	1113	226	226	798	798	1216	1216	1213	1213	2670	2670	364	364	3712	3712	125	125	61	61	4	4	5	5	500	500	2622	2622	107	107	126	126	1314	1314	4842	4842	1163	1163	1629	1629	96	96	119	119	709	709	1917	1917	138	138	459	459	21883	21883	15015	15015	249	249	103	103	8592	8592	622	622	265	265	8	8	5219	5219	2343	2343	4	4	45	45	3519	3519	3452	3452	116	116	30	30	39	39	118	118	1348	1348	6079	6079	19790	19790	2522	2522	1752	1752	40	40	19811	19811	3164	3164	199	199	208	208	26	26	95	95	61	61	42	42	1474	1474	301	301	3	3	70	70	767	767	805	805	4979	4979	2122	2122	498	498	1676	1676	117	117	73	73	7	7	62	62	250	250	77	77	230	230	19	19	448	448	180	180	815	815	95	95	30	30	17	17	1108	1108	763	763	98	98	67	67	10696	10696	3774	3774	28580	28580	10439	10439	2	2	4	4
IND00503	82	82	128	128	1697	1697	1538	1538	34	34	8	8	3714	3714	957	957	53	53	2774	2774	2295	2295	1157	1157	4877	4877	7803	7803	2328	2328	3765	3765	119	119	103	103	2	2	7	7	3706	3706	2709	2709	48	48	121	121	7649	7649	7933	7933	1824	1824	61	61	29	29	11	11	1099	1099	1636	1636	158	158	401	401	30059	30059	13461	13461	81	81	53	53	9749	9749	9877	9877	631	631	435	435	6353	6353	15666	15666	24	24	38	38	7122	7122	1288	1288	90	90	69	69	60	60	98	98	7030	7030	6827	6827	31948	31948	27746	27746	1383	1383	982	982	26547	26547	23607	23607	158	158	133	133	118	118	34	34	23	23	6	6	1535	1535	1078	1078	67	67	111	111	96	96	689	689	6821	6821	5646	5646	770	770	722	722	62	62	4	4	5	5	36	36	114	114	138	138	248	248	171	171	971	971	83	83	2027	2027	1973	1973	30	30	25	25	668	668	984	984	23	23	28	28	308	308	1150	1150	58035	58035	21113	21113	4	4	1	1
IND00504	758	758	330	330	771	771	1843	1843	14	14	38	38	620	620	3629	3629	3895	3895	1109	1109	821	821	1249	1249	7543	7543	1121	1121	42	42	1248	1248	41	41	123	123	2	2	7	7	3212	3212	520	520	18	18	119	119	7062	7062	4452	4452	1911	1911	1945	1945	35	35	57	57	667	667	245	245	825	825	777	777	14637	14637	25146	25146	144	144	19	19	9720	9720	8820	8820	727	727	885	885	10474	10474	14155	14155	52	52	35	35	3202	3202	3826	3826	30	30	99	99	139	139	29	29	6973	6973	245	245	11366	11366	8378	8378	1171	1171	1528	1528	9009	9009	18456	18456	137	137	133	133	88	88	32	32	38	38	57	57	1559	1559	1278	1278	43	43	42	42	1008	1008	526	526	6036	6036	3403	3403	812	812	658	658	109	109	1	1	17	17	1	1	367	367	127	127	25	25	9	9	8	8	605	605	2005	2005	97	97	22	22	23	23	854	854	959	959	78	78	102	102	7423	7423	16660	16660	25940	25940	63486	63486	4	4	3	3
IND00505	22	22	173	173	1431	1431	1018	1018	63	63	34	34	488	488	2376	2376	143	143	3685	3685	2749	2749	3525	3525	8036	8036	951	951	3366	3366	632	632	187	187	114	114	8	8	6	6	3278	3278	3175	3175	48	48	14	14	7881	7881	3451	3451	685	685	1986	1986	94	94	41	41	1927	1927	1835	1835	278	278	94	94	17587	17587	20863	20863	124	124	70	70	1899	1899	9895	9895	646	646	567	567	16058	16058	10110	10110	24	24	40	40	6564	6564	4911	4911	1	1	34	34	161	161	110	110	6852	6852	1738	1738	24113	24113	29713	29713	1473	1473	859	859	2283	2283	25025	25025	211	211	180	180	88	88	67	67	13	13	51	51	1317	1317	405	405	42	42	75	75	278	278	898	898	6166	6166	6914	6914	1684	1684	402	402	120	120	117	117	41	41	63	63	64	64	170	170	177	177	32	32	813	813	335	335	1149	1149	1992	1992	17	17	6	6	35	35	860	860	28	28	117	117	14561	14561	11545	11545	65036	65036	42089	42089	1	1	4	4
IND00506	222	222	663	663	631	631	1753	1753	31	31	54	54	2206	2206	2879	2879	4014	4014	1511	1511	432	432	1407	1407	7525	7525	4552	4552	2822	2822	1845	1845	99	99	64	64	15	15	9	9	3101	3101	705	705	69	69	115	115	2736	2736	8132	8132	1858	1858	309	309	85	85	42	42	1166	1166	590	590	34	34	384	384	1370	1370	29778	29778	191	191	217	217	13168	13168	6452	6452	584	584	386	386	16191	16191	12903	12903	15	15	35	35	7112	7112	1251	1251	118	118	41	41	141	141	242	242	6832	6832	5492	5492	1237	1237	30875	30875	737	737	1077	1077	32044	32044	19408	19408	130	130	57	57	123	123	54	54	4	4	34	34	717	717	265	265	67	67	55	55	432	432	311	311	5350	5350	5951	5951	162	162	2039	2039	64	64	43	43	52	52	64	64	187	187	178	178	14	14	244	244	721	721	467	467	1845	1845	299	299	2	2	1	1	704	704	938	938	80	80	32	32	25471	25471	29900	29900	16308	16308	41304	41304	1	1	3	3
IND00507	231	231	173	173	934	934	255	255	49	49	28	28	432	432	3740	3740	2242	2242	3813	3813	2058	2058	3993	3993	4917	4917	1978	1978	293	293	2629	2629	195	195	49	49	7	7	11	11	2454	2454	861	861	89	89	82	82	5202	5202	1172	1172	1398	1398	345	345	37	37	58	58	873	873	1810	1810	485	485	586	586	26613	26613	23100	23100	43	43	77	77	2130	2130	7912	7912	925	925	465	465	12224	12224	10072	10072	9	9	35	35	7106	7106	7363	7363	79	79	2	2	195	195	236	236	7454	7454	6454	6454	2317	2317	1157	1157	1304	1304	1080	1080	29446	29446	16369	16369	174	174	165	165	103	103	12	12	4	4	47	47	1768	1768	871	871	98	98	65	65	132	132	815	815	1179	1179	2372	2372	1144	1144	214	214	80	80	16	16	46	46	35	35	104	104	118	118	253	253	253	253	368	368	974	974	163	163	2017	2017	29	29	25	25	101	101	1601	1601	99	99	107	107	7030	7030	7963	7963	9714	9714	34916	34916	2	2	2	2
IND00508	439	439	508	508	768	768	293	293	22	22	27	27	2786	2786	3601	3601	2716	2716	1389	1389	1873	1873	1817	1817	2509	2509	6900	6900	3404	3404	2836	2836	101	101	24	24	3	3	7	7	1942	1942	478	478	44	44	47	47	1793	1793	7813	7813	1208	1208	1655	1655	85	85	8	8	1399	1399	990	990	70	70	562	562	3378	3378	18143	18143	95	95	232	232	11749	11749	7589	7589	624	624	11	11	2629	2629	1412	1412	45	45	25	25	6248	6248	6762	6762	18	18	66	66	90	90	127	127	3569	3569	3069	3069	23757	23757	16553	16553	1331	1331	1679	1679	11987	11987	1864	1864	126	126	110	110	84	84	7	7	18	18	20	20	1754	1754	489	489	90	90	71	71	828	828	53	53	8102	8102	1201	1201	951	951	946	946	94	94	104	104	59	59	34	34	303	303	12	12	110	110	37	37	211	211	259	259	124	124	534	534	19	19	6	6	1444	1444	589	589	53	53	24	24	30676	30676	1526	1526	18141	18141	5363	5363	3	3	3	3
IND00509	666	666	471	471	93	93	1716	1716	18	18	15	15	610	610	48	48	883	883	1996	1996	3602	3602	3969	3969	2987	2987	3392	3392	2522	2522	1416	1416	165	165	14	14	9	9	9	9	3645	3645	142	142	91	91	42	42	3234	3234	6368	6368	164	164	326	326	3	3	90	90	532	532	154	154	985	985	379	379	20715	20715	10951	10951	236	236	52	52	1835	1835	14599	14599	298	298	167	167	351	351	15947	15947	35	35	60	60	3176	3176	3275	3275	95	95	42	42	79	79	196	196	3736	3736	671	671	19696	19696	8248	8248	589	589	2031	2031	1204	1204	9011	9011	135	135	185	185	12	12	102	102	23	23	44	44	1873	1873	1543	1543	56	56	56	56	139	139	401	401	767	767	800	800	277	277	192	192	118	118	96	96	11	11	7	7	198	198	472	472	184	184	168	168	898	898	107	107	123	123	1555	1555	19	19	13	13	1422	1422	875	875	100	100	86	86	4299	4299	21734	21734	7949	7949	47011	47011	1	1	3	3
IND00510	187	187	63	63	392	392	399	399	54	54	40	40	2841	2841	1302	1302	2240	2240	1497	1497	694	694	2636	2636	5744	5744	3724	3724	1091	1091	188	188	184	184	202	202	13	13	1	1	1766	1766	416	416	93	93	89	89	8141	8141	5312	5312	1691	1691	1370	1370	81	81	106	106	1283	1283	1649	1649	818	818	856	856	1115	1115	8715	8715	232	232	236	236	7512	7512	13288	13288	491	491	567	567	9481	9481	9425	9425	31	31	28	28	3428	3428	3952	3952	100	100	113	113	12	12	69	69	6281	6281	3323	3323	31768	31768	22678	22678	344	344	23	23	22378	22378	3086	3086	67	67	16	16	84	84	16	16	30	30	64	64	534	534	736	736	15	15	40	40	1	1	652	652	4059	4059	7076	7076	180	180	1152	1152	8	8	41	41	40	40	30	30	244	244	374	374	185	185	61	61	40	40	526	526	720	720	217	217	4	4	27	27	837	837	1568	1568	35	35	103	103	26007	26007	5794	5794	28505	28505	10970	10970	2	2	2	2
IND00511	604	604	923	923	1787	1787	1857	1857	54	54	23	23	2648	2648	1694	1694	105	105	2241	2241	571	571	861	861	7671	7671	5209	5209	3676	3676	2865	2865	191	191	224	224	3	3	3	3	1393	1393	2419	2419	51	51	69	69	3753	3753	8134	8134	1766	1766	515	515	68	68	35	35	570	570	663	663	966	966	186	186	28615	28615	8657	8657	252	252	181	181	15725	15725	9911	9911	864	864	9	9	8585	8585	8478	8478	23	23	49	49	5919	5919	1107	1107	93	93	66	66	163	163	30	30	8007	8007	419	419	21579	21579	24546	24546	581	581	1148	1148	14494	14494	28182	28182	113	113	176	176	103	103	113	113	46	46	29	29	1203	1203	701	701	83	83	39	39	596	596	865	865	3029	3029	2588	2588	461	461	805	805	85	85	18	18	11	11	23	23	10	10	40	40	118	118	172	172	946	946	900	900	677	677	1621	1621	26	26	29	29	466	466	394	394	23	23	127	127	5656	5656	13456	13456	51016	51016	19097	19097	2	2	2	2
IND00512	633	633	993	993	1342	1342	247	247	42	42	1	1	3680	3680	2717	2717	4076	4076	2749	2749	2377	2377	298	298	1651	1651	596	596	2636	2636	156	156	131	131	248	248	1	1	10	10	2627	2627	30	30	68	68	109	109	4866	4866	648	648	76	76	92	92	64	64	74	74	278	278	1535	1535	211	211	251	251	7973	7973	3914	3914	237	237	111	111	3309	3309	4896	4896	711	711	969	969	3715	3715	14996	14996	50	50	29	29	2385	2385	5454	5454	82	82	67	67	221	221	160	160	2907	2907	7209	7209	17600	17600	31230	31230	1345	1345	1247	1247	26814	26814	3774	3774	68	68	90	90	72	72	89	89	42	42	41	41	426	426	1401	1401	118	118	110	110	653	653	126	126	4528	4528	2786	2786	1137	1137	1186	1186	10	10	83	83	28	28	34	34	255	255	439	439	163	163	91	91	219	219	30	30	937	937	1656	1656	9	9	11	11	1326	1326	1037	1037	47	47	103	103	18988	18988	21687	21687	33963	33963	3996	3996	1	1	1	1
IND00513	461	461	485	485	1421	1421	1810	1810	13	13	53	53	2405	2405	1388	1388	3748	3748	831	831	405	405	2024	2024	519	519	2647	2647	2725	2725	2011	2011	180	180	83	83	5	5	16	16	3352	3352	2278	2278	60	60	106	106	3429	3429	275	275	1911	1911	490	490	68	68	79	79	1624	1624	1392	1392	661	661	30	30	25722	25722	30996	30996	253	253	143	143	3677	3677	6160	6160	756	756	919	919	7742	7742	10202	10202	5	5	4	4	2290	2290	7810	7810	7	7	1	1	207	207	56	56	670	670	6509	6509	10932	10932	26311	26311	1999	1999	1236	1236	1070	1070	2631	2631	182	182	69	69	101	101	118	118	13	13	22	22	1745	1745	1911	1911	76	76	5	5	637	637	501	501	2859	2859	5221	5221	1729	1729	1851	1851	128	128	125	125	26	26	21	21	79	79	108	108	57	57	98	98	44	44	504	504	696	696	136	136	25	25	17	17	1470	1470	1419	1419	67	67	119	119	29012	29012	26956	26956	53060	53060	20087	20087	4	4	3	3
IND00514	251	251	336	336	1619	1619	1381	1381	8	8	18	18	1849	1849	3499	3499	3716	3716	637	637	2471	2471	1454	1454	6783	6783	1706	1706	2593	2593	1511	1511	254	254	109	109	4	4	5	5	2488	2488	2104	2104	105	105	75	75	2113	2113	7443	7443	1975	1975	1069	1069	19	19	78	78	1554	1554	1000	1000	371	371	755	755	6313	6313	5236	5236	247	247	49	49	16191	16191	2044	2044	191	191	806	806	12470	12470	10711	10711	38	38	9	9	4807	4807	2030	2030	108	108	90	90	111	111	164	164	7961	7961	678	678	18317	18317	1195	1195	1376	1376	848	848	14051	14051	1677	1677	236	236	37	37	44	44	112	112	33	33	64	64	670	670	799	799	104	104	32	32	259	259	773	773	7608	7608	3383	3383	595	595	592	592	14	14	7	7	10	10	13	13	509	509	7	7	162	162	138	138	80	80	668	668	1909	1909	1168	1168	19	19	27	27	1631	1631	2002	2002	118	118	108	108	18108	18108	20920	20920	46617	46617	16239	16239	4	4	4	4
IND00515	573	573	159	159	1555	1555	120	120	15	15	31	31	813	813	2340	2340	2751	2751	1599	1599	3374	3374	863	863	2421	2421	4508	4508	1009	1009	73	73	185	185	123	123	3	3	7	7	1463	1463	3339	3339	57	57	105	105	5066	5066	2206	2206	560	560	964	964	67	67	121	121	245	245	1521	1521	579	579	259	259	3058	3058	17784	17784	131	131	26	26	8604	8604	231	231	648	648	882	882	3051	3051	11921	11921	10	10	5	5	3913	3913	5430	5430	37	37	43	43	27	27	172	172	7425	7425	1243	1243	25395	25395	27840	27840	109	109	378	378	15597	15597	17577	17577	125	125	186	186	125	125	67	67	7	7	55	55	1571	1571	578	578	80	80	66	66	353	353	586	586	4955	4955	5569	5569	1310	1310	387	387	79	79	100	100	44	44	20	20	355	355	270	270	124	124	213	213	433	433	745	745	458	458	665	665	9	9	26	26	729	729	975	975	118	118	54	54	6524	6524	21799	21799	22275	22275	50892	50892	1	1	2	2
IND00516	981	981	769	769	1768	1768	1185	1185	35	35	61	61	1223	1223	3967	3967	1154	1154	3850	3850	1054	1054	3203	3203	6533	6533	4056	4056	1676	1676	1759	1759	20	20	106	106	16	16	14	14	197	197	2858	2858	46	46	62	62	7470	7470	228	228	1139	1139	248	248	93	93	88	88	912	912	877	877	787	787	218	218	7105	7105	9991	9991	10	10	255	255	1857	1857	2779	2779	381	381	522	522	4957	4957	689	689	32	32	12	12	7596	7596	5680	5680	57	57	120	120	197	197	160	160	1136	1136	7273	7273	10763	10763	17057	17057	430	430	328	328	29505	29505	16470	16470	34	34	7	7	64	64	74	74	47	47	7	7	1945	1945	1602	1602	79	79	119	119	782	782	697	697	4796	4796	7054	7054	1933	1933	1843	1843	95	95	41	41	14	14	34	34	397	397	488	488	5	5	127	127	540	540	248	248	1745	1745	1466	1466	1	1	15	15	1058	1058	1205	1205	67	67	76	76	29528	29528	15107	15107	40962	40962	39291	39291	1	1	1	1
IND00517	145	145	524	524	442	442	1224	1224	34	34	58	58	1379	1379	3908	3908	1681	1681	3029	3029	3756	3756	4035	4035	7593	7593	7043	7043	2540	2540	3564	3564	222	222	203	203	4	4	3	3	1727	1727	2262	2262	52	52	27	27	4347	4347	2197	2197	1491	1491	390	390	101	101	38	38	1798	1798	31	31	356	356	1023	1023	3497	3497	19872	19872	90	90	147	147	10106	10106	2032	2032	658	658	540	540	4550	4550	7488	7488	63	63	14	14	3058	3058	8134	8134	118	118	84	84	39	39	211	211	7273	7273	849	849	9371	9371	619	619	871	871	1185	1185	23609	23609	29801	29801	93	93	86	86	28	28	17	17	45	45	36	36	1569	1569	1978	1978	15	15	107	107	594	594	952	952	617	617	2507	2507	1140	1140	852	852	37	37	106	106	25	25	15	15	11	11	243	243	85	85	115	115	35	35	616	616	190	190	1553	1553	4	4	24	24	528	528	22	22	77	77	41	41	27221	27221	14420	14420	13869	13869	737	737	4	4	3	3
IND00518	610	610	932	932	130	130	1327	1327	53	53	36	36	488	488	3720	3720	2357	2357	2372	2372	2323	2323	1443	1443	5386	5386	5841	5841	4002	4002	2461	2461	108	108	143	143	8	8	11	11	320	320	1871	1871	100	100	33	33	6543	6543	6299	6299	651	651	817	817	112	112	23	23	813	813	1583	1583	767	767	282	282	535	535	14938	14938	98	98	246	246	5181	5181	15925	15925	886	886	962	962	7973	7973	212	212	48	48	55	55	7889	7889	4879	4879	101	101	111	111	164	164	62	62	6630	6630	2834	2834	13066	13066	28763	28763	559	559	443	443	6623	6623	24951	24951	146	146	152	152	37	37	124	124	64	64	36	36	133	133	1184	1184	75	75	74	74	358	358	334	334	6258	6258	7020	7020	1843	1843	1648	1648	99	99	18	18	64	64	1	1	17	17	76	76	230	230	112	112	644	644	653	653	719	719	1129	1129	11	11	10	10	1239	1239	1096	1096	97	97	66	66	19046	19046	16845	16845	65324	65324	28223	28223	4	4	2	2
IND00519	401	401	260	260	962	962	875	875	41	41	38	38	1535	1535	799	799	714	714	63	63	974	974	1522	1522	4926	4926	7232	7232	787	787	1793	1793	48	48	208	208	11	11	5	5	1872	1872	1232	1232	104	104	29	29	467	467	4068	4068	728	728	431	431	122	122	118	118	1141	1141	1012	1012	310	310	179	179	1481	1481	26656	26656	192	192	159	159	5071	5071	14078	14078	956	956	503	503	14747	14747	2602	2602	43	43	46	46	1111	1111	7065	7065	123	123	107	107	30	30	90	90	6561	6561	3633	3633	15299	15299	17077	17077	1220	1220	1803	1803	12300	12300	15287	15287	202	202	30	30	101	101	55	55	12	12	47	47	1282	1282	1995	1995	107	107	97	97	521	521	497	497	6299	6299	4006	4006	493	493	1559	1559	93	93	22	22	3	3	4	4	223	223	195	195	18	18	121	121	509	509	442	442	1837	1837	493	493	25	25	12	12	1160	1160	1383	1383	68	68	121	121	771	771	14343	14343	14109	14109	32379	32379	2	2	4	4
IND00520	255	255	986	986	1394	1394	405	405	37	37	7	7	2700	2700	745	745	3173	3173	1087	1087	3636	3636	2783	2783	1438	1438	4970	4970	1736	1736	3418	3418	202	202	111	111	7	7	4	4	3528	3528	666	666	82	82	54	54	1864	1864	1292	1292	927	927	366	366	36	36	4	4	1156	1156	69	69	911	911	557	557	19402	19402	19608	19608	193	193	245	245	15309	15309	7473	7473	479	479	505	505	4022	4022	1755	1755	27	27	58	58	7060	7060	3872	3872	37	37	120	120	223	223	128	128	5090	5090	1400	1400	23039	23039	18193	18193	670	670	277	277	3278	3278	10932	10932	181	181	243	243	23	23	93	93	56	56	47	47	1641	1641	1670	1670	77	77	9	9	303	303	204	204	8110	8110	2890	2890	1145	1145	856	856	115	115	104	104	31	31	39	39	258	258	254	254	65	65	225	225	178	178	329	329	41	41	86	86	10	10	1	1	492	492	1891	1891	108	108	122	122	6781	6781	15981	15981	27169	27169	31377	31377	4	4	3	3
IND00521	247	247	591	591	993	993	940	940	35	35	24	24	3994	3994	2946	2946	3601	3601	3054	3054	161	161	140	140	5284	5284	3666	3666	2088	2088	3634	3634	26	26	35	35	16	16	9	9	1611	1611	137	137	49	49	113	113	3938	3938	3698	3698	713	713	563	563	64	64	59	59	895	895	1167	1167	377	377	646	646	7809	7809	19444	19444	234	234	209	209	3453	3453	15903	15903	699	699	982	982	14074	14074	1040	1040	27	27	11	11	6481	6481	4420	4420	78	78	3	3	75	75	12	12	102	102	8071	8071	26374	26374	2098	2098	1492	1492	698	698	24866	24866	31136	31136	220	220	85	85	89	89	92	92	1	1	32	32	29	29	1529	1529	42	42	11	11	763	763	628	628	1694	1694	6997	6997	632	632	1186	1186	117	117	37	37	54	54	38	38	364	364	368	368	88	88	52	52	12	12	765	765	1184	1184	2022	2022	30	30	2	2	1723	1723	1206	1206	12	12	13	13	26789	26789	26723	26723	26336	26336	3531	3531	2	2	4	4
IND00522	340	340	147	147	1173	1173	1178	1178	43	43	8	8	1091	1091	3139	3139	3611	3611	3691	3691	1365	1365	1894	1894	4050	4050	440	440	1851	1851	364	364	85	85	102	102	9	9	6	6	3680	3680	187	187	60	60	25	25	4696	4696	5369	5369	1398	1398	1342	1342	63	63	86	86	2000	2000	1721	1721	493	493	638	638	26673	26673	1446	1446	32	32	169	169	3257	3257	10830	10830	75	75	920	920	689	689	522	522	61	61	39	39	6900	6900	3143	3143	92	92	125	125	2	2	70	70	1459	1459	54	54	9804	9804	28304	28304	591	591	902	902	23204	23204	15206	15206	22	22	161	161	53	53	32	32	21	21	13	13	1843	1843	1673	1673	114	114	62	62	315	315	890	890	206	206	6203	6203	1815	1815	774	774	71	71	119	119	2	2	28	28	131	131	353	353	216	216	173	173	213	213	225	225	89	89	796	796	7	7	14	14	2009	2009	369	369	83	83	128	128	32614	32614	10258	10258	11812	11812	39286	39286	1	1	3	3
IND00523	533	533	201	201	1625	1625	85	85	27	27	59	59	1175	1175	1401	1401	3370	3370	413	413	2234	2234	119	119	5224	5224	4245	4245	337	337	2142	2142	100	100	186	186	10	10	15	15	1547	1547	2764	2764	111	111	52	52	4047	4047	7660	7660	198	198	1309	1309	84	84	117	117	320	320	346	346	745	745	451	451	31165	31165	14079	14079	107	107	143	143	8203	8203	9289	9289	132	132	889	889	11185	11185	6710	6710	19	19	46	46	2436	2436	3913	3913	11	11	62	62	169	169	237	237	5886	5886	5020	5020	20647	20647	14483	14483	1637	1637	115	115	22384	22384	19342	19342	240	240	177	177	20	20	41	41	27	27	27	27	631	631	1218	1218	123	123	15	15	430	430	732	732	8140	8140	2003	2003	426	426	1615	1615	17	17	107	107	35	35	31	31	460	460	345	345	137	137	22	22	59	59	791	791	1918	1918	1526	1526	32	32	9	9	1540	1540	183	183	13	13	97	97	6401	6401	11482	11482	29715	29715	57882	57882	1	1	2	2
IND00524	87	87	121	121	82	82	1230	1230	24	24	19	19	1018	1018	126	126	153	153	3619	3619	3681	3681	2356	2356	7522	7522	6083	6083	2638	2638	2292	2292	71	71	177	177	1	1	5	5	1470	1470	1793	1793	98	98	97	97	120	120	75	75	499	499	1122	1122	1	1	71	71	1071	1071	628	628	831	831	659	659	24568	24568	1829	1829	86	86	236	236	10507	10507	1259	1259	92	92	168	168	15047	15047	10600	10600	32	32	48	48	3528	3528	4951	4951	62	62	71	71	135	135	229	229	2176	2176	6365	6365	11745	11745	10378	10378	161	161	1562	1562	15751	15751	3064	3064	19	19	233	233	31	31	18	18	54	54	13	13	324	324	1352	1352	36	36	40	40	747	747	956	956	2141	2141	2397	2397	487	487	2006	2006	87	87	101	101	40	40	38	38	120	120	9	9	191	191	163	163	118	118	993	993	1816	1816	747	747	14	14	2	2	971	971	1101	1101	34	34	33	33	22114	22114	17450	17450	7877	7877	1769	1769	2	2	3	3
IND00525	310	310	356	356	142	142	655	655	58	58	18	18	249	249	3981	3981	3168	3168	1106	1106	1026	1026	77	77	7743	7743	7242	7242	3865	3865	1733	1733	21	21	73	73	14	14	9	9	2170	2170	4056	4056	88	88	24	24	2596	2596	7367	7367	315	315	906	906	90	90	18	18	1402	1402	585	585	283	283	585	585	24245	24245	14668	14668	231	231	233	233	5988	5988	5568	5568	92	92	620	620	3311	3311	3028	3028	3	3	54	54	4757	4757	7662	7662	66	66	7	7	38	38	199	199	5180	5180	4845	4845	22342	22342	435	435	2035	2035	1447	1447	12276	12276	24158	24158	184	184	36	36	105	105	79	79	52	52	6	6	1982	1982	853	853	112	112	95	95	958	958	847	847	5174	5174	8100	8100	874	874	1576	1576	11	11	84	84	52	52	15	15	231	231	149	149	32	32	191	191	394	394	932	932	147	147	819	819	19	19	20	20	1612	1612	406	406	74	74	6	6	6202	6202	28772	28772	751	751	49684	49684	2	2	4	4
IND00526	193	193	795	795	1297	1297	1534	1534	55	55	52	52	3069	3069	3279	3279	1845	1845	865	865	713	713	3588	3588	6182	6182	3148	3148	1356	1356	352	352	190	190	131	131	8	8	2	2	3316	3316	2458	2458	109	109	65	65	1041	1041	445	445	814	814	1236	1236	40	40	11	11	761	761	267	267	955	955	412	412	12315	12315	31564	31564	78	78	23	23	2140	2140	13200	13200	815	815	124	124	6230	6230	9854	9854	50	50	62	62	6241	6241	1326	1326	42	42	122	122	225	225	253	253	8035	8035	5861	5861	31166	31166	19604	19604	1992	1992	1679	1679	17322	17322	10536	10536	45	45	170	170	83	83	32	32	17	17	30	30	1421	1421	1911	1911	124	124	101	101	853	853	356	356	1457	1457	2255	2255	965	965	470	470	16	16	97	97	56	56	11	11	474	474	150	150	40	40	207	207	577	577	496	496	222	222	976	976	18	18	6	6	1597	1597	1963	1963	91	91	45	45	21522	21522	15439	15439	52663	52663	34049	34049	3	3	1	1
IND00527	289	289	1001	1001	576	576	905	905	46	46	59	59	2492	2492	1229	1229	3813	3813	2367	2367	1664	1664	2124	2124	1592	1592	1149	1149	2899	2899	2589	2589	116	116	199	199	14	14	8	8	929	929	1708	1708	99	99	38	38	458	458	7403	7403	460	460	586	586	118	118	10	10	173	173	1945	1945	921	921	195	195	28695	28695	9691	9691	99	99	4	4	495	495	1336	1336	727	727	200	200	9911	9911	8917	8917	32	32	9	9	4696	4696	1320	1320	41	41	30	30	47	47	13	13	7273	7273	3301	3301	27845	27845	8690	8690	113	113	1377	1377	9679	9679	17278	17278	103	103	183	183	13	13	85	85	40	40	27	27	743	743	741	741	40	40	73	73	512	512	811	811	6777	6777	4208	4208	464	464	504	504	40	40	128	128	59	59	24	24	162	162	507	507	91	91	140	140	35	35	748	748	1817	1817	240	240	28	28	28	28	1540	1540	962	962	110	110	51	51	7741	7741	24617	24617	59436	59436	58756	58756	3	3	2	2
IND00528	176	176	1	1	558	558	949	949	53	53	20	20	1360	1360	2246	2246	144	144	199	199	2073	2073	2143	2143	4738	4738	7434	7434	1637	1637	1531	1531	15	15	74	74	4	4	2	2	62	62	1808	1808	30	30	69	69	283	283	7411	7411	1868	1868	1497	1497	53	53	45	45	1584	1584	361	361	921	921	874	874	30598	30598	12041	12041	174	174	51	51	2181	2181	14917	14917	246	246	895	895	14619	14619	2512	2512	57	57	22	22	4369	4369	803	803	21	21	22	22	119	119	2	2	6246	6246	1938	1938	6021	6021	5460	5460	1685	1685	357	357	7599	7599	11915	11915	56	56	245	245	19	19	71	71	16	16	5	5	832	832	385	385	94	94	77	77	167	167	870	870	5390	5390	2686	2686	291	291	289	289	13	13	110	110	12	12	54	54	508	508	470	470	10	10	92	92	552	552	879	879	1964	1964	1224	1224	6	6	22	22	1340	1340	1904	1904	4	4	59	59	5112	5112	23487	23487	17022	17022	8838	8838	3	3	2	2
IND00529	916	916	518	518	434	434	799	799	28	28	63	63	929	929	3432	3432	258	258	3270	3270	1816	1816	2435	2435	8153	8153	2052	2052	2429	2429	67	67	11	11	73	73	12	12	4	4	3773	3773	2137	2137	102	102	28	28	2017	2017	4062	4062	1114	1114	1063	1063	80	80	125	125	803	803	1227	1227	664	664	401	401	8024	8024	22631	22631	79	79	180	180	3852	3852	7341	7341	530	530	640	640	5204	5204	12338	12338	33	33	48	48	2302	2302	2560	2560	97	97	53	53	143	143	59	59	500	500	7523	7523	20998	20998	16760	16760	403	403	1542	1542	14082	14082	10246	10246	1	1	237	237	79	79	117	117	36	36	57	57	1948	1948	1856	1856	91	91	46	46	917	917	988	988	1090	1090	6994	6994	1546	1546	400	400	64	64	24	24	22	22	15	15	501	501	432	432	60	60	173	173	874	874	254	254	1824	1824	756	756	23	23	27	27	1807	1807	926	926	120	120	1	1	3300	3300	16536	16536	28217	28217	41537	41537	4	4	1	1
IND00530	880	880	379	379	51	51	236	236	17	17	41	41	1272	1272	1274	1274	2375	2375	2840	2840	2368	2368	2750	2750	7711	7711	4065	4065	3823	3823	2778	2778	209	209	115	115	5	5	6	6	3114	3114	2704	2704	94	94	61	61	3882	3882	179	179	131	131	1835	1835	119	119	108	108	388	388	504	504	143	143	1001	1001	15939	15939	11589	11589	68	68	101	101	4386	4386	2818	2818	461	461	406	406	8488	8488	762	762	43	43	37	37	6965	6965	4783	4783	29	29	76	76	139	139	29	29	7916	7916	4317	4317	23556	23556	6312	6312	1499	1499	1230	1230	24940	24940	14421	14421	200	200	8	8	57	57	76	76	17	17	51	51	715	715	1396	1396	17	17	100	100	363	363	520	520	440	440	4222	4222	1446	1446	1178	1178	49	49	95	95	64	64	56	56	45	45	376	376	223	223	128	128	830	830	629	629	421	421	510	510	3	3	7	7	571	571	1238	1238	124	124	60	60	26089	26089	23229	23229	9809	9809	44188	44188	4	4	2	2
IND00531	556	556	6	6	1574	1574	1721	1721	49	49	46	46	2583	2583	1950	1950	1682	1682	580	580	3106	3106	825	825	3743	3743	389	389	3555	3555	2703	2703	70	70	149	149	5	5	14	14	1966	1966	2062	2062	66	66	59	59	6195	6195	7776	7776	537	537	123	123	109	109	113	113	1333	1333	1738	1738	802	802	256	256	7022	7022	31762	31762	209	209	172	172	7756	7756	10539	10539	372	372	363	363	6845	6845	3978	3978	30	30	57	57	7720	7720	3902	3902	69	69	73	73	151	151	96	96	5556	5556	6321	6321	13883	13883	1100	1100	132	132	1056	1056	24572	24572	10231	10231	187	187	209	209	2	2	18	18	34	34	5	5	589	589	696	696	100	100	74	74	57	57	579	579	4472	4472	2023	2023	1867	1867	954	954	46	46	128	128	17	17	32	32	370	370	374	374	192	192	113	113	271	271	851	851	399	399	849	849	23	23	16	16	1545	1545	810	810	38	38	104	104	31114	31114	12717	12717	5683	5683	33842	33842	2	2	1	1
IND00532	274	274	845	845	1097	1097	262	262	12	12	38	38	1137	1137	1968	1968	268	268	3447	3447	500	500	403	403	4598	4598	5935	5935	479	479	2747	2747	90	90	241	241	13	13	2	2	3735	3735	986	986	107	107	18	18	7075	7075	588	588	187	187	1010	1010	11	11	101	101	602	602	1386	1386	626	626	848	848	13112	13112	11250	11250	242	242	13	13	7758	7758	11074	11074	173	173	490	490	1514	1514	9770	9770	59	59	10	10	7428	7428	1685	1685	42	42	33	33	156	156	21	21	6074	6074	5336	5336	31838	31838	29762	29762	79	79	1397	1397	22417	22417	10654	10654	238	238	19	19	127	127	43	43	40	40	19	19	792	792	1544	1544	39	39	116	116	773	773	83	83	4933	4933	5732	5732	964	964	868	868	81	81	55	55	40	40	3	3	382	382	216	216	224	224	87	87	867	867	6	6	1031	1031	892	892	30	30	4	4	1677	1677	896	896	83	83	26	26	5948	5948	8643	8643	19413	19413	44144	44144	4	4	4	4
IND00533	917	917	648	648	607	607	1533	1533	44	44	21	21	3438	3438	2689	2689	171	171	910	910	3922	3922	2372	2372	6085	6085	4415	4415	467	467	3800	3800	154	154	256	256	5	5	15	15	1638	1638	1403	1403	38	38	15	15	3624	3624	3041	3041	1615	1615	2034	2034	42	42	50	50	1259	1259	423	423	916	916	659	659	25312	25312	23179	23179	120	120	239	239	422	422	10760	10760	332	332	94	94	13068	13068	13561	13561	21	21	3	3	1965	1965	3436	3436	71	71	16	16	1	1	162	162	4611	4611	5374	5374	16846	16846	4557	4557	578	578	680	680	625	625	12781	12781	114	114	157	157	39	39	3	3	46	46	40	40	883	883	396	396	23	23	46	46	738	738	227	227	3954	3954	8092	8092	819	819	421	421	3	3	22	22	19	19	40	40	339	339	512	512	93	93	174	174	899	899	303	303	912	912	1325	1325	9	9	23	23	845	845	310	310	17	17	106	106	8094	8094	9735	9735	60863	60863	57910	57910	2	2	3	3
IND00534	666	666	878	878	1673	1673	26	26	46	46	58	58	2002	2002	2586	2586	2559	2559	812	812	2101	2101	1345	1345	544	544	6582	6582	633	633	2293	2293	67	67	42	42	11	11	8	8	3986	3986	3499	3499	112	112	15	15	5094	5094	6621	6621	49	49	136	136	41	41	23	23	1298	1298	1493	1493	851	851	307	307	14580	14580	19267	19267	144	144	34	34	1619	1619	39	39	392	392	479	479	11352	11352	3945	3945	26	26	43	43	7826	7826	4768	4768	36	36	21	21	133	133	226	226	6298	6298	878	878	8648	8648	4260	4260	1548	1548	1694	1694	5945	5945	20068	20068	87	87	169	169	70	70	20	20	24	24	32	32	421	421	884	884	86	86	113	113	750	750	57	57	4028	4028	7525	7525	1635	1635	613	613	73	73	22	22	63	63	43	43	347	347	217	217	169	169	176	176	148	148	486	486	1264	1264	551	551	28	28	24	24	353	353	1691	1691	82	82	127	127	31530	31530	21142	21142	4549	4549	9573	9573	4	4	2	2
IND00535	394	394	1019	1019	837	837	1674	1674	6	6	4	4	2247	2247	3958	3958	2158	2158	1519	1519	1561	1561	3990	3990	4981	4981	380	380	3910	3910	865	865	210	210	71	71	13	13	10	10	3383	3383	3184	3184	5	5	8	8	6314	6314	6167	6167	1584	1584	1001	1001	36	36	44	44	136	136	474	474	819	819	172	172	24389	24389	32468	32468	215	215	209	209	7992	7992	15279	15279	584	584	161	161	8760	8760	8738	8738	31	31	52	52	6858	6858	7146	7146	122	122	7	7	221	221	226	226	4781	4781	6848	6848	404	404	4790	4790	147	147	1209	1209	31416	31416	3748	3748	80	80	130	130	42	42	36	36	29	29	29	29	580	580	36	36	103	103	108	108	138	138	107	107	6610	6610	8026	8026	147	147	922	922	128	128	81	81	49	49	51	51	156	156	134	134	106	106	40	40	55	55	153	153	1441	1441	1982	1982	22	22	14	14	1064	1064	1110	1110	5	5	49	49	11343	11343	19001	19001	1460	1460	8835	8835	1	1	3	3
IND00536	915	915	282	282	1177	1177	91	91	31	31	61	61	679	679	1871	1871	3624	3624	2596	2596	192	192	752	752	7712	7712	2861	2861	2801	2801	1833	1833	87	87	237	237	12	12	10	10	171	171	2533	2533	21	21	58	58	4491	4491	1461	1461	482	482	1494	1494	113	113	124	124	1212	1212	808	808	240	240	771	771	6805	6805	2497	2497	128	128	56	56	4915	4915	67	67	212	212	71	71	12400	12400	3956	3956	49	49	39	39	4834	4834	5161	5161	22	22	90	90	25	25	242	242	6803	6803	4175	4175	12544	12544	28029	28029	1720	1720	1586	1586	9777	9777	18476	18476	126	126	125	125	50	50	50	50	35	35	35	35	1780	1780	1596	1596	29	29	64	64	331	331	387	387	2558	2558	7362	7362	388	388	1405	1405	56	56	98	98	16	16	42	42	146	146	63	63	126	126	215	215	87	87	351	351	1634	1634	572	572	6	6	27	27	154	154	1119	1119	71	71	58	58	26443	26443	27684	27684	50899	50899	29949	29949	1	1	3	3
IND00537	116	116	649	649	814	814	736	736	36	36	12	12	2631	2631	921	921	4086	4086	2457	2457	1396	1396	635	635	5148	5148	2073	2073	1806	1806	2068	2068	162	162	93	93	11	11	6	6	723	723	671	671	59	59	4	4	6119	6119	1280	1280	634	634	888	888	124	124	51	51	1176	1176	920	920	950	950	1004	1004	14643	14643	4970	4970	114	114	232	232	9255	9255	9485	9485	999	999	551	551	4870	4870	3602	3602	48	48	45	45	8016	8016	3539	3539	122	122	104	104	193	193	82	82	1535	1535	2855	2855	7083	7083	100	100	1024	1024	4	4	4462	4462	4612	4612	95	95	37	37	33	33	76	76	55	55	46	46	1634	1634	957	957	9	9	72	72	209	209	723	723	1262	1262	4403	4403	1139	1139	471	471	12	12	120	120	59	59	3	3	381	381	264	264	79	79	118	118	383	383	119	119	229	229	69	69	21	21	18	18	168	168	993	993	116	116	17	17	28321	28321	14249	14249	56878	56878	7294	7294	3	3	1	1
IND00538	473	473	217	217	729	729	1097	1097	11	11	39	39	2319	2319	1024	1024	3060	3060	1502	1502	3473	3473	1685	1685	5988	5988	4083	4083	2515	2515	2029	2029	81	81	50	50	8	8	11	11	891	891	435	435	59	59	35	35	3279	3279	5698	5698	360	360	422	422	46	46	54	54	69	69	1102	1102	253	253	245	245	4124	4124	8170	8170	110	110	247	247	517	517	5388	5388	1014	1014	768	768	2845	2845	15782	15782	48	48	38	38	1292	1292	2296	2296	12	12	116	116	186	186	143	143	6718	6718	7997	7997	14588	14588	1957	1957	287	287	617	617	15212	15212	6605	6605	86	86	145	145	83	83	24	24	1	1	35	35	361	361	1489	1489	1	1	89	89	663	663	657	657	6223	6223	7914	7914	1718	1718	2033	2033	105	105	26	26	34	34	28	28	374	374	470	470	78	78	189	189	965	965	786	786	607	607	217	217	4	4	8	8	2031	2031	1068	1068	33	33	104	104	19895	19895	26892	26892	40002	40002	36273	36273	3	3	2	2
IND00539	689	689	770	770	524	524	471	471	24	24	36	36	1889	1889	1075	1075	3475	3475	807	807	537	537	806	806	2853	2853	2849	2849	4070	4070	1916	1916	125	125	90	90	15	15	7	7	2477	2477	1248	1248	63	63	63	63	3161	3161	5953	5953	985	985	474	474	9	9	8	8	569	569	1826	1826	672	672	961	961	13416	13416	6533	6533	117	117	142	142	7952	7952	3554	3554	517	517	797	797	12901	12901	14655	14655	7	7	17	17	3878	3878	5333	5333	30	30	35	35	105	105	19	19	5005	5005	1252	1252	2702	2702	8299	8299	100	100	1351	1351	23638	23638	6895	6895	112	112	60	60	11	11	64	64	37	37	17	17	1696	1696	1057	1057	34	34	33	33	697	697	921	921	3808	3808	6412	6412	1393	1393	1602	1602	84	84	8	8	36	36	14	14	384	384	147	147	141	141	211	211	78	78	470	470	123	123	1876	1876	26	26	30	30	1695	1695	1218	1218	125	125	73	73	4075	4075	4559	4559	16144	16144	35896	35896	2	2	4	4
IND00540	210	210	969	969	1930	1930	1104	1104	8	8	62	62	1366	1366	191	191	1395	1395	3710	3710	4008	4008	1172	1172	5573	5573	1823	1823	3452	3452	632	632	105	105	101	101	1	1	15	15	682	682	137	137	119	119	123	123	5334	5334	7777	7777	1815	1815	1392	1392	2	2	94	94	886	886	1450	1450	852	852	474	474	7900	7900	5142	5142	10	10	201	201	7685	7685	13357	13357	474	474	490	490	11262	11262	11763	11763	30	30	53	53	1929	1929	4777	4777	109	109	119	119	30	30	7	7	3816	3816	6267	6267	18592	18592	2799	2799	1535	1535	454	454	16640	16640	669	669	172	172	139	139	60	60	94	94	33	33	9	9	394	394	619	619	64	64	68	68	510	510	1018	1018	3407	3407	4083	4083	762	762	1161	1161	61	61	44	44	54	54	43	43	48	48	142	142	29	29	41	41	26	26	660	660	1777	1777	1	1	32	32	9	9	356	356	1068	1068	99	99	98	98	6823	6823	3817	3817	59563	59563	12779	12779	3	3	4	4
IND00541	84	84	658	658	702	702	1793	1793	11	11	43	43	3676	3676	2193	2193	3803	3803	281	281	2957	2957	662	662	7897	7897	2362	2362	2174	2174	64	64	178	178	99	99	8	8	3	3	1080	1080	1014	1014	89	89	126	126	897	897	6000	6000	664	664	1563	1563	87	87	117	117	415	415	1163	1163	125	125	199	199	5206	5206	18648	18648	24	24	171	171	8960	8960	9361	9361	250	250	200	200	8932	8932	1212	1212	56	56	17	17	6189	6189	5176	5176	64	64	123	123	156	156	26	26	4435	4435	2994	2994	14015	14015	20698	20698	1875	1875	1201	1201	3244	3244	28910	28910	207	207	200	200	50	50	37	37	50	50	33	33	538	538	1068	1068	84	84	77	77	355	355	51	51	7481	7481	106	106	1418	1418	1040	1040	2	2	28	28	3	3	64	64	277	277	227	227	215	215	100	100	66	66	438	438	1764	1764	510	510	28	28	28	28	1551	1551	2043	2043	23	23	123	123	15220	15220	19061	19061	46667	46667	61962	61962	2	2	4	4
IND00542	657	657	443	443	743	743	1416	1416	42	42	27	27	2474	2474	1773	1773	515	515	1005	1005	2226	2226	4064	4064	5111	5111	69	69	309	309	3205	3205	83	83	40	40	10	10	7	7	4005	4005	181	181	40	40	100	100	5196	5196	4577	4577	1731	1731	1931	1931	41	41	108	108	1444	1444	1864	1864	726	726	585	585	19613	19613	16231	16231	82	82	34	34	9045	9045	8136	8136	921	921	650	650	2160	2160	8024	8024	61	61	43	43	4388	4388	5340	5340	125	125	48	48	175	175	213	213	1613	1613	5801	5801	17409	17409	19778	19778	919	919	1429	1429	18693	18693	3867	3867	240	240	245	245	66	66	47	47	11	11	24	24	299	299	1112	1112	49	49	1	1	199	199	403	403	4064	4064	501	501	1858	1858	447	447	76	76	46	46	16	16	50	50	376	376	405	405	51	51	113	113	744	744	683	683	1138	1138	1148	1148	5	5	10	10	591	591	1745	1745	29	29	6	6	7329	7329	28271	28271	5394	5394	14743	14743	2	2	4	4
IND00543	768	768	708	708	314	314	968	968	37	37	13	13	2716	2716	3782	3782	3313	3313	2115	2115	4043	4043	1102	1102	5006	5006	1365	1365	1827	1827	1695	1695	252	252	202	202	4	4	14	14	3471	3471	2227	2227	97	97	108	108	3470	3470	6901	6901	1566	1566	1936	1936	77	77	92	92	787	787	1564	1564	643	643	793	793	31085	31085	28445	28445	172	172	119	119	8871	8871	5848	5848	51	51	9	9	5768	5768	16101	16101	19	19	20	20	3874	3874	688	688	16	16	107	107	57	57	171	171	7221	7221	1874	1874	22339	22339	20410	20410	925	925	1060	1060	14297	14297	3960	3960	123	123	174	174	79	79	108	108	24	24	55	55	1091	1091	843	843	93	93	96	96	565	565	270	270	5936	5936	1983	1983	63	63	437	437	46	46	71	71	36	36	15	15	188	188	415	415	69	69	241	241	728	728	303	303	185	185	1453	1453	18	18	13	13	688	688	1153	1153	117	117	37	37	23020	23020	17255	17255	16643	16643	49192	49192	3	3	3	3
IND00544	247	247	986	986	1349	1349	505	505	12	12	15	15	3918	3918	3242	3242	2779	2779	300	300	2540	2540	2060	2060	6784	6784	2517	2517	1455	1455	2848	2848	103	103	231	231	11	11	8	8	3202	3202	1412	1412	105	105	1	1	1664	1664	1212	1212	427	427	358	358	7	7	35	35	514	514	1174	1174	309	309	666	666	4266	4266	9287	9287	130	130	40	40	1343	1343	13429	13429	958	958	749	749	1372	1372	9757	9757	56	56	45	45	96	96	5620	5620	114	114	23	23	170	170	44	44	2521	2521	15	15	24036	24036	7484	7484	1081	1081	883	883	22008	22008	28567	28567	33	33	48	48	128	128	116	116	58	58	46	46	1002	1002	1032	1032	51	51	127	127	29	29	278	278	6000	6000	2739	2739	1027	1027	1440	1440	8	8	3	3	59	59	34	34	425	425	159	159	218	218	7	7	1011	1011	843	843	1845	1845	1102	1102	18	18	9	9	1563	1563	489	489	54	54	8	8	31232	31232	6909	6909	16981	16981	16365	16365	1	1	3	3
IND00545	512	512	607	607	1626	1626	529	529	4	4	2	2	3842	3842	2758	2758	2251	2251	3294	3294	2883	2883	2283	2283	5940	5940	396	396	478	478	2576	2576	205	205	97	97	6	6	12	12	116	116	41	41	66	66	82	82	1872	1872	589	589	797	797	1978	1978	96	96	42	42	699	699	1294	1294	764	764	950	950	23594	23594	15791	15791	95	95	223	223	1703	1703	4491	4491	390	390	377	377	11790	11790	10060	10060	30	30	44	44	8159	8159	3993	3993	121	121	87	87	104	104	195	195	6971	6971	5606	5606	3024	3024	25781	25781	888	888	2042	2042	6294	6294	19413	19413	147	147	244	244	22	22	8	8	33	33	49	49	1109	1109	711	711	112	112	30	30	601	601	8	8	7802	7802	2578	2578	1625	1625	233	233	59	59	58	58	22	22	19	19	35	35	142	142	152	152	203	203	686	686	286	286	1741	1741	287	287	14	14	20	20	669	669	1921	1921	37	37	73	73	32071	32071	29064	29064	13033	13033	4576	4576	3	3	1	1
IND00546	1021	1021	881	881	1618	1618	57	57	59	59	48	48	653	653	2952	2952	342	342	3867	3867	3434	3434	369	369	624	624	5123	5123	3327	3327	1052	1052	182	182	66	66	3	3	12	12	2312	2312	2821	2821	70	70	41	41	1152	1152	5311	5311	759	759	529	529	115	115	85	85	325	325	775	775	641	641	396	396	7815	7815	14685	14685	23	23	19	19	1746	1746	12301	12301	616	616	147	147	1335	1335	1611	1611	11	11	42	42	5118	5118	4948	4948	14	14	58	58	174	174	243	243	2343	2343	1826	1826	11360	11360	9066	9066	1698	1698	509	509	565	565	25302	25302	209	209	113	113	8	8	32	32	39	39	13	13	130	130	1927	1927	39	39	55	55	347	347	333	333	3919	3919	3468	3468	1646	1646	1596	1596	110	110	104	104	11	11	26	26	492	492	298	298	38	38	150	150	409	409	100	100	349	349	918	918	24	24	9	9	949	949	1848	1848	57	57	32	32	12763	12763	15911	15911	36598	36598	25962	25962	1	1	3	3
IND00547	906	906	351	351	587	587	2024	2024	36	36	36	36	899	899	2177	2177	1157	1157	3220	3220	3824	3824	3007	3007	4848	4848	7515	7515	3909	3909	1972	1972	63	63	74	74	5	5	7	7	343	343	3897	3897	64	64	123	123	3599	3599	1086	1086	911	911	1379	1379	44	44	96	96	2044	2044	418	418	486	486	757	757	27267	27267	18070	18070	218	218	113	113	12495	12495	709	709	996	996	663	663	16038	16038	5921	5921	12	12	64	64	5346	5346	7675	7675	5	5	110	110	158	158	82	82	2176	2176	6882	6882	21138	21138	16714	16714	1766	1766	320	320	24757	24757	22781	22781	71	71	71	71	94	94	32	32	41	41	18	18	1296	1296	1032	1032	16	16	52	52	452	452	904	904	4425	4425	6575	6575	2011	2011	189	189	79	79	99	99	22	22	56	56	370	370	487	487	168	168	103	103	651	651	772	772	831	831	1096	1096	23	23	3	3	915	915	679	679	44	44	114	114	21218	21218	25109	25109	31729	31729	2289	2289	1	1	1	1
IND00548	204	204	727	727	92	92	720	720	8	8	58	58	156	156	965	965	53	53	2489	2489	2428	2428	2824	2824	5236	5236	4344	4344	2339	2339	1292	1292	221	221	109	109	12	12	16	16	224	224	3645	3645	93	93	115	115	3461	3461	2099	2099	545	545	208	208	5	5	54	54	641	641	783	783	997	997	557	557	31282	31282	31667	31667	150	150	99	99	3258	3258	7750	7750	375	375	84	84	10347	10347	11744	11744	22	22	39	39	4448	4448	7806	7806	61	61	61	61	75	75	122	122	7930	7930	5330	5330	641	641	175	175	1272	1272	2042	2042	12235	12235	1455	1455	16	16	222	222	126	126	110	110	51	51	15	15	776	776	1886	1886	58	58	9	9	711	711	76	76	165	165	3706	3706	141	141	424	424	90	90	30	30	60	60	61	61	362	362	318	318	109	109	219	219	864	864	522	522	1865	1865	1310	1310	1	1	32	32	1025	1025	742	742	1	1	13	13	29962	29962	15859	15859	52415	52415	43857	43857	4	4	2	2
IND00549	70	70	1020	1020	1430	1430	1552	1552	52	52	44	44	3994	3994	920	920	3768	3768	2553	2553	3610	3610	2540	2540	1890	1890	3997	3997	1642	1642	2335	2335	110	110	250	250	4	4	3	3	2683	2683	3293	3293	87	87	118	118	7985	7985	7518	7518	1581	1581	266	266	75	75	28	28	1862	1862	203	203	580	580	192	192	7544	7544	7205	7205	121	121	89	89	9522	9522	10365	10365	799	799	728	728	5979	5979	5947	5947	10	10	31	31	5151	5151	3292	3292	73	73	110	110	1	1	238	238	4365	4365	536	536	13426	13426	26144	26144	777	777	1909	1909	3457	3457	6399	6399	53	53	97	97	41	41	85	85	61	61	12	12	1533	1533	804	804	40	40	46	46	764	764	245	245	4016	4016	198	198	1550	1550	1555	1555	94	94	116	116	14	14	32	32	3	3	403	403	246	246	12	12	1013	1013	726	726	291	291	1712	1712	16	16	32	32	1221	1221	76	76	26	26	21	21	23505	23505	28033	28033	46473	46473	29759	29759	1	1	1	1
IND00550	81	81	321	321	1290	1290	1172	1172	27	27	38	38	412	412	2694	2694	2765	2765	1007	1007	3314	3314	465	465	3749	3749	7985	7985	2471	2471	1951	1951	253	253	224	224	13	13	1	1	3723	3723	3935	3935	89	89	54	54	5211	5211	1300	1300	1968	1968	1554	1554	3	3	82	82	1757	1757	350	350	331	331	793	793	13411	13411	17359	17359	77	77	195	195	14860	14860	13321	13321	791	791	344	344	9215	9215	5021	5021	6	6	18	18	993	993	7401	7401	58	58	72	72	143	143	161	161	6603	6603	5672	5672	282	282	1124	1124	1094	1094	1008	1008	17159	17159	21569	21569	175	175	90	90	115	115	2	2	6	6	15	15	1302	1302	1231	1231	31	31	65	65	825	825	914	914	3980	3980	1506	1506	206	206	593	593	88	88	32	32	20	20	11	11	469	469	39	39	10	10	89	89	514	514	858	858	1620	1620	622	622	1	1	23	23	1254	1254	62	62	91	91	44	44	3155	3155	21592	21592	14782	14782	18830	18830	3	3	2	2
IND00551	619	619	606	606	175	175	1432	1432	36	36	32	32	2969	2969	2745	2745	1676	1676	4018	4018	2790	2790	414	414	3820	3820	2903	2903	1101	1101	3872	3872	244	244	102	102	6	6	11	11	466	466	1654	1654	112	112	105	105	5583	5583	7868	7868	626	626	1675	1675	113	113	85	85	1254	1254	1607	1607	879	879	421	421	4239	4239	2211	2211	19	19	240	240	16373	16373	13007	13007	142	142	582	582	1575	1575	2888	2888	13	13	39	39	7569	7569	4869	4869	46	46	43	43	128	128	30	30	2590	2590	3011	3011	1957	1957	24844	24844	1969	1969	689	689	22139	22139	9696	9696	180	180	177	177	115	115	123	123	61	61	46	46	2040	2040	1013	1013	82	82	80	80	884	884	47	47	4458	4458	4269	4269	1319	1319	983	983	119	119	68	68	29	29	33	33	509	509	33	33	182	182	188	188	923	923	735	735	535	535	681	681	32	32	2	2	1316	1316	1528	1528	123	123	29	29	11558	11558	8011	8011	46602	46602	38018	38018	3	3	3	3
IND00552	734	734	397	397	1646	1646	74	74	50	50	59	59	2370	2370	2610	2610	2456	2456	258	258	3876	3876	2357	2357	7711	7711	6734	6734	1774	1774	3889	3889	180	180	98	98	1	1	13	13	3986	3986	1808	1808	21	21	113	113	6644	6644	6991	6991	2038	2038	1095	1095	106	106	69	69	778	778	969	969	13	13	642	642	7893	7893	32337	32337	109	109	42	42	8461	8461	4390	4390	102	102	961	961	5580	5580	7669	7669	33	33	30	30	998	998	5814	5814	64	64	46	46	121	121	47	47	901	901	6335	6335	20000	20000	1456	1456	674	674	1848	1848	5478	5478	9398	9398	7	7	61	61	120	120	74	74	23	23	11	11	1975	1975	929	929	113	113	75	75	821	821	205	205	3496	3496	5549	5549	1542	1542	1936	1936	76	76	87	87	18	18	3	3	371	371	303	303	226	226	146	146	799	799	191	191	642	642	838	838	24	24	8	8	1203	1203	442	442	4	4	49	49	16397	16397	9686	9686	17175	17175	61414	61414	3	3	1	1
IND00553	803	803	974	974	1140	1140	750	750	50	50	60	60	599	599	2466	2466	2642	2642	1041	1041	4067	4067	3890	3890	4719	4719	5631	5631	237	237	3080	3080	247	247	248	248	15	15	4	4	148	148	2164	2164	127	127	23	23	6456	6456	2503	2503	1924	1924	1499	1499	31	31	11	11	1855	1855	84	84	1003	1003	549	549	19811	19811	30100	30100	90	90	31	31	12125	12125	1533	1533	861	861	787	787	5521	5521	9147	9147	63	63	2	2	7497	7497	6062	6062	107	107	85	85	157	157	101	101	610	610	894	894	12598	12598	15579	15579	1346	1346	1131	1131	30662	30662	31039	31039	62	62	121	121	7	7	31	31	3	3	20	20	1751	1751	1949	1949	49	49	83	83	389	389	407	407	3996	3996	4791	4791	839	839	1297	1297	48	48	80	80	36	36	47	47	275	275	399	399	33	33	79	79	838	838	131	131	1546	1546	2018	2018	7	7	32	32	1088	1088	459	459	29	29	37	37	18698	18698	21023	21023	33269	33269	30892	30892	1	1	3	3
IND00554	894	894	261	261	616	616	1626	1626	2	2	33	33	3893	3893	2111	2111	1952	1952	1799	1799	3252	3252	1994	1994	949	949	4507	4507	1665	1665	1663	1663	237	237	225	225	3	3	4	4	482	482	568	568	65	65	107	107	7814	7814	6046	6046	97	97	1613	1613	48	48	18	18	286	286	649	649	517	517	134	134	14771	14771	19203	19203	256	256	42	42	1743	1743	13729	13729	111	111	212	212	14977	14977	12683	12683	56	56	38	38	7751	7751	5123	5123	102	102	64	64	171	171	81	81	3628	3628	248	248	26501	26501	7593	7593	1548	1548	1493	1493	8126	8126	26689	26689	67	67	171	171	96	96	62	62	49	49	48	48	1180	1180	57	57	40	40	59	59	438	438	79	79	521	521	593	593	1017	1017	1102	1102	77	77	60	60	5	5	7	7	160	160	116	116	175	175	239	239	455	455	347	347	1582	1582	686	686	27	27	11	11	124	124	319	319	103	103	90	90	8396	8396	30492	30492	52693	52693	19481	19481	4	4	4	4
IND00555	760	760	400	400	208	208	1122	1122	49	49	24	24	363	363	10	10	1565	1565	2076	2076	2370	2370	4059	4059	3742	3742	7677	7677	3762	3762	2277	2277	255	255	223	223	16	16	7	7	8	8	1529	1529	44	44	125	125	947	947	3883	3883	424	424	851	851	6	6	20	20	181	181	1693	1693	663	663	286	286	25530	25530	23868	23868	47	47	50	50	11725	11725	641	641	474	474	697	697	9984	9984	1330	1330	1	1	46	46	5468	5468	5450	5450	74	74	13	13	229	229	57	57	3887	3887	4383	4383	5498	5498	5553	5553	251	251	1108	1108	27314	27314	1333	1333	47	47	251	251	63	63	52	52	24	24	34	34	2011	2011	1202	1202	45	45	112	112	37	37	357	357	375	375	3553	3553	1419	1419	703	703	12	12	118	118	47	47	17	17	193	193	321	321	199	199	37	37	610	610	153	153	1013	1013	613	613	8	8	13	13	1061	1061	346	346	99	99	37	37	23737	23737	25122	25122	52561	52561	48515	48515	4	4	4	4
IND00556	90	90	286	286	46	46	119	119	20	20	14	14	880	880	1752	1752	377	377	1953	1953	65	65	904	904	1904	1904	6581	6581	3717	3717	1985	1985	101	101	143	143	12	12	2	2	988	988	528	528	73	73	80	80	4742	4742	1488	1488	1295	1295	640	640	69	69	91	91	1056	1056	1902	1902	795	795	158	158	3946	3946	12711	12711	242	242	234	234	10372	10372	13591	13591	610	610	234	234	4557	4557	10583	10583	42	42	3	3	1922	1922	2960	2960	45	45	60	60	162	162	18	18	6434	6434	908	908	21191	21191	5172	5172	1012	1012	1742	1742	5953	5953	20253	20253	178	178	70	70	115	115	37	37	18	18	33	33	1133	1133	1322	1322	13	13	72	72	330	330	626	626	6308	6308	5872	5872	1232	1232	1115	1115	119	119	92	92	42	42	47	47	182	182	364	364	164	164	148	148	483	483	649	649	649	649	723	723	18	18	4	4	68	68	1459	1459	26	26	57	57	16452	16452	19130	19130	28733	28733	44472	44472	4	4	3	3
IND00557	459	459	694	694	1525	1525	1836	1836	10	10	33	33	1928	1928	609	609	936	936	2073	2073	2724	2724	2768	2768	498	498	2260	2260	821	821	3819	3819	201	201	161	161	2	2	15	15	3561	3561	1375	1375	14	14	17	17	3463	3463	6137	6137	836	836	1513	1513	109	109	56	56	1502	1502	1588	1588	852	852	511	511	7586	7586	2050	2050	196	196	170	170	15386	15386	12153	12153	908	908	616	616	1926	1926	14370	14370	5	5	44	44	7710	7710	2233	2233	123	123	15	15	154	154	16	16	6077	6077	538	538	28465	28465	11524	11524	1307	1307	479	479	29985	29985	17656	17656	76	76	250	250	43	43	1	1	27	27	47	47	267	267	726	726	100	100	118	118	303	303	39	39	6420	6420	5314	5314	107	107	1497	1497	79	79	17	17	22	22	27	27	273	273	469	469	206	206	171	171	804	804	172	172	1589	1589	1936	1936	16	16	15	15	1216	1216	1037	1037	85	85	97	97	22860	22860	2458	2458	54082	54082	51408	51408	3	3	1	1
IND00558	9	9	862	862	1323	1323	1682	1682	58	58	25	25	2375	2375	3488	3488	3265	3265	1470	1470	2645	2645	3345	3345	7489	7489	390	390	1874	1874	3015	3015	236	236	122	122	16	16	6	6	283	283	1776	1776	109	109	24	24	2228	2228	3995	3995	1730	1730	98	98	14	14	127	127	1932	1932	420	420	92	92	4	4	2117	2117	23052	23052	21	21	219	219	713	713	7595	7595	183	183	54	54	2862	2862	253	253	63	63	18	18	2544	2544	1544	1544	20	20	12	12	244	244	118	118	6335	6335	2066	2066	24097	24097	4752	4752	1625	1625	345	345	30293	30293	1736	1736	208	208	172	172	106	106	83	83	25	25	57	57	467	467	629	629	13	13	119	119	796	796	208	208	8021	8021	470	470	1633	1633	533	533	55	55	24	24	13	13	39	39	186	186	409	409	19	19	65	65	793	793	173	173	1793	1793	1130	1130	30	30	22	22	356	356	1599	1599	113	113	101	101	3735	3735	5147	5147	11955	11955	3574	3574	4	4	4	4
IND00559	138	138	931	931	1631	1631	1172	1172	26	26	8	8	1870	1870	695	695	3250	3250	3500	3500	2378	2378	2852	2852	4750	4750	3935	3935	93	93	353	353	99	99	54	54	3	3	4	4	1511	1511	3285	3285	58	58	60	60	3126	3126	1232	1232	1364	1364	2007	2007	44	44	119	119	1901	1901	42	42	264	264	536	536	3542	3542	8066	8066	205	205	20	20	7452	7452	1338	1338	252	252	753	753	3364	3364	3713	3713	61	61	18	18	472	472	4162	4162	103	103	52	52	168	168	22	22	2513	2513	7895	7895	11651	11651	9051	9051	1017	1017	164	164	1118	1118	22070	22070	255	255	175	175	98	98	56	56	33	33	27	27	61	61	878	878	71	71	51	51	540	540	691	691	3006	3006	8126	8126	970	970	1038	1038	19	19	48	48	22	22	47	47	148	148	230	230	48	48	219	219	997	997	294	294	1427	1427	886	886	8	8	15	15	307	307	1911	1911	84	84	103	103	12273	12273	6308	6308	26182	26182	9335	9335	3	3	4	4
IND00560	701	701	401	401	1630	1630	1125	1125	46	46	29	29	129	129	159	159	1330	1330	3561	3561	3663	3663	2223	2223	3123	3123	7986	7986	1787	1787	1766	1766	220	220	20	20	9	9	9	9	3151	3151	993	993	86	86	34	34	6632	6632	6059	6059	1515	1515	320	320	42	42	55	55	19	19	1837	1837	830	830	767	767	25607	25607	6199	6199	113	113	225	225	4750	4750	9063	9063	527	527	370	370	2886	2886	7564	7564	59	59	20	20	743	743	3108	3108	8	8	102	102	194	194	200	200	2999	2999	564	564	30204	30204	22177	22177	245	245	1284	1284	30221	30221	12672	12672	95	95	210	210	28	28	57	57	32	32	41	41	2010	2010	1088	1088	12	12	57	57	708	708	87	87	7742	7742	85	85	1435	1435	1659	1659	13	13	5	5	26	26	47	47	496	496	488	488	214	214	180	180	836	836	221	221	841	841	474	474	2	2	5	5	330	330	1764	1764	85	85	93	93	454	454	1575	1575	15723	15723	44584	44584	3	3	4	4
IND00561	599	599	529	529	1349	1349	2014	2014	27	27	9	9	1867	1867	2176	2176	1198	1198	566	566	1161	1161	3401	3401	159	159	268	268	3057	3057	2023	2023	231	231	189	189	15	15	10	10	110	110	850	850	44	44	80	80	5355	5355	2497	2497	347	347	40	40	55	55	71	71	163	163	340	340	157	157	351	351	2689	2689	20943	20943	256	256	122	122	10748	10748	1155	1155	166	166	534	534	1442	1442	887	887	59	59	33	33	6596	6596	2165	2165	126	126	124	124	81	81	19	19	1328	1328	4781	4781	3540	3540	17568	17568	411	411	739	739	28889	28889	16729	16729	53	53	239	239	51	51	109	109	32	32	11	11	743	743	1593	1593	52	52	90	90	225	225	314	314	6327	6327	4746	4746	404	404	1902	1902	66	66	3	3	13	13	10	10	153	153	256	256	60	60	80	80	756	756	771	771	1497	1497	760	760	3	3	21	21	138	138	200	200	48	48	115	115	25253	25253	8805	8805	3735	3735	49750	49750	2	2	3	3
IND00562	946	946	952	952	731	731	799	799	24	24	62	62	1553	1553	17	17	947	947	2539	2539	1428	1428	660	660	6169	6169	6961	6961	2591	2591	3223	3223	113	113	246	246	8	8	1	1	283	283	3380	3380	15	15	85	85	6318	6318	7370	7370	884	884	230	230	67	67	21	21	1623	1623	1377	1377	581	581	690	690	20584	20584	22422	22422	118	118	15	15	11975	11975	6917	6917	982	982	78	78	10415	10415	6502	6502	8	8	63	63	4604	4604	4578	4578	91	91	81	81	233	233	206	206	6936	6936	70	70	20267	20267	30309	30309	1393	1393	891	891	31981	31981	7589	7589	191	191	175	175	79	79	36	36	17	17	34	34	1019	1019	1205	1205	12	12	11	11	32	32	563	563	7776	7776	2407	2407	1809	1809	1897	1897	111	111	61	61	23	23	21	21	51	51	203	203	6	6	112	112	177	177	542	542	183	183	528	528	16	16	30	30	1838	1838	823	823	57	57	66	66	28657	28657	4807	4807	14683	14683	49988	49988	3	3	4	4
IND00563	747	747	375	375	19	19	734	734	43	43	59	59	3893	3893	1365	1365	4085	4085	2362	2362	358	358	1357	1357	4298	4298	3306	3306	3543	3543	1473	1473	184	184	35	35	16	16	16	16	2482	2482	3253	3253	90	90	26	26	4474	4474	7905	7905	1180	1180	1206	1206	29	29	57	57	908	908	315	315	276	276	100	100	30915	30915	31204	31204	148	148	170	170	16283	16283	16371	16371	439	439	447	447	10250	10250	10828	10828	36	36	57	57	1792	1792	8020	8020	100	100	62	62	192	192	191	191	7784	7784	4689	4689	28459	28459	2979	2979	1057	1057	1846	1846	20041	20041	19256	19256	252	252	45	45	42	42	117	117	2	2	44	44	495	495	1398	1398	82	82	75	75	239	239	300	300	1799	1799	205	205	208	208	1634	1634	106	106	87	87	64	64	61	61	414	414	139	139	127	127	205	205	514	514	548	548	71	71	1633	1633	12	12	27	27	647	647	1975	1975	82	82	120	120	10294	10294	3001	3001	14792	14792	31119	31119	3	3	4	4
IND00564	834	834	148	148	1224	1224	211	211	40	40	5	5	3279	3279	863	863	3766	3766	1960	1960	3291	3291	276	276	7108	7108	2975	2975	1190	1190	3043	3043	250	250	249	249	7	7	16	16	2651	2651	2273	2273	32	32	60	60	1152	1152	2072	2072	899	899	1917	1917	52	52	29	29	129	129	1497	1497	115	115	1022	1022	16332	16332	9541	9541	16	16	62	62	14135	14135	14193	14193	773	773	381	381	9513	9513	11288	11288	51	51	23	23	7853	7853	3028	3028	14	14	96	96	12	12	142	142	4745	4745	963	963	28810	28810	29453	29453	672	672	944	944	13285	13285	22980	22980	94	94	228	228	42	42	94	94	8	8	56	56	1792	1792	1248	1248	57	57	18	18	899	899	956	956	7993	7993	8023	8023	1012	1012	167	167	31	31	33	33	60	60	15	15	129	129	486	486	46	46	204	204	330	330	644	644	228	228	926	926	1	1	24	24	557	557	896	896	11	11	97	97	14617	14617	2461	2461	5164	5164	49510	49510	1	1	3	3
IND00565	663	663	46	46	1901	1901	1532	1532	10	10	49	49	2946	2946	76	76	1987	1987	656	656	2187	2187	818	818	36	36	5256	5256	3988	3988	768	768	229	229	227	227	6	6	12	12	3489	3489	3731	3731	96	96	27	27	3890	3890	3586	3586	819	819	27	27	40	40	37	37	1727	1727	1651	1651	935	935	273	273	16810	16810	20117	20117	93	93	237	237	4037	4037	4990	4990	566	566	25	25	2034	2034	10063	10063	21	21	40	40	6775	6775	5319	5319	64	64	31	31	80	80	54	54	6700	6700	7412	7412	20165	20165	18617	18617	1155	1155	1747	1747	15850	15850	25899	25899	98	98	126	126	122	122	126	126	28	28	22	22	1889	1889	1531	1531	70	70	20	20	614	614	527	527	4612	4612	4756	4756	480	480	1859	1859	78	78	59	59	17	17	41	41	269	269	47	47	171	171	49	49	1015	1015	270	270	1018	1018	156	156	15	15	31	31	1937	1937	532	532	28	28	6	6	26062	26062	3599	3599	36129	36129	40795	40795	3	3	1	1
IND00566	524	524	1021	1021	135	135	838	838	25	25	38	38	3495	3495	3344	3344	2656	2656	1415	1415	1617	1617	5	5	2351	2351	5878	5878	2340	2340	3717	3717	86	86	203	203	3	3	7	7	2957	2957	1017	1017	22	22	82	82	4161	4161	452	452	310	310	789	789	114	114	101	101	704	704	465	465	910	910	777	777	17241	17241	25060	25060	254	254	44	44	5	5	11193	11193	691	691	504	504	11163	11163	8958	8958	20	20	11	11	1977	1977	1432	1432	70	70	109	109	188	188	112	112	2595	2595	4510	4510	5927	5927	11349	11349	1958	1958	1022	1022	27644	27644	3994	3994	146	146	110	110	76	76	56	56	1	1	61	61	372	372	131	131	70	70	107	107	729	729	564	564	3310	3310	6511	6511	1936	1936	1814	1814	26	26	34	34	15	15	34	34	465	465	293	293	54	54	145	145	574	574	366	366	1747	1747	341	341	31	31	31	31	1396	1396	1011	1011	62	62	44	44	18108	18108	20369	20369	56431	56431	32491	32491	3	3	1	1
IND00567	895	895	138	138	1822	1822	1332	1332	20	20	14	14	45	45	3317	3317	2209	2209	3432	3432	1630	1630	991	991	5111	5111	729	729	2745	2745	1034	1034	2	2	57	57	3	3	2	2	2046	2046	1561	1561	80	80	39	39	7331	7331	1622	1622	1516	1516	1148	1148	116	116	69	69	1805	1805	1385	1385	506	506	512	512	29763	29763	14562	14562	2	2	146	146	8931	8931	1090	1090	62	62	68	68	15587	15587	5302	5302	26	26	61	61	3785	3785	8091	8091	68	68	87	87	78	78	4	4	4337	4337	5647	5647	27386	27386	30344	30344	613	613	969	969	26173	26173	11804	11804	188	188	45	45	78	78	88	88	58	58	56	56	181	181	1004	1004	123	123	16	16	158	158	811	811	6805	6805	2918	2918	1752	1752	438	438	25	25	121	121	45	45	42	42	246	246	307	307	87	87	146	146	139	139	406	406	440	440	995	995	19	19	1	1	351	351	832	832	102	102	76	76	12656	12656	7736	7736	55245	55245	16996	16996	3	3	4	4
IND00568	797	797	655	655	955	955	1645	1645	10	10	33	33	1136	1136	564	564	1388	1388	1357	1357	1628	1628	1449	1449	7440	7440	2547	2547	958	958	2666	2666	118	118	61	61	8	8	15	15	3529	3529	933	933	22	22	13	13	4567	4567	7703	7703	1259	1259	1278	1278	68	68	70	70	1075	1075	242	242	513	513	53	53	21505	21505	1004	1004	247	247	181	181	16145	16145	11958	11958	978	978	193	193	891	891	939	939	15	15	10	10	5719	5719	6678	6678	47	47	101	101	75	75	235	235	3180	3180	7156	7156	17288	17288	21860	21860	338	338	1739	1739	8290	8290	4785	4785	240	240	167	167	102	102	6	6	38	38	43	43	608	608	1474	1474	52	52	21	21	218	218	145	145	1699	1699	2339	2339	1422	1422	1231	1231	94	94	37	37	49	49	42	42	418	418	111	111	179	179	29	29	1006	1006	160	160	1877	1877	182	182	28	28	2	2	26	26	735	735	53	53	56	56	4784	4784	15453	15453	7465	7465	28857	28857	3	3	2	2
IND00569	690	690	311	311	1339	1339	1277	1277	8	8	10	10	3068	3068	3840	3840	3926	3926	219	219	804	804	1326	1326	3865	3865	3283	3283	3622	3622	2435	2435	131	131	220	220	6	6	6	6	1345	1345	89	89	24	24	5	5	3475	3475	4372	4372	1102	1102	287	287	51	51	1	1	1008	1008	1411	1411	597	597	591	591	19112	19112	18330	18330	134	134	33	33	3871	3871	11830	11830	564	564	742	742	11914	11914	2191	2191	26	26	54	54	297	297	8105	8105	71	71	87	87	243	243	181	181	5609	5609	1429	1429	30772	30772	24035	24035	353	353	412	412	32587	32587	2840	2840	161	161	90	90	11	11	111	111	42	42	27	27	1662	1662	732	732	89	89	53	53	740	740	494	494	2971	2971	1383	1383	867	867	594	594	22	22	104	104	6	6	54	54	40	40	126	126	235	235	135	135	305	305	584	584	961	961	1555	1555	13	13	3	3	1530	1530	1395	1395	96	96	73	73	3105	3105	23491	23491	32337	32337	25449	25449	3	3	4	4
IND00570	586	586	391	391	946	946	2032	2032	9	9	34	34	2750	2750	2568	2568	3040	3040	1711	1711	1211	1211	1800	1800	848	848	2557	2557	3316	3316	1050	1050	135	135	229	229	11	11	16	16	4054	4054	829	829	24	24	3	3	6472	6472	4194	4194	1913	1913	49	49	103	103	60	60	48	48	1830	1830	108	108	358	358	31298	31298	19721	19721	64	64	209	209	4018	4018	11637	11637	633	633	741	741	3289	3289	4244	4244	64	64	31	31	550	550	5848	5848	61	61	66	66	211	211	177	177	1641	1641	3229	3229	14298	14298	20050	20050	332	332	447	447	6936	6936	25326	25326	192	192	53	53	115	115	71	71	49	49	37	37	1960	1960	832	832	8	8	9	9	816	816	487	487	4779	4779	2141	2141	812	812	419	419	90	90	101	101	8	8	8	8	289	289	195	195	71	71	73	73	85	85	215	215	1494	1494	1180	1180	4	4	10	10	1405	1405	362	362	122	122	87	87	18943	18943	30329	30329	10442	10442	41654	41654	4	4	4	4
IND00571	314	314	729	729	1850	1850	1189	1189	44	44	52	52	1578	1578	3699	3699	1563	1563	2965	2965	1795	1795	357	357	7341	7341	6534	6534	214	214	110	110	76	76	154	154	16	16	8	8	3131	3131	2998	2998	47	47	115	115	6842	6842	2538	2538	1303	1303	1511	1511	31	31	74	74	994	994	1254	1254	555	555	218	218	17294	17294	13730	13730	179	179	7	7	1443	1443	2530	2530	463	463	892	892	13211	13211	269	269	61	61	60	60	338	338	6634	6634	55	55	78	78	66	66	206	206	4535	4535	6326	6326	15075	15075	8905	8905	1527	1527	1100	1100	23963	23963	3351	3351	106	106	15	15	18	18	116	116	19	19	61	61	1651	1651	1264	1264	73	73	92	92	342	342	858	858	1870	1870	3963	3963	255	255	636	636	63	63	118	118	42	42	8	8	364	364	442	442	183	183	134	134	383	383	72	72	582	582	888	888	2	2	11	11	1706	1706	604	604	20	20	58	58	15052	15052	3913	3913	38611	38611	59857	59857	1	1	3	3
IND00572	568	568	1004	1004	1054	1054	407	407	17	17	9	9	3929	3929	855	855	2430	2430	640	640	2976	2976	2506	2506	6606	6606	2117	2117	1054	1054	629	629	234	234	19	19	15	15	3	3	2591	2591	3590	3590	114	114	100	100	3223	3223	5831	5831	1332	1332	1603	1603	98	98	70	70	1034	1034	25	25	321	321	530	530	15681	15681	9416	9416	213	213	86	86	5175	5175	3129	3129	757	757	980	980	8091	8091	1793	1793	34	34	10	10	6441	6441	7777	7777	61	61	91	91	152	152	45	45	2554	2554	2216	2216	22398	22398	20171	20171	535	535	735	735	26676	26676	9177	9177	174	174	177	177	71	71	42	42	48	48	61	61	350	350	1865	1865	84	84	32	32	579	579	357	357	3592	3592	3942	3942	55	55	929	929	12	12	17	17	39	39	5	5	97	97	39	39	119	119	30	30	903	903	562	562	1532	1532	853	853	30	30	17	17	1580	1580	950	950	2	2	18	18	4167	4167	5416	5416	46365	46365	46859	46859	4	4	3	3
IND00573	307	307	431	431	867	867	1520	1520	51	51	9	9	1961	1961	1142	1142	174	174	1766	1766	1880	1880	4087	4087	1793	1793	51	51	2168	2168	1939	1939	248	248	52	52	13	13	3	3	3322	3322	2567	2567	95	95	106	106	2612	2612	4076	4076	423	423	885	885	36	36	24	24	646	646	825	825	462	462	866	866	513	513	13959	13959	15	15	25	25	5518	5518	13546	13546	84	84	181	181	165	165	6376	6376	31	31	46	46	8062	8062	1705	1705	97	97	55	55	204	204	121	121	4391	4391	5633	5633	5215	5215	4926	4926	375	375	1421	1421	25619	25619	8916	8916	45	45	164	164	80	80	51	51	52	52	40	40	401	401	330	330	14	14	114	114	463	463	752	752	7965	7965	297	297	162	162	1009	1009	66	66	64	64	12	12	31	31	446	446	30	30	253	253	182	182	638	638	292	292	1430	1430	1528	1528	4	4	28	28	1131	1131	56	56	124	124	15	15	26347	26347	9180	9180	25261	25261	41695	41695	1	1	2	2
IND00574	233	233	794	794	357	357	320	320	40	40	23	23	3759	3759	3458	3458	2655	2655	2	2	881	881	3273	3273	6250	6250	6688	6688	358	358	1810	1810	139	139	113	113	8	8	14	14	1203	1203	3715	3715	44	44	98	98	1927	1927	2304	2304	1176	1176	1518	1518	3	3	16	16	1553	1553	1717	1717	98	98	655	655	20023	20023	4115	4115	232	232	21	21	11921	11921	15303	15303	836	836	65	65	5456	5456	12928	12928	6	6	59	59	2357	2357	980	980	73	73	115	115	112	112	160	160	3433	3433	2842	2842	10702	10702	21795	21795	978	978	1987	1987	2074	2074	31883	31883	183	183	85	85	90	90	13	13	21	21	17	17	559	559	324	324	46	46	53	53	709	709	60	60	1899	1899	6086	6086	358	358	135	135	112	112	60	60	33	33	57	57	381	381	337	337	18	18	256	256	685	685	667	667	1891	1891	1634	1634	30	30	1	1	1382	1382	1485	1485	60	60	52	52	2626	2626	28773	28773	43800	43800	20353	20353	1	1	3	3
IND00575	362	362	566	566	602	602	112	112	29	29	4	4	3901	3901	2441	2441	967	967	675	675	3375	3375	3720	3720	1801	1801	3515	3515	1741	1741	1322	1322	100	100	155	155	16	16	16	16	1225	1225	2885	2885	112	112	86	86	5910	5910	7164	7164	1022	1022	148	148	40	40	94	94	1700	1700	1231	1231	724	724	1020	1020	6975	6975	29254	29254	34	34	135	135	12120	12120	5108	5108	876	876	900	900	655	655	4110	4110	5	5	60	60	3720	3720	7907	7907	41	41	60	60	138	138	185	185	4227	4227	2373	2373	23982	23982	16299	16299	1958	1958	1187	1187	30516	30516	24709	24709	110	110	171	171	57	57	122	122	8	8	11	11	1371	1371	278	278	63	63	16	16	632	632	185	185	3511	3511	401	401	68	68	1424	1424	49	49	102	102	49	49	51	51	16	16	216	216	27	27	231	231	911	911	31	31	84	84	640	640	18	18	1	1	1123	1123	636	636	48	48	8	8	23901	23901	2647	2647	9729	9729	879	879	2	2	4	4
IND00576	752	752	525	525	907	907	1060	1060	3	3	54	54	2981	2981	728	728	522	522	2654	2654	569	569	838	838	3758	3758	1550	1550	57	57	1703	1703	57	57	160	160	2	2	14	14	2046	2046	747	747	111	111	127	127	6634	6634	5619	5619	252	252	313	313	86	86	68	68	2019	2019	1858	1858	567	567	751	751	18809	18809	6592	6592	38	38	221	221	14776	14776	2142	2142	735	735	293	293	15006	15006	6146	6146	54	54	63	63	5727	5727	7911	7911	52	52	128	128	72	72	144	144	188	188	3745	3745	26138	26138	12838	12838	2024	2024	1533	1533	18755	18755	32252	32252	71	71	8	8	39	39	119	119	43	43	47	47	415	415	975	975	64	64	78	78	811	811	654	654	1361	1361	213	213	19	19	1605	1605	29	29	105	105	17	17	35	35	309	309	331	331	72	72	105	105	165	165	255	255	1756	1756	1333	1333	6	6	30	30	188	188	601	601	24	24	37	37	2614	2614	32755	32755	61724	61724	13922	13922	2	2	3	3
IND00577	797	797	410	410	1999	1999	1186	1186	28	28	8	8	2971	2971	1817	1817	2931	2931	3021	3021	1018	1018	2433	2433	852	852	6498	6498	510	510	2386	2386	88	88	233	233	1	1	11	11	193	193	860	860	48	48	111	111	3782	3782	1208	1208	715	715	1948	1948	21	21	76	76	439	439	33	33	845	845	869	869	9904	9904	32017	32017	26	26	96	96	2144	2144	10323	10323	834	834	287	287	4499	4499	14918	14918	8	8	27	27	5243	5243	3755	3755	122	122	34	34	12	12	61	61	7811	7811	2858	2858	23969	23969	15057	15057	634	634	642	642	12219	12219	12436	12436	76	76	141	141	53	53	62	62	33	33	58	58	1781	1781	1421	1421	24	24	49	49	409	409	384	384	6162	6162	8104	8104	1449	1449	1818	1818	75	75	113	113	25	25	52	52	23	23	331	331	20	20	76	76	806	806	699	699	921	921	1732	1732	7	7	29	29	358	358	1911	1911	22	22	18	18	10383	10383	1226	1226	52278	52278	30626	30626	4	4	2	2
IND00578	327	327	859	859	315	315	4	4	20	20	5	5	1265	1265	1686	1686	2912	2912	3324	3324	2678	2678	2135	2135	6854	6854	7142	7142	1944	1944	614	614	193	193	51	51	11	11	8	8	437	437	500	500	25	25	4	4	8159	8159	5173	5173	1901	1901	484	484	36	36	121	121	559	559	1071	1071	448	448	284	284	4884	4884	11722	11722	187	187	137	137	10472	10472	10704	10704	292	292	177	177	5223	5223	6320	6320	30	30	27	27	8045	8045	8096	8096	96	96	117	117	12	12	129	129	3878	3878	7964	7964	32725	32725	26031	26031	236	236	1083	1083	16994	16994	11807	11807	125	125	250	250	118	118	94	94	64	64	15	15	1288	1288	886	886	84	84	56	56	65	65	52	52	4195	4195	3327	3327	211	211	1189	1189	115	115	109	109	39	39	37	37	60	60	371	371	170	170	119	119	667	667	405	405	1807	1807	113	113	2	2	28	28	185	185	552	552	107	107	39	39	9603	9603	20276	20276	5064	5064	9548	9548	1	1	2	2
IND00579	846	846	258	258	70	70	566	566	59	59	2	2	839	839	3404	3404	2558	2558	632	632	1871	1871	936	936	3594	3594	4433	4433	1258	1258	2811	2811	79	79	38	38	4	4	13	13	2149	2149	3639	3639	128	128	24	24	7434	7434	7900	7900	478	478	793	793	96	96	18	18	262	262	1270	1270	867	867	438	438	22374	22374	23128	23128	118	118	218	218	6339	6339	24	24	731	731	407	407	4375	4375	2816	2816	17	17	58	58	4139	4139	2162	2162	96	96	80	80	17	17	176	176	4315	4315	6949	6949	17779	17779	32660	32660	1770	1770	1090	1090	14282	14282	23376	23376	4	4	16	16	81	81	3	3	63	63	32	32	1672	1672	234	234	86	86	53	53	530	530	952	952	6231	6231	2220	2220	550	550	181	181	42	42	42	42	30	30	56	56	408	408	142	142	187	187	137	137	887	887	706	706	1592	1592	1932	1932	5	5	2	2	6	6	1997	1997	81	81	126	126	886	886	2407	2407	30429	30429	9434	9434	3	3	1	1
IND00580	137	137	478	478	932	932	571	571	3	3	47	47	3076	3076	1220	1220	1068	1068	4036	4036	676	676	2233	2233	8103	8103	6863	6863	1568	1568	1523	1523	142	142	6	6	13	13	10	10	1017	1017	1857	1857	60	60	11	11	2527	2527	705	705	1427	1427	1846	1846	19	19	5	5	1985	1985	1746	1746	432	432	544	544	9695	9695	19218	19218	194	194	112	112	10880	10880	10923	10923	433	433	421	421	10734	10734	5073	5073	43	43	25	25	15	15	4755	4755	36	36	41	41	248	248	32	32	2604	2604	7220	7220	23655	23655	152	152	858	858	1755	1755	12090	12090	10271	10271	214	214	195	195	43	43	59	59	9	9	39	39	491	491	366	366	53	53	32	32	751	751	848	848	4189	4189	5683	5683	453	453	1752	1752	34	34	53	53	50	50	37	37	490	490	84	84	123	123	2	2	997	997	50	50	1039	1039	30	30	25	25	32	32	791	791	886	886	10	10	121	121	5317	5317	25423	25423	3724	3724	36811	36811	1	1	2	2
IND00581	117	117	223	223	1213	1213	376	376	32	32	21	21	3924	3924	2480	2480	1648	1648	2924	2924	1724	1724	3499	3499	5937	5937	1082	1082	681	681	4073	4073	54	54	162	162	7	7	2	2	1153	1153	4007	4007	55	55	28	28	1318	1318	6994	6994	1141	1141	2041	2041	83	83	3	3	1700	1700	1996	1996	181	181	195	195	1749	1749	25306	25306	154	154	60	60	4773	4773	2918	2918	162	162	641	641	2431	2431	6582	6582	59	59	48	48	2254	2254	2762	2762	117	117	40	40	85	85	58	58	7811	7811	2048	2048	8030	8030	23356	23356	1947	1947	1273	1273	15002	15002	26896	26896	66	66	230	230	36	36	96	96	50	50	19	19	626	626	849	849	94	94	108	108	336	336	529	529	6137	6137	1155	1155	554	554	1958	1958	40	40	62	62	39	39	12	12	237	237	44	44	204	204	222	222	793	793	837	837	828	828	732	732	6	6	21	21	559	559	325	325	15	15	21	21	20951	20951	17750	17750	3030	3030	45550	45550	1	1	3	3
IND00582	509	509	60	60	408	408	1385	1385	20	20	23	23	3415	3415	1839	1839	3851	3851	3704	3704	3366	3366	222	222	3004	3004	2302	2302	3871	3871	3943	3943	242	242	9	9	2	2	8	8	1923	1923	3022	3022	104	104	41	41	4817	4817	6120	6120	1564	1564	1715	1715	37	37	94	94	164	164	934	934	1003	1003	226	226	19357	19357	7636	7636	209	209	9	9	1779	1779	5888	5888	950	950	244	244	7986	7986	1353	1353	64	64	53	53	6088	6088	6446	6446	111	111	90	90	208	208	147	147	7443	7443	7892	7892	27271	27271	4104	4104	831	831	250	250	19586	19586	17268	17268	62	62	140	140	78	78	36	36	38	38	23	23	801	801	636	636	33	33	11	11	446	446	255	255	1891	1891	4392	4392	1953	1953	1683	1683	112	112	68	68	16	16	30	30	76	76	195	195	1	1	199	199	561	561	670	670	92	92	147	147	1	1	5	5	968	968	588	588	20	20	84	84	26742	26742	28734	28734	10527	10527	22886	22886	1	1	1	1
IND00583	123	123	306	306	1445	1445	386	386	33	33	31	31	3954	3954	2847	2847	163	163	2009	2009	2649	2649	3197	3197	4030	4030	3967	3967	1189	1189	403	403	133	133	40	40	4	4	5	5	2752	2752	1923	1923	119	119	11	11	7326	7326	6439	6439	1188	1188	24	24	96	96	76	76	878	878	1461	1461	699	699	889	889	30352	30352	28110	28110	200	200	216	216	3287	3287	9093	9093	218	218	950	950	7793	7793	1158	1158	29	29	15	15	505	505	621	621	46	46	10	10	83	83	195	195	940	940	1460	1460	20479	20479	23610	23610	277	277	1889	1889	9078	9078	29196	29196	64	64	16	16	41	41	8	8	30	30	37	37	538	538	1522	1522	94	94	108	108	725	725	691	691	8038	8038	2482	2482	730	730	138	138	108	108	119	119	34	34	39	39	42	42	60	60	226	226	41	41	109	109	98	98	53	53	852	852	13	13	13	13	58	58	247	247	92	92	99	99	25047	25047	27490	27490	49974	49974	45975	45975	1	1	1	1
IND00584	85	85	95	95	839	839	1892	1892	2	2	6	6	3582	3582	3972	3972	3661	3661	1124	1124	2341	2341	2687	2687	367	367	5160	5160	3026	3026	2133	2133	233	233	117	117	15	15	2	2	2846	2846	3809	3809	112	112	43	43	5467	5467	6122	6122	1665	1665	489	489	43	43	114	114	1612	1612	760	760	766	766	222	222	20596	20596	13587	13587	180	180	7	7	15045	15045	10992	10992	675	675	695	695	6806	6806	5247	5247	18	18	14	14	4604	4604	7768	7768	36	36	19	19	24	24	123	123	6178	6178	3233	3233	10010	10010	29026	29026	677	677	1905	1905	13583	13583	31635	31635	80	80	68	68	85	85	27	27	37	37	45	45	180	180	1556	1556	124	124	94	94	47	47	82	82	465	465	4266	4266	1284	1284	402	402	49	49	49	49	54	54	52	52	112	112	330	330	22	22	59	59	705	705	679	679	1914	1914	750	750	11	11	10	10	1030	1030	1937	1937	106	106	91	91	11045	11045	11711	11711	49276	49276	32510	32510	2	2	1	1
IND00585	373	373	670	670	419	419	1059	1059	1	1	60	60	1302	1302	1413	1413	446	446	2656	2656	3192	3192	2642	2642	3419	3419	6065	6065	2888	2888	3631	3631	190	190	80	80	6	6	8	8	3997	3997	77	77	27	27	116	116	1984	1984	2369	2369	434	434	703	703	15	15	67	67	1738	1738	1184	1184	683	683	562	562	17003	17003	14099	14099	204	204	176	176	10353	10353	5149	5149	288	288	114	114	7855	7855	5003	5003	17	17	48	48	1152	1152	3388	3388	12	12	32	32	150	150	2	2	443	443	1576	1576	25563	25563	3932	3932	2000	2000	980	980	1475	1475	30595	30595	236	236	72	72	9	9	71	71	31	31	64	64	1148	1148	950	950	40	40	2	2	241	241	966	966	5500	5500	673	673	229	229	1530	1530	4	4	43	43	24	24	36	36	264	264	137	137	239	239	39	39	317	317	979	979	1338	1338	66	66	32	32	22	22	741	741	20	20	43	43	102	102	28709	28709	23743	23743	38441	38441	36116	36116	3	3	1	1
IND00586	961	961	869	869	2043	2043	910	910	27	27	22	22	128	128	1602	1602	3383	3383	3943	3943	2968	2968	3175	3175	473	473	957	957	4083	4083	3822	3822	248	248	246	246	2	2	3	3	1703	1703	118	118	103	103	119	119	3859	3859	3895	3895	177	177	1812	1812	123	123	2	2	1378	1378	583	583	87	87	581	581	390	390	559	559	50	50	165	165	4337	4337	14040	14040	886	886	669	669	2102	2102	14331	14331	19	19	33	33	1968	1968	150	150	120	120	89	89	253	253	65	65	7847	7847	2525	2525	12572	12572	21186	21186	751	751	612	612	11248	11248	8245	8245	83	83	204	204	82	82	111	111	42	42	64	64	504	504	485	485	126	126	1	1	298	298	427	427	7242	7242	220	220	1074	1074	1555	1555	99	99	88	88	42	42	29	29	12	12	268	268	195	195	201	201	708	708	1007	1007	1651	1651	626	626	31	31	30	30	528	528	1304	1304	96	96	105	105	10912	10912	30920	30920	44372	44372	25228	25228	2	2	4	4
IND00587	129	129	208	208	1648	1648	491	491	50	50	59	59	499	499	822	822	1632	1632	1853	1853	159	159	587	587	4824	4824	4236	4236	2868	2868	2706	2706	250	250	14	14	15	15	5	5	3397	3397	4064	4064	64	64	45	45	297	297	2687	2687	1458	1458	1966	1966	76	76	77	77	534	534	1876	1876	935	935	13	13	10533	10533	15449	15449	234	234	194	194	4084	4084	371	371	676	676	818	818	14196	14196	9905	9905	28	28	59	59	6684	6684	8116	8116	63	63	41	41	220	220	139	139	7765	7765	5275	5275	31117	31117	1258	1258	1775	1775	436	436	26796	26796	29653	29653	75	75	196	196	128	128	108	108	30	30	2	2	1711	1711	1535	1535	5	5	22	22	948	948	258	258	788	788	4950	4950	945	945	330	330	125	125	109	109	11	11	2	2	248	248	107	107	251	251	28	28	171	171	245	245	460	460	235	235	32	32	31	31	832	832	532	532	34	34	61	61	11920	11920	23791	23791	36807	36807	4652	4652	1	1	4	4
IND00588	833	833	198	198	704	704	237	237	62	62	64	64	3596	3596	3748	3748	1986	1986	1383	1383	4030	4030	3993	3993	2655	2655	993	993	1119	1119	2647	2647	241	241	193	193	15	15	6	6	179	179	2802	2802	93	93	115	115	3096	3096	5610	5610	1869	1869	1770	1770	109	109	125	125	365	365	1790	1790	944	944	655	655	21556	21556	12105	12105	8	8	41	41	2705	2705	13792	13792	601	601	219	219	1860	1860	8355	8355	29	29	3	3	1160	1160	415	415	42	42	83	83	184	184	176	176	4005	4005	2723	2723	7604	7604	6020	6020	1762	1762	1642	1642	32454	32454	23091	23091	138	138	115	115	84	84	119	119	9	9	34	34	1952	1952	353	353	112	112	48	48	314	314	517	517	1950	1950	2492	2492	302	302	1229	1229	18	18	84	84	57	57	35	35	430	430	118	118	53	53	212	212	694	694	539	539	765	765	775	775	3	3	31	31	371	371	1713	1713	85	85	37	37	18177	18177	14638	14638	2513	2513	48139	48139	4	4	3	3
IND00589	416	416	907	907	1701	1701	935	935	10	10	10	10	717	717	708	708	2620	2620	3258	3258	458	458	980	980	6614	6614	3332	3332	1567	1567	967	967	235	235	117	117	1	1	10	10	2668	2668	3064	3064	108	108	1	1	7467	7467	3400	3400	1807	1807	1692	1692	37	37	28	28	1016	1016	1016	1016	452	452	831	831	23235	23235	10147	10147	249	249	32	32	8769	8769	11778	11778	730	730	442	442	14006	14006	11949	11949	43	43	13	13	4994	4994	1769	1769	13	13	86	86	140	140	177	177	7723	7723	2425	2425	13037	13037	11704	11704	1631	1631	753	753	27010	27010	19218	19218	214	214	255	255	8	8	115	115	9	9	42	42	78	78	559	559	58	58	76	76	739	739	478	478	4990	4990	646	646	92	92	734	734	80	80	4	4	42	42	44	44	46	46	229	229	44	44	39	39	111	111	580	580	725	725	302	302	23	23	20	20	248	248	1476	1476	39	39	98	98	1162	1162	21209	21209	4654	4654	22071	22071	4	4	3	3
IND00590	166	166	848	848	874	874	1623	1623	53	53	62	62	615	615	3545	3545	753	753	2507	2507	423	423	2322	2322	6087	6087	1915	1915	2583	2583	1799	1799	215	215	57	57	9	9	4	4	1312	1312	1415	1415	51	51	4	4	2009	2009	5568	5568	16	16	1385	1385	104	104	9	9	2013	2013	1905	1905	547	547	758	758	5462	5462	11701	11701	160	160	141	141	4419	4419	9159	9159	260	260	353	353	3705	3705	9971	9971	21	21	2	2	6659	6659	4467	4467	15	15	78	78	74	74	25	25	3598	3598	7721	7721	28249	28249	6520	6520	1840	1840	856	856	18408	18408	25664	25664	13	13	247	247	54	54	14	14	42	42	36	36	570	570	1048	1048	107	107	125	125	651	651	659	659	3657	3657	332	332	1971	1971	1951	1951	114	114	107	107	52	52	15	15	486	486	427	427	160	160	254	254	952	952	676	676	398	398	831	831	6	6	20	20	638	638	1036	1036	2	2	7	7	26789	26789	7463	7463	55111	55111	55488	55488	1	1	3	3
IND00591	694	694	295	295	315	315	1562	1562	27	27	15	15	3418	3418	2011	2011	491	491	2139	2139	754	754	3932	3932	7224	7224	3545	3545	886	886	3974	3974	217	217	228	228	6	6	15	15	2967	2967	2170	2170	15	15	39	39	5202	5202	2920	2920	174	174	115	115	13	13	56	56	1565	1565	1461	1461	910	910	263	263	3969	3969	8262	8262	124	124	247	247	12217	12217	9236	9236	650	650	175	175	16143	16143	13206	13206	63	63	36	36	4647	4647	2125	2125	42	42	81	81	255	255	124	124	7582	7582	757	757	31072	31072	12847	12847	151	151	987	987	21487	21487	6186	6186	20	20	147	147	95	95	70	70	43	43	49	49	361	361	1361	1361	89	89	3	3	957	957	633	633	2032	2032	1930	1930	1494	1494	615	615	100	100	73	73	48	48	43	43	1	1	125	125	124	124	193	193	576	576	637	637	1572	1572	936	936	25	25	27	27	701	701	905	905	98	98	30	30	14541	14541	32210	32210	43533	43533	40203	40203	2	2	1	1
IND00592	240	240	220	220	137	137	972	972	11	11	23	23	1599	1599	178	178	3680	3680	1217	1217	1185	1185	3799	3799	7778	7778	8134	8134	2760	2760	4089	4089	132	132	4	4	14	14	12	12	3931	3931	795	795	35	35	25	25	7372	7372	1268	1268	1654	1654	595	595	34	34	84	84	657	657	1527	1527	490	490	672	672	734	734	18984	18984	32	32	148	148	7750	7750	13980	13980	800	800	314	314	8599	8599	2034	2034	36	36	55	55	5782	5782	3468	3468	87	87	8	8	84	84	45	45	4753	4753	1769	1769	13110	13110	5330	5330	403	403	1831	1831	17048	17048	17041	17041	96	96	93	93	23	23	46	46	43	43	48	48	391	391	751	751	108	108	81	81	96	96	343	343	49	49	4500	4500	1280	1280	839	839	58	58	26	26	45	45	56	56	512	512	113	113	4	4	119	119	292	292	109	109	1899	1899	1660	1660	24	24	20	20	1213	1213	762	762	82	82	73	73	10474	10474	7208	7208	21343	21343	45436	45436	4	4	4	4
IND00593	153	153	732	732	491	491	1870	1870	19	19	54	54	1950	1950	1356	1356	1263	1263	3362	3362	175	175	2263	2263	6324	6324	758	758	2077	2077	3765	3765	109	109	141	141	12	12	13	13	2151	2151	1598	1598	57	57	47	47	1201	1201	4549	4549	119	119	25	25	35	35	13	13	1012	1012	1906	1906	200	200	327	327	2776	2776	14446	14446	86	86	28	28	9553	9553	4987	4987	1009	1009	349	349	10572	10572	10076	10076	9	9	8	8	4060	4060	188	188	116	116	35	35	252	252	39	39	3478	3478	5306	5306	29634	29634	24919	24919	1206	1206	113	113	18302	18302	411	411	150	150	210	210	87	87	77	77	59	59	58	58	300	300	1692	1692	4	4	68	68	459	459	185	185	2901	2901	7965	7965	210	210	948	948	69	69	121	121	53	53	45	45	437	437	274	274	73	73	4	4	908	908	443	443	76	76	999	999	21	21	21	21	1013	1013	574	574	27	27	92	92	21511	21511	2643	2643	11055	11055	47326	47326	4	4	3	3
IND00594	264	264	529	529	1149	1149	178	178	52	52	38	38	1826	1826	607	607	907	907	41	41	2614	2614	3000	3000	3812	3812	5626	5626	2824	2824	410	410	219	219	4	4	9	9	8	8	1239	1239	2799	2799	67	67	26	26	2393	2393	7117	7117	1977	1977	334	334	41	41	96	96	550	550	1574	1574	643	643	869	869	7060	7060	6478	6478	78	78	238	238	11057	11057	37	37	782	782	413	413	11771	11771	3983	3983	27	27	28	28	6161	6161	298	298	76	76	2	2	195	195	232	232	1692	1692	2484	2484	23356	23356	24958	24958	339	339	1974	1974	18352	18352	18123	18123	132	132	124	124	29	29	116	116	11	11	59	59	1138	1138	596	596	74	74	113	113	916	916	775	775	7926	7926	3439	3439	578	578	1174	1174	3	3	90	90	12	12	37	37	113	113	455	455	217	217	143	143	364	364	331	331	1858	1858	921	921	16	16	10	10	1929	1929	1178	1178	95	95	124	124	28167	28167	26220	26220	54346	54346	9188	9188	4	4	4	4
IND00595	498	498	59	59	796	796	1036	1036	11	11	39	39	641	641	3567	3567	3126	3126	2728	2728	1559	1559	3647	3647	2309	2309	3241	3241	3532	3532	3032	3032	50	50	95	95	8	8	4	4	1973	1973	3585	3585	57	57	5	5	1788	1788	6031	6031	88	88	1245	1245	25	25	39	39	39	39	1205	1205	512	512	741	741	3169	3169	522	522	1	1	239	239	9069	9069	15294	15294	59	59	825	825	6839	6839	12102	12102	28	28	31	31	3738	3738	1477	1477	58	58	10	10	199	199	77	77	5204	5204	2853	2853	1841	1841	161	161	261	261	58	58	20171	20171	24213	24213	242	242	122	122	1	1	120	120	44	44	10	10	1480	1480	900	900	73	73	86	86	47	47	152	152	2518	2518	5634	5634	45	45	1870	1870	106	106	124	124	19	19	55	55	122	122	146	146	36	36	37	37	928	928	524	524	388	388	1366	1366	10	10	25	25	293	293	1079	1079	2	2	13	13	27153	27153	20837	20837	43247	43247	1923	1923	1	1	2	2
IND00596	475	475	2	2	2037	2037	1018	1018	2	2	54	54	2949	2949	3644	3644	3721	3721	1700	1700	2994	2994	1690	1690	336	336	6673	6673	3794	3794	1781	1781	167	167	175	175	9	9	10	10	1149	1149	3304	3304	77	77	42	42	6117	6117	5984	5984	612	612	1369	1369	86	86	36	36	1473	1473	1872	1872	559	559	377	377	25017	25017	29310	29310	213	213	209	209	10807	10807	15754	15754	841	841	3	3	8197	8197	8500	8500	15	15	63	63	53	53	3564	3564	84	84	108	108	123	123	184	184	1774	1774	5715	5715	2539	2539	25613	25613	627	627	1290	1290	3556	3556	16143	16143	150	150	46	46	79	79	60	60	27	27	5	5	2035	2035	1663	1663	96	96	77	77	217	217	822	822	4722	4722	4159	4159	1203	1203	1460	1460	73	73	4	4	26	26	60	60	11	11	308	308	211	211	212	212	810	810	947	947	1664	1664	768	768	24	24	1	1	949	949	465	465	99	99	105	105	705	705	31566	31566	58380	58380	53850	53850	3	3	3	3
IND00597	868	868	545	545	1334	1334	384	384	53	53	21	21	3997	3997	2281	2281	2949	2949	1157	1157	1506	1506	1891	1891	969	969	8027	8027	816	816	3609	3609	91	91	208	208	6	6	16	16	307	307	2414	2414	97	97	77	77	3495	3495	3422	3422	993	993	207	207	119	119	79	79	1583	1583	366	366	300	300	547	547	7840	7840	8908	8908	161	161	87	87	5031	5031	9233	9233	833	833	52	52	11811	11811	2494	2494	3	3	27	27	5401	5401	1701	1701	18	18	7	7	65	65	16	16	442	442	7943	7943	32265	32265	9792	9792	1466	1466	1361	1361	17118	17118	14067	14067	28	28	18	18	45	45	116	116	56	56	48	48	815	815	429	429	49	49	112	112	604	604	1014	1014	2045	2045	394	394	429	429	193	193	120	120	4	4	48	48	23	23	225	225	294	294	28	28	9	9	790	790	834	834	1651	1651	451	451	11	11	16	16	1468	1468	1618	1618	13	13	6	6	7829	7829	14234	14234	56622	56622	34217	34217	4	4	3	3
IND00598	121	121	573	573	1755	1755	31	31	9	9	49	49	257	257	279	279	1072	1072	3192	3192	3484	3484	3252	3252	2136	2136	4100	4100	2451	2451	3124	3124	214	214	70	70	1	1	11	11	3719	3719	769	769	102	102	91	91	5402	5402	1307	1307	639	639	1337	1337	104	104	29	29	1346	1346	1715	1715	964	964	174	174	11237	11237	6828	6828	236	236	35	35	11461	11461	482	482	273	273	209	209	15910	15910	14835	14835	36	36	15	15	1884	1884	4466	4466	43	43	2	2	19	19	244	244	4318	4318	6725	6725	28059	28059	13538	13538	1714	1714	1416	1416	20904	20904	28029	28029	126	126	133	133	33	33	22	22	44	44	44	44	474	474	583	583	84	84	101	101	314	314	598	598	3905	3905	4925	4925	725	725	690	690	128	128	14	14	25	25	30	30	153	153	269	269	115	115	59	59	552	552	88	88	1110	1110	1678	1678	2	2	10	10	363	363	1824	1824	6	6	16	16	14356	14356	25003	25003	8299	8299	49590	49590	4	4	2	2
IND00599	911	911	628	628	1900	1900	1557	1557	46	46	48	48	1779	1779	3448	3448	3802	3802	3485	3485	463	463	3587	3587	3822	3822	4216	4216	596	596	3453	3453	240	240	105	105	7	7	3	3	2947	2947	3499	3499	44	44	54	54	340	340	80	80	57	57	63	63	126	126	110	110	1748	1748	1238	1238	967	967	94	94	8761	8761	17080	17080	154	154	85	85	10995	10995	8537	8537	633	633	553	553	11224	11224	5166	5166	8	8	5	5	4069	4069	7872	7872	48	48	40	40	9	9	151	151	6852	6852	7632	7632	4363	4363	16304	16304	8	8	1928	1928	30241	30241	22890	22890	39	39	139	139	128	128	127	127	42	42	62	62	860	860	1285	1285	8	8	45	45	322	322	118	118	4126	4126	1981	1981	1594	1594	370	370	103	103	43	43	49	49	57	57	449	449	456	456	103	103	164	164	619	619	166	166	1653	1653	415	415	11	11	28	28	379	379	1405	1405	108	108	88	88	14721	14721	15242	15242	47021	47021	19717	19717	3	3	2	2
IND00600	380	380	926	926	1085	1085	843	843	12	12	16	16	105	105	3499	3499	2108	2108	3165	3165	921	921	2936	2936	7709	7709	6662	6662	22	22	247	247	102	102	132	132	15	15	9	9	2964	2964	1965	1965	66	66	18	18	263	263	514	514	589	589	2035	2035	79	79	72	72	1984	1984	1589	1589	949	949	612	612	8510	8510	27069	27069	24	24	160	160	2513	2513	8411	8411	271	271	524	524	9303	9303	10679	10679	1	1	32	32	7301	7301	2478	2478	27	27	41	41	2	2	73	73	1632	1632	5678	5678	22113	22113	10676	10676	1212	1212	1204	1204	675	675	12042	12042	194	194	167	167	73	73	66	66	30	30	6	6	1426	1426	756	756	104	104	54	54	574	574	606	606	1415	1415	2525	2525	558	558	1005	1005	46	46	28	28	56	56	63	63	341	341	94	94	224	224	183	183	440	440	440	440	1742	1742	1744	1744	18	18	17	17	1114	1114	1632	1632	80	80	111	111	22679	22679	10069	10069	30928	30928	46708	46708	2	2	4	4
IND00601	691	691	638	638	288	288	1021	1021	21	21	29	29	2367	2367	833	833	832	832	337	337	3240	3240	3674	3674	7806	7806	7827	7827	2396	2396	2094	2094	185	185	173	173	12	12	14	14	2269	2269	577	577	124	124	90	90	1612	1612	6291	6291	217	217	686	686	62	62	82	82	1439	1439	1576	1576	91	91	145	145	11196	11196	16360	16360	214	214	96	96	3465	3465	10528	10528	906	906	353	353	15239	15239	7292	7292	30	30	31	31	1614	1614	2974	2974	29	29	10	10	134	134	210	210	4848	4848	6008	6008	30745	30745	4094	4094	977	977	1327	1327	8057	8057	20039	20039	133	133	67	67	81	81	19	19	1	1	39	39	1630	1630	290	290	52	52	61	61	801	801	461	461	6322	6322	7260	7260	114	114	6	6	13	13	8	8	7	7	43	43	412	412	351	351	209	209	145	145	336	336	197	197	888	888	1973	1973	11	11	26	26	836	836	99	99	18	18	82	82	10997	10997	29478	29478	24434	24434	56574	56574	4	4	3	3
IND00602	298	298	1005	1005	185	185	1632	1632	31	31	64	64	3638	3638	1289	1289	3948	3948	387	387	1952	1952	232	232	5026	5026	6023	6023	2464	2464	541	541	20	20	8	8	6	6	7	7	2748	2748	2111	2111	74	74	126	126	844	844	2544	2544	8	8	1622	1622	63	63	115	115	1928	1928	871	871	310	310	61	61	2953	2953	4409	4409	136	136	70	70	11863	11863	9383	9383	975	975	903	903	14190	14190	13896	13896	49	49	23	23	7005	7005	1368	1368	110	110	115	115	167	167	28	28	3722	3722	4698	4698	994	994	27246	27246	1923	1923	804	804	14295	14295	23160	23160	53	53	22	22	102	102	89	89	5	5	53	53	1801	1801	1475	1475	34	34	71	71	645	645	689	689	6842	6842	4665	4665	306	306	1754	1754	48	48	11	11	24	24	12	12	173	173	323	323	249	249	104	104	949	949	79	79	2027	2027	1817	1817	32	32	7	7	1162	1162	941	941	113	113	119	119	13778	13778	3189	3189	18481	18481	32670	32670	4	4	2	2
IND00603	249	249	901	901	62	62	963	963	43	43	50	50	2144	2144	2996	2996	3256	3256	12	12	3434	3434	1238	1238	4854	4854	6190	6190	3960	3960	3738	3738	127	127	243	243	7	7	4	4	2518	2518	1953	1953	100	100	105	105	4234	4234	7927	7927	1738	1738	1168	1168	55	55	54	54	267	267	1321	1321	774	774	922	922	3940	3940	10575	10575	157	157	198	198	879	879	7364	7364	57	57	102	102	8638	8638	610	610	42	42	2	2	4730	4730	2163	2163	20	20	1	1	46	46	220	220	5139	5139	7398	7398	1710	1710	21792	21792	379	379	226	226	11851	11851	10016	10016	22	22	233	233	114	114	57	57	60	60	60	60	475	475	239	239	4	4	30	30	724	724	419	419	3679	3679	2630	2630	656	656	90	90	78	78	66	66	3	3	18	18	254	254	176	176	111	111	214	214	11	11	512	512	1165	1165	1679	1679	11	11	19	19	1839	1839	523	523	36	36	85	85	11771	11771	15272	15272	14824	14824	5067	5067	4	4	4	4
IND00604	188	188	417	417	127	127	1547	1547	52	52	58	58	2845	2845	2439	2439	3815	3815	2625	2625	2292	2292	906	906	3643	3643	5174	5174	2745	2745	3741	3741	91	91	9	9	16	16	7	7	2089	2089	1283	1283	53	53	95	95	5340	5340	6791	6791	1024	1024	1516	1516	19	19	95	95	572	572	1245	1245	571	571	697	697	15177	15177	1090	1090	87	87	92	92	11199	11199	13982	13982	1006	1006	477	477	14272	14272	16208	16208	23	23	23	23	1477	1477	3875	3875	102	102	99	99	29	29	143	143	6705	6705	2815	2815	10614	10614	3173	3173	852	852	496	496	10040	10040	382	382	225	225	179	179	33	33	104	104	16	16	12	12	224	224	731	731	18	18	102	102	402	402	272	272	53	53	64	64	173	173	1483	1483	67	67	118	118	4	4	35	35	219	219	278	278	135	135	179	179	632	632	94	94	603	603	351	351	4	4	27	27	1112	1112	128	128	93	93	60	60	24146	24146	5428	5428	50102	50102	810	810	3	3	1	1
IND00605	641	641	546	546	770	770	483	483	13	13	62	62	2520	2520	1443	1443	2621	2621	4005	4005	1530	1530	1517	1517	950	950	7385	7385	3777	3777	2094	2094	151	151	1	1	15	15	12	12	1895	1895	1091	1091	10	10	21	21	1092	1092	1464	1464	376	376	1129	1129	4	4	2	2	1481	1481	323	323	264	264	668	668	1599	1599	5862	5862	247	247	243	243	2325	2325	2165	2165	692	692	316	316	12115	12115	9165	9165	55	55	25	25	4789	4789	1876	1876	62	62	40	40	204	204	210	210	7612	7612	530	530	15841	15841	15960	15960	1576	1576	210	210	5805	5805	19283	19283	20	20	243	243	112	112	41	41	2	2	12	12	589	589	1005	1005	126	126	102	102	389	389	702	702	1167	1167	6602	6602	1200	1200	379	379	14	14	87	87	10	10	32	32	201	201	411	411	75	75	45	45	735	735	736	736	855	855	823	823	7	7	13	13	873	873	586	586	105	105	72	72	30416	30416	20484	20484	23963	23963	14845	14845	1	1	3	3
IND00606	792	792	56	56	706	706	1470	1470	5	5	3	3	2465	2465	140	140	642	642	3033	3033	3489	3489	2077	2077	7984	7984	3719	3719	1051	1051	324	324	175	175	182	182	5	5	15	15	3251	3251	759	759	38	38	98	98	4622	4622	3756	3756	347	347	153	153	88	88	63	63	3	3	1829	1829	469	469	14	14	9892	9892	15123	15123	178	178	14	14	3689	3689	12305	12305	726	726	827	827	1120	1120	4455	4455	15	15	51	51	5992	5992	3800	3800	121	121	59	59	180	180	95	95	2139	2139	2478	2478	2807	2807	20044	20044	2006	2006	2014	2014	19555	19555	10754	10754	135	135	251	251	72	72	2	2	36	36	1	1	1049	1049	1868	1868	102	102	92	92	720	720	500	500	4164	4164	2442	2442	632	632	381	381	25	25	25	25	63	63	20	20	64	64	329	329	94	94	217	217	499	499	1003	1003	2012	2012	2030	2030	31	31	17	17	659	659	1354	1354	120	120	64	64	19745	19745	11695	11695	45696	45696	9796	9796	3	3	2	2
IND00607	80	80	484	484	1018	1018	452	452	10	10	6	6	2438	2438	1785	1785	2792	2792	1046	1046	1478	1478	611	611	2512	2512	3127	3127	3457	3457	2748	2748	245	245	232	232	3	3	14	14	698	698	1726	1726	36	36	54	54	2084	2084	5662	5662	965	965	242	242	95	95	79	79	649	649	1732	1732	1	1	39	39	2296	2296	32624	32624	48	48	170	170	12911	12911	2696	2696	655	655	467	467	13234	13234	15487	15487	37	37	13	13	958	958	3824	3824	67	67	101	101	154	154	132	132	7288	7288	6864	6864	31832	31832	5542	5542	925	925	2035	2035	28015	28015	12823	12823	115	115	203	203	121	121	23	23	57	57	10	10	1136	1136	978	978	120	120	110	110	135	135	687	687	960	960	3071	3071	1648	1648	281	281	64	64	29	29	14	14	8	8	459	459	344	344	91	91	241	241	210	210	843	843	1082	1082	659	659	29	29	20	20	121	121	1407	1407	77	77	19	19	27119	27119	20431	20431	61979	61979	36925	36925	4	4	1	1
IND00608	613	613	817	817	1328	1328	1424	1424	23	23	49	49	3423	3423	3964	3964	3744	3744	491	491	1238	1238	1998	1998	2309	2309	4450	4450	1268	1268	1096	1096	92	92	1	1	10	10	16	16	3480	3480	402	402	16	16	34	34	2474	2474	2623	2623	1587	1587	1103	1103	72	72	109	109	888	888	1701	1701	357	357	326	326	21815	21815	11667	11667	239	239	46	46	3872	3872	5771	5771	384	384	758	758	5336	5336	6721	6721	6	6	39	39	2983	2983	2018	2018	8	8	99	99	39	39	144	144	5364	5364	2112	2112	4316	4316	3657	3657	1352	1352	1880	1880	7183	7183	640	640	110	110	51	51	40	40	40	40	40	40	30	30	1404	1404	1503	1503	19	19	40	40	690	690	502	502	4042	4042	5834	5834	1151	1151	125	125	65	65	6	6	26	26	27	27	330	330	19	19	85	85	223	223	825	825	736	736	1014	1014	2010	2010	16	16	21	21	1590	1590	81	81	66	66	34	34	9474	9474	19030	19030	55874	55874	30629	30629	3	3	2	2
IND00609	983	983	979	979	717	717	1829	1829	30	30	55	55	881	881	3261	3261	3976	3976	3991	3991	1	1	2839	2839	7470	7470	7800	7800	2184	2184	692	692	152	152	54	54	7	7	13	13	3792	3792	87	87	29	29	42	42	6685	6685	7617	7617	1501	1501	1817	1817	4	4	73	73	16	16	200	200	154	154	665	665	7237	7237	27818	27818	144	144	173	173	902	902	13413	13413	199	199	920	920	8076	8076	5280	5280	17	17	26	26	4018	4018	79	79	49	49	40	40	146	146	248	248	5929	5929	5290	5290	7316	7316	19033	19033	2010	2010	1239	1239	11666	11666	17225	17225	11	11	221	221	32	32	17	17	17	17	15	15	1762	1762	1168	1168	54	54	66	66	1015	1015	725	725	258	258	2154	2154	88	88	1382	1382	52	52	83	83	4	4	7	7	365	365	230	230	140	140	138	138	1012	1012	24	24	1155	1155	1430	1430	12	12	22	22	1079	1079	598	598	35	35	31	31	21242	21242	25518	25518	40065	40065	50514	50514	1	1	4	4
IND00610	898	898	213	213	942	942	1663	1663	49	49	41	41	3852	3852	1144	1144	2944	2944	314	314	2187	2187	3089	3089	7503	7503	6486	6486	2782	2782	1674	1674	167	167	7	7	15	15	13	13	1263	1263	3170	3170	44	44	69	69	6264	6264	6638	6638	138	138	1535	1535	73	73	94	94	319	319	1606	1606	838	838	661	661	26599	26599	24088	24088	6	6	252	252	278	278	9581	9581	74	74	308	308	4927	4927	16227	16227	11	11	8	8	1288	1288	4769	4769	9	9	106	106	215	215	207	207	7706	7706	2585	2585	2920	2920	9903	9903	392	392	1018	1018	8128	8128	9964	9964	31	31	24	24	58	58	78	78	36	36	4	4	1989	1989	1674	1674	56	56	63	63	79	79	413	413	7049	7049	7797	7797	1108	1108	2015	2015	26	26	52	52	52	52	37	37	511	511	458	458	142	142	108	108	55	55	669	669	1321	1321	567	567	14	14	17	17	1363	1363	163	163	103	103	122	122	31224	31224	31120	31120	33107	33107	52950	52950	4	4	2	2
IND00611	614	614	554	554	309	309	1941	1941	21	21	36	36	433	433	3777	3777	2178	2178	1742	1742	3313	3313	3582	3582	2523	2523	856	856	73	73	3121	3121	192	192	118	118	15	15	12	12	1925	1925	2631	2631	84	84	97	97	5745	5745	5794	5794	1805	1805	1460	1460	73	73	81	81	931	931	1656	1656	167	167	211	211	8355	8355	13152	13152	184	184	86	86	12334	12334	9500	9500	757	757	489	489	4627	4627	7563	7563	52	52	34	34	7565	7565	4324	4324	34	34	1	1	238	238	114	114	195	195	7081	7081	19451	19451	19580	19580	89	89	1773	1773	28150	28150	19927	19927	67	67	18	18	39	39	13	13	29	29	11	11	165	165	55	55	104	104	107	107	266	266	758	758	6289	6289	1982	1982	1661	1661	1749	1749	92	92	114	114	35	35	54	54	365	365	446	446	208	208	156	156	391	391	739	739	1974	1974	170	170	15	15	19	19	719	719	643	643	13	13	82	82	29643	29643	9337	9337	34790	34790	63165	63165	1	1	1	1
IND00612	926	926	219	219	2021	2021	1622	1622	18	18	51	51	955	955	572	572	1787	1787	2688	2688	2654	2654	3551	3551	3852	3852	7439	7439	2896	2896	428	428	37	37	211	211	6	6	2	2	3406	3406	3571	3571	42	42	76	76	737	737	4817	4817	622	622	606	606	26	26	36	36	678	678	1713	1713	434	434	397	397	23263	23263	2217	2217	252	252	62	62	5715	5715	7829	7829	514	514	514	514	12212	12212	869	869	15	15	4	4	1936	1936	5070	5070	66	66	21	21	18	18	124	124	2522	2522	886	886	2934	2934	9873	9873	1601	1601	384	384	30048	30048	14723	14723	35	35	154	154	1	1	68	68	33	33	32	32	1006	1006	651	651	70	70	23	23	821	821	135	135	3751	3751	4658	4658	1465	1465	853	853	81	81	82	82	21	21	7	7	351	351	120	120	251	251	52	52	283	283	167	167	192	192	497	497	9	9	28	28	120	120	453	453	120	120	18	18	6807	6807	6823	6823	61236	61236	2442	2442	1	1	3	3
IND00613	845	845	355	355	747	747	497	497	8	8	16	16	3306	3306	857	857	3816	3816	3274	3274	2029	2029	2292	2292	1546	1546	2938	2938	3387	3387	4008	4008	188	188	21	21	4	4	10	10	3187	3187	1134	1134	2	2	52	52	1795	1795	8045	8045	834	834	305	305	100	100	55	55	919	919	1614	1614	27	27	529	529	24063	24063	32110	32110	36	36	218	218	9620	9620	8363	8363	805	805	57	57	835	835	11284	11284	59	59	41	41	4565	4565	6817	6817	77	77	14	14	193	193	79	79	5096	5096	6682	6682	13883	13883	22440	22440	52	52	1353	1353	25858	25858	862	862	71	71	24	24	128	128	9	9	51	51	61	61	1280	1280	1235	1235	128	128	79	79	951	951	530	530	2018	2018	3693	3693	479	479	798	798	39	39	60	60	30	30	61	61	371	371	187	187	111	111	88	88	607	607	271	271	111	111	987	987	22	22	27	27	1924	1924	1106	1106	13	13	79	79	9341	9341	21275	21275	181	181	7515	7515	3	3	3	3
IND00614	154	154	831	831	3	3	642	642	27	27	24	24	3320	3320	246	246	2655	2655	3263	3263	3048	3048	2318	2318	4549	4549	4381	4381	819	819	3243	3243	162	162	165	165	3	3	14	14	666	666	3022	3022	12	12	113	113	6852	6852	4534	4534	1766	1766	930	930	13	13	127	127	1735	1735	817	817	849	849	802	802	2609	2609	16514	16514	48	48	223	223	10927	10927	1735	1735	1012	1012	267	267	1674	1674	6816	6816	6	6	51	51	2958	2958	7018	7018	54	54	27	27	3	3	180	180	4946	4946	7161	7161	5756	5756	11708	11708	193	193	1084	1084	31067	31067	27176	27176	95	95	38	38	90	90	63	63	25	25	37	37	1338	1338	1257	1257	36	36	19	19	934	934	284	284	3785	3785	1945	1945	437	437	470	470	51	51	117	117	46	46	53	53	356	356	154	154	159	159	130	130	128	128	855	855	1223	1223	1012	1012	27	27	20	20	1400	1400	992	992	14	14	25	25	23592	23592	10803	10803	6296	6296	10022	10022	4	4	2	2
IND00615	746	746	789	789	1217	1217	1100	1100	12	12	47	47	618	618	1535	1535	3709	3709	1630	1630	1071	1071	3557	3557	2982	2982	3271	3271	2948	2948	877	877	115	115	97	97	12	12	6	6	3638	3638	1600	1600	120	120	7	7	40	40	3939	3939	21	21	934	934	101	101	13	13	709	709	1956	1956	447	447	468	468	11848	11848	21733	21733	135	135	226	226	3185	3185	11696	11696	1014	1014	874	874	8407	8407	9465	9465	34	34	4	4	4611	4611	7485	7485	80	80	26	26	128	128	64	64	4263	4263	3359	3359	153	153	23550	23550	1546	1546	1986	1986	31827	31827	31154	31154	202	202	187	187	1	1	75	75	45	45	34	34	1066	1066	1104	1104	97	97	19	19	902	902	406	406	284	284	2355	2355	952	952	555	555	122	122	35	35	20	20	28	28	458	458	50	50	15	15	177	177	417	417	244	244	315	315	271	271	12	12	16	16	580	580	1387	1387	74	74	108	108	11769	11769	16315	16315	47690	47690	46047	46047	3	3	3	3
IND00616	603	603	721	721	1266	1266	998	998	17	17	2	2	524	524	1291	1291	3169	3169	4003	4003	2476	2476	179	179	7933	7933	3487	3487	1349	1349	3575	3575	49	49	250	250	16	16	15	15	2865	2865	2789	2789	44	44	45	45	3757	3757	6632	6632	1118	1118	1506	1506	47	47	112	112	1731	1731	709	709	933	933	750	750	16070	16070	15514	15514	72	72	150	150	15433	15433	12469	12469	975	975	525	525	12125	12125	1876	1876	36	36	29	29	1058	1058	2791	2791	9	9	114	114	178	178	14	14	3808	3808	4087	4087	12971	12971	24863	24863	225	225	1369	1369	18246	18246	2034	2034	68	68	91	91	122	122	110	110	62	62	7	7	1210	1210	832	832	89	89	111	111	499	499	595	595	1951	1951	6058	6058	299	299	125	125	53	53	49	49	31	31	44	44	404	404	97	97	250	250	71	71	412	412	123	123	901	901	1794	1794	14	14	6	6	650	650	628	628	121	121	5	5	19070	19070	24550	24550	20028	20028	44377	44377	1	1	2	2
IND00617	153	153	513	513	958	958	638	638	45	45	29	29	3034	3034	1534	1534	2531	2531	2298	2298	2849	2849	1127	1127	4688	4688	2125	2125	2611	2611	2633	2633	223	223	31	31	2	2	8	8	415	415	3261	3261	85	85	77	77	5645	5645	3567	3567	1719	1719	15	15	31	31	25	25	873	873	270	270	207	207	245	245	2445	2445	11846	11846	100	100	34	34	15287	15287	415	415	918	918	595	595	10016	10016	9189	9189	61	61	8	8	7228	7228	5401	5401	18	18	43	43	220	220	179	179	919	919	7189	7189	24908	24908	3236	3236	309	309	509	509	23308	23308	9706	9706	234	234	198	198	114	114	59	59	21	21	17	17	1263	1263	631	631	79	79	96	96	339	339	789	789	4289	4289	2620	2620	225	225	178	178	52	52	98	98	1	1	21	21	64	64	247	247	85	85	91	91	642	642	633	633	1647	1647	1934	1934	3	3	14	14	1464	1464	1827	1827	113	113	90	90	15152	15152	1099	1099	38370	38370	61322	61322	3	3	3	3
IND00618	350	350	833	833	1514	1514	235	235	38	38	48	48	2501	2501	3599	3599	2456	2456	1236	1236	2947	2947	3462	3462	1121	1121	5301	5301	3597	3597	4017	4017	24	24	150	150	8	8	14	14	1298	1298	3780	3780	127	127	101	101	6570	6570	7967	7967	2023	2023	1144	1144	109	109	72	72	1768	1768	1621	1621	764	764	743	743	31666	31666	10956	10956	251	251	180	180	13065	13065	1961	1961	151	151	212	212	15411	15411	3860	3860	50	50	32	32	788	788	5202	5202	124	124	4	4	83	83	23	23	1085	1085	5508	5508	18815	18815	23487	23487	1950	1950	1453	1453	22124	22124	29087	29087	92	92	159	159	117	117	101	101	51	51	44	44	174	174	318	318	120	120	95	95	870	870	582	582	811	811	2774	2774	88	88	769	769	73	73	105	105	3	3	53	53	502	502	234	234	146	146	96	96	439	439	584	584	1763	1763	661	661	26	26	30	30	187	187	706	706	85	85	69	69	7783	7783	5676	5676	62566	62566	1015	1015	3	3	1	1
IND00619	427	427	291	291	457	457	1604	1604	48	48	64	64	1162	1162	340	340	1116	1116	3712	3712	2793	2793	3318	3318	1514	1514	6028	6028	52	52	1946	1946	39	39	18	18	9	9	10	10	1807	1807	1676	1676	90	90	31	31	5860	5860	6671	6671	336	336	1832	1832	123	123	58	58	1460	1460	1072	1072	691	691	794	794	31465	31465	18098	18098	69	69	15	15	9933	9933	7376	7376	1018	1018	419	419	7458	7458	2142	2142	49	49	38	38	810	810	3607	3607	12	12	109	109	242	242	98	98	4750	4750	6057	6057	21837	21837	31591	31591	1483	1483	1361	1361	22686	22686	24163	24163	55	55	77	77	90	90	19	19	27	27	56	56	1872	1872	1354	1354	57	57	10	10	549	549	442	442	5465	5465	273	273	1818	1818	422	422	45	45	36	36	8	8	20	20	395	395	233	233	228	228	136	136	177	177	385	385	1927	1927	1396	1396	27	27	28	28	371	371	757	757	116	116	89	89	12411	12411	21793	21793	2924	2924	50206	50206	3	3	1	1
IND00620	132	132	278	278	148	148	1761	1761	46	46	29	29	1472	1472	629	629	2598	2598	3834	3834	3182	3182	1426	1426	4920	4920	2574	2574	1535	1535	710	710	214	214	62	62	2	2	4	4	931	931	1580	1580	47	47	8	8	6895	6895	4681	4681	1432	1432	1342	1342	87	87	81	81	778	778	2019	2019	484	484	394	394	18619	18619	25356	25356	32	32	22	22	7784	7784	6935	6935	807	807	14	14	3849	3849	5426	5426	57	57	2	2	2714	2714	1202	1202	94	94	59	59	226	226	112	112	4463	4463	7875	7875	24298	24298	659	659	724	724	937	937	14306	14306	763	763	73	73	72	72	20	20	107	107	43	43	52	52	1302	1302	1451	1451	47	47	85	85	519	519	944	944	2611	2611	4242	4242	1580	1580	1485	1485	20	20	124	124	58	58	2	2	305	305	250	250	120	120	146	146	240	240	401	401	1579	1579	1330	1330	7	7	11	11	1690	1690	1183	1183	85	85	13	13	3299	3299	8383	8383	59811	59811	57244	57244	3	3	2	2
IND00621	774	774	276	276	497	497	1433	1433	3	3	63	63	3180	3180	1654	1654	4023	4023	3243	3243	853	853	3676	3676	8184	8184	697	697	2190	2190	438	438	153	153	235	235	10	10	2	2	3024	3024	166	166	81	81	118	118	7223	7223	1100	1100	559	559	424	424	33	33	25	25	421	421	232	232	197	197	312	312	18046	18046	23635	23635	157	157	120	120	11901	11901	12583	12583	113	113	966	966	9652	9652	641	641	20	20	61	61	6764	6764	6694	6694	53	53	17	17	146	146	137	137	4200	4200	7185	7185	12727	12727	30097	30097	725	725	417	417	19406	19406	6854	6854	178	178	107	107	50	50	51	51	49	49	39	39	472	472	1408	1408	84	84	112	112	6	6	521	521	5498	5498	153	153	125	125	1190	1190	25	25	11	11	11	11	55	55	355	355	179	179	237	237	9	9	191	191	423	423	439	439	501	501	29	29	20	20	1764	1764	363	363	84	84	96	96	7684	7684	6047	6047	7352	7352	58888	58888	4	4	4	4
IND00622	612	612	151	151	1102	1102	962	962	23	23	35	35	22	22	418	418	2151	2151	1219	1219	2605	2605	3884	3884	1228	1228	6952	6952	1062	1062	1092	1092	255	255	64	64	16	16	1	1	3638	3638	3093	3093	77	77	75	75	4121	4121	539	539	567	567	1601	1601	59	59	71	71	1378	1378	1113	1113	306	306	715	715	6472	6472	29883	29883	49	49	59	59	10763	10763	2950	2950	330	330	737	737	1280	1280	15556	15556	61	61	46	46	5815	5815	6972	6972	122	122	127	127	223	223	200	200	4813	4813	1888	1888	19836	19836	31042	31042	668	668	357	357	26622	26622	12656	12656	28	28	232	232	31	31	69	69	59	59	28	28	1722	1722	130	130	126	126	104	104	1015	1015	441	441	2948	2948	2691	2691	1968	1968	1860	1860	111	111	6	6	5	5	17	17	240	240	478	478	141	141	219	219	384	384	122	122	1125	1125	483	483	24	24	32	32	1222	1222	361	361	109	109	114	114	14941	14941	12892	12892	56149	56149	41784	41784	3	3	4	4
IND00623	488	488	505	505	548	548	2029	2029	50	50	1	1	1889	1889	2595	2595	1375	1375	1555	1555	3781	3781	3165	3165	4979	4979	5436	5436	2018	2018	3665	3665	110	110	186	186	16	16	14	14	2575	2575	1556	1556	97	97	91	91	7219	7219	3497	3497	1429	1429	1651	1651	114	114	81	81	532	532	1574	1574	529	529	254	254	30597	30597	30895	30895	114	114	135	135	8563	8563	14259	14259	236	236	169	169	13731	13731	4998	4998	33	33	54	54	8188	8188	5059	5059	68	68	105	105	231	231	67	67	6266	6266	7826	7826	3551	3551	11915	11915	603	603	280	280	24339	24339	31535	31535	213	213	78	78	89	89	68	68	36	36	12	12	1363	1363	1417	1417	42	42	66	66	687	687	856	856	6720	6720	1765	1765	956	956	1910	1910	89	89	30	30	18	18	37	37	379	379	325	325	115	115	15	15	1	1	904	904	163	163	1417	1417	4	4	19	19	492	492	1431	1431	109	109	92	92	8247	8247	6146	6146	4174	4174	43106	43106	1	1	3	3
IND00624	233	233	546	546	685	685	886	886	26	26	8	8	3250	3250	1848	1848	1841	1841	2922	2922	627	627	3720	3720	7030	7030	1253	1253	356	356	3058	3058	226	226	220	220	9	9	6	6	3353	3353	459	459	23	23	82	82	918	918	7681	7681	330	330	181	181	56	56	70	70	869	869	71	71	742	742	931	931	25402	25402	4549	4549	254	254	96	96	11130	11130	4823	4823	137	137	981	981	13171	13171	4865	4865	49	49	27	27	2632	2632	7691	7691	2	2	103	103	41	41	129	129	445	445	8127	8127	22508	22508	208	208	66	66	654	654	18962	18962	17887	17887	61	61	94	94	80	80	99	99	33	33	30	30	141	141	1908	1908	31	31	127	127	889	889	625	625	4023	4023	159	159	802	802	1139	1139	26	26	33	33	63	63	51	51	253	253	323	323	125	125	112	112	431	431	185	185	1710	1710	315	315	26	26	2	2	2028	2028	1904	1904	126	126	104	104	12468	12468	29141	29141	27513	27513	2667	2667	3	3	1	1
IND00625	185	185	737	737	825	825	1891	1891	13	13	21	21	2791	2791	3931	3931	283	283	3654	3654	3042	3042	3811	3811	7037	7037	1623	1623	1762	1762	2564	2564	101	101	17	17	9	9	10	10	3332	3332	1266	1266	111	111	78	78	6669	6669	4853	4853	1368	1368	925	925	112	112	12	12	1429	1429	279	279	296	296	256	256	10125	10125	26701	26701	229	229	17	17	1661	1661	7327	7327	225	225	887	887	14574	14574	14275	14275	55	55	35	35	6342	6342	8089	8089	89	89	49	49	54	54	243	243	4837	4837	6431	6431	2992	2992	5707	5707	615	615	73	73	862	862	17168	17168	132	132	108	108	41	41	68	68	20	20	28	28	1806	1806	1631	1631	23	23	18	18	461	461	551	551	4354	4354	47	47	1808	1808	2	2	3	3	14	14	17	17	8	8	186	186	117	117	103	103	38	38	563	563	720	720	514	514	737	737	15	15	14	14	213	213	1723	1723	83	83	59	59	10937	10937	621	621	41287	41287	13000	13000	3	3	4	4
IND00626	386	386	709	709	767	767	31	31	21	21	27	27	3472	3472	1497	1497	1816	1816	3163	3163	558	558	640	640	5558	5558	3278	3278	402	402	509	509	136	136	115	115	13	13	13	13	716	716	4080	4080	113	113	125	125	2091	2091	797	797	113	113	1327	1327	118	118	36	36	1382	1382	586	586	257	257	1024	1024	18116	18116	14871	14871	41	41	127	127	2576	2576	12601	12601	724	724	177	177	14695	14695	8221	8221	13	13	57	57	5747	5747	141	141	49	49	14	14	42	42	199	199	8006	8006	6693	6693	2083	2083	29195	29195	1043	1043	1062	1062	24683	24683	25604	25604	182	182	165	165	61	61	70	70	3	3	15	15	1543	1543	2014	2014	13	13	40	40	490	490	89	89	6012	6012	2017	2017	62	62	855	855	115	115	107	107	51	51	5	5	178	178	406	406	212	212	58	58	16	16	21	21	460	460	1052	1052	11	11	10	10	806	806	1039	1039	100	100	113	113	9857	9857	1374	1374	63162	63162	3365	3365	4	4	1	1
IND00627	256	256	963	963	830	830	1433	1433	30	30	38	38	1051	1051	1119	1119	589	589	368	368	1087	1087	3601	3601	2900	2900	2702	2702	706	706	1467	1467	176	176	155	155	4	4	15	15	3120	3120	4021	4021	76	76	95	95	5119	5119	4628	4628	912	912	1325	1325	33	33	43	43	501	501	1416	1416	424	424	901	901	7841	7841	8713	8713	161	161	50	50	5146	5146	5734	5734	389	389	127	127	13463	13463	16071	16071	32	32	29	29	354	354	5776	5776	28	28	55	55	58	58	149	149	317	317	6822	6822	5570	5570	14711	14711	42	42	606	606	24563	24563	26167	26167	89	89	107	107	56	56	123	123	20	20	54	54	377	377	1176	1176	42	42	38	38	595	595	107	107	6261	6261	5000	5000	198	198	1647	1647	3	3	76	76	63	63	26	26	455	455	456	456	247	247	157	157	17	17	361	361	746	746	1721	1721	31	31	32	32	826	826	1479	1479	46	46	37	37	19972	19972	21646	21646	19062	19062	24515	24515	4	4	1	1
IND00628	519	519	63	63	66	66	1585	1585	30	30	5	5	234	234	2198	2198	987	987	342	342	1070	1070	3697	3697	6853	6853	5718	5718	3094	3094	3736	3736	234	234	192	192	16	16	13	13	3067	3067	3302	3302	44	44	35	35	3325	3325	8098	8098	324	324	527	527	49	49	61	61	1363	1363	1011	1011	217	217	196	196	15660	15660	15034	15034	151	151	107	107	8993	8993	1582	1582	993	993	489	489	23	23	9094	9094	23	23	30	30	599	599	7107	7107	126	126	81	81	230	230	208	208	1715	1715	2570	2570	32058	32058	19101	19101	1241	1241	1087	1087	24430	24430	30928	30928	6	6	4	4	9	9	68	68	61	61	54	54	1982	1982	1431	1431	43	43	52	52	819	819	999	999	5875	5875	6387	6387	1624	1624	1009	1009	28	28	119	119	26	26	3	3	300	300	487	487	116	116	74	74	708	708	515	515	2027	2027	1795	1795	32	32	11	11	446	446	875	875	122	122	116	116	2602	2602	19392	19392	46249	46249	55431	55431	3	3	1	1
IND00629	52	52	172	172	1838	1838	124	124	59	59	16	16	1890	1890	2564	2564	1177	1177	3547	3547	1186	1186	3075	3075	3762	3762	7003	7003	1841	1841	2823	2823	51	51	135	135	12	12	14	14	454	454	741	741	1	1	37	37	201	201	1663	1663	2033	2033	841	841	114	114	4	4	351	351	360	360	987	987	427	427	5093	5093	31050	31050	150	150	86	86	5632	5632	1955	1955	718	718	140	140	322	322	10067	10067	27	27	49	49	5336	5336	2197	2197	121	121	62	62	35	35	187	187	250	250	6273	6273	31453	31453	3557	3557	1146	1146	113	113	4552	4552	4327	4327	138	138	228	228	56	56	9	9	37	37	8	8	1181	1181	125	125	18	18	47	47	681	681	319	319	1788	1788	5109	5109	234	234	1908	1908	111	111	125	125	26	26	22	22	393	393	260	260	143	143	136	136	170	170	18	18	735	735	427	427	3	3	13	13	295	295	429	429	54	54	78	78	1163	1163	16982	16982	2099	2099	32921	32921	2	2	2	2
IND00630	513	513	194	194	1601	1601	826	826	60	60	60	60	1655	1655	588	588	684	684	635	635	1263	1263	2571	2571	7799	7799	2202	2202	3865	3865	1651	1651	187	187	214	214	10	10	3	3	1715	1715	784	784	1	1	81	81	153	153	2561	2561	20	20	52	52	9	9	112	112	1808	1808	341	341	20	20	42	42	16774	16774	27845	27845	64	64	217	217	13431	13431	53	53	221	221	702	702	404	404	11523	11523	47	47	12	12	6638	6638	2927	2927	77	77	55	55	93	93	106	106	4595	4595	3699	3699	31545	31545	29637	29637	411	411	457	457	7485	7485	11346	11346	65	65	192	192	71	71	128	128	14	14	41	41	1707	1707	55	55	44	44	123	123	960	960	1007	1007	1421	1421	2820	2820	1199	1199	1742	1742	73	73	40	40	52	52	25	25	169	169	137	137	53	53	73	73	936	936	132	132	1383	1383	216	216	17	17	1	1	1713	1713	520	520	14	14	94	94	17922	17922	25679	25679	56096	56096	15603	15603	2	2	3	3
IND00631	230	230	798	798	1870	1870	867	867	14	14	54	54	2013	2013	3774	3774	363	363	1678	1678	943	943	2313	2313	6176	6176	8114	8114	2105	2105	1534	1534	194	194	11	11	10	10	7	7	1835	1835	1335	1335	29	29	40	40	421	421	6617	6617	1484	1484	1511	1511	44	44	68	68	1989	1989	1542	1542	945	945	393	393	7980	7980	1138	1138	250	250	162	162	8305	8305	8870	8870	422	422	63	63	6207	6207	3214	3214	55	55	13	13	8115	8115	2191	2191	106	106	114	114	96	96	184	184	7565	7565	3775	3775	15849	15849	16556	16556	301	301	834	834	14155	14155	20969	20969	101	101	47	47	110	110	14	14	49	49	31	31	640	640	459	459	119	119	123	123	597	597	875	875	3979	3979	6737	6737	1409	1409	1584	1584	91	91	36	36	5	5	17	17	331	331	372	372	119	119	244	244	898	898	130	130	1623	1623	1494	1494	20	20	10	10	1553	1553	1145	1145	107	107	56	56	31617	31617	24012	24012	1882	1882	33705	33705	2	2	2	2
IND00632	561	561	1024	1024	1448	1448	1829	1829	42	42	42	42	2112	2112	2915	2915	3892	3892	2121	2121	1134	1134	2338	2338	7164	7164	3338	3338	4001	4001	3404	3404	228	228	204	204	2	2	11	11	3305	3305	2986	2986	84	84	1	1	5937	5937	5935	5935	1868	1868	1221	1221	69	69	113	113	1558	1558	1183	1183	125	125	514	514	8139	8139	23032	23032	147	147	86	86	4013	4013	4345	4345	958	958	273	273	9409	9409	15804	15804	37	37	10	10	4447	4447	8163	8163	86	86	24	24	94	94	120	120	5025	5025	2549	2549	16284	16284	21897	21897	1761	1761	417	417	23317	23317	23775	23775	52	52	125	125	47	47	127	127	44	44	44	44	992	992	1910	1910	112	112	128	128	245	245	542	542	1935	1935	3011	3011	1830	1830	1834	1834	24	24	76	76	58	58	10	10	460	460	205	205	42	42	231	231	498	498	180	180	1885	1885	559	559	27	27	20	20	1657	1657	676	676	95	95	64	64	29821	29821	30542	30542	65110	65110	15793	15793	3	3	2	2
IND00633	758	758	584	584	561	561	536	536	14	14	31	31	186	186	3791	3791	1890	1890	3736	3736	1305	1305	1678	1678	499	499	6610	6610	785	785	1371	1371	139	139	173	173	7	7	12	12	2583	2583	793	793	94	94	15	15	2425	2425	1235	1235	1987	1987	198	198	14	14	75	75	1926	1926	1558	1558	525	525	1004	1004	10956	10956	22814	22814	26	26	218	218	15244	15244	4311	4311	173	173	859	859	8710	8710	3495	3495	19	19	59	59	5699	5699	84	84	16	16	110	110	92	92	116	116	7343	7343	7741	7741	9239	9239	19083	19083	1029	1029	1237	1237	10004	10004	17423	17423	104	104	119	119	58	58	114	114	63	63	17	17	56	56	972	972	49	49	36	36	7	7	288	288	5534	5534	3847	3847	1173	1173	690	690	38	38	104	104	26	26	41	41	254	254	159	159	123	123	217	217	68	68	766	766	971	971	1964	1964	10	10	20	20	312	312	1060	1060	120	120	56	56	14035	14035	25502	25502	51462	51462	16145	16145	1	1	1	1
IND00634	96	96	41	41	1750	1750	170	170	38	38	62	62	917	917	1249	1249	127	127	3784	3784	3950	3950	3771	3771	2973	2973	2472	2472	3992	3992	1895	1895	107	107	217	217	11	11	6	6	3772	3772	2243	2243	119	119	50	50	5120	5120	2701	2701	1396	1396	1450	1450	4	4	101	101	1091	1091	1882	1882	720	720	322	322	23719	23719	1328	1328	101	101	93	93	12022	12022	7135	7135	830	830	427	427	2217	2217	6978	6978	63	63	37	37	4074	4074	531	531	72	72	125	125	255	255	219	219	7597	7597	6548	6548	18215	18215	24789	24789	2	2	638	638	12891	12891	19937	19937	77	77	23	23	49	49	38	38	42	42	41	41	492	492	1063	1063	26	26	99	99	326	326	161	161	3584	3584	7820	7820	1374	1374	1443	1443	105	105	57	57	22	22	44	44	439	439	439	439	10	10	223	223	339	339	159	159	273	273	184	184	29	29	23	23	1723	1723	1452	1452	26	26	14	14	7047	7047	11687	11687	46980	46980	42831	42831	3	3	2	2
IND00635	737	737	141	141	948	948	181	181	1	1	22	22	569	569	1515	1515	1165	1165	2739	2739	2124	2124	4055	4055	3834	3834	5099	5099	1774	1774	834	834	250	250	44	44	16	16	15	15	1744	1744	2964	2964	118	118	12	12	1313	1313	3609	3609	2040	2040	572	572	48	48	21	21	1328	1328	1229	1229	714	714	137	137	9250	9250	5076	5076	49	49	16	16	13793	13793	15879	15879	571	571	809	809	13667	13667	12673	12673	61	61	50	50	4717	4717	1251	1251	72	72	2	2	128	128	12	12	1243	1243	2422	2422	13971	13971	4781	4781	1993	1993	393	393	28911	28911	21271	21271	152	152	73	73	3	3	38	38	10	10	10	10	337	337	1095	1095	83	83	59	59	663	663	131	131	5358	5358	7602	7602	535	535	637	637	33	33	33	33	24	24	45	45	192	192	268	268	155	155	151	151	194	194	826	826	1336	1336	586	586	22	22	23	23	1698	1698	1802	1802	81	81	60	60	15194	15194	26251	26251	13555	13555	8932	8932	3	3	2	2
IND00636	741	741	389	389	94	94	474	474	47	47	60	60	2805	2805	3536	3536	3087	3087	2790	2790	2894	2894	3462	3462	1976	1976	6044	6044	3081	3081	1110	1110	193	193	165	165	4	4	14	14	962	962	3237	3237	91	91	43	43	1540	1540	6	6	938	938	1456	1456	117	117	42	42	1493	1493	1694	1694	422	422	495	495	5624	5624	32015	32015	97	97	72	72	8793	8793	418	418	460	460	1008	1008	14544	14544	3782	3782	64	64	56	56	474	474	6342	6342	74	74	109	109	211	211	231	231	6082	6082	595	595	16782	16782	29140	29140	1617	1617	298	298	8141	8141	6416	6416	227	227	127	127	84	84	28	28	21	21	12	12	703	703	1879	1879	35	35	86	86	1008	1008	154	154	3131	3131	5488	5488	1358	1358	1172	1172	39	39	30	30	59	59	15	15	482	482	246	246	20	20	84	84	204	204	1008	1008	1956	1956	1727	1727	19	19	26	26	1702	1702	260	260	124	124	59	59	10293	10293	28327	28327	29683	29683	52376	52376	3	3	3	3
IND00637	720	720	395	395	1968	1968	1807	1807	39	39	13	13	1030	1030	2643	2643	2562	2562	831	831	1573	1573	3649	3649	6660	6660	1910	1910	2922	2922	2878	2878	114	114	126	126	14	14	4	4	1725	1725	2947	2947	92	92	18	18	3228	3228	7491	7491	2028	2028	17	17	9	9	49	49	1924	1924	1091	1091	11	11	920	920	6038	6038	2566	2566	248	248	198	198	9184	9184	13541	13541	437	437	72	72	6746	6746	6954	6954	46	46	59	59	7625	7625	4868	4868	116	116	84	84	185	185	51	51	6723	6723	2836	2836	14737	14737	7287	7287	514	514	910	910	20004	20004	21023	21023	106	106	67	67	91	91	115	115	48	48	5	5	1634	1634	280	280	94	94	75	75	684	684	764	764	3000	3000	5715	5715	974	974	1556	1556	11	11	63	63	55	55	31	31	12	12	383	383	231	231	56	56	893	893	666	666	1209	1209	1307	1307	25	25	6	6	57	57	1726	1726	32	32	104	104	27503	27503	25823	25823	33567	33567	63850	63850	4	4	3	3
IND00638	55	55	101	101	1622	1622	486	486	12	12	21	21	1362	1362	2609	2609	3404	3404	4013	4013	2984	2984	4030	4030	7897	7897	674	674	550	550	3225	3225	180	180	14	14	4	4	2	2	3977	3977	3683	3683	82	82	20	20	3730	3730	3446	3446	846	846	1192	1192	90	90	109	109	1801	1801	482	482	291	291	534	534	23709	23709	10666	10666	25	25	175	175	4831	4831	8690	8690	554	554	18	18	10594	10594	2046	2046	7	7	12	12	7530	7530	5038	5038	81	81	31	31	4	4	139	139	5958	5958	5128	5128	1839	1839	4746	4746	966	966	1648	1648	9166	9166	4269	4269	235	235	125	125	44	44	12	12	6	6	55	55	887	887	514	514	6	6	73	73	580	580	998	998	3444	3444	261	261	1034	1034	1729	1729	13	13	83	83	57	57	46	46	244	244	80	80	66	66	21	21	802	802	907	907	1382	1382	1742	1742	25	25	3	3	1937	1937	533	533	30	30	35	35	28269	28269	26053	26053	12051	12051	30905	30905	1	1	3	3
IND00639	76	76	365	365	118	118	931	931	33	33	27	27	18	18	3498	3498	855	855	4089	4089	1067	1067	3434	3434	1267	1267	2988	2988	1120	1120	2920	2920	46	46	119	119	1	1	11	11	1832	1832	1708	1708	54	54	50	50	1025	1025	8105	8105	1538	1538	1764	1764	49	49	45	45	1541	1541	814	814	774	774	660	660	7664	7664	11563	11563	116	116	148	148	6413	6413	12274	12274	263	263	33	33	5740	5740	9683	9683	24	24	26	26	4834	4834	2791	2791	90	90	36	36	190	190	137	137	2917	2917	6757	6757	8943	8943	16270	16270	1105	1105	1394	1394	30494	30494	21499	21499	70	70	200	200	49	49	97	97	35	35	60	60	649	649	329	329	106	106	89	89	793	793	917	917	6707	6707	4340	4340	980	980	1336	1336	20	20	127	127	18	18	27	27	328	328	299	299	246	246	159	159	994	994	918	918	20	20	1187	1187	10	10	2	2	648	648	1859	1859	112	112	10	10	704	704	13786	13786	56843	56843	39005	39005	3	3	4	4
IND00640	4	4	464	464	1406	1406	730	730	4	4	57	57	1744	1744	730	730	111	111	349	349	662	662	1342	1342	1421	1421	5086	5086	3638	3638	108	108	103	103	28	28	10	10	8	8	1523	1523	2621	2621	101	101	52	52	1660	1660	5241	5241	316	316	1282	1282	83	83	58	58	863	863	1177	1177	72	72	783	783	18397	18397	10342	10342	53	53	187	187	2353	2353	774	774	586	586	670	670	6894	6894	10554	10554	38	38	52	52	5286	5286	1240	1240	103	103	75	75	145	145	136	136	7891	7891	3502	3502	6980	6980	2936	2936	333	333	1566	1566	32446	32446	26860	26860	24	24	13	13	57	57	22	22	46	46	17	17	608	608	1245	1245	108	108	57	57	78	78	511	511	5641	5641	4858	4858	318	318	1662	1662	123	123	87	87	32	32	39	39	68	68	296	296	231	231	127	127	166	166	707	707	1300	1300	1988	1988	4	4	29	29	139	139	1379	1379	15	15	91	91	27656	27656	6785	6785	10613	10613	30703	30703	4	4	3	3
IND00641	585	585	1016	1016	2031	2031	412	412	41	41	11	11	3486	3486	3575	3575	41	41	292	292	3630	3630	1872	1872	4424	4424	275	275	460	460	2000	2000	80	80	4	4	14	14	15	15	343	343	1979	1979	5	5	111	111	4969	4969	6189	6189	208	208	1431	1431	24	24	40	40	681	681	331	331	37	37	870	870	22807	22807	8747	8747	249	249	191	191	2828	2828	10682	10682	368	368	961	961	3705	3705	1103	1103	22	22	3	3	5364	5364	4824	4824	69	69	44	44	142	142	97	97	5653	5653	5247	5247	13200	13200	30276	30276	1640	1640	1670	1670	1915	1915	15110	15110	91	91	13	13	116	116	112	112	64	64	7	7	944	944	119	119	88	88	35	35	481	481	807	807	5963	5963	7679	7679	1656	1656	1390	1390	75	75	69	69	49	49	21	21	243	243	281	281	185	185	107	107	749	749	9	9	98	98	722	722	13	13	29	29	964	964	1813	1813	37	37	119	119	18310	18310	25698	25698	26168	26168	57128	57128	4	4	4	4
IND00642	738	738	121	121	700	700	601	601	45	45	7	7	991	991	3346	3346	3071	3071	3405	3405	3850	3850	3752	3752	2944	2944	6320	6320	902	902	859	859	160	160	78	78	6	6	7	7	3827	3827	2487	2487	89	89	78	78	7310	7310	2101	2101	1202	1202	1046	1046	33	33	23	23	1830	1830	1179	1179	203	203	402	402	15475	15475	15499	15499	184	184	218	218	6076	6076	12466	12466	1007	1007	696	696	372	372	9378	9378	32	32	48	48	3517	3517	5404	5404	89	89	35	35	103	103	69	69	518	518	3391	3391	13886	13886	22214	22214	166	166	1714	1714	9766	9766	31068	31068	8	8	101	101	66	66	22	22	15	15	38	38	639	639	1071	1071	38	38	51	51	949	949	355	355	2523	2523	5162	5162	1248	1248	1083	1083	20	20	46	46	4	4	3	3	204	204	408	408	172	172	227	227	849	849	1015	1015	815	815	1958	1958	24	24	12	12	320	320	74	74	123	123	72	72	15436	15436	10037	10037	22554	22554	63052	63052	3	3	2	2
IND00643	730	730	360	360	1163	1163	1542	1542	48	48	41	41	2531	2531	154	154	1365	1365	2019	2019	2987	2987	436	436	6024	6024	6556	6556	2294	2294	684	684	243	243	93	93	8	8	7	7	2670	2670	1942	1942	110	110	70	70	4439	4439	1961	1961	1336	1336	1201	1201	30	30	110	110	1218	1218	328	328	541	541	261	261	13853	13853	29896	29896	111	111	142	142	6199	6199	14650	14650	446	446	583	583	14467	14467	1759	1759	11	11	8	8	3936	3936	4735	4735	87	87	19	19	215	215	45	45	4354	4354	1084	1084	10039	10039	24541	24541	997	997	2024	2024	24007	24007	25492	25492	126	126	93	93	77	77	24	24	12	12	51	51	1051	1051	773	773	106	106	62	62	365	365	79	79	8008	8008	1291	1291	1871	1871	1385	1385	79	79	99	99	55	55	37	37	92	92	486	486	33	33	182	182	94	94	766	766	1520	1520	999	999	11	11	25	25	23	23	2034	2034	8	8	15	15	5133	5133	2580	2580	63940	63940	51750	51750	2	2	2	2
IND00644	34	34	213	213	846	846	1250	1250	43	43	10	10	4084	4084	3030	3030	1682	1682	1292	1292	2714	2714	2339	2339	1888	1888	7195	7195	353	353	3390	3390	139	139	247	247	2	2	1	1	849	849	364	364	60	60	74	74	1401	1401	5229	5229	545	545	1954	1954	23	23	27	27	1194	1194	106	106	100	100	746	746	27047	27047	5726	5726	202	202	188	188	6956	6956	13743	13743	472	472	322	322	7608	7608	14572	14572	31	31	41	41	6083	6083	1723	1723	104	104	75	75	121	121	169	169	1202	1202	6396	6396	13627	13627	19645	19645	1628	1628	1561	1561	8558	8558	21189	21189	88	88	213	213	32	32	5	5	3	3	47	47	600	600	569	569	44	44	18	18	772	772	990	990	7558	7558	899	899	1889	1889	1037	1037	92	92	13	13	1	1	27	27	491	491	397	397	33	33	84	84	164	164	16	16	1100	1100	1781	1781	13	13	30	30	407	407	1104	1104	9	9	119	119	20591	20591	17422	17422	65367	65367	1445	1445	4	4	3	3
IND00645	900	900	489	489	360	360	464	464	53	53	12	12	3802	3802	3117	3117	3615	3615	1039	1039	1097	1097	2832	2832	5154	5154	1923	1923	2198	2198	495	495	126	126	204	204	12	12	7	7	4047	4047	3092	3092	51	51	113	113	5860	5860	5581	5581	1677	1677	1961	1961	58	58	109	109	493	493	1654	1654	56	56	262	262	4696	4696	30953	30953	233	233	179	179	3005	3005	1739	1739	700	700	40	40	13554	13554	1694	1694	13	13	15	15	3665	3665	6091	6091	111	111	118	118	196	196	151	151	5780	5780	6338	6338	2326	2326	11515	11515	1919	1919	1401	1401	8648	8648	30326	30326	114	114	147	147	97	97	6	6	27	27	32	32	300	300	714	714	4	4	76	76	264	264	181	181	8166	8166	7997	7997	415	415	1066	1066	17	17	26	26	35	35	63	63	354	354	39	39	128	128	120	120	491	491	991	991	1352	1352	1187	1187	9	9	11	11	854	854	454	454	50	50	36	36	3405	3405	2697	2697	10478	10478	28674	28674	2	2	4	4
IND00646	442	442	766	766	1920	1920	1584	1584	43	43	19	19	91	91	533	533	2043	2043	3391	3391	3694	3694	2477	2477	5207	5207	619	619	828	828	2625	2625	47	47	186	186	13	13	6	6	3224	3224	3653	3653	18	18	80	80	3589	3589	7818	7818	715	715	317	317	109	109	66	66	1974	1974	1253	1253	633	633	281	281	6091	6091	19532	19532	38	38	26	26	9754	9754	7020	7020	419	419	229	229	4750	4750	15972	15972	29	29	63	63	4747	4747	1532	1532	81	81	53	53	42	42	100	100	513	513	2561	2561	19912	19912	6201	6201	72	72	425	425	8510	8510	27836	27836	249	249	58	58	85	85	120	120	33	33	51	51	454	454	776	776	123	123	59	59	842	842	906	906	6438	6438	3635	3635	1606	1606	480	480	38	38	96	96	31	31	31	31	331	331	259	259	106	106	18	18	730	730	575	575	1929	1929	630	630	23	23	30	30	827	827	993	993	108	108	61	61	3879	3879	24589	24589	50792	50792	24904	24904	3	3	1	1
IND00647	356	356	961	961	805	805	518	518	12	12	4	4	1721	1721	1898	1898	3662	3662	3804	3804	1238	1238	2875	2875	6164	6164	2382	2382	17	17	484	484	33	33	138	138	6	6	4	4	1106	1106	2111	2111	123	123	18	18	4765	4765	3471	3471	775	775	1752	1752	33	33	111	111	1066	1066	1747	1747	742	742	194	194	31325	31325	7231	7231	152	152	144	144	13476	13476	7085	7085	708	708	172	172	11659	11659	2583	2583	62	62	59	59	7084	7084	7986	7986	93	93	70	70	23	23	199	199	4956	4956	3664	3664	2695	2695	20880	20880	156	156	1630	1630	10829	10829	3015	3015	184	184	140	140	21	21	118	118	8	8	39	39	691	691	1648	1648	70	70	67	67	844	844	190	190	6262	6262	6516	6516	1121	1121	1249	1249	33	33	94	94	56	56	53	53	142	142	88	88	185	185	115	115	506	506	1013	1013	873	873	1747	1747	20	20	19	19	1393	1393	1894	1894	25	25	23	23	15366	15366	1340	1340	33564	33564	31175	31175	1	1	3	3
IND00648	257	257	991	991	1787	1787	8	8	1	1	24	24	3439	3439	2009	2009	799	799	1228	1228	2935	2935	3763	3763	3839	3839	6599	6599	314	314	1498	1498	234	234	250	250	11	11	4	4	124	124	690	690	116	116	17	17	2571	2571	1484	1484	1151	1151	1081	1081	14	14	33	33	448	448	1469	1469	108	108	743	743	31560	31560	24410	24410	61	61	88	88	14758	14758	1964	1964	1013	1013	170	170	10499	10499	1344	1344	17	17	59	59	1484	1484	7552	7552	89	89	97	97	130	130	58	58	8044	8044	66	66	26189	26189	14317	14317	1912	1912	625	625	26077	26077	20437	20437	92	92	45	45	44	44	33	33	20	20	45	45	1555	1555	1005	1005	27	27	112	112	456	456	521	521	5767	5767	5919	5919	46	46	982	982	44	44	109	109	7	7	28	28	371	371	208	208	166	166	31	31	580	580	242	242	1355	1355	1234	1234	30	30	4	4	677	677	1475	1475	30	30	66	66	26539	26539	2358	2358	48321	48321	12527	12527	3	3	1	1
IND00649	259	259	686	686	137	137	968	968	54	54	52	52	2129	2129	329	329	3535	3535	3794	3794	3985	3985	1278	1278	268	268	5267	5267	2130	2130	2762	2762	109	109	29	29	2	2	9	9	3661	3661	1117	1117	11	11	10	10	5115	5115	6102	6102	247	247	1395	1395	60	60	28	28	198	198	519	519	424	424	134	134	2540	2540	9230	9230	141	141	94	94	4894	4894	13566	13566	762	762	614	614	14533	14533	15585	15585	43	43	21	21	8026	8026	6659	6659	101	101	122	122	102	102	219	219	4522	4522	7417	7417	2173	2173	14870	14870	1260	1260	1293	1293	20029	20029	3735	3735	115	115	115	115	125	125	33	33	63	63	42	42	71	71	521	521	32	32	91	91	137	137	504	504	7084	7084	6249	6249	248	248	832	832	121	121	49	49	55	55	59	59	256	256	251	251	81	81	133	133	340	340	972	972	1674	1674	293	293	12	12	11	11	483	483	1394	1394	73	73	89	89	7247	7247	20903	20903	31515	31515	9397	9397	2	2	3	3
IND00650	494	494	708	708	807	807	1552	1552	24	24	57	57	3387	3387	3633	3633	4059	4059	1211	1211	423	423	1257	1257	7103	7103	4484	4484	657	657	3131	3131	231	231	82	82	4	4	12	12	2839	2839	2203	2203	128	128	77	77	1363	1363	7876	7876	1952	1952	1679	1679	87	87	24	24	1050	1050	746	746	816	816	515	515	4387	4387	20867	20867	111	111	23	23	12570	12570	4001	4001	595	595	1014	1014	14525	14525	14670	14670	7	7	42	42	4425	4425	6090	6090	47	47	56	56	88	88	145	145	216	216	2933	2933	22026	22026	12186	12186	1392	1392	1635	1635	619	619	27323	27323	170	170	181	181	43	43	48	48	57	57	25	25	9	9	319	319	48	48	88	88	87	87	1004	1004	4422	4422	4773	4773	704	704	237	237	17	17	97	97	8	8	9	9	226	226	305	305	96	96	60	60	1001	1001	376	376	371	371	822	822	31	31	18	18	1286	1286	859	859	40	40	116	116	13843	13843	4779	4779	37221	37221	46167	46167	3	3	3	3
IND00651	603	603	344	344	746	746	662	662	59	59	48	48	1488	1488	1271	1271	3482	3482	1929	1929	256	256	1601	1601	2091	2091	5569	5569	1921	1921	447	447	229	229	79	79	5	5	6	6	290	290	3275	3275	99	99	70	70	2382	2382	776	776	1944	1944	1060	1060	55	55	15	15	1308	1308	905	905	1008	1008	469	469	29593	29593	15896	15896	168	168	230	230	9280	9280	2763	2763	379	379	620	620	12574	12574	5199	5199	28	28	10	10	7941	7941	4099	4099	97	97	10	10	69	69	97	97	3788	3788	1654	1654	14082	14082	24172	24172	405	405	1723	1723	14459	14459	21877	21877	57	57	180	180	11	11	27	27	43	43	58	58	1138	1138	1368	1368	122	122	79	79	187	187	71	71	1772	1772	5124	5124	709	709	2028	2028	83	83	1	1	55	55	52	52	74	74	412	412	8	8	244	244	695	695	864	864	410	410	1167	1167	11	11	13	13	980	980	1870	1870	125	125	17	17	18752	18752	19064	19064	50515	50515	20080	20080	1	1	3	3
IND00652	548	548	890	890	81	81	1545	1545	62	62	28	28	2581	2581	2055	2055	589	589	1657	1657	2305	2305	741	741	5545	5545	2148	2148	1335	1335	1683	1683	254	254	64	64	16	16	7	7	1804	1804	2576	2576	99	99	80	80	6422	6422	1780	1780	1698	1698	1462	1462	2	2	30	30	1423	1423	772	772	924	924	574	574	18263	18263	24820	24820	134	134	41	41	6091	6091	6355	6355	305	305	106	106	2346	2346	13931	13931	61	61	60	60	6202	6202	7259	7259	58	58	26	26	90	90	210	210	5287	5287	2874	2874	28256	28256	19391	19391	208	208	347	347	10512	10512	14236	14236	51	51	145	145	77	77	8	8	47	47	23	23	244	244	58	58	86	86	109	109	828	828	825	825	5486	5486	6164	6164	1571	1571	76	76	31	31	128	128	64	64	56	56	70	70	378	378	226	226	124	124	366	366	563	563	1959	1959	1353	1353	3	3	4	4	1562	1562	307	307	70	70	1	1	19648	19648	4057	4057	1736	1736	4304	4304	1	1	2	2
IND00653	538	538	878	878	721	721	1580	1580	39	39	53	53	1166	1166	3976	3976	3938	3938	592	592	791	791	3877	3877	4504	4504	3428	3428	3286	3286	2305	2305	143	143	134	134	3	3	12	12	3889	3889	261	261	42	42	6	6	7807	7807	2239	2239	1952	1952	1206	1206	41	41	67	67	760	760	1087	1087	955	955	943	943	13618	13618	31214	31214	49	49	44	44	11999	11999	15702	15702	539	539	129	129	7881	7881	11563	11563	28	28	40	40	5542	5542	4783	4783	6	6	58	58	169	169	216	216	1310	1310	2267	2267	1995	1995	23536	23536	681	681	1823	1823	23406	23406	13976	13976	113	113	118	118	56	56	84	84	41	41	31	31	459	459	1263	1263	97	97	12	12	330	330	490	490	4079	4079	2975	2975	82	82	99	99	96	96	115	115	50	50	26	26	34	34	161	161	143	143	249	249	780	780	152	152	849	849	104	104	4	4	13	13	202	202	1429	1429	89	89	85	85	14112	14112	21847	21847	48224	48224	20916	20916	1	1	2	2
IND00654	623	623	580	580	179	179	1953	1953	60	60	41	41	453	453	317	317	2279	2279	3981	3981	2902	2902	3669	3669	2635	2635	7366	7366	3295	3295	1353	1353	42	42	248	248	7	7	11	11	323	323	3287	3287	103	103	43	43	5518	5518	4274	4274	1346	1346	142	142	10	10	109	109	1269	1269	922	922	759	759	30	30	13281	13281	21769	21769	64	64	123	123	15000	15000	15996	15996	491	491	316	316	12757	12757	4552	4552	48	48	50	50	6926	6926	5514	5514	16	16	23	23	244	244	189	189	3164	3164	7864	7864	17092	17092	4262	4262	304	304	1275	1275	8216	8216	8417	8417	154	154	119	119	116	116	6	6	33	33	3	3	1436	1436	1970	1970	9	9	113	113	599	599	966	966	3349	3349	3337	3337	1069	1069	1676	1676	69	69	16	16	9	9	13	13	459	459	427	427	109	109	219	219	540	540	590	590	1011	1011	1885	1885	31	31	31	31	1672	1672	1281	1281	33	33	61	61	22955	22955	23828	23828	63479	63479	45642	45642	4	4	3	3
IND00655	63	63	732	732	334	334	291	291	61	61	25	25	3942	3942	1903	1903	340	340	3454	3454	3493	3493	34	34	2366	2366	3136	3136	368	368	3827	3827	210	210	66	66	6	6	6	6	2563	2563	239	239	41	41	81	81	1133	1133	3982	3982	1655	1655	1850	1850	58	58	45	45	1913	1913	1109	1109	881	881	81	81	15721	15721	18908	18908	236	236	71	71	14701	14701	2527	2527	685	685	489	489	1847	1847	7118	7118	20	20	60	60	1556	1556	1472	1472	54	54	19	19	24	24	27	27	3750	3750	6038	6038	15143	15143	16877	16877	1608	1608	732	732	5848	5848	10650	10650	23	23	223	223	93	93	23	23	38	38	8	8	1531	1531	1068	1068	57	57	15	15	486	486	796	796	3162	3162	522	522	626	626	744	744	64	64	12	12	39	39	34	34	333	333	470	470	245	245	129	129	516	516	99	99	781	781	847	847	21	21	10	10	581	581	470	470	28	28	61	61	22156	22156	4674	4674	63985	63985	35818	35818	1	1	3	3
IND00656	217	217	405	405	100	100	873	873	63	63	29	29	1602	1602	3230	3230	3711	3711	786	786	886	886	2356	2356	5991	5991	7155	7155	1856	1856	3851	3851	137	137	255	255	2	2	12	12	671	671	4071	4071	36	36	117	117	1959	1959	4451	4451	221	221	756	756	98	98	64	64	942	942	1725	1725	398	398	587	587	10522	10522	14786	14786	47	47	253	253	11482	11482	9361	9361	569	569	578	578	3564	3564	165	165	22	22	58	58	8129	8129	6709	6709	86	86	37	37	216	216	243	243	7056	7056	7875	7875	5822	5822	32293	32293	231	231	516	516	30546	30546	20383	20383	122	122	16	16	43	43	104	104	14	14	55	55	748	748	766	766	74	74	34	34	66	66	860	860	1482	1482	5733	5733	753	753	237	237	72	72	50	50	47	47	48	48	410	410	378	378	59	59	69	69	273	273	952	952	1516	1516	1518	1518	28	28	15	15	440	440	1012	1012	15	15	75	75	26367	26367	28004	28004	59775	59775	33998	33998	1	1	3	3
IND00657	994	994	5	5	1927	1927	1433	1433	50	50	5	5	2311	2311	3584	3584	859	859	272	272	1244	1244	825	825	5114	5114	5641	5641	2712	2712	696	696	7	7	32	32	7	7	4	4	3538	3538	3539	3539	19	19	69	69	3054	3054	1093	1093	505	505	1738	1738	84	84	40	40	883	883	490	490	530	530	998	998	11789	11789	25829	25829	186	186	238	238	7819	7819	14434	14434	98	98	868	868	13833	13833	11588	11588	46	46	34	34	2153	2153	3251	3251	77	77	14	14	17	17	196	196	2262	2262	8013	8013	13750	13750	32471	32471	211	211	1206	1206	22657	22657	28194	28194	143	143	164	164	124	124	57	57	63	63	1	1	1975	1975	361	361	44	44	52	52	470	470	577	577	3671	3671	5276	5276	662	662	1470	1470	107	107	46	46	42	42	34	34	267	267	404	404	39	39	186	186	950	950	141	141	1720	1720	135	135	3	3	26	26	1773	1773	1619	1619	127	127	72	72	6972	6972	7186	7186	16161	16161	55078	55078	1	1	4	4
IND00658	930	930	871	871	1808	1808	302	302	38	38	60	60	3356	3356	1659	1659	2146	2146	2754	2754	3388	3388	3343	3343	2590	2590	2995	2995	1968	1968	448	448	183	183	33	33	2	2	7	7	1162	1162	3830	3830	68	68	28	28	6077	6077	6657	6657	1781	1781	2027	2027	122	122	76	76	1057	1057	199	199	759	759	748	748	17847	17847	28969	28969	67	67	256	256	15951	15951	2613	2613	379	379	341	341	6153	6153	127	127	44	44	42	42	3086	3086	6201	6201	57	57	82	82	36	36	90	90	8040	8040	5528	5528	18597	18597	1299	1299	776	776	1542	1542	21278	21278	1082	1082	202	202	199	199	44	44	82	82	56	56	46	46	1154	1154	1016	1016	54	54	120	120	152	152	362	362	3601	3601	3355	3355	605	605	489	489	98	98	109	109	4	4	39	39	497	497	274	274	135	135	244	244	177	177	34	34	959	959	659	659	16	16	19	19	770	770	1308	1308	121	121	74	74	9175	9175	1963	1963	1417	1417	12313	12313	3	3	3	3
IND00659	177	177	409	409	78	78	2008	2008	2	2	32	32	312	312	2848	2848	3081	3081	920	920	3432	3432	2307	2307	180	180	6304	6304	1966	1966	3930	3930	202	202	224	224	10	10	3	3	1831	1831	852	852	113	113	110	110	6818	6818	6945	6945	289	289	1300	1300	100	100	101	101	625	625	957	957	804	804	771	771	7009	7009	1114	1114	46	46	181	181	9140	9140	14469	14469	637	637	559	559	11864	11864	4826	4826	45	45	12	12	3699	3699	668	668	34	34	24	24	72	72	106	106	637	637	2456	2456	16173	16173	30348	30348	1017	1017	1780	1780	13896	13896	30577	30577	11	11	180	180	23	23	76	76	2	2	21	21	2035	2035	935	935	84	84	49	49	241	241	375	375	5647	5647	5778	5778	748	748	240	240	7	7	71	71	17	17	56	56	379	379	506	506	239	239	241	241	500	500	317	317	180	180	460	460	11	11	1	1	519	519	880	880	4	4	115	115	24494	24494	6323	6323	41289	41289	15009	15009	3	3	2	2
IND00660	437	437	619	619	746	746	1311	1311	21	21	60	60	807	807	3061	3061	1636	1636	969	969	129	129	879	879	789	789	2690	2690	423	423	3684	3684	190	190	201	201	15	15	13	13	3291	3291	120	120	128	128	15	15	3094	3094	2084	2084	612	612	1817	1817	128	128	53	53	1453	1453	1095	1095	662	662	576	576	17478	17478	24687	24687	255	255	188	188	8818	8818	9709	9709	230	230	963	963	2396	2396	13768	13768	22	22	54	54	7319	7319	4557	4557	56	56	56	56	216	216	78	78	4388	4388	7754	7754	4238	4238	11405	11405	21	21	345	345	14073	14073	16679	16679	17	17	102	102	107	107	77	77	51	51	22	22	1061	1061	1078	1078	82	82	9	9	26	26	1005	1005	1578	1578	6229	6229	1584	1584	1189	1189	115	115	83	83	4	4	29	29	246	246	142	142	127	127	160	160	666	666	360	360	1234	1234	379	379	26	26	29	29	800	800	1721	1721	31	31	37	37	15520	15520	13959	13959	33426	33426	34961	34961	4	4	2	2
IND00661	630	630	851	851	1014	1014	1341	1341	26	26	54	54	189	189	792	792	1599	1599	1479	1479	2431	2431	1881	1881	4856	4856	6951	6951	2909	2909	2098	2098	11	11	90	90	2	2	13	13	2395	2395	3020	3020	92	92	18	18	7863	7863	6817	6817	1795	1795	399	399	26	26	60	60	1602	1602	1893	1893	519	519	376	376	3871	3871	22085	22085	176	176	30	30	6131	6131	9742	9742	455	455	860	860	16267	16267	9886	9886	10	10	45	45	3008	3008	3477	3477	116	116	48	48	15	15	203	203	6495	6495	3588	3588	8922	8922	3117	3117	892	892	1664	1664	9630	9630	3813	3813	44	44	95	95	44	44	60	60	52	52	5	5	242	242	1605	1605	100	100	12	12	764	764	659	659	6680	6680	382	382	781	781	128	128	123	123	122	122	41	41	60	60	291	291	201	201	198	198	195	195	205	205	402	402	372	372	284	284	30	30	29	29	1724	1724	1789	1789	2	2	105	105	24864	24864	15803	15803	1531	1531	24688	24688	4	4	1	1
IND00662	145	145	395	395	1877	1877	508	508	19	19	10	10	1748	1748	630	630	2433	2433	2778	2778	3592	3592	88	88	5312	5312	8073	8073	1891	1891	2233	2233	237	237	114	114	11	11	7	7	999	999	1968	1968	105	105	82	82	3827	3827	4348	4348	254	254	1406	1406	122	122	126	126	1317	1317	1942	1942	127	127	265	265	3655	3655	29327	29327	167	167	94	94	6880	6880	15108	15108	249	249	566	566	12553	12553	1577	1577	30	30	59	59	2020	2020	1944	1944	109	109	13	13	75	75	189	189	3720	3720	5819	5819	22156	22156	1080	1080	1174	1174	756	756	19754	19754	12040	12040	18	18	166	166	52	52	26	26	45	45	36	36	1796	1796	1192	1192	10	10	19	19	666	666	291	291	2933	2933	3106	3106	14	14	1233	1233	122	122	76	76	54	54	12	12	462	462	215	215	110	110	81	81	708	708	33	33	32	32	1762	1762	3	3	13	13	90	90	1696	1696	13	13	49	49	27695	27695	20880	20880	60369	60369	36917	36917	3	3	4	4
IND00663	45	45	506	506	2041	2041	1201	1201	23	23	52	52	1174	1174	3318	3318	2728	2728	3427	3427	898	898	2255	2255	6733	6733	4114	4114	2512	2512	1505	1505	186	186	253	253	10	10	4	4	808	808	1720	1720	49	49	94	94	6574	6574	2097	2097	1294	1294	47	47	21	21	45	45	834	834	669	669	984	984	259	259	21170	21170	23748	23748	54	54	199	199	9922	9922	9368	9368	489	489	445	445	15204	15204	3308	3308	49	49	63	63	3681	3681	7202	7202	14	14	41	41	102	102	190	190	4811	4811	7311	7311	25858	25858	2118	2118	1711	1711	1788	1788	18305	18305	2941	2941	239	239	127	127	55	55	5	5	50	50	31	31	543	543	1465	1465	125	125	51	51	386	386	493	493	3642	3642	6348	6348	880	880	1875	1875	127	127	49	49	51	51	31	31	333	333	198	198	131	131	100	100	721	721	679	679	1246	1246	227	227	25	25	2	2	1117	1117	982	982	23	23	35	35	8378	8378	12541	12541	55007	55007	31960	31960	3	3	3	3
IND00664	24	24	4	4	790	790	629	629	15	15	33	33	160	160	996	996	3747	3747	3885	3885	1588	1588	2602	2602	5028	5028	4878	4878	1742	1742	1105	1105	55	55	72	72	2	2	9	9	33	33	965	965	53	53	2	2	6895	6895	6747	6747	1052	1052	692	692	11	11	11	11	1801	1801	858	858	488	488	770	770	28406	28406	6171	6171	56	56	152	152	268	268	12455	12455	973	973	868	868	1484	1484	11783	11783	56	56	32	32	414	414	2247	2247	71	71	57	57	183	183	184	184	5408	5408	1239	1239	15097	15097	5145	5145	1750	1750	1263	1263	4040	4040	31790	31790	118	118	48	48	77	77	110	110	20	20	30	30	983	983	505	505	128	128	84	84	311	311	446	446	4589	4589	5759	5759	640	640	333	333	90	90	102	102	64	64	10	10	365	365	310	310	80	80	69	69	504	504	723	723	1297	1297	724	724	27	27	24	24	1464	1464	935	935	18	18	115	115	3533	3533	24562	24562	9680	9680	48621	48621	1	1	2	2
IND00665	827	827	907	907	1416	1416	264	264	51	51	63	63	1648	1648	2990	2990	3936	3936	1454	1454	3878	3878	241	241	3436	3436	1205	1205	340	340	4006	4006	249	249	76	76	1	1	3	3	2618	2618	3331	3331	65	65	78	78	4945	4945	1222	1222	61	61	641	641	109	109	32	32	35	35	1978	1978	794	794	337	337	13907	13907	9578	9578	158	158	160	160	5726	5726	900	900	647	647	769	769	3416	3416	6658	6658	59	59	18	18	7128	7128	6167	6167	119	119	15	15	185	185	232	232	7871	7871	6762	6762	16156	16156	12896	12896	747	747	1279	1279	15440	15440	19999	19999	232	232	120	120	27	27	26	26	24	24	23	23	1589	1589	1988	1988	95	95	78	78	636	636	591	591	6648	6648	2740	2740	924	924	1092	1092	44	44	119	119	47	47	19	19	10	10	14	14	240	240	236	236	357	357	172	172	402	402	1739	1739	7	7	22	22	1080	1080	1906	1906	9	9	41	41	30844	30844	4456	4456	34606	34606	12680	12680	3	3	4	4
IND00666	480	480	11	11	1421	1421	1779	1779	5	5	58	58	2790	2790	3281	3281	3940	3940	3768	3768	4092	4092	1596	1596	3083	3083	5256	5256	2687	2687	1357	1357	38	38	233	233	16	16	6	6	124	124	3203	3203	106	106	18	18	1988	1988	795	795	251	251	1805	1805	7	7	46	46	1220	1220	704	704	925	925	632	632	542	542	14911	14911	166	166	113	113	2053	2053	13056	13056	403	403	51	51	2634	2634	2733	2733	7	7	11	11	6053	6053	2910	2910	80	80	51	51	64	64	243	243	6800	6800	111	111	26503	26503	24857	24857	1725	1725	1508	1508	22962	22962	30594	30594	30	30	54	54	80	80	89	89	29	29	45	45	1927	1927	1886	1886	14	14	65	65	1012	1012	923	923	1292	1292	5658	5658	1322	1322	722	722	126	126	78	78	52	52	7	7	286	286	372	372	233	233	227	227	590	590	517	517	1137	1137	1183	1183	21	21	9	9	1157	1157	1124	1124	10	10	50	50	11546	11546	1983	1983	39100	39100	63424	63424	3	3	1	1
IND00667	276	276	795	795	1333	1333	2034	2034	52	52	46	46	2787	2787	1332	1332	776	776	4034	4034	3366	3366	3189	3189	4144	4144	5113	5113	1715	1715	2025	2025	14	14	222	222	16	16	10	10	1137	1137	996	996	108	108	97	97	188	188	7810	7810	1016	1016	772	772	73	73	98	98	1792	1792	69	69	666	666	780	780	12384	12384	25864	25864	241	241	191	191	9812	9812	5922	5922	38	38	319	319	5037	5037	11621	11621	59	59	60	60	6751	6751	2668	2668	55	55	117	117	204	204	252	252	6350	6350	3981	3981	3368	3368	8016	8016	1316	1316	1365	1365	24648	24648	28149	28149	96	96	215	215	113	113	119	119	17	17	48	48	613	613	2001	2001	81	81	103	103	407	407	748	748	4432	4432	2293	2293	1849	1849	327	327	84	84	113	113	51	51	49	49	118	118	124	124	197	197	40	40	734	734	395	395	1091	1091	1395	1395	14	14	14	14	383	383	1804	1804	24	24	71	71	23263	23263	13336	13336	36582	36582	12686	12686	3	3	4	4
IND00668	987	987	47	47	1009	1009	878	878	40	40	14	14	3925	3925	38	38	3274	3274	1283	1283	1693	1693	1757	1757	1264	1264	695	695	1738	1738	701	701	130	130	202	202	11	11	3	3	2805	2805	287	287	30	30	80	80	5864	5864	7842	7842	753	753	1877	1877	29	29	15	15	1220	1220	168	168	420	420	131	131	28325	28325	12313	12313	37	37	253	253	15531	15531	999	999	458	458	287	287	3545	3545	4454	4454	22	22	16	16	460	460	4652	4652	49	49	48	48	186	186	218	218	7402	7402	6704	6704	16176	16176	24729	24729	1125	1125	1582	1582	13885	13885	9308	9308	177	177	78	78	92	92	118	118	45	45	28	28	838	838	1662	1662	8	8	6	6	41	41	269	269	6033	6033	86	86	1460	1460	971	971	16	16	111	111	61	61	44	44	363	363	233	233	7	7	155	155	772	772	1020	1020	240	240	304	304	28	28	22	22	867	867	1085	1085	80	80	65	65	22925	22925	27846	27846	17452	17452	12137	12137	3	3	2	2
IND00669	830	830	370	370	340	340	1959	1959	23	23	30	30	2267	2267	618	618	3425	3425	656	656	365	365	2922	2922	5550	5550	4049	4049	2422	2422	2730	2730	142	142	169	169	1	1	2	2	3109	3109	2074	2074	83	83	1	1	1501	1501	1535	1535	411	411	1773	1773	113	113	120	120	1236	1236	441	441	226	226	219	219	17369	17369	8338	8338	89	89	36	36	2540	2540	11862	11862	653	653	984	984	13040	13040	9945	9945	9	9	18	18	5264	5264	706	706	52	52	36	36	42	42	103	103	2278	2278	3860	3860	17720	17720	20254	20254	651	651	1349	1349	26129	26129	15148	15148	232	232	218	218	22	22	113	113	29	29	10	10	1989	1989	986	986	127	127	87	87	557	557	1004	1004	5474	5474	7387	7387	609	609	1859	1859	98	98	76	76	57	57	62	62	99	99	351	351	99	99	131	131	258	258	1	1	1706	1706	636	636	18	18	8	8	1833	1833	369	369	8	8	84	84	16069	16069	3264	3264	29720	29720	6052	6052	1	1	1	1
IND00670	368	368	47	47	1722	1722	433	433	30	30	11	11	2991	2991	2616	2616	3678	3678	3898	3898	63	63	2256	2256	7497	7497	4285	4285	1397	1397	3903	3903	233	233	155	155	8	8	3	3	2753	2753	2934	2934	97	97	2	2	32	32	5634	5634	530	530	450	450	28	28	80	80	1798	1798	617	617	342	342	810	810	27794	27794	11962	11962	226	226	218	218	4757	4757	16338	16338	653	653	864	864	13021	13021	6067	6067	50	50	50	50	907	907	480	480	115	115	117	117	17	17	147	147	7823	7823	1227	1227	4638	4638	3935	3935	867	867	1175	1175	31226	31226	5677	5677	228	228	241	241	34	34	62	62	6	6	40	40	407	407	142	142	97	97	94	94	355	355	884	884	5798	5798	4407	4407	637	637	1893	1893	37	37	67	67	34	34	10	10	211	211	88	88	200	200	38	38	338	338	982	982	495	495	295	295	24	24	32	32	1104	1104	817	817	61	61	38	38	16036	16036	29831	29831	24644	24644	39790	39790	1	1	2	2
IND00671	632	632	174	174	1658	1658	646	646	14	14	53	53	2753	2753	605	605	1595	1595	2970	2970	2899	2899	3643	3643	913	913	4610	4610	1506	1506	2986	2986	82	82	75	75	9	9	4	4	120	120	3302	3302	29	29	91	91	4797	4797	3214	3214	370	370	1311	1311	22	22	89	89	319	319	260	260	416	416	371	371	7229	7229	19789	19789	100	100	215	215	6547	6547	12279	12279	489	489	569	569	5926	5926	14566	14566	25	25	37	37	6993	6993	218	218	125	125	73	73	2	2	245	245	7620	7620	2745	2745	27194	27194	11033	11033	1459	1459	1510	1510	5333	5333	31184	31184	18	18	61	61	115	115	5	5	25	25	62	62	1558	1558	1952	1952	117	117	39	39	628	628	906	906	2578	2578	4610	4610	1211	1211	108	108	59	59	27	27	25	25	18	18	140	140	331	331	130	130	250	250	285	285	264	264	647	647	727	727	2	2	20	20	716	716	1000	1000	122	122	43	43	27463	27463	15839	15839	31917	31917	38220	38220	4	4	1	1
IND00672	19	19	692	692	187	187	1387	1387	53	53	45	45	1037	1037	3960	3960	1323	1323	2631	2631	3020	3020	3993	3993	2137	2137	4088	4088	678	678	3536	3536	3	3	143	143	15	15	5	5	611	611	2899	2899	99	99	29	29	6898	6898	7882	7882	173	173	1157	1157	118	118	70	70	1160	1160	1429	1429	334	334	374	374	4792	4792	15593	15593	166	166	217	217	5233	5233	14299	14299	893	893	314	314	2806	2806	2223	2223	57	57	46	46	4505	4505	5221	5221	33	33	48	48	181	181	122	122	7732	7732	308	308	31354	31354	31784	31784	1959	1959	1690	1690	12451	12451	32183	32183	68	68	48	48	112	112	20	20	26	26	48	48	1046	1046	1229	1229	29	29	128	128	946	946	338	338	2410	2410	6473	6473	1469	1469	147	147	84	84	18	18	22	22	14	14	378	378	165	165	219	219	164	164	874	874	637	637	1154	1154	705	705	4	4	19	19	1153	1153	290	290	93	93	69	69	19798	19798	13119	13119	16715	16715	36411	36411	3	3	1	1
IND00673	601	601	180	180	53	53	138	138	31	31	45	45	989	989	550	550	924	924	3095	3095	3282	3282	1068	1068	775	775	3956	3956	3741	3741	1057	1057	63	63	112	112	5	5	11	11	1611	1611	3549	3549	125	125	50	50	5190	5190	5250	5250	377	377	518	518	54	54	63	63	1139	1139	1466	1466	859	859	38	38	7598	7598	16538	16538	182	182	4	4	1447	1447	4611	4611	205	205	957	957	16236	16236	6042	6042	10	10	24	24	853	853	3723	3723	94	94	31	31	200	200	116	116	6476	6476	2935	2935	19693	19693	7458	7458	1971	1971	1347	1347	31345	31345	9053	9053	64	64	195	195	50	50	4	4	63	63	54	54	1139	1139	721	721	76	76	36	36	295	295	626	626	3593	3593	1871	1871	1499	1499	830	830	126	126	42	42	34	34	58	58	35	35	474	474	39	39	202	202	810	810	755	755	1859	1859	1714	1714	3	3	13	13	297	297	1742	1742	38	38	25	25	25368	25368	23903	23903	20671	20671	29294	29294	1	1	1	1
IND00674	801	801	617	617	141	141	263	263	18	18	57	57	1116	1116	498	498	1601	1601	3489	3489	3157	3157	3852	3852	5892	5892	7925	7925	3130	3130	1369	1369	126	126	109	109	3	3	13	13	3642	3642	2550	2550	121	121	74	74	6603	6603	3190	3190	269	269	72	72	56	56	32	32	1862	1862	1665	1665	567	567	677	677	1017	1017	15518	15518	114	114	145	145	4919	4919	3373	3373	426	426	831	831	8794	8794	6031	6031	48	48	36	36	482	482	3757	3757	13	13	107	107	217	217	213	213	1233	1233	1417	1417	27187	27187	12105	12105	1146	1146	511	511	22459	22459	29278	29278	254	254	223	223	113	113	39	39	38	38	9	9	896	896	2035	2035	97	97	69	69	1000	1000	464	464	6590	6590	7579	7579	956	956	146	146	52	52	12	12	35	35	29	29	26	26	180	180	179	179	177	177	947	947	489	489	1183	1183	1445	1445	32	32	14	14	241	241	1961	1961	67	67	82	82	2220	2220	7016	7016	36775	36775	19662	19662	1	1	3	3
IND00675	672	672	773	773	680	680	559	559	32	32	2	2	1311	1311	63	63	1481	1481	1879	1879	1350	1350	3711	3711	3264	3264	7392	7392	442	442	2002	2002	151	151	124	124	9	9	5	5	483	483	2373	2373	108	108	43	43	3800	3800	6924	6924	542	542	1561	1561	85	85	69	69	360	360	1089	1089	20	20	322	322	12963	12963	22832	22832	147	147	199	199	5969	5969	6190	6190	1003	1003	552	552	4521	4521	8588	8588	11	11	46	46	930	930	2259	2259	108	108	87	87	110	110	73	73	5953	5953	557	557	7372	7372	22188	22188	699	699	1266	1266	10581	10581	26706	26706	112	112	119	119	102	102	71	71	59	59	52	52	1988	1988	658	658	16	16	101	101	154	154	285	285	3010	3010	7499	7499	1864	1864	326	326	9	9	33	33	58	58	31	31	176	176	81	81	213	213	23	23	14	14	832	832	868	868	1784	1784	7	7	17	17	200	200	1229	1229	126	126	45	45	21798	21798	31566	31566	7399	7399	14347	14347	1	1	4	4
IND00676	976	976	773	773	1392	1392	1680	1680	45	45	33	33	186	186	1735	1735	101	101	2501	2501	1855	1855	3758	3758	6128	6128	7152	7152	2170	2170	2371	2371	162	162	240	240	15	15	16	16	3319	3319	40	40	33	33	81	81	354	354	3693	3693	1711	1711	221	221	86	86	23	23	1065	1065	2033	2033	768	768	853	853	19142	19142	31438	31438	134	134	14	14	6300	6300	3446	3446	535	535	444	444	12266	12266	5188	5188	47	47	52	52	860	860	4914	4914	44	44	49	49	187	187	107	107	4707	4707	5879	5879	9450	9450	1475	1475	531	531	1474	1474	9801	9801	23459	23459	119	119	57	57	104	104	69	69	51	51	18	18	2005	2005	1784	1784	38	38	90	90	728	728	162	162	1644	1644	4515	4515	885	885	1972	1972	87	87	95	95	34	34	35	35	310	310	393	393	204	204	152	152	385	385	278	278	968	968	1189	1189	14	14	19	19	1669	1669	1697	1697	32	32	58	58	14282	14282	4006	4006	17516	17516	45746	45746	4	4	3	3
IND00677	581	581	142	142	30	30	232	232	6	6	63	63	3907	3907	2637	2637	3708	3708	1866	1866	2350	2350	32	32	3688	3688	4768	4768	3379	3379	4020	4020	184	184	188	188	6	6	14	14	3428	3428	181	181	109	109	37	37	4629	4629	252	252	30	30	248	248	91	91	33	33	268	268	1091	1091	810	810	381	381	5039	5039	6352	6352	23	23	116	116	8098	8098	16247	16247	962	962	283	283	3127	3127	472	472	48	48	33	33	3510	3510	6568	6568	80	80	34	34	90	90	244	244	3228	3228	3574	3574	28529	28529	25334	25334	1593	1593	1527	1527	25708	25708	5470	5470	100	100	15	15	21	21	104	104	31	31	23	23	856	856	1986	1986	19	19	34	34	332	332	626	626	4682	4682	29	29	739	739	1379	1379	102	102	123	123	23	23	29	29	355	355	325	325	98	98	189	189	82	82	313	313	1208	1208	251	251	12	12	18	18	1602	1602	1488	1488	42	42	15	15	8394	8394	27122	27122	43036	43036	61811	61811	2	2	4	4
IND00678	928	928	219	219	978	978	138	138	61	61	21	21	3180	3180	1256	1256	2023	2023	3390	3390	2582	2582	2443	2443	6407	6407	8019	8019	3070	3070	793	793	51	51	211	211	14	14	11	11	2497	2497	2707	2707	29	29	74	74	3765	3765	7255	7255	949	949	1094	1094	86	86	122	122	1028	1028	1006	1006	258	258	533	533	21469	21469	24106	24106	101	101	32	32	8717	8717	9267	9267	787	787	794	794	214	214	8800	8800	61	61	52	52	2178	2178	6749	6749	37	37	75	75	12	12	158	158	8047	8047	7657	7657	15690	15690	18674	18674	38	38	533	533	6453	6453	24537	24537	30	30	232	232	117	117	70	70	64	64	61	61	603	603	1625	1625	57	57	43	43	868	868	470	470	3151	3151	2851	2851	588	588	1548	1548	100	100	8	8	64	64	52	52	245	245	63	63	44	44	188	188	164	164	88	88	465	465	1388	1388	14	14	18	18	62	62	727	727	103	103	19	19	13144	13144	17852	17852	5314	5314	35283	35283	1	1	1	1
IND00679	192	192	152	152	1863	1863	1064	1064	36	36	32	32	1042	1042	2668	2668	2959	2959	1332	1332	1935	1935	3589	3589	1965	1965	4027	4027	1284	1284	689	689	151	151	25	25	5	5	14	14	2072	2072	1029	1029	67	67	69	69	6507	6507	3604	3604	1056	1056	439	439	101	101	120	120	1564	1564	241	241	925	925	560	560	12732	12732	25988	25988	40	40	247	247	5705	5705	10743	10743	609	609	897	897	1303	1303	6071	6071	20	20	27	27	7462	7462	2507	2507	84	84	71	71	248	248	235	235	3900	3900	6201	6201	610	610	6874	6874	1192	1192	1113	1113	10573	10573	1695	1695	232	232	110	110	69	69	80	80	55	55	57	57	985	985	1690	1690	87	87	114	114	406	406	523	523	5397	5397	2817	2817	342	342	1918	1918	19	19	76	76	64	64	11	11	13	13	386	386	10	10	74	74	329	329	79	79	1170	1170	296	296	25	25	7	7	1352	1352	1553	1553	122	122	22	22	5277	5277	22895	22895	54923	54923	42823	42823	2	2	1	1
IND00680	1001	1001	865	865	634	634	985	985	28	28	18	18	1763	1763	2346	2346	2341	2341	803	803	1660	1660	1808	1808	2352	2352	7693	7693	3699	3699	3290	3290	86	86	211	211	14	14	1	1	3653	3653	2742	2742	111	111	71	71	862	862	2904	2904	1885	1885	1256	1256	57	57	37	37	352	352	1739	1739	620	620	831	831	23027	23027	3343	3343	32	32	210	210	10642	10642	12657	12657	378	378	562	562	13764	13764	10737	10737	21	21	33	33	4816	4816	8129	8129	12	12	7	7	97	97	216	216	2633	2633	3881	3881	10106	10106	20376	20376	111	111	1999	1999	2230	2230	19506	19506	252	252	139	139	113	113	73	73	17	17	29	29	792	792	1023	1023	30	30	93	93	664	664	98	98	7373	7373	8159	8159	964	964	1989	1989	30	30	121	121	54	54	24	24	149	149	125	125	19	19	223	223	844	844	67	67	1537	1537	1313	1313	1	1	12	12	472	472	185	185	80	80	39	39	29745	29745	30036	30036	6216	6216	64953	64953	2	2	2	2
IND00681	251	251	979	979	1127	1127	460	460	47	47	54	54	2995	2995	802	802	136	136	1927	1927	918	918	448	448	3799	3799	5010	5010	3120	3120	2919	2919	151	151	161	161	8	8	11	11	561	561	1054	1054	61	61	67	67	245	245	7453	7453	201	201	1527	1527	68	68	1	1	91	91	333	333	71	71	101	101	3609	3609	9515	9515	247	247	1	1	11175	11175	12918	12918	476	476	30	30	14812	14812	10075	10075	59	59	64	64	4462	4462	4991	4991	37	37	72	72	153	153	221	221	4365	4365	3956	3956	9847	9847	10396	10396	670	670	1941	1941	20827	20827	20727	20727	47	47	82	82	15	15	83	83	38	38	30	30	932	932	873	873	101	101	62	62	153	153	216	216	2302	2302	3383	3383	1063	1063	275	275	4	4	74	74	30	30	61	61	7	7	144	144	99	99	149	149	597	597	476	476	1648	1648	469	469	1	1	6	6	1336	1336	763	763	23	23	50	50	6526	6526	20345	20345	13312	13312	24408	24408	3	3	2	2
IND00682	396	396	271	271	1702	1702	794	794	14	14	17	17	1725	1725	19	19	752	752	443	443	560	560	2069	2069	2931	2931	6372	6372	1206	1206	1225	1225	135	135	49	49	14	14	11	11	4034	4034	302	302	109	109	80	80	4797	4797	7402	7402	1945	1945	256	256	82	82	7	7	973	973	238	238	441	441	904	904	4309	4309	23162	23162	196	196	71	71	1302	1302	7150	7150	318	318	833	833	6176	6176	14697	14697	15	15	16	16	1118	1118	7338	7338	46	46	28	28	156	156	88	88	5800	5800	2425	2425	18758	18758	28509	28509	372	372	69	69	17695	17695	23262	23262	208	208	109	109	126	126	111	111	21	21	4	4	1804	1804	452	452	93	93	13	13	392	392	765	765	1581	1581	3360	3360	2035	2035	1390	1390	53	53	28	28	34	34	12	12	33	33	320	320	72	72	244	244	583	583	412	412	200	200	964	964	13	13	24	24	1300	1300	188	188	93	93	87	87	28844	28844	11702	11702	368	368	10113	10113	1	1	2	2
IND00683	400	400	349	349	124	124	1935	1935	54	54	43	43	581	581	2320	2320	345	345	3758	3758	491	491	1956	1956	3740	3740	4939	4939	1725	1725	2315	2315	72	72	245	245	12	12	14	14	1225	1225	4015	4015	98	98	114	114	6900	6900	3832	3832	217	217	1957	1957	53	53	28	28	1732	1732	75	75	28	28	932	932	7887	7887	5038	5038	199	199	101	101	5232	5232	7478	7478	382	382	206	206	6845	6845	4709	4709	62	62	63	63	7157	7157	7051	7051	73	73	5	5	43	43	13	13	8149	8149	1513	1513	29579	29579	16808	16808	543	543	483	483	8238	8238	8654	8654	8	8	22	22	95	95	56	56	23	23	62	62	1733	1733	1558	1558	112	112	62	62	469	469	629	629	3829	3829	4744	4744	29	29	1709	1709	73	73	102	102	16	16	25	25	344	344	211	211	109	109	129	129	856	856	18	18	1969	1969	1698	1698	17	17	1	1	1934	1934	1467	1467	37	37	12	12	3475	3475	13182	13182	24650	24650	51097	51097	2	2	3	3
IND00684	82	82	197	197	1800	1800	1428	1428	49	49	56	56	4074	4074	3918	3918	1733	1733	370	370	2309	2309	992	992	126	126	1871	1871	3546	3546	4053	4053	103	103	188	188	8	8	8	8	2555	2555	1899	1899	19	19	9	9	6578	6578	1240	1240	103	103	1073	1073	21	21	101	101	855	855	1009	1009	875	875	97	97	24752	24752	28687	28687	126	126	19	19	3223	3223	693	693	787	787	133	133	12267	12267	8839	8839	12	12	35	35	2304	2304	4237	4237	83	83	5	5	41	41	216	216	5461	5461	5373	5373	8427	8427	16124	16124	77	77	130	130	21674	21674	21394	21394	48	48	16	16	13	13	85	85	62	62	38	38	140	140	1511	1511	59	59	119	119	751	751	210	210	8133	8133	16	16	45	45	1656	1656	116	116	26	26	19	19	54	54	16	16	278	278	232	232	186	186	920	920	814	814	253	253	804	804	8	8	13	13	119	119	1304	1304	15	15	42	42	17943	17943	7530	7530	38894	38894	18391	18391	1	1	1	1
IND00685	820	820	990	990	1302	1302	226	226	48	48	20	20	1675	1675	957	957	3976	3976	1673	1673	3141	3141	1395	1395	6306	6306	4695	4695	1010	1010	1508	1508	107	107	230	230	6	6	13	13	1633	1633	2980	2980	32	32	83	83	4589	4589	503	503	582	582	305	305	56	56	52	52	725	725	1436	1436	587	587	541	541	31342	31342	8391	8391	8	8	48	48	2491	2491	8631	8631	770	770	470	470	1978	1978	10997	10997	22	22	39	39	6015	6015	6635	6635	86	86	10	10	89	89	46	46	333	333	2722	2722	12203	12203	9516	9516	636	636	652	652	31639	31639	32494	32494	47	47	153	153	118	118	110	110	50	50	18	18	1812	1812	868	868	114	114	87	87	563	563	319	319	776	776	2931	2931	2047	2047	1625	1625	86	86	90	90	37	37	56	56	52	52	219	219	108	108	27	27	240	240	227	227	348	348	403	403	8	8	30	30	958	958	1711	1711	21	21	7	7	925	925	23266	23266	52900	52900	29742	29742	3	3	1	1
IND00686	1021	1021	688	688	1354	1354	1833	1833	58	58	53	53	2114	2114	1725	1725	1815	1815	859	859	2824	2824	3321	3321	2666	2666	3047	3047	183	183	1834	1834	28	28	142	142	2	2	10	10	739	739	48	48	121	121	52	52	2591	2591	3958	3958	652	652	544	544	8	8	32	32	98	98	1471	1471	728	728	338	338	24375	24375	8848	8848	40	40	44	44	4199	4199	8497	8497	308	308	437	437	13797	13797	11369	11369	45	45	32	32	5003	5003	5476	5476	99	99	125	125	15	15	249	249	1070	1070	3324	3324	22762	22762	31499	31499	817	817	1409	1409	22992	22992	3075	3075	14	14	120	120	89	89	85	85	36	36	40	40	981	981	1426	1426	99	99	105	105	429	429	712	712	4509	4509	527	527	1357	1357	421	421	10	10	68	68	57	57	20	20	454	454	105	105	94	94	46	46	798	798	219	219	1486	1486	292	292	19	19	27	27	1708	1708	1539	1539	107	107	14	14	4824	4824	2831	2831	20912	20912	3884	3884	2	2	2	2
IND00687	668	668	293	293	473	473	1846	1846	57	57	11	11	3775	3775	4074	4074	220	220	948	948	1558	1558	535	535	8083	8083	309	309	1635	1635	3874	3874	203	203	138	138	12	12	3	3	811	811	3138	3138	120	120	12	12	1147	1147	48	48	1021	1021	1081	1081	65	65	58	58	207	207	547	547	361	361	450	450	16980	16980	8455	8455	206	206	130	130	5823	5823	1112	1112	426	426	409	409	14720	14720	2609	2609	10	10	33	33	48	48	1173	1173	128	128	75	75	17	17	61	61	1125	1125	7157	7157	19959	19959	10660	10660	1930	1930	1732	1732	8480	8480	13684	13684	107	107	176	176	22	22	79	79	23	23	36	36	597	597	489	489	117	117	16	16	886	886	690	690	1476	1476	5703	5703	1909	1909	1771	1771	21	21	81	81	29	29	43	43	398	398	332	332	231	231	180	180	528	528	907	907	1199	1199	772	772	4	4	20	20	1647	1647	1067	1067	93	93	57	57	19693	19693	26023	26023	51947	51947	7460	7460	3	3	4	4
IND00688	233	233	928	928	1736	1736	659	659	56	56	50	50	2818	2818	3316	3316	874	874	230	230	1969	1969	159	159	1283	1283	6613	6613	2378	2378	1315	1315	173	173	175	175	8	8	12	12	1895	1895	1693	1693	114	114	113	113	6034	6034	4753	4753	1047	1047	233	233	21	21	107	107	75	75	523	523	34	34	675	675	14639	14639	9058	9058	35	35	254	254	2821	2821	12641	12641	358	358	137	137	8154	8154	14692	14692	30	30	9	9	6346	6346	6094	6094	92	92	15	15	152	152	97	97	644	644	4052	4052	30053	30053	30039	30039	895	895	502	502	23535	23535	13727	13727	10	10	82	82	65	65	124	124	51	51	49	49	1911	1911	1577	1577	74	74	99	99	818	818	1004	1004	1307	1307	1255	1255	916	916	152	152	78	78	60	60	46	46	55	55	139	139	484	484	144	144	206	206	625	625	167	167	52	52	1622	1622	14	14	24	24	635	635	1146	1146	91	91	98	98	8165	8165	27078	27078	7453	7453	57830	57830	4	4	2	2
IND00689	452	452	307	307	396	396	1203	1203	1	1	40	40	3307	3307	3430	3430	398	398	1282	1282	391	391	3038	3038	2363	2363	900	900	2823	2823	1999	1999	189	189	219	219	2	2	1	1	1389	1389	141	141	95	95	46	46	6775	6775	2040	2040	935	935	1713	1713	58	58	128	128	945	945	1360	1360	129	129	919	919	13125	13125	5652	5652	229	229	102	102	4767	4767	168	168	894	894	208	208	11825	11825	2237	2237	40	40	18	18	4360	4360	879	879	35	35	50	50	47	47	135	135	7362	7362	5463	5463	13720	13720	11023	11023	770	770	1598	1598	22365	22365	409	409	55	55	22	22	25	25	68	68	31	31	31	31	1447	1447	1222	1222	121	121	22	22	92	92	812	812	1212	1212	5964	5964	509	509	506	506	64	64	23	23	28	28	13	13	205	205	51	51	25	25	164	164	188	188	687	687	1204	1204	460	460	26	26	14	14	944	944	1973	1973	66	66	57	57	24860	24860	3133	3133	60902	60902	58242	58242	3	3	3	3
IND00690	149	149	736	736	1964	1964	237	237	34	34	49	49	927	927	1227	1227	2518	2518	1021	1021	1149	1149	27	27	170	170	7735	7735	2110	2110	2102	2102	125	125	30	30	3	3	1	1	2090	2090	2226	2226	74	74	56	56	6938	6938	7347	7347	1222	1222	489	489	4	4	48	48	740	740	708	708	89	89	556	556	23693	23693	22271	22271	245	245	209	209	7415	7415	3238	3238	231	231	871	871	3102	3102	6382	6382	27	27	24	24	5037	5037	4744	4744	37	37	43	43	221	221	12	12	5467	5467	1201	1201	19474	19474	26700	26700	1170	1170	89	89	30224	30224	7774	7774	178	178	112	112	84	84	76	76	5	5	52	52	371	371	252	252	107	107	6	6	767	767	335	335	5524	5524	3596	3596	1004	1004	423	423	96	96	40	40	33	33	29	29	99	99	394	394	118	118	41	41	614	614	763	763	1210	1210	1850	1850	19	19	7	7	1528	1528	1015	1015	29	29	127	127	23237	23237	4591	4591	7573	7573	65054	65054	4	4	3	3
IND00691	617	617	784	784	529	529	148	148	27	27	55	55	3838	3838	549	549	2634	2634	3319	3319	3139	3139	620	620	5003	5003	5178	5178	4073	4073	447	447	213	213	132	132	14	14	15	15	3476	3476	3504	3504	31	31	116	116	1351	1351	5241	5241	49	49	772	772	113	113	94	94	1862	1862	877	877	456	456	676	676	15339	15339	25653	25653	122	122	108	108	14973	14973	5184	5184	297	297	635	635	4802	4802	10751	10751	20	20	36	36	7491	7491	3086	3086	34	34	50	50	18	18	15	15	1177	1177	4099	4099	9077	9077	29085	29085	1056	1056	344	344	31634	31634	23270	23270	105	105	222	222	48	48	16	16	46	46	29	29	600	600	439	439	75	75	53	53	949	949	573	573	2260	2260	1967	1967	1433	1433	132	132	55	55	104	104	17	17	62	62	410	410	383	383	103	103	31	31	414	414	56	56	1331	1331	1375	1375	15	15	21	21	473	473	584	584	14	14	122	122	18404	18404	18339	18339	12295	12295	37193	37193	4	4	3	3
IND00692	1004	1004	400	400	737	737	1604	1604	50	50	5	5	1261	1261	1129	1129	1831	1831	2082	2082	3744	3744	1076	1076	4512	4512	2639	2639	354	354	1543	1543	33	33	118	118	2	2	1	1	3794	3794	3381	3381	78	78	113	113	343	343	5001	5001	854	854	779	779	84	84	55	55	272	272	1431	1431	128	128	372	372	22623	22623	28338	28338	152	152	196	196	4063	4063	9660	9660	911	911	333	333	5281	5281	13527	13527	36	36	47	47	3219	3219	752	752	20	20	46	46	219	219	106	106	3459	3459	5243	5243	17040	17040	24446	24446	1021	1021	1993	1993	7442	7442	24979	24979	28	28	192	192	58	58	85	85	34	34	61	61	1524	1524	1739	1739	51	51	13	13	141	141	315	315	3485	3485	4320	4320	1343	1343	80	80	79	79	43	43	48	48	60	60	508	508	509	509	162	162	36	36	279	279	113	113	774	774	1752	1752	20	20	12	12	1143	1143	580	580	101	101	83	83	29069	29069	10630	10630	25588	25588	2920	2920	2	2	4	4
IND00693	946	946	361	361	1261	1261	1617	1617	35	35	40	40	725	725	2506	2506	2865	2865	1059	1059	1346	1346	3736	3736	3944	3944	7777	7777	1678	1678	1212	1212	89	89	55	55	6	6	12	12	798	798	624	624	110	110	118	118	3172	3172	7832	7832	1567	1567	103	103	43	43	80	80	512	512	1284	1284	657	657	397	397	27538	27538	6574	6574	222	222	226	226	13561	13561	14502	14502	158	158	48	48	4282	4282	10159	10159	2	2	33	33	4355	4355	466	466	14	14	117	117	66	66	156	156	2981	2981	7982	7982	22470	22470	29522	29522	1145	1145	1077	1077	13232	13232	24190	24190	31	31	44	44	102	102	8	8	30	30	41	41	709	709	974	974	118	118	53	53	717	717	560	560	1470	1470	7765	7765	1375	1375	1386	1386	81	81	48	48	8	8	41	41	17	17	272	272	139	139	92	92	337	337	228	228	1141	1141	1798	1798	26	26	21	21	1646	1646	566	566	6	6	96	96	16207	16207	5859	5859	48724	48724	9496	9496	1	1	4	4
IND00694	158	158	261	261	753	753	1090	1090	46	46	12	12	158	158	3481	3481	113	113	2223	2223	843	843	3337	3337	5723	5723	23	23	3434	3434	1382	1382	171	171	4	4	11	11	9	9	2838	2838	1206	1206	125	125	5	5	6666	6666	4305	4305	1828	1828	375	375	66	66	39	39	1913	1913	1533	1533	221	221	642	642	8573	8573	18195	18195	191	191	199	199	12198	12198	11286	11286	236	236	539	539	15494	15494	6528	6528	40	40	5	5	356	356	3490	3490	52	52	126	126	15	15	236	236	556	556	7044	7044	9956	9956	3574	3574	2044	2044	738	738	329	329	24033	24033	93	93	138	138	89	89	27	27	47	47	41	41	801	801	428	428	108	108	55	55	909	909	425	425	7741	7741	1622	1622	200	200	1780	1780	112	112	76	76	19	19	61	61	384	384	41	41	46	46	110	110	929	929	505	505	143	143	558	558	7	7	8	8	923	923	1582	1582	68	68	41	41	23639	23639	24271	24271	390	390	18100	18100	2	2	1	1
IND00695	185	185	835	835	66	66	1861	1861	29	29	60	60	2931	2931	645	645	2967	2967	2614	2614	104	104	489	489	2958	2958	1964	1964	2695	2695	2326	2326	67	67	95	95	1	1	2	2	77	77	2068	2068	124	124	119	119	6339	6339	1421	1421	195	195	338	338	121	121	121	121	1434	1434	47	47	487	487	513	513	18544	18544	18505	18505	187	187	177	177	14276	14276	14984	14984	209	209	304	304	15600	15600	7723	7723	22	22	42	42	2593	2593	3426	3426	34	34	98	98	218	218	183	183	878	878	4558	4558	20338	20338	20600	20600	1170	1170	342	342	4079	4079	16239	16239	153	153	193	193	74	74	16	16	61	61	11	11	667	667	14	14	30	30	27	27	37	37	74	74	8108	8108	1358	1358	526	526	963	963	49	49	42	42	48	48	6	6	361	361	116	116	84	84	214	214	482	482	920	920	975	975	177	177	19	19	12	12	1991	1991	920	920	112	112	35	35	12638	12638	24091	24091	23822	23822	48548	48548	2	2	4	4
IND00696	566	566	904	904	1806	1806	238	238	50	50	13	13	1096	1096	4020	4020	2715	2715	2141	2141	965	965	1383	1383	6765	6765	3863	3863	2360	2360	1741	1741	54	54	160	160	15	15	14	14	193	193	136	136	120	120	95	95	2752	2752	6101	6101	1567	1567	939	939	103	103	12	12	1001	1001	1193	1193	669	669	262	262	21672	21672	26823	26823	138	138	127	127	16073	16073	13990	13990	493	493	579	579	13100	13100	7284	7284	44	44	35	35	5663	5663	2657	2657	54	54	123	123	36	36	223	223	5316	5316	3288	3288	31513	31513	3825	3825	1192	1192	1059	1059	12308	12308	11597	11597	160	160	49	49	52	52	104	104	25	25	8	8	1862	1862	404	404	15	15	91	91	180	180	654	654	4967	4967	1185	1185	1726	1726	1623	1623	113	113	122	122	27	27	20	20	258	258	290	290	121	121	113	113	673	673	417	417	1477	1477	998	998	5	5	10	10	767	767	1599	1599	8	8	68	68	24762	24762	27699	27699	17783	17783	22054	22054	3	3	3	3
IND00697	300	300	736	736	831	831	443	443	8	8	31	31	2979	2979	148	148	626	626	110	110	3081	3081	3431	3431	4249	4249	5009	5009	1849	1849	2190	2190	95	95	7	7	12	12	2	2	1993	1993	1101	1101	25	25	4	4	1204	1204	1319	1319	1351	1351	688	688	105	105	103	103	716	716	541	541	317	317	523	523	858	858	7279	7279	116	116	222	222	15328	15328	10852	10852	475	475	632	632	4540	4540	4248	4248	17	17	24	24	7452	7452	718	718	80	80	110	110	135	135	101	101	4910	4910	7447	7447	12242	12242	21798	21798	1515	1515	1205	1205	17939	17939	26799	26799	186	186	156	156	4	4	17	17	27	27	36	36	25	25	201	201	96	96	78	78	768	768	73	73	2570	2570	4228	4228	1172	1172	1123	1123	48	48	63	63	15	15	55	55	448	448	202	202	147	147	138	138	302	302	514	514	1380	1380	174	174	32	32	7	7	270	270	1463	1463	78	78	28	28	4642	4642	18119	18119	17204	17204	53105	53105	4	4	4	4
IND00698	294	294	978	978	1232	1232	1405	1405	61	61	36	36	3353	3353	2995	2995	1428	1428	1663	1663	2163	2163	3918	3918	816	816	3190	3190	3589	3589	2532	2532	130	130	243	243	6	6	7	7	3514	3514	2613	2613	62	62	25	25	588	588	7395	7395	24	24	166	166	9	9	113	113	163	163	1669	1669	872	872	607	607	6097	6097	664	664	109	109	202	202	12239	12239	1688	1688	228	228	845	845	15291	15291	6226	6226	14	14	32	32	573	573	4591	4591	12	12	78	78	150	150	132	132	6910	6910	6032	6032	28739	28739	26261	26261	1135	1135	1399	1399	18622	18622	10858	10858	237	237	144	144	106	106	46	46	53	53	53	53	195	195	1712	1712	93	93	4	4	267	267	318	318	4486	4486	3175	3175	578	578	449	449	78	78	125	125	18	18	38	38	21	21	395	395	4	4	214	214	498	498	726	726	1363	1363	1170	1170	23	23	30	30	1375	1375	1873	1873	74	74	118	118	26859	26859	27975	27975	41205	41205	52657	52657	1	1	3	3
IND00699	81	81	348	348	1731	1731	520	520	20	20	10	10	50	50	455	455	202	202	3838	3838	1363	1363	3692	3692	447	447	5944	5944	3133	3133	3755	3755	192	192	18	18	4	4	9	9	2526	2526	635	635	72	72	60	60	2702	2702	3403	3403	472	472	706	706	41	41	36	36	784	784	663	663	180	180	983	983	23373	23373	10255	10255	123	123	65	65	10693	10693	2804	2804	630	630	517	517	8447	8447	12292	12292	13	13	55	55	3848	3848	7593	7593	2	2	89	89	108	108	160	160	1721	1721	1343	1343	29035	29035	9058	9058	1683	1683	623	623	3917	3917	20796	20796	203	203	194	194	1	1	83	83	4	4	8	8	514	514	1667	1667	23	23	113	113	242	242	777	777	5340	5340	368	368	1806	1806	1288	1288	19	19	7	7	45	45	54	54	30	30	276	276	151	151	59	59	663	663	816	816	2027	2027	520	520	2	2	17	17	8	8	1509	1509	108	108	10	10	7049	7049	14490	14490	6037	6037	6334	6334	1	1	1	1
IND00700	18	18	583	583	285	285	2017	2017	51	51	12	12	2220	2220	1939	1939	486	486	2797	2797	4066	4066	1921	1921	2203	2203	1975	1975	716	716	1715	1715	40	40	150	150	10	10	3	3	2032	2032	2267	2267	91	91	126	126	2879	2879	1468	1468	1246	1246	252	252	127	127	51	51	344	344	983	983	676	676	104	104	15437	15437	16042	16042	121	121	9	9	931	931	7980	7980	953	953	616	616	13707	13707	11488	11488	60	60	18	18	6287	6287	3040	3040	15	15	111	111	116	116	231	231	2932	2932	658	658	5710	5710	16735	16735	580	580	250	250	14327	14327	2294	2294	203	203	225	225	62	62	118	118	24	24	30	30	716	716	1872	1872	121	121	119	119	903	903	840	840	7480	7480	20	20	1201	1201	1537	1537	10	10	17	17	21	21	39	39	397	397	474	474	217	217	58	58	766	766	488	488	1001	1001	1420	1420	27	27	31	31	587	587	635	635	60	60	36	36	29254	29254	119	119	4200	4200	13042	13042	2	2	1	1
IND00701	611	611	328	328	641	641	166	166	53	53	44	44	1272	1272	2652	2652	1430	1430	1262	1262	2657	2657	575	575	2187	2187	3761	3761	1897	1897	3435	3435	145	145	24	24	7	7	2	2	326	326	644	644	69	69	90	90	448	448	7295	7295	364	364	79	79	25	25	2	2	261	261	774	774	37	37	916	916	23512	23512	29197	29197	43	43	249	249	11227	11227	12700	12700	933	933	861	861	1024	1024	4252	4252	29	29	34	34	5670	5670	7291	7291	43	43	40	40	59	59	125	125	4047	4047	1156	1156	28634	28634	116	116	997	997	1927	1927	31075	31075	10589	10589	65	65	26	26	98	98	114	114	32	32	15	15	1704	1704	1060	1060	50	50	38	38	965	965	786	786	4975	4975	5838	5838	1131	1131	753	753	64	64	125	125	42	42	36	36	344	344	326	326	13	13	47	47	889	889	933	933	1175	1175	732	732	4	4	14	14	1731	1731	1151	1151	30	30	109	109	11996	11996	15389	15389	5404	5404	53901	53901	4	4	1	1
IND00702	858	858	788	788	1362	1362	321	321	17	17	10	10	2009	2009	703	703	3786	3786	1683	1683	3017	3017	3711	3711	6755	6755	5490	5490	3916	3916	1192	1192	140	140	90	90	11	11	1	1	2223	2223	2274	2274	33	33	35	35	10	10	5710	5710	150	150	1748	1748	44	44	93	93	129	129	216	216	870	870	293	293	5242	5242	28984	28984	38	38	40	40	69	69	10680	10680	910	910	84	84	583	583	10483	10483	12	12	33	33	2954	2954	5256	5256	58	58	29	29	236	236	237	237	889	889	2777	2777	21161	21161	8427	8427	1599	1599	1101	1101	5801	5801	4903	4903	182	182	146	146	79	79	99	99	13	13	36	36	6	6	965	965	102	102	128	128	165	165	422	422	7269	7269	3618	3618	1017	1017	529	529	3	3	99	99	53	53	49	49	389	389	280	280	239	239	33	33	593	593	30	30	360	360	1769	1769	22	22	15	15	120	120	231	231	107	107	24	24	6068	6068	9440	9440	1090	1090	18195	18195	4	4	2	2
IND00703	113	113	169	169	1941	1941	632	632	29	29	20	20	2059	2059	1655	1655	3491	3491	2352	2352	3396	3396	4048	4048	6045	6045	5371	5371	1851	1851	3625	3625	154	154	72	72	12	12	1	1	3542	3542	3201	3201	10	10	66	66	6331	6331	3921	3921	1246	1246	773	773	102	102	83	83	972	972	2014	2014	505	505	1023	1023	24667	24667	507	507	52	52	167	167	3489	3489	13794	13794	653	653	526	526	13793	13793	16357	16357	11	11	54	54	6721	6721	2910	2910	51	51	33	33	41	41	83	83	2573	2573	1459	1459	503	503	4577	4577	1670	1670	1509	1509	16595	16595	3881	3881	229	229	140	140	49	49	10	10	54	54	14	14	757	757	650	650	65	65	3	3	244	244	674	674	3798	3798	3318	3318	234	234	1527	1527	120	120	40	40	16	16	7	7	232	232	199	199	190	190	172	172	736	736	880	880	532	532	1302	1302	20	20	28	28	922	922	206	206	56	56	90	90	12881	12881	25500	25500	53508	53508	36611	36611	2	2	3	3
IND00704	523	523	40	40	714	714	170	170	7	7	43	43	1137	1137	1202	1202	3541	3541	812	812	4014	4014	1763	1763	6440	6440	7770	7770	2900	2900	1125	1125	21	21	219	219	7	7	2	2	2528	2528	1194	1194	62	62	54	54	4927	4927	2039	2039	1424	1424	70	70	28	28	3	3	1600	1600	1251	1251	987	987	22	22	9686	9686	18462	18462	55	55	242	242	98	98	13697	13697	158	158	237	237	10175	10175	8516	8516	17	17	40	40	7230	7230	4405	4405	89	89	98	98	75	75	51	51	6123	6123	7564	7564	14750	14750	27462	27462	1451	1451	437	437	28380	28380	31548	31548	105	105	4	4	67	67	43	43	60	60	22	22	730	730	1545	1545	53	53	107	107	375	375	303	303	4969	4969	4891	4891	1454	1454	197	197	117	117	29	29	39	39	64	64	259	259	432	432	219	219	5	5	810	810	676	676	1045	1045	1063	1063	17	17	17	17	1058	1058	1824	1824	29	29	12	12	16439	16439	28681	28681	22642	22642	44986	44986	1	1	4	4
IND00705	806	806	292	292	89	89	1670	1670	47	47	39	39	3182	3182	657	657	3932	3932	1828	1828	2427	2427	1919	1919	6201	6201	747	747	391	391	2991	2991	184	184	132	132	12	12	13	13	2173	2173	1594	1594	41	41	38	38	7977	7977	3934	3934	975	975	372	372	55	55	80	80	1043	1043	204	204	5	5	335	335	5561	5561	20834	20834	237	237	107	107	15965	15965	11745	11745	170	170	413	413	11212	11212	324	324	30	30	58	58	1638	1638	7298	7298	97	97	51	51	170	170	193	193	2491	2491	8182	8182	18263	18263	14707	14707	1614	1614	1424	1424	24400	24400	26910	26910	52	52	35	35	81	81	91	91	55	55	60	60	37	37	499	499	105	105	22	22	928	928	601	601	1421	1421	6136	6136	1535	1535	1328	1328	70	70	65	65	16	16	14	14	505	505	152	152	225	225	28	28	62	62	89	89	1100	1100	31	31	5	5	4	4	1	1	1532	1532	121	121	90	90	3123	3123	11574	11574	59149	59149	26536	26536	1	1	3	3
IND00706	973	973	498	498	820	820	29	29	17	17	45	45	2548	2548	1906	1906	3404	3404	2539	2539	3391	3391	1004	1004	841	841	3248	3248	82	82	2758	2758	127	127	61	61	9	9	1	1	2919	2919	919	919	9	9	29	29	2905	2905	2990	2990	456	456	462	462	92	92	77	77	33	33	1929	1929	725	725	740	740	32608	32608	26812	26812	214	214	213	213	11146	11146	7597	7597	891	891	717	717	10555	10555	6715	6715	46	46	57	57	6593	6593	2489	2489	79	79	43	43	55	55	24	24	4970	4970	4932	4932	30025	30025	28293	28293	1004	1004	508	508	12024	12024	16972	16972	110	110	57	57	114	114	68	68	3	3	41	41	1577	1577	709	709	68	68	50	50	359	359	277	277	8169	8169	4687	4687	1402	1402	875	875	105	105	29	29	51	51	21	21	272	272	254	254	155	155	85	85	788	788	91	91	451	451	1943	1943	21	21	31	31	814	814	1777	1777	16	16	38	38	16252	16252	23194	23194	9689	9689	2045	2045	2	2	3	3
IND00707	885	885	1005	1005	356	356	190	190	56	56	9	9	1283	1283	1322	1322	1587	1587	780	780	3450	3450	720	720	2666	2666	3292	3292	1439	1439	3202	3202	216	216	118	118	1	1	16	16	3015	3015	3921	3921	123	123	69	69	288	288	5809	5809	1013	1013	579	579	99	99	88	88	1197	1197	1715	1715	609	609	971	971	2703	2703	16711	16711	36	36	173	173	11909	11909	9220	9220	178	178	961	961	6159	6159	8829	8829	12	12	12	12	2064	2064	6022	6022	90	90	46	46	169	169	91	91	7044	7044	5188	5188	10211	10211	25559	25559	301	301	1902	1902	26948	26948	27245	27245	227	227	152	152	67	67	90	90	36	36	41	41	1627	1627	1109	1109	67	67	15	15	483	483	535	535	6458	6458	1398	1398	635	635	428	428	78	78	68	68	34	34	60	60	237	237	511	511	103	103	42	42	480	480	186	186	538	538	877	877	21	21	10	10	557	557	797	797	108	108	30	30	6899	6899	3818	3818	4199	4199	13394	13394	2	2	1	1
IND00708	925	925	869	869	235	235	374	374	12	12	9	9	165	165	840	840	829	829	1666	1666	185	185	1805	1805	5209	5209	936	936	1384	1384	856	856	24	24	32	32	3	3	5	5	3917	3917	795	795	15	15	124	124	7489	7489	6524	6524	989	989	2005	2005	54	54	38	38	375	375	712	712	437	437	687	687	22476	22476	4710	4710	37	37	12	12	394	394	14678	14678	406	406	795	795	754	754	3923	3923	36	36	20	20	589	589	1246	1246	37	37	117	117	161	161	101	101	2757	2757	7063	7063	10308	10308	22894	22894	962	962	574	574	7092	7092	31655	31655	239	239	161	161	76	76	78	78	20	20	29	29	458	458	961	961	20	20	92	92	379	379	568	568	2224	2224	4071	4071	649	649	838	838	67	67	44	44	18	18	44	44	233	233	327	327	88	88	252	252	173	173	701	701	1858	1858	1428	1428	23	23	28	28	1922	1922	881	881	29	29	120	120	8905	8905	767	767	59288	59288	1997	1997	2	2	2	2
IND00709	740	740	66	66	435	435	510	510	4	4	3	3	2922	2922	3507	3507	595	595	647	647	1786	1786	2897	2897	4328	4328	1683	1683	1935	1935	1094	1094	58	58	236	236	10	10	5	5	2147	2147	935	935	28	28	9	9	1750	1750	4881	4881	104	104	575	575	35	35	127	127	231	231	1729	1729	844	844	803	803	30646	30646	5830	5830	93	93	141	141	13594	13594	13738	13738	80	80	462	462	15061	15061	3875	3875	46	46	61	61	5194	5194	1190	1190	8	8	60	60	209	209	164	164	1430	1430	361	361	15121	15121	9044	9044	378	378	497	497	27772	27772	11158	11158	89	89	14	14	87	87	93	93	62	62	37	37	837	837	61	61	95	95	37	37	134	134	572	572	6706	6706	3781	3781	1099	1099	897	897	107	107	83	83	31	31	25	25	112	112	256	256	150	150	138	138	466	466	454	454	1586	1586	1048	1048	2	2	9	9	496	496	1269	1269	99	99	77	77	7559	7559	28662	28662	44853	44853	44473	44473	1	1	1	1
IND00710	295	295	370	370	196	196	545	545	12	12	56	56	1798	1798	3834	3834	2832	2832	3132	3132	432	432	2689	2689	21	21	5270	5270	978	978	398	398	198	198	1	1	15	15	9	9	200	200	99	99	67	67	44	44	7554	7554	1634	1634	1375	1375	1985	1985	16	16	7	7	1299	1299	1715	1715	685	685	766	766	26952	26952	17705	17705	222	222	38	38	876	876	8552	8552	685	685	440	440	9220	9220	14587	14587	40	40	53	53	1726	1726	6598	6598	24	24	68	68	86	86	176	176	2064	2064	1614	1614	1379	1379	7646	7646	984	984	795	795	16579	16579	13410	13410	254	254	165	165	109	109	16	16	63	63	59	59	988	988	319	319	87	87	80	80	858	858	66	66	5172	5172	3397	3397	885	885	2002	2002	51	51	78	78	5	5	26	26	313	313	177	177	2	2	249	249	901	901	252	252	593	593	1411	1411	22	22	11	11	1991	1991	1048	1048	69	69	53	53	19784	19784	26393	26393	47666	47666	45509	45509	4	4	1	1
IND00711	958	958	851	851	431	431	743	743	45	45	2	2	485	485	1355	1355	3407	3407	1974	1974	2447	2447	3090	3090	7806	7806	2334	2334	375	375	2689	2689	112	112	139	139	8	8	7	7	480	480	487	487	127	127	31	31	4696	4696	2009	2009	851	851	1784	1784	61	61	57	57	912	912	289	289	646	646	640	640	2095	2095	10618	10618	198	198	79	79	15398	15398	2824	2824	917	917	589	589	11610	11610	1571	1571	28	28	46	46	2022	2022	1157	1157	66	66	124	124	72	72	73	73	1647	1647	5613	5613	17643	17643	2684	2684	1694	1694	569	569	24228	24228	3333	3333	173	173	120	120	125	125	87	87	46	46	13	13	229	229	872	872	8	8	102	102	366	366	43	43	813	813	4909	4909	481	481	663	663	116	116	82	82	28	28	7	7	326	326	319	319	244	244	117	117	882	882	546	546	1769	1769	475	475	3	3	1	1	585	585	2045	2045	10	10	62	62	5383	5383	8345	8345	34105	34105	25997	25997	2	2	1	1
IND00712	419	419	867	867	1785	1785	855	855	17	17	40	40	3748	3748	1074	1074	1222	1222	398	398	1982	1982	2676	2676	4706	4706	7620	7620	3557	3557	720	720	88	88	125	125	10	10	6	6	2449	2449	1799	1799	44	44	74	74	4322	4322	2579	2579	246	246	1717	1717	80	80	128	128	1669	1669	1792	1792	623	623	205	205	12011	12011	16535	16535	178	178	68	68	7361	7361	16311	16311	13	13	46	46	15174	15174	13504	13504	45	45	29	29	3772	3772	7166	7166	116	116	96	96	94	94	36	36	6474	6474	343	343	2665	2665	19925	19925	1213	1213	1300	1300	32210	32210	25967	25967	200	200	234	234	16	16	15	15	25	25	39	39	767	767	738	738	33	33	12	12	816	816	113	113	5439	5439	309	309	1360	1360	75	75	38	38	19	19	43	43	39	39	207	207	295	295	75	75	199	199	927	927	133	133	1349	1349	1115	1115	24	24	24	24	1115	1115	1792	1792	34	34	39	39	5440	5440	6092	6092	24701	24701	30444	30444	3	3	4	4
IND00713	414	414	9	9	312	312	1594	1594	47	47	12	12	3487	3487	2413	2413	3786	3786	719	719	1613	1613	4008	4008	1197	1197	7150	7150	4005	4005	945	945	122	122	165	165	14	14	5	5	3812	3812	3120	3120	105	105	90	90	1232	1232	6063	6063	1495	1495	1857	1857	27	27	46	46	519	519	1210	1210	436	436	11	11	8740	8740	8772	8772	130	130	40	40	13426	13426	10117	10117	312	312	675	675	14421	14421	5156	5156	2	2	54	54	3018	3018	1316	1316	119	119	64	64	4	4	135	135	6610	6610	7181	7181	32684	32684	368	368	1305	1305	524	524	1986	1986	15602	15602	205	205	9	9	47	47	124	124	9	9	57	57	373	373	1453	1453	118	118	33	33	592	592	872	872	5541	5541	977	977	122	122	1499	1499	115	115	93	93	25	25	22	22	240	240	79	79	99	99	198	198	896	896	659	659	1300	1300	1001	1001	27	27	28	28	1356	1356	930	930	22	22	34	34	31794	31794	6003	6003	52691	52691	4100	4100	4	4	3	3
IND00714	696	696	32	32	1441	1441	1658	1658	50	50	1	1	1845	1845	933	933	450	450	337	337	3191	3191	2270	2270	6924	6924	2785	2785	1363	1363	589	589	117	117	44	44	3	3	1	1	1458	1458	2772	2772	113	113	114	114	2703	2703	909	909	1757	1757	1205	1205	92	92	20	20	125	125	1844	1844	467	467	698	698	3776	3776	3620	3620	128	128	101	101	723	723	5507	5507	272	272	959	959	8622	8622	8956	8956	24	24	55	55	2731	2731	2998	2998	67	67	51	51	176	176	207	207	2869	2869	5175	5175	29151	29151	30187	30187	97	97	1507	1507	21101	21101	19560	19560	83	83	15	15	16	16	74	74	49	49	12	12	1717	1717	559	559	52	52	19	19	1000	1000	823	823	6766	6766	3789	3789	2007	2007	543	543	80	80	46	46	13	13	26	26	145	145	190	190	164	164	38	38	378	378	642	642	1326	1326	600	600	14	14	28	28	1400	1400	376	376	22	22	77	77	21341	21341	24168	24168	19245	19245	45647	45647	1	1	4	4
IND00715	496	496	170	170	674	674	1703	1703	58	58	16	16	3375	3375	172	172	4008	4008	3346	3346	1775	1775	2476	2476	5470	5470	6503	6503	1931	1931	3787	3787	144	144	130	130	1	1	15	15	3611	3611	3099	3099	113	113	119	119	837	837	4220	4220	577	577	600	600	81	81	82	82	624	624	1887	1887	893	893	459	459	31946	31946	3971	3971	123	123	222	222	13517	13517	4413	4413	525	525	137	137	4180	4180	1594	1594	41	41	41	41	3426	3426	455	455	98	98	88	88	9	9	223	223	3318	3318	921	921	9017	9017	17306	17306	753	753	1078	1078	20547	20547	6611	6611	18	18	108	108	65	65	49	49	17	17	34	34	477	477	1419	1419	77	77	128	128	234	234	650	650	592	592	7556	7556	1878	1878	110	110	97	97	100	100	18	18	22	22	351	351	53	53	189	189	81	81	792	792	474	474	1986	1986	1604	1604	8	8	4	4	898	898	1023	1023	82	82	59	59	29636	29636	24030	24030	13819	13819	22016	22016	2	2	1	1
IND00716	170	170	526	526	1006	1006	1856	1856	53	53	18	18	188	188	3792	3792	2273	2273	3513	3513	3032	3032	2552	2552	5189	5189	6006	6006	2662	2662	3454	3454	24	24	202	202	13	13	11	11	1798	1798	1224	1224	19	19	78	78	911	911	6092	6092	374	374	1494	1494	9	9	50	50	1048	1048	203	203	188	188	645	645	22900	22900	13330	13330	217	217	196	196	12486	12486	4136	4136	410	410	889	889	14506	14506	12875	12875	45	45	21	21	2160	2160	4407	4407	24	24	13	13	87	87	96	96	215	215	4199	4199	6682	6682	23517	23517	714	714	1289	1289	13292	13292	7231	7231	196	196	72	72	115	115	64	64	28	28	22	22	1444	1444	651	651	66	66	11	11	96	96	530	530	7438	7438	8045	8045	883	883	1957	1957	42	42	109	109	15	15	13	13	70	70	328	328	130	130	138	138	45	45	1020	1020	1799	1799	538	538	15	15	32	32	433	433	1442	1442	120	120	95	95	9407	9407	14935	14935	6000	6000	19564	19564	1	1	2	2
IND00717	826	826	157	157	962	962	1899	1899	29	29	26	26	2770	2770	3564	3564	417	417	3746	3746	2273	2273	1647	1647	6172	6172	6138	6138	3712	3712	3087	3087	180	180	102	102	13	13	2	2	331	331	1204	1204	81	81	24	24	3251	3251	6671	6671	1842	1842	135	135	119	119	77	77	1873	1873	1238	1238	717	717	341	341	6527	6527	29246	29246	170	170	167	167	3292	3292	7758	7758	874	874	148	148	13841	13841	8827	8827	50	50	33	33	5235	5235	8057	8057	45	45	104	104	207	207	105	105	1940	1940	7232	7232	10838	10838	6150	6150	1069	1069	574	574	22483	22483	13990	13990	10	10	134	134	78	78	37	37	12	12	14	14	1342	1342	357	357	76	76	48	48	1000	1000	306	306	2469	2469	2908	2908	102	102	951	951	44	44	5	5	34	34	55	55	221	221	101	101	213	213	121	121	867	867	813	813	777	777	191	191	15	15	31	31	1587	1587	1671	1671	38	38	113	113	23071	23071	19519	19519	59766	59766	41443	41443	2	2	3	3
IND00718	1002	1002	1003	1003	2011	2011	1927	1927	50	50	36	36	2835	2835	2070	2070	35	35	66	66	788	788	1060	1060	5762	5762	2577	2577	2228	2228	2122	2122	202	202	79	79	11	11	5	5	2243	2243	704	704	49	49	17	17	1596	1596	7921	7921	279	279	1140	1140	5	5	123	123	1879	1879	396	396	493	493	313	313	9409	9409	11380	11380	49	49	217	217	7675	7675	5858	5858	912	912	501	501	11467	11467	10120	10120	64	64	61	61	7864	7864	1546	1546	3	3	51	51	164	164	138	138	3788	3788	3068	3068	4348	4348	14882	14882	771	771	1803	1803	3029	3029	6303	6303	9	9	72	72	27	27	84	84	21	21	62	62	1628	1628	667	667	30	30	29	29	666	666	247	247	5069	5069	516	516	1573	1573	1659	1659	41	41	73	73	4	4	44	44	17	17	104	104	215	215	256	256	404	404	14	14	1065	1065	54	54	17	17	20	20	197	197	1174	1174	49	49	26	26	25706	25706	5506	5506	62903	62903	36132	36132	3	3	2	2
IND00719	1000	1000	486	486	167	167	1876	1876	59	59	24	24	2047	2047	1676	1676	3142	3142	313	313	2938	2938	2304	2304	2278	2278	7660	7660	2738	2738	3849	3849	135	135	179	179	4	4	4	4	3300	3300	1611	1611	124	124	20	20	3272	3272	4079	4079	1822	1822	1951	1951	35	35	93	93	426	426	1597	1597	950	950	562	562	32115	32115	21286	21286	219	219	232	232	8085	8085	2853	2853	329	329	699	699	7806	7806	3624	3624	29	29	5	5	5471	5471	7847	7847	115	115	118	118	228	228	211	211	7558	7558	6792	6792	8461	8461	11900	11900	803	803	761	761	20425	20425	23598	23598	53	53	160	160	49	49	119	119	38	38	55	55	1915	1915	1028	1028	8	8	100	100	932	932	458	458	762	762	6517	6517	116	116	484	484	125	125	117	117	53	53	4	4	435	435	136	136	109	109	158	158	651	651	594	594	1084	1084	1799	1799	6	6	10	10	1580	1580	351	351	76	76	32	32	26663	26663	4990	4990	56443	56443	62017	62017	4	4	4	4
IND00720	903	903	222	222	686	686	1750	1750	12	12	64	64	2232	2232	3428	3428	3904	3904	556	556	61	61	3373	3373	5764	5764	2621	2621	3858	3858	1217	1217	53	53	255	255	14	14	7	7	1590	1590	3559	3559	23	23	19	19	7198	7198	1234	1234	1452	1452	1181	1181	55	55	120	120	88	88	624	624	19	19	994	994	17400	17400	19981	19981	69	69	207	207	13785	13785	2383	2383	655	655	302	302	8394	8394	5760	5760	57	57	24	24	4811	4811	2025	2025	61	61	89	89	113	113	19	19	5422	5422	585	585	24873	24873	29541	29541	695	695	1317	1317	20535	20535	9599	9599	99	99	242	242	50	50	61	61	52	52	7	7	741	741	69	69	80	80	7	7	436	436	858	858	4887	4887	3796	3796	1504	1504	1626	1626	41	41	19	19	47	47	48	48	418	418	85	85	68	68	236	236	188	188	688	688	985	985	1934	1934	3	3	8	8	1316	1316	473	473	94	94	89	89	1125	1125	18349	18349	39617	39617	55263	55263	2	2	4	4
IND00721	271	271	129	129	439	439	1846	1846	29	29	7	7	1077	1077	1510	1510	2099	2099	2503	2503	1273	1273	3971	3971	97	97	3060	3060	2154	2154	910	910	105	105	92	92	11	11	14	14	3512	3512	2550	2550	50	50	102	102	378	378	2504	2504	1898	1898	103	103	120	120	10	10	30	30	1817	1817	7	7	342	342	30863	30863	15885	15885	75	75	80	80	5040	5040	6229	6229	773	773	713	713	4849	4849	3473	3473	5	5	35	35	2693	2693	653	653	49	49	4	4	201	201	28	28	865	865	5661	5661	25335	25335	5879	5879	1338	1338	425	425	24973	24973	21619	21619	78	78	166	166	25	25	68	68	32	32	58	58	1049	1049	1088	1088	34	34	27	27	278	278	370	370	7214	7214	151	151	26	26	270	270	58	58	104	104	49	49	23	23	173	173	109	109	54	54	212	212	416	416	808	808	488	488	698	698	28	28	31	31	1555	1555	1014	1014	39	39	30	30	21656	21656	7954	7954	52267	52267	28061	28061	3	3	1	1
IND00722	972	972	321	321	1531	1531	1999	1999	41	41	52	52	2750	2750	2434	2434	1480	1480	529	529	979	979	1272	1272	1893	1893	477	477	1191	1191	4094	4094	237	237	154	154	13	13	7	7	3114	3114	467	467	38	38	70	70	55	55	1704	1704	2019	2019	1027	1027	72	72	12	12	1953	1953	1787	1787	283	283	199	199	6309	6309	29589	29589	78	78	61	61	15950	15950	13401	13401	671	671	116	116	3544	3544	15019	15019	45	45	36	36	2760	2760	6889	6889	8	8	68	68	117	117	54	54	4740	4740	8027	8027	26120	26120	20056	20056	646	646	1685	1685	9342	9342	1851	1851	117	117	226	226	122	122	124	124	47	47	1	1	1786	1786	1496	1496	24	24	30	30	496	496	51	51	728	728	5310	5310	266	266	893	893	6	6	21	21	32	32	25	25	508	508	215	215	183	183	61	61	778	778	972	972	178	178	1588	1588	20	20	7	7	1633	1633	1142	1142	40	40	1	1	28904	28904	21700	21700	57070	57070	27601	27601	3	3	3	3
IND00723	138	138	235	235	1588	1588	1141	1141	42	42	16	16	1252	1252	1545	1545	3932	3932	3637	3637	3575	3575	3294	3294	7081	7081	8047	8047	3040	3040	2989	2989	192	192	91	91	3	3	5	5	2834	2834	3060	3060	31	31	22	22	2590	2590	7714	7714	1760	1760	1725	1725	22	22	20	20	1097	1097	1560	1560	951	951	435	435	32118	32118	7592	7592	161	161	109	109	7706	7706	12720	12720	304	304	100	100	15859	15859	7593	7593	10	10	2	2	3740	3740	8187	8187	16	16	45	45	156	156	74	74	945	945	5735	5735	20376	20376	22076	22076	1100	1100	414	414	22530	22530	30951	30951	237	237	117	117	42	42	111	111	2	2	21	21	537	537	1437	1437	44	44	97	97	746	746	427	427	6654	6654	6193	6193	932	932	1173	1173	86	86	26	26	46	46	47	47	414	414	17	17	4	4	228	228	671	671	541	541	600	600	875	875	21	21	7	7	1221	1221	1133	1133	80	80	107	107	24946	24946	11529	11529	52494	52494	36596	36596	2	2	4	4
IND00724	673	673	463	463	552	552	1297	1297	62	62	29	29	1101	1101	3060	3060	1901	1901	2755	2755	2748	2748	1370	1370	5924	5924	6823	6823	2136	2136	1896	1896	256	256	83	83	11	11	4	4	3009	3009	1756	1756	2	2	81	81	1012	1012	3010	3010	1818	1818	343	343	108	108	88	88	215	215	3	3	604	604	593	593	30722	30722	8424	8424	187	187	144	144	10654	10654	5611	5611	345	345	941	941	10642	10642	4118	4118	31	31	50	50	7479	7479	4303	4303	74	74	87	87	76	76	5	5	219	219	5274	5274	22875	22875	19940	19940	1459	1459	1877	1877	583	583	22673	22673	94	94	168	168	96	96	105	105	11	11	61	61	235	235	1853	1853	65	65	21	21	54	54	964	964	1004	1004	161	161	1022	1022	736	736	86	86	30	30	46	46	21	21	222	222	162	162	179	179	98	98	744	744	861	861	1901	1901	707	707	17	17	28	28	1437	1437	567	567	114	114	76	76	11212	11212	11716	11716	49194	49194	57575	57575	1	1	1	1
IND00725	752	752	607	607	1003	1003	1939	1939	40	40	31	31	3928	3928	2835	2835	3062	3062	813	813	2488	2488	4061	4061	4490	4490	4669	4669	3182	3182	1522	1522	66	66	203	203	10	10	8	8	2863	2863	1507	1507	60	60	95	95	6910	6910	4053	4053	1639	1639	955	955	53	53	16	16	932	932	231	231	69	69	959	959	10759	10759	28819	28819	43	43	58	58	11417	11417	8029	8029	789	789	359	359	2780	2780	11606	11606	9	9	6	6	1730	1730	5787	5787	28	28	25	25	37	37	105	105	2787	2787	6088	6088	26119	26119	20844	20844	1747	1747	845	845	9733	9733	8885	8885	163	163	190	190	67	67	79	79	9	9	48	48	438	438	1688	1688	26	26	117	117	65	65	566	566	2450	2450	4507	4507	959	959	926	926	62	62	38	38	28	28	23	23	143	143	96	96	247	247	246	246	414	414	500	500	1089	1089	539	539	27	27	15	15	1486	1486	327	327	104	104	61	61	17113	17113	9942	9942	32602	32602	21856	21856	3	3	2	2
IND00726	777	777	764	764	219	219	589	589	22	22	29	29	2770	2770	333	333	538	538	2972	2972	1	1	2341	2341	4438	4438	2381	2381	3008	3008	3318	3318	148	148	8	8	16	16	1	1	803	803	2342	2342	123	123	65	65	2924	2924	4143	4143	1480	1480	1826	1826	21	21	67	67	1361	1361	1554	1554	62	62	870	870	29054	29054	5383	5383	184	184	226	226	1378	1378	3029	3029	298	298	930	930	3893	3893	6494	6494	56	56	8	8	609	609	1334	1334	81	81	22	22	192	192	166	166	7744	7744	670	670	12912	12912	1861	1861	494	494	1295	1295	9238	9238	17580	17580	248	248	143	143	92	92	24	24	49	49	3	3	483	483	507	507	5	5	105	105	697	697	81	81	1000	1000	7010	7010	2028	2028	1068	1068	121	121	67	67	5	5	46	46	329	329	373	373	226	226	20	20	558	558	63	63	1550	1550	1898	1898	2	2	31	31	365	365	37	37	61	61	126	126	19698	19698	16928	16928	62781	62781	30613	30613	2	2	3	3
IND00727	618	618	601	601	1645	1645	1985	1985	14	14	1	1	1445	1445	2675	2675	2966	2966	570	570	1014	1014	3591	3591	4259	4259	7347	7347	2221	2221	2251	2251	184	184	47	47	7	7	9	9	1251	1251	2525	2525	60	60	68	68	2019	2019	5961	5961	1081	1081	161	161	95	95	7	7	66	66	1936	1936	495	495	142	142	30928	30928	26508	26508	240	240	197	197	5802	5802	4575	4575	159	159	407	407	13956	13956	7612	7612	8	8	5	5	7968	7968	7656	7656	63	63	91	91	33	33	164	164	1753	1753	7639	7639	5814	5814	5967	5967	843	843	1698	1698	11956	11956	17837	17837	198	198	190	190	126	126	14	14	14	14	4	4	631	631	1939	1939	41	41	77	77	843	843	987	987	6998	6998	2069	2069	876	876	280	280	10	10	63	63	40	40	39	39	159	159	20	20	88	88	68	68	276	276	619	619	647	647	1472	1472	32	32	11	11	1051	1051	102	102	98	98	55	55	31884	31884	1105	1105	18528	18528	19859	19859	1	1	2	2
IND00728	499	499	533	533	1057	1057	1946	1946	6	6	19	19	375	375	1577	1577	1208	1208	2216	2216	216	216	4071	4071	441	441	1782	1782	2812	2812	1223	1223	30	30	54	54	5	5	15	15	1033	1033	3318	3318	94	94	24	24	4222	4222	438	438	1472	1472	1237	1237	43	43	22	22	96	96	1960	1960	308	308	630	630	30457	30457	15068	15068	31	31	237	237	868	868	8545	8545	773	773	533	533	1709	1709	955	955	55	55	50	50	5044	5044	1201	1201	13	13	27	27	210	210	123	123	4637	4637	3784	3784	29453	29453	26189	26189	1654	1654	863	863	30292	30292	5038	5038	148	148	149	149	53	53	13	13	37	37	34	34	338	338	1002	1002	72	72	19	19	838	838	738	738	6749	6749	7283	7283	1993	1993	258	258	26	26	107	107	12	12	62	62	375	375	73	73	118	118	161	161	716	716	226	226	1478	1478	1191	1191	9	9	23	23	1400	1400	1411	1411	95	95	127	127	1163	1163	16668	16668	1479	1479	33361	33361	4	4	4	4
IND00729	379	379	598	598	1634	1634	926	926	1	1	1	1	382	382	1892	1892	3721	3721	3495	3495	359	359	2437	2437	7899	7899	1844	1844	717	717	765	765	179	179	17	17	5	5	15	15	3949	3949	3482	3482	32	32	67	67	2771	2771	3309	3309	271	271	987	987	83	83	83	83	1469	1469	447	447	292	292	537	537	1857	1857	21439	21439	1	1	207	207	15146	15146	5042	5042	517	517	698	698	2509	2509	7071	7071	46	46	19	19	4692	4692	3588	3588	62	62	119	119	256	256	35	35	3797	3797	3898	3898	19367	19367	11207	11207	1738	1738	1894	1894	23978	23978	6889	6889	212	212	222	222	97	97	13	13	15	15	19	19	604	604	1198	1198	14	14	96	96	202	202	838	838	1943	1943	2333	2333	1154	1154	1998	1998	112	112	104	104	18	18	57	57	219	219	70	70	3	3	4	4	613	613	830	830	1737	1737	515	515	8	8	1	1	1688	1688	1625	1625	60	60	97	97	15357	15357	29550	29550	47656	47656	16735	16735	3	3	4	4
IND00730	461	461	201	201	1756	1756	1918	1918	2	2	26	26	2282	2282	621	621	950	950	514	514	274	274	1233	1233	5091	5091	1379	1379	649	649	1328	1328	244	244	230	230	5	5	3	3	212	212	3925	3925	55	55	47	47	2390	2390	754	754	513	513	785	785	30	30	37	37	2015	2015	846	846	26	26	398	398	18325	18325	3655	3655	10	10	254	254	15669	15669	12650	12650	989	989	111	111	121	121	15303	15303	62	62	52	52	1319	1319	63	63	8	8	98	98	208	208	247	247	4182	4182	7114	7114	6124	6124	10402	10402	176	176	629	629	9586	9586	24229	24229	206	206	197	197	74	74	100	100	16	16	57	57	494	494	245	245	57	57	16	16	530	530	352	352	4152	4152	5798	5798	910	910	118	118	103	103	83	83	27	27	40	40	480	480	345	345	185	185	140	140	572	572	204	204	1578	1578	228	228	11	11	4	4	1246	1246	1856	1856	40	40	121	121	11168	11168	14892	14892	19192	19192	64145	64145	2	2	3	3
IND00731	93	93	401	401	1437	1437	306	306	16	16	18	18	2574	2574	2504	2504	2026	2026	3979	3979	1489	1489	3741	3741	3633	3633	7814	7814	1174	1174	1505	1505	116	116	179	179	9	9	6	6	3813	3813	3052	3052	15	15	46	46	7040	7040	462	462	1387	1387	368	368	26	26	103	103	1756	1756	1229	1229	582	582	555	555	18623	18623	12445	12445	178	178	222	222	4925	4925	15007	15007	665	665	105	105	8283	8283	14754	14754	59	59	48	48	3721	3721	63	63	96	96	95	95	223	223	252	252	3691	3691	332	332	19826	19826	29150	29150	1985	1985	1609	1609	6131	6131	12826	12826	43	43	255	255	101	101	128	128	48	48	55	55	1875	1875	959	959	109	109	79	79	638	638	178	178	4407	4407	761	761	257	257	1508	1508	18	18	71	71	7	7	18	18	261	261	163	163	105	105	187	187	628	628	528	528	417	417	144	144	26	26	18	18	1943	1943	1045	1045	10	10	79	79	870	870	4246	4246	41786	41786	47625	47625	1	1	4	4
IND00732	814	814	217	217	1882	1882	1194	1194	41	41	54	54	1504	1504	3133	3133	3889	3889	3743	3743	4042	4042	1797	1797	7966	7966	3469	3469	2147	2147	723	723	91	91	193	193	10	10	11	11	1837	1837	1877	1877	105	105	19	19	7034	7034	7163	7163	816	816	996	996	80	80	108	108	2033	2033	1725	1725	138	138	462	462	20298	20298	14734	14734	131	131	243	243	11985	11985	3478	3478	428	428	463	463	7062	7062	13474	13474	5	5	14	14	1251	1251	7808	7808	68	68	73	73	142	142	191	191	1279	1279	6315	6315	3114	3114	29797	29797	727	727	329	329	1465	1465	21112	21112	119	119	23	23	46	46	113	113	21	21	50	50	1000	1000	1368	1368	32	32	32	32	860	860	649	649	1955	1955	4670	4670	1393	1393	1900	1900	81	81	120	120	17	17	36	36	173	173	169	169	134	134	92	92	177	177	884	884	543	543	241	241	31	31	18	18	196	196	706	706	6	6	94	94	21375	21375	2982	2982	48131	48131	27791	27791	2	2	1	1
IND00733	200	200	376	376	1385	1385	299	299	61	61	12	12	43	43	1970	1970	1140	1140	2840	2840	4090	4090	2303	2303	7328	7328	46	46	4027	4027	1487	1487	239	239	140	140	5	5	8	8	683	683	3193	3193	68	68	127	127	3611	3611	6263	6263	1457	1457	430	430	13	13	65	65	1248	1248	620	620	651	651	343	343	22724	22724	15606	15606	183	183	100	100	12362	12362	3877	3877	316	316	32	32	15262	15262	3866	3866	11	11	20	20	1598	1598	3953	3953	35	35	112	112	59	59	10	10	5936	5936	6950	6950	30647	30647	25141	25141	645	645	1631	1631	106	106	30480	30480	121	121	161	161	16	16	18	18	21	21	24	24	448	448	2032	2032	50	50	96	96	225	225	80	80	5771	5771	2350	2350	1673	1673	163	163	46	46	121	121	5	5	12	12	13	13	324	324	126	126	205	205	422	422	416	416	692	692	851	851	5	5	31	31	922	922	389	389	15	15	92	92	23551	23551	25181	25181	26601	26601	30160	30160	4	4	1	1
IND00734	160	160	509	509	1696	1696	945	945	21	21	53	53	1076	1076	2071	2071	3389	3389	1260	1260	1945	1945	2866	2866	18	18	1150	1150	138	138	3528	3528	43	43	53	53	1	1	2	2	2511	2511	1186	1186	9	9	114	114	5600	5600	5405	5405	1403	1403	588	588	33	33	18	18	771	771	241	241	26	26	386	386	7666	7666	19479	19479	6	6	53	53	13886	13886	15287	15287	785	785	97	97	13074	13074	10317	10317	9	9	40	40	67	67	6863	6863	37	37	57	57	101	101	216	216	5270	5270	6303	6303	21801	21801	29020	29020	1528	1528	815	815	29127	29127	6802	6802	246	246	27	27	125	125	11	11	14	14	14	14	253	253	782	782	65	65	93	93	730	730	39	39	4315	4315	594	594	507	507	81	81	117	117	39	39	11	11	50	50	503	503	316	316	5	5	1	1	50	50	116	116	374	374	1787	1787	5	5	3	3	178	178	2008	2008	64	64	19	19	19782	19782	6053	6053	13139	13139	2170	2170	3	3	2	2
IND00735	807	807	22	22	1677	1677	1175	1175	15	15	3	3	1825	1825	3973	3973	734	734	1937	1937	929	929	2478	2478	2222	2222	7819	7819	4043	4043	3350	3350	39	39	156	156	15	15	13	13	83	83	2154	2154	91	91	114	114	2401	2401	6967	6967	490	490	842	842	32	32	112	112	1336	1336	686	686	454	454	603	603	8018	8018	9203	9203	9	9	187	187	4259	4259	429	429	504	504	364	364	11620	11620	4424	4424	42	42	28	28	7753	7753	2863	2863	57	57	13	13	117	117	86	86	5797	5797	2449	2449	5286	5286	19046	19046	1414	1414	1961	1961	727	727	6883	6883	215	215	47	47	98	98	34	34	17	17	26	26	1476	1476	777	777	78	78	93	93	404	404	630	630	5850	5850	4054	4054	1120	1120	1169	1169	126	126	84	84	39	39	43	43	124	124	422	422	119	119	184	184	748	748	49	49	1901	1901	1352	1352	6	6	21	21	477	477	835	835	55	55	86	86	26982	26982	27304	27304	12411	12411	13741	13741	1	1	1	1
IND00736	209	209	296	296	1328	1328	1493	1493	36	36	22	22	2322	2322	3260	3260	675	675	1797	1797	2192	2192	95	95	6938	6938	1499	1499	2811	2811	3879	3879	149	149	80	80	10	10	5	5	390	390	2541	2541	112	112	19	19	1722	1722	1458	1458	436	436	282	282	80	80	92	92	911	911	1701	1701	1001	1001	725	725	29565	29565	2474	2474	165	165	102	102	10647	10647	6740	6740	221	221	739	739	4504	4504	4590	4590	62	62	4	4	5635	5635	1202	1202	118	118	68	68	148	148	209	209	4886	4886	7112	7112	26304	26304	13364	13364	1812	1812	1292	1292	16112	16112	303	303	53	53	162	162	106	106	41	41	13	13	39	39	1503	1503	47	47	25	25	2	2	442	442	364	364	5213	5213	2779	2779	1325	1325	1200	1200	8	8	91	91	59	59	45	45	294	294	130	130	40	40	86	86	481	481	327	327	1307	1307	1994	1994	18	18	30	30	476	476	1122	1122	97	97	17	17	11574	11574	25905	25905	57904	57904	64358	64358	4	4	2	2
IND00737	224	224	331	331	164	164	1237	1237	32	32	2	2	902	902	3186	3186	315	315	2447	2447	14	14	1473	1473	4843	4843	1450	1450	1526	1526	1207	1207	94	94	82	82	7	7	12	12	2139	2139	3836	3836	24	24	108	108	7450	7450	5255	5255	1722	1722	1594	1594	70	70	4	4	1288	1288	821	821	194	194	715	715	31358	31358	26882	26882	159	159	176	176	5935	5935	14496	14496	948	948	912	912	8287	8287	1510	1510	7	7	41	41	2956	2956	1723	1723	91	91	119	119	155	155	232	232	4877	4877	2044	2044	14477	14477	24449	24449	1832	1832	1284	1284	7051	7051	22323	22323	204	204	145	145	10	10	92	92	9	9	64	64	1998	1998	1464	1464	128	128	59	59	515	515	718	718	3841	3841	5192	5192	653	653	71	71	87	87	54	54	35	35	31	31	481	481	196	196	169	169	247	247	201	201	204	204	1746	1746	718	718	30	30	19	19	1551	1551	973	973	113	113	128	128	15908	15908	25106	25106	64110	64110	3738	3738	2	2	3	3
IND00738	429	429	331	331	1502	1502	279	279	36	36	21	21	3450	3450	3243	3243	2061	2061	760	760	3531	3531	2723	2723	2105	2105	2236	2236	363	363	2910	2910	23	23	130	130	7	7	10	10	1110	1110	3307	3307	96	96	52	52	5188	5188	6608	6608	1757	1757	1760	1760	13	13	44	44	1015	1015	181	181	615	615	72	72	31216	31216	974	974	176	176	123	123	11366	11366	12929	12929	721	721	377	377	12597	12597	3337	3337	47	47	25	25	5964	5964	334	334	18	18	19	19	145	145	222	222	1613	1613	1272	1272	24720	24720	3170	3170	279	279	1144	1144	1268	1268	9872	9872	204	204	79	79	88	88	81	81	17	17	6	6	1706	1706	1663	1663	63	63	7	7	884	884	877	877	77	77	6728	6728	1437	1437	1287	1287	59	59	15	15	35	35	51	51	36	36	297	297	42	42	231	231	166	166	996	996	963	963	478	478	15	15	29	29	89	89	1487	1487	8	8	58	58	23244	23244	24022	24022	48586	48586	48815	48815	3	3	1	1
IND00739	26	26	6	6	887	887	1015	1015	17	17	43	43	3891	3891	1951	1951	232	232	3019	3019	2490	2490	3271	3271	7038	7038	1015	1015	915	915	3567	3567	247	247	72	72	2	2	2	2	3744	3744	3634	3634	63	63	42	42	4936	4936	5732	5732	1491	1491	572	572	30	30	34	34	1312	1312	1754	1754	441	441	667	667	9466	9466	28384	28384	219	219	143	143	4982	4982	12478	12478	23	23	582	582	637	637	6678	6678	36	36	40	40	2436	2436	6199	6199	52	52	51	51	103	103	154	154	2746	2746	7244	7244	11701	11701	6963	6963	2008	2008	311	311	31411	31411	24273	24273	105	105	228	228	89	89	116	116	44	44	40	40	1625	1625	1738	1738	78	78	47	47	119	119	277	277	7317	7317	7217	7217	1367	1367	554	554	60	60	45	45	40	40	43	43	498	498	36	36	162	162	132	132	288	288	105	105	1727	1727	1198	1198	28	28	25	25	1800	1800	645	645	116	116	3	3	5535	5535	600	600	55711	55711	39759	39759	1	1	1	1
IND00740	33	33	477	477	325	325	1142	1142	27	27	23	23	1284	1284	1476	1476	1009	1009	399	399	3842	3842	1312	1312	7270	7270	5134	5134	2737	2737	1152	1152	37	37	65	65	8	8	3	3	1059	1059	2025	2025	65	65	107	107	4013	4013	7640	7640	1284	1284	2048	2048	89	89	122	122	416	416	864	864	271	271	428	428	21066	21066	166	166	211	211	50	50	11174	11174	14162	14162	625	625	342	342	11735	11735	13462	13462	26	26	11	11	5581	5581	6273	6273	2	2	76	76	198	198	16	16	3021	3021	4031	4031	27639	27639	23249	23249	1275	1275	1323	1323	29537	29537	30814	30814	122	122	120	120	14	14	91	91	27	27	50	50	1241	1241	1838	1838	14	14	113	113	952	952	903	903	2646	2646	6609	6609	1377	1377	961	961	2	2	35	35	12	12	30	30	286	286	290	290	28	28	207	207	30	30	577	577	1754	1754	742	742	7	7	3	3	182	182	1309	1309	24	24	81	81	1361	1361	12845	12845	44270	44270	33306	33306	1	1	1	1
IND00741	481	481	535	535	632	632	1420	1420	18	18	15	15	3392	3392	2289	2289	2080	2080	230	230	1472	1472	110	110	4727	4727	4032	4032	2	2	1604	1604	103	103	6	6	10	10	16	16	2937	2937	2061	2061	127	127	62	62	1946	1946	4921	4921	277	277	1674	1674	92	92	43	43	1239	1239	1927	1927	968	968	19	19	25453	25453	9694	9694	227	227	145	145	9834	9834	8765	8765	8	8	851	851	6232	6232	5455	5455	28	28	8	8	1525	1525	2965	2965	97	97	23	23	213	213	136	136	352	352	4829	4829	6648	6648	24156	24156	636	636	1419	1419	2593	2593	8828	8828	86	86	157	157	41	41	106	106	50	50	6	6	361	361	1260	1260	51	51	40	40	351	351	66	66	8121	8121	8048	8048	33	33	333	333	124	124	103	103	51	51	17	17	224	224	492	492	93	93	134	134	969	969	25	25	1361	1361	1285	1285	28	28	14	14	596	596	1487	1487	45	45	126	126	22473	22473	29383	29383	42505	42505	15434	15434	3	3	1	1
IND00742	734	734	502	502	677	677	245	245	21	21	23	23	2048	2048	1750	1750	2032	2032	3962	3962	4091	4091	3083	3083	7461	7461	3672	3672	3336	3336	867	867	164	164	200	200	8	8	13	13	2269	2269	1807	1807	110	110	93	93	4443	4443	1079	1079	496	496	1426	1426	58	58	19	19	1333	1333	114	114	662	662	256	256	30409	30409	27272	27272	109	109	109	109	6951	6951	12225	12225	114	114	396	396	9928	9928	15074	15074	44	44	15	15	1918	1918	356	356	97	97	67	67	1	1	79	79	3011	3011	7316	7316	18651	18651	4093	4093	1673	1673	886	886	24250	24250	19620	19620	199	199	229	229	37	37	121	121	25	25	22	22	951	951	883	883	77	77	25	25	781	781	316	316	8166	8166	6625	6625	824	824	1247	1247	76	76	40	40	44	44	53	53	14	14	256	256	245	245	125	125	973	973	199	199	155	155	67	67	23	23	2	2	754	754	983	983	102	102	38	38	27510	27510	14622	14622	37770	37770	35988	35988	4	4	1	1
IND00743	165	165	602	602	28	28	913	913	46	46	33	33	681	681	594	594	864	864	3851	3851	1772	1772	660	660	1932	1932	2341	2341	1129	1129	1389	1389	256	256	156	156	16	16	1	1	764	764	465	465	103	103	58	58	7546	7546	2939	2939	1940	1940	1815	1815	39	39	72	72	921	921	1414	1414	61	61	93	93	13400	13400	8156	8156	55	55	104	104	6419	6419	12708	12708	340	340	537	537	13897	13897	5468	5468	8	8	28	28	1231	1231	4489	4489	57	57	65	65	1	1	67	67	5834	5834	4877	4877	17189	17189	15727	15727	1529	1529	1156	1156	14432	14432	27814	27814	25	25	169	169	7	7	36	36	22	22	57	57	455	455	444	444	104	104	69	69	908	908	80	80	7309	7309	677	677	1439	1439	1097	1097	52	52	51	51	54	54	49	49	411	411	322	322	56	56	137	137	662	662	853	853	1063	1063	1870	1870	26	26	3	3	882	882	1936	1936	115	115	43	43	11148	11148	1024	1024	22135	22135	36902	36902	4	4	1	1
IND00744	285	285	815	815	1149	1149	266	266	7	7	31	31	934	934	523	523	3116	3116	1708	1708	2538	2538	1662	1662	4067	4067	7182	7182	1847	1847	3460	3460	29	29	186	186	14	14	1	1	4028	4028	249	249	44	44	40	40	4105	4105	6428	6428	1047	1047	1954	1954	18	18	104	104	228	228	918	918	1003	1003	901	901	26952	26952	4995	4995	248	248	164	164	1776	1776	5353	5353	524	524	959	959	8096	8096	7293	7293	42	42	58	58	8041	8041	1359	1359	64	64	56	56	172	172	50	50	5036	5036	2039	2039	7298	7298	29224	29224	282	282	698	698	19947	19947	12451	12451	171	171	155	155	110	110	38	38	6	6	55	55	447	447	866	866	113	113	24	24	4	4	791	791	2118	2118	4581	4581	2037	2037	178	178	62	62	93	93	3	3	24	24	25	25	170	170	120	120	249	249	508	508	184	184	1313	1313	95	95	6	6	28	28	1682	1682	741	741	22	22	50	50	29832	29832	6589	6589	64535	64535	17787	17787	1	1	1	1
IND00745	787	787	658	658	2035	2035	1827	1827	60	60	33	33	3559	3559	3344	3344	2899	2899	3520	3520	2851	2851	1450	1450	7155	7155	4271	4271	2269	2269	1770	1770	201	201	170	170	2	2	16	16	1927	1927	1329	1329	56	56	7	7	4872	4872	6203	6203	311	311	1390	1390	97	97	102	102	1729	1729	448	448	795	795	133	133	27449	27449	16439	16439	96	96	54	54	9664	9664	14321	14321	29	29	503	503	5672	5672	11637	11637	21	21	21	21	7987	7987	7374	7374	80	80	49	49	185	185	30	30	6693	6693	5128	5128	29415	29415	24726	24726	323	323	1153	1153	24944	24944	9722	9722	37	37	124	124	128	128	92	92	19	19	19	19	1565	1565	1553	1553	17	17	51	51	1015	1015	155	155	4974	4974	1661	1661	1320	1320	413	413	70	70	97	97	57	57	4	4	17	17	477	477	4	4	115	115	773	773	164	164	1986	1986	11	11	13	13	23	23	544	544	1064	1064	128	128	11	11	9437	9437	19285	19285	59686	59686	28295	28295	2	2	4	4
IND00746	145	145	136	136	485	485	1456	1456	58	58	40	40	52	52	1520	1520	861	861	288	288	2533	2533	311	311	2543	2543	1307	1307	558	558	1171	1171	74	74	159	159	5	5	3	3	4060	4060	967	967	7	7	77	77	8079	8079	1359	1359	1603	1603	1846	1846	49	49	11	11	256	256	1777	1777	47	47	471	471	7926	7926	29057	29057	204	204	227	227	14754	14754	11796	11796	240	240	472	472	905	905	13615	13615	6	6	62	62	6721	6721	1113	1113	12	12	122	122	91	91	57	57	3805	3805	2168	2168	13070	13070	4623	4623	470	470	676	676	22640	22640	15108	15108	47	47	125	125	69	69	58	58	35	35	51	51	17	17	1165	1165	50	50	98	98	623	623	900	900	5582	5582	5858	5858	1528	1528	1953	1953	16	16	49	49	5	5	16	16	207	207	367	367	49	49	85	85	122	122	537	537	1341	1341	237	237	27	27	7	7	882	882	1664	1664	97	97	26	26	5287	5287	28015	28015	47914	47914	46819	46819	1	1	3	3
IND00747	627	627	491	491	354	354	1887	1887	4	4	20	20	3195	3195	937	937	2192	2192	1396	1396	2450	2450	623	623	4892	4892	1447	1447	2835	2835	415	415	53	53	128	128	7	7	15	15	2830	2830	74	74	21	21	57	57	2868	2868	8130	8130	1266	1266	399	399	56	56	94	94	477	477	390	390	460	460	332	332	14307	14307	21747	21747	163	163	39	39	651	651	3358	3358	727	727	731	731	11840	11840	16055	16055	25	25	63	63	5969	5969	6674	6674	102	102	93	93	24	24	226	226	4263	4263	1944	1944	9420	9420	13286	13286	750	750	670	670	12023	12023	29140	29140	142	142	111	111	43	43	34	34	8	8	2	2	94	94	1621	1621	126	126	98	98	315	315	573	573	7353	7353	1134	1134	166	166	1205	1205	98	98	97	97	42	42	21	21	152	152	31	31	170	170	136	136	933	933	100	100	704	704	665	665	5	5	9	9	1890	1890	1604	1604	24	24	114	114	15468	15468	25176	25176	35872	35872	63095	63095	1	1	4	4
IND00748	908	908	627	627	1755	1755	1134	1134	24	24	53	53	3783	3783	1869	1869	1816	1816	1532	1532	2899	2899	2448	2448	5761	5761	1249	1249	1200	1200	2676	2676	184	184	252	252	12	12	11	11	816	816	50	50	96	96	46	46	1188	1188	2687	2687	401	401	416	416	41	41	88	88	542	542	459	459	822	822	836	836	24335	24335	23137	23137	95	95	229	229	11350	11350	2919	2919	224	224	1007	1007	15247	15247	155	155	6	6	54	54	8184	8184	458	458	118	118	31	31	217	217	17	17	6967	6967	2961	2961	7407	7407	3181	3181	1552	1552	1117	1117	10094	10094	15051	15051	137	137	224	224	12	12	30	30	32	32	30	30	267	267	1307	1307	71	71	72	72	569	569	908	908	6690	6690	5995	5995	1147	1147	1645	1645	28	28	73	73	34	34	4	4	49	49	226	226	127	127	157	157	983	983	242	242	453	453	791	791	7	7	8	8	12	12	376	376	56	56	1	1	14020	14020	8226	8226	22401	22401	21391	21391	4	4	1	1
IND00749	790	790	479	479	1524	1524	295	295	32	32	30	30	319	319	2062	2062	2897	2897	744	744	865	865	2277	2277	7935	7935	2305	2305	2629	2629	1721	1721	78	78	211	211	14	14	4	4	415	415	3589	3589	19	19	56	56	396	396	8045	8045	1119	1119	1676	1676	95	95	6	6	691	691	947	947	107	107	383	383	24935	24935	911	911	185	185	60	60	2986	2986	14925	14925	724	724	359	359	15493	15493	16140	16140	61	61	50	50	910	910	6774	6774	16	16	120	120	63	63	102	102	5657	5657	7802	7802	23927	23927	29445	29445	1687	1687	662	662	20300	20300	18034	18034	63	63	204	204	60	60	46	46	48	48	37	37	1318	1318	1838	1838	17	17	17	17	675	675	748	748	2408	2408	2553	2553	89	89	529	529	1	1	61	61	37	37	57	57	322	322	78	78	134	134	162	162	681	681	371	371	2	2	1811	1811	32	32	22	22	216	216	570	570	4	4	32	32	31700	31700	19032	19032	31581	31581	6945	6945	2	2	3	3
IND00750	604	604	533	533	101	101	40	40	55	55	38	38	2674	2674	158	158	1424	1424	985	985	74	74	1354	1354	199	199	1437	1437	2960	2960	3162	3162	217	217	245	245	7	7	7	7	3167	3167	656	656	118	118	72	72	7279	7279	6658	6658	1785	1785	743	743	60	60	32	32	647	647	1892	1892	583	583	413	413	6728	6728	26463	26463	95	95	133	133	10830	10830	2768	2768	46	46	937	937	5059	5059	5099	5099	20	20	30	30	438	438	6601	6601	59	59	54	54	154	154	233	233	4051	4051	4990	4990	22566	22566	18441	18441	1224	1224	1086	1086	11880	11880	5235	5235	197	197	226	226	22	22	119	119	21	21	39	39	189	189	320	320	44	44	69	69	750	750	966	966	211	211	5020	5020	1811	1811	163	163	92	92	76	76	50	50	58	58	10	10	484	484	30	30	253	253	748	748	175	175	9	9	761	761	10	10	4	4	362	362	7	7	62	62	89	89	21359	21359	10871	10871	16404	16404	41009	41009	2	2	3	3
IND00751	569	569	423	423	1503	1503	1764	1764	8	8	31	31	2870	2870	254	254	3107	3107	726	726	423	423	1202	1202	516	516	6656	6656	3541	3541	1037	1037	155	155	116	116	9	9	15	15	624	624	443	443	36	36	71	71	4844	4844	1265	1265	1541	1541	922	922	28	28	39	39	178	178	551	551	1015	1015	213	213	22089	22089	4167	4167	58	58	206	206	14657	14657	5646	5646	709	709	962	962	16246	16246	391	391	23	23	63	63	4313	4313	6161	6161	47	47	7	7	67	67	154	154	6055	6055	6195	6195	14567	14567	17367	17367	584	584	498	498	8347	8347	28753	28753	53	53	110	110	42	42	65	65	48	48	36	36	1211	1211	1551	1551	78	78	9	9	548	548	176	176	839	839	2802	2802	613	613	54	54	70	70	38	38	57	57	15	15	175	175	494	494	23	23	89	89	747	747	763	763	618	618	258	258	22	22	31	31	1149	1149	1468	1468	53	53	61	61	1894	1894	22434	22434	47419	47419	60323	60323	4	4	3	3
IND00752	463	463	393	393	705	705	1498	1498	52	52	59	59	3651	3651	4094	4094	1928	1928	117	117	672	672	43	43	3419	3419	5282	5282	2115	2115	3275	3275	51	51	179	179	7	7	8	8	1499	1499	2214	2214	88	88	62	62	4006	4006	2041	2041	2021	2021	1271	1271	71	71	63	63	860	860	759	759	252	252	143	143	13781	13781	23198	23198	127	127	75	75	5826	5826	8383	8383	2	2	298	298	13203	13203	4612	4612	54	54	20	20	4610	4610	1264	1264	89	89	117	117	14	14	43	43	2684	2684	4686	4686	17319	17319	13793	13793	1044	1044	1463	1463	8990	8990	21440	21440	108	108	60	60	4	4	83	83	34	34	48	48	1940	1940	381	381	40	40	41	41	212	212	1015	1015	4813	4813	5682	5682	1900	1900	1552	1552	95	95	36	36	35	35	2	2	455	455	484	484	168	168	85	85	690	690	74	74	1827	1827	1391	1391	10	10	15	15	911	911	1191	1191	3	3	55	55	480	480	3962	3962	64160	64160	60888	60888	3	3	2	2
IND00753	781	781	522	522	255	255	558	558	45	45	8	8	438	438	190	190	66	66	2684	2684	2949	2949	102	102	2298	2298	8104	8104	3267	3267	1201	1201	240	240	109	109	12	12	2	2	846	846	821	821	65	65	95	95	3788	3788	5140	5140	657	657	1429	1429	21	21	126	126	435	435	76	76	511	511	600	600	5520	5520	25794	25794	77	77	147	147	13069	13069	5887	5887	639	639	298	298	6737	6737	5835	5835	6	6	24	24	8087	8087	7104	7104	118	118	62	62	235	235	126	126	6809	6809	118	118	17240	17240	14428	14428	612	612	858	858	30155	30155	13374	13374	150	150	18	18	5	5	47	47	16	16	42	42	1754	1754	363	363	62	62	78	78	934	934	368	368	4975	4975	6204	6204	823	823	1123	1123	5	5	86	86	58	58	34	34	291	291	414	414	81	81	147	147	695	695	548	548	493	493	845	845	8	8	3	3	590	590	2004	2004	127	127	44	44	22398	22398	6890	6890	13534	13534	12894	12894	4	4	3	3
IND00754	315	315	260	260	1792	1792	418	418	9	9	48	48	1242	1242	16	16	2353	2353	2906	2906	1827	1827	3279	3279	345	345	1915	1915	3978	3978	4009	4009	58	58	74	74	7	7	4	4	2669	2669	650	650	102	102	6	6	2259	2259	4454	4454	1921	1921	580	580	50	50	32	32	866	866	1705	1705	146	146	40	40	847	847	29697	29697	48	48	56	56	2527	2527	13986	13986	85	85	254	254	11658	11658	5701	5701	57	57	50	50	3385	3385	6720	6720	128	128	12	12	182	182	192	192	7096	7096	8083	8083	14647	14647	8995	8995	1326	1326	1816	1816	17641	17641	22565	22565	146	146	15	15	1	1	22	22	58	58	47	47	1153	1153	1353	1353	126	126	32	32	845	845	358	358	5041	5041	1740	1740	2038	2038	251	251	116	116	44	44	19	19	18	18	191	191	344	344	143	143	60	60	680	680	914	914	135	135	870	870	23	23	21	21	914	914	1134	1134	38	38	9	9	18235	18235	30494	30494	31305	31305	39528	39528	1	1	1	1
IND00755	443	443	410	410	392	392	84	84	37	37	52	52	2733	2733	510	510	757	757	65	65	2221	2221	945	945	4699	4699	7400	7400	1686	1686	1078	1078	9	9	160	160	13	13	1	1	1315	1315	2109	2109	33	33	81	81	4047	4047	6074	6074	922	922	1775	1775	62	62	47	47	965	965	1271	1271	492	492	753	753	6547	6547	12012	12012	17	17	77	77	4259	4259	2973	2973	623	623	520	520	6950	6950	6639	6639	37	37	36	36	2796	2796	7022	7022	12	12	115	115	116	116	64	64	6378	6378	5705	5705	11265	11265	4199	4199	1296	1296	279	279	4591	4591	13497	13497	196	196	202	202	69	69	84	84	7	7	5	5	589	589	1538	1538	70	70	96	96	250	250	98	98	1649	1649	1590	1590	267	267	1404	1404	10	10	33	33	10	10	17	17	143	143	411	411	110	110	65	65	9	9	136	136	817	817	1203	1203	1	1	23	23	599	599	604	604	40	40	109	109	7496	7496	11641	11641	44985	44985	55289	55289	4	4	1	1
IND00756	453	453	540	540	1439	1439	1742	1742	43	43	60	60	3826	3826	2657	2657	1847	1847	3630	3630	1006	1006	4057	4057	5719	5719	1506	1506	1868	1868	2389	2389	169	169	177	177	15	15	12	12	1870	1870	1303	1303	102	102	19	19	4399	4399	1059	1059	1373	1373	1368	1368	24	24	100	100	894	894	1069	1069	827	827	381	381	5080	5080	14215	14215	220	220	44	44	12515	12515	3052	3052	222	222	206	206	12199	12199	2766	2766	44	44	57	57	8061	8061	7476	7476	12	12	90	90	220	220	212	212	6961	6961	2234	2234	1032	1032	28209	28209	1691	1691	1234	1234	31914	31914	890	890	226	226	183	183	74	74	35	35	8	8	32	32	238	238	1126	1126	47	47	93	93	234	234	939	939	3981	3981	3660	3660	1436	1436	180	180	118	118	102	102	27	27	18	18	89	89	190	190	146	146	76	76	258	258	742	742	69	69	57	57	5	5	4	4	102	102	1429	1429	75	75	20	20	15012	15012	6641	6641	9741	9741	17725	17725	2	2	1	1
IND00757	536	536	350	350	383	383	1236	1236	20	20	31	31	1538	1538	2463	2463	1538	1538	517	517	3857	3857	2917	2917	1809	1809	6946	6946	1246	1246	2647	2647	97	97	44	44	16	16	7	7	1353	1353	1439	1439	11	11	40	40	1057	1057	3774	3774	421	421	1312	1312	14	14	23	23	714	714	1711	1711	413	413	798	798	20504	20504	23078	23078	193	193	120	120	9241	9241	589	589	72	72	664	664	5	5	8883	8883	28	28	5	5	3456	3456	614	614	75	75	106	106	218	218	29	29	1981	1981	7890	7890	19573	19573	18958	18958	671	671	1711	1711	28959	28959	2469	2469	75	75	138	138	39	39	51	51	53	53	23	23	1409	1409	1980	1980	122	122	115	115	738	738	793	793	2037	2037	8116	8116	648	648	596	596	51	51	79	79	29	29	56	56	73	73	47	47	143	143	61	61	354	354	752	752	1037	1037	1557	1557	31	31	17	17	176	176	1348	1348	6	6	119	119	13502	13502	10437	10437	52162	52162	62924	62924	1	1	4	4
IND00758	859	859	821	821	570	570	585	585	14	14	55	55	3752	3752	597	597	2090	2090	1310	1310	987	987	1370	1370	2016	2016	474	474	1659	1659	1342	1342	179	179	102	102	7	7	8	8	3192	3192	44	44	66	66	55	55	127	127	5666	5666	756	756	197	197	70	70	43	43	1363	1363	1582	1582	126	126	641	641	24046	24046	25091	25091	78	78	117	117	2307	2307	13877	13877	294	294	326	326	4578	4578	1337	1337	8	8	39	39	8161	8161	4423	4423	99	99	39	39	160	160	150	150	692	692	4355	4355	11037	11037	24431	24431	66	66	558	558	10939	10939	5912	5912	179	179	246	246	35	35	54	54	13	13	57	57	369	369	169	169	110	110	117	117	498	498	98	98	2478	2478	838	838	263	263	1927	1927	108	108	32	32	49	49	40	40	272	272	65	65	243	243	130	130	791	791	903	903	1126	1126	518	518	26	26	20	20	334	334	295	295	89	89	20	20	28216	28216	2559	2559	60784	60784	48821	48821	3	3	4	4
IND00759	285	285	446	446	889	889	767	767	1	1	2	2	2402	2402	1839	1839	2811	2811	3843	3843	2089	2089	2427	2427	5466	5466	1414	1414	939	939	1074	1074	163	163	148	148	14	14	2	2	244	244	3818	3818	73	73	36	36	1365	1365	17	17	1864	1864	1013	1013	19	19	67	67	1993	1993	306	306	44	44	575	575	11614	11614	26456	26456	102	102	212	212	14106	14106	5799	5799	842	842	555	555	3573	3573	10242	10242	8	8	40	40	4527	4527	7276	7276	80	80	1	1	15	15	200	200	3798	3798	3253	3253	5434	5434	17528	17528	1825	1825	861	861	4332	4332	30832	30832	58	58	158	158	91	91	64	64	10	10	52	52	1988	1988	284	284	83	83	61	61	938	938	555	555	1199	1199	6746	6746	1207	1207	1497	1497	69	69	61	61	7	7	23	23	398	398	87	87	42	42	200	200	455	455	386	386	952	952	761	761	29	29	22	22	121	121	622	622	35	35	115	115	19488	19488	17018	17018	7271	7271	42366	42366	4	4	1	1
IND00760	927	927	904	904	1295	1295	1453	1453	32	32	59	59	2361	2361	1903	1903	3937	3937	1111	1111	304	304	2016	2016	2976	2976	5969	5969	1110	1110	1856	1856	71	71	229	229	11	11	7	7	3094	3094	1798	1798	111	111	41	41	1880	1880	4726	4726	997	997	386	386	1	1	42	42	126	126	1285	1285	625	625	479	479	10592	10592	1382	1382	192	192	50	50	11917	11917	4112	4112	849	849	54	54	8878	8878	13563	13563	11	11	21	21	5608	5608	853	853	123	123	20	20	33	33	85	85	2797	2797	1282	1282	9810	9810	30604	30604	657	657	1119	1119	31656	31656	4412	4412	43	43	49	49	88	88	64	64	38	38	36	36	1710	1710	1419	1419	45	45	7	7	580	580	547	547	5800	5800	1940	1940	288	288	1219	1219	98	98	9	9	64	64	2	2	100	100	512	512	77	77	148	148	722	722	870	870	1509	1509	300	300	23	23	10	10	1787	1787	569	569	37	37	32	32	32197	32197	740	740	43259	43259	61092	61092	1	1	2	2
IND00761	514	514	205	205	1761	1761	1539	1539	40	40	55	55	3698	3698	240	240	3220	3220	2044	2044	2830	2830	3032	3032	6951	6951	5868	5868	528	528	371	371	71	71	140	140	3	3	12	12	1896	1896	2839	2839	12	12	85	85	5288	5288	7067	7067	603	603	199	199	73	73	59	59	987	987	662	662	603	603	737	737	28925	28925	16793	16793	11	11	243	243	13150	13150	527	527	274	274	438	438	14688	14688	11188	11188	31	31	36	36	4083	4083	887	887	52	52	94	94	137	137	59	59	1520	1520	1085	1085	10583	10583	6494	6494	569	569	272	272	14484	14484	20690	20690	35	35	34	34	81	81	13	13	8	8	64	64	165	165	135	135	59	59	116	116	860	860	921	921	6943	6943	5647	5647	1854	1854	1853	1853	15	15	21	21	24	24	31	31	299	299	233	233	236	236	172	172	932	932	429	429	428	428	79	79	7	7	14	14	1693	1693	1249	1249	85	85	63	63	16368	16368	22042	22042	22447	22447	36800	36800	3	3	1	1
IND00762	285	285	279	279	827	827	1499	1499	4	4	14	14	1985	1985	1772	1772	3664	3664	1569	1569	1137	1137	2261	2261	338	338	4516	4516	1309	1309	3915	3915	145	145	103	103	1	1	2	2	2596	2596	616	616	61	61	77	77	7333	7333	5279	5279	794	794	1270	1270	98	98	33	33	1406	1406	208	208	278	278	509	509	22291	22291	8435	8435	183	183	241	241	15088	15088	4777	4777	443	443	437	437	4494	4494	16114	16114	61	61	53	53	7654	7654	158	158	125	125	35	35	160	160	232	232	524	524	1311	1311	32232	32232	25977	25977	1144	1144	1675	1675	31029	31029	8717	8717	74	74	39	39	86	86	42	42	7	7	20	20	856	856	56	56	91	91	36	36	698	698	39	39	8155	8155	3759	3759	1553	1553	1128	1128	14	14	46	46	57	57	37	37	284	284	257	257	95	95	159	159	856	856	71	71	1120	1120	472	472	29	29	5	5	1415	1415	505	505	118	118	1	1	27585	27585	21668	21668	58524	58524	35035	35035	3	3	4	4
IND00763	182	182	963	963	168	168	1260	1260	54	54	1	1	1070	1070	1918	1918	2920	2920	3664	3664	283	283	3331	3331	7938	7938	1081	1081	1405	1405	2310	2310	239	239	1	1	14	14	7	7	3307	3307	2522	2522	77	77	16	16	2375	2375	5095	5095	1243	1243	598	598	11	11	70	70	1916	1916	158	158	579	579	55	55	6871	6871	16273	16273	91	91	26	26	2763	2763	6111	6111	498	498	633	633	1618	1618	12492	12492	52	52	47	47	1568	1568	977	977	114	114	103	103	249	249	237	237	7609	7609	5786	5786	18168	18168	8462	8462	1111	1111	824	824	31896	31896	6123	6123	253	253	166	166	67	67	104	104	4	4	52	52	339	339	1228	1228	28	28	96	96	293	293	166	166	7099	7099	2063	2063	1094	1094	759	759	9	9	100	100	64	64	44	44	121	121	119	119	184	184	84	84	736	736	281	281	1513	1513	509	509	17	17	27	27	1116	1116	386	386	13	13	36	36	21188	21188	27998	27998	21947	21947	21644	21644	1	1	1	1
IND00764	271	271	250	250	1920	1920	1690	1690	56	56	15	15	2677	2677	1950	1950	2604	2604	1713	1713	103	103	3167	3167	302	302	6858	6858	253	253	3065	3065	87	87	192	192	11	11	6	6	1249	1249	1012	1012	38	38	17	17	2474	2474	5667	5667	706	706	60	60	97	97	124	124	2007	2007	649	649	574	574	3	3	13036	13036	20702	20702	58	58	147	147	6116	6116	7369	7369	52	52	799	799	333	333	10872	10872	2	2	32	32	6661	6661	3381	3381	16	16	17	17	57	57	54	54	3525	3525	6274	6274	5733	5733	8923	8923	1916	1916	1853	1853	24488	24488	16647	16647	101	101	34	34	55	55	106	106	64	64	25	25	1407	1407	1726	1726	110	110	108	108	146	146	264	264	5107	5107	566	566	348	348	220	220	4	4	105	105	5	5	43	43	91	91	415	415	144	144	188	188	886	886	562	562	1269	1269	1802	1802	18	18	5	5	371	371	1809	1809	32	32	32	32	7400	7400	18537	18537	6239	6239	29420	29420	1	1	2	2
IND00765	442	442	154	154	1957	1957	127	127	46	46	13	13	1194	1194	3338	3338	1850	1850	3088	3088	3962	3962	1824	1824	1857	1857	1494	1494	2842	2842	3050	3050	132	132	50	50	3	3	6	6	2635	2635	2102	2102	83	83	112	112	3424	3424	2534	2534	1182	1182	1148	1148	85	85	2	2	1999	1999	241	241	332	332	144	144	8037	8037	21169	21169	109	109	121	121	11667	11667	15668	15668	475	475	399	399	4832	4832	15339	15339	38	38	59	59	6195	6195	7803	7803	67	67	121	121	118	118	223	223	7843	7843	6345	6345	13236	13236	16562	16562	2025	2025	1910	1910	6909	6909	22733	22733	252	252	109	109	53	53	36	36	4	4	1	1	1824	1824	501	501	82	82	17	17	729	729	147	147	2775	2775	7375	7375	1114	1114	2014	2014	7	7	82	82	26	26	55	55	475	475	440	440	98	98	157	157	897	897	313	313	594	594	1635	1635	21	21	18	18	1592	1592	2000	2000	85	85	123	123	6679	6679	4732	4732	65412	65412	56513	56513	2	2	1	1
IND00766	125	125	961	961	1941	1941	1643	1643	25	25	11	11	219	219	3099	3099	3142	3142	495	495	2315	2315	428	428	3461	3461	6849	6849	2620	2620	4022	4022	177	177	254	254	4	4	8	8	2841	2841	492	492	112	112	52	52	657	657	3611	3611	1135	1135	1094	1094	55	55	29	29	621	621	822	822	820	820	856	856	14392	14392	3860	3860	165	165	225	225	1437	1437	4760	4760	977	977	427	427	10071	10071	14018	14018	60	60	34	34	4300	4300	705	705	121	121	4	4	61	61	38	38	7391	7391	7401	7401	12380	12380	25017	25017	917	917	478	478	21797	21797	1898	1898	230	230	185	185	112	112	20	20	4	4	13	13	724	724	1325	1325	23	23	45	45	165	165	55	55	5491	5491	4641	4641	24	24	1436	1436	14	14	95	95	28	28	19	19	511	511	354	354	239	239	112	112	649	649	913	913	1873	1873	2037	2037	12	12	14	14	1983	1983	1625	1625	33	33	104	104	15149	15149	10957	10957	18022	18022	64416	64416	4	4	4	4
IND00767	875	875	948	948	1929	1929	448	448	39	39	1	1	3924	3924	3330	3330	2850	2850	2693	2693	2760	2760	2687	2687	2235	2235	1388	1388	51	51	1167	1167	92	92	16	16	1	1	3	3	572	572	2277	2277	76	76	117	117	3559	3559	2570	2570	489	489	311	311	14	14	31	31	838	838	1634	1634	44	44	228	228	21273	21273	17030	17030	180	180	222	222	13949	13949	8079	8079	746	746	228	228	14829	14829	15583	15583	14	14	59	59	16	16	7940	7940	91	91	80	80	229	229	46	46	3517	3517	3041	3041	28575	28575	9510	9510	1896	1896	928	928	2186	2186	11425	11425	3	3	224	224	79	79	34	34	4	4	2	2	714	714	576	576	36	36	35	35	342	342	924	924	4221	4221	3128	3128	367	367	1999	1999	41	41	33	33	13	13	24	24	346	346	7	7	134	134	73	73	404	404	355	355	73	73	1177	1177	32	32	20	20	772	772	277	277	32	32	104	104	26957	26957	30673	30673	54725	54725	18385	18385	4	4	4	4
IND00768	749	749	295	295	1889	1889	883	883	8	8	57	57	3532	3532	3886	3886	1416	1416	808	808	1810	1810	2543	2543	4541	4541	69	69	1471	1471	2009	2009	227	227	229	229	15	15	5	5	499	499	3453	3453	110	110	55	55	3998	3998	4874	4874	1692	1692	655	655	92	92	81	81	1772	1772	1868	1868	672	672	189	189	4982	4982	29360	29360	60	60	255	255	15535	15535	2247	2247	99	99	684	684	1222	1222	14931	14931	59	59	32	32	457	457	7243	7243	100	100	30	30	91	91	59	59	5714	5714	4905	4905	23119	23119	17843	17843	1357	1357	320	320	23753	23753	13738	13738	116	116	133	133	91	91	46	46	15	15	31	31	1360	1360	430	430	119	119	77	77	901	901	637	637	5498	5498	16	16	361	361	1950	1950	86	86	61	61	37	37	15	15	11	11	241	241	37	37	231	231	452	452	301	301	1863	1863	281	281	25	25	2	2	72	72	1346	1346	113	113	111	111	3422	3422	24105	24105	32697	32697	2560	2560	2	2	3	3
IND00769	929	929	548	548	1706	1706	1998	1998	58	58	20	20	303	303	2519	2519	2700	2700	2143	2143	2865	2865	3161	3161	6366	6366	1235	1235	3913	3913	1541	1541	152	152	60	60	16	16	1	1	1317	1317	1419	1419	5	5	112	112	1364	1364	7089	7089	198	198	1509	1509	127	127	37	37	1906	1906	1552	1552	62	62	604	604	9667	9667	29172	29172	199	199	149	149	8835	8835	14897	14897	432	432	603	603	556	556	2806	2806	53	53	17	17	654	654	6157	6157	14	14	11	11	160	160	189	189	3508	3508	6817	6817	29797	29797	7720	7720	827	827	1637	1637	3328	3328	16267	16267	151	151	170	170	77	77	11	11	48	48	36	36	58	58	436	436	59	59	19	19	79	79	688	688	7629	7629	1377	1377	365	365	1991	1991	113	113	87	87	12	12	34	34	196	196	257	257	187	187	50	50	330	330	83	83	4	4	200	200	1	1	3	3	1478	1478	1984	1984	87	87	14	14	5028	5028	20565	20565	26852	26852	55205	55205	2	2	4	4
IND00770	370	370	383	383	1038	1038	1990	1990	35	35	21	21	3452	3452	1832	1832	2198	2198	366	366	624	624	3883	3883	1646	1646	5717	5717	674	674	2702	2702	185	185	124	124	12	12	1	1	1567	1567	1564	1564	16	16	118	118	6321	6321	7737	7737	1183	1183	812	812	8	8	70	70	1204	1204	734	734	590	590	734	734	24396	24396	1105	1105	204	204	199	199	2607	2607	15822	15822	795	795	429	429	4515	4515	4303	4303	19	19	11	11	2813	2813	6514	6514	54	54	89	89	227	227	76	76	4296	4296	1612	1612	21739	21739	23384	23384	1347	1347	225	225	12759	12759	20632	20632	48	48	168	168	5	5	101	101	21	21	29	29	1930	1930	1097	1097	124	124	112	112	112	112	841	841	7185	7185	4881	4881	752	752	643	643	127	127	12	12	51	51	7	7	91	91	459	459	222	222	226	226	572	572	574	574	1537	1537	865	865	1	1	21	21	1478	1478	102	102	49	49	20	20	12991	12991	16893	16893	64585	64585	1529	1529	4	4	2	2
IND00771	543	543	897	897	1350	1350	523	523	34	34	8	8	4084	4084	3	3	3719	3719	2545	2545	3377	3377	3196	3196	7113	7113	5582	5582	1013	1013	2082	2082	44	44	204	204	4	4	7	7	816	816	1334	1334	32	32	3	3	7648	7648	1565	1565	337	337	1727	1727	26	26	44	44	240	240	1228	1228	281	281	58	58	16044	16044	31817	31817	216	216	19	19	9086	9086	11592	11592	571	571	267	267	180	180	11027	11027	11	11	6	6	230	230	1854	1854	124	124	125	125	251	251	100	100	531	531	6049	6049	351	351	2620	2620	232	232	153	153	28017	28017	9983	9983	88	88	166	166	8	8	71	71	62	62	35	35	251	251	1492	1492	67	67	77	77	41	41	947	947	5980	5980	7692	7692	1134	1134	723	723	29	29	65	65	58	58	26	26	193	193	70	70	247	247	64	64	569	569	944	944	1759	1759	740	740	32	32	18	18	1022	1022	946	946	93	93	110	110	6818	6818	4231	4231	24016	24016	2360	2360	4	4	2	2
IND00772	648	648	357	357	1566	1566	888	888	25	25	57	57	4080	4080	730	730	3145	3145	598	598	2628	2628	2743	2743	1602	1602	512	512	1242	1242	3895	3895	2	2	198	198	9	9	12	12	1671	1671	755	755	122	122	93	93	703	703	3455	3455	1356	1356	1150	1150	59	59	9	9	1682	1682	1608	1608	934	934	187	187	24040	24040	6503	6503	9	9	249	249	14857	14857	15766	15766	502	502	943	943	3753	3753	4898	4898	12	12	33	33	8029	8029	2952	2952	37	37	85	85	19	19	82	82	7326	7326	2431	2431	15385	15385	24049	24049	37	37	368	368	686	686	20998	20998	192	192	136	136	112	112	40	40	39	39	19	19	798	798	1462	1462	122	122	85	85	730	730	639	639	6455	6455	593	593	198	198	951	951	99	99	48	48	22	22	18	18	146	146	325	325	188	188	43	43	214	214	976	976	131	131	745	745	14	14	4	4	1350	1350	35	35	22	22	96	96	382	382	19330	19330	59416	59416	16534	16534	2	2	1	1
IND00773	581	581	673	673	1993	1993	2005	2005	9	9	52	52	139	139	1067	1067	1997	1997	911	911	3969	3969	641	641	3880	3880	7611	7611	2815	2815	3338	3338	178	178	253	253	7	7	2	2	871	871	1666	1666	98	98	109	109	389	389	3413	3413	611	611	1296	1296	92	92	91	91	587	587	1577	1577	432	432	573	573	24094	24094	9910	9910	252	252	176	176	4187	4187	4991	4991	545	545	440	440	11443	11443	11625	11625	42	42	6	6	1131	1131	4430	4430	52	52	82	82	113	113	94	94	3235	3235	1165	1165	21764	21764	26479	26479	251	251	420	420	18125	18125	32612	32612	125	125	240	240	27	27	65	65	10	10	42	42	604	604	811	811	96	96	12	12	522	522	439	439	3881	3881	1741	1741	724	724	1033	1033	17	17	32	32	21	21	3	3	113	113	454	454	91	91	26	26	260	260	267	267	1538	1538	1924	1924	21	21	12	12	1041	1041	588	588	36	36	112	112	21006	21006	24959	24959	53832	53832	57	57	1	1	2	2
IND00774	460	460	595	595	1414	1414	1473	1473	25	25	50	50	1168	1168	3994	3994	1173	1173	632	632	1246	1246	4055	4055	2917	2917	6668	6668	581	581	4057	4057	55	55	227	227	13	13	15	15	87	87	869	869	121	121	111	111	572	572	2595	2595	1944	1944	256	256	120	120	102	102	692	692	1605	1605	693	693	933	933	6817	6817	29402	29402	133	133	47	47	15388	15388	10261	10261	504	504	1008	1008	1720	1720	16144	16144	64	64	23	23	313	313	2959	2959	86	86	103	103	165	165	190	190	2840	2840	6801	6801	1303	1303	27050	27050	1175	1175	1426	1426	18322	18322	3558	3558	178	178	220	220	58	58	45	45	60	60	54	54	687	687	362	362	117	117	63	63	758	758	420	420	3764	3764	7316	7316	622	622	1037	1037	83	83	108	108	22	22	7	7	375	375	451	451	137	137	157	157	195	195	335	335	291	291	1865	1865	20	20	4	4	1337	1337	1318	1318	71	71	71	71	26579	26579	23799	23799	20300	20300	43158	43158	3	3	4	4
IND00775	102	102	796	796	2035	2035	1346	1346	6	6	45	45	3294	3294	237	237	700	700	1471	1471	3886	3886	3173	3173	5941	5941	6760	6760	3500	3500	982	982	5	5	111	111	2	2	7	7	3286	3286	1873	1873	46	46	115	115	7028	7028	2454	2454	1685	1685	1286	1286	120	120	123	123	1603	1603	1402	1402	460	460	659	659	18969	18969	32576	32576	61	61	156	156	8038	8038	10636	10636	633	633	959	959	8359	8359	14238	14238	36	36	43	43	2129	2129	1854	1854	109	109	71	71	58	58	61	61	80	80	2777	2777	31104	31104	7937	7937	327	327	955	955	27295	27295	11207	11207	107	107	61	61	23	23	111	111	14	14	26	26	1660	1660	757	757	86	86	68	68	63	63	140	140	3600	3600	96	96	961	961	569	569	111	111	105	105	44	44	60	60	395	395	161	161	120	120	149	149	562	562	754	754	235	235	961	961	9	9	24	24	1542	1542	706	706	115	115	73	73	2741	2741	7757	7757	46468	46468	33224	33224	1	1	4	4
IND00776	923	923	139	139	965	965	162	162	29	29	51	51	743	743	954	954	1641	1641	219	219	2846	2846	1046	1046	37	37	3803	3803	3840	3840	832	832	18	18	197	197	5	5	13	13	771	771	1421	1421	35	35	118	118	2566	2566	1868	1868	914	914	1370	1370	43	43	16	16	1247	1247	1974	1974	925	925	861	861	5534	5534	3955	3955	131	131	8	8	8525	8525	5404	5404	376	376	412	412	8448	8448	10831	10831	34	34	10	10	46	46	509	509	7	7	29	29	11	11	214	214	5613	5613	2842	2842	31626	31626	19774	19774	514	514	406	406	25375	25375	14941	14941	103	103	241	241	64	64	126	126	47	47	22	22	1441	1441	738	738	7	7	59	59	915	915	769	769	3231	3231	5555	5555	1019	1019	449	449	65	65	15	15	48	48	17	17	342	342	341	341	196	196	204	204	23	23	740	740	2004	2004	4	4	24	24	11	11	2015	2015	1089	1089	99	99	125	125	17560	17560	2733	2733	42458	42458	3448	3448	3	3	4	4
IND00777	374	374	896	896	1012	1012	175	175	40	40	27	27	1247	1247	2127	2127	4044	4044	2529	2529	3780	3780	101	101	4810	4810	390	390	1628	1628	3393	3393	151	151	104	104	2	2	9	9	3793	3793	2408	2408	55	55	10	10	3489	3489	2273	2273	267	267	848	848	104	104	107	107	1395	1395	654	654	638	638	395	395	11441	11441	5803	5803	157	157	22	22	14160	14160	14210	14210	524	524	460	460	1671	1671	7449	7449	37	37	15	15	3685	3685	5213	5213	96	96	55	55	104	104	236	236	1847	1847	2628	2628	14256	14256	7872	7872	1076	1076	1117	1117	20217	20217	5815	5815	145	145	17	17	67	67	26	26	20	20	63	63	354	354	1277	1277	28	28	32	32	229	229	90	90	5864	5864	2201	2201	464	464	1323	1323	107	107	67	67	58	58	25	25	379	379	303	303	90	90	47	47	808	808	755	755	1010	1010	1597	1597	6	6	23	23	203	203	1364	1364	97	97	109	109	7595	7595	8461	8461	43317	43317	48029	48029	3	3	1	1
IND00778	778	778	53	53	896	896	2031	2031	10	10	23	23	3832	3832	2962	2962	773	773	254	254	2147	2147	690	690	2267	2267	1162	1162	3159	3159	922	922	188	188	168	168	14	14	8	8	3757	3757	3260	3260	102	102	71	71	3853	3853	246	246	795	795	1969	1969	122	122	95	95	1844	1844	1357	1357	200	200	775	775	20821	20821	2496	2496	248	248	213	213	10586	10586	5781	5781	908	908	49	49	4195	4195	1693	1693	16	16	2	2	3265	3265	4091	4091	117	117	27	27	5	5	212	212	3468	3468	4524	4524	16210	16210	26183	26183	1688	1688	687	687	16245	16245	1318	1318	103	103	152	152	66	66	62	62	16	16	54	54	1075	1075	944	944	110	110	114	114	233	233	959	959	6082	6082	6628	6628	450	450	1034	1034	45	45	35	35	6	6	47	47	440	440	152	152	40	40	250	250	1004	1004	377	377	380	380	871	871	17	17	9	9	1788	1788	771	771	80	80	18	18	4409	4409	7469	7469	4316	4316	26708	26708	3	3	3	3
IND00779	627	627	549	549	243	243	2019	2019	13	13	24	24	3123	3123	703	703	3605	3605	3358	3358	1583	1583	1989	1989	7070	7070	5755	5755	2217	2217	3202	3202	119	119	10	10	2	2	6	6	3241	3241	1358	1358	35	35	109	109	1800	1800	2177	2177	1567	1567	1975	1975	44	44	15	15	1660	1660	2033	2033	274	274	930	930	14395	14395	31152	31152	220	220	191	191	5205	5205	156	156	546	546	991	991	12677	12677	7539	7539	44	44	64	64	1169	1169	5065	5065	83	83	107	107	77	77	93	93	489	489	1387	1387	21686	21686	19993	19993	219	219	495	495	4920	4920	7889	7889	160	160	111	111	35	35	61	61	13	13	58	58	1252	1252	906	906	68	68	71	71	794	794	883	883	678	678	362	362	794	794	1060	1060	15	15	64	64	30	30	10	10	254	254	138	138	105	105	37	37	125	125	285	285	268	268	1769	1769	15	15	3	3	1847	1847	1119	1119	55	55	70	70	30321	30321	19002	19002	6330	6330	58706	58706	1	1	4	4
IND00780	464	464	703	703	502	502	1153	1153	1	1	27	27	895	895	2456	2456	973	973	3350	3350	113	113	45	45	2416	2416	8190	8190	1581	1581	3600	3600	127	127	102	102	15	15	4	4	881	881	662	662	68	68	118	118	6924	6924	1220	1220	69	69	68	68	60	60	66	66	1527	1527	102	102	628	628	958	958	2149	2149	15910	15910	165	165	35	35	11926	11926	6086	6086	685	685	104	104	13569	13569	6618	6618	27	27	38	38	5616	5616	1906	1906	30	30	108	108	202	202	107	107	6185	6185	2710	2710	7560	7560	6967	6967	1620	1620	1704	1704	24000	24000	16873	16873	232	232	219	219	78	78	12	12	17	17	43	43	740	740	730	730	49	49	115	115	876	876	428	428	6603	6603	3934	3934	365	365	341	341	68	68	72	72	1	1	20	20	109	109	491	491	154	154	256	256	446	446	825	825	386	386	428	428	10	10	10	10	1343	1343	1737	1737	6	6	111	111	9588	9588	8526	8526	33477	33477	42392	42392	2	2	4	4
IND00781	945	945	681	681	130	130	1856	1856	49	49	42	42	2439	2439	2276	2276	1310	1310	561	561	875	875	1949	1949	3625	3625	5756	5756	320	320	1207	1207	88	88	89	89	10	10	9	9	3014	3014	1253	1253	2	2	13	13	1830	1830	7379	7379	1683	1683	160	160	48	48	82	82	1326	1326	410	410	318	318	580	580	23026	23026	14629	14629	72	72	48	48	13868	13868	12203	12203	426	426	1005	1005	3962	3962	13501	13501	1	1	36	36	80	80	6744	6744	43	43	116	116	60	60	182	182	5879	5879	924	924	12230	12230	29263	29263	1545	1545	1839	1839	7585	7585	1291	1291	121	121	196	196	47	47	100	100	19	19	5	5	423	423	476	476	53	53	86	86	968	968	471	471	3874	3874	191	191	1510	1510	764	764	8	8	70	70	15	15	21	21	257	257	76	76	24	24	19	19	243	243	345	345	1894	1894	813	813	18	18	21	21	884	884	2046	2046	112	112	102	102	24844	24844	23299	23299	28923	28923	44363	44363	3	3	3	3
IND00782	137	137	315	315	265	265	744	744	47	47	12	12	3260	3260	1391	1391	3768	3768	3298	3298	2268	2268	3420	3420	7047	7047	748	748	2805	2805	4081	4081	59	59	240	240	9	9	2	2	911	911	2404	2404	39	39	91	91	911	911	6531	6531	1129	1129	152	152	82	82	91	91	1366	1366	398	398	542	542	273	273	14858	14858	23725	23725	230	230	109	109	8462	8462	6267	6267	128	128	552	552	13889	13889	2787	2787	23	23	25	25	6417	6417	2558	2558	42	42	73	73	8	8	65	65	648	648	7854	7854	29828	29828	1755	1755	1708	1708	134	134	30783	30783	9283	9283	34	34	219	219	95	95	52	52	34	34	27	27	1527	1527	1636	1636	32	32	59	59	931	931	271	271	1509	1509	1021	1021	1165	1165	110	110	78	78	88	88	26	26	49	49	436	436	468	468	151	151	186	186	820	820	175	175	1093	1093	1065	1065	28	28	10	10	1968	1968	440	440	67	67	29	29	10180	10180	25410	25410	26414	26414	24677	24677	1	1	3	3
IND00783	441	441	430	430	1014	1014	1759	1759	21	21	28	28	1257	1257	393	393	3522	3522	4083	4083	3057	3057	682	682	7430	7430	5551	5551	4046	4046	3456	3456	67	67	144	144	1	1	15	15	176	176	1028	1028	95	95	111	111	7480	7480	6272	6272	1348	1348	927	927	118	118	15	15	1720	1720	1172	1172	234	234	466	466	24326	24326	4511	4511	79	79	149	149	3309	3309	4884	4884	491	491	348	348	2870	2870	4021	4021	55	55	56	56	6055	6055	2529	2529	106	106	5	5	53	53	44	44	3072	3072	7759	7759	6403	6403	22800	22800	1572	1572	777	777	1453	1453	2056	2056	75	75	46	46	2	2	92	92	52	52	53	53	1993	1993	1817	1817	57	57	39	39	904	904	1008	1008	550	550	1664	1664	1100	1100	107	107	95	95	95	95	46	46	22	22	291	291	46	46	141	141	168	168	852	852	741	741	464	464	1444	1444	19	19	13	13	498	498	1879	1879	75	75	82	82	27156	27156	7900	7900	33719	33719	296	296	4	4	2	2
IND00784	310	310	700	700	1861	1861	1356	1356	39	39	6	6	3808	3808	2658	2658	2911	2911	2307	2307	1480	1480	619	619	1538	1538	2455	2455	1549	1549	2504	2504	172	172	221	221	4	4	11	11	124	124	1951	1951	13	13	98	98	7403	7403	2231	2231	1098	1098	876	876	100	100	83	83	965	965	684	684	473	473	336	336	25498	25498	26367	26367	229	229	247	247	14689	14689	13623	13623	675	675	738	738	1110	1110	16335	16335	63	63	43	43	63	63	7521	7521	98	98	113	113	223	223	10	10	4565	4565	2137	2137	25952	25952	7316	7316	1778	1778	123	123	20714	20714	3174	3174	55	55	61	61	38	38	60	60	51	51	47	47	1344	1344	1698	1698	16	16	11	11	571	571	610	610	1563	1563	1394	1394	800	800	862	862	73	73	65	65	33	33	1	1	285	285	309	309	104	104	86	86	859	859	416	416	947	947	1291	1291	12	12	15	15	975	975	68	68	59	59	6	6	8923	8923	28600	28600	44421	44421	6666	6666	3	3	3	3
IND00785	687	687	1020	1020	1295	1295	789	789	4	4	12	12	104	104	1645	1645	585	585	2956	2956	375	375	1329	1329	563	563	7866	7866	1561	1561	4024	4024	136	136	114	114	4	4	13	13	478	478	681	681	64	64	65	65	5733	5733	2585	2585	1441	1441	1292	1292	48	48	32	32	1873	1873	479	479	256	256	248	248	32330	32330	810	810	26	26	40	40	10673	10673	11905	11905	980	980	104	104	10200	10200	8356	8356	29	29	53	53	425	425	5721	5721	59	59	90	90	127	127	89	89	1350	1350	5927	5927	12195	12195	19336	19336	1400	1400	1032	1032	656	656	16684	16684	22	22	256	256	119	119	92	92	26	26	10	10	1510	1510	443	443	16	16	9	9	382	382	126	126	7485	7485	3908	3908	1506	1506	1172	1172	85	85	114	114	44	44	3	3	484	484	21	21	73	73	103	103	159	159	834	834	498	498	1089	1089	1	1	3	3	253	253	422	422	110	110	126	126	1242	1242	23559	23559	595	595	26995	26995	2	2	1	1
IND00786	147	147	125	125	230	230	445	445	58	58	40	40	3821	3821	103	103	301	301	3139	3139	1276	1276	3242	3242	741	741	1522	1522	3361	3361	2553	2553	243	243	146	146	5	5	11	11	1419	1419	2275	2275	124	124	96	96	3710	3710	4848	4848	134	134	486	486	1	1	125	125	129	129	1464	1464	731	731	242	242	20733	20733	9358	9358	234	234	25	25	15579	15579	15073	15073	953	953	725	725	9653	9653	5975	5975	15	15	49	49	3749	3749	3410	3410	121	121	52	52	48	48	58	58	8142	8142	7615	7615	1663	1663	26287	26287	1289	1289	930	930	14801	14801	19169	19169	43	43	175	175	48	48	95	95	2	2	63	63	186	186	945	945	29	29	91	91	29	29	122	122	2540	2540	1530	1530	870	870	157	157	39	39	118	118	45	45	54	54	57	57	56	56	6	6	218	218	1015	1015	884	884	1155	1155	988	988	23	23	27	27	1192	1192	565	565	115	115	3	3	5138	5138	18585	18585	60417	60417	2251	2251	1	1	1	1
IND00787	648	648	42	42	1311	1311	1434	1434	6	6	54	54	196	196	2485	2485	576	576	3119	3119	3149	3149	1079	1079	1210	1210	1542	1542	3231	3231	3230	3230	58	58	246	246	13	13	10	10	365	365	211	211	107	107	53	53	3628	3628	4671	4671	1154	1154	2036	2036	74	74	56	56	1758	1758	391	391	197	197	344	344	7085	7085	22373	22373	158	158	194	194	15019	15019	2921	2921	621	621	793	793	8036	8036	8386	8386	55	55	46	46	1724	1724	5226	5226	88	88	10	10	81	81	238	238	5142	5142	5086	5086	25021	25021	20536	20536	232	232	678	678	31939	31939	18154	18154	103	103	52	52	120	120	17	17	62	62	18	18	1109	1109	383	383	19	19	36	36	131	131	156	156	3676	3676	166	166	115	115	1591	1591	76	76	109	109	31	31	55	55	382	382	427	427	250	250	253	253	749	749	907	907	1026	1026	159	159	27	27	16	16	614	614	1255	1255	18	18	127	127	28630	28630	24368	24368	3401	3401	62308	62308	1	1	1	1
IND00788	772	772	1002	1002	1693	1693	1657	1657	1	1	13	13	2118	2118	1061	1061	1553	1553	408	408	2904	2904	1998	1998	4485	4485	2615	2615	3732	3732	277	277	212	212	246	246	2	2	9	9	2942	2942	4011	4011	71	71	77	77	4099	4099	5916	5916	370	370	15	15	6	6	74	74	983	983	1509	1509	951	951	323	323	2266	2266	20341	20341	131	131	195	195	12037	12037	8487	8487	349	349	533	533	13793	13793	13588	13588	19	19	54	54	880	880	1213	1213	6	6	113	113	61	61	36	36	6988	6988	2518	2518	8261	8261	2315	2315	1349	1349	1609	1609	10731	10731	30456	30456	220	220	208	208	43	43	16	16	14	14	3	3	1579	1579	1789	1789	50	50	81	81	805	805	712	712	4556	4556	5602	5602	605	605	1524	1524	103	103	123	123	32	32	41	41	449	449	472	472	9	9	84	84	362	362	236	236	908	908	541	541	14	14	9	9	505	505	476	476	57	57	58	58	13088	13088	1291	1291	11064	11064	23115	23115	4	4	2	2
IND00789	842	842	278	278	686	686	1737	1737	27	27	21	21	2131	2131	2571	2571	104	104	1018	1018	1672	1672	1908	1908	6908	6908	7471	7471	1602	1602	1591	1591	69	69	150	150	5	5	13	13	1591	1591	3735	3735	32	32	22	22	8149	8149	5878	5878	1307	1307	446	446	67	67	47	47	1073	1073	928	928	600	600	137	137	18399	18399	9735	9735	177	177	7	7	14507	14507	5562	5562	444	444	547	547	11650	11650	9287	9287	56	56	36	36	4013	4013	4855	4855	24	24	124	124	79	79	106	106	6347	6347	126	126	4841	4841	4076	4076	1407	1407	140	140	28394	28394	4516	4516	218	218	150	150	44	44	65	65	4	4	53	53	740	740	321	321	83	83	78	78	925	925	307	307	2296	2296	2502	2502	740	740	1485	1485	29	29	27	27	59	59	36	36	440	440	191	191	151	151	19	19	10	10	527	527	926	926	847	847	5	5	11	11	1299	1299	664	664	100	100	8	8	7839	7839	32185	32185	48141	48141	39233	39233	2	2	1	1
IND00790	527	527	863	863	998	998	1990	1990	36	36	41	41	200	200	3208	3208	3035	3035	2825	2825	2960	2960	834	834	6132	6132	649	649	3705	3705	1055	1055	128	128	76	76	8	8	16	16	833	833	2557	2557	78	78	62	62	6722	6722	6734	6734	1074	1074	1270	1270	52	52	3	3	1888	1888	1469	1469	495	495	653	653	23874	23874	26748	26748	82	82	38	38	6030	6030	14049	14049	606	606	481	481	14935	14935	1541	1541	35	35	24	24	7230	7230	609	609	105	105	91	91	13	13	8	8	584	584	7446	7446	22443	22443	14807	14807	1576	1576	1294	1294	21346	21346	7558	7558	68	68	189	189	43	43	78	78	3	3	44	44	1390	1390	1759	1759	23	23	83	83	234	234	488	488	1810	1810	6046	6046	2016	2016	1437	1437	80	80	102	102	22	22	30	30	150	150	124	124	20	20	228	228	420	420	76	76	1766	1766	224	224	29	29	8	8	996	996	2042	2042	78	78	50	50	31468	31468	25891	25891	14461	14461	54394	54394	4	4	3	3
IND00791	826	826	405	405	1985	1985	401	401	56	56	57	57	3850	3850	2720	2720	539	539	1350	1350	2867	2867	490	490	6265	6265	4587	4587	2249	2249	1696	1696	113	113	221	221	9	9	8	8	3288	3288	1466	1466	124	124	112	112	965	965	604	604	1141	1141	1238	1238	61	61	7	7	1975	1975	979	979	17	17	870	870	9974	9974	22301	22301	176	176	68	68	889	889	2347	2347	987	987	349	349	8233	8233	8402	8402	42	42	25	25	5300	5300	2367	2367	95	95	6	6	220	220	154	154	5134	5134	4018	4018	21526	21526	28028	28028	370	370	743	743	30225	30225	30308	30308	133	133	91	91	87	87	86	86	59	59	9	9	1658	1658	1499	1499	11	11	1	1	988	988	890	890	4879	4879	4284	4284	289	289	533	533	112	112	53	53	64	64	16	16	75	75	162	162	68	68	83	83	363	363	617	617	1399	1399	446	446	25	25	9	9	1837	1837	1449	1449	26	26	117	117	27416	27416	16164	16164	44633	44633	51283	51283	1	1	2	2
IND00792	33	33	456	456	626	626	1467	1467	47	47	39	39	3125	3125	2348	2348	3921	3921	2476	2476	1411	1411	1548	1548	6138	6138	6257	6257	851	851	1913	1913	60	60	146	146	16	16	16	16	2824	2824	323	323	105	105	43	43	6117	6117	6624	6624	303	303	759	759	61	61	94	94	933	933	176	176	816	816	823	823	25589	25589	3060	3060	185	185	32	32	8402	8402	8185	8185	988	988	681	681	4538	4538	5573	5573	54	54	43	43	1236	1236	2254	2254	24	24	121	121	103	103	245	245	5107	5107	4983	4983	27538	27538	22844	22844	427	427	1081	1081	2591	2591	4555	4555	66	66	28	28	125	125	94	94	4	4	50	50	1346	1346	1542	1542	103	103	12	12	989	989	906	906	1514	1514	7710	7710	1749	1749	827	827	17	17	98	98	22	22	61	61	126	126	426	426	139	139	131	131	161	161	75	75	853	853	1927	1927	1	1	15	15	1804	1804	1071	1071	8	8	91	91	26437	26437	30819	30819	6534	6534	28403	28403	1	1	1	1
IND00793	317	317	846	846	315	315	738	738	16	16	34	34	3247	3247	3101	3101	2836	2836	385	385	3660	3660	159	159	819	819	5888	5888	1100	1100	2643	2643	213	213	33	33	16	16	14	14	1445	1445	402	402	112	112	98	98	6588	6588	5782	5782	936	936	1797	1797	34	34	77	77	298	298	922	922	583	583	904	904	14285	14285	2124	2124	26	26	181	181	3224	3224	12938	12938	600	600	334	334	4893	4893	696	696	28	28	8	8	4968	4968	4994	4994	6	6	31	31	1	1	40	40	6602	6602	329	329	16518	16518	7000	7000	678	678	366	366	10790	10790	22884	22884	43	43	20	20	112	112	107	107	57	57	32	32	607	607	20	20	81	81	65	65	984	984	113	113	971	971	105	105	463	463	641	641	63	63	124	124	2	2	53	53	185	185	30	30	144	144	36	36	29	29	981	981	1460	1460	1899	1899	18	18	22	22	1861	1861	1639	1639	58	58	90	90	10917	10917	21020	21020	1516	1516	41129	41129	2	2	3	3
IND00794	330	330	256	256	643	643	214	214	63	63	34	34	1569	1569	2517	2517	1464	1464	2764	2764	2132	2132	1873	1873	2065	2065	2208	2208	4042	4042	1060	1060	2	2	233	233	5	5	2	2	1517	1517	3901	3901	72	72	102	102	2020	2020	7226	7226	451	451	242	242	3	3	34	34	44	44	1278	1278	716	716	647	647	17065	17065	315	315	56	56	29	29	2217	2217	7213	7213	570	570	514	514	3162	3162	14643	14643	11	11	64	64	7428	7428	2490	2490	52	52	80	80	182	182	159	159	3270	3270	796	796	12504	12504	9118	9118	453	453	694	694	24494	24494	15271	15271	214	214	248	248	28	28	125	125	34	34	29	29	95	95	511	511	80	80	69	69	972	972	204	204	4629	4629	6014	6014	413	413	41	41	13	13	105	105	13	13	46	46	448	448	409	409	238	238	203	203	976	976	67	67	1484	1484	1949	1949	19	19	21	21	725	725	923	923	93	93	85	85	3075	3075	26959	26959	21924	21924	10562	10562	4	4	3	3
IND00795	905	905	140	140	1913	1913	548	548	6	6	39	39	3611	3611	3117	3117	2772	2772	2592	2592	2696	2696	2726	2726	4217	4217	7087	7087	382	382	3181	3181	23	23	212	212	3	3	14	14	3527	3527	2494	2494	87	87	44	44	6095	6095	7610	7610	101	101	1922	1922	95	95	79	79	1158	1158	1130	1130	839	839	650	650	2880	2880	20861	20861	135	135	27	27	3131	3131	5790	5790	744	744	934	934	14462	14462	4370	4370	15	15	53	53	5711	5711	4392	4392	103	103	55	55	17	17	39	39	3982	3982	5679	5679	1855	1855	31808	31808	2007	2007	1502	1502	13966	13966	7252	7252	106	106	99	99	112	112	17	17	27	27	46	46	985	985	1542	1542	46	46	23	23	964	964	384	384	7448	7448	7953	7953	1883	1883	1377	1377	55	55	119	119	56	56	63	63	372	372	410	410	71	71	143	143	23	23	941	941	1606	1606	864	864	6	6	10	10	1943	1943	1476	1476	101	101	6	6	11087	11087	27607	27607	64737	64737	46622	46622	1	1	2	2
IND00796	266	266	763	763	1268	1268	888	888	24	24	55	55	2073	2073	3034	3034	2610	2610	2021	2021	3261	3261	2452	2452	4715	4715	6008	6008	4010	4010	3149	3149	98	98	215	215	4	4	6	6	649	649	1097	1097	92	92	77	77	3487	3487	5992	5992	1861	1861	257	257	89	89	49	49	1996	1996	182	182	96	96	42	42	30357	30357	18802	18802	222	222	253	253	5085	5085	3577	3577	121	121	785	785	6412	6412	14077	14077	55	55	43	43	1191	1191	4662	4662	64	64	100	100	189	189	73	73	4010	4010	543	543	24532	24532	3165	3165	1774	1774	1303	1303	5236	5236	23383	23383	247	247	3	3	72	72	47	47	20	20	42	42	1256	1256	1360	1360	113	113	49	49	759	759	301	301	5670	5670	6602	6602	598	598	1510	1510	104	104	127	127	46	46	30	30	312	312	369	369	70	70	3	3	772	772	912	912	1179	1179	341	341	11	11	24	24	20	20	1147	1147	41	41	23	23	21866	21866	30180	30180	41818	41818	31851	31851	2	2	4	4
IND00797	655	655	679	679	1405	1405	412	412	18	18	5	5	2133	2133	2427	2427	53	53	1797	1797	226	226	1395	1395	5185	5185	5210	5210	3760	3760	1328	1328	247	247	177	177	2	2	14	14	2049	2049	3222	3222	61	61	19	19	1584	1584	6382	6382	765	765	143	143	49	49	8	8	1986	1986	1223	1223	551	551	120	120	24005	24005	21303	21303	236	236	76	76	15917	15917	589	589	698	698	194	194	9105	9105	14055	14055	49	49	24	24	5577	5577	1998	1998	82	82	83	83	110	110	137	137	4058	4058	3342	3342	30617	30617	31564	31564	1245	1245	1359	1359	28963	28963	3699	3699	113	113	254	254	9	9	60	60	21	21	46	46	700	700	1421	1421	77	77	58	58	204	204	731	731	3903	3903	6950	6950	923	923	1356	1356	5	5	118	118	42	42	15	15	224	224	22	22	26	26	167	167	812	812	892	892	191	191	1269	1269	20	20	25	25	153	153	443	443	33	33	33	33	10941	10941	21364	21364	39951	39951	57881	57881	1	1	1	1
IND00798	123	123	344	344	844	844	416	416	45	45	4	4	1338	1338	1941	1941	2989	2989	2403	2403	3568	3568	1315	1315	3668	3668	1246	1246	2409	2409	1328	1328	12	12	166	166	5	5	8	8	3908	3908	1003	1003	96	96	29	29	1210	1210	1156	1156	1909	1909	1199	1199	29	29	6	6	1078	1078	584	584	131	131	815	815	13815	13815	8966	8966	159	159	173	173	8707	8707	12919	12919	479	479	287	287	4713	4713	13409	13409	62	62	14	14	7974	7974	2666	2666	119	119	10	10	188	188	168	168	460	460	6409	6409	4336	4336	793	793	1939	1939	1133	1133	24867	24867	9742	9742	53	53	8	8	5	5	66	66	8	8	43	43	1663	1663	881	881	50	50	66	66	635	635	350	350	7131	7131	4428	4428	1221	1221	906	906	40	40	94	94	24	24	6	6	173	173	202	202	167	167	118	118	342	342	221	221	322	322	1355	1355	7	7	21	21	1384	1384	1164	1164	80	80	6	6	7310	7310	24901	24901	65372	65372	50130	50130	3	3	2	2
IND00799	125	125	928	928	1664	1664	473	473	13	13	22	22	528	528	642	642	539	539	3212	3212	599	599	3950	3950	4367	4367	5503	5503	595	595	2158	2158	130	130	176	176	9	9	6	6	3541	3541	1249	1249	10	10	84	84	7533	7533	507	507	960	960	1856	1856	29	29	39	39	2038	2038	1016	1016	961	961	281	281	14019	14019	3974	3974	200	200	67	67	5898	5898	6996	6996	839	839	438	438	10895	10895	3656	3656	27	27	44	44	3865	3865	2415	2415	104	104	42	42	168	168	87	87	2207	2207	4567	4567	28853	28853	230	230	1367	1367	1117	1117	6880	6880	30259	30259	82	82	215	215	103	103	49	49	30	30	55	55	637	637	1047	1047	110	110	128	128	210	210	899	899	2271	2271	5047	5047	59	59	1431	1431	45	45	17	17	63	63	37	37	257	257	440	440	210	210	38	38	547	547	213	213	622	622	433	433	19	19	25	25	2039	2039	733	733	15	15	103	103	29599	29599	6994	6994	1707	1707	16711	16711	4	4	1	1
IND00800	864	864	1009	1009	820	820	365	365	52	52	44	44	1935	1935	2968	2968	2122	2122	3123	3123	1032	1032	175	175	4242	4242	1140	1140	1970	1970	1419	1419	43	43	211	211	9	9	6	6	1493	1493	1066	1066	128	128	56	56	844	844	3720	3720	2027	2027	990	990	115	115	60	60	273	273	1909	1909	968	968	981	981	9633	9633	30141	30141	102	102	94	94	6929	6929	15262	15262	558	558	754	754	13896	13896	10444	10444	31	31	13	13	6429	6429	897	897	24	24	106	106	132	132	161	161	1158	1158	7328	7328	10127	10127	4871	4871	1768	1768	377	377	7325	7325	3413	3413	31	31	217	217	84	84	12	12	50	50	59	59	1030	1030	451	451	98	98	78	78	293	293	19	19	498	498	1235	1235	1088	1088	752	752	118	118	59	59	3	3	63	63	419	419	311	311	198	198	73	73	697	697	89	89	518	518	1750	1750	20	20	15	15	1110	1110	583	583	32	32	30	30	14931	14931	16257	16257	64204	64204	40716	40716	3	3	2	2
IND00801	278	278	641	641	449	449	415	415	25	25	5	5	4086	4086	2564	2564	616	616	977	977	588	588	3740	3740	6084	6084	2541	2541	3187	3187	1706	1706	73	73	61	61	16	16	3	3	1361	1361	1105	1105	80	80	37	37	7295	7295	3863	3863	1839	1839	1880	1880	13	13	81	81	1026	1026	697	697	652	652	351	351	20379	20379	32525	32525	233	233	193	193	1968	1968	14366	14366	564	564	415	415	4039	4039	7863	7863	59	59	38	38	3955	3955	3315	3315	29	29	60	60	187	187	119	119	1040	1040	3575	3575	23662	23662	26507	26507	729	729	1739	1739	4929	4929	30420	30420	227	227	138	138	2	2	58	58	59	59	22	22	681	681	865	865	112	112	64	64	67	67	444	444	5320	5320	1219	1219	309	309	1226	1226	56	56	108	108	48	48	60	60	56	56	106	106	5	5	9	9	948	948	945	945	1683	1683	2	2	29	29	30	30	500	500	197	197	41	41	82	82	17199	17199	1277	1277	55128	55128	23266	23266	4	4	1	1
IND00802	714	714	497	497	1560	1560	1088	1088	13	13	16	16	556	556	3811	3811	2586	2586	2949	2949	698	698	2092	2092	149	149	4879	4879	28	28	124	124	122	122	248	248	4	4	1	1	2904	2904	3671	3671	2	2	113	113	3908	3908	2947	2947	1143	1143	1098	1098	46	46	109	109	1222	1222	611	611	568	568	1010	1010	8962	8962	15844	15844	208	208	217	217	11364	11364	1089	1089	361	361	122	122	6530	6530	8769	8769	42	42	38	38	4078	4078	1233	1233	69	69	128	128	122	122	175	175	6013	6013	6636	6636	4508	4508	10217	10217	272	272	432	432	332	332	25566	25566	36	36	33	33	74	74	33	33	64	64	59	59	768	768	238	238	51	51	62	62	194	194	454	454	7219	7219	7774	7774	902	902	1485	1485	83	83	107	107	49	49	26	26	352	352	107	107	58	58	120	120	738	738	766	766	1010	1010	259	259	32	32	20	20	906	906	1551	1551	124	124	65	65	3521	3521	28074	28074	61495	61495	37415	37415	3	3	1	1
IND00803	882	882	274	274	1203	1203	555	555	53	53	26	26	829	829	1451	1451	2549	2549	754	754	2728	2728	3966	3966	8070	8070	3985	3985	1084	1084	1675	1675	91	91	34	34	4	4	3	3	1142	1142	1732	1732	95	95	47	47	1655	1655	7473	7473	1354	1354	191	191	119	119	98	98	1221	1221	279	279	622	622	650	650	31106	31106	9721	9721	109	109	73	73	12494	12494	8835	8835	385	385	316	316	6740	6740	14621	14621	15	15	9	9	1066	1066	3605	3605	39	39	63	63	154	154	114	114	6016	6016	5811	5811	30329	30329	10236	10236	1037	1037	19	19	6699	6699	15039	15039	56	56	121	121	19	19	19	19	6	6	63	63	1240	1240	832	832	3	3	103	103	107	107	492	492	1748	1748	197	197	40	40	119	119	16	16	83	83	16	16	5	5	407	407	424	424	36	36	233	233	852	852	643	643	445	445	1658	1658	18	18	24	24	815	815	1853	1853	38	38	48	48	14287	14287	8620	8620	30522	30522	12199	12199	3	3	3	3
IND00804	773	773	967	967	890	890	923	923	10	10	53	53	1162	1162	1381	1381	1367	1367	3318	3318	2317	2317	4026	4026	4227	4227	860	860	463	463	3032	3032	141	141	84	84	9	9	15	15	2132	2132	678	678	33	33	117	117	4775	4775	1015	1015	978	978	428	428	77	77	37	37	1518	1518	186	186	245	245	570	570	10211	10211	18534	18534	163	163	237	237	4979	4979	4353	4353	886	886	397	397	3448	3448	2892	2892	53	53	36	36	2963	2963	7231	7231	102	102	10	10	104	104	140	140	2561	2561	128	128	26617	26617	15176	15176	721	721	411	411	23452	23452	22427	22427	163	163	40	40	125	125	93	93	16	16	13	13	2046	2046	1334	1334	94	94	35	35	564	564	949	949	4474	4474	1078	1078	875	875	842	842	93	93	12	12	13	13	17	17	298	298	414	414	207	207	53	53	274	274	646	646	329	329	1354	1354	18	18	24	24	1482	1482	512	512	88	88	73	73	21576	21576	25364	25364	160	160	32539	32539	3	3	3	3
IND00805	511	511	404	404	1824	1824	970	970	8	8	37	37	4062	4062	1676	1676	1545	1545	2781	2781	149	149	1421	1421	332	332	789	789	2818	2818	2096	2096	236	236	50	50	13	13	4	4	3872	3872	3515	3515	47	47	26	26	2251	2251	7335	7335	629	629	578	578	61	61	89	89	1145	1145	1796	1796	454	454	556	556	559	559	17098	17098	119	119	48	48	14829	14829	6177	6177	439	439	514	514	11813	11813	15934	15934	48	48	26	26	2875	2875	2895	2895	89	89	11	11	23	23	193	193	5149	5149	1000	1000	19586	19586	8670	8670	1348	1348	407	407	11932	11932	30327	30327	223	223	160	160	25	25	69	69	6	6	60	60	195	195	1475	1475	73	73	9	9	54	54	556	556	7124	7124	3731	3731	1942	1942	1176	1176	76	76	42	42	64	64	7	7	334	334	197	197	232	232	130	130	912	912	695	695	398	398	145	145	16	16	3	3	242	242	140	140	62	62	108	108	26996	26996	31096	31096	39422	39422	44361	44361	3	3	3	3
IND00806	486	486	588	588	442	442	802	802	25	25	45	45	897	897	3830	3830	422	422	600	600	700	700	969	969	203	203	7417	7417	2255	2255	2322	2322	223	223	108	108	7	7	3	3	1961	1961	3477	3477	14	14	21	21	3219	3219	3179	3179	213	213	1128	1128	36	36	12	12	1951	1951	1083	1083	640	640	901	901	28538	28538	3442	3442	58	58	160	160	2845	2845	16071	16071	947	947	561	561	13509	13509	7822	7822	51	51	47	47	1687	1687	6495	6495	50	50	107	107	22	22	133	133	940	940	7117	7117	30453	30453	29410	29410	614	614	541	541	8622	8622	1168	1168	140	140	4	4	84	84	8	8	21	21	9	9	44	44	808	808	123	123	91	91	743	743	1010	1010	5711	5711	3381	3381	1860	1860	979	979	66	66	11	11	40	40	53	53	325	325	251	251	84	84	239	239	232	232	181	181	985	985	1988	1988	30	30	6	6	221	221	369	369	107	107	71	71	13567	13567	9982	9982	52352	52352	37226	37226	2	2	4	4
IND00807	772	772	446	446	465	465	601	601	17	17	48	48	2541	2541	177	177	2740	2740	23	23	1252	1252	779	779	6944	6944	6812	6812	1593	1593	787	787	196	196	133	133	11	11	4	4	2010	2010	641	641	91	91	107	107	7760	7760	7524	7524	826	826	848	848	116	116	84	84	1955	1955	138	138	295	295	789	789	19683	19683	6235	6235	131	131	241	241	6260	6260	13312	13312	678	678	150	150	3059	3059	10862	10862	43	43	20	20	2808	2808	6090	6090	76	76	15	15	247	247	50	50	2017	2017	3071	3071	11859	11859	29530	29530	1610	1610	1579	1579	23033	23033	12503	12503	142	142	256	256	3	3	54	54	35	35	23	23	1207	1207	967	967	128	128	14	14	890	890	770	770	7311	7311	3111	3111	260	260	1221	1221	53	53	30	30	19	19	63	63	345	345	80	80	183	183	123	123	621	621	890	890	886	886	220	220	7	7	31	31	37	37	1239	1239	2	2	127	127	23483	23483	28237	28237	46484	46484	27772	27772	2	2	3	3
IND00808	11	11	556	556	206	206	1653	1653	23	23	3	3	3687	3687	1775	1775	2466	2466	1429	1429	3477	3477	4054	4054	1386	1386	927	927	1528	1528	820	820	211	211	49	49	3	3	5	5	157	157	4077	4077	82	82	37	37	474	474	290	290	1509	1509	1517	1517	96	96	57	57	239	239	795	795	582	582	614	614	18571	18571	11408	11408	166	166	32	32	7498	7498	13328	13328	626	626	821	821	4612	4612	6335	6335	64	64	47	47	892	892	6645	6645	115	115	71	71	88	88	6	6	7450	7450	2226	2226	3806	3806	19410	19410	280	280	863	863	9005	9005	9761	9761	27	27	251	251	97	97	74	74	6	6	5	5	602	602	1340	1340	95	95	15	15	602	602	154	154	7022	7022	1875	1875	538	538	259	259	103	103	5	5	32	32	37	37	230	230	336	336	155	155	248	248	841	841	909	909	633	633	819	819	4	4	32	32	105	105	1094	1094	8	8	32	32	23884	23884	10821	10821	15928	15928	39378	39378	2	2	1	1
IND00809	488	488	964	964	837	837	1156	1156	21	21	47	47	205	205	4022	4022	1333	1333	2256	2256	1316	1316	3381	3381	2141	2141	5900	5900	26	26	1084	1084	40	40	51	51	3	3	1	1	3811	3811	2717	2717	110	110	65	65	6150	6150	274	274	180	180	487	487	116	116	41	41	1245	1245	1027	1027	626	626	124	124	31685	31685	26192	26192	89	89	172	172	7259	7259	5354	5354	365	365	569	569	14994	14994	11951	11951	18	18	28	28	7414	7414	1545	1545	30	30	3	3	92	92	185	185	4299	4299	737	737	1697	1697	17377	17377	140	140	1707	1707	11317	11317	28180	28180	66	66	117	117	110	110	62	62	25	25	5	5	1537	1537	842	842	104	104	117	117	1015	1015	1	1	5094	5094	318	318	1914	1914	1888	1888	15	15	23	23	14	14	57	57	377	377	169	169	231	231	10	10	341	341	393	393	521	521	258	258	26	26	4	4	1830	1830	1919	1919	5	5	56	56	31076	31076	11485	11485	29323	29323	58107	58107	1	1	4	4
IND00810	606	606	637	637	905	905	1601	1601	33	33	39	39	769	769	2822	2822	4009	4009	2578	2578	442	442	313	313	7055	7055	1072	1072	2995	2995	3567	3567	163	163	11	11	15	15	16	16	2074	2074	1899	1899	37	37	99	99	5663	5663	906	906	1184	1184	779	779	109	109	45	45	1285	1285	244	244	913	913	201	201	7160	7160	13449	13449	142	142	94	94	13969	13969	2981	2981	364	364	731	731	9606	9606	6365	6365	6	6	3	3	5665	5665	1154	1154	65	65	128	128	139	139	19	19	7500	7500	7931	7931	12941	12941	1613	1613	407	407	150	150	3728	3728	30137	30137	229	229	35	35	45	45	94	94	17	17	28	28	1107	1107	1316	1316	11	11	48	48	234	234	185	185	2691	2691	6771	6771	1428	1428	1055	1055	3	3	93	93	11	11	28	28	200	200	322	322	164	164	242	242	406	406	802	802	215	215	948	948	23	23	31	31	1290	1290	360	360	43	43	115	115	7312	7312	5552	5552	48991	48991	41546	41546	4	4	2	2
IND00811	693	693	451	451	402	402	1432	1432	35	35	46	46	4035	4035	2350	2350	3647	3647	3299	3299	1055	1055	3907	3907	1988	1988	10	10	2712	2712	439	439	153	153	230	230	15	15	5	5	1779	1779	288	288	67	67	47	47	626	626	2695	2695	326	326	1833	1833	3	3	115	115	888	888	1889	1889	550	550	687	687	10908	10908	29025	29025	238	238	152	152	6271	6271	14868	14868	893	893	398	398	13071	13071	3456	3456	5	5	22	22	2426	2426	4919	4919	77	77	7	7	76	76	34	34	1928	1928	4991	4991	5297	5297	11843	11843	1583	1583	876	876	25694	25694	11615	11615	86	86	26	26	66	66	58	58	51	51	20	20	651	651	1552	1552	43	43	102	102	268	268	787	787	1349	1349	3046	3046	239	239	650	650	90	90	88	88	21	21	56	56	137	137	81	81	31	31	197	197	24	24	836	836	1649	1649	1731	1731	8	8	16	16	699	699	609	609	87	87	68	68	24989	24989	26465	26465	5316	5316	43177	43177	4	4	4	4
IND00812	120	120	584	584	1398	1398	795	795	59	59	53	53	1060	1060	2056	2056	2420	2420	3638	3638	904	904	87	87	1346	1346	2321	2321	1044	1044	1162	1162	109	109	236	236	5	5	6	6	2273	2273	2287	2287	32	32	68	68	1162	1162	3166	3166	2037	2037	1904	1904	25	25	74	74	351	351	1385	1385	92	92	66	66	4923	4923	32359	32359	20	20	223	223	14486	14486	2959	2959	366	366	943	943	4537	4537	3182	3182	4	4	7	7	2694	2694	4132	4132	59	59	67	67	147	147	228	228	6528	6528	1908	1908	328	328	29315	29315	803	803	220	220	9598	9598	30534	30534	149	149	61	61	31	31	128	128	13	13	30	30	1616	1616	609	609	41	41	42	42	105	105	327	327	2194	2194	5901	5901	284	284	769	769	90	90	39	39	29	29	25	25	389	389	262	262	105	105	4	4	770	770	419	419	719	719	1877	1877	9	9	26	26	1267	1267	267	267	120	120	54	54	318	318	6864	6864	41101	41101	11372	11372	3	3	4	4
IND00813	906	906	991	991	643	643	858	858	3	3	43	43	1352	1352	3769	3769	2015	2015	4014	4014	2642	2642	1596	1596	6970	6970	4338	4338	2917	2917	3867	3867	70	70	240	240	5	5	14	14	3571	3571	3635	3635	98	98	96	96	2715	2715	2	2	781	781	1954	1954	21	21	85	85	1222	1222	317	317	550	550	568	568	31345	31345	22833	22833	192	192	93	93	13648	13648	4220	4220	298	298	856	856	2358	2358	13657	13657	32	32	47	47	372	372	3060	3060	11	11	2	2	180	180	165	165	559	559	5537	5537	10999	10999	30718	30718	267	267	1530	1530	2940	2940	30048	30048	228	228	149	149	126	126	128	128	40	40	51	51	839	839	1549	1549	46	46	81	81	370	370	122	122	3030	3030	3243	3243	636	636	819	819	22	22	117	117	28	28	62	62	417	417	351	351	115	115	102	102	639	639	83	83	1390	1390	608	608	26	26	15	15	1184	1184	1118	1118	47	47	120	120	8883	8883	16350	16350	40252	40252	26360	26360	1	1	3	3
IND00814	254	254	363	363	1920	1920	2004	2004	58	58	50	50	2234	2234	2568	2568	4007	4007	513	513	1492	1492	2993	2993	5592	5592	2567	2567	2966	2966	1721	1721	32	32	208	208	7	7	13	13	3080	3080	203	203	36	36	94	94	6783	6783	2950	2950	679	679	1161	1161	43	43	94	94	1906	1906	1397	1397	988	988	670	670	30221	30221	19022	19022	137	137	121	121	6773	6773	355	355	234	234	922	922	3759	3759	9843	9843	7	7	63	63	5062	5062	4163	4163	114	114	31	31	65	65	77	77	6676	6676	8052	8052	26490	26490	16920	16920	55	55	255	255	23589	23589	23900	23900	100	100	244	244	57	57	124	124	41	41	42	42	623	623	1046	1046	63	63	115	115	641	641	241	241	5725	5725	3678	3678	1691	1691	563	563	113	113	67	67	41	41	27	27	132	132	234	234	132	132	224	224	26	26	531	531	475	475	369	369	26	26	7	7	943	943	959	959	99	99	55	55	31872	31872	14820	14820	54865	54865	24609	24609	3	3	3	3
IND00815	26	26	983	983	717	717	696	696	59	59	60	60	141	141	3611	3611	636	636	2509	2509	1817	1817	3051	3051	3366	3366	1130	1130	3991	3991	1129	1129	83	83	37	37	10	10	1	1	2044	2044	1912	1912	123	123	76	76	2866	2866	7940	7940	1771	1771	808	808	36	36	13	13	1797	1797	896	896	594	594	242	242	1303	1303	22852	22852	28	28	243	243	9289	9289	14113	14113	429	429	305	305	6571	6571	11853	11853	36	36	31	31	7214	7214	6524	6524	17	17	112	112	113	113	184	184	1892	1892	3857	3857	22206	22206	31779	31779	587	587	696	696	9662	9662	11218	11218	14	14	125	125	116	116	105	105	43	43	13	13	1157	1157	1646	1646	31	31	90	90	912	912	770	770	1920	1920	6836	6836	406	406	1275	1275	86	86	66	66	60	60	21	21	206	206	509	509	95	95	122	122	867	867	806	806	626	626	431	431	22	22	21	21	1851	1851	1749	1749	26	26	126	126	25897	25897	7735	7735	22924	22924	17535	17535	1	1	2	2
IND00816	728	728	855	855	1664	1664	510	510	2	2	17	17	1677	1677	3788	3788	2261	2261	753	753	1754	1754	2220	2220	4887	4887	4837	4837	2606	2606	144	144	216	216	53	53	1	1	3	3	3088	3088	1609	1609	92	92	73	73	3361	3361	930	930	121	121	1093	1093	82	82	87	87	1279	1279	1111	1111	188	188	679	679	28108	28108	19787	19787	144	144	21	21	10761	10761	81	81	791	791	25	25	7309	7309	15376	15376	21	21	48	48	6199	6199	7496	7496	72	72	6	6	163	163	162	162	5540	5540	6475	6475	13563	13563	2996	2996	649	649	1983	1983	30317	30317	15020	15020	101	101	124	124	99	99	17	17	28	28	43	43	728	728	432	432	128	128	97	97	194	194	688	688	5249	5249	1499	1499	1333	1333	1445	1445	9	9	67	67	61	61	24	24	31	31	149	149	155	155	10	10	72	72	254	254	1258	1258	816	816	18	18	7	7	922	922	499	499	105	105	97	97	26174	26174	4827	4827	49476	49476	3139	3139	4	4	3	3
IND00817	172	172	951	951	69	69	1933	1933	30	30	59	59	4012	4012	1969	1969	1374	1374	2027	2027	188	188	1811	1811	1999	1999	6062	6062	3302	3302	269	269	72	72	19	19	9	9	5	5	3006	3006	1431	1431	83	83	94	94	664	664	3623	3623	40	40	1906	1906	100	100	7	7	73	73	1373	1373	639	639	998	998	18094	18094	10512	10512	38	38	93	93	11342	11342	15657	15657	105	105	155	155	10583	10583	12212	12212	14	14	37	37	7399	7399	2592	2592	10	10	63	63	233	233	170	170	2659	2659	7097	7097	26498	26498	16504	16504	1569	1569	1989	1989	13744	13744	219	219	81	81	254	254	34	34	72	72	54	54	30	30	1081	1081	1589	1589	100	100	69	69	404	404	786	786	2117	2117	5495	5495	1973	1973	273	273	30	30	47	47	25	25	55	55	462	462	455	455	197	197	59	59	375	375	467	467	2016	2016	1625	1625	11	11	19	19	1307	1307	1879	1879	11	11	77	77	12274	12274	12225	12225	65398	65398	3535	3535	3	3	4	4
IND00818	3	3	608	608	1481	1481	341	341	60	60	28	28	284	284	3708	3708	342	342	3916	3916	1681	1681	3190	3190	3464	3464	4036	4036	4022	4022	2610	2610	183	183	210	210	1	1	15	15	1078	1078	1608	1608	40	40	110	110	1643	1643	7725	7725	1659	1659	471	471	116	116	39	39	1669	1669	402	402	173	173	825	825	1298	1298	10085	10085	31	31	108	108	10569	10569	8221	8221	338	338	31	31	16191	16191	4815	4815	36	36	7	7	2722	2722	3293	3293	75	75	62	62	46	46	222	222	7493	7493	4688	4688	28779	28779	32724	32724	806	806	1397	1397	8997	8997	4211	4211	165	165	93	93	4	4	13	13	6	6	31	31	600	600	1081	1081	39	39	125	125	175	175	56	56	872	872	2884	2884	626	626	370	370	121	121	98	98	46	46	39	39	202	202	110	110	255	255	223	223	998	998	606	606	1703	1703	389	389	21	21	6	6	1616	1616	1297	1297	90	90	13	13	23631	23631	30309	30309	18126	18126	41038	41038	4	4	2	2
IND00819	181	181	827	827	1647	1647	28	28	11	11	54	54	3102	3102	2892	2892	2221	2221	1437	1437	584	584	3977	3977	4763	4763	5639	5639	819	819	492	492	121	121	216	216	5	5	7	7	1249	1249	974	974	72	72	81	81	683	683	6508	6508	2031	2031	1471	1471	101	101	15	15	1201	1201	1782	1782	163	163	995	995	9336	9336	6041	6041	142	142	3	3	10738	10738	9383	9383	854	854	495	495	8448	8448	11590	11590	45	45	62	62	3152	3152	6392	6392	62	62	101	101	184	184	29	29	7028	7028	1641	1641	5279	5279	11907	11907	1226	1226	414	414	19139	19139	15561	15561	192	192	206	206	118	118	24	24	53	53	22	22	1493	1493	1373	1373	8	8	110	110	447	447	369	369	6317	6317	4533	4533	1414	1414	816	816	51	51	8	8	36	36	60	60	447	447	418	418	98	98	141	141	696	696	304	304	1215	1215	1704	1704	18	18	14	14	920	920	1859	1859	91	91	75	75	32223	32223	17824	17824	40280	40280	27328	27328	3	3	4	4
IND00820	919	919	484	484	2023	2023	125	125	50	50	23	23	3563	3563	518	518	3925	3925	2495	2495	1076	1076	180	180	4878	4878	668	668	260	260	946	946	59	59	52	52	16	16	1	1	3454	3454	1822	1822	50	50	91	91	4438	4438	4781	4781	1952	1952	1956	1956	116	116	88	88	326	326	713	713	459	459	832	832	4684	4684	236	236	110	110	249	249	11178	11178	14818	14818	64	64	416	416	13742	13742	5845	5845	38	38	26	26	6048	6048	7901	7901	46	46	110	110	192	192	115	115	7230	7230	4874	4874	10561	10561	748	748	1462	1462	1682	1682	22943	22943	4293	4293	73	73	139	139	49	49	35	35	56	56	2	2	1705	1705	1779	1779	73	73	108	108	231	231	626	626	566	566	1455	1455	576	576	1059	1059	1	1	31	31	3	3	40	40	21	21	408	408	145	145	180	180	257	257	309	309	1165	1165	53	53	23	23	15	15	1779	1779	495	495	26	26	16	16	19113	19113	28918	28918	38264	38264	454	454	4	4	4	4
IND00821	760	760	316	316	1047	1047	365	365	57	57	45	45	1249	1249	8	8	3706	3706	2475	2475	3058	3058	977	977	6415	6415	1601	1601	1831	1831	2841	2841	214	214	53	53	4	4	4	4	3055	3055	3302	3302	95	95	3	3	4553	4553	5295	5295	1058	1058	1853	1853	3	3	124	124	1627	1627	124	124	896	896	992	992	7765	7765	14549	14549	234	234	109	109	15377	15377	13339	13339	104	104	555	555	12756	12756	4208	4208	3	3	36	36	106	106	7935	7935	56	56	127	127	9	9	204	204	255	255	867	867	24539	24539	30408	30408	2000	2000	686	686	31327	31327	16014	16014	25	25	58	58	20	20	67	67	42	42	2	2	1383	1383	1664	1664	91	91	5	5	881	881	579	579	3147	3147	1393	1393	210	210	907	907	108	108	75	75	18	18	4	4	312	312	396	396	103	103	40	40	871	871	941	941	566	566	496	496	24	24	18	18	1064	1064	1675	1675	102	102	50	50	22156	22156	6641	6641	58680	58680	680	680	4	4	1	1
IND00822	605	605	62	62	1099	1099	614	614	62	62	26	26	3880	3880	3963	3963	2118	2118	3596	3596	4074	4074	4008	4008	1969	1969	2590	2590	1397	1397	3328	3328	120	120	234	234	3	3	4	4	4045	4045	1714	1714	35	35	86	86	1377	1377	2773	2773	2011	2011	1133	1133	71	71	94	94	1866	1866	1487	1487	302	302	206	206	30665	30665	28992	28992	113	113	100	100	11797	11797	10067	10067	481	481	953	953	2961	2961	13603	13603	28	28	34	34	6597	6597	1907	1907	111	111	124	124	91	91	65	65	4475	4475	2675	2675	13563	13563	9543	9543	108	108	1641	1641	21610	21610	22413	22413	88	88	114	114	99	99	56	56	7	7	35	35	817	817	947	947	125	125	7	7	222	222	960	960	6937	6937	4980	4980	111	111	1379	1379	94	94	27	27	30	30	31	31	16	16	104	104	52	52	56	56	251	251	1024	1024	98	98	1436	1436	32	32	15	15	1264	1264	214	214	117	117	55	55	17021	17021	11314	11314	54216	54216	52244	52244	2	2	4	4
IND00823	483	483	442	442	195	195	2020	2020	16	16	62	62	398	398	3440	3440	2747	2747	2891	2891	2343	2343	3819	3819	1274	1274	1276	1276	3373	3373	923	923	189	189	234	234	1	1	3	3	3923	3923	2272	2272	12	12	20	20	6514	6514	1222	1222	673	673	654	654	45	45	76	76	363	363	1924	1924	407	407	170	170	7137	7137	1511	1511	224	224	132	132	2442	2442	2671	2671	54	54	336	336	3793	3793	14277	14277	38	38	55	55	4849	4849	3992	3992	20	20	65	65	114	114	17	17	3516	3516	3218	3218	15358	15358	15829	15829	549	549	461	461	12219	12219	4752	4752	251	251	49	49	100	100	14	14	24	24	38	38	1753	1753	3	3	98	98	30	30	550	550	873	873	318	318	7478	7478	1822	1822	23	23	43	43	119	119	17	17	16	16	282	282	105	105	3	3	60	60	980	980	12	12	428	428	675	675	24	24	23	23	1773	1773	1199	1199	26	26	91	91	20458	20458	10585	10585	31756	31756	53402	53402	3	3	2	2
IND00824	663	663	77	77	1480	1480	1412	1412	50	50	37	37	324	324	248	248	1995	1995	3768	3768	2515	2515	1077	1077	357	357	6295	6295	3090	3090	3781	3781	189	189	90	90	2	2	10	10	3923	3923	3886	3886	90	90	109	109	2973	2973	6493	6493	289	289	776	776	42	42	105	105	1829	1829	421	421	462	462	659	659	1596	1596	19774	19774	99	99	247	247	516	516	6473	6473	163	163	488	488	10470	10470	4051	4051	24	24	20	20	2884	2884	1000	1000	113	113	78	78	79	79	107	107	1140	1140	5116	5116	22024	22024	31005	31005	480	480	419	419	27808	27808	29750	29750	226	226	136	136	102	102	106	106	40	40	3	3	1033	1033	1747	1747	115	115	101	101	984	984	333	333	6292	6292	6415	6415	1756	1756	1986	1986	21	21	27	27	6	6	45	45	301	301	480	480	235	235	207	207	516	516	237	237	173	173	1984	1984	7	7	11	11	381	381	1781	1781	127	127	57	57	12723	12723	4089	4089	37266	37266	24812	24812	4	4	1	1
IND00825	388	388	165	165	1939	1939	192	192	22	22	12	12	842	842	452	452	2174	2174	1110	1110	2775	2775	3383	3383	1438	1438	1633	1633	2091	2091	1714	1714	155	155	68	68	15	15	5	5	1183	1183	3304	3304	103	103	11	11	5098	5098	6730	6730	760	760	557	557	6	6	63	63	1008	1008	1952	1952	84	84	313	313	25207	25207	11069	11069	226	226	92	92	15901	15901	5791	5791	380	380	77	77	12762	12762	8876	8876	28	28	31	31	1454	1454	3315	3315	82	82	123	123	125	125	121	121	3166	3166	4156	4156	20941	20941	3966	3966	913	913	1987	1987	3001	3001	29985	29985	213	213	135	135	75	75	83	83	61	61	37	37	2045	2045	2046	2046	100	100	56	56	679	679	718	718	5444	5444	8073	8073	1840	1840	1054	1054	116	116	83	83	43	43	8	8	328	328	195	195	142	142	84	84	809	809	51	51	185	185	258	258	31	31	26	26	48	48	1956	1956	14	14	87	87	29889	29889	6554	6554	57089	57089	26299	26299	2	2	2	2
IND00826	278	278	201	201	74	74	1227	1227	52	52	40	40	4072	4072	3590	3590	3478	3478	310	310	252	252	3334	3334	7206	7206	6112	6112	2863	2863	3187	3187	147	147	82	82	10	10	16	16	2558	2558	3111	3111	2	2	127	127	6826	6826	240	240	2024	2024	264	264	103	103	94	94	66	66	450	450	45	45	694	694	16119	16119	30894	30894	193	193	93	93	12748	12748	7687	7687	379	379	535	535	13128	13128	10723	10723	44	44	48	48	4261	4261	6036	6036	57	57	29	29	5	5	74	74	1901	1901	7420	7420	27752	27752	7338	7338	669	669	1918	1918	10578	10578	20141	20141	211	211	119	119	31	31	65	65	11	11	27	27	1494	1494	1558	1558	21	21	55	55	335	335	126	126	4119	4119	6248	6248	1258	1258	1657	1657	43	43	67	67	1	1	24	24	426	426	52	52	54	54	10	10	762	762	937	937	187	187	1919	1919	7	7	13	13	1038	1038	1446	1446	77	77	128	128	32191	32191	8200	8200	20872	20872	53922	53922	3	3	2	2
IND00827	658	658	429	429	135	135	834	834	52	52	39	39	3531	3531	2201	2201	3647	3647	3356	3356	1125	1125	3937	3937	3683	3683	2853	2853	3319	3319	2878	2878	242	242	114	114	12	12	5	5	3996	3996	4044	4044	17	17	115	115	3944	3944	3581	3581	752	752	1227	1227	94	94	18	18	454	454	1117	1117	949	949	324	324	27508	27508	30825	30825	239	239	173	173	5936	5936	14839	14839	423	423	997	997	13030	13030	1684	1684	21	21	33	33	330	330	7509	7509	71	71	64	64	11	11	159	159	2375	2375	5776	5776	26957	26957	8025	8025	591	591	1012	1012	18709	18709	26140	26140	116	116	108	108	7	7	16	16	18	18	54	54	18	18	1096	1096	8	8	7	7	785	785	861	861	8015	8015	1357	1357	1625	1625	995	995	50	50	37	37	54	54	12	12	24	24	499	499	61	61	53	53	490	490	126	126	672	672	719	719	17	17	24	24	1335	1335	1437	1437	98	98	77	77	549	549	10393	10393	52756	52756	64028	64028	1	1	4	4
IND00828	457	457	878	878	558	558	1791	1791	34	34	32	32	49	49	3537	3537	3779	3779	2088	2088	1822	1822	3816	3816	595	595	7649	7649	386	386	3094	3094	162	162	23	23	10	10	16	16	1613	1613	1726	1726	96	96	53	53	7438	7438	2060	2060	8	8	669	669	108	108	104	104	1303	1303	1320	1320	394	394	982	982	26664	26664	4195	4195	74	74	71	71	5369	5369	897	897	177	177	308	308	11712	11712	10988	10988	10	10	3	3	3621	3621	1646	1646	75	75	87	87	71	71	107	107	529	529	7953	7953	10711	10711	30884	30884	1326	1326	1279	1279	20209	20209	2286	2286	88	88	53	53	100	100	13	13	2	2	30	30	1978	1978	465	465	114	114	12	12	16	16	676	676	1436	1436	7512	7512	707	707	1003	1003	62	62	31	31	11	11	54	54	274	274	84	84	153	153	52	52	676	676	292	292	1545	1545	107	107	31	31	4	4	218	218	1437	1437	20	20	38	38	528	528	30528	30528	19352	19352	36088	36088	2	2	3	3
IND00829	774	774	980	980	823	823	1166	1166	27	27	10	10	1412	1412	3462	3462	890	890	2831	2831	2774	2774	581	581	7149	7149	6027	6027	3998	3998	2512	2512	26	26	229	229	4	4	12	12	1559	1559	1179	1179	87	87	74	74	7259	7259	2022	2022	507	507	941	941	36	36	29	29	1070	1070	1278	1278	843	843	949	949	783	783	5616	5616	198	198	68	68	4452	4452	12407	12407	352	352	779	779	7499	7499	13784	13784	46	46	40	40	176	176	2349	2349	59	59	50	50	158	158	182	182	3487	3487	3999	3999	23463	23463	16594	16594	1518	1518	770	770	27011	27011	19865	19865	213	213	43	43	62	62	62	62	62	62	56	56	795	795	881	881	106	106	35	35	196	196	43	43	1576	1576	6767	6767	266	266	326	326	94	94	77	77	47	47	28	28	13	13	470	470	34	34	6	6	609	609	671	671	1567	1567	216	216	25	25	23	23	634	634	354	354	47	47	123	123	27503	27503	26726	26726	39585	39585	16721	16721	1	1	2	2
IND00830	185	185	173	173	1376	1376	496	496	51	51	57	57	2752	2752	2222	2222	3639	3639	771	771	865	865	300	300	1026	1026	7385	7385	2713	2713	2479	2479	138	138	33	33	7	7	3	3	700	700	3001	3001	78	78	74	74	5235	5235	1340	1340	1985	1985	1081	1081	86	86	15	15	736	736	816	816	576	576	122	122	867	867	31542	31542	199	199	5	5	8510	8510	7970	7970	817	817	711	711	7094	7094	14152	14152	21	21	11	11	8097	8097	7139	7139	89	89	81	81	200	200	35	35	5871	5871	416	416	189	189	297	297	254	254	332	332	23581	23581	9691	9691	180	180	116	116	42	42	79	79	61	61	38	38	1581	1581	517	517	22	22	68	68	916	916	4	4	392	392	145	145	469	469	1998	1998	104	104	13	13	4	4	48	48	272	272	233	233	185	185	250	250	624	624	506	506	1539	1539	1528	1528	30	30	31	31	115	115	1037	1037	45	45	117	117	12821	12821	11276	11276	48168	48168	40419	40419	3	3	2	2
IND00831	329	329	740	740	191	191	44	44	40	40	12	12	404	404	1737	1737	3043	3043	2071	2071	3743	3743	1890	1890	5695	5695	4899	4899	3062	3062	1230	1230	55	55	188	188	8	8	1	1	3015	3015	2487	2487	112	112	18	18	7119	7119	4687	4687	1000	1000	952	952	115	115	109	109	1406	1406	1795	1795	172	172	569	569	10622	10622	25863	25863	165	165	5	5	13163	13163	11115	11115	1014	1014	538	538	16340	16340	601	601	15	15	7	7	1186	1186	6686	6686	81	81	79	79	137	137	237	237	7146	7146	3849	3849	25566	25566	27973	27973	1428	1428	551	551	10432	10432	22707	22707	228	228	62	62	126	126	104	104	48	48	21	21	551	551	21	21	33	33	23	23	878	878	992	992	5646	5646	6170	6170	1676	1676	452	452	11	11	79	79	53	53	7	7	393	393	450	450	14	14	50	50	453	453	487	487	1779	1779	1571	1571	24	24	14	14	912	912	590	590	48	48	22	22	17216	17216	20994	20994	32953	32953	24896	24896	1	1	3	3
IND00832	165	165	894	894	2023	2023	429	429	49	49	27	27	3055	3055	1003	1003	864	864	539	539	602	602	86	86	8082	8082	1832	1832	2286	2286	897	897	233	233	119	119	3	3	12	12	2331	2331	696	696	18	18	17	17	921	921	7107	7107	47	47	554	554	63	63	67	67	1688	1688	1658	1658	410	410	71	71	24993	24993	5475	5475	210	210	58	58	10484	10484	9966	9966	833	833	148	148	14732	14732	4685	4685	28	28	25	25	2231	2231	1727	1727	26	26	87	87	255	255	80	80	6325	6325	5545	5545	24017	24017	29835	29835	2028	2028	500	500	25998	25998	22092	22092	22	22	16	16	125	125	48	48	55	55	57	57	631	631	813	813	109	109	99	99	187	187	594	594	5045	5045	2401	2401	1378	1378	1578	1578	87	87	31	31	41	41	31	31	183	183	335	335	154	154	125	125	142	142	649	649	752	752	735	735	9	9	18	18	540	540	870	870	1	1	44	44	3386	3386	7606	7606	42538	42538	24480	24480	4	4	3	3
IND00833	229	229	169	169	1462	1462	287	287	41	41	13	13	1852	1852	1575	1575	3831	3831	1827	1827	64	64	3511	3511	6571	6571	8175	8175	1031	1031	844	844	173	173	245	245	11	11	5	5	761	761	3333	3333	12	12	78	78	3121	3121	4882	4882	898	898	38	38	31	31	108	108	656	656	2024	2024	468	468	927	927	26466	26466	20922	20922	134	134	149	149	6704	6704	4855	4855	468	468	848	848	6957	6957	6558	6558	14	14	63	63	4177	4177	8179	8179	97	97	45	45	66	66	228	228	7193	7193	5067	5067	13838	13838	7331	7331	309	309	935	935	24292	24292	26900	26900	167	167	251	251	83	83	62	62	42	42	17	17	1130	1130	1877	1877	70	70	51	51	148	148	994	994	2848	2848	329	329	1463	1463	1651	1651	80	80	49	49	60	60	11	11	503	503	227	227	212	212	202	202	516	516	275	275	515	515	6	6	14	14	8	8	1485	1485	1931	1931	116	116	53	53	27670	27670	20309	20309	22660	22660	28493	28493	3	3	1	1
IND00834	82	82	70	70	652	652	1186	1186	40	40	37	37	1473	1473	3468	3468	3471	3471	2090	2090	814	814	2201	2201	1965	1965	3105	3105	2480	2480	2043	2043	46	46	133	133	8	8	14	14	1453	1453	714	714	56	56	52	52	1128	1128	5502	5502	1160	1160	394	394	10	10	19	19	1678	1678	1445	1445	887	887	591	591	4035	4035	3028	3028	223	223	224	224	2398	2398	1853	1853	635	635	484	484	12928	12928	6683	6683	60	60	21	21	6054	6054	4904	4904	44	44	22	22	181	181	237	237	3334	3334	1978	1978	1750	1750	15428	15428	54	54	1861	1861	10615	10615	14910	14910	246	246	77	77	50	50	3	3	59	59	40	40	27	27	905	905	85	85	18	18	424	424	440	440	5033	5033	4711	4711	776	776	1495	1495	53	53	54	54	37	37	3	3	60	60	137	137	65	65	113	113	970	970	171	171	360	360	1618	1618	1	1	2	2	1489	1489	843	843	6	6	80	80	25427	25427	5459	5459	39308	39308	58537	58537	3	3	1	1
IND00835	736	736	359	359	1271	1271	1636	1636	26	26	27	27	2534	2534	2547	2547	2170	2170	3577	3577	110	110	25	25	3421	3421	6345	6345	1511	1511	2475	2475	26	26	53	53	2	2	8	8	381	381	1508	1508	54	54	105	105	7488	7488	302	302	1134	1134	261	261	32	32	6	6	176	176	807	807	17	17	1024	1024	12232	12232	26123	26123	106	106	197	197	12531	12531	11704	11704	928	928	797	797	9664	9664	10508	10508	16	16	49	49	4860	4860	310	310	92	92	66	66	23	23	213	213	553	553	2870	2870	21126	21126	30843	30843	571	571	200	200	27084	27084	27654	27654	117	117	146	146	23	23	33	33	64	64	19	19	233	233	46	46	95	95	30	30	962	962	638	638	3570	3570	726	726	1379	1379	683	683	119	119	72	72	26	26	40	40	410	410	271	271	139	139	123	123	547	547	794	794	1668	1668	863	863	9	9	1	1	1424	1424	1705	1705	109	109	44	44	8298	8298	9386	9386	59298	59298	12639	12639	3	3	2	2
IND00836	873	873	543	543	158	158	908	908	7	7	31	31	3617	3617	1065	1065	1913	1913	2885	2885	3971	3971	3176	3176	5692	5692	580	580	3742	3742	2529	2529	22	22	185	185	15	15	3	3	3243	3243	590	590	127	127	83	83	1848	1848	7747	7747	2042	2042	1940	1940	118	118	33	33	1151	1151	1417	1417	1018	1018	546	546	16728	16728	31869	31869	201	201	109	109	11842	11842	12347	12347	564	564	800	800	15753	15753	11218	11218	26	26	11	11	8158	8158	4412	4412	12	12	111	111	149	149	102	102	7757	7757	3454	3454	30187	30187	32544	32544	986	986	266	266	6291	6291	29502	29502	48	48	219	219	128	128	82	82	52	52	27	27	1007	1007	497	497	83	83	32	32	681	681	1005	1005	1452	1452	3100	3100	53	53	378	378	46	46	56	56	61	61	36	36	324	324	268	268	30	30	85	85	104	104	328	328	1445	1445	82	82	11	11	11	11	1567	1567	1406	1406	94	94	111	111	30958	30958	18052	18052	53886	53886	59134	59134	4	4	3	3
IND00837	544	544	266	266	1325	1325	1626	1626	32	32	9	9	2451	2451	215	215	3247	3247	2678	2678	1819	1819	2371	2371	3070	3070	2540	2540	3736	3736	3710	3710	240	240	72	72	16	16	4	4	3166	3166	2540	2540	110	110	108	108	3098	3098	6797	6797	990	990	1303	1303	14	14	60	60	1637	1637	322	322	879	879	204	204	21613	21613	23204	23204	48	48	218	218	16026	16026	7480	7480	217	217	173	173	2983	2983	7133	7133	1	1	9	9	2342	2342	1366	1366	108	108	100	100	84	84	4	4	5093	5093	6398	6398	10272	10272	1830	1830	970	970	187	187	23844	23844	8326	8326	103	103	200	200	44	44	68	68	2	2	18	18	1297	1297	523	523	67	67	40	40	189	189	567	567	2431	2431	5490	5490	756	756	647	647	102	102	56	56	17	17	46	46	113	113	28	28	152	152	24	24	134	134	532	532	1680	1680	232	232	3	3	4	4	981	981	1156	1156	53	53	118	118	22651	22651	25005	25005	20740	20740	16742	16742	2	2	3	3
IND00838	213	213	683	683	186	186	1848	1848	48	48	18	18	527	527	3889	3889	950	950	1284	1284	190	190	3721	3721	3573	3573	7597	7597	1255	1255	2001	2001	228	228	46	46	8	8	14	14	3045	3045	3368	3368	121	121	7	7	3198	3198	712	712	677	677	619	619	86	86	79	79	1423	1423	1631	1631	971	971	117	117	24952	24952	6317	6317	87	87	106	106	211	211	2116	2116	4	4	882	882	4817	4817	6970	6970	6	6	19	19	724	724	7479	7479	59	59	59	59	29	29	29	29	5173	5173	983	983	31212	31212	22406	22406	667	667	1830	1830	32252	32252	11928	11928	198	198	119	119	116	116	42	42	8	8	6	6	190	190	1166	1166	87	87	125	125	587	587	323	323	6249	6249	578	578	1727	1727	609	609	5	5	69	69	57	57	13	13	34	34	406	406	12	12	214	214	955	955	20	20	981	981	1752	1752	2	2	10	10	347	347	956	956	23	23	102	102	14225	14225	22614	22614	4951	4951	17563	17563	1	1	3	3
IND00839	44	44	487	487	1484	1484	284	284	26	26	61	61	601	601	16	16	2020	2020	689	689	2963	2963	69	69	4808	4808	7092	7092	1257	1257	3748	3748	57	57	107	107	8	8	2	2	176	176	450	450	18	18	5	5	1627	1627	2099	2099	1159	1159	1710	1710	60	60	110	110	1962	1962	1249	1249	903	903	50	50	30065	30065	10285	10285	23	23	184	184	15016	15016	10782	10782	797	797	670	670	7076	7076	1723	1723	39	39	9	9	7054	7054	780	780	5	5	51	51	222	222	249	249	2960	2960	972	972	24159	24159	25937	25937	1618	1618	676	676	11391	11391	9160	9160	126	126	199	199	93	93	1	1	47	47	35	35	563	563	1684	1684	89	89	52	52	662	662	942	942	5526	5526	5733	5733	1213	1213	1924	1924	110	110	16	16	63	63	5	5	459	459	191	191	167	167	167	167	342	342	277	277	851	851	1066	1066	11	11	9	9	1311	1311	431	431	110	110	47	47	7048	7048	31145	31145	5000	5000	652	652	3	3	1	1
IND00840	931	931	689	689	1984	1984	1053	1053	52	52	61	61	2316	2316	439	439	2849	2849	1988	1988	779	779	183	183	6808	6808	4333	4333	2302	2302	1687	1687	78	78	118	118	1	1	14	14	3904	3904	1195	1195	84	84	72	72	7584	7584	1688	1688	604	604	226	226	115	115	104	104	1594	1594	1416	1416	271	271	662	662	22803	22803	17153	17153	122	122	226	226	14881	14881	13824	13824	850	850	338	338	10500	10500	12092	12092	35	35	16	16	6144	6144	7238	7238	64	64	81	81	176	176	171	171	1247	1247	1816	1816	8398	8398	957	957	879	879	7	7	14878	14878	14338	14338	125	125	25	25	31	31	108	108	3	3	43	43	607	607	1259	1259	61	61	122	122	322	322	22	22	1673	1673	7958	7958	1831	1831	1575	1575	1	1	29	29	16	16	56	56	107	107	9	9	234	234	215	215	169	169	825	825	42	42	625	625	5	5	12	12	1659	1659	1956	1956	29	29	63	63	15578	15578	20663	20663	38131	38131	55355	55355	4	4	1	1
IND00841	1001	1001	818	818	1616	1616	933	933	11	11	13	13	2445	2445	2062	2062	1120	1120	753	753	1715	1715	1998	1998	6953	6953	3304	3304	1323	1323	124	124	238	238	252	252	15	15	4	4	1938	1938	1489	1489	25	25	49	49	3491	3491	5266	5266	163	163	1921	1921	96	96	29	29	1244	1244	472	472	748	748	247	247	18303	18303	4132	4132	200	200	223	223	16163	16163	520	520	839	839	582	582	11927	11927	6814	6814	14	14	24	24	1429	1429	3925	3925	104	104	77	77	34	34	235	235	4704	4704	3010	3010	19425	19425	29954	29954	1668	1668	491	491	22456	22456	24934	24934	164	164	161	161	99	99	84	84	35	35	62	62	1627	1627	1816	1816	127	127	70	70	819	819	343	343	7410	7410	5847	5847	21	21	1381	1381	106	106	101	101	28	28	8	8	458	458	257	257	68	68	100	100	656	656	867	867	1907	1907	1081	1081	13	13	2	2	562	562	483	483	75	75	117	117	12125	12125	24257	24257	16875	16875	4311	4311	4	4	2	2
IND00842	826	826	189	189	954	954	764	764	38	38	7	7	1	1	2653	2653	4092	4092	3455	3455	1065	1065	2292	2292	1754	1754	2100	2100	2213	2213	1501	1501	236	236	226	226	13	13	7	7	100	100	6	6	72	72	28	28	6997	6997	6434	6434	300	300	949	949	100	100	101	101	1389	1389	1120	1120	323	323	482	482	32060	32060	18311	18311	38	38	76	76	872	872	10056	10056	897	897	107	107	12600	12600	6143	6143	51	51	8	8	456	456	6793	6793	98	98	1	1	231	231	243	243	2548	2548	5471	5471	8273	8273	28430	28430	1417	1417	322	322	29345	29345	24462	24462	234	234	117	117	49	49	64	64	36	36	17	17	1367	1367	791	791	77	77	22	22	402	402	445	445	3840	3840	3764	3764	348	348	951	951	68	68	122	122	25	25	31	31	469	469	410	410	71	71	227	227	987	987	438	438	873	873	1781	1781	12	12	25	25	1630	1630	190	190	85	85	66	66	30756	30756	7426	7426	29438	29438	48307	48307	3	3	3	3
IND00843	553	553	733	733	360	360	974	974	3	3	10	10	489	489	3769	3769	2847	2847	2906	2906	3690	3690	4093	4093	3955	3955	2813	2813	2410	2410	1976	1976	235	235	135	135	11	11	13	13	1129	1129	2748	2748	101	101	57	57	5982	5982	3537	3537	2000	2000	1647	1647	23	23	49	49	589	589	324	324	418	418	234	234	15766	15766	26402	26402	43	43	113	113	13467	13467	5198	5198	775	775	355	355	11122	11122	8622	8622	23	23	33	33	5528	5528	2945	2945	128	128	89	89	4	4	72	72	811	811	8079	8079	15800	15800	28154	28154	790	790	1065	1065	24814	24814	23481	23481	46	46	195	195	67	67	66	66	34	34	8	8	1979	1979	115	115	44	44	54	54	131	131	72	72	1458	1458	4532	4532	1358	1358	734	734	102	102	1	1	13	13	28	28	170	170	220	220	205	205	238	238	538	538	368	368	689	689	1228	1228	19	19	15	15	1435	1435	1881	1881	110	110	91	91	20468	20468	9669	9669	17604	17604	3300	3300	4	4	2	2
IND00844	443	443	921	921	991	991	1115	1115	18	18	17	17	806	806	2342	2342	301	301	35	35	1291	1291	3331	3331	1451	1451	1077	1077	2755	2755	719	719	161	161	213	213	15	15	5	5	2378	2378	3983	3983	57	57	54	54	4226	4226	6389	6389	966	966	379	379	87	87	37	37	185	185	1216	1216	172	172	559	559	32500	32500	7819	7819	138	138	82	82	1900	1900	1074	1074	824	824	290	290	11814	11814	10428	10428	11	11	37	37	2853	2853	6212	6212	10	10	107	107	220	220	230	230	160	160	945	945	20829	20829	25644	25644	369	369	1493	1493	25599	25599	29956	29956	187	187	205	205	55	55	66	66	10	10	13	13	508	508	1975	1975	70	70	4	4	89	89	425	425	1350	1350	4640	4640	1946	1946	207	207	118	118	15	15	39	39	46	46	314	314	349	349	79	79	165	165	657	657	473	473	1504	1504	244	244	9	9	14	14	573	573	1520	1520	95	95	84	84	30634	30634	12022	12022	43362	43362	64338	64338	2	2	1	1
IND00845	47	47	900	900	1158	1158	1462	1462	33	33	35	35	3833	3833	2656	2656	1798	1798	2417	2417	1219	1219	1467	1467	957	957	5886	5886	2929	2929	3826	3826	110	110	199	199	8	8	16	16	12	12	3603	3603	78	78	57	57	2892	2892	4120	4120	1158	1158	1929	1929	60	60	40	40	741	741	1391	1391	574	574	894	894	17842	17842	4152	4152	248	248	93	93	936	936	15879	15879	414	414	399	399	9408	9408	344	344	34	34	14	14	5927	5927	3432	3432	41	41	83	83	217	217	37	37	5864	5864	1298	1298	27111	27111	20731	20731	1035	1035	352	352	15710	15710	10852	10852	108	108	215	215	100	100	52	52	52	52	55	55	394	394	559	559	42	42	8	8	979	979	881	881	8162	8162	3400	3400	1856	1856	812	812	57	57	2	2	46	46	38	38	113	113	92	92	133	133	254	254	784	784	923	923	1883	1883	1480	1480	20	20	20	20	370	370	417	417	61	61	41	41	17707	17707	17607	17607	10498	10498	55729	55729	3	3	3	3
IND00846	619	619	897	897	1134	1134	523	523	44	44	51	51	2269	2269	3076	3076	2573	2573	2173	2173	1309	1309	537	537	7001	7001	546	546	1932	1932	3376	3376	86	86	61	61	2	2	12	12	67	67	828	828	4	4	121	121	43	43	110	110	984	984	1744	1744	104	104	56	56	917	917	838	838	172	172	494	494	32363	32363	24043	24043	237	237	107	107	15962	15962	897	897	785	785	654	654	4085	4085	2597	2597	11	11	34	34	1995	1995	1242	1242	105	105	66	66	32	32	21	21	5379	5379	6333	6333	29096	29096	7054	7054	1103	1103	635	635	12598	12598	16903	16903	83	83	209	209	35	35	35	35	48	48	23	23	1610	1610	107	107	76	76	81	81	401	401	804	804	2736	2736	7502	7502	943	943	1166	1166	24	24	17	17	59	59	20	20	456	456	166	166	222	222	10	10	949	949	336	336	1721	1721	545	545	5	5	5	5	115	115	1731	1731	46	46	5	5	11037	11037	6961	6961	21488	21488	20894	20894	4	4	4	4
IND00847	398	398	642	642	1453	1453	111	111	19	19	15	15	3975	3975	149	149	1184	1184	3103	3103	2471	2471	150	150	2585	2585	5602	5602	43	43	3309	3309	166	166	253	253	9	9	14	14	1829	1829	1863	1863	73	73	76	76	1461	1461	5668	5668	2000	2000	86	86	62	62	102	102	31	31	449	449	51	51	909	909	444	444	32464	32464	68	68	11	11	14525	14525	8276	8276	17	17	712	712	6042	6042	6466	6466	46	46	27	27	3840	3840	3579	3579	9	9	17	17	65	65	220	220	3513	3513	7099	7099	22272	22272	6528	6528	633	633	1920	1920	7873	7873	29553	29553	147	147	236	236	31	31	19	19	16	16	22	22	411	411	360	360	78	78	65	65	306	306	953	953	3130	3130	5987	5987	1582	1582	544	544	80	80	35	35	45	45	25	25	386	386	297	297	101	101	27	27	993	993	620	620	2032	2032	178	178	27	27	27	27	304	304	1618	1618	111	111	96	96	31487	31487	9237	9237	5091	5091	38790	38790	1	1	2	2
IND00848	517	517	59	59	360	360	1726	1726	40	40	33	33	1740	1740	2801	2801	246	246	732	732	3434	3434	3041	3041	2999	2999	4715	4715	845	845	674	674	78	78	12	12	10	10	4	4	2940	2940	978	978	46	46	11	11	7730	7730	3756	3756	1430	1430	1592	1592	61	61	90	90	534	534	712	712	191	191	531	531	18324	18324	23079	23079	202	202	109	109	2612	2612	6911	6911	912	912	601	601	2809	2809	9660	9660	45	45	50	50	5292	5292	1220	1220	93	93	128	128	123	123	60	60	417	417	3143	3143	28665	28665	22104	22104	1828	1828	618	618	16888	16888	3091	3091	48	48	151	151	91	91	94	94	51	51	63	63	1665	1665	1606	1606	10	10	53	53	610	610	209	209	780	780	3675	3675	242	242	203	203	77	77	6	6	4	4	59	59	39	39	407	407	244	244	232	232	325	325	614	614	838	838	856	856	6	6	32	32	287	287	1335	1335	89	89	33	33	21709	21709	9483	9483	37210	37210	14045	14045	3	3	2	2
IND00849	862	862	836	836	840	840	2043	2043	11	11	27	27	4029	4029	1904	1904	3976	3976	632	632	3797	3797	2810	2810	3128	3128	6809	6809	2103	2103	2511	2511	97	97	118	118	6	6	15	15	538	538	2686	2686	70	70	83	83	4625	4625	7906	7906	1570	1570	782	782	94	94	60	60	482	482	666	666	181	181	345	345	10469	10469	99	99	192	192	187	187	9249	9249	2424	2424	895	895	938	938	16146	16146	34	34	28	28	4	4	6020	6020	5271	5271	113	113	74	74	136	136	83	83	2407	2407	3100	3100	13829	13829	31093	31093	1515	1515	1037	1037	23107	23107	19999	19999	79	79	68	68	111	111	123	123	52	52	60	60	434	434	1523	1523	44	44	114	114	731	731	149	149	7464	7464	1954	1954	1982	1982	1538	1538	126	126	32	32	36	36	18	18	206	206	57	57	241	241	14	14	728	728	904	904	476	476	1141	1141	9	9	10	10	284	284	216	216	18	18	80	80	17417	17417	12287	12287	10704	10704	14140	14140	2	2	1	1
IND00850	897	897	186	186	585	585	1455	1455	6	6	57	57	2783	2783	3290	3290	265	265	4094	4094	1758	1758	2246	2246	5675	5675	425	425	1225	1225	521	521	184	184	206	206	12	12	1	1	857	857	1568	1568	87	87	103	103	2858	2858	2798	2798	762	762	1291	1291	114	114	40	40	277	277	328	328	661	661	318	318	17888	17888	17193	17193	81	81	100	100	2127	2127	10046	10046	516	516	573	573	2742	2742	9694	9694	21	21	53	53	5524	5524	985	985	86	86	79	79	74	74	37	37	6850	6850	4870	4870	19147	19147	22867	22867	1756	1756	513	513	26264	26264	5758	5758	251	251	113	113	30	30	59	59	8	8	43	43	1266	1266	1706	1706	16	16	4	4	824	824	240	240	2701	2701	5319	5319	4	4	853	853	90	90	103	103	41	41	28	28	472	472	380	380	168	168	130	130	196	196	927	927	1899	1899	899	899	6	6	12	12	358	358	1336	1336	108	108	12	12	24990	24990	15384	15384	35913	35913	24783	24783	4	4	1	1
IND00851	979	979	614	614	1253	1253	508	508	43	43	39	39	898	898	3175	3175	3178	3178	159	159	1265	1265	1536	1536	232	232	6801	6801	1505	1505	1537	1537	79	79	27	27	15	15	5	5	2470	2470	291	291	80	80	17	17	4332	4332	7681	7681	80	80	171	171	64	64	45	45	760	760	900	900	173	173	169	169	2041	2041	31699	31699	48	48	169	169	1890	1890	9038	9038	785	785	23	23	6406	6406	13608	13608	61	61	22	22	7003	7003	1530	1530	48	48	97	97	163	163	233	233	1820	1820	1911	1911	13833	13833	31563	31563	1619	1619	303	303	5483	5483	16983	16983	161	161	202	202	121	121	68	68	14	14	58	58	1538	1538	1245	1245	119	119	128	128	242	242	450	450	2957	2957	2007	2007	829	829	1554	1554	37	37	87	87	47	47	44	44	210	210	448	448	21	21	62	62	1018	1018	62	62	663	663	1288	1288	11	11	18	18	745	745	1841	1841	43	43	93	93	3864	3864	4557	4557	24100	24100	35172	35172	3	3	1	1
IND00852	978	978	875	875	1011	1011	283	283	57	57	37	37	1559	1559	4042	4042	1971	1971	1932	1932	2958	2958	1880	1880	2061	2061	1347	1347	3135	3135	2354	2354	95	95	122	122	2	2	13	13	2598	2598	1758	1758	76	76	100	100	4298	4298	2608	2608	1094	1094	1264	1264	98	98	78	78	692	692	1029	1029	918	918	123	123	23131	23131	7488	7488	165	165	87	87	10424	10424	1965	1965	982	982	949	949	3712	3712	11722	11722	29	29	15	15	2298	2298	6349	6349	69	69	89	89	246	246	163	163	1799	1799	6905	6905	26457	26457	9797	9797	1346	1346	1536	1536	13892	13892	16222	16222	50	50	251	251	108	108	30	30	20	20	33	33	675	675	738	738	37	37	81	81	283	283	739	739	6359	6359	3726	3726	1691	1691	1263	1263	113	113	90	90	1	1	17	17	491	491	295	295	226	226	164	164	391	391	751	751	240	240	1777	1777	13	13	6	6	1073	1073	491	491	128	128	92	92	18074	18074	24096	24096	39629	39629	57648	57648	1	1	4	4
IND00853	682	682	788	788	1088	1088	783	783	5	5	9	9	2259	2259	3847	3847	738	738	1632	1632	3137	3137	2164	2164	7008	7008	3381	3381	2597	2597	3841	3841	173	173	78	78	3	3	13	13	984	984	1576	1576	34	34	48	48	2688	2688	6119	6119	849	849	1881	1881	90	90	20	20	1599	1599	28	28	171	171	448	448	4177	4177	4444	4444	40	40	30	30	6594	6594	10965	10965	191	191	881	881	1304	1304	9576	9576	31	31	30	30	7311	7311	2110	2110	85	85	65	65	62	62	170	170	4862	4862	5394	5394	5283	5283	3235	3235	77	77	1516	1516	17584	17584	20190	20190	83	83	233	233	7	7	52	52	45	45	1	1	173	173	974	974	84	84	114	114	795	795	189	189	6496	6496	7836	7836	719	719	2034	2034	85	85	110	110	15	15	40	40	325	325	435	435	66	66	124	124	670	670	718	718	184	184	1939	1939	2	2	14	14	1861	1861	1907	1907	115	115	68	68	26972	26972	2737	2737	1108	1108	6103	6103	1	1	2	2
IND00854	722	722	275	275	499	499	1600	1600	50	50	6	6	646	646	2000	2000	3393	3393	219	219	110	110	1106	1106	2649	2649	3175	3175	2032	2032	2378	2378	15	15	244	244	11	11	11	11	243	243	2971	2971	51	51	94	94	8021	8021	1530	1530	417	417	1141	1141	45	45	121	121	985	985	1291	1291	45	45	349	349	30900	30900	22439	22439	193	193	114	114	15965	15965	10198	10198	852	852	368	368	15457	15457	13994	13994	27	27	36	36	31	31	4473	4473	69	69	13	13	253	253	185	185	7812	7812	3071	3071	6913	6913	8644	8644	1976	1976	436	436	12293	12293	13422	13422	91	91	63	63	35	35	76	76	48	48	59	59	1669	1669	1842	1842	1	1	10	10	837	837	197	197	1997	1997	2055	2055	981	981	143	143	126	126	31	31	35	35	61	61	320	320	267	267	166	166	198	198	168	168	52	52	462	462	1305	1305	13	13	12	12	197	197	544	544	26	26	126	126	22644	22644	17923	17923	31444	31444	65158	65158	2	2	4	4
IND00855	306	306	765	765	700	700	1514	1514	50	50	44	44	837	837	3954	3954	1638	1638	2266	2266	3159	3159	1873	1873	6765	6765	1803	1803	1786	1786	3142	3142	59	59	137	137	2	2	13	13	682	682	3043	3043	6	6	100	100	7259	7259	2228	2228	334	334	198	198	9	9	72	72	495	495	1791	1791	639	639	35	35	20412	20412	13065	13065	221	221	222	222	2729	2729	8958	8958	893	893	11	11	8810	8810	13040	13040	16	16	48	48	7555	7555	1302	1302	48	48	102	102	128	128	221	221	5699	5699	8077	8077	21402	21402	28229	28229	1528	1528	1389	1389	7640	7640	2327	2327	226	226	84	84	49	49	108	108	5	5	62	62	49	49	1321	1321	92	92	122	122	330	330	461	461	137	137	4743	4743	1004	1004	593	593	88	88	21	21	25	25	7	7	253	253	226	226	107	107	81	81	117	117	300	300	650	650	1460	1460	8	8	12	12	122	122	619	619	24	24	91	91	23381	23381	29165	29165	51271	51271	37132	37132	4	4	2	2
IND00856	507	507	724	724	154	154	179	179	61	61	34	34	1124	1124	2088	2088	3947	3947	5	5	2093	2093	3431	3431	4790	4790	6819	6819	2329	2329	2276	2276	80	80	167	167	12	12	9	9	2791	2791	4095	4095	84	84	26	26	6457	6457	189	189	1819	1819	1131	1131	31	31	85	85	815	815	1206	1206	1021	1021	721	721	10563	10563	32378	32378	61	61	119	119	4615	4615	8306	8306	144	144	380	380	4282	4282	2123	2123	52	52	6	6	949	949	1808	1808	45	45	45	45	167	167	244	244	3136	3136	4316	4316	17152	17152	28600	28600	1764	1764	1724	1724	20717	20717	18007	18007	233	233	159	159	5	5	38	38	38	38	5	5	1293	1293	856	856	64	64	106	106	170	170	786	786	6990	6990	2721	2721	988	988	941	941	99	99	52	52	49	49	61	61	316	316	303	303	235	235	250	250	801	801	1011	1011	1705	1705	317	317	27	27	19	19	1200	1200	1829	1829	34	34	10	10	1368	1368	26081	26081	23709	23709	22497	22497	2	2	1	1
IND00857	780	780	135	135	1275	1275	864	864	21	21	25	25	1443	1443	1582	1582	3677	3677	3421	3421	518	518	3065	3065	2187	2187	3559	3559	2858	2858	2411	2411	149	149	177	177	5	5	13	13	2099	2099	3679	3679	15	15	92	92	897	897	5700	5700	1950	1950	641	641	121	121	4	4	1880	1880	79	79	703	703	626	626	26707	26707	22078	22078	225	225	64	64	11362	11362	65	65	969	969	412	412	13051	13051	10518	10518	3	3	34	34	5924	5924	2797	2797	128	128	101	101	145	145	164	164	1873	1873	5518	5518	22652	22652	11504	11504	757	757	1984	1984	13838	13838	12139	12139	130	130	166	166	32	32	43	43	12	12	52	52	255	255	1443	1443	44	44	106	106	519	519	378	378	2715	2715	697	697	1413	1413	549	549	107	107	121	121	40	40	17	17	316	316	392	392	171	171	47	47	591	591	200	200	722	722	43	43	10	10	32	32	427	427	334	334	58	58	51	51	14075	14075	450	450	28848	28848	31937	31937	1	1	3	3
IND00858	1005	1005	771	771	1754	1754	1733	1733	62	62	27	27	611	611	979	979	3069	3069	3547	3547	1330	1330	3269	3269	6468	6468	591	591	1098	1098	155	155	229	229	148	148	11	11	15	15	3712	3712	1424	1424	78	78	72	72	166	166	5337	5337	380	380	773	773	90	90	53	53	1053	1053	1309	1309	319	319	416	416	17215	17215	4315	4315	104	104	14	14	9688	9688	10711	10711	667	667	177	177	6011	6011	10778	10778	55	55	54	54	6065	6065	4598	4598	116	116	128	128	79	79	103	103	8025	8025	3747	3747	2889	2889	18899	18899	1863	1863	1220	1220	21533	21533	14586	14586	83	83	168	168	99	99	105	105	42	42	25	25	986	986	1776	1776	47	47	84	84	449	449	947	947	6773	6773	7484	7484	1042	1042	647	647	67	67	102	102	7	7	50	50	377	377	82	82	173	173	214	214	14	14	929	929	1805	1805	107	107	16	16	32	32	221	221	251	251	116	116	96	96	6303	6303	7082	7082	40301	40301	55887	55887	1	1	1	1
IND00859	681	681	376	376	1105	1105	377	377	23	23	18	18	2750	2750	2928	2928	1766	1766	3699	3699	606	606	2462	2462	1323	1323	7396	7396	3636	3636	959	959	140	140	140	140	1	1	3	3	2886	2886	90	90	24	24	2	2	3577	3577	6398	6398	609	609	854	854	45	45	20	20	680	680	727	727	474	474	928	928	20147	20147	9806	9806	112	112	4	4	13725	13725	3742	3742	942	942	876	876	14526	14526	9026	9026	50	50	12	12	8174	8174	5602	5602	100	100	110	110	224	224	76	76	6082	6082	6885	6885	14998	14998	10717	10717	273	273	1698	1698	5269	5269	24856	24856	21	21	164	164	105	105	43	43	55	55	43	43	577	577	807	807	34	34	63	63	600	600	199	199	1096	1096	4557	4557	1711	1711	64	64	127	127	60	60	14	14	51	51	408	408	105	105	93	93	173	173	936	936	685	685	1561	1561	641	641	10	10	30	30	101	101	540	540	80	80	116	116	30218	30218	16069	16069	53453	53453	64743	64743	3	3	2	2
IND00860	753	753	724	724	1646	1646	1830	1830	45	45	29	29	2998	2998	2082	2082	1660	1660	2562	2562	441	441	508	508	7171	7171	2173	2173	2747	2747	82	82	251	251	62	62	4	4	8	8	1791	1791	1034	1034	65	65	110	110	313	313	1651	1651	349	349	1473	1473	58	58	26	26	804	804	245	245	111	111	857	857	31599	31599	5382	5382	136	136	152	152	1464	1464	7501	7501	704	704	142	142	4421	4421	11546	11546	13	13	61	61	6968	6968	6986	6986	33	33	13	13	248	248	217	217	2174	2174	5501	5501	25473	25473	21232	21232	1913	1913	1173	1173	16607	16607	30757	30757	74	74	171	171	63	63	80	80	10	10	58	58	225	225	1534	1534	121	121	105	105	571	571	77	77	8095	8095	790	790	1624	1624	311	311	56	56	75	75	36	36	22	22	269	269	210	210	100	100	106	106	801	801	913	913	1485	1485	455	455	13	13	31	31	135	135	124	124	22	22	110	110	31277	31277	2701	2701	60596	60596	36244	36244	3	3	1	1
IND00861	1023	1023	90	90	80	80	843	843	32	32	14	14	2468	2468	666	666	1660	1660	2592	2592	2000	2000	23	23	1803	1803	251	251	402	402	884	884	110	110	213	213	8	8	3	3	955	955	3383	3383	24	24	35	35	7025	7025	1557	1557	758	758	1918	1918	112	112	58	58	275	275	53	53	932	932	900	900	26414	26414	15433	15433	230	230	138	138	8471	8471	9872	9872	592	592	471	471	16166	16166	8573	8573	63	63	57	57	2323	2323	6840	6840	67	67	112	112	12	12	42	42	3183	3183	6543	6543	13549	13549	16482	16482	1798	1798	507	507	10427	10427	13507	13507	13	13	168	168	60	60	85	85	33	33	12	12	2007	2007	1958	1958	28	28	6	6	555	555	746	746	2957	2957	950	950	1444	1444	226	226	71	71	73	73	4	4	60	60	299	299	330	330	59	59	80	80	177	177	222	222	1504	1504	1488	1488	5	5	12	12	1018	1018	299	299	74	74	91	91	19656	19656	24540	24540	29521	29521	4660	4660	1	1	2	2
IND00862	777	777	477	477	1142	1142	1960	1960	37	37	39	39	727	727	1756	1756	3572	3572	3860	3860	606	606	2884	2884	2648	2648	135	135	2961	2961	2637	2637	95	95	175	175	5	5	7	7	958	958	4005	4005	122	122	75	75	6354	6354	7113	7113	1709	1709	1179	1179	41	41	40	40	1746	1746	617	617	536	536	795	795	6024	6024	30077	30077	116	116	219	219	2009	2009	8818	8818	289	289	610	610	10538	10538	14332	14332	59	59	1	1	2432	2432	692	692	82	82	32	32	33	33	214	214	2410	2410	5852	5852	32616	32616	30772	30772	260	260	1439	1439	9200	9200	8407	8407	56	56	210	210	29	29	45	45	26	26	35	35	957	957	1510	1510	10	10	27	27	979	979	171	171	5525	5525	68	68	1894	1894	46	46	82	82	124	124	20	20	42	42	34	34	415	415	215	215	39	39	790	790	800	800	1655	1655	418	418	4	4	21	21	678	678	1047	1047	63	63	101	101	28654	28654	26851	26851	8985	8985	18072	18072	2	2	3	3
IND00863	265	265	125	125	1690	1690	430	430	28	28	8	8	1040	1040	1523	1523	1365	1365	1617	1617	3673	3673	2893	2893	5639	5639	5523	5523	2553	2553	2217	2217	155	155	251	251	4	4	7	7	40	40	1775	1775	18	18	40	40	5535	5535	7634	7634	155	155	129	129	68	68	101	101	620	620	795	795	120	120	551	551	8900	8900	25975	25975	63	63	69	69	4117	4117	6273	6273	811	811	784	784	11710	11710	560	560	56	56	40	40	7306	7306	4093	4093	113	113	21	21	28	28	68	68	6800	6800	1382	1382	17028	17028	26907	26907	290	290	90	90	910	910	1893	1893	38	38	20	20	118	118	42	42	43	43	37	37	1738	1738	66	66	41	41	46	46	484	484	801	801	5962	5962	4639	4639	1210	1210	1814	1814	30	30	77	77	36	36	24	24	2	2	62	62	73	73	182	182	106	106	402	402	1691	1691	1117	1117	9	9	11	11	479	479	820	820	89	89	1	1	29585	29585	28139	28139	21231	21231	36030	36030	1	1	1	1
IND00864	589	589	15	15	829	829	1082	1082	60	60	28	28	848	848	4051	4051	910	910	3531	3531	847	847	941	941	3390	3390	1150	1150	2554	2554	542	542	164	164	38	38	12	12	10	10	2766	2766	2975	2975	59	59	67	67	2016	2016	3893	3893	1001	1001	1379	1379	92	92	100	100	1322	1322	151	151	560	560	731	731	17715	17715	27482	27482	182	182	206	206	7285	7285	7364	7364	772	772	14	14	10570	10570	2122	2122	43	43	20	20	6423	6423	972	972	108	108	23	23	253	253	198	198	4122	4122	119	119	28574	28574	29159	29159	1609	1609	1815	1815	1150	1150	15210	15210	209	209	131	131	29	29	60	60	59	59	29	29	1232	1232	2033	2033	3	3	127	127	417	417	83	83	6692	6692	3521	3521	1860	1860	1301	1301	7	7	73	73	5	5	8	8	342	342	185	185	206	206	28	28	396	396	617	617	1503	1503	1270	1270	21	21	12	12	1818	1818	1321	1321	7	7	105	105	4005	4005	10133	10133	5204	5204	47474	47474	2	2	1	1
IND00865	1014	1014	763	763	1627	1627	1280	1280	44	44	47	47	3883	3883	2314	2314	3102	3102	1202	1202	3335	3335	761	761	3437	3437	6485	6485	1654	1654	117	117	67	67	168	168	16	16	7	7	1966	1966	81	81	33	33	101	101	2549	2549	2663	2663	517	517	1462	1462	19	19	100	100	851	851	948	948	621	621	672	672	24226	24226	30629	30629	43	43	192	192	10116	10116	3851	3851	654	654	696	696	2396	2396	6119	6119	52	52	17	17	5667	5667	3823	3823	17	17	12	12	47	47	239	239	958	958	4476	4476	9411	9411	21077	21077	198	198	578	578	11910	11910	27237	27237	227	227	2	2	17	17	48	48	39	39	14	14	1435	1435	324	324	110	110	1	1	916	916	442	442	1173	1173	2882	2882	1940	1940	1189	1189	89	89	74	74	28	28	24	24	17	17	361	361	253	253	22	22	245	245	202	202	1196	1196	1618	1618	17	17	6	6	235	235	1251	1251	89	89	9	9	4372	4372	31206	31206	51468	51468	3182	3182	1	1	3	3
IND00866	848	848	137	137	971	971	665	665	27	27	31	31	271	271	2738	2738	2504	2504	3050	3050	2171	2171	1905	1905	4414	4414	728	728	23	23	2654	2654	204	204	214	214	15	15	10	10	3931	3931	2089	2089	96	96	9	9	7835	7835	7408	7408	826	826	1650	1650	89	89	40	40	1802	1802	1851	1851	927	927	81	81	326	326	29723	29723	123	123	234	234	1952	1952	16239	16239	208	208	832	832	16211	16211	54	54	39	39	10	10	855	855	6170	6170	49	49	63	63	54	54	18	18	3199	3199	7299	7299	3404	3404	27629	27629	1484	1484	765	765	1947	1947	1108	1108	248	248	10	10	99	99	124	124	61	61	8	8	1152	1152	615	615	101	101	70	70	631	631	600	600	7270	7270	447	447	64	64	1542	1542	123	123	52	52	38	38	18	18	231	231	441	441	113	113	186	186	11	11	138	138	213	213	755	755	12	12	5	5	670	670	261	261	49	49	67	67	7553	7553	31638	31638	58376	58376	9788	9788	3	3	3	3
IND00867	304	304	415	415	1578	1578	1164	1164	64	64	42	42	682	682	3699	3699	1566	1566	104	104	878	878	75	75	5287	5287	1961	1961	57	57	3396	3396	48	48	81	81	11	11	9	9	937	937	1879	1879	55	55	12	12	5788	5788	6388	6388	1423	1423	1802	1802	1	1	87	87	205	205	802	802	364	364	143	143	1956	1956	27856	27856	213	213	162	162	16290	16290	1209	1209	851	851	624	624	12999	12999	13231	13231	38	38	9	9	3924	3924	7405	7405	66	66	1	1	58	58	254	254	5871	5871	4218	4218	3015	3015	726	726	1159	1159	1234	1234	7024	7024	29815	29815	35	35	76	76	122	122	126	126	60	60	44	44	1529	1529	1494	1494	4	4	44	44	391	391	491	491	4670	4670	1563	1563	1847	1847	184	184	126	126	41	41	44	44	60	60	502	502	123	123	59	59	196	196	15	15	493	493	1022	1022	60	60	32	32	31	31	260	260	1153	1153	3	3	124	124	25645	25645	19996	19996	18161	18161	39761	39761	2	2	4	4
IND00868	550	550	726	726	1859	1859	19	19	64	64	10	10	2078	2078	2503	2503	134	134	151	151	2211	2211	2936	2936	6419	6419	5822	5822	1994	1994	3871	3871	173	173	222	222	1	1	9	9	1128	1128	1716	1716	118	118	89	89	765	765	8125	8125	45	45	1384	1384	4	4	47	47	1384	1384	1761	1761	875	875	96	96	11708	11708	15321	15321	120	120	155	155	4609	4609	10640	10640	846	846	23	23	1654	1654	13386	13386	32	32	21	21	4352	4352	4453	4453	123	123	23	23	117	117	117	117	5930	5930	5417	5417	14917	14917	14364	14364	1427	1427	349	349	677	677	15806	15806	141	141	215	215	97	97	24	24	15	15	43	43	829	829	1850	1850	53	53	9	9	329	329	572	572	479	479	4297	4297	331	331	120	120	10	10	104	104	16	16	16	16	396	396	74	74	235	235	57	57	72	72	824	824	831	831	1386	1386	7	7	11	11	90	90	910	910	52	52	81	81	21755	21755	9763	9763	32436	32436	17527	17527	4	4	2	2
IND00869	677	677	283	283	975	975	2031	2031	4	4	32	32	1472	1472	3680	3680	2886	2886	907	907	2395	2395	3060	3060	2892	2892	3074	3074	3419	3419	3879	3879	126	126	10	10	9	9	11	11	2312	2312	710	710	19	19	1	1	4443	4443	1213	1213	37	37	388	388	44	44	46	46	226	226	765	765	679	679	490	490	24476	24476	24086	24086	6	6	240	240	9693	9693	3035	3035	207	207	457	457	14214	14214	1436	1436	56	56	35	35	6181	6181	5033	5033	45	45	115	115	182	182	115	115	5116	5116	7942	7942	25376	25376	5318	5318	851	851	691	691	32108	32108	4583	4583	13	13	38	38	50	50	113	113	13	13	1	1	791	791	512	512	3	3	80	80	160	160	198	198	604	604	6501	6501	1037	1037	765	765	19	19	63	63	9	9	6	6	385	385	114	114	5	5	224	224	856	856	387	387	2028	2028	309	309	16	16	28	28	860	860	717	717	91	91	13	13	11976	11976	23657	23657	56117	56117	39321	39321	4	4	2	2
IND00870	843	843	466	466	1497	1497	1033	1033	62	62	25	25	777	777	708	708	524	524	3045	3045	1225	1225	3993	3993	3944	3944	7611	7611	3057	3057	1470	1470	211	211	25	25	5	5	10	10	980	980	44	44	103	103	57	57	5379	5379	6905	6905	834	834	183	183	21	21	66	66	486	486	797	797	390	390	719	719	29969	29969	3830	3830	247	247	51	51	13673	13673	7587	7587	76	76	803	803	3823	3823	7355	7355	5	5	58	58	101	101	3595	3595	125	125	45	45	205	205	191	191	6452	6452	6519	6519	11664	11664	24605	24605	1118	1118	449	449	1939	1939	10624	10624	214	214	223	223	40	40	88	88	35	35	35	35	1125	1125	1360	1360	51	51	3	3	757	757	217	217	7190	7190	1411	1411	705	705	1461	1461	9	9	87	87	49	49	21	21	258	258	346	346	153	153	35	35	783	783	992	992	1246	1246	1680	1680	27	27	10	10	1382	1382	1071	1071	27	27	44	44	31052	31052	8892	8892	22561	22561	23749	23749	3	3	2	2
IND00871	932	932	174	174	156	156	1923	1923	56	56	46	46	159	159	3724	3724	3757	3757	2630	2630	1422	1422	4063	4063	2719	2719	82	82	3561	3561	682	682	48	48	147	147	13	13	16	16	1275	1275	3017	3017	52	52	29	29	7119	7119	7917	7917	1694	1694	24	24	112	112	11	11	261	261	254	254	1011	1011	284	284	16569	16569	11877	11877	93	93	181	181	10816	10816	1027	1027	719	719	172	172	6910	6910	12196	12196	16	16	5	5	631	631	7783	7783	11	11	93	93	74	74	131	131	5363	5363	1090	1090	24688	24688	19560	19560	1129	1129	1082	1082	2318	2318	18885	18885	62	62	251	251	124	124	73	73	64	64	49	49	1284	1284	40	40	8	8	64	64	335	335	606	606	6734	6734	3333	3333	509	509	479	479	46	46	39	39	49	49	26	26	394	394	196	196	185	185	147	147	570	570	517	517	1758	1758	724	724	26	26	20	20	169	169	1960	1960	46	46	78	78	4880	4880	27742	27742	37787	37787	1216	1216	1	1	1	1
IND00872	869	869	161	161	934	934	1657	1657	23	23	6	6	1254	1254	1339	1339	3650	3650	1602	1602	1414	1414	1415	1415	64	64	6074	6074	1985	1985	3603	3603	131	131	37	37	5	5	5	5	1372	1372	2335	2335	54	54	1	1	1441	1441	3009	3009	1555	1555	257	257	125	125	116	116	13	13	588	588	892	892	110	110	9619	9619	6475	6475	146	146	232	232	12293	12293	12498	12498	402	402	662	662	13127	13127	7061	7061	10	10	56	56	4644	4644	4405	4405	89	89	4	4	91	91	135	135	1288	1288	8071	8071	28123	28123	1726	1726	1274	1274	1196	1196	13454	13454	15323	15323	43	43	74	74	55	55	61	61	17	17	46	46	653	653	1067	1067	42	42	84	84	732	732	772	772	4101	4101	4760	4760	1397	1397	1216	1216	15	15	96	96	27	27	44	44	304	304	310	310	19	19	63	63	55	55	102	102	1991	1991	1188	1188	12	12	17	17	485	485	1780	1780	81	81	111	111	1003	1003	11474	11474	45590	45590	11464	11464	2	2	1	1
IND00873	316	316	533	533	501	501	1803	1803	25	25	12	12	800	800	137	137	2540	2540	2563	2563	4095	4095	2874	2874	3809	3809	2248	2248	1804	1804	2426	2426	77	77	44	44	13	13	7	7	3028	3028	859	859	108	108	86	86	4458	4458	1711	1711	669	669	566	566	41	41	2	2	672	672	16	16	351	351	21	21	14631	14631	24670	24670	122	122	83	83	15815	15815	2778	2778	184	184	508	508	14222	14222	2229	2229	17	17	34	34	459	459	716	716	25	25	99	99	82	82	156	156	4602	4602	609	609	16507	16507	13171	13171	1524	1524	25	25	20420	20420	31969	31969	56	56	100	100	76	76	5	5	55	55	64	64	1643	1643	214	214	23	23	10	10	734	734	152	152	5434	5434	7236	7236	1580	1580	692	692	98	98	98	98	49	49	46	46	502	502	231	231	196	196	53	53	953	953	623	623	1808	1808	1130	1130	23	23	21	21	325	325	1020	1020	105	105	83	83	12269	12269	20593	20593	41196	41196	30649	30649	1	1	1	1
IND00874	113	113	575	575	1145	1145	748	748	63	63	44	44	1785	1785	3556	3556	1798	1798	1833	1833	1738	1738	1922	1922	6421	6421	1904	1904	3745	3745	3636	3636	248	248	31	31	3	3	4	4	1846	1846	1243	1243	59	59	58	58	4766	4766	3629	3629	1582	1582	571	571	40	40	107	107	1229	1229	819	819	434	434	355	355	4880	4880	7751	7751	243	243	123	123	3840	3840	2806	2806	493	493	275	275	8431	8431	7616	7616	21	21	35	35	6708	6708	3319	3319	20	20	12	12	71	71	52	52	4587	4587	6933	6933	27349	27349	5020	5020	619	619	18	18	20781	20781	25337	25337	235	235	207	207	95	95	1	1	38	38	1	1	1898	1898	1065	1065	38	38	84	84	464	464	45	45	4137	4137	3082	3082	125	125	737	737	77	77	96	96	25	25	21	21	175	175	141	141	100	100	163	163	145	145	143	143	191	191	208	208	22	22	7	7	767	767	472	472	26	26	31	31	17710	17710	18745	18745	41178	41178	567	567	3	3	1	1
IND00875	214	214	102	102	1897	1897	103	103	9	9	29	29	1284	1284	308	308	3400	3400	2009	2009	632	632	2456	2456	2588	2588	5986	5986	1757	1757	3217	3217	212	212	199	199	15	15	3	3	2006	2006	3001	3001	122	122	109	109	4490	4490	796	796	521	521	1252	1252	83	83	13	13	1070	1070	89	89	895	895	179	179	3094	3094	15689	15689	142	142	3	3	9360	9360	2010	2010	137	137	941	941	11786	11786	3086	3086	20	20	26	26	3357	3357	2879	2879	49	49	95	95	124	124	48	48	5332	5332	3837	3837	20534	20534	31137	31137	566	566	640	640	10918	10918	29433	29433	225	225	39	39	101	101	103	103	4	4	17	17	1363	1363	190	190	63	63	22	22	1020	1020	476	476	3456	3456	1037	1037	472	472	1088	1088	104	104	57	57	33	33	20	20	315	315	196	196	172	172	36	36	974	974	970	970	1874	1874	325	325	7	7	21	21	1174	1174	783	783	4	4	36	36	19640	19640	5260	5260	38785	38785	24486	24486	3	3	4	4
IND00876	182	182	967	967	59	59	1389	1389	42	42	21	21	1608	1608	3355	3355	904	904	2246	2246	3230	3230	1426	1426	4302	4302	3193	3193	1513	1513	414	414	80	80	184	184	14	14	1	1	3319	3319	559	559	75	75	66	66	1620	1620	7713	7713	868	868	360	360	40	40	63	63	905	905	702	702	485	485	897	897	31406	31406	25385	25385	224	224	229	229	7939	7939	1731	1731	715	715	80	80	7419	7419	10581	10581	25	25	22	22	6506	6506	5457	5457	50	50	113	113	62	62	87	87	8008	8008	8012	8012	16681	16681	18504	18504	1910	1910	817	817	31463	31463	31252	31252	219	219	49	49	1	1	7	7	48	48	42	42	1597	1597	1960	1960	22	22	35	35	59	59	204	204	2593	2593	5008	5008	1260	1260	585	585	78	78	11	11	6	6	41	41	249	249	140	140	173	173	74	74	940	940	63	63	1640	1640	1147	1147	11	11	15	15	1490	1490	874	874	39	39	30	30	11469	11469	30277	30277	22790	22790	46531	46531	3	3	3	3
IND00877	399	399	443	443	1044	1044	1302	1302	35	35	43	43	2842	2842	508	508	1031	1031	2351	2351	2303	2303	3451	3451	7889	7889	6957	6957	3974	3974	2693	2693	109	109	151	151	11	11	3	3	674	674	1114	1114	85	85	64	64	7414	7414	901	901	188	188	187	187	93	93	104	104	1611	1611	1622	1622	16	16	655	655	3871	3871	14340	14340	1	1	228	228	15761	15761	11642	11642	884	884	21	21	6916	6916	13769	13769	41	41	44	44	7015	7015	1619	1619	25	25	83	83	27	27	27	27	6655	6655	5023	5023	22067	22067	24210	24210	908	908	591	591	27246	27246	5060	5060	19	19	87	87	96	96	99	99	61	61	44	44	1386	1386	426	426	25	25	88	88	340	340	292	292	4347	4347	7828	7828	356	356	913	913	59	59	122	122	41	41	50	50	329	329	11	11	15	15	87	87	845	845	960	960	40	40	492	492	19	19	26	26	1150	1150	568	568	127	127	38	38	17525	17525	24245	24245	34589	34589	62374	62374	4	4	2	2
IND00878	22	22	307	307	1939	1939	592	592	27	27	18	18	2382	2382	2315	2315	933	933	2418	2418	1109	1109	1572	1572	4872	4872	1835	1835	449	449	3440	3440	200	200	4	4	16	16	7	7	1869	1869	1250	1250	3	3	119	119	2550	2550	7160	7160	1498	1498	1169	1169	70	70	22	22	1574	1574	1131	1131	763	763	1024	1024	4947	4947	10443	10443	246	246	231	231	8815	8815	6411	6411	349	349	490	490	8107	8107	12440	12440	45	45	45	45	6915	6915	7290	7290	114	114	28	28	92	92	45	45	7442	7442	8039	8039	18527	18527	26276	26276	1629	1629	951	951	14706	14706	24854	24854	125	125	99	99	36	36	8	8	59	59	26	26	1357	1357	1306	1306	10	10	6	6	390	390	681	681	6195	6195	2426	2426	296	296	1002	1002	61	61	121	121	43	43	17	17	308	308	390	390	118	118	226	226	472	472	362	362	1096	1096	947	947	20	20	12	12	229	229	797	797	20	20	101	101	16030	16030	6755	6755	64072	64072	8244	8244	3	3	1	1
IND00879	881	881	156	156	716	716	1495	1495	23	23	4	4	9	9	1156	1156	4027	4027	2737	2737	2799	2799	2053	2053	7774	7774	4242	4242	1090	1090	3823	3823	11	11	245	245	1	1	5	5	3838	3838	2270	2270	81	81	69	69	7719	7719	670	670	1272	1272	1206	1206	48	48	122	122	900	900	457	457	57	57	880	880	19223	19223	14325	14325	227	227	244	244	6177	6177	8357	8357	395	395	337	337	1276	1276	1123	1123	47	47	53	53	7682	7682	2971	2971	108	108	46	46	236	236	28	28	1834	1834	2776	2776	1620	1620	27099	27099	399	399	987	987	31751	31751	14790	14790	239	239	157	157	36	36	124	124	13	13	50	50	152	152	2018	2018	17	17	19	19	399	399	763	763	5750	5750	3617	3617	420	420	626	626	3	3	42	42	35	35	9	9	196	196	416	416	164	164	234	234	545	545	203	203	1627	1627	1470	1470	15	15	6	6	1082	1082	1527	1527	7	7	43	43	883	883	17936	17936	54139	54139	39466	39466	1	1	1	1
IND00880	224	224	217	217	633	633	1562	1562	58	58	24	24	3388	3388	4045	4045	2089	2089	276	276	2118	2118	2676	2676	5504	5504	7912	7912	2483	2483	2498	2498	237	237	255	255	6	6	14	14	3976	3976	4028	4028	3	3	29	29	3772	3772	6845	6845	734	734	1160	1160	51	51	9	9	237	237	905	905	536	536	506	506	7120	7120	28928	28928	153	153	118	118	11758	11758	8421	8421	1010	1010	715	715	1568	1568	1443	1443	24	24	3	3	6259	6259	7752	7752	51	51	61	61	24	24	199	199	1885	1885	4240	4240	1417	1417	20542	20542	1658	1658	1659	1659	21851	21851	8654	8654	114	114	1	1	77	77	70	70	45	45	44	44	1624	1624	342	342	116	116	114	114	446	446	115	115	5853	5853	453	453	1250	1250	332	332	77	77	95	95	12	12	3	3	328	328	167	167	106	106	125	125	640	640	1024	1024	1267	1267	1953	1953	16	16	23	23	1130	1130	256	256	49	49	71	71	13585	13585	16733	16733	53819	53819	8500	8500	4	4	1	1
IND00881	698	698	903	903	447	447	650	650	15	15	51	51	3068	3068	3683	3683	474	474	3257	3257	3395	3395	4081	4081	4931	4931	148	148	131	131	3462	3462	236	236	195	195	13	13	6	6	1733	1733	23	23	106	106	111	111	4023	4023	4734	4734	1457	1457	1107	1107	116	116	47	47	1225	1225	749	749	462	462	342	342	539	539	30189	30189	164	164	160	160	12717	12717	5843	5843	845	845	322	322	11080	11080	2971	2971	15	15	49	49	5927	5927	4072	4072	93	93	63	63	170	170	163	163	6074	6074	5524	5524	31625	31625	25589	25589	1432	1432	1800	1800	16219	16219	16227	16227	22	22	221	221	111	111	54	54	47	47	59	59	412	412	1188	1188	119	119	64	64	308	308	142	142	7470	7470	3246	3246	1220	1220	1976	1976	73	73	14	14	57	57	59	59	148	148	47	47	139	139	126	126	988	988	592	592	782	782	1633	1633	7	7	13	13	1258	1258	257	257	25	25	31	31	20190	20190	32066	32066	11111	11111	4121	4121	3	3	1	1
IND00882	548	548	139	139	1341	1341	15	15	17	17	32	32	3450	3450	311	311	72	72	255	255	1800	1800	3645	3645	3412	3412	7279	7279	1848	1848	2747	2747	102	102	229	229	10	10	14	14	1897	1897	3353	3353	113	113	47	47	7226	7226	6984	6984	521	521	1656	1656	115	115	56	56	120	120	1832	1832	585	585	199	199	2147	2147	12078	12078	210	210	88	88	15407	15407	2964	2964	81	81	175	175	2655	2655	15984	15984	2	2	39	39	6315	6315	1834	1834	71	71	57	57	144	144	240	240	1006	1006	823	823	5634	5634	9119	9119	1375	1375	1872	1872	26735	26735	32259	32259	142	142	97	97	31	31	33	33	43	43	40	40	783	783	464	464	91	91	125	125	532	532	370	370	513	513	8088	8088	521	521	1030	1030	60	60	2	2	3	3	48	48	487	487	274	274	179	179	85	85	371	371	834	834	1934	1934	113	113	27	27	21	21	1696	1696	1274	1274	94	94	92	92	16331	16331	6546	6546	12863	12863	31882	31882	2	2	4	4
IND00883	550	550	1	1	1239	1239	1771	1771	44	44	8	8	2421	2421	2009	2009	3224	3224	1686	1686	2116	2116	2969	2969	3415	3415	7206	7206	2974	2974	2563	2563	166	166	231	231	15	15	14	14	2900	2900	2177	2177	52	52	2	2	1152	1152	2983	2983	51	51	960	960	104	104	96	96	703	703	692	692	408	408	75	75	32639	32639	29647	29647	49	49	85	85	14502	14502	6034	6034	546	546	841	841	7778	7778	8064	8064	45	45	38	38	5834	5834	2655	2655	30	30	19	19	254	254	244	244	4796	4796	6551	6551	30832	30832	17972	17972	229	229	1430	1430	31414	31414	22071	22071	225	225	252	252	44	44	39	39	55	55	50	50	1294	1294	1131	1131	64	64	5	5	17	17	389	389	4906	4906	6717	6717	2025	2025	748	748	65	65	24	24	6	6	33	33	256	256	451	451	69	69	17	17	612	612	707	707	1893	1893	152	152	3	3	13	13	961	961	1808	1808	77	77	120	120	16693	16693	10050	10050	25857	25857	50661	50661	1	1	4	4
IND00884	49	49	695	695	1761	1761	2008	2008	61	61	16	16	4001	4001	3219	3219	1667	1667	1645	1645	4043	4043	1779	1779	4243	4243	8005	8005	2000	2000	1852	1852	62	62	66	66	7	7	2	2	2545	2545	1022	1022	20	20	80	80	5267	5267	950	950	690	690	1591	1591	55	55	34	34	1562	1562	238	238	966	966	757	757	29507	29507	3036	3036	77	77	223	223	9808	9808	10814	10814	967	967	941	941	1520	1520	2839	2839	42	42	15	15	3735	3735	4462	4462	120	120	74	74	133	133	101	101	990	990	3689	3689	10102	10102	17874	17874	1639	1639	355	355	30145	30145	10670	10670	68	68	164	164	24	24	3	3	39	39	16	16	1166	1166	966	966	68	68	24	24	176	176	859	859	406	406	4858	4858	1410	1410	60	60	91	91	90	90	64	64	17	17	199	199	74	74	78	78	123	123	317	317	565	565	725	725	1717	1717	17	17	17	17	1545	1545	1929	1929	31	31	122	122	189	189	26636	26636	13360	13360	37052	37052	2	2	1	1
IND00885	208	208	40	40	740	740	548	548	23	23	27	27	188	188	599	599	2026	2026	2	2	3218	3218	3254	3254	2093	2093	7262	7262	1810	1810	3210	3210	187	187	53	53	14	14	12	12	3514	3514	2566	2566	21	21	13	13	7461	7461	996	996	1023	1023	924	924	20	20	109	109	153	153	845	845	576	576	817	817	27877	27877	528	528	203	203	23	23	8166	8166	4744	4744	62	62	646	646	1892	1892	1050	1050	42	42	28	28	4536	4536	1036	1036	57	57	17	17	82	82	47	47	1792	1792	604	604	20186	20186	20415	20415	1060	1060	1011	1011	6529	6529	14387	14387	218	218	162	162	116	116	74	74	19	19	49	49	667	667	1758	1758	101	101	35	35	39	39	259	259	3193	3193	3777	3777	378	378	97	97	71	71	66	66	21	21	52	52	292	292	212	212	189	189	156	156	433	433	607	607	8	8	817	817	20	20	16	16	1050	1050	1612	1612	37	37	97	97	23014	23014	12850	12850	61199	61199	14618	14618	4	4	3	3
IND00886	556	556	219	219	1522	1522	1076	1076	32	32	23	23	3698	3698	1843	1843	3349	3349	776	776	1952	1952	1580	1580	6318	6318	2545	2545	3859	3859	1746	1746	53	53	119	119	3	3	3	3	3895	3895	1683	1683	87	87	58	58	3527	3527	7467	7467	298	298	926	926	75	75	78	78	1807	1807	1838	1838	407	407	553	553	15489	15489	7664	7664	51	51	199	199	10083	10083	1246	1246	893	893	493	493	11527	11527	15349	15349	14	14	36	36	6716	6716	2518	2518	104	104	16	16	8	8	98	98	7247	7247	2940	2940	23479	23479	3046	3046	29	29	709	709	356	356	25309	25309	219	219	66	66	84	84	101	101	15	15	5	5	923	923	1007	1007	99	99	56	56	269	269	639	639	2672	2672	508	508	1508	1508	1805	1805	63	63	28	28	22	22	5	5	88	88	411	411	54	54	58	58	538	538	774	774	648	648	201	201	16	16	6	6	999	999	1093	1093	123	123	77	77	11445	11445	9427	9427	36216	36216	19169	19169	1	1	4	4
IND00887	49	49	553	553	1656	1656	2039	2039	9	9	20	20	1666	1666	1928	1928	1295	1295	3564	3564	1840	1840	1639	1639	4649	4649	1608	1608	3459	3459	1076	1076	65	65	244	244	8	8	14	14	638	638	3010	3010	2	2	66	66	300	300	6708	6708	1914	1914	857	857	66	66	47	47	1439	1439	1764	1764	622	622	360	360	18403	18403	21641	21641	70	70	35	35	7873	7873	12390	12390	321	321	458	458	12502	12502	1921	1921	63	63	59	59	7705	7705	1682	1682	95	95	12	12	234	234	193	193	5907	5907	7855	7855	23135	23135	20652	20652	939	939	746	746	29787	29787	15073	15073	211	211	109	109	66	66	53	53	58	58	22	22	1458	1458	556	556	21	21	40	40	822	822	4	4	3228	3228	4085	4085	371	371	115	115	69	69	63	63	10	10	52	52	320	320	440	440	152	152	201	201	436	436	461	461	786	786	528	528	22	22	31	31	460	460	57	57	103	103	50	50	382	382	6732	6732	12658	12658	22671	22671	1	1	2	2
IND00888	357	357	60	60	795	795	982	982	2	2	18	18	2504	2504	1337	1337	2678	2678	926	926	388	388	3572	3572	6172	6172	146	146	2787	2787	2227	2227	29	29	168	168	2	2	5	5	2434	2434	2559	2559	29	29	68	68	3103	3103	3102	3102	1882	1882	615	615	99	99	128	128	677	677	317	317	315	315	572	572	4442	4442	13921	13921	164	164	195	195	12175	12175	7288	7288	785	785	407	407	2275	2275	5707	5707	29	29	8	8	96	96	7449	7449	36	36	15	15	123	123	153	153	7030	7030	5893	5893	30764	30764	21820	21820	1600	1600	506	506	1060	1060	31461	31461	35	35	88	88	13	13	45	45	52	52	51	51	715	715	1889	1889	120	120	88	88	682	682	64	64	4	4	7122	7122	513	513	297	297	113	113	81	81	19	19	18	18	15	15	266	266	78	78	250	250	231	231	976	976	66	66	1545	1545	3	3	18	18	746	746	1075	1075	111	111	21	21	20394	20394	22621	22621	13056	13056	42272	42272	3	3	4	4
IND00889	64	64	1010	1010	639	639	1542	1542	15	15	2	2	1989	1989	1348	1348	983	983	1253	1253	744	744	1695	1695	1071	1071	3902	3902	2901	2901	991	991	113	113	175	175	11	11	3	3	3639	3639	2099	2099	100	100	29	29	5308	5308	1788	1788	857	857	1643	1643	121	121	51	51	904	904	487	487	872	872	928	928	30618	30618	29880	29880	79	79	56	56	9907	9907	11197	11197	425	425	444	444	2185	2185	12502	12502	30	30	32	32	2748	2748	1979	1979	18	18	103	103	215	215	4	4	7524	7524	7646	7646	567	567	22783	22783	1939	1939	601	601	8200	8200	15895	15895	91	91	11	11	101	101	101	101	26	26	23	23	1995	1995	136	136	15	15	21	21	1011	1011	403	403	3675	3675	1789	1789	784	784	1525	1525	73	73	55	55	19	19	55	55	354	354	470	470	171	171	197	197	505	505	861	861	1701	1701	1669	1669	3	3	31	31	481	481	1348	1348	89	89	91	91	30385	30385	15449	15449	7428	7428	24960	24960	4	4	1	1
IND00890	640	640	347	347	1974	1974	2026	2026	18	18	26	26	2582	2582	3067	3067	1467	1467	919	919	2682	2682	3879	3879	4868	4868	5353	5353	3412	3412	3453	3453	5	5	188	188	8	8	12	12	101	101	3214	3214	43	43	40	40	7186	7186	6687	6687	373	373	765	765	37	37	10	10	905	905	2011	2011	673	673	857	857	6314	6314	20791	20791	116	116	177	177	14334	14334	6709	6709	907	907	984	984	11258	11258	1308	1308	50	50	52	52	1669	1669	2803	2803	59	59	76	76	225	225	83	83	4154	4154	2060	2060	32706	32706	2914	2914	71	71	1164	1164	17303	17303	27279	27279	156	156	212	212	89	89	2	2	29	29	48	48	764	764	310	310	78	78	77	77	1007	1007	984	984	4447	4447	8081	8081	558	558	1992	1992	36	36	114	114	13	13	3	3	461	461	1	1	255	255	65	65	1019	1019	935	935	351	351	605	605	22	22	24	24	2039	2039	1196	1196	53	53	68	68	18313	18313	6390	6390	52165	52165	31450	31450	3	3	3	3
IND00891	973	973	490	490	461	461	1623	1623	55	55	48	48	2781	2781	106	106	2804	2804	549	549	3022	3022	414	414	464	464	4000	4000	1575	1575	1537	1537	68	68	27	27	10	10	14	14	4055	4055	1283	1283	13	13	88	88	7352	7352	107	107	1027	1027	1880	1880	40	40	70	70	617	617	1554	1554	702	702	380	380	3	3	26329	26329	105	105	236	236	9224	9224	1791	1791	233	233	723	723	9179	9179	7201	7201	27	27	52	52	11	11	406	406	76	76	108	108	140	140	25	25	4409	4409	166	166	5472	5472	25098	25098	2012	2012	55	55	29176	29176	5929	5929	189	189	47	47	23	23	86	86	62	62	59	59	563	563	833	833	5	5	53	53	524	524	53	53	4857	4857	2388	2388	322	322	758	758	55	55	55	55	35	35	22	22	287	287	341	341	236	236	139	139	19	19	498	498	1452	1452	1847	1847	24	24	22	22	554	554	1186	1186	98	98	97	97	31025	31025	15796	15796	799	799	18346	18346	4	4	3	3
IND00892	775	775	84	84	290	290	858	858	57	57	8	8	1683	1683	315	315	775	775	3654	3654	2628	2628	521	521	7666	7666	1319	1319	2376	2376	2942	2942	88	88	202	202	8	8	5	5	2164	2164	1805	1805	107	107	126	126	4073	4073	5432	5432	948	948	1290	1290	39	39	99	99	1454	1454	1738	1738	857	857	823	823	14439	14439	14277	14277	14	14	217	217	5077	5077	7975	7975	82	82	310	310	86	86	195	195	22	22	34	34	6884	6884	5644	5644	58	58	89	89	169	169	206	206	8104	8104	475	475	2305	2305	6705	6705	243	243	1034	1034	7189	7189	22910	22910	49	49	179	179	81	81	37	37	60	60	40	40	13	13	1590	1590	123	123	20	20	65	65	1004	1004	10	10	2502	2502	1335	1335	1754	1754	115	115	110	110	8	8	40	40	145	145	259	259	248	248	234	234	921	921	416	416	1343	1343	1264	1264	11	11	24	24	943	943	1409	1409	66	66	74	74	19023	19023	27264	27264	50402	50402	32620	32620	1	1	1	1
IND00893	1020	1020	374	374	1336	1336	1749	1749	6	6	20	20	4015	4015	1958	1958	541	541	733	733	535	535	1933	1933	5264	5264	6109	6109	2113	2113	1110	1110	254	254	234	234	16	16	15	15	2122	2122	1148	1148	53	53	111	111	6300	6300	5964	5964	250	250	17	17	102	102	53	53	1980	1980	1334	1334	856	856	53	53	9493	9493	28266	28266	172	172	238	238	8582	8582	1708	1708	537	537	624	624	15062	15062	8570	8570	3	3	55	55	2705	2705	3416	3416	44	44	60	60	154	154	79	79	6984	6984	3829	3829	11995	11995	4259	4259	1758	1758	176	176	22468	22468	994	994	173	173	3	3	87	87	101	101	22	22	24	24	97	97	1601	1601	119	119	78	78	581	581	409	409	5580	5580	6905	6905	1921	1921	1894	1894	81	81	81	81	18	18	10	10	353	353	258	258	150	150	64	64	992	992	102	102	1007	1007	473	473	6	6	12	12	953	953	1413	1413	122	122	127	127	11194	11194	24669	24669	20506	20506	41107	41107	3	3	1	1
IND00894	884	884	289	289	576	576	834	834	35	35	7	7	3010	3010	3548	3548	2731	2731	382	382	1949	1949	2635	2635	1774	1774	3480	3480	1325	1325	748	748	101	101	157	157	4	4	6	6	1941	1941	1646	1646	68	68	18	18	6307	6307	7396	7396	1772	1772	1166	1166	79	79	81	81	41	41	381	381	644	644	961	961	17384	17384	1066	1066	249	249	16	16	3370	3370	8347	8347	248	248	933	933	9871	9871	2085	2085	18	18	45	45	2435	2435	1324	1324	118	118	128	128	103	103	64	64	1381	1381	1816	1816	14470	14470	26496	26496	1898	1898	635	635	6940	6940	9865	9865	17	17	166	166	111	111	95	95	59	59	6	6	799	799	284	284	86	86	71	71	517	517	65	65	1087	1087	2619	2619	1227	1227	972	972	43	43	91	91	6	6	11	11	221	221	225	225	143	143	132	132	736	736	133	133	1072	1072	1425	1425	1	1	31	31	553	553	1089	1089	99	99	40	40	2937	2937	17736	17736	35570	35570	32119	32119	3	3	3	3
IND00895	221	221	303	303	1652	1652	7	7	51	51	25	25	3075	3075	1914	1914	86	86	3257	3257	212	212	423	423	7878	7878	5046	5046	691	691	1187	1187	185	185	173	173	6	6	7	7	3288	3288	541	541	120	120	60	60	4487	4487	1990	1990	1117	1117	11	11	99	99	116	116	1443	1443	1507	1507	874	874	560	560	19645	19645	3349	3349	138	138	215	215	9860	9860	15851	15851	655	655	775	775	3884	3884	12697	12697	1	1	58	58	1357	1357	6188	6188	98	98	66	66	46	46	176	176	546	546	5443	5443	7400	7400	11709	11709	1366	1366	1751	1751	10446	10446	24191	24191	248	248	185	185	19	19	57	57	22	22	14	14	171	171	1984	1984	6	6	74	74	662	662	628	628	5803	5803	4403	4403	262	262	1122	1122	76	76	50	50	51	51	11	11	313	313	317	317	89	89	168	168	802	802	257	257	2041	2041	549	549	1	1	23	23	1783	1783	578	578	39	39	102	102	5224	5224	19430	19430	812	812	64959	64959	4	4	1	1
IND00896	215	215	987	987	46	46	443	443	42	42	8	8	218	218	3413	3413	3790	3790	1719	1719	1230	1230	135	135	1091	1091	5868	5868	3169	3169	1935	1935	57	57	39	39	13	13	12	12	403	403	1423	1423	20	20	64	64	1824	1824	5705	5705	490	490	223	223	4	4	101	101	636	636	1297	1297	745	745	756	756	11260	11260	27371	27371	157	157	6	6	1032	1032	4778	4778	285	285	161	161	5079	5079	1126	1126	43	43	63	63	6780	6780	536	536	7	7	81	81	168	168	141	141	1540	1540	5070	5070	18288	18288	21521	21521	219	219	1007	1007	14449	14449	9680	9680	104	104	136	136	21	21	81	81	26	26	23	23	1539	1539	1384	1384	9	9	67	67	856	856	596	596	1602	1602	4027	4027	1431	1431	547	547	55	55	76	76	25	25	19	19	479	479	292	292	52	52	191	191	740	740	320	320	1737	1737	895	895	26	26	14	14	2045	2045	519	519	54	54	82	82	25585	25585	21006	21006	50437	50437	61050	61050	1	1	3	3
IND00897	481	481	670	670	801	801	477	477	42	42	18	18	2272	2272	2412	2412	1749	1749	311	311	1992	1992	2638	2638	7559	7559	6888	6888	1581	1581	1218	1218	76	76	12	12	12	12	2	2	3427	3427	377	377	120	120	65	65	6036	6036	7611	7611	955	955	1784	1784	43	43	117	117	619	619	853	853	357	357	441	441	24404	24404	10308	10308	191	191	17	17	14811	14811	15867	15867	392	392	390	390	16273	16273	11883	11883	55	55	21	21	2556	2556	6698	6698	127	127	13	13	200	200	61	61	353	353	6608	6608	16762	16762	12900	12900	767	767	520	520	30422	30422	10598	10598	37	37	67	67	37	37	72	72	19	19	50	50	1496	1496	224	224	41	41	91	91	384	384	289	289	142	142	4386	4386	1920	1920	102	102	102	102	89	89	28	28	5	5	307	307	476	476	174	174	17	17	328	328	384	384	249	249	1330	1330	21	21	8	8	1104	1104	1416	1416	35	35	27	27	27033	27033	501	501	55386	55386	52154	52154	4	4	3	3
IND00898	45	45	586	586	61	61	92	92	35	35	30	30	2824	2824	1262	1262	3843	3843	2002	2002	675	675	3054	3054	4988	4988	1836	1836	3425	3425	3561	3561	172	172	76	76	7	7	2	2	829	829	674	674	110	110	73	73	1211	1211	7926	7926	871	871	224	224	85	85	71	71	1574	1574	186	186	149	149	359	359	21444	21444	25418	25418	253	253	115	115	891	891	14397	14397	731	731	553	553	4234	4234	4799	4799	6	6	19	19	3867	3867	595	595	36	36	93	93	98	98	46	46	3492	3492	6918	6918	27005	27005	20119	20119	1854	1854	1340	1340	21360	21360	16158	16158	114	114	92	92	3	3	48	48	26	26	6	6	1415	1415	1273	1273	70	70	11	11	965	965	617	617	5259	5259	4596	4596	1628	1628	341	341	45	45	11	11	3	3	49	49	371	371	451	451	211	211	137	137	1017	1017	855	855	1544	1544	581	581	27	27	27	27	1514	1514	1959	1959	79	79	43	43	27281	27281	8177	8177	54088	54088	3228	3228	4	4	4	4
IND00899	647	647	822	822	1210	1210	1868	1868	43	43	44	44	2360	2360	1490	1490	2420	2420	3726	3726	92	92	4049	4049	7555	7555	6943	6943	1130	1130	1451	1451	31	31	115	115	16	16	11	11	1519	1519	2944	2944	110	110	88	88	336	336	7713	7713	784	784	692	692	19	19	28	28	1373	1373	1070	1070	354	354	240	240	24821	24821	20627	20627	197	197	141	141	13949	13949	59	59	740	740	48	48	11311	11311	6995	6995	38	38	59	59	6759	6759	4359	4359	85	85	22	22	241	241	213	213	8070	8070	3221	3221	8719	8719	12607	12607	1692	1692	1394	1394	13650	13650	27946	27946	230	230	161	161	38	38	114	114	42	42	6	6	130	130	992	992	75	75	107	107	909	909	794	794	7360	7360	3387	3387	135	135	1753	1753	7	7	85	85	9	9	36	36	322	322	304	304	62	62	180	180	571	571	37	37	1662	1662	1724	1724	32	32	6	6	584	584	678	678	95	95	32	32	209	209	26612	26612	53526	53526	31791	31791	4	4	1	1
IND00900	345	345	807	807	237	237	2045	2045	50	50	61	61	689	689	2792	2792	1672	1672	183	183	2143	2143	671	671	3791	3791	6375	6375	2260	2260	2794	2794	160	160	59	59	16	16	12	12	1672	1672	3095	3095	123	123	47	47	2236	2236	3158	3158	155	155	1205	1205	25	25	28	28	844	844	318	318	288	288	49	49	20592	20592	1225	1225	35	35	180	180	10292	10292	6694	6694	250	250	669	669	7298	7298	7920	7920	13	13	62	62	2983	2983	776	776	55	55	116	116	76	76	14	14	6616	6616	6310	6310	10371	10371	6423	6423	1389	1389	511	511	10928	10928	18664	18664	27	27	176	176	38	38	70	70	42	42	11	11	515	515	1915	1915	125	125	80	80	35	35	367	367	6679	6679	5347	5347	219	219	1553	1553	58	58	117	117	34	34	15	15	467	467	237	237	45	45	102	102	22	22	450	450	1196	1196	1823	1823	2	2	29	29	1095	1095	1427	1427	17	17	57	57	28980	28980	348	348	53051	53051	34783	34783	1	1	3	3
IND00901	98	98	151	151	1552	1552	2008	2008	20	20	8	8	2636	2636	3548	3548	559	559	2754	2754	3418	3418	1880	1880	5218	5218	3303	3303	801	801	1468	1468	228	228	31	31	6	6	9	9	3357	3357	1780	1780	29	29	83	83	716	716	56	56	1983	1983	1215	1215	19	19	51	51	1825	1825	1740	1740	292	292	98	98	2671	2671	16160	16160	135	135	118	118	12627	12627	14737	14737	4	4	349	349	1446	1446	13736	13736	42	42	46	46	3017	3017	2676	2676	76	76	107	107	32	32	255	255	7301	7301	7530	7530	12703	12703	1615	1615	900	900	1189	1189	8642	8642	9801	9801	174	174	14	14	39	39	120	120	51	51	51	51	778	778	901	901	35	35	127	127	631	631	784	784	366	366	41	41	1625	1625	1495	1495	91	91	109	109	7	7	12	12	498	498	283	283	185	185	196	196	1016	1016	559	559	1618	1618	1067	1067	17	17	19	19	1589	1589	957	957	117	117	94	94	9176	9176	2935	2935	46562	46562	56882	56882	1	1	4	4
IND00902	1015	1015	543	543	1034	1034	203	203	47	47	56	56	110	110	306	306	2614	2614	268	268	807	807	1461	1461	8139	8139	1832	1832	2133	2133	829	829	182	182	249	249	8	8	12	12	2448	2448	82	82	95	95	73	73	5213	5213	3154	3154	1539	1539	259	259	60	60	90	90	1833	1833	119	119	181	181	1011	1011	24986	24986	7330	7330	34	34	4	4	10811	10811	12614	12614	100	100	843	843	9252	9252	5181	5181	16	16	12	12	2963	2963	5958	5958	93	93	62	62	143	143	10	10	6132	6132	6108	6108	11298	11298	29029	29029	522	522	1383	1383	26326	26326	6188	6188	92	92	91	91	35	35	86	86	8	8	45	45	957	957	1659	1659	20	20	73	73	485	485	983	983	4309	4309	1885	1885	778	778	726	726	115	115	123	123	2	2	36	36	277	277	331	331	148	148	42	42	791	791	594	594	1042	1042	546	546	4	4	7	7	1290	1290	100	100	46	46	13	13	29959	29959	29802	29802	32317	32317	50079	50079	4	4	3	3
IND00903	223	223	218	218	901	901	789	789	6	6	52	52	575	575	1911	1911	2800	2800	2484	2484	3039	3039	747	747	6942	6942	7735	7735	3932	3932	282	282	96	96	150	150	16	16	9	9	2290	2290	1504	1504	31	31	110	110	5094	5094	2692	2692	1401	1401	1504	1504	15	15	5	5	567	567	1844	1844	420	420	155	155	15215	15215	23562	23562	236	236	10	10	1774	1774	16143	16143	442	442	84	84	6536	6536	676	676	54	54	50	50	3858	3858	1585	1585	36	36	109	109	172	172	219	219	5014	5014	7225	7225	8973	8973	2927	2927	660	660	1248	1248	14466	14466	17656	17656	143	143	202	202	101	101	103	103	5	5	3	3	1615	1615	543	543	97	97	97	97	825	825	477	477	878	878	4096	4096	528	528	1167	1167	4	4	29	29	48	48	37	37	356	356	439	439	251	251	131	131	242	242	549	549	2032	2032	564	564	3	3	17	17	443	443	279	279	124	124	16	16	16503	16503	484	484	15831	15831	39749	39749	3	3	1	1
IND00904	109	109	904	904	283	283	83	83	59	59	16	16	4047	4047	2348	2348	2625	2625	3344	3344	1661	1661	1271	1271	8043	8043	5153	5153	3346	3346	1556	1556	237	237	28	28	11	11	5	5	3182	3182	773	773	106	106	108	108	2638	2638	5579	5579	1342	1342	1783	1783	27	27	117	117	992	992	1376	1376	705	705	986	986	29789	29789	7161	7161	184	184	256	256	6976	6976	11664	11664	715	715	152	152	9895	9895	7387	7387	7	7	6	6	7217	7217	6253	6253	52	52	42	42	188	188	239	239	2560	2560	1147	1147	24807	24807	25439	25439	1049	1049	1613	1613	16473	16473	13447	13447	97	97	173	173	47	47	55	55	9	9	17	17	1909	1909	556	556	117	117	93	93	660	660	775	775	4564	4564	2280	2280	1969	1969	1208	1208	127	127	43	43	9	9	20	20	439	439	327	327	104	104	173	173	364	364	386	386	245	245	1081	1081	30	30	7	7	1214	1214	740	740	9	9	116	116	2414	2414	30469	30469	52048	52048	5483	5483	3	3	2	2
IND00905	470	470	891	891	1521	1521	1650	1650	13	13	8	8	1893	1893	4009	4009	941	941	2846	2846	609	609	3334	3334	4298	4298	6094	6094	1356	1356	958	958	179	179	13	13	8	8	5	5	492	492	1353	1353	51	51	24	24	823	823	2139	2139	288	288	1348	1348	13	13	78	78	2048	2048	1179	1179	245	245	64	64	3417	3417	27379	27379	109	109	109	109	2087	2087	9670	9670	532	532	497	497	793	793	14144	14144	6	6	20	20	1982	1982	6379	6379	107	107	52	52	230	230	14	14	6235	6235	5471	5471	32691	32691	4988	4988	2024	2024	1208	1208	16470	16470	20285	20285	101	101	117	117	38	38	6	6	29	29	64	64	514	514	1789	1789	95	95	60	60	884	884	735	735	6028	6028	4761	4761	1722	1722	1960	1960	1	1	8	8	20	20	45	45	29	29	172	172	239	239	191	191	476	476	903	903	1700	1700	1564	1564	11	11	1	1	471	471	1088	1088	43	43	53	53	22352	22352	6616	6616	15030	15030	34785	34785	3	3	2	2
IND00906	971	971	500	500	76	76	1168	1168	21	21	31	31	3992	3992	1621	1621	2190	2190	802	802	843	843	160	160	7712	7712	2415	2415	3047	3047	2213	2213	107	107	66	66	5	5	11	11	1089	1089	1497	1497	26	26	38	38	1272	1272	5760	5760	1181	1181	32	32	124	124	75	75	2035	2035	1749	1749	973	973	26	26	6421	6421	32639	32639	132	132	51	51	5249	5249	2374	2374	133	133	269	269	10268	10268	6364	6364	18	18	57	57	5491	5491	2991	2991	20	20	51	51	145	145	129	129	362	362	7301	7301	28180	28180	23897	23897	1975	1975	846	846	13579	13579	17365	17365	225	225	43	43	79	79	31	31	33	33	32	32	1468	1468	988	988	42	42	108	108	243	243	937	937	6174	6174	3125	3125	1141	1141	395	395	17	17	61	61	20	20	62	62	207	207	157	157	188	188	74	74	306	306	227	227	60	60	447	447	23	23	25	25	1020	1020	1707	1707	36	36	38	38	11152	11152	25050	25050	16856	16856	1995	1995	1	1	1	1
IND00907	835	835	687	687	1486	1486	1723	1723	46	46	17	17	966	966	1553	1553	157	157	2553	2553	1585	1585	2917	2917	5285	5285	6897	6897	3203	3203	838	838	171	171	55	55	4	4	9	9	712	712	1206	1206	76	76	64	64	7625	7625	2431	2431	1705	1705	496	496	100	100	13	13	342	342	352	352	57	57	422	422	27407	27407	3822	3822	238	238	110	110	6089	6089	1998	1998	55	55	1019	1019	10892	10892	5768	5768	11	11	61	61	945	945	5243	5243	18	18	91	91	88	88	119	119	5725	5725	2428	2428	20531	20531	16246	16246	775	775	1526	1526	13100	13100	1298	1298	247	247	58	58	42	42	52	52	56	56	53	53	1969	1969	1249	1249	125	125	28	28	370	370	378	378	5550	5550	5333	5333	687	687	1869	1869	23	23	43	43	12	12	41	41	483	483	45	45	187	187	231	231	438	438	561	561	1047	1047	861	861	1	1	6	6	234	234	799	799	55	55	9	9	20964	20964	20243	20243	33355	33355	48477	48477	2	2	4	4
IND00908	198	198	637	637	173	173	198	198	14	14	2	2	2565	2565	1965	1965	1138	1138	3146	3146	192	192	1610	1610	2710	2710	3077	3077	4045	4045	3738	3738	220	220	174	174	10	10	13	13	692	692	603	603	15	15	59	59	6383	6383	3173	3173	14	14	1175	1175	58	58	90	90	1332	1332	1518	1518	817	817	176	176	20891	20891	8851	8851	32	32	15	15	2089	2089	5050	5050	569	569	961	961	1808	1808	14293	14293	17	17	2	2	2467	2467	7858	7858	71	71	85	85	101	101	179	179	2383	2383	5525	5525	16001	16001	22662	22662	446	446	1332	1332	8666	8666	19803	19803	97	97	150	150	76	76	102	102	50	50	50	50	2031	2031	1469	1469	35	35	57	57	639	639	229	229	7376	7376	2162	2162	58	58	457	457	97	97	107	107	24	24	24	24	396	396	509	509	135	135	20	20	215	215	797	797	1840	1840	982	982	11	11	24	24	503	503	730	730	40	40	13	13	22811	22811	12278	12278	39	39	60460	60460	3	3	4	4
IND00909	158	158	559	559	1646	1646	1898	1898	36	36	22	22	2629	2629	1712	1712	2300	2300	1176	1176	830	830	3545	3545	3678	3678	2503	2503	1382	1382	69	69	109	109	176	176	3	3	7	7	493	493	3693	3693	78	78	28	28	8180	8180	3586	3586	1018	1018	1781	1781	13	13	124	124	1797	1797	1543	1543	550	550	134	134	32735	32735	23989	23989	187	187	220	220	1358	1358	3535	3535	958	958	561	561	13261	13261	4132	4132	27	27	26	26	787	787	4548	4548	117	117	113	113	167	167	53	53	2339	2339	2854	2854	17116	17116	10613	10613	1879	1879	1555	1555	23586	23586	13835	13835	74	74	141	141	107	107	97	97	18	18	37	37	898	898	878	878	22	22	120	120	686	686	165	165	7076	7076	7295	7295	1027	1027	784	784	7	7	19	19	37	37	32	32	319	319	392	392	239	239	18	18	990	990	1004	1004	1176	1176	329	329	17	17	11	11	241	241	1055	1055	2	2	25	25	9372	9372	15176	15176	9779	9779	15716	15716	4	4	4	4
IND00910	341	341	833	833	628	628	794	794	44	44	51	51	3217	3217	1479	1479	3348	3348	2562	2562	828	828	3717	3717	5328	5328	6706	6706	3241	3241	2718	2718	91	91	112	112	7	7	8	8	1180	1180	1555	1555	61	61	4	4	5084	5084	6927	6927	910	910	1100	1100	89	89	16	16	1331	1331	1253	1253	211	211	930	930	9473	9473	18181	18181	123	123	124	124	10881	10881	2105	2105	528	528	545	545	7768	7768	10189	10189	45	45	63	63	868	868	3076	3076	113	113	27	27	18	18	244	244	4668	4668	2640	2640	1000	1000	18316	18316	1095	1095	580	580	21982	21982	6746	6746	137	137	256	256	19	19	25	25	35	35	50	50	1673	1673	524	524	4	4	94	94	891	891	457	457	4944	4944	2546	2546	1414	1414	1272	1272	114	114	4	4	48	48	43	43	187	187	321	321	77	77	149	149	413	413	818	818	1485	1485	1515	1515	31	31	1	1	1812	1812	1875	1875	124	124	10	10	19274	19274	28769	28769	38260	38260	14135	14135	1	1	4	4
IND00911	90	90	982	982	1114	1114	1231	1231	61	61	33	33	1587	1587	452	452	2416	2416	2858	2858	314	314	3889	3889	1316	1316	1292	1292	2054	2054	442	442	137	137	148	148	12	12	2	2	588	588	3046	3046	40	40	87	87	2979	2979	5414	5414	1114	1114	1339	1339	87	87	69	69	1463	1463	1830	1830	291	291	941	941	12268	12268	20015	20015	51	51	176	176	2168	2168	9902	9902	818	818	195	195	3094	3094	1436	1436	51	51	15	15	3535	3535	6598	6598	34	34	14	14	127	127	78	78	6252	6252	4842	4842	26398	26398	2088	2088	1543	1543	96	96	22763	22763	6706	6706	5	5	59	59	8	8	106	106	29	29	14	14	1451	1451	141	141	24	24	79	79	108	108	831	831	5777	5777	7491	7491	2003	2003	1213	1213	75	75	52	52	11	11	21	21	293	293	272	272	213	213	25	25	970	970	935	935	1983	1983	1252	1252	20	20	17	17	80	80	1890	1890	58	58	102	102	13130	13130	2596	2596	61239	61239	26507	26507	4	4	3	3
IND00912	599	599	439	439	781	781	1171	1171	17	17	36	36	526	526	1759	1759	2680	2680	3323	3323	2350	2350	3175	3175	2613	2613	568	568	29	29	2031	2031	212	212	116	116	14	14	12	12	4040	4040	2680	2680	109	109	41	41	3717	3717	261	261	979	979	331	331	69	69	16	16	2048	2048	1930	1930	222	222	541	541	23464	23464	8686	8686	113	113	156	156	6961	6961	14236	14236	760	760	5	5	4477	4477	6891	6891	27	27	60	60	5120	5120	2711	2711	31	31	5	5	138	138	29	29	6587	6587	2742	2742	4732	4732	11398	11398	895	895	499	499	18527	18527	15087	15087	195	195	54	54	9	9	110	110	16	16	18	18	299	299	1233	1233	31	31	128	128	644	644	305	305	6961	6961	7686	7686	182	182	1812	1812	81	81	119	119	53	53	22	22	452	452	447	447	55	55	178	178	448	448	539	539	776	776	1239	1239	3	3	27	27	1667	1667	1358	1358	103	103	5	5	15596	15596	26316	26316	43595	43595	21670	21670	1	1	4	4
IND00913	293	293	12	12	523	523	1993	1993	18	18	47	47	904	904	822	822	2085	2085	1451	1451	3367	3367	2802	2802	1164	1164	6160	6160	549	549	206	206	120	120	166	166	6	6	10	10	601	601	1042	1042	103	103	97	97	5786	5786	5772	5772	1845	1845	1347	1347	52	52	58	58	434	434	960	960	877	877	198	198	10338	10338	16511	16511	6	6	153	153	11390	11390	8623	8623	462	462	591	591	12512	12512	1507	1507	39	39	29	29	6328	6328	4474	4474	58	58	27	27	47	47	23	23	7557	7557	477	477	31920	31920	20454	20454	151	151	1692	1692	32163	32163	15461	15461	250	250	157	157	89	89	72	72	24	24	7	7	2	2	1227	1227	68	68	116	116	583	583	648	648	8106	8106	567	567	1988	1988	1152	1152	71	71	55	55	13	13	3	3	32	32	153	153	127	127	82	82	584	584	400	400	1793	1793	65	65	21	21	18	18	1307	1307	1040	1040	31	31	45	45	32645	32645	31490	31490	2636	2636	52081	52081	2	2	3	3
IND00914	260	260	988	988	1282	1282	273	273	64	64	36	36	2248	2248	3988	3988	3112	3112	445	445	1165	1165	271	271	7273	7273	7070	7070	1377	1377	3685	3685	178	178	62	62	10	10	7	7	4031	4031	1425	1425	113	113	52	52	5212	5212	6223	6223	1223	1223	652	652	67	67	100	100	582	582	1988	1988	365	365	94	94	2918	2918	23128	23128	23	23	37	37	12363	12363	13630	13630	210	210	138	138	16307	16307	14199	14199	52	52	24	24	3779	3779	4083	4083	125	125	85	85	120	120	103	103	839	839	5315	5315	4531	4531	4820	4820	188	188	1449	1449	17315	17315	22208	22208	158	158	46	46	37	37	48	48	17	17	1	1	992	992	488	488	42	42	126	126	397	397	325	325	2705	2705	1828	1828	1533	1533	1871	1871	21	21	75	75	12	12	19	19	132	132	144	144	79	79	179	179	976	976	369	369	350	350	333	333	9	9	28	28	780	780	1157	1157	126	126	123	123	28510	28510	5776	5776	22199	22199	62348	62348	3	3	2	2
IND00915	722	722	617	617	1699	1699	416	416	54	54	3	3	2318	2318	1508	1508	3294	3294	2718	2718	2368	2368	737	737	7100	7100	4264	4264	3642	3642	394	394	125	125	164	164	1	1	6	6	90	90	1366	1366	48	48	23	23	5785	5785	3556	3556	1682	1682	780	780	93	93	117	117	1974	1974	754	754	651	651	811	811	5293	5293	14344	14344	239	239	162	162	12157	12157	6536	6536	937	937	138	138	2382	2382	6239	6239	41	41	31	31	6118	6118	4071	4071	6	6	119	119	221	221	256	256	996	996	7313	7313	32006	32006	2178	2178	1264	1264	57	57	15195	15195	29407	29407	180	180	99	99	58	58	28	28	3	3	12	12	1902	1902	1546	1546	57	57	12	12	637	637	730	730	2575	2575	456	456	1390	1390	592	592	47	47	90	90	29	29	15	15	21	21	386	386	223	223	48	48	673	673	437	437	925	925	1411	1411	20	20	6	6	832	832	1104	1104	90	90	105	105	32562	32562	3045	3045	18097	18097	42633	42633	4	4	1	1
IND00916	238	238	746	746	217	217	727	727	61	61	3	3	620	620	2931	2931	354	354	3630	3630	3079	3079	224	224	5645	5645	3156	3156	1014	1014	455	455	77	77	219	219	13	13	3	3	1825	1825	2680	2680	113	113	57	57	4283	4283	6476	6476	393	393	1388	1388	100	100	105	105	1131	1131	1646	1646	719	719	589	589	25236	25236	20525	20525	241	241	4	4	13503	13503	12225	12225	745	745	123	123	6717	6717	6111	6111	4	4	41	41	4741	4741	1511	1511	71	71	46	46	149	149	219	219	1862	1862	4951	4951	13356	13356	18136	18136	209	209	1281	1281	21506	21506	17112	17112	134	134	26	26	55	55	104	104	31	31	53	53	2008	2008	1860	1860	127	127	7	7	918	918	927	927	5418	5418	6817	6817	9	9	85	85	74	74	7	7	11	11	46	46	151	151	425	425	183	183	138	138	426	426	278	278	609	609	1463	1463	19	19	15	15	1441	1441	2030	2030	75	75	17	17	16790	16790	16202	16202	54346	54346	5680	5680	4	4	2	2
IND00917	107	107	700	700	222	222	1159	1159	17	17	16	16	3879	3879	1437	1437	1215	1215	3128	3128	763	763	2977	2977	6290	6290	4672	4672	2712	2712	2141	2141	215	215	15	15	4	4	15	15	3744	3744	3109	3109	37	37	5	5	5363	5363	936	936	208	208	1302	1302	44	44	113	113	2036	2036	314	314	265	265	989	989	12651	12651	24797	24797	104	104	52	52	1871	1871	7971	7971	166	166	1023	1023	15520	15520	7272	7272	43	43	19	19	4926	4926	7595	7595	57	57	48	48	221	221	161	161	5295	5295	7425	7425	20025	20025	23961	23961	1550	1550	860	860	26083	26083	10453	10453	148	148	104	104	59	59	36	36	53	53	64	64	1074	1074	1635	1635	96	96	24	24	258	258	50	50	2515	2515	7748	7748	363	363	1657	1657	44	44	112	112	47	47	46	46	57	57	499	499	131	131	139	139	412	412	729	729	1223	1223	1259	1259	30	30	12	12	80	80	97	97	25	25	78	78	22891	22891	29120	29120	19372	19372	19205	19205	3	3	2	2
IND00918	665	665	553	553	55	55	396	396	33	33	23	23	2412	2412	2103	2103	520	520	3477	3477	3659	3659	2561	2561	3606	3606	8124	8124	3280	3280	789	789	128	128	224	224	8	8	16	16	3010	3010	97	97	96	96	112	112	5052	5052	905	905	1550	1550	715	715	15	15	59	59	1144	1144	609	609	69	69	315	315	19858	19858	15049	15049	44	44	184	184	8870	8870	15568	15568	55	55	361	361	5271	5271	5925	5925	20	20	56	56	4309	4309	6685	6685	52	52	18	18	148	148	68	68	3735	3735	7196	7196	28876	28876	25851	25851	1120	1120	1044	1044	8555	8555	18064	18064	219	219	34	34	29	29	114	114	5	5	45	45	428	428	1041	1041	12	12	32	32	470	470	590	590	1383	1383	4254	4254	1697	1697	1730	1730	51	51	123	123	22	22	22	22	156	156	479	479	131	131	111	111	274	274	172	172	548	548	1395	1395	16	16	16	16	1443	1443	1713	1713	71	71	115	115	27052	27052	23892	23892	28449	28449	36869	36869	4	4	1	1
IND00919	458	458	403	403	1962	1962	225	225	50	50	11	11	3334	3334	2847	2847	2606	2606	3046	3046	1536	1536	3895	3895	7744	7744	6553	6553	309	309	3942	3942	55	55	252	252	3	3	10	10	1834	1834	2060	2060	107	107	108	108	3250	3250	1437	1437	105	105	29	29	9	9	105	105	1439	1439	1631	1631	816	816	503	503	30829	30829	22888	22888	92	92	114	114	6542	6542	1448	1448	935	935	239	239	9763	9763	13665	13665	49	49	61	61	493	493	1437	1437	19	19	115	115	66	66	235	235	5987	5987	6189	6189	25189	25189	27060	27060	726	726	380	380	27410	27410	10890	10890	65	65	166	166	60	60	75	75	28	28	63	63	1666	1666	1234	1234	73	73	40	40	379	379	722	722	726	726	1429	1429	1594	1594	412	412	111	111	48	48	54	54	7	7	270	270	140	140	83	83	162	162	355	355	7	7	1260	1260	616	616	10	10	16	16	178	178	348	348	102	102	16	16	25157	25157	28313	28313	52843	52843	26120	26120	4	4	4	4
IND00920	457	457	794	794	1228	1228	863	863	15	15	26	26	2239	2239	336	336	4008	4008	2592	2592	1945	1945	3736	3736	4910	4910	1359	1359	2304	2304	2085	2085	173	173	11	11	15	15	13	13	3078	3078	1313	1313	51	51	126	126	3499	3499	7098	7098	548	548	1338	1338	41	41	65	65	299	299	1761	1761	856	856	994	994	8514	8514	20941	20941	229	229	215	215	5261	5261	11265	11265	264	264	165	165	10120	10120	11027	11027	2	2	16	16	799	799	4480	4480	67	67	47	47	47	47	193	193	2877	2877	2190	2190	6346	6346	4710	4710	1402	1402	1328	1328	17129	17129	4227	4227	160	160	24	24	99	99	77	77	38	38	16	16	1840	1840	1154	1154	26	26	81	81	746	746	837	837	3619	3619	7644	7644	645	645	226	226	93	93	125	125	46	46	4	4	94	94	241	241	41	41	1	1	856	856	810	810	1024	1024	946	946	19	19	2	2	503	503	1465	1465	26	26	40	40	8482	8482	19889	19889	2795	2795	13966	13966	1	1	3	3
IND00921	947	947	212	212	77	77	936	936	45	45	61	61	1638	1638	3345	3345	2081	2081	2763	2763	2725	2725	2199	2199	7465	7465	5704	5704	748	748	1296	1296	255	255	240	240	4	4	15	15	85	85	2495	2495	85	85	1	1	511	511	5935	5935	1921	1921	1884	1884	122	122	49	49	305	305	1704	1704	717	717	355	355	9378	9378	1428	1428	189	189	16	16	9786	9786	12971	12971	499	499	644	644	7221	7221	14667	14667	12	12	47	47	1894	1894	7352	7352	63	63	63	63	211	211	246	246	2896	2896	6794	6794	31489	31489	2321	2321	1733	1733	1458	1458	24183	24183	8119	8119	2	2	204	204	48	48	26	26	6	6	9	9	744	744	343	343	75	75	7	7	55	55	632	632	572	572	6784	6784	1460	1460	964	964	85	85	61	61	15	15	38	38	174	174	162	162	143	143	2	2	559	559	999	999	296	296	1918	1918	17	17	32	32	63	63	841	841	57	57	128	128	24301	24301	8706	8706	44073	44073	38287	38287	4	4	4	4
IND00922	440	440	851	851	1362	1362	150	150	49	49	50	50	1044	1044	971	971	2703	2703	1447	1447	3201	3201	2018	2018	1441	1441	1421	1421	956	956	2652	2652	129	129	225	225	5	5	1	1	3037	3037	1260	1260	62	62	108	108	4107	4107	2706	2706	1468	1468	414	414	91	91	57	57	1989	1989	993	993	504	504	279	279	4323	4323	28672	28672	236	236	30	30	11867	11867	16283	16283	677	677	921	921	9534	9534	1357	1357	62	62	32	32	6755	6755	5939	5939	83	83	116	116	153	153	154	154	5392	5392	3637	3637	12384	12384	20686	20686	1785	1785	479	479	12384	12384	24760	24760	225	225	246	246	49	49	27	27	25	25	20	20	575	575	217	217	30	30	55	55	900	900	161	161	1574	1574	4329	4329	942	942	1134	1134	82	82	82	82	56	56	1	1	158	158	186	186	84	84	61	61	571	571	62	62	590	590	1709	1709	5	5	23	23	396	396	1000	1000	62	62	41	41	1198	1198	560	560	17442	17442	60349	60349	1	1	2	2
IND00923	922	922	479	479	1084	1084	1112	1112	11	11	17	17	1136	1136	1587	1587	1260	1260	3092	3092	1267	1267	2751	2751	1927	1927	436	436	3833	3833	2425	2425	121	121	77	77	4	4	5	5	3410	3410	1502	1502	25	25	85	85	3731	3731	4099	4099	1293	1293	481	481	1	1	82	82	595	595	1376	1376	789	789	272	272	3617	3617	3681	3681	3	3	165	165	13322	13322	126	126	223	223	948	948	5310	5310	2453	2453	42	42	37	37	2481	2481	3539	3539	84	84	120	120	208	208	49	49	7652	7652	2212	2212	12004	12004	22176	22176	5	5	364	364	27865	27865	7804	7804	157	157	228	228	65	65	92	92	44	44	35	35	1601	1601	1317	1317	82	82	88	88	19	19	332	332	3890	3890	2982	2982	1848	1848	84	84	11	11	69	69	36	36	8	8	64	64	230	230	117	117	83	83	739	739	186	186	944	944	1094	1094	26	26	16	16	798	798	653	653	24	24	117	117	8469	8469	18582	18582	59103	59103	49605	49605	1	1	1	1
IND00924	672	672	780	780	483	483	1318	1318	14	14	56	56	1838	1838	1964	1964	618	618	3377	3377	3851	3851	23	23	799	799	4419	4419	1781	1781	2830	2830	67	67	78	78	14	14	12	12	1055	1055	3684	3684	116	116	78	78	1039	1039	6156	6156	829	829	536	536	74	74	1	1	66	66	199	199	949	949	636	636	11847	11847	6556	6556	35	35	111	111	12840	12840	15588	15588	822	822	572	572	12752	12752	1618	1618	16	16	11	11	2347	2347	5201	5201	114	114	8	8	148	148	117	117	7930	7930	2551	2551	32118	32118	14906	14906	387	387	1879	1879	27670	27670	143	143	52	52	184	184	73	73	6	6	22	22	16	16	1143	1143	374	374	69	69	99	99	886	886	976	976	5002	5002	6608	6608	1852	1852	1126	1126	4	4	7	7	16	16	10	10	262	262	143	143	136	136	99	99	375	375	806	806	772	772	981	981	24	24	4	4	861	861	1928	1928	74	74	45	45	11001	11001	11844	11844	52864	52864	27359	27359	3	3	4	4
IND00925	13	13	217	217	1260	1260	1964	1964	8	8	34	34	788	788	1254	1254	1670	1670	1118	1118	3089	3089	672	672	5300	5300	4879	4879	1958	1958	1681	1681	73	73	151	151	4	4	5	5	3198	3198	175	175	22	22	58	58	3868	3868	3561	3561	1710	1710	1148	1148	68	68	91	91	1069	1069	1883	1883	369	369	161	161	15924	15924	3364	3364	34	34	61	61	15418	15418	5354	5354	10	10	737	737	11875	11875	2853	2853	43	43	20	20	5864	5864	490	490	44	44	83	83	119	119	21	21	972	972	7219	7219	13360	13360	19376	19376	1355	1355	65	65	26727	26727	1755	1755	72	72	43	43	17	17	110	110	26	26	32	32	32	32	1479	1479	112	112	97	97	291	291	179	179	1913	1913	1027	1027	884	884	1993	1993	119	119	31	31	54	54	16	16	57	57	19	19	109	109	15	15	491	491	1011	1011	156	156	1793	1793	14	14	10	10	1938	1938	390	390	99	99	5	5	9568	9568	23242	23242	49849	49849	43187	43187	1	1	2	2
IND00926	992	992	754	754	589	589	672	672	18	18	12	12	510	510	127	127	1369	1369	3684	3684	74	74	2678	2678	2572	2572	6428	6428	3102	3102	2868	2868	56	56	156	156	9	9	12	12	3713	3713	402	402	34	34	11	11	1293	1293	4048	4048	1101	1101	2004	2004	77	77	103	103	1034	1034	1790	1790	171	171	61	61	17262	17262	10743	10743	130	130	238	238	11838	11838	14417	14417	868	868	669	669	9706	9706	6524	6524	62	62	6	6	6463	6463	3763	3763	46	46	66	66	113	113	86	86	1635	1635	5950	5950	28223	28223	1455	1455	141	141	1817	1817	7044	7044	22229	22229	189	189	91	91	118	118	49	49	47	47	45	45	1373	1373	1422	1422	51	51	68	68	277	277	127	127	6154	6154	6556	6556	1027	1027	989	989	4	4	10	10	14	14	12	12	256	256	362	362	173	173	52	52	148	148	347	347	1027	1027	935	935	18	18	7	7	1768	1768	1541	1541	123	123	62	62	538	538	31163	31163	42997	42997	133	133	1	1	3	3
IND00927	68	68	347	347	319	319	644	644	57	57	9	9	2269	2269	77	77	2338	2338	3583	3583	1654	1654	647	647	6501	6501	7741	7741	1285	1285	2852	2852	204	204	153	153	11	11	14	14	248	248	3148	3148	83	83	69	69	7948	7948	6689	6689	823	823	480	480	49	49	6	6	20	20	15	15	902	902	837	837	18405	18405	27166	27166	220	220	11	11	6937	6937	10405	10405	330	330	833	833	14859	14859	3374	3374	55	55	32	32	4566	4566	5404	5404	117	117	3	3	145	145	199	199	7267	7267	235	235	10619	10619	8025	8025	503	503	616	616	14980	14980	28788	28788	247	247	199	199	101	101	52	52	39	39	34	34	1992	1992	249	249	95	95	52	52	312	312	869	869	832	832	368	368	307	307	1905	1905	76	76	27	27	17	17	40	40	178	178	250	250	44	44	123	123	874	874	450	450	1580	1580	1648	1648	17	17	8	8	1942	1942	368	368	71	71	9	9	10296	10296	21945	21945	15337	15337	48375	48375	1	1	1	1
IND00928	613	613	738	738	699	699	1743	1743	46	46	17	17	3033	3033	156	156	1825	1825	1910	1910	2412	2412	2506	2506	2555	2555	3344	3344	2602	2602	1669	1669	43	43	226	226	11	11	9	9	1942	1942	190	190	58	58	58	58	336	336	8009	8009	1024	1024	1614	1614	66	66	25	25	674	674	1449	1449	780	780	388	388	26300	26300	8865	8865	105	105	8	8	6731	6731	6851	6851	305	305	539	539	3744	3744	15985	15985	61	61	55	55	4829	4829	3329	3329	120	120	36	36	51	51	131	131	6488	6488	6707	6707	26956	26956	31928	31928	1252	1252	1499	1499	32634	32634	28108	28108	100	100	18	18	50	50	90	90	58	58	33	33	1511	1511	1467	1467	94	94	29	29	412	412	416	416	4794	4794	161	161	262	262	1950	1950	91	91	113	113	47	47	12	12	395	395	387	387	110	110	228	228	957	957	561	561	1767	1767	1741	1741	15	15	26	26	36	36	116	116	116	116	85	85	6051	6051	18172	18172	21671	21671	23854	23854	2	2	4	4
IND00929	93	93	156	156	402	402	902	902	48	48	15	15	1046	1046	3447	3447	502	502	2572	2572	2905	2905	2564	2564	3389	3389	5766	5766	1642	1642	2636	2636	135	135	209	209	6	6	10	10	3186	3186	2242	2242	44	44	112	112	49	49	4774	4774	1186	1186	1941	1941	54	54	54	54	678	678	902	902	348	348	705	705	25483	25483	15349	15349	121	121	153	153	89	89	11630	11630	384	384	559	559	5382	5382	11371	11371	30	30	42	42	6208	6208	2702	2702	112	112	29	29	155	155	196	196	255	255	1849	1849	31314	31314	10911	10911	39	39	1693	1693	31884	31884	29806	29806	217	217	202	202	126	126	115	115	44	44	12	12	71	71	114	114	104	104	27	27	967	967	109	109	2746	2746	2098	2098	508	508	1016	1016	6	6	8	8	35	35	46	46	246	246	344	344	240	240	27	27	273	273	558	558	896	896	549	549	17	17	1	1	1948	1948	1685	1685	11	11	95	95	20878	20878	10482	10482	24316	24316	31824	31824	4	4	1	1
IND00930	178	178	914	914	1545	1545	2048	2048	64	64	50	50	3354	3354	1348	1348	3304	3304	840	840	1990	1990	1295	1295	680	680	4291	4291	3162	3162	2810	2810	250	250	88	88	3	3	10	10	3418	3418	1570	1570	3	3	35	35	4453	4453	1664	1664	1546	1546	683	683	37	37	31	31	175	175	1966	1966	962	962	108	108	24511	24511	15376	15376	114	114	51	51	16079	16079	6319	6319	1	1	687	687	9381	9381	2544	2544	26	26	32	32	6321	6321	348	348	87	87	91	91	133	133	102	102	4329	4329	2549	2549	25705	25705	23436	23436	794	794	771	771	2245	2245	3337	3337	112	112	119	119	68	68	93	93	31	31	11	11	27	27	572	572	46	46	114	114	6	6	679	679	8109	8109	1219	1219	1659	1659	1060	1060	17	17	76	76	10	10	7	7	249	249	449	449	149	149	199	199	357	357	432	432	940	940	223	223	20	20	2	2	163	163	1652	1652	116	116	84	84	17658	17658	23469	23469	61132	61132	41631	41631	4	4	1	1
IND00931	954	954	614	614	529	529	269	269	46	46	4	4	1835	1835	1570	1570	429	429	1686	1686	199	199	331	331	2046	2046	5499	5499	3667	3667	2778	2778	147	147	169	169	9	9	15	15	651	651	3561	3561	75	75	8	8	286	286	4944	4944	1176	1176	246	246	14	14	1	1	1870	1870	1157	1157	735	735	506	506	22896	22896	8277	8277	83	83	144	144	13256	13256	7032	7032	622	622	643	643	1882	1882	5527	5527	23	23	46	46	8107	8107	4886	4886	79	79	102	102	172	172	123	123	7290	7290	8127	8127	7148	7148	52	52	1896	1896	407	407	2494	2494	30516	30516	190	190	31	31	5	5	46	46	56	56	30	30	719	719	274	274	95	95	12	12	842	842	714	714	2292	2292	5965	5965	2036	2036	621	621	34	34	111	111	3	3	1	1	52	52	192	192	154	154	162	162	760	760	513	513	1948	1948	662	662	1	1	6	6	1548	1548	94	94	120	120	35	35	28172	28172	4548	4548	62412	62412	5286	5286	4	4	4	4
IND00932	848	848	874	874	749	749	1587	1587	59	59	62	62	3664	3664	3367	3367	1772	1772	100	100	1382	1382	1884	1884	2133	2133	6821	6821	2743	2743	2270	2270	172	172	73	73	1	1	7	7	2091	2091	276	276	28	28	22	22	8012	8012	7207	7207	151	151	904	904	115	115	81	81	1503	1503	1960	1960	289	289	921	921	16447	16447	13842	13842	247	247	183	183	5756	5756	2515	2515	433	433	160	160	10759	10759	5685	5685	15	15	49	49	6687	6687	5818	5818	12	12	88	88	143	143	176	176	4051	4051	1489	1489	10030	10030	26505	26505	1242	1242	1404	1404	14805	14805	1731	1731	163	163	118	118	84	84	30	30	16	16	47	47	1857	1857	1553	1553	27	27	54	54	763	763	591	591	5678	5678	4351	4351	1653	1653	1946	1946	77	77	91	91	56	56	46	46	197	197	379	379	198	198	57	57	495	495	822	822	1968	1968	1563	1563	8	8	31	31	216	216	611	611	25	25	35	35	16337	16337	4160	4160	7840	7840	29873	29873	4	4	2	2
IND00933	38	38	740	740	1985	1985	526	526	17	17	14	14	3792	3792	2528	2528	3060	3060	1743	1743	3996	3996	2286	2286	3423	3423	7239	7239	1690	1690	2988	2988	70	70	240	240	2	2	2	2	409	409	3663	3663	46	46	8	8	1466	1466	8107	8107	882	882	986	986	67	67	49	49	87	87	1751	1751	747	747	442	442	15163	15163	27908	27908	142	142	86	86	5510	5510	7039	7039	996	996	96	96	11359	11359	5405	5405	35	35	36	36	6551	6551	5101	5101	112	112	115	115	111	111	234	234	4276	4276	2044	2044	30399	30399	6745	6745	1370	1370	539	539	3589	3589	11291	11291	5	5	188	188	10	10	42	42	10	10	15	15	1370	1370	567	567	99	99	28	28	407	407	791	791	3608	3608	3086	3086	1404	1404	713	713	28	28	27	27	17	17	42	42	241	241	189	189	77	77	22	22	576	576	671	671	1443	1443	187	187	17	17	10	10	1831	1831	87	87	121	121	95	95	2600	2600	26551	26551	48569	48569	48774	48774	1	1	1	1
IND00934	500	500	216	216	392	392	204	204	60	60	4	4	977	977	569	569	2959	2959	3157	3157	367	367	3635	3635	1251	1251	3573	3573	10	10	2892	2892	201	201	246	246	3	3	1	1	541	541	3476	3476	60	60	119	119	4532	4532	4627	4627	1363	1363	1288	1288	94	94	83	83	301	301	715	715	1017	1017	913	913	16006	16006	16705	16705	144	144	27	27	481	481	811	811	660	660	875	875	12687	12687	574	574	26	26	2	2	2060	2060	3764	3764	62	62	1	1	89	89	188	188	6101	6101	711	711	4647	4647	25211	25211	32	32	884	884	5452	5452	3910	3910	227	227	42	42	28	28	91	91	16	16	55	55	428	428	1832	1832	59	59	33	33	837	837	554	554	4363	4363	7669	7669	1052	1052	1138	1138	67	67	80	80	19	19	52	52	21	21	493	493	248	248	3	3	177	177	1016	1016	1646	1646	1315	1315	25	25	24	24	1408	1408	1074	1074	127	127	53	53	30584	30584	10830	10830	29211	29211	18618	18618	4	4	1	1
IND00935	500	500	728	728	1773	1773	1455	1455	25	25	5	5	2880	2880	2572	2572	2191	2191	3745	3745	3242	3242	1477	1477	171	171	945	945	1296	1296	3248	3248	64	64	18	18	2	2	9	9	774	774	3208	3208	9	9	114	114	4749	4749	4046	4046	130	130	391	391	115	115	107	107	1000	1000	813	813	899	899	210	210	1714	1714	3261	3261	151	151	88	88	6717	6717	7015	7015	232	232	145	145	16157	16157	11472	11472	46	46	60	60	7916	7916	181	181	39	39	57	57	114	114	81	81	4955	4955	5349	5349	5737	5737	9373	9373	1614	1614	1304	1304	23092	23092	4757	4757	30	30	102	102	43	43	26	26	12	12	33	33	1103	1103	1566	1566	128	128	46	46	397	397	374	374	6391	6391	4970	4970	1908	1908	1429	1429	115	115	28	28	31	31	39	39	159	159	204	204	194	194	38	38	966	966	876	876	201	201	1812	1812	4	4	3	3	29	29	722	722	29	29	67	67	11151	11151	15009	15009	64073	64073	18420	18420	1	1	3	3
IND00936	898	898	540	540	988	988	1320	1320	11	11	20	20	843	843	3964	3964	2906	2906	511	511	1874	1874	2840	2840	4821	4821	2582	2582	2292	2292	680	680	67	67	24	24	1	1	10	10	273	273	3340	3340	82	82	3	3	4917	4917	1450	1450	1608	1608	763	763	128	128	73	73	1028	1028	1628	1628	424	424	696	696	31546	31546	305	305	28	28	28	28	14128	14128	4576	4576	583	583	635	635	13255	13255	12103	12103	61	61	57	57	4621	4621	1229	1229	67	67	125	125	35	35	222	222	3142	3142	4858	4858	10587	10587	19594	19594	1731	1731	1406	1406	6665	6665	3825	3825	92	92	71	71	24	24	75	75	62	62	32	32	1173	1173	1261	1261	12	12	45	45	47	47	818	818	4905	4905	3550	3550	943	943	632	632	32	32	85	85	60	60	6	6	47	47	198	198	186	186	181	181	410	410	447	447	569	569	1144	1144	1	1	19	19	483	483	1421	1421	96	96	32	32	13740	13740	6999	6999	49148	49148	15387	15387	4	4	3	3
IND00937	844	844	617	617	1537	1537	348	348	4	4	36	36	3093	3093	2158	2158	27	27	2214	2214	424	424	1498	1498	5157	5157	2367	2367	1801	1801	3415	3415	237	237	247	247	11	11	3	3	3329	3329	4052	4052	42	42	99	99	5368	5368	7209	7209	896	896	589	589	13	13	31	31	803	803	243	243	435	435	457	457	24625	24625	4004	4004	50	50	137	137	7192	7192	1155	1155	827	827	675	675	1767	1767	11071	11071	49	49	28	28	428	428	3291	3291	33	33	79	79	170	170	198	198	121	121	308	308	28454	28454	338	338	1213	1213	1267	1267	11408	11408	94	94	171	171	154	154	92	92	49	49	1	1	40	40	80	80	907	907	35	35	28	28	290	290	5	5	6421	6421	7364	7364	1087	1087	1961	1961	14	14	67	67	24	24	7	7	503	503	375	375	108	108	184	184	14	14	615	615	486	486	99	99	31	31	31	31	668	668	341	341	60	60	97	97	25837	25837	3405	3405	26614	26614	52753	52753	2	2	3	3
IND00938	711	711	753	753	756	756	1503	1503	42	42	13	13	1020	1020	3605	3605	2584	2584	2012	2012	1507	1507	2619	2619	4888	4888	2391	2391	2761	2761	3624	3624	228	228	26	26	1	1	4	4	422	422	3516	3516	59	59	81	81	5800	5800	5572	5572	1985	1985	1225	1225	80	80	100	100	902	902	1787	1787	98	98	867	867	1969	1969	17326	17326	71	71	66	66	5221	5221	4904	4904	131	131	627	627	808	808	9159	9159	15	15	5	5	4668	4668	3313	3313	38	38	106	106	207	207	198	198	6998	6998	5424	5424	28206	28206	25664	25664	123	123	160	160	23438	23438	32330	32330	77	77	18	18	114	114	23	23	52	52	23	23	1933	1933	1751	1751	7	7	33	33	862	862	624	624	5950	5950	4334	4334	1594	1594	454	454	76	76	37	37	50	50	43	43	394	394	410	410	212	212	132	132	554	554	442	442	1295	1295	741	741	31	31	5	5	1179	1179	595	595	20	20	47	47	23634	23634	29152	29152	36193	36193	1153	1153	4	4	1	1
IND00939	583	583	716	716	506	506	1565	1565	62	62	21	21	557	557	3433	3433	2685	2685	3247	3247	3017	3017	3657	3657	3775	3775	2844	2844	2817	2817	484	484	69	69	157	157	14	14	11	11	2933	2933	3808	3808	115	115	43	43	4927	4927	3905	3905	1335	1335	570	570	54	54	100	100	389	389	1660	1660	504	504	345	345	17532	17532	8452	8452	36	36	57	57	13242	13242	15420	15420	173	173	825	825	6255	6255	1562	1562	41	41	10	10	7864	7864	3137	3137	1	1	8	8	238	238	137	137	3435	3435	3641	3641	28871	28871	5214	5214	1406	1406	918	918	19444	19444	2443	2443	230	230	149	149	13	13	102	102	23	23	28	28	1981	1981	530	530	11	11	103	103	301	301	906	906	3432	3432	2733	2733	2005	2005	1142	1142	126	126	82	82	13	13	15	15	3	3	256	256	111	111	35	35	606	606	1021	1021	2032	2032	547	547	3	3	24	24	105	105	102	102	30	30	47	47	8154	8154	12503	12503	48147	48147	32455	32455	1	1	4	4
IND00940	124	124	43	43	306	306	1185	1185	60	60	13	13	2884	2884	734	734	107	107	2881	2881	74	74	346	346	7372	7372	2569	2569	2550	2550	368	368	43	43	198	198	15	15	5	5	3020	3020	98	98	30	30	64	64	5362	5362	6666	6666	1779	1779	769	769	48	48	22	22	524	524	1807	1807	118	118	845	845	6818	6818	4391	4391	74	74	253	253	9365	9365	3656	3656	371	371	300	300	6510	6510	9283	9283	38	38	27	27	6873	6873	6156	6156	122	122	57	57	1	1	237	237	3658	3658	5391	5391	22543	22543	21429	21429	398	398	1641	1641	1069	1069	21433	21433	122	122	4	4	108	108	83	83	28	28	44	44	91	91	519	519	96	96	127	127	398	398	840	840	1987	1987	797	797	395	395	1267	1267	7	7	55	55	40	40	49	49	253	253	78	78	146	146	28	28	57	57	834	834	532	532	172	172	24	24	8	8	19	19	754	754	71	71	108	108	1225	1225	13018	13018	28313	28313	51236	51236	2	2	3	3
IND00941	165	165	470	470	1454	1454	476	476	15	15	21	21	1331	1331	1853	1853	3382	3382	1592	1592	4030	4030	2797	2797	6459	6459	4026	4026	164	164	1288	1288	124	124	104	104	2	2	13	13	3952	3952	1283	1283	13	13	32	32	3368	3368	2975	2975	1181	1181	1819	1819	88	88	106	106	1996	1996	1672	1672	160	160	224	224	16184	16184	3879	3879	56	56	137	137	3331	3331	13525	13525	566	566	261	261	4204	4204	8326	8326	41	41	5	5	6979	6979	5156	5156	101	101	92	92	50	50	202	202	25	25	7693	7693	17167	17167	25892	25892	213	213	910	910	30324	30324	1310	1310	172	172	68	68	94	94	103	103	56	56	29	29	1144	1144	61	61	27	27	115	115	964	964	891	891	4204	4204	6788	6788	568	568	79	79	22	22	49	49	64	64	16	16	78	78	386	386	53	53	110	110	769	769	371	371	1705	1705	926	926	29	29	9	9	1438	1438	464	464	72	72	1	1	28426	28426	24053	24053	54681	54681	37795	37795	4	4	3	3
IND00942	634	634	342	342	1668	1668	1543	1543	51	51	14	14	455	455	1326	1326	2546	2546	3166	3166	2654	2654	3516	3516	1854	1854	1613	1613	1662	1662	1388	1388	120	120	170	170	4	4	10	10	1593	1593	2940	2940	4	4	111	111	4066	4066	2978	2978	894	894	1175	1175	104	104	107	107	652	652	644	644	700	700	664	664	1248	1248	25229	25229	247	247	126	126	6005	6005	14690	14690	92	92	333	333	14204	14204	14435	14435	64	64	56	56	7046	7046	6724	6724	77	77	36	36	230	230	92	92	2340	2340	1665	1665	19959	19959	24543	24543	1929	1929	72	72	21296	21296	19028	19028	184	184	107	107	83	83	64	64	50	50	4	4	570	570	1466	1466	35	35	88	88	898	898	303	303	2407	2407	6320	6320	549	549	1242	1242	12	12	37	37	37	37	15	15	232	232	406	406	81	81	46	46	768	768	590	590	1988	1988	1910	1910	18	18	4	4	204	204	1621	1621	91	91	66	66	2767	2767	28588	28588	17344	17344	3677	3677	1	1	4	4
IND00943	381	381	915	915	1389	1389	134	134	14	14	42	42	2778	2778	1931	1931	3547	3547	23	23	1616	1616	2384	2384	1821	1821	2744	2744	3136	3136	706	706	231	231	82	82	14	14	16	16	216	216	2807	2807	25	25	29	29	2280	2280	3142	3142	972	972	677	677	43	43	69	69	1688	1688	1025	1025	1005	1005	1008	1008	258	258	31580	31580	122	122	72	72	6693	6693	12008	12008	112	112	345	345	9509	9509	4697	4697	16	16	33	33	5206	5206	7690	7690	57	57	98	98	225	225	158	158	7143	7143	4890	4890	11915	11915	32051	32051	445	445	1171	1171	32664	32664	22070	22070	185	185	83	83	125	125	4	4	28	28	56	56	117	117	1657	1657	125	125	9	9	451	451	270	270	7499	7499	7153	7153	276	276	1193	1193	34	34	73	73	64	64	47	47	65	65	362	362	143	143	18	18	759	759	715	715	162	162	1591	1591	26	26	15	15	136	136	155	155	23	23	4	4	11441	11441	384	384	57119	57119	7925	7925	1	1	2	2
IND00944	235	235	711	711	278	278	1178	1178	47	47	8	8	2720	2720	85	85	1593	1593	2540	2540	3093	3093	2919	2919	4290	4290	7817	7817	3995	3995	1594	1594	174	174	5	5	5	5	14	14	938	938	1379	1379	66	66	74	74	316	316	3503	3503	690	690	1218	1218	69	69	90	90	486	486	1477	1477	53	53	867	867	6499	6499	4018	4018	45	45	144	144	824	824	808	808	1005	1005	439	439	10268	10268	11045	11045	9	9	26	26	2781	2781	6470	6470	103	103	4	4	66	66	198	198	6479	6479	1510	1510	553	553	6701	6701	1478	1478	336	336	30538	30538	12897	12897	99	99	116	116	119	119	128	128	34	34	62	62	927	927	1058	1058	66	66	1	1	152	152	508	508	4213	4213	260	260	1774	1774	203	203	25	25	83	83	63	63	1	1	211	211	98	98	147	147	43	43	286	286	128	128	368	368	560	560	25	25	19	19	1462	1462	1533	1533	100	100	61	61	16302	16302	15208	15208	22648	22648	21382	21382	2	2	4	4
IND00945	2	2	860	860	1122	1122	1767	1767	55	55	49	49	2604	2604	2476	2476	46	46	284	284	2799	2799	1479	1479	2786	2786	2105	2105	3115	3115	3646	3646	95	95	9	9	2	2	6	6	3944	3944	3368	3368	111	111	68	68	3833	3833	6511	6511	1033	1033	1185	1185	12	12	78	78	1328	1328	895	895	412	412	328	328	18591	18591	7641	7641	27	27	101	101	3595	3595	11351	11351	712	712	88	88	15066	15066	3539	3539	4	4	33	33	2964	2964	6593	6593	51	51	28	28	89	89	202	202	3825	3825	5957	5957	20871	20871	16448	16448	1336	1336	546	546	23858	23858	26246	26246	185	185	144	144	103	103	12	12	52	52	7	7	858	858	332	332	15	15	40	40	442	442	70	70	7593	7593	2830	2830	619	619	997	997	92	92	11	11	46	46	18	18	50	50	227	227	118	118	238	238	747	747	663	663	466	466	1777	1777	24	24	6	6	1441	1441	994	994	107	107	67	67	2501	2501	7896	7896	43642	43642	9992	9992	3	3	3	3
IND00946	977	977	917	917	537	537	1478	1478	43	43	17	17	974	974	2386	2386	2982	2982	775	775	3035	3035	1107	1107	4494	4494	5169	5169	2460	2460	2583	2583	154	154	235	235	4	4	5	5	1991	1991	2672	2672	111	111	79	79	5013	5013	923	923	146	146	603	603	20	20	36	36	1001	1001	285	285	478	478	612	612	13982	13982	24476	24476	14	14	73	73	2661	2661	16373	16373	493	493	999	999	16029	16029	14471	14471	27	27	36	36	3092	3092	725	725	2	2	48	48	52	52	75	75	3228	3228	6651	6651	7216	7216	9830	9830	147	147	714	714	8246	8246	18792	18792	185	185	233	233	58	58	123	123	48	48	1	1	1217	1217	1023	1023	102	102	27	27	158	158	667	667	6277	6277	5473	5473	81	81	1311	1311	11	11	111	111	56	56	29	29	356	356	15	15	110	110	174	174	733	733	698	698	82	82	882	882	26	26	12	12	1477	1477	137	137	121	121	106	106	30145	30145	1215	1215	39014	39014	51424	51424	4	4	3	3
IND00947	349	349	49	49	171	171	1684	1684	6	6	13	13	2	2	1482	1482	3784	3784	911	911	917	917	550	550	2188	2188	1110	1110	1790	1790	1396	1396	112	112	200	200	14	14	6	6	3199	3199	440	440	64	64	122	122	3430	3430	577	577	201	201	1777	1777	6	6	18	18	1627	1627	1244	1244	898	898	759	759	9392	9392	16186	16186	172	172	93	93	293	293	6488	6488	525	525	553	553	4098	4098	1653	1653	14	14	49	49	1237	1237	3117	3117	53	53	49	49	64	64	150	150	5661	5661	4226	4226	14156	14156	25730	25730	1536	1536	603	603	21392	21392	6295	6295	233	233	144	144	55	55	28	28	2	2	30	30	1201	1201	1168	1168	38	38	80	80	55	55	507	507	7414	7414	1127	1127	1637	1637	1947	1947	125	125	20	20	32	32	12	12	149	149	293	293	158	158	193	193	422	422	508	508	746	746	932	932	3	3	1	1	1547	1547	1244	1244	54	54	18	18	31100	31100	11972	11972	51316	51316	46195	46195	2	2	2	2
IND00948	504	504	650	650	791	791	1643	1643	54	54	18	18	3642	3642	3511	3511	1952	1952	2931	2931	3123	3123	1677	1677	4040	4040	5334	5334	2863	2863	187	187	61	61	9	9	15	15	3	3	1022	1022	976	976	58	58	124	124	7136	7136	7959	7959	810	810	1159	1159	75	75	63	63	586	586	1826	1826	360	360	844	844	22803	22803	31065	31065	34	34	229	229	10460	10460	1171	1171	495	495	647	647	5635	5635	7858	7858	15	15	3	3	741	741	4583	4583	102	102	98	98	158	158	239	239	8040	8040	1967	1967	12424	12424	13775	13775	1246	1246	751	751	20040	20040	17929	17929	64	64	21	21	14	14	7	7	28	28	35	35	821	821	957	957	98	98	121	121	316	316	548	548	4368	4368	7025	7025	892	892	105	105	111	111	82	82	37	37	39	39	306	306	337	337	207	207	97	97	986	986	378	378	543	543	1333	1333	21	21	9	9	132	132	184	184	74	74	80	80	27713	27713	8217	8217	1116	1116	27360	27360	2	2	1	1
IND00949	655	655	579	579	1798	1798	94	94	49	49	35	35	3554	3554	179	179	3393	3393	2754	2754	904	904	3537	3537	2027	2027	7694	7694	171	171	458	458	44	44	200	200	1	1	12	12	2751	2751	3941	3941	35	35	98	98	4772	4772	7303	7303	354	354	1946	1946	65	65	18	18	1906	1906	770	770	278	278	432	432	19873	19873	24336	24336	209	209	154	154	466	466	9274	9274	525	525	696	696	894	894	15490	15490	59	59	58	58	2740	2740	3063	3063	41	41	115	115	210	210	167	167	3218	3218	7870	7870	4317	4317	20469	20469	1120	1120	997	997	26111	26111	26931	26931	104	104	158	158	6	6	109	109	16	16	20	20	1485	1485	1588	1588	77	77	76	76	162	162	256	256	7002	7002	7754	7754	1411	1411	890	890	109	109	57	57	52	52	44	44	267	267	403	403	139	139	185	185	654	654	534	534	719	719	1360	1360	11	11	4	4	918	918	617	617	77	77	70	70	26572	26572	6262	6262	15302	15302	38711	38711	3	3	3	3
IND00950	735	735	541	541	1017	1017	861	861	24	24	28	28	221	221	2543	2543	2218	2218	3027	3027	2150	2150	3682	3682	2243	2243	6471	6471	1974	1974	1208	1208	183	183	146	146	16	16	14	14	1930	1930	2181	2181	103	103	10	10	416	416	6148	6148	899	899	954	954	10	10	65	65	1220	1220	611	611	6	6	352	352	27420	27420	155	155	193	193	175	175	2829	2829	5755	5755	41	41	289	289	8941	8941	2306	2306	43	43	1	1	542	542	3370	3370	62	62	41	41	119	119	69	69	3665	3665	7140	7140	24968	24968	31029	31029	68	68	1231	1231	24648	24648	3005	3005	255	255	120	120	20	20	119	119	42	42	20	20	369	369	834	834	43	43	76	76	77	77	357	357	1472	1472	1413	1413	1690	1690	255	255	36	36	61	61	35	35	62	62	357	357	310	310	193	193	225	225	5	5	391	391	989	989	512	512	26	26	5	5	1112	1112	1159	1159	30	30	119	119	11250	11250	18174	18174	29687	29687	26696	26696	1	1	2	2
IND00951	553	553	196	196	1328	1328	1567	1567	26	26	46	46	569	569	3915	3915	3517	3517	3696	3696	1290	1290	2418	2418	4694	4694	428	428	2683	2683	2729	2729	228	228	218	218	13	13	9	9	3059	3059	1113	1113	92	92	82	82	1573	1573	2967	2967	1395	1395	145	145	42	42	118	118	1281	1281	322	322	35	35	83	83	29300	29300	29849	29849	42	42	1	1	9156	9156	2131	2131	358	358	591	591	8362	8362	7272	7272	51	51	57	57	1306	1306	4019	4019	39	39	43	43	238	238	36	36	7275	7275	2541	2541	16548	16548	5256	5256	1593	1593	1114	1114	2857	2857	19672	19672	120	120	58	58	102	102	105	105	53	53	14	14	1837	1837	843	843	81	81	39	39	326	326	1012	1012	427	427	7642	7642	143	143	1395	1395	20	20	3	3	30	30	62	62	18	18	118	118	239	239	206	206	626	626	891	891	822	822	414	414	11	11	6	6	528	528	822	822	63	63	99	99	30700	30700	28737	28737	61296	61296	38053	38053	3	3	2	2
IND00952	821	821	236	236	814	814	1097	1097	15	15	49	49	384	384	923	923	207	207	1777	1777	356	356	772	772	6675	6675	5111	5111	3602	3602	2331	2331	19	19	95	95	7	7	7	7	651	651	2826	2826	112	112	25	25	5676	5676	5381	5381	442	442	539	539	4	4	64	64	931	931	2032	2032	129	129	651	651	27507	27507	29829	29829	192	192	94	94	3618	3618	14182	14182	751	751	24	24	9209	9209	14176	14176	33	33	13	13	3781	3781	5318	5318	56	56	57	57	49	49	167	167	7555	7555	7085	7085	24190	24190	9124	9124	307	307	1940	1940	19182	19182	22493	22493	129	129	136	136	33	33	88	88	2	2	16	16	1123	1123	66	66	7	7	32	32	982	982	438	438	4262	4262	2575	2575	920	920	1372	1372	28	28	89	89	16	16	64	64	482	482	41	41	4	4	188	188	466	466	33	33	416	416	413	413	10	10	26	26	1923	1923	2002	2002	32	32	115	115	19302	19302	13488	13488	5405	5405	34242	34242	3	3	3	3
IND00953	862	862	429	429	907	907	1746	1746	9	9	58	58	2387	2387	1672	1672	260	260	2138	2138	1839	1839	1551	1551	3414	3414	5821	5821	497	497	2354	2354	207	207	136	136	16	16	9	9	552	552	55	55	85	85	31	31	175	175	2979	2979	358	358	652	652	38	38	50	50	72	72	1204	1204	140	140	863	863	15076	15076	5621	5621	41	41	76	76	6660	6660	10249	10249	517	517	321	321	5265	5265	4067	4067	31	31	52	52	93	93	8003	8003	16	16	38	38	214	214	254	254	5878	5878	1752	1752	2045	2045	26453	26453	1266	1266	120	120	16075	16075	30160	30160	160	160	161	161	121	121	13	13	45	45	7	7	1484	1484	1418	1418	96	96	85	85	509	509	88	88	7210	7210	6616	6616	1339	1339	1136	1136	63	63	127	127	40	40	24	24	453	453	37	37	195	195	114	114	649	649	365	365	1237	1237	102	102	21	21	10	10	1751	1751	1160	1160	120	120	114	114	4336	4336	22583	22583	5996	5996	1864	1864	3	3	3	3
IND00954	602	602	582	582	996	996	1208	1208	53	53	47	47	3082	3082	1273	1273	3533	3533	1494	1494	829	829	3505	3505	7146	7146	7133	7133	32	32	3507	3507	236	236	243	243	13	13	13	13	1271	1271	255	255	65	65	87	87	4891	4891	7486	7486	1287	1287	1105	1105	113	113	13	13	1352	1352	1940	1940	281	281	198	198	22711	22711	30292	30292	178	178	79	79	6284	6284	15830	15830	78	78	355	355	2713	2713	6044	6044	59	59	52	52	5398	5398	2992	2992	116	116	49	49	161	161	222	222	2046	2046	3757	3757	23347	23347	26275	26275	1374	1374	1717	1717	2661	2661	31726	31726	184	184	28	28	99	99	91	91	42	42	9	9	778	778	299	299	7	7	81	81	207	207	920	920	2442	2442	52	52	189	189	739	739	94	94	78	78	37	37	33	33	321	321	76	76	107	107	75	75	883	883	89	89	1606	1606	580	580	32	32	16	16	1768	1768	788	788	44	44	48	48	16945	16945	27707	27707	44927	44927	10574	10574	4	4	3	3
IND00955	563	563	96	96	1503	1503	1453	1453	33	33	1	1	3118	3118	1088	1088	546	546	1853	1853	3973	3973	1412	1412	4036	4036	6708	6708	3729	3729	3772	3772	127	127	165	165	4	4	9	9	2916	2916	3481	3481	35	35	22	22	3705	3705	5771	5771	969	969	1864	1864	66	66	16	16	915	915	921	921	594	594	40	40	27379	27379	18912	18912	216	216	184	184	11812	11812	14966	14966	573	573	415	415	6715	6715	12940	12940	11	11	11	11	3491	3491	1518	1518	27	27	97	97	91	91	8	8	5103	5103	4740	4740	8764	8764	25410	25410	584	584	1644	1644	3091	3091	23279	23279	219	219	34	34	86	86	89	89	60	60	36	36	1926	1926	1229	1229	51	51	99	99	39	39	306	306	1430	1430	7369	7369	700	700	1117	1117	41	41	60	60	53	53	32	32	93	93	388	388	121	121	183	183	457	457	868	868	773	773	1421	1421	3	3	25	25	1359	1359	1527	1527	13	13	64	64	14908	14908	32142	32142	56104	56104	11554	11554	1	1	3	3
IND00956	312	312	305	305	1644	1644	664	664	56	56	36	36	1632	1632	2072	2072	1133	1133	703	703	3238	3238	2888	2888	3432	3432	4056	4056	799	799	127	127	108	108	137	137	1	1	9	9	3132	3132	1911	1911	43	43	49	49	5208	5208	2552	2552	300	300	130	130	10	10	56	56	1281	1281	445	445	969	969	884	884	1061	1061	30413	30413	94	94	182	182	4661	4661	7248	7248	816	816	969	969	102	102	12714	12714	26	26	6	6	5799	5799	6845	6845	52	52	100	100	139	139	119	119	7015	7015	3872	3872	4661	4661	13085	13085	670	670	344	344	30568	30568	25971	25971	239	239	196	196	35	35	127	127	45	45	41	41	963	963	274	274	82	82	2	2	599	599	42	42	136	136	4823	4823	1985	1985	146	146	28	28	57	57	38	38	46	46	44	44	391	391	186	186	150	150	793	793	925	925	924	924	544	544	18	18	27	27	1495	1495	683	683	91	91	109	109	8308	8308	24172	24172	8098	8098	55	55	4	4	1	1
IND00957	515	515	777	777	104	104	916	916	21	21	27	27	3413	3413	2830	2830	687	687	1439	1439	3189	3189	2277	2277	5306	5306	3445	3445	3601	3601	2861	2861	245	245	26	26	1	1	12	12	1379	1379	2780	2780	41	41	26	26	5771	5771	1902	1902	1755	1755	445	445	120	120	3	3	703	703	1324	1324	405	405	23	23	1897	1897	14384	14384	47	47	187	187	638	638	6279	6279	355	355	976	976	15542	15542	16016	16016	41	41	36	36	812	812	6003	6003	54	54	49	49	1	1	171	171	5692	5692	2784	2784	6408	6408	24738	24738	449	449	250	250	10871	10871	28885	28885	241	241	105	105	33	33	64	64	9	9	50	50	165	165	626	626	46	46	21	21	385	385	736	736	2331	2331	5100	5100	1062	1062	531	531	34	34	43	43	29	29	32	32	17	17	142	142	102	102	24	24	571	571	780	780	1393	1393	1510	1510	22	22	8	8	1960	1960	501	501	102	102	72	72	17564	17564	22582	22582	36820	36820	11016	11016	2	2	3	3
IND00958	898	898	271	271	998	998	1647	1647	20	20	3	3	1667	1667	619	619	113	113	3718	3718	3618	3618	432	432	8122	8122	6449	6449	928	928	96	96	105	105	8	8	3	3	10	10	622	622	1815	1815	12	12	101	101	3792	3792	7190	7190	572	572	1952	1952	66	66	93	93	556	556	28	28	128	128	801	801	25138	25138	26434	26434	137	137	221	221	12861	12861	5081	5081	354	354	241	241	58	58	7373	7373	25	25	18	18	1679	1679	1128	1128	99	99	23	23	191	191	17	17	2688	2688	3284	3284	20609	20609	2073	2073	150	150	610	610	20720	20720	26617	26617	237	237	113	113	90	90	43	43	32	32	24	24	569	569	427	427	56	56	2	2	79	79	875	875	1148	1148	925	925	1882	1882	1810	1810	104	104	97	97	3	3	56	56	369	369	207	207	234	234	48	48	683	683	971	971	785	785	1044	1044	1	1	27	27	216	216	1501	1501	73	73	58	58	19306	19306	12958	12958	28702	28702	53504	53504	2	2	1	1
IND00959	860	860	786	786	294	294	1232	1232	34	34	23	23	61	61	225	225	1451	1451	1592	1592	1828	1828	1017	1017	7827	7827	5164	5164	2872	2872	380	380	153	153	145	145	1	1	14	14	1288	1288	3098	3098	66	66	37	37	6895	6895	719	719	2013	2013	1290	1290	123	123	87	87	298	298	744	744	947	947	689	689	5062	5062	6952	6952	128	128	144	144	4690	4690	9271	9271	773	773	318	318	7737	7737	11264	11264	17	17	44	44	6066	6066	2176	2176	124	124	117	117	20	20	246	246	2632	2632	6680	6680	5953	5953	20689	20689	1580	1580	1709	1709	2699	2699	809	809	211	211	220	220	64	64	29	29	32	32	8	8	828	828	430	430	99	99	50	50	698	698	994	994	6798	6798	3562	3562	813	813	1234	1234	13	13	89	89	15	15	34	34	404	404	262	262	121	121	222	222	681	681	92	92	1336	1336	259	259	3	3	5	5	1318	1318	254	254	114	114	38	38	26985	26985	140	140	52599	52599	44067	44067	1	1	4	4
IND00960	254	254	1012	1012	342	342	1061	1061	41	41	38	38	1268	1268	1028	1028	604	604	379	379	2826	2826	3952	3952	7647	7647	300	300	2941	2941	2149	2149	223	223	161	161	14	14	11	11	1726	1726	3677	3677	117	117	105	105	1127	1127	3820	3820	119	119	1469	1469	65	65	10	10	1302	1302	1158	1158	578	578	458	458	22741	22741	28919	28919	106	106	223	223	7249	7249	10301	10301	810	810	236	236	14651	14651	5830	5830	18	18	11	11	774	774	8007	8007	71	71	25	25	141	141	216	216	6431	6431	493	493	14668	14668	24003	24003	1271	1271	1832	1832	5195	5195	9889	9889	54	54	50	50	95	95	124	124	18	18	41	41	1631	1631	1581	1581	86	86	62	62	117	117	848	848	3264	3264	2306	2306	1533	1533	571	571	49	49	12	12	21	21	31	31	156	156	324	324	82	82	182	182	656	656	612	612	1871	1871	523	523	18	18	9	9	1720	1720	1995	1995	24	24	49	49	8342	8342	20039	20039	50358	50358	37602	37602	4	4	3	3
IND00961	250	250	312	312	1673	1673	910	910	48	48	36	36	860	860	1630	1630	801	801	976	976	3470	3470	2700	2700	1377	1377	7688	7688	3013	3013	213	213	198	198	132	132	11	11	6	6	1417	1417	3981	3981	28	28	67	67	5571	5571	4097	4097	896	896	195	195	98	98	51	51	1735	1735	1550	1550	360	360	442	442	18036	18036	11036	11036	138	138	118	118	13207	13207	15090	15090	721	721	702	702	25	25	8604	8604	37	37	25	25	7292	7292	1368	1368	119	119	7	7	186	186	83	83	3700	3700	2223	2223	336	336	14345	14345	733	733	506	506	22328	22328	7638	7638	222	222	4	4	64	64	37	37	22	22	34	34	1128	1128	713	713	23	23	7	7	953	953	243	243	4955	4955	4712	4712	167	167	1313	1313	111	111	94	94	50	50	51	51	503	503	454	454	100	100	114	114	986	986	610	610	1497	1497	531	531	19	19	28	28	486	486	1488	1488	99	99	58	58	8650	8650	5211	5211	41733	41733	16263	16263	4	4	3	3
IND00962	419	419	964	964	1910	1910	351	351	31	31	64	64	1203	1203	832	832	2545	2545	369	369	1573	1573	1702	1702	7401	7401	4293	4293	1152	1152	2826	2826	108	108	87	87	7	7	1	1	1006	1006	3663	3663	86	86	118	118	4341	4341	1838	1838	1857	1857	196	196	122	122	86	86	1402	1402	824	824	66	66	191	191	31153	31153	17725	17725	61	61	138	138	14538	14538	4875	4875	407	407	75	75	8435	8435	12168	12168	37	37	32	32	5814	5814	4869	4869	60	60	118	118	76	76	24	24	701	701	1354	1354	12145	12145	12873	12873	1677	1677	1942	1942	28349	28349	14893	14893	159	159	192	192	47	47	15	15	54	54	10	10	122	122	1466	1466	66	66	83	83	545	545	534	534	3236	3236	7372	7372	1410	1410	465	465	114	114	84	84	20	20	63	63	67	67	51	51	68	68	26	26	109	109	641	641	981	981	1039	1039	8	8	24	24	757	757	1172	1172	35	35	45	45	11992	11992	19162	19162	52070	52070	64652	64652	3	3	3	3
IND00963	386	386	559	559	1940	1940	818	818	62	62	60	60	1766	1766	1037	1037	515	515	2345	2345	3623	3623	801	801	4719	4719	1756	1756	3352	3352	3433	3433	242	242	185	185	13	13	7	7	1546	1546	2947	2947	4	4	115	115	4116	4116	5327	5327	1713	1713	348	348	43	43	20	20	555	555	196	196	235	235	517	517	23372	23372	19939	19939	164	164	200	200	13630	13630	13572	13572	895	895	818	818	12460	12460	5378	5378	40	40	64	64	4833	4833	178	178	80	80	117	117	78	78	189	189	5991	5991	5794	5794	10763	10763	1180	1180	28	28	900	900	1141	1141	12704	12704	157	157	200	200	54	54	11	11	52	52	22	22	454	454	260	260	71	71	79	79	148	148	592	592	5452	5452	7197	7197	481	481	465	465	80	80	115	115	2	2	20	20	119	119	336	336	86	86	142	142	383	383	770	770	374	374	617	617	14	14	7	7	1744	1744	494	494	24	24	9	9	7776	7776	17933	17933	5640	5640	7075	7075	2	2	2	2
IND00964	494	494	91	91	1457	1457	231	231	58	58	62	62	1978	1978	2690	2690	1924	1924	1288	1288	1994	1994	3956	3956	2987	2987	6560	6560	2664	2664	2344	2344	246	246	120	120	4	4	13	13	2848	2848	3655	3655	34	34	105	105	491	491	1694	1694	361	361	628	628	35	35	41	41	1921	1921	1536	1536	813	813	224	224	31655	31655	9527	9527	138	138	5	5	10128	10128	14826	14826	1006	1006	478	478	8769	8769	7120	7120	38	38	15	15	38	38	1322	1322	66	66	89	89	37	37	19	19	2851	2851	3658	3658	19194	19194	25844	25844	419	419	1265	1265	18300	18300	15054	15054	159	159	227	227	35	35	20	20	47	47	33	33	848	848	246	246	9	9	87	87	676	676	524	524	522	522	5585	5585	1657	1657	198	198	58	58	102	102	26	26	33	33	295	295	327	327	128	128	250	250	926	926	923	923	1770	1770	319	319	24	24	29	29	1351	1351	1060	1060	17	17	126	126	29517	29517	15281	15281	8123	8123	47268	47268	3	3	3	3
IND00965	134	134	200	200	1869	1869	1709	1709	7	7	14	14	2933	2933	1750	1750	1773	1773	3943	3943	3746	3746	2008	2008	5117	5117	4848	4848	3050	3050	1491	1491	30	30	75	75	1	1	14	14	1444	1444	3845	3845	51	51	28	28	2330	2330	6503	6503	148	148	1921	1921	27	27	27	27	1889	1889	670	670	727	727	359	359	27958	27958	16214	16214	240	240	104	104	4557	4557	11789	11789	500	500	696	696	5178	5178	6180	6180	11	11	2	2	6167	6167	4639	4639	14	14	74	74	194	194	57	57	3550	3550	3191	3191	28064	28064	31858	31858	609	609	326	326	27659	27659	12854	12854	107	107	95	95	54	54	123	123	60	60	57	57	1736	1736	1573	1573	33	33	12	12	169	169	377	377	5183	5183	3648	3648	344	344	824	824	86	86	52	52	34	34	7	7	38	38	165	165	73	73	85	85	96	96	277	277	1374	1374	653	653	28	28	4	4	366	366	674	674	64	64	85	85	4971	4971	26654	26654	7187	7187	33287	33287	3	3	1	1
IND00966	73	73	647	647	1858	1858	879	879	42	42	52	52	1161	1161	3899	3899	2440	2440	2287	2287	528	528	1972	1972	7300	7300	7756	7756	3161	3161	2473	2473	114	114	221	221	15	15	4	4	2681	2681	3802	3802	111	111	123	123	1868	1868	6460	6460	1587	1587	1473	1473	39	39	74	74	1279	1279	701	701	25	25	300	300	19608	19608	23136	23136	71	71	107	107	941	941	7939	7939	231	231	151	151	16302	16302	54	54	26	26	54	54	6425	6425	7409	7409	28	28	36	36	147	147	31	31	7293	7293	5939	5939	4900	4900	25769	25769	1420	1420	164	164	10680	10680	2901	2901	210	210	203	203	90	90	62	62	10	10	34	34	1906	1906	1373	1373	78	78	6	6	133	133	645	645	4955	4955	1632	1632	1114	1114	484	484	85	85	54	54	3	3	40	40	386	386	152	152	198	198	7	7	6	6	447	447	1907	1907	224	224	26	26	21	21	327	327	754	754	79	79	128	128	11999	11999	31056	31056	12737	12737	64413	64413	4	4	2	2
IND00967	834	834	680	680	1011	1011	1903	1903	3	3	54	54	1007	1007	3110	3110	525	525	588	588	3903	3903	344	344	6687	6687	2478	2478	1365	1365	1843	1843	195	195	182	182	10	10	1	1	3458	3458	1970	1970	37	37	99	99	6257	6257	6047	6047	1981	1981	501	501	119	119	95	95	373	373	1280	1280	504	504	476	476	30974	30974	23153	23153	222	222	116	116	10005	10005	14126	14126	1010	1010	218	218	7281	7281	74	74	62	62	16	16	4126	4126	2063	2063	13	13	76	76	227	227	183	183	5626	5626	3443	3443	29992	29992	11304	11304	1116	1116	270	270	24505	24505	26135	26135	114	114	247	247	9	9	75	75	5	5	10	10	1444	1444	1028	1028	108	108	39	39	790	790	778	778	3812	3812	3103	3103	534	534	243	243	73	73	58	58	51	51	21	21	358	358	264	264	14	14	109	109	215	215	398	398	139	139	1577	1577	20	20	11	11	124	124	853	853	23	23	89	89	5642	5642	21640	21640	28283	28283	57482	57482	2	2	3	3
IND00968	894	894	206	206	1873	1873	1681	1681	30	30	19	19	3339	3339	3815	3815	3333	3333	2319	2319	2779	2779	2009	2009	157	157	6472	6472	527	527	2588	2588	196	196	156	156	3	3	15	15	2278	2278	3474	3474	24	24	45	45	5440	5440	4224	4224	675	675	1158	1158	35	35	91	91	1110	1110	1852	1852	1023	1023	695	695	1263	1263	31377	31377	157	157	39	39	12330	12330	12179	12179	260	260	865	865	11748	11748	5292	5292	39	39	63	63	7737	7737	5019	5019	52	52	43	43	193	193	164	164	522	522	520	520	5243	5243	16335	16335	1594	1594	294	294	29888	29888	1901	1901	210	210	195	195	103	103	36	36	47	47	11	11	149	149	1426	1426	94	94	83	83	530	530	731	731	4916	4916	1467	1467	13	13	964	964	18	18	9	9	15	15	5	5	368	368	254	254	175	175	47	47	193	193	176	176	371	371	971	971	5	5	4	4	1748	1748	131	131	48	48	100	100	950	950	28014	28014	65017	65017	3333	3333	4	4	2	2
IND00969	51	51	524	524	1502	1502	740	740	33	33	33	33	3720	3720	2422	2422	2333	2333	2741	2741	2032	2032	2265	2265	2143	2143	3428	3428	2511	2511	3455	3455	224	224	103	103	4	4	5	5	3179	3179	1920	1920	121	121	55	55	726	726	4365	4365	993	993	43	43	10	10	19	19	435	435	97	97	340	340	80	80	8944	8944	24393	24393	47	47	169	169	7844	7844	2414	2414	600	600	964	964	9776	9776	14034	14034	43	43	37	37	4546	4546	3145	3145	91	91	25	25	119	119	34	34	6719	6719	5568	5568	32711	32711	20972	20972	1254	1254	52	52	11819	11819	15389	15389	7	7	134	134	78	78	95	95	31	31	64	64	1593	1593	1290	1290	122	122	64	64	334	334	383	383	2993	2993	6682	6682	440	440	1590	1590	49	49	68	68	63	63	30	30	75	75	217	217	253	253	139	139	857	857	738	738	1319	1319	527	527	25	25	17	17	1777	1777	1101	1101	57	57	70	70	2406	2406	11214	11214	34640	34640	5651	5651	4	4	1	1
IND00970	3	3	243	243	1887	1887	1997	1997	38	38	55	55	3104	3104	3810	3810	1218	1218	1853	1853	2276	2276	3003	3003	8056	8056	4260	4260	3391	3391	1747	1747	129	129	67	67	6	6	9	9	1643	1643	1270	1270	36	36	111	111	5708	5708	4974	4974	676	676	1212	1212	98	98	6	6	244	244	1167	1167	34	34	445	445	5076	5076	26469	26469	244	244	47	47	1858	1858	3355	3355	804	804	272	272	13906	13906	15829	15829	59	59	39	39	43	43	1513	1513	59	59	124	124	231	231	69	69	5036	5036	2229	2229	12181	12181	16988	16988	788	788	1617	1617	24446	24446	26803	26803	15	15	52	52	78	78	19	19	47	47	25	25	395	395	117	117	2	2	90	90	145	145	407	407	6318	6318	1415	1415	1191	1191	1577	1577	92	92	37	37	52	52	56	56	260	260	290	290	89	89	201	201	880	880	747	747	578	578	1076	1076	27	27	8	8	858	858	1427	1427	36	36	20	20	13802	13802	27219	27219	35880	35880	15965	15965	1	1	1	1
IND00971	31	31	805	805	85	85	921	921	15	15	19	19	2472	2472	1837	1837	1335	1335	1187	1187	75	75	3388	3388	3948	3948	2718	2718	3928	3928	1393	1393	75	75	87	87	8	8	8	8	1127	1127	3038	3038	95	95	99	99	7083	7083	2546	2546	448	448	1267	1267	3	3	41	41	517	517	466	466	961	961	866	866	9260	9260	2159	2159	72	72	108	108	13937	13937	10839	10839	433	433	75	75	8891	8891	13305	13305	22	22	54	54	2073	2073	7648	7648	17	17	113	113	221	221	53	53	2025	2025	6171	6171	13664	13664	5955	5955	1701	1701	1504	1504	10356	10356	15955	15955	157	157	55	55	32	32	36	36	2	2	59	59	714	714	1802	1802	112	112	87	87	926	926	956	956	5706	5706	7379	7379	504	504	906	906	40	40	103	103	33	33	17	17	101	101	310	310	124	124	148	148	269	269	812	812	1071	1071	183	183	3	3	5	5	1960	1960	1522	1522	100	100	44	44	16227	16227	4883	4883	42761	42761	28487	28487	2	2	2	2
IND00972	718	718	441	441	2015	2015	117	117	62	62	25	25	1211	1211	3560	3560	2835	2835	2532	2532	1244	1244	50	50	3428	3428	5717	5717	3986	3986	851	851	102	102	107	107	8	8	9	9	334	334	1156	1156	117	117	15	15	471	471	7157	7157	479	479	643	643	16	16	12	12	1838	1838	1648	1648	350	350	797	797	20944	20944	27169	27169	64	64	189	189	688	688	10216	10216	700	700	175	175	15801	15801	9413	9413	54	54	47	47	3484	3484	1020	1020	49	49	17	17	71	71	83	83	6993	6993	6461	6461	6502	6502	20670	20670	1654	1654	1005	1005	30381	30381	29083	29083	15	15	199	199	111	111	91	91	24	24	41	41	809	809	1283	1283	127	127	82	82	759	759	476	476	1614	1614	1207	1207	1748	1748	1836	1836	118	118	96	96	63	63	23	23	337	337	21	21	116	116	107	107	332	332	467	467	506	506	1651	1651	11	11	1	1	675	675	439	439	15	15	76	76	32476	32476	17851	17851	17969	17969	24373	24373	1	1	3	3
IND00973	292	292	527	527	1945	1945	902	902	61	61	22	22	2866	2866	3763	3763	387	387	1801	1801	2766	2766	1494	1494	2955	2955	7354	7354	287	287	94	94	109	109	131	131	14	14	14	14	441	441	763	763	89	89	113	113	50	50	5691	5691	763	763	1850	1850	35	35	92	92	314	314	366	366	359	359	759	759	19089	19089	9761	9761	219	219	128	128	13440	13440	15864	15864	1000	1000	38	38	10786	10786	15758	15758	44	44	58	58	6921	6921	196	196	27	27	69	69	239	239	98	98	5257	5257	2361	2361	31098	31098	15479	15479	2019	2019	903	903	11592	11592	31235	31235	90	90	10	10	8	8	28	28	15	15	13	13	1279	1279	760	760	115	115	30	30	1	1	168	168	1218	1218	6866	6866	1281	1281	316	316	77	77	72	72	20	20	38	38	300	300	419	419	244	244	73	73	713	713	140	140	104	104	1204	1204	10	10	9	9	519	519	2022	2022	99	99	98	98	8110	8110	14012	14012	37020	37020	25479	25479	1	1	4	4
IND00974	538	538	822	822	86	86	154	154	14	14	10	10	3288	3288	544	544	2579	2579	777	777	1286	1286	1142	1142	2210	2210	4766	4766	342	342	3404	3404	136	136	147	147	4	4	8	8	2077	2077	2722	2722	58	58	35	35	5280	5280	4180	4180	426	426	1852	1852	56	56	22	22	1585	1585	747	747	66	66	507	507	30112	30112	767	767	203	203	174	174	16349	16349	15470	15470	25	25	898	898	10013	10013	1870	1870	20	20	53	53	2242	2242	5472	5472	37	37	37	37	9	9	119	119	3692	3692	7470	7470	6331	6331	11319	11319	1420	1420	965	965	30392	30392	26564	26564	208	208	166	166	44	44	14	14	59	59	3	3	1928	1928	1329	1329	35	35	21	21	43	43	242	242	7048	7048	6834	6834	300	300	1138	1138	73	73	96	96	51	51	51	51	320	320	216	216	245	245	207	207	357	357	54	54	1402	1402	569	569	6	6	7	7	1090	1090	798	798	57	57	110	110	12890	12890	14438	14438	23480	23480	127	127	2	2	4	4
IND00975	642	642	137	137	1628	1628	1930	1930	6	6	34	34	2127	2127	1345	1345	2558	2558	1654	1654	1807	1807	2524	2524	4637	4637	1822	1822	3074	3074	2543	2543	170	170	17	17	2	2	14	14	2676	2676	2703	2703	91	91	73	73	2467	2467	1102	1102	1929	1929	1979	1979	121	121	114	114	1966	1966	862	862	225	225	479	479	17032	17032	26728	26728	37	37	199	199	5523	5523	8115	8115	331	331	958	958	15871	15871	12185	12185	14	14	13	13	5209	5209	6798	6798	51	51	127	127	166	166	192	192	3390	3390	4301	4301	20861	20861	14273	14273	249	249	119	119	6484	6484	22805	22805	80	80	195	195	21	21	5	5	26	26	1	1	681	681	923	923	21	21	4	4	648	648	423	423	7816	7816	3003	3003	835	835	1832	1832	19	19	40	40	42	42	34	34	500	500	495	495	231	231	5	5	18	18	998	998	356	356	1711	1711	19	19	19	19	1777	1777	622	622	82	82	9	9	31014	31014	25924	25924	58137	58137	59898	59898	4	4	4	4
IND00976	447	447	935	935	526	526	261	261	20	20	27	27	973	973	1487	1487	2633	2633	1633	1633	358	358	1094	1094	5732	5732	4325	4325	1760	1760	1178	1178	93	93	135	135	10	10	6	6	550	550	2570	2570	18	18	96	96	7224	7224	1855	1855	1207	1207	1330	1330	16	16	51	51	1044	1044	1824	1824	172	172	800	800	4112	4112	4589	4589	14	14	43	43	16144	16144	15590	15590	551	551	182	182	5467	5467	3461	3461	53	53	13	13	3070	3070	950	950	16	16	109	109	171	171	17	17	6314	6314	3197	3197	16777	16777	19520	19520	1532	1532	233	233	1419	1419	6845	6845	50	50	178	178	100	100	68	68	21	21	22	22	1382	1382	1068	1068	12	12	124	124	422	422	739	739	1998	1998	428	428	419	419	571	571	12	12	5	5	10	10	62	62	235	235	160	160	85	85	53	53	453	453	746	746	1684	1684	656	656	24	24	16	16	783	783	1961	1961	93	93	121	121	31192	31192	889	889	33156	33156	28429	28429	4	4	3	3
IND00977	773	773	658	658	1635	1635	1869	1869	30	30	6	6	235	235	1178	1178	1213	1213	1150	1150	1001	1001	3058	3058	1752	1752	6061	6061	2217	2217	2439	2439	208	208	71	71	13	13	5	5	288	288	331	331	77	77	89	89	2960	2960	4474	4474	181	181	706	706	118	118	60	60	1283	1283	1015	1015	553	553	641	641	25275	25275	13102	13102	33	33	100	100	4356	4356	10741	10741	824	824	257	257	13174	13174	11180	11180	19	19	48	48	7097	7097	4469	4469	95	95	11	11	212	212	226	226	4605	4605	3691	3691	9289	9289	19641	19641	1765	1765	614	614	7784	7784	7986	7986	24	24	24	24	33	33	16	16	35	35	36	36	639	639	1453	1453	19	19	15	15	120	120	1024	1024	6466	6466	630	630	1098	1098	839	839	41	41	97	97	35	35	58	58	456	456	300	300	182	182	255	255	133	133	317	317	1816	1816	763	763	9	9	5	5	91	91	1883	1883	43	43	3	3	6296	6296	20536	20536	29337	29337	30508	30508	1	1	1	1
IND00978	847	847	897	897	1047	1047	1212	1212	1	1	26	26	1483	1483	715	715	2922	2922	1075	1075	1847	1847	1903	1903	6468	6468	1914	1914	382	382	3225	3225	69	69	211	211	10	10	5	5	571	571	2508	2508	30	30	93	93	7187	7187	3029	3029	254	254	1390	1390	73	73	87	87	1609	1609	745	745	666	666	405	405	970	970	28557	28557	2	2	171	171	14486	14486	1928	1928	792	792	368	368	10054	10054	7026	7026	38	38	11	11	7892	7892	1781	1781	95	95	10	10	13	13	40	40	4660	4660	5706	5706	23296	23296	27486	27486	1966	1966	401	401	15329	15329	29510	29510	140	140	95	95	117	117	119	119	31	31	7	7	1104	1104	1783	1783	86	86	22	22	184	184	651	651	3843	3843	323	323	1264	1264	1271	1271	78	78	83	83	3	3	10	10	409	409	10	10	54	54	172	172	534	534	906	906	403	403	1475	1475	31	31	29	29	91	91	93	93	1	1	115	115	17234	17234	8003	8003	32789	32789	56831	56831	4	4	1	1
IND00979	383	383	238	238	908	908	1937	1937	58	58	1	1	1123	1123	3939	3939	1342	1342	3018	3018	1646	1646	151	151	4041	4041	6053	6053	3184	3184	2568	2568	79	79	123	123	9	9	4	4	4005	4005	433	433	81	81	39	39	8057	8057	1277	1277	786	786	1072	1072	94	94	77	77	818	818	1011	1011	751	751	610	610	2455	2455	11634	11634	165	165	5	5	13096	13096	795	795	315	315	27	27	6521	6521	2416	2416	22	22	39	39	4906	4906	3792	3792	75	75	118	118	208	208	183	183	997	997	1405	1405	22021	22021	12598	12598	839	839	1490	1490	7047	7047	7701	7701	157	157	129	129	92	92	86	86	24	24	55	55	939	939	1637	1637	94	94	122	122	785	785	6	6	3472	3472	5043	5043	246	246	1406	1406	104	104	81	81	59	59	28	28	83	83	293	293	64	64	138	138	16	16	401	401	1978	1978	950	950	12	12	30	30	885	885	328	328	5	5	82	82	27446	27446	25406	25406	40313	40313	30386	30386	4	4	4	4
IND00980	389	389	295	295	1838	1838	650	650	42	42	43	43	3421	3421	3499	3499	3320	3320	760	760	1278	1278	3193	3193	1465	1465	4458	4458	670	670	775	775	102	102	17	17	16	16	3	3	1491	1491	3436	3436	54	54	73	73	2783	2783	1565	1565	388	388	224	224	126	126	20	20	723	723	1168	1168	390	390	802	802	13507	13507	16692	16692	126	126	213	213	14918	14918	3079	3079	973	973	461	461	1351	1351	15182	15182	6	6	15	15	6097	6097	2476	2476	29	29	88	88	229	229	247	247	5631	5631	1059	1059	7032	7032	13589	13589	1698	1698	619	619	19259	19259	9238	9238	6	6	187	187	97	97	36	36	5	5	12	12	804	804	1947	1947	50	50	64	64	960	960	704	704	1154	1154	5378	5378	1588	1588	1822	1822	120	120	100	100	19	19	34	34	127	127	169	169	211	211	80	80	917	917	488	488	1242	1242	516	516	23	23	13	13	1679	1679	1119	1119	27	27	75	75	28926	28926	5638	5638	19015	19015	55487	55487	2	2	1	1
IND00981	974	974	378	378	2023	2023	277	277	50	50	45	45	2989	2989	3268	3268	3129	3129	1217	1217	2344	2344	2366	2366	4065	4065	3943	3943	307	307	1306	1306	101	101	158	158	11	11	11	11	1962	1962	554	554	53	53	120	120	134	134	2759	2759	2007	2007	1040	1040	83	83	67	67	1253	1253	319	319	433	433	863	863	12618	12618	26269	26269	99	99	31	31	10678	10678	13974	13974	579	579	457	457	935	935	3235	3235	45	45	7	7	4024	4024	266	266	49	49	4	4	97	97	41	41	4191	4191	42	42	13131	13131	20760	20760	434	434	1076	1076	613	613	9601	9601	216	216	146	146	99	99	92	92	19	19	21	21	1295	1295	1943	1943	67	67	50	50	808	808	275	275	8061	8061	202	202	733	733	783	783	81	81	69	69	27	27	9	9	345	345	316	316	110	110	236	236	767	767	728	728	1551	1551	635	635	21	21	28	28	582	582	1863	1863	95	95	70	70	10144	10144	17788	17788	48346	48346	35142	35142	2	2	4	4
IND00982	733	733	885	885	695	695	1374	1374	17	17	64	64	2987	2987	232	232	36	36	680	680	1932	1932	1234	1234	2487	2487	7605	7605	3653	3653	309	309	47	47	125	125	5	5	2	2	3344	3344	2458	2458	4	4	90	90	4156	4156	7543	7543	495	495	1014	1014	111	111	38	38	1397	1397	357	357	381	381	947	947	8319	8319	20191	20191	60	60	16	16	4225	4225	12004	12004	952	952	613	613	1111	1111	3692	3692	49	49	20	20	8079	8079	4396	4396	30	30	52	52	78	78	9	9	2394	2394	4949	4949	22939	22939	27426	27426	395	395	1430	1430	26685	26685	7767	7767	60	60	223	223	3	3	58	58	48	48	25	25	1141	1141	1597	1597	106	106	41	41	1017	1017	879	879	5317	5317	6417	6417	68	68	1963	1963	29	29	96	96	28	28	42	42	295	295	303	303	20	20	127	127	74	74	147	147	778	778	1737	1737	10	10	6	6	1932	1932	1448	1448	17	17	19	19	10151	10151	5999	5999	1432	1432	23033	23033	2	2	1	1
IND00983	421	421	264	264	341	341	2030	2030	14	14	24	24	1724	1724	3154	3154	1864	1864	1386	1386	1090	1090	2119	2119	5500	5500	1745	1745	1815	1815	3403	3403	56	56	206	206	10	10	11	11	3234	3234	1994	1994	94	94	22	22	7139	7139	8180	8180	144	144	1793	1793	106	106	82	82	88	88	1414	1414	170	170	976	976	13775	13775	7174	7174	128	128	214	214	9143	9143	5556	5556	856	856	734	734	8228	8228	5386	5386	5	5	46	46	7401	7401	1544	1544	52	52	56	56	103	103	233	233	6806	6806	164	164	7663	7663	27693	27693	1812	1812	1740	1740	5567	5567	27047	27047	120	120	184	184	27	27	11	11	24	24	42	42	1900	1900	1346	1346	43	43	12	12	566	566	51	51	587	587	3321	3321	1052	1052	1816	1816	46	46	108	108	38	38	34	34	52	52	89	89	65	65	235	235	327	327	299	299	485	485	492	492	23	23	14	14	1375	1375	148	148	102	102	48	48	3462	3462	16254	16254	15158	15158	50460	50460	2	2	2	2
IND00984	689	689	627	627	1765	1765	72	72	46	46	11	11	3244	3244	2743	2743	3908	3908	2705	2705	145	145	3396	3396	1897	1897	6583	6583	257	257	972	972	188	188	216	216	13	13	6	6	3245	3245	180	180	117	117	42	42	8185	8185	6807	6807	1826	1826	801	801	125	125	50	50	1879	1879	1945	1945	383	383	274	274	12845	12845	5783	5783	197	197	134	134	14217	14217	15461	15461	744	744	913	913	7261	7261	4096	4096	11	11	6	6	2819	2819	7493	7493	105	105	71	71	8	8	13	13	628	628	5030	5030	29597	29597	5530	5530	754	754	84	84	8110	8110	30294	30294	174	174	45	45	109	109	19	19	35	35	45	45	1397	1397	1587	1587	118	118	87	87	361	361	275	275	1172	1172	4836	4836	1128	1128	1468	1468	26	26	27	27	11	11	39	39	174	174	12	12	205	205	55	55	371	371	936	936	257	257	705	705	20	20	17	17	1549	1549	1621	1621	101	101	31	31	17696	17696	11552	11552	29694	29694	7915	7915	3	3	2	2
IND00985	914	914	332	332	79	79	2047	2047	22	22	11	11	3467	3467	3870	3870	2726	2726	2174	2174	3020	3020	39	39	6979	6979	4240	4240	1840	1840	761	761	228	228	253	253	9	9	10	10	698	698	2446	2446	14	14	68	68	6009	6009	7003	7003	1269	1269	1685	1685	90	90	106	106	921	921	978	978	841	841	1019	1019	28181	28181	16877	16877	195	195	203	203	4110	4110	9003	9003	732	732	664	664	15263	15263	2761	2761	1	1	64	64	3121	3121	2920	2920	117	117	60	60	89	89	192	192	7379	7379	2030	2030	14088	14088	27701	27701	1330	1330	1356	1356	23028	23028	7714	7714	156	156	220	220	6	6	72	72	4	4	55	55	1886	1886	58	58	103	103	126	126	484	484	501	501	7811	7811	4413	4413	249	249	585	585	18	18	126	126	38	38	22	22	466	466	178	178	229	229	82	82	481	481	845	845	1289	1289	1927	1927	22	22	29	29	1582	1582	2041	2041	35	35	12	12	19991	19991	1104	1104	24647	24647	53409	53409	3	3	2	2
IND00986	17	17	724	724	225	225	745	745	12	12	49	49	3250	3250	2567	2567	874	874	3133	3133	2865	2865	2836	2836	3222	3222	809	809	2855	2855	3191	3191	137	137	41	41	10	10	11	11	1123	1123	1772	1772	58	58	25	25	3694	3694	7444	7444	926	926	761	761	12	12	96	96	1348	1348	741	741	116	116	530	530	9629	9629	2415	2415	164	164	49	49	4459	4459	12810	12810	208	208	644	644	12651	12651	12213	12213	50	50	4	4	2849	2849	3719	3719	52	52	53	53	203	203	26	26	3109	3109	1509	1509	30712	30712	9122	9122	533	533	1319	1319	30034	30034	13481	13481	40	40	46	46	32	32	57	57	57	57	14	14	1171	1171	1728	1728	58	58	45	45	865	865	92	92	427	427	1767	1767	661	661	1937	1937	91	91	116	116	56	56	45	45	21	21	429	429	142	142	78	78	527	527	608	608	724	724	2045	2045	10	10	12	12	72	72	1869	1869	42	42	5	5	22528	22528	15582	15582	25013	25013	26371	26371	2	2	3	3
IND00987	758	758	471	471	560	560	208	208	58	58	60	60	1424	1424	2187	2187	3807	3807	3627	3627	955	955	1605	1605	4366	4366	6469	6469	1155	1155	934	934	131	131	78	78	7	7	15	15	2345	2345	3851	3851	29	29	62	62	1672	1672	5809	5809	480	480	992	992	115	115	114	114	1450	1450	1265	1265	723	723	248	248	6432	6432	24941	24941	9	9	148	148	10805	10805	12164	12164	578	578	644	644	14311	14311	6274	6274	56	56	10	10	5666	5666	2488	2488	31	31	113	113	16	16	179	179	7321	7321	2744	2744	4822	4822	3089	3089	239	239	379	379	11448	11448	18605	18605	240	240	204	204	42	42	82	82	5	5	7	7	1772	1772	360	360	2	2	43	43	383	383	341	341	5647	5647	7103	7103	494	494	470	470	22	22	16	16	28	28	47	47	280	280	137	137	192	192	10	10	484	484	447	447	1406	1406	1427	1427	4	4	1	1	1110	1110	1713	1713	63	63	123	123	15317	15317	2295	2295	14760	14760	8132	8132	1	1	3	3
IND00988	264	264	327	327	1565	1565	1144	1144	60	60	18	18	2220	2220	31	31	2616	2616	3335	3335	2069	2069	1166	1166	4731	4731	183	183	4021	4021	2960	2960	15	15	13	13	13	13	5	5	2310	2310	2394	2394	18	18	95	95	7777	7777	1680	1680	1843	1843	1099	1099	90	90	17	17	1879	1879	1635	1635	883	883	136	136	20618	20618	8640	8640	63	63	15	15	2173	2173	6819	6819	130	130	671	671	4759	4759	2506	2506	63	63	57	57	6918	6918	4853	4853	59	59	93	93	150	150	123	123	3033	3033	1080	1080	16863	16863	27041	27041	421	421	1417	1417	9860	9860	20532	20532	140	140	132	132	102	102	100	100	35	35	40	40	560	560	388	388	18	18	10	10	267	267	374	374	5411	5411	6293	6293	154	154	1089	1089	34	34	18	18	32	32	34	34	194	194	224	224	236	236	190	190	265	265	25	25	1443	1443	410	410	5	5	19	19	1545	1545	365	365	109	109	108	108	11525	11525	31479	31479	28859	28859	61025	61025	3	3	1	1
IND00989	999	999	27	27	862	862	1556	1556	21	21	12	12	2318	2318	1217	1217	1836	1836	871	871	1705	1705	3978	3978	167	167	4023	4023	2961	2961	1433	1433	137	137	251	251	14	14	16	16	1293	1293	710	710	19	19	25	25	3292	3292	2673	2673	991	991	1818	1818	21	21	25	25	662	662	24	24	477	477	922	922	26388	26388	3512	3512	126	126	148	148	14743	14743	2264	2264	366	366	580	580	14690	14690	13709	13709	19	19	31	31	1354	1354	3164	3164	76	76	40	40	206	206	169	169	4662	4662	1031	1031	26064	26064	29424	29424	326	326	1060	1060	6013	6013	29315	29315	30	30	153	153	66	66	89	89	20	20	57	57	1690	1690	1337	1337	78	78	54	54	153	153	499	499	5409	5409	7855	7855	56	56	1065	1065	96	96	127	127	37	37	6	6	345	345	289	289	87	87	168	168	986	986	733	733	1972	1972	600	600	6	6	18	18	1086	1086	1702	1702	4	4	25	25	6630	6630	1886	1886	9204	9204	4389	4389	3	3	4	4
IND00990	31	31	147	147	449	449	762	762	32	32	33	33	2186	2186	850	850	3231	3231	1055	1055	1467	1467	1489	1489	2980	2980	2513	2513	44	44	2590	2590	54	54	226	226	1	1	12	12	3534	3534	1199	1199	101	101	38	38	3339	3339	3132	3132	1502	1502	529	529	89	89	22	22	1737	1737	244	244	770	770	249	249	6583	6583	26980	26980	11	11	238	238	2762	2762	7848	7848	603	603	689	689	12938	12938	15280	15280	47	47	38	38	5117	5117	5406	5406	30	30	101	101	27	27	36	36	7293	7293	5612	5612	17669	17669	7590	7590	72	72	416	416	24789	24789	15475	15475	153	153	165	165	22	22	2	2	7	7	34	34	1920	1920	813	813	72	72	113	113	356	356	893	893	7551	7551	4969	4969	282	282	507	507	45	45	107	107	1	1	51	51	272	272	145	145	26	26	152	152	162	162	227	227	312	312	1619	1619	31	31	9	9	532	532	1190	1190	11	11	8	8	22193	22193	1701	1701	33920	33920	63660	63660	3	3	3	3
IND00991	960	960	313	313	676	676	1838	1838	41	41	25	25	2628	2628	3611	3611	1184	1184	2478	2478	1325	1325	1858	1858	6460	6460	5339	5339	2443	2443	1108	1108	97	97	89	89	16	16	5	5	2316	2316	353	353	67	67	27	27	986	986	2589	2589	909	909	1535	1535	99	99	24	24	1628	1628	234	234	323	323	321	321	1439	1439	4177	4177	103	103	172	172	5538	5538	16017	16017	986	986	336	336	5269	5269	9961	9961	37	37	52	52	210	210	976	976	33	33	106	106	241	241	51	51	3489	3489	3578	3578	11641	11641	28501	28501	411	411	1290	1290	13134	13134	17405	17405	77	77	117	117	43	43	58	58	14	14	37	37	1920	1920	1791	1791	6	6	7	7	19	19	593	593	6552	6552	5789	5789	1313	1313	617	617	36	36	31	31	62	62	10	10	131	131	356	356	12	12	224	224	397	397	147	147	1470	1470	1611	1611	15	15	20	20	809	809	1826	1826	3	3	85	85	31520	31520	22539	22539	25287	25287	62047	62047	2	2	1	1
IND00992	403	403	580	580	1597	1597	327	327	8	8	19	19	597	597	3390	3390	3438	3438	600	600	3196	3196	2148	2148	5255	5255	5219	5219	1868	1868	783	783	61	61	26	26	3	3	1	1	373	373	1827	1827	60	60	118	118	6891	6891	4220	4220	1322	1322	2034	2034	103	103	82	82	17	17	1862	1862	321	321	339	339	13479	13479	19744	19744	251	251	199	199	14015	14015	9884	9884	517	517	561	561	2577	2577	14807	14807	38	38	58	58	2463	2463	949	949	47	47	85	85	204	204	96	96	4472	4472	3109	3109	18708	18708	15220	15220	1786	1786	1975	1975	26133	26133	17677	17677	161	161	165	165	18	18	77	77	60	60	40	40	1262	1262	308	308	100	100	52	52	280	280	95	95	5845	5845	1072	1072	1411	1411	1843	1843	41	41	54	54	25	25	60	60	468	468	127	127	217	217	219	219	799	799	462	462	1589	1589	1893	1893	23	23	29	29	1263	1263	79	79	59	59	109	109	13559	13559	30218	30218	38533	38533	50287	50287	2	2	2	2
IND00993	317	317	378	378	263	263	596	596	36	36	45	45	2703	2703	1824	1824	162	162	3318	3318	3276	3276	1312	1312	3015	3015	5948	5948	3115	3115	1400	1400	143	143	28	28	4	4	10	10	1972	1972	855	855	68	68	111	111	6705	6705	2783	2783	1494	1494	548	548	14	14	56	56	335	335	734	734	846	846	26	26	30629	30629	32748	32748	180	180	113	113	12262	12262	10700	10700	32	32	604	604	9412	9412	2821	2821	52	52	2	2	331	331	10	10	56	56	10	10	230	230	204	204	1308	1308	6692	6692	7431	7431	6976	6976	1986	1986	1987	1987	25841	25841	20871	20871	39	39	149	149	127	127	38	38	34	34	10	10	1199	1199	232	232	99	99	110	110	244	244	622	622	3960	3960	4529	4529	760	760	103	103	21	21	47	47	25	25	44	44	220	220	435	435	156	156	247	247	999	999	104	104	1491	1491	533	533	7	7	9	9	619	619	1821	1821	125	125	70	70	7472	7472	26616	26616	53822	53822	62461	62461	3	3	3	3
IND00994	476	476	570	570	1380	1380	189	189	50	50	4	4	313	313	3642	3642	761	761	2548	2548	1225	1225	3538	3538	7132	7132	58	58	2172	2172	1242	1242	130	130	249	249	14	14	1	1	2312	2312	755	755	18	18	99	99	4929	4929	7765	7765	1922	1922	1189	1189	57	57	119	119	677	677	1676	1676	118	118	527	527	9665	9665	13840	13840	145	145	19	19	505	505	1411	1411	647	647	139	139	8547	8547	3088	3088	40	40	3	3	988	988	5339	5339	94	94	117	117	25	25	242	242	7001	7001	7178	7178	10010	10010	22391	22391	847	847	1284	1284	23400	23400	6423	6423	124	124	102	102	117	117	49	49	33	33	47	47	1311	1311	355	355	8	8	89	89	629	629	111	111	4809	4809	6578	6578	410	410	405	405	4	4	29	29	7	7	10	10	313	313	299	299	155	155	199	199	827	827	379	379	722	722	286	286	4	4	30	30	1249	1249	1899	1899	57	57	6	6	18499	18499	3936	3936	7063	7063	58155	58155	1	1	3	3
IND00995	470	470	721	721	430	430	1772	1772	2	2	55	55	1781	1781	3616	3616	3954	3954	2199	2199	2400	2400	3951	3951	7801	7801	987	987	422	422	2228	2228	84	84	119	119	15	15	8	8	2076	2076	1856	1856	83	83	25	25	2817	2817	828	828	221	221	1748	1748	113	113	34	34	206	206	613	613	39	39	458	458	14095	14095	16288	16288	150	150	125	125	11755	11755	10369	10369	206	206	198	198	8313	8313	9593	9593	35	35	39	39	2482	2482	4196	4196	15	15	108	108	232	232	235	235	2862	2862	4621	4621	25604	25604	4176	4176	284	284	1902	1902	7689	7689	32102	32102	200	200	158	158	66	66	4	4	62	62	37	37	637	637	1823	1823	34	34	54	54	535	535	966	966	1428	1428	6846	6846	801	801	894	894	62	62	70	70	4	4	1	1	215	215	320	320	114	114	203	203	435	435	623	623	1053	1053	1255	1255	11	11	11	11	395	395	1456	1456	72	72	34	34	18146	18146	10018	10018	56883	56883	49542	49542	4	4	4	4
IND00996	782	782	163	163	100	100	1335	1335	62	62	45	45	2877	2877	1950	1950	2208	2208	2851	2851	1576	1576	503	503	3684	3684	4910	4910	54	54	1352	1352	138	138	135	135	4	4	12	12	4062	4062	808	808	6	6	52	52	3699	3699	4002	4002	1479	1479	1250	1250	87	87	77	77	126	126	1894	1894	847	847	251	251	16300	16300	29744	29744	242	242	73	73	7436	7436	15320	15320	257	257	98	98	1028	1028	2039	2039	11	11	14	14	4191	4191	7014	7014	117	117	46	46	55	55	253	253	1957	1957	6698	6698	26446	26446	8339	8339	978	978	1416	1416	10909	10909	464	464	243	243	167	167	91	91	90	90	6	6	62	62	1256	1256	813	813	120	120	3	3	482	482	494	494	2842	2842	3141	3141	1530	1530	1820	1820	70	70	104	104	35	35	9	9	398	398	453	453	104	104	230	230	862	862	875	875	745	745	1765	1765	31	31	12	12	1973	1973	1538	1538	122	122	101	101	20185	20185	31746	31746	42348	42348	15160	15160	4	4	4	4
IND00997	817	817	793	793	1864	1864	1211	1211	41	41	3	3	2732	2732	749	749	2899	2899	2359	2359	3680	3680	966	966	286	286	7935	7935	2364	2364	3956	3956	191	191	35	35	7	7	8	8	2490	2490	2684	2684	116	116	82	82	763	763	7020	7020	157	157	1847	1847	87	87	31	31	1989	1989	255	255	668	668	826	826	29143	29143	13583	13583	244	244	159	159	4117	4117	3891	3891	292	292	337	337	6354	6354	9995	9995	58	58	41	41	5773	5773	3597	3597	99	99	68	68	39	39	14	14	4606	4606	7734	7734	18151	18151	8815	8815	559	559	139	139	18598	18598	3291	3291	191	191	98	98	26	26	62	62	47	47	49	49	151	151	199	199	42	42	38	38	302	302	1013	1013	4968	4968	3193	3193	1675	1675	941	941	116	116	63	63	45	45	35	35	67	67	447	447	217	217	222	222	19	19	633	633	1892	1892	1676	1676	12	12	9	9	437	437	292	292	89	89	8	8	24755	24755	16597	16597	51482	51482	32621	32621	2	2	1	1
IND00998	228	228	40	40	1689	1689	135	135	9	9	43	43	3982	3982	908	908	252	252	3608	3608	1757	1757	1783	1783	1636	1636	9	9	692	692	1069	1069	132	132	211	211	13	13	5	5	507	507	404	404	39	39	119	119	7011	7011	524	524	1895	1895	452	452	46	46	66	66	301	301	113	113	482	482	162	162	32622	32622	23835	23835	181	181	83	83	3913	3913	12072	12072	754	754	368	368	1803	1803	818	818	13	13	54	54	6777	6777	5008	5008	99	99	87	87	177	177	223	223	5740	5740	704	704	21015	21015	12514	12514	789	789	1965	1965	7966	7966	2054	2054	145	145	226	226	94	94	75	75	49	49	8	8	1780	1780	1023	1023	85	85	72	72	72	72	944	944	5301	5301	2435	2435	128	128	628	628	29	29	91	91	10	10	19	19	354	354	397	397	63	63	134	134	102	102	452	452	63	63	1353	1353	11	11	15	15	192	192	709	709	122	122	84	84	17107	17107	6795	6795	60784	60784	29159	29159	4	4	1	1
IND00999	764	764	443	443	775	775	1645	1645	43	43	3	3	740	740	1501	1501	3327	3327	1510	1510	1422	1422	3521	3521	5393	5393	5679	5679	1673	1673	623	623	88	88	28	28	12	12	2	2	2119	2119	2368	2368	31	31	1	1	6421	6421	5161	5161	1582	1582	153	153	80	80	26	26	2005	2005	1412	1412	381	381	442	442	6351	6351	2654	2654	120	120	82	82	8598	8598	16363	16363	715	715	984	984	2779	2779	4977	4977	34	34	47	47	4052	4052	3103	3103	1	1	95	95	71	71	96	96	6447	6447	5415	5415	22091	22091	23545	23545	130	130	1625	1625	9394	9394	15898	15898	44	44	250	250	54	54	117	117	16	16	20	20	782	782	76	76	96	96	64	64	304	304	917	917	4517	4517	2847	2847	1393	1393	1952	1952	122	122	102	102	47	47	50	50	16	16	241	241	37	37	199	199	175	175	302	302	1380	1380	770	770	24	24	24	24	1400	1400	1585	1585	96	96	75	75	2429	2429	6216	6216	61914	61914	27313	27313	2	2	1	1
IND01000	448	448	835	835	90	90	852	852	16	16	15	15	1070	1070	597	597	3679	3679	1851	1851	1115	1115	315	315	4570	4570	1319	1319	2538	2538	3906	3906	218	218	228	228	14	14	12	12	4034	4034	460	460	91	91	69	69	4011	4011	7277	7277	982	982	590	590	6	6	99	99	1549	1549	1825	1825	201	201	486	486	10297	10297	32313	32313	124	124	210	210	12327	12327	7558	7558	606	606	230	230	8986	8986	8767	8767	54	54	25	25	1858	1858	6717	6717	43	43	12	12	198	198	43	43	7547	7547	199	199	28074	28074	18522	18522	838	838	1696	1696	15978	15978	22999	22999	9	9	253	253	117	117	96	96	30	30	50	50	1435	1435	1917	1917	92	92	28	28	720	720	120	120	8067	8067	341	341	73	73	872	872	100	100	68	68	54	54	43	43	263	263	484	484	133	133	94	94	882	882	698	698	31	31	405	405	7	7	27	27	1589	1589	2006	2006	1	1	112	112	30788	30788	16114	16114	40199	40199	61242	61242	1	1	2	2
