ID	hap_1_1	hap_1_1	hap_1_2	hap_1_2	hap_2_1	hap_2_1	hap_2_2	hap_2_2	hap_3_1	hap_3_1	hap_3_2	hap_3_2	hap_4_1	hap_4_1	hap_4_2	hap_4_2	hap_5_1	hap_5_1	hap_5_2	hap_5_2	hap_6_1	hap_6_1	hap_6_2	hap_6_2	hap_7_1	hap_7_1	hap_7_2	hap_7_2	hap_8_1	hap_8_1	hap_8_2	hap_8_2	hap_9_1	hap_9_1	hap_9_2	hap_9_2	hap_10_1	hap_10_1	hap_10_2	hap_10_2	hap_11_1	hap_11_1	hap_11_2	hap_11_2	hap_12_1	hap_12_1	hap_12_2	hap_12_2	hap_13_1	hap_13_1	hap_13_2	hap_13_2	hap_14_1	hap_14_1	hap_14_2	hap_14_2	hap_15_1	hap_15_1	hap_15_2	hap_15_2	hap_16_1	hap_16_1	hap_16_2	hap_16_2	hap_17_1	hap_17_1	hap_17_2	hap_17_2	hap_18_1	hap_18_1	hap_18_2	hap_18_2	hap_19_1	hap_19_1	hap_19_2	hap_19_2	hap_20_1	hap_20_1	hap_20_2	hap_20_2	hap_21_1	hap_21_1	hap_21_2	hap_21_2	hap_22_1	hap_22_1	hap_22_2	hap_22_2	hap_23_1	hap_23_1	hap_23_2	hap_23_2	hap_24_1	hap_24_1	hap_24_2	hap_24_2	hap_25_1	hap_25_1	hap_25_2	hap_25_2	hap_26_1	hap_26_1	hap_26_2	hap_26_2	hap_27_1	hap_27_1	hap_27_2	hap_27_2	hap_28_1	hap_28_1	hap_28_2	hap_28_2	hap_29_1	hap_29_1	hap_29_2	hap_29_2	hap_30_1	hap_30_1	hap_30_2	hap_30_2	hap_31_1	hap_31_1	hap_31_2	hap_31_2	hap_32_1	hap_32_1	hap_32_2	hap_32_2	hap_33_1	hap_33_1	hap_33_2	hap_33_2	hap_34_1	hap_34_1	hap_34_2	hap_34_2	hap_35_1	hap_35_1	hap_35_2	hap_35_2	hap_36_1	hap_36_1	hap_36_2	hap_36_2	hap_37_1	hap_37_1	hap_37_2	hap_37_2	hap_38_1	hap_38_1	hap_38_2	hap_38_2	hap_39_1	hap_39_1	hap_39_2	hap_39_2	hap_40_1	hap_40_1	hap_40_2	hap_40_2	hap_41_1	hap_41_1	hap_41_2	hap_41_2	hap_42_1	hap_42_1	hap_42_2	hap_42_2	hap_43_1	hap_43_1	hap_43_2	hap_43_2	hap_44_1	hap_44_1	hap_44_2	hap_44_2	hap_45_1	hap_45_1	hap_45_2	hap_45_2	hap_46_1	hap_46_1	hap_46_2	hap_46_2	hap_47_1	hap_47_1	hap_47_2	hap_47_2	hap_48_1	hap_48_1	hap_48_2	hap_48_2	hap_49_1	hap_49_1	hap_49_2	hap_49_2	hap_50_1	hap_50_1	hap_50_2	hap_50_2
IND00001	852	852	1164	1164	80	80	735	735	2447	2447	4678	4678	83	83	18	18	12383	12383	2834	2834	232	232	173	173	40	40	6	6	5723	5723	4446	4446	1639	1639	1179	1179	106	106	72	72	16	16	35	35	56	56	27	27	7726	7726	3960	3960	115	115	206	206	107	107	606	606	26	26	23	23	1522	1522	2687	2687	146	146	12	12	1062	1062	6952	6952	16	16	12	12	7	7	15	15	20	20	71	71	486	486	1841	1841	858	858	311	311	2007	2007	958	958	1804	1804	6546	6546	196	196	59	59	2064	2064	3646	3646	130	130	131	131	1083	1083	477	477	3099	3099	129	129	23	23	20	20	120	120	85	85	73	73	39	39	842	842	2012	2012	68	68	198	198	94	94	989	989	2350121	2350121	4024025	4024025	13343	13343	1332	1332	137	137	251	251	27710	27710	22180	22180	129	129	81	81	889	889	149	149	189	189	139	139	440169	440169	193678	193678	62	62	84	84	509	509	274	274	2608	2608	25384	25384	232	232	98	98	191	191	84	84
IND00002	1169	1169	578	578	119	119	347	347	4643	4643	2036	2036	9	9	14	14	6108	6108	10343	10343	86	86	175	175	22	22	57	57	7044	7044	761	761	1697	1697	1756	1756	107	107	52	52	46	46	80	80	48	48	47	47	3260	3260	1871	1871	141	141	24	24	432	432	990	990	7	7	25	25	3210	3210	4964	4964	507	507	487	487	6444	6444	4919	4919	4	4	14	14	6	6	15	15	88	88	84	84	1537	1537	365	365	1774	1774	1045	1045	1797	1797	567	567	2676	2676	7705	7705	231	231	42	42	1178	1178	1836	1836	152	152	253	253	1579	1579	3	3	2829	2829	2219	2219	21	21	29	29	64	64	57	57	6	6	119	119	3473	3473	3892	3892	130	130	60	60	332	332	328	328	3193455	3193455	3440431	3440431	3640	3640	8745	8745	483	483	474	474	31003	31003	16371	16371	63	63	20	20	282	282	598	598	192	192	49	49	179293	179293	155499	155499	145	145	244	244	403	403	22	22	31833	31833	32672	32672	110	110	63	63	433	433	421	421
IND00003	182	182	1823	1823	887	887	403	403	3427	3427	6691	6691	33	33	126	126	5707	5707	11119	11119	139	139	201	201	55	55	37	37	4764	4764	1589	1589	185	185	528	528	72	72	58	58	66	66	43	43	53	53	29	29	7786	7786	4964	4964	251	251	142	142	919	919	537	537	9	9	24	24	1088	1088	4758	4758	426	426	263	263	6849	6849	8005	8005	8	8	9	9	15	15	9	9	98	98	94	94	1382	1382	1310	1310	3161	3161	3888	3888	1667	1667	556	556	836	836	5734	5734	219	219	1	1	1772	1772	2354	2354	6	6	203	203	1507	1507	825	825	1755	1755	1645	1645	25	25	16	16	93	93	55	55	15	15	54	54	153	153	1147	1147	185	185	1	1	203	203	141	141	3797996	3797996	532102	532102	7090	7090	4881	4881	8	8	302	302	25411	25411	4132	4132	91	91	237	237	810	810	853	853	131	131	148	148	305555	305555	35180	35180	111	111	59	59	468	468	187	187	23441	23441	593	593	69	69	137	137	314	314	428	428
IND00004	1378	1378	1345	1345	298	298	682	682	945	945	6850	6850	121	121	65	65	10630	10630	4931	4931	241	241	139	139	15	15	56	56	4875	4875	3566	3566	107	107	1030	1030	45	45	110	110	125	125	17	17	7	7	3	3	977	977	2172	2172	144	144	65	65	4	4	221	221	12	12	27	27	5419	5419	1024	1024	362	362	182	182	4144	4144	7132	7132	11	11	6	6	12	12	2	2	80	80	118	118	1051	1051	756	756	1369	1369	144	144	1034	1034	522	522	4916	4916	7179	7179	26	26	37	37	3316	3316	1079	1079	220	220	2	2	840	840	1750	1750	3179	3179	836	836	19	19	19	19	17	17	126	126	124	124	30	30	3469	3469	2474	2474	199	199	51	51	1022	1022	359	359	2433400	2433400	220080	220080	6639	6639	2993	2993	333	333	186	186	13027	13027	20060	20060	99	99	242	242	406	406	590	590	93	93	248	248	437513	437513	383155	383155	215	215	254	254	312	312	87	87	28894	28894	956	956	34	34	60	60	65	65	495	495
IND00005	2027	2027	561	561	587	587	615	615	1111	1111	6732	6732	51	51	119	119	2287	2287	13393	13393	155	155	206	206	46	46	51	51	6177	6177	4047	4047	1882	1882	776	776	45	45	123	123	4	4	31	31	48	48	51	51	7138	7138	2948	2948	42	42	97	97	973	973	1	1	6	6	14	14	5932	5932	2390	2390	233	233	285	285	3591	3591	6758	6758	5	5	7	7	3	3	12	12	99	99	89	89	1957	1957	21	21	2176	2176	33	33	523	523	1879	1879	7717	7717	5735	5735	120	120	180	180	2285	2285	1655	1655	59	59	122	122	1202	1202	1633	1633	217	217	2476	2476	28	28	14	14	21	21	80	80	102	102	86	86	508	508	3986	3986	208	208	255	255	359	359	856	856	4152759	4152759	1756830	1756830	816	816	659	659	292	292	405	405	5346	5346	20250	20250	217	217	196	196	93	93	692	692	145	145	231	231	378662	378662	522349	522349	181	181	236	236	367	367	119	119	4901	4901	24536	24536	9	9	20	20	63	63	380	380
IND00006	1702	1702	1266	1266	751	751	901	901	4712	4712	6370	6370	60	60	4	4	14199	14199	7672	7672	169	169	77	77	46	46	57	57	2513	2513	4347	4347	689	689	1544	1544	121	121	126	126	76	76	38	38	57	57	23	23	1473	1473	4269	4269	200	200	93	93	113	113	245	245	18	18	29	29	2727	2727	8189	8189	77	77	394	394	2602	2602	1526	1526	3	3	16	16	6	6	9	9	70	70	61	61	747	747	1427	1427	1304	1304	417	417	568	568	277	277	2995	2995	4630	4630	253	253	160	160	2963	2963	3920	3920	186	186	247	247	1767	1767	104	104	1378	1378	2161	2161	21	21	12	12	121	121	70	70	101	101	34	34	857	857	2172	2172	212	212	230	230	749	749	86	86	114773	114773	3987446	3987446	1137	1137	10151	10151	219	219	368	368	4706	4706	31327	31327	146	146	22	22	979	979	182	182	248	248	226	226	450415	450415	437097	437097	27	27	227	227	399	399	68	68	8762	8762	20810	20810	181	181	9	9	61	61	318	318
IND00007	1291	1291	1329	1329	289	289	593	593	3356	3356	949	949	104	104	124	124	15781	15781	12491	12491	23	23	198	198	1	1	7	7	1988	1988	2474	2474	1011	1011	443	443	49	49	27	27	116	116	127	127	3	3	52	52	668	668	766	766	141	141	179	179	906	906	337	337	25	25	29	29	6292	6292	4231	4231	149	149	148	148	3637	3637	1541	1541	9	9	16	16	4	4	3	3	46	46	115	115	457	457	693	693	3282	3282	3479	3479	2002	2002	961	961	7700	7700	4379	4379	195	195	65	65	542	542	6	6	192	192	151	151	722	722	448	448	3216	3216	1390	1390	1	1	12	12	11	11	91	91	79	79	54	54	2147	2147	175	175	3	3	245	245	985	985	268	268	419715	419715	2907777	2907777	2100	2100	5415	5415	39	39	380	380	7214	7214	20390	20390	256	256	110	110	293	293	826	826	16	16	230	230	215855	215855	44190	44190	145	145	126	126	426	426	184	184	7744	7744	8260	8260	250	250	73	73	279	279	506	506
IND00008	623	623	247	247	751	751	422	422	1605	1605	3032	3032	39	39	43	43	12292	12292	13796	13796	2	2	107	107	50	50	29	29	4360	4360	4132	4132	429	429	959	959	1	1	76	76	23	23	97	97	14	14	38	38	209	209	6122	6122	37	37	250	250	241	241	797	797	30	30	26	26	3157	3157	1380	1380	160	160	36	36	6390	6390	3654	3654	7	7	6	6	6	6	6	6	10	10	121	121	661	661	887	887	1607	1607	3802	3802	1402	1402	1971	1971	6878	6878	3693	3693	160	160	140	140	3196	3196	565	565	120	120	111	111	763	763	730	730	422	422	1075	1075	21	21	13	13	96	96	75	75	126	126	28	28	3199	3199	2068	2068	40	40	69	69	281	281	223	223	1131439	1131439	1334697	1334697	14324	14324	121	121	385	385	137	137	27378	27378	397	397	168	168	46	46	186	186	510	510	4	4	91	91	524175	524175	79624	79624	113	113	114	114	322	322	136	136	22920	22920	16498	16498	143	143	252	252	234	234	167	167
IND00009	1052	1052	1490	1490	32	32	733	733	7879	7879	3698	3698	101	101	65	65	2350	2350	12558	12558	123	123	249	249	9	9	39	39	1629	1629	4187	4187	11	11	560	560	40	40	43	43	22	22	119	119	26	26	48	48	273	273	2105	2105	178	178	178	178	872	872	664	664	24	24	31	31	3357	3357	2005	2005	425	425	347	347	3303	3303	4293	4293	9	9	2	2	10	10	2	2	51	51	14	14	923	923	771	771	3567	3567	3367	3367	1675	1675	708	708	6931	6931	3921	3921	121	121	190	190	2066	2066	2247	2247	210	210	109	109	269	269	129	129	3582	3582	1263	1263	13	13	11	11	88	88	27	27	107	107	48	48	3352	3352	2553	2553	113	113	32	32	12	12	549	549	2901731	2901731	2126075	2126075	9820	9820	454	454	97	97	405	405	19161	19161	22175	22175	3	3	144	144	557	557	924	924	56	56	157	157	496970	496970	188960	188960	184	184	213	213	342	342	253	253	1969	1969	22425	22425	130	130	228	228	103	103	352	352
IND00010	1764	1764	17	17	99	99	88	88	5500	5500	3548	3548	13	13	110	110	9382	9382	2798	2798	228	228	133	133	38	38	9	9	6307	6307	2262	2262	1121	1121	158	158	84	84	115	115	98	98	79	79	28	28	36	36	7943	7943	4595	4595	56	56	150	150	332	332	898	898	16	16	25	25	6642	6642	2563	2563	127	127	321	321	3668	3668	3115	3115	6	6	3	3	15	15	14	14	27	27	1	1	1351	1351	1204	1204	1465	1465	661	661	746	746	1035	1035	2300	2300	6956	6956	42	42	192	192	1857	1857	3862	3862	78	78	134	134	1834	1834	1371	1371	1060	1060	2286	2286	15	15	16	16	40	40	12	12	41	41	6	6	3498	3498	2384	2384	122	122	256	256	242	242	72	72	2857840	2857840	2876810	2876810	14544	14544	12254	12254	127	127	411	411	5786	5786	22889	22889	94	94	24	24	176	176	687	687	180	180	113	113	119359	119359	108271	108271	38	38	6	6	390	390	357	357	27797	27797	13602	13602	126	126	43	43	493	493	129	129
IND00011	1320	1320	638	638	380	380	240	240	5021	5021	4056	4056	60	60	47	47	14802	14802	2581	2581	103	103	231	231	56	56	29	29	1247	1247	5811	5811	1025	1025	1212	1212	24	24	16	16	30	30	91	91	29	29	2	2	7716	7716	284	284	161	161	15	15	384	384	659	659	22	22	22	22	6098	6098	1676	1676	29	29	72	72	1504	1504	4354	4354	4	4	13	13	13	13	11	11	67	67	73	73	1235	1235	1097	1097	1281	1281	2740	2740	320	320	1284	1284	5624	5624	6580	6580	33	33	245	245	2794	2794	177	177	120	120	176	176	1987	1987	877	877	1538	1538	1840	1840	9	9	11	11	82	82	54	54	25	25	31	31	1455	1455	984	984	160	160	35	35	653	653	920	920	784231	784231	731011	731011	4353	4353	12442	12442	264	264	37	37	6688	6688	4590	4590	41	41	63	63	557	557	114	114	18	18	33	33	30999	30999	161852	161852	51	51	61	61	407	407	467	467	28641	28641	12640	12640	93	93	8	8	496	496	439	439
IND00012	1557	1557	1723	1723	121	121	488	488	318	318	5102	5102	102	102	14	14	9404	9404	15962	15962	116	116	76	76	10	10	4	4	7909	7909	4582	4582	18	18	1681	1681	10	10	69	69	35	35	61	61	61	61	35	35	5627	5627	6207	6207	41	41	74	74	768	768	852	852	28	28	10	10	5527	5527	3478	3478	117	117	372	372	7975	7975	6379	6379	11	11	6	6	16	16	16	16	116	116	103	103	1125	1125	190	190	2874	2874	2775	2775	403	403	1976	1976	6729	6729	5603	5603	75	75	170	170	3427	3427	1651	1651	144	144	236	236	117	117	1609	1609	3808	3808	1305	1305	4	4	16	16	124	124	60	60	56	56	29	29	424	424	2836	2836	184	184	205	205	120	120	277	277	1669818	1669818	3851063	3851063	16049	16049	3475	3475	238	238	505	505	28727	28727	24949	24949	13	13	38	38	176	176	244	244	21	21	212	212	215305	215305	138573	138573	35	35	115	115	42	42	166	166	7239	7239	9293	9293	13	13	248	248	410	410	251	251
IND00013	537	537	1345	1345	701	701	1009	1009	266	266	7583	7583	128	128	49	49	8068	8068	552	552	36	36	24	24	60	60	58	58	2978	2978	4881	4881	283	283	1726	1726	83	83	58	58	103	103	48	48	42	42	7	7	4391	4391	3175	3175	119	119	13	13	688	688	805	805	17	17	24	24	3836	3836	5050	5050	428	428	51	51	3037	3037	2242	2242	9	9	7	7	16	16	16	16	81	81	95	95	1236	1236	1912	1912	3528	3528	2456	2456	1497	1497	782	782	7533	7533	5834	5834	121	121	233	233	3154	3154	3045	3045	75	75	76	76	491	491	1997	1997	2422	2422	2852	2852	3	3	26	26	121	121	74	74	89	89	33	33	1543	1543	1423	1423	135	135	167	167	402	402	238	238	183296	183296	2899046	2899046	11579	11579	8650	8650	438	438	198	198	9891	9891	22693	22693	68	68	115	115	544	544	616	616	178	178	236	236	252140	252140	275102	275102	85	85	105	105	177	177	510	510	30979	30979	18386	18386	42	42	249	249	184	184	257	257
IND00014	1522	1522	304	304	816	816	281	281	5676	5676	4279	4279	12	12	128	128	5186	5186	5058	5058	27	27	31	31	14	14	11	11	8051	8051	3775	3775	437	437	1551	1551	61	61	64	64	18	18	5	5	64	64	2	2	5226	5226	6424	6424	1	1	163	163	237	237	426	426	28	28	26	26	4057	4057	7273	7273	206	206	477	477	8189	8189	6664	6664	6	6	7	7	12	12	9	9	5	5	82	82	365	365	1044	1044	3133	3133	113	113	1660	1660	1709	1709	3903	3903	2250	2250	151	151	31	31	1078	1078	641	641	114	114	49	49	1635	1635	909	909	108	108	3854	3854	17	17	10	10	51	51	8	8	5	5	94	94	278	278	1459	1459	235	235	197	197	294	294	991	991	2840089	2840089	1930261	1930261	8296	8296	11371	11371	507	507	402	402	3043	3043	4499	4499	123	123	152	152	550	550	377	377	125	125	229	229	282831	282831	226756	226756	120	120	42	42	294	294	79	79	6286	6286	27383	27383	13	13	6	6	224	224	99	99
IND00015	1633	1633	1680	1680	272	272	708	708	7225	7225	2802	2802	43	43	18	18	13411	13411	7957	7957	219	219	130	130	55	55	56	56	4774	4774	6908	6908	918	918	1676	1676	66	66	108	108	52	52	36	36	64	64	14	14	3673	3673	1276	1276	193	193	70	70	867	867	821	821	26	26	9	9	8063	8063	6363	6363	16	16	338	338	6118	6118	7243	7243	4	4	6	6	1	1	6	6	39	39	46	46	686	686	1647	1647	1879	1879	659	659	305	305	1846	1846	1224	1224	7698	7698	82	82	191	191	3948	3948	3230	3230	51	51	123	123	2030	2030	612	612	1540	1540	1897	1897	1	1	10	10	56	56	55	55	2	2	5	5	1427	1427	920	920	239	239	52	52	982	982	1011	1011	80983	80983	960507	960507	10342	10342	15496	15496	248	248	471	471	10600	10600	20969	20969	54	54	38	38	1018	1018	960	960	204	204	38	38	320956	320956	154956	154956	67	67	237	237	204	204	468	468	3596	3596	2366	2366	23	23	221	221	511	511	335	335
IND00016	55	55	525	525	318	318	99	99	5270	5270	3883	3883	116	116	76	76	11392	11392	10394	10394	112	112	95	95	8	8	3	3	5129	5129	2479	2479	789	789	1323	1323	86	86	24	24	47	47	16	16	13	13	20	20	4623	4623	5793	5793	233	233	165	165	188	188	953	953	7	7	29	29	6827	6827	712	712	6	6	118	118	2910	2910	5880	5880	5	5	1	1	12	12	12	12	63	63	25	25	1341	1341	1449	1449	800	800	1810	1810	265	265	629	629	657	657	7930	7930	13	13	4	4	1924	1924	1798	1798	43	43	252	252	988	988	1577	1577	1501	1501	2813	2813	20	20	8	8	7	7	95	95	74	74	124	124	1327	1327	3651	3651	89	89	29	29	835	835	243	243	4131917	4131917	2317968	2317968	9884	9884	10645	10645	43	43	139	139	32650	32650	29389	29389	46	46	182	182	816	816	144	144	194	194	173	173	140985	140985	450922	450922	79	79	211	211	353	353	270	270	15873	15873	30628	30628	247	247	220	220	14	14	290	290
IND00017	459	459	1118	1118	722	722	886	886	2955	2955	1496	1496	32	32	42	42	9208	9208	2593	2593	201	201	248	248	20	20	18	18	6159	6159	4606	4606	999	999	1939	1939	42	42	13	13	25	25	108	108	1	1	9	9	7603	7603	4499	4499	51	51	78	78	574	574	662	662	7	7	25	25	1052	1052	5195	5195	87	87	108	108	503	503	6202	6202	8	8	13	13	5	5	5	5	25	25	13	13	1419	1419	1757	1757	2449	2449	2455	2455	210	210	2030	2030	1006	1006	7564	7564	245	245	13	13	1509	1509	1532	1532	129	129	206	206	815	815	913	913	1414	1414	2618	2618	21	21	8	8	55	55	33	33	70	70	67	67	1097	1097	1695	1695	152	152	144	144	681	681	49	49	1458190	1458190	1543928	1543928	7223	7223	16053	16053	356	356	268	268	24500	24500	9836	9836	74	74	86	86	852	852	45	45	244	244	250	250	376693	376693	499297	499297	64	64	65	65	331	331	8	8	20049	20049	13444	13444	216	216	201	201	310	310	341	341
IND00018	906	906	1948	1948	597	597	618	618	7244	7244	7655	7655	28	28	125	125	935	935	4648	4648	91	91	206	206	58	58	20	20	4663	4663	7756	7756	949	949	1016	1016	10	10	21	21	70	70	14	14	45	45	19	19	524	524	5807	5807	92	92	1	1	736	736	146	146	28	28	24	24	5842	5842	4087	4087	90	90	419	419	27	27	7750	7750	16	16	10	10	10	10	6	6	124	124	57	57	756	756	864	864	1513	1513	3345	3345	441	441	1026	1026	3632	3632	2303	2303	14	14	39	39	623	623	2285	2285	176	176	22	22	925	925	240	240	1578	1578	3642	3642	24	24	4	4	30	30	86	86	17	17	20	20	3324	3324	1548	1548	47	47	244	244	242	242	294	294	2515876	2515876	1608504	1608504	14418	14418	8043	8043	15	15	112	112	1022	1022	31051	31051	229	229	48	48	95	95	622	622	114	114	227	227	17536	17536	175846	175846	248	248	249	249	4	4	497	497	31936	31936	22654	22654	190	190	234	234	337	337	498	498
IND00019	348	348	354	354	790	790	935	935	245	245	4911	4911	75	75	44	44	8078	8078	5723	5723	81	81	233	233	59	59	46	46	5069	5069	5876	5876	236	236	1668	1668	92	92	81	81	72	72	112	112	45	45	46	46	2856	2856	5904	5904	51	51	87	87	17	17	108	108	17	17	31	31	685	685	3038	3038	16	16	179	179	1728	1728	5558	5558	5	5	5	5	2	2	16	16	5	5	98	98	774	774	327	327	1901	1901	3412	3412	1996	1996	310	310	7226	7226	4412	4412	45	45	214	214	3257	3257	987	987	78	78	243	243	15	15	3	3	2792	2792	885	885	8	8	8	8	123	123	61	61	46	46	109	109	1256	1256	286	286	28	28	133	133	595	595	484	484	3269247	3269247	134347	134347	6806	6806	16337	16337	202	202	211	211	24823	24823	21290	21290	92	92	120	120	122	122	831	831	138	138	113	113	339837	339837	510104	510104	242	242	207	207	393	393	95	95	26436	26436	4708	4708	42	42	144	144	275	275	108	108
IND00020	741	741	1431	1431	656	656	192	192	611	611	3048	3048	40	40	127	127	13152	13152	15052	15052	98	98	182	182	22	22	38	38	7148	7148	6354	6354	734	734	41	41	71	71	8	8	19	19	120	120	45	45	56	56	7367	7367	3486	3486	234	234	169	169	681	681	844	844	29	29	18	18	2951	2951	6294	6294	93	93	339	339	7700	7700	2169	2169	11	11	8	8	2	2	9	9	82	82	78	78	194	194	18	18	2980	2980	2522	2522	1023	1023	1906	1906	6816	6816	202	202	97	97	57	57	3716	3716	1618	1618	179	179	89	89	1258	1258	877	877	1752	1752	1297	1297	20	20	9	9	96	96	96	96	87	87	40	40	3857	3857	1385	1385	218	218	157	157	924	924	445	445	3724035	3724035	3951718	3951718	750	750	1615	1615	257	257	416	416	28545	28545	1420	1420	220	220	125	125	356	356	699	699	209	209	40	40	183157	183157	430672	430672	18	18	167	167	444	444	237	237	26651	26651	17208	17208	152	152	75	75	176	176	273	273
IND00021	948	948	333	333	449	449	606	606	4290	4290	4571	4571	62	62	22	22	2486	2486	2501	2501	204	204	139	139	17	17	12	12	5566	5566	6225	6225	1137	1137	916	916	106	106	84	84	97	97	36	36	8	8	60	60	5009	5009	769	769	18	18	147	147	889	889	10	10	3	3	32	32	565	565	2490	2490	295	295	483	483	7646	7646	587	587	3	3	16	16	10	10	1	1	113	113	6	6	438	438	333	333	363	363	2537	2537	1329	1329	1003	1003	8102	8102	7845	7845	81	81	107	107	1913	1913	85	85	177	177	3	3	42	42	774	774	167	167	2818	2818	32	32	19	19	37	37	116	116	101	101	2	2	321	321	1681	1681	119	119	84	84	209	209	881	881	187939	187939	2487833	2487833	14395	14395	15277	15277	221	221	263	263	566	566	26764	26764	24	24	231	231	600	600	20	20	83	83	114	114	428835	428835	49848	49848	183	183	146	146	383	383	21	21	3591	3591	6266	6266	62	62	38	38	202	202	390	390
IND00022	317	317	1003	1003	273	273	822	822	8005	8005	7464	7464	48	48	91	91	5935	5935	8640	8640	232	232	42	42	59	59	54	54	6648	6648	1166	1166	1260	1260	117	117	42	42	34	34	38	38	32	32	64	64	47	47	1220	1220	5200	5200	44	44	182	182	487	487	623	623	1	1	22	22	5719	5719	3667	3667	207	207	186	186	7553	7553	7031	7031	8	8	3	3	3	3	13	13	60	60	126	126	1527	1527	1618	1618	2631	2631	3719	3719	1356	1356	768	768	80	80	6866	6866	13	13	1	1	729	729	3151	3151	2	2	145	145	1881	1881	1830	1830	3584	3584	3346	3346	30	30	1	1	72	72	88	88	78	78	32	32	921	921	3443	3443	166	166	170	170	620	620	1007	1007	2517716	2517716	965011	965011	1942	1942	10524	10524	171	171	313	313	2538	2538	12160	12160	28	28	238	238	152	152	96	96	97	97	180	180	256996	256996	428878	428878	37	37	194	194	154	154	413	413	5302	5302	19188	19188	6	6	199	199	395	395	158	158
IND00023	76	76	49	49	206	206	460	460	443	443	4331	4331	37	37	89	89	6550	6550	14980	14980	118	118	141	141	52	52	33	33	2710	2710	868	868	1714	1714	1925	1925	119	119	11	11	80	80	97	97	43	43	33	33	209	209	1821	1821	184	184	17	17	137	137	616	616	13	13	2	2	1284	1284	5427	5427	357	357	229	229	1903	1903	2682	2682	9	9	16	16	11	11	1	1	3	3	10	10	162	162	57	57	1980	1980	2078	2078	17	17	280	280	202	202	5137	5137	223	223	60	60	1046	1046	3614	3614	98	98	114	114	241	241	628	628	3795	3795	2936	2936	15	15	13	13	82	82	51	51	101	101	93	93	620	620	3612	3612	170	170	229	229	515	515	406	406	1798527	1798527	426083	426083	7957	7957	6068	6068	405	405	135	135	16298	16298	11528	11528	29	29	44	44	996	996	543	543	167	167	89	89	219569	219569	215840	215840	233	233	122	122	120	120	488	488	2906	2906	18961	18961	136	136	33	33	66	66	423	423
IND00024	1540	1540	805	805	163	163	751	751	6766	6766	3921	3921	107	107	125	125	1780	1780	13532	13532	26	26	33	33	60	60	35	35	2206	2206	6228	6228	1384	1384	1274	1274	61	61	87	87	56	56	34	34	62	62	5	5	2490	2490	7589	7589	27	27	177	177	283	283	945	945	31	31	7	7	7107	7107	2014	2014	190	190	478	478	6668	6668	3436	3436	7	7	5	5	4	4	14	14	94	94	85	85	937	937	446	446	1079	1079	4070	4070	1969	1969	1829	1829	8078	8078	4966	4966	252	252	207	207	298	298	3987	3987	179	179	170	170	1992	1992	768	768	464	464	1899	1899	25	25	5	5	110	110	53	53	44	44	46	46	3360	3360	1874	1874	190	190	98	98	376	376	116	116	314679	314679	3932462	3932462	11926	11926	3353	3353	120	120	182	182	17660	17660	27839	27839	189	189	171	171	451	451	577	577	248	248	202	202	344859	344859	289828	289828	151	151	187	187	505	505	220	220	11174	11174	10188	10188	239	239	175	175	220	220	122	122
IND00025	26	26	1003	1003	1002	1002	5	5	7618	7618	6383	6383	45	45	66	66	16003	16003	4680	4680	188	188	40	40	44	44	53	53	5760	5760	4318	4318	761	761	367	367	87	87	9	9	7	7	69	69	14	14	62	62	5782	5782	745	745	180	180	252	252	930	930	6	6	18	18	6	6	7088	7088	1997	1997	84	84	71	71	3108	3108	5660	5660	9	9	7	7	1	1	1	1	52	52	65	65	580	580	243	243	1490	1490	3152	3152	41	41	1902	1902	1960	1960	7073	7073	16	16	44	44	2997	2997	622	622	81	81	147	147	189	189	1096	1096	1641	1641	787	787	20	20	4	4	122	122	43	43	98	98	40	40	4091	4091	2566	2566	20	20	167	167	908	908	1017	1017	3906721	3906721	2259439	2259439	3773	3773	1443	1443	114	114	433	433	19098	19098	31682	31682	112	112	112	112	547	547	83	83	173	173	113	113	172812	172812	81663	81663	49	49	34	34	129	129	181	181	31999	31999	11972	11972	62	62	139	139	420	420	460	460
IND00026	1983	1983	246	246	1017	1017	897	897	4894	4894	4531	4531	73	73	92	92	4338	4338	5378	5378	104	104	94	94	32	32	14	14	7420	7420	5869	5869	1637	1637	347	347	120	120	86	86	59	59	103	103	21	21	28	28	1521	1521	6799	6799	135	135	176	176	330	330	112	112	6	6	3	3	4751	4751	2261	2261	411	411	122	122	5379	5379	7106	7106	1	1	5	5	7	7	5	5	54	54	79	79	1177	1177	970	970	2094	2094	3245	3245	1345	1345	542	542	2837	2837	5851	5851	126	126	241	241	721	721	212	212	205	205	105	105	481	481	1864	1864	3967	3967	4046	4046	10	10	27	27	74	74	56	56	8	8	36	36	3838	3838	2077	2077	62	62	18	18	126	126	134	134	1783719	1783719	2929180	2929180	11033	11033	8240	8240	242	242	255	255	23810	23810	7872	7872	132	132	229	229	184	184	415	415	6	6	94	94	391089	391089	123107	123107	8	8	209	209	334	334	193	193	20643	20643	27485	27485	220	220	38	38	199	199	425	425
IND00027	429	429	528	528	822	822	35	35	2358	2358	7727	7727	78	78	118	118	3647	3647	10920	10920	238	238	170	170	7	7	9	9	6040	6040	1697	1697	1605	1605	751	751	89	89	10	10	118	118	23	23	22	22	61	61	3534	3534	2578	2578	14	14	203	203	113	113	309	309	30	30	9	9	7288	7288	7120	7120	237	237	154	154	130	130	7665	7665	6	6	11	11	5	5	5	5	77	77	9	9	1225	1225	917	917	3387	3387	2459	2459	1916	1916	1163	1163	8179	8179	4783	4783	170	170	203	203	3892	3892	1103	1103	57	57	147	147	110	110	18	18	24	24	20	20	15	15	11	11	72	72	70	70	100	100	1	1	4042	4042	2419	2419	229	229	1	1	861	861	293	293	119306	119306	1894394	1894394	309	309	12741	12741	260	260	168	168	26060	26060	12551	12551	202	202	162	162	664	664	550	550	225	225	72	72	91017	91017	194645	194645	36	36	44	44	112	112	15	15	26779	26779	22067	22067	158	158	4	4	281	281	229	229
IND00028	1979	1979	141	141	578	578	576	576	7833	7833	5182	5182	68	68	74	74	12793	12793	4197	4197	252	252	145	145	49	49	25	25	5470	5470	6318	6318	1367	1367	1678	1678	104	104	19	19	124	124	120	120	34	34	22	22	2154	2154	2141	2141	223	223	234	234	499	499	821	821	30	30	13	13	895	895	7402	7402	107	107	176	176	6171	6171	3350	3350	14	14	1	1	7	7	16	16	9	9	8	8	1847	1847	1606	1606	643	643	507	507	554	554	28	28	3267	3267	1316	1316	87	87	93	93	1963	1963	917	917	182	182	61	61	1072	1072	1513	1513	3458	3458	311	311	30	30	26	26	118	118	75	75	121	121	110	110	2059	2059	3718	3718	142	142	209	209	654	654	713	713	2780089	2780089	131734	131734	15586	15586	3186	3186	115	115	144	144	16836	16836	3280	3280	84	84	97	97	542	542	306	306	164	164	178	178	174261	174261	64364	64364	10	10	74	74	158	158	19	19	27626	27626	11703	11703	244	244	109	109	293	293	438	438
IND00029	996	996	265	265	627	627	241	241	7137	7137	797	797	119	119	123	123	3115	3115	5807	5807	194	194	208	208	9	9	3	3	1899	1899	3051	3051	1462	1462	790	790	48	48	78	78	89	89	28	28	31	31	29	29	6632	6632	3533	3533	117	117	96	96	223	223	711	711	9	9	13	13	2032	2032	4108	4108	410	410	508	508	7303	7303	3037	3037	15	15	16	16	5	5	8	8	98	98	46	46	1774	1774	1129	1129	1937	1937	1139	1139	1282	1282	1488	1488	39	39	3358	3358	58	58	76	76	1332	1332	2988	2988	98	98	166	166	1228	1228	837	837	545	545	609	609	10	10	31	31	112	112	120	120	2	2	3	3	2274	2274	50	50	106	106	239	239	204	204	747	747	1118580	1118580	587641	587641	13419	13419	16381	16381	207	207	443	443	24325	24325	8193	8193	137	137	253	253	126	126	372	372	115	115	63	63	407461	407461	436704	436704	238	238	78	78	240	240	381	381	17491	17491	16131	16131	116	116	241	241	90	90	8	8
IND00030	1361	1361	1889	1889	224	224	566	566	3366	3366	7976	7976	125	125	34	34	7009	7009	5581	5581	222	222	145	145	19	19	9	9	7008	7008	5993	5993	1220	1220	971	971	17	17	50	50	91	91	26	26	57	57	54	54	2334	2334	4646	4646	155	155	94	94	807	807	892	892	21	21	11	11	5097	5097	4737	4737	240	240	150	150	7624	7624	7140	7140	14	14	12	12	9	9	9	9	36	36	60	60	1946	1946	1921	1921	641	641	3138	3138	1908	1908	930	930	2332	2332	5881	5881	232	232	181	181	993	993	1306	1306	188	188	16	16	363	363	1319	1319	1075	1075	3569	3569	14	14	22	22	75	75	30	30	13	13	96	96	2140	2140	186	186	21	21	219	219	743	743	97	97	1568799	1568799	2584140	2584140	2699	2699	9780	9780	214	214	31	31	15229	15229	16769	16769	54	54	178	178	434	434	343	343	90	90	112	112	339053	339053	260465	260465	158	158	218	218	351	351	84	84	9757	9757	28407	28407	183	183	128	128	222	222	282	282
IND00031	1991	1991	955	955	786	786	1013	1013	2488	2488	6499	6499	12	12	117	117	7895	7895	9089	9089	231	231	182	182	37	37	45	45	2064	2064	3389	3389	920	920	1764	1764	38	38	4	4	45	45	39	39	7	7	51	51	710	710	8148	8148	77	77	147	147	77	77	324	324	12	12	32	32	4300	4300	3106	3106	20	20	188	188	5238	5238	1794	1794	11	11	2	2	10	10	7	7	114	114	17	17	888	888	1280	1280	3066	3066	166	166	664	664	1109	1109	2180	2180	7948	7948	216	216	183	183	1946	1946	3397	3397	126	126	179	179	1220	1220	818	818	1275	1275	1603	1603	29	29	2	2	30	30	39	39	36	36	40	40	1095	1095	2874	2874	151	151	116	116	639	639	399	399	258991	258991	3881884	3881884	13800	13800	9280	9280	333	333	366	366	13937	13937	20941	20941	199	199	34	34	249	249	587	587	135	135	185	185	381852	381852	362355	362355	179	179	2	2	338	338	347	347	13619	13619	27138	27138	179	179	180	180	333	333	293	293
IND00032	1858	1858	1055	1055	800	800	444	444	4902	4902	6203	6203	118	118	113	113	180	180	10734	10734	51	51	139	139	54	54	46	46	6893	6893	4560	4560	1884	1884	54	54	20	20	98	98	72	72	116	116	4	4	32	32	3846	3846	707	707	165	165	101	101	511	511	795	795	20	20	29	29	2729	2729	6632	6632	241	241	246	246	1425	1425	3469	3469	14	14	15	15	13	13	12	12	97	97	125	125	1603	1603	624	624	3716	3716	2539	2539	179	179	1391	1391	2201	2201	6938	6938	193	193	136	136	3114	3114	1137	1137	16	16	236	236	1441	1441	1322	1322	343	343	3193	3193	6	6	28	28	1	1	95	95	112	112	81	81	2262	2262	976	976	81	81	51	51	905	905	913	913	3547187	3547187	3476083	3476083	14611	14611	29	29	169	169	385	385	16596	16596	10532	10532	202	202	254	254	349	349	466	466	233	233	175	175	397059	397059	316936	316936	12	12	185	185	324	324	474	474	13978	13978	26194	26194	251	251	217	217	310	310	248	248
IND00033	1327	1327	1091	1091	926	926	952	952	2632	2632	5155	5155	60	60	28	28	1702	1702	15036	15036	8	8	15	15	58	58	9	9	3768	3768	8044	8044	140	140	759	759	103	103	80	80	97	97	39	39	60	60	36	36	2238	2238	6248	6248	21	21	44	44	993	993	191	191	18	18	5	5	2053	2053	7270	7270	485	485	354	354	3367	3367	4728	4728	7	7	12	12	12	12	14	14	120	120	98	98	1031	1031	1222	1222	250	250	2407	2407	1353	1353	1960	1960	8116	8116	8174	8174	81	81	109	109	3306	3306	1260	1260	16	16	105	105	1793	1793	387	387	348	348	1069	1069	14	14	20	20	62	62	45	45	27	27	83	83	1721	1721	3004	3004	156	156	219	219	639	639	505	505	1820147	1820147	969146	969146	11849	11849	3784	3784	363	363	23	23	13832	13832	16160	16160	123	123	73	73	246	246	130	130	109	109	188	188	404251	404251	480149	480149	18	18	190	190	129	129	502	502	26901	26901	18091	18091	27	27	29	29	279	279	292	292
IND00034	725	725	1836	1836	363	363	545	545	2103	2103	4884	4884	63	63	16	16	5195	5195	13856	13856	219	219	119	119	43	43	35	35	6900	6900	7865	7865	22	22	2045	2045	19	19	34	34	45	45	44	44	29	29	1	1	5344	5344	2058	2058	28	28	87	87	582	582	757	757	19	19	22	22	2772	2772	6116	6116	222	222	437	437	1003	1003	3718	3718	9	9	10	10	12	12	7	7	72	72	111	111	131	131	1489	1489	261	261	145	145	748	748	1189	1189	2444	2444	678	678	193	193	30	30	2016	2016	1165	1165	27	27	183	183	687	687	1149	1149	143	143	3272	3272	28	28	6	6	54	54	61	61	29	29	49	49	3047	3047	265	265	194	194	239	239	837	837	660	660	2198412	2198412	3298297	3298297	8471	8471	4162	4162	394	394	503	503	28405	28405	5056	5056	153	153	208	208	563	563	695	695	45	45	158	158	466714	466714	247249	247249	88	88	181	181	108	108	188	188	23429	23429	20840	20840	136	136	8	8	366	366	93	93
IND00035	918	918	641	641	354	354	791	791	7934	7934	6731	6731	20	20	103	103	13225	13225	1208	1208	185	185	82	82	45	45	10	10	3984	3984	6963	6963	1271	1271	475	475	31	31	73	73	20	20	120	120	25	25	7	7	197	197	5853	5853	248	248	179	179	695	695	709	709	31	31	29	29	83	83	6074	6074	339	339	259	259	5349	5349	4903	4903	11	11	3	3	11	11	13	13	46	46	125	125	1157	1157	576	576	2463	2463	3673	3673	1893	1893	1287	1287	971	971	4250	4250	28	28	189	189	2731	2731	3388	3388	140	140	121	121	1989	1989	1719	1719	2264	2264	196	196	21	21	18	18	91	91	121	121	97	97	10	10	752	752	3326	3326	50	50	2	2	94	94	69	69	3243710	3243710	3852729	3852729	15124	15124	8842	8842	212	212	14	14	9365	9365	30746	30746	245	245	120	120	912	912	853	853	87	87	90	90	114850	114850	96902	96902	126	126	193	193	359	359	53	53	25776	25776	15165	15165	191	191	49	49	448	448	493	493
IND00036	1992	1992	891	891	688	688	271	271	7400	7400	5801	5801	21	21	9	9	7074	7074	3326	3326	147	147	205	205	28	28	37	37	1785	1785	3755	3755	2012	2012	1889	1889	26	26	14	14	46	46	49	49	53	53	21	21	7495	7495	5554	5554	14	14	160	160	352	352	184	184	31	31	2	2	5075	5075	1304	1304	301	301	235	235	1701	1701	6653	6653	3	3	6	6	6	6	9	9	7	7	86	86	1535	1535	1321	1321	298	298	3973	3973	127	127	1995	1995	6867	6867	5071	5071	155	155	167	167	3457	3457	1087	1087	45	45	225	225	1971	1971	328	328	2074	2074	3990	3990	32	32	4	4	116	116	18	18	48	48	119	119	929	929	99	99	76	76	166	166	149	149	657	657	3424903	3424903	2449933	2449933	13077	13077	6614	6614	109	109	498	498	17138	17138	13354	13354	101	101	160	160	16	16	627	627	194	194	102	102	505183	505183	45990	45990	179	179	18	18	105	105	99	99	11470	11470	25321	25321	226	226	180	180	450	450	164	164
IND00037	1192	1192	457	457	310	310	1003	1003	1617	1617	7382	7382	60	60	87	87	4912	4912	14183	14183	256	256	172	172	49	49	30	30	1520	1520	966	966	1231	1231	580	580	41	41	42	42	56	56	7	7	22	22	33	33	7158	7158	120	120	29	29	2	2	617	617	826	826	32	32	13	13	6755	6755	7455	7455	214	214	454	454	1675	1675	299	299	1	1	14	14	4	4	13	13	64	64	6	6	33	33	547	547	400	400	835	835	22	22	87	87	2617	2617	2663	2663	223	223	145	145	2709	2709	1502	1502	192	192	178	178	789	789	385	385	1027	1027	1244	1244	16	16	15	15	127	127	97	97	85	85	54	54	1656	1656	1900	1900	236	236	51	51	248	248	361	361	565664	565664	3635892	3635892	1427	1427	11903	11903	225	225	316	316	20063	20063	5685	5685	178	178	180	180	358	358	205	205	232	232	205	205	337394	337394	65594	65594	169	169	76	76	286	286	354	354	26000	26000	9460	9460	187	187	247	247	199	199	399	399
IND00038	887	887	268	268	141	141	724	724	7	7	3030	3030	21	21	126	126	4183	4183	2569	2569	251	251	42	42	59	59	12	12	6453	6453	6265	6265	570	570	771	771	9	9	11	11	19	19	90	90	19	19	29	29	5495	5495	959	959	57	57	216	216	662	662	348	348	7	7	15	15	6101	6101	2623	2623	176	176	491	491	1688	1688	5061	5061	9	9	15	15	5	5	2	2	7	7	77	77	411	411	1553	1553	2484	2484	2435	2435	1304	1304	479	479	907	907	7300	7300	140	140	87	87	2221	2221	1425	1425	118	118	137	137	857	857	514	514	184	184	3420	3420	1	1	25	25	56	56	25	25	96	96	4	4	3557	3557	3132	3132	36	36	108	108	119	119	12	12	2439932	2439932	676801	676801	896	896	3218	3218	249	249	98	98	20861	20861	26972	26972	119	119	175	175	596	596	102	102	17	17	74	74	3419	3419	499319	499319	140	140	143	143	382	382	312	312	7338	7338	30490	30490	149	149	224	224	246	246	290	290
IND00039	14	14	317	317	205	205	547	547	2265	2265	2790	2790	72	72	58	58	2179	2179	3463	3463	4	4	116	116	10	10	10	10	1134	1134	2374	2374	1383	1383	1527	1527	57	57	128	128	15	15	97	97	33	33	55	55	5053	5053	2344	2344	218	218	201	201	808	808	590	590	24	24	27	27	4138	4138	1749	1749	233	233	267	267	6370	6370	7754	7754	5	5	1	1	4	4	4	4	83	83	107	107	46	46	1373	1373	2283	2283	1212	1212	1717	1717	1502	1502	1656	1656	6666	6666	217	217	120	120	3802	3802	1835	1835	69	69	248	248	1334	1334	1560	1560	1205	1205	3025	3025	23	23	9	9	6	6	22	22	47	47	28	28	648	648	3827	3827	131	131	150	150	986	986	62	62	1671904	1671904	2931649	2931649	3448	3448	9950	9950	208	208	473	473	1175	1175	10028	10028	141	141	102	102	592	592	943	943	5	5	86	86	372448	372448	291413	291413	102	102	57	57	415	415	326	326	30481	30481	15992	15992	232	232	245	245	395	395	154	154
IND00040	1389	1389	1148	1148	321	321	176	176	5234	5234	2950	2950	127	127	117	117	594	594	1045	1045	154	154	244	244	60	60	37	37	6725	6725	3694	3694	1387	1387	1555	1555	77	77	85	85	64	64	49	49	13	13	8	8	5830	5830	5681	5681	8	8	256	256	273	273	437	437	26	26	10	10	1243	1243	7622	7622	118	118	167	167	6221	6221	1544	1544	13	13	13	13	7	7	9	9	85	85	44	44	296	296	862	862	4018	4018	1758	1758	775	775	1742	1742	1621	1621	6132	6132	123	123	220	220	2250	2250	3781	3781	5	5	96	96	133	133	371	371	759	759	4067	4067	14	14	11	11	29	29	72	72	33	33	20	20	294	294	1503	1503	206	206	207	207	95	95	471	471	89238	89238	1345500	1345500	8194	8194	11110	11110	356	356	440	440	12316	12316	13993	13993	255	255	209	209	745	745	202	202	214	214	98	98	356290	356290	183918	183918	252	252	34	34	26	26	92	92	20543	20543	15361	15361	94	94	232	232	349	349	461	461
IND00041	1705	1705	1279	1279	435	435	474	474	4482	4482	6947	6947	25	25	112	112	11867	11867	9886	9886	136	136	110	110	32	32	49	49	2908	2908	7222	7222	1776	1776	1805	1805	7	7	126	126	80	80	114	114	18	18	31	31	2520	2520	1805	1805	211	211	156	156	857	857	597	597	13	13	10	10	4086	4086	2576	2576	33	33	73	73	2693	2693	7285	7285	12	12	8	8	15	15	2	2	109	109	26	26	1126	1126	1721	1721	2952	2952	161	161	1308	1308	725	725	7980	7980	6752	6752	96	96	82	82	2229	2229	1577	1577	124	124	246	246	704	704	442	442	301	301	3909	3909	13	13	18	18	42	42	3	3	13	13	104	104	2448	2448	732	732	219	219	47	47	397	397	465	465	34676	34676	683663	683663	4820	4820	2378	2378	197	197	362	362	9794	9794	19791	19791	167	167	162	162	41	41	604	604	232	232	13	13	510938	510938	430929	430929	205	205	251	251	407	407	428	428	1558	1558	29994	29994	234	234	197	197	87	87	195	195
IND00042	827	827	401	401	183	183	723	723	560	560	4210	4210	53	53	16	16	1285	1285	9174	9174	119	119	135	135	24	24	51	51	4064	4064	1055	1055	2028	2028	834	834	9	9	113	113	59	59	54	54	41	41	20	20	3380	3380	839	839	167	167	14	14	1019	1019	3	3	10	10	7	7	4734	4734	1751	1751	45	45	468	468	1376	1376	350	350	1	1	3	3	7	7	10	10	1	1	50	50	790	790	867	867	469	469	1054	1054	704	704	990	990	3394	3394	69	69	13	13	58	58	3313	3313	3065	3065	130	130	70	70	868	868	513	513	2088	2088	3570	3570	26	26	30	30	65	65	128	128	5	5	124	124	1228	1228	3018	3018	162	162	231	231	982	982	970	970	2155066	2155066	791615	791615	2055	2055	7504	7504	244	244	475	475	32135	32135	21401	21401	1	1	211	211	958	958	827	827	220	220	214	214	497280	497280	77494	77494	50	50	12	12	353	353	506	506	26404	26404	20491	20491	4	4	50	50	416	416	213	213
IND00043	1690	1690	379	379	163	163	727	727	1695	1695	196	196	45	45	99	99	2101	2101	12851	12851	93	93	245	245	46	46	53	53	1879	1879	1959	1959	1009	1009	414	414	117	117	49	49	59	59	56	56	20	20	37	37	8005	8005	4050	4050	78	78	18	18	978	978	928	928	17	17	17	17	6085	6085	7150	7150	242	242	470	470	7654	7654	7580	7580	2	2	13	13	4	4	6	6	115	115	64	64	1419	1419	674	674	1918	1918	2128	2128	726	726	1231	1231	2532	2532	3722	3722	54	54	196	196	1801	1801	870	870	172	172	154	154	1000	1000	351	351	2723	2723	1709	1709	20	20	24	24	111	111	117	117	55	55	72	72	499	499	3416	3416	14	14	154	154	919	919	222	222	774363	774363	1472298	1472298	591	591	869	869	275	275	80	80	13244	13244	15093	15093	71	71	192	192	9	9	356	356	253	253	223	223	4254	4254	12422	12422	91	91	164	164	310	310	92	92	21516	21516	29171	29171	48	48	252	252	432	432	272	272
IND00044	1782	1782	489	489	915	915	111	111	7093	7093	6672	6672	107	107	118	118	1244	1244	15039	15039	178	178	62	62	2	2	27	27	1210	1210	8086	8086	1577	1577	357	357	29	29	57	57	68	68	31	31	35	35	4	4	360	360	7739	7739	198	198	44	44	679	679	608	608	9	9	6	6	2472	2472	4698	4698	493	493	416	416	659	659	3735	3735	6	6	14	14	9	9	15	15	109	109	15	15	1423	1423	1126	1126	3277	3277	615	615	103	103	412	412	5701	5701	5977	5977	244	244	120	120	2428	2428	2013	2013	68	68	228	228	42	42	29	29	2685	2685	2686	2686	7	7	26	26	15	15	15	15	122	122	58	58	2209	2209	1706	1706	121	121	207	207	354	354	656	656	3447070	3447070	3650872	3650872	14799	14799	5852	5852	293	293	144	144	1462	1462	14469	14469	195	195	138	138	111	111	392	392	27	27	38	38	294233	294233	148675	148675	25	25	154	154	325	325	302	302	26075	26075	1780	1780	4	4	168	168	189	189	500	500
IND00045	1470	1470	1823	1823	619	619	622	622	5506	5506	3064	3064	34	34	59	59	10574	10574	15252	15252	197	197	13	13	23	23	8	8	4727	4727	3854	3854	272	272	1217	1217	51	51	120	120	89	89	52	52	54	54	5	5	77	77	3511	3511	17	17	66	66	195	195	293	293	14	14	30	30	4594	4594	1629	1629	225	225	433	433	729	729	2465	2465	5	5	3	3	7	7	13	13	121	121	1	1	557	557	963	963	288	288	2637	2637	1179	1179	810	810	7513	7513	4835	4835	133	133	51	51	3232	3232	2854	2854	106	106	95	95	408	408	732	732	855	855	1013	1013	10	10	9	9	14	14	23	23	81	81	32	32	1142	1142	3814	3814	73	73	115	115	601	601	152	152	2326093	2326093	1354017	1354017	10665	10665	7411	7411	73	73	118	118	3486	3486	6655	6655	30	30	171	171	516	516	440	440	88	88	210	210	228251	228251	501815	501815	40	40	164	164	38	38	438	438	313	313	5846	5846	182	182	145	145	59	59	339	339
IND00046	620	620	858	858	815	815	618	618	2817	2817	3530	3530	49	49	124	124	14295	14295	6979	6979	136	136	176	176	46	46	5	5	6807	6807	6955	6955	154	154	117	117	42	42	94	94	28	28	35	35	21	21	29	29	2943	2943	1977	1977	39	39	226	226	71	71	88	88	32	32	16	16	4828	4828	1462	1462	380	380	116	116	7405	7405	4001	4001	12	12	4	4	8	8	2	2	55	55	25	25	1388	1388	365	365	965	965	1087	1087	541	541	17	17	5158	5158	5852	5852	180	180	170	170	2541	2541	616	616	82	82	192	192	935	935	425	425	2589	2589	648	648	4	4	31	31	67	67	102	102	56	56	71	71	1036	1036	4023	4023	230	230	32	32	692	692	610	610	3294823	3294823	1594210	1594210	233	233	16115	16115	479	479	401	401	17558	17558	26450	26450	99	99	209	209	872	872	270	270	123	123	44	44	313770	313770	22320	22320	82	82	137	137	42	42	38	38	1127	1127	26452	26452	23	23	188	188	317	317	61	61
IND00047	405	405	1335	1335	958	958	752	752	4999	4999	3512	3512	65	65	89	89	4929	4929	2575	2575	216	216	105	105	20	20	32	32	7824	7824	4360	4360	590	590	1107	1107	35	35	65	65	127	127	92	92	21	21	23	23	2602	2602	2425	2425	124	124	155	155	495	495	126	126	31	31	29	29	4064	4064	2750	2750	430	430	33	33	3195	3195	5684	5684	5	5	9	9	13	13	1	1	81	81	19	19	403	403	1353	1353	1402	1402	2033	2033	12	12	427	427	6792	6792	400	400	231	231	125	125	1923	1923	3779	3779	98	98	78	78	1354	1354	866	866	3072	3072	798	798	32	32	4	4	116	116	76	76	6	6	18	18	2258	2258	3078	3078	40	40	237	237	774	774	623	623	2392803	2392803	3340998	3340998	10451	10451	6099	6099	403	403	446	446	20895	20895	18029	18029	120	120	13	13	34	34	890	890	173	173	100	100	495979	495979	186644	186644	182	182	111	111	116	116	127	127	9776	9776	17182	17182	99	99	117	117	474	474	429	429
IND00048	178	178	1302	1302	853	853	290	290	3255	3255	5193	5193	104	104	95	95	10685	10685	9705	9705	38	38	10	10	12	12	6	6	4623	4623	6440	6440	1916	1916	127	127	17	17	50	50	64	64	30	30	23	23	1	1	2194	2194	466	466	155	155	29	29	67	67	213	213	29	29	2	2	8037	8037	6137	6137	170	170	123	123	1726	1726	6514	6514	4	4	1	1	6	6	4	4	4	4	55	55	1965	1965	572	572	3931	3931	3175	3175	839	839	430	430	3896	3896	3621	3621	245	245	253	253	1104	1104	1293	1293	142	142	177	177	1620	1620	613	613	1055	1055	3234	3234	1	1	20	20	74	74	107	107	60	60	2	2	1667	1667	1001	1001	14	14	255	255	780	780	23	23	323478	323478	1681014	1681014	1928	1928	1743	1743	4	4	52	52	6044	6044	7506	7506	222	222	238	238	666	666	589	589	119	119	60	60	252492	252492	229655	229655	177	177	159	159	93	93	62	62	10494	10494	4388	4388	216	216	148	148	241	241	354	354
IND00049	143	143	396	396	5	5	360	360	8007	8007	1123	1123	38	38	101	101	6287	6287	836	836	164	164	68	68	28	28	34	34	1832	1832	1816	1816	390	390	1239	1239	93	93	63	63	75	75	2	2	61	61	59	59	5882	5882	7514	7514	111	111	149	149	459	459	266	266	26	26	28	28	2429	2429	5183	5183	116	116	362	362	1792	1792	6349	6349	9	9	8	8	12	12	10	10	28	28	22	22	17	17	620	620	1239	1239	1892	1892	976	976	88	88	429	429	2904	2904	103	103	115	115	321	321	1015	1015	100	100	234	234	435	435	1283	1283	3179	3179	1983	1983	13	13	17	17	81	81	102	102	101	101	38	38	3628	3628	826	826	3	3	127	127	194	194	557	557	3577640	3577640	721469	721469	4357	4357	9273	9273	194	194	507	507	30052	30052	26010	26010	220	220	85	85	553	553	94	94	157	157	137	137	516705	516705	83059	83059	198	198	30	30	255	255	327	327	19943	19943	1896	1896	59	59	106	106	331	331	412	412
IND00050	1139	1139	1022	1022	529	529	1017	1017	1287	1287	3696	3696	33	33	123	123	9988	9988	2272	2272	251	251	23	23	53	53	19	19	1717	1717	576	576	958	958	269	269	30	30	111	111	73	73	46	46	40	40	13	13	5312	5312	1013	1013	97	97	32	32	1010	1010	453	453	21	21	28	28	2652	2652	7444	7444	428	428	332	332	6577	6577	2365	2365	3	3	11	11	15	15	14	14	96	96	109	109	1020	1020	1136	1136	1416	1416	1927	1927	1177	1177	1001	1001	7077	7077	5197	5197	83	83	195	195	3137	3137	216	216	51	51	232	232	681	681	568	568	3279	3279	1321	1321	10	10	13	13	62	62	21	21	18	18	80	80	1044	1044	2725	2725	129	129	221	221	365	365	950	950	188687	188687	492353	492353	12897	12897	16313	16313	151	151	119	119	5345	5345	9559	9559	215	215	206	206	213	213	4	4	128	128	250	250	4034	4034	150171	150171	159	159	68	68	357	357	416	416	26245	26245	2776	2776	179	179	191	191	63	63	448	448
IND00051	350	350	718	718	780	780	233	233	3093	3093	2091	2091	50	50	71	71	11249	11249	13278	13278	17	17	251	251	48	48	24	24	51	51	36	36	200	200	6	6	44	44	29	29	105	105	116	116	48	48	18	18	759	759	7311	7311	22	22	183	183	877	877	165	165	25	25	12	12	1785	1785	276	276	54	54	411	411	6212	6212	6443	6443	16	16	6	6	12	12	14	14	110	110	95	95	601	601	892	892	979	979	1015	1015	1548	1548	1789	1789	4963	4963	7277	7277	204	204	160	160	17	17	1805	1805	96	96	164	164	1025	1025	43	43	664	664	3076	3076	13	13	23	23	99	99	2	2	53	53	68	68	3267	3267	660	660	222	222	68	68	290	290	906	906	1194873	1194873	2896442	2896442	11706	11706	13623	13623	250	250	469	469	12826	12826	11031	11031	71	71	25	25	704	704	923	923	108	108	13	13	184575	184575	156980	156980	27	27	42	42	439	439	272	272	11337	11337	29019	29019	181	181	154	154	196	196	120	120
IND00052	1013	1013	1190	1190	991	991	366	366	5330	5330	7692	7692	30	30	78	78	2360	2360	12146	12146	148	148	214	214	17	17	51	51	1362	1362	2778	2778	19	19	1189	1189	23	23	116	116	35	35	33	33	54	54	26	26	4794	4794	5903	5903	142	142	157	157	384	384	759	759	12	12	17	17	7073	7073	5436	5436	83	83	301	301	3021	3021	5257	5257	4	4	10	10	9	9	6	6	103	103	20	20	1586	1586	631	631	3345	3345	420	420	1942	1942	677	677	7923	7923	2447	2447	188	188	253	253	3210	3210	806	806	170	170	12	12	538	538	1744	1744	3508	3508	3037	3037	19	19	2	2	45	45	80	80	84	84	12	12	897	897	2808	2808	216	216	117	117	191	191	246	246	3332562	3332562	211059	211059	12721	12721	3154	3154	91	91	483	483	737	737	4876	4876	248	248	82	82	132	132	442	442	75	75	187	187	259198	259198	155644	155644	16	16	188	188	358	358	442	442	9452	9452	7053	7053	134	134	171	171	26	26	208	208
IND00053	789	789	296	296	470	470	103	103	2066	2066	3641	3641	100	100	72	72	4146	4146	1094	1094	125	125	157	157	10	10	59	59	5025	5025	7222	7222	908	908	490	490	70	70	24	24	85	85	88	88	59	59	9	9	2876	2876	7552	7552	243	243	30	30	242	242	798	798	21	21	8	8	1219	1219	1849	1849	288	288	121	121	5102	5102	7419	7419	9	9	6	6	8	8	9	9	111	111	10	10	125	125	1208	1208	3546	3546	2127	2127	1003	1003	1816	1816	7351	7351	6327	6327	75	75	53	53	2069	2069	2253	2253	62	62	146	146	576	576	1260	1260	387	387	906	906	4	4	32	32	17	17	119	119	125	125	20	20	2850	2850	2368	2368	138	138	68	68	709	709	492	492	3063022	3063022	2106336	2106336	3454	3454	253	253	383	383	204	204	141	141	6513	6513	159	159	201	201	508	508	1014	1014	90	90	57	57	446367	446367	105315	105315	250	250	3	3	131	131	143	143	17346	17346	15211	15211	108	108	56	56	47	47	468	468
IND00054	1290	1290	200	200	746	746	329	329	938	938	2682	2682	27	27	102	102	13779	13779	5604	5604	150	150	163	163	20	20	49	49	2795	2795	1453	1453	1129	1129	62	62	63	63	125	125	83	83	109	109	17	17	34	34	7304	7304	6638	6638	164	164	238	238	880	880	861	861	27	27	21	21	7506	7506	3796	3796	386	386	498	498	5829	5829	2182	2182	2	2	10	10	12	12	9	9	92	92	23	23	1018	1018	1535	1535	1090	1090	3111	3111	1378	1378	1397	1397	7079	7079	5029	5029	219	219	46	46	2266	2266	1188	1188	92	92	229	229	1178	1178	988	988	407	407	2505	2505	3	3	20	20	28	28	5	5	81	81	74	74	2551	2551	2427	2427	62	62	236	236	119	119	906	906	4011029	4011029	156850	156850	3766	3766	15802	15802	114	114	492	492	18157	18157	19719	19719	250	250	218	218	960	960	599	599	170	170	197	197	336475	336475	402394	402394	129	129	150	150	248	248	120	120	328	328	12800	12800	48	48	155	155	257	257	274	274
IND00055	843	843	1971	1971	914	914	242	242	5735	5735	4783	4783	62	62	103	103	47	47	13780	13780	185	185	253	253	59	59	15	15	3032	3032	2532	2532	1644	1644	100	100	49	49	73	73	14	14	58	58	15	15	7	7	5518	5518	6929	6929	19	19	164	164	250	250	192	192	3	3	2	2	607	607	4816	4816	199	199	486	486	3347	3347	3581	3581	6	6	6	6	2	2	8	8	50	50	79	79	835	835	2033	2033	4032	4032	1011	1011	320	320	2023	2023	3654	3654	7300	7300	118	118	162	162	989	989	3145	3145	140	140	99	99	83	83	1380	1380	2313	2313	968	968	2	2	26	26	67	67	9	9	75	75	13	13	904	904	1488	1488	167	167	246	246	462	462	895	895	2971168	2971168	864928	864928	407	407	2222	2222	100	100	76	76	21628	21628	18791	18791	213	213	238	238	186	186	298	298	111	111	75	75	92760	92760	405059	405059	66	66	206	206	104	104	494	494	2611	2611	17051	17051	113	113	98	98	219	219	356	356
IND00056	418	418	795	795	741	741	309	309	2690	2690	3495	3495	95	95	91	91	3345	3345	6427	6427	20	20	228	228	41	41	51	51	7941	7941	5776	5776	825	825	1717	1717	55	55	100	100	118	118	103	103	44	44	31	31	1934	1934	177	177	8	8	86	86	709	709	581	581	29	29	25	25	494	494	7446	7446	8	8	443	443	6334	6334	7401	7401	15	15	6	6	14	14	2	2	57	57	50	50	1568	1568	506	506	799	799	1589	1589	834	834	1393	1393	5749	5749	5292	5292	120	120	47	47	3519	3519	1367	1367	169	169	109	109	1793	1793	1877	1877	2440	2440	353	353	28	28	11	11	17	17	88	88	53	53	104	104	986	986	2195	2195	195	195	99	99	591	591	593	593	2593227	2593227	370429	370429	14694	14694	4776	4776	143	143	185	185	20315	20315	6184	6184	244	244	83	83	861	861	82	82	107	107	99	99	508613	508613	188078	188078	90	90	242	242	287	287	499	499	8155	8155	8763	8763	187	187	9	9	154	154	391	391
IND00057	36	36	46	46	40	40	284	284	6617	6617	1120	1120	6	6	90	90	15704	15704	14916	14916	179	179	23	23	56	56	48	48	1222	1222	8124	8124	337	337	475	475	83	83	79	79	63	63	38	38	57	57	64	64	4865	4865	1538	1538	205	205	248	248	635	635	832	832	12	12	20	20	1019	1019	7364	7364	367	367	143	143	6426	6426	1288	1288	1	1	6	6	9	9	4	4	27	27	58	58	63	63	1448	1448	2587	2587	2851	2851	343	343	8	8	117	117	2354	2354	156	156	17	17	806	806	1813	1813	222	222	103	103	193	193	1141	1141	1874	1874	1378	1378	19	19	32	32	15	15	123	123	93	93	127	127	976	976	3682	3682	186	186	142	142	106	106	263	263	3618386	3618386	435581	435581	2340	2340	1549	1549	469	469	251	251	30213	30213	23325	23325	185	185	44	44	919	919	232	232	26	26	93	93	63909	63909	184416	184416	165	165	94	94	223	223	26	26	12000	12000	12777	12777	99	99	89	89	414	414	280	280
IND00058	229	229	396	396	733	733	760	760	1539	1539	1717	1717	74	74	44	44	11286	11286	11476	11476	103	103	165	165	9	9	23	23	2005	2005	6387	6387	88	88	1464	1464	42	42	93	93	96	96	114	114	46	46	16	16	3154	3154	7610	7610	252	252	187	187	84	84	754	754	10	10	31	31	6973	6973	4929	4929	138	138	311	311	3771	3771	2753	2753	5	5	7	7	5	5	9	9	124	124	72	72	1629	1629	1730	1730	1070	1070	2245	2245	887	887	1597	1597	7080	7080	3684	3684	182	182	196	196	2746	2746	4058	4058	149	149	1	1	1326	1326	1937	1937	708	708	3128	3128	13	13	6	6	80	80	118	118	46	46	6	6	1216	1216	905	905	172	172	47	47	508	508	711	711	1762268	1762268	1966310	1966310	9769	9769	3158	3158	208	208	229	229	15215	15215	23489	23489	119	119	132	132	118	118	47	47	18	18	79	79	330469	330469	160600	160600	210	210	193	193	27	27	238	238	18340	18340	12438	12438	154	154	96	96	140	140	103	103
IND00059	1682	1682	906	906	71	71	720	720	3930	3930	875	875	30	30	5	5	14216	14216	15085	15085	120	120	247	247	53	53	40	40	6040	6040	704	704	507	507	743	743	12	12	20	20	17	17	64	64	45	45	26	26	5827	5827	4069	4069	195	195	200	200	266	266	611	611	31	31	18	18	3663	3663	183	183	270	270	447	447	7930	7930	6892	6892	6	6	13	13	14	14	13	13	127	127	119	119	1461	1461	1605	1605	1795	1795	2181	2181	1074	1074	1214	1214	5118	5118	6325	6325	135	135	86	86	2228	2228	276	276	22	22	229	229	928	928	199	199	1023	1023	2666	2666	3	3	17	17	124	124	104	104	127	127	23	23	1007	1007	710	710	19	19	159	159	197	197	886	886	1289214	1289214	2806789	2806789	6293	6293	13106	13106	459	459	452	452	24945	24945	29946	29946	35	35	126	126	63	63	250	250	109	109	40	40	305658	305658	284924	284924	23	23	52	52	184	184	163	163	7372	7372	1023	1023	173	173	168	168	12	12	305	305
IND00060	1604	1604	1795	1795	877	877	854	854	7416	7416	3169	3169	91	91	123	123	13000	13000	9182	9182	186	186	38	38	34	34	41	41	2772	2772	1856	1856	2001	2001	291	291	67	67	12	12	110	110	112	112	50	50	30	30	954	954	2756	2756	255	255	116	116	435	435	379	379	2	2	12	12	2440	2440	5516	5516	401	401	423	423	7723	7723	3392	3392	5	5	16	16	9	9	5	5	93	93	108	108	1055	1055	500	500	3674	3674	3454	3454	668	668	690	690	642	642	7788	7788	45	45	184	184	902	902	1823	1823	51	51	88	88	1966	1966	539	539	2539	2539	1876	1876	12	12	23	23	105	105	24	24	71	71	117	117	2052	2052	1341	1341	129	129	17	17	861	861	76	76	3141882	3141882	2301027	2301027	10662	10662	11707	11707	264	264	339	339	3297	3297	30154	30154	44	44	119	119	795	795	408	408	246	246	203	203	377504	377504	471257	471257	206	206	206	206	71	71	91	91	6035	6035	22917	22917	135	135	105	105	155	155	347	347
IND00061	32	32	358	358	815	815	876	876	1092	1092	6045	6045	36	36	42	42	15650	15650	15679	15679	124	124	4	4	46	46	50	50	1063	1063	4561	4561	770	770	700	700	9	9	75	75	127	127	12	12	7	7	58	58	888	888	1888	1888	143	143	13	13	97	97	574	574	23	23	5	5	7571	7571	6421	6421	16	16	463	463	4769	4769	2170	2170	5	5	10	10	13	13	12	12	74	74	118	118	1943	1943	669	669	772	772	3709	3709	698	698	1996	1996	5953	5953	1459	1459	178	178	152	152	3991	3991	1117	1117	252	252	164	164	862	862	779	779	3427	3427	3519	3519	27	27	15	15	127	127	110	110	9	9	114	114	1096	1096	1593	1593	211	211	85	85	357	357	577	577	1845812	1845812	853013	853013	184	184	15015	15015	471	471	224	224	29913	29913	20616	20616	42	42	3	3	623	623	670	670	63	63	41	41	436231	436231	186808	186808	200	200	164	164	127	127	461	461	5451	5451	30576	30576	95	95	114	114	380	380	21	21
IND00062	690	690	1303	1303	615	615	458	458	4871	4871	3383	3383	23	23	18	18	6201	6201	16090	16090	204	204	199	199	14	14	36	36	1943	1943	6145	6145	1248	1248	1562	1562	116	116	70	70	7	7	108	108	9	9	64	64	1025	1025	344	344	193	193	76	76	24	24	392	392	3	3	7	7	1175	1175	2816	2816	55	55	177	177	1651	1651	115	115	5	5	15	15	2	2	10	10	92	92	49	49	57	57	1399	1399	3026	3026	1208	1208	1728	1728	253	253	4932	4932	5473	5473	61	61	227	227	3845	3845	1947	1947	78	78	184	184	1052	1052	1958	1958	4089	4089	2027	2027	18	18	22	22	39	39	51	51	108	108	6	6	1109	1109	1636	1636	226	226	1	1	371	371	604	604	1506722	1506722	1834344	1834344	14975	14975	10050	10050	6	6	459	459	23182	23182	12148	12148	205	205	197	197	543	543	498	498	134	134	192	192	77955	77955	155568	155568	119	119	36	36	101	101	170	170	27329	27329	10544	10544	171	171	84	84	483	483	372	372
IND00063	1489	1489	1064	1064	216	216	144	144	2500	2500	6065	6065	9	9	5	5	7525	7525	5150	5150	200	200	82	82	25	25	21	21	594	594	853	853	671	671	1808	1808	122	122	98	98	120	120	79	79	1	1	30	30	3846	3846	4677	4677	133	133	117	117	394	394	789	789	4	4	27	27	1177	1177	5263	5263	407	407	418	418	5249	5249	3716	3716	14	14	9	9	8	8	2	2	89	89	127	127	1317	1317	504	504	3520	3520	1250	1250	1249	1249	405	405	4790	4790	1968	1968	240	240	180	180	3635	3635	1022	1022	29	29	208	208	206	206	1104	1104	344	344	1767	1767	22	22	3	3	18	18	82	82	20	20	42	42	4062	4062	2571	2571	51	51	205	205	722	722	950	950	2620274	2620274	3058225	3058225	6048	6048	2112	2112	238	238	156	156	31048	31048	19780	19780	49	49	239	239	266	266	415	415	231	231	41	41	450571	450571	363486	363486	13	13	39	39	70	70	221	221	8123	8123	10416	10416	168	168	81	81	232	232	176	176
IND00064	1497	1497	1724	1724	34	34	758	758	353	353	7136	7136	78	78	42	42	13571	13571	14847	14847	194	194	172	172	32	32	48	48	7295	7295	1026	1026	139	139	1842	1842	74	74	41	41	64	64	76	76	54	54	37	37	7406	7406	7275	7275	52	52	227	227	371	371	442	442	22	22	5	5	7784	7784	1583	1583	393	393	141	141	6363	6363	2095	2095	3	3	10	10	2	2	10	10	74	74	42	42	117	117	890	890	2949	2949	875	875	749	749	811	811	3412	3412	238	238	146	146	126	126	1010	1010	1922	1922	160	160	12	12	1942	1942	1040	1040	2056	2056	3644	3644	20	20	14	14	57	57	53	53	1	1	16	16	3936	3936	4037	4037	39	39	207	207	19	19	92	92	1141638	1141638	1755021	1755021	5037	5037	6158	6158	114	114	349	349	20431	20431	4271	4271	226	226	117	117	657	657	955	955	96	96	129	129	272590	272590	237076	237076	164	164	29	29	390	390	507	507	22507	22507	10833	10833	101	101	137	137	213	213	22	22
IND00065	694	694	231	231	81	81	704	704	1786	1786	1152	1152	73	73	107	107	4132	4132	1739	1739	224	224	125	125	50	50	39	39	6653	6653	4289	4289	1839	1839	832	832	26	26	74	74	40	40	69	69	63	63	52	52	2807	2807	7906	7906	130	130	207	207	688	688	178	178	22	22	6	6	2297	2297	1470	1470	188	188	124	124	1161	1161	2478	2478	4	4	2	2	5	5	1	1	108	108	109	109	1965	1965	1351	1351	2590	2590	2277	2277	1981	1981	1383	1383	1780	1780	4687	4687	127	127	99	99	2857	2857	3055	3055	237	237	76	76	767	767	1049	1049	2171	2171	3205	3205	19	19	20	20	109	109	68	68	106	106	37	37	1972	1972	2060	2060	128	128	16	16	752	752	171	171	1372172	1372172	2184366	2184366	15792	15792	6245	6245	63	63	353	353	754	754	9711	9711	208	208	26	26	71	71	44	44	48	48	211	211	287338	287338	499942	499942	184	184	173	173	453	453	67	67	30087	30087	14135	14135	203	203	133	133	120	120	11	11
IND00066	619	619	978	978	522	522	202	202	2091	2091	6216	6216	37	37	3	3	258	258	121	121	226	226	54	54	34	34	35	35	6785	6785	1933	1933	1512	1512	1122	1122	110	110	80	80	1	1	83	83	16	16	32	32	68	68	4066	4066	249	249	196	196	993	993	19	19	1	1	6	6	363	363	1914	1914	116	116	208	208	8060	8060	3713	3713	15	15	11	11	1	1	6	6	25	25	69	69	1707	1707	1537	1537	2690	2690	1223	1223	1493	1493	159	159	2719	2719	3242	3242	228	228	182	182	605	605	803	803	47	47	255	255	1397	1397	1577	1577	1548	1548	3484	3484	14	14	29	29	7	7	73	73	48	48	121	121	17	17	2894	2894	252	252	29	29	445	445	523	523	1630938	1630938	1121043	1121043	3898	3898	7719	7719	459	459	147	147	7847	7847	16361	16361	233	233	256	256	715	715	973	973	187	187	104	104	42046	42046	428599	428599	177	177	240	240	114	114	186	186	13117	13117	19840	19840	59	59	83	83	350	350	489	489
IND00067	269	269	447	447	313	313	677	677	2582	2582	164	164	45	45	21	21	5382	5382	12529	12529	125	125	26	26	52	52	24	24	7917	7917	595	595	334	334	1049	1049	26	26	83	83	37	37	76	76	25	25	9	9	6169	6169	6260	6260	116	116	108	108	733	733	134	134	16	16	20	20	7801	7801	3297	3297	189	189	3	3	4693	4693	6884	6884	5	5	12	12	16	16	15	15	44	44	73	73	1623	1623	513	513	2548	2548	593	593	669	669	227	227	6742	6742	5134	5134	122	122	87	87	2716	2716	1525	1525	203	203	62	62	465	465	584	584	458	458	120	120	27	27	20	20	32	32	101	101	33	33	119	119	3113	3113	3528	3528	250	250	89	89	591	591	855	855	2598540	2598540	2549900	2549900	15318	15318	14004	14004	1	1	389	389	32527	32527	31058	31058	134	134	64	64	718	718	637	637	109	109	178	178	454398	454398	391344	391344	106	106	204	204	132	132	92	92	31398	31398	32439	32439	181	181	49	49	268	268	284	284
IND00068	1601	1601	1665	1665	74	74	207	207	669	669	1640	1640	26	26	116	116	12184	12184	13002	13002	70	70	80	80	43	43	21	21	7010	7010	5377	5377	1786	1786	343	343	5	5	54	54	62	62	18	18	13	13	64	64	4040	4040	3058	3058	187	187	26	26	678	678	943	943	31	31	20	20	286	286	2482	2482	281	281	239	239	3946	3946	6949	6949	6	6	3	3	5	5	5	5	125	125	78	78	645	645	1956	1956	2925	2925	3909	3909	236	236	1186	1186	2861	2861	6607	6607	234	234	102	102	454	454	1180	1180	94	94	160	160	1449	1449	1238	1238	1255	1255	2690	2690	22	22	3	3	26	26	3	3	42	42	30	30	2691	2691	3000	3000	34	34	90	90	333	333	721	721	1433560	1433560	1177369	1177369	14389	14389	7627	7627	242	242	44	44	17616	17616	30931	30931	194	194	173	173	832	832	785	785	112	112	6	6	104581	104581	287919	287919	219	219	66	66	456	456	395	395	10734	10734	10958	10958	109	109	188	188	125	125	184	184
IND00069	273	273	442	442	450	450	980	980	3523	3523	7413	7413	16	16	26	26	6189	6189	11916	11916	125	125	126	126	44	44	20	20	2011	2011	4968	4968	478	478	316	316	61	61	72	72	119	119	34	34	34	34	15	15	6193	6193	873	873	176	176	186	186	704	704	767	767	7	7	29	29	1012	1012	2080	2080	221	221	465	465	5667	5667	763	763	6	6	8	8	4	4	16	16	102	102	55	55	434	434	742	742	3770	3770	799	799	86	86	1757	1757	1036	1036	723	723	14	14	40	40	1128	1128	3627	3627	138	138	160	160	294	294	1710	1710	1453	1453	3738	3738	32	32	1	1	59	59	6	6	117	117	59	59	1806	1806	3767	3767	36	36	22	22	532	532	978	978	1390493	1390493	387145	387145	11482	11482	12615	12615	436	436	319	319	27456	27456	1988	1988	158	158	245	245	607	607	108	108	199	199	197	197	347390	347390	24932	24932	230	230	100	100	398	398	160	160	14530	14530	17002	17002	19	19	30	30	116	116	189	189
IND00070	1241	1241	492	492	946	946	295	295	7984	7984	7014	7014	16	16	41	41	7042	7042	15919	15919	15	15	61	61	3	3	36	36	7813	7813	5625	5625	1504	1504	1750	1750	36	36	91	91	95	95	25	25	45	45	46	46	6043	6043	5198	5198	89	89	22	22	28	28	494	494	12	12	25	25	6222	6222	1139	1139	11	11	458	458	5476	5476	7299	7299	14	14	6	6	13	13	2	2	26	26	64	64	502	502	371	371	1864	1864	45	45	633	633	39	39	1903	1903	4317	4317	252	252	202	202	2192	2192	402	402	18	18	49	49	621	621	298	298	2088	2088	2046	2046	11	11	16	16	60	60	54	54	43	43	28	28	1576	1576	1392	1392	186	186	158	158	131	131	845	845	432866	432866	1884223	1884223	13100	13100	16152	16152	429	429	332	332	9246	9246	4682	4682	166	166	91	91	550	550	941	941	112	112	32	32	414013	414013	110768	110768	104	104	18	18	402	402	63	63	18448	18448	6217	6217	139	139	205	205	137	137	1	1
IND00071	1423	1423	106	106	540	540	771	771	1374	1374	4371	4371	100	100	80	80	14174	14174	10398	10398	189	189	39	39	22	22	10	10	4957	4957	4487	4487	544	544	1984	1984	21	21	87	87	116	116	83	83	63	63	10	10	2663	2663	1028	1028	223	223	10	10	114	114	59	59	3	3	5	5	6673	6673	7367	7367	282	282	38	38	191	191	7136	7136	4	4	1	1	5	5	4	4	26	26	34	34	922	922	549	549	1984	1984	3777	3777	135	135	2	2	342	342	4130	4130	237	237	112	112	3528	3528	2722	2722	54	54	160	160	1416	1416	55	55	2745	2745	2034	2034	27	27	22	22	35	35	56	56	12	12	40	40	1725	1725	3066	3066	214	214	193	193	400	400	81	81	1715255	1715255	1205543	1205543	5658	5658	11323	11323	182	182	165	165	16012	16012	8061	8061	183	183	11	11	408	408	158	158	94	94	254	254	453274	453274	67845	67845	188	188	172	172	310	310	70	70	31118	31118	25529	25529	98	98	178	178	150	150	304	304
IND00072	128	128	390	390	883	883	784	784	2700	2700	7325	7325	89	89	114	114	5105	5105	14759	14759	6	6	96	96	48	48	30	30	6137	6137	4524	4524	740	740	1679	1679	86	86	90	90	107	107	38	38	55	55	23	23	4462	4462	4217	4217	205	205	151	151	306	306	151	151	30	30	26	26	5111	5111	2541	2541	146	146	495	495	6957	6957	1858	1858	12	12	2	2	7	7	3	3	18	18	49	49	1859	1859	1970	1970	1083	1083	934	934	1139	1139	677	677	8177	8177	1492	1492	53	53	44	44	344	344	3824	3824	38	38	232	232	993	993	1725	1725	553	553	2938	2938	3	3	17	17	40	40	84	84	72	72	37	37	3521	3521	2163	2163	65	65	144	144	993	993	849	849	2365674	2365674	2718432	2718432	11824	11824	6712	6712	106	106	127	127	19041	19041	28143	28143	175	175	192	192	113	113	706	706	73	73	85	85	414705	414705	166891	166891	154	154	75	75	345	345	277	277	14323	14323	13713	13713	91	91	234	234	68	68	356	356
IND00073	2031	2031	184	184	703	703	125	125	5129	5129	3038	3038	126	126	84	84	7896	7896	5526	5526	235	235	160	160	60	60	34	34	7983	7983	364	364	1077	1077	1822	1822	25	25	123	123	61	61	49	49	59	59	36	36	6785	6785	3380	3380	192	192	181	181	764	764	685	685	4	4	18	18	7576	7576	454	454	47	47	125	125	2893	2893	4632	4632	2	2	2	2	9	9	14	14	35	35	58	58	1179	1179	776	776	2958	2958	2889	2889	1176	1176	535	535	108	108	5891	5891	226	226	196	196	3268	3268	1763	1763	66	66	202	202	1691	1691	784	784	250	250	814	814	12	12	18	18	64	64	2	2	64	64	21	21	1128	1128	2740	2740	27	27	109	109	34	34	284	284	3008872	3008872	27919	27919	1257	1257	15797	15797	198	198	353	353	10217	10217	27850	27850	233	233	5	5	480	480	544	544	150	150	85	85	38011	38011	359671	359671	189	189	103	103	178	178	503	503	2765	2765	16963	16963	62	62	12	12	369	369	137	137
IND00074	1465	1465	1456	1456	413	413	611	611	2790	2790	4261	4261	47	47	23	23	14880	14880	1844	1844	94	94	102	102	57	57	47	47	4560	4560	393	393	778	778	432	432	31	31	38	38	87	87	93	93	39	39	2	2	6396	6396	8118	8118	32	32	157	157	320	320	454	454	19	19	24	24	2584	2584	6055	6055	274	274	427	427	1142	1142	8187	8187	12	12	8	8	6	6	11	11	127	127	31	31	442	442	476	476	3788	3788	1420	1420	4	4	866	866	3898	3898	6413	6413	5	5	29	29	1456	1456	2000	2000	229	229	116	116	526	526	1838	1838	35	35	1750	1750	31	31	31	31	53	53	5	5	44	44	117	117	1921	1921	3031	3031	252	252	31	31	781	781	91	91	3693057	3693057	312414	312414	16128	16128	2371	2371	137	137	110	110	22118	22118	20098	20098	99	99	77	77	456	456	176	176	205	205	198	198	202142	202142	352254	352254	163	163	148	148	476	476	487	487	2401	2401	16546	16546	251	251	13	13	190	190	19	19
IND00075	362	362	1588	1588	460	460	617	617	675	675	2237	2237	81	81	103	103	1982	1982	7548	7548	126	126	241	241	34	34	62	62	4541	4541	246	246	1035	1035	315	315	45	45	2	2	68	68	3	3	14	14	48	48	4207	4207	124	124	237	237	251	251	815	815	881	881	4	4	28	28	4737	4737	7086	7086	257	257	50	50	3806	3806	6313	6313	8	8	10	10	5	5	9	9	11	11	37	37	1616	1616	1710	1710	2902	2902	2143	2143	42	42	499	499	3567	3567	1503	1503	167	167	83	83	2629	2629	246	246	47	47	228	228	727	727	1234	1234	1598	1598	1564	1564	5	5	7	7	2	2	49	49	40	40	77	77	1398	1398	303	303	245	245	3	3	946	946	974	974	3452519	3452519	2322995	2322995	3301	3301	8493	8493	425	425	339	339	7990	7990	6575	6575	3	3	203	203	241	241	192	192	81	81	25	25	103396	103396	446945	446945	75	75	67	67	273	273	343	343	26286	26286	15007	15007	127	127	150	150	395	395	229	229
IND00076	1613	1613	894	894	324	324	670	670	2858	2858	4922	4922	56	56	61	61	11166	11166	15563	15563	25	25	105	105	31	31	48	48	5954	5954	6447	6447	2004	2004	1426	1426	92	92	36	36	79	79	2	2	54	54	49	49	1152	1152	2777	2777	138	138	249	249	879	879	551	551	24	24	21	21	5399	5399	2355	2355	483	483	426	426	5922	5922	5729	5729	5	5	10	10	8	8	1	1	12	12	83	83	49	49	1488	1488	1348	1348	1764	1764	1984	1984	919	919	7842	7842	1611	1611	163	163	202	202	1956	1956	752	752	194	194	186	186	492	492	1060	1060	581	581	2661	2661	3	3	24	24	21	21	47	47	23	23	23	23	14	14	1132	1132	69	69	172	172	232	232	761	761	1225898	1225898	2219029	2219029	10360	10360	13657	13657	456	456	93	93	14519	14519	8109	8109	226	226	62	62	892	892	590	590	225	225	52	52	226603	226603	240748	240748	247	247	83	83	369	369	486	486	22909	22909	18939	18939	93	93	223	223	157	157	509	509
IND00077	676	676	1605	1605	597	597	463	463	1248	1248	2502	2502	76	76	108	108	4242	4242	12355	12355	33	33	5	5	39	39	3	3	5151	5151	3860	3860	1588	1588	1300	1300	53	53	81	81	73	73	49	49	12	12	61	61	2880	2880	4000	4000	119	119	89	89	804	804	481	481	21	21	18	18	3127	3127	2903	2903	447	447	326	326	1462	1462	4690	4690	4	4	1	1	10	10	1	1	111	111	26	26	478	478	109	109	17	17	2545	2545	1999	1999	886	886	2968	2968	3409	3409	17	17	173	173	3408	3408	2394	2394	18	18	75	75	1811	1811	809	809	3361	3361	1688	1688	31	31	2	2	40	40	86	86	73	73	18	18	889	889	2011	2011	124	124	174	174	915	915	476	476	1992540	1992540	2434769	2434769	6463	6463	11262	11262	454	454	345	345	1775	1775	20230	20230	243	243	156	156	871	871	447	447	143	143	189	189	240829	240829	140308	140308	190	190	62	62	40	40	371	371	7162	7162	8018	8018	138	138	97	97	495	495	374	374
IND00078	1277	1277	1066	1066	66	66	972	972	3862	3862	4826	4826	93	93	66	66	5655	5655	14084	14084	186	186	67	67	42	42	11	11	1087	1087	1717	1717	1203	1203	953	953	71	71	117	117	62	62	85	85	27	27	55	55	3517	3517	6999	6999	178	178	189	189	217	217	222	222	14	14	28	28	7484	7484	6985	6985	175	175	455	455	2789	2789	5577	5577	1	1	14	14	8	8	11	11	105	105	55	55	857	857	240	240	492	492	1432	1432	837	837	1422	1422	2840	2840	4694	4694	121	121	234	234	1991	1991	3904	3904	135	135	248	248	1853	1853	26	26	428	428	3955	3955	3	3	18	18	55	55	34	34	103	103	88	88	3509	3509	4018	4018	74	74	23	23	476	476	72	72	3267127	3267127	1306802	1306802	7742	7742	5456	5456	325	325	176	176	3714	3714	15319	15319	26	26	212	212	1023	1023	272	272	224	224	212	212	204641	204641	299558	299558	34	34	213	213	102	102	168	168	28436	28436	18818	18818	41	41	9	9	512	512	84	84
IND00079	1119	1119	1149	1149	333	333	402	402	3879	3879	4482	4482	73	73	2	2	8190	8190	4932	4932	68	68	100	100	22	22	40	40	6411	6411	7044	7044	1419	1419	946	946	73	73	102	102	83	83	100	100	64	64	44	44	5835	5835	3783	3783	252	252	43	43	763	763	734	734	10	10	2	2	1134	1134	4330	4330	221	221	369	369	1026	1026	3179	3179	15	15	10	10	9	9	11	11	33	33	124	124	1523	1523	1923	1923	344	344	2145	2145	387	387	1580	1580	6684	6684	5491	5491	98	98	213	213	335	335	1330	1330	253	253	175	175	1898	1898	872	872	723	723	3788	3788	28	28	9	9	5	5	96	96	17	17	59	59	2611	2611	4077	4077	85	85	215	215	996	996	430	430	2685747	2685747	3675780	3675780	123	123	9310	9310	190	190	58	58	6640	6640	18490	18490	180	180	30	30	118	118	460	460	30	30	152	152	279861	279861	79919	79919	30	30	164	164	299	299	338	338	20441	20441	12399	12399	102	102	170	170	144	144	425	425
IND00080	684	684	1467	1467	764	764	844	844	5783	5783	5386	5386	29	29	117	117	10261	10261	11989	11989	131	131	204	204	5	5	34	34	307	307	3362	3362	1105	1105	1875	1875	109	109	58	58	37	37	79	79	33	33	28	28	3229	3229	5801	5801	213	213	128	128	270	270	363	363	6	6	18	18	7583	7583	6053	6053	474	474	202	202	6948	6948	1296	1296	1	1	16	16	10	10	16	16	81	81	100	100	1606	1606	576	576	849	849	3387	3387	845	845	1657	1657	6146	6146	189	189	116	116	73	73	3977	3977	2237	2237	61	61	127	127	1916	1916	1805	1805	3993	3993	2620	2620	27	27	32	32	66	66	13	13	123	123	117	117	75	75	1271	1271	235	235	244	244	15	15	336	336	1429583	1429583	2786599	2786599	14869	14869	13124	13124	144	144	32	32	5565	5565	18951	18951	90	90	22	22	385	385	927	927	111	111	158	158	391544	391544	167633	167633	137	137	224	224	314	314	407	407	16500	16500	28074	28074	122	122	86	86	466	466	308	308
IND00081	1268	1268	772	772	346	346	540	540	1799	1799	4225	4225	27	27	101	101	11519	11519	1051	1051	7	7	58	58	48	48	22	22	4830	4830	6567	6567	1947	1947	1855	1855	74	74	92	92	16	16	79	79	50	50	14	14	3914	3914	2566	2566	97	97	170	170	142	142	511	511	7	7	29	29	7836	7836	2434	2434	85	85	218	218	1797	1797	600	600	16	16	16	16	11	11	8	8	71	71	36	36	1696	1696	837	837	703	703	816	816	1522	1522	819	819	746	746	3570	3570	133	133	185	185	636	636	1382	1382	233	233	80	80	1334	1334	789	789	2593	2593	3078	3078	23	23	2	2	6	6	15	15	9	9	24	24	2690	2690	1581	1581	163	163	240	240	729	729	50	50	3387576	3387576	889393	889393	8932	8932	969	969	369	369	204	204	32086	32086	29587	29587	147	147	147	147	423	423	82	82	112	112	19	19	498320	498320	477320	477320	6	6	217	217	378	378	161	161	30533	30533	9175	9175	124	124	188	188	235	235	509	509
IND00082	788	788	763	763	450	450	781	781	6652	6652	3790	3790	12	12	65	65	495	495	407	407	154	154	64	64	58	58	50	50	1816	1816	4986	4986	1933	1933	1638	1638	10	10	120	120	32	32	5	5	35	35	45	45	2269	2269	1220	1220	13	13	184	184	112	112	974	974	15	15	22	22	407	407	1599	1599	460	460	213	213	3632	3632	7545	7545	7	7	6	6	4	4	1	1	51	51	16	16	55	55	162	162	3645	3645	405	405	1927	1927	1578	1578	7480	7480	6051	6051	11	11	140	140	1937	1937	354	354	13	13	4	4	1659	1659	1886	1886	3140	3140	596	596	10	10	10	10	79	79	104	104	48	48	65	65	655	655	72	72	115	115	239	239	271	271	708	708	3221913	3221913	3256899	3256899	12747	12747	4576	4576	286	286	66	66	11873	11873	18851	18851	236	236	81	81	645	645	471	471	109	109	239	239	227627	227627	140531	140531	119	119	139	139	285	285	248	248	21191	21191	3238	3238	31	31	133	133	391	391	60	60
IND00083	1624	1624	463	463	639	639	777	777	1438	1438	4413	4413	40	40	4	4	12040	12040	2544	2544	74	74	176	176	20	20	57	57	118	118	5226	5226	573	573	609	609	55	55	99	99	12	12	92	92	36	36	28	28	7317	7317	3061	3061	152	152	255	255	862	862	84	84	2	2	29	29	3462	3462	1967	1967	148	148	283	283	1979	1979	6665	6665	7	7	4	4	2	2	6	6	50	50	32	32	404	404	1302	1302	1134	1134	3981	3981	623	623	559	559	1451	1451	2985	2985	125	125	14	14	4064	4064	2805	2805	173	173	149	149	83	83	1032	1032	4032	4032	1329	1329	19	19	2	2	5	5	48	48	102	102	14	14	2928	2928	1806	1806	183	183	133	133	103	103	557	557	2977789	2977789	2624191	2624191	9132	9132	2616	2616	505	505	401	401	13453	13453	25587	25587	10	10	217	217	130	130	844	844	221	221	15	15	400985	400985	79930	79930	253	253	56	56	163	163	164	164	5022	5022	5847	5847	24	24	242	242	252	252	19	19
IND00084	1595	1595	1695	1695	824	824	357	357	7959	7959	4470	4470	55	55	120	120	223	223	3492	3492	92	92	118	118	40	40	19	19	3852	3852	3470	3470	932	932	105	105	114	114	48	48	116	116	36	36	34	34	13	13	4837	4837	404	404	26	26	17	17	244	244	535	535	9	9	5	5	3906	3906	5844	5844	119	119	393	393	6742	6742	8081	8081	15	15	10	10	8	8	11	11	117	117	37	37	1386	1386	697	697	1458	1458	410	410	1300	1300	1851	1851	6091	6091	5797	5797	160	160	246	246	384	384	111	111	91	91	23	23	1117	1117	120	120	728	728	3755	3755	3	3	24	24	4	4	96	96	10	10	18	18	3376	3376	1152	1152	26	26	128	128	563	563	940	940	638430	638430	3493354	3493354	15183	15183	4432	4432	241	241	71	71	16188	16188	6841	6841	67	67	100	100	60	60	473	473	19	19	143	143	98735	98735	383476	383476	223	223	195	195	490	490	106	106	31823	31823	8571	8571	203	203	174	174	106	106	252	252
IND00085	1172	1172	1386	1386	494	494	625	625	4638	4638	4293	4293	102	102	92	92	4147	4147	9639	9639	147	147	17	17	19	19	62	62	1430	1430	1278	1278	1611	1611	1540	1540	93	93	44	44	104	104	63	63	48	48	31	31	2349	2349	211	211	138	138	85	85	919	919	713	713	3	3	27	27	78	78	271	271	205	205	265	265	5316	5316	7258	7258	2	2	6	6	2	2	14	14	52	52	54	54	591	591	447	447	2711	2711	3818	3818	141	141	1597	1597	3035	3035	851	851	94	94	66	66	781	781	504	504	165	165	175	175	1285	1285	1083	1083	738	738	4031	4031	5	5	10	10	98	98	109	109	117	117	126	126	1917	1917	1527	1527	38	38	218	218	828	828	451	451	3313452	3313452	1783988	1783988	8106	8106	9543	9543	353	353	480	480	19989	19989	14503	14503	245	245	51	51	652	652	850	850	106	106	220	220	428016	428016	242943	242943	84	84	208	208	346	346	428	428	10656	10656	28293	28293	230	230	160	160	320	320	124	124
IND00086	1930	1930	582	582	773	773	938	938	7040	7040	4499	4499	107	107	4	4	2815	2815	5196	5196	164	164	37	37	9	9	31	31	7782	7782	1341	1341	438	438	1528	1528	63	63	7	7	127	127	85	85	44	44	17	17	2510	2510	3487	3487	79	79	182	182	103	103	5	5	14	14	26	26	5836	5836	2994	2994	341	341	351	351	7752	7752	7656	7656	2	2	13	13	3	3	12	12	53	53	45	45	1049	1049	2019	2019	1807	1807	810	810	22	22	591	591	2472	2472	5295	5295	79	79	148	148	3327	3327	3102	3102	34	34	59	59	1366	1366	1118	1118	3040	3040	538	538	10	10	1	1	39	39	82	82	119	119	96	96	1657	1657	2931	2931	76	76	189	189	877	877	727	727	4150016	4150016	2458782	2458782	13822	13822	1818	1818	453	453	23	23	14246	14246	17709	17709	142	142	161	161	376	376	956	956	139	139	42	42	489121	489121	478430	478430	93	93	56	56	31	31	331	331	18448	18448	7221	7221	22	22	21	21	75	75	435	435
IND00087	622	622	658	658	513	513	271	271	5643	5643	3252	3252	66	66	22	22	290	290	11479	11479	162	162	228	228	56	56	33	33	3276	3276	4122	4122	1971	1971	191	191	92	92	9	9	114	114	114	114	57	57	26	26	6087	6087	6465	6465	225	225	55	55	868	868	930	930	32	32	17	17	204	204	3953	3953	46	46	298	298	3736	3736	6069	6069	4	4	8	8	10	10	8	8	45	45	12	12	1894	1894	1650	1650	490	490	2743	2743	1011	1011	431	431	4245	4245	2262	2262	231	231	145	145	1666	1666	992	992	207	207	227	227	750	750	135	135	559	559	1697	1697	27	27	25	25	121	121	78	78	63	63	76	76	2134	2134	3995	3995	179	179	159	159	649	649	302	302	4007003	4007003	3207725	3207725	3757	3757	4079	4079	411	411	452	452	9445	9445	28410	28410	13	13	188	188	514	514	105	105	32	32	19	19	382153	382153	227942	227942	212	212	78	78	220	220	137	137	19735	19735	13773	13773	209	209	154	154	302	302	162	162
IND00088	1547	1547	971	971	438	438	925	925	2278	2278	5072	5072	69	69	99	99	4437	4437	15927	15927	74	74	69	69	56	56	31	31	241	241	7400	7400	800	800	1830	1830	2	2	8	8	120	120	99	99	19	19	35	35	5329	5329	950	950	5	5	82	82	596	596	45	45	12	12	17	17	1017	1017	3835	3835	16	16	212	212	3534	3534	4452	4452	10	10	9	9	3	3	10	10	97	97	52	52	785	785	256	256	1367	1367	2882	2882	2013	2013	1477	1477	7155	7155	1113	1113	89	89	156	156	1580	1580	2998	2998	213	213	5	5	353	353	1487	1487	2281	2281	8	8	6	6	29	29	33	33	29	29	109	109	65	65	1964	1964	4040	4040	8	8	1	1	550	550	172	172	2599254	2599254	3800855	3800855	12445	12445	4133	4133	147	147	466	466	22756	22756	19706	19706	154	154	16	16	981	981	872	872	114	114	253	253	393605	393605	127696	127696	47	47	83	83	279	279	431	431	617	617	19612	19612	231	231	114	114	267	267	296	296
IND00089	1246	1246	1003	1003	836	836	20	20	6026	6026	8094	8094	18	18	34	34	14449	14449	14163	14163	195	195	18	18	13	13	43	43	3420	3420	3173	3173	1043	1043	1840	1840	71	71	51	51	123	123	28	28	45	45	64	64	4820	4820	7362	7362	229	229	181	181	190	190	188	188	26	26	13	13	7915	7915	6004	6004	79	79	59	59	6286	6286	2906	2906	13	13	5	5	15	15	7	7	58	58	52	52	1056	1056	1006	1006	701	701	114	114	1689	1689	547	547	5258	5258	2657	2657	28	28	43	43	3941	3941	2530	2530	157	157	38	38	935	935	1323	1323	2349	2349	1239	1239	1	1	18	18	102	102	68	68	64	64	3	3	2547	2547	490	490	244	244	110	110	783	783	319	319	175899	175899	694769	694769	9271	9271	8196	8196	23	23	291	291	9730	9730	5643	5643	231	231	39	39	698	698	148	148	213	213	4	4	27202	27202	367582	367582	195	195	256	256	376	376	364	364	10990	10990	2507	2507	122	122	239	239	385	385	240	240
IND00090	922	922	1087	1087	493	493	591	591	5388	5388	2807	2807	16	16	122	122	9454	9454	5066	5066	157	157	215	215	34	34	50	50	7739	7739	5167	5167	54	54	1209	1209	117	117	100	100	118	118	7	7	4	4	21	21	6381	6381	7257	7257	217	217	157	157	499	499	781	781	2	2	1	1	4789	4789	7773	7773	320	320	383	383	599	599	4533	4533	10	10	16	16	3	3	4	4	114	114	97	97	1989	1989	1855	1855	3462	3462	3414	3414	1285	1285	2034	2034	4227	4227	4118	4118	177	177	162	162	1848	1848	2759	2759	204	204	200	200	1247	1247	2014	2014	219	219	122	122	9	9	18	18	12	12	78	78	31	31	41	41	1354	1354	240	240	89	89	159	159	449	449	676	676	1139372	1139372	3430899	3430899	11744	11744	4984	4984	249	249	18	18	3924	3924	13940	13940	228	228	143	143	545	545	227	227	228	228	76	76	474863	474863	453010	453010	42	42	189	189	303	303	97	97	8810	8810	24370	24370	256	256	91	91	311	311	266	266
IND00091	1900	1900	351	351	61	61	707	707	5610	5610	1122	1122	55	55	94	94	6247	6247	11169	11169	144	144	183	183	50	50	23	23	42	42	5713	5713	1575	1575	993	993	79	79	65	65	6	6	21	21	51	51	56	56	3455	3455	2707	2707	116	116	83	83	975	975	648	648	3	3	27	27	2041	2041	4572	4572	153	153	304	304	821	821	6369	6369	1	1	9	9	13	13	11	11	41	41	38	38	637	637	1904	1904	643	643	3110	3110	991	991	336	336	5101	5101	7305	7305	153	153	26	26	2058	2058	2511	2511	241	241	206	206	3	3	1906	1906	3309	3309	3134	3134	9	9	10	10	115	115	20	20	79	79	126	126	2479	2479	3327	3327	151	151	109	109	557	557	268	268	70148	70148	479672	479672	6188	6188	4390	4390	157	157	154	154	18502	18502	6921	6921	18	18	13	13	757	757	784	784	135	135	198	198	61603	61603	458862	458862	114	114	99	99	405	405	272	272	3034	3034	19476	19476	164	164	67	67	5	5	355	355
IND00092	492	492	889	889	479	479	924	924	7406	7406	2134	2134	55	55	126	126	10491	10491	11215	11215	51	51	253	253	12	12	10	10	2017	2017	6003	6003	947	947	1148	1148	34	34	8	8	120	120	82	82	21	21	53	53	3662	3662	2137	2137	86	86	179	179	864	864	780	780	12	12	16	16	1059	1059	5458	5458	282	282	205	205	5952	5952	6123	6123	8	8	12	12	1	1	1	1	121	121	94	94	1338	1338	1113	1113	1471	1471	3131	3131	1661	1661	393	393	7593	7593	1295	1295	215	215	248	248	1425	1425	473	473	2	2	39	39	794	794	1311	1311	90	90	150	150	18	18	13	13	76	76	112	112	98	98	15	15	3327	3327	2502	2502	152	152	179	179	67	67	201	201	3915824	3915824	2342582	2342582	11652	11652	14622	14622	29	29	208	208	14391	14391	1519	1519	8	8	60	60	498	498	429	429	114	114	194	194	320265	320265	6990	6990	192	192	199	199	356	356	380	380	29483	29483	21845	21845	243	243	233	233	381	381	321	321
IND00093	1859	1859	1115	1115	229	229	171	171	3864	3864	4900	4900	116	116	62	62	10888	10888	218	218	174	174	255	255	47	47	12	12	2011	2011	4109	4109	138	138	1336	1336	16	16	5	5	69	69	90	90	16	16	63	63	427	427	7223	7223	93	93	157	157	500	500	18	18	30	30	16	16	6613	6613	4156	4156	26	26	482	482	8181	8181	1242	1242	11	11	14	14	9	9	7	7	107	107	101	101	965	965	89	89	3531	3531	4034	4034	1153	1153	883	883	6444	6444	7818	7818	184	184	182	182	591	591	1576	1576	20	20	79	79	1706	1706	2027	2027	3701	3701	654	654	21	21	13	13	119	119	97	97	125	125	122	122	1310	1310	2667	2667	201	201	63	63	300	300	472	472	2212491	2212491	903892	903892	713	713	8654	8654	349	349	10	10	5686	5686	5047	5047	191	191	48	48	344	344	175	175	256	256	82	82	460226	460226	477623	477623	56	56	60	60	29	29	141	141	5324	5324	18348	18348	188	188	67	67	212	212	406	406
IND00094	1462	1462	948	948	384	384	976	976	3693	3693	8019	8019	50	50	64	64	8442	8442	14776	14776	90	90	189	189	12	12	6	6	3311	3311	6757	6757	1369	1369	862	862	112	112	54	54	62	62	46	46	49	49	38	38	7371	7371	2549	2549	158	158	200	200	627	627	103	103	30	30	25	25	4784	4784	5750	5750	84	84	4	4	2395	2395	2074	2074	7	7	16	16	9	9	12	12	122	122	3	3	726	726	1499	1499	344	344	3882	3882	1762	1762	644	644	3396	3396	1472	1472	151	151	160	160	709	709	3882	3882	122	122	93	93	1038	1038	1692	1692	2792	2792	1197	1197	22	22	12	12	83	83	118	118	89	89	115	115	3073	3073	365	365	235	235	31	31	321	321	1	1	1149956	1149956	1395076	1395076	4542	4542	12068	12068	266	266	33	33	23433	23433	30681	30681	84	84	103	103	870	870	697	697	102	102	37	37	371769	371769	69557	69557	197	197	200	200	457	457	23	23	13209	13209	20976	20976	70	70	190	190	59	59	207	207
IND00095	217	217	1380	1380	207	207	465	465	6777	6777	5091	5091	30	30	75	75	15803	15803	8487	8487	120	120	73	73	11	11	53	53	6022	6022	4686	4686	177	177	401	401	69	69	105	105	29	29	105	105	59	59	33	33	6817	6817	4660	4660	107	107	38	38	319	319	710	710	28	28	17	17	4354	4354	3169	3169	253	253	483	483	4335	4335	4010	4010	9	9	4	4	4	4	9	9	86	86	49	49	1102	1102	503	503	614	614	3974	3974	514	514	1540	1540	6720	6720	7534	7534	4	4	125	125	2641	2641	115	115	15	15	103	103	1414	1414	357	357	533	533	3006	3006	27	27	10	10	87	87	84	84	74	74	68	68	2999	2999	3898	3898	232	232	106	106	674	674	592	592	1625772	1625772	3783412	3783412	9523	9523	10849	10849	511	511	79	79	27348	27348	6950	6950	76	76	183	183	876	876	945	945	86	86	139	139	157707	157707	100137	100137	250	250	29	29	87	87	105	105	22932	22932	16186	16186	29	29	235	235	282	282	100	100
IND00096	1136	1136	1403	1403	372	372	433	433	6852	6852	547	547	89	89	110	110	13368	13368	14618	14618	213	213	119	119	30	30	7	7	3024	3024	6832	6832	1980	1980	528	528	73	73	111	111	99	99	95	95	63	63	47	47	7288	7288	7865	7865	248	248	166	166	780	780	148	148	2	2	18	18	5276	5276	5789	5789	197	197	446	446	71	71	4215	4215	13	13	11	11	15	15	6	6	40	40	95	95	938	938	1455	1455	2203	2203	2077	2077	1984	1984	1649	1649	1902	1902	6841	6841	159	159	176	176	2906	2906	1860	1860	120	120	232	232	1035	1035	191	191	1223	1223	493	493	16	16	14	14	95	95	62	62	126	126	117	117	3727	3727	2608	2608	21	21	189	189	996	996	978	978	355859	355859	1857141	1857141	13033	13033	13378	13378	374	374	394	394	10120	10120	10114	10114	3	3	210	210	756	756	506	506	83	83	23	23	26606	26606	185063	185063	117	117	21	21	153	153	186	186	31017	31017	23261	23261	86	86	223	223	96	96	374	374
IND00097	492	492	1113	1113	604	604	161	161	7984	7984	376	376	91	91	79	79	8301	8301	6490	6490	112	112	70	70	52	52	46	46	718	718	5362	5362	521	521	1761	1761	92	92	102	102	97	97	89	89	6	6	7	7	2382	2382	2379	2379	28	28	116	116	83	83	50	50	29	29	27	27	7093	7093	6007	6007	92	92	131	131	3077	3077	7674	7674	15	15	2	2	9	9	6	6	3	3	19	19	1297	1297	556	556	3279	3279	943	943	61	61	1156	1156	2121	2121	7594	7594	239	239	148	148	2341	2341	531	531	130	130	233	233	1636	1636	89	89	3049	3049	3826	3826	17	17	3	3	74	74	15	15	69	69	61	61	2561	2561	3178	3178	174	174	102	102	706	706	70	70	4022921	4022921	3450249	3450249	14341	14341	15269	15269	48	48	510	510	12650	12650	27847	27847	157	157	47	47	605	605	735	735	59	59	19	19	478850	478850	280821	280821	20	20	230	230	127	127	503	503	674	674	8744	8744	122	122	195	195	201	201	382	382
IND00098	1234	1234	172	172	258	258	169	169	7331	7331	4116	4116	109	109	119	119	3486	3486	14652	14652	159	159	220	220	52	52	42	42	6480	6480	6823	6823	1775	1775	1040	1040	45	45	44	44	69	69	88	88	54	54	16	16	4121	4121	8097	8097	231	231	109	109	860	860	486	486	9	9	26	26	2728	2728	7442	7442	352	352	262	262	3060	3060	3993	3993	14	14	7	7	4	4	1	1	75	75	126	126	566	566	1043	1043	95	95	2872	2872	1993	1993	305	305	2722	2722	2924	2924	212	212	129	129	2892	2892	2573	2573	46	46	206	206	1462	1462	1333	1333	1416	1416	2428	2428	14	14	3	3	97	97	40	40	100	100	119	119	625	625	2049	2049	45	45	109	109	249	249	680	680	2804678	2804678	2289847	2289847	5135	5135	13689	13689	287	287	341	341	31279	31279	21773	21773	83	83	70	70	747	747	874	874	60	60	199	199	96968	96968	155278	155278	51	51	128	128	143	143	266	266	13360	13360	17858	17858	1	1	208	208	508	508	280	280
IND00099	998	998	1697	1697	443	443	484	484	3119	3119	1742	1742	113	113	66	66	14489	14489	12059	12059	253	253	14	14	39	39	37	37	4096	4096	470	470	1763	1763	1636	1636	67	67	5	5	66	66	96	96	14	14	53	53	2373	2373	4438	4438	159	159	137	137	1	1	507	507	8	8	5	5	4033	4033	8093	8093	336	336	118	118	5914	5914	4565	4565	9	9	16	16	5	5	1	1	65	65	54	54	112	112	107	107	1073	1073	2713	2713	1648	1648	1778	1778	2335	2335	6655	6655	227	227	223	223	246	246	3317	3317	206	206	62	62	1649	1649	541	541	735	735	3075	3075	8	8	6	6	125	125	118	118	64	64	54	54	959	959	3542	3542	230	230	135	135	449	449	446	446	3714633	3714633	1542650	1542650	3536	3536	12092	12092	386	386	444	444	924	924	6466	6466	156	156	88	88	866	866	45	45	108	108	185	185	402744	402744	362189	362189	143	143	29	29	347	347	74	74	12718	12718	1845	1845	108	108	16	16	252	252	493	493
IND00100	2039	2039	1527	1527	830	830	481	481	7304	7304	4497	4497	120	120	61	61	10063	10063	14437	14437	192	192	162	162	52	52	29	29	1485	1485	432	432	690	690	397	397	76	76	109	109	54	54	60	60	61	61	36	36	6208	6208	2136	2136	250	250	149	149	369	369	955	955	21	21	24	24	4644	4644	3674	3674	50	50	39	39	6736	6736	5586	5586	11	11	4	4	14	14	1	1	109	109	102	102	2001	2001	149	149	3036	3036	2927	2927	470	470	935	935	735	735	5737	5737	167	167	33	33	2534	2534	1555	1555	243	243	171	171	527	527	423	423	4086	4086	997	997	9	9	26	26	82	82	120	120	120	120	2	2	2574	2574	1304	1304	55	55	215	215	933	933	21	21	1990373	1990373	1783378	1783378	8902	8902	127	127	511	511	118	118	18671	18671	1229	1229	90	90	206	206	268	268	422	422	118	118	153	153	243109	243109	454916	454916	162	162	172	172	14	14	86	86	13052	13052	17486	17486	187	187	143	143	229	229	298	298
IND00101	178	178	1554	1554	869	869	28	28	4427	4427	8073	8073	92	92	116	116	15584	15584	15208	15208	37	37	22	22	24	24	49	49	3467	3467	6358	6358	1418	1418	390	390	4	4	13	13	71	71	88	88	11	11	2	2	5244	5244	3107	3107	142	142	21	21	427	427	719	719	10	10	8	8	5665	5665	6145	6145	52	52	92	92	166	166	2492	2492	12	12	2	2	16	16	1	1	122	122	80	80	579	579	1645	1645	648	648	1440	1440	90	90	1713	1713	6063	6063	2953	2953	134	134	17	17	1909	1909	1010	1010	243	243	46	46	544	544	1671	1671	208	208	2247	2247	7	7	8	8	73	73	25	25	64	64	59	59	680	680	1750	1750	210	210	247	247	803	803	33	33	3614784	3614784	2142785	2142785	6508	6508	3543	3543	477	477	433	433	28564	28564	20250	20250	198	198	86	86	912	912	365	365	173	173	241	241	396980	396980	152539	152539	19	19	223	223	131	131	305	305	6835	6835	4800	4800	76	76	37	37	316	316	222	222
IND00102	878	878	989	989	1018	1018	1001	1001	2270	2270	7537	7537	27	27	56	56	4380	4380	12852	12852	41	41	185	185	54	54	8	8	3093	3093	382	382	1742	1742	403	403	48	48	49	49	94	94	89	89	39	39	23	23	4538	4538	1064	1064	51	51	100	100	170	170	764	764	22	22	14	14	8091	8091	5348	5348	459	459	393	393	4681	4681	4637	4637	5	5	8	8	14	14	10	10	86	86	23	23	1304	1304	11	11	71	71	2045	2045	1454	1454	1061	1061	1859	1859	5677	5677	251	251	238	238	3635	3635	1621	1621	83	83	140	140	229	229	667	667	2342	2342	3434	3434	1	1	12	12	79	79	121	121	66	66	83	83	2708	2708	3201	3201	92	92	180	180	679	679	816	816	2719334	2719334	144116	144116	3854	3854	6120	6120	462	462	238	238	30096	30096	27099	27099	136	136	1	1	716	716	454	454	157	157	160	160	269219	269219	381946	381946	247	247	62	62	302	302	339	339	26776	26776	7804	7804	127	127	240	240	42	42	303	303
IND00103	975	975	701	701	173	173	1008	1008	7022	7022	6112	6112	36	36	110	110	11896	11896	7090	7090	83	83	234	234	18	18	56	56	7867	7867	1218	1218	1670	1670	1972	1972	122	122	30	30	36	36	72	72	21	21	10	10	3594	3594	2658	2658	176	176	104	104	730	730	202	202	25	25	9	9	8180	8180	4131	4131	364	364	480	480	5258	5258	2784	2784	14	14	14	14	8	8	4	4	86	86	95	95	1598	1598	1582	1582	909	909	2370	2370	378	378	1626	1626	4977	4977	7117	7117	214	214	7	7	522	522	954	954	138	138	106	106	859	859	1288	1288	2288	2288	2466	2466	31	31	32	32	75	75	81	81	51	51	95	95	33	33	4050	4050	160	160	26	26	291	291	951	951	2559529	2559529	2740269	2740269	6728	6728	11883	11883	100	100	114	114	15287	15287	12608	12608	187	187	235	235	808	808	126	126	73	73	80	80	450311	450311	97040	97040	180	180	163	163	87	87	377	377	251	251	11834	11834	194	194	105	105	457	457	20	20
IND00104	1887	1887	228	228	290	290	516	516	8076	8076	1502	1502	72	72	49	49	14090	14090	405	405	92	92	197	197	51	51	32	32	7052	7052	2945	2945	667	667	767	767	128	128	110	110	31	31	18	18	55	55	36	36	7973	7973	7671	7671	192	192	105	105	619	619	89	89	11	11	26	26	1035	1035	6356	6356	197	197	11	11	3385	3385	3779	3779	7	7	14	14	3	3	10	10	103	103	68	68	572	572	658	658	1118	1118	1674	1674	1043	1043	206	206	5028	5028	7410	7410	144	144	227	227	2330	2330	2706	2706	181	181	205	205	503	503	526	526	1790	1790	2794	2794	22	22	3	3	54	54	99	99	59	59	76	76	2971	2971	321	321	189	189	46	46	500	500	443	443	3466064	3466064	2338578	2338578	12375	12375	11959	11959	439	439	34	34	15811	15811	23561	23561	99	99	99	99	558	558	407	407	42	42	76	76	167190	167190	491875	491875	174	174	82	82	379	379	71	71	16668	16668	28709	28709	206	206	43	43	234	234	298	298
IND00105	953	953	1771	1771	289	289	412	412	8000	8000	2608	2608	117	117	38	38	15702	15702	8303	8303	244	244	240	240	55	55	12	12	1119	1119	2516	2516	648	648	1327	1327	91	91	118	118	112	112	90	90	43	43	6	6	2598	2598	5165	5165	204	204	15	15	29	29	379	379	10	10	26	26	3338	3338	108	108	311	311	134	134	5549	5549	4278	4278	6	6	12	12	10	10	4	4	46	46	87	87	766	766	586	586	1287	1287	2345	2345	1090	1090	1107	1107	652	652	7316	7316	7	7	138	138	1531	1531	2352	2352	85	85	226	226	561	561	503	503	2575	2575	2132	2132	6	6	22	22	116	116	99	99	49	49	8	8	177	177	414	414	152	152	110	110	207	207	810	810	1438456	1438456	1783617	1783617	2502	2502	262	262	291	291	218	218	17621	17621	5521	5521	28	28	29	29	744	744	14	14	204	204	23	23	414505	414505	313497	313497	109	109	92	92	29	29	115	115	248	248	18219	18219	139	139	124	124	286	286	334	334
IND00106	1829	1829	1732	1732	552	552	192	192	977	977	2191	2191	70	70	14	14	7662	7662	12248	12248	202	202	44	44	29	29	33	33	7293	7293	6957	6957	585	585	137	137	104	104	114	114	27	27	48	48	30	30	11	11	3529	3529	4912	4912	201	201	29	29	174	174	309	309	10	10	8	8	3162	3162	3800	3800	425	425	365	365	7051	7051	2201	2201	15	15	10	10	14	14	6	6	89	89	114	114	756	756	1624	1624	3578	3578	1543	1543	177	177	550	550	3796	3796	6585	6585	171	171	111	111	2546	2546	2799	2799	168	168	168	168	861	861	912	912	2961	2961	1593	1593	15	15	23	23	81	81	127	127	36	36	55	55	522	522	439	439	222	222	159	159	53	53	773	773	2691676	2691676	3535482	3535482	692	692	16249	16249	293	293	397	397	14344	14344	13036	13036	44	44	37	37	193	193	765	765	71	71	119	119	494224	494224	133831	133831	196	196	68	68	325	325	428	428	21310	21310	29313	29313	161	161	194	194	139	139	270	270
IND00107	1967	1967	1535	1535	410	410	129	129	6009	6009	339	339	43	43	15	15	7662	7662	8135	8135	49	49	208	208	19	19	62	62	3408	3408	2468	2468	1583	1583	1147	1147	92	92	94	94	72	72	49	49	55	55	46	46	1922	1922	2141	2141	163	163	109	109	85	85	844	844	17	17	14	14	2756	2756	1134	1134	291	291	25	25	3707	3707	5081	5081	1	1	3	3	10	10	8	8	90	90	43	43	928	928	1521	1521	702	702	2627	2627	1872	1872	552	552	5725	5725	1221	1221	182	182	27	27	2744	2744	2597	2597	144	144	66	66	745	745	812	812	1024	1024	3414	3414	17	17	17	17	99	99	82	82	18	18	113	113	2831	2831	107	107	89	89	195	195	670	670	221	221	2085271	2085271	2861061	2861061	6707	6707	12896	12896	26	26	399	399	24223	24223	7892	7892	169	169	194	194	850	850	764	764	62	62	254	254	359326	359326	171753	171753	189	189	36	36	344	344	357	357	3812	3812	22270	22270	97	97	139	139	22	22	409	409
IND00108	1852	1852	466	466	364	364	71	71	2947	2947	7583	7583	93	93	68	68	15112	15112	5906	5906	154	154	214	214	64	64	64	64	2526	2526	4157	4157	1388	1388	852	852	23	23	99	99	94	94	44	44	15	15	54	54	4668	4668	432	432	117	117	86	86	509	509	329	329	21	21	21	21	933	933	7080	7080	67	67	503	503	5564	5564	1261	1261	13	13	12	12	11	11	15	15	27	27	101	101	771	771	493	493	3576	3576	2711	2711	3	3	1362	1362	3822	3822	2930	2930	219	219	188	188	1273	1273	3660	3660	197	197	20	20	765	765	605	605	652	652	2603	2603	19	19	5	5	92	92	1	1	12	12	24	24	3243	3243	255	255	56	56	155	155	131	131	317	317	2239441	2239441	546673	546673	14461	14461	15069	15069	440	440	479	479	28899	28899	26670	26670	228	228	121	121	726	726	68	68	148	148	110	110	452535	452535	262395	262395	41	41	20	20	49	49	473	473	17684	17684	4020	4020	56	56	206	206	461	461	50	50
IND00109	138	138	998	998	926	926	508	508	165	165	5913	5913	20	20	15	15	2041	2041	11793	11793	75	75	51	51	3	3	43	43	6484	6484	2814	2814	1303	1303	343	343	6	6	37	37	90	90	63	63	35	35	2	2	5870	5870	6868	6868	61	61	38	38	828	828	655	655	6	6	23	23	3056	3056	6232	6232	158	158	497	497	224	224	7912	7912	6	6	15	15	6	6	2	2	27	27	58	58	199	199	298	298	3230	3230	4033	4033	971	971	1618	1618	3186	3186	1959	1959	98	98	199	199	1307	1307	1180	1180	66	66	98	98	1541	1541	305	305	3669	3669	3503	3503	27	27	24	24	115	115	114	114	26	26	4	4	2715	2715	3358	3358	46	46	173	173	326	326	34	34	976763	976763	3069271	3069271	5533	5533	1994	1994	81	81	420	420	10411	10411	8454	8454	139	139	156	156	984	984	333	333	186	186	182	182	208526	208526	269413	269413	206	206	106	106	197	197	15	15	19843	19843	31114	31114	180	180	188	188	426	426	60	60
IND00110	12	12	1509	1509	139	139	607	607	122	122	2396	2396	101	101	111	111	5713	5713	3230	3230	150	150	162	162	16	16	38	38	5234	5234	5263	5263	734	734	362	362	3	3	8	8	30	30	67	67	49	49	36	36	5917	5917	91	91	213	213	215	215	452	452	629	629	11	11	15	15	6591	6591	7451	7451	266	266	322	322	2380	2380	3281	3281	10	10	10	10	3	3	3	3	89	89	121	121	232	232	1749	1749	1281	1281	3444	3444	910	910	1118	1118	5023	5023	7760	7760	83	83	139	139	183	183	807	807	144	144	121	121	1649	1649	1209	1209	113	113	4094	4094	21	21	14	14	127	127	69	69	85	85	100	100	539	539	3707	3707	4	4	18	18	45	45	152	152	1923175	1923175	336529	336529	9043	9043	13643	13643	369	369	357	357	17002	17002	1608	1608	142	142	23	23	636	636	80	80	29	29	133	133	361874	361874	79115	79115	251	251	201	201	336	336	96	96	21718	21718	22633	22633	184	184	88	88	451	451	264	264
IND00111	1048	1048	1771	1771	967	967	831	831	4299	4299	828	828	32	32	23	23	12630	12630	12997	12997	31	31	39	39	34	34	14	14	4857	4857	7498	7498	1267	1267	67	67	26	26	26	26	89	89	37	37	43	43	40	40	7094	7094	2790	2790	115	115	40	40	727	727	837	837	24	24	20	20	5802	5802	2901	2901	469	469	308	308	7986	7986	4356	4356	8	8	15	15	4	4	6	6	26	26	122	122	1845	1845	1891	1891	3481	3481	120	120	302	302	1693	1693	6902	6902	5917	5917	229	229	140	140	2989	2989	2526	2526	131	131	89	89	1894	1894	228	228	1143	1143	2341	2341	27	27	31	31	13	13	100	100	34	34	122	122	2145	2145	1539	1539	193	193	79	79	759	759	263	263	2523802	2523802	2559591	2559591	9018	9018	1492	1492	444	444	305	305	24691	24691	9332	9332	61	61	62	62	881	881	671	671	53	53	56	56	33202	33202	190105	190105	189	189	25	25	268	268	280	280	10201	10201	32379	32379	71	71	92	92	436	436	4	4
IND00112	1576	1576	1151	1151	234	234	265	265	6204	6204	5509	5509	42	42	60	60	12147	12147	6297	6297	126	126	31	31	13	13	10	10	5422	5422	3561	3561	1800	1800	1582	1582	90	90	9	9	34	34	56	56	24	24	40	40	6803	6803	6679	6679	174	174	123	123	799	799	796	796	32	32	20	20	931	931	3425	3425	497	497	140	140	6963	6963	3000	3000	13	13	16	16	5	5	10	10	51	51	56	56	1684	1684	1435	1435	2053	2053	4073	4073	1198	1198	1801	1801	8152	8152	7492	7492	227	227	144	144	3034	3034	69	69	179	179	49	49	575	575	1324	1324	1945	1945	442	442	16	16	5	5	87	87	127	127	13	13	17	17	1464	1464	29	29	238	238	103	103	482	482	713	713	1704598	1704598	1318299	1318299	9669	9669	9609	9609	340	340	58	58	22335	22335	30668	30668	108	108	19	19	387	387	161	161	41	41	176	176	115792	115792	368340	368340	32	32	95	95	222	222	35	35	20662	20662	9606	9606	176	176	156	156	96	96	37	37
IND00113	2020	2020	608	608	548	548	187	187	5725	5725	3578	3578	46	46	126	126	6387	6387	14289	14289	105	105	250	250	1	1	64	64	5021	5021	3051	3051	1339	1339	1047	1047	36	36	120	120	30	30	69	69	42	42	35	35	1723	1723	5199	5199	20	20	55	55	432	432	636	636	10	10	10	10	5361	5361	1917	1917	252	252	358	358	4981	4981	5108	5108	12	12	2	2	13	13	2	2	64	64	119	119	1198	1198	1445	1445	3033	3033	215	215	1136	1136	1253	1253	5835	5835	7577	7577	229	229	181	181	1879	1879	3146	3146	29	29	212	212	1172	1172	860	860	3313	3313	3275	3275	21	21	7	7	29	29	40	40	9	9	122	122	1304	1304	2999	2999	237	237	32	32	882	882	611	611	422097	422097	2768151	2768151	6626	6626	295	295	157	157	492	492	31603	31603	5290	5290	140	140	256	256	630	630	508	508	197	197	162	162	496845	496845	446022	446022	126	126	47	47	412	412	278	278	28840	28840	130	130	202	202	141	141	87	87	467	467
IND00114	1605	1605	789	789	221	221	626	626	6169	6169	2968	2968	15	15	7	7	15769	15769	1709	1709	56	56	253	253	50	50	35	35	2982	2982	6774	6774	1437	1437	1685	1685	5	5	14	14	70	70	20	20	60	60	54	54	7569	7569	2926	2926	42	42	27	27	25	25	11	11	28	28	3	3	8133	8133	5025	5025	301	301	276	276	6951	6951	4874	4874	9	9	13	13	12	12	3	3	67	67	61	61	713	713	1878	1878	3605	3605	671	671	901	901	1961	1961	5528	5528	3873	3873	160	160	164	164	3904	3904	824	824	178	178	105	105	1489	1489	2015	2015	2274	2274	3384	3384	22	22	24	24	40	40	122	122	24	24	43	43	1842	1842	864	864	61	61	187	187	969	969	543	543	1982099	1982099	3979712	3979712	553	553	5330	5330	265	265	235	235	10556	10556	6373	6373	204	204	242	242	159	159	191	191	137	137	17	17	349840	349840	478516	478516	180	180	216	216	218	218	381	381	28632	28632	20435	20435	215	215	91	91	323	323	93	93
IND00115	1601	1601	1888	1888	563	563	851	851	905	905	6148	6148	29	29	50	50	13089	13089	13680	13680	65	65	210	210	51	51	19	19	2649	2649	8080	8080	470	470	1550	1550	115	115	106	106	72	72	11	11	57	57	49	49	5925	5925	5921	5921	91	91	41	41	772	772	735	735	21	21	30	30	55	55	5506	5506	239	239	472	472	648	648	6010	6010	11	11	12	12	2	2	12	12	8	8	61	61	830	830	1721	1721	896	896	1794	1794	2008	2008	1283	1283	3451	3451	622	622	240	240	100	100	3748	3748	311	311	104	104	155	155	1851	1851	1673	1673	145	145	2913	2913	24	24	16	16	45	45	27	27	122	122	102	102	2871	2871	1699	1699	213	213	83	83	1010	1010	432	432	1871109	1871109	1436842	1436842	10898	10898	7689	7689	106	106	338	338	30425	30425	23076	23076	34	34	21	21	433	433	449	449	156	156	12	12	446201	446201	433854	433854	97	97	198	198	123	123	12	12	23113	23113	19088	19088	138	138	6	6	171	171	420	420
IND00116	1792	1792	2020	2020	446	446	923	923	1071	1071	5500	5500	114	114	85	85	5118	5118	9181	9181	229	229	165	165	49	49	7	7	8072	8072	1490	1490	586	586	1037	1037	30	30	43	43	94	94	105	105	39	39	16	16	6628	6628	1041	1041	103	103	214	214	1016	1016	518	518	32	32	17	17	1607	1607	6709	6709	140	140	33	33	1528	1528	7352	7352	5	5	4	4	9	9	1	1	106	106	79	79	1535	1535	1040	1040	1891	1891	19	19	1134	1134	1585	1585	7657	7657	2138	2138	99	99	23	23	233	233	3647	3647	52	52	26	26	1874	1874	1453	1453	991	991	4009	4009	30	30	23	23	97	97	86	86	10	10	72	72	3064	3064	1989	1989	19	19	151	151	161	161	405	405	3898025	3898025	803651	803651	14046	14046	14900	14900	430	430	202	202	13465	13465	13374	13374	213	213	222	222	183	183	684	684	219	219	41	41	118402	118402	63210	63210	222	222	93	93	486	486	297	297	13827	13827	15694	15694	150	150	39	39	365	365	321	321
IND00117	615	615	901	901	346	346	399	399	8007	8007	21	21	122	122	10	10	12351	12351	7407	7407	54	54	7	7	5	5	60	60	1236	1236	5756	5756	309	309	897	897	56	56	24	24	36	36	73	73	54	54	39	39	5922	5922	1028	1028	139	139	79	79	219	219	560	560	10	10	7	7	4561	4561	5129	5129	71	71	296	296	5700	5700	1629	1629	1	1	1	1	16	16	9	9	117	117	11	11	1518	1518	300	300	1131	1131	2111	2111	1276	1276	250	250	5142	5142	2195	2195	50	50	199	199	3314	3314	3435	3435	94	94	200	200	917	917	1544	1544	2162	2162	3850	3850	11	11	20	20	122	122	93	93	122	122	36	36	1089	1089	2872	2872	21	21	40	40	1023	1023	837	837	1566771	1566771	1277694	1277694	5925	5925	9469	9469	250	250	309	309	7058	7058	32398	32398	203	203	11	11	790	790	193	193	141	141	155	155	344698	344698	511299	511299	131	131	208	208	83	83	36	36	18553	18553	28320	28320	223	223	203	203	249	249	503	503
IND00118	726	726	1075	1075	863	863	155	155	4486	4486	7553	7553	78	78	82	82	8657	8657	15727	15727	162	162	65	65	15	15	53	53	2442	2442	5671	5671	627	627	1170	1170	28	28	44	44	59	59	36	36	38	38	34	34	3007	3007	1975	1975	16	16	193	193	439	439	596	596	2	2	20	20	3483	3483	6521	6521	53	53	368	368	5080	5080	1621	1621	7	7	5	5	15	15	2	2	54	54	5	5	1124	1124	1014	1014	2950	2950	1118	1118	1209	1209	1456	1456	5163	5163	3998	3998	108	108	38	38	3837	3837	2269	2269	256	256	21	21	957	957	663	663	3281	3281	2555	2555	12	12	25	25	22	22	20	20	97	97	73	73	3704	3704	3711	3711	23	23	139	139	108	108	96	96	806572	806572	1204474	1204474	15828	15828	15039	15039	345	345	30	30	3331	3331	5182	5182	200	200	146	146	933	933	216	216	1	1	30	30	71202	71202	515844	515844	189	189	196	196	459	459	158	158	12195	12195	6754	6754	3	3	73	73	257	257	174	174
IND00119	273	273	2001	2001	533	533	363	363	6645	6645	4206	4206	36	36	10	10	2251	2251	10791	10791	42	42	158	158	12	12	55	55	1452	1452	2634	2634	1717	1717	561	561	109	109	43	43	75	75	30	30	50	50	5	5	3845	3845	4546	4546	146	146	7	7	511	511	783	783	6	6	28	28	4111	4111	6354	6354	298	298	218	218	3129	3129	436	436	9	9	2	2	8	8	4	4	43	43	46	46	201	201	936	936	2079	2079	3946	3946	577	577	1412	1412	3732	3732	537	537	231	231	11	11	1838	1838	608	608	242	242	44	44	1594	1594	1594	1594	3458	3458	2903	2903	2	2	22	22	2	2	23	23	88	88	59	59	2114	2114	2135	2135	122	122	198	198	782	782	937	937	3662493	3662493	220371	220371	11438	11438	4562	4562	382	382	429	429	702	702	19731	19731	15	15	95	95	914	914	357	357	95	95	19	19	346753	346753	315010	315010	251	251	203	203	91	91	90	90	19467	19467	24881	24881	94	94	255	255	384	384	345	345
IND00120	418	418	1599	1599	161	161	819	819	3438	3438	6999	6999	47	47	94	94	4182	4182	12400	12400	194	194	241	241	48	48	51	51	5411	5411	411	411	1954	1954	603	603	9	9	26	26	91	91	18	18	21	21	8	8	2149	2149	6390	6390	73	73	90	90	826	826	572	572	32	32	5	5	5687	5687	2999	2999	431	431	508	508	5524	5524	7172	7172	16	16	5	5	7	7	11	11	51	51	39	39	1785	1785	2010	2010	2132	2132	3488	3488	1840	1840	1974	1974	3524	3524	2744	2744	35	35	220	220	1262	1262	3392	3392	14	14	254	254	1738	1738	1930	1930	968	968	2479	2479	13	13	2	2	97	97	68	68	96	96	28	28	2479	2479	1304	1304	241	241	103	103	101	101	200	200	2560680	2560680	3998321	3998321	3456	3456	11851	11851	485	485	178	178	18934	18934	24358	24358	68	68	9	9	45	45	299	299	159	159	199	199	86959	86959	102151	102151	59	59	149	149	237	237	119	119	3958	3958	24112	24112	168	168	70	70	201	201	511	511
IND00121	571	571	1057	1057	606	606	1022	1022	4671	4671	580	580	83	83	105	105	10595	10595	11869	11869	37	37	235	235	54	54	13	13	5162	5162	7396	7396	398	398	365	365	69	69	12	12	100	100	101	101	21	21	4	4	6139	6139	5389	5389	234	234	32	32	695	695	516	516	7	7	22	22	3134	3134	2609	2609	175	175	449	449	4358	4358	675	675	11	11	8	8	7	7	8	8	73	73	5	5	255	255	188	188	3554	3554	3326	3326	908	908	1808	1808	2668	2668	4190	4190	245	245	113	113	3415	3415	1880	1880	30	30	162	162	1689	1689	1351	1351	3038	3038	3943	3943	1	1	12	12	121	121	75	75	90	90	39	39	3879	3879	2063	2063	140	140	215	215	390	390	750	750	722087	722087	2400135	2400135	10392	10392	10119	10119	390	390	450	450	6280	6280	28940	28940	192	192	196	196	370	370	681	681	166	166	24	24	224013	224013	74187	74187	65	65	103	103	441	441	243	243	12124	12124	23324	23324	248	248	114	114	334	334	134	134
IND00122	261	261	290	290	753	753	79	79	3670	3670	629	629	40	40	115	115	11495	11495	2917	2917	174	174	187	187	37	37	3	3	7378	7378	4371	4371	1134	1134	600	600	88	88	39	39	53	53	56	56	11	11	11	11	2754	2754	4400	4400	35	35	49	49	84	84	240	240	10	10	23	23	3756	3756	444	444	150	150	157	157	2745	2745	6495	6495	2	2	12	12	1	1	9	9	18	18	69	69	1226	1226	217	217	1659	1659	2787	2787	1454	1454	332	332	1349	1349	3747	3747	230	230	192	192	2965	2965	835	835	119	119	150	150	1344	1344	297	297	2821	2821	334	334	25	25	28	28	17	17	43	43	14	14	53	53	3423	3423	1553	1553	200	200	82	82	346	346	591	591	1289674	1289674	2460449	2460449	13818	13818	1140	1140	178	178	111	111	7555	7555	29840	29840	231	231	175	175	761	761	406	406	128	128	106	106	8867	8867	145585	145585	107	107	152	152	92	92	254	254	152	152	9123	9123	254	254	35	35	16	16	237	237
IND00123	620	620	1824	1824	89	89	176	176	5224	5224	4400	4400	118	118	127	127	10765	10765	9783	9783	58	58	176	176	8	8	59	59	4414	4414	4307	4307	1648	1648	906	906	81	81	33	33	11	11	7	7	54	54	61	61	7708	7708	1193	1193	54	54	54	54	152	152	816	816	31	31	3	3	6358	6358	5378	5378	400	400	194	194	8040	8040	2636	2636	15	15	2	2	13	13	6	6	100	100	127	127	1252	1252	871	871	530	530	3351	3351	1051	1051	20	20	6373	6373	2324	2324	211	211	72	72	3099	3099	3366	3366	255	255	125	125	955	955	1641	1641	4084	4084	545	545	7	7	13	13	97	97	17	17	51	51	87	87	2026	2026	3019	3019	224	224	5	5	970	970	1012	1012	949515	949515	1699244	1699244	8199	8199	10823	10823	195	195	171	171	17135	17135	4541	4541	122	122	32	32	686	686	999	999	186	186	167	167	336694	336694	112982	112982	115	115	13	13	468	468	351	351	8812	8812	31639	31639	212	212	56	56	112	112	155	155
IND00124	698	698	1162	1162	847	847	361	361	3435	3435	4792	4792	78	78	16	16	8456	8456	11720	11720	120	120	227	227	47	47	35	35	2715	2715	6669	6669	733	733	545	545	30	30	124	124	128	128	118	118	16	16	64	64	2551	2551	6305	6305	138	138	86	86	627	627	1023	1023	1	1	1	1	2597	2597	6028	6028	416	416	228	228	5373	5373	4906	4906	6	6	11	11	11	11	16	16	41	41	80	80	1038	1038	559	559	3225	3225	3386	3386	598	598	1629	1629	2927	2927	6102	6102	148	148	40	40	3171	3171	3974	3974	216	216	238	238	175	175	570	570	6	6	589	589	9	9	12	12	44	44	56	56	53	53	97	97	2050	2050	559	559	200	200	66	66	417	417	613	613	3785145	3785145	2277395	2277395	15053	15053	1929	1929	93	93	281	281	21958	21958	25867	25867	137	137	160	160	13	13	296	296	209	209	28	28	206849	206849	12266	12266	17	17	87	87	434	434	46	46	22909	22909	4653	4653	146	146	244	244	310	310	418	418
IND00125	739	739	272	272	935	935	110	110	3540	3540	3472	3472	19	19	83	83	9209	9209	563	563	40	40	119	119	58	58	60	60	1972	1972	4266	4266	375	375	1609	1609	24	24	77	77	54	54	111	111	19	19	62	62	574	574	1818	1818	151	151	106	106	914	914	387	387	31	31	8	8	5919	5919	6065	6065	126	126	56	56	1248	1248	1405	1405	7	7	8	8	13	13	8	8	111	111	54	54	1927	1927	1107	1107	3457	3457	951	951	74	74	1265	1265	5046	5046	4906	4906	69	69	131	131	891	891	3455	3455	168	168	22	22	183	183	547	547	697	697	869	869	15	15	3	3	24	24	127	127	117	117	7	7	716	716	1892	1892	170	170	132	132	732	732	289	289	3907414	3907414	2225033	2225033	5314	5314	14454	14454	485	485	284	284	32191	32191	7444	7444	187	187	117	117	146	146	745	745	71	71	46	46	78503	78503	346307	346307	67	67	108	108	61	61	102	102	32344	32344	27133	27133	118	118	221	221	420	420	228	228
IND00126	969	969	194	194	451	451	593	593	6326	6326	4470	4470	29	29	60	60	6294	6294	10892	10892	1	1	214	214	7	7	5	5	3465	3465	8078	8078	194	194	352	352	53	53	19	19	91	91	21	21	26	26	2	2	1991	1991	4042	4042	166	166	256	256	291	291	45	45	27	27	2	2	483	483	7041	7041	142	142	130	130	3102	3102	7276	7276	1	1	6	6	4	4	16	16	119	119	67	67	1645	1645	565	565	2351	2351	2251	2251	2048	2048	554	554	5526	5526	3344	3344	243	243	256	256	1703	1703	2216	2216	183	183	217	217	1417	1417	188	188	3996	3996	3032	3032	19	19	17	17	41	41	127	127	81	81	97	97	2462	2462	3450	3450	111	111	220	220	190	190	646	646	582319	582319	312062	312062	4505	4505	3742	3742	457	457	331	331	30176	30176	14212	14212	172	172	149	149	57	57	941	941	220	220	148	148	457894	457894	304874	304874	121	121	149	149	53	53	1	1	28256	28256	20870	20870	95	95	146	146	398	398	318	318
IND00127	1433	1433	946	946	385	385	949	949	8109	8109	1926	1926	60	60	56	56	14699	14699	13753	13753	69	69	122	122	18	18	42	42	5374	5374	5822	5822	115	115	1433	1433	115	115	70	70	112	112	57	57	58	58	2	2	7852	7852	1202	1202	78	78	252	252	850	850	139	139	10	10	16	16	5181	5181	5113	5113	65	65	7	7	7645	7645	4984	4984	8	8	4	4	15	15	7	7	30	30	114	114	994	994	587	587	2741	2741	1575	1575	111	111	1107	1107	613	613	3953	3953	225	225	252	252	2501	2501	2494	2494	35	35	6	6	637	637	1585	1585	1550	1550	3740	3740	23	23	7	7	95	95	49	49	82	82	39	39	2936	2936	3348	3348	80	80	19	19	661	661	58	58	1448203	1448203	3302289	3302289	8700	8700	13025	13025	28	28	104	104	15834	15834	27556	27556	56	56	93	93	771	771	836	836	243	243	103	103	242677	242677	473636	473636	50	50	104	104	25	25	126	126	32693	32693	12093	12093	232	232	104	104	358	358	323	323
IND00128	762	762	1601	1601	11	11	890	890	2135	2135	6355	6355	104	104	7	7	8097	8097	11195	11195	249	249	186	186	8	8	18	18	7354	7354	6076	6076	221	221	1084	1084	46	46	94	94	96	96	48	48	52	52	41	41	7734	7734	1323	1323	136	136	52	52	769	769	760	760	7	7	15	15	1106	1106	701	701	276	276	448	448	4089	4089	1355	1355	4	4	5	5	10	10	1	1	24	24	81	81	213	213	476	476	828	828	1012	1012	1675	1675	600	600	7566	7566	6736	6736	8	8	139	139	637	637	2126	2126	112	112	128	128	1179	1179	1635	1635	1224	1224	2594	2594	13	13	8	8	8	8	99	99	34	34	6	6	1830	1830	1439	1439	166	166	95	95	200	200	305	305	1913517	1913517	3225019	3225019	8773	8773	3434	3434	317	317	298	298	10823	10823	21692	21692	34	34	5	5	296	296	615	615	205	205	229	229	36603	36603	380467	380467	100	100	168	168	261	261	424	424	9550	9550	12624	12624	33	33	15	15	186	186	484	484
IND00129	1833	1833	1673	1673	187	187	202	202	1946	1946	3312	3312	14	14	30	30	5890	5890	14460	14460	240	240	180	180	1	1	40	40	7391	7391	8032	8032	504	504	1301	1301	56	56	122	122	48	48	109	109	55	55	53	53	1538	1538	6141	6141	4	4	2	2	764	764	486	486	7	7	32	32	7934	7934	3939	3939	481	481	457	457	6375	6375	5573	5573	2	2	5	5	12	12	2	2	16	16	115	115	491	491	515	515	2525	2525	1530	1530	195	195	1427	1427	1727	1727	983	983	90	90	72	72	331	331	802	802	253	253	92	92	700	700	187	187	982	982	3979	3979	29	29	16	16	120	120	49	49	12	12	49	49	1216	1216	3885	3885	183	183	35	35	1023	1023	592	592	2965193	2965193	316019	316019	7883	7883	5509	5509	510	510	326	326	7592	7592	7744	7744	200	200	191	191	644	644	916	916	176	176	199	199	91458	91458	185118	185118	149	149	235	235	424	424	45	45	22362	22362	20138	20138	2	2	124	124	274	274	121	121
IND00130	796	796	609	609	422	422	965	965	6482	6482	4657	4657	49	49	97	97	12737	12737	3426	3426	39	39	23	23	22	22	53	53	2078	2078	4502	4502	1851	1851	1602	1602	74	74	88	88	122	122	30	30	51	51	46	46	8012	8012	2835	2835	64	64	234	234	473	473	264	264	29	29	2	2	1387	1387	1573	1573	131	131	289	289	527	527	5048	5048	14	14	11	11	2	2	10	10	112	112	91	91	232	232	694	694	3361	3361	3755	3755	1442	1442	1868	1868	4015	4015	4803	4803	171	171	132	132	3580	3580	2148	2148	241	241	161	161	1331	1331	1713	1713	318	318	2642	2642	1	1	28	28	93	93	5	5	103	103	34	34	4052	4052	4093	4093	104	104	230	230	410	410	177	177	2398831	2398831	3111289	3111289	2898	2898	13455	13455	202	202	377	377	30244	30244	18442	18442	209	209	72	72	790	790	454	454	200	200	96	96	145805	145805	329966	329966	152	152	9	9	13	13	57	57	2939	2939	7741	7741	51	51	135	135	244	244	471	471
IND00131	1171	1171	692	692	104	104	767	767	4004	4004	3028	3028	85	85	10	10	4865	4865	10806	10806	100	100	125	125	36	36	20	20	5599	5599	6122	6122	1266	1266	2042	2042	105	105	28	28	123	123	59	59	37	37	42	42	1810	1810	4965	4965	154	154	7	7	849	849	521	521	1	1	7	7	2954	2954	4783	4783	225	225	429	429	1125	1125	6479	6479	16	16	6	6	5	5	11	11	3	3	97	97	1042	1042	300	300	2114	2114	3370	3370	37	37	866	866	1534	1534	488	488	34	34	96	96	2552	2552	3797	3797	50	50	44	44	929	929	1652	1652	2310	2310	517	517	27	27	3	3	22	22	77	77	17	17	125	125	481	481	935	935	105	105	46	46	365	365	848	848	889946	889946	4146994	4146994	5998	5998	8536	8536	271	271	143	143	3927	3927	21355	21355	9	9	231	231	808	808	834	834	13	13	155	155	17743	17743	77692	77692	25	25	251	251	107	107	404	404	17225	17225	31927	31927	251	251	7	7	158	158	184	184
IND00132	497	497	496	496	567	567	466	466	1331	1331	176	176	116	116	12	12	6110	6110	3842	3842	186	186	106	106	59	59	38	38	1726	1726	3357	3357	1866	1866	1967	1967	27	27	123	123	119	119	4	4	8	8	19	19	6909	6909	2214	2214	139	139	158	158	407	407	789	789	1	1	24	24	6610	6610	3345	3345	316	316	172	172	8073	8073	4922	4922	10	10	13	13	12	12	5	5	9	9	117	117	973	973	1100	1100	2088	2088	604	604	113	113	1666	1666	2038	2038	7587	7587	24	24	3	3	1766	1766	117	117	20	20	149	149	1189	1189	1439	1439	3157	3157	2634	2634	3	3	7	7	79	79	27	27	87	87	74	74	1552	1552	2871	2871	119	119	22	22	406	406	454	454	213169	213169	3975568	3975568	17	17	302	302	105	105	51	51	29519	29519	32400	32400	102	102	176	176	141	141	1014	1014	122	122	123	123	217525	217525	314878	314878	241	241	4	4	49	49	98	98	32636	32636	21129	21129	12	12	178	178	127	127	365	365
IND00133	1276	1276	1415	1415	225	225	907	907	973	973	1772	1772	14	14	28	28	11045	11045	6602	6602	9	9	98	98	62	62	63	63	5737	5737	5982	5982	1204	1204	961	961	35	35	65	65	78	78	9	9	13	13	32	32	6040	6040	4924	4924	19	19	103	103	532	532	702	702	7	7	32	32	6417	6417	2662	2662	149	149	353	353	143	143	3118	3118	15	15	11	11	10	10	4	4	95	95	95	95	1415	1415	1320	1320	1058	1058	1211	1211	341	341	1429	1429	5833	5833	6267	6267	2	2	119	119	317	317	1962	1962	196	196	148	148	138	138	1367	1367	1736	1736	3974	3974	25	25	14	14	122	122	39	39	4	4	68	68	1287	1287	3598	3598	136	136	156	156	299	299	250	250	865515	865515	2061497	2061497	3834	3834	227	227	40	40	6	6	8740	8740	31172	31172	155	155	182	182	898	898	272	272	12	12	166	166	369171	369171	343373	343373	117	117	175	175	33	33	487	487	4608	4608	2880	2880	127	127	143	143	133	133	235	235
IND00134	1392	1392	36	36	713	713	100	100	4849	4849	4255	4255	107	107	107	107	550	550	6550	6550	22	22	171	171	63	63	35	35	7659	7659	6559	6559	409	409	340	340	67	67	1	1	76	76	125	125	4	4	36	36	1043	1043	1490	1490	193	193	176	176	180	180	478	478	7	7	29	29	5820	5820	3524	3524	143	143	253	253	6006	6006	7780	7780	11	11	9	9	15	15	9	9	96	96	59	59	1231	1231	719	719	1016	1016	256	256	2035	2035	1298	1298	4823	4823	6024	6024	172	172	98	98	1100	1100	882	882	229	229	63	63	350	350	99	99	3697	3697	360	360	19	19	30	30	122	122	84	84	83	83	8	8	1292	1292	1309	1309	251	251	120	120	191	191	172	172	3378428	3378428	402408	402408	2529	2529	4507	4507	469	469	309	309	10280	10280	3246	3246	244	244	235	235	316	316	644	644	66	66	218	218	280611	280611	360834	360834	4	4	39	39	141	141	216	216	28444	28444	13150	13150	193	193	7	7	45	45	115	115
IND00135	792	792	1344	1344	320	320	490	490	6419	6419	8138	8138	43	43	28	28	3809	3809	3889	3889	204	204	18	18	38	38	48	48	4394	4394	2639	2639	1419	1419	737	737	68	68	23	23	67	67	64	64	60	60	39	39	6803	6803	2927	2927	175	175	68	68	828	828	565	565	17	17	3	3	6255	6255	7922	7922	136	136	72	72	2714	2714	1409	1409	1	1	9	9	8	8	9	9	122	122	97	97	396	396	1782	1782	2578	2578	710	710	648	648	625	625	6746	6746	91	91	36	36	40	40	561	561	2428	2428	136	136	253	253	1458	1458	1901	1901	3550	3550	851	851	6	6	6	6	109	109	19	19	23	23	87	87	2987	2987	4088	4088	170	170	105	105	444	444	879	879	3246712	3246712	3789783	3789783	8515	8515	6287	6287	27	27	417	417	11728	11728	2078	2078	141	141	158	158	422	422	51	51	206	206	222	222	435911	435911	456269	456269	10	10	234	234	475	475	208	208	29009	29009	32028	32028	14	14	230	230	485	485	228	228
IND00136	93	93	420	420	810	810	350	350	7371	7371	375	375	56	56	67	67	10182	10182	11626	11626	201	201	22	22	56	56	59	59	4435	4435	3229	3229	703	703	1547	1547	2	2	84	84	3	3	56	56	32	32	14	14	2829	2829	1504	1504	231	231	59	59	376	376	1013	1013	31	31	12	12	6539	6539	1955	1955	268	268	226	226	6699	6699	4866	4866	14	14	11	11	12	12	9	9	13	13	4	4	1719	1719	194	194	2416	2416	2292	2292	858	858	606	606	1912	1912	3996	3996	4	4	233	233	2175	2175	3670	3670	100	100	188	188	931	931	1293	1293	1197	1197	1370	1370	11	11	25	25	41	41	58	58	11	11	54	54	320	320	1998	1998	198	198	43	43	958	958	833	833	499551	499551	2473424	2473424	7874	7874	2189	2189	149	149	142	142	6858	6858	19587	19587	188	188	118	118	955	955	551	551	10	10	178	178	36006	36006	456976	456976	7	7	160	160	102	102	502	502	24039	24039	32477	32477	156	156	158	158	26	26	2	2
IND00137	619	619	1318	1318	706	706	927	927	5719	5719	1314	1314	87	87	28	28	9686	9686	4075	4075	117	117	208	208	36	36	60	60	6978	6978	6095	6095	481	481	707	707	115	115	105	105	101	101	30	30	27	27	11	11	3381	3381	3428	3428	135	135	227	227	177	177	422	422	5	5	21	21	2004	2004	5343	5343	185	185	214	214	6646	6646	147	147	10	10	7	7	15	15	9	9	45	45	17	17	145	145	805	805	3695	3695	3348	3348	1954	1954	2047	2047	7370	7370	1523	1523	122	122	95	95	1249	1249	788	788	171	171	201	201	2022	2022	1796	1796	2781	2781	816	816	22	22	8	8	29	29	52	52	46	46	125	125	2841	2841	2122	2122	156	156	64	64	392	392	885	885	2815500	2815500	908794	908794	9583	9583	9920	9920	58	58	43	43	17651	17651	13594	13594	132	132	235	235	681	681	481	481	45	45	60	60	86665	86665	187732	187732	229	229	178	178	390	390	362	362	23205	23205	20915	20915	84	84	88	88	282	282	279	279
IND00138	805	805	1016	1016	225	225	726	726	267	267	3338	3338	90	90	107	107	7	7	4980	4980	149	149	33	33	8	8	9	9	4371	4371	8027	8027	1527	1527	1267	1267	4	4	24	24	77	77	8	8	55	55	33	33	2824	2824	2336	2336	41	41	235	235	802	802	335	335	17	17	17	17	4650	4650	3393	3393	504	504	120	120	3124	3124	4247	4247	6	6	14	14	7	7	8	8	7	7	84	84	366	366	1498	1498	3620	3620	3957	3957	1279	1279	594	594	7329	7329	2645	2645	61	61	127	127	2772	2772	105	105	107	107	232	232	1656	1656	1486	1486	110	110	3032	3032	9	9	26	26	121	121	115	115	39	39	3	3	2787	2787	2645	2645	112	112	150	150	123	123	902	902	81964	81964	1518128	1518128	14117	14117	3019	3019	122	122	193	193	25932	25932	18754	18754	18	18	145	145	542	542	605	605	111	111	103	103	224860	224860	89066	89066	191	191	142	142	336	336	175	175	10119	10119	603	603	96	96	11	11	385	385	216	216
IND00139	1983	1983	1113	1113	524	524	673	673	7342	7342	6761	6761	89	89	72	72	3163	3163	14699	14699	53	53	185	185	54	54	59	59	6687	6687	2368	2368	712	712	1798	1798	108	108	71	71	27	27	51	51	13	13	26	26	1055	1055	607	607	231	231	1	1	537	537	816	816	21	21	11	11	5186	5186	2707	2707	254	254	53	53	7939	7939	4957	4957	14	14	8	8	7	7	4	4	106	106	37	37	1847	1847	238	238	3251	3251	3616	3616	1115	1115	442	442	6295	6295	875	875	61	61	1	1	2220	2220	167	167	72	72	205	205	830	830	266	266	2288	2288	1431	1431	19	19	2	2	16	16	90	90	85	85	5	5	3911	3911	2842	2842	187	187	203	203	831	831	217	217	1903209	1903209	4154732	4154732	8422	8422	5210	5210	17	17	91	91	17049	17049	31094	31094	148	148	187	187	289	289	676	676	93	93	166	166	515263	515263	396145	396145	163	163	23	23	136	136	492	492	29036	29036	11248	11248	53	53	179	179	350	350	275	275
IND00140	150	150	876	876	880	880	115	115	1830	1830	399	399	77	77	12	12	8958	8958	10455	10455	42	42	107	107	62	62	64	64	3972	3972	2096	2096	1997	1997	1540	1540	67	67	65	65	58	58	81	81	5	5	22	22	1091	1091	58	58	256	256	41	41	663	663	358	358	14	14	8	8	1690	1690	5177	5177	434	434	388	388	964	964	2105	2105	7	7	4	4	8	8	4	4	7	7	31	31	529	529	475	475	2569	2569	3810	3810	768	768	1172	1172	7675	7675	6044	6044	56	56	196	196	2695	2695	584	584	231	231	104	104	1035	1035	520	520	545	545	2420	2420	9	9	15	15	18	18	69	69	105	105	118	118	789	789	1360	1360	120	120	224	224	911	911	53	53	1936668	1936668	3877581	3877581	7499	7499	4305	4305	329	329	98	98	19483	19483	4868	4868	205	205	130	130	885	885	562	562	203	203	44	44	323480	323480	175849	175849	68	68	32	32	215	215	267	267	22437	22437	19610	19610	4	4	27	27	126	126	9	9
IND00141	1552	1552	1784	1784	719	719	231	231	7268	7268	3461	3461	35	35	40	40	10132	10132	6580	6580	2	2	24	24	12	12	51	51	2396	2396	7406	7406	873	873	1433	1433	51	51	8	8	20	20	115	115	14	14	55	55	7877	7877	5260	5260	182	182	159	159	452	452	597	597	25	25	21	21	5819	5819	348	348	165	165	317	317	6347	6347	4469	4469	6	6	3	3	1	1	14	14	85	85	33	33	920	920	1998	1998	2665	2665	3048	3048	85	85	1862	1862	3872	3872	6684	6684	109	109	205	205	3956	3956	2720	2720	167	167	71	71	1194	1194	1922	1922	3950	3950	3098	3098	31	31	2	2	52	52	122	122	5	5	90	90	2440	2440	306	306	19	19	202	202	415	415	296	296	915636	915636	319047	319047	1908	1908	12829	12829	457	457	336	336	7820	7820	19182	19182	31	31	105	105	128	128	557	557	223	223	197	197	48097	48097	31728	31728	205	205	174	174	41	41	30	30	25499	25499	11719	11719	108	108	227	227	427	427	215	215
IND00142	864	864	1375	1375	595	595	747	747	3643	3643	2827	2827	68	68	7	7	7751	7751	3952	3952	169	169	130	130	39	39	10	10	7380	7380	8152	8152	1879	1879	886	886	19	19	96	96	47	47	107	107	5	5	28	28	7621	7621	5073	5073	97	97	60	60	71	71	156	156	23	23	4	4	7509	7509	3528	3528	201	201	320	320	4226	4226	6001	6001	9	9	3	3	3	3	9	9	65	65	23	23	890	890	1573	1573	3422	3422	1561	1561	2010	2010	927	927	5654	5654	3879	3879	2	2	242	242	1296	1296	3370	3370	220	220	184	184	339	339	1216	1216	3718	3718	2682	2682	8	8	11	11	6	6	53	53	67	67	26	26	3216	3216	3326	3326	103	103	172	172	579	579	875	875	651379	651379	2494214	2494214	11279	11279	14248	14248	310	310	217	217	15603	15603	8317	8317	90	90	205	205	659	659	904	904	175	175	234	234	6218	6218	199823	199823	63	63	73	73	394	394	19	19	27408	27408	6671	6671	62	62	82	82	372	372	296	296
IND00143	461	461	2009	2009	481	481	485	485	3693	3693	5369	5369	125	125	57	57	9710	9710	11607	11607	249	249	58	58	41	41	53	53	5303	5303	5974	5974	1579	1579	508	508	99	99	60	60	15	15	51	51	11	11	17	17	5564	5564	5872	5872	11	11	175	175	188	188	247	247	27	27	25	25	1435	1435	7177	7177	207	207	47	47	1836	1836	1879	1879	15	15	6	6	14	14	16	16	85	85	112	112	1520	1520	57	57	1490	1490	3506	3506	2015	2015	789	789	3405	3405	2647	2647	196	196	214	214	502	502	2605	2605	70	70	134	134	1507	1507	316	316	1036	1036	1878	1878	24	24	12	12	93	93	65	65	71	71	55	55	1995	1995	1759	1759	222	222	129	129	910	910	860	860	3120097	3120097	3665410	3665410	2382	2382	13463	13463	407	407	362	362	15133	15133	22652	22652	43	43	126	126	158	158	439	439	228	228	216	216	110897	110897	356926	356926	104	104	208	208	8	8	88	88	4552	4552	28214	28214	154	154	114	114	320	320	191	191
IND00144	1639	1639	1985	1985	492	492	940	940	1052	1052	3059	3059	53	53	71	71	12531	12531	5305	5305	187	187	206	206	3	3	48	48	1759	1759	367	367	1247	1247	896	896	48	48	36	36	80	80	103	103	16	16	14	14	5422	5422	5302	5302	139	139	108	108	207	207	490	490	32	32	10	10	5891	5891	6432	6432	136	136	343	343	6600	6600	3587	3587	5	5	12	12	14	14	13	13	47	47	35	35	23	23	1182	1182	2314	2314	519	519	137	137	1177	1177	2836	2836	2836	2836	90	90	106	106	270	270	840	840	199	199	69	69	1960	1960	1893	1893	4094	4094	4065	4065	28	28	27	27	122	122	79	79	91	91	30	30	567	567	468	468	184	184	67	67	603	603	594	594	585388	585388	1228201	1228201	10090	10090	4485	4485	116	116	130	130	17577	17577	5114	5114	160	160	54	54	799	799	10	10	165	165	114	114	492992	492992	231246	231246	81	81	203	203	111	111	405	405	21424	21424	395	395	98	98	22	22	90	90	90	90
IND00145	646	646	838	838	150	150	58	58	6449	6449	7621	7621	62	62	114	114	10915	10915	4039	4039	107	107	17	17	37	37	27	27	3990	3990	2407	2407	1741	1741	135	135	82	82	128	128	7	7	101	101	4	4	57	57	2742	2742	7499	7499	147	147	252	252	177	177	175	175	27	27	32	32	5549	5549	7246	7246	210	210	181	181	3381	3381	6924	6924	14	14	10	10	9	9	14	14	114	114	66	66	1531	1531	1527	1527	3606	3606	2715	2715	452	452	1936	1936	2503	2503	4046	4046	253	253	164	164	503	503	2123	2123	184	184	77	77	634	634	309	309	2689	2689	1216	1216	25	25	6	6	98	98	84	84	48	48	64	64	3524	3524	474	474	248	248	27	27	361	361	231	231	2277783	2277783	2078784	2078784	12693	12693	11671	11671	463	463	283	283	27260	27260	12921	12921	200	200	63	63	854	854	331	331	197	197	96	96	255646	255646	34862	34862	184	184	91	91	83	83	446	446	18747	18747	26564	26564	69	69	146	146	402	402	509	509
IND00146	667	667	181	181	44	44	995	995	4986	4986	2921	2921	2	2	39	39	6954	6954	15767	15767	207	207	162	162	52	52	13	13	3827	3827	6859	6859	1129	1129	1734	1734	124	124	102	102	23	23	107	107	27	27	9	9	3092	3092	3607	3607	146	146	147	147	662	662	557	557	3	3	1	1	2412	2412	6092	6092	157	157	199	199	2863	2863	6742	6742	16	16	11	11	14	14	12	12	38	38	3	3	2009	2009	331	331	2993	2993	3141	3141	637	637	1129	1129	1980	1980	2078	2078	186	186	87	87	3636	3636	3563	3563	76	76	72	72	1510	1510	2012	2012	272	272	801	801	1	1	7	7	23	23	99	99	46	46	59	59	1906	1906	1074	1074	184	184	101	101	817	817	531	531	4059569	4059569	2354967	2354967	14740	14740	9889	9889	316	316	390	390	19841	19841	2365	2365	19	19	255	255	640	640	805	805	74	74	240	240	227652	227652	361958	361958	83	83	96	96	117	117	140	140	28890	28890	21486	21486	121	121	241	241	458	458	427	427
IND00147	163	163	1637	1637	502	502	652	652	7049	7049	7449	7449	29	29	44	44	12929	12929	2713	2713	234	234	105	105	7	7	57	57	6394	6394	5092	5092	1838	1838	147	147	113	113	124	124	42	42	122	122	10	10	47	47	1124	1124	1245	1245	230	230	154	154	215	215	831	831	15	15	27	27	4379	4379	6176	6176	155	155	509	509	6270	6270	1438	1438	10	10	13	13	13	13	12	12	113	113	29	29	1276	1276	15	15	3848	3848	2277	2277	1072	1072	1208	1208	59	59	2825	2825	17	17	195	195	1629	1629	197	197	133	133	117	117	724	724	425	425	2430	2430	3086	3086	8	8	13	13	128	128	105	105	39	39	82	82	980	980	9	9	52	52	247	247	967	967	142	142	3500927	3500927	111441	111441	7705	7705	8743	8743	488	488	6	6	11152	11152	31846	31846	165	165	162	162	513	513	842	842	26	26	251	251	23847	23847	93129	93129	156	156	74	74	366	366	460	460	12725	12725	25744	25744	103	103	75	75	95	95	133	133
IND00148	156	156	1734	1734	324	324	661	661	153	153	5467	5467	118	118	66	66	8846	8846	13998	13998	195	195	120	120	3	3	57	57	5066	5066	6556	6556	1459	1459	904	904	114	114	95	95	98	98	9	9	63	63	41	41	7342	7342	6065	6065	76	76	190	190	261	261	419	419	25	25	18	18	6699	6699	6358	6358	59	59	160	160	3939	3939	1726	1726	15	15	13	13	7	7	7	7	128	128	27	27	1077	1077	1285	1285	3817	3817	1611	1611	950	950	1395	1395	8060	8060	4139	4139	106	106	178	178	697	697	2536	2536	108	108	10	10	1804	1804	1912	1912	3127	3127	2819	2819	11	11	32	32	40	40	17	17	127	127	8	8	2791	2791	2606	2606	145	145	60	60	37	37	256	256	2734281	2734281	1698918	1698918	10874	10874	11899	11899	222	222	123	123	3902	3902	5218	5218	101	101	145	145	579	579	354	354	24	24	200	200	39460	39460	105586	105586	220	220	67	67	235	235	88	88	7087	7087	11992	11992	138	138	119	119	378	378	109	109
IND00149	1576	1576	421	421	530	530	45	45	3106	3106	301	301	60	60	35	35	13503	13503	3092	3092	27	27	154	154	58	58	1	1	3961	3961	3073	3073	527	527	933	933	16	16	72	72	36	36	64	64	43	43	3	3	4063	4063	6877	6877	108	108	121	121	465	465	669	669	15	15	4	4	8047	8047	2136	2136	255	255	474	474	4215	4215	6482	6482	5	5	6	6	16	16	16	16	57	57	23	23	1642	1642	1200	1200	2456	2456	618	618	955	955	1355	1355	89	89	786	786	217	217	54	54	126	126	2918	2918	55	55	3	3	1723	1723	310	310	550	550	3038	3038	15	15	2	2	77	77	73	73	76	76	123	123	2849	2849	1427	1427	38	38	145	145	1006	1006	977	977	2203554	2203554	540933	540933	1481	1481	14980	14980	87	87	505	505	12428	12428	6925	6925	64	64	23	23	377	377	993	993	96	96	127	127	510837	510837	261875	261875	192	192	123	123	396	396	272	272	6756	6756	20847	20847	94	94	188	188	131	131	406	406
IND00150	357	357	209	209	316	316	974	974	3823	3823	6857	6857	32	32	23	23	13513	13513	12536	12536	18	18	122	122	27	27	37	37	6659	6659	2186	2186	898	898	1553	1553	64	64	118	118	7	7	99	99	61	61	29	29	1269	1269	1711	1711	91	91	57	57	247	247	29	29	24	24	4	4	6366	6366	6200	6200	482	482	281	281	7155	7155	5519	5519	1	1	9	9	4	4	3	3	93	93	75	75	216	216	723	723	2814	2814	3925	3925	788	788	1421	1421	2564	2564	3356	3356	156	156	99	99	250	250	302	302	18	18	183	183	55	55	63	63	1885	1885	1524	1524	11	11	4	4	59	59	7	7	123	123	37	37	2085	2085	4096	4096	139	139	216	216	534	534	822	822	675854	675854	1323146	1323146	2557	2557	12415	12415	68	68	252	252	5204	5204	28980	28980	168	168	46	46	807	807	513	513	41	41	18	18	115514	115514	441536	441536	16	16	113	113	441	441	108	108	3338	3338	21273	21273	190	190	199	199	9	9	343	343
IND00151	651	651	1499	1499	650	650	423	423	2037	2037	7061	7061	30	30	43	43	1567	1567	2433	2433	10	10	19	19	61	61	47	47	6188	6188	6864	6864	793	793	1454	1454	22	22	4	4	54	54	94	94	60	60	27	27	3936	3936	3670	3670	38	38	39	39	488	488	566	566	26	26	27	27	5636	5636	7202	7202	358	358	417	417	7645	7645	2975	2975	9	9	9	9	6	6	12	12	72	72	87	87	904	904	222	222	3648	3648	1496	1496	184	184	374	374	3182	3182	7096	7096	212	212	40	40	2043	2043	4081	4081	121	121	34	34	1942	1942	426	426	4052	4052	692	692	28	28	17	17	2	2	48	48	95	95	110	110	1285	1285	2841	2841	42	42	196	196	129	129	799	799	2663921	2663921	2197218	2197218	1826	1826	4217	4217	45	45	104	104	32510	32510	32316	32316	186	186	133	133	217	217	813	813	156	156	56	56	19319	19319	369156	369156	209	209	142	142	98	98	168	168	3784	3784	23902	23902	215	215	221	221	106	106	54	54
IND00152	1370	1370	1493	1493	276	276	51	51	6192	6192	7166	7166	10	10	125	125	16343	16343	5363	5363	211	211	166	166	41	41	6	6	5843	5843	6261	6261	1059	1059	1675	1675	64	64	74	74	64	64	30	30	35	35	52	52	7696	7696	1589	1589	103	103	148	148	329	329	875	875	7	7	18	18	1666	1666	93	93	240	240	60	60	6071	6071	3042	3042	2	2	16	16	10	10	7	7	13	13	65	65	934	934	1403	1403	217	217	3298	3298	526	526	513	513	1150	1150	7883	7883	135	135	234	234	2212	2212	570	570	47	47	117	117	913	913	473	473	2749	2749	3667	3667	4	4	24	24	114	114	73	73	117	117	20	20	2343	2343	455	455	34	34	81	81	156	156	500	500	69996	69996	4186715	4186715	12076	12076	13359	13359	152	152	324	324	11373	11373	12610	12610	93	93	68	68	970	970	454	454	145	145	36	36	209428	209428	333852	333852	182	182	65	65	419	419	83	83	26373	26373	16918	16918	223	223	229	229	290	290	317	317
IND00153	1298	1298	1749	1749	857	857	754	754	3862	3862	7194	7194	68	68	127	127	15623	15623	8341	8341	63	63	212	212	32	32	13	13	6155	6155	3987	3987	1737	1737	588	588	28	28	20	20	83	83	88	88	6	6	13	13	5982	5982	6625	6625	53	53	56	56	107	107	605	605	8	8	11	11	7340	7340	4412	4412	339	339	502	502	1339	1339	2011	2011	5	5	16	16	4	4	2	2	79	79	55	55	250	250	522	522	1855	1855	469	469	1417	1417	1735	1735	1991	1991	7274	7274	139	139	84	84	2683	2683	1752	1752	69	69	14	14	1216	1216	1745	1745	2899	2899	2097	2097	28	28	27	27	21	21	10	10	34	34	127	127	2580	2580	365	365	26	26	140	140	93	93	124	124	2653468	2653468	977288	977288	15371	15371	15259	15259	213	213	475	475	4611	4611	19986	19986	118	118	20	20	690	690	864	864	53	53	172	172	273036	273036	463852	463852	250	250	90	90	297	297	150	150	24611	24611	31099	31099	216	216	209	209	351	351	135	135
IND00154	827	827	937	937	446	446	177	177	1701	1701	7852	7852	55	55	81	81	11001	11001	2916	2916	171	171	167	167	58	58	2	2	7429	7429	2548	2548	1171	1171	1450	1450	22	22	99	99	74	74	120	120	40	40	7	7	3822	3822	4388	4388	79	79	72	72	1016	1016	525	525	26	26	25	25	7267	7267	2691	2691	189	189	462	462	2185	2185	6819	6819	11	11	16	16	13	13	14	14	99	99	24	24	368	368	440	440	1569	1569	1866	1866	258	258	1381	1381	6847	6847	492	492	10	10	41	41	142	142	1284	1284	237	237	90	90	58	58	183	183	2430	2430	503	503	23	23	17	17	68	68	97	97	28	28	55	55	3453	3453	1984	1984	182	182	125	125	303	303	752	752	397386	397386	1907211	1907211	2853	2853	10290	10290	340	340	52	52	16378	16378	3858	3858	248	248	219	219	371	371	5	5	223	223	184	184	130860	130860	224305	224305	105	105	41	41	479	479	153	153	25280	25280	5822	5822	217	217	31	31	307	307	450	450
IND00155	1170	1170	1778	1778	350	350	821	821	6177	6177	3991	3991	85	85	57	57	2909	2909	15268	15268	109	109	256	256	52	52	28	28	4937	4937	2345	2345	615	615	729	729	105	105	71	71	122	122	79	79	63	63	40	40	283	283	2774	2774	10	10	218	218	352	352	591	591	23	23	16	16	6860	6860	291	291	304	304	77	77	122	122	7582	7582	13	13	13	13	4	4	9	9	70	70	107	107	380	380	1027	1027	1850	1850	3130	3130	646	646	819	819	6777	6777	4019	4019	50	50	185	185	3689	3689	1857	1857	96	96	246	246	1717	1717	959	959	117	117	2908	2908	9	9	31	31	84	84	17	17	7	7	71	71	1603	1603	1117	1117	11	11	200	200	674	674	117	117	35898	35898	2133319	2133319	3899	3899	10797	10797	127	127	12	12	9444	9444	7147	7147	189	189	208	208	890	890	141	141	45	45	63	63	468692	468692	454312	454312	140	140	6	6	209	209	403	403	18046	18046	3285	3285	253	253	239	239	257	257	131	131
IND00156	391	391	1152	1152	26	26	595	595	1488	1488	2182	2182	102	102	18	18	14142	14142	14096	14096	144	144	179	179	26	26	59	59	995	995	1234	1234	726	726	862	862	91	91	117	117	107	107	119	119	21	21	19	19	5373	5373	4713	4713	148	148	18	18	295	295	623	623	29	29	3	3	4893	4893	3265	3265	223	223	128	128	3914	3914	3755	3755	12	12	16	16	5	5	2	2	96	96	14	14	1814	1814	953	953	1743	1743	1754	1754	620	620	541	541	1112	1112	7072	7072	89	89	134	134	597	597	3763	3763	9	9	141	141	157	157	1339	1339	81	81	3366	3366	32	32	2	2	28	28	53	53	96	96	104	104	3401	3401	2643	2643	26	26	53	53	412	412	904	904	758822	758822	553245	553245	3498	3498	11708	11708	487	487	391	391	25651	25651	5849	5849	104	104	116	116	949	949	774	774	240	240	175	175	329026	329026	147569	147569	143	143	203	203	102	102	292	292	13342	13342	11752	11752	122	122	96	96	353	353	462	462
IND00157	866	866	1375	1375	902	902	193	193	3983	3983	6874	6874	121	121	56	56	1931	1931	15087	15087	148	148	91	91	33	33	41	41	2400	2400	7857	7857	2003	2003	1806	1806	19	19	104	104	121	121	121	121	11	11	64	64	5620	5620	7728	7728	179	179	84	84	297	297	494	494	10	10	3	3	683	683	1166	1166	484	484	226	226	3430	3430	5731	5731	5	5	16	16	15	15	11	11	7	7	55	55	1426	1426	1490	1490	3723	3723	823	823	1014	1014	2043	2043	3782	3782	5411	5411	16	16	121	121	1843	1843	497	497	254	254	84	84	612	612	483	483	9	9	3317	3317	1	1	6	6	62	62	70	70	88	88	33	33	3369	3369	3220	3220	68	68	95	95	19	19	493	493	295433	295433	1615718	1615718	8653	8653	14181	14181	494	494	325	325	23859	23859	20072	20072	129	129	217	217	646	646	738	738	231	231	102	102	372531	372531	143416	143416	115	115	30	30	150	150	190	190	20367	20367	3000	3000	64	64	247	247	309	309	298	298
IND00158	313	313	1784	1784	14	14	644	644	5966	5966	7100	7100	31	31	81	81	12358	12358	14577	14577	13	13	12	12	47	47	26	26	6631	6631	4570	4570	1503	1503	349	349	18	18	25	25	97	97	52	52	1	1	16	16	4239	4239	2326	2326	195	195	67	67	914	914	449	449	19	19	27	27	5040	5040	7011	7011	378	378	185	185	3355	3355	5722	5722	14	14	5	5	12	12	13	13	69	69	10	10	1276	1276	655	655	3233	3233	1023	1023	341	341	1994	1994	7260	7260	1414	1414	39	39	27	27	3011	3011	3819	3819	171	171	208	208	148	148	1887	1887	4051	4051	324	324	25	25	9	9	17	17	76	76	99	99	86	86	3216	3216	2654	2654	129	129	146	146	317	317	819	819	3570108	3570108	1847634	1847634	10208	10208	15544	15544	97	97	220	220	5188	5188	5292	5292	109	109	24	24	407	407	856	856	46	46	22	22	248050	248050	61502	61502	142	142	89	89	120	120	288	288	28445	28445	16811	16811	127	127	122	122	478	478	350	350
IND00159	1824	1824	1008	1008	144	144	456	456	7603	7603	5541	5541	1	1	1	1	992	992	8622	8622	18	18	96	96	61	61	18	18	2840	2840	2332	2332	1374	1374	1137	1137	60	60	13	13	86	86	5	5	38	38	30	30	4507	4507	4190	4190	73	73	202	202	155	155	725	725	15	15	11	11	7751	7751	3314	3314	393	393	219	219	7760	7760	6793	6793	11	11	10	10	7	7	15	15	98	98	2	2	428	428	554	554	585	585	760	760	1171	1171	121	121	3211	3211	311	311	213	213	87	87	2514	2514	342	342	87	87	207	207	1397	1397	1692	1692	3234	3234	3198	3198	13	13	18	18	11	11	102	102	128	128	121	121	1786	1786	4041	4041	61	61	204	204	235	235	479	479	2659496	2659496	74851	74851	15357	15357	9156	9156	100	100	3	3	11550	11550	10115	10115	8	8	167	167	123	123	846	846	190	190	59	59	38756	38756	262569	262569	163	163	60	60	474	474	7	7	15825	15825	5032	5032	97	97	91	91	263	263	221	221
IND00160	1864	1864	276	276	772	772	544	544	6855	6855	6818	6818	120	120	50	50	2790	2790	6806	6806	80	80	190	190	43	43	43	43	6484	6484	3481	3481	447	447	1691	1691	57	57	103	103	11	11	80	80	43	43	55	55	8054	8054	2063	2063	43	43	158	158	78	78	994	994	8	8	10	10	6410	6410	5242	5242	302	302	77	77	6034	6034	5532	5532	4	4	2	2	16	16	11	11	45	45	85	85	1633	1633	677	677	2867	2867	2631	2631	1660	1660	2018	2018	5845	5845	6306	6306	27	27	56	56	4050	4050	429	429	113	113	140	140	1052	1052	28	28	3940	3940	2574	2574	31	31	28	28	101	101	60	60	11	11	59	59	589	589	654	654	170	170	37	37	847	847	370	370	1043095	1043095	822967	822967	2898	2898	11364	11364	100	100	374	374	28229	28229	21452	21452	213	213	218	218	444	444	247	247	1	1	26	26	323538	323538	221768	221768	162	162	207	207	13	13	74	74	26552	26552	16992	16992	193	193	6	6	75	75	374	374
IND00161	1882	1882	1156	1156	561	561	820	820	852	852	2754	2754	64	64	124	124	12372	12372	7960	7960	51	51	128	128	57	57	37	37	6661	6661	606	606	1714	1714	1012	1012	88	88	49	49	87	87	39	39	13	13	11	11	3292	3292	6974	6974	111	111	17	17	264	264	13	13	28	28	8	8	5313	5313	4629	4629	444	444	299	299	6607	6607	7912	7912	15	15	15	15	6	6	15	15	115	115	84	84	102	102	973	973	3696	3696	4055	4055	1651	1651	1629	1629	221	221	436	436	32	32	158	158	2118	2118	2643	2643	225	225	55	55	1006	1006	1447	1447	3431	3431	3705	3705	13	13	21	21	47	47	125	125	38	38	38	38	1278	1278	316	316	194	194	252	252	380	380	251	251	3006902	3006902	1192406	1192406	6453	6453	5091	5091	385	385	133	133	4363	4363	9610	9610	147	147	108	108	373	373	387	387	99	99	57	57	301359	301359	352022	352022	217	217	154	154	204	204	88	88	13457	13457	11728	11728	66	66	40	40	483	483	78	78
IND00162	575	575	1981	1981	997	997	554	554	1993	1993	314	314	89	89	126	126	762	762	708	708	242	242	10	10	3	3	57	57	513	513	1394	1394	1530	1530	124	124	7	7	66	66	20	20	110	110	4	4	40	40	7564	7564	4169	4169	101	101	24	24	540	540	516	516	26	26	24	24	3938	3938	6849	6849	73	73	501	501	1049	1049	7180	7180	8	8	4	4	6	6	4	4	54	54	42	42	1261	1261	1015	1015	3578	3578	799	799	1698	1698	730	730	6897	6897	5906	5906	82	82	198	198	1672	1672	110	110	109	109	255	255	414	414	2027	2027	1561	1561	2151	2151	29	29	1	1	47	47	47	47	40	40	39	39	3744	3744	2362	2362	156	156	196	196	749	749	896	896	1576480	1576480	2727546	2727546	8810	8810	12737	12737	172	172	72	72	7052	7052	25152	25152	19	19	128	128	685	685	658	658	160	160	131	131	21440	21440	340605	340605	193	193	197	197	20	20	266	266	13599	13599	7692	7692	126	126	77	77	291	291	133	133
IND00163	589	589	614	614	424	424	272	272	6714	6714	6046	6046	80	80	2	2	2911	2911	15712	15712	117	117	29	29	5	5	13	13	5157	5157	374	374	220	220	1436	1436	43	43	22	22	76	76	10	10	22	22	19	19	1806	1806	7026	7026	60	60	7	7	599	599	747	747	13	13	21	21	1691	1691	5800	5800	142	142	256	256	5071	5071	6721	6721	5	5	7	7	9	9	3	3	20	20	54	54	1047	1047	1859	1859	1059	1059	1174	1174	220	220	494	494	4725	4725	1240	1240	112	112	27	27	3947	3947	4061	4061	71	71	94	94	931	931	240	240	2196	2196	188	188	25	25	29	29	50	50	51	51	35	35	96	96	3694	3694	1633	1633	192	192	239	239	524	524	965	965	1122201	1122201	3134	3134	2290	2290	11996	11996	58	58	91	91	21582	21582	21959	21959	172	172	218	218	581	581	187	187	195	195	244	244	406374	406374	288457	288457	109	109	58	58	268	268	130	130	10349	10349	29529	29529	120	120	196	196	337	337	451	451
IND00164	143	143	1515	1515	797	797	61	61	7048	7048	4458	4458	104	104	70	70	2678	2678	9110	9110	11	11	128	128	34	34	24	24	6799	6799	2873	2873	1187	1187	660	660	45	45	12	12	111	111	125	125	45	45	37	37	5503	5503	350	350	177	177	235	235	932	932	816	816	27	27	1	1	2986	2986	1352	1352	455	455	70	70	7525	7525	7713	7713	11	11	6	6	3	3	2	2	18	18	20	20	1763	1763	829	829	2033	2033	496	496	1135	1135	247	247	2011	2011	3903	3903	193	193	240	240	1737	1737	2437	2437	30	30	84	84	2020	2020	1059	1059	834	834	3089	3089	12	12	15	15	68	68	24	24	124	124	52	52	616	616	780	780	49	49	81	81	900	900	238	238	2505655	2505655	1352238	1352238	13354	13354	6568	6568	158	158	285	285	12790	12790	5760	5760	251	251	15	15	843	843	956	956	33	33	64	64	115087	115087	61294	61294	201	201	250	250	6	6	466	466	25787	25787	31378	31378	186	186	251	251	391	391	267	267
IND00165	865	865	1480	1480	782	782	303	303	4112	4112	5001	5001	118	118	72	72	7054	7054	5150	5150	123	123	211	211	23	23	47	47	4847	4847	2861	2861	1503	1503	217	217	20	20	124	124	78	78	75	75	25	25	25	25	1093	1093	6378	6378	205	205	110	110	529	529	660	660	7	7	1	1	74	74	5140	5140	128	128	455	455	5882	5882	7711	7711	5	5	5	5	12	12	1	1	24	24	29	29	913	913	1516	1516	2389	2389	2264	2264	595	595	1105	1105	5098	5098	6697	6697	21	21	246	246	3311	3311	1102	1102	18	18	90	90	234	234	374	374	3212	3212	1693	1693	24	24	30	30	59	59	24	24	4	4	112	112	3268	3268	3047	3047	187	187	216	216	833	833	835	835	3922580	3922580	1578710	1578710	13530	13530	4878	4878	49	49	335	335	18050	18050	25791	25791	9	9	183	183	817	817	155	155	123	123	36	36	319171	319171	111852	111852	30	30	217	217	424	424	17	17	16470	16470	13946	13946	167	167	247	247	331	331	508	508
IND00166	1983	1983	458	458	999	999	391	391	4330	4330	6797	6797	24	24	63	63	7816	7816	6799	6799	47	47	247	247	18	18	37	37	5081	5081	1341	1341	1047	1047	1773	1773	38	38	34	34	52	52	114	114	21	21	22	22	4820	4820	7747	7747	205	205	188	188	224	224	808	808	10	10	26	26	2669	2669	3396	3396	499	499	83	83	4474	4474	7067	7067	4	4	4	4	10	10	16	16	62	62	109	109	1772	1772	1907	1907	1705	1705	623	623	1491	1491	688	688	1642	1642	1385	1385	103	103	24	24	563	563	727	727	109	109	15	15	220	220	1084	1084	1128	1128	859	859	5	5	8	8	28	28	77	77	2	2	2	2	3311	3311	1107	1107	12	12	238	238	21	21	690	690	3717690	3717690	2565398	2565398	3039	3039	14359	14359	328	328	62	62	1724	1724	11495	11495	178	178	92	92	645	645	906	906	241	241	103	103	462143	462143	424670	424670	24	24	237	237	168	168	347	347	21811	21811	32074	32074	153	153	26	26	173	173	311	311
IND00167	1235	1235	380	380	780	780	633	633	3934	3934	7372	7372	12	12	81	81	7251	7251	15218	15218	192	192	206	206	38	38	7	7	6413	6413	4107	4107	291	291	1485	1485	55	55	93	93	106	106	23	23	25	25	60	60	2991	2991	3151	3151	189	189	213	213	979	979	710	710	2	2	22	22	2476	2476	7211	7211	473	473	175	175	5246	5246	1502	1502	15	15	15	15	11	11	15	15	127	127	25	25	203	203	973	973	2681	2681	1630	1630	1831	1831	383	383	1141	1141	4755	4755	156	156	184	184	1215	1215	2657	2657	144	144	92	92	728	728	784	784	668	668	2491	2491	11	11	17	17	94	94	86	86	19	19	42	42	2762	2762	2004	2004	242	242	157	157	22	22	732	732	1523766	1523766	2745859	2745859	14022	14022	4337	4337	338	338	408	408	22203	22203	24727	24727	107	107	221	221	649	649	651	651	46	46	183	183	35657	35657	243505	243505	166	166	13	13	425	425	106	106	23285	23285	2755	2755	93	93	35	35	169	169	504	504
IND00168	1869	1869	419	419	410	410	426	426	4220	4220	4361	4361	6	6	14	14	14241	14241	13203	13203	135	135	112	112	30	30	38	38	447	447	2564	2564	1803	1803	1605	1605	50	50	96	96	85	85	73	73	38	38	29	29	2809	2809	5066	5066	217	217	99	99	308	308	612	612	31	31	15	15	3207	3207	7553	7553	78	78	42	42	5303	5303	1311	1311	16	16	12	12	3	3	5	5	7	7	62	62	733	733	152	152	2078	2078	2210	2210	510	510	1263	1263	933	933	6793	6793	202	202	102	102	2725	2725	1956	1956	253	253	203	203	1075	1075	1654	1654	2951	2951	2303	2303	18	18	21	21	48	48	28	28	18	18	81	81	3413	3413	1097	1097	248	248	193	193	321	321	944	944	2885459	2885459	1420634	1420634	4167	4167	448	448	260	260	2	2	23575	23575	26790	26790	115	115	3	3	856	856	465	465	27	27	141	141	348469	348469	62832	62832	42	42	139	139	363	363	275	275	12291	12291	24354	24354	44	44	136	136	172	172	180	180
IND00169	1233	1233	853	853	774	774	263	263	490	490	4418	4418	99	99	102	102	4058	4058	1350	1350	133	133	167	167	28	28	4	4	7313	7313	7493	7493	753	753	505	505	65	65	30	30	54	54	105	105	54	54	34	34	101	101	4448	4448	110	110	5	5	840	840	301	301	1	1	32	32	4354	4354	681	681	16	16	342	342	1788	1788	6667	6667	7	7	6	6	3	3	13	13	103	103	34	34	829	829	931	931	1626	1626	4009	4009	237	237	1230	1230	295	295	2510	2510	98	98	179	179	1546	1546	321	321	99	99	79	79	1202	1202	1768	1768	3460	3460	3387	3387	20	20	27	27	125	125	48	48	6	6	3	3	2685	2685	3387	3387	113	113	237	237	657	657	649	649	3806544	3806544	2405321	2405321	11633	11633	10089	10089	258	258	470	470	21503	21503	14088	14088	63	63	231	231	589	589	349	349	86	86	245	245	55012	55012	159007	159007	205	205	28	28	291	291	318	318	20330	20330	2773	2773	183	183	254	254	345	345	78	78
IND00170	131	131	66	66	546	546	394	394	3024	3024	3017	3017	24	24	10	10	11171	11171	13004	13004	164	164	213	213	53	53	61	61	3593	3593	2136	2136	708	708	33	33	92	92	118	118	87	87	86	86	54	54	59	59	7300	7300	4391	4391	220	220	136	136	613	613	409	409	7	7	9	9	2384	2384	7097	7097	68	68	483	483	4913	4913	7311	7311	12	12	15	15	10	10	14	14	25	25	96	96	1337	1337	1815	1815	766	766	3424	3424	930	930	262	262	5392	5392	3461	3461	18	18	244	244	1618	1618	3279	3279	97	97	138	138	1364	1364	726	726	3158	3158	3470	3470	29	29	12	12	85	85	77	77	67	67	127	127	241	241	2299	2299	6	6	176	176	947	947	677	677	1462633	1462633	990473	990473	13627	13627	532	532	287	287	103	103	20758	20758	3626	3626	224	224	56	56	71	71	259	259	137	137	81	81	425249	425249	142538	142538	11	11	240	240	325	325	88	88	28601	28601	28426	28426	61	61	247	247	363	363	465	465
IND00171	1415	1415	905	905	434	434	774	774	2194	2194	8058	8058	66	66	54	54	4977	4977	6047	6047	201	201	49	49	56	56	57	57	2729	2729	6284	6284	1670	1670	353	353	23	23	91	91	89	89	74	74	40	40	29	29	5199	5199	6084	6084	69	69	37	37	732	732	190	190	1	1	21	21	4385	4385	2272	2272	194	194	221	221	7349	7349	2666	2666	13	13	12	12	10	10	10	10	50	50	55	55	478	478	441	441	1748	1748	2240	2240	733	733	1911	1911	2887	2887	4964	4964	196	196	30	30	3840	3840	600	600	7	7	158	158	1439	1439	307	307	1164	1164	2241	2241	11	11	29	29	107	107	56	56	119	119	114	114	2638	2638	3192	3192	160	160	250	250	887	887	397	397	2919828	2919828	2776879	2776879	6328	6328	3322	3322	429	429	476	476	9995	9995	18008	18008	221	221	121	121	536	536	444	444	114	114	231	231	378943	378943	483301	483301	75	75	66	66	271	271	112	112	1672	1672	3434	3434	45	45	109	109	414	414	503	503
IND00172	1298	1298	33	33	4	4	330	330	753	753	751	751	35	35	26	26	6066	6066	15836	15836	141	141	234	234	11	11	59	59	183	183	108	108	1532	1532	1607	1607	83	83	124	124	12	12	62	62	10	10	1	1	4667	4667	4428	4428	141	141	209	209	162	162	67	67	9	9	12	12	5797	5797	3473	3473	163	163	437	437	4332	4332	3365	3365	9	9	15	15	13	13	13	13	83	83	98	98	1124	1124	507	507	613	613	2454	2454	1328	1328	2033	2033	5404	5404	4859	4859	162	162	217	217	1203	1203	1338	1338	3	3	177	177	1117	1117	379	379	2503	2503	3112	3112	22	22	2	2	119	119	58	58	73	73	100	100	1810	1810	328	328	141	141	20	20	436	436	676	676	4094023	4094023	902379	902379	5276	5276	6078	6078	18	18	280	280	1222	1222	13739	13739	136	136	76	76	953	953	257	257	1	1	13	13	59289	59289	366103	366103	116	116	249	249	353	353	392	392	26601	26601	6205	6205	222	222	193	193	503	503	49	49
IND00173	592	592	1323	1323	115	115	163	163	7431	7431	695	695	39	39	122	122	8285	8285	12731	12731	40	40	58	58	62	62	36	36	774	774	5987	5987	889	889	1742	1742	94	94	120	120	75	75	34	34	6	6	27	27	4629	4629	959	959	46	46	95	95	76	76	846	846	3	3	27	27	931	931	1154	1154	422	422	75	75	8090	8090	732	732	15	15	2	2	2	2	6	6	34	34	35	35	1609	1609	1254	1254	1235	1235	2569	2569	532	532	396	396	7441	7441	2851	2851	61	61	202	202	1173	1173	3039	3039	15	15	26	26	1973	1973	29	29	2226	2226	384	384	4	4	8	8	63	63	58	58	90	90	98	98	179	179	1790	1790	12	12	30	30	654	654	79	79	2638244	2638244	376380	376380	15525	15525	8885	8885	30	30	405	405	9415	9415	15068	15068	178	178	182	182	87	87	771	771	105	105	153	153	407281	407281	392778	392778	129	129	189	189	308	308	214	214	30905	30905	20419	20419	144	144	85	85	57	57	127	127
IND00174	679	679	161	161	733	733	206	206	4408	4408	2072	2072	70	70	54	54	10507	10507	10118	10118	116	116	220	220	59	59	19	19	7245	7245	4606	4606	343	343	1608	1608	95	95	17	17	26	26	120	120	34	34	16	16	6530	6530	785	785	99	99	235	235	457	457	676	676	32	32	8	8	1630	1630	287	287	452	452	425	425	2574	2574	805	805	11	11	15	15	2	2	12	12	71	71	31	31	377	377	602	602	2746	2746	1352	1352	11	11	568	568	3174	3174	7822	7822	255	255	114	114	3069	3069	1464	1464	126	126	40	40	2041	2041	1066	1066	3541	3541	1830	1830	6	6	20	20	8	8	83	83	72	72	70	70	2761	2761	105	105	234	234	246	246	236	236	989	989	4153737	4153737	840542	840542	9860	9860	13622	13622	157	157	307	307	27151	27151	20245	20245	2	2	124	124	462	462	274	274	188	188	181	181	436100	436100	477054	477054	117	117	185	185	505	505	204	204	16973	16973	29184	29184	87	87	131	131	444	444	153	153
IND00175	854	854	1167	1167	324	324	492	492	7699	7699	879	879	105	105	24	24	5949	5949	4091	4091	14	14	23	23	24	24	19	19	7958	7958	5965	5965	1246	1246	982	982	16	16	16	16	71	71	8	8	43	43	22	22	2294	2294	2649	2649	198	198	227	227	435	435	731	731	32	32	3	3	4108	4108	4541	4541	439	439	50	50	7704	7704	2759	2759	8	8	4	4	13	13	7	7	54	54	58	58	938	938	286	286	3898	3898	903	903	1827	1827	1547	1547	2060	2060	7635	7635	231	231	153	153	437	437	3149	3149	100	100	219	219	1691	1691	1006	1006	3648	3648	2712	2712	11	11	7	7	74	74	62	62	95	95	69	69	138	138	1230	1230	235	235	59	59	288	288	328	328	2247173	2247173	2088876	2088876	898	898	14219	14219	416	416	290	290	7912	7912	30949	30949	26	26	39	39	142	142	926	926	125	125	165	165	509930	509930	481617	481617	18	18	142	142	59	59	315	315	28288	28288	21182	21182	230	230	15	15	220	220	65	65
IND00176	2001	2001	115	115	768	768	486	486	3787	3787	7314	7314	61	61	121	121	4891	4891	7960	7960	100	100	159	159	13	13	12	12	3452	3452	3831	3831	803	803	525	525	35	35	62	62	37	37	44	44	30	30	31	31	3411	3411	7460	7460	208	208	40	40	183	183	74	74	14	14	24	24	4463	4463	5492	5492	339	339	78	78	1388	1388	2117	2117	10	10	13	13	14	14	11	11	81	81	111	111	1298	1298	527	527	2276	2276	2384	2384	2042	2042	930	930	7936	7936	3107	3107	35	35	110	110	1108	1108	2596	2596	8	8	237	237	1370	1370	1325	1325	462	462	978	978	17	17	24	24	105	105	45	45	5	5	12	12	492	492	3543	3543	198	198	166	166	654	654	364	364	2988569	2988569	2500416	2500416	15004	15004	14236	14236	369	369	461	461	27029	27029	19908	19908	241	241	42	42	102	102	155	155	91	91	144	144	208972	208972	365162	365162	105	105	210	210	9	9	460	460	1563	1563	16658	16658	240	240	128	128	439	439	381	381
IND00177	1482	1482	1895	1895	515	515	18	18	753	753	1387	1387	124	124	26	26	6851	6851	9176	9176	63	63	100	100	13	13	6	6	5711	5711	1844	1844	1506	1506	927	927	30	30	64	64	22	22	25	25	13	13	36	36	7903	7903	1621	1621	199	199	189	189	234	234	705	705	19	19	24	24	1899	1899	6652	6652	330	330	169	169	5204	5204	5191	5191	13	13	12	12	11	11	6	6	17	17	49	49	1238	1238	1290	1290	2237	2237	3484	3484	113	113	907	907	6284	6284	8040	8040	204	204	148	148	2047	2047	1411	1411	191	191	169	169	303	303	1902	1902	2199	2199	1247	1247	2	2	13	13	63	63	121	121	103	103	19	19	2628	2628	4000	4000	77	77	85	85	642	642	69	69	996610	996610	4120544	4120544	11674	11674	10548	10548	295	295	234	234	17061	17061	12256	12256	219	219	12	12	353	353	305	305	182	182	14	14	155727	155727	438482	438482	208	208	244	244	85	85	379	379	8596	8596	24589	24589	84	84	21	21	288	288	86	86
IND00178	1201	1201	421	421	687	687	719	719	7558	7558	3468	3468	87	87	110	110	6000	6000	7126	7126	187	187	168	168	56	56	34	34	1452	1452	5522	5522	1946	1946	1897	1897	36	36	44	44	14	14	21	21	51	51	56	56	2067	2067	7444	7444	29	29	217	217	587	587	403	403	1	1	19	19	5453	5453	3373	3373	43	43	167	167	5432	5432	2997	2997	1	1	13	13	2	2	16	16	106	106	48	48	942	942	964	964	818	818	430	430	1438	1438	622	622	7976	7976	7210	7210	119	119	37	37	3514	3514	1759	1759	190	190	60	60	1635	1635	880	880	3558	3558	2969	2969	16	16	26	26	116	116	53	53	21	21	88	88	3824	3824	253	253	217	217	222	222	662	662	800	800	3608293	3608293	2118809	2118809	13646	13646	3843	3843	88	88	282	282	9433	9433	25852	25852	108	108	243	243	688	688	609	609	39	39	160	160	282947	282947	496213	496213	53	53	200	200	198	198	377	377	18468	18468	27330	27330	174	174	85	85	162	162	207	207
IND00179	1331	1331	752	752	92	92	200	200	2229	2229	7110	7110	109	109	85	85	6561	6561	9921	9921	172	172	212	212	43	43	34	34	3081	3081	4984	4984	1353	1353	1407	1407	68	68	1	1	3	3	128	128	20	20	27	27	2766	2766	499	499	233	233	51	51	765	765	111	111	15	15	4	4	8128	8128	144	144	352	352	387	387	2223	2223	2688	2688	15	15	6	6	11	11	15	15	5	5	69	69	1492	1492	306	306	1001	1001	2511	2511	1387	1387	1825	1825	5380	5380	7959	7959	55	55	18	18	3774	3774	2459	2459	50	50	145	145	1880	1880	170	170	1949	1949	3332	3332	10	10	30	30	107	107	57	57	19	19	68	68	84	84	383	383	101	101	28	28	411	411	670	670	3998392	3998392	3389247	3389247	4155	4155	13889	13889	490	490	145	145	27685	27685	30886	30886	253	253	29	29	890	890	974	974	222	222	198	198	329672	329672	153483	153483	55	55	185	185	306	306	307	307	30662	30662	14184	14184	63	63	242	242	28	28	357	357
IND00180	323	323	1054	1054	168	168	14	14	5653	5653	181	181	26	26	124	124	2835	2835	7680	7680	86	86	215	215	48	48	6	6	2315	2315	8085	8085	1601	1601	157	157	67	67	96	96	32	32	55	55	14	14	63	63	7316	7316	2868	2868	122	122	214	214	407	407	624	624	27	27	1	1	7785	7785	107	107	135	135	375	375	7250	7250	5852	5852	14	14	9	9	7	7	3	3	75	75	45	45	432	432	1141	1141	3160	3160	3903	3903	835	835	1798	1798	2800	2800	6514	6514	25	25	218	218	1745	1745	315	315	93	93	245	245	1098	1098	397	397	3096	3096	1474	1474	9	9	9	9	19	19	127	127	115	115	90	90	1540	1540	204	204	51	51	131	131	572	572	1023	1023	3113471	3113471	584136	584136	7373	7373	14411	14411	452	452	376	376	234	234	9037	9037	227	227	202	202	961	961	625	625	153	153	225	225	129059	129059	56611	56611	110	110	82	82	101	101	249	249	24141	24141	16945	16945	113	113	72	72	45	45	368	368
IND00181	1451	1451	864	864	393	393	789	789	4241	4241	7769	7769	111	111	44	44	9302	9302	13764	13764	55	55	183	183	5	5	22	22	8188	8188	2598	2598	548	548	1684	1684	47	47	18	18	69	69	109	109	43	43	41	41	5066	5066	2016	2016	110	110	22	22	131	131	473	473	20	20	26	26	226	226	4455	4455	88	88	454	454	5388	5388	36	36	13	13	12	12	9	9	4	4	28	28	102	102	464	464	1837	1837	3283	3283	729	729	653	653	1231	1231	7087	7087	1121	1121	142	142	91	91	3645	3645	964	964	122	122	113	113	1406	1406	2022	2022	1744	1744	3915	3915	28	28	24	24	50	50	83	83	37	37	7	7	1399	1399	2478	2478	150	150	242	242	504	504	644	644	2704574	2704574	3282445	3282445	9682	9682	9120	9120	218	218	444	444	23521	23521	23215	23215	178	178	197	197	480	480	331	331	133	133	37	37	327138	327138	351815	351815	211	211	234	234	62	62	115	115	6287	6287	7952	7952	150	150	7	7	356	356	473	473
IND00182	1267	1267	695	695	506	506	1023	1023	6804	6804	3752	3752	83	83	97	97	72	72	10764	10764	79	79	159	159	43	43	31	31	3549	3549	6405	6405	1410	1410	1405	1405	66	66	105	105	20	20	120	120	28	28	2	2	6027	6027	485	485	41	41	112	112	765	765	54	54	15	15	18	18	2340	2340	7377	7377	475	475	88	88	784	784	3788	3788	16	16	2	2	7	7	6	6	2	2	23	23	296	296	532	532	301	301	3106	3106	630	630	932	932	7108	7108	3082	3082	129	129	140	140	138	138	2433	2433	139	139	60	60	1260	1260	1138	1138	1544	1544	4090	4090	31	31	9	9	36	36	26	26	116	116	22	22	3347	3347	2029	2029	132	132	20	20	692	692	881	881	2173157	2173157	2904954	2904954	13499	13499	16316	16316	159	159	63	63	10147	10147	20473	20473	82	82	131	131	821	821	507	507	155	155	164	164	24717	24717	145016	145016	219	219	232	232	370	370	126	126	12991	12991	13183	13183	20	20	57	57	162	162	336	336
IND00183	1053	1053	11	11	150	150	173	173	2526	2526	129	129	128	128	19	19	13082	13082	5086	5086	184	184	89	89	6	6	41	41	167	167	2976	2976	429	429	1423	1423	44	44	58	58	76	76	54	54	48	48	61	61	6838	6838	1864	1864	172	172	184	184	219	219	812	812	3	3	24	24	4424	4424	5202	5202	363	363	59	59	7906	7906	5375	5375	16	16	5	5	8	8	9	9	113	113	59	59	1043	1043	421	421	894	894	2503	2503	527	527	1301	1301	3651	3651	4167	4167	15	15	180	180	1797	1797	2576	2576	245	245	24	24	1304	1304	1722	1722	2154	2154	1873	1873	18	18	1	1	110	110	51	51	72	72	15	15	2110	2110	271	271	193	193	165	165	600	600	421	421	1958866	1958866	2639374	2639374	10962	10962	7204	7204	459	459	79	79	18475	18475	26796	26796	43	43	74	74	317	317	788	788	72	72	56	56	129335	129335	107109	107109	203	203	212	212	509	509	274	274	3457	3457	15875	15875	186	186	93	93	462	462	431	431
IND00184	111	111	1522	1522	931	931	340	340	3209	3209	5503	5503	46	46	68	68	13714	13714	9863	9863	90	90	36	36	46	46	3	3	996	996	1814	1814	1936	1936	2001	2001	44	44	84	84	70	70	90	90	7	7	59	59	7825	7825	7129	7129	197	197	243	243	736	736	47	47	26	26	13	13	3145	3145	3125	3125	408	408	348	348	3378	3378	1025	1025	6	6	14	14	3	3	15	15	75	75	112	112	13	13	47	47	2749	2749	2351	2351	78	78	565	565	6655	6655	2866	2866	166	166	231	231	1281	1281	1341	1341	67	67	17	17	1368	1368	262	262	1136	1136	2088	2088	28	28	23	23	102	102	72	72	26	26	46	46	3420	3420	1123	1123	166	166	242	242	173	173	613	613	1352067	1352067	2748211	2748211	11135	11135	808	808	407	407	225	225	31714	31714	20913	20913	28	28	116	116	649	649	463	463	56	56	120	120	276345	276345	6875	6875	49	49	125	125	198	198	174	174	30036	30036	17988	17988	136	136	5	5	271	271	379	379
IND00185	1338	1338	797	797	507	507	441	441	7170	7170	1775	1775	14	14	67	67	6659	6659	15066	15066	65	65	61	61	14	14	44	44	4703	4703	2610	2610	874	874	1896	1896	86	86	94	94	86	86	117	117	33	33	60	60	7926	7926	7229	7229	152	152	216	216	755	755	858	858	1	1	32	32	4749	4749	3788	3788	268	268	408	408	7446	7446	3210	3210	5	5	4	4	9	9	7	7	77	77	96	96	612	612	1996	1996	1561	1561	2967	2967	388	388	1784	1784	465	465	6907	6907	123	123	97	97	2706	2706	3485	3485	178	178	125	125	815	815	87	87	35	35	526	526	19	19	21	21	97	97	40	40	77	77	45	45	2549	2549	1040	1040	50	50	24	24	532	532	715	715	2918178	2918178	454998	454998	1593	1593	1649	1649	190	190	423	423	23938	23938	16265	16265	163	163	187	187	956	956	538	538	8	8	173	173	59390	59390	445133	445133	216	216	251	251	508	508	325	325	27648	27648	25297	25297	91	91	5	5	363	363	284	284
IND00186	1319	1319	37	37	16	16	342	342	3039	3039	5848	5848	1	1	55	55	1140	1140	11346	11346	173	173	155	155	59	59	56	56	3923	3923	5029	5029	1321	1321	152	152	5	5	113	113	102	102	33	33	47	47	21	21	5676	5676	3387	3387	217	217	96	96	553	553	732	732	14	14	9	9	6398	6398	2912	2912	74	74	358	358	4108	4108	1915	1915	15	15	15	15	5	5	12	12	41	41	9	9	331	331	489	489	1852	1852	2417	2417	1621	1621	1072	1072	5335	5335	7547	7547	229	229	161	161	2972	2972	3041	3041	15	15	85	85	1176	1176	1359	1359	2276	2276	606	606	30	30	20	20	23	23	84	84	56	56	94	94	3379	3379	774	774	165	165	25	25	611	611	894	894	3244297	3244297	566	566	7161	7161	9197	9197	435	435	312	312	26418	26418	7817	7817	162	162	250	250	81	81	647	647	94	94	210	210	373079	373079	400690	400690	58	58	70	70	157	157	187	187	16476	16476	30067	30067	189	189	197	197	233	233	78	78
IND00187	866	866	1364	1364	467	467	47	47	3689	3689	5090	5090	15	15	51	51	10612	10612	10258	10258	231	231	123	123	7	7	61	61	14	14	6170	6170	450	450	1495	1495	125	125	118	118	108	108	65	65	63	63	39	39	6501	6501	5655	5655	156	156	248	248	161	161	53	53	2	2	26	26	700	700	7063	7063	502	502	276	276	5363	5363	2768	2768	16	16	11	11	2	2	12	12	15	15	29	29	1585	1585	2023	2023	1747	1747	2556	2556	1918	1918	1490	1490	3251	3251	3674	3674	2	2	141	141	3722	3722	2167	2167	35	35	196	196	1096	1096	620	620	1953	1953	2866	2866	19	19	20	20	114	114	103	103	17	17	113	113	2829	2829	3321	3321	86	86	50	50	774	774	614	614	1508328	1508328	2468311	2468311	15839	15839	10494	10494	32	32	502	502	28793	28793	17117	17117	63	63	82	82	36	36	380	380	107	107	30	30	149612	149612	282734	282734	169	169	139	139	127	127	370	370	20866	20866	17753	17753	240	240	107	107	505	505	510	510
IND00188	1497	1497	1596	1596	510	510	953	953	6478	6478	6456	6456	63	63	5	5	2200	2200	7792	7792	249	249	94	94	22	22	27	27	1917	1917	1481	1481	1236	1236	497	497	108	108	11	11	125	125	47	47	8	8	59	59	101	101	4871	4871	138	138	68	68	995	995	363	363	30	30	30	30	2	2	4673	4673	452	452	44	44	8056	8056	2139	2139	5	5	14	14	9	9	6	6	111	111	117	117	827	827	602	602	2665	2665	948	948	1142	1142	369	369	1172	1172	5847	5847	146	146	88	88	3174	3174	2144	2144	59	59	83	83	1929	1929	1448	1448	1781	1781	638	638	5	5	20	20	38	38	35	35	11	11	74	74	630	630	1937	1937	192	192	20	20	921	921	103	103	2757736	2757736	1958009	1958009	12986	12986	5722	5722	425	425	293	293	8173	8173	18691	18691	15	15	248	248	554	554	231	231	115	115	249	249	60047	60047	344664	344664	219	219	169	169	34	34	417	417	8573	8573	27419	27419	146	146	126	126	430	430	66	66
IND00189	15	15	1381	1381	838	838	720	720	2341	2341	4630	4630	123	123	63	63	1368	1368	3565	3565	112	112	4	4	54	54	56	56	69	69	4784	4784	1104	1104	311	311	19	19	123	123	84	84	76	76	8	8	40	40	2514	2514	7695	7695	156	156	220	220	613	613	336	336	17	17	17	17	4222	4222	621	621	123	123	436	436	6168	6168	4520	4520	7	7	10	10	9	9	13	13	110	110	71	71	1832	1832	50	50	2360	2360	1609	1609	1048	1048	681	681	818	818	1577	1577	54	54	7	7	2870	2870	3833	3833	101	101	244	244	87	87	1264	1264	3555	3555	1600	1600	28	28	23	23	87	87	102	102	23	23	97	97	616	616	1519	1519	96	96	237	237	972	972	378	378	1187027	1187027	1726123	1726123	11459	11459	2379	2379	79	79	7	7	27274	27274	31839	31839	151	151	161	161	625	625	838	838	237	237	184	184	322712	322712	524278	524278	129	129	232	232	453	453	496	496	31557	31557	23650	23650	243	243	12	12	42	42	303	303
IND00190	1828	1828	1379	1379	597	597	168	168	2895	2895	451	451	69	69	118	118	2492	2492	11634	11634	91	91	31	31	37	37	4	4	4301	4301	6347	6347	1478	1478	310	310	27	27	102	102	27	27	114	114	51	51	14	14	7179	7179	7191	7191	179	179	180	180	497	497	164	164	20	20	10	10	2899	2899	7252	7252	502	502	114	114	1026	1026	1469	1469	13	13	11	11	6	6	13	13	28	28	90	90	399	399	132	132	1791	1791	2832	2832	1414	1414	1697	1697	3697	3697	6062	6062	219	219	162	162	4087	4087	2440	2440	249	249	210	210	1510	1510	1475	1475	2670	2670	2997	2997	20	20	31	31	91	91	32	32	105	105	70	70	1760	1760	431	431	108	108	152	152	86	86	208	208	283907	283907	2112883	2112883	14184	14184	2888	2888	305	305	65	65	30802	30802	20429	20429	209	209	106	106	185	185	787	787	176	176	255	255	217254	217254	522926	522926	163	163	28	28	237	237	212	212	24356	24356	54	54	194	194	43	43	458	458	367	367
IND00191	1072	1072	907	907	112	112	203	203	3715	3715	712	712	62	62	20	20	15219	15219	15508	15508	41	41	216	216	44	44	59	59	6803	6803	6080	6080	187	187	1048	1048	42	42	92	92	102	102	113	113	60	60	56	56	2152	2152	5296	5296	125	125	152	152	339	339	309	309	5	5	16	16	4658	4658	5577	5577	379	379	503	503	526	526	1952	1952	11	11	9	9	8	8	6	6	114	114	116	116	712	712	1328	1328	1216	1216	3905	3905	1616	1616	36	36	7089	7089	5421	5421	188	188	94	94	1290	1290	2262	2262	8	8	55	55	76	76	1424	1424	3702	3702	157	157	25	25	2	2	107	107	72	72	17	17	48	48	2739	2739	2357	2357	94	94	177	177	455	455	499	499	3326978	3326978	2748383	2748383	3023	3023	16090	16090	186	186	481	481	17215	17215	16437	16437	88	88	74	74	768	768	21	21	245	245	239	239	88222	88222	249312	249312	251	251	88	88	403	403	456	456	5023	5023	14332	14332	66	66	223	223	281	281	367	367
IND00192	914	914	1824	1824	786	786	840	840	3453	3453	4060	4060	23	23	13	13	10658	10658	12192	12192	241	241	54	54	24	24	44	44	6177	6177	1433	1433	298	298	869	869	112	112	43	43	86	86	48	48	64	64	12	12	4502	4502	4293	4293	58	58	53	53	889	889	947	947	7	7	10	10	2	2	5556	5556	196	196	366	366	7360	7360	4917	4917	15	15	10	10	7	7	12	12	116	116	26	26	1935	1935	1393	1393	1711	1711	3556	3556	162	162	1561	1561	2744	2744	3660	3660	113	113	111	111	1349	1349	1144	1144	40	40	143	143	1639	1639	1943	1943	266	266	87	87	17	17	24	24	120	120	26	26	89	89	19	19	1386	1386	306	306	73	73	84	84	79	79	415	415	3041244	3041244	509640	509640	1114	1114	6472	6472	455	455	317	317	9984	9984	5875	5875	73	73	221	221	59	59	770	770	114	114	235	235	204696	204696	509535	509535	168	168	217	217	16	16	224	224	28722	28722	3507	3507	102	102	17	17	339	339	279	279
IND00193	1005	1005	949	949	574	574	962	962	6046	6046	644	644	5	5	98	98	9166	9166	7062	7062	196	196	5	5	41	41	1	1	4287	4287	2914	2914	968	968	893	893	113	113	51	51	89	89	15	15	4	4	6	6	4281	4281	233	233	241	241	149	149	96	96	67	67	28	28	1	1	5629	5629	7214	7214	177	177	506	506	6928	6928	285	285	15	15	13	13	2	2	3	3	49	49	12	12	301	301	625	625	423	423	1931	1931	1861	1861	577	577	4184	4184	5917	5917	147	147	155	155	1713	1713	3315	3315	178	178	159	159	174	174	564	564	1207	1207	4025	4025	8	8	19	19	68	68	97	97	80	80	104	104	2023	2023	2291	2291	75	75	19	19	984	984	948	948	3181780	3181780	2680656	2680656	15239	15239	15216	15216	148	148	231	231	15591	15591	12035	12035	17	17	117	117	1012	1012	49	49	84	84	73	73	481296	481296	13970	13970	83	83	154	154	182	182	15	15	28179	28179	18523	18523	197	197	181	181	93	93	25	25
IND00194	1520	1520	167	167	268	268	920	920	6266	6266	1661	1661	125	125	14	14	12384	12384	9414	9414	204	204	130	130	46	46	46	46	2655	2655	5286	5286	1242	1242	1802	1802	77	77	2	2	26	26	3	3	64	64	58	58	245	245	1736	1736	153	153	255	255	610	610	893	893	17	17	28	28	6650	6650	1759	1759	193	193	15	15	2197	2197	6205	6205	11	11	14	14	1	1	14	14	13	13	110	110	1227	1227	1030	1030	678	678	2946	2946	1851	1851	328	328	6191	6191	4724	4724	149	149	18	18	3006	3006	486	486	87	87	201	201	238	238	1861	1861	2890	2890	2713	2713	21	21	17	17	84	84	22	22	113	113	44	44	994	994	1404	1404	199	199	195	195	101	101	421	421	2142594	2142594	2060132	2060132	2452	2452	5756	5756	249	249	369	369	18672	18672	8777	8777	114	114	83	83	615	615	780	780	219	219	43	43	438106	438106	436951	436951	248	248	41	41	220	220	438	438	16162	16162	27467	27467	210	210	173	173	245	245	112	112
IND00195	1473	1473	1539	1539	810	810	854	854	878	878	3472	3472	41	41	44	44	14914	14914	8187	8187	6	6	115	115	35	35	56	56	123	123	7177	7177	1229	1229	1850	1850	126	126	104	104	67	67	78	78	61	61	12	12	456	456	7444	7444	18	18	252	252	771	771	464	464	6	6	18	18	7445	7445	2851	2851	1	1	94	94	3467	3467	7899	7899	6	6	2	2	14	14	6	6	83	83	60	60	890	890	2026	2026	925	925	2809	2809	1557	1557	1157	1157	829	829	61	61	127	127	254	254	2731	2731	746	746	87	87	256	256	1990	1990	1807	1807	3332	3332	3398	3398	2	2	24	24	45	45	96	96	32	32	106	106	2448	2448	745	745	11	11	205	205	843	843	917	917	3493590	3493590	963850	963850	845	845	5692	5692	334	334	196	196	24285	24285	15420	15420	101	101	14	14	4	4	531	531	125	125	63	63	378840	378840	220543	220543	243	243	207	207	183	183	125	125	6676	6676	3682	3682	200	200	87	87	496	496	401	401
IND00196	402	402	507	507	637	637	306	306	1862	1862	2863	2863	118	118	51	51	7810	7810	1763	1763	235	235	140	140	56	56	52	52	533	533	6835	6835	1430	1430	1173	1173	21	21	15	15	96	96	27	27	60	60	47	47	4043	4043	5576	5576	118	118	160	160	287	287	441	441	7	7	27	27	7983	7983	7516	7516	192	192	341	341	6996	6996	2485	2485	4	4	16	16	6	6	1	1	70	70	34	34	1344	1344	1183	1183	2887	2887	3578	3578	1578	1578	1678	1678	3799	3799	4776	4776	215	215	212	212	149	149	1710	1710	197	197	173	173	1784	1784	1402	1402	1637	1637	2160	2160	26	26	19	19	92	92	24	24	80	80	15	15	3218	3218	130	130	156	156	160	160	507	507	561	561	3158133	3158133	1729203	1729203	9179	9179	7994	7994	351	351	228	228	23840	23840	27916	27916	210	210	27	27	610	610	749	749	211	211	221	221	384268	384268	324949	324949	149	149	235	235	326	326	127	127	26100	26100	31171	31171	95	95	66	66	99	99	36	36
IND00197	1496	1496	1197	1197	412	412	441	441	7707	7707	1749	1749	96	96	88	88	7131	7131	1037	1037	147	147	117	117	12	12	29	29	4400	4400	1240	1240	289	289	754	754	54	54	107	107	62	62	126	126	44	44	39	39	5226	5226	6592	6592	189	189	1	1	9	9	758	758	5	5	20	20	5271	5271	6050	6050	83	83	419	419	66	66	3952	3952	3	3	16	16	14	14	6	6	34	34	72	72	1171	1171	638	638	2290	2290	2704	2704	632	632	968	968	2176	2176	1021	1021	161	161	90	90	3022	3022	2295	2295	96	96	137	137	1873	1873	406	406	2606	2606	3031	3031	13	13	14	14	121	121	111	111	2	2	110	110	4086	4086	800	800	168	168	184	184	1003	1003	943	943	1039881	1039881	2973748	2973748	16238	16238	851	851	492	492	318	318	8036	8036	11045	11045	164	164	7	7	282	282	482	482	159	159	109	109	142188	142188	1303	1303	114	114	130	130	9	9	109	109	2988	2988	32283	32283	32	32	180	180	186	186	497	497
IND00198	1309	1309	1898	1898	226	226	501	501	3090	3090	2569	2569	45	45	24	24	7927	7927	7792	7792	36	36	46	46	21	21	4	4	5019	5019	3915	3915	1927	1927	835	835	125	125	5	5	45	45	7	7	49	49	10	10	6047	6047	7841	7841	54	54	26	26	473	473	250	250	29	29	21	21	7717	7717	2201	2201	367	367	427	427	6311	6311	3625	3625	8	8	3	3	4	4	5	5	118	118	28	28	173	173	1786	1786	2652	2652	3905	3905	815	815	703	703	1573	1573	4934	4934	209	209	241	241	1749	1749	709	709	17	17	167	167	1580	1580	15	15	2562	2562	3618	3618	15	15	7	7	12	12	58	58	11	11	51	51	2023	2023	2318	2318	9	9	202	202	688	688	665	665	2054219	2054219	85389	85389	2345	2345	15974	15974	255	255	350	350	20502	20502	1807	1807	142	142	61	61	208	208	233	233	7	7	178	178	351417	351417	99055	99055	92	92	171	171	431	431	502	502	12854	12854	25551	25551	83	83	216	216	194	194	343	343
IND00199	1872	1872	54	54	62	62	133	133	7481	7481	6009	6009	16	16	114	114	2933	2933	3575	3575	158	158	62	62	10	10	34	34	4772	4772	7123	7123	105	105	823	823	116	116	85	85	10	10	23	23	36	36	34	34	6852	6852	905	905	120	120	137	137	188	188	266	266	24	24	7	7	2424	2424	4926	4926	12	12	509	509	44	44	2357	2357	5	5	16	16	15	15	12	12	74	74	22	22	862	862	1031	1031	845	845	576	576	783	783	1060	1060	6792	6792	2145	2145	252	252	161	161	1560	1560	967	967	34	34	65	65	1710	1710	523	523	2739	2739	136	136	8	8	21	21	91	91	69	69	96	96	67	67	1002	1002	1508	1508	241	241	67	67	713	713	247	247	3493194	3493194	3411771	3411771	649	649	5818	5818	208	208	136	136	23116	23116	12912	12912	9	9	99	99	952	952	684	684	197	197	203	203	9080	9080	28320	28320	59	59	174	174	93	93	365	365	14975	14975	23638	23638	142	142	169	169	488	488	256	256
IND00200	1625	1625	1048	1048	832	832	776	776	2093	2093	2408	2408	100	100	73	73	14208	14208	7258	7258	164	164	39	39	36	36	12	12	3058	3058	7887	7887	312	312	1169	1169	93	93	107	107	98	98	74	74	41	41	6	6	2204	2204	5394	5394	244	244	39	39	999	999	817	817	18	18	18	18	7628	7628	876	876	196	196	306	306	7278	7278	2438	2438	1	1	4	4	4	4	12	12	122	122	31	31	526	526	576	576	3434	3434	451	451	1090	1090	1348	1348	3872	3872	7397	7397	243	243	230	230	413	413	3468	3468	21	21	197	197	1571	1571	446	446	898	898	3049	3049	11	11	11	11	26	26	55	55	60	60	92	92	399	399	796	796	197	197	127	127	344	344	1014	1014	1601624	1601624	2991722	2991722	8219	8219	15148	15148	187	187	453	453	30526	30526	12108	12108	229	229	224	224	692	692	497	497	198	198	3	3	371185	371185	134018	134018	54	54	228	228	245	245	154	154	14358	14358	16769	16769	167	167	126	126	489	489	415	415
IND00201	1674	1674	529	529	80	80	880	880	4830	4830	823	823	85	85	38	38	12194	12194	3863	3863	234	234	222	222	42	42	39	39	1939	1939	6702	6702	1057	1057	1585	1585	126	126	105	105	21	21	59	59	63	63	17	17	7847	7847	6673	6673	88	88	156	156	193	193	778	778	6	6	9	9	357	357	4137	4137	467	467	144	144	1410	1410	6925	6925	15	15	3	3	10	10	2	2	97	97	75	75	1815	1815	662	662	3484	3484	3428	3428	760	760	1874	1874	7298	7298	6491	6491	30	30	79	79	14	14	181	181	88	88	51	51	26	26	2006	2006	3657	3657	1626	1626	10	10	12	12	110	110	35	35	107	107	79	79	800	800	2102	2102	7	7	22	22	395	395	396	396	3704921	3704921	2497707	2497707	1323	1323	9332	9332	250	250	447	447	24783	24783	9804	9804	47	47	187	187	521	521	744	744	196	196	55	55	292648	292648	509562	509562	120	120	254	254	314	314	146	146	285	285	4254	4254	231	231	3	3	122	122	429	429
IND00202	220	220	1573	1573	693	693	309	309	859	859	432	432	37	37	28	28	1807	1807	944	944	21	21	172	172	35	35	7	7	5815	5815	1759	1759	1047	1047	1915	1915	81	81	99	99	91	91	114	114	17	17	8	8	7220	7220	2191	2191	73	73	5	5	647	647	474	474	3	3	31	31	5865	5865	4999	4999	228	228	267	267	3997	3997	109	109	7	7	12	12	5	5	2	2	13	13	52	52	354	354	1115	1115	716	716	2660	2660	1425	1425	1515	1515	8157	8157	1499	1499	15	15	188	188	621	621	238	238	245	245	12	12	1798	1798	1517	1517	1416	1416	2571	2571	19	19	12	12	126	126	74	74	63	63	73	73	3518	3518	1124	1124	256	256	27	27	589	589	1017	1017	3539490	3539490	1665157	1665157	12039	12039	5880	5880	235	235	192	192	22715	22715	11118	11118	183	183	145	145	238	238	760	760	78	78	147	147	427599	427599	189056	189056	40	40	48	48	70	70	242	242	8687	8687	11239	11239	165	165	167	167	304	304	228	228
IND00203	2018	2018	396	396	707	707	456	456	3195	3195	5491	5491	54	54	104	104	3027	3027	7993	7993	239	239	200	200	18	18	49	49	2448	2448	3618	3618	582	582	348	348	109	109	31	31	26	26	119	119	1	1	27	27	6775	6775	6933	6933	209	209	37	37	755	755	828	828	20	20	24	24	4983	4983	336	336	498	498	488	488	4020	4020	2075	2075	10	10	7	7	3	3	16	16	105	105	49	49	1028	1028	1030	1030	3091	3091	1886	1886	1466	1466	1650	1650	1676	1676	6543	6543	197	197	34	34	2159	2159	3741	3741	196	196	152	152	452	452	898	898	1847	1847	1365	1365	22	22	24	24	99	99	24	24	103	103	89	89	2874	2874	3912	3912	112	112	198	198	27	27	413	413	1811460	1811460	4056848	4056848	12015	12015	12916	12916	107	107	98	98	23594	23594	3753	3753	14	14	187	187	880	880	102	102	39	39	144	144	402123	402123	474985	474985	236	236	215	215	142	142	368	368	17251	17251	8806	8806	56	56	17	17	278	278	467	467
IND00204	1571	1571	1382	1382	1017	1017	967	967	2767	2767	7777	7777	8	8	92	92	7074	7074	13670	13670	189	189	63	63	43	43	32	32	7455	7455	1577	1577	506	506	1667	1667	60	60	11	11	82	82	74	74	38	38	19	19	3988	3988	4338	4338	229	229	113	113	929	929	468	468	17	17	30	30	4214	4214	2737	2737	58	58	88	88	5550	5550	2330	2330	7	7	13	13	2	2	9	9	101	101	1	1	1206	1206	1914	1914	756	756	1008	1008	563	563	1242	1242	7491	7491	3411	3411	178	178	51	51	607	607	3330	3330	147	147	234	234	1526	1526	1373	1373	2296	2296	3901	3901	32	32	8	8	56	56	41	41	117	117	79	79	2220	2220	4059	4059	55	55	174	174	6	6	52	52	882483	882483	1800830	1800830	11631	11631	10065	10065	149	149	179	179	4321	4321	8172	8172	176	176	41	41	888	888	503	503	158	158	233	233	417522	417522	214396	214396	236	236	12	12	168	168	89	89	2855	2855	4865	4865	122	122	154	154	503	503	106	106
IND00205	1890	1890	1611	1611	1006	1006	609	609	4505	4505	1244	1244	32	32	117	117	2315	2315	9743	9743	228	228	176	176	11	11	18	18	5168	5168	4976	4976	946	946	1552	1552	48	48	111	111	99	99	76	76	42	42	43	43	6986	6986	5720	5720	51	51	156	156	667	667	433	433	11	11	1	1	5189	5189	3516	3516	51	51	138	138	4666	4666	616	616	8	8	9	9	6	6	2	2	57	57	16	16	1156	1156	397	397	364	364	499	499	1294	1294	1955	1955	7773	7773	2583	2583	256	256	57	57	3404	3404	2365	2365	209	209	105	105	1237	1237	1560	1560	872	872	137	137	29	29	8	8	123	123	9	9	112	112	87	87	3415	3415	3857	3857	104	104	223	223	896	896	85	85	730171	730171	1098813	1098813	6034	6034	2607	2607	481	481	60	60	20662	20662	22411	22411	206	206	219	219	262	262	983	983	137	137	42	42	433108	433108	98364	98364	113	113	43	43	88	88	452	452	13368	13368	8663	8663	240	240	229	229	33	33	168	168
IND00206	743	743	1862	1862	943	943	746	746	1353	1353	5901	5901	121	121	9	9	14598	14598	1249	1249	172	172	249	249	45	45	56	56	7112	7112	1513	1513	1686	1686	1591	1591	84	84	92	92	39	39	102	102	31	31	5	5	6798	6798	2581	2581	187	187	1	1	389	389	689	689	10	10	30	30	3628	3628	6552	6552	292	292	450	450	3477	3477	7772	7772	2	2	13	13	6	6	8	8	121	121	30	30	1019	1019	1951	1951	3875	3875	1988	1988	1863	1863	289	289	4308	4308	6776	6776	214	214	163	163	887	887	630	630	127	127	149	149	1120	1120	1102	1102	3717	3717	3309	3309	25	25	10	10	59	59	1	1	39	39	27	27	2521	2521	785	785	54	54	33	33	42	42	41	41	3980338	3980338	2304926	2304926	15686	15686	3734	3734	461	461	511	511	21608	21608	29959	29959	225	225	40	40	915	915	184	184	238	238	48	48	10930	10930	133556	133556	132	132	168	168	376	376	396	396	25963	25963	20549	20549	12	12	151	151	224	224	54	54
IND00207	977	977	195	195	944	944	282	282	4932	4932	3854	3854	122	122	37	37	12517	12517	1310	1310	158	158	28	28	32	32	63	63	2521	2521	3854	3854	387	387	905	905	35	35	75	75	16	16	67	67	61	61	18	18	5957	5957	5666	5666	254	254	156	156	991	991	249	249	12	12	21	21	6236	6236	6939	6939	29	29	293	293	1411	1411	3749	3749	6	6	4	4	4	4	4	4	86	86	70	70	128	128	356	356	855	855	2365	2365	1352	1352	1180	1180	6737	6737	2758	2758	236	236	56	56	1563	1563	2104	2104	133	133	172	172	1747	1747	97	97	78	78	823	823	25	25	5	5	50	50	17	17	119	119	77	77	2119	2119	988	988	106	106	14	14	389	389	868	868	1185135	1185135	1141124	1141124	12873	12873	10482	10482	214	214	325	325	25535	25535	3864	3864	52	52	222	222	683	683	715	715	96	96	235	235	114747	114747	295398	295398	159	159	48	48	126	126	339	339	27613	27613	17675	17675	198	198	161	161	111	111	227	227
IND00208	1047	1047	1659	1659	748	748	480	480	5242	5242	2950	2950	64	64	40	40	13925	13925	3328	3328	141	141	75	75	40	40	40	40	2654	2654	4265	4265	1285	1285	1308	1308	82	82	71	71	7	7	89	89	18	18	40	40	3862	3862	1389	1389	36	36	249	249	872	872	287	287	21	21	23	23	2377	2377	2262	2262	105	105	108	108	3957	3957	7495	7495	4	4	12	12	6	6	9	9	111	111	125	125	176	176	1772	1772	992	992	2029	2029	363	363	421	421	7843	7843	6718	6718	192	192	81	81	3692	3692	3173	3173	183	183	23	23	695	695	1971	1971	1682	1682	438	438	27	27	9	9	106	106	121	121	92	92	114	114	2650	2650	3623	3623	65	65	236	236	975	975	990	990	2849785	2849785	2552633	2552633	6423	6423	13669	13669	73	73	186	186	9729	9729	19573	19573	73	73	152	152	344	344	328	328	150	150	168	168	468992	468992	146962	146962	77	77	75	75	185	185	34	34	25372	25372	3583	3583	129	129	225	225	485	485	93	93
IND00209	1120	1120	1644	1644	960	960	287	287	6827	6827	3960	3960	48	48	59	59	15998	15998	13886	13886	84	84	183	183	34	34	9	9	1332	1332	6809	6809	1579	1579	1363	1363	48	48	95	95	61	61	121	121	24	24	31	31	426	426	5777	5777	24	24	32	32	282	282	560	560	21	21	8	8	583	583	5857	5857	440	440	435	435	1319	1319	7420	7420	10	10	14	14	12	12	5	5	34	34	96	96	1473	1473	1596	1596	3277	3277	3482	3482	577	577	717	717	1885	1885	1771	1771	246	246	95	95	1268	1268	1126	1126	175	175	96	96	1940	1940	446	446	239	239	4044	4044	27	27	2	2	1	1	102	102	76	76	125	125	474	474	1912	1912	180	180	5	5	4	4	440	440	3984113	3984113	1812251	1812251	8681	8681	5277	5277	289	289	213	213	23337	23337	24180	24180	37	37	117	117	429	429	6	6	147	147	194	194	276906	276906	217308	217308	28	28	202	202	490	490	146	146	22790	22790	10995	10995	4	4	28	28	96	96	320	320
IND00210	1744	1744	166	166	693	693	398	398	1592	1592	2869	2869	94	94	18	18	11226	11226	3038	3038	2	2	39	39	23	23	14	14	7707	7707	4929	4929	152	152	612	612	128	128	112	112	81	81	120	120	46	46	7	7	6316	6316	197	197	49	49	74	74	968	968	649	649	16	16	27	27	1213	1213	5536	5536	112	112	504	504	5017	5017	2094	2094	4	4	2	2	15	15	5	5	10	10	82	82	267	267	1202	1202	3085	3085	940	940	1722	1722	1144	1144	5367	5367	5251	5251	105	105	102	102	341	341	1321	1321	98	98	37	37	1596	1596	1948	1948	3988	3988	2543	2543	3	3	11	11	4	4	26	26	65	65	27	27	318	318	1997	1997	115	115	221	221	403	403	136	136	809065	809065	3688565	3688565	16060	16060	15700	15700	125	125	58	58	28130	28130	24255	24255	165	165	196	196	422	422	611	611	14	14	127	127	308771	308771	175033	175033	223	223	186	186	326	326	312	312	16678	16678	23624	23624	33	33	256	256	173	173	182	182
IND00211	1778	1778	1119	1119	522	522	425	425	5073	5073	5481	5481	105	105	40	40	13083	13083	4819	4819	227	227	120	120	45	45	49	49	891	891	289	289	1846	1846	755	755	87	87	37	37	90	90	110	110	49	49	38	38	3978	3978	6289	6289	121	121	120	120	861	861	679	679	10	10	20	20	3220	3220	7128	7128	176	176	438	438	25	25	2007	2007	9	9	15	15	15	15	14	14	107	107	23	23	422	422	307	307	3281	3281	52	52	454	454	1419	1419	4782	4782	4669	4669	246	246	60	60	3977	3977	900	900	114	114	87	87	694	694	193	193	2963	2963	2598	2598	6	6	8	8	118	118	50	50	73	73	36	36	3050	3050	1396	1396	94	94	225	225	519	519	765	765	3461950	3461950	2906827	2906827	1892	1892	2098	2098	238	238	171	171	25899	25899	19692	19692	82	82	172	172	903	903	1009	1009	256	256	73	73	47838	47838	208906	208906	238	238	172	172	126	126	91	91	28890	28890	7946	7946	50	50	76	76	334	334	441	441
IND00212	612	612	1339	1339	121	121	444	444	1953	1953	720	720	100	100	36	36	1695	1695	1771	1771	249	249	39	39	3	3	37	37	7571	7571	893	893	440	440	993	993	34	34	46	46	90	90	54	54	2	2	26	26	5282	5282	735	735	234	234	71	71	744	744	1012	1012	6	6	22	22	2562	2562	2438	2438	436	436	188	188	2900	2900	2431	2431	14	14	6	6	3	3	9	9	107	107	99	99	855	855	176	176	3939	3939	473	473	1460	1460	158	158	1710	1710	4729	4729	80	80	128	128	2198	2198	816	816	15	15	95	95	805	805	1559	1559	1903	1903	671	671	27	27	17	17	41	41	31	31	106	106	44	44	3183	3183	2664	2664	114	114	247	247	799	799	959	959	4138491	4138491	4032640	4032640	10121	10121	9900	9900	488	488	453	453	27025	27025	9536	9536	214	214	142	142	796	796	723	723	175	175	87	87	289068	289068	35390	35390	177	177	6	6	499	499	276	276	14912	14912	29142	29142	202	202	68	68	7	7	149	149
IND00213	675	675	1661	1661	733	733	725	725	1821	1821	2901	2901	9	9	77	77	11380	11380	14534	14534	232	232	220	220	59	59	7	7	3337	3337	733	733	197	197	1992	1992	75	75	36	36	115	115	63	63	62	62	47	47	6120	6120	3940	3940	216	216	15	15	303	303	944	944	21	21	18	18	4707	4707	448	448	86	86	206	206	1934	1934	1289	1289	7	7	9	9	11	11	9	9	59	59	58	58	2006	2006	1209	1209	263	263	216	216	41	41	49	49	7607	7607	798	798	8	8	77	77	1011	1011	877	877	57	57	136	136	63	63	1992	1992	31	31	3633	3633	1	1	14	14	75	75	59	59	37	37	12	12	1208	1208	3471	3471	244	244	182	182	559	559	879	879	3000867	3000867	3748296	3748296	7397	7397	14815	14815	382	382	237	237	32574	32574	2935	2935	141	141	132	132	355	355	738	738	196	196	33	33	64248	64248	249990	249990	15	15	248	248	336	336	78	78	21182	21182	17467	17467	101	101	147	147	426	426	504	504
IND00214	1044	1044	269	269	271	271	805	805	2035	2035	5383	5383	4	4	37	37	15024	15024	13950	13950	187	187	118	118	16	16	59	59	3191	3191	986	986	1675	1675	1957	1957	86	86	92	92	20	20	5	5	36	36	58	58	717	717	5490	5490	120	120	227	227	612	612	253	253	20	20	16	16	284	284	7377	7377	103	103	280	280	1462	1462	669	669	16	16	3	3	16	16	16	16	118	118	61	61	718	718	825	825	640	640	386	386	1192	1192	1092	1092	4191	4191	3386	3386	237	237	104	104	3666	3666	1709	1709	134	134	148	148	1002	1002	1653	1653	2683	2683	3036	3036	8	8	4	4	53	53	58	58	115	115	15	15	2708	2708	3088	3088	208	208	51	51	936	936	836	836	1252323	1252323	276342	276342	3891	3891	1624	1624	406	406	163	163	8920	8920	12722	12722	172	172	184	184	536	536	343	343	133	133	215	215	358024	358024	139954	139954	88	88	242	242	101	101	342	342	11399	11399	32260	32260	32	32	86	86	71	71	91	91
IND00215	156	156	1597	1597	450	450	181	181	1782	1782	4019	4019	9	9	5	5	16013	16013	893	893	167	167	168	168	8	8	42	42	1568	1568	3457	3457	473	473	1355	1355	81	81	59	59	96	96	30	30	64	64	13	13	7047	7047	2877	2877	240	240	170	170	879	879	698	698	3	3	23	23	3592	3592	144	144	378	378	19	19	4448	4448	6968	6968	3	3	3	3	4	4	13	13	47	47	52	52	1119	1119	52	52	2074	2074	3737	3737	1508	1508	119	119	3576	3576	3820	3820	232	232	146	146	2985	2985	3316	3316	60	60	194	194	926	926	1866	1866	3854	3854	2520	2520	28	28	30	30	19	19	16	16	68	68	28	28	2523	2523	2875	2875	6	6	220	220	407	407	415	415	623613	623613	2254248	2254248	14158	14158	1539	1539	158	158	375	375	3921	3921	20534	20534	96	96	142	142	617	617	84	84	173	173	53	53	353760	353760	364159	364159	113	113	219	219	258	258	249	249	29104	29104	20108	20108	226	226	131	131	408	408	453	453
IND00216	2018	2018	291	291	613	613	742	742	4985	4985	2865	2865	111	111	46	46	15641	15641	12754	12754	167	167	200	200	42	42	16	16	7737	7737	3182	3182	1845	1845	529	529	45	45	41	41	35	35	47	47	52	52	55	55	1432	1432	4183	4183	54	54	76	76	76	76	480	480	20	20	1	1	1956	1956	5404	5404	305	305	229	229	7620	7620	2017	2017	4	4	11	11	5	5	12	12	95	95	21	21	1667	1667	549	549	2804	2804	2987	2987	701	701	988	988	270	270	4010	4010	211	211	190	190	994	994	1369	1369	95	95	204	204	1686	1686	712	712	189	189	3402	3402	20	20	32	32	70	70	125	125	98	98	120	120	1983	1983	2397	2397	113	113	198	198	55	55	285	285	4004180	4004180	392495	392495	7389	7389	3781	3781	370	370	114	114	3189	3189	25576	25576	173	173	174	174	944	944	1004	1004	144	144	79	79	503536	503536	395548	395548	105	105	24	24	89	89	348	348	8659	8659	31342	31342	224	224	140	140	274	274	71	71
IND00217	392	392	779	779	148	148	98	98	7896	7896	7598	7598	75	75	1	1	4828	4828	3050	3050	26	26	113	113	6	6	17	17	6273	6273	4162	4162	1930	1930	375	375	75	75	79	79	84	84	18	18	50	50	56	56	6423	6423	1256	1256	1	1	97	97	99	99	871	871	25	25	20	20	7098	7098	2806	2806	70	70	332	332	4372	4372	7249	7249	12	12	4	4	3	3	7	7	56	56	61	61	1999	1999	1803	1803	1277	1277	2325	2325	4	4	1813	1813	6514	6514	3055	3055	41	41	9	9	317	317	94	94	247	247	68	68	812	812	1035	1035	3871	3871	2922	2922	25	25	26	26	5	5	36	36	1	1	61	61	3113	3113	373	373	30	30	211	211	643	643	673	673	976307	976307	2756214	2756214	1130	1130	10879	10879	447	447	389	389	3989	3989	25214	25214	206	206	245	245	771	771	994	994	120	120	93	93	449898	449898	279662	279662	15	15	121	121	313	313	369	369	19607	19607	830	830	245	245	96	96	288	288	59	59
IND00218	1061	1061	1672	1672	47	47	21	21	5629	5629	334	334	78	78	42	42	15284	15284	16379	16379	152	152	8	8	12	12	40	40	7224	7224	5960	5960	355	355	1355	1355	6	6	111	111	5	5	67	67	22	22	41	41	1247	1247	2168	2168	24	24	210	210	910	910	2	2	21	21	31	31	5334	5334	5631	5631	315	315	141	141	2172	2172	2903	2903	1	1	9	9	6	6	13	13	51	51	121	121	1573	1573	873	873	1592	1592	2751	2751	32	32	399	399	3620	3620	7911	7911	90	90	215	215	3036	3036	2876	2876	59	59	13	13	984	984	639	639	2720	2720	1381	1381	31	31	3	3	55	55	45	45	128	128	123	123	1301	1301	1996	1996	148	148	104	104	509	509	444	444	3930215	3930215	37286	37286	10904	10904	10140	10140	182	182	243	243	29022	29022	3099	3099	30	30	170	170	97	97	229	229	124	124	112	112	375251	375251	160242	160242	108	108	116	116	499	499	488	488	23995	23995	26981	26981	214	214	66	66	26	26	254	254
IND00219	10	10	1542	1542	709	709	236	236	8052	8052	5462	5462	44	44	31	31	2536	2536	511	511	240	240	91	91	61	61	19	19	6656	6656	5953	5953	1736	1736	1399	1399	54	54	98	98	97	97	105	105	51	51	18	18	3826	3826	6517	6517	173	173	90	90	802	802	674	674	11	11	29	29	4141	4141	6096	6096	461	461	72	72	3977	3977	7394	7394	9	9	8	8	7	7	16	16	2	2	4	4	455	455	670	670	3278	3278	2460	2460	1900	1900	1865	1865	605	605	7754	7754	13	13	157	157	2646	2646	1045	1045	224	224	47	47	1161	1161	147	147	1769	1769	2798	2798	11	11	14	14	61	61	78	78	76	76	7	7	2792	2792	1168	1168	51	51	4	4	14	14	264	264	2782553	2782553	774459	774459	6932	6932	8688	8688	412	412	387	387	15674	15674	5183	5183	78	78	168	168	333	333	832	832	39	39	82	82	361155	361155	447531	447531	212	212	5	5	455	455	124	124	17274	17274	30512	30512	121	121	185	185	306	306	130	130
IND00220	1546	1546	483	483	261	261	313	313	3744	3744	5059	5059	128	128	103	103	7768	7768	14410	14410	98	98	26	26	33	33	51	51	7736	7736	7112	7112	422	422	683	683	82	82	86	86	54	54	19	19	64	64	52	52	1733	1733	47	47	225	225	179	179	25	25	535	535	24	24	4	4	4931	4931	1386	1386	188	188	340	340	2630	2630	5197	5197	3	3	15	15	2	2	13	13	92	92	2	2	61	61	867	867	415	415	3934	3934	1224	1224	710	710	3321	3321	7324	7324	52	52	37	37	348	348	4089	4089	179	179	102	102	1917	1917	55	55	2382	2382	1709	1709	27	27	8	8	20	20	127	127	97	97	38	38	1184	1184	1889	1889	164	164	249	249	786	786	421	421	319711	319711	1028448	1028448	12557	12557	9673	9673	270	270	170	170	32658	32658	4301	4301	99	99	235	235	699	699	412	412	66	66	118	118	122499	122499	224957	224957	96	96	126	126	216	216	249	249	25775	25775	11377	11377	241	241	16	16	333	333	505	505
IND00221	1086	1086	426	426	877	877	374	374	6994	6994	2216	2216	59	59	108	108	3355	3355	3076	3076	172	172	162	162	41	41	23	23	4097	4097	365	365	1034	1034	1726	1726	10	10	107	107	43	43	76	76	12	12	24	24	7183	7183	3856	3856	125	125	104	104	547	547	317	317	28	28	13	13	3128	3128	1486	1486	51	51	189	189	2001	2001	7599	7599	14	14	15	15	8	8	13	13	120	120	64	64	1326	1326	114	114	2910	2910	1316	1316	1134	1134	1087	1087	4518	4518	4295	4295	193	193	204	204	1936	1936	2172	2172	53	53	120	120	1426	1426	1418	1418	526	526	2662	2662	27	27	5	5	52	52	37	37	52	52	96	96	1747	1747	1998	1998	85	85	137	137	457	457	733	733	1398177	1398177	1643341	1643341	12043	12043	8519	8519	42	42	446	446	18896	18896	32130	32130	97	97	213	213	556	556	75	75	82	82	146	146	441977	441977	238325	238325	49	49	22	22	254	254	399	399	26288	26288	17522	17522	99	99	139	139	405	405	129	129
IND00222	430	430	141	141	211	211	596	596	4391	4391	5214	5214	1	1	3	3	13144	13144	4013	4013	31	31	24	24	21	21	61	61	5196	5196	5782	5782	1467	1467	1261	1261	124	124	116	116	65	65	11	11	1	1	56	56	3505	3505	157	157	156	156	47	47	238	238	935	935	29	29	14	14	1248	1248	6923	6923	311	311	289	289	5833	5833	6987	6987	16	16	2	2	3	3	8	8	59	59	70	70	1803	1803	1528	1528	2090	2090	1016	1016	703	703	1038	1038	2386	2386	7229	7229	104	104	181	181	3007	3007	885	885	233	233	33	33	1996	1996	19	19	2165	2165	575	575	20	20	28	28	55	55	26	26	86	86	58	58	3381	3381	1385	1385	179	179	7	7	468	468	828	828	3598218	3598218	2576122	2576122	3942	3942	13175	13175	279	279	424	424	22445	22445	16021	16021	169	169	135	135	280	280	402	402	78	78	24	24	245899	245899	483038	483038	231	231	147	147	140	140	416	416	20595	20595	29477	29477	168	168	233	233	366	366	257	257
IND00223	1436	1436	1600	1600	347	347	401	401	1324	1324	6650	6650	49	49	10	10	6718	6718	7321	7321	79	79	91	91	27	27	44	44	6898	6898	1292	1292	1414	1414	986	986	62	62	3	3	44	44	57	57	16	16	21	21	6477	6477	6545	6545	18	18	229	229	39	39	109	109	4	4	31	31	6469	6469	1185	1185	365	365	105	105	2282	2282	7744	7744	10	10	14	14	9	9	9	9	98	98	64	64	958	958	69	69	2094	2094	3083	3083	1897	1897	233	233	5545	5545	3821	3821	150	150	225	225	3817	3817	2147	2147	1	1	106	106	1050	1050	1819	1819	2739	2739	1708	1708	5	5	5	5	57	57	91	91	50	50	41	41	1894	1894	2482	2482	91	91	249	249	614	614	8	8	2358957	2358957	4185586	4185586	15390	15390	450	450	437	437	67	67	27211	27211	23863	23863	104	104	66	66	118	118	792	792	249	249	200	200	223987	223987	212445	212445	132	132	143	143	124	124	476	476	32549	32549	14414	14414	162	162	172	172	136	136	151	151
IND00224	819	819	1367	1367	833	833	434	434	1111	1111	1752	1752	101	101	76	76	16113	16113	3456	3456	71	71	59	59	41	41	8	8	2066	2066	3896	3896	568	568	661	661	72	72	100	100	51	51	116	116	43	43	35	35	1604	1604	4432	4432	192	192	48	48	109	109	177	177	23	23	16	16	7617	7617	7610	7610	420	420	353	353	2563	2563	6689	6689	14	14	12	12	3	3	2	2	109	109	47	47	319	319	1477	1477	1291	1291	1627	1627	2033	2033	1388	1388	7541	7541	3016	3016	17	17	19	19	2546	2546	222	222	1	1	202	202	1463	1463	1027	1027	2919	2919	3262	3262	32	32	19	19	125	125	99	99	72	72	71	71	353	353	731	731	190	190	207	207	131	131	85	85	1235633	1235633	3453590	3453590	8644	8644	14076	14076	383	383	185	185	19151	19151	13463	13463	244	244	63	63	648	648	822	822	70	70	169	169	222614	222614	202074	202074	137	137	255	255	83	83	445	445	10246	10246	7363	7363	219	219	196	196	4	4	401	401
IND00225	1895	1895	1749	1749	599	599	49	49	4453	4453	8096	8096	48	48	31	31	5764	5764	8201	8201	183	183	167	167	9	9	11	11	2483	2483	6792	6792	1429	1429	115	115	111	111	49	49	110	110	31	31	25	25	44	44	7096	7096	6528	6528	238	238	84	84	460	460	175	175	5	5	4	4	5828	5828	5886	5886	259	259	203	203	1371	1371	3985	3985	14	14	2	2	14	14	7	7	18	18	5	5	582	582	1039	1039	3083	3083	1308	1308	1454	1454	424	424	4578	4578	2394	2394	229	229	90	90	348	348	3979	3979	59	59	40	40	997	997	303	303	1899	1899	3678	3678	2	2	24	24	15	15	13	13	80	80	126	126	992	992	2238	2238	101	101	137	137	617	617	516	516	3494141	3494141	4131065	4131065	2060	2060	12243	12243	398	398	443	443	14895	14895	7922	7922	152	152	25	25	473	473	554	554	256	256	26	26	37185	37185	242227	242227	49	49	216	216	256	256	126	126	10472	10472	26460	26460	73	73	229	229	51	51	402	402
IND00226	236	236	291	291	277	277	110	110	5801	5801	2488	2488	32	32	14	14	10263	10263	10884	10884	125	125	160	160	13	13	47	47	1797	1797	871	871	1136	1136	830	830	105	105	82	82	80	80	13	13	36	36	19	19	1580	1580	6028	6028	159	159	101	101	195	195	758	758	13	13	10	10	7541	7541	298	298	4	4	232	232	2804	2804	7005	7005	7	7	1	1	9	9	1	1	89	89	26	26	985	985	1625	1625	1347	1347	3128	3128	1287	1287	1252	1252	561	561	3648	3648	105	105	116	116	3548	3548	200	200	124	124	149	149	344	344	1792	1792	1644	1644	1290	1290	30	30	16	16	115	115	66	66	53	53	17	17	656	656	2341	2341	94	94	250	250	50	50	87	87	3362357	3362357	2006239	2006239	2063	2063	1392	1392	90	90	491	491	29011	29011	17107	17107	117	117	73	73	756	756	575	575	3	3	181	181	519821	519821	258892	258892	130	130	33	33	254	254	27	27	28584	28584	29147	29147	3	3	207	207	339	339	13	13
IND00227	669	669	750	750	43	43	997	997	7132	7132	6855	6855	2	2	106	106	8734	8734	1675	1675	56	56	33	33	28	28	61	61	4303	4303	7792	7792	1060	1060	437	437	105	105	103	103	108	108	104	104	37	37	64	64	3117	3117	7544	7544	237	237	14	14	971	971	263	263	30	30	15	15	4880	4880	1365	1365	75	75	377	377	8026	8026	1458	1458	16	16	5	5	10	10	13	13	59	59	11	11	444	444	446	446	2861	2861	1237	1237	1582	1582	1890	1890	1798	1798	4605	4605	251	251	212	212	1511	1511	3135	3135	112	112	132	132	84	84	320	320	1664	1664	1850	1850	21	21	5	5	101	101	95	95	26	26	78	78	2365	2365	2300	2300	67	67	132	132	140	140	834	834	3579156	3579156	3598285	3598285	1537	1537	4109	4109	353	353	111	111	28906	28906	30824	30824	7	7	237	237	572	572	342	342	201	201	182	182	518433	518433	66487	66487	235	235	163	163	495	495	390	390	2503	2503	23724	23724	205	205	141	141	135	135	102	102
IND00228	130	130	238	238	100	100	768	768	1414	1414	213	213	33	33	107	107	7051	7051	434	434	28	28	24	24	47	47	16	16	666	666	4673	4673	1132	1132	708	708	40	40	27	27	25	25	56	56	46	46	24	24	4818	4818	2755	2755	126	126	18	18	854	854	928	928	30	30	5	5	521	521	374	374	81	81	94	94	1603	1603	1784	1784	13	13	5	5	7	7	7	7	73	73	74	74	178	178	363	363	386	386	525	525	737	737	721	721	922	922	5060	5060	89	89	118	118	863	863	3062	3062	88	88	172	172	1442	1442	734	734	940	940	3235	3235	12	12	8	8	65	65	81	81	102	102	89	89	1994	1994	58	58	20	20	153	153	938	938	740	740	3106134	3106134	1469209	1469209	15335	15335	1786	1786	145	145	315	315	31294	31294	28905	28905	126	126	104	104	68	68	860	860	99	99	168	168	364471	364471	52338	52338	215	215	9	9	18	18	162	162	2616	2616	17772	17772	5	5	148	148	130	130	437	437
IND00229	834	834	1623	1623	142	142	461	461	5403	5403	7728	7728	23	23	108	108	3731	3731	14163	14163	252	252	250	250	40	40	3	3	7104	7104	2737	2737	602	602	848	848	58	58	68	68	62	62	101	101	60	60	30	30	7557	7557	3920	3920	119	119	219	219	546	546	70	70	30	30	23	23	6966	6966	6354	6354	258	258	119	119	5785	5785	5120	5120	11	11	6	6	3	3	4	4	90	90	11	11	824	824	1097	1097	543	543	2831	2831	548	548	1294	1294	2687	2687	3393	3393	71	71	162	162	1548	1548	2583	2583	136	136	82	82	1494	1494	1481	1481	126	126	2063	2063	26	26	18	18	1	1	106	106	45	45	3	3	30	30	4021	4021	236	236	109	109	921	921	810	810	1505685	1505685	1645587	1645587	2754	2754	6532	6532	392	392	155	155	3496	3496	28190	28190	13	13	172	172	147	147	977	977	197	197	107	107	43470	43470	510157	510157	97	97	116	116	67	67	432	432	12626	12626	20587	20587	180	180	219	219	348	348	181	181
IND00230	1409	1409	1029	1029	176	176	839	839	6666	6666	5351	5351	97	97	58	58	2323	2323	10159	10159	146	146	207	207	54	54	36	36	7230	7230	5208	5208	319	319	92	92	11	11	50	50	122	122	58	58	55	55	7	7	5608	5608	3120	3120	160	160	165	165	457	457	662	662	17	17	4	4	5217	5217	3645	3645	499	499	255	255	7602	7602	6168	6168	9	9	5	5	4	4	5	5	59	59	93	93	1982	1982	407	407	366	366	884	884	1929	1929	1680	1680	3600	3600	4850	4850	144	144	196	196	2491	2491	3758	3758	188	188	185	185	988	988	605	605	3065	3065	3042	3042	2	2	3	3	73	73	12	12	118	118	19	19	915	915	3697	3697	225	225	38	38	446	446	457	457	3742086	3742086	620962	620962	2187	2187	8996	8996	93	93	471	471	5974	5974	22752	22752	58	58	80	80	905	905	543	543	236	236	124	124	373526	373526	263951	263951	90	90	145	145	291	291	57	57	15531	15531	6105	6105	116	116	19	19	458	458	51	51
IND00231	1439	1439	2004	2004	516	516	354	354	5506	5506	7425	7425	92	92	68	68	12217	12217	11576	11576	25	25	173	173	10	10	38	38	3925	3925	3745	3745	916	916	1866	1866	4	4	91	91	107	107	115	115	51	51	54	54	6963	6963	712	712	158	158	45	45	827	827	659	659	16	16	2	2	7672	7672	541	541	239	239	248	248	3161	3161	5178	5178	13	13	2	2	16	16	7	7	33	33	45	45	1283	1283	1607	1607	3532	3532	1109	1109	521	521	1077	1077	6341	6341	5924	5924	65	65	54	54	3984	3984	2063	2063	218	218	58	58	500	500	1057	1057	2412	2412	175	175	11	11	32	32	27	27	104	104	61	61	40	40	2494	2494	198	198	40	40	137	137	870	870	18	18	2089747	2089747	3786743	3786743	10044	10044	15997	15997	425	425	59	59	12334	12334	21594	21594	93	93	63	63	873	873	924	924	150	150	27	27	254605	254605	47283	47283	54	54	8	8	505	505	5	5	13172	13172	19500	19500	204	204	108	108	434	434	397	397
IND00232	159	159	675	675	211	211	1013	1013	6758	6758	3478	3478	119	119	66	66	1184	1184	5132	5132	85	85	53	53	48	48	56	56	6466	6466	144	144	2040	2040	1828	1828	52	52	30	30	21	21	106	106	60	60	48	48	2930	2930	3481	3481	120	120	181	181	641	641	112	112	14	14	23	23	8101	8101	5484	5484	465	465	495	495	8043	8043	4469	4469	13	13	10	10	8	8	13	13	71	71	36	36	981	981	322	322	3226	3226	1086	1086	1292	1292	1428	1428	2276	2276	5422	5422	38	38	155	155	550	550	894	894	86	86	141	141	1459	1459	270	270	2411	2411	2578	2578	3	3	25	25	98	98	83	83	11	11	69	69	1147	1147	2876	2876	3	3	95	95	666	666	809	809	1617697	1617697	538808	538808	3305	3305	9844	9844	263	263	44	44	5593	5593	17642	17642	211	211	103	103	156	156	898	898	124	124	205	205	185509	185509	301455	301455	179	179	168	168	288	288	41	41	3994	3994	30218	30218	65	65	168	168	486	486	160	160
IND00233	1380	1380	1616	1616	567	567	732	732	2197	2197	7406	7406	108	108	27	27	1056	1056	1998	1998	88	88	203	203	48	48	27	27	4093	4093	333	333	923	923	402	402	95	95	28	28	49	49	80	80	18	18	63	63	6381	6381	5924	5924	112	112	25	25	525	525	1001	1001	12	12	11	11	7399	7399	909	909	475	475	57	57	3365	3365	5774	5774	12	12	16	16	11	11	11	11	77	77	28	28	1117	1117	1962	1962	327	327	2692	2692	1645	1645	483	483	2110	2110	7243	7243	221	221	247	247	2191	2191	753	753	216	216	53	53	721	721	1716	1716	2785	2785	2043	2043	22	22	13	13	122	122	37	37	39	39	67	67	3975	3975	656	656	215	215	253	253	772	772	550	550	1160849	1160849	3440921	3440921	12360	12360	10980	10980	226	226	89	89	19193	19193	8910	8910	142	142	106	106	126	126	142	142	26	26	246	246	17482	17482	204596	204596	203	203	180	180	305	305	59	59	27817	27817	13915	13915	240	240	6	6	25	25	165	165
IND00234	1092	1092	116	116	337	337	834	834	2268	2268	4047	4047	115	115	110	110	1823	1823	7810	7810	255	255	212	212	57	57	49	49	6101	6101	6837	6837	1311	1311	921	921	25	25	111	111	67	67	76	76	15	15	1	1	928	928	2483	2483	58	58	49	49	696	696	615	615	31	31	8	8	2147	2147	6976	6976	286	286	70	70	893	893	5528	5528	1	1	9	9	7	7	15	15	126	126	74	74	201	201	325	325	1715	1715	2107	2107	773	773	1610	1610	2137	2137	355	355	199	199	194	194	448	448	2022	2022	40	40	254	254	1332	1332	1121	1121	3728	3728	1966	1966	9	9	22	22	13	13	59	59	76	76	70	70	3762	3762	193	193	113	113	125	125	35	35	764	764	2207224	2207224	4154621	4154621	14696	14696	15988	15988	320	320	453	453	28406	28406	24334	24334	108	108	194	194	84	84	178	178	231	231	242	242	284554	284554	115294	115294	76	76	152	152	493	493	476	476	11948	11948	11111	11111	212	212	175	175	454	454	70	70
IND00235	492	492	1020	1020	448	448	300	300	4066	4066	4032	4032	61	61	26	26	7517	7517	15154	15154	5	5	4	4	13	13	8	8	890	890	8068	8068	1415	1415	1321	1321	92	92	31	31	82	82	8	8	56	56	55	55	4297	4297	6504	6504	120	120	111	111	42	42	164	164	19	19	22	22	15	15	6463	6463	290	290	97	97	1384	1384	4667	4667	3	3	3	3	7	7	13	13	81	81	94	94	1031	1031	881	881	1269	1269	1355	1355	1794	1794	1725	1725	5927	5927	7912	7912	213	213	153	153	617	617	729	729	250	250	169	169	97	97	1105	1105	2235	2235	3368	3368	22	22	17	17	8	8	16	16	35	35	42	42	664	664	3774	3774	143	143	239	239	850	850	133	133	1619012	1619012	2423603	2423603	9978	9978	10998	10998	301	301	290	290	19171	19171	23080	23080	214	214	70	70	533	533	485	485	134	134	61	61	338069	338069	175655	175655	64	64	216	216	218	218	90	90	26065	26065	24022	24022	34	34	14	14	340	340	54	54
IND00236	491	491	524	524	535	535	771	771	2098	2098	7527	7527	103	103	13	13	7913	7913	12507	12507	81	81	224	224	50	50	53	53	6204	6204	6151	6151	259	259	34	34	35	35	95	95	119	119	1	1	27	27	23	23	5000	5000	5768	5768	255	255	154	154	2	2	719	719	26	26	18	18	3504	3504	6923	6923	291	291	371	371	5972	5972	5345	5345	3	3	14	14	9	9	8	8	21	21	16	16	1130	1130	474	474	1167	1167	2804	2804	979	979	519	519	8142	8142	7375	7375	131	131	160	160	1148	1148	3435	3435	47	47	164	164	1815	1815	809	809	616	616	1341	1341	1	1	22	22	100	100	90	90	89	89	108	108	520	520	2486	2486	256	256	147	147	586	586	947	947	1481149	1481149	2214959	2214959	13720	13720	8504	8504	421	421	445	445	23571	23571	22563	22563	107	107	146	146	250	250	247	247	88	88	188	188	488347	488347	284424	284424	202	202	160	160	104	104	437	437	2413	2413	29473	29473	209	209	55	55	390	390	284	284
IND00237	726	726	774	774	327	327	838	838	5466	5466	7638	7638	62	62	88	88	12594	12594	14900	14900	38	38	92	92	10	10	26	26	4952	4952	6021	6021	108	108	231	231	38	38	7	7	2	2	6	6	40	40	49	49	3813	3813	1467	1467	19	19	76	76	861	861	587	587	8	8	17	17	2030	2030	4405	4405	280	280	374	374	266	266	2913	2913	10	10	5	5	7	7	11	11	16	16	74	74	1171	1171	712	712	3238	3238	2927	2927	555	555	930	930	6648	6648	5139	5139	101	101	174	174	61	61	35	35	141	141	57	57	2045	2045	1480	1480	2713	2713	3474	3474	16	16	20	20	97	97	101	101	25	25	109	109	1421	1421	1392	1392	122	122	25	25	523	523	754	754	1669155	1669155	3857358	3857358	1149	1149	6203	6203	313	313	282	282	21050	21050	19257	19257	249	249	4	4	917	917	265	265	170	170	124	124	261702	261702	413490	413490	184	184	105	105	414	414	201	201	22580	22580	1404	1404	153	153	92	92	421	421	211	211
IND00238	99	99	373	373	449	449	653	653	652	652	7760	7760	63	63	1	1	8906	8906	11455	11455	17	17	102	102	48	48	5	5	5121	5121	5997	5997	1961	1961	1221	1221	96	96	42	42	57	57	111	111	49	49	32	32	1022	1022	7478	7478	215	215	29	29	379	379	764	764	32	32	26	26	5601	5601	715	715	359	359	218	218	3553	3553	7585	7585	4	4	13	13	1	1	11	11	94	94	64	64	1418	1418	749	749	1683	1683	3762	3762	868	868	656	656	2324	2324	5664	5664	199	199	65	65	1823	1823	637	637	245	245	130	130	1797	1797	860	860	3190	3190	1179	1179	22	22	16	16	109	109	89	89	45	45	37	37	377	377	3009	3009	152	152	219	219	46	46	892	892	2582046	2582046	2837852	2837852	14444	14444	2339	2339	307	307	47	47	31585	31585	6387	6387	111	111	238	238	1014	1014	908	908	175	175	207	207	250017	250017	131281	131281	142	142	228	228	373	373	212	212	21396	21396	4337	4337	251	251	255	255	370	370	330	330
IND00239	1757	1757	1803	1803	53	53	157	157	4640	4640	7108	7108	23	23	84	84	6796	6796	954	954	174	174	192	192	5	5	35	35	2230	2230	2307	2307	1436	1436	1634	1634	127	127	74	74	29	29	86	86	17	17	39	39	4978	4978	7240	7240	81	81	8	8	366	366	922	922	4	4	22	22	4587	4587	6494	6494	433	433	456	456	1889	1889	7783	7783	10	10	9	9	11	11	16	16	31	31	97	97	1608	1608	474	474	3213	3213	1553	1553	111	111	148	148	813	813	4480	4480	123	123	67	67	2011	2011	3197	3197	142	142	69	69	599	599	327	327	3576	3576	2699	2699	6	6	2	2	84	84	85	85	12	12	13	13	833	833	1285	1285	181	181	169	169	360	360	829	829	1933317	1933317	1476058	1476058	10630	10630	14555	14555	259	259	13	13	12289	12289	17795	17795	21	21	69	69	548	548	912	912	102	102	145	145	466852	466852	268776	268776	226	226	237	237	42	42	186	186	20042	20042	3099	3099	23	23	227	227	99	99	313	313
IND00240	1848	1848	2009	2009	1018	1018	620	620	4221	4221	3958	3958	115	115	19	19	1568	1568	11511	11511	1	1	208	208	60	60	23	23	3184	3184	1287	1287	1237	1237	505	505	39	39	93	93	36	36	65	65	6	6	37	37	3373	3373	4357	4357	167	167	104	104	716	716	549	549	14	14	23	23	7708	7708	1531	1531	75	75	186	186	1955	1955	6274	6274	5	5	3	3	6	6	10	10	17	17	12	12	1559	1559	293	293	2272	2272	3415	3415	1336	1336	1100	1100	513	513	5818	5818	188	188	40	40	997	997	3343	3343	88	88	33	33	49	49	1459	1459	779	779	1412	1412	11	11	32	32	77	77	21	21	25	25	85	85	1342	1342	866	866	66	66	4	4	439	439	973	973	3090365	3090365	790997	790997	2844	2844	14186	14186	232	232	139	139	16366	16366	19922	19922	171	171	27	27	544	544	160	160	145	145	211	211	120360	120360	522490	522490	123	123	254	254	107	107	434	434	30370	30370	28662	28662	180	180	201	201	392	392	325	325
IND00241	1216	1216	1333	1333	42	42	1000	1000	1185	1185	7689	7689	97	97	22	22	12104	12104	7740	7740	156	156	143	143	3	3	18	18	4866	4866	7994	7994	1703	1703	1301	1301	6	6	70	70	20	20	38	38	23	23	16	16	4983	4983	7941	7941	18	18	180	180	778	778	674	674	28	28	9	9	4735	4735	3049	3049	262	262	314	314	7464	7464	3287	3287	8	8	1	1	16	16	3	3	66	66	32	32	1293	1293	1672	1672	3655	3655	910	910	1820	1820	1106	1106	5569	5569	2793	2793	218	218	124	124	2508	2508	1743	1743	233	233	81	81	237	237	1494	1494	1784	1784	2116	2116	10	10	14	14	80	80	60	60	122	122	64	64	1252	1252	2464	2464	229	229	226	226	166	166	323	323	1217676	1217676	2161903	2161903	12471	12471	12001	12001	74	74	347	347	14739	14739	8401	8401	252	252	211	211	865	865	987	987	185	185	210	210	267468	267468	101020	101020	29	29	108	108	91	91	182	182	26874	26874	18355	18355	242	242	141	141	461	461	405	405
IND00242	70	70	1329	1329	869	869	210	210	3274	3274	6728	6728	6	6	8	8	845	845	512	512	144	144	17	17	1	1	34	34	2980	2980	6968	6968	66	66	1404	1404	47	47	101	101	7	7	19	19	59	59	1	1	952	952	5222	5222	77	77	39	39	2	2	654	654	21	21	1	1	5619	5619	447	447	92	92	225	225	203	203	4406	4406	2	2	8	8	15	15	13	13	71	71	17	17	688	688	207	207	1216	1216	465	465	687	687	1628	1628	1246	1246	3665	3665	128	128	130	130	4057	4057	814	814	81	81	26	26	719	719	364	364	2926	2926	541	541	15	15	8	8	69	69	111	111	66	66	2	2	2891	2891	1792	1792	97	97	204	204	401	401	441	441	3237386	3237386	2913552	2913552	11396	11396	7950	7950	135	135	440	440	25205	25205	11615	11615	174	174	230	230	785	785	1010	1010	28	28	49	49	469949	469949	520250	520250	67	67	177	177	397	397	508	508	21994	21994	781	781	183	183	99	99	473	473	143	143
IND00243	994	994	1771	1771	207	207	145	145	6702	6702	5732	5732	84	84	94	94	11597	11597	9919	9919	26	26	190	190	27	27	36	36	597	597	5057	5057	1266	1266	1681	1681	78	78	127	127	4	4	6	6	53	53	41	41	4689	4689	4888	4888	35	35	144	144	386	386	238	238	25	25	5	5	3426	3426	6539	6539	195	195	53	53	5068	5068	340	340	10	10	12	12	13	13	11	11	46	46	10	10	1166	1166	1860	1860	1659	1659	3244	3244	460	460	229	229	7480	7480	989	989	220	220	149	149	286	286	292	292	122	122	157	157	1924	1924	928	928	987	987	700	700	28	28	1	1	35	35	26	26	12	12	23	23	3382	3382	895	895	141	141	30	30	13	13	960	960	381687	381687	2553095	2553095	6999	6999	4331	4331	302	302	56	56	22791	22791	9543	9543	103	103	71	71	139	139	123	123	132	132	50	50	133892	133892	134791	134791	80	80	11	11	170	170	232	232	29258	29258	26634	26634	150	150	40	40	459	459	18	18
IND00244	216	216	1237	1237	1003	1003	466	466	4131	4131	3632	3632	84	84	113	113	6878	6878	2586	2586	78	78	147	147	11	11	33	33	466	466	4951	4951	1434	1434	113	113	46	46	93	93	116	116	15	15	43	43	17	17	6833	6833	24	24	195	195	174	174	19	19	120	120	21	21	18	18	1971	1971	2890	2890	339	339	314	314	1031	1031	8037	8037	1	1	6	6	14	14	12	12	78	78	76	76	1205	1205	280	280	1342	1342	3148	3148	1753	1753	925	925	3571	3571	1765	1765	205	205	188	188	3475	3475	3527	3527	243	243	15	15	713	713	431	431	3544	3544	3734	3734	25	25	13	13	64	64	91	91	14	14	56	56	2725	2725	3625	3625	94	94	155	155	927	927	48	48	311965	311965	178013	178013	7453	7453	15551	15551	29	29	377	377	20665	20665	7192	7192	51	51	14	14	669	669	233	233	52	52	186	186	367984	367984	86415	86415	94	94	97	97	338	338	5	5	7592	7592	32143	32143	203	203	10	10	312	312	333	333
IND00245	1799	1799	1120	1120	504	504	209	209	8065	8065	4743	4743	7	7	82	82	12282	12282	10930	10930	123	123	233	233	5	5	63	63	7046	7046	183	183	58	58	950	950	106	106	51	51	38	38	124	124	51	51	47	47	4682	4682	5028	5028	34	34	23	23	704	704	123	123	18	18	27	27	2280	2280	4572	4572	165	165	485	485	6213	6213	4800	4800	6	6	5	5	7	7	14	14	60	60	58	58	438	438	1265	1265	1112	1112	3281	3281	231	231	1198	1198	6757	6757	6050	6050	20	20	155	155	2652	2652	1039	1039	18	18	32	32	1014	1014	2030	2030	2204	2204	263	263	32	32	27	27	63	63	18	18	56	56	45	45	539	539	224	224	219	219	84	84	407	407	459	459	2660369	2660369	315474	315474	2702	2702	6431	6431	321	321	289	289	1727	1727	1059	1059	40	40	81	81	533	533	539	539	88	88	109	109	336119	336119	146455	146455	22	22	76	76	201	201	135	135	3981	3981	4980	4980	144	144	56	56	132	132	313	313
IND00246	55	55	1178	1178	1	1	623	623	7519	7519	4816	4816	28	28	33	33	10087	10087	14169	14169	9	9	77	77	34	34	30	30	7284	7284	5623	5623	1230	1230	1455	1455	22	22	26	26	124	124	105	105	7	7	11	11	2580	2580	5405	5405	78	78	109	109	736	736	598	598	11	11	10	10	3234	3234	4913	4913	191	191	4	4	5587	5587	1559	1559	4	4	6	6	9	9	12	12	97	97	105	105	47	47	262	262	3552	3552	1532	1532	1528	1528	747	747	3661	3661	2479	2479	215	215	29	29	3951	3951	3801	3801	245	245	25	25	1149	1149	798	798	161	161	1108	1108	27	27	26	26	115	115	88	88	122	122	81	81	88	88	3398	3398	151	151	92	92	721	721	485	485	2304985	2304985	1302445	1302445	8814	8814	7273	7273	160	160	332	332	25271	25271	29962	29962	7	7	170	170	242	242	866	866	125	125	150	150	2556	2556	25830	25830	212	212	85	85	300	300	473	473	8384	8384	15475	15475	222	222	70	70	91	91	193	193
IND00247	1541	1541	702	702	83	83	397	397	7158	7158	7565	7565	10	10	1	1	13134	13134	5930	5930	249	249	56	56	41	41	12	12	1668	1668	1859	1859	1456	1456	1615	1615	48	48	79	79	90	90	105	105	36	36	53	53	2929	2929	6962	6962	116	116	134	134	282	282	897	897	25	25	21	21	2701	2701	5477	5477	141	141	101	101	2315	2315	5653	5653	15	15	12	12	1	1	4	4	46	46	23	23	701	701	406	406	2135	2135	3921	3921	1718	1718	1082	1082	7490	7490	4124	4124	98	98	146	146	3270	3270	3545	3545	196	196	15	15	1900	1900	330	330	2016	2016	1728	1728	4	4	13	13	58	58	36	36	102	102	54	54	1817	1817	3116	3116	169	169	63	63	649	649	110	110	2879485	2879485	3716089	3716089	8999	8999	13917	13917	285	285	399	399	17671	17671	23718	23718	6	6	96	96	867	867	468	468	184	184	77	77	68783	68783	146209	146209	51	51	73	73	158	158	234	234	30096	30096	19945	19945	201	201	116	116	164	164	28	28
IND00248	350	350	1337	1337	277	277	776	776	1682	1682	7359	7359	93	93	49	49	8397	8397	13513	13513	41	41	132	132	8	8	62	62	6106	6106	6435	6435	267	267	1128	1128	54	54	23	23	110	110	95	95	15	15	19	19	6978	6978	8024	8024	213	213	47	47	364	364	37	37	3	3	32	32	5703	5703	3063	3063	325	325	377	377	3907	3907	821	821	5	5	2	2	8	8	2	2	115	115	115	115	885	885	1636	1636	852	852	3384	3384	1344	1344	1645	1645	4511	4511	7673	7673	66	66	100	100	162	162	3858	3858	99	99	20	20	1382	1382	1073	1073	904	904	3138	3138	23	23	28	28	40	40	58	58	58	58	2	2	3136	3136	937	937	171	171	166	166	293	293	660	660	37520	37520	363469	363469	10868	10868	15495	15495	317	317	393	393	16253	16253	6694	6694	255	255	184	184	263	263	670	670	121	121	121	121	246627	246627	298679	298679	248	248	58	58	337	337	133	133	3992	3992	4049	4049	43	43	32	32	420	420	162	162
IND00249	723	723	1288	1288	555	555	949	949	3525	3525	1877	1877	5	5	58	58	541	541	7790	7790	150	150	189	189	20	20	40	40	6353	6353	2855	2855	1261	1261	1422	1422	94	94	74	74	38	38	116	116	25	25	29	29	3843	3843	7881	7881	78	78	20	20	418	418	35	35	23	23	24	24	2402	2402	5682	5682	483	483	232	232	5249	5249	7025	7025	11	11	6	6	5	5	10	10	6	6	3	3	634	634	592	592	539	539	3871	3871	1302	1302	1678	1678	4303	4303	1060	1060	203	203	203	203	1306	1306	4063	4063	148	148	184	184	1408	1408	1479	1479	3646	3646	3903	3903	9	9	6	6	51	51	17	17	118	118	56	56	234	234	3902	3902	55	55	22	22	478	478	756	756	1336062	1336062	1956938	1956938	14496	14496	13439	13439	434	434	115	115	31068	31068	20505	20505	111	111	169	169	900	900	129	129	205	205	20	20	307939	307939	476109	476109	168	168	38	38	90	90	291	291	3347	3347	20556	20556	181	181	71	71	408	408	134	134
IND00250	317	317	1266	1266	974	974	849	849	3360	3360	1887	1887	75	75	26	26	16238	16238	6661	6661	96	96	85	85	38	38	51	51	232	232	3746	3746	1023	1023	1269	1269	124	124	93	93	107	107	96	96	61	61	61	61	1501	1501	6241	6241	125	125	246	246	113	113	32	32	17	17	13	13	7054	7054	7766	7766	56	56	442	442	1653	1653	7786	7786	9	9	13	13	12	12	6	6	96	96	94	94	1075	1075	488	488	2912	2912	3189	3189	907	907	746	746	198	198	7352	7352	247	247	255	255	644	644	335	335	87	87	64	64	318	318	1377	1377	1458	1458	110	110	18	18	13	13	22	22	20	20	71	71	1	1	799	799	279	279	183	183	68	68	772	772	84	84	4083860	4083860	1713271	1713271	996	996	7441	7441	57	57	451	451	12098	12098	615	615	24	24	231	231	265	265	327	327	13	13	78	78	434062	434062	461226	461226	183	183	37	37	113	113	158	158	26123	26123	10656	10656	181	181	128	128	108	108	284	284
IND00251	1697	1697	112	112	289	289	836	836	2828	2828	1383	1383	4	4	13	13	11099	11099	15409	15409	177	177	247	247	6	6	62	62	3694	3694	7914	7914	1604	1604	1321	1321	3	3	70	70	75	75	27	27	9	9	24	24	5052	5052	6811	6811	73	73	175	175	43	43	33	33	5	5	24	24	2220	2220	7544	7544	445	445	21	21	3801	3801	2701	2701	3	3	12	12	15	15	1	1	127	127	54	54	1313	1313	1267	1267	3199	3199	1874	1874	1926	1926	430	430	4166	4166	6234	6234	248	248	118	118	172	172	3586	3586	135	135	99	99	760	760	1072	1072	1247	1247	878	878	25	25	5	5	67	67	19	19	37	37	37	37	2184	2184	1216	1216	130	130	223	223	134	134	1000	1000	1652511	1652511	3956137	3956137	11772	11772	13828	13828	361	361	512	512	19532	19532	26604	26604	22	22	241	241	605	605	647	647	164	164	162	162	111476	111476	41732	41732	13	13	122	122	128	128	501	501	7209	7209	20773	20773	232	232	21	21	441	441	91	91
IND00252	2032	2032	1554	1554	581	581	660	660	5574	5574	8002	8002	63	63	40	40	15542	15542	3233	3233	68	68	149	149	25	25	39	39	4630	4630	1844	1844	1966	1966	1181	1181	64	64	56	56	61	61	29	29	14	14	47	47	3267	3267	5924	5924	37	37	36	36	1012	1012	851	851	16	16	27	27	3978	3978	2751	2751	499	499	179	179	6223	6223	6917	6917	7	7	14	14	4	4	5	5	29	29	37	37	1076	1076	1431	1431	345	345	1717	1717	481	481	1495	1495	5164	5164	7708	7708	141	141	190	190	336	336	2816	2816	148	148	115	115	1637	1637	1497	1497	168	168	108	108	1	1	10	10	87	87	92	92	40	40	126	126	1755	1755	86	86	57	57	72	72	50	50	876	876	3755827	3755827	2326771	2326771	2874	2874	7049	7049	401	401	447	447	14740	14740	18631	18631	101	101	173	173	214	214	227	227	218	218	253	253	355757	355757	130117	130117	216	216	20	20	41	41	309	309	32738	32738	28658	28658	26	26	58	58	419	419	235	235
IND00253	762	762	2036	2036	348	348	10	10	8043	8043	2531	2531	20	20	17	17	8407	8407	6826	6826	177	177	94	94	7	7	3	3	4054	4054	1924	1924	122	122	786	786	46	46	11	11	79	79	111	111	33	33	44	44	2403	2403	5079	5079	239	239	248	248	851	851	272	272	8	8	27	27	5474	5474	1771	1771	150	150	79	79	3604	3604	5302	5302	14	14	10	10	7	7	14	14	114	114	98	98	1274	1274	1414	1414	2677	2677	1668	1668	782	782	1166	1166	3000	3000	5631	5631	188	188	150	150	3432	3432	2126	2126	107	107	250	250	1834	1834	302	302	1052	1052	1588	1588	6	6	9	9	73	73	44	44	31	31	30	30	596	596	2565	2565	47	47	158	158	377	377	563	563	3566694	3566694	1414446	1414446	14010	14010	9412	9412	382	382	27	27	29752	29752	15549	15549	178	178	42	42	739	739	234	234	244	244	110	110	342963	342963	417970	417970	213	213	231	231	126	126	354	354	30302	30302	927	927	77	77	121	121	118	118	54	54
IND00254	792	792	1088	1088	130	130	585	585	8083	8083	918	918	34	34	59	59	3633	3633	1759	1759	127	127	133	133	10	10	17	17	7682	7682	7638	7638	167	167	1651	1651	99	99	34	34	51	51	12	12	61	61	35	35	2524	2524	1541	1541	239	239	60	60	461	461	513	513	23	23	6	6	4232	4232	7179	7179	505	505	510	510	7604	7604	3575	3575	2	2	15	15	8	8	13	13	39	39	36	36	778	778	1817	1817	1848	1848	3675	3675	558	558	34	34	4242	4242	8022	8022	132	132	196	196	426	426	1919	1919	1	1	67	67	1499	1499	1778	1778	3288	3288	3195	3195	31	31	26	26	123	123	65	65	77	77	12	12	2403	2403	643	643	32	32	220	220	262	262	68	68	2396932	2396932	1666904	1666904	6432	6432	9989	9989	178	178	351	351	28352	28352	21580	21580	42	42	104	104	679	679	871	871	177	177	230	230	394055	394055	288801	288801	67	67	167	167	306	306	315	315	4230	4230	13285	13285	221	221	91	91	131	131	368	368
IND00255	1363	1363	304	304	838	838	253	253	5568	5568	6865	6865	95	95	75	75	7595	7595	4458	4458	97	97	232	232	49	49	42	42	3264	3264	3824	3824	436	436	522	522	119	119	108	108	126	126	1	1	17	17	52	52	5548	5548	680	680	82	82	156	156	406	406	558	558	15	15	24	24	4681	4681	6249	6249	108	108	342	342	5113	5113	3607	3607	12	12	8	8	12	12	15	15	32	32	126	126	1296	1296	336	336	2962	2962	2015	2015	1244	1244	1770	1770	2116	2116	4478	4478	65	65	118	118	1190	1190	1714	1714	139	139	247	247	1965	1965	640	640	2652	2652	37	37	25	25	30	30	13	13	46	46	87	87	98	98	3713	3713	3106	3106	37	37	149	149	507	507	268	268	664193	664193	2290732	2290732	181	181	6116	6116	219	219	485	485	3133	3133	1471	1471	224	224	212	212	551	551	611	611	226	226	121	121	294392	294392	95878	95878	162	162	27	27	218	218	408	408	30031	30031	16473	16473	42	42	238	238	214	214	145	145
IND00256	592	592	1564	1564	395	395	962	962	1438	1438	4207	4207	89	89	101	101	5363	5363	10591	10591	48	48	214	214	19	19	54	54	2454	2454	635	635	436	436	294	294	42	42	85	85	51	51	11	11	57	57	55	55	5500	5500	2607	2607	18	18	104	104	813	813	3	3	10	10	20	20	8059	8059	688	688	418	418	24	24	1329	1329	6589	6589	2	2	8	8	9	9	9	9	21	21	124	124	1908	1908	22	22	2570	2570	1025	1025	1603	1603	777	777	4138	4138	2544	2544	106	106	56	56	3967	3967	4000	4000	235	235	103	103	723	723	1573	1573	911	911	3256	3256	5	5	21	21	60	60	127	127	79	79	109	109	1096	1096	2636	2636	229	229	88	88	419	419	799	799	3125310	3125310	3756439	3756439	5968	5968	12559	12559	48	48	444	444	24817	24817	5856	5856	162	162	117	117	232	232	776	776	14	14	176	176	208371	208371	485386	485386	256	256	141	141	353	353	32	32	6113	6113	29662	29662	54	54	111	111	481	481	182	182
IND00257	383	383	874	874	268	268	885	885	3474	3474	3551	3551	49	49	30	30	4980	4980	2906	2906	178	178	217	217	46	46	59	59	2367	2367	7790	7790	22	22	150	150	69	69	97	97	59	59	68	68	53	53	39	39	161	161	1884	1884	230	230	48	48	938	938	767	767	26	26	8	8	2110	2110	4554	4554	135	135	364	364	573	573	3121	3121	14	14	2	2	14	14	2	2	75	75	87	87	1110	1110	1175	1175	2408	2408	673	673	1514	1514	538	538	921	921	6753	6753	138	138	195	195	243	243	432	432	236	236	158	158	1249	1249	300	300	3554	3554	23	23	16	16	20	20	28	28	70	70	84	84	40	40	2545	2545	638	638	91	91	201	201	282	282	125	125	2645995	2645995	1199921	1199921	12634	12634	7910	7910	394	394	55	55	30204	30204	5314	5314	231	231	234	234	573	573	660	660	193	193	231	231	393935	393935	411385	411385	141	141	151	151	417	417	21	21	19150	19150	6618	6618	75	75	252	252	20	20	313	313
IND00258	1843	1843	59	59	88	88	507	507	7746	7746	5060	5060	66	66	55	55	10144	10144	9810	9810	96	96	154	154	26	26	1	1	4645	4645	3333	3333	1682	1682	1604	1604	81	81	45	45	37	37	105	105	22	22	26	26	5233	5233	926	926	190	190	231	231	31	31	682	682	25	25	31	31	2653	2653	7360	7360	246	246	497	497	3122	3122	4076	4076	11	11	8	8	7	7	5	5	13	13	68	68	665	665	200	200	1422	1422	373	373	1485	1485	543	543	7904	7904	1539	1539	105	105	186	186	4085	4085	3107	3107	27	27	70	70	781	781	1857	1857	1751	1751	1058	1058	29	29	18	18	34	34	93	93	45	45	29	29	1493	1493	1391	1391	18	18	135	135	98	98	621	621	408673	408673	2688829	2688829	8316	8316	4905	4905	464	464	497	497	6634	6634	14082	14082	143	143	165	165	266	266	877	877	227	227	50	50	240338	240338	204227	204227	175	175	171	171	320	320	61	61	16186	16186	22062	22062	3	3	104	104	429	429	171	171
IND00259	438	438	655	655	55	55	269	269	6426	6426	432	432	104	104	46	46	11109	11109	6715	6715	128	128	67	67	36	36	10	10	3515	3515	6003	6003	304	304	307	307	96	96	112	112	36	36	60	60	27	27	9	9	1091	1091	489	489	20	20	79	79	608	608	31	31	7	7	32	32	2428	2428	670	670	57	57	295	295	7684	7684	1107	1107	6	6	14	14	9	9	1	1	39	39	101	101	1048	1048	1314	1314	3940	3940	1928	1928	1318	1318	308	308	333	333	5299	5299	42	42	138	138	295	295	1033	1033	256	256	52	52	1843	1843	277	277	3353	3353	475	475	8	8	18	18	116	116	70	70	39	39	108	108	2351	2351	2720	2720	105	105	52	52	101	101	170	170	1142925	1142925	1459041	1459041	9665	9665	9765	9765	289	289	159	159	16962	16962	19486	19486	35	35	226	226	63	63	664	664	176	176	99	99	95329	95329	462614	462614	186	186	166	166	413	413	150	150	28966	28966	30389	30389	63	63	146	146	407	407	253	253
IND00260	72	72	1781	1781	916	916	717	717	1867	1867	2215	2215	46	46	78	78	6814	6814	3698	3698	144	144	38	38	64	64	58	58	1320	1320	827	827	1165	1165	1729	1729	70	70	77	77	19	19	34	34	47	47	11	11	3154	3154	6700	6700	54	54	104	104	75	75	297	297	25	25	16	16	6297	6297	6674	6674	5	5	156	156	270	270	3210	3210	13	13	14	14	8	8	12	12	14	14	36	36	1489	1489	363	363	3177	3177	1972	1972	1661	1661	1486	1486	4607	4607	8175	8175	113	113	3	3	3008	3008	1592	1592	62	62	92	92	681	681	570	570	4064	4064	425	425	13	13	22	22	30	30	1	1	98	98	84	84	4043	4043	2945	2945	213	213	29	29	356	356	865	865	2022734	2022734	1575909	1575909	6669	6669	5190	5190	146	146	111	111	5751	5751	26838	26838	100	100	179	179	747	747	763	763	71	71	163	163	85188	85188	386674	386674	99	99	138	138	391	391	397	397	17706	17706	6108	6108	224	224	229	229	359	359	19	19
IND00261	1850	1850	1846	1846	180	180	226	226	4057	4057	4834	4834	25	25	83	83	7342	7342	12792	12792	92	92	87	87	36	36	5	5	1241	1241	7532	7532	764	764	484	484	19	19	125	125	95	95	89	89	59	59	59	59	545	545	5122	5122	5	5	32	32	976	976	314	314	17	17	8	8	6603	6603	7168	7168	229	229	353	353	2271	2271	6741	6741	11	11	13	13	5	5	10	10	3	3	95	95	1996	1996	1392	1392	2039	2039	2821	2821	545	545	1811	1811	7935	7935	4858	4858	224	224	39	39	712	712	2364	2364	241	241	154	154	1369	1369	1221	1221	2794	2794	2505	2505	17	17	17	17	92	92	60	60	71	71	86	86	100	100	1137	1137	6	6	255	255	946	946	569	569	1129598	1129598	3637687	3637687	8972	8972	3571	3571	144	144	352	352	32594	32594	10969	10969	254	254	88	88	700	700	619	619	183	183	176	176	311504	311504	433289	433289	186	186	178	178	248	248	22	22	26025	26025	19292	19292	51	51	142	142	430	430	115	115
IND00262	979	979	405	405	412	412	55	55	3829	3829	6262	6262	122	122	126	126	15390	15390	2107	2107	76	76	238	238	1	1	43	43	4419	4419	7904	7904	1496	1496	185	185	3	3	33	33	63	63	62	62	23	23	52	52	8027	8027	5949	5949	146	146	119	119	293	293	863	863	27	27	26	26	529	529	1747	1747	152	152	58	58	5932	5932	5813	5813	11	11	15	15	1	1	1	1	74	74	27	27	1728	1728	1691	1691	1242	1242	3717	3717	578	578	563	563	3487	3487	7685	7685	73	73	166	166	3609	3609	595	595	29	29	216	216	2016	2016	490	490	2200	2200	3934	3934	24	24	7	7	14	14	76	76	1	1	114	114	3499	3499	2864	2864	241	241	21	21	447	447	599	599	1566035	1566035	3422941	3422941	10430	10430	13908	13908	237	237	289	289	15608	15608	12047	12047	101	101	162	162	810	810	574	574	154	154	132	132	504067	504067	262211	262211	7	7	1	1	75	75	44	44	19204	19204	17309	17309	108	108	203	203	188	188	250	250
IND00263	137	137	884	884	748	748	555	555	7729	7729	4700	4700	9	9	30	30	6254	6254	1498	1498	63	63	50	50	48	48	1	1	5119	5119	2243	2243	1992	1992	1427	1427	42	42	2	2	72	72	71	71	52	52	1	1	7873	7873	3242	3242	30	30	172	172	762	762	995	995	8	8	4	4	623	623	5786	5786	212	212	247	247	6551	6551	479	479	14	14	6	6	14	14	12	12	19	19	5	5	1460	1460	1381	1381	1914	1914	1133	1133	521	521	117	117	3624	3624	6165	6165	181	181	49	49	1930	1930	2766	2766	141	141	214	214	1708	1708	1706	1706	65	65	2609	2609	19	19	5	5	104	104	104	104	116	116	9	9	3922	3922	69	69	216	216	200	200	510	510	889	889	3803068	3803068	2701695	2701695	7569	7569	15904	15904	277	277	3	3	489	489	20329	20329	49	49	125	125	246	246	738	738	35	35	71	71	491292	491292	86498	86498	188	188	65	65	246	246	512	512	11979	11979	28097	28097	52	52	201	201	173	173	302	302
IND00264	619	619	1748	1748	563	563	889	889	8126	8126	71	71	115	115	80	80	3069	3069	15654	15654	73	73	238	238	54	54	62	62	993	993	5802	5802	1898	1898	1986	1986	111	111	120	120	89	89	30	30	34	34	14	14	2180	2180	7893	7893	86	86	162	162	696	696	952	952	26	26	22	22	6405	6405	4965	4965	132	132	5	5	1368	1368	8122	8122	14	14	8	8	6	6	8	8	53	53	39	39	1323	1323	1181	1181	364	364	1119	1119	1342	1342	1401	1401	1814	1814	5838	5838	81	81	114	114	1242	1242	3556	3556	171	171	209	209	842	842	1670	1670	3875	3875	556	556	9	9	14	14	47	47	72	72	5	5	93	93	2960	2960	891	891	60	60	194	194	213	213	376	376	2291291	2291291	2722939	2722939	8369	8369	7186	7186	119	119	119	119	767	767	21636	21636	17	17	217	217	965	965	506	506	127	127	172	172	73916	73916	15627	15627	149	149	236	236	449	449	15	15	29391	29391	11137	11137	48	48	143	143	250	250	488	488
IND00265	1516	1516	737	737	984	984	72	72	7473	7473	6824	6824	71	71	107	107	8117	8117	10618	10618	121	121	131	131	44	44	44	44	6739	6739	5913	5913	563	563	823	823	34	34	51	51	73	73	44	44	62	62	44	44	4845	4845	4842	4842	208	208	108	108	114	114	719	719	19	19	22	22	7099	7099	6716	6716	241	241	341	341	234	234	2676	2676	15	15	2	2	5	5	8	8	83	83	102	102	260	260	1319	1319	1137	1137	748	748	1657	1657	1417	1417	6157	6157	4006	4006	224	224	222	222	856	856	1748	1748	251	251	90	90	1543	1543	903	903	2499	2499	2263	2263	28	28	10	10	50	50	110	110	100	100	118	118	339	339	2476	2476	207	207	151	151	942	942	694	694	2140617	2140617	2102770	2102770	13660	13660	2555	2555	130	130	114	114	6453	6453	26343	26343	1	1	174	174	836	836	78	78	122	122	39	39	235164	235164	473256	473256	29	29	104	104	100	100	352	352	1208	1208	22756	22756	142	142	210	210	136	136	121	121
IND00266	1312	1312	1879	1879	915	915	444	444	7288	7288	1314	1314	120	120	31	31	1742	1742	8537	8537	170	170	21	21	5	5	33	33	4463	4463	5439	5439	663	663	1745	1745	49	49	14	14	3	3	86	86	16	16	11	11	4560	4560	257	257	236	236	191	191	103	103	15	15	27	27	25	25	2488	2488	6805	6805	329	329	171	171	2626	2626	8078	8078	13	13	1	1	10	10	11	11	78	78	69	69	1211	1211	1867	1867	2785	2785	32	32	798	798	1387	1387	5534	5534	7616	7616	146	146	158	158	1276	1276	3286	3286	42	42	3	3	1025	1025	1618	1618	3464	3464	1776	1776	28	28	5	5	45	45	23	23	49	49	99	99	2300	2300	1604	1604	218	218	39	39	653	653	728	728	1814630	1814630	1239571	1239571	3531	3531	11915	11915	136	136	231	231	27144	27144	22481	22481	131	131	152	152	746	746	699	699	30	30	135	135	470320	470320	252642	252642	244	244	20	20	126	126	387	387	14209	14209	31855	31855	148	148	165	165	112	112	286	286
IND00267	1512	1512	1328	1328	754	754	682	682	4652	4652	5454	5454	8	8	54	54	4000	4000	9458	9458	151	151	123	123	2	2	10	10	7119	7119	5101	5101	953	953	1976	1976	48	48	60	60	89	89	103	103	26	26	9	9	5114	5114	3907	3907	185	185	11	11	244	244	200	200	2	2	19	19	1008	1008	6621	6621	492	492	386	386	4073	4073	1870	1870	7	7	9	9	12	12	8	8	27	27	110	110	435	435	1827	1827	2361	2361	3632	3632	657	657	674	674	6165	6165	3501	3501	232	232	137	137	1582	1582	1326	1326	78	78	60	60	1506	1506	1075	1075	4020	4020	2735	2735	12	12	9	9	109	109	56	56	61	61	38	38	93	93	560	560	247	247	255	255	742	742	335	335	3761855	3761855	1519416	1519416	8969	8969	4612	4612	358	358	349	349	14827	14827	17527	17527	150	150	231	231	606	606	503	503	253	253	49	49	360018	360018	127847	127847	42	42	116	116	449	449	202	202	31035	31035	14726	14726	72	72	135	135	428	428	512	512
IND00268	509	509	634	634	352	352	974	974	6078	6078	2647	2647	83	83	70	70	11050	11050	13235	13235	162	162	22	22	24	24	39	39	6298	6298	960	960	1919	1919	1108	1108	102	102	23	23	94	94	123	123	50	50	47	47	6089	6089	7940	7940	180	180	81	81	759	759	631	631	15	15	5	5	2422	2422	78	78	282	282	136	136	7616	7616	8192	8192	7	7	6	6	3	3	13	13	47	47	19	19	987	987	1604	1604	1132	1132	3467	3467	1570	1570	401	401	677	677	2491	2491	100	100	236	236	674	674	93	93	117	117	183	183	765	765	69	69	1299	1299	2429	2429	30	30	22	22	124	124	87	87	85	85	116	116	1654	1654	1407	1407	4	4	205	205	764	764	530	530	3356781	3356781	3905592	3905592	1070	1070	45	45	215	215	402	402	14804	14804	743	743	17	17	206	206	363	363	335	335	138	138	166	166	126733	126733	163174	163174	60	60	181	181	405	405	465	465	17722	17722	7484	7484	174	174	22	22	101	101	107	107
IND00269	316	316	1283	1283	70	70	890	890	7150	7150	686	686	68	68	113	113	11924	11924	5381	5381	119	119	173	173	38	38	32	32	7108	7108	3350	3350	1520	1520	45	45	33	33	35	35	15	15	11	11	16	16	2	2	5458	5458	5860	5860	150	150	175	175	561	561	462	462	32	32	6	6	2069	2069	2014	2014	322	322	119	119	6313	6313	3016	3016	16	16	5	5	5	5	8	8	93	93	99	99	1088	1088	1040	1040	1822	1822	2407	2407	1766	1766	1008	1008	1340	1340	731	731	152	152	19	19	4023	4023	1355	1355	54	54	39	39	1280	1280	866	866	35	35	1236	1236	28	28	31	31	78	78	4	4	59	59	71	71	1737	1737	172	172	222	222	25	25	848	848	627	627	3867406	3867406	154078	154078	3305	3305	1110	1110	253	253	201	201	13793	13793	10102	10102	231	231	78	78	351	351	811	811	104	104	58	58	277651	277651	308589	308589	164	164	72	72	486	486	341	341	341	341	29196	29196	142	142	231	231	457	457	387	387
IND00270	343	343	465	465	551	551	160	160	4625	4625	3055	3055	32	32	79	79	11048	11048	9784	9784	127	127	6	6	30	30	37	37	6973	6973	3664	3664	1508	1508	119	119	61	61	4	4	73	73	35	35	50	50	60	60	3299	3299	5547	5547	66	66	28	28	97	97	900	900	16	16	14	14	831	831	5012	5012	61	61	109	109	5161	5161	2529	2529	11	11	3	3	9	9	14	14	61	61	104	104	1969	1969	323	323	922	922	3523	3523	1754	1754	142	142	383	383	6796	6796	188	188	214	214	2355	2355	1853	1853	98	98	90	90	810	810	517	517	1154	1154	1411	1411	4	4	28	28	61	61	64	64	104	104	22	22	1207	1207	3370	3370	237	237	104	104	565	565	966	966	1355652	1355652	1276575	1276575	8739	8739	12266	12266	354	354	86	86	6279	6279	31544	31544	243	243	211	211	241	241	397	397	180	180	78	78	95637	95637	450977	450977	71	71	199	199	482	482	388	388	11449	11449	32445	32445	166	166	254	254	34	34	259	259
IND00271	808	808	1871	1871	369	369	943	943	3878	3878	6367	6367	116	116	102	102	15733	15733	8128	8128	28	28	171	171	52	52	41	41	1072	1072	219	219	1672	1672	1406	1406	62	62	92	92	114	114	59	59	33	33	1	1	3678	3678	6751	6751	7	7	239	239	539	539	655	655	18	18	24	24	4675	4675	4208	4208	479	479	18	18	6697	6697	7002	7002	7	7	6	6	11	11	11	11	98	98	77	77	1137	1137	1763	1763	2658	2658	3730	3730	1923	1923	1115	1115	7340	7340	715	715	72	72	212	212	3268	3268	1416	1416	230	230	47	47	1071	1071	533	533	924	924	112	112	21	21	24	24	126	126	98	98	83	83	36	36	3617	3617	671	671	109	109	44	44	506	506	309	309	1908240	1908240	3244255	3244255	12190	12190	10263	10263	50	50	471	471	24978	24978	29741	29741	20	20	61	61	710	710	310	310	189	189	178	178	172880	172880	335402	335402	82	82	164	164	58	58	247	247	24922	24922	30597	30597	100	100	120	120	493	493	461	461
IND00272	67	67	508	508	417	417	355	355	1154	1154	7816	7816	50	50	78	78	7943	7943	4122	4122	25	25	186	186	56	56	16	16	604	604	6385	6385	159	159	511	511	90	90	126	126	119	119	87	87	1	1	33	33	6398	6398	244	244	171	171	215	215	493	493	784	784	32	32	13	13	465	465	2749	2749	488	488	84	84	5932	5932	6886	6886	5	5	4	4	1	1	2	2	125	125	16	16	555	555	1819	1819	1217	1217	30	30	55	55	334	334	2241	2241	3020	3020	143	143	206	206	754	754	3370	3370	72	72	157	157	1766	1766	861	861	1273	1273	2346	2346	3	3	19	19	103	103	41	41	20	20	99	99	1115	1115	3605	3605	97	97	31	31	316	316	482	482	2686996	2686996	846932	846932	15980	15980	12081	12081	345	345	335	335	28407	28407	2847	2847	60	60	79	79	851	851	71	71	192	192	51	51	257430	257430	142168	142168	142	142	247	247	480	480	250	250	26214	26214	21797	21797	88	88	242	242	479	479	36	36
IND00273	1517	1517	934	934	402	402	885	885	23	23	695	695	90	90	11	11	7975	7975	15190	15190	204	204	91	91	13	13	59	59	532	532	4534	4534	1354	1354	1496	1496	33	33	68	68	103	103	50	50	54	54	45	45	6190	6190	5148	5148	30	30	198	198	61	61	866	866	2	2	24	24	1037	1037	640	640	488	488	427	427	6857	6857	1837	1837	3	3	16	16	3	3	15	15	27	27	66	66	319	319	1501	1501	3945	3945	1428	1428	1819	1819	1622	1622	3340	3340	4841	4841	115	115	92	92	315	315	1863	1863	210	210	94	94	1784	1784	1703	1703	2479	2479	3607	3607	27	27	14	14	63	63	42	42	40	40	8	8	3801	3801	3544	3544	191	191	10	10	733	733	306	306	3827257	3827257	3802983	3802983	14322	14322	11206	11206	131	131	80	80	23921	23921	21875	21875	71	71	124	124	24	24	920	920	247	247	89	89	255002	255002	240438	240438	51	51	154	154	92	92	343	343	23746	23746	29746	29746	202	202	141	141	201	201	341	341
IND00274	327	327	559	559	201	201	57	57	7819	7819	1564	1564	23	23	56	56	6258	6258	7489	7489	96	96	30	30	12	12	39	39	7670	7670	3314	3314	1164	1164	78	78	104	104	107	107	118	118	81	81	7	7	29	29	4021	4021	1403	1403	93	93	124	124	310	310	920	920	13	13	5	5	122	122	5990	5990	309	309	182	182	6407	6407	6636	6636	4	4	2	2	10	10	4	4	120	120	96	96	883	883	558	558	2545	2545	1064	1064	89	89	520	520	6534	6534	562	562	40	40	91	91	3540	3540	3381	3381	217	217	24	24	248	248	1501	1501	2891	2891	774	774	2	2	15	15	55	55	88	88	103	103	111	111	79	79	2630	2630	94	94	17	17	546	546	405	405	3274483	3274483	2984100	2984100	9650	9650	4826	4826	162	162	363	363	13594	13594	11673	11673	57	57	34	34	1015	1015	440	440	174	174	80	80	21503	21503	409455	409455	235	235	90	90	299	299	116	116	10766	10766	2899	2899	32	32	13	13	390	390	215	215
IND00275	702	702	1533	1533	299	299	579	579	6160	6160	5143	5143	70	70	12	12	9806	9806	7517	7517	36	36	12	12	34	34	7	7	6534	6534	7852	7852	1998	1998	324	324	32	32	79	79	93	93	11	11	63	63	5	5	1935	1935	3904	3904	4	4	177	177	185	185	532	532	20	20	22	22	3915	3915	726	726	299	299	344	344	6158	6158	6300	6300	11	11	5	5	7	7	4	4	105	105	110	110	1977	1977	874	874	3851	3851	3583	3583	1114	1114	121	121	8063	8063	737	737	37	37	220	220	3423	3423	1056	1056	119	119	47	47	330	330	474	474	2304	2304	2543	2543	26	26	24	24	50	50	97	97	66	66	107	107	799	799	1744	1744	240	240	145	145	307	307	531	531	3520692	3520692	2806088	2806088	3012	3012	5903	5903	348	348	180	180	7540	7540	26730	26730	192	192	18	18	357	357	460	460	76	76	209	209	20339	20339	241350	241350	251	251	190	190	384	384	474	474	7727	7727	25573	25573	150	150	244	244	248	248	251	251
IND00276	550	550	283	283	996	996	172	172	3392	3392	4514	4514	85	85	85	85	3039	3039	13252	13252	172	172	99	99	62	62	24	24	5116	5116	2479	2479	1795	1795	1193	1193	3	3	104	104	108	108	2	2	8	8	45	45	180	180	4692	4692	109	109	126	126	911	911	544	544	1	1	30	30	5633	5633	1220	1220	16	16	258	258	2504	2504	1066	1066	6	6	1	1	14	14	2	2	63	63	14	14	754	754	2016	2016	192	192	651	651	437	437	843	843	4785	4785	2183	2183	211	211	149	149	2640	2640	1213	1213	22	22	155	155	1234	1234	1793	1793	465	465	3197	3197	9	9	20	20	32	32	117	117	29	29	33	33	2798	2798	2143	2143	8	8	175	175	373	373	866	866	2427895	2427895	3795925	3795925	2613	2613	12283	12283	312	312	190	190	4721	4721	18257	18257	98	98	141	141	910	910	624	624	175	175	171	171	56211	56211	297405	297405	74	74	124	124	445	445	390	390	26891	26891	19407	19407	237	237	222	222	405	405	227	227
IND00277	1300	1300	1459	1459	427	427	656	656	570	570	3064	3064	79	79	82	82	10563	10563	8638	8638	16	16	196	196	8	8	40	40	6932	6932	6352	6352	596	596	1371	1371	8	8	22	22	67	67	83	83	13	13	53	53	4634	4634	6528	6528	223	223	184	184	988	988	799	799	13	13	3	3	2984	2984	1236	1236	251	251	114	114	2426	2426	6445	6445	7	7	3	3	6	6	6	6	128	128	103	103	1223	1223	1864	1864	3503	3503	3033	3033	206	206	595	595	7721	7721	4011	4011	212	212	109	109	1209	1209	2867	2867	66	66	242	242	1259	1259	1800	1800	748	748	4094	4094	22	22	5	5	95	95	122	122	2	2	61	61	1630	1630	2861	2861	92	92	242	242	11	11	525	525	2421905	2421905	3031729	3031729	10696	10696	1914	1914	282	282	85	85	1753	1753	19978	19978	25	25	132	132	455	455	482	482	253	253	113	113	99695	99695	27495	27495	124	124	75	75	381	381	47	47	8365	8365	28248	28248	126	126	48	48	94	94	8	8
IND00278	974	974	1876	1876	622	622	175	175	7778	7778	325	325	36	36	51	51	1171	1171	3735	3735	96	96	165	165	20	20	34	34	628	628	112	112	1266	1266	1206	1206	96	96	10	10	41	41	35	35	23	23	35	35	7867	7867	6009	6009	86	86	163	163	640	640	473	473	19	19	21	21	1334	1334	5456	5456	305	305	204	204	5983	5983	5502	5502	11	11	15	15	10	10	1	1	32	32	104	104	398	398	1389	1389	811	811	2458	2458	375	375	523	523	7867	7867	710	710	211	211	31	31	2121	2121	3768	3768	212	212	128	128	208	208	1560	1560	2481	2481	194	194	28	28	16	16	43	43	48	48	119	119	8	8	937	937	192	192	142	142	186	186	344	344	569	569	2538680	2538680	3679046	3679046	4247	4247	15944	15944	342	342	133	133	23910	23910	11178	11178	239	239	131	131	165	165	394	394	50	50	13	13	307422	307422	41314	41314	86	86	216	216	155	155	299	299	19188	19188	1692	1692	149	149	65	65	430	430	295	295
IND00279	1787	1787	240	240	531	531	714	714	4603	4603	4944	4944	22	22	18	18	5457	5457	10979	10979	160	160	184	184	36	36	24	24	446	446	7665	7665	317	317	679	679	90	90	16	16	6	6	34	34	50	50	49	49	6224	6224	4712	4712	52	52	242	242	649	649	281	281	1	1	21	21	3089	3089	2978	2978	332	332	87	87	4639	4639	4984	4984	12	12	11	11	5	5	13	13	89	89	71	71	1734	1734	895	895	1415	1415	2400	2400	1153	1153	693	693	1720	1720	8167	8167	9	9	230	230	3631	3631	3198	3198	107	107	7	7	1706	1706	1803	1803	1142	1142	3234	3234	17	17	6	6	76	76	114	114	9	9	68	68	2019	2019	1288	1288	45	45	64	64	620	620	508	508	1613273	1613273	686954	686954	14927	14927	14701	14701	325	325	316	316	11574	11574	269	269	21	21	144	144	946	946	106	106	123	123	220	220	10510	10510	510739	510739	247	247	169	169	155	155	2	2	18664	18664	24711	24711	216	216	213	213	466	466	253	253
IND00280	1779	1779	1082	1082	132	132	924	924	5754	5754	1888	1888	122	122	1	1	16027	16027	4491	4491	180	180	256	256	18	18	54	54	448	448	3767	3767	615	615	1647	1647	118	118	65	65	44	44	5	5	52	52	23	23	5172	5172	4867	4867	17	17	124	124	366	366	128	128	8	8	17	17	1462	1462	6053	6053	356	356	9	9	3454	3454	7375	7375	3	3	7	7	13	13	15	15	60	60	104	104	1595	1595	1523	1523	3721	3721	1226	1226	136	136	915	915	6373	6373	4723	4723	14	14	51	51	125	125	3611	3611	154	154	141	141	2037	2037	801	801	1282	1282	1527	1527	22	22	9	9	92	92	103	103	75	75	65	65	2358	2358	1608	1608	204	204	180	180	894	894	693	693	3289497	3289497	1181429	1181429	269	269	3066	3066	221	221	437	437	17782	17782	3367	3367	191	191	254	254	715	715	781	781	61	61	30	30	54640	54640	18484	18484	85	85	14	14	325	325	502	502	18751	18751	9115	9115	4	4	240	240	178	178	302	302
IND00281	74	74	722	722	486	486	637	637	1816	1816	1452	1452	109	109	96	96	15340	15340	16316	16316	173	173	125	125	30	30	64	64	4998	4998	3058	3058	425	425	1738	1738	125	125	90	90	26	26	82	82	26	26	25	25	939	939	1357	1357	104	104	73	73	83	83	291	291	32	32	25	25	7882	7882	2475	2475	402	402	307	307	1827	1827	6850	6850	14	14	15	15	16	16	4	4	17	17	114	114	1194	1194	261	261	3873	3873	1893	1893	1104	1104	617	617	6442	6442	6807	6807	44	44	40	40	866	866	1992	1992	242	242	238	238	334	334	925	925	1619	1619	1678	1678	6	6	4	4	39	39	92	92	56	56	109	109	11	11	1066	1066	23	23	149	149	951	951	430	430	1145549	1145549	332332	332332	9749	9749	14805	14805	75	75	470	470	29884	29884	3719	3719	165	165	215	215	355	355	4	4	255	255	129	129	218323	218323	495579	495579	177	177	149	149	446	446	184	184	4979	4979	27665	27665	150	150	118	118	166	166	143	143
IND00282	1576	1576	198	198	202	202	748	748	5287	5287	5667	5667	122	122	23	23	5484	5484	11927	11927	125	125	226	226	25	25	1	1	7858	7858	1252	1252	20	20	1496	1496	124	124	11	11	82	82	41	41	28	28	63	63	1262	1262	19	19	254	254	1	1	20	20	647	647	4	4	6	6	3221	3221	767	767	484	484	62	62	535	535	2163	2163	2	2	5	5	13	13	11	11	46	46	99	99	175	175	909	909	109	109	2659	2659	1827	1827	864	864	182	182	1896	1896	208	208	242	242	194	194	2724	2724	74	74	186	186	1334	1334	128	128	62	62	1473	1473	3	3	13	13	74	74	86	86	63	63	42	42	2861	2861	3690	3690	234	234	81	81	319	319	27	27	4156794	4156794	2807964	2807964	14802	14802	10305	10305	409	409	202	202	17531	17531	25291	25291	130	130	148	148	962	962	538	538	138	138	22	22	453595	453595	94126	94126	10	10	24	24	363	363	217	217	17108	17108	25311	25311	181	181	21	21	32	32	155	155
IND00283	827	827	835	835	740	740	984	984	3852	3852	6919	6919	88	88	51	51	13725	13725	14174	14174	34	34	143	143	37	37	27	27	3466	3466	6416	6416	399	399	1149	1149	78	78	93	93	28	28	5	5	27	27	63	63	6561	6561	5914	5914	195	195	64	64	104	104	356	356	16	16	24	24	3238	3238	494	494	263	263	451	451	753	753	4832	4832	3	3	2	2	12	12	2	2	40	40	94	94	1182	1182	25	25	1188	1188	600	600	1272	1272	618	618	2514	2514	2655	2655	210	210	206	206	1723	1723	4061	4061	36	36	193	193	1523	1523	1767	1767	1372	1372	2214	2214	4	4	5	5	119	119	87	87	63	63	122	122	1797	1797	2991	2991	180	180	192	192	354	354	152	152	402228	402228	48232	48232	13646	13646	4889	4889	271	271	196	196	24586	24586	28587	28587	43	43	33	33	598	598	803	803	159	159	20	20	68677	68677	137291	137291	80	80	59	59	301	301	505	505	21047	21047	2603	2603	32	32	81	81	42	42	201	201
IND00284	706	706	1195	1195	311	311	824	824	2135	2135	2597	2597	124	124	118	118	1275	1275	14482	14482	141	141	227	227	1	1	6	6	4835	4835	1246	1246	1967	1967	1066	1066	128	128	21	21	18	18	86	86	38	38	61	61	1472	1472	6366	6366	220	220	244	244	329	329	733	733	15	15	18	18	1639	1639	5392	5392	150	150	464	464	2975	2975	8093	8093	5	5	15	15	6	6	4	4	58	58	25	25	1453	1453	381	381	1154	1154	2041	2041	938	938	795	795	3701	3701	6363	6363	178	178	121	121	3566	3566	2838	2838	12	12	10	10	1128	1128	125	125	2560	2560	2196	2196	10	10	13	13	27	27	15	15	44	44	31	31	2277	2277	903	903	206	206	79	79	97	97	736	736	568094	568094	3447125	3447125	13605	13605	10903	10903	501	501	426	426	4603	4603	698	698	54	54	25	25	486	486	672	672	30	30	122	122	460523	460523	477269	477269	136	136	231	231	425	425	104	104	640	640	22631	22631	7	7	44	44	471	471	51	51
IND00285	754	754	1381	1381	380	380	617	617	3304	3304	4599	4599	14	14	99	99	4671	4671	5492	5492	68	68	68	68	19	19	58	58	6489	6489	4264	4264	1256	1256	515	515	40	40	55	55	86	86	125	125	2	2	31	31	4874	4874	6885	6885	64	64	207	207	64	64	655	655	29	29	32	32	2523	2523	1077	1077	77	77	41	41	7549	7549	578	578	8	8	6	6	6	6	15	15	110	110	32	32	830	830	797	797	2760	2760	1546	1546	258	258	1428	1428	1164	1164	379	379	56	56	18	18	3754	3754	669	669	50	50	158	158	385	385	1672	1672	3294	3294	1594	1594	25	25	22	22	77	77	4	4	85	85	126	126	242	242	746	746	237	237	138	138	743	743	465	465	4030968	4030968	2013415	2013415	4297	4297	3031	3031	331	331	57	57	12685	12685	24323	24323	87	87	51	51	131	131	809	809	180	180	53	53	173916	173916	22567	22567	100	100	29	29	299	299	174	174	32742	32742	30827	30827	215	215	87	87	468	468	350	350
IND00286	364	364	2044	2044	880	880	591	591	5085	5085	8079	8079	85	85	25	25	15114	15114	7099	7099	30	30	201	201	42	42	22	22	6230	6230	11	11	1935	1935	473	473	35	35	24	24	76	76	63	63	56	56	14	14	2298	2298	8057	8057	39	39	254	254	512	512	292	292	11	11	22	22	12	12	5805	5805	143	143	313	313	6703	6703	4551	4551	3	3	5	5	1	1	9	9	104	104	1	1	972	972	1062	1062	170	170	1684	1684	1762	1762	1429	1429	1009	1009	4455	4455	189	189	174	174	3537	3537	3039	3039	51	51	42	42	1124	1124	406	406	1989	1989	1905	1905	5	5	17	17	33	33	36	36	123	123	71	71	3658	3658	3150	3150	56	56	208	208	103	103	1003	1003	3680310	3680310	606988	606988	4884	4884	11266	11266	148	148	182	182	29411	29411	3827	3827	88	88	178	178	318	318	646	646	209	209	207	207	361909	361909	271679	271679	228	228	109	109	293	293	169	169	22463	22463	22470	22470	100	100	108	108	7	7	416	416
IND00287	1049	1049	276	276	939	939	913	913	2420	2420	3773	3773	81	81	67	67	9098	9098	9891	9891	202	202	24	24	56	56	24	24	7808	7808	522	522	1276	1276	18	18	119	119	71	71	49	49	109	109	5	5	30	30	1835	1835	1145	1145	74	74	147	147	427	427	1001	1001	27	27	25	25	6582	6582	7537	7537	5	5	502	502	7444	7444	7408	7408	6	6	5	5	14	14	5	5	25	25	128	128	161	161	1553	1553	3698	3698	14	14	252	252	1973	1973	4644	4644	1374	1374	66	66	167	167	1502	1502	3495	3495	198	198	103	103	1527	1527	1307	1307	3898	3898	850	850	11	11	5	5	41	41	36	36	34	34	127	127	3374	3374	3120	3120	72	72	242	242	46	46	845	845	3150610	3150610	3260094	3260094	3559	3559	2063	2063	483	483	233	233	19315	19315	22782	22782	5	5	30	30	802	802	700	700	62	62	204	204	278081	278081	286758	286758	83	83	33	33	118	118	440	440	15382	15382	18974	18974	74	74	79	79	231	231	294	294
IND00288	168	168	1981	1981	247	247	228	228	5944	5944	5688	5688	91	91	72	72	11488	11488	13356	13356	4	4	206	206	11	11	30	30	1600	1600	4708	4708	1670	1670	780	780	51	51	36	36	27	27	24	24	30	30	28	28	6526	6526	3991	3991	172	172	153	153	926	926	286	286	9	9	14	14	389	389	7345	7345	477	477	347	347	5823	5823	1685	1685	2	2	13	13	11	11	7	7	101	101	2	2	1057	1057	476	476	2979	2979	18	18	2046	2046	1688	1688	7071	7071	5651	5651	203	203	41	41	3573	3573	2118	2118	120	120	106	106	1919	1919	1216	1216	3000	3000	1957	1957	17	17	13	13	126	126	67	67	37	37	61	61	123	123	1368	1368	33	33	121	121	465	465	261	261	4193552	4193552	2136393	2136393	11946	11946	2849	2849	214	214	106	106	30621	30621	26083	26083	102	102	30	30	726	726	547	547	2	2	58	58	72868	72868	347142	347142	143	143	172	172	383	383	5	5	27730	27730	15553	15553	166	166	109	109	274	274	255	255
IND00289	1834	1834	78	78	778	778	550	550	7694	7694	2293	2293	51	51	13	13	14708	14708	13388	13388	179	179	109	109	34	34	35	35	6855	6855	6669	6669	309	309	799	799	48	48	44	44	24	24	22	22	24	24	51	51	4930	4930	7928	7928	118	118	45	45	336	336	442	442	10	10	5	5	2641	2641	5192	5192	325	325	337	337	4783	4783	1546	1546	9	9	10	10	2	2	9	9	93	93	58	58	1405	1405	1330	1330	2316	2316	2471	2471	1523	1523	979	979	1395	1395	8098	8098	180	180	78	78	55	55	3079	3079	76	76	235	235	190	190	1092	1092	2663	2663	1916	1916	1	1	3	3	49	49	125	125	1	1	125	125	3801	3801	1098	1098	206	206	21	21	978	978	138	138	4175946	4175946	2833899	2833899	3688	3688	13137	13137	438	438	77	77	26879	26879	14383	14383	217	217	129	129	905	905	603	603	45	45	68	68	442247	442247	102771	102771	12	12	43	43	394	394	26	26	21187	21187	14743	14743	130	130	250	250	99	99	80	80
IND00290	1332	1332	643	643	161	161	686	686	4506	4506	6501	6501	128	128	125	125	10341	10341	2063	2063	222	222	122	122	2	2	43	43	3998	3998	4103	4103	1680	1680	1875	1875	107	107	4	4	122	122	30	30	43	43	13	13	2466	2466	6863	6863	133	133	233	233	548	548	672	672	16	16	2	2	2775	2775	6853	6853	455	455	54	54	7804	7804	4860	4860	2	2	14	14	16	16	15	15	88	88	105	105	1700	1700	1863	1863	1274	1274	1591	1591	911	911	1037	1037	8008	8008	1384	1384	144	144	152	152	607	607	4019	4019	219	219	188	188	200	200	1130	1130	1572	1572	3127	3127	5	5	26	26	60	60	36	36	119	119	6	6	3519	3519	1205	1205	68	68	206	206	937	937	486	486	3375176	3375176	3659104	3659104	2173	2173	3638	3638	108	108	143	143	12340	12340	10591	10591	234	234	49	49	5	5	967	967	11	11	203	203	494477	494477	397257	397257	104	104	62	62	416	416	269	269	11033	11033	32556	32556	127	127	226	226	257	257	331	331
IND00291	390	390	1740	1740	805	805	623	623	3179	3179	7737	7737	125	125	77	77	13459	13459	2478	2478	65	65	223	223	51	51	62	62	4384	4384	4286	4286	1885	1885	50	50	65	65	2	2	71	71	114	114	64	64	8	8	1068	1068	2045	2045	56	56	22	22	1010	1010	453	453	18	18	19	19	4152	4152	6867	6867	29	29	324	324	535	535	7574	7574	3	3	8	8	2	2	9	9	97	97	108	108	818	818	821	821	1650	1650	3119	3119	212	212	136	136	5788	5788	6326	6326	224	224	126	126	2531	2531	3715	3715	151	151	37	37	465	465	1214	1214	2081	2081	28	28	28	28	9	9	66	66	11	11	108	108	93	93	1272	1272	3325	3325	5	5	115	115	758	758	516	516	2829584	2829584	3649689	3649689	11439	11439	15491	15491	299	299	224	224	9431	9431	4100	4100	194	194	129	129	700	700	358	358	208	208	76	76	484797	484797	217779	217779	29	29	34	34	445	445	34	34	30977	30977	8660	8660	101	101	126	126	196	196	390	390
IND00292	187	187	29	29	414	414	682	682	6215	6215	5293	5293	62	62	98	98	10658	10658	12051	12051	218	218	52	52	8	8	54	54	3103	3103	2472	2472	405	405	748	748	9	9	12	12	15	15	102	102	58	58	34	34	3099	3099	5676	5676	170	170	188	188	635	635	600	600	9	9	2	2	3976	3976	5484	5484	345	345	136	136	437	437	3705	3705	16	16	7	7	5	5	8	8	48	48	86	86	1487	1487	832	832	3400	3400	2839	2839	1663	1663	1557	1557	7731	7731	5452	5452	220	220	229	229	3060	3060	2908	2908	64	64	79	79	1565	1565	996	996	3705	3705	395	395	19	19	32	32	100	100	21	21	15	15	100	100	849	849	3164	3164	89	89	126	126	938	938	260	260	1185936	1185936	3946765	3946765	15323	15323	7108	7108	99	99	149	149	16423	16423	1184	1184	48	48	185	185	169	169	286	286	189	189	251	251	111189	111189	60868	60868	60	60	171	171	411	411	453	453	28682	28682	28273	28273	78	78	3	3	376	376	501	501
IND00293	1939	1939	1667	1667	985	985	57	57	7425	7425	330	330	44	44	85	85	4374	4374	1464	1464	203	203	208	208	7	7	23	23	2509	2509	5369	5369	530	530	562	562	57	57	122	122	126	126	32	32	23	23	32	32	1642	1642	7885	7885	227	227	129	129	33	33	510	510	5	5	15	15	5644	5644	2889	2889	152	152	6	6	253	253	7176	7176	7	7	1	1	2	2	2	2	7	7	87	87	274	274	580	580	1027	1027	2848	2848	1409	1409	1465	1465	3519	3519	1506	1506	101	101	91	91	2998	2998	844	844	229	229	148	148	719	719	1838	1838	1362	1362	2747	2747	9	9	27	27	18	18	37	37	53	53	9	9	1088	1088	1827	1827	128	128	155	155	312	312	296	296	2038537	2038537	3569927	3569927	147	147	6369	6369	312	312	225	225	8152	8152	388	388	12	12	144	144	880	880	247	247	43	43	198	198	30264	30264	389901	389901	132	132	97	97	141	141	194	194	14956	14956	8589	8589	159	159	152	152	245	245	292	292
IND00294	1238	1238	914	914	471	471	522	522	1767	1767	665	665	19	19	25	25	12353	12353	15101	15101	43	43	130	130	22	22	56	56	2220	2220	3621	3621	489	489	1158	1158	62	62	112	112	6	6	25	25	30	30	28	28	7934	7934	6724	6724	100	100	6	6	151	151	660	660	24	24	21	21	5339	5339	4067	4067	362	362	338	338	5549	5549	8047	8047	7	7	4	4	16	16	2	2	70	70	52	52	264	264	1834	1834	1984	1984	3157	3157	184	184	1836	1836	4752	4752	286	286	205	205	168	168	2424	2424	2332	2332	228	228	123	123	1702	1702	1152	1152	4	4	2655	2655	32	32	13	13	17	17	93	93	50	50	62	62	1851	1851	2646	2646	31	31	227	227	700	700	271	271	3921085	3921085	2150194	2150194	5474	5474	15144	15144	164	164	95	95	19685	19685	25522	25522	112	112	94	94	130	130	42	42	177	177	256	256	399760	399760	395996	395996	178	178	198	198	359	359	502	502	29243	29243	8514	8514	254	254	226	226	310	310	323	323
IND00295	981	981	1371	1371	302	302	71	71	1782	1782	4781	4781	59	59	31	31	4911	4911	2505	2505	88	88	195	195	12	12	51	51	203	203	7056	7056	680	680	1108	1108	56	56	54	54	81	81	124	124	9	9	40	40	5624	5624	831	831	170	170	127	127	920	920	890	890	12	12	21	21	6761	6761	2683	2683	374	374	207	207	2639	2639	4583	4583	11	11	11	11	7	7	3	3	58	58	3	3	916	916	1496	1496	2293	2293	3037	3037	1600	1600	1133	1133	5875	5875	1859	1859	147	147	176	176	1366	1366	363	363	204	204	42	42	89	89	1705	1705	3592	3592	3147	3147	21	21	24	24	28	28	83	83	100	100	87	87	1195	1195	3770	3770	79	79	3	3	117	117	829	829	2957781	2957781	3567139	3567139	7217	7217	3328	3328	141	141	305	305	4358	4358	10544	10544	94	94	161	161	754	754	997	997	151	151	122	122	363788	363788	512004	512004	46	46	173	173	376	376	327	327	31034	31034	26068	26068	99	99	190	190	145	145	483	483
IND00296	1886	1886	819	819	545	545	708	708	8078	8078	6795	6795	67	67	62	62	5670	5670	6859	6859	197	197	234	234	20	20	60	60	7632	7632	546	546	1692	1692	75	75	93	93	10	10	87	87	57	57	24	24	40	40	5965	5965	5263	5263	54	54	178	178	440	440	125	125	18	18	14	14	1410	1410	3144	3144	449	449	195	195	4221	4221	2310	2310	11	11	15	15	7	7	16	16	105	105	83	83	1074	1074	1339	1339	2661	2661	839	839	1844	1844	1850	1850	3818	3818	937	937	242	242	139	139	3447	3447	1984	1984	25	25	123	123	220	220	222	222	3615	3615	3546	3546	14	14	22	22	96	96	39	39	85	85	23	23	2385	2385	2932	2932	135	135	38	38	74	74	841	841	2221000	2221000	2133484	2133484	9860	9860	13528	13528	390	390	168	168	142	142	7721	7721	10	10	177	177	852	852	113	113	78	78	53	53	64025	64025	254943	254943	85	85	174	174	485	485	103	103	7700	7700	15024	15024	30	30	50	50	142	142	175	175
IND00297	1475	1475	719	719	195	195	462	462	1674	1674	7207	7207	75	75	21	21	7537	7537	13189	13189	73	73	33	33	4	4	56	56	7615	7615	4693	4693	1627	1627	363	363	39	39	121	121	104	104	76	76	20	20	63	63	2087	2087	4823	4823	183	183	187	187	637	637	44	44	8	8	29	29	2741	2741	4113	4113	159	159	28	28	6071	6071	8038	8038	10	10	15	15	2	2	13	13	108	108	8	8	708	708	1747	1747	1584	1584	4066	4066	2008	2008	1898	1898	5767	5767	41	41	26	26	216	216	2554	2554	355	355	235	235	127	127	434	434	222	222	2162	2162	3715	3715	32	32	22	22	86	86	72	72	105	105	28	28	2436	2436	2869	2869	141	141	99	99	309	309	576	576	720423	720423	1201351	1201351	895	895	11947	11947	419	419	14	14	6672	6672	17250	17250	40	40	15	15	26	26	544	544	79	79	208	208	65296	65296	211986	211986	8	8	227	227	162	162	441	441	9048	9048	4940	4940	215	215	203	203	333	333	309	309
IND00298	2006	2006	920	920	978	978	159	159	126	126	5163	5163	57	57	17	17	10624	10624	7558	7558	11	11	162	162	61	61	50	50	2752	2752	827	827	1553	1553	606	606	101	101	22	22	123	123	108	108	21	21	36	36	2077	2077	5673	5673	254	254	143	143	360	360	849	849	20	20	3	3	3655	3655	6704	6704	195	195	321	321	2400	2400	5724	5724	15	15	11	11	3	3	3	3	34	34	31	31	453	453	303	303	508	508	2505	2505	1457	1457	16	16	147	147	6634	6634	213	213	197	197	2286	2286	3338	3338	28	28	116	116	1054	1054	1072	1072	1029	1029	2228	2228	5	5	29	29	60	60	72	72	22	22	14	14	1666	1666	2781	2781	236	236	70	70	769	769	581	581	2430719	2430719	1237348	1237348	9092	9092	9840	9840	85	85	237	237	23677	23677	25000	25000	142	142	252	252	518	518	557	557	117	117	88	88	367677	367677	9005	9005	81	81	32	32	173	173	342	342	19304	19304	892	892	189	189	168	168	29	29	79	79
IND00299	494	494	1004	1004	925	925	204	204	7376	7376	6966	6966	44	44	89	89	5104	5104	1878	1878	178	178	90	90	12	12	8	8	269	269	2651	2651	110	110	1970	1970	56	56	17	17	98	98	43	43	18	18	42	42	4237	4237	4821	4821	177	177	46	46	93	93	797	797	7	7	10	10	3273	3273	4388	4388	477	477	72	72	6880	6880	2789	2789	3	3	5	5	11	11	1	1	62	62	21	21	1220	1220	1916	1916	3528	3528	841	841	1972	1972	1083	1083	6224	6224	769	769	10	10	96	96	3117	3117	325	325	138	138	142	142	687	687	1727	1727	1455	1455	2743	2743	24	24	3	3	21	21	18	18	14	14	87	87	1811	1811	2466	2466	178	178	80	80	668	668	985	985	4060516	4060516	217228	217228	4628	4628	14026	14026	213	213	161	161	9444	9444	11328	11328	162	162	46	46	326	326	795	795	88	88	247	247	322391	322391	128196	128196	231	231	198	198	131	131	501	501	11133	11133	10382	10382	85	85	136	136	226	226	408	408
IND00300	1122	1122	1656	1656	71	71	1006	1006	1033	1033	6439	6439	91	91	40	40	9750	9750	8773	8773	6	6	38	38	8	8	20	20	4845	4845	5481	5481	654	654	773	773	115	115	95	95	27	27	90	90	52	52	52	52	5786	5786	7375	7375	141	141	67	67	381	381	320	320	27	27	12	12	1413	1413	3734	3734	309	309	15	15	1573	1573	3883	3883	1	1	8	8	14	14	4	4	44	44	24	24	1086	1086	1855	1855	2843	2843	2882	2882	928	928	1966	1966	3465	3465	5587	5587	27	27	58	58	1592	1592	48	48	160	160	250	250	1199	1199	1286	1286	3916	3916	709	709	31	31	13	13	82	82	61	61	107	107	108	108	3046	3046	312	312	157	157	158	158	479	479	1002	1002	3076100	3076100	1242791	1242791	6908	6908	5720	5720	456	456	406	406	1683	1683	13768	13768	53	53	7	7	869	869	172	172	22	22	128	128	366295	366295	402914	402914	84	84	48	48	218	218	300	300	3120	3120	21291	21291	253	253	116	116	179	179	348	348
IND00301	1695	1695	1275	1275	426	426	559	559	6456	6456	1514	1514	100	100	106	106	9099	9099	6115	6115	228	228	236	236	16	16	39	39	4817	4817	7240	7240	1003	1003	1619	1619	57	57	63	63	26	26	81	81	10	10	42	42	2537	2537	7636	7636	247	247	239	239	253	253	911	911	20	20	3	3	371	371	663	663	296	296	89	89	3540	3540	6132	6132	5	5	8	8	12	12	14	14	52	52	35	35	614	614	862	862	1093	1093	2659	2659	1429	1429	1164	1164	6135	6135	4782	4782	53	53	90	90	1138	1138	3737	3737	7	7	235	235	186	186	1566	1566	2771	2771	1432	1432	4	4	18	18	95	95	8	8	61	61	37	37	761	761	2479	2479	56	56	185	185	241	241	770	770	174784	174784	2333691	2333691	2592	2592	2034	2034	11	11	339	339	29450	29450	23227	23227	196	196	218	218	40	40	251	251	92	92	181	181	523357	523357	187810	187810	217	217	33	33	465	465	382	382	2794	2794	6176	6176	185	185	218	218	378	378	34	34
IND00302	1748	1748	1130	1130	867	867	998	998	7999	7999	4257	4257	128	128	44	44	16144	16144	13291	13291	31	31	75	75	34	34	25	25	6559	6559	3756	3756	936	936	1941	1941	31	31	92	92	126	126	30	30	47	47	13	13	1914	1914	3949	3949	140	140	237	237	179	179	2	2	5	5	25	25	92	92	2382	2382	207	207	42	42	7112	7112	6953	6953	11	11	3	3	13	13	16	16	59	59	17	17	893	893	1579	1579	1788	1788	3489	3489	1001	1001	145	145	7268	7268	1165	1165	217	217	183	183	2627	2627	2101	2101	98	98	237	237	1072	1072	177	177	1579	1579	3464	3464	9	9	5	5	107	107	16	16	120	120	63	63	3309	3309	493	493	76	76	226	226	572	572	17	17	2107208	2107208	3099646	3099646	3490	3490	7578	7578	500	500	467	467	6675	6675	19304	19304	155	155	35	35	540	540	286	286	157	157	190	190	95634	95634	129348	129348	134	134	160	160	18	18	476	476	15368	15368	10504	10504	73	73	107	107	280	280	34	34
IND00303	1961	1961	152	152	621	621	494	494	4155	4155	7761	7761	14	14	102	102	3545	3545	6419	6419	18	18	35	35	43	43	30	30	3084	3084	661	661	541	541	363	363	125	125	54	54	39	39	48	48	62	62	4	4	5054	5054	6194	6194	76	76	99	99	869	869	579	579	7	7	12	12	3542	3542	2809	2809	501	501	7	7	7911	7911	7774	7774	15	15	2	2	4	4	16	16	51	51	33	33	1476	1476	1040	1040	2075	2075	2374	2374	415	415	2017	2017	675	675	1732	1732	15	15	76	76	1242	1242	2332	2332	135	135	247	247	204	204	627	627	3869	3869	690	690	10	10	11	11	48	48	57	57	12	12	71	71	769	769	3763	3763	216	216	126	126	728	728	249	249	239414	239414	4047327	4047327	414	414	3229	3229	158	158	182	182	22443	22443	28129	28129	194	194	57	57	548	548	255	255	246	246	44	44	57310	57310	475196	475196	241	241	156	156	226	226	304	304	25286	25286	18568	18568	74	74	230	230	58	58	287	287
IND00304	807	807	846	846	596	596	67	67	5720	5720	5968	5968	53	53	82	82	1019	1019	12855	12855	215	215	20	20	62	62	29	29	4706	4706	7959	7959	1866	1866	1641	1641	49	49	50	50	77	77	38	38	47	47	14	14	4038	4038	2138	2138	118	118	70	70	867	867	819	819	6	6	29	29	5533	5533	6636	6636	67	67	509	509	7506	7506	7900	7900	5	5	13	13	14	14	1	1	18	18	53	53	305	305	494	494	1722	1722	2176	2176	1647	1647	1389	1389	2779	2779	1283	1283	75	75	186	186	3026	3026	491	491	152	152	105	105	1165	1165	1260	1260	301	301	1248	1248	24	24	22	22	114	114	22	22	85	85	120	120	3079	3079	1640	1640	52	52	156	156	503	503	117	117	3204796	3204796	2793507	2793507	6815	6815	8031	8031	320	320	297	297	14992	14992	16808	16808	239	239	41	41	387	387	997	997	8	8	149	149	391453	391453	518732	518732	239	239	122	122	462	462	349	349	21006	21006	29084	29084	208	208	234	234	164	164	362	362
IND00305	1076	1076	905	905	958	958	679	679	5037	5037	30	30	96	96	18	18	13691	13691	16344	16344	253	253	124	124	41	41	47	47	5016	5016	5786	5786	975	975	177	177	125	125	62	62	51	51	24	24	1	1	48	48	435	435	839	839	127	127	83	83	316	316	327	327	31	31	3	3	285	285	1171	1171	134	134	456	456	2205	2205	3161	3161	16	16	1	1	2	2	16	16	16	16	7	7	1830	1830	1603	1603	1240	1240	424	424	621	621	1227	1227	5439	5439	2156	2156	57	57	225	225	2677	2677	2517	2517	30	30	177	177	1713	1713	641	641	586	586	1059	1059	4	4	29	29	114	114	106	106	99	99	16	16	2088	2088	159	159	196	196	157	157	459	459	138	138	2295009	2295009	2026448	2026448	9650	9650	11640	11640	487	487	506	506	22267	22267	4712	4712	201	201	67	67	902	902	252	252	107	107	208	208	135593	135593	115281	115281	106	106	2	2	469	469	403	403	12841	12841	31976	31976	184	184	60	60	439	439	465	465
IND00306	726	726	1713	1713	494	494	443	443	6908	6908	445	445	49	49	72	72	8384	8384	4808	4808	174	174	61	61	34	34	57	57	4873	4873	5037	5037	1783	1783	521	521	10	10	119	119	94	94	82	82	30	30	15	15	3285	3285	5533	5533	209	209	242	242	504	504	390	390	5	5	18	18	777	777	770	770	166	166	54	54	505	505	1124	1124	16	16	8	8	8	8	9	9	112	112	81	81	1238	1238	1968	1968	3580	3580	2186	2186	1644	1644	1606	1606	4310	4310	5449	5449	168	168	123	123	2186	2186	2862	2862	74	74	168	168	1345	1345	1781	1781	3439	3439	1211	1211	21	21	12	12	101	101	31	31	86	86	10	10	652	652	894	894	171	171	29	29	880	880	941	941	2283091	2283091	3308358	3308358	7568	7568	12139	12139	494	494	6	6	27343	27343	73	73	229	229	141	141	696	696	940	940	243	243	146	146	392296	392296	504850	504850	195	195	11	11	55	55	120	120	19277	19277	22044	22044	5	5	55	55	249	249	178	178
IND00307	496	496	1264	1264	932	932	263	263	6192	6192	7236	7236	38	38	43	43	2254	2254	6155	6155	143	143	188	188	52	52	3	3	4728	4728	4820	4820	684	684	1086	1086	86	86	16	16	12	12	3	3	48	48	63	63	2186	2186	613	613	46	46	3	3	930	930	282	282	6	6	7	7	7064	7064	6417	6417	425	425	158	158	7891	7891	5956	5956	16	16	2	2	2	2	15	15	34	34	61	61	1851	1851	250	250	447	447	3007	3007	1857	1857	1773	1773	3495	3495	4403	4403	31	31	194	194	1502	1502	3982	3982	190	190	238	238	1817	1817	551	551	1696	1696	1185	1185	26	26	2	2	11	11	117	117	42	42	37	37	2516	2516	3387	3387	99	99	165	165	788	788	295	295	1575134	1575134	2258216	2258216	2579	2579	5121	5121	132	132	258	258	31144	31144	6203	6203	190	190	202	202	367	367	300	300	152	152	156	156	254617	254617	241840	241840	216	216	132	132	75	75	81	81	32657	32657	21964	21964	174	174	88	88	409	409	242	242
IND00308	508	508	1921	1921	401	401	321	321	4741	4741	6577	6577	96	96	36	36	15374	15374	3549	3549	170	170	154	154	48	48	10	10	5379	5379	8120	8120	1208	1208	1514	1514	21	21	75	75	90	90	57	57	38	38	15	15	463	463	5032	5032	120	120	152	152	881	881	169	169	22	22	31	31	1914	1914	5345	5345	131	131	149	149	1793	1793	6648	6648	6	6	6	6	11	11	16	16	105	105	107	107	31	31	1737	1737	2651	2651	1115	1115	1005	1005	306	306	3345	3345	6035	6035	85	85	201	201	3241	3241	2875	2875	11	11	67	67	970	970	1137	1137	1149	1149	2127	2127	25	25	27	27	35	35	70	70	15	15	118	118	3091	3091	615	615	250	250	214	214	505	505	385	385	1880338	1880338	1370049	1370049	15021	15021	112	112	329	329	106	106	8752	8752	14115	14115	110	110	120	120	956	956	369	369	6	6	243	243	136698	136698	132797	132797	144	144	78	78	254	254	9	9	15061	15061	20138	20138	208	208	141	141	332	332	184	184
IND00309	291	291	1441	1441	562	562	931	931	5746	5746	1270	1270	71	71	57	57	15892	15892	9576	9576	194	194	237	237	57	57	55	55	3923	3923	4808	4808	31	31	1001	1001	80	80	44	44	48	48	33	33	8	8	44	44	5905	5905	2016	2016	32	32	63	63	885	885	155	155	7	7	4	4	1110	1110	996	996	128	128	78	78	3052	3052	2860	2860	2	2	6	6	7	7	5	5	35	35	45	45	572	572	81	81	3254	3254	3657	3657	1712	1712	975	975	6337	6337	4206	4206	59	59	138	138	1659	1659	32	32	113	113	10	10	1603	1603	1586	1586	2033	2033	858	858	17	17	9	9	8	8	35	35	66	66	83	83	2096	2096	3976	3976	184	184	20	20	975	975	357	357	3183005	3183005	98914	98914	12079	12079	851	851	77	77	333	333	26605	26605	12883	12883	220	220	26	26	764	764	439	439	248	248	198	198	250957	250957	16393	16393	209	209	120	120	308	308	260	260	12362	12362	28689	28689	166	166	56	56	189	189	242	242
IND00310	49	49	255	255	995	995	744	744	3715	3715	7643	7643	57	57	32	32	6125	6125	296	296	236	236	81	81	40	40	11	11	5048	5048	2371	2371	1925	1925	1677	1677	6	6	105	105	85	85	1	1	2	2	47	47	2246	2246	2437	2437	67	67	135	135	192	192	192	192	24	24	24	24	4335	4335	8144	8144	188	188	489	489	3314	3314	2784	2784	16	16	7	7	10	10	4	4	86	86	24	24	1151	1151	98	98	1060	1060	3514	3514	939	939	1516	1516	7497	7497	5538	5538	119	119	13	13	2769	2769	3467	3467	130	130	18	18	748	748	947	947	2170	2170	3590	3590	19	19	20	20	108	108	116	116	7	7	7	7	3080	3080	3972	3972	219	219	92	92	514	514	214	214	1822191	1822191	712530	712530	4268	4268	12352	12352	474	474	181	181	20542	20542	24568	24568	53	53	169	169	834	834	450	450	218	218	256	256	165411	165411	485472	485472	133	133	135	135	235	235	332	332	13642	13642	19944	19944	222	222	60	60	189	189	97	97
IND00311	1292	1292	832	832	970	970	32	32	3174	3174	4872	4872	26	26	51	51	11523	11523	13617	13617	65	65	164	164	34	34	12	12	6273	6273	1376	1376	1030	1030	1726	1726	72	72	99	99	12	12	97	97	25	25	62	62	5330	5330	6927	6927	161	161	243	243	509	509	495	495	25	25	6	6	7030	7030	1870	1870	447	447	396	396	6261	6261	2731	2731	2	2	3	3	3	3	7	7	5	5	47	47	475	475	1873	1873	2942	2942	1304	1304	721	721	1436	1436	3629	3629	967	967	58	58	110	110	2678	2678	1710	1710	142	142	151	151	339	339	1367	1367	1086	1086	3472	3472	29	29	7	7	83	83	115	115	79	79	20	20	1875	1875	282	282	82	82	61	61	159	159	685	685	3167232	3167232	4073003	4073003	11574	11574	4761	4761	245	245	498	498	9659	9659	22417	22417	107	107	151	151	292	292	179	179	244	244	45	45	172766	172766	42483	42483	154	154	112	112	303	303	508	508	27044	27044	22461	22461	91	91	84	84	111	111	18	18
IND00312	817	817	733	733	74	74	253	253	4191	4191	4869	4869	26	26	47	47	9188	9188	5633	5633	209	209	236	236	54	54	2	2	6220	6220	6796	6796	1921	1921	538	538	116	116	95	95	43	43	13	13	10	10	6	6	5354	5354	1933	1933	60	60	247	247	736	736	338	338	31	31	31	31	2927	2927	662	662	413	413	227	227	7527	7527	6397	6397	13	13	6	6	6	6	14	14	74	74	51	51	1125	1125	1707	1707	372	372	570	570	1407	1407	1474	1474	11	11	4678	4678	116	116	206	206	3625	3625	405	405	173	173	225	225	1342	1342	1293	1293	2329	2329	19	19	6	6	7	7	122	122	2	2	78	78	117	117	680	680	2541	2541	65	65	78	78	234	234	453	453	1552418	1552418	3425162	3425162	7032	7032	11341	11341	428	428	292	292	7693	7693	5340	5340	79	79	57	57	951	951	474	474	172	172	106	106	440234	440234	293104	293104	78	78	28	28	213	213	159	159	3143	3143	15606	15606	147	147	190	190	104	104	55	55
IND00313	1315	1315	892	892	496	496	745	745	7271	7271	5456	5456	85	85	96	96	261	261	14698	14698	53	53	140	140	25	25	53	53	2646	2646	2295	2295	113	113	179	179	9	9	72	72	75	75	26	26	57	57	53	53	1735	1735	3682	3682	186	186	29	29	566	566	406	406	32	32	1	1	6357	6357	1070	1070	216	216	427	427	7815	7815	3023	3023	5	5	5	5	8	8	10	10	40	40	119	119	1375	1375	1276	1276	3429	3429	3906	3906	334	334	859	859	2815	2815	464	464	220	220	154	154	475	475	2810	2810	1	1	50	50	1095	1095	1545	1545	32	32	280	280	1	1	10	10	105	105	112	112	23	23	27	27	2951	2951	2141	2141	192	192	226	226	474	474	393	393	1448458	1448458	2361243	2361243	10358	10358	886	886	13	13	172	172	12001	12001	1098	1098	12	12	80	80	852	852	683	683	128	128	95	95	271165	271165	227640	227640	100	100	62	62	142	142	245	245	3668	3668	20571	20571	159	159	22	22	121	121	295	295
IND00314	268	268	1324	1324	104	104	822	822	4435	4435	1970	1970	79	79	2	2	13012	13012	10925	10925	187	187	140	140	21	21	44	44	7552	7552	5268	5268	1488	1488	1837	1837	34	34	102	102	76	76	50	50	40	40	49	49	5399	5399	4763	4763	57	57	221	221	181	181	546	546	26	26	29	29	6013	6013	7107	7107	220	220	108	108	5470	5470	3201	3201	16	16	6	6	11	11	12	12	98	98	24	24	1106	1106	607	607	1175	1175	3117	3117	1480	1480	725	725	1656	1656	7977	7977	90	90	235	235	2984	2984	1582	1582	7	7	161	161	852	852	937	937	2072	2072	711	711	12	12	1	1	79	79	88	88	54	54	110	110	3878	3878	690	690	64	64	169	169	686	686	736	736	1817938	1817938	172121	172121	8731	8731	12331	12331	188	188	220	220	12686	12686	18184	18184	215	215	185	185	369	369	697	697	147	147	54	54	7165	7165	194917	194917	11	11	161	161	140	140	295	295	6601	6601	15363	15363	101	101	190	190	126	126	16	16
IND00315	1938	1938	84	84	111	111	988	988	5575	5575	7246	7246	114	114	29	29	12882	12882	7456	7456	158	158	219	219	29	29	9	9	7494	7494	1136	1136	1771	1771	199	199	38	38	109	109	77	77	42	42	41	41	18	18	1819	1819	3396	3396	100	100	62	62	631	631	84	84	10	10	15	15	6407	6407	5816	5816	66	66	145	145	687	687	4714	4714	6	6	10	10	6	6	5	5	118	118	18	18	1455	1455	1600	1600	2428	2428	2609	2609	1046	1046	1725	1725	4437	4437	5036	5036	23	23	173	173	716	716	1423	1423	35	35	112	112	1614	1614	1572	1572	186	186	3045	3045	4	4	13	13	29	29	81	81	28	28	122	122	122	122	3650	3650	240	240	68	68	307	307	526	526	3847959	3847959	911961	911961	9830	9830	7896	7896	457	457	113	113	31573	31573	11918	11918	250	250	143	143	768	768	429	429	167	167	70	70	164086	164086	371486	371486	214	214	44	44	21	21	353	353	17111	17111	22259	22259	70	70	25	25	241	241	446	446
IND00316	336	336	1047	1047	973	973	273	273	7441	7441	7054	7054	62	62	47	47	1362	1362	1482	1482	44	44	124	124	25	25	61	61	3822	3822	1949	1949	1474	1474	1293	1293	124	124	13	13	122	122	17	17	2	2	30	30	420	420	4902	4902	168	168	113	113	308	308	43	43	12	12	18	18	1197	1197	6668	6668	228	228	172	172	5361	5361	2150	2150	9	9	14	14	13	13	6	6	26	26	117	117	345	345	378	378	2126	2126	1067	1067	1035	1035	935	935	6240	6240	4568	4568	193	193	175	175	3356	3356	1491	1491	16	16	75	75	504	504	348	348	2762	2762	1193	1193	3	3	15	15	49	49	31	31	104	104	39	39	185	185	3560	3560	193	193	77	77	314	314	939	939	3435734	3435734	711985	711985	15002	15002	8569	8569	345	345	374	374	8454	8454	2021	2021	34	34	167	167	373	373	915	915	160	160	182	182	134138	134138	187274	187274	13	13	246	246	138	138	144	144	10792	10792	12395	12395	239	239	23	23	10	10	301	301
IND00317	1964	1964	1497	1497	476	476	127	127	2467	2467	7084	7084	95	95	59	59	5186	5186	12412	12412	130	130	193	193	3	3	47	47	1254	1254	7626	7626	1122	1122	772	772	85	85	120	120	43	43	59	59	21	21	28	28	5886	5886	1315	1315	50	50	129	129	690	690	977	977	9	9	31	31	5036	5036	250	250	447	447	76	76	3323	3323	5588	5588	3	3	8	8	16	16	4	4	75	75	91	91	1328	1328	1726	1726	3085	3085	2829	2829	623	623	729	729	5028	5028	6606	6606	13	13	81	81	3223	3223	184	184	215	215	117	117	1977	1977	999	999	1055	1055	3112	3112	12	12	1	1	105	105	44	44	3	3	114	114	2214	2214	3476	3476	31	31	90	90	11	11	742	742	3077646	3077646	3605927	3605927	12354	12354	9062	9062	426	426	235	235	7990	7990	18393	18393	112	112	196	196	1022	1022	798	798	87	87	142	142	268523	268523	149344	149344	119	119	172	172	105	105	267	267	20984	20984	6875	6875	141	141	15	15	502	502	494	494
IND00318	1712	1712	1658	1658	388	388	23	23	4383	4383	7568	7568	23	23	17	17	14351	14351	3027	3027	81	81	152	152	40	40	2	2	3722	3722	3917	3917	731	731	1301	1301	19	19	121	121	39	39	41	41	22	22	53	53	833	833	1644	1644	190	190	29	29	880	880	284	284	8	8	17	17	215	215	6514	6514	38	38	44	44	495	495	4468	4468	10	10	9	9	3	3	5	5	91	91	47	47	785	785	1834	1834	2138	2138	3158	3158	186	186	1466	1466	4656	4656	589	589	122	122	146	146	2139	2139	1721	1721	227	227	14	14	1876	1876	675	675	3793	3793	1144	1144	2	2	12	12	51	51	71	71	119	119	37	37	4039	4039	710	710	52	52	125	125	549	549	390	390	2974624	2974624	2993556	2993556	9849	9849	9792	9792	175	175	311	311	9754	9754	4685	4685	144	144	22	22	982	982	28	28	172	172	38	38	18733	18733	417228	417228	27	27	157	157	384	384	330	330	5047	5047	11601	11601	103	103	146	146	168	168	63	63
IND00319	438	438	2019	2019	197	197	754	754	224	224	6145	6145	83	83	90	90	7835	7835	2046	2046	239	239	74	74	30	30	34	34	7172	7172	5045	5045	285	285	1060	1060	78	78	56	56	127	127	7	7	61	61	5	5	2729	2729	3702	3702	226	226	171	171	381	381	868	868	8	8	25	25	458	458	7792	7792	411	411	26	26	149	149	134	134	15	15	6	6	16	16	8	8	74	74	123	123	1390	1390	1999	1999	4028	4028	906	906	183	183	773	773	7750	7750	903	903	60	60	13	13	1722	1722	3429	3429	32	32	243	243	1857	1857	563	563	1469	1469	3533	3533	4	4	20	20	110	110	54	54	26	26	17	17	665	665	3612	3612	82	82	226	226	262	262	486	486	2863555	2863555	3977442	3977442	8218	8218	7195	7195	52	52	148	148	17046	17046	4740	4740	162	162	22	22	163	163	198	198	180	180	130	130	18476	18476	334354	334354	113	113	65	65	457	457	482	482	9931	9931	16004	16004	39	39	80	80	282	282	435	435
IND00320	1928	1928	682	682	379	379	652	652	6091	6091	7324	7324	5	5	44	44	8494	8494	4171	4171	60	60	174	174	11	11	17	17	7322	7322	1341	1341	1432	1432	119	119	106	106	86	86	47	47	22	22	57	57	52	52	4804	4804	7230	7230	66	66	158	158	455	455	826	826	7	7	28	28	3332	3332	1209	1209	453	453	297	297	3904	3904	141	141	5	5	1	1	4	4	2	2	94	94	83	83	1240	1240	1344	1344	1644	1644	285	285	1198	1198	1000	1000	5346	5346	575	575	92	92	174	174	3815	3815	3626	3626	214	214	138	138	798	798	1289	1289	3148	3148	1010	1010	13	13	25	25	68	68	127	127	97	97	60	60	1551	1551	3841	3841	55	55	203	203	432	432	479	479	2763664	2763664	2926439	2926439	12934	12934	8869	8869	36	36	235	235	27918	27918	18463	18463	201	201	15	15	596	596	218	218	92	92	99	99	344137	344137	456858	456858	162	162	67	67	93	93	377	377	8092	8092	31620	31620	224	224	122	122	120	120	53	53
IND00321	981	981	1187	1187	812	812	295	295	6715	6715	4690	4690	59	59	3	3	13192	13192	6650	6650	144	144	25	25	56	56	26	26	3114	3114	3524	3524	302	302	792	792	107	107	25	25	92	92	108	108	31	31	35	35	7733	7733	4837	4837	119	119	129	129	115	115	135	135	18	18	7	7	5316	5316	2666	2666	407	407	494	494	6099	6099	3985	3985	15	15	6	6	4	4	10	10	107	107	2	2	2018	2018	1641	1641	439	439	840	840	1387	1387	1091	1091	937	937	4255	4255	37	37	245	245	2054	2054	3876	3876	233	233	236	236	1706	1706	1191	1191	3696	3696	1095	1095	2	2	25	25	128	128	12	12	109	109	74	74	613	613	3024	3024	217	217	230	230	984	984	198	198	3137106	3137106	3012466	3012466	1988	1988	4843	4843	207	207	371	371	3685	3685	15249	15249	101	101	105	105	152	152	439	439	186	186	252	252	97176	97176	462722	462722	100	100	16	16	316	316	215	215	7631	7631	26882	26882	69	69	247	247	200	200	385	385
IND00322	790	790	203	203	870	870	41	41	8178	8178	4275	4275	63	63	124	124	13682	13682	8597	8597	101	101	201	201	25	25	9	9	15	15	5197	5197	179	179	204	204	82	82	105	105	55	55	79	79	1	1	29	29	2505	2505	4173	4173	177	177	111	111	120	120	460	460	11	11	4	4	827	827	1309	1309	376	376	386	386	5268	5268	6307	6307	13	13	12	12	9	9	14	14	32	32	93	93	1865	1865	98	98	2316	2316	2022	2022	333	333	990	990	2065	2065	5497	5497	24	24	230	230	486	486	3112	3112	106	106	71	71	771	771	563	563	3435	3435	3320	3320	26	26	28	28	95	95	106	106	67	67	51	51	805	805	1059	1059	24	24	90	90	617	617	902	902	1322012	1322012	3123423	3123423	15263	15263	875	875	93	93	292	292	27643	27643	4431	4431	205	205	128	128	836	836	895	895	167	167	121	121	12620	12620	105546	105546	124	124	99	99	436	436	111	111	21911	21911	31040	31040	47	47	123	123	471	471	31	31
IND00323	1803	1803	1429	1429	584	584	44	44	2322	2322	2092	2092	29	29	20	20	7929	7929	2435	2435	40	40	179	179	4	4	62	62	1350	1350	2689	2689	1822	1822	952	952	119	119	55	55	57	57	15	15	33	33	26	26	4760	4760	4807	4807	139	139	158	158	415	415	122	122	22	22	19	19	3090	3090	7615	7615	414	414	238	238	4903	4903	1069	1069	13	13	9	9	14	14	15	15	35	35	95	95	1229	1229	1270	1270	3433	3433	2863	2863	34	34	560	560	1795	1795	3309	3309	229	229	213	213	3774	3774	1343	1343	32	32	215	215	270	270	1746	1746	2839	2839	2284	2284	14	14	21	21	115	115	36	36	71	71	81	81	2814	2814	3857	3857	50	50	26	26	810	810	981	981	676690	676690	2720381	2720381	7275	7275	7568	7568	191	191	285	285	29009	29009	1139	1139	146	146	188	188	824	824	379	379	254	254	25	25	333895	333895	153431	153431	138	138	51	51	49	49	443	443	24598	24598	1911	1911	201	201	31	31	96	96	215	215
IND00324	1385	1385	1814	1814	1015	1015	19	19	7745	7745	5092	5092	9	9	49	49	9974	9974	12731	12731	71	71	234	234	63	63	40	40	3536	3536	1932	1932	1050	1050	1094	1094	72	72	118	118	84	84	36	36	64	64	27	27	6517	6517	1933	1933	109	109	126	126	671	671	606	606	23	23	32	32	5108	5108	3377	3377	329	329	477	477	2897	2897	7039	7039	13	13	1	1	12	12	6	6	120	120	45	45	493	493	1624	1624	1978	1978	1700	1700	766	766	738	738	5574	5574	7097	7097	199	199	233	233	1265	1265	70	70	73	73	44	44	1305	1305	1295	1295	2841	2841	1008	1008	31	31	14	14	85	85	110	110	115	115	100	100	2579	2579	27	27	181	181	161	161	756	756	740	740	3372344	3372344	1323047	1323047	2394	2394	6956	6956	436	436	423	423	12450	12450	12063	12063	227	227	89	89	62	62	353	353	174	174	36	36	488637	488637	189679	189679	166	166	20	20	279	279	215	215	23739	23739	24276	24276	176	176	160	160	156	156	321	321
IND00325	966	966	250	250	139	139	36	36	3641	3641	2342	2342	89	89	55	55	3505	3505	15868	15868	125	125	51	51	62	62	31	31	6410	6410	4130	4130	1666	1666	1586	1586	112	112	37	37	102	102	52	52	33	33	7	7	7562	7562	4950	4950	60	60	126	126	660	660	243	243	18	18	5	5	1773	1773	2709	2709	356	356	213	213	2185	2185	6879	6879	9	9	10	10	15	15	15	15	119	119	44	44	741	741	515	515	2717	2717	1155	1155	902	902	439	439	4477	4477	7037	7037	17	17	14	14	266	266	3061	3061	43	43	100	100	1683	1683	1266	1266	3135	3135	3766	3766	2	2	9	9	96	96	43	43	39	39	22	22	2686	2686	3407	3407	235	235	91	91	174	174	504	504	3507971	3507971	2411668	2411668	13339	13339	3451	3451	142	142	334	334	27121	27121	7141	7141	50	50	255	255	739	739	64	64	245	245	28	28	430577	430577	200621	200621	57	57	235	235	293	293	147	147	20223	20223	10353	10353	194	194	128	128	2	2	398	398
IND00326	958	958	1869	1869	710	710	263	263	1026	1026	3179	3179	49	49	116	116	16036	16036	12159	12159	121	121	146	146	18	18	54	54	6630	6630	4702	4702	374	374	270	270	126	126	39	39	61	61	46	46	48	48	30	30	4396	4396	6941	6941	58	58	237	237	217	217	224	224	9	9	8	8	4939	4939	6647	6647	255	255	75	75	2978	2978	7118	7118	12	12	2	2	8	8	14	14	90	90	114	114	1038	1038	444	444	266	266	2970	2970	907	907	1154	1154	7691	7691	2239	2239	32	32	244	244	387	387	2021	2021	102	102	123	123	583	583	1852	1852	2701	2701	901	901	13	13	23	23	104	104	40	40	75	75	99	99	3365	3365	1792	1792	95	95	134	134	131	131	834	834	288321	288321	3007877	3007877	10494	10494	12379	12379	171	171	299	299	7907	7907	11395	11395	143	143	167	167	871	871	189	189	30	30	89	89	194554	194554	457030	457030	226	226	203	203	27	27	62	62	1240	1240	6428	6428	41	41	211	211	365	365	25	25
IND00327	1625	1625	1639	1639	659	659	293	293	4177	4177	7687	7687	32	32	128	128	15389	15389	12331	12331	122	122	126	126	29	29	28	28	1561	1561	882	882	1768	1768	364	364	76	76	9	9	75	75	109	109	18	18	5	5	1159	1159	7705	7705	181	181	256	256	109	109	507	507	22	22	9	9	8064	8064	4988	4988	285	285	357	357	5692	5692	1962	1962	10	10	2	2	13	13	8	8	25	25	91	91	1963	1963	1286	1286	2754	2754	1039	1039	55	55	706	706	4213	4213	6358	6358	179	179	230	230	1844	1844	1060	1060	94	94	227	227	1969	1969	1677	1677	2177	2177	2606	2606	26	26	31	31	89	89	63	63	13	13	60	60	1523	1523	4050	4050	22	22	10	10	52	52	340	340	1166631	1166631	2990145	2990145	8586	8586	1609	1609	488	488	274	274	9882	9882	24070	24070	110	110	41	41	117	117	985	985	167	167	107	107	262443	262443	126383	126383	70	70	176	176	423	423	271	271	9467	9467	32071	32071	187	187	104	104	376	376	224	224
IND00328	420	420	1557	1557	288	288	778	778	6261	6261	7541	7541	8	8	109	109	12034	12034	1243	1243	164	164	3	3	49	49	62	62	3941	3941	6385	6385	271	271	708	708	56	56	102	102	101	101	116	116	52	52	2	2	5165	5165	5366	5366	81	81	35	35	54	54	696	696	27	27	15	15	7942	7942	3968	3968	157	157	335	335	5525	5525	232	232	13	13	13	13	9	9	6	6	29	29	6	6	1052	1052	1373	1373	2750	2750	72	72	328	328	1191	1191	2861	2861	5144	5144	8	8	216	216	377	377	656	656	204	204	184	184	455	455	1154	1154	3270	3270	2383	2383	19	19	29	29	102	102	92	92	10	10	116	116	3427	3427	3477	3477	190	190	195	195	34	34	891	891	2735137	2735137	2852566	2852566	5309	5309	1048	1048	505	505	19	19	15682	15682	27203	27203	13	13	23	23	337	337	491	491	176	176	63	63	383277	383277	59640	59640	53	53	153	153	107	107	87	87	19910	19910	7662	7662	173	173	238	238	253	253	283	283
IND00329	1088	1088	485	485	562	562	289	289	6584	6584	1321	1321	25	25	3	3	909	909	8534	8534	77	77	13	13	4	4	4	4	4020	4020	6554	6554	695	695	498	498	96	96	30	30	46	46	35	35	29	29	40	40	4685	4685	677	677	138	138	147	147	943	943	677	677	15	15	7	7	7195	7195	7375	7375	419	419	108	108	7272	7272	6981	6981	4	4	2	2	9	9	11	11	18	18	118	118	1010	1010	168	168	3958	3958	3385	3385	587	587	277	277	507	507	3536	3536	139	139	108	108	2517	2517	3927	3927	127	127	253	253	1379	1379	105	105	3099	3099	1243	1243	30	30	10	10	119	119	54	54	48	48	118	118	1452	1452	3875	3875	186	186	255	255	135	135	740	740	3831307	3831307	842419	842419	9899	9899	10980	10980	78	78	441	441	18650	18650	23107	23107	11	11	146	146	123	123	451	451	5	5	215	215	490255	490255	198405	198405	120	120	201	201	71	71	103	103	15151	15151	16729	16729	92	92	88	88	2	2	68	68
IND00330	2048	2048	1788	1788	1008	1008	769	769	6232	6232	6319	6319	116	116	119	119	12547	12547	2009	2009	72	72	25	25	8	8	21	21	7224	7224	6659	6659	681	681	865	865	81	81	31	31	118	118	105	105	2	2	22	22	5757	5757	5126	5126	61	61	92	92	96	96	104	104	14	14	7	7	2598	2598	2074	2074	362	362	269	269	3888	3888	5945	5945	15	15	2	2	14	14	11	11	32	32	45	45	1503	1503	1313	1313	1259	1259	1854	1854	980	980	1102	1102	871	871	3914	3914	173	173	15	15	4035	4035	2244	2244	56	56	97	97	643	643	63	63	2938	2938	328	328	1	1	28	28	116	116	30	30	98	98	115	115	778	778	3858	3858	3	3	213	213	954	954	666	666	2392793	2392793	3081374	3081374	1212	1212	488	488	213	213	114	114	29602	29602	20869	20869	246	246	144	144	92	92	196	196	223	223	112	112	290358	290358	67440	67440	4	4	69	69	397	397	195	195	29059	29059	24969	24969	107	107	7	7	385	385	174	174
IND00331	1974	1974	994	994	107	107	941	941	256	256	5787	5787	15	15	78	78	4104	4104	919	919	109	109	88	88	52	52	38	38	1834	1834	1685	1685	1543	1543	631	631	24	24	3	3	34	34	57	57	44	44	49	49	4330	4330	6685	6685	20	20	36	36	566	566	967	967	15	15	20	20	6072	6072	6467	6467	499	499	41	41	3292	3292	2172	2172	13	13	6	6	4	4	4	4	113	113	45	45	421	421	173	173	1993	1993	3062	3062	143	143	1258	1258	4732	4732	4668	4668	243	243	188	188	1616	1616	1252	1252	84	84	69	69	161	161	571	571	3121	3121	660	660	26	26	17	17	3	3	50	50	27	27	67	67	1320	1320	153	153	85	85	64	64	555	555	297	297	408762	408762	2371400	2371400	9093	9093	3090	3090	239	239	425	425	14903	14903	19369	19369	59	59	181	181	185	185	330	330	78	78	249	249	289331	289331	487762	487762	194	194	53	53	245	245	409	409	8586	8586	26194	26194	4	4	62	62	386	386	508	508
IND00332	813	813	908	908	387	387	878	878	7509	7509	5499	5499	54	54	74	74	4058	4058	4394	4394	86	86	90	90	50	50	63	63	5807	5807	1388	1388	1709	1709	63	63	26	26	91	91	6	6	14	14	42	42	4	4	7796	7796	3262	3262	115	115	90	90	712	712	201	201	11	11	6	6	7801	7801	3708	3708	488	488	282	282	7563	7563	217	217	7	7	7	7	3	3	12	12	55	55	7	7	822	822	259	259	845	845	399	399	1409	1409	286	286	340	340	2872	2872	53	53	44	44	556	556	2996	2996	105	105	106	106	46	46	1936	1936	3465	3465	4031	4031	32	32	12	12	65	65	39	39	10	10	84	84	2325	2325	1659	1659	44	44	218	218	961	961	370	370	1012202	1012202	1780547	1780547	8620	8620	13604	13604	454	454	108	108	3732	3732	10846	10846	70	70	174	174	281	281	730	730	76	76	136	136	382890	382890	120068	120068	174	174	200	200	116	116	293	293	26206	26206	726	726	156	156	208	208	51	51	479	479
IND00333	1362	1362	1196	1196	550	550	675	675	1497	1497	3879	3879	24	24	31	31	11666	11666	8398	8398	228	228	174	174	47	47	49	49	7099	7099	690	690	2014	2014	1063	1063	80	80	78	78	53	53	60	60	28	28	23	23	1163	1163	5625	5625	165	165	8	8	261	261	247	247	13	13	13	13	1090	1090	670	670	242	242	305	305	7593	7593	1367	1367	14	14	12	12	16	16	3	3	92	92	125	125	1663	1663	1366	1366	436	436	3534	3534	558	558	646	646	4806	4806	561	561	80	80	148	148	3332	3332	1079	1079	33	33	51	51	1319	1319	1362	1362	1688	1688	3157	3157	32	32	31	31	24	24	8	8	25	25	1	1	1363	1363	435	435	49	49	17	17	444	444	41	41	404187	404187	3131740	3131740	11391	11391	5577	5577	183	183	274	274	26921	26921	22007	22007	23	23	150	150	185	185	34	34	211	211	252	252	85997	85997	41338	41338	254	254	29	29	190	190	367	367	22316	22316	27064	27064	107	107	213	213	367	367	50	50
IND00334	1567	1567	63	63	826	826	124	124	3531	3531	53	53	69	69	121	121	8715	8715	2289	2289	203	203	78	78	60	60	28	28	1565	1565	5618	5618	1255	1255	26	26	70	70	121	121	27	27	49	49	16	16	31	31	7106	7106	5271	5271	93	93	240	240	422	422	27	27	17	17	25	25	3685	3685	2838	2838	488	488	351	351	1303	1303	6959	6959	16	16	2	2	2	2	9	9	33	33	66	66	28	28	1545	1545	3058	3058	2821	2821	1616	1616	302	302	4663	4663	6544	6544	229	229	174	174	3453	3453	3968	3968	14	14	55	55	1294	1294	1169	1169	587	587	3933	3933	1	1	11	11	55	55	49	49	39	39	65	65	80	80	3123	3123	100	100	66	66	418	418	957	957	320350	320350	2181998	2181998	14613	14613	6259	6259	185	185	425	425	17545	17545	17492	17492	227	227	71	71	778	778	909	909	22	22	122	122	401786	401786	45395	45395	221	221	255	255	236	236	283	283	7319	7319	23106	23106	209	209	232	232	220	220	90	90
IND00335	2011	2011	192	192	487	487	174	174	4615	4615	5206	5206	55	55	21	21	9530	9530	12979	12979	182	182	3	3	54	54	38	38	3875	3875	687	687	616	616	1909	1909	39	39	60	60	89	89	121	121	40	40	46	46	3996	3996	4627	4627	229	229	55	55	926	926	427	427	22	22	8	8	5005	5005	6438	6438	211	211	148	148	7854	7854	575	575	13	13	6	6	5	5	14	14	84	84	68	68	1576	1576	204	204	382	382	2565	2565	133	133	1118	1118	274	274	3687	3687	137	137	69	69	1406	1406	1923	1923	163	163	85	85	1546	1546	204	204	290	290	1106	1106	4	4	1	1	80	80	3	3	85	85	90	90	1098	1098	3708	3708	133	133	180	180	893	893	248	248	3805601	3805601	1517117	1517117	1910	1910	14550	14550	162	162	146	146	23584	23584	24553	24553	10	10	77	77	908	908	444	444	31	31	244	244	422218	422218	446828	446828	184	184	139	139	479	479	120	120	17427	17427	12253	12253	252	252	141	141	277	277	338	338
IND00336	949	949	637	637	351	351	547	547	8167	8167	110	110	24	24	6	6	9967	9967	5690	5690	112	112	135	135	63	63	7	7	5180	5180	6552	6552	501	501	815	815	7	7	13	13	24	24	21	21	21	21	54	54	2010	2010	1445	1445	216	216	2	2	233	233	952	952	1	1	16	16	5227	5227	4840	4840	345	345	341	341	7401	7401	6647	6647	13	13	2	2	12	12	14	14	55	55	73	73	1296	1296	1686	1686	768	768	3843	3843	1743	1743	1410	1410	6219	6219	3166	3166	93	93	108	108	737	737	2160	2160	78	78	12	12	1180	1180	89	89	1885	1885	661	661	25	25	16	16	93	93	89	89	112	112	65	65	1490	1490	1005	1005	155	155	107	107	996	996	841	841	3798570	3798570	1597557	1597557	15315	15315	7529	7529	189	189	333	333	16267	16267	21885	21885	2	2	133	133	810	810	96	96	85	85	48	48	45744	45744	417429	417429	230	230	34	34	226	226	164	164	2383	2383	2941	2941	73	73	186	186	492	492	144	144
IND00337	464	464	1852	1852	177	177	192	192	3119	3119	2148	2148	126	126	33	33	3282	3282	10573	10573	130	130	121	121	16	16	49	49	623	623	6585	6585	1486	1486	661	661	16	16	118	118	116	116	45	45	52	52	54	54	4630	4630	4992	4992	27	27	156	156	648	648	473	473	29	29	8	8	5484	5484	6668	6668	106	106	509	509	1115	1115	1827	1827	13	13	7	7	14	14	7	7	1	1	66	66	1388	1388	257	257	824	824	2363	2363	1238	1238	1067	1067	7279	7279	4012	4012	154	154	22	22	3820	3820	3295	3295	254	254	15	15	700	700	1611	1611	3309	3309	3760	3760	1	1	17	17	19	19	44	44	53	53	12	12	1637	1637	2799	2799	196	196	81	81	658	658	637	637	1826992	1826992	3427217	3427217	7281	7281	4940	4940	347	347	371	371	4289	4289	314	314	38	38	40	40	390	390	185	185	60	60	86	86	90564	90564	397713	397713	16	16	245	245	503	503	173	173	25604	25604	4331	4331	66	66	14	14	373	373	228	228
IND00338	920	920	1928	1928	386	386	846	846	5514	5514	1123	1123	115	115	36	36	4192	4192	11632	11632	87	87	56	56	51	51	26	26	5315	5315	4137	4137	1567	1567	2021	2021	104	104	23	23	108	108	31	31	45	45	23	23	3591	3591	2989	2989	180	180	132	132	474	474	722	722	5	5	16	16	3597	3597	3784	3784	195	195	449	449	4064	4064	628	628	12	12	12	12	9	9	7	7	95	95	81	81	1299	1299	1364	1364	135	135	3404	3404	2007	2007	609	609	8055	8055	3530	3530	28	28	113	113	2490	2490	3046	3046	222	222	91	91	1374	1374	901	901	1061	1061	4089	4089	15	15	13	13	2	2	107	107	31	31	33	33	4069	4069	1823	1823	77	77	67	67	952	952	897	897	2931493	2931493	1172341	1172341	15547	15547	14169	14169	98	98	457	457	811	811	31095	31095	217	217	127	127	27	27	888	888	190	190	13	13	437492	437492	169017	169017	82	82	57	57	143	143	348	348	11759	11759	22687	22687	46	46	149	149	34	34	224	224
IND00339	377	377	1561	1561	308	308	963	963	5748	5748	7584	7584	51	51	82	82	8902	8902	14380	14380	78	78	100	100	36	36	5	5	2057	2057	7783	7783	1498	1498	1765	1765	95	95	57	57	40	40	21	21	23	23	63	63	1794	1794	1678	1678	85	85	224	224	258	258	312	312	26	26	24	24	6970	6970	7367	7367	186	186	512	512	6018	6018	1956	1956	12	12	9	9	10	10	10	10	27	27	87	87	1668	1668	221	221	2253	2253	200	200	1499	1499	704	704	2704	2704	7890	7890	17	17	173	173	1293	1293	2389	2389	79	79	78	78	1413	1413	990	990	3162	3162	2024	2024	20	20	23	23	101	101	126	126	64	64	20	20	2150	2150	3978	3978	165	165	82	82	17	17	873	873	1406446	1406446	2737174	2737174	1274	1274	11148	11148	105	105	497	497	7645	7645	11892	11892	46	46	247	247	842	842	675	675	150	150	236	236	60926	60926	203300	203300	62	62	209	209	250	250	150	150	10899	10899	14782	14782	97	97	31	31	210	210	211	211
IND00340	1983	1983	971	971	88	88	856	856	1749	1749	2283	2283	18	18	97	97	15460	15460	14703	14703	124	124	225	225	8	8	21	21	6634	6634	78	78	241	241	827	827	72	72	105	105	38	38	35	35	34	34	47	47	7141	7141	655	655	119	119	174	174	44	44	993	993	9	9	20	20	7894	7894	1068	1068	170	170	236	236	6234	6234	1168	1168	12	12	13	13	3	3	9	9	124	124	106	106	1140	1140	471	471	1311	1311	3358	3358	651	651	999	999	7794	7794	6212	6212	158	158	95	95	2725	2725	2705	2705	211	211	194	194	587	587	1836	1836	3979	3979	1446	1446	14	14	6	6	35	35	124	124	70	70	7	7	2355	2355	3862	3862	31	31	225	225	174	174	487	487	669832	669832	1898696	1898696	12337	12337	14885	14885	359	359	170	170	20207	20207	26100	26100	39	39	102	102	135	135	423	423	172	172	178	178	226135	226135	270219	270219	174	174	8	8	55	55	107	107	21242	21242	14717	14717	136	136	90	90	412	412	278	278
IND00341	1162	1162	1216	1216	555	555	656	656	3913	3913	6055	6055	111	111	6	6	11862	11862	14570	14570	250	250	200	200	60	60	57	57	8151	8151	3528	3528	1908	1908	1483	1483	71	71	53	53	7	7	24	24	17	17	58	58	7494	7494	1592	1592	22	22	208	208	471	471	99	99	13	13	31	31	5970	5970	1518	1518	28	28	56	56	1375	1375	6192	6192	14	14	3	3	16	16	9	9	97	97	6	6	982	982	813	813	104	104	2246	2246	152	152	1825	1825	3283	3283	1459	1459	102	102	48	48	2515	2515	2961	2961	227	227	233	233	228	228	1676	1676	1966	1966	1058	1058	25	25	9	9	70	70	122	122	97	97	68	68	3240	3240	3161	3161	86	86	1	1	688	688	173	173	4093156	4093156	1100445	1100445	8359	8359	1760	1760	286	286	325	325	31543	31543	7193	7193	166	166	192	192	580	580	774	774	243	243	207	207	166867	166867	460089	460089	159	159	236	236	201	201	107	107	26798	26798	25234	25234	92	92	181	181	69	69	495	495
IND00342	982	982	1508	1508	968	968	699	699	5937	5937	1959	1959	124	124	96	96	13329	13329	13019	13019	115	115	121	121	55	55	59	59	5261	5261	488	488	1296	1296	606	606	105	105	33	33	45	45	66	66	61	61	57	57	3710	3710	5736	5736	136	136	254	254	618	618	81	81	2	2	2	2	2826	2826	4824	4824	139	139	387	387	7708	7708	1587	1587	10	10	4	4	7	7	6	6	88	88	61	61	852	852	871	871	2532	2532	1318	1318	710	710	974	974	5487	5487	4331	4331	145	145	179	179	3346	3346	3741	3741	27	27	150	150	1108	1108	1778	1778	859	859	2701	2701	25	25	10	10	99	99	12	12	69	69	58	58	2049	2049	691	691	99	99	142	142	637	637	63	63	1209144	1209144	1391026	1391026	4054	4054	9362	9362	6	6	29	29	11080	11080	17075	17075	170	170	63	63	399	399	382	382	139	139	190	190	465708	465708	66569	66569	27	27	127	127	413	413	15	15	847	847	11591	11591	127	127	180	180	163	163	499	499
IND00343	463	463	1279	1279	680	680	589	589	5574	5574	1790	1790	27	27	48	48	2694	2694	16005	16005	48	48	51	51	58	58	46	46	5770	5770	2599	2599	784	784	2031	2031	74	74	55	55	60	60	40	40	58	58	61	61	1659	1659	1416	1416	221	221	168	168	930	930	631	631	19	19	19	19	4796	4796	5278	5278	123	123	196	196	1154	1154	5026	5026	13	13	2	2	9	9	15	15	39	39	81	81	1342	1342	1530	1530	176	176	1847	1847	1652	1652	1917	1917	6363	6363	2110	2110	53	53	214	214	1277	1277	4021	4021	72	72	156	156	757	757	909	909	3612	3612	984	984	27	27	18	18	7	7	88	88	104	104	123	123	462	462	3164	3164	84	84	126	126	903	903	255	255	2389253	2389253	2070144	2070144	3627	3627	6699	6699	490	490	271	271	12567	12567	9691	9691	53	53	159	159	458	458	232	232	62	62	118	118	405498	405498	205898	205898	105	105	228	228	66	66	170	170	32144	32144	6491	6491	117	117	210	210	79	79	67	67
IND00344	1916	1916	1954	1954	632	632	302	302	7229	7229	6645	6645	120	120	27	27	2454	2454	5966	5966	25	25	26	26	48	48	9	9	2656	2656	5987	5987	1428	1428	1069	1069	27	27	111	111	81	81	35	35	3	3	6	6	2671	2671	4211	4211	5	5	177	177	203	203	502	502	15	15	11	11	2189	2189	2773	2773	433	433	15	15	6190	6190	8112	8112	6	6	3	3	6	6	13	13	55	55	20	20	1989	1989	304	304	2433	2433	371	371	1424	1424	552	552	5261	5261	8117	8117	102	102	116	116	2871	2871	1540	1540	206	206	31	31	1035	1035	296	296	1384	1384	608	608	23	23	21	21	28	28	37	37	5	5	19	19	516	516	624	624	168	168	163	163	884	884	474	474	2321629	2321629	401959	401959	14229	14229	4211	4211	25	25	308	308	27715	27715	24292	24292	194	194	93	93	761	761	518	518	241	241	167	167	55343	55343	262861	262861	173	173	53	53	214	214	122	122	16922	16922	21867	21867	242	242	90	90	250	250	14	14
IND00345	676	676	869	869	241	241	772	772	3806	3806	633	633	117	117	128	128	287	287	8776	8776	75	75	96	96	62	62	56	56	3526	3526	4414	4414	480	480	937	937	6	6	12	12	70	70	83	83	27	27	6	6	3563	3563	5020	5020	26	26	68	68	449	449	602	602	23	23	27	27	2189	2189	5790	5790	209	209	247	247	4123	4123	1934	1934	9	9	12	12	13	13	13	13	30	30	81	81	816	816	1121	1121	756	756	3655	3655	356	356	1984	1984	7252	7252	5483	5483	36	36	82	82	1634	1634	914	914	80	80	11	11	1462	1462	1363	1363	1850	1850	3959	3959	23	23	28	28	124	124	7	7	67	67	26	26	3533	3533	3031	3031	101	101	110	110	687	687	418	418	893065	893065	3425929	3425929	714	714	12175	12175	172	172	130	130	32598	32598	9877	9877	196	196	104	104	715	715	361	361	227	227	33	33	14257	14257	147238	147238	93	93	122	122	365	365	341	341	4265	4265	8668	8668	200	200	20	20	80	80	257	257
IND00346	207	207	186	186	944	944	299	299	62	62	4850	4850	90	90	42	42	7336	7336	8576	8576	203	203	25	25	16	16	31	31	6067	6067	5860	5860	1811	1811	1800	1800	48	48	73	73	12	12	41	41	51	51	47	47	3483	3483	2867	2867	109	109	145	145	77	77	860	860	11	11	1	1	5963	5963	4826	4826	347	347	230	230	3527	3527	4458	4458	8	8	16	16	12	12	1	1	97	97	112	112	781	781	1574	1574	2517	2517	3027	3027	1892	1892	1954	1954	2861	2861	7988	7988	125	125	42	42	1906	1906	2628	2628	145	145	207	207	882	882	42	42	3567	3567	1908	1908	17	17	16	16	120	120	113	113	26	26	117	117	3356	3356	2018	2018	97	97	72	72	115	115	619	619	520357	520357	1097162	1097162	13998	13998	13835	13835	210	210	255	255	2805	2805	10020	10020	168	168	117	117	604	604	383	383	131	131	204	204	337487	337487	278259	278259	235	235	247	247	98	98	125	125	25593	25593	14370	14370	204	204	254	254	323	323	465	465
IND00347	683	683	1843	1843	228	228	250	250	7553	7553	2077	2077	3	3	105	105	4038	4038	8471	8471	198	198	225	225	59	59	39	39	4589	4589	2066	2066	655	655	153	153	66	66	58	58	42	42	47	47	41	41	18	18	2285	2285	3740	3740	250	250	195	195	346	346	147	147	21	21	25	25	5385	5385	198	198	141	141	388	388	1288	1288	7199	7199	10	10	10	10	8	8	1	1	124	124	65	65	1886	1886	1288	1288	2039	2039	347	347	452	452	1308	1308	7100	7100	7687	7687	252	252	35	35	272	272	1249	1249	20	20	204	204	654	654	588	588	978	978	174	174	24	24	23	23	98	98	56	56	81	81	94	94	3704	3704	1241	1241	196	196	148	148	689	689	120	120	3027405	3027405	2148919	2148919	4041	4041	1199	1199	104	104	167	167	4696	4696	27321	27321	10	10	54	54	377	377	198	198	220	220	46	46	144490	144490	83914	83914	100	100	164	164	208	208	198	198	1934	1934	19105	19105	178	178	152	152	378	378	181	181
IND00348	1679	1679	395	395	515	515	185	185	7383	7383	2662	2662	50	50	30	30	8575	8575	11412	11412	122	122	201	201	17	17	58	58	4781	4781	1975	1975	1185	1185	1434	1434	122	122	96	96	16	16	76	76	40	40	12	12	2345	2345	7334	7334	35	35	115	115	445	445	265	265	21	21	6	6	5343	5343	7906	7906	327	327	385	385	3307	3307	7002	7002	13	13	10	10	13	13	1	1	101	101	55	55	89	89	277	277	1228	1228	1713	1713	1598	1598	390	390	3759	3759	4368	4368	102	102	73	73	1254	1254	2952	2952	123	123	211	211	129	129	1894	1894	1018	1018	1038	1038	12	12	2	2	35	35	83	83	72	72	6	6	3612	3612	3459	3459	82	82	206	206	809	809	696	696	3363347	3363347	2915834	2915834	5504	5504	7570	7570	193	193	510	510	7302	7302	28808	28808	178	178	37	37	954	954	71	71	195	195	82	82	93545	93545	215587	215587	2	2	138	138	269	269	5	5	25966	25966	6328	6328	39	39	12	12	162	162	357	357
IND00349	1802	1802	1900	1900	816	816	427	427	3441	3441	3751	3751	50	50	34	34	1010	1010	2350	2350	135	135	44	44	52	52	6	6	3427	3427	5333	5333	740	740	1406	1406	63	63	111	111	128	128	114	114	23	23	44	44	4880	4880	2752	2752	212	212	55	55	944	944	170	170	21	21	18	18	5194	5194	4336	4336	486	486	263	263	5606	5606	4434	4434	16	16	9	9	8	8	12	12	102	102	119	119	397	397	1738	1738	3127	3127	1909	1909	1891	1891	771	771	182	182	3534	3534	163	163	186	186	2110	2110	3740	3740	21	21	125	125	917	917	690	690	2279	2279	1899	1899	18	18	15	15	53	53	13	13	21	21	57	57	3394	3394	3505	3505	251	251	242	242	514	514	887	887	1404708	1404708	3537622	3537622	8379	8379	2031	2031	150	150	421	421	21176	21176	11291	11291	127	127	250	250	916	916	490	490	227	227	161	161	35520	35520	96242	96242	75	75	25	25	55	55	327	327	30711	30711	1989	1989	136	136	58	58	435	435	161	161
IND00350	585	585	459	459	821	821	200	200	5943	5943	3828	3828	114	114	48	48	7427	7427	2677	2677	81	81	68	68	24	24	12	12	6088	6088	2961	2961	1595	1595	261	261	112	112	116	116	23	23	39	39	7	7	31	31	4192	4192	3910	3910	170	170	231	231	766	766	47	47	25	25	1	1	221	221	3323	3323	362	362	286	286	7283	7283	2415	2415	7	7	9	9	5	5	14	14	91	91	103	103	1614	1614	1224	1224	2043	2043	71	71	596	596	2014	2014	1799	1799	3167	3167	92	92	87	87	2303	2303	3067	3067	242	242	244	244	1154	1154	590	590	2858	2858	2043	2043	2	2	19	19	35	35	119	119	44	44	98	98	3794	3794	795	795	119	119	21	21	389	389	381	381	3954837	3954837	4158958	4158958	3964	3964	8896	8896	423	423	258	258	16198	16198	20442	20442	21	21	50	50	318	318	1016	1016	192	192	6	6	93126	93126	515402	515402	218	218	34	34	245	245	391	391	13863	13863	18520	18520	37	37	12	12	356	356	491	491
IND00351	1956	1956	370	370	247	247	958	958	7902	7902	7619	7619	80	80	43	43	14359	14359	7301	7301	24	24	18	18	54	54	3	3	4368	4368	2410	2410	1447	1447	1425	1425	18	18	19	19	13	13	11	11	31	31	31	31	4316	4316	3882	3882	219	219	74	74	987	987	477	477	14	14	3	3	989	989	1508	1508	349	349	180	180	6806	6806	503	503	6	6	12	12	15	15	7	7	54	54	104	104	2017	2017	645	645	2433	2433	956	956	1376	1376	246	246	7561	7561	6980	6980	94	94	78	78	3723	3723	1096	1096	140	140	23	23	1410	1410	1141	1141	2334	2334	3220	3220	6	6	13	13	68	68	7	7	47	47	86	86	525	525	3704	3704	107	107	226	226	837	837	127	127	3831427	3831427	855694	855694	2412	2412	4865	4865	16	16	315	315	18385	18385	7805	7805	171	171	13	13	167	167	102	102	129	129	226	226	253455	253455	25611	25611	88	88	199	199	272	272	59	59	5731	5731	21800	21800	131	131	23	23	214	214	419	419
IND00352	631	631	1250	1250	922	922	294	294	2201	2201	6251	6251	113	113	50	50	9705	9705	5294	5294	173	173	123	123	36	36	59	59	4492	4492	6455	6455	927	927	1535	1535	2	2	88	88	31	31	76	76	4	4	63	63	2850	2850	2487	2487	39	39	203	203	288	288	542	542	19	19	1	1	2968	2968	4193	4193	76	76	417	417	4693	4693	2327	2327	13	13	2	2	11	11	14	14	103	103	127	127	679	679	726	726	2131	2131	2792	2792	1363	1363	295	295	3664	3664	989	989	240	240	147	147	81	81	1680	1680	39	39	4	4	534	534	1569	1569	3481	3481	2289	2289	27	27	22	22	82	82	117	117	79	79	68	68	3185	3185	2292	2292	149	149	172	172	199	199	838	838	2133679	2133679	942660	942660	2671	2671	13167	13167	483	483	260	260	12148	12148	20448	20448	111	111	204	204	802	802	866	866	241	241	45	45	420609	420609	301074	301074	49	49	107	107	183	183	370	370	22034	22034	29092	29092	215	215	17	17	439	439	301	301
IND00353	1731	1731	1360	1360	254	254	808	808	7363	7363	5590	5590	81	81	7	7	1068	1068	13224	13224	171	171	135	135	12	12	39	39	899	899	2249	2249	1332	1332	1246	1246	107	107	51	51	109	109	14	14	57	57	26	26	7948	7948	1784	1784	34	34	76	76	438	438	737	737	19	19	31	31	8160	8160	2937	2937	273	273	385	385	3093	3093	1965	1965	4	4	14	14	15	15	5	5	81	81	21	21	1237	1237	904	904	3932	3932	594	594	1581	1581	1090	1090	2694	2694	1412	1412	158	158	110	110	3311	3311	3606	3606	175	175	112	112	930	930	329	329	1400	1400	2630	2630	30	30	6	6	46	46	9	9	73	73	117	117	2427	2427	291	291	231	231	151	151	487	487	691	691	908265	908265	500030	500030	8964	8964	10934	10934	358	358	476	476	24239	24239	24333	24333	90	90	169	169	17	17	252	252	171	171	172	172	243147	243147	418684	418684	234	234	160	160	283	283	63	63	2822	2822	32419	32419	52	52	141	141	93	93	365	365
IND00354	24	24	1762	1762	692	692	1015	1015	5095	5095	1712	1712	58	58	93	93	15075	15075	12944	12944	158	158	32	32	22	22	7	7	7901	7901	6309	6309	103	103	1449	1449	127	127	2	2	120	120	49	49	56	56	22	22	736	736	517	517	222	222	129	129	675	675	841	841	2	2	5	5	7723	7723	2687	2687	372	372	208	208	483	483	3664	3664	1	1	13	13	16	16	1	1	89	89	121	121	364	364	27	27	1355	1355	3658	3658	1508	1508	1866	1866	7564	7564	4703	4703	197	197	48	48	3246	3246	3964	3964	247	247	85	85	1284	1284	1617	1617	4005	4005	3664	3664	19	19	7	7	58	58	115	115	70	70	83	83	1807	1807	1444	1444	207	207	243	243	137	137	1011	1011	436332	436332	2832455	2832455	6694	6694	13261	13261	330	330	165	165	25538	25538	16551	16551	206	206	256	256	570	570	384	384	246	246	204	204	256306	256306	45274	45274	95	95	94	94	170	170	375	375	27486	27486	4659	4659	135	135	42	42	275	275	178	178
IND00355	1636	1636	930	930	894	894	1008	1008	4240	4240	4731	4731	21	21	6	6	1674	1674	6673	6673	29	29	143	143	9	9	21	21	7430	7430	1301	1301	570	570	1223	1223	48	48	37	37	77	77	28	28	10	10	9	9	1902	1902	4485	4485	54	54	135	135	646	646	153	153	31	31	29	29	6963	6963	2928	2928	140	140	292	292	1595	1595	4986	4986	2	2	15	15	2	2	3	3	106	106	67	67	246	246	1624	1624	855	855	1830	1830	308	308	28	28	7070	7070	6929	6929	129	129	52	52	511	511	1459	1459	121	121	183	183	218	218	525	525	4043	4043	2053	2053	6	6	17	17	86	86	38	38	11	11	16	16	3197	3197	3186	3186	141	141	118	118	314	314	490	490	2189514	2189514	1184529	1184529	8376	8376	5808	5808	318	318	338	338	30983	30983	20119	20119	223	223	248	248	936	936	465	465	137	137	67	67	389451	389451	141351	141351	53	53	125	125	431	431	265	265	16745	16745	26915	26915	240	240	117	117	504	504	172	172
IND00356	774	774	1888	1888	430	430	395	395	2003	2003	8146	8146	12	12	42	42	12146	12146	8311	8311	206	206	154	154	48	48	42	42	1053	1053	7328	7328	12	12	1778	1778	41	41	44	44	108	108	89	89	11	11	23	23	3949	3949	4678	4678	134	134	65	65	455	455	494	494	10	10	28	28	4945	4945	4369	4369	235	235	292	292	7000	7000	4944	4944	4	4	2	2	13	13	9	9	95	95	86	86	981	981	211	211	2204	2204	581	581	1036	1036	374	374	2989	2989	1776	1776	174	174	184	184	641	641	365	365	244	244	73	73	447	447	362	362	122	122	1860	1860	22	22	9	9	74	74	3	3	88	88	112	112	313	313	749	749	20	20	202	202	771	771	724	724	2899249	2899249	3203792	3203792	4591	4591	11385	11385	404	404	447	447	733	733	8214	8214	209	209	5	5	214	214	321	321	70	70	120	120	77142	77142	151642	151642	198	198	101	101	501	501	128	128	16098	16098	27624	27624	228	228	168	168	175	175	56	56
IND00357	904	904	1341	1341	67	67	855	855	7966	7966	3555	3555	88	88	61	61	2375	2375	13372	13372	8	8	241	241	10	10	34	34	6286	6286	4804	4804	410	410	418	418	13	13	79	79	94	94	109	109	3	3	60	60	3579	3579	7738	7738	98	98	32	32	805	805	472	472	2	2	18	18	6425	6425	5751	5751	443	443	142	142	3191	3191	6293	6293	3	3	12	12	15	15	11	11	39	39	21	21	1933	1933	482	482	397	397	791	791	1675	1675	1008	1008	3019	3019	5195	5195	68	68	55	55	2664	2664	308	308	248	248	82	82	1650	1650	624	624	1754	1754	393	393	26	26	23	23	89	89	9	9	17	17	108	108	3346	3346	3096	3096	85	85	195	195	57	57	449	449	1219164	1219164	2631792	2631792	16379	16379	11393	11393	184	184	473	473	4673	4673	4333	4333	234	234	219	219	561	561	318	318	187	187	160	160	179654	179654	142702	142702	128	128	77	77	53	53	256	256	12643	12643	23380	23380	143	143	133	133	245	245	257	257
IND00358	906	906	972	972	14	14	583	583	624	624	80	80	14	14	9	9	7585	7585	5547	5547	198	198	61	61	58	58	34	34	2487	2487	1705	1705	194	194	1971	1971	59	59	8	8	22	22	25	25	58	58	39	39	1627	1627	4265	4265	210	210	242	242	479	479	563	563	3	3	12	12	4035	4035	4581	4581	5	5	348	348	7620	7620	4436	4436	7	7	6	6	13	13	2	2	84	84	57	57	513	513	3	3	970	970	2149	2149	1723	1723	1530	1530	3401	3401	6791	6791	20	20	111	111	196	196	3454	3454	255	255	185	185	629	629	1605	1605	2805	2805	61	61	2	2	29	29	16	16	123	123	16	16	96	96	2456	2456	752	752	215	215	92	92	73	73	527	527	4144440	4144440	29205	29205	12354	12354	3176	3176	251	251	53	53	13333	13333	27021	27021	47	47	225	225	376	376	935	935	29	29	154	154	366582	366582	431794	431794	212	212	11	11	73	73	509	509	5255	5255	24135	24135	189	189	37	37	45	45	368	368
IND00359	1919	1919	2009	2009	131	131	617	617	7872	7872	8171	8171	11	11	88	88	10042	10042	9414	9414	87	87	240	240	34	34	11	11	7911	7911	1120	1120	2047	2047	77	77	117	117	85	85	70	70	19	19	37	37	27	27	4003	4003	7651	7651	123	123	97	97	345	345	319	319	5	5	1	1	995	995	2131	2131	372	372	425	425	3681	3681	6235	6235	4	4	8	8	10	10	12	12	27	27	27	27	1793	1793	1982	1982	3450	3450	592	592	1600	1600	1674	1674	2396	2396	1187	1187	178	178	152	152	1268	1268	2350	2350	117	117	67	67	707	707	752	752	166	166	2968	2968	17	17	22	22	4	4	35	35	52	52	124	124	655	655	783	783	44	44	201	201	940	940	571	571	3331257	3331257	1517219	1517219	2546	2546	11434	11434	503	503	334	334	4835	4835	3893	3893	245	245	12	12	410	410	359	359	181	181	253	253	256950	256950	305506	305506	177	177	85	85	453	453	174	174	1400	1400	5038	5038	248	248	169	169	99	99	460	460
IND00360	553	553	1926	1926	974	974	800	800	5221	5221	4227	4227	104	104	6	6	8544	8544	10768	10768	1	1	44	44	25	25	54	54	4582	4582	968	968	1151	1151	332	332	64	64	62	62	123	123	6	6	27	27	43	43	3643	3643	510	510	173	173	48	48	33	33	293	293	28	28	16	16	550	550	6903	6903	135	135	155	155	1113	1113	915	915	13	13	14	14	13	13	12	12	101	101	41	41	1192	1192	937	937	985	985	3832	3832	631	631	86	86	1564	1564	2834	2834	93	93	170	170	3399	3399	1683	1683	249	249	98	98	183	183	347	347	3333	3333	2215	2215	7	7	24	24	2	2	97	97	105	105	56	56	2870	2870	2340	2340	31	31	59	59	781	781	577	577	1502517	1502517	530646	530646	9024	9024	10495	10495	91	91	461	461	18021	18021	28999	28999	236	236	55	55	360	360	727	727	162	162	155	155	461851	461851	69216	69216	82	82	10	10	257	257	428	428	15435	15435	22375	22375	60	60	140	140	363	363	177	177
IND00361	1404	1404	484	484	712	712	164	164	2227	2227	3046	3046	63	63	93	93	214	214	3496	3496	245	245	44	44	52	52	46	46	4281	4281	8019	8019	1270	1270	6	6	35	35	117	117	21	21	19	19	35	35	49	49	6443	6443	1100	1100	132	132	222	222	363	363	13	13	14	14	7	7	6471	6471	1076	1076	81	81	264	264	1238	1238	8074	8074	11	11	16	16	16	16	5	5	70	70	66	66	441	441	1649	1649	1083	1083	3997	3997	42	42	1272	1272	6596	6596	3300	3300	97	97	46	46	2346	2346	2433	2433	65	65	12	12	741	741	953	953	1432	1432	3127	3127	18	18	29	29	109	109	81	81	116	116	52	52	3575	3575	1732	1732	118	118	98	98	615	615	835	835	4046670	4046670	856282	856282	14257	14257	3324	3324	238	238	125	125	28776	28776	23366	23366	10	10	199	199	164	164	868	868	104	104	252	252	380475	380475	22751	22751	121	121	118	118	111	111	306	306	20580	20580	28460	28460	68	68	42	42	70	70	97	97
IND00362	654	654	1491	1491	159	159	808	808	3785	3785	520	520	52	52	90	90	15221	15221	13619	13619	180	180	114	114	12	12	63	63	142	142	1958	1958	1628	1628	1044	1044	19	19	24	24	25	25	6	6	57	57	1	1	1693	1693	1688	1688	87	87	156	156	244	244	189	189	20	20	12	12	6960	6960	1504	1504	462	462	341	341	6586	6586	737	737	6	6	16	16	7	7	14	14	2	2	105	105	889	889	1421	1421	2692	2692	267	267	1309	1309	94	94	5372	5372	1514	1514	44	44	248	248	1951	1951	4008	4008	230	230	95	95	459	459	21	21	1960	1960	3163	3163	32	32	11	11	40	40	116	116	59	59	1	1	358	358	1171	1171	43	43	232	232	885	885	918	918	19391	19391	1103995	1103995	6498	6498	1244	1244	156	156	433	433	24334	24334	5776	5776	22	22	113	113	628	628	302	302	197	197	30	30	385972	385972	421822	421822	162	162	88	88	309	309	313	313	12119	12119	31968	31968	227	227	125	125	225	225	96	96
IND00363	841	841	1076	1076	796	796	513	513	1274	1274	5984	5984	16	16	122	122	8614	8614	7390	7390	142	142	116	116	56	56	39	39	4542	4542	1986	1986	121	121	1215	1215	38	38	127	127	108	108	65	65	38	38	24	24	4257	4257	7451	7451	179	179	219	219	925	925	179	179	14	14	31	31	3554	3554	5151	5151	352	352	147	147	26	26	3099	3099	7	7	9	9	5	5	8	8	128	128	29	29	1530	1530	1968	1968	566	566	353	353	1260	1260	1802	1802	386	386	7078	7078	106	106	33	33	686	686	2066	2066	156	156	126	126	1772	1772	253	253	2997	2997	3436	3436	10	10	5	5	128	128	56	56	106	106	34	34	1379	1379	3050	3050	200	200	236	236	660	660	542	542	4094028	4094028	2080465	2080465	11604	11604	9182	9182	89	89	277	277	20402	20402	28827	28827	28	28	246	246	361	361	114	114	199	199	244	244	42179	42179	399027	399027	222	222	69	69	253	253	427	427	8093	8093	972	972	237	237	151	151	473	473	394	394
IND00364	256	256	1075	1075	634	634	109	109	1338	1338	7861	7861	48	48	68	68	11955	11955	3621	3621	178	178	146	146	38	38	24	24	5416	5416	7793	7793	1137	1137	105	105	36	36	71	71	128	128	96	96	44	44	22	22	3550	3550	7262	7262	227	227	68	68	602	602	316	316	1	1	17	17	1554	1554	2303	2303	495	495	284	284	108	108	6244	6244	10	10	13	13	10	10	7	7	29	29	113	113	1985	1985	1217	1217	3391	3391	897	897	418	418	752	752	2928	2928	1129	1129	22	22	243	243	1247	1247	1857	1857	177	177	94	94	2020	2020	2005	2005	2329	2329	293	293	25	25	16	16	2	2	72	72	54	54	40	40	1353	1353	1961	1961	124	124	35	35	386	386	403	403	1577102	1577102	2347620	2347620	4774	4774	14804	14804	380	380	425	425	16917	16917	20570	20570	207	207	86	86	197	197	401	401	24	24	86	86	290014	290014	202115	202115	71	71	153	153	506	506	341	341	688	688	28861	28861	62	62	40	40	379	379	110	110
IND00365	137	137	1932	1932	815	815	816	816	4261	4261	2484	2484	37	37	120	120	13418	13418	5173	5173	195	195	85	85	48	48	64	64	6550	6550	44	44	1036	1036	439	439	1	1	88	88	33	33	49	49	19	19	59	59	5545	5545	4798	4798	209	209	242	242	225	225	668	668	18	18	30	30	7690	7690	7186	7186	296	296	325	325	1471	1471	5629	5629	4	4	6	6	10	10	9	9	127	127	43	43	1271	1271	420	420	1892	1892	608	608	256	256	206	206	2314	2314	7629	7629	126	126	52	52	1158	1158	93	93	5	5	18	18	1097	1097	969	969	1959	1959	1295	1295	21	21	11	11	33	33	122	122	27	27	51	51	2311	2311	1213	1213	129	129	108	108	333	333	28	28	356417	356417	3874957	3874957	4968	4968	4129	4129	428	428	280	280	18170	18170	26254	26254	167	167	8	8	140	140	699	699	61	61	25	25	385509	385509	2297	2297	62	62	144	144	456	456	508	508	22188	22188	3193	3193	33	33	119	119	42	42	416	416
IND00366	206	206	998	998	248	248	665	665	4079	4079	1818	1818	69	69	98	98	473	473	15263	15263	178	178	210	210	26	26	63	63	2196	2196	234	234	1324	1324	1484	1484	16	16	41	41	117	117	89	89	47	47	15	15	5964	5964	2308	2308	29	29	103	103	681	681	811	811	21	21	10	10	3434	3434	8173	8173	489	489	376	376	4369	4369	294	294	1	1	11	11	2	2	6	6	24	24	51	51	418	418	2040	2040	2957	2957	3887	3887	1249	1249	1903	1903	7199	7199	1095	1095	160	160	62	62	2905	2905	2353	2353	188	188	199	199	1016	1016	248	248	1362	1362	3767	3767	26	26	19	19	87	87	3	3	66	66	37	37	54	54	3615	3615	37	37	19	19	742	742	966	966	3062181	3062181	283640	283640	8586	8586	13232	13232	511	511	495	495	1891	1891	28264	28264	7	7	165	165	707	707	696	696	159	159	197	197	84374	84374	215561	215561	11	11	183	183	276	276	206	206	1260	1260	25518	25518	199	199	43	43	440	440	93	93
IND00367	1297	1297	1265	1265	794	794	162	162	5870	5870	2831	2831	102	102	25	25	5957	5957	2715	2715	220	220	156	156	12	12	4	4	4817	4817	2082	2082	929	929	1666	1666	71	71	33	33	106	106	11	11	32	32	9	9	2100	2100	7163	7163	239	239	91	91	607	607	226	226	26	26	5	5	6952	6952	5081	5081	273	273	195	195	6965	6965	7334	7334	9	9	3	3	12	12	7	7	120	120	59	59	1961	1961	793	793	2730	2730	592	592	1804	1804	883	883	389	389	6726	6726	183	183	118	118	710	710	1483	1483	52	52	50	50	1562	1562	404	404	3617	3617	1347	1347	9	9	29	29	106	106	31	31	58	58	1	1	2212	2212	3519	3519	51	51	252	252	599	599	59	59	2063863	2063863	1287279	1287279	2712	2712	10765	10765	238	238	271	271	21039	21039	23488	23488	32	32	69	69	548	548	446	446	229	229	177	177	39044	39044	326020	326020	123	123	110	110	112	112	83	83	1657	1657	396	396	74	74	243	243	24	24	85	85
IND00368	326	326	1986	1986	655	655	980	980	7226	7226	6589	6589	79	79	111	111	3252	3252	100	100	184	184	78	78	45	45	34	34	4809	4809	2681	2681	432	432	170	170	33	33	82	82	63	63	69	69	23	23	26	26	7555	7555	7385	7385	7	7	206	206	66	66	479	479	12	12	23	23	104	104	710	710	480	480	421	421	3898	3898	5479	5479	7	7	7	7	7	7	15	15	86	86	20	20	844	844	1848	1848	1989	1989	731	731	1049	1049	106	106	2493	2493	6488	6488	195	195	15	15	961	961	823	823	249	249	235	235	117	117	1329	1329	4018	4018	2721	2721	21	21	25	25	79	79	49	49	23	23	40	40	2233	2233	2399	2399	13	13	26	26	480	480	494	494	1249030	1249030	2153941	2153941	15766	15766	7958	7958	10	10	223	223	26079	26079	9369	9369	202	202	241	241	584	584	561	561	156	156	248	248	130047	130047	83040	83040	37	37	28	28	254	254	295	295	23406	23406	18721	18721	126	126	76	76	38	38	202	202
IND00369	161	161	1012	1012	204	204	95	95	4460	4460	4646	4646	109	109	17	17	1812	1812	8493	8493	19	19	5	5	6	6	54	54	8065	8065	724	724	1073	1073	919	919	74	74	98	98	39	39	61	61	57	57	41	41	7580	7580	6780	6780	153	153	192	192	620	620	687	687	24	24	4	4	6345	6345	3990	3990	263	263	468	468	1883	1883	1329	1329	13	13	5	5	11	11	6	6	75	75	28	28	146	146	113	113	3633	3633	3273	3273	957	957	403	403	4297	4297	2795	2795	58	58	138	138	1364	1364	787	787	203	203	101	101	60	60	1692	1692	2480	2480	3775	3775	4	4	31	31	83	83	82	82	111	111	36	36	1925	1925	245	245	8	8	18	18	403	403	945	945	2369306	2369306	3521092	3521092	10307	10307	5403	5403	320	320	423	423	27055	27055	22231	22231	176	176	225	225	756	756	346	346	120	120	196	196	420008	420008	169306	169306	97	97	16	16	482	482	65	65	29109	29109	723	723	221	221	100	100	85	85	440	440
IND00370	1157	1157	1901	1901	444	444	379	379	6259	6259	6085	6085	114	114	29	29	12323	12323	9331	9331	112	112	10	10	59	59	47	47	2114	2114	6783	6783	943	943	988	988	20	20	109	109	110	110	86	86	29	29	16	16	255	255	657	657	22	22	154	154	129	129	584	584	17	17	27	27	6695	6695	1956	1956	418	418	102	102	2222	2222	4046	4046	10	10	12	12	6	6	3	3	53	53	56	56	1791	1791	1740	1740	3822	3822	3220	3220	1142	1142	1703	1703	5656	5656	3109	3109	65	65	184	184	1007	1007	389	389	79	79	247	247	1251	1251	201	201	186	186	2021	2021	20	20	23	23	57	57	109	109	71	71	83	83	2642	2642	1371	1371	15	15	22	22	731	731	507	507	3920639	3920639	2884270	2884270	5303	5303	14591	14591	293	293	390	390	18349	18349	9355	9355	4	4	125	125	493	493	320	320	184	184	73	73	493466	493466	205049	205049	253	253	40	40	237	237	171	171	30754	30754	7916	7916	242	242	34	34	278	278	396	396
IND00371	768	768	1358	1358	436	436	728	728	3738	3738	6944	6944	107	107	3	3	16202	16202	2909	2909	246	246	33	33	25	25	43	43	2775	2775	7974	7974	758	758	222	222	59	59	38	38	93	93	128	128	40	40	59	59	6845	6845	7689	7689	76	76	89	89	408	408	457	457	22	22	21	21	2889	2889	268	268	230	230	263	263	3593	3593	6642	6642	7	7	13	13	1	1	15	15	26	26	22	22	867	867	391	391	759	759	2451	2451	1491	1491	1075	1075	6307	6307	2502	2502	180	180	160	160	3784	3784	3601	3601	223	223	134	134	171	171	1335	1335	2055	2055	1462	1462	22	22	11	11	72	72	72	72	56	56	30	30	279	279	3342	3342	110	110	9	9	255	255	197	197	188592	188592	2248056	2248056	6209	6209	7910	7910	7	7	126	126	9673	9673	10273	10273	29	29	230	230	74	74	653	653	44	44	76	76	438674	438674	229344	229344	235	235	205	205	319	319	369	369	15799	15799	17178	17178	46	46	117	117	41	41	342	342
IND00372	849	849	829	829	637	637	358	358	7677	7677	8134	8134	69	69	17	17	6383	6383	3245	3245	32	32	158	158	58	58	13	13	716	716	7366	7366	1922	1922	129	129	10	10	57	57	45	45	126	126	22	22	25	25	406	406	2325	2325	125	125	35	35	611	611	169	169	8	8	6	6	4265	4265	8057	8057	343	343	36	36	3562	3562	5393	5393	12	12	11	11	8	8	8	8	109	109	93	93	772	772	120	120	775	775	1446	1446	1106	1106	1603	1603	1761	1761	5043	5043	64	64	254	254	1483	1483	745	745	248	248	204	204	99	99	736	736	400	400	2904	2904	5	5	21	21	41	41	83	83	86	86	107	107	651	651	3888	3888	234	234	180	180	891	891	447	447	800357	800357	2408200	2408200	3986	3986	11157	11157	468	468	14	14	21611	21611	1500	1500	98	98	135	135	921	921	8	8	163	163	183	183	336858	336858	337898	337898	116	116	215	215	274	274	330	330	14337	14337	18661	18661	122	122	18	18	341	341	500	500
IND00373	312	312	855	855	919	919	378	378	2439	2439	5617	5617	125	125	123	123	1008	1008	9924	9924	220	220	250	250	50	50	15	15	6312	6312	7568	7568	1001	1001	1337	1337	70	70	100	100	18	18	3	3	12	12	43	43	5795	5795	3749	3749	47	47	115	115	499	499	855	855	29	29	16	16	6953	6953	3475	3475	34	34	370	370	1211	1211	4365	4365	16	16	9	9	13	13	6	6	103	103	87	87	568	568	1831	1831	338	338	46	46	1871	1871	1794	1794	4970	4970	2657	2657	249	249	115	115	2816	2816	1029	1029	9	9	112	112	916	916	561	561	3235	3235	1249	1249	9	9	9	9	117	117	27	27	113	113	19	19	331	331	2819	2819	254	254	95	95	391	391	612	612	2099312	2099312	907387	907387	1915	1915	12604	12604	329	329	243	243	29596	29596	5418	5418	95	95	190	190	458	458	738	738	56	56	137	137	101848	101848	424884	424884	57	57	171	171	37	37	149	149	15309	15309	30161	30161	189	189	120	120	411	411	416	416
IND00374	195	195	1803	1803	963	963	325	325	1632	1632	6092	6092	34	34	84	84	5717	5717	4224	4224	212	212	183	183	11	11	4	4	5555	5555	4310	4310	432	432	652	652	121	121	90	90	44	44	34	34	5	5	2	2	6877	6877	6131	6131	58	58	75	75	372	372	458	458	5	5	16	16	1146	1146	827	827	338	338	17	17	1126	1126	2647	2647	1	1	6	6	5	5	10	10	68	68	64	64	546	546	1327	1327	2278	2278	1914	1914	573	573	978	978	5302	5302	4648	4648	171	171	89	89	519	519	809	809	27	27	159	159	1857	1857	166	166	2050	2050	69	69	17	17	19	19	15	15	51	51	64	64	46	46	1322	1322	1955	1955	111	111	42	42	575	575	516	516	1057508	1057508	1128210	1128210	9198	9198	2329	2329	290	290	208	208	92	92	134	134	236	236	212	212	384	384	867	867	128	128	103	103	409261	409261	116252	116252	106	106	51	51	48	48	262	262	18889	18889	8675	8675	125	125	199	199	300	300	10	10
IND00375	1523	1523	170	170	210	210	594	594	1128	1128	5091	5091	54	54	48	48	9310	9310	7710	7710	168	168	233	233	6	6	40	40	5184	5184	1511	1511	1219	1219	1604	1604	94	94	71	71	67	67	24	24	13	13	64	64	222	222	3086	3086	98	98	236	236	183	183	23	23	2	2	15	15	3637	3637	2632	2632	294	294	430	430	2795	2795	6578	6578	4	4	15	15	3	3	13	13	31	31	46	46	1669	1669	565	565	2953	2953	1222	1222	375	375	1859	1859	4317	4317	1772	1772	31	31	216	216	2587	2587	3956	3956	180	180	26	26	2018	2018	1877	1877	3657	3657	955	955	27	27	3	3	15	15	49	49	116	116	40	40	3394	3394	3026	3026	8	8	212	212	585	585	135	135	1374672	1374672	864857	864857	2656	2656	15884	15884	296	296	461	461	7844	7844	12174	12174	112	112	181	181	965	965	551	551	168	168	62	62	41070	41070	165460	165460	200	200	232	232	235	235	219	219	4690	4690	24391	24391	238	238	218	218	331	331	113	113
IND00376	90	90	1995	1995	816	816	227	227	2546	2546	6108	6108	64	64	53	53	11623	11623	5958	5958	160	160	164	164	42	42	36	36	4833	4833	205	205	1398	1398	952	952	52	52	33	33	1	1	83	83	15	15	56	56	1816	1816	6104	6104	248	248	52	52	497	497	249	249	6	6	27	27	7262	7262	8103	8103	164	164	40	40	3179	3179	475	475	13	13	7	7	7	7	11	11	48	48	13	13	1085	1085	630	630	2151	2151	2962	2962	1911	1911	1783	1783	2207	2207	2226	2226	253	253	130	130	3532	3532	3530	3530	138	138	30	30	227	227	143	143	3208	3208	1853	1853	30	30	15	15	109	109	65	65	107	107	62	62	2921	2921	1399	1399	142	142	236	236	153	153	321	321	637083	637083	260696	260696	762	762	16321	16321	320	320	164	164	14540	14540	26621	26621	156	156	2	2	15	15	634	634	199	199	35	35	1518	1518	406261	406261	26	26	42	42	199	199	37	37	20324	20324	18370	18370	49	49	24	24	299	299	147	147
IND00377	972	972	1417	1417	87	87	666	666	689	689	7084	7084	7	7	3	3	5394	5394	2633	2633	208	208	202	202	16	16	56	56	7810	7810	2649	2649	1234	1234	16	16	9	9	108	108	125	125	123	123	48	48	58	58	4122	4122	3759	3759	82	82	143	143	757	757	128	128	3	3	15	15	5873	5873	3139	3139	314	314	509	509	26	26	5025	5025	12	12	13	13	12	12	3	3	102	102	60	60	1725	1725	301	301	1477	1477	1917	1917	1798	1798	1812	1812	573	573	7299	7299	30	30	70	70	1528	1528	1825	1825	28	28	229	229	1534	1534	767	767	3080	3080	3054	3054	18	18	3	3	43	43	13	13	70	70	47	47	1252	1252	4012	4012	2	2	4	4	173	173	499	499	2099413	2099413	3519266	3519266	8151	8151	3435	3435	454	454	511	511	13420	13420	23669	23669	238	238	121	121	29	29	925	925	79	79	20	20	280397	280397	199682	199682	16	16	93	93	380	380	9	9	20493	20493	27531	27531	59	59	156	156	117	117	298	298
IND00378	301	301	624	624	156	156	518	518	2740	2740	804	804	9	9	53	53	1734	1734	9042	9042	187	187	193	193	50	50	31	31	6867	6867	476	476	1903	1903	396	396	24	24	42	42	63	63	71	71	29	29	35	35	6376	6376	6087	6087	248	248	21	21	186	186	864	864	7	7	1	1	119	119	6982	6982	32	32	133	133	6458	6458	1609	1609	5	5	7	7	5	5	1	1	121	121	25	25	1773	1773	754	754	3930	3930	1793	1793	1365	1365	1357	1357	880	880	1489	1489	113	113	69	69	1812	1812	2155	2155	38	38	33	33	1656	1656	107	107	3312	3312	2785	2785	24	24	13	13	2	2	69	69	109	109	114	114	2682	2682	3556	3556	252	252	218	218	489	489	799	799	3975017	3975017	1933622	1933622	2548	2548	12708	12708	23	23	244	244	3456	3456	21961	21961	156	156	188	188	799	799	828	828	34	34	90	90	76006	76006	196744	196744	256	256	60	60	26	26	76	76	25443	25443	15243	15243	45	45	140	140	464	464	281	281
IND00379	363	363	306	306	801	801	962	962	7735	7735	6555	6555	35	35	53	53	5966	5966	194	194	117	117	184	184	16	16	1	1	2637	2637	4167	4167	1069	1069	318	318	112	112	85	85	15	15	7	7	55	55	6	6	7687	7687	4029	4029	154	154	128	128	704	704	899	899	25	25	11	11	2954	2954	8128	8128	509	509	190	190	7554	7554	1382	1382	8	8	3	3	1	1	4	4	21	21	110	110	953	953	1395	1395	3220	3220	1444	1444	1309	1309	1813	1813	4026	4026	155	155	248	248	22	22	2424	2424	2210	2210	73	73	163	163	211	211	1177	1177	2479	2479	3808	3808	26	26	31	31	70	70	99	99	109	109	74	74	3956	3956	1744	1744	30	30	187	187	608	608	668	668	991696	991696	3885402	3885402	13495	13495	10056	10056	136	136	338	338	15165	15165	32630	32630	244	244	187	187	345	345	517	517	146	146	97	97	183200	183200	59163	59163	165	165	6	6	309	309	306	306	6163	6163	11901	11901	177	177	139	139	419	419	97	97
IND00380	786	786	1165	1165	840	840	593	593	1679	1679	56	56	79	79	43	43	15776	15776	4314	4314	7	7	101	101	19	19	5	5	3809	3809	5088	5088	2000	2000	1890	1890	91	91	51	51	59	59	24	24	50	50	43	43	1746	1746	1197	1197	173	173	236	236	300	300	16	16	16	16	21	21	3857	3857	5703	5703	387	387	172	172	65	65	6247	6247	13	13	10	10	12	12	6	6	72	72	31	31	164	164	976	976	3354	3354	3574	3574	555	555	183	183	2938	2938	6557	6557	229	229	130	130	294	294	124	124	9	9	204	204	1814	1814	1734	1734	3012	3012	792	792	11	11	6	6	20	20	106	106	13	13	112	112	1620	1620	2093	2093	12	12	217	217	146	146	311	311	2297246	2297246	4122366	4122366	16122	16122	15589	15589	38	38	455	455	28610	28610	20358	20358	150	150	136	136	218	218	843	843	158	158	179	179	444027	444027	190016	190016	118	118	160	160	455	455	359	359	30295	30295	31978	31978	117	117	176	176	459	459	174	174
IND00381	1355	1355	1392	1392	595	595	404	404	1642	1642	5589	5589	122	122	74	74	873	873	13361	13361	98	98	20	20	58	58	37	37	2431	2431	3961	3961	1112	1112	890	890	65	65	60	60	101	101	21	21	15	15	47	47	3365	3365	2335	2335	200	200	8	8	549	549	97	97	23	23	29	29	3705	3705	5358	5358	440	440	431	431	3831	3831	1960	1960	15	15	2	2	11	11	9	9	30	30	94	94	799	799	149	149	1574	1574	1209	1209	39	39	1791	1791	4556	4556	3690	3690	50	50	51	51	3229	3229	2118	2118	239	239	211	211	1951	1951	1626	1626	3668	3668	1643	1643	22	22	13	13	11	11	39	39	23	23	111	111	2514	2514	1764	1764	135	135	217	217	418	418	1011	1011	281278	281278	3935749	3935749	6284	6284	4968	4968	60	60	200	200	15026	15026	3896	3896	91	91	112	112	527	527	260	260	111	111	116	116	45349	45349	92618	92618	64	64	65	65	43	43	351	351	30131	30131	2356	2356	6	6	125	125	166	166	346	346
IND00382	1011	1011	477	477	56	56	64	64	4150	4150	6605	6605	7	7	110	110	15339	15339	9530	9530	223	223	54	54	6	6	32	32	3870	3870	5647	5647	1943	1943	88	88	15	15	39	39	28	28	80	80	45	45	41	41	4819	4819	405	405	7	7	166	166	25	25	994	994	21	21	5	5	7190	7190	1657	1657	162	162	192	192	1444	1444	6093	6093	14	14	12	12	8	8	15	15	13	13	79	79	1463	1463	698	698	3391	3391	3385	3385	1320	1320	986	986	1023	1023	2457	2457	137	137	245	245	851	851	476	476	11	11	214	214	255	255	647	647	1762	1762	3645	3645	3	3	24	24	70	70	1	1	123	123	16	16	4031	4031	3747	3747	98	98	101	101	49	49	735	735	1440137	1440137	1932407	1932407	1354	1354	5965	5965	168	168	296	296	26677	26677	6164	6164	71	71	229	229	562	562	35	35	206	206	252	252	152773	152773	273123	273123	204	204	184	184	262	262	335	335	11258	11258	17890	17890	165	165	15	15	477	477	151	151
IND00383	1571	1571	1563	1563	804	804	1005	1005	1319	1319	781	781	69	69	123	123	4405	4405	10405	10405	124	124	217	217	50	50	14	14	6285	6285	3797	3797	329	329	755	755	93	93	31	31	104	104	113	113	59	59	62	62	7430	7430	2134	2134	94	94	12	12	861	861	912	912	27	27	9	9	1737	1737	4123	4123	44	44	22	22	1000	1000	7528	7528	7	7	13	13	12	12	9	9	109	109	74	74	1471	1471	1977	1977	3177	3177	161	161	1097	1097	1915	1915	7661	7661	524	524	187	187	74	74	1224	1224	3528	3528	207	207	31	31	844	844	1125	1125	3331	3331	2337	2337	1	1	5	5	77	77	20	20	35	35	115	115	827	827	244	244	78	78	172	172	701	701	265	265	1085952	1085952	3216935	3216935	5703	5703	10166	10166	181	181	159	159	17475	17475	23715	23715	166	166	40	40	366	366	97	97	3	3	40	40	282742	282742	143400	143400	206	206	25	25	458	458	491	491	15272	15272	3014	3014	177	177	202	202	478	478	358	358
IND00384	189	189	1235	1235	218	218	526	526	4732	4732	1814	1814	112	112	43	43	12474	12474	4795	4795	127	127	5	5	64	64	58	58	5369	5369	3827	3827	573	573	1813	1813	121	121	83	83	127	127	40	40	3	3	50	50	4285	4285	4826	4826	52	52	49	49	65	65	154	154	10	10	24	24	1407	1407	6125	6125	362	362	372	372	2264	2264	1544	1544	6	6	12	12	3	3	4	4	56	56	42	42	294	294	240	240	964	964	2106	2106	955	955	1431	1431	3289	3289	7882	7882	101	101	106	106	3817	3817	790	790	232	232	79	79	1757	1757	1325	1325	343	343	2494	2494	23	23	5	5	115	115	56	56	91	91	96	96	1996	1996	518	518	34	34	81	81	162	162	430	430	1733762	1733762	2033587	2033587	11523	11523	1883	1883	242	242	157	157	2396	2396	24961	24961	45	45	143	143	685	685	440	440	232	232	233	233	467381	467381	12708	12708	165	165	209	209	379	379	430	430	27013	27013	7786	7786	205	205	175	175	166	166	85	85
IND00385	645	645	428	428	996	996	742	742	5775	5775	3385	3385	20	20	112	112	5260	5260	746	746	87	87	46	46	8	8	30	30	4464	4464	4421	4421	1939	1939	1894	1894	65	65	38	38	22	22	53	53	46	46	61	61	2307	2307	5075	5075	127	127	158	158	966	966	821	821	23	23	29	29	1760	1760	3277	3277	42	42	469	469	1212	1212	996	996	16	16	8	8	4	4	2	2	66	66	118	118	630	630	1313	1313	2534	2534	2979	2979	1554	1554	1029	1029	2466	2466	1385	1385	256	256	40	40	2310	2310	2944	2944	219	219	126	126	1715	1715	645	645	1836	1836	3703	3703	19	19	29	29	121	121	8	8	128	128	123	123	2877	2877	970	970	139	139	169	169	703	703	536	536	479615	479615	851040	851040	10699	10699	2930	2930	408	408	1	1	19972	19972	21509	21509	64	64	118	118	505	505	155	155	195	195	107	107	168939	168939	517136	517136	33	33	50	50	240	240	185	185	10104	10104	30866	30866	157	157	131	131	429	429	409	409
IND00386	616	616	989	989	479	479	137	137	492	492	814	814	118	118	93	93	9070	9070	647	647	37	37	229	229	13	13	53	53	3870	3870	5066	5066	215	215	862	862	107	107	4	4	69	69	8	8	52	52	43	43	7540	7540	7709	7709	245	245	150	150	171	171	190	190	3	3	18	18	5988	5988	2983	2983	149	149	172	172	5838	5838	5292	5292	11	11	14	14	13	13	3	3	101	101	69	69	155	155	2011	2011	3206	3206	1469	1469	1176	1176	893	893	6375	6375	6920	6920	226	226	224	224	2311	2311	1952	1952	215	215	80	80	1546	1546	2025	2025	3644	3644	1785	1785	16	16	7	7	15	15	12	12	84	84	43	43	1942	1942	3744	3744	116	116	21	21	617	617	302	302	4033202	4033202	168778	168778	3335	3335	4883	4883	283	283	313	313	25566	25566	16249	16249	160	160	8	8	182	182	615	615	61	61	106	106	396238	396238	231029	231029	128	128	209	209	285	285	130	130	28169	28169	4272	4272	155	155	18	18	132	132	152	152
IND00387	1646	1646	1284	1284	912	912	503	503	3393	3393	5774	5774	102	102	52	52	15075	15075	14953	14953	224	224	147	147	27	27	26	26	6888	6888	4464	4464	403	403	845	845	55	55	5	5	28	28	71	71	34	34	60	60	1289	1289	6260	6260	247	247	9	9	991	991	585	585	20	20	28	28	2229	2229	2590	2590	21	21	343	343	3183	3183	536	536	10	10	15	15	7	7	16	16	35	35	17	17	63	63	192	192	2560	2560	2387	2387	1511	1511	195	195	7009	7009	4059	4059	87	87	147	147	3976	3976	4026	4026	163	163	93	93	1619	1619	667	667	1250	1250	2913	2913	21	21	28	28	125	125	11	11	49	49	57	57	3232	3232	3169	3169	29	29	137	137	328	328	1001	1001	2867488	2867488	4092816	4092816	7491	7491	3953	3953	174	174	402	402	24744	24744	31090	31090	104	104	157	157	145	145	493	493	96	96	206	206	153266	153266	505893	505893	189	189	255	255	493	493	361	361	15716	15716	12069	12069	242	242	187	187	14	14	304	304
IND00388	1879	1879	246	246	295	295	126	126	5229	5229	6768	6768	91	91	116	116	2816	2816	14626	14626	53	53	236	236	54	54	27	27	7422	7422	1272	1272	1281	1281	1632	1632	4	4	76	76	23	23	80	80	40	40	41	41	3476	3476	4702	4702	123	123	122	122	796	796	912	912	25	25	31	31	5988	5988	6464	6464	306	306	382	382	412	412	896	896	8	8	6	6	4	4	16	16	33	33	15	15	778	778	970	970	815	815	2468	2468	1430	1430	1276	1276	7315	7315	5629	5629	222	222	165	165	2566	2566	1198	1198	139	139	12	12	1180	1180	1400	1400	3845	3845	3910	3910	8	8	17	17	10	10	125	125	73	73	56	56	2348	2348	1247	1247	156	156	172	172	929	929	117	117	3968893	3968893	3809371	3809371	9698	9698	11193	11193	425	425	511	511	20226	20226	24857	24857	244	244	41	41	491	491	883	883	5	5	191	191	247590	247590	388896	388896	30	30	168	168	65	65	61	61	3472	3472	16658	16658	55	55	98	98	81	81	105	105
IND00389	535	535	1046	1046	885	885	58	58	3908	3908	7759	7759	55	55	31	31	5526	5526	6853	6853	238	238	156	156	1	1	34	34	3153	3153	1892	1892	1444	1444	281	281	60	60	55	55	102	102	81	81	23	23	14	14	2394	2394	6647	6647	195	195	207	207	133	133	681	681	21	21	5	5	10	10	6371	6371	134	134	94	94	2960	2960	6694	6694	5	5	9	9	15	15	7	7	107	107	6	6	1880	1880	1194	1194	2124	2124	3202	3202	136	136	1205	1205	6411	6411	3893	3893	243	243	89	89	1045	1045	1195	1195	241	241	224	224	1325	1325	151	151	3411	3411	492	492	27	27	28	28	16	16	60	60	18	18	16	16	3301	3301	3849	3849	36	36	21	21	389	389	414	414	2972577	2972577	4088319	4088319	13134	13134	2185	2185	494	494	259	259	30150	30150	27400	27400	6	6	222	222	227	227	376	376	112	112	162	162	105267	105267	179711	179711	211	211	217	217	286	286	207	207	649	649	6477	6477	198	198	49	49	448	448	285	285
IND00390	1559	1559	448	448	208	208	727	727	181	181	3288	3288	4	4	66	66	6015	6015	2673	2673	184	184	109	109	30	30	52	52	7241	7241	2179	2179	653	653	1412	1412	32	32	88	88	119	119	73	73	43	43	31	31	3680	3680	2837	2837	219	219	89	89	323	323	202	202	8	8	29	29	6495	6495	5940	5940	297	297	496	496	2222	2222	3202	3202	14	14	11	11	1	1	15	15	108	108	71	71	935	935	112	112	550	550	1626	1626	592	592	1940	1940	4063	4063	4611	4611	33	33	228	228	3570	3570	2099	2099	228	228	61	61	538	538	720	720	240	240	1015	1015	29	29	21	21	96	96	32	32	33	33	23	23	181	181	824	824	23	23	205	205	316	316	156	156	1044601	1044601	3274167	3274167	658	658	8318	8318	420	420	348	348	3227	3227	15223	15223	66	66	163	163	294	294	630	630	210	210	73	73	41139	41139	48265	48265	256	256	246	246	324	324	508	508	18181	18181	25915	25915	184	184	25	25	461	461	33	33
IND00391	335	335	1179	1179	572	572	93	93	5367	5367	920	920	90	90	106	106	5174	5174	12884	12884	182	182	159	159	27	27	47	47	1797	1797	3001	3001	42	42	1462	1462	66	66	37	37	38	38	68	68	64	64	60	60	7979	7979	5612	5612	153	153	166	166	342	342	58	58	20	20	9	9	5787	5787	1446	1446	480	480	292	292	7272	7272	4549	4549	9	9	2	2	14	14	15	15	100	100	71	71	617	617	1385	1385	1160	1160	244	244	1852	1852	1641	1641	5647	5647	2988	2988	237	237	145	145	2134	2134	1350	1350	45	45	51	51	356	356	1529	1529	2158	2158	1332	1332	9	9	17	17	30	30	54	54	80	80	74	74	2827	2827	3365	3365	74	74	15	15	863	863	495	495	2350871	2350871	671767	671767	4050	4050	1532	1532	142	142	59	59	25624	25624	11089	11089	63	63	175	175	977	977	775	775	152	152	238	238	8819	8819	472069	472069	72	72	238	238	419	419	61	61	5682	5682	28456	28456	57	57	69	69	321	321	438	438
IND00392	1843	1843	1517	1517	615	615	63	63	507	507	7697	7697	122	122	102	102	8894	8894	2172	2172	232	232	222	222	32	32	1	1	2160	2160	5319	5319	361	361	1919	1919	46	46	44	44	64	64	11	11	41	41	29	29	1728	1728	4175	4175	47	47	12	12	365	365	150	150	2	2	3	3	4729	4729	5630	5630	78	78	4	4	2672	2672	5215	5215	5	5	3	3	16	16	13	13	30	30	114	114	968	968	621	621	3181	3181	3156	3156	887	887	1655	1655	5048	5048	7999	7999	209	209	166	166	1486	1486	1537	1537	224	224	181	181	886	886	1908	1908	3283	3283	4058	4058	4	4	19	19	54	54	10	10	4	4	99	99	80	80	602	602	64	64	1	1	393	393	523	523	458462	458462	689571	689571	3003	3003	6023	6023	19	19	509	509	20252	20252	17104	17104	60	60	159	159	987	987	450	450	52	52	179	179	58206	58206	257616	257616	150	150	107	107	252	252	211	211	11793	11793	7261	7261	127	127	215	215	5	5	399	399
IND00393	371	371	1175	1175	544	544	872	872	4864	4864	7204	7204	16	16	122	122	11915	11915	7331	7331	236	236	121	121	51	51	42	42	3255	3255	179	179	1890	1890	543	543	44	44	79	79	22	22	52	52	51	51	1	1	4629	4629	4584	4584	29	29	6	6	166	166	595	595	20	20	22	22	3381	3381	2167	2167	305	305	308	308	3092	3092	6406	6406	6	6	12	12	11	11	3	3	13	13	88	88	1515	1515	924	924	347	347	3186	3186	636	636	1601	1601	8054	8054	6372	6372	205	205	236	236	2348	2348	2986	2986	19	19	175	175	280	280	1729	1729	1222	1222	231	231	27	27	19	19	82	82	37	37	103	103	78	78	2745	2745	548	548	100	100	94	94	336	336	874	874	410162	410162	3244214	3244214	14799	14799	5181	5181	387	387	221	221	18242	18242	6122	6122	53	53	248	248	303	303	606	606	111	111	97	97	338624	338624	469424	469424	92	92	224	224	173	173	317	317	30424	30424	19319	19319	234	234	205	205	269	269	283	283
IND00394	135	135	1381	1381	899	899	793	793	2121	2121	2838	2838	69	69	94	94	12694	12694	7079	7079	107	107	95	95	54	54	28	28	2688	2688	2860	2860	1525	1525	1500	1500	109	109	21	21	110	110	2	2	52	52	63	63	3664	3664	4908	4908	232	232	68	68	332	332	786	786	23	23	11	11	6450	6450	4977	4977	397	397	8	8	7654	7654	4890	4890	14	14	2	2	14	14	3	3	48	48	88	88	1259	1259	678	678	2	2	1239	1239	1608	1608	668	668	5746	5746	8120	8120	56	56	145	145	821	821	1709	1709	129	129	189	189	499	499	412	412	1602	1602	3036	3036	14	14	20	20	17	17	15	15	58	58	76	76	443	443	591	591	39	39	90	90	369	369	686	686	248946	248946	163810	163810	9844	9844	7521	7521	406	406	208	208	16794	16794	5618	5618	130	130	107	107	527	527	811	811	91	91	173	173	140035	140035	141126	141126	2	2	49	49	427	427	148	148	8986	8986	26885	26885	234	234	123	123	130	130	451	451
IND00395	1564	1564	2010	2010	611	611	715	715	3090	3090	5422	5422	17	17	121	121	8059	8059	7817	7817	178	178	144	144	52	52	2	2	2800	2800	1583	1583	138	138	257	257	52	52	28	28	13	13	77	77	25	25	33	33	491	491	653	653	4	4	128	128	168	168	93	93	6	6	14	14	7089	7089	5406	5406	383	383	423	423	3524	3524	6976	6976	5	5	15	15	3	3	1	1	116	116	25	25	349	349	1086	1086	1189	1189	73	73	186	186	1201	1201	6781	6781	3033	3033	252	252	88	88	3721	3721	1346	1346	161	161	191	191	290	290	413	413	3695	3695	84	84	22	22	26	26	116	116	82	82	113	113	89	89	2228	2228	3953	3953	248	248	63	63	859	859	30	30	1380181	1380181	3988523	3988523	3938	3938	6790	6790	11	11	290	290	21055	21055	5263	5263	63	63	91	91	382	382	750	750	136	136	30	30	53643	53643	229745	229745	130	130	99	99	333	333	429	429	16771	16771	16393	16393	129	129	220	220	199	199	102	102
IND00396	1550	1550	1062	1062	206	206	429	429	4556	4556	4809	4809	13	13	4	4	9828	9828	11127	11127	44	44	225	225	54	54	38	38	4358	4358	4877	4877	898	898	2004	2004	86	86	119	119	96	96	128	128	19	19	36	36	1090	1090	6360	6360	221	221	220	220	177	177	886	886	27	27	8	8	4183	4183	3056	3056	450	450	178	178	7158	7158	1762	1762	9	9	11	11	16	16	10	10	53	53	14	14	1170	1170	595	595	3150	3150	3640	3640	1599	1599	1502	1502	7358	7358	7642	7642	254	254	152	152	828	828	2477	2477	60	60	5	5	951	951	1482	1482	2428	2428	3026	3026	16	16	8	8	2	2	85	85	23	23	50	50	2067	2067	4059	4059	149	149	92	92	861	861	155	155	205548	205548	797588	797588	5210	5210	6662	6662	390	390	451	451	7651	7651	4787	4787	235	235	36	36	193	193	322	322	123	123	34	34	130305	130305	344067	344067	89	89	241	241	178	178	22	22	28639	28639	8730	8730	100	100	256	256	228	228	350	350
IND00397	1051	1051	1099	1099	74	74	73	73	2102	2102	2699	2699	92	92	125	125	5317	5317	1732	1732	245	245	88	88	13	13	1	1	3986	3986	6707	6707	475	475	1698	1698	97	97	24	24	69	69	1	1	46	46	60	60	549	549	900	900	3	3	125	125	302	302	194	194	24	24	27	27	4126	4126	555	555	309	309	319	319	7081	7081	5415	5415	6	6	4	4	1	1	4	4	18	18	122	122	1214	1214	1799	1799	1478	1478	3178	3178	470	470	1329	1329	1932	1932	2393	2393	19	19	140	140	1604	1604	3534	3534	48	48	206	206	790	790	608	608	2845	2845	2885	2885	1	1	18	18	15	15	76	76	16	16	118	118	1191	1191	3226	3226	212	212	243	243	33	33	452	452	2157737	2157737	3121751	3121751	12633	12633	10652	10652	377	377	384	384	1703	1703	26975	26975	29	29	163	163	354	354	602	602	160	160	22	22	13150	13150	326195	326195	19	19	56	56	47	47	396	396	25630	25630	7656	7656	160	160	244	244	3	3	156	156
IND00398	1908	1908	429	429	98	98	913	913	2291	2291	4662	4662	102	102	96	96	11179	11179	6392	6392	108	108	112	112	8	8	62	62	7065	7065	7380	7380	1859	1859	145	145	31	31	28	28	15	15	38	38	42	42	14	14	4143	4143	2066	2066	89	89	219	219	393	393	630	630	23	23	19	19	6137	6137	3668	3668	57	57	510	510	3578	3578	4377	4377	3	3	12	12	11	11	3	3	59	59	1	1	275	275	2019	2019	2039	2039	269	269	992	992	1137	1137	6801	6801	7064	7064	244	244	225	225	626	626	4031	4031	214	214	51	51	388	388	322	322	971	971	3461	3461	5	5	5	5	17	17	28	28	123	123	12	12	794	794	1551	1551	153	153	200	200	260	260	957	957	254293	254293	1872252	1872252	9627	9627	11829	11829	487	487	128	128	25807	25807	5053	5053	51	51	193	193	658	658	360	360	44	44	112	112	329596	329596	230261	230261	179	179	224	224	341	341	267	267	3812	3812	1532	1532	28	28	171	171	345	345	299	299
IND00399	198	198	47	47	357	357	567	567	2754	2754	785	785	55	55	108	108	2073	2073	6399	6399	101	101	139	139	14	14	61	61	7903	7903	1827	1827	795	795	1429	1429	93	93	83	83	104	104	63	63	18	18	16	16	982	982	3072	3072	38	38	208	208	475	475	860	860	1	1	9	9	1738	1738	5810	5810	94	94	292	292	8167	8167	8011	8011	5	5	11	11	7	7	3	3	42	42	51	51	45	45	73	73	695	695	2040	2040	1604	1604	1629	1629	3136	3136	7426	7426	184	184	41	41	2586	2586	3528	3528	141	141	118	118	206	206	523	523	2054	2054	1229	1229	4	4	24	24	68	68	111	111	116	116	91	91	3288	3288	1799	1799	238	238	120	120	531	531	523	523	4095475	4095475	2284811	2284811	12042	12042	7116	7116	43	43	370	370	13882	13882	10055	10055	155	155	115	115	958	958	709	709	240	240	197	197	167369	167369	508312	508312	244	244	167	167	171	171	407	407	14421	14421	11633	11633	2	2	30	30	378	378	25	25
IND00400	1141	1141	462	462	343	343	730	730	2774	2774	2807	2807	75	75	49	49	2205	2205	8065	8065	110	110	221	221	29	29	23	23	1256	1256	2959	2959	488	488	371	371	45	45	80	80	32	32	126	126	49	49	15	15	3112	3112	1172	1172	248	248	79	79	978	978	266	266	17	17	6	6	4162	4162	8158	8158	209	209	256	256	4067	4067	4763	4763	14	14	1	1	1	1	16	16	75	75	39	39	1440	1440	901	901	812	812	654	654	260	260	324	324	4035	4035	6155	6155	238	238	83	83	3502	3502	3232	3232	6	6	238	238	1837	1837	1010	1010	196	196	71	71	9	9	6	6	47	47	13	13	114	114	21	21	1955	1955	987	987	92	92	82	82	942	942	530	530	533594	533594	1468959	1468959	4215	4215	1195	1195	283	283	156	156	19159	19159	4300	4300	167	167	161	161	10	10	294	294	166	166	187	187	260944	260944	42028	42028	145	145	253	253	260	260	445	445	13470	13470	11810	11810	105	105	48	48	344	344	51	51
IND00401	490	490	1749	1749	640	640	704	704	4349	4349	1903	1903	116	116	49	49	10886	10886	15942	15942	201	201	49	49	55	55	2	2	2030	2030	3589	3589	1514	1514	1550	1550	89	89	126	126	67	67	15	15	18	18	40	40	3041	3041	5189	5189	160	160	76	76	101	101	988	988	3	3	16	16	329	329	2122	2122	391	391	97	97	3136	3136	3667	3667	2	2	1	1	1	1	1	1	62	62	79	79	1848	1848	1684	1684	1814	1814	2493	2493	1725	1725	1374	1374	808	808	1459	1459	173	173	45	45	2351	2351	3619	3619	163	163	226	226	659	659	1305	1305	1248	1248	3482	3482	31	31	1	1	23	23	7	7	51	51	64	64	966	966	3623	3623	63	63	245	245	902	902	812	812	2487071	2487071	4074507	4074507	6990	6990	4303	4303	343	343	436	436	7652	7652	31665	31665	95	95	170	170	721	721	45	45	87	87	124	124	257128	257128	338904	338904	131	131	213	213	397	397	352	352	17289	17289	396	396	26	26	69	69	220	220	378	378
IND00402	1844	1844	1923	1923	295	295	741	741	6192	6192	7209	7209	120	120	12	12	12295	12295	6649	6649	116	116	87	87	37	37	28	28	6758	6758	310	310	659	659	190	190	9	9	19	19	53	53	94	94	32	32	36	36	6430	6430	2998	2998	28	28	59	59	723	723	240	240	13	13	14	14	6834	6834	4437	4437	398	398	183	183	3132	3132	2444	2444	5	5	9	9	8	8	4	4	8	8	73	73	270	270	1195	1195	3790	3790	1963	1963	248	248	1813	1813	8137	8137	3838	3838	194	194	217	217	1351	1351	3543	3543	92	92	193	193	1758	1758	1244	1244	2141	2141	3190	3190	11	11	29	29	88	88	71	71	101	101	31	31	3133	3133	1960	1960	222	222	253	253	243	243	148	148	1454065	1454065	1611013	1611013	12825	12825	12603	12603	115	115	449	449	527	527	17162	17162	74	74	198	198	673	673	669	669	206	206	76	76	471668	471668	91383	91383	246	246	252	252	449	449	22	22	4735	4735	28255	28255	239	239	13	13	493	493	8	8
IND00403	896	896	1430	1430	969	969	690	690	3859	3859	5929	5929	26	26	85	85	8641	8641	13503	13503	88	88	137	137	27	27	18	18	4667	4667	7335	7335	1482	1482	1969	1969	40	40	125	125	125	125	5	5	18	18	30	30	6696	6696	121	121	58	58	158	158	101	101	335	335	32	32	32	32	669	669	4061	4061	490	490	129	129	6791	6791	7652	7652	4	4	7	7	13	13	3	3	22	22	86	86	1259	1259	722	722	2407	2407	2825	2825	397	397	1438	1438	3836	3836	319	319	151	151	40	40	3934	3934	1334	1334	77	77	46	46	1935	1935	1320	1320	3906	3906	3332	3332	14	14	22	22	74	74	119	119	45	45	23	23	3689	3689	1165	1165	222	222	66	66	397	397	873	873	2035111	2035111	687649	687649	9423	9423	8334	8334	154	154	458	458	20715	20715	22043	22043	53	53	118	118	57	57	760	760	81	81	159	159	382770	382770	18119	18119	199	199	44	44	285	285	149	149	29445	29445	8958	8958	199	199	15	15	46	46	259	259
IND00404	278	278	614	614	307	307	802	802	426	426	5663	5663	65	65	78	78	425	425	1110	1110	25	25	210	210	1	1	54	54	6031	6031	7962	7962	1468	1468	709	709	45	45	91	91	26	26	111	111	20	20	19	19	1857	1857	5356	5356	64	64	5	5	583	583	363	363	1	1	29	29	3838	3838	6595	6595	92	92	117	117	161	161	5091	5091	12	12	12	12	15	15	3	3	5	5	76	76	1794	1794	241	241	3364	3364	3463	3463	417	417	1427	1427	2689	2689	4518	4518	108	108	234	234	2917	2917	3363	3363	182	182	230	230	118	118	919	919	509	509	1046	1046	26	26	7	7	34	34	104	104	91	91	111	111	1667	1667	2430	2430	25	25	119	119	381	381	351	351	3875383	3875383	3161980	3161980	9015	9015	11141	11141	29	29	236	236	15385	15385	17750	17750	152	152	203	203	189	189	194	194	216	216	153	153	471469	471469	47539	47539	132	132	124	124	501	501	353	353	675	675	29333	29333	104	104	147	147	258	258	12	12
IND00405	684	684	1285	1285	244	244	1023	1023	7386	7386	6145	6145	27	27	19	19	12764	12764	3665	3665	212	212	63	63	15	15	34	34	3874	3874	1611	1611	787	787	1836	1836	105	105	54	54	76	76	64	64	6	6	6	6	8172	8172	5369	5369	243	243	44	44	882	882	22	22	26	26	22	22	352	352	7910	7910	196	196	101	101	4740	4740	6338	6338	11	11	3	3	9	9	9	9	110	110	46	46	680	680	1266	1266	1801	1801	3618	3618	1128	1128	1977	1977	7865	7865	5736	5736	138	138	175	175	1794	1794	708	708	117	117	152	152	1713	1713	1777	1777	2867	2867	1965	1965	19	19	16	16	84	84	40	40	117	117	64	64	1190	1190	3722	3722	19	19	138	138	169	169	182	182	3330770	3330770	2571744	2571744	12018	12018	4675	4675	466	466	410	410	22475	22475	546	546	197	197	118	118	408	408	477	477	85	85	242	242	364844	364844	413896	413896	192	192	20	20	390	390	351	351	10499	10499	28254	28254	71	71	246	246	96	96	55	55
IND00406	749	749	471	471	964	964	595	595	6701	6701	682	682	20	20	127	127	7053	7053	4573	4573	85	85	179	179	26	26	9	9	1101	1101	5865	5865	415	415	1705	1705	64	64	57	57	31	31	84	84	62	62	8	8	5919	5919	2759	2759	255	255	80	80	377	377	554	554	22	22	27	27	2632	2632	1159	1159	26	26	64	64	3903	3903	266	266	9	9	14	14	4	4	13	13	7	7	88	88	1168	1168	754	754	1349	1349	464	464	981	981	277	277	6469	6469	6826	6826	156	156	71	71	1252	1252	3875	3875	211	211	102	102	1565	1565	1250	1250	190	190	716	716	9	9	1	1	42	42	112	112	96	96	73	73	4034	4034	3395	3395	256	256	137	137	826	826	338	338	3416448	3416448	2348446	2348446	9052	9052	13724	13724	275	275	349	349	25660	25660	765	765	188	188	86	86	647	647	654	654	255	255	186	186	67695	67695	18257	18257	226	226	198	198	175	175	182	182	12833	12833	37	37	156	156	99	99	174	174	41	41
IND00407	1719	1719	1709	1709	4	4	874	874	7316	7316	411	411	66	66	109	109	2047	2047	5350	5350	61	61	96	96	35	35	37	37	1837	1837	4549	4549	1182	1182	1650	1650	56	56	34	34	67	67	92	92	55	55	18	18	2398	2398	6467	6467	15	15	32	32	165	165	744	744	25	25	2	2	1511	1511	4084	4084	12	12	391	391	5223	5223	6236	6236	2	2	5	5	11	11	13	13	117	117	81	81	612	612	1117	1117	3655	3655	2074	2074	1023	1023	829	829	7355	7355	7453	7453	193	193	144	144	787	787	1697	1697	223	223	126	126	1347	1347	285	285	3021	3021	3343	3343	13	13	7	7	49	49	24	24	39	39	60	60	1361	1361	2366	2366	61	61	200	200	560	560	90	90	1126277	1126277	2824406	2824406	10829	10829	7757	7757	91	91	213	213	19313	19313	5289	5289	164	164	58	58	127	127	199	199	50	50	86	86	339133	339133	438390	438390	188	188	240	240	124	124	44	44	19605	19605	12481	12481	61	61	168	168	244	244	165	165
IND00408	561	561	93	93	126	126	537	537	2710	2710	8143	8143	54	54	93	93	11965	11965	8664	8664	208	208	78	78	20	20	7	7	1090	1090	6247	6247	1446	1446	825	825	123	123	94	94	125	125	118	118	21	21	8	8	4076	4076	40	40	253	253	192	192	262	262	659	659	15	15	31	31	5596	5596	6335	6335	199	199	457	457	5395	5395	1645	1645	4	4	4	4	9	9	1	1	93	93	115	115	1030	1030	64	64	2098	2098	3481	3481	1626	1626	724	724	5139	5139	1915	1915	100	100	198	198	3728	3728	876	876	146	146	94	94	1432	1432	688	688	863	863	2808	2808	28	28	8	8	50	50	90	90	90	90	124	124	3752	3752	1408	1408	206	206	3	3	1024	1024	697	697	2571233	2571233	2776377	2776377	3666	3666	12666	12666	382	382	244	244	25232	25232	28887	28887	147	147	74	74	17	17	743	743	1	1	60	60	476021	476021	53680	53680	154	154	204	204	444	444	3	3	29441	29441	14976	14976	173	173	224	224	304	304	35	35
IND00409	1084	1084	1693	1693	992	992	487	487	4526	4526	1097	1097	91	91	128	128	13098	13098	3582	3582	141	141	93	93	15	15	24	24	4491	4491	6688	6688	94	94	1598	1598	5	5	36	36	94	94	56	56	46	46	20	20	1877	1877	7608	7608	12	12	86	86	791	791	93	93	3	3	15	15	3313	3313	6801	6801	74	74	103	103	4646	4646	127	127	11	11	4	4	1	1	3	3	110	110	6	6	914	914	1129	1129	3495	3495	2002	2002	215	215	545	545	4038	4038	2686	2686	166	166	96	96	1272	1272	1750	1750	239	239	73	73	780	780	1797	1797	2917	2917	3686	3686	4	4	19	19	120	120	112	112	68	68	67	67	1290	1290	111	111	129	129	20	20	964	964	572	572	2044637	2044637	1266710	1266710	7225	7225	3510	3510	113	113	176	176	20766	20766	2083	2083	50	50	178	178	392	392	15	15	81	81	91	91	190626	190626	147417	147417	196	196	3	3	476	476	467	467	13180	13180	6745	6745	220	220	245	245	474	474	385	385
IND00410	569	569	505	505	136	136	765	765	6606	6606	8104	8104	120	120	110	110	7459	7459	7061	7061	116	116	31	31	25	25	28	28	5409	5409	6413	6413	1163	1163	167	167	39	39	90	90	51	51	82	82	11	11	52	52	2940	2940	7973	7973	208	208	234	234	979	979	891	891	7	7	31	31	6865	6865	5754	5754	273	273	183	183	75	75	5516	5516	5	5	12	12	7	7	12	12	102	102	55	55	359	359	140	140	3903	3903	2406	2406	1131	1131	1745	1745	1780	1780	6033	6033	94	94	243	243	590	590	926	926	134	134	13	13	1032	1032	1590	1590	3290	3290	3438	3438	15	15	11	11	97	97	87	87	49	49	49	49	3272	3272	601	601	253	253	115	115	978	978	505	505	966665	966665	2800336	2800336	5563	5563	5001	5001	278	278	477	477	13175	13175	12429	12429	200	200	52	52	33	33	607	607	214	214	145	145	500857	500857	410517	410517	30	30	237	237	361	361	352	352	31682	31682	24904	24904	89	89	34	34	461	461	198	198
IND00411	1373	1373	316	316	696	696	746	746	6600	6600	3928	3928	70	70	5	5	3279	3279	11912	11912	252	252	68	68	63	63	11	11	1445	1445	3099	3099	451	451	1996	1996	10	10	102	102	41	41	68	68	54	54	34	34	2380	2380	4375	4375	202	202	35	35	958	958	986	986	5	5	28	28	386	386	1341	1341	322	322	50	50	5166	5166	3709	3709	6	6	15	15	9	9	16	16	95	95	16	16	705	705	1664	1664	4006	4006	2833	2833	1507	1507	1796	1796	2399	2399	1534	1534	172	172	134	134	2979	2979	1915	1915	50	50	250	250	836	836	1143	1143	392	392	2990	2990	20	20	6	6	57	57	13	13	1	1	112	112	3466	3466	2927	2927	223	223	76	76	739	739	308	308	930824	930824	3617380	3617380	7261	7261	16131	16131	77	77	57	57	14338	14338	4520	4520	116	116	66	66	281	281	588	588	73	73	187	187	206086	206086	73246	73246	82	82	165	165	277	277	60	60	15323	15323	18752	18752	247	247	24	24	189	189	52	52
IND00412	1940	1940	694	694	518	518	655	655	3043	3043	3735	3735	93	93	79	79	14504	14504	10012	10012	170	170	72	72	31	31	49	49	1094	1094	2461	2461	1104	1104	1564	1564	67	67	111	111	99	99	54	54	16	16	28	28	5362	5362	1270	1270	83	83	113	113	647	647	290	290	13	13	14	14	685	685	1829	1829	191	191	34	34	3369	3369	4203	4203	4	4	7	7	6	6	1	1	108	108	121	121	1306	1306	1385	1385	889	889	283	283	1735	1735	614	614	4572	4572	4198	4198	253	253	48	48	3262	3262	1719	1719	150	150	222	222	1528	1528	1344	1344	3082	3082	1015	1015	11	11	27	27	39	39	118	118	112	112	42	42	601	601	1933	1933	247	247	23	23	435	435	32	32	194441	194441	1538806	1538806	14726	14726	1988	1988	248	248	418	418	17950	17950	4027	4027	157	157	180	180	1007	1007	822	822	242	242	121	121	191914	191914	457936	457936	161	161	52	52	204	204	329	329	14037	14037	4511	4511	44	44	196	196	205	205	141	141
IND00413	1740	1740	896	896	190	190	981	981	5267	5267	4187	4187	71	71	59	59	3207	3207	13833	13833	217	217	85	85	49	49	41	41	8116	8116	1480	1480	17	17	1467	1467	116	116	14	14	34	34	22	22	38	38	17	17	2502	2502	2358	2358	209	209	239	239	218	218	885	885	31	31	19	19	2012	2012	461	461	423	423	320	320	260	260	4461	4461	11	11	7	7	11	11	13	13	107	107	83	83	1983	1983	1516	1516	892	892	970	970	1018	1018	2035	2035	6634	6634	295	295	23	23	32	32	2148	2148	3543	3543	189	189	197	197	604	604	1779	1779	827	827	2735	2735	31	31	1	1	118	118	127	127	54	54	95	95	3780	3780	1391	1391	207	207	226	226	698	698	564	564	2859580	2859580	1585052	1585052	7283	7283	4542	4542	123	123	43	43	29848	29848	13013	13013	255	255	19	19	503	503	209	209	191	191	100	100	205503	205503	407753	407753	207	207	63	63	103	103	289	289	25847	25847	25631	25631	245	245	132	132	116	116	155	155
IND00414	1224	1224	1321	1321	510	510	680	680	6777	6777	4894	4894	96	96	31	31	10860	10860	3836	3836	218	218	146	146	28	28	40	40	2255	2255	3837	3837	2011	2011	616	616	81	81	24	24	23	23	53	53	12	12	38	38	4510	4510	1496	1496	8	8	57	57	969	969	864	864	23	23	24	24	1752	1752	4747	4747	16	16	338	338	3309	3309	2437	2437	2	2	12	12	13	13	12	12	33	33	128	128	1827	1827	1311	1311	637	637	3483	3483	1577	1577	815	815	6618	6618	6933	6933	88	88	245	245	3974	3974	2519	2519	134	134	103	103	68	68	1617	1617	1382	1382	2689	2689	12	12	25	25	99	99	96	96	38	38	26	26	3797	3797	884	884	76	76	19	19	846	846	376	376	2618714	2618714	2895354	2895354	1465	1465	3922	3922	358	358	472	472	21034	21034	4720	4720	240	240	223	223	3	3	962	962	80	80	218	218	389341	389341	38545	38545	228	228	49	49	102	102	503	503	7232	7232	6506	6506	91	91	218	218	507	507	484	484
IND00415	184	184	93	93	954	954	30	30	7603	7603	3985	3985	12	12	31	31	13803	13803	3092	3092	104	104	65	65	20	20	54	54	1056	1056	1629	1629	1368	1368	1367	1367	64	64	21	21	47	47	33	33	3	3	55	55	3762	3762	2335	2335	112	112	181	181	558	558	763	763	2	2	2	2	5251	5251	2052	2052	304	304	494	494	1382	1382	7245	7245	15	15	15	15	6	6	10	10	122	122	105	105	1460	1460	359	359	4047	4047	1674	1674	1881	1881	1236	1236	2586	2586	6396	6396	127	127	48	48	4048	4048	1440	1440	103	103	74	74	479	479	210	210	387	387	4096	4096	9	9	8	8	36	36	41	41	45	45	37	37	1270	1270	1765	1765	1	1	161	161	286	286	398	398	1974042	1974042	2353318	2353318	15251	15251	2381	2381	306	306	263	263	31406	31406	29955	29955	146	146	74	74	673	673	57	57	209	209	238	238	22296	22296	501825	501825	26	26	185	185	104	104	4	4	15860	15860	17818	17818	151	151	128	128	251	251	377	377
IND00416	559	559	236	236	998	998	324	324	1098	1098	7663	7663	39	39	51	51	4794	4794	11905	11905	128	128	243	243	14	14	4	4	5846	5846	7084	7084	1324	1324	1942	1942	112	112	10	10	3	3	78	78	56	56	52	52	5153	5153	931	931	252	252	123	123	757	757	735	735	19	19	27	27	3089	3089	3983	3983	76	76	58	58	1270	1270	4071	4071	12	12	11	11	7	7	11	11	10	10	18	18	717	717	1634	1634	3564	3564	1379	1379	1949	1949	639	639	1198	1198	1923	1923	60	60	104	104	2875	2875	113	113	112	112	184	184	80	80	664	664	1060	1060	1937	1937	5	5	31	31	23	23	12	12	92	92	20	20	1593	1593	47	47	179	179	160	160	967	967	284	284	3993016	3993016	2014761	2014761	16109	16109	1100	1100	189	189	123	123	2291	2291	24512	24512	107	107	151	151	161	161	612	612	230	230	74	74	39850	39850	1137	1137	20	20	52	52	7	7	90	90	5282	5282	18890	18890	196	196	182	182	428	428	26	26
IND00417	28	28	327	327	489	489	123	123	8105	8105	4898	4898	52	52	84	84	6616	6616	2744	2744	143	143	59	59	38	38	13	13	6518	6518	3126	3126	723	723	178	178	102	102	114	114	5	5	74	74	11	11	42	42	5019	5019	7776	7776	84	84	146	146	599	599	943	943	27	27	22	22	753	753	5715	5715	85	85	347	347	903	903	1478	1478	5	5	7	7	12	12	14	14	30	30	78	78	1196	1196	1938	1938	1159	1159	1316	1316	1492	1492	1944	1944	1633	1633	849	849	196	196	184	184	3437	3437	1382	1382	13	13	69	69	350	350	1937	1937	359	359	426	426	30	30	30	30	126	126	104	104	92	92	57	57	5	5	2107	2107	219	219	108	108	120	120	412	412	4149723	4149723	3523141	3523141	14415	14415	1706	1706	277	277	248	248	6442	6442	16633	16633	199	199	166	166	201	201	991	991	142	142	104	104	199145	199145	193726	193726	151	151	63	63	281	281	114	114	28885	28885	29259	29259	194	194	250	250	331	331	350	350
IND00418	280	280	1489	1489	755	755	618	618	3528	3528	2929	2929	72	72	10	10	10588	10588	7541	7541	30	30	216	216	23	23	39	39	3656	3656	6288	6288	1447	1447	423	423	32	32	39	39	61	61	103	103	49	49	30	30	1525	1525	3480	3480	212	212	156	156	486	486	950	950	2	2	14	14	7608	7608	8179	8179	184	184	325	325	4852	4852	2041	2041	5	5	6	6	8	8	10	10	42	42	17	17	1558	1558	1485	1485	3818	3818	604	604	747	747	1096	1096	7632	7632	2984	2984	141	141	135	135	3849	3849	1556	1556	66	66	246	246	836	836	1490	1490	1748	1748	3848	3848	4	4	27	27	92	92	30	30	29	29	124	124	3999	3999	1913	1913	155	155	114	114	699	699	332	332	679428	679428	2591248	2591248	15569	15569	365	365	133	133	243	243	28738	28738	6085	6085	175	175	139	139	907	907	153	153	209	209	42	42	97452	97452	89761	89761	207	207	256	256	195	195	377	377	14611	14611	13602	13602	68	68	147	147	494	494	308	308
IND00419	1301	1301	344	344	771	771	526	526	6783	6783	629	629	69	69	45	45	10312	10312	12325	12325	94	94	183	183	54	54	25	25	2306	2306	810	810	563	563	259	259	85	85	87	87	31	31	101	101	63	63	10	10	405	405	3848	3848	128	128	45	45	66	66	131	131	2	2	7	7	2690	2690	5240	5240	329	329	386	386	718	718	481	481	9	9	2	2	12	12	12	12	62	62	24	24	2041	2041	860	860	353	353	1854	1854	1423	1423	440	440	6265	6265	5747	5747	24	24	154	154	4047	4047	2244	2244	126	126	203	203	750	750	422	422	3254	3254	3237	3237	30	30	13	13	44	44	124	124	28	28	120	120	3950	3950	1066	1066	68	68	243	243	865	865	21	21	3764776	3764776	338434	338434	8543	8543	1594	1594	198	198	509	509	3963	3963	63	63	86	86	41	41	18	18	74	74	29	29	56	56	335235	335235	358950	358950	219	219	107	107	418	418	154	154	24985	24985	17468	17468	36	36	13	13	12	12	31	31
IND00420	122	122	248	248	319	319	756	756	1074	1074	2792	2792	64	64	2	2	15442	15442	1837	1837	19	19	37	37	50	50	32	32	5154	5154	1666	1666	220	220	2021	2021	115	115	103	103	74	74	102	102	11	11	19	19	6536	6536	5506	5506	170	170	132	132	622	622	933	933	29	29	15	15	230	230	2444	2444	320	320	366	366	7923	7923	1678	1678	14	14	5	5	4	4	9	9	56	56	81	81	1785	1785	1409	1409	939	939	1269	1269	1887	1887	782	782	613	613	7952	7952	7	7	89	89	1507	1507	1351	1351	248	248	154	154	1918	1918	445	445	2047	2047	631	631	20	20	25	25	93	93	116	116	115	115	99	99	356	356	239	239	13	13	83	83	71	71	1017	1017	4082110	4082110	36554	36554	14625	14625	5273	5273	150	150	59	59	1015	1015	28871	28871	18	18	99	99	50	50	783	783	248	248	195	195	486797	486797	33953	33953	153	153	127	127	370	370	134	134	9479	9479	25584	25584	20	20	83	83	374	374	321	321
IND00421	1310	1310	568	568	309	309	289	289	2533	2533	4184	4184	113	113	87	87	9624	9624	5771	5771	21	21	45	45	29	29	11	11	7613	7613	96	96	1521	1521	1037	1037	93	93	29	29	61	61	73	73	14	14	41	41	628	628	2822	2822	91	91	47	47	36	36	459	459	32	32	32	32	2722	2722	3977	3977	198	198	153	153	2141	2141	2802	2802	11	11	13	13	16	16	10	10	108	108	1	1	1767	1767	964	964	2859	2859	3925	3925	573	573	1430	1430	3571	3571	7039	7039	201	201	37	37	1071	1071	1469	1469	175	175	58	58	1582	1582	1578	1578	833	833	3345	3345	13	13	16	16	107	107	128	128	128	128	95	95	881	881	3967	3967	126	126	45	45	767	767	581	581	1077156	1077156	1970220	1970220	5207	5207	9722	9722	501	501	254	254	12724	12724	3501	3501	170	170	167	167	778	778	712	712	82	82	205	205	251808	251808	484879	484879	99	99	72	72	188	188	313	313	1819	1819	12819	12819	198	198	16	16	280	280	218	218
IND00422	1125	1125	1424	1424	885	885	365	365	2559	2559	3872	3872	109	109	124	124	1420	1420	10414	10414	217	217	156	156	32	32	18	18	5174	5174	6516	6516	1400	1400	191	191	109	109	89	89	38	38	54	54	36	36	13	13	6354	6354	5581	5581	59	59	58	58	275	275	632	632	7	7	19	19	7209	7209	7537	7537	287	287	24	24	7302	7302	4256	4256	12	12	11	11	11	11	14	14	124	124	111	111	1312	1312	141	141	1691	1691	3844	3844	1860	1860	149	149	6303	6303	7288	7288	118	118	45	45	1983	1983	30	30	240	240	47	47	618	618	455	455	3224	3224	136	136	29	29	27	27	103	103	76	76	18	18	9	9	1373	1373	1115	1115	109	109	197	197	1018	1018	205	205	3008056	3008056	1909727	1909727	2397	2397	2674	2674	305	305	357	357	23716	23716	21228	21228	29	29	215	215	40	40	584	584	21	21	60	60	463666	463666	484302	484302	51	51	143	143	419	419	148	148	3443	3443	22691	22691	92	92	25	25	191	191	47	47
IND00423	1255	1255	930	930	146	146	437	437	6815	6815	7999	7999	75	75	13	13	3826	3826	2181	2181	157	157	131	131	2	2	29	29	2995	2995	3815	3815	346	346	996	996	119	119	11	11	102	102	54	54	28	28	3	3	6305	6305	509	509	137	137	194	194	442	442	699	699	26	26	11	11	4438	4438	2900	2900	461	461	494	494	4076	4076	6965	6965	15	15	16	16	15	15	14	14	62	62	111	111	851	851	807	807	3968	3968	3782	3782	1362	1362	1124	1124	4771	4771	4360	4360	206	206	153	153	469	469	407	407	191	191	14	14	1211	1211	1408	1408	935	935	707	707	7	7	19	19	117	117	50	50	128	128	24	24	2555	2555	2457	2457	190	190	103	103	273	273	14	14	2251816	2251816	2435413	2435413	2219	2219	15947	15947	97	97	200	200	32696	32696	27980	27980	147	147	45	45	116	116	424	424	112	112	109	109	284430	284430	158676	158676	41	41	221	221	146	146	406	406	30499	30499	16032	16032	147	147	87	87	238	238	377	377
IND00424	825	825	1071	1071	815	815	820	820	2761	2761	7667	7667	112	112	2	2	2725	2725	3602	3602	185	185	240	240	5	5	8	8	5161	5161	7990	7990	207	207	2006	2006	20	20	96	96	43	43	4	4	45	45	46	46	6343	6343	4477	4477	34	34	140	140	384	384	877	877	10	10	12	12	3997	3997	3575	3575	288	288	336	336	7983	7983	6985	6985	15	15	2	2	10	10	10	10	80	80	64	64	1379	1379	1416	1416	906	906	4078	4078	1168	1168	2012	2012	3143	3143	4680	4680	252	252	84	84	1522	1522	1031	1031	184	184	229	229	1524	1524	1306	1306	3484	3484	1034	1034	11	11	4	4	19	19	102	102	15	15	69	69	1931	1931	3495	3495	229	229	84	84	959	959	793	793	1211189	1211189	412669	412669	992	992	782	782	18	18	2	2	26714	26714	17183	17183	183	183	226	226	60	60	430	430	121	121	14	14	460754	460754	20503	20503	254	254	168	168	481	481	207	207	14140	14140	10549	10549	113	113	208	208	202	202	167	167
IND00425	1565	1565	1459	1459	502	502	286	286	900	900	7352	7352	7	7	61	61	885	885	5856	5856	71	71	35	35	21	21	50	50	329	329	4036	4036	1896	1896	359	359	105	105	69	69	9	9	12	12	8	8	30	30	1700	1700	2330	2330	183	183	141	141	591	591	334	334	19	19	21	21	6529	6529	8178	8178	259	259	308	308	2841	2841	1529	1529	13	13	9	9	10	10	2	2	113	113	19	19	1741	1741	1063	1063	182	182	1401	1401	1966	1966	535	535	8165	8165	294	294	235	235	26	26	791	791	1256	1256	206	206	211	211	1438	1438	1123	1123	528	528	3187	3187	3	3	7	7	28	28	75	75	91	91	98	98	1618	1618	1554	1554	130	130	253	253	120	120	694	694	920702	920702	3355130	3355130	573	573	12630	12630	454	454	242	242	14274	14274	6758	6758	199	199	134	134	830	830	314	314	63	63	218	218	29806	29806	508501	508501	81	81	209	209	300	300	509	509	16233	16233	30834	30834	18	18	211	211	288	288	122	122
IND00426	1639	1639	484	484	906	906	297	297	1483	1483	892	892	16	16	18	18	14258	14258	10845	10845	246	246	176	176	29	29	24	24	7588	7588	7682	7682	1294	1294	1556	1556	53	53	55	55	100	100	63	63	32	32	49	49	2447	2447	2245	2245	219	219	50	50	106	106	304	304	26	26	6	6	379	379	634	634	199	199	47	47	2687	2687	3716	3716	12	12	10	10	6	6	2	2	26	26	105	105	1688	1688	1435	1435	2111	2111	3666	3666	1047	1047	1722	1722	8002	8002	293	293	33	33	208	208	1359	1359	3301	3301	211	211	109	109	1767	1767	356	356	1858	1858	3991	3991	31	31	31	31	110	110	86	86	20	20	27	27	32	32	3927	3927	58	58	204	204	461	461	533	533	4150464	4150464	1981345	1981345	174	174	14901	14901	345	345	360	360	8901	8901	26069	26069	242	242	77	77	129	129	581	581	173	173	121	121	87320	87320	462316	462316	206	206	130	130	432	432	463	463	26863	26863	19654	19654	63	63	16	16	258	258	403	403
IND00427	651	651	1835	1835	638	638	841	841	2252	2252	1212	1212	126	126	11	11	13997	13997	10045	10045	15	15	215	215	51	51	40	40	538	538	2704	2704	2006	2006	522	522	92	92	113	113	107	107	111	111	2	2	60	60	5685	5685	4806	4806	241	241	82	82	701	701	595	595	24	24	21	21	214	214	2742	2742	3	3	116	116	519	519	6729	6729	16	16	14	14	1	1	12	12	26	26	77	77	152	152	1966	1966	2662	2662	794	794	46	46	375	375	1859	1859	2617	2617	15	15	53	53	1339	1339	3236	3236	247	247	31	31	1456	1456	1913	1913	3733	3733	492	492	7	7	31	31	61	61	60	60	103	103	126	126	1110	1110	2352	2352	69	69	58	58	705	705	29	29	1376796	1376796	2788332	2788332	7853	7853	10865	10865	268	268	297	297	10383	10383	21650	21650	162	162	95	95	710	710	748	748	55	55	61	61	345381	345381	437417	437417	171	171	85	85	221	221	326	326	23590	23590	6954	6954	9	9	82	82	136	136	361	361
IND00428	366	366	973	973	810	810	451	451	3565	3565	1229	1229	59	59	88	88	2073	2073	591	591	162	162	4	4	30	30	33	33	711	711	5025	5025	1707	1707	442	442	18	18	118	118	50	50	40	40	44	44	35	35	1673	1673	3394	3394	29	29	176	176	693	693	547	547	3	3	23	23	7924	7924	2258	2258	170	170	136	136	3350	3350	6806	6806	3	3	10	10	11	11	9	9	84	84	61	61	957	957	165	165	1399	1399	3445	3445	742	742	627	627	3754	3754	6218	6218	129	129	20	20	390	390	3208	3208	50	50	28	28	82	82	411	411	3332	3332	1752	1752	24	24	2	2	18	18	117	117	116	116	6	6	359	359	3467	3467	82	82	87	87	825	825	447	447	566367	566367	2054	2054	15695	15695	11652	11652	221	221	13	13	25814	25814	10422	10422	201	201	104	104	280	280	538	538	187	187	56	56	267393	267393	486170	486170	200	200	189	189	150	150	34	34	32750	32750	12264	12264	192	192	174	174	13	13	459	459
IND00429	505	505	386	386	844	844	420	420	4901	4901	7378	7378	108	108	28	28	2581	2581	14548	14548	250	250	123	123	23	23	48	48	4282	4282	7269	7269	820	820	1549	1549	56	56	22	22	86	86	99	99	11	11	35	35	223	223	268	268	241	241	217	217	145	145	844	844	13	13	9	9	3810	3810	3731	3731	248	248	483	483	2644	2644	2404	2404	10	10	13	13	11	11	1	1	52	52	126	126	1647	1647	382	382	1728	1728	44	44	450	450	420	420	8025	8025	3418	3418	47	47	100	100	2864	2864	3828	3828	203	203	229	229	1102	1102	689	689	83	83	920	920	14	14	7	7	18	18	30	30	78	78	94	94	1654	1654	1570	1570	83	83	227	227	522	522	839	839	1390389	1390389	3519890	3519890	14335	14335	1948	1948	261	261	106	106	14241	14241	4755	4755	127	127	90	90	925	925	718	718	148	148	220	220	329610	329610	205150	205150	25	25	148	148	425	425	204	204	30076	30076	4667	4667	40	40	180	180	37	37	66	66
IND00430	532	532	1248	1248	833	833	107	107	683	683	393	393	87	87	23	23	9038	9038	9718	9718	180	180	196	196	22	22	45	45	6253	6253	2376	2376	1020	1020	1371	1371	109	109	17	17	113	113	96	96	53	53	30	30	6107	6107	5064	5064	73	73	193	193	358	358	107	107	7	7	9	9	3924	3924	6102	6102	360	360	461	461	3155	3155	5011	5011	4	4	1	1	5	5	6	6	4	4	104	104	882	882	109	109	55	55	2586	2586	673	673	1905	1905	1283	1283	1833	1833	127	127	147	147	2771	2771	932	932	98	98	96	96	958	958	309	309	4085	4085	3116	3116	24	24	8	8	81	81	27	27	98	98	40	40	2608	2608	2007	2007	203	203	103	103	242	242	480	480	1122053	1122053	4063150	4063150	1674	1674	4036	4036	126	126	383	383	31485	31485	4368	4368	226	226	207	207	842	842	633	633	121	121	92	92	34073	34073	342351	342351	149	149	114	114	198	198	157	157	19063	19063	21681	21681	176	176	161	161	319	319	29	29
IND00431	520	520	123	123	406	406	571	571	3945	3945	6709	6709	62	62	65	65	13567	13567	10131	10131	10	10	191	191	12	12	46	46	2571	2571	5242	5242	1786	1786	689	689	45	45	39	39	87	87	24	24	45	45	45	45	4036	4036	3756	3756	223	223	125	125	268	268	50	50	6	6	4	4	5884	5884	3411	3411	50	50	10	10	6423	6423	3455	3455	6	6	8	8	1	1	9	9	106	106	85	85	1930	1930	1057	1057	1389	1389	1683	1683	1425	1425	400	400	3579	3579	5738	5738	89	89	31	31	3721	3721	3917	3917	136	136	105	105	1367	1367	399	399	1725	1725	166	166	28	28	10	10	117	117	48	48	65	65	88	88	2481	2481	3424	3424	36	36	221	221	61	61	248	248	2704805	2704805	1913581	1913581	6510	6510	15338	15338	222	222	307	307	9699	9699	17196	17196	216	216	214	214	98	98	986	986	132	132	118	118	298236	298236	360059	360059	157	157	108	108	501	501	454	454	25250	25250	26064	26064	196	196	237	237	210	210	424	424
IND00432	1546	1546	833	833	300	300	798	798	3049	3049	6403	6403	2	2	57	57	6764	6764	9895	9895	80	80	99	99	27	27	36	36	7791	7791	3724	3724	1892	1892	577	577	6	6	66	66	23	23	67	67	43	43	57	57	3932	3932	1937	1937	60	60	157	157	289	289	248	248	1	1	7	7	5302	5302	1551	1551	242	242	296	296	7722	7722	8062	8062	12	12	11	11	7	7	2	2	79	79	77	77	1520	1520	1544	1544	2166	2166	1068	1068	876	876	1098	1098	1562	1562	300	300	208	208	103	103	2735	2735	1941	1941	104	104	189	189	20	20	1223	1223	2049	2049	1764	1764	3	3	23	23	67	67	79	79	101	101	22	22	3464	3464	2430	2430	41	41	231	231	703	703	703	703	3459289	3459289	2793837	2793837	13856	13856	11	11	356	356	414	414	16796	16796	12165	12165	32	32	83	83	174	174	337	337	128	128	164	164	159292	159292	294284	294284	50	50	158	158	353	353	301	301	733	733	14689	14689	135	135	215	215	428	428	359	359
IND00433	1778	1778	1492	1492	749	749	631	631	7537	7537	1685	1685	31	31	37	37	12608	12608	632	632	2	2	208	208	3	3	49	49	7354	7354	7950	7950	905	905	180	180	39	39	61	61	103	103	70	70	30	30	15	15	3407	3407	8117	8117	97	97	67	67	992	992	514	514	17	17	13	13	7447	7447	6043	6043	495	495	55	55	7826	7826	4264	4264	5	5	2	2	14	14	12	12	120	120	41	41	679	679	1322	1322	3874	3874	2213	2213	965	965	900	900	1087	1087	2466	2466	187	187	61	61	2878	2878	3867	3867	211	211	179	179	1105	1105	233	233	3031	3031	2160	2160	28	28	24	24	8	8	74	74	53	53	93	93	3225	3225	2161	2161	245	245	10	10	349	349	783	783	1211390	1211390	3340861	3340861	3579	3579	4919	4919	236	236	320	320	29938	29938	12036	12036	74	74	177	177	755	755	222	222	174	174	86	86	62352	62352	44925	44925	215	215	1	1	424	424	283	283	30160	30160	4318	4318	156	156	199	199	413	413	52	52
IND00434	942	942	1723	1723	281	281	975	975	4677	4677	3482	3482	51	51	118	118	15538	15538	3244	3244	5	5	222	222	9	9	39	39	178	178	2177	2177	414	414	1756	1756	74	74	45	45	121	121	8	8	29	29	55	55	7144	7144	7288	7288	176	176	202	202	916	916	846	846	20	20	22	22	7452	7452	3645	3645	359	359	61	61	6472	6472	6340	6340	15	15	14	14	2	2	5	5	75	75	76	76	1364	1364	927	927	476	476	3612	3612	1852	1852	1797	1797	4953	4953	5412	5412	77	77	250	250	3610	3610	1544	1544	256	256	174	174	592	592	433	433	945	945	205	205	32	32	17	17	74	74	107	107	92	92	79	79	3069	3069	2388	2388	8	8	139	139	366	366	178	178	1541653	1541653	1688913	1688913	1156	1156	10282	10282	216	216	124	124	15149	15149	14534	14534	100	100	41	41	313	313	723	723	184	184	207	207	281170	281170	15070	15070	39	39	61	61	298	298	166	166	8817	8817	31305	31305	163	163	172	172	274	274	356	356
IND00435	686	686	1728	1728	987	987	775	775	2007	2007	3556	3556	113	113	15	15	13262	13262	5562	5562	182	182	173	173	53	53	53	53	1587	1587	6976	6976	740	740	117	117	105	105	45	45	104	104	52	52	45	45	39	39	7106	7106	7492	7492	154	154	51	51	33	33	438	438	14	14	32	32	7284	7284	6461	6461	314	314	372	372	2792	2792	4484	4484	8	8	14	14	9	9	9	9	49	49	45	45	1738	1738	1121	1121	3708	3708	1843	1843	229	229	1832	1832	6998	6998	7234	7234	181	181	206	206	3205	3205	1559	1559	205	205	90	90	1290	1290	1782	1782	3000	3000	2955	2955	23	23	30	30	34	34	98	98	115	115	8	8	603	603	2186	2186	140	140	256	256	424	424	90	90	3061381	3061381	3042017	3042017	15496	15496	637	637	101	101	120	120	27646	27646	16877	16877	15	15	170	170	693	693	448	448	66	66	116	116	224930	224930	386357	386357	171	171	111	111	304	304	16	16	7758	7758	31747	31747	130	130	244	244	314	314	477	477
IND00436	1854	1854	372	372	244	244	417	417	3090	3090	1529	1529	84	84	103	103	14776	14776	11966	11966	59	59	231	231	61	61	35	35	2052	2052	7140	7140	933	933	1807	1807	106	106	11	11	74	74	51	51	59	59	49	49	40	40	5684	5684	86	86	236	236	638	638	829	829	31	31	7	7	5120	5120	5851	5851	4	4	134	134	3113	3113	1679	1679	7	7	10	10	16	16	12	12	22	22	80	80	1928	1928	1528	1528	3191	3191	637	637	1373	1373	704	704	10	10	3595	3595	27	27	166	166	1839	1839	332	332	45	45	38	38	236	236	161	161	1104	1104	3411	3411	18	18	13	13	72	72	121	121	46	46	83	83	953	953	3334	3334	69	69	208	208	217	217	764	764	3171783	3171783	3440517	3440517	13521	13521	5355	5355	416	416	114	114	17471	17471	22159	22159	21	21	184	184	957	957	460	460	221	221	104	104	75772	75772	146355	146355	37	37	219	219	158	158	462	462	32621	32621	4995	4995	139	139	223	223	221	221	133	133
IND00437	328	328	1693	1693	40	40	564	564	6986	6986	1109	1109	116	116	7	7	14032	14032	16301	16301	235	235	29	29	47	47	48	48	6203	6203	6348	6348	1044	1044	1559	1559	34	34	80	80	8	8	102	102	53	53	37	37	6866	6866	8185	8185	178	178	93	93	1017	1017	633	633	16	16	2	2	2366	2366	2863	2863	183	183	357	357	5487	5487	2111	2111	6	6	2	2	3	3	12	12	60	60	23	23	970	970	393	393	2859	2859	264	264	867	867	1684	1684	6695	6695	4996	4996	160	160	176	176	2047	2047	4005	4005	183	183	92	92	655	655	59	59	3711	3711	947	947	9	9	29	29	35	35	43	43	98	98	14	14	1138	1138	3989	3989	47	47	91	91	172	172	73	73	2378147	2378147	2638048	2638048	13181	13181	11526	11526	214	214	470	470	27773	27773	8960	8960	71	71	219	219	295	295	175	175	191	191	55	55	193187	193187	381530	381530	213	213	85	85	64	64	365	365	21960	21960	20186	20186	158	158	20	20	80	80	481	481
IND00438	1746	1746	306	306	373	373	875	875	6321	6321	2294	2294	111	111	8	8	15556	15556	14635	14635	254	254	73	73	43	43	27	27	2642	2642	2060	2060	607	607	68	68	68	68	110	110	33	33	128	128	59	59	2	2	7220	7220	884	884	201	201	178	178	140	140	930	930	23	23	27	27	7460	7460	3848	3848	130	130	489	489	6773	6773	807	807	4	4	7	7	16	16	8	8	15	15	115	115	488	488	144	144	3021	3021	459	459	317	317	1794	1794	4267	4267	4697	4697	220	220	158	158	3790	3790	2463	2463	92	92	204	204	100	100	1854	1854	880	880	2704	2704	12	12	5	5	38	38	127	127	48	48	63	63	711	711	2066	2066	174	174	106	106	105	105	900	900	2935801	2935801	2015377	2015377	3217	3217	3866	3866	133	133	329	329	780	780	3552	3552	78	78	67	67	258	258	726	726	240	240	95	95	401995	401995	442330	442330	18	18	157	157	197	197	51	51	20232	20232	10908	10908	113	113	201	201	502	502	31	31
IND00439	804	804	1797	1797	262	262	645	645	2961	2961	8137	8137	66	66	97	97	13483	13483	4338	4338	23	23	231	231	55	55	43	43	4264	4264	8089	8089	987	987	2021	2021	94	94	2	2	107	107	37	37	36	36	48	48	6605	6605	2944	2944	148	148	238	238	440	440	830	830	11	11	13	13	1269	1269	191	191	89	89	271	271	3219	3219	7130	7130	15	15	3	3	2	2	10	10	90	90	100	100	1183	1183	975	975	4083	4083	3235	3235	888	888	1165	1165	6032	6032	1028	1028	175	175	203	203	1156	1156	182	182	74	74	41	41	1367	1367	1435	1435	2450	2450	1960	1960	21	21	28	28	24	24	61	61	67	67	46	46	852	852	3528	3528	94	94	240	240	689	689	63	63	3189897	3189897	2858556	2858556	3484	3484	12985	12985	402	402	75	75	1197	1197	1956	1956	95	95	25	25	800	800	1014	1014	13	13	11	11	63639	63639	37274	37274	150	150	181	181	454	454	206	206	6727	6727	19483	19483	63	63	251	251	483	483	4	4
IND00440	1829	1829	519	519	430	430	604	604	1450	1450	1711	1711	28	28	64	64	3578	3578	7144	7144	25	25	188	188	56	56	39	39	4449	4449	3710	3710	1425	1425	1620	1620	8	8	18	18	95	95	53	53	20	20	26	26	7465	7465	8017	8017	14	14	171	171	200	200	245	245	21	21	13	13	6273	6273	4103	4103	270	270	348	348	1065	1065	6475	6475	10	10	10	10	9	9	13	13	46	46	99	99	650	650	1055	1055	2828	2828	1015	1015	200	200	746	746	544	544	334	334	196	196	56	56	3480	3480	1962	1962	99	99	255	255	26	26	1489	1489	3584	3584	3202	3202	24	24	9	9	100	100	62	62	123	123	81	81	136	136	3118	3118	131	131	170	170	233	233	346	346	2499142	2499142	3413656	3413656	6319	6319	15935	15935	488	488	7	7	5671	5671	23566	23566	115	115	217	217	880	880	20	20	149	149	213	213	148572	148572	423691	423691	194	194	97	97	161	161	351	351	28793	28793	4472	4472	223	223	228	228	393	393	417	417
IND00441	4	4	2000	2000	250	250	254	254	1893	1893	2887	2887	109	109	53	53	11141	11141	15056	15056	186	186	192	192	64	64	9	9	4259	4259	6689	6689	6	6	2046	2046	117	117	48	48	65	65	3	3	2	2	23	23	2639	2639	6086	6086	139	139	65	65	802	802	173	173	19	19	11	11	5250	5250	1671	1671	382	382	96	96	6308	6308	4928	4928	15	15	12	12	9	9	8	8	102	102	82	82	1815	1815	984	984	1990	1990	1692	1692	306	306	369	369	5296	5296	7525	7525	3	3	166	166	605	605	3952	3952	31	31	79	79	1146	1146	814	814	2700	2700	3947	3947	12	12	22	22	96	96	101	101	33	33	45	45	1298	1298	756	756	45	45	161	161	482	482	912	912	1386376	1386376	3939813	3939813	8947	8947	3636	3636	129	129	64	64	29712	29712	16013	16013	4	4	103	103	531	531	71	71	34	34	126	126	365451	365451	344317	344317	224	224	189	189	334	334	355	355	24488	24488	15521	15521	131	131	20	20	489	489	126	126
IND00442	1892	1892	594	594	320	320	880	880	4561	4561	7760	7760	85	85	4	4	877	877	248	248	181	181	1	1	43	43	41	41	984	984	3684	3684	1164	1164	364	364	121	121	55	55	62	62	126	126	15	15	19	19	294	294	5882	5882	245	245	101	101	986	986	722	722	12	12	23	23	5549	5549	4591	4591	451	451	190	190	6300	6300	2446	2446	12	12	15	15	8	8	2	2	106	106	89	89	907	907	1417	1417	174	174	364	364	1955	1955	447	447	7503	7503	8002	8002	101	101	173	173	2795	2795	2558	2558	252	252	244	244	144	144	898	898	478	478	275	275	21	21	3	3	43	43	124	124	97	97	29	29	313	313	3509	3509	178	178	44	44	817	817	123	123	1789174	1789174	3135981	3135981	13996	13996	919	919	201	201	455	455	20447	20447	15448	15448	237	237	167	167	726	726	572	572	133	133	152	152	458	458	384946	384946	215	215	80	80	158	158	276	276	5324	5324	30193	30193	13	13	248	248	417	417	437	437
IND00443	97	97	291	291	923	923	882	882	6947	6947	4072	4072	84	84	89	89	11231	11231	9256	9256	83	83	173	173	63	63	18	18	6733	6733	7619	7619	400	400	1686	1686	121	121	20	20	10	10	2	2	4	4	11	11	1475	1475	441	441	40	40	156	156	453	453	30	30	25	25	25	25	7437	7437	1735	1735	377	377	276	276	546	546	5570	5570	6	6	3	3	6	6	15	15	83	83	96	96	1315	1315	1918	1918	2439	2439	3598	3598	779	779	1073	1073	1175	1175	5630	5630	83	83	49	49	3287	3287	2113	2113	94	94	111	111	496	496	8	8	3473	3473	803	803	18	18	2	2	48	48	4	4	75	75	80	80	4057	4057	3648	3648	229	229	7	7	51	51	812	812	3590725	3590725	815060	815060	13368	13368	14464	14464	12	12	509	509	14013	14013	4038	4038	101	101	254	254	975	975	727	727	181	181	144	144	486798	486798	33138	33138	73	73	198	198	151	151	488	488	3983	3983	31353	31353	63	63	193	193	443	443	246	246
IND00444	1604	1604	975	975	314	314	475	475	1435	1435	5094	5094	116	116	28	28	4541	4541	2309	2309	2	2	99	99	60	60	44	44	5795	5795	47	47	784	784	350	350	108	108	54	54	75	75	105	105	16	16	32	32	908	908	4622	4622	114	114	182	182	1024	1024	921	921	11	11	27	27	546	546	3543	3543	163	163	400	400	5437	5437	772	772	6	6	11	11	2	2	15	15	1	1	113	113	1948	1948	938	938	1538	1538	2956	2956	1547	1547	1577	1577	3744	3744	5522	5522	237	237	180	180	2762	2762	1754	1754	120	120	49	49	1678	1678	1352	1352	2031	2031	3159	3159	13	13	3	3	111	111	31	31	50	50	54	54	550	550	3543	3543	107	107	20	20	144	144	283	283	4157344	4157344	2994732	2994732	1710	1710	1499	1499	72	72	199	199	30578	30578	12740	12740	132	132	220	220	559	559	199	199	38	38	229	229	25022	25022	208092	208092	27	27	225	225	467	467	174	174	7618	7618	31483	31483	44	44	5	5	481	481	283	283
IND00445	1467	1467	444	444	313	313	553	553	2932	2932	1262	1262	125	125	77	77	635	635	12740	12740	125	125	66	66	4	4	27	27	3850	3850	5815	5815	385	385	1768	1768	33	33	83	83	112	112	50	50	43	43	13	13	5699	5699	6267	6267	226	226	251	251	179	179	17	17	2	2	12	12	1125	1125	3832	3832	190	190	453	453	6937	6937	4930	4930	15	15	9	9	12	12	5	5	80	80	111	111	265	265	1905	1905	267	267	1089	1089	849	849	589	589	3403	3403	5673	5673	71	71	192	192	3640	3640	96	96	55	55	250	250	38	38	740	740	4004	4004	3350	3350	27	27	9	9	111	111	88	88	122	122	57	57	789	789	644	644	150	150	130	130	123	123	402	402	179173	179173	2715770	2715770	7474	7474	1551	1551	443	443	398	398	22768	22768	24167	24167	200	200	167	167	844	844	858	858	165	165	9	9	443351	443351	129789	129789	51	51	82	82	375	375	321	321	10435	10435	28206	28206	256	256	83	83	127	127	315	315
IND00446	493	493	1548	1548	881	881	709	709	4596	4596	1532	1532	74	74	124	124	12851	12851	2824	2824	80	80	113	113	28	28	26	26	128	128	2355	2355	277	277	1177	1177	98	98	48	48	21	21	63	63	17	17	61	61	7354	7354	5637	5637	184	184	225	225	171	171	1010	1010	5	5	7	7	1167	1167	6192	6192	478	478	252	252	4370	4370	1231	1231	1	1	1	1	13	13	12	12	46	46	88	88	637	637	1868	1868	3565	3565	1904	1904	1645	1645	1075	1075	3052	3052	7890	7890	227	227	125	125	1794	1794	1327	1327	220	220	77	77	1308	1308	1291	1291	4051	4051	2813	2813	8	8	1	1	18	18	23	23	78	78	103	103	1161	1161	1851	1851	89	89	117	117	641	641	954	954	3011384	3011384	1187941	1187941	5406	5406	1581	1581	379	379	142	142	5992	5992	30655	30655	128	128	240	240	965	965	975	975	243	243	47	47	398271	398271	386758	386758	48	48	53	53	350	350	502	502	23018	23018	7867	7867	117	117	55	55	68	68	110	110
IND00447	20	20	1296	1296	477	477	684	684	246	246	8174	8174	8	8	72	72	3160	3160	7477	7477	43	43	179	179	20	20	7	7	333	333	3656	3656	422	422	736	736	100	100	128	128	86	86	62	62	49	49	29	29	3041	3041	5474	5474	126	126	108	108	171	171	204	204	25	25	26	26	2134	2134	3247	3247	127	127	167	167	7425	7425	7016	7016	11	11	15	15	14	14	2	2	101	101	128	128	1069	1069	511	511	173	173	1158	1158	1758	1758	466	466	5493	5493	5250	5250	152	152	82	82	910	910	23	23	86	86	77	77	483	483	1024	1024	30	30	1781	1781	17	17	31	31	119	119	60	60	72	72	69	69	409	409	4010	4010	189	189	134	134	201	201	466	466	4017473	4017473	998522	998522	4969	4969	3931	3931	189	189	69	69	14965	14965	8519	8519	20	20	118	118	129	129	153	153	70	70	42	42	275102	275102	251529	251529	102	102	128	128	191	191	323	323	24488	24488	26545	26545	49	49	179	179	231	231	478	478
IND00448	1838	1838	674	674	553	553	829	829	1601	1601	1457	1457	54	54	38	38	465	465	4598	4598	229	229	188	188	8	8	45	45	3623	3623	1627	1627	1400	1400	1180	1180	20	20	12	12	96	96	90	90	64	64	8	8	4941	4941	5444	5444	170	170	139	139	268	268	372	372	15	15	17	17	891	891	2697	2697	180	180	510	510	3124	3124	6028	6028	13	13	12	12	11	11	5	5	109	109	78	78	1752	1752	578	578	72	72	3287	3287	332	332	210	210	7743	7743	3713	3713	256	256	63	63	1455	1455	1324	1324	246	246	6	6	72	72	199	199	1244	1244	622	622	30	30	7	7	79	79	64	64	112	112	104	104	4056	4056	1989	1989	151	151	63	63	960	960	724	724	1810835	1810835	1521036	1521036	8400	8400	5646	5646	59	59	166	166	10443	10443	1467	1467	76	76	130	130	695	695	447	447	131	131	216	216	250451	250451	254515	254515	141	141	124	124	502	502	50	50	26671	26671	12567	12567	74	74	10	10	347	347	67	67
IND00449	301	301	1999	1999	956	956	301	301	7409	7409	1948	1948	125	125	8	8	1794	1794	8687	8687	21	21	204	204	39	39	39	39	1921	1921	1443	1443	1	1	786	786	56	56	77	77	124	124	72	72	64	64	18	18	4243	4243	4760	4760	99	99	215	215	197	197	362	362	2	2	5	5	5919	5919	462	462	289	289	327	327	1769	1769	7547	7547	9	9	11	11	3	3	7	7	6	6	25	25	1884	1884	652	652	1240	1240	2215	2215	1097	1097	1117	1117	5960	5960	2514	2514	43	43	203	203	4022	4022	2549	2549	239	239	178	178	24	24	734	734	1315	1315	3849	3849	6	6	15	15	113	113	42	42	53	53	29	29	692	692	3896	3896	28	28	190	190	592	592	246	246	3251676	3251676	524386	524386	8990	8990	347	347	510	510	387	387	16083	16083	28923	28923	52	52	148	148	589	589	487	487	35	35	110	110	268238	268238	201961	201961	194	194	56	56	68	68	375	375	11701	11701	16522	16522	219	219	83	83	190	190	182	182
IND00450	1738	1738	361	361	186	186	374	374	2367	2367	6024	6024	75	75	49	49	15071	15071	15077	15077	79	79	59	59	55	55	8	8	5709	5709	4724	4724	1942	1942	353	353	116	116	5	5	118	118	19	19	10	10	28	28	920	920	2389	2389	213	213	116	116	50	50	133	133	14	14	7	7	6361	6361	6508	6508	384	384	147	147	3387	3387	3450	3450	5	5	15	15	7	7	8	8	61	61	110	110	565	565	56	56	1586	1586	2047	2047	1254	1254	783	783	5263	5263	5920	5920	159	159	172	172	499	499	2634	2634	251	251	230	230	1106	1106	740	740	3596	3596	774	774	24	24	24	24	125	125	45	45	100	100	57	57	3051	3051	821	821	132	132	18	18	789	789	917	917	2318372	2318372	1532264	1532264	15537	15537	12612	12612	376	376	309	309	24677	24677	24899	24899	177	177	157	157	306	306	450	450	76	76	18	18	365827	365827	1591	1591	20	20	238	238	53	53	485	485	30836	30836	25863	25863	233	233	64	64	262	262	310	310
IND00451	693	693	1393	1393	849	849	374	374	2127	2127	7966	7966	84	84	69	69	672	672	12349	12349	2	2	12	12	35	35	56	56	5418	5418	2387	2387	1383	1383	1892	1892	13	13	53	53	26	26	59	59	59	59	4	4	5207	5207	3227	3227	226	226	89	89	154	154	968	968	21	21	6	6	2829	2829	2683	2683	23	23	415	415	7792	7792	154	154	13	13	7	7	3	3	14	14	69	69	57	57	464	464	34	34	280	280	526	526	2011	2011	1785	1785	5796	5796	6728	6728	232	232	34	34	1926	1926	803	803	200	200	72	72	414	414	1859	1859	3385	3385	1693	1693	5	5	22	22	47	47	125	125	96	96	74	74	3022	3022	1109	1109	15	15	163	163	603	603	4	4	3470528	3470528	2581887	2581887	13927	13927	10838	10838	153	153	317	317	14388	14388	6878	6878	209	209	249	249	451	451	774	774	201	201	96	96	290231	290231	50874	50874	175	175	101	101	303	303	163	163	32061	32061	14690	14690	43	43	207	207	6	6	343	343
IND00452	457	457	1421	1421	98	98	527	527	1830	1830	7952	7952	50	50	35	35	12215	12215	6036	6036	184	184	38	38	32	32	15	15	5553	5553	2485	2485	801	801	715	715	25	25	112	112	99	99	97	97	41	41	62	62	4164	4164	2901	2901	232	232	45	45	534	534	354	354	29	29	3	3	7740	7740	6506	6506	278	278	270	270	2322	2322	6227	6227	15	15	4	4	3	3	10	10	46	46	33	33	1528	1528	1826	1826	461	461	1364	1364	1087	1087	1827	1827	598	598	7475	7475	95	95	118	118	3387	3387	3181	3181	84	84	127	127	1335	1335	1187	1187	1404	1404	349	349	22	22	14	14	46	46	44	44	59	59	3	3	2210	2210	234	234	127	127	32	32	224	224	801	801	1095516	1095516	2630953	2630953	15164	15164	4671	4671	300	300	364	364	4080	4080	17474	17474	54	54	150	150	312	312	759	759	152	152	198	198	175697	175697	17837	17837	144	144	135	135	256	256	352	352	17492	17492	9590	9590	191	191	177	177	426	426	193	193
IND00453	1299	1299	1168	1168	274	274	755	755	2617	2617	5386	5386	14	14	45	45	2140	2140	3736	3736	78	78	159	159	52	52	43	43	3384	3384	1166	1166	224	224	1547	1547	106	106	102	102	15	15	99	99	60	60	53	53	3972	3972	2307	2307	121	121	34	34	690	690	314	314	28	28	2	2	2699	2699	6987	6987	287	287	82	82	8095	8095	6578	6578	3	3	1	1	15	15	10	10	93	93	72	72	1152	1152	756	756	284	284	1854	1854	2013	2013	212	212	1683	1683	5163	5163	35	35	229	229	586	586	2810	2810	239	239	93	93	903	903	339	339	1114	1114	1076	1076	27	27	3	3	85	85	2	2	122	122	50	50	608	608	2903	2903	73	73	50	50	994	994	630	630	605771	605771	532974	532974	4731	4731	442	442	356	356	288	288	10560	10560	13788	13788	41	41	40	40	590	590	196	196	101	101	175	175	234534	234534	34907	34907	208	208	60	60	495	495	181	181	4363	4363	27476	27476	246	246	181	181	124	124	314	314
IND00454	921	921	1126	1126	494	494	586	586	4222	4222	1084	1084	73	73	77	77	6251	6251	13996	13996	172	172	28	28	1	1	16	16	4282	4282	5896	5896	417	417	444	444	62	62	87	87	12	12	80	80	30	30	26	26	2195	2195	8070	8070	26	26	183	183	896	896	896	896	14	14	21	21	1021	1021	3510	3510	45	45	54	54	6948	6948	724	724	12	12	12	12	1	1	8	8	79	79	59	59	1710	1710	506	506	3172	3172	742	742	388	388	966	966	3504	3504	905	905	70	70	250	250	2220	2220	3169	3169	238	238	76	76	390	390	492	492	1926	1926	3637	3637	15	15	1	1	89	89	104	104	115	115	75	75	2111	2111	283	283	68	68	92	92	626	626	378	378	3749511	3749511	4132965	4132965	13028	13028	2371	2371	389	389	200	200	30591	30591	1354	1354	176	176	156	156	414	414	365	365	77	77	68	68	171516	171516	178295	178295	15	15	62	62	75	75	396	396	27710	27710	29822	29822	95	95	139	139	219	219	388	388
IND00455	596	596	385	385	778	778	882	882	7579	7579	1421	1421	18	18	107	107	14124	14124	8890	8890	35	35	3	3	52	52	62	62	2538	2538	1055	1055	705	705	1518	1518	107	107	82	82	11	11	103	103	41	41	63	63	5364	5364	7224	7224	69	69	131	131	219	219	543	543	21	21	2	2	3606	3606	4088	4088	15	15	10	10	689	689	5753	5753	1	1	16	16	16	16	14	14	53	53	127	127	2021	2021	1570	1570	15	15	3989	3989	1332	1332	1430	1430	466	466	3156	3156	64	64	58	58	116	116	692	692	158	158	80	80	664	664	804	804	3395	3395	3564	3564	15	15	23	23	104	104	50	50	33	33	81	81	1517	1517	2772	2772	1	1	248	248	814	814	567	567	2238594	2238594	3448242	3448242	2645	2645	7729	7729	183	183	319	319	1080	1080	7869	7869	104	104	209	209	215	215	394	394	141	141	179	179	440100	440100	350670	350670	120	120	61	61	212	212	330	330	23747	23747	23917	23917	164	164	256	256	330	330	256	256
IND00456	961	961	1150	1150	1004	1004	758	758	4383	4383	5319	5319	85	85	107	107	8552	8552	12851	12851	13	13	195	195	58	58	21	21	7070	7070	4560	4560	1977	1977	461	461	89	89	103	103	24	24	1	1	10	10	10	10	7798	7798	4802	4802	75	75	209	209	945	945	639	639	9	9	11	11	3517	3517	3062	3062	365	365	314	314	6920	6920	278	278	13	13	5	5	14	14	4	4	9	9	90	90	1958	1958	1887	1887	179	179	693	693	352	352	1763	1763	7204	7204	68	68	154	154	103	103	3857	3857	3880	3880	74	74	209	209	491	491	520	520	3500	3500	1546	1546	30	30	9	9	93	93	30	30	33	33	59	59	2254	2254	26	26	82	82	97	97	912	912	533	533	1871506	1871506	1725278	1725278	9249	9249	8759	8759	403	403	102	102	2105	2105	27491	27491	226	226	122	122	888	888	11	11	12	12	138	138	80418	80418	268049	268049	233	233	228	228	110	110	502	502	13691	13691	27791	27791	17	17	47	47	18	18	194	194
IND00457	1932	1932	1378	1378	94	94	410	410	4939	4939	141	141	65	65	2	2	15702	15702	366	366	120	120	35	35	44	44	48	48	7244	7244	3740	3740	939	939	1011	1011	115	115	51	51	42	42	101	101	59	59	3	3	1760	1760	5068	5068	60	60	123	123	154	154	533	533	11	11	31	31	5851	5851	17	17	99	99	180	180	1433	1433	492	492	3	3	13	13	3	3	16	16	43	43	7	7	1931	1931	1375	1375	3750	3750	2119	2119	131	131	1415	1415	221	221	5666	5666	27	27	21	21	296	296	607	607	7	7	178	178	882	882	380	380	1382	1382	196	196	25	25	14	14	15	15	9	9	97	97	24	24	2232	2232	3883	3883	238	238	70	70	766	766	397	397	406622	406622	2750899	2750899	2135	2135	16000	16000	239	239	209	209	8031	8031	31878	31878	23	23	17	17	842	842	377	377	192	192	84	84	441228	441228	263941	263941	24	24	120	120	479	479	321	321	8430	8430	23615	23615	152	152	222	222	69	69	154	154
IND00458	845	845	1117	1117	876	876	59	59	5838	5838	416	416	118	118	57	57	3433	3433	1387	1387	96	96	221	221	50	50	23	23	3437	3437	508	508	1539	1539	1157	1157	123	123	63	63	55	55	69	69	30	30	61	61	1539	1539	6363	6363	21	21	71	71	273	273	730	730	6	6	2	2	5560	5560	2210	2210	232	232	454	454	6004	6004	6867	6867	11	11	14	14	6	6	7	7	2	2	42	42	928	928	974	974	1107	1107	3214	3214	787	787	524	524	5146	5146	5938	5938	1	1	21	21	634	634	1428	1428	175	175	64	64	1705	1705	537	537	2075	2075	3154	3154	17	17	32	32	127	127	128	128	75	75	53	53	35	35	3966	3966	199	199	60	60	839	839	24	24	2563241	2563241	4188540	4188540	5733	5733	9053	9053	261	261	217	217	12593	12593	23908	23908	125	125	119	119	919	919	975	975	127	127	190	190	470544	470544	323771	323771	217	217	152	152	263	263	60	60	6390	6390	30384	30384	118	118	31	31	342	342	141	141
IND00459	1405	1405	148	148	29	29	133	133	899	899	1603	1603	74	74	101	101	3123	3123	8855	8855	22	22	12	12	53	53	30	30	8131	8131	124	124	1093	1093	1279	1279	62	62	117	117	113	113	19	19	19	19	21	21	2796	2796	359	359	93	93	217	217	275	275	815	815	27	27	25	25	2896	2896	3900	3900	335	335	288	288	7175	7175	6632	6632	13	13	12	12	10	10	6	6	33	33	3	3	1479	1479	841	841	3300	3300	256	256	554	554	1947	1947	6081	6081	829	829	183	183	67	67	922	922	3196	3196	110	110	47	47	1913	1913	1208	1208	2329	2329	2356	2356	31	31	27	27	31	31	60	60	55	55	53	53	905	905	3344	3344	98	98	21	21	944	944	184	184	591131	591131	3801219	3801219	11579	11579	10409	10409	231	231	7	7	18539	18539	15828	15828	31	31	54	54	752	752	1005	1005	106	106	38	38	72993	72993	361889	361889	132	132	91	91	257	257	368	368	23162	23162	23973	23973	56	56	33	33	335	335	354	354
IND00460	1749	1749	465	465	398	398	948	948	1901	1901	6680	6680	126	126	53	53	1040	1040	10196	10196	122	122	78	78	56	56	29	29	2635	2635	4884	4884	1938	1938	436	436	105	105	102	102	56	56	7	7	5	5	32	32	6031	6031	512	512	108	108	208	208	926	926	816	816	24	24	6	6	2576	2576	304	304	510	510	235	235	3747	3747	2914	2914	14	14	13	13	1	1	13	13	42	42	70	70	1278	1278	1298	1298	3538	3538	564	564	1187	1187	1965	1965	7245	7245	7016	7016	177	177	183	183	2415	2415	3435	3435	8	8	152	152	1083	1083	1923	1923	2064	2064	173	173	18	18	15	15	93	93	102	102	31	31	18	18	2283	2283	1129	1129	45	45	83	83	387	387	512	512	1168689	1168689	2137179	2137179	10003	10003	4847	4847	350	350	490	490	3685	3685	4833	4833	34	34	207	207	486	486	268	268	250	250	244	244	201809	201809	4443	4443	199	199	252	252	73	73	318	318	12262	12262	19566	19566	210	210	185	185	361	361	458	458
IND00461	1404	1404	1077	1077	881	881	46	46	7603	7603	7654	7654	35	35	25	25	11581	11581	10754	10754	246	246	189	189	52	52	64	64	3645	3645	2568	2568	1721	1721	1597	1597	94	94	59	59	37	37	51	51	23	23	49	49	5592	5592	1427	1427	211	211	251	251	824	824	255	255	18	18	28	28	354	354	2893	2893	333	333	144	144	1557	1557	2000	2000	2	2	1	1	13	13	5	5	17	17	82	82	107	107	775	775	2389	2389	3875	3875	1182	1182	1041	1041	7186	7186	4674	4674	149	149	140	140	114	114	53	53	165	165	83	83	86	86	1637	1637	1680	1680	3441	3441	18	18	1	1	26	26	60	60	15	15	112	112	2220	2220	2869	2869	107	107	234	234	104	104	768	768	4114404	4114404	1294162	1294162	15494	15494	9230	9230	471	471	392	392	13473	13473	4371	4371	177	177	49	49	829	829	589	589	182	182	17	17	347239	347239	75290	75290	66	66	24	24	28	28	306	306	21471	21471	439	439	73	73	240	240	491	491	501	501
IND00462	1219	1219	92	92	143	143	855	855	2568	2568	815	815	13	13	91	91	2612	2612	5404	5404	184	184	214	214	15	15	15	15	7568	7568	3626	3626	1870	1870	1302	1302	73	73	63	63	49	49	88	88	63	63	8	8	6409	6409	7527	7527	38	38	190	190	912	912	137	137	23	23	1	1	2159	2159	331	331	270	270	144	144	5501	5501	7826	7826	3	3	14	14	2	2	10	10	101	101	109	109	160	160	34	34	1580	1580	1717	1717	540	540	1561	1561	3528	3528	4336	4336	225	225	236	236	2703	2703	170	170	26	26	7	7	469	469	1598	1598	3627	3627	1316	1316	9	9	30	30	50	50	61	61	98	98	93	93	973	973	2426	2426	182	182	132	132	257	257	648	648	644260	644260	2125250	2125250	15584	15584	15954	15954	388	388	203	203	28276	28276	3758	3758	133	133	57	57	81	81	877	877	169	169	189	189	294748	294748	70756	70756	248	248	83	83	117	117	445	445	30721	30721	8365	8365	30	30	11	11	425	425	70	70
IND00463	250	250	906	906	937	937	820	820	7112	7112	3541	3541	38	38	123	123	10629	10629	6141	6141	205	205	178	178	45	45	19	19	7892	7892	5781	5781	1150	1150	414	414	7	7	39	39	22	22	19	19	8	8	34	34	7846	7846	8130	8130	139	139	1	1	184	184	329	329	24	24	14	14	4980	4980	7728	7728	46	46	179	179	5883	5883	2417	2417	2	2	13	13	1	1	1	1	62	62	64	64	1055	1055	1504	1504	3868	3868	1803	1803	804	804	3	3	2905	2905	4401	4401	116	116	154	154	2779	2779	771	771	17	17	95	95	237	237	1636	1636	3590	3590	1213	1213	19	19	9	9	60	60	46	46	14	14	66	66	704	704	4076	4076	63	63	37	37	404	404	89	89	4103913	4103913	227603	227603	12626	12626	1865	1865	231	231	295	295	13527	13527	7151	7151	58	58	173	173	57	57	56	56	69	69	21	21	504994	504994	193124	193124	133	133	82	82	461	461	407	407	6222	6222	25646	25646	197	197	111	111	267	267	296	296
IND00464	1059	1059	1417	1417	986	986	869	869	6330	6330	1390	1390	23	23	62	62	1659	1659	15297	15297	41	41	203	203	2	2	40	40	8170	8170	5966	5966	416	416	1710	1710	15	15	95	95	123	123	37	37	39	39	49	49	6230	6230	3027	3027	197	197	239	239	370	370	666	666	32	32	25	25	7770	7770	4497	4497	259	259	183	183	7186	7186	1800	1800	7	7	11	11	12	12	5	5	73	73	55	55	1088	1088	1499	1499	1072	1072	4068	4068	885	885	526	526	7602	7602	7761	7761	192	192	86	86	2421	2421	1510	1510	213	213	94	94	329	329	409	409	2118	2118	1320	1320	17	17	10	10	84	84	128	128	32	32	81	81	1238	1238	2175	2175	249	249	126	126	741	741	134	134	337054	337054	3904105	3904105	6960	6960	13903	13903	46	46	505	505	6837	6837	23362	23362	31	31	40	40	94	94	182	182	72	72	189	189	253053	253053	91866	91866	58	58	64	64	280	280	282	282	16494	16494	19634	19634	179	179	129	129	53	53	318	318
IND00465	1642	1642	1985	1985	264	264	979	979	4734	4734	4460	4460	35	35	10	10	7488	7488	1469	1469	37	37	51	51	3	3	57	57	1514	1514	1331	1331	1045	1045	1473	1473	49	49	83	83	89	89	91	91	20	20	34	34	126	126	1214	1214	59	59	111	111	264	264	491	491	11	11	25	25	7293	7293	8106	8106	465	465	216	216	5124	5124	6835	6835	14	14	15	15	8	8	16	16	46	46	77	77	780	780	1629	1629	1686	1686	946	946	1741	1741	522	522	2514	2514	6717	6717	115	115	119	119	3367	3367	2932	2932	18	18	110	110	979	979	1759	1759	1471	1471	3190	3190	5	5	27	27	18	18	5	5	20	20	4	4	532	532	3412	3412	32	32	250	250	894	894	560	560	1993523	1993523	208532	208532	13349	13349	11717	11717	138	138	397	397	20455	20455	169	169	253	253	91	91	348	348	927	927	135	135	107	107	333486	333486	360568	360568	167	167	32	32	38	38	35	35	27940	27940	20024	20024	224	224	36	36	262	262	34	34
IND00466	1822	1822	421	421	123	123	934	934	781	781	5416	5416	120	120	113	113	1958	1958	12055	12055	223	223	87	87	51	51	64	64	2833	2833	182	182	1311	1311	599	599	85	85	21	21	107	107	18	18	23	23	4	4	7975	7975	5614	5614	81	81	245	245	395	395	55	55	6	6	6	6	7543	7543	7651	7651	76	76	304	304	6328	6328	4829	4829	6	6	5	5	16	16	9	9	65	65	17	17	33	33	1512	1512	2960	2960	2804	2804	1916	1916	1816	1816	2165	2165	7313	7313	131	131	113	113	1853	1853	2445	2445	38	38	172	172	374	374	1854	1854	3280	3280	2330	2330	1	1	14	14	43	43	11	11	112	112	89	89	2594	2594	182	182	14	14	235	235	658	658	555	555	3025787	3025787	4032979	4032979	12665	12665	12804	12804	427	427	487	487	30398	30398	27989	27989	242	242	173	173	453	453	226	226	126	126	169	169	323496	323496	265564	265564	252	252	159	159	381	381	490	490	1417	1417	11564	11564	159	159	79	79	419	419	294	294
IND00467	941	941	1195	1195	934	934	80	80	7874	7874	7797	7797	57	57	11	11	2114	2114	331	331	49	49	111	111	57	57	23	23	1457	1457	7095	7095	1992	1992	1744	1744	77	77	7	7	84	84	15	15	8	8	61	61	5304	5304	3940	3940	241	241	17	17	839	839	664	664	12	12	18	18	1541	1541	1765	1765	201	201	386	386	4394	4394	4407	4407	14	14	11	11	6	6	9	9	6	6	3	3	1834	1834	686	686	2348	2348	3896	3896	1184	1184	68	68	2169	2169	4726	4726	233	233	234	234	2103	2103	1234	1234	161	161	255	255	559	559	1702	1702	2052	2052	3484	3484	12	12	17	17	69	69	46	46	111	111	80	80	3852	3852	881	881	141	141	236	236	355	355	927	927	1912499	1912499	2544045	2544045	14330	14330	11185	11185	52	52	339	339	6824	6824	20301	20301	8	8	97	97	107	107	917	917	17	17	128	128	321140	321140	331110	331110	175	175	250	250	224	224	192	192	30187	30187	7379	7379	52	52	85	85	24	24	197	197
IND00468	527	527	1121	1121	432	432	567	567	6633	6633	7665	7665	84	84	97	97	809	809	9166	9166	133	133	190	190	11	11	28	28	4742	4742	4707	4707	711	711	573	573	128	128	81	81	27	27	47	47	39	39	28	28	7999	7999	4453	4453	8	8	103	103	698	698	76	76	21	21	28	28	3203	3203	5588	5588	450	450	438	438	8172	8172	4879	4879	12	12	14	14	4	4	15	15	69	69	119	119	1764	1764	1594	1594	2181	2181	1680	1680	279	279	1738	1738	2045	2045	2350	2350	63	63	176	176	1721	1721	1292	1292	209	209	223	223	140	140	1356	1356	1738	1738	2452	2452	17	17	32	32	112	112	104	104	128	128	118	118	3570	3570	2753	2753	164	164	234	234	231	231	859	859	4098530	4098530	1346180	1346180	8447	8447	676	676	15	15	386	386	9403	9403	7405	7405	121	121	234	234	234	234	341	341	248	248	42	42	416384	416384	513480	513480	152	152	76	76	253	253	79	79	12067	12067	26565	26565	244	244	205	205	34	34	107	107
IND00469	902	902	1890	1890	291	291	507	507	1188	1188	7904	7904	108	108	98	98	8405	8405	14635	14635	245	245	60	60	24	24	33	33	966	966	5974	5974	488	488	411	411	39	39	83	83	25	25	15	15	47	47	41	41	5967	5967	2083	2083	113	113	98	98	582	582	163	163	12	12	9	9	883	883	5437	5437	100	100	472	472	1778	1778	1706	1706	6	6	14	14	13	13	13	13	74	74	4	4	825	825	1329	1329	254	254	3437	3437	1845	1845	561	561	371	371	323	323	89	89	158	158	1326	1326	2290	2290	234	234	32	32	1051	1051	1550	1550	1245	1245	2599	2599	20	20	20	20	30	30	41	41	63	63	54	54	3152	3152	1684	1684	184	184	138	138	911	911	154	154	2461309	2461309	4116181	4116181	10610	10610	3809	3809	33	33	317	317	19551	19551	18966	18966	14	14	97	97	218	218	783	783	95	95	43	43	478092	478092	70397	70397	225	225	159	159	400	400	421	421	25388	25388	13143	13143	157	157	216	216	127	127	142	142
IND00470	829	829	722	722	765	765	749	749	443	443	2912	2912	96	96	15	15	1466	1466	12894	12894	223	223	234	234	46	46	42	42	1868	1868	2912	2912	1003	1003	1993	1993	127	127	12	12	3	3	111	111	28	28	56	56	5804	5804	4961	4961	40	40	202	202	464	464	150	150	26	26	12	12	3099	3099	1902	1902	270	270	207	207	4668	4668	3298	3298	8	8	7	7	16	16	7	7	124	124	123	123	1037	1037	1723	1723	619	619	1504	1504	428	428	563	563	6222	6222	5019	5019	73	73	75	75	3957	3957	271	271	242	242	19	19	1831	1831	1965	1965	1257	1257	425	425	17	17	14	14	102	102	3	3	57	57	53	53	240	240	3256	3256	224	224	55	55	887	887	280	280	3388239	3388239	2946350	2946350	12697	12697	14523	14523	360	360	379	379	1360	1360	2639	2639	215	215	148	148	472	472	601	601	46	46	227	227	188025	188025	367808	367808	99	99	181	181	280	280	291	291	31074	31074	7185	7185	41	41	214	214	118	118	209	209
IND00471	1482	1482	1779	1779	450	450	240	240	1612	1612	7836	7836	21	21	88	88	6495	6495	5258	5258	242	242	43	43	22	22	35	35	4327	4327	2979	2979	959	959	1685	1685	53	53	32	32	34	34	37	37	33	33	59	59	3806	3806	5585	5585	116	116	161	161	899	899	287	287	1	1	26	26	5202	5202	7234	7234	179	179	471	471	3869	3869	2896	2896	3	3	8	8	10	10	16	16	27	27	109	109	233	233	499	499	2625	2625	1210	1210	1215	1215	678	678	1598	1598	7638	7638	150	150	24	24	540	540	824	824	47	47	62	62	545	545	556	556	1629	1629	352	352	13	13	14	14	55	55	127	127	67	67	91	91	173	173	1727	1727	162	162	56	56	820	820	576	576	872130	872130	3584922	3584922	9110	9110	7302	7302	482	482	82	82	17413	17413	2643	2643	42	42	36	36	907	907	443	443	49	49	128	128	158488	158488	81254	81254	75	75	84	84	5	5	168	168	7246	7246	13616	13616	203	203	202	202	86	86	405	405
IND00472	518	518	96	96	186	186	882	882	7843	7843	1268	1268	57	57	55	55	10905	10905	14090	14090	100	100	21	21	9	9	3	3	4788	4788	5900	5900	508	508	999	999	8	8	80	80	98	98	83	83	33	33	26	26	615	615	4429	4429	34	34	195	195	158	158	248	248	30	30	26	26	6972	6972	6015	6015	459	459	495	495	1205	1205	5573	5573	13	13	10	10	5	5	13	13	8	8	23	23	1734	1734	1914	1914	1842	1842	3166	3166	1217	1217	1825	1825	7422	7422	5593	5593	135	135	49	49	3379	3379	2628	2628	143	143	254	254	490	490	572	572	1722	1722	576	576	23	23	29	29	78	78	11	11	114	114	87	87	3887	3887	1886	1886	144	144	233	233	93	93	370	370	929802	929802	528338	528338	13767	13767	1257	1257	28	28	216	216	4089	4089	932	932	177	177	36	36	795	795	725	725	132	132	35	35	247620	247620	435979	435979	216	216	115	115	260	260	347	347	28802	28802	22107	22107	31	31	111	111	276	276	153	153
IND00473	1878	1878	1822	1822	808	808	752	752	7173	7173	971	971	29	29	64	64	14337	14337	14037	14037	251	251	6	6	3	3	49	49	804	804	2365	2365	754	754	1513	1513	6	6	50	50	5	5	109	109	34	34	60	60	3563	3563	5471	5471	62	62	171	171	110	110	471	471	20	20	28	28	3919	3919	5864	5864	415	415	330	330	643	643	661	661	6	6	3	3	15	15	3	3	19	19	78	78	550	550	936	936	2895	2895	803	803	1441	1441	506	506	5172	5172	7318	7318	15	15	196	196	2710	2710	203	203	51	51	220	220	1136	1136	1234	1234	3153	3153	894	894	18	18	13	13	2	2	8	8	109	109	83	83	901	901	3690	3690	48	48	193	193	441	441	524	524	1528155	1528155	556022	556022	11442	11442	949	949	179	179	66	66	8165	8165	8310	8310	20	20	168	168	130	130	651	651	233	233	121	121	184588	184588	50115	50115	4	4	94	94	271	271	138	138	18646	18646	11952	11952	174	174	28	28	241	241	71	71
IND00474	1170	1170	1865	1865	327	327	28	28	3415	3415	4248	4248	32	32	91	91	1463	1463	1981	1981	102	102	92	92	3	3	34	34	6500	6500	5815	5815	216	216	1141	1141	14	14	121	121	110	110	87	87	55	55	21	21	7933	7933	1182	1182	72	72	129	129	431	431	228	228	9	9	13	13	1779	1779	7525	7525	361	361	511	511	2292	2292	180	180	8	8	14	14	14	14	11	11	26	26	106	106	1251	1251	1461	1461	1213	1213	402	402	1406	1406	1081	1081	1010	1010	892	892	208	208	68	68	3259	3259	867	867	16	16	234	234	430	430	320	320	2163	2163	2519	2519	20	20	12	12	63	63	48	48	5	5	77	77	2583	2583	3345	3345	208	208	153	153	239	239	490	490	382245	382245	2940150	2940150	10055	10055	1561	1561	343	343	132	132	12282	12282	3786	3786	37	37	135	135	971	971	912	912	95	95	183	183	60176	60176	237058	237058	153	153	14	14	83	83	183	183	6269	6269	12861	12861	234	234	1	1	117	117	77	77
IND00475	1860	1860	142	142	182	182	654	654	3180	3180	2471	2471	24	24	57	57	2395	2395	898	898	193	193	251	251	46	46	25	25	6599	6599	6408	6408	214	214	850	850	112	112	63	63	121	121	25	25	2	2	38	38	2919	2919	3009	3009	175	175	90	90	614	614	896	896	19	19	2	2	5242	5242	3085	3085	478	478	130	130	4457	4457	6223	6223	1	1	11	11	2	2	8	8	65	65	98	98	1240	1240	1549	1549	3199	3199	73	73	120	120	956	956	6708	6708	1342	1342	216	216	104	104	950	950	1537	1537	158	158	191	191	1894	1894	1114	1114	3798	3798	2554	2554	10	10	24	24	86	86	95	95	55	55	89	89	2842	2842	2509	2509	216	216	225	225	838	838	746	746	3970099	3970099	605843	605843	8830	8830	12891	12891	119	119	272	272	2936	2936	6163	6163	225	225	194	194	249	249	344	344	12	12	41	41	385790	385790	388393	388393	14	14	154	154	171	171	229	229	2346	2346	28575	28575	74	74	200	200	300	300	485	485
IND00476	578	578	1857	1857	657	657	802	802	8041	8041	5343	5343	12	12	1	1	2629	2629	5365	5365	229	229	240	240	34	34	11	11	2512	2512	7960	7960	561	561	1768	1768	14	14	94	94	81	81	65	65	47	47	41	41	6476	6476	5896	5896	179	179	59	59	560	560	621	621	31	31	3	3	2721	2721	824	824	473	473	375	375	7787	7787	7688	7688	2	2	16	16	6	6	7	7	43	43	1	1	1002	1002	1007	1007	3467	3467	3396	3396	169	169	1449	1449	2008	2008	4570	4570	184	184	248	248	1073	1073	2934	2934	56	56	86	86	879	879	1605	1605	2363	2363	3754	3754	31	31	14	14	76	76	50	50	83	83	54	54	263	263	3990	3990	73	73	8	8	919	919	163	163	875283	875283	2797658	2797658	10749	10749	9940	9940	48	48	197	197	31574	31574	30420	30420	208	208	197	197	749	749	914	914	201	201	213	213	194340	194340	512275	512275	44	44	108	108	390	390	369	369	15264	15264	25343	25343	140	140	172	172	173	173	232	232
IND00477	552	552	482	482	234	234	570	570	5543	5543	4908	4908	95	95	29	29	8105	8105	5033	5033	128	128	170	170	54	54	49	49	5421	5421	6640	6640	79	79	1831	1831	28	28	5	5	1	1	82	82	12	12	2	2	2662	2662	6367	6367	106	106	2	2	575	575	863	863	15	15	1	1	1108	1108	5288	5288	273	273	284	284	7281	7281	5483	5483	13	13	11	11	3	3	1	1	128	128	27	27	49	49	1985	1985	1151	1151	4038	4038	1576	1576	2018	2018	3426	3426	2302	2302	212	212	4	4	545	545	1221	1221	172	172	132	132	1025	1025	1216	1216	3857	3857	1991	1991	6	6	6	6	60	60	65	65	128	128	11	11	2341	2341	3412	3412	199	199	190	190	935	935	355	355	600596	600596	266190	266190	10183	10183	13986	13986	48	48	230	230	17894	17894	27766	27766	19	19	4	4	570	570	666	666	85	85	20	20	489123	489123	368783	368783	235	235	82	82	429	429	441	441	2097	2097	3710	3710	51	51	227	227	182	182	270	270
IND00478	892	892	407	407	76	76	124	124	3438	3438	4025	4025	82	82	70	70	2790	2790	13244	13244	204	204	174	174	42	42	13	13	7007	7007	7706	7706	319	319	624	624	111	111	108	108	29	29	33	33	28	28	40	40	3545	3545	1087	1087	36	36	218	218	364	364	293	293	25	25	27	27	276	276	3805	3805	26	26	280	280	2659	2659	7542	7542	2	2	6	6	8	8	3	3	10	10	36	36	766	766	1658	1658	3106	3106	2225	2225	1965	1965	487	487	932	932	5055	5055	173	173	141	141	314	314	1398	1398	173	173	30	30	13	13	1441	1441	2236	2236	3057	3057	20	20	1	1	9	9	1	1	44	44	54	54	1707	1707	2813	2813	40	40	9	9	677	677	728	728	3973175	3973175	921914	921914	6550	6550	689	689	156	156	67	67	21136	21136	19405	19405	187	187	35	35	852	852	968	968	160	160	83	83	181956	181956	40752	40752	82	82	192	192	459	459	77	77	11043	11043	10400	10400	36	36	115	115	509	509	111	111
IND00479	451	451	1528	1528	42	42	888	888	5539	5539	2536	2536	33	33	113	113	5779	5779	7328	7328	19	19	29	29	60	60	39	39	6314	6314	4325	4325	1948	1948	1715	1715	107	107	79	79	39	39	12	12	11	11	51	51	3097	3097	265	265	21	21	177	177	235	235	284	284	21	21	10	10	6216	6216	4850	4850	224	224	195	195	7094	7094	49	49	11	11	13	13	14	14	11	11	64	64	4	4	757	757	1485	1485	3595	3595	577	577	365	365	904	904	2385	2385	7333	7333	1	1	123	123	1097	1097	3117	3117	185	185	180	180	1677	1677	384	384	2649	2649	2671	2671	6	6	20	20	9	9	58	58	108	108	41	41	1193	1193	3068	3068	13	13	55	55	466	466	879	879	1859247	1859247	510552	510552	15673	15673	13979	13979	249	249	281	281	7293	7293	29734	29734	236	236	70	70	494	494	359	359	67	67	129	129	421620	421620	372438	372438	210	210	30	30	352	352	241	241	4010	4010	15028	15028	248	248	193	193	490	490	181	181
IND00480	54	54	740	740	949	949	359	359	7743	7743	4017	4017	99	99	105	105	13519	13519	1663	1663	78	78	34	34	52	52	51	51	1204	1204	5216	5216	302	302	58	58	15	15	118	118	50	50	79	79	29	29	59	59	788	788	4645	4645	23	23	121	121	875	875	142	142	5	5	1	1	626	626	3903	3903	13	13	175	175	5061	5061	2908	2908	10	10	8	8	12	12	15	15	70	70	55	55	1013	1013	917	917	3828	3828	390	390	553	553	1203	1203	144	144	3741	3741	12	12	9	9	2069	2069	1884	1884	210	210	128	128	1726	1726	1736	1736	1150	1150	2477	2477	19	19	3	3	25	25	30	30	65	65	50	50	2240	2240	1725	1725	73	73	29	29	476	476	493	493	2740458	2740458	222743	222743	3481	3481	13612	13612	392	392	142	142	21557	21557	27555	27555	197	197	154	154	911	911	722	722	32	32	29	29	44938	44938	64733	64733	77	77	124	124	145	145	266	266	12692	12692	9230	9230	91	91	241	241	443	443	164	164
IND00481	1208	1208	1486	1486	757	757	729	729	4350	4350	7347	7347	59	59	24	24	4423	4423	7619	7619	178	178	101	101	29	29	48	48	7049	7049	6907	6907	1598	1598	674	674	76	76	47	47	33	33	123	123	6	6	61	61	3128	3128	1099	1099	158	158	120	120	303	303	652	652	16	16	3	3	7881	7881	7013	7013	406	406	339	339	6318	6318	1655	1655	8	8	10	10	1	1	11	11	12	12	105	105	1259	1259	1655	1655	3155	3155	3348	3348	512	512	1838	1838	865	865	1992	1992	30	30	34	34	1479	1479	566	566	28	28	208	208	776	776	509	509	2677	2677	1923	1923	22	22	1	1	25	25	80	80	52	52	114	114	2795	2795	2937	2937	237	237	18	18	526	526	83	83	3184253	3184253	4072053	4072053	13684	13684	3117	3117	61	61	494	494	3649	3649	5656	5656	246	246	94	94	943	943	949	949	136	136	171	171	390013	390013	13787	13787	163	163	254	254	148	148	132	132	24665	24665	6064	6064	101	101	202	202	338	338	282	282
IND00482	1801	1801	1911	1911	54	54	443	443	7040	7040	6300	6300	105	105	24	24	1804	1804	11083	11083	24	24	29	29	24	24	58	58	6487	6487	2788	2788	178	178	1837	1837	26	26	85	85	106	106	108	108	27	27	3	3	6744	6744	4787	4787	22	22	69	69	105	105	608	608	19	19	16	16	2523	2523	4975	4975	190	190	60	60	3780	3780	349	349	13	13	4	4	8	8	15	15	30	30	24	24	570	570	1627	1627	2169	2169	2225	2225	776	776	1705	1705	1323	1323	4448	4448	210	210	236	236	1708	1708	1762	1762	235	235	191	191	1586	1586	939	939	1873	1873	2214	2214	24	24	25	25	12	12	44	44	33	33	85	85	1725	1725	2612	2612	48	48	19	19	515	515	435	435	95872	95872	1842608	1842608	3211	3211	5980	5980	364	364	315	315	5840	5840	18630	18630	149	149	255	255	42	42	174	174	66	66	146	146	199199	199199	462335	462335	60	60	5	5	291	291	290	290	25543	25543	2584	2584	9	9	146	146	88	88	505	505
IND00483	391	391	2015	2015	899	899	703	703	4331	4331	2474	2474	64	64	63	63	8231	8231	8521	8521	130	130	96	96	23	23	41	41	4825	4825	4029	4029	35	35	1627	1627	71	71	90	90	93	93	16	16	25	25	27	27	4282	4282	6814	6814	136	136	163	163	288	288	564	564	19	19	31	31	5295	5295	3659	3659	221	221	76	76	7907	7907	651	651	15	15	13	13	15	15	15	15	84	84	88	88	1935	1935	721	721	3303	3303	346	346	1985	1985	1834	1834	155	155	2912	2912	194	194	102	102	3329	3329	3207	3207	149	149	55	55	139	139	1030	1030	205	205	1558	1558	4	4	16	16	101	101	23	23	72	72	77	77	727	727	40	40	7	7	225	225	961	961	762	762	2151227	2151227	3526133	3526133	12935	12935	7809	7809	450	450	142	142	16102	16102	21789	21789	129	129	104	104	118	118	696	696	129	129	24	24	295073	295073	375120	375120	192	192	215	215	446	446	322	322	16388	16388	3915	3915	10	10	220	220	228	228	168	168
IND00484	292	292	62	62	194	194	84	84	3023	3023	2861	2861	71	71	103	103	8540	8540	2179	2179	221	221	16	16	30	30	6	6	7945	7945	4219	4219	1137	1137	1974	1974	55	55	37	37	88	88	29	29	3	3	1	1	6350	6350	1011	1011	194	194	218	218	941	941	163	163	15	15	23	23	1460	1460	3255	3255	54	54	40	40	5191	5191	6032	6032	5	5	10	10	8	8	9	9	124	124	121	121	244	244	1335	1335	2702	2702	542	542	1602	1602	1514	1514	3074	3074	7509	7509	11	11	90	90	2100	2100	347	347	36	36	115	115	338	338	916	916	2310	2310	3248	3248	9	9	2	2	54	54	99	99	27	27	45	45	3808	3808	2183	2183	143	143	143	143	872	872	709	709	2085898	2085898	635798	635798	7734	7734	9811	9811	407	407	78	78	8095	8095	10167	10167	203	203	216	216	439	439	125	125	181	181	171	171	284512	284512	486679	486679	76	76	183	183	51	51	209	209	32594	32594	28747	28747	209	209	164	164	308	308	467	467
IND00485	12	12	1848	1848	975	975	444	444	6522	6522	5737	5737	115	115	39	39	14143	14143	3271	3271	157	157	175	175	6	6	49	49	6737	6737	1814	1814	1106	1106	573	573	126	126	31	31	82	82	42	42	21	21	54	54	4369	4369	7861	7861	243	243	100	100	797	797	903	903	3	3	3	3	599	599	2950	2950	405	405	360	360	2409	2409	4477	4477	11	11	9	9	13	13	2	2	80	80	105	105	2043	2043	51	51	969	969	4082	4082	776	776	1206	1206	67	67	917	917	185	185	28	28	3881	3881	1370	1370	11	11	242	242	9	9	1267	1267	2257	2257	2896	2896	4	4	13	13	9	9	72	72	112	112	2	2	3935	3935	2984	2984	141	141	40	40	936	936	607	607	1057749	1057749	432940	432940	3800	3800	7978	7978	363	363	366	366	3052	3052	17104	17104	214	214	214	214	307	307	510	510	171	171	133	133	368787	368787	226854	226854	43	43	236	236	148	148	178	178	12699	12699	28647	28647	17	17	41	41	319	319	132	132
IND00486	1245	1245	1282	1282	66	66	694	694	3802	3802	6474	6474	10	10	4	4	9125	9125	5500	5500	129	129	166	166	21	21	8	8	1534	1534	1237	1237	902	902	1612	1612	119	119	18	18	80	80	68	68	11	11	49	49	3127	3127	1188	1188	198	198	130	130	490	490	314	314	14	14	15	15	8108	8108	5259	5259	225	225	451	451	4284	4284	1775	1775	9	9	9	9	13	13	1	1	61	61	80	80	453	453	440	440	1437	1437	1211	1211	1015	1015	1073	1073	4145	4145	8074	8074	15	15	81	81	1107	1107	1187	1187	141	141	77	77	126	126	2002	2002	995	995	25	25	28	28	13	13	31	31	63	63	85	85	33	33	2174	2174	890	890	91	91	31	31	366	366	1005	1005	3154128	3154128	2514273	2514273	920	920	5496	5496	156	156	495	495	9907	9907	17055	17055	212	212	233	233	421	421	274	274	61	61	165	165	191998	191998	264303	264303	177	177	80	80	74	74	376	376	28293	28293	30832	30832	205	205	224	224	229	229	445	445
IND00487	275	275	1682	1682	343	343	826	826	8094	8094	389	389	58	58	87	87	5620	5620	9448	9448	196	196	128	128	39	39	4	4	2808	2808	5035	5035	1536	1536	74	74	13	13	75	75	115	115	24	24	46	46	43	43	4861	4861	7150	7150	64	64	106	106	92	92	873	873	5	5	3	3	1066	1066	6423	6423	21	21	442	442	5461	5461	5424	5424	8	8	1	1	5	5	12	12	123	123	5	5	871	871	1229	1229	1440	1440	3712	3712	1653	1653	159	159	3107	3107	7519	7519	151	151	60	60	3371	3371	943	943	60	60	29	29	778	778	1577	1577	1544	1544	1885	1885	31	31	21	21	55	55	47	47	78	78	1	1	2824	2824	2667	2667	121	121	129	129	654	654	30	30	1635797	1635797	1718124	1718124	12337	12337	8775	8775	333	333	160	160	11455	11455	12003	12003	95	95	194	194	385	385	314	314	202	202	95	95	217727	217727	212302	212302	117	117	64	64	400	400	89	89	24670	24670	4525	4525	123	123	32	32	34	34	62	62
IND00488	264	264	804	804	254	254	296	296	2754	2754	3183	3183	38	38	9	9	9610	9610	9805	9805	247	247	137	137	61	61	1	1	7517	7517	1954	1954	899	899	134	134	33	33	74	74	65	65	94	94	60	60	10	10	3873	3873	6780	6780	165	165	219	219	552	552	1014	1014	4	4	4	4	3534	3534	2748	2748	275	275	181	181	196	196	7946	7946	9	9	5	5	7	7	2	2	45	45	71	71	388	388	1108	1108	564	564	639	639	1378	1378	1880	1880	6558	6558	6362	6362	49	49	28	28	2147	2147	1375	1375	228	228	34	34	20	20	1355	1355	1990	1990	2813	2813	8	8	17	17	10	10	69	69	126	126	79	79	3713	3713	193	193	73	73	20	20	396	396	899	899	797786	797786	2034298	2034298	13350	13350	1203	1203	179	179	225	225	29749	29749	2071	2071	124	124	167	167	683	683	967	967	43	43	12	12	111223	111223	400109	400109	137	137	16	16	104	104	172	172	26045	26045	13950	13950	10	10	217	217	203	203	267	267
IND00489	697	697	647	647	822	822	484	484	1793	1793	7775	7775	50	50	115	115	10163	10163	15595	15595	246	246	181	181	29	29	64	64	7228	7228	835	835	599	599	1648	1648	52	52	60	60	84	84	88	88	14	14	25	25	5191	5191	2218	2218	36	36	162	162	788	788	832	832	8	8	8	8	3077	3077	362	362	196	196	430	430	403	403	232	232	5	5	16	16	10	10	13	13	85	85	123	123	775	775	1599	1599	3240	3240	2943	2943	441	441	1790	1790	848	848	2880	2880	198	198	4	4	633	633	1940	1940	43	43	156	156	554	554	1288	1288	2832	2832	2125	2125	5	5	10	10	39	39	12	12	47	47	14	14	851	851	2856	2856	160	160	162	162	851	851	379	379	4128667	4128667	1964640	1964640	2452	2452	12069	12069	268	268	281	281	10609	10609	30835	30835	135	135	151	151	379	379	834	834	176	176	230	230	236082	236082	132505	132505	174	174	130	130	126	126	394	394	19417	19417	10141	10141	90	90	150	150	468	468	4	4
IND00490	174	174	1317	1317	672	672	452	452	4957	4957	7853	7853	42	42	11	11	15217	15217	12057	12057	97	97	20	20	32	32	31	31	4524	4524	2310	2310	978	978	1220	1220	47	47	107	107	30	30	3	3	18	18	55	55	317	317	4044	4044	70	70	185	185	820	820	936	936	25	25	32	32	3421	3421	4268	4268	428	428	80	80	4290	4290	1171	1171	10	10	1	1	4	4	10	10	1	1	31	31	445	445	1420	1420	2467	2467	2067	2067	876	876	363	363	6297	6297	747	747	12	12	88	88	1594	1594	1238	1238	91	91	103	103	290	290	1846	1846	640	640	1848	1848	27	27	19	19	113	113	110	110	119	119	37	37	2747	2747	1935	1935	184	184	30	30	619	619	784	784	329684	329684	3629920	3629920	3968	3968	12162	12162	264	264	347	347	21857	21857	31768	31768	62	62	250	250	366	366	1010	1010	185	185	193	193	501835	501835	26769	26769	26	26	9	9	123	123	479	479	7016	7016	29490	29490	207	207	241	241	68	68	499	499
IND00491	171	171	1083	1083	323	323	517	517	4724	4724	1945	1945	41	41	35	35	6109	6109	11243	11243	122	122	31	31	25	25	49	49	776	776	3683	3683	1504	1504	599	599	1	1	34	34	34	34	53	53	17	17	44	44	2202	2202	4334	4334	79	79	166	166	593	593	515	515	16	16	14	14	1976	1976	1023	1023	471	471	282	282	1381	1381	49	49	4	4	11	11	2	2	11	11	26	26	99	99	266	266	9	9	3837	3837	1027	1027	59	59	260	260	4231	4231	6960	6960	185	185	44	44	716	716	1898	1898	99	99	109	109	1183	1183	1467	1467	3775	3775	1892	1892	17	17	8	8	42	42	55	55	114	114	65	65	1945	1945	2416	2416	183	183	107	107	865	865	234	234	515696	515696	3509646	3509646	13428	13428	5043	5043	149	149	450	450	22844	22844	8155	8155	115	115	109	109	1002	1002	469	469	237	237	36	36	428215	428215	312209	312209	93	93	117	117	122	122	189	189	4495	4495	28709	28709	73	73	132	132	362	362	210	210
IND00492	1294	1294	267	267	550	550	743	743	7121	7121	363	363	24	24	42	42	14979	14979	12977	12977	251	251	255	255	8	8	16	16	2178	2178	5782	5782	1608	1608	1402	1402	18	18	13	13	96	96	128	128	42	42	23	23	5121	5121	4244	4244	40	40	7	7	654	654	515	515	28	28	28	28	3028	3028	5564	5564	491	491	188	188	2769	2769	4764	4764	10	10	2	2	12	12	7	7	78	78	80	80	1157	1157	1813	1813	3399	3399	2117	2117	187	187	1192	1192	5278	5278	4885	4885	89	89	212	212	3187	3187	3949	3949	7	7	97	97	1814	1814	711	711	1455	1455	3708	3708	22	22	3	3	19	19	2	2	50	50	112	112	992	992	458	458	127	127	135	135	648	648	1001	1001	2887830	2887830	924281	924281	9111	9111	991	991	223	223	329	329	1969	1969	20525	20525	48	48	17	17	109	109	698	698	250	250	9	9	34329	34329	12066	12066	148	148	21	21	336	336	363	363	4890	4890	1805	1805	14	14	143	143	320	320	463	463
IND00493	782	782	1733	1733	107	107	264	264	4896	4896	6134	6134	98	98	84	84	9418	9418	2358	2358	37	37	124	124	47	47	51	51	944	944	4826	4826	1259	1259	1405	1405	105	105	125	125	44	44	1	1	58	58	39	39	6774	6774	2032	2032	21	21	33	33	1013	1013	665	665	21	21	18	18	1024	1024	6447	6447	434	434	339	339	1253	1253	3854	3854	5	5	11	11	10	10	16	16	8	8	52	52	186	186	650	650	2893	2893	1381	1381	1580	1580	111	111	3836	3836	5398	5398	94	94	98	98	4029	4029	2452	2452	145	145	47	47	1352	1352	85	85	2061	2061	1501	1501	11	11	5	5	56	56	55	55	80	80	26	26	1047	1047	167	167	251	251	161	161	137	137	295	295	433579	433579	1899625	1899625	14770	14770	14255	14255	331	331	151	151	9497	9497	11132	11132	226	226	197	197	209	209	424	424	124	124	169	169	106510	106510	510378	510378	242	242	157	157	302	302	359	359	3617	3617	23675	23675	49	49	85	85	176	176	151	151
IND00494	220	220	352	352	580	580	85	85	335	335	3944	3944	102	102	48	48	14757	14757	16298	16298	191	191	193	193	62	62	37	37	3898	3898	3967	3967	1843	1843	133	133	126	126	40	40	64	64	118	118	22	22	22	22	5357	5357	844	844	118	118	23	23	943	943	764	764	19	19	11	11	8088	8088	5699	5699	231	231	71	71	4925	4925	2619	2619	1	1	5	5	8	8	12	12	43	43	40	40	1042	1042	1354	1354	864	864	811	811	1312	1312	1231	1231	4101	4101	7601	7601	24	24	195	195	2628	2628	3836	3836	101	101	177	177	1584	1584	208	208	1843	1843	2845	2845	22	22	12	12	11	11	119	119	11	11	9	9	3741	3741	3571	3571	4	4	23	23	55	55	910	910	3777616	3777616	1543836	1543836	12024	12024	14297	14297	283	283	2	2	5332	5332	32145	32145	195	195	48	48	4	4	259	259	83	83	152	152	85656	85656	40492	40492	107	107	46	46	73	73	85	85	13785	13785	27168	27168	162	162	216	216	284	284	172	172
IND00495	311	311	1370	1370	640	640	19	19	5900	5900	2925	2925	29	29	12	12	6307	6307	26	26	188	188	124	124	20	20	27	27	6710	6710	5323	5323	1412	1412	1363	1363	110	110	90	90	117	117	22	22	38	38	62	62	389	389	5608	5608	25	25	142	142	984	984	584	584	13	13	14	14	3355	3355	7751	7751	64	64	442	442	4321	4321	2271	2271	7	7	3	3	16	16	14	14	96	96	116	116	913	913	461	461	2827	2827	1170	1170	1776	1776	463	463	5350	5350	4204	4204	170	170	239	239	1952	1952	1754	1754	45	45	163	163	600	600	1863	1863	2833	2833	78	78	2	2	29	29	106	106	14	14	92	92	16	16	282	282	2421	2421	56	56	79	79	651	651	803	803	2577636	2577636	3706244	3706244	8880	8880	13181	13181	113	113	93	93	30494	30494	9685	9685	232	232	145	145	123	123	381	381	113	113	192	192	473727	473727	417471	417471	67	67	118	118	168	168	488	488	6915	6915	25392	25392	115	115	6	6	229	229	392	392
IND00496	2010	2010	356	356	816	816	8	8	1554	1554	3876	3876	96	96	16	16	6528	6528	746	746	145	145	180	180	26	26	43	43	2360	2360	1718	1718	925	925	1497	1497	105	105	51	51	14	14	48	48	54	54	19	19	3538	3538	379	379	99	99	20	20	249	249	633	633	22	22	3	3	698	698	500	500	368	368	456	456	4128	4128	8170	8170	1	1	8	8	3	3	12	12	28	28	31	31	1681	1681	331	331	265	265	1247	1247	1995	1995	1782	1782	8033	8033	6401	6401	236	236	63	63	1905	1905	4001	4001	245	245	250	250	2043	2043	1991	1991	2599	2599	429	429	20	20	2	2	66	66	121	121	41	41	78	78	3090	3090	2241	2241	197	197	64	64	71	71	805	805	1771857	1771857	1857923	1857923	16031	16031	1726	1726	485	485	249	249	14941	14941	13353	13353	112	112	156	156	74	74	762	762	4	4	117	117	191198	191198	429791	429791	245	245	57	57	458	458	425	425	26668	26668	9099	9099	217	217	164	164	275	275	354	354
IND00497	502	502	1155	1155	816	816	60	60	2341	2341	2881	2881	30	30	72	72	14813	14813	7901	7901	219	219	241	241	59	59	42	42	4195	4195	3140	3140	1589	1589	1348	1348	106	106	74	74	47	47	71	71	53	53	58	58	1987	1987	6882	6882	115	115	70	70	63	63	718	718	11	11	27	27	467	467	4178	4178	328	328	134	134	7155	7155	4829	4829	15	15	6	6	1	1	5	5	76	76	8	8	993	993	576	576	4043	4043	3322	3322	89	89	844	844	145	145	5329	5329	108	108	73	73	3525	3525	2463	2463	126	126	215	215	343	343	847	847	3576	3576	3826	3826	32	32	32	32	62	62	6	6	103	103	84	84	1229	1229	3301	3301	163	163	122	122	72	72	571	571	1000127	1000127	2765686	2765686	3054	3054	3240	3240	260	260	480	480	6573	6573	20814	20814	146	146	79	79	510	510	429	429	191	191	7	7	192080	192080	309200	309200	131	131	120	120	495	495	444	444	21642	21642	30362	30362	173	173	220	220	74	74	64	64
IND00498	1297	1297	509	509	590	590	348	348	5843	5843	381	381	11	11	8	8	12614	12614	4735	4735	134	134	196	196	53	53	30	30	4048	4048	5605	5605	603	603	43	43	115	115	35	35	128	128	115	115	63	63	1	1	3717	3717	6536	6536	84	84	254	254	601	601	602	602	14	14	11	11	6392	6392	1004	1004	329	329	238	238	5383	5383	3077	3077	1	1	7	7	5	5	16	16	11	11	112	112	1482	1482	581	581	810	810	2430	2430	1456	1456	939	939	4104	4104	8105	8105	256	256	53	53	3436	3436	1938	1938	139	139	88	88	1545	1545	956	956	1950	1950	2277	2277	17	17	19	19	44	44	26	26	72	72	60	60	3863	3863	2007	2007	173	173	5	5	581	581	859	859	371350	371350	2038477	2038477	11463	11463	10939	10939	234	234	179	179	23479	23479	21136	21136	201	201	119	119	379	379	987	987	139	139	180	180	128921	128921	248422	248422	102	102	28	28	77	77	130	130	13896	13896	17392	17392	120	120	12	12	147	147	397	397
IND00499	1776	1776	1516	1516	827	827	704	704	3427	3427	6785	6785	80	80	118	118	6699	6699	1918	1918	34	34	50	50	23	23	26	26	4350	4350	4751	4751	1671	1671	913	913	77	77	124	124	43	43	3	3	61	61	61	61	7579	7579	978	978	195	195	126	126	656	656	6	6	14	14	12	12	6586	6586	4016	4016	333	333	66	66	7846	7846	6503	6503	2	2	12	12	11	11	4	4	112	112	69	69	896	896	966	966	1631	1631	3433	3433	1891	1891	182	182	5198	5198	4998	4998	227	227	238	238	1424	1424	1861	1861	181	181	202	202	746	746	1843	1843	2413	2413	3070	3070	3	3	20	20	79	79	69	69	121	121	81	81	2914	2914	707	707	131	131	220	220	461	461	282	282	2126249	2126249	508099	508099	4706	4706	6192	6192	423	423	147	147	24283	24283	16292	16292	40	40	78	78	579	579	898	898	189	189	146	146	349526	349526	34604	34604	129	129	196	196	1	1	415	415	20125	20125	12303	12303	102	102	2	2	118	118	507	507
IND00500	219	219	1295	1295	555	555	187	187	1222	1222	3171	3171	96	96	30	30	10684	10684	197	197	11	11	226	226	8	8	52	52	8057	8057	2383	2383	1470	1470	1489	1489	5	5	6	6	51	51	54	54	63	63	48	48	6343	6343	3542	3542	118	118	103	103	912	912	337	337	15	15	12	12	5301	5301	5479	5479	185	185	365	365	3031	3031	5319	5319	13	13	13	13	1	1	15	15	15	15	23	23	520	520	291	291	1918	1918	2459	2459	318	318	131	131	2419	2419	3228	3228	192	192	193	193	3860	3860	1788	1788	50	50	176	176	1853	1853	1211	1211	2607	2607	2181	2181	14	14	21	21	127	127	13	13	48	48	119	119	2692	2692	1268	1268	41	41	254	254	996	996	594	594	1518422	1518422	1805040	1805040	11760	11760	13745	13745	1	1	88	88	6001	6001	20393	20393	109	109	98	98	943	943	82	82	65	65	9	9	48840	48840	199553	199553	31	31	225	225	177	177	25	25	14801	14801	30598	30598	225	225	27	27	56	56	216	216
IND00501	1969	1969	1487	1487	927	927	536	536	1182	1182	6386	6386	20	20	90	90	12617	12617	10894	10894	233	233	1	1	26	26	35	35	7558	7558	6248	6248	1405	1405	266	266	15	15	14	14	3	3	128	128	5	5	63	63	907	907	197	197	229	229	138	138	1016	1016	552	552	10	10	32	32	1162	1162	5289	5289	160	160	383	383	7474	7474	1567	1567	14	14	12	12	14	14	15	15	128	128	43	43	1562	1562	398	398	1744	1744	506	506	1366	1366	817	817	814	814	4391	4391	98	98	108	108	3087	3087	1527	1527	99	99	252	252	677	677	928	928	996	996	1688	1688	20	20	31	31	17	17	20	20	93	93	99	99	3798	3798	1547	1547	34	34	232	232	752	752	781	781	2792355	2792355	1148947	1148947	630	630	11387	11387	405	405	196	196	14498	14498	17142	17142	164	164	45	45	729	729	363	363	31	31	157	157	419509	419509	279832	279832	52	52	222	222	366	366	485	485	7004	7004	23753	23753	137	137	251	251	116	116	377	377
IND00502	651	651	1592	1592	655	655	99	99	6417	6417	4041	4041	58	58	90	90	14020	14020	2980	2980	160	160	75	75	12	12	59	59	6845	6845	2341	2341	1566	1566	992	992	46	46	115	115	58	58	10	10	60	60	38	38	7089	7089	1189	1189	99	99	95	95	268	268	685	685	25	25	18	18	4626	4626	2048	2048	176	176	194	194	1220	1220	7940	7940	9	9	8	8	15	15	9	9	71	71	41	41	1889	1889	97	97	976	976	2363	2363	1543	1543	1202	1202	1771	1771	5031	5031	174	174	214	214	3558	3558	1818	1818	4	4	117	117	899	899	1908	1908	1709	1709	4007	4007	11	11	7	7	93	93	123	123	84	84	90	90	75	75	2601	2601	182	182	185	185	495	495	651	651	2726502	2726502	853911	853911	4659	4659	6482	6482	479	479	233	233	23559	23559	13505	13505	193	193	222	222	968	968	358	358	78	78	210	210	41822	41822	331290	331290	12	12	243	243	70	70	67	67	1695	1695	27276	27276	168	168	56	56	437	437	428	428
IND00503	1782	1782	264	264	430	430	367	367	1907	1907	6299	6299	2	2	57	57	372	372	6897	6897	28	28	52	52	61	61	45	45	1308	1308	3413	3413	1292	1292	536	536	10	10	125	125	123	123	52	52	27	27	1	1	1723	1723	748	748	48	48	29	29	195	195	26	26	27	27	8	8	480	480	753	753	314	314	411	411	5175	5175	832	832	10	10	13	13	8	8	15	15	18	18	112	112	562	562	689	689	918	918	630	630	3	3	1155	1155	8074	8074	2574	2574	224	224	106	106	1950	1950	391	391	202	202	52	52	344	344	699	699	605	605	3381	3381	14	14	30	30	112	112	4	4	48	48	117	117	1640	1640	2764	2764	25	25	58	58	312	312	646	646	2750582	2750582	4000143	4000143	13909	13909	11454	11454	372	372	511	511	28627	28627	11059	11059	171	171	107	107	541	541	879	879	199	199	166	166	17554	17554	237889	237889	8	8	37	37	319	319	224	224	22076	22076	19682	19682	22	22	132	132	373	373	152	152
IND00504	1049	1049	1125	1125	90	90	615	615	4180	4180	4569	4569	66	66	91	91	1028	1028	2759	2759	126	126	104	104	45	45	30	30	5880	5880	2625	2625	1581	1581	483	483	10	10	8	8	21	21	109	109	2	2	43	43	2739	2739	4649	4649	171	171	150	150	835	835	158	158	18	18	10	10	7895	7895	110	110	374	374	504	504	1813	1813	8051	8051	13	13	11	11	9	9	5	5	99	99	98	98	1262	1262	601	601	3033	3033	1780	1780	382	382	864	864	1596	1596	5047	5047	64	64	138	138	580	580	3854	3854	156	156	86	86	1521	1521	874	874	1512	1512	1583	1583	9	9	32	32	127	127	73	73	104	104	82	82	1605	1605	3065	3065	3	3	103	103	38	38	310	310	3050538	3050538	1976798	1976798	11067	11067	3274	3274	85	85	132	132	32260	32260	32027	32027	22	22	207	207	427	427	686	686	107	107	43	43	255371	255371	253258	253258	120	120	58	58	198	198	339	339	12439	12439	16398	16398	224	224	153	153	60	60	186	186
IND00505	2013	2013	314	314	847	847	982	982	3188	3188	7250	7250	58	58	38	38	8963	8963	12822	12822	115	115	137	137	4	4	4	4	7309	7309	7539	7539	1141	1141	193	193	20	20	94	94	114	114	119	119	41	41	19	19	7242	7242	1983	1983	70	70	45	45	486	486	967	967	28	28	21	21	3131	3131	6051	6051	197	197	444	444	2364	2364	2340	2340	16	16	7	7	14	14	1	1	93	93	67	67	824	824	1198	1198	1780	1780	2544	2544	133	133	785	785	4754	4754	7675	7675	209	209	107	107	354	354	4076	4076	63	63	256	256	140	140	1187	1187	1965	1965	1918	1918	29	29	21	21	103	103	122	122	119	119	53	53	2897	2897	1097	1097	220	220	209	209	939	939	125	125	663562	663562	2289627	2289627	9327	9327	15513	15513	373	373	398	398	17041	17041	19469	19469	199	199	256	256	193	193	122	122	215	215	78	78	53935	53935	321939	321939	207	207	42	42	259	259	164	164	21438	21438	4506	4506	105	105	253	253	419	419	236	236
IND00506	1391	1391	235	235	909	909	326	326	2246	2246	1491	1491	38	38	74	74	16271	16271	2015	2015	4	4	66	66	17	17	28	28	4771	4771	4898	4898	638	638	1668	1668	62	62	35	35	19	19	94	94	14	14	39	39	395	395	4306	4306	44	44	209	209	155	155	403	403	13	13	29	29	6859	6859	1560	1560	389	389	458	458	7237	7237	43	43	10	10	7	7	13	13	3	3	75	75	119	119	1129	1129	784	784	1386	1386	1867	1867	1192	1192	542	542	275	275	6496	6496	42	42	19	19	169	169	2459	2459	159	159	88	88	1373	1373	689	689	81	81	3707	3707	15	15	25	25	55	55	21	21	71	71	11	11	4003	4003	3962	3962	12	12	78	78	196	196	625	625	30938	30938	3097487	3097487	15364	15364	11116	11116	421	421	401	401	16454	16454	23672	23672	227	227	139	139	224	224	884	884	73	73	163	163	327285	327285	186420	186420	125	125	197	197	96	96	275	275	6969	6969	21054	21054	63	63	157	157	46	46	50	50
IND00507	823	823	1885	1885	595	595	784	784	3748	3748	6741	6741	22	22	47	47	13863	13863	9070	9070	114	114	208	208	37	37	20	20	7074	7074	5546	5546	789	789	1661	1661	59	59	103	103	126	126	108	108	49	49	6	6	250	250	5950	5950	250	250	22	22	629	629	448	448	7	7	21	21	2448	2448	5448	5448	385	385	157	157	7589	7589	434	434	5	5	6	6	8	8	3	3	16	16	91	91	1716	1716	1948	1948	2716	2716	1434	1434	1888	1888	568	568	7601	7601	1214	1214	106	106	156	156	1790	1790	1227	1227	173	173	106	106	769	769	405	405	494	494	721	721	21	21	7	7	20	20	78	78	113	113	29	29	3325	3325	1754	1754	189	189	101	101	553	553	846	846	1185047	1185047	904572	904572	9656	9656	1682	1682	304	304	87	87	19831	19831	24361	24361	226	226	144	144	365	365	442	442	143	143	23	23	311827	311827	380813	380813	172	172	40	40	111	111	484	484	16814	16814	12746	12746	79	79	161	161	464	464	510	510
IND00508	990	990	838	838	373	373	37	37	4807	4807	2335	2335	81	81	33	33	4595	4595	15481	15481	219	219	253	253	3	3	17	17	7911	7911	3476	3476	1871	1871	1526	1526	20	20	61	61	42	42	83	83	64	64	42	42	2471	2471	5509	5509	180	180	239	239	421	421	33	33	31	31	2	2	2514	2514	4099	4099	367	367	440	440	2781	2781	3390	3390	12	12	9	9	3	3	14	14	100	100	23	23	991	991	1523	1523	3108	3108	2878	2878	699	699	245	245	1891	1891	67	67	57	57	126	126	4029	4029	81	81	94	94	13	13	1093	1093	1378	1378	544	544	2010	2010	25	25	16	16	41	41	66	66	56	56	119	119	1702	1702	2867	2867	72	72	213	213	438	438	200	200	3425709	3425709	931355	931355	10051	10051	14218	14218	494	494	417	417	24737	24737	7932	7932	218	218	169	169	476	476	82	82	51	51	18	18	163207	163207	309815	309815	23	23	253	253	101	101	80	80	6562	6562	14565	14565	136	136	181	181	398	398	422	422
IND00509	587	587	223	223	105	105	994	994	6689	6689	239	239	64	64	5	5	13952	13952	2382	2382	59	59	76	76	28	28	28	28	7420	7420	6190	6190	1087	1087	291	291	41	41	48	48	73	73	76	76	62	62	24	24	268	268	3936	3936	221	221	240	240	286	286	844	844	19	19	9	9	1702	1702	769	769	415	415	292	292	1403	1403	2194	2194	1	1	4	4	16	16	9	9	29	29	37	37	1408	1408	1814	1814	3625	3625	1117	1117	1915	1915	947	947	6700	6700	7360	7360	101	101	9	9	1971	1971	1727	1727	35	35	162	162	207	207	555	555	1667	1667	2031	2031	8	8	15	15	84	84	95	95	80	80	28	28	1823	1823	2327	2327	133	133	118	118	460	460	559	559	2421344	2421344	1332080	1332080	6003	6003	1570	1570	164	164	443	443	13241	13241	24519	24519	147	147	122	122	532	532	712	712	2	2	77	77	51143	51143	343101	343101	108	108	18	18	215	215	321	321	8967	8967	24598	24598	243	243	58	58	462	462	56	56
IND00510	666	666	1702	1702	991	991	925	925	112	112	5830	5830	128	128	94	94	10884	10884	2706	2706	186	186	153	153	42	42	62	62	6755	6755	7466	7466	941	941	935	935	50	50	15	15	116	116	78	78	60	60	20	20	3078	3078	3449	3449	245	245	113	113	438	438	777	777	30	30	13	13	2415	2415	1569	1569	429	429	474	474	2730	2730	8166	8166	3	3	4	4	7	7	8	8	102	102	5	5	794	794	1701	1701	1682	1682	3284	3284	1754	1754	154	154	6837	6837	4364	4364	107	107	204	204	2382	2382	100	100	253	253	221	221	675	675	1874	1874	2252	2252	1867	1867	18	18	2	2	107	107	24	24	16	16	80	80	2882	2882	3040	3040	25	25	160	160	848	848	959	959	2479583	2479583	1841874	1841874	10646	10646	6569	6569	87	87	54	54	32093	32093	9720	9720	56	56	160	160	36	36	872	872	240	240	226	226	98676	98676	515250	515250	127	127	129	129	137	137	14	14	9659	9659	15470	15470	41	41	36	36	47	47	469	469
IND00511	88	88	903	903	113	113	602	602	6253	6253	6186	6186	113	113	53	53	12748	12748	4345	4345	58	58	231	231	33	33	12	12	2605	2605	737	737	1356	1356	571	571	39	39	13	13	33	33	50	50	35	35	61	61	7077	7077	1364	1364	220	220	152	152	593	593	213	213	26	26	20	20	3476	3476	2685	2685	469	469	477	477	4966	4966	6107	6107	9	9	4	4	6	6	3	3	125	125	100	100	562	562	520	520	1440	1440	2353	2353	2040	2040	1153	1153	5752	5752	4564	4564	17	17	22	22	3370	3370	2128	2128	119	119	230	230	1163	1163	661	661	3651	3651	1306	1306	10	10	26	26	77	77	42	42	8	8	69	69	227	227	3001	3001	137	137	176	176	539	539	657	657	2496436	2496436	1486509	1486509	14112	14112	8341	8341	197	197	246	246	19174	19174	25312	25312	247	247	212	212	1016	1016	851	851	185	185	105	105	453005	453005	390679	390679	212	212	51	51	229	229	189	189	6199	6199	19492	19492	64	64	208	208	116	116	479	479
IND00512	380	380	681	681	84	84	248	248	851	851	2392	2392	46	46	97	97	8564	8564	9695	9695	155	155	248	248	51	51	10	10	6027	6027	7498	7498	803	803	605	605	42	42	15	15	14	14	71	71	58	58	12	12	223	223	2008	2008	7	7	179	179	1019	1019	900	900	20	20	9	9	5854	5854	1310	1310	230	230	120	120	1746	1746	814	814	7	7	15	15	9	9	9	9	103	103	122	122	1313	1313	1487	1487	1583	1583	3198	3198	1898	1898	331	331	3708	3708	7795	7795	173	173	178	178	2858	2858	2947	2947	150	150	240	240	1884	1884	661	661	1324	1324	781	781	19	19	5	5	90	90	101	101	69	69	70	70	3705	3705	1367	1367	201	201	122	122	601	601	621	621	3096063	3096063	3453027	3453027	5600	5600	9979	9979	36	36	84	84	295	295	31145	31145	157	157	129	129	88	88	704	704	214	214	188	188	214768	214768	34723	34723	255	255	156	156	115	115	473	473	22304	22304	15061	15061	128	128	203	203	102	102	508	508
IND00513	1183	1183	1083	1083	714	714	92	92	76	76	4388	4388	86	86	88	88	14516	14516	12789	12789	219	219	164	164	42	42	53	53	3431	3431	600	600	216	216	1128	1128	11	11	100	100	68	68	77	77	53	53	18	18	1545	1545	1036	1036	217	217	137	137	596	596	946	946	14	14	29	29	5368	5368	1123	1123	213	213	110	110	4542	4542	3942	3942	7	7	3	3	13	13	4	4	63	63	96	96	785	785	2004	2004	2712	2712	1022	1022	460	460	495	495	1581	1581	1708	1708	138	138	170	170	698	698	874	874	90	90	1	1	136	136	822	822	3870	3870	3031	3031	6	6	17	17	37	37	25	25	120	120	96	96	986	986	3155	3155	17	17	27	27	758	758	354	354	4124656	4124656	133967	133967	12215	12215	11199	11199	386	386	302	302	26693	26693	11451	11451	20	20	43	43	457	457	699	699	163	163	153	153	486675	486675	289852	289852	109	109	92	92	196	196	36	36	1672	1672	20003	20003	96	96	29	29	374	374	145	145
IND00514	2028	2028	1513	1513	230	230	193	193	196	196	5573	5573	69	69	77	77	4190	4190	10996	10996	155	155	34	34	30	30	31	31	7817	7817	2325	2325	1556	1556	494	494	55	55	102	102	3	3	36	36	36	36	4	4	3086	3086	3632	3632	157	157	214	214	498	498	513	513	27	27	25	25	4931	4931	4529	4529	208	208	288	288	6680	6680	1329	1329	15	15	16	16	3	3	16	16	30	30	113	113	955	955	1833	1833	3525	3525	170	170	729	729	1144	1144	7015	7015	5494	5494	250	250	170	170	3589	3589	375	375	44	44	190	190	1387	1387	1608	1608	1216	1216	3543	3543	23	23	29	29	76	76	75	75	106	106	96	96	3730	3730	45	45	92	92	98	98	273	273	987	987	1043385	1043385	2497833	2497833	11150	11150	11651	11651	252	252	439	439	18129	18129	14972	14972	68	68	194	194	841	841	85	85	239	239	94	94	431760	431760	8875	8875	166	166	114	114	340	340	2	2	30646	30646	14164	14164	54	54	150	150	26	26	68	68
IND00515	981	981	150	150	662	662	11	11	8091	8091	3921	3921	127	127	107	107	8508	8508	3087	3087	169	169	32	32	14	14	57	57	4879	4879	101	101	1669	1669	12	12	7	7	30	30	41	41	105	105	32	32	16	16	7984	7984	4120	4120	174	174	91	91	41	41	175	175	25	25	16	16	3626	3626	5741	5741	77	77	107	107	7121	7121	5338	5338	14	14	8	8	6	6	13	13	26	26	56	56	546	546	1792	1792	2095	2095	3221	3221	244	244	580	580	4496	4496	3180	3180	122	122	188	188	1623	1623	3593	3593	154	154	7	7	1782	1782	1830	1830	2289	2289	2099	2099	11	11	19	19	67	67	30	30	92	92	23	23	3178	3178	4015	4015	167	167	148	148	614	614	505	505	4023000	4023000	3929338	3929338	4152	4152	7466	7466	492	492	72	72	28255	28255	31750	31750	1	1	165	165	467	467	837	837	34	34	13	13	19568	19568	207743	207743	204	204	1	1	486	486	430	430	14976	14976	13222	13222	108	108	79	79	220	220	493	493
IND00516	534	534	796	796	622	622	96	96	5717	5717	4031	4031	100	100	30	30	15295	15295	588	588	205	205	162	162	22	22	31	31	211	211	7345	7345	719	719	697	697	99	99	112	112	95	95	8	8	47	47	20	20	5203	5203	7216	7216	194	194	13	13	270	270	947	947	31	31	29	29	274	274	4657	4657	69	69	396	396	7833	7833	7374	7374	15	15	14	14	6	6	4	4	57	57	86	86	486	486	772	772	1424	1424	2847	2847	1880	1880	1321	1321	1018	1018	2738	2738	9	9	81	81	3044	3044	1180	1180	88	88	76	76	61	61	1465	1465	941	941	939	939	27	27	13	13	55	55	99	99	42	42	71	71	3905	3905	41	41	223	223	109	109	41	41	917	917	3943292	3943292	3888696	3888696	7734	7734	5094	5094	251	251	328	328	3984	3984	29198	29198	184	184	20	20	55	55	650	650	96	96	91	91	13676	13676	493705	493705	206	206	231	231	36	36	399	399	6314	6314	23283	23283	90	90	254	254	362	362	337	337
IND00517	1820	1820	1388	1388	626	626	100	100	2000	2000	4985	4985	39	39	56	56	6691	6691	4929	4929	123	123	229	229	15	15	61	61	6729	6729	5606	5606	1742	1742	690	690	19	19	54	54	9	9	85	85	57	57	26	26	7693	7693	7597	7597	251	251	158	158	297	297	205	205	5	5	15	15	2856	2856	7625	7625	198	198	112	112	1417	1417	5789	5789	8	8	6	6	2	2	7	7	63	63	73	73	63	63	317	317	4024	4024	3377	3377	1088	1088	1159	1159	116	116	5043	5043	231	231	1	1	496	496	3252	3252	130	130	115	115	1794	1794	62	62	2874	2874	3009	3009	29	29	14	14	7	7	116	116	103	103	123	123	4049	4049	1321	1321	191	191	154	154	382	382	458	458	3914062	3914062	3356224	3356224	15474	15474	3405	3405	337	337	393	393	24279	24279	23080	23080	83	83	47	47	173	173	970	970	130	130	171	171	128434	128434	246865	246865	117	117	217	217	159	159	454	454	4354	4354	7681	7681	189	189	256	256	220	220	218	218
IND00518	407	407	1234	1234	484	484	165	165	6014	6014	7386	7386	12	12	107	107	15595	15595	496	496	197	197	139	139	17	17	12	12	6699	6699	3639	3639	1959	1959	957	957	122	122	24	24	28	28	123	123	49	49	6	6	5416	5416	1016	1016	146	146	147	147	427	427	22	22	14	14	21	21	1859	1859	7564	7564	114	114	292	292	3392	3392	7061	7061	6	6	7	7	6	6	5	5	126	126	34	34	974	974	327	327	1296	1296	3484	3484	1960	1960	819	819	6609	6609	2203	2203	241	241	16	16	755	755	1291	1291	113	113	89	89	365	365	467	467	84	84	1869	1869	7	7	4	4	40	40	74	74	21	21	68	68	2790	2790	1558	1558	134	134	129	129	807	807	223	223	3597233	3597233	3426168	3426168	15990	15990	10956	10956	442	442	268	268	918	918	17019	17019	42	42	253	253	404	404	418	418	201	201	134	134	369664	369664	302096	302096	96	96	52	52	491	491	428	428	23368	23368	23626	23626	212	212	27	27	73	73	20	20
IND00519	499	499	1168	1168	371	371	740	740	7717	7717	2251	2251	11	11	51	51	7260	7260	3422	3422	148	148	110	110	46	46	21	21	2075	2075	1460	1460	1461	1461	1912	1912	110	110	52	52	99	99	15	15	3	3	44	44	4559	4559	117	117	164	164	232	232	434	434	699	699	30	30	24	24	3805	3805	2027	2027	450	450	413	413	4322	4322	2146	2146	10	10	7	7	1	1	2	2	47	47	82	82	942	942	91	91	2397	2397	703	703	1499	1499	713	713	5653	5653	1369	1369	207	207	55	55	3538	3538	3305	3305	135	135	169	169	1822	1822	618	618	434	434	2555	2555	21	21	14	14	46	46	54	54	30	30	45	45	2639	2639	133	133	45	45	82	82	453	453	652	652	1617580	1617580	416152	416152	14782	14782	13828	13828	467	467	227	227	27305	27305	11646	11646	16	16	194	194	897	897	967	967	89	89	48	48	107273	107273	441723	441723	61	61	88	88	239	239	143	143	30486	30486	12884	12884	223	223	207	207	294	294	250	250
IND00520	457	457	151	151	568	568	667	667	2384	2384	4356	4356	101	101	88	88	2631	2631	14628	14628	191	191	106	106	49	49	18	18	6432	6432	4355	4355	794	794	869	869	28	28	2	2	123	123	103	103	13	13	2	2	1589	1589	280	280	58	58	128	128	652	652	386	386	29	29	3	3	6811	6811	3701	3701	323	323	20	20	1977	1977	4076	4076	9	9	12	12	2	2	4	4	114	114	120	120	1382	1382	2045	2045	3209	3209	3722	3722	803	803	662	662	7692	7692	4706	4706	180	180	106	106	2917	2917	1252	1252	130	130	47	47	230	230	1195	1195	3970	3970	1060	1060	19	19	7	7	17	17	42	42	100	100	51	51	502	502	71	71	48	48	46	46	865	865	48	48	468394	468394	2476	2476	13347	13347	7507	7507	361	361	99	99	21952	21952	22322	22322	79	79	236	236	751	751	319	319	243	243	163	163	202870	202870	47500	47500	36	36	163	163	438	438	319	319	14582	14582	22246	22246	240	240	153	153	145	145	243	243
IND00521	1976	1976	955	955	93	93	259	259	2248	2248	4089	4089	3	3	17	17	8454	8454	3889	3889	139	139	54	54	41	41	25	25	6373	6373	1896	1896	1058	1058	1265	1265	123	123	56	56	82	82	45	45	45	45	63	63	2190	2190	5250	5250	217	217	180	180	453	453	302	302	23	23	24	24	934	934	2713	2713	9	9	429	429	3506	3506	476	476	7	7	13	13	14	14	8	8	51	51	50	50	469	469	1951	1951	3606	3606	2224	2224	70	70	68	68	704	704	6734	6734	47	47	100	100	1209	1209	2791	2791	120	120	204	204	620	620	1913	1913	1081	1081	380	380	1	1	29	29	102	102	92	92	24	24	42	42	1094	1094	1140	1140	35	35	212	212	29	29	360	360	2284224	2284224	1407687	1407687	12148	12148	8914	8914	408	408	455	455	261	261	783	783	189	189	25	25	55	55	560	560	251	251	13	13	9440	9440	478684	478684	253	253	114	114	393	393	485	485	21814	21814	25191	25191	21	21	71	71	33	33	182	182
IND00522	1667	1667	1055	1055	560	560	870	870	6311	6311	8039	8039	101	101	21	21	7927	7927	5214	5214	38	38	31	31	1	1	3	3	2712	2712	1547	1547	177	177	1589	1589	16	16	9	9	25	25	13	13	23	23	3	3	665	665	1640	1640	184	184	66	66	854	854	633	633	16	16	29	29	851	851	4580	4580	4	4	363	363	7362	7362	4964	4964	13	13	4	4	11	11	13	13	85	85	90	90	1758	1758	230	230	3705	3705	3952	3952	1309	1309	1605	1605	221	221	3114	3114	55	55	152	152	3218	3218	1437	1437	150	150	182	182	1643	1643	1891	1891	630	630	675	675	2	2	9	9	6	6	14	14	8	8	106	106	3103	3103	746	746	140	140	58	58	174	174	298	298	2052849	2052849	3710573	3710573	14827	14827	892	892	332	332	255	255	25992	25992	22430	22430	154	154	2	2	221	221	8	8	24	24	228	228	104151	104151	193147	193147	219	219	17	17	138	138	61	61	28713	28713	26588	26588	53	53	122	122	79	79	148	148
IND00523	276	276	553	553	130	130	296	296	2174	2174	5135	5135	112	112	83	83	3878	3878	12928	12928	55	55	80	80	28	28	4	4	3195	3195	3642	3642	1985	1985	622	622	73	73	115	115	83	83	44	44	9	9	18	18	7100	7100	3041	3041	52	52	134	134	704	704	258	258	14	14	13	13	5304	5304	165	165	113	113	108	108	7857	7857	1930	1930	11	11	12	12	11	11	2	2	65	65	81	81	1763	1763	1486	1486	3274	3274	2529	2529	1375	1375	534	534	2221	2221	2301	2301	133	133	13	13	3087	3087	2507	2507	243	243	31	31	553	553	1967	1967	837	837	1166	1166	26	26	15	15	79	79	87	87	20	20	92	92	834	834	2275	2275	107	107	38	38	123	123	729	729	2601158	2601158	3026254	3026254	3484	3484	12329	12329	144	144	475	475	16213	16213	23632	23632	225	225	239	239	140	140	819	819	221	221	221	221	241408	241408	244237	244237	155	155	253	253	292	292	192	192	1092	1092	11693	11693	230	230	101	101	151	151	176	176
IND00524	758	758	113	113	34	34	838	838	4190	4190	5450	5450	62	62	76	76	7056	7056	7983	7983	225	225	188	188	42	42	26	26	4678	4678	4454	4454	1170	1170	1215	1215	45	45	26	26	93	93	98	98	25	25	64	64	2847	2847	7900	7900	151	151	35	35	537	537	911	911	30	30	25	25	1655	1655	684	684	33	33	123	123	3684	3684	2420	2420	14	14	6	6	11	11	15	15	75	75	71	71	1057	1057	1385	1385	1149	1149	3537	3537	1636	1636	1261	1261	1681	1681	2685	2685	67	67	110	110	1738	1738	1291	1291	223	223	190	190	660	660	83	83	3345	3345	1870	1870	23	23	9	9	41	41	10	10	40	40	102	102	871	871	2023	2023	2	2	46	46	44	44	924	924	1681508	1681508	2753468	2753468	9152	9152	15670	15670	384	384	62	62	285	285	29793	29793	74	74	174	174	619	619	925	925	166	166	177	177	309944	309944	309675	309675	222	222	125	125	86	86	63	63	6516	6516	6912	6912	137	137	76	76	503	503	309	309
IND00525	1308	1308	1846	1846	359	359	367	367	22	22	2773	2773	12	12	60	60	15639	15639	10702	10702	244	244	36	36	61	61	35	35	6367	6367	2870	2870	1849	1849	1831	1831	16	16	84	84	28	28	72	72	31	31	17	17	6213	6213	7248	7248	96	96	224	224	719	719	866	866	5	5	32	32	3252	3252	680	680	455	455	221	221	765	765	706	706	3	3	3	3	4	4	9	9	39	39	64	64	772	772	671	671	2687	2687	4046	4046	1880	1880	95	95	2573	2573	5249	5249	220	220	157	157	2796	2796	1286	1286	116	116	149	149	1045	1045	1822	1822	1490	1490	2386	2386	6	6	14	14	114	114	100	100	113	113	35	35	260	260	2262	2262	97	97	37	37	802	802	712	712	3252930	3252930	2623081	2623081	1331	1331	1309	1309	2	2	23	23	23416	23416	4859	4859	141	141	87	87	719	719	82	82	236	236	141	141	93065	93065	110600	110600	194	194	117	117	14	14	226	226	5136	5136	21673	21673	83	83	202	202	433	433	296	296
IND00526	1526	1526	424	424	372	372	1015	1015	3925	3925	2337	2337	29	29	121	121	8780	8780	12025	12025	238	238	175	175	59	59	12	12	1792	1792	1642	1642	827	827	1330	1330	122	122	76	76	127	127	36	36	59	59	25	25	2295	2295	7768	7768	171	171	164	164	856	856	835	835	20	20	25	25	6311	6311	3664	3664	475	475	351	351	8151	8151	1828	1828	14	14	3	3	8	8	9	9	81	81	47	47	152	152	831	831	2572	2572	2254	2254	985	985	942	942	1554	1554	6041	6041	245	245	104	104	1262	1262	2819	2819	209	209	119	119	430	430	1620	1620	2466	2466	982	982	1	1	22	22	126	126	97	97	68	68	10	10	3696	3696	503	503	165	165	108	108	503	503	283	283	2812577	2812577	3744099	3744099	1181	1181	1694	1694	51	51	371	371	15131	15131	24326	24326	147	147	169	169	656	656	788	788	153	153	121	121	46464	46464	487338	487338	227	227	241	241	56	56	485	485	2952	2952	18580	18580	163	163	121	121	367	367	437	437
IND00527	1307	1307	1876	1876	337	337	282	282	7238	7238	3478	3478	61	61	88	88	6346	6346	16382	16382	3	3	158	158	11	11	51	51	3149	3149	6851	6851	761	761	1886	1886	58	58	28	28	15	15	68	68	49	49	9	9	5914	5914	380	380	65	65	236	236	204	204	280	280	4	4	4	4	6423	6423	466	466	507	507	65	65	6874	6874	1371	1371	9	9	10	10	2	2	15	15	9	9	46	46	862	862	199	199	3920	3920	3349	3349	225	225	597	597	7734	7734	3962	3962	136	136	225	225	746	746	2502	2502	34	34	145	145	117	117	704	704	1740	1740	2289	2289	7	7	23	23	67	67	75	75	94	94	45	45	4058	4058	350	350	250	250	110	110	550	550	139	139	258155	258155	1157074	1157074	8490	8490	603	603	243	243	18	18	1248	1248	10381	10381	187	187	91	91	978	978	93	93	46	46	31	31	439443	439443	345944	345944	29	29	153	153	140	140	338	338	10813	10813	29496	29496	46	46	38	38	414	414	350	350
IND00528	324	324	1542	1542	833	833	891	891	5781	5781	1252	1252	101	101	43	43	1554	1554	12162	12162	92	92	47	47	47	47	14	14	647	647	1612	1612	1487	1487	406	406	20	20	122	122	98	98	55	55	5	5	13	13	554	554	7776	7776	228	228	109	109	122	122	416	416	7	7	20	20	5166	5166	7983	7983	279	279	297	297	7784	7784	7701	7701	12	12	5	5	6	6	11	11	33	33	104	104	649	649	1959	1959	712	712	2730	2730	921	921	1215	1215	723	723	6121	6121	54	54	80	80	1261	1261	3812	3812	210	210	154	154	756	756	1773	1773	2308	2308	1894	1894	30	30	26	26	109	109	22	22	94	94	30	30	517	517	3113	3113	139	139	136	136	514	514	517	517	1354505	1354505	3016002	3016002	9880	9880	1949	1949	177	177	209	209	3893	3893	8068	8068	239	239	81	81	900	900	945	945	70	70	164	164	304440	304440	163982	163982	126	126	180	180	45	45	397	397	32317	32317	21226	21226	6	6	74	74	100	100	28	28
IND00529	1547	1547	76	76	230	230	180	180	7801	7801	1601	1601	101	101	128	128	6562	6562	1022	1022	158	158	143	143	57	57	18	18	992	992	6808	6808	1505	1505	335	335	74	74	66	66	53	53	22	22	8	8	18	18	1940	1940	2467	2467	93	93	110	110	255	255	403	403	30	30	22	22	876	876	4840	4840	356	356	233	233	4386	4386	1910	1910	11	11	13	13	11	11	2	2	13	13	121	121	1482	1482	79	79	188	188	1266	1266	502	502	377	377	4433	4433	4	4	165	165	192	192	2797	2797	546	546	82	82	3	3	1176	1176	430	430	754	754	3381	3381	20	20	5	5	29	29	16	16	9	9	105	105	717	717	3629	3629	209	209	8	8	253	253	745	745	3455966	3455966	3373617	3373617	3872	3872	8839	8839	136	136	484	484	15051	15051	25473	25473	146	146	94	94	179	179	226	226	137	137	4	4	232138	232138	225872	225872	73	73	94	94	285	285	211	211	16661	16661	30992	30992	208	208	25	25	133	133	387	387
IND00530	1691	1691	1225	1225	446	446	782	782	6090	6090	6458	6458	74	74	121	121	11047	11047	12745	12745	252	252	79	79	22	22	12	12	3774	3774	5878	5878	1101	1101	2004	2004	128	128	72	72	31	31	86	86	25	25	9	9	3526	3526	6048	6048	244	244	237	237	401	401	996	996	10	10	1	1	7643	7643	7413	7413	461	461	401	401	6079	6079	635	635	8	8	10	10	12	12	4	4	55	55	110	110	1000	1000	186	186	90	90	136	136	1100	1100	1523	1523	7193	7193	4508	4508	228	228	33	33	1924	1924	449	449	93	93	62	62	933	933	271	271	2704	2704	283	283	24	24	20	20	110	110	91	91	65	65	57	57	412	412	3359	3359	48	48	51	51	229	229	467	467	4136391	4136391	2922069	2922069	11691	11691	3833	3833	237	237	442	442	6254	6254	23488	23488	46	46	149	149	998	998	608	608	30	30	19	19	256478	256478	374175	374175	221	221	235	235	71	71	67	67	31985	31985	17017	17017	246	246	23	23	289	289	293	293
IND00531	1644	1644	105	105	609	609	312	312	4484	4484	526	526	36	36	88	88	1789	1789	1982	1982	82	82	136	136	14	14	8	8	7828	7828	4915	4915	1536	1536	1437	1437	85	85	15	15	99	99	104	104	37	37	7	7	2811	2811	5523	5523	194	194	236	236	842	842	441	441	3	3	23	23	6854	6854	6115	6115	259	259	205	205	3690	3690	6185	6185	14	14	2	2	3	3	16	16	1	1	80	80	328	328	1767	1767	2245	2245	1827	1827	458	458	861	861	8156	8156	4101	4101	135	135	152	152	2293	2293	1394	1394	152	152	205	205	1845	1845	1193	1193	3119	3119	1551	1551	14	14	13	13	18	18	38	38	22	22	89	89	241	241	3390	3390	193	193	59	59	189	189	48	48	301843	301843	3294041	3294041	12053	12053	6213	6213	477	477	5	5	26823	26823	20139	20139	210	210	69	69	711	711	247	247	45	45	152	152	398547	398547	44984	44984	218	218	96	96	188	188	218	218	24797	24797	25682	25682	156	156	53	53	458	458	138	138
IND00532	234	234	149	149	888	888	589	589	5502	5502	3589	3589	93	93	44	44	15803	15803	11968	11968	174	174	120	120	15	15	11	11	1617	1617	553	553	1234	1234	446	446	90	90	18	18	34	34	48	48	44	44	16	16	4309	4309	5484	5484	179	179	4	4	981	981	959	959	21	21	28	28	596	596	7701	7701	469	469	370	370	5004	5004	5463	5463	12	12	9	9	3	3	14	14	81	81	104	104	81	81	239	239	267	267	3206	3206	1309	1309	413	413	2523	2523	339	339	192	192	81	81	1859	1859	850	850	108	108	110	110	1602	1602	768	768	1229	1229	2231	2231	9	9	22	22	91	91	10	10	16	16	78	78	1040	1040	3280	3280	215	215	163	163	988	988	546	546	2639322	2639322	3240996	3240996	12512	12512	6440	6440	172	172	287	287	31315	31315	17846	17846	1	1	41	41	273	273	990	990	224	224	100	100	330411	330411	485349	485349	197	197	201	201	474	474	449	449	20053	20053	5053	5053	122	122	194	194	388	388	270	270
IND00533	423	423	1180	1180	662	662	976	976	4620	4620	587	587	126	126	9	9	15317	15317	4945	4945	46	46	112	112	25	25	41	41	5876	5876	3054	3054	335	335	1755	1755	75	75	13	13	121	121	22	22	13	13	30	30	6989	6989	4909	4909	211	211	256	256	1019	1019	400	400	17	17	19	19	7842	7842	5571	5571	501	501	69	69	32	32	4951	4951	14	14	2	2	2	2	14	14	41	41	58	58	1189	1189	1164	1164	3799	3799	3211	3211	62	62	994	994	1816	1816	3943	3943	241	241	180	180	962	962	154	154	251	251	75	75	254	254	898	898	3739	3739	709	709	5	5	16	16	101	101	66	66	78	78	78	78	3273	3273	4034	4034	105	105	115	115	589	589	144	144	909983	909983	57511	57511	12670	12670	5449	5449	429	429	337	337	11824	11824	29264	29264	90	90	76	76	444	444	767	767	249	249	183	183	469799	469799	437327	437327	170	170	164	164	63	63	219	219	28796	28796	7422	7422	183	183	125	125	330	330	489	489
IND00534	1330	1330	21	21	752	752	313	313	4492	4492	1836	1836	4	4	3	3	9634	9634	2352	2352	236	236	150	150	43	43	35	35	6479	6479	2980	2980	1843	1843	1679	1679	39	39	42	42	23	23	47	47	39	39	32	32	6955	6955	3599	3599	125	125	158	158	592	592	117	117	29	29	8	8	3186	3186	7381	7381	11	11	297	297	6372	6372	7029	7029	6	6	11	11	2	2	8	8	55	55	94	94	794	794	1471	1471	3092	3092	3959	3959	1885	1885	1461	1461	1197	1197	7240	7240	62	62	4	4	446	446	2612	2612	137	137	123	123	1168	1168	1823	1823	2122	2122	3608	3608	11	11	15	15	117	117	101	101	62	62	100	100	2703	2703	2752	2752	85	85	98	98	650	650	4	4	2418013	2418013	126004	126004	744	744	8157	8157	210	210	79	79	30721	30721	15482	15482	125	125	15	15	969	969	647	647	96	96	38	38	319262	319262	479691	479691	204	204	21	21	211	211	229	229	8992	8992	12656	12656	251	251	220	220	331	331	445	445
IND00535	699	699	957	957	523	523	38	38	1134	1134	2629	2629	97	97	58	58	6021	6021	1677	1677	147	147	238	238	42	42	44	44	7214	7214	4550	4550	1003	1003	13	13	40	40	123	123	57	57	59	59	27	27	14	14	2723	2723	5511	5511	153	153	40	40	210	210	524	524	15	15	4	4	2173	2173	5023	5023	169	169	320	320	3266	3266	7511	7511	9	9	14	14	6	6	10	10	110	110	126	126	2031	2031	518	518	3273	3273	3358	3358	1421	1421	1684	1684	866	866	5098	5098	95	95	4	4	3428	3428	985	985	41	41	109	109	3	3	273	273	1110	1110	55	55	14	14	13	13	36	36	89	89	68	68	28	28	1131	1131	362	362	70	70	155	155	30	30	166	166	3449088	3449088	2135555	2135555	4776	4776	10186	10186	428	428	117	117	7910	7910	17194	17194	52	52	10	10	479	479	857	857	110	110	63	63	484243	484243	104516	104516	201	201	128	128	38	38	292	292	4895	4895	27587	27587	129	129	1	1	409	409	512	512
IND00536	1803	1803	170	170	458	458	923	923	6289	6289	3319	3319	99	99	119	119	6998	6998	7261	7261	132	132	89	89	3	3	38	38	7788	7788	6914	6914	1048	1048	1094	1094	47	47	104	104	108	108	95	95	55	55	41	41	3743	3743	2282	2282	186	186	173	173	742	742	889	889	10	10	28	28	6403	6403	575	575	141	141	131	131	7056	7056	899	899	15	15	2	2	13	13	7	7	98	98	84	84	1717	1717	235	235	2900	2900	640	640	1059	1059	1761	1761	955	955	3834	3834	28	28	180	180	1078	1078	2935	2935	28	28	204	204	108	108	1594	1594	2192	2192	3360	3360	22	22	12	12	111	111	126	126	100	100	56	56	3193	3193	2713	2713	70	70	228	228	593	593	642	642	348314	348314	237218	237218	11396	11396	4895	4895	335	335	477	477	4416	4416	30850	30850	26	26	105	105	1002	1002	172	172	28	28	69	69	206432	206432	134866	134866	63	63	180	180	257	257	421	421	26405	26405	16105	16105	101	101	39	39	334	334	498	498
IND00537	688	688	333	333	283	283	910	910	4977	4977	5369	5369	119	119	83	83	7735	7735	6923	6923	130	130	150	150	7	7	32	32	6533	6533	5742	5742	1434	1434	1332	1332	31	31	44	44	69	69	125	125	13	13	36	36	6159	6159	5626	5626	47	47	26	26	256	256	754	754	9	9	21	21	1664	1664	17	17	232	232	422	422	2839	2839	697	697	13	13	9	9	7	7	8	8	85	85	70	70	1845	1845	1942	1942	112	112	1137	1137	1181	1181	1168	1168	427	427	2521	2521	13	13	78	78	376	376	2791	2791	202	202	120	120	1224	1224	1506	1506	1527	1527	3979	3979	24	24	20	20	34	34	121	121	78	78	31	31	545	545	1189	1189	194	194	178	178	339	339	657	657	1188927	1188927	329517	329517	2082	2082	13737	13737	127	127	141	141	30510	30510	23246	23246	248	248	65	65	751	751	185	185	157	157	105	105	296538	296538	8185	8185	188	188	31	31	126	126	420	420	31753	31753	25010	25010	37	37	8	8	262	262	508	508
IND00538	542	542	1142	1142	732	732	220	220	966	966	4783	4783	30	30	16	16	14792	14792	3144	3144	103	103	75	75	42	42	8	8	3693	3693	2004	2004	288	288	1968	1968	21	21	42	42	13	13	66	66	59	59	58	58	1954	1954	7729	7729	130	130	8	8	374	374	34	34	17	17	16	16	5101	5101	3806	3806	323	323	258	258	2750	2750	5895	5895	11	11	14	14	13	13	4	4	109	109	52	52	803	803	1096	1096	3301	3301	145	145	1876	1876	1823	1823	4285	4285	2264	2264	211	211	246	246	3754	3754	3077	3077	123	123	160	160	1198	1198	1345	1345	1867	1867	756	756	7	7	18	18	107	107	82	82	89	89	73	73	1828	1828	347	347	51	51	18	18	555	555	947	947	1302750	1302750	3972132	3972132	5525	5525	5617	5617	4	4	431	431	22839	22839	21897	21897	171	171	67	67	109	109	188	188	34	34	222	222	257910	257910	232062	232062	129	129	144	144	510	510	107	107	31285	31285	7170	7170	58	58	87	87	354	354	214	214
IND00539	237	237	902	902	870	870	561	561	2655	2655	5394	5394	104	104	128	128	14692	14692	1999	1999	65	65	174	174	60	60	14	14	35	35	7464	7464	512	512	1024	1024	90	90	89	89	92	92	103	103	22	22	52	52	3149	3149	6039	6039	68	68	99	99	39	39	449	449	28	28	28	28	270	270	4670	4670	368	368	161	161	7181	7181	5248	5248	3	3	3	3	12	12	14	14	76	76	30	30	1391	1391	1194	1194	2121	2121	741	741	520	520	601	601	270	270	3730	3730	139	139	121	121	1652	1652	138	138	10	10	20	20	9	9	1259	1259	1293	1293	1304	1304	31	31	29	29	93	93	31	31	47	47	79	79	793	793	346	346	151	151	21	21	484	484	801	801	655645	655645	2296849	2296849	7886	7886	2670	2670	508	508	211	211	29122	29122	22333	22333	141	141	155	155	302	302	163	163	15	15	5	5	436621	436621	40998	40998	236	236	235	235	372	372	502	502	6392	6392	10577	10577	247	247	88	88	21	21	195	195
IND00540	1982	1982	1277	1277	635	635	852	852	7016	7016	746	746	56	56	104	104	2038	2038	13991	13991	177	177	79	79	55	55	3	3	6476	6476	7109	7109	1358	1358	790	790	44	44	43	43	62	62	91	91	30	30	4	4	3979	3979	1852	1852	39	39	198	198	785	785	2	2	10	10	20	20	1660	1660	6245	6245	454	454	276	276	6354	6354	166	166	15	15	7	7	12	12	8	8	80	80	67	67	487	487	816	816	2645	2645	3295	3295	99	99	279	279	7778	7778	4050	4050	210	210	4	4	3963	3963	1615	1615	82	82	31	31	1896	1896	273	273	2268	2268	1434	1434	17	17	19	19	68	68	38	38	48	48	7	7	2242	2242	3146	3146	156	156	26	26	670	670	498	498	1227122	1227122	31916	31916	11855	11855	11381	11381	8	8	66	66	28594	28594	9622	9622	216	216	142	142	657	657	1006	1006	60	60	170	170	448641	448641	254492	254492	144	144	106	106	304	304	201	201	2462	2462	7295	7295	160	160	168	168	231	231	231	231
IND00541	1345	1345	1859	1859	1004	1004	163	163	2321	2321	1329	1329	35	35	35	35	6078	6078	16201	16201	193	193	42	42	26	26	5	5	3949	3949	3759	3759	1285	1285	2008	2008	88	88	59	59	103	103	22	22	61	61	41	41	1886	1886	1219	1219	256	256	55	55	715	715	831	831	2	2	1	1	5161	5161	4430	4430	333	333	184	184	7936	7936	4137	4137	2	2	8	8	2	2	7	7	53	53	42	42	570	570	1564	1564	2841	2841	894	894	398	398	1226	1226	228	228	7784	7784	249	249	17	17	860	860	598	598	6	6	204	204	1763	1763	347	347	539	539	253	253	13	13	11	11	99	99	92	92	112	112	120	120	2038	2038	2574	2574	251	251	146	146	488	488	85	85	4149350	4149350	379059	379059	9257	9257	11830	11830	441	441	344	344	16066	16066	7699	7699	202	202	225	225	723	723	440	440	129	129	56	56	208129	208129	225476	225476	48	48	50	50	448	448	471	471	21895	21895	12045	12045	52	52	89	89	423	423	366	366
IND00542	871	871	1856	1856	374	374	412	412	34	34	7591	7591	31	31	62	62	1706	1706	11253	11253	160	160	43	43	39	39	37	37	4316	4316	2670	2670	192	192	1321	1321	31	31	64	64	62	62	49	49	43	43	26	26	4503	4503	6661	6661	174	174	225	225	834	834	787	787	21	21	1	1	6347	6347	257	257	477	477	94	94	5541	5541	2515	2515	5	5	7	7	4	4	2	2	56	56	66	66	364	364	1921	1921	4044	4044	3977	3977	1616	1616	349	349	1368	1368	3578	3578	44	44	217	217	1633	1633	2591	2591	170	170	24	24	36	36	1139	1139	1485	1485	2290	2290	1	1	27	27	119	119	96	96	76	76	68	68	2052	2052	2882	2882	129	129	38	38	532	532	344	344	2035139	2035139	2860831	2860831	2269	2269	16283	16283	233	233	211	211	23145	23145	27563	27563	224	224	194	194	591	591	36	36	25	25	127	127	293143	293143	496219	496219	35	35	34	34	306	306	378	378	5280	5280	3118	3118	167	167	156	156	420	420	15	15
IND00543	1578	1578	568	568	788	788	21	21	5083	5083	842	842	68	68	89	89	2533	2533	7856	7856	144	144	66	66	25	25	7	7	8078	8078	4258	4258	499	499	886	886	54	54	26	26	43	43	12	12	63	63	23	23	5155	5155	2081	2081	149	149	67	67	132	132	939	939	20	20	11	11	4576	4576	3556	3556	349	349	219	219	65	65	4174	4174	5	5	16	16	4	4	16	16	127	127	15	15	1914	1914	1956	1956	2153	2153	3700	3700	976	976	9	9	351	351	3002	3002	58	58	209	209	231	231	3049	3049	62	62	139	139	410	410	1534	1534	2160	2160	1574	1574	2	2	21	21	63	63	116	116	74	74	99	99	3995	3995	1791	1791	85	85	180	180	244	244	467	467	3018501	3018501	1717571	1717571	5560	5560	17	17	454	454	112	112	23857	23857	10242	10242	3	3	25	25	45	45	735	735	124	124	105	105	336314	336314	336163	336163	26	26	120	120	120	120	238	238	5079	5079	21780	21780	24	24	19	19	451	451	385	385
IND00544	900	900	557	557	41	41	1016	1016	5716	5716	8008	8008	71	71	117	117	5973	5973	2768	2768	86	86	175	175	59	59	50	50	824	824	4296	4296	234	234	132	132	50	50	117	117	54	54	81	81	57	57	44	44	1540	1540	2874	2874	167	167	94	94	1021	1021	874	874	14	14	16	16	3204	3204	7047	7047	189	189	159	159	4243	4243	6613	6613	9	9	15	15	15	15	9	9	1	1	77	77	1278	1278	365	365	1764	1764	2548	2548	1129	1129	1392	1392	6083	6083	4373	4373	30	30	6	6	2345	2345	2816	2816	4	4	43	43	638	638	401	401	3182	3182	3515	3515	19	19	17	17	72	72	91	91	39	39	11	11	3386	3386	2852	2852	136	136	201	201	626	626	887	887	3186448	3186448	2786854	2786854	2393	2393	12549	12549	280	280	468	468	30764	30764	2706	2706	17	17	75	75	824	824	431	431	86	86	239	239	395524	395524	479037	479037	236	236	153	153	88	88	148	148	20852	20852	7630	7630	27	27	64	64	253	253	119	119
IND00545	393	393	1090	1090	547	547	850	850	7079	7079	6077	6077	90	90	55	55	8725	8725	10528	10528	180	180	240	240	62	62	30	30	3774	3774	12	12	313	313	1715	1715	4	4	48	48	62	62	54	54	3	3	9	9	3226	3226	4841	4841	108	108	125	125	761	761	443	443	17	17	2	2	2916	2916	5630	5630	195	195	166	166	6337	6337	6434	6434	5	5	2	2	6	6	9	9	30	30	3	3	751	751	1301	1301	3433	3433	3562	3562	1458	1458	1346	1346	4699	4699	7315	7315	183	183	246	246	2377	2377	773	773	43	43	104	104	1386	1386	565	565	229	229	1348	1348	5	5	7	7	1	1	118	118	102	102	12	12	2215	2215	3441	3441	207	207	245	245	427	427	987	987	3380853	3380853	3500033	3500033	15471	15471	896	896	71	71	181	181	4527	4527	11779	11779	230	230	68	68	730	730	65	65	241	241	94	94	337148	337148	443342	443342	219	219	134	134	285	285	267	267	16033	16033	27546	27546	163	163	4	4	410	410	230	230
IND00546	1146	1146	1575	1575	992	992	527	527	4239	4239	1894	1894	96	96	87	87	10051	10051	5001	5001	119	119	236	236	64	64	19	19	2082	2082	1425	1425	1455	1455	1974	1974	13	13	73	73	21	21	109	109	34	34	32	32	1602	1602	3322	3322	44	44	17	17	601	601	31	31	10	10	12	12	4658	4658	804	804	397	397	305	305	183	183	3416	3416	12	12	4	4	10	10	7	7	105	105	46	46	1488	1488	164	164	1794	1794	1986	1986	1660	1660	1607	1607	4797	4797	4942	4942	176	176	50	50	1430	1430	252	252	164	164	77	77	1939	1939	1159	1159	192	192	2504	2504	14	14	18	18	73	73	29	29	74	74	102	102	443	443	1237	1237	2	2	105	105	879	879	698	698	2620388	2620388	2594616	2594616	1648	1648	1451	1451	415	415	114	114	18843	18843	11094	11094	150	150	255	255	689	689	37	37	62	62	5	5	468458	468458	400454	400454	45	45	175	175	293	293	67	67	17046	17046	13431	13431	132	132	134	134	172	172	45	45
IND00547	1579	1579	1161	1161	988	988	485	485	5245	5245	7	7	62	62	118	118	12937	12937	1870	1870	242	242	53	53	51	51	8	8	2967	2967	271	271	51	51	846	846	112	112	41	41	63	63	9	9	64	64	1	1	1373	1373	5199	5199	232	232	175	175	875	875	945	945	6	6	22	22	3312	3312	1744	1744	414	414	53	53	6219	6219	3973	3973	2	2	2	2	3	3	14	14	24	24	54	54	1698	1698	1814	1814	2693	2693	1471	1471	1787	1787	57	57	7012	7012	6469	6469	143	143	231	231	743	743	2876	2876	118	118	219	219	1343	1343	501	501	3915	3915	1590	1590	31	31	21	21	124	124	123	123	73	73	110	110	582	582	307	307	36	36	24	24	485	485	588	588	4118973	4118973	1839010	1839010	15191	15191	6807	6807	130	130	118	118	1701	1701	23689	23689	79	79	4	4	771	771	542	542	6	6	255	255	341226	341226	15314	15314	219	219	202	202	169	169	315	315	21109	21109	9880	9880	236	236	173	173	95	95	243	243
IND00548	498	498	1994	1994	30	30	327	327	5360	5360	2768	2768	86	86	108	108	618	618	11443	11443	27	27	81	81	64	64	63	63	429	429	5200	5200	687	687	1426	1426	2	2	17	17	94	94	102	102	8	8	18	18	1307	1307	4742	4742	193	193	118	118	821	821	337	337	15	15	24	24	3277	3277	6817	6817	246	246	363	363	6821	6821	1443	1443	15	15	1	1	1	1	10	10	116	116	28	28	1955	1955	120	120	2634	2634	4021	4021	773	773	501	501	3355	3355	740	740	52	52	112	112	2553	2553	594	594	255	255	196	196	765	765	144	144	729	729	1799	1799	22	22	9	9	127	127	73	73	113	113	19	19	1052	1052	3862	3862	100	100	233	233	457	457	934	934	1981114	1981114	2876319	2876319	540	540	15896	15896	248	248	371	371	9110	9110	14913	14913	66	66	161	161	139	139	405	405	8	8	242	242	224908	224908	56272	56272	11	11	195	195	27	27	480	480	4146	4146	5287	5287	106	106	73	73	463	463	136	136
IND00549	1750	1750	1062	1062	394	394	1006	1006	5953	5953	794	794	68	68	22	22	9455	9455	1588	1588	114	114	236	236	22	22	49	49	5699	5699	4384	4384	510	510	1243	1243	73	73	111	111	16	16	98	98	1	1	50	50	1892	1892	6074	6074	145	145	154	154	290	290	636	636	28	28	6	6	5734	5734	103	103	408	408	341	341	930	930	4388	4388	11	11	10	10	4	4	2	2	2	2	124	124	861	861	738	738	968	968	1256	1256	957	957	1990	1990	2844	2844	3233	3233	151	151	219	219	3701	3701	3514	3514	141	141	17	17	79	79	29	29	3756	3756	473	473	32	32	27	27	59	59	76	76	41	41	81	81	1437	1437	935	935	200	200	225	225	225	225	561	561	3110024	3110024	1493919	1493919	3907	3907	8952	8952	484	484	260	260	11214	11214	21616	21616	99	99	36	36	393	393	285	285	167	167	185	185	35292	35292	415753	415753	181	181	251	251	464	464	230	230	26917	26917	8829	8829	99	99	152	152	437	437	28	28
IND00550	1995	1995	415	415	779	779	419	419	611	611	6381	6381	122	122	14	14	4772	4772	8284	8284	33	33	240	240	44	44	8	8	7161	7161	1935	1935	1552	1552	869	869	39	39	86	86	92	92	37	37	44	44	48	48	4334	4334	8029	8029	23	23	114	114	14	14	869	869	1	1	10	10	1948	1948	6749	6749	211	211	475	475	6593	6593	1494	1494	1	1	13	13	2	2	15	15	67	67	66	66	979	979	1679	1679	1611	1611	302	302	1067	1067	1788	1788	971	971	7694	7694	186	186	92	92	563	563	3957	3957	136	136	6	6	1211	1211	1412	1412	1871	1871	1652	1652	26	26	27	27	57	57	66	66	74	74	120	120	1165	1165	106	106	239	239	65	65	784	784	790	790	3282986	3282986	2627030	2627030	4178	4178	1371	1371	195	195	417	417	24973	24973	5717	5717	105	105	133	133	857	857	343	343	122	122	184	184	314279	314279	369700	369700	155	155	217	217	53	53	276	276	18004	18004	30080	30080	217	217	19	19	227	227	326	326
IND00551	1220	1220	1066	1066	614	614	738	738	5241	5241	5629	5629	6	6	76	76	6416	6416	11404	11404	190	190	222	222	47	47	8	8	1573	1573	3197	3197	1245	1245	1434	1434	14	14	23	23	15	15	15	15	7	7	8	8	2101	2101	1840	1840	49	49	60	60	347	347	626	626	23	23	14	14	5380	5380	3843	3843	463	463	330	330	1504	1504	7606	7606	9	9	13	13	2	2	11	11	2	2	30	30	1927	1927	1624	1624	1935	1935	3899	3899	1105	1105	265	265	3664	3664	2568	2568	60	60	79	79	3810	3810	2271	2271	7	7	78	78	480	480	584	584	2199	2199	2276	2276	22	22	15	15	76	76	88	88	126	126	10	10	305	305	411	411	164	164	195	195	207	207	144	144	2901933	2901933	2380448	2380448	2070	2070	10981	10981	56	56	94	94	20559	20559	13998	13998	42	42	179	179	786	786	306	306	237	237	9	9	129129	129129	108564	108564	234	234	175	175	240	240	443	443	17180	17180	6726	6726	101	101	179	179	86	86	320	320
IND00552	1417	1417	621	621	531	531	14	14	1106	1106	2625	2625	44	44	95	95	5721	5721	14888	14888	199	199	204	204	44	44	5	5	2518	2518	7927	7927	277	277	621	621	114	114	6	6	89	89	52	52	7	7	31	31	1388	1388	5892	5892	213	213	28	28	1018	1018	254	254	29	29	28	28	4341	4341	3592	3592	66	66	185	185	8092	8092	2536	2536	6	6	13	13	13	13	12	12	100	100	113	113	127	127	1050	1050	2581	2581	2799	2799	398	398	1732	1732	2246	2246	2836	2836	248	248	103	103	139	139	2493	2493	140	140	52	52	677	677	1378	1378	1426	1426	3386	3386	32	32	15	15	75	75	63	63	21	21	27	27	3699	3699	71	71	25	25	223	223	582	582	617	617	2871967	2871967	3407303	3407303	12208	12208	10925	10925	181	181	176	176	8402	8402	476	476	237	237	132	132	989	989	62	62	76	76	11	11	400603	400603	440217	440217	183	183	15	15	129	129	117	117	16275	16275	12652	12652	186	186	100	100	454	454	463	463
IND00553	730	730	1027	1027	630	630	848	848	3569	3569	7560	7560	115	115	59	59	10360	10360	12975	12975	19	19	20	20	42	42	40	40	7356	7356	645	645	1733	1733	301	301	70	70	95	95	46	46	36	36	62	62	38	38	388	388	876	876	6	6	6	6	368	368	1007	1007	19	19	5	5	5010	5010	1514	1514	158	158	438	438	3580	3580	2559	2559	3	3	1	1	15	15	7	7	34	34	25	25	784	784	1863	1863	561	561	830	830	1079	1079	1768	1768	7710	7710	1060	1060	88	88	169	169	3018	3018	1595	1595	46	46	116	116	428	428	1333	1333	218	218	2527	2527	17	17	5	5	44	44	75	75	126	126	37	37	2534	2534	2660	2660	184	184	191	191	315	315	73	73	3819130	3819130	349728	349728	1315	1315	13949	13949	136	136	32	32	9943	9943	27484	27484	220	220	177	177	675	675	62	62	103	103	208	208	202870	202870	4109	4109	154	154	145	145	314	314	57	57	2532	2532	19594	19594	222	222	80	80	342	342	57	57
IND00554	1493	1493	85	85	391	391	1005	1005	4412	4412	1712	1712	85	85	27	27	12388	12388	14814	14814	191	191	9	9	56	56	1	1	3709	3709	5536	5536	1210	1210	691	691	33	33	114	114	109	109	47	47	54	54	63	63	4821	4821	6379	6379	122	122	67	67	940	940	837	837	22	22	17	17	6544	6544	2032	2032	382	382	267	267	8054	8054	6179	6179	10	10	7	7	5	5	15	15	119	119	128	128	83	83	680	680	3740	3740	2450	2450	1054	1054	57	57	4562	4562	7261	7261	100	100	222	222	1182	1182	3318	3318	206	206	114	114	675	675	344	344	1219	1219	533	533	25	25	2	2	37	37	56	56	68	68	75	75	1684	1684	2102	2102	203	203	121	121	154	154	510	510	1765287	1765287	866403	866403	15241	15241	11745	11745	390	390	272	272	5920	5920	23601	23601	16	16	112	112	567	567	300	300	172	172	102	102	5780	5780	99990	99990	248	248	158	158	30	30	99	99	14279	14279	15482	15482	128	128	11	11	441	441	471	471
IND00555	1176	1176	1420	1420	287	287	823	823	7379	7379	7577	7577	61	61	42	42	5647	5647	12918	12918	229	229	139	139	44	44	54	54	3155	3155	2784	2784	915	915	1957	1957	46	46	24	24	31	31	52	52	25	25	58	58	865	865	2277	2277	230	230	11	11	626	626	989	989	18	18	12	12	3593	3593	5442	5442	147	147	293	293	6937	6937	2545	2545	3	3	7	7	5	5	3	3	83	83	63	63	1741	1741	1476	1476	2143	2143	2632	2632	85	85	770	770	6047	6047	797	797	212	212	152	152	100	100	3724	3724	250	250	172	172	647	647	1566	1566	2562	2562	3697	3697	9	9	14	14	109	109	118	118	58	58	105	105	269	269	1380	1380	97	97	237	237	41	41	451	451	1119095	1119095	405241	405241	12462	12462	15777	15777	208	208	99	99	29753	29753	28409	28409	69	69	53	53	973	973	295	295	53	53	140	140	245149	245149	328788	328788	20	20	1	1	240	240	1	1	25418	25418	7648	7648	241	241	235	235	241	241	334	334
IND00556	21	21	14	14	384	384	153	153	6345	6345	2086	2086	65	65	22	22	5950	5950	6521	6521	213	213	195	195	42	42	56	56	1397	1397	7932	7932	1838	1838	1791	1791	14	14	75	75	49	49	12	12	39	39	24	24	326	326	7356	7356	34	34	87	87	176	176	348	348	29	29	15	15	2700	2700	2655	2655	447	447	131	131	2246	2246	5598	5598	13	13	5	5	3	3	14	14	73	73	63	63	76	76	320	320	2183	2183	2807	2807	760	760	1234	1234	3249	3249	2102	2102	3	3	52	52	553	553	2203	2203	170	170	108	108	1116	1116	1058	1058	1559	1559	1478	1478	6	6	25	25	53	53	30	30	52	52	23	23	36	36	1505	1505	193	193	104	104	447	447	935	935	1927564	1927564	1008751	1008751	8555	8555	11057	11057	14	14	237	237	3357	3357	1310	1310	91	91	22	22	71	71	909	909	80	80	141	141	478083	478083	168407	168407	148	148	252	252	403	403	24	24	8911	8911	20520	20520	189	189	112	112	29	29	390	390
IND00557	26	26	487	487	983	983	238	238	6554	6554	6690	6690	14	14	118	118	8754	8754	6576	6576	28	28	222	222	20	20	63	63	6500	6500	504	504	2036	2036	599	599	62	62	95	95	6	6	128	128	7	7	7	7	6549	6549	3141	3141	95	95	190	190	513	513	615	615	7	7	28	28	3469	3469	6222	6222	66	66	395	395	654	654	2549	2549	11	11	13	13	9	9	10	10	35	35	67	67	1640	1640	1224	1224	3037	3037	2167	2167	244	244	1317	1317	111	111	2969	2969	159	159	34	34	3148	3148	253	253	4	4	242	242	168	168	1476	1476	3852	3852	3266	3266	7	7	21	21	99	99	109	109	3	3	82	82	1086	1086	3812	3812	250	250	223	223	613	613	178	178	2591907	2591907	2471248	2471248	8958	8958	2674	2674	121	121	422	422	2246	2246	4580	4580	238	238	69	69	239	239	984	984	166	166	136	136	189808	189808	119125	119125	153	153	29	29	497	497	251	251	25683	25683	9830	9830	57	57	19	19	186	186	83	83
IND00558	216	216	421	421	827	827	553	553	2514	2514	999	999	20	20	10	10	1499	1499	2346	2346	31	31	117	117	47	47	31	31	3864	3864	7580	7580	383	383	1461	1461	99	99	51	51	35	35	51	51	23	23	55	55	982	982	975	975	123	123	191	191	35	35	453	453	24	24	18	18	3453	3453	829	829	232	232	471	471	6996	6996	3511	3511	7	7	10	10	6	6	1	1	24	24	41	41	1453	1453	1498	1498	3110	3110	3122	3122	1284	1284	946	946	2293	2293	2544	2544	173	173	26	26	297	297	4064	4064	212	212	183	183	374	374	1616	1616	2938	2938	3213	3213	21	21	22	22	80	80	23	23	69	69	118	118	1799	1799	3045	3045	56	56	51	51	926	926	411	411	1808751	1808751	3279949	3279949	14320	14320	16187	16187	260	260	474	474	24236	24236	29800	29800	37	37	233	233	81	81	182	182	53	53	223	223	337740	337740	10760	10760	184	184	75	75	47	47	507	507	9438	9438	22394	22394	94	94	153	153	27	27	389	389
IND00559	1165	1165	1201	1201	253	253	851	851	4270	4270	547	547	8	8	79	79	116	116	12010	12010	202	202	249	249	47	47	11	11	2073	2073	6534	6534	455	455	1316	1316	108	108	125	125	43	43	12	12	4	4	43	43	2140	2140	4902	4902	162	162	182	182	100	100	203	203	9	9	10	10	4007	4007	5851	5851	77	77	467	467	843	843	7611	7611	3	3	13	13	12	12	1	1	103	103	76	76	2009	2009	1860	1860	1942	1942	1389	1389	1057	1057	298	298	3401	3401	3051	3051	168	168	167	167	3712	3712	2060	2060	32	32	197	197	444	444	1622	1622	1262	1262	204	204	10	10	7	7	27	27	11	11	11	11	1	1	590	590	1454	1454	225	225	69	69	490	490	327	327	2244993	2244993	1219419	1219419	7616	7616	3314	3314	77	77	476	476	21607	21607	20337	20337	21	21	61	61	525	525	668	668	177	177	46	46	295098	295098	389839	389839	82	82	131	131	272	272	106	106	21584	21584	17884	17884	157	157	211	211	310	310	66	66
IND00560	1133	1133	524	524	76	76	535	535	3430	3430	7623	7623	67	67	128	128	11974	11974	6319	6319	126	126	252	252	29	29	44	44	3609	3609	7997	7997	1337	1337	1743	1743	114	114	61	61	104	104	81	81	61	61	24	24	5706	5706	2849	2849	4	4	187	187	883	883	875	875	17	17	30	30	5548	5548	915	915	416	416	335	335	6562	6562	1030	1030	6	6	7	7	10	10	7	7	40	40	79	79	1929	1929	1599	1599	3506	3506	2131	2131	1383	1383	1417	1417	2735	2735	7494	7494	175	175	221	221	3010	3010	3369	3369	63	63	163	163	1476	1476	1877	1877	3574	3574	4087	4087	5	5	5	5	51	51	10	10	17	17	120	120	1519	1519	2248	2248	71	71	132	132	666	666	352	352	385880	385880	1277541	1277541	6595	6595	16160	16160	68	68	141	141	15249	15249	17249	17249	159	159	60	60	665	665	985	985	187	187	33	33	46082	46082	206960	206960	151	151	128	128	269	269	480	480	15530	15530	21408	21408	94	94	71	71	305	305	476	476
IND00561	1888	1888	2041	2041	594	594	914	914	2034	2034	8153	8153	5	5	89	89	978	978	7137	7137	184	184	172	172	62	62	31	31	7796	7796	6303	6303	1376	1376	50	50	106	106	118	118	20	20	13	13	45	45	27	27	148	148	1045	1045	200	200	125	125	820	820	375	375	25	25	24	24	2074	2074	4086	4086	36	36	414	414	4345	4345	7001	7001	2	2	14	14	11	11	15	15	14	14	91	91	1616	1616	1305	1305	4053	4053	3828	3828	441	441	1538	1538	6683	6683	1315	1315	168	168	106	106	4096	4096	1085	1085	92	92	243	243	418	418	1336	1336	274	274	3475	3475	32	32	13	13	7	7	33	33	96	96	33	33	3298	3298	1343	1343	129	129	217	217	649	649	816	816	2814288	2814288	1572852	1572852	2575	2575	12885	12885	225	225	247	247	488	488	14895	14895	187	187	192	192	9	9	968	968	157	157	230	230	358463	358463	492149	492149	197	197	60	60	243	243	74	74	32293	32293	9575	9575	79	79	88	88	140	140	493	493
IND00562	620	620	556	556	385	385	226	226	5015	5015	5908	5908	37	37	80	80	13740	13740	11461	11461	252	252	93	93	34	34	16	16	5420	5420	4202	4202	1740	1740	816	816	81	81	18	18	15	15	25	25	7	7	23	23	7928	7928	4210	4210	65	65	241	241	329	329	323	323	23	23	1	1	6465	6465	7512	7512	324	324	85	85	5214	5214	855	855	13	13	9	9	4	4	13	13	41	41	106	106	643	643	1773	1773	3907	3907	2070	2070	1180	1180	354	354	7209	7209	7150	7150	229	229	170	170	2906	2906	2518	2518	185	185	166	166	777	777	21	21	419	419	2332	2332	1	1	8	8	40	40	98	98	24	24	125	125	2965	2965	1629	1629	209	209	228	228	425	425	992	992	1413217	1413217	3893996	3893996	2999	2999	6751	6751	389	389	251	251	10368	10368	16683	16683	41	41	167	167	66	66	251	251	83	83	91	91	308056	308056	453072	453072	140	140	238	238	486	486	36	36	10577	10577	2605	2605	232	232	1	1	4	4	332	332
IND00563	175	175	1526	1526	754	754	124	124	5421	5421	300	300	37	37	4	4	6539	6539	1245	1245	70	70	158	158	44	44	41	41	2833	2833	7926	7926	662	662	1383	1383	80	80	80	80	109	109	20	20	35	35	50	50	1028	1028	3358	3358	118	118	87	87	95	95	871	871	31	31	27	27	3422	3422	1676	1676	322	322	184	184	1235	1235	7860	7860	4	4	6	6	5	5	5	5	98	98	123	123	895	895	1693	1693	1981	1981	244	244	973	973	1726	1726	8189	8189	596	596	99	99	252	252	3531	3531	642	642	254	254	81	81	1776	1776	1587	1587	1124	1124	3688	3688	12	12	17	17	106	106	106	106	34	34	71	71	3766	3766	1945	1945	186	186	12	12	479	479	476	476	4041888	4041888	2925759	2925759	506	506	12340	12340	49	49	460	460	17326	17326	31162	31162	232	232	223	223	594	594	230	230	164	164	24	24	215309	215309	445705	445705	31	31	253	253	61	61	259	259	6074	6074	1855	1855	206	206	243	243	177	177	384	384
IND00564	1585	1585	2014	2014	1017	1017	168	168	5241	5241	1197	1197	72	72	11	11	15462	15462	14565	14565	9	9	216	216	25	25	62	62	4043	4043	5535	5535	210	210	2016	2016	61	61	11	11	53	53	57	57	54	54	9	9	6371	6371	7249	7249	159	159	41	41	146	146	431	431	26	26	26	26	1378	1378	4127	4127	186	186	402	402	2739	2739	4555	4555	10	10	3	3	3	3	11	11	70	70	101	101	1710	1710	1605	1605	1725	1725	2360	2360	519	519	395	395	8037	8037	6752	6752	184	184	254	254	3047	3047	1556	1556	118	118	102	102	1954	1954	837	837	1608	1608	2122	2122	27	27	18	18	24	24	54	54	61	61	102	102	1565	1565	407	407	31	31	115	115	725	725	204	204	3112445	3112445	1790586	1790586	16239	16239	8174	8174	332	332	262	262	1834	1834	5727	5727	249	249	239	239	696	696	139	139	181	181	103	103	42869	42869	508425	508425	251	251	63	63	386	386	137	137	26315	26315	25905	25905	219	219	250	250	399	399	378	378
IND00565	45	45	481	481	854	854	889	889	7428	7428	5387	5387	97	97	59	59	11382	11382	2910	2910	220	220	166	166	7	7	2	2	2856	2856	3047	3047	82	82	62	62	109	109	42	42	67	67	127	127	11	11	54	54	5963	5963	2076	2076	220	220	249	249	850	850	744	744	13	13	9	9	6733	6733	2528	2528	69	69	128	128	6408	6408	6473	6473	10	10	16	16	14	14	6	6	7	7	44	44	1520	1520	1242	1242	2242	2242	2582	2582	1660	1660	884	884	3144	3144	2126	2126	188	188	238	238	2430	2430	642	642	190	190	96	96	286	286	1214	1214	608	608	195	195	32	32	12	12	119	119	65	65	119	119	86	86	3564	3564	390	390	7	7	46	46	102	102	490	490	124544	124544	1087923	1087923	10204	10204	3000	3000	406	406	163	163	12163	12163	8028	8028	39	39	102	102	928	928	665	665	243	243	49	49	230831	230831	1826	1826	172	172	105	105	433	433	413	413	11488	11488	26250	26250	108	108	82	82	379	379	14	14
IND00566	148	148	1011	1011	738	738	1008	1008	2861	2861	2183	2183	7	7	123	123	7932	7932	2784	2784	30	30	237	237	51	51	12	12	3854	3854	1360	1360	745	745	510	510	74	74	14	14	107	107	72	72	52	52	44	44	5939	5939	2464	2464	173	173	104	104	913	913	797	797	21	21	20	20	4563	4563	8010	8010	304	304	112	112	4906	4906	4625	4625	13	13	6	6	12	12	2	2	66	66	81	81	1838	1838	1710	1710	1329	1329	490	490	725	725	33	33	7437	7437	5503	5503	160	160	159	159	1962	1962	82	82	144	144	113	113	614	614	212	212	2432	2432	2026	2026	14	14	19	19	115	115	29	29	68	68	37	37	3122	3122	237	237	155	155	44	44	398	398	848	848	2046498	2046498	2953546	2953546	12366	12366	11557	11557	191	191	475	475	30905	30905	21612	21612	126	126	195	195	902	902	807	807	187	187	10	10	58655	58655	45833	45833	20	20	80	80	26	26	412	412	15184	15184	27070	27070	50	50	146	146	243	243	339	339
IND00567	34	34	861	861	527	527	337	337	4429	4429	464	464	34	34	105	105	2394	2394	6604	6604	119	119	96	96	18	18	19	19	8141	8141	7670	7670	935	935	1306	1306	31	31	34	34	60	60	31	31	15	15	27	27	7538	7538	3125	3125	256	256	68	68	755	755	312	312	28	28	24	24	3891	3891	4783	4783	339	339	330	330	392	392	3088	3088	9	9	2	2	7	7	11	11	22	22	89	89	216	216	78	78	530	530	1083	1083	400	400	1232	1232	414	414	2975	2975	127	127	221	221	3551	3551	3176	3176	189	189	194	194	1016	1016	1156	1156	1512	1512	1660	1660	9	9	20	20	65	65	86	86	111	111	85	85	198	198	4033	4033	150	150	109	109	628	628	182	182	1978453	1978453	573022	573022	9348	9348	6950	6950	142	142	291	291	5561	5561	13667	13667	228	228	101	101	852	852	673	673	78	78	12	12	85288	85288	381700	381700	5	5	91	91	288	288	139	139	11509	11509	23162	23162	201	201	143	143	366	366	497	497
IND00568	1203	1203	1766	1766	124	124	460	460	4156	4156	1902	1902	48	48	38	38	11217	11217	7680	7680	176	176	209	209	28	28	3	3	6271	6271	3372	3372	1599	1599	351	351	100	100	56	56	104	104	43	43	17	17	30	30	250	250	6051	6051	14	14	161	161	191	191	746	746	20	20	7	7	6561	6561	4592	4592	399	399	269	269	4840	4840	3486	3486	7	7	15	15	11	11	6	6	73	73	16	16	1593	1593	1830	1830	2207	2207	1107	1107	1811	1811	1106	1106	5852	5852	3443	3443	253	253	21	21	3477	3477	2224	2224	67	67	211	211	1654	1654	1562	1562	2490	2490	370	370	32	32	6	6	30	30	128	128	54	54	75	75	3321	3321	632	632	10	10	198	198	518	518	849	849	3533683	3533683	3653923	3653923	13750	13750	9760	9760	294	294	233	233	8211	8211	5039	5039	19	19	1	1	415	415	287	287	34	34	249	249	520974	520974	509332	509332	70	70	189	189	221	221	133	133	2123	2123	23036	23036	54	54	108	108	151	151	126	126
IND00569	739	739	983	983	381	381	1023	1023	3645	3645	8151	8151	53	53	76	76	4485	4485	2164	2164	199	199	113	113	23	23	39	39	2820	2820	3872	3872	1536	1536	1286	1286	124	124	55	55	10	10	116	116	61	61	25	25	4056	4056	7435	7435	160	160	240	240	452	452	912	912	26	26	16	16	3850	3850	3380	3380	286	286	158	158	2792	2792	8053	8053	9	9	1	1	4	4	1	1	41	41	76	76	1628	1628	1934	1934	662	662	2432	2432	755	755	1279	1279	2315	2315	3870	3870	51	51	27	27	2665	2665	1886	1886	145	145	243	243	172	172	1234	1234	1131	1131	3596	3596	8	8	16	16	83	83	3	3	128	128	22	22	248	248	2987	2987	197	197	202	202	101	101	254	254	4108115	4108115	2522941	2522941	8142	8142	5362	5362	462	462	222	222	31185	31185	13495	13495	90	90	39	39	791	791	980	980	60	60	200	200	20401	20401	72997	72997	213	213	18	18	91	91	486	486	27061	27061	16173	16173	13	13	190	190	78	78	205	205
IND00570	1819	1819	30	30	777	777	80	80	3076	3076	338	338	55	55	11	11	10932	10932	11873	11873	123	123	188	188	41	41	58	58	1724	1724	4907	4907	1965	1965	328	328	43	43	77	77	47	47	32	32	4	4	42	42	6019	6019	6157	6157	165	165	123	123	932	932	166	166	31	31	22	22	1683	1683	7631	7631	122	122	233	233	1229	1229	2985	2985	3	3	7	7	11	11	1	1	92	92	19	19	824	824	1012	1012	2458	2458	2	2	1761	1761	1811	1811	2385	2385	355	355	205	205	12	12	509	509	1700	1700	163	163	212	212	1932	1932	339	339	20	20	1288	1288	13	13	23	23	92	92	70	70	2	2	68	68	297	297	3451	3451	255	255	60	60	486	486	576	576	3000880	3000880	2339653	2339653	13617	13617	15291	15291	134	134	317	317	2837	2837	2824	2824	14	14	58	58	314	314	944	944	244	244	93	93	72665	72665	206828	206828	229	229	163	163	63	63	92	92	15236	15236	16065	16065	99	99	129	129	479	479	39	39
IND00571	1499	1499	991	991	761	761	593	593	788	788	1172	1172	91	91	110	110	3706	3706	8893	8893	211	211	55	55	56	56	9	9	236	236	2533	2533	1080	1080	706	706	108	108	18	18	32	32	28	28	61	61	30	30	1765	1765	5949	5949	34	34	102	102	157	157	399	399	15	15	22	22	5188	5188	2148	2148	333	333	191	191	825	825	973	973	15	15	7	7	13	13	13	13	30	30	64	64	971	971	2013	2013	2946	2946	1617	1617	1363	1363	221	221	7196	7196	2620	2620	182	182	162	162	1213	1213	2434	2434	249	249	76	76	147	147	754	754	2418	2418	2054	2054	19	19	21	21	13	13	1	1	16	16	29	29	151	151	3128	3128	88	88	17	17	623	623	300	300	898146	898146	548925	548925	12951	12951	8843	8843	139	139	475	475	15493	15493	27482	27482	55	55	53	53	108	108	169	169	52	52	200	200	352600	352600	135171	135171	63	63	13	13	163	163	437	437	27941	27941	6402	6402	103	103	75	75	96	96	216	216
IND00572	1880	1880	642	642	857	857	153	153	7880	7880	3187	3187	62	62	74	74	3307	3307	5464	5464	250	250	53	53	29	29	39	39	5306	5306	1302	1302	819	819	52	52	1	1	56	56	70	70	51	51	33	33	31	31	2731	2731	462	462	194	194	115	115	511	511	505	505	28	28	8	8	4474	4474	1453	1453	356	356	59	59	6625	6625	7210	7210	14	14	13	13	6	6	1	1	123	123	13	13	1364	1364	1964	1964	4030	4030	656	656	1915	1915	473	473	1717	1717	877	877	160	160	168	168	320	320	518	518	55	55	153	153	186	186	334	334	1833	1833	4036	4036	9	9	8	8	115	115	4	4	88	88	92	92	3575	3575	73	73	201	201	37	37	1004	1004	202	202	739350	739350	1619011	1619011	6573	6573	2334	2334	290	290	67	67	6628	6628	6579	6579	69	69	73	73	212	212	324	324	1	1	179	179	469023	469023	269115	269115	143	143	211	211	251	251	355	355	30192	30192	20618	20618	16	16	10	10	500	500	395	395
IND00573	1375	1375	838	838	282	282	594	594	2226	2226	2503	2503	82	82	57	57	16105	16105	13001	13001	187	187	243	243	1	1	13	13	241	241	4206	4206	1756	1756	366	366	54	54	102	102	21	21	28	28	62	62	34	34	7763	7763	1782	1782	65	65	91	91	573	573	920	920	23	23	17	17	6471	6471	6831	6831	82	82	271	271	3853	3853	4563	4563	5	5	6	6	13	13	15	15	68	68	28	28	574	574	1771	1771	1168	1168	446	446	1693	1693	865	865	6029	6029	2881	2881	130	130	190	190	1115	1115	1807	1807	18	18	225	225	1917	1917	1292	1292	2966	2966	2498	2498	19	19	18	18	120	120	122	122	12	12	69	69	2044	2044	222	222	244	244	106	106	530	530	406	406	2091726	2091726	3976594	3976594	9998	9998	1450	1450	372	372	272	272	15306	15306	1586	1586	148	148	12	12	168	168	121	121	112	112	181	181	63712	63712	506553	506553	164	164	242	242	236	236	103	103	6736	6736	26909	26909	63	63	65	65	50	50	501	501
IND00574	1943	1943	1200	1200	321	321	295	295	7529	7529	7164	7164	47	47	96	96	7714	7714	3204	3204	219	219	137	137	39	39	49	49	7422	7422	1588	1588	3	3	873	873	15	15	69	69	52	52	96	96	48	48	40	40	1798	1798	5536	5536	240	240	255	255	780	780	633	633	25	25	3	3	6649	6649	3777	3777	374	374	297	297	451	451	7168	7168	9	9	4	4	13	13	8	8	125	125	71	71	2035	2035	378	378	1649	1649	3892	3892	1175	1175	1211	1211	7016	7016	6265	6265	27	27	166	166	2160	2160	3257	3257	114	114	239	239	436	436	766	766	2156	2156	3214	3214	13	13	13	13	48	48	44	44	123	123	44	44	2853	2853	1811	1811	100	100	141	141	623	623	905	905	1999851	1999851	1766906	1766906	10792	10792	6332	6332	203	203	279	279	21638	21638	323	323	210	210	62	62	904	904	96	96	24	24	88	88	424229	424229	307017	307017	159	159	246	246	22	22	411	411	6504	6504	29116	29116	41	41	222	222	30	30	314	314
IND00575	1506	1506	448	448	256	256	267	267	1093	1093	2729	2729	82	82	34	34	453	453	15758	15758	234	234	155	155	61	61	29	29	8131	8131	7953	7953	425	425	2020	2020	10	10	31	31	79	79	102	102	29	29	23	23	1584	1584	504	504	162	162	224	224	804	804	695	695	15	15	24	24	2768	2768	7412	7412	216	216	256	256	2218	2218	275	275	7	7	14	14	8	8	15	15	22	22	98	98	261	261	1294	1294	1503	1503	2354	2354	266	266	646	646	1301	1301	7501	7501	70	70	215	215	2679	2679	3998	3998	131	131	84	84	194	194	2023	2023	541	541	812	812	25	25	9	9	31	31	28	28	42	42	119	119	1269	1269	3782	3782	114	114	37	37	545	545	607	607	3978859	3978859	1523285	1523285	11054	11054	15757	15757	315	315	282	282	24501	24501	14730	14730	4	4	244	244	111	111	605	605	153	153	122	122	439230	439230	333658	333658	252	252	121	121	235	235	41	41	7951	7951	32214	32214	256	256	63	63	242	242	218	218
IND00576	884	884	1568	1568	700	700	891	891	6756	6756	2244	2244	71	71	57	57	2415	2415	10554	10554	145	145	106	106	15	15	60	60	724	724	2203	2203	794	794	114	114	67	67	1	1	110	110	62	62	3	3	4	4	516	516	444	444	241	241	57	57	346	346	590	590	8	8	24	24	2373	2373	1795	1795	509	509	128	128	586	586	2936	2936	4	4	6	6	5	5	4	4	116	116	43	43	902	902	1103	1103	3769	3769	1447	1447	247	247	828	828	1353	1353	6403	6403	37	37	243	243	4066	4066	54	54	50	50	250	250	1489	1489	365	365	4056	4056	291	291	19	19	32	32	8	8	84	84	30	30	41	41	3468	3468	2515	2515	87	87	206	206	878	878	162	162	1612316	1612316	3169873	3169873	14647	14647	14264	14264	2	2	20	20	20588	20588	25277	25277	206	206	132	132	366	366	408	408	158	158	255	255	410310	410310	312205	312205	215	215	238	238	284	284	238	238	19297	19297	27524	27524	193	193	238	238	25	25	372	372
IND00577	190	190	638	638	833	833	692	692	2841	2841	1002	1002	95	95	54	54	6085	6085	4333	4333	103	103	130	130	63	63	25	25	7075	7075	1212	1212	805	805	455	455	27	27	78	78	1	1	61	61	33	33	59	59	7436	7436	6277	6277	201	201	145	145	745	745	747	747	16	16	24	24	498	498	1578	1578	36	36	297	297	2668	2668	1844	1844	6	6	12	12	10	10	12	12	79	79	73	73	1791	1791	810	810	3083	3083	172	172	495	495	658	658	5547	5547	7875	7875	115	115	25	25	1857	1857	1099	1099	136	136	135	135	309	309	675	675	633	633	3365	3365	31	31	25	25	14	14	88	88	114	114	84	84	2942	2942	1013	1013	224	224	218	218	942	942	933	933	3435044	3435044	2836857	2836857	4311	4311	9811	9811	344	344	55	55	6043	6043	2276	2276	11	11	254	254	541	541	609	609	222	222	254	254	189426	189426	40647	40647	191	191	76	76	372	372	178	178	26433	26433	16554	16554	255	255	219	219	18	18	138	138
IND00578	1198	1198	30	30	181	181	500	500	2800	2800	728	728	7	7	100	100	9329	9329	5104	5104	33	33	124	124	21	21	58	58	2730	2730	86	86	1413	1413	1033	1033	37	37	7	7	21	21	63	63	7	7	43	43	1627	1627	4327	4327	27	27	141	141	549	549	519	519	23	23	20	20	7063	7063	7912	7912	387	387	61	61	1724	1724	6492	6492	7	7	10	10	15	15	13	13	18	18	99	99	820	820	765	765	1986	1986	1932	1932	876	876	1718	1718	5444	5444	1644	1644	68	68	126	126	606	606	114	114	83	83	74	74	138	138	1119	1119	3359	3359	3607	3607	10	10	30	30	50	50	74	74	8	8	84	84	2113	2113	1417	1417	137	137	186	186	348	348	500	500	783708	783708	3002802	3002802	14382	14382	13129	13129	36	36	232	232	14453	14453	24816	24816	254	254	44	44	773	773	294	294	253	253	69	69	428885	428885	437749	437749	32	32	86	86	116	116	20	20	16593	16593	11843	11843	64	64	27	27	200	200	14	14
IND00579	1243	1243	50	50	958	958	56	56	3702	3702	70	70	16	16	78	78	15669	15669	6784	6784	218	218	235	235	46	46	7	7	1991	1991	5688	5688	403	403	1741	1741	118	118	118	118	41	41	88	88	10	10	30	30	6344	6344	1550	1550	112	112	14	14	263	263	351	351	3	3	26	26	8068	8068	6855	6855	209	209	123	123	1212	1212	2089	2089	12	12	9	9	4	4	15	15	125	125	3	3	1363	1363	909	909	2353	2353	2116	2116	1275	1275	218	218	2861	2861	7389	7389	155	155	209	209	3642	3642	2486	2486	91	91	165	165	1072	1072	1376	1376	565	565	250	250	7	7	31	31	113	113	113	113	79	79	11	11	990	990	24	24	135	135	210	210	115	115	915	915	3278096	3278096	2717156	2717156	13580	13580	8611	8611	171	171	418	418	15294	15294	3543	3543	100	100	61	61	783	783	255	255	54	54	184	184	110657	110657	147476	147476	5	5	225	225	472	472	159	159	4775	4775	29641	29641	6	6	179	179	462	462	111	111
IND00580	1613	1613	537	537	348	348	500	500	3521	3521	7891	7891	31	31	56	56	4968	4968	6835	6835	152	152	210	210	28	28	22	22	5678	5678	620	620	1830	1830	992	992	38	38	11	11	112	112	1	1	38	38	28	28	3144	3144	7197	7197	125	125	166	166	876	876	777	777	3	3	28	28	1738	1738	3650	3650	379	379	229	229	4502	4502	4835	4835	3	3	1	1	12	12	5	5	35	35	116	116	25	25	1796	1796	996	996	3503	3503	1760	1760	1879	1879	5890	5890	3885	3885	150	150	97	97	3721	3721	3656	3656	48	48	165	165	1579	1579	1454	1454	1175	1175	2188	2188	10	10	1	1	125	125	98	98	67	67	9	9	2991	2991	856	856	124	124	133	133	526	526	690	690	224356	224356	2451762	2451762	11829	11829	7698	7698	462	462	75	75	4943	4943	26026	26026	32	32	45	45	865	865	3	3	154	154	14	14	129510	129510	143175	143175	160	160	174	174	74	74	205	205	3891	3891	28261	28261	55	55	33	33	472	472	24	24
IND00581	671	671	1280	1280	230	230	266	266	2920	2920	1592	1592	32	32	32	32	6795	6795	1312	1312	69	69	239	239	10	10	27	27	2094	2094	3258	3258	1020	1020	751	751	48	48	13	13	126	126	118	118	60	60	7	7	2380	2380	535	535	54	54	117	117	416	416	780	780	12	12	26	26	3391	3391	7569	7569	480	480	48	48	2222	2222	1079	1079	9	9	7	7	5	5	5	5	126	126	58	58	666	666	1871	1871	433	433	1258	1258	189	189	1952	1952	2889	2889	6526	6526	191	191	16	16	1882	1882	3130	3130	174	174	105	105	389	389	1811	1811	1373	1373	3556	3556	4	4	2	2	33	33	7	7	23	23	99	99	2187	2187	2599	2599	198	198	92	92	179	179	211	211	2654622	2654622	3239347	3239347	3893	3893	15008	15008	322	322	43	43	4742	4742	113	113	153	153	253	253	963	963	887	887	242	242	67	67	431536	431536	141827	141827	59	59	69	69	199	199	288	288	9488	9488	17190	17190	85	85	199	199	124	124	178	178
IND00582	197	197	1258	1258	980	980	108	108	893	893	412	412	124	124	33	33	12523	12523	10565	10565	93	93	140	140	40	40	38	38	7000	7000	3666	3666	99	99	1758	1758	113	113	35	35	24	24	47	47	36	36	56	56	1256	1256	632	632	64	64	111	111	437	437	387	387	3	3	13	13	1937	1937	1823	1823	142	142	126	126	2202	2202	1613	1613	14	14	14	14	13	13	3	3	86	86	45	45	1734	1734	1039	1039	932	932	673	673	1201	1201	1377	1377	3138	3138	4321	4321	52	52	27	27	3360	3360	618	618	37	37	105	105	398	398	2025	2025	842	842	2209	2209	22	22	30	30	14	14	62	62	78	78	113	113	1666	1666	1963	1963	170	170	104	104	761	761	550	550	970967	970967	599723	599723	12488	12488	15138	15138	155	155	119	119	26045	26045	10203	10203	136	136	96	96	444	444	655	655	31	31	197	197	362168	362168	233124	233124	199	199	4	4	93	93	11	11	23305	23305	10576	10576	215	215	225	225	337	337	444	444
IND00583	260	260	1117	1117	752	752	163	163	839	839	1010	1010	95	95	123	123	13031	13031	7300	7300	174	174	93	93	3	3	8	8	1170	1170	6488	6488	328	328	1999	1999	107	107	109	109	81	81	29	29	22	22	37	37	8149	8149	1116	1116	2	2	63	63	68	68	506	506	1	1	30	30	2904	2904	6236	6236	484	484	283	283	2801	2801	5255	5255	10	10	10	10	3	3	6	6	60	60	128	128	1672	1672	568	568	11	11	3846	3846	1246	1246	1941	1941	5218	5218	980	980	112	112	167	167	3280	3280	3443	3443	39	39	158	158	936	936	1293	1293	921	921	2408	2408	1	1	21	21	47	47	57	57	81	81	36	36	3695	3695	1446	1446	1	1	246	246	974	974	67	67	2347858	2347858	1723222	1723222	4137	4137	15738	15738	454	454	360	360	1909	1909	26816	26816	200	200	18	18	564	564	546	546	56	56	180	180	359556	359556	105244	105244	118	118	171	171	284	284	141	141	540	540	24410	24410	50	50	24	24	483	483	462	462
IND00584	1678	1678	28	28	105	105	114	114	2611	2611	3156	3156	60	60	42	42	2028	2028	15404	15404	73	73	199	199	57	57	8	8	4330	4330	3169	3169	553	553	183	183	80	80	114	114	48	48	79	79	59	59	12	12	3921	3921	4273	4273	239	239	81	81	278	278	782	782	31	31	30	30	4203	4203	929	929	326	326	409	409	2854	2854	72	72	7	7	15	15	6	6	5	5	115	115	93	93	1816	1816	786	786	1924	1924	2315	2315	133	133	1816	1816	1452	1452	2097	2097	99	99	219	219	957	957	3090	3090	86	86	87	87	539	539	1845	1845	3543	3543	2386	2386	17	17	30	30	52	52	61	61	34	34	44	44	1724	1724	1539	1539	36	36	214	214	101	101	314	314	3510138	3510138	550356	550356	7	7	15753	15753	183	183	178	178	24189	24189	12029	12029	95	95	119	119	22	22	725	725	19	19	237	237	49616	49616	372831	372831	227	227	52	52	336	336	46	46	24469	24469	7792	7792	150	150	198	198	300	300	48	48
IND00585	1524	1524	990	990	139	139	116	116	6763	6763	3996	3996	84	84	115	115	3392	3392	1969	1969	117	117	57	57	63	63	32	32	5996	5996	7625	7625	1707	1707	49	49	42	42	105	105	114	114	73	73	43	43	26	26	8005	8005	3250	3250	178	178	124	124	854	854	74	74	11	11	24	24	2275	2275	5228	5228	106	106	96	96	300	300	3720	3720	12	12	13	13	9	9	16	16	114	114	128	128	614	614	798	798	3483	3483	4062	4062	1029	1029	617	617	7041	7041	7266	7266	131	131	149	149	2366	2366	3803	3803	205	205	253	253	1269	1269	293	293	2577	2577	3432	3432	28	28	23	23	114	114	54	54	30	30	30	30	463	463	1269	1269	61	61	201	201	837	837	190	190	417856	417856	4100924	4100924	2633	2633	16083	16083	292	292	327	327	26253	26253	28755	28755	87	87	108	108	1015	1015	321	321	135	135	254	254	321933	321933	433358	433358	177	177	15	15	486	486	250	250	12987	12987	16515	16515	252	252	234	234	464	464	478	478
IND00586	906	906	177	177	285	285	978	978	1273	1273	6968	6968	32	32	10	10	3176	3176	10624	10624	22	22	195	195	55	55	45	45	3112	3112	1562	1562	1769	1769	307	307	75	75	96	96	54	54	7	7	61	61	51	51	3087	3087	3780	3780	153	153	183	183	373	373	306	306	8	8	8	8	1809	1809	7631	7631	176	176	87	87	3795	3795	3488	3488	3	3	7	7	9	9	13	13	46	46	87	87	155	155	1008	1008	3848	3848	3410	3410	1320	1320	810	810	3702	3702	7461	7461	221	221	60	60	699	699	2563	2563	136	136	157	157	808	808	1421	1421	1879	1879	2062	2062	1	1	27	27	19	19	36	36	15	15	2	2	2111	2111	1325	1325	83	83	226	226	565	565	472	472	2095881	2095881	3784921	3784921	9334	9334	8357	8357	101	101	510	510	2556	2556	12359	12359	158	158	94	94	317	317	647	647	108	108	87	87	150737	150737	456074	456074	162	162	146	146	253	253	233	233	13707	13707	28569	28569	30	30	159	159	85	85	456	456
IND00587	1395	1395	1331	1331	25	25	904	904	7465	7465	6903	6903	80	80	2	2	10702	10702	12602	12602	35	35	155	155	18	18	22	22	836	836	7338	7338	1502	1502	1177	1177	81	81	17	17	62	62	54	54	43	43	12	12	5348	5348	5925	5925	232	232	134	134	190	190	189	189	32	32	3	3	1918	1918	4717	4717	68	68	150	150	1804	1804	8148	8148	7	7	6	6	4	4	6	6	101	101	33	33	1444	1444	224	224	692	692	175	175	1190	1190	444	444	5419	5419	4349	4349	189	189	174	174	1009	1009	3699	3699	10	10	46	46	1151	1151	1672	1672	3434	3434	3283	3283	1	1	24	24	51	51	92	92	101	101	101	101	1464	1464	3645	3645	130	130	132	132	548	548	346	346	2233689	2233689	2412219	2412219	7222	7222	8969	8969	238	238	175	175	31126	31126	32330	32330	16	16	139	139	572	572	730	730	17	17	5	5	274338	274338	233041	233041	173	173	178	178	171	171	275	275	3698	3698	11058	11058	217	217	180	180	224	224	496	496
IND00588	1262	1262	333	333	998	998	926	926	7686	7686	3248	3248	82	82	15	15	5875	5875	10424	10424	53	53	205	205	17	17	9	9	4550	4550	2	2	1704	1704	873	873	43	43	127	127	32	32	15	15	40	40	47	47	3089	3089	5780	5780	253	253	240	240	298	298	571	571	4	4	9	9	2626	2626	5885	5885	32	32	108	108	7774	7774	5201	5201	7	7	11	11	16	16	9	9	69	69	55	55	1078	1078	1192	1192	2039	2039	2231	2231	775	775	1786	1786	2175	2175	4163	4163	63	63	64	64	1578	1578	4083	4083	113	113	245	245	440	440	1909	1909	3415	3415	1741	1741	30	30	31	31	98	98	70	70	95	95	105	105	601	601	107	107	241	241	163	163	240	240	56	56	985836	985836	3732085	3732085	1914	1914	15431	15431	304	304	171	171	16046	16046	18588	18588	44	44	205	205	388	388	413	413	189	189	145	145	448852	448852	463895	463895	240	240	215	215	101	101	427	427	20099	20099	7866	7866	180	180	50	50	183	183	137	137
IND00589	832	832	581	581	527	527	362	362	2087	2087	6589	6589	23	23	60	60	1146	1146	10912	10912	116	116	205	205	8	8	47	47	1012	1012	7246	7246	52	52	1868	1868	57	57	59	59	95	95	32	32	27	27	39	39	4660	4660	283	283	47	47	158	158	589	589	138	138	32	32	20	20	5018	5018	49	49	295	295	183	183	1566	1566	4447	4447	3	3	2	2	16	16	15	15	1	1	14	14	1455	1455	763	763	767	767	3553	3553	1810	1810	1710	1710	3714	3714	5123	5123	231	231	131	131	330	330	1428	1428	208	208	226	226	1350	1350	709	709	573	573	321	321	24	24	15	15	32	32	48	48	91	91	6	6	1616	1616	2721	2721	178	178	62	62	635	635	421	421	3923654	3923654	497184	497184	11736	11736	1703	1703	28	28	3	3	1824	1824	4992	4992	237	237	231	231	277	277	403	403	44	44	164	164	102537	102537	395748	395748	140	140	231	231	408	408	506	506	28901	28901	13529	13529	205	205	199	199	174	174	84	84
IND00590	365	365	118	118	185	185	652	652	7150	7150	61	61	9	9	34	34	7991	7991	6288	6288	200	200	63	63	28	28	63	63	3673	3673	3642	3642	662	662	1642	1642	121	121	65	65	59	59	57	57	28	28	37	37	5731	5731	486	486	144	144	107	107	311	311	674	674	9	9	24	24	8081	8081	5870	5870	159	159	497	497	2920	2920	2489	2489	5	5	10	10	4	4	4	4	20	20	59	59	1610	1610	1504	1504	3083	3083	3057	3057	1596	1596	1634	1634	2920	2920	1731	1731	136	136	240	240	3820	3820	906	906	52	52	55	55	1093	1093	1445	1445	1206	1206	173	173	2	2	8	8	49	49	99	99	116	116	57	57	2731	2731	2919	2919	54	54	210	210	260	260	919	919	3238388	3238388	410149	410149	16378	16378	14247	14247	122	122	187	187	12073	12073	5377	5377	180	180	254	254	321	321	743	743	218	218	32	32	329627	329627	4822	4822	113	113	204	204	186	186	117	117	28179	28179	16915	16915	94	94	240	240	305	305	439	439
IND00591	1572	1572	674	674	55	55	706	706	4750	4750	7134	7134	76	76	5	5	9107	9107	4773	4773	224	224	93	93	12	12	58	58	6862	6862	6128	6128	2047	2047	1706	1706	68	68	87	87	59	59	111	111	14	14	32	32	3453	3453	2617	2617	140	140	106	106	237	237	731	731	28	28	32	32	2598	2598	3436	3436	252	252	123	123	6192	6192	8033	8033	1	1	12	12	1	1	12	12	88	88	120	120	983	983	811	811	214	214	2504	2504	1998	1998	1627	1627	2097	2097	3307	3307	17	17	134	134	3343	3343	3499	3499	228	228	217	217	1863	1863	100	100	2292	2292	2929	2929	24	24	30	30	64	64	44	44	99	99	55	55	1663	1663	3427	3427	203	203	80	80	347	347	434	434	4123701	4123701	3555441	3555441	11692	11692	2352	2352	117	117	422	422	13086	13086	11705	11705	193	193	143	143	964	964	786	786	165	165	54	54	437472	437472	424137	424137	74	74	120	120	126	126	41	41	14643	14643	31369	31369	41	41	93	93	337	337	342	342
IND00592	1770	1770	366	366	900	900	545	545	7217	7217	5878	5878	8	8	106	106	2500	2500	15598	15598	79	79	42	42	33	33	10	10	3257	3257	4065	4065	1214	1214	724	724	84	84	53	53	111	111	22	22	4	4	44	44	1519	1519	5522	5522	166	166	73	73	857	857	419	419	16	16	32	32	3081	3081	2838	2838	83	83	44	44	2746	2746	4739	4739	3	3	14	14	12	12	6	6	72	72	90	90	581	581	1366	1366	3964	3964	1859	1859	170	170	241	241	2412	2412	6731	6731	141	141	121	121	1406	1406	661	661	125	125	98	98	307	307	533	533	3566	3566	3757	3757	23	23	15	15	45	45	83	83	108	108	98	98	1300	1300	2906	2906	102	102	43	43	190	190	891	891	2711126	2711126	319816	319816	15350	15350	11671	11671	397	397	37	37	17376	17376	15854	15854	101	101	139	139	140	140	407	407	87	87	25	25	21050	21050	26715	26715	213	213	91	91	241	241	234	234	18750	18750	18182	18182	168	168	96	96	388	388	477	477
IND00593	1903	1903	595	595	290	290	436	436	3799	3799	7957	7957	15	15	50	50	6629	6629	8882	8882	102	102	244	244	53	53	40	40	6203	6203	5120	5120	1419	1419	255	255	98	98	99	99	72	72	21	21	47	47	33	33	2911	2911	3224	3224	196	196	88	88	280	280	1013	1013	24	24	31	31	6671	6671	6547	6547	491	491	152	152	1674	1674	8133	8133	11	11	3	3	5	5	3	3	37	37	16	16	1131	1131	1651	1651	4057	4057	2744	2744	1948	1948	1359	1359	4213	4213	837	837	87	87	73	73	4056	4056	2525	2525	27	27	17	17	857	857	921	921	2473	2473	1893	1893	32	32	2	2	6	6	27	27	56	56	110	110	1605	1605	3941	3941	138	138	173	173	798	798	277	277	3343610	3343610	3573909	3573909	15215	15215	1547	1547	246	246	252	252	4057	4057	4746	4746	222	222	126	126	273	273	882	882	204	204	121	121	244266	244266	409516	409516	51	51	22	22	49	49	342	342	4632	4632	13776	13776	43	43	158	158	266	266	138	138
IND00594	465	465	1272	1272	417	417	834	834	816	816	454	454	30	30	39	39	675	675	7244	7244	245	245	23	23	39	39	17	17	8170	8170	5795	5795	1650	1650	1787	1787	124	124	18	18	34	34	105	105	59	59	2	2	5983	5983	7016	7016	242	242	234	234	601	601	280	280	1	1	7	7	5966	5966	3979	3979	279	279	216	216	7166	7166	2853	2853	12	12	14	14	6	6	5	5	51	51	24	24	1601	1601	2005	2005	779	779	3648	3648	1795	1795	59	59	7624	7624	2683	2683	208	208	115	115	3070	3070	3282	3282	146	146	241	241	1874	1874	2033	2033	1103	1103	1510	1510	7	7	4	4	44	44	1	1	2	2	24	24	380	380	1790	1790	244	244	84	84	158	158	518	518	1634482	1634482	4068714	4068714	7526	7526	13004	13004	392	392	17	17	17513	17513	10973	10973	186	186	103	103	547	547	3	3	135	135	137	137	278066	278066	370130	370130	124	124	151	151	335	335	144	144	8001	8001	30816	30816	129	129	56	56	265	265	170	170
IND00595	1106	1106	1728	1728	379	379	357	357	7731	7731	6455	6455	56	56	52	52	5666	5666	1971	1971	251	251	241	241	63	63	12	12	3816	3816	2133	2133	1014	1014	1705	1705	61	61	116	116	125	125	101	101	27	27	7	7	987	987	864	864	86	86	182	182	487	487	23	23	29	29	5	5	2410	2410	3111	3111	336	336	445	445	7139	7139	2957	2957	1	1	11	11	13	13	10	10	125	125	12	12	821	821	213	213	3888	3888	2775	2775	1150	1150	682	682	7702	7702	4590	4590	122	122	204	204	3305	3305	2575	2575	231	231	205	205	1335	1335	645	645	2084	2084	3148	3148	16	16	14	14	4	4	112	112	123	123	3	3	1455	1455	2599	2599	165	165	142	142	1009	1009	33	33	298915	298915	2202529	2202529	2478	2478	9315	9315	247	247	414	414	8430	8430	15998	15998	216	216	42	42	823	823	50	50	57	57	107	107	470472	470472	429871	429871	210	210	71	71	178	178	75	75	929	929	8707	8707	147	147	38	38	274	274	231	231
IND00596	127	127	1396	1396	721	721	499	499	4890	4890	169	169	98	98	119	119	14638	14638	7628	7628	213	213	15	15	48	48	56	56	1285	1285	1393	1393	985	985	1159	1159	6	6	82	82	98	98	127	127	24	24	59	59	8081	8081	6512	6512	89	89	116	116	242	242	442	442	32	32	9	9	4791	4791	2478	2478	324	324	189	189	1705	1705	4830	4830	10	10	8	8	7	7	16	16	38	38	86	86	82	82	934	934	504	504	2390	2390	1300	1300	1183	1183	2215	2215	1865	1865	51	51	240	240	3737	3737	3670	3670	136	136	132	132	1480	1480	790	790	1309	1309	1996	1996	25	25	15	15	85	85	29	29	90	90	74	74	3525	3525	3123	3123	189	189	232	232	217	217	904	904	2115631	2115631	1253096	1253096	2483	2483	12997	12997	460	460	471	471	13144	13144	10040	10040	159	159	147	147	20	20	828	828	65	65	45	45	462146	462146	324635	324635	148	148	121	121	497	497	108	108	29031	29031	3665	3665	177	177	172	172	472	472	194	194
IND00597	58	58	1998	1998	767	767	31	31	8073	8073	6478	6478	46	46	3	3	5336	5336	9216	9216	43	43	62	62	18	18	48	48	4250	4250	4749	4749	28	28	1700	1700	66	66	49	49	41	41	40	40	44	44	29	29	4979	4979	5952	5952	33	33	218	218	438	438	734	734	17	17	3	3	842	842	1132	1132	101	101	508	508	2704	2704	6202	6202	9	9	14	14	7	7	9	9	118	118	3	3	124	124	197	197	3009	3009	1783	1783	518	518	1619	1619	1178	1178	5807	5807	20	20	62	62	772	772	1270	1270	99	99	57	57	1488	1488	1675	1675	1086	1086	2391	2391	24	24	11	11	5	5	35	35	43	43	41	41	934	934	637	637	45	45	4	4	5	5	635	635	1961409	1961409	1748304	1748304	13440	13440	12511	12511	490	490	336	336	3478	3478	13484	13484	126	126	9	9	762	762	389	389	75	75	90	90	8107	8107	391217	391217	87	87	116	116	102	102	476	476	27452	27452	16377	16377	241	241	75	75	411	411	363	363
IND00598	744	744	570	570	1006	1006	407	407	5717	5717	5398	5398	101	101	78	78	4458	4458	488	488	152	152	17	17	19	19	42	42	5497	5497	5105	5105	459	459	370	370	33	33	48	48	84	84	76	76	13	13	53	53	3984	3984	8124	8124	28	28	219	219	340	340	305	305	2	2	24	24	2254	2254	6836	6836	506	506	99	99	1847	1847	3205	3205	11	11	10	10	10	10	15	15	33	33	77	77	1809	1809	183	183	3004	3004	2029	2029	1965	1965	1329	1329	2645	2645	3053	3053	41	41	213	213	3970	3970	1462	1462	92	92	90	90	1026	1026	1594	1594	1832	1832	1244	1244	14	14	17	17	122	122	10	10	52	52	101	101	2691	2691	2329	2329	115	115	143	143	373	373	247	247	2203847	2203847	2764568	2764568	15967	15967	13117	13117	97	97	352	352	8023	8023	9859	9859	72	72	184	184	354	354	48	48	197	197	48	48	244204	244204	281034	281034	214	214	235	235	259	259	178	178	18615	18615	11798	11798	1	1	145	145	423	423	466	466
IND00599	635	635	1036	1036	711	711	263	263	924	924	7340	7340	106	106	42	42	12736	12736	107	107	12	12	156	156	1	1	63	63	750	750	413	413	194	194	1767	1767	3	3	73	73	23	23	106	106	16	16	49	49	6863	6863	3105	3105	81	81	167	167	989	989	117	117	11	11	3	3	321	321	5247	5247	54	54	336	336	5731	5731	1138	1138	6	6	15	15	13	13	3	3	60	60	61	61	1022	1022	1999	1999	2545	2545	3952	3952	675	675	24	24	1808	1808	2002	2002	13	13	154	154	755	755	753	753	239	239	33	33	777	777	1653	1653	3376	3376	1625	1625	1	1	9	9	72	72	126	126	77	77	5	5	565	565	1460	1460	19	19	173	173	64	64	734	734	3099251	3099251	3860954	3860954	6626	6626	11919	11919	65	65	88	88	12316	12316	20134	20134	237	237	8	8	279	279	697	697	116	116	82	82	329503	329503	433284	433284	116	116	192	192	397	397	283	283	26255	26255	13400	13400	66	66	172	172	503	503	211	211
IND00600	2033	2033	1319	1319	309	309	569	569	6987	6987	5238	5238	90	90	60	60	1493	1493	3824	3824	228	228	98	98	62	62	11	11	7698	7698	6173	6173	1796	1796	1748	1748	127	127	126	126	99	99	29	29	31	31	38	38	947	947	6144	6144	10	10	96	96	921	921	64	64	8	8	1	1	1314	1314	5223	5223	25	25	127	127	4788	4788	1764	1764	12	12	11	11	13	13	7	7	101	101	100	100	994	994	1848	1848	2350	2350	1456	1456	39	39	1336	1336	3967	3967	4599	4599	253	253	105	105	1834	1834	1720	1720	101	101	221	221	1240	1240	48	48	2927	2927	2056	2056	17	17	28	28	30	30	102	102	106	106	22	22	3528	3528	3877	3877	174	174	107	107	291	291	332	332	3212042	3212042	1826181	1826181	12083	12083	711	711	220	220	306	306	293	293	2738	2738	224	224	52	52	151	151	1	1	253	253	112	112	7258	7258	407334	407334	6	6	163	163	499	499	286	286	2224	2224	5586	5586	217	217	137	137	300	300	259	259
IND00601	1368	1368	31	31	619	619	526	526	5861	5861	7430	7430	38	38	2	2	6320	6320	13300	13300	252	252	221	221	51	51	13	13	5565	5565	6896	6896	995	995	706	706	126	126	16	16	71	71	85	85	3	3	10	10	1967	1967	5130	5130	151	151	44	44	917	917	843	843	28	28	26	26	6337	6337	1074	1074	493	493	337	337	6680	6680	127	127	7	7	12	12	5	5	2	2	48	48	30	30	1763	1763	817	817	3180	3180	2215	2215	1560	1560	1989	1989	1903	1903	7507	7507	106	106	45	45	3268	3268	1784	1784	131	131	87	87	1009	1009	169	169	407	407	456	456	14	14	16	16	21	21	81	81	116	116	67	67	2282	2282	1050	1050	170	170	76	76	663	663	737	737	2361452	2361452	3283459	3283459	8366	8366	10689	10689	111	111	223	223	11616	11616	6915	6915	185	185	219	219	978	978	536	536	28	28	203	203	317815	317815	391213	391213	215	215	249	249	213	213	6	6	23525	23525	2099	2099	244	244	101	101	50	50	402	402
IND00602	1172	1172	1024	1024	693	693	6	6	7279	7279	3275	3275	28	28	64	64	6801	6801	9358	9358	9	9	220	220	27	27	22	22	4464	4464	5084	5084	345	345	1977	1977	50	50	3	3	29	29	15	15	1	1	53	53	2746	2746	7927	7927	191	191	50	50	510	510	928	928	28	28	5	5	2510	2510	6739	6739	430	430	323	323	7824	7824	3797	3797	7	7	14	14	10	10	10	10	92	92	93	93	199	199	652	652	4044	4044	609	609	1103	1103	1616	1616	853	853	756	756	152	152	45	45	3203	3203	2506	2506	2	2	146	146	1558	1558	1892	1892	157	157	1355	1355	12	12	17	17	24	24	89	89	2	2	101	101	656	656	2263	2263	254	254	241	241	435	435	527	527	1504047	1504047	83802	83802	10583	10583	9780	9780	10	10	75	75	22022	22022	4278	4278	213	213	78	78	323	323	275	275	9	9	5	5	191274	191274	191500	191500	8	8	131	131	129	129	21	21	13162	13162	31433	31433	178	178	127	127	103	103	180	180
IND00603	1498	1498	1530	1530	516	516	669	669	5551	5551	7007	7007	113	113	100	100	5268	5268	7987	7987	139	139	67	67	34	34	64	64	8022	8022	2883	2883	671	671	621	621	25	25	78	78	39	39	81	81	16	16	21	21	7262	7262	6441	6441	25	25	185	185	747	747	512	512	28	28	9	9	4067	4067	5038	5038	315	315	432	432	884	884	7861	7861	5	5	12	12	1	1	15	15	74	74	64	64	1049	1049	2004	2004	953	953	846	846	638	638	1020	1020	1584	1584	1228	1228	169	169	103	103	272	272	1535	1535	256	256	236	236	801	801	1466	1466	1450	1450	3716	3716	25	25	6	6	92	92	120	120	78	78	111	111	1987	1987	612	612	256	256	100	100	785	785	589	589	3768608	3768608	2281415	2281415	13699	13699	7615	7615	154	154	96	96	3840	3840	7321	7321	29	29	72	72	443	443	893	893	112	112	221	221	133082	133082	12403	12403	33	33	176	176	159	159	425	425	30289	30289	28770	28770	107	107	10	10	261	261	241	241
IND00604	1310	1310	1858	1858	383	383	185	185	4095	4095	4266	4266	92	92	48	48	3898	3898	14207	14207	181	181	190	190	15	15	9	9	7484	7484	5685	5685	208	208	615	615	21	21	86	86	79	79	33	33	22	22	18	18	4824	4824	5267	5267	219	219	238	238	524	524	311	311	18	18	22	22	6380	6380	1820	1820	349	349	70	70	1145	1145	6973	6973	13	13	10	10	12	12	3	3	34	34	10	10	621	621	1912	1912	2452	2452	1948	1948	1219	1219	450	450	1961	1961	4049	4049	23	23	133	133	3692	3692	1526	1526	11	11	58	58	542	542	1185	1185	3096	3096	1880	1880	10	10	29	29	124	124	63	63	90	90	101	101	1287	1287	1978	1978	47	47	97	97	340	340	401	401	471202	471202	3230893	3230893	16311	16311	4350	4350	92	92	342	342	9640	9640	32642	32642	150	150	117	117	261	261	399	399	141	141	176	176	91879	91879	179508	179508	190	190	132	132	177	177	45	45	19081	19081	13884	13884	2	2	169	169	39	39	402	402
IND00605	106	106	1990	1990	593	593	945	945	1095	1095	6276	6276	22	22	78	78	15458	15458	16338	16338	154	154	29	29	33	33	15	15	286	286	2317	2317	69	69	871	871	21	21	73	73	18	18	2	2	43	43	2	2	3698	3698	2664	2664	177	177	128	128	967	967	556	556	21	21	15	15	7839	7839	5191	5191	417	417	217	217	4084	4084	3107	3107	4	4	14	14	12	12	7	7	90	90	125	125	1194	1194	823	823	2033	2033	2265	2265	1728	1728	754	754	4986	4986	7131	7131	177	177	140	140	2160	2160	2037	2037	158	158	14	14	546	546	445	445	969	969	3122	3122	10	10	3	3	108	108	107	107	49	49	39	39	3290	3290	3981	3981	57	57	249	249	702	702	242	242	448403	448403	2946153	2946153	5852	5852	1032	1032	113	113	104	104	16258	16258	6194	6194	238	238	140	140	681	681	212	212	166	166	10	10	419788	419788	84152	84152	21	21	101	101	44	44	98	98	10149	10149	18073	18073	75	75	76	76	94	94	314	314
IND00606	1453	1453	716	716	123	123	223	223	1951	1951	5881	5881	127	127	125	125	10397	10397	7248	7248	11	11	149	149	47	47	14	14	3957	3957	7344	7344	140	140	1036	1036	102	102	10	10	105	105	108	108	57	57	17	17	2483	2483	5895	5895	125	125	214	214	195	195	226	226	21	21	27	27	7423	7423	2501	2501	225	225	412	412	72	72	3090	3090	8	8	16	16	3	3	14	14	69	69	85	85	526	526	299	299	3614	3614	3654	3654	1681	1681	1915	1915	8144	8144	1576	1576	189	189	110	110	1080	1080	1096	1096	93	93	157	157	372	372	31	31	2067	2067	290	290	11	11	16	16	122	122	23	23	91	91	109	109	2207	2207	1503	1503	151	151	107	107	804	804	440	440	1501543	1501543	1356806	1356806	4634	4634	14453	14453	419	419	183	183	19842	19842	10630	10630	155	155	1	1	957	957	578	578	252	252	213	213	366746	366746	197809	197809	28	28	117	117	286	286	262	262	9453	9453	10335	10335	156	156	174	174	83	83	85	85
IND00607	938	938	1752	1752	178	178	973	973	3313	3313	4820	4820	2	2	81	81	6886	6886	15039	15039	46	46	102	102	27	27	55	55	1406	1406	948	948	1823	1823	1687	1687	71	71	13	13	21	21	93	93	50	50	36	36	7394	7394	5623	5623	18	18	43	43	153	153	717	717	30	30	19	19	2150	2150	5098	5098	26	26	108	108	1031	1031	4011	4011	11	11	6	6	5	5	9	9	108	108	9	9	1673	1673	621	621	291	291	3094	3094	1741	1741	542	542	4793	4793	2247	2247	188	188	59	59	2183	2183	2647	2647	1	1	246	246	305	305	749	749	2909	2909	4029	4029	20	20	6	6	43	43	64	64	80	80	80	80	1452	1452	2640	2640	107	107	65	65	91	91	985	985	3990034	3990034	3598266	3598266	7347	7347	2702	2702	29	29	342	342	7471	7471	17780	17780	118	118	167	167	296	296	357	357	227	227	18	18	62830	62830	119080	119080	76	76	139	139	452	452	222	222	17850	17850	18592	18592	35	35	75	75	259	259	271	271
IND00608	1141	1141	169	169	261	261	946	946	1297	1297	6356	6356	72	72	113	113	1142	1142	8889	8889	59	59	105	105	34	34	54	54	6943	6943	224	224	1925	1925	995	995	49	49	33	33	110	110	61	61	28	28	32	32	2016	2016	2047	2047	19	19	28	28	37	37	781	781	11	11	6	6	676	676	8167	8167	149	149	105	105	2885	2885	271	271	10	10	1	1	15	15	15	15	86	86	5	5	1414	1414	256	256	3753	3753	296	296	357	357	323	323	1407	1407	4478	4478	228	228	225	225	3333	3333	3208	3208	195	195	152	152	86	86	248	248	1002	1002	2604	2604	8	8	26	26	66	66	84	84	36	36	99	99	369	369	1101	1101	5	5	187	187	836	836	636	636	3234307	3234307	861528	861528	13925	13925	3598	3598	50	50	87	87	11250	11250	11784	11784	210	210	24	24	876	876	292	292	163	163	53	53	199212	199212	108389	108389	114	114	123	123	46	46	74	74	4778	4778	1294	1294	198	198	90	90	184	184	186	186
IND00609	559	559	1532	1532	196	196	650	650	1479	1479	2315	2315	49	49	123	123	12366	12366	8877	8877	192	192	66	66	25	25	22	22	1563	1563	5444	5444	1589	1589	830	830	21	21	32	32	10	10	27	27	18	18	5	5	3000	3000	3646	3646	24	24	151	151	1	1	771	771	13	13	12	12	6422	6422	1124	1124	254	254	357	357	7243	7243	5589	5589	16	16	8	8	12	12	7	7	77	77	78	78	1663	1663	1149	1149	1944	1944	2551	2551	177	177	855	855	2648	2648	7992	7992	36	36	37	37	306	306	3862	3862	197	197	215	215	1158	1158	1582	1582	99	99	2957	2957	11	11	21	21	26	26	11	11	38	38	86	86	1844	1844	705	705	224	224	68	68	916	916	87	87	567329	567329	4037257	4037257	7415	7415	1472	1472	68	68	391	391	32564	32564	31192	31192	65	65	149	149	189	189	92	92	175	175	9	9	113459	113459	189148	189148	25	25	124	124	72	72	410	410	6857	6857	25239	25239	194	194	136	136	170	170	177	177
IND00610	573	573	176	176	404	404	641	641	7301	7301	6566	6566	40	40	91	91	8857	8857	7833	7833	43	43	46	46	17	17	64	64	2224	2224	7513	7513	1730	1730	134	134	25	25	82	82	110	110	78	78	24	24	46	46	2214	2214	3149	3149	195	195	71	71	979	979	940	940	29	29	22	22	6275	6275	2405	2405	36	36	87	87	3503	3503	6982	6982	15	15	6	6	14	14	14	14	124	124	7	7	1639	1639	1017	1017	1559	1559	3941	3941	1627	1627	1041	1041	4528	4528	7067	7067	166	166	102	102	740	740	1438	1438	103	103	14	14	1572	1572	1525	1525	3384	3384	3138	3138	4	4	13	13	127	127	34	34	5	5	121	121	3231	3231	3403	3403	241	241	85	85	331	331	667	667	258527	258527	2652215	2652215	9659	9659	368	368	77	77	302	302	15601	15601	25327	25327	77	77	63	63	461	461	209	209	239	239	96	96	405701	405701	261523	261523	237	237	39	39	341	341	84	84	25358	25358	4843	4843	200	200	55	55	68	68	389	389
IND00611	1739	1739	495	495	284	284	771	771	4628	4628	6326	6326	64	64	47	47	775	775	8570	8570	130	130	182	182	22	22	8	8	5484	5484	647	647	1681	1681	421	421	72	72	83	83	61	61	108	108	2	2	26	26	5896	5896	6229	6229	256	256	80	80	417	417	504	504	23	23	15	15	3936	3936	2244	2244	141	141	509	509	3340	3340	1453	1453	2	2	3	3	9	9	4	4	102	102	125	125	286	286	1056	1056	2302	2302	3518	3518	881	881	137	137	5077	5077	982	982	22	22	72	72	594	594	1564	1564	180	180	254	254	1453	1453	793	793	556	556	866	866	1	1	27	27	93	93	12	12	47	47	110	110	2617	2617	1583	1583	2	2	254	254	485	485	277	277	2396841	2396841	4096123	4096123	8697	8697	5020	5020	172	172	117	117	8696	8696	24578	24578	206	206	245	245	751	751	713	713	99	99	184	184	71387	71387	507978	507978	22	22	146	146	365	365	297	297	10628	10628	8381	8381	128	128	14	14	386	386	380	380
IND00612	1373	1373	1630	1630	777	777	350	350	2452	2452	7775	7775	40	40	66	66	2615	2615	2240	2240	4	4	149	149	25	25	32	32	2769	2769	7073	7073	971	971	1378	1378	78	78	4	4	16	16	47	47	49	49	10	10	5995	5995	5104	5104	154	154	15	15	640	640	930	930	20	20	16	16	4730	4730	2472	2472	351	351	59	59	7168	7168	1933	1933	6	6	8	8	1	1	7	7	125	125	94	94	1933	1933	769	769	68	68	3704	3704	1374	1374	1470	1470	100	100	904	904	156	156	222	222	2188	2188	2907	2907	162	162	201	201	717	717	1903	1903	12	12	4023	4023	6	6	11	11	108	108	30	30	41	41	54	54	1025	1025	713	713	6	6	55	55	543	543	508	508	1577632	1577632	2655650	2655650	3443	3443	5647	5647	457	457	257	257	28373	28373	10739	10739	226	226	208	208	877	877	298	298	62	62	93	93	378924	378924	479209	479209	88	88	151	151	222	222	230	230	20200	20200	881	881	105	105	12	12	112	112	113	113
IND00613	943	943	1134	1134	305	305	408	408	5325	5325	1376	1376	61	61	3	3	11127	11127	5977	5977	143	143	6	6	47	47	48	48	4379	4379	6187	6187	908	908	840	840	59	59	58	58	117	117	51	51	32	32	38	38	3941	3941	1734	1734	89	89	137	137	220	220	906	906	17	17	26	26	3153	3153	5364	5364	326	326	215	215	1147	1147	2158	2158	11	11	14	14	1	1	3	3	14	14	9	9	974	974	969	969	2837	2837	298	298	61	61	38	38	2011	2011	2020	2020	50	50	24	24	3107	3107	2222	2222	156	156	33	33	38	38	2011	2011	3762	3762	780	780	2	2	24	24	59	59	92	92	2	2	39	39	959	959	2207	2207	82	82	198	198	51	51	131	131	2833799	2833799	261787	261787	15956	15956	4388	4388	249	249	325	325	31726	31726	17442	17442	230	230	62	62	466	466	562	562	110	110	254	254	460837	460837	24509	24509	75	75	39	39	328	328	357	357	2044	2044	11549	11549	71	71	195	195	325	325	98	98
IND00614	634	634	1080	1080	121	121	59	59	6553	6553	5043	5043	125	125	118	118	6610	6610	9127	9127	28	28	163	163	53	53	42	42	6178	6178	5554	5554	788	788	89	89	82	82	37	37	101	101	44	44	39	39	3	3	741	741	6211	6211	141	141	207	207	988	988	618	618	8	8	9	9	5902	5902	799	799	384	384	383	383	480	480	2567	2567	15	15	10	10	14	14	16	16	82	82	101	101	1669	1669	480	480	2872	2872	43	43	1659	1659	1312	1312	1078	1078	2442	2442	20	20	235	235	3922	3922	779	779	87	87	220	220	314	314	944	944	1192	1192	579	579	1	1	19	19	100	100	71	71	29	29	40	40	784	784	2847	2847	243	243	255	255	993	993	915	915	3954037	3954037	3715510	3715510	12547	12547	3899	3899	219	219	214	214	3588	3588	30819	30819	253	253	77	77	981	981	753	753	107	107	122	122	264760	264760	490828	490828	248	248	166	166	343	343	367	367	17927	17927	20253	20253	20	20	127	127	254	254	164	164
IND00615	1188	1188	835	835	709	709	598	598	4575	4575	3779	3779	67	67	66	66	1302	1302	12071	12071	239	239	224	224	38	38	36	36	5077	5077	5217	5217	241	241	577	577	45	45	105	105	121	121	59	59	2	2	18	18	498	498	7927	7927	252	252	145	145	172	172	395	395	15	15	18	18	4549	4549	6883	6883	55	55	443	443	7047	7047	2563	2563	13	13	4	4	2	2	1	1	75	75	36	36	1397	1397	753	753	2359	2359	3410	3410	1764	1764	1786	1786	2552	2552	7587	7587	22	22	46	46	3107	3107	2747	2747	69	69	128	128	1671	1671	1774	1774	615	615	2390	2390	6	6	7	7	97	97	96	96	87	87	50	50	1617	1617	182	182	211	211	31	31	678	678	696	696	3125837	3125837	3555529	3555529	7126	7126	13895	13895	292	292	244	244	26173	26173	26446	26446	61	61	47	47	664	664	821	821	85	85	154	154	388696	388696	190213	190213	109	109	206	206	217	217	485	485	11034	11034	1636	1636	144	144	110	110	400	400	450	450
IND00616	1540	1540	1186	1186	597	597	544	544	2517	2517	3546	3546	66	66	67	67	4937	4937	5417	5417	115	115	72	72	25	25	56	56	2390	2390	2401	2401	503	503	1943	1943	55	55	94	94	34	34	59	59	8	8	22	22	1518	1518	217	217	87	87	152	152	891	891	314	314	4	4	13	13	1761	1761	3268	3268	380	380	292	292	7910	7910	4360	4360	10	10	2	2	9	9	7	7	4	4	116	116	351	351	922	922	1536	1536	2654	2654	71	71	1519	1519	3268	3268	2678	2678	163	163	204	204	1754	1754	3846	3846	27	27	157	157	221	221	1275	1275	2341	2341	910	910	15	15	22	22	38	38	38	38	32	32	40	40	2869	2869	3696	3696	120	120	157	157	1016	1016	608	608	1238717	1238717	1617694	1617694	11193	11193	911	911	215	215	15	15	20151	20151	16746	16746	245	245	60	60	223	223	21	21	246	246	31	31	359037	359037	520825	520825	95	95	96	96	67	67	510	510	11790	11790	26378	26378	78	78	213	213	195	195	109	109
IND00617	272	272	357	357	540	540	116	116	6961	6961	2281	2281	20	20	57	57	13923	13923	7143	7143	93	93	122	122	46	46	30	30	629	629	6023	6023	987	987	1805	1805	123	123	1	1	127	127	42	42	29	29	9	9	1092	1092	966	966	74	74	129	129	187	187	55	55	8	8	15	15	3433	3433	3182	3182	111	111	216	216	4305	4305	4992	4992	3	3	1	1	1	1	13	13	69	69	97	97	1957	1957	374	374	409	409	223	223	1070	1070	1101	1101	6810	6810	7337	7337	241	241	234	234	1797	1797	3541	3541	249	249	131	131	1579	1579	1896	1896	3516	3516	3449	3449	32	32	31	31	31	31	17	17	115	115	96	96	677	677	1311	1311	38	38	38	38	987	987	434	434	3559575	3559575	3050216	3050216	303	303	4046	4046	360	360	4	4	31494	31494	17035	17035	140	140	66	66	541	541	258	258	90	90	28	28	122043	122043	57517	57517	189	189	175	175	155	155	240	240	20963	20963	21833	21833	21	21	41	41	69	69	23	23
IND00618	51	51	998	998	960	960	470	470	3768	3768	3544	3544	9	9	105	105	14182	14182	7384	7384	131	131	119	119	8	8	64	64	226	226	7049	7049	321	321	1516	1516	53	53	82	82	88	88	14	14	56	56	40	40	3879	3879	5855	5855	62	62	197	197	872	872	1023	1023	28	28	31	31	6136	6136	7310	7310	263	263	167	167	7733	7733	7899	7899	10	10	12	12	9	9	4	4	67	67	71	71	2013	2013	1623	1623	775	775	1481	1481	531	531	751	751	4529	4529	7418	7418	24	24	77	77	2352	2352	2527	2527	188	188	76	76	1845	1845	557	557	1430	1430	2868	2868	18	18	8	8	43	43	102	102	22	22	113	113	3306	3306	1537	1537	82	82	185	185	348	348	578	578	1131779	1131779	3290574	3290574	8914	8914	3712	3712	70	70	217	217	9691	9691	19869	19869	124	124	130	130	664	664	709	709	229	229	137	137	261265	261265	427690	427690	143	143	220	220	232	232	305	305	27088	27088	15000	15000	256	256	34	34	293	293	430	430
IND00619	813	813	593	593	794	794	282	282	6818	6818	92	92	50	50	38	38	9073	9073	12751	12751	163	163	81	81	3	3	45	45	7552	7552	3694	3694	855	855	832	832	62	62	50	50	34	34	60	60	9	9	47	47	4173	4173	4876	4876	193	193	162	162	254	254	248	248	17	17	32	32	433	433	5859	5859	385	385	45	45	7233	7233	3220	3220	2	2	14	14	7	7	7	7	86	86	69	69	1316	1316	941	941	906	906	1446	1446	53	53	1902	1902	5181	5181	2357	2357	180	180	93	93	2259	2259	1222	1222	194	194	144	144	121	121	520	520	3726	3726	3410	3410	32	32	22	22	122	122	91	91	47	47	8	8	3229	3229	3182	3182	28	28	119	119	621	621	919	919	1448013	1448013	2678843	2678843	7267	7267	1096	1096	162	162	423	423	6107	6107	14138	14138	218	218	141	141	813	813	836	836	24	24	50	50	233321	233321	74221	74221	246	246	182	182	335	335	27	27	9017	9017	24466	24466	220	220	144	144	141	141	94	94
IND00620	582	582	632	632	977	977	324	324	2399	2399	6381	6381	88	88	63	63	1100	1100	16237	16237	249	249	190	190	55	55	55	55	478	478	284	284	170	170	151	151	17	17	63	63	122	122	92	92	53	53	61	61	5650	5650	4310	4310	104	104	90	90	92	92	106	106	22	22	11	11	6474	6474	7590	7590	270	270	434	434	4044	4044	470	470	4	4	1	1	15	15	10	10	58	58	103	103	1990	1990	1407	1407	3747	3747	1738	1738	1863	1863	137	137	1053	1053	7758	7758	9	9	45	45	2380	2380	3673	3673	238	238	96	96	635	635	17	17	2436	2436	3096	3096	13	13	15	15	50	50	91	91	26	26	35	35	1905	1905	1073	1073	192	192	201	201	121	121	566	566	3935681	3935681	1979109	1979109	10387	10387	12702	12702	241	241	195	195	14164	14164	8264	8264	238	238	115	115	666	666	61	61	130	130	87	87	265837	265837	283704	283704	82	82	171	171	206	206	428	428	1079	1079	8402	8402	76	76	135	135	220	220	354	354
IND00621	808	808	225	225	264	264	319	319	6833	6833	7416	7416	62	62	73	73	14902	14902	14049	14049	27	27	5	5	44	44	38	38	748	748	2871	2871	1043	1043	106	106	119	119	9	9	10	10	76	76	12	12	33	33	1343	1343	2369	2369	164	164	125	125	24	24	183	183	18	18	23	23	5530	5530	1981	1981	454	454	199	199	1219	1219	5605	5605	16	16	4	4	5	5	5	5	122	122	70	70	294	294	1830	1830	1529	1529	441	441	1970	1970	1708	1708	1076	1076	4403	4403	48	48	255	255	3212	3212	516	516	196	196	112	112	107	107	1337	1337	1890	1890	3173	3173	18	18	16	16	12	12	80	80	50	50	35	35	3283	3283	3024	3024	181	181	159	159	387	387	581	581	1046157	1046157	2257628	2257628	5190	5190	16053	16053	166	166	169	169	29778	29778	18419	18419	104	104	66	66	451	451	751	751	152	152	186	186	154805	154805	238869	238869	153	153	133	133	180	180	499	499	17172	17172	22840	22840	109	109	59	59	67	67	88	88
IND00622	1278	1278	1410	1410	682	682	200	200	1202	1202	5538	5538	21	21	65	65	10407	10407	7359	7359	128	128	40	40	20	20	49	49	6633	6633	7641	7641	2011	2011	2012	2012	107	107	88	88	48	48	17	17	49	49	42	42	4342	4342	1142	1142	184	184	145	145	286	286	235	235	20	20	18	18	2958	2958	7149	7149	214	214	394	394	544	544	6761	6761	11	11	1	1	5	5	10	10	52	52	78	78	20	20	586	586	214	214	3596	3596	359	359	2048	2048	7790	7790	4618	4618	173	173	5	5	1675	1675	2945	2945	200	200	212	212	323	323	479	479	2515	2515	2099	2099	25	25	26	26	65	65	72	72	74	74	117	117	3405	3405	1812	1812	210	210	228	228	397	397	336	336	1411029	1411029	1227615	1227615	1742	1742	2367	2367	214	214	204	204	17950	17950	90	90	49	49	193	193	755	755	634	634	212	212	115	115	357783	357783	16106	16106	106	106	6	6	428	428	145	145	10116	10116	31929	31929	24	24	215	215	56	56	291	291
IND00623	300	300	1003	1003	470	470	810	810	7998	7998	6095	6095	9	9	5	5	1791	1791	2036	2036	127	127	182	182	20	20	15	15	2981	2981	743	743	1068	1068	518	518	28	28	34	34	117	117	74	74	3	3	8	8	7697	7697	6006	6006	239	239	140	140	734	734	833	833	27	27	4	4	4964	4964	5219	5219	425	425	426	426	3153	3153	5110	5110	4	4	7	7	1	1	2	2	74	74	30	30	1055	1055	1494	1494	385	385	1545	1545	1092	1092	1447	1447	3204	3204	7047	7047	113	113	116	116	1663	1663	1999	1999	241	241	82	82	479	479	1694	1694	2628	2628	168	168	22	22	19	19	75	75	90	90	123	123	56	56	2581	2581	2136	2136	136	136	226	226	948	948	606	606	2947270	2947270	3843503	3843503	1453	1453	1754	1754	490	490	440	440	32179	32179	24374	24374	142	142	11	11	134	134	355	355	218	218	222	222	364963	364963	111706	111706	214	214	117	117	322	322	305	305	25184	25184	32061	32061	24	24	249	249	421	421	132	132
IND00624	1565	1565	492	492	519	519	813	813	6362	6362	5549	5549	83	83	127	127	2227	2227	5736	5736	95	95	214	214	30	30	55	55	5495	5495	6664	6664	261	261	1260	1260	29	29	50	50	28	28	65	65	51	51	22	22	7461	7461	1752	1752	195	195	165	165	191	191	853	853	3	3	2	2	1705	1705	6475	6475	160	160	424	424	2351	2351	382	382	1	1	3	3	11	11	15	15	59	59	19	19	1739	1739	470	470	856	856	3573	3573	190	190	1807	1807	1414	1414	3145	3145	146	146	219	219	1688	1688	914	914	14	14	16	16	1918	1918	868	868	3548	3548	3468	3468	10	10	7	7	44	44	84	84	33	33	79	79	3740	3740	3836	3836	154	154	48	48	176	176	378	378	236440	236440	1475593	1475593	6194	6194	2638	2638	182	182	357	357	30985	30985	2295	2295	10	10	218	218	438	438	20	20	54	54	160	160	307039	307039	376720	376720	77	77	13	13	134	134	34	34	14236	14236	18132	18132	181	181	17	17	216	216	367	367
IND00625	1555	1555	1819	1819	78	78	862	862	7893	7893	4375	4375	98	98	32	32	9505	9505	7464	7464	195	195	129	129	28	28	22	22	2685	2685	7626	7626	209	209	2037	2037	2	2	70	70	90	90	75	75	21	21	40	40	5099	5099	7406	7406	113	113	92	92	851	851	291	291	7	7	30	30	3462	3462	2087	2087	51	51	238	238	2951	2951	4072	4072	15	15	3	3	4	4	11	11	10	10	118	118	2014	2014	191	191	1390	1390	3751	3751	1427	1427	518	518	5583	5583	152	152	19	19	45	45	94	94	2090	2090	168	168	149	149	1258	1258	1501	1501	471	471	3848	3848	11	11	13	13	40	40	9	9	46	46	31	31	2551	2551	1155	1155	93	93	96	96	569	569	195	195	880328	880328	2492800	2492800	10174	10174	12820	12820	197	197	99	99	6256	6256	1242	1242	205	205	138	138	687	687	927	927	19	19	232	232	311807	311807	157051	157051	188	188	51	51	371	371	308	308	22575	22575	25003	25003	13	13	3	3	316	316	312	312
IND00626	938	938	1890	1890	926	926	646	646	7406	7406	5515	5515	17	17	16	16	7857	7857	2094	2094	182	182	83	83	55	55	59	59	3118	3118	6456	6456	907	907	1405	1405	118	118	22	22	43	43	68	68	51	51	33	33	6681	6681	5115	5115	216	216	198	198	771	771	700	700	16	16	8	8	117	117	5094	5094	89	89	291	291	1439	1439	7911	7911	3	3	11	11	8	8	10	10	11	11	38	38	1569	1569	261	261	108	108	3877	3877	79	79	1959	1959	5281	5281	5460	5460	78	78	127	127	1833	1833	1974	1974	32	32	17	17	565	565	1736	1736	2482	2482	460	460	32	32	16	16	6	6	127	127	104	104	45	45	1607	1607	3020	3020	109	109	56	56	606	606	529	529	2923833	2923833	4145737	4145737	2677	2677	3602	3602	359	359	401	401	10335	10335	10181	10181	146	146	179	179	623	623	59	59	35	35	150	150	63796	63796	69312	69312	173	173	255	255	461	461	501	501	14527	14527	17678	17678	179	179	90	90	509	509	179	179
IND00627	3	3	2001	2001	904	904	107	107	4557	4557	7006	7006	77	77	82	82	530	530	1153	1153	149	149	107	107	37	37	12	12	2752	2752	509	509	559	559	60	60	73	73	91	91	40	40	29	29	52	52	53	53	1186	1186	5158	5158	110	110	101	101	537	537	190	190	2	2	3	3	6849	6849	4016	4016	294	294	335	335	3008	3008	7603	7603	5	5	11	11	14	14	5	5	108	108	22	22	1826	1826	486	486	1013	1013	3256	3256	965	965	116	116	6868	6868	7471	7471	186	186	172	172	2786	2786	683	683	150	150	40	40	1446	1446	1018	1018	3710	3710	2629	2629	15	15	16	16	42	42	89	89	93	93	7	7	3258	3258	2607	2607	213	213	175	175	876	876	574	574	3380749	3380749	2212417	2212417	3791	3791	9937	9937	331	331	14	14	25212	25212	24550	24550	170	170	106	106	587	587	870	870	63	63	67	67	106004	106004	161510	161510	24	24	87	87	267	267	501	501	29096	29096	30545	30545	183	183	105	105	17	17	428	428
IND00628	467	467	1152	1152	659	659	205	205	7677	7677	4781	4781	124	124	103	103	5183	5183	10642	10642	161	161	168	168	23	23	19	19	5506	5506	2978	2978	1268	1268	1652	1652	100	100	85	85	41	41	86	86	44	44	34	34	2810	2810	4470	4470	208	208	91	91	414	414	779	779	11	11	17	17	7670	7670	5170	5170	309	309	461	461	7845	7845	5800	5800	1	1	10	10	7	7	14	14	64	64	9	9	8	8	1320	1320	2487	2487	3094	3094	1254	1254	1299	1299	1024	1024	6883	6883	205	205	116	116	2711	2711	199	199	11	11	225	225	1131	1131	255	255	3589	3589	1830	1830	10	10	5	5	96	96	65	65	103	103	104	104	1374	1374	2660	2660	128	128	68	68	977	977	525	525	580397	580397	1620102	1620102	2440	2440	8598	8598	248	248	147	147	11950	11950	19282	19282	52	52	162	162	1006	1006	167	167	243	243	13	13	389943	389943	156217	156217	242	242	2	2	240	240	441	441	22584	22584	24903	24903	249	249	227	227	331	331	310	310
IND00629	669	669	2001	2001	827	827	416	416	7862	7862	4739	4739	84	84	82	82	6508	6508	762	762	96	96	154	154	38	38	13	13	3878	3878	3063	3063	174	174	1207	1207	110	110	6	6	76	76	21	21	6	6	12	12	6414	6414	2212	2212	6	6	108	108	484	484	872	872	1	1	4	4	2497	2497	3303	3303	274	274	20	20	3953	3953	2780	2780	6	6	7	7	8	8	1	1	114	114	18	18	96	96	1116	1116	2690	2690	505	505	1379	1379	1783	1783	7322	7322	3389	3389	204	204	33	33	1347	1347	1986	1986	124	124	156	156	740	740	1414	1414	561	561	4042	4042	11	11	26	26	70	70	10	10	107	107	32	32	1657	1657	2236	2236	178	178	220	220	519	519	412	412	1204217	1204217	3647970	3647970	10124	10124	273	273	2	2	444	444	26334	26334	17839	17839	56	56	142	142	540	540	653	653	220	220	65	65	187501	187501	458116	458116	237	237	163	163	148	148	314	314	19852	19852	31393	31393	15	15	238	238	54	54	17	17
IND00630	1197	1197	460	460	769	769	690	690	4513	4513	4752	4752	92	92	128	128	15085	15085	10327	10327	158	158	102	102	4	4	51	51	1564	1564	5770	5770	837	837	1405	1405	51	51	58	58	74	74	120	120	62	62	46	46	102	102	5913	5913	169	169	20	20	975	975	872	872	27	27	20	20	3720	3720	3616	3616	1	1	250	250	4749	4749	5312	5312	5	5	11	11	9	9	7	7	36	36	126	126	1339	1339	979	979	1163	1163	2475	2475	469	469	1992	1992	23	23	549	549	152	152	145	145	405	405	498	498	253	253	218	218	761	761	830	830	3255	3255	3131	3131	28	28	20	20	101	101	9	9	29	29	121	121	722	722	2645	2645	214	214	147	147	881	881	413	413	2434713	2434713	2422482	2422482	9957	9957	18	18	130	130	253	253	3409	3409	23004	23004	239	239	153	153	1009	1009	658	658	41	41	197	197	143275	143275	127412	127412	195	195	197	197	214	214	465	465	11937	11937	32311	32311	113	113	130	130	245	245	461	461
IND00631	1386	1386	396	396	363	363	557	557	331	331	1547	1547	45	45	84	84	6345	6345	3099	3099	11	11	96	96	31	31	19	19	2209	2209	3191	3191	1310	1310	1361	1361	125	125	98	98	118	118	111	111	35	35	6	6	6318	6318	392	392	209	209	162	162	554	554	154	154	16	16	15	15	4283	4283	7331	7331	346	346	240	240	251	251	1153	1153	15	15	6	6	11	11	16	16	62	62	15	15	1020	1020	786	786	2022	2022	43	43	750	750	731	731	105	105	1626	1626	236	236	202	202	3662	3662	227	227	249	249	14	14	376	376	1388	1388	1097	1097	545	545	2	2	7	7	127	127	106	106	60	60	88	88	2754	2754	2788	2788	127	127	37	37	663	663	945	945	1412515	1412515	562593	562593	5232	5232	6475	6475	484	484	13	13	30978	30978	1907	1907	9	9	14	14	20	20	376	376	11	11	131	131	129291	129291	353368	353368	211	211	82	82	81	81	481	481	753	753	30190	30190	168	168	94	94	315	315	129	129
IND00632	2026	2026	1556	1556	66	66	569	569	2709	2709	4348	4348	119	119	74	74	8217	8217	4382	4382	121	121	55	55	40	40	25	25	3875	3875	6265	6265	1157	1157	148	148	87	87	66	66	118	118	72	72	61	61	47	47	7920	7920	3828	3828	155	155	168	168	743	743	572	572	1	1	1	1	1539	1539	2851	2851	292	292	434	434	3330	3330	7633	7633	8	8	4	4	7	7	3	3	58	58	95	95	363	363	1297	1297	1511	1511	3239	3239	1903	1903	636	636	6784	6784	2799	2799	147	147	107	107	1986	1986	4070	4070	41	41	209	209	326	326	1206	1206	635	635	2701	2701	24	24	18	18	98	98	41	41	22	22	13	13	2566	2566	520	520	241	241	59	59	20	20	644	644	3934673	3934673	3616340	3616340	7550	7550	3766	3766	407	407	92	92	19700	19700	3283	3283	245	245	155	155	92	92	180	180	7	7	166	166	148816	148816	157362	157362	81	81	173	173	218	218	31	31	31164	31164	12499	12499	8	8	242	242	455	455	447	447
IND00633	1478	1478	1186	1186	542	542	850	850	4529	4529	947	947	58	58	23	23	8554	8554	959	959	198	198	80	80	64	64	35	35	5174	5174	6348	6348	495	495	1801	1801	102	102	58	58	5	5	95	95	23	23	9	9	3386	3386	7601	7601	124	124	141	141	681	681	150	150	32	32	13	13	7124	7124	5735	5735	227	227	499	499	2855	2855	2826	2826	4	4	16	16	9	9	8	8	49	49	71	71	381	381	1651	1651	3532	3532	1802	1802	1992	1992	170	170	6716	6716	3798	3798	94	94	108	108	2160	2160	1665	1665	90	90	134	134	418	418	8	8	2620	2620	2648	2648	30	30	27	27	77	77	24	24	120	120	26	26	1070	1070	1518	1518	98	98	81	81	689	689	952	952	1547561	1547561	4019558	4019558	8574	8574	94	94	220	220	235	235	30158	30158	18011	18011	171	171	108	108	402	402	914	914	121	121	227	227	352230	352230	453024	453024	45	45	12	12	275	275	449	449	6689	6689	11474	11474	48	48	50	50	101	101	410	410
IND00634	474	474	839	839	16	16	895	895	4601	4601	1777	1777	98	98	30	30	16340	16340	11148	11148	21	21	101	101	41	41	18	18	3798	3798	3175	3175	283	283	23	23	121	121	124	124	90	90	88	88	8	8	34	34	7615	7615	2856	2856	120	120	1	1	402	402	872	872	21	21	27	27	7383	7383	8000	8000	261	261	74	74	5073	5073	7817	7817	15	15	6	6	9	9	13	13	17	17	110	110	773	773	779	779	3899	3899	2049	2049	1889	1889	1721	1721	7774	7774	7839	7839	30	30	93	93	1490	1490	3151	3151	223	223	245	245	337	337	610	610	994	994	2338	2338	7	7	29	29	44	44	64	64	16	16	75	75	1152	1152	3159	3159	206	206	221	221	759	759	543	543	1603227	1603227	1973529	1973529	4961	4961	15658	15658	397	397	52	52	30416	30416	18080	18080	184	184	181	181	882	882	21	21	7	7	62	62	85488	85488	422880	422880	89	89	74	74	221	221	88	88	31403	31403	19672	19672	55	55	63	63	190	190	503	503
IND00635	88	88	41	41	992	992	511	511	5064	5064	2739	2739	10	10	34	34	6029	6029	7077	7077	157	157	243	243	33	33	62	62	572	572	7150	7150	822	822	1263	1263	120	120	118	118	104	104	72	72	38	38	11	11	6248	6248	5165	5165	196	196	194	194	205	205	939	939	29	29	27	27	3239	3239	5307	5307	329	329	5	5	7493	7493	1488	1488	12	12	3	3	16	16	15	15	75	75	128	128	148	148	722	722	1612	1612	2423	2423	1675	1675	1796	1796	7874	7874	7259	7259	15	15	54	54	876	876	1701	1701	27	27	105	105	1382	1382	1059	1059	2554	2554	897	897	29	29	12	12	18	18	4	4	21	21	56	56	1984	1984	1696	1696	193	193	135	135	649	649	392	392	4162317	4162317	1263706	1263706	13184	13184	11963	11963	411	411	235	235	2544	2544	14561	14561	238	238	188	188	356	356	613	613	156	156	74	74	399221	399221	490748	490748	67	67	112	112	428	428	226	226	9382	9382	16823	16823	102	102	198	198	9	9	244	244
IND00636	383	383	1616	1616	288	288	1023	1023	7225	7225	743	743	42	42	106	106	14645	14645	7617	7617	48	48	221	221	15	15	49	49	3190	3190	697	697	949	949	645	645	116	116	127	127	85	85	15	15	33	33	2	2	6020	6020	3143	3143	255	255	157	157	446	446	88	88	16	16	9	9	3809	3809	4013	4013	502	502	474	474	4159	4159	146	146	6	6	3	3	3	3	8	8	11	11	100	100	1281	1281	2012	2012	3515	3515	1610	1610	1385	1385	1976	1976	6540	6540	3191	3191	10	10	149	149	3327	3327	173	173	234	234	28	28	1538	1538	1225	1225	1975	1975	3898	3898	24	24	10	10	123	123	112	112	60	60	35	35	1520	1520	220	220	209	209	102	102	904	904	91	91	413218	413218	3921239	3921239	2586	2586	15730	15730	199	199	281	281	16663	16663	3679	3679	6	6	195	195	596	596	292	292	208	208	37	37	49472	49472	55501	55501	39	39	36	36	486	486	385	385	28353	28353	15568	15568	196	196	65	65	96	96	175	175
IND00637	1182	1182	1501	1501	899	899	457	457	6311	6311	3208	3208	26	26	5	5	7733	7733	14774	14774	46	46	150	150	63	63	39	39	5584	5584	7504	7504	603	603	1877	1877	46	46	95	95	115	115	78	78	15	15	50	50	606	606	4908	4908	42	42	142	142	1016	1016	416	416	13	13	9	9	6817	6817	6991	6991	448	448	108	108	5089	5089	4148	4148	6	6	8	8	2	2	12	12	37	37	98	98	830	830	176	176	2590	2590	3005	3005	605	605	1110	1110	3502	3502	857	857	35	35	106	106	890	890	3551	3551	18	18	109	109	783	783	212	212	2090	2090	2439	2439	22	22	4	4	3	3	25	25	99	99	56	56	879	879	455	455	164	164	7	7	531	531	640	640	289983	289983	3204350	3204350	15830	15830	6551	6551	473	473	408	408	5739	5739	3793	3793	199	199	25	25	31	31	736	736	19	19	81	81	179578	179578	379032	379032	253	253	16	16	496	496	324	324	29470	29470	15888	15888	88	88	96	96	33	33	288	288
IND00638	691	691	681	681	665	665	155	155	3758	3758	6745	6745	84	84	89	89	558	558	11570	11570	184	184	256	256	49	49	61	61	1746	1746	434	434	1454	1454	623	623	11	11	42	42	65	65	92	92	34	34	11	11	2068	2068	5952	5952	164	164	101	101	728	728	874	874	9	9	3	3	6475	6475	2180	2180	26	26	128	128	5024	5024	397	397	10	10	4	4	12	12	11	11	126	126	15	15	1201	1201	814	814	972	972	798	798	1658	1658	1161	1161	5771	5771	1577	1577	239	239	80	80	1158	1158	2843	2843	100	100	233	233	142	142	108	108	2571	2571	3159	3159	22	22	18	18	69	69	87	87	125	125	48	48	3497	3497	602	602	1	1	50	50	239	239	497	497	840609	840609	1258028	1258028	7351	7351	13330	13330	421	421	205	205	17616	17616	2058	2058	60	60	73	73	492	492	693	693	205	205	183	183	498732	498732	283303	283303	40	40	201	201	53	53	367	367	27394	27394	30249	30249	132	132	109	109	508	508	478	478
IND00639	422	422	503	503	922	922	854	854	3372	3372	6025	6025	17	17	31	31	5687	5687	10164	10164	33	33	221	221	61	61	3	3	6154	6154	1253	1253	1273	1273	343	343	84	84	93	93	45	45	69	69	36	36	62	62	4879	4879	1867	1867	64	64	24	24	930	930	121	121	11	11	6	6	501	501	4981	4981	340	340	409	409	7648	7648	8179	8179	4	4	2	2	1	1	3	3	46	46	72	72	591	591	885	885	2068	2068	1453	1453	1326	1326	2021	2021	1249	1249	4776	4776	236	236	163	163	2312	2312	1919	1919	36	36	204	204	958	958	689	689	1537	1537	3524	3524	30	30	11	11	111	111	33	33	106	106	58	58	2141	2141	1555	1555	248	248	20	20	165	165	850	850	2891962	2891962	313711	313711	484	484	9463	9463	358	358	71	71	12577	12577	3500	3500	65	65	171	171	830	830	943	943	99	99	221	221	340634	340634	119426	119426	4	4	106	106	28	28	58	58	19453	19453	5641	5641	95	95	188	188	220	220	138	138
IND00640	1534	1534	578	578	210	210	109	109	7030	7030	7657	7657	33	33	67	67	7781	7781	8652	8652	18	18	73	73	55	55	1	1	4628	4628	5264	5264	1601	1601	1980	1980	58	58	31	31	66	66	106	106	34	34	18	18	2769	2769	4405	4405	51	51	32	32	958	958	318	318	18	18	11	11	5897	5897	2032	2032	480	480	49	49	5571	5571	3713	3713	5	5	8	8	15	15	1	1	58	58	31	31	870	870	283	283	1902	1902	586	586	855	855	1437	1437	6503	6503	2135	2135	23	23	228	228	1736	1736	1824	1824	163	163	71	71	250	250	600	600	1012	1012	517	517	22	22	27	27	9	9	90	90	1	1	25	25	992	992	2503	2503	30	30	91	91	11	11	382	382	334152	334152	1835475	1835475	4973	4973	12711	12711	246	246	140	140	26334	26334	23988	23988	22	22	8	8	26	26	407	407	256	256	91	91	53658	53658	398611	398611	141	141	40	40	317	317	502	502	8758	8758	25466	25466	198	198	49	49	177	177	232	232
IND00641	892	892	478	478	393	393	233	233	1724	1724	3274	3274	87	87	61	61	15975	15975	4377	4377	86	86	112	112	54	54	32	32	2335	2335	3755	3755	300	300	1169	1169	66	66	94	94	34	34	58	58	52	52	25	25	8031	8031	2315	2315	33	33	60	60	602	602	739	739	11	11	18	18	7094	7094	5984	5984	228	228	505	505	3086	3086	844	844	7	7	14	14	11	11	15	15	100	100	73	73	1100	1100	276	276	1149	1149	2656	2656	1048	1048	21	21	5004	5004	6647	6647	204	204	93	93	1532	1532	353	353	50	50	8	8	1046	1046	695	695	2168	2168	3744	3744	21	21	11	11	86	86	42	42	63	63	27	27	4085	4085	742	742	135	135	162	162	86	86	73	73	2723860	2723860	2194880	2194880	10210	10210	2752	2752	485	485	495	495	23583	23583	21614	21614	85	85	156	156	5	5	412	412	25	25	130	130	449071	449071	8333	8333	144	144	168	168	260	260	374	374	6304	6304	13043	13043	255	255	223	223	419	419	53	53
IND00642	346	346	876	876	761	761	86	86	4400	4400	7130	7130	106	106	97	97	3003	3003	7667	7667	163	163	8	8	40	40	34	34	3019	3019	1275	1275	1924	1924	557	557	28	28	103	103	65	65	13	13	63	63	22	22	3530	3530	8136	8136	253	253	94	94	610	610	887	887	26	26	14	14	6103	6103	100	100	210	210	467	467	3406	3406	814	814	5	5	13	13	1	1	10	10	50	50	1	1	1239	1239	1005	1005	542	542	3494	3494	1496	1496	95	95	1629	1629	1741	1741	255	255	184	184	882	882	498	498	132	132	194	194	554	554	831	831	1372	1372	1865	1865	24	24	16	16	10	10	98	98	27	27	40	40	2633	2633	636	636	249	249	243	243	788	788	721	721	1061563	1061563	858666	858666	8484	8484	14319	14319	292	292	107	107	1061	1061	11055	11055	256	256	167	167	558	558	594	594	202	202	19	19	517775	517775	61562	61562	179	179	248	248	475	475	414	414	21531	21531	5721	5721	37	37	18	18	91	91	370	370
IND00643	2022	2022	271	271	814	814	196	196	599	599	7748	7748	26	26	81	81	12810	12810	2816	2816	215	215	227	227	18	18	22	22	390	390	4526	4526	1596	1596	541	541	63	63	99	99	90	90	64	64	54	54	59	59	4018	4018	4737	4737	67	67	187	187	826	826	922	922	27	27	18	18	1886	1886	3375	3375	268	268	296	296	873	873	5745	5745	12	12	9	9	3	3	15	15	92	92	40	40	737	737	113	113	385	385	1976	1976	810	810	1929	1929	2031	2031	3450	3450	80	80	70	70	1855	1855	951	951	32	32	4	4	1392	1392	958	958	2404	2404	749	749	17	17	14	14	12	12	67	67	128	128	84	84	3711	3711	3434	3434	19	19	101	101	145	145	149	149	771919	771919	3927158	3927158	3127	3127	7938	7938	175	175	392	392	1510	1510	16312	16312	106	106	74	74	650	650	405	405	71	71	155	155	293483	293483	143162	143162	221	221	105	105	247	247	407	407	13943	13943	6740	6740	253	253	89	89	191	191	60	60
IND00644	1019	1019	1789	1789	548	548	206	206	2835	2835	2295	2295	2	2	117	117	95	95	4104	4104	193	193	216	216	1	1	62	62	3875	3875	4371	4371	409	409	1099	1099	23	23	22	22	123	123	111	111	12	12	57	57	7262	7262	3006	3006	10	10	229	229	651	651	326	326	20	20	9	9	587	587	494	494	101	101	30	30	5046	5046	3617	3617	9	9	3	3	2	2	13	13	107	107	115	115	97	97	784	784	3077	3077	213	213	249	249	2045	2045	4245	4245	1751	1751	69	69	231	231	2011	2011	2157	2157	186	186	87	87	1842	1842	555	555	1006	1006	273	273	4	4	8	8	34	34	63	63	39	39	18	18	2189	2189	2817	2817	5	5	183	183	144	144	813	813	295724	295724	871494	871494	2631	2631	11488	11488	507	507	253	253	901	901	17866	17866	57	57	142	142	274	274	854	854	200	200	130	130	416262	416262	229790	229790	230	230	40	40	52	52	428	428	3633	3633	20024	20024	69	69	142	142	382	382	441	441
IND00645	1420	1420	770	770	417	417	618	618	2866	2866	5533	5533	3	3	102	102	9825	9825	14215	14215	175	175	13	13	44	44	7	7	2937	2937	7694	7694	1436	1436	1009	1009	2	2	28	28	44	44	21	21	21	21	16	16	1044	1044	7015	7015	199	199	207	207	389	389	769	769	4	4	12	12	182	182	1938	1938	5	5	78	78	2761	2761	603	603	5	5	4	4	6	6	13	13	120	120	64	64	726	726	331	331	1295	1295	173	173	597	597	1036	1036	3556	3556	1061	1061	125	125	169	169	2346	2346	102	102	227	227	209	209	1189	1189	969	969	3207	3207	3404	3404	1	1	6	6	59	59	70	70	124	124	22	22	2838	2838	102	102	89	89	50	50	416	416	820	820	3567714	3567714	2040148	2040148	776	776	3421	3421	175	175	455	455	2784	2784	15512	15512	69	69	40	40	361	361	468	468	1	1	163	163	481197	481197	263098	263098	202	202	81	81	505	505	483	483	22925	22925	28048	28048	210	210	57	57	452	452	402	402
IND00646	809	809	1284	1284	372	372	430	430	3658	3658	1025	1025	41	41	94	94	4127	4127	1824	1824	218	218	13	13	36	36	13	13	5754	5754	135	135	270	270	799	799	60	60	102	102	73	73	121	121	61	61	41	41	2954	2954	5209	5209	145	145	78	78	378	378	893	893	2	2	26	26	2623	2623	3214	3214	393	393	355	355	1552	1552	5948	5948	9	9	1	1	7	7	16	16	74	74	9	9	1706	1706	1376	1376	1149	1149	291	291	1004	1004	705	705	2622	2622	2590	2590	22	22	168	168	3481	3481	362	362	78	78	170	170	1197	1197	1420	1420	2721	2721	577	577	23	23	20	20	100	100	45	45	123	123	99	99	3188	3188	877	877	153	153	95	95	368	368	84	84	3140483	3140483	1434393	1434393	11289	11289	10949	10949	265	265	355	355	1229	1229	13221	13221	48	48	106	106	8	8	355	355	43	43	122	122	30226	30226	100267	100267	255	255	239	239	296	296	122	122	26791	26791	24210	24210	102	102	166	166	243	243	297	297
IND00647	1716	1716	1963	1963	665	665	534	534	699	699	6535	6535	106	106	122	122	3711	3711	12671	12671	131	131	244	244	10	10	52	52	1264	1264	2137	2137	506	506	356	356	83	83	40	40	30	30	83	83	49	49	61	61	4431	4431	2048	2048	44	44	127	127	405	405	968	968	12	12	15	15	6844	6844	5214	5214	381	381	256	256	7151	7151	59	59	4	4	6	6	10	10	9	9	127	127	52	52	981	981	1675	1675	2784	2784	160	160	1691	1691	1453	1453	3976	3976	2182	2182	41	41	186	186	3627	3627	2560	2560	250	250	171	171	900	900	219	219	2109	2109	1361	1361	3	3	15	15	21	21	81	81	7	7	108	108	3083	3083	998	998	59	59	5	5	14	14	565	565	1685997	1685997	3146619	3146619	13501	13501	5181	5181	24	24	113	113	12100	12100	11174	11174	106	106	228	228	549	549	743	743	205	205	53	53	23866	23866	200348	200348	24	24	51	51	180	180	402	402	20867	20867	5690	5690	252	252	127	127	169	169	454	454
IND00648	372	372	868	868	709	709	1022	1022	535	535	94	94	37	37	40	40	3207	3207	15090	15090	76	76	253	253	6	6	8	8	1132	1132	4989	4989	1325	1325	1843	1843	63	63	45	45	23	23	27	27	57	57	36	36	7110	7110	739	739	40	40	73	73	198	198	729	729	24	24	7	7	2038	2038	4569	4569	299	299	293	293	3893	3893	3109	3109	5	5	11	11	16	16	4	4	128	128	68	68	543	543	262	262	1579	1579	3023	3023	748	748	1665	1665	5717	5717	5891	5891	155	155	20	20	8	8	968	968	15	15	86	86	1470	1470	1963	1963	3236	3236	765	765	30	30	31	31	11	11	78	78	58	58	2	2	3329	3329	4054	4054	11	11	37	37	416	416	885	885	1900306	1900306	1865488	1865488	873	873	14388	14388	291	291	42	42	7921	7921	1379	1379	133	133	21	21	650	650	242	242	1	1	68	68	255536	255536	430203	430203	31	31	223	223	276	276	193	193	2613	2613	27296	27296	203	203	233	233	133	133	404	404
IND00649	378	378	720	720	922	922	7	7	5088	5088	7245	7245	80	80	47	47	3575	3575	4093	4093	187	187	75	75	6	6	60	60	7144	7144	2677	2677	1446	1446	488	488	89	89	87	87	76	76	54	54	38	38	12	12	5680	5680	4136	4136	129	129	158	158	20	20	490	490	27	27	19	19	5467	5467	5553	5553	16	16	297	297	3252	3252	1227	1227	4	4	15	15	3	3	2	2	72	72	100	100	1615	1615	404	404	3760	3760	1639	1639	1082	1082	631	631	449	449	8068	8068	72	72	254	254	4086	4086	1784	1784	159	159	105	105	526	526	845	845	237	237	161	161	16	16	11	11	31	31	58	58	77	77	102	102	714	714	1436	1436	211	211	109	109	885	885	248	248	483275	483275	4025579	4025579	15580	15580	15006	15006	501	501	431	431	1517	1517	1826	1826	187	187	214	214	876	876	498	498	240	240	43	43	119184	119184	339522	339522	118	118	17	17	285	285	184	184	6412	6412	16833	16833	122	122	220	220	499	499	282	282
IND00650	1528	1528	83	83	487	487	379	379	6012	6012	5152	5152	36	36	108	108	695	695	15242	15242	149	149	95	95	53	53	43	43	621	621	4161	4161	1808	1808	700	700	92	92	23	23	32	32	1	1	31	31	58	58	1248	1248	1651	1651	7	7	160	160	867	867	63	63	8	8	23	23	504	504	5118	5118	114	114	509	509	4600	4600	4396	4396	6	6	5	5	3	3	4	4	78	78	112	112	1293	1293	396	396	3247	3247	952	952	451	451	817	817	253	253	613	613	177	177	92	92	2441	2441	1932	1932	153	153	57	57	878	878	821	821	3232	3232	3039	3039	25	25	10	10	59	59	45	45	46	46	90	90	567	567	1712	1712	55	55	251	251	505	505	413	413	200582	200582	1563620	1563620	7663	7663	3610	3610	500	500	398	398	3228	3228	3621	3621	72	72	195	195	737	737	788	788	215	215	236	236	243938	243938	516886	516886	180	180	234	234	314	314	235	235	21040	21040	10835	10835	121	121	36	36	34	34	237	237
IND00651	58	58	198	198	833	833	648	648	4367	4367	6691	6691	56	56	104	104	12098	12098	2320	2320	10	10	132	132	39	39	8	8	1633	1633	7036	7036	715	715	1774	1774	19	19	93	93	91	91	48	48	39	39	11	11	422	422	5244	5244	51	51	13	13	919	919	831	831	24	24	29	29	8080	8080	5189	5189	211	211	106	106	4744	4744	4716	4716	6	6	1	1	4	4	9	9	127	127	108	108	1263	1263	1259	1259	3875	3875	1249	1249	908	908	1000	1000	7282	7282	3000	3000	107	107	11	11	161	161	579	579	174	174	217	217	925	925	2	2	941	941	3445	3445	2	2	3	3	114	114	27	27	71	71	110	110	3806	3806	3649	3649	67	67	200	200	20	20	331	331	1627886	1627886	1705419	1705419	8545	8545	8444	8444	432	432	138	138	13432	13432	14349	14349	164	164	100	100	781	781	845	845	183	183	67	67	418797	418797	395943	395943	72	72	28	28	371	371	194	194	11534	11534	3495	3495	77	77	22	22	480	480	3	3
IND00652	468	468	944	944	621	621	983	983	4409	4409	3358	3358	96	96	6	6	174	174	3969	3969	140	140	18	18	21	21	36	36	24	24	5327	5327	193	193	343	343	82	82	27	27	60	60	22	22	10	10	37	37	6821	6821	3313	3313	229	229	131	131	406	406	591	591	14	14	7	7	6813	6813	2272	2272	389	389	110	110	7521	7521	8115	8115	2	2	10	10	1	1	9	9	82	82	45	45	979	979	904	904	2629	2629	2104	2104	869	869	1018	1018	8117	8117	5969	5969	36	36	43	43	64	64	1634	1634	213	213	123	123	1152	1152	1090	1090	2840	2840	715	715	29	29	9	9	33	33	113	113	49	49	70	70	173	173	2820	2820	179	179	192	192	473	473	551	551	812337	812337	3239349	3239349	11576	11576	8998	8998	294	294	500	500	9455	9455	10337	10337	134	134	216	216	506	506	656	656	68	68	192	192	137703	137703	187656	187656	143	143	200	200	291	291	399	399	26802	26802	11405	11405	100	100	163	163	192	192	395	395
IND00653	605	605	1677	1677	427	427	557	557	496	496	4809	4809	106	106	105	105	649	649	9969	9969	216	216	35	35	12	12	1	1	753	753	1438	1438	579	579	98	98	59	59	30	30	52	52	55	55	7	7	59	59	7849	7849	4339	4339	14	14	3	3	230	230	281	281	15	15	22	22	5224	5224	5913	5913	200	200	59	59	16	16	385	385	16	16	5	5	12	12	8	8	91	91	54	54	930	930	1898	1898	2601	2601	3271	3271	802	802	263	263	82	82	1986	1986	229	229	51	51	1520	1520	915	915	169	169	227	227	497	497	628	628	2940	2940	303	303	2	2	14	14	91	91	124	124	61	61	115	115	705	705	2358	2358	95	95	167	167	83	83	189	189	1354288	1354288	538083	538083	7002	7002	15607	15607	380	380	432	432	28392	28392	12685	12685	182	182	211	211	572	572	100	100	198	198	60	60	1e+05	1e+05	508036	508036	142	142	7	7	1	1	368	368	19175	19175	31036	31036	225	225	205	205	426	426	348	348
IND00654	300	300	167	167	452	452	289	289	7921	7921	7089	7089	21	21	100	100	11062	11062	975	975	4	4	89	89	39	39	42	42	785	785	4661	4661	1930	1930	1780	1780	110	110	46	46	25	25	105	105	7	7	49	49	7281	7281	2328	2328	180	180	65	65	1016	1016	167	167	28	28	26	26	5892	5892	5754	5754	239	239	466	466	7337	7337	1850	1850	13	13	13	13	6	6	10	10	71	71	11	11	256	256	1024	1024	1603	1603	1046	1046	1898	1898	405	405	5085	5085	2801	2801	24	24	154	154	3266	3266	3409	3409	49	49	256	256	298	298	925	925	1509	1509	1486	1486	29	29	25	25	5	5	60	60	121	121	6	6	998	998	3763	3763	122	122	2	2	574	574	156	156	4023188	4023188	738617	738617	1909	1909	4272	4272	396	396	220	220	32602	32602	1747	1747	163	163	244	244	130	130	555	555	127	127	74	74	227954	227954	484568	484568	233	233	67	67	318	318	326	326	11629	11629	3082	3082	147	147	31	31	414	414	233	233
IND00655	1809	1809	536	536	241	241	263	263	7676	7676	2860	2860	31	31	113	113	1222	1222	9530	9530	172	172	135	135	36	36	30	30	414	414	2309	2309	1961	1961	1970	1970	61	61	54	54	55	55	80	80	49	49	30	30	1043	1043	6031	6031	5	5	230	230	102	102	1017	1017	11	11	12	12	1013	1013	3650	3650	285	285	249	249	5374	5374	2512	2512	16	16	16	16	13	13	8	8	114	114	76	76	433	433	506	506	841	841	3299	3299	1427	1427	1536	1536	4100	4100	6949	6949	99	99	159	159	1757	1757	534	534	185	185	87	87	531	531	1806	1806	3750	3750	2397	2397	2	2	30	30	101	101	65	65	66	66	12	12	3590	3590	1755	1755	160	160	10	10	743	743	729	729	2229472	2229472	454127	454127	7765	7765	13745	13745	308	308	407	407	30262	30262	4483	4483	173	173	212	212	300	300	686	686	56	56	96	96	229326	229326	409548	409548	106	106	39	39	383	383	349	349	13823	13823	21184	21184	180	180	218	218	427	427	238	238
IND00656	256	256	824	824	238	238	271	271	7240	7240	2970	2970	68	68	54	54	8707	8707	5440	5440	3	3	75	75	23	23	31	31	2204	2204	1368	1368	446	446	651	651	51	51	75	75	52	52	73	73	61	61	41	41	5433	5433	1793	1793	29	29	245	245	897	897	603	603	6	6	27	27	6480	6480	3970	3970	5	5	59	59	3860	3860	5891	5891	15	15	15	15	10	10	3	3	113	113	36	36	456	456	1766	1766	2035	2035	672	672	1705	1705	607	607	7281	7281	2981	2981	112	112	9	9	2411	2411	356	356	255	255	194	194	635	635	177	177	1045	1045	3522	3522	4	4	30	30	19	19	127	127	102	102	48	48	4018	4018	2536	2536	121	121	210	210	940	940	932	932	1646174	1646174	2141872	2141872	12068	12068	7323	7323	297	297	378	378	30730	30730	13978	13978	198	198	215	215	928	928	363	363	179	179	58	58	85564	85564	294042	294042	201	201	20	20	22	22	465	465	31995	31995	28127	28127	14	14	67	67	203	203	451	451
IND00657	906	906	344	344	869	869	282	282	2772	2772	5357	5357	28	28	45	45	5184	5184	8085	8085	205	205	155	155	3	3	36	36	5535	5535	2124	2124	109	109	1805	1805	19	19	71	71	125	125	3	3	16	16	5	5	804	804	3123	3123	9	9	132	132	911	911	42	42	23	23	17	17	2100	2100	521	521	477	477	50	50	1298	1298	4637	4637	3	3	4	4	6	6	9	9	123	123	95	95	829	829	613	613	578	578	3576	3576	47	47	230	230	387	387	6515	6515	131	131	219	219	386	386	3549	3549	25	25	49	49	1558	1558	1569	1569	397	397	807	807	14	14	28	28	126	126	95	95	6	6	68	68	1420	1420	2052	2052	118	118	24	24	28	28	196	196	1804666	1804666	1983458	1983458	8044	8044	13941	13941	93	93	218	218	26671	26671	3873	3873	128	128	61	61	592	592	623	623	182	182	218	218	304510	304510	399812	399812	67	67	140	140	363	363	32	32	18595	18595	20949	20949	102	102	35	35	491	491	10	10
IND00658	1929	1929	289	289	540	540	1011	1011	5110	5110	6140	6140	49	49	115	115	848	848	13833	13833	75	75	99	99	24	24	50	50	5684	5684	5	5	473	473	555	555	13	13	11	11	11	11	56	56	62	62	42	42	7320	7320	2842	2842	229	229	10	10	412	412	942	942	22	22	5	5	2734	2734	5712	5712	465	465	64	64	2320	2320	7164	7164	15	15	7	7	8	8	13	13	82	82	46	46	1619	1619	1845	1845	778	778	1878	1878	651	651	1168	1168	629	629	5354	5354	3	3	17	17	3328	3328	505	505	102	102	222	222	1744	1744	1428	1428	3291	3291	3727	3727	2	2	2	2	70	70	54	54	64	64	109	109	3331	3331	3690	3690	10	10	96	96	739	739	346	346	4133580	4133580	1074168	1074168	8949	8949	4858	4858	102	102	233	233	13777	13777	1269	1269	90	90	235	235	209	209	146	146	77	77	18	18	252810	252810	219564	219564	150	150	219	219	134	134	362	362	29626	29626	25774	25774	241	241	76	76	248	248	134	134
IND00659	1800	1800	608	608	65	65	94	94	6595	6595	4838	4838	33	33	51	51	9089	9089	1636	1636	92	92	246	246	33	33	48	48	7295	7295	3742	3742	718	718	926	926	116	116	76	76	56	56	97	97	12	12	35	35	5389	5389	2590	2590	17	17	147	147	172	172	216	216	10	10	21	21	7889	7889	5774	5774	269	269	161	161	876	876	5107	5107	6	6	13	13	8	8	7	7	78	78	3	3	870	870	457	457	384	384	2845	2845	33	33	124	124	1550	1550	4683	4683	123	123	110	110	502	502	2812	2812	42	42	201	201	273	273	1569	1569	3260	3260	2018	2018	10	10	20	20	103	103	121	121	21	21	78	78	1120	1120	877	877	194	194	152	152	234	234	913	913	740461	740461	3343103	3343103	14242	14242	7608	7608	3	3	391	391	22732	22732	3780	3780	31	31	24	24	723	723	259	259	168	168	62	62	453243	453243	72675	72675	209	209	233	233	408	408	4	4	24918	24918	24957	24957	173	173	19	19	234	234	187	187
IND00660	1615	1615	856	856	969	969	417	417	6332	6332	1983	1983	78	78	118	118	15452	15452	2076	2076	126	126	114	114	4	4	11	11	528	528	6050	6050	1411	1411	524	524	71	71	65	65	105	105	16	16	54	54	21	21	463	463	2262	2262	166	166	75	75	407	407	684	684	24	24	16	16	5949	5949	2091	2091	372	372	511	511	2064	2064	1750	1750	13	13	11	11	5	5	1	1	53	53	27	27	470	470	77	77	6	6	2073	2073	1738	1738	1061	1061	699	699	7436	7436	170	170	185	185	4092	4092	2093	2093	194	194	50	50	1171	1171	1511	1511	2060	2060	3212	3212	19	19	8	8	101	101	88	88	81	81	32	32	100	100	2420	2420	86	86	33	33	218	218	440	440	1579935	1579935	3078191	3078191	15796	15796	11090	11090	250	250	456	456	13996	13996	28642	28642	5	5	109	109	62	62	734	734	176	176	166	166	296383	296383	494819	494819	162	162	236	236	351	351	488	488	18475	18475	16193	16193	69	69	191	191	345	345	194	194
IND00661	1739	1739	34	34	137	137	492	492	6756	6756	5938	5938	89	89	58	58	3965	3965	9917	9917	69	69	108	108	63	63	60	60	237	237	7465	7465	1050	1050	511	511	38	38	71	71	115	115	117	117	11	11	17	17	5672	5672	2508	2508	126	126	18	18	609	609	639	639	18	18	2	2	2638	2638	114	114	44	44	434	434	7258	7258	4090	4090	2	2	9	9	4	4	12	12	10	10	31	31	1528	1528	1913	1913	1765	1765	3114	3114	1272	1272	497	497	7364	7364	7301	7301	229	229	143	143	434	434	1044	1044	234	234	235	235	1374	1374	588	588	1934	1934	3711	3711	3	3	4	4	5	5	15	15	120	120	31	31	2419	2419	1347	1347	176	176	128	128	645	645	585	585	2695441	2695441	2715995	2715995	10776	10776	3668	3668	326	326	98	98	12723	12723	23623	23623	226	226	49	49	33	33	268	268	50	50	6	6	480355	480355	513396	513396	174	174	227	227	446	446	77	77	23652	23652	8564	8564	168	168	164	164	291	291	305	305
IND00662	973	973	1496	1496	389	389	901	901	4921	4921	7801	7801	117	117	39	39	271	271	9651	9651	4	4	222	222	16	16	51	51	3060	3060	7069	7069	1632	1632	2033	2033	110	110	49	49	85	85	96	96	25	25	13	13	3448	3448	2160	2160	99	99	147	147	105	105	466	466	19	19	20	20	1923	1923	502	502	436	436	205	205	6459	6459	2367	2367	1	1	1	1	1	1	2	2	85	85	38	38	1939	1939	1451	1451	2313	2313	1618	1618	520	520	334	334	4921	4921	2470	2470	220	220	144	144	1747	1747	3601	3601	95	95	96	96	1194	1194	246	246	1268	1268	2359	2359	6	6	29	29	14	14	27	27	44	44	24	24	3851	3851	3913	3913	172	172	34	34	479	479	141	141	919195	919195	2443786	2443786	15016	15016	16210	16210	226	226	155	155	28833	28833	29598	29598	90	90	217	217	1016	1016	208	208	98	98	248	248	127280	127280	232283	232283	40	40	53	53	30	30	66	66	18737	18737	24023	24023	32	32	216	216	30	30	314	314
IND00663	201	201	42	42	238	238	4	4	4520	4520	3969	3969	115	115	28	28	4475	4475	16248	16248	124	124	186	186	26	26	34	34	2071	2071	499	499	1694	1694	796	796	125	125	87	87	25	25	43	43	48	48	36	36	3538	3538	1646	1646	203	203	179	179	925	925	250	250	16	16	30	30	3825	3825	366	366	109	109	155	155	7991	7991	2867	2867	7	7	14	14	8	8	16	16	92	92	89	89	991	991	211	211	3214	3214	2972	2972	130	130	659	659	3043	3043	7266	7266	240	240	41	41	909	909	1504	1504	7	7	156	156	23	23	1121	1121	20	20	2006	2006	29	29	6	6	11	11	121	121	125	125	11	11	2634	2634	4047	4047	5	5	26	26	375	375	898	898	36703	36703	64290	64290	549	549	15395	15395	56	56	90	90	15796	15796	6448	6448	54	54	177	177	320	320	693	693	137	137	89	89	120725	120725	403919	403919	148	148	15	15	450	450	198	198	11893	11893	23001	23001	2	2	98	98	69	69	446	446
IND00664	1901	1901	1713	1713	52	52	864	864	7132	7132	6047	6047	128	128	3	3	14733	14733	15571	15571	245	245	56	56	48	48	35	35	2234	2234	7385	7385	376	376	1362	1362	50	50	65	65	110	110	42	42	15	15	3	3	4731	4731	2144	2144	234	234	252	252	624	624	428	428	18	18	3	3	629	629	7932	7932	359	359	424	424	3462	3462	8166	8166	3	3	9	9	13	13	2	2	47	47	125	125	971	971	1484	1484	3272	3272	3105	3105	982	982	1629	1629	3149	3149	1970	1970	21	21	7	7	2608	2608	562	562	203	203	226	226	1075	1075	1997	1997	2761	2761	4000	4000	23	23	3	3	67	67	46	46	85	85	18	18	1500	1500	457	457	155	155	24	24	582	582	655	655	1732292	1732292	703231	703231	7775	7775	8461	8461	115	115	326	326	31644	31644	20488	20488	153	153	144	144	413	413	67	67	202	202	21	21	52670	52670	439835	439835	161	161	59	59	92	92	13	13	17848	17848	2085	2085	33	33	121	121	276	276	276	276
IND00665	18	18	1386	1386	541	541	261	261	3558	3558	1324	1324	34	34	121	121	1422	1422	14597	14597	120	120	192	192	28	28	15	15	2635	2635	7299	7299	515	515	672	672	77	77	52	52	102	102	28	28	15	15	62	62	367	367	862	862	217	217	184	184	530	530	104	104	5	5	26	26	5334	5334	4505	4505	32	32	193	193	3682	3682	2565	2565	2	2	6	6	6	6	10	10	2	2	90	90	567	567	537	537	123	123	513	513	1897	1897	1470	1470	4343	4343	8070	8070	243	243	1	1	2797	2797	1447	1447	44	44	227	227	820	820	1839	1839	1336	1336	1922	1922	14	14	4	4	87	87	17	17	61	61	35	35	1836	1836	784	784	102	102	167	167	902	902	914	914	23866	23866	241432	241432	3874	3874	6140	6140	381	381	505	505	22893	22893	28084	28084	134	134	135	135	17	17	794	794	56	56	216	216	347890	347890	165970	165970	202	202	198	198	421	421	218	218	1007	1007	12016	12016	122	122	216	216	27	27	410	410
IND00666	1019	1019	238	238	127	127	372	372	6903	6903	1417	1417	14	14	98	98	748	748	10056	10056	164	164	225	225	29	29	1	1	8039	8039	3593	3593	1153	1153	186	186	74	74	4	4	50	50	125	125	31	31	26	26	2670	2670	2951	2951	124	124	228	228	465	465	203	203	13	13	8	8	2170	2170	7918	7918	229	229	168	168	2904	2904	3339	3339	6	6	16	16	4	4	8	8	2	2	88	88	701	701	1652	1652	1617	1617	2831	2831	1895	1895	680	680	5925	5925	501	501	150	150	253	253	1153	1153	3518	3518	122	122	222	222	1559	1559	383	383	1497	1497	2016	2016	20	20	29	29	93	93	107	107	12	12	78	78	425	425	1863	1863	104	104	201	201	466	466	985	985	1585363	1585363	943068	943068	15833	15833	13430	13430	272	272	231	231	26166	26166	16698	16698	30	30	103	103	57	57	290	290	40	40	118	118	389316	389316	392559	392559	108	108	174	174	293	293	131	131	22318	22318	336	336	140	140	9	9	216	216	169	169
IND00667	1588	1588	154	154	701	701	255	255	1774	1774	396	396	82	82	108	108	13545	13545	11446	11446	153	153	86	86	38	38	36	36	6140	6140	5100	5100	766	766	189	189	116	116	116	116	85	85	79	79	5	5	25	25	1317	1317	1828	1828	51	51	158	158	226	226	564	564	12	12	8	8	3350	3350	5550	5550	15	15	150	150	3777	3777	4586	4586	11	11	5	5	5	5	9	9	22	22	109	109	1104	1104	701	701	2610	2610	3151	3151	577	577	1209	1209	7772	7772	8015	8015	101	101	120	120	2704	2704	3536	3536	238	238	197	197	399	399	5	5	3860	3860	813	813	11	11	24	24	46	46	123	123	55	55	88	88	1646	1646	2686	2686	15	15	95	95	466	466	194	194	308491	308491	788575	788575	6252	6252	1675	1675	132	132	481	481	20745	20745	17760	17760	103	103	66	66	612	612	786	786	172	172	180	180	63507	63507	441332	441332	190	190	48	48	283	283	266	266	22513	22513	13221	13221	69	69	184	184	299	299	510	510
IND00668	1039	1039	1026	1026	261	261	674	674	180	180	2146	2146	115	115	16	16	5800	5800	8024	8024	181	181	65	65	1	1	59	59	7076	7076	3715	3715	1976	1976	1971	1971	74	74	13	13	94	94	67	67	5	5	44	44	7892	7892	3535	3535	159	159	83	83	841	841	750	750	6	6	28	28	4911	4911	3605	3605	70	70	313	313	4348	4348	7078	7078	15	15	2	2	11	11	4	4	10	10	19	19	1824	1824	2040	2040	3366	3366	127	127	1102	1102	137	137	2087	2087	3297	3297	26	26	209	209	3789	3789	514	514	142	142	169	169	865	865	347	347	2129	2129	2336	2336	4	4	23	23	54	54	75	75	11	11	28	28	1358	1358	60	60	63	63	128	128	669	669	780	780	3448256	3448256	973340	973340	5826	5826	16014	16014	507	507	96	96	24989	24989	32450	32450	16	16	237	237	879	879	155	155	109	109	205	205	75622	75622	118124	118124	166	166	143	143	203	203	30	30	22302	22302	1611	1611	138	138	43	43	376	376	257	257
IND00669	254	254	904	904	160	160	998	998	6971	6971	3899	3899	108	108	77	77	13314	13314	14838	14838	212	212	186	186	62	62	15	15	5929	5929	8053	8053	981	981	515	515	90	90	79	79	87	87	18	18	4	4	48	48	5821	5821	2314	2314	213	213	38	38	468	468	55	55	16	16	10	10	4641	4641	1938	1938	230	230	168	168	4101	4101	6429	6429	15	15	1	1	6	6	12	12	46	46	84	84	1289	1289	1127	1127	1535	1535	1073	1073	298	298	1824	1824	5457	5457	4975	4975	95	95	2	2	2739	2739	3632	3632	95	95	155	155	603	603	470	470	1991	1991	3106	3106	17	17	5	5	68	68	64	64	116	116	61	61	2627	2627	1558	1558	36	36	215	215	115	115	799	799	4739	4739	118666	118666	2695	2695	4429	4429	485	485	265	265	12086	12086	29137	29137	10	10	192	192	57	57	700	700	124	124	1	1	264989	264989	415485	415485	135	135	214	214	257	257	208	208	26345	26345	27696	27696	177	177	172	172	491	491	385	385
IND00670	318	318	498	498	767	767	835	835	3741	3741	1566	1566	67	67	126	126	15101	15101	5000	5000	183	183	246	246	6	6	44	44	6492	6492	3943	3943	608	608	540	540	120	120	58	58	120	120	82	82	2	2	38	38	8160	8160	6376	6376	249	249	143	143	939	939	615	615	19	19	25	25	381	381	6652	6652	387	387	427	427	5025	5025	5738	5738	15	15	5	5	9	9	12	12	10	10	75	75	1830	1830	1755	1755	2530	2530	1693	1693	1606	1606	1874	1874	7085	7085	5556	5556	51	51	154	154	3247	3247	2433	2433	201	201	2	2	1798	1798	321	321	2163	2163	103	103	28	28	30	30	28	28	123	123	84	84	3	3	79	79	1371	1371	1	1	127	127	133	133	198	198	693019	693019	446700	446700	11761	11761	8697	8697	46	46	57	57	27332	27332	3205	3205	251	251	111	111	799	799	123	123	194	194	252	252	302933	302933	345560	345560	115	115	173	173	479	479	277	277	20212	20212	31139	31139	194	194	89	89	489	489	349	349
IND00671	1171	1171	390	390	456	456	56	56	4881	4881	5219	5219	55	55	106	106	3209	3209	1719	1719	73	73	90	90	34	34	29	29	3108	3108	4634	4634	38	38	688	688	86	86	109	109	42	42	21	21	45	45	63	63	6007	6007	3857	3857	144	144	97	97	398	398	469	469	17	17	26	26	4521	4521	7123	7123	86	86	509	509	3365	3365	1175	1175	2	2	8	8	3	3	14	14	105	105	58	58	340	340	1471	1471	72	72	1188	1188	393	393	136	136	642	642	84	84	122	122	89	89	1355	1355	4035	4035	157	157	228	228	717	717	779	779	3136	3136	3475	3475	19	19	10	10	58	58	16	16	82	82	69	69	1323	1323	3792	3792	92	92	190	190	648	648	936	936	2495018	2495018	261849	261849	3917	3917	8388	8388	47	47	303	303	26638	26638	24324	24324	37	37	201	201	200	200	743	743	146	146	245	245	415721	415721	21131	21131	94	94	62	62	344	344	212	212	25488	25488	15567	15567	35	35	155	155	102	102	273	273
IND00672	1911	1911	1637	1637	348	348	521	521	1236	1236	4447	4447	54	54	1	1	9321	9321	9025	9025	119	119	252	252	34	34	39	39	2332	2332	2158	2158	808	808	1039	1039	10	10	124	124	17	17	2	2	5	5	64	64	2549	2549	3276	3276	37	37	56	56	265	265	425	425	1	1	23	23	3412	3412	3370	3370	430	430	400	400	215	215	4683	4683	9	9	10	10	12	12	3	3	63	63	63	63	335	335	854	854	1209	1209	944	944	317	317	1990	1990	3098	3098	4626	4626	45	45	57	57	2206	2206	284	284	85	85	47	47	183	183	1281	1281	3019	3019	239	239	24	24	3	3	78	78	91	91	90	90	115	115	3406	3406	1450	1450	40	40	196	196	839	839	564	564	1090670	1090670	3213021	3213021	11451	11451	15234	15234	247	247	505	505	11655	11655	27781	27781	97	97	144	144	594	594	479	479	34	34	234	234	464756	464756	312779	312779	53	53	167	167	334	334	436	436	27986	27986	28807	28807	84	84	41	41	55	55	145	145
IND00673	2021	2021	1051	1051	876	876	245	245	8104	8104	4963	4963	26	26	40	40	14199	14199	15411	15411	227	227	82	82	23	23	7	7	155	155	6273	6273	1337	1337	1230	1230	114	114	36	36	123	123	72	72	16	16	6	6	7759	7759	2712	2712	42	42	251	251	396	396	628	628	4	4	25	25	2882	2882	3886	3886	394	394	79	79	7280	7280	3712	3712	14	14	16	16	16	16	9	9	102	102	117	117	1876	1876	1042	1042	1017	1017	319	319	1366	1366	54	54	242	242	4053	4053	226	226	68	68	736	736	1265	1265	12	12	54	54	872	872	1213	1213	151	151	2002	2002	26	26	29	29	4	4	20	20	2	2	26	26	4078	4078	1052	1052	122	122	82	82	531	531	675	675	1161847	1161847	1290538	1290538	11584	11584	12261	12261	93	93	268	268	25847	25847	19206	19206	185	185	22	22	265	265	744	744	60	60	152	152	411729	411729	361112	361112	99	99	96	96	153	153	469	469	560	560	22953	22953	85	85	181	181	55	55	86	86
IND00674	619	619	264	264	139	139	191	191	1368	1368	3194	3194	23	23	16	16	14158	14158	14986	14986	210	210	45	45	54	54	5	5	630	630	4372	4372	871	871	282	282	53	53	70	70	70	70	94	94	17	17	57	57	4654	4654	2142	2142	250	250	218	218	325	325	955	955	2	2	19	19	970	970	2391	2391	406	406	252	252	3718	3718	1106	1106	12	12	12	12	3	3	8	8	91	91	123	123	1629	1629	1819	1819	1900	1900	3997	3997	372	372	1734	1734	1948	1948	4490	4490	195	195	170	170	36	36	3651	3651	35	35	208	208	1423	1423	151	151	4030	4030	474	474	4	4	24	24	80	80	89	89	3	3	6	6	1540	1540	3867	3867	256	256	78	78	22	22	981	981	2295616	2295616	605415	605415	2258	2258	5434	5434	345	345	368	368	16162	16162	29298	29298	228	228	180	180	255	255	265	265	92	92	38	38	140586	140586	179706	179706	4	4	246	246	191	191	19	19	25537	25537	29365	29365	254	254	196	196	214	214	142	142
IND00675	1298	1298	792	792	75	75	765	765	3789	3789	2839	2839	11	11	79	79	6246	6246	8309	8309	36	36	104	104	45	45	3	3	1915	1915	1720	1720	1476	1476	1376	1376	88	88	80	80	121	121	6	6	15	15	51	51	593	593	581	581	44	44	139	139	294	294	894	894	25	25	10	10	427	427	7615	7615	217	217	475	475	5770	5770	336	336	8	8	14	14	6	6	9	9	19	19	39	39	1997	1997	375	375	525	525	725	725	646	646	1495	1495	6171	6171	1975	1975	31	31	116	116	3333	3333	630	630	56	56	62	62	905	905	1356	1356	1573	1573	55	55	16	16	31	31	10	10	113	113	109	109	81	81	1904	1904	2021	2021	235	235	65	65	722	722	319	319	1450902	1450902	2350637	2350637	15585	15585	1809	1809	199	199	211	211	32107	32107	29329	29329	145	145	109	109	269	269	859	859	174	174	29	29	73049	73049	186309	186309	166	166	206	206	511	511	350	350	20581	20581	32040	32040	72	72	229	229	179	179	359	359
IND00676	988	988	899	899	598	598	382	382	2937	2937	7240	7240	98	98	79	79	8657	8657	2219	2219	93	93	74	74	27	27	21	21	5740	5740	4081	4081	2035	2035	1138	1138	10	10	57	57	61	61	54	54	34	34	41	41	5424	5424	5762	5762	156	156	149	149	918	918	423	423	19	19	19	19	6595	6595	3649	3649	328	328	271	271	161	161	4125	4125	11	11	5	5	8	8	10	10	16	16	122	122	1631	1631	789	789	2773	2773	3312	3312	1793	1793	503	503	6599	6599	6413	6413	62	62	95	95	1356	1356	3572	3572	215	215	252	252	2002	2002	1780	1780	2929	2929	1345	1345	12	12	23	23	40	40	64	64	40	40	126	126	1156	1156	1552	1552	224	224	226	226	646	646	374	374	3787854	3787854	179508	179508	14248	14248	6088	6088	302	302	222	222	20009	20009	15823	15823	165	165	12	12	796	796	403	403	46	46	214	214	356069	356069	281930	281930	108	108	25	25	8	8	466	466	28711	28711	13454	13454	40	40	126	126	340	340	186	186
IND00677	173	173	1062	1062	951	951	70	70	3959	3959	4375	4375	42	42	32	32	2361	2361	8213	8213	229	229	211	211	43	43	1	1	7957	7957	7328	7328	1530	1530	539	539	86	86	46	46	38	38	36	36	56	56	31	31	7997	7997	6403	6403	220	220	240	240	559	559	716	716	6	6	14	14	6871	6871	6501	6501	80	80	214	214	5301	5301	3205	3205	8	8	12	12	14	14	4	4	28	28	75	75	278	278	1895	1895	2863	2863	3002	3002	637	637	1828	1828	796	796	194	194	172	172	191	191	2028	2028	3480	3480	207	207	71	71	597	597	453	453	2028	2028	3690	3690	8	8	18	18	78	78	89	89	125	125	112	112	1588	1588	4045	4045	224	224	231	231	724	724	379	379	1949360	1949360	409656	409656	9358	9358	7597	7597	165	165	104	104	20480	20480	20996	20996	207	207	237	237	436	436	263	263	187	187	220	220	241248	241248	438138	438138	117	117	123	123	413	413	20	20	6428	6428	13118	13118	97	97	125	125	335	335	74	74
IND00678	1611	1611	987	987	398	398	1010	1010	4873	4873	4022	4022	52	52	11	11	17	17	4356	4356	91	91	200	200	3	3	18	18	6229	6229	6136	6136	282	282	1288	1288	15	15	57	57	19	19	43	43	11	11	29	29	1913	1913	4186	4186	122	122	80	80	826	826	87	87	24	24	2	2	1408	1408	4846	4846	22	22	355	355	8096	8096	3742	3742	12	12	11	11	16	16	9	9	108	108	40	40	1461	1461	1678	1678	2503	2503	1997	1997	1606	1606	843	843	6333	6333	677	677	247	247	27	27	328	328	2092	2092	227	227	188	188	887	887	442	442	153	153	4069	4069	4	4	9	9	120	120	51	51	99	99	77	77	2366	2366	279	279	89	89	14	14	653	653	956	956	2755907	2755907	1102537	1102537	4646	4646	8808	8808	360	360	333	333	179	179	21857	21857	221	221	249	249	840	840	309	309	252	252	154	154	483008	483008	63596	63596	213	213	191	191	12	12	348	348	15491	15491	8849	8849	72	72	123	123	161	161	503	503
IND00679	1271	1271	258	258	557	557	783	783	689	689	5896	5896	48	48	24	24	12993	12993	11728	11728	236	236	121	121	17	17	30	30	3078	3078	5812	5812	182	182	1057	1057	29	29	14	14	5	5	54	54	50	50	29	29	143	143	4060	4060	157	157	46	46	38	38	367	367	5	5	1	1	3327	3327	914	914	300	300	181	181	7076	7076	5838	5838	10	10	7	7	5	5	10	10	9	9	111	111	599	599	1292	1292	1007	1007	3011	3011	1628	1628	477	477	1943	1943	3734	3734	75	75	10	10	91	91	3115	3115	132	132	232	232	161	161	1195	1195	1241	1241	133	133	22	22	30	30	4	4	23	23	116	116	72	72	2961	2961	2588	2588	74	74	222	222	483	483	1008	1008	2298621	2298621	2458553	2458553	10316	10316	5014	5014	181	181	227	227	32730	32730	10160	10160	30	30	180	180	146	146	41	41	21	21	194	194	496996	496996	188749	188749	189	189	208	208	319	319	304	304	26407	26407	8413	8413	245	245	31	31	20	20	479	479
IND00680	1638	1638	1535	1535	502	502	1024	1024	6207	6207	6200	6200	119	119	12	12	12159	12159	7874	7874	252	252	82	82	26	26	62	62	4818	4818	474	474	753	753	77	77	44	44	31	31	62	62	32	32	1	1	57	57	7062	7062	6766	6766	223	223	115	115	94	94	279	279	25	25	4	4	339	339	7544	7544	289	289	388	388	1775	1775	7760	7760	11	11	2	2	10	10	7	7	22	22	125	125	1666	1666	1749	1749	1117	1117	3446	3446	1758	1758	10	10	3945	3945	4698	4698	198	198	152	152	217	217	2873	2873	7	7	34	34	1029	1029	804	804	1218	1218	790	790	28	28	14	14	112	112	2	2	107	107	13	13	1901	1901	3051	3051	255	255	62	62	470	470	818	818	926116	926116	3307630	3307630	6740	6740	9247	9247	227	227	363	363	7176	7176	31230	31230	224	224	158	158	502	502	766	766	237	237	147	147	391431	391431	138314	138314	129	129	112	112	147	147	178	178	2375	2375	22874	22874	57	57	33	33	5	5	398	398
IND00681	739	739	296	296	690	690	808	808	7601	7601	7798	7798	120	120	104	104	6784	6784	8154	8154	45	45	173	173	18	18	13	13	6988	6988	5165	5165	889	889	1190	1190	79	79	114	114	33	33	43	43	27	27	1	1	4462	4462	4180	4180	202	202	197	197	446	446	204	204	17	17	1	1	640	640	7996	7996	17	17	153	153	6067	6067	4158	4158	10	10	2	2	4	4	12	12	83	83	91	91	1885	1885	1214	1214	2793	2793	579	579	1423	1423	1601	1601	3568	3568	116	116	66	66	64	64	3771	3771	1540	1540	73	73	153	153	1617	1617	498	498	3935	3935	1416	1416	19	19	32	32	103	103	3	3	61	61	14	14	1064	1064	3442	3442	245	245	249	249	877	877	158	158	3605313	3605313	1403058	1403058	4668	4668	12044	12044	251	251	446	446	31685	31685	17159	17159	211	211	61	61	85	85	669	669	149	149	89	89	113541	113541	343364	343364	234	234	243	243	66	66	314	314	31487	31487	5975	5975	2	2	45	45	261	261	50	50
IND00682	1364	1364	1604	1604	596	596	304	304	2420	2420	7231	7231	90	90	122	122	5519	5519	15006	15006	53	53	214	214	35	35	25	25	5796	5796	5424	5424	1437	1437	1427	1427	95	95	14	14	25	25	85	85	26	26	41	41	562	562	3800	3800	66	66	120	120	69	69	335	335	27	27	7	7	222	222	7428	7428	156	156	305	305	7964	7964	2507	2507	9	9	10	10	12	12	9	9	8	8	9	9	1139	1139	490	490	2258	2258	676	676	1887	1887	1424	1424	3091	3091	4914	4914	64	64	9	9	3703	3703	1152	1152	25	25	45	45	42	42	1287	1287	1575	1575	664	664	13	13	21	21	56	56	39	39	12	12	127	127	2690	2690	3306	3306	230	230	163	163	459	459	150	150	1481533	1481533	2454416	2454416	6652	6652	8333	8333	125	125	161	161	21805	21805	21922	21922	53	53	41	41	635	635	525	525	18	18	88	88	478970	478970	482500	482500	85	85	253	253	323	323	140	140	17952	17952	27026	27026	215	215	71	71	129	129	24	24
IND00683	12	12	1617	1617	521	521	251	251	1427	1427	691	691	64	64	111	111	4900	4900	7088	7088	79	79	221	221	48	48	45	45	892	892	3257	3257	306	306	1686	1686	59	59	60	60	8	8	128	128	14	14	30	30	7697	7697	7144	7144	170	170	74	74	369	369	148	148	2	2	2	2	1236	1236	4479	4479	420	420	379	379	1977	1977	7346	7346	13	13	14	14	8	8	6	6	66	66	119	119	1751	1751	504	504	1252	1252	2405	2405	1873	1873	1181	1181	6794	6794	4326	4326	217	217	242	242	564	564	735	735	41	41	91	91	2034	2034	1531	1531	883	883	2872	2872	19	19	17	17	63	63	95	95	32	32	81	81	338	338	1132	1132	155	155	107	107	700	700	359	359	1381980	1381980	4119429	4119429	14956	14956	2451	2451	364	364	436	436	13210	13210	3977	3977	195	195	253	253	12	12	398	398	198	198	248	248	96274	96274	73615	73615	183	183	41	41	434	434	198	198	14895	14895	6547	6547	92	92	90	90	438	438	319	319
IND00684	670	670	857	857	1024	1024	1004	1004	3296	3296	3999	3999	32	32	90	90	13757	13757	480	480	255	255	236	236	12	12	12	12	6609	6609	5579	5579	782	782	1536	1536	21	21	43	43	18	18	111	111	24	24	61	61	7481	7481	4717	4717	246	246	178	178	474	474	256	256	6	6	5	5	4617	4617	5725	5725	66	66	228	228	4945	4945	2852	2852	9	9	2	2	14	14	13	13	117	117	47	47	1545	1545	785	785	2451	2451	1786	1786	646	646	1004	1004	6210	6210	3413	3413	238	238	84	84	3942	3942	1398	1398	52	52	70	70	256	256	1729	1729	2043	2043	2016	2016	28	28	12	12	94	94	74	74	73	73	125	125	1298	1298	1632	1632	148	148	76	76	556	556	429	429	2046560	2046560	3152812	3152812	10439	10439	14244	14244	308	308	119	119	20767	20767	22716	22716	211	211	231	231	543	543	644	644	37	37	158	158	406399	406399	166	166	171	171	176	176	474	474	207	207	9548	9548	12172	12172	187	187	249	249	81	81	35	35
IND00685	1245	1245	1602	1602	343	343	1009	1009	2192	2192	7997	7997	34	34	42	42	3197	3197	10593	10593	153	153	163	163	50	50	35	35	2108	2108	7726	7726	1464	1464	983	983	41	41	35	35	126	126	13	13	57	57	16	16	5836	5836	1355	1355	66	66	18	18	806	806	463	463	18	18	10	10	2431	2431	6347	6347	392	392	254	254	3643	3643	2657	2657	9	9	3	3	4	4	14	14	52	52	104	104	2024	2024	1305	1305	884	884	1661	1661	1060	1060	790	790	4856	4856	3363	3363	30	30	207	207	1281	1281	2196	2196	133	133	56	56	2041	2041	1355	1355	3152	3152	1444	1444	28	28	15	15	82	82	96	96	62	62	122	122	562	562	1935	1935	104	104	83	83	436	436	167	167	1553	1553	3221992	3221992	3165	3165	4649	4649	142	142	313	313	10957	10957	13205	13205	105	105	223	223	260	260	262	262	13	13	129	129	397150	397150	489263	489263	173	173	256	256	130	130	267	267	26878	26878	3599	3599	83	83	129	129	464	464	65	65
IND00686	1080	1080	626	626	953	953	459	459	1642	1642	6333	6333	121	121	60	60	12250	12250	5507	5507	112	112	193	193	30	30	53	53	6367	6367	6984	6984	88	88	778	778	127	127	57	57	38	38	75	75	3	3	43	43	4621	4621	143	143	114	114	104	104	268	268	861	861	19	19	6	6	1189	1189	2756	2756	148	148	285	285	3892	3892	7601	7601	14	14	4	4	13	13	13	13	79	79	25	25	1710	1710	1596	1596	262	262	1694	1694	191	191	800	800	6751	6751	5157	5157	16	16	50	50	3692	3692	2453	2453	210	210	65	65	102	102	1092	1092	81	81	3236	3236	27	27	9	9	7	7	25	25	91	91	81	81	2517	2517	1356	1356	130	130	137	137	79	79	485	485	2763681	2763681	2472995	2472995	11127	11127	3047	3047	134	134	79	79	19791	19791	25110	25110	164	164	236	236	181	181	819	819	198	198	161	161	466462	466462	116160	116160	69	69	79	79	184	184	12	12	11435	11435	27445	27445	204	204	233	233	53	53	64	64
IND00687	483	483	471	471	462	462	493	493	6298	6298	1469	1469	68	68	57	57	372	372	5577	5577	66	66	199	199	54	54	52	52	6788	6788	4190	4190	1036	1036	1416	1416	104	104	2	2	12	12	21	21	22	22	12	12	7324	7324	149	149	174	174	47	47	250	250	879	879	1	1	17	17	3168	3168	671	671	316	316	461	461	623	623	483	483	6	6	3	3	7	7	16	16	8	8	127	127	185	185	1754	1754	2537	2537	2208	2208	1948	1948	143	143	3873	3873	3335	3335	174	174	221	221	998	998	1466	1466	27	27	256	256	556	556	1078	1078	1297	1297	2597	2597	17	17	8	8	77	77	6	6	99	99	47	47	215	215	4035	4035	78	78	58	58	565	565	406	406	3010691	3010691	2178184	2178184	9844	9844	9534	9534	101	101	111	111	16662	16662	4539	4539	63	63	136	136	218	218	1005	1005	106	106	161	161	481508	481508	123707	123707	210	210	81	81	121	121	223	223	6755	6755	22835	22835	83	83	227	227	256	256	463	463
IND00688	1723	1723	1243	1243	291	291	988	988	8137	8137	4736	4736	69	69	55	55	2612	2612	14373	14373	203	203	146	146	29	29	29	29	1910	1910	2145	2145	1403	1403	133	133	48	48	83	83	89	89	125	125	11	11	13	13	4291	4291	7032	7032	123	123	166	166	489	489	82	82	2	2	29	29	1820	1820	5729	5729	249	249	474	474	5176	5176	5076	5076	16	16	4	4	3	3	1	1	35	35	52	52	993	993	1631	1631	546	546	215	215	1033	1033	511	511	7748	7748	5709	5709	116	116	13	13	2373	2373	3860	3860	48	48	183	183	1554	1554	1746	1746	4055	4055	1660	1660	26	26	26	26	56	56	54	54	112	112	121	121	1682	1682	243	243	149	149	172	172	279	279	147	147	971443	971443	249433	249433	5812	5812	11530	11530	117	117	1	1	11550	11550	27493	27493	157	157	142	142	95	95	379	379	70	70	110	110	35006	35006	390439	390439	64	64	51	51	61	61	220	220	25557	25557	17245	17245	113	113	141	141	123	123	244	244
IND00689	947	947	471	471	522	522	474	474	4231	4231	1587	1587	72	72	38	38	7644	7644	8537	8537	70	70	164	164	13	13	10	10	8150	8150	1044	1044	2021	2021	1462	1462	2	2	41	41	40	40	98	98	47	47	58	58	681	681	1069	1069	244	244	234	234	435	435	1005	1005	3	3	26	26	7309	7309	2574	2574	357	357	428	428	1007	1007	7231	7231	9	9	7	7	16	16	9	9	81	81	96	96	1546	1546	901	901	3940	3940	3127	3127	184	184	2004	2004	1223	1223	396	396	5	5	8	8	3133	3133	2713	2713	81	81	32	32	245	245	903	903	1851	1851	386	386	4	4	31	31	17	17	112	112	98	98	15	15	1337	1337	1167	1167	170	170	104	104	965	965	226	226	961635	961635	3548058	3548058	1066	1066	14307	14307	95	95	141	141	22294	22294	32206	32206	30	30	172	172	529	529	590	590	198	198	111	111	50309	50309	281221	281221	10	10	179	179	230	230	108	108	9087	9087	14182	14182	34	34	211	211	147	147	454	454
IND00690	257	257	1361	1361	326	326	28	28	297	297	7734	7734	98	98	41	41	8477	8477	14889	14889	57	57	211	211	8	8	53	53	7009	7009	6026	6026	1948	1948	750	750	30	30	25	25	45	45	121	121	48	48	62	62	3781	3781	119	119	4	4	54	54	320	320	756	756	32	32	8	8	727	727	1187	1187	22	22	285	285	2430	2430	4791	4791	4	4	6	6	13	13	7	7	44	44	109	109	276	276	490	490	735	735	245	245	1454	1454	1228	1228	6083	6083	2785	2785	82	82	211	211	3310	3310	2588	2588	4	4	30	30	714	714	602	602	1461	1461	1672	1672	18	18	22	22	29	29	4	4	23	23	110	110	698	698	3988	3988	170	170	75	75	19	19	755	755	3647819	3647819	2225274	2225274	9995	9995	10240	10240	342	342	393	393	1689	1689	6668	6668	32	32	67	67	322	322	135	135	133	133	251	251	225771	225771	164681	164681	232	232	203	203	468	468	349	349	26934	26934	1938	1938	219	219	178	178	327	327	102	102
IND00691	1709	1709	921	921	699	699	100	100	6114	6114	7714	7714	79	79	71	71	8265	8265	575	575	89	89	62	62	59	59	24	24	4118	4118	3588	3588	1536	1536	1899	1899	59	59	42	42	13	13	114	114	46	46	13	13	7321	7321	6379	6379	88	88	136	136	160	160	846	846	28	28	1	1	6745	6745	165	165	43	43	203	203	6511	6511	5345	5345	11	11	6	6	1	1	9	9	48	48	82	82	962	962	1853	1853	2362	2362	3170	3170	1206	1206	1260	1260	1363	1363	7948	7948	99	99	2	2	122	122	2665	2665	210	210	104	104	92	92	1216	1216	1543	1543	195	195	10	10	2	2	30	30	17	17	98	98	53	53	2199	2199	711	711	68	68	116	116	56	56	528	528	3008386	3008386	2411811	2411811	5523	5523	1340	1340	108	108	442	442	20949	20949	5646	5646	235	235	98	98	214	214	17	17	89	89	243	243	425491	425491	448876	448876	248	248	131	131	221	221	390	390	6105	6105	30368	30368	217	217	23	23	176	176	414	414
IND00692	522	522	42	42	387	387	999	999	7472	7472	580	580	111	111	120	120	5399	5399	565	565	81	81	240	240	36	36	37	37	618	618	5064	5064	918	918	799	799	18	18	74	74	42	42	38	38	50	50	4	4	4200	4200	4621	4621	231	231	173	173	716	716	227	227	8	8	26	26	7919	7919	2779	2779	300	300	313	313	6280	6280	7045	7045	16	16	14	14	8	8	8	8	64	64	52	52	816	816	1357	1357	748	748	64	64	1024	1024	468	468	1083	1083	5287	5287	20	20	1	1	2107	2107	2719	2719	75	75	210	210	1359	1359	34	34	277	277	1457	1457	12	12	32	32	99	99	126	126	13	13	109	109	3679	3679	2263	2263	135	135	200	200	233	233	673	673	1972454	1972454	3092702	3092702	9431	9431	269	269	64	64	223	223	21234	21234	26274	26274	196	196	14	14	703	703	369	369	142	142	168	168	403884	403884	368483	368483	13	13	99	99	468	468	441	441	18014	18014	22931	22931	205	205	245	245	472	472	502	502
IND00693	1760	1760	1067	1067	478	478	892	892	4679	4679	424	424	46	46	57	57	6558	6558	10083	10083	121	121	44	44	3	3	3	3	1947	1947	3896	3896	1278	1278	1805	1805	78	78	87	87	41	41	44	44	41	41	54	54	828	828	3632	3632	197	197	188	188	319	319	140	140	10	10	17	17	1650	1650	5748	5748	471	471	307	307	5182	5182	6599	6599	2	2	11	11	4	4	6	6	112	112	120	120	49	49	1624	1624	2578	2578	1389	1389	1904	1904	36	36	723	723	4879	4879	107	107	75	75	2644	2644	1163	1163	151	151	245	245	1471	1471	820	820	3798	3798	1574	1574	31	31	29	29	61	61	106	106	49	49	30	30	1924	1924	1375	1375	138	138	108	108	121	121	229	229	3783940	3783940	504746	504746	7389	7389	8951	8951	367	367	104	104	27500	27500	4196	4196	250	250	78	78	901	901	638	638	228	228	13	13	428125	428125	270013	270013	40	40	178	178	302	302	161	161	1489	1489	24308	24308	12	12	187	187	213	213	218	218
IND00694	652	652	103	103	603	603	307	307	2733	2733	6663	6663	120	120	84	84	668	668	12352	12352	134	134	159	159	39	39	48	48	5389	5389	7097	7097	1300	1300	1257	1257	39	39	55	55	81	81	93	93	50	50	39	39	811	811	3073	3073	165	165	110	110	142	142	104	104	30	30	18	18	3290	3290	7931	7931	490	490	47	47	5654	5654	6399	6399	1	1	9	9	6	6	1	1	56	56	123	123	700	700	696	696	1031	1031	3216	3216	941	941	1673	1673	6815	6815	8025	8025	140	140	89	89	3372	3372	3255	3255	40	40	68	68	886	886	1242	1242	2503	2503	1586	1586	20	20	28	28	37	37	37	37	74	74	23	23	2944	2944	1513	1513	161	161	75	75	80	80	72	72	925074	925074	3795474	3795474	5411	5411	12000	12000	165	165	85	85	24574	24574	8970	8970	55	55	89	89	178	178	194	194	240	240	217	217	66971	66971	264356	264356	205	205	200	200	59	59	3	3	6842	6842	17358	17358	59	59	233	233	356	356	425	425
IND00695	532	532	635	635	500	500	319	319	3664	3664	1179	1179	107	107	83	83	9372	9372	7983	7983	5	5	201	201	62	62	63	63	7928	7928	2860	2860	118	118	1889	1889	15	15	117	117	22	22	35	35	16	16	37	37	4849	4849	2194	2194	167	167	32	32	908	908	965	965	4	4	26	26	1496	1496	4434	4434	248	248	230	230	2120	2120	5119	5119	16	16	8	8	1	1	12	12	47	47	114	114	2023	2023	1628	1628	2129	2129	3725	3725	380	380	1483	1483	5280	5280	4990	4990	234	234	173	173	2988	2988	297	297	57	57	228	228	1901	1901	816	816	2557	2557	699	699	18	18	10	10	55	55	46	46	98	98	6	6	3847	3847	3615	3615	21	21	113	113	575	575	186	186	2223745	2223745	3950844	3950844	13597	13597	6730	6730	334	334	266	266	24275	24275	6109	6109	231	231	106	106	446	446	491	491	30	30	172	172	35896	35896	411645	411645	20	20	181	181	78	78	306	306	21140	21140	5817	5817	82	82	166	166	249	249	3	3
IND00696	522	522	1771	1771	868	868	492	492	6955	6955	369	369	98	98	85	85	10103	10103	13765	13765	41	41	43	43	51	51	20	20	2995	2995	5168	5168	1152	1152	1013	1013	26	26	8	8	102	102	13	13	12	12	13	13	4465	4465	7796	7796	117	117	204	204	315	315	451	451	16	16	3	3	33	33	6570	6570	206	206	217	217	4668	4668	7616	7616	12	12	1	1	8	8	14	14	27	27	37	37	929	929	1731	1731	3012	3012	1496	1496	1842	1842	1875	1875	2872	2872	4678	4678	249	249	251	251	2253	2253	2848	2848	138	138	31	31	448	448	65	65	1132	1132	68	68	4	4	2	2	33	33	55	55	60	60	3	3	911	911	1739	1739	192	192	19	19	980	980	551	551	708350	708350	1038063	1038063	2055	2055	15105	15105	456	456	461	461	18826	18826	26949	26949	36	36	212	212	484	484	622	622	44	44	38	38	297560	297560	378543	378543	246	246	14	14	14	14	455	455	1989	1989	2590	2590	21	21	252	252	135	135	169	169
IND00697	844	844	1982	1982	603	603	761	761	2980	2980	5354	5354	4	4	76	76	9739	9739	9153	9153	19	19	193	193	9	9	49	49	8146	8146	1227	1227	813	813	847	847	85	85	51	51	31	31	25	25	47	47	23	23	7985	7985	5971	5971	20	20	121	121	344	344	957	957	30	30	24	24	6154	6154	4268	4268	281	281	293	293	1861	1861	4862	4862	6	6	14	14	4	4	15	15	3	3	59	59	434	434	1631	1631	2692	2692	1218	1218	28	28	1932	1932	845	845	5558	5558	161	161	86	86	816	816	445	445	249	249	95	95	265	265	1740	1740	4014	4014	3329	3329	30	30	6	6	61	61	11	11	105	105	35	35	764	764	830	830	10	10	85	85	943	943	281	281	3277869	3277869	83820	83820	4252	4252	2081	2081	186	186	91	91	11378	11378	20554	20554	93	93	83	83	306	306	899	899	145	145	156	156	87811	87811	268466	268466	247	247	72	72	283	283	241	241	3894	3894	15935	15935	144	144	132	132	12	12	382	382
IND00698	566	566	1404	1404	532	532	219	219	6616	6616	547	547	128	128	110	110	3037	3037	5103	5103	148	148	109	109	33	33	44	44	5563	5563	6374	6374	1078	1078	744	744	5	5	117	117	124	124	39	39	48	48	3	3	3238	3238	3554	3554	168	168	187	187	977	977	596	596	26	26	10	10	7979	7979	7926	7926	438	438	124	124	3171	3171	1810	1810	16	16	14	14	14	14	3	3	116	116	49	49	582	582	608	608	3407	3407	3874	3874	652	652	1524	1524	4495	4495	2752	2752	8	8	129	129	1344	1344	3595	3595	214	214	200	200	246	246	1065	1065	666	666	3438	3438	3	3	15	15	99	99	12	12	97	97	115	115	2400	2400	3314	3314	92	92	208	208	62	62	774	774	2530680	2530680	706832	706832	4886	4886	1674	1674	197	197	443	443	19730	19730	10232	10232	48	48	138	138	607	607	701	701	33	33	184	184	398317	398317	460079	460079	171	171	137	137	252	252	241	241	30328	30328	26056	26056	166	166	241	241	43	43	290	290
IND00699	927	927	1059	1059	978	978	1017	1017	4175	4175	2997	2997	16	16	34	34	557	557	10053	10053	15	15	199	199	2	2	5	5	3676	3676	4318	4318	839	839	1222	1222	78	78	6	6	48	48	63	63	21	21	7	7	1092	1092	2379	2379	75	75	170	170	55	55	672	672	8	8	28	28	6635	6635	2073	2073	429	429	297	297	5164	5164	1076	1076	7	7	9	9	14	14	14	14	75	75	68	68	34	34	1992	1992	1685	1685	2590	2590	1623	1623	1498	1498	2115	2115	373	373	33	33	214	214	2947	2947	2160	2160	43	43	162	162	303	303	1904	1904	2453	2453	791	791	2	2	11	11	82	82	17	17	89	89	16	16	220	220	294	294	186	186	133	133	164	164	671	671	890442	890442	2188088	2188088	2147	2147	5869	5869	480	480	224	224	1617	1617	1103	1103	127	127	10	10	736	736	81	81	78	78	129	129	400226	400226	350954	350954	64	64	252	252	66	66	414	414	29227	29227	1898	1898	190	190	184	184	143	143	15	15
IND00700	1847	1847	1187	1187	146	146	88	88	6680	6680	7459	7459	15	15	73	73	9382	9382	138	138	193	193	230	230	52	52	26	26	2597	2597	6632	6632	1419	1419	141	141	84	84	36	36	49	49	30	30	16	16	50	50	5926	5926	2924	2924	107	107	109	109	967	967	991	991	24	24	16	16	1187	1187	4404	4404	142	142	350	350	6183	6183	6297	6297	1	1	3	3	9	9	4	4	76	76	13	13	1359	1359	1736	1736	2254	2254	1529	1529	1179	1179	71	71	2570	2570	4103	4103	91	91	243	243	1358	1358	835	835	234	234	154	154	1794	1794	195	195	1863	1863	2593	2593	25	25	14	14	128	128	94	94	53	53	90	90	3130	3130	310	310	151	151	1	1	848	848	43	43	3940962	3940962	108368	108368	9536	9536	649	649	14	14	51	51	8989	8989	12700	12700	224	224	122	122	761	761	182	182	81	81	148	148	124933	124933	516100	516100	90	90	200	200	222	222	206	206	13504	13504	20497	20497	248	248	186	186	333	333	504	504
IND00701	1234	1234	1762	1762	923	923	593	593	6707	6707	8064	8064	9	9	110	110	9066	9066	11000	11000	111	111	198	198	12	12	60	60	7124	7124	5415	5415	1633	1633	655	655	31	31	5	5	12	12	45	45	36	36	31	31	3351	3351	1814	1814	52	52	180	180	788	788	174	174	15	15	25	25	269	269	6292	6292	345	345	512	512	98	98	7205	7205	1	1	12	12	7	7	4	4	62	62	115	115	1892	1892	504	504	927	927	2700	2700	330	330	152	152	5050	5050	1752	1752	200	200	211	211	3863	3863	1781	1781	248	248	150	150	1936	1936	1715	1715	3331	3331	1153	1153	15	15	14	14	56	56	31	31	122	122	37	37	182	182	1801	1801	152	152	147	147	906	906	347	347	2217705	2217705	2129281	2129281	4312	4312	14238	14238	479	479	367	367	27484	27484	930	930	71	71	149	149	1020	1020	72	72	58	58	251	251	336304	336304	179156	179156	205	205	231	231	245	245	379	379	27264	27264	7952	7952	71	71	87	87	155	155	448	448
IND00702	355	355	560	560	574	574	730	730	7000	7000	3268	3268	44	44	53	53	7215	7215	8796	8796	220	220	120	120	10	10	42	42	5357	5357	6231	6231	780	780	465	465	67	67	21	21	98	98	84	84	18	18	53	53	2227	2227	6518	6518	215	215	42	42	270	270	591	591	22	22	18	18	3331	3331	380	380	295	295	150	150	2732	2732	5333	5333	16	16	16	16	3	3	1	1	53	53	85	85	1742	1742	980	980	1990	1990	5	5	538	538	208	208	4499	4499	629	629	90	90	207	207	4016	4016	1829	1829	220	220	114	114	1592	1592	966	966	1415	1415	726	726	11	11	31	31	61	61	58	58	53	53	113	113	682	682	281	281	53	53	186	186	888	888	552	552	2373061	2373061	1600497	1600497	2489	2489	11277	11277	120	120	63	63	7390	7390	16770	16770	245	245	109	109	807	807	1008	1008	28	28	38	38	235502	235502	311642	311642	203	203	41	41	361	361	201	201	27214	27214	6135	6135	175	175	27	27	100	100	504	504
IND00703	1781	1781	373	373	193	193	765	765	7467	7467	3327	3327	86	86	41	41	6038	6038	4811	4811	171	171	249	249	18	18	23	23	35	35	58	58	1724	1724	780	780	117	117	1	1	112	112	24	24	5	5	4	4	5679	5679	1879	1879	129	129	180	180	24	24	573	573	29	29	15	15	7529	7529	1381	1381	463	463	51	51	7377	7377	7315	7315	2	2	13	13	7	7	14	14	73	73	25	25	1042	1042	191	191	157	157	1637	1637	721	721	478	478	5131	5131	10	10	229	229	178	178	3219	3219	956	956	65	65	206	206	1675	1675	475	475	2476	2476	568	568	31	31	4	4	66	66	128	128	48	48	95	95	950	950	490	490	151	151	235	235	216	216	779	779	1761576	1761576	837741	837741	9138	9138	6932	6932	336	336	16	16	17626	17626	25684	25684	167	167	66	66	970	970	887	887	166	166	39	39	501851	501851	459772	459772	120	120	161	161	456	456	461	461	15298	15298	17888	17888	137	137	75	75	246	246	347	347
IND00704	909	909	264	264	196	196	612	612	7861	7861	3259	3259	42	42	89	89	4420	4420	15528	15528	142	142	125	125	58	58	10	10	7416	7416	6470	6470	1648	1648	383	383	14	14	81	81	78	78	123	123	25	25	14	14	2863	2863	1094	1094	92	92	96	96	177	177	825	825	8	8	7	7	4470	4470	5497	5497	328	328	25	25	1785	1785	5294	5294	16	16	12	12	2	2	2	2	12	12	15	15	1215	1215	1057	1057	2365	2365	768	768	58	58	1546	1546	5083	5083	808	808	247	247	136	136	3045	3045	191	191	237	237	141	141	567	567	1586	1586	321	321	550	550	25	25	5	5	35	35	3	3	112	112	112	112	3041	3041	1445	1445	150	150	119	119	566	566	252	252	2285234	2285234	1728019	1728019	15767	15767	233	233	240	240	478	478	10845	10845	10156	10156	146	146	228	228	689	689	249	249	195	195	49	49	246635	246635	468729	468729	148	148	5	5	233	233	181	181	24270	24270	17439	17439	24	24	220	220	199	199	59	59
IND00705	450	450	243	243	206	206	623	623	30	30	5621	5621	37	37	6	6	12328	12328	13647	13647	21	21	23	23	49	49	10	10	7024	7024	6572	6572	272	272	159	159	43	43	72	72	128	128	69	69	38	38	60	60	4578	4578	6097	6097	82	82	184	184	479	479	339	339	13	13	24	24	1850	1850	3405	3405	488	488	273	273	5157	5157	1961	1961	5	5	9	9	6	6	10	10	89	89	70	70	1946	1946	402	402	284	284	1829	1829	1592	1592	767	767	1565	1565	4043	4043	118	118	176	176	705	705	3314	3314	243	243	22	22	1510	1510	1088	1088	2604	2604	1859	1859	22	22	15	15	79	79	105	105	100	100	128	128	277	277	2817	2817	177	177	106	106	938	938	486	486	1277330	1277330	460499	460499	7044	7044	8629	8629	275	275	303	303	10740	10740	25627	25627	35	35	4	4	688	688	990	990	254	254	222	222	81035	81035	132347	132347	101	101	94	94	34	34	360	360	30957	30957	3601	3601	133	133	167	167	429	429	201	201
IND00706	174	174	621	621	1003	1003	227	227	945	945	2987	2987	105	105	52	52	9142	9142	3393	3393	167	167	149	149	12	12	26	26	2807	2807	1783	1783	396	396	1898	1898	88	88	126	126	107	107	126	126	18	18	15	15	7281	7281	3258	3258	12	12	179	179	682	682	820	820	12	12	11	11	3294	3294	7193	7193	59	59	249	249	3357	3357	5581	5581	11	11	4	4	6	6	9	9	102	102	119	119	760	760	857	857	2362	2362	2045	2045	1857	1857	186	186	51	51	7632	7632	240	240	128	128	338	338	1518	1518	237	237	10	10	568	568	242	242	3592	3592	2527	2527	11	11	13	13	32	32	20	20	19	19	29	29	3581	3581	802	802	162	162	115	115	234	234	797	797	2125358	2125358	1654965	1654965	15185	15185	6029	6029	422	422	494	494	19004	19004	724	724	150	150	71	71	776	776	702	702	61	61	3	3	202532	202532	472937	472937	146	146	235	235	346	346	18	18	19409	19409	1787	1787	153	153	230	230	319	319	252	252
IND00707	1511	1511	167	167	674	674	741	741	1395	1395	3718	3718	54	54	104	104	9529	9529	3795	3795	203	203	77	77	16	16	24	24	5529	5529	6609	6609	1357	1357	985	985	48	48	9	9	34	34	113	113	42	42	18	18	4222	4222	5691	5691	242	242	193	193	95	95	948	948	3	3	9	9	6169	6169	926	926	247	247	393	393	3500	3500	5543	5543	4	4	13	13	4	4	14	14	86	86	54	54	657	657	1428	1428	1111	1111	972	972	1425	1425	1151	1151	1783	1783	6869	6869	157	157	208	208	1730	1730	1119	1119	179	179	78	78	74	74	1659	1659	625	625	3666	3666	29	29	21	21	104	104	25	25	88	88	83	83	2207	2207	2501	2501	84	84	76	76	495	495	360	360	1013884	1013884	3541644	3541644	10966	10966	16169	16169	95	95	157	157	7198	7198	7720	7720	204	204	200	200	276	276	430	430	45	45	61	61	3165	3165	411188	411188	147	147	205	205	177	177	188	188	6209	6209	8437	8437	53	53	131	131	3	3	305	305
IND00708	1413	1413	1238	1238	245	245	725	725	5957	5957	6296	6296	37	37	128	128	1308	1308	10309	10309	139	139	89	89	2	2	51	51	5452	5452	5423	5423	1008	1008	1748	1748	67	67	29	29	57	57	21	21	47	47	17	17	2742	2742	2959	2959	230	230	25	25	862	862	771	771	3	3	28	28	4247	4247	3874	3874	466	466	362	362	116	116	8091	8091	8	8	4	4	16	16	9	9	73	73	48	48	543	543	1943	1943	3899	3899	3817	3817	1220	1220	1310	1310	2027	2027	3918	3918	207	207	187	187	582	582	594	594	3	3	172	172	1173	1173	1180	1180	2416	2416	1025	1025	6	6	4	4	24	24	34	34	93	93	8	8	3237	3237	2372	2372	173	173	130	130	898	898	332	332	959643	959643	4118449	4118449	1531	1531	5734	5734	458	458	435	435	27291	27291	12891	12891	232	232	14	14	175	175	76	76	255	255	177	177	68949	68949	282484	282484	219	219	193	193	447	447	372	372	2199	2199	15820	15820	162	162	177	177	88	88	443	443
IND00709	998	998	214	214	1003	1003	109	109	8179	8179	4887	4887	40	40	55	55	14080	14080	3027	3027	138	138	85	85	20	20	30	30	2779	2779	1075	1075	1895	1895	1087	1087	91	91	9	9	61	61	42	42	39	39	23	23	7147	7147	5422	5422	9	9	48	48	977	977	91	91	19	19	5	5	6365	6365	5661	5661	269	269	74	74	7186	7186	8043	8043	1	1	10	10	15	15	9	9	125	125	98	98	1746	1746	1847	1847	562	562	3258	3258	1015	1015	1244	1244	6855	6855	4453	4453	76	76	141	141	3415	3415	10	10	138	138	228	228	98	98	1101	1101	1850	1850	1793	1793	7	7	27	27	119	119	79	79	70	70	72	72	291	291	2689	2689	148	148	40	40	839	839	815	815	1080536	1080536	1182425	1182425	11395	11395	11891	11891	350	350	57	57	18352	18352	28833	28833	80	80	142	142	877	877	833	833	215	215	162	162	251832	251832	118527	118527	180	180	54	54	302	302	342	342	32632	32632	9973	9973	225	225	156	156	361	361	448	448
IND00710	388	388	1158	1158	304	304	220	220	3188	3188	4558	4558	14	14	120	120	4412	4412	8767	8767	142	142	36	36	51	51	38	38	2535	2535	1961	1961	290	290	1074	1074	32	32	98	98	102	102	2	2	63	63	10	10	3635	3635	7976	7976	43	43	15	15	234	234	846	846	6	6	24	24	23	23	7168	7168	371	371	241	241	7741	7741	6810	6810	12	12	16	16	11	11	5	5	53	53	118	118	1048	1048	1203	1203	2353	2353	1252	1252	1525	1525	1976	1976	5282	5282	6652	6652	231	231	50	50	990	990	3371	3371	106	106	235	235	1141	1141	725	725	812	812	3756	3756	3	3	10	10	32	32	44	44	85	85	123	123	55	55	1684	1684	220	220	137	137	880	880	766	766	165079	165079	2516914	2516914	15715	15715	12851	12851	245	245	179	179	31708	31708	28774	28774	122	122	233	233	583	583	969	969	62	62	58	58	360156	360156	436669	436669	77	77	139	139	65	65	301	301	1704	1704	30755	30755	250	250	96	96	244	244	4	4
IND00711	1717	1717	1813	1813	620	620	562	562	5130	5130	4550	4550	96	96	81	81	10350	10350	7019	7019	38	38	241	241	53	53	52	52	1990	1990	1788	1788	1369	1369	815	815	108	108	64	64	35	35	128	128	3	3	13	13	6262	6262	3403	3403	128	128	82	82	822	822	39	39	12	12	14	14	484	484	6517	6517	283	283	268	268	4459	4459	5614	5614	3	3	14	14	5	5	14	14	30	30	92	92	36	36	1989	1989	2059	2059	2109	2109	1762	1762	949	949	5483	5483	7596	7596	79	79	55	55	2809	2809	3059	3059	162	162	61	61	2030	2030	1986	1986	2351	2351	674	674	22	22	11	11	53	53	45	45	118	118	34	34	3310	3310	589	589	191	191	210	210	958	958	440	440	4161961	4161961	2217115	2217115	6074	6074	15890	15890	455	455	285	285	20532	20532	20600	20600	214	214	111	111	940	940	685	685	177	177	125	125	339180	339180	514112	514112	206	206	61	61	91	91	14	14	22528	22528	19749	19749	157	157	100	100	279	279	323	323
IND00712	1089	1089	868	868	154	154	648	648	1864	1864	6336	6336	70	70	87	87	4937	4937	10520	10520	252	252	161	161	23	23	17	17	3328	3328	7545	7545	1201	1201	320	320	43	43	8	8	11	11	19	19	22	22	55	55	2397	2397	6572	6572	120	120	162	162	784	784	962	962	30	30	13	13	1429	1429	3059	3059	326	326	128	128	1381	1381	7041	7041	9	9	14	14	1	1	16	16	119	119	99	99	512	512	983	983	2233	2233	2938	2938	1582	1582	1206	1206	2053	2053	606	606	157	157	126	126	645	645	784	784	142	142	132	132	1393	1393	1472	1472	3136	3136	1124	1124	23	23	2	2	69	69	115	115	68	68	47	47	1347	1347	283	283	178	178	97	97	15	15	292	292	82328	82328	3346300	3346300	2852	2852	5397	5397	223	223	52	52	2013	2013	31609	31609	215	215	56	56	583	583	967	967	106	106	50	50	204902	204902	204727	204727	152	152	202	202	96	96	359	359	946	946	6163	6163	55	55	192	192	3	3	464	464
IND00713	1061	1061	301	301	144	144	1002	1002	1779	1779	5788	5788	67	67	57	57	822	822	11685	11685	239	239	71	71	20	20	44	44	2609	2609	2405	2405	968	968	1691	1691	6	6	25	25	93	93	1	1	40	40	32	32	7291	7291	1351	1351	127	127	48	48	860	860	283	283	4	4	10	10	5047	5047	751	751	37	37	416	416	6473	6473	2333	2333	5	5	14	14	16	16	13	13	54	54	91	91	1823	1823	1859	1859	3066	3066	1401	1401	1889	1889	511	511	1460	1460	5672	5672	132	132	9	9	3625	3625	1613	1613	229	229	157	157	1867	1867	165	165	1044	1044	3535	3535	20	20	9	9	96	96	14	14	56	56	3	3	3774	3774	3110	3110	144	144	32	32	1008	1008	344	344	700584	700584	2140347	2140347	1431	1431	7096	7096	229	229	492	492	19534	19534	25473	25473	67	67	3	3	1024	1024	79	79	178	178	169	169	112232	112232	40836	40836	255	255	256	256	452	452	427	427	18348	18348	8589	8589	26	26	179	179	154	154	268	268
IND00714	139	139	283	283	313	313	813	813	6411	6411	3877	3877	99	99	2	2	13561	13561	4599	4599	179	179	140	140	26	26	7	7	2009	2009	5504	5504	1051	1051	1177	1177	67	67	75	75	74	74	15	15	51	51	24	24	4456	4456	225	225	120	120	177	177	378	378	148	148	20	20	18	18	2866	2866	758	758	370	370	73	73	8054	8054	7140	7140	8	8	16	16	5	5	3	3	73	73	33	33	1015	1015	1261	1261	2698	2698	3549	3549	391	391	472	472	5435	5435	1294	1294	81	81	7	7	3323	3323	999	999	48	48	160	160	1394	1394	699	699	920	920	2630	2630	12	12	32	32	109	109	86	86	48	48	84	84	1240	1240	2178	2178	115	115	34	34	866	866	946	946	2795629	2795629	1703715	1703715	2264	2264	6321	6321	25	25	209	209	9379	9379	92	92	27	27	131	131	771	771	147	147	92	92	222	222	248084	248084	55392	55392	53	53	246	246	233	233	220	220	20298	20298	24065	24065	229	229	199	199	507	507	30	30
IND00715	1545	1545	1048	1048	449	449	225	225	62	62	4512	4512	61	61	50	50	2547	2547	8715	8715	52	52	154	154	43	43	44	44	7938	7938	1695	1695	75	75	29	29	94	94	43	43	27	27	84	84	24	24	37	37	6640	6640	1235	1235	113	113	136	136	435	435	581	581	20	20	3	3	8003	8003	3755	3755	180	180	508	508	50	50	5525	5525	6	6	11	11	14	14	5	5	75	75	101	101	699	699	935	935	3540	3540	3773	3773	891	891	1546	1546	487	487	2053	2053	202	202	229	229	1775	1775	352	352	8	8	97	97	27	27	318	318	3770	3770	966	966	11	11	27	27	86	86	7	7	116	116	79	79	4000	4000	109	109	250	250	136	136	491	491	481	481	3742509	3742509	3570369	3570369	13140	13140	4999	4999	194	194	464	464	26715	26715	19847	19847	61	61	102	102	166	166	148	148	207	207	104	104	96638	96638	486338	486338	85	85	254	254	328	328	2	2	17644	17644	11031	11031	154	154	250	250	231	231	409	409
IND00716	1085	1085	1404	1404	481	481	798	798	8119	8119	2748	2748	59	59	103	103	8122	8122	14077	14077	27	27	95	95	2	2	14	14	3299	3299	565	565	184	184	522	522	35	35	26	26	104	104	27	27	31	31	32	32	5368	5368	6534	6534	168	168	134	134	675	675	129	129	10	10	31	31	5131	5131	6082	6082	27	27	249	249	2586	2586	4341	4341	4	4	3	3	7	7	3	3	57	57	99	99	1382	1382	1902	1902	1822	1822	439	439	940	940	2018	2018	7814	7814	2246	2246	100	100	72	72	3691	3691	3336	3336	54	54	165	165	1493	1493	1640	1640	3885	3885	963	963	7	7	10	10	71	71	124	124	84	84	75	75	2599	2599	1704	1704	162	162	13	13	319	319	168	168	3435182	3435182	2399148	2399148	1953	1953	10339	10339	363	363	2	2	23951	23951	3810	3810	43	43	221	221	45	45	999	999	179	179	76	76	17465	17465	129549	129549	250	250	204	204	140	140	267	267	4039	4039	11271	11271	224	224	1	1	18	18	274	274
IND00717	47	47	128	128	63	63	983	983	6578	6578	2664	2664	54	54	18	18	16309	16309	13718	13718	232	232	247	247	2	2	15	15	7570	7570	1326	1326	744	744	1849	1849	57	57	20	20	125	125	93	93	36	36	19	19	5425	5425	6559	6559	34	34	20	20	146	146	845	845	2	2	16	16	4597	4597	5554	5554	346	346	493	493	5628	5628	6268	6268	14	14	7	7	14	14	6	6	50	50	42	42	663	663	160	160	2678	2678	3347	3347	720	720	155	155	8002	8002	3164	3164	210	210	189	189	3004	3004	3779	3779	26	26	95	95	887	887	1772	1772	2950	2950	3540	3540	16	16	18	18	2	2	42	42	32	32	57	57	2555	2555	4005	4005	246	246	132	132	971	971	592	592	2361579	2361579	1535936	1535936	8524	8524	9622	9622	172	172	232	232	15155	15155	5297	5297	194	194	202	202	1008	1008	628	628	148	148	90	90	228145	228145	141127	141127	55	55	157	157	181	181	501	501	7976	7976	1551	1551	78	78	58	58	26	26	459	459
IND00718	1437	1437	1036	1036	253	253	779	779	3931	3931	410	410	98	98	46	46	16163	16163	8095	8095	43	43	25	25	2	2	3	3	520	520	3994	3994	1461	1461	1797	1797	103	103	63	63	31	31	58	58	39	39	16	16	1131	1131	771	771	209	209	112	112	262	262	838	838	16	16	27	27	3041	3041	7906	7906	411	411	237	237	6834	6834	1751	1751	12	12	9	9	11	11	12	12	56	56	36	36	1744	1744	1480	1480	3429	3429	124	124	28	28	1192	1192	628	628	4157	4157	90	90	20	20	2638	2638	3491	3491	241	241	200	200	1533	1533	1048	1048	2182	2182	3212	3212	2	2	15	15	120	120	106	106	89	89	43	43	1459	1459	1408	1408	120	120	144	144	343	343	393	393	3627561	3627561	2065597	2065597	13937	13937	9479	9479	233	233	146	146	27118	27118	16963	16963	99	99	185	185	400	400	35	35	71	71	188	188	141098	141098	282590	282590	138	138	74	74	474	474	108	108	23059	23059	1572	1572	253	253	91	91	346	346	306	306
IND00719	1376	1376	1201	1201	465	465	308	308	6702	6702	678	678	107	107	95	95	7041	7041	13492	13492	174	174	169	169	5	5	12	12	6846	6846	3183	3183	41	41	1438	1438	46	46	122	122	25	25	80	80	14	14	63	63	6502	6502	8050	8050	202	202	136	136	437	437	245	245	13	13	9	9	6027	6027	5563	5563	191	191	205	205	2480	2480	174	174	10	10	8	8	13	13	3	3	95	95	87	87	1177	1177	1301	1301	3315	3315	702	702	1026	1026	574	574	2661	2661	1314	1314	183	183	235	235	3462	3462	1002	1002	140	140	43	43	54	54	1765	1765	1122	1122	1738	1738	5	5	30	30	50	50	23	23	54	54	47	47	2815	2815	3782	3782	170	170	78	78	644	644	305	305	3646101	3646101	4182485	4182485	2773	2773	10901	10901	285	285	91	91	19636	19636	20959	20959	227	227	196	196	796	796	534	534	225	225	203	203	328066	328066	164485	164485	239	239	222	222	11	11	59	59	20687	20687	28074	28074	64	64	183	183	294	294	297	297
IND00720	242	242	1438	1438	314	314	362	362	5515	5515	7992	7992	56	56	106	106	4498	4498	3763	3763	93	93	200	200	64	64	14	14	775	775	3334	3334	533	533	400	400	36	36	98	98	70	70	8	8	57	57	42	42	8044	8044	5445	5445	151	151	173	173	816	816	411	411	10	10	9	9	6184	6184	7676	7676	42	42	268	268	4802	4802	2126	2126	5	5	12	12	10	10	1	1	55	55	1	1	1065	1065	239	239	2569	2569	4036	4036	717	717	1954	1954	7056	7056	2311	2311	143	143	160	160	1293	1293	2341	2341	172	172	143	143	1443	1443	1825	1825	32	32	3428	3428	30	30	13	13	46	46	60	60	97	97	46	46	3661	3661	1903	1903	233	233	58	58	87	87	717	717	1761966	1761966	690407	690407	2234	2234	6277	6277	375	375	115	115	22913	22913	6259	6259	61	61	12	12	918	918	555	555	144	144	116	116	52518	52518	495018	495018	126	126	251	251	270	270	4	4	19294	19294	22034	22034	234	234	9	9	317	317	281	281
IND00721	2045	2045	1372	1372	345	345	762	762	2078	2078	4380	4380	2	2	73	73	2601	2601	6773	6773	161	161	256	256	14	14	57	57	4559	4559	1289	1289	1108	1108	1520	1520	74	74	16	16	99	99	30	30	22	22	20	20	2692	2692	4036	4036	89	89	100	100	460	460	891	891	16	16	7	7	2818	2818	6587	6587	116	116	20	20	6816	6816	2464	2464	6	6	6	6	15	15	1	1	120	120	33	33	727	727	1288	1288	2249	2249	2152	2152	1231	1231	1571	1571	3603	3603	3988	3988	15	15	176	176	2506	2506	341	341	10	10	217	217	1409	1409	2001	2001	3934	3934	544	544	19	19	2	2	79	79	55	55	85	85	18	18	3844	3844	1877	1877	13	13	182	182	770	770	614	614	2987216	2987216	2993631	2993631	15893	15893	1949	1949	170	170	229	229	15965	15965	31583	31583	252	252	151	151	540	540	886	886	96	96	127	127	3948	3948	192278	192278	251	251	225	225	47	47	105	105	17093	17093	11273	11273	207	207	147	147	381	381	287	287
IND00722	342	342	1366	1366	62	62	461	461	5555	5555	1969	1969	123	123	66	66	1108	1108	1629	1629	200	200	55	55	56	56	43	43	640	640	4377	4377	1615	1615	1885	1885	16	16	41	41	45	45	115	115	47	47	5	5	5199	5199	5509	5509	121	121	159	159	860	860	168	168	5	5	15	15	7112	7112	1770	1770	421	421	385	385	3680	3680	1901	1901	10	10	3	3	2	2	8	8	16	16	21	21	1719	1719	179	179	1603	1603	1748	1748	197	197	218	218	7031	7031	1758	1758	126	126	30	30	3443	3443	1195	1195	48	48	161	161	995	995	854	854	78	78	1181	1181	23	23	19	19	94	94	96	96	81	81	100	100	1773	1773	1878	1878	149	149	5	5	298	298	295	295	2651681	2651681	4062360	4062360	10456	10456	670	670	511	511	487	487	30673	30673	25295	25295	30	30	204	204	881	881	671	671	36	36	244	244	391464	391464	246145	246145	30	30	114	114	380	380	224	224	18095	18095	5934	5934	128	128	185	185	397	397	177	177
IND00723	1330	1330	1318	1318	930	930	505	505	3957	3957	6145	6145	54	54	28	28	14806	14806	975	975	70	70	31	31	49	49	18	18	3079	3079	7388	7388	1387	1387	751	751	99	99	78	78	34	34	55	55	40	40	58	58	2624	2624	2721	2721	152	152	100	100	533	533	216	216	32	32	4	4	1006	1006	3750	3750	311	311	385	385	7228	7228	391	391	4	4	11	11	2	2	6	6	57	57	127	127	946	946	911	911	1017	1017	2484	2484	482	482	700	700	5159	5159	6995	6995	19	19	230	230	1143	1143	3657	3657	202	202	159	159	1452	1452	1624	1624	1053	1053	1050	1050	26	26	20	20	26	26	18	18	32	32	95	95	540	540	1757	1757	57	57	52	52	432	432	200	200	3288537	3288537	2378651	2378651	3694	3694	1045	1045	367	367	70	70	3423	3423	8079	8079	175	175	166	166	84	84	259	259	29	29	219	219	390293	390293	93697	93697	134	134	184	184	160	160	399	399	21349	21349	26042	26042	255	255	197	197	441	441	123	123
IND00724	1573	1573	522	522	509	509	176	176	1371	1371	8192	8192	21	21	12	12	14145	14145	4969	4969	213	213	80	80	47	47	33	33	7706	7706	7444	7444	952	952	1913	1913	127	127	53	53	99	99	28	28	19	19	13	13	4435	4435	7956	7956	81	81	150	150	20	20	25	25	31	31	5	5	2510	2510	988	988	111	111	436	436	2624	2624	754	754	14	14	3	3	1	1	15	15	72	72	24	24	322	322	1308	1308	2682	2682	97	97	1412	1412	404	404	5446	5446	7798	7798	254	254	61	61	2808	2808	3750	3750	138	138	89	89	1467	1467	1993	1993	3793	3793	669	669	21	21	11	11	5	5	91	91	106	106	48	48	959	959	2938	2938	196	196	145	145	874	874	199	199	2956262	2956262	82952	82952	10108	10108	1571	1571	438	438	224	224	8709	8709	2071	2071	55	55	140	140	310	310	260	260	24	24	236	236	306996	306996	185356	185356	18	18	177	177	359	359	431	431	6203	6203	4139	4139	142	142	32	32	388	388	472	472
IND00725	2025	2025	1094	1094	677	677	431	431	5854	5854	6429	6429	85	85	68	68	14779	14779	1234	1234	152	152	116	116	63	63	45	45	3916	3916	161	161	425	425	372	372	29	29	7	7	73	73	82	82	62	62	31	31	6558	6558	1265	1265	190	190	224	224	274	274	560	560	9	9	22	22	3501	3501	2571	2571	407	407	207	207	5115	5115	2225	2225	16	16	16	16	9	9	12	12	33	33	44	44	1213	1213	1106	1106	3089	3089	2589	2589	1377	1377	779	779	7777	7777	4129	4129	188	188	130	130	374	374	1518	1518	192	192	144	144	1663	1663	497	497	632	632	3585	3585	24	24	20	20	16	16	76	76	55	55	115	115	2812	2812	3069	3069	178	178	162	162	325	325	450	450	1438528	1438528	3494098	3494098	3485	3485	11897	11897	13	13	284	284	5386	5386	5033	5033	107	107	46	46	346	346	502	502	39	39	22	22	439687	439687	76560	76560	94	94	72	72	456	456	202	202	17904	17904	24997	24997	148	148	4	4	413	413	461	461
IND00726	36	36	1330	1330	289	289	856	856	5389	5389	1247	1247	58	58	38	38	3433	3433	4245	4245	170	170	66	66	60	60	9	9	7854	7854	5914	5914	534	534	1870	1870	70	70	89	89	24	24	61	61	56	56	9	9	7528	7528	4563	4563	49	49	256	256	627	627	884	884	4	4	27	27	7234	7234	51	51	358	358	291	291	7286	7286	4098	4098	2	2	3	3	1	1	10	10	58	58	13	13	810	810	903	903	219	219	2806	2806	1292	1292	996	996	7022	7022	6553	6553	125	125	169	169	2760	2760	4042	4042	9	9	16	16	391	391	1197	1197	1474	1474	1184	1184	10	10	18	18	45	45	8	8	27	27	15	15	3265	3265	1818	1818	131	131	165	165	378	378	236	236	2138421	2138421	675397	675397	407	407	14869	14869	329	329	354	354	31013	31013	19208	19208	245	245	143	143	46	46	327	327	250	250	147	147	127735	127735	387261	387261	212	212	147	147	90	90	24	24	6094	6094	16941	16941	236	236	131	131	77	77	256	256
IND00727	297	297	1467	1467	568	568	866	866	4595	4595	3827	3827	62	62	77	77	14110	14110	8375	8375	53	53	136	136	29	29	6	6	5305	5305	2818	2818	224	224	1924	1924	26	26	110	110	65	65	102	102	24	24	30	30	7987	7987	3863	3863	88	88	90	90	270	270	896	896	11	11	31	31	4215	4215	1294	1294	138	138	400	400	7355	7355	1379	1379	4	4	10	10	12	12	6	6	22	22	83	83	434	434	1008	1008	1914	1914	710	710	1600	1600	795	795	81	81	8159	8159	228	228	144	144	2424	2424	1814	1814	117	117	112	112	1229	1229	1394	1394	1435	1435	3560	3560	19	19	28	28	124	124	96	96	39	39	123	123	3394	3394	2216	2216	179	179	212	212	15	15	903	903	2447285	2447285	3029540	3029540	7143	7143	11624	11624	143	143	404	404	6628	6628	30954	30954	8	8	3	3	565	565	498	498	247	247	61	61	171289	171289	131231	131231	115	115	62	62	281	281	93	93	9588	9588	3149	3149	250	250	74	74	31	31	334	334
IND00728	452	452	908	908	544	544	304	304	4150	4150	5252	5252	47	47	74	74	5317	5317	1343	1343	77	77	90	90	63	63	10	10	7219	7219	7438	7438	901	901	189	189	90	90	3	3	24	24	53	53	54	54	63	63	4937	4937	4632	4632	27	27	239	239	685	685	451	451	17	17	19	19	6375	6375	1187	1187	504	504	220	220	368	368	5028	5028	10	10	5	5	1	1	4	4	48	48	5	5	429	429	2024	2024	1839	1839	2154	2154	122	122	1396	1396	262	262	6088	6088	247	247	78	78	183	183	1265	1265	22	22	142	142	790	790	630	630	696	696	1765	1765	9	9	23	23	123	123	33	33	104	104	61	61	1339	1339	1348	1348	60	60	23	23	762	762	222	222	3216143	3216143	2972870	2972870	3660	3660	2047	2047	250	250	298	298	22154	22154	17955	17955	54	54	234	234	652	652	310	310	236	236	172	172	79147	79147	506472	506472	231	231	210	210	81	81	78	78	26684	26684	3399	3399	129	129	207	207	425	425	394	394
IND00729	1808	1808	450	450	559	559	1010	1010	1253	1253	4507	4507	51	51	22	22	3512	3512	4954	4954	141	141	89	89	44	44	16	16	4223	4223	3518	3518	159	159	2039	2039	121	121	114	114	70	70	128	128	29	29	30	30	5591	5591	1829	1829	210	210	203	203	922	922	957	957	12	12	10	10	1478	1478	1321	1321	144	144	199	199	1278	1278	1625	1625	1	1	13	13	9	9	8	8	75	75	63	63	171	171	341	341	3978	3978	2455	2455	763	763	1645	1645	875	875	5368	5368	253	253	216	216	1782	1782	2201	2201	39	39	62	62	707	707	1014	1014	1147	1147	1492	1492	22	22	18	18	46	46	27	27	45	45	67	67	3942	3942	2503	2503	33	33	145	145	195	195	219	219	2683622	2683622	204499	204499	6437	6437	656	656	402	402	151	151	8261	8261	1920	1920	126	126	29	29	325	325	732	732	186	186	66	66	6315	6315	284570	284570	165	165	228	228	314	314	473	473	21704	21704	4145	4145	102	102	112	112	189	189	331	331
IND00730	280	280	2042	2042	1017	1017	238	238	42	42	5356	5356	122	122	11	11	10238	10238	10259	10259	105	105	186	186	11	11	39	39	8105	8105	4274	4274	1090	1090	801	801	8	8	96	96	41	41	6	6	58	58	13	13	1047	1047	5214	5214	124	124	106	106	828	828	651	651	13	13	8	8	8164	8164	1288	1288	29	29	110	110	3492	3492	4929	4929	5	5	9	9	12	12	11	11	29	29	56	56	2027	2027	743	743	3372	3372	1897	1897	1585	1585	1066	1066	5481	5481	3037	3037	10	10	197	197	2700	2700	2710	2710	117	117	215	215	662	662	710	710	637	637	3737	3737	18	18	9	9	81	81	96	96	96	96	44	44	419	419	294	294	128	128	134	134	13	13	373	373	1530067	1530067	724917	724917	5171	5171	9435	9435	407	407	14	14	25591	25591	2408	2408	202	202	204	204	217	217	902	902	55	55	46	46	262054	262054	343710	343710	224	224	252	252	385	385	258	258	4574	4574	23578	23578	51	51	220	220	496	496	211	211
IND00731	1736	1736	260	260	1013	1013	185	185	4664	4664	7857	7857	59	59	20	20	12268	12268	6767	6767	243	243	83	83	35	35	5	5	953	953	6605	6605	716	716	451	451	100	100	97	97	1	1	23	23	54	54	4	4	4191	4191	2565	2565	51	51	39	39	349	349	751	751	22	22	15	15	5790	5790	4154	4154	408	408	213	213	1030	1030	6510	6510	13	13	11	11	14	14	2	2	105	105	121	121	1383	1383	1571	1571	3650	3650	3464	3464	1798	1798	1047	1047	1267	1267	5218	5218	122	122	155	155	114	114	1475	1475	73	73	134	134	10	10	1875	1875	2122	2122	2584	2584	1	1	16	16	28	28	112	112	122	122	26	26	915	915	2	2	158	158	77	77	277	277	274	274	3092657	3092657	1742624	1742624	2493	2493	1750	1750	18	18	230	230	10618	10618	22373	22373	186	186	14	14	869	869	109	109	48	48	22	22	338816	338816	339360	339360	6	6	14	14	488	488	314	314	9391	9391	30372	30372	95	95	158	158	456	456	297	297
IND00732	1105	1105	1842	1842	607	607	215	215	4162	4162	4816	4816	122	122	21	21	2627	2627	1788	1788	68	68	19	19	35	35	10	10	2153	2153	63	63	954	954	66	66	9	9	112	112	15	15	38	38	39	39	16	16	3557	3557	5976	5976	104	104	246	246	830	830	818	818	22	22	28	28	3437	3437	3328	3328	9	9	82	82	3427	3427	5668	5668	15	15	13	13	8	8	15	15	27	27	122	122	932	932	1827	1827	1200	1200	1755	1755	1374	1374	1089	1089	2473	2473	5133	5133	89	89	22	22	1919	1919	3966	3966	136	136	88	88	1734	1734	1808	1808	1187	1187	3096	3096	5	5	31	31	58	58	23	23	71	71	108	108	318	318	2198	2198	64	64	28	28	566	566	337	337	3335597	3335597	3001225	3001225	2187	2187	11559	11559	180	180	170	170	6532	6532	9289	9289	91	91	45	45	963	963	926	926	191	191	61	61	127848	127848	378056	378056	192	192	234	234	94	94	360	360	23751	23751	16339	16339	167	167	80	80	443	443	437	437
IND00733	1041	1041	531	531	457	457	782	782	603	603	4708	4708	15	15	87	87	14670	14670	2054	2054	44	44	243	243	15	15	11	11	2108	2108	4327	4327	466	466	1737	1737	4	4	83	83	65	65	107	107	42	42	46	46	2497	2497	5006	5006	124	124	131	131	177	177	864	864	32	32	15	15	5696	5696	4963	4963	317	317	33	33	1738	1738	1537	1537	9	9	3	3	7	7	7	7	93	93	69	69	1201	1201	923	923	1533	1533	2168	2168	1916	1916	1163	1163	3228	3228	1005	1005	45	45	59	59	344	344	471	471	94	94	193	193	284	284	1865	1865	1201	1201	2671	2671	28	28	29	29	26	26	76	76	39	39	36	36	3590	3590	908	908	11	11	14	14	481	481	131	131	3857861	3857861	347253	347253	7134	7134	13340	13340	139	139	7	7	14375	14375	25753	25753	105	105	43	43	33	33	729	729	148	148	252	252	242012	242012	290840	290840	2	2	182	182	40	40	496	496	16970	16970	10321	10321	177	177	113	113	205	205	434	434
IND00734	384	384	1166	1166	119	119	732	732	7024	7024	3541	3541	25	25	6	6	3277	3277	8608	8608	40	40	246	246	4	4	1	1	1461	1461	6823	6823	1324	1324	604	604	102	102	124	124	10	10	83	83	34	34	47	47	7059	7059	4800	4800	28	28	237	237	450	450	700	700	1	1	24	24	3002	3002	7309	7309	240	240	7	7	4959	4959	3061	3061	10	10	1	1	9	9	10	10	69	69	83	83	192	192	490	490	2694	2694	3638	3638	1477	1477	40	40	1461	1461	3836	3836	125	125	83	83	1316	1316	3484	3484	3	3	34	34	764	764	2003	2003	3684	3684	2839	2839	22	22	32	32	45	45	95	95	25	25	122	122	2175	2175	4079	4079	30	30	16	16	887	887	254	254	3756375	3756375	1579091	1579091	12872	12872	5907	5907	204	204	486	486	12308	12308	22273	22273	133	133	150	150	651	651	666	666	105	105	65	65	384676	384676	506585	506585	66	66	210	210	21	21	210	210	31153	31153	2340	2340	110	110	191	191	473	473	72	72
IND00735	880	880	1827	1827	593	593	684	684	2638	2638	4072	4072	67	67	85	85	8611	8611	16359	16359	55	55	207	207	34	34	17	17	3169	3169	7507	7507	103	103	1583	1583	60	60	2	2	72	72	83	83	53	53	2	2	2265	2265	1490	1490	57	57	201	201	999	999	872	872	7	7	4	4	7822	7822	1165	1165	358	358	82	82	3666	3666	6782	6782	4	4	9	9	8	8	2	2	110	110	40	40	1928	1928	1595	1595	3306	3306	288	288	386	386	374	374	2895	2895	7379	7379	82	82	256	256	1579	1579	1046	1046	80	80	144	144	631	631	1895	1895	1594	1594	3821	3821	6	6	32	32	81	81	85	85	30	30	110	110	1751	1751	3711	3711	57	57	24	24	280	280	671	671	796273	796273	1133112	1133112	16183	16183	1929	1929	511	511	42	42	20266	20266	15226	15226	232	232	156	156	589	589	609	609	64	64	126	126	240426	240426	347265	347265	230	230	231	231	287	287	144	144	12590	12590	13007	13007	118	118	246	246	111	111	37	37
IND00736	1829	1829	1494	1494	611	611	345	345	6424	6424	3267	3267	89	89	30	30	3543	3543	14302	14302	101	101	186	186	44	44	51	51	6835	6835	3873	3873	1828	1828	1700	1700	103	103	119	119	128	128	33	33	57	57	15	15	1197	1197	6198	6198	235	235	95	95	316	316	87	87	14	14	11	11	1386	1386	6021	6021	84	84	375	375	22	22	22	22	8	8	5	5	11	11	15	15	108	108	108	108	1327	1327	489	489	3971	3971	1003	1003	1220	1220	1610	1610	7165	7165	7655	7655	234	234	53	53	1311	1311	560	560	23	23	115	115	1742	1742	758	758	552	552	3475	3475	16	16	12	12	110	110	106	106	121	121	122	122	1401	1401	2115	2115	114	114	63	63	850	850	582	582	1324553	1324553	3330174	3330174	7478	7478	15515	15515	260	260	277	277	4724	4724	18716	18716	235	235	100	100	846	846	959	959	30	30	229	229	336071	336071	453036	453036	118	118	160	160	189	189	3	3	15249	15249	24004	24004	18	18	28	28	496	496	102	102
IND00737	1932	1932	584	584	935	935	78	78	6369	6369	3297	3297	110	110	38	38	6235	6235	15326	15326	78	78	233	233	14	14	55	55	3020	3020	2094	2094	1045	1045	1450	1450	52	52	39	39	34	34	1	1	7	7	52	52	4497	4497	1636	1636	232	232	172	172	873	873	758	758	2	2	7	7	6213	6213	7427	7427	228	228	37	37	3329	3329	2263	2263	9	9	15	15	2	2	12	12	46	46	85	85	1226	1226	56	56	3179	3179	1198	1198	1389	1389	632	632	5921	5921	1951	1951	169	169	79	79	2557	2557	2460	2460	235	235	189	189	1791	1791	1458	1458	396	396	1806	1806	31	31	11	11	30	30	63	63	8	8	47	47	1067	1067	182	182	164	164	88	88	41	41	522	522	3298674	3298674	1904761	1904761	6540	6540	5652	5652	361	361	107	107	31262	31262	9364	9364	111	111	114	114	558	558	719	719	127	127	106	106	73723	73723	431374	431374	215	215	103	103	352	352	214	214	32451	32451	9096	9096	75	75	250	250	173	173	212	212
IND00738	1747	1747	657	657	339	339	514	514	2304	2304	6213	6213	40	40	43	43	9595	9595	10153	10153	206	206	193	193	26	26	41	41	3544	3544	3663	3663	1391	1391	1401	1401	126	126	3	3	52	52	79	79	51	51	8	8	110	110	7740	7740	21	21	178	178	226	226	667	667	3	3	8	8	7619	7619	2321	2321	396	396	298	298	3714	3714	8118	8118	11	11	14	14	15	15	11	11	58	58	58	58	1489	1489	1637	1637	906	906	1577	1577	1123	1123	713	713	4891	4891	6619	6619	1	1	227	227	2949	2949	470	470	61	61	103	103	770	770	1998	1998	3638	3638	1054	1054	12	12	3	3	5	5	123	123	27	27	94	94	533	533	3387	3387	113	113	155	155	925	925	909	909	2250646	2250646	77202	77202	3617	3617	2766	2766	221	221	83	83	29356	29356	468	468	100	100	85	85	912	912	890	890	46	46	105	105	64045	64045	53768	53768	250	250	120	120	437	437	437	437	19305	19305	3408	3408	160	160	54	54	292	292	505	505
IND00739	755	755	2033	2033	791	791	857	857	7122	7122	7594	7594	103	103	124	124	6384	6384	12533	12533	167	167	201	201	12	12	7	7	5196	5196	4708	4708	66	66	166	166	4	4	24	24	62	62	14	14	5	5	50	50	3665	3665	2145	2145	21	21	10	10	591	591	115	115	13	13	8	8	1291	1291	5951	5951	338	338	50	50	1893	1893	3369	3369	13	13	1	1	1	1	8	8	22	22	24	24	1892	1892	1166	1166	3438	3438	1240	1240	958	958	1000	1000	3924	3924	3526	3526	189	189	184	184	2901	2901	3809	3809	135	135	151	151	1786	1786	1124	1124	3311	3311	3657	3657	10	10	31	31	55	55	110	110	118	118	70	70	3486	3486	3324	3324	65	65	50	50	107	107	595	595	1670625	1670625	2475997	2475997	11082	11082	9793	9793	425	425	221	221	21207	21207	26474	26474	63	63	103	103	403	403	293	293	102	102	16	16	24253	24253	462177	462177	153	153	142	142	64	64	494	494	22787	22787	18627	18627	198	198	24	24	27	27	58	58
IND00740	438	438	953	953	514	514	202	202	6848	6848	8189	8189	102	102	118	118	6365	6365	857	857	9	9	23	23	33	33	4	4	4545	4545	484	484	546	546	965	965	106	106	59	59	128	128	105	105	22	22	1	1	6554	6554	4176	4176	163	163	79	79	651	651	464	464	3	3	12	12	1697	1697	2855	2855	421	421	468	468	4068	4068	2059	2059	13	13	1	1	2	2	4	4	71	71	102	102	1410	1410	667	667	3589	3589	445	445	693	693	1576	1576	2388	2388	7299	7299	37	37	11	11	2684	2684	2291	2291	137	137	240	240	1626	1626	1490	1490	154	154	1901	1901	5	5	25	25	73	73	23	23	96	96	99	99	2857	2857	1684	1684	3	3	204	204	436	436	778	778	930584	930584	3561082	3561082	13863	13863	13333	13333	185	185	102	102	5529	5529	7980	7980	216	216	217	217	245	245	957	957	240	240	12	12	246167	246167	516039	516039	52	52	36	36	326	326	42	42	22014	22014	9943	9943	27	27	118	118	220	220	247	247
IND00741	727	727	140	140	661	661	407	407	354	354	2881	2881	108	108	57	57	1837	1837	12952	12952	158	158	183	183	58	58	46	46	531	531	5320	5320	2021	2021	1492	1492	70	70	22	22	115	115	10	10	11	11	30	30	248	248	22	22	13	13	33	33	5	5	297	297	30	30	18	18	4944	4944	3933	3933	220	220	222	222	2895	2895	3146	3146	8	8	8	8	9	9	11	11	2	2	91	91	1351	1351	1677	1677	107	107	3680	3680	90	90	334	334	1384	1384	7733	7733	36	36	52	52	3278	3278	3790	3790	169	169	118	118	902	902	996	996	65	65	1629	1629	14	14	5	5	45	45	3	3	28	28	96	96	3307	3307	221	221	103	103	62	62	514	514	748	748	600440	600440	450023	450023	8854	8854	15482	15482	283	283	368	368	30011	30011	28808	28808	181	181	205	205	230	230	325	325	99	99	144	144	385057	385057	440559	440559	80	80	59	59	153	153	296	296	5846	5846	9213	9213	18	18	70	70	344	344	286	286
IND00742	20	20	428	428	663	663	439	439	4385	4385	1417	1417	48	48	36	36	11572	11572	10623	10623	29	29	213	213	15	15	28	28	5482	5482	979	979	1861	1861	910	910	51	51	114	114	42	42	80	80	14	14	8	8	4597	4597	6067	6067	30	30	52	52	346	346	759	759	20	20	5	5	214	214	198	198	267	267	467	467	2871	2871	3400	3400	12	12	11	11	4	4	11	11	17	17	104	104	721	721	1380	1380	1644	1644	373	373	1827	1827	1099	1099	3405	3405	2734	2734	249	249	138	138	2795	2795	1282	1282	105	105	46	46	1327	1327	913	913	434	434	2902	2902	8	8	16	16	71	71	66	66	117	117	71	71	481	481	2626	2626	175	175	109	109	778	778	327	327	2806253	2806253	1287386	1287386	3645	3645	13971	13971	61	61	411	411	31440	31440	17797	17797	7	7	66	66	230	230	533	533	183	183	176	176	39841	39841	447264	447264	238	238	81	81	53	53	460	460	32024	32024	3385	3385	222	222	206	206	24	24	263	263
IND00743	656	656	92	92	112	112	895	895	4749	4749	7495	7495	15	15	49	49	3750	3750	1093	1093	82	82	108	108	18	18	16	16	7220	7220	4481	4481	297	297	222	222	86	86	99	99	21	21	12	12	1	1	18	18	4230	4230	5073	5073	27	27	117	117	80	80	766	766	13	13	22	22	7155	7155	4868	4868	342	342	33	33	2588	2588	2064	2064	9	9	5	5	15	15	15	15	123	123	120	120	1032	1032	494	494	544	544	2045	2045	828	828	334	334	3453	3453	6066	6066	100	100	88	88	3725	3725	1389	1389	220	220	105	105	118	118	1755	1755	3121	3121	3733	3733	31	31	6	6	25	25	50	50	55	55	20	20	2595	2595	1965	1965	65	65	113	113	246	246	1001	1001	3099168	3099168	32062	32062	15041	15041	76	76	410	410	377	377	14817	14817	3885	3885	91	91	170	170	193	193	977	977	23	23	251	251	310005	310005	439472	439472	104	104	136	136	23	23	437	437	21999	21999	2539	2539	223	223	16	16	474	474	38	38
IND00744	1993	1993	830	830	1011	1011	308	308	6050	6050	5896	5896	20	20	122	122	2029	2029	10757	10757	255	255	49	49	8	8	16	16	2307	2307	2445	2445	1241	1241	1279	1279	3	3	101	101	23	23	126	126	2	2	5	5	3895	3895	7795	7795	252	252	209	209	862	862	151	151	1	1	32	32	6373	6373	5136	5136	130	130	276	276	3905	3905	139	139	7	7	4	4	8	8	13	13	124	124	105	105	560	560	787	787	1998	1998	1951	1951	256	256	475	475	4952	4952	6401	6401	162	162	55	55	2111	2111	3483	3483	216	216	217	217	1600	1600	1650	1650	1217	1217	1338	1338	27	27	17	17	70	70	56	56	50	50	65	65	2950	2950	2	2	169	169	113	113	1003	1003	757	757	14511	14511	51284	51284	13961	13961	11195	11195	82	82	110	110	4045	4045	17614	17614	222	222	48	48	80	80	296	296	162	162	84	84	329593	329593	378440	378440	252	252	188	188	106	106	188	188	3829	3829	10100	10100	189	189	169	169	316	316	291	291
IND00745	1748	1748	903	903	356	356	605	605	61	61	7009	7009	91	91	12	12	8908	8908	70	70	256	256	35	35	52	52	31	31	5195	5195	5245	5245	317	317	1224	1224	7	7	95	95	60	60	26	26	15	15	29	29	4912	4912	7430	7430	103	103	154	154	939	939	878	878	22	22	4	4	3123	3123	7154	7154	18	18	238	238	5734	5734	946	946	11	11	9	9	3	3	1	1	92	92	30	30	1978	1978	186	186	1937	1937	3209	3209	1773	1773	647	647	1439	1439	2998	2998	121	121	55	55	2566	2566	1965	1965	123	123	190	190	482	482	287	287	931	931	757	757	6	6	11	11	111	111	42	42	5	5	84	84	3793	3793	3869	3869	123	123	98	98	509	509	545	545	1875545	1875545	88063	88063	8361	8361	12423	12423	391	391	271	271	8641	8641	29450	29450	18	18	5	5	474	474	785	785	208	208	43	43	124028	124028	400768	400768	136	136	225	225	36	36	279	279	8204	8204	15894	15894	197	197	142	142	11	11	315	315
IND00746	347	347	1378	1378	514	514	997	997	3548	3548	560	560	11	11	128	128	4657	4657	812	812	217	217	134	134	52	52	20	20	3708	3708	1839	1839	353	353	1461	1461	36	36	103	103	44	44	8	8	5	5	56	56	3572	3572	6389	6389	77	77	201	201	176	176	382	382	13	13	21	21	2249	2249	2328	2328	71	71	145	145	2812	2812	1680	1680	12	12	7	7	14	14	2	2	37	37	106	106	2045	2045	1183	1183	334	334	1937	1937	1402	1402	1635	1635	3971	3971	1040	1040	218	218	14	14	107	107	3240	3240	65	65	126	126	239	239	429	429	1332	1332	3044	3044	7	7	11	11	96	96	29	29	14	14	115	115	1319	1319	3457	3457	253	253	165	165	350	350	781	781	3757835	3757835	2327128	2327128	8150	8150	6896	6896	350	350	35	35	3595	3595	2808	2808	28	28	224	224	767	767	89	89	75	75	5	5	261462	261462	118355	118355	179	179	207	207	190	190	85	85	29672	29672	15487	15487	56	56	207	207	152	152	429	429
IND00747	707	707	903	903	150	150	466	466	281	281	1398	1398	37	37	34	34	7306	7306	10276	10276	36	36	51	51	40	40	61	61	626	626	3275	3275	974	974	1471	1471	7	7	64	64	15	15	115	115	50	50	13	13	72	72	1395	1395	75	75	94	94	390	390	120	120	30	30	28	28	1913	1913	1274	1274	45	45	336	336	5164	5164	5331	5331	1	1	8	8	15	15	14	14	65	65	62	62	1101	1101	835	835	2055	2055	2867	2867	1695	1695	208	208	6907	6907	7653	7653	98	98	124	124	2727	2727	876	876	195	195	249	249	1612	1612	1367	1367	4082	4082	3105	3105	2	2	32	32	2	2	47	47	113	113	115	115	3584	3584	2542	2542	220	220	137	137	451	451	340	340	2765975	2765975	4022752	4022752	9237	9237	13141	13141	449	449	293	293	10170	10170	9450	9450	42	42	251	251	824	824	182	182	124	124	20	20	510556	510556	389250	389250	235	235	144	144	309	309	382	382	615	615	28961	28961	65	65	149	149	415	415	209	209
IND00748	1875	1875	1930	1930	974	974	11	11	6665	6665	7562	7562	21	21	122	122	9189	9189	8318	8318	247	247	44	44	25	25	2	2	1474	1474	7518	7518	1158	1158	95	95	24	24	103	103	3	3	33	33	39	39	3	3	464	464	3213	3213	6	6	117	117	609	609	132	132	28	28	22	22	7780	7780	1571	1571	222	222	178	178	1792	1792	1445	1445	5	5	2	2	5	5	7	7	91	91	47	47	1146	1146	1698	1698	1152	1152	3040	3040	412	412	337	337	6636	6636	4364	4364	12	12	243	243	3060	3060	2893	2893	18	18	87	87	1711	1711	187	187	2906	2906	818	818	32	32	6	6	121	121	65	65	97	97	102	102	2939	2939	775	775	183	183	149	149	244	244	607	607	3140819	3140819	2821710	2821710	5836	5836	11883	11883	442	442	455	455	25907	25907	23045	23045	56	56	131	131	607	607	333	333	198	198	140	140	515500	515500	11157	11157	96	96	80	80	352	352	378	378	29913	29913	21004	21004	169	169	91	91	409	409	120	120
IND00749	1241	1241	1070	1070	342	342	67	67	591	591	5580	5580	103	103	73	73	14600	14600	7263	7263	108	108	145	145	51	51	1	1	5317	5317	4663	4663	574	574	900	900	97	97	77	77	76	76	95	95	5	5	17	17	2168	2168	2063	2063	186	186	225	225	973	973	341	341	16	16	3	3	5649	5649	2012	2012	144	144	245	245	7628	7628	4468	4468	6	6	9	9	14	14	1	1	110	110	25	25	1997	1997	1194	1194	3683	3683	3523	3523	176	176	1999	1999	2327	2327	958	958	180	180	248	248	150	150	3799	3799	156	156	6	6	1536	1536	1568	1568	2945	2945	3958	3958	6	6	15	15	92	92	26	26	94	94	24	24	2737	2737	2423	2423	187	187	29	29	894	894	425	425	3829249	3829249	1761720	1761720	14250	14250	4158	4158	338	338	362	362	11726	11726	32400	32400	127	127	22	22	595	595	823	823	131	131	61	61	450595	450595	3310	3310	38	38	229	229	181	181	186	186	18374	18374	18213	18213	234	234	59	59	489	489	408	408
IND00750	1187	1187	1546	1546	460	460	957	957	6154	6154	8140	8140	100	100	63	63	9875	9875	12883	12883	56	56	110	110	7	7	36	36	3361	3361	6741	6741	773	773	250	250	114	114	59	59	103	103	23	23	15	15	2	2	6607	6607	1631	1631	81	81	54	54	703	703	184	184	1	1	11	11	624	624	1786	1786	123	123	491	491	1599	1599	4904	4904	6	6	9	9	2	2	6	6	65	65	31	31	135	135	1788	1788	1108	1108	1838	1838	166	166	307	307	1539	1539	6471	6471	41	41	147	147	37	37	3121	3121	221	221	163	163	1733	1733	1447	1447	514	514	2118	2118	10	10	14	14	13	13	65	65	19	19	106	106	2741	2741	2166	2166	42	42	162	162	418	418	862	862	1643715	1643715	1183816	1183816	5176	5176	6774	6774	436	436	475	475	3705	3705	14583	14583	98	98	106	106	87	87	456	456	256	256	69	69	386228	386228	417665	417665	167	167	119	119	314	314	11	11	7602	7602	19821	19821	213	213	161	161	98	98	101	101
IND00751	853	853	1431	1431	946	946	911	911	2170	2170	3703	3703	18	18	85	85	9341	9341	15331	15331	222	222	219	219	60	60	13	13	7154	7154	658	658	1979	1979	987	987	96	96	127	127	27	27	98	98	60	60	1	1	7664	7664	7180	7180	52	52	172	172	751	751	14	14	20	20	31	31	1847	1847	6121	6121	36	36	143	143	2926	2926	6865	6865	4	4	8	8	13	13	1	1	56	56	8	8	1989	1989	2024	2024	3478	3478	3221	3221	1472	1472	1884	1884	1237	1237	2644	2644	37	37	106	106	2671	2671	3485	3485	252	252	83	83	1279	1279	804	804	3929	3929	3195	3195	26	26	2	2	19	19	99	99	7	7	60	60	294	294	2042	2042	79	79	82	82	747	747	664	664	1373929	1373929	1663829	1663829	2496	2496	8523	8523	354	354	119	119	20412	20412	26977	26977	239	239	70	70	784	784	154	154	181	181	72	72	356879	356879	393708	393708	212	212	3	3	325	325	51	51	16960	16960	16151	16151	164	164	224	224	179	179	453	453
IND00752	17	17	1603	1603	483	483	163	163	5273	5273	1512	1512	70	70	63	63	16203	16203	14127	14127	88	88	159	159	24	24	28	28	6363	6363	6305	6305	790	790	1466	1466	15	15	13	13	95	95	68	68	52	52	6	6	2134	2134	1652	1652	229	229	252	252	899	899	927	927	5	5	3	3	5965	5965	5452	5452	5	5	371	371	7877	7877	3343	3343	4	4	8	8	6	6	6	6	15	15	60	60	1023	1023	1611	1611	17	17	2199	2199	1014	1014	1324	1324	1961	1961	7033	7033	14	14	116	116	3086	3086	430	430	46	46	250	250	1299	1299	1789	1789	1033	1033	2409	2409	20	20	21	21	57	57	54	54	4	4	122	122	3992	3992	2621	2621	172	172	38	38	167	167	857	857	1173939	1173939	1712134	1712134	6038	6038	9664	9664	254	254	3	3	3341	3341	11730	11730	165	165	148	148	518	518	235	235	71	71	158	158	488930	488930	458049	458049	242	242	245	245	272	272	372	372	6517	6517	11878	11878	119	119	144	144	155	155	85	85
IND00753	1166	1166	1440	1440	591	591	79	79	7802	7802	7811	7811	29	29	43	43	9790	9790	13600	13600	142	142	163	163	38	38	43	43	4843	4843	2906	2906	1032	1032	45	45	109	109	115	115	20	20	39	39	37	37	39	39	6556	6556	3366	3366	153	153	236	236	136	136	499	499	4	4	2	2	7637	7637	5801	5801	95	95	382	382	5154	5154	5267	5267	4	4	2	2	11	11	15	15	94	94	44	44	1322	1322	890	890	4016	4016	3956	3956	1868	1868	1816	1816	6891	6891	4124	4124	182	182	70	70	75	75	3020	3020	210	210	115	115	284	284	1360	1360	665	665	2565	2565	31	31	6	6	110	110	32	32	9	9	31	31	2428	2428	2130	2130	94	94	226	226	779	779	657	657	1838855	1838855	2963886	2963886	8476	8476	12933	12933	426	426	97	97	18943	18943	25199	25199	165	165	205	205	1014	1014	759	759	52	52	104	104	311712	311712	354967	354967	245	245	2	2	348	348	511	511	25016	25016	8267	8267	200	200	186	186	146	146	209	209
IND00754	975	975	1528	1528	627	627	957	957	8086	8086	8051	8051	17	17	3	3	16002	16002	10774	10774	193	193	131	131	32	32	53	53	6869	6869	7976	7976	963	963	543	543	84	84	116	116	36	36	20	20	59	59	38	38	7947	7947	1604	1604	254	254	89	89	537	537	952	952	20	20	1	1	3978	3978	720	720	272	272	366	366	3563	3563	2303	2303	3	3	12	12	12	12	1	1	80	80	38	38	1053	1053	1795	1795	1286	1286	63	63	1085	1085	105	105	339	339	6273	6273	125	125	220	220	3323	3323	2822	2822	59	59	88	88	1036	1036	592	592	1732	1732	1279	1279	19	19	18	18	9	9	121	121	63	63	29	29	816	816	3410	3410	230	230	152	152	993	993	547	547	2838446	2838446	544881	544881	11644	11644	2026	2026	475	475	341	341	21682	21682	27612	27612	124	124	98	98	505	505	401	401	157	157	16	16	21938	21938	476013	476013	74	74	135	135	375	375	101	101	31239	31239	23710	23710	227	227	240	240	421	421	222	222
IND00755	1259	1259	659	659	555	555	192	192	4667	4667	2231	2231	127	127	7	7	13425	13425	10763	10763	102	102	39	39	53	53	31	31	1437	1437	5467	5467	482	482	1487	1487	65	65	125	125	89	89	99	99	8	8	1	1	6662	6662	273	273	160	160	58	58	811	811	141	141	12	12	4	4	4224	4224	5249	5249	385	385	42	42	7291	7291	883	883	13	13	6	6	10	10	1	1	11	11	80	80	1337	1337	1828	1828	3639	3639	2817	2817	1340	1340	1754	1754	96	96	5933	5933	144	144	98	98	1299	1299	4024	4024	11	11	156	156	98	98	78	78	2824	2824	2398	2398	2	2	28	28	90	90	13	13	121	121	61	61	140	140	381	381	173	173	171	171	326	326	691	691	4029204	4029204	2375332	2375332	15285	15285	3623	3623	112	112	467	467	23143	23143	32167	32167	152	152	205	205	957	957	460	460	219	219	1	1	432285	432285	240660	240660	31	31	220	220	300	300	183	183	5068	5068	7606	7606	86	86	167	167	125	125	209	209
IND00756	400	400	232	232	257	257	329	329	7996	7996	7352	7352	46	46	11	11	16173	16173	2312	2312	106	106	78	78	5	5	58	58	6593	6593	3143	3143	1447	1447	2016	2016	6	6	30	30	74	74	72	72	18	18	6	6	910	910	6661	6661	47	47	254	254	68	68	302	302	19	19	30	30	6065	6065	2570	2570	375	375	114	114	7756	7756	1891	1891	10	10	12	12	6	6	12	12	50	50	100	100	1212	1212	1593	1593	320	320	1772	1772	335	335	909	909	1618	1618	4663	4663	102	102	248	248	1952	1952	2417	2417	205	205	105	105	1121	1121	268	268	3917	3917	2508	2508	11	11	6	6	100	100	73	73	80	80	62	62	2000	2000	2330	2330	126	126	156	156	74	74	210	210	2044324	2044324	2666193	2666193	5200	5200	5510	5510	90	90	483	483	7142	7142	1660	1660	241	241	226	226	600	600	41	41	6	6	130	130	229601	229601	501799	501799	206	206	12	12	441	441	380	380	18783	18783	8592	8592	223	223	144	144	387	387	221	221
IND00757	1288	1288	1770	1770	676	676	147	147	2049	2049	836	836	49	49	108	108	10918	10918	1920	1920	91	91	127	127	24	24	2	2	5403	5403	5515	5515	465	465	1518	1518	9	9	25	25	49	49	53	53	53	53	59	59	8037	8037	3268	3268	228	228	249	249	394	394	651	651	15	15	7	7	407	407	96	96	418	418	188	188	7506	7506	8094	8094	4	4	1	1	14	14	1	1	13	13	26	26	901	901	855	855	3180	3180	3475	3475	838	838	1070	1070	4553	4553	3115	3115	9	9	91	91	270	270	4023	4023	136	136	231	231	1159	1159	349	349	2913	2913	392	392	22	22	8	8	89	89	47	47	20	20	112	112	1868	1868	3104	3104	43	43	247	247	614	614	177	177	2785818	2785818	2696807	2696807	15471	15471	8601	8601	204	204	382	382	2839	2839	21027	21027	29	29	249	249	240	240	430	430	225	225	246	246	49748	49748	340732	340732	159	159	126	126	22	22	24	24	29779	29779	3015	3015	145	145	241	241	296	296	61	61
IND00758	672	672	244	244	574	574	996	996	5095	5095	5152	5152	25	25	104	104	15509	15509	7654	7654	233	233	169	169	39	39	56	56	1485	1485	7433	7433	1724	1724	392	392	74	74	8	8	98	98	118	118	43	43	2	2	7068	7068	8099	8099	223	223	144	144	587	587	47	47	17	17	2	2	7726	7726	7776	7776	190	190	118	118	8065	8065	877	877	1	1	5	5	11	11	14	14	54	54	61	61	1062	1062	1735	1735	3535	3535	3746	3746	804	804	1400	1400	747	747	460	460	98	98	238	238	4016	4016	3996	3996	248	248	226	226	975	975	1192	1192	328	328	3948	3948	5	5	23	23	114	114	44	44	102	102	79	79	141	141	2665	2665	122	122	74	74	97	97	388	388	3784942	3784942	1613964	1613964	9213	9213	955	955	154	154	382	382	15985	15985	2483	2483	251	251	244	244	484	484	466	466	40	40	143	143	16493	16493	87015	87015	57	57	177	177	98	98	164	164	1618	1618	3572	3572	113	113	1	1	434	434	85	85
IND00759	1818	1818	1327	1327	682	682	125	125	2989	2989	3381	3381	69	69	20	20	15308	15308	2100	2100	185	185	124	124	48	48	36	36	2676	2676	605	605	1342	1342	829	829	91	91	68	68	83	83	63	63	3	3	38	38	3478	3478	4120	4120	245	245	199	199	59	59	35	35	26	26	9	9	7382	7382	103	103	92	92	352	352	1117	1117	4975	4975	10	10	4	4	5	5	9	9	1	1	65	65	752	752	1277	1277	788	788	3143	3143	705	705	594	594	2693	2693	65	65	80	80	121	121	2609	2609	2504	2504	92	92	192	192	1924	1924	1076	1076	1967	1967	2288	2288	32	32	30	30	116	116	104	104	11	11	106	106	3037	3037	20	20	33	33	174	174	141	141	629	629	3703290	3703290	2273786	2273786	12988	12988	9280	9280	438	438	75	75	13438	13438	7015	7015	72	72	139	139	350	350	478	478	28	28	129	129	39219	39219	39995	39995	26	26	203	203	39	39	372	372	31704	31704	18729	18729	19	19	191	191	94	94	91	91
IND00760	1309	1309	226	226	601	601	390	390	4365	4365	2913	2913	64	64	94	94	7762	7762	4221	4221	229	229	235	235	36	36	54	54	2064	2064	6304	6304	214	214	1175	1175	20	20	71	71	29	29	23	23	21	21	31	31	4666	4666	3965	3965	119	119	45	45	920	920	110	110	2	2	30	30	7547	7547	1039	1039	484	484	406	406	1223	1223	4077	4077	15	15	4	4	11	11	1	1	80	80	83	83	1438	1438	660	660	2578	2578	929	929	694	694	1210	1210	3835	3835	2966	2966	104	104	112	112	3591	3591	2687	2687	146	146	139	139	803	803	979	979	3491	3491	703	703	9	9	14	14	80	80	31	31	90	90	65	65	2320	2320	3448	3448	91	91	110	110	243	243	167	167	3146393	3146393	1700911	1700911	6390	6390	1844	1844	122	122	72	72	21590	21590	25303	25303	151	151	98	98	652	652	768	768	2	2	56	56	56657	56657	513722	513722	113	113	2	2	232	232	135	135	22672	22672	15174	15174	110	110	195	195	147	147	201	201
IND00761	341	341	636	636	992	992	678	678	1984	1984	8032	8032	39	39	19	19	14664	14664	13157	13157	232	232	64	64	12	12	36	36	5241	5241	3096	3096	769	769	1826	1826	15	15	54	54	92	92	107	107	4	4	37	37	3537	3537	3284	3284	166	166	227	227	584	584	880	880	11	11	15	15	1448	1448	4250	4250	126	126	312	312	1749	1749	3413	3413	3	3	9	9	11	11	10	10	19	19	60	60	843	843	106	106	3271	3271	1397	1397	1663	1663	814	814	3391	3391	1354	1354	163	163	105	105	1175	1175	4080	4080	100	100	148	148	1431	1431	964	964	1549	1549	289	289	15	15	11	11	24	24	33	33	73	73	32	32	3044	3044	1886	1886	131	131	128	128	794	794	299	299	2198461	2198461	1928591	1928591	6810	6810	3152	3152	437	437	318	318	14728	14728	11797	11797	72	72	116	116	688	688	678	678	113	113	141	141	338292	338292	162461	162461	31	31	236	236	349	349	227	227	31695	31695	20002	20002	85	85	65	65	386	386	473	473
IND00762	475	475	89	89	578	578	465	465	536	536	6043	6043	86	86	40	40	3859	3859	9594	9594	24	24	30	30	14	14	55	55	4564	4564	1075	1075	1677	1677	1296	1296	95	95	105	105	110	110	67	67	1	1	25	25	1805	1805	370	370	180	180	82	82	396	396	108	108	28	28	25	25	7991	7991	431	431	395	395	485	485	6746	6746	4605	4605	15	15	1	1	7	7	9	9	31	31	118	118	1612	1612	1077	1077	1399	1399	273	273	700	700	1256	1256	4668	4668	4963	4963	250	250	205	205	1740	1740	2744	2744	15	15	182	182	1980	1980	892	892	1901	1901	1740	1740	2	2	8	8	33	33	104	104	62	62	2	2	987	987	892	892	27	27	98	98	510	510	819	819	1422631	1422631	602853	602853	2693	2693	526	526	160	160	403	403	12229	12229	298	298	25	25	65	65	816	816	376	376	90	90	22	22	447403	447403	15064	15064	35	35	240	240	211	211	344	344	18522	18522	32569	32569	102	102	68	68	156	156	452	452
IND00763	1526	1526	341	341	316	316	549	549	5468	5468	4070	4070	121	121	19	19	9286	9286	9089	9089	198	198	103	103	18	18	32	32	1874	1874	7614	7614	788	788	943	943	92	92	10	10	96	96	10	10	39	39	37	37	1879	1879	6120	6120	86	86	96	96	128	128	490	490	28	28	25	25	7975	7975	8181	8181	161	161	401	401	4463	4463	1275	1275	11	11	3	3	4	4	4	4	54	54	4	4	859	859	902	902	3457	3457	1938	1938	1018	1018	727	727	1167	1167	1558	1558	7	7	236	236	150	150	2669	2669	5	5	102	102	1352	1352	998	998	1746	1746	1668	1668	10	10	12	12	28	28	39	39	33	33	55	55	685	685	2765	2765	184	184	254	254	111	111	647	647	2734134	2734134	1247794	1247794	408	408	15642	15642	502	502	202	202	9893	9893	16000	16000	8	8	108	108	661	661	85	85	115	115	167	167	297009	297009	306284	306284	171	171	105	105	414	414	21	21	10502	10502	18712	18712	188	188	116	116	302	302	495	495
IND00764	912	912	1750	1750	334	334	233	233	7574	7574	7243	7243	24	24	125	125	1107	1107	13138	13138	41	41	131	131	46	46	44	44	1234	1234	6109	6109	1579	1579	426	426	16	16	110	110	2	2	124	124	22	22	56	56	4531	4531	1203	1203	224	224	83	83	826	826	767	767	18	18	24	24	8179	8179	1681	1681	100	100	170	170	4477	4477	2653	2653	9	9	4	4	12	12	3	3	28	28	70	70	983	983	657	657	2176	2176	904	904	1752	1752	1304	1304	1045	1045	2018	2018	128	128	141	141	2012	2012	2084	2084	231	231	213	213	1145	1145	741	741	3157	3157	656	656	16	16	17	17	63	63	86	86	57	57	72	72	2276	2276	346	346	112	112	140	140	316	316	465	465	2258701	2258701	3707616	3707616	5035	5035	2210	2210	188	188	477	477	98	98	27195	27195	54	54	163	163	370	370	554	554	189	189	65	65	260788	260788	93486	93486	22	22	136	136	489	489	242	242	28575	28575	28470	28470	53	53	198	198	332	332	163	163
IND00765	864	864	646	646	390	390	493	493	6458	6458	6675	6675	112	112	90	90	8015	8015	16031	16031	232	232	242	242	48	48	41	41	2547	2547	4893	4893	847	847	560	560	45	45	127	127	29	29	9	9	58	58	37	37	3492	3492	5120	5120	201	201	186	186	392	392	525	525	31	31	24	24	3053	3053	5037	5037	99	99	475	475	5748	5748	897	897	6	6	9	9	10	10	11	11	67	67	3	3	673	673	1623	1623	2981	2981	3521	3521	580	580	1075	1075	1181	1181	6760	6760	74	74	62	62	2457	2457	1938	1938	216	216	88	88	1456	1456	813	813	75	75	3661	3661	19	19	26	26	38	38	17	17	5	5	74	74	623	623	3476	3476	203	203	188	188	497	497	205	205	211004	211004	3747611	3747611	8757	8757	2960	2960	316	316	148	148	25972	25972	31866	31866	205	205	98	98	898	898	833	833	96	96	181	181	214705	214705	255158	255158	245	245	216	216	379	379	356	356	15997	15997	15935	15935	9	9	3	3	165	165	177	177
IND00766	502	502	624	624	101	101	395	395	4542	4542	10	10	115	115	2	2	16338	16338	835	835	69	69	33	33	34	34	1	1	7516	7516	2702	2702	1662	1662	228	228	13	13	112	112	78	78	55	55	52	52	60	60	4481	4481	696	696	187	187	12	12	179	179	571	571	17	17	30	30	6279	6279	7670	7670	399	399	298	298	4026	4026	6853	6853	5	5	9	9	7	7	5	5	54	54	61	61	858	858	1065	1065	592	592	2237	2237	1847	1847	814	814	6320	6320	283	283	127	127	93	93	1105	1105	552	552	178	178	44	44	675	675	1611	1611	461	461	1389	1389	24	24	22	22	70	70	70	70	24	24	9	9	283	283	609	609	62	62	164	164	218	218	738	738	920835	920835	621557	621557	14009	14009	10896	10896	166	166	354	354	25607	25607	5187	5187	76	76	178	178	706	706	358	358	100	100	229	229	471545	471545	422829	422829	87	87	204	204	26	26	460	460	544	544	11447	11447	90	90	227	227	370	370	332	332
IND00767	545	545	545	545	664	664	541	541	3669	3669	1941	1941	45	45	57	57	266	266	14185	14185	158	158	233	233	26	26	12	12	1273	1273	6549	6549	1446	1446	572	572	120	120	93	93	11	11	65	65	30	30	18	18	3763	3763	4115	4115	165	165	142	142	1004	1004	956	956	29	29	6	6	4777	4777	2147	2147	20	20	73	73	1041	1041	5026	5026	12	12	13	13	5	5	6	6	50	50	66	66	1009	1009	923	923	4019	4019	538	538	20	20	1444	1444	7867	7867	7177	7177	220	220	141	141	381	381	2168	2168	185	185	255	255	1752	1752	1339	1339	2564	2564	1193	1193	28	28	24	24	24	24	91	91	81	81	5	5	1120	1120	2978	2978	61	61	137	137	976	976	247	247	3453192	3453192	772742	772742	9099	9099	934	934	363	363	329	329	26590	26590	20825	20825	48	48	156	156	758	758	20	20	184	184	12	12	51412	51412	213528	213528	39	39	250	250	197	197	100	100	25825	25825	27894	27894	36	36	100	100	379	379	419	419
IND00768	1756	1756	796	796	205	205	28	28	1192	1192	3438	3438	104	104	125	125	1738	1738	10683	10683	74	74	83	83	54	54	61	61	1084	1084	4393	4393	1697	1697	1680	1680	64	64	9	9	29	29	43	43	31	31	41	41	7599	7599	1801	1801	191	191	35	35	915	915	591	591	2	2	22	22	7881	7881	2583	2583	389	389	157	157	2080	2080	779	779	11	11	12	12	12	12	5	5	6	6	50	50	1355	1355	1435	1435	3066	3066	1161	1161	1299	1299	1457	1457	6802	6802	7093	7093	2	2	96	96	2823	2823	2034	2034	24	24	106	106	1940	1940	867	867	1402	1402	3295	3295	29	29	30	30	105	105	65	65	45	45	37	37	927	927	139	139	53	53	96	96	930	930	939	939	2488595	2488595	3560964	3560964	13425	13425	5247	5247	489	489	53	53	8063	8063	19535	19535	136	136	6	6	1024	1024	222	222	42	42	117	117	401799	401799	289435	289435	185	185	130	130	281	281	287	287	9774	9774	836	836	166	166	139	139	29	29	211	211
IND00769	1682	1682	1443	1443	757	757	89	89	3143	3143	5594	5594	68	68	18	18	7644	7644	2792	2792	64	64	115	115	13	13	29	29	7710	7710	2300	2300	1783	1783	920	920	14	14	33	33	92	92	27	27	10	10	51	51	6475	6475	5078	5078	18	18	243	243	401	401	506	506	19	19	11	11	4934	4934	2673	2673	152	152	433	433	7266	7266	3192	3192	16	16	11	11	14	14	4	4	127	127	43	43	110	110	1968	1968	1774	1774	2731	2731	1053	1053	259	259	7554	7554	7215	7215	211	211	222	222	1579	1579	1424	1424	188	188	256	256	358	358	920	920	2170	2170	619	619	4	4	17	17	38	38	64	64	95	95	3	3	2928	2928	1561	1561	99	99	245	245	753	753	202	202	1992107	1992107	1441822	1441822	16323	16323	13336	13336	336	336	135	135	12346	12346	147	147	173	173	32	32	475	475	223	223	249	249	111	111	202466	202466	59860	59860	93	93	143	143	181	181	84	84	30414	30414	13540	13540	159	159	49	49	117	117	223	223
IND00770	191	191	1654	1654	230	230	915	915	1716	1716	3006	3006	62	62	112	112	2821	2821	14463	14463	142	142	218	218	47	47	56	56	3152	3152	6282	6282	1761	1761	301	301	70	70	108	108	115	115	67	67	33	33	46	46	3698	3698	3865	3865	58	58	46	46	236	236	571	571	6	6	13	13	3826	3826	2271	2271	96	96	54	54	5271	5271	3862	3862	8	8	15	15	6	6	12	12	123	123	62	62	1924	1924	1605	1605	2963	2963	2800	2800	444	444	323	323	7538	7538	1375	1375	66	66	5	5	2340	2340	3107	3107	60	60	186	186	1380	1380	1257	1257	2898	2898	2579	2579	24	24	1	1	73	73	111	111	117	117	37	37	3550	3550	805	805	208	208	35	35	937	937	795	795	555875	555875	3682504	3682504	7314	7314	9143	9143	403	403	289	289	28546	28546	14637	14637	19	19	134	134	532	532	120	120	97	97	193	193	394514	394514	123647	123647	52	52	159	159	482	482	251	251	5465	5465	10588	10588	161	161	205	205	447	447	439	439
IND00771	455	455	1816	1816	875	875	812	812	2150	2150	520	520	42	42	117	117	5728	5728	14188	14188	128	128	187	187	33	33	18	18	7751	7751	1175	1175	2027	2027	825	825	52	52	25	25	109	109	115	115	53	53	9	9	5698	5698	98	98	251	251	246	246	388	388	102	102	32	32	13	13	1827	1827	959	959	117	117	398	398	5094	5094	6968	6968	10	10	7	7	3	3	8	8	44	44	36	36	1727	1727	247	247	3282	3282	529	529	933	933	1067	1067	448	448	118	118	38	38	154	154	744	744	179	179	192	192	221	221	649	649	1213	1213	2756	2756	788	788	9	9	27	27	21	21	110	110	75	75	87	87	2953	2953	1649	1649	167	167	14	14	570	570	414	414	2491413	2491413	4156892	4156892	14894	14894	10848	10848	418	418	460	460	18013	18013	19794	19794	23	23	121	121	649	649	65	65	220	220	154	154	165652	165652	367627	367627	53	53	96	96	488	488	65	65	20589	20589	14627	14627	200	200	160	160	337	337	275	275
IND00772	231	231	1359	1359	132	132	438	438	7932	7932	1816	1816	66	66	125	125	6477	6477	14593	14593	173	173	159	159	57	57	9	9	6111	6111	5615	5615	1954	1954	285	285	127	127	124	124	41	41	78	78	20	20	52	52	5898	5898	4908	4908	135	135	117	117	914	914	294	294	10	10	22	22	5115	5115	5307	5307	108	108	269	269	7929	7929	6650	6650	12	12	4	4	6	6	3	3	122	122	122	122	1854	1854	1673	1673	727	727	2846	2846	1298	1298	142	142	7381	7381	7457	7457	49	49	74	74	4089	4089	3450	3450	126	126	221	221	1813	1813	1692	1692	820	820	2283	2283	13	13	32	32	10	10	77	77	17	17	79	79	2927	2927	1349	1349	106	106	137	137	646	646	762	762	1603843	1603843	3790038	3790038	14160	14160	1861	1861	17	17	325	325	1527	1527	7202	7202	31	31	201	201	353	353	54	54	108	108	70	70	48443	48443	170144	170144	62	62	89	89	45	45	158	158	32610	32610	12703	12703	130	130	207	207	348	348	61	61
IND00773	265	265	146	146	32	32	278	278	2304	2304	7731	7731	107	107	40	40	15688	15688	5939	5939	106	106	164	164	13	13	19	19	4338	4338	2454	2454	1712	1712	229	229	39	39	126	126	79	79	64	64	50	50	64	64	1339	1339	4108	4108	204	204	189	189	366	366	267	267	2	2	8	8	7791	7791	710	710	424	424	182	182	468	468	1458	1458	1	1	3	3	11	11	9	9	96	96	125	125	240	240	970	970	3155	3155	3668	3668	368	368	1725	1725	5501	5501	5716	5716	149	149	12	12	3257	3257	2491	2491	218	218	29	29	124	124	263	263	568	568	903	903	20	20	27	27	48	48	15	15	113	113	21	21	403	403	22	22	16	16	179	179	210	210	974	974	1035575	1035575	5565	5565	13384	13384	8901	8901	15	15	231	231	31252	31252	26501	26501	9	9	47	47	980	980	246	246	179	179	101	101	423279	423279	7654	7654	233	233	17	17	220	220	331	331	27368	27368	14181	14181	226	226	169	169	457	457	174	174
IND00774	109	109	1679	1679	404	404	662	662	8018	8018	2154	2154	17	17	107	107	1032	1032	9320	9320	172	172	214	214	31	31	14	14	3916	3916	2580	2580	2043	2043	1228	1228	117	117	103	103	27	27	103	103	17	17	59	59	6147	6147	7594	7594	93	93	75	75	512	512	551	551	10	10	12	12	3086	3086	5557	5557	304	304	38	38	2391	2391	2285	2285	15	15	6	6	12	12	2	2	6	6	119	119	1489	1489	1460	1460	605	605	294	294	961	961	960	960	2623	2623	3797	3797	2	2	186	186	3946	3946	3962	3962	19	19	24	24	1267	1267	979	979	3726	3726	2712	2712	1	1	20	20	90	90	43	43	22	22	30	30	3627	3627	1446	1446	163	163	239	239	259	259	191	191	427335	427335	742667	742667	16025	16025	276	276	250	250	161	161	29503	29503	18231	18231	38	38	157	157	810	810	632	632	218	218	100	100	308350	308350	117380	117380	189	189	61	61	242	242	245	245	12426	12426	15400	15400	242	242	45	45	445	445	455	455
IND00775	796	796	1735	1735	835	835	887	887	945	945	775	775	48	48	47	47	10550	10550	14047	14047	198	198	166	166	64	64	51	51	6135	6135	424	424	1804	1804	97	97	72	72	97	97	27	27	56	56	17	17	58	58	4796	4796	6882	6882	189	189	144	144	1017	1017	457	457	24	24	7	7	7739	7739	469	469	373	373	435	435	7224	7224	8130	8130	1	1	2	2	4	4	3	3	23	23	113	113	592	592	1056	1056	3202	3202	2759	2759	545	545	125	125	1581	1581	231	231	166	166	85	85	3743	3743	2834	2834	29	29	14	14	1057	1057	479	479	464	464	1846	1846	4	4	15	15	84	84	63	63	128	128	111	111	575	575	582	582	250	250	153	153	473	473	46	46	3434320	3434320	621607	621607	8165	8165	4514	4514	255	255	351	351	5263	5263	30130	30130	199	199	232	232	978	978	495	495	97	97	184	184	49543	49543	402941	402941	31	31	176	176	265	265	239	239	14077	14077	27449	27449	164	164	224	224	96	96	137	137
IND00776	666	666	189	189	503	503	936	936	3215	3215	5788	5788	53	53	32	32	2945	2945	15864	15864	233	233	186	186	36	36	37	37	4739	4739	7389	7389	1479	1479	338	338	112	112	6	6	18	18	122	122	64	64	35	35	918	918	3770	3770	65	65	98	98	112	112	848	848	8	8	13	13	1212	1212	5606	5606	489	489	430	430	6782	6782	7264	7264	1	1	12	12	16	16	15	15	25	25	62	62	1948	1948	918	918	3925	3925	2107	2107	1490	1490	1553	1553	4122	4122	5377	5377	137	137	246	246	3198	3198	2192	2192	110	110	105	105	363	363	1436	1436	900	900	2134	2134	5	5	24	24	44	44	11	11	3	3	35	35	2710	2710	1108	1108	77	77	256	256	436	436	714	714	2657914	2657914	2970313	2970313	11877	11877	12552	12552	463	463	372	372	305	305	15583	15583	24	24	76	76	703	703	44	44	65	65	40	40	241993	241993	16616	16616	187	187	228	228	509	509	457	457	21985	21985	25861	25861	204	204	133	133	222	222	492	492
IND00777	1199	1199	275	275	645	645	791	791	3319	3319	1058	1058	34	34	121	121	3304	3304	8571	8571	142	142	193	193	60	60	34	34	5101	5101	7573	7573	1539	1539	454	454	13	13	85	85	109	109	77	77	62	62	10	10	2588	2588	7215	7215	175	175	133	133	346	346	669	669	18	18	27	27	5842	5842	4391	4391	137	137	23	23	3325	3325	2857	2857	1	1	13	13	9	9	2	2	4	4	102	102	23	23	278	278	1461	1461	1244	1244	1725	1725	1624	1624	3322	3322	6295	6295	35	35	121	121	2147	2147	98	98	148	148	111	111	176	176	557	557	534	534	1001	1001	21	21	13	13	117	117	78	78	71	71	30	30	2021	2021	2100	2100	125	125	62	62	188	188	360	360	1361804	1361804	3122907	3122907	15777	15777	3698	3698	210	210	333	333	12941	12941	1648	1648	72	72	81	81	442	442	16	16	125	125	228	228	100205	100205	314712	314712	18	18	139	139	368	368	109	109	13734	13734	7972	7972	110	110	102	102	195	195	171	171
IND00778	1461	1461	1309	1309	105	105	63	63	259	259	2339	2339	115	115	21	21	15089	15089	15977	15977	227	227	193	193	16	16	41	41	5372	5372	7581	7581	1361	1361	220	220	36	36	64	64	73	73	123	123	62	62	25	25	7224	7224	159	159	63	63	105	105	810	810	83	83	22	22	9	9	1030	1030	3687	3687	282	282	262	262	5436	5436	2795	2795	3	3	16	16	16	16	3	3	104	104	45	45	1341	1341	303	303	1039	1039	3150	3150	100	100	1682	1682	7226	7226	82	82	49	49	38	38	2471	2471	2594	2594	91	91	169	169	1986	1986	1804	1804	2605	2605	100	100	24	24	11	11	42	42	43	43	16	16	64	64	3154	3154	1872	1872	101	101	228	228	200	200	301	301	4147597	4147597	639755	639755	7641	7641	11168	11168	286	286	340	340	7454	7454	6965	6965	34	34	146	146	1005	1005	182	182	47	47	251	251	76093	76093	432609	432609	32	32	78	78	240	240	156	156	3860	3860	24430	24430	252	252	75	75	424	424	178	178
IND00779	999	999	1697	1697	105	105	557	557	4194	4194	3490	3490	114	114	91	91	2803	2803	5653	5653	220	220	82	82	17	17	12	12	5815	5815	7040	7040	1915	1915	1566	1566	119	119	118	118	31	31	94	94	11	11	38	38	6946	6946	4003	4003	137	137	90	90	294	294	289	289	8	8	8	8	4451	4451	2609	2609	477	477	252	252	3469	3469	3071	3071	10	10	16	16	14	14	2	2	105	105	23	23	1921	1921	661	661	2	2	2124	2124	616	616	119	119	5501	5501	6010	6010	168	168	79	79	508	508	510	510	47	47	168	168	1054	1054	1008	1008	578	578	908	908	9	9	9	9	103	103	17	17	8	8	109	109	3783	3783	1902	1902	10	10	175	175	47	47	844	844	432180	432180	1518681	1518681	1368	1368	5630	5630	507	507	71	71	29403	29403	26339	26339	105	105	240	240	516	516	805	805	98	98	233	233	113102	113102	400100	400100	188	188	80	80	191	191	203	203	18789	18789	6917	6917	171	171	61	61	187	187	409	409
IND00780	759	759	1025	1025	125	125	392	392	6	6	5770	5770	8	8	52	52	11502	11502	15914	15914	173	173	22	22	15	15	59	59	4002	4002	4343	4343	940	940	1787	1787	99	99	124	124	111	111	28	28	50	50	38	38	7280	7280	3764	3764	115	115	8	8	891	891	135	135	31	31	6	6	6995	6995	6840	6840	29	29	26	26	5780	5780	7307	7307	6	6	8	8	1	1	6	6	63	63	87	87	1702	1702	1279	1279	2000	2000	1090	1090	82	82	1610	1610	7974	7974	5723	5723	191	191	76	76	1392	1392	2020	2020	78	78	202	202	1088	1088	1495	1495	507	507	616	616	15	15	6	6	54	54	34	34	6	6	88	88	3863	3863	2918	2918	116	116	113	113	701	701	838	838	1127685	1127685	1717898	1717898	15628	15628	14	14	401	401	275	275	21388	21388	1048	1048	194	194	207	207	696	696	30	30	82	82	4	4	80844	80844	146954	146954	1	1	249	249	38	38	15	15	29410	29410	21527	21527	99	99	217	217	294	294	491	491
IND00781	40	40	1064	1064	324	324	868	868	8072	8072	7588	7588	116	116	76	76	5186	5186	6548	6548	238	238	52	52	12	12	25	25	7634	7634	3681	3681	1229	1229	345	345	47	47	52	52	122	122	43	43	45	45	63	63	3171	3171	8005	8005	218	218	189	189	178	178	237	237	30	30	17	17	5611	5611	5905	5905	247	247	345	345	3096	3096	4118	4118	12	12	1	1	1	1	5	5	87	87	10	10	1716	1716	981	981	2649	2649	370	370	1655	1655	1314	1314	2569	2569	300	300	59	59	32	32	2114	2114	3346	3346	249	249	50	50	1581	1581	965	965	2382	2382	2778	2778	21	21	20	20	44	44	103	103	66	66	41	41	1849	1849	3571	3571	29	29	154	154	136	136	441	441	3676774	3676774	1489102	1489102	15308	15308	9685	9685	498	498	61	61	24707	24707	19216	19216	200	200	18	18	112	112	318	318	160	160	124	124	378724	378724	192027	192027	216	216	26	26	17	17	252	252	22850	22850	7038	7038	172	172	246	246	308	308	112	112
IND00782	1434	1434	1809	1809	973	973	165	165	5784	5784	4986	4986	94	94	44	44	9883	9883	8462	8462	146	146	170	170	39	39	35	35	3589	3589	2872	2872	1380	1380	401	401	114	114	22	22	14	14	35	35	25	25	44	44	6694	6694	5410	5410	96	96	11	11	39	39	926	926	27	27	19	19	2716	2716	6143	6143	20	20	324	324	2433	2433	7538	7538	16	16	4	4	14	14	15	15	3	3	77	77	211	211	1245	1245	4087	4087	551	551	445	445	486	486	8026	8026	7419	7419	211	211	26	26	3359	3359	3008	3008	91	91	54	54	1060	1060	1712	1712	2222	2222	1720	1720	6	6	14	14	98	98	107	107	50	50	98	98	1515	1515	3610	3610	75	75	112	112	185	185	324	324	4152249	4152249	3867310	3867310	15119	15119	10564	10564	453	453	436	436	18900	18900	19095	19095	189	189	237	237	425	425	75	75	134	134	117	117	382529	382529	338488	338488	49	49	99	99	197	197	458	458	16942	16942	2813	2813	70	70	250	250	291	291	55	55
IND00783	879	879	868	868	898	898	996	996	185	185	3900	3900	128	128	5	5	5913	5913	16153	16153	58	58	202	202	23	23	50	50	1338	1338	5261	5261	1067	1067	30	30	58	58	96	96	127	127	86	86	9	9	10	10	5729	5729	1699	1699	33	33	114	114	433	433	376	376	16	16	6	6	3574	3574	2694	2694	222	222	201	201	6276	6276	1594	1594	4	4	7	7	2	2	9	9	2	2	123	123	761	761	1625	1625	688	688	3462	3462	1893	1893	1500	1500	7936	7936	1361	1361	206	206	158	158	1979	1979	1949	1949	20	20	137	137	906	906	1252	1252	2811	2811	2602	2602	23	23	2	2	63	63	32	32	21	21	85	85	845	845	1412	1412	108	108	29	29	659	659	196	196	2790652	2790652	537818	537818	11947	11947	15292	15292	138	138	254	254	17054	17054	25797	25797	141	141	155	155	706	706	634	634	96	96	230	230	308827	308827	518395	518395	32	32	3	3	495	495	170	170	2222	2222	8610	8610	236	236	218	218	443	443	220	220
IND00784	1859	1859	407	407	675	675	483	483	318	318	5765	5765	94	94	97	97	2698	2698	5207	5207	114	114	16	16	45	45	14	14	7037	7037	702	702	1853	1853	1033	1033	90	90	108	108	99	99	19	19	45	45	43	43	7954	7954	2674	2674	238	238	81	81	814	814	949	949	23	23	29	29	679	679	553	553	103	103	108	108	3687	3687	1535	1535	9	9	16	16	16	16	12	12	128	128	25	25	1042	1042	1329	1329	3679	3679	299	299	1167	1167	1114	1114	6366	6366	6650	6650	30	30	159	159	564	564	1353	1353	91	91	8	8	1379	1379	923	923	3321	3321	2736	2736	11	11	25	25	25	25	66	66	93	93	124	124	3451	3451	588	588	103	103	91	91	217	217	506	506	327989	327989	3538116	3538116	2235	2235	10204	10204	385	385	114	114	7334	7334	6326	6326	32	32	144	144	467	467	531	531	106	106	58	58	38870	38870	65435	65435	24	24	197	197	187	187	332	332	23465	23465	20526	20526	211	211	20	20	220	220	32	32
IND00785	35	35	391	391	809	809	714	714	6937	6937	162	162	18	18	24	24	12282	12282	1574	1574	150	150	61	61	22	22	5	5	1546	1546	2358	2358	512	512	1359	1359	102	102	127	127	97	97	94	94	12	12	26	26	3658	3658	7953	7953	133	133	201	201	62	62	981	981	31	31	3	3	6646	6646	1778	1778	491	491	509	509	2876	2876	4149	4149	9	9	12	12	3	3	6	6	46	46	75	75	434	434	127	127	1443	1443	1854	1854	1943	1943	905	905	119	119	299	299	155	155	23	23	3003	3003	2210	2210	57	57	167	167	1401	1401	544	544	799	799	2692	2692	25	25	6	6	87	87	51	51	86	86	122	122	2132	2132	1792	1792	206	206	175	175	864	864	113	113	3573361	3573361	1503883	1503883	4796	4796	4578	4578	288	288	383	383	21970	21970	24960	24960	38	38	42	42	309	309	702	702	204	204	45	45	205597	205597	244058	244058	88	88	250	250	447	447	492	492	26360	26360	13115	13115	218	218	90	90	18	18	51	51
IND00786	2035	2035	1958	1958	986	986	241	241	3666	3666	2914	2914	88	88	121	121	7983	7983	2971	2971	50	50	70	70	32	32	6	6	5127	5127	6386	6386	2008	2008	1250	1250	106	106	2	2	30	30	87	87	41	41	57	57	4071	4071	5299	5299	222	222	12	12	600	600	879	879	27	27	18	18	161	161	4111	4111	403	403	195	195	464	464	6479	6479	11	11	14	14	6	6	1	1	101	101	106	106	1439	1439	424	424	2181	2181	2652	2652	1795	1795	1475	1475	4522	4522	3088	3088	182	182	150	150	1170	1170	274	274	226	226	139	139	1042	1042	1266	1266	3741	3741	3691	3691	23	23	2	2	111	111	80	80	46	46	3	3	896	896	2209	2209	184	184	79	79	425	425	747	747	685528	685528	2664055	2664055	5589	5589	12101	12101	89	89	504	504	26796	26796	11513	11513	187	187	80	80	358	358	205	205	196	196	131	131	365809	365809	474431	474431	225	225	119	119	448	448	327	327	11700	11700	6700	6700	115	115	42	42	350	350	132	132
IND00787	1416	1416	1900	1900	592	592	28	28	797	797	5013	5013	20	20	83	83	7314	7314	9774	9774	227	227	205	205	14	14	13	13	5141	5141	6650	6650	1341	1341	1196	1196	93	93	77	77	40	40	34	34	33	33	45	45	3420	3420	3288	3288	121	121	185	185	181	181	119	119	31	31	22	22	1998	1998	7030	7030	203	203	211	211	7741	7741	7746	7746	9	9	9	9	12	12	5	5	28	28	39	39	163	163	1515	1515	1961	1961	341	341	1632	1632	3	3	198	198	600	600	205	205	84	84	1502	1502	1326	1326	55	55	208	208	1613	1613	550	550	2458	2458	199	199	19	19	5	5	36	36	124	124	92	92	18	18	3573	3573	37	37	235	235	22	22	196	196	175	175	2994904	2994904	214815	214815	9455	9455	2396	2396	460	460	333	333	11993	11993	12774	12774	40	40	65	65	377	377	676	676	162	162	48	48	368634	368634	382986	382986	46	46	154	154	160	160	233	233	3525	3525	5794	5794	244	244	192	192	56	56	230	230
IND00788	1098	1098	729	729	139	139	929	929	4988	4988	3479	3479	101	101	45	45	12334	12334	9248	9248	1	1	221	221	35	35	12	12	2716	2716	2239	2239	668	668	1138	1138	123	123	97	97	52	52	117	117	3	3	46	46	6064	6064	7198	7198	103	103	204	204	491	491	298	298	17	17	28	28	7496	7496	5322	5322	67	67	61	61	7326	7326	3895	3895	14	14	3	3	8	8	8	8	127	127	65	65	1655	1655	1598	1598	1681	1681	525	525	7	7	1910	1910	4482	4482	6617	6617	16	16	66	66	2736	2736	3866	3866	31	31	40	40	987	987	1251	1251	1304	1304	3425	3425	5	5	26	26	124	124	115	115	114	114	125	125	2775	2775	2357	2357	185	185	119	119	539	539	175	175	1486458	1486458	2107426	2107426	1900	1900	15297	15297	365	365	48	48	19033	19033	23009	23009	20	20	219	219	460	460	251	251	193	193	25	25	252535	252535	173689	173689	101	101	14	14	314	314	328	328	26451	26451	20496	20496	85	85	25	25	44	44	333	333
IND00789	897	897	852	852	620	620	553	553	646	646	3183	3183	80	80	90	90	11408	11408	15234	15234	23	23	174	174	62	62	3	3	3635	3635	7002	7002	1642	1642	1197	1197	93	93	48	48	68	68	2	2	1	1	44	44	3107	3107	7894	7894	133	133	245	245	921	921	711	711	26	26	22	22	5169	5169	6164	6164	156	156	297	297	6935	6935	2779	2779	10	10	2	2	9	9	11	11	21	21	114	114	1443	1443	509	509	344	344	429	429	707	707	564	564	5867	5867	7715	7715	200	200	100	100	1107	1107	2459	2459	212	212	199	199	2042	2042	834	834	4051	4051	81	81	5	5	18	18	79	79	125	125	10	10	113	113	2728	2728	357	357	69	69	26	26	125	125	985	985	528846	528846	2308046	2308046	16009	16009	6465	6465	91	91	390	390	17694	17694	3962	3962	8	8	107	107	142	142	24	24	252	252	109	109	428163	428163	103206	103206	214	214	73	73	295	295	490	490	10806	10806	28175	28175	28	28	117	117	400	400	122	122
IND00790	1571	1571	199	199	51	51	268	268	7959	7959	3613	3613	5	5	49	49	3584	3584	7712	7712	170	170	108	108	6	6	28	28	22	22	1042	1042	1574	1574	1602	1602	63	63	84	84	39	39	19	19	26	26	22	22	1486	1486	3460	3460	223	223	236	236	94	94	208	208	19	19	5	5	7920	7920	2077	2077	331	331	407	407	6421	6421	2538	2538	13	13	15	15	8	8	7	7	55	55	13	13	1800	1800	582	582	1249	1249	2148	2148	1874	1874	1089	1089	1754	1754	996	996	114	114	49	49	1657	1657	1390	1390	149	149	63	63	1302	1302	953	953	867	867	3198	3198	27	27	12	12	33	33	115	115	43	43	67	67	67	67	413	413	117	117	47	47	1008	1008	272	272	233059	233059	405315	405315	6779	6779	9904	9904	303	303	170	170	9382	9382	6026	6026	186	186	210	210	207	207	139	139	204	204	71	71	363206	363206	18367	18367	9	9	163	163	412	412	9	9	8857	8857	24861	24861	243	243	136	136	57	57	406	406
IND00791	1397	1397	25	25	165	165	198	198	1451	1451	3534	3534	123	123	54	54	599	599	11410	11410	47	47	165	165	44	44	21	21	3847	3847	2694	2694	1313	1313	1375	1375	87	87	11	11	98	98	115	115	6	6	45	45	7578	7578	2060	2060	54	54	144	144	706	706	479	479	20	20	19	19	172	172	4741	4741	75	75	22	22	165	165	1412	1412	16	16	7	7	2	2	16	16	26	26	38	38	1031	1031	1798	1798	3763	3763	3509	3509	1805	1805	135	135	4409	4409	995	995	191	191	36	36	2125	2125	1259	1259	216	216	154	154	804	804	1355	1355	3298	3298	1531	1531	10	10	19	19	122	122	10	10	58	58	59	59	2545	2545	2379	2379	154	154	11	11	584	584	386	386	619811	619811	2079149	2079149	8051	8051	5674	5674	180	180	406	406	23690	23690	6101	6101	157	157	53	53	960	960	789	789	180	180	185	185	113642	113642	444103	444103	181	181	165	165	399	399	404	404	287	287	5875	5875	157	157	5	5	473	473	2	2
IND00792	1604	1604	358	358	783	783	835	835	6551	6551	1520	1520	82	82	88	88	3500	3500	6843	6843	203	203	238	238	45	45	26	26	34	34	5139	5139	1037	1037	34	34	30	30	31	31	40	40	39	39	44	44	23	23	3779	3779	1817	1817	178	178	208	208	440	440	745	745	14	14	28	28	778	778	4681	4681	347	347	110	110	8028	8028	2289	2289	5	5	1	1	10	10	7	7	68	68	35	35	1817	1817	1857	1857	3208	3208	2520	2520	1559	1559	631	631	4767	4767	582	582	137	137	76	76	2400	2400	2196	2196	64	64	208	208	1310	1310	24	24	2138	2138	2017	2017	12	12	14	14	51	51	112	112	44	44	60	60	3799	3799	1172	1172	182	182	23	23	808	808	2	2	1933314	1933314	3007653	3007653	14042	14042	10810	10810	328	328	94	94	25009	25009	10421	10421	186	186	2	2	170	170	163	163	226	226	126	126	286846	286846	188739	188739	91	91	76	76	437	437	484	484	15872	15872	17275	17275	140	140	78	78	355	355	128	128
IND00793	1413	1413	2044	2044	705	705	826	826	1462	1462	5530	5530	1	1	116	116	9697	9697	2550	2550	62	62	200	200	13	13	7	7	5635	5635	3000	3000	612	612	1998	1998	84	84	80	80	104	104	25	25	9	9	59	59	7235	7235	3812	3812	105	105	37	37	532	532	341	341	32	32	22	22	4634	4634	6534	6534	361	361	238	238	7986	7986	2265	2265	1	1	3	3	16	16	13	13	13	13	106	106	873	873	553	553	3086	3086	1332	1332	1042	1042	367	367	7332	7332	3653	3653	141	141	256	256	3349	3349	501	501	186	186	181	181	281	281	861	861	3927	3927	2360	2360	4	4	1	1	115	115	1	1	114	114	123	123	229	229	1201	1201	43	43	114	114	677	677	198	198	3517768	3517768	1618555	1618555	10446	10446	10902	10902	478	478	343	343	12469	12469	4207	4207	66	66	157	157	460	460	866	866	232	232	195	195	428346	428346	141688	141688	93	93	185	185	64	64	445	445	22944	22944	29198	29198	60	60	139	139	230	230	371	371
IND00794	415	415	308	308	426	426	332	332	1254	1254	1433	1433	7	7	101	101	7827	7827	12628	12628	105	105	113	113	26	26	2	2	1255	1255	7473	7473	756	756	68	68	7	7	6	6	106	106	16	16	22	22	37	37	4633	4633	4205	4205	47	47	234	234	22	22	683	683	25	25	31	31	8022	8022	1145	1145	419	419	348	348	472	472	7277	7277	11	11	3	3	16	16	12	12	66	66	87	87	1704	1704	400	400	3393	3393	2288	2288	325	325	1524	1524	7955	7955	1811	1811	191	191	195	195	3098	3098	2405	2405	193	193	34	34	1722	1722	622	622	3244	3244	1350	1350	6	6	30	30	15	15	52	52	94	94	97	97	39	39	925	925	226	226	254	254	111	111	112	112	2739309	2739309	2430716	2430716	7086	7086	207	207	488	488	194	194	14523	14523	6013	6013	94	94	64	64	504	504	230	230	32	32	227	227	21657	21657	122181	122181	191	191	139	139	454	454	293	293	29289	29289	7559	7559	41	41	137	137	340	340	78	78
IND00795	1578	1578	62	62	931	931	470	470	7688	7688	2266	2266	109	109	44	44	12303	12303	5812	5812	143	143	68	68	42	42	46	46	401	401	3366	3366	92	92	1603	1603	58	58	118	118	66	66	25	25	51	51	54	54	977	977	6102	6102	161	161	135	135	290	290	409	409	26	26	3	3	6302	6302	3295	3295	204	204	483	483	1056	1056	2527	2527	12	12	2	2	10	10	3	3	39	39	89	89	608	608	588	588	571	571	1268	1268	172	172	1757	1757	4206	4206	7571	7571	24	24	46	46	1675	1675	1337	1337	66	66	76	76	1664	1664	979	979	2626	2626	1161	1161	18	18	12	12	102	102	100	100	120	120	82	82	3355	3355	3679	3679	18	18	92	92	567	567	809	809	650990	650990	4140394	4140394	13204	13204	11898	11898	105	105	223	223	28796	28796	24346	24346	4	4	161	161	573	573	123	123	151	151	144	144	20027	20027	343917	343917	123	123	100	100	107	107	432	432	18394	18394	9423	9423	24	24	113	113	395	395	351	351
IND00796	356	356	584	584	516	516	841	841	2940	2940	5385	5385	113	113	28	28	8004	8004	14518	14518	118	118	167	167	64	64	41	41	5186	5186	1365	1365	389	389	1123	1123	82	82	122	122	123	123	23	23	49	49	17	17	1194	1194	4474	4474	106	106	114	114	469	469	575	575	28	28	29	29	5144	5144	5710	5710	456	456	390	390	4643	4643	4715	4715	11	11	4	4	11	11	8	8	67	67	75	75	63	63	369	369	4061	4061	1544	1544	914	914	1285	1285	4890	4890	5083	5083	50	50	71	71	3279	3279	309	309	39	39	157	157	1012	1012	66	66	162	162	2806	2806	26	26	25	25	9	9	117	117	63	63	80	80	2658	2658	1658	1658	45	45	231	231	195	195	986	986	2570202	2570202	3719075	3719075	6118	6118	2421	2421	474	474	373	373	6430	6430	6581	6581	253	253	52	52	166	166	166	166	213	213	219	219	401851	401851	145708	145708	225	225	201	201	107	107	238	238	30659	30659	143	143	52	52	52	52	228	228	315	315
IND00797	1198	1198	852	852	888	888	689	689	3312	3312	1258	1258	30	30	75	75	3319	3319	10	10	111	111	206	206	9	9	15	15	3811	3811	5991	5991	640	640	710	710	44	44	108	108	104	104	64	64	24	24	36	36	4804	4804	4619	4619	79	79	194	194	379	379	457	457	16	16	16	16	2516	2516	787	787	34	34	504	504	3665	3665	7542	7542	8	8	6	6	7	7	16	16	98	98	72	72	898	898	371	371	3403	3403	1197	1197	1738	1738	1581	1581	1205	1205	5428	5428	95	95	164	164	1288	1288	2092	2092	129	129	89	89	1505	1505	245	245	1355	1355	1318	1318	1	1	9	9	10	10	64	64	11	11	21	21	2533	2533	248	248	72	72	22	22	801	801	104	104	2021958	2021958	3453433	3453433	1518	1518	7394	7394	491	491	50	50	13299	13299	16413	16413	27	27	205	205	99	99	728	728	105	105	255	255	235820	235820	345725	345725	149	149	1	1	407	407	189	189	31892	31892	7973	7973	1	1	122	122	297	297	458	458
IND00798	685	685	518	518	298	298	129	129	1592	1592	3805	3805	91	91	76	76	10517	10517	15881	15881	86	86	51	51	52	52	12	12	7121	7121	5584	5584	1155	1155	542	542	98	98	115	115	74	74	55	55	45	45	37	37	3743	3743	4017	4017	101	101	167	167	697	697	987	987	10	10	20	20	8140	8140	3834	3834	150	150	250	250	2933	2933	1411	1411	12	12	11	11	8	8	2	2	46	46	86	86	353	353	641	641	366	366	703	703	1688	1688	1108	1108	3271	3271	2246	2246	194	194	35	35	2102	2102	2243	2243	46	46	217	217	413	413	1617	1617	4056	4056	3042	3042	8	8	10	10	6	6	65	65	12	12	45	45	1807	1807	3684	3684	34	34	241	241	696	696	2	2	3531715	3531715	3831088	3831088	16351	16351	6610	6610	65	65	31	31	6177	6177	25198	25198	34	34	99	99	671	671	539	539	124	124	107	107	55145	55145	358825	358825	140	140	228	228	132	132	45	45	20561	20561	27995	27995	115	115	148	148	341	341	188	188
IND00799	1048	1048	661	661	17	17	189	189	7785	7785	950	950	27	27	90	90	7013	7013	4739	4739	224	224	131	131	8	8	48	48	5334	5334	159	159	1176	1176	1105	1105	63	63	51	51	78	78	65	65	54	54	59	59	6681	6681	5324	5324	55	55	65	65	262	262	568	568	30	30	22	22	6831	6831	5496	5496	178	178	484	484	7040	7040	610	610	15	15	10	10	14	14	5	5	84	84	65	65	894	894	935	935	3131	3131	81	81	590	590	764	764	5563	5563	3978	3978	9	9	46	46	689	689	1534	1534	5	5	194	194	517	517	1159	1159	369	369	3492	3492	28	28	8	8	98	98	70	70	7	7	22	22	2856	2856	3731	3731	110	110	67	67	332	332	920	920	1671399	1671399	82250	82250	11223	11223	13667	13667	419	419	267	267	17450	17450	32375	32375	24	24	118	118	81	81	470	470	55	55	79	79	454028	454028	490094	490094	47	47	175	175	503	503	271	271	28064	28064	15222	15222	115	115	192	192	212	212	101	101
IND00800	1547	1547	138	138	877	877	712	712	8153	8153	827	827	89	89	70	70	2332	2332	11806	11806	246	246	160	160	1	1	59	59	320	320	8002	8002	1032	1032	1899	1899	103	103	100	100	53	53	110	110	27	27	22	22	4440	4440	7507	7507	112	112	24	24	936	936	174	174	1	1	5	5	5726	5726	5138	5138	394	394	124	124	4565	4565	482	482	12	12	16	16	14	14	1	1	87	87	97	97	1082	1082	745	745	581	581	54	54	588	588	1179	1179	3904	3904	859	859	236	236	151	151	3952	3952	1297	1297	128	128	170	170	1162	1162	1154	1154	1265	1265	3038	3038	32	32	2	2	19	19	31	31	49	49	79	79	3895	3895	2673	2673	252	252	64	64	118	118	100	100	3696694	3696694	3252057	3252057	7588	7588	9285	9285	487	487	390	390	25705	25705	13643	13643	215	215	69	69	527	527	1016	1016	231	231	188	188	286533	286533	31134	31134	50	50	225	225	214	214	197	197	11762	11762	26077	26077	256	256	232	232	21	21	237	237
IND00801	284	284	249	249	827	827	207	207	6665	6665	347	347	109	109	93	93	1572	1572	5759	5759	142	142	206	206	27	27	40	40	8161	8161	4202	4202	1034	1034	879	879	7	7	18	18	5	5	94	94	48	48	8	8	4113	4113	2918	2918	31	31	238	238	680	680	805	805	32	32	6	6	5926	5926	2557	2557	475	475	145	145	7786	7786	4105	4105	11	11	9	9	4	4	1	1	23	23	79	79	1003	1003	1739	1739	2065	2065	505	505	278	278	1365	1365	2765	2765	3518	3518	189	189	68	68	1902	1902	1612	1612	211	211	48	48	1252	1252	1431	1431	2280	2280	3452	3452	19	19	9	9	99	99	45	45	125	125	10	10	2550	2550	2802	2802	40	40	2	2	715	715	653	653	2915515	2915515	2724621	2724621	561	561	13697	13697	37	37	461	461	9934	9934	3076	3076	206	206	27	27	346	346	305	305	171	171	204	204	36072	36072	383125	383125	105	105	158	158	115	115	103	103	14246	14246	12809	12809	200	200	237	237	71	71	173	173
IND00802	1044	1044	679	679	856	856	107	107	2652	2652	4178	4178	40	40	123	123	12475	12475	8731	8731	148	148	72	72	6	6	33	33	2517	2517	788	788	1612	1612	1590	1590	79	79	5	5	50	50	45	45	36	36	32	32	7539	7539	4187	4187	128	128	192	192	859	859	809	809	32	32	17	17	1729	1729	8064	8064	222	222	392	392	5333	5333	1803	1803	4	4	6	6	10	10	15	15	86	86	116	116	362	362	2014	2014	3780	3780	599	599	1380	1380	744	744	2110	2110	4176	4176	248	248	48	48	1608	1608	3116	3116	213	213	100	100	1575	1575	1786	1786	3177	3177	373	373	20	20	29	29	76	76	9	9	96	96	72	72	741	741	251	251	132	132	12	12	953	953	1020	1020	3146230	3146230	3522993	3522993	2217	2217	14944	14944	190	190	211	211	31551	31551	4840	4840	184	184	122	122	148	148	147	147	223	223	177	177	18281	18281	495566	495566	39	39	254	254	218	218	446	446	30454	30454	3259	3259	52	52	142	142	495	495	302	302
IND00803	1816	1816	1101	1101	536	536	287	287	399	399	2418	2418	40	40	70	70	6895	6895	15600	15600	125	125	15	15	34	34	15	15	5993	5993	1812	1812	1475	1475	606	606	6	6	14	14	50	50	99	99	64	64	15	15	961	961	5723	5723	173	173	42	42	210	210	188	188	18	18	14	14	3309	3309	983	983	53	53	231	231	3145	3145	5058	5058	9	9	9	9	16	16	9	9	61	61	90	90	1977	1977	808	808	683	683	612	612	197	197	1900	1900	6756	6756	7194	7194	114	114	131	131	860	860	1257	1257	174	174	93	93	89	89	775	775	2460	2460	3462	3462	22	22	23	23	20	20	87	87	109	109	98	98	3484	3484	3620	3620	211	211	242	242	806	806	866	866	3831929	3831929	1683900	1683900	14753	14753	15764	15764	503	503	355	355	4948	4948	5464	5464	148	148	162	162	194	194	324	324	249	249	103	103	213246	213246	212519	212519	256	256	244	244	433	433	435	435	26777	26777	3093	3093	72	72	247	247	52	52	82	82
IND00804	838	838	22	22	973	973	557	557	1628	1628	2154	2154	9	9	58	58	14713	14713	1890	1890	117	117	109	109	44	44	5	5	8186	8186	2098	2098	397	397	292	292	24	24	110	110	48	48	114	114	43	43	42	42	7766	7766	4501	4501	53	53	220	220	486	486	277	277	30	30	3	3	7025	7025	392	392	158	158	215	215	29	29	7318	7318	15	15	8	8	9	9	3	3	17	17	106	106	1573	1573	824	824	456	456	3950	3950	113	113	62	62	4621	4621	2251	2251	221	221	253	253	2576	2576	2495	2495	120	120	128	128	1606	1606	2024	2024	3778	3778	588	588	29	29	19	19	66	66	121	121	60	60	29	29	1743	1743	449	449	17	17	239	239	322	322	431	431	435768	435768	878844	878844	5297	5297	11545	11545	12	12	126	126	3076	3076	742	742	221	221	71	71	259	259	320	320	158	158	225	225	202480	202480	383359	383359	29	29	44	44	83	83	509	509	20875	20875	22039	22039	40	40	93	93	17	17	212	212
IND00805	1993	1993	128	128	1013	1013	978	978	1749	1749	4002	4002	17	17	51	51	5002	5002	8496	8496	133	133	214	214	36	36	36	36	5784	5784	7749	7749	557	557	366	366	111	111	24	24	60	60	89	89	38	38	47	47	7546	7546	1992	1992	142	142	132	132	957	957	376	376	24	24	11	11	7064	7064	1161	1161	310	310	444	444	1293	1293	6232	6232	3	3	16	16	11	11	13	13	6	6	61	61	949	949	1825	1825	3624	3624	623	623	135	135	1891	1891	4213	4213	7905	7905	219	219	199	199	2647	2647	462	462	25	25	178	178	515	515	289	289	3690	3690	1467	1467	27	27	11	11	64	64	69	69	66	66	86	86	3908	3908	3915	3915	20	20	183	183	47	47	828	828	2939834	2939834	1164205	1164205	11584	11584	14968	14968	193	193	123	123	21549	21549	16470	16470	226	226	7	7	916	916	42	42	167	167	49	49	87426	87426	53616	53616	211	211	205	205	315	315	456	456	24081	24081	18670	18670	208	208	4	4	70	70	35	35
IND00806	591	591	592	592	926	926	524	524	4732	4732	3441	3441	38	38	45	45	7428	7428	4006	4006	147	147	221	221	43	43	29	29	1585	1585	3913	3913	1622	1622	1691	1691	61	61	117	117	36	36	105	105	19	19	38	38	1379	1379	6547	6547	44	44	4	4	619	619	876	876	15	15	22	22	4137	4137	76	76	12	12	450	450	2666	2666	147	147	3	3	14	14	14	14	10	10	56	56	119	119	908	908	1852	1852	3377	3377	2108	2108	178	178	2032	2032	3754	3754	3107	3107	82	82	124	124	3353	3353	127	127	35	35	171	171	671	671	1884	1884	3896	3896	561	561	8	8	5	5	123	123	78	78	104	104	101	101	3164	3164	2374	2374	248	248	149	149	293	293	133	133	2315895	2315895	2040972	2040972	10637	10637	10147	10147	494	494	479	479	2864	2864	29554	29554	166	166	152	152	799	799	866	866	42	42	143	143	132420	132420	216534	216534	206	206	29	29	188	188	178	178	29989	29989	12325	12325	103	103	138	138	330	330	338	338
IND00807	1253	1253	511	511	431	431	514	514	4449	4449	4388	4388	52	52	128	128	6774	6774	6896	6896	162	162	144	144	31	31	43	43	5516	5516	333	333	1710	1710	1435	1435	85	85	66	66	29	29	44	44	27	27	35	35	6167	6167	1731	1731	41	41	168	168	335	335	316	316	15	15	13	13	1529	1529	6267	6267	38	38	384	384	5834	5834	7351	7351	14	14	10	10	1	1	7	7	114	114	114	114	1095	1095	1670	1670	97	97	2220	2220	1172	1172	1980	1980	3478	3478	418	418	2	2	74	74	2635	2635	3585	3585	118	118	113	113	965	965	1093	1093	1689	1689	2280	2280	14	14	11	11	94	94	25	25	9	9	21	21	1524	1524	565	565	146	146	256	256	460	460	791	791	65326	65326	3388759	3388759	6267	6267	1776	1776	483	483	344	344	20319	20319	18106	18106	43	43	4	4	888	888	911	911	53	53	124	124	379254	379254	514436	514436	237	237	151	151	307	307	362	362	11005	11005	31162	31162	32	32	39	39	418	418	32	32
IND00808	628	628	1199	1199	228	228	741	741	7121	7121	4011	4011	46	46	72	72	6692	6692	8912	8912	240	240	108	108	12	12	36	36	1281	1281	579	579	1646	1646	614	614	80	80	27	27	86	86	6	6	19	19	48	48	7219	7219	7500	7500	184	184	219	219	182	182	710	710	8	8	9	9	6218	6218	4060	4060	340	340	231	231	6305	6305	7584	7584	6	6	11	11	11	11	5	5	110	110	45	45	491	491	197	197	960	960	3586	3586	61	61	409	409	1053	1053	6397	6397	158	158	33	33	3619	3619	3781	3781	74	74	92	92	1542	1542	69	69	757	757	827	827	20	20	20	20	128	128	8	8	79	79	65	65	645	645	1868	1868	188	188	11	11	839	839	206	206	297167	297167	1605	1605	6415	6415	14694	14694	422	422	47	47	11115	11115	32350	32350	102	102	53	53	677	677	575	575	61	61	187	187	159948	159948	507797	507797	231	231	202	202	407	407	507	507	9036	9036	19866	19866	38	38	27	27	99	99	30	30
IND00809	1292	1292	438	438	731	731	580	580	1711	1711	8083	8083	99	99	87	87	1441	1441	7481	7481	20	20	191	191	53	53	57	57	3514	3514	3724	3724	1023	1023	1621	1621	13	13	119	119	6	6	85	85	28	28	27	27	3615	3615	6731	6731	138	138	192	192	429	429	948	948	28	28	4	4	832	832	425	425	172	172	358	358	3881	3881	4782	4782	15	15	1	1	10	10	3	3	87	87	50	50	1177	1177	1236	1236	1731	1731	2988	2988	307	307	1201	1201	2615	2615	7895	7895	178	178	14	14	3290	3290	3070	3070	86	86	153	153	1420	1420	1802	1802	697	697	3241	3241	17	17	7	7	72	72	116	116	128	128	101	101	1127	1127	3238	3238	126	126	128	128	145	145	919	919	384418	384418	1091894	1091894	495	495	899	899	491	491	294	294	22414	22414	28001	28001	73	73	207	207	45	45	515	515	80	80	47	47	188132	188132	375798	375798	88	88	25	25	489	489	273	273	30347	30347	15854	15854	119	119	44	44	317	317	260	260
IND00810	307	307	732	732	531	531	349	349	5976	5976	948	948	94	94	20	20	4316	4316	5906	5906	192	192	223	223	4	4	13	13	1931	1931	3763	3763	154	154	292	292	1	1	1	1	43	43	29	29	15	15	41	41	2348	2348	3127	3127	161	161	46	46	670	670	684	684	30	30	13	13	5934	5934	6390	6390	238	238	158	158	3772	3772	7734	7734	15	15	10	10	2	2	15	15	24	24	88	88	374	374	1371	1371	972	972	3989	3989	402	402	1286	1286	5803	5803	4459	4459	133	133	71	71	1983	1983	2120	2120	237	237	162	162	1466	1466	1550	1550	2409	2409	1592	1592	24	24	21	21	65	65	128	128	30	30	89	89	1656	1656	3876	3876	103	103	168	168	483	483	391	391	2510942	2510942	3513786	3513786	15541	15541	13168	13168	84	84	460	460	28248	28248	19918	19918	118	118	1	1	488	488	245	245	10	10	117	117	16545	16545	57204	57204	109	109	121	121	123	123	443	443	15033	15033	7913	7913	32	32	152	152	102	102	248	248
IND00811	1365	1365	1707	1707	980	980	1008	1008	6214	6214	5158	5158	62	62	37	37	8455	8455	3031	3031	171	171	4	4	2	2	60	60	1961	1961	2468	2468	1510	1510	1626	1626	38	38	81	81	26	26	95	95	29	29	34	34	1318	1318	7827	7827	11	11	13	13	210	210	487	487	15	15	29	29	7109	7109	6074	6074	248	248	262	262	5366	5366	5632	5632	1	1	4	4	6	6	1	1	96	96	32	32	447	447	1373	1373	689	689	259	259	1932	1932	322	322	5355	5355	4409	4409	83	83	158	158	452	452	1909	1909	98	98	194	194	625	625	467	467	2497	2497	196	196	20	20	13	13	89	89	41	41	59	59	42	42	3943	3943	2143	2143	122	122	54	54	611	611	570	570	3868004	3868004	3879278	3879278	1688	1688	14246	14246	469	469	395	395	24436	24436	10498	10498	238	238	209	209	16	16	747	747	97	97	75	75	233553	233553	112170	112170	31	31	91	91	506	506	412	412	8773	8773	435	435	137	137	154	154	492	492	382	382
IND00812	31	31	1565	1565	391	391	435	435	5009	5009	434	434	57	57	94	94	189	189	108	108	170	170	90	90	25	25	18	18	4008	4008	2234	2234	331	331	516	516	46	46	84	84	2	2	25	25	30	30	63	63	3425	3425	1680	1680	200	200	148	148	156	156	627	627	23	23	32	32	5942	5942	2308	2308	409	409	314	314	7445	7445	463	463	12	12	3	3	12	12	4	4	13	13	10	10	1015	1015	859	859	726	726	3260	3260	1567	1567	1609	1609	7899	7899	6450	6450	17	17	184	184	2840	2840	644	644	109	109	50	50	339	339	1570	1570	2893	2893	611	611	8	8	8	8	87	87	106	106	59	59	40	40	264	264	1540	1540	177	177	59	59	386	386	376	376	3676774	3676774	2971670	2971670	5499	5499	6119	6119	135	135	272	272	2065	2065	11150	11150	12	12	41	41	660	660	1018	1018	151	151	95	95	490332	490332	469789	469789	141	141	215	215	233	233	350	350	30602	30602	27359	27359	239	239	65	65	390	390	82	82
IND00813	1438	1438	1924	1924	800	800	29	29	2026	2026	2641	2641	42	42	110	110	701	701	15878	15878	193	193	69	69	62	62	16	16	5147	5147	5946	5946	1149	1149	1762	1762	39	39	15	15	35	35	99	99	3	3	5	5	1285	1285	2231	2231	232	232	146	146	706	706	438	438	26	26	12	12	3621	3621	2698	2698	396	396	368	368	6099	6099	5459	5459	4	4	7	7	9	9	2	2	97	97	108	108	590	590	156	156	1190	1190	2946	2946	1892	1892	1741	1741	7326	7326	3376	3376	204	204	248	248	1700	1700	632	632	186	186	55	55	210	210	1880	1880	1827	1827	3101	3101	16	16	13	13	89	89	110	110	115	115	25	25	2603	2603	419	419	15	15	89	89	813	813	220	220	1870282	1870282	2122324	2122324	3615	3615	7684	7684	326	326	309	309	546	546	18702	18702	70	70	38	38	657	657	568	568	242	242	204	204	336702	336702	35898	35898	178	178	21	21	213	213	423	423	16753	16753	2450	2450	13	13	92	92	485	485	430	430
IND00814	1209	1209	622	622	386	386	915	915	3027	3027	4337	4337	19	19	91	91	3897	3897	6809	6809	148	148	119	119	47	47	60	60	394	394	1199	1199	1643	1643	672	672	37	37	2	2	41	41	10	10	41	41	56	56	2491	2491	6218	6218	215	215	156	156	223	223	838	838	24	24	27	27	6022	6022	1563	1563	162	162	446	446	5297	5297	6632	6632	8	8	6	6	10	10	15	15	28	28	79	79	729	729	1954	1954	1743	1743	2123	2123	779	779	1636	1636	2581	2581	6699	6699	245	245	66	66	856	856	1272	1272	176	176	55	55	1045	1045	815	815	645	645	2204	2204	12	12	26	26	83	83	64	64	88	88	64	64	3062	3062	479	479	89	89	235	235	921	921	635	635	1680687	1680687	1630390	1630390	3946	3946	13911	13911	342	342	213	213	29805	29805	21004	21004	195	195	250	250	768	768	223	223	138	138	182	182	523328	523328	418481	418481	230	230	112	112	18	18	150	150	21	21	20559	20559	236	236	241	241	254	254	237	237
IND00815	818	818	1237	1237	990	990	229	229	6154	6154	2342	2342	79	79	121	121	6173	6173	2929	2929	120	120	48	48	26	26	9	9	1396	1396	6986	6986	755	755	1166	1166	49	49	114	114	110	110	26	26	47	47	10	10	980	980	4096	4096	32	32	14	14	760	760	920	920	27	27	8	8	7128	7128	4997	4997	144	144	334	334	1745	1745	7073	7073	13	13	1	1	12	12	9	9	68	68	105	105	1119	1119	678	678	3205	3205	3907	3907	270	270	1447	1447	6825	6825	5124	5124	199	199	207	207	1887	1887	2068	2068	187	187	204	204	867	867	1693	1693	3949	3949	2907	2907	22	22	29	29	19	19	109	109	80	80	100	100	1386	1386	4020	4020	201	201	154	154	619	619	70	70	3820815	3820815	472878	472878	7548	7548	10447	10447	34	34	211	211	17109	17109	31696	31696	225	225	232	232	677	677	340	340	150	150	62	62	502043	502043	452834	452834	97	97	67	67	195	195	395	395	14579	14579	19952	19952	101	101	80	80	358	358	257	257
IND00816	1166	1166	1026	1026	486	486	611	611	6426	6426	3467	3467	21	21	122	122	1081	1081	3599	3599	48	48	255	255	17	17	46	46	219	219	3456	3456	173	173	972	972	85	85	51	51	40	40	3	3	60	60	40	40	6942	6942	2391	2391	131	131	192	192	2	2	877	877	3	3	1	1	8136	8136	3354	3354	274	274	356	356	8053	8053	6920	6920	9	9	1	1	13	13	6	6	8	8	55	55	691	691	219	219	3357	3357	3586	3586	109	109	1302	1302	2988	2988	8152	8152	5	5	10	10	2455	2455	1913	1913	200	200	146	146	990	990	332	332	1434	1434	3053	3053	18	18	9	9	64	64	44	44	61	61	112	112	4092	4092	3415	3415	182	182	32	32	543	543	557	557	3696657	3696657	3436543	3436543	13380	13380	9876	9876	64	64	453	453	28289	28289	1925	1925	239	239	184	184	658	658	594	594	67	67	215	215	230452	230452	358134	358134	182	182	143	143	65	65	277	277	11700	11700	17190	17190	33	33	63	63	333	333	367	367
IND00817	1934	1934	106	106	490	490	541	541	7756	7756	3024	3024	14	14	70	70	270	270	10251	10251	169	169	208	208	38	38	26	26	5124	5124	1267	1267	1401	1401	335	335	86	86	16	16	78	78	45	45	59	59	12	12	6898	6898	619	619	103	103	126	126	721	721	470	470	21	21	22	22	2575	2575	4236	4236	131	131	175	175	5714	5714	2956	2956	11	11	10	10	4	4	15	15	51	51	38	38	2008	2008	1336	1336	834	834	3905	3905	604	604	248	248	1267	1267	2490	2490	99	99	69	69	1152	1152	2694	2694	175	175	175	175	1394	1394	1698	1698	2413	2413	457	457	8	8	3	3	90	90	30	30	28	28	32	32	1289	1289	3072	3072	86	86	63	63	864	864	872	872	3739754	3739754	3314166	3314166	9272	9272	2210	2210	43	43	169	169	10576	10576	10206	10206	226	226	103	103	541	541	259	259	253	253	22	22	72967	72967	292612	292612	175	175	10	10	479	479	457	457	13436	13436	13005	13005	256	256	214	214	31	31	23	23
IND00818	1508	1508	917	917	130	130	731	731	6220	6220	2883	2883	78	78	42	42	5424	5424	2303	2303	33	33	172	172	60	60	51	51	2806	2806	1304	1304	239	239	1912	1912	5	5	22	22	97	97	56	56	35	35	47	47	2899	2899	6088	6088	234	234	183	183	467	467	14	14	9	9	11	11	3844	3844	7637	7637	404	404	274	274	4927	4927	7830	7830	5	5	2	2	14	14	9	9	89	89	50	50	1986	1986	495	495	1060	1060	3320	3320	1092	1092	1682	1682	1880	1880	6831	6831	24	24	223	223	503	503	2853	2853	60	60	240	240	1031	1031	568	568	1233	1233	408	408	29	29	20	20	58	58	30	30	50	50	16	16	2147	2147	3671	3671	66	66	141	141	269	269	726	726	2921480	2921480	1999396	1999396	8966	8966	13736	13736	475	475	99	99	23925	23925	18057	18057	3	3	219	219	61	61	677	677	65	65	102	102	441496	441496	289434	289434	241	241	44	44	407	407	287	287	16392	16392	21589	21589	56	56	18	18	330	330	33	33
IND00819	377	377	1893	1893	775	775	18	18	4101	4101	7851	7851	50	50	108	108	4425	4425	8365	8365	52	52	194	194	54	54	36	36	8165	8165	3548	3548	1357	1357	1668	1668	14	14	65	65	74	74	96	96	10	10	45	45	6832	6832	4993	4993	37	37	1	1	853	853	391	391	25	25	4	4	1985	1985	3983	3983	508	508	506	506	5041	5041	6167	6167	8	8	11	11	8	8	10	10	89	89	62	62	254	254	1316	1316	3244	3244	1918	1918	106	106	719	719	109	109	4233	4233	233	233	69	69	3778	3778	263	263	223	223	230	230	923	923	884	884	1469	1469	42	42	8	8	26	26	21	21	92	92	80	80	39	39	995	995	1870	1870	133	133	62	62	133	133	79	79	1120176	1120176	269535	269535	87	87	7188	7188	282	282	48	48	22863	22863	32445	32445	132	132	210	210	984	984	1017	1017	1	1	16	16	49236	49236	432093	432093	172	172	49	49	178	178	239	239	8848	8848	26681	26681	177	177	232	232	28	28	111	111
IND00820	1970	1970	1106	1106	374	374	857	857	3768	3768	3927	3927	113	113	127	127	9851	9851	14639	14639	168	168	97	97	52	52	59	59	7086	7086	6371	6371	670	670	1226	1226	99	99	69	69	45	45	7	7	48	48	32	32	6070	6070	4955	4955	186	186	84	84	469	469	928	928	27	27	25	25	6728	6728	7376	7376	127	127	110	110	2844	2844	4031	4031	9	9	7	7	1	1	14	14	63	63	52	52	43	43	827	827	3840	3840	881	881	542	542	1407	1407	1546	1546	1585	1585	162	162	182	182	1006	1006	1495	1495	150	150	190	190	968	968	1164	1164	1115	1115	3022	3022	7	7	12	12	76	76	28	28	114	114	74	74	3374	3374	2708	2708	191	191	119	119	606	606	847	847	3159462	3159462	367392	367392	889	889	6645	6645	432	432	457	457	20216	20216	9556	9556	211	211	173	173	222	222	274	274	124	124	220	220	234152	234152	215654	215654	83	83	253	253	214	214	268	268	1006	1006	11453	11453	210	210	146	146	103	103	272	272
IND00821	97	97	97	97	285	285	753	753	2836	2836	1256	1256	92	92	62	62	2198	2198	1227	1227	44	44	132	132	11	11	57	57	5850	5850	2401	2401	138	138	410	410	73	73	33	33	77	77	6	6	54	54	63	63	3572	3572	6749	6749	30	30	6	6	510	510	637	637	22	22	31	31	4172	4172	2512	2512	277	277	329	329	3113	3113	4924	4924	8	8	6	6	8	8	7	7	95	95	123	123	1289	1289	281	281	2967	2967	3855	3855	1994	1994	63	63	7462	7462	6580	6580	115	115	89	89	3919	3919	628	628	187	187	110	110	1167	1167	358	358	2150	2150	3886	3886	31	31	22	22	85	85	33	33	112	112	122	122	3019	3019	1869	1869	38	38	178	178	809	809	774	774	2731624	2731624	4192575	4192575	7496	7496	11934	11934	236	236	462	462	3839	3839	10963	10963	186	186	133	133	289	289	725	725	27	27	123	123	444651	444651	203206	203206	240	240	220	220	72	72	377	377	13250	13250	20909	20909	151	151	254	254	143	143	47	47
IND00822	1820	1820	999	999	486	486	909	909	8022	8022	1351	1351	28	28	126	126	692	692	3301	3301	170	170	103	103	55	55	42	42	6887	6887	1492	1492	1006	1006	404	404	24	24	35	35	84	84	32	32	15	15	30	30	5387	5387	4806	4806	150	150	91	91	201	201	397	397	31	31	1	1	3203	3203	4183	4183	245	245	222	222	3325	3325	4503	4503	14	14	6	6	12	12	6	6	50	50	105	105	1829	1829	34	34	262	262	1154	1154	1008	1008	1736	1736	4167	4167	3950	3950	29	29	7	7	944	944	2731	2731	98	98	200	200	727	727	1611	1611	1656	1656	2763	2763	1	1	3	3	56	56	128	128	1	1	5	5	2447	2447	1752	1752	238	238	200	200	601	601	762	762	2404352	2404352	2510375	2510375	3828	3828	15244	15244	493	493	411	411	10003	10003	16650	16650	116	116	80	80	171	171	504	504	2	2	78	78	43499	43499	489561	489561	220	220	135	135	484	484	77	77	9914	9914	15063	15063	222	222	176	176	3	3	52	52
IND00823	55	55	1748	1748	694	694	825	825	5643	5643	7969	7969	20	20	110	110	2586	2586	15603	15603	88	88	200	200	42	42	63	63	6530	6530	519	519	1446	1446	494	494	90	90	13	13	18	18	57	57	1	1	31	31	1336	1336	2239	2239	62	62	155	155	785	785	934	934	9	9	6	6	461	461	5658	5658	495	495	354	354	1987	1987	2477	2477	9	9	5	5	4	4	16	16	19	19	13	13	1767	1767	975	975	653	653	2299	2299	660	660	1305	1305	1196	1196	641	641	235	235	199	199	2377	2377	4021	4021	133	133	88	88	1375	1375	913	913	1466	1466	1713	1713	16	16	26	26	105	105	29	29	65	65	65	65	819	819	3175	3175	213	213	187	187	132	132	827	827	1282224	1282224	4024808	4024808	9243	9243	495	495	170	170	38	38	22024	22024	15583	15583	52	52	154	154	789	789	536	536	188	188	209	209	465473	465473	40499	40499	97	97	120	120	59	59	48	48	19722	19722	7707	7707	246	246	135	135	512	512	118	118
IND00824	35	35	1490	1490	59	59	192	192	5012	5012	7168	7168	75	75	17	17	11981	11981	3009	3009	101	101	200	200	43	43	23	23	3355	3355	1457	1457	320	320	1774	1774	7	7	81	81	61	61	30	30	6	6	18	18	4895	4895	5396	5396	12	12	177	177	515	515	667	667	13	13	14	14	7673	7673	6284	6284	488	488	55	55	4361	4361	3144	3144	13	13	5	5	11	11	4	4	27	27	89	89	148	148	997	997	2173	2173	1900	1900	1040	1040	181	181	2644	2644	4898	4898	35	35	26	26	3712	3712	1839	1839	101	101	191	191	1900	1900	901	901	1052	1052	3304	3304	30	30	24	24	71	71	124	124	71	71	25	25	1492	1492	3514	3514	95	95	154	154	48	48	298	298	2117205	2117205	886651	886651	10880	10880	10205	10205	241	241	37	37	7662	7662	18252	18252	56	56	50	50	371	371	916	916	137	137	216	216	113344	113344	244090	244090	243	243	194	194	40	40	35	35	30242	30242	29718	29718	19	19	114	114	270	270	436	436
IND00825	1568	1568	632	632	407	407	561	561	53	53	5741	5741	58	58	110	110	3706	3706	11850	11850	70	70	82	82	4	4	28	28	1673	1673	470	470	846	846	1191	1191	113	113	4	4	114	114	59	59	34	34	3	3	5599	5599	6821	6821	43	43	206	206	339	339	798	798	8	8	4	4	5195	5195	2107	2107	61	61	86	86	46	46	4588	4588	5	5	9	9	11	11	11	11	30	30	89	89	1348	1348	1043	1043	1937	1937	1787	1787	1624	1624	1150	1150	1918	1918	6763	6763	174	174	195	195	247	247	4054	4054	248	248	35	35	783	783	276	276	1514	1514	3835	3835	21	21	14	14	105	105	24	24	109	109	73	73	1839	1839	2441	2441	92	92	73	73	810	810	647	647	3942110	3942110	436327	436327	7541	7541	11999	11999	475	475	99	99	16664	16664	9603	9603	163	163	247	247	777	777	393	393	71	71	207	207	325086	325086	257943	257943	192	192	245	245	217	217	183	183	13387	13387	14503	14503	5	5	172	172	183	183	203	203
IND00826	1139	1139	216	216	896	896	942	942	1380	1380	5429	5429	21	21	56	56	2331	2331	3438	3438	188	188	249	249	7	7	40	40	7533	7533	45	45	2020	2020	1865	1865	94	94	117	117	120	120	77	77	57	57	21	21	6497	6497	756	756	162	162	60	60	164	164	714	714	21	21	7	7	4222	4222	5060	5060	164	164	414	414	5535	5535	7261	7261	4	4	8	8	4	4	11	11	30	30	79	79	1727	1727	1242	1242	3002	3002	1011	1011	953	953	373	373	5015	5015	6446	6446	191	191	97	97	851	851	3245	3245	70	70	100	100	351	351	1203	1203	3942	3942	387	387	24	24	2	2	26	26	16	16	106	106	15	15	476	476	1244	1244	132	132	40	40	463	463	263	263	1096633	1096633	2260915	2260915	9313	9313	13528	13528	262	262	80	80	14895	14895	21286	21286	15	15	155	155	564	564	334	334	122	122	8	8	120245	120245	259137	259137	228	228	204	204	364	364	165	165	31933	31933	13567	13567	57	57	200	200	483	483	411	411
IND00827	535	535	382	382	234	234	808	808	6643	6643	984	984	91	91	35	35	10635	10635	11461	11461	115	115	104	104	5	5	27	27	2081	2081	2240	2240	336	336	601	601	29	29	14	14	35	35	66	66	23	23	37	37	2096	2096	4253	4253	86	86	134	134	122	122	1012	1012	9	9	24	24	5459	5459	1401	1401	378	378	280	280	5756	5756	5342	5342	8	8	8	8	7	7	12	12	54	54	77	77	1891	1891	1644	1644	3079	3079	1415	1415	828	828	1017	1017	5947	5947	2425	2425	202	202	115	115	3498	3498	3914	3914	79	79	30	30	362	362	1344	1344	1316	1316	767	767	11	11	1	1	22	22	69	69	47	47	89	89	241	241	3884	3884	233	233	163	163	944	944	213	213	1165533	1165533	3600789	3600789	15091	15091	5097	5097	117	117	183	183	17470	17470	31445	31445	154	154	120	120	660	660	961	961	13	13	6	6	335596	335596	196515	196515	123	123	104	104	147	147	409	409	7717	7717	904	904	81	81	71	71	302	302	35	35
IND00828	2011	2011	1491	1491	177	177	888	888	1640	1640	7919	7919	44	44	99	99	9653	9653	14222	14222	60	60	75	75	2	2	50	50	8027	8027	2842	2842	1777	1777	1815	1815	100	100	116	116	125	125	121	121	59	59	3	3	5984	5984	6026	6026	93	93	175	175	330	330	193	193	7	7	8	8	1236	1236	5329	5329	43	43	200	200	3165	3165	5669	5669	10	10	3	3	8	8	7	7	79	79	51	51	2018	2018	876	876	3850	3850	1330	1330	1713	1713	1104	1104	275	275	1248	1248	236	236	250	250	3835	3835	3516	3516	34	34	150	150	70	70	1768	1768	660	660	2696	2696	23	23	13	13	79	79	60	60	88	88	70	70	126	126	118	118	114	114	100	100	575	575	110	110	3145628	3145628	2407985	2407985	2989	2989	5911	5911	438	438	13	13	4679	4679	4061	4061	136	136	115	115	949	949	939	939	177	177	5	5	349903	349903	243785	243785	45	45	142	142	32	32	123	123	12094	12094	30200	30200	36	36	184	184	24	24	296	296
IND00829	1987	1987	1626	1626	266	266	42	42	7299	7299	7604	7604	68	68	80	80	15358	15358	7695	7695	59	59	255	255	7	7	47	47	6380	6380	6021	6021	273	273	752	752	88	88	4	4	28	28	104	104	16	16	45	45	7363	7363	2764	2764	11	11	113	113	511	511	914	914	32	32	20	20	1697	1697	4278	4278	324	324	278	278	1288	1288	6102	6102	11	11	2	2	7	7	11	11	34	34	115	115	1486	1486	571	571	3345	3345	968	968	1330	1330	2010	2010	1964	1964	4181	4181	37	37	138	138	2968	2968	734	734	81	81	244	244	1419	1419	353	353	1360	1360	880	880	18	18	12	12	34	34	9	9	67	67	48	48	2771	2771	3992	3992	80	80	171	171	636	636	93	93	2948133	2948133	2794524	2794524	5197	5197	7411	7411	495	495	456	456	16312	16312	22240	22240	174	174	173	173	801	801	55	55	256	256	5	5	402459	402459	64040	64040	255	255	71	71	66	66	259	259	5482	5482	9684	9684	48	48	50	50	75	75	95	95
IND00830	1982	1982	962	962	152	152	654	654	3615	3615	7641	7641	97	97	36	36	11549	11549	5870	5870	234	234	206	206	45	45	41	41	4613	4613	6561	6561	907	907	820	820	6	6	86	86	113	113	57	57	33	33	43	43	1769	1769	4764	4764	109	109	124	124	622	622	658	658	10	10	5	5	5366	5366	8122	8122	201	201	323	323	6763	6763	7779	7779	13	13	9	9	11	11	2	2	24	24	37	37	1446	1446	1610	1610	1300	1300	3823	3823	1038	1038	600	600	1128	1128	1776	1776	248	248	46	46	3371	3371	2395	2395	140	140	73	73	528	528	94	94	879	879	1670	1670	32	32	25	25	28	28	74	74	59	59	60	60	1486	1486	1627	1627	144	144	231	231	154	154	861	861	116463	116463	2055861	2055861	9001	9001	8239	8239	253	253	211	211	31743	31743	26876	26876	179	179	3	3	385	385	968	968	126	126	212	212	431545	431545	488825	488825	80	80	57	57	468	468	179	179	14308	14308	31224	31224	5	5	205	205	50	50	456	456
IND00831	995	995	962	962	818	818	786	786	5395	5395	6692	6692	111	111	59	59	13271	13271	2188	2188	144	144	133	133	38	38	23	23	7604	7604	6545	6545	1072	1072	1470	1470	115	115	5	5	42	42	89	89	14	14	57	57	3960	3960	3131	3131	241	241	149	149	408	408	64	64	6	6	9	9	1836	1836	3689	3689	152	152	368	368	7272	7272	2373	2373	8	8	2	2	2	2	11	11	105	105	75	75	1845	1845	332	332	1801	1801	38	38	467	467	638	638	5231	5231	4763	4763	248	248	100	100	63	63	1251	1251	72	72	13	13	128	128	1829	1829	1498	1498	2668	2668	15	15	27	27	81	81	115	115	19	19	123	123	118	118	2982	2982	20	20	8	8	983	983	251	251	2149616	2149616	583647	583647	13366	13366	3247	3247	185	185	459	459	26202	26202	21461	21461	147	147	59	59	537	537	161	161	185	185	127	127	45135	45135	169075	169075	29	29	141	141	27	27	170	170	19757	19757	29907	29907	177	177	199	199	9	9	32	32
IND00832	1375	1375	1891	1891	116	116	916	916	6666	6666	1572	1572	15	15	128	128	15204	15204	147	147	117	117	33	33	4	4	64	64	7645	7645	59	59	737	737	523	523	72	72	41	41	56	56	98	98	5	5	61	61	4061	4061	3479	3479	147	147	102	102	159	159	848	848	24	24	4	4	3336	3336	3553	3553	268	268	143	143	6213	6213	1491	1491	3	3	6	6	3	3	16	16	13	13	122	122	1667	1667	133	133	3212	3212	180	180	1212	1212	332	332	2192	2192	6203	6203	18	18	47	47	2776	2776	3414	3414	34	34	192	192	2010	2010	1615	1615	3676	3676	1519	1519	17	17	22	22	40	40	59	59	128	128	94	94	1550	1550	887	887	226	226	32	32	826	826	737	737	2149303	2149303	906473	906473	12956	12956	5938	5938	55	55	44	44	31700	31700	28668	28668	169	169	108	108	383	383	575	575	197	197	36	36	482107	482107	87090	87090	122	122	195	195	181	181	264	264	14047	14047	29645	29645	236	236	71	71	108	108	297	297
IND00833	778	778	1288	1288	70	70	292	292	4872	4872	3621	3621	44	44	61	61	9169	9169	2153	2153	103	103	12	12	45	45	29	29	8138	8138	1170	1170	1603	1603	1850	1850	42	42	16	16	61	61	54	54	30	30	3	3	7701	7701	4846	4846	142	142	165	165	644	644	231	231	23	23	27	27	2955	2955	5105	5105	390	390	106	106	252	252	694	694	14	14	10	10	4	4	7	7	79	79	100	100	1283	1283	1199	1199	1616	1616	1950	1950	842	842	138	138	895	895	3038	3038	2	2	14	14	2192	2192	2536	2536	213	213	93	93	422	422	154	154	2012	2012	447	447	11	11	24	24	24	24	62	62	21	21	51	51	1613	1613	1496	1496	12	12	36	36	347	347	260	260	748484	748484	3447620	3447620	2287	2287	3925	3925	42	42	294	294	19080	19080	18115	18115	239	239	96	96	355	355	16	16	83	83	120	120	70711	70711	401878	401878	203	203	92	92	486	486	234	234	16267	16267	1801	1801	203	203	208	208	85	85	402	402
IND00834	576	576	1806	1806	999	999	985	985	1088	1088	4640	4640	4	4	122	122	3448	3448	14490	14490	232	232	165	165	26	26	61	61	7211	7211	6376	6376	1400	1400	1594	1594	34	34	38	38	100	100	126	126	9	9	33	33	1810	1810	6973	6973	41	41	181	181	306	306	961	961	18	18	21	21	5495	5495	6907	6907	334	334	370	370	7773	7773	5826	5826	15	15	7	7	11	11	14	14	70	70	123	123	538	538	888	888	2079	2079	757	757	1703	1703	1355	1355	4487	4487	4398	4398	254	254	68	68	3413	3413	1942	1942	177	177	210	210	526	526	106	106	3765	3765	1501	1501	7	7	16	16	65	65	63	63	101	101	29	29	223	223	943	943	232	232	13	13	381	381	783	783	78498	78498	3523294	3523294	6849	6849	8867	8867	117	117	140	140	3083	3083	10973	10973	6	6	249	249	341	341	860	860	45	45	4	4	325451	325451	121711	121711	86	86	218	218	218	218	398	398	4256	4256	12292	12292	14	14	225	225	335	335	49	49
IND00835	774	774	1071	1071	440	440	138	138	762	762	3892	3892	71	71	56	56	5677	5677	3334	3334	205	205	90	90	55	55	48	48	545	545	762	762	1060	1060	1398	1398	23	23	23	23	126	126	100	100	27	27	60	60	4815	4815	5198	5198	12	12	181	181	20	20	316	316	21	21	2	2	5012	5012	3808	3808	150	150	58	58	1404	1404	106	106	16	16	1	1	1	1	4	4	89	89	72	72	17	17	2014	2014	61	61	1550	1550	1184	1184	647	647	1355	1355	6411	6411	34	34	101	101	261	261	2969	2969	67	67	53	53	1024	1024	1973	1973	1680	1680	881	881	4	4	26	26	87	87	53	53	73	73	62	62	1463	1463	740	740	44	44	136	136	797	797	925	925	1765887	1765887	2971481	2971481	9483	9483	5471	5471	54	54	239	239	12598	12598	6087	6087	129	129	31	31	348	348	10	10	148	148	251	251	183748	183748	119682	119682	56	56	130	130	244	244	292	292	9911	9911	27826	27826	90	90	184	184	279	279	222	222
IND00836	79	79	1072	1072	754	754	526	526	3211	3211	5807	5807	55	55	64	64	4446	4446	12002	12002	70	70	19	19	46	46	7	7	5484	5484	2442	2442	1529	1529	1022	1022	122	122	38	38	75	75	15	15	49	49	43	43	7977	7977	7374	7374	100	100	191	191	397	397	557	557	5	5	24	24	7052	7052	3174	3174	87	87	172	172	7468	7468	1912	1912	15	15	10	10	12	12	7	7	16	16	115	115	699	699	1535	1535	3533	3533	684	684	798	798	1687	1687	5733	5733	5469	5469	147	147	155	155	520	520	2086	2086	254	254	91	91	1524	1524	893	893	2706	2706	1949	1949	29	29	2	2	62	62	23	23	114	114	29	29	342	342	3515	3515	48	48	48	48	386	386	773	773	1141666	1141666	2666817	2666817	15348	15348	2400	2400	370	370	512	512	1611	1611	25357	25357	68	68	225	225	131	131	60	60	140	140	210	210	124439	124439	462867	462867	180	180	256	256	466	466	182	182	21887	21887	29453	29453	145	145	45	45	476	476	250	250
IND00837	767	767	305	305	942	942	411	411	3764	3764	4592	4592	125	125	110	110	6591	6591	6445	6445	233	233	235	235	58	58	21	21	3227	3227	7537	7537	1976	1976	1715	1715	76	76	49	49	35	35	91	91	29	29	19	19	778	778	3376	3376	226	226	157	157	259	259	421	421	25	25	32	32	486	486	2427	2427	367	367	73	73	7954	7954	6795	6795	9	9	11	11	5	5	12	12	30	30	105	105	1176	1176	1187	1187	876	876	17	17	469	469	1105	1105	4744	4744	3539	3539	4	4	26	26	2414	2414	3998	3998	208	208	243	243	24	24	1742	1742	1382	1382	1459	1459	27	27	17	17	117	117	111	111	117	117	95	95	3420	3420	286	286	110	110	126	126	837	837	562	562	3640153	3640153	1111495	1111495	10692	10692	1185	1185	139	139	340	340	30033	30033	17582	17582	241	241	191	191	831	831	50	50	57	57	65	65	397288	397288	10974	10974	91	91	50	50	67	67	476	476	17462	17462	15131	15131	24	24	248	248	99	99	502	502
IND00838	1010	1010	634	634	342	342	398	398	212	212	3744	3744	63	63	16	16	10424	10424	3720	3720	159	159	13	13	3	3	37	37	1583	1583	6963	6963	1899	1899	895	895	54	54	116	116	20	20	83	83	13	13	54	54	1801	1801	3046	3046	192	192	137	137	212	212	178	178	14	14	16	16	1022	1022	3800	3800	115	115	47	47	7768	7768	5493	5493	15	15	14	14	2	2	11	11	30	30	23	23	477	477	1092	1092	3437	3437	3941	3941	413	413	650	650	5660	5660	4671	4671	177	177	101	101	3505	3505	1377	1377	221	221	89	89	1322	1322	47	47	2805	2805	3111	3111	12	12	26	26	109	109	71	71	46	46	72	72	3923	3923	3267	3267	188	188	215	215	969	969	197	197	117095	117095	3340954	3340954	8688	8688	10001	10001	57	57	487	487	855	855	18411	18411	133	133	194	194	791	791	23	23	226	226	178	178	467352	467352	180621	180621	247	247	250	250	243	243	6	6	24975	24975	15449	15449	231	231	186	186	415	415	247	247
IND00839	1607	1607	1562	1562	103	103	543	543	6696	6696	8056	8056	6	6	100	100	4027	4027	14187	14187	69	69	105	105	15	15	56	56	6263	6263	5617	5617	1831	1831	1523	1523	4	4	19	19	29	29	114	114	32	32	16	16	2339	2339	7614	7614	103	103	197	197	322	322	640	640	30	30	13	13	5992	5992	7489	7489	152	152	140	140	1871	1871	1115	1115	2	2	10	10	11	11	1	1	66	66	22	22	1953	1953	1293	1293	2326	2326	1476	1476	61	61	1515	1515	2922	2922	6539	6539	234	234	242	242	2479	2479	2280	2280	104	104	170	170	1052	1052	1919	1919	3432	3432	2922	2922	23	23	15	15	126	126	38	38	15	15	79	79	1527	1527	713	713	244	244	150	150	541	541	673	673	3340461	3340461	2505667	2505667	14440	14440	2866	2866	62	62	175	175	25875	25875	2590	2590	119	119	184	184	70	70	1021	1021	235	235	192	192	371171	371171	288148	288148	12	12	173	173	132	132	508	508	11556	11556	29166	29166	217	217	137	137	179	179	442	442
IND00840	1338	1338	765	765	23	23	706	706	2215	2215	7067	7067	16	16	66	66	14270	14270	4710	4710	155	155	245	245	51	51	26	26	616	616	4224	4224	1127	1127	1195	1195	57	57	100	100	107	107	25	25	6	6	3	3	6030	6030	3795	3795	77	77	115	115	688	688	484	484	14	14	28	28	886	886	7979	7979	386	386	195	195	4492	4492	4094	4094	4	4	2	2	16	16	13	13	98	98	14	14	940	940	564	564	926	926	1254	1254	753	753	1363	1363	888	888	6657	6657	70	70	118	118	2310	2310	1236	1236	184	184	216	216	1144	1144	1975	1975	1737	1737	1089	1089	10	10	3	3	6	6	25	25	106	106	99	99	2795	2795	3044	3044	192	192	172	172	570	570	333	333	301467	301467	1199628	1199628	6161	6161	11944	11944	447	447	494	494	7388	7388	10852	10852	40	40	22	22	643	643	515	515	75	75	250	250	263735	263735	227732	227732	117	117	15	15	255	255	6	6	29585	29585	12906	12906	86	86	246	246	2	2	229	229
IND00841	939	939	1210	1210	577	577	813	813	5459	5459	6638	6638	88	88	111	111	2736	2736	8120	8120	1	1	86	86	18	18	54	54	2641	2641	1200	1200	628	628	1028	1028	84	84	37	37	88	88	88	88	55	55	6	6	1326	1326	6956	6956	79	79	147	147	907	907	273	273	7	7	21	21	6252	6252	5302	5302	96	96	274	274	1332	1332	4495	4495	10	10	9	9	11	11	8	8	52	52	23	23	1279	1279	1147	1147	1402	1402	13	13	268	268	872	872	5133	5133	7767	7767	153	153	235	235	936	936	3543	3543	132	132	29	29	1024	1024	803	803	1060	1060	491	491	32	32	6	6	44	44	117	117	111	111	90	90	2616	2616	2143	2143	65	65	228	228	345	345	723	723	2377891	2377891	1981122	1981122	1115	1115	14098	14098	431	431	512	512	29621	29621	26806	26806	18	18	47	47	834	834	482	482	132	132	161	161	106368	106368	52566	52566	241	241	211	211	235	235	353	353	31034	31034	21626	21626	43	43	119	119	187	187	311	311
IND00842	145	145	5	5	156	156	738	738	4370	4370	5020	5020	86	86	93	93	4612	4612	4023	4023	219	219	164	164	16	16	64	64	3516	3516	5388	5388	480	480	277	277	56	56	27	27	2	2	83	83	53	53	46	46	5356	5356	7727	7727	155	155	224	224	609	609	831	831	23	23	29	29	6963	6963	1451	1451	46	46	204	204	5149	5149	685	685	7	7	3	3	11	11	10	10	85	85	111	111	1385	1385	865	865	2273	2273	2483	2483	1825	1825	1059	1059	8166	8166	1292	1292	60	60	160	160	1919	1919	617	617	100	100	214	214	1732	1732	621	621	1083	1083	3549	3549	10	10	32	32	83	83	13	13	127	127	42	42	1899	1899	3	3	21	21	80	80	755	755	31	31	3965600	3965600	4126418	4126418	3945	3945	11894	11894	377	377	356	356	18872	18872	19277	19277	22	22	46	46	637	637	994	994	238	238	3	3	406423	406423	189167	189167	78	78	158	158	321	321	279	279	18713	18713	32644	32644	74	74	150	150	117	117	189	189
IND00843	613	613	461	461	970	970	487	487	2761	2761	1811	1811	29	29	128	128	5846	5846	711	711	102	102	50	50	50	50	4	4	1250	1250	6220	6220	119	119	1686	1686	38	38	79	79	122	122	35	35	32	32	54	54	851	851	7093	7093	27	27	145	145	256	256	755	755	5	5	14	14	3970	3970	2742	2742	207	207	311	311	4792	4792	6314	6314	5	5	13	13	7	7	7	7	33	33	17	17	1797	1797	693	693	373	373	1657	1657	1740	1740	746	746	745	745	7850	7850	231	231	197	197	3325	3325	2257	2257	44	44	186	186	1284	1284	176	176	872	872	1030	1030	29	29	23	23	51	51	5	5	122	122	22	22	3695	3695	3391	3391	54	54	21	21	612	612	270	270	2246213	2246213	3303973	3303973	55	55	15414	15414	471	471	382	382	26671	26671	26932	26932	219	219	111	111	393	393	664	664	112	112	70	70	347696	347696	76927	76927	218	218	11	11	37	37	314	314	17898	17898	29188	29188	206	206	158	158	371	371	345	345
IND00844	1854	1854	523	523	312	312	613	613	2199	2199	2748	2748	26	26	74	74	642	642	14972	14972	81	81	202	202	30	30	34	34	2110	2110	5579	5579	771	771	1516	1516	77	77	39	39	98	98	104	104	46	46	63	63	3119	3119	5708	5708	9	9	91	91	304	304	45	45	31	31	15	15	2270	2270	228	228	334	334	143	143	252	252	5881	5881	5	5	8	8	8	8	9	9	82	82	108	108	1252	1252	1526	1526	3740	3740	2756	2756	774	774	887	887	5705	5705	8125	8125	99	99	217	217	804	804	3776	3776	142	142	44	44	1858	1858	1868	1868	1266	1266	619	619	24	24	14	14	48	48	47	47	113	113	106	106	3257	3257	857	857	223	223	195	195	645	645	640	640	2700047	2700047	2542946	2542946	2273	2273	8565	8565	53	53	33	33	5363	5363	14658	14658	205	205	218	218	37	37	231	231	109	109	25	25	66324	66324	34672	34672	246	246	227	227	468	468	246	246	3793	3793	18563	18563	220	220	193	193	396	396	381	381
IND00845	1768	1768	53	53	895	895	449	449	4201	4201	4066	4066	114	114	50	50	12601	12601	1199	1199	52	52	1	1	54	54	64	64	3425	3425	2398	2398	550	550	1908	1908	97	97	110	110	55	55	62	62	26	26	11	11	173	173	2219	2219	95	95	212	212	484	484	189	189	27	27	6	6	256	256	2185	2185	402	402	341	341	4749	4749	5222	5222	5	5	1	1	4	4	11	11	1	1	69	69	1176	1176	1626	1626	1309	1309	3712	3712	1438	1438	228	228	7476	7476	7362	7362	105	105	64	64	261	261	3257	3257	130	130	109	109	1650	1650	1322	1322	3334	3334	3494	3494	12	12	13	13	93	93	8	8	81	81	72	72	1771	1771	4037	4037	210	210	210	210	469	469	430	430	3215144	3215144	3622014	3622014	4094	4094	9073	9073	325	325	354	354	16335	16335	32103	32103	187	187	44	44	281	281	437	437	184	184	172	172	189376	189376	447250	447250	223	223	152	152	464	464	508	508	4671	4671	7290	7290	56	56	126	126	245	245	255	255
IND00846	2016	2016	860	860	880	880	541	541	5931	5931	22	22	73	73	4	4	16074	16074	323	323	220	220	93	93	53	53	64	64	6847	6847	509	509	388	388	1167	1167	56	56	118	118	3	3	13	13	1	1	30	30	1757	1757	5196	5196	183	183	184	184	792	792	556	556	27	27	19	19	7169	7169	6379	6379	269	269	23	23	5585	5585	3094	3094	4	4	15	15	1	1	5	5	37	37	15	15	1543	1543	111	111	3364	3364	3204	3204	984	984	9	9	252	252	3465	3465	238	238	16	16	692	692	901	901	251	251	117	117	467	467	335	335	3333	3333	1951	1951	2	2	14	14	84	84	4	4	96	96	109	109	3026	3026	1783	1783	3	3	6	6	547	547	422	422	2126886	2126886	3378651	3378651	763	763	13466	13466	165	165	426	426	11014	11014	7459	7459	52	52	17	17	78	78	501	501	193	193	29	29	35328	35328	69896	69896	48	48	240	240	226	226	480	480	11282	11282	29861	29861	96	96	193	193	77	77	322	322
IND00847	1634	1634	1658	1658	817	817	826	826	4757	4757	2460	2460	64	64	32	32	10755	10755	9884	9884	117	117	175	175	25	25	28	28	2844	2844	991	991	1035	1035	991	991	97	97	77	77	94	94	81	81	42	42	27	27	6227	6227	2732	2732	213	213	215	215	250	250	515	515	1	1	12	12	1843	1843	845	845	165	165	270	270	1276	1276	7504	7504	12	12	4	4	14	14	16	16	61	61	25	25	487	487	1593	1593	3637	3637	1653	1653	2014	2014	1966	1966	1377	1377	1314	1314	245	245	153	153	281	281	3188	3188	23	23	60	60	38	38	520	520	809	809	1304	1304	15	15	24	24	68	68	16	16	54	54	78	78	2066	2066	1687	1687	107	107	62	62	236	236	148	148	3070245	3070245	2017286	2017286	8874	8874	9069	9069	54	54	265	265	16616	16616	21041	21041	15	15	25	25	808	808	473	473	197	197	75	75	190574	190574	124913	124913	178	178	195	195	15	15	166	166	31965	31965	11936	11936	203	203	254	254	510	510	289	289
IND00848	536	536	748	748	884	884	274	274	7730	7730	225	225	6	6	115	115	1223	1223	11549	11549	134	134	169	169	59	59	54	54	124	124	4540	4540	1278	1278	1586	1586	47	47	20	20	95	95	124	124	7	7	7	7	1021	1021	2320	2320	126	126	33	33	148	148	834	834	22	22	2	2	4039	4039	3738	3738	180	180	94	94	5388	5388	1119	1119	7	7	8	8	4	4	14	14	80	80	119	119	1607	1607	1483	1483	3379	3379	1226	1226	954	954	1452	1452	2206	2206	5243	5243	155	155	45	45	741	741	3516	3516	118	118	51	51	1825	1825	1939	1939	1594	1594	3087	3087	25	25	22	22	127	127	80	80	30	30	13	13	2860	2860	14	14	134	134	193	193	29	29	190	190	159045	159045	1089906	1089906	5408	5408	12099	12099	495	495	408	408	9641	9641	17488	17488	38	38	54	54	363	363	443	443	118	118	19	19	379261	379261	334766	334766	192	192	209	209	98	98	129	129	21183	21183	24684	24684	70	70	228	228	318	318	245	245
IND00849	1086	1086	1674	1674	592	592	741	741	6236	6236	5103	5103	23	23	83	83	15671	15671	4867	4867	97	97	218	218	41	41	51	51	2277	2277	4623	4623	368	368	305	305	46	46	29	29	14	14	78	78	19	19	24	24	4654	4654	1515	1515	207	207	92	92	797	797	285	285	7	7	27	27	1529	1529	6958	6958	39	39	345	345	5049	5049	5213	5213	8	8	12	12	8	8	14	14	52	52	64	64	218	218	1008	1008	2017	2017	4036	4036	1089	1089	100	100	3749	3749	4736	4736	50	50	204	204	2884	2884	1516	1516	41	41	196	196	224	224	426	426	1423	1423	1630	1630	10	10	14	14	22	22	15	15	96	96	22	22	1218	1218	2819	2819	195	195	27	27	543	543	697	697	904591	904591	833164	833164	5094	5094	9781	9781	54	54	288	288	13384	13384	24317	24317	176	176	134	134	138	138	182	182	251	251	15	15	101673	101673	32231	32231	202	202	83	83	409	409	323	323	8968	8968	25671	25671	236	236	149	149	89	89	322	322
IND00850	1994	1994	775	775	507	507	256	256	6849	6849	2156	2156	115	115	12	12	5322	5322	15880	15880	245	245	193	193	40	40	23	23	993	993	869	869	160	160	877	877	73	73	103	103	62	62	11	11	47	47	49	49	4445	4445	6878	6878	93	93	225	225	810	810	20	20	28	28	25	25	6340	6340	4114	4114	28	28	316	316	1352	1352	5351	5351	2	2	11	11	12	12	12	12	57	57	25	25	653	653	112	112	1403	1403	3207	3207	780	780	692	692	6356	6356	696	696	155	155	143	143	206	206	597	597	77	77	137	137	40	40	609	609	342	342	2807	2807	21	21	13	13	14	14	68	68	106	106	102	102	1877	1877	1708	1708	4	4	156	156	394	394	648	648	1609811	1609811	2680591	2680591	8654	8654	10353	10353	119	119	324	324	30661	30661	16406	16406	144	144	10	10	420	420	157	157	191	191	246	246	165413	165413	64276	64276	33	33	144	144	353	353	477	477	20702	20702	30938	30938	30	30	214	214	164	164	425	425
IND00851	906	906	880	880	914	914	58	58	623	623	1833	1833	115	115	52	52	12845	12845	5421	5421	88	88	110	110	44	44	50	50	2910	2910	2950	2950	215	215	257	257	19	19	48	48	42	42	46	46	59	59	43	43	6788	6788	6913	6913	3	3	152	152	519	519	961	961	7	7	16	16	7167	7167	6639	6639	298	298	324	324	5687	5687	1204	1204	12	12	16	16	12	12	3	3	115	115	89	89	108	108	1366	1366	1818	1818	1634	1634	1738	1738	550	550	7162	7162	5421	5421	80	80	59	59	3807	3807	1633	1633	256	256	71	71	647	647	308	308	574	574	3414	3414	23	23	31	31	29	29	45	45	121	121	29	29	3608	3608	1663	1663	43	43	179	179	700	700	438	438	533430	533430	3635549	3635549	13525	13525	9418	9418	201	201	50	50	16586	16586	23004	23004	55	55	24	24	462	462	877	877	255	255	90	90	516156	516156	205116	205116	213	213	99	99	347	347	478	478	8730	8730	18378	18378	151	151	40	40	234	234	331	331
IND00852	1025	1025	1678	1678	712	712	610	610	2775	2775	1710	1710	86	86	25	25	2657	2657	3284	3284	23	23	157	157	64	64	27	27	2145	2145	664	664	894	894	945	945	1	1	68	68	78	78	24	24	18	18	57	57	3783	3783	7889	7889	154	154	151	151	695	695	613	613	28	28	22	22	8155	8155	4525	4525	402	402	377	377	5042	5042	594	594	8	8	9	9	10	10	10	10	42	42	9	9	223	223	1255	1255	998	998	2087	2087	587	587	1620	1620	6783	6783	4058	4058	109	109	178	178	3623	3623	1600	1600	243	243	253	253	241	241	21	21	1064	1064	2243	2243	22	22	5	5	108	108	113	113	70	70	89	89	2744	2744	3464	3464	107	107	87	87	385	385	582	582	221901	221901	3857840	3857840	14331	14331	1363	1363	467	467	459	459	24963	24963	10523	10523	238	238	213	213	813	813	249	249	193	193	34	34	360779	360779	473320	473320	64	64	224	224	170	170	292	292	17217	17217	16345	16345	69	69	82	82	489	489	173	173
IND00853	1202	1202	1132	1132	314	314	971	971	1180	1180	1084	1084	61	61	22	22	946	946	12171	12171	35	35	82	82	4	4	61	61	4445	4445	1310	1310	1091	1091	232	232	106	106	38	38	109	109	87	87	56	56	46	46	7184	7184	3107	3107	245	245	53	53	658	658	614	614	15	15	19	19	5420	5420	4715	4715	178	178	462	462	5948	5948	4817	4817	5	5	6	6	10	10	12	12	59	59	42	42	1449	1449	1169	1169	1606	1606	1172	1172	936	936	356	356	3281	3281	2480	2480	130	130	99	99	4019	4019	20	20	246	246	61	61	1491	1491	383	383	3628	3628	2420	2420	4	4	14	14	59	59	87	87	73	73	78	78	2082	2082	3009	3009	45	45	13	13	12	12	80	80	1509865	1509865	1782469	1782469	8319	8319	13949	13949	49	49	297	297	26512	26512	21704	21704	91	91	85	85	217	217	710	710	204	204	126	126	79878	79878	48853	48853	71	71	180	180	466	466	308	308	18628	18628	23078	23078	152	152	20	20	81	81	51	51
IND00854	956	956	295	295	19	19	90	90	4019	4019	289	289	110	110	59	59	10983	10983	3173	3173	7	7	209	209	45	45	47	47	271	271	8134	8134	1777	1777	582	582	51	51	64	64	125	125	10	10	44	44	27	27	6488	6488	4023	4023	44	44	35	35	196	196	551	551	2	2	19	19	6113	6113	7628	7628	277	277	200	200	2523	2523	698	698	3	3	14	14	2	2	15	15	99	99	55	55	9	9	162	162	2787	2787	3832	3832	1980	1980	725	725	5182	5182	5422	5422	242	242	236	236	1480	1480	3256	3256	87	87	131	131	944	944	560	560	737	737	3458	3458	31	31	3	3	93	93	28	28	102	102	29	29	2	2	2630	2630	88	88	147	147	507	507	50	50	3069593	3069593	3216094	3216094	10782	10782	1092	1092	402	402	17	17	10204	10204	27422	27422	102	102	34	34	636	636	428	428	23	23	170	170	196970	196970	481631	481631	106	106	87	87	421	421	334	334	20406	20406	16333	16333	97	97	49	49	366	366	398	398
IND00855	159	159	1489	1489	321	321	927	927	6697	6697	4858	4858	121	121	89	89	7952	7952	1478	1478	176	176	190	190	32	32	35	35	2286	2286	3145	3145	1044	1044	1903	1903	54	54	72	72	7	7	61	61	24	24	61	61	914	914	123	123	189	189	56	56	1012	1012	911	911	24	24	31	31	189	189	331	331	239	239	226	226	6794	6794	2915	2915	13	13	14	14	10	10	9	9	120	120	52	52	1274	1274	57	57	3931	3931	661	661	116	116	1424	1424	6834	6834	2668	2668	256	256	90	90	3912	3912	3286	3286	182	182	77	77	94	94	760	760	3383	3383	515	515	28	28	13	13	47	47	119	119	19	19	54	54	2697	2697	421	421	143	143	124	124	620	620	977	977	747249	747249	3623359	3623359	6216	6216	4209	4209	180	180	129	129	25430	25430	26824	26824	154	154	30	30	890	890	416	416	55	55	27	27	289637	289637	34814	34814	149	149	118	118	94	94	169	169	18700	18700	31923	31923	12	12	225	225	413	413	95	95
IND00856	152	152	721	721	203	203	926	926	7972	7972	6411	6411	69	69	126	126	14813	14813	2049	2049	51	51	58	58	8	8	25	25	3259	3259	5475	5475	1438	1438	1028	1028	7	7	21	21	127	127	128	128	23	23	24	24	5156	5156	812	812	195	195	147	147	41	41	50	50	26	26	26	26	5209	5209	106	106	187	187	176	176	1795	1795	4381	4381	3	3	7	7	9	9	15	15	106	106	110	110	1854	1854	1550	1550	101	101	3223	3223	427	427	1101	1101	5395	5395	2451	2451	206	206	189	189	3536	3536	3672	3672	62	62	143	143	824	824	965	965	885	885	2299	2299	23	23	26	26	120	120	75	75	78	78	112	112	2587	2587	573	573	95	95	67	67	999	999	847	847	3739726	3739726	3237667	3237667	11133	11133	14908	14908	116	116	239	239	8535	8535	10510	10510	117	117	243	243	548	548	239	239	50	50	52	52	63081	63081	52563	52563	62	62	126	126	245	245	327	327	20519	20519	24971	24971	57	57	196	196	413	413	3	3
IND00857	1160	1160	899	899	29	29	966	966	6657	6657	4332	4332	62	62	78	78	6086	6086	13189	13189	77	77	39	39	16	16	15	15	1174	1174	3339	3339	725	725	164	164	28	28	25	25	119	119	38	38	33	33	45	45	30	30	4288	4288	195	195	53	53	375	375	799	799	32	32	18	18	5136	5136	2772	2772	321	321	10	10	6388	6388	4917	4917	15	15	14	14	3	3	2	2	69	69	86	86	1956	1956	942	942	4013	4013	2603	2603	879	879	332	332	2742	2742	6885	6885	53	53	99	99	3805	3805	115	115	199	199	16	16	178	178	393	393	1704	1704	993	993	8	8	20	20	24	24	122	122	91	91	22	22	1789	1789	943	943	247	247	114	114	170	170	649	649	1867962	1867962	2953281	2953281	9693	9693	13444	13444	51	51	425	425	15160	15160	19427	19427	67	67	11	11	418	418	69	69	115	115	169	169	107527	107527	250361	250361	146	146	66	66	25	25	424	424	13720	13720	8784	8784	241	241	29	29	222	222	128	128
IND00858	1284	1284	1984	1984	782	782	226	226	3995	3995	4843	4843	11	11	125	125	8446	8446	6653	6653	230	230	103	103	33	33	28	28	2280	2280	2692	2692	345	345	684	684	85	85	76	76	1	1	30	30	52	52	34	34	7234	7234	32	32	130	130	229	229	484	484	957	957	24	24	21	21	6883	6883	3170	3170	254	254	440	440	4062	4062	4538	4538	15	15	1	1	7	7	4	4	61	61	82	82	117	117	414	414	3752	3752	1056	1056	321	321	1224	1224	339	339	7858	7858	173	173	237	237	990	990	3068	3068	177	177	80	80	1445	1445	601	601	2384	2384	2274	2274	27	27	8	8	124	124	56	56	36	36	14	14	3006	3006	2575	2575	12	12	86	86	902	902	575	575	1721754	1721754	2291011	2291011	15625	15625	14596	14596	12	12	488	488	31868	31868	3733	3733	106	106	194	194	496	496	718	718	136	136	40	40	175664	175664	466238	466238	68	68	47	47	121	121	474	474	10698	10698	26131	26131	145	145	19	19	22	22	175	175
IND00859	703	703	92	92	75	75	725	725	5991	5991	4010	4010	112	112	75	75	7070	7070	13986	13986	243	243	65	65	26	26	10	10	663	663	6271	6271	881	881	88	88	44	44	107	107	101	101	95	95	18	18	64	64	4473	4473	523	523	151	151	121	121	454	454	142	142	8	8	5	5	3377	3377	6398	6398	301	301	401	401	3687	3687	7455	7455	6	6	4	4	2	2	2	2	127	127	103	103	513	513	520	520	2717	2717	2435	2435	1142	1142	633	633	7752	7752	3896	3896	84	84	212	212	1587	1587	911	911	78	78	19	19	1987	1987	1449	1449	920	920	2379	2379	2	2	10	10	102	102	56	56	35	35	96	96	3425	3425	632	632	182	182	62	62	8	8	750	750	1425720	1425720	25251	25251	12709	12709	15230	15230	42	42	182	182	14536	14536	22178	22178	104	104	70	70	647	647	342	342	207	207	184	184	408769	408769	229243	229243	247	247	184	184	89	89	474	474	32647	32647	5593	5593	121	121	239	239	453	453	34	34
IND00860	702	702	696	696	786	786	617	617	5284	5284	5696	5696	94	94	35	35	2005	2005	11794	11794	193	193	118	118	56	56	27	27	619	619	6018	6018	1757	1757	610	610	107	107	8	8	80	80	23	23	46	46	8	8	5053	5053	4218	4218	94	94	76	76	249	249	602	602	24	24	4	4	540	540	3293	3293	320	320	281	281	1652	1652	3994	3994	4	4	14	14	1	1	12	12	92	92	103	103	809	809	1692	1692	3351	3351	3915	3915	375	375	607	607	1366	1366	2029	2029	235	235	196	196	3631	3631	3375	3375	212	212	159	159	382	382	842	842	581	581	3884	3884	7	7	10	10	29	29	17	17	80	80	47	47	1681	1681	1047	1047	85	85	1	1	241	241	422	422	1016083	1016083	1943097	1943097	13069	13069	1982	1982	295	295	323	323	30562	30562	13468	13468	202	202	69	69	136	136	545	545	214	214	248	248	170333	170333	446500	446500	2	2	230	230	347	347	488	488	31169	31169	32012	32012	171	171	136	136	152	152	413	413
IND00861	1910	1910	252	252	613	613	173	173	3097	3097	1463	1463	3	3	123	123	1177	1177	13507	13507	136	136	50	50	2	2	53	53	667	667	7174	7174	222	222	1330	1330	39	39	125	125	19	19	114	114	13	13	35	35	7550	7550	354	354	77	77	95	95	716	716	616	616	32	32	1	1	6858	6858	1560	1560	30	30	430	430	4193	4193	437	437	13	13	9	9	13	13	10	10	51	51	55	55	51	51	982	982	3701	3701	1766	1766	631	631	109	109	5843	5843	5544	5544	151	151	35	35	2674	2674	482	482	188	188	154	154	1380	1380	1358	1358	2375	2375	3683	3683	32	32	1	1	99	99	23	23	15	15	95	95	1011	1011	1168	1168	81	81	98	98	144	144	377	377	1960594	1960594	3411132	3411132	1743	1743	4681	4681	317	317	512	512	13101	13101	13582	13582	53	53	180	180	895	895	880	880	222	222	52	52	260141	260141	241794	241794	185	185	120	120	382	382	34	34	30460	30460	12299	12299	44	44	55	55	73	73	248	248
IND00862	1703	1703	1963	1963	26	26	677	677	1357	1357	3423	3423	63	63	46	46	15605	15605	7366	7366	65	65	43	43	40	40	4	4	4413	4413	4744	4744	603	603	1457	1457	42	42	68	68	76	76	87	87	27	27	24	24	590	590	6757	6757	140	140	8	8	893	893	787	787	4	4	26	26	2232	2232	6091	6091	278	278	464	464	3562	3562	3858	3858	1	1	12	12	10	10	8	8	12	12	91	91	1251	1251	604	604	170	170	1811	1811	1801	1801	830	830	3110	3110	2049	2049	52	52	183	183	2808	2808	2526	2526	83	83	211	211	277	277	328	328	1081	1081	701	701	30	30	6	6	67	67	69	69	38	38	75	75	3410	3410	1800	1800	197	197	59	59	336	336	35	35	2704753	2704753	646719	646719	218	218	13288	13288	411	411	264	264	7574	7574	29563	29563	27	27	23	23	763	763	760	760	129	129	224	224	333413	333413	518594	518594	95	95	197	197	194	194	339	339	12904	12904	7814	7814	27	27	15	15	76	76	91	91
IND00863	33	33	338	338	146	146	741	741	2307	2307	6215	6215	71	71	70	70	3400	3400	6996	6996	54	54	124	124	51	51	47	47	1793	1793	3898	3898	1280	1280	1606	1606	65	65	128	128	56	56	95	95	34	34	25	25	816	816	5633	5633	74	74	83	83	975	975	261	261	14	14	27	27	1301	1301	2516	2516	31	31	426	426	6782	6782	3646	3646	14	14	12	12	15	15	5	5	123	123	17	17	324	324	257	257	250	250	2324	2324	1927	1927	892	892	6388	6388	5755	5755	186	186	100	100	3190	3190	276	276	171	171	42	42	1709	1709	227	227	102	102	2177	2177	19	19	32	32	11	11	22	22	7	7	15	15	3087	3087	3290	3290	130	130	80	80	432	432	353	353	4037955	4037955	2764239	2764239	6518	6518	8123	8123	270	270	65	65	29341	29341	10232	10232	67	67	33	33	845	845	700	700	13	13	34	34	188835	188835	165162	165162	253	253	169	169	112	112	25	25	13357	13357	5103	5103	140	140	237	237	414	414	480	480
IND00864	1156	1156	1081	1081	713	713	771	771	7661	7661	7166	7166	21	21	73	73	12744	12744	8795	8795	174	174	123	123	61	61	50	50	6607	6607	7265	7265	1656	1656	1076	1076	31	31	52	52	103	103	8	8	19	19	12	12	5870	5870	3326	3326	91	91	61	61	474	474	767	767	5	5	15	15	4311	4311	5014	5014	445	445	345	345	5114	5114	4611	4611	2	2	12	12	5	5	2	2	96	96	4	4	867	867	376	376	2009	2009	3376	3376	391	391	379	379	2297	2297	4566	4566	142	142	115	115	207	207	310	310	132	132	64	64	1320	1320	1896	1896	1459	1459	2125	2125	11	11	31	31	97	97	57	57	125	125	73	73	3319	3319	3184	3184	226	226	222	222	286	286	249	249	1614038	1614038	2095306	2095306	12353	12353	10371	10371	341	341	82	82	6991	6991	25137	25137	53	53	101	101	336	336	655	655	119	119	174	174	87835	87835	252153	252153	19	19	124	124	258	258	56	56	16910	16910	18449	18449	182	182	146	146	224	224	341	341
IND00865	419	419	1845	1845	742	742	888	888	5160	5160	1981	1981	107	107	108	108	16275	16275	3083	3083	254	254	73	73	41	41	60	60	4802	4802	3640	3640	1804	1804	69	69	110	110	7	7	103	103	98	98	3	3	37	37	1432	1432	146	146	34	34	77	77	215	215	602	602	30	30	31	31	5406	5406	4491	4491	239	239	368	368	1420	1420	6484	6484	3	3	11	11	6	6	15	15	113	113	125	125	457	457	1325	1325	156	156	3491	3491	1433	1433	1965	1965	7698	7698	3133	3133	231	231	7	7	1555	1555	2808	2808	73	73	48	48	1929	1929	1759	1759	1764	1764	1336	1336	21	21	11	11	76	76	86	86	93	93	11	11	3640	3640	2897	2897	17	17	164	164	168	168	332	332	2452287	2452287	1622920	1622920	11297	11297	5019	5019	147	147	215	215	1164	1164	2264	2264	136	136	51	51	120	120	433	433	222	222	173	173	305423	305423	508091	508091	22	22	62	62	289	289	147	147	4798	4798	29940	29940	249	249	80	80	93	93	271	271
IND00866	1906	1906	1269	1269	549	549	503	503	6508	6508	6915	6915	21	21	2	2	14699	14699	11770	11770	243	243	183	183	16	16	18	18	6251	6251	4788	4788	341	341	1050	1050	86	86	88	88	113	113	45	45	19	19	48	48	2935	2935	4576	4576	58	58	240	240	735	735	705	705	21	21	13	13	2400	2400	939	939	481	481	509	509	6990	6990	4912	4912	1	1	9	9	8	8	9	9	74	74	34	34	1210	1210	1489	1489	1447	1447	507	507	697	697	1020	1020	7821	7821	6631	6631	21	21	33	33	1202	1202	934	934	48	48	80	80	1636	1636	565	565	2327	2327	2647	2647	30	30	15	15	52	52	48	48	119	119	43	43	3367	3367	554	554	63	63	69	69	245	245	607	607	3349617	3349617	114481	114481	8458	8458	12344	12344	379	379	509	509	23013	23013	9821	9821	199	199	65	65	507	507	132	132	76	76	193	193	382332	382332	206057	206057	256	256	135	135	268	268	218	218	798	798	5320	5320	61	61	54	54	163	163	29	29
IND00867	1273	1273	803	803	1009	1009	422	422	6635	6635	1911	1911	121	121	6	6	13009	13009	29	29	220	220	191	191	62	62	44	44	5836	5836	7539	7539	131	131	113	113	74	74	7	7	42	42	100	100	59	59	33	33	4778	4778	1822	1822	57	57	8	8	139	139	894	894	14	14	27	27	6507	6507	2373	2373	254	254	55	55	3961	3961	5018	5018	4	4	13	13	7	7	14	14	49	49	44	44	1841	1841	617	617	1742	1742	806	806	513	513	905	905	352	352	6580	6580	227	227	131	131	2522	2522	1989	1989	113	113	81	81	1754	1754	967	967	3920	3920	3605	3605	7	7	21	21	89	89	17	17	8	8	120	120	983	983	3433	3433	214	214	252	252	628	628	291	291	3109411	3109411	4142155	4142155	2144	2144	15139	15139	333	333	294	294	3738	3738	29314	29314	118	118	175	175	504	504	546	546	39	39	221	221	341050	341050	105934	105934	141	141	82	82	47	47	409	409	28279	28279	23757	23757	175	175	29	29	135	135	427	427
IND00868	1006	1006	1043	1043	413	413	636	636	3351	3351	3500	3500	61	61	75	75	3358	3358	6077	6077	87	87	198	198	39	39	25	25	3036	3036	3170	3170	852	852	67	67	76	76	50	50	45	45	109	109	36	36	12	12	6762	6762	7754	7754	45	45	199	199	184	184	834	834	25	25	28	28	7742	7742	6762	6762	197	197	355	355	6840	6840	6767	6767	10	10	7	7	12	12	7	7	98	98	31	31	622	622	994	994	191	191	3839	3839	38	38	993	993	7368	7368	4333	4333	177	177	178	178	2060	2060	2750	2750	124	124	16	16	1359	1359	352	352	2224	2224	80	80	26	26	8	8	86	86	115	115	70	70	37	37	1781	1781	1661	1661	143	143	1	1	302	302	691	691	2706441	2706441	2900708	2900708	1024	1024	546	546	457	457	169	169	11786	11786	3295	3295	45	45	140	140	731	731	671	671	42	42	22	22	519130	519130	304370	304370	251	251	241	241	458	458	58	58	21609	21609	7142	7142	24	24	56	56	318	318	419	419
IND00869	926	926	970	970	499	499	742	742	3968	3968	4011	4011	61	61	83	83	5829	5829	10585	10585	157	157	146	146	54	54	43	43	2392	2392	2191	2191	1232	1232	1774	1774	35	35	32	32	29	29	50	50	64	64	11	11	6075	6075	5038	5038	139	139	140	140	140	140	729	729	20	20	30	30	1979	1979	501	501	55	55	508	508	1022	1022	1632	1632	11	11	1	1	1	1	6	6	2	2	20	20	1051	1051	35	35	481	481	883	883	1420	1420	1406	1406	7938	7938	1399	1399	122	122	213	213	381	381	3944	3944	218	218	254	254	291	291	983	983	3881	3881	2698	2698	6	6	8	8	84	84	115	115	97	97	77	77	3029	3029	3685	3685	139	139	143	143	890	890	839	839	1835540	1835540	468526	468526	12094	12094	3918	3918	5	5	374	374	18614	18614	577	577	106	106	247	247	25	25	503	503	61	61	36	36	133110	133110	158295	158295	51	51	24	24	357	357	473	473	9862	9862	14321	14321	100	100	127	127	135	135	189	189
IND00870	1980	1980	689	689	992	992	632	632	19	19	1654	1654	112	112	53	53	1533	1533	7480	7480	204	204	125	125	7	7	36	36	7763	7763	3430	3430	1637	1637	253	253	26	26	72	72	18	18	7	7	15	15	33	33	1369	1369	5347	5347	160	160	53	53	158	158	158	158	15	15	28	28	5142	5142	3084	3084	293	293	401	401	442	442	6188	6188	5	5	7	7	1	1	9	9	86	86	78	78	410	410	1472	1472	622	622	2101	2101	529	529	520	520	4611	4611	904	904	237	237	79	79	2818	2818	1159	1159	131	131	66	66	1303	1303	1413	1413	958	958	3848	3848	23	23	12	12	55	55	60	60	117	117	90	90	850	850	3843	3843	63	63	55	55	881	881	878	878	1529042	1529042	2251328	2251328	1662	1662	3646	3646	157	157	305	305	29876	29876	22154	22154	146	146	209	209	743	743	503	503	111	111	123	123	475435	475435	403203	403203	112	112	245	245	188	188	478	478	3682	3682	604	604	84	84	175	175	511	511	36	36
IND00871	1476	1476	1858	1858	528	528	408	408	8059	8059	2171	2171	32	32	110	110	6680	6680	14519	14519	58	58	31	31	18	18	47	47	4264	4264	6503	6503	212	212	5	5	33	33	52	52	90	90	74	74	27	27	61	61	7326	7326	2569	2569	165	165	221	221	1009	1009	373	373	26	26	9	9	2004	2004	3549	3549	401	401	92	92	1217	1217	1788	1788	13	13	2	2	4	4	12	12	82	82	98	98	1742	1742	1972	1972	2032	2032	2255	2255	1396	1396	1543	1543	4042	4042	4057	4057	12	12	112	112	2186	2186	3108	3108	12	12	233	233	310	310	905	905	457	457	880	880	26	26	17	17	81	81	88	88	23	23	65	65	1837	1837	3335	3335	32	32	209	209	618	618	4	4	726545	726545	633038	633038	10603	10603	8533	8533	2	2	372	372	9962	9962	10350	10350	238	238	189	189	920	920	11	11	45	45	146	146	498376	498376	272350	272350	34	34	253	253	75	75	487	487	15241	15241	14373	14373	38	38	17	17	43	43	344	344
IND00872	87	87	1685	1685	621	621	836	836	6163	6163	4490	4490	111	111	5	5	3381	3381	527	527	103	103	205	205	16	16	59	59	1176	1176	6011	6011	487	487	1239	1239	14	14	110	110	33	33	101	101	38	38	33	33	938	938	4124	4124	4	4	39	39	114	114	848	848	4	4	32	32	5160	5160	2595	2595	12	12	481	481	3925	3925	2632	2632	9	9	5	5	3	3	4	4	77	77	122	122	703	703	189	189	496	496	3377	3377	849	849	1596	1596	4535	4535	5326	5326	27	27	173	173	1882	1882	181	181	168	168	82	82	849	849	1972	1972	3301	3301	2868	2868	18	18	17	17	118	118	21	21	109	109	86	86	2225	2225	2002	2002	194	194	227	227	700	700	71	71	3808374	3808374	2110849	2110849	4242	4242	6828	6828	97	97	499	499	3913	3913	9005	9005	208	208	150	150	117	117	197	197	67	67	208	208	431429	431429	511430	511430	125	125	137	137	157	157	377	377	2369	2369	29098	29098	79	79	59	59	502	502	461	461
IND00873	55	55	243	243	710	710	516	516	493	493	7843	7843	32	32	18	18	13812	13812	2784	2784	244	244	42	42	8	8	44	44	7060	7060	771	771	618	618	1061	1061	118	118	67	67	85	85	10	10	32	32	15	15	40	40	5622	5622	222	222	177	177	738	738	58	58	28	28	1	1	5206	5206	7232	7232	495	495	164	164	2113	2113	1792	1792	15	15	12	12	10	10	8	8	69	69	115	115	551	551	1833	1833	521	521	3478	3478	1202	1202	29	29	1094	1094	6940	6940	215	215	160	160	1489	1489	1322	1322	173	173	14	14	1598	1598	238	238	3079	3079	1048	1048	15	15	24	24	60	60	121	121	104	104	71	71	1368	1368	951	951	31	31	131	131	377	377	809	809	3539515	3539515	2177836	2177836	8904	8904	5123	5123	491	491	45	45	9220	9220	30187	30187	26	26	170	170	565	565	910	910	173	173	144	144	24642	24642	306331	306331	40	40	100	100	478	478	218	218	14061	14061	22411	22411	219	219	72	72	395	395	245	245
IND00874	1962	1962	1159	1159	32	32	521	521	788	788	6256	6256	85	85	58	58	2688	2688	1040	1040	162	162	26	26	18	18	44	44	2378	2378	5296	5296	1716	1716	1819	1819	110	110	87	87	123	123	111	111	19	19	61	61	1138	1138	7588	7588	242	242	245	245	468	468	324	324	10	10	21	21	6734	6734	6406	6406	131	131	53	53	6443	6443	4421	4421	7	7	8	8	6	6	1	1	125	125	109	109	33	33	617	617	2874	2874	1967	1967	510	510	623	623	8069	8069	4382	4382	153	153	53	53	95	95	1383	1383	134	134	246	246	849	849	1776	1776	2686	2686	2336	2336	9	9	29	29	72	72	50	50	98	98	112	112	1427	1427	2352	2352	5	5	156	156	67	67	176	176	3255298	3255298	498183	498183	9470	9470	10775	10775	168	168	193	193	1220	1220	29666	29666	255	255	214	214	813	813	961	961	231	231	60	60	11019	11019	192049	192049	52	52	227	227	186	186	429	429	29775	29775	21057	21057	49	49	88	88	479	479	123	123
IND00875	1232	1232	1853	1853	884	884	499	499	3872	3872	2125	2125	10	10	119	119	4700	4700	9811	9811	183	183	218	218	52	52	42	42	5094	5094	7031	7031	938	938	1984	1984	32	32	83	83	37	37	58	58	33	33	12	12	1126	1126	5303	5303	22	22	149	149	642	642	703	703	20	20	24	24	4159	4159	610	610	196	196	457	457	5766	5766	8178	8178	4	4	2	2	13	13	8	8	128	128	121	121	253	253	1404	1404	2065	2065	522	522	1168	1168	788	788	2317	2317	446	446	126	126	238	238	3969	3969	486	486	3	3	35	35	1077	1077	855	855	1530	1530	1243	1243	26	26	15	15	85	85	9	9	124	124	106	106	2987	2987	766	766	95	95	111	111	80	80	152	152	2644173	2644173	2796826	2796826	4185	4185	14432	14432	297	297	65	65	2668	2668	19776	19776	197	197	33	33	31	31	612	612	48	48	65	65	33215	33215	303097	303097	180	180	165	165	417	417	319	319	24277	24277	16261	16261	228	228	194	194	459	459	451	451
IND00876	721	721	164	164	724	724	14	14	7855	7855	5205	5205	96	96	78	78	4951	4951	1760	1760	248	248	197	197	59	59	9	9	6025	6025	3199	3199	846	846	269	269	101	101	113	113	123	123	34	34	43	43	2	2	1624	1624	4505	4505	174	174	121	121	406	406	428	428	20	20	7	7	1620	1620	1967	1967	20	20	190	190	7787	7787	3386	3386	10	10	12	12	6	6	2	2	116	116	18	18	621	621	1918	1918	3781	3781	1647	1647	257	257	133	133	7799	7799	4278	4278	95	95	42	42	1087	1087	3852	3852	50	50	186	186	297	297	1185	1185	1785	1785	964	964	11	11	1	1	71	71	65	65	93	93	77	77	457	457	2683	2683	198	198	138	138	1022	1022	893	893	3983350	3983350	789246	789246	2962	2962	6168	6168	439	439	474	474	24626	24626	20887	20887	181	181	141	141	80	80	803	803	179	179	194	194	50545	50545	202404	202404	206	206	219	219	488	488	445	445	28116	28116	25419	25419	173	173	189	189	211	211	28	28
IND00877	1665	1665	1302	1302	42	42	618	618	4308	4308	6327	6327	13	13	62	62	98	98	1755	1755	19	19	188	188	49	49	26	26	5001	5001	370	370	1824	1824	136	136	10	10	29	29	15	15	45	45	62	62	9	9	7532	7532	6863	6863	124	124	131	131	700	700	184	184	30	30	6	6	7879	7879	4380	4380	47	47	206	206	6356	6356	3513	3513	10	10	8	8	14	14	14	14	14	14	73	73	1612	1612	1378	1378	3501	3501	4066	4066	1311	1311	832	832	2896	2896	4499	4499	21	21	253	253	2018	2018	219	219	130	130	149	149	1548	1548	616	616	2723	2723	749	749	25	25	17	17	128	128	117	117	36	36	78	78	611	611	689	689	107	107	87	87	437	437	597	597	1736801	1736801	1537402	1537402	15637	15637	7613	7613	144	144	208	208	21845	21845	12024	12024	32	32	88	88	351	351	288	288	34	34	36	36	257747	257747	42367	42367	227	227	210	210	75	75	82	82	22277	22277	11411	11411	149	149	213	213	48	48	61	61
IND00878	1890	1890	1022	1022	661	661	722	722	1322	1322	1537	1537	83	83	21	21	14828	14828	13752	13752	44	44	101	101	50	50	5	5	3917	3917	4188	4188	15	15	1400	1400	114	114	79	79	64	64	109	109	11	11	48	48	5758	5758	40	40	94	94	7	7	709	709	200	200	1	1	32	32	6457	6457	6528	6528	236	236	88	88	6636	6636	3084	3084	15	15	6	6	4	4	11	11	55	55	98	98	1097	1097	33	33	3198	3198	1740	1740	1744	1744	364	364	5557	5557	2865	2865	116	116	235	235	3326	3326	3955	3955	27	27	251	251	1692	1692	1363	1363	3745	3745	186	186	9	9	5	5	58	58	66	66	19	19	60	60	2714	2714	1035	1035	33	33	233	233	177	177	35	35	952152	952152	3684970	3684970	5052	5052	14717	14717	319	319	78	78	22166	22166	27178	27178	165	165	36	36	642	642	388	388	190	190	21	21	333934	333934	370619	370619	12	12	136	136	360	360	307	307	20314	20314	31920	31920	39	39	82	82	125	125	489	489
IND00879	1732	1732	213	213	992	992	364	364	2741	2741	282	282	87	87	117	117	5509	5509	6618	6618	211	211	43	43	35	35	23	23	1224	1224	573	573	1169	1169	975	975	20	20	82	82	71	71	100	100	9	9	58	58	6972	6972	7279	7279	124	124	142	142	704	704	371	371	12	12	25	25	2495	2495	6152	6152	233	233	243	243	7206	7206	2380	2380	13	13	9	9	4	4	4	4	68	68	95	95	1700	1700	1319	1319	4018	4018	3687	3687	1974	1974	1701	1701	7021	7021	1340	1340	155	155	72	72	1449	1449	3550	3550	10	10	69	69	587	587	1361	1361	531	531	342	342	14	14	11	11	60	60	95	95	14	14	119	119	1646	1646	3720	3720	64	64	180	180	254	254	39	39	3698268	3698268	16555	16555	6866	6866	8334	8334	15	15	312	312	26195	26195	11109	11109	53	53	132	132	844	844	414	414	198	198	119	119	252453	252453	104182	104182	125	125	109	109	6	6	318	318	21711	21711	4195	4195	68	68	210	210	488	488	435	435
IND00880	1855	1855	252	252	528	528	910	910	8088	8088	7486	7486	120	120	60	60	333	333	5772	5772	218	218	139	139	22	22	63	63	2532	2532	108	108	1097	1097	1359	1359	55	55	110	110	47	47	46	46	2	2	4	4	4353	4353	4119	4119	41	41	116	116	810	810	564	564	4	4	30	30	7551	7551	7383	7383	240	240	328	328	6035	6035	7022	7022	10	10	7	7	10	10	4	4	74	74	102	102	811	811	1764	1764	1113	1113	298	298	2008	2008	912	912	1170	1170	935	935	135	135	97	97	3894	3894	3292	3292	14	14	256	256	457	457	1912	1912	1560	1560	3673	3673	21	21	24	24	44	44	35	35	59	59	54	54	374	374	3855	3855	223	223	95	95	312	312	732	732	512326	512326	697621	697621	7377	7377	12627	12627	181	181	334	334	13201	13201	11418	11418	160	160	166	166	1022	1022	249	249	215	215	27	27	485346	485346	295923	295923	217	217	133	133	236	236	234	234	32563	32563	2027	2027	256	256	71	71	145	145	210	210
IND00881	1728	1728	257	257	399	399	824	824	5666	5666	5536	5536	29	29	116	116	15547	15547	15978	15978	192	192	111	111	24	24	1	1	5699	5699	8137	8137	544	544	1436	1436	83	83	121	121	116	116	113	113	36	36	34	34	3019	3019	13	13	111	111	220	220	743	743	168	168	29	29	7	7	4014	4014	6324	6324	97	97	449	449	4210	4210	7233	7233	3	3	9	9	4	4	13	13	49	49	49	49	1006	1006	1464	1464	3660	3660	1735	1735	863	863	1668	1668	5985	5985	763	763	221	221	52	52	3584	3584	860	860	162	162	60	60	1579	1579	2	2	93	93	2463	2463	3	3	17	17	19	19	56	56	33	33	25	25	3771	3771	2343	2343	99	99	156	156	47	47	146	146	1214555	1214555	441684	441684	12901	12901	5374	5374	460	460	119	119	8315	8315	21100	21100	48	48	109	109	212	212	1004	1004	109	109	80	80	298713	298713	166609	166609	163	163	50	50	131	131	73	73	30654	30654	12276	12276	245	245	97	97	194	194	442	442
IND00882	1046	1046	934	934	290	290	15	15	1326	1326	3816	3816	78	78	105	105	11983	11983	1121	1121	130	130	92	92	63	63	20	20	6250	6250	1366	1366	1643	1643	712	712	109	109	51	51	87	87	78	78	62	62	60	60	5122	5122	4634	4634	84	84	17	17	155	155	284	284	17	17	19	19	6576	6576	68	68	508	508	69	69	4193	4193	4269	4269	5	5	4	4	6	6	3	3	114	114	29	29	291	291	265	265	1299	1299	3847	3847	977	977	445	445	2652	2652	7473	7473	158	158	113	113	2756	2756	3236	3236	176	176	239	239	1689	1689	1257	1257	2266	2266	1446	1446	18	18	4	4	68	68	15	15	49	49	42	42	3767	3767	3931	3931	9	9	164	164	260	260	885	885	478619	478619	895405	895405	398	398	2235	2235	78	78	163	163	17938	17938	23377	23377	135	135	240	240	936	936	639	639	62	62	13	13	8632	8632	25353	25353	151	151	67	67	140	140	47	47	4504	4504	16753	16753	20	20	202	202	357	357	489	489
IND00883	839	839	734	734	432	432	1005	1005	7203	7203	4220	4220	36	36	121	121	7740	7740	8877	8877	60	60	196	196	13	13	37	37	2176	2176	5034	5034	861	861	832	832	75	75	28	28	66	66	43	43	61	61	35	35	7301	7301	3640	3640	238	238	185	185	841	841	402	402	27	27	14	14	1857	1857	5513	5513	403	403	257	257	5489	5489	3187	3187	14	14	7	7	12	12	8	8	120	120	25	25	1398	1398	1821	1821	487	487	2120	2120	1668	1668	435	435	5878	5878	6476	6476	204	204	113	113	3643	3643	2699	2699	69	69	203	203	700	700	1606	1606	1215	1215	1668	1668	28	28	32	32	122	122	109	109	81	81	29	29	2668	2668	3326	3326	125	125	84	84	85	85	367	367	3230385	3230385	469890	469890	11922	11922	10474	10474	468	468	9	9	28855	28855	24360	24360	97	97	133	133	357	357	119	119	110	110	214	214	21754	21754	174664	174664	32	32	180	180	342	342	435	435	16298	16298	29874	29874	27	27	135	135	425	425	329	329
IND00884	338	338	853	853	545	545	601	601	382	382	167	167	3	3	12	12	202	202	5375	5375	55	55	222	222	57	57	51	51	5661	5661	5777	5777	847	847	264	264	22	22	17	17	80	80	111	111	33	33	41	41	6275	6275	3280	3280	67	67	78	78	414	414	921	921	26	26	28	28	1485	1485	2067	2067	161	161	489	489	3588	3588	5788	5788	9	9	7	7	12	12	10	10	44	44	54	54	1363	1363	397	397	2088	2088	3265	3265	583	583	331	331	1956	1956	3320	3320	9	9	233	233	3000	3000	2940	2940	70	70	139	139	537	537	1266	1266	199	199	2066	2066	25	25	7	7	34	34	80	80	81	81	83	83	1771	1771	2203	2203	99	99	122	122	547	547	156	156	566353	566353	1217101	1217101	8024	8024	5276	5276	348	348	506	506	49	49	8226	8226	10	10	200	200	685	685	961	961	70	70	45	45	288868	288868	69226	69226	192	192	48	48	283	283	485	485	25527	25527	23760	23760	100	100	71	71	429	429	134	134
IND00885	1105	1105	747	747	274	274	652	652	7903	7903	3664	3664	127	127	127	127	9295	9295	2518	2518	75	75	71	71	47	47	35	35	1350	1350	5517	5517	813	813	2009	2009	82	82	121	121	106	106	79	79	57	57	34	34	6405	6405	6205	6205	195	195	215	215	621	621	67	67	22	22	25	25	4711	4711	6341	6341	244	244	161	161	1794	1794	2595	2595	7	7	9	9	3	3	3	3	48	48	79	79	2014	2014	1048	1048	3089	3089	1598	1598	2025	2025	1914	1914	6681	6681	6313	6313	38	38	31	31	2965	2965	922	922	130	130	111	111	402	402	1529	1529	1378	1378	860	860	7	7	24	24	127	127	58	58	49	49	112	112	2537	2537	1490	1490	139	139	107	107	742	742	172	172	2749501	2749501	185223	185223	9823	9823	8440	8440	310	310	511	511	6737	6737	16933	16933	25	25	74	74	142	142	762	762	83	83	229	229	140317	140317	258287	258287	13	13	227	227	3	3	511	511	24014	24014	25751	25751	252	252	95	95	48	48	345	345
IND00886	1374	1374	339	339	565	565	918	918	680	680	6002	6002	119	119	25	25	10510	10510	1816	1816	45	45	138	138	20	20	28	28	378	378	8109	8109	1574	1574	1381	1381	55	55	94	94	58	58	67	67	39	39	18	18	6047	6047	1059	1059	100	100	199	199	129	129	471	471	20	20	14	14	5532	5532	6982	6982	289	289	351	351	2320	2320	4284	4284	11	11	13	13	7	7	7	7	108	108	114	114	1871	1871	1278	1278	1968	1968	1761	1761	583	583	22	22	2925	2925	4158	4158	198	198	172	172	338	338	3127	3127	76	76	122	122	1955	1955	2012	2012	3681	3681	2397	2397	28	28	2	2	24	24	35	35	47	47	14	14	1694	1694	1752	1752	160	160	234	234	656	656	281	281	1492602	1492602	1481739	1481739	13326	13326	4742	4742	202	202	64	64	27078	27078	24119	24119	10	10	82	82	509	509	802	802	13	13	74	74	349286	349286	256716	256716	4	4	196	196	376	376	355	355	8934	8934	13315	13315	88	88	226	226	500	500	137	137
IND00887	791	791	1216	1216	280	280	613	613	2308	2308	2976	2976	32	32	116	116	9064	9064	6305	6305	49	49	14	14	15	15	39	39	2999	2999	7864	7864	287	287	315	315	10	10	25	25	52	52	15	15	33	33	56	56	2324	2324	7760	7760	74	74	14	14	204	204	669	669	13	13	17	17	252	252	6954	6954	439	439	408	408	4599	4599	82	82	11	11	11	11	12	12	1	1	115	115	31	31	1586	1586	394	394	708	708	789	789	300	300	1804	1804	2815	2815	1065	1065	51	51	97	97	1068	1068	1512	1512	2	2	131	131	1749	1749	1872	1872	3356	3356	495	495	13	13	5	5	3	3	58	58	79	79	74	74	3337	3337	2154	2154	237	237	41	41	92	92	394	394	2543674	2543674	1414444	1414444	9216	9216	2399	2399	222	222	457	457	5854	5854	15907	15907	147	147	124	124	685	685	327	327	15	15	87	87	4927	4927	133013	133013	254	254	147	147	124	124	461	461	21657	21657	10724	10724	93	93	246	246	160	160	377	377
IND00888	358	358	895	895	756	756	52	52	1939	1939	2248	2248	109	109	23	23	9944	9944	2544	2544	168	168	144	144	34	34	39	39	429	429	4024	4024	1625	1625	203	203	110	110	65	65	124	124	39	39	47	47	12	12	6663	6663	5563	5563	254	254	9	9	717	717	607	607	6	6	14	14	3975	3975	7852	7852	173	173	55	55	528	528	1539	1539	4	4	11	11	8	8	7	7	125	125	64	64	378	378	1598	1598	3609	3609	1113	1113	434	434	601	601	144	144	3686	3686	57	57	141	141	362	362	979	979	11	11	12	12	1069	1069	1098	1098	3735	3735	3397	3397	3	3	3	3	78	78	66	66	103	103	37	37	91	91	2798	2798	225	225	86	86	394	394	760	760	254177	254177	5558	5558	5947	5947	13886	13886	60	60	157	157	7788	7788	16973	16973	175	175	57	57	124	124	952	952	93	93	168	168	500952	500952	404309	404309	135	135	133	133	427	427	290	290	20412	20412	10603	10603	181	181	51	51	328	328	222	222
IND00889	1544	1544	282	282	224	224	321	321	4108	4108	181	181	108	108	35	35	624	624	1842	1842	90	90	136	136	45	45	57	57	7356	7356	2348	2348	736	736	625	625	20	20	112	112	24	24	70	70	5	5	22	22	8107	8107	766	766	190	190	191	191	735	735	176	176	23	23	7	7	7018	7018	7837	7837	211	211	415	415	2776	2776	7762	7762	1	1	11	11	12	12	11	11	122	122	40	40	1323	1323	1941	1941	1347	1347	1362	1362	1048	1048	1613	1613	109	109	4914	4914	194	194	146	146	3681	3681	3119	3119	103	103	30	30	48	48	341	341	3230	3230	213	213	23	23	30	30	124	124	84	84	87	87	14	14	3523	3523	1248	1248	216	216	16	16	242	242	778	778	4067670	4067670	2082040	2082040	12519	12519	1012	1012	278	278	286	286	26164	26164	26516	26516	31	31	253	253	760	760	528	528	198	198	159	159	496317	496317	401414	401414	127	127	100	100	165	165	176	176	17264	17264	12670	12670	133	133	193	193	392	392	287	287
IND00890	1501	1501	819	819	232	232	699	699	4007	4007	3349	3349	83	83	104	104	1259	1259	10100	10100	100	100	178	178	48	48	59	59	7751	7751	1050	1050	408	408	465	465	62	62	39	39	56	56	59	59	55	55	13	13	4371	4371	7360	7360	187	187	159	159	822	822	404	404	3	3	18	18	6580	6580	2293	2293	472	472	351	351	1603	1603	2518	2518	11	11	6	6	11	11	2	2	96	96	64	64	116	116	1458	1458	3021	3021	2967	2967	365	365	16	16	5889	5889	95	95	93	93	13	13	2785	2785	3191	3191	238	238	176	176	1696	1696	219	219	3013	3013	941	941	3	3	10	10	5	5	113	113	5	5	100	100	77	77	1335	1335	187	187	33	33	401	401	124	124	1722219	1722219	867777	867777	12870	12870	14337	14337	407	407	331	331	1202	1202	23450	23450	112	112	179	179	222	222	819	819	179	179	197	197	371389	371389	123702	123702	144	144	247	247	331	331	34	34	4475	4475	30603	30603	102	102	182	182	248	248	199	199
IND00891	700	700	848	848	378	378	397	397	2998	2998	7039	7039	39	39	116	116	3182	3182	8951	8951	94	94	26	26	48	48	63	63	2091	2091	4461	4461	1056	1056	786	786	33	33	1	1	87	87	126	126	11	11	33	33	7488	7488	822	822	223	223	156	156	250	250	742	742	6	6	28	28	2812	2812	8173	8173	170	170	154	154	7782	7782	3184	3184	9	9	3	3	7	7	7	7	70	70	94	94	1997	1997	947	947	742	742	664	664	761	761	996	996	4466	4466	3797	3797	60	60	88	88	822	822	3548	3548	247	247	170	170	920	920	698	698	3122	3122	814	814	22	22	7	7	58	58	87	87	115	115	2	2	3666	3666	1313	1313	104	104	159	159	957	957	244	244	2552102	2552102	2376210	2376210	1233	1233	2313	2313	170	170	458	458	21142	21142	14244	14244	29	29	232	232	619	619	254	254	154	154	211	211	489915	489915	195148	195148	215	215	106	106	95	95	43	43	29816	29816	27005	27005	7	7	177	177	121	121	431	431
IND00892	1852	1852	881	881	791	791	249	249	7613	7613	4975	4975	106	106	112	112	4668	4668	4032	4032	243	243	45	45	55	55	19	19	6194	6194	291	291	441	441	1704	1704	60	60	98	98	16	16	51	51	40	40	30	30	5643	5643	6582	6582	191	191	145	145	643	643	308	308	25	25	14	14	2038	2038	5055	5055	131	131	394	394	7932	7932	120	120	1	1	1	1	16	16	5	5	58	58	95	95	682	682	1698	1698	2221	2221	2097	2097	1962	1962	1031	1031	260	260	7589	7589	104	104	189	189	905	905	657	657	223	223	60	60	866	866	1747	1747	3245	3245	1426	1426	17	17	9	9	56	56	23	23	83	83	111	111	1246	1246	2729	2729	100	100	58	58	358	358	106	106	3470021	3470021	2406193	2406193	9874	9874	12523	12523	273	273	427	427	5745	5745	26951	26951	172	172	242	242	506	506	751	751	69	69	244	244	174924	174924	498230	498230	39	39	222	222	427	427	177	177	20425	20425	4252	4252	193	193	135	135	91	91	169	169
IND00893	1004	1004	1477	1477	526	526	898	898	5637	5637	1882	1882	33	33	17	17	12025	12025	7830	7830	107	107	23	23	10	10	59	59	4223	4223	8033	8033	1971	1971	1798	1798	51	51	107	107	84	84	2	2	37	37	10	10	7868	7868	708	708	232	232	120	120	1013	1013	405	405	6	6	13	13	605	605	3754	3754	239	239	20	20	6069	6069	4583	4583	16	16	1	1	5	5	12	12	110	110	66	66	1477	1477	977	977	3974	3974	2402	2402	926	926	123	123	1058	1058	6778	6778	162	162	140	140	3660	3660	281	281	104	104	142	142	501	501	1229	1229	1197	1197	3378	3378	18	18	22	22	45	45	21	21	109	109	11	11	492	492	940	940	92	92	131	131	881	881	923	923	2830650	2830650	1590959	1590959	1216	1216	12747	12747	481	481	325	325	25754	25754	21415	21415	94	94	23	23	443	443	552	552	93	93	195	195	317479	317479	72636	72636	68	68	91	91	445	445	275	275	6378	6378	12258	12258	143	143	113	113	148	148	306	306
IND00894	91	91	44	44	58	58	344	344	3301	3301	7099	7099	38	38	54	54	9296	9296	6690	6690	50	50	217	217	17	17	1	1	2634	2634	5512	5512	74	74	108	108	111	111	98	98	61	61	56	56	29	29	7	7	727	727	4575	4575	11	11	115	115	235	235	560	560	12	12	9	9	5886	5886	101	101	54	54	27	27	8187	8187	5535	5535	11	11	8	8	3	3	11	11	104	104	9	9	748	748	1190	1190	381	381	4082	4082	1880	1880	1108	1108	2995	2995	5075	5075	166	166	174	174	2741	2741	1423	1423	125	125	134	134	1098	1098	1455	1455	1231	1231	2914	2914	32	32	31	31	24	24	90	90	10	10	102	102	1499	1499	1490	1490	144	144	256	256	340	340	337	337	3632146	3632146	3820762	3820762	12808	12808	1917	1917	286	286	239	239	31635	31635	29690	29690	73	73	147	147	893	893	305	305	28	28	73	73	292502	292502	477327	477327	248	248	35	35	120	120	491	491	27180	27180	21950	21950	240	240	64	64	73	73	73	73
IND00895	528	528	1664	1664	192	192	74	74	5701	5701	1617	1617	90	90	29	29	15283	15283	7458	7458	96	96	111	111	49	49	33	33	4299	4299	2544	2544	980	980	540	540	10	10	68	68	89	89	128	128	64	64	50	50	5179	5179	566	566	98	98	80	80	584	584	407	407	16	16	14	14	4814	4814	6012	6012	424	424	12	12	5030	5030	4850	4850	5	5	3	3	7	7	12	12	92	92	43	43	687	687	1840	1840	1130	1130	2310	2310	1486	1486	655	655	5940	5940	6441	6441	157	157	39	39	2925	2925	3663	3663	122	122	27	27	1373	1373	637	637	1803	1803	1214	1214	14	14	12	12	109	109	63	63	113	113	36	36	1343	1343	917	917	208	208	77	77	183	183	815	815	2424590	2424590	4049239	4049239	12906	12906	14813	14813	115	115	115	115	23464	23464	8503	8503	40	40	131	131	597	597	248	248	136	136	97	97	374968	374968	361040	361040	150	150	167	167	219	219	189	189	15721	15721	6485	6485	87	87	73	73	209	209	378	378
IND00896	1143	1143	680	680	673	673	151	151	5238	5238	6542	6542	54	54	7	7	16010	16010	2620	2620	116	116	156	156	34	34	54	54	3113	3113	3004	3004	236	236	1292	1292	92	92	67	67	33	33	121	121	1	1	26	26	6191	6191	6183	6183	246	246	237	237	22	22	131	131	27	27	10	10	7391	7391	3991	3991	205	205	231	231	4284	4284	3084	3084	10	10	13	13	5	5	5	5	16	16	63	63	1040	1040	728	728	1383	1383	175	175	244	244	1075	1075	7203	7203	8112	8112	10	10	98	98	1050	1050	1399	1399	34	34	199	199	2	2	1487	1487	3069	3069	3730	3730	5	5	27	27	28	28	24	24	41	41	49	49	1116	1116	3505	3505	38	38	54	54	493	493	170	170	4028225	4028225	3730942	3730942	12514	12514	8859	8859	314	314	218	218	13549	13549	19699	19699	146	146	122	122	986	986	991	991	46	46	122	122	213172	213172	154277	154277	182	182	199	199	43	43	489	489	24105	24105	2291	2291	95	95	152	152	290	290	352	352
IND00897	1703	1703	109	109	936	936	974	974	2009	2009	2553	2553	82	82	6	6	12903	12903	11278	11278	10	10	246	246	19	19	34	34	2293	2293	2389	2389	1178	1178	1558	1558	63	63	116	116	52	52	105	105	13	13	40	40	8085	8085	4232	4232	230	230	173	173	961	961	685	685	26	26	31	31	3346	3346	6358	6358	288	288	153	153	1203	1203	5828	5828	12	12	5	5	9	9	10	10	60	60	4	4	1989	1989	462	462	4096	4096	3489	3489	1567	1567	1232	1232	3461	3461	3439	3439	78	78	178	178	225	225	2840	2840	134	134	54	54	851	851	1259	1259	3929	3929	2149	2149	21	21	17	17	104	104	28	28	99	99	95	95	3030	3030	974	974	230	230	12	12	498	498	898	898	929226	929226	2028177	2028177	5804	5804	11649	11649	191	191	479	479	30882	30882	15984	15984	214	214	184	184	158	158	97	97	37	37	83	83	296157	296157	229665	229665	183	183	188	188	78	78	130	130	10464	10464	32106	32106	201	201	101	101	378	378	290	290
IND00898	596	596	78	78	244	244	254	254	1441	1441	7657	7657	123	123	99	99	8461	8461	15724	15724	107	107	16	16	6	6	10	10	6351	6351	4560	4560	505	505	1864	1864	114	114	118	118	101	101	15	15	40	40	3	3	4548	4548	4044	4044	228	228	217	217	770	770	811	811	12	12	7	7	7179	7179	2633	2633	350	350	265	265	2479	2479	5627	5627	12	12	11	11	7	7	2	2	43	43	59	59	723	723	1467	1467	3426	3426	84	84	1149	1149	991	991	709	709	3601	3601	24	24	59	59	3998	3998	458	458	101	101	4	4	379	379	206	206	1529	1529	3323	3323	19	19	11	11	6	6	96	96	56	56	60	60	2548	2548	1142	1142	63	63	184	184	966	966	889	889	2058181	2058181	2105690	2105690	2378	2378	6546	6546	139	139	59	59	12001	12001	2399	2399	102	102	31	31	351	351	701	701	107	107	20	20	271597	271597	268512	268512	196	196	234	234	334	334	258	258	18604	18604	12375	12375	148	148	68	68	335	335	332	332
IND00899	402	402	1835	1835	516	516	69	69	4664	4664	3710	3710	29	29	98	98	14608	14608	12727	12727	211	211	215	215	32	32	18	18	2129	2129	6819	6819	1128	1128	1712	1712	74	74	66	66	34	34	39	39	53	53	29	29	5477	5477	585	585	65	65	22	22	807	807	189	189	31	31	11	11	3547	3547	5275	5275	263	263	217	217	748	748	1472	1472	7	7	10	10	4	4	6	6	93	93	23	23	714	714	359	359	1964	1964	3785	3785	390	390	1460	1460	4528	4528	5088	5088	9	9	73	73	422	422	1165	1165	248	248	232	232	650	650	642	642	3987	3987	1178	1178	28	28	27	27	23	23	111	111	121	121	120	120	120	120	2153	2153	197	197	213	213	920	920	394	394	3411979	3411979	1892492	1892492	1358	1358	8878	8878	261	261	252	252	18278	18278	685	685	13	13	36	36	177	177	166	166	253	253	144	144	200424	200424	240215	240215	84	84	88	88	251	251	21	21	30600	30600	22697	22697	64	64	151	151	335	335	319	319
IND00900	896	896	1998	1998	22	22	500	500	5710	5710	5225	5225	78	78	113	113	7018	7018	16342	16342	167	167	187	187	31	31	33	33	2878	2878	1315	1315	378	378	1777	1777	64	64	43	43	106	106	75	75	16	16	11	11	2729	2729	5752	5752	237	237	151	151	892	892	512	512	13	13	26	26	2439	2439	1018	1018	402	402	227	227	232	232	789	789	11	11	7	7	15	15	4	4	105	105	49	49	828	828	381	381	844	844	4035	4035	1879	1879	211	211	872	872	4191	4191	14	14	204	204	3853	3853	2531	2531	126	126	175	175	86	86	954	954	1577	1577	1969	1969	6	6	17	17	101	101	17	17	12	12	118	118	101	101	3026	3026	208	208	139	139	836	836	672	672	242248	242248	1072324	1072324	14282	14282	13175	13175	144	144	359	359	14026	14026	9700	9700	119	119	194	194	953	953	150	150	9	9	14	14	54947	54947	404648	404648	154	154	156	156	439	439	384	384	2158	2158	26325	26325	123	123	92	92	7	7	414	414
IND00901	1521	1521	1367	1367	773	773	862	862	184	184	7219	7219	13	13	117	117	6477	6477	5886	5886	57	57	201	201	37	37	10	10	8055	8055	1362	1362	1130	1130	1655	1655	38	38	75	75	51	51	78	78	10	10	21	21	2638	2638	4878	4878	189	189	163	163	799	799	584	584	30	30	6	6	3432	3432	2083	2083	447	447	244	244	4476	4476	6122	6122	16	16	16	16	15	15	1	1	106	106	73	73	1256	1256	707	707	3477	3477	606	606	220	220	718	718	5934	5934	2256	2256	171	171	221	221	484	484	1479	1479	203	203	127	127	934	934	1180	1180	2548	2548	2756	2756	21	21	15	15	81	81	102	102	40	40	14	14	2043	2043	3040	3040	77	77	37	37	261	261	865	865	1199102	1199102	3203771	3203771	5473	5473	10254	10254	230	230	79	79	10027	10027	644	644	162	162	242	242	52	52	430	430	141	141	74	74	498524	498524	241842	241842	187	187	133	133	228	228	301	301	10826	10826	25719	25719	204	204	50	50	81	81	48	48
IND00902	187	187	973	973	673	673	712	712	7039	7039	1358	1358	122	122	39	39	2371	2371	13184	13184	18	18	24	24	31	31	64	64	5026	5026	6077	6077	340	340	393	393	24	24	10	10	124	124	106	106	1	1	57	57	100	100	1850	1850	108	108	7	7	731	731	476	476	19	19	5	5	2354	2354	5996	5996	492	492	264	264	2751	2751	2134	2134	12	12	8	8	11	11	11	11	46	46	71	71	1885	1885	1910	1910	1771	1771	3698	3698	1069	1069	1491	1491	4666	4666	1068	1068	148	148	177	177	817	817	1652	1652	241	241	54	54	80	80	707	707	3846	3846	587	587	1	1	18	18	42	42	34	34	8	8	25	25	1460	1460	2719	2719	23	23	221	221	894	894	620	620	37113	37113	215886	215886	5863	5863	15146	15146	83	83	324	324	2134	2134	19271	19271	203	203	152	152	44	44	510	510	59	59	170	170	266895	266895	284033	284033	41	41	205	205	111	111	246	246	31549	31549	30238	30238	116	116	38	38	24	24	150	150
IND00903	1	1	1703	1703	377	377	203	203	4692	4692	7625	7625	119	119	16	16	13835	13835	5957	5957	34	34	131	131	28	28	54	54	5857	5857	7381	7381	87	87	892	892	14	14	61	61	12	12	100	100	2	2	44	44	8103	8103	6333	6333	122	122	56	56	21	21	332	332	22	22	29	29	285	285	6423	6423	308	308	342	342	2504	2504	4190	4190	15	15	12	12	12	12	8	8	51	51	71	71	1246	1246	1086	1086	3319	3319	1586	1586	1236	1236	317	317	6032	6032	6090	6090	14	14	144	144	2978	2978	1021	1021	69	69	9	9	44	44	1141	1141	2372	2372	776	776	24	24	23	23	89	89	85	85	52	52	121	121	1050	1050	1937	1937	243	243	101	101	559	559	626	626	3059527	3059527	2150766	2150766	16260	16260	2337	2337	46	46	73	73	15776	15776	24708	24708	50	50	88	88	861	861	995	995	48	48	177	177	340687	340687	440209	440209	69	69	208	208	399	399	180	180	28170	28170	4972	4972	56	56	191	191	489	489	11	11
IND00904	1808	1808	415	415	974	974	41	41	5790	5790	749	749	77	77	20	20	2144	2144	5431	5431	109	109	162	162	50	50	40	40	2317	2317	6894	6894	368	368	1933	1933	70	70	45	45	61	61	40	40	49	49	22	22	5364	5364	247	247	160	160	104	104	830	830	86	86	17	17	1	1	3408	3408	7149	7149	133	133	250	250	6184	6184	7963	7963	3	3	9	9	11	11	15	15	105	105	67	67	692	692	1169	1169	2050	2050	2726	2726	49	49	766	766	4009	4009	3718	3718	75	75	249	249	2192	2192	1191	1191	234	234	123	123	1213	1213	673	673	3755	3755	3632	3632	25	25	10	10	54	54	63	63	45	45	74	74	2297	2297	1837	1837	76	76	179	179	499	499	3	3	283943	283943	1012392	1012392	11481	11481	12252	12252	360	360	374	374	19398	19398	13353	13353	225	225	189	189	685	685	140	140	138	138	124	124	493993	493993	220612	220612	201	201	93	93	17	17	101	101	17633	17633	5431	5431	5	5	75	75	207	207	55	55
IND00905	53	53	445	445	561	561	400	400	2035	2035	2963	2963	34	34	12	12	2808	2808	5876	5876	80	80	251	251	29	29	43	43	4865	4865	6922	6922	267	267	348	348	7	7	114	114	33	33	66	66	37	37	49	49	3812	3812	6985	6985	204	204	198	198	297	297	1002	1002	9	9	29	29	7908	7908	4437	4437	245	245	284	284	4496	4496	327	327	12	12	16	16	15	15	4	4	98	98	1	1	1153	1153	1108	1108	3597	3597	2399	2399	770	770	388	388	7555	7555	7137	7137	37	37	200	200	3142	3142	2663	2663	119	119	134	134	383	383	1638	1638	2777	2777	2834	2834	12	12	28	28	93	93	51	51	55	55	114	114	3614	3614	738	738	223	223	255	255	17	17	954	954	1087459	1087459	174903	174903	15113	15113	4883	4883	269	269	322	322	23528	23528	31798	31798	51	51	252	252	459	459	827	827	156	156	108	108	46402	46402	152500	152500	164	164	8	8	318	318	355	355	12399	12399	31657	31657	170	170	54	54	424	424	456	456
IND00906	98	98	730	730	405	405	225	225	2723	2723	6184	6184	41	41	30	30	1542	1542	10799	10799	35	35	86	86	14	14	37	37	4728	4728	884	884	1759	1759	1226	1226	118	118	34	34	49	49	52	52	32	32	38	38	6107	6107	1130	1130	177	177	187	187	559	559	326	326	7	7	18	18	1748	1748	8186	8186	95	95	179	179	6873	6873	614	614	2	2	10	10	7	7	1	1	24	24	78	78	34	34	21	21	3747	3747	2165	2165	1551	1551	2021	2021	1922	1922	2720	2720	228	228	7	7	4055	4055	3808	3808	68	68	143	143	1927	1927	1157	1157	1255	1255	955	955	26	26	23	23	94	94	8	8	100	100	65	65	3872	3872	235	235	132	132	245	245	750	750	650	650	1776395	1776395	3453252	3453252	1690	1690	15363	15363	304	304	31	31	803	803	14461	14461	196	196	59	59	890	890	527	527	251	251	38	38	232854	232854	453333	453333	164	164	88	88	472	472	43	43	13310	13310	31182	31182	192	192	162	162	153	153	265	265
IND00907	224	224	1220	1220	655	655	308	308	1766	1766	7352	7352	94	94	103	103	1647	1647	12160	12160	107	107	70	70	46	46	12	12	3631	3631	5935	5935	2023	2023	1193	1193	42	42	78	78	90	90	17	17	46	46	7	7	105	105	4686	4686	96	96	39	39	465	465	35	35	13	13	20	20	5715	5715	5442	5442	478	478	194	194	6751	6751	6423	6423	7	7	9	9	11	11	10	10	46	46	46	46	1879	1879	1510	1510	1021	1021	2442	2442	1988	1988	954	954	3430	3430	7845	7845	28	28	113	113	3279	3279	2115	2115	46	46	72	72	320	320	1392	1392	4007	4007	1605	1605	2	2	31	31	54	54	10	10	6	6	119	119	3619	3619	960	960	30	30	30	30	89	89	503	503	1692269	1692269	3161475	3161475	769	769	5443	5443	404	404	95	95	9431	9431	17257	17257	112	112	253	253	731	731	63	63	19	19	139	139	14374	14374	143200	143200	159	159	107	107	287	287	224	224	20179	20179	26197	26197	167	167	187	187	178	178	400	400
IND00908	1051	1051	414	414	938	938	464	464	7383	7383	5659	5659	80	80	103	103	14348	14348	10399	10399	226	226	56	56	59	59	8	8	3965	3965	310	310	1378	1378	800	800	11	11	93	93	96	96	95	95	39	39	40	40	4025	4025	3517	3517	220	220	173	173	539	539	125	125	15	15	4	4	2181	2181	7915	7915	249	249	140	140	6938	6938	6703	6703	1	1	2	2	4	4	6	6	37	37	62	62	825	825	284	284	4062	4062	3549	3549	1866	1866	1581	1581	3775	3775	4343	4343	158	158	234	234	1329	1329	3379	3379	157	157	35	35	880	880	736	736	3930	3930	426	426	16	16	13	13	37	37	106	106	22	22	43	43	3541	3541	825	825	16	16	234	234	666	666	735	735	930659	930659	663522	663522	13651	13651	13718	13718	11	11	198	198	9931	9931	12604	12604	125	125	44	44	882	882	21	21	116	116	122	122	403889	403889	305158	305158	144	144	89	89	5	5	143	143	8041	8041	21274	21274	143	143	225	225	284	284	4	4
IND00909	151	151	942	942	88	88	216	216	7829	7829	3368	3368	13	13	107	107	3538	3538	5766	5766	84	84	225	225	2	2	38	38	3880	3880	6862	6862	336	336	1740	1740	115	115	96	96	31	31	69	69	6	6	8	8	3259	3259	3436	3436	56	56	192	192	569	569	326	326	31	31	28	28	5139	5139	7676	7676	463	463	375	375	7603	7603	5206	5206	13	13	9	9	2	2	9	9	99	99	75	75	168	168	778	778	3963	3963	1136	1136	1004	1004	1602	1602	361	361	1488	1488	47	47	148	148	616	616	3938	3938	168	168	127	127	96	96	2000	2000	3547	3547	2376	2376	23	23	19	19	80	80	4	4	10	10	74	74	2965	2965	4015	4015	167	167	112	112	943	943	234	234	3123208	3123208	3079102	3079102	9318	9318	8668	8668	496	496	452	452	21337	21337	1033	1033	100	100	7	7	82	82	243	243	71	71	26	26	503730	503730	265699	265699	160	160	124	124	256	256	32	32	7021	7021	2860	2860	25	25	244	244	76	76	260	260
IND00910	775	775	558	558	382	382	152	152	2672	2672	2327	2327	102	102	54	54	2457	2457	15537	15537	42	42	225	225	35	35	8	8	1653	1653	6194	6194	1059	1059	2023	2023	42	42	26	26	14	14	78	78	12	12	23	23	771	771	2622	2622	189	189	246	246	332	332	467	467	26	26	6	6	5349	5349	5658	5658	369	369	229	229	835	835	3194	3194	1	1	1	1	16	16	10	10	52	52	11	11	1017	1017	1723	1723	577	577	2406	2406	291	291	1969	1969	7457	7457	528	528	176	176	82	82	2046	2046	158	158	23	23	61	61	584	584	668	668	345	345	597	597	18	18	5	5	73	73	80	80	80	80	57	57	886	886	1706	1706	95	95	56	56	267	267	529	529	527175	527175	2734129	2734129	10747	10747	10083	10083	395	395	13	13	23635	23635	14518	14518	94	94	235	235	44	44	138	138	232	232	95	95	133779	133779	391224	391224	215	215	179	179	439	439	224	224	32393	32393	5556	5556	245	245	92	92	97	97	71	71
IND00911	31	31	1326	1326	934	934	987	987	5995	5995	7908	7908	110	110	80	80	3557	3557	2583	2583	144	144	26	26	15	15	24	24	5717	5717	1010	1010	571	571	1606	1606	85	85	111	111	66	66	49	49	13	13	3	3	6588	6588	2843	2843	82	82	228	228	987	987	994	994	20	20	2	2	6170	6170	6962	6962	311	311	224	224	221	221	6266	6266	2	2	13	13	1	1	9	9	61	61	50	50	1766	1766	855	855	3012	3012	2445	2445	1527	1527	1860	1860	1321	1321	3446	3446	12	12	252	252	3955	3955	1936	1936	47	47	103	103	1587	1587	374	374	600	600	505	505	16	16	11	11	100	100	60	60	115	115	5	5	2059	2059	1158	1158	192	192	125	125	90	90	492	492	3458194	3458194	3608071	3608071	13258	13258	8226	8226	402	402	167	167	15297	15297	29301	29301	28	28	211	211	461	461	384	384	244	244	216	216	522989	522989	472025	472025	197	197	154	154	23	23	132	132	31296	31296	14403	14403	73	73	71	71	447	447	214	214
IND00912	682	682	2025	2025	844	844	632	632	7966	7966	4864	4864	13	13	111	111	12494	12494	2945	2945	30	30	238	238	61	61	36	36	5511	5511	1898	1898	1998	1998	2009	2009	61	61	55	55	63	63	122	122	61	61	28	28	1241	1241	6425	6425	64	64	255	255	330	330	227	227	20	20	10	10	5928	5928	4386	4386	44	44	424	424	5285	5285	1023	1023	6	6	8	8	13	13	6	6	105	105	8	8	1848	1848	1834	1834	469	469	870	870	1573	1573	670	670	7076	7076	6293	6293	220	220	21	21	2468	2468	316	316	93	93	135	135	146	146	1270	1270	3286	3286	27	27	27	27	31	31	55	55	120	120	107	107	25	25	2930	2930	2492	2492	111	111	146	146	932	932	104	104	1009183	1009183	3422295	3422295	1760	1760	13005	13005	293	293	259	259	28247	28247	9108	9108	112	112	18	18	882	882	593	593	23	23	33	33	144748	144748	521040	521040	250	250	133	133	101	101	342	342	20001	20001	16423	16423	124	124	58	58	461	461	367	367
IND00913	973	973	1043	1043	626	626	787	787	8142	8142	3084	3084	79	79	79	79	717	717	1358	1358	55	55	41	41	17	17	27	27	4438	4438	8019	8019	1912	1912	1476	1476	35	35	58	58	50	50	18	18	44	44	13	13	4287	4287	1774	1774	44	44	122	122	376	376	994	994	28	28	4	4	5660	5660	7491	7491	251	251	448	448	1637	1637	6882	6882	7	7	9	9	5	5	7	7	127	127	36	36	1452	1452	2048	2048	2378	2378	735	735	1225	1225	961	961	6383	6383	4217	4217	70	70	131	131	1337	1337	2504	2504	25	25	24	24	1748	1748	1166	1166	90	90	1382	1382	21	21	24	24	119	119	118	118	66	66	30	30	2914	2914	3886	3886	148	148	87	87	837	837	745	745	3226379	3226379	1421684	1421684	5226	5226	8341	8341	113	113	2	2	8577	8577	19618	19618	185	185	99	99	640	640	11	11	71	71	39	39	55205	55205	123353	123353	47	47	208	208	456	456	453	453	20850	20850	11558	11558	17	17	34	34	68	68	267	267
IND00914	1918	1918	1710	1710	707	707	377	377	7722	7722	5417	5417	84	84	49	49	8734	8734	1271	1271	157	157	61	61	51	51	29	29	7599	7599	1331	1331	1419	1419	289	289	46	46	23	23	8	8	13	13	21	21	23	23	2601	2601	6588	6588	42	42	57	57	367	367	141	141	30	30	22	22	5672	5672	145	145	345	345	430	430	1296	1296	5037	5037	11	11	10	10	4	4	10	10	68	68	46	46	1005	1005	588	588	2983	2983	3198	3198	1699	1699	253	253	3384	3384	2955	2955	115	115	29	29	2484	2484	2222	2222	241	241	1	1	898	898	1226	1226	2670	2670	4017	4017	2	2	7	7	70	70	32	32	58	58	29	29	249	249	2559	2559	137	137	131	131	185	185	684	684	4069775	4069775	1942538	1942538	4179	4179	12243	12243	205	205	133	133	11116	11116	26708	26708	131	131	47	47	217	217	645	645	220	220	130	130	27811	27811	39125	39125	163	163	150	150	294	294	489	489	22484	22484	32293	32293	143	143	191	191	439	439	315	315
IND00915	1690	1690	108	108	314	314	791	791	4455	4455	2439	2439	114	114	32	32	15731	15731	12734	12734	23	23	237	237	41	41	6	6	2844	2844	5674	5674	91	91	1566	1566	101	101	52	52	99	99	40	40	56	56	36	36	4435	4435	5291	5291	56	56	23	23	975	975	908	908	11	11	4	4	1731	1731	6059	6059	272	272	384	384	2907	2907	5124	5124	11	11	16	16	10	10	14	14	122	122	91	91	1028	1028	1025	1025	1921	1921	1344	1344	19	19	298	298	182	182	5111	5111	224	224	94	94	3529	3529	2586	2586	98	98	154	154	1506	1506	516	516	1298	1298	2736	2736	23	23	8	8	14	14	31	31	34	34	91	91	3526	3526	1911	1911	99	99	29	29	774	774	233	233	1967003	1967003	1329929	1329929	3569	3569	15332	15332	6	6	299	299	13974	13974	11426	11426	66	66	180	180	285	285	639	639	161	161	13	13	430954	430954	193906	193906	39	39	65	65	374	374	359	359	25436	25436	2655	2655	107	107	64	64	145	145	132	132
IND00916	1347	1347	862	862	276	276	694	694	1893	1893	6171	6171	82	82	64	64	2090	2090	8404	8404	40	40	181	181	37	37	16	16	4903	4903	7876	7876	1063	1063	463	463	9	9	83	83	88	88	64	64	5	5	35	35	7969	7969	27	27	23	23	152	152	898	898	259	259	6	6	6	6	4770	4770	6113	6113	294	294	48	48	6116	6116	6013	6013	3	3	1	1	12	12	14	14	28	28	22	22	906	906	1267	1267	1565	1565	384	384	1911	1911	790	790	3729	3729	7678	7678	46	46	46	46	1978	1978	3769	3769	132	132	250	250	1265	1265	1809	1809	1539	1539	1243	1243	24	24	30	30	43	43	30	30	52	52	66	66	2837	2837	1922	1922	156	156	128	128	873	873	816	816	1945774	1945774	3191965	3191965	12618	12618	2852	2852	292	292	462	462	18890	18890	13917	13917	13	13	171	171	962	962	885	885	218	218	25	25	165757	165757	294375	294375	194	194	236	236	503	503	272	272	19331	19331	5772	5772	67	67	189	189	338	338	326	326
IND00917	928	928	1582	1582	613	613	521	521	6169	6169	2935	2935	33	33	109	109	10362	10362	10008	10008	247	247	104	104	1	1	45	45	3142	3142	3574	3574	271	271	456	456	81	81	61	61	21	21	125	125	43	43	11	11	4210	4210	1133	1133	212	212	166	166	974	974	691	691	19	19	14	14	285	285	6443	6443	359	359	310	310	4516	4516	7228	7228	13	13	1	1	1	1	15	15	33	33	20	20	1407	1407	280	280	622	622	389	389	698	698	1137	1137	5735	5735	3822	3822	228	228	98	98	1094	1094	2489	2489	241	241	178	178	153	153	1860	1860	3379	3379	3020	3020	5	5	13	13	65	65	63	63	26	26	57	57	1821	1821	1142	1142	122	122	201	201	424	424	23	23	3732509	3732509	3755059	3755059	821	821	4195	4195	183	183	329	329	27614	27614	12122	12122	231	231	67	67	549	549	77	77	161	161	225	225	33095	33095	338848	338848	103	103	36	36	64	64	47	47	5710	5710	18897	18897	46	46	33	33	371	371	27	27
IND00918	384	384	1931	1931	604	604	120	120	2495	2495	737	737	117	117	44	44	11441	11441	5053	5053	193	193	116	116	46	46	23	23	2926	2926	2083	2083	1591	1591	1431	1431	58	58	49	49	85	85	120	120	49	49	37	37	5058	5058	5694	5694	239	239	57	57	140	140	208	208	5	5	13	13	6057	6057	2466	2466	298	298	20	20	6951	6951	5741	5741	9	9	11	11	7	7	6	6	61	61	16	16	1002	1002	668	668	1486	1486	3454	3454	593	593	854	854	862	862	7567	7567	3	3	191	191	633	633	3868	3868	38	38	107	107	1871	1871	776	776	1915	1915	2532	2532	5	5	4	4	35	35	63	63	49	49	67	67	1742	1742	24	24	177	177	143	143	293	293	477	477	1059932	1059932	3581597	3581597	7875	7875	7343	7343	25	25	34	34	25637	25637	16885	16885	19	19	31	31	829	829	943	943	195	195	58	58	13163	13163	99341	99341	184	184	173	173	259	259	487	487	21103	21103	13658	13658	169	169	182	182	25	25	290	290
IND00919	1445	1445	1971	1971	790	790	892	892	1980	1980	7818	7818	89	89	56	56	4984	4984	943	943	244	244	193	193	4	4	28	28	4685	4685	5350	5350	1461	1461	627	627	41	41	98	98	93	93	116	116	30	30	7	7	2355	2355	4282	4282	249	249	229	229	114	114	711	711	24	24	4	4	7406	7406	7675	7675	337	337	183	183	2721	2721	6245	6245	5	5	4	4	12	12	4	4	24	24	20	20	1373	1373	393	393	3565	3565	1456	1456	1957	1957	726	726	3845	3845	5982	5982	20	20	158	158	3050	3050	906	906	94	94	206	206	1068	1068	998	998	2745	2745	1176	1176	2	2	9	9	44	44	51	51	125	125	46	46	1433	1433	2610	2610	32	32	15	15	140	140	167	167	2923618	2923618	146820	146820	10998	10998	9369	9369	138	138	145	145	16491	16491	29378	29378	5	5	69	69	238	238	523	523	158	158	154	154	337583	337583	271147	271147	228	228	140	140	403	403	62	62	1485	1485	32130	32130	231	231	92	92	168	168	67	67
IND00920	532	532	667	667	619	619	296	296	3156	3156	431	431	83	83	47	47	3404	3404	9651	9651	220	220	88	88	55	55	37	37	1148	1148	1270	1270	1311	1311	1252	1252	26	26	55	55	24	24	21	21	58	58	13	13	896	896	5659	5659	249	249	44	44	622	622	975	975	31	31	26	26	5105	5105	4024	4024	433	433	312	312	4091	4091	5271	5271	4	4	11	11	16	16	11	11	7	7	88	88	163	163	1198	1198	1914	1914	419	419	1358	1358	669	669	2426	2426	2285	2285	45	45	174	174	2243	2243	2537	2537	181	181	227	227	720	720	941	941	3543	3543	3747	3747	18	18	15	15	95	95	105	105	54	54	57	57	2727	2727	4072	4072	44	44	255	255	333	333	540	540	921741	921741	354944	354944	4979	4979	5775	5775	236	236	226	226	19249	19249	25128	25128	34	34	222	222	110	110	911	911	77	77	204	204	521361	521361	83850	83850	152	152	126	126	15	15	340	340	31315	31315	11453	11453	99	99	4	4	471	471	259	259
IND00921	935	935	339	339	928	928	246	246	7262	7262	3383	3383	113	113	29	29	9106	9106	15381	15381	6	6	214	214	19	19	54	54	6847	6847	8028	8028	366	366	1887	1887	73	73	93	93	19	19	98	98	33	33	44	44	6746	6746	4957	4957	83	83	142	142	126	126	629	629	26	26	20	20	3899	3899	271	271	285	285	402	402	3271	3271	7518	7518	2	2	13	13	5	5	8	8	93	93	53	53	938	938	68	68	539	539	1510	1510	354	354	265	265	4625	4625	4729	4729	42	42	158	158	2903	2903	3310	3310	202	202	91	91	321	321	1855	1855	2511	2511	875	875	25	25	1	1	102	102	52	52	36	36	40	40	1946	1946	2897	2897	110	110	169	169	909	909	952	952	481645	481645	439251	439251	7777	7777	11990	11990	397	397	391	391	19785	19785	31783	31783	241	241	82	82	636	636	953	953	236	236	58	58	75720	75720	363462	363462	116	116	115	115	328	328	224	224	3185	3185	31853	31853	39	39	121	121	166	166	172	172
IND00922	1162	1162	1619	1619	43	43	954	954	1705	1705	7042	7042	80	80	78	78	11634	11634	4467	4467	132	132	78	78	28	28	56	56	1113	1113	945	945	1260	1260	1632	1632	104	104	15	15	13	13	91	91	42	42	16	16	2559	2559	7882	7882	20	20	206	206	588	588	668	668	19	19	13	13	2435	2435	5609	5609	387	387	456	456	5785	5785	2050	2050	9	9	4	4	15	15	13	13	71	71	63	63	1844	1844	18	18	2485	2485	2942	2942	1862	1862	393	393	5055	5055	1584	1584	152	152	120	120	2537	2537	3350	3350	142	142	150	150	865	865	602	602	1697	1697	859	859	30	30	19	19	65	65	60	60	122	122	99	99	1128	1128	2059	2059	116	116	247	247	280	280	333	333	4103487	4103487	379576	379576	336	336	11517	11517	37	37	455	455	30010	30010	26686	26686	99	99	41	41	361	361	478	478	60	60	104	104	372718	372718	497383	497383	185	185	160	160	392	392	500	500	31698	31698	16692	16692	234	234	35	35	108	108	340	340
IND00923	1738	1738	1411	1411	821	821	641	641	1700	1700	656	656	93	93	109	109	7504	7504	13208	13208	29	29	244	244	12	12	3	3	1432	1432	4530	4530	1109	1109	1638	1638	121	121	43	43	103	103	25	25	32	32	35	35	3877	3877	7023	7023	2	2	106	106	1024	1024	874	874	1	1	25	25	3500	3500	793	793	379	379	65	65	7906	7906	2968	2968	16	16	1	1	15	15	16	16	3	3	102	102	1681	1681	1176	1176	438	438	3537	3537	900	900	2035	2035	5719	5719	2543	2543	174	174	39	39	4019	4019	811	811	16	16	223	223	436	436	522	522	399	399	1035	1035	23	23	7	7	77	77	26	26	40	40	125	125	127	127	1955	1955	224	224	165	165	455	455	396	396	3807870	3807870	56599	56599	8526	8526	791	791	133	133	61	61	7507	7507	28210	28210	200	200	149	149	379	379	171	171	114	114	206	206	186759	186759	515592	515592	22	22	135	135	296	296	143	143	2984	2984	16359	16359	89	89	221	221	162	162	350	350
IND00924	1496	1496	599	599	902	902	931	931	1089	1089	1559	1559	74	74	109	109	14469	14469	1265	1265	16	16	168	168	28	28	59	59	5067	5067	4943	4943	2008	2008	1766	1766	124	124	55	55	92	92	106	106	37	37	24	24	3002	3002	2749	2749	62	62	240	240	815	815	412	412	1	1	28	28	7293	7293	5602	5602	120	120	421	421	145	145	2467	2467	5	5	3	3	5	5	12	12	41	41	97	97	58	58	1048	1048	89	89	1853	1853	1629	1629	1972	1972	2206	2206	4966	4966	224	224	7	7	2653	2653	1415	1415	17	17	254	254	496	496	1246	1246	950	950	3244	3244	32	32	21	21	5	5	90	90	109	109	70	70	3750	3750	528	528	114	114	60	60	740	740	631	631	3508006	3508006	2184075	2184075	3707	3707	12051	12051	122	122	70	70	11260	11260	6193	6193	70	70	148	148	352	352	650	650	31	31	180	180	358580	358580	148124	148124	11	11	101	101	28	28	415	415	1744	1744	32104	32104	119	119	88	88	211	211	441	441
IND00925	242	242	1949	1949	719	719	674	674	4292	4292	136	136	54	54	124	124	11463	11463	13586	13586	226	226	177	177	19	19	4	4	7812	7812	5179	5179	1560	1560	1321	1321	55	55	23	23	20	20	75	75	25	25	45	45	2179	2179	1826	1826	70	70	79	79	134	134	607	607	16	16	20	20	7568	7568	7712	7712	355	355	275	275	1550	1550	8175	8175	15	15	4	4	5	5	4	4	15	15	124	124	89	89	1340	1340	3153	3153	3953	3953	1982	1982	107	107	2520	2520	6499	6499	45	45	159	159	3722	3722	3258	3258	201	201	94	94	125	125	344	344	1877	1877	2397	2397	32	32	4	4	53	53	24	24	114	114	9	9	2507	2507	1465	1465	45	45	221	221	359	359	342	342	3097113	3097113	3120409	3120409	8630	8630	7850	7850	382	382	476	476	31577	31577	25828	25828	137	137	165	165	611	611	501	501	205	205	49	49	357904	357904	213393	213393	236	236	35	35	429	429	109	109	18028	18028	25429	25429	101	101	213	213	163	163	342	342
IND00926	1118	1118	148	148	983	983	159	159	3001	3001	4161	4161	44	44	11	11	14346	14346	1540	1540	81	81	35	35	35	35	64	64	5100	5100	514	514	961	961	483	483	12	12	41	41	119	119	118	118	47	47	3	3	5032	5032	1148	1148	137	137	246	246	280	280	31	31	26	26	22	22	7213	7213	6144	6144	325	325	16	16	1310	1310	354	354	16	16	11	11	6	6	10	10	101	101	49	49	838	838	765	765	2010	2010	195	195	1746	1746	204	204	3546	3546	442	442	18	18	154	154	4073	4073	2390	2390	24	24	221	221	211	211	1497	1497	3360	3360	1783	1783	28	28	1	1	45	45	33	33	14	14	64	64	1261	1261	3429	3429	150	150	162	162	768	768	811	811	702556	702556	2596685	2596685	8959	8959	3491	3491	407	407	277	277	22008	22008	27553	27553	230	230	8	8	431	431	304	304	115	115	69	69	242770	242770	15384	15384	219	219	225	225	111	111	131	131	14939	14939	30508	30508	8	8	126	126	69	69	485	485
IND00927	395	395	496	496	144	144	21	21	5570	5570	2931	2931	8	8	75	75	3593	3593	13385	13385	192	192	220	220	39	39	30	30	4043	4043	1255	1255	1830	1830	1090	1090	75	75	93	93	71	71	26	26	5	5	35	35	2173	2173	2648	2648	5	5	191	191	686	686	366	366	16	16	31	31	2498	2498	7104	7104	162	162	368	368	2610	2610	6292	6292	4	4	5	5	6	6	4	4	20	20	118	118	1376	1376	1759	1759	1403	1403	890	890	88	88	72	72	1829	1829	5698	5698	45	45	48	48	3584	3584	1931	1931	79	79	129	129	1668	1668	645	645	558	558	1402	1402	8	8	8	8	34	34	33	33	79	79	73	73	1164	1164	459	459	130	130	183	183	620	620	956	956	2869828	2869828	148224	148224	6908	6908	1692	1692	469	469	461	461	8068	8068	4065	4065	18	18	225	225	932	932	650	650	74	74	180	180	219235	219235	518242	518242	212	212	245	245	442	442	317	317	22609	22609	20155	20155	153	153	34	34	5	5	511	511
IND00928	35	35	1992	1992	840	840	29	29	6644	6644	1023	1023	107	107	124	124	10548	10548	15994	15994	110	110	208	208	54	54	64	64	39	39	2152	2152	397	397	373	373	97	97	88	88	49	49	119	119	44	44	7	7	4704	4704	6146	6146	1	1	229	229	474	474	77	77	31	31	8	8	5615	5615	3497	3497	342	342	114	114	3323	3323	8105	8105	1	1	7	7	15	15	10	10	49	49	39	39	746	746	1022	1022	175	175	3231	3231	1018	1018	1035	1035	2390	2390	2629	2629	82	82	71	71	2396	2396	221	221	119	119	143	143	523	523	886	886	1527	1527	363	363	11	11	11	11	1	1	64	64	52	52	84	84	1365	1365	1946	1946	214	214	78	78	732	732	710	710	3544224	3544224	1555563	1555563	6434	6434	26	26	410	410	386	386	17507	17507	12008	12008	194	194	221	221	224	224	398	398	192	192	251	251	462682	462682	117091	117091	59	59	52	52	171	171	222	222	774	774	13587	13587	116	116	162	162	473	473	21	21
IND00929	1114	1114	858	858	46	46	76	76	8190	8190	1376	1376	21	21	95	95	65	65	10748	10748	56	56	247	247	63	63	48	48	4752	4752	8159	8159	1553	1553	941	941	94	94	16	16	121	121	11	11	50	50	43	43	2584	2584	1108	1108	115	115	24	24	154	154	149	149	7	7	32	32	6861	6861	4914	4914	494	494	14	14	8162	8162	224	224	1	1	10	10	6	6	4	4	2	2	42	42	966	966	266	266	3206	3206	3971	3971	98	98	1221	1221	7249	7249	2813	2813	86	86	203	203	2005	2005	2241	2241	144	144	122	122	1207	1207	2047	2047	470	470	3513	3513	32	32	20	20	96	96	118	118	2	2	119	119	1993	1993	174	174	167	167	210	210	282	282	189	189	789932	789932	4175881	4175881	16031	16031	12378	12378	158	158	117	117	30123	30123	27845	27845	146	146	188	188	324	324	86	86	49	49	166	166	316061	316061	309223	309223	23	23	166	166	184	184	117	117	16377	16377	27486	27486	167	167	196	196	92	92	248	248
IND00930	99	99	1712	1712	480	480	479	479	3079	3079	7550	7550	92	92	35	35	5549	5549	87	87	14	14	42	42	61	61	62	62	4308	4308	7613	7613	1761	1761	1411	1411	91	91	66	66	110	110	36	36	52	52	28	28	3810	3810	6267	6267	182	182	55	55	97	97	738	738	7	7	30	30	7086	7086	6518	6518	115	115	297	297	5462	5462	3318	3318	9	9	7	7	15	15	15	15	14	14	8	8	31	31	1702	1702	2209	2209	468	468	809	809	1830	1830	4672	4672	6121	6121	199	199	124	124	939	939	4010	4010	56	56	210	210	1728	1728	1013	1013	1493	1493	2324	2324	21	21	14	14	55	55	119	119	54	54	57	57	2583	2583	3460	3460	126	126	228	228	532	532	877	877	3255577	3255577	257445	257445	16342	16342	331	331	104	104	511	511	9266	9266	8556	8556	179	179	188	188	487	487	130	130	136	136	67	67	135566	135566	71588	71588	120	120	4	4	511	511	79	79	5708	5708	10101	10101	189	189	222	222	89	89	206	206
IND00931	1377	1377	576	576	151	151	167	167	3252	3252	1584	1584	65	65	16	16	11315	11315	5645	5645	243	243	169	169	10	10	28	28	7059	7059	2507	2507	552	552	248	248	8	8	45	45	45	45	72	72	14	14	16	16	3401	3401	842	842	1	1	250	250	688	688	307	307	17	17	13	13	3679	3679	746	746	220	220	194	194	2999	2999	7583	7583	15	15	7	7	16	16	13	13	7	7	29	29	526	526	474	474	3318	3318	791	791	1821	1821	25	25	4840	4840	309	309	128	128	124	124	3255	3255	820	820	236	236	35	35	1997	1997	1720	1720	1516	1516	82	82	24	24	12	12	89	89	35	35	106	106	11	11	454	454	3707	3707	91	91	64	64	64	64	29	29	1219793	1219793	2339801	2339801	5833	5833	195	195	373	373	20	20	31042	31042	9481	9481	182	182	4	4	182	182	670	670	252	252	42	42	308301	308301	297382	297382	233	233	217	217	131	131	464	464	1858	1858	22889	22889	209	209	189	189	110	110	66	66
IND00932	197	197	909	909	342	342	823	823	766	766	7711	7711	75	75	74	74	6404	6404	313	313	67	67	124	124	18	18	43	43	5838	5838	7801	7801	1980	1980	236	236	103	103	83	83	22	22	38	38	12	12	21	21	1071	1071	3492	3492	1	1	145	145	354	354	969	969	4	4	7	7	6894	6894	4865	4865	334	334	142	142	7936	7936	7775	7775	8	8	16	16	2	2	4	4	44	44	36	36	668	668	428	428	3628	3628	2104	2104	574	574	1117	1117	2063	2063	8036	8036	221	221	241	241	3744	3744	1179	1179	17	17	81	81	1026	1026	755	755	2106	2106	1630	1630	18	18	25	25	77	77	16	16	22	22	61	61	434	434	3080	3080	227	227	160	160	634	634	304	304	565952	565952	1547175	1547175	15546	15546	13934	13934	505	505	355	355	30493	30493	9044	9044	156	156	189	189	571	571	92	92	48	48	12	12	153897	153897	436397	436397	132	132	144	144	424	424	499	499	21233	21233	30136	30136	92	92	240	240	488	488	421	421
IND00933	834	834	761	761	476	476	1024	1024	4295	4295	5004	5004	13	13	55	55	8117	8117	1064	1064	41	41	30	30	23	23	5	5	1003	1003	3277	3277	1001	1001	489	489	101	101	51	51	28	28	64	64	13	13	63	63	3893	3893	6820	6820	33	33	226	226	791	791	988	988	12	12	30	30	4661	4661	3592	3592	375	375	78	78	2564	2564	3406	3406	13	13	8	8	16	16	16	16	38	38	53	53	658	658	1166	1166	2113	2113	679	679	956	956	1478	1478	7012	7012	3568	3568	254	254	221	221	951	951	3673	3673	209	209	121	121	66	66	1225	1225	547	547	1420	1420	5	5	26	26	33	33	26	26	93	93	5	5	3514	3514	4088	4088	32	32	184	184	595	595	301	301	2119474	2119474	1259245	1259245	5817	5817	281	281	94	94	209	209	30149	30149	12918	12918	116	116	94	94	706	706	251	251	141	141	159	159	404497	404497	161943	161943	124	124	144	144	256	256	213	213	9458	9458	18494	18494	85	85	197	197	149	149	79	79
IND00934	483	483	1763	1763	982	982	161	161	2558	2558	4439	4439	124	124	37	37	1188	1188	14935	14935	52	52	154	154	11	11	35	35	3429	3429	6794	6794	764	764	794	794	23	23	20	20	83	83	35	35	58	58	6	6	1746	1746	621	621	253	253	146	146	884	884	477	477	10	10	5	5	6023	6023	3762	3762	254	254	101	101	2043	2043	2761	2761	15	15	2	2	13	13	8	8	99	99	111	111	1879	1879	383	383	1507	1507	932	932	741	741	1592	1592	3373	3373	6465	6465	109	109	144	144	1432	1432	554	554	226	226	80	80	567	567	932	932	917	917	2739	2739	11	11	16	16	31	31	49	49	70	70	85	85	3723	3723	2632	2632	144	144	112	112	736	736	833	833	3447633	3447633	1187158	1187158	1843	1843	6721	6721	272	272	175	175	18002	18002	31150	31150	186	186	101	101	709	709	504	504	114	114	198	198	223929	223929	21664	21664	203	203	78	78	328	328	396	396	17543	17543	10841	10841	56	56	58	58	34	34	59	59
IND00935	1987	1987	940	940	519	519	1002	1002	5653	5653	1131	1131	23	23	3	3	3626	3626	8085	8085	245	245	46	46	19	19	64	64	1986	1986	5735	5735	684	684	261	261	111	111	125	125	123	123	65	65	23	23	31	31	546	546	7063	7063	123	123	71	71	736	736	853	853	8	8	5	5	1340	1340	3595	3595	168	168	250	250	4786	4786	7870	7870	5	5	2	2	9	9	6	6	46	46	35	35	1874	1874	1072	1072	3065	3065	1880	1880	536	536	939	939	2269	2269	6159	6159	202	202	228	228	1489	1489	2464	2464	178	178	24	24	625	625	1615	1615	3707	3707	139	139	14	14	27	27	82	82	13	13	73	73	9	9	3374	3374	2924	2924	44	44	102	102	741	741	791	791	3714807	3714807	944678	944678	6748	6748	14826	14826	52	52	63	63	23421	23421	14722	14722	204	204	251	251	290	290	351	351	171	171	26	26	517259	517259	380499	380499	250	250	240	240	110	110	155	155	23841	23841	20968	20968	166	166	102	102	324	324	454	454
IND00936	391	391	1525	1525	229	229	288	288	3437	3437	1180	1180	70	70	108	108	3028	3028	7455	7455	216	216	28	28	13	13	52	52	3766	3766	6029	6029	234	234	535	535	14	14	3	3	126	126	17	17	58	58	41	41	6841	6841	4040	4040	223	223	149	149	437	437	86	86	13	13	6	6	3798	3798	5731	5731	498	498	124	124	8182	8182	2214	2214	4	4	9	9	15	15	10	10	114	114	55	55	698	698	460	460	368	368	991	991	1632	1632	116	116	4274	4274	5988	5988	169	169	172	172	2566	2566	1683	1683	172	172	249	249	1244	1244	1846	1846	3082	3082	2530	2530	2	2	2	2	75	75	101	101	114	114	85	85	1947	1947	456	456	5	5	8	8	223	223	79	79	3229061	3229061	2567461	2567461	4608	4608	3272	3272	474	474	461	461	17865	17865	28930	28930	54	54	43	43	221	221	500	500	178	178	209	209	473795	473795	350876	350876	234	234	139	139	425	425	394	394	19847	19847	3298	3298	66	66	220	220	253	253	132	132
IND00937	1090	1090	515	515	12	12	484	484	4339	4339	336	336	7	7	32	32	15164	15164	10363	10363	168	168	42	42	23	23	19	19	1635	1635	6380	6380	855	855	234	234	124	124	115	115	87	87	26	26	42	42	23	23	7140	7140	2530	2530	28	28	227	227	74	74	41	41	23	23	20	20	4534	4534	864	864	162	162	220	220	7928	7928	4743	4743	16	16	9	9	13	13	14	14	53	53	117	117	6	6	1142	1142	3887	3887	912	912	725	725	693	693	2996	2996	4595	4595	77	77	243	243	2924	2924	2538	2538	134	134	16	16	1651	1651	2046	2046	2258	2258	3911	3911	15	15	27	27	34	34	17	17	40	40	84	84	2945	2945	2047	2047	211	211	146	146	861	861	17	17	516196	516196	2635355	2635355	1051	1051	4542	4542	6	6	428	428	21139	21139	23250	23250	17	17	213	213	619	619	326	326	30	30	42	42	432979	432979	95738	95738	172	172	194	194	403	403	437	437	19661	19661	31621	31621	140	140	195	195	184	184	283	283
IND00938	1836	1836	384	384	369	369	983	983	1765	1765	496	496	118	118	119	119	15564	15564	13204	13204	60	60	16	16	64	64	54	54	5049	5049	3901	3901	401	401	1785	1785	125	125	39	39	89	89	35	35	49	49	36	36	3069	3069	183	183	141	141	127	127	530	530	40	40	2	2	13	13	5190	5190	2203	2203	108	108	322	322	3790	3790	7783	7783	7	7	8	8	5	5	6	6	97	97	30	30	1699	1699	1343	1343	539	539	168	168	109	109	471	471	6896	6896	661	661	126	126	63	63	2657	2657	3337	3337	241	241	132	132	817	817	371	371	3839	3839	3451	3451	31	31	12	12	50	50	37	37	121	121	21	21	95	95	2262	2262	212	212	114	114	834	834	131	131	2630761	2630761	2796376	2796376	2203	2203	3113	3113	373	373	61	61	22866	22866	22371	22371	205	205	88	88	319	319	858	858	146	146	129	129	329955	329955	151078	151078	199	199	153	153	415	415	69	69	16387	16387	10431	10431	67	67	154	154	176	176	193	193
IND00939	952	952	1856	1856	987	987	997	997	7583	7583	3852	3852	50	50	69	69	16015	16015	14545	14545	152	152	8	8	9	9	2	2	2867	2867	2854	2854	1425	1425	1138	1138	51	51	107	107	38	38	42	42	30	30	4	4	1608	1608	621	621	44	44	6	6	348	348	528	528	10	10	3	3	3936	3936	1743	1743	335	335	71	71	1500	1500	2632	2632	9	9	7	7	7	7	11	11	23	23	119	119	462	462	614	614	1632	1632	230	230	2009	2009	1937	1937	8002	8002	1120	1120	116	116	67	67	1153	1153	3587	3587	105	105	44	44	894	894	1905	1905	2666	2666	2603	2603	7	7	10	10	3	3	53	53	72	72	115	115	35	35	3538	3538	156	156	163	163	463	463	457	457	1628737	1628737	2787471	2787471	3228	3228	9998	9998	37	37	173	173	14458	14458	1671	1671	124	124	214	214	967	967	768	768	223	223	11	11	63381	63381	412686	412686	238	238	146	146	472	472	119	119	29912	29912	13519	13519	77	77	11	11	290	290	224	224
IND00940	904	904	598	598	259	259	583	583	2598	2598	6388	6388	74	74	113	113	13302	13302	11584	11584	89	89	202	202	2	2	26	26	968	968	1173	1173	1800	1800	763	763	29	29	57	57	6	6	92	92	14	14	19	19	7558	7558	5671	5671	93	93	198	198	202	202	744	744	15	15	27	27	6771	6771	6055	6055	485	485	394	394	5642	5642	7600	7600	3	3	16	16	16	16	10	10	34	34	73	73	504	504	1643	1643	2600	2600	3258	3258	40	40	370	370	7582	7582	173	173	242	242	175	175	2021	2021	1786	1786	159	159	18	18	1885	1885	2011	2011	505	505	2345	2345	16	16	13	13	6	6	20	20	107	107	121	121	662	662	1574	1574	154	154	181	181	902	902	990	990	325540	325540	2481719	2481719	8880	8880	14450	14450	300	300	92	92	5961	5961	20346	20346	102	102	232	232	426	426	161	161	138	138	64	64	385732	385732	149171	149171	82	82	143	143	310	310	150	150	18697	18697	11322	11322	117	117	236	236	315	315	54	54
IND00941	346	346	1642	1642	200	200	116	116	3320	3320	1719	1719	84	84	118	118	15132	15132	14330	14330	217	217	177	177	38	38	1	1	5723	5723	2351	2351	1563	1563	1560	1560	61	61	26	26	56	56	37	37	25	25	22	22	7663	7663	6504	6504	28	28	250	250	79	79	669	669	17	17	28	28	4756	4756	1634	1634	356	356	452	452	2396	2396	4589	4589	1	1	7	7	13	13	6	6	29	29	28	28	459	459	909	909	339	339	913	913	543	543	744	744	1570	1570	3411	3411	58	58	224	224	2811	2811	91	91	127	127	15	15	1109	1109	1728	1728	2184	2184	3064	3064	9	9	19	19	11	11	35	35	108	108	25	25	806	806	2289	2289	202	202	124	124	246	246	291	291	2392915	2392915	1032624	1032624	3328	3328	14376	14376	127	127	296	296	30683	30683	7327	7327	70	70	128	128	373	373	751	751	95	95	35	35	210869	210869	495640	495640	219	219	50	50	38	38	489	489	3126	3126	13107	13107	144	144	105	105	114	114	219	219
IND00942	737	737	1541	1541	544	544	249	249	4804	4804	1169	1169	45	45	7	7	10881	10881	12738	12738	180	180	226	226	50	50	19	19	5506	5506	4252	4252	737	737	478	478	19	19	64	64	122	122	88	88	26	26	57	57	1007	1007	618	618	11	11	213	213	548	548	243	243	1	1	9	9	2768	2768	37	37	65	65	447	447	4329	4329	3588	3588	10	10	16	16	4	4	14	14	79	79	63	63	1454	1454	239	239	3577	3577	3525	3525	986	986	1668	1668	387	387	6793	6793	2	2	235	235	634	634	3705	3705	112	112	117	117	775	775	1811	1811	4059	4059	1507	1507	2	2	16	16	18	18	80	80	39	39	36	36	3739	3739	2072	2072	103	103	253	253	579	579	559	559	160811	160811	135291	135291	14177	14177	6923	6923	318	318	456	456	30606	30606	12376	12376	173	173	220	220	751	751	799	799	125	125	232	232	81227	81227	172721	172721	193	193	62	62	277	277	331	331	7574	7574	26331	26331	251	251	53	53	62	62	206	206
IND00943	1291	1291	670	670	827	827	693	693	7810	7810	4846	4846	36	36	32	32	7745	7745	7828	7828	252	252	208	208	35	35	20	20	7617	7617	7394	7394	1371	1371	1607	1607	17	17	22	22	90	90	72	72	20	20	38	38	7960	7960	7831	7831	118	118	212	212	45	45	864	864	19	19	2	2	320	320	7378	7378	160	160	397	397	4091	4091	3620	3620	2	2	6	6	2	2	2	2	65	65	103	103	1810	1810	768	768	3048	3048	939	939	1601	1601	1687	1687	3482	3482	513	513	26	26	146	146	225	225	649	649	180	180	18	18	901	901	1033	1033	17	17	1297	1297	7	7	3	3	69	69	6	6	36	36	26	26	1458	1458	1143	1143	134	134	83	83	871	871	339	339	2301969	2301969	4021288	4021288	9539	9539	7820	7820	506	506	252	252	7702	7702	3607	3607	7	7	171	171	28	28	711	711	9	9	215	215	402924	402924	328812	328812	48	48	183	183	29	29	14	14	4334	4334	28639	28639	2	2	253	253	215	215	383	383
IND00944	1053	1053	1329	1329	863	863	990	990	2178	2178	11	11	93	93	53	53	3082	3082	1111	1111	20	20	174	174	26	26	7	7	4600	4600	7144	7144	1910	1910	381	381	35	35	126	126	17	17	43	43	38	38	20	20	7678	7678	7354	7354	228	228	201	201	440	440	129	129	11	11	26	26	1017	1017	4155	4155	67	67	22	22	3899	3899	6655	6655	2	2	2	2	12	12	2	2	32	32	118	118	45	45	521	521	412	412	3660	3660	44	44	688	688	3116	3116	7237	7237	104	104	140	140	3171	3171	2865	2865	226	226	26	26	1035	1035	45	45	61	61	1160	1160	6	6	32	32	108	108	44	44	64	64	111	111	2925	2925	3775	3775	26	26	122	122	38	38	572	572	3697324	3697324	2607766	2607766	14139	14139	7794	7794	166	166	155	155	13262	13262	12892	12892	31	31	71	71	973	973	228	228	121	121	177	177	249026	249026	201577	201577	85	85	170	170	312	312	468	468	27323	27323	32274	32274	136	136	25	25	365	365	325	325
IND00945	1194	1194	446	446	1016	1016	573	573	88	88	4147	4147	117	117	79	79	15881	15881	2643	2643	227	227	74	74	39	39	43	43	4748	4748	93	93	1308	1308	1624	1624	22	22	87	87	108	108	56	56	49	49	64	64	6820	6820	3047	3047	242	242	164	164	140	140	426	426	3	3	14	14	1068	1068	6382	6382	190	190	106	106	860	860	1941	1941	13	13	11	11	10	10	14	14	67	67	99	99	798	798	1780	1780	3831	3831	2935	2935	1070	1070	1499	1499	5243	5243	6340	6340	65	65	133	133	184	184	568	568	243	243	72	72	432	432	797	797	1970	1970	4053	4053	5	5	1	1	12	12	42	42	69	69	80	80	2965	2965	213	213	220	220	109	109	302	302	957	957	95644	95644	4059454	4059454	8061	8061	236	236	344	344	214	214	1117	1117	27309	27309	43	43	170	170	175	175	753	753	20	20	41	41	400894	400894	191292	191292	22	22	60	60	352	352	226	226	17907	17907	8649	8649	119	119	96	96	320	320	128	128
IND00946	940	940	579	579	533	533	603	603	6621	6621	5786	5786	10	10	41	41	8445	8445	2062	2062	161	161	26	26	36	36	40	40	302	302	1706	1706	727	727	171	171	29	29	37	37	63	63	12	12	62	62	30	30	6250	6250	1970	1970	241	241	249	249	407	407	39	39	22	22	31	31	6466	6466	973	973	447	447	327	327	6268	6268	1236	1236	10	10	11	11	10	10	12	12	22	22	108	108	2010	2010	1710	1710	892	892	237	237	1370	1370	1859	1859	1087	1087	5097	5097	177	177	237	237	3098	3098	3404	3404	216	216	63	63	993	993	1565	1565	1351	1351	2021	2021	20	20	19	19	21	21	111	111	46	46	45	45	225	225	1600	1600	37	37	51	51	805	805	797	797	2693223	2693223	2736812	2736812	9793	9793	15611	15611	244	244	50	50	7348	7348	19742	19742	220	220	71	71	541	541	199	199	175	175	251	251	260741	260741	25820	25820	97	97	65	65	318	318	171	171	10813	10813	15501	15501	37	37	148	148	277	277	432	432
IND00947	1141	1141	127	127	365	365	178	178	1451	1451	1104	1104	11	11	103	103	12832	12832	9831	9831	223	223	211	211	6	6	55	55	4951	4951	4350	4350	307	307	883	883	117	117	42	42	96	96	75	75	9	9	6	6	2147	2147	7362	7362	41	41	252	252	178	178	287	287	5	5	16	16	6428	6428	2930	2930	465	465	85	85	7954	7954	4509	4509	5	5	16	16	14	14	7	7	24	24	64	64	1457	1457	1170	1170	711	711	2466	2466	147	147	1114	1114	2370	2370	4297	4297	42	42	138	138	2882	2882	1068	1068	27	27	73	73	1482	1482	1355	1355	1352	1352	3480	3480	17	17	21	21	79	79	86	86	63	63	19	19	2337	2337	1916	1916	178	178	236	236	467	467	1017	1017	2927512	2927512	1372215	1372215	13692	13692	6498	6498	32	32	471	471	23306	23306	23432	23432	19	19	89	89	822	822	94	94	1	1	89	89	316868	316868	144409	144409	64	64	141	141	498	498	25	25	23415	23415	28216	28216	17	17	132	132	500	500	216	216
IND00948	743	743	1202	1202	199	199	588	588	803	803	3825	3825	85	85	3	3	1940	1940	2227	2227	231	231	230	230	22	22	43	43	1877	1877	3075	3075	463	463	1406	1406	47	47	12	12	84	84	89	89	26	26	28	28	4285	4285	4222	4222	187	187	43	43	126	126	516	516	22	22	31	31	7155	7155	3346	3346	406	406	338	338	2468	2468	7366	7366	4	4	6	6	9	9	7	7	36	36	45	45	795	795	1949	1949	3858	3858	3972	3972	665	665	1937	1937	1715	1715	5490	5490	71	71	4	4	3497	3497	3662	3662	204	204	213	213	2018	2018	373	373	1281	1281	97	97	25	25	18	18	25	25	74	74	110	110	102	102	1724	1724	2259	2259	160	160	23	23	909	909	260	260	2572675	2572675	1026931	1026931	14323	14323	5457	5457	34	34	318	318	22363	22363	7948	7948	194	194	2	2	872	872	702	702	187	187	198	198	482193	482193	6900	6900	147	147	8	8	378	378	362	362	9763	9763	12811	12811	96	96	122	122	335	335	390	390
IND00949	859	859	885	885	745	745	849	849	6971	6971	3558	3558	35	35	77	77	7187	7187	12762	12762	85	85	106	106	26	26	42	42	858	858	7465	7465	155	155	1228	1228	25	25	66	66	42	42	42	42	49	49	9	9	1096	1096	3046	3046	42	42	93	93	166	166	741	741	26	26	18	18	7246	7246	6082	6082	444	444	404	404	5165	5165	5316	5316	8	8	13	13	2	2	11	11	50	50	119	119	1659	1659	356	356	3553	3553	2354	2354	1224	1224	1033	1033	3089	3089	7886	7886	170	170	116	116	3995	3995	3500	3500	244	244	247	247	273	273	1064	1064	1947	1947	1820	1820	1	1	13	13	102	102	95	95	128	128	1	1	2736	2736	1109	1109	243	243	235	235	443	443	671	671	2933264	2933264	1535824	1535824	11816	11816	9833	9833	49	49	91	91	8784	8784	29989	29989	20	20	154	154	241	241	855	855	2	2	172	172	165799	165799	201580	201580	137	137	46	46	31	31	408	408	14510	14510	5828	5828	229	229	256	256	209	209	248	248
IND00950	22	22	181	181	255	255	727	727	6531	6531	6963	6963	23	23	23	23	8475	8475	14153	14153	228	228	3	3	17	17	44	44	7024	7024	7122	7122	1438	1438	388	388	30	30	74	74	72	72	107	107	36	36	61	61	2825	2825	849	849	232	232	190	190	326	326	678	678	8	8	6	6	4286	4286	8114	8114	73	73	14	14	4739	4739	1209	1209	14	14	9	9	6	6	16	16	13	13	41	41	1530	1530	1143	1143	249	249	3918	3918	1026	1026	187	187	6978	6978	5874	5874	21	21	225	225	1844	1844	895	895	40	40	75	75	1832	1832	982	982	1017	1017	2559	2559	5	5	12	12	58	58	70	70	61	61	115	115	302	302	946	946	24	24	148	148	1012	1012	899	899	158450	158450	4000250	4000250	14720	14720	13512	13512	467	467	64	64	23081	23081	24934	24934	121	121	131	131	887	887	556	556	5	5	135	135	27246	27246	371887	371887	104	104	244	244	511	511	419	419	9222	9222	31865	31865	190	190	19	19	328	328	171	171
IND00951	762	762	94	94	643	643	472	472	21	21	3880	3880	124	124	88	88	10472	10472	13164	13164	223	223	116	116	7	7	5	5	6258	6258	3820	3820	1412	1412	140	140	55	55	47	47	16	16	9	9	48	48	41	41	4284	4284	1673	1673	77	77	168	168	146	146	502	502	8	8	3	3	3236	3236	5397	5397	121	121	3	3	1358	1358	5474	5474	6	6	10	10	1	1	3	3	127	127	110	110	524	524	813	813	3606	3606	1436	1436	1059	1059	1632	1632	3316	3316	5521	5521	162	162	198	198	64	64	3864	3864	64	64	155	155	1000	1000	1799	1799	2548	2548	3848	3848	1	1	29	29	110	110	94	94	115	115	80	80	2256	2256	31	31	247	247	84	84	163	163	610	610	2973856	2973856	2470334	2470334	4829	4829	12722	12722	95	95	489	489	16033	16033	31842	31842	205	205	231	231	347	347	701	701	3	3	26	26	282127	282127	383739	383739	211	211	230	230	478	478	285	285	2493	2493	25448	25448	80	80	241	241	156	156	61	61
IND00952	1455	1455	277	277	389	389	863	863	4779	4779	803	803	70	70	102	102	1531	1531	1254	1254	230	230	201	201	14	14	31	31	5239	5239	2214	2214	472	472	686	686	127	127	67	67	66	66	117	117	5	5	47	47	3206	3206	1652	1652	82	82	25	25	564	564	470	470	3	3	10	10	3943	3943	4039	4039	258	258	6	6	2427	2427	7750	7750	4	4	10	10	9	9	13	13	125	125	70	70	1121	1121	1310	1310	796	796	1148	1148	1836	1836	324	324	128	128	7748	7748	165	165	95	95	1434	1434	1690	1690	212	212	67	67	105	105	1931	1931	2081	2081	258	258	13	13	6	6	58	58	75	75	9	9	105	105	2118	2118	1931	1931	76	76	183	183	961	961	34	34	267225	267225	1461988	1461988	3249	3249	13100	13100	332	332	341	341	23691	23691	27560	27560	51	51	234	234	677	677	209	209	24	24	168	168	12068	12068	257060	257060	221	221	76	76	334	334	332	332	13431	13431	3759	3759	44	44	75	75	81	81	369	369
IND00953	804	804	1664	1664	910	910	586	586	243	243	3136	3136	61	61	5	5	1052	1052	12584	12584	205	205	168	168	22	22	35	35	6105	6105	2342	2342	1223	1223	555	555	105	105	103	103	66	66	121	121	22	22	23	23	2514	2514	5829	5829	52	52	101	101	1022	1022	362	362	12	12	26	26	1065	1065	3818	3818	508	508	382	382	5359	5359	7873	7873	5	5	9	9	13	13	6	6	17	17	13	13	930	930	1950	1950	2639	2639	3658	3658	1440	1440	551	551	6529	6529	4432	4432	96	96	91	91	2271	2271	3691	3691	220	220	102	102	1735	1735	407	407	3300	3300	1145	1145	9	9	23	23	25	25	89	89	64	64	10	10	2705	2705	2589	2589	231	231	143	143	1023	1023	630	630	1250050	1250050	1514363	1514363	11677	11677	4921	4921	396	396	9	9	13026	13026	12736	12736	18	18	146	146	441	441	908	908	17	17	153	153	471226	471226	270798	270798	204	204	52	52	450	450	469	469	6802	6802	6559	6559	65	65	89	89	152	152	418	418
IND00954	1946	1946	23	23	266	266	563	563	5746	5746	6634	6634	65	65	73	73	15921	15921	89	89	122	122	8	8	13	13	46	46	865	865	8025	8025	1111	1111	951	951	110	110	31	31	70	70	68	68	58	58	52	52	1781	1781	2293	2293	182	182	93	93	1006	1006	264	264	18	18	18	18	7966	7966	2609	2609	464	464	509	509	4715	4715	5766	5766	16	16	12	12	14	14	16	16	54	54	88	88	213	213	1397	1397	2213	2213	3115	3115	483	483	344	344	4044	4044	7408	7408	68	68	24	24	404	404	3564	3564	70	70	243	243	598	598	1469	1469	408	408	1044	1044	21	21	13	13	92	92	100	100	71	71	93	93	809	809	55	55	40	40	122	122	680	680	887	887	398005	398005	3104150	3104150	1940	1940	15505	15505	498	498	305	305	23262	23262	13203	13203	226	226	36	36	56	56	301	301	228	228	22	22	401289	401289	283234	283234	101	101	47	47	53	53	9	9	23537	23537	21359	21359	76	76	162	162	15	15	491	491
IND00955	1839	1839	1006	1006	372	372	7	7	4086	4086	5807	5807	111	111	26	26	7707	7707	2727	2727	156	156	216	216	13	13	37	37	6855	6855	465	465	638	638	1301	1301	59	59	78	78	61	61	73	73	35	35	37	37	4286	4286	4044	4044	114	114	214	214	649	649	114	114	20	20	7	7	5495	5495	4513	4513	252	252	480	480	1910	1910	5807	5807	12	12	11	11	14	14	3	3	27	27	88	88	318	318	1540	1540	25	25	3036	3036	779	779	1358	1358	2320	2320	45	45	252	252	201	201	207	207	2463	2463	124	124	179	179	1076	1076	125	125	38	38	2317	2317	8	8	30	30	45	45	85	85	21	21	79	79	1337	1337	2546	2546	155	155	57	57	340	340	70	70	798265	798265	3246024	3246024	11953	11953	2531	2531	220	220	394	394	32166	32166	14350	14350	12	12	148	148	611	611	985	985	95	95	243	243	9495	9495	258489	258489	178	178	135	135	203	203	480	480	8830	8830	17112	17112	177	177	6	6	151	151	174	174
IND00956	395	395	1738	1738	458	458	696	696	5599	5599	6665	6665	114	114	101	101	10188	10188	2744	2744	250	250	122	122	52	52	26	26	1037	1037	4839	4839	576	576	1612	1612	84	84	88	88	76	76	41	41	5	5	38	38	2396	2396	2137	2137	166	166	92	92	201	201	314	314	5	5	14	14	1445	1445	2069	2069	404	404	268	268	642	642	1001	1001	6	6	6	6	7	7	12	12	59	59	115	115	1259	1259	814	814	181	181	935	935	437	437	567	567	4925	4925	3121	3121	182	182	11	11	1477	1477	1586	1586	179	179	235	235	819	819	706	706	377	377	1820	1820	29	29	3	3	123	123	38	38	107	107	39	39	3013	3013	1766	1766	96	96	193	193	870	870	441	441	2795575	2795575	3068139	3068139	14483	14483	15929	15929	151	151	2	2	16028	16028	13350	13350	253	253	146	146	30	30	343	343	226	226	176	176	202118	202118	140619	140619	220	220	127	127	277	277	235	235	17121	17121	27651	27651	223	223	152	152	321	321	366	366
IND00957	1566	1566	741	741	56	56	484	484	6763	6763	125	125	90	90	62	62	11771	11771	8347	8347	192	192	98	98	33	33	28	28	4850	4850	6022	6022	250	250	762	762	119	119	85	85	115	115	31	31	58	58	49	49	3523	3523	6654	6654	141	141	228	228	715	715	227	227	14	14	13	13	7863	7863	6944	6944	295	295	22	22	623	623	688	688	14	14	7	7	2	2	3	3	38	38	100	100	1306	1306	338	338	1045	1045	908	908	1995	1995	741	741	3794	3794	5729	5729	220	220	130	130	819	819	798	798	61	61	185	185	590	590	2031	2031	2052	2052	1828	1828	26	26	17	17	82	82	60	60	19	19	45	45	3215	3215	862	862	191	191	91	91	971	971	262	262	2108527	2108527	1606537	1606537	10962	10962	410	410	334	334	399	399	29843	29843	20831	20831	49	49	151	151	962	962	379	379	84	84	88	88	330114	330114	125661	125661	165	165	117	117	392	392	28	28	30817	30817	10055	10055	144	144	212	212	40	40	204	204
IND00958	549	549	576	576	961	961	379	379	5994	5994	4938	4938	94	94	42	42	7396	7396	5620	5620	119	119	106	106	11	11	44	44	898	898	4651	4651	1466	1466	1704	1704	9	9	62	62	71	71	101	101	54	54	16	16	1741	1741	2351	2351	216	216	159	159	371	371	77	77	26	26	6	6	7320	7320	4053	4053	485	485	127	127	5667	5667	1544	1544	7	7	1	1	14	14	4	4	37	37	110	110	47	47	1256	1256	1666	1666	1395	1395	756	756	1537	1537	4999	4999	3070	3070	88	88	189	189	489	489	1787	1787	185	185	217	217	813	813	1182	1182	987	987	3748	3748	7	7	32	32	123	123	68	68	57	57	107	107	1355	1355	437	437	208	208	193	193	608	608	420	420	1706704	1706704	1473566	1473566	12812	12812	4391	4391	9	9	218	218	9962	9962	17275	17275	244	244	46	46	980	980	868	868	79	79	88	88	493733	493733	186704	186704	105	105	9	9	42	42	162	162	12701	12701	2161	2161	56	56	49	49	59	59	382	382
IND00959	1789	1789	1840	1840	131	131	637	637	91	91	407	407	78	78	6	6	10373	10373	7449	7449	153	153	91	91	56	56	60	60	2013	2013	765	765	146	146	552	552	103	103	34	34	121	121	62	62	42	42	37	37	1812	1812	5341	5341	147	147	174	174	626	626	77	77	13	13	16	16	4059	4059	162	162	324	324	5	5	3388	3388	4503	4503	16	16	15	15	7	7	15	15	86	86	68	68	714	714	334	334	3078	3078	1288	1288	1785	1785	100	100	7074	7074	828	828	37	37	8	8	2617	2617	2666	2666	118	118	18	18	1631	1631	1769	1769	1544	1544	1719	1719	17	17	1	1	110	110	85	85	73	73	56	56	975	975	413	413	222	222	146	146	670	670	1000	1000	1547680	1547680	1038975	1038975	7727	7727	10865	10865	204	204	159	159	5770	5770	8696	8696	185	185	200	200	37	37	311	311	240	240	217	217	43464	43464	25422	25422	181	181	148	148	104	104	4	4	18061	18061	11281	11281	170	170	83	83	145	145	224	224
IND00960	768	768	1564	1564	38	38	246	246	4663	4663	7345	7345	13	13	85	85	9729	9729	14898	14898	227	227	37	37	23	23	23	23	4455	4455	339	339	1889	1889	877	877	49	49	66	66	48	48	90	90	19	19	12	12	6757	6757	3856	3856	132	132	212	212	391	391	910	910	1	1	1	1	274	274	643	643	12	12	116	116	7315	7315	2244	2244	7	7	7	7	9	9	11	11	103	103	49	49	1716	1716	401	401	675	675	2583	2583	1882	1882	414	414	4733	4733	1942	1942	199	199	153	153	1915	1915	2584	2584	174	174	79	79	1671	1671	35	35	3000	3000	661	661	26	26	10	10	63	63	37	37	88	88	124	124	1452	1452	1901	1901	199	199	245	245	60	60	284	284	1576229	1576229	4152608	4152608	1401	1401	16127	16127	39	39	363	363	20025	20025	13230	13230	39	39	252	252	710	710	1005	1005	166	166	3	3	83473	83473	307219	307219	58	58	121	121	162	162	237	237	30504	30504	13241	13241	209	209	136	136	233	233	467	467
IND00961	1918	1918	1647	1647	30	30	849	849	7384	7384	5717	5717	95	95	121	121	12595	12595	4827	4827	233	233	180	180	5	5	19	19	3943	3943	3610	3610	1311	1311	53	53	122	122	86	86	126	126	42	42	33	33	12	12	6052	6052	334	334	109	109	126	126	549	549	815	815	6	6	18	18	4251	4251	6337	6337	306	306	486	486	6549	6549	7475	7475	8	8	13	13	11	11	15	15	104	104	118	118	1281	1281	581	581	903	903	1735	1735	224	224	1517	1517	1743	1743	3437	3437	31	31	186	186	2272	2272	3363	3363	223	223	156	156	958	958	829	829	3072	3072	3653	3653	25	25	7	7	81	81	20	20	33	33	98	98	501	501	3887	3887	6	6	14	14	61	61	893	893	849283	849283	3192285	3192285	13032	13032	14050	14050	254	254	71	71	22509	22509	26456	26456	40	40	74	74	1011	1011	807	807	184	184	67	67	319304	319304	230534	230534	180	180	5	5	355	355	455	455	31729	31729	17957	17957	22	22	30	30	371	371	286	286
IND00962	607	607	1610	1610	77	77	580	580	7938	7938	6346	6346	7	7	113	113	11603	11603	12238	12238	152	152	47	47	48	48	2	2	1561	1561	173	173	131	131	1093	1093	103	103	19	19	90	90	123	123	24	24	24	24	7495	7495	205	205	53	53	141	141	446	446	122	122	25	25	8	8	2416	2416	216	216	309	309	65	65	4427	4427	3942	3942	15	15	12	12	13	13	8	8	53	53	78	78	460	460	834	834	2913	2913	461	461	1368	1368	1491	1491	790	790	3747	3747	175	175	206	206	3161	3161	1104	1104	33	33	85	85	1483	1483	88	88	502	502	685	685	20	20	26	26	52	52	50	50	27	27	13	13	3607	3607	2230	2230	44	44	248	248	65	65	555	555	1630187	1630187	3584343	3584343	9684	9684	3532	3532	54	54	141	141	13758	13758	4707	4707	53	53	69	69	899	899	7	7	30	30	15	15	152010	152010	485038	485038	231	231	70	70	297	297	252	252	551	551	17161	17161	169	169	236	236	178	178	93	93
IND00963	887	887	1021	1021	899	899	592	592	3850	3850	3922	3922	8	8	103	103	2114	2114	10243	10243	68	68	231	231	57	57	44	44	2975	2975	7503	7503	1480	1480	1073	1073	83	83	114	114	40	40	29	29	3	3	57	57	6638	6638	3980	3980	221	221	61	61	374	374	402	402	20	20	6	6	3709	3709	1925	1925	306	306	450	450	7764	7764	1837	1837	2	2	1	1	10	10	5	5	55	55	68	68	1417	1417	568	568	4046	4046	1432	1432	1912	1912	984	984	886	886	5396	5396	171	171	65	65	1940	1940	2788	2788	133	133	78	78	1872	1872	94	94	1933	1933	3712	3712	17	17	5	5	125	125	123	123	104	104	100	100	1285	1285	799	799	69	69	24	24	123	123	149	149	1960082	1960082	1819530	1819530	90	90	6175	6175	47	47	131	131	2447	2447	20514	20514	17	17	121	121	423	423	516	516	82	82	23	23	182317	182317	30690	30690	110	110	180	180	53	53	363	363	839	839	21904	21904	207	207	95	95	316	316	223	223
IND00964	353	353	951	951	103	103	125	125	1583	1583	3152	3152	75	75	99	99	3353	3353	13146	13146	171	171	131	131	8	8	26	26	2725	2725	5122	5122	1297	1297	1239	1239	41	41	68	68	48	48	82	82	21	21	61	61	2637	2637	5580	5580	53	53	187	187	577	577	600	600	10	10	20	20	8010	8010	1793	1793	162	162	474	474	4018	4018	4325	4325	15	15	9	9	8	8	2	2	36	36	8	8	1451	1451	928	928	3352	3352	1375	1375	1991	1991	992	992	3645	3645	2587	2587	166	166	237	237	1670	1670	547	547	157	157	65	65	1246	1246	891	891	1136	1136	4027	4027	26	26	25	25	45	45	19	19	110	110	44	44	4002	4002	1474	1474	116	116	233	233	935	935	871	871	2353671	2353671	317199	317199	8456	8456	7563	7563	193	193	478	478	14122	14122	5290	5290	23	23	244	244	104	104	678	678	141	141	136	136	516626	516626	395711	395711	141	141	70	70	5	5	131	131	17991	17991	4102	4102	244	244	82	82	84	84	243	243
IND00965	1876	1876	1359	1359	37	37	394	394	6622	6622	7691	7691	22	22	62	62	10189	10189	14192	14192	156	156	150	150	1	1	4	4	6900	6900	6711	6711	531	531	1060	1060	64	64	73	73	33	33	35	35	21	21	38	38	5074	5074	1011	1011	182	182	8	8	27	27	936	936	14	14	2	2	5073	5073	3252	3252	213	213	164	164	5298	5298	2550	2550	6	6	11	11	15	15	16	16	79	79	98	98	1743	1743	28	28	1224	1224	214	214	451	451	868	868	1964	1964	233	233	175	175	84	84	3745	3745	708	708	205	205	22	22	309	309	963	963	1756	1756	1959	1959	2	2	17	17	13	13	49	49	42	42	52	52	4021	4021	50	50	184	184	61	61	428	428	738	738	647066	647066	3584826	3584826	300	300	7944	7944	81	81	266	266	22512	22512	8832	8832	77	77	37	37	732	732	1008	1008	214	214	248	248	5765	5765	95907	95907	186	186	135	135	205	205	230	230	32538	32538	4978	4978	35	35	13	13	283	283	224	224
IND00966	1293	1293	2037	2037	380	380	156	156	7128	7128	3937	3937	4	4	1	1	14760	14760	8960	8960	248	248	8	8	62	62	3	3	5753	5753	7080	7080	1536	1536	561	561	95	95	120	120	84	84	72	72	48	48	45	45	3268	3268	5597	5597	120	120	157	157	771	771	873	873	13	13	1	1	3340	3340	5492	5492	304	304	427	427	1260	1260	83	83	3	3	10	10	2	2	8	8	110	110	104	104	1626	1626	1581	1581	425	425	1593	1593	1024	1024	1527	1527	6705	6705	5070	5070	100	100	237	237	2002	2002	2496	2496	109	109	104	104	472	472	1733	1733	640	640	3394	3394	7	7	16	16	32	32	2	2	79	79	126	126	1629	1629	3732	3732	213	213	103	103	650	650	100	100	3044659	3044659	495034	495034	12615	12615	12565	12565	362	362	215	215	5043	5043	12837	12837	5	5	83	83	291	291	671	671	29	29	20	20	81692	81692	315352	315352	62	62	71	71	476	476	44	44	11186	11186	18940	18940	62	62	95	95	223	223	105	105
IND00967	1541	1541	1598	1598	974	974	112	112	5745	5745	7305	7305	116	116	70	70	6974	6974	7861	7861	256	256	248	248	48	48	35	35	2483	2483	7298	7298	617	617	185	185	29	29	44	44	57	57	32	32	63	63	40	40	6254	6254	5359	5359	199	199	135	135	128	128	597	597	6	6	17	17	6372	6372	6473	6473	229	229	473	473	3101	3101	138	138	16	16	15	15	2	2	7	7	12	12	57	57	1936	1936	1391	1391	3522	3522	1536	1536	564	564	657	657	3735	3735	518	518	124	124	213	213	2668	2668	2224	2224	22	22	124	124	567	567	164	164	1994	1994	357	357	9	9	4	4	115	115	113	113	98	98	39	39	4069	4069	989	989	166	166	113	113	324	324	672	672	1866736	1866736	1394147	1394147	14286	14286	13471	13471	446	446	109	109	82	82	27345	27345	187	187	162	162	687	687	64	64	31	31	193	193	509449	509449	288489	288489	126	126	106	106	21	21	98	98	7719	7719	19244	19244	121	121	192	192	126	126	29	29
IND00968	834	834	1225	1225	468	468	329	329	7022	7022	2247	2247	62	62	44	44	13661	13661	13883	13883	8	8	138	138	45	45	45	45	785	785	1284	1284	15	15	761	761	115	115	94	94	107	107	125	125	51	51	64	64	5582	5582	1139	1139	186	186	130	130	223	223	912	912	6	6	9	9	7421	7421	291	291	189	189	150	150	3040	3040	7791	7791	7	7	16	16	12	12	11	11	22	22	47	47	1658	1658	1356	1356	1656	1656	3551	3551	1656	1656	1965	1965	1013	1013	2080	2080	228	228	137	137	1578	1578	240	240	110	110	81	81	681	681	993	993	2703	2703	2885	2885	32	32	5	5	9	9	92	92	92	92	119	119	2797	2797	3154	3154	126	126	92	92	351	351	690	690	2477437	2477437	122377	122377	9977	9977	9053	9053	68	68	62	62	5097	5097	10975	10975	179	179	36	36	716	716	152	152	187	187	171	171	125721	125721	266510	266510	105	105	254	254	273	273	135	135	25750	25750	20134	20134	123	123	44	44	137	137	480	480
IND00969	255	255	436	436	813	813	375	375	6588	6588	4384	4384	108	108	55	55	12589	12589	14527	14527	157	157	141	141	52	52	63	63	5667	5667	2968	2968	778	778	767	767	53	53	27	27	62	62	117	117	31	31	44	44	1651	1651	1780	1780	135	135	102	102	468	468	169	169	9	9	13	13	177	177	3678	3678	189	189	89	89	4893	4893	6209	6209	11	11	16	16	7	7	11	11	29	29	113	113	15	15	908	908	2578	2578	145	145	490	490	743	743	2695	2695	7717	7717	163	163	35	35	3941	3941	2521	2521	211	211	227	227	833	833	852	852	2067	2067	590	590	18	18	24	24	74	74	108	108	54	54	108	108	3441	3441	2411	2411	47	47	249	249	728	728	357	357	540226	540226	2396048	2396048	1021	1021	640	640	73	73	323	323	6190	6190	5302	5302	52	52	22	22	83	83	663	663	154	154	214	214	479152	479152	496795	496795	243	243	151	151	377	377	327	327	9407	9407	11895	11895	212	212	16	16	30	30	125	125
IND00970	1594	1594	80	80	419	419	831	831	7712	7712	34	34	15	15	43	43	8931	8931	11120	11120	157	157	132	132	8	8	24	24	6852	6852	87	87	566	566	137	137	117	117	85	85	44	44	15	15	28	28	62	62	5795	5795	1997	1997	233	233	176	176	306	306	630	630	9	9	3	3	7043	7043	4977	4977	68	68	343	343	5540	5540	4486	4486	5	5	4	4	7	7	4	4	14	14	27	27	1455	1455	769	769	2064	2064	3984	3984	443	443	32	32	8155	8155	696	696	213	213	74	74	1646	1646	2012	2012	83	83	63	63	1491	1491	1892	1892	153	153	3792	3792	11	11	12	12	78	78	128	128	76	76	15	15	331	331	1909	1909	223	223	236	236	745	745	340	340	1152391	1152391	3463099	3463099	14103	14103	4607	4607	106	106	204	204	2076	2076	19792	19792	170	170	71	71	718	718	945	945	123	123	44	44	488989	488989	292013	292013	122	122	142	142	41	41	173	173	10180	10180	18931	18931	149	149	126	126	315	315	387	387
IND00971	1004	1004	1576	1576	511	511	100	100	7633	7633	7909	7909	59	59	12	12	4679	4679	9615	9615	52	52	49	49	29	29	21	21	1165	1165	1403	1403	611	611	525	525	127	127	85	85	84	84	21	21	42	42	10	10	284	284	7599	7599	139	139	100	100	357	357	503	503	30	30	26	26	3647	3647	1492	1492	2	2	443	443	7077	7077	1960	1960	14	14	14	14	13	13	5	5	24	24	95	95	536	536	1468	1468	599	599	3821	3821	1268	1268	920	920	6514	6514	3145	3145	49	49	180	180	3177	3177	475	475	208	208	48	48	1040	1040	352	352	783	783	3707	3707	3	3	8	8	31	31	3	3	14	14	48	48	1779	1779	993	993	133	133	242	242	273	273	629	629	446739	446739	3721537	3721537	118	118	9859	9859	330	330	56	56	21249	21249	25648	25648	53	53	136	136	225	225	863	863	111	111	254	254	470589	470589	313369	313369	95	95	121	121	285	285	213	213	18397	18397	14556	14556	208	208	123	123	466	466	206	206
IND00972	193	193	951	951	444	444	490	490	503	503	7253	7253	114	114	25	25	14849	14849	10098	10098	153	153	250	250	34	34	7	7	1839	1839	7064	7064	469	469	200	200	98	98	12	12	89	89	79	79	52	52	48	48	4806	4806	6169	6169	249	249	210	210	242	242	409	409	18	18	1	1	6520	6520	4732	4732	396	396	152	152	4609	4609	264	264	10	10	13	13	3	3	4	4	79	79	75	75	924	924	180	180	3058	3058	3748	3748	1564	1564	94	94	5438	5438	386	386	17	17	111	111	3106	3106	1201	1201	6	6	119	119	949	949	656	656	3384	3384	876	876	17	17	12	12	70	70	94	94	4	4	101	101	260	260	3950	3950	142	142	68	68	760	760	890	890	504518	504518	4077239	4077239	1417	1417	6070	6070	21	21	296	296	23331	23331	5041	5041	170	170	105	105	1008	1008	282	282	66	66	213	213	452032	452032	503332	503332	53	53	35	35	247	247	325	325	16153	16153	19917	19917	72	72	206	206	214	214	187	187
IND00973	359	359	1365	1365	592	592	199	199	4564	4564	2321	2321	83	83	12	12	2737	2737	2639	2639	231	231	151	151	14	14	29	29	1436	1436	3447	3447	2032	2032	959	959	17	17	37	37	105	105	3	3	33	33	8	8	7911	7911	8070	8070	116	116	218	218	318	318	633	633	11	11	31	31	977	977	7840	7840	340	340	304	304	1549	1549	6076	6076	16	16	2	2	2	2	16	16	95	95	93	93	527	527	1264	1264	2532	2532	2792	2792	170	170	1048	1048	3817	3817	7465	7465	176	176	142	142	3392	3392	2675	2675	77	77	189	189	1683	1683	87	87	2384	2384	2991	2991	13	13	2	2	86	86	89	89	50	50	49	49	84	84	804	804	67	67	89	89	193	193	14	14	2033646	2033646	542474	542474	11680	11680	5616	5616	312	312	251	251	18084	18084	21661	21661	189	189	177	177	82	82	568	568	94	94	215	215	69871	69871	255312	255312	127	127	169	169	477	477	446	446	5343	5343	12060	12060	223	223	76	76	64	64	158	158
IND00974	3	3	126	126	516	516	579	579	2113	2113	4887	4887	91	91	45	45	15054	15054	11655	11655	147	147	243	243	54	54	32	32	3250	3250	1505	1505	945	945	313	313	57	57	54	54	51	51	97	97	44	44	52	52	2094	2094	155	155	4	4	199	199	654	654	919	919	23	23	30	30	4186	4186	3682	3682	463	463	66	66	2883	2883	5974	5974	13	13	2	2	2	2	16	16	88	88	47	47	1043	1043	797	797	1957	1957	2181	2181	1763	1763	122	122	2794	2794	8139	8139	19	19	137	137	1711	1711	3271	3271	174	174	192	192	684	684	1724	1724	456	456	588	588	27	27	16	16	44	44	118	118	43	43	32	32	4051	4051	2794	2794	95	95	236	236	674	674	52	52	1956541	1956541	1794967	1794967	15717	15717	9084	9084	239	239	179	179	9273	9273	6774	6774	132	132	8	8	194	194	122	122	87	87	134	134	267762	267762	322976	322976	167	167	70	70	181	181	392	392	28552	28552	960	960	100	100	252	252	359	359	94	94
IND00975	420	420	1689	1689	293	293	382	382	4921	4921	4139	4139	52	52	33	33	15975	15975	5933	5933	123	123	150	150	33	33	60	60	4670	4670	4052	4052	2037	2037	1256	1256	12	12	52	52	83	83	85	85	20	20	22	22	1001	1001	4450	4450	256	256	202	202	172	172	224	224	11	11	24	24	7376	7376	6860	6860	97	97	394	394	1816	1816	5133	5133	12	12	7	7	11	11	15	15	43	43	67	67	1440	1440	791	791	2242	2242	3339	3339	1323	1323	1419	1419	4924	4924	582	582	189	189	124	124	2656	2656	992	992	242	242	192	192	2046	2046	1955	1955	48	48	2746	2746	8	8	32	32	90	90	37	37	32	32	71	71	4089	4089	3480	3480	96	96	22	22	550	550	638	638	3343473	3343473	1328194	1328194	6219	6219	10760	10760	101	101	9	9	10434	10434	433	433	204	204	123	123	284	284	892	892	35	35	197	197	62699	62699	23201	23201	188	188	104	104	342	342	273	273	27536	27536	12904	12904	18	18	216	216	402	402	456	456
IND00976	994	994	647	647	257	257	266	266	5101	5101	6929	6929	17	17	122	122	12565	12565	10854	10854	239	239	67	67	11	11	43	43	2166	2166	642	642	1056	1056	7	7	26	26	80	80	89	89	128	128	61	61	50	50	7706	7706	5150	5150	133	133	214	214	308	308	783	783	6	6	32	32	4525	4525	3767	3767	90	90	351	351	245	245	7045	7045	11	11	9	9	4	4	14	14	24	24	58	58	1390	1390	625	625	1329	1329	2702	2702	464	464	805	805	4609	4609	5567	5567	138	138	208	208	3353	3353	129	129	84	84	75	75	1487	1487	584	584	3630	3630	2051	2051	30	30	21	21	50	50	23	23	32	32	14	14	3049	3049	211	211	144	144	135	135	815	815	419	419	3718290	3718290	1992188	1992188	13045	13045	3443	3443	71	71	107	107	854	854	15851	15851	218	218	154	154	190	190	149	149	33	33	37	37	482442	482442	407501	407501	192	192	213	213	444	444	506	506	20559	20559	15000	15000	150	150	132	132	415	415	312	312
IND00977	1179	1179	237	237	776	776	520	520	2183	2183	4695	4695	115	115	11	11	3622	3622	5555	5555	92	92	182	182	3	3	60	60	925	925	45	45	508	508	1202	1202	109	109	111	111	89	89	49	49	31	31	31	31	3226	3226	1575	1575	56	56	252	252	653	653	722	722	20	20	1	1	3104	3104	6258	6258	221	221	500	500	3038	3038	5442	5442	7	7	11	11	1	1	15	15	89	89	59	59	1600	1600	1303	1303	1346	1346	1470	1470	1319	1319	789	789	5262	5262	1771	1771	14	14	168	168	1005	1005	3116	3116	91	91	68	68	1516	1516	708	708	3822	3822	2759	2759	12	12	30	30	73	73	102	102	52	52	86	86	3454	3454	24	24	82	82	112	112	394	394	206	206	704732	704732	3377872	3377872	5271	5271	12328	12328	90	90	467	467	12800	12800	15378	15378	44	44	102	102	835	835	929	929	212	212	202	202	403026	403026	6419	6419	188	188	2	2	444	444	29	29	26237	26237	438	438	98	98	221	221	31	31	43	43
IND00978	99	99	95	95	901	901	650	650	5684	5684	1317	1317	49	49	11	11	12324	12324	14432	14432	106	106	75	75	33	33	49	49	6728	6728	2733	2733	1530	1530	1911	1911	24	24	102	102	76	76	44	44	53	53	10	10	5719	5719	641	641	10	10	120	120	768	768	229	229	29	29	19	19	5996	5996	5005	5005	310	310	375	375	4148	4148	6464	6464	10	10	3	3	5	5	11	11	17	17	58	58	1033	1033	1325	1325	1596	1596	809	809	1542	1542	673	673	6805	6805	1880	1880	135	135	190	190	1296	1296	457	457	117	117	185	185	611	611	968	968	2608	2608	2580	2580	19	19	2	2	111	111	83	83	94	94	23	23	1979	1979	2578	2578	172	172	30	30	536	536	911	911	1023382	1023382	2077951	2077951	3200	3200	11037	11037	434	434	152	152	13364	13364	9742	9742	194	194	9	9	893	893	417	417	105	105	89	89	128593	128593	155623	155623	145	145	231	231	43	43	264	264	29367	29367	9456	9456	243	243	184	184	116	116	272	272
IND00979	912	912	1838	1838	359	359	974	974	6957	6957	1565	1565	67	67	76	76	963	963	1885	1885	59	59	150	150	8	8	27	27	3915	3915	7761	7761	1917	1917	359	359	77	77	41	41	57	57	106	106	57	57	46	46	1238	1238	4275	4275	114	114	59	59	37	37	699	699	8	8	28	28	16	16	2546	2546	6	6	92	92	4705	4705	7182	7182	7	7	12	12	7	7	9	9	126	126	101	101	1513	1513	1176	1176	1088	1088	3281	3281	438	438	1569	1569	3832	3832	2277	2277	134	134	139	139	2199	2199	2538	2538	87	87	2	2	1317	1317	1933	1933	2551	2551	3995	3995	30	30	6	6	115	115	2	2	11	11	45	45	3583	3583	2412	2412	234	234	154	154	990	990	41	41	955840	955840	687580	687580	5028	5028	4961	4961	508	508	381	381	27780	27780	23311	23311	48	48	19	19	989	989	98	98	9	9	141	141	28568	28568	468819	468819	233	233	44	44	433	433	176	176	3234	3234	29511	29511	36	36	54	54	202	202	253	253
IND00980	315	315	1866	1866	128	128	83	83	7247	7247	3080	3080	22	22	87	87	15595	15595	15239	15239	219	219	12	12	11	11	63	63	4263	4263	2670	2670	262	262	1804	1804	65	65	67	67	99	99	55	55	14	14	62	62	437	437	5442	5442	58	58	23	23	608	608	645	645	19	19	30	30	652	652	8181	8181	236	236	438	438	4002	4002	651	651	1	1	14	14	12	12	13	13	23	23	110	110	147	147	285	285	3618	3618	1242	1242	157	157	1864	1864	5728	5728	369	369	18	18	219	219	2563	2563	500	500	12	12	47	47	746	746	251	251	2306	2306	3165	3165	8	8	3	3	51	51	87	87	40	40	115	115	1491	1491	1831	1831	178	178	19	19	489	489	988	988	1276041	1276041	2152608	2152608	6978	6978	13287	13287	324	324	114	114	4002	4002	21552	21552	111	111	184	184	879	879	391	391	241	241	61	61	347323	347323	470942	470942	148	148	174	174	79	79	9	9	20896	20896	28921	28921	103	103	47	47	477	477	79	79
IND00981	750	750	399	399	351	351	230	230	7531	7531	3418	3418	121	121	20	20	15419	15419	3829	3829	231	231	111	111	18	18	2	2	4876	4876	2824	2824	1820	1820	878	878	125	125	71	71	23	23	77	77	47	47	55	55	11	11	2908	2908	86	86	22	22	186	186	562	562	7	7	9	9	1966	1966	7570	7570	43	43	365	365	4033	4033	3322	3322	5	5	15	15	15	15	3	3	22	22	47	47	1083	1083	2	2	2873	2873	3316	3316	1181	1181	865	865	7127	7127	7944	7944	147	147	256	256	3535	3535	1145	1145	196	196	231	231	890	890	68	68	2632	2632	890	890	4	4	23	23	54	54	112	112	91	91	84	84	317	317	1393	1393	144	144	211	211	225	225	353	353	3295804	3295804	1476735	1476735	9715	9715	6634	6634	38	38	207	207	5076	5076	6703	6703	101	101	2	2	439	439	342	342	237	237	48	48	202201	202201	237266	237266	207	207	234	234	269	269	235	235	30638	30638	28858	28858	227	227	16	16	475	475	329	329
IND00982	976	976	1392	1392	507	507	869	869	5015	5015	3212	3212	72	72	10	10	1188	1188	15485	15485	175	175	132	132	48	48	23	23	2732	2732	2524	2524	725	725	188	188	45	45	72	72	30	30	71	71	40	40	3	3	4832	4832	2118	2118	205	205	61	61	875	875	726	726	18	18	27	27	141	141	6234	6234	368	368	329	329	3793	3793	2430	2430	6	6	7	7	9	9	10	10	14	14	106	106	214	214	167	167	3806	3806	4024	4024	1570	1570	1610	1610	1495	1495	6438	6438	33	33	24	24	2721	2721	2845	2845	189	189	213	213	717	717	1264	1264	4031	4031	3645	3645	30	30	7	7	77	77	11	11	109	109	21	21	2296	2296	242	242	33	33	29	29	781	781	748	748	3820291	3820291	2975485	2975485	14271	14271	9058	9058	33	33	403	403	14622	14622	24809	24809	98	98	218	218	263	263	198	198	49	49	153	153	137140	137140	431943	431943	224	224	4	4	28	28	139	139	32266	32266	27977	27977	163	163	185	185	269	269	228	228
IND00983	966	966	1498	1498	821	821	170	170	5487	5487	1873	1873	94	94	14	14	6759	6759	5228	5228	146	146	75	75	34	34	38	38	6152	6152	6891	6891	494	494	622	622	10	10	45	45	126	126	29	29	59	59	37	37	1442	1442	4751	4751	201	201	37	37	649	649	1023	1023	21	21	29	29	6380	6380	4714	4714	328	328	308	308	7586	7586	7640	7640	16	16	16	16	9	9	6	6	11	11	30	30	155	155	1491	1491	1235	1235	1366	1366	927	927	84	84	6197	6197	3778	3778	6	6	256	256	2268	2268	1065	1065	100	100	66	66	1871	1871	1134	1134	3347	3347	322	322	31	31	31	31	108	108	39	39	36	36	62	62	2235	2235	2892	2892	157	157	8	8	435	435	616	616	1515564	1515564	1268551	1268551	15719	15719	6177	6177	199	199	40	40	18574	18574	32319	32319	203	203	35	35	815	815	556	556	11	11	52	52	311960	311960	488122	488122	167	167	105	105	3	3	199	199	31654	31654	18551	18551	245	245	7	7	127	127	44	44
IND00984	1767	1767	1319	1319	501	501	286	286	5474	5474	6732	6732	7	7	65	65	7498	7498	11788	11788	199	199	30	30	57	57	25	25	5548	5548	7547	7547	1052	1052	51	51	26	26	11	11	48	48	3	3	25	25	49	49	7297	7297	1659	1659	78	78	92	92	307	307	156	156	4	4	3	3	2811	2811	4377	4377	20	20	199	199	5777	5777	5833	5833	2	2	11	11	2	2	10	10	101	101	32	32	899	899	1951	1951	821	821	3883	3883	401	401	928	928	7245	7245	1638	1638	227	227	250	250	3935	3935	3180	3180	243	243	104	104	1272	1272	1495	1495	1866	1866	504	504	14	14	14	14	72	72	13	13	54	54	83	83	3247	3247	2762	2762	83	83	200	200	6	6	134	134	3197182	3197182	3511353	3511353	13804	13804	12626	12626	374	374	344	344	19042	19042	19704	19704	159	159	65	65	691	691	957	957	77	77	223	223	476611	476611	257160	257160	250	250	108	108	250	250	305	305	6745	6745	15095	15095	223	223	56	56	434	434	277	277
IND00985	1834	1834	1701	1701	383	383	181	181	3503	3503	7231	7231	17	17	41	41	893	893	12502	12502	144	144	121	121	25	25	37	37	7439	7439	2614	2614	700	700	1045	1045	47	47	78	78	81	81	6	6	27	27	2	2	5303	5303	2264	2264	156	156	167	167	224	224	844	844	10	10	19	19	1991	1991	2911	2911	37	37	289	289	5856	5856	1625	1625	8	8	9	9	16	16	6	6	111	111	81	81	1357	1357	676	676	2432	2432	3842	3842	1510	1510	1371	1371	1299	1299	6691	6691	185	185	193	193	1551	1551	3031	3031	110	110	60	60	698	698	982	982	4048	4048	2867	2867	20	20	12	12	43	43	16	16	81	81	57	57	2972	2972	2373	2373	156	156	113	113	1015	1015	816	816	947326	947326	3469111	3469111	14254	14254	6907	6907	114	114	353	353	32370	32370	15135	15135	230	230	54	54	82	82	500	500	53	53	37	37	361838	361838	147374	147374	237	237	1	1	485	485	384	384	32248	32248	22858	22858	208	208	179	179	116	116	317	317
IND00986	559	559	694	694	711	711	98	98	1352	1352	2885	2885	21	21	84	84	13512	13512	1420	1420	179	179	222	222	43	43	53	53	3696	3696	6424	6424	176	176	1197	1197	46	46	66	66	55	55	90	90	19	19	36	36	2288	2288	4312	4312	104	104	242	242	668	668	277	277	14	14	26	26	1519	1519	5436	5436	48	48	275	275	6757	6757	2470	2470	11	11	10	10	1	1	9	9	71	71	122	122	1865	1865	1210	1210	1727	1727	994	994	262	262	929	929	2813	2813	1068	1068	147	147	146	146	1136	1136	1647	1647	5	5	103	103	414	414	410	410	872	872	4044	4044	24	24	24	24	24	24	77	77	124	124	54	54	92	92	2722	2722	224	224	218	218	401	401	565	565	2406743	2406743	3406865	3406865	14944	14944	10737	10737	340	340	73	73	13799	13799	20754	20754	23	23	195	195	500	500	502	502	81	81	165	165	173295	173295	58329	58329	51	51	156	156	255	255	374	374	12931	12931	8165	8165	68	68	5	5	172	172	200	200
IND00987	1988	1988	407	407	590	590	518	518	760	760	762	762	88	88	86	86	8071	8071	6495	6495	41	41	172	172	43	43	61	61	6244	6244	7222	7222	696	696	809	809	118	118	100	100	22	22	88	88	40	40	39	39	4962	4962	5986	5986	239	239	256	256	450	450	875	875	28	28	19	19	6692	6692	3130	3130	465	465	159	159	5880	5880	3762	3762	7	7	12	12	1	1	9	9	18	18	97	97	478	478	1079	1079	131	131	592	592	54	54	652	652	3686	3686	1151	1151	58	58	98	98	2512	2512	683	683	19	19	194	194	2023	2023	1022	1022	3432	3432	3615	3615	26	26	19	19	22	22	26	26	103	103	91	91	2283	2283	2961	2961	249	249	104	104	900	900	849	849	210673	210673	3478104	3478104	4395	4395	11076	11076	66	66	91	91	25696	25696	19263	19263	43	43	180	180	668	668	723	723	238	238	222	222	474429	474429	66148	66148	113	113	233	233	78	78	371	371	913	913	11928	11928	40	40	9	9	187	187	183	183
IND00988	476	476	799	799	525	525	764	764	1768	1768	4819	4819	100	100	36	36	9659	9659	10589	10589	39	39	193	193	61	61	46	46	6394	6394	2462	2462	2011	2011	1278	1278	44	44	117	117	1	1	19	19	21	21	20	20	4785	4785	6342	6342	171	171	151	151	675	675	172	172	24	24	24	24	7967	7967	5125	5125	6	6	116	116	362	362	5921	5921	10	10	6	6	2	2	16	16	20	20	121	121	984	984	2029	2029	1319	1319	76	76	1500	1500	1858	1858	3655	3655	579	579	81	81	172	172	852	852	3799	3799	73	73	134	134	708	708	1828	1828	3983	3983	3233	3233	13	13	2	2	30	30	92	92	5	5	100	100	2873	2873	147	147	192	192	84	84	341	341	372	372	125242	125242	1797183	1797183	6381	6381	1944	1944	60	60	5	5	793	793	12018	12018	13	13	171	171	679	679	213	213	57	57	255	255	55846	55846	507577	507577	149	149	210	210	256	256	436	436	20743	20743	9568	9568	232	232	172	172	236	236	270	270
IND00989	386	386	26	26	959	959	504	504	2330	2330	5221	5221	127	127	25	25	2955	2955	2211	2211	172	172	244	244	21	21	17	17	8017	8017	3275	3275	692	692	106	106	90	90	71	71	40	40	66	66	57	57	27	27	4837	4837	1752	1752	28	28	193	193	883	883	701	701	24	24	2	2	2437	2437	2574	2574	319	319	195	195	2089	2089	4209	4209	14	14	16	16	7	7	3	3	61	61	69	69	1336	1336	1884	1884	1623	1623	1644	1644	801	801	1039	1039	2502	2502	7511	7511	81	81	153	153	1375	1375	1241	1241	106	106	41	41	1993	1993	611	611	3749	3749	2219	2219	3	3	1	1	41	41	12	12	52	52	76	76	1326	1326	1423	1423	41	41	54	54	515	515	620	620	58529	58529	3818681	3818681	12654	12654	2024	2024	229	229	183	183	10809	10809	14402	14402	83	83	127	127	946	946	754	754	23	23	84	84	189003	189003	221470	221470	40	40	109	109	219	219	341	341	20962	20962	28009	28009	255	255	223	223	186	186	62	62
IND00990	2048	2048	595	595	758	758	559	559	1622	1622	6000	6000	2	2	50	50	2338	2338	11489	11489	74	74	106	106	20	20	53	53	3730	3730	7439	7439	963	963	1246	1246	44	44	63	63	88	88	109	109	49	49	12	12	1953	1953	2890	2890	103	103	125	125	299	299	408	408	31	31	23	23	7549	7549	7473	7473	220	220	50	50	7795	7795	576	576	11	11	4	4	14	14	9	9	95	95	41	41	210	210	230	230	2127	2127	3470	3470	1053	1053	1017	1017	7521	7521	6143	6143	248	248	24	24	1467	1467	3370	3370	106	106	184	184	712	712	1434	1434	289	289	1509	1509	10	10	5	5	31	31	61	61	110	110	123	123	1989	1989	348	348	154	154	242	242	1013	1013	15	15	2308827	2308827	71909	71909	2318	2318	10608	10608	107	107	109	109	13336	13336	25480	25480	234	234	134	134	283	283	451	451	234	234	190	190	302655	302655	475996	475996	89	89	226	226	126	126	221	221	15234	15234	22194	22194	148	148	98	98	294	294	466	466
IND00991	315	315	1510	1510	364	364	256	256	1674	1674	140	140	57	57	7	7	13787	13787	5499	5499	202	202	55	55	43	43	15	15	7119	7119	5772	5772	1004	1004	1503	1503	84	84	23	23	82	82	87	87	20	20	34	34	5304	5304	4553	4553	83	83	144	144	914	914	325	325	9	9	11	11	7415	7415	1968	1968	165	165	197	197	5803	5803	6261	6261	12	12	1	1	7	7	15	15	95	95	40	40	1299	1299	1481	1481	1720	1720	1919	1919	1488	1488	1752	1752	7891	7891	2821	2821	120	120	20	20	3598	3598	2387	2387	212	212	111	111	897	897	749	749	142	142	1093	1093	6	6	14	14	33	33	117	117	72	72	113	113	1525	1525	3245	3245	157	157	159	159	21	21	578	578	3816232	3816232	459953	459953	5341	5341	1653	1653	307	307	500	500	3997	3997	16381	16381	52	52	255	255	600	600	966	966	209	209	140	140	386756	386756	430953	430953	243	243	46	46	249	249	454	454	19395	19395	6851	6851	91	91	233	233	332	332	23	23
IND00992	404	404	846	846	53	53	406	406	7616	7616	2494	2494	1	1	52	52	13376	13376	9870	9870	200	200	105	105	33	33	19	19	2911	2911	6909	6909	790	790	402	402	95	95	101	101	24	24	33	33	25	25	16	16	375	375	691	691	118	118	181	181	971	971	549	549	29	29	7	7	464	464	5186	5186	430	430	306	306	7306	7306	4263	4263	6	6	1	1	15	15	1	1	79	79	24	24	1941	1941	1944	1944	3101	3101	1083	1083	1575	1575	1626	1626	839	839	551	551	222	222	167	167	4025	4025	3188	3188	213	213	8	8	861	861	821	821	664	664	3365	3365	12	12	24	24	52	52	113	113	20	20	17	17	2399	2399	202	202	124	124	84	84	133	133	160	160	1598685	1598685	995518	995518	3700	3700	1695	1695	14	14	152	152	27369	27369	3544	3544	165	165	115	115	441	441	32	32	140	140	89	89	258977	258977	459987	459987	157	157	123	123	321	321	230	230	10224	10224	25737	25737	256	256	114	114	412	412	429	429
IND00993	783	783	2037	2037	102	102	568	568	2784	2784	6894	6894	85	85	43	43	15667	15667	11029	11029	109	109	231	231	29	29	29	29	3789	3789	7487	7487	1296	1296	1131	1131	123	123	36	36	18	18	98	98	34	34	17	17	1919	1919	7512	7512	148	148	162	162	585	585	985	985	21	21	19	19	7076	7076	408	408	322	322	460	460	5079	5079	768	768	6	6	9	9	2	2	1	1	36	36	22	22	1253	1253	299	299	1359	1359	999	999	1588	1588	1047	1047	4842	4842	8147	8147	217	217	72	72	2904	2904	1026	1026	85	85	58	58	8	8	980	980	2671	2671	928	928	7	7	13	13	7	7	45	45	69	69	47	47	4026	4026	2156	2156	4	4	222	222	833	833	515	515	1335192	1335192	1869940	1869940	4768	4768	2126	2126	91	91	134	134	29826	29826	25663	25663	162	162	42	42	596	596	496	496	113	113	238	238	68762	68762	332098	332098	89	89	94	94	376	376	512	512	24852	24852	20632	20632	190	190	57	57	166	166	75	75
IND00994	1153	1153	1134	1134	704	704	158	158	606	606	5050	5050	37	37	53	53	4773	4773	10776	10776	160	160	74	74	14	14	7	7	2065	2065	7170	7170	549	549	1331	1331	109	109	48	48	91	91	88	88	46	46	2	2	4024	4024	3279	3279	150	150	43	43	293	293	554	554	11	11	19	19	1016	1016	4097	4097	270	270	252	252	606	606	5675	5675	7	7	10	10	3	3	5	5	70	70	105	105	367	367	830	830	3485	3485	315	315	2042	2042	704	704	5796	5796	1164	1164	58	58	198	198	2683	2683	4021	4021	222	222	86	86	1226	1226	102	102	967	967	2954	2954	32	32	16	16	29	29	13	13	127	127	97	97	1418	1418	2773	2773	108	108	198	198	100	100	488	488	3176423	3176423	1241950	1241950	10686	10686	14151	14151	438	438	157	157	7722	7722	20368	20368	219	219	41	41	678	678	81	81	233	233	31	31	398432	398432	39185	39185	6	6	2	2	326	326	458	458	2464	2464	22928	22928	48	48	143	143	448	448	323	323
IND00995	748	748	394	394	780	780	341	341	3326	3326	4043	4043	36	36	25	25	6843	6843	12951	12951	47	47	137	137	37	37	28	28	2733	2733	3590	3590	1738	1738	249	249	125	125	66	66	69	69	65	65	50	50	26	26	5922	5922	4350	4350	45	45	223	223	686	686	506	506	15	15	29	29	4138	4138	6733	6733	219	219	132	132	310	310	2214	2214	5	5	14	14	11	11	15	15	122	122	90	90	585	585	1442	1442	2460	2460	2751	2751	421	421	1093	1093	2305	2305	2929	2929	4	4	28	28	798	798	3954	3954	206	206	158	158	827	827	1508	1508	1922	1922	3975	3975	11	11	13	13	39	39	26	26	123	123	11	11	3816	3816	501	501	10	10	72	72	237	237	191	191	749450	749450	3782815	3782815	680	680	7391	7391	285	285	234	234	17985	17985	5007	5007	167	167	143	143	158	158	518	518	55	55	100	100	355016	355016	181492	181492	197	197	38	38	245	245	83	83	7977	7977	22137	22137	56	56	249	249	194	194	217	217
IND00996	731	731	1344	1344	314	314	458	458	3544	3544	289	289	4	4	50	50	14846	14846	14897	14897	225	225	25	25	37	37	55	55	2288	2288	5891	5891	1206	1206	99	99	66	66	26	26	24	24	103	103	39	39	10	10	587	587	410	410	46	46	1	1	775	775	12	12	13	13	9	9	1945	1945	7892	7892	488	488	411	411	5181	5181	3040	3040	12	12	7	7	1	1	4	4	70	70	116	116	1242	1242	1054	1054	2515	2515	3618	3618	311	311	1326	1326	6118	6118	3497	3497	53	53	27	27	3806	3806	2674	2674	139	139	256	256	1493	1493	1971	1971	3412	3412	1931	1931	30	30	17	17	76	76	57	57	119	119	2	2	1519	1519	1470	1470	79	79	128	128	664	664	588	588	2932595	2932595	3955791	3955791	13780	13780	2158	2158	70	70	342	342	2189	2189	14982	14982	140	140	84	84	127	127	621	621	100	100	7	7	410518	410518	505707	505707	4	4	10	10	77	77	387	387	31260	31260	217	217	108	108	13	13	208	208	427	427
IND00997	269	269	154	154	167	167	776	776	4252	4252	3440	3440	78	78	66	66	12654	12654	1246	1246	134	134	234	234	33	33	20	20	7173	7173	1577	1577	1086	1086	1497	1497	62	62	29	29	47	47	91	91	7	7	53	53	3726	3726	742	742	195	195	34	34	202	202	391	391	13	13	32	32	4051	4051	4274	4274	149	149	261	261	2984	2984	7042	7042	8	8	13	13	1	1	7	7	96	96	79	79	1274	1274	1791	1791	4070	4070	1357	1357	249	249	430	430	6300	6300	945	945	249	249	139	139	3380	3380	3318	3318	100	100	167	167	308	308	968	968	1780	1780	2986	2986	15	15	31	31	31	31	42	42	73	73	69	69	99	99	488	488	226	226	168	168	777	777	628	628	144550	144550	487088	487088	7654	7654	7832	7832	82	82	89	89	26333	26333	25354	25354	178	178	51	51	202	202	180	180	56	56	200	200	416158	416158	220251	220251	79	79	79	79	419	419	288	288	27152	27152	253	253	67	67	230	230	411	411	7	7
IND00998	296	296	1318	1318	932	932	802	802	6809	6809	2261	2261	94	94	119	119	3583	3583	3852	3852	171	171	64	64	58	58	54	54	7615	7615	7077	7077	1229	1229	1937	1937	117	117	85	85	111	111	42	42	49	49	9	9	4650	4650	6115	6115	226	226	63	63	671	671	378	378	25	25	10	10	2969	2969	7895	7895	62	62	159	159	5435	5435	12	12	7	7	14	14	9	9	15	15	56	56	115	115	1020	1020	1880	1880	3472	3472	1952	1952	1225	1225	1306	1306	5804	5804	7339	7339	188	188	39	39	1206	1206	3896	3896	21	21	23	23	923	923	1515	1515	3548	3548	3735	3735	18	18	7	7	84	84	51	51	127	127	106	106	3261	3261	704	704	127	127	175	175	113	113	924	924	385504	385504	1236264	1236264	16224	16224	13317	13317	485	485	457	457	193	193	8862	8862	66	66	81	81	269	269	108	108	247	247	176	176	338071	338071	378542	378542	221	221	11	11	56	56	126	126	9879	9879	12582	12582	35	35	16	16	471	471	54	54
IND00999	666	666	753	753	516	516	968	968	5429	5429	7598	7598	82	82	48	48	14655	14655	9748	9748	134	134	249	249	55	55	42	42	3639	3639	1135	1135	1137	1137	1353	1353	35	35	84	84	52	52	86	86	7	7	64	64	1651	1651	2475	2475	35	35	33	33	44	44	11	11	17	17	8	8	2285	2285	1826	1826	101	101	359	359	386	386	2824	2824	1	1	13	13	4	4	8	8	106	106	104	104	1594	1594	1501	1501	2978	2978	2204	2204	219	219	1046	1046	5673	5673	1781	1781	219	219	168	168	676	676	3076	3076	43	43	122	122	1493	1493	847	847	2784	2784	3909	3909	22	22	2	2	30	30	127	127	108	108	61	61	3637	3637	3284	3284	212	212	67	67	207	207	463	463	3551437	3551437	3516812	3516812	3672	3672	7344	7344	136	136	128	128	25487	25487	980	980	215	215	115	115	114	114	717	717	91	91	215	215	279798	279798	288405	288405	189	189	122	122	497	497	316	316	25085	25085	7918	7918	84	84	161	161	264	264	494	494
IND01000	1930	1930	62	62	72	72	488	488	6743	6743	4839	4839	113	113	96	96	2706	2706	14720	14720	172	172	183	183	63	63	18	18	605	605	3715	3715	997	997	1109	1109	41	41	33	33	111	111	123	123	30	30	58	58	6963	6963	2164	2164	6	6	194	194	154	154	868	868	3	3	22	22	237	237	6274	6274	329	329	429	429	5083	5083	7351	7351	6	6	14	14	13	13	9	9	31	31	115	115	405	405	1769	1769	3211	3211	3702	3702	1414	1414	1467	1467	4428	4428	3550	3550	138	138	153	153	507	507	1195	1195	55	55	152	152	1265	1265	706	706	1788	1788	296	296	30	30	11	11	17	17	113	113	102	102	74	74	2379	2379	3652	3652	30	30	171	171	699	699	136	136	3070078	3070078	2040265	2040265	7111	7111	6168	6168	421	421	200	200	27863	27863	9023	9023	37	37	166	166	981	981	612	612	75	75	73	73	383123	383123	73147	73147	108	108	223	223	333	333	84	84	23818	23818	1143	1143	25	25	98	98	235	235	243	243
