ID	hap_1_1	hap_1_1	hap_1_2	hap_1_2	hap_2_1	hap_2_1	hap_2_2	hap_2_2	hap_3_1	hap_3_1	hap_3_2	hap_3_2	hap_4_1	hap_4_1	hap_4_2	hap_4_2	hap_5_1	hap_5_1	hap_5_2	hap_5_2	hap_6_1	hap_6_1	hap_6_2	hap_6_2	hap_7_1	hap_7_1	hap_7_2	hap_7_2	hap_8_1	hap_8_1	hap_8_2	hap_8_2	hap_9_1	hap_9_1	hap_9_2	hap_9_2	hap_10_1	hap_10_1	hap_10_2	hap_10_2	hap_11_1	hap_11_1	hap_11_2	hap_11_2	hap_12_1	hap_12_1	hap_12_2	hap_12_2	hap_13_1	hap_13_1	hap_13_2	hap_13_2	hap_14_1	hap_14_1	hap_14_2	hap_14_2	hap_15_1	hap_15_1	hap_15_2	hap_15_2	hap_16_1	hap_16_1	hap_16_2	hap_16_2	hap_17_1	hap_17_1	hap_17_2	hap_17_2	hap_18_1	hap_18_1	hap_18_2	hap_18_2	hap_19_1	hap_19_1	hap_19_2	hap_19_2	hap_20_1	hap_20_1	hap_20_2	hap_20_2	hap_21_1	hap_21_1	hap_21_2	hap_21_2	hap_22_1	hap_22_1	hap_22_2	hap_22_2	hap_23_1	hap_23_1	hap_23_2	hap_23_2	hap_24_1	hap_24_1	hap_24_2	hap_24_2	hap_25_1	hap_25_1	hap_25_2	hap_25_2	hap_26_1	hap_26_1	hap_26_2	hap_26_2	hap_27_1	hap_27_1	hap_27_2	hap_27_2	hap_28_1	hap_28_1	hap_28_2	hap_28_2	hap_29_1	hap_29_1	hap_29_2	hap_29_2	hap_30_1	hap_30_1	hap_30_2	hap_30_2	hap_31_1	hap_31_1	hap_31_2	hap_31_2	hap_32_1	hap_32_1	hap_32_2	hap_32_2	hap_33_1	hap_33_1	hap_33_2	hap_33_2	hap_34_1	hap_34_1	hap_34_2	hap_34_2	hap_35_1	hap_35_1	hap_35_2	hap_35_2	hap_36_1	hap_36_1	hap_36_2	hap_36_2	hap_37_1	hap_37_1	hap_37_2	hap_37_2	hap_38_1	hap_38_1	hap_38_2	hap_38_2	hap_39_1	hap_39_1	hap_39_2	hap_39_2	hap_40_1	hap_40_1	hap_40_2	hap_40_2	hap_41_1	hap_41_1	hap_41_2	hap_41_2	hap_42_1	hap_42_1	hap_42_2	hap_42_2	hap_43_1	hap_43_1	hap_43_2	hap_43_2	hap_44_1	hap_44_1	hap_44_2	hap_44_2	hap_45_1	hap_45_1	hap_45_2	hap_45_2	hap_46_1	hap_46_1	hap_46_2	hap_46_2	hap_47_1	hap_47_1	hap_47_2	hap_47_2	hap_48_1	hap_48_1	hap_48_2	hap_48_2	hap_49_1	hap_49_1	hap_49_2	hap_49_2	hap_50_1	hap_50_1	hap_50_2	hap_50_2
IND00001	228	228	1143	1143	141	141	482	482	2488	2488	1741	1741	568	568	255	255	155	155	246	246	16354	16354	6018	6018	925	925	869	869	367	367	186	186	564	564	3677	3677	1001	1001	800	800	2442	2442	1720	1720	996	996	377	377	3	3	26	26	155	155	72	72	13924	13924	15343	15343	2210	2210	2083	2083	33532	33532	1675	1675	1782	1782	439	439	82	82	243	243	6609	6609	1816	1816	3252	3252	3779	3779	44	44	496	496	16	16	420	420	6	6	68	68	308	308	179	179	753	753	340	340	252	252	120	120	690	690	68	68	701	701	558	558	8365	8365	1559	1559	424	424	352	352	12344	12344	11867	11867	115	115	109	109	113	113	180	180	106	106	68	68	112	112	165	165	650	650	1002	1002	114	114	53	53	392	392	451	451	2897	2897	471	471	109	109	60	60	54	54	17	17	4545	4545	2097	2097	30	30	9	9	4	4	2	2	16	16	29	29	20	20	25	25	5849	5849	3536	3536	28259	28259	26026	26026	94	94	163	163
IND00002	11	11	659	659	381	381	368	368	4628	4628	8079	8079	724	724	405	405	46	46	118	118	6095	6095	13164	13164	556	556	1834	1834	494	494	238	238	4721	4721	4179	4179	533	533	876	876	7601	7601	4596	4596	939	939	218	218	45	45	58	58	50	50	65	65	617	617	12883	12883	3019	3019	2089	2089	18201	18201	45853	45853	4364	4364	3409	3409	187	187	113	113	7028	7028	3695	3695	4031	4031	1022	1022	5	5	239	239	837	837	793	793	104	104	100	100	77	77	71	71	563	563	85	85	53	53	73	73	318	318	894	894	932	932	1958	1958	15338	15338	13285	13285	258	258	254	254	4720	4720	6731	6731	56	56	117	117	248	248	219	219	200	200	29	29	81	81	120	120	191	191	839	839	85	85	6	6	108	108	2836	2836	782	782	2056	2056	89	89	111	111	55	55	32	32	3818	3818	3796	3796	23	23	24	24	15	15	8	8	103	103	114	114	35	35	11	11	5346	5346	2986	2986	12644	12644	28989	28989	176	176	219	219
IND00003	420	420	2017	2017	474	474	121	121	350	350	4683	4683	937	937	718	718	64	64	112	112	14728	14728	9228	9228	1954	1954	1755	1755	195	195	255	255	1119	1119	7225	7225	272	272	508	508	4941	4941	143	143	805	805	705	705	43	43	31	31	132	132	224	224	1856	1856	13844	13844	2946	2946	882	882	48666	48666	11485	11485	3931	3931	717	717	193	193	127	127	5227	5227	6990	6990	235	235	2787	2787	318	318	400	400	114	114	592	592	57	57	97	97	217	217	331	331	343	343	381	381	29	29	167	167	271	271	862	862	1776	1776	851	851	5997	5997	9360	9360	26	26	424	424	1682	1682	4360	4360	114	114	33	33	138	138	94	94	129	129	95	95	123	123	223	223	682	682	931	931	80	80	67	67	3019	3019	3441	3441	1612	1612	1826	1826	94	94	34	34	63	63	17	17	744	744	6503	6503	14	14	14	14	6	6	8	8	126	126	46	46	57	57	17	17	5985	5985	6450	6450	26899	26899	4521	4521	140	140	151	151
IND00004	1738	1738	1431	1431	112	112	58	58	3612	3612	5382	5382	929	929	91	91	190	190	47	47	7461	7461	6918	6918	41	41	976	976	259	259	23	23	3608	3608	4923	4923	603	603	111	111	5036	5036	3872	3872	685	685	960	960	56	56	50	50	1	1	6	6	769	769	3966	3966	2747	2747	1848	1848	64658	64658	9384	9384	1389	1389	2706	2706	256	256	98	98	613	613	1377	1377	2696	2696	1138	1138	184	184	461	461	475	475	23	23	32	32	82	82	499	499	287	287	308	308	349	349	208	208	71	71	903	903	948	948	1071	1071	567	567	3501	3501	3754	3754	317	317	264	264	2624	2624	4763	4763	89	89	57	57	144	144	108	108	93	93	127	127	99	99	124	124	647	647	542	542	2	2	2	2	216	216	2817	2817	3172	3172	1553	1553	95	95	8	8	27	27	60	60	4093	4093	307	307	25	25	21	21	3	3	6	6	77	77	86	86	29	29	8	8	1379	1379	2573	2573	5677	5677	25836	25836	106	106	206	206
IND00005	1148	1148	1193	1193	471	471	136	136	3662	3662	6031	6031	176	176	685	685	208	208	226	226	14743	14743	5040	5040	959	959	1664	1664	183	183	52	52	5492	5492	2945	2945	491	491	1002	1002	7474	7474	7412	7412	293	293	710	710	43	43	17	17	159	159	157	157	10447	10447	1398	1398	1393	1393	1664	1664	54400	54400	6824	6824	357	357	6991	6991	1	1	43	43	4077	4077	2029	2029	846	846	2495	2495	115	115	243	243	649	649	291	291	68	68	4	4	357	357	89	89	271	271	337	337	43	43	210	210	783	783	273	273	1054	1054	1896	1896	14807	14807	15394	15394	268	268	28	28	16343	16343	1977	1977	94	94	60	60	256	256	122	122	140	140	13	13	1	1	104	104	975	975	185	185	11	11	35	35	3550	3550	1867	1867	2821	2821	1281	1281	94	94	56	56	47	47	28	28	6066	6066	5334	5334	23	23	29	29	12	12	2	2	82	82	100	100	49	49	31	31	3362	3362	4807	4807	9868	9868	19141	19141	11	11	39	39
IND00006	398	398	1726	1726	174	174	482	482	2519	2519	3093	3093	159	159	91	91	122	122	12	12	14045	14045	11722	11722	878	878	372	372	327	327	224	224	4208	4208	2049	2049	442	442	744	744	6915	6915	5004	5004	678	678	317	317	25	25	60	60	56	56	52	52	5071	5071	12181	12181	3857	3857	2157	2157	32041	32041	6537	6537	6660	6660	4728	4728	15	15	5	5	290	290	6254	6254	1544	1544	2506	2506	172	172	314	314	478	478	369	369	76	76	95	95	150	150	366	366	448	448	421	421	230	230	191	191	502	502	979	979	1246	1246	1431	1431	1424	1424	9105	9105	63	63	167	167	8790	8790	6203	6203	124	124	39	39	13	13	59	59	33	33	165	165	201	201	198	198	68	68	42	42	47	47	101	101	733	733	2483	2483	3701	3701	3505	3505	116	116	2	2	61	61	40	40	5319	5319	5782	5782	30	30	30	30	7	7	3	3	117	117	121	121	1	1	8	8	2630	2630	4121	4121	23944	23944	12423	12423	224	224	116	116
IND00007	486	486	1694	1694	352	352	331	331	916	916	1065	1065	927	927	704	704	72	72	218	218	3850	3850	13568	13568	1594	1594	50	50	377	377	391	391	7681	7681	2960	2960	806	806	132	132	7937	7937	7491	7491	198	198	241	241	5	5	44	44	8	8	196	196	7005	7005	1405	1405	2287	2287	1374	1374	64138	64138	26911	26911	3070	3070	943	943	146	146	114	114	2916	2916	4350	4350	286	286	3970	3970	308	308	290	290	767	767	664	664	16	16	15	15	342	342	493	493	232	232	372	372	160	160	97	97	994	994	235	235	308	308	248	248	12842	12842	13625	13625	236	236	198	198	11029	11029	1852	1852	86	86	20	20	215	215	189	189	253	253	130	130	211	211	56	56	90	90	1006	1006	94	94	61	61	1631	1631	2283	2283	3002	3002	3492	3492	13	13	42	42	36	36	1	1	3275	3275	3600	3600	30	30	6	6	2	2	3	3	125	125	100	100	36	36	29	29	3905	3905	6043	6043	18627	18627	236	236	196	196	37	37
IND00008	2014	2014	1102	1102	306	306	422	422	1037	1037	916	916	88	88	627	627	3	3	202	202	3932	3932	4806	4806	1113	1113	932	932	127	127	231	231	6734	6734	7120	7120	700	700	963	963	7593	7593	2361	2361	473	473	710	710	39	39	11	11	193	193	132	132	8669	8669	8200	8200	1680	1680	813	813	29770	29770	64129	64129	5989	5989	8140	8140	97	97	80	80	1349	1349	6321	6321	2640	2640	558	558	212	212	285	285	469	469	737	737	28	28	72	72	367	367	23	23	713	713	111	111	204	204	37	37	287	287	881	881	1233	1233	1751	1751	2329	2329	11750	11750	450	450	338	338	4936	4936	3104	3104	59	59	27	27	207	207	102	102	235	235	153	153	82	82	181	181	322	322	880	880	70	70	12	12	1340	1340	2143	2143	3892	3892	379	379	1	1	127	127	39	39	34	34	5537	5537	1799	1799	29	29	20	20	16	16	6	6	83	83	123	123	49	49	36	36	7762	7762	7611	7611	12005	12005	15015	15015	180	180	70	70
IND00009	1304	1304	1888	1888	94	94	434	434	3810	3810	834	834	516	516	440	440	109	109	38	38	13996	13996	967	967	195	195	1479	1479	54	54	107	107	2633	2633	5026	5026	190	190	991	991	1853	1853	2796	2796	1017	1017	83	83	13	13	37	37	213	213	111	111	2766	2766	12300	12300	1461	1461	1264	1264	43744	43744	62784	62784	345	345	7494	7494	242	242	202	202	6798	6798	719	719	3544	3544	1231	1231	162	162	11	11	95	95	36	36	93	93	23	23	161	161	52	52	694	694	507	507	123	123	79	79	165	165	207	207	669	669	454	454	8742	8742	14798	14798	95	95	499	499	4112	4112	6109	6109	49	49	90	90	98	98	167	167	178	178	114	114	124	124	67	67	668	668	955	955	15	15	95	95	265	265	3472	3472	2747	2747	3616	3616	116	116	76	76	36	36	6	6	5600	5600	1324	1324	1	1	23	23	11	11	7	7	121	121	74	74	1	1	45	45	2515	2515	3384	3384	19583	19583	20722	20722	48	48	14	14
IND00010	1931	1931	57	57	402	402	451	451	395	395	6467	6467	277	277	638	638	127	127	250	250	5483	5483	5168	5168	1582	1582	1930	1930	105	105	503	503	7388	7388	1175	1175	333	333	374	374	1557	1557	3657	3657	527	527	552	552	57	57	28	28	203	203	146	146	14014	14014	4113	4113	4016	4016	426	426	51834	51834	42751	42751	3317	3317	4719	4719	13	13	66	66	2777	2777	1960	1960	2830	2830	1871	1871	251	251	8	8	965	965	565	565	11	11	68	68	293	293	486	486	174	174	95	95	244	244	98	98	128	128	614	614	456	456	1833	1833	5582	5582	4403	4403	404	404	319	319	14783	14783	3908	3908	120	120	15	15	110	110	3	3	90	90	7	7	173	173	249	249	479	479	163	163	15	15	50	50	748	748	3860	3860	3290	3290	1879	1879	108	108	98	98	52	52	55	55	2182	2182	7563	7563	26	26	6	6	11	11	8	8	116	116	37	37	11	11	32	32	8062	8062	6610	6610	972	972	21416	21416	210	210	40	40
IND00011	408	408	193	193	64	64	198	198	4672	4672	6547	6547	579	579	511	511	118	118	169	169	2641	2641	6125	6125	1984	1984	968	968	322	322	93	93	1565	1565	7518	7518	150	150	566	566	2211	2211	2406	2406	102	102	478	478	32	32	21	21	154	154	103	103	4628	4628	15636	15636	3388	3388	862	862	50760	50760	49855	49855	3355	3355	7908	7908	48	48	218	218	4185	4185	2788	2788	3695	3695	554	554	429	429	487	487	643	643	557	557	99	99	57	57	480	480	429	429	463	463	861	861	253	253	247	247	569	569	521	521	376	376	1127	1127	14324	14324	9508	9508	313	313	399	399	8900	8900	10143	10143	126	126	4	4	227	227	198	198	100	100	177	177	156	156	56	56	668	668	915	915	123	123	25	25	2720	2720	4036	4036	1373	1373	1569	1569	49	49	38	38	17	17	33	33	5395	5395	4658	4658	22	22	4	4	14	14	5	5	39	39	17	17	33	33	48	48	8126	8126	2933	2933	8811	8811	25961	25961	227	227	2	2
IND00012	825	825	1215	1215	148	148	373	373	2067	2067	2567	2567	858	858	682	682	147	147	252	252	697	697	7606	7606	1434	1434	1887	1887	58	58	436	436	1023	1023	692	692	203	203	206	206	1413	1413	7880	7880	114	114	148	148	60	60	50	50	3	3	14	14	8091	8091	14780	14780	3341	3341	1694	1694	60571	60571	14808	14808	3220	3220	4898	4898	39	39	11	11	5700	5700	4762	4762	1579	1579	1083	1083	60	60	71	71	578	578	444	444	42	42	29	29	73	73	90	90	281	281	300	300	28	28	95	95	364	364	247	247	1418	1418	1714	1714	7515	7515	7509	7509	504	504	82	82	5144	5144	11116	11116	124	124	110	110	20	20	255	255	87	87	105	105	83	83	152	152	790	790	847	847	7	7	91	91	319	319	1057	1057	2945	2945	2118	2118	76	76	61	61	62	62	32	32	2962	2962	5100	5100	5	5	30	30	4	4	9	9	6	6	91	91	28	28	29	29	387	387	4306	4306	9302	9302	3100	3100	228	228	245	245
IND00013	53	53	182	182	130	130	412	412	4118	4118	4141	4141	133	133	905	905	90	90	73	73	8248	8248	6894	6894	639	639	1880	1880	269	269	359	359	6644	6644	552	552	197	197	784	784	2991	2991	4836	4836	864	864	929	929	6	6	14	14	241	241	111	111	14103	14103	12344	12344	558	558	1954	1954	18420	18420	42559	42559	4303	4303	7091	7091	110	110	29	29	4771	4771	6479	6479	1877	1877	4	4	232	232	415	415	239	239	167	167	84	84	86	86	237	237	46	46	211	211	591	591	219	219	62	62	117	117	344	344	721	721	1855	1855	11658	11658	3890	3890	24	24	200	200	5742	5742	2965	2965	85	85	23	23	87	87	251	251	23	23	18	18	77	77	223	223	251	251	846	846	38	38	123	123	1990	1990	735	735	3491	3491	1409	1409	30	30	8	8	53	53	46	46	7404	7404	6451	6451	12	12	14	14	12	12	4	4	43	43	106	106	14	14	57	57	7405	7405	5049	5049	5544	5544	29711	29711	169	169	239	239
IND00014	518	518	459	459	125	125	119	119	3737	3737	5922	5922	838	838	211	211	11	11	221	221	5312	5312	4093	4093	593	593	1773	1773	341	341	429	429	8181	8181	7421	7421	836	836	981	981	6535	6535	6595	6595	767	767	538	538	49	49	62	62	250	250	206	206	12999	12999	5893	5893	20	20	775	775	53416	53416	21702	21702	2595	2595	5615	5615	152	152	20	20	901	901	552	552	744	744	3368	3368	130	130	439	439	820	820	308	308	83	83	123	123	499	499	458	458	1020	1020	471	471	53	53	50	50	39	39	617	617	1433	1433	1680	1680	3520	3520	14802	14802	424	424	203	203	13918	13918	6776	6776	25	25	28	28	8	8	236	236	33	33	15	15	80	80	20	20	733	733	4	4	66	66	61	61	2143	2143	2781	2781	2213	2213	513	513	64	64	105	105	32	32	39	39	2553	2553	6304	6304	32	32	14	14	3	3	14	14	32	32	23	23	2	2	5	5	5244	5244	1587	1587	19239	19239	5503	5503	121	121	121	121
IND00015	1934	1934	1028	1028	193	193	376	376	969	969	2996	2996	798	798	12	12	75	75	201	201	6495	6495	12637	12637	106	106	1832	1832	27	27	22	22	6081	6081	5436	5436	117	117	32	32	5763	5763	6798	6798	474	474	859	859	11	11	10	10	237	237	106	106	4833	4833	2383	2383	3782	3782	3454	3454	12458	12458	43684	43684	5911	5911	549	549	160	160	211	211	871	871	4910	4910	533	533	891	891	62	62	330	330	217	217	492	492	40	40	35	35	115	115	80	80	381	381	391	391	20	20	72	72	402	402	837	837	1229	1229	1762	1762	11231	11231	14986	14986	354	354	25	25	9639	9639	2833	2833	58	58	55	55	188	188	8	8	104	104	61	61	115	115	192	192	988	988	542	542	95	95	111	111	2836	2836	2697	2697	2168	2168	1610	1610	81	81	96	96	59	59	55	55	1630	1630	3534	3534	15	15	9	9	16	16	10	10	35	35	125	125	46	46	64	64	1240	1240	6017	6017	30757	30757	30675	30675	107	107	43	43
IND00016	171	171	1473	1473	38	38	372	372	5186	5186	6263	6263	290	290	909	909	193	193	171	171	16309	16309	3166	3166	1648	1648	834	834	197	197	280	280	6085	6085	1626	1626	893	893	948	948	2630	2630	3296	3296	924	924	904	904	31	31	11	11	160	160	229	229	13215	13215	4104	4104	2597	2597	243	243	61518	61518	28904	28904	6021	6021	7885	7885	73	73	76	76	3569	3569	947	947	4068	4068	2913	2913	33	33	327	327	660	660	675	675	91	91	19	19	419	419	326	326	766	766	490	490	184	184	65	65	1016	1016	274	274	671	671	268	268	14012	14012	6829	6829	492	492	148	148	4169	4169	2456	2456	77	77	57	57	169	169	134	134	234	234	76	76	167	167	199	199	987	987	51	51	64	64	54	54	3999	3999	1763	1763	1906	1906	3995	3995	81	81	107	107	56	56	46	46	7698	7698	5833	5833	25	25	19	19	8	8	13	13	90	90	98	98	22	22	14	14	5054	5054	3858	3858	3816	3816	15281	15281	142	142	157	157
IND00017	1722	1722	1094	1094	350	350	409	409	4239	4239	381	381	1001	1001	7	7	186	186	112	112	3114	3114	10663	10663	1345	1345	528	528	378	378	264	264	5857	5857	6752	6752	997	997	33	33	4453	4453	5228	5228	681	681	1012	1012	42	42	4	4	70	70	184	184	3401	3401	16012	16012	2114	2114	2837	2837	3015	3015	63527	63527	1990	1990	6268	6268	199	199	142	142	6399	6399	7176	7176	1712	1712	1150	1150	353	353	359	359	694	694	637	637	90	90	85	85	125	125	504	504	159	159	55	55	224	224	56	56	198	198	976	976	1078	1078	369	369	3856	3856	6667	6667	488	488	487	487	3427	3427	8012	8012	75	75	113	113	160	160	183	183	57	57	23	23	56	56	108	108	959	959	330	330	23	23	88	88	2647	2647	3062	3062	3982	3982	1725	1725	44	44	5	5	61	61	52	52	3599	3599	905	905	28	28	11	11	1	1	5	5	7	7	97	97	46	46	28	28	2520	2520	5606	5606	9350	9350	15757	15757	197	197	183	183
IND00018	1271	1271	646	646	240	240	41	41	5103	5103	4337	4337	483	483	231	231	81	81	34	34	11571	11571	14275	14275	397	397	1468	1468	316	316	164	164	3431	3431	2215	2215	78	78	429	429	7226	7226	1192	1192	51	51	733	733	35	35	10	10	8	8	184	184	3754	3754	8379	8379	2383	2383	1396	1396	61069	61069	45469	45469	630	630	5797	5797	137	137	190	190	5225	5225	5570	5570	3546	3546	1589	1589	181	181	461	461	832	832	713	713	76	76	95	95	388	388	486	486	315	315	69	69	32	32	182	182	486	486	482	482	1183	1183	345	345	10462	10462	6570	6570	375	375	467	467	16133	16133	9779	9779	108	108	13	13	132	132	134	134	226	226	41	41	139	139	15	15	260	260	1020	1020	89	89	34	34	3951	3951	21	21	1862	1862	1375	1375	105	105	50	50	5	5	37	37	938	938	484	484	15	15	4	4	15	15	8	8	73	73	76	76	62	62	44	44	3620	3620	1051	1051	22427	22427	3807	3807	95	95	67	67
IND00019	1411	1411	1009	1009	39	39	484	484	4534	4534	2194	2194	202	202	646	646	213	213	61	61	874	874	14835	14835	1641	1641	1407	1407	95	95	362	362	7458	7458	6956	6956	622	622	566	566	1397	1397	5994	5994	693	693	730	730	60	60	22	22	155	155	29	29	16349	16349	8748	8748	3075	3075	2152	2152	50945	50945	22853	22853	2038	2038	5076	5076	145	145	231	231	5831	5831	2670	2670	2150	2150	478	478	487	487	231	231	588	588	404	404	24	24	19	19	468	468	351	351	505	505	999	999	134	134	105	105	915	915	683	683	341	341	2043	2043	14467	14467	6823	6823	63	63	351	351	15638	15638	5467	5467	108	108	128	128	7	7	149	149	218	218	128	128	176	176	231	231	68	68	270	270	111	111	62	62	2788	2788	2793	2793	3209	3209	304	304	121	121	26	26	34	34	14	14	1501	1501	3782	3782	6	6	26	26	9	9	6	6	102	102	11	11	6	6	41	41	6553	6553	2930	2930	13043	13043	23365	23365	213	213	142	142
IND00020	998	998	1003	1003	384	384	91	91	6948	6948	7755	7755	365	365	742	742	156	156	212	212	6320	6320	6179	6179	754	754	275	275	132	132	265	265	4350	4350	4315	4315	723	723	182	182	6421	6421	8042	8042	882	882	260	260	64	64	27	27	212	212	107	107	5241	5241	12585	12585	2446	2446	399	399	56224	56224	51680	51680	3478	3478	2794	2794	243	243	184	184	3926	3926	749	749	410	410	2410	2410	195	195	155	155	83	83	584	584	104	104	2	2	181	181	47	47	304	304	927	927	242	242	223	223	204	204	962	962	1916	1916	1025	1025	1409	1409	3267	3267	367	367	102	102	11375	11375	11253	11253	38	38	15	15	111	111	251	251	245	245	53	53	84	84	208	208	848	848	933	933	35	35	82	82	2548	2548	1581	1581	3782	3782	253	253	84	84	5	5	2	2	36	36	2213	2213	156	156	11	11	26	26	4	4	14	14	30	30	66	66	40	40	32	32	3101	3101	4698	4698	14690	14690	1962	1962	143	143	140	140
IND00021	1170	1170	585	585	243	243	74	74	2307	2307	5146	5146	809	809	544	544	174	174	49	49	7031	7031	8853	8853	36	36	1130	1130	452	452	340	340	4521	4521	2038	2038	630	630	469	469	3590	3590	3749	3749	59	59	350	350	20	20	3	3	195	195	57	57	7338	7338	4254	4254	3281	3281	1941	1941	21195	21195	5354	5354	1818	1818	2702	2702	179	179	143	143	3524	3524	43	43	1602	1602	1038	1038	181	181	391	391	958	958	320	320	91	91	21	21	19	19	416	416	328	328	139	139	4	4	249	249	31	31	226	226	1666	1666	805	805	496	496	10488	10488	296	296	482	482	9185	9185	8855	8855	17	17	84	84	64	64	66	66	18	18	35	35	106	106	4	4	319	319	646	646	9	9	24	24	336	336	2325	2325	3042	3042	753	753	88	88	39	39	43	43	52	52	1844	1844	4960	4960	30	30	23	23	6	6	16	16	75	75	48	48	55	55	12	12	4647	4647	5799	5799	26035	26035	1152	1152	134	134	179	179
IND00022	1985	1985	1699	1699	83	83	498	498	5456	5456	966	966	670	670	941	941	176	176	164	164	5468	5468	11418	11418	105	105	1701	1701	451	451	327	327	6552	6552	3119	3119	731	731	399	399	2307	2307	2821	2821	66	66	475	475	48	48	4	4	206	206	177	177	580	580	6292	6292	2191	2191	3975	3975	2342	2342	53496	53496	7811	7811	4545	4545	209	209	252	252	3727	3727	6508	6508	2892	2892	2250	2250	198	198	199	199	890	890	495	495	101	101	114	114	252	252	277	277	41	41	528	528	256	256	61	61	544	544	1005	1005	714	714	430	430	2989	2989	8943	8943	475	475	1	1	3208	3208	13965	13965	112	112	79	79	5	5	188	188	241	241	173	173	115	115	207	207	446	446	549	549	9	9	56	56	1581	1581	2693	2693	1022	1022	2251	2251	49	49	92	92	7	7	27	27	399	399	6883	6883	9	9	19	19	11	11	11	11	83	83	72	72	50	50	17	17	6476	6476	7192	7192	18126	18126	16941	16941	201	201	2	2
IND00023	898	898	1032	1032	290	290	253	253	7968	7968	6994	6994	281	281	552	552	95	95	209	209	2974	2974	4957	4957	1400	1400	1059	1059	222	222	164	164	2604	2604	7392	7392	388	388	676	676	2395	2395	6787	6787	604	604	461	461	43	43	10	10	72	72	248	248	4358	4358	6838	6838	1038	1038	731	731	42919	42919	41038	41038	447	447	1880	1880	45	45	177	177	3753	3753	2500	2500	292	292	1811	1811	417	417	204	204	603	603	549	549	106	106	18	18	414	414	230	230	823	823	872	872	151	151	228	228	522	522	663	663	701	701	114	114	7626	7626	9955	9955	501	501	326	326	1630	1630	11033	11033	110	110	58	58	228	228	79	79	25	25	6	6	10	10	131	131	175	175	397	397	53	53	79	79	2630	2630	481	481	2297	2297	2494	2494	79	79	113	113	39	39	43	43	6258	6258	5438	5438	8	8	20	20	3	3	5	5	4	4	17	17	62	62	18	18	568	568	258	258	4362	4362	8434	8434	198	198	135	135
IND00024	567	567	673	673	346	346	434	434	3166	3166	2444	2444	242	242	727	727	132	132	7	7	15648	15648	10576	10576	977	977	349	349	179	179	77	77	5549	5549	4659	4659	909	909	160	160	4140	4140	26	26	826	826	993	993	52	52	1	1	48	48	147	147	3921	3921	10430	10430	74	74	2124	2124	34802	34802	46124	46124	1429	1429	4580	4580	106	106	225	225	6655	6655	7191	7191	3137	3137	1226	1226	25	25	93	93	847	847	304	304	124	124	103	103	179	179	16	16	582	582	96	96	181	181	146	146	285	285	483	483	1100	1100	1983	1983	1941	1941	13596	13596	101	101	185	185	6489	6489	10637	10637	10	10	79	79	236	236	121	121	140	140	230	230	21	21	154	154	445	445	1017	1017	111	111	78	78	352	352	2567	2567	3591	3591	1616	1616	29	29	102	102	7	7	46	46	4974	4974	254	254	23	23	27	27	11	11	3	3	124	124	96	96	48	48	55	55	7134	7134	4459	4459	10688	10688	15142	15142	105	105	225	225
IND00025	1435	1435	2012	2012	114	114	144	144	4468	4468	2223	2223	23	23	489	489	192	192	56	56	5522	5522	9572	9572	1720	1720	1741	1741	439	439	414	414	3929	3929	7016	7016	540	540	33	33	8175	8175	4060	4060	420	420	606	606	40	40	49	49	255	255	78	78	9051	9051	4719	4719	2946	2946	3289	3289	27844	27844	54736	54736	2439	2439	2988	2988	57	57	70	70	8115	8115	6167	6167	2644	2644	2638	2638	199	199	112	112	165	165	59	59	52	52	17	17	115	115	167	167	754	754	784	784	59	59	15	15	283	283	757	757	1784	1784	1966	1966	708	708	760	760	233	233	266	266	1592	1592	10694	10694	70	70	50	50	206	206	189	189	209	209	4	4	66	66	255	255	449	449	596	596	9	9	20	20	982	982	108	108	3652	3652	4088	4088	85	85	57	57	51	51	64	64	4056	4056	2137	2137	8	8	26	26	10	10	4	4	88	88	68	68	30	30	31	31	7115	7115	5994	5994	8664	8664	5937	5937	152	152	213	213
IND00026	2030	2030	810	810	176	176	275	275	2831	2831	6312	6312	694	694	108	108	89	89	225	225	4848	4848	9686	9686	806	806	1217	1217	292	292	148	148	2221	2221	3084	3084	806	806	350	350	1473	1473	3900	3900	163	163	729	729	36	36	49	49	170	170	105	105	4181	4181	285	285	2475	2475	388	388	50199	50199	42956	42956	256	256	4460	4460	218	218	90	90	6021	6021	4326	4326	406	406	3099	3099	337	337	234	234	824	824	579	579	11	11	46	46	255	255	226	226	947	947	156	156	92	92	172	172	388	388	183	183	1638	1638	87	87	13069	13069	1138	1138	506	506	308	308	7727	7727	1803	1803	92	92	111	111	156	156	1	1	32	32	63	63	128	128	150	150	757	757	442	442	2	2	4	4	1085	1085	2381	2381	3758	3758	3595	3595	40	40	124	124	40	40	51	51	2645	2645	358	358	2	2	27	27	11	11	16	16	91	91	74	74	37	37	11	11	7492	7492	484	484	14160	14160	9330	9330	202	202	174	174
IND00027	2046	2046	1657	1657	181	181	323	323	3094	3094	2470	2470	821	821	618	618	244	244	83	83	14484	14484	1442	1442	1527	1527	966	966	73	73	453	453	6420	6420	3460	3460	586	586	34	34	2508	2508	6766	6766	281	281	510	510	38	38	22	22	76	76	50	50	15931	15931	9490	9490	1439	1439	2044	2044	35706	35706	20972	20972	692	692	186	186	236	236	11	11	2762	2762	6692	6692	2847	2847	3595	3595	457	457	206	206	734	734	977	977	104	104	2	2	401	401	167	167	535	535	536	536	139	139	2	2	583	583	230	230	1564	1564	1346	1346	15334	15334	11042	11042	493	493	302	302	4580	4580	3400	3400	53	53	49	49	135	135	62	62	183	183	65	65	164	164	13	13	775	775	62	62	103	103	34	34	2375	2375	3047	3047	4022	4022	3097	3097	75	75	128	128	43	43	59	59	2190	2190	4968	4968	14	14	24	24	2	2	12	12	29	29	18	18	32	32	46	46	3853	3853	4705	4705	31934	31934	6424	6424	164	164	78	78
IND00028	871	871	240	240	143	143	133	133	440	440	8137	8137	700	700	206	206	220	220	247	247	12497	12497	12759	12759	594	594	1265	1265	404	404	323	323	4731	4731	4625	4625	209	209	885	885	3892	3892	2370	2370	880	880	819	819	14	14	30	30	240	240	224	224	1662	1662	8381	8381	2910	2910	2592	2592	31993	31993	26825	26825	5041	5041	4867	4867	58	58	131	131	6510	6510	1636	1636	219	219	3568	3568	1	1	318	318	976	976	981	981	104	104	83	83	208	208	339	339	406	406	911	911	97	97	238	238	834	834	961	961	1180	1180	392	392	5921	5921	14801	14801	399	399	137	137	3139	3139	172	172	62	62	75	75	208	208	256	256	242	242	85	85	152	152	132	132	617	617	616	616	66	66	112	112	1366	1366	2692	2692	288	288	3715	3715	84	84	124	124	48	48	43	43	3958	3958	5390	5390	18	18	19	19	3	3	1	1	77	77	13	13	34	34	41	41	6769	6769	6465	6465	8264	8264	495	495	92	92	143	143
IND00029	584	584	680	680	403	403	397	397	5254	5254	1123	1123	437	437	423	423	19	19	177	177	353	353	1424	1424	922	922	2018	2018	108	108	477	477	3213	3213	1487	1487	194	194	899	899	3627	3627	1357	1357	193	193	1020	1020	61	61	49	49	215	215	63	63	13880	13880	13100	13100	526	526	2497	2497	62977	62977	3581	3581	937	937	2345	2345	174	174	194	194	1261	1261	7240	7240	3028	3028	3830	3830	270	270	272	272	989	989	9	9	25	25	111	111	29	29	504	504	186	186	516	516	69	69	240	240	558	558	544	544	1722	1722	1813	1813	5047	5047	9818	9818	451	451	111	111	15556	15556	16121	16121	58	58	57	57	124	124	241	241	251	251	100	100	119	119	152	152	174	174	571	571	107	107	41	41	3382	3382	2388	2388	1891	1891	2228	2228	28	28	120	120	14	14	35	35	5174	5174	7485	7485	19	19	9	9	9	9	13	13	3	3	67	67	14	14	51	51	4406	4406	1944	1944	5068	5068	2433	2433	207	207	38	38
IND00030	203	203	1069	1069	405	405	4	4	1158	1158	4758	4758	915	915	551	551	20	20	163	163	7658	7658	7227	7227	122	122	1924	1924	427	427	450	450	3785	3785	4601	4601	125	125	763	763	1968	1968	6580	6580	245	245	782	782	14	14	1	1	13	13	158	158	8634	8634	10303	10303	661	661	3507	3507	20157	20157	44635	44635	321	321	3902	3902	61	61	81	81	1027	1027	5570	5570	1640	1640	4043	4043	293	293	26	26	283	283	799	799	111	111	40	40	395	395	237	237	612	612	225	225	102	102	154	154	163	163	144	144	1945	1945	1181	1181	9389	9389	6354	6354	178	178	133	133	12495	12495	9011	9011	7	7	17	17	9	9	157	157	38	38	102	102	157	157	122	122	336	336	390	390	107	107	4	4	3285	3285	2349	2349	184	184	1958	1958	94	94	97	97	52	52	61	61	5353	5353	595	595	2	2	23	23	2	2	9	9	14	14	101	101	48	48	62	62	4542	4542	3828	3828	19762	19762	26065	26065	184	184	90	90
IND00031	878	878	1854	1854	500	500	112	112	6744	6744	3869	3869	385	385	120	120	208	208	1	1	7176	7176	14972	14972	1398	1398	1887	1887	195	195	127	127	759	759	7466	7466	499	499	738	738	3374	3374	2025	2025	333	333	636	636	40	40	18	18	236	236	143	143	6053	6053	145	145	1727	1727	550	550	57426	57426	53194	53194	7684	7684	1967	1967	163	163	223	223	3835	3835	911	911	2327	2327	1075	1075	167	167	466	466	475	475	175	175	62	62	26	26	353	353	383	383	774	774	283	283	129	129	1	1	441	441	308	308	1638	1638	315	315	3249	3249	13491	13491	23	23	54	54	4375	4375	6284	6284	42	42	118	118	74	74	144	144	177	177	33	33	115	115	176	176	825	825	269	269	18	18	3	3	2364	2364	1133	1133	262	262	3606	3606	56	56	61	61	59	59	61	61	636	636	7775	7775	2	2	16	16	6	6	8	8	33	33	7	7	20	20	20	20	971	971	3446	3446	6087	6087	23966	23966	227	227	238	238
IND00032	102	102	1103	1103	332	332	393	393	5420	5420	6540	6540	399	399	718	718	71	71	44	44	2337	2337	14060	14060	1607	1607	1967	1967	135	135	411	411	8134	8134	2328	2328	294	294	808	808	7302	7302	4290	4290	262	262	475	475	62	62	42	42	244	244	241	241	11798	11798	15920	15920	869	869	3011	3011	32361	32361	35714	35714	8130	8130	6203	6203	66	66	74	74	7709	7709	2794	2794	1589	1589	679	679	342	342	57	57	407	407	71	71	87	87	90	90	353	353	357	357	420	420	509	509	51	51	36	36	850	850	125	125	1736	1736	1940	1940	9581	9581	15817	15817	386	386	380	380	15961	15961	10480	10480	103	103	89	89	231	231	74	74	85	85	93	93	103	103	133	133	943	943	841	841	103	103	33	33	2520	2520	773	773	2273	2273	529	529	35	35	70	70	58	58	26	26	2038	2038	3971	3971	31	31	30	30	11	11	16	16	38	38	93	93	50	50	21	21	4066	4066	6656	6656	18379	18379	28806	28806	63	63	194	194
IND00033	1487	1487	1894	1894	380	380	145	145	2811	2811	491	491	136	136	51	51	244	244	189	189	5600	5600	15030	15030	2015	2015	974	974	409	409	277	277	6788	6788	3927	3927	845	845	93	93	1974	1974	48	48	256	256	713	713	1	1	63	63	21	21	237	237	6989	6989	7451	7451	74	74	2725	2725	15332	15332	58296	58296	6505	6505	2030	2030	246	246	68	68	1712	1712	4697	4697	71	71	3519	3519	373	373	2	2	487	487	545	545	19	19	127	127	195	195	150	150	373	373	230	230	76	76	79	79	758	758	570	570	516	516	1282	1282	4784	4784	13788	13788	503	503	385	385	2850	2850	3020	3020	125	125	50	50	216	216	247	247	133	133	231	231	185	185	203	203	897	897	98	98	94	94	45	45	1670	1670	3426	3426	1232	1232	1522	1522	74	74	15	15	43	43	45	45	6168	6168	2528	2528	15	15	5	5	12	12	4	4	21	21	22	22	12	12	46	46	7103	7103	1304	1304	24938	24938	18328	18328	97	97	151	151
IND00034	1016	1016	336	336	387	387	455	455	7762	7762	7585	7585	827	827	993	993	219	219	116	116	15519	15519	1027	1027	1839	1839	1430	1430	273	273	223	223	5200	5200	5280	5280	351	351	518	518	1863	1863	3343	3343	168	168	654	654	13	13	2	2	239	239	24	24	11329	11329	8265	8265	1481	1481	3425	3425	3045	3045	4135	4135	4343	4343	1797	1797	82	82	4	4	6954	6954	6949	6949	2553	2553	3122	3122	196	196	288	288	566	566	141	141	71	71	46	46	133	133	485	485	73	73	502	502	34	34	226	226	62	62	895	895	324	324	1881	1881	10589	10589	12975	12975	422	422	142	142	10164	10164	1007	1007	69	69	108	108	103	103	79	79	153	153	213	213	151	151	248	248	875	875	932	932	69	69	22	22	163	163	1814	1814	1818	1818	412	412	4	4	112	112	1	1	33	33	4651	4651	4868	4868	8	8	21	21	1	1	14	14	74	74	127	127	41	41	27	27	4995	4995	6972	6972	16888	16888	32646	32646	10	10	177	177
IND00035	664	664	1127	1127	434	434	376	376	7014	7014	3048	3048	268	268	892	892	65	65	189	189	8605	8605	3872	3872	1710	1710	1698	1698	471	471	50	50	4545	4545	1120	1120	236	236	582	582	8081	8081	3656	3656	285	285	955	955	36	36	29	29	199	199	77	77	15442	15442	2123	2123	14	14	2042	2042	42689	42689	49236	49236	2648	2648	7029	7029	118	118	226	226	1268	1268	5356	5356	3058	3058	4058	4058	266	266	173	173	850	850	176	176	27	27	20	20	135	135	508	508	945	945	962	962	102	102	32	32	160	160	875	875	1790	1790	1695	1695	10178	10178	2623	2623	238	238	320	320	11906	11906	1156	1156	46	46	90	90	234	234	186	186	202	202	8	8	70	70	134	134	902	902	848	848	70	70	125	125	3125	3125	660	660	1377	1377	2856	2856	74	74	75	75	33	33	62	62	2348	2348	7460	7460	15	15	22	22	6	6	14	14	38	38	52	52	25	25	56	56	6355	6355	152	152	9157	9157	10058	10058	110	110	64	64
IND00036	408	408	349	349	180	180	133	133	6824	6824	303	303	473	473	480	480	133	133	122	122	7044	7044	421	421	609	609	447	447	483	483	487	487	2852	2852	3746	3746	1016	1016	236	236	1054	1054	6438	6438	279	279	814	814	30	30	31	31	238	238	31	31	15169	15169	13887	13887	2531	2531	1701	1701	46695	46695	43242	43242	361	361	2869	2869	249	249	215	215	6881	6881	846	846	240	240	288	288	181	181	35	35	565	565	357	357	119	119	80	80	367	367	273	273	148	148	904	904	168	168	140	140	668	668	907	907	613	613	1283	1283	4888	4888	7459	7459	101	101	88	88	3608	3608	7255	7255	50	50	89	89	188	188	171	171	151	151	122	122	231	231	155	155	7	7	844	844	62	62	57	57	2632	2632	3316	3316	1168	1168	1623	1623	82	82	43	43	58	58	29	29	5709	5709	7521	7521	32	32	14	14	1	1	16	16	86	86	68	68	60	60	20	20	7075	7075	108	108	13249	13249	16668	16668	124	124	156	156
IND00037	1366	1366	1542	1542	426	426	127	127	770	770	6444	6444	836	836	814	814	38	38	212	212	5405	5405	3773	3773	1225	1225	1880	1880	120	120	26	26	785	785	1275	1275	433	433	135	135	397	397	2173	2173	601	601	628	628	22	22	19	19	124	124	149	149	3890	3890	2580	2580	2954	2954	308	308	60998	60998	2523	2523	6039	6039	5285	5285	37	37	50	50	6094	6094	7240	7240	2904	2904	1289	1289	235	235	62	62	69	69	1	1	68	68	24	24	445	445	213	213	843	843	734	734	198	198	38	38	843	843	349	349	150	150	1516	1516	2339	2339	10419	10419	204	204	141	141	6285	6285	9722	9722	119	119	17	17	228	228	44	44	256	256	72	72	28	28	230	230	41	41	697	697	18	18	90	90	3177	3177	3316	3316	3909	3909	3161	3161	49	49	58	58	35	35	29	29	3473	3473	381	381	9	9	29	29	11	11	7	7	60	60	59	59	25	25	23	23	6556	6556	4179	4179	12415	12415	24503	24503	120	120	60	60
IND00038	530	530	1998	1998	361	361	305	305	5224	5224	3824	3824	868	868	678	678	253	253	63	63	11560	11560	12141	12141	1908	1908	913	913	447	447	432	432	993	993	6485	6485	982	982	331	331	1345	1345	7008	7008	221	221	220	220	31	31	27	27	149	149	229	229	3285	3285	15123	15123	3707	3707	2262	2262	9275	9275	50394	50394	3556	3556	14	14	35	35	121	121	4708	4708	5667	5667	632	632	2206	2206	226	226	69	69	100	100	559	559	113	113	72	72	321	321	479	479	90	90	222	222	135	135	87	87	20	20	674	674	80	80	364	364	12191	12191	7940	7940	446	446	296	296	16300	16300	5708	5708	90	90	27	27	74	74	120	120	195	195	9	9	135	135	49	49	93	93	262	262	106	106	60	60	2229	2229	2266	2266	1573	1573	220	220	43	43	99	99	45	45	42	42	7784	7784	4215	4215	7	7	9	9	5	5	16	16	96	96	38	38	49	49	40	40	7532	7532	7180	7180	23658	23658	15199	15199	19	19	117	117
IND00039	1374	1374	1009	1009	45	45	51	51	2341	2341	760	760	870	870	19	19	114	114	118	118	3687	3687	89	89	1791	1791	38	38	317	317	91	91	4795	4795	6450	6450	125	125	491	491	5548	5548	380	380	1006	1006	613	613	56	56	24	24	1	1	128	128	4157	4157	10348	10348	2283	2283	3665	3665	6177	6177	39412	39412	2653	2653	5454	5454	16	16	189	189	2580	2580	7926	7926	1660	1660	1662	1662	124	124	447	447	383	383	56	56	26	26	80	80	221	221	239	239	955	955	337	337	106	106	98	98	828	828	74	74	161	161	562	562	1033	1033	12007	12007	405	405	467	467	1225	1225	3614	3614	32	32	37	37	214	214	177	177	96	96	133	133	44	44	132	132	437	437	905	905	17	17	58	58	2823	2823	3129	3129	3824	3824	1610	1610	93	93	63	63	26	26	14	14	4317	4317	5714	5714	5	5	7	7	16	16	8	8	90	90	126	126	55	55	32	32	6612	6612	675	675	27234	27234	24481	24481	152	152	118	118
IND00040	411	411	1497	1497	126	126	312	312	5333	5333	570	570	388	388	662	662	151	151	33	33	15325	15325	121	121	736	736	1601	1601	475	475	6	6	7115	7115	7620	7620	139	139	109	109	7734	7734	2109	2109	696	696	1016	1016	42	42	26	26	133	133	77	77	11221	11221	16079	16079	3792	3792	1002	1002	31663	31663	7511	7511	1369	1369	5387	5387	208	208	18	18	4729	4729	3834	3834	968	968	1666	1666	33	33	116	116	199	199	893	893	13	13	117	117	370	370	490	490	787	787	464	464	253	253	120	120	831	831	300	300	880	880	1035	1035	10554	10554	1533	1533	242	242	449	449	5372	5372	2586	2586	123	123	11	11	119	119	121	121	86	86	242	242	202	202	21	21	603	603	467	467	77	77	21	21	2547	2547	885	885	1473	1473	3176	3176	62	62	105	105	13	13	42	42	5270	5270	4957	4957	22	22	29	29	10	10	8	8	58	58	112	112	47	47	39	39	2366	2366	3379	3379	12593	12593	28253	28253	19	19	156	156
IND00041	130	130	1171	1171	283	283	407	407	1785	1785	745	745	412	412	49	49	119	119	125	125	11540	11540	4871	4871	1417	1417	459	459	58	58	324	324	4654	4654	6788	6788	56	56	887	887	7999	7999	5551	5551	138	138	359	359	63	63	47	47	255	255	138	138	14748	14748	315	315	3414	3414	510	510	47640	47640	45512	45512	7288	7288	1201	1201	49	49	97	97	8148	8148	2702	2702	3604	3604	1288	1288	140	140	256	256	951	951	439	439	118	118	112	112	25	25	476	476	503	503	53	53	7	7	182	182	451	451	246	246	1768	1768	1480	1480	5284	5284	14695	14695	395	395	475	475	13673	13673	6009	6009	85	85	116	116	228	228	133	133	142	142	29	29	122	122	155	155	424	424	814	814	62	62	65	65	2859	2859	864	864	2706	2706	177	177	28	28	53	53	18	18	63	63	982	982	6697	6697	25	25	18	18	12	12	4	4	29	29	77	77	45	45	51	51	2244	2244	2320	2320	13753	13753	5185	5185	9	9	176	176
IND00042	19	19	1130	1130	111	111	252	252	3554	3554	5063	5063	555	555	467	467	68	68	29	29	10978	10978	5233	5233	148	148	1021	1021	343	343	342	342	5939	5939	3358	3358	902	902	490	490	1085	1085	2607	2607	154	154	311	311	33	33	57	57	174	174	160	160	3958	3958	4786	4786	3040	3040	2285	2285	48168	48168	63562	63562	7976	7976	5575	5575	24	24	167	167	4687	4687	2496	2496	4047	4047	1441	1441	230	230	341	341	982	982	541	541	5	5	19	19	218	218	184	184	375	375	51	51	189	189	136	136	833	833	915	915	1755	1755	1046	1046	14802	14802	2199	2199	16	16	25	25	3981	3981	3147	3147	6	6	57	57	6	6	52	52	184	184	92	92	33	33	232	232	228	228	552	552	12	12	89	89	570	570	2753	2753	1276	1276	2741	2741	18	18	57	57	33	33	50	50	1584	1584	7957	7957	30	30	29	29	5	5	2	2	60	60	75	75	8	8	17	17	4141	4141	5917	5917	20617	20617	207	207	204	204	207	207
IND00043	1979	1979	551	551	184	184	400	400	3336	3336	6160	6160	885	885	724	724	248	248	126	126	7817	7817	14221	14221	1305	1305	1153	1153	89	89	297	297	4000	4000	7964	7964	53	53	518	518	4763	4763	4321	4321	574	574	949	949	45	45	20	20	216	216	90	90	7635	7635	10856	10856	2055	2055	2326	2326	45935	45935	35510	35510	2803	2803	516	516	248	248	7	7	4561	4561	3702	3702	1080	1080	3434	3434	290	290	483	483	669	669	482	482	121	121	55	55	234	234	465	465	886	886	1024	1024	43	43	147	147	899	899	443	443	250	250	160	160	10809	10809	2996	2996	176	176	319	319	9651	9651	931	931	90	90	45	45	217	217	28	28	126	126	211	211	111	111	113	113	126	126	778	778	102	102	56	56	2395	2395	3531	3531	905	905	3633	3633	116	116	79	79	41	41	64	64	3627	3627	2705	2705	17	17	28	28	5	5	4	4	125	125	53	53	48	48	47	47	2010	2010	8116	8116	18071	18071	25114	25114	161	161	182	182
IND00044	1316	1316	633	633	314	314	486	486	2796	2796	832	832	254	254	491	491	103	103	63	63	2271	2271	11393	11393	1893	1893	1009	1009	397	397	426	426	4656	4656	4817	4817	1000	1000	475	475	640	640	3784	3784	97	97	411	411	51	51	4	4	116	116	119	119	115	115	9742	9742	2284	2284	3123	3123	45313	45313	54603	54603	4717	4717	180	180	19	19	228	228	6890	6890	7431	7431	1819	1819	3774	3774	32	32	147	147	296	296	692	692	34	34	28	28	80	80	89	89	535	535	422	422	13	13	70	70	931	931	101	101	655	655	1202	1202	2396	2396	3323	3323	75	75	487	487	2904	2904	9093	9093	83	83	45	45	168	168	114	114	168	168	174	174	192	192	176	176	659	659	956	956	12	12	47	47	3468	3468	3129	3129	534	534	670	670	28	28	88	88	47	47	9	9	79	79	798	798	20	20	32	32	8	8	10	10	96	96	58	58	62	62	2	2	5618	5618	4837	4837	1617	1617	7253	7253	252	252	244	244
IND00045	461	461	100	100	349	349	172	172	6377	6377	5925	5925	617	617	655	655	155	155	32	32	608	608	8199	8199	1812	1812	1376	1376	5	5	473	473	8102	8102	6089	6089	429	429	764	764	6041	6041	3827	3827	937	937	595	595	4	4	33	33	115	115	158	158	8743	8743	7342	7342	1987	1987	2726	2726	24044	24044	4304	4304	2154	2154	3933	3933	151	151	117	117	6075	6075	822	822	13	13	1808	1808	462	462	155	155	375	375	881	881	128	128	85	85	353	353	381	381	110	110	772	772	238	238	255	255	891	891	514	514	467	467	771	771	7592	7592	3632	3632	443	443	62	62	166	166	5831	5831	74	74	78	78	107	107	33	33	52	52	230	230	183	183	252	252	900	900	906	906	45	45	90	90	2491	2491	1766	1766	132	132	528	528	77	77	56	56	7	7	61	61	5403	5403	7731	7731	24	24	4	4	5	5	6	6	51	51	117	117	39	39	19	19	2715	2715	81	81	21764	21764	26348	26348	225	225	165	165
IND00046	674	674	1666	1666	280	280	500	500	1965	1965	5961	5961	681	681	783	783	132	132	215	215	3121	3121	9841	9841	1972	1972	1951	1951	479	479	242	242	3636	3636	193	193	812	812	463	463	6632	6632	4954	4954	484	484	167	167	54	54	4	4	189	189	213	213	14260	14260	1275	1275	670	670	956	956	14316	14316	3650	3650	1343	1343	8097	8097	54	54	191	191	1822	1822	6387	6387	1329	1329	3545	3545	400	400	336	336	382	382	330	330	42	42	118	118	105	105	422	422	678	678	417	417	229	229	140	140	708	708	817	817	1778	1778	1002	1002	16011	16011	1028	1028	163	163	330	330	7626	7626	12557	12557	117	117	22	22	174	174	70	70	105	105	94	94	152	152	224	224	188	188	724	724	19	19	72	72	1209	1209	2663	2663	2234	2234	689	689	35	35	4	4	44	44	24	24	5427	5427	7528	7528	2	2	25	25	5	5	14	14	79	79	74	74	39	39	59	59	4936	4936	7053	7053	29554	29554	12066	12066	236	236	139	139
IND00047	1333	1333	1894	1894	117	117	146	146	753	753	1935	1935	754	754	219	219	113	113	151	151	14147	14147	11447	11447	857	857	838	838	197	197	239	239	5027	5027	4667	4667	726	726	920	920	3981	3981	4345	4345	203	203	912	912	13	13	57	57	190	190	82	82	426	426	10858	10858	3765	3765	1731	1731	43042	43042	65076	65076	6124	6124	7850	7850	6	6	49	49	3949	3949	512	512	944	944	1510	1510	389	389	259	259	64	64	93	93	113	113	11	11	480	480	288	288	120	120	935	935	150	150	142	142	591	591	361	361	1810	1810	1867	1867	2224	2224	1119	1119	492	492	328	328	13086	13086	321	321	38	38	55	55	7	7	195	195	146	146	219	219	210	210	146	146	715	715	973	973	66	66	59	59	3168	3168	4087	4087	1612	1612	3576	3576	80	80	116	116	16	16	36	36	1099	1099	3918	3918	19	19	2	2	5	5	10	10	18	18	125	125	44	44	34	34	6147	6147	533	533	4547	4547	29792	29792	183	183	13	13
IND00048	1074	1074	156	156	290	290	153	153	6161	6161	6147	6147	284	284	313	313	6	6	235	235	10722	10722	7551	7551	642	642	384	384	459	459	11	11	727	727	4175	4175	455	455	473	473	7994	7994	3019	3019	171	171	50	50	4	4	13	13	201	201	142	142	9498	9498	8042	8042	125	125	3534	3534	1444	1444	10540	10540	2402	2402	1277	1277	130	130	28	28	5550	5550	295	295	3936	3936	1950	1950	17	17	69	69	791	791	176	176	62	62	56	56	73	73	490	490	338	338	105	105	81	81	219	219	795	795	996	996	1136	1136	1048	1048	4329	4329	10896	10896	298	298	422	422	3125	3125	12515	12515	108	108	75	75	33	33	245	245	225	225	189	189	16	16	208	208	51	51	608	608	68	68	37	37	166	166	2988	2988	3215	3215	1203	1203	99	99	122	122	30	30	14	14	212	212	1250	1250	31	31	17	17	5	5	10	10	38	38	75	75	59	59	4	4	109	109	6310	6310	31033	31033	6417	6417	43	43	169	169
IND00049	1955	1955	2017	2017	449	449	486	486	735	735	4113	4113	738	738	369	369	230	230	193	193	8963	8963	11629	11629	1251	1251	466	466	394	394	293	293	6946	6946	6935	6935	230	230	473	473	5556	5556	6589	6589	981	981	782	782	24	24	11	11	171	171	139	139	9477	9477	3889	3889	1692	1692	3706	3706	23974	23974	17974	17974	3228	3228	7841	7841	28	28	125	125	5585	5585	2997	2997	1319	1319	811	811	456	456	415	415	436	436	281	281	46	46	52	52	106	106	451	451	588	588	332	332	158	158	120	120	379	379	1019	1019	1882	1882	1428	1428	14515	14515	4958	4958	361	361	437	437	15810	15810	6754	6754	103	103	34	34	24	24	45	45	27	27	227	227	115	115	88	88	761	761	52	52	65	65	9	9	1881	1881	3967	3967	3839	3839	3370	3370	47	47	117	117	62	62	20	20	2286	2286	5587	5587	20	20	2	2	8	8	6	6	37	37	88	88	42	42	3	3	5539	5539	7177	7177	8698	8698	14030	14030	217	217	146	146
IND00050	635	635	1227	1227	390	390	94	94	5764	5764	2072	2072	258	258	336	336	64	64	5	5	8525	8525	9198	9198	544	544	1797	1797	340	340	134	134	6452	6452	6537	6537	803	803	597	597	1209	1209	2060	2060	442	442	657	657	21	21	32	32	202	202	101	101	11354	11354	10104	10104	1343	1343	2151	2151	32260	32260	65121	65121	1604	1604	7065	7065	26	26	52	52	896	896	2672	2672	3883	3883	2533	2533	260	260	429	429	22	22	1001	1001	104	104	27	27	92	92	96	96	993	993	326	326	79	79	207	207	20	20	557	557	46	46	1113	1113	3763	3763	9728	9728	196	196	458	458	7512	7512	11573	11573	58	58	9	9	242	242	162	162	120	120	63	63	112	112	86	86	985	985	870	870	68	68	113	113	1800	1800	41	41	3636	3636	4085	4085	92	92	114	114	28	28	51	51	5835	5835	7117	7117	10	10	3	3	9	9	9	9	36	36	88	88	25	25	16	16	3231	3231	3896	3896	16797	16797	14817	14817	118	118	64	64
IND00051	882	882	284	284	419	419	332	332	3640	3640	594	594	945	945	84	84	142	142	246	246	3586	3586	15084	15084	63	63	244	244	362	362	168	168	2495	2495	2279	2279	661	661	830	830	3012	3012	2543	2543	123	123	370	370	55	55	5	5	169	169	90	90	15494	15494	10146	10146	1091	1091	2218	2218	4299	4299	34436	34436	6456	6456	2356	2356	125	125	56	56	1912	1912	5354	5354	2705	2705	839	839	234	234	309	309	319	319	808	808	121	121	123	123	492	492	273	273	632	632	701	701	202	202	93	93	676	676	640	640	503	503	681	681	11540	11540	2767	2767	30	30	65	65	13386	13386	5005	5005	90	90	113	113	185	185	67	67	47	47	243	243	222	222	93	93	278	278	449	449	15	15	108	108	2199	2199	59	59	4017	4017	3450	3450	21	21	34	34	38	38	29	29	6161	6161	5631	5631	6	6	13	13	9	9	1	1	106	106	35	35	18	18	51	51	3716	3716	2376	2376	29054	29054	7173	7173	241	241	111	111
IND00052	945	945	206	206	294	294	410	410	5713	5713	7766	7766	236	236	349	349	149	149	197	197	13417	13417	1072	1072	574	574	1590	1590	344	344	69	69	1457	1457	4844	4844	274	274	970	970	5871	5871	2331	2331	1018	1018	570	570	6	6	33	33	109	109	174	174	711	711	11442	11442	3487	3487	367	367	63094	63094	30448	30448	6448	6448	4024	4024	56	56	223	223	6205	6205	3323	3323	2271	2271	1240	1240	161	161	447	447	753	753	125	125	22	22	5	5	356	356	502	502	1020	1020	792	792	159	159	138	138	977	977	926	926	917	917	1384	1384	7357	7357	13156	13156	282	282	330	330	6831	6831	14200	14200	32	32	54	54	82	82	141	141	79	79	219	219	31	31	79	79	116	116	67	67	6	6	6	6	3078	3078	2415	2415	3929	3929	3292	3292	45	45	28	28	33	33	38	38	8020	8020	5181	5181	30	30	16	16	14	14	11	11	5	5	102	102	1	1	2	2	7698	7698	4051	4051	4551	4551	22650	22650	17	17	7	7
IND00053	1477	1477	598	598	47	47	371	371	120	120	2601	2601	30	30	889	889	24	24	215	215	9416	9416	9785	9785	1653	1653	209	209	307	307	259	259	2988	2988	5073	5073	965	965	295	295	7050	7050	3	3	481	481	200	200	33	33	46	46	252	252	122	122	5541	5541	2046	2046	85	85	2809	2809	32983	32983	48418	48418	3900	3900	5057	5057	135	135	198	198	7746	7746	2469	2469	467	467	3733	3733	7	7	226	226	953	953	556	556	115	115	71	71	8	8	41	41	95	95	276	276	199	199	8	8	726	726	187	187	1563	1563	163	163	4518	4518	9024	9024	256	256	30	30	4784	4784	12166	12166	11	11	93	93	254	254	53	53	38	38	55	55	42	42	227	227	789	789	322	322	74	74	114	114	1140	1140	3871	3871	292	292	2558	2558	84	84	49	49	28	28	6	6	2943	2943	6314	6314	26	26	12	12	16	16	8	8	41	41	95	95	59	59	44	44	5058	5058	1399	1399	4044	4044	29036	29036	134	134	255	255
IND00054	357	357	154	154	508	508	107	107	2446	2446	1767	1767	766	766	495	495	189	189	92	92	6215	6215	16185	16185	440	440	1760	1760	327	327	23	23	2990	2990	1341	1341	563	563	743	743	432	432	2496	2496	340	340	483	483	22	22	40	40	227	227	114	114	9890	9890	11968	11968	3878	3878	3682	3682	50418	50418	14813	14813	3224	3224	1019	1019	135	135	223	223	5680	5680	229	229	1848	1848	2081	2081	37	37	98	98	709	709	498	498	16	16	50	50	89	89	418	418	654	654	508	508	233	233	86	86	311	311	978	978	539	539	1245	1245	4660	4660	8708	8708	113	113	498	498	15426	15426	11389	11389	32	32	126	126	43	43	214	214	129	129	65	65	109	109	181	181	7	7	844	844	83	83	86	86	2551	2551	1804	1804	548	548	2065	2065	68	68	83	83	6	6	46	46	580	580	6544	6544	24	24	2	2	13	13	11	11	94	94	118	118	24	24	45	45	296	296	2869	2869	21542	21542	6470	6470	250	250	82	82
IND00055	1715	1715	1991	1991	226	226	411	411	907	907	93	93	303	303	867	867	111	111	30	30	464	464	5346	5346	1283	1283	615	615	347	347	246	246	1740	1740	6185	6185	26	26	154	154	6883	6883	7449	7449	207	207	168	168	63	63	32	32	18	18	255	255	15076	15076	1586	1586	300	300	2495	2495	20154	20154	45660	45660	5851	5851	4078	4078	198	198	159	159	995	995	3481	3481	1935	1935	3460	3460	329	329	196	196	81	81	790	790	15	15	25	25	362	362	303	303	856	856	937	937	198	198	27	27	52	52	350	350	506	506	1858	1858	3113	3113	9637	9637	36	36	283	283	14066	14066	9704	9704	123	123	112	112	250	250	245	245	74	74	73	73	78	78	210	210	54	54	641	641	96	96	72	72	3255	3255	983	983	2984	2984	4081	4081	26	26	118	118	41	41	54	54	5182	5182	2116	2116	9	9	11	11	6	6	8	8	50	50	37	37	20	20	59	59	919	919	3075	3075	323	323	16176	16176	77	77	214	214
IND00056	215	215	123	123	281	281	318	318	637	637	7226	7226	72	72	59	59	124	124	224	224	10972	10972	72	72	1578	1578	515	515	503	503	118	118	5345	5345	1642	1642	713	713	317	317	2634	2634	253	253	561	561	953	953	28	28	28	28	182	182	40	40	14910	14910	9138	9138	908	908	2295	2295	28859	28859	45784	45784	2917	2917	1914	1914	5	5	2	2	1508	1508	1605	1605	364	364	2752	2752	40	40	490	490	628	628	272	272	124	124	107	107	85	85	118	118	924	924	769	769	59	59	239	239	390	390	128	128	134	134	1789	1789	1812	1812	2485	2485	311	311	160	160	6379	6379	11058	11058	122	122	67	67	139	139	108	108	26	26	222	222	83	83	234	234	47	47	480	480	116	116	58	58	1450	1450	601	601	2147	2147	1325	1325	75	75	128	128	55	55	20	20	1055	1055	1657	1657	30	30	32	32	1	1	7	7	63	63	39	39	24	24	55	55	2764	2764	5647	5647	3679	3679	9190	9190	207	207	227	227
IND00057	385	385	1860	1860	13	13	87	87	3033	3033	3622	3622	859	859	685	685	150	150	78	78	7097	7097	4242	4242	972	972	221	221	400	400	379	379	2909	2909	2290	2290	60	60	587	587	4853	4853	2190	2190	3	3	392	392	7	7	35	35	10	10	191	191	1976	1976	9201	9201	1814	1814	810	810	26166	26166	51312	51312	6840	6840	4577	4577	8	8	228	228	8163	8163	5510	5510	2697	2697	2254	2254	13	13	244	244	836	836	841	841	30	30	117	117	386	386	2	2	395	395	441	441	68	68	107	107	206	206	567	567	137	137	722	722	14894	14894	11026	11026	343	343	357	357	3151	3151	15965	15965	127	127	52	52	220	220	182	182	140	140	115	115	41	41	59	59	867	867	502	502	98	98	50	50	787	787	2270	2270	541	541	904	904	47	47	31	31	27	27	4	4	6461	6461	2268	2268	29	29	23	23	14	14	6	6	127	127	67	67	62	62	51	51	3577	3577	6310	6310	18859	18859	13069	13069	194	194	20	20
IND00058	1637	1637	1429	1429	420	420	304	304	6715	6715	1943	1943	494	494	970	970	74	74	95	95	15591	15591	15535	15535	898	898	1415	1415	352	352	146	146	7634	7634	5786	5786	796	796	134	134	1868	1868	1528	1528	929	929	1005	1005	11	11	16	16	216	216	154	154	5599	5599	10505	10505	1871	1871	3897	3897	9206	9206	31651	31651	3689	3689	6613	6613	182	182	111	111	4485	4485	2995	2995	3605	3605	2101	2101	192	192	203	203	117	117	111	111	42	42	9	9	493	493	88	88	749	749	627	627	58	58	207	207	346	346	528	528	1309	1309	579	579	15382	15382	3190	3190	38	38	17	17	2940	2940	919	919	40	40	10	10	121	121	34	34	255	255	222	222	203	203	91	91	85	85	956	956	80	80	69	69	3531	3531	1350	1350	1197	1197	4029	4029	107	107	55	55	32	32	2	2	1133	1133	6350	6350	3	3	14	14	11	11	5	5	54	54	49	49	27	27	5	5	3575	3575	4866	4866	2648	2648	812	812	30	30	172	172
IND00059	1451	1451	184	184	58	58	504	504	4367	4367	2888	2888	369	369	843	843	66	66	73	73	1001	1001	12095	12095	1136	1136	1514	1514	59	59	405	405	8038	8038	3323	3323	734	734	652	652	7239	7239	4077	4077	609	609	668	668	8	8	46	46	174	174	162	162	7374	7374	1679	1679	1093	1093	2873	2873	16848	16848	819	819	1927	1927	2983	2983	48	48	122	122	5814	5814	7392	7392	1893	1893	164	164	185	185	262	262	542	542	301	301	18	18	19	19	210	210	3	3	625	625	785	785	234	234	194	194	959	959	406	406	693	693	1381	1381	4356	4356	13767	13767	262	262	310	310	16157	16157	8888	8888	64	64	20	20	134	134	185	185	27	27	91	91	33	33	12	12	805	805	490	490	128	128	44	44	1482	1482	3434	3434	509	509	1954	1954	59	59	21	21	43	43	26	26	1705	1705	2305	2305	27	27	19	19	15	15	13	13	91	91	34	34	26	26	43	43	5005	5005	6046	6046	1022	1022	25302	25302	197	197	114	114
IND00060	1480	1480	1382	1382	198	198	332	332	8055	8055	1770	1770	311	311	1004	1004	63	63	230	230	3031	3031	5217	5217	1988	1988	1061	1061	123	123	481	481	6744	6744	4477	4477	859	859	924	924	1409	1409	1282	1282	669	669	231	231	42	42	19	19	57	57	211	211	1649	1649	2550	2550	14	14	2677	2677	16786	16786	3359	3359	6254	6254	7354	7354	99	99	248	248	7036	7036	5128	5128	1801	1801	1552	1552	64	64	10	10	631	631	118	118	52	52	120	120	512	512	500	500	281	281	178	178	47	47	241	241	635	635	792	792	2046	2046	335	335	907	907	6860	6860	42	42	368	368	4575	4575	11901	11901	15	15	71	71	216	216	256	256	26	26	53	53	241	241	219	219	405	405	203	203	87	87	78	78	2670	2670	1550	1550	2619	2619	543	543	91	91	18	18	45	45	8	8	3139	3139	1247	1247	11	11	31	31	9	9	1	1	80	80	92	92	37	37	7	7	2166	2166	1522	1522	18992	18992	18555	18555	244	244	23	23
IND00061	13	13	1877	1877	251	251	303	303	2198	2198	6237	6237	451	451	888	888	249	249	102	102	7630	7630	1085	1085	530	530	1864	1864	498	498	33	33	7054	7054	6656	6656	41	41	734	734	5577	5577	4178	4178	198	198	55	55	32	32	11	11	199	199	183	183	13865	13865	9031	9031	2188	2188	3284	3284	20557	20557	12198	12198	2012	2012	4110	4110	253	253	11	11	6095	6095	7521	7521	788	788	3694	3694	259	259	235	235	963	963	762	762	97	97	29	29	218	218	223	223	561	561	658	658	174	174	1	1	258	258	530	530	1275	1275	247	247	14763	14763	11380	11380	137	137	123	123	9738	9738	2497	2497	80	80	111	111	106	106	233	233	19	19	132	132	183	183	178	178	349	349	963	963	84	84	118	118	2556	2556	2661	2661	3049	3049	814	814	106	106	28	28	46	46	13	13	7832	7832	4445	4445	4	4	28	28	2	2	11	11	107	107	95	95	56	56	9	9	7538	7538	5844	5844	23146	23146	8672	8672	129	129	115	115
IND00062	1565	1565	388	388	149	149	268	268	95	95	1937	1937	654	654	680	680	176	176	112	112	11705	11705	15178	15178	2009	2009	1323	1323	84	84	392	392	3516	3516	5008	5008	1004	1004	70	70	4865	4865	933	933	946	946	37	37	57	57	22	22	40	40	55	55	13345	13345	10933	10933	1364	1364	3036	3036	57978	57978	22590	22590	1927	1927	6662	6662	43	43	134	134	1021	1021	1325	1325	1931	1931	823	823	338	338	318	318	181	181	597	597	101	101	58	58	269	269	204	204	715	715	998	998	253	253	172	172	559	559	229	229	851	851	1603	1603	8776	8776	14358	14358	314	314	132	132	1226	1226	4042	4042	90	90	27	27	64	64	225	225	55	55	13	13	70	70	129	129	322	322	379	379	66	66	59	59	1593	1593	3354	3354	3512	3512	4024	4024	46	46	115	115	16	16	35	35	5477	5477	354	354	7	7	8	8	2	2	10	10	5	5	13	13	21	21	4	4	1622	1622	1252	1252	16473	16473	19812	19812	144	144	90	90
IND00063	456	456	908	908	282	282	457	457	3186	3186	6918	6918	156	156	901	901	10	10	60	60	7036	7036	3395	3395	577	577	1801	1801	47	47	74	74	3485	3485	1163	1163	550	550	1009	1009	6017	6017	7132	7132	329	329	855	855	1	1	56	56	78	78	246	246	554	554	2316	2316	2585	2585	1375	1375	16976	16976	57889	57889	5639	5639	5283	5283	76	76	44	44	2437	2437	2904	2904	1210	1210	1505	1505	489	489	342	342	636	636	390	390	128	128	108	108	79	79	502	502	241	241	389	389	32	32	113	113	962	962	660	660	791	791	396	396	9089	9089	10706	10706	92	92	293	293	9850	9850	4815	4815	51	51	56	56	114	114	21	21	61	61	156	156	10	10	244	244	474	474	531	531	35	35	10	10	3925	3925	976	976	3410	3410	2610	2610	60	60	23	23	46	46	4	4	1927	1927	2062	2062	9	9	6	6	1	1	10	10	102	102	103	103	48	48	9	9	7090	7090	6366	6366	12732	12732	19906	19906	200	200	202	202
IND00064	1541	1541	626	626	294	294	376	376	1321	1321	7912	7912	984	984	567	567	248	248	145	145	12988	12988	15503	15503	30	30	1170	1170	377	377	112	112	361	361	2172	2172	890	890	853	853	8109	8109	3721	3721	265	265	1013	1013	42	42	54	54	239	239	191	191	820	820	13396	13396	1788	1788	3305	3305	8386	8386	14931	14931	7878	7878	5943	5943	169	169	126	126	702	702	2901	2901	386	386	859	859	11	11	279	279	12	12	711	711	9	9	121	121	121	121	252	252	417	417	534	534	159	159	235	235	958	958	362	362	1939	1939	611	611	10825	10825	15358	15358	167	167	376	376	9113	9113	4547	4547	85	85	44	44	49	49	97	97	240	240	224	224	130	130	181	181	324	324	366	366	116	116	114	114	2724	2724	680	680	1180	1180	4027	4027	50	50	57	57	62	62	24	24	7700	7700	129	129	3	3	7	7	2	2	9	9	122	122	106	106	42	42	59	59	485	485	7205	7205	20792	20792	11790	11790	66	66	46	46
IND00065	1414	1414	2045	2045	264	264	412	412	2469	2469	5324	5324	852	852	150	150	176	176	197	197	7340	7340	353	353	371	371	1465	1465	5	5	279	279	1052	1052	7297	7297	268	268	610	610	2463	2463	1914	1914	214	214	648	648	8	8	16	16	83	83	27	27	10484	10484	145	145	612	612	2399	2399	62858	62858	9803	9803	1061	1061	5551	5551	245	245	149	149	1568	1568	2338	2338	2515	2515	2889	2889	481	481	227	227	778	778	5	5	47	47	112	112	341	341	232	232	930	930	530	530	162	162	7	7	380	380	646	646	1174	1174	136	136	11999	11999	1842	1842	286	286	295	295	418	418	9393	9393	67	67	99	99	37	37	254	254	59	59	39	39	93	93	93	93	730	730	418	418	62	62	32	32	3016	3016	801	801	1945	1945	2502	2502	16	16	6	6	43	43	54	54	6556	6556	8110	8110	31	31	6	6	9	9	2	2	93	93	58	58	2	2	13	13	2840	2840	6272	6272	8879	8879	26393	26393	97	97	159	159
IND00066	245	245	845	845	173	173	368	368	8158	8158	5898	5898	88	88	785	785	115	115	39	39	14122	14122	99	99	1321	1321	453	453	308	308	466	466	6014	6014	8170	8170	587	587	133	133	851	851	4634	4634	739	739	824	824	9	9	14	14	76	76	97	97	13409	13409	15794	15794	30	30	880	880	36410	36410	41894	41894	2700	2700	5041	5041	203	203	89	89	6322	6322	7770	7770	387	387	651	651	218	218	38	38	803	803	732	732	119	119	35	35	305	305	460	460	533	533	830	830	111	111	43	43	905	905	1023	1023	1049	1049	1622	1622	945	945	9872	9872	73	73	91	91	8671	8671	2280	2280	14	14	80	80	110	110	13	13	4	4	87	87	158	158	116	116	609	609	616	616	101	101	4	4	159	159	1560	1560	2138	2138	1288	1288	61	61	122	122	18	18	21	21	2035	2035	6362	6362	17	17	22	22	9	9	3	3	125	125	85	85	50	50	55	55	371	371	4560	4560	24477	24477	19717	19717	251	251	42	42
IND00067	1998	1998	262	262	64	64	372	372	5225	5225	4327	4327	812	812	590	590	181	181	235	235	1152	1152	9567	9567	1945	1945	228	228	502	502	186	186	4365	4365	7785	7785	694	694	844	844	5086	5086	5716	5716	462	462	652	652	53	53	46	46	90	90	215	215	3149	3149	4229	4229	2298	2298	1753	1753	24598	24598	55098	55098	5125	5125	2296	2296	215	215	245	245	2275	2275	117	117	2934	2934	2517	2517	231	231	253	253	260	260	297	297	123	123	31	31	188	188	72	72	622	622	561	561	254	254	253	253	60	60	95	95	1664	1664	764	764	3944	3944	10909	10909	178	178	495	495	2204	2204	4125	4125	14	14	121	121	74	74	221	221	35	35	94	94	1	1	23	23	361	361	936	936	38	38	39	39	621	621	1822	1822	1299	1299	305	305	63	63	5	5	39	39	27	27	5494	5494	4708	4708	28	28	18	18	15	15	1	1	109	109	56	56	23	23	52	52	2231	2231	3010	3010	20798	20798	22892	22892	186	186	82	82
IND00068	1680	1680	1641	1641	215	215	165	165	1899	1899	3996	3996	167	167	514	514	140	140	46	46	6655	6655	11905	11905	1831	1831	1804	1804	338	338	4	4	2454	2454	4116	4116	104	104	768	768	4703	4703	4975	4975	844	844	174	174	27	27	49	49	140	140	14	14	10980	10980	3062	3062	3916	3916	1032	1032	23153	23153	19900	19900	5565	5565	7665	7665	94	94	193	193	6185	6185	5973	5973	1925	1925	772	772	99	99	268	268	221	221	850	850	77	77	45	45	82	82	42	42	197	197	982	982	148	148	248	248	46	46	588	588	748	748	1386	1386	15898	15898	14861	14861	201	201	470	470	698	698	13704	13704	27	27	40	40	172	172	119	119	119	119	104	104	125	125	96	96	352	352	137	137	12	12	8	8	34	34	742	742	2710	2710	1833	1833	119	119	125	125	62	62	37	37	8004	8004	4837	4837	19	19	7	7	13	13	3	3	24	24	75	75	20	20	23	23	5908	5908	1449	1449	17823	17823	23448	23448	147	147	193	193
IND00069	1798	1798	1888	1888	63	63	313	313	1966	1966	4480	4480	210	210	535	535	156	156	27	27	16362	16362	15872	15872	1082	1082	219	219	21	21	308	308	754	754	8039	8039	909	909	329	329	5206	5206	4259	4259	697	697	521	521	60	60	18	18	46	46	236	236	12205	12205	4105	4105	1589	1589	683	683	48596	48596	46532	46532	5587	5587	8176	8176	180	180	254	254	545	545	7565	7565	2460	2460	3146	3146	291	291	64	64	327	327	620	620	25	25	29	29	76	76	441	441	975	975	403	403	29	29	109	109	965	965	552	552	494	494	1856	1856	6832	6832	13536	13536	316	316	434	434	9031	9031	1721	1721	73	73	48	48	253	253	233	233	173	173	98	98	136	136	201	201	920	920	1010	1010	12	12	67	67	1955	1955	956	956	3079	3079	4059	4059	118	118	63	63	48	48	27	27	4236	4236	2182	2182	2	2	14	14	14	14	14	14	36	36	67	67	25	25	29	29	7984	7984	3264	3264	7449	7449	26047	26047	148	148	66	66
IND00070	1365	1365	1738	1738	126	126	358	358	1800	1800	2969	2969	705	705	217	217	223	223	55	55	1241	1241	8210	8210	519	519	1219	1219	132	132	330	330	6424	6424	3432	3432	727	727	912	912	8000	8000	4467	4467	39	39	624	624	10	10	13	13	246	246	109	109	11390	11390	12147	12147	198	198	2612	2612	54199	54199	8789	8789	7208	7208	2763	2763	65	65	180	180	3036	3036	2201	2201	3250	3250	2214	2214	293	293	17	17	531	531	558	558	1	1	75	75	171	171	181	181	250	250	537	537	130	130	207	207	180	180	57	57	1151	1151	378	378	9905	9905	9745	9745	1	1	321	321	2538	2538	11359	11359	40	40	87	87	110	110	66	66	56	56	209	209	85	85	170	170	577	577	873	873	41	41	2	2	1413	1413	1245	1245	2874	2874	2868	2868	60	60	45	45	30	30	34	34	2137	2137	3481	3481	22	22	13	13	14	14	5	5	101	101	16	16	24	24	45	45	4520	4520	1268	1268	743	743	27139	27139	29	29	201	201
IND00071	1860	1860	422	422	419	419	222	222	4992	4992	3708	3708	899	899	387	387	192	192	59	59	12801	12801	6714	6714	1639	1639	2017	2017	53	53	364	364	5047	5047	2667	2667	594	594	334	334	1573	1573	1245	1245	281	281	435	435	64	64	15	15	109	109	245	245	14779	14779	1031	1031	3150	3150	4047	4047	55082	55082	41811	41811	4910	4910	1294	1294	23	23	125	125	5150	5150	4799	4799	2337	2337	838	838	492	492	199	199	576	576	961	961	90	90	18	18	23	23	278	278	985	985	145	145	147	147	176	176	335	335	4	4	1356	1356	1233	1233	15720	15720	5612	5612	125	125	275	275	13612	13612	6368	6368	58	58	10	10	145	145	122	122	14	14	211	211	112	112	17	17	471	471	535	535	36	36	45	45	487	487	3903	3903	2311	2311	501	501	70	70	101	101	32	32	5	5	5523	5523	5964	5964	11	11	23	23	9	9	8	8	69	69	52	52	56	56	4	4	3573	3573	2521	2521	5258	5258	16468	16468	96	96	116	116
IND00072	1214	1214	2031	2031	388	388	175	175	3800	3800	5868	5868	693	693	31	31	155	155	12	12	3284	3284	2785	2785	1498	1498	63	63	319	319	76	76	1139	1139	5781	5781	293	293	635	635	4964	4964	1103	1103	473	473	341	341	51	51	28	28	152	152	176	176	3153	3153	3248	3248	3419	3419	3986	3986	3272	3272	44197	44197	5453	5453	3662	3662	230	230	171	171	2236	2236	5948	5948	3375	3375	1223	1223	382	382	147	147	908	908	1009	1009	33	33	82	82	343	343	217	217	351	351	502	502	241	241	154	154	725	725	612	612	1044	1044	780	780	16167	16167	2019	2019	362	362	45	45	67	67	11563	11563	33	33	65	65	159	159	128	128	88	88	45	45	9	9	31	31	1009	1009	318	318	36	36	127	127	2491	2491	230	230	3047	3047	196	196	101	101	46	46	32	32	61	61	3672	3672	7542	7542	3	3	14	14	11	11	2	2	19	19	16	16	26	26	42	42	4710	4710	2725	2725	31357	31357	6276	6276	238	238	180	180
IND00073	908	908	378	378	380	380	345	345	3536	3536	8089	8089	479	479	1012	1012	169	169	88	88	5887	5887	12068	12068	1281	1281	1836	1836	248	248	398	398	944	944	29	29	575	575	1010	1010	3503	3503	6396	6396	664	664	427	427	62	62	64	64	123	123	124	124	15200	15200	11069	11069	208	208	1380	1380	37940	37940	21742	21742	3948	3948	6873	6873	217	217	116	116	6580	6580	999	999	1136	1136	2711	2711	124	124	9	9	340	340	672	672	29	29	39	39	200	200	450	450	613	613	38	38	99	99	232	232	3	3	514	514	180	180	647	647	8976	8976	5281	5281	346	346	35	35	5513	5513	3416	3416	13	13	39	39	182	182	169	169	142	142	209	209	104	104	132	132	552	552	379	379	7	7	96	96	3596	3596	2232	2232	2250	2250	834	834	72	72	111	111	46	46	56	56	5794	5794	578	578	32	32	11	11	13	13	2	2	112	112	99	99	22	22	60	60	5451	5451	4908	4908	23347	23347	21602	21602	93	93	230	230
IND00074	1857	1857	1807	1807	231	231	92	92	7375	7375	4850	4850	551	551	307	307	82	82	68	68	12053	12053	13522	13522	617	617	1086	1086	400	400	359	359	4458	4458	2541	2541	653	653	916	916	4005	4005	1915	1915	675	675	498	498	11	11	33	33	71	71	205	205	6438	6438	7280	7280	461	461	2193	2193	34846	34846	55679	55679	8049	8049	7367	7367	210	210	168	168	3907	3907	1491	1491	3785	3785	120	120	359	359	367	367	866	866	957	957	27	27	96	96	118	118	118	118	826	826	862	862	123	123	237	237	742	742	871	871	1984	1984	951	951	6111	6111	15510	15510	48	48	400	400	3284	3284	13783	13783	87	87	82	82	132	132	221	221	178	178	36	36	8	8	81	81	641	641	454	454	64	64	75	75	702	702	561	561	454	454	3132	3132	46	46	116	116	6	6	32	32	4405	4405	7700	7700	3	3	28	28	10	10	8	8	35	35	5	5	20	20	19	19	5548	5548	3293	3293	27889	27889	10303	10303	171	171	196	196
IND00075	1516	1516	1132	1132	201	201	476	476	5916	5916	934	934	97	97	274	274	203	203	113	113	9662	9662	4655	4655	1804	1804	1429	1429	398	398	75	75	1046	1046	15	15	861	861	558	558	1004	1004	4831	4831	210	210	619	619	23	23	43	43	68	68	115	115	13950	13950	12689	12689	2907	2907	3801	3801	40846	40846	63723	63723	4071	4071	525	525	74	74	159	159	1738	1738	7903	7903	3114	3114	3774	3774	434	434	148	148	921	921	1022	1022	40	40	76	76	395	395	323	323	932	932	235	235	131	131	102	102	900	900	201	201	344	344	811	811	6543	6543	8729	8729	484	484	487	487	14849	14849	11139	11139	107	107	114	114	225	225	34	34	122	122	149	149	146	146	159	159	248	248	923	923	90	90	126	126	3371	3371	2588	2588	3099	3099	1200	1200	63	63	27	27	6	6	2	2	2723	2723	4647	4647	31	31	10	10	1	1	8	8	98	98	118	118	35	35	62	62	1245	1245	85	85	3649	3649	13627	13627	21	21	74	74
IND00076	1137	1137	1746	1746	385	385	301	301	2510	2510	5428	5428	19	19	619	619	222	222	242	242	12634	12634	6235	6235	2045	2045	198	198	173	173	467	467	7638	7638	8183	8183	902	902	826	826	7317	7317	1277	1277	983	983	619	619	3	3	49	49	188	188	167	167	9577	9577	11029	11029	2394	2394	1403	1403	64119	64119	64561	64561	737	737	4006	4006	163	163	223	223	7372	7372	1203	1203	2005	2005	449	449	168	168	36	36	1020	1020	928	928	72	72	122	122	341	341	3	3	995	995	788	788	14	14	155	155	966	966	24	24	619	619	1375	1375	6850	6850	7953	7953	22	22	323	323	9223	9223	12360	12360	70	70	12	12	166	166	225	225	154	154	253	253	24	24	202	202	202	202	548	548	42	42	96	96	1354	1354	3529	3529	2150	2150	3740	3740	60	60	119	119	11	11	48	48	6957	6957	2237	2237	20	20	18	18	7	7	9	9	52	52	40	40	55	55	1	1	4885	4885	5502	5502	2251	2251	24494	24494	224	224	236	236
IND00077	999	999	1815	1815	31	31	92	92	7195	7195	3134	3134	482	482	528	528	208	208	109	109	13308	13308	2830	2830	142	142	621	621	338	338	40	40	6465	6465	5480	5480	476	476	806	806	3976	3976	7718	7718	319	319	456	456	54	54	26	26	142	142	127	127	12330	12330	686	686	2012	2012	3094	3094	60648	60648	59029	59029	1417	1417	4750	4750	63	63	85	85	2108	2108	6083	6083	1583	1583	829	829	483	483	115	115	748	748	290	290	11	11	93	93	461	461	113	113	1007	1007	72	72	149	149	193	193	637	637	869	869	908	908	938	938	11781	11781	11164	11164	484	484	34	34	3225	3225	1790	1790	28	28	95	95	44	44	147	147	60	60	171	171	145	145	50	50	92	92	313	313	15	15	128	128	2077	2077	872	872	2080	2080	1137	1137	8	8	56	56	23	23	30	30	2473	2473	625	625	21	21	17	17	4	4	10	10	44	44	101	101	16	16	30	30	1556	1556	6496	6496	22953	22953	25303	25303	101	101	66	66
IND00078	1993	1993	559	559	201	201	385	385	7662	7662	7382	7382	71	71	214	214	196	196	36	36	4384	4384	15239	15239	530	530	480	480	270	270	335	335	5614	5614	3637	3637	548	548	348	348	4005	4005	6350	6350	202	202	319	319	24	24	45	45	79	79	169	169	12853	12853	14839	14839	2175	2175	2087	2087	11216	11216	23822	23822	7511	7511	7026	7026	200	200	246	246	629	629	1865	1865	2560	2560	154	154	90	90	443	443	520	520	45	45	20	20	9	9	355	355	166	166	852	852	416	416	187	187	252	252	979	979	449	449	1179	1179	874	874	13921	13921	6709	6709	307	307	43	43	5269	5269	3052	3052	113	113	15	15	192	192	248	248	194	194	92	92	46	46	208	208	1009	1009	400	400	34	34	103	103	2183	2183	36	36	1731	1731	3538	3538	46	46	1	1	19	19	20	20	1512	1512	2516	2516	18	18	24	24	13	13	16	16	42	42	78	78	19	19	31	31	7292	7292	4263	4263	13375	13375	6526	6526	185	185	150	150
IND00079	1132	1132	743	743	177	177	344	344	1783	1783	4520	4520	229	229	137	137	132	132	237	237	8406	8406	9964	9964	1888	1888	1455	1455	301	301	352	352	2579	2579	3894	3894	569	569	205	205	2916	2916	568	568	425	425	653	653	18	18	29	29	41	41	41	41	721	721	3954	3954	1558	1558	2669	2669	26905	26905	22439	22439	1760	1760	575	575	12	12	115	115	8177	8177	4266	4266	570	570	2255	2255	173	173	446	446	900	900	428	428	78	78	21	21	238	238	287	287	691	691	340	340	187	187	187	187	813	813	453	453	363	363	2026	2026	8886	8886	9207	9207	137	137	467	467	10361	10361	10377	10377	77	77	63	63	113	113	167	167	57	57	67	67	90	90	40	40	68	68	448	448	67	67	96	96	3735	3735	2131	2131	947	947	2275	2275	1	1	25	25	59	59	11	11	2304	2304	7115	7115	31	31	31	31	14	14	8	8	112	112	66	66	27	27	44	44	7527	7527	136	136	24534	24534	29771	29771	90	90	174	174
IND00080	1009	1009	765	765	141	141	473	473	2391	2391	2985	2985	904	904	347	347	144	144	242	242	16075	16075	10509	10509	614	614	1433	1433	195	195	387	387	1302	1302	4771	4771	32	32	161	161	539	539	2645	2645	19	19	813	813	21	21	61	61	147	147	152	152	9527	9527	1758	1758	2862	2862	2427	2427	58754	58754	47809	47809	3332	3332	456	456	214	214	19	19	2854	2854	1880	1880	3298	3298	1998	1998	179	179	269	269	201	201	878	878	46	46	11	11	146	146	83	83	84	84	920	920	123	123	135	135	744	744	479	479	704	704	1372	1372	10476	10476	1543	1543	511	511	355	355	3602	3602	12310	12310	5	5	15	15	23	23	67	67	167	167	55	55	115	115	197	197	391	391	543	543	51	51	83	83	3282	3282	2615	2615	3896	3896	3528	3528	51	51	77	77	49	49	56	56	1647	1647	1459	1459	30	30	27	27	12	12	5	5	14	14	30	30	26	26	12	12	3740	3740	3843	3843	1007	1007	8969	8969	15	15	195	195
IND00081	737	737	1943	1943	123	123	104	104	8166	8166	2969	2969	394	394	766	766	86	86	71	71	7637	7637	13452	13452	1578	1578	235	235	275	275	269	269	5938	5938	6867	6867	787	787	275	275	3990	3990	839	839	827	827	833	833	23	23	32	32	207	207	29	29	5978	5978	4531	4531	3180	3180	2327	2327	23969	23969	32619	32619	1399	1399	7659	7659	167	167	46	46	1685	1685	3093	3093	1194	1194	3828	3828	152	152	298	298	457	457	432	432	126	126	10	10	194	194	115	115	850	850	355	355	113	113	141	141	947	947	491	491	892	892	1280	1280	5912	5912	8897	8897	455	455	491	491	7401	7401	12033	12033	121	121	109	109	136	136	169	169	168	168	70	70	107	107	8	8	409	409	478	478	42	42	58	58	583	583	1707	1707	2732	2732	315	315	56	56	43	43	2	2	3	3	7616	7616	576	576	18	18	10	10	10	10	16	16	57	57	1	1	63	63	60	60	2443	2443	3537	3537	5024	5024	20471	20471	8	8	112	112
IND00082	1613	1613	294	294	85	85	438	438	7207	7207	5803	5803	255	255	909	909	58	58	56	56	8994	8994	782	782	158	158	69	69	108	108	154	154	2809	2809	6300	6300	696	696	518	518	6733	6733	6849	6849	818	818	569	569	29	29	35	35	239	239	10	10	3047	3047	5054	5054	2575	2575	400	400	31756	31756	16014	16014	2033	2033	1342	1342	85	85	96	96	5896	5896	7044	7044	3967	3967	2856	2856	435	435	334	334	643	643	745	745	75	75	64	64	457	457	370	370	357	357	227	227	229	229	49	49	774	774	324	324	1645	1645	191	191	15686	15686	16195	16195	266	266	80	80	9737	9737	3869	3869	67	67	102	102	146	146	104	104	20	20	71	71	117	117	149	149	374	374	113	113	92	92	77	77	2936	2936	3817	3817	2103	2103	490	490	53	53	1	1	2	2	27	27	1538	1538	7015	7015	17	17	8	8	4	4	2	2	47	47	56	56	63	63	13	13	309	309	2588	2588	17886	17886	13794	13794	233	233	98	98
IND00083	865	865	1766	1766	428	428	304	304	2288	2288	2914	2914	916	916	357	357	23	23	147	147	7687	7687	10795	10795	1147	1147	127	127	44	44	119	119	597	597	4582	4582	530	530	296	296	5495	5495	1898	1898	622	622	677	677	43	43	10	10	195	195	184	184	6082	6082	9035	9035	1679	1679	911	911	16163	16163	33422	33422	4281	4281	3771	3771	19	19	159	159	7896	7896	4925	4925	922	922	3975	3975	26	26	303	303	263	263	426	426	36	36	79	79	287	287	260	260	550	550	65	65	242	242	209	209	893	893	800	800	548	548	794	794	11319	11319	1329	1329	126	126	39	39	5983	5983	6054	6054	89	89	85	85	225	225	183	183	27	27	161	161	203	203	224	224	934	934	306	306	13	13	93	93	767	767	3072	3072	1179	1179	3743	3743	8	8	89	89	60	60	9	9	3289	3289	2804	2804	17	17	20	20	8	8	4	4	35	35	3	3	53	53	34	34	3441	3441	8066	8066	23416	23416	28675	28675	167	167	251	251
IND00084	394	394	299	299	477	477	302	302	4841	4841	7770	7770	458	458	666	666	184	184	111	111	3702	3702	14208	14208	65	65	1433	1433	388	388	165	165	4906	4906	785	785	622	622	996	996	8166	8166	5064	5064	527	527	461	461	31	31	52	52	46	46	243	243	715	715	8398	8398	2865	2865	3310	3310	7737	7737	9278	9278	4778	4778	5368	5368	88	88	208	208	4286	4286	7860	7860	1686	1686	925	925	164	164	202	202	243	243	694	694	42	42	100	100	443	443	212	212	630	630	798	798	234	234	164	164	519	519	342	342	1875	1875	1340	1340	1810	1810	3126	3126	129	129	16	16	11541	11541	6653	6653	35	35	31	31	143	143	95	95	28	28	50	50	245	245	154	154	933	933	433	433	29	29	16	16	2470	2470	1820	1820	3507	3507	2382	2382	73	73	72	72	18	18	44	44	4624	4624	3579	3579	23	23	1	1	3	3	6	6	2	2	80	80	61	61	14	14	8063	8063	6719	6719	17812	17812	26336	26336	248	248	210	210
IND00085	1766	1766	1794	1794	37	37	269	269	1252	1252	5255	5255	952	952	708	708	155	155	22	22	11712	11712	15596	15596	890	890	12	12	288	288	132	132	5101	5101	2867	2867	40	40	857	857	811	811	7959	7959	354	354	271	271	15	15	35	35	173	173	160	160	2613	2613	2286	2286	1287	1287	2445	2445	56780	56780	28927	28927	5378	5378	4269	4269	14	14	77	77	5671	5671	2649	2649	1812	1812	3548	3548	403	403	278	278	668	668	1015	1015	118	118	55	55	349	349	84	84	385	385	829	829	235	235	24	24	331	331	206	206	1630	1630	614	614	13654	13654	583	583	385	385	439	439	15240	15240	6393	6393	12	12	117	117	21	21	227	227	76	76	25	25	95	95	149	149	1008	1008	308	308	96	96	62	62	194	194	560	560	1958	1958	1775	1775	90	90	105	105	59	59	19	19	7314	7314	4017	4017	13	13	20	20	14	14	8	8	48	48	46	46	63	63	11	11	2052	2052	6060	6060	7970	7970	2043	2043	153	153	2	2
IND00086	868	868	319	319	361	361	86	86	7689	7689	2516	2516	236	236	266	266	137	137	256	256	14002	14002	15517	15517	721	721	97	97	339	339	13	13	4949	4949	1889	1889	798	798	173	173	989	989	7173	7173	389	389	1005	1005	45	45	54	54	173	173	71	71	14881	14881	984	984	3835	3835	1889	1889	2973	2973	56612	56612	5908	5908	6202	6202	39	39	37	37	7670	7670	5328	5328	3740	3740	679	679	292	292	34	34	386	386	795	795	93	93	71	71	464	464	132	132	152	152	697	697	209	209	122	122	496	496	776	776	1616	1616	1670	1670	1755	1755	1541	1541	161	161	242	242	9327	9327	2897	2897	42	42	82	82	81	81	145	145	52	52	129	129	74	74	191	191	58	58	241	241	24	24	17	17	1425	1425	785	785	2280	2280	1405	1405	89	89	51	51	7	7	61	61	3240	3240	2331	2331	11	11	13	13	11	11	2	2	55	55	23	23	37	37	52	52	978	978	7184	7184	28841	28841	31139	31139	53	53	95	95
IND00087	325	325	191	191	23	23	206	206	4873	4873	4221	4221	211	211	622	622	187	187	4	4	8381	8381	10795	10795	1411	1411	1707	1707	483	483	341	341	2144	2144	8072	8072	139	139	679	679	5357	5357	1273	1273	113	113	623	623	59	59	64	64	147	147	65	65	5436	5436	12141	12141	2936	2936	4047	4047	57262	57262	60043	60043	4934	4934	8043	8043	17	17	208	208	5670	5670	1381	1381	329	329	543	543	14	14	26	26	489	489	378	378	7	7	85	85	228	228	444	444	381	381	298	298	213	213	193	193	598	598	363	363	1426	1426	552	552	6174	6174	9122	9122	136	136	508	508	13962	13962	4753	4753	11	11	45	45	186	186	154	154	73	73	35	35	84	84	218	218	600	600	919	919	18	18	118	118	1664	1664	1278	1278	426	426	1623	1623	65	65	32	32	57	57	30	30	6278	6278	3827	3827	12	12	19	19	1	1	13	13	37	37	33	33	50	50	16	16	5705	5705	8089	8089	37	37	8585	8585	76	76	185	185
IND00088	342	342	1236	1236	90	90	422	422	3700	3700	4260	4260	671	671	859	859	159	159	239	239	13349	13349	7932	7932	615	615	547	547	452	452	508	508	1455	1455	7277	7277	953	953	149	149	2899	2899	2841	2841	992	992	231	231	42	42	4	4	130	130	68	68	2237	2237	4623	4623	875	875	1154	1154	32286	32286	57842	57842	5940	5940	6318	6318	188	188	118	118	7623	7623	2072	2072	83	83	3217	3217	36	36	148	148	99	99	202	202	119	119	87	87	441	441	276	276	98	98	856	856	251	251	43	43	267	267	976	976	1408	1408	411	411	9046	9046	978	978	378	378	364	364	8412	8412	16138	16138	79	79	50	50	155	155	217	217	153	153	131	131	58	58	94	94	19	19	405	405	122	122	103	103	1259	1259	2399	2399	3723	3723	972	972	37	37	76	76	48	48	9	9	3966	3966	7252	7252	7	7	18	18	7	7	7	7	101	101	100	100	22	22	13	13	5269	5269	7353	7353	13416	13416	4005	4005	82	82	223	223
IND00089	361	361	419	419	429	429	53	53	2933	2933	2332	2332	389	389	312	312	33	33	56	56	2188	2188	1267	1267	212	212	264	264	401	401	401	401	4208	4208	611	611	270	270	640	640	5301	5301	3991	3991	516	516	206	206	26	26	18	18	190	190	76	76	13628	13628	14596	14596	3750	3750	3362	3362	613	613	64012	64012	4008	4008	4235	4235	133	133	28	28	340	340	5389	5389	2658	2658	1327	1327	357	357	256	256	95	95	931	931	98	98	110	110	187	187	350	350	415	415	933	933	72	72	90	90	578	578	152	152	1469	1469	1203	1203	846	846	1857	1857	445	445	119	119	11051	11051	11375	11375	81	81	120	120	88	88	123	123	159	159	66	66	251	251	204	204	822	822	146	146	19	19	62	62	3945	3945	3970	3970	2866	2866	2929	2929	88	88	105	105	41	41	5	5	2665	2665	1860	1860	18	18	1	1	16	16	9	9	2	2	74	74	60	60	7	7	6355	6355	615	615	31313	31313	12468	12468	39	39	128	128
IND00090	1701	1701	960	960	132	132	161	161	5213	5213	5460	5460	677	677	569	569	56	56	32	32	15277	15277	3294	3294	126	126	1825	1825	74	74	8	8	340	340	52	52	715	715	902	902	2039	2039	6418	6418	768	768	833	833	19	19	58	58	61	61	55	55	9600	9600	14632	14632	810	810	3559	3559	52863	52863	63875	63875	7427	7427	7142	7142	23	23	126	126	1343	1343	1967	1967	1934	1934	480	480	163	163	103	103	443	443	972	972	85	85	78	78	508	508	197	197	401	401	865	865	255	255	20	20	167	167	172	172	1537	1537	1851	1851	6982	6982	8844	8844	136	136	472	472	11977	11977	4643	4643	42	42	105	105	88	88	63	63	86	86	56	56	216	216	207	207	793	793	384	384	92	92	27	27	2832	2832	253	253	2991	2991	1433	1433	75	75	59	59	46	46	48	48	7961	7961	7724	7724	12	12	16	16	1	1	5	5	10	10	71	71	16	16	17	17	5963	5963	4933	4933	10511	10511	3068	3068	55	55	169	169
IND00091	331	331	992	992	75	75	360	360	2454	2454	5924	5924	355	355	543	543	205	205	225	225	3130	3130	6503	6503	1712	1712	2030	2030	286	286	4	4	4414	4414	619	619	992	992	923	923	2501	2501	3765	3765	570	570	264	264	3	3	9	9	232	232	92	92	11253	11253	3997	3997	1940	1940	3296	3296	54550	54550	31796	31796	5767	5767	7429	7429	86	86	162	162	4719	4719	7241	7241	2737	2737	561	561	128	128	386	386	813	813	453	453	28	28	52	52	11	11	324	324	537	537	13	13	187	187	132	132	1	1	262	262	311	311	1141	1141	11290	11290	8343	8343	386	386	160	160	3667	3667	2543	2543	66	66	61	61	136	136	206	206	3	3	30	30	212	212	29	29	156	156	582	582	121	121	79	79	385	385	3112	3112	1294	1294	1874	1874	15	15	63	63	43	43	63	63	3896	3896	1829	1829	31	31	6	6	2	2	1	1	41	41	104	104	7	7	48	48	481	481	5521	5521	25499	25499	40	40	56	56	83	83
IND00092	2002	2002	1368	1368	389	389	486	486	7722	7722	764	764	552	552	478	478	100	100	5	5	5880	5880	8895	8895	881	881	1768	1768	333	333	302	302	228	228	2214	2214	142	142	751	751	2307	2307	999	999	914	914	198	198	49	49	25	25	6	6	212	212	7750	7750	7383	7383	2542	2542	3929	3929	62775	62775	5785	5785	700	700	5529	5529	131	131	221	221	2188	2188	1774	1774	3786	3786	2748	2748	13	13	61	61	660	660	468	468	113	113	47	47	332	332	215	215	919	919	655	655	93	93	10	10	473	473	894	894	70	70	1468	1468	3145	3145	15141	15141	205	205	420	420	13006	13006	204	204	94	94	24	24	1	1	92	92	18	18	133	133	192	192	134	134	718	718	134	134	47	47	68	68	515	515	3679	3679	1948	1948	1008	1008	3	3	18	18	6	6	9	9	1506	1506	8064	8064	6	6	21	21	6	6	4	4	46	46	59	59	56	56	13	13	2090	2090	4945	4945	2237	2237	18650	18650	226	226	197	197
IND00093	1980	1980	37	37	414	414	385	385	2459	2459	925	925	78	78	469	469	122	122	109	109	6388	6388	6244	6244	920	920	1251	1251	55	55	59	59	3724	3724	354	354	530	530	238	238	2917	2917	1578	1578	284	284	691	691	54	54	60	60	224	224	233	233	6205	6205	13611	13611	853	853	1069	1069	37639	37639	23095	23095	7403	7403	6026	6026	216	216	16	16	1137	1137	6261	6261	2515	2515	419	419	94	94	166	166	7	7	245	245	3	3	81	81	64	64	33	33	740	740	63	63	108	108	6	6	397	397	1024	1024	1481	1481	900	900	554	554	4513	4513	55	55	269	269	5666	5666	9040	9040	6	6	58	58	251	251	175	175	185	185	232	232	191	191	234	234	182	182	501	501	3	3	81	81	3836	3836	4010	4010	2573	2573	2169	2169	47	47	102	102	62	62	38	38	2871	2871	7108	7108	30	30	7	7	14	14	14	14	107	107	43	43	36	36	28	28	4281	4281	5205	5205	3350	3350	20040	20040	99	99	39	39
IND00094	662	662	1147	1147	322	322	250	250	4430	4430	1629	1629	646	646	671	671	59	59	118	118	15204	15204	6194	6194	1036	1036	2016	2016	345	345	51	51	327	327	5329	5329	899	899	819	819	6948	6948	5629	5629	98	98	431	431	26	26	51	51	21	21	80	80	14705	14705	142	142	1402	1402	1794	1794	759	759	64375	64375	234	234	376	376	58	58	124	124	2955	2955	6117	6117	3425	3425	1901	1901	345	345	444	444	624	624	315	315	57	57	43	43	226	226	290	290	432	432	192	192	25	25	179	179	531	531	322	322	1546	1546	814	814	9909	9909	434	434	382	382	168	168	3749	3749	9851	9851	15	15	105	105	33	33	98	98	176	176	105	105	218	218	209	209	608	608	544	544	27	27	93	93	1074	1074	2424	2424	1105	1105	1272	1272	28	28	10	10	29	29	22	22	5243	5243	3342	3342	16	16	30	30	5	5	7	7	17	17	27	27	19	19	25	25	3945	3945	2601	2601	6638	6638	6428	6428	142	142	64	64
IND00095	1688	1688	710	710	462	462	118	118	301	301	3439	3439	585	585	162	162	223	223	218	218	6909	6909	1058	1058	990	990	1720	1720	171	171	426	426	8057	8057	1519	1519	85	85	660	660	5731	5731	5878	5878	499	499	599	599	9	9	16	16	211	211	20	20	3874	3874	2569	2569	591	591	1519	1519	35908	35908	57649	57649	6697	6697	5014	5014	199	199	34	34	4569	4569	7440	7440	2285	2285	2448	2448	335	335	412	412	372	372	620	620	90	90	95	95	399	399	358	358	845	845	705	705	124	124	64	64	617	617	766	766	164	164	634	634	14832	14832	9100	9100	364	364	201	201	7080	7080	10114	10114	38	38	82	82	76	76	78	78	68	68	59	59	28	28	172	172	665	665	433	433	42	42	4	4	3527	3527	425	425	97	97	2600	2600	76	76	45	45	31	31	63	63	2743	2743	5112	5112	22	22	22	22	5	5	15	15	1	1	91	91	37	37	26	26	6379	6379	3905	3905	8658	8658	20994	20994	22	22	176	176
IND00096	1754	1754	1719	1719	7	7	271	271	53	53	4441	4441	869	869	973	973	150	150	133	133	13850	13850	10861	10861	1048	1048	892	892	114	114	429	429	7830	7830	1392	1392	981	981	12	12	353	353	7315	7315	665	665	29	29	57	57	47	47	223	223	146	146	7382	7382	8651	8651	3588	3588	1408	1408	25724	25724	40705	40705	5133	5133	6072	6072	17	17	84	84	4719	4719	505	505	2062	2062	1074	1074	506	506	348	348	144	144	89	89	116	116	109	109	459	459	109	109	485	485	45	45	38	38	37	37	339	339	792	792	304	304	336	336	2226	2226	3063	3063	129	129	349	349	10015	10015	4485	4485	124	124	78	78	25	25	69	69	26	26	90	90	78	78	63	63	838	838	893	893	81	81	37	37	2127	2127	669	669	3854	3854	307	307	110	110	98	98	40	40	1	1	6854	6854	4327	4327	23	23	27	27	3	3	3	3	87	87	92	92	30	30	14	14	507	507	6412	6412	15544	15544	5828	5828	21	21	27	27
IND00097	1579	1579	1857	1857	370	370	495	495	732	732	1532	1532	840	840	550	550	234	234	186	186	9779	9779	9224	9224	911	911	68	68	439	439	252	252	5388	5388	2180	2180	31	31	785	785	8094	8094	3595	3595	570	570	336	336	59	59	47	47	66	66	224	224	1927	1927	1576	1576	2772	2772	1165	1165	17711	17711	64665	64665	2497	2497	5144	5144	42	42	251	251	4893	4893	7538	7538	1568	1568	2182	2182	358	358	184	184	183	183	868	868	87	87	22	22	156	156	313	313	814	814	531	531	23	23	254	254	183	183	996	996	1236	1236	1891	1891	14172	14172	2930	2930	134	134	231	231	11148	11148	6668	6668	40	40	99	99	80	80	119	119	242	242	199	199	232	232	143	143	641	641	309	309	34	34	9	9	1837	1837	2164	2164	2462	2462	3636	3636	26	26	111	111	39	39	47	47	1212	1212	4473	4473	1	1	13	13	5	5	6	6	24	24	113	113	47	47	49	49	7943	7943	2375	2375	9923	9923	27551	27551	119	119	194	194
IND00098	669	669	1957	1957	413	413	374	374	7141	7141	6021	6021	302	302	572	572	244	244	89	89	15557	15557	9421	9421	1218	1218	1609	1609	110	110	100	100	1717	1717	6003	6003	286	286	288	288	1659	1659	2042	2042	729	729	362	362	12	12	29	29	57	57	177	177	3271	3271	14411	14411	2581	2581	67	67	17594	17594	34077	34077	5853	5853	5537	5537	243	243	91	91	7385	7385	1543	1543	2073	2073	2730	2730	57	57	311	311	86	86	411	411	19	19	45	45	416	416	134	134	228	228	895	895	42	42	59	59	870	870	912	912	1841	1841	804	804	7300	7300	8104	8104	251	251	394	394	15327	15327	5696	5696	123	123	126	126	129	129	93	93	128	128	107	107	11	11	99	99	868	868	275	275	55	55	36	36	208	208	3914	3914	2246	2246	2127	2127	95	95	107	107	31	31	24	24	2728	2728	3795	3795	20	20	22	22	2	2	2	2	52	52	100	100	39	39	25	25	3407	3407	1205	1205	28706	28706	10515	10515	2	2	117	117
IND00099	1390	1390	1604	1604	253	253	153	153	7791	7791	5364	5364	513	513	215	215	231	231	149	149	3823	3823	8215	8215	158	158	454	454	274	274	3	3	8076	8076	5966	5966	32	32	548	548	6976	6976	3172	3172	320	320	161	161	33	33	48	48	172	172	108	108	15343	15343	13497	13497	1042	1042	1249	1249	40974	40974	12543	12543	3540	3540	2702	2702	221	221	87	87	7442	7442	5354	5354	3069	3069	2179	2179	113	113	196	196	304	304	964	964	40	40	122	122	376	376	252	252	545	545	823	823	63	63	222	222	225	225	1001	1001	1401	1401	1348	1348	3776	3776	10435	10435	130	130	398	398	11827	11827	4264	4264	76	76	56	56	154	154	22	22	115	115	213	213	216	216	44	44	139	139	234	234	96	96	35	35	3876	3876	357	357	3502	3502	257	257	103	103	90	90	59	59	20	20	6586	6586	3302	3302	2	2	13	13	12	12	10	10	113	113	118	118	12	12	7	7	547	547	3607	3607	27194	27194	12480	12480	220	220	245	245
IND00100	1450	1450	490	490	221	221	241	241	113	113	4679	4679	211	211	1003	1003	120	120	49	49	2753	2753	13634	13634	391	391	1290	1290	393	393	334	334	5864	5864	547	547	724	724	441	441	1987	1987	4703	4703	989	989	24	24	21	21	48	48	64	64	138	138	11658	11658	4588	4588	1147	1147	2802	2802	25697	25697	4912	4912	2459	2459	3586	3586	80	80	243	243	7644	7644	4394	4394	444	444	1480	1480	93	93	460	460	710	710	414	414	2	2	105	105	346	346	46	46	679	679	855	855	192	192	71	71	363	363	263	263	131	131	888	888	9322	9322	9402	9402	225	225	74	74	4544	4544	14668	14668	11	11	94	94	135	135	107	107	91	91	157	157	92	92	25	25	161	161	531	531	26	26	47	47	3019	3019	957	957	3174	3174	2938	2938	29	29	77	77	53	53	5	5	6576	6576	5051	5051	15	15	22	22	10	10	13	13	90	90	77	77	19	19	32	32	4145	4145	2157	2157	9001	9001	24845	24845	206	206	65	65
IND00101	1389	1389	1819	1819	413	413	418	418	5503	5503	3548	3548	890	890	70	70	93	93	15	15	13558	13558	15091	15091	1871	1871	1511	1511	183	183	403	403	6832	6832	2527	2527	38	38	316	316	7409	7409	3277	3277	135	135	543	543	57	57	34	34	113	113	61	61	7737	7737	12383	12383	2225	2225	2703	2703	44247	44247	4219	4219	3249	3249	3033	3033	251	251	134	134	7720	7720	3099	3099	4064	4064	3654	3654	488	488	15	15	546	546	479	479	6	6	70	70	335	335	316	316	388	388	934	934	78	78	88	88	220	220	362	362	614	614	290	290	3899	3899	7365	7365	460	460	509	509	1085	1085	1576	1576	43	43	127	127	97	97	2	2	239	239	69	69	110	110	181	181	604	604	556	556	80	80	84	84	2031	2031	623	623	415	415	2849	2849	45	45	111	111	40	40	56	56	6580	6580	5225	5225	8	8	3	3	9	9	3	3	123	123	93	93	38	38	38	38	5947	5947	4525	4525	7410	7410	31757	31757	163	163	33	33
IND00102	271	271	1973	1973	4	4	276	276	4338	4338	632	632	369	369	923	923	145	145	243	243	670	670	2432	2432	594	594	1346	1346	203	203	122	122	5261	5261	5905	5905	722	722	243	243	338	338	3743	3743	459	459	779	779	56	56	22	22	210	210	85	85	15274	15274	1046	1046	4080	4080	2147	2147	60006	60006	55431	55431	3558	3558	632	632	101	101	200	200	4064	4064	6174	6174	313	313	3429	3429	444	444	23	23	291	291	370	370	102	102	104	104	194	194	411	411	780	780	33	33	124	124	214	214	912	912	706	706	1452	1452	1732	1732	6251	6251	11317	11317	96	96	161	161	12567	12567	10718	10718	111	111	105	105	100	100	5	5	252	252	53	53	255	255	199	199	738	738	415	415	100	100	33	33	1333	1333	1665	1665	2379	2379	1441	1441	88	88	92	92	43	43	3	3	3637	3637	858	858	16	16	16	16	5	5	15	15	75	75	124	124	19	19	47	47	4996	4996	8085	8085	11266	11266	6705	6705	44	44	172	172
IND00103	1193	1193	1945	1945	247	247	205	205	6139	6139	4669	4669	1017	1017	236	236	1	1	237	237	8836	8836	12037	12037	1270	1270	1004	1004	203	203	233	233	5518	5518	855	855	438	438	1001	1001	5534	5534	7766	7766	756	756	80	80	30	30	52	52	165	165	32	32	3137	3137	8963	8963	703	703	2639	2639	45168	45168	22358	22358	2692	2692	2595	2595	126	126	184	184	4978	4978	411	411	2808	2808	3082	3082	91	91	488	488	124	124	1017	1017	66	66	109	109	250	250	343	343	676	676	8	8	245	245	6	6	196	196	407	407	1302	1302	1731	1731	15288	15288	10548	10548	408	408	165	165	14683	14683	5430	5430	82	82	105	105	103	103	131	131	28	28	13	13	14	14	87	87	431	431	215	215	13	13	7	7	1719	1719	73	73	3672	3672	3076	3076	14	14	60	60	47	47	38	38	1837	1837	5093	5093	14	14	30	30	7	7	3	3	28	28	55	55	31	31	4	4	2106	2106	7190	7190	15403	15403	31864	31864	119	119	36	36
IND00104	1248	1248	1885	1885	458	458	356	356	5363	5363	4925	4925	426	426	734	734	186	186	87	87	8320	8320	12390	12390	576	576	1422	1422	133	133	320	320	5623	5623	1037	1037	600	600	1021	1021	5847	5847	4417	4417	613	613	694	694	35	35	14	14	126	126	112	112	7201	7201	10487	10487	2484	2484	106	106	3330	3330	54871	54871	6763	6763	5321	5321	12	12	47	47	7657	7657	201	201	1695	1695	1175	1175	170	170	246	246	90	90	646	646	121	121	98	98	239	239	476	476	682	682	188	188	235	235	35	35	383	383	85	85	923	923	1220	1220	1050	1050	10164	10164	196	196	151	151	6089	6089	13432	13432	55	55	99	99	164	164	52	52	220	220	185	185	160	160	233	233	573	573	561	561	121	121	10	10	1591	1591	3331	3331	3667	3667	2975	2975	61	61	82	82	51	51	7	7	3125	3125	1058	1058	8	8	25	25	7	7	8	8	124	124	74	74	28	28	14	14	4438	4438	6686	6686	5714	5714	28795	28795	131	131	144	144
IND00105	428	428	1011	1011	209	209	55	55	3999	3999	2741	2741	870	870	797	797	42	42	135	135	13553	13553	16084	16084	1051	1051	2001	2001	460	460	392	392	1324	1324	2012	2012	689	689	478	478	1879	1879	7139	7139	917	917	856	856	5	5	24	24	213	213	1	1	3096	3096	15771	15771	111	111	377	377	28673	28673	60649	60649	3599	3599	7685	7685	234	234	64	64	322	322	3302	3302	2580	2580	3391	3391	423	423	508	508	433	433	451	451	105	105	19	19	148	148	61	61	430	430	822	822	215	215	32	32	523	523	490	490	276	276	1989	1989	3870	3870	2239	2239	303	303	188	188	3731	3731	8861	8861	60	60	85	85	149	149	162	162	226	226	105	105	194	194	181	181	742	742	56	56	74	74	31	31	2043	2043	3449	3449	2502	2502	4078	4078	30	30	34	34	33	33	7	7	1172	1172	3786	3786	18	18	16	16	16	16	5	5	3	3	39	39	12	12	61	61	3325	3325	5576	5576	16874	16874	21440	21440	83	83	28	28
IND00106	1204	1204	33	33	53	53	256	256	2879	2879	5798	5798	964	964	614	614	128	128	220	220	13931	13931	3432	3432	389	389	401	401	465	465	338	338	3849	3849	4123	4123	581	581	549	549	6123	6123	3348	3348	942	942	170	170	52	52	34	34	132	132	45	45	3738	3738	2728	2728	1373	1373	2014	2014	15177	15177	32420	32420	7981	7981	192	192	188	188	14	14	5948	5948	4667	4667	3894	3894	1146	1146	263	263	244	244	981	981	90	90	89	89	49	49	454	454	411	411	487	487	678	678	23	23	223	223	376	376	487	487	1797	1797	939	939	14661	14661	7607	7607	406	406	484	484	8001	8001	8634	8634	101	101	30	30	252	252	235	235	210	210	176	176	200	200	18	18	117	117	451	451	53	53	68	68	514	514	214	214	3062	3062	1599	1599	23	23	36	36	43	43	40	40	7345	7345	3885	3885	20	20	27	27	10	10	15	15	71	71	118	118	52	52	45	45	3193	3193	2916	2916	365	365	2031	2031	228	228	227	227
IND00107	392	392	1118	1118	159	159	290	290	2360	2360	5134	5134	489	489	727	727	10	10	136	136	11541	11541	6199	6199	176	176	1355	1355	8	8	223	223	345	345	7472	7472	828	828	56	56	4207	4207	5930	5930	68	68	144	144	58	58	2	2	29	29	87	87	2143	2143	2683	2683	2475	2475	794	794	2622	2622	8521	8521	5786	5786	959	959	158	158	79	79	2282	2282	2672	2672	366	366	842	842	303	303	294	294	675	675	556	556	8	8	88	88	220	220	504	504	559	559	53	53	49	49	23	23	108	108	194	194	1921	1921	1129	1129	12544	12544	3607	3607	56	56	507	507	13881	13881	673	673	100	100	83	83	51	51	207	207	20	20	99	99	10	10	81	81	779	779	485	485	115	115	2	2	1221	1221	2186	2186	975	975	1616	1616	120	120	6	6	28	28	16	16	2294	2294	7935	7935	16	16	15	15	5	5	3	3	123	123	88	88	55	55	41	41	3866	3866	1691	1691	7766	7766	27346	27346	107	107	67	67
IND00108	1607	1607	253	253	255	255	84	84	5182	5182	7153	7153	497	497	625	625	179	179	167	167	2384	2384	16000	16000	1697	1697	1586	1586	347	347	376	376	1784	1784	5365	5365	624	624	530	530	3780	3780	832	832	821	821	622	622	18	18	5	5	77	77	144	144	6980	6980	2285	2285	3884	3884	526	526	34194	34194	62060	62060	2281	2281	5404	5404	20	20	249	249	7661	7661	3619	3619	2347	2347	883	883	201	201	284	284	247	247	438	438	115	115	86	86	218	218	243	243	721	721	435	435	112	112	202	202	540	540	493	493	1021	1021	1610	1610	16317	16317	316	316	388	388	326	326	13106	13106	6113	6113	76	76	54	54	32	32	165	165	17	17	117	117	255	255	1	1	37	37	405	405	25	25	79	79	712	712	621	621	2106	2106	2722	2722	116	116	20	20	31	31	16	16	582	582	7484	7484	5	5	31	31	11	11	14	14	75	75	110	110	11	11	2	2	7734	7734	5358	5358	9012	9012	3366	3366	253	253	138	138
IND00109	1954	1954	59	59	499	499	274	274	6396	6396	7288	7288	418	418	11	11	69	69	212	212	8117	8117	12663	12663	1970	1970	1447	1447	93	93	90	90	3545	3545	1120	1120	346	346	443	443	2524	2524	2428	2428	422	422	469	469	22	22	45	45	235	235	52	52	5946	5946	13264	13264	3347	3347	3573	3573	22907	22907	542	542	6417	6417	5678	5678	45	45	239	239	1405	1405	7942	7942	2666	2666	2134	2134	418	418	48	48	416	416	213	213	25	25	125	125	438	438	317	317	949	949	370	370	111	111	172	172	601	601	405	405	1631	1631	47	47	5393	5393	10485	10485	42	42	54	54	1071	1071	4852	4852	40	40	33	33	150	150	174	174	111	111	243	243	81	81	3	3	7	7	63	63	57	57	65	65	3586	3586	1440	1440	1322	1322	2743	2743	68	68	9	9	51	51	49	49	2568	2568	3323	3323	2	2	5	5	7	7	16	16	23	23	113	113	34	34	31	31	8060	8060	6703	6703	23835	23835	8185	8185	10	10	113	113
IND00110	1199	1199	500	500	241	241	496	496	5281	5281	7114	7114	648	648	744	744	218	218	37	37	16330	16330	2823	2823	676	676	1176	1176	164	164	112	112	8128	8128	8179	8179	717	717	283	283	3	3	2615	2615	722	722	629	629	37	37	23	23	60	60	172	172	15747	15747	2379	2379	2359	2359	3689	3689	21417	21417	7415	7415	5714	5714	2316	2316	29	29	31	31	6584	6584	2337	2337	3934	3934	1058	1058	183	183	123	123	180	180	872	872	4	4	58	58	69	69	327	327	641	641	599	599	106	106	13	13	770	770	160	160	458	458	883	883	6800	6800	10729	10729	112	112	87	87	13691	13691	6950	6950	32	32	45	45	226	226	34	34	220	220	229	229	224	224	95	95	320	320	931	931	68	68	6	6	1332	1332	2101	2101	4076	4076	1173	1173	2	2	121	121	61	61	16	16	267	267	2986	2986	8	8	5	5	6	6	2	2	54	54	58	58	58	58	49	49	7233	7233	3475	3475	12716	12716	15237	15237	118	118	113	113
IND00111	475	475	636	636	425	425	289	289	2299	2299	7505	7505	653	653	371	371	235	235	113	113	5174	5174	16123	16123	258	258	1194	1194	48	48	511	511	2322	2322	1902	1902	8	8	988	988	6918	6918	2957	2957	502	502	264	264	37	37	9	9	128	128	184	184	14921	14921	4500	4500	1534	1534	1410	1410	14800	14800	24292	24292	338	338	6796	6796	98	98	44	44	5844	5844	1885	1885	1584	1584	134	134	430	430	230	230	450	450	395	395	115	115	100	100	350	350	383	383	466	466	350	350	253	253	220	220	365	365	425	425	418	418	1667	1667	8434	8434	14763	14763	443	443	243	243	57	57	15513	15513	82	82	127	127	12	12	83	83	2	2	30	30	84	84	224	224	874	874	712	712	4	4	15	15	685	685	1124	1124	2272	2272	1371	1371	37	37	46	46	49	49	2	2	6655	6655	1933	1933	1	1	14	14	10	10	5	5	100	100	77	77	8	8	34	34	4584	4584	7742	7742	11602	11602	928	928	135	135	236	236
IND00112	814	814	1321	1321	15	15	247	247	6464	6464	7328	7328	935	935	825	825	149	149	98	98	10878	10878	2481	2481	758	758	206	206	438	438	480	480	7214	7214	4560	4560	158	158	922	922	140	140	6018	6018	335	335	117	117	22	22	18	18	157	157	193	193	5839	5839	14973	14973	481	481	2180	2180	40670	40670	19465	19465	1101	1101	2042	2042	216	216	139	139	747	747	4158	4158	3884	3884	2021	2021	27	27	441	441	899	899	522	522	47	47	18	18	383	383	118	118	796	796	730	730	149	149	203	203	767	767	657	657	1447	1447	312	312	14827	14827	16068	16068	101	101	48	48	6240	6240	4526	4526	42	42	47	47	69	69	221	221	225	225	236	236	154	154	186	186	318	318	163	163	107	107	65	65	2029	2029	3689	3689	3233	3233	992	992	34	34	9	9	47	47	60	60	4992	4992	6013	6013	32	32	1	1	12	12	10	10	86	86	94	94	36	36	51	51	4188	4188	921	921	26368	26368	7230	7230	35	35	190	190
IND00113	1733	1733	956	956	80	80	193	193	5263	5263	971	971	719	719	321	321	61	61	182	182	784	784	8284	8284	69	69	1865	1865	209	209	275	275	4318	4318	5189	5189	104	104	610	610	3542	3542	2166	2166	370	370	281	281	32	32	63	63	184	184	171	171	5155	5155	1703	1703	3505	3505	400	400	43012	43012	14098	14098	3302	3302	4112	4112	205	205	206	206	4202	4202	3566	3566	291	291	3097	3097	215	215	300	300	50	50	551	551	44	44	108	108	164	164	224	224	238	238	601	601	132	132	85	85	897	897	258	258	1265	1265	1279	1279	15464	15464	12768	12768	467	467	391	391	9255	9255	5221	5221	85	85	82	82	239	239	147	147	49	49	231	231	67	67	119	119	571	571	547	547	84	84	65	65	249	249	19	19	1552	1552	3012	3012	18	18	102	102	55	55	2	2	536	536	525	525	14	14	22	22	6	6	6	6	65	65	99	99	10	10	8	8	6307	6307	3423	3423	1167	1167	10979	10979	134	134	190	190
IND00114	1070	1070	1079	1079	71	71	296	296	585	585	4499	4499	384	384	345	345	178	178	131	131	15792	15792	8065	8065	1598	1598	903	903	15	15	202	202	6630	6630	6497	6497	962	962	911	911	7582	7582	7078	7078	813	813	460	460	11	11	43	43	244	244	109	109	3343	3343	6642	6642	718	718	1015	1015	9023	9023	22829	22829	6784	6784	2162	2162	254	254	240	240	5124	5124	2446	2446	3521	3521	300	300	466	466	75	75	806	806	366	366	11	11	97	97	116	116	77	77	315	315	634	634	143	143	92	92	237	237	11	11	2032	2032	1177	1177	12272	12272	1871	1871	88	88	438	438	11561	11561	5489	5489	6	6	120	120	199	199	9	9	86	86	121	121	138	138	5	5	318	318	424	424	114	114	6	6	3935	3935	1036	1036	301	301	1933	1933	47	47	38	38	14	14	25	25	7286	7286	3508	3508	25	25	6	6	16	16	4	4	105	105	84	84	46	46	46	46	1077	1077	2684	2684	26013	26013	32593	32593	101	101	218	218
IND00115	1200	1200	1902	1902	418	418	377	377	870	870	3760	3760	129	129	816	816	231	231	71	71	7177	7177	5928	5928	1826	1826	1476	1476	331	331	78	78	4993	4993	2129	2129	521	521	250	250	5786	5786	2321	2321	553	553	723	723	15	15	29	29	38	38	120	120	9597	9597	2159	2159	3960	3960	1824	1824	45102	45102	33806	33806	6926	6926	6722	6722	169	169	124	124	2750	2750	7633	7633	2801	2801	1186	1186	215	215	508	508	217	217	958	958	62	62	116	116	13	13	457	457	354	354	489	489	178	178	68	68	419	419	862	862	1869	1869	240	240	2234	2234	3275	3275	31	31	203	203	5582	5582	11084	11084	10	10	116	116	136	136	189	189	48	48	66	66	177	177	85	85	117	117	276	276	122	122	89	89	3037	3037	374	374	18	18	4003	4003	36	36	26	26	32	32	43	43	3071	3071	6689	6689	15	15	7	7	12	12	9	9	19	19	8	8	48	48	35	35	4847	4847	3125	3125	21894	21894	6202	6202	99	99	220	220
IND00116	1664	1664	1524	1524	243	243	112	112	6031	6031	3715	3715	221	221	388	388	102	102	214	214	11491	11491	10020	10020	196	196	813	813	229	229	199	199	5097	5097	1418	1418	140	140	335	335	7582	7582	7793	7793	363	363	661	661	48	48	10	10	72	72	5	5	9512	9512	13745	13745	3572	3572	180	180	17280	17280	28683	28683	1243	1243	5877	5877	26	26	146	146	863	863	1525	1525	416	416	3157	3157	288	288	231	231	92	92	775	775	62	62	116	116	156	156	215	215	501	501	326	326	221	221	235	235	764	764	295	295	1438	1438	2035	2035	8846	8846	11313	11313	210	210	211	211	14474	14474	315	315	87	87	96	96	210	210	140	140	5	5	101	101	248	248	198	198	385	385	1	1	86	86	96	96	485	485	3267	3267	351	351	42	42	123	123	122	122	27	27	8	8	7044	7044	2525	2525	5	5	15	15	12	12	7	7	107	107	23	23	61	61	64	64	2422	2422	4927	4927	27091	27091	3640	3640	187	187	158	158
IND00117	698	698	1233	1233	408	408	106	106	2954	2954	4270	4270	860	860	851	851	72	72	232	232	13346	13346	14682	14682	927	927	144	144	509	509	288	288	4716	4716	7413	7413	482	482	475	475	6074	6074	4746	4746	198	198	47	47	63	63	46	46	89	89	127	127	2537	2537	471	471	1707	1707	3022	3022	25705	25705	52934	52934	1213	1213	5171	5171	128	128	120	120	6799	6799	2403	2403	518	518	3334	3334	83	83	274	274	454	454	571	571	44	44	62	62	470	470	163	163	939	939	186	186	188	188	194	194	939	939	919	919	1275	1275	1581	1581	3807	3807	6172	6172	433	433	428	428	417	417	11570	11570	85	85	57	57	58	58	197	197	180	180	10	10	91	91	73	73	109	109	222	222	115	115	119	119	1364	1364	33	33	139	139	1557	1557	70	70	31	31	16	16	40	40	6666	6666	4432	4432	3	3	13	13	7	7	14	14	30	30	78	78	49	49	37	37	4413	4413	5874	5874	10223	10223	4264	4264	123	123	45	45
IND00118	516	516	523	523	33	33	400	400	1615	1615	757	757	1015	1015	933	933	114	114	210	210	14617	14617	1046	1046	826	826	2047	2047	186	186	238	238	5088	5088	1617	1617	342	342	37	37	5036	5036	3716	3716	534	534	679	679	14	14	19	19	172	172	237	237	5279	5279	10436	10436	1531	1531	1133	1133	59300	59300	18242	18242	4752	4752	230	230	143	143	55	55	811	811	823	823	2367	2367	1624	1624	368	368	301	301	970	970	344	344	108	108	45	45	419	419	69	69	430	430	405	405	243	243	190	190	835	835	291	291	632	632	1469	1469	8949	8949	776	776	399	399	312	312	15664	15664	1333	1333	16	16	85	85	230	230	158	158	70	70	208	208	49	49	208	208	1017	1017	137	137	29	29	109	109	1949	1949	2791	2791	500	500	139	139	74	74	90	90	25	25	40	40	4152	4152	3904	3904	8	8	17	17	4	4	7	7	117	117	25	25	31	31	62	62	3752	3752	588	588	4643	4643	268	268	128	128	55	55
IND00119	512	512	1807	1807	62	62	301	301	2816	2816	7007	7007	506	506	803	803	151	151	106	106	85	85	1686	1686	1934	1934	1835	1835	345	345	381	381	5224	5224	4098	4098	1014	1014	395	395	7734	7734	6043	6043	894	894	313	313	53	53	4	4	29	29	110	110	15345	15345	15052	15052	2401	2401	3788	3788	51085	51085	27650	27650	857	857	2996	2996	117	117	75	75	2631	2631	2050	2050	1074	1074	3830	3830	81	81	27	27	1012	1012	485	485	82	82	88	88	468	468	259	259	297	297	409	409	118	118	53	53	321	321	355	355	693	693	1980	1980	4377	4377	9556	9556	310	310	492	492	1032	1032	13295	13295	37	37	65	65	145	145	219	219	128	128	32	32	166	166	27	27	580	580	785	785	68	68	44	44	2199	2199	2015	2015	3980	3980	1545	1545	119	119	127	127	11	11	64	64	743	743	2322	2322	17	17	4	4	1	1	15	15	10	10	119	119	28	28	21	21	7930	7930	4830	4830	30128	30128	17863	17863	21	21	76	76
IND00120	526	526	1943	1943	90	90	80	80	7230	7230	8121	8121	214	214	548	548	63	63	218	218	12062	12062	5454	5454	1475	1475	623	623	498	498	87	87	1361	1361	3552	3552	203	203	30	30	2256	2256	3501	3501	1010	1010	27	27	28	28	52	52	19	19	203	203	11907	11907	9578	9578	965	965	2252	2252	55070	55070	57352	57352	4132	4132	4706	4706	214	214	205	205	3325	3325	24	24	334	334	2589	2589	200	200	156	156	474	474	372	372	79	79	65	65	96	96	50	50	636	636	851	851	119	119	179	179	293	293	41	41	565	565	417	417	14460	14460	3472	3472	452	452	229	229	7858	7858	2203	2203	110	110	9	9	101	101	173	173	124	124	12	12	148	148	202	202	917	917	342	342	119	119	94	94	2042	2042	1918	1918	2803	2803	643	643	22	22	31	31	5	5	14	14	798	798	2836	2836	12	12	18	18	14	14	4	4	97	97	35	35	7	7	51	51	5048	5048	7722	7722	15787	15787	2222	2222	73	73	37	37
IND00121	899	899	1913	1913	162	162	352	352	5175	5175	3830	3830	15	15	289	289	196	196	169	169	15358	15358	1227	1227	703	703	811	811	374	374	208	208	3270	3270	2702	2702	791	791	871	871	1329	1329	1977	1977	667	667	939	939	6	6	51	51	166	166	97	97	14425	14425	8396	8396	271	271	704	704	42262	42262	52689	52689	1239	1239	463	463	128	128	118	118	3929	3929	1478	1478	2067	2067	2257	2257	90	90	383	383	487	487	1003	1003	80	80	126	126	372	372	33	33	419	419	17	17	179	179	95	95	681	681	31	31	905	905	1926	1926	7956	7956	107	107	487	487	66	66	10092	10092	2422	2422	122	122	96	96	128	128	142	142	239	239	200	200	35	35	165	165	17	17	98	98	53	53	17	17	3344	3344	222	222	2234	2234	1544	1544	18	18	41	41	31	31	25	25	1478	1478	7961	7961	15	15	21	21	1	1	3	3	89	89	100	100	27	27	55	55	2691	2691	1743	1743	28050	28050	24192	24192	171	171	184	184
IND00122	183	183	1358	1358	160	160	1	1	5936	5936	1173	1173	477	477	336	336	104	104	250	250	2088	2088	5102	5102	2002	2002	1144	1144	35	35	110	110	7810	7810	867	867	762	762	118	118	297	297	881	881	249	249	872	872	51	51	54	54	186	186	215	215	7673	7673	11164	11164	4052	4052	3856	3856	61097	61097	59818	59818	1859	1859	5433	5433	66	66	217	217	5641	5641	5017	5017	1143	1143	974	974	509	509	361	361	347	347	606	606	24	24	47	47	334	334	370	370	46	46	935	935	198	198	209	209	388	388	621	621	584	584	1008	1008	5794	5794	1707	1707	382	382	322	322	13614	13614	15783	15783	15	15	118	118	89	89	74	74	40	40	43	43	240	240	93	93	752	752	536	536	100	100	34	34	3858	3858	1180	1180	881	881	3560	3560	8	8	11	11	15	15	29	29	4950	4950	3359	3359	27	27	31	31	16	16	9	9	38	38	27	27	58	58	13	13	5671	5671	5901	5901	16655	16655	6149	6149	39	39	114	114
IND00123	158	158	547	547	149	149	254	254	504	504	6885	6885	395	395	678	678	92	92	154	154	11975	11975	6105	6105	1562	1562	619	619	306	306	386	386	2457	2457	3477	3477	176	176	753	753	1750	1750	71	71	711	711	964	964	12	12	19	19	10	10	132	132	12226	12226	9820	9820	1443	1443	917	917	43574	43574	33977	33977	2708	2708	2984	2984	151	151	72	72	3043	3043	543	543	452	452	3537	3537	134	134	128	128	777	777	808	808	71	71	68	68	509	509	306	306	989	989	774	774	190	190	206	206	114	114	289	289	2001	2001	768	768	4292	4292	9359	9359	152	152	127	127	11640	11640	15765	15765	93	93	10	10	109	109	19	19	22	22	187	187	238	238	134	134	268	268	287	287	63	63	47	47	730	730	2104	2104	4037	4037	1434	1434	40	40	51	51	64	64	64	64	1286	1286	167	167	2	2	21	21	5	5	11	11	110	110	57	57	51	51	51	51	5075	5075	5414	5414	29086	29086	19609	19609	142	142	247	247
IND00124	1331	1331	1885	1885	212	212	388	388	4887	4887	422	422	743	743	855	855	59	59	195	195	3007	3007	2626	2626	1696	1696	1773	1773	32	32	512	512	5035	5035	5655	5655	67	67	706	706	1285	1285	303	303	372	372	479	479	63	63	17	17	202	202	142	142	10551	10551	8826	8826	3831	3831	3129	3129	63928	63928	56220	56220	7872	7872	6092	6092	203	203	104	104	4539	4539	4691	4691	2110	2110	480	480	64	64	352	352	903	903	333	333	112	112	58	58	44	44	178	178	86	86	351	351	5	5	226	226	480	480	332	332	1250	1250	1202	1202	4642	4642	5385	5385	75	75	106	106	11516	11516	13280	13280	6	6	53	53	5	5	110	110	57	57	170	170	94	94	202	202	878	878	411	411	106	106	75	75	324	324	3212	3212	2096	2096	2866	2866	6	6	42	42	12	12	50	50	4884	4884	7909	7909	30	30	22	22	1	1	1	1	3	3	28	28	60	60	2	2	4429	4429	945	945	15802	15802	248	248	36	36	87	87
IND00125	908	908	293	293	381	381	423	423	2246	2246	1731	1731	503	503	265	265	38	38	201	201	9759	9759	2727	2727	1111	1111	728	728	74	74	466	466	4292	4292	447	447	927	927	568	568	2669	2669	3884	3884	137	137	492	492	37	37	58	58	74	74	16	16	12733	12733	13422	13422	4017	4017	1667	1667	48369	48369	60644	60644	2322	2322	6720	6720	199	199	139	139	4968	4968	3693	3693	2980	2980	3933	3933	474	474	302	302	836	836	127	127	44	44	3	3	352	352	264	264	260	260	288	288	231	231	252	252	556	556	974	974	2010	2010	872	872	1025	1025	9887	9887	307	307	95	95	14065	14065	5615	5615	28	28	103	103	86	86	168	168	62	62	111	111	184	184	156	156	496	496	628	628	120	120	33	33	2119	2119	1566	1566	1878	1878	982	982	63	63	7	7	51	51	60	60	1625	1625	869	869	30	30	25	25	10	10	3	3	91	91	34	34	27	27	41	41	5839	5839	64	64	26615	26615	2230	2230	16	16	87	87
IND00126	190	190	766	766	160	160	394	394	7372	7372	2721	2721	39	39	165	165	8	8	171	171	6198	6198	16253	16253	887	887	1260	1260	467	467	407	407	5168	5168	2480	2480	222	222	6	6	4654	4654	5751	5751	360	360	916	916	15	15	57	57	1	1	144	144	5476	5476	16235	16235	2607	2607	2845	2845	49321	49321	59189	59189	7400	7400	7943	7943	130	130	223	223	5875	5875	4473	4473	2014	2014	2857	2857	353	353	455	455	864	864	850	850	2	2	95	95	390	390	74	74	122	122	793	793	40	40	21	21	752	752	390	390	782	782	154	154	10799	10799	77	77	111	111	157	157	4953	4953	10115	10115	23	23	51	51	6	6	73	73	228	228	159	159	106	106	241	241	513	513	915	915	100	100	54	54	3523	3523	1352	1352	3556	3556	1903	1903	29	29	70	70	40	40	13	13	5187	5187	4560	4560	2	2	2	2	12	12	12	12	65	65	49	49	48	48	26	26	4054	4054	7227	7227	7108	7108	12685	12685	238	238	219	219
IND00127	1292	1292	587	587	205	205	40	40	695	695	2908	2908	329	329	357	357	247	247	23	23	53	53	11009	11009	1594	1594	1310	1310	499	499	383	383	8	8	4178	4178	111	111	583	583	625	625	4887	4887	197	197	200	200	9	9	10	10	38	38	126	126	8893	8893	2895	2895	1957	1957	3448	3448	61056	61056	26325	26325	8185	8185	958	958	140	140	145	145	4514	4514	6599	6599	3006	3006	3622	3622	361	361	372	372	702	702	620	620	34	34	119	119	133	133	91	91	440	440	852	852	19	19	124	124	730	730	189	189	1250	1250	755	755	8465	8465	572	572	129	129	327	327	1357	1357	1590	1590	93	93	53	53	133	133	41	41	229	229	163	163	94	94	147	147	343	343	360	360	37	37	63	63	523	523	2962	2962	3515	3515	312	312	12	12	41	41	9	9	24	24	1404	1404	2009	2009	17	17	15	15	11	11	10	10	113	113	125	125	2	2	44	44	7194	7194	7571	7571	4180	4180	13554	13554	38	38	46	46
IND00128	113	113	1928	1928	465	465	195	195	3646	3646	1388	1388	118	118	913	913	220	220	82	82	11833	11833	10816	10816	1288	1288	1100	1100	263	263	11	11	3993	3993	4333	4333	993	993	522	522	2527	2527	5911	5911	328	328	657	657	51	51	30	30	11	11	2	2	6378	6378	6731	6731	3909	3909	445	445	16058	16058	37725	37725	586	586	2077	2077	250	250	19	19	3148	3148	1069	1069	1175	1175	3086	3086	220	220	483	483	536	536	689	689	43	43	79	79	273	273	309	309	252	252	995	995	211	211	108	108	280	280	401	401	1726	1726	1787	1787	12513	12513	9934	9934	444	444	382	382	15544	15544	8176	8176	96	96	79	79	161	161	69	69	176	176	128	128	60	60	187	187	332	332	753	753	87	87	111	111	775	775	3179	3179	487	487	1953	1953	88	88	92	92	17	17	23	23	1898	1898	6950	6950	5	5	22	22	16	16	5	5	7	7	90	90	62	62	31	31	1173	1173	1922	1922	23811	23811	26513	26513	231	231	196	196
IND00129	614	614	629	629	456	456	332	332	3899	3899	4838	4838	747	747	560	560	101	101	126	126	5589	5589	5163	5163	811	811	1216	1216	79	79	393	393	7279	7279	3099	3099	361	361	1000	1000	7646	7646	7253	7253	293	293	401	401	5	5	2	2	76	76	107	107	7698	7698	16029	16029	915	915	1130	1130	41064	41064	10607	10607	1892	1892	1064	1064	233	233	208	208	670	670	3395	3395	2107	2107	86	86	64	64	207	207	919	919	665	665	57	57	121	121	159	159	130	130	491	491	804	804	212	212	249	249	748	748	467	467	1587	1587	1057	1057	698	698	5601	5601	56	56	393	393	15452	15452	5238	5238	3	3	69	69	73	73	99	99	177	177	197	197	126	126	24	24	411	411	604	604	115	115	113	113	2436	2436	743	743	2635	2635	1615	1615	24	24	56	56	58	58	58	58	7320	7320	7987	7987	11	11	21	21	8	8	3	3	77	77	88	88	4	4	27	27	6806	6806	3573	3573	28258	28258	9303	9303	113	113	225	225
IND00130	773	773	1211	1211	454	454	491	491	7267	7267	2785	2785	783	783	552	552	145	145	57	57	14959	14959	5403	5403	579	579	1509	1509	87	87	117	117	1756	1756	4826	4826	853	853	152	152	5503	5503	3370	3370	679	679	837	837	10	10	6	6	91	91	72	72	9468	9468	10920	10920	2873	2873	1816	1816	44240	44240	48157	48157	3195	3195	5051	5051	150	150	220	220	7671	7671	6781	6781	1829	1829	2216	2216	279	279	48	48	919	919	553	553	42	42	121	121	40	40	401	401	577	577	505	505	93	93	203	203	103	103	771	771	921	921	1864	1864	552	552	4	4	511	511	169	169	16025	16025	5053	5053	118	118	80	80	8	8	45	45	222	222	136	136	141	141	165	165	587	587	1013	1013	121	121	102	102	520	520	2511	2511	1186	1186	1984	1984	66	66	90	90	46	46	57	57	7841	7841	1000	1000	5	5	12	12	5	5	15	15	42	42	109	109	45	45	44	44	5492	5492	3443	3443	14191	14191	24648	24648	67	67	84	84
IND00131	2026	2026	646	646	434	434	452	452	1992	1992	7367	7367	18	18	84	84	32	32	219	219	780	780	13464	13464	947	947	1732	1732	492	492	80	80	378	378	5447	5447	369	369	629	629	4430	4430	3612	3612	886	886	9	9	46	46	61	61	141	141	44	44	6739	6739	7644	7644	1223	1223	3569	3569	25029	25029	22310	22310	1592	1592	6160	6160	122	122	31	31	5520	5520	8016	8016	1736	1736	3905	3905	206	206	144	144	195	195	424	424	54	54	78	78	355	355	268	268	42	42	504	504	74	74	17	17	6	6	908	908	837	837	252	252	4123	4123	1840	1840	428	428	127	127	12776	12776	5486	5486	111	111	102	102	193	193	54	54	44	44	62	62	231	231	124	124	288	288	352	352	115	115	126	126	1869	1869	3737	3737	3123	3123	2054	2054	118	118	17	17	35	35	16	16	1126	1126	3112	3112	12	12	31	31	15	15	4	4	58	58	82	82	18	18	3	3	3064	3064	2749	2749	5233	5233	25248	25248	23	23	194	194
IND00132	607	607	922	922	150	150	447	447	3707	3707	2409	2409	471	471	1011	1011	81	81	49	49	342	342	15608	15608	149	149	1701	1701	353	353	34	34	7409	7409	1771	1771	951	951	982	982	6663	6663	7916	7916	961	961	780	780	43	43	38	38	82	82	242	242	8811	8811	10213	10213	3053	3053	2116	2116	20650	20650	48221	48221	4055	4055	3553	3553	189	189	91	91	5668	5668	5479	5479	2149	2149	3100	3100	109	109	129	129	932	932	532	532	53	53	94	94	46	46	471	471	432	432	600	600	103	103	173	173	721	721	467	467	2045	2045	1394	1394	15759	15759	1428	1428	71	71	305	305	3231	3231	9155	9155	107	107	87	87	72	72	113	113	110	110	141	141	183	183	194	194	620	620	1022	1022	56	56	51	51	2316	2316	1214	1214	1898	1898	2204	2204	67	67	102	102	33	33	59	59	3139	3139	8101	8101	23	23	4	4	9	9	11	11	121	121	76	76	18	18	46	46	2324	2324	5421	5421	5840	5840	30239	30239	9	9	44	44
IND00133	754	754	871	871	216	216	59	59	3179	3179	6157	6157	607	607	120	120	51	51	217	217	2586	2586	16196	16196	2004	2004	106	106	132	132	196	196	6236	6236	4434	4434	961	961	434	434	3373	3373	2967	2967	364	364	490	490	52	52	21	21	193	193	102	102	8846	8846	5038	5038	3493	3493	1376	1376	38911	38911	49348	49348	4442	4442	5939	5939	78	78	242	242	418	418	4458	4458	477	477	2926	2926	137	137	82	82	109	109	938	938	1	1	73	73	279	279	464	464	40	40	299	299	118	118	229	229	549	549	794	794	1901	1901	1436	1436	5578	5578	7493	7493	104	104	156	156	8479	8479	15408	15408	113	113	91	91	165	165	195	195	153	153	123	123	252	252	4	4	562	562	427	427	7	7	51	51	1462	1462	1056	1056	2662	2662	1371	1371	123	123	105	105	1	1	52	52	3511	3511	6029	6029	12	12	14	14	6	6	16	16	21	21	104	104	1	1	35	35	345	345	210	210	16389	16389	30022	30022	2	2	219	219
IND00134	224	224	855	855	472	472	458	458	8031	8031	7744	7744	392	392	418	418	209	209	105	105	7834	7834	7487	7487	98	98	895	895	334	334	255	255	4863	4863	5138	5138	130	130	761	761	7377	7377	2282	2282	491	491	60	60	52	52	54	54	33	33	130	130	15361	15361	12487	12487	897	897	1700	1700	33318	33318	40953	40953	2866	2866	5138	5138	114	114	89	89	4093	4093	8074	8074	3894	3894	1656	1656	179	179	428	428	609	609	575	575	17	17	122	122	365	365	488	488	933	933	453	453	89	89	161	161	602	602	802	802	1157	1157	454	454	5433	5433	8330	8330	508	508	491	491	4736	4736	5156	5156	99	99	92	92	203	203	23	23	120	120	95	95	82	82	140	140	704	704	248	248	107	107	70	70	4021	4021	1416	1416	1075	1075	1702	1702	78	78	64	64	18	18	9	9	7292	7292	5554	5554	2	2	8	8	4	4	3	3	80	80	97	97	10	10	31	31	8021	8021	4392	4392	2105	2105	6916	6916	256	256	7	7
IND00135	1668	1668	1694	1694	205	205	157	157	7160	7160	7458	7458	84	84	200	200	232	232	128	128	348	348	234	234	1472	1472	683	683	428	428	424	424	7130	7130	273	273	434	434	516	516	1857	1857	2655	2655	318	318	267	267	47	47	40	40	113	113	197	197	976	976	15086	15086	2348	2348	3551	3551	55184	55184	38403	38403	2214	2214	3649	3649	140	140	134	134	6339	6339	6213	6213	1420	1420	87	87	317	317	69	69	143	143	248	248	40	40	65	65	118	118	484	484	157	157	890	890	101	101	234	234	501	501	87	87	248	248	1587	1587	5107	5107	5184	5184	50	50	299	299	11438	11438	2604	2604	65	65	127	127	192	192	188	188	221	221	233	233	57	57	250	250	218	218	591	591	69	69	39	39	2008	2008	71	71	2018	2018	1383	1383	25	25	48	48	22	22	19	19	4538	4538	4856	4856	6	6	4	4	14	14	15	15	93	93	46	46	29	29	55	55	6782	6782	154	154	7099	7099	3864	3864	56	56	184	184
IND00136	136	136	1601	1601	283	283	279	279	6605	6605	1727	1727	847	847	845	845	185	185	245	245	13806	13806	3122	3122	1292	1292	1123	1123	319	319	294	294	6344	6344	5515	5515	691	691	524	524	4133	4133	7901	7901	750	750	797	797	44	44	62	62	24	24	134	134	6939	6939	4165	4165	883	883	408	408	8376	8376	46708	46708	1714	1714	6824	6824	139	139	96	96	3759	3759	4584	4584	455	455	3768	3768	396	396	437	437	148	148	137	137	13	13	50	50	467	467	337	337	126	126	363	363	10	10	201	201	713	713	918	918	1269	1269	968	968	11850	11850	7463	7463	343	343	271	271	9982	9982	3209	3209	43	43	3	3	175	175	144	144	158	158	43	43	98	98	86	86	531	531	487	487	65	65	2	2	2318	2318	1968	1968	2871	2871	3199	3199	31	31	68	68	46	46	64	64	7412	7412	1209	1209	10	10	13	13	2	2	8	8	111	111	36	36	16	16	36	36	6541	6541	5324	5324	17228	17228	19598	19598	135	135	191	191
IND00137	2029	2029	640	640	29	29	433	433	2892	2892	1934	1934	607	607	105	105	90	90	82	82	14420	14420	3469	3469	376	376	1427	1427	196	196	411	411	505	505	6817	6817	511	511	443	443	1588	1588	3338	3338	235	235	662	662	55	55	34	34	65	65	97	97	13053	13053	14611	14611	2423	2423	835	835	32238	32238	27057	27057	5854	5854	1973	1973	98	98	30	30	409	409	4709	4709	2283	2283	3306	3306	247	247	236	236	364	364	383	383	47	47	91	91	409	409	366	366	916	916	988	988	156	156	146	146	441	441	923	923	1774	1774	894	894	1981	1981	8334	8334	149	149	376	376	2345	2345	15805	15805	90	90	62	62	32	32	215	215	69	69	225	225	139	139	16	16	474	474	233	233	34	34	47	47	3967	3967	3787	3787	4071	4071	912	912	109	109	23	23	44	44	56	56	2884	2884	3315	3315	22	22	32	32	1	1	14	14	93	93	36	36	28	28	9	9	5051	5051	7750	7750	13664	13664	25531	25531	229	229	170	170
IND00138	982	982	1154	1154	281	281	187	187	8093	8093	4327	4327	766	766	758	758	201	201	49	49	11825	11825	6840	6840	171	171	1926	1926	70	70	264	264	6898	6898	4803	4803	205	205	1024	1024	1551	1551	7828	7828	175	175	12	12	1	1	28	28	127	127	95	95	7583	7583	13599	13599	403	403	763	763	47330	47330	55001	55001	3583	3583	1494	1494	254	254	9	9	4550	4550	1027	1027	832	832	363	363	255	255	109	109	57	57	555	555	46	46	73	73	245	245	496	496	988	988	138	138	20	20	156	156	749	749	222	222	1018	1018	1063	1063	847	847	11619	11619	322	322	468	468	8555	8555	15321	15321	115	115	121	121	170	170	91	91	181	181	114	114	220	220	15	15	545	545	742	742	73	73	89	89	1431	1431	470	470	938	938	3918	3918	63	63	107	107	41	41	49	49	6717	6717	7295	7295	18	18	9	9	15	15	16	16	122	122	34	34	12	12	1	1	6811	6811	707	707	11398	11398	11077	11077	157	157	195	195
IND00139	1431	1431	804	804	206	206	319	319	3298	3298	5861	5861	268	268	703	703	229	229	162	162	7197	7197	853	853	1351	1351	812	812	484	484	359	359	2890	2890	2474	2474	841	841	836	836	3705	3705	2217	2217	510	510	928	928	6	6	33	33	223	223	138	138	3873	3873	3091	3091	3993	3993	3291	3291	17806	17806	65024	65024	3327	3327	5754	5754	163	163	1	1	1280	1280	5350	5350	2738	2738	2328	2328	34	34	413	413	370	370	764	764	25	25	28	28	90	90	395	395	911	911	806	806	249	249	148	148	614	614	701	701	1184	1184	810	810	14697	14697	4301	4301	293	293	243	243	1143	1143	2543	2543	36	36	54	54	256	256	154	154	27	27	27	27	105	105	189	189	504	504	100	100	79	79	79	79	1495	1495	2074	2074	3483	3483	1688	1688	81	81	25	25	24	24	11	11	1704	1704	3272	3272	30	30	9	9	9	9	13	13	28	28	71	71	20	20	25	25	3994	3994	3225	3225	29924	29924	12197	12197	141	141	226	226
IND00140	1100	1100	594	594	224	224	259	259	4877	4877	8112	8112	790	790	854	854	234	234	162	162	8643	8643	8954	8954	148	148	737	737	199	199	362	362	3511	3511	2876	2876	630	630	575	575	5373	5373	7481	7481	239	239	1024	1024	36	36	40	40	98	98	9	9	15872	15872	11662	11662	1009	1009	2776	2776	10405	10405	49995	49995	4815	4815	3906	3906	219	219	12	12	5266	5266	373	373	835	835	2379	2379	234	234	40	40	742	742	883	883	83	83	62	62	205	205	26	26	747	747	296	296	202	202	86	86	543	543	974	974	586	586	1085	1085	11043	11043	2952	2952	416	416	377	377	4137	4137	10413	10413	22	22	28	28	227	227	131	131	20	20	160	160	14	14	52	52	673	673	1023	1023	29	29	83	83	502	502	291	291	2417	2417	592	592	104	104	81	81	47	47	1	1	1130	1130	4405	4405	29	29	31	31	4	4	5	5	61	61	36	36	37	37	60	60	2360	2360	4793	4793	6225	6225	31489	31489	70	70	91	91
IND00141	322	322	32	32	180	180	328	328	7757	7757	5623	5623	366	366	738	738	1	1	237	237	5367	5367	13514	13514	40	40	1042	1042	222	222	251	251	5028	5028	5274	5274	805	805	318	318	2832	2832	3793	3793	979	979	616	616	23	23	46	46	251	251	109	109	14742	14742	8572	8572	2055	2055	2486	2486	779	779	65523	65523	3376	3376	1393	1393	182	182	133	133	4616	4616	3398	3398	3621	3621	3818	3818	72	72	509	509	696	696	784	784	93	93	81	81	195	195	153	153	179	179	285	285	157	157	161	161	157	157	424	424	994	994	1031	1031	13656	13656	12095	12095	322	322	63	63	11135	11135	9062	9062	29	29	103	103	235	235	148	148	125	125	150	150	193	193	246	246	277	277	665	665	47	47	114	114	1019	1019	542	542	55	55	1714	1714	20	20	75	75	33	33	40	40	187	187	394	394	31	31	23	23	15	15	5	5	94	94	116	116	10	10	26	26	959	959	8096	8096	24181	24181	14210	14210	129	129	125	125
IND00142	820	820	261	261	271	271	135	135	3498	3498	5696	5696	518	518	360	360	22	22	254	254	13980	13980	15915	15915	1133	1133	622	622	27	27	182	182	275	275	1514	1514	748	748	322	322	1413	1413	6688	6688	19	19	564	564	30	30	57	57	180	180	190	190	10118	10118	3010	3010	3124	3124	117	117	47639	47639	2678	2678	7811	7811	1643	1643	125	125	229	229	5054	5054	1914	1914	1386	1386	3265	3265	103	103	471	471	734	734	539	539	113	113	60	60	507	507	336	336	125	125	173	173	223	223	144	144	531	531	586	586	599	599	1592	1592	5375	5375	1419	1419	509	509	364	364	13459	13459	15350	15350	1	1	100	100	23	23	169	169	209	209	174	174	242	242	158	158	389	389	43	43	4	4	31	31	1772	1772	2031	2031	491	491	3778	3778	62	62	35	35	17	17	39	39	2432	2432	7477	7477	9	9	4	4	8	8	13	13	95	95	81	81	3	3	23	23	1192	1192	4495	4495	16083	16083	2715	2715	193	193	192	192
IND00143	1274	1274	439	439	45	45	458	458	2905	2905	2848	2848	327	327	586	586	197	197	69	69	10114	10114	7823	7823	423	423	688	688	231	231	280	280	238	238	5947	5947	481	481	865	865	1601	1601	6055	6055	313	313	513	513	7	7	39	39	180	180	75	75	16150	16150	4674	4674	632	632	674	674	6012	6012	15828	15828	3988	3988	3235	3235	225	225	157	157	2504	2504	3312	3312	3641	3641	3506	3506	216	216	227	227	131	131	108	108	94	94	59	59	391	391	417	417	712	712	607	607	95	95	86	86	728	728	418	418	1955	1955	1755	1755	3338	3338	8554	8554	349	349	510	510	15491	15491	14079	14079	73	73	56	56	8	8	7	7	177	177	231	231	212	212	225	225	689	689	834	834	62	62	1	1	2872	2872	210	210	1166	1166	3867	3867	113	113	12	12	54	54	50	50	6121	6121	2135	2135	19	19	8	8	1	1	1	1	48	48	99	99	38	38	5	5	5666	5666	5615	5615	898	898	25839	25839	123	123	101	101
IND00144	690	690	1272	1272	441	441	65	65	1960	1960	4190	4190	1010	1010	337	337	81	81	183	183	768	768	2243	2243	1876	1876	338	338	337	337	454	454	7490	7490	6986	6986	244	244	521	521	6778	6778	5485	5485	757	757	465	465	42	42	35	35	151	151	96	96	13008	13008	4220	4220	1452	1452	1420	1420	46015	46015	13065	13065	5216	5216	8165	8165	152	152	210	210	10	10	3940	3940	3502	3502	2449	2449	324	324	157	157	760	760	1018	1018	124	124	25	25	494	494	17	17	53	53	158	158	102	102	219	219	934	934	439	439	1806	1806	868	868	11731	11731	15744	15744	72	72	423	423	248	248	5697	5697	16	16	111	111	158	158	186	186	217	217	108	108	174	174	237	237	1020	1020	57	57	47	47	125	125	2084	2084	1323	1323	1332	1332	1090	1090	6	6	16	16	60	60	13	13	67	67	7342	7342	16	16	3	3	5	5	15	15	101	101	20	20	30	30	38	38	7355	7355	4859	4859	13203	13203	29186	29186	60	60	168	168
IND00145	1137	1137	1404	1404	501	501	55	55	132	132	4790	4790	899	899	77	77	240	240	226	226	11389	11389	7227	7227	169	169	829	829	256	256	166	166	1978	1978	4808	4808	681	681	555	555	6724	6724	2078	2078	629	629	351	351	4	4	56	56	249	249	8	8	10674	10674	16224	16224	2699	2699	2075	2075	42709	42709	9894	9894	7373	7373	3165	3165	237	237	37	37	5454	5454	1800	1800	2092	2092	3333	3333	392	392	98	98	732	732	235	235	72	72	122	122	213	213	2	2	1016	1016	866	866	121	121	244	244	253	253	617	617	1516	1516	1539	1539	15811	15811	1082	1082	110	110	135	135	1958	1958	9794	9794	113	113	118	118	210	210	2	2	153	153	76	76	141	141	84	84	537	537	1024	1024	88	88	116	116	1915	1915	3108	3108	1467	1467	500	500	82	82	79	79	20	20	61	61	7590	7590	5801	5801	4	4	17	17	3	3	2	2	51	51	51	51	55	55	42	42	4374	4374	7566	7566	1983	1983	4630	4630	168	168	132	132
IND00146	1169	1169	1252	1252	111	111	104	104	4898	4898	8147	8147	106	106	18	18	95	95	12	12	14934	14934	8727	8727	1402	1402	382	382	324	324	20	20	1959	1959	6033	6033	708	708	213	213	4691	4691	2693	2693	712	712	678	678	16	16	20	20	48	48	151	151	5178	5178	15051	15051	3995	3995	211	211	33104	33104	22899	22899	6487	6487	7777	7777	54	54	191	191	717	717	413	413	1658	1658	1269	1269	393	393	439	439	53	53	967	967	105	105	104	104	142	142	50	50	849	849	313	313	194	194	9	9	678	678	168	168	770	770	1855	1855	11981	11981	8852	8852	388	388	26	26	2585	2585	9430	9430	35	35	101	101	143	143	122	122	256	256	212	212	144	144	198	198	787	787	973	973	82	82	127	127	3296	3296	3476	3476	2055	2055	2348	2348	82	82	107	107	63	63	16	16	273	273	18	18	22	22	7	7	15	15	8	8	38	38	62	62	48	48	35	35	3697	3697	7747	7747	17125	17125	10161	10161	159	159	129	129
IND00147	1904	1904	1403	1403	247	247	61	61	7886	7886	1712	1712	885	885	775	775	10	10	4	4	7170	7170	11379	11379	1634	1634	324	324	247	247	457	457	4509	4509	6308	6308	193	193	528	528	5205	5205	626	626	791	791	988	988	29	29	26	26	145	145	154	154	14563	14563	3121	3121	2674	2674	1577	1577	15092	15092	52332	52332	7414	7414	6159	6159	73	73	132	132	24	24	2760	2760	2448	2448	1751	1751	101	101	399	399	1004	1004	686	686	54	54	99	99	27	27	330	330	86	86	761	761	43	43	34	34	468	468	38	38	158	158	1806	1806	11381	11381	6971	6971	14	14	411	411	7448	7448	4164	4164	124	124	94	94	217	217	143	143	38	38	39	39	14	14	149	149	622	622	958	958	12	12	38	38	2424	2424	995	995	2951	2951	3721	3721	66	66	72	72	32	32	48	48	7471	7471	6409	6409	19	19	21	21	5	5	12	12	33	33	72	72	4	4	55	55	6814	6814	4363	4363	20652	20652	10812	10812	212	212	39	39
IND00148	1718	1718	984	984	485	485	39	39	5780	5780	6626	6626	516	516	173	173	220	220	93	93	7748	7748	11856	11856	92	92	1652	1652	226	226	388	388	7564	7564	6416	6416	70	70	547	547	3819	3819	6245	6245	18	18	436	436	32	32	64	64	40	40	175	175	4185	4185	12882	12882	3157	3157	2815	2815	64432	64432	61421	61421	3118	3118	4602	4602	126	126	55	55	817	817	4415	4415	1475	1475	1846	1846	146	146	208	208	930	930	970	970	86	86	107	107	111	111	144	144	844	844	882	882	135	135	124	124	784	784	323	323	621	621	853	853	6555	6555	15731	15731	38	38	170	170	3595	3595	4874	4874	80	80	39	39	182	182	164	164	2	2	176	176	85	85	66	66	30	30	740	740	69	69	80	80	3243	3243	706	706	2382	2382	2957	2957	36	36	14	14	8	8	61	61	8144	8144	2199	2199	31	31	9	9	15	15	7	7	22	22	71	71	26	26	32	32	7450	7450	2313	2313	23355	23355	20489	20489	214	214	145	145
IND00149	58	58	1	1	371	371	286	286	3649	3649	3859	3859	849	849	843	843	10	10	89	89	9973	9973	7112	7112	534	534	173	173	31	31	106	106	7153	7153	553	553	583	583	174	174	6637	6637	1872	1872	915	915	850	850	11	11	21	21	83	83	73	73	1791	1791	2745	2745	3796	3796	3383	3383	62023	62023	1842	1842	6334	6334	7045	7045	37	37	206	206	7478	7478	812	812	2083	2083	3920	3920	61	61	9	9	275	275	740	740	92	92	92	92	48	48	290	290	852	852	117	117	188	188	168	168	467	467	766	766	644	644	319	319	10240	10240	15484	15484	198	198	13	13	12330	12330	384	384	32	32	111	111	115	115	74	74	63	63	82	82	68	68	113	113	533	533	679	679	112	112	84	84	1549	1549	307	307	430	430	2786	2786	22	22	53	53	15	15	19	19	7323	7323	6745	6745	3	3	1	1	11	11	15	15	20	20	119	119	49	49	1	1	3890	3890	8051	8051	25749	25749	24272	24272	82	82	78	78
IND00150	1589	1589	151	151	64	64	220	220	5561	5561	2894	2894	1010	1010	651	651	121	121	111	111	11942	11942	2998	2998	1071	1071	1630	1630	352	352	284	284	7057	7057	6669	6669	80	80	587	587	6718	6718	4200	4200	749	749	548	548	59	59	57	57	38	38	116	116	12626	12626	3628	3628	3476	3476	2903	2903	61717	61717	33183	33183	3263	3263	3879	3879	222	222	27	27	1092	1092	3131	3131	415	415	1378	1378	281	281	505	505	763	763	796	796	25	25	27	27	382	382	386	386	89	89	956	956	32	32	89	89	111	111	285	285	1255	1255	854	854	15622	15622	2833	2833	318	318	142	142	318	318	3978	3978	78	78	28	28	227	227	256	256	37	37	45	45	73	73	154	154	444	444	271	271	72	72	116	116	65	65	1171	1171	2582	2582	1766	1766	5	5	19	19	39	39	38	38	2880	2880	3954	3954	19	19	27	27	13	13	12	12	86	86	22	22	16	16	6	6	1360	1360	7327	7327	21201	21201	15039	15039	156	156	44	44
IND00151	961	961	1042	1042	163	163	11	11	2925	2925	6885	6885	940	940	612	612	114	114	11	11	2983	2983	10017	10017	1670	1670	1195	1195	136	136	430	430	103	103	7174	7174	187	187	282	282	2367	2367	2789	2789	439	439	971	971	39	39	19	19	146	146	47	47	871	871	1816	1816	2983	2983	292	292	36048	36048	38582	38582	5456	5456	3919	3919	181	181	134	134	6284	6284	1956	1956	2530	2530	539	539	443	443	66	66	737	737	353	353	45	45	10	10	195	195	221	221	80	80	412	412	220	220	238	238	184	184	104	104	792	792	1987	1987	11342	11342	3119	3119	508	508	374	374	8147	8147	639	639	33	33	98	98	97	97	226	226	245	245	51	51	29	29	219	219	836	836	628	628	55	55	9	9	3118	3118	2111	2111	2037	2037	3807	3807	29	29	38	38	13	13	46	46	3322	3322	1730	1730	9	9	4	4	9	9	4	4	44	44	20	20	47	47	5	5	6066	6066	1058	1058	18281	18281	4207	4207	87	87	188	188
IND00152	199	199	1694	1694	201	201	108	108	5001	5001	7169	7169	744	744	850	850	173	173	101	101	3540	3540	415	415	1423	1423	66	66	123	123	508	508	1721	1721	1473	1473	835	835	549	549	5451	5451	547	547	557	557	535	535	53	53	22	22	92	92	35	35	10411	10411	10216	10216	241	241	1652	1652	29909	29909	12943	12943	7527	7527	3173	3173	126	126	103	103	7556	7556	1320	1320	3115	3115	2331	2331	215	215	453	453	775	775	265	265	81	81	55	55	432	432	369	369	11	11	907	907	79	79	78	78	931	931	870	870	1245	1245	2016	2016	6404	6404	5413	5413	398	398	446	446	14876	14876	14813	14813	127	127	86	86	206	206	85	85	217	217	214	214	96	96	131	131	189	189	345	345	113	113	8	8	2983	2983	793	793	2208	2208	3840	3840	34	34	97	97	17	17	34	34	5635	5635	1919	1919	20	20	30	30	6	6	16	16	51	51	76	76	48	48	61	61	1206	1206	6801	6801	15225	15225	6248	6248	255	255	139	139
IND00153	1366	1366	1887	1887	491	491	57	57	3587	3587	4986	4986	679	679	281	281	177	177	169	169	3183	3183	14997	14997	397	397	1017	1017	157	157	347	347	82	82	4079	4079	158	158	670	670	757	757	764	764	633	633	654	654	32	32	26	26	234	234	160	160	3666	3666	348	348	3503	3503	1922	1922	40507	40507	54467	54467	7742	7742	6013	6013	198	198	9	9	6800	6800	3890	3890	3839	3839	3778	3778	71	71	234	234	938	938	79	79	11	11	24	24	265	265	463	463	579	579	978	978	43	43	165	165	1	1	592	592	1379	1379	581	581	15094	15094	2564	2564	286	286	155	155	14109	14109	8472	8472	4	4	67	67	196	196	17	17	250	250	245	245	206	206	206	206	280	280	245	245	75	75	111	111	222	222	3123	3123	2348	2348	346	346	27	27	32	32	31	31	52	52	7600	7600	6216	6216	4	4	8	8	2	2	11	11	22	22	48	48	11	11	9	9	7185	7185	1437	1437	32381	32381	14619	14619	84	84	139	139
IND00154	1604	1604	1100	1100	376	376	55	55	7727	7727	4966	4966	121	121	35	35	52	52	62	62	1120	1120	6782	6782	1013	1013	2040	2040	7	7	156	156	459	459	7299	7299	241	241	707	707	206	206	2962	2962	495	495	438	438	42	42	12	12	10	10	249	249	6464	6464	9198	9198	481	481	2660	2660	52198	52198	16853	16853	7832	7832	738	738	152	152	229	229	6013	6013	4762	4762	3328	3328	3732	3732	408	408	432	432	719	719	337	337	124	124	120	120	306	306	216	216	3	3	263	263	134	134	58	58	919	919	268	268	757	757	708	708	135	135	8110	8110	27	27	213	213	2715	2715	12929	12929	125	125	23	23	108	108	254	254	208	208	112	112	218	218	56	56	890	890	516	516	5	5	53	53	351	351	3811	3811	2314	2314	751	751	16	16	77	77	12	12	24	24	5260	5260	3151	3151	32	32	28	28	10	10	7	7	65	65	118	118	47	47	61	61	6948	6948	6367	6367	16370	16370	16098	16098	234	234	42	42
IND00155	436	436	2042	2042	120	120	136	136	6783	6783	4044	4044	967	967	993	993	254	254	192	192	1350	1350	12746	12746	2026	2026	1807	1807	388	388	155	155	2715	2715	2707	2707	869	869	507	507	4928	4928	4570	4570	22	22	372	372	54	54	38	38	192	192	234	234	7187	7187	7681	7681	2723	2723	1939	1939	43270	43270	20979	20979	614	614	1483	1483	79	79	249	249	4215	4215	2555	2555	3307	3307	1941	1941	419	419	504	504	515	515	20	20	74	74	112	112	118	118	383	383	58	58	26	26	207	207	254	254	410	410	949	949	65	65	1561	1561	3911	3911	4778	4778	86	86	87	87	455	455	3938	3938	75	75	85	85	20	20	200	200	207	207	155	155	90	90	93	93	748	748	966	966	69	69	76	76	2268	2268	3716	3716	3866	3866	3399	3399	47	47	70	70	18	18	3	3	1865	1865	450	450	31	31	11	11	2	2	7	7	87	87	125	125	43	43	45	45	7391	7391	5947	5947	11014	11014	9456	9456	76	76	47	47
IND00156	101	101	1429	1429	492	492	334	334	2151	2151	7204	7204	513	513	343	343	7	7	44	44	3600	3600	387	387	13	13	220	220	107	107	425	425	5600	5600	5834	5834	945	945	146	146	927	927	7396	7396	756	756	756	756	20	20	9	9	30	30	158	158	8883	8883	5502	5502	2103	2103	698	698	46268	46268	39993	39993	2043	2043	8050	8050	69	69	193	193	7546	7546	669	669	98	98	1470	1470	327	327	193	193	745	745	286	286	23	23	102	102	184	184	254	254	482	482	176	176	165	165	105	105	878	878	192	192	223	223	444	444	7482	7482	3218	3218	108	108	453	453	1712	1712	8164	8164	115	115	69	69	109	109	66	66	135	135	206	206	127	127	243	243	883	883	788	788	51	51	110	110	431	431	1025	1025	3142	3142	1779	1779	27	27	114	114	12	12	33	33	5671	5671	7245	7245	32	32	5	5	13	13	6	6	24	24	38	38	4	4	15	15	3823	3823	1401	1401	11477	11477	8825	8825	233	233	26	26
IND00157	1594	1594	867	867	481	481	495	495	6485	6485	678	678	225	225	387	387	250	250	119	119	4486	4486	10398	10398	1341	1341	647	647	13	13	127	127	3781	3781	2313	2313	253	253	253	253	5726	5726	6140	6140	131	131	153	153	38	38	22	22	183	183	134	134	4267	4267	5107	5107	3573	3573	3354	3354	37123	37123	15005	15005	1015	1015	3871	3871	41	41	50	50	3392	3392	1487	1487	1758	1758	3146	3146	107	107	312	312	155	155	413	413	54	54	37	37	167	167	18	18	721	721	248	248	115	115	255	255	109	109	1015	1015	1843	1843	253	253	9878	9878	9622	9622	407	407	188	188	11354	11354	14017	14017	31	31	28	28	98	98	4	4	20	20	235	235	234	234	12	12	742	742	960	960	46	46	23	23	2540	2540	416	416	493	493	365	365	20	20	6	6	42	42	53	53	1372	1372	6266	6266	6	6	6	6	9	9	7	7	99	99	35	35	20	20	4	4	7231	7231	7660	7660	22238	22238	1092	1092	127	127	136	136
IND00158	1270	1270	2028	2028	241	241	306	306	7395	7395	2711	2711	353	353	174	174	254	254	185	185	4910	4910	3091	3091	854	854	733	733	500	500	118	118	247	247	4248	4248	716	716	319	319	108	108	6482	6482	756	756	572	572	2	2	62	62	228	228	116	116	12221	12221	5555	5555	3804	3804	2681	2681	65370	65370	64496	64496	6601	6601	3054	3054	102	102	97	97	7383	7383	2446	2446	990	990	3756	3756	440	440	85	85	822	822	270	270	18	18	125	125	69	69	409	409	442	442	629	629	156	156	37	37	625	625	445	445	1895	1895	1065	1065	2423	2423	1847	1847	114	114	296	296	6869	6869	6285	6285	126	126	96	96	215	215	184	184	45	45	194	194	191	191	81	81	737	737	4	4	50	50	87	87	3402	3402	2635	2635	1115	1115	3946	3946	11	11	117	117	46	46	50	50	5980	5980	7013	7013	20	20	15	15	3	3	14	14	32	32	6	6	18	18	10	10	7078	7078	5407	5407	3625	3625	30237	30237	52	52	110	110
IND00159	1970	1970	1099	1099	414	414	245	245	7616	7616	2184	2184	725	725	223	223	253	253	113	113	1425	1425	15705	15705	1662	1662	1996	1996	227	227	374	374	4077	4077	4471	4471	652	652	834	834	1205	1205	4430	4430	1002	1002	891	891	61	61	60	60	139	139	87	87	9722	9722	16059	16059	2873	2873	3321	3321	49595	49595	34704	34704	901	901	7900	7900	182	182	207	207	7386	7386	5664	5664	1110	1110	3398	3398	302	302	71	71	908	908	697	697	81	81	22	22	363	363	272	272	536	536	825	825	124	124	201	201	119	119	461	461	790	790	809	809	5983	5983	4142	4142	147	147	283	283	15592	15592	5319	5319	15	15	97	97	185	185	161	161	188	188	210	210	159	159	169	169	111	111	277	277	36	36	47	47	1638	1638	399	399	68	68	977	977	111	111	124	124	44	44	6	6	728	728	154	154	28	28	4	4	10	10	12	12	59	59	84	84	1	1	7	7	459	459	3298	3298	24204	24204	27036	27036	21	21	84	84
IND00160	1163	1163	946	946	329	329	177	177	775	775	521	521	357	357	721	721	88	88	11	11	9232	9232	6718	6718	391	391	1356	1356	437	437	380	380	6571	6571	4223	4223	975	975	701	701	1330	1330	500	500	141	141	650	650	45	45	50	50	202	202	69	69	10249	10249	11283	11283	285	285	3604	3604	18316	18316	58536	58536	6538	6538	406	406	204	204	206	206	604	604	5866	5866	3236	3236	1083	1083	263	263	190	190	634	634	576	576	16	16	4	4	300	300	84	84	630	630	919	919	28	28	241	241	521	521	129	129	887	887	1570	1570	10474	10474	7526	7526	95	95	53	53	7178	7178	13316	13316	79	79	3	3	96	96	232	232	21	21	47	47	234	234	37	37	348	348	531	531	52	52	13	13	1456	1456	2747	2747	2472	2472	1363	1363	36	36	63	63	32	32	19	19	828	828	2507	2507	16	16	1	1	1	1	1	1	50	50	5	5	8	8	43	43	4215	4215	1421	1421	24302	24302	3997	3997	156	156	229	229
IND00161	1622	1622	555	555	205	205	70	70	600	600	1489	1489	485	485	204	204	245	245	199	199	15926	15926	4480	4480	1010	1010	763	763	362	362	419	419	1530	1530	3130	3130	860	860	870	870	1416	1416	1821	1821	792	792	995	995	6	6	31	31	207	207	59	59	6397	6397	5618	5618	1195	1195	2104	2104	39602	39602	33245	33245	7770	7770	3004	3004	157	157	79	79	3815	3815	5896	5896	2595	2595	1155	1155	507	507	282	282	803	803	818	818	9	9	116	116	300	300	238	238	559	559	367	367	173	173	100	100	577	577	563	563	1968	1968	673	673	342	342	10648	10648	408	408	149	149	4580	4580	1111	1111	93	93	84	84	161	161	107	107	95	95	27	27	185	185	71	71	430	430	525	525	26	26	72	72	1379	1379	2664	2664	1904	1904	16	16	13	13	56	56	37	37	32	32	7727	7727	6299	6299	29	29	23	23	3	3	8	8	12	12	110	110	50	50	62	62	6461	6461	2032	2032	3419	3419	12411	12411	36	36	99	99
IND00162	864	864	134	134	105	105	247	247	6046	6046	2326	2326	150	150	321	321	64	64	88	88	4092	4092	14761	14761	149	149	736	736	403	403	192	192	2076	2076	628	628	100	100	18	18	4788	4788	552	552	843	843	815	815	54	54	17	17	214	214	159	159	7108	7108	5258	5258	3409	3409	3297	3297	51599	51599	47984	47984	8014	8014	2485	2485	33	33	108	108	2808	2808	6485	6485	3783	3783	2791	2791	163	163	23	23	261	261	235	235	14	14	1	1	306	306	499	499	35	35	830	830	201	201	27	27	750	750	967	967	825	825	1148	1148	13335	13335	13435	13435	219	219	503	503	8134	8134	4851	4851	17	17	125	125	227	227	204	204	156	156	11	11	61	61	52	52	244	244	933	933	14	14	8	8	1821	1821	3558	3558	3253	3253	2652	2652	79	79	58	58	4	4	48	48	7132	7132	542	542	9	9	4	4	8	8	2	2	15	15	34	34	39	39	47	47	372	372	5410	5410	28274	28274	19061	19061	60	60	191	191
IND00163	1171	1171	187	187	291	291	329	329	3114	3114	428	428	348	348	566	566	105	105	227	227	12489	12489	2607	2607	1241	1241	1075	1075	423	423	240	240	5834	5834	2876	2876	888	888	607	607	770	770	5672	5672	602	602	688	688	30	30	48	48	250	250	86	86	10872	10872	6533	6533	2950	2950	1329	1329	23543	23543	38742	38742	6924	6924	2392	2392	16	16	40	40	189	189	1694	1694	936	936	3788	3788	108	108	226	226	295	295	1011	1011	109	109	119	119	202	202	327	327	147	147	900	900	217	217	133	133	857	857	613	613	590	590	1126	1126	12468	12468	13540	13540	476	476	403	403	11431	11431	10592	10592	60	60	93	93	155	155	66	66	137	137	77	77	126	126	142	142	555	555	391	391	109	109	110	110	2183	2183	528	528	4026	4026	69	69	43	43	17	17	62	62	3	3	7006	7006	2464	2464	27	27	28	28	2	2	6	6	107	107	119	119	41	41	44	44	5915	5915	7084	7084	8381	8381	8340	8340	150	150	250	250
IND00164	1181	1181	407	407	275	275	9	9	7736	7736	6403	6403	784	784	633	633	80	80	98	98	86	86	352	352	1252	1252	1959	1959	159	159	483	483	2719	2719	4601	4601	6	6	514	514	8103	8103	4970	4970	63	63	95	95	37	37	48	48	163	163	182	182	4293	4293	7814	7814	1965	1965	129	129	52457	52457	47414	47414	787	787	4198	4198	20	20	86	86	5889	5889	3988	3988	3984	3984	3919	3919	242	242	404	404	656	656	250	250	4	4	90	90	373	373	351	351	889	889	630	630	12	12	58	58	92	92	672	672	759	759	378	378	4572	4572	492	492	288	288	352	352	626	626	425	425	13	13	55	55	249	249	53	53	27	27	124	124	207	207	9	9	751	751	874	874	62	62	46	46	2049	2049	1731	1731	3803	3803	2496	2496	102	102	67	67	23	23	57	57	1456	1456	4665	4665	29	29	10	10	11	11	14	14	118	118	8	8	55	55	18	18	1496	1496	7155	7155	32103	32103	9885	9885	23	23	49	49
IND00165	1999	1999	113	113	158	158	287	287	5923	5923	4590	4590	855	855	196	196	97	97	64	64	12085	12085	9201	9201	1796	1796	1839	1839	458	458	90	90	5991	5991	7120	7120	845	845	364	364	2981	2981	1327	1327	135	135	589	589	63	63	15	15	73	73	70	70	14585	14585	4169	4169	3671	3671	2065	2065	65392	65392	48016	48016	1749	1749	4544	4544	216	216	91	91	143	143	7406	7406	2948	2948	3827	3827	473	473	511	511	325	325	815	815	32	32	96	96	130	130	388	388	843	843	936	936	192	192	108	108	171	171	799	799	410	410	689	689	9755	9755	2071	2071	59	59	80	80	10691	10691	9399	9399	108	108	69	69	33	33	119	119	197	197	134	134	25	25	145	145	547	547	733	733	6	6	66	66	2267	2267	97	97	2288	2288	3623	3623	23	23	128	128	43	43	43	43	4569	4569	4740	4740	16	16	11	11	3	3	16	16	114	114	15	15	15	15	30	30	1066	1066	2667	2667	6363	6363	32496	32496	202	202	248	248
IND00166	1831	1831	1844	1844	206	206	189	189	1478	1478	5917	5917	789	789	750	750	175	175	223	223	14946	14946	8836	8836	545	545	1866	1866	345	345	333	333	7709	7709	93	93	958	958	971	971	5969	5969	7318	7318	862	862	895	895	54	54	12	12	136	136	40	40	189	189	5248	5248	3549	3549	2020	2020	3070	3070	28725	28725	3909	3909	749	749	15	15	169	169	2407	2407	4024	4024	3953	3953	3281	3281	212	212	310	310	291	291	779	779	38	38	7	7	106	106	137	137	705	705	161	161	252	252	220	220	213	213	249	249	1353	1353	397	397	7970	7970	16354	16354	95	95	408	408	13271	13271	12827	12827	122	122	70	70	250	250	7	7	121	121	212	212	158	158	132	132	392	392	34	34	123	123	91	91	2388	2388	3267	3267	3380	3380	2133	2133	9	9	29	29	62	62	38	38	3302	3302	4337	4337	5	5	32	32	14	14	8	8	7	7	47	47	12	12	13	13	1653	1653	1222	1222	15047	15047	16962	16962	22	22	202	202
IND00167	1726	1726	761	761	316	316	469	469	928	928	6807	6807	993	993	753	753	247	247	143	143	8968	8968	8631	8631	314	314	498	498	488	488	429	429	3889	3889	5134	5134	239	239	831	831	7360	7360	8005	8005	721	721	20	20	25	25	25	25	242	242	45	45	8094	8094	12264	12264	1457	1457	1035	1035	55245	55245	28555	28555	3063	3063	6071	6071	187	187	22	22	5957	5957	1135	1135	130	130	2201	2201	380	380	411	411	106	106	247	247	99	99	54	54	197	197	374	374	134	134	484	484	202	202	1	1	736	736	887	887	1595	1595	856	856	1020	1020	1311	1311	461	461	257	257	1956	1956	8364	8364	33	33	93	93	64	64	112	112	120	120	132	132	217	217	94	94	597	597	413	413	6	6	121	121	2694	2694	67	67	838	838	3507	3507	5	5	86	86	42	42	28	28	2006	2006	2422	2422	30	30	5	5	8	8	15	15	87	87	114	114	26	26	41	41	7652	7652	3488	3488	13185	13185	21715	21715	220	220	209	209
IND00168	1625	1625	911	911	366	366	198	198	934	934	5364	5364	994	994	145	145	245	245	36	36	7181	7181	15060	15060	375	375	1406	1406	511	511	512	512	279	279	4924	4924	308	308	545	545	6254	6254	7533	7533	276	276	827	827	25	25	21	21	39	39	106	106	4349	4349	4516	4516	3955	3955	3078	3078	15873	15873	6594	6594	2365	2365	2908	2908	198	198	16	16	5943	5943	6981	6981	569	569	788	788	330	330	160	160	254	254	480	480	69	69	109	109	375	375	365	365	447	447	758	758	52	52	218	218	993	993	386	386	1437	1437	715	715	11056	11056	7070	7070	272	272	454	454	5317	5317	6912	6912	107	107	62	62	15	15	246	246	95	95	160	160	71	71	63	63	770	770	6	6	64	64	21	21	1208	1208	1317	1317	859	859	3247	3247	60	60	100	100	32	32	20	20	696	696	5202	5202	31	31	10	10	16	16	10	10	109	109	80	80	12	12	20	20	824	824	4653	4653	17106	17106	25418	25418	51	51	175	175
IND00169	987	987	1986	1986	118	118	394	394	5732	5732	7180	7180	1000	1000	696	696	213	213	98	98	4007	4007	9878	9878	1900	1900	876	876	76	76	200	200	180	180	991	991	527	527	666	666	2970	2970	3958	3958	637	637	215	215	56	56	19	19	14	14	123	123	15717	15717	2832	2832	3938	3938	1779	1779	30308	30308	26552	26552	7603	7603	7703	7703	56	56	132	132	5259	5259	684	684	3531	3531	1663	1663	70	70	15	15	968	968	244	244	37	37	14	14	244	244	235	235	193	193	249	249	39	39	256	256	655	655	867	867	154	154	2003	2003	10449	10449	1461	1461	307	307	401	401	6630	6630	15192	15192	111	111	125	125	190	190	13	13	76	76	71	71	69	69	37	37	203	203	271	271	121	121	62	62	1764	1764	1321	1321	809	809	1111	1111	113	113	59	59	16	16	11	11	120	120	810	810	2	2	20	20	2	2	7	7	7	7	73	73	12	12	48	48	7699	7699	1179	1179	24465	24465	17010	17010	130	130	156	156
IND00170	1175	1175	648	648	249	249	367	367	4082	4082	275	275	594	594	185	185	69	69	65	65	10180	10180	13365	13365	638	638	744	744	353	353	130	130	7583	7583	5993	5993	509	509	601	601	7989	7989	262	262	916	916	128	128	63	63	40	40	237	237	29	29	11760	11760	3817	3817	1786	1786	1607	1607	23279	23279	22294	22294	5586	5586	7596	7596	165	165	228	228	3744	3744	4433	4433	1914	1914	3000	3000	187	187	314	314	71	71	397	397	25	25	26	26	328	328	97	97	481	481	544	544	83	83	86	86	385	385	555	555	421	421	787	787	10771	10771	4621	4621	280	280	282	282	10769	10769	7427	7427	117	117	59	59	125	125	219	219	25	25	212	212	209	209	103	103	110	110	792	792	114	114	64	64	520	520	2178	2178	945	945	3266	3266	97	97	27	27	9	9	24	24	5855	5855	6174	6174	1	1	30	30	11	11	3	3	52	52	41	41	4	4	48	48	1784	1784	383	383	23803	23803	6037	6037	176	176	170	170
IND00171	510	510	598	598	25	25	52	52	4727	4727	1241	1241	835	835	110	110	124	124	185	185	15117	15117	11035	11035	1163	1163	222	222	114	114	456	456	2131	2131	4752	4752	224	224	999	999	6893	6893	3350	3350	267	267	727	727	47	47	16	16	226	226	146	146	2254	2254	1114	1114	2680	2680	3092	3092	44374	44374	22770	22770	7047	7047	1945	1945	138	138	38	38	3645	3645	4754	4754	1878	1878	3335	3335	269	269	143	143	266	266	598	598	77	77	22	22	349	349	400	400	699	699	675	675	34	34	126	126	884	884	644	644	1698	1698	2025	2025	3097	3097	1981	1981	203	203	26	26	7828	7828	12968	12968	119	119	51	51	129	129	172	172	103	103	2	2	160	160	30	30	624	624	203	203	51	51	74	74	1934	1934	854	854	3691	3691	3590	3590	95	95	50	50	18	18	13	13	2339	2339	5605	5605	29	29	20	20	11	11	15	15	50	50	25	25	17	17	54	54	7275	7275	6858	6858	22320	22320	14965	14965	215	215	201	201
IND00172	1260	1260	999	999	128	128	470	470	3210	3210	7935	7935	747	747	205	205	121	121	171	171	345	345	16017	16017	657	657	1742	1742	352	352	336	336	246	246	749	749	205	205	359	359	4522	4522	4965	4965	99	99	117	117	29	29	58	58	169	169	167	167	12954	12954	14612	14612	2632	2632	3334	3334	43327	43327	65184	65184	1345	1345	5620	5620	158	158	95	95	5300	5300	2617	2617	3797	3797	587	587	4	4	164	164	917	917	735	735	5	5	83	83	335	335	181	181	164	164	724	724	38	38	90	90	911	911	762	762	1701	1701	1945	1945	15449	15449	10086	10086	417	417	223	223	15475	15475	15326	15326	75	75	17	17	30	30	55	55	243	243	71	71	242	242	190	190	118	118	917	917	79	79	5	5	540	540	377	377	4006	4006	2430	2430	23	23	123	123	4	4	35	35	1851	1851	857	857	3	3	12	12	3	3	14	14	94	94	90	90	60	60	57	57	3399	3399	5310	5310	22604	22604	49	49	48	48	251	251
IND00173	1066	1066	1421	1421	155	155	277	277	4911	4911	4094	4094	501	501	753	753	48	48	37	37	14208	14208	8687	8687	1077	1077	612	612	388	388	362	362	8190	8190	3408	3408	702	702	732	732	2220	2220	1304	1304	810	810	102	102	35	35	29	29	84	84	140	140	10009	10009	6960	6960	3662	3662	2595	2595	58968	58968	53228	53228	132	132	6955	6955	152	152	190	190	5365	5365	4754	4754	2287	2287	2148	2148	182	182	106	106	540	540	403	403	73	73	21	21	276	276	247	247	509	509	34	34	252	252	180	180	111	111	934	934	561	561	950	950	9995	9995	15029	15029	157	157	150	150	13972	13972	437	437	66	66	46	46	36	36	126	126	217	217	160	160	213	213	66	66	1015	1015	186	186	26	26	114	114	578	578	3588	3588	1702	1702	3886	3886	17	17	68	68	29	29	25	25	2286	2286	7235	7235	4	4	31	31	2	2	14	14	71	71	26	26	43	43	2	2	1712	1712	1603	1603	26844	26844	4383	4383	79	79	135	135
IND00174	1659	1659	542	542	61	61	509	509	1242	1242	3254	3254	126	126	280	280	157	157	22	22	10352	10352	12469	12469	1256	1256	441	441	25	25	133	133	3875	3875	2780	2780	784	784	104	104	348	348	2010	2010	388	388	796	796	20	20	60	60	196	196	175	175	8051	8051	13384	13384	3712	3712	1224	1224	5649	5649	46161	46161	6785	6785	627	627	135	135	19	19	7923	7923	2265	2265	2181	2181	1456	1456	76	76	20	20	428	428	655	655	94	94	52	52	199	199	180	180	52	52	530	530	211	211	80	80	859	859	175	175	412	412	206	206	2092	2092	10933	10933	311	311	68	68	8337	8337	2334	2334	8	8	8	8	24	24	6	6	79	79	108	108	84	84	107	107	341	341	330	330	51	51	125	125	4022	4022	2274	2274	1236	1236	1893	1893	112	112	103	103	23	23	18	18	7300	7300	7212	7212	6	6	12	12	4	4	10	10	57	57	96	96	55	55	32	32	783	783	2087	2087	12748	12748	30137	30137	11	11	153	153
IND00175	384	384	132	132	307	307	1	1	6100	6100	92	92	235	235	685	685	59	59	180	180	6365	6365	15811	15811	1007	1007	1361	1361	31	31	500	500	598	598	3397	3397	226	226	121	121	6060	6060	2020	2020	525	525	774	774	46	46	37	37	250	250	244	244	6605	6605	9905	9905	3982	3982	3046	3046	38793	38793	38944	38944	3370	3370	3252	3252	97	97	101	101	279	279	645	645	4047	4047	1091	1091	226	226	201	201	649	649	636	636	82	82	30	30	356	356	412	412	538	538	839	839	187	187	30	30	904	904	557	557	1308	1308	170	170	13072	13072	14739	14739	13	13	122	122	13086	13086	738	738	13	13	47	47	91	91	98	98	45	45	146	146	89	89	116	116	231	231	886	886	27	27	78	78	2295	2295	1059	1059	3295	3295	1280	1280	18	18	27	27	53	53	32	32	5638	5638	4965	4965	23	23	5	5	2	2	14	14	23	23	13	13	24	24	60	60	4631	4631	988	988	30980	30980	12149	12149	21	21	91	91
IND00176	1923	1923	557	557	32	32	399	399	1602	1602	2679	2679	159	159	973	973	227	227	108	108	12195	12195	16164	16164	975	975	1470	1470	115	115	108	108	521	521	6136	6136	556	556	786	786	6346	6346	2343	2343	890	890	716	716	16	16	49	49	227	227	164	164	11941	11941	14684	14684	760	760	164	164	41922	41922	10813	10813	6305	6305	5909	5909	10	10	161	161	6096	6096	7201	7201	638	638	3510	3510	295	295	115	115	363	363	950	950	11	11	86	86	320	320	455	455	51	51	154	154	19	19	146	146	969	969	612	612	1633	1633	609	609	12974	12974	16344	16344	95	95	354	354	2033	2033	5108	5108	116	116	41	41	154	154	236	236	216	216	12	12	199	199	123	123	236	236	310	310	15	15	67	67	3821	3821	4006	4006	2774	2774	3304	3304	60	60	83	83	46	46	25	25	7040	7040	6621	6621	32	32	19	19	14	14	2	2	10	10	48	48	28	28	14	14	969	969	1358	1358	9396	9396	32098	32098	71	71	56	56
IND00177	280	280	1962	1962	461	461	402	402	3538	3538	1285	1285	221	221	747	747	246	246	43	43	4854	4854	15775	15775	677	677	392	392	458	458	249	249	5081	5081	1062	1062	537	537	855	855	4984	4984	3136	3136	792	792	309	309	14	14	39	39	249	249	136	136	4280	4280	6160	6160	603	603	2865	2865	45458	45458	62065	62065	192	192	2935	2935	228	228	164	164	5175	5175	2898	2898	2160	2160	1333	1333	209	209	108	108	1010	1010	202	202	82	82	4	4	356	356	25	25	244	244	36	36	190	190	100	100	981	981	1023	1023	163	163	208	208	5865	5865	8125	8125	154	154	73	73	4846	4846	12473	12473	126	126	81	81	143	143	79	79	84	84	175	175	14	14	39	39	1002	1002	420	420	54	54	9	9	3939	3939	1019	1019	1233	1233	3089	3089	24	24	70	70	43	43	63	63	262	262	3774	3774	2	2	14	14	2	2	10	10	113	113	79	79	58	58	19	19	2513	2513	4781	4781	18796	18796	8561	8561	178	178	7	7
IND00178	1683	1683	1751	1751	218	218	510	510	6376	6376	4802	4802	376	376	708	708	164	164	42	42	10759	10759	12624	12624	1688	1688	50	50	470	470	222	222	3944	3944	377	377	692	692	327	327	7439	7439	5505	5505	197	197	363	363	25	25	6	6	23	23	61	61	4055	4055	16132	16132	1801	1801	2091	2091	54950	54950	17665	17665	4690	4690	5715	5715	54	54	51	51	6721	6721	4426	4426	21	21	2218	2218	425	425	261	261	930	930	595	595	110	110	112	112	449	449	293	293	768	768	655	655	36	36	210	210	118	118	295	295	959	959	1351	1351	11692	11692	1905	1905	445	445	206	206	4448	4448	6352	6352	63	63	124	124	52	52	249	249	240	240	159	159	220	220	240	240	459	459	860	860	10	10	113	113	302	302	447	447	3413	3413	2332	2332	111	111	88	88	14	14	34	34	248	248	4750	4750	7	7	32	32	16	16	10	10	110	110	121	121	14	14	4	4	139	139	5905	5905	676	676	28894	28894	216	216	196	196
IND00179	1658	1658	1091	1091	165	165	470	470	7809	7809	3267	3267	664	664	993	993	140	140	176	176	15525	15525	5652	5652	1931	1931	655	655	109	109	219	219	2096	2096	4957	4957	35	35	36	36	7608	7608	5905	5905	731	731	813	813	54	54	27	27	79	79	197	197	10494	10494	9099	9099	3402	3402	1210	1210	48566	48566	34617	34617	6356	6356	3089	3089	16	16	227	227	6367	6367	523	523	3615	3615	461	461	509	509	281	281	419	419	1003	1003	22	22	6	6	71	71	273	273	846	846	836	836	131	131	171	171	21	21	129	129	1789	1789	1045	1045	1092	1092	14474	14474	461	461	499	499	6145	6145	10714	10714	5	5	25	25	168	168	234	234	106	106	159	159	88	88	148	148	890	890	837	837	45	45	66	66	1173	1173	981	981	135	135	3534	3534	76	76	61	61	37	37	50	50	1321	1321	375	375	18	18	4	4	14	14	7	7	128	128	128	128	31	31	29	29	2795	2795	167	167	26684	26684	10035	10035	146	146	208	208
IND00180	1903	1903	1941	1941	442	442	385	385	6380	6380	6616	6616	489	489	760	760	26	26	53	53	501	501	13638	13638	396	396	1462	1462	378	378	132	132	264	264	5687	5687	735	735	452	452	4129	4129	7985	7985	1010	1010	202	202	51	51	39	39	106	106	180	180	9079	9079	15299	15299	4038	4038	2579	2579	56456	56456	61975	61975	7994	7994	5652	5652	104	104	77	77	469	469	3713	3713	662	662	3042	3042	223	223	510	510	350	350	755	755	82	82	23	23	402	402	41	41	834	834	47	47	185	185	59	59	801	801	983	983	1666	1666	1943	1943	14889	14889	10142	10142	356	356	225	225	12119	12119	16223	16223	71	71	118	118	66	66	104	104	85	85	168	168	159	159	198	198	368	368	723	723	51	51	11	11	1208	1208	2365	2365	3124	3124	501	501	71	71	61	61	51	51	40	40	5475	5475	6905	6905	13	13	21	21	1	1	9	9	48	48	64	64	16	16	51	51	3156	3156	2604	2604	13901	13901	12778	12778	244	244	212	212
IND00181	1715	1715	1595	1595	290	290	198	198	4780	4780	6097	6097	257	257	1024	1024	246	246	122	122	13467	13467	5750	5750	1454	1454	1709	1709	224	224	303	303	947	947	6672	6672	757	757	508	508	5759	5759	736	736	809	809	127	127	18	18	28	28	202	202	207	207	13272	13272	486	486	255	255	2	2	46766	46766	51502	51502	6590	6590	7848	7848	19	19	126	126	7451	7451	1905	1905	2554	2554	1472	1472	508	508	409	409	1007	1007	461	461	48	48	83	83	96	96	119	119	558	558	677	677	43	43	83	83	673	673	216	216	396	396	1318	1318	9051	9051	1197	1197	64	64	25	25	7883	7883	979	979	24	24	16	16	104	104	219	219	114	114	24	24	225	225	254	254	326	326	457	457	48	48	19	19	2113	2113	3294	3294	1206	1206	363	363	15	15	22	22	55	55	43	43	7712	7712	4093	4093	31	31	3	3	11	11	6	6	43	43	99	99	20	20	32	32	1174	1174	3360	3360	11937	11937	23202	23202	245	245	7	7
IND00182	1986	1986	1635	1635	481	481	238	238	6204	6204	6464	6464	496	496	621	621	143	143	136	136	13749	13749	7161	7161	1700	1700	939	939	344	344	14	14	1248	1248	7393	7393	457	457	76	76	808	808	2009	2009	634	634	98	98	40	40	16	16	20	20	187	187	12638	12638	7306	7306	3103	3103	2569	2569	57589	57589	50056	50056	1874	1874	2326	2326	24	24	180	180	402	402	7765	7765	3238	3238	249	249	400	400	4	4	220	220	145	145	19	19	85	85	2	2	432	432	836	836	200	200	143	143	67	67	173	173	513	513	475	475	21	21	8276	8276	14829	14829	127	127	250	250	2441	2441	1371	1371	67	67	79	79	4	4	212	212	189	189	154	154	76	76	186	186	1000	1000	318	318	78	78	84	84	3450	3450	3895	3895	2401	2401	406	406	118	118	112	112	61	61	57	57	1873	1873	5649	5649	17	17	14	14	4	4	12	12	91	91	1	1	43	43	1	1	1544	1544	4271	4271	28756	28756	1081	1081	253	253	162	162
IND00183	278	278	1223	1223	475	475	411	411	6836	6836	5558	5558	468	468	262	262	58	58	53	53	9520	9520	7033	7033	1915	1915	1750	1750	383	383	186	186	1504	1504	3760	3760	108	108	849	849	6517	6517	6809	6809	704	704	717	717	34	34	54	54	33	33	200	200	2654	2654	7902	7902	2070	2070	67	67	20400	20400	39290	39290	5862	5862	619	619	166	166	5	5	5459	5459	5612	5612	117	117	1730	1730	405	405	354	354	118	118	846	846	126	126	23	23	158	158	186	186	434	434	332	332	209	209	243	243	62	62	301	301	428	428	502	502	13322	13322	1738	1738	171	171	456	456	1420	1420	5597	5597	121	121	70	70	95	95	224	224	226	226	55	55	154	154	166	166	418	418	927	927	31	31	98	98	3209	3209	3778	3778	3434	3434	1273	1273	122	122	101	101	29	29	14	14	2343	2343	593	593	9	9	1	1	8	8	10	10	38	38	63	63	58	58	52	52	4200	4200	3420	3420	11743	11743	1686	1686	74	74	46	46
IND00184	929	929	1057	1057	277	277	136	136	7173	7173	4704	4704	946	946	73	73	32	32	103	103	9210	9210	1411	1411	785	785	1432	1432	298	298	304	304	7506	7506	947	947	506	506	296	296	6576	6576	4454	4454	51	51	933	933	2	2	18	18	108	108	232	232	10699	10699	6644	6644	2483	2483	2856	2856	53516	53516	24297	24297	4523	4523	7403	7403	190	190	232	232	4350	4350	8111	8111	1855	1855	1128	1128	341	341	252	252	749	749	383	383	58	58	124	124	110	110	272	272	646	646	353	353	196	196	157	157	254	254	779	779	1490	1490	1879	1879	9978	9978	7926	7926	173	173	383	383	2216	2216	565	565	70	70	103	103	115	115	102	102	92	92	225	225	70	70	25	25	73	73	384	384	83	83	50	50	3387	3387	1739	1739	2347	2347	1073	1073	19	19	123	123	61	61	43	43	995	995	2752	2752	17	17	15	15	15	15	4	4	33	33	80	80	63	63	51	51	766	766	5479	5479	26881	26881	10517	10517	21	21	80	80
IND00185	74	74	876	876	451	451	345	345	1223	1223	4292	4292	278	278	265	265	200	200	67	67	15149	15149	15484	15484	1565	1565	653	653	448	448	341	341	5620	5620	863	863	1007	1007	747	747	3588	3588	5369	5369	408	408	967	967	10	10	54	54	173	173	220	220	16008	16008	2958	2958	3024	3024	81	81	5843	5843	48875	48875	3529	3529	1252	1252	208	208	127	127	3379	3379	225	225	3949	3949	480	480	192	192	268	268	249	249	887	887	109	109	107	107	286	286	201	201	339	339	516	516	166	166	85	85	495	495	172	172	1620	1620	1050	1050	4984	4984	6722	6722	51	51	508	508	10994	10994	8622	8622	112	112	14	14	102	102	175	175	18	18	142	142	16	16	107	107	597	597	502	502	110	110	7	7	229	229	133	133	3335	3335	3767	3767	54	54	99	99	54	54	32	32	3844	3844	648	648	1	1	29	29	16	16	10	10	72	72	113	113	39	39	11	11	3551	3551	2154	2154	26260	26260	23560	23560	101	101	243	243
IND00186	1985	1985	1727	1727	380	380	4	4	6072	6072	6573	6573	465	465	606	606	109	109	192	192	3797	3797	6783	6783	687	687	1817	1817	433	433	127	127	1168	1168	5752	5752	90	90	486	486	5854	5854	1741	1741	598	598	1010	1010	56	56	50	50	181	181	7	7	2479	2479	8281	8281	577	577	834	834	18502	18502	59323	59323	7431	7431	5138	5138	19	19	197	197	3326	3326	2343	2343	859	859	1217	1217	243	243	316	316	227	227	595	595	83	83	49	49	294	294	112	112	731	731	69	69	116	116	188	188	550	550	361	361	333	333	4	4	14955	14955	11546	11546	452	452	304	304	6269	6269	15945	15945	55	55	51	51	97	97	252	252	112	112	157	157	121	121	170	170	495	495	921	921	57	57	74	74	538	538	473	473	970	970	621	621	95	95	123	123	2	2	45	45	7837	7837	1257	1257	7	7	13	13	12	12	6	6	22	22	77	77	10	10	17	17	2679	2679	3552	3552	16533	16533	1698	1698	139	139	246	246
IND00187	443	443	1779	1779	101	101	59	59	2892	2892	1512	1512	584	584	431	431	113	113	55	55	11069	11069	14136	14136	1389	1389	1782	1782	125	125	9	9	6149	6149	5824	5824	228	228	583	583	6846	6846	272	272	100	100	464	464	17	17	46	46	214	214	69	69	3426	3426	9650	9650	1931	1931	1618	1618	8996	8996	65110	65110	7031	7031	5964	5964	8	8	91	91	547	547	2028	2028	3674	3674	1809	1809	416	416	462	462	139	139	639	639	114	114	110	110	449	449	99	99	1	1	554	554	176	176	129	129	472	472	550	550	1082	1082	1209	1209	13338	13338	1499	1499	77	77	283	283	1470	1470	12910	12910	95	95	29	29	233	233	55	55	116	116	208	208	205	205	223	223	792	792	594	594	23	23	93	93	2072	2072	1812	1812	2926	2926	1271	1271	114	114	105	105	58	58	51	51	7650	7650	2871	2871	24	24	4	4	12	12	1	1	112	112	37	37	45	45	44	44	3578	3578	6975	6975	4713	4713	2561	2561	224	224	50	50
IND00188	756	756	239	239	36	36	193	193	1925	1925	7077	7077	140	140	535	535	182	182	256	256	8295	8295	4842	4842	1333	1333	112	112	274	274	170	170	4974	4974	99	99	396	396	717	717	3294	3294	2565	2565	630	630	868	868	16	16	2	2	192	192	70	70	373	373	4470	4470	3706	3706	1870	1870	60621	60621	7775	7775	3030	3030	4266	4266	189	189	127	127	4801	4801	4607	4607	770	770	1542	1542	260	260	188	188	543	543	730	730	64	64	102	102	383	383	354	354	743	743	937	937	37	37	154	154	122	122	182	182	1277	1277	599	599	14947	14947	11613	11613	507	507	117	117	8643	8643	1657	1657	43	43	5	5	77	77	95	95	252	252	170	170	39	39	193	193	338	338	179	179	17	17	49	49	2097	2097	2206	2206	1917	1917	3475	3475	82	82	102	102	38	38	7	7	1011	1011	2556	2556	4	4	3	3	7	7	2	2	117	117	20	20	58	58	30	30	7355	7355	1212	1212	8685	8685	15711	15711	181	181	111	111
IND00189	726	726	1226	1226	232	232	390	390	6680	6680	957	957	449	449	172	172	215	215	249	249	1267	1267	2663	2663	1192	1192	80	80	163	163	26	26	101	101	2420	2420	419	419	130	130	5507	5507	3408	3408	475	475	587	587	23	23	26	26	252	252	31	31	14480	14480	11728	11728	841	841	2440	2440	33263	33263	53211	53211	6733	6733	1102	1102	201	201	176	176	3236	3236	824	824	2508	2508	3223	3223	38	38	181	181	33	33	634	634	46	46	66	66	494	494	186	186	607	607	774	774	94	94	230	230	853	853	424	424	880	880	717	717	10149	10149	13818	13818	450	450	290	290	12675	12675	15797	15797	124	124	45	45	248	248	15	15	7	7	164	164	247	247	80	80	840	840	819	819	83	83	24	24	2162	2162	2805	2805	2583	2583	3904	3904	1	1	64	64	33	33	26	26	2007	2007	7314	7314	7	7	3	3	9	9	9	9	86	86	28	28	22	22	42	42	3329	3329	1306	1306	29012	29012	31087	31087	160	160	36	36
IND00190	1675	1675	1196	1196	355	355	404	404	5066	5066	7291	7291	793	793	102	102	38	38	224	224	5336	5336	8251	8251	1332	1332	967	967	272	272	344	344	6597	6597	3689	3689	860	860	467	467	4669	4669	1614	1614	657	657	622	622	41	41	61	61	28	28	133	133	7379	7379	15001	15001	3658	3658	2492	2492	51468	51468	6051	6051	5782	5782	5012	5012	30	30	13	13	3209	3209	612	612	3004	3004	1154	1154	238	238	358	358	554	554	764	764	9	9	88	88	216	216	19	19	482	482	680	680	92	92	242	242	906	906	980	980	478	478	94	94	10557	10557	13835	13835	492	492	504	504	6276	6276	5429	5429	70	70	3	3	173	173	104	104	129	129	29	29	81	81	101	101	1021	1021	914	914	73	73	2	2	2311	2311	926	926	329	329	244	244	106	106	125	125	17	17	47	47	4153	4153	7690	7690	32	32	12	12	7	7	10	10	29	29	43	43	49	49	13	13	5136	5136	1899	1899	1915	1915	29373	29373	187	187	97	97
IND00191	1014	1014	1528	1528	58	58	12	12	1696	1696	3875	3875	317	317	585	585	192	192	67	67	13417	13417	9176	9176	1393	1393	1288	1288	79	79	397	397	6099	6099	4422	4422	632	632	527	527	3021	3021	572	572	387	387	641	641	24	24	37	37	128	128	145	145	6480	6480	7554	7554	8	8	917	917	20805	20805	3358	3358	791	791	6882	6882	85	85	61	61	8153	8153	3477	3477	3419	3419	32	32	99	99	188	188	872	872	415	415	39	39	70	70	266	266	262	262	127	127	812	812	18	18	45	45	62	62	790	790	280	280	1567	1567	8798	8798	4842	4842	17	17	352	352	14988	14988	199	199	107	107	77	77	23	23	231	231	40	40	205	205	141	141	56	56	367	367	220	220	113	113	44	44	236	236	2506	2506	2100	2100	3064	3064	71	71	58	58	45	45	27	27	7515	7515	6618	6618	5	5	19	19	9	9	8	8	2	2	48	48	61	61	34	34	2819	2819	3016	3016	9791	9791	19337	19337	216	216	68	68
IND00192	539	539	365	365	33	33	433	433	4263	4263	4234	4234	59	59	91	91	37	37	35	35	14550	14550	12903	12903	365	365	868	868	129	129	254	254	4034	4034	5027	5027	771	771	894	894	7270	7270	656	656	35	35	108	108	14	14	53	53	92	92	151	151	15326	15326	15015	15015	3355	3355	1471	1471	55405	55405	28132	28132	2225	2225	3723	3723	127	127	206	206	7831	7831	5905	5905	640	640	920	920	491	491	176	176	151	151	802	802	68	68	12	12	24	24	494	494	318	318	727	727	8	8	90	90	993	993	507	507	966	966	1148	1148	8233	8233	12405	12405	281	281	293	293	6363	6363	4395	4395	68	68	3	3	64	64	251	251	115	115	157	157	150	150	222	222	296	296	313	313	61	61	37	37	2937	2937	3437	3437	3583	3583	528	528	2	2	15	15	28	28	28	28	4026	4026	3833	3833	1	1	28	28	6	6	11	11	86	86	11	11	16	16	53	53	2836	2836	4575	4575	218	218	2594	2594	47	47	234	234
IND00193	563	563	1219	1219	11	11	37	37	1324	1324	6877	6877	491	491	224	224	213	213	213	213	8745	8745	7672	7672	867	867	1289	1289	272	272	438	438	289	289	5049	5049	873	873	678	678	4310	4310	3070	3070	75	75	619	619	43	43	56	56	155	155	73	73	15810	15810	1977	1977	1870	1870	2116	2116	49827	49827	48570	48570	5655	5655	1333	1333	16	16	199	199	253	253	5230	5230	2733	2733	3750	3750	287	287	347	347	236	236	916	916	118	118	114	114	128	128	4	4	578	578	113	113	42	42	174	174	157	157	601	601	1360	1360	1238	1238	1416	1416	4283	4283	31	31	416	416	11648	11648	12964	12964	110	110	68	68	184	184	176	176	125	125	255	255	69	69	204	204	920	920	467	467	4	4	96	96	3931	3931	3598	3598	2378	2378	913	913	26	26	118	118	36	36	22	22	5345	5345	669	669	25	25	13	13	2	2	9	9	116	116	19	19	27	27	27	27	4675	4675	6981	6981	2323	2323	30919	30919	176	176	252	252
IND00194	979	979	731	731	408	408	450	450	3314	3314	6869	6869	290	290	292	292	49	49	38	38	2837	2837	2790	2790	1000	1000	1534	1534	44	44	169	169	1148	1148	4745	4745	220	220	60	60	373	373	5941	5941	160	160	436	436	11	11	8	8	231	231	136	136	11226	11226	8765	8765	2977	2977	3978	3978	30103	30103	15770	15770	2780	2780	8182	8182	143	143	39	39	3019	3019	2017	2017	3352	3352	2947	2947	308	308	392	392	599	599	965	965	10	10	10	10	245	245	323	323	593	593	46	46	151	151	193	193	800	800	480	480	64	64	1909	1909	15732	15732	4774	4774	247	247	249	249	5913	5913	4609	4609	59	59	103	103	136	136	45	45	242	242	24	24	230	230	79	79	67	67	204	204	13	13	93	93	355	355	3805	3805	3982	3982	353	353	17	17	121	121	40	40	40	40	3079	3079	3771	3771	9	9	9	9	16	16	8	8	48	48	111	111	30	30	64	64	1498	1498	2669	2669	15354	15354	7273	7273	53	53	81	81
IND00195	970	970	733	733	68	68	317	317	1184	1184	4214	4214	184	184	875	875	168	168	245	245	11370	11370	1319	1319	1174	1174	441	441	415	415	437	437	7484	7484	391	391	311	311	950	950	4574	4574	4254	4254	760	760	924	924	34	34	39	39	221	221	101	101	11002	11002	11221	11221	1542	1542	2658	2658	23663	23663	19921	19921	4934	4934	3923	3923	139	139	142	142	2841	2841	1358	1358	3628	3628	659	659	467	467	507	507	4	4	645	645	25	25	73	73	428	428	24	24	662	662	736	736	56	56	72	72	341	341	495	495	2019	2019	358	358	16242	16242	7867	7867	245	245	101	101	5247	5247	1742	1742	50	50	38	38	183	183	143	143	69	69	52	52	214	214	106	106	981	981	619	619	120	120	27	27	308	308	1213	1213	2864	2864	432	432	12	12	128	128	56	56	63	63	5143	5143	5884	5884	31	31	20	20	10	10	5	5	2	2	78	78	60	60	26	26	6420	6420	3453	3453	14711	14711	16778	16778	123	123	121	121
IND00196	1092	1092	665	665	82	82	329	329	5808	5808	4053	4053	21	21	432	432	150	150	117	117	7961	7961	16058	16058	1032	1032	1662	1662	330	330	500	500	615	615	2418	2418	897	897	864	864	7644	7644	3794	3794	922	922	876	876	64	64	35	35	171	171	202	202	2066	2066	13663	13663	2721	2721	3560	3560	11325	11325	42963	42963	1310	1310	5271	5271	49	49	74	74	1004	1004	4286	4286	3625	3625	1806	1806	311	311	118	118	269	269	107	107	108	108	66	66	276	276	380	380	647	647	98	98	116	116	96	96	1000	1000	809	809	1870	1870	1997	1997	8480	8480	7745	7745	325	325	314	314	2543	2543	7393	7393	127	127	25	25	30	30	199	199	105	105	255	255	130	130	90	90	207	207	600	600	58	58	67	67	2339	2339	3648	3648	2768	2768	3874	3874	27	27	82	82	46	46	52	52	2446	2446	7583	7583	18	18	31	31	12	12	14	14	110	110	23	23	26	26	8	8	1347	1347	1065	1065	5150	5150	19487	19487	181	181	12	12
IND00197	909	909	641	641	284	284	204	204	2501	2501	3409	3409	976	976	684	684	72	72	192	192	5844	5844	15626	15626	453	453	341	341	472	472	179	179	5573	5573	4244	4244	465	465	627	627	6408	6408	3577	3577	183	183	787	787	10	10	17	17	28	28	197	197	13913	13913	3386	3386	1471	1471	2323	2323	4371	4371	29674	29674	5069	5069	3333	3333	29	29	43	43	5705	5705	3696	3696	1384	1384	2888	2888	129	129	96	96	668	668	885	885	79	79	77	77	354	354	347	347	376	376	675	675	72	72	10	10	496	496	1018	1018	207	207	1094	1094	10042	10042	8917	8917	137	137	431	431	8070	8070	2736	2736	125	125	18	18	153	153	87	87	19	19	174	174	209	209	110	110	779	779	57	57	9	9	111	111	1443	1443	444	444	1435	1435	2514	2514	24	24	89	89	21	21	14	14	3170	3170	1247	1247	19	19	31	31	15	15	7	7	105	105	120	120	15	15	23	23	859	859	1874	1874	30279	30279	140	140	4	4	189	189
IND00198	215	215	1717	1717	202	202	447	447	4371	4371	5192	5192	671	671	765	765	36	36	53	53	6708	6708	15495	15495	538	538	1124	1124	367	367	231	231	5600	5600	3152	3152	897	897	885	885	609	609	2252	2252	596	596	272	272	40	40	50	50	149	149	134	134	4583	4583	15288	15288	1881	1881	4057	4057	58920	58920	10129	10129	5295	5295	4577	4577	190	190	193	193	3507	3507	3754	3754	1961	1961	3567	3567	40	40	247	247	460	460	731	731	2	2	23	23	484	484	341	341	390	390	787	787	166	166	218	218	424	424	254	254	2047	2047	1466	1466	10154	10154	12681	12681	133	133	54	54	13692	13692	8904	8904	59	59	5	5	232	232	189	189	83	83	162	162	44	44	10	10	509	509	869	869	6	6	119	119	3814	3814	3295	3295	2882	2882	2546	2546	55	55	82	82	39	39	16	16	2856	2856	1563	1563	31	31	27	27	16	16	7	7	121	121	69	69	40	40	44	44	6984	6984	2188	2188	2404	2404	18314	18314	243	243	143	143
IND00199	871	871	33	33	507	507	405	405	7318	7318	4240	4240	697	697	654	654	125	125	90	90	10626	10626	11945	11945	835	835	1674	1674	172	172	16	16	5548	5548	69	69	346	346	338	338	1627	1627	5894	5894	313	313	310	310	9	9	18	18	254	254	125	125	1211	1211	2957	2957	53	53	3639	3639	34919	34919	57530	57530	7560	7560	4583	4583	110	110	29	29	939	939	2710	2710	2754	2754	2416	2416	320	320	36	36	151	151	985	985	88	88	68	68	312	312	324	324	248	248	889	889	54	54	30	30	289	289	856	856	287	287	1310	1310	4924	4924	472	472	444	444	299	299	7505	7505	1233	1233	109	109	32	32	94	94	100	100	7	7	111	111	249	249	64	64	330	330	281	281	28	28	126	126	3854	3854	1962	1962	234	234	3821	3821	47	47	42	42	16	16	41	41	4512	4512	2256	2256	10	10	4	4	16	16	9	9	94	94	22	22	35	35	32	32	1370	1370	5365	5365	23769	23769	6095	6095	208	208	143	143
IND00200	1284	1284	259	259	108	108	357	357	5576	5576	5180	5180	629	629	690	690	96	96	1	1	4708	4708	3062	3062	2028	2028	1148	1148	349	349	416	416	7702	7702	6312	6312	51	51	702	702	2374	2374	4245	4245	598	598	206	206	42	42	55	55	205	205	19	19	11651	11651	13417	13417	971	971	224	224	51244	51244	26026	26026	7308	7308	5361	5361	160	160	206	206	1724	1724	4398	4398	3914	3914	2275	2275	51	51	304	304	482	482	805	805	45	45	49	49	499	499	168	168	630	630	555	555	168	168	1	1	821	821	132	132	1628	1628	690	690	15414	15414	5521	5521	175	175	451	451	10014	10014	2150	2150	80	80	102	102	17	17	130	130	3	3	47	47	95	95	60	60	570	570	626	626	10	10	38	38	2562	2562	508	508	3144	3144	3765	3765	110	110	69	69	23	23	11	11	4175	4175	4915	4915	22	22	6	6	12	12	9	9	58	58	100	100	48	48	48	48	7354	7354	7606	7606	2493	2493	19696	19696	65	65	177	177
IND00201	1723	1723	152	152	453	453	269	269	7136	7136	1205	1205	125	125	375	375	75	75	18	18	14312	14312	13245	13245	397	397	746	746	124	124	389	389	5191	5191	341	341	912	912	1002	1002	1620	1620	2779	2779	367	367	334	334	1	1	10	10	184	184	138	138	13924	13924	3917	3917	184	184	3957	3957	64527	64527	48327	48327	5698	5698	8054	8054	213	213	218	218	3391	3391	4786	4786	2513	2513	77	77	98	98	144	144	319	319	848	848	39	39	17	17	113	113	2	2	972	972	765	765	205	205	135	135	378	378	216	216	372	372	925	925	11151	11151	8854	8854	342	342	149	149	776	776	11599	11599	82	82	25	25	21	21	132	132	81	81	183	183	165	165	61	61	280	280	489	489	125	125	9	9	3135	3135	2091	2091	2240	2240	2347	2347	32	32	44	44	55	55	2	2	4672	4672	5531	5531	5	5	27	27	11	11	4	4	102	102	54	54	54	54	39	39	7478	7478	4505	4505	28666	28666	13306	13306	100	100	18	18
IND00202	533	533	364	364	395	395	251	251	5556	5556	2377	2377	417	417	996	996	29	29	254	254	15413	15413	9827	9827	1483	1483	1212	1212	472	472	182	182	6306	6306	318	318	157	157	240	240	4101	4101	3825	3825	936	936	653	653	47	47	23	23	75	75	155	155	12250	12250	11262	11262	149	149	2993	2993	42487	42487	29298	29298	5474	5474	4403	4403	116	116	26	26	952	952	3489	3489	1638	1638	3701	3701	177	177	45	45	992	992	886	886	34	34	2	2	124	124	382	382	951	951	370	370	153	153	239	239	168	168	969	969	1341	1341	1322	1322	4269	4269	15919	15919	150	150	85	85	3880	3880	3262	3262	84	84	90	90	5	5	153	153	186	186	187	187	181	181	63	63	294	294	704	704	104	104	61	61	1336	1336	360	360	61	61	2203	2203	81	81	61	61	30	30	2	2	6707	6707	8082	8082	22	22	29	29	8	8	5	5	34	34	97	97	26	26	46	46	6651	6651	3724	3724	7451	7451	32573	32573	9	9	35	35
IND00203	242	242	1116	1116	381	381	219	219	7966	7966	7699	7699	308	308	11	11	197	197	251	251	5807	5807	6489	6489	1529	1529	145	145	193	193	512	512	2084	2084	5913	5913	126	126	892	892	2392	2392	7496	7496	730	730	334	334	41	41	11	11	78	78	173	173	10337	10337	2290	2290	2867	2867	4090	4090	51652	51652	39612	39612	3050	3050	7561	7561	137	137	150	150	4410	4410	3077	3077	3833	3833	962	962	363	363	273	273	536	536	53	53	89	89	97	97	85	85	372	372	1008	1008	250	250	99	99	90	90	586	586	662	662	766	766	1326	1326	588	588	7652	7652	397	397	278	278	5878	5878	6161	6161	118	118	102	102	140	140	173	173	243	243	194	194	133	133	68	68	439	439	334	334	127	127	34	34	3119	3119	759	759	198	198	1309	1309	9	9	56	56	64	64	9	9	2931	2931	6999	6999	8	8	16	16	11	11	15	15	31	31	89	89	53	53	17	17	4284	4284	503	503	25752	25752	700	700	29	29	225	225
IND00204	1230	1230	1419	1419	369	369	85	85	3248	3248	2537	2537	549	549	946	946	237	237	210	210	15692	15692	9817	9817	1909	1909	948	948	411	411	404	404	1670	1670	5969	5969	170	170	345	345	5941	5941	7246	7246	529	529	854	854	19	19	13	13	146	146	130	130	2758	2758	3919	3919	1535	1535	853	853	10122	10122	65158	65158	6106	6106	7064	7064	114	114	17	17	5878	5878	642	642	3768	3768	719	719	290	290	179	179	596	596	834	834	81	81	81	81	137	137	7	7	47	47	13	13	71	71	154	154	776	776	626	626	1407	1407	397	397	4454	4454	4114	4114	151	151	108	108	5519	5519	10017	10017	40	40	112	112	188	188	74	74	249	249	120	120	108	108	230	230	897	897	622	622	76	76	46	46	3782	3782	4041	4041	3965	3965	3450	3450	79	79	86	86	62	62	29	29	6636	6636	860	860	9	9	6	6	14	14	3	3	83	83	73	73	22	22	38	38	4373	4373	2409	2409	24415	24415	23534	23534	74	74	172	172
IND00205	1816	1816	1953	1953	482	482	207	207	6668	6668	111	111	493	493	502	502	115	115	135	135	14037	14037	6962	6962	83	83	1095	1095	277	277	221	221	5895	5895	1201	1201	655	655	249	249	3955	3955	3230	3230	46	46	657	657	9	9	17	17	16	16	185	185	4564	4564	5281	5281	3725	3725	3429	3429	30018	30018	54047	54047	1618	1618	1570	1570	40	40	174	174	919	919	250	250	1742	1742	2342	2342	213	213	290	290	300	300	413	413	73	73	108	108	21	21	139	139	233	233	168	168	207	207	3	3	207	207	1013	1013	1489	1489	1188	1188	1004	1004	3176	3176	108	108	310	310	7594	7594	6197	6197	104	104	56	56	74	74	12	12	254	254	234	234	166	166	226	226	960	960	994	994	50	50	74	74	1136	1136	839	839	385	385	2761	2761	39	39	48	48	45	45	10	10	5029	5029	1401	1401	31	31	31	31	5	5	3	3	100	100	49	49	63	63	21	21	4859	4859	6895	6895	28239	28239	15255	15255	214	214	90	90
IND00206	1478	1478	509	509	276	276	187	187	5339	5339	6983	6983	118	118	76	76	41	41	34	34	9984	9984	7562	7562	683	683	219	219	10	10	140	140	3799	3799	6859	6859	715	715	1002	1002	5307	5307	5530	5530	654	654	612	612	24	24	8	8	48	48	185	185	12515	12515	3468	3468	1648	1648	1929	1929	39862	39862	25694	25694	5731	5731	1399	1399	182	182	255	255	1757	1757	1802	1802	529	529	3476	3476	353	353	246	246	32	32	788	788	100	100	65	65	380	380	319	319	157	157	207	207	216	216	91	91	923	923	834	834	215	215	1480	1480	14759	14759	4429	4429	310	310	26	26	15802	15802	1332	1332	96	96	96	96	107	107	148	148	103	103	48	48	246	246	175	175	969	969	743	743	74	74	119	119	806	806	2239	2239	474	474	541	541	104	104	13	13	50	50	6	6	7157	7157	3138	3138	31	31	9	9	7	7	1	1	11	11	76	76	32	32	22	22	6255	6255	6177	6177	15704	15704	24519	24519	121	121	135	135
IND00207	1601	1601	438	438	265	265	160	160	717	717	5724	5724	1013	1013	549	549	113	113	123	123	7188	7188	152	152	513	513	498	498	141	141	289	289	3947	3947	2928	2928	810	810	177	177	626	626	6091	6091	444	444	13	13	7	7	1	1	234	234	14	14	12407	12407	6024	6024	4067	4067	477	477	20543	20543	18915	18915	4175	4175	1882	1882	149	149	213	213	7619	7619	6655	6655	1442	1442	2724	2724	96	96	276	276	667	667	1024	1024	61	61	66	66	36	36	120	120	468	468	93	93	10	10	194	194	633	633	383	383	1762	1762	1979	1979	13213	13213	3293	3293	482	482	279	279	11093	11093	5251	5251	93	93	87	87	53	53	160	160	187	187	131	131	111	111	251	251	31	31	111	111	66	66	6	6	3528	3528	1384	1384	3805	3805	2107	2107	86	86	91	91	30	30	14	14	4344	4344	3442	3442	18	18	18	18	11	11	5	5	60	60	103	103	58	58	19	19	1265	1265	4569	4569	17412	17412	18462	18462	251	251	2	2
IND00208	1549	1549	1325	1325	322	322	403	403	4835	4835	2753	2753	425	425	40	40	216	216	168	168	10447	10447	10254	10254	536	536	463	463	165	165	3	3	4228	4228	845	845	974	974	623	623	2526	2526	1283	1283	716	716	767	767	4	4	31	31	109	109	5	5	13197	13197	15605	15605	37	37	3991	3991	41167	41167	16295	16295	7463	7463	5460	5460	123	123	127	127	2271	2271	2466	2466	2785	2785	2500	2500	428	428	303	303	448	448	313	313	83	83	98	98	363	363	134	134	638	638	410	410	217	217	142	142	298	298	910	910	28	28	1974	1974	4000	4000	14220	14220	263	263	20	20	13555	13555	4919	4919	57	57	48	48	120	120	74	74	193	193	87	87	236	236	139	139	371	371	171	171	16	16	98	98	2348	2348	349	349	2899	2899	2549	2549	15	15	71	71	17	17	52	52	2916	2916	5802	5802	12	12	24	24	7	7	9	9	93	93	15	15	3	3	38	38	4967	4967	2824	2824	14171	14171	23625	23625	127	127	66	66
IND00209	760	760	662	662	333	333	500	500	4854	4854	695	695	776	776	691	691	176	176	76	76	4353	4353	16345	16345	1527	1527	1150	1150	406	406	501	501	8085	8085	814	814	400	400	551	551	4374	4374	6450	6450	568	568	745	745	3	3	21	21	224	224	22	22	9199	9199	11203	11203	1294	1294	952	952	53809	53809	55024	55024	5384	5384	6329	6329	220	220	200	200	1134	1134	2406	2406	496	496	159	159	470	470	380	380	792	792	134	134	17	17	51	51	398	398	478	478	763	763	244	244	235	235	32	32	564	564	325	325	589	589	363	363	8547	8547	9779	9779	456	456	476	476	8255	8255	6201	6201	2	2	14	14	240	240	135	135	49	49	249	249	129	129	154	154	68	68	369	369	14	14	96	96	275	275	2153	2153	558	558	577	577	17	17	78	78	23	23	32	32	5582	5582	1537	1537	3	3	21	21	15	15	8	8	105	105	53	53	41	41	25	25	7130	7130	5050	5050	15194	15194	18436	18436	78	78	27	27
IND00210	350	350	1607	1607	449	449	438	438	6277	6277	6018	6018	810	810	937	937	241	241	43	43	14378	14378	9384	9384	1201	1201	413	413	31	31	491	491	737	737	2880	2880	729	729	947	947	332	332	5425	5425	736	736	655	655	38	38	17	17	133	133	206	206	16277	16277	10808	10808	1754	1754	1156	1156	33802	33802	27617	27617	2023	2023	5031	5031	256	256	89	89	2268	2268	4027	4027	984	984	3374	3374	175	175	412	412	671	671	365	365	64	64	6	6	428	428	239	239	997	997	708	708	78	78	78	78	1005	1005	336	336	883	883	1206	1206	1242	1242	3262	3262	250	250	216	216	16169	16169	6100	6100	48	48	50	50	29	29	176	176	238	238	130	130	167	167	166	166	612	612	85	85	45	45	23	23	762	762	3653	3653	2365	2365	2535	2535	17	17	26	26	40	40	14	14	6841	6841	347	347	27	27	11	11	15	15	5	5	107	107	48	48	59	59	38	38	1046	1046	5698	5698	32561	32561	640	640	33	33	74	74
IND00211	1183	1183	983	983	207	207	171	171	3711	3711	6142	6142	499	499	96	96	199	199	80	80	1945	1945	6262	6262	1567	1567	1906	1906	399	399	491	491	2412	2412	903	903	636	636	816	816	5441	5441	277	277	143	143	219	219	12	12	46	46	108	108	81	81	11891	11891	11509	11509	2060	2060	1068	1068	47223	47223	64308	64308	5412	5412	7736	7736	136	136	222	222	2159	2159	5936	5936	2215	2215	3139	3139	316	316	317	317	376	376	998	998	54	54	101	101	469	469	33	33	920	920	524	524	145	145	225	225	349	349	475	475	471	471	1492	1492	5633	5633	9495	9495	29	29	177	177	2649	2649	3251	3251	16	16	63	63	168	168	146	146	59	59	30	30	141	141	51	51	103	103	287	287	90	90	110	110	735	735	1218	1218	2757	2757	2638	2638	92	92	47	47	5	5	13	13	261	261	5141	5141	19	19	3	3	6	6	12	12	1	1	9	9	22	22	61	61	3399	3399	6898	6898	3042	3042	17945	17945	82	82	122	122
IND00212	1444	1444	1111	1111	22	22	486	486	6554	6554	2926	2926	31	31	921	921	18	18	130	130	394	394	1339	1339	374	374	1321	1321	86	86	447	447	2990	2990	7425	7425	183	183	299	299	7190	7190	928	928	812	812	16	16	9	9	4	4	34	34	238	238	7101	7101	2301	2301	3673	3673	969	969	62942	62942	48730	48730	5659	5659	6799	6799	110	110	54	54	751	751	1997	1997	1121	1121	1731	1731	477	477	214	214	643	643	452	452	74	74	80	80	499	499	420	420	212	212	217	217	97	97	191	191	1016	1016	171	171	1723	1723	99	99	13249	13249	4798	4798	84	84	282	282	10533	10533	6238	6238	118	118	70	70	158	158	93	93	77	77	56	56	203	203	156	156	26	26	757	757	47	47	14	14	4089	4089	2117	2117	3374	3374	928	928	85	85	43	43	12	12	30	30	7475	7475	7171	7171	29	29	4	4	2	2	10	10	19	19	57	57	62	62	19	19	2936	2936	1233	1233	22721	22721	28723	28723	248	248	243	243
IND00213	830	830	1819	1819	171	171	262	262	7981	7981	271	271	418	418	249	249	217	217	20	20	10062	10062	7410	7410	1155	1155	603	603	387	387	232	232	4716	4716	2863	2863	205	205	475	475	5637	5637	939	939	159	159	299	299	25	25	1	1	153	153	170	170	496	496	3886	3886	2004	2004	2870	2870	62228	62228	5731	5731	807	807	3960	3960	183	183	146	146	5070	5070	6874	6874	3940	3940	2669	2669	143	143	114	114	718	718	138	138	128	128	65	65	480	480	454	454	731	731	455	455	156	156	160	160	838	838	463	463	1891	1891	652	652	4874	4874	2113	2113	350	350	145	145	2951	2951	7142	7142	100	100	89	89	205	205	152	152	117	117	97	97	111	111	49	49	496	496	379	379	73	73	23	23	2343	2343	3694	3694	88	88	686	686	61	61	106	106	53	53	36	36	2750	2750	6556	6556	2	2	14	14	8	8	4	4	10	10	58	58	33	33	25	25	288	288	7496	7496	13732	13732	23643	23643	138	138	242	242
IND00214	1323	1323	1545	1545	318	318	124	124	2880	2880	1308	1308	22	22	662	662	250	250	46	46	4411	4411	1124	1124	1874	1874	1277	1277	154	154	139	139	5072	5072	6116	6116	544	544	857	857	395	395	4669	4669	174	174	972	972	47	47	32	32	148	148	151	151	9855	9855	4845	4845	789	789	1064	1064	65137	65137	4575	4575	55	55	6596	6596	92	92	154	154	609	609	5802	5802	225	225	3593	3593	66	66	378	378	962	962	1023	1023	34	34	69	69	398	398	18	18	530	530	57	57	119	119	130	130	906	906	372	372	1272	1272	1185	1185	12326	12326	7299	7299	274	274	216	216	6612	6612	6418	6418	45	45	126	126	79	79	80	80	163	163	254	254	207	207	24	24	778	778	61	61	30	30	35	35	684	684	2022	2022	259	259	2582	2582	14	14	30	30	48	48	15	15	5571	5571	2003	2003	9	9	23	23	7	7	14	14	68	68	81	81	28	28	55	55	1798	1798	7	7	23873	23873	10530	10530	84	84	11	11
IND00215	1483	1483	475	475	85	85	82	82	7735	7735	4208	4208	670	670	785	785	124	124	85	85	381	381	8430	8430	1562	1562	353	353	146	146	319	319	4259	4259	7003	7003	949	949	211	211	660	660	2860	2860	525	525	427	427	46	46	58	58	24	24	13	13	10636	10636	10054	10054	105	105	1753	1753	1635	1635	42155	42155	1654	1654	2112	2112	183	183	175	175	7420	7420	4140	4140	608	608	3510	3510	207	207	293	293	166	166	603	603	64	64	5	5	248	248	251	251	47	47	163	163	23	23	8	8	825	825	331	331	1431	1431	50	50	9578	9578	1194	1194	355	355	120	120	1530	1530	9911	9911	44	44	9	9	101	101	141	141	219	219	242	242	105	105	191	191	801	801	392	392	53	53	28	28	3267	3267	1348	1348	1906	1906	3889	3889	107	107	21	21	7	7	59	59	4204	4204	1211	1211	1	1	4	4	2	2	15	15	71	71	91	91	30	30	61	61	2175	2175	777	777	17100	17100	14948	14948	250	250	35	35
IND00216	931	931	1365	1365	260	260	67	67	8077	8077	3810	3810	675	675	294	294	218	218	223	223	11345	11345	14401	14401	1057	1057	1735	1735	429	429	246	246	1173	1173	2687	2687	778	778	656	656	1442	1442	7513	7513	271	271	151	151	38	38	50	50	110	110	78	78	9306	9306	11773	11773	1859	1859	1333	1333	2825	2825	2110	2110	6212	6212	1212	1212	13	13	204	204	4567	4567	2109	2109	1181	1181	2301	2301	409	409	178	178	475	475	942	942	120	120	45	45	232	232	195	195	539	539	221	221	143	143	141	141	184	184	466	466	1833	1833	1381	1381	9229	9229	6679	6679	446	446	135	135	10927	10927	14322	14322	69	69	20	20	256	256	136	136	155	155	232	232	94	94	116	116	553	553	566	566	81	81	91	91	1315	1315	596	596	3056	3056	3147	3147	5	5	32	32	32	32	23	23	1766	1766	2015	2015	7	7	27	27	2	2	1	1	105	105	2	2	15	15	36	36	1471	1471	4759	4759	8828	8828	8165	8165	90	90	109	109
IND00217	48	48	899	899	34	34	405	405	5600	5600	6289	6289	452	452	846	846	169	169	191	191	11706	11706	15899	15899	229	229	1422	1422	138	138	169	169	753	753	329	329	946	946	108	108	5023	5023	5628	5628	996	996	591	591	64	64	53	53	97	97	23	23	9538	9538	12922	12922	3247	3247	3922	3922	2249	2249	19729	19729	6926	6926	7032	7032	14	14	135	135	5953	5953	5398	5398	482	482	3518	3518	286	286	62	62	102	102	77	77	20	20	32	32	385	385	118	118	955	955	234	234	189	189	81	81	376	376	727	727	964	964	969	969	12501	12501	14887	14887	258	258	143	143	4700	4700	15832	15832	3	3	127	127	143	143	198	198	239	239	9	9	187	187	191	191	62	62	979	979	18	18	119	119	2003	2003	3660	3660	2485	2485	3086	3086	53	53	18	18	57	57	20	20	3406	3406	6862	6862	10	10	16	16	16	16	16	16	31	31	53	53	16	16	64	64	2550	2550	4681	4681	28746	28746	9009	9009	208	208	100	100
IND00218	1953	1953	82	82	467	467	268	268	5682	5682	5275	5275	921	921	315	315	22	22	81	81	1317	1317	13108	13108	354	354	1990	1990	114	114	65	65	7357	7357	4276	4276	894	894	851	851	4849	4849	3117	3117	409	409	120	120	34	34	61	61	202	202	120	120	5990	5990	4120	4120	2922	2922	2812	2812	29385	29385	16055	16055	5852	5852	4753	4753	186	186	111	111	2259	2259	1714	1714	3468	3468	2737	2737	288	288	426	426	378	378	28	28	115	115	80	80	3	3	478	478	741	741	656	656	9	9	65	65	695	695	101	101	1150	1150	627	627	3816	3816	15931	15931	42	42	304	304	7844	7844	12650	12650	62	62	103	103	181	181	38	38	236	236	246	246	159	159	18	18	734	734	725	725	68	68	112	112	1691	1691	401	401	4067	4067	2905	2905	91	91	90	90	16	16	42	42	2168	2168	279	279	4	4	20	20	15	15	2	2	9	9	76	76	60	60	18	18	656	656	7443	7443	4092	4092	16152	16152	108	108	158	158
IND00219	862	862	265	265	391	391	412	412	6352	6352	1362	1362	906	906	222	222	189	189	53	53	686	686	15425	15425	1402	1402	1581	1581	352	352	27	27	7375	7375	3765	3765	483	483	321	321	5986	5986	2194	2194	465	465	135	135	47	47	48	48	33	33	161	161	6796	6796	8303	8303	3286	3286	3158	3158	65272	65272	33123	33123	7128	7128	7094	7094	87	87	156	156	5397	5397	3019	3019	3309	3309	3151	3151	21	21	377	377	726	726	136	136	53	53	115	115	149	149	487	487	282	282	607	607	178	178	243	243	452	452	552	552	1434	1434	325	325	11098	11098	9557	9557	291	291	374	374	5929	5929	11950	11950	11	11	16	16	125	125	110	110	230	230	254	254	47	47	111	111	342	342	650	650	76	76	70	70	2507	2507	3791	3791	3727	3727	3740	3740	43	43	64	64	16	16	26	26	4792	4792	5420	5420	11	11	22	22	8	8	10	10	45	45	87	87	8	8	10	10	2110	2110	2839	2839	24200	24200	8666	8666	131	131	109	109
IND00220	701	701	739	739	398	398	38	38	5826	5826	2794	2794	327	327	452	452	110	110	165	165	6705	6705	2139	2139	756	756	1929	1929	435	435	312	312	1603	1603	2431	2431	450	450	555	555	5116	5116	4462	4462	771	771	245	245	4	4	50	50	189	189	86	86	9154	9154	15600	15600	2582	2582	1244	1244	33093	33093	250	250	5176	5176	1776	1776	242	242	101	101	6869	6869	261	261	1723	1723	3364	3364	144	144	263	263	16	16	571	571	87	87	80	80	308	308	122	122	263	263	353	353	38	38	75	75	552	552	143	143	215	215	1669	1669	1477	1477	4735	4735	37	37	159	159	6000	6000	8853	8853	20	20	36	36	68	68	151	151	176	176	12	12	172	172	81	81	591	591	831	831	62	62	68	68	2096	2096	1144	1144	875	875	2437	2437	8	8	81	81	58	58	49	49	7122	7122	331	331	24	24	9	9	2	2	7	7	7	7	91	91	35	35	1	1	5201	5201	565	565	5009	5009	26522	26522	89	89	97	97
IND00221	273	273	116	116	171	171	183	183	548	548	4915	4915	261	261	1002	1002	166	166	36	36	13053	13053	8669	8669	1521	1521	451	451	108	108	324	324	6382	6382	5106	5106	891	891	15	15	7697	7697	2754	2754	590	590	723	723	31	31	52	52	232	232	57	57	4542	4542	3382	3382	263	263	2463	2463	56082	56082	49034	49034	7625	7625	5451	5451	246	246	14	14	2535	2535	7492	7492	381	381	2695	2695	481	481	64	64	335	335	322	322	117	117	41	41	109	109	292	292	191	191	347	347	77	77	41	41	164	164	331	331	1721	1721	679	679	13032	13032	4265	4265	120	120	138	138	1670	1670	7872	7872	110	110	44	44	252	252	13	13	82	82	135	135	218	218	132	132	1020	1020	26	26	122	122	112	112	76	76	3509	3509	113	113	2024	2024	126	126	19	19	54	54	59	59	1385	1385	444	444	30	30	30	30	6	6	15	15	14	14	89	89	7	7	63	63	6619	6619	4667	4667	5093	5093	29896	29896	4	4	42	42
IND00222	1963	1963	114	114	213	213	171	171	7508	7508	878	878	720	720	528	528	90	90	54	54	9969	9969	5656	5656	2026	2026	1877	1877	59	59	78	78	4105	4105	7334	7334	426	426	42	42	7396	7396	7222	7222	831	831	939	939	13	13	50	50	60	60	101	101	12080	12080	7964	7964	1749	1749	1741	1741	21738	21738	36725	36725	1135	1135	562	562	186	186	113	113	2044	2044	228	228	1506	1506	3619	3619	80	80	503	503	781	781	466	466	44	44	3	3	311	311	425	425	386	386	924	924	235	235	41	41	1012	1012	614	614	1876	1876	188	188	7271	7271	952	952	209	209	322	322	610	610	664	664	61	61	30	30	14	14	231	231	236	236	210	210	8	8	242	242	863	863	475	475	3	3	6	6	3886	3886	1950	1950	2554	2554	782	782	113	113	38	38	20	20	28	28	179	179	5991	5991	5	5	2	2	1	1	2	2	99	99	99	99	62	62	47	47	2353	2353	2367	2367	13073	13073	3122	3122	156	156	231	231
IND00223	680	680	984	984	432	432	202	202	1882	1882	441	441	67	67	562	562	203	203	32	32	7927	7927	15246	15246	22	22	1609	1609	377	377	451	451	7986	7986	748	748	773	773	1006	1006	1189	1189	3250	3250	421	421	573	573	59	59	8	8	18	18	107	107	13519	13519	1178	1178	554	554	2541	2541	18100	18100	3207	3207	1218	1218	262	262	193	193	50	50	234	234	4784	4784	3126	3126	1309	1309	173	173	388	388	958	958	305	305	113	113	123	123	492	492	96	96	810	810	167	167	83	83	122	122	438	438	281	281	1168	1168	1160	1160	3635	3635	10477	10477	269	269	433	433	14770	14770	15522	15522	11	11	125	125	55	55	138	138	92	92	70	70	236	236	11	11	551	551	22	22	90	90	68	68	2845	2845	1794	1794	455	455	1421	1421	18	18	81	81	48	48	6	6	868	868	1212	1212	13	13	2	2	5	5	2	2	49	49	49	49	33	33	53	53	6855	6855	3134	3134	28796	28796	13870	13870	177	177	60	60
IND00224	636	636	1711	1711	459	459	104	104	2190	2190	8167	8167	167	167	752	752	119	119	122	122	9458	9458	450	450	222	222	950	950	37	37	259	259	4497	4497	2026	2026	961	961	442	442	4949	4949	6968	6968	679	679	429	429	7	7	45	45	223	223	9	9	14076	14076	3857	3857	2362	2362	3895	3895	46764	46764	7589	7589	4374	4374	915	915	24	24	25	25	36	36	2413	2413	1126	1126	1453	1453	69	69	499	499	677	677	363	363	14	14	95	95	478	478	254	254	829	829	53	53	203	203	46	46	951	951	600	600	666	666	401	401	13630	13630	9427	9427	436	436	14	14	10494	10494	11087	11087	31	31	43	43	115	115	70	70	233	233	60	60	185	185	185	185	529	529	477	477	119	119	111	111	1621	1621	3736	3736	2061	2061	861	861	97	97	112	112	5	5	14	14	2355	2355	6336	6336	5	5	24	24	6	6	10	10	75	75	1	1	31	31	59	59	1734	1734	4930	4930	13073	13073	31130	31130	74	74	56	56
IND00225	607	607	1737	1737	294	294	363	363	6864	6864	3300	3300	1010	1010	770	770	54	54	58	58	8599	8599	11508	11508	1830	1830	1432	1432	294	294	140	140	4867	4867	7698	7698	522	522	979	979	7706	7706	5734	5734	844	844	622	622	35	35	57	57	147	147	169	169	10682	10682	9523	9523	772	772	3368	3368	60120	60120	10451	10451	1878	1878	4679	4679	89	89	186	186	7056	7056	3106	3106	899	899	3615	3615	184	184	325	325	129	129	431	431	18	18	58	58	498	498	121	121	860	860	256	256	135	135	177	177	818	818	503	503	1389	1389	151	151	553	553	7647	7647	428	428	251	251	3574	3574	12545	12545	124	124	19	19	85	85	104	104	234	234	57	57	170	170	232	232	757	757	63	63	97	97	91	91	3302	3302	1018	1018	2596	2596	2077	2077	56	56	72	72	57	57	2	2	3090	3090	6715	6715	13	13	3	3	10	10	10	10	21	21	90	90	24	24	39	39	1454	1454	3598	3598	18619	18619	8995	8995	156	156	162	162
IND00226	58	58	377	377	258	258	348	348	4438	4438	1962	1962	789	789	832	832	46	46	41	41	8826	8826	3773	3773	1397	1397	654	654	431	431	393	393	4152	4152	2382	2382	446	446	770	770	1054	1054	406	406	827	827	268	268	35	35	5	5	21	21	9	9	486	486	54	54	448	448	1486	1486	48358	48358	18768	18768	3770	3770	798	798	151	151	209	209	3761	3761	5134	5134	1880	1880	1319	1319	385	385	81	81	686	686	420	420	39	39	62	62	393	393	290	290	589	589	668	668	113	113	204	204	628	628	989	989	1927	1927	198	198	7126	7126	11868	11868	108	108	472	472	11920	11920	7395	7395	77	77	11	11	246	246	145	145	216	216	249	249	48	48	41	41	349	349	398	398	4	4	25	25	644	644	2709	2709	2314	2314	1729	1729	123	123	128	128	48	48	31	31	7560	7560	1192	1192	2	2	7	7	8	8	4	4	11	11	56	56	41	41	22	22	4855	4855	8001	8001	28188	28188	21834	21834	223	223	57	57
IND00227	877	877	1795	1795	30	30	439	439	597	597	4464	4464	535	535	55	55	218	218	37	37	12631	12631	8911	8911	1298	1298	680	680	271	271	320	320	1485	1485	3752	3752	323	323	166	166	1402	1402	2558	2558	927	927	482	482	3	3	57	57	163	163	46	46	12741	12741	7602	7602	4009	4009	720	720	26809	26809	44426	44426	2399	2399	985	985	41	41	218	218	6033	6033	6952	6952	418	418	3298	3298	434	434	234	234	918	918	37	37	1	1	39	39	511	511	406	406	424	424	643	643	44	44	206	206	459	459	333	333	1643	1643	135	135	11838	11838	11302	11302	237	237	333	333	14064	14064	3600	3600	15	15	34	34	232	232	98	98	79	79	52	52	103	103	208	208	452	452	800	800	6	6	30	30	547	547	3947	3947	2268	2268	1845	1845	31	31	41	41	45	45	19	19	7314	7314	2483	2483	10	10	10	10	1	1	7	7	19	19	94	94	53	53	53	53	970	970	2706	2706	31068	31068	10667	10667	163	163	2	2
IND00228	1537	1537	637	637	250	250	138	138	3361	3361	7155	7155	228	228	185	185	198	198	69	69	12354	12354	13313	13313	556	556	1334	1334	342	342	118	118	8144	8144	7911	7911	894	894	707	707	3967	3967	1556	1556	989	989	241	241	6	6	58	58	50	50	9	9	8878	8878	12309	12309	2799	2799	4026	4026	29865	29865	7691	7691	2339	2339	1711	1711	74	74	133	133	763	763	3746	3746	1174	1174	1267	1267	243	243	335	335	908	908	501	501	87	87	23	23	170	170	364	364	794	794	169	169	234	234	38	38	696	696	585	585	1588	1588	230	230	14931	14931	9483	9483	1	1	160	160	543	543	5029	5029	28	28	43	43	89	89	199	199	203	203	127	127	75	75	225	225	371	371	597	597	126	126	112	112	3660	3660	2475	2475	3389	3389	1450	1450	44	44	64	64	60	60	23	23	6639	6639	4747	4747	19	19	3	3	13	13	13	13	106	106	68	68	25	25	17	17	39	39	5811	5811	7178	7178	19056	19056	78	78	205	205
IND00229	1900	1900	1327	1327	97	97	411	411	5650	5650	4710	4710	995	995	247	247	46	46	152	152	5049	5049	8202	8202	1581	1581	341	341	58	58	216	216	5109	5109	6886	6886	626	626	1019	1019	4157	4157	7860	7860	721	721	412	412	20	20	7	7	249	249	196	196	14672	14672	8052	8052	3293	3293	523	523	3358	3358	14699	14699	298	298	2003	2003	68	68	32	32	2036	2036	2288	2288	3863	3863	575	575	479	479	152	152	712	712	772	772	82	82	65	65	340	340	393	393	921	921	454	454	25	25	154	154	483	483	290	290	1936	1936	1208	1208	149	149	12301	12301	76	76	494	494	14848	14848	3587	3587	10	10	76	76	82	82	73	73	59	59	11	11	41	41	244	244	468	468	190	190	55	55	16	16	892	892	792	792	740	740	1473	1473	41	41	113	113	30	30	55	55	3370	3370	7255	7255	8	8	5	5	12	12	2	2	88	88	102	102	57	57	46	46	3724	3724	1735	1735	7862	7862	26366	26366	165	165	250	250
IND00230	453	453	1569	1569	213	213	478	478	6582	6582	379	379	443	443	445	445	38	38	203	203	12017	12017	12618	12618	618	618	779	779	394	394	5	5	7859	7859	4752	4752	453	453	537	537	4502	4502	6605	6605	257	257	70	70	62	62	46	46	97	97	57	57	16379	16379	488	488	2484	2484	1588	1588	52180	52180	57497	57497	1008	1008	5792	5792	124	124	41	41	6817	6817	1228	1228	1411	1411	4058	4058	409	409	6	6	333	333	154	154	51	51	125	125	337	337	403	403	523	523	188	188	198	198	63	63	102	102	787	787	126	126	1323	1323	9798	9798	8725	8725	310	310	365	365	2743	2743	13203	13203	4	4	7	7	200	200	169	169	187	187	146	146	192	192	120	120	828	828	127	127	104	104	102	102	3459	3459	3575	3575	1375	1375	3721	3721	97	97	56	56	23	23	63	63	1174	1174	37	37	9	9	31	31	3	3	14	14	60	60	119	119	42	42	25	25	5182	5182	6810	6810	10280	10280	506	506	54	54	117	117
IND00231	1948	1948	154	154	331	331	346	346	110	110	470	470	990	990	965	965	151	151	48	48	7800	7800	2908	2908	286	286	1972	1972	305	305	65	65	4807	4807	7060	7060	141	141	975	975	4368	4368	2784	2784	106	106	910	910	11	11	4	4	24	24	33	33	2465	2465	1703	1703	2411	2411	158	158	53865	53865	32753	32753	6322	6322	7581	7581	46	46	206	206	7657	7657	5373	5373	1460	1460	1817	1817	254	254	94	94	543	543	450	450	41	41	122	122	438	438	34	34	413	413	908	908	109	109	232	232	791	791	538	538	778	778	1246	1246	16058	16058	14786	14786	276	276	15	15	10908	10908	15844	15844	125	125	84	84	16	16	256	256	92	92	190	190	84	84	210	210	97	97	856	856	87	87	48	48	2997	2997	3699	3699	3452	3452	1243	1243	119	119	74	74	51	51	20	20	7961	7961	19	19	27	27	24	24	10	10	2	2	25	25	91	91	35	35	44	44	2554	2554	2662	2662	5279	5279	26442	26442	132	132	111	111
IND00232	1591	1591	2042	2042	136	136	157	157	5327	5327	6156	6156	296	296	274	274	94	94	51	51	12503	12503	16222	16222	1928	1928	1916	1916	105	105	133	133	2935	2935	2595	2595	821	821	177	177	5587	5587	1108	1108	431	431	966	966	49	49	44	44	33	33	185	185	437	437	7436	7436	316	316	1414	1414	29395	29395	20558	20558	7043	7043	5973	5973	70	70	151	151	692	692	7328	7328	645	645	1635	1635	64	64	67	67	398	398	765	765	110	110	100	100	434	434	133	133	1022	1022	233	233	76	76	34	34	125	125	404	404	368	368	892	892	4892	4892	1513	1513	31	31	10	10	3876	3876	4448	4448	91	91	119	119	244	244	252	252	175	175	71	71	82	82	27	27	696	696	391	391	82	82	67	67	2818	2818	2825	2825	2556	2556	141	141	28	28	117	117	53	53	22	22	3821	3821	7840	7840	7	7	27	27	1	1	9	9	110	110	55	55	21	21	7	7	1082	1082	2079	2079	19532	19532	6771	6771	12	12	162	162
IND00233	287	287	1652	1652	450	450	477	477	6668	6668	6908	6908	846	846	117	117	155	155	109	109	11042	11042	1159	1159	366	366	1900	1900	267	267	398	398	1424	1424	2978	2978	425	425	758	758	2302	2302	6605	6605	305	305	758	758	33	33	12	12	34	34	176	176	4542	4542	14790	14790	3493	3493	3502	3502	6643	6643	27075	27075	122	122	1866	1866	209	209	78	78	2577	2577	4502	4502	904	904	3380	3380	81	81	276	276	856	856	761	761	57	57	59	59	60	60	348	348	130	130	304	304	239	239	177	177	558	558	597	597	1578	1578	766	766	2646	2646	15914	15914	102	102	264	264	13246	13246	10113	10113	25	25	65	65	217	217	217	217	201	201	61	61	67	67	71	71	639	639	439	439	99	99	25	25	2057	2057	1796	1796	2010	2010	111	111	128	128	26	26	14	14	32	32	6425	6425	4708	4708	26	26	21	21	16	16	15	15	39	39	44	44	23	23	38	38	5887	5887	7452	7452	4726	4726	23115	23115	87	87	78	78
IND00234	1290	1290	912	912	153	153	209	209	2228	2228	4554	4554	604	604	67	67	1	1	76	76	3370	3370	13973	13973	1300	1300	1184	1184	213	213	359	359	3702	3702	6726	6726	874	874	1014	1014	7816	7816	590	590	11	11	63	63	17	17	45	45	68	68	252	252	7508	7508	14826	14826	421	421	213	213	27804	27804	27849	27849	380	380	4891	4891	77	77	181	181	1478	1478	6348	6348	2700	2700	529	529	411	411	441	441	23	23	437	437	34	34	3	3	274	274	198	198	772	772	938	938	143	143	98	98	717	717	528	528	178	178	122	122	3028	3028	6332	6332	44	44	224	224	11706	11706	12265	12265	99	99	73	73	19	19	54	54	37	37	99	99	71	71	72	72	378	378	318	318	11	11	127	127	3323	3323	1080	1080	297	297	71	71	27	27	22	22	25	25	52	52	6689	6689	7409	7409	20	20	21	21	3	3	13	13	15	15	62	62	16	16	36	36	155	155	3398	3398	22622	22622	30278	30278	160	160	77	77
IND00235	1296	1296	1781	1781	206	206	234	234	7156	7156	2977	2977	559	559	1002	1002	213	213	147	147	5719	5719	11786	11786	1416	1416	1078	1078	303	303	63	63	5692	5692	5664	5664	371	371	668	668	5364	5364	4103	4103	157	157	644	644	6	6	13	13	124	124	65	65	2876	2876	15831	15831	297	297	643	643	64895	64895	62993	62993	7951	7951	1613	1613	137	137	46	46	2509	2509	5485	5485	3436	3436	773	773	33	33	24	24	767	767	133	133	83	83	127	127	14	14	33	33	427	427	257	257	44	44	246	246	283	283	412	412	255	255	1764	1764	4274	4274	11001	11001	321	321	54	54	11914	11914	8852	8852	46	46	14	14	199	199	58	58	176	176	50	50	218	218	62	62	236	236	653	653	58	58	126	126	2425	2425	1839	1839	355	355	772	772	84	84	33	33	44	44	43	43	7536	7536	5027	5027	16	16	15	15	6	6	11	11	121	121	100	100	15	15	33	33	6498	6498	2843	2843	17268	17268	5228	5228	3	3	83	83
IND00236	1347	1347	1388	1388	479	479	34	34	6556	6556	6968	6968	510	510	40	40	170	170	129	129	2494	2494	10868	10868	1530	1530	1351	1351	4	4	153	153	1718	1718	7351	7351	443	443	281	281	5396	5396	7492	7492	286	286	263	263	26	26	41	41	218	218	162	162	7085	7085	8968	8968	2067	2067	2154	2154	5707	5707	22169	22169	3411	3411	4822	4822	245	245	135	135	7586	7586	4970	4970	1706	1706	1402	1402	42	42	314	314	92	92	146	146	100	100	24	24	261	261	264	264	120	120	981	981	189	189	181	181	184	184	504	504	1	1	1424	1424	853	853	11984	11984	143	143	80	80	8132	8132	14860	14860	33	33	80	80	143	143	235	235	150	150	150	150	186	186	14	14	830	830	4	4	48	48	89	89	24	24	3223	3223	2408	2408	1411	1411	105	105	6	6	12	12	25	25	993	993	1209	1209	9	9	9	9	4	4	6	6	25	25	103	103	47	47	18	18	3601	3601	5285	5285	16009	16009	5188	5188	232	232	92	92
IND00237	1338	1338	82	82	290	290	437	437	3504	3504	1695	1695	1014	1014	439	439	68	68	248	248	15290	15290	10886	10886	1443	1443	1887	1887	99	99	67	67	6908	6908	6490	6490	592	592	122	122	7693	7693	196	196	333	333	825	825	9	9	57	57	134	134	79	79	9295	9295	1441	1441	2449	2449	3776	3776	65100	65100	3493	3493	1397	1397	6615	6615	127	127	123	123	2943	2943	7468	7468	2881	2881	25	25	61	61	180	180	561	561	553	553	39	39	49	49	325	325	370	370	909	909	978	978	31	31	23	23	634	634	594	594	1651	1651	674	674	14289	14289	8609	8609	137	137	27	27	13842	13842	584	584	89	89	43	43	142	142	131	131	139	139	223	223	155	155	186	186	37	37	418	418	116	116	26	26	1313	1313	1423	1423	2817	2817	613	613	81	81	98	98	61	61	53	53	1096	1096	5357	5357	13	13	29	29	4	4	3	3	103	103	42	42	24	24	56	56	1622	1622	7863	7863	17375	17375	17432	17432	88	88	75	75
IND00238	1384	1384	1102	1102	64	64	492	492	6232	6232	3373	3373	466	466	279	279	161	161	227	227	9123	9123	10806	10806	650	650	1337	1337	315	315	61	61	2761	2761	373	373	234	234	412	412	852	852	4922	4922	42	42	248	248	39	39	29	29	112	112	256	256	11029	11029	13787	13787	1536	1536	1604	1604	47128	47128	9209	9209	5047	5047	6334	6334	230	230	141	141	2728	2728	3422	3422	2854	2854	1375	1375	405	405	239	239	721	721	887	887	66	66	70	70	156	156	95	95	368	368	551	551	90	90	135	135	140	140	599	599	569	569	1432	1432	4975	4975	363	363	380	380	62	62	3201	3201	14755	14755	87	87	54	54	162	162	122	122	253	253	199	199	73	73	224	224	106	106	475	475	111	111	69	69	1540	1540	3784	3784	2448	2448	2784	2784	75	75	123	123	10	10	27	27	5906	5906	1109	1109	23	23	18	18	9	9	15	15	7	7	78	78	43	43	3	3	5390	5390	6586	6586	13376	13376	29939	29939	252	252	191	191
IND00239	1739	1739	254	254	445	445	192	192	1405	1405	7512	7512	236	236	990	990	248	248	223	223	4553	4553	7834	7834	451	451	1429	1429	360	360	315	315	7114	7114	4211	4211	177	177	256	256	4667	4667	7993	7993	80	80	250	250	29	29	21	21	231	231	117	117	9353	9353	7240	7240	3568	3568	2838	2838	31235	31235	52273	52273	5597	5597	894	894	236	236	69	69	1691	1691	7170	7170	1079	1079	1238	1238	274	274	243	243	967	967	981	981	53	53	23	23	467	467	109	109	675	675	744	744	143	143	37	37	909	909	79	79	1280	1280	1460	1460	8067	8067	13712	13712	220	220	499	499	15204	15204	13580	13580	31	31	112	112	23	23	160	160	144	144	137	137	256	256	13	13	154	154	833	833	120	120	98	98	1056	1056	1357	1357	3864	3864	1459	1459	69	69	100	100	64	64	7	7	3208	3208	3385	3385	32	32	5	5	3	3	13	13	2	2	11	11	53	53	30	30	1575	1575	2197	2197	6994	6994	2390	2390	208	208	29	29
IND00240	988	988	277	277	488	488	443	443	7863	7863	4180	4180	451	451	595	595	27	27	166	166	11978	11978	12932	12932	321	321	180	180	21	21	278	278	7128	7128	7106	7106	843	843	224	224	505	505	4441	4441	19	19	755	755	58	58	56	56	167	167	43	43	10217	10217	5433	5433	63	63	3488	3488	12111	12111	5889	5889	7230	7230	5335	5335	93	93	127	127	410	410	4226	4226	2961	2961	3616	3616	204	204	150	150	429	429	543	543	99	99	79	79	396	396	47	47	372	372	774	774	221	221	228	228	647	647	443	443	1117	1117	507	507	14309	14309	14385	14385	66	66	463	463	5531	5531	3305	3305	46	46	79	79	149	149	136	136	217	217	248	248	226	226	43	43	74	74	897	897	53	53	128	128	1250	1250	676	676	2520	2520	3917	3917	83	83	79	79	11	11	4	4	2915	2915	3894	3894	11	11	32	32	1	1	3	3	72	72	100	100	40	40	13	13	1548	1548	7562	7562	26973	26973	9137	9137	192	192	190	190
IND00241	1736	1736	727	727	6	6	436	436	3941	3941	480	480	537	537	785	785	194	194	238	238	10838	10838	9531	9531	1957	1957	1908	1908	260	260	368	368	1764	1764	716	716	774	774	542	542	5271	5271	8169	8169	717	717	206	206	44	44	48	48	9	9	225	225	9444	9444	1247	1247	12	12	3409	3409	16095	16095	33327	33327	4437	4437	1393	1393	202	202	158	158	5830	5830	3041	3041	2596	2596	144	144	215	215	360	360	807	807	771	771	14	14	74	74	87	87	351	351	198	198	723	723	173	173	14	14	325	325	28	28	474	474	1579	1579	8590	8590	6810	6810	309	309	260	260	219	219	12902	12902	24	24	2	2	135	135	67	67	243	243	41	41	39	39	173	173	951	951	632	632	25	25	7	7	2145	2145	4056	4056	2467	2467	1856	1856	102	102	93	93	31	31	9	9	1856	1856	776	776	25	25	31	31	2	2	9	9	35	35	93	93	19	19	60	60	7059	7059	983	983	22468	22468	25866	25866	245	245	202	202
IND00242	215	215	425	425	394	394	33	33	8079	8079	4784	4784	988	988	563	563	198	198	233	233	9082	9082	7453	7453	179	179	1266	1266	262	262	310	310	6251	6251	4534	4534	792	792	52	52	1469	1469	4471	4471	568	568	921	921	47	47	34	34	157	157	84	84	4487	4487	15789	15789	1538	1538	3796	3796	51455	51455	28171	28171	7210	7210	1676	1676	208	208	35	35	1859	1859	2085	2085	2369	2369	1012	1012	415	415	307	307	265	265	137	137	103	103	37	37	247	247	211	211	901	901	582	582	182	182	2	2	380	380	703	703	528	528	1593	1593	2842	2842	7703	7703	390	390	10	10	892	892	3191	3191	66	66	68	68	101	101	234	234	195	195	156	156	118	118	167	167	443	443	746	746	40	40	124	124	851	851	2100	2100	839	839	3267	3267	83	83	118	118	58	58	28	28	839	839	4186	4186	8	8	25	25	3	3	14	14	83	83	27	27	15	15	49	49	7579	7579	6633	6633	6840	6840	29201	29201	191	191	163	163
IND00243	1182	1182	561	561	416	416	60	60	998	998	5148	5148	443	443	365	365	45	45	66	66	8437	8437	13939	13939	1802	1802	391	391	78	78	383	383	6925	6925	437	437	790	790	496	496	2480	2480	509	509	862	862	506	506	49	49	42	42	22	22	83	83	6550	6550	2443	2443	108	108	1016	1016	4340	4340	53086	53086	6241	6241	5996	5996	63	63	243	243	2164	2164	5227	5227	2138	2138	1627	1627	495	495	200	200	772	772	657	657	4	4	84	84	229	229	62	62	638	638	649	649	215	215	86	86	229	229	825	825	1789	1789	420	420	13255	13255	4795	4795	177	177	389	389	16119	16119	6769	6769	21	21	62	62	142	142	25	25	226	226	108	108	190	190	49	49	64	64	166	166	99	99	25	25	2930	2930	2379	2379	625	625	2230	2230	67	67	1	1	49	49	7	7	5263	5263	6021	6021	25	25	23	23	11	11	2	2	31	31	98	98	33	33	24	24	501	501	4639	4639	24547	24547	9946	9946	153	153	206	206
IND00244	1569	1569	1228	1228	128	128	193	193	2371	2371	5975	5975	959	959	364	364	104	104	232	232	11994	11994	979	979	741	741	115	115	287	287	236	236	6461	6461	5504	5504	368	368	628	628	5136	5136	3989	3989	999	999	756	756	51	51	3	3	138	138	83	83	2845	2845	4442	4442	3930	3930	2140	2140	46911	46911	4675	4675	1143	1143	7334	7334	92	92	113	113	6321	6321	7090	7090	2034	2034	1549	1549	288	288	501	501	742	742	634	634	20	20	4	4	137	137	99	99	232	232	499	499	78	78	108	108	14	14	653	653	1738	1738	447	447	659	659	10225	10225	488	488	452	452	14647	14647	9169	9169	98	98	53	53	222	222	78	78	230	230	83	83	196	196	199	199	346	346	319	319	33	33	27	27	3678	3678	2242	2242	1893	1893	3722	3722	46	46	60	60	58	58	38	38	3649	3649	6300	6300	26	26	4	4	8	8	4	4	127	127	36	36	33	33	45	45	659	659	2494	2494	15503	15503	28254	28254	184	184	19	19
IND00245	5	5	1053	1053	4	4	21	21	3884	3884	2646	2646	990	990	909	909	47	47	133	133	1166	1166	9997	9997	1128	1128	436	436	312	312	180	180	7620	7620	713	713	739	739	92	92	3055	3055	953	953	900	900	818	818	53	53	58	58	18	18	38	38	929	929	5654	5654	212	212	2910	2910	34322	34322	22674	22674	4503	4503	2808	2808	83	83	47	47	3236	3236	492	492	343	343	2758	2758	220	220	425	425	48	48	307	307	40	40	99	99	512	512	248	248	947	947	780	780	252	252	115	115	268	268	45	45	230	230	1540	1540	15310	15310	12316	12316	314	314	399	399	10091	10091	10944	10944	98	98	116	116	217	217	160	160	107	107	52	52	43	43	252	252	428	428	381	381	117	117	55	55	98	98	1752	1752	267	267	2867	2867	61	61	99	99	36	36	8	8	4960	4960	8172	8172	8	8	15	15	12	12	12	12	41	41	126	126	62	62	60	60	2701	2701	444	444	20214	20214	31541	31541	250	250	224	224
IND00246	136	136	2035	2035	318	318	319	319	5368	5368	7577	7577	706	706	904	904	210	210	11	11	4311	4311	12587	12587	422	422	968	968	219	219	113	113	3341	3341	557	557	192	192	353	353	4389	4389	2375	2375	511	511	511	511	22	22	21	21	112	112	220	220	1521	1521	15795	15795	856	856	1327	1327	45604	45604	60207	60207	1045	1045	2398	2398	236	236	169	169	2316	2316	4310	4310	2249	2249	1391	1391	507	507	83	83	928	928	68	68	16	16	3	3	469	469	291	291	353	353	564	564	106	106	180	180	6	6	751	751	333	333	1003	1003	177	177	2122	2122	263	263	19	19	2189	2189	805	805	73	73	60	60	237	237	111	111	196	196	42	42	78	78	114	114	917	917	471	471	92	92	83	83	3544	3544	3049	3049	2481	2481	2963	2963	54	54	21	21	16	16	34	34	2261	2261	6398	6398	6	6	10	10	14	14	10	10	103	103	78	78	44	44	22	22	2206	2206	4701	4701	23402	23402	4394	4394	48	48	106	106
IND00247	780	780	1955	1955	282	282	407	407	7506	7506	2296	2296	418	418	213	213	227	227	237	237	4971	4971	3050	3050	1540	1540	1843	1843	8	8	440	440	6502	6502	3500	3500	46	46	233	233	7907	7907	5639	5639	605	605	464	464	29	29	3	3	175	175	210	210	14229	14229	10592	10592	3687	3687	113	113	35444	35444	62821	62821	1628	1628	6152	6152	247	247	121	121	3036	3036	6925	6925	2521	2521	1893	1893	18	18	48	48	70	70	882	882	64	64	28	28	32	32	114	114	415	415	431	431	32	32	36	36	647	647	768	768	1556	1556	498	498	14856	14856	926	926	68	68	512	512	6857	6857	15964	15964	56	56	55	55	96	96	86	86	107	107	200	200	50	50	228	228	935	935	392	392	4	4	83	83	3238	3238	274	274	1748	1748	8	8	72	72	83	83	22	22	58	58	2556	2556	2871	2871	28	28	5	5	7	7	13	13	6	6	30	30	6	6	10	10	8170	8170	250	250	7635	7635	20430	20430	124	124	103	103
IND00248	2037	2037	1617	1617	189	189	208	208	1461	1461	4722	4722	276	276	291	291	60	60	40	40	423	423	11197	11197	1582	1582	1581	1581	50	50	378	378	8166	8166	3344	3344	28	28	788	788	3710	3710	8058	8058	265	265	797	797	52	52	44	44	253	253	220	220	15050	15050	9012	9012	3340	3340	193	193	5495	5495	19705	19705	6266	6266	1690	1690	114	114	111	111	5070	5070	4645	4645	3350	3350	939	939	42	42	376	376	911	911	355	355	4	4	95	95	468	468	147	147	467	467	300	300	120	120	223	223	873	873	732	732	1329	1329	179	179	8261	8261	7703	7703	5	5	72	72	15716	15716	10808	10808	100	100	1	1	45	45	55	55	244	244	123	123	140	140	8	8	607	607	104	104	45	45	33	33	2272	2272	3784	3784	3339	3339	87	87	36	36	122	122	43	43	29	29	4095	4095	4429	4429	32	32	16	16	1	1	13	13	79	79	10	10	8	8	52	52	6830	6830	7036	7036	14866	14866	22168	22168	83	83	210	210
IND00249	477	477	175	175	217	217	270	270	3876	3876	3381	3381	385	385	1001	1001	65	65	254	254	2417	2417	6964	6964	1712	1712	993	993	492	492	175	175	4816	4816	549	549	95	95	406	406	8158	8158	2856	2856	103	103	138	138	5	5	47	47	98	98	83	83	1955	1955	11539	11539	866	866	1862	1862	38940	38940	36353	36353	6243	6243	4231	4231	166	166	177	177	4242	4242	8038	8038	1371	1371	3220	3220	225	225	148	148	157	157	584	584	12	12	57	57	226	226	192	192	779	779	941	941	13	13	244	244	947	947	983	983	566	566	1965	1965	3703	3703	9478	9478	342	342	75	75	529	529	10565	10565	94	94	69	69	254	254	249	249	174	174	64	64	109	109	256	256	579	579	177	177	13	13	67	67	1790	1790	893	893	237	237	883	883	54	54	50	50	52	52	43	43	1478	1478	3584	3584	30	30	24	24	6	6	8	8	104	104	117	117	25	25	17	17	4438	4438	7468	7468	17335	17335	19740	19740	136	136	207	207
IND00250	739	739	561	561	204	204	283	283	1741	1741	6168	6168	896	896	590	590	126	126	225	225	14857	14857	69	69	46	46	1877	1877	433	433	40	40	3377	3377	7487	7487	719	719	436	436	1264	1264	7176	7176	425	425	202	202	63	63	51	51	122	122	256	256	9743	9743	13195	13195	2699	2699	305	305	45614	45614	2548	2548	7604	7604	1826	1826	10	10	22	22	7927	7927	3083	3083	60	60	1127	1127	403	403	474	474	213	213	854	854	23	23	71	71	294	294	424	424	487	487	691	691	190	190	90	90	764	764	217	217	566	566	204	204	4099	4099	9988	9988	378	378	318	318	6052	6052	13659	13659	31	31	97	97	116	116	98	98	146	146	240	240	97	97	86	86	798	798	456	456	107	107	12	12	2909	2909	1920	1920	733	733	1198	1198	31	31	20	20	44	44	36	36	5005	5005	5973	5973	4	4	25	25	3	3	13	13	30	30	113	113	53	53	24	24	7590	7590	8169	8169	13985	13985	1406	1406	228	228	134	134
IND00251	436	436	1570	1570	242	242	352	352	293	293	7622	7622	329	329	333	333	82	82	145	145	6951	6951	1890	1890	1468	1468	1876	1876	483	483	70	70	1326	1326	1037	1037	310	310	114	114	3558	3558	7591	7591	356	356	440	440	21	21	19	19	56	56	231	231	9932	9932	577	577	1576	1576	2583	2583	46087	46087	35832	35832	589	589	3848	3848	127	127	18	18	159	159	2342	2342	1236	1236	2620	2620	375	375	99	99	181	181	883	883	56	56	99	99	409	409	243	243	708	708	537	537	32	32	28	28	183	183	700	700	1364	1364	1719	1719	6522	6522	15952	15952	117	117	339	339	14105	14105	7232	7232	72	72	20	20	75	75	63	63	84	84	148	148	244	244	143	143	186	186	221	221	43	43	87	87	3243	3243	3629	3629	2864	2864	264	264	22	22	39	39	14	14	39	39	1200	1200	6676	6676	13	13	24	24	4	4	14	14	45	45	8	8	41	41	55	55	5226	5226	1264	1264	19451	19451	366	366	91	91	139	139
IND00252	1033	1033	498	498	74	74	280	280	4876	4876	6349	6349	340	340	436	436	216	216	106	106	13578	13578	1282	1282	226	226	1751	1751	365	365	148	148	5350	5350	76	76	421	421	154	154	5806	5806	4055	4055	196	196	881	881	54	54	4	4	124	124	32	32	6056	6056	7204	7204	2251	2251	1018	1018	17699	17699	21078	21078	4089	4089	3116	3116	41	41	36	36	8090	8090	5994	5994	1209	1209	1331	1331	287	287	169	169	18	18	121	121	18	18	80	80	295	295	357	357	587	587	1001	1001	39	39	91	91	170	170	445	445	505	505	567	567	7169	7169	5393	5393	463	463	10	10	3397	3397	561	561	47	47	17	17	193	193	114	114	157	157	10	10	204	204	147	147	305	305	481	481	40	40	72	72	3197	3197	3608	3608	2211	2211	2273	2273	89	89	122	122	58	58	17	17	7310	7310	3434	3434	14	14	9	9	15	15	12	12	74	74	76	76	57	57	8	8	7430	7430	2131	2131	22594	22594	30171	30171	69	69	133	133
IND00253	395	395	731	731	412	412	12	12	208	208	8005	8005	21	21	496	496	97	97	247	247	6751	6751	4390	4390	1550	1550	691	691	349	349	68	68	7876	7876	7858	7858	634	634	201	201	6407	6407	2983	2983	311	311	484	484	24	24	27	27	77	77	131	131	974	974	1391	1391	1892	1892	2596	2596	19158	19158	13871	13871	805	805	624	624	30	30	82	82	1627	1627	5703	5703	2435	2435	3800	3800	81	81	244	244	125	125	490	490	97	97	29	29	152	152	506	506	335	335	66	66	160	160	239	239	103	103	126	126	1249	1249	1987	1987	11593	11593	10041	10041	147	147	322	322	6482	6482	6826	6826	64	64	98	98	241	241	240	240	99	99	192	192	113	113	111	111	162	162	388	388	117	117	54	54	1973	1973	2752	2752	1600	1600	2738	2738	37	37	73	73	13	13	7	7	468	468	6916	6916	12	12	31	31	13	13	12	12	75	75	68	68	41	41	7	7	3247	3247	809	809	14473	14473	29089	29089	77	77	85	85
IND00254	820	820	1660	1660	366	366	36	36	8110	8110	3467	3467	825	825	823	823	142	142	163	163	3233	3233	13788	13788	947	947	1803	1803	141	141	171	171	7123	7123	7257	7257	556	556	762	762	4484	4484	2633	2633	629	629	308	308	28	28	34	34	110	110	48	48	7004	7004	11125	11125	650	650	3412	3412	3134	3134	34159	34159	5633	5633	446	446	183	183	32	32	1715	1715	6393	6393	652	652	529	529	233	233	36	36	10	10	659	659	85	85	31	31	200	200	11	11	305	305	277	277	215	215	52	52	978	978	911	911	1557	1557	772	772	14224	14224	8589	8589	354	354	46	46	8368	8368	3516	3516	27	27	66	66	27	27	206	206	122	122	204	204	91	91	161	161	481	481	383	383	96	96	112	112	3960	3960	2299	2299	2287	2287	970	970	86	86	128	128	53	53	61	61	595	595	2102	2102	18	18	12	12	9	9	2	2	1	1	55	55	64	64	15	15	5865	5865	3260	3260	25788	25788	7811	7811	201	201	80	80
IND00255	951	951	1059	1059	208	208	33	33	7234	7234	2988	2988	662	662	388	388	147	147	196	196	2521	2521	13878	13878	550	550	4	4	405	405	408	408	3825	3825	5014	5014	321	321	148	148	1178	1178	4922	4922	511	511	514	514	10	10	25	25	13	13	68	68	14700	14700	1204	1204	1965	1965	3169	3169	44106	44106	2267	2267	1290	1290	6735	6735	94	94	180	180	66	66	4074	4074	781	781	2190	2190	298	298	67	67	962	962	58	58	92	92	65	65	356	356	185	185	376	376	892	892	47	47	185	185	300	300	755	755	123	123	1645	1645	11047	11047	16156	16156	246	246	349	349	6520	6520	15879	15879	125	125	56	56	87	87	185	185	201	201	30	30	81	81	200	200	60	60	266	266	90	90	2	2	3884	3884	2200	2200	2089	2089	1398	1398	124	124	77	77	27	27	58	58	7678	7678	1171	1171	10	10	15	15	14	14	5	5	63	63	78	78	6	6	47	47	4057	4057	2296	2296	27974	27974	21815	21815	178	178	159	159
IND00256	278	278	1686	1686	385	385	306	306	2814	2814	323	323	463	463	320	320	188	188	207	207	10187	10187	5078	5078	484	484	1	1	282	282	162	162	3280	3280	7517	7517	309	309	825	825	7667	7667	270	270	683	683	535	535	5	5	54	54	15	15	246	246	15637	15637	8839	8839	4083	4083	3045	3045	10891	10891	35213	35213	5003	5003	6374	6374	84	84	56	56	7656	7656	4312	4312	3581	3581	3424	3424	349	349	380	380	427	427	1012	1012	113	113	115	115	138	138	476	476	79	79	416	416	146	146	53	53	243	243	247	247	65	65	1000	1000	3710	3710	9053	9053	147	147	289	289	4124	4124	5511	5511	61	61	26	26	166	166	136	136	134	134	191	191	35	35	57	57	177	177	468	468	13	13	33	33	328	328	3373	3373	1910	1910	144	144	121	121	47	47	57	57	4	4	6275	6275	6900	6900	15	15	18	18	4	4	6	6	35	35	12	12	40	40	52	52	5127	5127	4508	4508	10080	10080	3050	3050	133	133	253	253
IND00257	1241	1241	1593	1593	354	354	353	353	3084	3084	7800	7800	735	735	1009	1009	66	66	85	85	15785	15785	8139	8139	938	938	726	726	326	326	316	316	1638	1638	6723	6723	798	798	938	938	6773	6773	1252	1252	173	173	305	305	41	41	55	55	106	106	59	59	7304	7304	6920	6920	3711	3711	2554	2554	3709	3709	46225	46225	7980	7980	4955	4955	114	114	246	246	4288	4288	3750	3750	3166	3166	526	526	307	307	507	507	901	901	730	730	14	14	65	65	406	406	194	194	184	184	55	55	144	144	16	16	191	191	957	957	1046	1046	1800	1800	5322	5322	1212	1212	480	480	451	451	3554	3554	12161	12161	62	62	115	115	154	154	197	197	33	33	38	38	168	168	41	41	375	375	472	472	29	29	124	124	2810	2810	1228	1228	3568	3568	3427	3427	22	22	11	11	14	14	27	27	2966	2966	7873	7873	12	12	1	1	11	11	2	2	19	19	23	23	63	63	33	33	3339	3339	5240	5240	14789	14789	1496	1496	9	9	155	155
IND00258	263	263	284	284	376	376	503	503	4307	4307	8008	8008	84	84	815	815	237	237	47	47	11023	11023	4289	4289	968	968	1697	1697	274	274	419	419	843	843	4589	4589	273	273	433	433	2146	2146	191	191	702	702	684	684	5	5	33	33	58	58	224	224	8525	8525	8938	8938	1873	1873	107	107	65037	65037	3659	3659	7120	7120	4393	4393	156	156	44	44	2165	2165	6144	6144	1079	1079	2055	2055	485	485	41	41	946	946	905	905	97	97	80	80	361	361	158	158	714	714	586	586	58	58	44	44	804	804	331	331	1330	1330	548	548	12854	12854	8545	8545	476	476	3	3	5715	5715	9974	9974	120	120	65	65	105	105	119	119	71	71	4	4	73	73	27	27	327	327	546	546	7	7	9	9	3493	3493	3789	3789	1538	1538	130	130	60	60	70	70	23	23	13	13	7639	7639	3387	3387	6	6	7	7	15	15	1	1	86	86	40	40	26	26	56	56	3966	3966	3010	3010	2521	2521	15985	15985	218	218	158	158
IND00259	1519	1519	968	968	182	182	305	305	2126	2126	251	251	137	137	185	185	150	150	35	35	3697	3697	15657	15657	1553	1553	1867	1867	226	226	436	436	1857	1857	475	475	240	240	822	822	4561	4561	1128	1128	73	73	126	126	63	63	36	36	227	227	225	225	2970	2970	3250	3250	1725	1725	2853	2853	34975	34975	64827	64827	6717	6717	7028	7028	218	218	105	105	6568	6568	1671	1671	1318	1318	588	588	337	337	184	184	980	980	549	549	96	96	108	108	228	228	456	456	797	797	853	853	92	92	67	67	820	820	837	837	107	107	397	397	8653	8653	1973	1973	183	183	184	184	5840	5840	13180	13180	82	82	4	4	221	221	207	207	193	193	144	144	96	96	150	150	496	496	674	674	29	29	104	104	3470	3470	60	60	1990	1990	997	997	85	85	54	54	40	40	57	57	7527	7527	1696	1696	29	29	6	6	6	6	7	7	45	45	88	88	14	14	62	62	422	422	6902	6902	9384	9384	9800	9800	189	189	189	189
IND00260	536	536	122	122	260	260	272	272	1742	1742	1544	1544	294	294	16	16	243	243	105	105	229	229	16327	16327	470	470	951	951	194	194	369	369	141	141	3089	3089	526	526	831	831	2808	2808	7162	7162	679	679	564	564	58	58	11	11	175	175	188	188	9761	9761	3131	3131	1978	1978	518	518	44501	44501	19951	19951	263	263	7843	7843	203	203	119	119	5773	5773	3539	3539	291	291	2653	2653	429	429	97	97	773	773	967	967	78	78	54	54	502	502	162	162	710	710	444	444	129	129	197	197	438	438	597	597	270	270	1782	1782	14696	14696	12375	12375	316	316	503	503	8611	8611	12689	12689	116	116	98	98	11	11	184	184	71	71	85	85	201	201	84	84	791	791	17	17	19	19	35	35	488	488	376	376	2579	2579	704	704	122	122	54	54	15	15	58	58	13	13	6507	6507	21	21	5	5	15	15	11	11	115	115	73	73	63	63	11	11	5477	5477	3290	3290	4648	4648	30210	30210	199	199	133	133
IND00261	1464	1464	1750	1750	66	66	134	134	1472	1472	2400	2400	999	999	800	800	113	113	174	174	207	207	4499	4499	1207	1207	838	838	201	201	3	3	1998	1998	2495	2495	835	835	470	470	1249	1249	2254	2254	516	516	260	260	25	25	39	39	95	95	80	80	14240	14240	4024	4024	1611	1611	1568	1568	5708	5708	44402	44402	2792	2792	1979	1979	112	112	115	115	2715	2715	4687	4687	1255	1255	3023	3023	82	82	260	260	236	236	122	122	93	93	77	77	190	190	409	409	859	859	260	260	218	218	60	60	35	35	848	848	1663	1663	549	549	5971	5971	2536	2536	412	412	449	449	7186	7186	3759	3759	90	90	71	71	44	44	54	54	157	157	29	29	40	40	190	190	994	994	878	878	29	29	104	104	3369	3369	733	733	2484	2484	870	870	86	86	40	40	55	55	31	31	317	317	4242	4242	22	22	9	9	8	8	15	15	115	115	62	62	51	51	48	48	6409	6409	137	137	26883	26883	18523	18523	226	226	54	54
IND00262	1413	1413	22	22	68	68	143	143	7563	7563	2335	2335	737	737	834	834	128	128	234	234	15585	15585	6184	6184	69	69	1523	1523	362	362	373	373	1305	1305	1469	1469	514	514	314	314	4811	4811	755	755	430	430	620	620	16	16	41	41	139	139	132	132	4872	4872	1848	1848	1093	1093	2914	2914	8072	8072	43966	43966	4129	4129	1617	1617	152	152	250	250	1972	1972	7902	7902	297	297	3440	3440	284	284	168	168	437	437	575	575	44	44	83	83	151	151	395	395	173	173	804	804	103	103	178	178	186	186	508	508	617	617	934	934	15670	15670	8012	8012	320	320	506	506	9526	9526	5743	5743	18	18	121	121	239	239	43	43	15	15	252	252	130	130	56	56	955	955	821	821	32	32	83	83	3139	3139	2915	2915	4	4	3762	3762	38	38	9	9	35	35	3	3	4703	4703	6557	6557	13	13	19	19	3	3	15	15	79	79	41	41	40	40	52	52	3117	3117	515	515	9372	9372	14652	14652	98	98	14	14
IND00263	493	493	1916	1916	139	139	195	195	2197	2197	2495	2495	869	869	609	609	190	190	177	177	5038	5038	12295	12295	295	295	482	482	350	350	275	275	5006	5006	2720	2720	533	533	226	226	6293	6293	5761	5761	226	226	256	256	36	36	42	42	90	90	231	231	10894	10894	13873	13873	2627	2627	4017	4017	4470	4470	46818	46818	6700	6700	7545	7545	178	178	39	39	2404	2404	4397	4397	2042	2042	3737	3737	208	208	282	282	547	547	591	591	9	9	1	1	302	302	237	237	865	865	320	320	242	242	189	189	288	288	880	880	915	915	1800	1800	4170	4170	7561	7561	58	58	348	348	3905	3905	8051	8051	93	93	50	50	191	191	167	167	80	80	12	12	207	207	46	46	347	347	928	928	96	96	32	32	3736	3736	3536	3536	1823	1823	3229	3229	42	42	6	6	27	27	21	21	1558	1558	7849	7849	25	25	5	5	10	10	7	7	20	20	64	64	13	13	38	38	1185	1185	42	42	25672	25672	11247	11247	191	191	191	191
IND00264	71	71	712	712	98	98	409	409	3015	3015	7678	7678	226	226	221	221	129	129	221	221	14400	14400	7493	7493	120	120	1798	1798	192	192	318	318	4370	4370	2023	2023	816	816	590	590	7694	7694	5066	5066	6	6	682	682	56	56	5	5	48	48	101	101	12765	12765	11374	11374	2351	2351	461	461	51833	51833	63363	63363	5030	5030	7117	7117	43	43	63	63	317	317	7958	7958	297	297	1455	1455	489	489	487	487	801	801	190	190	38	38	105	105	142	142	300	300	881	881	947	947	84	84	167	167	306	306	105	105	226	226	430	430	3439	3439	12574	12574	506	506	208	208	11813	11813	14062	14062	30	30	122	122	241	241	70	70	121	121	181	181	74	74	90	90	432	432	730	730	64	64	105	105	426	426	1896	1896	1343	1343	2024	2024	47	47	87	87	47	47	36	36	4805	4805	3998	3998	21	21	31	31	9	9	8	8	18	18	31	31	41	41	63	63	4443	4443	5997	5997	19594	19594	9213	9213	229	229	44	44
IND00265	1675	1675	1919	1919	395	395	458	458	2709	2709	2548	2548	770	770	108	108	94	94	168	168	15621	15621	5268	5268	1618	1618	1891	1891	108	108	75	75	6821	6821	3356	3356	68	68	449	449	1840	1840	6532	6532	1019	1019	39	39	45	45	56	56	230	230	130	130	11428	11428	13144	13144	3823	3823	3667	3667	57730	57730	40936	40936	5983	5983	6362	6362	125	125	14	14	8048	8048	5405	5405	964	964	1412	1412	509	509	387	387	955	955	357	357	85	85	53	53	192	192	244	244	993	993	644	644	81	81	141	141	716	716	622	622	481	481	713	713	2416	2416	12344	12344	477	477	311	311	5928	5928	3690	3690	75	75	47	47	113	113	145	145	111	111	55	55	64	64	26	26	350	350	454	454	34	34	122	122	24	24	3850	3850	899	899	2321	2321	16	16	68	68	39	39	59	59	7284	7284	2277	2277	14	14	4	4	14	14	16	16	50	50	74	74	37	37	21	21	5005	5005	7751	7751	7093	7093	30382	30382	223	223	35	35
IND00266	1997	1997	1308	1308	87	87	175	175	2179	2179	4328	4328	852	852	385	385	201	201	215	215	14721	14721	5377	5377	1644	1644	1574	1574	312	312	328	328	3762	3762	2763	2763	147	147	198	198	1066	1066	3545	3545	930	930	629	629	14	14	57	57	36	36	109	109	8358	8358	14901	14901	3778	3778	2422	2422	265	265	13389	13389	2775	2775	8153	8153	178	178	100	100	8002	8002	6688	6688	3649	3649	2757	2757	199	199	329	329	898	898	257	257	116	116	57	57	341	341	323	323	327	327	470	470	136	136	91	91	665	665	924	924	271	271	466	466	1504	1504	4798	4798	6	6	102	102	6958	6958	3220	3220	66	66	119	119	237	237	134	134	118	118	214	214	179	179	22	22	367	367	194	194	21	21	126	126	254	254	1419	1419	1991	1991	4056	4056	112	112	127	127	23	23	22	22	93	93	6856	6856	16	16	1	1	9	9	9	9	48	48	114	114	45	45	31	31	176	176	8073	8073	2019	2019	179	179	106	106	250	250
IND00267	794	794	1978	1978	413	413	339	339	3276	3276	1177	1177	567	567	274	274	117	117	226	226	13485	13485	9918	9918	211	211	17	17	191	191	478	478	162	162	3509	3509	421	421	719	719	5365	5365	3089	3089	403	403	322	322	50	50	51	51	98	98	128	128	1703	1703	14326	14326	191	191	3066	3066	9933	9933	47593	47593	5080	5080	2438	2438	177	177	40	40	925	925	436	436	3682	3682	694	694	162	162	427	427	280	280	788	788	120	120	14	14	187	187	287	287	1014	1014	346	346	18	18	232	232	940	940	206	206	912	912	1840	1840	7291	7291	1020	1020	10	10	300	300	8098	8098	6510	6510	55	55	72	72	134	134	189	189	83	83	99	99	155	155	124	124	441	441	727	727	90	90	11	11	855	855	3630	3630	4004	4004	2194	2194	12	12	57	57	11	11	38	38	5677	5677	2323	2323	30	30	32	32	15	15	15	15	22	22	106	106	2	2	13	13	763	763	62	62	27172	27172	30648	30648	105	105	226	226
IND00268	1477	1477	115	115	17	17	314	314	6087	6087	382	382	33	33	282	282	209	209	34	34	16129	16129	5433	5433	1527	1527	203	203	219	219	14	14	4650	4650	5200	5200	376	376	209	209	8102	8102	5760	5760	277	277	316	316	8	8	6	6	72	72	146	146	13481	13481	15913	15913	3954	3954	695	695	19306	19306	58966	58966	4112	4112	84	84	193	193	138	138	5758	5758	609	609	819	819	652	652	1	1	414	414	1008	1008	342	342	71	71	101	101	477	477	111	111	498	498	639	639	197	197	55	55	404	404	89	89	437	437	1981	1981	14430	14430	5270	5270	321	321	151	151	186	186	7379	7379	99	99	120	120	247	247	88	88	214	214	60	60	113	113	152	152	758	758	317	317	25	25	47	47	1767	1767	92	92	2112	2112	1370	1370	41	41	12	12	31	31	54	54	6583	6583	6935	6935	11	11	24	24	3	3	10	10	80	80	49	49	12	12	35	35	4827	4827	258	258	10460	10460	28417	28417	124	124	106	106
IND00269	1181	1181	216	216	383	383	461	461	3688	3688	6018	6018	497	497	25	25	171	171	30	30	6985	6985	7715	7715	1290	1290	832	832	506	506	306	306	288	288	1809	1809	337	337	266	266	274	274	3988	3988	134	134	275	275	28	28	38	38	36	36	98	98	1129	1129	11520	11520	2260	2260	3238	3238	53078	53078	59078	59078	4660	4660	441	441	163	163	81	81	6782	6782	5390	5390	1767	1767	3314	3314	217	217	41	41	875	875	416	416	54	54	95	95	57	57	403	403	122	122	686	686	70	70	32	32	507	507	907	907	1982	1982	401	401	16315	16315	1096	1096	251	251	263	263	10260	10260	12437	12437	42	42	105	105	236	236	185	185	25	25	225	225	6	6	116	116	230	230	873	873	29	29	126	126	3700	3700	172	172	3059	3059	233	233	95	95	113	113	46	46	47	47	7167	7167	4933	4933	14	14	32	32	7	7	11	11	3	3	4	4	11	11	55	55	3720	3720	5016	5016	2183	2183	3526	3526	195	195	116	116
IND00270	1199	1199	550	550	239	239	480	480	7400	7400	3712	3712	879	879	43	43	66	66	204	204	1594	1594	15825	15825	1622	1622	1311	1311	309	309	392	392	246	246	7350	7350	168	168	369	369	174	174	2906	2906	381	381	42	42	55	55	56	56	105	105	98	98	5504	5504	13577	13577	910	910	518	518	56511	56511	55647	55647	3723	3723	4882	4882	75	75	225	225	2709	2709	6868	6868	2902	2902	1777	1777	452	452	300	300	849	849	239	239	38	38	39	39	85	85	231	231	429	429	143	143	113	113	108	108	313	313	697	697	860	860	1500	1500	3118	3118	3202	3202	255	255	306	306	15849	15849	10282	10282	72	72	57	57	93	93	138	138	46	46	129	129	154	154	51	51	3	3	94	94	55	55	15	15	461	461	125	125	2588	2588	3556	3556	24	24	89	89	4	4	22	22	6228	6228	4655	4655	13	13	6	6	13	13	16	16	83	83	59	59	46	46	31	31	6383	6383	4583	4583	12715	12715	17459	17459	224	224	92	92
IND00271	542	542	286	286	427	427	37	37	4528	4528	5449	5449	200	200	427	427	59	59	177	177	8708	8708	16190	16190	1177	1177	23	23	494	494	216	216	463	463	6162	6162	55	55	475	475	1502	1502	1967	1967	499	499	784	784	35	35	1	1	47	47	97	97	15851	15851	3663	3663	3190	3190	3715	3715	59641	59641	37722	37722	2977	2977	644	644	247	247	223	223	228	228	5613	5613	3803	3803	2221	2221	422	422	505	505	184	184	957	957	76	76	46	46	411	411	397	397	71	71	345	345	89	89	246	246	267	267	12	12	1741	1741	882	882	2757	2757	1702	1702	354	354	137	137	4244	4244	8658	8658	4	4	112	112	218	218	17	17	29	29	247	247	247	247	104	104	936	936	969	969	76	76	127	127	606	606	1415	1415	1517	1517	1723	1723	70	70	89	89	39	39	60	60	6804	6804	2694	2694	19	19	30	30	14	14	8	8	71	71	32	32	62	62	53	53	400	400	1011	1011	27585	27585	32732	32732	212	212	177	177
IND00272	974	974	1775	1775	222	222	74	74	7806	7806	7822	7822	343	343	71	71	155	155	245	245	1830	1830	4145	4145	1050	1050	433	433	504	504	489	489	808	808	418	418	868	868	215	215	5604	5604	2671	2671	89	89	629	629	12	12	15	15	37	37	103	103	4501	4501	13587	13587	327	327	3572	3572	50917	50917	20891	20891	321	321	3434	3434	154	154	44	44	6011	6011	7884	7884	4010	4010	646	646	130	130	35	35	170	170	391	391	88	88	104	104	14	14	5	5	836	836	301	301	18	18	42	42	300	300	184	184	1573	1573	831	831	3048	3048	9057	9057	40	40	207	207	14007	14007	3433	3433	60	60	94	94	187	187	123	123	227	227	110	110	184	184	189	189	649	649	618	618	20	20	118	118	1422	1422	2974	2974	2709	2709	170	170	102	102	125	125	50	50	3	3	1954	1954	5118	5118	10	10	16	16	12	12	2	2	66	66	29	29	33	33	39	39	507	507	4288	4288	31521	31521	12133	12133	190	190	244	244
IND00273	531	531	1733	1733	158	158	183	183	6817	6817	1694	1694	786	786	525	525	150	150	49	49	3598	3598	441	441	808	808	1624	1624	172	172	105	105	5384	5384	2678	2678	672	672	572	572	3117	3117	11	11	5	5	699	699	16	16	47	47	252	252	252	252	10242	10242	16000	16000	474	474	3064	3064	56260	56260	1991	1991	4669	4669	5784	5784	210	210	108	108	499	499	629	629	3688	3688	1897	1897	67	67	181	181	1002	1002	707	707	87	87	6	6	189	189	260	260	1020	1020	304	304	156	156	156	156	433	433	376	376	1769	1769	1177	1177	3870	3870	14486	14486	125	125	331	331	3359	3359	11325	11325	32	32	105	105	49	49	249	249	143	143	78	78	196	196	87	87	401	401	141	141	87	87	57	57	1737	1737	3324	3324	3268	3268	2990	2990	16	16	57	57	22	22	50	50	3656	3656	1934	1934	9	9	4	4	14	14	12	12	6	6	21	21	27	27	25	25	3191	3191	4330	4330	19748	19748	11276	11276	78	78	226	226
IND00274	1656	1656	1435	1435	148	148	430	430	749	749	3674	3674	784	784	52	52	23	23	40	40	10691	10691	7106	7106	1744	1744	1348	1348	505	505	168	168	5397	5397	4882	4882	519	519	205	205	6674	6674	1634	1634	258	258	524	524	63	63	56	56	126	126	7	7	11122	11122	3219	3219	1154	1154	2884	2884	64002	64002	56405	56405	1621	1621	2520	2520	135	135	206	206	685	685	3663	3663	1863	1863	3142	3142	47	47	19	19	575	575	779	779	50	50	75	75	110	110	54	54	979	979	43	43	169	169	50	50	5	5	266	266	1421	1421	1257	1257	1172	1172	4997	4997	178	178	309	309	9655	9655	721	721	84	84	31	31	24	24	37	37	137	137	61	61	252	252	251	251	228	228	931	931	67	67	52	52	1269	1269	1808	1808	1530	1530	2481	2481	13	13	7	7	12	12	44	44	7295	7295	3634	3634	28	28	25	25	13	13	10	10	31	31	23	23	37	37	48	48	2656	2656	3582	3582	31413	31413	17122	17122	205	205	178	178
IND00275	416	416	24	24	32	32	65	65	3040	3040	6124	6124	27	27	139	139	55	55	1	1	5937	5937	2180	2180	62	62	544	544	75	75	284	284	89	89	4157	4157	786	786	537	537	4801	4801	3821	3821	705	705	742	742	4	4	44	44	170	170	254	254	15548	15548	3863	3863	823	823	2473	2473	39360	39360	332	332	6408	6408	6510	6510	38	38	250	250	5949	5949	3517	3517	412	412	646	646	512	512	462	462	361	361	332	332	124	124	105	105	82	82	302	302	838	838	182	182	42	42	193	193	981	981	492	492	1646	1646	419	419	16043	16043	11675	11675	100	100	84	84	8683	8683	7605	7605	84	84	58	58	120	120	137	137	221	221	220	220	93	93	86	86	457	457	959	959	22	22	55	55	2857	2857	3057	3057	27	27	2872	2872	56	56	127	127	3	3	61	61	4666	4666	6235	6235	29	29	4	4	7	7	3	3	11	11	71	71	51	51	20	20	5372	5372	7816	7816	3868	3868	12023	12023	191	191	60	60
IND00276	1097	1097	996	996	443	443	133	133	2251	2251	4958	4958	346	346	792	792	62	62	83	83	15666	15666	8517	8517	1178	1178	2036	2036	344	344	102	102	6719	6719	2689	2689	466	466	317	317	1676	1676	7150	7150	458	458	760	760	9	9	60	60	173	173	5	5	8162	8162	2857	2857	567	567	3035	3035	60000	60000	59180	59180	2003	2003	6252	6252	222	222	218	218	1579	1579	7875	7875	506	506	710	710	462	462	433	433	19	19	979	979	110	110	23	23	196	196	474	474	142	142	820	820	130	130	119	119	365	365	154	154	948	948	1368	1368	12696	12696	6438	6438	181	181	506	506	13211	13211	6263	6263	13	13	19	19	78	78	126	126	71	71	187	187	10	10	187	187	820	820	18	18	43	43	104	104	2611	2611	582	582	2055	2055	2084	2084	44	44	48	48	22	22	17	17	70	70	5217	5217	23	23	27	27	3	3	10	10	9	9	88	88	4	4	15	15	7	7	8016	8016	5275	5275	16638	16638	62	62	213	213
IND00277	789	789	736	736	391	391	213	213	4653	4653	2673	2673	946	946	563	563	45	45	203	203	13775	13775	5464	5464	1579	1579	1252	1252	44	44	446	446	4755	4755	84	84	1008	1008	552	552	1326	1326	6132	6132	589	589	539	539	54	54	48	48	220	220	255	255	14758	14758	9862	9862	2552	2552	604	604	35828	35828	57181	57181	8058	8058	2743	2743	220	220	108	108	4945	4945	1862	1862	2254	2254	3646	3646	248	248	437	437	926	926	113	113	128	128	34	34	453	453	290	290	626	626	52	52	33	33	6	6	486	486	559	559	1214	1214	652	652	15246	15246	3113	3113	144	144	416	416	14850	14850	6399	6399	49	49	92	92	191	191	152	152	38	38	25	25	129	129	57	57	124	124	307	307	109	109	58	58	492	492	3062	3062	3079	3079	2171	2171	98	98	34	34	40	40	38	38	4046	4046	2821	2821	29	29	26	26	12	12	5	5	78	78	3	3	25	25	63	63	1600	1600	4768	4768	8656	8656	17307	17307	28	28	194	194
IND00278	1162	1162	52	52	102	102	337	337	3768	3768	4361	4361	954	954	784	784	228	228	8	8	3918	3918	4270	4270	551	551	1190	1190	292	292	486	486	1239	1239	6102	6102	367	367	175	175	6744	6744	2558	2558	304	304	659	659	13	13	18	18	232	232	11	11	11607	11607	8958	8958	2231	2231	624	624	53997	53997	17061	17061	5022	5022	5630	5630	9	9	87	87	7239	7239	877	877	3335	3335	3650	3650	156	156	339	339	668	668	165	165	106	106	38	38	44	44	482	482	954	954	1010	1010	214	214	255	255	526	526	195	195	1389	1389	563	563	9469	9469	697	697	249	249	424	424	157	157	12277	12277	2	2	36	36	229	229	89	89	21	21	118	118	8	8	50	50	667	667	23	23	110	110	29	29	802	802	341	341	1075	1075	3022	3022	67	67	122	122	60	60	6	6	2600	2600	4872	4872	26	26	30	30	1	1	6	6	4	4	89	89	64	64	50	50	7668	7668	2890	2890	5050	5050	18260	18260	78	78	169	169
IND00279	968	968	1651	1651	159	159	403	403	1813	1813	7294	7294	274	274	697	697	181	181	55	55	727	727	7291	7291	1830	1830	1366	1366	390	390	159	159	3328	3328	4873	4873	140	140	432	432	2505	2505	6818	6818	939	939	506	506	51	51	14	14	5	5	204	204	4047	4047	10176	10176	3422	3422	3645	3645	58649	58649	54260	54260	3416	3416	6317	6317	117	117	40	40	242	242	4400	4400	209	209	540	540	448	448	325	325	771	771	254	254	111	111	23	23	80	80	448	448	110	110	167	167	123	123	77	77	451	451	217	217	1880	1880	1518	1518	8666	8666	4099	4099	268	268	374	374	12408	12408	7142	7142	58	58	109	109	222	222	102	102	188	188	222	222	247	247	14	14	526	526	980	980	26	26	31	31	81	81	2091	2091	3065	3065	1250	1250	81	81	88	88	22	22	5	5	6255	6255	6697	6697	9	9	17	17	4	4	4	4	114	114	3	3	64	64	7	7	4752	4752	5876	5876	8901	8901	8979	8979	216	216	176	176
IND00280	153	153	1002	1002	278	278	383	383	3781	3781	5271	5271	52	52	187	187	42	42	152	152	6756	6756	8326	8326	121	121	1158	1158	350	350	129	129	270	270	7225	7225	958	958	1008	1008	340	340	5968	5968	794	794	680	680	21	21	32	32	3	3	233	233	6173	6173	3266	3266	2844	2844	2909	2909	62025	62025	2982	2982	5613	5613	3805	3805	138	138	80	80	825	825	1726	1726	3418	3418	1509	1509	202	202	476	476	347	347	904	904	40	40	7	7	288	288	17	17	424	424	223	223	181	181	61	61	40	40	988	988	1863	1863	1522	1522	4841	4841	12883	12883	133	133	436	436	13578	13578	5980	5980	58	58	23	23	36	36	151	151	226	226	150	150	18	18	37	37	14	14	645	645	24	24	3	3	1451	1451	2878	2878	1735	1735	1950	1950	95	95	119	119	1	1	31	31	4342	4342	4407	4407	29	29	11	11	12	12	9	9	16	16	64	64	48	48	2	2	7160	7160	917	917	28662	28662	21461	21461	127	127	52	52
IND00281	1077	1077	1267	1267	436	436	341	341	2392	2392	7733	7733	144	144	85	85	74	74	49	49	9085	9085	13184	13184	858	858	60	60	195	195	168	168	5354	5354	3257	3257	978	978	210	210	2482	2482	7876	7876	116	116	1015	1015	46	46	15	15	179	179	71	71	5368	5368	10737	10737	454	454	400	400	14448	14448	12533	12533	737	737	1988	1988	32	32	188	188	4563	4563	4484	4484	3813	3813	2644	2644	37	37	412	412	881	881	233	233	44	44	75	75	193	193	167	167	873	873	219	219	109	109	107	107	53	53	885	885	1626	1626	890	890	11010	11010	11190	11190	26	26	279	279	1726	1726	7658	7658	16	16	31	31	118	118	165	165	244	244	57	57	47	47	105	105	309	309	901	901	47	47	49	49	927	927	2791	2791	3273	3273	886	886	18	18	76	76	41	41	59	59	1868	1868	157	157	8	8	15	15	14	14	5	5	28	28	29	29	47	47	59	59	6957	6957	6275	6275	31466	31466	30539	30539	137	137	153	153
IND00282	1608	1608	1236	1236	508	508	469	469	1340	1340	2101	2101	950	950	742	742	99	99	77	77	3844	3844	6482	6482	1118	1118	1529	1529	353	353	221	221	2479	2479	359	359	286	286	670	670	853	853	7909	7909	370	370	883	883	42	42	38	38	12	12	129	129	7871	7871	13102	13102	2977	2977	2345	2345	44796	44796	12569	12569	3357	3357	2013	2013	18	18	247	247	1630	1630	3642	3642	3547	3547	3614	3614	12	12	77	77	525	525	244	244	87	87	69	69	402	402	396	396	111	111	217	217	102	102	156	156	984	984	97	97	659	659	1535	1535	2121	2121	14335	14335	417	417	250	250	4852	4852	3495	3495	118	118	50	50	136	136	125	125	244	244	79	79	45	45	124	124	21	21	308	308	96	96	31	31	1052	1052	3303	3303	3248	3248	174	174	11	11	126	126	19	19	19	19	3572	3572	8136	8136	18	18	18	18	1	1	4	4	25	25	95	95	51	51	13	13	3369	3369	4790	4790	24304	24304	23037	23037	55	55	81	81
IND00283	542	542	1300	1300	268	268	16	16	6758	6758	7651	7651	170	170	276	276	159	159	82	82	15691	15691	15946	15946	249	249	689	689	401	401	22	22	7967	7967	5505	5505	339	339	478	478	7566	7566	133	133	224	224	558	558	31	31	50	50	226	226	66	66	14344	14344	6355	6355	509	509	977	977	55411	55411	56326	56326	3622	3622	5990	5990	145	145	19	19	2534	2534	3102	3102	1524	1524	709	709	495	495	52	52	403	403	794	794	118	118	25	25	349	349	471	471	971	971	88	88	208	208	138	138	86	86	321	321	1005	1005	555	555	2349	2349	12770	12770	376	376	495	495	5553	5553	4913	4913	116	116	54	54	5	5	22	22	115	115	21	21	117	117	4	4	118	118	730	730	76	76	85	85	43	43	3500	3500	2564	2564	4072	4072	76	76	7	7	34	34	36	36	4044	4044	7884	7884	22	22	26	26	13	13	2	2	29	29	81	81	50	50	10	10	3673	3673	7190	7190	6430	6430	2411	2411	244	244	223	223
IND00284	1562	1562	568	568	151	151	260	260	1723	1723	5176	5176	695	695	284	284	70	70	135	135	7919	7919	8478	8478	1109	1109	196	196	148	148	147	147	4375	4375	6775	6775	995	995	831	831	3238	3238	6921	6921	47	47	633	633	25	25	64	64	9	9	178	178	11915	11915	9429	9429	1906	1906	3642	3642	9320	9320	47919	47919	3916	3916	3104	3104	25	25	168	168	7682	7682	6232	6232	3837	3837	1678	1678	388	388	203	203	27	27	1006	1006	101	101	3	3	361	361	58	58	916	916	837	837	172	172	244	244	217	217	922	922	1098	1098	2039	2039	8035	8035	4812	4812	394	394	485	485	737	737	157	157	95	95	62	62	125	125	10	10	249	249	254	254	227	227	129	129	71	71	748	748	114	114	111	111	3997	3997	1429	1429	1992	1992	1931	1931	123	123	11	11	53	53	10	10	4899	4899	1039	1039	30	30	12	12	8	8	15	15	83	83	67	67	30	30	58	58	7819	7819	5825	5825	30949	30949	8668	8668	27	27	136	136
IND00285	29	29	1254	1254	77	77	274	274	3560	3560	599	599	342	342	825	825	49	49	42	42	16166	16166	10814	10814	545	545	1426	1426	419	419	125	125	5795	5795	3764	3764	241	241	305	305	2184	2184	7335	7335	31	31	121	121	62	62	43	43	99	99	233	233	6213	6213	12477	12477	605	605	3750	3750	63409	63409	56981	56981	7014	7014	3311	3311	3	3	179	179	1819	1819	5901	5901	462	462	157	157	296	296	293	293	70	70	353	353	67	67	49	49	332	332	507	507	644	644	946	946	6	6	254	254	940	940	584	584	1015	1015	1134	1134	5672	5672	14841	14841	467	467	454	454	13461	13461	13715	13715	34	34	3	3	14	14	153	153	193	193	182	182	245	245	21	21	74	74	627	627	55	55	112	112	3383	3383	2833	2833	3235	3235	944	944	71	71	12	12	11	11	18	18	4695	4695	2603	2603	4	4	30	30	13	13	11	11	38	38	27	27	41	41	31	31	7899	7899	4960	4960	14387	14387	27171	27171	89	89	51	51
IND00286	551	551	1129	1129	300	300	43	43	4828	4828	7659	7659	340	340	497	497	40	40	162	162	11362	11362	5777	5777	1804	1804	1284	1284	154	154	335	335	5404	5404	5550	5550	295	295	486	486	2157	2157	4686	4686	767	767	97	97	51	51	48	48	115	115	38	38	7846	7846	8555	8555	377	377	757	757	31397	31397	6352	6352	220	220	6454	6454	134	134	120	120	6964	6964	3998	3998	2699	2699	227	227	432	432	424	424	605	605	71	71	126	126	82	82	256	256	102	102	361	361	987	987	191	191	129	129	599	599	560	560	1416	1416	178	178	5096	5096	4567	4567	232	232	281	281	1863	1863	8819	8819	43	43	58	58	176	176	3	3	112	112	84	84	140	140	96	96	905	905	750	750	95	95	48	48	2560	2560	3525	3525	1296	1296	1196	1196	14	14	89	89	23	23	26	26	1742	1742	828	828	8	8	21	21	15	15	14	14	25	25	55	55	35	35	17	17	7600	7600	4995	4995	28860	28860	4287	4287	157	157	1	1
IND00287	1372	1372	469	469	317	317	464	464	878	878	7579	7579	1006	1006	428	428	168	168	20	20	2786	2786	13436	13436	1407	1407	339	339	460	460	76	76	1406	1406	5379	5379	988	988	46	46	4563	4563	5241	5241	449	449	408	408	60	60	7	7	151	151	109	109	12610	12610	10841	10841	3640	3640	1087	1087	15430	15430	4206	4206	1234	1234	5011	5011	92	92	129	129	5137	5137	1807	1807	64	64	4000	4000	243	243	338	338	191	191	183	183	5	5	17	17	44	44	7	7	976	976	125	125	233	233	22	22	159	159	619	619	868	868	1664	1664	8240	8240	6078	6078	363	363	431	431	3433	3433	5966	5966	7	7	111	111	22	22	180	180	196	196	7	7	151	151	59	59	657	657	614	614	85	85	10	10	3862	3862	1053	1053	3304	3304	2166	2166	4	4	73	73	17	17	4	4	890	890	4925	4925	2	2	12	12	1	1	14	14	108	108	107	107	14	14	32	32	7116	7116	6756	6756	27163	27163	17512	17512	108	108	80	80
IND00288	593	593	1660	1660	282	282	282	282	7257	7257	7518	7518	712	712	774	774	249	249	151	151	2971	2971	5438	5438	1349	1349	642	642	311	311	347	347	2887	2887	2952	2952	1012	1012	50	50	2218	2218	1769	1769	772	772	655	655	48	48	59	59	235	235	82	82	4287	4287	3236	3236	1193	1193	1549	1549	28098	28098	36198	36198	7990	7990	7322	7322	27	27	186	186	489	489	1657	1657	190	190	1319	1319	354	354	196	196	630	630	201	201	9	9	25	25	205	205	132	132	417	417	678	678	175	175	189	189	782	782	425	425	1968	1968	1010	1010	13816	13816	2053	2053	322	322	299	299	27	27	12681	12681	76	76	83	83	193	193	9	9	194	194	71	71	250	250	76	76	611	611	254	254	86	86	128	128	521	521	927	927	3680	3680	4075	4075	113	113	91	91	21	21	54	54	3931	3931	1269	1269	23	23	23	23	3	3	13	13	72	72	95	95	12	12	26	26	2551	2551	1590	1590	1625	1625	15763	15763	70	70	166	166
IND00289	2005	2005	863	863	386	386	236	236	891	891	1757	1757	278	278	890	890	157	157	255	255	5507	5507	3989	3989	1347	1347	319	319	437	437	100	100	6125	6125	3340	3340	69	69	484	484	4987	4987	6962	6962	339	339	434	434	63	63	63	63	68	68	147	147	3641	3641	10674	10674	866	866	3355	3355	25239	25239	17478	17478	5890	5890	4047	4047	149	149	229	229	3318	3318	7032	7032	2607	2607	1608	1608	266	266	229	229	143	143	691	691	6	6	75	75	12	12	369	369	195	195	533	533	18	18	150	150	847	847	188	188	1107	1107	253	253	6209	6209	5334	5334	458	458	89	89	2689	2689	7089	7089	17	17	51	51	36	36	54	54	128	128	166	166	120	120	155	155	387	387	585	585	23	23	99	99	94	94	2856	2856	955	955	3995	3995	40	40	112	112	27	27	62	62	6384	6384	7393	7393	29	29	15	15	16	16	8	8	22	22	107	107	10	10	58	58	3381	3381	8053	8053	5897	5897	26447	26447	72	72	15	15
IND00290	1176	1176	377	377	300	300	68	68	2966	2966	7219	7219	976	976	619	619	256	256	238	238	12593	12593	984	984	739	739	924	924	359	359	169	169	1021	1021	6779	6779	567	567	494	494	2278	2278	8129	8129	344	344	955	955	7	7	36	36	251	251	174	174	6387	6387	8467	8467	1030	1030	2808	2808	26469	26469	28982	28982	1964	1964	1905	1905	40	40	74	74	3464	3464	6763	6763	1405	1405	1597	1597	347	347	406	406	533	533	669	669	51	51	44	44	47	47	279	279	844	844	412	412	31	31	166	166	924	924	355	355	555	555	153	153	15635	15635	12484	12484	413	413	295	295	9913	9913	14617	14617	4	4	11	11	253	253	204	204	197	197	64	64	24	24	199	199	67	67	476	476	12	12	124	124	1306	1306	355	355	395	395	356	356	58	58	25	25	61	61	62	62	6682	6682	7964	7964	30	30	22	22	9	9	7	7	82	82	55	55	42	42	41	41	4980	4980	7610	7610	7192	7192	30776	30776	251	251	11	11
IND00291	665	665	1106	1106	394	394	336	336	2809	2809	1609	1609	436	436	823	823	232	232	71	71	909	909	16333	16333	1572	1572	1351	1351	229	229	436	436	5636	5636	4629	4629	957	957	829	829	2599	2599	1632	1632	55	55	753	753	48	48	35	35	101	101	203	203	2646	2646	4042	4042	1229	1229	957	957	62002	62002	16929	16929	6998	6998	4160	4160	176	176	234	234	7122	7122	7970	7970	3689	3689	3428	3428	170	170	383	383	319	319	524	524	16	16	26	26	132	132	264	264	151	151	106	106	139	139	161	161	899	899	674	674	794	794	1239	1239	4629	4629	11743	11743	229	229	223	223	15577	15577	3300	3300	54	54	40	40	236	236	146	146	211	211	182	182	86	86	189	189	428	428	448	448	37	37	114	114	4022	4022	2256	2256	89	89	2123	2123	30	30	58	58	40	40	52	52	3032	3032	3652	3652	30	30	19	19	6	6	8	8	127	127	69	69	36	36	43	43	7870	7870	1660	1660	3693	3693	14288	14288	134	134	171	171
IND00292	106	106	154	154	375	375	33	33	4387	4387	8081	8081	930	930	332	332	168	168	161	161	6362	6362	7039	7039	400	400	766	766	399	399	481	481	2044	2044	5621	5621	403	403	147	147	4873	4873	5131	5131	593	593	1	1	55	55	43	43	176	176	225	225	7947	7947	9325	9325	4080	4080	1786	1786	47982	47982	9122	9122	3833	3833	370	370	229	229	242	242	5425	5425	5899	5899	1930	1930	2276	2276	139	139	223	223	162	162	834	834	18	18	22	22	354	354	293	293	660	660	491	491	71	71	22	22	383	383	569	569	1515	1515	1938	1938	12735	12735	8084	8084	101	101	507	507	8940	8940	12742	12742	120	120	90	90	156	156	86	86	172	172	180	180	133	133	137	137	1017	1017	239	239	72	72	80	80	4034	4034	2667	2667	752	752	1524	1524	26	26	123	123	54	54	52	52	4394	4394	4373	4373	25	25	17	17	16	16	1	1	18	18	103	103	3	3	7	7	7286	7286	7159	7159	4307	4307	489	489	42	42	201	201
IND00293	2024	2024	1755	1755	85	85	158	158	5373	5373	2109	2109	894	894	701	701	171	171	212	212	8134	8134	6981	6981	241	241	817	817	445	445	472	472	3263	3263	7361	7361	265	265	236	236	3240	3240	8050	8050	8	8	702	702	34	34	17	17	174	174	218	218	8022	8022	4079	4079	2829	2829	477	477	4875	4875	746	746	6013	6013	3726	3726	170	170	115	115	3530	3530	1295	1295	1851	1851	3231	3231	170	170	128	128	511	511	871	871	37	37	106	106	166	166	162	162	408	408	636	636	226	226	142	142	909	909	259	259	1577	1577	735	735	1892	1892	8060	8060	446	446	268	268	15536	15536	2579	2579	85	85	38	38	77	77	45	45	40	40	22	22	52	52	29	29	70	70	463	463	111	111	92	92	2264	2264	1249	1249	864	864	3198	3198	34	34	29	29	7	7	48	48	7229	7229	5255	5255	19	19	1	1	14	14	8	8	28	28	115	115	40	40	20	20	3150	3150	3730	3730	4579	4579	17227	17227	63	63	17	17
IND00294	794	794	1870	1870	63	63	40	40	8124	8124	2255	2255	31	31	825	825	205	205	204	204	7702	7702	3333	3333	1919	1919	1599	1599	252	252	475	475	3277	3277	4570	4570	545	545	767	767	7638	7638	6412	6412	53	53	793	793	53	53	22	22	75	75	235	235	569	569	8100	8100	3402	3402	2348	2348	51845	51845	44487	44487	3785	3785	6637	6637	79	79	123	123	7022	7022	1457	1457	2104	2104	2084	2084	460	460	385	385	240	240	202	202	58	58	81	81	299	299	284	284	909	909	140	140	32	32	143	143	644	644	225	225	1248	1248	386	386	4223	4223	9256	9256	396	396	219	219	15086	15086	5938	5938	56	56	91	91	228	228	195	195	122	122	76	76	97	97	140	140	214	214	897	897	108	108	28	28	3429	3429	4067	4067	2486	2486	2301	2301	45	45	108	108	5	5	48	48	4125	4125	6298	6298	31	31	30	30	15	15	14	14	47	47	84	84	60	60	33	33	6073	6073	3002	3002	15276	15276	9299	9299	139	139	134	134
IND00295	736	736	1007	1007	121	121	265	265	8004	8004	5369	5369	800	800	89	89	111	111	244	244	12116	12116	3337	3337	68	68	1353	1353	57	57	310	310	3791	3791	573	573	716	716	876	876	36	36	1226	1226	18	18	218	218	45	45	27	27	82	82	181	181	5894	5894	670	670	1692	1692	3814	3814	30526	30526	7285	7285	2181	2181	1394	1394	62	62	134	134	4093	4093	7107	7107	3333	3333	1940	1940	474	474	245	245	53	53	249	249	107	107	33	33	265	265	176	176	196	196	496	496	56	56	231	231	683	683	945	945	136	136	284	284	8406	8406	15957	15957	135	135	436	436	6851	6851	12649	12649	9	9	9	9	173	173	150	150	125	125	2	2	216	216	169	169	680	680	858	858	69	69	47	47	4032	4032	2118	2118	2299	2299	2431	2431	38	38	37	37	19	19	7	7	8132	8132	5067	5067	21	21	21	21	6	6	5	5	67	67	63	63	7	7	11	11	7161	7161	3037	3037	6513	6513	6510	6510	115	115	41	41
IND00296	1798	1798	1082	1082	139	139	6	6	3516	3516	7971	7971	784	784	656	656	111	111	111	111	16294	16294	7031	7031	1998	1998	1804	1804	297	297	103	103	5383	5383	7596	7596	645	645	952	952	2781	2781	1842	1842	793	793	826	826	14	14	29	29	156	156	46	46	4585	4585	6714	6714	4009	4009	850	850	10766	10766	3213	3213	6509	6509	5357	5357	150	150	175	175	2090	2090	2115	2115	3466	3466	2618	2618	398	398	179	179	143	143	425	425	115	115	49	49	269	269	85	85	998	998	644	644	194	194	225	225	472	472	524	524	1566	1566	1101	1101	13701	13701	4269	4269	413	413	505	505	10188	10188	13485	13485	2	2	6	6	88	88	241	241	256	256	211	211	210	210	245	245	813	813	766	766	74	74	84	84	2288	2288	1611	1611	1874	1874	1479	1479	70	70	106	106	56	56	1	1	6361	6361	6929	6929	9	9	29	29	15	15	16	16	100	100	67	67	57	57	11	11	69	69	6196	6196	2505	2505	17753	17753	208	208	138	138
IND00297	2005	2005	1192	1192	26	26	227	227	5928	5928	4059	4059	733	733	558	558	71	71	86	86	1525	1525	1991	1991	534	534	1068	1068	369	369	209	209	248	248	2453	2453	836	836	1021	1021	152	152	2241	2241	108	108	745	745	12	12	38	38	231	231	218	218	12670	12670	1900	1900	2864	2864	3471	3471	4611	4611	50698	50698	2371	2371	5307	5307	253	253	221	221	2676	2676	5837	5837	2888	2888	236	236	174	174	147	147	785	785	1001	1001	4	4	95	95	315	315	90	90	154	154	479	479	236	236	106	106	568	568	93	93	519	519	1163	1163	16026	16026	9645	9645	226	226	328	328	7035	7035	14566	14566	52	52	102	102	166	166	77	77	4	4	102	102	173	173	56	56	435	435	612	612	107	107	92	92	2432	2432	3472	3472	1986	1986	215	215	49	49	75	75	60	60	31	31	5685	5685	6403	6403	26	26	14	14	3	3	8	8	33	33	59	59	63	63	23	23	1633	1633	1409	1409	9945	9945	25810	25810	137	137	89	89
IND00298	1790	1790	941	941	41	41	381	381	6017	6017	6853	6853	1010	1010	634	634	80	80	178	178	7580	7580	12869	12869	438	438	126	126	24	24	371	371	2903	2903	2426	2426	632	632	555	555	5713	5713	386	386	631	631	387	387	6	6	40	40	128	128	254	254	7860	7860	1316	1316	2452	2452	1453	1453	44729	44729	21021	21021	4941	4941	4295	4295	192	192	202	202	4332	4332	221	221	1207	1207	73	73	95	95	133	133	18	18	335	335	6	6	70	70	198	198	316	316	741	741	979	979	184	184	16	16	851	851	992	992	315	315	852	852	15500	15500	9109	9109	336	336	411	411	12088	12088	3008	3008	87	87	107	107	140	140	199	199	178	178	137	137	198	198	162	162	609	609	103	103	75	75	26	26	1781	1781	3392	3392	805	805	2467	2467	115	115	112	112	45	45	25	25	2204	2204	1749	1749	9	9	2	2	13	13	3	3	92	92	91	91	20	20	36	36	4544	4544	5611	5611	3467	3467	15821	15821	209	209	51	51
IND00299	32	32	265	265	386	386	308	308	3928	3928	3778	3778	498	498	725	725	15	15	192	192	15485	15485	10087	10087	171	171	1894	1894	135	135	504	504	432	432	7329	7329	793	793	317	317	2727	2727	5681	5681	375	375	1	1	26	26	39	39	79	79	151	151	13111	13111	273	273	4030	4030	675	675	56958	56958	26912	26912	7202	7202	7407	7407	13	13	38	38	900	900	4138	4138	4096	4096	985	985	215	215	186	186	327	327	260	260	85	85	74	74	368	368	87	87	421	421	487	487	196	196	116	116	442	442	160	160	959	959	1915	1915	8670	8670	1751	1751	89	89	488	488	4203	4203	1828	1828	17	17	96	96	113	113	54	54	138	138	214	214	17	17	135	135	221	221	732	732	115	115	25	25	2508	2508	570	570	1528	1528	493	493	4	4	10	10	40	40	51	51	3169	3169	3052	3052	27	27	32	32	16	16	6	6	117	117	122	122	59	59	5	5	6749	6749	5309	5309	1532	1532	31604	31604	42	42	221	221
IND00300	1406	1406	394	394	255	255	205	205	3447	3447	798	798	454	454	51	51	191	191	200	200	3936	3936	11429	11429	2039	2039	1157	1157	333	333	400	400	1938	1938	6790	6790	558	558	21	21	2107	2107	7403	7403	685	685	891	891	47	47	39	39	2	2	241	241	10911	10911	10744	10744	3922	3922	2113	2113	44371	44371	62239	62239	1439	1439	1627	1627	124	124	64	64	1113	1113	4290	4290	2022	2022	2861	2861	54	54	55	55	643	643	251	251	71	71	102	102	288	288	317	317	553	553	568	568	155	155	187	187	207	207	181	181	1594	1594	1496	1496	6078	6078	6068	6068	180	180	147	147	7154	7154	14440	14440	59	59	60	60	253	253	99	99	160	160	153	153	107	107	214	214	83	83	920	920	112	112	24	24	1937	1937	3058	3058	681	681	3743	3743	30	30	124	124	46	46	16	16	7452	7452	2104	2104	3	3	22	22	14	14	10	10	29	29	76	76	29	29	43	43	7343	7343	998	998	24007	24007	11547	11547	172	172	50	50
IND00301	181	181	823	823	221	221	288	288	1398	1398	6410	6410	566	566	25	25	112	112	22	22	16298	16298	765	765	1011	1011	550	550	256	256	480	480	565	565	4295	4295	642	642	24	24	747	747	2714	2714	435	435	706	706	27	27	21	21	104	104	159	159	8585	8585	4572	4572	2588	2588	2	2	58729	58729	54332	54332	5519	5519	1284	1284	45	45	231	231	2655	2655	4442	4442	2796	2796	508	508	330	330	306	306	995	995	116	116	73	73	50	50	378	378	56	56	948	948	857	857	217	217	112	112	888	888	286	286	1483	1483	1333	1333	12414	12414	6708	6708	168	168	396	396	8049	8049	8939	8939	115	115	89	89	214	214	90	90	211	211	229	229	70	70	206	206	269	269	434	434	83	83	21	21	590	590	2349	2349	2046	2046	1052	1052	87	87	109	109	61	61	31	31	5048	5048	2915	2915	15	15	8	8	12	12	4	4	33	33	44	44	32	32	6	6	6250	6250	3961	3961	21511	21511	15179	15179	211	211	254	254
IND00302	523	523	1592	1592	351	351	63	63	3256	3256	1027	1027	354	354	129	129	127	127	3	3	9158	9158	8403	8403	238	238	1947	1947	380	380	487	487	4346	4346	3599	3599	157	157	661	661	4465	4465	5497	5497	345	345	284	284	62	62	6	6	142	142	176	176	12030	12030	9831	9831	1320	1320	2328	2328	45957	45957	42125	42125	5377	5377	5157	5157	44	44	84	84	5151	5151	510	510	3798	3798	2869	2869	71	71	59	59	293	293	510	510	75	75	87	87	473	473	152	152	726	726	589	589	219	219	53	53	853	853	446	446	2023	2023	495	495	7513	7513	8312	8312	401	401	308	308	2562	2562	14229	14229	85	85	36	36	205	205	187	187	162	162	158	158	227	227	173	173	158	158	126	126	33	33	20	20	3122	3122	667	667	1300	1300	1200	1200	52	52	87	87	25	25	31	31	4637	4637	2339	2339	8	8	28	28	8	8	8	8	100	100	21	21	51	51	53	53	7621	7621	2149	2149	10396	10396	27724	27724	183	183	106	106
IND00303	1403	1403	985	985	459	459	477	477	491	491	1983	1983	143	143	129	129	198	198	252	252	1376	1376	5998	5998	1602	1602	438	438	457	457	403	403	5453	5453	6766	6766	523	523	77	77	4722	4722	3838	3838	897	897	588	588	32	32	21	21	207	207	155	155	12065	12065	14312	14312	3201	3201	515	515	31804	31804	8316	8316	2976	2976	4177	4177	47	47	213	213	190	190	8117	8117	1048	1048	440	440	464	464	202	202	848	848	277	277	51	51	3	3	268	268	365	365	51	51	579	579	213	213	146	146	706	706	884	884	1138	1138	2026	2026	4313	4313	318	318	453	453	232	232	1156	1156	5228	5228	39	39	63	63	96	96	177	177	223	223	120	120	141	141	203	203	352	352	968	968	117	117	40	40	248	248	1868	1868	3125	3125	757	757	54	54	111	111	30	30	15	15	6837	6837	5889	5889	6	6	26	26	9	9	6	6	41	41	26	26	52	52	53	53	3058	3058	7238	7238	7231	7231	14845	14845	11	11	27	27
IND00304	608	608	1684	1684	409	409	32	32	7066	7066	7106	7106	314	314	633	633	83	83	47	47	15930	15930	7180	7180	295	295	123	123	254	254	506	506	2372	2372	526	526	254	254	941	941	4817	4817	4104	4104	604	604	5	5	39	39	62	62	219	219	244	244	114	114	7146	7146	548	548	1407	1407	32735	32735	44321	44321	2090	2090	2201	2201	36	36	106	106	3164	3164	4299	4299	1351	1351	2394	2394	313	313	412	412	925	925	900	900	79	79	84	84	81	81	69	69	789	789	780	780	91	91	92	92	390	390	507	507	1267	1267	1644	1644	2936	2936	5959	5959	24	24	99	99	7864	7864	15402	15402	44	44	32	32	26	26	137	137	227	227	228	228	94	94	107	107	970	970	217	217	61	61	125	125	2832	2832	3962	3962	2937	2937	613	613	41	41	90	90	55	55	16	16	6188	6188	4115	4115	8	8	17	17	6	6	15	15	56	56	24	24	28	28	6	6	4313	4313	3455	3455	801	801	31807	31807	123	123	244	244
IND00305	1790	1790	1223	1223	290	290	274	274	2451	2451	1458	1458	91	91	953	953	105	105	181	181	1208	1208	16088	16088	328	328	972	972	465	465	452	452	6233	6233	520	520	415	415	396	396	5907	5907	2444	2444	154	154	470	470	58	58	9	9	99	99	181	181	15998	15998	11736	11736	3918	3918	356	356	22989	22989	26483	26483	3818	3818	2961	2961	150	150	48	48	4042	4042	6308	6308	3080	3080	1847	1847	340	340	145	145	424	424	1008	1008	66	66	77	77	314	314	125	125	277	277	802	802	98	98	131	131	625	625	595	595	1216	1216	25	25	10609	10609	12880	12880	487	487	23	23	12854	12854	2870	2870	20	20	79	79	225	225	119	119	94	94	192	192	210	210	177	177	762	762	526	526	16	16	120	120	2083	2083	3209	3209	1904	1904	1832	1832	69	69	34	34	39	39	53	53	1989	1989	2000	2000	29	29	26	26	15	15	12	12	23	23	22	22	41	41	4	4	2640	2640	5109	5109	20870	20870	2405	2405	63	63	142	142
IND00306	312	312	2031	2031	151	151	433	433	6827	6827	716	716	275	275	799	799	168	168	165	165	22	22	8547	8547	374	374	1728	1728	318	318	290	290	7820	7820	226	226	606	606	423	423	4175	4175	3609	3609	237	237	416	416	33	33	64	64	99	99	114	114	324	324	1210	1210	3029	3029	2004	2004	63815	63815	34960	34960	5236	5236	7028	7028	144	144	206	206	518	518	1452	1452	52	52	395	395	184	184	48	48	44	44	62	62	49	49	43	43	384	384	377	377	694	694	200	200	85	85	136	136	368	368	669	669	561	561	1036	1036	3835	3835	11804	11804	340	340	239	239	11106	11106	7558	7558	12	12	121	121	157	157	81	81	132	132	59	59	146	146	252	252	9	9	870	870	65	65	2	2	2718	2718	1239	1239	365	365	664	664	76	76	116	116	17	17	34	34	5226	5226	4915	4915	21	21	17	17	7	7	3	3	125	125	41	41	19	19	5	5	3621	3621	2466	2466	13353	13353	4278	4278	161	161	87	87
IND00307	1559	1559	702	702	445	445	165	165	8087	8087	5388	5388	711	711	375	375	122	122	231	231	7251	7251	15878	15878	755	755	323	323	467	467	91	91	3472	3472	3961	3961	814	814	157	157	1090	1090	4661	4661	194	194	637	637	11	11	24	24	222	222	146	146	13894	13894	6342	6342	3442	3442	3771	3771	14822	14822	43812	43812	3252	3252	5106	5106	66	66	152	152	5977	5977	3253	3253	2241	2241	3110	3110	316	316	428	428	360	360	1008	1008	15	15	88	88	118	118	154	154	523	523	213	213	166	166	251	251	606	606	238	238	1354	1354	1605	1605	12252	12252	11221	11221	68	68	171	171	11243	11243	220	220	86	86	72	72	55	55	122	122	181	181	116	116	98	98	124	124	699	699	805	805	15	15	91	91	151	151	1128	1128	2732	2732	3327	3327	35	35	121	121	58	58	59	59	2886	2886	8069	8069	30	30	29	29	12	12	6	6	59	59	46	46	55	55	8	8	2741	2741	5546	5546	11767	11767	8784	8784	201	201	76	76
IND00308	66	66	358	358	375	375	258	258	2718	2718	3496	3496	839	839	729	729	128	128	225	225	5936	5936	6302	6302	1153	1153	701	701	14	14	21	21	4881	4881	4670	4670	827	827	372	372	7127	7127	7513	7513	822	822	35	35	9	9	24	24	121	121	194	194	2959	2959	5042	5042	3765	3765	2964	2964	17373	17373	14102	14102	2588	2588	237	237	208	208	154	154	3497	3497	4051	4051	1607	1607	956	956	125	125	447	447	761	761	205	205	58	58	74	74	449	449	202	202	165	165	19	19	236	236	216	216	72	72	419	419	1559	1559	583	583	5878	5878	15025	15025	463	463	78	78	11451	11451	4022	4022	65	65	14	14	195	195	247	247	30	30	156	156	6	6	85	85	261	261	476	476	100	100	107	107	1804	1804	2210	2210	3849	3849	2168	2168	37	37	52	52	62	62	64	64	5676	5676	4592	4592	23	23	31	31	14	14	9	9	36	36	16	16	63	63	33	33	3305	3305	422	422	10893	10893	22439	22439	46	46	59	59
IND00309	1632	1632	381	381	195	195	368	368	1367	1367	876	876	732	732	743	743	111	111	138	138	3829	3829	9584	9584	847	847	445	445	149	149	269	269	5306	5306	191	191	2	2	1006	1006	896	896	4016	4016	828	828	352	352	50	50	43	43	69	69	156	156	13079	13079	5728	5728	2365	2365	1029	1029	6429	6429	53233	53233	2978	2978	7077	7077	56	56	40	40	5465	5465	8122	8122	3540	3540	3443	3443	289	289	395	395	774	774	266	266	8	8	59	59	268	268	67	67	364	364	684	684	153	153	195	195	424	424	802	802	1348	1348	814	814	5439	5439	1069	1069	252	252	365	365	10889	10889	6323	6323	97	97	96	96	83	83	101	101	207	207	125	125	31	31	128	128	639	639	132	132	58	58	24	24	3805	3805	111	111	1705	1705	95	95	62	62	113	113	61	61	14	14	1033	1033	6084	6084	2	2	21	21	10	10	15	15	36	36	5	5	46	46	50	50	7822	7822	1920	1920	13856	13856	3890	3890	5	5	137	137
IND00310	41	41	1878	1878	433	433	118	118	1773	1773	1031	1031	431	431	336	336	194	194	145	145	16229	16229	3995	3995	1304	1304	498	498	102	102	273	273	5146	5146	4616	4616	634	634	391	391	3131	3131	484	484	312	312	599	599	47	47	20	20	224	224	243	243	8026	8026	15495	15495	1828	1828	2123	2123	19521	19521	52378	52378	6742	6742	5058	5058	156	156	198	198	3957	3957	7635	7635	884	884	783	783	284	284	480	480	396	396	618	618	25	25	13	13	242	242	387	387	706	706	843	843	250	250	180	180	710	710	240	240	1371	1371	186	186	2421	2421	9392	9392	471	471	398	398	15842	15842	8313	8313	34	34	96	96	107	107	115	115	223	223	77	77	113	113	206	206	127	127	948	948	122	122	50	50	4040	4040	2502	2502	1274	1274	2185	2185	100	100	60	60	62	62	13	13	1237	1237	6706	6706	26	26	24	24	7	7	3	3	117	117	84	84	6	6	23	23	3227	3227	2033	2033	14161	14161	11861	11861	225	225	156	156
IND00311	50	50	2047	2047	461	461	176	176	6036	6036	2647	2647	58	58	852	852	33	33	75	75	2498	2498	9049	9049	1702	1702	760	760	361	361	332	332	7265	7265	4187	4187	780	780	751	751	4622	4622	7768	7768	531	531	845	845	49	49	35	35	10	10	161	161	5423	5423	4713	4713	2297	2297	2301	2301	32469	32469	19677	19677	847	847	1580	1580	38	38	111	111	3044	3044	3287	3287	1173	1173	1257	1257	288	288	35	35	585	585	592	592	39	39	76	76	285	285	274	274	12	12	452	452	136	136	141	141	707	707	1018	1018	577	577	89	89	269	269	11236	11236	497	497	409	409	1770	1770	11832	11832	8	8	41	41	244	244	72	72	194	194	200	200	217	217	137	137	993	993	247	247	25	25	2	2	2966	2966	1296	1296	170	170	1603	1603	80	80	29	29	56	56	46	46	6050	6050	1611	1611	32	32	23	23	12	12	8	8	45	45	5	5	8	8	37	37	3838	3838	5841	5841	28237	28237	21040	21040	105	105	203	203
IND00312	1408	1408	629	629	231	231	396	396	3379	3379	6020	6020	434	434	912	912	122	122	5	5	8092	8092	6600	6600	1236	1236	1186	1186	227	227	370	370	6978	6978	4189	4189	327	327	446	446	7699	7699	4278	4278	397	397	328	328	28	28	35	35	212	212	171	171	14571	14571	5217	5217	1706	1706	301	301	6212	6212	23444	23444	341	341	6424	6424	111	111	110	110	6430	6430	3791	3791	1513	1513	615	615	290	290	430	430	814	814	688	688	109	109	8	8	292	292	161	161	810	810	573	573	183	183	234	234	795	795	838	838	234	234	1048	1048	11628	11628	8927	8927	144	144	56	56	9466	9466	8574	8574	37	37	104	104	42	42	31	31	24	24	128	128	1	1	223	223	879	879	352	352	86	86	37	37	2278	2278	3183	3183	3025	3025	1093	1093	3	3	9	9	55	55	50	50	7879	7879	3637	3637	16	16	27	27	4	4	8	8	35	35	73	73	45	45	47	47	5016	5016	6721	6721	26209	26209	17606	17606	86	86	150	150
IND00313	227	227	671	671	117	117	203	203	7961	7961	1742	1742	497	497	778	778	224	224	58	58	14798	14798	7722	7722	801	801	1305	1305	152	152	463	463	4263	4263	2953	2953	835	835	842	842	454	454	6573	6573	105	105	875	875	63	63	14	14	112	112	55	55	3290	3290	11550	11550	1849	1849	762	762	63450	63450	11321	11321	2763	2763	6553	6553	30	30	14	14	8114	8114	3837	3837	2415	2415	1787	1787	504	504	501	501	993	993	349	349	58	58	67	67	391	391	87	87	630	630	325	325	14	14	120	120	768	768	925	925	301	301	1507	1507	7044	7044	7844	7844	67	67	295	295	27	27	7640	7640	78	78	40	40	221	221	250	250	200	200	32	32	153	153	210	210	714	714	630	630	45	45	49	49	1889	1889	3276	3276	1093	1093	3822	3822	48	48	44	44	55	55	50	50	5566	5566	4262	4262	25	25	16	16	11	11	8	8	119	119	81	81	59	59	17	17	1496	1496	7971	7971	29128	29128	5476	5476	181	181	6	6
IND00314	1039	1039	1515	1515	55	55	41	41	6244	6244	2771	2771	550	550	99	99	107	107	171	171	8199	8199	569	569	544	544	544	544	122	122	410	410	6238	6238	5739	5739	432	432	525	525	5125	5125	5008	5008	327	327	106	106	53	53	59	59	170	170	48	48	4500	4500	7334	7334	1890	1890	2693	2693	61339	61339	39712	39712	1539	1539	5807	5807	71	71	56	56	657	657	7571	7571	350	350	1291	1291	499	499	139	139	307	307	935	935	85	85	19	19	452	452	132	132	817	817	340	340	122	122	158	158	803	803	480	480	1260	1260	933	933	1573	1573	2608	2608	63	63	29	29	15591	15591	13543	13543	120	120	124	124	78	78	222	222	55	55	91	91	82	82	204	204	777	777	65	65	31	31	45	45	1670	1670	2104	2104	2491	2491	3192	3192	45	45	49	49	47	47	64	64	5677	5677	4417	4417	5	5	23	23	7	7	10	10	123	123	82	82	22	22	30	30	947	947	90	90	18967	18967	15083	15083	227	227	117	117
IND00315	617	617	1718	1718	160	160	11	11	5767	5767	3510	3510	753	753	540	540	167	167	39	39	904	904	5189	5189	561	561	1241	1241	90	90	237	237	6278	6278	6234	6234	736	736	850	850	1541	1541	3079	3079	394	394	106	106	60	60	50	50	232	232	193	193	1427	1427	2929	2929	86	86	1429	1429	62862	62862	6681	6681	2483	2483	3093	3093	13	13	204	204	1761	1761	6308	6308	2257	2257	1679	1679	222	222	383	383	155	155	616	616	105	105	14	14	457	457	300	300	311	311	630	630	64	64	163	163	972	972	119	119	225	225	1112	1112	6728	6728	15311	15311	37	37	251	251	3713	3713	4334	4334	17	17	110	110	226	226	32	32	76	76	66	66	211	211	7	7	93	93	332	332	122	122	114	114	1610	1610	1871	1871	1131	1131	926	926	56	56	15	15	1	1	18	18	5127	5127	2181	2181	22	22	8	8	7	7	11	11	117	117	95	95	23	23	61	61	6684	6684	2380	2380	27839	27839	25251	25251	227	227	114	114
IND00316	1854	1854	406	406	4	4	297	297	6306	6306	1391	1391	568	568	546	546	239	239	63	63	892	892	9173	9173	630	630	1599	1599	224	224	96	96	4373	4373	1996	1996	801	801	158	158	7358	7358	4803	4803	645	645	363	363	6	6	21	21	124	124	105	105	394	394	10556	10556	1632	1632	2476	2476	3707	3707	57947	57947	2983	2983	416	416	82	82	168	168	819	819	947	947	3931	3931	520	520	16	16	238	238	805	805	757	757	53	53	109	109	224	224	273	273	840	840	946	946	50	50	86	86	267	267	830	830	265	265	144	144	11064	11064	5000	5000	305	305	192	192	13087	13087	13812	13812	75	75	1	1	36	36	139	139	213	213	46	46	174	174	183	183	974	974	14	14	83	83	121	121	41	41	531	531	1086	1086	2683	2683	81	81	108	108	18	18	55	55	5308	5308	7461	7461	7	7	14	14	10	10	7	7	47	47	115	115	36	36	12	12	4168	4168	3567	3567	27992	27992	6565	6565	117	117	94	94
IND00317	1450	1450	1112	1112	395	395	215	215	6488	6488	812	812	1011	1011	470	470	163	163	34	34	14791	14791	10884	10884	162	162	178	178	463	463	51	51	255	255	1404	1404	401	401	228	228	328	328	2183	2183	783	783	738	738	26	26	62	62	122	122	138	138	12291	12291	5916	5916	2209	2209	2125	2125	60924	60924	16976	16976	8103	8103	1912	1912	169	169	36	36	7954	7954	4994	4994	3293	3293	2823	2823	186	186	435	435	566	566	708	708	12	12	93	93	212	212	229	229	706	706	662	662	85	85	171	171	188	188	213	213	2047	2047	348	348	8915	8915	3241	3241	32	32	457	457	9494	9494	3196	3196	101	101	35	35	33	33	180	180	223	223	197	197	63	63	40	40	332	332	108	108	64	64	79	79	3138	3138	1503	1503	3193	3193	3504	3504	28	28	5	5	27	27	41	41	3772	3772	2898	2898	31	31	1	1	15	15	8	8	87	87	41	41	22	22	11	11	4205	4205	619	619	4415	4415	3901	3901	182	182	131	131
IND00318	907	907	396	396	496	496	419	419	1195	1195	5223	5223	416	416	157	157	112	112	95	95	2742	2742	15938	15938	1209	1209	1439	1439	471	471	115	115	6848	6848	7015	7015	876	876	601	601	4022	4022	7343	7343	1	1	104	104	9	9	33	33	211	211	131	131	9402	9402	6447	6447	528	528	3440	3440	27119	27119	30105	30105	6322	6322	1338	1338	251	251	145	145	5447	5447	4741	4741	278	278	3760	3760	280	280	252	252	404	404	377	377	128	128	122	122	262	262	232	232	800	800	108	108	91	91	104	104	881	881	480	480	425	425	566	566	10028	10028	15802	15802	100	100	244	244	3102	3102	5256	5256	36	36	39	39	87	87	80	80	137	137	207	207	211	211	61	61	577	577	179	179	115	115	94	94	2286	2286	3890	3890	1947	1947	2375	2375	85	85	98	98	7	7	5	5	3127	3127	4685	4685	29	29	4	4	13	13	1	1	64	64	33	33	20	20	42	42	6440	6440	4605	4605	31917	31917	29274	29274	52	52	249	249
IND00319	1493	1493	249	249	401	401	381	381	3406	3406	829	829	918	918	631	631	198	198	58	58	3591	3591	8901	8901	1936	1936	352	352	494	494	231	231	3860	3860	1352	1352	917	917	638	638	7323	7323	4797	4797	48	48	107	107	13	13	40	40	108	108	12	12	10312	10312	7191	7191	990	990	516	516	42204	42204	24137	24137	96	96	1731	1731	248	248	180	180	1657	1657	6012	6012	3353	3353	1902	1902	430	430	90	90	501	501	259	259	90	90	40	40	318	318	79	79	308	308	616	616	184	184	6	6	330	330	446	446	717	717	1621	1621	14146	14146	7443	7443	378	378	102	102	9141	9141	15433	15433	73	73	121	121	203	203	51	51	42	42	225	225	11	11	84	84	913	913	577	577	2	2	120	120	1491	1491	1146	1146	1948	1948	1803	1803	99	99	73	73	13	13	56	56	7086	7086	3440	3440	2	2	9	9	11	11	7	7	33	33	27	27	53	53	24	24	5353	5353	3124	3124	32062	32062	12484	12484	248	248	205	205
IND00320	549	549	764	764	76	76	387	387	2082	2082	2072	2072	193	193	463	463	109	109	136	136	11466	11466	5673	5673	118	118	777	777	458	458	300	300	2376	2376	3555	3555	96	96	431	431	2532	2532	3638	3638	919	919	298	298	56	56	20	20	76	76	92	92	11663	11663	4018	4018	3900	3900	2196	2196	38464	38464	17877	17877	5789	5789	6937	6937	149	149	233	233	7894	7894	4954	4954	258	258	416	416	153	153	242	242	204	204	271	271	117	117	87	87	140	140	11	11	487	487	315	315	45	45	123	123	975	975	224	224	1060	1060	1168	1168	8693	8693	6927	6927	482	482	165	165	5828	5828	3766	3766	24	24	65	65	61	61	52	52	53	53	189	189	55	55	181	181	480	480	887	887	41	41	67	67	903	903	3046	3046	2135	2135	3573	3573	85	85	41	41	54	54	27	27	6754	6754	798	798	26	26	30	30	7	7	5	5	4	4	74	74	62	62	32	32	8174	8174	7090	7090	29056	29056	10288	10288	42	42	250	250
IND00321	448	448	2041	2041	412	412	54	54	6263	6263	3604	3604	924	924	53	53	124	124	173	173	13336	13336	6861	6861	1627	1627	680	680	336	336	293	293	7150	7150	1911	1911	348	348	624	624	2655	2655	4082	4082	818	818	192	192	25	25	45	45	2	2	170	170	5400	5400	8789	8789	1383	1383	732	732	19686	19686	18882	18882	1408	1408	8104	8104	86	86	178	178	4113	4113	1476	1476	1857	1857	74	74	131	131	314	314	1012	1012	889	889	36	36	124	124	303	303	411	411	743	743	90	90	161	161	99	99	869	869	54	54	1276	1276	125	125	7280	7280	11758	11758	48	48	391	391	2956	2956	6949	6949	43	43	63	63	64	64	175	175	28	28	239	239	39	39	202	202	765	765	169	169	23	23	45	45	2988	2988	2892	2892	80	80	797	797	113	113	61	61	18	18	19	19	3922	3922	6268	6268	4	4	26	26	2	2	1	1	99	99	31	31	18	18	7	7	6877	6877	5125	5125	23061	23061	25692	25692	165	165	181	181
IND00322	1034	1034	1990	1990	87	87	299	299	529	529	2334	2334	352	352	543	543	52	52	226	226	3326	3326	9639	9639	160	160	1242	1242	491	491	504	504	2628	2628	4520	4520	361	361	910	910	205	205	7553	7553	578	578	209	209	28	28	34	34	229	229	193	193	8945	8945	387	387	1585	1585	2232	2232	20713	20713	49559	49559	4724	4724	7921	7921	178	178	46	46	4087	4087	3277	3277	453	453	2378	2378	79	79	512	512	622	622	482	482	12	12	114	114	26	26	122	122	162	162	219	219	139	139	189	189	187	187	247	247	1820	1820	1411	1411	4663	4663	10000	10000	488	488	356	356	1391	1391	5521	5521	31	31	103	103	37	37	196	196	183	183	166	166	104	104	21	21	98	98	581	581	55	55	120	120	4012	4012	1703	1703	1086	1086	1486	1486	35	35	66	66	32	32	5	5	3912	3912	6118	6118	19	19	30	30	2	2	5	5	41	41	98	98	39	39	26	26	6376	6376	1902	1902	17443	17443	14364	14364	48	48	21	21
IND00323	1351	1351	1827	1827	65	65	470	470	1096	1096	5323	5323	909	909	799	799	93	93	20	20	5071	5071	13425	13425	1852	1852	1443	1443	299	299	70	70	4066	4066	6205	6205	331	331	945	945	160	160	1134	1134	759	759	487	487	22	22	43	43	88	88	235	235	9154	9154	11001	11001	2714	2714	3791	3791	25582	25582	43470	43470	3136	3136	4490	4490	31	31	12	12	7507	7507	2761	2761	3421	3421	2963	2963	306	306	176	176	349	349	245	245	84	84	6	6	28	28	92	92	522	522	1021	1021	115	115	31	31	313	313	527	527	1290	1290	402	402	15757	15757	14152	14152	205	205	87	87	61	61	15849	15849	13	13	14	14	113	113	224	224	14	14	191	191	123	123	249	249	218	218	815	815	95	95	125	125	1415	1415	3639	3639	2092	2092	3787	3787	67	67	41	41	30	30	37	37	1757	1757	2945	2945	19	19	2	2	4	4	11	11	114	114	26	26	58	58	40	40	4561	4561	30	30	1976	1976	1734	1734	250	250	207	207
IND00324	1833	1833	806	806	165	165	213	213	6582	6582	1436	1436	926	926	81	81	59	59	90	90	16085	16085	4681	4681	349	349	1798	1798	462	462	352	352	6894	6894	908	908	226	226	657	657	8022	8022	3127	3127	877	877	915	915	33	33	46	46	110	110	108	108	5399	5399	3493	3493	154	154	3415	3415	553	553	64877	64877	5328	5328	5822	5822	124	124	203	203	7036	7036	3675	3675	3581	3581	1330	1330	408	408	436	436	63	63	638	638	95	95	75	75	121	121	17	17	641	641	973	973	101	101	81	81	689	689	494	494	239	239	810	810	13477	13477	3229	3229	148	148	361	361	12211	12211	8955	8955	54	54	64	64	105	105	172	172	63	63	50	50	180	180	158	158	93	93	236	236	80	80	64	64	1261	1261	2858	2858	1664	1664	2049	2049	60	60	32	32	16	16	22	22	2323	2323	842	842	29	29	22	22	13	13	8	8	89	89	18	18	36	36	27	27	1249	1249	1176	1176	28045	28045	31638	31638	71	71	129	129
IND00325	1955	1955	303	303	267	267	473	473	4288	4288	6236	6236	420	420	549	549	103	103	124	124	371	371	13404	13404	1203	1203	1459	1459	137	137	403	403	3376	3376	7415	7415	168	168	273	273	6845	6845	7497	7497	696	696	696	696	60	60	42	42	86	86	95	95	4262	4262	4011	4011	3178	3178	1952	1952	48859	48859	58040	58040	3564	3564	4682	4682	1	1	179	179	2663	2663	2295	2295	2782	2782	3313	3313	369	369	382	382	831	831	479	479	42	42	45	45	136	136	227	227	691	691	49	49	17	17	245	245	87	87	975	975	1681	1681	843	843	15502	15502	13060	13060	258	258	390	390	4246	4246	8762	8762	124	124	88	88	24	24	166	166	2	2	95	95	128	128	181	181	1007	1007	846	846	99	99	53	53	3672	3672	3827	3827	3536	3536	3577	3577	87	87	54	54	46	46	63	63	5408	5408	520	520	24	24	24	24	7	7	5	5	46	46	56	56	15	15	9	9	1397	1397	7452	7452	11379	11379	16441	16441	86	86	185	185
IND00326	1962	1962	215	215	24	24	387	387	6960	6960	1254	1254	512	512	480	480	126	126	30	30	2889	2889	15903	15903	859	859	496	496	462	462	400	400	4197	4197	6593	6593	981	981	896	896	203	203	3562	3562	485	485	171	171	8	8	47	47	33	33	206	206	9763	9763	4512	4512	3622	3622	2130	2130	11213	11213	35612	35612	4338	4338	5174	5174	109	109	164	164	2582	2582	411	411	500	500	2178	2178	472	472	209	209	559	559	452	452	22	22	35	35	45	45	95	95	958	958	825	825	256	256	200	200	56	56	210	210	1644	1644	1202	1202	3790	3790	8766	8766	418	418	274	274	128	128	4241	4241	88	88	79	79	148	148	170	170	71	71	33	33	99	99	5	5	842	842	655	655	51	51	104	104	3106	3106	3477	3477	1238	1238	882	882	3	3	13	13	42	42	50	50	2744	2744	3738	3738	13	13	8	8	13	13	4	4	100	100	55	55	22	22	18	18	6479	6479	4660	4660	14905	14905	27932	27932	83	83	238	238
IND00327	446	446	180	180	222	222	275	275	618	618	6581	6581	800	800	955	955	27	27	144	144	9941	9941	16090	16090	647	647	1256	1256	328	328	385	385	2423	2423	3018	3018	373	373	523	523	2998	2998	2384	2384	730	730	772	772	53	53	35	35	176	176	64	64	13569	13569	9483	9483	154	154	2886	2886	30635	30635	32760	32760	6559	6559	5007	5007	43	43	9	9	2234	2234	8073	8073	3107	3107	660	660	108	108	388	388	159	159	234	234	92	92	68	68	336	336	106	106	404	404	626	626	109	109	74	74	193	193	187	187	747	747	1664	1664	366	366	6226	6226	244	244	463	463	8400	8400	4457	4457	52	52	59	59	34	34	250	250	154	154	106	106	80	80	24	24	171	171	883	883	70	70	89	89	3825	3825	1987	1987	3875	3875	1816	1816	106	106	18	18	12	12	62	62	2972	2972	7469	7469	25	25	31	31	15	15	13	13	91	91	45	45	21	21	31	31	6894	6894	4595	4595	17316	17316	8444	8444	232	232	208	208
IND00328	1253	1253	1584	1584	106	106	397	397	7515	7515	7092	7092	958	958	594	594	131	131	194	194	3135	3135	12685	12685	999	999	209	209	364	364	332	332	5825	5825	5544	5544	862	862	401	401	234	234	2708	2708	274	274	218	218	44	44	23	23	34	34	14	14	14808	14808	10481	10481	3658	3658	2834	2834	34521	34521	30170	30170	5988	5988	7052	7052	106	106	178	178	88	88	402	402	1646	1646	784	784	270	270	466	466	962	962	155	155	3	3	45	45	76	76	288	288	635	635	833	833	188	188	145	145	1012	1012	463	463	1950	1950	1408	1408	6034	6034	14982	14982	57	57	393	393	8209	8209	1211	1211	36	36	68	68	120	120	33	33	163	163	240	240	87	87	132	132	750	750	517	517	101	101	107	107	764	764	1765	1765	354	354	2672	2672	13	13	70	70	6	6	15	15	789	789	3229	3229	18	18	31	31	5	5	14	14	70	70	29	29	50	50	22	22	3238	3238	3789	3789	6670	6670	333	333	248	248	218	218
IND00329	1456	1456	1951	1951	70	70	14	14	828	828	720	720	69	69	400	400	228	228	39	39	232	232	3764	3764	697	697	860	860	338	338	160	160	1404	1404	6100	6100	113	113	128	128	7455	7455	1518	1518	965	965	991	991	21	21	36	36	202	202	103	103	2251	2251	7193	7193	4086	4086	3304	3304	42727	42727	5066	5066	7163	7163	1547	1547	65	65	16	16	5900	5900	1934	1934	1688	1688	473	473	231	231	392	392	327	327	449	449	48	48	122	122	473	473	154	154	347	347	948	948	237	237	126	126	357	357	868	868	985	985	1980	1980	11680	11680	7911	7911	83	83	322	322	15843	15843	3984	3984	119	119	65	65	100	100	7	7	45	45	13	13	97	97	121	121	266	266	919	919	123	123	16	16	2948	2948	628	628	1207	1207	2344	2344	32	32	69	69	51	51	30	30	233	233	546	546	5	5	22	22	5	5	8	8	3	3	115	115	55	55	3	3	232	232	812	812	4890	4890	9612	9612	140	140	42	42
IND00330	571	571	469	469	278	278	346	346	2345	2345	2037	2037	655	655	414	414	51	51	49	49	6841	6841	8655	8655	1667	1667	1329	1329	234	234	274	274	3331	3331	4297	4297	400	400	170	170	5778	5778	1583	1583	1002	1002	99	99	24	24	28	28	135	135	11	11	595	595	7236	7236	3580	3580	1740	1740	7261	7261	42915	42915	715	715	4849	4849	137	137	228	228	7315	7315	2864	2864	2304	2304	3811	3811	459	459	159	159	997	997	990	990	62	62	123	123	455	455	506	506	533	533	49	49	51	51	35	35	17	17	289	289	1530	1530	833	833	2040	2040	992	992	381	381	295	295	14613	14613	4096	4096	19	19	57	57	230	230	147	147	45	45	75	75	212	212	179	179	634	634	774	774	12	12	70	70	2051	2051	2251	2251	3706	3706	1008	1008	85	85	74	74	42	42	36	36	7564	7564	2989	2989	30	30	20	20	6	6	16	16	49	49	38	38	20	20	4	4	563	563	968	968	908	908	18462	18462	178	178	70	70
IND00331	1539	1539	1908	1908	65	65	245	245	5390	5390	1776	1776	160	160	5	5	179	179	64	64	2583	2583	1937	1937	1662	1662	1567	1567	306	306	340	340	6000	6000	8169	8169	795	795	50	50	2594	2594	7433	7433	535	535	472	472	10	10	57	57	215	215	149	149	7857	7857	3639	3639	1770	1770	2068	2068	24147	24147	20965	20965	4664	4664	2745	2745	76	76	135	135	7042	7042	2552	2552	1868	1868	1377	1377	388	388	332	332	272	272	907	907	49	49	41	41	346	346	17	17	93	93	256	256	174	174	75	75	391	391	321	321	510	510	596	596	9927	9927	14249	14249	383	383	385	385	609	609	12524	12524	72	72	123	123	42	42	68	68	252	252	31	31	60	60	99	99	413	413	694	694	29	29	54	54	3755	3755	3329	3329	3682	3682	1928	1928	4	4	127	127	37	37	11	11	711	711	2734	2734	26	26	10	10	16	16	1	1	112	112	109	109	47	47	61	61	777	777	6562	6562	13191	13191	3196	3196	69	69	101	101
IND00332	1808	1808	511	511	273	273	71	71	6128	6128	7528	7528	391	391	274	274	118	118	67	67	4552	4552	4637	4637	104	104	678	678	236	236	431	431	3639	3639	2742	2742	340	340	997	997	3641	3641	5762	5762	536	536	856	856	2	2	12	12	206	206	152	152	8034	8034	6945	6945	2184	2184	58	58	28844	28844	34168	34168	2815	2815	854	854	86	86	74	74	5125	5125	1668	1668	362	362	3625	3625	143	143	57	57	143	143	768	768	97	97	34	34	48	48	214	214	443	443	73	73	69	69	168	168	286	286	816	816	669	669	532	532	8653	8653	8865	8865	248	248	223	223	2455	2455	5478	5478	72	72	44	44	74	74	139	139	207	207	33	33	180	180	126	126	342	342	1001	1001	64	64	5	5	2914	2914	64	64	80	80	1158	1158	19	19	128	128	59	59	42	42	7810	7810	7	7	6	6	2	2	4	4	16	16	16	16	112	112	35	35	55	55	3125	3125	4217	4217	31594	31594	2761	2761	134	134	61	61
IND00333	866	866	468	468	429	429	354	354	793	793	977	977	370	370	474	474	134	134	234	234	7242	7242	2921	2921	857	857	870	870	27	27	434	434	3881	3881	5110	5110	416	416	279	279	6618	6618	1689	1689	730	730	572	572	19	19	53	53	54	54	198	198	8023	8023	334	334	634	634	550	550	6723	6723	25236	25236	1357	1357	7651	7651	15	15	14	14	2987	2987	4559	4559	3519	3519	2545	2545	163	163	314	314	384	384	677	677	17	17	105	105	450	450	59	59	696	696	210	210	25	25	122	122	575	575	377	377	931	931	780	780	5734	5734	1635	1635	414	414	7	7	16016	16016	2178	2178	80	80	35	35	223	223	87	87	28	28	20	20	157	157	223	223	294	294	1021	1021	94	94	55	55	2320	2320	3185	3185	4030	4030	1578	1578	31	31	105	105	30	30	46	46	4706	4706	2006	2006	2	2	18	18	12	12	13	13	68	68	102	102	30	30	13	13	2375	2375	851	851	18116	18116	14304	14304	24	24	222	222
IND00334	538	538	1650	1650	260	260	235	235	3551	3551	62	62	571	571	866	866	111	111	16	16	14777	14777	2558	2558	934	934	142	142	121	121	501	501	4732	4732	6981	6981	382	382	843	843	950	950	8022	8022	696	696	826	826	18	18	26	26	109	109	17	17	10375	10375	5822	5822	3243	3243	48	48	53467	53467	1067	1067	1260	1260	4834	4834	183	183	251	251	3103	3103	4782	4782	299	299	2779	2779	29	29	119	119	486	486	925	925	55	55	2	2	281	281	117	117	640	640	164	164	201	201	236	236	296	296	454	454	898	898	2014	2014	10813	10813	11952	11952	313	313	226	226	11570	11570	8315	8315	110	110	3	3	10	10	133	133	167	167	54	54	202	202	123	123	394	394	263	263	29	29	47	47	3109	3109	343	343	1559	1559	2115	2115	22	22	49	49	30	30	11	11	7010	7010	5153	5153	16	16	26	26	16	16	7	7	11	11	72	72	30	30	27	27	1678	1678	6048	6048	23506	23506	9088	9088	11	11	28	28
IND00335	1582	1582	1892	1892	22	22	321	321	7369	7369	6942	6942	732	732	104	104	64	64	173	173	3151	3151	7151	7151	1243	1243	1193	1193	375	375	12	12	3088	3088	1416	1416	108	108	402	402	7381	7381	106	106	275	275	273	273	61	61	3	3	66	66	59	59	7106	7106	15330	15330	2039	2039	3619	3619	27737	27737	5455	5455	1421	1421	5359	5359	109	109	247	247	3482	3482	5564	5564	4082	4082	62	62	89	89	291	291	987	987	342	342	75	75	87	87	342	342	189	189	304	304	618	618	159	159	134	134	645	645	744	744	49	49	51	51	12359	12359	15094	15094	502	502	184	184	239	239	10103	10103	94	94	16	16	92	92	175	175	42	42	61	61	52	52	194	194	614	614	484	484	109	109	126	126	2512	2512	3495	3495	519	519	962	962	96	96	95	95	16	16	27	27	7252	7252	1155	1155	31	31	21	21	11	11	15	15	36	36	34	34	64	64	29	29	5478	5478	6244	6244	25267	25267	16323	16323	215	215	233	233
IND00336	1334	1334	1839	1839	120	120	174	174	3904	3904	2835	2835	616	616	387	387	147	147	249	249	15957	15957	2027	2027	133	133	1916	1916	473	473	484	484	3532	3532	8021	8021	131	131	959	959	538	538	7368	7368	493	493	422	422	8	8	28	28	22	22	2	2	4420	4420	8634	8634	3209	3209	3545	3545	6562	6562	5735	5735	8117	8117	2894	2894	95	95	136	136	3403	3403	2508	2508	1646	1646	3276	3276	311	311	17	17	59	59	332	332	115	115	35	35	328	328	229	229	145	145	505	505	90	90	197	197	296	296	22	22	80	80	302	302	4258	4258	7493	7493	261	261	313	313	3464	3464	3811	3811	44	44	27	27	183	183	210	210	55	55	193	193	253	253	206	206	250	250	993	993	13	13	93	93	404	404	3365	3365	1065	1065	3468	3468	23	23	57	57	62	62	24	24	4475	4475	2697	2697	7	7	6	6	10	10	7	7	89	89	68	68	34	34	20	20	3355	3355	2636	2636	5321	5321	22540	22540	80	80	110	110
IND00337	1662	1662	1907	1907	250	250	349	349	7861	7861	4593	4593	552	552	862	862	43	43	85	85	14575	14575	11353	11353	1301	1301	76	76	428	428	156	156	3350	3350	4263	4263	934	934	871	871	1972	1972	5077	5077	366	366	445	445	40	40	17	17	201	201	48	48	2499	2499	13810	13810	104	104	2324	2324	63154	63154	20491	20491	7096	7096	535	535	235	235	124	124	5817	5817	5074	5074	113	113	4007	4007	125	125	55	55	173	173	283	283	49	49	104	104	273	273	407	407	772	772	846	846	200	200	73	73	42	42	118	118	1805	1805	1335	1335	13526	13526	10208	10208	290	290	354	354	10188	10188	4356	4356	11	11	15	15	103	103	94	94	28	28	193	193	117	117	150	150	651	651	829	829	106	106	123	123	613	613	3578	3578	188	188	3293	3293	80	80	29	29	24	24	25	25	6586	6586	2235	2235	11	11	14	14	3	3	9	9	35	35	109	109	4	4	18	18	5768	5768	5827	5827	22277	22277	25799	25799	39	39	87	87
IND00338	504	504	1728	1728	130	130	259	259	1972	1972	7119	7119	953	953	210	210	153	153	132	132	15174	15174	15152	15152	927	927	1083	1083	163	163	298	298	1791	1791	6414	6414	607	607	64	64	4211	4211	5929	5929	518	518	721	721	21	21	41	41	110	110	75	75	5639	5639	13514	13514	3233	3233	1518	1518	9101	9101	3371	3371	4373	4373	5769	5769	28	28	9	9	1321	1321	6074	6074	2836	2836	3094	3094	80	80	465	465	55	55	682	682	39	39	99	99	247	247	376	376	810	810	600	600	41	41	91	91	914	914	587	587	1040	1040	1964	1964	10669	10669	321	321	436	436	44	44	6397	6397	8138	8138	26	26	14	14	51	51	219	219	68	68	207	207	138	138	178	178	347	347	347	347	41	41	117	117	821	821	1888	1888	2598	2598	1984	1984	105	105	81	81	39	39	42	42	1574	1574	7065	7065	28	28	24	24	11	11	11	11	113	113	54	54	20	20	63	63	2603	2603	6052	6052	28008	28008	31959	31959	243	243	48	48
IND00339	117	117	56	56	431	431	223	223	146	146	4457	4457	635	635	401	401	254	254	256	256	3464	3464	4716	4716	258	258	526	526	359	359	218	218	4723	4723	7046	7046	217	217	221	221	2975	2975	6138	6138	541	541	548	548	48	48	33	33	123	123	39	39	8676	8676	5084	5084	725	725	3867	3867	51455	51455	35154	35154	924	924	4964	4964	19	19	188	188	2731	2731	7828	7828	2250	2250	2315	2315	454	454	383	383	727	727	691	691	6	6	14	14	436	436	25	25	186	186	435	435	36	36	138	138	156	156	872	872	1091	1091	1395	1395	127	127	10475	10475	325	325	77	77	16338	16338	9101	9101	115	115	119	119	137	137	240	240	7	7	47	47	141	141	87	87	5	5	524	524	1	1	35	35	362	362	1814	1814	1271	1271	1091	1091	125	125	99	99	8	8	18	18	1370	1370	6947	6947	12	12	11	11	4	4	12	12	89	89	108	108	23	23	45	45	3718	3718	6431	6431	21960	21960	924	924	58	58	208	208
IND00340	1870	1870	193	193	310	310	93	93	99	99	6535	6535	503	503	497	497	174	174	45	45	10881	10881	7651	7651	1555	1555	1328	1328	32	32	103	103	4822	4822	4371	4371	620	620	511	511	7325	7325	2428	2428	302	302	440	440	22	22	37	37	41	41	228	228	5094	5094	9540	9540	62	62	3035	3035	15200	15200	59195	59195	2828	2828	6439	6439	105	105	92	92	5626	5626	3511	3511	3852	3852	3509	3509	478	478	131	131	99	99	687	687	16	16	79	79	253	253	361	361	325	325	665	665	118	118	9	9	906	906	853	853	1539	1539	1860	1860	7529	7529	2913	2913	256	256	32	32	5025	5025	11659	11659	126	126	64	64	205	205	245	245	11	11	195	195	213	213	72	72	993	993	348	348	80	80	74	74	3121	3121	788	788	295	295	414	414	76	76	76	76	23	23	10	10	5211	5211	2282	2282	18	18	21	21	16	16	1	1	56	56	2	2	41	41	18	18	4484	4484	4580	4580	32399	32399	540	540	212	212	85	85
IND00341	285	285	1443	1443	427	427	367	367	4191	4191	6784	6784	991	991	854	854	30	30	95	95	3007	3007	1162	1162	167	167	1921	1921	220	220	103	103	2683	2683	3687	3687	150	150	357	357	4140	4140	6366	6366	261	261	708	708	41	41	32	32	157	157	51	51	4355	4355	10516	10516	106	106	1517	1517	50440	50440	54812	54812	1034	1034	6473	6473	71	71	62	62	1503	1503	6807	6807	3936	3936	346	346	502	502	336	336	565	565	710	710	110	110	72	72	230	230	85	85	231	231	478	478	107	107	24	24	642	642	63	63	201	201	156	156	4839	4839	10111	10111	3	3	218	218	1138	1138	7306	7306	35	35	70	70	71	71	224	224	148	148	159	159	171	171	123	123	510	510	181	181	122	122	117	117	1275	1275	3657	3657	1937	1937	2626	2626	107	107	117	117	17	17	27	27	5554	5554	3231	3231	5	5	6	6	12	12	8	8	15	15	124	124	1	1	55	55	5240	5240	2216	2216	27530	27530	8641	8641	184	184	56	56
IND00342	1592	1592	1660	1660	81	81	68	68	7921	7921	1369	1369	32	32	869	869	105	105	41	41	9801	9801	8971	8971	1980	1980	721	721	183	183	342	342	1217	1217	5960	5960	562	562	944	944	5461	5461	4576	4576	443	443	692	692	48	48	4	4	133	133	83	83	2870	2870	11074	11074	1110	1110	3654	3654	19891	19891	42266	42266	5277	5277	7879	7879	93	93	155	155	7505	7505	1746	1746	1655	1655	2943	2943	251	251	260	260	758	758	367	367	2	2	10	10	484	484	353	353	291	291	79	79	115	115	115	115	217	217	725	725	1333	1333	1558	1558	15021	15021	13239	13239	214	214	179	179	13472	13472	11387	11387	73	73	39	39	18	18	16	16	109	109	69	69	71	71	140	140	410	410	1004	1004	72	72	127	127	1227	1227	1158	1158	2255	2255	2783	2783	126	126	115	115	22	22	5	5	1280	1280	8150	8150	19	19	30	30	1	1	10	10	78	78	33	33	48	48	62	62	5334	5334	3928	3928	15811	15811	31514	31514	219	219	6	6
IND00343	1036	1036	1988	1988	443	443	183	183	4779	4779	4564	4564	541	541	111	111	53	53	222	222	12261	12261	9815	9815	1242	1242	105	105	311	311	300	300	7049	7049	7331	7331	71	71	143	143	5871	5871	2332	2332	873	873	15	15	2	2	49	49	129	129	170	170	14960	14960	10954	10954	3565	3565	2338	2338	53143	53143	12533	12533	4694	4694	199	199	59	59	118	118	3206	3206	2888	2888	3585	3585	609	609	102	102	130	130	884	884	504	504	90	90	123	123	168	168	348	348	700	700	712	712	242	242	229	229	435	435	293	293	407	407	623	623	8627	8627	625	625	222	222	511	511	863	863	15689	15689	6	6	119	119	203	203	150	150	140	140	103	103	247	247	26	26	132	132	262	262	50	50	1	1	1883	1883	910	910	601	601	893	893	73	73	46	46	54	54	36	36	6885	6885	3327	3327	20	20	3	3	10	10	1	1	80	80	64	64	30	30	2	2	344	344	4068	4068	9481	9481	10130	10130	255	255	130	130
IND00344	887	887	916	916	501	501	258	258	6735	6735	160	160	806	806	297	297	102	102	204	204	5620	5620	5197	5197	1263	1263	720	720	345	345	367	367	7079	7079	4216	4216	550	550	561	561	152	152	4904	4904	490	490	591	591	54	54	62	62	213	213	148	148	4802	4802	7286	7286	874	874	2996	2996	18512	18512	26668	26668	5251	5251	3971	3971	104	104	255	255	862	862	4924	4924	2808	2808	266	266	420	420	362	362	50	50	122	122	61	61	22	22	384	384	156	156	978	978	399	399	154	154	206	206	944	944	901	901	670	670	634	634	9886	9886	9008	9008	2	2	362	362	14879	14879	16212	16212	103	103	34	34	96	96	164	164	69	69	131	131	247	247	169	169	459	459	735	735	50	50	5	5	893	893	1110	1110	1820	1820	1614	1614	79	79	4	4	32	32	5	5	2566	2566	4928	4928	3	3	28	28	1	1	1	1	54	54	49	49	44	44	9	9	7981	7981	3703	3703	25603	25603	24922	24922	180	180	116	116
IND00345	1473	1473	998	998	252	252	321	321	7283	7283	3901	3901	217	217	104	104	129	129	247	247	2004	2004	6549	6549	1992	1992	234	234	104	104	186	186	1719	1719	6197	6197	587	587	753	753	6102	6102	2851	2851	901	901	483	483	26	26	19	19	17	17	12	12	13386	13386	14411	14411	660	660	2026	2026	19902	19902	7020	7020	1299	1299	5173	5173	209	209	14	14	762	762	4628	4628	1801	1801	2842	2842	320	320	32	32	199	199	457	457	46	46	107	107	209	209	281	281	713	713	859	859	97	97	169	169	734	734	67	67	933	933	778	778	10857	10857	3711	3711	132	132	67	67	12346	12346	580	580	36	36	72	72	32	32	219	219	120	120	112	112	18	18	39	39	300	300	796	796	110	110	115	115	15	15	1671	1671	3409	3409	325	325	73	73	120	120	17	17	57	57	6312	6312	2359	2359	7	7	3	3	6	6	16	16	37	37	128	128	2	2	58	58	29	29	195	195	32196	32196	29026	29026	86	86	232	232
IND00346	15	15	1400	1400	489	489	500	500	5891	5891	6807	6807	1023	1023	318	318	212	212	11	11	10480	10480	4700	4700	169	169	1226	1226	26	26	498	498	3734	3734	2444	2444	399	399	188	188	6211	6211	5560	5560	859	859	76	76	26	26	25	25	138	138	124	124	4709	4709	10052	10052	3510	3510	1394	1394	284	284	57671	57671	1883	1883	3441	3441	181	181	32	32	3138	3138	1938	1938	4053	4053	935	935	396	396	253	253	964	964	376	376	67	67	2	2	170	170	345	345	323	323	556	556	101	101	56	56	960	960	895	895	782	782	1335	1335	2925	2925	14825	14825	299	299	80	80	9347	9347	8681	8681	45	45	93	93	197	197	196	196	100	100	107	107	29	29	69	69	151	151	194	194	34	34	62	62	2886	2886	3038	3038	2322	2322	564	564	76	76	81	81	54	54	53	53	2732	2732	7174	7174	1	1	31	31	10	10	2	2	111	111	56	56	54	54	20	20	7323	7323	911	911	30952	30952	15533	15533	72	72	234	234
IND00347	1066	1066	1618	1618	79	79	356	356	4576	4576	7402	7402	56	56	601	601	25	25	118	118	8045	8045	2573	2573	1567	1567	70	70	43	43	66	66	1252	1252	1330	1330	216	216	613	613	3403	3403	4417	4417	585	585	203	203	18	18	30	30	41	41	250	250	16228	16228	1854	1854	2454	2454	2171	2171	4660	4660	15053	15053	5942	5942	2052	2052	248	248	166	166	2942	2942	5914	5914	2244	2244	2537	2537	243	243	355	355	29	29	789	789	40	40	70	70	131	131	218	218	408	408	552	552	255	255	89	89	1004	1004	804	804	2020	2020	1887	1887	11495	11495	4134	4134	66	66	168	168	8602	8602	8074	8074	25	25	13	13	131	131	13	13	240	240	249	249	150	150	172	172	324	324	428	428	78	78	3	3	3988	3988	3254	3254	266	266	413	413	74	74	49	49	55	55	53	53	4939	4939	5962	5962	19	19	20	20	16	16	1	1	29	29	101	101	27	27	56	56	1464	1464	2620	2620	27554	27554	25822	25822	151	151	127	127
IND00348	1445	1445	1854	1854	436	436	123	123	6006	6006	4471	4471	793	793	599	599	146	146	36	36	2750	2750	13680	13680	913	913	408	408	388	388	445	445	5094	5094	174	174	627	627	784	784	3163	3163	4105	4105	318	318	861	861	28	28	5	5	10	10	238	238	723	723	14954	14954	3130	3130	2041	2041	35173	35173	8832	8832	7912	7912	6310	6310	164	164	203	203	3768	3768	879	879	481	481	2485	2485	170	170	200	200	186	186	947	947	87	87	42	42	501	501	440	440	471	471	282	282	189	189	120	120	267	267	180	180	424	424	1516	1516	8426	8426	3422	3422	467	467	435	435	11153	11153	14497	14497	3	3	9	9	195	195	222	222	98	98	157	157	17	17	242	242	196	196	209	209	70	70	26	26	1452	1452	452	452	3191	3191	2907	2907	78	78	126	126	51	51	31	31	3742	3742	3772	3772	15	15	3	3	16	16	9	9	103	103	81	81	16	16	36	36	2978	2978	3816	3816	20347	20347	8532	8532	124	124	72	72
IND00349	1202	1202	413	413	127	127	313	313	1324	1324	5834	5834	455	455	919	919	33	33	204	204	2057	2057	1966	1966	500	500	654	654	446	446	316	316	6967	6967	5988	5988	433	433	59	59	8040	8040	587	587	973	973	161	161	15	15	39	39	192	192	107	107	4440	4440	2464	2464	1947	1947	2890	2890	62311	62311	32490	32490	5153	5153	6825	6825	188	188	163	163	4269	4269	7506	7506	2304	2304	390	390	485	485	273	273	31	31	488	488	37	37	64	64	405	405	137	137	950	950	415	415	92	92	27	27	102	102	989	989	485	485	1658	1658	9359	9359	2534	2534	117	117	114	114	11551	11551	13479	13479	60	60	128	128	145	145	173	173	118	118	109	109	137	137	198	198	112	112	924	924	20	20	125	125	2010	2010	3268	3268	938	938	1189	1189	60	60	45	45	56	56	24	24	4142	4142	3521	3521	2	2	13	13	3	3	12	12	36	36	124	124	5	5	44	44	7766	7766	6704	6704	21122	21122	3025	3025	27	27	189	189
IND00350	1522	1522	258	258	179	179	410	410	2669	2669	6568	6568	682	682	795	795	17	17	4	4	939	939	735	735	1790	1790	895	895	347	347	286	286	940	940	1818	1818	201	201	137	137	3409	3409	4172	4172	510	510	469	469	36	36	46	46	134	134	164	164	15342	15342	8111	8111	574	574	875	875	52034	52034	21847	21847	2464	2464	6260	6260	124	124	250	250	5118	5118	573	573	2520	2520	2710	2710	286	286	226	226	541	541	928	928	38	38	87	87	138	138	485	485	728	728	682	682	92	92	75	75	700	700	861	861	1519	1519	1508	1508	10668	10668	16358	16358	108	108	219	219	14871	14871	13834	13834	88	88	94	94	10	10	133	133	144	144	49	49	3	3	191	191	1012	1012	910	910	116	116	70	70	4017	4017	1965	1965	1052	1052	369	369	89	89	93	93	40	40	35	35	4990	4990	5689	5689	30	30	25	25	14	14	8	8	110	110	125	125	58	58	28	28	6135	6135	1167	1167	21439	21439	21277	21277	232	232	86	86
IND00351	1188	1188	1481	1481	25	25	22	22	2161	2161	7214	7214	617	617	515	515	146	146	209	209	15742	15742	10428	10428	940	940	1136	1136	446	446	374	374	2215	2215	7311	7311	593	593	900	900	3295	3295	5469	5469	959	959	516	516	10	10	3	3	53	53	70	70	14747	14747	14037	14037	27	27	756	756	29114	29114	37650	37650	914	914	2895	2895	109	109	59	59	2733	2733	3158	3158	3220	3220	4072	4072	153	153	41	41	234	234	133	133	25	25	15	15	421	421	128	128	95	95	210	210	143	143	73	73	705	705	319	319	657	657	674	674	12675	12675	13342	13342	114	114	148	148	5127	5127	3110	3110	57	57	6	6	250	250	72	72	171	171	39	39	137	137	81	81	921	921	414	414	68	68	75	75	3344	3344	953	953	1681	1681	3792	3792	118	118	17	17	63	63	16	16	3058	3058	1631	1631	4	4	11	11	6	6	12	12	120	120	120	120	28	28	36	36	6819	6819	2007	2007	6513	6513	1322	1322	174	174	149	149
IND00352	1478	1478	325	325	346	346	117	117	5048	5048	1471	1471	181	181	860	860	170	170	221	221	15373	15373	13400	13400	632	632	1772	1772	249	249	438	438	7759	7759	4434	4434	546	546	402	402	3596	3596	1705	1705	55	55	892	892	14	14	4	4	240	240	138	138	1760	1760	1023	1023	3122	3122	37	37	28682	28682	42375	42375	6678	6678	4875	4875	224	224	49	49	537	537	1956	1956	3673	3673	4057	4057	512	512	55	55	32	32	779	779	24	24	80	80	5	5	297	297	945	945	344	344	80	80	52	52	8	8	397	397	1388	1388	758	758	7272	7272	5575	5575	27	27	117	117	15834	15834	6557	6557	14	14	24	24	75	75	234	234	70	70	128	128	226	226	61	61	201	201	76	76	15	15	12	12	2912	2912	2401	2401	1353	1353	1741	1741	97	97	10	10	18	18	16	16	4632	4632	7961	7961	3	3	23	23	3	3	5	5	31	31	67	67	41	41	2	2	7558	7558	7314	7314	8026	8026	22843	22843	144	144	218	218
IND00353	1970	1970	1567	1567	175	175	46	46	912	912	945	945	399	399	769	769	220	220	127	127	8100	8100	5657	5657	1716	1716	1859	1859	108	108	41	41	5679	5679	7421	7421	750	750	574	574	4719	4719	5786	5786	186	186	425	425	44	44	10	10	94	94	38	38	10778	10778	4482	4482	2419	2419	2877	2877	50030	50030	1825	1825	93	93	846	846	152	152	233	233	7695	7695	7782	7782	3857	3857	23	23	63	63	281	281	429	429	617	617	50	50	5	5	323	323	346	346	659	659	839	839	115	115	199	199	473	473	400	400	1513	1513	1691	1691	16019	16019	2393	2393	350	350	484	484	1523	1523	5209	5209	101	101	106	106	72	72	202	202	44	44	115	115	104	104	7	7	897	897	804	804	38	38	12	12	2907	2907	215	215	2794	2794	1990	1990	56	56	47	47	47	47	14	14	7186	7186	2350	2350	7	7	13	13	6	6	7	7	68	68	79	79	42	42	54	54	3822	3822	4385	4385	3199	3199	6960	6960	253	253	145	145
IND00354	179	179	3	3	115	115	222	222	1359	1359	3841	3841	992	992	756	756	39	39	165	165	2464	2464	10637	10637	813	813	702	702	135	135	497	497	6646	6646	7976	7976	679	679	230	230	4603	4603	7819	7819	677	677	43	43	40	40	2	2	163	163	152	152	9312	9312	4715	4715	1156	1156	2002	2002	1352	1352	56833	56833	7713	7713	4111	4111	205	205	43	43	793	793	4330	4330	3691	3691	2835	2835	467	467	340	340	1003	1003	681	681	30	30	78	78	157	157	36	36	512	512	799	799	6	6	51	51	363	363	951	951	1589	1589	602	602	13283	13283	11301	11301	5	5	62	62	16323	16323	104	104	14	14	2	2	3	3	133	133	76	76	183	183	50	50	99	99	688	688	868	868	16	16	45	45	1374	1374	767	767	2857	2857	2975	2975	47	47	50	50	34	34	6	6	6395	6395	2786	2786	23	23	31	31	11	11	6	6	89	89	64	64	37	37	64	64	4160	4160	3986	3986	22461	22461	22668	22668	175	175	134	134
IND00355	652	652	1882	1882	448	448	389	389	3090	3090	7652	7652	121	121	212	212	75	75	13	13	15955	15955	10646	10646	892	892	1777	1777	117	117	439	439	2011	2011	5914	5914	24	24	420	420	1895	1895	1533	1533	929	929	879	879	2	2	10	10	171	171	26	26	3321	3321	12461	12461	2522	2522	2449	2449	31989	31989	21108	21108	5503	5503	2341	2341	81	81	74	74	466	466	8121	8121	622	622	4084	4084	125	125	385	385	180	180	751	751	12	12	80	80	345	345	63	63	7	7	873	873	174	174	173	173	832	832	784	784	521	521	1432	1432	10961	10961	6628	6628	132	132	209	209	13705	13705	4001	4001	80	80	72	72	149	149	161	161	172	172	193	193	55	55	56	56	49	49	684	684	6	6	54	54	1250	1250	1087	1087	2136	2136	3780	3780	15	15	108	108	10	10	46	46	5111	5111	4867	4867	22	22	24	24	12	12	1	1	121	121	6	6	49	49	45	45	2698	2698	8177	8177	25189	25189	4698	4698	207	207	165	165
IND00356	1492	1492	552	552	486	486	420	420	6977	6977	158	158	173	173	346	346	45	45	18	18	1139	1139	9927	9927	875	875	880	880	501	501	341	341	2946	2946	7011	7011	834	834	417	417	718	718	1322	1322	211	211	475	475	16	16	8	8	12	12	162	162	15164	15164	864	864	3909	3909	3782	3782	50192	50192	30070	30070	142	142	6600	6600	147	147	35	35	6582	6582	6907	6907	2673	2673	3513	3513	438	438	55	55	568	568	288	288	74	74	47	47	133	133	2	2	270	270	49	49	173	173	118	118	462	462	474	474	1696	1696	763	763	6559	6559	2675	2675	396	396	53	53	12815	12815	15436	15436	97	97	50	50	153	153	177	177	192	192	229	229	93	93	4	4	266	266	978	978	77	77	2	2	1234	1234	1658	1658	3650	3650	753	753	91	91	69	69	34	34	62	62	2322	2322	2468	2468	9	9	12	12	2	2	10	10	51	51	85	85	20	20	49	49	1727	1727	5425	5425	652	652	6483	6483	65	65	32	32
IND00357	527	527	442	442	263	263	338	338	3165	3165	5996	5996	350	350	975	975	167	167	100	100	3202	3202	2020	2020	1934	1934	1346	1346	120	120	383	383	2733	2733	7230	7230	839	839	830	830	7190	7190	3472	3472	689	689	667	667	30	30	43	43	189	189	64	64	10455	10455	15307	15307	3886	3886	1143	1143	52722	52722	24239	24239	6053	6053	5200	5200	252	252	9	9	7548	7548	3779	3779	834	834	1977	1977	38	38	180	180	306	306	100	100	63	63	95	95	196	196	447	447	309	309	232	232	217	217	74	74	549	549	881	881	1898	1898	255	255	9353	9353	15160	15160	351	351	254	254	2149	2149	6051	6051	48	48	63	63	235	235	122	122	141	141	150	150	237	237	184	184	980	980	263	263	18	18	82	82	3457	3457	617	617	2736	2736	1317	1317	54	54	82	82	6	6	40	40	1810	1810	5071	5071	25	25	22	22	15	15	4	4	107	107	30	30	1	1	33	33	536	536	6244	6244	17392	17392	32333	32333	87	87	146	146
IND00358	1970	1970	1524	1524	91	91	6	6	2418	2418	5280	5280	754	754	729	729	45	45	34	34	4904	4904	289	289	1636	1636	331	331	195	195	71	71	6735	6735	2408	2408	173	173	914	914	2213	2213	538	538	372	372	533	533	49	49	28	28	47	47	230	230	9493	9493	7029	7029	644	644	3434	3434	21720	21720	47387	47387	7557	7557	5188	5188	163	163	146	146	5671	5671	2049	2049	3495	3495	1568	1568	318	318	448	448	719	719	46	46	27	27	105	105	82	82	288	288	527	527	952	952	155	155	211	211	748	748	116	116	825	825	305	305	10518	10518	7298	7298	205	205	141	141	992	992	13297	13297	28	28	88	88	82	82	142	142	238	238	246	246	197	197	123	123	680	680	1016	1016	97	97	79	79	4023	4023	1011	1011	1973	1973	1462	1462	11	11	89	89	54	54	60	60	5100	5100	4513	4513	12	12	12	12	2	2	1	1	17	17	100	100	61	61	27	27	1073	1073	3751	3751	6757	6757	29182	29182	184	184	41	41
IND00359	2036	2036	677	677	139	139	3	3	149	149	7554	7554	158	158	420	420	143	143	200	200	9910	9910	6249	6249	1201	1201	522	522	343	343	277	277	7177	7177	1355	1355	5	5	44	44	1692	1692	4851	4851	1015	1015	375	375	22	22	36	36	220	220	19	19	12259	12259	51	51	2060	2060	2285	2285	25841	25841	20068	20068	2256	2256	3041	3041	106	106	178	178	2043	2043	920	920	3209	3209	3415	3415	403	403	43	43	1016	1016	101	101	49	49	101	101	16	16	414	414	658	658	456	456	178	178	250	250	618	618	114	114	1511	1511	574	574	7357	7357	14622	14622	511	511	423	423	6946	6946	3376	3376	22	22	94	94	123	123	23	23	135	135	102	102	143	143	102	102	193	193	872	872	44	44	92	92	3685	3685	3113	3113	3478	3478	1829	1829	76	76	119	119	9	9	2	2	4109	4109	2197	2197	2	2	13	13	1	1	1	1	7	7	33	33	31	31	24	24	627	627	4302	4302	1041	1041	4078	4078	50	50	142	142
IND00360	26	26	731	731	143	143	380	380	1638	1638	3273	3273	259	259	532	532	152	152	187	187	11085	11085	750	750	1532	1532	866	866	380	380	321	321	3183	3183	17	17	82	82	441	441	5070	5070	4154	4154	629	629	443	443	47	47	61	61	146	146	132	132	8438	8438	2998	2998	1040	1040	3456	3456	43949	43949	21830	21830	2887	2887	7888	7888	216	216	146	146	6513	6513	5051	5051	3487	3487	585	585	462	462	451	451	765	765	963	963	20	20	23	23	344	344	50	50	150	150	223	223	17	17	171	171	488	488	449	449	1475	1475	1347	1347	3557	3557	8419	8419	112	112	95	95	15564	15564	13186	13186	84	84	51	51	215	215	217	217	105	105	132	132	145	145	117	117	858	858	109	109	75	75	32	32	942	942	33	33	3186	3186	271	271	51	51	34	34	25	25	59	59	3226	3226	4481	4481	9	9	10	10	15	15	11	11	23	23	20	20	41	41	43	43	4205	4205	1005	1005	24263	24263	12898	12898	77	77	244	244
IND00361	400	400	670	670	110	110	73	73	5941	5941	2818	2818	787	787	992	992	202	202	39	39	10989	10989	2858	2858	1556	1556	1830	1830	319	319	28	28	3764	3764	3245	3245	789	789	926	926	7872	7872	3732	3732	168	168	628	628	62	62	3	3	92	92	102	102	7064	7064	8031	8031	1515	1515	2905	2905	43236	43236	4389	4389	6572	6572	8154	8154	192	192	137	137	1982	1982	5240	5240	1001	1001	3489	3489	280	280	268	268	238	238	165	165	98	98	124	124	107	107	395	395	116	116	495	495	194	194	208	208	43	43	944	944	791	791	66	66	368	368	6177	6177	95	95	403	403	14684	14684	3677	3677	35	35	90	90	76	76	192	192	95	95	155	155	63	63	12	12	952	952	878	878	90	90	29	29	1633	1633	4082	4082	3590	3590	2780	2780	114	114	88	88	27	27	4	4	197	197	856	856	1	1	17	17	11	11	11	11	41	41	34	34	60	60	21	21	7293	7293	7631	7631	11633	11633	29335	29335	212	212	56	56
IND00362	1246	1246	1000	1000	383	383	144	144	5588	5588	866	866	424	424	303	303	120	120	40	40	12233	12233	6181	6181	7	7	369	369	472	472	168	168	2727	2727	2507	2507	250	250	224	224	331	331	5198	5198	903	903	748	748	62	62	63	63	157	157	248	248	15866	15866	2495	2495	3277	3277	2891	2891	27947	27947	29284	29284	3590	3590	2634	2634	131	131	19	19	7835	7835	3171	3171	168	168	58	58	347	347	498	498	406	406	769	769	51	51	25	25	126	126	288	288	344	344	972	972	103	103	69	69	332	332	62	62	1311	1311	1874	1874	5605	5605	5678	5678	478	478	215	215	6388	6388	5365	5365	19	19	70	70	114	114	132	132	237	237	63	63	126	126	185	185	496	496	1020	1020	5	5	121	121	1968	1968	1729	1729	1341	1341	2902	2902	26	26	92	92	22	22	40	40	2416	2416	783	783	23	23	17	17	12	12	11	11	60	60	17	17	41	41	54	54	4614	4614	5243	5243	25065	25065	18368	18368	31	31	1	1
IND00363	859	859	1801	1801	326	326	368	368	5800	5800	5936	5936	278	278	873	873	182	182	102	102	7352	7352	7003	7003	98	98	1337	1337	123	123	504	504	6729	6729	2610	2610	28	28	299	299	575	575	6884	6884	729	729	527	527	11	11	3	3	75	75	126	126	6644	6644	12217	12217	696	696	2964	2964	31200	31200	7401	7401	3624	3624	4162	4162	244	244	117	117	1605	1605	6172	6172	1355	1355	2000	2000	63	63	80	80	394	394	933	933	6	6	106	106	229	229	462	462	817	817	665	665	70	70	38	38	330	330	57	57	1938	1938	1082	1082	12047	12047	8851	8851	90	90	283	283	8378	8378	9794	9794	109	109	48	48	111	111	64	64	151	151	32	32	232	232	148	148	170	170	176	176	103	103	85	85	2929	2929	794	794	88	88	3282	3282	36	36	87	87	47	47	34	34	4011	4011	5162	5162	7	7	8	8	9	9	3	3	75	75	118	118	51	51	55	55	5286	5286	6493	6493	15543	15543	2496	2496	109	109	191	191
IND00364	1036	1036	1816	1816	365	365	156	156	2797	2797	3041	3041	192	192	16	16	245	245	4	4	12420	12420	12292	12292	1511	1511	1737	1737	435	435	258	258	919	919	4524	4524	250	250	223	223	1939	1939	5220	5220	921	921	701	701	41	41	52	52	114	114	181	181	11155	11155	3207	3207	1704	1704	1890	1890	25275	25275	48809	48809	7029	7029	255	255	222	222	193	193	6133	6133	657	657	1101	1101	2936	2936	174	174	399	399	436	436	677	677	33	33	115	115	51	51	358	358	795	795	262	262	230	230	238	238	710	710	533	533	1521	1521	942	942	10242	10242	7695	7695	428	428	105	105	8657	8657	11494	11494	78	78	75	75	63	63	246	246	156	156	101	101	43	43	16	16	33	33	256	256	58	58	128	128	2407	2407	3353	3353	1421	1421	3262	3262	57	57	71	71	30	30	61	61	7591	7591	6115	6115	6	6	13	13	5	5	5	5	70	70	128	128	22	22	22	22	7375	7375	6678	6678	11395	11395	5151	5151	20	20	37	37
IND00365	714	714	349	349	33	33	462	462	514	514	6313	6313	299	299	774	774	26	26	33	33	4757	4757	13586	13586	640	640	1589	1589	489	489	314	314	1688	1688	6488	6488	470	470	63	63	3737	3737	3069	3069	444	444	669	669	49	49	48	48	175	175	117	117	1688	1688	13144	13144	2574	2574	2133	2133	49887	49887	59960	59960	3992	3992	1957	1957	168	168	61	61	7413	7413	5817	5817	82	82	762	762	64	64	331	331	943	943	803	803	37	37	119	119	298	298	48	48	27	27	881	881	100	100	245	245	94	94	361	361	397	397	771	771	11364	11364	4687	4687	428	428	16	16	3978	3978	11102	11102	93	93	122	122	204	204	86	86	110	110	216	216	28	28	239	239	93	93	570	570	63	63	19	19	340	340	522	522	3821	3821	1286	1286	30	30	51	51	42	42	60	60	2639	2639	5354	5354	6	6	20	20	12	12	3	3	115	115	91	91	48	48	42	42	8138	8138	3253	3253	17865	17865	18912	18912	110	110	216	216
IND00366	1320	1320	126	126	348	348	478	478	467	467	7482	7482	443	443	21	21	29	29	16	16	7950	7950	14088	14088	321	321	1713	1713	483	483	246	246	4263	4263	3531	3531	746	746	553	553	7832	7832	5388	5388	608	608	77	77	53	53	9	9	37	37	236	236	10401	10401	6593	6593	3907	3907	1409	1409	46684	46684	11586	11586	1385	1385	383	383	11	11	161	161	3139	3139	771	771	2731	2731	6	6	133	133	53	53	591	591	99	99	30	30	111	111	422	422	219	219	88	88	737	737	112	112	60	60	5	5	182	182	388	388	1504	1504	1793	1793	15821	15821	354	354	28	28	10978	10978	485	485	101	101	60	60	198	198	87	87	101	101	87	87	126	126	143	143	1017	1017	830	830	86	86	29	29	2185	2185	1496	1496	1626	1626	3062	3062	42	42	81	81	33	33	18	18	1974	1974	2092	2092	26	26	21	21	13	13	7	7	20	20	36	36	63	63	22	22	1791	1791	2365	2365	28070	28070	10412	10412	158	158	52	52
IND00367	416	416	1221	1221	329	329	480	480	7301	7301	6711	6711	285	285	662	662	168	168	25	25	13152	13152	6754	6754	295	295	1772	1772	307	307	344	344	2630	2630	1981	1981	871	871	415	415	5972	5972	7272	7272	453	453	424	424	46	46	13	13	43	43	54	54	718	718	1326	1326	750	750	2088	2088	11471	11471	17277	17277	143	143	6104	6104	163	163	73	73	7086	7086	4653	4653	2126	2126	3089	3089	423	423	356	356	722	722	773	773	79	79	79	79	177	177	331	331	596	596	928	928	151	151	48	48	928	928	552	552	513	513	390	390	14639	14639	591	591	311	311	329	329	9660	9660	6201	6201	125	125	49	49	30	30	250	250	136	136	63	63	134	134	89	89	1007	1007	308	308	31	31	84	84	2902	2902	3369	3369	2151	2151	513	513	113	113	98	98	26	26	55	55	6538	6538	1889	1889	20	20	11	11	5	5	3	3	60	60	77	77	54	54	2	2	1088	1088	3370	3370	13917	13917	11537	11537	5	5	71	71
IND00368	102	102	1851	1851	213	213	11	11	4410	4410	169	169	293	293	703	703	170	170	160	160	6840	6840	15854	15854	822	822	1040	1040	97	97	137	137	2904	2904	1650	1650	739	739	36	36	2220	2220	3476	3476	359	359	358	358	13	13	18	18	66	66	173	173	4313	4313	9491	9491	3368	3368	2374	2374	41203	41203	25977	25977	7735	7735	2034	2034	203	203	5	5	6922	6922	1638	1638	3527	3527	667	667	381	381	125	125	246	246	57	57	92	92	58	58	102	102	22	22	630	630	524	524	178	178	254	254	884	884	500	500	622	622	877	877	12355	12355	3848	3848	222	222	216	216	2980	2980	10186	10186	108	108	124	124	142	142	175	175	180	180	196	196	171	171	23	23	421	421	542	542	121	121	64	64	268	268	241	241	1138	1138	2621	2621	15	15	39	39	28	28	19	19	3957	3957	5477	5477	6	6	30	30	2	2	15	15	20	20	110	110	19	19	40	40	4271	4271	5445	5445	32517	32517	9175	9175	36	36	235	235
IND00369	276	276	1580	1580	312	312	382	382	3602	3602	6515	6515	185	185	664	664	211	211	113	113	5475	5475	10058	10058	654	654	1229	1229	382	382	211	211	5430	5430	7968	7968	892	892	170	170	7881	7881	3881	3881	215	215	966	966	39	39	39	39	20	20	11	11	1420	1420	9521	9521	949	949	1550	1550	55991	55991	1016	1016	6989	6989	2668	2668	91	91	26	26	7529	7529	7489	7489	959	959	17	17	53	53	389	389	527	527	599	599	122	122	93	93	168	168	308	308	173	173	599	599	251	251	131	131	20	20	914	914	1464	1464	1313	1313	9903	9903	1463	1463	461	461	277	277	4125	4125	15123	15123	69	69	66	66	234	234	208	208	159	159	211	211	103	103	250	250	988	988	516	516	88	88	57	57	3203	3203	3228	3228	2383	2383	3163	3163	30	30	121	121	40	40	46	46	3506	3506	4601	4601	13	13	9	9	11	11	6	6	99	99	119	119	11	11	15	15	604	604	5486	5486	20296	20296	498	498	118	118	89	89
IND00370	471	471	1362	1362	118	118	284	284	4574	4574	6273	6273	173	173	469	469	223	223	2	2	15692	15692	11680	11680	1211	1211	234	234	44	44	423	423	109	109	4316	4316	245	245	651	651	4251	4251	202	202	567	567	11	11	1	1	26	26	69	69	109	109	1284	1284	346	346	982	982	3846	3846	63689	63689	52837	52837	4817	4817	6659	6659	49	49	128	128	204	204	6014	6014	4055	4055	893	893	285	285	235	235	238	238	165	165	70	70	87	87	102	102	144	144	959	959	679	679	247	247	51	51	438	438	12	12	737	737	2023	2023	829	829	3334	3334	147	147	25	25	3463	3463	3341	3341	93	93	107	107	92	92	151	151	50	50	111	111	21	21	8	8	753	753	40	40	99	99	107	107	558	558	1739	1739	743	743	1654	1654	81	81	120	120	63	63	18	18	4118	4118	6709	6709	5	5	20	20	11	11	14	14	45	45	74	74	9	9	54	54	5694	5694	484	484	18639	18639	22541	22541	122	122	237	237
IND00371	181	181	76	76	64	64	378	378	5615	5615	5420	5420	897	897	695	695	82	82	246	246	15883	15883	1863	1863	408	408	1958	1958	438	438	475	475	5859	5859	6369	6369	302	302	243	243	5794	5794	5578	5578	247	247	208	208	2	2	8	8	123	123	162	162	9369	9369	7228	7228	1170	1170	2697	2697	16856	16856	34275	34275	4007	4007	7100	7100	82	82	79	79	3986	3986	7801	7801	3080	3080	2913	2913	3	3	480	480	500	500	786	786	11	11	78	78	274	274	23	23	56	56	980	980	106	106	195	195	563	563	655	655	1559	1559	706	706	6510	6510	5758	5758	334	334	225	225	11565	11565	4926	4926	114	114	24	24	202	202	176	176	247	247	35	35	111	111	13	13	770	770	924	924	111	111	79	79	3196	3196	492	492	1270	1270	206	206	61	61	24	24	35	35	52	52	6146	6146	4224	4224	32	32	5	5	3	3	10	10	23	23	111	111	53	53	8	8	5090	5090	106	106	5758	5758	7504	7504	169	169	171	171
IND00372	1966	1966	450	450	341	341	356	356	2533	2533	2455	2455	138	138	81	81	84	84	180	180	5862	5862	7216	7216	1833	1833	1936	1936	84	84	171	171	7252	7252	2025	2025	428	428	596	596	487	487	5707	5707	324	324	611	611	33	33	23	23	256	256	139	139	7396	7396	4013	4013	2555	2555	476	476	55791	55791	57156	57156	4873	4873	1038	1038	106	106	203	203	4884	4884	2657	2657	3471	3471	310	310	310	310	279	279	538	538	729	729	74	74	1	1	5	5	140	140	528	528	144	144	255	255	179	179	28	28	283	283	1063	1063	1172	1172	4253	4253	3181	3181	44	44	505	505	1554	1554	10422	10422	45	45	82	82	1	1	63	63	88	88	203	203	56	56	103	103	858	858	799	799	118	118	23	23	3810	3810	289	289	212	212	2654	2654	73	73	125	125	41	41	54	54	428	428	4622	4622	31	31	28	28	5	5	9	9	81	81	26	26	56	56	14	14	459	459	4880	4880	11146	11146	26923	26923	108	108	139	139
IND00373	1622	1622	561	561	236	236	342	342	5541	5541	4294	4294	622	622	146	146	22	22	190	190	13841	13841	14037	14037	1456	1456	1089	1089	306	306	140	140	3985	3985	3258	3258	196	196	554	554	1645	1645	6062	6062	360	360	368	368	47	47	36	36	249	249	230	230	1483	1483	2754	2754	3572	3572	3051	3051	19473	19473	58861	58861	1839	1839	6378	6378	66	66	64	64	5434	5434	7797	7797	1923	1923	3516	3516	311	311	236	236	512	512	623	623	43	43	37	37	63	63	144	144	619	619	424	424	121	121	153	153	891	891	394	394	407	407	1700	1700	13887	13887	9142	9142	328	328	326	326	13346	13346	8963	8963	82	82	78	78	72	72	162	162	254	254	149	149	2	2	218	218	570	570	853	853	64	64	1	1	3708	3708	3685	3685	23	23	3575	3575	60	60	59	59	36	36	62	62	6895	6895	2451	2451	13	13	23	23	14	14	13	13	111	111	67	67	43	43	17	17	6473	6473	2024	2024	1119	1119	16953	16953	112	112	198	198
IND00374	1699	1699	106	106	206	206	253	253	1311	1311	2825	2825	585	585	299	299	45	45	4	4	867	867	13322	13322	722	722	1274	1274	334	334	271	271	2065	2065	4430	4430	870	870	294	294	3555	3555	3860	3860	462	462	542	542	10	10	3	3	61	61	161	161	16201	16201	724	724	726	726	3441	3441	30318	30318	4670	4670	1516	1516	2198	2198	154	154	225	225	4063	4063	1203	1203	61	61	3977	3977	23	23	116	116	945	945	552	552	90	90	62	62	232	232	183	183	362	362	610	610	55	55	49	49	97	97	14	14	1803	1803	2036	2036	12225	12225	3709	3709	130	130	300	300	2831	2831	8757	8757	68	68	116	116	116	116	241	241	118	118	27	27	56	56	52	52	509	509	345	345	104	104	103	103	4066	4066	316	316	2536	2536	2698	2698	10	10	73	73	32	32	24	24	4141	4141	3464	3464	21	21	18	18	15	15	1	1	16	16	25	25	51	51	36	36	8096	8096	5550	5550	9636	9636	5633	5633	57	57	225	225
IND00375	1488	1488	975	975	77	77	305	305	3737	3737	1816	1816	127	127	202	202	157	157	225	225	7392	7392	2834	2834	1448	1448	255	255	286	286	81	81	3921	3921	7558	7558	621	621	821	821	6361	6361	7609	7609	667	667	660	660	49	49	11	11	102	102	83	83	5930	5930	5600	5600	2058	2058	1079	1079	41978	41978	58068	58068	4693	4693	996	996	3	3	76	76	8079	8079	2111	2111	881	881	2843	2843	22	22	439	439	910	910	985	985	21	21	1	1	240	240	504	504	774	774	752	752	218	218	64	64	354	354	34	34	2017	2017	1287	1287	14371	14371	15269	15269	500	500	323	323	8356	8356	553	553	106	106	92	92	62	62	237	237	192	192	43	43	171	171	119	119	122	122	530	530	64	64	64	64	1350	1350	1550	1550	1325	1325	3605	3605	21	21	120	120	37	37	44	44	5838	5838	7871	7871	11	11	13	13	13	13	13	13	60	60	49	49	6	6	8	8	5602	5602	4510	4510	2324	2324	6192	6192	161	161	219	219
IND00376	338	338	149	149	51	51	352	352	6177	6177	127	127	93	93	742	742	69	69	101	101	2344	2344	5667	5667	646	646	417	417	491	491	59	59	5981	5981	6235	6235	156	156	508	508	6350	6350	6830	6830	997	997	477	477	31	31	18	18	104	104	249	249	522	522	7203	7203	647	647	3502	3502	39083	39083	47648	47648	544	544	948	948	110	110	252	252	1996	1996	6447	6447	1608	1608	1950	1950	36	36	350	350	319	319	706	706	126	126	4	4	324	324	164	164	9	9	947	947	162	162	14	14	460	460	590	590	719	719	968	968	1729	1729	14617	14617	314	314	403	403	6609	6609	13451	13451	20	20	113	113	120	120	124	124	154	154	243	243	233	233	207	207	124	124	891	891	31	31	119	119	3246	3246	3360	3360	11	11	1405	1405	14	14	49	49	4	4	9	9	3611	3611	2969	2969	32	32	29	29	7	7	8	8	35	35	118	118	46	46	54	54	4034	4034	7728	7728	32625	32625	31492	31492	65	65	182	182
IND00377	1601	1601	525	525	209	209	86	86	4812	4812	2911	2911	290	290	285	285	152	152	98	98	15656	15656	7017	7017	632	632	1179	1179	279	279	244	244	1419	1419	50	50	449	449	954	954	4401	4401	4649	4649	980	980	489	489	43	43	28	28	191	191	112	112	2280	2280	12844	12844	1606	1606	1089	1089	26306	26306	1008	1008	2514	2514	118	118	39	39	183	183	6211	6211	6930	6930	563	563	2946	2946	98	98	497	497	443	443	506	506	109	109	68	68	353	353	477	477	241	241	918	918	17	17	250	250	583	583	199	199	1791	1791	374	374	4421	4421	3813	3813	492	492	291	291	1565	1565	5806	5806	94	94	73	73	16	16	157	157	195	195	203	203	56	56	83	83	485	485	277	277	17	17	56	56	1954	1954	704	704	3049	3049	992	992	117	117	31	31	43	43	49	49	6386	6386	7368	7368	4	4	20	20	3	3	15	15	123	123	91	91	28	28	59	59	5894	5894	870	870	29824	29824	23221	23221	195	195	169	169
IND00378	1190	1190	1623	1623	245	245	498	498	6388	6388	7073	7073	236	236	988	988	5	5	26	26	13809	13809	8427	8427	1466	1466	1485	1485	195	195	479	479	1265	1265	262	262	469	469	18	18	3524	3524	7864	7864	798	798	21	21	50	50	42	42	67	67	197	197	15421	15421	973	973	491	491	3272	3272	3604	3604	45787	45787	3962	3962	1787	1787	7	7	138	138	4829	4829	5110	5110	4032	4032	119	119	170	170	200	200	956	956	415	415	79	79	107	107	251	251	315	315	975	975	219	219	24	24	85	85	586	586	769	769	578	578	2011	2011	14208	14208	11093	11093	115	115	42	42	15969	15969	8389	8389	56	56	115	115	138	138	211	211	12	12	230	230	139	139	17	17	711	711	515	515	127	127	103	103	702	702	645	645	829	829	1641	1641	120	120	17	17	25	25	4	4	5157	5157	5552	5552	8	8	31	31	9	9	1	1	38	38	79	79	45	45	35	35	2805	2805	4533	4533	23754	23754	1320	1320	2	2	144	144
IND00379	707	707	962	962	313	313	320	320	1958	1958	7213	7213	407	407	991	991	35	35	128	128	8450	8450	12378	12378	367	367	952	952	190	190	59	59	1419	1419	8037	8037	511	511	969	969	7989	7989	2209	2209	856	856	188	188	35	35	35	35	217	217	71	71	6014	6014	15546	15546	2880	2880	1691	1691	21955	21955	21958	21958	7393	7393	4137	4137	172	172	74	74	6640	6640	5562	5562	239	239	2821	2821	102	102	493	493	488	488	252	252	105	105	77	77	381	381	394	394	204	204	930	930	96	96	241	241	584	584	94	94	1870	1870	1549	1549	14911	14911	9036	9036	26	26	358	358	9278	9278	10347	10347	90	90	18	18	7	7	57	57	159	159	91	91	127	127	88	88	362	362	811	811	126	126	117	117	1535	1535	252	252	181	181	183	183	123	123	24	24	16	16	9	9	6605	6605	3217	3217	28	28	32	32	7	7	16	16	52	52	43	43	56	56	37	37	4264	4264	6608	6608	31639	31639	7319	7319	164	164	27	27
IND00380	298	298	1817	1817	402	402	356	356	4620	4620	5646	5646	924	924	14	14	75	75	63	63	16082	16082	5427	5427	1663	1663	342	342	375	375	5	5	3546	3546	7387	7387	338	338	366	366	2415	2415	3791	3791	615	615	874	874	45	45	13	13	99	99	11	11	9417	9417	1537	1537	788	788	3753	3753	33518	33518	40778	40778	3065	3065	1775	1775	3	3	249	249	7346	7346	7442	7442	2647	2647	3450	3450	94	94	284	284	854	854	255	255	63	63	108	108	36	36	47	47	969	969	444	444	250	250	86	86	80	80	956	956	1036	1036	1547	1547	15160	15160	9581	9581	128	128	416	416	2510	2510	11333	11333	69	69	120	120	222	222	12	12	70	70	240	240	86	86	91	91	467	467	907	907	54	54	88	88	2177	2177	2774	2774	1782	1782	2727	2727	73	73	68	68	3	3	28	28	4771	4771	2902	2902	11	11	27	27	10	10	9	9	120	120	33	33	48	48	43	43	6216	6216	5611	5611	32087	32087	14753	14753	134	134	163	163
IND00381	917	917	1740	1740	445	445	62	62	5404	5404	2276	2276	42	42	800	800	161	161	234	234	2604	2604	5974	5974	171	171	1108	1108	211	211	179	179	4075	4075	8150	8150	806	806	649	649	5437	5437	4650	4650	749	749	102	102	27	27	22	22	153	153	157	157	6510	6510	1058	1058	3682	3682	748	748	53544	53544	45670	45670	5916	5916	3042	3042	210	210	250	250	1239	1239	6045	6045	2309	2309	1301	1301	499	499	250	250	610	610	849	849	3	3	93	93	152	152	58	58	713	713	751	751	95	95	132	132	339	339	612	612	435	435	2046	2046	2207	2207	3711	3711	23	23	428	428	15808	15808	761	761	29	29	9	9	206	206	108	108	76	76	96	96	123	123	136	136	537	537	344	344	117	117	8	8	3459	3459	234	234	561	561	49	49	78	78	95	95	8	8	18	18	2047	2047	4426	4426	12	12	10	10	7	7	11	11	47	47	12	12	18	18	35	35	2767	2767	4242	4242	14183	14183	54	54	47	47	155	155
IND00382	1017	1017	1384	1384	367	367	193	193	832	832	7743	7743	604	604	386	386	204	204	211	211	2958	2958	13180	13180	1688	1688	820	820	325	325	101	101	8030	8030	7701	7701	568	568	821	821	1287	1287	5325	5325	889	889	758	758	27	27	35	35	100	100	241	241	168	168	8171	8171	1093	1093	1939	1939	63758	63758	50112	50112	6210	6210	5244	5244	93	93	189	189	5086	5086	5087	5087	2958	2958	238	238	125	125	157	157	699	699	818	818	50	50	120	120	460	460	296	296	63	63	124	124	212	212	164	164	984	984	328	328	1653	1653	1722	1722	6940	6940	16293	16293	197	197	422	422	12084	12084	12218	12218	67	67	33	33	12	12	233	233	51	51	70	70	56	56	6	6	748	748	911	911	22	22	69	69	502	502	2648	2648	3085	3085	2390	2390	58	58	108	108	26	26	51	51	6518	6518	4787	4787	27	27	19	19	13	13	4	4	3	3	25	25	24	24	6	6	6736	6736	7419	7419	10379	10379	8620	8620	126	126	118	118
IND00383	839	839	1391	1391	175	175	251	251	4787	4787	3752	3752	1002	1002	290	290	107	107	180	180	7669	7669	3080	3080	996	996	270	270	177	177	412	412	3435	3435	5872	5872	116	116	229	229	1056	1056	1184	1184	700	700	120	120	58	58	14	14	215	215	255	255	7336	7336	3861	3861	910	910	3896	3896	2543	2543	34543	34543	7744	7744	6649	6649	53	53	114	114	444	444	7153	7153	28	28	3253	3253	17	17	111	111	773	773	973	973	29	29	52	52	217	217	508	508	907	907	201	201	122	122	13	13	573	573	681	681	877	877	363	363	14072	14072	3013	3013	480	480	293	293	15925	15925	15932	15932	49	49	123	123	233	233	243	243	118	118	163	163	29	29	179	179	166	166	756	756	59	59	90	90	1167	1167	2580	2580	32	32	2883	2883	69	69	83	83	50	50	61	61	2433	2433	6879	6879	16	16	12	12	8	8	2	2	127	127	27	27	7	7	59	59	3491	3491	2939	2939	25913	25913	7482	7482	189	189	234	234
IND00384	1796	1796	1140	1140	216	216	331	331	476	476	888	888	935	935	557	557	249	249	86	86	13290	13290	13448	13448	1964	1964	1294	1294	153	153	139	139	2891	2891	3710	3710	355	355	220	220	4441	4441	5922	5922	483	483	448	448	18	18	29	29	75	75	240	240	10838	10838	7237	7237	3704	3704	3992	3992	26930	26930	62520	62520	1870	1870	146	146	124	124	58	58	1529	1529	3066	3066	3984	3984	687	687	325	325	336	336	327	327	136	136	87	87	51	51	22	22	44	44	576	576	940	940	156	156	183	183	866	866	1020	1020	1769	1769	1868	1868	11809	11809	4129	4129	321	321	345	345	12961	12961	4011	4011	56	56	63	63	4	4	39	39	75	75	201	201	181	181	59	59	121	121	166	166	111	111	22	22	3745	3745	614	614	263	263	3361	3361	100	100	27	27	50	50	33	33	545	545	7336	7336	32	32	11	11	13	13	8	8	115	115	76	76	32	32	3	3	1410	1410	6585	6585	2114	2114	27059	27059	101	101	70	70
IND00385	780	780	214	214	3	3	421	421	3390	3390	6540	6540	333	333	583	583	48	48	101	101	6678	6678	5329	5329	655	655	927	927	125	125	439	439	6955	6955	855	855	536	536	447	447	3325	3325	7937	7937	715	715	919	919	35	35	13	13	196	196	175	175	9870	9870	12229	12229	3635	3635	3496	3496	41424	41424	12642	12642	929	929	6238	6238	85	85	127	127	6176	6176	4083	4083	3777	3777	3852	3852	419	419	53	53	54	54	179	179	104	104	33	33	161	161	331	331	289	289	227	227	150	150	69	69	666	666	500	500	940	940	107	107	6297	6297	13860	13860	400	400	208	208	11745	11745	7825	7825	46	46	63	63	187	187	56	56	225	225	255	255	12	12	113	113	51	51	754	754	97	97	61	61	27	27	3721	3721	3579	3579	2790	2790	13	13	75	75	32	32	61	61	6850	6850	3341	3341	19	19	23	23	12	12	1	1	61	61	57	57	14	14	30	30	3425	3425	8141	8141	11304	11304	26350	26350	147	147	121	121
IND00386	1359	1359	2007	2007	154	154	158	158	4572	4572	5599	5599	566	566	216	216	35	35	219	219	10526	10526	9101	9101	426	426	275	275	277	277	409	409	4821	4821	5062	5062	850	850	492	492	3244	3244	5631	5631	679	679	525	525	49	49	38	38	195	195	114	114	15456	15456	4634	4634	1122	1122	924	924	35007	35007	25604	25604	3842	3842	7461	7461	182	182	45	45	1846	1846	583	583	2603	2603	3526	3526	159	159	423	423	999	999	310	310	27	27	3	3	453	453	471	471	671	671	123	123	123	123	149	149	37	37	265	265	644	644	1980	1980	7943	7943	14634	14634	34	34	511	511	11102	11102	14317	14317	64	64	118	118	215	215	143	143	119	119	177	177	154	154	94	94	537	537	73	73	95	95	53	53	128	128	3278	3278	1522	1522	1693	1693	15	15	66	66	45	45	2	2	1432	1432	7919	7919	7	7	21	21	12	12	13	13	90	90	93	93	19	19	12	12	7937	7937	7447	7447	25226	25226	21925	21925	167	167	111	111
IND00387	944	944	251	251	433	433	317	317	428	428	3619	3619	458	458	695	695	244	244	111	111	3726	3726	13383	13383	971	971	176	176	279	279	268	268	6341	6341	2020	2020	646	646	349	349	5671	5671	4727	4727	793	793	429	429	24	24	27	27	3	3	23	23	7698	7698	225	225	988	988	867	867	18956	18956	30415	30415	899	899	3333	3333	49	49	85	85	624	624	2663	2663	474	474	3906	3906	416	416	489	489	78	78	279	279	51	51	4	4	81	81	220	220	20	20	923	923	163	163	142	142	406	406	976	976	96	96	1770	1770	12819	12819	401	401	443	443	432	432	6553	6553	16297	16297	27	27	48	48	152	152	195	195	6	6	171	171	114	114	168	168	278	278	641	641	23	23	51	51	3820	3820	3222	3222	495	495	2616	2616	22	22	95	95	33	33	18	18	4202	4202	2306	2306	13	13	27	27	5	5	14	14	83	83	28	28	41	41	23	23	2641	2641	2256	2256	23722	23722	3995	3995	37	37	18	18
IND00388	1261	1261	1030	1030	272	272	476	476	4161	4161	3202	3202	391	391	183	183	57	57	58	58	10243	10243	2988	2988	524	524	386	386	235	235	203	203	7759	7759	1367	1367	729	729	678	678	5013	5013	2929	2929	473	473	255	255	47	47	14	14	199	199	43	43	3323	3323	4206	4206	2507	2507	94	94	28472	28472	27428	27428	2429	2429	6265	6265	252	252	139	139	5127	5127	7489	7489	2756	2756	3164	3164	55	55	400	400	431	431	583	583	58	58	68	68	322	322	394	394	42	42	41	41	243	243	20	20	76	76	657	657	1028	1028	1515	1515	9026	9026	5283	5283	239	239	296	296	11289	11289	16276	16276	65	65	65	65	153	153	14	14	79	79	141	141	219	219	228	228	322	322	392	392	101	101	10	10	1726	1726	2445	2445	2917	2917	3466	3466	66	66	14	14	14	14	2	2	6085	6085	2893	2893	2	2	15	15	1	1	1	1	74	74	126	126	18	18	61	61	5041	5041	7183	7183	15403	15403	14881	14881	246	246	111	111
IND00389	623	623	1879	1879	303	303	349	349	7850	7850	2466	2466	589	589	785	785	25	25	228	228	1929	1929	5233	5233	1108	1108	1401	1401	55	55	394	394	2264	2264	4818	4818	790	790	61	61	6487	6487	873	873	472	472	625	625	20	20	39	39	61	61	171	171	12073	12073	12821	12821	2832	2832	4016	4016	62598	62598	48523	48523	7270	7270	382	382	119	119	117	117	1693	1693	247	247	128	128	3071	3071	367	367	374	374	576	576	450	450	55	55	127	127	300	300	466	466	395	395	621	621	154	154	183	183	627	627	945	945	1564	1564	48	48	15579	15579	11015	11015	190	190	363	363	5395	5395	7907	7907	110	110	97	97	144	144	83	83	24	24	246	246	252	252	199	199	819	819	807	807	59	59	28	28	3270	3270	2322	2322	130	130	122	122	36	36	41	41	34	34	55	55	5054	5054	2209	2209	1	1	4	4	3	3	15	15	111	111	111	111	6	6	40	40	2554	2554	2680	2680	31702	31702	8512	8512	176	176	45	45
IND00390	894	894	107	107	75	75	287	287	7029	7029	32	32	578	578	107	107	189	189	36	36	14481	14481	13906	13906	1604	1604	39	39	9	9	382	382	555	555	612	612	444	444	198	198	3340	3340	2460	2460	88	88	299	299	58	58	23	23	35	35	161	161	3697	3697	13297	13297	1790	1790	2275	2275	50271	50271	401	401	3655	3655	1396	1396	177	177	42	42	4947	4947	979	979	764	764	437	437	504	504	22	22	885	885	529	529	37	37	72	72	454	454	33	33	237	237	690	690	211	211	59	59	684	684	257	257	1578	1578	504	504	13788	13788	5646	5646	215	215	164	164	5950	5950	6107	6107	98	98	90	90	108	108	75	75	96	96	154	154	10	10	76	76	626	626	142	142	87	87	108	108	3390	3390	993	993	1892	1892	3471	3471	88	88	66	66	12	12	62	62	421	421	7964	7964	20	20	5	5	13	13	14	14	122	122	84	84	53	53	51	51	3185	3185	5413	5413	28223	28223	2974	2974	146	146	115	115
IND00391	766	766	75	75	265	265	89	89	1299	1299	4771	4771	819	819	356	356	166	166	141	141	5705	5705	9289	9289	1965	1965	1979	1979	303	303	313	313	4873	4873	5363	5363	38	38	942	942	454	454	1566	1566	449	449	639	639	4	4	56	56	188	188	137	137	10313	10313	2607	2607	2310	2310	275	275	42962	42962	52132	52132	149	149	2026	2026	139	139	150	150	6437	6437	1162	1162	2739	2739	95	95	475	475	267	267	97	97	647	647	103	103	11	11	29	29	303	303	587	587	45	45	38	38	15	15	482	482	868	868	576	576	1837	1837	774	774	11841	11841	103	103	405	405	13701	13701	7730	7730	83	83	27	27	82	82	131	131	173	173	58	58	59	59	129	129	973	973	733	733	4	4	93	93	1152	1152	2316	2316	1255	1255	1425	1425	115	115	40	40	48	48	39	39	7323	7323	5470	5470	3	3	12	12	6	6	7	7	69	69	53	53	20	20	48	48	382	382	3567	3567	24847	24847	3919	3919	60	60	16	16
IND00392	1233	1233	576	576	137	137	240	240	2298	2298	4007	4007	960	960	623	623	210	210	185	185	405	405	4720	4720	2034	2034	684	684	19	19	428	428	596	596	7177	7177	508	508	84	84	1001	1001	4322	4322	403	403	513	513	51	51	52	52	79	79	137	137	6535	6535	3379	3379	3155	3155	3924	3924	27563	27563	43186	43186	5311	5311	6262	6262	164	164	207	207	4829	4829	3197	3197	243	243	3683	3683	175	175	507	507	5	5	705	705	20	20	44	44	283	283	44	44	38	38	288	288	191	191	113	113	659	659	221	221	1787	1787	1578	1578	10736	10736	5199	5199	435	435	167	167	5992	5992	4362	4362	90	90	46	46	145	145	156	156	34	34	179	179	69	69	235	235	145	145	446	446	21	21	10	10	1153	1153	2475	2475	1998	1998	2389	2389	3	3	125	125	25	25	47	47	1097	1097	3425	3425	25	25	9	9	6	6	16	16	29	29	52	52	10	10	24	24	164	164	3198	3198	25090	25090	28128	28128	32	32	166	166
IND00393	1196	1196	1693	1693	137	137	142	142	6957	6957	1539	1539	288	288	270	270	149	149	132	132	15685	15685	2529	2529	1887	1887	1229	1229	2	2	253	253	5527	5527	1778	1778	306	306	690	690	616	616	2891	2891	1010	1010	210	210	49	49	26	26	56	56	172	172	474	474	211	211	3172	3172	2619	2619	13816	13816	52031	52031	2539	2539	6952	6952	73	73	3	3	2527	2527	2470	2470	689	689	2302	2302	361	361	228	228	245	245	303	303	119	119	127	127	139	139	208	208	519	519	158	158	191	191	234	234	254	254	358	358	934	934	450	450	1244	1244	9974	9974	285	285	77	77	10069	10069	4147	4147	16	16	10	10	108	108	211	211	146	146	218	218	222	222	95	95	574	574	693	693	33	33	36	36	3674	3674	1629	1629	3216	3216	1015	1015	84	84	68	68	59	59	58	58	5026	5026	2206	2206	30	30	21	21	9	9	15	15	10	10	6	6	11	11	1	1	4221	4221	5537	5537	28876	28876	13362	13362	102	102	170	170
IND00394	1479	1479	2036	2036	384	384	242	242	1070	1070	4313	4313	939	939	49	49	240	240	255	255	934	934	13626	13626	1549	1549	1999	1999	46	46	330	330	7513	7513	7689	7689	471	471	221	221	4616	4616	3084	3084	778	778	1008	1008	59	59	23	23	92	92	228	228	13266	13266	3846	3846	1111	1111	1584	1584	29530	29530	56905	56905	4336	4336	2476	2476	112	112	20	20	6128	6128	3141	3141	38	38	469	469	4	4	201	201	410	410	273	273	15	15	21	21	190	190	420	420	437	437	838	838	70	70	13	13	628	628	805	805	623	623	293	293	8150	8150	15224	15224	11	11	142	142	2149	2149	3986	3986	4	4	118	118	136	136	20	20	182	182	139	139	155	155	144	144	251	251	831	831	78	78	24	24	2294	2294	2723	2723	3723	3723	1528	1528	41	41	95	95	22	22	21	21	4776	4776	1507	1507	12	12	3	3	9	9	13	13	70	70	46	46	40	40	27	27	798	798	1052	1052	2907	2907	11674	11674	149	149	114	114
IND00395	5	5	1227	1227	248	248	262	262	1135	1135	3347	3347	195	195	743	743	1	1	243	243	9437	9437	5739	5739	897	897	1129	1129	341	341	52	52	2894	2894	7840	7840	857	857	273	273	5024	5024	72	72	112	112	400	400	48	48	27	27	27	27	158	158	8712	8712	1203	1203	3867	3867	416	416	43203	43203	15155	15155	2247	2247	8033	8033	206	206	143	143	36	36	4868	4868	612	612	272	272	69	69	333	333	612	612	868	868	104	104	105	105	254	254	218	218	376	376	772	772	193	193	95	95	1	1	126	126	1893	1893	1968	1968	5926	5926	8498	8498	84	84	15	15	9459	9459	10288	10288	126	126	19	19	127	127	242	242	88	88	200	200	9	9	190	190	443	443	340	340	47	47	17	17	2135	2135	2007	2007	3224	3224	3401	3401	120	120	86	86	64	64	59	59	180	180	5873	5873	19	19	12	12	9	9	4	4	102	102	93	93	40	40	57	57	5549	5549	3808	3808	26141	26141	24422	24422	223	223	135	135
IND00396	935	935	5	5	278	278	12	12	2592	2592	4791	4791	797	797	978	978	1	1	139	139	5242	5242	14184	14184	504	504	679	679	412	412	442	442	2292	2292	7570	7570	528	528	217	217	4070	4070	6791	6791	564	564	267	267	4	4	31	31	162	162	41	41	7119	7119	1500	1500	2671	2671	1742	1742	48517	48517	45564	45564	1115	1115	6138	6138	27	27	200	200	4785	4785	6324	6324	1135	1135	3785	3785	245	245	109	109	744	744	956	956	37	37	65	65	383	383	344	344	235	235	777	777	50	50	92	92	858	858	843	843	1497	1497	830	830	10362	10362	15474	15474	66	66	42	42	15878	15878	14631	14631	42	42	46	46	33	33	173	173	79	79	189	189	4	4	132	132	376	376	388	388	76	76	21	21	3687	3687	1596	1596	2057	2057	3019	3019	11	11	19	19	53	53	62	62	3881	3881	6625	6625	14	14	26	26	4	4	6	6	121	121	51	51	8	8	2	2	3928	3928	7939	7939	18774	18774	10450	10450	233	233	22	22
IND00397	938	938	1120	1120	407	407	83	83	4962	4962	5311	5311	65	65	232	232	112	112	157	157	123	123	15022	15022	1798	1798	836	836	44	44	471	471	5760	5760	3090	3090	552	552	810	810	973	973	500	500	795	795	472	472	22	22	47	47	255	255	210	210	9251	9251	5128	5128	274	274	680	680	34777	34777	29111	29111	5706	5706	7860	7860	145	145	127	127	5460	5460	4907	4907	1938	1938	295	295	335	335	277	277	263	263	475	475	15	15	9	9	255	255	162	162	443	443	88	88	242	242	104	104	549	549	832	832	128	128	1360	1360	2394	2394	10427	10427	184	184	135	135	11799	11799	587	587	106	106	84	84	215	215	175	175	168	168	141	141	207	207	70	70	634	634	197	197	65	65	112	112	3233	3233	2333	2333	2277	2277	946	946	59	59	18	18	48	48	4	4	2694	2694	2072	2072	13	13	3	3	6	6	3	3	74	74	73	73	60	60	10	10	736	736	85	85	26704	26704	9374	9374	78	78	240	240
IND00398	143	143	601	601	56	56	2	2	5382	5382	5625	5625	495	495	700	700	201	201	232	232	14480	14480	8360	8360	1695	1695	1650	1650	379	379	223	223	5716	5716	8090	8090	298	298	839	839	4686	4686	4218	4218	522	522	388	388	63	63	37	37	71	71	119	119	9907	9907	8305	8305	3141	3141	1232	1232	12280	12280	24773	24773	5470	5470	7840	7840	1	1	177	177	7407	7407	3127	3127	668	668	3652	3652	122	122	167	167	280	280	80	80	87	87	69	69	461	461	380	380	482	482	44	44	238	238	165	165	202	202	904	904	1890	1890	880	880	1778	1778	12522	12522	378	378	390	390	7003	7003	15022	15022	69	69	16	16	153	153	189	189	156	156	89	89	131	131	1	1	948	948	356	356	87	87	22	22	2039	2039	1309	1309	2800	2800	912	912	84	84	14	14	37	37	1	1	4279	4279	129	129	9	9	27	27	13	13	8	8	70	70	34	34	17	17	49	49	1548	1548	5671	5671	20123	20123	7939	7939	148	148	55	55
IND00399	823	823	256	256	46	46	39	39	1169	1169	2325	2325	165	165	268	268	216	216	23	23	13645	13645	10014	10014	1037	1037	1637	1637	139	139	471	471	4178	4178	528	528	250	250	246	246	6200	6200	7308	7308	356	356	813	813	27	27	47	47	253	253	222	222	11074	11074	6032	6032	11	11	3893	3893	63520	63520	5584	5584	7836	7836	321	321	77	77	28	28	239	239	2850	2850	1952	1952	1787	1787	199	199	364	364	114	114	82	82	30	30	98	98	290	290	85	85	734	734	473	473	15	15	243	243	167	167	765	765	523	523	2010	2010	11172	11172	11811	11811	156	156	433	433	12019	12019	14258	14258	126	126	66	66	141	141	135	135	9	9	160	160	224	224	157	157	467	467	961	961	66	66	25	25	545	545	3623	3623	2220	2220	2212	2212	94	94	4	4	18	18	35	35	747	747	5786	5786	2	2	6	6	1	1	5	5	28	28	117	117	59	59	19	19	3233	3233	5396	5396	26901	26901	18243	18243	235	235	114	114
IND00400	1022	1022	1169	1169	382	382	100	100	3320	3320	1616	1616	1024	1024	380	380	237	237	161	161	15516	15516	8521	8521	354	354	1684	1684	279	279	342	342	4178	4178	1732	1732	893	893	320	320	2890	2890	3494	3494	183	183	757	757	53	53	23	23	127	127	100	100	13245	13245	12540	12540	1203	1203	13	13	55179	55179	58045	58045	7438	7438	5666	5666	29	29	82	82	4684	4684	1037	1037	2996	2996	2247	2247	427	427	393	393	997	997	490	490	55	55	66	66	92	92	107	107	136	136	435	435	99	99	157	157	567	567	775	775	1164	1164	1883	1883	2953	2953	5599	5599	334	334	129	129	12810	12810	9996	9996	97	97	84	84	185	185	129	129	236	236	159	159	122	122	50	50	491	491	137	137	1	1	111	111	3282	3282	1662	1662	1528	1528	130	130	1	1	72	72	30	30	46	46	6085	6085	227	227	31	31	13	13	14	14	13	13	54	54	14	14	41	41	41	41	6597	6597	1278	1278	32584	32584	27287	27287	200	200	115	115
IND00401	1475	1475	1282	1282	244	244	314	314	5613	5613	147	147	35	35	708	708	53	53	241	241	13373	13373	14724	14724	829	829	1025	1025	77	77	333	333	6896	6896	6926	6926	648	648	171	171	7831	7831	4060	4060	102	102	208	208	10	10	16	16	64	64	138	138	9373	9373	4853	4853	2701	2701	2370	2370	52211	52211	12117	12117	4288	4288	3056	3056	196	196	8	8	3001	3001	7715	7715	2551	2551	3991	3991	335	335	230	230	18	18	27	27	94	94	60	60	349	349	57	57	740	740	911	911	125	125	44	44	694	694	174	174	257	257	1520	1520	5073	5073	9669	9669	507	507	81	81	5599	5599	3540	3540	11	11	19	19	48	48	29	29	109	109	55	55	146	146	194	194	27	27	264	264	9	9	23	23	3602	3602	4034	4034	2330	2330	1908	1908	12	12	3	3	61	61	25	25	2075	2075	4807	4807	19	19	8	8	4	4	5	5	124	124	117	117	17	17	11	11	1551	1551	8143	8143	5740	5740	27572	27572	1	1	154	154
IND00402	1270	1270	652	652	286	286	134	134	1714	1714	8156	8156	882	882	955	955	162	162	178	178	4018	4018	3852	3852	94	94	939	939	408	408	138	138	5816	5816	3398	3398	705	705	516	516	7518	7518	3108	3108	212	212	199	199	17	17	54	54	177	177	64	64	14441	14441	9472	9472	2658	2658	3402	3402	42708	42708	21251	21251	2096	2096	3492	3492	249	249	46	46	7714	7714	6413	6413	2956	2956	3564	3564	230	230	238	238	279	279	211	211	99	99	83	83	474	474	455	455	285	285	83	83	188	188	230	230	72	72	414	414	975	975	29	29	6117	6117	12771	12771	226	226	75	75	1472	1472	4774	4774	21	21	85	85	237	237	167	167	141	141	151	151	29	29	20	20	942	942	915	915	50	50	47	47	3390	3390	744	744	1899	1899	1887	1887	76	76	87	87	4	4	33	33	7378	7378	7730	7730	7	7	25	25	13	13	2	2	61	61	111	111	9	9	12	12	5701	5701	3141	3141	11794	11794	17369	17369	140	140	8	8
IND00403	29	29	745	745	333	333	22	22	8181	8181	8107	8107	253	253	340	340	164	164	146	146	14251	14251	4886	4886	631	631	771	771	15	15	301	301	4541	4541	7806	7806	631	631	192	192	1231	1231	588	588	912	912	488	488	32	32	19	19	151	151	133	133	9926	9926	4273	4273	3814	3814	1139	1139	62512	62512	51536	51536	4606	4606	20	20	133	133	171	171	1252	1252	5392	5392	46	46	1564	1564	340	340	507	507	581	581	374	374	104	104	54	54	159	159	407	407	112	112	1010	1010	149	149	169	169	427	427	701	701	414	414	230	230	11591	11591	1780	1780	292	292	371	371	12891	12891	12042	12042	70	70	35	35	164	164	234	234	122	122	180	180	196	196	71	71	393	393	299	299	127	127	27	27	3622	3622	2081	2081	864	864	1768	1768	114	114	124	124	57	57	6	6	582	582	7664	7664	10	10	18	18	2	2	16	16	100	100	94	94	53	53	54	54	5280	5280	1992	1992	22240	22240	27989	27989	157	157	69	69
IND00404	1221	1221	999	999	354	354	189	189	5814	5814	7811	7811	557	557	1019	1019	161	161	51	51	10625	10625	7181	7181	1696	1696	72	72	352	352	441	441	5298	5298	3904	3904	845	845	102	102	5204	5204	5501	5501	886	886	492	492	62	62	1	1	193	193	224	224	16043	16043	10935	10935	1373	1373	1017	1017	5026	5026	51346	51346	3870	3870	3048	3048	145	145	12	12	4379	4379	638	638	3363	3363	3380	3380	156	156	504	504	326	326	238	238	6	6	72	72	329	329	236	236	487	487	50	50	27	27	243	243	435	435	686	686	1680	1680	1990	1990	13903	13903	1238	1238	329	329	321	321	4719	4719	15002	15002	55	55	13	13	245	245	192	192	231	231	4	4	232	232	7	7	864	864	521	521	26	26	1	1	2245	2245	2812	2812	2890	2890	626	626	24	24	32	32	54	54	31	31	2694	2694	2599	2599	22	22	21	21	7	7	5	5	120	120	24	24	12	12	52	52	7963	7963	5051	5051	10267	10267	7433	7433	170	170	131	131
IND00405	1228	1228	1807	1807	216	216	450	450	7012	7012	6875	6875	887	887	724	724	241	241	43	43	6205	6205	9935	9935	1930	1930	446	446	267	267	463	463	1532	1532	7538	7538	170	170	213	213	1463	1463	1292	1292	882	882	370	370	10	10	62	62	223	223	111	111	8812	8812	8020	8020	2952	2952	572	572	35402	35402	8612	8612	4214	4214	6936	6936	159	159	208	208	427	427	5252	5252	1115	1115	122	122	69	69	460	460	569	569	194	194	104	104	57	57	284	284	391	391	570	570	558	558	80	80	140	140	979	979	986	986	1403	1403	476	476	13668	13668	11297	11297	306	306	33	33	5115	5115	11046	11046	90	90	124	124	66	66	71	71	235	235	144	144	234	234	146	146	477	477	3	3	44	44	44	44	3607	3607	2813	2813	2204	2204	384	384	93	93	77	77	59	59	57	57	1251	1251	5216	5216	18	18	27	27	4	4	12	12	61	61	99	99	60	60	31	31	5655	5655	5334	5334	5178	5178	22014	22014	119	119	85	85
IND00406	1901	1901	1015	1015	190	190	468	468	6397	6397	5351	5351	699	699	411	411	248	248	98	98	3927	3927	10034	10034	1206	1206	956	956	486	486	503	503	6002	6002	2250	2250	718	718	845	845	5672	5672	4420	4420	110	110	956	956	51	51	2	2	219	219	149	149	13097	13097	2555	2555	2371	2371	4068	4068	58793	58793	1120	1120	3419	3419	1846	1846	35	35	79	79	371	371	2912	2912	1050	1050	608	608	265	265	234	234	173	173	304	304	111	111	105	105	238	238	226	226	278	278	920	920	24	24	159	159	521	521	684	684	705	705	1912	1912	6327	6327	11042	11042	250	250	347	347	7395	7395	10731	10731	80	80	126	126	124	124	194	194	110	110	137	137	210	210	112	112	50	50	651	651	10	10	90	90	1680	1680	524	524	3764	3764	1644	1644	5	5	15	15	45	45	46	46	1249	1249	4065	4065	10	10	24	24	9	9	12	12	128	128	26	26	61	61	43	43	588	588	7699	7699	27801	27801	17316	17316	124	124	13	13
IND00407	772	772	527	527	114	114	90	90	5472	5472	5895	5895	59	59	684	684	43	43	20	20	8859	8859	2360	2360	647	647	497	497	65	65	110	110	4909	4909	6836	6836	78	78	109	109	7275	7275	149	149	843	843	865	865	60	60	3	3	14	14	51	51	2735	2735	2330	2330	850	850	2992	2992	61980	61980	15488	15488	3586	3586	6937	6937	43	43	71	71	7171	7171	2987	2987	1261	1261	109	109	143	143	74	74	328	328	531	531	87	87	9	9	293	293	433	433	406	406	294	294	136	136	168	168	755	755	325	325	1818	1818	1812	1812	8994	8994	2728	2728	121	121	311	311	4327	4327	16324	16324	90	90	16	16	213	213	159	159	42	42	136	136	154	154	149	149	597	597	639	639	66	66	69	69	3050	3050	3514	3514	2032	2032	2701	2701	16	16	15	15	17	17	41	41	1883	1883	5266	5266	14	14	29	29	12	12	5	5	103	103	69	69	51	51	50	50	5661	5661	1722	1722	9684	9684	14778	14778	215	215	119	119
IND00408	1228	1228	652	652	223	223	268	268	2997	2997	3669	3669	696	696	153	153	75	75	124	124	13429	13429	9073	9073	1265	1265	1052	1052	29	29	80	80	2339	2339	5536	5536	221	221	34	34	7071	7071	1700	1700	368	368	570	570	38	38	40	40	116	116	242	242	6923	6923	2140	2140	3950	3950	1937	1937	8008	8008	7308	7308	6681	6681	6604	6604	76	76	230	230	1925	1925	5341	5341	969	969	507	507	46	46	83	83	453	453	554	554	70	70	38	38	510	510	174	174	205	205	404	404	133	133	110	110	507	507	213	213	1329	1329	1439	1439	6465	6465	7776	7776	187	187	147	147	14439	14439	15985	15985	126	126	88	88	255	255	27	27	117	117	206	206	27	27	130	130	250	250	836	836	111	111	3	3	3634	3634	1341	1341	2533	2533	346	346	37	37	86	86	7	7	54	54	6587	6587	1216	1216	28	28	20	20	6	6	1	1	119	119	86	86	26	26	54	54	4371	4371	7147	7147	22513	22513	8498	8498	89	89	75	75
IND00409	1346	1346	1883	1883	19	19	244	244	6822	6822	3668	3668	422	422	698	698	240	240	138	138	643	643	9604	9604	1273	1273	1555	1555	18	18	211	211	3701	3701	4829	4829	447	447	647	647	3484	3484	51	51	196	196	99	99	1	1	18	18	56	56	161	161	12629	12629	3360	3360	1898	1898	2926	2926	17102	17102	9662	9662	5877	5877	1226	1226	81	81	241	241	4078	4078	7054	7054	4073	4073	4014	4014	15	15	379	379	507	507	953	953	27	27	18	18	271	271	501	501	561	561	622	622	195	195	148	148	455	455	257	257	233	233	1943	1943	3249	3249	1212	1212	210	210	234	234	16199	16199	7791	7791	99	99	86	86	127	127	32	32	232	232	125	125	253	253	192	192	579	579	859	859	99	99	126	126	204	204	3901	3901	3895	3895	4062	4062	112	112	51	51	8	8	5	5	4231	4231	5007	5007	6	6	29	29	16	16	1	1	14	14	101	101	8	8	39	39	2287	2287	5391	5391	4613	4613	25065	25065	218	218	249	249
IND00410	1881	1881	1050	1050	344	344	29	29	681	681	2737	2737	525	525	134	134	187	187	71	71	7952	7952	7616	7616	1236	1236	465	465	256	256	241	241	1945	1945	5926	5926	454	454	538	538	5815	5815	540	540	219	219	312	312	28	28	33	33	111	111	111	111	15784	15784	12734	12734	3494	3494	292	292	41992	41992	15871	15871	1827	1827	7182	7182	194	194	126	126	1123	1123	5924	5924	1091	1091	738	738	465	465	84	84	635	635	724	724	15	15	90	90	257	257	23	23	171	171	816	816	41	41	154	154	884	884	313	313	364	364	727	727	9491	9491	5630	5630	77	77	305	305	12367	12367	9888	9888	113	113	36	36	91	91	206	206	134	134	60	60	68	68	137	137	743	743	112	112	4	4	25	25	1399	1399	1382	1382	563	563	1984	1984	67	67	128	128	52	52	10	10	1387	1387	5492	5492	11	11	14	14	10	10	4	4	16	16	101	101	36	36	37	37	5282	5282	6705	6705	19685	19685	28550	28550	55	55	14	14
IND00411	628	628	1239	1239	203	203	151	151	3336	3336	6822	6822	330	330	406	406	240	240	244	244	13815	13815	14714	14714	1787	1787	1437	1437	100	100	377	377	6637	6637	2103	2103	677	677	466	466	7454	7454	6636	6636	682	682	920	920	52	52	56	56	8	8	170	170	10992	10992	12970	12970	3921	3921	1731	1731	22480	22480	50574	50574	3932	3932	3521	3521	80	80	86	86	7420	7420	5623	5623	3726	3726	508	508	28	28	339	339	528	528	154	154	98	98	104	104	31	31	152	152	837	837	96	96	119	119	174	174	928	928	414	414	485	485	1106	1106	11951	11951	644	644	35	35	297	297	565	565	4806	4806	111	111	43	43	53	53	5	5	250	250	44	44	78	78	128	128	50	50	713	713	35	35	7	7	3813	3813	3771	3771	1217	1217	1442	1442	45	45	16	16	35	35	59	59	5461	5461	325	325	3	3	21	21	7	7	1	1	53	53	106	106	44	44	4	4	1449	1449	4335	4335	6349	6349	24972	24972	84	84	165	165
IND00412	1896	1896	845	845	127	127	361	361	7033	7033	7877	7877	242	242	155	155	138	138	188	188	308	308	1680	1680	1568	1568	1340	1340	264	264	205	205	2328	2328	3178	3178	317	317	620	620	4225	4225	887	887	412	412	775	775	1	1	51	51	83	83	113	113	8504	8504	15293	15293	82	82	654	654	52592	52592	40115	40115	607	607	3746	3746	214	214	138	138	7641	7641	6824	6824	1946	1946	2572	2572	492	492	299	299	226	226	815	815	97	97	22	22	192	192	229	229	691	691	601	601	122	122	199	199	435	435	285	285	898	898	1517	1517	4536	4536	1709	1709	138	138	387	387	13778	13778	10469	10469	57	57	32	32	93	93	224	224	220	220	118	118	153	153	10	10	329	329	308	308	49	49	117	117	2600	2600	1714	1714	1911	1911	3039	3039	69	69	1	1	32	32	49	49	2709	2709	5536	5536	21	21	25	25	14	14	10	10	38	38	105	105	57	57	13	13	1890	1890	3929	3929	5699	5699	9972	9972	99	99	44	44
IND00413	2025	2025	912	912	303	303	70	70	4674	4674	6136	6136	103	103	82	82	57	57	69	69	10463	10463	7585	7585	1035	1035	330	330	321	321	368	368	6120	6120	2376	2376	647	647	198	198	2722	2722	4799	4799	599	599	89	89	20	20	44	44	101	101	71	71	9158	9158	9375	9375	2347	2347	2511	2511	12286	12286	14643	14643	5977	5977	813	813	204	204	153	153	4936	4936	575	575	1986	1986	5	5	60	60	365	365	356	356	12	12	72	72	112	112	300	300	139	139	523	523	284	284	246	246	109	109	446	446	916	916	1175	1175	1735	1735	9260	9260	15987	15987	91	91	206	206	4357	4357	8507	8507	22	22	110	110	55	55	33	33	156	156	116	116	219	219	219	219	346	346	598	598	80	80	104	104	1265	1265	1286	1286	2327	2327	1589	1589	121	121	108	108	45	45	12	12	163	163	2963	2963	31	31	17	17	5	5	5	5	47	47	100	100	60	60	37	37	3009	3009	579	579	29272	29272	11566	11566	191	191	1	1
IND00414	818	818	1744	1744	196	196	329	329	1134	1134	1301	1301	901	901	887	887	66	66	24	24	6877	6877	4780	4780	699	699	1209	1209	100	100	115	115	1409	1409	339	339	76	76	935	935	5479	5479	1706	1706	891	891	370	370	61	61	49	49	115	115	45	45	14186	14186	1721	1721	2271	2271	3987	3987	7961	7961	16768	16768	1294	1294	3119	3119	197	197	99	99	6051	6051	1519	1519	2219	2219	1888	1888	88	88	376	376	385	385	443	443	17	17	54	54	90	90	319	319	931	931	881	881	75	75	142	142	307	307	480	480	1073	1073	1514	1514	6959	6959	10179	10179	410	410	235	235	85	85	13211	13211	104	104	3	3	146	146	193	193	17	17	81	81	43	43	157	157	998	998	557	557	83	83	12	12	297	297	921	921	2211	2211	2921	2921	51	51	115	115	45	45	35	35	527	527	7328	7328	14	14	27	27	10	10	9	9	21	21	101	101	23	23	6	6	4449	4449	6788	6788	13323	13323	5853	5853	173	173	150	150
IND00415	1618	1618	959	959	505	505	283	283	3630	3630	2834	2834	312	312	829	829	39	39	87	87	1739	1739	9436	9436	1343	1343	46	46	160	160	315	315	4477	4477	7919	7919	537	537	415	415	5478	5478	237	237	666	666	552	552	64	64	49	49	237	237	242	242	3850	3850	1017	1017	2962	2962	4056	4056	10641	10641	58778	58778	173	173	3792	3792	81	81	28	28	3657	3657	2957	2957	1324	1324	2260	2260	112	112	337	337	588	588	207	207	125	125	113	113	272	272	351	351	695	695	694	694	139	139	106	106	238	238	229	229	1178	1178	1097	1097	6980	6980	11757	11757	298	298	249	249	9979	9979	13833	13833	8	8	47	47	131	131	232	232	88	88	163	163	168	168	1	1	1012	1012	385	385	95	95	12	12	823	823	2380	2380	3042	3042	3639	3639	106	106	114	114	7	7	15	15	4191	4191	4030	4030	8	8	22	22	4	4	1	1	85	85	45	45	15	15	38	38	4192	4192	7608	7608	21166	21166	29131	29131	100	100	142	142
IND00416	818	818	1281	1281	339	339	210	210	2241	2241	2297	2297	916	916	401	401	15	15	124	124	13943	13943	15228	15228	643	643	1193	1193	39	39	51	51	696	696	675	675	57	57	495	495	6912	6912	6382	6382	715	715	847	847	52	52	18	18	158	158	95	95	9794	9794	11249	11249	699	699	2987	2987	49133	49133	56710	56710	1429	1429	2183	2183	217	217	86	86	2461	2461	1372	1372	2002	2002	1426	1426	63	63	386	386	386	386	710	710	40	40	33	33	36	36	166	166	115	115	769	769	36	36	75	75	411	411	520	520	1267	1267	1694	1694	13288	13288	9474	9474	64	64	429	429	1414	1414	7927	7927	61	61	46	46	82	82	208	208	189	189	242	242	226	226	91	91	747	747	764	764	117	117	42	42	2256	2256	3578	3578	355	355	1813	1813	122	122	106	106	58	58	56	56	3985	3985	3952	3952	14	14	21	21	7	7	5	5	79	79	40	40	62	62	37	37	3448	3448	1395	1395	7060	7060	13510	13510	165	165	128	128
IND00417	942	942	1272	1272	258	258	165	165	2318	2318	5979	5979	510	510	703	703	219	219	20	20	10158	10158	10473	10473	812	812	1881	1881	105	105	239	239	4545	4545	6439	6439	872	872	423	423	3832	3832	2049	2049	71	71	579	579	29	29	12	12	126	126	91	91	14712	14712	432	432	1422	1422	2785	2785	38254	38254	8959	8959	4939	4939	6191	6191	84	84	95	95	2039	2039	7837	7837	863	863	365	365	412	412	92	92	462	462	302	302	23	23	8	8	278	278	179	179	4	4	149	149	33	33	127	127	697	697	667	667	860	860	1991	1991	9861	9861	6114	6114	439	439	224	224	12789	12789	8487	8487	114	114	122	122	94	94	129	129	213	213	18	18	211	211	226	226	464	464	642	642	119	119	7	7	3701	3701	3760	3760	817	817	1715	1715	101	101	28	28	2	2	15	15	5091	5091	7157	7157	8	8	3	3	4	4	12	12	4	4	127	127	57	57	5	5	1131	1131	1043	1043	3665	3665	13567	13567	162	162	51	51
IND00418	1670	1670	1839	1839	448	448	79	79	2268	2268	1465	1465	201	201	341	341	122	122	202	202	12443	12443	15178	15178	1942	1942	2005	2005	337	337	365	365	5834	5834	3855	3855	442	442	96	96	2779	2779	139	139	588	588	203	203	34	34	8	8	114	114	62	62	5796	5796	3529	3529	3196	3196	2868	2868	53957	53957	10127	10127	602	602	5460	5460	48	48	212	212	1456	1456	2497	2497	3011	3011	2206	2206	109	109	382	382	651	651	582	582	83	83	79	79	10	10	500	500	848	848	259	259	175	175	199	199	121	121	801	801	532	532	1598	1598	13380	13380	5187	5187	464	464	480	480	14962	14962	2307	2307	55	55	96	96	57	57	127	127	142	142	4	4	196	196	127	127	626	626	486	486	47	47	98	98	3753	3753	4011	4011	265	265	1182	1182	14	14	36	36	50	50	24	24	7621	7621	5415	5415	22	22	25	25	15	15	15	15	128	128	106	106	60	60	24	24	491	491	1775	1775	5677	5677	17288	17288	160	160	208	208
IND00419	32	32	80	80	417	417	480	480	8121	8121	2692	2692	861	861	13	13	35	35	71	71	3794	3794	2825	2825	979	979	469	469	378	378	420	420	5030	5030	3670	3670	1019	1019	882	882	7815	7815	2363	2363	684	684	721	721	61	61	48	48	35	35	124	124	8775	8775	11987	11987	766	766	2450	2450	33201	33201	65449	65449	6286	6286	3208	3208	10	10	164	164	730	730	4423	4423	3185	3185	2580	2580	43	43	395	395	703	703	409	409	14	14	68	68	301	301	109	109	606	606	1023	1023	141	141	151	151	549	549	887	887	1825	1825	605	605	3944	3944	11050	11050	294	294	465	465	6989	6989	14662	14662	46	46	87	87	53	53	60	60	82	82	71	71	48	48	24	24	1021	1021	751	751	3	3	18	18	1527	1527	3484	3484	4007	4007	3525	3525	47	47	72	72	59	59	62	62	1152	1152	5980	5980	2	2	10	10	1	1	15	15	17	17	82	82	1	1	61	61	780	780	130	130	9729	9729	9560	9560	41	41	37	37
IND00420	1532	1532	1219	1219	62	62	446	446	1827	1827	7397	7397	335	335	369	369	6	6	175	175	3284	3284	13061	13061	1076	1076	150	150	426	426	412	412	159	159	6739	6739	563	563	999	999	6243	6243	2981	2981	859	859	613	613	46	46	31	31	173	173	97	97	6962	6962	6606	6606	3625	3625	576	576	54425	54425	652	652	165	165	5154	5154	37	37	84	84	7189	7189	3943	3943	1028	1028	367	367	264	264	115	115	997	997	755	755	98	98	59	59	483	483	38	38	328	328	598	598	103	103	160	160	461	461	270	270	1040	1040	1989	1989	13093	13093	5278	5278	476	476	388	388	13022	13022	13423	13423	30	30	67	67	160	160	114	114	19	19	177	177	141	141	12	12	845	845	632	632	38	38	56	56	3944	3944	3696	3696	2211	2211	1734	1734	105	105	43	43	44	44	50	50	8044	8044	8025	8025	25	25	30	30	16	16	15	15	93	93	91	91	45	45	41	41	3970	3970	54	54	6779	6779	11078	11078	15	15	103	103
IND00421	1750	1750	1489	1489	132	132	309	309	6053	6053	3774	3774	487	487	730	730	252	252	246	246	6990	6990	11867	11867	1997	1997	1233	1233	350	350	247	247	565	565	6226	6226	184	184	471	471	2714	2714	7843	7843	885	885	679	679	4	4	11	11	206	206	189	189	2129	2129	1247	1247	2112	2112	323	323	265	265	8930	8930	4348	4348	511	511	160	160	179	179	7260	7260	162	162	2440	2440	581	581	68	68	39	39	236	236	727	727	123	123	3	3	265	265	66	66	5	5	631	631	31	31	201	201	422	422	763	763	70	70	439	439	9997	9997	16147	16147	471	471	475	475	518	518	1444	1444	100	100	16	16	175	175	217	217	193	193	148	148	118	118	80	80	407	407	523	523	18	18	75	75	2006	2006	2632	2632	3835	3835	1007	1007	37	37	67	67	17	17	57	57	384	384	1550	1550	18	18	8	8	1	1	2	2	121	121	108	108	12	12	38	38	4760	4760	6819	6819	2311	2311	28583	28583	143	143	219	219
IND00422	823	823	1946	1946	391	391	30	30	5249	5249	83	83	937	937	182	182	231	231	80	80	10566	10566	7499	7499	1628	1628	1363	1363	499	499	162	162	3887	3887	1962	1962	988	988	600	600	771	771	1309	1309	439	439	507	507	46	46	62	62	114	114	216	216	5887	5887	14759	14759	3711	3711	1183	1183	26146	26146	11619	11619	6845	6845	5606	5606	160	160	256	256	5684	5684	266	266	3822	3822	1844	1844	203	203	50	50	818	818	729	729	16	16	128	128	154	154	426	426	562	562	678	678	215	215	40	40	984	984	652	652	589	589	1410	1410	8401	8401	6255	6255	314	314	166	166	12360	12360	1306	1306	85	85	120	120	178	178	207	207	144	144	69	69	62	62	155	155	720	720	719	719	124	124	124	124	3297	3297	2877	2877	1505	1505	2128	2128	27	27	53	53	19	19	38	38	7360	7360	5058	5058	27	27	13	13	11	11	2	2	26	26	104	104	59	59	5	5	1906	1906	1671	1671	30150	30150	13000	13000	183	183	60	60
IND00423	827	827	1023	1023	23	23	387	387	5127	5127	4440	4440	752	752	524	524	53	53	87	87	3350	3350	12831	12831	146	146	373	373	156	156	235	235	3069	3069	7786	7786	69	69	798	798	7750	7750	394	394	974	974	287	287	47	47	59	59	107	107	176	176	4415	4415	15328	15328	504	504	805	805	40147	40147	61429	61429	6605	6605	6325	6325	61	61	8	8	3331	3331	1461	1461	2954	2954	205	205	297	297	101	101	795	795	619	619	52	52	30	30	427	427	235	235	791	791	77	77	166	166	234	234	924	924	677	677	1303	1303	469	469	9775	9775	5528	5528	331	331	360	360	1490	1490	15838	15838	32	32	46	46	230	230	94	94	22	22	241	241	89	89	252	252	765	765	165	165	47	47	66	66	2813	2813	3835	3835	1206	1206	1912	1912	38	38	122	122	55	55	48	48	5734	5734	4626	4626	6	6	22	22	1	1	1	1	2	2	98	98	62	62	54	54	4661	4661	5825	5825	17865	17865	26608	26608	227	227	58	58
IND00424	1883	1883	262	262	70	70	139	139	1649	1649	8012	8012	145	145	827	827	32	32	150	150	15149	15149	1918	1918	896	896	1553	1553	497	497	278	278	1916	1916	514	514	922	922	614	614	734	734	2390	2390	817	817	384	384	11	11	47	47	227	227	48	48	7621	7621	7193	7193	1372	1372	2031	2031	42006	42006	20819	20819	3472	3472	6251	6251	239	239	213	213	226	226	6470	6470	3709	3709	2548	2548	237	237	73	73	308	308	1002	1002	124	124	19	19	279	279	145	145	169	169	671	671	176	176	143	143	248	248	710	710	144	144	1460	1460	8359	8359	13589	13589	246	246	111	111	11457	11457	5239	5239	32	32	9	9	198	198	20	20	6	6	218	218	24	24	152	152	115	115	354	354	66	66	17	17	1234	1234	747	747	3057	3057	968	968	110	110	14	14	42	42	18	18	199	199	7971	7971	13	13	14	14	8	8	12	12	29	29	93	93	40	40	62	62	6160	6160	217	217	22939	22939	6806	6806	150	150	78	78
IND00425	490	490	1847	1847	136	136	16	16	1500	1500	3356	3356	797	797	1018	1018	32	32	148	148	5465	5465	3927	3927	92	92	431	431	157	157	59	59	1917	1917	3439	3439	481	481	956	956	2182	2182	1790	1790	542	542	423	423	38	38	31	31	68	68	87	87	6383	6383	8656	8656	2681	2681	2065	2065	45084	45084	13727	13727	3829	3829	3727	3727	115	115	196	196	2570	2570	3882	3882	1914	1914	2318	2318	291	291	267	267	83	83	393	393	33	33	128	128	116	116	270	270	154	154	985	985	217	217	175	175	91	91	882	882	143	143	457	457	14013	14013	12745	12745	74	74	331	331	13851	13851	10977	10977	108	108	123	123	88	88	26	26	175	175	51	51	200	200	183	183	196	196	547	547	59	59	3	3	2039	2039	449	449	147	147	1050	1050	55	55	76	76	56	56	3	3	5645	5645	3514	3514	3	3	15	15	6	6	4	4	115	115	126	126	4	4	24	24	5026	5026	460	460	10108	10108	9575	9575	242	242	126	126
IND00426	972	972	80	80	296	296	168	168	427	427	739	739	1018	1018	8	8	16	16	182	182	6583	6583	12597	12597	1117	1117	1294	1294	469	469	490	490	3137	3137	5927	5927	78	78	879	879	399	399	5356	5356	289	289	107	107	48	48	4	4	224	224	63	63	14603	14603	4435	4435	823	823	2282	2282	53062	53062	52462	52462	2209	2209	2008	2008	46	46	235	235	1521	1521	5660	5660	960	960	3467	3467	475	475	119	119	417	417	895	895	14	14	58	58	156	156	386	386	96	96	224	224	227	227	167	167	815	815	654	654	1469	1469	959	959	951	951	15041	15041	109	109	167	167	872	872	6451	6451	87	87	2	2	153	153	38	38	82	82	186	186	182	182	17	17	386	386	720	720	45	45	74	74	903	903	137	137	1241	1241	674	674	91	91	53	53	52	52	47	47	4542	4542	4402	4402	19	19	18	18	7	7	11	11	124	124	116	116	45	45	23	23	1939	1939	6833	6833	18979	18979	15970	15970	203	203	70	70
IND00427	1761	1761	241	241	457	457	439	439	4161	4161	3769	3769	424	424	668	668	9	9	22	22	872	872	14717	14717	1525	1525	313	313	353	353	431	431	2358	2358	48	48	956	956	764	764	5207	5207	719	719	180	180	2	2	14	14	5	5	150	150	42	42	710	710	14463	14463	3521	3521	183	183	21065	21065	58675	58675	650	650	3335	3335	6	6	59	59	2042	2042	3953	3953	2144	2144	3694	3694	428	428	343	343	854	854	794	794	119	119	37	37	337	337	340	340	526	526	682	682	102	102	151	151	781	781	382	382	252	252	1247	1247	7965	7965	9946	9946	29	29	403	403	6802	6802	16334	16334	92	92	94	94	145	145	255	255	66	66	152	152	173	173	125	125	79	79	599	599	122	122	107	107	4056	4056	2931	2931	728	728	692	692	87	87	91	91	41	41	6	6	7538	7538	6120	6120	30	30	32	32	12	12	10	10	31	31	126	126	53	53	35	35	1482	1482	4338	4338	14636	14636	20194	20194	176	176	57	57
IND00428	1900	1900	386	386	200	200	157	157	5990	5990	1038	1038	554	554	504	504	32	32	212	212	9181	9181	14434	14434	1902	1902	1254	1254	265	265	505	505	4560	4560	1604	1604	645	645	122	122	2387	2387	1307	1307	153	153	898	898	14	14	43	43	109	109	196	196	6828	6828	10659	10659	230	230	4065	4065	4160	4160	32294	32294	5693	5693	5690	5690	247	247	134	134	3991	3991	7189	7189	3185	3185	3773	3773	408	408	34	34	1004	1004	538	538	31	31	47	47	364	364	203	203	886	886	616	616	241	241	42	42	307	307	323	323	1264	1264	507	507	824	824	3340	3340	9	9	204	204	1833	1833	2821	2821	83	83	57	57	53	53	101	101	130	130	91	91	220	220	165	165	165	165	1017	1017	88	88	63	63	3820	3820	3225	3225	422	422	3879	3879	14	14	52	52	53	53	3	3	2656	2656	7497	7497	13	13	19	19	5	5	15	15	80	80	64	64	60	60	53	53	7176	7176	934	934	22474	22474	11310	11310	8	8	215	215
IND00429	45	45	767	767	149	149	250	250	1126	1126	7676	7676	835	835	423	423	40	40	120	120	1405	1405	13076	13076	1360	1360	1783	1783	388	388	479	479	1573	1573	3983	3983	814	814	379	379	1713	1713	6917	6917	294	294	229	229	4	4	38	38	194	194	84	84	10268	10268	2602	2602	3067	3067	1092	1092	11550	11550	17385	17385	4628	4628	3952	3952	12	12	41	41	2439	2439	267	267	3291	3291	4074	4074	75	75	61	61	770	770	887	887	127	127	33	33	401	401	157	157	69	69	262	262	166	166	4	4	917	917	272	272	398	398	1176	1176	6330	6330	2833	2833	471	471	212	212	4143	4143	6089	6089	45	45	10	10	177	177	215	215	194	194	59	59	127	127	206	206	623	623	982	982	6	6	86	86	852	852	4020	4020	1758	1758	3386	3386	65	65	21	21	5	5	45	45	6879	6879	5464	5464	4	4	15	15	8	8	11	11	111	111	105	105	34	34	7	7	5184	5184	5163	5163	26972	26972	1878	1878	147	147	183	183
IND00430	1239	1239	832	832	128	128	153	153	2649	2649	5421	5421	302	302	817	817	185	185	179	179	5819	5819	5002	5002	445	445	481	481	405	405	59	59	4830	4830	136	136	515	515	624	624	822	822	2348	2348	244	244	645	645	33	33	35	35	127	127	41	41	11401	11401	795	795	1531	1531	1392	1392	19113	19113	33992	33992	1974	1974	7584	7584	196	196	11	11	8186	8186	6439	6439	2064	2064	3436	3436	149	149	18	18	535	535	845	845	6	6	78	78	138	138	210	210	180	180	842	842	252	252	15	15	576	576	427	427	1027	1027	1515	1515	9213	9213	7755	7755	25	25	177	177	10572	10572	1419	1419	116	116	72	72	237	237	42	42	37	37	63	63	2	2	125	125	495	495	270	270	96	96	124	124	2916	2916	2613	2613	1923	1923	1046	1046	118	118	11	11	50	50	56	56	6527	6527	5746	5746	4	4	17	17	13	13	12	12	50	50	112	112	39	39	28	28	3235	3235	426	426	4097	4097	22744	22744	17	17	173	173
IND00431	744	744	1884	1884	147	147	392	392	4058	4058	234	234	676	676	479	479	207	207	35	35	5649	5649	2387	2387	909	909	1799	1799	41	41	101	101	3186	3186	834	834	548	548	414	414	477	477	6953	6953	182	182	806	806	31	31	30	30	80	80	101	101	3498	3498	14676	14676	332	332	692	692	47862	47862	7224	7224	3634	3634	3593	3593	33	33	221	221	7877	7877	1409	1409	2342	2342	2429	2429	161	161	470	470	53	53	247	247	47	47	25	25	35	35	103	103	718	718	283	283	26	26	35	35	468	468	996	996	1490	1490	1120	1120	12329	12329	4901	4901	317	317	488	488	10641	10641	1445	1445	53	53	103	103	126	126	124	124	164	164	121	121	108	108	78	78	702	702	600	600	50	50	106	106	3091	3091	3225	3225	325	325	3125	3125	25	25	106	106	47	47	12	12	3996	3996	8135	8135	5	5	3	3	11	11	1	1	54	54	25	25	55	55	38	38	6726	6726	1078	1078	27864	27864	4347	4347	246	246	162	162
IND00432	1949	1949	1539	1539	506	506	108	108	1185	1185	6056	6056	626	626	166	166	111	111	201	201	7563	7563	3624	3624	1186	1186	602	602	418	418	77	77	1134	1134	7540	7540	829	829	466	466	4333	4333	1092	1092	539	539	488	488	23	23	50	50	170	170	80	80	1210	1210	16056	16056	495	495	1773	1773	16162	16162	4460	4460	826	826	5365	5365	244	244	238	238	5874	5874	3890	3890	2882	2882	1130	1130	471	471	509	509	906	906	187	187	61	61	55	55	167	167	7	7	912	912	358	358	13	13	148	148	1024	1024	59	59	620	620	1270	1270	12434	12434	10218	10218	37	37	242	242	12663	12663	10531	10531	53	53	121	121	85	85	144	144	138	138	62	62	38	38	22	22	63	63	898	898	70	70	59	59	1381	1381	1172	1172	1743	1743	1412	1412	115	115	40	40	50	50	14	14	719	719	1058	1058	24	24	3	3	6	6	1	1	88	88	2	2	29	29	58	58	3984	3984	909	909	26339	26339	21078	21078	106	106	147	147
IND00433	1707	1707	821	821	98	98	505	505	3123	3123	7684	7684	175	175	591	591	41	41	9	9	2913	2913	12061	12061	870	870	571	571	14	14	1	1	7774	7774	5912	5912	617	617	794	794	8024	8024	5346	5346	474	474	134	134	63	63	40	40	136	136	143	143	11555	11555	15682	15682	946	946	287	287	45584	45584	39386	39386	2700	2700	710	710	89	89	21	21	6843	6843	2859	2859	3969	3969	823	823	410	410	156	156	4	4	678	678	113	113	15	15	446	446	152	152	304	304	344	344	71	71	141	141	837	837	278	278	676	676	529	529	15485	15485	15178	15178	163	163	152	152	15747	15747	12307	12307	51	51	94	94	174	174	133	133	160	160	42	42	76	76	93	93	128	128	160	160	126	126	82	82	3002	3002	599	599	2907	2907	3573	3573	12	12	34	34	18	18	6	6	1757	1757	3378	3378	29	29	7	7	9	9	12	12	34	34	125	125	21	21	26	26	4701	4701	3618	3618	28812	28812	24885	24885	244	244	225	225
IND00434	1925	1925	106	106	364	364	321	321	5513	5513	224	224	456	456	116	116	12	12	231	231	6704	6704	7653	7653	194	194	1911	1911	264	264	53	53	7141	7141	23	23	965	965	352	352	6990	6990	3293	3293	392	392	839	839	56	56	34	34	244	244	215	215	1933	1933	11690	11690	1769	1769	269	269	11501	11501	65458	65458	675	675	145	145	113	113	161	161	6560	6560	7396	7396	2128	2128	1174	1174	193	193	258	258	249	249	71	71	17	17	39	39	334	334	34	34	98	98	744	744	146	146	126	126	506	506	518	518	1236	1236	710	710	14960	14960	12022	12022	349	349	262	262	15139	15139	6535	6535	82	82	49	49	49	49	185	185	250	250	45	45	236	236	129	129	580	580	131	131	17	17	11	11	1503	1503	797	797	3833	3833	3634	3634	86	86	63	63	49	49	27	27	5394	5394	5380	5380	12	12	28	28	12	12	8	8	23	23	38	38	30	30	18	18	1232	1232	586	586	16786	16786	10608	10608	140	140	188	188
IND00435	1635	1635	1348	1348	199	199	295	295	166	166	6544	6544	178	178	39	39	67	67	83	83	2303	2303	2507	2507	790	790	1853	1853	148	148	210	210	5886	5886	2857	2857	213	213	264	264	3555	3555	8147	8147	341	341	243	243	48	48	13	13	113	113	193	193	8101	8101	15626	15626	3950	3950	3051	3051	64345	64345	55578	55578	193	193	864	864	41	41	256	256	6307	6307	6572	6572	910	910	570	570	262	262	441	441	513	513	492	492	111	111	118	118	495	495	163	163	198	198	592	592	172	172	12	12	1001	1001	612	612	1203	1203	1954	1954	4074	4074	4532	4532	301	301	45	45	2899	2899	13127	13127	117	117	75	75	134	134	150	150	255	255	171	171	59	59	110	110	935	935	70	70	73	73	123	123	1631	1631	1271	1271	2903	2903	2088	2088	24	24	21	21	34	34	2	2	2288	2288	6053	6053	9	9	15	15	1	1	11	11	38	38	20	20	54	54	55	55	975	975	4636	4636	26912	26912	2348	2348	140	140	173	173
IND00436	1742	1742	1351	1351	338	338	206	206	3020	3020	535	535	76	76	558	558	13	13	179	179	6857	6857	6050	6050	869	869	844	844	459	459	179	179	7033	7033	1925	1925	854	854	680	680	2214	2214	6438	6438	3	3	833	833	12	12	23	23	199	199	230	230	11808	11808	10271	10271	1825	1825	1343	1343	33990	33990	32838	32838	5747	5747	5983	5983	140	140	28	28	1923	1923	7137	7137	2407	2407	2540	2540	231	231	311	311	407	407	42	42	86	86	23	23	325	325	411	411	135	135	996	996	72	72	252	252	679	679	327	327	1921	1921	6	6	5942	5942	6311	6311	107	107	193	193	8035	8035	6264	6264	119	119	23	23	102	102	53	53	84	84	167	167	7	7	56	56	70	70	63	63	26	26	107	107	2884	2884	502	502	659	659	177	177	2	2	25	25	57	57	13	13	2071	2071	2310	2310	6	6	13	13	7	7	1	1	31	31	79	79	13	13	37	37	7516	7516	2487	2487	32681	32681	15936	15936	237	237	91	91
IND00437	1142	1142	1765	1765	218	218	58	58	3067	3067	3225	3225	721	721	260	260	151	151	188	188	11166	11166	4194	4194	792	792	1155	1155	466	466	201	201	4912	4912	7144	7144	905	905	808	808	5756	5756	7111	7111	815	815	627	627	4	4	8	8	83	83	22	22	13194	13194	624	624	182	182	677	677	38645	38645	43445	43445	1227	1227	3536	3536	33	33	236	236	1591	1591	4416	4416	2187	2187	1988	1988	475	475	475	475	996	996	349	349	20	20	108	108	109	109	247	247	413	413	371	371	138	138	182	182	780	780	652	652	1035	1035	1300	1300	11022	11022	14239	14239	105	105	394	394	2692	2692	2762	2762	29	29	10	10	45	45	3	3	243	243	2	2	241	241	194	194	247	247	669	669	76	76	13	13	1872	1872	280	280	1503	1503	3990	3990	120	120	8	8	3	3	64	64	7423	7423	1616	1616	11	11	10	10	4	4	2	2	13	13	109	109	63	63	45	45	6017	6017	3341	3341	19988	19988	11976	11976	102	102	82	82
IND00438	298	298	423	423	309	309	268	268	3299	3299	6899	6899	327	327	706	706	222	222	101	101	7774	7774	11665	11665	4	4	1513	1513	364	364	271	271	1647	1647	1914	1914	621	621	256	256	7056	7056	2020	2020	671	671	1011	1011	36	36	56	56	167	167	42	42	11917	11917	5573	5573	3634	3634	35	35	34071	34071	35914	35914	7880	7880	6350	6350	108	108	252	252	4585	4585	1648	1648	2670	2670	213	213	250	250	407	407	861	861	955	955	111	111	61	61	254	254	149	149	674	674	834	834	83	83	114	114	288	288	781	781	1869	1869	452	452	5843	5843	11055	11055	180	180	121	121	12785	12785	4167	4167	107	107	35	35	147	147	82	82	72	72	208	208	114	114	216	216	227	227	151	151	83	83	3	3	2514	2514	931	931	153	153	2974	2974	122	122	105	105	15	15	18	18	4538	4538	2486	2486	13	13	13	13	4	4	8	8	125	125	67	67	23	23	13	13	5933	5933	1407	1407	27828	27828	10197	10197	197	197	39	39
IND00439	1015	1015	1491	1491	358	358	164	164	5809	5809	4064	4064	994	994	479	479	53	53	79	79	14936	14936	5554	5554	958	958	697	697	379	379	72	72	2722	2722	2030	2030	492	492	248	248	2963	2963	8028	8028	477	477	878	878	1	1	57	57	8	8	92	92	9426	9426	2353	2353	694	694	2733	2733	36702	36702	27346	27346	3569	3569	1188	1188	144	144	9	9	2820	2820	3304	3304	1579	1579	2571	2571	509	509	500	500	643	643	477	477	78	78	65	65	283	283	442	442	159	159	64	64	129	129	236	236	524	524	758	758	2039	2039	377	377	11341	11341	8981	8981	184	184	133	133	14110	14110	1977	1977	91	91	110	110	24	24	243	243	31	31	137	137	108	108	1	1	159	159	502	502	95	95	128	128	1724	1724	2334	2334	3585	3585	1901	1901	105	105	85	85	27	27	7	7	1549	1549	4721	4721	31	31	3	3	7	7	16	16	81	81	55	55	14	14	55	55	2105	2105	5008	5008	22124	22124	10983	10983	88	88	20	20
IND00440	1936	1936	1426	1426	149	149	505	505	3637	3637	7957	7957	1013	1013	669	669	207	207	215	215	3507	3507	7902	7902	727	727	706	706	153	153	508	508	343	343	1189	1189	487	487	865	865	4651	4651	3029	3029	588	588	489	489	40	40	27	27	24	24	90	90	14307	14307	7689	7689	1574	1574	40	40	46652	46652	47994	47994	4846	4846	2318	2318	195	195	234	234	3065	3065	7401	7401	910	910	733	733	366	366	302	302	869	869	921	921	71	71	41	41	145	145	504	504	158	158	862	862	204	204	102	102	639	639	177	177	1060	1060	829	829	14819	14819	9103	9103	433	433	118	118	3150	3150	15324	15324	107	107	106	106	190	190	213	213	182	182	171	171	119	119	48	48	97	97	181	181	51	51	126	126	2057	2057	3372	3372	1824	1824	307	307	13	13	17	17	1	1	27	27	2869	2869	1977	1977	30	30	10	10	8	8	1	1	21	21	15	15	27	27	43	43	2974	2974	7752	7752	8325	8325	12907	12907	205	205	65	65
IND00441	50	50	531	531	94	94	356	356	122	122	7404	7404	989	989	124	124	72	72	202	202	12960	12960	5101	5101	407	407	1413	1413	94	94	43	43	4951	4951	6478	6478	629	629	492	492	1899	1899	2743	2743	614	614	785	785	51	51	2	2	2	2	67	67	7133	7133	16273	16273	2804	2804	3583	3583	36243	36243	14342	14342	5006	5006	3053	3053	171	171	146	146	6993	6993	5244	5244	425	425	4015	4015	8	8	12	12	716	716	241	241	117	117	32	32	287	287	91	91	608	608	589	589	87	87	230	230	507	507	526	526	1123	1123	227	227	10617	10617	6174	6174	285	285	310	310	4522	4522	3436	3436	99	99	114	114	11	11	189	189	87	87	79	79	85	85	35	35	317	317	128	128	83	83	114	114	4069	4069	3579	3579	1857	1857	2390	2390	75	75	32	32	47	47	63	63	5030	5030	5293	5293	12	12	25	25	5	5	7	7	58	58	94	94	60	60	58	58	7318	7318	3323	3323	13121	13121	189	189	132	132	178	178
IND00442	798	798	1387	1387	180	180	450	450	790	790	3453	3453	76	76	3	3	210	210	174	174	353	353	3201	3201	1303	1303	1559	1559	213	213	509	509	7210	7210	2596	2596	604	604	202	202	1311	1311	1686	1686	66	66	11	11	16	16	45	45	13	13	11	11	7978	7978	266	266	613	613	963	963	1498	1498	9349	9349	4852	4852	6715	6715	228	228	112	112	2276	2276	3632	3632	1194	1194	1761	1761	257	257	401	401	465	465	972	972	11	11	102	102	452	452	408	408	479	479	472	472	137	137	197	197	226	226	543	543	1994	1994	1081	1081	335	335	10624	10624	482	482	58	58	4836	4836	10298	10298	94	94	56	56	5	5	37	37	67	67	167	167	121	121	82	82	532	532	816	816	121	121	2	2	1561	1561	567	567	1146	1146	3711	3711	60	60	115	115	27	27	12	12	7905	7905	7202	7202	7	7	28	28	13	13	14	14	40	40	117	117	15	15	1	1	234	234	5574	5574	16159	16159	20874	20874	98	98	246	246
IND00443	1450	1450	1392	1392	401	401	343	343	6358	6358	5953	5953	242	242	537	537	196	196	230	230	10965	10965	6462	6462	1512	1512	1839	1839	334	334	510	510	122	122	8140	8140	851	851	690	690	1896	1896	3954	3954	2	2	608	608	58	58	13	13	136	136	120	120	3077	3077	6613	6613	1175	1175	3208	3208	30540	30540	6850	6850	2199	2199	1295	1295	104	104	248	248	7922	7922	5043	5043	795	795	1754	1754	170	170	372	372	285	285	932	932	72	72	113	113	279	279	367	367	33	33	968	968	158	158	42	42	934	934	637	637	1918	1918	1549	1549	2965	2965	4537	4537	97	97	489	489	12951	12951	115	115	55	55	103	103	103	103	71	71	92	92	232	232	168	168	44	44	26	26	828	828	61	61	77	77	2566	2566	3216	3216	2872	2872	3913	3913	67	67	128	128	55	55	55	55	7491	7491	7544	7544	13	13	4	4	16	16	16	16	95	95	125	125	27	27	11	11	210	210	4468	4468	29825	29825	12200	12200	5	5	119	119
IND00444	1003	1003	1187	1187	41	41	260	260	4142	4142	2987	2987	815	815	88	88	143	143	200	200	15494	15494	6636	6636	1602	1602	1436	1436	357	357	366	366	1338	1338	1237	1237	712	712	645	645	5064	5064	5314	5314	518	518	211	211	25	25	53	53	173	173	16	16	13072	13072	11428	11428	3466	3466	1950	1950	5751	5751	57063	57063	3742	3742	3353	3353	157	157	176	176	2652	2652	1538	1538	2535	2535	291	291	301	301	507	507	186	186	196	196	71	71	35	35	459	459	43	43	357	357	56	56	121	121	102	102	803	803	679	679	734	734	1109	1109	5549	5549	14204	14204	375	375	195	195	8985	8985	6069	6069	123	123	74	74	138	138	41	41	215	215	84	84	246	246	3	3	740	740	655	655	24	24	116	116	87	87	3737	3737	2763	2763	365	365	27	27	115	115	55	55	2	2	8109	8109	7974	7974	13	13	1	1	9	9	5	5	56	56	51	51	45	45	17	17	2542	2542	1794	1794	28594	28594	25286	25286	74	74	225	225
IND00445	1514	1514	354	354	42	42	367	367	4466	4466	8148	8148	461	461	1009	1009	175	175	55	55	1672	1672	4620	4620	295	295	129	129	426	426	103	103	2208	2208	7977	7977	633	633	261	261	2163	2163	4336	4336	437	437	14	14	49	49	17	17	88	88	59	59	14037	14037	16107	16107	3494	3494	2891	2891	29231	29231	96	96	7168	7168	6670	6670	77	77	206	206	111	111	4723	4723	879	879	3829	3829	259	259	483	483	386	386	1008	1008	40	40	34	34	236	236	245	245	918	918	217	217	145	145	93	93	148	148	213	213	1476	1476	191	191	2350	2350	4834	4834	289	289	462	462	10028	10028	13360	13360	12	12	112	112	44	44	7	7	99	99	201	201	38	38	159	159	446	446	73	73	98	98	105	105	2264	2264	3012	3012	570	570	92	92	94	94	122	122	9	9	62	62	5536	5536	6479	6479	24	24	29	29	15	15	15	15	33	33	124	124	19	19	3	3	533	533	1382	1382	8675	8675	1341	1341	209	209	102	102
IND00446	1212	1212	612	612	241	241	109	109	3873	3873	767	767	668	668	332	332	61	61	250	250	6467	6467	12033	12033	1726	1726	1784	1784	401	401	27	27	934	934	3859	3859	284	284	536	536	371	371	5744	5744	320	320	126	126	28	28	31	31	84	84	57	57	12793	12793	10663	10663	2002	2002	2375	2375	27150	27150	37742	37742	903	903	3300	3300	251	251	216	216	7953	7953	6086	6086	119	119	2450	2450	317	317	434	434	502	502	898	898	21	21	32	32	88	88	65	65	521	521	82	82	99	99	56	56	461	461	437	437	848	848	271	271	11153	11153	15583	15583	394	394	445	445	870	870	15163	15163	123	123	56	56	145	145	70	70	252	252	51	51	217	217	229	229	753	753	1016	1016	111	111	72	72	2940	2940	2038	2038	95	95	268	268	96	96	115	115	42	42	50	50	858	858	4094	4094	14	14	22	22	1	1	6	6	89	89	21	21	57	57	13	13	7438	7438	2999	2999	16731	16731	137	137	8	8	115	115
IND00447	1547	1547	1953	1953	121	121	431	431	6409	6409	655	655	487	487	910	910	4	4	83	83	4424	4424	4077	4077	763	763	593	593	379	379	43	43	1709	1709	4731	4731	758	758	182	182	2747	2747	2158	2158	373	373	121	121	29	29	20	20	196	196	98	98	9114	9114	8685	8685	1116	1116	490	490	46429	46429	26002	26002	1795	1795	6450	6450	252	252	36	36	1577	1577	6879	6879	1099	1099	1319	1319	373	373	287	287	502	502	266	266	82	82	23	23	246	246	457	457	174	174	1009	1009	213	213	185	185	148	148	409	409	294	294	2037	2037	7649	7649	4461	4461	508	508	25	25	9767	9767	13933	13933	14	14	53	53	186	186	28	28	22	22	137	137	220	220	216	216	419	419	254	254	85	85	105	105	2331	2331	3473	3473	94	94	100	100	20	20	63	63	54	54	11	11	4277	4277	4191	4191	21	21	21	21	9	9	5	5	28	28	62	62	5	5	11	11	1617	1617	1698	1698	11054	11054	826	826	250	250	79	79
IND00448	491	491	707	707	385	385	415	415	4406	4406	3214	3214	211	211	734	734	217	217	123	123	243	243	2776	2776	1103	1103	1129	1129	69	69	84	84	6902	6902	3154	3154	564	564	950	950	4753	4753	1582	1582	508	508	413	413	40	40	32	32	115	115	44	44	8199	8199	1943	1943	877	877	2237	2237	60728	60728	7151	7151	7552	7552	4605	4605	201	201	170	170	4805	4805	1581	1581	618	618	222	222	244	244	398	398	789	789	735	735	66	66	12	12	55	55	176	176	692	692	1009	1009	226	226	46	46	1011	1011	582	582	1247	1247	938	938	12838	12838	15682	15682	331	331	254	254	7153	7153	2804	2804	96	96	28	28	174	174	150	150	150	150	72	72	53	53	100	100	271	271	707	707	120	120	64	64	1017	1017	2542	2542	741	741	978	978	58	58	34	34	22	22	47	47	7359	7359	5636	5636	21	21	2	2	3	3	7	7	55	55	120	120	52	52	61	61	2617	2617	755	755	159	159	1559	1559	157	157	158	158
IND00449	1625	1625	899	899	439	439	105	105	830	830	3042	3042	364	364	540	540	46	46	227	227	2122	2122	5755	5755	410	410	1121	1121	194	194	241	241	4334	4334	1327	1327	496	496	148	148	4974	4974	2054	2054	159	159	737	737	18	18	32	32	94	94	166	166	2818	2818	12563	12563	3366	3366	387	387	6535	6535	53354	53354	5748	5748	2823	2823	46	46	218	218	4490	4490	4907	4907	3220	3220	1550	1550	11	11	78	78	40	40	665	665	84	84	75	75	351	351	43	43	228	228	634	634	3	3	124	124	836	836	947	947	1716	1716	1061	1061	11956	11956	10956	10956	412	412	191	191	9709	9709	15814	15814	83	83	106	106	199	199	23	23	153	153	68	68	196	196	244	244	35	35	231	231	16	16	89	89	2746	2746	1199	1199	3085	3085	2052	2052	112	112	102	102	19	19	50	50	6999	6999	6285	6285	9	9	18	18	3	3	1	1	79	79	52	52	43	43	11	11	1033	1033	2912	2912	28192	28192	3104	3104	144	144	246	246
IND00450	664	664	762	762	104	104	413	413	5206	5206	6979	6979	266	266	210	210	164	164	61	61	5826	5826	9402	9402	1168	1168	1150	1150	194	194	350	350	1674	1674	3641	3641	29	29	985	985	6716	6716	7793	7793	692	692	454	454	23	23	6	6	254	254	169	169	14330	14330	4577	4577	2714	2714	2109	2109	33568	33568	48709	48709	495	495	2762	2762	83	83	11	11	6810	6810	6449	6449	328	328	3189	3189	409	409	333	333	508	508	822	822	68	68	18	18	505	505	64	64	973	973	742	742	243	243	2	2	751	751	906	906	713	713	945	945	12433	12433	950	950	492	492	376	376	8593	8593	9131	9131	40	40	5	5	184	184	31	31	174	174	255	255	28	28	221	221	104	104	249	249	41	41	31	31	3048	3048	2698	2698	4035	4035	1219	1219	42	42	77	77	44	44	12	12	1700	1700	7339	7339	18	18	27	27	16	16	11	11	125	125	44	44	13	13	31	31	2835	2835	5504	5504	14410	14410	12076	12076	30	30	230	230
IND00451	1770	1770	749	749	397	397	87	87	2598	2598	5752	5752	569	569	478	478	77	77	75	75	13462	13462	3741	3741	1425	1425	536	536	457	457	362	362	3621	3621	7825	7825	24	24	853	853	4943	4943	3679	3679	669	669	779	779	51	51	8	8	89	89	146	146	4712	4712	3284	3284	1824	1824	2442	2442	5260	5260	45003	45003	7725	7725	578	578	212	212	21	21	4538	4538	3812	3812	2328	2328	3967	3967	405	405	1	1	365	365	67	67	70	70	37	37	8	8	447	447	508	508	639	639	180	180	51	51	418	418	449	449	1303	1303	1884	1884	10846	10846	10598	10598	404	404	75	75	7326	7326	8611	8611	22	22	44	44	176	176	87	87	56	56	209	209	200	200	150	150	67	67	26	26	3	3	30	30	793	793	3302	3302	347	347	2458	2458	98	98	23	23	6	6	40	40	6749	6749	5826	5826	6	6	16	16	15	15	12	12	1	1	76	76	21	21	24	24	2686	2686	687	687	20168	20168	17751	17751	205	205	45	45
IND00452	122	122	1007	1007	507	507	356	356	7096	7096	7787	7787	895	895	33	33	185	185	33	33	10578	10578	2212	2212	1795	1795	317	317	146	146	476	476	4700	4700	1630	1630	171	171	689	689	1885	1885	5609	5609	395	395	373	373	54	54	35	35	161	161	160	160	14913	14913	10933	10933	1877	1877	3661	3661	38480	38480	39109	39109	5707	5707	7115	7115	93	93	116	116	6312	6312	3888	3888	252	252	3749	3749	288	288	466	466	979	979	583	583	91	91	104	104	418	418	439	439	617	617	668	668	53	53	53	53	249	249	266	266	1741	1741	728	728	980	980	260	260	200	200	176	176	12176	12176	2070	2070	23	23	28	28	179	179	225	225	114	114	50	50	248	248	238	238	567	567	937	937	54	54	21	21	296	296	3710	3710	3843	3843	2202	2202	89	89	80	80	28	28	27	27	1078	1078	2538	2538	22	22	15	15	12	12	16	16	38	38	98	98	56	56	15	15	5391	5391	3581	3581	1627	1627	17053	17053	219	219	84	84
IND00453	1376	1376	129	129	301	301	9	9	7372	7372	982	982	346	346	884	884	254	254	130	130	4066	4066	10747	10747	720	720	590	590	301	301	381	381	7347	7347	6568	6568	559	559	39	39	698	698	2409	2409	625	625	990	990	62	62	5	5	82	82	44	44	2231	2231	6344	6344	3548	3548	1545	1545	7877	7877	8072	8072	1545	1545	2230	2230	244	244	206	206	7307	7307	5048	5048	3939	3939	3003	3003	104	104	258	258	1021	1021	400	400	85	85	16	16	62	62	345	345	394	394	587	587	195	195	210	210	83	83	613	613	1463	1463	1197	1197	5112	5112	8341	8341	6	6	389	389	3909	3909	12600	12600	3	3	120	120	68	68	98	98	154	154	244	244	77	77	133	133	6	6	539	539	56	56	22	22	1648	1648	3013	3013	1378	1378	911	911	56	56	114	114	29	29	8	8	2452	2452	6123	6123	30	30	24	24	15	15	4	4	126	126	103	103	43	43	61	61	2425	2425	4518	4518	14449	14449	27422	27422	127	127	169	169
IND00454	625	625	940	940	184	184	400	400	5993	5993	5582	5582	427	427	893	893	132	132	93	93	1724	1724	9599	9599	1479	1479	606	606	375	375	246	246	3579	3579	7121	7121	666	666	214	214	6588	6588	4194	4194	848	848	974	974	47	47	25	25	106	106	127	127	4302	4302	555	555	3197	3197	3589	3589	19751	19751	27842	27842	6259	6259	6377	6377	70	70	163	163	6176	6176	1884	1884	1228	1228	3965	3965	382	382	144	144	328	328	448	448	115	115	49	49	158	158	326	326	671	671	681	681	121	121	30	30	928	928	658	658	1575	1575	878	878	15131	15131	4859	4859	319	319	300	300	10781	10781	9235	9235	118	118	8	8	239	239	116	116	238	238	57	57	24	24	200	200	101	101	446	446	100	100	118	118	2324	2324	2748	2748	3714	3714	2589	2589	116	116	117	117	6	6	29	29	1944	1944	6890	6890	4	4	18	18	14	14	14	14	127	127	106	106	8	8	50	50	2044	2044	6578	6578	17017	17017	965	965	226	226	136	136
IND00455	461	461	1305	1305	257	257	491	491	2221	2221	1042	1042	717	717	205	205	99	99	135	135	2289	2289	4931	4931	1000	1000	704	704	401	401	216	216	2915	2915	5143	5143	1008	1008	854	854	5478	5478	1614	1614	442	442	352	352	43	43	19	19	187	187	55	55	14281	14281	12875	12875	90	90	1929	1929	41572	41572	47935	47935	1631	1631	3789	3789	147	147	137	137	1065	1065	3881	3881	1157	1157	674	674	270	270	263	263	73	73	733	733	38	38	38	38	49	49	389	389	791	791	809	809	238	238	37	37	98	98	267	267	1038	1038	387	387	9735	9735	5494	5494	355	355	148	148	12185	12185	15097	15097	29	29	92	92	88	88	79	79	5	5	57	57	178	178	192	192	891	891	838	838	62	62	63	63	2709	2709	3382	3382	3652	3652	1429	1429	58	58	41	41	14	14	2	2	7648	7648	2213	2213	5	5	31	31	3	3	3	3	60	60	39	39	20	20	7	7	4057	4057	2417	2417	2436	2436	4980	4980	204	204	102	102
IND00456	224	224	449	449	160	160	345	345	2664	2664	2401	2401	912	912	126	126	117	117	15	15	1362	1362	15873	15873	681	681	1447	1447	195	195	389	389	2891	2891	3914	3914	682	682	217	217	1672	1672	1987	1987	849	849	118	118	39	39	45	45	225	225	189	189	9839	9839	10666	10666	2825	2825	3300	3300	27063	27063	36206	36206	6895	6895	3039	3039	90	90	222	222	150	150	4157	4157	2722	2722	1973	1973	491	491	283	283	101	101	345	345	24	24	50	50	76	76	71	71	882	882	252	252	171	171	161	161	836	836	769	769	1269	1269	767	767	13701	13701	15524	15524	175	175	232	232	1277	1277	12496	12496	35	35	26	26	223	223	129	129	248	248	46	46	21	21	191	191	42	42	896	896	43	43	100	100	667	667	2117	2117	3079	3079	1989	1989	40	40	61	61	43	43	15	15	6824	6824	7327	7327	12	12	31	31	1	1	15	15	10	10	89	89	20	20	41	41	2353	2353	7245	7245	9492	9492	1778	1778	134	134	32	32
IND00457	1539	1539	1171	1171	92	92	37	37	3654	3654	2282	2282	35	35	257	257	74	74	228	228	8579	8579	13754	13754	2013	2013	672	672	478	478	459	459	373	373	5810	5810	355	355	693	693	2530	2530	7082	7082	677	677	239	239	16	16	42	42	49	49	85	85	6912	6912	10784	10784	2689	2689	2024	2024	47116	47116	41939	41939	7765	7765	1490	1490	3	3	149	149	6982	6982	3639	3639	3489	3489	3980	3980	369	369	427	427	500	500	489	489	63	63	83	83	507	507	383	383	503	503	311	311	146	146	199	199	894	894	378	378	1188	1188	439	439	8178	8178	10340	10340	360	360	224	224	3337	3337	10031	10031	116	116	54	54	102	102	204	204	20	20	169	169	17	17	147	147	261	261	364	364	68	68	17	17	177	177	1735	1735	2690	2690	2642	2642	123	123	90	90	22	22	55	55	3727	3727	7562	7562	26	26	23	23	4	4	11	11	96	96	76	76	58	58	60	60	7668	7668	1049	1049	27492	27492	17345	17345	184	184	173	173
IND00458	1753	1753	82	82	474	474	84	84	126	126	4047	4047	309	309	972	972	13	13	197	197	12703	12703	4035	4035	740	740	1969	1969	213	213	421	421	4159	4159	3771	3771	543	543	437	437	2368	2368	4274	4274	947	947	248	248	22	22	2	2	146	146	15	15	10112	10112	1165	1165	2203	2203	311	311	53595	53595	34822	34822	592	592	6542	6542	236	236	22	22	492	492	6310	6310	557	557	2487	2487	213	213	234	234	839	839	691	691	27	27	89	89	336	336	79	79	635	635	754	754	221	221	10	10	817	817	363	363	1363	1363	1029	1029	13049	13049	12349	12349	56	56	396	396	13446	13446	5061	5061	12	12	109	109	131	131	212	212	37	37	37	37	204	204	51	51	847	847	339	339	125	125	53	53	1792	1792	360	360	2294	2294	1235	1235	94	94	53	53	27	27	18	18	5404	5404	6205	6205	23	23	1	1	8	8	4	4	44	44	87	87	43	43	55	55	446	446	885	885	15146	15146	19293	19293	227	227	91	91
IND00459	1275	1275	1952	1952	90	90	319	319	6181	6181	4595	4595	458	458	256	256	207	207	204	204	5639	5639	14311	14311	920	920	1964	1964	301	301	185	185	3890	3890	1326	1326	678	678	392	392	3392	3392	1528	1528	204	204	506	506	62	62	42	42	150	150	134	134	123	123	13312	13312	338	338	2790	2790	16544	16544	3910	3910	6537	6537	727	727	221	221	12	12	2482	2482	740	740	4052	4052	2288	2288	403	403	351	351	475	475	887	887	47	47	14	14	416	416	6	6	532	532	153	153	3	3	178	178	933	933	835	835	256	256	916	916	9061	9061	2986	2986	317	317	410	410	10586	10586	6880	6880	61	61	69	69	237	237	46	46	103	103	140	140	9	9	105	105	5	5	452	452	18	18	29	29	480	480	2763	2763	485	485	1724	1724	80	80	107	107	35	35	42	42	425	425	7297	7297	28	28	26	26	3	3	1	1	23	23	88	88	30	30	42	42	5392	5392	5853	5853	3346	3346	18557	18557	112	112	199	199
IND00460	1734	1734	43	43	252	252	173	173	121	121	3503	3503	493	493	886	886	115	115	6	6	4115	4115	10828	10828	150	150	844	844	17	17	469	469	1734	1734	267	267	910	910	468	468	6433	6433	5098	5098	375	375	166	166	28	28	34	34	43	43	15	15	3505	3505	3116	3116	2638	2638	433	433	29457	29457	65249	65249	7192	7192	5400	5400	55	55	31	31	4082	4082	5486	5486	1606	1606	2244	2244	500	500	149	149	201	201	876	876	71	71	121	121	406	406	405	405	822	822	336	336	23	23	185	185	555	555	775	775	392	392	340	340	10670	10670	10287	10287	496	496	246	246	6583	6583	14880	14880	127	127	78	78	30	30	88	88	190	190	202	202	100	100	100	100	839	839	423	423	29	29	48	48	3154	3154	3786	3786	998	998	2946	2946	73	73	91	91	35	35	38	38	5692	5692	4949	4949	28	28	32	32	4	4	9	9	49	49	78	78	3	3	61	61	2576	2576	80	80	23865	23865	17930	17930	72	72	82	82
IND00461	1207	1207	250	250	486	486	18	18	296	296	3564	3564	537	537	36	36	63	63	160	160	4700	4700	7728	7728	603	603	1600	1600	45	45	402	402	7555	7555	1779	1779	117	117	61	61	3647	3647	4198	4198	314	314	825	825	16	16	60	60	225	225	218	218	11362	11362	11129	11129	3523	3523	526	526	55324	55324	46233	46233	1969	1969	7211	7211	9	9	7	7	3156	3156	8079	8079	2978	2978	2814	2814	432	432	289	289	58	58	784	784	44	44	91	91	321	321	366	366	1000	1000	795	795	147	147	43	43	545	545	191	191	1711	1711	674	674	4707	4707	4971	4971	485	485	110	110	1764	1764	16016	16016	31	31	87	87	231	231	166	166	216	216	69	69	155	155	88	88	691	691	243	243	66	66	48	48	3140	3140	2505	2505	2920	2920	2869	2869	67	67	54	54	33	33	9	9	1102	1102	4374	4374	2	2	19	19	7	7	10	10	73	73	100	100	5	5	32	32	4566	4566	429	429	29001	29001	23089	23089	74	74	176	176
IND00462	618	618	464	464	371	371	454	454	2137	2137	6723	6723	803	803	989	989	66	66	122	122	7242	7242	11826	11826	659	659	1830	1830	5	5	127	127	6696	6696	5900	5900	143	143	308	308	5078	5078	3598	3598	776	776	61	61	4	4	15	15	42	42	174	174	15456	15456	8898	8898	1531	1531	3515	3515	22687	22687	3402	3402	4113	4113	678	678	246	246	6	6	6608	6608	1764	1764	361	361	3249	3249	347	347	365	365	509	509	950	950	41	41	18	18	238	238	203	203	579	579	678	678	254	254	97	97	907	907	304	304	1836	1836	1979	1979	10297	10297	4815	4815	348	348	461	461	4286	4286	15151	15151	15	15	38	38	244	244	47	47	34	34	65	65	100	100	251	251	743	743	529	529	68	68	53	53	2379	2379	195	195	3407	3407	2239	2239	36	36	68	68	9	9	57	57	8028	8028	5167	5167	5	5	3	3	1	1	16	16	95	95	99	99	6	6	33	33	557	557	4371	4371	3071	3071	8826	8826	45	45	3	3
IND00463	1821	1821	775	775	300	300	364	364	2260	2260	4824	4824	845	845	377	377	13	13	17	17	3602	3602	8908	8908	1800	1800	1214	1214	314	314	500	500	4151	4151	947	947	44	44	301	301	17	17	3750	3750	679	679	757	757	14	14	28	28	26	26	49	49	10888	10888	8421	8421	1267	1267	2114	2114	53002	53002	29849	29849	5868	5868	7204	7204	94	94	128	128	715	715	4942	4942	3076	3076	2254	2254	333	333	431	431	890	890	705	705	64	64	86	86	55	55	201	201	746	746	319	319	169	169	191	191	615	615	318	318	429	429	78	78	10078	10078	14168	14168	36	36	151	151	7254	7254	9579	9579	23	23	24	24	97	97	161	161	15	15	231	231	132	132	35	35	779	779	104	104	90	90	119	119	3900	3900	1404	1404	690	690	3025	3025	122	122	13	13	36	36	30	30	4434	4434	6357	6357	13	13	31	31	2	2	6	6	14	14	64	64	5	5	31	31	5517	5517	5729	5729	27046	27046	25140	25140	191	191	182	182
IND00464	1699	1699	870	870	307	307	58	58	4823	4823	3456	3456	84	84	636	636	140	140	107	107	7506	7506	7335	7335	916	916	73	73	484	484	311	311	2646	2646	5451	5451	481	481	299	299	3531	3531	2722	2722	931	931	913	913	5	5	46	46	173	173	182	182	9902	9902	3998	3998	1412	1412	2389	2389	62161	62161	52256	52256	459	459	7380	7380	48	48	256	256	6047	6047	6786	6786	936	936	482	482	23	23	250	250	893	893	701	701	46	46	32	32	356	356	306	306	30	30	204	204	8	8	31	31	457	457	1004	1004	1892	1892	1894	1894	6356	6356	13328	13328	280	280	469	469	11499	11499	13809	13809	78	78	70	70	50	50	37	37	193	193	62	62	33	33	247	247	857	857	936	936	75	75	51	51	1593	1593	3685	3685	2574	2574	794	794	9	9	22	22	51	51	24	24	2263	2263	73	73	5	5	11	11	1	1	11	11	97	97	99	99	61	61	19	19	1362	1362	7964	7964	6974	6974	27127	27127	44	44	202	202
IND00465	275	275	1864	1864	78	78	43	43	2671	2671	5976	5976	878	878	320	320	206	206	104	104	6609	6609	6833	6833	1035	1035	619	619	132	132	500	500	7978	7978	4933	4933	611	611	111	111	2602	2602	3822	3822	421	421	64	64	2	2	55	55	41	41	223	223	16078	16078	13893	13893	15	15	913	913	57312	57312	41404	41404	5678	5678	6013	6013	208	208	217	217	3472	3472	5299	5299	1906	1906	2696	2696	366	366	97	97	221	221	435	435	77	77	81	81	250	250	189	189	300	300	156	156	83	83	127	127	347	347	1023	1023	1272	1272	1650	1650	7754	7754	15127	15127	427	427	117	117	1341	1341	9942	9942	73	73	64	64	185	185	214	214	214	214	95	95	213	213	181	181	982	982	757	757	101	101	105	105	278	278	3515	3515	3826	3826	3806	3806	87	87	98	98	49	49	58	58	4172	4172	8093	8093	12	12	27	27	3	3	4	4	15	15	104	104	26	26	29	29	5429	5429	2181	2181	5681	5681	3270	3270	117	117	103	103
IND00466	1214	1214	752	752	458	458	160	160	1430	1430	260	260	90	90	450	450	132	132	85	85	10465	10465	14148	14148	169	169	1037	1037	214	214	16	16	7629	7629	6165	6165	504	504	457	457	366	366	1695	1695	896	896	19	19	39	39	13	13	199	199	40	40	8190	8190	8812	8812	221	221	3168	3168	43133	43133	49006	49006	495	495	4805	4805	78	78	16	16	2147	2147	1950	1950	2833	2833	3702	3702	20	20	313	313	359	359	551	551	72	72	5	5	8	8	58	58	261	261	705	705	57	57	129	129	42	42	449	449	454	454	1435	1435	4639	4639	4668	4668	472	472	477	477	15286	15286	3886	3886	100	100	120	120	161	161	231	231	219	219	131	131	54	54	228	228	741	741	393	393	96	96	96	96	348	348	343	343	2002	2002	780	780	106	106	23	23	5	5	44	44	7096	7096	6950	6950	6	6	21	21	15	15	5	5	123	123	40	40	5	5	42	42	2811	2811	3081	3081	26061	26061	9725	9725	246	246	147	147
IND00467	513	513	492	492	11	11	436	436	5423	5423	7183	7183	97	97	708	708	126	126	92	92	577	577	924	924	616	616	547	547	310	310	147	147	3486	3486	801	801	572	572	694	694	3682	3682	3995	3995	434	434	796	796	52	52	30	30	77	77	46	46	10393	10393	5498	5498	157	157	3497	3497	63578	63578	36734	36734	2576	2576	5229	5229	164	164	211	211	6137	6137	559	559	3632	3632	1858	1858	243	243	208	208	622	622	745	745	40	40	118	118	62	62	230	230	560	560	630	630	180	180	50	50	667	667	869	869	1430	1430	1832	1832	11745	11745	11161	11161	432	432	403	403	8158	8158	14017	14017	40	40	22	22	207	207	38	38	152	152	142	142	122	122	168	168	253	253	584	584	29	29	40	40	891	891	1711	1711	2655	2655	514	514	109	109	60	60	45	45	39	39	74	74	7529	7529	3	3	11	11	8	8	4	4	76	76	93	93	29	29	22	22	957	957	4823	4823	17961	17961	32122	32122	57	57	179	179
IND00468	1583	1583	1407	1407	186	186	213	213	3822	3822	4579	4579	436	436	529	529	105	105	101	101	10546	10546	1576	1576	945	945	1420	1420	191	191	228	228	2226	2226	997	997	432	432	977	977	245	245	7830	7830	615	615	819	819	9	9	16	16	2	2	110	110	2204	2204	15431	15431	3702	3702	1766	1766	1813	1813	43072	43072	6215	6215	1321	1321	104	104	193	193	2487	2487	6751	6751	564	564	2442	2442	304	304	501	501	279	279	278	278	46	46	37	37	252	252	123	123	479	479	27	27	121	121	230	230	537	537	783	783	571	571	2044	2044	14149	14149	3689	3689	15	15	129	129	7970	7970	7226	7226	13	13	88	88	81	81	220	220	132	132	182	182	87	87	71	71	892	892	13	13	96	96	49	49	136	136	1056	1056	1841	1841	2649	2649	91	91	31	31	5	5	11	11	7783	7783	4163	4163	19	19	3	3	6	6	8	8	82	82	4	4	62	62	6	6	5699	5699	1305	1305	22140	22140	31880	31880	231	231	119	119
IND00469	752	752	1050	1050	194	194	408	408	3542	3542	3586	3586	620	620	810	810	58	58	108	108	704	704	4970	4970	598	598	1013	1013	67	67	198	198	1451	1451	7612	7612	234	234	985	985	3390	3390	3754	3754	962	962	446	446	1	1	42	42	128	128	103	103	6675	6675	10254	10254	1637	1637	1209	1209	6750	6750	65403	65403	4277	4277	667	667	249	249	225	225	5886	5886	4873	4873	557	557	35	35	67	67	468	468	908	908	287	287	27	27	52	52	324	324	512	512	421	421	129	129	202	202	160	160	171	171	37	37	466	466	424	424	9495	9495	10165	10165	203	203	143	143	3303	3303	7441	7441	13	13	54	54	37	37	227	227	27	27	153	153	39	39	144	144	793	793	882	882	113	113	13	13	3584	3584	16	16	1173	1173	1147	1147	74	74	36	36	33	33	23	23	7785	7785	4153	4153	21	21	16	16	3	3	9	9	127	127	111	111	10	10	33	33	5060	5060	2891	2891	8517	8517	21016	21016	217	217	89	89
IND00470	1067	1067	1587	1587	68	68	431	431	7050	7050	5715	5715	125	125	539	539	200	200	92	92	15720	15720	15046	15046	996	996	1064	1064	29	29	349	349	2313	2313	6527	6527	133	133	903	903	4941	4941	4108	4108	443	443	463	463	47	47	28	28	216	216	95	95	6892	6892	3203	3203	2437	2437	1407	1407	33193	33193	62443	62443	7286	7286	6489	6489	103	103	89	89	7582	7582	6111	6111	2957	2957	1552	1552	205	205	62	62	197	197	864	864	121	121	5	5	258	258	248	248	154	154	767	767	143	143	99	99	934	934	717	717	392	392	1144	1144	5899	5899	2729	2729	178	178	418	418	7278	7278	5231	5231	55	55	26	26	98	98	248	248	75	75	194	194	187	187	3	3	277	277	843	843	128	128	22	22	1573	1573	1365	1365	615	615	844	844	104	104	56	56	48	48	35	35	1963	1963	2799	2799	28	28	28	28	9	9	14	14	25	25	60	60	56	56	47	47	3669	3669	4978	4978	19056	19056	15288	15288	132	132	234	234
IND00471	1147	1147	1397	1397	281	281	51	51	3790	3790	3558	3558	222	222	110	110	220	220	63	63	1072	1072	1145	1145	798	798	1258	1258	325	325	177	177	1948	1948	2783	2783	563	563	796	796	4759	4759	4069	4069	827	827	638	638	57	57	55	55	65	65	138	138	1079	1079	15408	15408	3340	3340	3004	3004	7010	7010	65298	65298	5804	5804	4198	4198	77	77	146	146	4494	4494	3350	3350	3650	3650	3083	3083	72	72	126	126	65	65	411	411	101	101	70	70	447	447	335	335	812	812	1022	1022	244	244	22	22	589	589	808	808	1728	1728	1067	1067	13920	13920	7966	7966	125	125	371	371	7061	7061	16377	16377	41	41	5	5	254	254	216	216	218	218	152	152	71	71	154	154	15	15	1021	1021	31	31	58	58	190	190	1654	1654	3003	3003	4024	4024	79	79	127	127	12	12	41	41	1546	1546	4837	4837	21	21	29	29	16	16	11	11	56	56	6	6	40	40	62	62	6317	6317	4881	4881	682	682	6579	6579	22	22	187	187
IND00472	1971	1971	943	943	140	140	248	248	272	272	2702	2702	70	70	518	518	20	20	78	78	1997	1997	4442	4442	294	294	517	517	259	259	351	351	4780	4780	1496	1496	947	947	217	217	5518	5518	1521	1521	167	167	274	274	19	19	36	36	146	146	229	229	13414	13414	1029	1029	1388	1388	3860	3860	21151	21151	1753	1753	5097	5097	5768	5768	167	167	83	83	3498	3498	2406	2406	975	975	1851	1851	50	50	52	52	92	92	857	857	85	85	98	98	432	432	443	443	239	239	1020	1020	163	163	253	253	118	118	2	2	1449	1449	571	571	14164	14164	6364	6364	460	460	269	269	4222	4222	2697	2697	48	48	2	2	60	60	230	230	184	184	111	111	117	117	250	250	125	125	837	837	65	65	86	86	352	352	1470	1470	2538	2538	580	580	120	120	8	8	1	1	55	55	7826	7826	6126	6126	28	28	9	9	4	4	1	1	89	89	87	87	3	3	48	48	6127	6127	110	110	14429	14429	30855	30855	70	70	136	136
IND00473	592	592	1649	1649	325	325	87	87	6602	6602	2512	2512	456	456	188	188	174	174	118	118	12464	12464	8619	8619	1649	1649	1348	1348	348	348	159	159	1797	1797	37	37	344	344	107	107	4156	4156	1180	1180	630	630	879	879	31	31	16	16	203	203	105	105	5647	5647	936	936	1096	1096	3061	3061	8417	8417	23197	23197	2168	2168	3433	3433	45	45	202	202	7000	7000	5130	5130	933	933	3512	3512	217	217	506	506	112	112	851	851	99	99	34	34	412	412	322	322	85	85	203	203	243	243	122	122	331	331	767	767	704	704	1767	1767	12231	12231	9642	9642	447	447	205	205	3485	3485	13828	13828	97	97	53	53	183	183	83	83	14	14	160	160	138	138	133	133	287	287	112	112	30	30	64	64	1160	1160	2511	2511	717	717	81	81	123	123	120	120	14	14	38	38	5583	5583	7520	7520	5	5	30	30	12	12	1	1	59	59	78	78	51	51	21	21	572	572	6249	6249	29295	29295	23765	23765	175	175	215	215
IND00474	223	223	1622	1622	109	109	134	134	6551	6551	5040	5040	111	111	1013	1013	163	163	43	43	3408	3408	6477	6477	279	279	535	535	129	129	120	120	3183	3183	3339	3339	863	863	888	888	5499	5499	7681	7681	376	376	30	30	45	45	47	47	80	80	108	108	13058	13058	4640	4640	3815	3815	2382	2382	19631	19631	51221	51221	3697	3697	1275	1275	64	64	231	231	2646	2646	868	868	3512	3512	3774	3774	17	17	18	18	591	591	100	100	79	79	66	66	361	361	243	243	503	503	757	757	224	224	85	85	689	689	802	802	1832	1832	947	947	3287	3287	9645	9645	293	293	25	25	7623	7623	11781	11781	8	8	40	40	19	19	238	238	60	60	240	240	126	126	91	91	38	38	244	244	91	91	52	52	77	77	249	249	1842	1842	3616	3616	6	6	87	87	47	47	9	9	7967	7967	4794	4794	16	16	21	21	15	15	6	6	100	100	13	13	29	29	51	51	6336	6336	7220	7220	2564	2564	7409	7409	18	18	52	52
IND00475	1642	1642	1365	1365	403	403	218	218	4832	4832	2037	2037	374	374	975	975	78	78	146	146	2111	2111	155	155	120	120	1913	1913	238	238	227	227	5261	5261	230	230	177	177	250	250	2576	2576	6280	6280	851	851	28	28	9	9	33	33	125	125	99	99	6179	6179	11532	11532	1433	1433	3704	3704	42732	42732	38504	38504	813	813	5967	5967	231	231	77	77	7276	7276	3385	3385	390	390	696	696	256	256	494	494	76	76	797	797	31	31	18	18	255	255	511	511	178	178	782	782	230	230	244	244	178	178	81	81	329	329	768	768	13617	13617	6136	6136	419	419	128	128	10368	10368	10578	10578	104	104	14	14	160	160	119	119	234	234	254	254	144	144	233	233	1016	1016	83	83	43	43	94	94	3205	3205	2720	2720	2629	2629	1843	1843	93	93	110	110	3	3	53	53	359	359	7364	7364	24	24	14	14	13	13	5	5	26	26	71	71	4	4	64	64	1395	1395	7807	7807	12179	12179	14839	14839	112	112	140	140
IND00476	545	545	773	773	20	20	156	156	583	583	3394	3394	809	809	484	484	218	218	33	33	1971	1971	15656	15656	706	706	750	750	499	499	284	284	3993	3993	3307	3307	158	158	862	862	5129	5129	1755	1755	907	907	624	624	38	38	45	45	148	148	29	29	16005	16005	6231	6231	3351	3351	2892	2892	41666	41666	20484	20484	2351	2351	1563	1563	255	255	240	240	2624	2624	1556	1556	2857	2857	3411	3411	209	209	95	95	128	128	187	187	76	76	6	6	448	448	53	53	490	490	426	426	133	133	211	211	882	882	664	664	171	171	1259	1259	15378	15378	7035	7035	283	283	403	403	4257	4257	14877	14877	15	15	119	119	102	102	7	7	8	8	142	142	126	126	124	124	115	115	814	814	67	67	2	2	3358	3358	210	210	3465	3465	1981	1981	114	114	96	96	26	26	58	58	5203	5203	5304	5304	21	21	15	15	15	15	5	5	37	37	105	105	41	41	31	31	7582	7582	7122	7122	2479	2479	9491	9491	112	112	40	40
IND00477	406	406	1216	1216	11	11	433	433	1283	1283	4851	4851	995	995	486	486	208	208	181	181	7325	7325	16235	16235	1848	1848	112	112	103	103	31	31	1506	1506	7301	7301	70	70	520	520	7675	7675	1339	1339	706	706	629	629	63	63	21	21	47	47	34	34	10797	10797	10530	10530	1768	1768	4056	4056	26521	26521	42710	42710	1632	1632	5335	5335	189	189	48	48	4324	4324	1891	1891	546	546	3446	3446	205	205	128	128	913	913	393	393	66	66	91	91	158	158	65	65	1	1	369	369	256	256	74	74	416	416	882	882	1047	1047	919	919	743	743	9366	9366	54	54	156	156	8279	8279	6420	6420	26	26	56	56	60	60	28	28	211	211	129	129	198	198	225	225	883	883	546	546	103	103	84	84	141	141	3170	3170	1795	1795	1508	1508	56	56	71	71	14	14	2	2	1250	1250	2412	2412	27	27	23	23	2	2	7	7	45	45	91	91	58	58	7	7	7092	7092	500	500	11903	11903	21504	21504	182	182	78	78
IND00478	388	388	813	813	474	474	463	463	2301	2301	471	471	360	360	354	354	86	86	216	216	7190	7190	6482	6482	1411	1411	1512	1512	438	438	68	68	1943	1943	3201	3201	765	765	903	903	7468	7468	4288	4288	186	186	935	935	2	2	7	7	89	89	216	216	10175	10175	4228	4228	2363	2363	1886	1886	13122	13122	23026	23026	4618	4618	3065	3065	40	40	211	211	3043	3043	4500	4500	201	201	132	132	272	272	509	509	761	761	1006	1006	128	128	63	63	75	75	412	412	144	144	242	242	126	126	119	119	1021	1021	914	914	127	127	1234	1234	7056	7056	3920	3920	303	303	197	197	3296	3296	390	390	121	121	39	39	247	247	15	15	130	130	118	118	159	159	1	1	467	467	471	471	120	120	103	103	2435	2435	3706	3706	3655	3655	2219	2219	96	96	93	93	21	21	3	3	7497	7497	3842	3842	18	18	25	25	4	4	16	16	115	115	2	2	30	30	10	10	6920	6920	6411	6411	15554	15554	2663	2663	248	248	109	109
IND00479	180	180	109	109	92	92	317	317	5823	5823	7337	7337	886	886	604	604	4	4	142	142	4828	4828	14529	14529	1003	1003	1547	1547	241	241	224	224	4475	4475	4305	4305	919	919	480	480	8149	8149	3565	3565	527	527	23	23	64	64	29	29	60	60	155	155	14962	14962	9060	9060	3798	3798	3975	3975	50909	50909	40425	40425	4560	4560	2611	2611	237	237	162	162	6829	6829	7042	7042	1334	1334	3082	3082	198	198	84	84	161	161	814	814	31	31	90	90	451	451	300	300	15	15	89	89	131	131	210	210	493	493	787	787	1567	1567	1188	1188	5198	5198	13770	13770	176	176	273	273	2221	2221	10364	10364	91	91	108	108	94	94	68	68	68	68	8	8	96	96	170	170	600	600	299	299	115	115	28	28	340	340	104	104	1274	1274	1954	1954	115	115	59	59	48	48	56	56	1384	1384	4260	4260	3	3	7	7	2	2	15	15	87	87	50	50	32	32	25	25	4082	4082	3147	3147	7549	7549	5087	5087	45	45	69	69
IND00480	1582	1582	1215	1215	227	227	12	12	6527	6527	4941	4941	587	587	297	297	153	153	191	191	5838	5838	4826	4826	910	910	1146	1146	378	378	264	264	5880	5880	3707	3707	371	371	297	297	6658	6658	7034	7034	318	318	791	791	45	45	53	53	223	223	53	53	5047	5047	4422	4422	699	699	2458	2458	59161	59161	63115	63115	3004	3004	2361	2361	57	57	202	202	4486	4486	272	272	2261	2261	3573	3573	182	182	130	130	827	827	913	913	107	107	92	92	97	97	343	343	302	302	90	90	240	240	167	167	262	262	839	839	851	851	1151	1151	8365	8365	4505	4505	432	432	43	43	2144	2144	13223	13223	30	30	18	18	81	81	252	252	113	113	8	8	46	46	18	18	931	931	53	53	19	19	109	109	3529	3529	2774	2774	2307	2307	1971	1971	88	88	105	105	24	24	55	55	854	854	7612	7612	25	25	21	21	13	13	11	11	119	119	39	39	31	31	5	5	6151	6151	7112	7112	25656	25656	24508	24508	31	31	159	159
IND00481	56	56	1187	1187	121	121	290	290	2308	2308	1947	1947	526	526	266	266	224	224	82	82	2994	2994	12932	12932	1740	1740	1681	1681	226	226	174	174	6358	6358	232	232	963	963	126	126	7312	7312	5048	5048	304	304	464	464	38	38	4	4	98	98	51	51	300	300	11268	11268	1309	1309	3180	3180	39007	39007	43892	43892	6919	6919	1837	1837	33	33	41	41	6177	6177	3055	3055	1071	1071	1402	1402	76	76	395	395	84	84	84	84	2	2	70	70	286	286	357	357	37	37	493	493	53	53	243	243	723	723	577	577	1779	1779	71	71	12033	12033	7903	7903	300	300	353	353	5866	5866	5350	5350	16	16	120	120	48	48	49	49	33	33	56	56	219	219	60	60	152	152	41	41	54	54	33	33	4054	4054	3775	3775	1220	1220	4058	4058	109	109	104	104	27	27	48	48	735	735	6972	6972	13	13	21	21	9	9	10	10	68	68	20	20	47	47	51	51	3921	3921	8141	8141	13680	13680	9407	9407	38	38	64	64
IND00482	1770	1770	451	451	308	308	242	242	1789	1789	5774	5774	192	192	927	927	81	81	187	187	12276	12276	7277	7277	1673	1673	1004	1004	31	31	382	382	2769	2769	2893	2893	436	436	873	873	6824	6824	8182	8182	85	85	224	224	63	63	12	12	142	142	253	253	192	192	5954	5954	1699	1699	3321	3321	53352	53352	15934	15934	608	608	3156	3156	140	140	105	105	5839	5839	3664	3664	3180	3180	47	47	340	340	70	70	82	82	592	592	79	79	6	6	488	488	116	116	1020	1020	222	222	86	86	12	12	1003	1003	419	419	1528	1528	836	836	405	405	11427	11427	52	52	417	417	12943	12943	7256	7256	2	2	29	29	228	228	116	116	158	158	209	209	245	245	189	189	743	743	165	165	13	13	80	80	740	740	1459	1459	3300	3300	2773	2773	94	94	42	42	12	12	32	32	4985	4985	7873	7873	26	26	29	29	9	9	4	4	78	78	32	32	10	10	19	19	1530	1530	6893	6893	8624	8624	19155	19155	2	2	194	194
IND00483	667	667	164	164	407	407	377	377	4743	4743	2554	2554	915	915	592	592	87	87	233	233	14045	14045	8496	8496	1482	1482	876	876	132	132	362	362	371	371	7743	7743	130	130	344	344	3979	3979	6522	6522	851	851	786	786	9	9	58	58	180	180	136	136	286	286	68	68	1296	1296	2326	2326	467	467	18783	18783	72	72	2245	2245	54	54	201	201	7023	7023	2927	2927	1874	1874	1318	1318	350	350	241	241	851	851	927	927	65	65	35	35	358	358	260	260	584	584	154	154	11	11	47	47	782	782	477	477	1179	1179	1819	1819	16316	16316	13960	13960	350	350	203	203	3458	3458	3337	3337	109	109	113	113	100	100	120	120	246	246	96	96	165	165	104	104	703	703	521	521	109	109	117	117	71	71	766	766	3197	3197	1382	1382	100	100	55	55	29	29	33	33	7118	7118	7217	7217	10	10	11	11	7	7	1	1	35	35	12	12	29	29	58	58	6959	6959	5295	5295	31941	31941	22490	22490	87	87	183	183
IND00484	16	16	1444	1444	340	340	74	74	5688	5688	2674	2674	370	370	297	297	137	137	238	238	249	249	5558	5558	128	128	1742	1742	55	55	405	405	105	105	548	548	704	704	131	131	2785	2785	202	202	585	585	216	216	17	17	47	47	68	68	4	4	15872	15872	4925	4925	1301	1301	236	236	25260	25260	41051	41051	1031	1031	3464	3464	42	42	94	94	2557	2557	4807	4807	1768	1768	2022	2022	503	503	101	101	963	963	609	609	60	60	10	10	311	311	167	167	519	519	394	394	13	13	70	70	622	622	134	134	1754	1754	407	407	4359	4359	6066	6066	224	224	180	180	7677	7677	15513	15513	9	9	7	7	164	164	74	74	237	237	52	52	2	2	55	55	427	427	448	448	44	44	95	95	3737	3737	1254	1254	1602	1602	3411	3411	56	56	19	19	21	21	15	15	2003	2003	6309	6309	25	25	31	31	1	1	13	13	49	49	28	28	9	9	30	30	7299	7299	4833	4833	14468	14468	18056	18056	244	244	195	195
IND00485	19	19	1502	1502	354	354	182	182	7821	7821	973	973	611	611	889	889	171	171	44	44	8303	8303	12210	12210	1171	1171	1066	1066	139	139	307	307	2434	2434	5788	5788	703	703	528	528	172	172	4932	4932	810	810	806	806	21	21	45	45	19	19	177	177	456	456	15094	15094	818	818	3396	3396	40800	40800	48846	48846	3101	3101	6402	6402	77	77	124	124	3287	3287	5872	5872	3420	3420	3366	3366	182	182	412	412	373	373	407	407	83	83	125	125	61	61	135	135	894	894	74	74	228	228	93	93	336	336	2	2	1485	1485	762	762	2886	2886	8427	8427	14	14	237	237	11916	11916	1799	1799	43	43	112	112	199	199	71	71	140	140	3	3	165	165	51	51	13	13	443	443	44	44	15	15	3779	3779	3872	3872	853	853	1611	1611	72	72	14	14	15	15	33	33	6761	6761	4320	4320	30	30	32	32	8	8	4	4	81	81	2	2	3	3	15	15	3019	3019	642	642	24376	24376	22225	22225	137	137	40	40
IND00486	1164	1164	68	68	132	132	76	76	7577	7577	3233	3233	480	480	184	184	253	253	178	178	15943	15943	14224	14224	616	616	1099	1099	196	196	349	349	5621	5621	2779	2779	784	784	171	171	3577	3577	4339	4339	476	476	771	771	2	2	29	29	77	77	66	66	12184	12184	15189	15189	1507	1507	2514	2514	19060	19060	25406	25406	1647	1647	4392	4392	149	149	231	231	3539	3539	4275	4275	3303	3303	1809	1809	343	343	160	160	704	704	623	623	74	74	30	30	9	9	276	276	35	35	881	881	119	119	225	225	226	226	424	424	217	217	189	189	5053	5053	14021	14021	359	359	462	462	14709	14709	10839	10839	120	120	109	109	111	111	14	14	237	237	116	116	31	31	34	34	430	430	245	245	58	58	22	22	2516	2516	1520	1520	2320	2320	1189	1189	54	54	123	123	44	44	29	29	1616	1616	7566	7566	17	17	8	8	11	11	5	5	60	60	108	108	46	46	32	32	2882	2882	5193	5193	22196	22196	3264	3264	238	238	9	9
IND00487	1511	1511	1728	1728	172	172	403	403	2450	2450	3318	3318	232	232	579	579	12	12	8	8	4088	4088	14736	14736	757	757	1767	1767	465	465	348	348	286	286	2970	2970	991	991	817	817	8070	8070	7290	7290	464	464	136	136	47	47	44	44	79	79	198	198	14843	14843	12479	12479	3640	3640	3183	3183	26607	26607	49079	49079	6922	6922	2054	2054	75	75	223	223	2000	2000	4729	4729	2871	2871	2222	2222	129	129	48	48	251	251	460	460	124	124	64	64	242	242	6	6	87	87	50	50	27	27	165	165	189	189	852	852	1444	1444	340	340	4944	4944	10619	10619	47	47	271	271	7004	7004	1032	1032	20	20	27	27	75	75	237	237	39	39	19	19	177	177	217	217	910	910	980	980	115	115	2	2	2558	2558	2118	2118	32	32	1691	1691	120	120	22	22	10	10	25	25	4920	4920	6271	6271	15	15	13	13	12	12	14	14	116	116	51	51	47	47	10	10	1680	1680	5807	5807	32538	32538	7397	7397	248	248	101	101
IND00488	834	834	1072	1072	206	206	177	177	7969	7969	7837	7837	539	539	512	512	146	146	234	234	588	588	12539	12539	1880	1880	1585	1585	339	339	188	188	1846	1846	252	252	167	167	951	951	113	113	8141	8141	214	214	597	597	7	7	40	40	218	218	69	69	13071	13071	13758	13758	2216	2216	2354	2354	18071	18071	45780	45780	7771	7771	2208	2208	70	70	163	163	7979	7979	1716	1716	3861	3861	3097	3097	404	404	377	377	667	667	981	981	22	22	115	115	427	427	83	83	241	241	893	893	245	245	46	46	1020	1020	909	909	1467	1467	1293	1293	6408	6408	7119	7119	434	434	1	1	12226	12226	11871	11871	46	46	122	122	125	125	122	122	254	254	11	11	115	115	30	30	220	220	1019	1019	110	110	96	96	655	655	1901	1901	1309	1309	3332	3332	70	70	64	64	56	56	46	46	4270	4270	1606	1606	32	32	28	28	12	12	1	1	109	109	43	43	27	27	58	58	513	513	3742	3742	7133	7133	18174	18174	162	162	234	234
IND00489	1201	1201	1245	1245	351	351	309	309	2989	2989	3998	3998	987	987	778	778	208	208	185	185	12290	12290	732	732	762	762	1049	1049	469	469	325	325	3003	3003	4921	4921	718	718	948	948	7134	7134	4470	4470	83	83	802	802	30	30	28	28	256	256	224	224	6650	6650	5851	5851	417	417	2703	2703	37302	37302	29658	29658	273	273	6324	6324	251	251	183	183	2473	2473	5795	5795	3021	3021	2964	2964	510	510	177	177	354	354	684	684	119	119	96	96	421	421	389	389	283	283	351	351	237	237	116	116	483	483	834	834	1420	1420	235	235	10222	10222	6808	6808	407	407	428	428	11427	11427	6618	6618	90	90	56	56	232	232	141	141	188	188	174	174	176	176	142	142	457	457	771	771	102	102	34	34	285	285	4065	4065	2625	2625	3974	3974	92	92	21	21	14	14	49	49	5593	5593	4165	4165	13	13	22	22	2	2	4	4	24	24	12	12	29	29	5	5	4690	4690	650	650	28534	28534	14823	14823	175	175	8	8
IND00490	189	189	1245	1245	152	152	39	39	7042	7042	4810	4810	921	921	440	440	235	235	215	215	6650	6650	14923	14923	364	364	1200	1200	273	273	419	419	789	789	1016	1016	355	355	348	348	5145	5145	305	305	524	524	502	502	8	8	61	61	195	195	245	245	9029	9029	14952	14952	1366	1366	604	604	52338	52338	34088	34088	258	258	4104	4104	98	98	235	235	6214	6214	1216	1216	3554	3554	2640	2640	120	120	92	92	889	889	660	660	88	88	48	48	336	336	255	255	327	327	672	672	104	104	190	190	846	846	602	602	912	912	843	843	9493	9493	1422	1422	26	26	91	91	6147	6147	13673	13673	8	8	33	33	195	195	169	169	245	245	34	34	11	11	238	238	412	412	960	960	20	20	99	99	1672	1672	1171	1171	2691	2691	3084	3084	14	14	54	54	28	28	7	7	3808	3808	399	399	1	1	22	22	13	13	16	16	127	127	98	98	18	18	37	37	2402	2402	6982	6982	3697	3697	6449	6449	207	207	239	239
IND00491	1444	1444	114	114	142	142	134	134	3405	3405	3913	3913	340	340	547	547	195	195	71	71	2624	2624	10878	10878	1398	1398	511	511	475	475	323	323	4083	4083	6450	6450	727	727	313	313	2652	2652	7717	7717	186	186	675	675	56	56	20	20	206	206	108	108	10062	10062	12440	12440	3277	3277	1745	1745	39066	39066	45920	45920	7468	7468	585	585	42	42	245	245	3287	3287	2926	2926	2546	2546	2382	2382	66	66	204	204	190	190	150	150	106	106	114	114	507	507	14	14	456	456	879	879	111	111	69	69	518	518	246	246	164	164	274	274	9991	9991	5335	5335	472	472	152	152	7899	7899	13004	13004	85	85	1	1	97	97	119	119	84	84	193	193	136	136	4	4	691	691	310	310	13	13	79	79	3851	3851	2553	2553	216	216	2598	2598	58	58	19	19	37	37	34	34	677	677	3625	3625	17	17	32	32	16	16	7	7	78	78	90	90	24	24	19	19	5438	5438	7908	7908	27128	27128	10983	10983	245	245	256	256
IND00492	275	275	254	254	455	455	294	294	1583	1583	1750	1750	645	645	260	260	199	199	172	172	16218	16218	13770	13770	1793	1793	1776	1776	450	450	227	227	3405	3405	6857	6857	91	91	426	426	1378	1378	6554	6554	754	754	380	380	29	29	58	58	183	183	219	219	12518	12518	13897	13897	1968	1968	452	452	14353	14353	26315	26315	2662	2662	5533	5533	196	196	182	182	2557	2557	4999	4999	2645	2645	498	498	265	265	104	104	147	147	515	515	40	40	52	52	182	182	197	197	754	754	422	422	1	1	40	40	627	627	596	596	1751	1751	245	245	4232	4232	4467	4467	469	469	361	361	1091	1091	9455	9455	78	78	113	113	182	182	190	190	140	140	56	56	26	26	209	209	1013	1013	18	18	122	122	23	23	1796	1796	2716	2716	186	186	1022	1022	111	111	59	59	22	22	59	59	2235	2235	4164	4164	12	12	17	17	4	4	13	13	46	46	28	28	48	48	30	30	5114	5114	164	164	10069	10069	11179	11179	111	111	148	148
IND00493	916	916	1680	1680	210	210	400	400	1093	1093	2456	2456	148	148	145	145	76	76	190	190	8232	8232	10809	10809	207	207	937	937	352	352	120	120	4865	4865	683	683	197	197	133	133	5590	5590	1343	1343	270	270	672	672	60	60	29	29	220	220	27	27	192	192	13171	13171	1748	1748	588	588	8898	8898	31426	31426	5147	5147	275	275	178	178	115	115	2823	2823	346	346	251	251	2623	2623	72	72	271	271	495	495	1021	1021	25	25	40	40	481	481	146	146	978	978	809	809	198	198	177	177	689	689	239	239	1333	1333	1972	1972	10014	10014	5687	5687	347	347	17	17	10136	10136	4795	4795	37	37	27	27	64	64	252	252	237	237	215	215	129	129	55	55	125	125	397	397	2	2	97	97	206	206	3305	3305	644	644	1206	1206	124	124	120	120	31	31	56	56	7200	7200	7706	7706	18	18	3	3	6	6	15	15	88	88	57	57	1	1	48	48	7499	7499	34	34	24946	24946	4139	4139	222	222	200	200
IND00494	750	750	1030	1030	260	260	49	49	3233	3233	7013	7013	723	723	319	319	41	41	240	240	2652	2652	11309	11309	1129	1129	1313	1313	371	371	432	432	5858	5858	7394	7394	771	771	148	148	2333	2333	7507	7507	22	22	628	628	9	9	33	33	73	73	144	144	12545	12545	8318	8318	978	978	3293	3293	61305	61305	5160	5160	6740	6740	4951	4951	13	13	169	169	1748	1748	2828	2828	116	116	3493	3493	93	93	357	357	383	383	145	145	9	9	40	40	177	177	422	422	406	406	793	793	238	238	180	180	763	763	929	929	1553	1553	1595	1595	16239	16239	16211	16211	353	353	491	491	9676	9676	3288	3288	50	50	103	103	196	196	169	169	201	201	86	86	127	127	235	235	926	926	396	396	64	64	66	66	3715	3715	92	92	2573	2573	563	563	123	123	54	54	11	11	40	40	5564	5564	6399	6399	18	18	12	12	1	1	12	12	98	98	27	27	44	44	11	11	1224	1224	1443	1443	5112	5112	23801	23801	200	200	179	179
IND00495	146	146	1869	1869	197	197	39	39	2921	2921	3950	3950	383	383	754	754	49	49	113	113	13297	13297	5004	5004	1955	1955	1606	1606	295	295	163	163	1852	1852	6274	6274	215	215	636	636	782	782	1652	1652	688	688	39	39	51	51	18	18	145	145	156	156	7728	7728	13534	13534	114	114	2033	2033	50685	50685	18100	18100	6709	6709	7571	7571	250	250	217	217	4281	4281	1492	1492	1741	1741	408	408	403	403	436	436	214	214	291	291	80	80	5	5	397	397	85	85	919	919	68	68	112	112	254	254	64	64	331	331	332	332	464	464	8180	8180	3979	3979	336	336	441	441	3623	3623	3595	3595	5	5	45	45	176	176	126	126	88	88	179	179	250	250	91	91	351	351	763	763	106	106	62	62	2516	2516	2133	2133	596	596	340	340	50	50	105	105	11	11	36	36	6418	6418	3047	3047	7	7	3	3	2	2	11	11	79	79	2	2	58	58	10	10	5514	5514	3111	3111	20192	20192	1917	1917	75	75	131	131
IND00496	1343	1343	725	725	149	149	146	146	487	487	4354	4354	620	620	966	966	48	48	245	245	3402	3402	6047	6047	530	530	730	730	181	181	353	353	1657	1657	2624	2624	889	889	329	329	4713	4713	1180	1180	456	456	933	933	58	58	5	5	164	164	181	181	1914	1914	13159	13159	2620	2620	1662	1662	24530	24530	35769	35769	6320	6320	83	83	150	150	183	183	7736	7736	6841	6841	2123	2123	587	587	159	159	190	190	856	856	53	53	58	58	26	26	202	202	492	492	895	895	236	236	138	138	59	59	963	963	380	380	1296	1296	1563	1563	4074	4074	16363	16363	95	95	273	273	14105	14105	13145	13145	50	50	33	33	20	20	129	129	85	85	131	131	76	76	152	152	934	934	646	646	105	105	29	29	920	920	2910	2910	3906	3906	3411	3411	105	105	50	50	3	3	34	34	1433	1433	3515	3515	7	7	5	5	15	15	14	14	86	86	61	61	56	56	61	61	683	683	2060	2060	32356	32356	2178	2178	213	213	18	18
IND00497	352	352	978	978	147	147	118	118	797	797	2340	2340	715	715	552	552	35	35	254	254	14109	14109	12777	12777	1379	1379	137	137	484	484	19	19	4898	4898	4368	4368	499	499	160	160	1772	1772	5078	5078	481	481	596	596	20	20	60	60	50	50	122	122	8965	8965	1335	1335	1810	1810	3800	3800	279	279	4880	4880	3530	3530	2205	2205	194	194	155	155	1326	1326	5159	5159	3275	3275	2963	2963	426	426	1	1	304	304	186	186	114	114	114	114	465	465	61	61	910	910	564	564	172	172	154	154	177	177	967	967	1549	1549	1403	1403	13627	13627	768	768	263	263	469	469	16103	16103	11911	11911	27	27	61	61	201	201	252	252	63	63	72	72	51	51	113	113	199	199	227	227	11	11	109	109	3626	3626	4034	4034	1650	1650	3832	3832	50	50	28	28	15	15	16	16	1065	1065	4279	4279	16	16	21	21	7	7	10	10	44	44	16	16	44	44	61	61	7536	7536	1616	1616	1967	1967	8424	8424	117	117	238	238
IND00498	1622	1622	100	100	337	337	454	454	2065	2065	3825	3825	766	766	324	324	65	65	95	95	5546	5546	9720	9720	42	42	1865	1865	333	333	120	120	6919	6919	4574	4574	966	966	992	992	2989	2989	1750	1750	93	93	906	906	27	27	21	21	154	154	251	251	15430	15430	2352	2352	3685	3685	2464	2464	16723	16723	12122	12122	7627	7627	5700	5700	154	154	76	76	3378	3378	209	209	2901	2901	989	989	295	295	237	237	265	265	30	30	116	116	92	92	37	37	108	108	1	1	752	752	158	158	72	72	105	105	644	644	966	966	149	149	1631	1631	2032	2032	24	24	115	115	7130	7130	13677	13677	2	2	40	40	181	181	183	183	164	164	113	113	229	229	29	29	992	992	862	862	37	37	97	97	953	953	1358	1358	2326	2326	426	426	22	22	86	86	15	15	4	4	5001	5001	3417	3417	21	21	26	26	16	16	8	8	105	105	5	5	10	10	35	35	2665	2665	6096	6096	26855	26855	26266	26266	140	140	53	53
IND00499	264	264	1895	1895	476	476	309	309	4174	4174	2799	2799	145	145	764	764	61	61	160	160	8378	8378	14491	14491	777	777	86	86	129	129	34	34	7747	7747	3187	3187	787	787	410	410	3607	3607	4366	4366	379	379	815	815	34	34	15	15	219	219	243	243	1361	1361	1759	1759	2424	2424	2053	2053	49795	49795	15944	15944	8107	8107	5499	5499	218	218	254	254	4213	4213	1554	1554	2764	2764	3966	3966	418	418	42	42	37	37	162	162	113	113	90	90	375	375	372	372	320	320	917	917	97	97	191	191	448	448	835	835	734	734	1962	1962	490	490	14997	14997	168	168	118	118	15864	15864	14223	14223	33	33	94	94	106	106	103	103	149	149	164	164	97	97	68	68	793	793	734	734	121	121	115	115	3918	3918	385	385	1109	1109	1377	1377	103	103	52	52	63	63	29	29	4659	4659	4685	4685	15	15	28	28	9	9	6	6	94	94	27	27	33	33	8	8	2406	2406	4977	4977	15512	15512	9238	9238	54	54	179	179
IND00500	732	732	251	251	133	133	135	135	3007	3007	2014	2014	10	10	736	736	87	87	243	243	2615	2615	4372	4372	668	668	349	349	308	308	207	207	3266	3266	8153	8153	298	298	883	883	7339	7339	41	41	261	261	712	712	5	5	39	39	241	241	28	28	7007	7007	11005	11005	3714	3714	2054	2054	9754	9754	21517	21517	1475	1475	7507	7507	184	184	13	13	4428	4428	5820	5820	2727	2727	1711	1711	132	132	357	357	438	438	180	180	74	74	6	6	190	190	480	480	353	353	832	832	14	14	61	61	909	909	529	529	227	227	1827	1827	15547	15547	7623	7623	26	26	362	362	429	429	8143	8143	56	56	32	32	3	3	238	238	42	42	67	67	203	203	189	189	987	987	287	287	103	103	61	61	1774	1774	1768	1768	3052	3052	1540	1540	87	87	68	68	36	36	19	19	578	578	5038	5038	2	2	2	2	5	5	5	5	32	32	120	120	10	10	13	13	1910	1910	3934	3934	3863	3863	25255	25255	150	150	210	210
IND00501	2008	2008	583	583	342	342	126	126	1819	1819	7532	7532	369	369	527	527	96	96	107	107	14026	14026	8682	8682	1372	1372	1748	1748	315	315	478	478	6946	6946	1680	1680	501	501	827	827	8129	8129	7790	7790	250	250	1022	1022	31	31	61	61	154	154	151	151	16354	16354	12140	12140	984	984	1677	1677	43595	43595	51926	51926	1985	1985	162	162	142	142	156	156	1642	1642	80	80	3528	3528	598	598	208	208	78	78	665	665	996	996	105	105	116	116	165	165	391	391	386	386	522	522	110	110	29	29	414	414	790	790	1437	1437	1712	1712	1890	1890	14486	14486	495	495	3	3	3612	3612	12881	12881	119	119	121	121	154	154	96	96	210	210	148	148	7	7	12	12	724	724	648	648	57	57	12	12	2127	2127	518	518	2946	2946	2616	2616	36	36	67	67	44	44	43	43	4298	4298	2840	2840	12	12	31	31	5	5	11	11	110	110	5	5	34	34	59	59	1126	1126	4629	4629	144	144	21962	21962	76	76	237	237
IND00502	933	933	1863	1863	108	108	271	271	5364	5364	2231	2231	691	691	298	298	198	198	182	182	5539	5539	11918	11918	502	502	1549	1549	460	460	480	480	3576	3576	7981	7981	837	837	525	525	6491	6491	4133	4133	790	790	328	328	1	1	4	4	85	85	67	67	12862	12862	543	543	4053	4053	697	697	23742	23742	29422	29422	6145	6145	6606	6606	54	54	65	65	8066	8066	3019	3019	907	907	1557	1557	390	390	504	504	150	150	1010	1010	45	45	13	13	143	143	62	62	418	418	507	507	236	236	197	197	492	492	928	928	1188	1188	188	188	4114	4114	5699	5699	461	461	465	465	4671	4671	12531	12531	16	16	90	90	118	118	28	28	241	241	117	117	156	156	159	159	945	945	426	426	41	41	56	56	3122	3122	3383	3383	143	143	1512	1512	75	75	42	42	59	59	29	29	1346	1346	6772	6772	9	9	14	14	11	11	14	14	48	48	22	22	29	29	10	10	4434	4434	2149	2149	18069	18069	4908	4908	112	112	64	64
IND00503	1937	1937	336	336	186	186	430	430	2880	2880	6687	6687	709	709	846	846	164	164	109	109	15834	15834	4162	4162	1806	1806	1688	1688	245	245	69	69	1560	1560	192	192	206	206	713	713	1448	1448	5641	5641	285	285	584	584	33	33	30	30	227	227	203	203	13447	13447	12559	12559	2191	2191	1100	1100	31271	31271	47484	47484	5231	5231	4228	4228	197	197	166	166	3171	3171	5809	5809	1944	1944	553	553	88	88	261	261	549	549	628	628	105	105	125	125	111	111	24	24	804	804	383	383	105	105	171	171	895	895	682	682	89	89	914	914	16270	16270	16069	16069	64	64	224	224	5576	5576	15608	15608	108	108	15	15	247	247	132	132	130	130	109	109	31	31	40	40	70	70	290	290	23	23	93	93	1401	1401	143	143	2211	2211	2257	2257	126	126	86	86	36	36	5	5	3966	3966	2481	2481	8	8	23	23	12	12	5	5	5	5	46	46	21	21	30	30	5506	5506	2560	2560	30462	30462	14708	14708	164	164	51	51
IND00504	172	172	441	441	249	249	112	112	1118	1118	3014	3014	400	400	739	739	185	185	129	129	14666	14666	10975	10975	208	208	1153	1153	340	340	188	188	6339	6339	7466	7466	698	698	122	122	30	30	6188	6188	360	360	139	139	50	50	54	54	241	241	199	199	695	695	14391	14391	2146	2146	3105	3105	17091	17091	53193	53193	7286	7286	7333	7333	176	176	32	32	1826	1826	5245	5245	3659	3659	1463	1463	332	332	67	67	355	355	1	1	58	58	128	128	354	354	500	500	53	53	585	585	138	138	187	187	458	458	625	625	1298	1298	663	663	13302	13302	247	247	27	27	431	431	3783	3783	4452	4452	102	102	43	43	111	111	120	120	98	98	166	166	74	74	222	222	979	979	488	488	81	81	102	102	3449	3449	2055	2055	248	248	1741	1741	9	9	122	122	41	41	29	29	1038	1038	787	787	22	22	25	25	1	1	12	12	4	4	114	114	18	18	33	33	3354	3354	25	25	611	611	18098	18098	48	48	7	7
IND00505	1725	1725	329	329	306	306	342	342	7393	7393	5238	5238	499	499	84	84	247	247	32	32	5074	5074	3009	3009	1686	1686	906	906	503	503	334	334	2846	2846	2952	2952	495	495	69	69	2340	2340	2405	2405	19	19	479	479	30	30	24	24	253	253	83	83	13456	13456	1626	1626	2993	2993	1398	1398	36463	36463	56494	56494	6589	6589	4352	4352	226	226	160	160	941	941	7785	7785	2957	2957	303	303	79	79	71	71	204	204	140	140	90	90	64	64	507	507	391	391	971	971	461	461	31	31	244	244	803	803	709	709	753	753	399	399	3716	3716	1401	1401	279	279	159	159	12545	12545	12768	12768	127	127	30	30	21	21	205	205	221	221	112	112	244	244	112	112	636	636	948	948	5	5	96	96	1101	1101	2240	2240	3608	3608	916	916	67	67	64	64	50	50	59	59	542	542	231	231	16	16	29	29	12	12	8	8	119	119	26	26	55	55	9	9	2449	2449	5814	5814	24589	24589	7529	7529	23	23	80	80
IND00506	1630	1630	695	695	276	276	64	64	57	57	6000	6000	960	960	937	937	96	96	22	22	13641	13641	2565	2565	1049	1049	1917	1917	203	203	72	72	2230	2230	1739	1739	363	363	887	887	3025	3025	2346	2346	205	205	211	211	64	64	56	56	179	179	238	238	11171	11171	1746	1746	3122	3122	3607	3607	55108	55108	22079	22079	7394	7394	4705	4705	16	16	82	82	3442	3442	6371	6371	3092	3092	217	217	303	303	292	292	584	584	256	256	74	74	123	123	286	286	118	118	945	945	154	154	115	115	110	110	709	709	42	42	1508	1508	1342	1342	11127	11127	4404	4404	285	285	139	139	857	857	13999	13999	112	112	73	73	60	60	201	201	170	170	46	46	253	253	24	24	496	496	787	787	22	22	109	109	4020	4020	2536	2536	1246	1246	3597	3597	104	104	79	79	34	34	45	45	3675	3675	1057	1057	9	9	3	3	6	6	15	15	22	22	60	60	32	32	35	35	6449	6449	7561	7561	3182	3182	31521	31521	195	195	86	86
IND00507	964	964	1572	1572	46	46	409	409	5099	5099	7633	7633	483	483	662	662	53	53	155	155	921	921	2855	2855	1495	1495	1704	1704	384	384	295	295	1913	1913	3305	3305	690	690	26	26	2745	2745	216	216	773	773	277	277	35	35	38	38	150	150	70	70	11851	11851	14759	14759	216	216	1290	1290	8364	8364	21147	21147	2943	2943	5629	5629	223	223	213	213	3683	3683	4026	4026	3490	3490	2738	2738	279	279	26	26	547	547	1019	1019	98	98	6	6	215	215	316	316	675	675	122	122	79	79	184	184	583	583	744	744	642	642	1327	1327	9485	9485	8225	8225	7	7	264	264	11162	11162	1989	1989	24	24	47	47	77	77	212	212	229	229	186	186	43	43	243	243	431	431	974	974	75	75	121	121	461	461	3844	3844	1086	1086	772	772	61	61	51	51	3	3	24	24	1450	1450	668	668	21	21	21	21	11	11	4	4	95	95	91	91	1	1	61	61	3492	3492	2373	2373	22169	22169	20754	20754	73	73	172	172
IND00508	1952	1952	1280	1280	468	468	323	323	160	160	4075	4075	367	367	387	387	184	184	193	193	2944	2944	12917	12917	475	475	850	850	315	315	341	341	830	830	4837	4837	97	97	963	963	543	543	7634	7634	435	435	98	98	6	6	62	62	62	62	205	205	8729	8729	6617	6617	939	939	2637	2637	14649	14649	23187	23187	7482	7482	1988	1988	7	7	160	160	4920	4920	1319	1319	619	619	886	886	398	398	4	4	344	344	692	692	95	95	96	96	439	439	454	454	555	555	638	638	13	13	39	39	551	551	351	351	454	454	1365	1365	5887	5887	14762	14762	452	452	32	32	10164	10164	3728	3728	83	83	4	4	92	92	60	60	128	128	31	31	161	161	67	67	253	253	1005	1005	28	28	24	24	1277	1277	1855	1855	2213	2213	3540	3540	27	27	80	80	10	10	42	42	414	414	5477	5477	8	8	10	10	5	5	6	6	104	104	20	20	27	27	20	20	1223	1223	1362	1362	22363	22363	28488	28488	191	191	90	90
IND00509	643	643	856	856	495	495	382	382	4669	4669	609	609	738	738	173	173	61	61	247	247	11178	11178	11906	11906	849	849	746	746	18	18	168	168	854	854	4597	4597	925	925	590	590	5681	5681	7343	7343	240	240	108	108	32	32	63	63	147	147	182	182	11660	11660	15901	15901	566	566	2151	2151	1594	1594	3044	3044	906	906	2183	2183	246	246	76	76	7074	7074	3867	3867	893	893	3991	3991	164	164	259	259	268	268	244	244	6	6	26	26	247	247	60	60	387	387	90	90	81	81	243	243	125	125	381	381	1892	1892	38	38	10065	10065	15126	15126	508	508	439	439	9545	9545	12265	12265	100	100	38	38	129	129	144	144	222	222	168	168	91	91	145	145	508	508	711	711	121	121	32	32	3320	3320	382	382	1898	1898	3009	3009	123	123	40	40	42	42	49	49	6557	6557	1938	1938	21	21	12	12	13	13	16	16	55	55	62	62	5	5	3	3	664	664	4196	4196	16786	16786	25974	25974	93	93	38	38
IND00510	1975	1975	1679	1679	18	18	500	500	4992	4992	290	290	609	609	589	589	84	84	44	44	3621	3621	1888	1888	33	33	1034	1034	398	398	65	65	6550	6550	4161	4161	681	681	608	608	1597	1597	7426	7426	180	180	817	817	38	38	28	28	203	203	222	222	11777	11777	1996	1996	3799	3799	3030	3030	29170	29170	43667	43667	872	872	345	345	158	158	218	218	6627	6627	7790	7790	3914	3914	338	338	49	49	308	308	657	657	778	778	112	112	1	1	241	241	67	67	618	618	766	766	240	240	171	171	33	33	678	678	1034	1034	1216	1216	718	718	12438	12438	163	163	296	296	14780	14780	9197	9197	14	14	112	112	28	28	229	229	139	139	6	6	17	17	156	156	112	112	667	667	116	116	95	95	3605	3605	598	598	2097	2097	1846	1846	1	1	31	31	44	44	30	30	1229	1229	6786	6786	30	30	6	6	9	9	8	8	111	111	100	100	54	54	24	24	4465	4465	507	507	23148	23148	13305	13305	131	131	79	79
IND00511	503	503	790	790	306	306	247	247	6376	6376	3585	3585	153	153	410	410	223	223	106	106	16005	16005	11343	11343	261	261	417	417	181	181	223	223	6214	6214	6301	6301	577	577	868	868	5011	5011	6970	6970	341	341	1016	1016	22	22	2	2	194	194	89	89	13335	13335	5533	5533	790	790	1375	1375	2227	2227	28399	28399	5828	5828	5096	5096	18	18	126	126	5389	5389	7539	7539	694	694	1725	1725	293	293	452	452	775	775	273	273	64	64	89	89	432	432	161	161	594	594	63	63	185	185	240	240	786	786	247	247	1337	1337	564	564	8503	8503	1610	1610	455	455	435	435	15234	15234	9210	9210	13	13	47	47	171	171	200	200	238	238	200	200	212	212	81	81	665	665	428	428	115	115	83	83	173	173	4047	4047	2506	2506	618	618	36	36	98	98	37	37	25	25	4051	4051	2005	2005	31	31	28	28	16	16	3	3	122	122	40	40	31	31	25	25	7402	7402	6382	6382	23623	23623	1449	1449	255	255	62	62
IND00512	1168	1168	196	196	302	302	326	326	7432	7432	2769	2769	18	18	297	297	225	225	178	178	5022	5022	9505	9505	1416	1416	2021	2021	184	184	477	477	2702	2702	4990	4990	928	928	10	10	2834	2834	7914	7914	897	897	895	895	17	17	49	49	154	154	187	187	7824	7824	6887	6887	1801	1801	3182	3182	43799	43799	18440	18440	2442	2442	3663	3663	115	115	179	179	1743	1743	2054	2054	3423	3423	1020	1020	329	329	445	445	176	176	227	227	98	98	68	68	422	422	479	479	45	45	935	935	239	239	222	222	486	486	423	423	1909	1909	1044	1044	5915	5915	10158	10158	288	288	86	86	13224	13224	7417	7417	99	99	68	68	194	194	234	234	134	134	236	236	78	78	251	251	675	675	435	435	3	3	7	7	1452	1452	3910	3910	3598	3598	3233	3233	59	59	106	106	63	63	6	6	6223	6223	146	146	15	15	22	22	1	1	6	6	44	44	45	45	47	47	28	28	7994	7994	7238	7238	4635	4635	28482	28482	14	14	214	214
IND00513	1421	1421	1182	1182	241	241	125	125	3366	3366	4603	4603	280	280	1018	1018	173	173	178	178	12709	12709	9704	9704	215	215	29	29	57	57	422	422	3924	3924	1442	1442	301	301	415	415	7112	7112	3292	3292	261	261	682	682	27	27	28	28	202	202	64	64	9179	9179	3366	3366	4039	4039	2328	2328	21591	21591	57843	57843	7803	7803	4555	4555	16	16	61	61	5790	5790	4856	4856	2509	2509	2024	2024	476	476	415	415	445	445	366	366	32	32	53	53	302	302	273	273	511	511	381	381	17	17	130	130	665	665	143	143	472	472	1736	1736	3252	3252	6727	6727	507	507	170	170	14144	14144	1929	1929	87	87	98	98	104	104	18	18	158	158	238	238	228	228	80	80	879	879	637	637	7	7	41	41	1103	1103	2607	2607	872	872	311	311	35	35	81	81	28	28	13	13	1905	1905	7912	7912	29	29	3	3	11	11	1	1	12	12	126	126	34	34	11	11	1712	1712	3652	3652	10492	10492	5374	5374	173	173	110	110
IND00514	737	737	1221	1221	291	291	326	326	2773	2773	5604	5604	769	769	417	417	228	228	82	82	10117	10117	12289	12289	1832	1832	1163	1163	251	251	247	247	773	773	97	97	159	159	428	428	6711	6711	6135	6135	915	915	694	694	15	15	9	9	2	2	198	198	11212	11212	4267	4267	1546	1546	2763	2763	19596	19596	63086	63086	5460	5460	3294	3294	244	244	65	65	1948	1948	5034	5034	1891	1891	2975	2975	304	304	383	383	844	844	150	150	93	93	7	7	391	391	162	162	398	398	1008	1008	139	139	246	246	1022	1022	155	155	714	714	1099	1099	9026	9026	15271	15271	344	344	288	288	3754	3754	3929	3929	19	19	85	85	54	54	163	163	24	24	135	135	85	85	155	155	548	548	67	67	102	102	85	85	4034	4034	1648	1648	2696	2696	421	421	7	7	49	49	46	46	32	32	5831	5831	6056	6056	19	19	17	17	8	8	12	12	69	69	88	88	63	63	37	37	7900	7900	4422	4422	5647	5647	9248	9248	67	67	94	94
IND00515	1306	1306	1130	1130	339	339	125	125	2698	2698	3442	3442	996	996	293	293	216	216	13	13	7846	7846	1903	1903	1677	1677	52	52	204	204	469	469	5123	5123	5477	5477	643	643	588	588	54	54	6815	6815	78	78	21	21	7	7	58	58	63	63	115	115	12110	12110	15015	15015	843	843	2893	2893	24299	24299	10370	10370	2351	2351	6814	6814	145	145	256	256	2187	2187	5918	5918	2629	2629	1691	1691	403	403	89	89	88	88	468	468	6	6	73	73	119	119	257	257	59	59	280	280	68	68	164	164	458	458	444	444	446	446	1907	1907	14102	14102	7628	7628	239	239	220	220	14448	14448	11100	11100	52	52	10	10	99	99	12	12	92	92	104	104	9	9	153	153	897	897	797	797	10	10	86	86	3987	3987	2046	2046	3355	3355	3218	3218	86	86	126	126	43	43	36	36	472	472	1859	1859	24	24	22	22	13	13	11	11	31	31	126	126	15	15	62	62	2841	2841	5564	5564	12766	12766	7732	7732	208	208	47	47
IND00516	1907	1907	1280	1280	12	12	360	360	6113	6113	3958	3958	782	782	1020	1020	11	11	154	154	8488	8488	11469	11469	1199	1199	1443	1443	449	449	275	275	2872	2872	6078	6078	582	582	981	981	88	88	7373	7373	521	521	753	753	51	51	28	28	208	208	40	40	6178	6178	8823	8823	1224	1224	1300	1300	11923	11923	41917	41917	864	864	2747	2747	223	223	55	55	2405	2405	7598	7598	3810	3810	2207	2207	209	209	368	368	663	663	429	429	15	15	42	42	265	265	183	183	877	877	422	422	1	1	96	96	512	512	409	409	2	2	2009	2009	3007	3007	8947	8947	328	328	229	229	686	686	156	156	71	71	117	117	208	208	156	156	159	159	199	199	183	183	216	216	391	391	405	405	3	3	118	118	3336	3336	1751	1751	1295	1295	873	873	34	34	42	42	47	47	7	7	946	946	6328	6328	32	32	7	7	10	10	6	6	63	63	74	74	17	17	34	34	4649	4649	3024	3024	3745	3745	10488	10488	5	5	43	43
IND00517	136	136	646	646	164	164	497	497	2305	2305	5560	5560	910	910	557	557	162	162	205	205	1954	1954	8259	8259	1310	1310	1280	1280	54	54	446	446	5338	5338	1756	1756	952	952	985	985	3009	3009	2406	2406	170	170	556	556	11	11	34	34	182	182	52	52	13696	13696	15402	15402	3659	3659	1395	1395	30116	30116	49461	49461	3313	3313	5627	5627	214	214	15	15	3672	3672	6570	6570	2382	2382	828	828	99	99	432	432	638	638	974	974	56	56	70	70	493	493	248	248	343	343	692	692	228	228	218	218	233	233	250	250	1373	1373	292	292	4098	4098	767	767	67	67	164	164	5939	5939	13367	13367	128	128	77	77	12	12	211	211	187	187	131	131	58	58	119	119	1023	1023	192	192	49	49	61	61	1594	1594	519	519	2163	2163	3668	3668	67	67	27	27	28	28	39	39	4515	4515	1156	1156	10	10	8	8	3	3	1	1	107	107	23	23	26	26	49	49	5403	5403	1755	1755	17751	17751	21801	21801	236	236	38	38
IND00518	31	31	1526	1526	393	393	63	63	1697	1697	52	52	616	616	425	425	225	225	172	172	5217	5217	6805	6805	801	801	1029	1029	487	487	128	128	3122	3122	4750	4750	652	652	947	947	4634	4634	2336	2336	812	812	753	753	25	25	59	59	171	171	37	37	2479	2479	7895	7895	1234	1234	417	417	31546	31546	22861	22861	4848	4848	8144	8144	6	6	130	130	944	944	1409	1409	3369	3369	758	758	441	441	458	458	670	670	284	284	97	97	105	105	333	333	506	506	303	303	343	343	75	75	108	108	970	970	141	141	458	458	1669	1669	1330	1330	986	986	478	478	343	343	14360	14360	16185	16185	122	122	63	63	47	47	98	98	86	86	231	231	196	196	35	35	989	989	1008	1008	96	96	89	89	3258	3258	54	54	3599	3599	1510	1510	5	5	109	109	3	3	26	26	815	815	7589	7589	2	2	22	22	7	7	7	7	20	20	86	86	34	34	49	49	2604	2604	5403	5403	10950	10950	17714	17714	100	100	169	169
IND00519	582	582	1877	1877	196	196	21	21	80	80	6656	6656	95	95	984	984	225	225	102	102	3000	3000	9428	9428	55	55	1469	1469	281	281	260	260	1262	1262	3616	3616	596	596	382	382	6335	6335	3412	3412	561	561	714	714	14	14	11	11	25	25	251	251	14952	14952	9797	9797	1654	1654	2075	2075	63243	63243	22576	22576	6936	6936	925	925	3	3	50	50	6607	6607	7205	7205	946	946	1930	1930	291	291	324	324	280	280	556	556	86	86	82	82	467	467	235	235	867	867	712	712	56	56	48	48	567	567	861	861	1757	1757	1231	1231	97	97	10446	10446	437	437	229	229	13750	13750	6338	6338	26	26	116	116	187	187	207	207	220	220	88	88	197	197	47	47	361	361	303	303	23	23	1	1	1842	1842	3297	3297	3879	3879	2690	2690	44	44	113	113	58	58	24	24	2876	2876	7675	7675	30	30	16	16	11	11	12	12	58	58	98	98	63	63	35	35	7435	7435	7478	7478	2900	2900	29995	29995	79	79	230	230
IND00520	303	303	1817	1817	183	183	129	129	2870	2870	2399	2399	235	235	131	131	2	2	179	179	8181	8181	5862	5862	1218	1218	1618	1618	422	422	218	218	6510	6510	6255	6255	200	200	872	872	5390	5390	7850	7850	12	12	375	375	41	41	21	21	187	187	30	30	1675	1675	14225	14225	1150	1150	2454	2454	64799	64799	60697	60697	244	244	2591	2591	50	50	26	26	3242	3242	5654	5654	2331	2331	638	638	453	453	320	320	278	278	11	11	50	50	98	98	231	231	409	409	22	22	39	39	255	255	31	31	929	929	771	771	1684	1684	1829	1829	10052	10052	15178	15178	134	134	95	95	6617	6617	3234	3234	13	13	84	84	154	154	234	234	131	131	65	65	189	189	93	93	137	137	743	743	13	13	2	2	1346	1346	2710	2710	2488	2488	3266	3266	26	26	87	87	15	15	32	32	3915	3915	6354	6354	6	6	20	20	6	6	14	14	20	20	90	90	9	9	18	18	2818	2818	3921	3921	5073	5073	29861	29861	211	211	96	96
IND00521	280	280	311	311	443	443	319	319	7248	7248	2933	2933	88	88	768	768	141	141	150	150	4929	4929	14024	14024	392	392	1133	1133	441	441	351	351	3112	3112	791	791	625	625	909	909	4973	4973	665	665	580	580	795	795	52	52	14	14	99	99	63	63	10161	10161	13809	13809	2169	2169	960	960	31276	31276	56788	56788	2926	2926	1863	1863	56	56	242	242	3640	3640	7694	7694	86	86	3793	3793	313	313	284	284	10	10	951	951	11	11	47	47	104	104	458	458	600	600	144	144	156	156	44	44	246	246	451	451	1520	1520	258	258	7779	7779	14195	14195	170	170	305	305	4832	4832	14374	14374	16	16	114	114	179	179	136	136	141	141	250	250	233	233	201	201	160	160	482	482	91	91	122	122	2269	2269	2223	2223	1345	1345	2854	2854	73	73	26	26	29	29	35	35	6795	6795	1926	1926	20	20	29	29	5	5	16	16	27	27	108	108	22	22	30	30	1718	1718	2063	2063	6141	6141	30708	30708	27	27	208	208
IND00522	1569	1569	478	478	244	244	414	414	2738	2738	1506	1506	126	126	324	324	4	4	233	233	10806	10806	1065	1065	108	108	234	234	214	214	62	62	584	584	5172	5172	324	324	33	33	6205	6205	6182	6182	184	184	768	768	24	24	9	9	162	162	131	131	7865	7865	4325	4325	2650	2650	3424	3424	24938	24938	17762	17762	5749	5749	6340	6340	30	30	21	21	1546	1546	5578	5578	3965	3965	999	999	119	119	87	87	950	950	371	371	84	84	8	8	361	361	232	232	182	182	478	478	73	73	125	125	644	644	266	266	1296	1296	993	993	3963	3963	2343	2343	487	487	384	384	9581	9581	5394	5394	83	83	125	125	213	213	189	189	226	226	92	92	102	102	231	231	16	16	25	25	16	16	42	42	1458	1458	3824	3824	3165	3165	2694	2694	12	12	107	107	6	6	12	12	1719	1719	7277	7277	23	23	27	27	16	16	15	15	65	65	93	93	39	39	55	55	6468	6468	6407	6407	27024	27024	9578	9578	219	219	168	168
IND00523	1640	1640	1362	1362	425	425	97	97	3100	3100	6647	6647	999	999	341	341	38	38	217	217	12543	12543	7024	7024	1696	1696	1248	1248	437	437	157	157	1477	1477	1239	1239	882	882	2	2	3635	3635	2399	2399	696	696	35	35	57	57	34	34	92	92	86	86	9743	9743	4932	4932	3676	3676	1622	1622	35849	35849	16610	16610	5432	5432	5035	5035	65	65	136	136	6615	6615	6106	6106	1407	1407	1266	1266	109	109	194	194	59	59	526	526	82	82	124	124	442	442	348	348	663	663	516	516	66	66	13	13	623	623	104	104	269	269	1818	1818	14291	14291	7146	7146	14	14	434	434	4791	4791	7073	7073	106	106	79	79	68	68	244	244	49	49	199	199	14	14	250	250	774	774	375	375	11	11	53	53	343	343	1721	1721	3066	3066	3813	3813	76	76	17	17	3	3	6	6	2074	2074	944	944	21	21	12	12	14	14	4	4	41	41	101	101	3	3	1	1	2261	2261	3606	3606	24304	24304	8347	8347	4	4	137	137
IND00524	1473	1473	60	60	275	275	349	349	2245	2245	7343	7343	827	827	759	759	22	22	143	143	10827	10827	2887	2887	1050	1050	810	810	416	416	21	21	4657	4657	4779	4779	881	881	538	538	7380	7380	2267	2267	306	306	727	727	25	25	13	13	247	247	177	177	9311	9311	11454	11454	3246	3246	2774	2774	33353	33353	41202	41202	2921	2921	2740	2740	67	67	23	23	7033	7033	7878	7878	773	773	578	578	210	210	61	61	121	121	600	600	128	128	115	115	304	304	229	229	582	582	728	728	133	133	57	57	507	507	729	729	193	193	2018	2018	1973	1973	1959	1959	352	352	429	429	15671	15671	3014	3014	19	19	36	36	191	191	114	114	127	127	6	6	255	255	143	143	185	185	660	660	114	114	107	107	2718	2718	566	566	1646	1646	1996	1996	114	114	14	14	26	26	4	4	1768	1768	2693	2693	31	31	19	19	1	1	3	3	79	79	75	75	24	24	2	2	1919	1919	843	843	14342	14342	9383	9383	254	254	210	210
IND00525	931	931	1151	1151	275	275	364	364	1717	1717	2317	2317	872	872	192	192	118	118	95	95	5723	5723	632	632	792	792	894	894	274	274	3	3	3813	3813	1677	1677	957	957	190	190	7891	7891	6232	6232	294	294	553	553	23	23	52	52	59	59	21	21	12160	12160	3676	3676	151	151	2815	2815	62687	62687	51085	51085	2194	2194	3588	3588	91	91	139	139	3346	3346	4637	4637	2060	2060	3213	3213	171	171	88	88	312	312	854	854	6	6	126	126	500	500	448	448	577	577	428	428	69	69	194	194	357	357	86	86	182	182	416	416	3183	3183	8342	8342	11	11	466	466	1398	1398	4348	4348	91	91	88	88	37	37	2	2	242	242	37	37	187	187	206	206	545	545	347	347	1	1	47	47	1832	1832	1518	1518	3526	3526	943	943	30	30	114	114	57	57	37	37	6363	6363	3631	3631	5	5	14	14	9	9	16	16	29	29	50	50	55	55	21	21	4529	4529	5869	5869	32509	32509	6198	6198	198	198	133	133
IND00526	1632	1632	659	659	131	131	79	79	6360	6360	5447	5447	493	493	679	679	88	88	108	108	12868	12868	11955	11955	1708	1708	1056	1056	181	181	503	503	4618	4618	7113	7113	712	712	935	935	4103	4103	7216	7216	365	365	916	916	31	31	24	24	51	51	253	253	114	114	10844	10844	3483	3483	3640	3640	33274	33274	16842	16842	1599	1599	6935	6935	98	98	234	234	249	249	4474	4474	3009	3009	1692	1692	24	24	238	238	489	489	327	327	10	10	44	44	65	65	329	329	475	475	394	394	87	87	253	253	298	298	415	415	1296	1296	1346	1346	5530	5530	719	719	129	129	363	363	11314	11314	159	159	116	116	114	114	64	64	60	60	43	43	21	21	94	94	120	120	308	308	16	16	3	3	44	44	1563	1563	280	280	1625	1625	1661	1661	4	4	39	39	42	42	5	5	5416	5416	1334	1334	22	22	32	32	8	8	7	7	119	119	113	113	35	35	14	14	7462	7462	6736	6736	26666	26666	7716	7716	233	233	139	139
IND00527	59	59	1857	1857	118	118	349	349	7867	7867	7334	7334	235	235	27	27	79	79	100	100	13905	13905	1250	1250	1355	1355	470	470	327	327	315	315	1307	1307	3660	3660	27	27	134	134	5392	5392	7587	7587	960	960	124	124	7	7	36	36	22	22	175	175	2352	2352	2394	2394	798	798	1181	1181	30856	30856	44835	44835	6664	6664	871	871	99	99	210	210	3844	3844	1071	1071	3784	3784	3896	3896	270	270	402	402	189	189	919	919	10	10	48	48	89	89	283	283	480	480	866	866	157	157	114	114	144	144	612	612	2010	2010	799	799	12397	12397	7498	7498	309	309	469	469	6947	6947	16057	16057	15	15	30	30	124	124	80	80	145	145	39	39	236	236	142	142	275	275	284	284	123	123	24	24	3205	3205	3260	3260	2588	2588	2643	2643	105	105	37	37	40	40	30	30	5769	5769	272	272	14	14	19	19	6	6	12	12	12	12	58	58	17	17	45	45	6839	6839	6904	6904	24810	24810	15666	15666	165	165	217	217
IND00528	1199	1199	1024	1024	327	327	271	271	519	519	6246	6246	432	432	321	321	77	77	25	25	11483	11483	10855	10855	185	185	1650	1650	468	468	200	200	931	931	5696	5696	53	53	295	295	1988	1988	4964	4964	459	459	67	67	64	64	3	3	113	113	101	101	15223	15223	13310	13310	1283	1283	2322	2322	12919	12919	61863	61863	6344	6344	5749	5749	50	50	149	149	5145	5145	4101	4101	558	558	2135	2135	132	132	470	470	581	581	607	607	101	101	53	53	461	461	357	357	129	129	571	571	169	169	129	129	317	317	148	148	1880	1880	1355	1355	10654	10654	15230	15230	467	467	90	90	1116	1116	2618	2618	9	9	15	15	130	130	2	2	187	187	65	65	15	15	229	229	666	666	672	672	7	7	7	7	1545	1545	3365	3365	106	106	3798	3798	3	3	109	109	1	1	21	21	6796	6796	439	439	9	9	24	24	13	13	2	2	90	90	28	28	26	26	9	9	411	411	1810	1810	19456	19456	30718	30718	7	7	92	92
IND00529	236	236	1695	1695	388	388	255	255	1610	1610	8160	8160	511	511	181	181	132	132	185	185	8676	8676	15240	15240	475	475	2045	2045	1	1	335	335	5769	5769	1677	1677	986	986	480	480	2959	2959	3868	3868	429	429	470	470	30	30	56	56	40	40	156	156	13112	13112	3967	3967	3883	3883	1562	1562	58318	58318	43047	43047	4534	4534	6027	6027	167	167	111	111	3819	3819	8150	8150	1037	1037	1698	1698	325	325	406	406	96	96	157	157	107	107	102	102	229	229	454	454	287	287	805	805	217	217	78	78	383	383	1005	1005	1981	1981	563	563	2304	2304	4750	4750	39	39	220	220	12683	12683	8514	8514	66	66	57	57	102	102	200	200	232	232	117	117	208	208	41	41	288	288	335	335	43	43	122	122	2543	2543	499	499	3928	3928	402	402	100	100	90	90	23	23	28	28	159	159	362	362	21	21	6	6	10	10	1	1	56	56	101	101	62	62	39	39	5223	5223	3224	3224	10189	10189	29951	29951	69	69	124	124
IND00530	1271	1271	947	947	135	135	237	237	507	507	8175	8175	175	175	126	126	20	20	104	104	6483	6483	10879	10879	346	346	1701	1701	192	192	264	264	5854	5854	7631	7631	268	268	69	69	4314	4314	4677	4677	441	441	571	571	13	13	22	22	43	43	253	253	1388	1388	13344	13344	3982	3982	2692	2692	49223	49223	54075	54075	2225	2225	7594	7594	223	223	14	14	6669	6669	90	90	2858	2858	2017	2017	326	326	248	248	1024	1024	180	180	50	50	80	80	240	240	475	475	822	822	982	982	163	163	199	199	445	445	224	224	492	492	2024	2024	3613	3613	6461	6461	295	295	47	47	2277	2277	5649	5649	100	100	104	104	207	207	199	199	172	172	237	237	234	234	134	134	437	437	949	949	124	124	19	19	3450	3450	1766	1766	2961	2961	165	165	3	3	102	102	59	59	16	16	4456	4456	2120	2120	23	23	3	3	7	7	16	16	39	39	23	23	56	56	24	24	5386	5386	5598	5598	26212	26212	1943	1943	151	151	205	205
IND00531	1919	1919	1952	1952	64	64	386	386	6833	6833	4090	4090	794	794	376	376	104	104	46	46	6759	6759	6186	6186	811	811	575	575	225	225	123	123	1018	1018	1785	1785	718	718	989	989	4833	4833	3208	3208	211	211	496	496	63	63	49	49	197	197	9	9	1345	1345	16114	16114	3753	3753	2339	2339	58914	58914	50215	50215	1798	1798	6406	6406	194	194	152	152	6179	6179	331	331	2066	2066	187	187	217	217	458	458	231	231	881	881	27	27	102	102	14	14	433	433	624	624	304	304	33	33	36	36	838	838	279	279	1820	1820	1842	1842	8104	8104	9424	9424	267	267	298	298	10160	10160	781	781	78	78	92	92	216	216	213	213	253	253	203	203	174	174	184	184	943	943	890	890	31	31	64	64	1531	1531	3578	3578	3619	3619	47	47	45	45	67	67	50	50	32	32	1065	1065	6769	6769	11	11	21	21	2	2	4	4	10	10	11	11	59	59	35	35	3101	3101	3263	3263	17998	17998	25378	25378	232	232	194	194
IND00532	655	655	343	343	461	461	259	259	4918	4918	4135	4135	991	991	80	80	101	101	111	111	9637	9637	13748	13748	171	171	1866	1866	417	417	504	504	7582	7582	5731	5731	473	473	718	718	8106	8106	3674	3674	883	883	442	442	62	62	22	22	93	93	219	219	12167	12167	1220	1220	3008	3008	2568	2568	1115	1115	55049	55049	5480	5480	6503	6503	140	140	217	217	6816	6816	4271	4271	3102	3102	381	381	501	501	261	261	883	883	332	332	109	109	3	3	448	448	243	243	11	11	455	455	193	193	250	250	413	413	797	797	343	343	178	178	3811	3811	8286	8286	369	369	346	346	10351	10351	15501	15501	89	89	28	28	195	195	134	134	39	39	170	170	236	236	172	172	256	256	64	64	90	90	88	88	1875	1875	1803	1803	3017	3017	1733	1733	63	63	71	71	27	27	19	19	4701	4701	7525	7525	29	29	13	13	4	4	6	6	76	76	86	86	18	18	12	12	6361	6361	4460	4460	25787	25787	48	48	192	192	240	240
IND00533	484	484	162	162	156	156	16	16	5234	5234	6492	6492	561	561	325	325	162	162	99	99	12195	12195	16208	16208	1534	1534	1185	1185	190	190	382	382	681	681	2792	2792	438	438	1012	1012	390	390	1661	1661	118	118	418	418	31	31	61	61	150	150	205	205	5195	5195	8386	8386	1154	1154	2523	2523	10726	10726	37099	37099	6205	6205	2228	2228	4	4	44	44	4842	4842	2219	2219	30	30	3042	3042	362	362	182	182	816	816	356	356	9	9	35	35	20	20	300	300	5	5	774	774	212	212	255	255	497	497	496	496	1623	1623	1723	1723	56	56	8596	8596	377	377	245	245	31	31	1907	1907	74	74	84	84	80	80	160	160	181	181	137	137	115	115	124	124	378	378	551	551	91	91	41	41	2351	2351	3042	3042	1324	1324	2940	2940	104	104	53	53	61	61	58	58	255	255	2236	2236	17	17	3	3	7	7	11	11	16	16	108	108	52	52	15	15	1721	1721	1316	1316	4534	4534	20909	20909	174	174	161	161
IND00534	824	824	700	700	145	145	446	446	6070	6070	5082	5082	425	425	751	751	181	181	57	57	15146	15146	12119	12119	384	384	1021	1021	437	437	184	184	1965	1965	5623	5623	569	569	817	817	4657	4657	5397	5397	481	481	201	201	29	29	32	32	250	250	116	116	14919	14919	9242	9242	3606	3606	1708	1708	60521	60521	63780	63780	2843	2843	3844	3844	169	169	105	105	6448	6448	874	874	3614	3614	1078	1078	312	312	205	205	656	656	7	7	68	68	86	86	470	470	190	190	487	487	658	658	91	91	251	251	1017	1017	264	264	1630	1630	105	105	538	538	7067	7067	150	150	478	478	7390	7390	15964	15964	45	45	15	15	11	11	97	97	191	191	21	21	147	147	93	93	731	731	497	497	119	119	20	20	74	74	1976	1976	2148	2148	3372	3372	128	128	89	89	61	61	27	27	3680	3680	914	914	11	11	20	20	6	6	10	10	31	31	94	94	50	50	30	30	171	171	1974	1974	8292	8292	14803	14803	29	29	61	61
IND00535	257	257	1133	1133	343	343	278	278	7363	7363	3623	3623	326	326	642	642	235	235	90	90	1562	1562	11885	11885	224	224	414	414	348	348	245	245	539	539	6672	6672	1023	1023	384	384	4299	4299	4181	4181	56	56	563	563	32	32	21	21	129	129	162	162	14165	14165	3315	3315	1586	1586	4065	4065	30635	30635	35796	35796	968	968	7394	7394	41	41	69	69	2410	2410	184	184	1246	1246	650	650	75	75	90	90	54	54	576	576	11	11	94	94	244	244	174	174	26	26	692	692	254	254	239	239	372	372	190	190	1288	1288	1589	1589	13851	13851	12461	12461	413	413	143	143	6385	6385	3297	3297	91	91	86	86	191	191	236	236	230	230	84	84	67	67	121	121	630	630	848	848	19	19	1	1	743	743	569	569	4071	4071	3547	3547	94	94	74	74	36	36	34	34	5746	5746	6984	6984	11	11	19	19	4	4	6	6	106	106	78	78	64	64	19	19	5357	5357	7974	7974	2464	2464	8712	8712	64	64	199	199
IND00536	1315	1315	818	818	34	34	457	457	1849	1849	5798	5798	514	514	838	838	209	209	237	237	15865	15865	11550	11550	198	198	1221	1221	501	501	134	134	6774	6774	3919	3919	163	163	958	958	5615	5615	1518	1518	838	838	226	226	10	10	1	1	24	24	173	173	13992	13992	3942	3942	1204	1204	3544	3544	62612	62612	678	678	460	460	2933	2933	115	115	180	180	6627	6627	411	411	3502	3502	2861	2861	330	330	445	445	611	611	472	472	12	12	65	65	495	495	292	292	582	582	276	276	157	157	175	175	915	915	141	141	956	956	241	241	5162	5162	10740	10740	220	220	512	512	11436	11436	10667	10667	116	116	70	70	203	203	191	191	121	121	80	80	15	15	247	247	61	61	685	685	73	73	121	121	3070	3070	3709	3709	2883	2883	2673	2673	24	24	52	52	36	36	8	8	6782	6782	5973	5973	23	23	31	31	12	12	2	2	90	90	100	100	62	62	4	4	3427	3427	3394	3394	17828	17828	5106	5106	194	194	38	38
IND00537	1720	1720	1240	1240	137	137	433	433	6485	6485	5784	5784	515	515	824	824	176	176	9	9	2587	2587	6500	6500	865	865	228	228	406	406	493	493	3409	3409	5465	5465	1001	1001	169	169	4993	4993	5535	5535	303	303	167	167	18	18	11	11	103	103	7	7	1557	1557	5153	5153	1664	1664	1106	1106	29651	29651	27028	27028	305	305	2981	2981	208	208	84	84	4413	4413	6511	6511	2585	2585	819	819	381	381	213	213	319	319	411	411	68	68	13	13	479	479	70	70	140	140	459	459	239	239	162	162	576	576	787	787	1171	1171	612	612	8021	8021	5343	5343	448	448	487	487	1273	1273	15242	15242	96	96	106	106	11	11	204	204	87	87	113	113	34	34	207	207	358	358	322	322	36	36	89	89	1015	1015	1404	1404	1414	1414	1317	1317	5	5	100	100	39	39	14	14	2086	2086	2413	2413	26	26	15	15	4	4	14	14	51	51	14	14	51	51	27	27	2763	2763	7	7	20201	20201	13473	13473	48	48	138	138
IND00538	325	325	1755	1755	510	510	128	128	3576	3576	4232	4232	359	359	577	577	178	178	173	173	8319	8319	10071	10071	63	63	804	804	178	178	460	460	7691	7691	8038	8038	73	73	166	166	4902	4902	2597	2597	702	702	72	72	17	17	36	36	49	49	234	234	927	927	13321	13321	180	180	394	394	18618	18618	29951	29951	433	433	6908	6908	250	250	4	4	731	731	7253	7253	4055	4055	2260	2260	93	93	111	111	166	166	509	509	30	30	61	61	250	250	127	127	728	728	660	660	174	174	193	193	112	112	559	559	1086	1086	1145	1145	4264	4264	15498	15498	428	428	244	244	2881	2881	10390	10390	59	59	39	39	83	83	85	85	28	28	32	32	10	10	253	253	329	329	540	540	62	62	111	111	3440	3440	2032	2032	3005	3005	2374	2374	125	125	91	91	16	16	5	5	7290	7290	4578	4578	21	21	30	30	6	6	2	2	94	94	45	45	4	4	39	39	1379	1379	7562	7562	21830	21830	612	612	221	221	74	74
IND00539	1527	1527	1036	1036	280	280	266	266	1117	1117	7129	7129	135	135	611	611	195	195	222	222	1414	1414	6209	6209	725	725	1824	1824	164	164	472	472	5113	5113	8083	8083	628	628	136	136	4081	4081	4619	4619	341	341	494	494	24	24	14	14	135	135	107	107	15552	15552	7964	7964	1333	1333	2153	2153	16761	16761	19774	19774	6172	6172	4102	4102	78	78	230	230	4621	4621	3841	3841	1790	1790	1374	1374	170	170	51	51	83	83	975	975	105	105	10	10	122	122	61	61	250	250	765	765	92	92	170	170	455	455	777	777	1744	1744	1167	1167	9347	9347	12264	12264	101	101	395	395	389	389	10907	10907	80	80	124	124	103	103	189	189	92	92	245	245	159	159	126	126	297	297	197	197	52	52	83	83	2057	2057	3263	3263	1249	1249	318	318	63	63	82	82	24	24	62	62	1508	1508	295	295	18	18	3	3	9	9	5	5	14	14	122	122	57	57	63	63	3254	3254	3766	3766	12565	12565	12121	12121	153	153	55	55
IND00540	1097	1097	973	973	236	236	22	22	1642	1642	5866	5866	527	527	983	983	232	232	169	169	6035	6035	2295	2295	1088	1088	1299	1299	351	351	345	345	1689	1689	7236	7236	1	1	1012	1012	4199	4199	2501	2501	172	172	931	931	18	18	31	31	245	245	109	109	7660	7660	4298	4298	490	490	1246	1246	58673	58673	28814	28814	6976	6976	7341	7341	45	45	251	251	1901	1901	2285	2285	2706	2706	1769	1769	439	439	473	473	878	878	1024	1024	88	88	81	81	137	137	229	229	835	835	530	530	79	79	81	81	560	560	207	207	2032	2032	436	436	6949	6949	3817	3817	501	501	396	396	777	777	10442	10442	16	16	38	38	161	161	48	48	45	45	177	177	116	116	241	241	988	988	166	166	70	70	99	99	2901	2901	1897	1897	969	969	2013	2013	35	35	121	121	64	64	23	23	2633	2633	3623	3623	5	5	27	27	7	7	7	7	15	15	101	101	32	32	61	61	6068	6068	7158	7158	32021	32021	24980	24980	6	6	66	66
IND00541	399	399	1461	1461	507	507	398	398	4651	4651	5072	5072	617	617	52	52	221	221	184	184	13093	13093	1869	1869	1676	1676	169	169	488	488	467	467	5765	5765	7961	7961	320	320	622	622	776	776	3902	3902	926	926	260	260	16	16	3	3	111	111	11	11	16076	16076	7420	7420	693	693	4059	4059	63480	63480	58148	58148	630	630	3554	3554	106	106	233	233	6835	6835	6636	6636	844	844	1212	1212	420	420	24	24	1017	1017	567	567	85	85	118	118	51	51	316	316	629	629	245	245	62	62	55	55	527	527	645	645	1453	1453	1558	1558	6332	6332	15497	15497	100	100	233	233	12340	12340	8342	8342	58	58	90	90	143	143	153	153	244	244	77	77	19	19	144	144	740	740	810	810	67	67	97	97	545	545	3746	3746	621	621	856	856	21	21	22	22	44	44	46	46	4902	4902	4661	4661	14	14	21	21	6	6	12	12	76	76	66	66	33	33	4	4	6135	6135	4799	4799	14959	14959	13706	13706	51	51	245	245
IND00542	1330	1330	318	318	72	72	434	434	3508	3508	3732	3732	752	752	475	475	188	188	49	49	14570	14570	2954	2954	773	773	1974	1974	340	340	475	475	1802	1802	6517	6517	28	28	8	8	2240	2240	6421	6421	797	797	52	52	43	43	1	1	161	161	127	127	16219	16219	9639	9639	583	583	2643	2643	21182	21182	29274	29274	5783	5783	4978	4978	129	129	105	105	3972	3972	433	433	2000	2000	1635	1635	74	74	280	280	158	158	143	143	76	76	122	122	145	145	509	509	961	961	113	113	75	75	140	140	958	958	970	970	1734	1734	701	701	15944	15944	2320	2320	73	73	106	106	7353	7353	14907	14907	127	127	119	119	61	61	103	103	175	175	135	135	248	248	101	101	987	987	844	844	26	26	58	58	554	554	190	190	3692	3692	801	801	61	61	27	27	13	13	3	3	4734	4734	2132	2132	21	21	14	14	2	2	14	14	62	62	80	80	58	58	21	21	2646	2646	3869	3869	15516	15516	31770	31770	228	228	222	222
IND00543	1728	1728	1185	1185	25	25	241	241	4807	4807	7635	7635	358	358	710	710	178	178	171	171	5392	5392	11327	11327	477	477	1501	1501	215	215	436	436	5284	5284	4843	4843	56	56	104	104	3522	3522	3028	3028	978	978	923	923	42	42	1	1	136	136	147	147	1487	1487	13970	13970	2817	2817	458	458	13868	13868	16442	16442	8016	8016	269	269	85	85	25	25	3625	3625	4216	4216	2187	2187	2779	2779	198	198	384	384	556	556	218	218	35	35	39	39	477	477	249	249	82	82	224	224	82	82	61	61	776	776	1003	1003	822	822	1461	1461	1216	1216	960	960	193	193	340	340	7393	7393	1050	1050	97	97	59	59	83	83	2	2	97	97	188	188	234	234	208	208	541	541	142	142	47	47	87	87	3690	3690	3560	3560	1643	1643	2933	2933	63	63	19	19	51	51	28	28	874	874	241	241	25	25	8	8	10	10	9	9	35	35	108	108	25	25	47	47	3550	3550	6243	6243	29230	29230	7365	7365	195	195	46	46
IND00544	1277	1277	1534	1534	138	138	121	121	3941	3941	3413	3413	542	542	11	11	170	170	105	105	16368	16368	12120	12120	1612	1612	497	497	385	385	449	449	3666	3666	6647	6647	988	988	755	755	6697	6697	833	833	657	657	269	269	50	50	25	25	119	119	73	73	16384	16384	5937	5937	2024	2024	3314	3314	40728	40728	52275	52275	6313	6313	4646	4646	248	248	109	109	2827	2827	372	372	3206	3206	1784	1784	297	297	496	496	459	459	768	768	116	116	94	94	41	41	289	289	830	830	964	964	136	136	91	91	568	568	593	593	1715	1715	1919	1919	11748	11748	7692	7692	345	345	512	512	10896	10896	3430	3430	55	55	31	31	95	95	207	207	54	54	75	75	32	32	135	135	569	569	583	583	69	69	87	87	3581	3581	1514	1514	1233	1233	3286	3286	17	17	111	111	38	38	20	20	4521	4521	7907	7907	28	28	13	13	13	13	8	8	25	25	73	73	62	62	46	46	2295	2295	2056	2056	4248	4248	9277	9277	68	68	99	99
IND00545	1134	1134	106	106	111	111	19	19	4623	4623	2932	2932	434	434	727	727	82	82	72	72	8798	8798	3555	3555	1988	1988	830	830	230	230	62	62	4861	4861	5351	5351	99	99	755	755	4193	4193	882	882	93	93	331	331	22	22	12	12	22	22	196	196	3233	3233	14742	14742	1931	1931	2981	2981	64905	64905	38949	38949	7440	7440	2442	2442	108	108	215	215	7643	7643	8133	8133	192	192	3069	3069	317	317	13	13	928	928	206	206	101	101	119	119	114	114	181	181	523	523	402	402	123	123	20	20	514	514	943	943	1160	1160	1518	1518	10130	10130	4193	4193	290	290	146	146	12790	12790	473	473	104	104	14	14	173	173	79	79	70	70	192	192	79	79	46	46	485	485	967	967	37	37	15	15	3919	3919	3245	3245	3099	3099	1588	1588	30	30	53	53	15	15	44	44	1836	1836	8127	8127	19	19	32	32	7	7	6	6	90	90	105	105	58	58	27	27	2895	2895	1800	1800	7449	7449	29940	29940	156	156	126	126
IND00546	346	346	167	167	423	423	459	459	2560	2560	5936	5936	307	307	732	732	60	60	57	57	11881	11881	11268	11268	292	292	79	79	146	146	288	288	107	107	6124	6124	25	25	580	580	6038	6038	2889	2889	583	583	559	559	22	22	58	58	232	232	161	161	2350	2350	5290	5290	85	85	749	749	21018	21018	37070	37070	4877	4877	6215	6215	27	27	69	69	4482	4482	6526	6526	593	593	2711	2711	478	478	489	489	751	751	899	899	101	101	16	16	288	288	18	18	558	558	461	461	63	63	29	29	104	104	618	618	1410	1410	650	650	4437	4437	12549	12549	375	375	1	1	7718	7718	15637	15637	104	104	105	105	216	216	6	6	123	123	180	180	181	181	134	134	134	134	954	954	50	50	115	115	2922	2922	2361	2361	905	905	210	210	49	49	127	127	23	23	19	19	4374	4374	3651	3651	28	28	12	12	15	15	7	7	2	2	66	66	6	6	35	35	4525	4525	4371	4371	15555	15555	25734	25734	69	69	228	228
IND00547	460	460	1883	1883	108	108	43	43	5067	5067	5966	5966	829	829	237	237	237	237	47	47	16296	16296	4475	4475	1729	1729	1289	1289	208	208	346	346	3945	3945	6862	6862	28	28	582	582	3946	3946	6665	6665	356	356	537	537	52	52	48	48	164	164	120	120	8253	8253	5689	5689	2454	2454	67	67	27745	27745	14735	14735	3256	3256	382	382	200	200	88	88	1030	1030	3814	3814	1738	1738	285	285	206	206	61	61	331	331	244	244	17	17	59	59	94	94	73	73	307	307	531	531	113	113	112	112	365	365	850	850	1721	1721	1084	1084	3282	3282	13100	13100	308	308	114	114	11024	11024	12213	12213	18	18	76	76	241	241	217	217	227	227	95	95	213	213	16	16	563	563	499	499	70	70	24	24	2734	2734	4024	4024	1600	1600	3150	3150	53	53	85	85	58	58	47	47	1317	1317	1974	1974	14	14	24	24	7	7	5	5	29	29	56	56	15	15	60	60	3222	3222	950	950	6329	6329	3525	3525	13	13	23	23
IND00548	2012	2012	1410	1410	396	396	442	442	5301	5301	4168	4168	922	922	929	929	148	148	145	145	14835	14835	2042	2042	720	720	1186	1186	150	150	502	502	6773	6773	5272	5272	339	339	128	128	4000	4000	5381	5381	474	474	279	279	54	54	36	36	13	13	141	141	15871	15871	6446	6446	1288	1288	1297	1297	4871	4871	33037	33037	4335	4335	1860	1860	115	115	46	46	1549	1549	3373	3373	2314	2314	4075	4075	225	225	153	153	404	404	23	23	100	100	54	54	89	89	279	279	135	135	283	283	194	194	4	4	765	765	846	846	1149	1149	440	440	1135	1135	5496	5496	453	453	400	400	9998	9998	10531	10531	31	31	128	128	49	49	189	189	180	180	164	164	114	114	130	130	881	881	744	744	79	79	83	83	342	342	1369	1369	616	616	416	416	67	67	2	2	63	63	59	59	2625	2625	1545	1545	21	21	28	28	9	9	11	11	109	109	12	12	39	39	33	33	4300	4300	4987	4987	16588	16588	16555	16555	55	55	129	129
IND00549	1686	1686	1257	1257	138	138	154	154	5749	5749	1523	1523	1004	1004	162	162	205	205	52	52	7316	7316	12411	12411	755	755	645	645	213	213	87	87	1093	1093	513	513	690	690	145	145	6040	6040	6899	6899	193	193	113	113	4	4	33	33	99	99	23	23	6797	6797	3396	3396	2879	2879	3252	3252	12222	12222	45238	45238	4856	4856	4186	4186	95	95	16	16	5896	5896	7156	7156	1679	1679	1062	1062	454	454	72	72	545	545	648	648	29	29	61	61	2	2	417	417	992	992	996	996	150	150	256	256	23	23	709	709	1920	1920	1566	1566	3327	3327	2700	2700	107	107	165	165	5393	5393	3654	3654	105	105	92	92	228	228	27	27	150	150	41	41	55	55	211	211	378	378	655	655	113	113	74	74	472	472	2436	2436	2018	2018	4000	4000	119	119	104	104	28	28	34	34	6169	6169	947	947	28	28	25	25	12	12	16	16	1	1	67	67	51	51	59	59	4739	4739	5739	5739	6867	6867	6270	6270	232	232	247	247
IND00550	2029	2029	332	332	81	81	124	124	4709	4709	4240	4240	731	731	721	721	229	229	12	12	7148	7148	12276	12276	1824	1824	996	996	115	115	261	261	6218	6218	3625	3625	500	500	338	338	5767	5767	4123	4123	134	134	393	393	13	13	53	53	155	155	161	161	14374	14374	14959	14959	3734	3734	1214	1214	56865	56865	50774	50774	782	782	1828	1828	192	192	202	202	1598	1598	4256	4256	3103	3103	1365	1365	282	282	74	74	285	285	223	223	22	22	55	55	306	306	461	461	22	22	70	70	2	2	246	246	635	635	101	101	1379	1379	1230	1230	75	75	7437	7437	380	380	181	181	8062	8062	10491	10491	26	26	42	42	29	29	182	182	30	30	15	15	25	25	124	124	385	385	712	712	19	19	89	89	1897	1897	37	37	2560	2560	1883	1883	35	35	126	126	62	62	52	52	4478	4478	246	246	26	26	12	12	4	4	10	10	65	65	30	30	54	54	62	62	1693	1693	3873	3873	23648	23648	24730	24730	19	19	167	167
IND00551	420	420	131	131	125	125	512	512	4179	4179	3404	3404	298	298	987	987	4	4	177	177	14112	14112	943	943	928	928	474	474	151	151	420	420	2156	2156	6682	6682	400	400	693	693	726	726	1238	1238	924	924	165	165	58	58	19	19	88	88	172	172	3203	3203	15000	15000	3834	3834	1344	1344	6353	6353	58093	58093	4368	4368	3672	3672	13	13	84	84	94	94	2175	2175	3581	3581	1609	1609	293	293	307	307	386	386	697	697	103	103	74	74	373	373	213	213	774	774	717	717	22	22	8	8	207	207	93	93	1471	1471	1840	1840	1189	1189	1107	1107	292	292	77	77	7716	7716	14259	14259	51	51	100	100	132	132	79	79	33	33	15	15	173	173	212	212	877	877	597	597	37	37	77	77	1695	1695	2269	2269	4018	4018	35	35	22	22	32	32	51	51	12	12	6403	6403	107	107	4	4	7	7	14	14	9	9	50	50	95	95	8	8	12	12	4233	4233	6196	6196	9058	9058	18644	18644	24	24	94	94
IND00552	389	389	822	822	99	99	482	482	1368	1368	5080	5080	1	1	281	281	136	136	55	55	2050	2050	13994	13994	16	16	737	737	248	248	312	312	655	655	5632	5632	484	484	465	465	719	719	1906	1906	401	401	842	842	37	37	43	43	85	85	39	39	1885	1885	2642	2642	2468	2468	3317	3317	52728	52728	14363	14363	2116	2116	4302	4302	250	250	81	81	3363	3363	6297	6297	3507	3507	971	971	385	385	422	422	361	361	78	78	106	106	21	21	342	342	43	43	944	944	12	12	229	229	71	71	347	347	344	344	173	173	1169	1169	3836	3836	11072	11072	354	354	329	329	3063	3063	5259	5259	86	86	21	21	83	83	17	17	199	199	105	105	222	222	138	138	999	999	478	478	9	9	60	60	3280	3280	1518	1518	4080	4080	2608	2608	48	48	30	30	16	16	64	64	1897	1897	3803	3803	6	6	27	27	4	4	4	4	44	44	89	89	26	26	33	33	4619	4619	5091	5091	9715	9715	6897	6897	56	56	248	248
IND00553	634	634	276	276	499	499	223	223	4940	4940	4433	4433	439	439	243	243	120	120	12	12	11643	11643	7558	7558	1768	1768	1542	1542	421	421	192	192	6027	6027	4896	4896	438	438	686	686	5031	5031	7001	7001	896	896	439	439	5	5	14	14	256	256	190	190	15066	15066	13841	13841	1115	1115	2849	2849	18790	18790	18175	18175	6927	6927	3708	3708	206	206	140	140	1228	1228	982	982	110	110	4041	4041	334	334	111	111	773	773	442	442	85	85	46	46	193	193	277	277	287	287	694	694	28	28	132	132	909	909	920	920	855	855	747	747	8872	8872	6447	6447	180	180	273	273	3465	3465	4474	4474	72	72	104	104	128	128	233	233	124	124	204	204	115	115	93	93	829	829	785	785	92	92	21	21	2133	2133	1666	1666	1236	1236	1485	1485	15	15	59	59	11	11	7	7	6526	6526	4528	4528	24	24	7	7	14	14	7	7	111	111	4	4	12	12	50	50	5382	5382	991	991	23020	23020	24572	24572	105	105	182	182
IND00554	808	808	884	884	212	212	211	211	7459	7459	4049	4049	991	991	748	748	32	32	80	80	4840	4840	14741	14741	1377	1377	501	501	365	365	333	333	403	403	6705	6705	473	473	142	142	2211	2211	3711	3711	4	4	563	563	21	21	4	4	47	47	71	71	11712	11712	3112	3112	1236	1236	669	669	3237	3237	12621	12621	5563	5563	1854	1854	70	70	133	133	6576	6576	1294	1294	2160	2160	2782	2782	336	336	393	393	345	345	549	549	87	87	126	126	290	290	450	450	639	639	465	465	75	75	251	251	93	93	719	719	1733	1733	372	372	7508	7508	2048	2048	160	160	383	383	3914	3914	7123	7123	8	8	24	24	41	41	217	217	179	179	167	167	173	173	142	142	405	405	538	538	41	41	101	101	3538	3538	1827	1827	659	659	1884	1884	84	84	121	121	21	21	40	40	6671	6671	931	931	1	1	27	27	7	7	4	4	31	31	18	18	38	38	25	25	700	700	536	536	21523	21523	12325	12325	140	140	167	167
IND00555	1988	1988	1633	1633	422	422	59	59	7865	7865	5168	5168	910	910	537	537	254	254	91	91	1651	1651	15414	15414	214	214	1703	1703	253	253	382	382	601	601	7077	7077	549	549	896	896	6511	6511	1760	1760	900	900	18	18	9	9	21	21	247	247	19	19	15434	15434	16030	16030	3811	3811	2934	2934	35764	35764	60384	60384	5598	5598	5585	5585	78	78	235	235	375	375	8082	8082	584	584	3393	3393	192	192	234	234	284	284	872	872	38	38	85	85	484	484	148	148	844	844	433	433	84	84	244	244	865	865	1006	1006	1070	1070	316	316	2579	2579	9842	9842	489	489	468	468	14715	14715	5654	5654	92	92	31	31	204	204	58	58	37	37	28	28	218	218	114	114	738	738	828	828	118	118	6	6	1247	1247	2867	2867	1965	1965	3202	3202	6	6	78	78	24	24	4	4	6463	6463	4989	4989	2	2	8	8	3	3	9	9	64	64	83	83	22	22	20	20	4582	4582	141	141	1570	1570	11173	11173	227	227	206	206
IND00556	606	606	1832	1832	221	221	271	271	2953	2953	7181	7181	14	14	920	920	7	7	215	215	3435	3435	1391	1391	256	256	1608	1608	62	62	317	317	4384	4384	2882	2882	757	757	951	951	4126	4126	5291	5291	475	475	64	64	16	16	5	5	174	174	113	113	3867	3867	15761	15761	2319	2319	3525	3525	3236	3236	21913	21913	4872	4872	3953	3953	198	198	151	151	4309	4309	4411	4411	2282	2282	2831	2831	302	302	510	510	626	626	513	513	73	73	11	11	343	343	478	478	155	155	892	892	55	55	3	3	902	902	357	357	1170	1170	251	251	15008	15008	9329	9329	26	26	355	355	10944	10944	14291	14291	9	9	54	54	13	13	24	24	124	124	184	184	230	230	182	182	11	11	697	697	124	124	45	45	1112	1112	1770	1770	3786	3786	1322	1322	14	14	87	87	33	33	7	7	5920	5920	5145	5145	32	32	20	20	4	4	15	15	57	57	126	126	32	32	30	30	2275	2275	5885	5885	30681	30681	31858	31858	144	144	242	242
IND00557	724	724	1813	1813	130	130	383	383	201	201	3475	3475	326	326	896	896	55	55	150	150	15758	15758	4226	4226	1863	1863	2015	2015	231	231	330	330	892	892	3316	3316	42	42	492	492	2439	2439	4287	4287	599	599	395	395	28	28	27	27	50	50	26	26	14891	14891	5621	5621	2026	2026	652	652	32433	32433	54905	54905	810	810	1808	1808	83	83	161	161	894	894	3085	3085	908	908	3441	3441	465	465	465	465	748	748	819	819	32	32	55	55	86	86	340	340	904	904	771	771	162	162	159	159	616	616	864	864	1392	1392	1585	1585	8123	8123	15045	15045	391	391	466	466	3731	3731	10452	10452	42	42	18	18	254	254	77	77	15	15	143	143	200	200	149	149	548	548	350	350	70	70	44	44	703	703	3512	3512	1228	1228	2238	2238	125	125	86	86	48	48	48	48	3490	3490	1356	1356	24	24	2	2	16	16	10	10	112	112	83	83	49	49	60	60	4474	4474	4945	4945	23401	23401	7428	7428	119	119	80	80
IND00558	1004	1004	775	775	127	127	300	300	3145	3145	4059	4059	252	252	79	79	233	233	89	89	10396	10396	1131	1131	1732	1732	1258	1258	369	369	448	448	3807	3807	777	777	282	282	745	745	3184	3184	182	182	542	542	889	889	62	62	51	51	183	183	231	231	4801	4801	11587	11587	3101	3101	2560	2560	25679	25679	38708	38708	6834	6834	1691	1691	51	51	113	113	2067	2067	845	845	3799	3799	2249	2249	434	434	466	466	674	674	594	594	58	58	20	20	417	417	346	346	838	838	95	95	163	163	223	223	454	454	362	362	1889	1889	1287	1287	10930	10930	12874	12874	25	25	246	246	5250	5250	6728	6728	60	60	53	53	165	165	7	7	89	89	10	10	15	15	51	51	5	5	656	656	116	116	69	69	2688	2688	477	477	350	350	940	940	70	70	66	66	19	19	38	38	2908	2908	8174	8174	3	3	30	30	15	15	12	12	107	107	65	65	40	40	10	10	1484	1484	5549	5549	22614	22614	4007	4007	233	233	109	109
IND00559	545	545	1227	1227	391	391	35	35	1710	1710	7658	7658	618	618	766	766	211	211	31	31	9961	9961	8267	8267	1184	1184	1430	1430	224	224	29	29	3663	3663	6580	6580	504	504	531	531	587	587	5726	5726	807	807	72	72	1	1	38	38	132	132	113	113	14333	14333	4185	4185	183	183	3115	3115	20178	20178	65245	65245	8007	8007	3875	3875	167	167	19	19	7216	7216	6090	6090	1509	1509	2880	2880	379	379	351	351	894	894	18	18	79	79	107	107	284	284	156	156	800	800	205	205	110	110	13	13	679	679	762	762	1165	1165	1401	1401	13931	13931	11946	11946	134	134	123	123	6607	6607	15792	15792	72	72	114	114	123	123	175	175	203	203	28	28	1	1	164	164	389	389	911	911	75	75	73	73	1460	1460	3213	3213	3263	3263	2413	2413	87	87	36	36	35	35	31	31	8000	8000	5643	5643	14	14	5	5	8	8	10	10	36	36	40	40	55	55	51	51	819	819	622	622	928	928	25138	25138	47	47	9	9
IND00560	1269	1269	512	512	358	358	173	173	784	784	371	371	812	812	411	411	149	149	128	128	10701	10701	11988	11988	1531	1531	507	507	154	154	81	81	1225	1225	2583	2583	987	987	927	927	5196	5196	1319	1319	396	396	783	783	42	42	22	22	182	182	131	131	960	960	4214	4214	1263	1263	3834	3834	39583	39583	6485	6485	948	948	4623	4623	125	125	31	31	4025	4025	6116	6116	1799	1799	775	775	264	264	192	192	744	744	719	719	42	42	99	99	237	237	242	242	862	862	148	148	86	86	254	254	752	752	863	863	1050	1050	700	700	3274	3274	12106	12106	41	41	15	15	7052	7052	1721	1721	6	6	49	49	5	5	169	169	210	210	87	87	142	142	50	50	86	86	609	609	86	86	94	94	1663	1663	123	123	1303	1303	4023	4023	81	81	76	76	64	64	53	53	4739	4739	5149	5149	29	29	6	6	10	10	15	15	51	51	87	87	50	50	27	27	674	674	5456	5456	22331	22331	12711	12711	202	202	212	212
IND00561	1151	1151	1933	1933	255	255	321	321	7363	7363	4551	4551	436	436	415	415	146	146	93	93	13621	13621	5547	5547	143	143	258	258	104	104	32	32	5605	5605	1996	1996	9	9	85	85	6996	6996	6988	6988	64	64	914	914	31	31	42	42	147	147	42	42	15301	15301	12751	12751	2946	2946	3633	3633	3189	3189	62718	62718	5912	5912	1538	1538	23	23	27	27	5682	5682	6456	6456	1249	1249	1180	1180	171	171	56	56	562	562	277	277	115	115	18	18	237	237	217	217	268	268	34	34	44	44	246	246	784	784	999	999	1040	1040	752	752	2494	2494	8761	8761	5	5	79	79	4449	4449	28	28	22	22	44	44	161	161	137	137	177	177	168	168	20	20	103	103	989	989	498	498	79	79	69	69	609	609	3562	3562	3285	3285	2321	2321	43	43	12	12	47	47	64	64	1950	1950	4533	4533	17	17	22	22	12	12	16	16	83	83	3	3	13	13	26	26	2703	2703	3181	3181	339	339	15852	15852	98	98	202	202
IND00562	1889	1889	1398	1398	26	26	275	275	3960	3960	392	392	471	471	365	365	150	150	141	141	9292	9292	10347	10347	1740	1740	1915	1915	336	336	417	417	5310	5310	6706	6706	63	63	781	781	5654	5654	3223	3223	328	328	921	921	28	28	37	37	2	2	18	18	13290	13290	4295	4295	712	712	146	146	31557	31557	471	471	7244	7244	3733	3733	75	75	162	162	7420	7420	2959	2959	2276	2276	564	564	183	183	461	461	895	895	927	927	40	40	24	24	2	2	123	123	118	118	626	626	79	79	156	156	152	152	813	813	586	586	1565	1565	890	890	2585	2585	445	445	90	90	4809	4809	2182	2182	117	117	27	27	22	22	251	251	92	92	203	203	169	169	199	199	734	734	517	517	2	2	36	36	2611	2611	1833	1833	375	375	168	168	75	75	120	120	61	61	36	36	1167	1167	1097	1097	22	22	28	28	9	9	10	10	48	48	81	81	36	36	57	57	5343	5343	6533	6533	14211	14211	16697	16697	16	16	225	225
IND00563	1213	1213	1126	1126	505	505	471	471	7668	7668	1715	1715	80	80	737	737	45	45	253	253	4224	4224	8088	8088	1131	1131	1467	1467	269	269	484	484	1330	1330	3362	3362	380	380	478	478	354	354	6151	6151	280	280	163	163	33	33	7	7	203	203	36	36	5166	5166	2336	2336	1796	1796	283	283	63601	63601	16848	16848	2262	2262	6831	6831	65	65	8	8	2466	2466	951	951	2963	2963	3929	3929	471	471	253	253	792	792	176	176	120	120	13	13	502	502	158	158	349	349	991	991	59	59	158	158	430	430	290	290	1011	1011	386	386	4306	4306	471	471	225	225	466	466	15675	15675	2035	2035	34	34	65	65	170	170	55	55	85	85	66	66	229	229	38	38	558	558	374	374	69	69	1	1	1144	1144	66	66	214	214	2651	2651	103	103	36	36	17	17	7	7	6017	6017	1737	1737	9	9	10	10	9	9	4	4	1	1	34	34	56	56	30	30	7015	7015	3147	3147	17269	17269	7912	7912	54	54	183	183
IND00564	345	345	926	926	241	241	75	75	4565	4565	4729	4729	92	92	276	276	231	231	232	232	7327	7327	12150	12150	571	571	84	84	501	501	298	298	1874	1874	836	836	508	508	419	419	1266	1266	4953	4953	167	167	548	548	12	12	21	21	151	151	140	140	10546	10546	1034	1034	4076	4076	2083	2083	20723	20723	31403	31403	2224	2224	2913	2913	235	235	137	137	5774	5774	7160	7160	2868	2868	112	112	274	274	422	422	846	846	244	244	92	92	54	54	443	443	208	208	453	453	662	662	117	117	247	247	364	364	982	982	129	129	500	500	3233	3233	8885	8885	269	269	473	473	1260	1260	7958	7958	14	14	86	86	148	148	182	182	173	173	253	253	74	74	122	122	101	101	259	259	92	92	58	58	1527	1527	397	397	441	441	2278	2278	4	4	102	102	28	28	16	16	3682	3682	2442	2442	10	10	13	13	3	3	9	9	55	55	1	1	38	38	61	61	1501	1501	212	212	4523	4523	5577	5577	197	197	150	150
IND00565	1011	1011	477	477	203	203	219	219	5532	5532	3657	3657	973	973	489	489	40	40	16	16	3580	3580	14898	14898	792	792	1263	1263	86	86	178	178	6138	6138	2815	2815	408	408	656	656	4327	4327	3691	3691	291	291	298	298	48	48	6	6	70	70	173	173	5374	5374	1740	1740	3045	3045	233	233	46852	46852	19207	19207	825	825	6358	6358	251	251	182	182	1034	1034	40	40	2137	2137	201	201	89	89	77	77	234	234	586	586	111	111	91	91	27	27	161	161	111	111	406	406	174	174	209	209	20	20	190	190	1952	1952	2013	2013	6185	6185	8394	8394	492	492	209	209	3427	3427	2674	2674	57	57	74	74	185	185	66	66	175	175	147	147	112	112	78	78	991	991	152	152	66	66	49	49	1203	1203	2217	2217	288	288	3363	3363	45	45	68	68	16	16	15	15	5135	5135	1050	1050	10	10	4	4	6	6	14	14	90	90	113	113	25	25	57	57	2106	2106	5971	5971	4831	4831	27657	27657	162	162	35	35
IND00566	593	593	948	948	253	253	298	298	2166	2166	1065	1065	438	438	984	984	200	200	32	32	12264	12264	7158	7158	722	722	1496	1496	58	58	73	73	2965	2965	4293	4293	338	338	701	701	3919	3919	1014	1014	348	348	701	701	49	49	64	64	117	117	162	162	9638	9638	14805	14805	2796	2796	2258	2258	8507	8507	64250	64250	6459	6459	7190	7190	29	29	76	76	7558	7558	2850	2850	2800	2800	2582	2582	238	238	284	284	143	143	31	31	127	127	105	105	101	101	449	449	223	223	11	11	165	165	40	40	332	332	316	316	36	36	641	641	10247	10247	15558	15558	443	443	336	336	8113	8113	7323	7323	97	97	87	87	228	228	42	42	189	189	144	144	35	35	131	131	303	303	448	448	7	7	88	88	69	69	2861	2861	517	517	3031	3031	105	105	34	34	55	55	50	50	5945	5945	5116	5116	9	9	15	15	7	7	10	10	87	87	111	111	22	22	12	12	1071	1071	4453	4453	6370	6370	9107	9107	11	11	167	167
IND00567	1334	1334	191	191	420	420	107	107	3423	3423	6961	6961	626	626	967	967	55	55	199	199	11461	11461	5045	5045	716	716	593	593	66	66	307	307	7209	7209	203	203	584	584	621	621	4585	4585	5406	5406	72	72	264	264	29	29	1	1	82	82	219	219	10063	10063	16107	16107	3164	3164	1975	1975	28511	28511	35043	35043	2655	2655	5555	5555	31	31	195	195	867	867	2566	2566	1582	1582	3579	3579	153	153	397	397	1019	1019	324	324	6	6	125	125	343	343	169	169	1017	1017	764	764	79	79	5	5	344	344	641	641	1890	1890	271	271	627	627	2104	2104	475	475	199	199	14411	14411	11976	11976	98	98	21	21	68	68	234	234	254	254	64	64	149	149	223	223	730	730	559	559	15	15	108	108	3311	3311	777	777	1314	1314	3521	3521	72	72	85	85	30	30	39	39	529	529	3592	3592	5	5	1	1	8	8	2	2	95	95	42	42	8	8	13	13	6898	6898	4115	4115	8872	8872	7471	7471	91	91	196	196
IND00568	1874	1874	1440	1440	358	358	37	37	1954	1954	3108	3108	685	685	473	473	117	117	34	34	4714	4714	14579	14579	1324	1324	1416	1416	385	385	393	393	4350	4350	898	898	709	709	494	494	3728	3728	5680	5680	732	732	216	216	7	7	60	60	38	38	240	240	598	598	9587	9587	1039	1039	3811	3811	50296	50296	42637	42637	1114	1114	244	244	25	25	225	225	3428	3428	1136	1136	2222	2222	407	407	435	435	286	286	536	536	879	879	115	115	7	7	128	128	120	120	890	890	289	289	99	99	238	238	523	523	73	73	975	975	651	651	10667	10667	7810	7810	159	159	210	210	16359	16359	16190	16190	4	4	93	93	122	122	169	169	74	74	241	241	197	197	83	83	413	413	768	768	49	49	2	2	2897	2897	158	158	2211	2211	1673	1673	125	125	28	28	28	28	8	8	4373	4373	5924	5924	32	32	28	28	3	3	16	16	14	14	84	84	25	25	38	38	2911	2911	979	979	6915	6915	20374	20374	206	206	49	49
IND00569	906	906	1172	1172	17	17	82	82	4057	4057	3250	3250	320	320	457	457	95	95	231	231	2337	2337	11044	11044	1025	1025	287	287	289	289	432	432	1985	1985	6701	6701	905	905	753	753	732	732	444	444	988	988	901	901	39	39	10	10	210	210	233	233	4691	4691	4798	4798	1560	1560	2332	2332	18244	18244	57629	57629	201	201	5305	5305	25	25	129	129	4793	4793	5875	5875	3278	3278	4050	4050	424	424	312	312	705	705	625	625	11	11	118	118	254	254	326	326	429	429	361	361	21	21	96	96	546	546	970	970	621	621	658	658	477	477	473	473	362	362	46	46	9769	9769	290	290	78	78	107	107	134	134	76	76	167	167	182	182	124	124	50	50	477	477	349	349	33	33	45	45	3288	3288	2965	2965	2465	2465	888	888	77	77	65	65	13	13	59	59	6634	6634	1524	1524	25	25	21	21	1	1	4	4	36	36	101	101	22	22	38	38	6624	6624	5962	5962	27179	27179	6222	6222	79	79	210	210
IND00570	1467	1467	14	14	404	404	304	304	2037	2037	1452	1452	297	297	1002	1002	196	196	122	122	11687	11687	8983	8983	1406	1406	76	76	244	244	44	44	4777	4777	5291	5291	213	213	964	964	8132	8132	2081	2081	671	671	922	922	2	2	46	46	173	173	143	143	12781	12781	14294	14294	3915	3915	3227	3227	54555	54555	37519	37519	6151	6151	3029	3029	71	71	247	247	844	844	2749	2749	347	347	3558	3558	101	101	69	69	54	54	84	84	114	114	37	37	61	61	287	287	809	809	309	309	29	29	256	256	164	164	384	384	1418	1418	1040	1040	8816	8816	14654	14654	512	512	38	38	1153	1153	14212	14212	99	99	81	81	191	191	48	48	94	94	94	94	35	35	168	168	743	743	535	535	113	113	24	24	3520	3520	2751	2751	4002	4002	1503	1503	76	76	64	64	8	8	53	53	3317	3317	2255	2255	22	22	15	15	1	1	6	6	80	80	72	72	34	34	63	63	5027	5027	3246	3246	1870	1870	6552	6552	85	85	138	138
IND00571	409	409	793	793	504	504	76	76	5399	5399	1872	1872	552	552	661	661	26	26	103	103	1782	1782	8289	8289	692	692	250	250	449	449	181	181	7582	7582	306	306	609	609	927	927	3662	3662	2605	2605	160	160	978	978	46	46	15	15	122	122	226	226	6067	6067	6277	6277	1477	1477	1737	1737	33710	33710	24593	24593	7024	7024	1919	1919	201	201	167	167	7647	7647	842	842	3323	3323	2663	2663	45	45	66	66	692	692	582	582	97	97	85	85	184	184	115	115	324	324	345	345	68	68	38	38	151	151	938	938	1626	1626	988	988	16176	16176	15024	15024	374	374	295	295	10111	10111	7389	7389	78	78	79	79	178	178	253	253	256	256	134	134	68	68	126	126	584	584	594	594	2	2	10	10	2814	2814	2721	2721	1706	1706	789	789	18	18	126	126	6	6	45	45	3419	3419	2485	2485	14	14	26	26	8	8	2	2	36	36	103	103	8	8	22	22	5	5	6604	6604	22403	22403	30537	30537	125	125	48	48
IND00572	189	189	1590	1590	371	371	385	385	978	978	2621	2621	469	469	375	375	123	123	138	138	6693	6693	10898	10898	823	823	1015	1015	100	100	233	233	4536	4536	467	467	179	179	888	888	451	451	3321	3321	392	392	996	996	36	36	50	50	16	16	145	145	8696	8696	4910	4910	2684	2684	255	255	42990	42990	54088	54088	491	491	7016	7016	232	232	76	76	3749	3749	4111	4111	2218	2218	1136	1136	119	119	164	164	124	124	496	496	50	50	102	102	201	201	359	359	54	54	765	765	82	82	71	71	354	354	788	788	1840	1840	1761	1761	14340	14340	14666	14666	174	174	117	117	10937	10937	320	320	122	122	90	90	152	152	91	91	180	180	91	91	122	122	60	60	26	26	531	531	64	64	41	41	215	215	907	907	1655	1655	511	511	127	127	92	92	23	23	45	45	261	261	3211	3211	19	19	29	29	1	1	10	10	125	125	34	34	11	11	13	13	5068	5068	5739	5739	20746	20746	3532	3532	1	1	138	138
IND00573	1201	1201	1069	1069	395	395	206	206	4149	4149	3185	3185	105	105	647	647	239	239	205	205	11434	11434	10293	10293	1399	1399	2048	2048	309	309	241	241	277	277	7025	7025	210	210	734	734	4851	4851	2204	2204	770	770	953	953	47	47	55	55	129	129	176	176	3621	3621	11619	11619	2103	2103	1791	1791	49923	49923	31512	31512	1489	1489	3416	3416	223	223	245	245	1077	1077	735	735	332	332	3439	3439	149	149	342	342	933	933	614	614	89	89	51	51	438	438	304	304	1006	1006	258	258	235	235	163	163	164	164	614	614	457	457	1601	1601	7247	7247	14398	14398	126	126	296	296	2206	2206	13289	13289	74	74	41	41	78	78	14	14	158	158	89	89	107	107	96	96	168	168	119	119	118	118	46	46	1	1	1224	1224	506	506	116	116	110	110	37	37	7	7	37	37	5359	5359	1066	1066	15	15	13	13	14	14	8	8	17	17	105	105	24	24	17	17	2774	2774	3148	3148	22548	22548	10285	10285	198	198	127	127
IND00574	972	972	1687	1687	136	136	169	169	6995	6995	4751	4751	764	764	390	390	227	227	226	226	15471	15471	6722	6722	1959	1959	150	150	238	238	12	12	6800	6800	3829	3829	122	122	14	14	4478	4478	6452	6452	418	418	665	665	12	12	35	35	74	74	128	128	12019	12019	1171	1171	2627	2627	3162	3162	17795	17795	57566	57566	6845	6845	827	827	88	88	66	66	1433	1433	158	158	1192	1192	928	928	392	392	306	306	947	947	109	109	108	108	8	8	397	397	216	216	767	767	151	151	76	76	60	60	147	147	878	878	1358	1358	486	486	11678	11678	4976	4976	330	330	494	494	2308	2308	2137	2137	75	75	39	39	219	219	77	77	239	239	166	166	216	216	243	243	377	377	468	468	122	122	119	119	3156	3156	311	311	477	477	2016	2016	98	98	122	122	61	61	35	35	4346	4346	7845	7845	5	5	8	8	2	2	8	8	45	45	14	14	25	25	5	5	6953	6953	2422	2422	30543	30543	4218	4218	187	187	184	184
IND00575	1553	1553	683	683	336	336	94	94	116	116	1720	1720	301	301	266	266	235	235	166	166	12734	12734	1266	1266	1718	1718	510	510	175	175	153	153	3192	3192	7040	7040	758	758	244	244	3516	3516	7068	7068	724	724	174	174	52	52	12	12	155	155	27	27	2071	2071	15183	15183	3280	3280	2001	2001	30348	30348	20880	20880	4690	4690	2122	2122	63	63	35	35	1542	1542	7047	7047	3146	3146	621	621	144	144	142	142	270	270	665	665	53	53	77	77	226	226	283	283	880	880	224	224	105	105	228	228	928	928	550	550	725	725	744	744	10852	10852	15443	15443	322	322	32	32	4116	4116	6533	6533	78	78	3	3	104	104	189	189	69	69	47	47	153	153	233	233	769	769	577	577	102	102	1	1	3461	3461	3968	3968	1707	1707	1727	1727	56	56	19	19	64	64	49	49	7120	7120	3507	3507	24	24	4	4	5	5	13	13	74	74	100	100	27	27	7	7	5104	5104	6399	6399	28188	28188	29873	29873	175	175	230	230
IND00576	963	963	227	227	157	157	435	435	6993	6993	4186	4186	726	726	136	136	126	126	130	130	7503	7503	635	635	1981	1981	313	313	505	505	336	336	6497	6497	7369	7369	574	574	853	853	1508	1508	7321	7321	394	394	1023	1023	4	4	55	55	134	134	25	25	12949	12949	3275	3275	55	55	3986	3986	5580	5580	46418	46418	841	841	7191	7191	61	61	44	44	7144	7144	3180	3180	2029	2029	3761	3761	212	212	43	43	272	272	330	330	64	64	80	80	127	127	72	72	864	864	853	853	196	196	157	157	847	847	896	896	768	768	301	301	1999	1999	130	130	138	138	265	265	1403	1403	8210	8210	94	94	64	64	221	221	68	68	32	32	21	21	95	95	129	129	593	593	359	359	103	103	22	22	2787	2787	3353	3353	2066	2066	1377	1377	34	34	123	123	45	45	44	44	8132	8132	4609	4609	19	19	16	16	6	6	13	13	49	49	8	8	30	30	21	21	3579	3579	7403	7403	1934	1934	27557	27557	233	233	34	34
IND00577	1473	1473	10	10	61	61	228	228	4893	4893	5612	5612	951	951	861	861	72	72	152	152	16263	16263	4023	4023	1393	1393	1574	1574	29	29	115	115	4727	4727	5125	5125	459	459	636	636	95	95	6029	6029	463	463	383	383	49	49	52	52	163	163	9	9	1014	1014	5254	5254	658	658	2779	2779	25948	25948	22477	22477	3828	3828	6958	6958	120	120	250	250	2859	2859	4438	4438	192	192	2946	2946	140	140	38	38	462	462	218	218	97	97	4	4	44	44	461	461	521	521	852	852	90	90	187	187	297	297	857	857	1331	1331	650	650	1520	1520	15635	15635	335	335	348	348	7803	7803	4476	4476	75	75	82	82	135	135	67	67	186	186	1	1	59	59	127	127	214	214	220	220	53	53	38	38	1075	1075	1364	1364	795	795	547	547	112	112	29	29	35	35	51	51	7887	7887	7915	7915	23	23	1	1	11	11	10	10	11	11	119	119	11	11	58	58	7846	7846	3846	3846	11216	11216	20137	20137	4	4	218	218
IND00578	532	532	1517	1517	136	136	140	140	5436	5436	7146	7146	435	435	338	338	142	142	8	8	12756	12756	13418	13418	2010	2010	1854	1854	383	383	95	95	5727	5727	411	411	350	350	65	65	4211	4211	6210	6210	433	433	98	98	21	21	5	5	112	112	75	75	10866	10866	550	550	3191	3191	907	907	24971	24971	63553	63553	4152	4152	3275	3275	182	182	215	215	1057	1057	4035	4035	1284	1284	44	44	40	40	153	153	986	986	285	285	122	122	14	14	94	94	196	196	1009	1009	789	789	170	170	127	127	226	226	35	35	144	144	1695	1695	1802	1802	1336	1336	155	155	112	112	3586	3586	8900	8900	32	32	103	103	63	63	247	247	27	27	182	182	55	55	90	90	176	176	466	466	46	46	33	33	3224	3224	620	620	1543	1543	2521	2521	38	38	18	18	47	47	1	1	2892	2892	1	1	27	27	24	24	8	8	1	1	43	43	40	40	35	35	58	58	6479	6479	859	859	13775	13775	12305	12305	69	69	17	17
IND00579	1873	1873	1745	1745	133	133	136	136	3879	3879	2729	2729	684	684	538	538	100	100	10	10	13237	13237	12366	12366	256	256	1764	1764	320	320	449	449	295	295	4606	4606	633	633	367	367	967	967	885	885	20	20	1	1	5	5	12	12	220	220	84	84	1152	1152	14162	14162	3911	3911	3201	3201	36471	36471	26147	26147	1085	1085	2666	2666	232	232	65	65	3232	3232	422	422	3491	3491	2368	2368	163	163	22	22	471	471	391	391	54	54	83	83	177	177	331	331	534	534	21	21	98	98	162	162	102	102	444	444	418	418	33	33	12586	12586	9309	9309	437	437	147	147	13899	13899	14576	14576	55	55	59	59	236	236	9	9	201	201	117	117	100	100	194	194	135	135	661	661	32	32	7	7	1491	1491	3470	3470	814	814	3135	3135	63	63	36	36	52	52	7	7	1623	1623	144	144	26	26	28	28	15	15	2	2	29	29	118	118	41	41	21	21	2172	2172	1617	1617	5050	5050	16288	16288	174	174	241	241
IND00580	1296	1296	1299	1299	114	114	319	319	6267	6267	6311	6311	62	62	522	522	166	166	1	1	16288	16288	4132	4132	1279	1279	1273	1273	111	111	310	310	5289	5289	7172	7172	344	344	188	188	5215	5215	2980	2980	697	697	135	135	49	49	42	42	17	17	3	3	859	859	10423	10423	3524	3524	1793	1793	19497	19497	47160	47160	5323	5323	7050	7050	189	189	41	41	1008	1008	6955	6955	2043	2043	1480	1480	400	400	35	35	834	834	332	332	106	106	48	48	81	81	435	435	728	728	393	393	93	93	182	182	837	837	656	656	756	756	329	329	13692	13692	3970	3970	71	71	288	288	15916	15916	5594	5594	6	6	74	74	66	66	68	68	94	94	95	95	116	116	73	73	92	92	185	185	87	87	31	31	3091	3091	2305	2305	3837	3837	2525	2525	15	15	59	59	47	47	38	38	845	845	6008	6008	31	31	18	18	15	15	2	2	112	112	26	26	46	46	59	59	6292	6292	2155	2155	8843	8843	6915	6915	55	55	196	196
IND00581	1616	1616	975	975	316	316	164	164	5085	5085	6803	6803	914	914	607	607	100	100	163	163	6954	6954	4372	4372	353	353	832	832	411	411	78	78	7150	7150	4729	4729	714	714	220	220	8052	8052	3180	3180	10	10	817	817	48	48	53	53	254	254	233	233	3374	3374	1018	1018	3360	3360	3362	3362	63229	63229	58829	58829	1606	1606	2797	2797	158	158	81	81	170	170	452	452	533	533	2603	2603	167	167	431	431	342	342	525	525	44	44	47	47	74	74	327	327	329	329	538	538	248	248	249	249	434	434	51	51	1309	1309	613	613	14453	14453	8939	8939	55	55	411	411	2011	2011	11679	11679	63	63	57	57	5	5	90	90	190	190	103	103	51	51	138	138	729	729	166	166	100	100	46	46	429	429	795	795	451	451	3585	3585	12	12	51	51	32	32	25	25	7326	7326	6115	6115	27	27	7	7	15	15	9	9	115	115	104	104	43	43	56	56	5604	5604	875	875	2265	2265	5448	5448	107	107	110	110
IND00582	1741	1741	793	793	241	241	510	510	6107	6107	3337	3337	943	943	907	907	241	241	166	166	799	799	7039	7039	1563	1563	383	383	282	282	127	127	3471	3471	4260	4260	986	986	621	621	3369	3369	6592	6592	306	306	761	761	8	8	29	29	225	225	28	28	2725	2725	16263	16263	3368	3368	1827	1827	878	878	45654	45654	6235	6235	7797	7797	139	139	99	99	1177	1177	6123	6123	1700	1700	4008	4008	105	105	492	492	29	29	935	935	66	66	65	65	245	245	278	278	496	496	454	454	181	181	2	2	306	306	680	680	2010	2010	528	528	10040	10040	8383	8383	100	100	144	144	6798	6798	11076	11076	86	86	1	1	71	71	199	199	3	3	28	28	196	196	127	127	620	620	784	784	116	116	49	49	3626	3626	3708	3708	3962	3962	4059	4059	97	97	10	10	50	50	31	31	5411	5411	6623	6623	11	11	29	29	15	15	3	3	80	80	30	30	30	30	57	57	6083	6083	3389	3389	22131	22131	11406	11406	236	236	121	121
IND00583	711	711	1252	1252	176	176	344	344	2465	2465	7167	7167	477	477	816	816	209	209	77	77	9778	9778	4596	4596	484	484	732	732	89	89	346	346	708	708	6852	6852	597	597	1011	1011	4717	4717	1219	1219	405	405	126	126	39	39	18	18	160	160	189	189	4571	4571	15116	15116	598	598	4065	4065	51867	51867	54373	54373	4877	4877	2558	2558	102	102	38	38	3714	3714	3546	3546	4093	4093	1502	1502	488	488	158	158	605	605	166	166	125	125	58	58	215	215	460	460	730	730	945	945	5	5	126	126	332	332	194	194	1490	1490	599	599	2274	2274	11750	11750	36	36	161	161	14891	14891	3921	3921	89	89	7	7	90	90	108	108	240	240	166	166	27	27	60	60	543	543	66	66	90	90	21	21	1554	1554	918	918	191	191	2187	2187	87	87	62	62	55	55	59	59	1545	1545	1517	1517	5	5	28	28	1	1	13	13	89	89	90	90	30	30	6	6	6711	6711	1886	1886	17995	17995	10194	10194	22	22	45	45
IND00584	480	480	766	766	127	127	66	66	3443	3443	5795	5795	439	439	104	104	78	78	91	91	15505	15505	8926	8926	6	6	1080	1080	289	289	483	483	5103	5103	552	552	968	968	781	781	5598	5598	163	163	760	760	405	405	53	53	63	63	1	1	192	192	4307	4307	12871	12871	3889	3889	2137	2137	13946	13946	21140	21140	4077	4077	339	339	27	27	166	166	341	341	8114	8114	120	120	2858	2858	90	90	61	61	375	375	840	840	11	11	93	93	344	344	167	167	155	155	530	530	199	199	184	184	872	872	487	487	900	900	1608	1608	1855	1855	12261	12261	120	120	391	391	13048	13048	10383	10383	55	55	74	74	126	126	255	255	164	164	10	10	187	187	201	201	163	163	649	649	43	43	56	56	3686	3686	2683	2683	2827	2827	2028	2028	79	79	56	56	32	32	50	50	910	910	829	829	5	5	2	2	1	1	9	9	23	23	52	52	21	21	24	24	7411	7411	3061	3061	9169	9169	22974	22974	214	214	159	159
IND00585	1271	1271	1375	1375	101	101	308	308	7892	7892	5554	5554	536	536	729	729	86	86	51	51	12384	12384	14137	14137	506	506	1103	1103	105	105	20	20	4733	4733	2270	2270	201	201	811	811	2009	2009	6989	6989	300	300	68	68	61	61	27	27	98	98	92	92	15564	15564	7254	7254	464	464	3445	3445	38365	38365	42843	42843	4722	4722	5647	5647	86	86	158	158	3410	3410	752	752	1319	1319	3985	3985	268	268	186	186	180	180	48	48	83	83	94	94	504	504	257	257	343	343	734	734	159	159	93	93	280	280	203	203	54	54	233	233	11682	11682	7945	7945	227	227	309	309	11522	11522	3482	3482	14	14	69	69	197	197	112	112	241	241	86	86	109	109	204	204	673	673	386	386	66	66	107	107	63	63	2235	2235	505	505	1165	1165	16	16	68	68	12	12	39	39	1625	1625	4765	4765	7	7	26	26	12	12	7	7	91	91	62	62	56	56	39	39	436	436	2840	2840	19035	19035	17908	17908	255	255	23	23
IND00586	2017	2017	627	627	291	291	319	319	2519	2519	3266	3266	847	847	145	145	3	3	32	32	1080	1080	2699	2699	8	8	1344	1344	434	434	221	221	1039	1039	854	854	113	113	513	513	1120	1120	1569	1569	818	818	748	748	12	12	43	43	72	72	4	4	11682	11682	11217	11217	188	188	633	633	44689	44689	24606	24606	135	135	6213	6213	202	202	208	208	3798	3798	7655	7655	1657	1657	1860	1860	390	390	508	508	190	190	775	775	80	80	49	49	122	122	100	100	422	422	121	121	133	133	104	104	533	533	707	707	654	654	1848	1848	4279	4279	6954	6954	447	447	74	74	8004	8004	3643	3643	40	40	96	96	64	64	88	88	36	36	139	139	125	125	139	139	266	266	115	115	83	83	66	66	2082	2082	2379	2379	240	240	1235	1235	10	10	13	13	28	28	44	44	5692	5692	209	209	6	6	9	9	5	5	5	5	40	40	106	106	38	38	40	40	7069	7069	7968	7968	27593	27593	9906	9906	56	56	159	159
IND00587	176	176	453	453	395	395	264	264	1421	1421	7165	7165	718	718	880	880	143	143	43	43	7575	7575	590	590	1351	1351	340	340	94	94	213	213	6686	6686	5663	5663	629	629	69	69	3054	3054	5128	5128	110	110	935	935	25	25	18	18	71	71	40	40	14373	14373	7342	7342	3224	3224	1060	1060	9908	9908	12606	12606	7822	7822	5297	5297	55	55	216	216	4216	4216	4128	4128	2791	2791	3333	3333	34	34	365	365	404	404	701	701	93	93	96	96	461	461	344	344	377	377	954	954	194	194	243	243	502	502	478	478	1286	1286	1296	1296	3510	3510	827	827	350	350	412	412	13486	13486	348	348	29	29	75	75	81	81	180	180	177	177	24	24	200	200	134	134	882	882	477	477	94	94	52	52	481	481	4029	4029	2312	2312	3308	3308	25	25	91	91	58	58	13	13	1050	1050	5592	5592	17	17	7	7	11	11	9	9	97	97	77	77	39	39	40	40	2279	2279	6463	6463	24170	24170	9835	9835	243	243	204	204
IND00588	593	593	1232	1232	254	254	376	376	2463	2463	3252	3252	205	205	342	342	97	97	137	137	2630	2630	1347	1347	476	476	297	297	431	431	512	512	709	709	133	133	269	269	107	107	585	585	3838	3838	911	911	950	950	64	64	61	61	118	118	128	128	9918	9918	6400	6400	139	139	2399	2399	31965	31965	5063	5063	8171	8171	384	384	153	153	125	125	5568	5568	7457	7457	1802	1802	1381	1381	310	310	305	305	548	548	123	123	116	116	41	41	378	378	101	101	734	734	749	749	52	52	3	3	109	109	923	923	1564	1564	667	667	11191	11191	4509	4509	316	316	266	266	6951	6951	10942	10942	87	87	53	53	47	47	194	194	204	204	7	7	218	218	19	19	165	165	821	821	47	47	60	60	325	325	2887	2887	4087	4087	3664	3664	58	58	86	86	55	55	53	53	5205	5205	5105	5105	12	12	20	20	5	5	5	5	56	56	42	42	20	20	43	43	4341	4341	3100	3100	5846	5846	11563	11563	145	145	121	121
IND00589	1193	1193	783	783	365	365	58	58	7173	7173	8162	8162	21	21	190	190	213	213	241	241	5131	5131	4383	4383	497	497	1682	1682	16	16	390	390	7982	7982	5831	5831	140	140	190	190	5457	5457	1293	1293	810	810	951	951	61	61	17	17	223	223	233	233	6300	6300	8919	8919	769	769	1498	1498	58502	58502	53487	53487	1168	1168	816	816	24	24	178	178	2378	2378	5366	5366	777	777	950	950	349	349	393	393	795	795	519	519	75	75	108	108	57	57	237	237	311	311	488	488	219	219	145	145	968	968	104	104	1452	1452	316	316	15200	15200	3232	3232	436	436	107	107	5695	5695	1960	1960	125	125	85	85	214	214	220	220	17	17	247	247	196	196	124	124	925	925	86	86	68	68	67	67	3301	3301	1523	1523	3451	3451	3861	3861	114	114	49	49	22	22	22	22	7443	7443	6500	6500	13	13	6	6	15	15	12	12	58	58	59	59	41	41	4	4	1940	1940	4890	4890	26420	26420	539	539	195	195	102	102
IND00590	62	62	1245	1245	75	75	133	133	3922	3922	5963	5963	7	7	368	368	183	183	174	174	5962	5962	16326	16326	1200	1200	950	950	61	61	142	142	3807	3807	1596	1596	669	669	789	789	4027	4027	1129	1129	206	206	541	541	36	36	8	8	250	250	96	96	6159	6159	14736	14736	42	42	287	287	15907	15907	63755	63755	4614	4614	4504	4504	53	53	161	161	1296	1296	718	718	3329	3329	3120	3120	495	495	452	452	287	287	151	151	104	104	50	50	191	191	454	454	206	206	216	216	134	134	184	184	614	614	485	485	1493	1493	250	250	11213	11213	976	976	228	228	386	386	10793	10793	12797	12797	3	3	102	102	234	234	112	112	31	31	18	18	182	182	27	27	181	181	454	454	16	16	77	77	1243	1243	121	121	4071	4071	1079	1079	101	101	55	55	15	15	33	33	6680	6680	1049	1049	19	19	30	30	1	1	10	10	46	46	70	70	1	1	9	9	2849	2849	6278	6278	12013	12013	20300	20300	54	54	1	1
IND00591	1857	1857	1465	1465	77	77	53	53	3456	3456	5533	5533	1005	1005	9	9	81	81	62	62	13042	13042	14671	14671	1060	1060	1752	1752	126	126	250	250	1529	1529	3554	3554	186	186	313	313	5389	5389	118	118	831	831	631	631	27	27	44	44	76	76	22	22	678	678	13164	13164	3597	3597	127	127	7570	7570	59024	59024	5740	5740	6373	6373	14	14	46	46	4900	4900	5421	5421	2589	2589	709	709	87	87	284	284	659	659	466	466	5	5	39	39	277	277	56	56	595	595	591	591	99	99	229	229	514	514	15	15	719	719	1045	1045	15726	15726	3124	3124	196	196	119	119	6251	6251	12361	12361	77	77	75	75	215	215	90	90	175	175	73	73	153	153	32	32	625	625	796	796	120	120	3	3	1269	1269	413	413	416	416	377	377	93	93	60	60	58	58	24	24	3545	3545	5511	5511	4	4	29	29	4	4	14	14	5	5	30	30	9	9	3	3	2639	2639	2068	2068	27301	27301	32172	32172	210	210	212	212
IND00592	1106	1106	81	81	203	203	183	183	2995	2995	1432	1432	408	408	328	328	191	191	104	104	2436	2436	13862	13862	1107	1107	1067	1067	291	291	502	502	1682	1682	4439	4439	894	894	50	50	6221	6221	4810	4810	325	325	1016	1016	64	64	7	7	56	56	223	223	2910	2910	15416	15416	3173	3173	2247	2247	25026	25026	6813	6813	8180	8180	5233	5233	238	238	199	199	3507	3507	4718	4718	2839	2839	1442	1442	360	360	47	47	710	710	703	703	17	17	12	12	135	135	429	429	926	926	412	412	247	247	94	94	651	651	929	929	851	851	1119	1119	4066	4066	14862	14862	353	353	36	36	8613	8613	13985	13985	63	63	16	16	60	60	116	116	110	110	155	155	48	48	129	129	190	190	423	423	1	1	106	106	1603	1603	3224	3224	3875	3875	3316	3316	117	117	91	91	5	5	25	25	3074	3074	1820	1820	1	1	30	30	13	13	10	10	98	98	22	22	63	63	9	9	7889	7889	334	334	14441	14441	20769	20769	110	110	175	175
IND00593	1809	1809	619	619	18	18	73	73	3612	3612	5790	5790	529	529	489	489	105	105	137	137	1625	1625	8812	8812	326	326	1349	1349	329	329	144	144	7574	7574	7731	7731	308	308	212	212	3469	3469	1634	1634	740	740	683	683	29	29	4	4	92	92	30	30	5791	5791	3309	3309	1953	1953	3275	3275	8845	8845	27323	27323	2848	2848	5798	5798	204	204	137	137	8107	8107	5755	5755	537	537	3971	3971	498	498	240	240	336	336	596	596	29	29	43	43	132	132	358	358	555	555	1024	1024	174	174	126	126	809	809	487	487	906	906	1707	1707	11821	11821	6208	6208	161	161	319	319	882	882	8832	8832	108	108	33	33	77	77	234	234	54	54	13	13	113	113	99	99	177	177	111	111	97	97	9	9	227	227	1829	1829	2633	2633	2603	2603	59	59	31	31	1	1	37	37	7766	7766	6498	6498	32	32	20	20	9	9	11	11	88	88	19	19	33	33	59	59	2326	2326	4518	4518	17666	17666	6396	6396	189	189	243	243
IND00594	1270	1270	1806	1806	201	201	104	104	3846	3846	2627	2627	563	563	542	542	135	135	163	163	14817	14817	6674	6674	1908	1908	817	817	14	14	257	257	4066	4066	2950	2950	561	561	424	424	3790	3790	7005	7005	666	666	827	827	31	31	51	51	180	180	123	123	15514	15514	13959	13959	3565	3565	2354	2354	61533	61533	39690	39690	3480	3480	1261	1261	31	31	156	156	8064	8064	7314	7314	192	192	3194	3194	78	78	46	46	69	69	378	378	62	62	3	3	95	95	32	32	450	450	691	691	176	176	57	57	638	638	404	404	1314	1314	1872	1872	832	832	6673	6673	373	373	185	185	13039	13039	6490	6490	72	72	68	68	175	175	112	112	190	190	131	131	217	217	96	96	857	857	424	424	94	94	36	36	1863	1863	3875	3875	3774	3774	1263	1263	76	76	109	109	18	18	19	19	6988	6988	4400	4400	31	31	30	30	1	1	1	1	26	26	89	89	13	13	46	46	4538	4538	1737	1737	28707	28707	8727	8727	253	253	221	221
IND00595	697	697	650	650	50	50	184	184	6190	6190	6356	6356	155	155	372	372	187	187	60	60	3458	3458	8605	8605	1406	1406	171	171	508	508	134	134	5883	5883	4862	4862	217	217	484	484	3612	3612	5400	5400	317	317	1013	1013	1	1	63	63	182	182	210	210	16128	16128	10979	10979	2528	2528	2807	2807	37941	37941	27324	27324	5986	5986	7920	7920	33	33	220	220	4796	4796	2022	2022	2293	2293	2608	2608	306	306	227	227	253	253	860	860	15	15	59	59	182	182	328	328	870	870	230	230	212	212	184	184	975	975	302	302	1087	1087	1615	1615	8827	8827	2322	2322	498	498	482	482	4109	4109	1390	1390	38	38	16	16	187	187	22	22	206	206	185	185	225	225	91	91	459	459	851	851	46	46	35	35	2484	2484	3636	3636	2409	2409	946	946	66	66	32	32	15	15	43	43	3968	3968	2645	2645	27	27	10	10	4	4	12	12	37	37	23	23	55	55	35	35	7352	7352	4763	4763	14126	14126	1586	1586	9	9	180	180
IND00596	476	476	891	891	471	471	38	38	3649	3649	6181	6181	870	870	874	874	154	154	218	218	3592	3592	9094	9094	830	830	1211	1211	349	349	103	103	6549	6549	546	546	428	428	200	200	4373	4373	3421	3421	787	787	174	174	10	10	13	13	160	160	50	50	4394	4394	16197	16197	2347	2347	410	410	11414	11414	513	513	6182	6182	6122	6122	101	101	66	66	6846	6846	4449	4449	3500	3500	3416	3416	404	404	2	2	1008	1008	853	853	62	62	74	74	207	207	67	67	298	298	91	91	192	192	8	8	74	74	678	678	782	782	1219	1219	7956	7956	10019	10019	408	408	100	100	6118	6118	1601	1601	114	114	126	126	195	195	215	215	195	195	96	96	96	96	61	61	265	265	816	816	17	17	75	75	1673	1673	1719	1719	847	847	14	14	26	26	17	17	11	11	7	7	4890	4890	7451	7451	31	31	5	5	10	10	11	11	114	114	72	72	9	9	58	58	3654	3654	2008	2008	3367	3367	14920	14920	77	77	245	245
IND00597	1361	1361	1623	1623	354	354	43	43	7530	7530	7740	7740	388	388	760	760	222	222	126	126	14079	14079	11259	11259	622	622	260	260	506	506	478	478	6442	6442	5359	5359	265	265	313	313	6112	6112	4677	4677	799	799	388	388	31	31	20	20	202	202	123	123	13953	13953	12360	12360	658	658	2688	2688	25383	25383	52144	52144	5890	5890	2299	2299	184	184	130	130	7712	7712	5457	5457	864	864	1551	1551	117	117	141	141	764	764	243	243	105	105	125	125	93	93	240	240	641	641	191	191	219	219	28	28	872	872	109	109	1202	1202	1938	1938	2124	2124	13520	13520	508	508	266	266	1274	1274	13454	13454	24	24	3	3	130	130	114	114	138	138	184	184	152	152	224	224	4	4	945	945	118	118	70	70	318	318	1386	1386	358	358	3510	3510	3	3	62	62	56	56	46	46	3066	3066	1473	1473	16	16	11	11	14	14	12	12	20	20	67	67	54	54	16	16	7391	7391	826	826	7276	7276	23862	23862	3	3	88	88
IND00598	1213	1213	108	108	152	152	259	259	2092	2092	5542	5542	1020	1020	579	579	34	34	114	114	3067	3067	2816	2816	307	307	179	179	153	153	218	218	7462	7462	2620	2620	614	614	608	608	3370	3370	5676	5676	724	724	57	57	64	64	23	23	114	114	214	214	5481	5481	883	883	3770	3770	2760	2760	33886	33886	53667	53667	1615	1615	5657	5657	90	90	90	90	4397	4397	2929	2929	2006	2006	4032	4032	57	57	279	279	674	674	48	48	1	1	66	66	318	318	28	28	542	542	403	403	104	104	77	77	987	987	505	505	456	456	895	895	2333	2333	7390	7390	197	197	451	451	13936	13936	6721	6721	67	67	109	109	247	247	237	237	160	160	239	239	114	114	67	67	1011	1011	461	461	3	3	45	45	2667	2667	2706	2706	367	367	1645	1645	19	19	93	93	34	34	14	14	5195	5195	5763	5763	15	15	22	22	3	3	16	16	19	19	72	72	61	61	30	30	6912	6912	1669	1669	29090	29090	3584	3584	188	188	3	3
IND00599	732	732	413	413	403	403	456	456	5945	5945	4222	4222	191	191	586	586	180	180	82	82	11174	11174	12463	12463	920	920	1774	1774	360	360	28	28	2268	2268	4228	4228	272	272	584	584	7868	7868	6485	6485	749	749	100	100	26	26	45	45	227	227	8	8	352	352	8136	8136	3775	3775	1961	1961	18960	18960	5838	5838	7249	7249	4147	4147	181	181	50	50	151	151	6769	6769	1009	1009	3647	3647	436	436	50	50	753	753	17	17	78	78	68	68	295	295	357	357	503	503	1005	1005	75	75	53	53	693	693	315	315	1026	1026	689	689	3031	3031	1322	1322	119	119	396	396	8068	8068	4625	4625	53	53	106	106	228	228	122	122	161	161	97	97	181	181	134	134	573	573	856	856	95	95	79	79	36	36	2649	2649	3772	3772	3777	3777	54	54	55	55	36	36	48	48	873	873	3353	3353	3	3	20	20	14	14	14	14	78	78	101	101	12	12	20	20	303	303	1955	1955	10842	10842	25208	25208	60	60	112	112
IND00600	76	76	1361	1361	356	356	23	23	399	399	4325	4325	227	227	872	872	131	131	253	253	11512	11512	5679	5679	1667	1667	824	824	302	302	146	146	3132	3132	7178	7178	379	379	669	669	1302	1302	7546	7546	439	439	379	379	38	38	19	19	225	225	123	123	12336	12336	7186	7186	3088	3088	2146	2146	47675	47675	65338	65338	5304	5304	2172	2172	87	87	43	43	5704	5704	2381	2381	1718	1718	1423	1423	297	297	318	318	614	614	560	560	87	87	89	89	144	144	130	130	49	49	203	203	170	170	156	156	548	548	159	159	148	148	93	93	1213	1213	11903	11903	425	425	136	136	14895	14895	1891	1891	93	93	28	28	34	34	255	255	255	255	98	98	189	189	71	71	80	80	10	10	73	73	72	72	2327	2327	3764	3764	3896	3896	4004	4004	127	127	97	97	47	47	26	26	5168	5168	5513	5513	16	16	12	12	3	3	2	2	30	30	84	84	30	30	55	55	6868	6868	1477	1477	7699	7699	11410	11410	182	182	165	165
IND00601	1358	1358	2037	2037	435	435	43	43	2995	2995	4818	4818	992	992	232	232	149	149	72	72	11404	11404	4950	4950	1417	1417	1475	1475	354	354	289	289	3367	3367	547	547	686	686	977	977	1885	1885	3527	3527	44	44	974	974	22	22	8	8	24	24	166	166	5526	5526	3330	3330	2241	2241	1576	1576	61884	61884	18438	18438	4538	4538	2045	2045	16	16	224	224	1459	1459	5804	5804	1134	1134	2912	2912	12	12	497	497	649	649	953	953	26	26	112	112	331	331	460	460	389	389	587	587	109	109	174	174	15	15	559	559	193	193	969	969	7993	7993	12654	12654	357	357	305	305	14259	14259	2811	2811	19	19	120	120	87	87	119	119	212	212	120	120	124	124	100	100	93	93	982	982	21	21	110	110	3455	3455	2718	2718	3886	3886	3782	3782	87	87	120	120	61	61	49	49	4963	4963	1886	1886	13	13	32	32	3	3	1	1	45	45	97	97	62	62	30	30	3473	3473	1646	1646	20708	20708	5443	5443	71	71	224	224
IND00602	1519	1519	1021	1021	484	484	225	225	3806	3806	5778	5778	566	566	110	110	113	113	218	218	10020	10020	3744	3744	974	974	119	119	77	77	465	465	5263	5263	2544	2544	426	426	598	598	3264	3264	7491	7491	479	479	183	183	27	27	23	23	9	9	62	62	522	522	8874	8874	670	670	3957	3957	58951	58951	11447	11447	6521	6521	4808	4808	93	93	150	150	6635	6635	4121	4121	3010	3010	2414	2414	159	159	165	165	697	697	375	375	80	80	46	46	289	289	54	54	1003	1003	561	561	148	148	236	236	305	305	1017	1017	1200	1200	809	809	6833	6833	7352	7352	22	22	435	435	3509	3509	671	671	109	109	61	61	34	34	132	132	119	119	138	138	33	33	33	33	678	678	289	289	107	107	48	48	2174	2174	3671	3671	1531	1531	2560	2560	115	115	104	104	31	31	8	8	3720	3720	6105	6105	6	6	31	31	5	5	3	3	32	32	46	46	29	29	18	18	939	939	2446	2446	13915	13915	17285	17285	51	51	69	69
IND00603	1854	1854	1075	1075	97	97	275	275	2751	2751	2341	2341	573	573	697	697	141	141	2	2	13271	13271	3909	3909	216	216	278	278	234	234	427	427	7525	7525	4443	4443	891	891	779	779	2486	2486	6395	6395	881	881	315	315	9	9	41	41	218	218	76	76	657	657	1548	1548	1727	1727	2423	2423	5561	5561	30781	30781	5542	5542	5961	5961	42	42	155	155	6779	6779	5044	5044	2109	2109	3920	3920	108	108	387	387	151	151	521	521	128	128	13	13	91	91	89	89	482	482	507	507	98	98	245	245	998	998	385	385	528	528	748	748	1014	1014	12936	12936	390	390	67	67	511	511	11596	11596	94	94	65	65	211	211	8	8	13	13	88	88	34	34	178	178	838	838	619	619	66	66	7	7	2002	2002	267	267	2825	2825	1160	1160	55	55	98	98	27	27	6	6	5439	5439	6997	6997	1	1	7	7	12	12	7	7	40	40	124	124	39	39	33	33	6705	6705	6547	6547	30351	30351	32526	32526	57	57	52	52
IND00604	1262	1262	238	238	240	240	473	473	7601	7601	7243	7243	460	460	19	19	118	118	119	119	12030	12030	6899	6899	231	231	1894	1894	216	216	175	175	222	222	6980	6980	367	367	497	497	5142	5142	6707	6707	862	862	831	831	47	47	63	63	60	60	115	115	10149	10149	15269	15269	1790	1790	3531	3531	43699	43699	33920	33920	4838	4838	7363	7363	69	69	196	196	4882	4882	3343	3343	281	281	3188	3188	296	296	42	42	530	530	21	21	85	85	39	39	208	208	131	131	486	486	424	424	24	24	238	238	188	188	593	593	874	874	1262	1262	11984	11984	14893	14893	264	264	289	289	8474	8474	13087	13087	120	120	45	45	222	222	106	106	123	123	216	216	164	164	151	151	771	771	588	588	79	79	5	5	2884	2884	1982	1982	3568	3568	1639	1639	27	27	67	67	25	25	44	44	6824	6824	4703	4703	19	19	6	6	11	11	12	12	23	23	98	98	2	2	12	12	7901	7901	2068	2068	27117	27117	22915	22915	214	214	19	19
IND00605	494	494	906	906	100	100	174	174	6759	6759	4304	4304	632	632	716	716	70	70	74	74	1692	1692	15325	15325	92	92	1681	1681	99	99	146	146	6337	6337	7470	7470	74	74	280	280	3231	3231	31	31	691	691	659	659	59	59	1	1	84	84	186	186	2709	2709	4700	4700	2621	2621	2230	2230	27594	27594	29701	29701	2627	2627	5809	5809	128	128	63	63	1046	1046	1112	1112	2217	2217	534	534	62	62	210	210	533	533	518	518	67	67	36	36	320	320	31	31	693	693	498	498	146	146	28	28	911	911	138	138	1188	1188	673	673	2707	2707	5613	5613	493	493	94	94	7173	7173	3431	3431	57	57	107	107	206	206	99	99	129	129	49	49	42	42	217	217	213	213	722	722	48	48	50	50	956	956	2449	2449	2957	2957	2797	2797	121	121	4	4	9	9	53	53	6408	6408	7097	7097	2	2	22	22	15	15	6	6	79	79	88	88	27	27	29	29	4996	4996	5598	5598	21818	21818	22172	22172	83	83	38	38
IND00606	701	701	1861	1861	366	366	382	382	4427	4427	342	342	484	484	85	85	132	132	65	65	8046	8046	9018	9018	987	987	1393	1393	120	120	31	31	339	339	3032	3032	261	261	703	703	4837	4837	1937	1937	442	442	197	197	45	45	63	63	242	242	17	17	10656	10656	1482	1482	3625	3625	2985	2985	61172	61172	50573	50573	2075	2075	8074	8074	207	207	66	66	2258	2258	37	37	2946	2946	1374	1374	405	405	79	79	723	723	314	314	92	92	7	7	443	443	359	359	886	886	437	437	88	88	228	228	413	413	787	787	1642	1642	1102	1102	2714	2714	1054	1054	333	333	452	452	7384	7384	10702	10702	51	51	68	68	40	40	199	199	178	178	237	237	220	220	39	39	993	993	538	538	103	103	1	1	1759	1759	1139	1139	3717	3717	2673	2673	83	83	86	86	56	56	5	5	3297	3297	935	935	10	10	10	10	3	3	15	15	95	95	61	61	49	49	48	48	7326	7326	674	674	24169	24169	27446	27446	220	220	133	133
IND00607	1171	1171	259	259	185	185	309	309	4135	4135	3981	3981	432	432	258	258	53	53	234	234	11393	11393	6804	6804	134	134	1949	1949	233	233	377	377	3841	3841	3280	3280	286	286	969	969	6251	6251	4757	4757	50	50	249	249	25	25	8	8	149	149	116	116	7589	7589	9511	9511	3377	3377	3185	3185	8047	8047	24939	24939	7949	7949	3190	3190	69	69	238	238	5798	5798	2130	2130	2924	2924	13	13	29	29	184	184	866	866	674	674	22	22	49	49	385	385	329	329	684	684	851	851	91	91	174	174	493	493	617	617	1689	1689	310	310	8415	8415	6246	6246	157	157	174	174	6427	6427	4654	4654	71	71	7	7	56	56	147	147	101	101	240	240	188	188	183	183	160	160	618	618	18	18	16	16	844	844	2138	2138	208	208	1063	1063	64	64	123	123	59	59	8	8	5960	5960	6746	6746	10	10	22	22	13	13	8	8	33	33	20	20	13	13	1	1	632	632	4598	4598	24143	24143	8923	8923	149	149	20	20
IND00608	955	955	728	728	504	504	463	463	1575	1575	3358	3358	945	945	648	648	160	160	169	169	8112	8112	3077	3077	1708	1708	878	878	183	183	59	59	412	412	3744	3744	783	783	967	967	4892	4892	4880	4880	320	320	582	582	3	3	36	36	200	200	225	225	8654	8654	16339	16339	1567	1567	3086	3086	17022	17022	32299	32299	7064	7064	4126	4126	167	167	45	45	4291	4291	7297	7297	1113	1113	3036	3036	12	12	14	14	469	469	130	130	2	2	89	89	490	490	161	161	759	759	592	592	216	216	61	61	945	945	435	435	1178	1178	949	949	11456	11456	7279	7279	1	1	498	498	4320	4320	15609	15609	107	107	41	41	156	156	236	236	164	164	39	39	73	73	69	69	323	323	844	844	40	40	36	36	215	215	1099	1099	1297	1297	991	991	46	46	115	115	38	38	41	41	2182	2182	1127	1127	5	5	24	24	1	1	14	14	47	47	97	97	46	46	58	58	2520	2520	6542	6542	30080	30080	7529	7529	191	191	57	57
IND00609	189	189	1801	1801	165	165	457	457	5030	5030	7427	7427	874	874	175	175	220	220	175	175	2148	2148	12727	12727	366	366	586	586	288	288	345	345	3203	3203	3874	3874	520	520	976	976	4004	4004	6668	6668	956	956	772	772	1	1	7	7	85	85	93	93	10748	10748	11079	11079	3357	3357	728	728	58774	58774	2212	2212	2143	2143	6296	6296	100	100	235	235	6983	6983	4661	4661	404	404	2678	2678	337	337	375	375	983	983	987	987	78	78	87	87	323	323	132	132	226	226	807	807	242	242	172	172	863	863	800	800	1873	1873	1560	1560	4279	4279	4	4	233	233	235	235	11699	11699	2986	2986	78	78	39	39	19	19	110	110	104	104	125	125	39	39	54	54	725	725	640	640	58	58	37	37	731	731	1933	1933	3574	3574	229	229	28	28	10	10	35	35	43	43	4175	4175	4249	4249	17	17	24	24	2	2	12	12	127	127	103	103	22	22	56	56	6501	6501	5019	5019	31856	31856	3333	3333	118	118	230	230
IND00610	551	551	1381	1381	86	86	16	16	5313	5313	824	824	94	94	174	174	164	164	35	35	902	902	5430	5430	802	802	1203	1203	193	193	153	153	4353	4353	1275	1275	980	980	247	247	711	711	637	637	437	437	340	340	64	64	26	26	242	242	61	61	14328	14328	561	561	2311	2311	2604	2604	5577	5577	62790	62790	4209	4209	287	287	244	244	161	161	1025	1025	6097	6097	1827	1827	2291	2291	365	365	184	184	457	457	784	784	106	106	24	24	428	428	224	224	263	263	479	479	32	32	220	220	92	92	370	370	548	548	1408	1408	7490	7490	2889	2889	397	397	62	62	5715	5715	12128	12128	121	121	16	16	22	22	118	118	217	217	78	78	5	5	176	176	348	348	979	979	36	36	53	53	3092	3092	749	749	3188	3188	634	634	58	58	35	35	36	36	50	50	7390	7390	5475	5475	27	27	15	15	4	4	7	7	54	54	27	27	57	57	50	50	7717	7717	280	280	21706	21706	11114	11114	107	107	24	24
IND00611	484	484	748	748	499	499	346	346	241	241	5473	5473	604	604	921	921	208	208	142	142	6180	6180	10844	10844	36	36	1321	1321	391	391	216	216	1127	1127	4943	4943	1013	1013	17	17	5638	5638	2411	2411	329	329	751	751	60	60	10	10	222	222	161	161	11319	11319	101	101	4004	4004	1514	1514	7387	7387	34136	34136	285	285	6718	6718	190	190	5	5	1147	1147	3425	3425	4088	4088	2393	2393	334	334	358	358	348	348	374	374	87	87	77	77	207	207	43	43	171	171	371	371	134	134	199	199	806	806	357	357	633	633	1419	1419	14676	14676	4551	4551	131	131	388	388	12863	12863	8681	8681	18	18	97	97	184	184	246	246	89	89	196	196	253	253	30	30	327	327	584	584	41	41	59	59	3423	3423	3083	3083	1230	1230	616	616	128	128	36	36	49	49	39	39	6410	6410	5592	5592	2	2	20	20	2	2	16	16	42	42	59	59	27	27	58	58	939	939	2657	2657	31892	31892	19788	19788	122	122	54	54
IND00612	183	183	1354	1354	346	346	398	398	1800	1800	879	879	322	322	785	785	59	59	244	244	1486	1486	5799	5799	322	322	1962	1962	331	331	321	321	6418	6418	7920	7920	782	782	829	829	2093	2093	3279	3279	586	586	481	481	58	58	5	5	135	135	13	13	1461	1461	13840	13840	1720	1720	2419	2419	39707	39707	19416	19416	3364	3364	2505	2505	208	208	74	74	512	512	6545	6545	3025	3025	2940	2940	75	75	341	341	388	388	331	331	108	108	39	39	138	138	174	174	80	80	440	440	31	31	81	81	443	443	718	718	1309	1309	1879	1879	378	378	1690	1690	213	213	59	59	8775	8775	12468	12468	104	104	120	120	242	242	201	201	118	118	23	23	174	174	226	226	332	332	177	177	62	62	85	85	3222	3222	2753	2753	3892	3892	411	411	120	120	62	62	17	17	56	56	3416	3416	924	924	30	30	27	27	16	16	8	8	18	18	120	120	25	25	39	39	2890	2890	4169	4169	9566	9566	11387	11387	102	102	137	137
IND00613	1880	1880	1729	1729	340	340	131	131	7270	7270	5101	5101	1018	1018	370	370	191	191	186	186	12919	12919	3962	3962	1219	1219	947	947	106	106	395	395	7854	7854	3905	3905	62	62	155	155	4368	4368	2589	2589	999	999	1006	1006	13	13	11	11	148	148	255	255	7071	7071	14895	14895	1471	1471	3010	3010	50127	50127	55002	55002	3436	3436	5154	5154	127	127	35	35	3997	3997	5818	5818	740	740	2282	2282	64	64	499	499	544	544	261	261	18	18	51	51	439	439	52	52	781	781	325	325	85	85	14	14	378	378	332	332	883	883	1414	1414	4136	4136	7654	7654	305	305	35	35	7119	7119	7377	7377	49	49	33	33	93	93	155	155	43	43	212	212	125	125	168	168	735	735	166	166	69	69	3	3	2679	2679	3152	3152	1730	1730	285	285	46	46	122	122	34	34	51	51	547	547	2923	2923	20	20	7	7	15	15	10	10	20	20	111	111	57	57	53	53	4981	4981	552	552	16514	16514	17111	17111	72	72	74	74
IND00614	1488	1488	593	593	40	40	492	492	5380	5380	2091	2091	577	577	849	849	219	219	153	153	11119	11119	3880	3880	256	256	342	342	101	101	500	500	511	511	6550	6550	598	598	975	975	5822	5822	4455	4455	600	600	820	820	59	59	48	48	48	48	216	216	4454	4454	11313	11313	3106	3106	3007	3007	55433	55433	25893	25893	197	197	1178	1178	47	47	118	118	6097	6097	2991	2991	2319	2319	2983	2983	469	469	238	238	824	824	457	457	54	54	118	118	508	508	487	487	177	177	984	984	189	189	128	128	35	35	716	716	1311	1311	1781	1781	4728	4728	3596	3596	361	361	209	209	15763	15763	8339	8339	58	58	19	19	55	55	15	15	223	223	251	251	77	77	232	232	65	65	4	4	22	22	53	53	3890	3890	3429	3429	170	170	3900	3900	63	63	121	121	44	44	36	36	3974	3974	500	500	14	14	14	14	15	15	10	10	92	92	70	70	17	17	14	14	858	858	7350	7350	1675	1675	5046	5046	192	192	160	160
IND00615	1074	1074	1357	1357	412	412	14	14	2743	2743	2291	2291	233	233	492	492	144	144	183	183	16145	16145	10897	10897	1354	1354	1009	1009	253	253	98	98	2503	2503	2645	2645	905	905	349	349	1732	1732	469	469	951	951	214	214	8	8	24	24	132	132	230	230	6819	6819	14603	14603	498	498	1265	1265	14398	14398	49561	49561	1694	1694	8159	8159	111	111	84	84	5230	5230	3442	3442	987	987	3116	3116	443	443	210	210	576	576	1020	1020	48	48	126	126	257	257	173	173	124	124	650	650	186	186	254	254	783	783	1016	1016	178	178	1128	1128	10473	10473	7346	7346	450	450	347	347	7607	7607	5968	5968	14	14	74	74	137	137	249	249	46	46	201	201	94	94	224	224	881	881	779	779	68	68	30	30	360	360	2867	2867	616	616	2735	2735	65	65	49	49	45	45	16	16	1124	1124	4827	4827	23	23	3	3	4	4	6	6	13	13	37	37	43	43	26	26	1660	1660	3492	3492	4413	4413	31886	31886	216	216	35	35
IND00616	642	642	1795	1795	512	512	395	395	296	296	3263	3263	690	690	1011	1011	32	32	49	49	7136	7136	8041	8041	553	553	1998	1998	138	138	98	98	91	91	477	477	63	63	964	964	3591	3591	1501	1501	932	932	1002	1002	27	27	12	12	55	55	89	89	5414	5414	11127	11127	3951	3951	696	696	48724	48724	2100	2100	2790	2790	4969	4969	53	53	225	225	5736	5736	606	606	1574	1574	1364	1364	178	178	301	301	223	223	537	537	20	20	86	86	290	290	443	443	272	272	393	393	49	49	125	125	968	968	584	584	197	197	1970	1970	15185	15185	5013	5013	98	98	411	411	10073	10073	374	374	29	29	121	121	63	63	110	110	117	117	187	187	232	232	225	225	479	479	142	142	69	69	111	111	1087	1087	1072	1072	179	179	3609	3609	94	94	23	23	55	55	20	20	4428	4428	6369	6369	29	29	32	32	8	8	6	6	128	128	57	57	21	21	23	23	4994	4994	2214	2214	28157	28157	6288	6288	81	81	70	70
IND00617	1921	1921	1807	1807	22	22	398	398	5119	5119	4269	4269	265	265	324	324	25	25	4	4	12953	12953	13331	13331	692	692	813	813	402	402	218	218	8088	8088	246	246	103	103	400	400	2549	2549	641	641	325	325	861	861	46	46	15	15	191	191	146	146	4971	4971	8372	8372	697	697	2080	2080	20713	20713	25300	25300	6912	6912	4334	4334	122	122	135	135	90	90	3958	3958	2494	2494	3758	3758	210	210	437	437	499	499	483	483	101	101	7	7	229	229	25	25	532	532	250	250	72	72	68	68	758	758	742	742	1929	1929	1827	1827	6238	6238	2516	2516	4	4	376	376	8297	8297	3349	3349	16	16	57	57	134	134	249	249	120	120	198	198	205	205	198	198	232	232	537	537	18	18	92	92	2560	2560	406	406	2881	2881	2132	2132	85	85	119	119	45	45	42	42	4767	4767	5440	5440	5	5	18	18	3	3	4	4	109	109	28	28	31	31	20	20	6926	6926	2877	2877	29291	29291	31229	31229	95	95	187	187
IND00618	1653	1653	843	843	384	384	78	78	2625	2625	4371	4371	406	406	371	371	172	172	7	7	6682	6682	13941	13941	149	149	197	197	203	203	120	120	2955	2955	6620	6620	789	789	8	8	7971	7971	7640	7640	84	84	315	315	16	16	5	5	20	20	246	246	11509	11509	6047	6047	126	126	138	138	47609	47609	15754	15754	1824	1824	5193	5193	166	166	212	212	2247	2247	3864	3864	509	509	2641	2641	262	262	195	195	603	603	511	511	108	108	59	59	239	239	276	276	264	264	530	530	196	196	6	6	883	883	312	312	1667	1667	432	432	1212	1212	3288	3288	492	492	352	352	7190	7190	14192	14192	47	47	68	68	250	250	204	204	206	206	227	227	132	132	241	241	668	668	662	662	80	80	79	79	3621	3621	2463	2463	2992	2992	3304	3304	38	38	48	48	49	49	45	45	5360	5360	7389	7389	3	3	10	10	2	2	3	3	91	91	36	36	55	55	26	26	2931	2931	4235	4235	13460	13460	8322	8322	253	253	233	233
IND00619	1675	1675	293	293	81	81	233	233	3560	3560	5605	5605	513	513	764	764	179	179	202	202	16135	16135	14302	14302	445	445	1865	1865	249	249	493	493	1550	1550	1003	1003	663	663	195	195	8130	8130	2225	2225	684	684	121	121	49	49	56	56	210	210	94	94	3920	3920	2815	2815	3124	3124	2675	2675	62825	62825	35198	35198	5928	5928	2813	2813	192	192	115	115	6276	6276	5152	5152	1282	1282	1312	1312	358	358	505	505	545	545	380	380	49	49	65	65	306	306	223	223	184	184	406	406	80	80	115	115	148	148	721	721	1087	1087	1930	1930	9408	9408	2337	2337	494	494	353	353	9147	9147	4304	4304	30	30	67	67	11	11	94	94	120	120	50	50	109	109	155	155	3	3	378	378	21	21	109	109	4085	4085	659	659	3411	3411	2864	2864	17	17	97	97	52	52	27	27	5213	5213	1071	1071	12	12	29	29	15	15	8	8	1	1	59	59	11	11	32	32	7448	7448	7054	7054	18690	18690	2734	2734	56	56	86	86
IND00620	619	619	206	206	96	96	260	260	7219	7219	4955	4955	220	220	869	869	139	139	4	4	8051	8051	15963	15963	1154	1154	593	593	121	121	283	283	5815	5815	4112	4112	716	716	796	796	2147	2147	4777	4777	885	885	351	351	10	10	59	59	248	248	162	162	10108	10108	9722	9722	3654	3654	1550	1550	65212	65212	37934	37934	5263	5263	3723	3723	201	201	136	136	4417	4417	7007	7007	2591	2591	1365	1365	310	310	344	344	402	402	157	157	41	41	6	6	7	7	498	498	784	784	960	960	35	35	181	181	1008	1008	252	252	1188	1188	2028	2028	13208	13208	5055	5055	116	116	391	391	4472	4472	6571	6571	3	3	72	72	213	213	160	160	101	101	87	87	75	75	45	45	148	148	129	129	94	94	122	122	4053	4053	1158	1158	2177	2177	1651	1651	4	4	126	126	43	43	54	54	7110	7110	1780	1780	25	25	23	23	5	5	8	8	127	127	9	9	55	55	44	44	4410	4410	7163	7163	29693	29693	31793	31793	197	197	55	55
IND00621	749	749	812	812	256	256	415	415	3681	3681	4891	4891	472	472	248	248	107	107	47	47	12981	12981	2826	2826	1422	1422	1511	1511	210	210	450	450	6244	6244	7026	7026	508	508	114	114	7326	7326	904	904	55	55	91	91	29	29	55	55	163	163	11	11	3174	3174	1638	1638	2112	2112	1808	1808	7149	7149	15910	15910	6877	6877	3453	3453	237	237	226	226	5267	5267	7092	7092	3657	3657	897	897	366	366	32	32	848	848	403	403	62	62	69	69	83	83	430	430	480	480	475	475	152	152	238	238	220	220	585	585	845	845	2002	2002	6283	6283	11428	11428	297	297	346	346	15329	15329	5199	5199	115	115	112	112	189	189	202	202	155	155	196	196	170	170	16	16	218	218	234	234	28	28	46	46	739	739	645	645	3843	3843	23	23	121	121	89	89	42	42	23	23	4040	4040	7619	7619	13	13	3	3	7	7	14	14	25	25	41	41	24	24	16	16	2233	2233	3327	3327	13285	13285	7579	7579	213	213	158	158
IND00622	1538	1538	443	443	258	258	20	20	4514	4514	5851	5851	506	506	610	610	134	134	53	53	12438	12438	7373	7373	847	847	948	948	128	128	321	321	1441	1441	448	448	105	105	548	548	5917	5917	3263	3263	490	490	674	674	25	25	27	27	162	162	143	143	5261	5261	4544	4544	1216	1216	974	974	9523	9523	17844	17844	7221	7221	6619	6619	75	75	195	195	5067	5067	6944	6944	19	19	3433	3433	378	378	446	446	705	705	713	713	98	98	16	16	260	260	413	413	824	824	256	256	49	49	202	202	691	691	623	623	1681	1681	1772	1772	5806	5806	14495	14495	182	182	178	178	12631	12631	11758	11758	38	38	103	103	28	28	239	239	34	34	248	248	229	229	21	21	235	235	353	353	55	55	16	16	3239	3239	344	344	1732	1732	105	105	95	95	94	94	63	63	7	7	280	280	3349	3349	28	28	10	10	5	5	10	10	93	93	13	13	42	42	32	32	5826	5826	939	939	4621	4621	4316	4316	122	122	17	17
IND00623	1745	1745	174	174	3	3	213	213	3389	3389	1087	1087	102	102	449	449	142	142	247	247	15463	15463	1843	1843	153	153	1009	1009	259	259	264	264	1747	1747	6534	6534	384	384	836	836	6379	6379	5064	5064	640	640	323	323	36	36	44	44	185	185	95	95	4028	4028	1308	1308	3143	3143	2196	2196	33637	33637	22116	22116	4122	4122	5473	5473	212	212	80	80	1911	1911	7250	7250	579	579	3447	3447	183	183	52	52	602	602	244	244	33	33	63	63	135	135	374	374	298	298	542	542	38	38	57	57	1008	1008	399	399	1275	1275	562	562	16096	16096	12717	12717	265	265	163	163	1535	1535	2931	2931	118	118	13	13	55	55	5	5	62	62	24	24	141	141	156	156	925	925	692	692	122	122	56	56	1566	1566	2665	2665	3472	3472	139	139	16	16	84	84	48	48	22	22	7367	7367	685	685	24	24	10	10	1	1	9	9	105	105	63	63	4	4	20	20	2344	2344	4548	4548	22644	22644	22795	22795	211	211	169	169
IND00624	286	286	414	414	187	187	47	47	2338	2338	4908	4908	443	443	525	525	115	115	17	17	14534	14534	2287	2287	1305	1305	152	152	342	342	416	416	3597	3597	6342	6342	870	870	300	300	2295	2295	2451	2451	168	168	538	538	49	49	58	58	143	143	191	191	4573	4573	9346	9346	3176	3176	574	574	11353	11353	1201	1201	6726	6726	785	785	80	80	211	211	1354	1354	2177	2177	1998	1998	2796	2796	18	18	38	38	299	299	238	238	56	56	95	95	391	391	385	385	1017	1017	287	287	188	188	103	103	27	27	392	392	167	167	1638	1638	7528	7528	9409	9409	35	35	108	108	1914	1914	12255	12255	91	91	98	98	43	43	168	168	88	88	12	12	171	171	64	64	969	969	43	43	117	117	50	50	3544	3544	1956	1956	441	441	1245	1245	114	114	67	67	53	53	16	16	4930	4930	5152	5152	14	14	2	2	3	3	14	14	31	31	69	69	55	55	23	23	6436	6436	1894	1894	7687	7687	22265	22265	64	64	137	137
IND00625	1527	1527	1567	1567	247	247	386	386	6419	6419	3086	3086	625	625	726	726	1	1	43	43	467	467	2227	2227	1646	1646	365	365	482	482	239	239	3213	3213	5594	5594	183	183	656	656	4847	4847	5399	5399	458	458	159	159	27	27	53	53	211	211	120	120	4563	4563	15558	15558	1389	1389	3388	3388	8237	8237	21134	21134	429	429	4173	4173	193	193	250	250	2984	2984	5048	5048	3437	3437	1216	1216	95	95	103	103	257	257	613	613	6	6	14	14	380	380	475	475	448	448	589	589	154	154	16	16	458	458	29	29	1130	1130	1344	1344	1127	1127	183	183	442	442	403	403	12866	12866	15053	15053	93	93	108	108	170	170	24	24	16	16	246	246	157	157	69	69	515	515	373	373	67	67	13	13	559	559	2592	2592	757	757	2712	2712	52	52	90	90	26	26	37	37	1131	1131	37	37	20	20	22	22	10	10	2	2	52	52	28	28	64	64	21	21	7555	7555	1861	1861	20345	20345	17088	17088	208	208	155	155
IND00626	880	880	1662	1662	188	188	170	170	6615	6615	5518	5518	126	126	28	28	193	193	130	130	4635	4635	15097	15097	1192	1192	251	251	450	450	215	215	5647	5647	2664	2664	738	738	720	720	2058	2058	6069	6069	430	430	158	158	27	27	44	44	45	45	202	202	6745	6745	15647	15647	1534	1534	3410	3410	61674	61674	24238	24238	5570	5570	5081	5081	111	111	32	32	1896	1896	4864	4864	1835	1835	3825	3825	259	259	58	58	937	937	474	474	18	18	76	76	271	271	160	160	614	614	345	345	166	166	97	97	636	636	736	736	541	541	505	505	5966	5966	9735	9735	67	67	29	29	16345	16345	8732	8732	33	33	113	113	92	92	245	245	73	73	127	127	26	26	229	229	933	933	203	203	32	32	121	121	602	602	485	485	1132	1132	3538	3538	42	42	41	41	19	19	17	17	1070	1070	3304	3304	7	7	22	22	5	5	13	13	56	56	66	66	50	50	28	28	4573	4573	7675	7675	11699	11699	18046	18046	191	191	107	107
IND00627	1244	1244	726	726	223	223	430	430	1422	1422	6755	6755	648	648	578	578	123	123	234	234	12626	12626	15403	15403	1812	1812	113	113	135	135	413	413	2683	2683	7358	7358	305	305	799	799	3085	3085	2249	2249	554	554	455	455	63	63	27	27	197	197	136	136	1214	1214	9533	9533	516	516	2526	2526	776	776	50747	50747	7911	7911	4710	4710	145	145	18	18	7756	7756	4890	4890	889	889	3922	3922	139	139	187	187	580	580	579	579	75	75	127	127	303	303	421	421	104	104	966	966	152	152	187	187	196	196	61	61	1368	1368	1816	1816	11914	11914	14711	14711	498	498	236	236	7433	7433	10356	10356	78	78	44	44	144	144	213	213	56	56	74	74	58	58	230	230	139	139	873	873	93	93	62	62	3964	3964	1393	1393	1831	1831	3715	3715	62	62	96	96	18	18	26	26	650	650	5270	5270	4	4	1	1	12	12	16	16	26	26	48	48	15	15	2	2	5578	5578	479	479	13727	13727	3798	3798	244	244	78	78
IND00628	1619	1619	1345	1345	154	154	398	398	1357	1357	7011	7011	247	247	225	225	9	9	218	218	14351	14351	14593	14593	1474	1474	1031	1031	477	477	384	384	387	387	3355	3355	209	209	193	193	5743	5743	4261	4261	484	484	606	606	33	33	55	55	225	225	75	75	9704	9704	12879	12879	2413	2413	2599	2599	45192	45192	44549	44549	4493	4493	4121	4121	102	102	235	235	1511	1511	7354	7354	2348	2348	3692	3692	59	59	103	103	782	782	653	653	75	75	41	41	385	385	119	119	423	423	82	82	186	186	148	148	477	477	569	569	1561	1561	810	810	13929	13929	15336	15336	324	324	83	83	3025	3025	12511	12511	8	8	36	36	80	80	36	36	213	213	162	162	153	153	220	220	310	310	301	301	13	13	116	116	2609	2609	3759	3759	3295	3295	1214	1214	2	2	10	10	60	60	20	20	7677	7677	7209	7209	24	24	26	26	10	10	13	13	55	55	1	1	12	12	14	14	7017	7017	1749	1749	4823	4823	25672	25672	39	39	221	221
IND00629	1849	1849	265	265	508	508	84	84	5834	5834	2729	2729	779	779	731	731	240	240	138	138	14802	14802	4568	4568	1924	1924	877	877	499	499	150	150	6319	6319	6506	6506	315	315	306	306	726	726	5263	5263	685	685	846	846	19	19	14	14	187	187	116	116	1214	1214	3474	3474	3741	3741	3157	3157	56764	56764	41098	41098	2609	2609	1610	1610	174	174	75	75	4061	4061	3240	3240	3806	3806	559	559	474	474	128	128	77	77	76	76	60	60	69	69	79	79	321	321	471	471	291	291	57	57	1	1	499	499	461	461	724	724	1819	1819	10994	10994	4282	4282	346	346	454	454	4687	4687	8378	8378	86	86	96	96	163	163	232	232	239	239	103	103	184	184	145	145	936	936	731	731	99	99	12	12	2778	2778	1119	1119	3190	3190	2044	2044	28	28	115	115	47	47	24	24	3472	3472	2921	2921	22	22	18	18	9	9	12	12	109	109	124	124	57	57	43	43	6927	6927	4122	4122	23856	23856	20549	20549	22	22	187	187
IND00630	2000	2000	665	665	29	29	72	72	1273	1273	2132	2132	838	838	91	91	85	85	213	213	11965	11965	452	452	1649	1649	891	891	265	265	275	275	6024	6024	2260	2260	490	490	270	270	3835	3835	6116	6116	682	682	405	405	12	12	62	62	140	140	190	190	5323	5323	11387	11387	1218	1218	3775	3775	54855	54855	1625	1625	3614	3614	4678	4678	96	96	60	60	3119	3119	4001	4001	2997	2997	3124	3124	124	124	174	174	939	939	402	402	40	40	1	1	419	419	483	483	269	269	581	581	206	206	28	28	102	102	921	921	314	314	538	538	5754	5754	13738	13738	82	82	461	461	3440	3440	9136	9136	76	76	95	95	182	182	43	43	127	127	93	93	65	65	186	186	992	992	301	301	28	28	93	93	3124	3124	1439	1439	1035	1035	1966	1966	22	22	39	39	61	61	12	12	7216	7216	8047	8047	10	10	32	32	3	3	5	5	123	123	64	64	21	21	3	3	895	895	215	215	19308	19308	4644	4644	46	46	154	154
IND00631	228	228	1275	1275	473	473	132	132	531	531	3197	3197	611	611	767	767	132	132	208	208	9908	9908	2920	2920	605	605	1125	1125	340	340	370	370	6111	6111	1013	1013	352	352	58	58	2627	2627	5397	5397	304	304	206	206	15	15	61	61	146	146	251	251	3899	3899	9341	9341	2523	2523	1469	1469	54561	54561	39725	39725	1253	1253	7745	7745	163	163	90	90	3657	3657	6667	6667	2544	2544	926	926	165	165	370	370	301	301	964	964	25	25	68	68	267	267	117	117	649	649	13	13	88	88	121	121	1005	1005	368	368	280	280	1121	1121	4064	4064	15902	15902	125	125	202	202	9991	9991	3114	3114	124	124	43	43	10	10	144	144	126	126	170	170	99	99	177	177	213	213	942	942	122	122	111	111	3318	3318	984	984	4059	4059	1909	1909	66	66	82	82	60	60	49	49	4020	4020	6973	6973	26	26	27	27	16	16	11	11	127	127	82	82	39	39	50	50	1732	1732	5576	5576	21602	21602	7746	7746	130	130	62	62
IND00632	368	368	680	680	385	385	351	351	3759	3759	5610	5610	713	713	968	968	182	182	169	169	10490	10490	12197	12197	1040	1040	545	545	59	59	13	13	1521	1521	4408	4408	218	218	425	425	6775	6775	4787	4787	143	143	791	791	61	61	32	32	210	210	155	155	10504	10504	11226	11226	827	827	1016	1016	55196	55196	38935	38935	7629	7629	3228	3228	37	37	95	95	5300	5300	2510	2510	3407	3407	3179	3179	96	96	292	292	878	878	318	318	15	15	125	125	429	429	196	196	953	953	1014	1014	121	121	142	142	945	945	865	865	695	695	470	470	10017	10017	7149	7149	5	5	315	315	10380	10380	2653	2653	101	101	63	63	65	65	131	131	76	76	151	151	28	28	15	15	321	321	348	348	126	126	75	75	18	18	435	435	2594	2594	519	519	39	39	76	76	4	4	16	16	4730	4730	4664	4664	23	23	6	6	6	6	1	1	126	126	70	70	61	61	20	20	7208	7208	5025	5025	5909	5909	8042	8042	77	77	3	3
IND00633	118	118	1588	1588	194	194	65	65	1632	1632	3798	3798	221	221	326	326	202	202	109	109	8548	8548	12914	12914	22	22	1472	1472	88	88	297	297	1557	1557	5357	5357	402	402	317	317	7529	7529	7246	7246	35	35	891	891	34	34	28	28	163	163	133	133	13385	13385	14863	14863	1118	1118	89	89	16612	16612	44865	44865	2675	2675	3842	3842	151	151	66	66	981	981	3720	3720	1861	1861	209	209	389	389	335	335	991	991	941	941	47	47	66	66	142	142	342	342	44	44	714	714	244	244	227	227	770	770	676	676	72	72	1342	1342	5655	5655	7982	7982	222	222	369	369	7748	7748	14748	14748	104	104	108	108	151	151	149	149	57	57	62	62	218	218	51	51	315	315	955	955	84	84	14	14	448	448	3394	3394	390	390	2058	2058	55	55	21	21	58	58	47	47	1816	1816	1837	1837	26	26	11	11	11	11	5	5	66	66	70	70	30	30	31	31	648	648	3339	3339	25735	25735	17717	17717	66	66	97	97
IND00634	1332	1332	1773	1773	255	255	47	47	1747	1747	2480	2480	915	915	290	290	132	132	64	64	14026	14026	3370	3370	1823	1823	2020	2020	203	203	344	344	2016	2016	4855	4855	773	773	808	808	7143	7143	7703	7703	312	312	688	688	18	18	30	30	146	146	47	47	6232	6232	2477	2477	617	617	1844	1844	2118	2118	10568	10568	4378	4378	7294	7294	245	245	4	4	675	675	6515	6515	1569	1569	1022	1022	220	220	414	414	925	925	276	276	74	74	75	75	68	68	134	134	78	78	728	728	146	146	187	187	645	645	437	437	910	910	956	956	5687	5687	7323	7323	423	423	400	400	15971	15971	5661	5661	104	104	102	102	56	56	19	19	112	112	196	196	250	250	59	59	340	340	895	895	6	6	107	107	3371	3371	3518	3518	3686	3686	3327	3327	36	36	101	101	18	18	45	45	1470	1470	7070	7070	22	22	23	23	5	5	14	14	7	7	47	47	62	62	39	39	1227	1227	7560	7560	4811	4811	4114	4114	136	136	255	255
IND00635	1293	1293	454	454	448	448	182	182	1964	1964	1248	1248	268	268	918	918	242	242	164	164	15067	15067	16195	16195	1344	1344	964	964	334	334	93	93	7103	7103	7765	7765	859	859	295	295	6075	6075	6149	6149	320	320	266	266	10	10	35	35	224	224	13	13	9289	9289	14800	14800	3099	3099	595	595	7279	7279	9261	9261	7251	7251	7364	7364	249	249	157	157	5470	5470	7635	7635	1533	1533	3759	3759	384	384	378	378	998	998	315	315	34	34	125	125	227	227	100	100	62	62	927	927	40	40	94	94	757	757	867	867	172	172	408	408	3972	3972	11959	11959	46	46	68	68	6210	6210	1104	1104	43	43	36	36	123	123	179	179	31	31	99	99	3	3	232	232	550	550	949	949	64	64	83	83	586	586	2241	2241	1920	1920	106	106	49	49	66	66	13	13	63	63	1085	1085	1819	1819	12	12	9	9	7	7	10	10	19	19	91	91	10	10	33	33	5345	5345	496	496	8625	8625	2301	2301	4	4	243	243
IND00636	832	832	751	751	138	138	50	50	7090	7090	1314	1314	68	68	945	945	83	83	127	127	14199	14199	11745	11745	26	26	27	27	75	75	500	500	384	384	6730	6730	1	1	201	201	2744	2744	4841	4841	725	725	433	433	62	62	10	10	109	109	149	149	5419	5419	16177	16177	131	131	1664	1664	59934	59934	30400	30400	1942	1942	5194	5194	182	182	104	104	1252	1252	1044	1044	966	966	1684	1684	456	456	454	454	755	755	818	818	42	42	1	1	318	318	307	307	350	350	110	110	92	92	112	112	51	51	284	284	2007	2007	1996	1996	15330	15330	8015	8015	216	216	356	356	12793	12793	10315	10315	69	69	33	33	115	115	127	127	80	80	196	196	201	201	111	111	102	102	971	971	24	24	23	23	116	116	3324	3324	1831	1831	2788	2788	13	13	108	108	14	14	53	53	7838	7838	5104	5104	5	5	20	20	13	13	7	7	30	30	113	113	21	21	20	20	6513	6513	3103	3103	27595	27595	31695	31695	252	252	60	60
IND00637	491	491	542	542	374	374	380	380	6366	6366	7608	7608	456	456	376	376	2	2	156	156	71	71	11918	11918	794	794	938	938	9	9	348	348	2924	2924	2972	2972	557	557	179	179	3346	3346	13	13	781	781	145	145	63	63	31	31	153	153	192	192	16170	16170	12196	12196	8	8	952	952	64911	64911	41611	41611	7451	7451	1240	1240	130	130	93	93	8153	8153	4252	4252	1495	1495	1752	1752	510	510	247	247	786	786	337	337	77	77	126	126	482	482	324	324	382	382	53	53	157	157	74	74	931	931	37	37	805	805	1897	1897	16088	16088	16231	16231	18	18	138	138	10255	10255	10581	10581	88	88	9	9	119	119	217	217	12	12	156	156	66	66	16	16	700	700	57	57	84	84	67	67	759	759	353	353	3435	3435	1298	1298	63	63	40	40	13	13	29	29	8042	8042	7883	7883	1	1	26	26	15	15	7	7	86	86	50	50	11	11	42	42	7997	7997	4226	4226	15542	15542	14085	14085	138	138	178	178
IND00638	1304	1304	322	322	133	133	41	41	2332	2332	2599	2599	499	499	821	821	214	214	214	214	13865	13865	15916	15916	994	994	1412	1412	257	257	474	474	7777	7777	2211	2211	278	278	165	165	3143	3143	1562	1562	669	669	312	312	47	47	16	16	129	129	106	106	9210	9210	1009	1009	4068	4068	2577	2577	1254	1254	31351	31351	5206	5206	4047	4047	42	42	34	34	7574	7574	4855	4855	605	605	3442	3442	25	25	255	255	699	699	145	145	57	57	123	123	142	142	100	100	616	616	733	733	2	2	208	208	787	787	621	621	68	68	59	59	4581	4581	12647	12647	320	320	35	35	6448	6448	9591	9591	35	35	13	13	9	9	249	249	51	51	211	211	119	119	129	129	252	252	601	601	6	6	86	86	3931	3931	3726	3726	3006	3006	1295	1295	127	127	72	72	33	33	24	24	4534	4534	284	284	20	20	11	11	2	2	4	4	31	31	127	127	25	25	53	53	6742	6742	6435	6435	15774	15774	4381	4381	236	236	244	244
IND00639	1134	1134	433	433	488	488	474	474	4856	4856	4197	4197	545	545	952	952	58	58	248	248	5193	5193	59	59	700	700	17	17	376	376	376	376	3357	3357	4001	4001	527	527	703	703	5940	5940	690	690	510	510	100	100	59	59	26	26	237	237	103	103	7535	7535	1233	1233	2042	2042	3122	3122	62764	62764	48748	48748	159	159	7658	7658	126	126	36	36	8088	8088	6086	6086	2881	2881	3421	3421	325	325	231	231	453	453	784	784	12	12	85	85	255	255	301	301	318	318	75	75	116	116	27	27	607	607	532	532	1245	1245	426	426	165	165	7477	7477	325	325	41	41	15367	15367	15754	15754	30	30	80	80	29	29	100	100	122	122	185	185	41	41	171	171	322	322	927	927	50	50	74	74	488	488	3250	3250	1080	1080	554	554	84	84	92	92	45	45	48	48	668	668	1873	1873	19	19	29	29	9	9	10	10	126	126	3	3	10	10	12	12	6494	6494	7737	7737	8316	8316	17442	17442	179	179	121	121
IND00640	1882	1882	1223	1223	131	131	366	366	7778	7778	5195	5195	442	442	544	544	130	130	179	179	7546	7546	7828	7828	808	808	854	854	65	65	176	176	6096	6096	7943	7943	200	200	168	168	5346	5346	4106	4106	249	249	589	589	30	30	59	59	77	77	115	115	9948	9948	16242	16242	2803	2803	3473	3473	62791	62791	5135	5135	3747	3747	1946	1946	161	161	168	168	1682	1682	5376	5376	952	952	628	628	366	366	415	415	586	586	392	392	19	19	116	116	32	32	496	496	469	469	684	684	125	125	81	81	810	810	561	561	231	231	1880	1880	14888	14888	926	926	208	208	205	205	15085	15085	216	216	75	75	42	42	108	108	114	114	89	89	147	147	251	251	45	45	199	199	131	131	123	123	37	37	1994	1994	3672	3672	217	217	1730	1730	21	21	31	31	27	27	31	31	657	657	5888	5888	30	30	21	21	15	15	2	2	91	91	111	111	20	20	19	19	7338	7338	748	748	5098	5098	14756	14756	99	99	79	79
IND00641	439	439	1659	1659	271	271	40	40	3524	3524	4805	4805	140	140	398	398	204	204	255	255	2247	2247	13713	13713	567	567	429	429	119	119	359	359	7691	7691	446	446	776	776	209	209	3143	3143	1045	1045	609	609	47	47	52	52	33	33	30	30	105	105	8987	8987	10379	10379	3347	3347	1821	1821	30998	30998	5663	5663	1481	1481	4849	4849	225	225	2	2	7035	7035	6039	6039	725	725	4038	4038	229	229	455	455	602	602	709	709	8	8	50	50	163	163	391	391	27	27	569	569	14	14	176	176	212	212	162	162	2009	2009	1846	1846	14817	14817	6413	6413	96	96	122	122	8873	8873	10902	10902	22	22	34	34	110	110	108	108	86	86	9	9	202	202	139	139	545	545	725	725	97	97	114	114	2132	2132	3975	3975	1449	1449	2573	2573	120	120	115	115	59	59	55	55	4032	4032	4592	4592	31	31	14	14	15	15	13	13	82	82	125	125	15	15	56	56	8109	8109	6418	6418	1882	1882	14512	14512	98	98	108	108
IND00642	1935	1935	373	373	93	93	403	403	7333	7333	3851	3851	575	575	738	738	162	162	24	24	5775	5775	7915	7915	92	92	890	890	261	261	367	367	6417	6417	1014	1014	234	234	329	329	2333	2333	6777	6777	55	55	348	348	17	17	40	40	209	209	79	79	4905	4905	1009	1009	2820	2820	2612	2612	56559	56559	62311	62311	4374	4374	5841	5841	177	177	164	164	522	522	5503	5503	3203	3203	1224	1224	383	383	252	252	704	704	653	653	77	77	12	12	238	238	219	219	59	59	450	450	30	30	173	173	282	282	469	469	1370	1370	629	629	8881	8881	1570	1570	393	393	48	48	9350	9350	9755	9755	117	117	104	104	19	19	8	8	33	33	154	154	36	36	138	138	566	566	13	13	17	17	125	125	2722	2722	3192	3192	801	801	1110	1110	50	50	38	38	19	19	9	9	1086	1086	6580	6580	24	24	25	25	2	2	5	5	13	13	18	18	39	39	27	27	5506	5506	996	996	30412	30412	9860	9860	16	16	183	183
IND00643	495	495	912	912	55	55	82	82	2051	2051	7861	7861	76	76	532	532	97	97	99	99	7221	7221	3495	3495	1309	1309	994	994	153	153	290	290	626	626	3817	3817	277	277	159	159	4369	4369	7171	7171	39	39	726	726	24	24	21	21	196	196	137	137	665	665	4771	4771	2697	2697	1641	1641	50518	50518	16221	16221	2506	2506	3722	3722	235	235	138	138	934	934	5282	5282	775	775	508	508	107	107	425	425	494	494	925	925	82	82	85	85	284	284	52	52	438	438	402	402	179	179	46	46	235	235	280	280	1499	1499	1087	1087	11367	11367	12461	12461	168	168	360	360	7015	7015	8091	8091	106	106	117	117	90	90	189	189	168	168	27	27	22	22	254	254	586	586	848	848	14	14	22	22	2129	2129	1485	1485	2567	2567	1087	1087	59	59	51	51	20	20	8	8	443	443	118	118	6	6	5	5	13	13	12	12	26	26	41	41	29	29	55	55	7945	7945	5588	5588	19813	19813	3154	3154	207	207	165	165
IND00644	55	55	1941	1941	228	228	403	403	4638	4638	5708	5708	77	77	820	820	144	144	210	210	12048	12048	1138	1138	1412	1412	483	483	404	404	498	498	874	874	7155	7155	322	322	519	519	2583	2583	3539	3539	885	885	1007	1007	41	41	61	61	83	83	164	164	1245	1245	8411	8411	355	355	3882	3882	45303	45303	22574	22574	7612	7612	1771	1771	33	33	131	131	1813	1813	1618	1618	3504	3504	2873	2873	403	403	508	508	949	949	512	512	18	18	2	2	252	252	455	455	622	622	661	661	124	124	153	153	358	358	322	322	592	592	482	482	2522	2522	6120	6120	494	494	501	501	1623	1623	15726	15726	97	97	34	34	176	176	196	196	37	37	126	126	217	217	256	256	441	441	737	737	114	114	67	67	2363	2363	1288	1288	1835	1835	85	85	123	123	120	120	10	10	43	43	4885	4885	8117	8117	32	32	31	31	13	13	8	8	9	9	42	42	40	40	47	47	3962	3962	635	635	17071	17071	5734	5734	124	124	220	220
IND00645	811	811	955	955	494	494	270	270	2570	2570	2249	2249	166	166	737	737	59	59	221	221	1899	1899	4295	4295	1886	1886	397	397	190	190	284	284	3126	3126	719	719	116	116	171	171	5632	5632	3404	3404	208	208	443	443	21	21	14	14	63	63	231	231	4545	4545	4156	4156	2710	2710	3909	3909	21383	21383	3317	3317	124	124	7883	7883	192	192	128	128	7358	7358	2601	2601	2924	2924	3776	3776	153	153	403	403	375	375	87	87	27	27	49	49	163	163	394	394	417	417	378	378	238	238	47	47	586	586	885	885	143	143	992	992	9498	9498	10432	10432	44	44	272	272	15722	15722	13889	13889	113	113	88	88	251	251	79	79	252	252	238	238	198	198	232	232	134	134	225	225	22	22	125	125	1551	1551	2967	2967	882	882	566	566	74	74	119	119	18	18	16	16	3840	3840	3334	3334	27	27	19	19	8	8	8	8	27	27	86	86	22	22	43	43	2738	2738	1455	1455	32232	32232	27922	27922	200	200	168	168
IND00646	1418	1418	1406	1406	364	364	122	122	7859	7859	979	979	13	13	353	353	65	65	197	197	325	325	8803	8803	1311	1311	552	552	161	161	130	130	7433	7433	3573	3573	686	686	387	387	3605	3605	4300	4300	605	605	836	836	9	9	53	53	118	118	64	64	11683	11683	12689	12689	3946	3946	2781	2781	22827	22827	20539	20539	1085	1085	5697	5697	7	7	208	208	1546	1546	1849	1849	3938	3938	776	776	404	404	363	363	218	218	255	255	99	99	3	3	99	99	484	484	878	878	279	279	143	143	70	70	808	808	583	583	63	63	1309	1309	3899	3899	13355	13355	70	70	302	302	5368	5368	16296	16296	103	103	1	1	49	49	41	41	103	103	240	240	116	116	227	227	89	89	800	800	97	97	56	56	2442	2442	1367	1367	119	119	1600	1600	88	88	5	5	61	61	56	56	3215	3215	5186	5186	2	2	12	12	12	12	2	2	109	109	99	99	22	22	15	15	325	325	2658	2658	7450	7450	20912	20912	67	67	240	240
IND00647	96	96	738	738	419	419	184	184	7010	7010	793	793	798	798	383	383	184	184	80	80	8453	8453	12017	12017	2039	2039	935	935	144	144	345	345	6131	6131	3933	3933	10	10	259	259	1066	1066	7671	7671	639	639	528	528	44	44	28	28	250	250	106	106	15610	15610	3933	3933	964	964	3018	3018	6225	6225	25014	25014	3876	3876	5187	5187	116	116	77	77	2299	2299	267	267	4047	4047	1502	1502	214	214	438	438	13	13	939	939	75	75	79	79	452	452	79	79	672	672	706	706	77	77	203	203	70	70	101	101	1092	1092	1580	1580	5537	5537	9212	9212	75	75	454	454	3362	3362	11812	11812	47	47	34	34	79	79	252	252	232	232	125	125	149	149	109	109	641	641	449	449	20	20	68	68	2245	2245	2640	2640	686	686	1831	1831	75	75	46	46	25	25	16	16	6589	6589	4974	4974	14	14	2	2	5	5	15	15	56	56	81	81	56	56	54	54	7678	7678	3764	3764	22429	22429	10970	10970	36	36	36	36
IND00648	1725	1725	1125	1125	47	47	391	391	414	414	7292	7292	313	313	750	750	37	37	221	221	9822	9822	4133	4133	1748	1748	286	286	76	76	392	392	3968	3968	7797	7797	985	985	790	790	2126	2126	908	908	496	496	881	881	32	32	35	35	37	37	165	165	13724	13724	7737	7737	3128	3128	3499	3499	48721	48721	11566	11566	1778	1778	5542	5542	6	6	184	184	7027	7027	2883	2883	2470	2470	73	73	442	442	43	43	659	659	727	727	97	97	21	21	223	223	487	487	75	75	1020	1020	209	209	56	56	615	615	959	959	1523	1523	1051	1051	4272	4272	13017	13017	234	234	325	325	1106	1106	2340	2340	71	71	33	33	61	61	42	42	49	49	40	40	230	230	184	184	990	990	102	102	29	29	113	113	2474	2474	3106	3106	1377	1377	3167	3167	109	109	125	125	33	33	55	55	372	372	4810	4810	21	21	26	26	16	16	10	10	110	110	122	122	64	64	57	57	6423	6423	2228	2228	802	802	7012	7012	181	181	232	232
IND00649	1724	1724	1584	1584	195	195	352	352	6924	6924	7935	7935	574	574	209	209	94	94	164	164	9608	9608	10763	10763	1594	1594	695	695	155	155	159	159	2286	2286	1098	1098	283	283	380	380	1720	1720	939	939	109	109	866	866	10	10	6	6	107	107	224	224	5514	5514	7240	7240	2615	2615	946	946	4488	4488	56865	56865	3309	3309	6112	6112	77	77	209	209	5802	5802	4624	4624	2845	2845	4000	4000	223	223	195	195	329	329	4	4	51	51	106	106	324	324	69	69	369	369	78	78	178	178	239	239	554	554	191	191	31	31	437	437	13044	13044	8710	8710	172	172	300	300	289	289	4958	4958	87	87	94	94	208	208	26	26	24	24	143	143	19	19	151	151	606	606	622	622	24	24	36	36	2324	2324	4063	4063	3573	3573	1516	1516	74	74	49	49	29	29	4	4	2294	2294	7248	7248	28	28	9	9	6	6	8	8	34	34	85	85	45	45	43	43	5418	5418	8064	8064	5171	5171	9298	9298	4	4	169	169
IND00650	760	760	1186	1186	303	303	280	280	1772	1772	2277	2277	750	750	231	231	155	155	30	30	2706	2706	10529	10529	86	86	1341	1341	1	1	30	30	5261	5261	3682	3682	591	591	428	428	4105	4105	6532	6532	1020	1020	856	856	54	54	7	7	193	193	234	234	8931	8931	1267	1267	3149	3149	1572	1572	27990	27990	55426	55426	3769	3769	28	28	60	60	232	232	5894	5894	5691	5691	3997	3997	2330	2330	111	111	88	88	52	52	592	592	109	109	3	3	153	153	97	97	748	748	506	506	79	79	137	137	108	108	123	123	1066	1066	1101	1101	3387	3387	14954	14954	87	87	402	402	7162	7162	3147	3147	48	48	10	10	132	132	163	163	162	162	244	244	156	156	99	99	320	320	998	998	72	72	47	47	411	411	2397	2397	1584	1584	2426	2426	98	98	103	103	15	15	43	43	4108	4108	2015	2015	28	28	4	4	14	14	4	4	46	46	33	33	50	50	6	6	3145	3145	5238	5238	29370	29370	9101	9101	26	26	87	87
IND00651	471	471	1127	1127	46	46	361	361	6046	6046	6091	6091	1007	1007	82	82	217	217	138	138	6547	6547	2435	2435	1197	1197	415	415	205	205	28	28	7545	7545	7971	7971	952	952	207	207	866	866	5796	5796	840	840	326	326	28	28	15	15	195	195	204	204	7888	7888	7308	7308	2927	2927	43	43	24318	24318	36983	36983	233	233	4579	4579	72	72	46	46	2540	2540	3951	3951	1860	1860	659	659	85	85	187	187	470	470	437	437	75	75	53	53	437	437	231	231	334	334	66	66	179	179	38	38	406	406	637	637	1757	1757	1505	1505	15430	15430	11479	11479	27	27	271	271	3496	3496	11094	11094	62	62	18	18	180	180	152	152	90	90	220	220	17	17	202	202	460	460	174	174	29	29	22	22	192	192	735	735	3307	3307	3425	3425	53	53	16	16	62	62	6	6	2685	2685	1779	1779	16	16	26	26	14	14	1	1	88	88	117	117	33	33	64	64	175	175	6637	6637	18059	18059	330	330	164	164	93	93
IND00652	1989	1989	602	602	331	331	37	37	4866	4866	6729	6729	536	536	801	801	224	224	123	123	12183	12183	12024	12024	2024	2024	1894	1894	285	285	490	490	2003	2003	3100	3100	713	713	410	410	1606	1606	245	245	276	276	816	816	7	7	42	42	132	132	179	179	32	32	10176	10176	2062	2062	2700	2700	44035	44035	51408	51408	6953	6953	1069	1069	40	40	158	158	2651	2651	5364	5364	434	434	1675	1675	48	48	317	317	544	544	112	112	2	2	64	64	294	294	139	139	241	241	714	714	2	2	100	100	260	260	847	847	1552	1552	1473	1473	9056	9056	6405	6405	321	321	58	58	3492	3492	8977	8977	120	120	96	96	155	155	57	57	70	70	172	172	194	194	26	26	645	645	6	6	101	101	57	57	2049	2049	1443	1443	3660	3660	395	395	92	92	124	124	33	33	37	37	4300	4300	1599	1599	12	12	22	22	4	4	14	14	36	36	49	49	6	6	19	19	4032	4032	3523	3523	11292	11292	13160	13160	189	189	104	104
IND00653	1628	1628	23	23	148	148	278	278	7680	7680	3500	3500	823	823	607	607	241	241	242	242	12254	12254	6642	6642	650	650	1664	1664	456	456	439	439	192	192	7303	7303	421	421	886	886	6735	6735	1194	1194	787	787	969	969	38	38	5	5	48	48	42	42	13141	13141	16065	16065	154	154	3318	3318	42982	42982	57491	57491	6010	6010	7039	7039	244	244	79	79	606	606	3253	3253	203	203	2233	2233	250	250	87	87	111	111	250	250	5	5	114	114	26	26	100	100	1022	1022	303	303	33	33	56	56	424	424	912	912	166	166	567	567	5510	5510	591	591	274	274	249	249	12026	12026	14127	14127	86	86	30	30	237	237	161	161	149	149	25	25	163	163	79	79	576	576	97	97	30	30	20	20	3861	3861	2618	2618	2312	2312	3534	3534	6	6	43	43	31	31	17	17	474	474	7834	7834	24	24	28	28	14	14	15	15	34	34	49	49	15	15	63	63	5964	5964	6813	6813	30351	30351	23198	23198	251	251	140	140
IND00654	1979	1979	139	139	253	253	45	45	778	778	7940	7940	219	219	547	547	68	68	218	218	5481	5481	11114	11114	140	140	1875	1875	437	437	484	484	4249	4249	6592	6592	51	51	251	251	5426	5426	7419	7419	759	759	878	878	23	23	24	24	54	54	177	177	6276	6276	560	560	2955	2955	4013	4013	48576	48576	42609	42609	7837	7837	4285	4285	233	233	252	252	5312	5312	4330	4330	3495	3495	3173	3173	416	416	342	342	822	822	891	891	109	109	96	96	114	114	213	213	975	975	47	47	11	11	43	43	853	853	535	535	335	335	45	45	12154	12154	15918	15918	397	397	505	505	12849	12849	15810	15810	9	9	41	41	248	248	92	92	31	31	128	128	235	235	94	94	931	931	676	676	110	110	51	51	2627	2627	3813	3813	2364	2364	1056	1056	10	10	125	125	4	4	43	43	6727	6727	7508	7508	30	30	17	17	5	5	6	6	25	25	88	88	17	17	60	60	3410	3410	6113	6113	31253	31253	15113	15113	64	64	216	216
IND00655	763	763	869	869	135	135	342	342	2813	2813	7284	7284	854	854	1012	1012	94	94	11	11	1702	1702	2197	2197	155	155	1026	1026	306	306	448	448	8062	8062	7857	7857	704	704	747	747	5376	5376	569	569	252	252	706	706	25	25	35	35	2	2	91	91	964	964	6997	6997	1793	1793	813	813	35159	35159	39211	39211	5273	5273	4047	4047	17	17	126	126	876	876	3890	3890	295	295	1573	1573	292	292	143	143	909	909	504	504	49	49	108	108	325	325	11	11	857	857	462	462	193	193	6	6	690	690	518	518	496	496	377	377	1971	1971	10360	10360	433	433	193	193	3697	3697	14842	14842	51	51	92	92	244	244	9	9	241	241	7	7	117	117	141	141	873	873	315	315	44	44	77	77	2091	2091	1438	1438	468	468	813	813	72	72	7	7	35	35	7	7	5361	5361	4689	4689	15	15	31	31	8	8	12	12	112	112	13	13	59	59	51	51	3043	3043	7269	7269	12443	12443	1644	1644	115	115	156	156
IND00656	89	89	1942	1942	73	73	137	137	1596	1596	2439	2439	345	345	548	548	146	146	162	162	13735	13735	9604	9604	696	696	28	28	371	371	458	458	2684	2684	203	203	1003	1003	499	499	5545	5545	7867	7867	868	868	274	274	20	20	27	27	177	177	239	239	15398	15398	5976	5976	3091	3091	1198	1198	15825	15825	23043	23043	2334	2334	871	871	100	100	208	208	5149	5149	349	349	1189	1189	159	159	144	144	149	149	215	215	656	656	39	39	9	9	51	51	344	344	673	673	989	989	111	111	115	115	769	769	182	182	827	827	883	883	42	42	854	854	187	187	446	446	1450	1450	11544	11544	50	50	37	37	107	107	177	177	231	231	109	109	114	114	81	81	645	645	712	712	87	87	39	39	2475	2475	3708	3708	2060	2060	2092	2092	105	105	103	103	1	1	7	7	7372	7372	3941	3941	26	26	32	32	8	8	12	12	57	57	70	70	17	17	3	3	5373	5373	4791	4791	11805	11805	18330	18330	163	163	60	60
IND00657	1646	1646	65	65	268	268	50	50	6207	6207	6184	6184	565	565	730	730	187	187	186	186	9237	9237	17	17	329	329	112	112	65	65	223	223	3071	3071	1235	1235	782	782	811	811	2442	2442	1309	1309	711	711	150	150	36	36	51	51	207	207	63	63	668	668	2170	2170	1988	1988	1593	1593	29627	29627	54567	54567	167	167	7972	7972	183	183	7	7	4999	4999	2898	2898	1439	1439	3823	3823	183	183	437	437	867	867	961	961	7	7	55	55	24	24	353	353	646	646	90	90	194	194	10	10	423	423	460	460	94	94	1644	1644	409	409	10101	10101	174	174	364	364	9622	9622	15797	15797	72	72	78	78	101	101	38	38	80	80	241	241	212	212	87	87	502	502	328	328	49	49	93	93	3380	3380	2801	2801	1479	1479	3955	3955	77	77	33	33	53	53	38	38	1818	1818	7394	7394	7	7	23	23	12	12	2	2	40	40	102	102	8	8	10	10	8151	8151	4189	4189	30730	30730	6128	6128	85	85	191	191
IND00658	760	760	1676	1676	216	216	13	13	3988	3988	1013	1013	498	498	686	686	237	237	78	78	3356	3356	8581	8581	1131	1131	5	5	37	37	257	257	3336	3336	6228	6228	365	365	543	543	1294	1294	7635	7635	43	43	465	465	5	5	18	18	170	170	223	223	6081	6081	9292	9292	2593	2593	3024	3024	32177	32177	2932	2932	1541	1541	5166	5166	53	53	91	91	4940	4940	143	143	2154	2154	4080	4080	128	128	456	456	316	316	650	650	37	37	111	111	33	33	84	84	907	907	1013	1013	12	12	240	240	423	423	860	860	1272	1272	32	32	4658	4658	5496	5496	288	288	227	227	3164	3164	5016	5016	113	113	95	95	92	92	24	24	186	186	141	141	205	205	43	43	1019	1019	360	360	52	52	13	13	2104	2104	3092	3092	1678	1678	2534	2534	47	47	25	25	63	63	49	49	7447	7447	4572	4572	26	26	12	12	10	10	3	3	1	1	104	104	63	63	41	41	2222	2222	6058	6058	29533	29533	9031	9031	196	196	54	54
IND00659	1914	1914	1502	1502	154	154	143	143	477	477	3127	3127	674	674	530	530	21	21	202	202	226	226	14813	14813	81	81	1556	1556	90	90	384	384	1117	1117	1878	1878	878	878	353	353	1627	1627	2588	2588	243	243	151	151	32	32	11	11	165	165	200	200	5277	5277	8443	8443	3310	3310	485	485	11893	11893	16426	16426	3520	3520	1286	1286	229	229	37	37	1122	1122	6184	6184	1339	1339	2657	2657	381	381	235	235	450	450	3	3	56	56	40	40	281	281	125	125	253	253	62	62	77	77	167	167	933	933	425	425	107	107	46	46	14934	14934	4344	4344	442	442	329	329	8288	8288	2043	2043	44	44	112	112	1	1	166	166	252	252	194	194	165	165	251	251	67	67	27	27	30	30	81	81	257	257	2092	2092	639	639	42	42	13	13	30	30	37	37	33	33	138	138	4617	4617	14	14	12	12	13	13	11	11	30	30	22	22	49	49	54	54	7157	7157	7188	7188	3447	3447	1893	1893	250	250	233	233
IND00660	1499	1499	228	228	160	160	401	401	2024	2024	1227	1227	862	862	456	456	45	45	109	109	12761	12761	12144	12144	258	258	401	401	390	390	231	231	4245	4245	2623	2623	380	380	774	774	6357	6357	4830	4830	229	229	469	469	30	30	61	61	118	118	114	114	5162	5162	12445	12445	2894	2894	1063	1063	55990	55990	18673	18673	455	455	2847	2847	111	111	116	116	4503	4503	3999	3999	1706	1706	2595	2595	69	69	168	168	437	437	942	942	91	91	15	15	228	228	106	106	87	87	642	642	162	162	134	134	331	331	1011	1011	1563	1563	1360	1360	6421	6421	51	51	382	382	363	363	8510	8510	4030	4030	65	65	7	7	141	141	232	232	196	196	81	81	201	201	124	124	908	908	103	103	86	86	65	65	3216	3216	2215	2215	3080	3080	1900	1900	13	13	115	115	53	53	35	35	1386	1386	6678	6678	12	12	5	5	2	2	12	12	11	11	105	105	39	39	26	26	1285	1285	1728	1728	1477	1477	24504	24504	62	62	251	251
IND00661	1022	1022	1172	1172	230	230	344	344	4849	4849	2517	2517	92	92	919	919	183	183	165	165	6691	6691	9238	9238	377	377	1701	1701	451	451	236	236	3248	3248	3898	3898	577	577	84	84	6945	6945	4841	4841	20	20	57	57	35	35	29	29	196	196	108	108	7790	7790	5808	5808	1452	1452	1443	1443	23037	23037	13737	13737	6358	6358	6279	6279	14	14	4	4	4175	4175	6782	6782	518	518	2177	2177	161	161	292	292	761	761	611	611	84	84	117	117	228	228	257	257	88	88	52	52	65	65	135	135	122	122	1003	1003	1350	1350	2008	2008	12358	12358	744	744	300	300	253	253	5126	5126	11363	11363	18	18	120	120	199	199	28	28	118	118	21	21	117	117	12	12	122	122	670	670	65	65	85	85	803	803	1613	1613	3511	3511	1728	1728	8	8	53	53	6	6	1	1	4369	4369	7341	7341	32	32	2	2	6	6	10	10	77	77	106	106	19	19	26	26	1026	1026	7880	7880	20447	20447	16481	16481	241	241	136	136
IND00662	1204	1204	1703	1703	117	117	453	453	7780	7780	4290	4290	897	897	538	538	32	32	47	47	4282	4282	859	859	1882	1882	294	294	383	383	83	83	907	907	6053	6053	235	235	117	117	7514	7514	7753	7753	359	359	872	872	10	10	22	22	238	238	85	85	5919	5919	4312	4312	3915	3915	2413	2413	48051	48051	16694	16694	4053	4053	5664	5664	153	153	158	158	5806	5806	4724	4724	3461	3461	4077	4077	89	89	483	483	841	841	810	810	39	39	50	50	69	69	150	150	564	564	553	553	17	17	148	148	959	959	466	466	1311	1311	189	189	3135	3135	3954	3954	163	163	256	256	3347	3347	5876	5876	17	17	32	32	190	190	5	5	6	6	2	2	16	16	130	130	657	657	559	559	47	47	34	34	3398	3398	1512	1512	2495	2495	1759	1759	27	27	34	34	41	41	55	55	6328	6328	408	408	6	6	9	9	1	1	6	6	93	93	103	103	5	5	12	12	4438	4438	3786	3786	18438	18438	2405	2405	147	147	15	15
IND00663	1175	1175	906	906	407	407	22	22	7610	7610	819	819	398	398	185	185	20	20	134	134	10689	10689	4975	4975	1588	1588	1226	1226	430	430	443	443	5458	5458	2261	2261	29	29	121	121	2398	2398	6438	6438	692	692	510	510	63	63	44	44	178	178	221	221	2056	2056	9545	9545	526	526	1471	1471	38978	38978	41508	41508	2367	2367	4695	4695	244	244	154	154	417	417	1452	1452	3594	3594	3910	3910	178	178	434	434	522	522	262	262	123	123	114	114	503	503	30	30	933	933	663	663	72	72	205	205	65	65	796	796	1626	1626	1693	1693	503	503	10980	10980	291	291	7	7	6304	6304	11236	11236	59	59	71	71	15	15	80	80	26	26	48	48	238	238	64	64	422	422	846	846	17	17	125	125	2634	2634	2047	2047	2634	2634	2157	2157	20	20	47	47	41	41	15	15	1077	1077	216	216	12	12	6	6	15	15	6	6	9	9	92	92	24	24	4	4	4978	4978	5504	5504	3304	3304	2621	2621	69	69	217	217
IND00664	1868	1868	1873	1873	185	185	339	339	2982	2982	260	260	406	406	1013	1013	175	175	176	176	10362	10362	8096	8096	721	721	426	426	208	208	295	295	7284	7284	369	369	860	860	735	735	3213	3213	4318	4318	909	909	475	475	54	54	31	31	167	167	52	52	3156	3156	9292	9292	529	529	2536	2536	8179	8179	25013	25013	2516	2516	5995	5995	106	106	244	244	5960	5960	3469	3469	4090	4090	2746	2746	106	106	410	410	349	349	1006	1006	30	30	98	98	155	155	480	480	266	266	718	718	116	116	29	29	785	785	727	727	1798	1798	1478	1478	1838	1838	3486	3486	506	506	168	168	10801	10801	6111	6111	102	102	2	2	48	48	175	175	3	3	162	162	149	149	202	202	852	852	771	771	119	119	123	123	1059	1059	2826	2826	1373	1373	995	995	103	103	71	71	38	38	35	35	3765	3765	1920	1920	7	7	17	17	4	4	9	9	19	19	118	118	53	53	23	23	4329	4329	6115	6115	9340	9340	22952	22952	196	196	217	217
IND00665	235	235	26	26	96	96	89	89	702	702	1085	1085	250	250	750	750	7	7	232	232	10306	10306	2056	2056	165	165	1128	1128	245	245	411	411	911	911	5198	5198	865	865	521	521	5026	5026	3456	3456	579	579	849	849	34	34	55	55	54	54	44	44	8941	8941	11402	11402	2438	2438	2810	2810	46115	46115	17877	17877	2578	2578	7062	7062	115	115	72	72	3429	3429	6173	6173	1392	1392	3032	3032	322	322	508	508	468	468	853	853	36	36	71	71	300	300	386	386	274	274	39	39	158	158	70	70	471	471	658	658	27	27	1169	1169	5658	5658	11402	11402	100	100	488	488	2479	2479	13132	13132	34	34	20	20	245	245	221	221	59	59	116	116	182	182	208	208	109	109	312	312	1	1	32	32	1418	1418	2408	2408	2804	2804	3070	3070	9	9	22	22	43	43	43	43	371	371	5730	5730	28	28	19	19	9	9	9	9	98	98	128	128	10	10	9	9	5025	5025	3899	3899	22161	22161	22611	22611	49	49	196	196
IND00666	156	156	797	797	206	206	52	52	5530	5530	457	457	345	345	1013	1013	76	76	237	237	6783	6783	6760	6760	1419	1419	1955	1955	402	402	30	30	2824	2824	1650	1650	761	761	383	383	1239	1239	8053	8053	930	930	387	387	28	28	13	13	195	195	254	254	11606	11606	11859	11859	1130	1130	2764	2764	42430	42430	2309	2309	2834	2834	1236	1236	240	240	223	223	1847	1847	6038	6038	123	123	145	145	24	24	286	286	920	920	780	780	12	12	113	113	129	129	508	508	388	388	309	309	83	83	52	52	883	883	883	883	1274	1274	729	729	13042	13042	2284	2284	171	171	489	489	8256	8256	5357	5357	42	42	125	125	165	165	76	76	61	61	32	32	92	92	21	21	281	281	782	782	55	55	120	120	2992	2992	280	280	1559	1559	2072	2072	31	31	60	60	40	40	59	59	4770	4770	7867	7867	25	25	25	25	4	4	12	12	31	31	11	11	50	50	10	10	2469	2469	2773	2773	17045	17045	24114	24114	13	13	184	184
IND00667	1734	1734	1513	1513	380	380	38	38	146	146	6416	6416	764	764	116	116	47	47	126	126	14445	14445	15649	15649	1731	1731	1683	1683	36	36	181	181	1656	1656	3061	3061	947	947	324	324	6744	6744	2552	2552	374	374	636	636	26	26	4	4	73	73	116	116	8881	8881	12970	12970	3808	3808	2730	2730	26434	26434	26209	26209	6576	6576	6907	6907	206	206	232	232	5042	5042	3876	3876	1197	1197	3217	3217	315	315	59	59	115	115	159	159	35	35	53	53	37	37	316	316	269	269	142	142	200	200	228	228	933	933	127	127	1421	1421	712	712	9686	9686	15797	15797	504	504	469	469	12672	12672	13916	13916	56	56	74	74	134	134	222	222	35	35	242	242	140	140	178	178	224	224	199	199	42	42	19	19	2850	2850	1542	1542	316	316	2302	2302	98	98	60	60	11	11	25	25	448	448	7739	7739	7	7	5	5	3	3	1	1	116	116	58	58	2	2	40	40	2328	2328	3877	3877	29996	29996	21545	21545	198	198	68	68
IND00668	683	683	1174	1174	491	491	247	247	970	970	3562	3562	541	541	38	38	122	122	66	66	9611	9611	15856	15856	1582	1582	1667	1667	324	324	82	82	6357	6357	7555	7555	920	920	669	669	2488	2488	2221	2221	221	221	365	365	62	62	51	51	55	55	5	5	9325	9325	7975	7975	3546	3546	3529	3529	20229	20229	18351	18351	4685	4685	5137	5137	140	140	219	219	440	440	1597	1597	2650	2650	1428	1428	320	320	444	444	891	891	109	109	89	89	36	36	77	77	344	344	1005	1005	540	540	102	102	180	180	686	686	572	572	1162	1162	1719	1719	12629	12629	3577	3577	70	70	438	438	2351	2351	12083	12083	58	58	53	53	90	90	98	98	219	219	147	147	248	248	180	180	572	572	64	64	69	69	84	84	2816	2816	3143	3143	1339	1339	2539	2539	108	108	78	78	40	40	59	59	7134	7134	3409	3409	23	23	23	23	7	7	6	6	21	21	82	82	40	40	46	46	946	946	5972	5972	4420	4420	28254	28254	102	102	133	133
IND00669	1562	1562	1078	1078	197	197	283	283	3658	3658	3345	3345	133	133	58	58	93	93	170	170	1915	1915	14933	14933	529	529	710	710	361	361	238	238	7953	7953	8174	8174	1000	1000	673	673	7130	7130	2441	2441	90	90	179	179	44	44	48	48	238	238	43	43	2634	2634	16187	16187	1099	1099	837	837	52273	52273	39681	39681	6281	6281	2505	2505	42	42	231	231	4681	4681	2332	2332	2543	2543	2968	2968	429	429	407	407	521	521	77	77	57	57	108	108	52	52	8	8	167	167	815	815	206	206	55	55	928	928	171	171	570	570	37	37	5674	5674	15963	15963	363	363	325	325	16313	16313	3295	3295	100	100	10	10	174	174	123	123	185	185	170	170	235	235	195	195	72	72	278	278	81	81	63	63	1580	1580	631	631	2494	2494	596	596	5	5	98	98	58	58	12	12	1591	1591	345	345	26	26	10	10	4	4	14	14	16	16	120	120	30	30	19	19	2457	2457	6871	6871	14892	14892	25668	25668	36	36	24	24
IND00670	1723	1723	1924	1924	98	98	392	392	7391	7391	6544	6544	923	923	68	68	235	235	111	111	4439	4439	206	206	443	443	1691	1691	48	48	258	258	2135	2135	5445	5445	867	867	155	155	6519	6519	4631	4631	883	883	547	547	54	54	53	53	18	18	65	65	8256	8256	7856	7856	2256	2256	528	528	28719	28719	17536	17536	524	524	1608	1608	206	206	198	198	7733	7733	3394	3394	4089	4089	1545	1545	367	367	432	432	862	862	813	813	7	7	94	94	110	110	7	7	994	994	459	459	137	137	229	229	329	329	131	131	420	420	1210	1210	7137	7137	2134	2134	222	222	183	183	8888	8888	2657	2657	77	77	126	126	36	36	252	252	204	204	146	146	83	83	251	251	902	902	809	809	100	100	92	92	595	595	1678	1678	2747	2747	2104	2104	52	52	126	126	36	36	14	14	3295	3295	3738	3738	4	4	11	11	5	5	5	5	100	100	124	124	34	34	54	54	3976	3976	6906	6906	6576	6576	27726	27726	28	28	53	53
IND00671	856	856	918	918	304	304	79	79	2389	2389	2183	2183	244	244	126	126	42	42	174	174	12142	12142	1954	1954	273	273	908	908	407	407	189	189	7614	7614	3770	3770	190	190	897	897	1684	1684	3550	3550	905	905	868	868	6	6	2	2	62	62	90	90	9280	9280	10085	10085	2868	2868	3350	3350	20727	20727	53885	53885	5454	5454	3094	3094	154	154	256	256	7790	7790	2324	2324	2893	2893	2315	2315	85	85	55	55	260	260	979	979	122	122	126	126	251	251	470	470	834	834	810	810	9	9	91	91	912	912	699	699	1285	1285	1408	1408	5086	5086	15825	15825	302	302	37	37	7016	7016	13706	13706	86	86	9	9	138	138	65	65	17	17	24	24	112	112	255	255	795	795	71	71	30	30	77	77	3648	3648	628	628	2843	2843	203	203	57	57	35	35	64	64	19	19	1847	1847	2031	2031	10	10	10	10	16	16	9	9	86	86	32	32	64	64	6	6	7994	7994	7930	7930	5043	5043	15842	15842	164	164	100	100
IND00672	45	45	1630	1630	461	461	92	92	7597	7597	1879	1879	45	45	298	298	15	15	10	10	4976	4976	5034	5034	468	468	1640	1640	138	138	23	23	4183	4183	4302	4302	14	14	204	204	6992	6992	1909	1909	698	698	64	64	27	27	48	48	217	217	148	148	2009	2009	11244	11244	2483	2483	2900	2900	21837	21837	54616	54616	102	102	6697	6697	174	174	99	99	2160	2160	4835	4835	3140	3140	3398	3398	493	493	276	276	1005	1005	395	395	85	85	29	29	459	459	197	197	932	932	229	229	129	129	230	230	948	948	959	959	1750	1750	1410	1410	10803	10803	2549	2549	434	434	140	140	15102	15102	13301	13301	113	113	16	16	200	200	72	72	176	176	180	180	110	110	237	237	349	349	63	63	85	85	67	67	1175	1175	2779	2779	2917	2917	588	588	30	30	91	91	31	31	19	19	7060	7060	5254	5254	12	12	22	22	6	6	14	14	58	58	70	70	19	19	60	60	592	592	134	134	26059	26059	3848	3848	197	197	209	209
IND00673	1176	1176	338	338	260	260	145	145	7665	7665	6893	6893	808	808	560	560	216	216	191	191	9891	9891	15426	15426	1491	1491	1378	1378	387	387	179	179	1668	1668	6908	6908	854	854	237	237	2724	2724	7707	7707	1013	1013	762	762	22	22	47	47	39	39	26	26	13438	13438	420	420	788	788	3778	3778	7223	7223	13369	13369	8041	8041	7245	7245	1	1	198	198	5210	5210	3990	3990	810	810	305	305	136	136	421	421	158	158	871	871	67	67	51	51	270	270	49	49	511	511	974	974	9	9	248	248	133	133	108	108	268	268	1663	1663	16268	16268	5495	5495	399	399	43	43	10901	10901	6104	6104	64	64	55	55	151	151	185	185	225	225	42	42	23	23	41	41	984	984	315	315	61	61	46	46	2204	2204	1960	1960	679	679	3747	3747	86	86	128	128	6	6	63	63	5147	5147	4931	4931	4	4	31	31	7	7	12	12	59	59	6	6	59	59	49	49	4387	4387	3150	3150	9159	9159	21538	21538	175	175	20	20
IND00674	651	651	1326	1326	343	343	503	503	7967	7967	5292	5292	929	929	13	13	203	203	237	237	1536	1536	728	728	1443	1443	423	423	268	268	82	82	273	273	8074	8074	436	436	374	374	53	53	5313	5313	306	306	102	102	21	21	27	27	90	90	43	43	13916	13916	9041	9041	750	750	242	242	27078	27078	54437	54437	7859	7859	6279	6279	58	58	125	125	1731	1731	5512	5512	4057	4057	1868	1868	74	74	259	259	906	906	518	518	49	49	66	66	502	502	364	364	18	18	508	508	173	173	6	6	368	368	132	132	1494	1494	1965	1965	8227	8227	5713	5713	71	71	101	101	12489	12489	7290	7290	39	39	97	97	172	172	45	45	237	237	167	167	247	247	185	185	170	170	650	650	2	2	78	78	2821	2821	319	319	1524	1524	845	845	3	3	106	106	48	48	9	9	2458	2458	2006	2006	3	3	17	17	8	8	13	13	79	79	95	95	17	17	25	25	967	967	5693	5693	28118	28118	13701	13701	118	118	80	80
IND00675	78	78	1652	1652	347	347	334	334	4760	4760	1687	1687	272	272	70	70	105	105	150	150	4423	4423	9922	9922	902	902	1455	1455	243	243	74	74	32	32	4688	4688	757	757	287	287	1444	1444	8016	8016	448	448	501	501	45	45	15	15	94	94	210	210	5847	5847	5832	5832	738	738	2898	2898	1322	1322	28138	28138	2256	2256	4907	4907	199	199	227	227	2668	2668	4799	4799	2712	2712	1701	1701	378	378	149	149	284	284	855	855	35	35	63	63	435	435	475	475	340	340	226	226	108	108	41	41	346	346	139	139	1133	1133	1831	1831	10042	10042	11249	11249	418	418	30	30	623	623	6606	6606	67	67	72	72	49	49	26	26	43	43	16	16	5	5	148	148	880	880	366	366	62	62	13	13	1906	1906	985	985	3854	3854	815	815	33	33	34	34	34	34	13	13	3063	3063	4601	4601	20	20	11	11	3	3	1	1	9	9	14	14	45	45	49	49	4932	4932	3845	3845	4058	4058	27981	27981	49	49	5	5
IND00676	618	618	1298	1298	386	386	389	389	7882	7882	6786	6786	817	817	841	841	91	91	25	25	4702	4702	9028	9028	1220	1220	188	188	486	486	16	16	5576	5576	6100	6100	520	520	401	401	7708	7708	2737	2737	535	535	713	713	15	15	55	55	220	220	228	228	1621	1621	11463	11463	3830	3830	3152	3152	64378	64378	60112	60112	5560	5560	4931	4931	67	67	253	253	95	95	8177	8177	3732	3732	844	844	227	227	331	331	198	198	978	978	10	10	48	48	81	81	200	200	194	194	908	908	187	187	22	22	518	518	818	818	1404	1404	1517	1517	14966	14966	11957	11957	469	469	360	360	3689	3689	5712	5712	111	111	12	12	245	245	143	143	114	114	25	25	216	216	90	90	431	431	1000	1000	87	87	49	49	2419	2419	1198	1198	3913	3913	916	916	30	30	68	68	10	10	36	36	3914	3914	1939	1939	11	11	7	7	12	12	4	4	106	106	22	22	29	29	48	48	5521	5521	5336	5336	23196	23196	27293	27293	242	242	150	150
IND00677	1132	1132	1714	1714	169	169	278	278	6952	6952	6632	6632	16	16	583	583	102	102	65	65	15600	15600	14629	14629	1050	1050	1805	1805	75	75	406	406	2630	2630	5813	5813	923	923	917	917	5392	5392	4697	4697	106	106	287	287	48	48	19	19	116	116	103	103	10253	10253	473	473	1743	1743	1540	1540	40313	40313	853	853	7170	7170	7839	7839	103	103	235	235	2692	2692	2554	2554	515	515	3354	3354	31	31	303	303	316	316	944	944	118	118	99	99	247	247	230	230	529	529	218	218	134	134	149	149	396	396	404	404	1257	1257	1249	1249	5284	5284	3944	3944	56	56	265	265	11284	11284	11477	11477	27	27	29	29	251	251	57	57	175	175	191	191	12	12	51	51	565	565	781	781	79	79	12	12	4042	4042	2754	2754	3499	3499	2122	2122	100	100	90	90	31	31	46	46	1206	1206	7795	7795	16	16	31	31	6	6	10	10	109	109	20	20	46	46	30	30	6807	6807	3477	3477	33	33	23295	23295	146	146	188	188
IND00678	531	531	1769	1769	488	488	193	193	6264	6264	1803	1803	562	562	646	646	170	170	180	180	8282	8282	13768	13768	1432	1432	898	898	72	72	137	137	1321	1321	3455	3455	824	824	46	46	4484	4484	4351	4351	7	7	410	410	53	53	25	25	7	7	44	44	15212	15212	15665	15665	3182	3182	4071	4071	63642	63642	3770	3770	7149	7149	1097	1097	70	70	219	219	97	97	7139	7139	435	435	2874	2874	229	229	346	346	998	998	112	112	82	82	81	81	462	462	343	343	736	736	274	274	130	130	252	252	285	285	987	987	1685	1685	504	504	7768	7768	2570	2570	489	489	389	389	14998	14998	12015	12015	126	126	22	22	114	114	36	36	212	212	132	132	60	60	64	64	114	114	359	359	8	8	99	99	511	511	2511	2511	1580	1580	3268	3268	3	3	31	31	43	43	48	48	1494	1494	4527	4527	13	13	32	32	2	2	1	1	91	91	98	98	55	55	7	7	3269	3269	4484	4484	4408	4408	20214	20214	101	101	173	173
IND00679	567	567	927	927	29	29	486	486	6786	6786	5677	5677	898	898	608	608	226	226	189	189	13993	13993	9539	9539	544	544	1613	1613	305	305	75	75	4955	4955	4954	4954	1007	1007	167	167	4423	4423	5875	5875	402	402	487	487	58	58	53	53	253	253	244	244	1591	1591	6224	6224	416	416	3771	3771	9132	9132	7501	7501	6257	6257	3001	3001	66	66	117	117	7985	7985	2148	2148	548	548	2984	2984	73	73	92	92	851	851	937	937	99	99	44	44	233	233	87	87	64	64	134	134	228	228	246	246	293	293	341	341	1877	1877	454	454	5779	5779	541	541	487	487	184	184	877	877	14708	14708	7	7	75	75	222	222	177	177	92	92	38	38	4	4	200	200	927	927	591	591	47	47	9	9	2236	2236	3254	3254	1537	1537	2175	2175	113	113	4	4	60	60	41	41	5144	5144	458	458	30	30	14	14	14	14	10	10	47	47	66	66	22	22	37	37	1801	1801	5841	5841	22247	22247	25747	25747	98	98	189	189
IND00680	854	854	1556	1556	218	218	286	286	2545	2545	4676	4676	633	633	311	311	21	21	86	86	6692	6692	13211	13211	443	443	473	473	337	337	375	375	3891	3891	2992	2992	790	790	169	169	3580	3580	7945	7945	895	895	124	124	64	64	53	53	133	133	227	227	15492	15492	11299	11299	4028	4028	3111	3111	1551	1551	36359	36359	5700	5700	5465	5465	29	29	128	128	2703	2703	2473	2473	4064	4064	4045	4045	22	22	228	228	136	136	906	906	15	15	127	127	381	381	402	402	888	888	360	360	108	108	39	39	37	37	197	197	134	134	425	425	10347	10347	2823	2823	385	385	151	151	12388	12388	3016	3016	55	55	17	17	160	160	250	250	141	141	211	211	101	101	118	118	314	314	632	632	18	18	63	63	2572	2572	362	362	1061	1061	2722	2722	20	20	99	99	18	18	53	53	1301	1301	2400	2400	29	29	15	15	6	6	9	9	79	79	122	122	31	31	35	35	5503	5503	5111	5111	29909	29909	12253	12253	139	139	250	250
IND00681	408	408	259	259	118	118	69	69	5597	5597	2586	2586	823	823	821	821	129	129	48	48	3283	3283	15729	15729	1155	1155	983	983	144	144	43	43	7074	7074	4100	4100	258	258	802	802	1218	1218	1168	1168	914	914	359	359	33	33	64	64	153	153	167	167	15737	15737	7260	7260	3275	3275	1190	1190	17421	17421	31041	31041	1634	1634	1711	1711	145	145	20	20	7183	7183	775	775	650	650	2671	2671	267	267	354	354	882	882	199	199	100	100	42	42	458	458	179	179	96	96	266	266	50	50	113	113	259	259	349	349	2006	2006	1092	1092	1467	1467	13850	13850	102	102	212	212	11093	11093	2736	2736	126	126	39	39	78	78	232	232	6	6	99	99	47	47	185	185	566	566	338	338	70	70	89	89	281	281	3209	3209	613	613	3885	3885	102	102	17	17	7	7	44	44	6350	6350	7260	7260	8	8	17	17	14	14	11	11	5	5	43	43	24	24	23	23	7807	7807	4103	4103	6540	6540	14783	14783	57	57	97	97
IND00682	1821	1821	1552	1552	326	326	272	272	2352	2352	683	683	1001	1001	10	10	224	224	35	35	9001	9001	12063	12063	436	436	162	162	446	446	56	56	7412	7412	426	426	453	453	739	739	7577	7577	5266	5266	578	578	467	467	24	24	29	29	178	178	248	248	3148	3148	7834	7834	1724	1724	3833	3833	48047	48047	32268	32268	3669	3669	7855	7855	224	224	62	62	459	459	5466	5466	2184	2184	3707	3707	291	291	229	229	788	788	226	226	65	65	121	121	408	408	140	140	203	203	873	873	14	14	123	123	164	164	245	245	469	469	1937	1937	4225	4225	12340	12340	294	294	405	405	6692	6692	12126	12126	6	6	75	75	176	176	40	40	156	156	37	37	74	74	4	4	158	158	1009	1009	7	7	29	29	1893	1893	3765	3765	3599	3599	4026	4026	80	80	27	27	27	27	40	40	6637	6637	1554	1554	20	20	1	1	13	13	3	3	20	20	64	64	35	35	39	39	2243	2243	2100	2100	3690	3690	21843	21843	130	130	203	203
IND00683	99	99	1005	1005	321	321	351	351	3642	3642	7287	7287	666	666	895	895	219	219	106	106	14271	14271	15562	15562	706	706	195	195	94	94	251	251	1074	1074	4744	4744	660	660	204	204	4513	4513	6209	6209	722	722	693	693	9	9	53	53	178	178	236	236	5881	5881	470	470	3923	3923	2435	2435	17119	17119	42132	42132	5424	5424	5318	5318	170	170	48	48	5407	5407	6747	6747	273	273	3229	3229	233	233	112	112	90	90	906	906	13	13	10	10	268	268	72	72	443	443	215	215	4	4	165	165	332	332	495	495	1577	1577	195	195	9315	9315	2063	2063	508	508	268	268	5362	5362	7768	7768	21	21	49	49	166	166	27	27	167	167	41	41	183	183	82	82	18	18	1015	1015	16	16	82	82	2960	2960	1604	1604	3487	3487	3754	3754	36	36	110	110	13	13	2	2	3321	3321	3668	3668	32	32	15	15	6	6	9	9	119	119	83	83	64	64	2	2	5664	5664	395	395	7328	7328	27174	27174	201	201	55	55
IND00684	704	704	915	915	72	72	473	473	1772	1772	898	898	654	654	979	979	108	108	207	207	845	845	482	482	1071	1071	1598	1598	72	72	155	155	4986	4986	1584	1584	726	726	294	294	674	674	3910	3910	829	829	635	635	11	11	63	63	154	154	132	132	9905	9905	8536	8536	2966	2966	830	830	29332	29332	47570	47570	5727	5727	2797	2797	232	232	11	11	2589	2589	3028	3028	4052	4052	1187	1187	14	14	320	320	395	395	363	363	93	93	53	53	137	137	12	12	119	119	576	576	53	53	25	25	734	734	347	347	1105	1105	1336	1336	13473	13473	3119	3119	393	393	158	158	12623	12623	16364	16364	33	33	105	105	255	255	110	110	96	96	148	148	158	158	200	200	203	203	107	107	54	54	18	18	2616	2616	2421	2421	357	357	2715	2715	113	113	31	31	37	37	20	20	990	990	894	894	11	11	5	5	9	9	6	6	2	2	22	22	48	48	3	3	5689	5689	2021	2021	24482	24482	13492	13492	22	22	247	247
IND00685	2011	2011	870	870	375	375	169	169	4552	4552	188	188	661	661	646	646	160	160	1	1	16035	16035	9395	9395	586	586	149	149	174	174	478	478	744	744	7373	7373	889	889	297	297	5782	5782	349	349	384	384	397	397	64	64	7	7	74	74	241	241	1247	1247	4532	4532	1633	1633	2249	2249	37353	37353	41066	41066	1825	1825	2512	2512	90	90	50	50	451	451	263	263	2753	2753	475	475	285	285	161	161	913	913	946	946	19	19	118	118	293	293	248	248	710	710	987	987	78	78	194	194	953	953	901	901	1794	1794	752	752	10946	10946	5740	5740	212	212	512	512	5960	5960	4695	4695	46	46	77	77	10	10	226	226	49	49	119	119	163	163	163	163	131	131	394	394	65	65	116	116	117	117	1001	1001	3809	3809	2402	2402	106	106	81	81	33	33	61	61	4892	4892	3189	3189	4	4	18	18	10	10	16	16	77	77	15	15	41	41	51	51	5895	5895	2773	2773	15186	15186	7925	7925	148	148	135	135
IND00686	1256	1256	1863	1863	203	203	86	86	3409	3409	2630	2630	155	155	696	696	173	173	207	207	1226	1226	16375	16375	1118	1118	920	920	175	175	436	436	3221	3221	2844	2844	222	222	928	928	1241	1241	6641	6641	897	897	837	837	5	5	61	61	108	108	250	250	9775	9775	16024	16024	4051	4051	1010	1010	31351	31351	27586	27586	7590	7590	4989	4989	70	70	148	148	3367	3367	3510	3510	1964	1964	1835	1835	455	455	318	318	823	823	706	706	17	17	85	85	451	451	146	146	369	369	531	531	125	125	93	93	201	201	180	180	755	755	883	883	5456	5456	8707	8707	383	383	130	130	9861	9861	1979	1979	68	68	64	64	158	158	248	248	252	252	147	147	61	61	215	215	381	381	927	927	54	54	68	68	527	527	292	292	13	13	2140	2140	112	112	49	49	35	35	21	21	5328	5328	5238	5238	30	30	28	28	2	2	8	8	78	78	118	118	8	8	10	10	6961	6961	1594	1594	27125	27125	29453	29453	222	222	159	159
IND00687	1799	1799	1583	1583	20	20	63	63	6457	6457	5639	5639	274	274	760	760	3	3	188	188	4446	4446	12059	12059	459	459	666	666	342	342	496	496	5706	5706	6461	6461	747	747	114	114	6411	6411	1114	1114	696	696	83	83	45	45	44	44	251	251	237	237	6902	6902	8336	8336	2659	2659	2400	2400	37067	37067	6875	6875	7468	7468	887	887	137	137	104	104	2287	2287	2271	2271	2624	2624	5	5	363	363	270	270	887	887	1001	1001	110	110	43	43	71	71	225	225	71	71	944	944	2	2	239	239	426	426	571	571	1191	1191	1683	1683	4066	4066	869	869	288	288	436	436	13182	13182	14513	14513	6	6	10	10	108	108	19	19	162	162	35	35	215	215	246	246	184	184	311	311	43	43	17	17	1923	1923	1854	1854	3303	3303	134	134	38	38	112	112	4	4	18	18	5480	5480	6708	6708	24	24	22	22	7	7	6	6	55	55	95	95	45	45	2	2	2719	2719	948	948	4745	4745	27940	27940	182	182	94	94
IND00688	615	615	197	197	428	428	485	485	7554	7554	4987	4987	421	421	321	321	41	41	194	194	3441	3441	434	434	1647	1647	1326	1326	69	69	249	249	4107	4107	4903	4903	99	99	493	493	6236	6236	4244	4244	65	65	583	583	37	37	22	22	98	98	83	83	9930	9930	6511	6511	1821	1821	3196	3196	60884	60884	36779	36779	5549	5549	6018	6018	237	237	222	222	2593	2593	5409	5409	2048	2048	3123	3123	461	461	499	499	211	211	794	794	14	14	99	99	512	512	122	122	81	81	65	65	123	123	111	111	347	347	725	725	398	398	193	193	12952	12952	7750	7750	81	81	323	323	14949	14949	7961	7961	78	78	90	90	14	14	192	192	142	142	68	68	40	40	178	178	962	962	1017	1017	76	76	59	59	1623	1623	69	69	733	733	2323	2323	122	122	42	42	19	19	27	27	1369	1369	2034	2034	27	27	31	31	3	3	7	7	60	60	71	71	14	14	40	40	1810	1810	1098	1098	4358	4358	1446	1446	184	184	132	132
IND00689	1992	1992	1403	1403	311	311	414	414	6073	6073	3017	3017	227	227	638	638	170	170	75	75	5226	5226	9659	9659	1877	1877	1443	1443	133	133	260	260	2353	2353	8046	8046	676	676	689	689	5076	5076	4933	4933	570	570	647	647	18	18	33	33	203	203	99	99	13898	13898	14798	14798	1612	1612	2206	2206	65384	65384	39985	39985	262	262	520	520	3	3	23	23	975	975	3345	3345	3885	3885	252	252	346	346	284	284	40	40	927	927	75	75	21	21	22	22	306	306	535	535	382	382	53	53	193	193	970	970	761	761	806	806	600	600	15870	15870	16029	16029	431	431	177	177	11808	11808	8876	8876	115	115	68	68	19	19	231	231	69	69	155	155	138	138	129	129	381	381	356	356	38	38	12	12	3971	3971	3879	3879	3999	3999	1092	1092	99	99	86	86	26	26	50	50	4206	4206	7112	7112	21	21	1	1	9	9	2	2	37	37	81	81	12	12	63	63	3211	3211	6138	6138	32483	32483	13398	13398	197	197	65	65
IND00690	1344	1344	1161	1161	59	59	59	59	7114	7114	5496	5496	983	983	508	508	50	50	198	198	15003	15003	12094	12094	1871	1871	4	4	138	138	415	415	3287	3287	6941	6941	323	323	140	140	6305	6305	1490	1490	650	650	462	462	29	29	60	60	37	37	120	120	4875	4875	11662	11662	3929	3929	3574	3574	11436	11436	26189	26189	6370	6370	1839	1839	63	63	249	249	1681	1681	2122	2122	2978	2978	842	842	172	172	459	459	367	367	230	230	91	91	46	46	339	339	327	327	403	403	175	175	174	174	198	198	523	523	254	254	1163	1163	1822	1822	13828	13828	1989	1989	372	372	427	427	8682	8682	3303	3303	35	35	102	102	156	156	26	26	239	239	21	21	32	32	204	204	643	643	410	410	113	113	38	38	1392	1392	664	664	3686	3686	4041	4041	73	73	81	81	45	45	8	8	4809	4809	286	286	11	11	23	23	3	3	10	10	84	84	81	81	4	4	22	22	6473	6473	7991	7991	10605	10605	30574	30574	180	180	144	144
IND00691	1079	1079	391	391	375	375	86	86	50	50	6798	6798	455	455	5	5	89	89	238	238	5435	5435	12865	12865	512	512	834	834	175	175	260	260	1562	1562	8007	8007	91	91	636	636	1089	1089	6085	6085	107	107	205	205	28	28	17	17	121	121	131	131	16070	16070	10837	10837	2950	2950	2526	2526	61646	61646	52937	52937	6646	6646	4804	4804	220	220	12	12	768	768	6521	6521	2840	2840	3157	3157	476	476	449	449	822	822	95	95	112	112	126	126	397	397	97	97	740	740	693	693	42	42	110	110	218	218	146	146	592	592	942	942	5106	5106	1513	1513	364	364	243	243	4236	4236	2603	2603	24	24	94	94	182	182	170	170	57	57	164	164	19	19	188	188	483	483	514	514	8	8	102	102	2441	2441	261	261	3479	3479	1043	1043	11	11	23	23	8	8	46	46	5498	5498	7424	7424	6	6	6	6	11	11	1	1	79	79	109	109	53	53	56	56	4350	4350	494	494	16179	16179	10026	10026	131	131	172	172
IND00692	564	564	2007	2007	127	127	169	169	3863	3863	6217	6217	433	433	815	815	21	21	1	1	615	615	1827	1827	1527	1527	1655	1655	478	478	224	224	3384	3384	5575	5575	435	435	793	793	7835	7835	7594	7594	1005	1005	558	558	11	11	57	57	135	135	132	132	13953	13953	9630	9630	539	539	1446	1446	65034	65034	21397	21397	1004	1004	1215	1215	34	34	112	112	4262	4262	931	931	3489	3489	2493	2493	136	136	108	108	603	603	260	260	105	105	47	47	97	97	148	148	684	684	31	31	3	3	193	193	162	162	458	458	662	662	1866	1866	6411	6411	7953	7953	387	387	137	137	1792	1792	1095	1095	29	29	106	106	153	153	87	87	176	176	29	29	7	7	196	196	886	886	360	360	84	84	25	25	3916	3916	1066	1066	3234	3234	855	855	27	27	127	127	13	13	39	39	550	550	5969	5969	13	13	7	7	5	5	14	14	92	92	17	17	46	46	24	24	83	83	3693	3693	24905	24905	8025	8025	253	253	191	191
IND00693	1435	1435	1880	1880	6	6	271	271	329	329	1445	1445	10	10	842	842	91	91	100	100	3491	3491	14386	14386	1618	1618	390	390	238	238	287	287	3661	3661	7460	7460	273	273	277	277	4527	4527	3116	3116	9	9	630	630	33	33	41	41	255	255	66	66	9961	9961	4881	4881	142	142	248	248	1041	1041	6848	6848	4388	4388	6183	6183	171	171	149	149	7262	7262	725	725	920	920	1466	1466	506	506	124	124	896	896	271	271	91	91	16	16	511	511	2	2	534	534	112	112	14	14	24	24	672	672	673	673	947	947	1429	1429	10983	10983	1153	1153	343	343	437	437	13601	13601	11616	11616	25	25	99	99	65	65	54	54	196	196	19	19	203	203	217	217	1016	1016	723	723	128	128	73	73	917	917	559	559	3243	3243	907	907	41	41	121	121	33	33	32	32	1889	1889	43	43	16	16	12	12	15	15	3	3	3	3	85	85	61	61	19	19	4230	4230	1255	1255	32094	32094	11944	11944	186	186	37	37
IND00694	759	759	1050	1050	275	275	294	294	6677	6677	1720	1720	433	433	322	322	229	229	44	44	7273	7273	1552	1552	1679	1679	158	158	400	400	233	233	5892	5892	4866	4866	902	902	84	84	613	613	57	57	427	427	633	633	50	50	6	6	164	164	150	150	7760	7760	11380	11380	2400	2400	49	49	44843	44843	37104	37104	6198	6198	1107	1107	55	55	168	168	78	78	1926	1926	2859	2859	1547	1547	166	166	5	5	949	949	380	380	47	47	61	61	324	324	464	464	313	313	886	886	107	107	85	85	477	477	899	899	648	648	1544	1544	13083	13083	13549	13549	142	142	337	337	359	359	2258	2258	34	34	52	52	256	256	69	69	29	29	8	8	69	69	100	100	137	137	994	994	71	71	2	2	3002	3002	1459	1459	1775	1775	42	42	20	20	15	15	37	37	34	34	3507	3507	6810	6810	26	26	11	11	3	3	7	7	3	3	39	39	30	30	39	39	1298	1298	6526	6526	13962	13962	26504	26504	79	79	112	112
IND00695	1558	1558	79	79	17	17	321	321	6317	6317	5508	5508	724	724	209	209	35	35	231	231	3367	3367	11687	11687	281	281	1038	1038	175	175	78	78	3000	3000	7456	7456	404	404	224	224	362	362	2437	2437	681	681	98	98	3	3	52	52	71	71	241	241	7724	7724	8755	8755	2915	2915	3523	3523	11566	11566	26531	26531	1960	1960	1154	1154	99	99	62	62	8028	8028	2394	2394	2205	2205	3052	3052	185	185	358	358	1018	1018	894	894	64	64	44	44	73	73	226	226	79	79	289	289	235	235	147	147	420	420	310	310	879	879	887	887	2690	2690	14792	14792	240	240	69	69	6930	6930	16333	16333	93	93	108	108	124	124	225	225	137	137	27	27	84	84	229	229	829	829	501	501	9	9	61	61	1323	1323	2710	2710	1437	1437	2757	2757	83	83	93	93	26	26	6	6	7981	7981	5315	5315	17	17	23	23	3	3	9	9	32	32	74	74	9	9	52	52	2703	2703	790	790	29350	29350	12431	12431	216	216	16	16
IND00696	1888	1888	657	657	122	122	170	170	4790	4790	2846	2846	648	648	151	151	22	22	150	150	7229	7229	5561	5561	1573	1573	159	159	145	145	510	510	6547	6547	496	496	704	704	142	142	7833	7833	6823	6823	913	913	319	319	11	11	11	11	251	251	249	249	4195	4195	13943	13943	3304	3304	883	883	35366	35366	43559	43559	8011	8011	6398	6398	71	71	116	116	5072	5072	5819	5819	3686	3686	3033	3033	321	321	71	71	359	359	620	620	2	2	8	8	233	233	214	214	31	31	491	491	108	108	200	200	805	805	762	762	829	829	2019	2019	5016	5016	5338	5338	476	476	278	278	6116	6116	12104	12104	92	92	124	124	107	107	106	106	202	202	247	247	56	56	121	121	659	659	847	847	47	47	51	51	2659	2659	2194	2194	2742	2742	1917	1917	65	65	42	42	39	39	16	16	5328	5328	6581	6581	22	22	18	18	12	12	16	16	10	10	121	121	45	45	36	36	1202	1202	4496	4496	11817	11817	16425	16425	32	32	163	163
IND00697	73	73	8	8	202	202	440	440	8070	8070	5780	5780	675	675	867	867	53	53	31	31	6591	6591	13899	13899	986	986	1000	1000	347	347	35	35	3179	3179	141	141	934	934	606	606	6012	6012	1065	1065	839	839	703	703	64	64	33	33	142	142	147	147	9275	9275	13770	13770	3543	3543	922	922	49960	49960	13303	13303	2542	2542	547	547	193	193	235	235	7856	7856	5216	5216	1671	1671	948	948	295	295	351	351	242	242	253	253	6	6	76	76	265	265	227	227	298	298	380	380	32	32	23	23	86	86	576	576	1778	1778	1393	1393	12122	12122	4534	4534	126	126	82	82	1171	1171	1070	1070	80	80	87	87	42	42	172	172	223	223	247	247	97	97	105	105	890	890	643	643	66	66	25	25	1013	1013	3778	3778	1095	1095	1726	1726	79	79	47	47	5	5	48	48	1748	1748	7859	7859	32	32	21	21	1	1	4	4	122	122	115	115	60	60	17	17	709	709	5530	5530	20411	20411	18628	18628	209	209	4	4
IND00698	1299	1299	1016	1016	74	74	219	219	5570	5570	5006	5006	877	877	756	756	111	111	3	3	11289	11289	14115	14115	1066	1066	1095	1095	102	102	356	356	7364	7364	6660	6660	857	857	713	713	7085	7085	2722	2722	888	888	609	609	15	15	34	34	36	36	148	148	14990	14990	5900	5900	1878	1878	702	702	60707	60707	8073	8073	6216	6216	394	394	71	71	21	21	4190	4190	155	155	1630	1630	633	633	121	121	216	216	650	650	912	912	127	127	85	85	11	11	227	227	289	289	971	971	58	58	31	31	816	816	893	893	1023	1023	1158	1158	9208	9208	274	274	158	158	275	275	10295	10295	13637	13637	120	120	94	94	58	58	13	13	48	48	116	116	72	72	213	213	295	295	394	394	121	121	18	18	533	533	3584	3584	2024	2024	2094	2094	4	4	97	97	39	39	19	19	1419	1419	4129	4129	21	21	13	13	16	16	10	10	27	27	92	92	33	33	34	34	4136	4136	4112	4112	3748	3748	28323	28323	97	97	249	249
IND00699	173	173	616	616	331	331	42	42	5410	5410	3974	3974	37	37	947	947	223	223	65	65	983	983	13455	13455	543	543	1085	1085	402	402	91	91	1928	1928	8062	8062	636	636	1020	1020	5886	5886	4659	4659	546	546	764	764	63	63	8	8	1	1	81	81	12454	12454	12819	12819	3302	3302	3606	3606	16893	16893	27996	27996	6622	6622	2788	2788	57	57	69	69	858	858	824	824	2968	2968	3362	3362	84	84	170	170	33	33	960	960	24	24	35	35	166	166	369	369	681	681	957	957	24	24	211	211	868	868	963	963	110	110	443	443	13515	13515	9720	9720	271	271	255	255	11526	11526	4953	4953	19	19	10	10	1	1	247	247	34	34	228	228	66	66	162	162	468	468	927	927	95	95	60	60	1802	1802	715	715	1004	1004	3520	3520	97	97	92	92	37	37	4	4	2458	2458	3080	3080	13	13	3	3	8	8	15	15	128	128	118	118	24	24	49	49	8006	8006	4578	4578	10558	10558	6216	6216	83	83	110	110
IND00700	548	548	1598	1598	74	74	500	500	7120	7120	5196	5196	325	325	121	121	108	108	138	138	10850	10850	14825	14825	1656	1656	882	882	317	317	218	218	1670	1670	5440	5440	780	780	113	113	5935	5935	7032	7032	122	122	994	994	64	64	60	60	29	29	92	92	912	912	16108	16108	427	427	1783	1783	56160	56160	52768	52768	6166	6166	112	112	99	99	158	158	7531	7531	177	177	576	576	768	768	10	10	24	24	587	587	783	783	24	24	25	25	24	24	21	21	834	834	300	300	65	65	188	188	37	37	276	276	1043	1043	910	910	5398	5398	14503	14503	205	205	320	320	7930	7930	7669	7669	106	106	86	86	106	106	185	185	194	194	143	143	165	165	150	150	33	33	755	755	21	21	65	65	2594	2594	1021	1021	3587	3587	1507	1507	119	119	13	13	35	35	15	15	686	686	2133	2133	10	10	10	10	2	2	3	3	11	11	3	3	29	29	32	32	104	104	2393	2393	8172	8172	32320	32320	90	90	79	79
IND00701	1899	1899	1460	1460	111	111	217	217	8176	8176	8059	8059	312	312	144	144	235	235	56	56	6078	6078	2205	2205	599	599	1176	1176	485	485	396	396	7880	7880	322	322	927	927	688	688	2112	2112	6429	6429	883	883	622	622	40	40	56	56	170	170	18	18	7566	7566	9652	9652	2270	2270	3701	3701	27576	27576	53652	53652	3658	3658	2641	2641	238	238	171	171	1220	1220	6832	6832	3039	3039	300	300	491	491	288	288	764	764	378	378	20	20	118	118	164	164	504	504	711	711	210	210	74	74	185	185	456	456	1018	1018	1380	1380	1304	1304	6929	6929	7042	7042	8	8	11	11	3604	3604	5730	5730	84	84	23	23	245	245	125	125	64	64	83	83	88	88	55	55	728	728	861	861	76	76	100	100	1906	1906	1480	1480	224	224	1569	1569	114	114	79	79	2	2	24	24	3202	3202	3723	3723	32	32	9	9	4	4	14	14	43	43	101	101	9	9	56	56	7571	7571	1481	1481	6559	6559	8777	8777	54	54	54	54
IND00702	274	274	764	764	43	43	238	238	8089	8089	3685	3685	896	896	1015	1015	125	125	231	231	5066	5066	13333	13333	71	71	305	305	19	19	377	377	7342	7342	4010	4010	318	318	600	600	3406	3406	4723	4723	999	999	905	905	30	30	10	10	39	39	151	151	8926	8926	2501	2501	1419	1419	1134	1134	30708	30708	15428	15428	1286	1286	2717	2717	120	120	145	145	8092	8092	6259	6259	3430	3430	1088	1088	204	204	464	464	584	584	95	95	41	41	12	12	363	363	289	289	780	780	938	938	218	218	125	125	748	748	470	470	859	859	1984	1984	4016	4016	5119	5119	324	324	296	296	4794	4794	16135	16135	51	51	52	52	127	127	71	71	27	27	184	184	216	216	254	254	831	831	192	192	55	55	32	32	3001	3001	3268	3268	2427	2427	3338	3338	39	39	14	14	10	10	30	30	4053	4053	51	51	11	11	6	6	15	15	2	2	102	102	66	66	57	57	18	18	5212	5212	1288	1288	23209	23209	30820	30820	99	99	253	253
IND00703	1896	1896	512	512	294	294	448	448	5120	5120	2744	2744	56	56	318	318	256	256	12	12	5042	5042	13687	13687	337	337	90	90	305	305	86	86	3137	3137	2328	2328	52	52	957	957	6698	6698	4017	4017	759	759	186	186	33	33	61	61	250	250	56	56	80	80	12182	12182	855	855	1053	1053	52445	52445	53714	53714	1784	1784	6726	6726	21	21	157	157	2889	2889	6583	6583	1240	1240	3410	3410	444	444	279	279	153	153	765	765	79	79	85	85	106	106	479	479	417	417	726	726	4	4	150	150	142	142	865	865	1496	1496	783	783	2868	2868	14202	14202	35	35	218	218	3062	3062	3493	3493	74	74	25	25	40	40	48	48	169	169	119	119	226	226	87	87	398	398	617	617	123	123	6	6	709	709	1771	1771	2149	2149	1755	1755	50	50	16	16	2	2	36	36	7891	7891	815	815	2	2	24	24	15	15	8	8	106	106	57	57	17	17	46	46	3173	3173	6268	6268	12648	12648	3944	3944	80	80	247	247
IND00704	49	49	1798	1798	236	236	408	408	5934	5934	3796	3796	284	284	355	355	21	21	114	114	10185	10185	13757	13757	1273	1273	1330	1330	42	42	380	380	4400	4400	6108	6108	206	206	836	836	3831	3831	5867	5867	1021	1021	485	485	28	28	17	17	86	86	158	158	15793	15793	12083	12083	3389	3389	3828	3828	64697	64697	46201	46201	2290	2290	3030	3030	52	52	197	197	3103	3103	4113	4113	2015	2015	3570	3570	497	497	435	435	404	404	326	326	52	52	50	50	387	387	288	288	340	340	471	471	9	9	228	228	791	791	206	206	873	873	2009	2009	4312	4312	6534	6534	51	51	455	455	4573	4573	11234	11234	85	85	36	36	23	23	185	185	48	48	68	68	197	197	230	230	87	87	422	422	66	66	123	123	1217	1217	2227	2227	763	763	221	221	66	66	128	128	31	31	42	42	8088	8088	5471	5471	25	25	18	18	7	7	5	5	115	115	80	80	12	12	61	61	2946	2946	2362	2362	7789	7789	28281	28281	231	231	61	61
IND00705	1769	1769	994	994	95	95	105	105	1411	1411	1080	1080	874	874	188	188	35	35	158	158	961	961	12049	12049	1178	1178	798	798	14	14	446	446	7095	7095	3460	3460	89	89	157	157	5434	5434	283	283	585	585	245	245	27	27	54	54	109	109	168	168	7805	7805	1947	1947	106	106	2113	2113	13384	13384	65350	65350	3188	3188	4049	4049	242	242	71	71	5693	5693	2417	2417	582	582	1751	1751	429	429	244	244	731	731	800	800	103	103	106	106	257	257	390	390	354	354	184	184	8	8	207	207	175	175	267	267	1616	1616	1970	1970	6834	6834	5209	5209	275	275	101	101	8423	8423	3924	3924	119	119	11	11	134	134	230	230	99	99	212	212	120	120	91	91	382	382	904	904	75	75	75	75	3684	3684	881	881	1291	1291	1006	1006	62	62	114	114	34	34	64	64	7391	7391	1518	1518	5	5	16	16	14	14	7	7	101	101	51	51	53	53	46	46	2202	2202	3469	3469	11256	11256	30439	30439	90	90	239	239
IND00706	444	444	1069	1069	251	251	244	244	4369	4369	113	113	98	98	205	205	93	93	177	177	11920	11920	12419	12419	251	251	170	170	399	399	287	287	49	49	7536	7536	287	287	969	969	1873	1873	76	76	332	332	760	760	29	29	5	5	241	241	58	58	14026	14026	15970	15970	2352	2352	2407	2407	2733	2733	22917	22917	1441	1441	6737	6737	236	236	155	155	6126	6126	3509	3509	2481	2481	2114	2114	85	85	159	159	952	952	417	417	5	5	124	124	242	242	226	226	194	194	308	308	242	242	10	10	522	522	863	863	1047	1047	57	57	11408	11408	973	973	87	87	226	226	8236	8236	13134	13134	33	33	32	32	232	232	5	5	239	239	212	212	233	233	4	4	143	143	663	663	78	78	76	76	209	209	3929	3929	129	129	2204	2204	86	86	101	101	13	13	50	50	6750	6750	6226	6226	20	20	18	18	4	4	7	7	64	64	123	123	36	36	12	12	690	690	3458	3458	22402	22402	24887	24887	131	131	193	193
IND00707	713	713	970	970	505	505	425	425	1406	1406	8059	8059	20	20	404	404	167	167	159	159	11122	11122	1860	1860	336	336	407	407	440	440	275	275	2066	2066	2641	2641	168	168	161	161	2766	2766	5719	5719	917	917	33	33	31	31	3	3	66	66	109	109	4072	4072	16050	16050	1100	1100	1629	1629	21161	21161	44714	44714	7247	7247	4473	4473	244	244	229	229	3963	3963	3414	3414	1299	1299	2942	2942	495	495	11	11	676	676	423	423	15	15	72	72	417	417	431	431	711	711	959	959	251	251	65	65	670	670	759	759	1198	1198	291	291	15426	15426	6412	6412	133	133	282	282	6678	6678	7838	7838	88	88	5	5	191	191	89	89	12	12	71	71	107	107	139	139	848	848	505	505	61	61	110	110	3314	3314	1129	1129	2556	2556	2942	2942	15	15	25	25	35	35	31	31	5560	5560	8002	8002	22	22	27	27	2	2	3	3	31	31	43	43	34	34	63	63	1005	1005	2067	2067	30060	30060	8130	8130	53	53	150	150
IND00708	405	405	1303	1303	10	10	235	235	2252	2252	1246	1246	698	698	21	21	65	65	224	224	6578	6578	10255	10255	1316	1316	426	426	308	308	266	266	7590	7590	1128	1128	936	936	563	563	2621	2621	7205	7205	1015	1015	302	302	21	21	12	12	5	5	62	62	2255	2255	5440	5440	1649	1649	120	120	20679	20679	60167	60167	4690	4690	5135	5135	101	101	45	45	1909	1909	5756	5756	1486	1486	191	191	420	420	501	501	752	752	818	818	89	89	24	24	171	171	107	107	274	274	383	383	67	67	213	213	197	197	845	845	1914	1914	1102	1102	10221	10221	15269	15269	176	176	27	27	7926	7926	3615	3615	18	18	78	78	152	152	93	93	197	197	93	93	226	226	78	78	778	778	287	287	63	63	20	20	2036	2036	2957	2957	398	398	1752	1752	64	64	115	115	48	48	12	12	2721	2721	4929	4929	30	30	22	22	13	13	13	13	121	121	69	69	54	54	18	18	2821	2821	776	776	9160	9160	32129	32129	44	44	54	54
IND00709	1075	1075	1391	1391	61	61	50	50	4692	4692	3145	3145	452	452	738	738	182	182	187	187	4320	4320	14862	14862	788	788	22	22	338	338	358	358	3689	3689	872	872	498	498	614	614	7434	7434	7886	7886	831	831	66	66	50	50	51	51	238	238	104	104	15312	15312	14416	14416	1349	1349	1015	1015	13089	13089	58102	58102	4266	4266	6263	6263	39	39	205	205	1565	1565	6225	6225	1800	1800	1564	1564	28	28	14	14	353	353	500	500	82	82	48	48	188	188	297	297	927	927	706	706	251	251	115	115	134	134	810	810	2029	2029	1791	1791	632	632	11860	11860	361	361	163	163	3089	3089	10784	10784	84	84	16	16	38	38	232	232	170	170	98	98	219	219	17	17	429	429	913	913	63	63	85	85	3707	3707	912	912	1123	1123	1926	1926	71	71	14	14	14	14	48	48	6707	6707	8135	8135	6	6	5	5	11	11	16	16	101	101	7	7	49	49	5	5	3897	3897	3946	3946	11431	11431	2059	2059	173	173	191	191
IND00710	458	458	1583	1583	448	448	397	397	703	703	1189	1189	1011	1011	789	789	106	106	123	123	6504	6504	15842	15842	877	877	2010	2010	266	266	211	211	3492	3492	5969	5969	81	81	440	440	6506	6506	4300	4300	66	66	307	307	4	4	46	46	141	141	34	34	14443	14443	12914	12914	3529	3529	1754	1754	34863	34863	9134	9134	3533	3533	3435	3435	185	185	55	55	1392	1392	3157	3157	2820	2820	3723	3723	360	360	392	392	626	626	279	279	67	67	40	40	403	403	312	312	696	696	113	113	224	224	20	20	195	195	248	248	1094	1094	1913	1913	8786	8786	10721	10721	356	356	441	441	13287	13287	10610	10610	95	95	106	106	252	252	192	192	124	124	205	205	27	27	227	227	238	238	523	523	85	85	71	71	2452	2452	2266	2266	3644	3644	2332	2332	4	4	31	31	51	51	43	43	7028	7028	4202	4202	26	26	27	27	6	6	8	8	56	56	8	8	17	17	4	4	8029	8029	2453	2453	1030	1030	9712	9712	213	213	138	138
IND00711	1833	1833	963	963	488	488	30	30	7429	7429	6693	6693	911	911	821	821	95	95	229	229	8622	8622	1545	1545	746	746	614	614	371	371	192	192	2365	2365	1772	1772	779	779	1011	1011	6768	6768	1721	1721	806	806	758	758	51	51	18	18	221	221	91	91	5802	5802	12317	12317	3902	3902	814	814	794	794	46621	46621	4574	4574	7475	7475	85	85	54	54	7742	7742	6140	6140	1990	1990	1780	1780	510	510	389	389	297	297	694	694	109	109	1	1	391	391	134	134	79	79	903	903	49	49	141	141	940	940	569	569	519	519	1850	1850	2786	2786	8508	8508	353	353	93	93	15108	15108	15304	15304	53	53	38	38	188	188	227	227	65	65	113	113	216	216	166	166	345	345	867	867	95	95	123	123	290	290	1711	1711	1429	1429	672	672	118	118	72	72	7	7	7	7	669	669	3824	3824	9	9	31	31	1	1	5	5	101	101	76	76	12	12	18	18	567	567	1615	1615	4646	4646	26452	26452	103	103	61	61
IND00712	1376	1376	876	876	480	480	397	397	3323	3323	3318	3318	703	703	870	870	143	143	75	75	2892	2892	12603	12603	1038	1038	1611	1611	344	344	411	411	3549	3549	4490	4490	175	175	469	469	6524	6524	7609	7609	425	425	898	898	25	25	14	14	60	60	58	58	7949	7949	8495	8495	2598	2598	1603	1603	57283	57283	538	538	3600	3600	6032	6032	203	203	215	215	6624	6624	6398	6398	58	58	1015	1015	197	197	206	206	904	904	277	277	40	40	82	82	437	437	224	224	222	222	48	48	155	155	217	217	520	520	47	47	386	386	1656	1656	8472	8472	5494	5494	298	298	136	136	495	495	15192	15192	105	105	87	87	149	149	231	231	147	147	25	25	211	211	144	144	528	528	385	385	34	34	13	13	1236	1236	599	599	1176	1176	4004	4004	81	81	103	103	2	2	49	49	7133	7133	2638	2638	21	21	27	27	5	5	5	5	42	42	90	90	54	54	44	44	6071	6071	1247	1247	17992	17992	13674	13674	235	235	144	144
IND00713	1304	1304	752	752	2	2	100	100	4400	4400	4236	4236	972	972	506	506	230	230	56	56	15620	15620	7812	7812	1095	1095	1993	1993	149	149	500	500	5057	5057	6729	6729	273	273	489	489	935	935	1151	1151	864	864	975	975	21	21	38	38	32	32	207	207	15860	15860	1706	1706	1755	1755	633	633	54409	54409	40208	40208	5494	5494	3340	3340	129	129	70	70	571	571	503	503	617	617	1796	1796	192	192	448	448	300	300	252	252	27	27	63	63	28	28	195	195	240	240	633	633	132	132	99	99	89	89	313	313	1903	1903	890	890	4757	4757	2253	2253	6	6	483	483	13674	13674	15569	15569	46	46	107	107	156	156	62	62	167	167	62	62	95	95	77	77	451	451	513	513	53	53	11	11	1240	1240	3684	3684	293	293	1210	1210	125	125	58	58	51	51	35	35	7357	7357	5764	5764	19	19	20	20	9	9	7	7	62	62	5	5	38	38	4	4	3690	3690	552	552	18980	18980	28326	28326	18	18	65	65
IND00714	593	593	1101	1101	374	374	512	512	1853	1853	7672	7672	332	332	595	595	243	243	97	97	1568	1568	7825	7825	546	546	1061	1061	370	370	243	243	7169	7169	7096	7096	920	920	751	751	3262	3262	7024	7024	953	953	119	119	28	28	44	44	244	244	112	112	11742	11742	478	478	2526	2526	3166	3166	671	671	39250	39250	4976	4976	1870	1870	228	228	201	201	473	473	5529	5529	2341	2341	784	784	380	380	404	404	251	251	705	705	21	21	59	59	294	294	209	209	677	677	924	924	70	70	218	218	738	738	1016	1016	212	212	951	951	13745	13745	2794	2794	429	429	428	428	3334	3334	6246	6246	105	105	4	4	26	26	100	100	31	31	3	3	13	13	20	20	571	571	923	923	91	91	36	36	1204	1204	3115	3115	3731	3731	2002	2002	36	36	7	7	26	26	24	24	5659	5659	3684	3684	19	19	31	31	6	6	7	7	127	127	71	71	25	25	45	45	4213	4213	213	213	26340	26340	7016	7016	181	181	82	82
IND00715	124	124	28	28	172	172	120	120	3405	3405	3044	3044	286	286	199	199	210	210	158	158	3853	3853	15735	15735	1949	1949	2007	2007	10	10	98	98	224	224	1407	1407	129	129	286	286	4508	4508	7121	7121	345	345	800	800	43	43	55	55	149	149	245	245	2686	2686	5028	5028	1907	1907	3365	3365	64333	64333	58059	58059	7577	7577	5640	5640	133	133	160	160	6918	6918	6806	6806	2407	2407	1762	1762	308	308	57	57	887	887	400	400	122	122	120	120	388	388	350	350	581	581	652	652	245	245	231	231	800	800	143	143	851	851	169	169	1239	1239	5965	5965	78	78	145	145	5223	5223	3451	3451	34	34	91	91	46	46	89	89	239	239	47	47	244	244	74	74	699	699	422	422	52	52	68	68	3449	3449	2149	2149	775	775	598	598	4	4	51	51	32	32	62	62	3284	3284	5581	5581	13	13	20	20	3	3	3	3	11	11	35	35	19	19	6	6	2007	2007	1488	1488	9443	9443	31698	31698	35	35	222	222
IND00716	1743	1743	1510	1510	507	507	393	393	7458	7458	2112	2112	564	564	864	864	76	76	104	104	5606	5606	7720	7720	438	438	1450	1450	31	31	497	497	5065	5065	7509	7509	147	147	898	898	4020	4020	4113	4113	280	280	796	796	64	64	47	47	9	9	49	49	10803	10803	6048	6048	1655	1655	3270	3270	10925	10925	8501	8501	675	675	2907	2907	152	152	26	26	3723	3723	7112	7112	2943	2943	4022	4022	40	40	296	296	343	343	506	506	45	45	63	63	296	296	2	2	194	194	977	977	40	40	90	90	494	494	379	379	855	855	1435	1435	5308	5308	1873	1873	251	251	141	141	15831	15831	581	581	101	101	125	125	1	1	203	203	223	223	172	172	61	61	72	72	496	496	546	546	60	60	37	37	1060	1060	3839	3839	3283	3283	3868	3868	119	119	99	99	55	55	4	4	2136	2136	4266	4266	1	1	8	8	14	14	16	16	86	86	61	61	13	13	64	64	1544	1544	7639	7639	22226	22226	12564	12564	125	125	191	191
IND00717	1517	1517	293	293	465	465	25	25	3766	3766	2964	2964	147	147	668	668	39	39	146	146	10600	10600	13333	13333	53	53	1934	1934	442	442	431	431	7859	7859	889	889	842	842	244	244	6904	6904	1272	1272	895	895	355	355	51	51	50	50	30	30	35	35	2428	2428	14131	14131	562	562	3456	3456	53234	53234	48870	48870	2685	2685	249	249	250	250	11	11	3070	3070	6911	6911	3802	3802	3628	3628	442	442	299	299	102	102	343	343	38	38	65	65	464	464	229	229	326	326	551	551	3	3	110	110	261	261	672	672	391	391	544	544	13135	13135	12768	12768	502	502	37	37	6759	6759	16156	16156	95	95	28	28	1	1	154	154	19	19	91	91	224	224	146	146	643	643	446	446	47	47	98	98	1965	1965	3973	3973	1204	1204	3944	3944	4	4	58	58	62	62	23	23	2388	2388	3477	3477	25	25	14	14	12	12	15	15	76	76	39	39	39	39	50	50	4568	4568	1706	1706	9729	9729	20509	20509	48	48	137	137
IND00718	1874	1874	602	602	388	388	442	442	6111	6111	1645	1645	347	347	316	316	232	232	131	131	14873	14873	6423	6423	531	531	1407	1407	217	217	364	364	2502	2502	6407	6407	468	468	810	810	4278	4278	1458	1458	48	48	660	660	61	61	58	58	240	240	111	111	10721	10721	12863	12863	83	83	3214	3214	62295	62295	56906	56906	6804	6804	5532	5532	9	9	62	62	6149	6149	4403	4403	1468	1468	292	292	289	289	274	274	219	219	401	401	120	120	100	100	230	230	438	438	49	49	212	212	80	80	227	227	1009	1009	306	306	1313	1313	1100	1100	5163	5163	5608	5608	350	350	9	9	12467	12467	18	18	125	125	39	39	26	26	137	137	131	131	237	237	85	85	189	189	56	56	986	986	56	56	64	64	1359	1359	1865	1865	735	735	3035	3035	26	26	107	107	11	11	55	55	3953	3953	5666	5666	2	2	1	1	12	12	6	6	2	2	21	21	47	47	30	30	7997	7997	2297	2297	15582	15582	13697	13697	76	76	117	117
IND00719	1376	1376	975	975	320	320	406	406	5263	5263	4602	4602	327	327	936	936	26	26	64	64	1019	1019	11072	11072	413	413	1638	1638	54	54	284	284	4451	4451	7626	7626	143	143	740	740	155	155	6285	6285	580	580	801	801	38	38	25	25	137	137	84	84	14373	14373	2610	2610	1221	1221	937	937	39465	39465	36263	36263	7804	7804	7891	7891	154	154	41	41	2090	2090	6377	6377	3832	3832	2623	2623	200	200	512	512	938	938	364	364	80	80	118	118	294	294	22	22	550	550	939	939	59	59	76	76	276	276	203	203	1631	1631	856	856	8801	8801	86	86	474	474	208	208	3550	3550	9341	9341	59	59	73	73	187	187	197	197	196	196	34	34	239	239	147	147	689	689	170	170	126	126	17	17	2995	2995	1277	1277	906	906	617	617	39	39	126	126	56	56	44	44	2011	2011	6187	6187	26	26	13	13	11	11	12	12	28	28	94	94	20	20	24	24	845	845	7068	7068	13726	13726	15770	15770	129	129	34	34
IND00720	1505	1505	1733	1733	183	183	377	377	1454	1454	2416	2416	781	781	666	666	106	106	187	187	15753	15753	12226	12226	1791	1791	76	76	211	211	76	76	2881	2881	581	581	863	863	366	366	4597	4597	4914	4914	467	467	107	107	8	8	21	21	70	70	180	180	7166	7166	4024	4024	2758	2758	3427	3427	840	840	64422	64422	6726	6726	7498	7498	221	221	57	57	4364	4364	5734	5734	1222	1222	180	180	174	174	265	265	297	297	561	561	72	72	76	76	432	432	62	62	976	976	952	952	99	99	15	15	858	858	706	706	1013	1013	1515	1515	3577	3577	1381	1381	171	171	301	301	9017	9017	5519	5519	34	34	67	67	240	240	225	225	150	150	189	189	68	68	25	25	53	53	330	330	12	12	125	125	2303	2303	1988	1988	17	17	1464	1464	20	20	82	82	43	43	31	31	7735	7735	7348	7348	21	21	4	4	1	1	11	11	60	60	12	12	47	47	11	11	7276	7276	200	200	31444	31444	23611	23611	173	173	175	175
IND00721	1119	1119	693	693	142	142	57	57	5218	5218	2181	2181	875	875	411	411	44	44	84	84	13950	13950	10547	10547	1911	1911	178	178	202	202	300	300	1940	1940	5101	5101	272	272	290	290	7386	7386	2131	2131	488	488	567	567	6	6	44	44	28	28	1	1	11661	11661	3795	3795	1437	1437	2929	2929	43367	43367	19313	19313	398	398	6793	6793	97	97	6	6	5393	5393	4836	4836	3258	3258	1107	1107	168	168	256	256	465	465	809	809	40	40	11	11	41	41	197	197	654	654	332	332	117	117	25	25	735	735	642	642	1226	1226	649	649	1484	1484	985	985	352	352	464	464	3253	3253	11242	11242	90	90	107	107	43	43	237	237	186	186	37	37	33	33	49	49	1007	1007	643	643	69	69	26	26	3190	3190	2187	2187	3933	3933	1431	1431	115	115	57	57	50	50	1	1	6129	6129	1717	1717	3	3	22	22	16	16	9	9	84	84	117	117	53	53	20	20	759	759	6276	6276	21844	21844	23537	23537	32	32	122	122
IND00722	339	339	808	808	277	277	231	231	315	315	7812	7812	979	979	104	104	56	56	162	162	10269	10269	7279	7279	691	691	1894	1894	165	165	266	266	3176	3176	4803	4803	928	928	313	313	4310	4310	1629	1629	304	304	561	561	31	31	18	18	73	73	138	138	579	579	5591	5591	3555	3555	1236	1236	65127	65127	14630	14630	2330	2330	7069	7069	30	30	58	58	6990	6990	3215	3215	1241	1241	72	72	10	10	474	474	922	922	154	154	121	121	98	98	359	359	397	397	582	582	963	963	184	184	166	166	1004	1004	500	500	686	686	1681	1681	8842	8842	15413	15413	264	264	102	102	11405	11405	15084	15084	21	21	3	3	250	250	4	4	170	170	19	19	203	203	27	27	11	11	278	278	73	73	74	74	3179	3179	1259	1259	787	787	3383	3383	20	20	3	3	26	26	56	56	5213	5213	2246	2246	2	2	20	20	13	13	10	10	67	67	40	40	49	49	39	39	3661	3661	7702	7702	4650	4650	30779	30779	90	90	120	120
IND00723	705	705	1362	1362	14	14	118	118	3305	3305	1713	1713	207	207	885	885	33	33	7	7	11046	11046	8461	8461	721	721	2008	2008	224	224	246	246	7749	7749	3795	3795	136	136	217	217	3995	3995	4370	4370	944	944	363	363	14	14	36	36	166	166	206	206	551	551	7072	7072	1493	1493	19	19	61852	61852	53403	53403	87	87	20	20	211	211	226	226	3776	3776	4630	4630	1740	1740	3731	3731	199	199	136	136	733	733	486	486	39	39	12	12	172	172	409	409	245	245	21	21	48	48	175	175	518	518	447	447	1049	1049	477	477	11916	11916	4843	4843	425	425	237	237	12571	12571	15875	15875	83	83	77	77	206	206	97	97	150	150	143	143	150	150	54	54	965	965	185	185	24	24	119	119	1556	1556	1017	1017	3399	3399	46	46	57	57	114	114	48	48	62	62	7086	7086	2044	2044	8	8	20	20	9	9	2	2	72	72	105	105	27	27	45	45	2528	2528	7659	7659	22984	22984	2821	2821	211	211	183	183
IND00724	842	842	1561	1561	176	176	58	58	8054	8054	1076	1076	948	948	605	605	87	87	77	77	2562	2562	7864	7864	357	357	1562	1562	207	207	262	262	5957	5957	7609	7609	550	550	249	249	5066	5066	7563	7563	249	249	383	383	18	18	31	31	207	207	209	209	8365	8365	9597	9597	3604	3604	3010	3010	25988	25988	24005	24005	7199	7199	5944	5944	38	38	92	92	3040	3040	6454	6454	3637	3637	2491	2491	207	207	271	271	209	209	195	195	96	96	110	110	412	412	428	428	799	799	349	349	143	143	166	166	966	966	509	509	880	880	1802	1802	5026	5026	3468	3468	418	418	174	174	10403	10403	15390	15390	36	36	67	67	45	45	63	63	77	77	129	129	69	69	232	232	450	450	268	268	41	41	122	122	3888	3888	3735	3735	3437	3437	320	320	105	105	23	23	54	54	29	29	6820	6820	2177	2177	32	32	26	26	9	9	4	4	87	87	78	78	56	56	39	39	2139	2139	1456	1456	16511	16511	28779	28779	216	216	49	49
IND00725	634	634	949	949	94	94	391	391	1824	1824	7369	7369	993	993	740	740	69	69	126	126	5474	5474	11229	11229	1488	1488	117	117	239	239	192	192	1437	1437	1615	1615	601	601	532	532	1819	1819	4893	4893	862	862	587	587	45	45	13	13	97	97	192	192	16331	16331	12331	12331	168	168	1425	1425	1584	1584	61512	61512	4413	4413	2307	2307	232	232	140	140	313	313	4745	4745	2071	2071	2029	2029	438	438	35	35	802	802	733	733	98	98	115	115	298	298	401	401	65	65	745	745	41	41	93	93	820	820	111	111	145	145	1993	1993	811	811	1017	1017	164	164	441	441	3285	3285	10175	10175	104	104	93	93	47	47	69	69	73	73	160	160	242	242	42	42	893	893	906	906	97	97	14	14	2554	2554	3278	3278	1847	1847	948	948	9	9	61	61	13	13	42	42	5637	5637	1805	1805	11	11	5	5	11	11	6	6	106	106	117	117	47	47	24	24	6200	6200	5089	5089	27297	27297	29331	29331	199	199	57	57
IND00726	223	223	242	242	387	387	51	51	5665	5665	2236	2236	189	189	29	29	95	95	128	128	3495	3495	6466	6466	1279	1279	1302	1302	431	431	32	32	3123	3123	1089	1089	255	255	643	643	152	152	2930	2930	86	86	874	874	62	62	3	3	80	80	192	192	3739	3739	7662	7662	3390	3390	203	203	8823	8823	8972	8972	3498	3498	7263	7263	169	169	180	180	7455	7455	2451	2451	3938	3938	3113	3113	67	67	5	5	567	567	330	330	73	73	14	14	35	35	328	328	382	382	213	213	12	12	2	2	600	600	428	428	1559	1559	1718	1718	2464	2464	14588	14588	350	350	190	190	7117	7117	403	403	58	58	68	68	179	179	29	29	64	64	236	236	11	11	152	152	520	520	296	296	118	118	49	49	1061	1061	1359	1359	943	943	1056	1056	98	98	20	20	44	44	63	63	178	178	3237	3237	11	11	30	30	11	11	1	1	85	85	109	109	50	50	55	55	3230	3230	7291	7291	18584	18584	11639	11639	144	144	183	183
IND00727	1106	1106	604	604	206	206	263	263	5764	5764	5602	5602	99	99	398	398	163	163	132	132	5554	5554	8276	8276	1107	1107	688	688	231	231	126	126	6111	6111	2931	2931	985	985	633	633	5782	5782	5314	5314	774	774	620	620	58	58	12	12	100	100	227	227	11135	11135	11691	11691	3914	3914	832	832	42304	42304	47568	47568	4262	4262	3023	3023	160	160	70	70	1493	1493	4365	4365	401	401	2067	2067	406	406	322	322	994	994	520	520	48	48	106	106	127	127	222	222	152	152	849	849	256	256	76	76	163	163	220	220	1118	1118	1635	1635	1995	1995	4879	4879	396	396	161	161	13163	13163	6299	6299	84	84	66	66	150	150	252	252	220	220	91	91	211	211	127	127	283	283	295	295	24	24	52	52	402	402	3057	3057	1233	1233	1304	1304	24	24	43	43	53	53	42	42	2062	2062	4544	4544	26	26	6	6	1	1	10	10	99	99	48	48	9	9	55	55	3914	3914	172	172	32273	32273	31250	31250	61	61	225	225
IND00728	1080	1080	1306	1306	363	363	185	185	5469	5469	7372	7372	462	462	712	712	166	166	194	194	4697	4697	2140	2140	1634	1634	1933	1933	446	446	93	93	7956	7956	5960	5960	116	116	672	672	390	390	6154	6154	590	590	602	602	24	24	54	54	206	206	254	254	433	433	3815	3815	2913	2913	828	828	35261	35261	16773	16773	1798	1798	977	977	253	253	198	198	7042	7042	7495	7495	1909	1909	9	9	43	43	281	281	365	365	321	321	86	86	67	67	53	53	496	496	934	934	233	233	66	66	137	137	616	616	96	96	1219	1219	1462	1462	532	532	8682	8682	137	137	161	161	3599	3599	8372	8372	8	8	2	2	73	73	175	175	27	27	70	70	90	90	242	242	756	756	40	40	52	52	45	45	346	346	2692	2692	897	897	3684	3684	101	101	52	52	42	42	21	21	138	138	7481	7481	3	3	13	13	15	15	14	14	75	75	62	62	58	58	18	18	5951	5951	3464	3464	12806	12806	1702	1702	59	59	70	70
IND00729	1610	1610	188	188	289	289	483	483	2410	2410	4068	4068	902	902	66	66	90	90	88	88	975	975	11206	11206	1956	1956	1511	1511	114	114	159	159	3600	3600	1282	1282	908	908	961	961	2300	2300	3832	3832	491	491	18	18	49	49	29	29	4	4	39	39	1859	1859	3097	3097	965	965	3537	3537	56814	56814	49985	49985	262	262	3845	3845	247	247	18	18	2986	2986	7191	7191	2188	2188	1683	1683	353	353	256	256	1004	1004	468	468	50	50	63	63	216	216	165	165	547	547	807	807	46	46	203	203	897	897	247	247	1812	1812	1820	1820	8435	8435	4458	4458	94	94	508	508	14778	14778	9339	9339	54	54	102	102	229	229	256	256	47	47	134	134	183	183	215	215	274	274	219	219	37	37	11	11	963	963	1602	1602	3172	3172	1546	1546	18	18	3	3	51	51	5	5	6365	6365	7309	7309	26	26	24	24	2	2	4	4	11	11	7	7	5	5	7	7	707	707	860	860	7266	7266	27485	27485	73	73	81	81
IND00730	1585	1585	686	686	165	165	312	312	2101	2101	6014	6014	933	933	895	895	218	218	224	224	16013	16013	9532	9532	651	651	1353	1353	449	449	303	303	4012	4012	8083	8083	880	880	487	487	4995	4995	2685	2685	83	83	705	705	13	13	51	51	26	26	183	183	10885	10885	913	913	2598	2598	1771	1771	45014	45014	45796	45796	2798	2798	6155	6155	188	188	135	135	2042	2042	988	988	3211	3211	3275	3275	178	178	122	122	92	92	153	153	95	95	33	33	8	8	442	442	70	70	986	986	222	222	90	90	806	806	554	554	2023	2023	542	542	8486	8486	12750	12750	336	336	265	265	13995	13995	4102	4102	37	37	63	63	106	106	142	142	236	236	161	161	76	76	40	40	935	935	168	168	66	66	122	122	2292	2292	3056	3056	2866	2866	2508	2508	10	10	75	75	11	11	42	42	7427	7427	6957	6957	30	30	7	7	15	15	7	7	6	6	120	120	63	63	32	32	30	30	6518	6518	20229	20229	7592	7592	237	237	69	69
IND00731	52	52	1662	1662	440	440	254	254	2946	2946	5045	5045	245	245	80	80	87	87	109	109	495	495	4211	4211	1069	1069	1516	1516	406	406	92	92	7907	7907	1159	1159	894	894	12	12	731	731	908	908	38	38	971	971	12	12	55	55	164	164	53	53	2781	2781	2530	2530	1249	1249	674	674	40075	40075	54304	54304	6672	6672	564	564	116	116	225	225	7227	7227	7224	7224	2591	2591	374	374	343	343	470	470	919	919	866	866	33	33	6	6	260	260	418	418	817	817	646	646	251	251	62	62	680	680	688	688	1140	1140	231	231	5011	5011	1469	1469	137	137	34	34	9725	9725	8313	8313	69	69	92	92	50	50	127	127	235	235	117	117	80	80	117	117	460	460	480	480	3	3	13	13	2103	2103	490	490	3808	3808	1392	1392	75	75	47	47	47	47	24	24	1227	1227	2271	2271	21	21	31	31	12	12	1	1	88	88	96	96	11	11	13	13	43	43	1433	1433	9901	9901	14297	14297	13	13	24	24
IND00732	1822	1822	1659	1659	17	17	42	42	2986	2986	7298	7298	906	906	884	884	226	226	252	252	12710	12710	14469	14469	949	949	1852	1852	295	295	415	415	3688	3688	6059	6059	1024	1024	14	14	5025	5025	3899	3899	64	64	856	856	5	5	48	48	106	106	19	19	8897	8897	8342	8342	4055	4055	2912	2912	63964	63964	14465	14465	6166	6166	2559	2559	193	193	244	244	3366	3366	1957	1957	2138	2138	1340	1340	285	285	219	219	365	365	938	938	119	119	126	126	56	56	455	455	223	223	254	254	184	184	123	123	754	754	679	679	1751	1751	1931	1931	2594	2594	9208	9208	422	422	488	488	1317	1317	21	21	84	84	102	102	180	180	233	233	106	106	99	99	138	138	209	209	791	791	866	866	96	96	97	97	1280	1280	3606	3606	1145	1145	2678	2678	66	66	52	52	61	61	41	41	2582	2582	4209	4209	10	10	16	16	14	14	11	11	59	59	92	92	15	15	62	62	7050	7050	2501	2501	1837	1837	4147	4147	112	112	50	50
IND00733	1753	1753	1219	1219	300	300	152	152	3241	3241	1664	1664	949	949	262	262	201	201	128	128	3020	3020	12069	12069	111	111	1371	1371	9	9	296	296	565	565	952	952	877	877	867	867	3934	3934	1227	1227	980	980	943	943	9	9	51	51	107	107	32	32	4102	4102	9739	9739	797	797	3074	3074	36804	36804	2659	2659	5945	5945	1446	1446	240	240	164	164	5423	5423	2220	2220	3371	3371	1365	1365	258	258	475	475	851	851	86	86	127	127	74	74	459	459	418	418	524	524	1001	1001	38	38	87	87	598	598	565	565	1538	1538	149	149	3159	3159	2418	2418	168	168	502	502	5615	5615	14154	14154	4	4	64	64	15	15	248	248	66	66	60	60	240	240	255	255	889	889	810	810	122	122	52	52	337	337	3104	3104	1067	1067	2485	2485	90	90	71	71	54	54	36	36	3865	3865	7012	7012	5	5	32	32	2	2	5	5	101	101	85	85	17	17	44	44	3570	3570	4589	4589	1004	1004	23760	23760	9	9	214	214
IND00734	415	415	1956	1956	418	418	2	2	8118	8118	1188	1188	988	988	936	936	53	53	157	157	9185	9185	15164	15164	411	411	1868	1868	205	205	331	331	3425	3425	2159	2159	811	811	838	838	2827	2827	3957	3957	72	72	88	88	20	20	4	4	217	217	1	1	4563	4563	3379	3379	1086	1086	2463	2463	45052	45052	22262	22262	472	472	409	409	194	194	174	174	5023	5023	3988	3988	3514	3514	3154	3154	89	89	466	466	337	337	480	480	70	70	106	106	225	225	32	32	631	631	488	488	185	185	61	61	29	29	320	320	1003	1003	1272	1272	14252	14252	9722	9722	217	217	182	182	2978	2978	7027	7027	67	67	90	90	245	245	221	221	38	38	149	149	89	89	116	116	389	389	554	554	79	79	51	51	3570	3570	3756	3756	1305	1305	715	715	11	11	19	19	42	42	7	7	4418	4418	4329	4329	25	25	7	7	16	16	2	2	59	59	93	93	58	58	15	15	5880	5880	4087	4087	15809	15809	8234	8234	118	118	159	159
IND00735	408	408	486	486	298	298	119	119	5033	5033	2732	2732	255	255	674	674	245	245	3	3	7285	7285	8809	8809	1263	1263	1787	1787	161	161	424	424	215	215	5715	5715	730	730	444	444	2284	2284	6777	6777	492	492	242	242	3	3	46	46	184	184	36	36	2597	2597	1472	1472	3423	3423	2824	2824	39262	39262	28385	28385	4220	4220	7423	7423	151	151	234	234	6289	6289	3716	3716	2767	2767	1691	1691	317	317	169	169	12	12	862	862	115	115	20	20	95	95	373	373	358	358	322	322	32	32	228	228	202	202	182	182	1308	1308	1518	1518	3876	3876	15616	15616	329	329	138	138	4466	4466	10529	10529	19	19	4	4	222	222	242	242	147	147	211	211	200	200	228	228	398	398	166	166	13	13	53	53	1076	1076	2417	2417	593	593	3367	3367	126	126	78	78	8	8	19	19	6313	6313	4533	4533	15	15	28	28	14	14	3	3	7	7	115	115	60	60	47	47	2601	2601	1378	1378	29344	29344	30404	30404	74	74	229	229
IND00736	86	86	655	655	504	504	205	205	7516	7516	6215	6215	857	857	632	632	22	22	203	203	11604	11604	15146	15146	1595	1595	1159	1159	511	511	261	261	2384	2384	3588	3588	97	97	137	137	3721	3721	5757	5757	260	260	648	648	41	41	53	53	40	40	15	15	10962	10962	6770	6770	683	683	267	267	33791	33791	17416	17416	7282	7282	5911	5911	2	2	208	208	177	177	6774	6774	2149	2149	930	930	249	249	346	346	66	66	725	725	99	99	122	122	258	258	303	303	680	680	321	321	205	205	16	16	922	922	315	315	1941	1941	245	245	4912	4912	14166	14166	80	80	31	31	308	308	14060	14060	86	86	46	46	2	2	55	55	87	87	68	68	94	94	231	231	952	952	965	965	101	101	73	73	3958	3958	3679	3679	597	597	3703	3703	41	41	117	117	32	32	62	62	7542	7542	2500	2500	13	13	32	32	15	15	14	14	28	28	79	79	34	34	27	27	3183	3183	100	100	31748	31748	21280	21280	153	153	29	29
IND00737	1436	1436	1620	1620	370	370	377	377	5368	5368	5679	5679	540	540	921	921	229	229	20	20	12118	12118	12706	12706	766	766	1028	1028	416	416	179	179	16	16	2427	2427	589	589	870	870	2037	2037	1898	1898	170	170	72	72	38	38	33	33	162	162	167	167	9151	9151	1460	1460	1356	1356	181	181	33267	33267	24849	24849	4068	4068	4367	4367	194	194	42	42	7968	7968	255	255	1081	1081	1267	1267	80	80	401	401	129	129	1007	1007	115	115	71	71	343	343	89	89	132	132	258	258	76	76	205	205	929	929	595	595	453	453	543	543	6718	6718	504	504	155	155	141	141	12403	12403	14397	14397	35	35	79	79	101	101	208	208	72	72	165	165	113	113	167	167	575	575	260	260	103	103	19	19	1796	1796	3289	3289	2379	2379	160	160	56	56	24	24	31	31	33	33	5010	5010	1882	1882	31	31	17	17	4	4	11	11	88	88	117	117	14	14	35	35	2536	2536	3271	3271	2345	2345	5669	5669	210	210	253	253
IND00738	61	61	1274	1274	250	250	414	414	4052	4052	3887	3887	50	50	8	8	150	150	186	186	1766	1766	6439	6439	1623	1623	1915	1915	266	266	436	436	7432	7432	439	439	446	446	656	656	2653	2653	5270	5270	238	238	227	227	20	20	28	28	33	33	91	91	11290	11290	7163	7163	3052	3052	1600	1600	18695	18695	23791	23791	2219	2219	5791	5791	121	121	173	173	5359	5359	4368	4368	2211	2211	1727	1727	377	377	218	218	413	413	231	231	88	88	57	57	152	152	477	477	933	933	750	750	242	242	145	145	822	822	3	3	1795	1795	1095	1095	4681	4681	15845	15845	181	181	462	462	13127	13127	12427	12427	72	72	27	27	93	93	127	127	32	32	46	46	212	212	172	172	403	403	839	839	97	97	40	40	1552	1552	1439	1439	1089	1089	2379	2379	119	119	39	39	49	49	63	63	7934	7934	237	237	20	20	9	9	4	4	2	2	27	27	87	87	11	11	40	40	6788	6788	3156	3156	4283	4283	27630	27630	142	142	48	48
IND00739	1650	1650	764	764	269	269	149	149	8149	8149	4767	4767	478	478	891	891	96	96	18	18	650	650	2829	2829	822	822	1513	1513	9	9	293	293	7578	7578	1543	1543	190	190	365	365	695	695	184	184	130	130	518	518	46	46	48	48	183	183	84	84	2540	2540	1664	1664	3054	3054	1781	1781	22238	22238	65180	65180	3583	3583	1820	1820	151	151	115	115	3263	3263	1589	1589	4033	4033	1507	1507	347	347	48	48	653	653	177	177	51	51	40	40	495	495	85	85	422	422	898	898	190	190	236	236	297	297	872	872	1655	1655	1902	1902	1067	1067	4060	4060	451	451	65	65	8802	8802	1609	1609	113	113	16	16	99	99	64	64	156	156	227	227	28	28	233	233	666	666	328	328	67	67	76	76	490	490	1349	1349	1244	1244	2403	2403	120	120	83	83	17	17	48	48	1981	1981	2681	2681	12	12	16	16	2	2	9	9	10	10	51	51	38	38	63	63	1912	1912	7239	7239	11910	11910	11819	11819	254	254	234	234
IND00740	1139	1139	895	895	473	473	330	330	3030	3030	1967	1967	402	402	390	390	179	179	224	224	2624	2624	42	42	971	971	275	275	354	354	83	83	6486	6486	5577	5577	564	564	919	919	2487	2487	4762	4762	139	139	908	908	59	59	31	31	77	77	12	12	14564	14564	2377	2377	803	803	4033	4033	26633	26633	55279	55279	1830	1830	2649	2649	11	11	48	48	1320	1320	2051	2051	1629	1629	2659	2659	391	391	442	442	203	203	614	614	44	44	45	45	501	501	460	460	908	908	164	164	86	86	114	114	576	576	748	748	503	503	2040	2040	12140	12140	7303	7303	313	313	490	490	8376	8376	1726	1726	101	101	43	43	149	149	12	12	26	26	207	207	167	167	67	67	12	12	922	922	74	74	113	113	375	375	3203	3203	1448	1448	529	529	7	7	50	50	14	14	64	64	4426	4426	3463	3463	29	29	9	9	16	16	10	10	45	45	115	115	15	15	19	19	3486	3486	7605	7605	19200	19200	19216	19216	156	156	80	80
IND00741	895	895	756	756	1	1	305	305	6428	6428	8186	8186	410	410	658	658	197	197	60	60	7870	7870	4652	4652	1766	1766	284	284	199	199	493	493	4358	4358	6472	6472	404	404	807	807	1100	1100	2829	2829	804	804	166	166	51	51	28	28	243	243	81	81	14916	14916	13665	13665	730	730	2698	2698	14750	14750	65198	65198	8074	8074	6634	6634	103	103	88	88	7454	7454	4911	4911	3508	3508	468	468	76	76	209	209	281	281	753	753	87	87	70	70	306	306	509	509	573	573	459	459	34	34	104	104	503	503	204	204	1389	1389	360	360	15384	15384	6962	6962	259	259	278	278	3678	3678	5975	5975	21	21	44	44	230	230	147	147	115	115	109	109	189	189	122	122	418	418	93	93	60	60	127	127	3718	3718	3202	3202	1669	1669	2580	2580	16	16	11	11	34	34	60	60	4270	4270	3931	3931	17	17	22	22	3	3	2	2	35	35	78	78	60	60	64	64	138	138	4929	4929	31850	31850	26701	26701	158	158	113	113
IND00742	1111	1111	1447	1447	122	122	465	465	7860	7860	459	459	834	834	774	774	31	31	79	79	6093	6093	1196	1196	495	495	1611	1611	305	305	60	60	1804	1804	4850	4850	909	909	356	356	7245	7245	2950	2950	65	65	769	769	27	27	4	4	18	18	208	208	231	231	2050	2050	191	191	1947	1947	61865	61865	38464	38464	5038	5038	4645	4645	68	68	146	146	5453	5453	2941	2941	2676	2676	3045	3045	120	120	396	396	560	560	833	833	11	11	79	79	216	216	136	136	317	317	65	65	163	163	201	201	755	755	781	781	2030	2030	574	574	13749	13749	6734	6734	205	205	510	510	6692	6692	12272	12272	103	103	17	17	210	210	252	252	130	130	13	13	29	29	52	52	637	637	266	266	115	115	11	11	3370	3370	2767	2767	1080	1080	1898	1898	39	39	87	87	38	38	22	22	7350	7350	1677	1677	6	6	3	3	16	16	5	5	40	40	120	120	45	45	50	50	3905	3905	297	297	3375	3375	7307	7307	110	110	89	89
IND00743	1994	1994	20	20	102	102	322	322	2305	2305	5468	5468	454	454	454	454	138	138	166	166	9305	9305	2535	2535	237	237	1	1	81	81	289	289	2581	2581	3804	3804	590	590	929	929	6894	6894	4241	4241	151	151	586	586	33	33	30	30	172	172	33	33	9213	9213	3655	3655	2779	2779	3297	3297	37606	37606	39300	39300	5160	5160	5292	5292	85	85	243	243	5430	5430	3545	3545	2063	2063	1942	1942	366	366	335	335	69	69	195	195	97	97	35	35	408	408	340	340	982	982	8	8	99	99	170	170	311	311	965	965	790	790	869	869	1607	1607	16043	16043	451	451	439	439	5332	5332	2618	2618	42	42	20	20	247	247	103	103	40	40	166	166	110	110	184	184	98	98	208	208	124	124	65	65	115	115	520	520	1217	1217	59	59	84	84	77	77	61	61	35	35	1697	1697	1447	1447	16	16	8	8	9	9	15	15	74	74	68	68	26	26	47	47	420	420	6308	6308	5509	5509	16777	16777	24	24	15	15
IND00744	1535	1535	259	259	268	268	470	470	4252	4252	5576	5576	701	701	258	258	152	152	77	77	801	801	11419	11419	1350	1350	1347	1347	254	254	108	108	7063	7063	3375	3375	1019	1019	660	660	1040	1040	1250	1250	460	460	566	566	59	59	49	49	24	24	125	125	8111	8111	14958	14958	2689	2689	3861	3861	49352	49352	18060	18060	4189	4189	940	940	111	111	62	62	3558	3558	5290	5290	3938	3938	1129	1129	272	272	410	410	800	800	963	963	115	115	81	81	82	82	43	43	343	343	666	666	130	130	225	225	986	986	124	124	968	968	1524	1524	14859	14859	4437	4437	382	382	423	423	13205	13205	5249	5249	88	88	107	107	172	172	118	118	35	35	126	126	240	240	62	62	783	783	911	911	67	67	117	117	1735	1735	3357	3357	3012	3012	3669	3669	69	69	104	104	35	35	45	45	2768	2768	7721	7721	31	31	26	26	4	4	2	2	11	11	72	72	44	44	19	19	1772	1772	1921	1921	22291	22291	1468	1468	35	35	120	120
IND00745	1480	1480	933	933	363	363	4	4	6855	6855	1813	1813	521	521	398	398	205	205	176	176	14977	14977	14230	14230	805	805	1757	1757	224	224	283	283	5444	5444	5277	5277	741	741	134	134	5293	5293	4089	4089	814	814	976	976	50	50	59	59	95	95	114	114	3973	3973	10879	10879	3643	3643	1560	1560	36461	36461	56173	56173	1008	1008	4304	4304	178	178	47	47	3844	3844	3114	3114	723	723	364	364	273	273	507	507	558	558	23	23	12	12	99	99	438	438	464	464	108	108	177	177	5	5	120	120	565	565	508	508	1790	1790	813	813	14350	14350	14494	14494	237	237	11	11	190	190	2651	2651	62	62	90	90	218	218	104	104	71	71	21	21	79	79	149	149	181	181	980	980	116	116	97	97	1363	1363	1282	1282	1786	1786	675	675	40	40	128	128	38	38	29	29	841	841	5146	5146	10	10	4	4	7	7	13	13	119	119	118	118	8	8	8	8	2946	2946	4298	4298	17946	17946	15384	15384	32	32	219	219
IND00746	1972	1972	599	599	488	488	419	419	4631	4631	6904	6904	132	132	435	435	153	153	186	186	13557	13557	4572	4572	1077	1077	197	197	168	168	77	77	6920	6920	7101	7101	150	150	505	505	3634	3634	2645	2645	942	942	134	134	51	51	32	32	60	60	119	119	11502	11502	10531	10531	1401	1401	1883	1883	25201	25201	17940	17940	6445	6445	6105	6105	141	141	219	219	7095	7095	5898	5898	1899	1899	1685	1685	403	403	143	143	800	800	1023	1023	23	23	51	51	421	421	191	191	926	926	795	795	118	118	226	226	327	327	281	281	1638	1638	828	828	1896	1896	5046	5046	508	508	400	400	4326	4326	6348	6348	65	65	58	58	94	94	28	28	178	178	246	246	159	159	61	61	895	895	628	628	43	43	74	74	2956	2956	1339	1339	2066	2066	1835	1835	74	74	36	36	43	43	21	21	4354	4354	3779	3779	26	26	22	22	2	2	16	16	124	124	94	94	1	1	17	17	6754	6754	4105	4105	9224	9224	5795	5795	200	200	18	18
IND00747	692	692	288	288	199	199	512	512	673	673	3955	3955	589	589	494	494	183	183	21	21	14948	14948	11188	11188	1009	1009	198	198	248	248	419	419	2218	2218	5075	5075	269	269	95	95	6094	6094	2527	2527	915	915	896	896	50	50	47	47	72	72	21	21	8907	8907	1597	1597	3504	3504	1321	1321	37370	37370	34136	34136	7614	7614	8116	8116	199	199	181	181	3784	3784	8167	8167	3254	3254	2886	2886	231	231	125	125	384	384	1002	1002	69	69	17	17	228	228	226	226	483	483	928	928	161	161	1	1	413	413	775	775	1410	1410	355	355	13807	13807	14859	14859	272	272	282	282	5357	5357	9143	9143	61	61	60	60	218	218	90	90	33	33	39	39	214	214	113	113	796	796	179	179	32	32	110	110	969	969	2999	2999	813	813	917	917	84	84	56	56	16	16	18	18	254	254	2984	2984	3	3	32	32	15	15	3	3	52	52	71	71	14	14	24	24	3225	3225	1865	1865	29290	29290	10916	10916	160	160	130	130
IND00748	1164	1164	23	23	73	73	204	204	7801	7801	1848	1848	765	765	304	304	76	76	177	177	92	92	10370	10370	1630	1630	67	67	190	190	401	401	4402	4402	1044	1044	405	405	587	587	8024	8024	5342	5342	189	189	183	183	47	47	34	34	84	84	198	198	10083	10083	3367	3367	4065	4065	3791	3791	45807	45807	29810	29810	7450	7450	1007	1007	66	66	24	24	5768	5768	4079	4079	1329	1329	2823	2823	120	120	89	89	263	263	803	803	51	51	58	58	481	481	145	145	720	720	506	506	123	123	248	248	451	451	353	353	401	401	527	527	5360	5360	6500	6500	129	129	60	60	10747	10747	190	190	34	34	27	27	104	104	151	151	123	123	201	201	139	139	48	48	159	159	897	897	9	9	46	46	272	272	1094	1094	3496	3496	207	207	35	35	49	49	9	9	16	16	5151	5151	2426	2426	25	25	6	6	10	10	2	2	42	42	69	69	33	33	45	45	5116	5116	3943	3943	19461	19461	2404	2404	2	2	134	134
IND00749	358	358	250	250	164	164	404	404	1025	1025	3537	3537	789	789	730	730	180	180	5	5	15589	15589	1556	1556	306	306	1327	1327	206	206	133	133	3645	3645	3937	3937	724	724	223	223	2779	2779	840	840	422	422	412	412	33	33	37	37	245	245	16	16	2831	2831	5400	5400	3321	3321	2881	2881	20000	20000	62410	62410	474	474	6533	6533	145	145	78	78	4504	4504	5312	5312	352	352	3690	3690	260	260	119	119	774	774	544	544	127	127	127	127	231	231	497	497	970	970	10	10	4	4	185	185	113	113	477	477	260	260	1788	1788	6418	6418	11985	11985	109	109	493	493	7232	7232	8285	8285	107	107	29	29	231	231	233	233	100	100	229	229	145	145	229	229	528	528	907	907	64	64	13	13	1046	1046	3120	3120	1752	1752	3716	3716	101	101	3	3	56	56	1	1	5131	5131	175	175	15	15	26	26	16	16	15	15	11	11	21	21	56	56	15	15	7908	7908	119	119	25340	25340	18805	18805	169	169	166	166
IND00750	671	671	1724	1724	113	113	246	246	3252	3252	4383	4383	268	268	448	448	212	212	156	156	2509	2509	6437	6437	1878	1878	477	477	507	507	6	6	5722	5722	2699	2699	470	470	718	718	1746	1746	4869	4869	347	347	229	229	27	27	22	22	74	74	26	26	3004	3004	14176	14176	3237	3237	2772	2772	31264	31264	43816	43816	1085	1085	2180	2180	45	45	6	6	1176	1176	317	317	54	54	162	162	302	302	460	460	798	798	448	448	6	6	11	11	422	422	185	185	874	874	153	153	96	96	25	25	306	306	93	93	85	85	1974	1974	3848	3848	7108	7108	308	308	270	270	1397	1397	398	398	27	27	91	91	138	138	108	108	189	189	19	19	218	218	182	182	951	951	788	788	106	106	52	52	935	935	273	273	596	596	827	827	110	110	69	69	56	56	62	62	985	985	5667	5667	10	10	7	7	16	16	7	7	89	89	72	72	2	2	33	33	6414	6414	3863	3863	4463	4463	4933	4933	69	69	142	142
IND00751	1783	1783	1970	1970	271	271	286	286	7917	7917	5176	5176	143	143	374	374	211	211	15	15	15497	15497	9758	9758	1250	1250	89	89	488	488	418	418	1399	1399	3016	3016	992	992	286	286	2149	2149	4619	4619	641	641	303	303	19	19	24	24	222	222	245	245	9350	9350	14706	14706	976	976	1553	1553	1348	1348	33715	33715	5990	5990	7178	7178	112	112	37	37	3109	3109	1706	1706	419	419	1801	1801	202	202	194	194	128	128	99	99	123	123	70	70	129	129	42	42	294	294	521	521	80	80	9	9	310	310	112	112	723	723	658	658	12583	12583	8194	8194	110	110	151	151	9816	9816	308	308	127	127	89	89	127	127	230	230	74	74	208	208	168	168	142	142	717	717	518	518	77	77	18	18	386	386	90	90	1481	1481	2649	2649	35	35	6	6	20	20	42	42	7119	7119	3683	3683	17	17	22	22	4	4	13	13	88	88	104	104	45	45	14	14	3355	3355	3309	3309	19900	19900	9320	9320	64	64	187	187
IND00752	1223	1223	1482	1482	507	507	83	83	5814	5814	4380	4380	1000	1000	624	624	130	130	152	152	11875	11875	4859	4859	249	249	1465	1465	249	249	144	144	3957	3957	6361	6361	685	685	200	200	8068	8068	2169	2169	826	826	690	690	41	41	5	5	112	112	197	197	396	396	11107	11107	3876	3876	644	644	18181	18181	33513	33513	7585	7585	7150	7150	30	30	224	224	4798	4798	5992	5992	3311	3311	1028	1028	503	503	488	488	805	805	629	629	85	85	119	119	393	393	42	42	450	450	398	398	249	249	249	249	430	430	302	302	1543	1543	1852	1852	14414	14414	14374	14374	373	373	281	281	7289	7289	7118	7118	87	87	116	116	235	235	52	52	24	24	52	52	41	41	181	181	887	887	42	42	15	15	13	13	479	479	2937	2937	2797	2797	2721	2721	102	102	118	118	33	33	23	23	2112	2112	6254	6254	25	25	6	6	5	5	14	14	43	43	62	62	57	57	2	2	7045	7045	1645	1645	12174	12174	17087	17087	134	134	86	86
IND00753	1303	1303	813	813	473	473	73	73	4340	4340	6903	6903	693	693	791	791	250	250	20	20	9446	9446	2492	2492	1262	1262	878	878	206	206	202	202	784	784	2337	2337	85	85	38	38	5358	5358	2204	2204	361	361	271	271	49	49	49	49	142	142	155	155	6944	6944	15196	15196	905	905	1842	1842	46996	46996	56334	56334	2537	2537	1395	1395	44	44	45	45	7901	7901	4251	4251	1739	1739	3412	3412	234	234	86	86	477	477	596	596	90	90	98	98	482	482	77	77	902	902	251	251	205	205	255	255	421	421	772	772	1471	1471	1010	1010	7803	7803	12765	12765	395	395	227	227	14899	14899	12419	12419	74	74	67	67	213	213	131	131	194	194	158	158	209	209	155	155	1007	1007	59	59	108	108	30	30	129	129	753	753	3947	3947	2950	2950	41	41	68	68	28	28	17	17	7933	7933	4102	4102	26	26	16	16	4	4	3	3	128	128	105	105	50	50	45	45	2736	2736	3598	3598	31468	31468	17036	17036	227	227	245	245
IND00754	1257	1257	2037	2037	370	370	377	377	1935	1935	4782	4782	145	145	523	523	34	34	120	120	3093	3093	5588	5588	1251	1251	332	332	490	490	334	334	1126	1126	4572	4572	45	45	706	706	6298	6298	7856	7856	688	688	951	951	13	13	63	63	254	254	110	110	8483	8483	11703	11703	2609	2609	2260	2260	37933	37933	65167	65167	7258	7258	6462	6462	126	126	61	61	3637	3637	2744	2744	3603	3603	1742	1742	96	96	462	462	372	372	539	539	118	118	53	53	371	371	292	292	811	811	718	718	157	157	41	41	874	874	905	905	1293	1293	134	134	1038	1038	8954	8954	491	491	148	148	15358	15358	14263	14263	1	1	10	10	100	100	123	123	45	45	167	167	177	177	249	249	118	118	908	908	116	116	112	112	3771	3771	3972	3972	4072	4072	3790	3790	96	96	38	38	28	28	63	63	5513	5513	2092	2092	27	27	32	32	15	15	10	10	100	100	67	67	2	2	58	58	5717	5717	5681	5681	9483	9483	750	750	240	240	45	45
IND00755	357	357	1375	1375	187	187	464	464	6094	6094	859	859	404	404	453	453	243	243	196	196	8640	8640	7468	7468	35	35	1766	1766	59	59	400	400	108	108	1832	1832	29	29	522	522	773	773	4341	4341	372	372	105	105	9	9	50	50	117	117	34	34	3876	3876	13132	13132	3001	3001	3066	3066	52848	52848	33681	33681	6857	6857	1088	1088	38	38	104	104	6014	6014	8167	8167	363	363	3591	3591	260	260	88	88	226	226	710	710	111	111	103	103	256	256	114	114	825	825	103	103	15	15	222	222	424	424	718	718	262	262	1432	1432	11174	11174	6264	6264	202	202	305	305	46	46	2446	2446	93	93	102	102	18	18	256	256	255	255	60	60	211	211	15	15	236	236	514	514	12	12	120	120	2250	2250	3243	3243	651	651	4085	4085	17	17	53	53	52	52	46	46	7409	7409	5174	5174	18	18	7	7	15	15	3	3	70	70	60	60	46	46	63	63	7509	7509	1318	1318	29631	29631	22471	22471	226	226	113	113
IND00756	1491	1491	1189	1189	170	170	251	251	2939	2939	7030	7030	566	566	1020	1020	3	3	48	48	13105	13105	16213	16213	442	442	1143	1143	503	503	108	108	4478	4478	2577	2577	574	574	307	307	2783	2783	5838	5838	193	193	523	523	56	56	7	7	109	109	70	70	5536	5536	3969	3969	2429	2429	2531	2531	29129	29129	20862	20862	2572	2572	1819	1819	251	251	145	145	2611	2611	5509	5509	3689	3689	312	312	494	494	447	447	689	689	644	644	115	115	66	66	176	176	313	313	873	873	601	601	33	33	223	223	400	400	545	545	1600	1600	1546	1546	9621	9621	5976	5976	312	312	59	59	1438	1438	5099	5099	94	94	112	112	72	72	1	1	87	87	229	229	38	38	3	3	862	862	762	762	72	72	42	42	3486	3486	1550	1550	1890	1890	2769	2769	25	25	89	89	56	56	3	3	7523	7523	6445	6445	5	5	4	4	9	9	2	2	97	97	58	58	41	41	26	26	1004	1004	1262	1262	10046	10046	11986	11986	164	164	172	172
IND00757	1576	1576	338	338	411	411	375	375	7523	7523	4280	4280	622	622	632	632	214	214	168	168	11544	11544	9076	9076	1655	1655	669	669	81	81	208	208	4000	4000	7522	7522	787	787	48	48	455	455	5912	5912	105	105	827	827	51	51	11	11	126	126	233	233	14094	14094	433	433	2965	2965	3652	3652	36569	36569	47805	47805	3950	3950	416	416	40	40	92	92	5064	5064	7580	7580	2067	2067	429	429	359	359	240	240	105	105	928	928	25	25	46	46	328	328	237	237	354	354	365	365	69	69	89	89	452	452	944	944	1469	1469	731	731	4177	4177	14110	14110	305	305	19	19	298	298	5608	5608	85	85	97	97	202	202	244	244	11	11	119	119	51	51	180	180	855	855	875	875	97	97	14	14	2193	2193	207	207	2049	2049	1906	1906	112	112	98	98	61	61	49	49	6575	6575	4757	4757	15	15	29	29	15	15	8	8	127	127	63	63	57	57	15	15	7128	7128	1469	1469	27318	27318	26312	26312	134	134	90	90
IND00758	117	117	875	875	443	443	167	167	6629	6629	6983	6983	194	194	377	377	106	106	104	104	436	436	12228	12228	288	288	489	489	504	504	6	6	7660	7660	3401	3401	553	553	372	372	2104	2104	5030	5030	945	945	362	362	38	38	30	30	95	95	85	85	15565	15565	195	195	3134	3134	3488	3488	22126	22126	26850	26850	3763	3763	4887	4887	115	115	125	125	1811	1811	6712	6712	2960	2960	829	829	188	188	195	195	709	709	1020	1020	92	92	125	125	52	52	58	58	424	424	942	942	170	170	6	6	956	956	539	539	898	898	367	367	4668	4668	6203	6203	254	254	248	248	1601	1601	10615	10615	17	17	86	86	132	132	55	55	138	138	50	50	134	134	231	231	332	332	1017	1017	106	106	98	98	2008	2008	1732	1732	2203	2203	3926	3926	123	123	125	125	38	38	47	47	4011	4011	4095	4095	21	21	9	9	9	9	4	4	40	40	25	25	60	60	64	64	5010	5010	5729	5729	24442	24442	16089	16089	228	228	51	51
IND00759	1372	1372	546	546	151	151	123	123	1052	1052	2031	2031	443	443	482	482	216	216	129	129	8658	8658	13589	13589	450	450	25	25	346	346	405	405	906	906	2193	2193	353	353	571	571	6812	6812	6013	6013	365	365	138	138	40	40	42	42	255	255	254	254	6206	6206	4162	4162	1311	1311	910	910	59022	59022	18952	18952	8108	8108	6886	6886	66	66	196	196	828	828	1421	1421	3199	3199	660	660	505	505	1	1	663	663	834	834	84	84	72	72	373	373	271	271	29	29	82	82	197	197	97	97	249	249	93	93	421	421	873	873	5607	5607	11558	11558	121	121	324	324	6400	6400	1693	1693	23	23	37	37	180	180	110	110	124	124	15	15	136	136	118	118	552	552	16	16	4	4	73	73	903	903	619	619	3931	3931	805	805	12	12	41	41	16	16	62	62	1143	1143	6025	6025	5	5	9	9	7	7	13	13	35	35	31	31	52	52	29	29	2915	2915	7876	7876	8633	8633	5775	5775	14	14	19	19
IND00760	452	452	1317	1317	43	43	4	4	287	287	7978	7978	24	24	887	887	43	43	256	256	7100	7100	2441	2441	567	567	614	614	253	253	58	58	5114	5114	2126	2126	1013	1013	190	190	2685	2685	1490	1490	213	213	24	24	36	36	45	45	204	204	12	12	4858	4858	2858	2858	4021	4021	39	39	52753	52753	3369	3369	6900	6900	6882	6882	111	111	218	218	6354	6354	4479	4479	679	679	3369	3369	250	250	423	423	349	349	2	2	84	84	86	86	243	243	340	340	372	372	649	649	139	139	92	92	312	312	583	583	1539	1539	139	139	15533	15533	3232	3232	16	16	103	103	2287	2287	4190	4190	107	107	39	39	236	236	236	236	89	89	131	131	222	222	133	133	562	562	684	684	96	96	119	119	1600	1600	3975	3975	2767	2767	2456	2456	86	86	68	68	38	38	21	21	6334	6334	2262	2262	11	11	26	26	8	8	8	8	96	96	73	73	45	45	35	35	746	746	4919	4919	5803	5803	29655	29655	61	61	150	150
IND00761	1892	1892	1761	1761	429	429	117	117	7118	7118	963	963	729	729	229	229	164	164	69	69	4018	4018	7072	7072	1937	1937	1283	1283	106	106	329	329	4725	4725	1899	1899	868	868	256	256	560	560	389	389	32	32	548	548	56	56	7	7	174	174	113	113	13147	13147	1320	1320	3441	3441	3045	3045	43584	43584	64959	64959	4766	4766	4489	4489	21	21	81	81	8065	8065	7014	7014	1806	1806	1661	1661	158	158	347	347	703	703	226	226	86	86	89	89	187	187	279	279	163	163	927	927	254	254	12	12	189	189	139	139	1547	1547	1	1	14404	14404	3931	3931	109	109	507	507	3638	3638	15719	15719	126	126	104	104	56	56	29	29	151	151	154	154	197	197	63	63	408	408	174	174	118	118	109	109	3090	3090	3595	3595	479	479	3876	3876	103	103	48	48	32	32	20	20	2573	2573	6743	6743	26	26	11	11	3	3	10	10	46	46	13	13	26	26	56	56	85	85	6483	6483	28617	28617	9351	9351	39	39	13	13
IND00762	1702	1702	1976	1976	267	267	78	78	2623	2623	5198	5198	986	986	184	184	157	157	104	104	7765	7765	12098	12098	1518	1518	1756	1756	404	404	425	425	4222	4222	4730	4730	134	134	38	38	7020	7020	6018	6018	441	441	868	868	37	37	31	31	224	224	198	198	5978	5978	12323	12323	2179	2179	627	627	19312	19312	45679	45679	3719	3719	7562	7562	169	169	155	155	3386	3386	8132	8132	2880	2880	3644	3644	15	15	294	294	505	505	471	471	2	2	28	28	408	408	358	358	632	632	899	899	225	225	32	32	694	694	29	29	188	188	1746	1746	2270	2270	1429	1429	403	403	154	154	8054	8054	12134	12134	13	13	7	7	209	209	128	128	33	33	221	221	134	134	96	96	542	542	397	397	27	27	117	117	921	921	653	653	1321	1321	1199	1199	118	118	60	60	36	36	18	18	3471	3471	1865	1865	13	13	24	24	4	4	16	16	35	35	80	80	63	63	61	61	6726	6726	4223	4223	30421	30421	12755	12755	197	197	229	229
IND00763	1059	1059	365	365	341	341	417	417	3264	3264	1764	1764	652	652	121	121	211	211	128	128	5125	5125	8075	8075	356	356	1731	1731	91	91	303	303	2755	2755	6610	6610	421	421	773	773	7071	7071	7245	7245	58	58	205	205	64	64	15	15	32	32	95	95	2239	2239	13817	13817	2746	2746	1349	1349	62126	62126	59870	59870	6896	6896	2307	2307	165	165	112	112	5609	5609	1899	1899	2213	2213	439	439	90	90	120	120	748	748	913	913	13	13	14	14	4	4	487	487	340	340	608	608	51	51	172	172	372	372	410	410	1654	1654	438	438	15482	15482	7482	7482	4	4	428	428	13921	13921	8101	8101	95	95	91	91	56	56	200	200	13	13	153	153	112	112	82	82	432	432	245	245	120	120	102	102	737	737	2415	2415	697	697	821	821	34	34	94	94	37	37	51	51	3138	3138	5181	5181	1	1	22	22	9	9	9	9	4	4	114	114	44	44	49	49	560	560	3521	3521	28390	28390	27271	27271	179	179	203	203
IND00764	17	17	1255	1255	361	361	98	98	2288	2288	7487	7487	472	472	240	240	205	205	132	132	4132	4132	12291	12291	130	130	1469	1469	62	62	10	10	1020	1020	2362	2362	104	104	843	843	6137	6137	5232	5232	270	270	247	247	17	17	48	48	39	39	93	93	3590	3590	13272	13272	3650	3650	2037	2037	55959	55959	10653	10653	98	98	3267	3267	97	97	171	171	7885	7885	4135	4135	1887	1887	1960	1960	26	26	158	158	912	912	948	948	43	43	43	43	7	7	165	165	450	450	347	347	2	2	251	251	542	542	897	897	1196	1196	317	317	14354	14354	4933	4933	396	396	397	397	8281	8281	3047	3047	29	29	114	114	1	1	142	142	200	200	150	150	232	232	248	248	490	490	34	34	88	88	17	17	2059	2059	1565	1565	2869	2869	2110	2110	56	56	4	4	63	63	18	18	670	670	4426	4426	15	15	9	9	9	9	14	14	94	94	123	123	59	59	52	52	2145	2145	570	570	16599	16599	15556	15556	218	218	229	229
IND00765	442	442	335	335	141	141	333	333	7865	7865	634	634	398	398	226	226	52	52	162	162	2987	2987	63	63	1201	1201	226	226	242	242	385	385	2032	2032	5934	5934	91	91	822	822	421	421	6480	6480	307	307	176	176	39	39	60	60	51	51	38	38	4903	4903	8873	8873	2704	2704	1297	1297	55246	55246	10010	10010	6604	6604	5669	5669	58	58	28	28	246	246	1216	1216	1466	1466	2600	2600	450	450	442	442	731	731	625	625	76	76	54	54	311	311	44	44	909	909	60	60	87	87	194	194	198	198	293	293	902	902	467	467	9334	9334	12962	12962	242	242	194	194	273	273	3521	3521	29	29	30	30	10	10	213	213	140	140	224	224	242	242	226	226	329	329	514	514	105	105	36	36	2475	2475	2620	2620	181	181	728	728	87	87	120	120	48	48	22	22	2229	2229	246	246	23	23	6	6	4	4	16	16	5	5	120	120	31	31	61	61	7433	7433	4061	4061	21358	21358	917	917	143	143	65	65
IND00766	1596	1596	1833	1833	59	59	167	167	5940	5940	2492	2492	985	985	435	435	256	256	81	81	15546	15546	2073	2073	1597	1597	783	783	129	129	412	412	4694	4694	1135	1135	838	838	140	140	5020	5020	6821	6821	441	441	887	887	61	61	13	13	163	163	231	231	9684	9684	3308	3308	2574	2574	4078	4078	14433	14433	39788	39788	6287	6287	3858	3858	114	114	48	48	4646	4646	4950	4950	3119	3119	3172	3172	485	485	265	265	1011	1011	254	254	33	33	83	83	238	238	150	150	594	594	963	963	145	145	58	58	203	203	210	210	240	240	1388	1388	14200	14200	4300	4300	228	228	453	453	3252	3252	12336	12336	22	22	54	54	172	172	88	88	82	82	2	2	157	157	166	166	650	650	168	168	84	84	86	86	3547	3547	1188	1188	796	796	269	269	12	12	116	116	39	39	23	23	6448	6448	1616	1616	30	30	24	24	13	13	1	1	21	21	92	92	55	55	43	43	7468	7468	594	594	26846	26846	26991	26991	102	102	28	28
IND00767	225	225	388	388	344	344	303	303	780	780	5783	5783	310	310	970	970	153	153	247	247	9223	9223	433	433	1937	1937	1754	1754	312	312	26	26	4508	4508	1747	1747	993	993	488	488	1772	1772	2098	2098	983	983	478	478	1	1	62	62	95	95	174	174	1246	1246	16330	16330	2276	2276	3418	3418	34245	34245	60431	60431	1910	1910	920	920	3	3	109	109	4076	4076	7839	7839	2794	2794	1274	1274	89	89	507	507	565	565	760	760	25	25	50	50	443	443	275	275	396	396	196	196	108	108	63	63	76	76	754	754	973	973	709	709	88	88	13707	13707	261	261	446	446	8413	8413	1459	1459	124	124	114	114	236	236	65	65	182	182	5	5	97	97	17	17	508	508	588	588	24	24	91	91	1866	1866	657	657	2573	2573	3918	3918	37	37	19	19	55	55	51	51	7439	7439	1323	1323	24	24	27	27	9	9	3	3	125	125	37	37	27	27	5	5	5424	5424	375	375	31743	31743	7755	7755	58	58	230	230
IND00768	1559	1559	1273	1273	87	87	365	365	7642	7642	1911	1911	633	633	329	329	67	67	133	133	8821	8821	15200	15200	1431	1431	101	101	313	313	406	406	2914	2914	7795	7795	431	431	548	548	5018	5018	4770	4770	684	684	416	416	29	29	45	45	136	136	95	95	2215	2215	55	55	3556	3556	3878	3878	37615	37615	27056	27056	2314	2314	7283	7283	194	194	131	131	1505	1505	883	883	2478	2478	1082	1082	415	415	103	103	31	31	217	217	118	118	35	35	504	504	323	323	530	530	835	835	106	106	31	31	197	197	867	867	1426	1426	1093	1093	5988	5988	15661	15661	123	123	159	159	2606	2606	9137	9137	20	20	101	101	6	6	194	194	125	125	245	245	255	255	70	70	7	7	612	612	96	96	19	19	3124	3124	168	168	1825	1825	56	56	90	90	89	89	47	47	10	10	6622	6622	815	815	24	24	6	6	8	8	6	6	66	66	30	30	56	56	44	44	1340	1340	6562	6562	8948	8948	17746	17746	94	94	186	186
IND00769	2003	2003	1620	1620	292	292	301	301	3014	3014	2218	2218	554	554	753	753	241	241	174	174	4795	4795	6671	6671	568	568	1284	1284	338	338	429	429	6733	6733	6234	6234	208	208	97	97	4878	4878	7688	7688	856	856	646	646	12	12	53	53	201	201	19	19	4950	4950	13114	13114	4022	4022	2077	2077	53602	53602	618	618	3885	3885	4887	4887	206	206	249	249	4564	4564	3165	3165	364	364	3413	3413	315	315	501	501	163	163	906	906	111	111	97	97	474	474	30	30	106	106	37	37	248	248	17	17	488	488	526	526	2008	2008	147	147	6806	6806	16255	16255	435	435	237	237	5568	5568	11990	11990	117	117	39	39	137	137	118	118	53	53	134	134	232	232	226	226	599	599	660	660	17	17	112	112	929	929	3143	3143	1245	1245	856	856	40	40	71	71	31	31	55	55	7991	7991	352	352	31	31	29	29	16	16	15	15	22	22	119	119	61	61	1	1	2424	2424	7391	7391	22671	22671	9453	9453	200	200	13	13
IND00770	945	945	1645	1645	83	83	393	393	5279	5279	1840	1840	127	127	959	959	145	145	50	50	13311	13311	2055	2055	765	765	749	749	348	348	415	415	1893	1893	6012	6012	691	691	598	598	5403	5403	1884	1884	319	319	453	453	10	10	11	11	68	68	146	146	15490	15490	15017	15017	1461	1461	3636	3636	16419	16419	40994	40994	7992	7992	6720	6720	78	78	76	76	3390	3390	6059	6059	2261	2261	2932	2932	207	207	267	267	166	166	429	429	110	110	72	72	256	256	215	215	944	944	446	446	24	24	56	56	512	512	29	29	1610	1610	1353	1353	4913	4913	12989	12989	112	112	271	271	1799	1799	15225	15225	124	124	45	45	159	159	98	98	133	133	108	108	157	157	149	149	724	724	665	665	57	57	38	38	3879	3879	1102	1102	3565	3565	275	275	23	23	17	17	63	63	5	5	6415	6415	5394	5394	29	29	13	13	5	5	16	16	87	87	26	26	50	50	27	27	920	920	6165	6165	13838	13838	6548	6548	179	179	76	76
IND00771	1905	1905	154	154	244	244	495	495	7239	7239	5328	5328	889	889	88	88	44	44	25	25	693	693	5264	5264	1132	1132	928	928	241	241	486	486	7934	7934	5322	5322	956	956	633	633	4151	4151	1587	1587	68	68	993	993	64	64	37	37	106	106	47	47	13084	13084	7723	7723	2456	2456	2896	2896	61463	61463	50051	50051	2097	2097	6526	6526	203	203	78	78	8006	8006	2340	2340	253	253	1641	1641	507	507	482	482	288	288	641	641	67	67	127	127	139	139	273	273	357	357	296	296	103	103	72	72	42	42	260	260	1601	1601	1599	1599	14084	14084	2896	2896	208	208	507	507	15775	15775	4727	4727	84	84	46	46	184	184	217	217	27	27	209	209	89	89	233	233	526	526	737	737	119	119	128	128	1747	1747	3954	3954	1765	1765	2877	2877	66	66	32	32	14	14	34	34	5893	5893	7437	7437	9	9	9	9	6	6	2	2	94	94	109	109	53	53	19	19	3646	3646	4830	4830	25375	25375	19539	19539	233	233	17	17
IND00772	1322	1322	363	363	272	272	459	459	1248	1248	4912	4912	966	966	281	281	84	84	181	181	4641	4641	15191	15191	539	539	1675	1675	39	39	281	281	7236	7236	4323	4323	115	115	503	503	2457	2457	1566	1566	672	672	749	749	36	36	18	18	164	164	112	112	3662	3662	4877	4877	1973	1973	1754	1754	62545	62545	11747	11747	3741	3741	7750	7750	101	101	242	242	4765	4765	4965	4965	704	704	2236	2236	267	267	512	512	489	489	608	608	99	99	9	9	1	1	242	242	166	166	666	666	119	119	126	126	297	297	997	997	1152	1152	59	59	15319	15319	5824	5824	205	205	132	132	13952	13952	15506	15506	91	91	37	37	241	241	49	49	175	175	47	47	134	134	21	21	688	688	385	385	17	17	32	32	1331	1331	443	443	3612	3612	3470	3470	128	128	118	118	20	20	12	12	143	143	7564	7564	28	28	32	32	10	10	2	2	102	102	53	53	38	38	17	17	1660	1660	5975	5975	114	114	17454	17454	82	82	221	221
IND00773	955	955	226	226	109	109	46	46	4542	4542	6976	6976	920	920	722	722	169	169	210	210	4769	4769	1024	1024	1396	1396	1363	1363	16	16	391	391	2548	2548	606	606	273	273	840	840	533	533	5941	5941	162	162	526	526	55	55	10	10	169	169	124	124	14275	14275	12557	12557	1676	1676	3564	3564	46548	46548	59318	59318	1082	1082	3998	3998	181	181	21	21	1357	1357	809	809	3010	3010	2783	2783	228	228	40	40	671	671	252	252	9	9	111	111	48	48	471	471	145	145	573	573	142	142	238	238	545	545	788	788	728	728	619	619	8801	8801	7719	7719	499	499	224	224	12824	12824	9320	9320	66	66	47	47	210	210	90	90	44	44	180	180	64	64	228	228	604	604	308	308	11	11	112	112	2871	2871	1240	1240	193	193	1804	1804	65	65	62	62	49	49	54	54	7881	7881	7222	7222	21	21	24	24	12	12	4	4	60	60	112	112	35	35	63	63	4524	4524	2408	2408	10387	10387	13787	13787	196	196	189	189
IND00774	323	323	779	779	57	57	186	186	2780	2780	1099	1099	720	720	724	724	11	11	11	11	6744	6744	3591	3591	1357	1357	1885	1885	119	119	168	168	2982	2982	1337	1337	649	649	498	498	7489	7489	3923	3923	652	652	423	423	47	47	29	29	125	125	237	237	6927	6927	10691	10691	3220	3220	2830	2830	50614	50614	21563	21563	1395	1395	6133	6133	144	144	200	200	6324	6324	4966	4966	2574	2574	2603	2603	275	275	245	245	800	800	874	874	67	67	114	114	293	293	310	310	7	7	166	166	6	6	223	223	838	838	989	989	776	776	330	330	11398	11398	5658	5658	107	107	484	484	8553	8553	5224	5224	101	101	44	44	179	179	41	41	183	183	99	99	70	70	13	13	225	225	539	539	55	55	43	43	1243	1243	508	508	2357	2357	3393	3393	18	18	98	98	48	48	60	60	3746	3746	2498	2498	23	23	1	1	13	13	6	6	117	117	32	32	9	9	33	33	1699	1699	4561	4561	24722	24722	25913	25913	141	141	80	80
IND00775	1605	1605	185	185	250	250	273	273	735	735	1069	1069	434	434	909	909	119	119	70	70	12915	12915	12532	12532	1993	1993	230	230	172	172	438	438	6667	6667	3630	3630	28	28	185	185	2100	2100	7757	7757	809	809	204	204	61	61	8	8	151	151	226	226	13184	13184	6611	6611	3220	3220	475	475	12199	12199	60136	60136	3591	3591	5006	5006	71	71	207	207	4139	4139	4422	4422	3814	3814	1269	1269	144	144	415	415	531	531	932	932	108	108	70	70	115	115	447	447	99	99	935	935	81	81	235	235	712	712	235	235	1987	1987	1256	1256	14461	14461	586	586	244	244	186	186	711	711	5448	5448	71	71	52	52	8	8	203	203	110	110	250	250	124	124	123	123	319	319	622	622	123	123	7	7	897	897	1085	1085	2392	2392	326	326	117	117	15	15	46	46	54	54	4421	4421	5576	5576	32	32	15	15	3	3	3	3	38	38	90	90	25	25	27	27	101	101	1803	1803	7247	7247	2956	2956	234	234	105	105
IND00776	1910	1910	1363	1363	225	225	37	37	4405	4405	7261	7261	292	292	437	437	255	255	129	129	10721	10721	7580	7580	1394	1394	344	344	504	504	310	310	368	368	4416	4416	882	882	153	153	2425	2425	6521	6521	54	54	277	277	62	62	34	34	159	159	191	191	5422	5422	6576	6576	63	63	1656	1656	6000	6000	57428	57428	8182	8182	1625	1625	134	134	19	19	4393	4393	2396	2396	3558	3558	728	728	500	500	22	22	264	264	127	127	118	118	117	117	77	77	181	181	584	584	716	716	163	163	14	14	388	388	552	552	674	674	617	617	7266	7266	1029	1029	52	52	431	431	12894	12894	9524	9524	104	104	70	70	125	125	228	228	194	194	123	123	123	123	22	22	123	123	549	549	114	114	103	103	359	359	4087	4087	3417	3417	2560	2560	36	36	35	35	30	30	52	52	4738	4738	859	859	13	13	23	23	11	11	13	13	34	34	46	46	61	61	58	58	7799	7799	6638	6638	29636	29636	22808	22808	202	202	136	136
IND00777	1572	1572	1133	1133	69	69	322	322	6112	6112	1463	1463	216	216	440	440	5	5	105	105	10785	10785	8684	8684	34	34	1482	1482	174	174	13	13	7112	7112	223	223	741	741	226	226	322	322	7117	7117	1004	1004	573	573	50	50	60	60	161	161	41	41	5955	5955	5698	5698	1196	1196	510	510	44446	44446	3703	3703	4743	4743	3809	3809	186	186	154	154	6942	6942	5450	5450	3348	3348	3050	3050	215	215	451	451	732	732	746	746	100	100	105	105	422	422	339	339	160	160	904	904	83	83	248	248	7	7	646	646	719	719	1872	1872	368	368	5292	5292	396	396	193	193	4037	4037	16048	16048	5	5	107	107	33	33	188	188	224	224	220	220	249	249	35	35	564	564	587	587	80	80	108	108	823	823	563	563	788	788	833	833	15	15	14	14	36	36	43	43	4822	4822	3381	3381	21	21	14	14	15	15	6	6	39	39	83	83	44	44	1	1	7473	7473	1019	1019	20565	20565	7533	7533	223	223	248	248
IND00778	1957	1957	1303	1303	424	424	510	510	5058	5058	7260	7260	572	572	293	293	243	243	71	71	13597	13597	6377	6377	1126	1126	711	711	251	251	79	79	1657	1657	3096	3096	907	907	502	502	1208	1208	4400	4400	477	477	589	589	28	28	8	8	150	150	186	186	1273	1273	5505	5505	1398	1398	3479	3479	30026	30026	40721	40721	678	678	4052	4052	66	66	122	122	6377	6377	7710	7710	938	938	2418	2418	39	39	89	89	116	116	466	466	117	117	94	94	226	226	151	151	336	336	802	802	121	121	177	177	684	684	379	379	1826	1826	1025	1025	446	446	16138	16138	364	364	304	304	1218	1218	9499	9499	93	93	117	117	75	75	172	172	71	71	68	68	146	146	250	250	734	734	1019	1019	39	39	42	42	3478	3478	153	153	1230	1230	2310	2310	115	115	23	23	39	39	11	11	3027	3027	5512	5512	15	15	3	3	9	9	3	3	72	72	53	53	59	59	9	9	5249	5249	777	777	30261	30261	14196	14196	35	35	229	229
IND00779	1684	1684	197	197	30	30	87	87	7078	7078	4697	4697	228	228	158	158	130	130	35	35	16020	16020	4122	4122	137	137	1043	1043	140	140	464	464	2343	2343	2329	2329	538	538	52	52	7030	7030	2640	2640	76	76	708	708	28	28	33	33	236	236	84	84	7054	7054	8830	8830	3182	3182	3675	3675	19280	19280	26785	26785	906	906	1820	1820	80	80	100	100	249	249	716	716	2501	2501	2273	2273	276	276	345	345	766	766	737	737	23	23	111	111	73	73	149	149	266	266	241	241	112	112	145	145	619	619	343	343	153	153	1065	1065	10917	10917	11243	11243	509	509	303	303	7913	7913	6599	6599	61	61	123	123	84	84	244	244	29	29	100	100	166	166	227	227	141	141	956	956	16	16	53	53	3688	3688	2104	2104	1889	1889	3361	3361	23	23	24	24	24	24	12	12	6567	6567	1292	1292	27	27	12	12	12	12	10	10	82	82	4	4	28	28	45	45	1711	1711	5554	5554	28896	28896	5525	5525	166	166	47	47
IND00780	924	924	1877	1877	184	184	473	473	94	94	1927	1927	813	813	820	820	103	103	241	241	5936	5936	3748	3748	1214	1214	854	854	205	205	159	159	5500	5500	2042	2042	713	713	909	909	2235	2235	5506	5506	580	580	636	636	1	1	44	44	204	204	123	123	2916	2916	4433	4433	3609	3609	3601	3601	24163	24163	12891	12891	4459	4459	3186	3186	8	8	3	3	323	323	7944	7944	128	128	4011	4011	244	244	497	497	846	846	772	772	41	41	88	88	112	112	299	299	147	147	678	678	196	196	21	21	231	231	784	784	1430	1430	1001	1001	5021	5021	16058	16058	334	334	500	500	3194	3194	8168	8168	3	3	16	16	143	143	236	236	175	175	163	163	69	69	164	164	207	207	674	674	47	47	34	34	1284	1284	1054	1054	1856	1856	3569	3569	63	63	102	102	11	11	33	33	2692	2692	706	706	24	24	17	17	12	12	10	10	60	60	15	15	30	30	56	56	383	383	2670	2670	6023	6023	18236	18236	55	55	138	138
IND00781	59	59	1838	1838	137	137	14	14	6409	6409	4786	4786	824	824	32	32	156	156	36	36	8078	8078	4084	4084	1008	1008	1988	1988	383	383	54	54	455	455	768	768	56	56	881	881	6851	6851	3298	3298	824	824	31	31	23	23	62	62	137	137	223	223	11528	11528	7591	7591	2138	2138	3828	3828	30010	30010	41522	41522	884	884	838	838	148	148	30	30	5155	5155	1249	1249	1342	1342	2368	2368	117	117	339	339	924	924	808	808	56	56	14	14	499	499	508	508	393	393	851	851	109	109	157	157	465	465	154	154	1543	1543	1869	1869	2427	2427	14858	14858	436	436	202	202	4191	4191	246	246	43	43	117	117	221	221	104	104	251	251	16	16	197	197	35	35	767	767	395	395	43	43	124	124	1521	1521	3804	3804	1352	1352	1788	1788	70	70	92	92	31	31	41	41	1129	1129	6521	6521	2	2	5	5	16	16	5	5	13	13	61	61	2	2	39	39	3950	3950	6702	6702	2862	2862	30735	30735	154	154	55	55
IND00782	1452	1452	897	897	277	277	179	179	4665	4665	5250	5250	800	800	344	344	192	192	184	184	1573	1573	10512	10512	838	838	1600	1600	501	501	320	320	4108	4108	5694	5694	711	711	196	196	4304	4304	7362	7362	771	771	543	543	7	7	47	47	212	212	38	38	12876	12876	11143	11143	2238	2238	2884	2884	8760	8760	27435	27435	2564	2564	4567	4567	129	129	73	73	1787	1787	5596	5596	2621	2621	2275	2275	167	167	65	65	885	885	762	762	76	76	43	43	40	40	217	217	358	358	39	39	7	7	153	153	837	837	986	986	1081	1081	49	49	8027	8027	8040	8040	75	75	40	40	13438	13438	7830	7830	14	14	7	7	193	193	250	250	50	50	155	155	28	28	230	230	584	584	92	92	25	25	36	36	2565	2565	1816	1816	3453	3453	3865	3865	12	12	31	31	5	5	55	55	2214	2214	2539	2539	32	32	24	24	13	13	8	8	41	41	112	112	52	52	37	37	6399	6399	7691	7691	10947	10947	2356	2356	13	13	160	160
IND00783	119	119	1864	1864	392	392	54	54	2007	2007	1979	1979	963	963	243	243	39	39	17	17	9237	9237	13458	13458	1295	1295	282	282	51	51	42	42	1948	1948	228	228	13	13	209	209	5679	5679	1255	1255	785	785	622	622	5	5	20	20	239	239	240	240	9081	9081	9073	9073	831	831	3026	3026	29082	29082	5144	5144	3255	3255	6674	6674	233	233	217	217	7428	7428	486	486	3296	3296	1329	1329	245	245	374	374	200	200	621	621	63	63	72	72	493	493	187	187	952	952	535	535	14	14	67	67	6	6	748	748	700	700	1335	1335	5865	5865	7027	7027	163	163	227	227	5602	5602	415	415	19	19	118	118	58	58	237	237	150	150	231	231	216	216	86	86	428	428	280	280	8	8	106	106	4006	4006	3157	3157	2523	2523	485	485	79	79	87	87	18	18	27	27	5199	5199	3211	3211	31	31	17	17	3	3	7	7	65	65	2	2	47	47	1	1	3044	3044	6179	6179	18662	18662	11385	11385	122	122	219	219
IND00784	392	392	2008	2008	11	11	249	249	471	471	3283	3283	923	923	1023	1023	232	232	20	20	6387	6387	6083	6083	1141	1141	989	989	140	140	405	405	4871	4871	3896	3896	203	203	886	886	3116	3116	5129	5129	402	402	568	568	32	32	58	58	183	183	219	219	7030	7030	13292	13292	1425	1425	1273	1273	26382	26382	59173	59173	2358	2358	7245	7245	58	58	36	36	7097	7097	2891	2891	961	961	782	782	122	122	126	126	898	898	325	325	4	4	120	120	496	496	222	222	559	559	696	696	160	160	215	215	287	287	594	594	1033	1033	425	425	12695	12695	14930	14930	471	471	72	72	15187	15187	1039	1039	16	16	62	62	71	71	58	58	250	250	105	105	60	60	195	195	363	363	700	700	12	12	81	81	1012	1012	1937	1937	3385	3385	1425	1425	43	43	45	45	22	22	24	24	910	910	6938	6938	10	10	19	19	10	10	5	5	82	82	15	15	37	37	20	20	2658	2658	6609	6609	9627	9627	17742	17742	195	195	97	97
IND00785	539	539	639	639	327	327	452	452	1027	1027	3026	3026	494	494	685	685	49	49	200	200	2607	2607	15413	15413	1224	1224	1925	1925	468	468	84	84	7927	7927	2526	2526	626	626	787	787	2222	2222	2212	2212	402	402	588	588	30	30	39	39	95	95	88	88	3405	3405	11094	11094	3633	3633	1654	1654	40315	40315	40789	40789	3323	3323	7778	7778	143	143	45	45	4629	4629	414	414	3043	3043	3579	3579	493	493	255	255	664	664	45	45	46	46	112	112	473	473	122	122	515	515	610	610	157	157	32	32	652	652	884	884	667	667	710	710	1509	1509	3508	3508	361	361	455	455	5873	5873	4543	4543	30	30	120	120	149	149	236	236	110	110	231	231	201	201	104	104	131	131	708	708	21	21	120	120	1469	1469	4021	4021	3543	3543	2268	2268	79	79	126	126	22	22	50	50	344	344	1379	1379	25	25	27	27	16	16	1	1	106	106	105	105	39	39	36	36	167	167	4	4	30753	30753	4895	4895	147	147	139	139
IND00786	1008	1008	1021	1021	55	55	345	345	3780	3780	3819	3819	554	554	1007	1007	58	58	23	23	3403	3403	2851	2851	849	849	51	51	359	359	284	284	263	263	2970	2970	318	318	267	267	3491	3491	3480	3480	718	718	1008	1008	28	28	12	12	251	251	224	224	15244	15244	2403	2403	1912	1912	1917	1917	40041	40041	29779	29779	2622	2622	1398	1398	10	10	89	89	4349	4349	5179	5179	4031	4031	2361	2361	66	66	221	221	154	154	958	958	86	86	62	62	310	310	262	262	978	978	681	681	42	42	40	40	924	924	330	330	359	359	1694	1694	2252	2252	4678	4678	209	209	189	189	9993	9993	16201	16201	37	37	16	16	74	74	25	25	116	116	1	1	126	126	122	122	267	267	761	761	105	105	48	48	3029	3029	2939	2939	3663	3663	246	246	18	18	95	95	9	9	55	55	663	663	3419	3419	18	18	22	22	9	9	14	14	127	127	60	60	40	40	59	59	7838	7838	2230	2230	2363	2363	6040	6040	222	222	191	191
IND00787	1827	1827	109	109	268	268	79	79	4190	4190	1769	1769	728	728	204	204	159	159	186	186	10736	10736	3637	3637	109	109	1201	1201	147	147	236	236	7483	7483	7023	7023	450	450	32	32	7895	7895	5010	5010	351	351	891	891	47	47	18	18	17	17	240	240	10725	10725	7178	7178	2023	2023	2509	2509	27533	27533	47243	47243	263	263	3870	3870	174	174	107	107	1982	1982	4369	4369	3334	3334	3165	3165	55	55	161	161	952	952	9	9	70	70	79	79	438	438	328	328	978	978	11	11	97	97	171	171	719	719	95	95	1992	1992	1849	1849	3247	3247	2830	2830	270	270	46	46	12171	12171	10046	10046	77	77	28	28	5	5	80	80	92	92	10	10	184	184	168	168	715	715	427	427	46	46	80	80	1449	1449	832	832	3445	3445	3491	3491	95	95	26	26	62	62	37	37	4275	4275	4114	4114	6	6	23	23	11	11	10	10	114	114	28	28	55	55	40	40	192	192	7679	7679	18432	18432	16364	16364	216	216	235	235
IND00788	1433	1433	1543	1543	65	65	64	64	8086	8086	6198	6198	50	50	176	176	219	219	117	117	11683	11683	5190	5190	1732	1732	1321	1321	281	281	364	364	2147	2147	1329	1329	87	87	874	874	6676	6676	7134	7134	81	81	98	98	36	36	42	42	204	204	187	187	4430	4430	2891	2891	1298	1298	3108	3108	42671	42671	29906	29906	2	2	349	349	250	250	52	52	4164	4164	3677	3677	2875	2875	2382	2382	471	471	217	217	289	289	131	131	1	1	37	37	275	275	349	349	275	275	175	175	192	192	207	207	266	266	68	68	1475	1475	983	983	7870	7870	15532	15532	128	128	428	428	9609	9609	4408	4408	121	121	86	86	167	167	199	199	22	22	110	110	68	68	8	8	69	69	906	906	32	32	106	106	2615	2615	3556	3556	1702	1702	1871	1871	126	126	36	36	51	51	50	50	1772	1772	3648	3648	21	21	16	16	12	12	14	14	4	4	9	9	44	44	59	59	2918	2918	6994	6994	8713	8713	13201	13201	142	142	214	214
IND00789	471	471	1540	1540	133	133	315	315	4619	4619	1375	1375	571	571	624	624	57	57	35	35	6525	6525	10966	10966	148	148	1944	1944	455	455	21	21	7826	7826	5022	5022	268	268	247	247	5466	5466	3694	3694	984	984	943	943	14	14	26	26	144	144	26	26	5654	5654	7557	7557	708	708	2864	2864	37403	37403	33127	33127	3622	3622	2603	2603	231	231	49	49	4565	4565	1839	1839	2168	2168	2382	2382	468	468	333	333	89	89	159	159	5	5	96	96	451	451	259	259	284	284	711	711	197	197	115	115	177	177	210	210	1517	1517	1411	1411	2452	2452	1992	1992	158	158	92	92	2108	2108	12423	12423	16	16	97	97	96	96	74	74	208	208	47	47	18	18	114	114	921	921	382	382	116	116	67	67	490	490	884	884	584	584	251	251	49	49	29	29	51	51	17	17	323	323	213	213	9	9	8	8	10	10	7	7	18	18	115	115	55	55	42	42	5797	5797	2938	2938	28411	28411	13662	13662	159	159	202	202
IND00790	384	384	1618	1618	212	212	478	478	173	173	6642	6642	852	852	579	579	37	37	226	226	15207	15207	5086	5086	1696	1696	670	670	143	143	161	161	6257	6257	7219	7219	17	17	593	593	3515	3515	7723	7723	347	347	634	634	15	15	64	64	25	25	233	233	15081	15081	3889	3889	1146	1146	1539	1539	3464	3464	37651	37651	4761	4761	7415	7415	70	70	199	199	7156	7156	4566	4566	217	217	1168	1168	121	121	285	285	536	536	646	646	3	3	50	50	96	96	13	13	397	397	40	40	217	217	168	168	1003	1003	203	203	1158	1158	466	466	13018	13018	11273	11273	511	511	52	52	6717	6717	629	629	10	10	12	12	117	117	60	60	8	8	53	53	130	130	204	204	532	532	690	690	4	4	118	118	82	82	241	241	1839	1839	3403	3403	117	117	63	63	64	64	61	61	4035	4035	6651	6651	3	3	29	29	12	12	8	8	39	39	66	66	32	32	51	51	6027	6027	2274	2274	11677	11677	25293	25293	246	246	159	159
IND00791	1615	1615	501	501	92	92	35	35	1710	1710	6413	6413	93	93	381	381	68	68	3	3	15437	15437	12717	12717	641	641	559	559	164	164	482	482	5808	5808	4541	4541	118	118	154	154	2859	2859	7082	7082	837	837	720	720	48	48	35	35	177	177	8	8	16336	16336	7226	7226	3630	3630	1532	1532	64735	64735	44065	44065	6593	6593	7510	7510	6	6	251	251	6306	6306	7836	7836	1874	1874	3845	3845	175	175	219	219	317	317	276	276	123	123	29	29	159	159	475	475	410	410	484	484	128	128	84	84	665	665	198	198	332	332	1667	1667	8457	8457	15120	15120	495	495	10	10	13139	13139	13563	13563	58	58	60	60	18	18	55	55	149	149	27	27	126	126	25	25	310	310	207	207	85	85	73	73	3945	3945	2771	2771	2617	2617	3772	3772	69	69	27	27	49	49	36	36	412	412	6939	6939	4	4	7	7	15	15	4	4	116	116	2	2	25	25	52	52	654	654	6641	6641	6082	6082	32369	32369	57	57	64	64
IND00792	1753	1753	385	385	510	510	99	99	3182	3182	5431	5431	556	556	810	810	141	141	190	190	7721	7721	4747	4747	2030	2030	205	205	201	201	468	468	631	631	5463	5463	367	367	503	503	6621	6621	7593	7593	41	41	716	716	58	58	56	56	203	203	113	113	5811	5811	3199	3199	2417	2417	1259	1259	38372	38372	23031	23031	2038	2038	1017	1017	56	56	117	117	5155	5155	24	24	1204	1204	32	32	80	80	178	178	211	211	766	766	72	72	127	127	489	489	490	490	644	644	739	739	156	156	146	146	287	287	865	865	1933	1933	344	344	8406	8406	16036	16036	498	498	342	342	4554	4554	6731	6731	65	65	70	70	111	111	242	242	228	228	220	220	234	234	186	186	355	355	932	932	3	3	94	94	2984	2984	661	661	1863	1863	1806	1806	63	63	85	85	19	19	53	53	3178	3178	2115	2115	22	22	17	17	12	12	11	11	103	103	3	3	10	10	56	56	4010	4010	5236	5236	26087	26087	28148	28148	224	224	35	35
IND00793	166	166	582	582	181	181	70	70	4262	4262	3730	3730	1019	1019	746	746	43	43	46	46	10601	10601	4874	4874	1687	1687	1067	1067	239	239	19	19	3210	3210	7537	7537	261	261	603	603	557	557	1039	1039	865	865	833	833	60	60	15	15	122	122	24	24	13928	13928	8381	8381	2192	2192	3057	3057	50740	50740	33158	33158	6566	6566	5878	5878	43	43	55	55	14	14	7156	7156	48	48	308	308	227	227	463	463	299	299	1001	1001	67	67	89	89	481	481	398	398	44	44	591	591	34	34	197	197	346	346	271	271	889	889	1822	1822	6818	6818	1505	1505	373	373	104	104	1609	1609	5039	5039	53	53	111	111	163	163	102	102	144	144	249	249	175	175	142	142	495	495	194	194	9	9	106	106	44	44	2913	2913	1329	1329	4069	4069	100	100	10	10	64	64	11	11	330	330	2129	2129	9	9	4	4	4	4	13	13	19	19	72	72	36	36	24	24	6849	6849	5368	5368	11848	11848	31331	31331	133	133	131	131
IND00794	1666	1666	650	650	3	3	170	170	2588	2588	829	829	777	777	652	652	118	118	64	64	11066	11066	14247	14247	1035	1035	1495	1495	187	187	82	82	3438	3438	2902	2902	566	566	733	733	580	580	3251	3251	202	202	134	134	38	38	45	45	192	192	185	185	15524	15524	13939	13939	1272	1272	358	358	64071	64071	41365	41365	3173	3173	7125	7125	25	25	234	234	2907	2907	533	533	2390	2390	801	801	228	228	64	64	823	823	1019	1019	29	29	17	17	345	345	265	265	584	584	37	37	130	130	137	137	53	53	80	80	1625	1625	2020	2020	11825	11825	2527	2527	149	149	192	192	14228	14228	6354	6354	19	19	120	120	119	119	43	43	166	166	61	61	73	73	53	53	93	93	252	252	8	8	13	13	2423	2423	2044	2044	628	628	1313	1313	96	96	7	7	64	64	35	35	95	95	1074	1074	19	19	31	31	7	7	1	1	51	51	51	51	34	34	63	63	4653	4653	4540	4540	10640	10640	27919	27919	213	213	157	157
IND00795	1185	1185	211	211	357	357	429	429	4803	4803	2145	2145	385	385	893	893	233	233	128	128	15982	15982	14844	14844	1672	1672	1895	1895	150	150	278	278	354	354	7251	7251	477	477	960	960	6925	6925	4390	4390	881	881	859	859	4	4	33	33	11	11	174	174	8938	8938	5128	5128	3523	3523	170	170	33138	33138	42836	42836	4657	4657	1043	1043	73	73	8	8	5597	5597	5310	5310	2126	2126	294	294	327	327	360	360	21	21	383	383	85	85	65	65	238	238	246	246	363	363	910	910	20	20	102	102	725	725	569	569	997	997	847	847	3355	3355	11366	11366	111	111	116	116	5749	5749	5044	5044	17	17	49	49	162	162	219	219	181	181	178	178	163	163	65	65	172	172	390	390	81	81	46	46	2509	2509	2745	2745	3034	3034	3897	3897	47	47	74	74	54	54	47	47	34	34	878	878	2	2	30	30	1	1	10	10	102	102	109	109	21	21	3	3	598	598	7266	7266	23254	23254	8165	8165	108	108	187	187
IND00796	1717	1717	560	560	266	266	7	7	6087	6087	7121	7121	1000	1000	732	732	138	138	249	249	5089	5089	8811	8811	900	900	1533	1533	26	26	220	220	6345	6345	3322	3322	802	802	974	974	3652	3652	3790	3790	745	745	664	664	64	64	29	29	245	245	231	231	10977	10977	9429	9429	25	25	2005	2005	65536	65536	594	594	706	706	3131	3131	47	47	117	117	4187	4187	4763	4763	1466	1466	1176	1176	259	259	221	221	365	365	845	845	45	45	30	30	408	408	420	420	920	920	767	767	177	177	63	63	849	849	932	932	550	550	167	167	9891	9891	6859	6859	499	499	309	309	2112	2112	2206	2206	72	72	101	101	239	239	76	76	62	62	5	5	208	208	226	226	518	518	751	751	37	37	38	38	2417	2417	1450	1450	197	197	1112	1112	34	34	127	127	19	19	31	31	7930	7930	3999	3999	8	8	19	19	12	12	7	7	22	22	43	43	26	26	25	25	7793	7793	2626	2626	473	473	17940	17940	255	255	5	5
IND00797	1977	1977	531	531	258	258	219	219	2153	2153	1993	1993	184	184	86	86	159	159	21	21	1740	1740	16217	16217	1872	1872	138	138	59	59	338	338	6982	6982	460	460	1023	1023	722	722	7573	7573	6721	6721	160	160	384	384	6	6	36	36	71	71	124	124	3620	3620	11250	11250	1489	1489	2959	2959	61069	61069	7406	7406	288	288	7047	7047	158	158	157	157	2511	2511	556	556	152	152	1340	1340	207	207	101	101	118	118	613	613	49	49	28	28	338	338	512	512	531	531	797	797	22	22	240	240	387	387	552	552	1512	1512	1051	1051	11705	11705	9152	9152	48	48	50	50	14946	14946	2359	2359	102	102	31	31	126	126	177	177	214	214	13	13	8	8	217	217	670	670	353	353	29	29	34	34	3237	3237	2864	2864	783	783	725	725	107	107	31	31	40	40	12	12	6305	6305	3947	3947	20	20	3	3	10	10	5	5	119	119	18	18	54	54	15	15	4425	4425	1288	1288	4712	4712	24090	24090	33	33	140	140
IND00798	453	453	80	80	510	510	335	335	4884	4884	7550	7550	173	173	581	581	198	198	50	50	11485	11485	10814	10814	1598	1598	1644	1644	283	283	369	369	4250	4250	5590	5590	746	746	271	271	6845	6845	7764	7764	638	638	338	338	3	3	7	7	72	72	173	173	5465	5465	11538	11538	4083	4083	2834	2834	12238	12238	373	373	6261	6261	4635	4635	161	161	124	124	7462	7462	4698	4698	3273	3273	1814	1814	433	433	283	283	993	993	406	406	39	39	78	78	213	213	123	123	846	846	1021	1021	82	82	144	144	197	197	942	942	660	660	96	96	5057	5057	10621	10621	184	184	239	239	3528	3528	12421	12421	54	54	99	99	155	155	164	164	16	16	248	248	190	190	73	73	884	884	168	168	13	13	22	22	3165	3165	88	88	228	228	3231	3231	102	102	108	108	34	34	34	34	400	400	7907	7907	29	29	25	25	2	2	14	14	108	108	26	26	59	59	32	32	7273	7273	3358	3358	13594	13594	28101	28101	20	20	26	26
IND00799	1969	1969	433	433	220	220	262	262	7684	7684	7688	7688	929	929	930	930	88	88	152	152	2396	2396	8004	8004	654	654	1382	1382	436	436	281	281	7889	7889	5148	5148	845	845	195	195	2002	2002	6182	6182	94	94	378	378	35	35	38	38	250	250	59	59	8243	8243	3130	3130	1818	1818	1598	1598	2769	2769	3155	3155	5897	5897	4709	4709	198	198	133	133	4107	4107	1087	1087	2465	2465	3320	3320	237	237	284	284	335	335	326	326	26	26	73	73	247	247	345	345	591	591	823	823	64	64	2	2	160	160	265	265	1606	1606	1471	1471	15687	15687	11815	11815	402	402	456	456	10765	10765	15481	15481	2	2	93	93	59	59	118	118	218	218	25	25	202	202	59	59	880	880	1011	1011	54	54	39	39	3493	3493	1978	1978	3357	3357	2760	2760	40	40	112	112	30	30	50	50	4084	4084	7223	7223	4	4	7	7	1	1	16	16	45	45	51	51	5	5	41	41	408	408	1948	1948	7045	7045	13801	13801	133	133	1	1
IND00800	2023	2023	1092	1092	459	459	56	56	752	752	7585	7585	717	717	423	423	206	206	242	242	11283	11283	5630	5630	794	794	1458	1458	99	99	457	457	4872	4872	5751	5751	920	920	505	505	4937	4937	5818	5818	327	327	231	231	48	48	19	19	71	71	151	151	3727	3727	1809	1809	4004	4004	2989	2989	49399	49399	19686	19686	3818	3818	7417	7417	21	21	50	50	3054	3054	5104	5104	2412	2412	2579	2579	323	323	69	69	650	650	782	782	83	83	60	60	64	64	285	285	378	378	813	813	107	107	77	77	95	95	698	698	1715	1715	1783	1783	11120	11120	7	7	166	166	138	138	33	33	14239	14239	54	54	73	73	119	119	131	131	29	29	55	55	199	199	140	140	467	467	751	751	63	63	70	70	91	91	2775	2775	3875	3875	1509	1509	79	79	42	42	30	30	49	49	7287	7287	6137	6137	26	26	30	30	12	12	11	11	45	45	3	3	4	4	11	11	3684	3684	2989	2989	11672	11672	23500	23500	43	43	229	229
IND00801	1543	1543	676	676	97	97	150	150	7369	7369	8029	8029	234	234	912	912	87	87	160	160	9264	9264	12216	12216	1427	1427	706	706	174	174	38	38	6446	6446	3585	3585	92	92	241	241	649	649	4602	4602	311	311	951	951	2	2	26	26	200	200	112	112	7180	7180	4911	4911	1839	1839	1460	1460	57961	57961	61323	61323	2033	2033	7652	7652	252	252	53	53	2046	2046	4518	4518	2190	2190	1248	1248	463	463	193	193	743	743	118	118	38	38	90	90	471	471	140	140	712	712	355	355	120	120	163	163	257	257	472	472	1819	1819	1817	1817	5075	5075	8183	8183	147	147	216	216	11137	11137	3189	3189	38	38	95	95	110	110	180	180	36	36	214	214	32	32	196	196	795	795	844	844	128	128	75	75	371	371	451	451	2669	2669	1215	1215	117	117	96	96	47	47	18	18	5221	5221	1812	1812	16	16	24	24	3	3	1	1	122	122	28	28	14	14	51	51	6875	6875	4707	4707	26844	26844	28864	28864	179	179	198	198
IND00802	1148	1148	1384	1384	224	224	396	396	6557	6557	812	812	20	20	293	293	10	10	60	60	13044	13044	9218	9218	1056	1056	1095	1095	212	212	328	328	2673	2673	158	158	388	388	868	868	3812	3812	1826	1826	152	152	650	650	10	10	39	39	39	39	38	38	15757	15757	917	917	115	115	3616	3616	33575	33575	9662	9662	3508	3508	5758	5758	161	161	157	157	5190	5190	1938	1938	722	722	6	6	313	313	273	273	916	916	207	207	54	54	18	18	112	112	450	450	822	822	256	256	38	38	36	36	958	958	280	280	1892	1892	252	252	12122	12122	9880	9880	339	339	463	463	11751	11751	11718	11718	114	114	118	118	166	166	241	241	9	9	74	74	209	209	70	70	1001	1001	74	74	70	70	58	58	3792	3792	1082	1082	2359	2359	2742	2742	35	35	4	4	17	17	8	8	7545	7545	2815	2815	22	22	6	6	12	12	4	4	49	49	98	98	42	42	56	56	5511	5511	1900	1900	27840	27840	19694	19694	88	88	255	255
IND00803	884	884	1493	1493	236	236	103	103	7826	7826	4225	4225	826	826	222	222	138	138	181	181	10637	10637	7246	7246	1207	1207	2018	2018	131	131	480	480	95	95	3971	3971	130	130	206	206	1734	1734	1370	1370	220	220	229	229	56	56	52	52	232	232	256	256	14818	14818	9144	9144	3833	3833	4035	4035	13640	13640	64516	64516	6926	6926	1564	1564	7	7	188	188	5919	5919	6443	6443	299	299	3665	3665	213	213	286	286	467	467	949	949	1	1	110	110	102	102	496	496	653	653	326	326	157	157	113	113	213	213	634	634	1649	1649	1189	1189	14284	14284	14431	14431	413	413	243	243	15006	15006	648	648	127	127	11	11	244	244	206	206	126	126	5	5	83	83	74	74	571	571	833	833	73	73	27	27	3404	3404	3859	3859	1504	1504	3885	3885	19	19	126	126	11	11	47	47	4196	4196	343	343	13	13	20	20	10	10	11	11	47	47	123	123	35	35	32	32	5240	5240	554	554	16064	16064	6681	6681	242	242	250	250
IND00804	131	131	131	131	126	126	271	271	2464	2464	1760	1760	90	90	12	12	170	170	72	72	13881	13881	1187	1187	1342	1342	394	394	427	427	91	91	501	501	8108	8108	903	903	534	534	5607	5607	2967	2967	252	252	902	902	44	44	14	14	91	91	83	83	8104	8104	14204	14204	3172	3172	3635	3635	50223	50223	39153	39153	8130	8130	3079	3079	218	218	131	131	4204	4204	1037	1037	3306	3306	1529	1529	450	450	227	227	293	293	568	568	94	94	52	52	173	173	218	218	190	190	177	177	245	245	187	187	58	58	529	529	1098	1098	19	19	8912	8912	326	326	502	502	8	8	1557	1557	2453	2453	64	64	83	83	149	149	141	141	33	33	256	256	19	19	124	124	199	199	537	537	100	100	110	110	2451	2451	2512	2512	56	56	2167	2167	83	83	72	72	39	39	15	15	295	295	3109	3109	29	29	11	11	9	9	12	12	30	30	100	100	48	48	49	49	5205	5205	8101	8101	10425	10425	7727	7727	71	71	73	73
IND00805	785	785	785	785	348	348	40	40	3815	3815	6647	6647	900	900	114	114	183	183	194	194	1209	1209	4378	4378	792	792	204	204	223	223	141	141	4594	4594	6117	6117	826	826	253	253	911	911	2558	2558	157	157	300	300	63	63	15	15	31	31	236	236	1349	1349	13074	13074	1222	1222	2064	2064	57984	57984	40537	40537	5065	5065	4260	4260	21	21	208	208	2680	2680	3622	3622	2733	2733	456	456	85	85	199	199	342	342	159	159	46	46	54	54	20	20	443	443	657	657	434	434	34	34	6	6	526	526	379	379	853	853	265	265	9341	9341	7984	7984	366	366	35	35	974	974	9140	9140	110	110	39	39	116	116	36	36	165	165	155	155	63	63	208	208	626	626	592	592	30	30	53	53	467	467	1435	1435	2317	2317	2552	2552	98	98	41	41	3	3	54	54	6358	6358	1947	1947	18	18	12	12	10	10	12	12	42	42	17	17	39	39	30	30	7972	7972	8107	8107	30996	30996	31239	31239	111	111	197	197
IND00806	1955	1955	1737	1737	345	345	146	146	3815	3815	7099	7099	562	562	399	399	92	92	173	173	5447	5447	6923	6923	1467	1467	454	454	178	178	406	406	3354	3354	1379	1379	790	790	546	546	3532	3532	613	613	980	980	73	73	58	58	5	5	86	86	1	1	16023	16023	7261	7261	1816	1816	1724	1724	40575	40575	53794	53794	378	378	1483	1483	153	153	119	119	5329	5329	4647	4647	3680	3680	257	257	236	236	31	31	423	423	443	443	87	87	34	34	79	79	181	181	996	996	75	75	161	161	146	146	411	411	511	511	47	47	90	90	14778	14778	16143	16143	382	382	101	101	7988	7988	2427	2427	2	2	23	23	183	183	132	132	188	188	254	254	70	70	180	180	942	942	448	448	102	102	110	110	3724	3724	1997	1997	2609	2609	3039	3039	62	62	102	102	22	22	26	26	6836	6836	2244	2244	19	19	15	15	13	13	6	6	43	43	26	26	64	64	8	8	6109	6109	7818	7818	12920	12920	5145	5145	48	48	195	195
IND00807	1120	1120	1850	1850	154	154	194	194	553	553	6897	6897	773	773	828	828	164	164	227	227	4890	4890	507	507	381	381	916	916	142	142	427	427	7256	7256	447	447	518	518	247	247	7265	7265	4529	4529	401	401	757	757	38	38	63	63	41	41	117	117	10816	10816	12800	12800	1313	1313	2434	2434	7205	7205	7982	7982	7304	7304	3248	3248	163	163	217	217	7062	7062	387	387	1254	1254	3567	3567	287	287	150	150	623	623	1012	1012	79	79	26	26	506	506	94	94	309	309	100	100	231	231	78	78	290	290	899	899	1467	1467	1948	1948	8083	8083	5307	5307	474	474	168	168	2304	2304	4650	4650	44	44	98	98	225	225	53	53	56	56	86	86	163	163	168	168	105	105	252	252	121	121	23	23	3662	3662	1657	1657	2361	2361	3888	3888	86	86	116	116	35	35	33	33	519	519	6418	6418	13	13	14	14	16	16	12	12	53	53	102	102	13	13	13	13	4659	4659	3706	3706	9339	9339	21330	21330	135	135	28	28
IND00808	846	846	1061	1061	182	182	469	469	3438	3438	3894	3894	51	51	277	277	97	97	184	184	4187	4187	13794	13794	870	870	691	691	158	158	400	400	5165	5165	2305	2305	343	343	438	438	1282	1282	1246	1246	663	663	300	300	22	22	59	59	178	178	110	110	2352	2352	3549	3549	2058	2058	3256	3256	21729	21729	32962	32962	1487	1487	1299	1299	92	92	103	103	7616	7616	2418	2418	554	554	1773	1773	384	384	104	104	428	428	160	160	22	22	121	121	136	136	342	342	946	946	608	608	88	88	131	131	384	384	384	384	144	144	576	576	3611	3611	10699	10699	243	243	490	490	5677	5677	13833	13833	117	117	1	1	25	25	185	185	39	39	89	89	60	60	59	59	65	65	898	898	77	77	100	100	2373	2373	671	671	2182	2182	2889	2889	107	107	28	28	52	52	46	46	7986	7986	2838	2838	17	17	2	2	9	9	10	10	80	80	4	4	61	61	6	6	1481	1481	7340	7340	30071	30071	21422	21422	27	27	109	109
IND00809	489	489	889	889	78	78	484	484	5816	5816	8190	8190	394	394	156	156	244	244	46	46	1471	1471	3130	3130	962	962	1604	1604	340	340	511	511	3658	3658	7560	7560	425	425	812	812	805	805	2142	2142	764	764	95	95	31	31	64	64	256	256	110	110	5764	5764	449	449	237	237	2330	2330	2102	2102	28231	28231	2841	2841	6476	6476	128	128	119	119	7699	7699	4160	4160	1007	1007	1210	1210	499	499	172	172	493	493	1004	1004	113	113	97	97	444	444	188	188	416	416	739	739	176	176	78	78	437	437	578	578	1782	1782	1826	1826	2119	2119	9295	9295	256	256	193	193	273	273	14027	14027	83	83	109	109	122	122	21	21	62	62	188	188	177	177	152	152	300	300	742	742	50	50	29	29	168	168	3238	3238	431	431	1060	1060	56	56	29	29	59	59	23	23	4929	4929	5544	5544	20	20	32	32	4	4	5	5	86	86	63	63	9	9	7	7	6673	6673	1862	1862	14653	14653	20889	20889	107	107	74	74
IND00810	1198	1198	1899	1899	309	309	317	317	4259	4259	6998	6998	9	9	357	357	16	16	106	106	4142	4142	15496	15496	888	888	737	737	392	392	245	245	7067	7067	1627	1627	777	777	605	605	5553	5553	3113	3113	358	358	99	99	32	32	32	32	140	140	191	191	7480	7480	16089	16089	1994	1994	1828	1828	63353	63353	5523	5523	3423	3423	16	16	193	193	16	16	2959	2959	5551	5551	3577	3577	3537	3537	95	95	273	273	608	608	105	105	4	4	126	126	95	95	200	200	885	885	500	500	5	5	223	223	587	587	858	858	966	966	1047	1047	8276	8276	12403	12403	104	104	141	141	8838	8838	3447	3447	99	99	47	47	165	165	239	239	143	143	52	52	201	201	189	189	681	681	669	669	11	11	60	60	4023	4023	3517	3517	2609	2609	2075	2075	74	74	63	63	19	19	36	36	2390	2390	5346	5346	5	5	29	29	9	9	11	11	120	120	43	43	1	1	35	35	3277	3277	558	558	22799	22799	25109	25109	70	70	111	111
IND00811	654	654	383	383	81	81	487	487	5455	5455	6899	6899	825	825	300	300	191	191	252	252	14057	14057	11176	11176	668	668	1366	1366	193	193	27	27	6148	6148	4681	4681	302	302	444	444	7086	7086	4333	4333	67	67	462	462	25	25	49	49	55	55	168	168	934	934	12995	12995	1930	1930	2652	2652	34941	34941	53245	53245	6520	6520	6552	6552	187	187	86	86	4087	4087	1680	1680	3723	3723	1272	1272	314	314	246	246	537	537	692	692	73	73	4	4	141	141	287	287	945	945	826	826	162	162	24	24	905	905	404	404	305	305	415	415	11480	11480	9341	9341	253	253	470	470	1305	1305	1143	1143	24	24	113	113	99	99	25	25	29	29	55	55	154	154	44	44	160	160	324	324	88	88	110	110	287	287	423	423	1416	1416	2439	2439	100	100	99	99	32	32	35	35	1246	1246	712	712	11	11	1	1	3	3	12	12	54	54	113	113	5	5	34	34	584	584	5867	5867	25745	25745	3305	3305	71	71	9	9
IND00812	459	459	1558	1558	411	411	329	329	6295	6295	3673	3673	515	515	12	12	253	253	175	175	9792	9792	5855	5855	2010	2010	911	911	73	73	14	14	5707	5707	7063	7063	766	766	98	98	7475	7475	2469	2469	656	656	922	922	6	6	50	50	167	167	179	179	13202	13202	13842	13842	12	12	2256	2256	27933	27933	43059	43059	5599	5599	5646	5646	188	188	97	97	3813	3813	7949	7949	3841	3841	1594	1594	481	481	214	214	112	112	496	496	25	25	5	5	426	426	261	261	554	554	992	992	114	114	171	171	692	692	133	133	1522	1522	677	677	6969	6969	1468	1468	195	195	18	18	6032	6032	13500	13500	100	100	48	48	224	224	206	206	90	90	55	55	113	113	181	181	697	697	396	396	81	81	108	108	2497	2497	3004	3004	1459	1459	1551	1551	81	81	72	72	57	57	63	63	1810	1810	5280	5280	20	20	2	2	10	10	3	3	20	20	3	3	1	1	23	23	6734	6734	7743	7743	8234	8234	22944	22944	236	236	37	37
IND00813	571	571	1482	1482	143	143	49	49	2726	2726	1991	1991	704	704	998	998	178	178	115	115	15719	15719	569	569	644	644	431	431	222	222	399	399	6387	6387	3973	3973	718	718	375	375	6543	6543	7103	7103	109	109	32	32	20	20	21	21	161	161	161	161	14665	14665	11331	11331	2349	2349	1490	1490	7527	7527	34035	34035	5624	5624	6260	6260	52	52	52	52	3656	3656	985	985	2215	2215	3308	3308	192	192	245	245	373	373	744	744	53	53	117	117	402	402	399	399	281	281	501	501	7	7	90	90	793	793	136	136	1676	1676	1422	1422	6608	6608	12359	12359	136	136	460	460	3447	3447	11345	11345	101	101	84	84	18	18	132	132	225	225	205	205	171	171	119	119	224	224	288	288	125	125	9	9	3061	3061	3197	3197	120	120	3471	3471	44	44	101	101	60	60	39	39	6644	6644	6584	6584	20	20	11	11	3	3	2	2	82	82	128	128	5	5	33	33	876	876	420	420	2300	2300	28975	28975	150	150	32	32
IND00814	1282	1282	1613	1613	411	411	304	304	1245	1245	5180	5180	575	575	561	561	108	108	129	129	2282	2282	5446	5446	3	3	726	726	76	76	467	467	2095	2095	6547	6547	219	219	145	145	945	945	7233	7233	32	32	739	739	62	62	30	30	52	52	240	240	3102	3102	10761	10761	1159	1159	990	990	26845	26845	62258	62258	1896	1896	742	742	161	161	84	84	3351	3351	3508	3508	2322	2322	138	138	399	399	397	397	243	243	293	293	38	38	107	107	273	273	294	294	154	154	428	428	229	229	162	162	141	141	260	260	859	859	1221	1221	2241	2241	7523	7523	155	155	406	406	6883	6883	9146	9146	102	102	12	12	249	249	237	237	8	8	209	209	245	245	77	77	515	515	150	150	55	55	110	110	1312	1312	1301	1301	2848	2848	3498	3498	117	117	62	62	9	9	13	13	4727	4727	4919	4919	14	14	21	21	6	6	1	1	128	128	57	57	39	39	22	22	5228	5228	6336	6336	14632	14632	6333	6333	23	23	138	138
IND00815	1612	1612	2024	2024	443	443	371	371	7435	7435	816	816	857	857	413	413	116	116	251	251	8178	8178	1389	1389	238	238	1462	1462	223	223	387	387	4676	4676	3782	3782	562	562	621	621	338	338	3266	3266	157	157	629	629	12	12	6	6	93	93	154	154	202	202	15878	15878	3371	3371	1123	1123	16932	16932	2147	2147	2563	2563	5209	5209	161	161	112	112	2489	2489	623	623	786	786	259	259	312	312	356	356	484	484	972	972	104	104	37	37	182	182	263	263	439	439	689	689	170	170	129	129	289	289	612	612	1731	1731	1557	1557	10260	10260	4168	4168	323	323	208	208	14980	14980	4287	4287	3	3	28	28	117	117	28	28	151	151	2	2	92	92	256	256	820	820	978	978	38	38	31	31	3582	3582	1552	1552	5	5	436	436	91	91	1	1	63	63	22	22	131	131	5363	5363	8	8	31	31	8	8	4	4	16	16	55	55	1	1	12	12	2262	2262	5775	5775	970	970	25207	25207	47	47	135	135
IND00816	863	863	958	958	480	480	309	309	6813	6813	6522	6522	472	472	190	190	65	65	186	186	14901	14901	5577	5577	792	792	1687	1687	476	476	171	171	6717	6717	1660	1660	867	867	501	501	4895	4895	309	309	43	43	120	120	49	49	40	40	118	118	195	195	15433	15433	5904	5904	3507	3507	1773	1773	22799	22799	21643	21643	4058	4058	3833	3833	63	63	198	198	1402	1402	5339	5339	2128	2128	1933	1933	350	350	463	463	27	27	665	665	93	93	36	36	409	409	370	370	194	194	883	883	54	54	161	161	544	544	57	57	15	15	1238	1238	9297	9297	1021	1021	483	483	175	175	6513	6513	11529	11529	14	14	101	101	96	96	102	102	126	126	113	113	69	69	10	10	918	918	165	165	106	106	77	77	2964	2964	1699	1699	1815	1815	2078	2078	7	7	106	106	41	41	8	8	2568	2568	6472	6472	9	9	6	6	1	1	7	7	86	86	17	17	2	2	24	24	2214	2214	4300	4300	24775	24775	24376	24376	47	47	8	8
IND00817	1522	1522	865	865	79	79	296	296	3748	3748	5745	5745	499	499	595	595	46	46	169	169	15844	15844	7759	7759	18	18	152	152	379	379	163	163	4833	4833	5309	5309	974	974	516	516	978	978	6491	6491	3	3	35	35	13	13	18	18	208	208	14	14	16049	16049	9193	9193	362	362	1366	1366	35447	35447	30188	30188	5698	5698	8081	8081	157	157	27	27	4695	4695	279	279	642	642	3993	3993	278	278	510	510	101	101	836	836	100	100	2	2	301	301	160	160	444	444	973	973	77	77	7	7	449	449	915	915	2033	2033	83	83	7638	7638	15714	15714	244	244	416	416	9113	9113	5814	5814	31	31	108	108	223	223	209	209	45	45	86	86	76	76	35	35	775	775	10	10	33	33	89	89	3048	3048	970	970	1732	1732	3663	3663	99	99	56	56	51	51	47	47	3560	3560	6267	6267	4	4	21	21	8	8	6	6	70	70	105	105	46	46	24	24	2027	2027	2130	2130	12334	12334	11423	11423	201	201	206	206
IND00818	1301	1301	229	229	95	95	140	140	5504	5504	4289	4289	86	86	1024	1024	247	247	125	125	13815	13815	13231	13231	1063	1063	1517	1517	375	375	293	293	5651	5651	4657	4657	633	633	936	936	6708	6708	7956	7956	448	448	471	471	17	17	18	18	165	165	14	14	4946	4946	2801	2801	3213	3213	1415	1415	85	85	17319	17319	4239	4239	7125	7125	92	92	229	229	6687	6687	1923	1923	217	217	2225	2225	461	461	493	493	89	89	842	842	121	121	51	51	261	261	482	482	938	938	961	961	164	164	30	30	520	520	385	385	1281	1281	1423	1423	2803	2803	11689	11689	74	74	214	214	14485	14485	6043	6043	12	12	78	78	17	17	208	208	31	31	148	148	76	76	219	219	724	724	453	453	15	15	104	104	620	620	2526	2526	2821	2821	1619	1619	88	88	89	89	28	28	33	33	5300	5300	5985	5985	23	23	16	16	10	10	5	5	33	33	57	57	53	53	5	5	5384	5384	3256	3256	1811	1811	22484	22484	20	20	211	211
IND00819	533	533	2031	2031	59	59	129	129	1066	1066	511	511	60	60	851	851	248	248	249	249	15163	15163	11186	11186	1988	1988	1831	1831	63	63	190	190	7554	7554	4059	4059	769	769	677	677	5621	5621	4599	4599	204	204	728	728	14	14	55	55	11	11	223	223	9277	9277	3294	3294	347	347	2722	2722	52537	52537	53699	53699	3345	3345	7487	7487	126	126	211	211	8141	8141	401	401	3090	3090	3176	3176	482	482	42	42	931	931	682	682	12	12	12	12	475	475	121	121	539	539	553	553	159	159	246	246	448	448	543	543	1566	1566	1666	1666	7601	7601	298	298	195	195	262	262	10644	10644	12733	12733	85	85	80	80	121	121	222	222	17	17	214	214	108	108	132	132	269	269	92	92	3	3	58	58	2800	2800	2121	2121	3692	3692	440	440	117	117	77	77	39	39	46	46	2286	2286	1842	1842	16	16	8	8	14	14	5	5	49	49	80	80	47	47	14	14	4512	4512	7503	7503	4340	4340	10315	10315	24	24	132	132
IND00820	450	450	890	890	409	409	304	304	2270	2270	3809	3809	451	451	741	741	187	187	224	224	9022	9022	600	600	1466	1466	681	681	197	197	257	257	6873	6873	3842	3842	603	603	1011	1011	2770	2770	273	273	836	836	30	30	46	46	35	35	111	111	198	198	6128	6128	14988	14988	2222	2222	2429	2429	28839	28839	16259	16259	5112	5112	3751	3751	171	171	2	2	3156	3156	4905	4905	255	255	645	645	327	327	449	449	408	408	267	267	10	10	101	101	269	269	361	361	829	829	306	306	212	212	163	163	576	576	858	858	1495	1495	70	70	5299	5299	8736	8736	355	355	140	140	10535	10535	16173	16173	114	114	40	40	13	13	166	166	241	241	207	207	240	240	226	226	181	181	95	95	89	89	68	68	435	435	2969	2969	2305	2305	3190	3190	6	6	79	79	40	40	13	13	3859	3859	7415	7415	29	29	11	11	14	14	14	14	5	5	37	37	3	3	19	19	6898	6898	5008	5008	31927	31927	18527	18527	39	39	15	15
IND00821	765	765	122	122	20	20	146	146	3355	3355	2432	2432	1016	1016	636	636	161	161	237	237	13012	13012	1510	1510	1814	1814	1201	1201	161	161	177	177	7968	7968	4868	4868	870	870	331	331	1637	1637	1846	1846	509	509	364	364	21	21	62	62	164	164	147	147	5836	5836	11661	11661	2004	2004	541	541	30096	30096	42431	42431	6064	6064	6015	6015	110	110	230	230	5124	5124	1993	1993	642	642	1459	1459	104	104	500	500	820	820	761	761	128	128	96	96	343	343	128	128	557	557	305	305	224	224	208	208	551	551	931	931	645	645	1052	1052	7290	7290	4387	4387	78	78	492	492	8131	8131	12787	12787	71	71	52	52	37	37	164	164	27	27	157	157	80	80	220	220	888	888	113	113	83	83	22	22	3216	3216	1987	1987	757	757	438	438	103	103	13	13	12	12	57	57	7606	7606	3171	3171	23	23	31	31	3	3	6	6	63	63	76	76	2	2	16	16	3842	3842	5190	5190	2033	2033	24540	24540	87	87	173	173
IND00822	1929	1929	1831	1831	388	388	498	498	7156	7156	6310	6310	266	266	283	283	181	181	74	74	11452	11452	9811	9811	387	387	312	312	61	61	8	8	1155	1155	3502	3502	29	29	598	598	4737	4737	3216	3216	873	873	871	871	22	22	32	32	202	202	174	174	5871	5871	5486	5486	2378	2378	2851	2851	41964	41964	34644	34644	6481	6481	4982	4982	146	146	157	157	4114	4114	1415	1415	456	456	3863	3863	401	401	92	92	620	620	809	809	119	119	27	27	325	325	491	491	1017	1017	582	582	230	230	117	117	200	200	228	228	2042	2042	1962	1962	6440	6440	900	900	295	295	101	101	7601	7601	11705	11705	29	29	78	78	160	160	212	212	89	89	202	202	165	165	41	41	1023	1023	599	599	17	17	52	52	1148	1148	1619	1619	1085	1085	3957	3957	57	57	78	78	22	22	30	30	7634	7634	3265	3265	13	13	19	19	7	7	14	14	128	128	99	99	1	1	5	5	5078	5078	3914	3914	7874	7874	7758	7758	95	95	251	251
IND00823	1115	1115	375	375	98	98	448	448	1356	1356	4153	4153	842	842	881	881	231	231	96	96	6015	6015	5608	5608	279	279	325	325	206	206	164	164	1631	1631	4238	4238	84	84	462	462	7757	7757	5803	5803	238	238	520	520	17	17	6	6	1	1	178	178	12093	12093	13385	13385	1845	1845	1275	1275	53562	53562	3806	3806	6331	6331	411	411	243	243	248	248	7411	7411	3442	3442	3396	3396	3037	3037	146	146	313	313	743	743	369	369	61	61	46	46	230	230	482	482	865	865	894	894	81	81	120	120	53	53	294	294	378	378	1427	1427	1695	1695	15581	15581	59	59	411	411	9213	9213	9807	9807	68	68	14	14	40	40	105	105	142	142	89	89	60	60	195	195	428	428	7	7	118	118	43	43	1608	1608	1835	1835	1833	1833	4084	4084	26	26	59	59	22	22	62	62	5578	5578	2132	2132	14	14	21	21	12	12	12	12	24	24	8	8	24	24	35	35	1660	1660	5965	5965	6553	6553	20511	20511	144	144	131	131
IND00824	593	593	1384	1384	416	416	396	396	1546	1546	2144	2144	727	727	884	884	39	39	81	81	1445	1445	8298	8298	1557	1557	890	890	305	305	185	185	5710	5710	7592	7592	850	850	13	13	6247	6247	4573	4573	775	775	554	554	42	42	52	52	76	76	156	156	8910	8910	3759	3759	3038	3038	856	856	39240	39240	50062	50062	69	69	1800	1800	167	167	78	78	884	884	7011	7011	2776	2776	3318	3318	200	200	357	357	575	575	771	771	11	11	94	94	190	190	388	388	637	637	672	672	6	6	102	102	448	448	822	822	226	226	1295	1295	9662	9662	5243	5243	175	175	484	484	8809	8809	9535	9535	99	99	18	18	206	206	24	24	235	235	216	216	91	91	121	121	42	42	784	784	123	123	62	62	1488	1488	3953	3953	3318	3318	2691	2691	109	109	22	22	39	39	63	63	6932	6932	2827	2827	12	12	15	15	16	16	5	5	5	5	36	36	37	37	47	47	803	803	819	819	18051	18051	16781	16781	242	242	249	249
IND00825	1856	1856	426	426	326	326	367	367	4306	4306	5305	5305	70	70	569	569	106	106	26	26	4486	4486	6410	6410	331	331	917	917	268	268	85	85	5209	5209	1934	1934	203	203	936	936	6610	6610	6511	6511	718	718	837	837	59	59	13	13	92	92	206	206	11027	11027	3065	3065	1293	1293	858	858	35339	35339	57845	57845	3519	3519	7288	7288	34	34	8	8	400	400	3766	3766	2118	2118	2667	2667	10	10	223	223	603	603	810	810	77	77	41	41	247	247	240	240	370	370	199	199	18	18	230	230	571	571	975	975	344	344	203	203	1163	1163	5960	5960	117	117	20	20	14132	14132	12696	12696	3	3	27	27	50	50	130	130	19	19	92	92	80	80	255	255	21	21	782	782	23	23	107	107	2492	2492	1586	1586	2662	2662	1217	1217	21	21	14	14	64	64	60	60	3314	3314	5515	5515	27	27	25	25	10	10	9	9	106	106	99	99	22	22	49	49	1886	1886	4591	4591	2403	2403	1330	1330	197	197	160	160
IND00826	1173	1173	307	307	345	345	339	339	4565	4565	5443	5443	176	176	292	292	134	134	25	25	1539	1539	15995	15995	1768	1768	1732	1732	307	307	511	511	581	581	8057	8057	959	959	533	533	6937	6937	6871	6871	946	946	258	258	9	9	59	59	19	19	67	67	3247	3247	4096	4096	601	601	363	363	3317	3317	32032	32032	1188	1188	1409	1409	121	121	122	122	7971	7971	7557	7557	2960	2960	2073	2073	392	392	469	469	281	281	156	156	93	93	11	11	347	347	177	177	820	820	812	812	134	134	221	221	185	185	486	486	355	355	1855	1855	7119	7119	11836	11836	405	405	274	274	9560	9560	3511	3511	15	15	42	42	23	23	12	12	186	186	120	120	210	210	196	196	264	264	448	448	53	53	68	68	3776	3776	691	691	3112	3112	355	355	118	118	11	11	60	60	9	9	4996	4996	3769	3769	9	9	28	28	13	13	7	7	91	91	33	33	11	11	13	13	756	756	2910	2910	4357	4357	4447	4447	178	178	55	55
IND00827	2011	2011	390	390	138	138	46	46	4366	4366	4141	4141	672	672	813	813	14	14	137	137	11845	11845	8485	8485	1598	1598	870	870	2	2	103	103	1835	1835	7034	7034	265	265	507	507	38	38	3839	3839	11	11	305	305	42	42	4	4	248	248	43	43	13734	13734	6949	6949	871	871	3482	3482	36653	36653	20464	20464	7617	7617	6005	6005	51	51	225	225	7488	7488	4504	4504	3344	3344	686	686	289	289	298	298	53	53	82	82	60	60	55	55	452	452	99	99	383	383	499	499	103	103	163	163	473	473	528	528	1995	1995	1339	1339	460	460	8580	8580	138	138	56	56	7147	7147	4090	4090	64	64	23	23	113	113	54	54	213	213	46	46	214	214	94	94	604	604	496	496	122	122	118	118	2932	2932	303	303	837	837	2671	2671	116	116	100	100	3	3	33	33	2965	2965	3488	3488	21	21	20	20	9	9	12	12	104	104	100	100	5	5	63	63	8113	8113	450	450	25858	25858	9596	9596	148	148	10	10
IND00828	718	718	962	962	143	143	426	426	5985	5985	5126	5126	664	664	794	794	95	95	23	23	3797	3797	11379	11379	996	996	1436	1436	11	11	89	89	2331	2331	5474	5474	428	428	317	317	1594	1594	7612	7612	394	394	960	960	17	17	56	56	93	93	95	95	10624	10624	3278	3278	857	857	1447	1447	19926	19926	30597	30597	4989	4989	3769	3769	199	199	229	229	527	527	3961	3961	3897	3897	1514	1514	90	90	369	369	589	589	995	995	53	53	5	5	487	487	384	384	819	819	832	832	75	75	38	38	322	322	102	102	1910	1910	164	164	13947	13947	7962	7962	10	10	48	48	6774	6774	16088	16088	40	40	38	38	179	179	76	76	86	86	204	204	41	41	146	146	793	793	969	969	44	44	108	108	803	803	2068	2068	3113	3113	3694	3694	18	18	28	28	55	55	8	8	421	421	3018	3018	23	23	21	21	2	2	5	5	86	86	127	127	23	23	17	17	2771	2771	7432	7432	7257	7257	28719	28719	139	139	239	239
IND00829	877	877	1624	1624	250	250	444	444	2304	2304	801	801	426	426	629	629	131	131	17	17	9672	9672	5776	5776	1948	1948	1872	1872	499	499	406	406	2179	2179	5675	5675	428	428	599	599	7463	7463	6838	6838	315	315	359	359	62	62	12	12	256	256	233	233	1981	1981	8790	8790	3045	3045	1960	1960	25746	25746	35255	35255	6459	6459	5483	5483	46	46	154	154	6609	6609	5947	5947	3813	3813	3436	3436	137	137	363	363	651	651	844	844	97	97	116	116	306	306	257	257	1016	1016	855	855	181	181	130	130	70	70	510	510	516	516	1319	1319	11593	11593	12086	12086	485	485	322	322	2589	2589	1490	1490	116	116	118	118	96	96	36	36	127	127	120	120	9	9	79	79	547	547	725	725	116	116	7	7	581	581	2359	2359	1810	1810	2577	2577	66	66	10	10	60	60	47	47	6747	6747	6837	6837	1	1	32	32	10	10	10	10	71	71	101	101	64	64	18	18	1978	1978	1676	1676	25762	25762	18205	18205	68	68	77	77
IND00830	1502	1502	936	936	395	395	508	508	6268	6268	3189	3189	42	42	909	909	45	45	103	103	6808	6808	4319	4319	1191	1191	1267	1267	128	128	204	204	1415	1415	1176	1176	65	65	988	988	1042	1042	7143	7143	596	596	134	134	47	47	51	51	243	243	151	151	5588	5588	8327	8327	1615	1615	367	367	6470	6470	5607	5607	5133	5133	7268	7268	151	151	207	207	188	188	5295	5295	1138	1138	1485	1485	407	407	502	502	449	449	392	392	43	43	36	36	370	370	325	325	973	973	414	414	228	228	59	59	295	295	132	132	1244	1244	1029	1029	4578	4578	7335	7335	62	62	500	500	7501	7501	14628	14628	126	126	101	101	125	125	31	31	151	151	14	14	6	6	10	10	178	178	193	193	49	49	82	82	24	24	1923	1923	3619	3619	153	153	44	44	5	5	18	18	25	25	2205	2205	4712	4712	7	7	29	29	15	15	10	10	36	36	87	87	60	60	11	11	345	345	1133	1133	7402	7402	13685	13685	160	160	61	61
IND00831	873	873	1678	1678	179	179	450	450	609	609	3408	3408	423	423	181	181	171	171	20	20	16057	16057	3329	3329	1793	1793	1763	1763	139	139	209	209	3460	3460	831	831	294	294	646	646	3582	3582	1661	1661	998	998	169	169	57	57	25	25	224	224	6	6	12942	12942	4425	4425	1922	1922	1540	1540	37469	37469	9190	9190	5739	5739	3136	3136	107	107	111	111	988	988	1896	1896	3217	3217	3413	3413	213	213	52	52	440	440	493	493	8	8	2	2	148	148	260	260	541	541	737	737	244	244	224	224	644	644	46	46	478	478	475	475	6318	6318	260	260	109	109	321	321	13600	13600	5307	5307	63	63	19	19	22	22	50	50	124	124	227	227	67	67	17	17	627	627	337	337	103	103	67	67	10	10	134	134	2758	2758	2277	2277	126	126	26	26	32	32	14	14	518	518	3793	3793	31	31	12	12	9	9	11	11	116	116	79	79	61	61	49	49	3572	3572	4104	4104	10594	10594	11317	11317	251	251	247	247
IND00832	1444	1444	1997	1997	242	242	112	112	7759	7759	2551	2551	532	532	256	256	35	35	134	134	3291	3291	13039	13039	883	883	1443	1443	300	300	309	309	7515	7515	6017	6017	392	392	927	927	428	428	6952	6952	233	233	459	459	50	50	53	53	194	194	57	57	12201	12201	11989	11989	3075	3075	2540	2540	60366	60366	48348	48348	6542	6542	1978	1978	48	48	42	42	6824	6824	2293	2293	2773	2773	2142	2142	262	262	357	357	822	822	1004	1004	109	109	23	23	425	425	102	102	218	218	730	730	55	55	172	172	435	435	331	331	253	253	1231	1231	2923	2923	4914	4914	77	77	414	414	5303	5303	7318	7318	103	103	3	3	158	158	93	93	251	251	139	139	54	54	72	72	461	461	490	490	56	56	71	71	1296	1296	3257	3257	1218	1218	465	465	122	122	28	28	30	30	21	21	4541	4541	7389	7389	3	3	30	30	9	9	10	10	98	98	30	30	49	49	59	59	122	122	2138	2138	11610	11610	2898	2898	243	243	184	184
IND00833	1129	1129	447	447	227	227	143	143	141	141	8030	8030	437	437	132	132	25	25	86	86	7385	7385	3224	3224	776	776	1337	1337	495	495	296	296	6380	6380	2053	2053	132	132	527	527	774	774	2816	2816	810	810	709	709	50	50	22	22	242	242	216	216	622	622	15779	15779	2618	2618	2741	2741	19159	19159	11856	11856	5489	5489	2435	2435	57	57	201	201	3735	3735	277	277	3593	3593	1681	1681	219	219	194	194	734	734	975	975	62	62	34	34	485	485	187	187	789	789	906	906	41	41	242	242	425	425	797	797	1629	1629	1084	1084	14014	14014	14626	14626	209	209	304	304	3538	3538	16069	16069	60	60	57	57	135	135	104	104	26	26	235	235	196	196	53	53	837	837	292	292	64	64	68	68	3409	3409	155	155	531	531	516	516	80	80	92	92	5	5	20	20	6048	6048	231	231	8	8	11	11	6	6	5	5	11	11	45	45	10	10	64	64	3705	3705	1404	1404	5557	5557	27493	27493	121	121	71	71
IND00834	574	574	1557	1557	308	308	362	362	1744	1744	4833	4833	954	954	286	286	212	212	230	230	11393	11393	14683	14683	351	351	1899	1899	374	374	267	267	84	84	3104	3104	897	897	28	28	267	267	2161	2161	117	117	1005	1005	11	11	5	5	6	6	246	246	6263	6263	16137	16137	3347	3347	3253	3253	24721	24721	54671	54671	898	898	5656	5656	66	66	10	10	2046	2046	3499	3499	931	931	3105	3105	78	78	78	78	304	304	787	787	120	120	120	120	317	317	155	155	447	447	496	496	40	40	124	124	596	596	321	321	700	700	813	813	1195	1195	1274	1274	303	303	189	189	14995	14995	9186	9186	83	83	123	123	158	158	151	151	164	164	68	68	194	194	175	175	237	237	158	158	23	23	75	75	352	352	4067	4067	3528	3528	271	271	5	5	34	34	36	36	34	34	1691	1691	6746	6746	4	4	16	16	5	5	7	7	44	44	42	42	48	48	8	8	7848	7848	4446	4446	1076	1076	12440	12440	17	17	115	115
IND00835	1762	1762	128	128	329	329	359	359	4874	4874	4671	4671	535	535	587	587	136	136	182	182	9086	9086	731	731	927	927	2001	2001	119	119	480	480	5145	5145	4026	4026	133	133	577	577	6428	6428	5340	5340	170	170	374	374	8	8	26	26	226	226	226	226	15957	15957	10233	10233	3856	3856	2985	2985	55100	55100	46552	46552	7291	7291	2046	2046	7	7	85	85	808	808	5338	5338	2356	2356	2849	2849	196	196	123	123	829	829	712	712	37	37	36	36	292	292	92	92	110	110	850	850	204	204	202	202	689	689	525	525	246	246	534	534	2133	2133	8620	8620	257	257	213	213	12234	12234	6580	6580	30	30	91	91	124	124	66	66	95	95	182	182	125	125	43	43	529	529	998	998	84	84	42	42	3584	3584	624	624	2857	2857	967	967	95	95	33	33	45	45	59	59	3453	3453	3842	3842	1	1	5	5	8	8	1	1	44	44	111	111	60	60	49	49	6792	6792	7926	7926	15225	15225	13956	13956	176	176	21	21
IND00836	758	758	1761	1761	267	267	198	198	639	639	2253	2253	134	134	795	795	163	163	70	70	68	68	336	336	340	340	295	295	363	363	219	219	5509	5509	6193	6193	810	810	353	353	7176	7176	6154	6154	1024	1024	69	69	62	62	9	9	9	9	182	182	5110	5110	7406	7406	1625	1625	2805	2805	37180	37180	22922	22922	4757	4757	4543	4543	190	190	146	146	4253	4253	621	621	2488	2488	2255	2255	408	408	449	449	27	27	811	811	19	19	123	123	266	266	283	283	854	854	583	583	138	138	224	224	537	537	426	426	1712	1712	906	906	9991	9991	9528	9528	484	484	427	427	1236	1236	12812	12812	45	45	86	86	208	208	3	3	243	243	128	128	17	17	43	43	594	594	264	264	38	38	41	41	3887	3887	2147	2147	26	26	3336	3336	32	32	107	107	56	56	4	4	4940	4940	5	5	5	5	24	24	16	16	15	15	98	98	94	94	43	43	22	22	5326	5326	4074	4074	20463	20463	6421	6421	169	169	169	169
IND00837	868	868	358	358	383	383	491	491	6851	6851	2283	2283	614	614	449	449	246	246	212	212	4508	4508	13132	13132	599	599	356	356	424	424	142	142	733	733	3134	3134	572	572	239	239	5669	5669	3667	3667	475	475	778	778	36	36	14	14	163	163	79	79	7855	7855	6402	6402	3923	3923	953	953	40065	40065	15812	15812	630	630	5653	5653	206	206	83	83	1506	1506	2715	2715	3502	3502	3723	3723	209	209	152	152	804	804	456	456	46	46	73	73	236	236	228	228	373	373	646	646	100	100	30	30	294	294	806	806	354	354	1378	1378	5859	5859	3639	3639	51	51	235	235	2944	2944	8142	8142	68	68	86	86	172	172	253	253	161	161	154	154	59	59	198	198	60	60	754	754	102	102	4	4	3472	3472	904	904	3298	3298	1739	1739	42	42	77	77	39	39	15	15	4373	4373	7533	7533	28	28	20	20	11	11	7	7	50	50	60	60	21	21	62	62	1877	1877	3909	3909	18885	18885	28125	28125	49	49	153	153
IND00838	1619	1619	792	792	381	381	14	14	4393	4393	769	769	820	820	682	682	26	26	40	40	10078	10078	11269	11269	1994	1994	350	350	44	44	452	452	6095	6095	1867	1867	113	113	38	38	3096	3096	5848	5848	760	760	43	43	41	41	26	26	118	118	28	28	6339	6339	14460	14460	2118	2118	2248	2248	59494	59494	61121	61121	7010	7010	7193	7193	230	230	131	131	2437	2437	6059	6059	366	366	3402	3402	27	27	512	512	799	799	910	910	65	65	109	109	134	134	242	242	699	699	319	319	71	71	153	153	578	578	836	836	1164	1164	1065	1065	10197	10197	13961	13961	59	59	382	382	11965	11965	9437	9437	69	69	20	20	189	189	94	94	148	148	13	13	198	198	253	253	544	544	90	90	3	3	61	61	1790	1790	134	134	4059	4059	1837	1837	37	37	37	37	6	6	7	7	5476	5476	3178	3178	14	14	19	19	3	3	4	4	44	44	11	11	48	48	4	4	4432	4432	3044	3044	31201	31201	18975	18975	241	241	144	144
IND00839	237	237	1105	1105	118	118	262	262	4155	4155	585	585	206	206	965	965	37	37	143	143	4932	4932	8923	8923	1007	1007	481	481	204	204	161	161	5073	5073	3237	3237	372	372	721	721	4721	4721	2826	2826	867	867	735	735	60	60	5	5	46	46	251	251	9953	9953	12370	12370	1524	1524	714	714	3975	3975	61116	61116	1013	1013	5339	5339	218	218	145	145	4218	4218	983	983	3940	3940	3915	3915	330	330	15	15	158	158	5	5	12	12	113	113	229	229	394	394	929	929	689	689	190	190	88	88	368	368	946	946	529	529	281	281	4695	4695	10955	10955	39	39	9	9	9928	9928	13743	13743	29	29	11	11	156	156	148	148	180	180	137	137	2	2	25	25	1018	1018	605	605	128	128	80	80	4083	4083	1174	1174	2680	2680	2555	2555	59	59	7	7	59	59	27	27	3692	3692	2942	2942	18	18	9	9	9	9	16	16	96	96	24	24	54	54	31	31	6023	6023	3517	3517	21987	21987	13966	13966	248	248	164	164
IND00840	1102	1102	1839	1839	33	33	182	182	6392	6392	2820	2820	612	612	887	887	97	97	137	137	3392	3392	3225	3225	534	534	34	34	449	449	96	96	1060	1060	7055	7055	1005	1005	708	708	1022	1022	6244	6244	605	605	796	796	58	58	54	54	249	249	221	221	6085	6085	5995	5995	756	756	3734	3734	8853	8853	7993	7993	7891	7891	6138	6138	132	132	185	185	2396	2396	2840	2840	3931	3931	3003	3003	245	245	221	221	957	957	598	598	29	29	89	89	13	13	255	255	862	862	46	46	134	134	192	192	551	551	226	226	1107	1107	1481	1481	10020	10020	8885	8885	98	98	374	374	14721	14721	1831	1831	31	31	70	70	229	229	193	193	180	180	175	175	82	82	230	230	588	588	987	987	51	51	80	80	2988	2988	3123	3123	1451	1451	1009	1009	54	54	13	13	59	59	36	36	2034	2034	55	55	21	21	8	8	2	2	8	8	27	27	119	119	20	20	46	46	835	835	7205	7205	8024	8024	14175	14175	216	216	13	13
IND00841	800	800	628	628	246	246	79	79	4366	4366	6670	6670	226	226	257	257	244	244	111	111	13484	13484	11975	11975	440	440	692	692	148	148	193	193	3050	3050	880	880	861	861	200	200	5750	5750	5437	5437	199	199	506	506	7	7	52	52	193	193	68	68	14771	14771	14411	14411	1661	1661	2343	2343	40966	40966	60659	60659	3864	3864	7854	7854	192	192	233	233	6104	6104	2626	2626	2651	2651	3167	3167	451	451	378	378	535	535	48	48	5	5	74	74	170	170	503	503	399	399	329	329	109	109	23	23	586	586	950	950	936	936	79	79	13713	13713	15764	15764	3	3	217	217	15025	15025	9730	9730	110	110	72	72	55	55	84	84	150	150	186	186	38	38	132	132	462	462	158	158	123	123	127	127	3208	3208	4006	4006	3587	3587	38	38	109	109	106	106	16	16	19	19	2584	2584	5869	5869	29	29	4	4	8	8	3	3	122	122	49	49	1	1	25	25	2665	2665	1928	1928	4672	4672	18149	18149	34	34	154	154
IND00842	753	753	445	445	136	136	101	101	3250	3250	3999	3999	845	845	412	412	98	98	109	109	4519	4519	3719	3719	1692	1692	715	715	30	30	135	135	6577	6577	3975	3975	984	984	965	965	2793	2793	1690	1690	71	71	588	588	1	1	43	43	4	4	1	1	16113	16113	7019	7019	2650	2650	3510	3510	18881	18881	8418	8418	598	598	4384	4384	163	163	164	164	4191	4191	4781	4781	868	868	2899	2899	319	319	108	108	420	420	288	288	85	85	60	60	429	429	33	33	347	347	476	476	64	64	78	78	579	579	295	295	1475	1475	1918	1918	3998	3998	1654	1654	14	14	71	71	16218	16218	15035	15035	87	87	118	118	152	152	256	256	250	250	131	131	56	56	92	92	698	698	755	755	79	79	96	96	3142	3142	447	447	1784	1784	125	125	13	13	21	21	18	18	38	38	2232	2232	7947	7947	15	15	22	22	11	11	7	7	41	41	74	74	61	61	7	7	4319	4319	2386	2386	15893	15893	2259	2259	148	148	64	64
IND00843	592	592	14	14	41	41	5	5	7821	7821	4594	4594	807	807	750	750	252	252	146	146	13572	13572	13005	13005	674	674	1651	1651	69	69	164	164	3000	3000	1292	1292	135	135	904	904	1095	1095	2352	2352	168	168	577	577	53	53	31	31	130	130	17	17	6698	6698	6098	6098	3344	3344	2307	2307	57948	57948	6533	6533	3129	3129	7577	7577	60	60	32	32	7723	7723	6054	6054	3479	3479	2634	2634	5	5	89	89	517	517	227	227	27	27	40	40	144	144	180	180	820	820	217	217	248	248	251	251	639	639	289	289	941	941	1598	1598	10233	10233	15318	15318	64	64	407	407	8494	8494	12702	12702	94	94	93	93	76	76	204	204	13	13	233	233	104	104	91	91	188	188	982	982	34	34	27	27	2527	2527	2937	2937	2151	2151	3371	3371	93	93	62	62	50	50	45	45	6432	6432	6581	6581	13	13	26	26	4	4	4	4	30	30	43	43	44	44	53	53	4092	4092	1754	1754	27188	27188	3857	3857	136	136	112	112
IND00844	1931	1931	1005	1005	43	43	217	217	7844	7844	3051	3051	729	729	220	220	82	82	162	162	12871	12871	13911	13911	35	35	220	220	94	94	76	76	5330	5330	3588	3588	683	683	145	145	2572	2572	7496	7496	103	103	940	940	48	48	62	62	46	46	222	222	3403	3403	11639	11639	3220	3220	3806	3806	45176	45176	21241	21241	4009	4009	4129	4129	113	113	232	232	3580	3580	1921	1921	1261	1261	3243	3243	66	66	87	87	254	254	367	367	63	63	2	2	268	268	505	505	291	291	723	723	201	201	222	222	31	31	534	534	190	190	1492	1492	14772	14772	2176	2176	164	164	484	484	15596	15596	10924	10924	15	15	97	97	233	233	32	32	66	66	98	98	148	148	95	95	863	863	437	437	23	23	68	68	3605	3605	3808	3808	1878	1878	3326	3326	76	76	24	24	50	50	4	4	5071	5071	2454	2454	30	30	15	15	14	14	6	6	17	17	46	46	24	24	18	18	3675	3675	7951	7951	8583	8583	9374	9374	25	25	194	194
IND00845	720	720	336	336	39	39	506	506	5453	5453	5347	5347	445	445	823	823	30	30	122	122	9228	9228	6566	6566	1713	1713	2000	2000	366	366	375	375	7205	7205	6234	6234	377	377	819	819	2504	2504	2802	2802	263	263	537	537	25	25	13	13	244	244	127	127	6188	6188	12493	12493	1639	1639	294	294	60352	60352	37022	37022	3255	3255	2641	2641	179	179	172	172	2723	2723	6334	6334	675	675	4085	4085	240	240	10	10	476	476	604	604	63	63	65	65	417	417	402	402	977	977	250	250	229	229	141	141	18	18	1018	1018	1596	1596	166	166	14834	14834	3737	3737	356	356	102	102	12941	12941	15954	15954	19	19	94	94	41	41	175	175	110	110	74	74	131	131	83	83	761	761	334	334	121	121	115	115	3210	3210	2961	2961	2972	2972	3696	3696	123	123	90	90	13	13	30	30	8153	8153	7523	7523	10	10	3	3	11	11	3	3	13	13	20	20	7	7	32	32	7815	7815	1643	1643	12683	12683	24732	24732	209	209	93	93
IND00846	1277	1277	528	528	379	379	195	195	1392	1392	2328	2328	37	37	510	510	203	203	217	217	8283	8283	9407	9407	2012	2012	523	523	332	332	483	483	1893	1893	816	816	802	802	116	116	6962	6962	7925	7925	442	442	112	112	21	21	35	35	226	226	186	186	3135	3135	5498	5498	863	863	3647	3647	47567	47567	9078	9078	3256	3256	2297	2297	117	117	176	176	2497	2497	4076	4076	227	227	3367	3367	229	229	46	46	880	880	985	985	56	56	40	40	333	333	328	328	747	747	660	660	4	4	30	30	457	457	855	855	1255	1255	315	315	5223	5223	11732	11732	339	339	240	240	3665	3665	10688	10688	119	119	108	108	9	9	27	27	45	45	175	175	115	115	187	187	211	211	331	331	90	90	21	21	1247	1247	3669	3669	810	810	1500	1500	120	120	47	47	55	55	38	38	2142	2142	6633	6633	32	32	23	23	14	14	8	8	30	30	21	21	59	59	14	14	1598	1598	6652	6652	911	911	29954	29954	164	164	99	99
IND00847	1336	1336	1787	1787	1	1	420	420	5039	5039	8069	8069	728	728	661	661	129	129	131	131	2376	2376	9241	9241	915	915	1392	1392	62	62	96	96	1799	1799	7441	7441	484	484	921	921	829	829	2654	2654	692	692	623	623	5	5	6	6	158	158	61	61	7759	7759	13233	13233	1212	1212	2986	2986	23706	23706	47313	47313	52	52	6306	6306	141	141	191	191	1570	1570	6322	6322	3106	3106	3507	3507	43	43	325	325	198	198	916	916	122	122	18	18	25	25	381	381	95	95	944	944	110	110	58	58	182	182	424	424	1277	1277	738	738	9386	9386	2483	2483	355	355	512	512	15545	15545	4516	4516	77	77	29	29	86	86	145	145	172	172	162	162	120	120	57	57	505	505	345	345	39	39	7	7	765	765	573	573	1010	1010	1864	1864	4	4	37	37	17	17	40	40	1585	1585	5753	5753	7	7	13	13	6	6	6	6	122	122	39	39	12	12	7	7	7182	7182	7484	7484	15888	15888	32662	32662	205	205	16	16
IND00848	1710	1710	1263	1263	422	422	379	379	1340	1340	6509	6509	973	973	73	73	220	220	161	161	14510	14510	9364	9364	414	414	338	338	450	450	510	510	2344	2344	2968	2968	492	492	189	189	2152	2152	1177	1177	1019	1019	493	493	17	17	29	29	153	153	5	5	6662	6662	11018	11018	527	527	1769	1769	63293	63293	64572	64572	5776	5776	4429	4429	250	250	179	179	3107	3107	4417	4417	3029	3029	2719	2719	322	322	3	3	693	693	909	909	111	111	103	103	217	217	149	149	871	871	1001	1001	162	162	24	24	798	798	12	12	706	706	607	607	8490	8490	8177	8177	78	78	441	441	5102	5102	14702	14702	103	103	33	33	57	57	193	193	112	112	44	44	90	90	240	240	619	619	225	225	60	60	49	49	395	395	1895	1895	1593	1593	837	837	18	18	119	119	28	28	36	36	3003	3003	4696	4696	25	25	24	24	9	9	6	6	15	15	45	45	37	37	16	16	989	989	5917	5917	32317	32317	21139	21139	36	36	119	119
IND00849	730	730	567	567	415	415	509	509	7029	7029	4295	4295	502	502	291	291	99	99	50	50	9871	9871	4814	4814	998	998	212	212	248	248	483	483	6274	6274	5745	5745	973	973	381	381	3626	3626	2926	2926	2	2	638	638	22	22	9	9	180	180	91	91	10662	10662	8907	8907	3389	3389	812	812	45222	45222	25552	25552	3067	3067	2899	2899	159	159	67	67	3702	3702	7231	7231	1509	1509	3806	3806	16	16	211	211	1000	1000	584	584	14	14	33	33	444	444	90	90	490	490	335	335	124	124	96	96	877	877	493	493	625	625	1282	1282	13908	13908	6461	6461	233	233	184	184	432	432	14618	14618	5	5	89	89	218	218	98	98	37	37	73	73	238	238	72	72	73	73	1017	1017	76	76	20	20	3511	3511	459	459	2277	2277	3408	3408	34	34	94	94	17	17	12	12	2292	2292	1144	1144	4	4	26	26	14	14	2	2	5	5	67	67	8	8	3	3	7046	7046	6701	6701	19903	19903	4237	4237	133	133	136	136
IND00850	204	204	651	651	473	473	112	112	6279	6279	743	743	592	592	632	632	142	142	200	200	16220	16220	13232	13232	1333	1333	2039	2039	333	333	494	494	7302	7302	3525	3525	403	403	930	930	3362	3362	5269	5269	586	586	459	459	40	40	9	9	107	107	158	158	16112	16112	13019	13019	4006	4006	2643	2643	44829	44829	45297	45297	3966	3966	733	733	96	96	110	110	7278	7278	869	869	2079	2079	3662	3662	339	339	510	510	80	80	241	241	41	41	107	107	24	24	294	294	171	171	823	823	74	74	67	67	220	220	274	274	982	982	1760	1760	401	401	16119	16119	262	262	144	144	15409	15409	5826	5826	90	90	4	4	127	127	107	107	114	114	129	129	226	226	98	98	197	197	571	571	9	9	100	100	1876	1876	1533	1533	641	641	2129	2129	100	100	20	20	48	48	29	29	3781	3781	2486	2486	20	20	17	17	8	8	12	12	73	73	82	82	44	44	17	17	3742	3742	7490	7490	30975	30975	10769	10769	11	11	31	31
IND00851	1708	1708	1036	1036	45	45	11	11	3995	3995	1718	1718	57	57	974	974	105	105	90	90	5781	5781	10520	10520	219	219	1576	1576	53	53	409	409	4056	4056	780	780	857	857	470	470	2455	2455	4815	4815	308	308	43	43	51	51	14	14	171	171	206	206	8177	8177	10641	10641	2393	2393	1239	1239	53144	53144	41109	41109	6111	6111	5343	5343	203	203	220	220	2375	2375	890	890	2330	2330	3822	3822	439	439	65	65	118	118	707	707	42	42	80	80	427	427	221	221	31	31	652	652	16	16	12	12	970	970	195	195	583	583	229	229	11778	11778	7556	7556	389	389	382	382	4966	4966	15157	15157	60	60	89	89	136	136	149	149	39	39	223	223	84	84	121	121	370	370	937	937	107	107	59	59	2976	2976	623	623	2225	2225	290	290	38	38	1	1	9	9	11	11	1971	1971	6726	6726	8	8	24	24	9	9	8	8	49	49	103	103	46	46	54	54	16	16	2753	2753	6151	6151	32045	32045	172	172	197	197
IND00852	90	90	1783	1783	349	349	32	32	498	498	6331	6331	335	335	260	260	245	245	78	78	8184	8184	15058	15058	1861	1861	868	868	388	388	327	327	3529	3529	1158	1158	4	4	848	848	4054	4054	5469	5469	85	85	139	139	3	3	22	22	92	92	221	221	9901	9901	7896	7896	2316	2316	4043	4043	42213	42213	538	538	246	246	4205	4205	3	3	67	67	6526	6526	678	678	2291	2291	2607	2607	215	215	394	394	375	375	638	638	102	102	56	56	261	261	121	121	739	739	706	706	94	94	22	22	268	268	896	896	1087	1087	1283	1283	7407	7407	10825	10825	427	427	283	283	11696	11696	8576	8576	65	65	98	98	166	166	28	28	106	106	26	26	136	136	27	27	326	326	478	478	22	22	44	44	1236	1236	1906	1906	127	127	3785	3785	116	116	86	86	29	29	54	54	2852	2852	3575	3575	24	24	5	5	9	9	14	14	58	58	17	17	17	17	8	8	996	996	156	156	28955	28955	3832	3832	115	115	7	7
IND00853	972	972	1108	1108	371	371	182	182	2962	2962	5007	5007	1007	1007	69	69	148	148	50	50	57	57	3006	3006	1010	1010	1320	1320	368	368	488	488	2139	2139	5433	5433	644	644	304	304	4032	4032	3734	3734	921	921	307	307	36	36	59	59	77	77	203	203	7206	7206	1011	1011	1023	1023	1967	1967	16512	16512	36854	36854	1295	1295	2093	2093	109	109	49	49	2251	2251	4536	4536	921	921	3572	3572	103	103	326	326	272	272	672	672	42	42	70	70	63	63	193	193	643	643	456	456	155	155	203	203	417	417	439	439	507	507	1780	1780	11566	11566	14467	14467	22	22	338	338	12768	12768	5628	5628	86	86	106	106	231	231	147	147	72	72	95	95	180	180	200	200	317	317	685	685	122	122	56	56	112	112	2511	2511	371	371	2765	2765	114	114	117	117	15	15	53	53	8010	8010	3821	3821	19	19	4	4	8	8	5	5	13	13	5	5	14	14	20	20	2324	2324	6396	6396	19390	19390	18888	18888	229	229	41	41
IND00854	267	267	1892	1892	328	328	163	163	7431	7431	6704	6704	26	26	222	222	81	81	200	200	11778	11778	5514	5514	891	891	173	173	270	270	298	298	3134	3134	3452	3452	590	590	99	99	5362	5362	4505	4505	455	455	840	840	49	49	17	17	20	20	192	192	13697	13697	3845	3845	3892	3892	2883	2883	40724	40724	36191	36191	7597	7597	435	435	5	5	121	121	6550	6550	5101	5101	2207	2207	670	670	6	6	385	385	928	928	369	369	43	43	128	128	288	288	3	3	359	359	311	311	104	104	79	79	225	225	978	978	346	346	425	425	6884	6884	15616	15616	276	276	116	116	11355	11355	14499	14499	120	120	110	110	158	158	100	100	60	60	75	75	29	29	8	8	962	962	758	758	38	38	50	50	378	378	2074	2074	2756	2756	2728	2728	4	4	69	69	64	64	20	20	3455	3455	7068	7068	13	13	16	16	8	8	5	5	48	48	62	62	52	52	42	42	5655	5655	7912	7912	26940	26940	23761	23761	209	209	249	249
IND00855	702	702	1229	1229	290	290	307	307	7244	7244	7000	7000	448	448	478	478	5	5	124	124	7519	7519	9287	9287	1810	1810	1376	1376	218	218	504	504	574	574	7452	7452	284	284	420	420	3257	3257	48	48	836	836	285	285	33	33	38	38	171	171	131	131	16342	16342	16367	16367	1167	1167	2306	2306	15514	15514	8347	8347	4544	4544	5442	5442	27	27	144	144	6158	6158	4479	4479	3483	3483	1360	1360	250	250	375	375	132	132	548	548	10	10	22	22	97	97	169	169	793	793	983	983	6	6	205	205	714	714	629	629	1574	1574	1882	1882	1340	1340	15041	15041	60	60	413	413	7635	7635	13200	13200	54	54	70	70	143	143	149	149	195	195	9	9	230	230	55	55	504	504	704	704	2	2	10	10	2554	2554	1954	1954	1271	1271	723	723	24	24	91	91	62	62	34	34	1736	1736	6361	6361	16	16	18	18	6	6	14	14	23	23	43	43	51	51	23	23	7262	7262	3116	3116	4913	4913	18686	18686	51	51	245	245
IND00856	1697	1697	1046	1046	110	110	1	1	2418	2418	5884	5884	384	384	643	643	194	194	185	185	2557	2557	10598	10598	1973	1973	1744	1744	59	59	45	45	2956	2956	7311	7311	848	848	862	862	5303	5303	4749	4749	1012	1012	108	108	1	1	6	6	44	44	189	189	1084	1084	7299	7299	2048	2048	1884	1884	2784	2784	33615	33615	4678	4678	5188	5188	45	45	123	123	4065	4065	4131	4131	4039	4039	1726	1726	429	429	266	266	982	982	557	557	5	5	49	49	311	311	355	355	1015	1015	417	417	23	23	3	3	526	526	740	740	1251	1251	133	133	10376	10376	4659	4659	383	383	450	450	14804	14804	3042	3042	15	15	57	57	156	156	84	84	32	32	195	195	112	112	187	187	201	201	1010	1010	11	11	128	128	2293	2293	1954	1954	1153	1153	2105	2105	64	64	90	90	3	3	27	27	6001	6001	5807	5807	11	11	27	27	3	3	1	1	76	76	6	6	16	16	18	18	8128	8128	1606	1606	11691	11691	32077	32077	108	108	59	59
IND00857	760	760	1892	1892	421	421	322	322	480	480	4472	4472	758	758	261	261	236	236	118	118	5406	5406	11486	11486	801	801	1066	1066	378	378	25	25	1990	1990	573	573	137	137	857	857	8072	8072	1304	1304	639	639	505	505	31	31	23	23	166	166	231	231	8589	8589	10430	10430	2091	2091	974	974	39446	39446	18588	18588	3331	3331	7970	7970	159	159	234	234	2762	2762	4872	4872	2461	2461	2999	2999	292	292	74	74	429	429	41	41	127	127	84	84	234	234	428	428	255	255	172	172	120	120	124	124	702	702	55	55	612	612	141	141	1619	1619	12808	12808	348	348	118	118	6195	6195	8589	8589	62	62	128	128	216	216	182	182	175	175	161	161	32	32	61	61	905	905	34	34	125	125	115	115	3079	3079	3706	3706	3999	3999	3689	3689	42	42	68	68	4	4	14	14	1510	1510	1826	1826	18	18	24	24	13	13	6	6	110	110	75	75	28	28	64	64	6101	6101	7831	7831	24302	24302	16529	16529	34	34	58	58
IND00858	807	807	1337	1337	398	398	273	273	5587	5587	2370	2370	52	52	13	13	130	130	4	4	1067	1067	8580	8580	135	135	843	843	140	140	489	489	3771	3771	1213	1213	494	494	769	769	1981	1981	2470	2470	855	855	264	264	7	7	24	24	230	230	149	149	11438	11438	15063	15063	2815	2815	2165	2165	65435	65435	5849	5849	5142	5142	2488	2488	31	31	64	64	2220	2220	6681	6681	2214	2214	3220	3220	110	110	253	253	522	522	594	594	68	68	48	48	162	162	215	215	650	650	173	173	246	246	46	46	487	487	800	800	1433	1433	1402	1402	2396	2396	1368	1368	39	39	305	305	1737	1737	5582	5582	66	66	21	21	148	148	234	234	97	97	16	16	15	15	106	106	413	413	55	55	79	79	35	35	2610	2610	63	63	919	919	3143	3143	98	98	60	60	29	29	46	46	610	610	4602	4602	19	19	18	18	9	9	6	6	99	99	105	105	31	31	1	1	4917	4917	313	313	25254	25254	14808	14808	205	205	126	126
IND00859	247	247	1036	1036	160	160	106	106	2495	2495	6069	6069	467	467	246	246	73	73	141	141	9654	9654	10220	10220	321	321	1391	1391	485	485	495	495	565	565	2215	2215	34	34	958	958	2246	2246	7531	7531	349	349	462	462	49	49	44	44	16	16	115	115	9883	9883	6062	6062	471	471	2202	2202	40009	40009	14340	14340	179	179	787	787	45	45	19	19	6213	6213	6291	6291	123	123	3338	3338	101	101	111	111	73	73	588	588	119	119	112	112	307	307	50	50	855	855	173	173	167	167	20	20	65	65	761	761	358	358	1791	1791	15687	15687	14045	14045	188	188	209	209	7140	7140	15054	15054	5	5	113	113	183	183	159	159	177	177	246	246	163	163	126	126	578	578	553	553	69	69	116	116	589	589	203	203	1320	1320	1795	1795	63	63	29	29	29	29	21	21	744	744	4239	4239	14	14	3	3	4	4	4	4	85	85	110	110	62	62	2	2	5316	5316	3041	3041	7935	7935	26136	26136	142	142	155	155
IND00860	810	810	1692	1692	196	196	488	488	5150	5150	6495	6495	833	833	536	536	5	5	148	148	15327	15327	7243	7243	2040	2040	1899	1899	250	250	45	45	5951	5951	1365	1365	429	429	332	332	3082	3082	6735	6735	353	353	863	863	26	26	16	16	137	137	222	222	7725	7725	4838	4838	2373	2373	2679	2679	27505	27505	28512	28512	6530	6530	1924	1924	167	167	254	254	3750	3750	2905	2905	2792	2792	2706	2706	211	211	306	306	858	858	782	782	96	96	120	120	500	500	33	33	352	352	335	335	38	38	213	213	508	508	661	661	1901	1901	376	376	74	74	11673	11673	373	373	431	431	2163	2163	3542	3542	19	19	110	110	58	58	200	200	3	3	69	69	36	36	211	211	819	819	33	33	13	13	113	113	1137	1137	3049	3049	513	513	1163	1163	3	3	29	29	17	17	46	46	2203	2203	6999	6999	3	3	19	19	13	13	3	3	51	51	1	1	48	48	54	54	4898	4898	3929	3929	32203	32203	5552	5552	192	192	43	43
IND00861	1769	1769	1655	1655	291	291	258	258	4318	4318	6385	6385	91	91	413	413	129	129	3	3	14310	14310	7600	7600	508	508	571	571	251	251	257	257	8083	8083	1761	1761	889	889	700	700	5271	5271	70	70	87	87	551	551	56	56	1	1	81	81	50	50	8861	8861	2637	2637	1987	1987	205	205	26725	26725	15441	15441	5562	5562	7740	7740	225	225	204	204	4521	4521	6357	6357	1787	1787	2099	2099	414	414	336	336	555	555	857	857	79	79	47	47	109	109	378	378	944	944	552	552	50	50	221	221	362	362	584	584	1924	1924	1836	1836	11420	11420	13769	13769	409	409	27	27	481	481	3013	3013	14	14	79	79	135	135	13	13	120	120	219	219	51	51	232	232	925	925	858	858	52	52	74	74	2510	2510	715	715	776	776	1924	1924	28	28	61	61	4	4	11	11	7631	7631	5903	5903	14	14	3	3	13	13	3	3	83	83	84	84	48	48	59	59	6707	6707	6025	6025	25051	25051	294	294	126	126	6	6
IND00862	124	124	845	845	346	346	139	139	3129	3129	6423	6423	363	363	119	119	51	51	166	166	976	976	5012	5012	1940	1940	288	288	258	258	119	119	3895	3895	3738	3738	408	408	378	378	839	839	3047	3047	219	219	410	410	51	51	6	6	46	46	46	46	7787	7787	12681	12681	3128	3128	3799	3799	39203	39203	11832	11832	2690	2690	2549	2549	97	97	73	73	6343	6343	4028	4028	2166	2166	1606	1606	363	363	25	25	672	672	613	613	13	13	111	111	169	169	152	152	601	601	46	46	218	218	6	6	841	841	801	801	564	564	1949	1949	56	56	14562	14562	303	303	198	198	13875	13875	15101	15101	47	47	44	44	63	63	172	172	183	183	200	200	209	209	14	14	81	81	799	799	97	97	69	69	2290	2290	75	75	855	855	283	283	79	79	2	2	9	9	35	35	6386	6386	1265	1265	2	2	8	8	3	3	11	11	103	103	68	68	32	32	4	4	7822	7822	5584	5584	4235	4235	20152	20152	174	174	98	98
IND00863	426	426	459	459	130	130	24	24	4068	4068	5387	5387	904	904	768	768	163	163	39	39	13973	13973	14955	14955	1758	1758	364	364	22	22	299	299	1917	1917	1382	1382	192	192	426	426	4032	4032	992	992	600	600	657	657	60	60	36	36	87	87	173	173	10654	10654	855	855	2389	2389	1165	1165	14500	14500	6180	6180	5922	5922	5069	5069	214	214	48	48	6314	6314	3984	3984	2006	2006	3982	3982	493	493	351	351	818	818	698	698	6	6	108	108	349	349	381	381	369	369	403	403	195	195	235	235	215	215	733	733	882	882	113	113	412	412	16296	16296	4	4	87	87	14646	14646	13482	13482	95	95	80	80	235	235	132	132	164	164	27	27	67	67	235	235	465	465	348	348	104	104	17	17	2887	2887	2770	2770	1425	1425	635	635	15	15	8	8	3	3	1	1	1155	1155	5283	5283	3	3	32	32	15	15	3	3	96	96	88	88	26	26	62	62	1925	1925	4236	4236	24311	24311	12420	12420	212	212	94	94
IND00864	953	953	471	471	250	250	25	25	3836	3836	2948	2948	632	632	365	365	227	227	106	106	5657	5657	1531	1531	813	813	550	550	361	361	466	466	4381	4381	715	715	17	17	661	661	5899	5899	1022	1022	767	767	304	304	3	3	4	4	23	23	171	171	12341	12341	8599	8599	1859	1859	3789	3789	32193	32193	36427	36427	3627	3627	5282	5282	246	246	85	85	644	644	442	442	3850	3850	2238	2238	323	323	3	3	168	168	14	14	68	68	45	45	103	103	209	209	122	122	596	596	231	231	132	132	308	308	569	569	1986	1986	659	659	6953	6953	4680	4680	428	428	350	350	7573	7573	3346	3346	36	36	1	1	153	153	187	187	161	161	214	214	64	64	62	62	658	658	243	243	20	20	70	70	1541	1541	2467	2467	1261	1261	100	100	107	107	49	49	63	63	10	10	5969	5969	5247	5247	1	1	5	5	15	15	14	14	41	41	21	21	15	15	30	30	2231	2231	4517	4517	13654	13654	11080	11080	226	226	23	23
IND00865	1630	1630	150	150	315	315	405	405	4622	4622	7926	7926	367	367	919	919	252	252	123	123	6147	6147	2778	2778	70	70	9	9	293	293	450	450	681	681	7143	7143	752	752	726	726	4822	4822	2674	2674	396	396	139	139	52	52	38	38	227	227	65	65	4398	4398	4486	4486	2591	2591	2817	2817	63469	63469	37557	37557	6814	6814	1965	1965	120	120	190	190	755	755	6307	6307	1840	1840	173	173	179	179	278	278	138	138	553	553	118	118	95	95	71	71	508	508	156	156	359	359	151	151	1	1	416	416	892	892	1809	1809	1006	1006	11064	11064	7156	7156	421	421	332	332	5267	5267	13819	13819	97	97	121	121	91	91	48	48	202	202	134	134	238	238	221	221	325	325	927	927	44	44	122	122	2965	2965	1645	1645	3261	3261	2416	2416	103	103	100	100	29	29	20	20	6171	6171	4892	4892	9	9	14	14	9	9	13	13	116	116	81	81	12	12	45	45	6643	6643	2123	2123	26880	26880	717	717	103	103	19	19
IND00866	41	41	1257	1257	253	253	142	142	321	321	4029	4029	30	30	523	523	207	207	95	95	559	559	10358	10358	207	207	338	338	180	180	447	447	5594	5594	529	529	1016	1016	66	66	7346	7346	284	284	183	183	847	847	36	36	2	2	171	171	172	172	10507	10507	8116	8116	1400	1400	1267	1267	9255	9255	58961	58961	6777	6777	5122	5122	220	220	187	187	5810	5810	6403	6403	1970	1970	154	154	169	169	292	292	721	721	49	49	90	90	53	53	374	374	115	115	146	146	888	888	231	231	156	156	538	538	285	285	31	31	1642	1642	15466	15466	5720	5720	30	30	261	261	9655	9655	2226	2226	76	76	123	123	5	5	110	110	121	121	240	240	102	102	213	213	9	9	640	640	124	124	6	6	907	907	1487	1487	3151	3151	2863	2863	90	90	123	123	51	51	9	9	688	688	1741	1741	10	10	32	32	14	14	13	13	91	91	19	19	8	8	61	61	6017	6017	4831	4831	15108	15108	20468	20468	208	208	43	43
IND00867	102	102	906	906	504	504	465	465	5778	5778	2397	2397	783	783	95	95	154	154	94	94	3325	3325	1475	1475	862	862	815	815	501	501	504	504	2811	2811	2767	2767	90	90	557	557	6625	6625	5357	5357	362	362	672	672	14	14	46	46	35	35	72	72	629	629	14573	14573	2166	2166	3684	3684	22412	22412	2791	2791	6345	6345	2390	2390	227	227	65	65	3512	3512	1516	1516	2987	2987	2868	2868	469	469	411	411	740	740	779	779	73	73	23	23	159	159	281	281	287	287	172	172	153	153	97	97	349	349	226	226	874	874	112	112	16206	16206	1486	1486	443	443	469	469	15949	15949	5472	5472	45	45	59	59	249	249	197	197	56	56	30	30	182	182	194	194	246	246	98	98	124	124	41	41	3992	3992	2105	2105	2221	2221	1092	1092	95	95	102	102	47	47	7	7	1893	1893	3107	3107	32	32	24	24	11	11	6	6	87	87	119	119	16	16	54	54	7111	7111	5890	5890	14155	14155	19017	19017	166	166	175	175
IND00868	363	363	36	36	442	442	488	488	7598	7598	4751	4751	367	367	956	956	21	21	223	223	13629	13629	9288	9288	1360	1360	14	14	241	241	258	258	1156	1156	5862	5862	723	723	136	136	4017	4017	2593	2593	218	218	747	747	37	37	19	19	13	13	82	82	5260	5260	5902	5902	1567	1567	749	749	7709	7709	52177	52177	1530	1530	2982	2982	83	83	50	50	284	284	8140	8140	2838	2838	63	63	102	102	425	425	668	668	243	243	57	57	52	52	158	158	40	40	655	655	403	403	116	116	33	33	946	946	535	535	96	96	168	168	6512	6512	5897	5897	222	222	164	164	12838	12838	9659	9659	9	9	53	53	38	38	85	85	250	250	124	124	116	116	76	76	272	272	715	715	127	127	71	71	4050	4050	2573	2573	3848	3848	2860	2860	61	61	51	51	31	31	53	53	4125	4125	7645	7645	22	22	13	13	5	5	16	16	106	106	30	30	57	57	14	14	3091	3091	6555	6555	19326	19326	5938	5938	142	142	196	196
IND00869	139	139	1783	1783	143	143	89	89	4592	4592	6370	6370	381	381	389	389	72	72	120	120	10804	10804	5062	5062	776	776	499	499	242	242	424	424	3753	3753	4696	4696	973	973	272	272	3885	3885	2935	2935	243	243	509	509	62	62	11	11	148	148	127	127	5617	5617	10409	10409	11	11	21	21	7015	7015	46503	46503	1379	1379	7974	7974	6	6	125	125	5791	5791	2268	2268	95	95	466	466	281	281	43	43	257	257	215	215	30	30	4	4	70	70	132	132	375	375	480	480	239	239	57	57	283	283	438	438	352	352	330	330	7692	7692	5416	5416	422	422	72	72	9154	9154	1722	1722	72	72	122	122	65	65	150	150	117	117	173	173	234	234	212	212	57	57	374	374	70	70	4	4	2447	2447	2731	2731	1502	1502	1398	1398	61	61	20	20	13	13	24	24	7108	7108	1828	1828	12	12	32	32	7	7	3	3	28	28	20	20	21	21	47	47	4125	4125	7788	7788	21155	21155	24146	24146	26	26	77	77
IND00870	1175	1175	391	391	98	98	289	289	3083	3083	5670	5670	1010	1010	981	981	95	95	58	58	3649	3649	3573	3573	1851	1851	1621	1621	15	15	492	492	1008	1008	1795	1795	479	479	600	600	6188	6188	5910	5910	904	904	808	808	1	1	2	2	5	5	182	182	4474	4474	5106	5106	2160	2160	1360	1360	24110	24110	23732	23732	805	805	2145	2145	103	103	68	68	7723	7723	7832	7832	1891	1891	1893	1893	145	145	207	207	654	654	536	536	111	111	43	43	292	292	253	253	5	5	472	472	18	18	223	223	732	732	54	54	1709	1709	468	468	15394	15394	6212	6212	455	455	17	17	13929	13929	8542	8542	59	59	77	77	235	235	24	24	1	1	117	117	16	16	63	63	563	563	665	665	41	41	33	33	1289	1289	1608	1608	2467	2467	1853	1853	10	10	116	116	48	48	49	49	4592	4592	290	290	8	8	5	5	13	13	3	3	39	39	11	11	36	36	50	50	6342	6342	5046	5046	8369	8369	10195	10195	175	175	173	173
IND00871	1187	1187	1162	1162	254	254	450	450	5925	5925	8161	8161	421	421	53	53	123	123	97	97	107	107	13787	13787	421	421	1601	1601	34	34	269	269	6762	6762	5651	5651	92	92	693	693	6301	6301	5278	5278	963	963	384	384	29	29	26	26	166	166	68	68	14861	14861	8539	8539	1087	1087	104	104	64540	64540	12340	12340	2802	2802	5517	5517	161	161	208	208	2843	2843	578	578	2051	2051	1628	1628	404	404	235	235	999	999	25	25	78	78	13	13	151	151	484	484	821	821	760	760	196	196	191	191	259	259	1009	1009	1268	1268	742	742	10298	10298	8255	8255	275	275	420	420	7461	7461	7146	7146	16	16	33	33	189	189	136	136	188	188	140	140	176	176	12	12	218	218	148	148	13	13	22	22	3396	3396	803	803	3292	3292	1227	1227	87	87	101	101	11	11	42	42	4090	4090	6661	6661	29	29	9	9	14	14	2	2	38	38	52	52	60	60	19	19	945	945	4145	4145	13508	13508	19428	19428	254	254	253	253
IND00872	1009	1009	1814	1814	308	308	265	265	7280	7280	5976	5976	63	63	974	974	251	251	253	253	11466	11466	14980	14980	1046	1046	797	797	91	91	397	397	5052	5052	4715	4715	111	111	555	555	6639	6639	491	491	187	187	490	490	63	63	25	25	158	158	139	139	3352	3352	8311	8311	2804	2804	873	873	39563	39563	28934	28934	4297	4297	8048	8048	98	98	150	150	33	33	5172	5172	3214	3214	663	663	243	243	83	83	679	679	378	378	90	90	48	48	363	363	63	63	986	986	771	771	201	201	232	232	333	333	159	159	216	216	1726	1726	2011	2011	10834	10834	266	266	317	317	7587	7587	6509	6509	29	29	96	96	33	33	201	201	256	256	64	64	92	92	47	47	799	799	262	262	21	21	64	64	3504	3504	775	775	2761	2761	4037	4037	14	14	40	40	45	45	55	55	6042	6042	1525	1525	6	6	27	27	2	2	11	11	121	121	66	66	39	39	43	43	4508	4508	2792	2792	7519	7519	20160	20160	146	146	12	12
IND00873	745	745	815	815	46	46	348	348	7520	7520	3028	3028	451	451	632	632	49	49	132	132	13305	13305	14515	14515	497	497	845	845	30	30	199	199	6760	6760	327	327	10	10	92	92	3299	3299	3195	3195	722	722	769	769	14	14	41	41	92	92	85	85	1754	1754	15648	15648	3833	3833	827	827	4718	4718	52465	52465	5906	5906	2749	2749	61	61	16	16	6509	6509	1232	1232	3285	3285	4043	4043	319	319	472	472	221	221	144	144	44	44	40	40	124	124	235	235	685	685	782	782	15	15	107	107	842	842	478	478	534	534	1979	1979	13409	13409	7097	7097	27	27	507	507	14388	14388	9128	9128	34	34	111	111	136	136	50	50	54	54	165	165	54	54	223	223	534	534	841	841	24	24	80	80	1706	1706	1578	1578	2739	2739	73	73	2	2	82	82	9	9	56	56	4451	4451	2136	2136	1	1	28	28	1	1	10	10	112	112	24	24	48	48	9	9	3550	3550	4380	4380	28131	28131	2689	2689	112	112	219	219
IND00874	1919	1919	989	989	413	413	504	504	5177	5177	2923	2923	6	6	719	719	213	213	116	116	12227	12227	9591	9591	829	829	1448	1448	437	437	20	20	5426	5426	7276	7276	932	932	15	15	399	399	7999	7999	868	868	813	813	29	29	22	22	176	176	144	144	8069	8069	5392	5392	3453	3453	4061	4061	33527	33527	26223	26223	5934	5934	4469	4469	8	8	161	161	2290	2290	6782	6782	3091	3091	1232	1232	223	223	245	245	613	613	490	490	120	120	74	74	487	487	241	241	200	200	294	294	187	187	162	162	806	806	174	174	1507	1507	846	846	10356	10356	2931	2931	198	198	288	288	8413	8413	12873	12873	80	80	42	42	200	200	227	227	38	38	114	114	65	65	199	199	330	330	1008	1008	121	121	24	24	2926	2926	2533	2533	3708	3708	3141	3141	27	27	123	123	9	9	44	44	3141	3141	3622	3622	16	16	20	20	14	14	15	15	81	81	26	26	6	6	26	26	1920	1920	3705	3705	29950	29950	14538	14538	81	81	1	1
IND00875	175	175	1033	1033	34	34	280	280	4531	4531	2063	2063	12	12	416	416	255	255	198	198	2218	2218	5423	5423	1105	1105	2007	2007	172	172	338	338	3644	3644	4019	4019	661	661	131	131	7969	7969	3358	3358	647	647	1004	1004	3	3	47	47	37	37	147	147	3682	3682	11594	11594	1884	1884	3828	3828	26240	26240	58368	58368	791	791	799	799	137	137	89	89	2946	2946	3374	3374	3845	3845	3386	3386	280	280	479	479	749	749	937	937	121	121	6	6	266	266	17	17	533	533	833	833	245	245	206	206	144	144	926	926	2023	2023	1459	1459	1670	1670	3596	3596	491	491	174	174	7143	7143	12084	12084	102	102	42	42	169	169	221	221	75	75	174	174	170	170	131	131	791	791	404	404	122	122	32	32	2677	2677	2778	2778	1631	1631	3120	3120	54	54	119	119	39	39	16	16	1075	1075	2925	2925	21	21	6	6	2	2	8	8	43	43	114	114	9	9	9	9	5582	5582	4642	4642	28765	28765	3040	3040	50	50	112	112
IND00876	73	73	1522	1522	172	172	263	263	6161	6161	602	602	949	949	539	539	161	161	242	242	3647	3647	5096	5096	1613	1613	1862	1862	195	195	19	19	4957	4957	6549	6549	682	682	337	337	4779	4779	7183	7183	442	442	387	387	42	42	55	55	239	239	208	208	634	634	13062	13062	503	503	1889	1889	6348	6348	49974	49974	7231	7231	7048	7048	144	144	130	130	3779	3779	5609	5609	2297	2297	1843	1843	361	361	244	244	530	530	471	471	47	47	110	110	383	383	293	293	310	310	915	915	160	160	209	209	256	256	574	574	977	977	1822	1822	1744	1744	4684	4684	116	116	380	380	2663	2663	14747	14747	119	119	5	5	5	5	208	208	85	85	113	113	73	73	26	26	582	582	721	721	69	69	49	49	2411	2411	3622	3622	2863	2863	2509	2509	37	37	61	61	38	38	43	43	4553	4553	1854	1854	25	25	9	9	4	4	2	2	68	68	87	87	56	56	11	11	3616	3616	5540	5540	28014	28014	18517	18517	184	184	15	15
IND00877	716	716	1626	1626	22	22	97	97	7204	7204	7263	7263	484	484	196	196	159	159	73	73	9598	9598	9904	9904	1767	1767	917	917	224	224	59	59	5233	5233	1131	1131	823	823	775	775	4356	4356	6823	6823	570	570	614	614	20	20	21	21	3	3	223	223	15112	15112	10531	10531	3502	3502	3924	3924	18138	18138	5932	5932	4384	4384	1929	1929	45	45	72	72	4947	4947	3929	3929	1697	1697	1085	1085	24	24	501	501	221	221	315	315	114	114	71	71	336	336	346	346	303	303	155	155	183	183	226	226	745	745	563	563	1567	1567	205	205	5166	5166	6115	6115	120	120	65	65	5291	5291	12571	12571	102	102	122	122	20	20	184	184	40	40	90	90	27	27	70	70	582	582	142	142	119	119	21	21	1901	1901	747	747	1223	1223	1817	1817	90	90	20	20	2	2	46	46	806	806	142	142	4	4	5	5	8	8	8	8	87	87	74	74	64	64	56	56	5337	5337	2474	2474	2708	2708	24469	24469	75	75	73	73
IND00878	61	61	1963	1963	38	38	375	375	4032	4032	3311	3311	356	356	727	727	94	94	52	52	12123	12123	3178	3178	191	191	835	835	99	99	218	218	3605	3605	7109	7109	592	592	598	598	4369	4369	4608	4608	587	587	155	155	39	39	38	38	13	13	218	218	2013	2013	12591	12591	715	715	1573	1573	24387	24387	59595	59595	1061	1061	3112	3112	110	110	210	210	4884	4884	552	552	2974	2974	3101	3101	253	253	421	421	282	282	141	141	33	33	112	112	241	241	91	91	801	801	127	127	143	143	42	42	907	907	935	935	1530	1530	2005	2005	12165	12165	14834	14834	166	166	404	404	13059	13059	8953	8953	75	75	67	67	55	55	179	179	241	241	31	31	19	19	194	194	535	535	809	809	87	87	68	68	3707	3707	1536	1536	595	595	3913	3913	108	108	30	30	35	35	55	55	6354	6354	7269	7269	27	27	16	16	8	8	9	9	9	9	120	120	13	13	2	2	6690	6690	5720	5720	26722	26722	22022	22022	201	201	252	252
IND00879	1264	1264	833	833	153	153	459	459	3992	3992	1629	1629	802	802	198	198	82	82	106	106	13234	13234	14332	14332	588	588	939	939	211	211	108	108	701	701	7851	7851	915	915	1016	1016	6673	6673	4904	4904	183	183	638	638	45	45	26	26	39	39	178	178	10421	10421	14234	14234	181	181	2474	2474	61561	61561	26881	26881	3191	3191	6764	6764	232	232	101	101	1554	1554	4012	4012	3439	3439	3455	3455	424	424	489	489	946	946	384	384	104	104	98	98	41	41	103	103	204	204	805	805	86	86	256	256	178	178	183	183	994	994	1490	1490	3706	3706	2266	2266	251	251	64	64	772	772	7904	7904	89	89	88	88	124	124	29	29	14	14	205	205	79	79	28	28	68	68	841	841	37	37	9	9	3913	3913	956	956	89	89	3148	3148	22	22	37	37	27	27	21	21	6763	6763	3537	3537	31	31	12	12	13	13	7	7	76	76	17	17	12	12	61	61	430	430	938	938	8495	8495	1897	1897	135	135	125	125
IND00880	485	485	975	975	486	486	71	71	2042	2042	2610	2610	751	751	852	852	169	169	204	204	4054	4054	2365	2365	203	203	960	960	164	164	475	475	2201	2201	6647	6647	740	740	491	491	3302	3302	7335	7335	873	873	765	765	1	1	36	36	173	173	133	133	1092	1092	16097	16097	1034	1034	2003	2003	45313	45313	41210	41210	2188	2188	7518	7518	171	171	33	33	4174	4174	1993	1993	3725	3725	566	566	430	430	416	416	728	728	236	236	52	52	9	9	231	231	253	253	663	663	24	24	237	237	129	129	74	74	430	430	701	701	1676	1676	59	59	12792	12792	310	310	405	405	9862	9862	13786	13786	22	22	114	114	95	95	171	171	229	229	3	3	186	186	207	207	776	776	20	20	9	9	70	70	580	580	29	29	592	592	510	510	94	94	54	54	63	63	38	38	6516	6516	2187	2187	1	1	14	14	12	12	16	16	70	70	124	124	56	56	56	56	7861	7861	5549	5549	30659	30659	28541	28541	198	198	54	54
IND00881	728	728	1540	1540	222	222	159	159	2684	2684	6787	6787	480	480	399	399	61	61	178	178	10319	10319	7367	7367	1089	1089	1213	1213	145	145	160	160	1300	1300	978	978	523	523	723	723	3777	3777	5511	5511	482	482	768	768	64	64	56	56	36	36	119	119	1527	1527	4295	4295	1190	1190	3230	3230	55410	55410	49473	49473	7987	7987	4407	4407	196	196	45	45	5537	5537	4304	4304	372	372	959	959	395	395	371	371	448	448	680	680	61	61	14	14	406	406	357	357	497	497	350	350	67	67	52	52	819	819	183	183	1406	1406	1295	1295	4221	4221	9598	9598	422	422	67	67	12485	12485	8792	8792	128	128	54	54	50	50	69	69	33	33	121	121	206	206	159	159	58	58	123	123	21	21	8	8	2343	2343	2585	2585	1525	1525	2356	2356	73	73	115	115	19	19	41	41	3857	3857	447	447	23	23	32	32	8	8	16	16	81	81	118	118	34	34	58	58	4933	4933	5603	5603	21561	21561	15266	15266	52	52	32	32
IND00882	1701	1701	730	730	455	455	185	185	4321	4321	4117	4117	186	186	1002	1002	70	70	90	90	10896	10896	10046	10046	1381	1381	337	337	390	390	423	423	386	386	1227	1227	171	171	1007	1007	1694	1694	7670	7670	698	698	266	266	8	8	37	37	153	153	71	71	8810	8810	4237	4237	90	90	2570	2570	55569	55569	37497	37497	8157	8157	5407	5407	33	33	134	134	1081	1081	4827	4827	947	947	1096	1096	195	195	27	27	91	91	715	715	37	37	18	18	45	45	208	208	982	982	604	604	170	170	191	191	1015	1015	876	876	1935	1935	1690	1690	12842	12842	888	888	184	184	144	144	843	843	15814	15814	71	71	50	50	250	250	30	30	22	22	227	227	59	59	227	227	503	503	540	540	36	36	10	10	1144	1144	441	441	1468	1468	3538	3538	33	33	54	54	22	22	30	30	4990	4990	1221	1221	10	10	31	31	8	8	16	16	58	58	69	69	61	61	47	47	7855	7855	842	842	26689	26689	6918	6918	81	81	111	111
IND00883	379	379	1784	1784	244	244	240	240	4282	4282	6185	6185	145	145	574	574	248	248	141	141	4737	4737	13707	13707	1188	1188	113	113	24	24	354	354	7545	7545	414	414	681	681	722	722	4878	4878	8068	8068	88	88	118	118	54	54	24	24	61	61	183	183	6201	6201	13678	13678	2220	2220	3050	3050	36300	36300	25768	25768	7414	7414	4695	4695	223	223	149	149	2438	2438	2076	2076	1447	1447	2942	2942	236	236	427	427	38	38	705	705	43	43	121	121	462	462	52	52	469	469	337	337	66	66	35	35	872	872	459	459	1318	1318	1226	1226	4551	4551	13796	13796	94	94	252	252	7941	7941	655	655	22	22	30	30	32	32	19	19	135	135	131	131	231	231	213	213	491	491	1016	1016	81	81	123	123	3065	3065	1799	1799	11	11	2231	2231	59	59	83	83	45	45	39	39	5603	5603	6457	6457	31	31	28	28	2	2	13	13	66	66	19	19	57	57	43	43	3593	3593	1130	1130	12610	12610	31464	31464	115	115	132	132
IND00884	1144	1144	1841	1841	358	358	303	303	3133	3133	3182	3182	706	706	941	941	174	174	185	185	11493	11493	5557	5557	693	693	354	354	281	281	138	138	6769	6769	441	441	968	968	216	216	1353	1353	3454	3454	454	454	817	817	57	57	2	2	23	23	114	114	9721	9721	3424	3424	2724	2724	3553	3553	27220	27220	4912	4912	4340	4340	6307	6307	147	147	95	95	1271	1271	3893	3893	1826	1826	114	114	430	430	20	20	370	370	638	638	63	63	128	128	466	466	482	482	826	826	1013	1013	250	250	88	88	821	821	485	485	1459	1459	1363	1363	15620	15620	12068	12068	16	16	388	388	305	305	10842	10842	62	62	113	113	139	139	25	25	77	77	64	64	125	125	207	207	878	878	476	476	87	87	74	74	3692	3692	400	400	3268	3268	3433	3433	88	88	108	108	55	55	64	64	5987	5987	5804	5804	6	6	20	20	2	2	12	12	115	115	125	125	18	18	49	49	3603	3603	8033	8033	19243	19243	1292	1292	240	240	216	216
IND00885	1516	1516	616	616	495	495	297	297	4088	4088	7560	7560	821	821	387	387	155	155	32	32	11691	11691	14718	14718	163	163	1884	1884	82	82	208	208	304	304	5138	5138	964	964	936	936	2477	2477	4061	4061	495	495	485	485	64	64	52	52	237	237	241	241	7740	7740	3197	3197	4028	4028	2	2	1329	1329	33000	33000	572	572	5835	5835	147	147	133	133	1316	1316	4568	4568	2532	2532	524	524	3	3	28	28	731	731	15	15	98	98	111	111	94	94	163	163	521	521	629	629	101	101	20	20	801	801	96	96	1054	1054	1960	1960	11470	11470	11720	11720	421	421	306	306	8159	8159	10552	10552	10	10	94	94	120	120	251	251	28	28	123	123	80	80	206	206	1007	1007	101	101	92	92	51	51	1770	1770	1511	1511	2763	2763	1110	1110	2	2	89	89	17	17	16	16	5298	5298	4033	4033	29	29	31	31	9	9	11	11	89	89	50	50	28	28	46	46	2252	2252	6601	6601	547	547	23386	23386	194	194	61	61
IND00886	1232	1232	1531	1531	471	471	140	140	4952	4952	5958	5958	774	774	91	91	117	117	83	83	8095	8095	2723	2723	915	915	1553	1553	348	348	8	8	7892	7892	4780	4780	799	799	103	103	4675	4675	877	877	44	44	235	235	41	41	18	18	249	249	203	203	11598	11598	9155	9155	1520	1520	3386	3386	52649	52649	47052	47052	4261	4261	5086	5086	52	52	79	79	7355	7355	2514	2514	3089	3089	3331	3331	153	153	510	510	316	316	256	256	38	38	20	20	115	115	95	95	822	822	365	365	131	131	191	191	18	18	625	625	418	418	158	158	8957	8957	15736	15736	498	498	400	400	14731	14731	1851	1851	61	61	94	94	127	127	134	134	101	101	219	219	129	129	221	221	1016	1016	734	734	114	114	33	33	2332	2332	509	509	3623	3623	3558	3558	57	57	37	37	5	5	20	20	3708	3708	3253	3253	14	14	4	4	11	11	5	5	62	62	87	87	38	38	41	41	6089	6089	5211	5211	26952	26952	15560	15560	66	66	164	164
IND00887	788	788	1691	1691	491	491	162	162	7535	7535	5105	5105	611	611	824	824	154	154	218	218	12569	12569	14078	14078	1189	1189	614	614	309	309	106	106	2384	2384	788	788	571	571	125	125	1556	1556	6514	6514	714	714	187	187	44	44	2	2	31	31	46	46	15802	15802	14603	14603	1894	1894	3618	3618	33598	33598	51563	51563	1248	1248	709	709	42	42	11	11	5450	5450	2386	2386	1983	1983	3874	3874	136	136	397	397	403	403	449	449	83	83	81	81	428	428	502	502	263	263	384	384	21	21	225	225	505	505	685	685	521	521	1626	1626	5457	5457	8950	8950	444	444	223	223	8277	8277	14598	14598	98	98	24	24	212	212	162	162	28	28	174	174	77	77	174	174	630	630	80	80	26	26	19	19	2425	2425	3315	3315	2757	2757	2677	2677	114	114	57	57	20	20	49	49	2082	2082	770	770	6	6	20	20	5	5	12	12	23	23	112	112	8	8	50	50	8178	8178	958	958	1427	1427	15578	15578	51	51	40	40
IND00888	347	347	660	660	335	335	237	237	5761	5761	3046	3046	983	983	36	36	174	174	20	20	5633	5633	8705	8705	1206	1206	444	444	254	254	349	349	409	409	3272	3272	498	498	428	428	1624	1624	6360	6360	525	525	541	541	58	58	63	63	213	213	54	54	3210	3210	5973	5973	3476	3476	3579	3579	13418	13418	9460	9460	2981	2981	5175	5175	142	142	80	80	1366	1366	6521	6521	2257	2257	3842	3842	104	104	205	205	959	959	714	714	93	93	26	26	97	97	208	208	685	685	744	744	233	233	16	16	70	70	691	691	744	744	796	796	12005	12005	15945	15945	72	72	212	212	14680	14680	688	688	94	94	58	58	117	117	87	87	153	153	199	199	237	237	250	250	961	961	520	520	32	32	112	112	58	58	1130	1130	2217	2217	2470	2470	32	32	1	1	61	61	17	17	76	76	514	514	7	7	7	7	10	10	4	4	38	38	39	39	53	53	57	57	2714	2714	4948	4948	12579	12579	19338	19338	63	63	50	50
IND00889	1011	1011	58	58	352	352	326	326	5011	5011	638	638	27	27	394	394	131	131	208	208	13784	13784	2063	2063	985	985	572	572	242	242	431	431	4230	4230	4839	4839	506	506	941	941	6013	6013	1118	1118	537	537	627	627	27	27	30	30	64	64	55	55	15796	15796	14663	14663	1261	1261	3065	3065	55777	55777	17047	17047	5185	5185	5680	5680	98	98	176	176	4025	4025	6186	6186	3744	3744	3991	3991	437	437	266	266	545	545	612	612	12	12	100	100	161	161	265	265	504	504	887	887	101	101	108	108	7	7	290	290	279	279	1331	1331	9668	9668	15955	15955	502	502	508	508	3819	3819	13712	13712	44	44	69	69	134	134	206	206	90	90	123	123	197	197	200	200	643	643	26	26	108	108	111	111	2336	2336	1025	1025	2620	2620	3220	3220	119	119	16	16	58	58	2	2	7167	7167	4593	4593	2	2	22	22	1	1	10	10	25	25	64	64	23	23	37	37	1661	1661	2107	2107	20845	20845	16363	16363	93	93	130	130
IND00890	751	751	1174	1174	309	309	460	460	6980	6980	2383	2383	291	291	196	196	176	176	1	1	8243	8243	14542	14542	533	533	136	136	260	260	17	17	53	53	168	168	539	539	146	146	5444	5444	3020	3020	1024	1024	998	998	38	38	60	60	141	141	145	145	12773	12773	560	560	4066	4066	3234	3234	22832	22832	35238	35238	4460	4460	1675	1675	100	100	225	225	1206	1206	5592	5592	3084	3084	3464	3464	355	355	286	286	366	366	265	265	8	8	109	109	90	90	149	149	830	830	239	239	220	220	184	184	19	19	337	337	229	229	296	296	3228	3228	5896	5896	19	19	202	202	9115	9115	13861	13861	47	47	33	33	132	132	113	113	139	139	13	13	179	179	176	176	804	804	741	741	13	13	29	29	870	870	2	2	1197	1197	1249	1249	21	21	102	102	55	55	58	58	7381	7381	3799	3799	1	1	22	22	7	7	8	8	109	109	4	4	43	43	36	36	2181	2181	5372	5372	20660	20660	5846	5846	74	74	190	190
IND00891	1761	1761	1804	1804	24	24	283	283	2063	2063	1562	1562	926	926	300	300	254	254	213	213	575	575	8431	8431	1742	1742	450	450	406	406	252	252	3678	3678	7242	7242	770	770	766	766	6671	6671	3088	3088	456	456	99	99	45	45	32	32	32	32	8	8	14448	14448	13621	13621	2222	2222	2412	2412	26655	26655	21512	21512	3344	3344	2937	2937	196	196	23	23	4637	4637	2556	2556	391	391	1251	1251	461	461	499	499	488	488	165	165	113	113	16	16	306	306	41	41	623	623	436	436	169	169	202	202	792	792	151	151	865	865	93	93	16321	16321	4032	4032	415	415	316	316	9096	9096	4416	4416	52	52	52	52	217	217	245	245	220	220	111	111	245	245	183	183	693	693	558	558	4	4	103	103	2752	2752	2986	2986	58	58	3783	3783	68	68	109	109	51	51	50	50	657	657	2281	2281	9	9	12	12	15	15	14	14	91	91	60	60	57	57	45	45	6591	6591	3634	3634	2614	2614	13428	13428	172	172	119	119
IND00892	1699	1699	837	837	108	108	40	40	1183	1183	6102	6102	689	689	269	269	218	218	6	6	7131	7131	7165	7165	1189	1189	409	409	139	139	152	152	7514	7514	3761	3761	74	74	429	429	2508	2508	5984	5984	956	956	68	68	64	64	52	52	110	110	132	132	8269	8269	963	963	1694	1694	655	655	6069	6069	27102	27102	1779	1779	4954	4954	127	127	55	55	5083	5083	5377	5377	1685	1685	279	279	48	48	508	508	211	211	767	767	74	74	36	36	385	385	203	203	621	621	535	535	126	126	27	27	773	773	597	597	429	429	577	577	6811	6811	14931	14931	34	34	212	212	9388	9388	605	605	62	62	96	96	164	164	65	65	144	144	127	127	147	147	70	70	534	534	332	332	22	22	25	25	2097	2097	2726	2726	643	643	2053	2053	124	124	49	49	54	54	7	7	4094	4094	642	642	3	3	15	15	5	5	5	5	57	57	43	43	49	49	64	64	3318	3318	306	306	3961	3961	5797	5797	47	47	171	171
IND00893	1464	1464	481	481	406	406	474	474	3224	3224	1597	1597	471	471	279	279	185	185	255	255	8518	8518	16189	16189	1331	1331	1691	1691	108	108	335	335	2935	2935	2223	2223	719	719	281	281	6220	6220	3299	3299	465	465	426	426	64	64	26	26	217	217	48	48	7990	7990	8558	8558	1308	1308	3908	3908	60102	60102	55037	55037	3683	3683	108	108	169	169	50	50	3518	3518	329	329	2424	2424	4085	4085	49	49	322	322	993	993	430	430	58	58	112	112	120	120	36	36	143	143	393	393	134	134	229	229	439	439	500	500	549	549	1261	1261	8005	8005	10109	10109	278	278	388	388	1412	1412	10806	10806	61	61	84	84	162	162	24	24	121	121	192	192	147	147	17	17	250	250	236	236	86	86	108	108	2542	2542	1405	1405	1535	1535	4043	4043	85	85	90	90	25	25	47	47	2117	2117	6955	6955	5	5	22	22	10	10	5	5	96	96	111	111	4	4	7	7	3956	3956	3173	3173	27988	27988	856	856	240	240	235	235
IND00894	1098	1098	1198	1198	63	63	335	335	7661	7661	6568	6568	104	104	820	820	184	184	225	225	2136	2136	12861	12861	1102	1102	117	117	154	154	389	389	1213	1213	1214	1214	541	541	660	660	5430	5430	7746	7746	449	449	426	426	58	58	63	63	62	62	157	157	5956	5956	10891	10891	1339	1339	457	457	33688	33688	44959	44959	7124	7124	2941	2941	77	77	221	221	998	998	4880	4880	1322	1322	1695	1695	2	2	45	45	888	888	465	465	87	87	15	15	181	181	41	41	845	845	638	638	63	63	63	63	826	826	159	159	1697	1697	229	229	9295	9295	10008	10008	411	411	167	167	16269	16269	2936	2936	71	71	36	36	5	5	204	204	86	86	168	168	216	216	170	170	807	807	1023	1023	34	34	121	121	2916	2916	1736	1736	2081	2081	1624	1624	83	83	10	10	40	40	5	5	2699	2699	4057	4057	5	5	4	4	4	4	5	5	39	39	41	41	17	17	8	8	723	723	2156	2156	23971	23971	24320	24320	248	248	194	194
IND00895	1670	1670	903	903	331	331	289	289	4109	4109	5978	5978	864	864	505	505	167	167	2	2	15734	15734	8173	8173	28	28	1070	1070	186	186	351	351	2464	2464	7325	7325	693	693	817	817	1412	1412	7174	7174	803	803	21	21	27	27	52	52	35	35	72	72	6744	6744	14402	14402	3078	3078	2541	2541	33341	33341	18211	18211	5262	5262	5325	5325	67	67	229	229	2770	2770	6851	6851	3121	3121	1570	1570	91	91	300	300	470	470	29	29	84	84	100	100	345	345	367	367	1024	1024	917	917	130	130	79	79	639	639	172	172	1525	1525	1295	1295	2795	2795	7559	7559	250	250	74	74	14259	14259	16041	16041	59	59	8	8	26	26	95	95	21	21	25	25	209	209	157	157	581	581	518	518	117	117	58	58	3642	3642	34	34	3835	3835	4018	4018	98	98	68	68	9	9	7	7	3144	3144	3954	3954	11	11	23	23	16	16	16	16	86	86	58	58	37	37	21	21	5983	5983	6117	6117	11029	11029	30956	30956	9	9	190	190
IND00896	837	837	69	69	252	252	403	403	1520	1520	4325	4325	559	559	390	390	226	226	51	51	12337	12337	11790	11790	260	260	828	828	94	94	114	114	173	173	2552	2552	4	4	456	456	5776	5776	738	738	696	696	360	360	7	7	29	29	222	222	123	123	6191	6191	7493	7493	2251	2251	3090	3090	40974	40974	15337	15337	4667	4667	2381	2381	247	247	180	180	7604	7604	5643	5643	1805	1805	208	208	458	458	379	379	211	211	5	5	33	33	30	30	184	184	164	164	761	761	628	628	33	33	122	122	94	94	196	196	167	167	1278	1278	16101	16101	7032	7032	279	279	413	413	14061	14061	6380	6380	65	65	73	73	63	63	110	110	53	53	173	173	247	247	188	188	318	318	857	857	85	85	50	50	2472	2472	1568	1568	3917	3917	3335	3335	102	102	76	76	27	27	8	8	5486	5486	2588	2588	5	5	27	27	4	4	8	8	110	110	118	118	41	41	13	13	6758	6758	1336	1336	2581	2581	381	381	150	150	183	183
IND00897	1857	1857	1888	1888	173	173	54	54	3175	3175	4483	4483	205	205	58	58	38	38	59	59	11649	11649	11566	11566	888	888	130	130	79	79	80	80	5783	5783	2444	2444	322	322	931	931	3671	3671	6317	6317	970	970	347	347	60	60	16	16	2	2	217	217	5331	5331	9384	9384	68	68	2175	2175	45681	45681	63797	63797	813	813	2100	2100	152	152	98	98	3293	3293	1850	1850	570	570	930	930	228	228	186	186	488	488	300	300	49	49	71	71	113	113	111	111	451	451	803	803	47	47	63	63	42	42	780	780	134	134	480	480	16054	16054	11095	11095	437	437	382	382	3761	3761	8167	8167	60	60	123	123	133	133	191	191	42	42	143	143	26	26	94	94	763	763	357	357	99	99	88	88	3199	3199	2177	2177	1535	1535	8	8	101	101	21	21	3	3	7	7	1192	1192	2742	2742	4	4	26	26	3	3	7	7	38	38	107	107	12	12	64	64	934	934	2403	2403	12644	12644	2824	2824	32	32	3	3
IND00898	2027	2027	1105	1105	92	92	81	81	1803	1803	6540	6540	941	941	391	391	151	151	121	121	3098	3098	6153	6153	1717	1717	1637	1637	504	504	30	30	4726	4726	2017	2017	604	604	94	94	1315	1315	5259	5259	482	482	488	488	44	44	30	30	98	98	176	176	14596	14596	4683	4683	1185	1185	3917	3917	7448	7448	14439	14439	7548	7548	462	462	232	232	80	80	3606	3606	6844	6844	2573	2573	931	931	66	66	438	438	661	661	216	216	22	22	10	10	455	455	180	180	481	481	980	980	247	247	31	31	815	815	508	508	1268	1268	474	474	5734	5734	6000	6000	331	331	483	483	531	531	8461	8461	75	75	68	68	78	78	201	201	73	73	155	155	82	82	81	81	130	130	814	814	71	71	109	109	3019	3019	2127	2127	962	962	920	920	41	41	66	66	10	10	31	31	4354	4354	4931	4931	14	14	8	8	13	13	7	7	71	71	30	30	49	49	23	23	1696	1696	401	401	29656	29656	2794	2794	35	35	229	229
IND00899	1548	1548	1173	1173	129	129	300	300	6156	6156	5583	5583	900	900	689	689	169	169	135	135	15116	15116	2196	2196	940	940	1939	1939	424	424	138	138	3225	3225	6019	6019	1020	1020	613	613	5198	5198	3645	3645	554	554	882	882	33	33	39	39	193	193	237	237	638	638	14144	14144	4059	4059	1667	1667	35987	35987	31964	31964	1162	1162	5651	5651	108	108	27	27	5781	5781	1899	1899	3787	3787	3200	3200	317	317	195	195	698	698	437	437	78	78	55	55	242	242	84	84	582	582	983	983	170	170	180	180	295	295	583	583	1481	1481	191	191	12949	12949	16324	16324	493	493	436	436	15763	15763	12463	12463	32	32	84	84	62	62	227	227	106	106	213	213	39	39	89	89	111	111	484	484	56	56	84	84	178	178	1823	1823	96	96	3562	3562	43	43	105	105	63	63	24	24	4360	4360	4412	4412	3	3	32	32	7	7	13	13	16	16	123	123	34	34	5	5	948	948	5404	5404	32178	32178	27016	27016	33	33	201	201
IND00900	168	168	706	706	368	368	284	284	6923	6923	7419	7419	302	302	354	354	79	79	144	144	13258	13258	889	889	758	758	1787	1787	375	375	361	361	5303	5303	873	873	702	702	34	34	1762	1762	85	85	992	992	61	61	44	44	23	23	219	219	45	45	13454	13454	2616	2616	303	303	3189	3189	43727	43727	52968	52968	4894	4894	4492	4492	223	223	227	227	419	419	4090	4090	1463	1463	1640	1640	297	297	12	12	380	380	888	888	81	81	61	61	62	62	362	362	374	374	96	96	55	55	75	75	200	200	843	843	1447	1447	1546	1546	9361	9361	7272	7272	29	29	4	4	11892	11892	8879	8879	2	2	117	117	18	18	77	77	57	57	210	210	114	114	28	28	2	2	657	657	82	82	58	58	3592	3592	3689	3689	1858	1858	3735	3735	83	83	13	13	28	28	33	33	5331	5331	3297	3297	27	27	14	14	6	6	4	4	101	101	100	100	8	8	45	45	2926	2926	3855	3855	20518	20518	8930	8930	220	220	245	245
IND00901	1540	1540	917	917	388	388	477	477	5842	5842	5006	5006	36	36	925	925	65	65	199	199	687	687	11826	11826	798	798	632	632	494	494	179	179	2035	2035	6291	6291	76	76	530	530	784	784	1725	1725	205	205	1024	1024	39	39	30	30	33	33	217	217	4950	4950	4202	4202	554	554	3878	3878	11425	11425	50888	50888	5653	5653	1496	1496	233	233	210	210	3311	3311	1746	1746	3640	3640	2825	2825	128	128	296	296	970	970	1008	1008	99	99	14	14	46	46	193	193	190	190	164	164	238	238	52	52	681	681	509	509	754	754	1898	1898	11240	11240	10848	10848	411	411	255	255	3925	3925	15960	15960	107	107	2	2	138	138	85	85	224	224	50	50	32	32	212	212	843	843	538	538	85	85	31	31	1919	1919	1147	1147	1169	1169	2621	2621	97	97	87	87	22	22	48	48	3904	3904	1760	1760	27	27	10	10	10	10	9	9	123	123	69	69	52	52	8	8	5345	5345	1438	1438	25511	25511	17348	17348	93	93	18	18
IND00902	97	97	571	571	70	70	416	416	5597	5597	3128	3128	141	141	329	329	97	97	5	5	5385	5385	8078	8078	1244	1244	1555	1555	57	57	364	364	7855	7855	8050	8050	290	290	169	169	5784	5784	3157	3157	846	846	618	618	12	12	48	48	7	7	85	85	13088	13088	498	498	1962	1962	3631	3631	28528	28528	529	529	6030	6030	4193	4193	63	63	141	141	7336	7336	7428	7428	453	453	1629	1629	173	173	313	313	44	44	110	110	24	24	24	24	56	56	176	176	805	805	115	115	50	50	22	22	760	760	471	471	1735	1735	199	199	14457	14457	2860	2860	141	141	377	377	3115	3115	3789	3789	102	102	58	58	44	44	107	107	7	7	243	243	75	75	180	180	110	110	948	948	3	3	49	49	2465	2465	897	897	1815	1815	1175	1175	107	107	90	90	57	57	18	18	2657	2657	4255	4255	26	26	32	32	3	3	4	4	113	113	61	61	1	1	28	28	1018	1018	2795	2795	26163	26163	15723	15723	226	226	201	201
IND00903	1187	1187	1518	1518	163	163	241	241	2564	2564	6286	6286	508	508	993	993	166	166	171	171	9193	9193	3175	3175	1484	1484	1918	1918	268	268	143	143	3263	3263	1599	1599	392	392	734	734	5191	5191	5080	5080	257	257	971	971	11	11	42	42	188	188	195	195	10346	10346	3571	3571	2247	2247	3450	3450	61169	61169	14692	14692	5878	5878	557	557	229	229	104	104	3658	3658	6799	6799	1898	1898	783	783	225	225	469	469	156	156	972	972	91	91	36	36	62	62	400	400	45	45	184	184	3	3	196	196	813	813	885	885	586	586	1424	1424	2209	2209	3042	3042	59	59	300	300	8932	8932	1078	1078	67	67	5	5	236	236	35	35	181	181	242	242	98	98	59	59	849	849	508	508	64	64	50	50	2061	2061	3516	3516	1328	1328	3337	3337	62	62	124	124	63	63	39	39	903	903	3872	3872	7	7	13	13	7	7	6	6	36	36	30	30	33	33	42	42	7906	7906	4169	4169	20443	20443	8694	8694	112	112	1	1
IND00904	248	248	990	990	234	234	449	449	2371	2371	4039	4039	587	587	816	816	57	57	234	234	13906	13906	6046	6046	369	369	1331	1331	100	100	295	295	396	396	5587	5587	479	479	601	601	6629	6629	4843	4843	88	88	445	445	16	16	54	54	174	174	215	215	9054	9054	10328	10328	556	556	3403	3403	7370	7370	33172	33172	4960	4960	7732	7732	71	71	177	177	2828	2828	4881	4881	3276	3276	2783	2783	252	252	323	323	274	274	215	215	13	13	36	36	462	462	250	250	54	54	740	740	226	226	146	146	488	488	623	623	1774	1774	1367	1367	7994	7994	9466	9466	124	124	502	502	10421	10421	11421	11421	96	96	111	111	63	63	7	7	186	186	42	42	60	60	11	11	212	212	286	286	84	84	100	100	3164	3164	1743	1743	299	299	2553	2553	35	35	62	62	23	23	62	62	1298	1298	3584	3584	16	16	13	13	1	1	6	6	44	44	26	26	35	35	14	14	7619	7619	1312	1312	8887	8887	9712	9712	28	28	256	256
IND00905	1046	1046	247	247	117	117	64	64	7130	7130	2430	2430	458	458	909	909	18	18	135	135	1943	1943	8962	8962	101	101	1937	1937	301	301	424	424	1642	1642	1503	1503	719	719	595	595	3198	3198	2982	2982	529	529	298	298	15	15	5	5	8	8	63	63	2872	2872	1555	1555	3664	3664	181	181	24853	24853	23878	23878	517	517	2981	2981	80	80	214	214	5839	5839	7822	7822	450	450	2313	2313	67	67	467	467	891	891	144	144	106	106	83	83	395	395	137	137	685	685	19	19	136	136	129	129	10	10	342	342	828	828	1615	1615	11161	11161	1695	1695	424	424	199	199	4319	4319	10709	10709	11	11	99	99	11	11	211	211	186	186	132	132	27	27	130	130	63	63	451	451	84	84	107	107	1715	1715	527	527	2259	2259	3458	3458	108	108	90	90	26	26	48	48	5839	5839	5869	5869	31	31	6	6	4	4	2	2	107	107	1	1	12	12	40	40	4720	4720	5704	5704	17986	17986	13571	13571	105	105	133	133
IND00906	873	873	1037	1037	139	139	202	202	4180	4180	6713	6713	722	722	788	788	6	6	240	240	3886	3886	5825	5825	753	753	1547	1547	319	319	480	480	2822	2822	3638	3638	784	784	742	742	1823	1823	4442	4442	615	615	497	497	56	56	24	24	118	118	46	46	6880	6880	8294	8294	2115	2115	1452	1452	58957	58957	26848	26848	5886	5886	5133	5133	183	183	42	42	2481	2481	2081	2081	3046	3046	1338	1338	332	332	192	192	549	549	501	501	71	71	90	90	387	387	174	174	219	219	3	3	153	153	172	172	661	661	985	985	595	595	1348	1348	14514	14514	5627	5627	12	12	446	446	243	243	13699	13699	66	66	43	43	179	179	170	170	97	97	144	144	141	141	219	219	360	360	876	876	66	66	60	60	1364	1364	2357	2357	3254	3254	1260	1260	126	126	55	55	7	7	51	51	8003	8003	6612	6612	14	14	27	27	15	15	9	9	12	12	48	48	33	33	41	41	472	472	7967	7967	28890	28890	15075	15075	59	59	43	43
IND00907	369	369	308	308	478	478	289	289	2787	2787	4328	4328	391	391	678	678	110	110	87	87	9577	9577	7958	7958	1387	1387	920	920	401	401	76	76	2318	2318	7295	7295	782	782	745	745	7501	7501	1425	1425	266	266	829	829	41	41	38	38	223	223	214	214	6497	6497	13661	13661	1248	1248	1598	1598	50642	50642	34310	34310	6945	6945	4117	4117	62	62	138	138	2415	2415	2598	2598	3467	3467	1713	1713	71	71	167	167	446	446	867	867	55	55	92	92	343	343	160	160	682	682	644	644	155	155	71	71	344	344	719	719	655	655	936	936	9939	9939	14752	14752	170	170	209	209	14115	14115	9487	9487	19	19	5	5	236	236	124	124	52	52	139	139	33	33	30	30	407	407	431	431	93	93	49	49	3102	3102	1052	1052	3597	3597	1749	1749	95	95	59	59	4	4	27	27	3689	3689	3403	3403	19	19	26	26	16	16	9	9	44	44	113	113	32	32	17	17	5398	5398	1609	1609	24871	24871	32114	32114	232	232	7	7
IND00908	825	825	1544	1544	469	469	259	259	4301	4301	1847	1847	45	45	858	858	69	69	196	196	15380	15380	2619	2619	574	574	821	821	66	66	104	104	8141	8141	3768	3768	308	308	628	628	6407	6407	742	742	783	783	491	491	62	62	64	64	169	169	242	242	6027	6027	11712	11712	51	51	133	133	33650	33650	64029	64029	5949	5949	790	790	101	101	63	63	5050	5050	5473	5473	528	528	776	776	385	385	31	31	240	240	502	502	71	71	40	40	340	340	231	231	424	424	986	986	254	254	244	244	498	498	619	619	91	91	1220	1220	8215	8215	9273	9273	99	99	182	182	11274	11274	7509	7509	50	50	61	61	25	25	32	32	78	78	195	195	45	45	54	54	415	415	764	764	28	28	19	19	3809	3809	3413	3413	3543	3543	39	39	21	21	93	93	63	63	51	51	308	308	4958	4958	30	30	1	1	2	2	2	2	19	19	63	63	46	46	42	42	3509	3509	6738	6738	18847	18847	16787	16787	213	213	68	68
IND00909	994	994	1523	1523	356	356	289	289	6164	6164	5847	5847	1021	1021	47	47	105	105	223	223	14800	14800	16134	16134	1996	1996	760	760	368	368	323	323	3238	3238	5939	5939	242	242	165	165	3819	3819	720	720	105	105	245	245	26	26	52	52	248	248	95	95	14399	14399	13935	13935	3186	3186	2639	2639	29788	29788	41068	41068	3481	3481	928	928	184	184	24	24	1742	1742	8012	8012	3528	3528	2152	2152	353	353	183	183	929	929	256	256	50	50	5	5	54	54	305	305	175	175	2	2	120	120	56	56	757	757	155	155	1053	1053	1522	1522	6890	6890	788	788	294	294	414	414	6849	6849	546	546	123	123	93	93	25	25	108	108	222	222	22	22	5	5	251	251	1008	1008	549	549	10	10	111	111	2608	2608	1155	1155	1316	1316	376	376	8	8	57	57	18	18	22	22	2812	2812	274	274	5	5	22	22	7	7	5	5	63	63	40	40	38	38	56	56	7306	7306	6350	6350	29751	29751	12958	12958	90	90	245	245
IND00910	1357	1357	585	585	334	334	125	125	7249	7249	7632	7632	638	638	560	560	4	4	36	36	12721	12721	3092	3092	1137	1137	990	990	333	333	206	206	7045	7045	5152	5152	792	792	509	509	40	40	7594	7594	922	922	408	408	62	62	31	31	238	238	71	71	11839	11839	12587	12587	3790	3790	2018	2018	45010	45010	10810	10810	6596	6596	1536	1536	131	131	184	184	1738	1738	269	269	868	868	2016	2016	160	160	362	362	294	294	215	215	14	14	111	111	51	51	324	324	482	482	280	280	55	55	53	53	903	903	115	115	1765	1765	1679	1679	14633	14633	10966	10966	272	272	125	125	13782	13782	10852	10852	62	62	56	56	251	251	206	206	96	96	152	152	81	81	114	114	217	217	436	436	91	91	70	70	339	339	3309	3309	3281	3281	1616	1616	78	78	62	62	15	15	14	14	7700	7700	3350	3350	3	3	29	29	10	10	7	7	100	100	46	46	50	50	23	23	5317	5317	2116	2116	24111	24111	30233	30233	38	38	61	61
IND00911	538	538	784	784	12	12	374	374	2231	2231	333	333	1006	1006	458	458	97	97	126	126	8010	8010	7901	7901	2044	2044	936	936	481	481	97	97	5617	5617	4424	4424	954	954	667	667	2484	2484	5017	5017	259	259	747	747	61	61	1	1	50	50	26	26	6492	6492	8221	8221	1443	1443	2425	2425	33894	33894	60748	60748	331	331	7200	7200	141	141	18	18	7694	7694	4311	4311	1785	1785	3276	3276	328	328	349	349	579	579	441	441	36	36	64	64	404	404	408	408	157	157	715	715	239	239	6	6	102	102	777	777	1335	1335	831	831	16010	16010	15511	15511	314	314	471	471	14250	14250	15083	15083	86	86	35	35	87	87	21	21	211	211	110	110	130	130	103	103	82	82	761	761	42	42	123	123	2095	2095	1209	1209	3481	3481	91	91	61	61	97	97	48	48	22	22	1590	1590	1676	1676	21	21	18	18	8	8	8	8	1	1	88	88	22	22	34	34	5970	5970	5573	5573	27546	27546	30154	30154	233	233	82	82
IND00912	754	754	184	184	110	110	472	472	2123	2123	4751	4751	535	535	726	726	142	142	50	50	12988	12988	11111	11111	1168	1168	1994	1994	103	103	147	147	4335	4335	7430	7430	971	971	153	153	7059	7059	7615	7615	862	862	690	690	32	32	14	14	60	60	75	75	14167	14167	10982	10982	122	122	1781	1781	42539	42539	36393	36393	3047	3047	7369	7369	216	216	135	135	687	687	921	921	3491	3491	1903	1903	82	82	339	339	77	77	662	662	88	88	103	103	403	403	191	191	663	663	896	896	255	255	149	149	25	25	674	674	782	782	1548	1548	7706	7706	1170	1170	308	308	58	58	10336	10336	2004	2004	110	110	112	112	206	206	230	230	53	53	114	114	247	247	132	132	1021	1021	270	270	26	26	46	46	1422	1422	2732	2732	836	836	331	331	52	52	44	44	58	58	9	9	6128	6128	917	917	23	23	19	19	1	1	6	6	118	118	128	128	30	30	43	43	8104	8104	7646	7646	5224	5224	31796	31796	103	103	213	213
IND00913	1897	1897	1239	1239	106	106	449	449	2635	2635	6219	6219	1016	1016	298	298	205	205	81	81	2304	2304	7547	7547	1138	1138	1905	1905	479	479	267	267	1860	1860	7558	7558	135	135	900	900	3785	3785	4400	4400	600	600	77	77	34	34	51	51	94	94	30	30	14136	14136	14038	14038	2320	2320	1277	1277	59311	59311	12151	12151	6850	6850	4387	4387	43	43	3	3	6902	6902	3790	3790	941	941	2903	2903	43	43	446	446	938	938	251	251	92	92	98	98	51	51	348	348	778	778	236	236	248	248	15	15	806	806	65	65	392	392	750	750	9633	9633	9932	9932	279	279	183	183	14519	14519	9716	9716	118	118	21	21	129	129	251	251	187	187	25	25	27	27	220	220	156	156	960	960	109	109	43	43	1603	1603	2227	2227	2236	2236	925	925	86	86	113	113	15	15	6	6	6149	6149	2056	2056	18	18	29	29	3	3	5	5	14	14	58	58	62	62	58	58	5336	5336	5890	5890	10024	10024	17031	17031	187	187	237	237
IND00914	599	599	725	725	135	135	191	191	7544	7544	545	545	303	303	268	268	192	192	201	201	15795	15795	9533	9533	617	617	611	611	200	200	146	146	6045	6045	1859	1859	159	159	951	951	6867	6867	2060	2060	386	386	39	39	63	63	46	46	181	181	119	119	3455	3455	3666	3666	797	797	2695	2695	6269	6269	4333	4333	4648	4648	5508	5508	55	55	121	121	2173	2173	483	483	3912	3912	2045	2045	68	68	20	20	451	451	447	447	108	108	62	62	421	421	257	257	328	328	516	516	4	4	208	208	711	711	809	809	578	578	192	192	1754	1754	14942	14942	437	437	462	462	13266	13266	1002	1002	63	63	28	28	159	159	81	81	137	137	133	133	56	56	243	243	984	984	565	565	85	85	117	117	2234	2234	745	745	2646	2646	2051	2051	28	28	23	23	52	52	23	23	6466	6466	7834	7834	13	13	32	32	9	9	12	12	66	66	54	54	1	1	45	45	2719	2719	2951	2951	13252	13252	26324	26324	61	61	149	149
IND00915	564	564	828	828	316	316	393	393	1648	1648	3003	3003	846	846	280	280	121	121	9	9	11276	11276	3166	3166	1207	1207	1749	1749	19	19	157	157	6340	6340	179	179	991	991	771	771	4277	4277	6854	6854	241	241	248	248	49	49	40	40	13	13	213	213	10524	10524	15972	15972	3916	3916	3176	3176	11169	11169	35366	35366	5145	5145	2368	2368	103	103	211	211	2917	2917	7785	7785	1116	1116	110	110	72	72	439	439	663	663	165	165	26	26	82	82	458	458	274	274	583	583	700	700	233	233	200	200	254	254	661	661	787	787	1020	1020	6387	6387	5405	5405	4	4	508	508	9129	9129	6249	6249	108	108	73	73	56	56	113	113	123	123	55	55	95	95	193	193	594	594	621	621	53	53	66	66	461	461	2065	2065	3931	3931	3503	3503	21	21	97	97	16	16	58	58	187	187	797	797	19	19	6	6	11	11	13	13	115	115	14	14	2	2	15	15	6937	6937	6368	6368	1398	1398	12499	12499	132	132	239	239
IND00916	1710	1710	554	554	148	148	225	225	8093	8093	1057	1057	513	513	608	608	166	166	236	236	2008	2008	5302	5302	780	780	1862	1862	312	312	375	375	3305	3305	6779	6779	661	661	954	954	2830	2830	594	594	490	490	332	332	37	37	20	20	255	255	145	145	9732	9732	11849	11849	3771	3771	3699	3699	41733	41733	37592	37592	6232	6232	1757	1757	115	115	128	128	6161	6161	4335	4335	1737	1737	2598	2598	361	361	298	298	688	688	548	548	120	120	23	23	264	264	367	367	304	304	177	177	241	241	253	253	455	455	371	371	274	274	277	277	5768	5768	13646	13646	138	138	9	9	11988	11988	8063	8063	35	35	20	20	148	148	85	85	249	249	36	36	78	78	253	253	415	415	77	77	78	78	55	55	2551	2551	3005	3005	3962	3962	1999	1999	51	51	2	2	26	26	39	39	2471	2471	6314	6314	28	28	8	8	7	7	4	4	105	105	57	57	22	22	2	2	6099	6099	1935	1935	2347	2347	1274	1274	104	104	15	15
IND00917	500	500	998	998	390	390	227	227	8062	8062	3051	3051	868	868	709	709	218	218	40	40	8705	8705	7321	7321	1431	1431	1766	1766	29	29	150	150	436	436	4303	4303	601	601	970	970	5770	5770	7577	7577	636	636	264	264	10	10	61	61	50	50	123	123	2191	2191	4942	4942	3421	3421	1836	1836	31742	31742	49388	49388	1355	1355	4886	4886	104	104	142	142	6695	6695	3057	3057	1351	1351	2889	2889	242	242	342	342	830	830	705	705	21	21	122	122	406	406	398	398	55	55	622	622	245	245	13	13	656	656	392	392	230	230	1136	1136	7509	7509	2306	2306	338	338	179	179	1843	1843	7198	7198	13	13	81	81	160	160	130	130	244	244	49	49	162	162	129	129	703	703	264	264	90	90	37	37	635	635	2899	2899	3339	3339	3125	3125	45	45	55	55	6	6	57	57	402	402	3950	3950	23	23	5	5	4	4	7	7	8	8	67	67	60	60	13	13	4838	4838	3794	3794	29991	29991	9931	9931	34	34	76	76
IND00918	1739	1739	1008	1008	445	445	142	142	5575	5575	3152	3152	388	388	15	15	102	102	194	194	5677	5677	9278	9278	285	285	1392	1392	161	161	285	285	6526	6526	3958	3958	63	63	832	832	6029	6029	4001	4001	585	585	529	529	48	48	15	15	36	36	132	132	14066	14066	11967	11967	1306	1306	1760	1760	26981	26981	51587	51587	758	758	2354	2354	94	94	52	52	1875	1875	1206	1206	2814	2814	3854	3854	269	269	74	74	524	524	925	925	54	54	72	72	371	371	91	91	96	96	33	33	8	8	215	215	328	328	545	545	118	118	708	708	1223	1223	13670	13670	98	98	373	373	8574	8574	2966	2966	17	17	117	117	229	229	25	25	80	80	125	125	16	16	241	241	569	569	456	456	17	17	54	54	3693	3693	3889	3889	1319	1319	3364	3364	88	88	110	110	4	4	36	36	4866	4866	5548	5548	5	5	23	23	8	8	15	15	97	97	82	82	21	21	64	64	1034	1034	1097	1097	25285	25285	13028	13028	130	130	235	235
IND00919	1912	1912	412	412	260	260	288	288	3248	3248	1193	1193	579	579	743	743	189	189	138	138	14357	14357	8988	8988	1911	1911	613	613	450	450	269	269	6875	6875	5516	5516	429	429	857	857	3858	3858	3447	3447	731	731	297	297	49	49	1	1	91	91	132	132	6854	6854	5331	5331	3129	3129	3770	3770	1308	1308	10571	10571	246	246	4423	4423	89	89	244	244	3440	3440	5478	5478	1551	1551	2738	2738	60	60	265	265	259	259	138	138	56	56	3	3	477	477	240	240	175	175	723	723	139	139	89	89	908	908	18	18	1134	1134	537	537	5600	5600	3413	3413	356	356	26	26	756	756	4394	4394	97	97	72	72	186	186	104	104	115	115	25	25	233	233	167	167	962	962	734	734	26	26	81	81	1850	1850	1810	1810	557	557	145	145	118	118	119	119	3	3	49	49	6538	6538	7678	7678	2	2	28	28	3	3	9	9	17	17	79	79	57	57	11	11	2725	2725	6491	6491	1774	1774	2520	2520	125	125	238	238
IND00920	221	221	1791	1791	492	492	94	94	3642	3642	3806	3806	779	779	892	892	50	50	135	135	13871	13871	10741	10741	1543	1543	1477	1477	221	221	60	60	6927	6927	1632	1632	842	842	130	130	1650	1650	2267	2267	547	547	105	105	35	35	9	9	134	134	58	58	9971	9971	10640	10640	607	607	2439	2439	44852	44852	60375	60375	3166	3166	3661	3661	238	238	220	220	3902	3902	6274	6274	2857	2857	1350	1350	362	362	399	399	68	68	895	895	37	37	83	83	184	184	453	453	129	129	175	175	73	73	201	201	1010	1010	375	375	1447	1447	152	152	3199	3199	5221	5221	149	149	351	351	2212	2212	10139	10139	112	112	44	44	232	232	256	256	116	116	249	249	196	196	176	176	312	312	581	581	21	21	68	68	3776	3776	2044	2044	678	678	3627	3627	49	49	82	82	58	58	27	27	5332	5332	1170	1170	9	9	10	10	1	1	13	13	117	117	31	31	52	52	19	19	931	931	4382	4382	9341	9341	3515	3515	104	104	34	34
IND00921	1044	1044	1768	1768	12	12	481	481	2439	2439	4787	4787	96	96	1000	1000	74	74	237	237	8516	8516	1744	1744	299	299	216	216	224	224	464	464	4241	4241	4209	4209	1023	1023	135	135	7161	7161	3528	3528	1016	1016	440	440	33	33	38	38	90	90	36	36	2461	2461	10915	10915	219	219	904	904	27012	27012	61678	61678	969	969	2275	2275	1	1	169	169	5123	5123	7398	7398	1888	1888	3745	3745	369	369	317	317	563	563	378	378	110	110	65	65	381	381	223	223	693	693	883	883	199	199	214	214	487	487	290	290	59	59	417	417	12383	12383	6792	6792	142	142	490	490	12362	12362	9331	9331	126	126	87	87	121	121	191	191	157	157	94	94	42	42	107	107	433	433	640	640	55	55	110	110	854	854	1576	1576	250	250	1230	1230	40	40	28	28	50	50	4	4	3089	3089	2537	2537	1	1	16	16	8	8	15	15	82	82	108	108	25	25	50	50	7768	7768	2365	2365	20505	20505	14303	14303	78	78	92	92
IND00922	410	410	839	839	430	430	476	476	6530	6530	2799	2799	477	477	691	691	149	149	81	81	4187	4187	4326	4326	852	852	315	315	503	503	424	424	7514	7514	3483	3483	922	922	47	47	3384	3384	1195	1195	349	349	330	330	37	37	11	11	87	87	32	32	1601	1601	5090	5090	951	951	2055	2055	25724	25724	28505	28505	2982	2982	1543	1543	151	151	51	51	6337	6337	5062	5062	627	627	2149	2149	170	170	324	324	538	538	645	645	107	107	107	107	213	213	18	18	503	503	825	825	75	75	206	206	938	938	559	559	1219	1219	340	340	10595	10595	6316	6316	3	3	86	86	11132	11132	11834	11834	74	74	73	73	23	23	221	221	192	192	122	122	128	128	39	39	784	784	666	666	125	125	71	71	3243	3243	3614	3614	603	603	1200	1200	109	109	15	15	21	21	39	39	3901	3901	5590	5590	8	8	23	23	6	6	10	10	83	83	20	20	40	40	32	32	3281	3281	6622	6622	22961	22961	12442	12442	209	209	127	127
IND00923	753	753	1067	1067	180	180	209	209	7050	7050	2910	2910	810	810	394	394	180	180	221	221	1709	1709	9634	9634	1975	1975	307	307	168	168	252	252	4451	4451	6499	6499	1022	1022	577	577	4063	4063	5492	5492	272	272	5	5	20	20	6	6	222	222	34	34	2681	2681	9909	9909	3985	3985	107	107	9208	9208	20234	20234	637	637	8040	8040	189	189	234	234	6899	6899	663	663	3229	3229	522	522	196	196	326	326	188	188	564	564	40	40	54	54	161	161	111	111	8	8	997	997	5	5	170	170	804	804	616	616	1577	1577	1917	1917	12298	12298	106	106	340	340	333	333	15779	15779	587	587	13	13	97	97	238	238	247	247	63	63	120	120	204	204	155	155	311	311	713	713	6	6	47	47	340	340	2812	2812	2066	2066	3559	3559	39	39	101	101	29	29	23	23	6232	6232	7382	7382	21	21	23	23	9	9	3	3	85	85	116	116	37	37	19	19	7711	7711	5364	5364	5795	5795	9286	9286	26	26	162	162
IND00924	2036	2036	1038	1038	408	408	16	16	4929	4929	4739	4739	986	986	660	660	67	67	123	123	6456	6456	446	446	360	360	413	413	103	103	509	509	3225	3225	5454	5454	598	598	288	288	6098	6098	3640	3640	1011	1011	550	550	56	56	34	34	179	179	156	156	8751	8751	6394	6394	1565	1565	2354	2354	3596	3596	54392	54392	4428	4428	2860	2860	7	7	132	132	6275	6275	1832	1832	3512	3512	341	341	197	197	453	453	84	84	719	719	36	36	79	79	214	214	487	487	503	503	810	810	220	220	15	15	534	534	832	832	1094	1094	596	596	596	596	12466	12466	47	47	464	464	5694	5694	1748	1748	99	99	93	93	122	122	186	186	9	9	8	8	97	97	200	200	702	702	91	91	128	128	79	79	1141	1141	254	254	234	234	1831	1831	121	121	98	98	43	43	43	43	5541	5541	1691	1691	9	9	9	9	16	16	12	12	26	26	93	93	63	63	44	44	8069	8069	7422	7422	23401	23401	17317	17317	93	93	155	155
IND00925	1140	1140	37	37	401	401	271	271	7272	7272	4923	4923	408	408	312	312	65	65	37	37	13315	13315	6856	6856	346	346	960	960	62	62	166	166	6305	6305	268	268	26	26	548	548	5683	5683	1746	1746	860	860	1003	1003	47	47	26	26	29	29	114	114	5038	5038	11463	11463	1808	1808	1152	1152	35739	35739	43980	43980	5559	5559	639	639	250	250	159	159	4437	4437	271	271	675	675	3059	3059	228	228	384	384	296	296	959	959	42	42	128	128	360	360	55	55	509	509	580	580	40	40	171	171	828	828	198	198	1167	1167	857	857	5581	5581	1495	1495	303	303	16	16	6592	6592	4913	4913	26	26	105	105	74	74	70	70	64	64	166	166	191	191	112	112	936	936	359	359	95	95	35	35	1970	1970	1471	1471	2822	2822	2222	2222	11	11	124	124	43	43	49	49	2164	2164	7927	7927	30	30	15	15	9	9	12	12	96	96	49	49	41	41	48	48	2784	2784	4847	4847	24707	24707	22088	22088	127	127	5	5
IND00926	151	151	543	543	44	44	242	242	3823	3823	5518	5518	520	520	987	987	240	240	55	55	9765	9765	13360	13360	1184	1184	1027	1027	505	505	64	64	3344	3344	7382	7382	985	985	29	29	3709	3709	489	489	941	941	554	554	49	49	24	24	101	101	36	36	5345	5345	14181	14181	2463	2463	2246	2246	23945	23945	30330	30330	8028	8028	7545	7545	87	87	165	165	5432	5432	670	670	1000	1000	629	629	294	294	447	447	701	701	331	331	20	20	1	1	460	460	332	332	524	524	836	836	110	110	155	155	499	499	943	943	1220	1220	796	796	431	431	10861	10861	359	359	325	325	751	751	9161	9161	125	125	101	101	65	65	211	211	232	232	220	220	8	8	236	236	912	912	232	232	97	97	102	102	1659	1659	2215	2215	1474	1474	3500	3500	126	126	102	102	55	55	35	35	7825	7825	3175	3175	23	23	17	17	7	7	1	1	51	51	87	87	5	5	17	17	4814	4814	2401	2401	31884	31884	5531	5531	111	111	195	195
IND00927	500	500	1389	1389	491	491	10	10	5596	5596	6981	6981	432	432	945	945	66	66	226	226	14820	14820	2298	2298	296	296	925	925	340	340	20	20	6585	6585	3065	3065	630	630	835	835	8070	8070	2502	2502	680	680	561	561	49	49	53	53	188	188	61	61	15098	15098	4871	4871	2114	2114	3498	3498	5486	5486	20530	20530	1999	1999	3921	3921	24	24	186	186	833	833	2504	2504	2042	2042	1532	1532	38	38	94	94	693	693	11	11	64	64	25	25	293	293	358	358	535	535	846	846	173	173	100	100	3	3	416	416	468	468	1762	1762	2354	2354	7716	7716	490	490	20	20	222	222	7426	7426	95	95	30	30	230	230	87	87	173	173	69	69	95	95	211	211	296	296	937	937	28	28	126	126	150	150	2134	2134	2617	2617	2374	2374	113	113	65	65	16	16	55	55	6705	6705	4521	4521	21	21	28	28	14	14	11	11	49	49	10	10	42	42	64	64	5581	5581	2634	2634	30097	30097	19127	19127	116	116	255	255
IND00928	1492	1492	1787	1787	295	295	325	325	6266	6266	230	230	439	439	565	565	19	19	77	77	12753	12753	8613	8613	1070	1070	733	733	29	29	5	5	4920	4920	2875	2875	710	710	126	126	7353	7353	5307	5307	823	823	108	108	56	56	15	15	251	251	249	249	4565	4565	13411	13411	1572	1572	1731	1731	17274	17274	50630	50630	1973	1973	7529	7529	105	105	70	70	3596	3596	4859	4859	156	156	3769	3769	37	37	45	45	837	837	956	956	91	91	38	38	26	26	74	74	463	463	26	26	20	20	194	194	299	299	1013	1013	45	45	1333	1333	12740	12740	757	757	275	275	306	306	9550	9550	4919	4919	80	80	2	2	246	246	107	107	104	104	56	56	214	214	165	165	186	186	838	838	72	72	22	22	3578	3578	2121	2121	3327	3327	832	832	86	86	105	105	9	9	22	22	2931	2931	6770	6770	31	31	2	2	12	12	13	13	79	79	87	87	57	57	24	24	5956	5956	3908	3908	3849	3849	27563	27563	219	219	133	133
IND00929	1483	1483	1149	1149	138	138	342	342	8115	8115	6279	6279	355	355	177	177	133	133	24	24	9267	9267	2632	2632	187	187	1914	1914	151	151	375	375	7200	7200	2960	2960	638	638	648	648	5186	5186	7563	7563	182	182	378	378	35	35	6	6	154	154	173	173	3388	3388	13565	13565	1483	1483	1856	1856	7650	7650	48768	48768	5039	5039	2579	2579	115	115	164	164	4408	4408	275	275	3766	3766	1063	1063	129	129	475	475	917	917	100	100	35	35	20	20	101	101	145	145	253	253	542	542	95	95	187	187	686	686	577	577	1017	1017	680	680	3097	3097	1248	1248	426	426	49	49	13742	13742	1376	1376	29	29	7	7	27	27	226	226	148	148	193	193	15	15	142	142	306	306	347	347	126	126	90	90	3019	3019	1929	1929	3724	3724	2947	2947	63	63	45	45	20	20	27	27	1788	1788	6827	6827	31	31	25	25	15	15	2	2	116	116	48	48	16	16	25	25	6276	6276	22	22	18365	18365	1597	1597	116	116	219	219
IND00930	743	743	1349	1349	422	422	356	356	3052	3052	711	711	376	376	578	578	76	76	49	49	2351	2351	3725	3725	976	976	785	785	170	170	135	135	612	612	5833	5833	286	286	164	164	2977	2977	8038	8038	245	245	678	678	40	40	1	1	67	67	221	221	7486	7486	13134	13134	2155	2155	1544	1544	19364	19364	42187	42187	2149	2149	70	70	123	123	175	175	3584	3584	4879	4879	1182	1182	277	277	119	119	196	196	471	471	930	930	98	98	24	24	451	451	54	54	654	654	268	268	81	81	214	214	263	263	1004	1004	47	47	778	778	12750	12750	11118	11118	398	398	395	395	11345	11345	9741	9741	31	31	113	113	81	81	64	64	256	256	71	71	235	235	50	50	487	487	551	551	49	49	111	111	2323	2323	126	126	2146	2146	3182	3182	93	93	109	109	48	48	11	11	6019	6019	6740	6740	5	5	5	5	15	15	10	10	74	74	47	47	36	36	32	32	4549	4549	8104	8104	29943	29943	5177	5177	101	101	15	15
IND00931	1351	1351	708	708	392	392	465	465	3074	3074	893	893	808	808	633	633	137	137	245	245	14140	14140	11954	11954	461	461	683	683	460	460	344	344	6310	6310	3548	3548	395	395	186	186	5041	5041	3742	3742	283	283	306	306	3	3	31	31	76	76	234	234	14305	14305	6727	6727	1849	1849	1892	1892	22223	22223	48999	48999	7316	7316	7499	7499	156	156	36	36	4588	4588	3991	3991	2384	2384	1656	1656	211	211	412	412	101	101	928	928	2	2	22	22	156	156	510	510	336	336	271	271	18	18	234	234	997	997	662	662	1189	1189	778	778	14221	14221	6213	6213	269	269	52	52	6914	6914	14779	14779	5	5	104	104	65	65	184	184	86	86	115	115	190	190	172	172	636	636	504	504	107	107	63	63	1227	1227	1024	1024	2910	2910	2001	2001	70	70	58	58	30	30	32	32	4835	4835	7216	7216	20	20	18	18	3	3	12	12	26	26	82	82	53	53	35	35	3680	3680	6722	6722	30269	30269	27117	27117	224	224	79	79
IND00932	218	218	1169	1169	103	103	2	2	6958	6958	5515	5515	360	360	96	96	42	42	212	212	15826	15826	5503	5503	1169	1169	512	512	129	129	379	379	5840	5840	3343	3343	534	534	74	74	4189	4189	1286	1286	78	78	636	636	57	57	2	2	140	140	152	152	5502	5502	4437	4437	2983	2983	1622	1622	60589	60589	21470	21470	7404	7404	6399	6399	127	127	142	142	1838	1838	3997	3997	1478	1478	3808	3808	374	374	79	79	748	748	947	947	7	7	71	71	76	76	483	483	761	761	861	861	99	99	203	203	444	444	357	357	441	441	1496	1496	11416	11416	454	454	117	117	114	114	16065	16065	9373	9373	114	114	20	20	120	120	182	182	86	86	96	96	56	56	65	65	74	74	323	323	54	54	99	99	2917	2917	1568	1568	690	690	98	98	93	93	109	109	11	11	17	17	5074	5074	4420	4420	30	30	3	3	16	16	7	7	102	102	85	85	59	59	28	28	1380	1380	3189	3189	18832	18832	23029	23029	171	171	185	185
IND00933	1692	1692	1378	1378	309	309	11	11	3590	3590	1266	1266	741	741	630	630	41	41	126	126	2561	2561	6956	6956	718	718	893	893	279	279	377	377	3088	3088	2436	2436	234	234	526	526	2980	2980	2022	2022	1002	1002	156	156	25	25	22	22	170	170	44	44	12354	12354	11863	11863	2703	2703	3908	3908	50809	50809	62276	62276	7123	7123	7659	7659	47	47	247	247	383	383	2020	2020	2651	2651	2517	2517	416	416	297	297	578	578	83	83	31	31	6	6	295	295	13	13	486	486	766	766	15	15	215	215	785	785	146	146	1195	1195	1437	1437	7624	7624	15671	15671	34	34	419	419	8517	8517	790	790	103	103	121	121	161	161	17	17	143	143	242	242	216	216	101	101	310	310	110	110	100	100	77	77	1408	1408	2492	2492	802	802	2390	2390	125	125	121	121	47	47	13	13	1759	1759	3713	3713	19	19	9	9	3	3	2	2	41	41	62	62	41	41	35	35	4731	4731	7711	7711	21901	21901	16091	16091	215	215	8	8
IND00934	1126	1126	2032	2032	319	319	425	425	804	804	1897	1897	174	174	138	138	253	253	232	232	1046	1046	8065	8065	1422	1422	819	819	16	16	187	187	3327	3327	6601	6601	559	559	60	60	4046	4046	3485	3485	774	774	257	257	23	23	20	20	224	224	237	237	8297	8297	11190	11190	2053	2053	241	241	32049	32049	54758	54758	1403	1403	229	229	12	12	202	202	3132	3132	5079	5079	2816	2816	3674	3674	481	481	446	446	661	661	174	174	6	6	44	44	195	195	295	295	733	733	834	834	98	98	240	240	292	292	49	49	93	93	1666	1666	1836	1836	6089	6089	403	403	500	500	6986	6986	14885	14885	18	18	22	22	160	160	9	9	147	147	43	43	126	126	163	163	743	743	820	820	45	45	98	98	2198	2198	2033	2033	1666	1666	2891	2891	36	36	48	48	40	40	55	55	266	266	401	401	25	25	13	13	6	6	12	12	25	25	4	4	48	48	34	34	7716	7716	662	662	14963	14963	32418	32418	224	224	238	238
IND00935	1547	1547	226	226	388	388	214	214	711	711	2308	2308	412	412	98	98	63	63	39	39	5803	5803	6962	6962	119	119	1313	1313	407	407	179	179	5801	5801	8187	8187	229	229	159	159	4763	4763	1039	1039	688	688	590	590	5	5	62	62	165	165	31	31	1717	1717	11221	11221	47	47	2637	2637	57766	57766	31694	31694	1886	1886	2746	2746	208	208	98	98	7633	7633	6043	6043	921	921	1818	1818	284	284	362	362	127	127	205	205	5	5	69	69	104	104	181	181	412	412	64	64	151	151	101	101	319	319	377	377	1698	1698	1967	1967	15963	15963	567	567	478	478	461	461	2360	2360	894	894	53	53	45	45	134	134	133	133	65	65	14	14	91	91	60	60	534	534	164	164	46	46	14	14	1290	1290	3751	3751	3729	3729	476	476	85	85	56	56	41	41	35	35	467	467	6915	6915	6	6	12	12	14	14	8	8	23	23	72	72	22	22	54	54	7203	7203	7503	7503	21758	21758	15397	15397	238	238	29	29
IND00936	249	249	1701	1701	345	345	288	288	1795	1795	505	505	1005	1005	82	82	157	157	185	185	319	319	8308	8308	119	119	998	998	67	67	377	377	701	701	7744	7744	773	773	580	580	2831	2831	4790	4790	663	663	434	434	64	64	11	11	171	171	202	202	1244	1244	10348	10348	2458	2458	3412	3412	3450	3450	11807	11807	1870	1870	4188	4188	144	144	192	192	5572	5572	6328	6328	3791	3791	1719	1719	305	305	239	239	511	511	613	613	61	61	1	1	328	328	417	417	884	884	36	36	79	79	131	131	55	55	627	627	997	997	222	222	6928	6928	5284	5284	227	227	172	172	10650	10650	2938	2938	105	105	71	71	44	44	135	135	197	197	205	205	75	75	48	48	350	350	685	685	112	112	22	22	1323	1323	3872	3872	1572	1572	2388	2388	2	2	86	86	60	60	25	25	5598	5598	6124	6124	15	15	28	28	1	1	4	4	1	1	37	37	36	36	53	53	6744	6744	5607	5607	6800	6800	28133	28133	223	223	153	153
IND00937	448	448	833	833	66	66	473	473	1314	1314	1876	1876	881	881	937	937	169	169	209	209	1381	1381	14951	14951	223	223	1163	1163	479	479	31	31	6092	6092	4532	4532	933	933	581	581	1448	1448	2833	2833	157	157	789	789	41	41	61	61	179	179	143	143	15282	15282	11166	11166	1927	1927	3592	3592	17410	17410	18445	18445	8015	8015	9	9	39	39	66	66	3969	3969	2657	2657	34	34	452	452	159	159	493	493	339	339	682	682	68	68	58	58	313	313	318	318	264	264	34	34	195	195	256	256	5	5	174	174	1165	1165	1342	1342	826	826	14132	14132	239	239	85	85	3051	3051	4977	4977	90	90	34	34	101	101	56	56	62	62	129	129	56	56	98	98	413	413	244	244	71	71	50	50	3486	3486	1792	1792	3846	3846	283	283	112	112	96	96	7	7	54	54	4675	4675	1546	1546	1	1	5	5	9	9	11	11	29	29	122	122	49	49	8	8	3047	3047	1741	1741	10984	10984	4202	4202	15	15	181	181
IND00938	1872	1872	1591	1591	154	154	269	269	5505	5505	1106	1106	383	383	23	23	113	113	15	15	4499	4499	12131	12131	640	640	1030	1030	474	474	398	398	8042	8042	6804	6804	611	611	819	819	4292	4292	7582	7582	885	885	633	633	16	16	25	25	130	130	223	223	5886	5886	6832	6832	587	587	1331	1331	16615	16615	54450	54450	7860	7860	4015	4015	180	180	69	69	1961	1961	1806	1806	678	678	3103	3103	325	325	315	315	475	475	391	391	20	20	68	68	18	18	205	205	352	352	610	610	181	181	253	253	730	730	782	782	1491	1491	1557	1557	14696	14696	6585	6585	131	131	467	467	11238	11238	14333	14333	69	69	93	93	247	247	87	87	208	208	70	70	49	49	34	34	573	573	653	653	71	71	51	51	3371	3371	641	641	2555	2555	1129	1129	117	117	110	110	5	5	19	19	8102	8102	293	293	19	19	13	13	10	10	9	9	21	21	110	110	1	1	50	50	3154	3154	3293	3293	18780	18780	9525	9525	234	234	219	219
IND00939	718	718	1830	1830	420	420	21	21	260	260	2568	2568	494	494	734	734	207	207	135	135	8759	8759	14670	14670	418	418	213	213	406	406	202	202	3496	3496	2649	2649	244	244	105	105	4152	4152	2578	2578	21	21	459	459	18	18	2	2	73	73	132	132	7774	7774	6303	6303	746	746	3504	3504	35300	35300	15015	15015	884	884	4452	4452	161	161	149	149	806	806	278	278	3828	3828	3189	3189	388	388	386	386	402	402	193	193	81	81	14	14	179	179	396	396	645	645	444	444	205	205	198	198	886	886	680	680	264	264	1954	1954	15355	15355	10131	10131	363	363	55	55	8720	8720	12633	12633	62	62	50	50	196	196	214	214	185	185	54	54	117	117	140	140	466	466	652	652	101	101	32	32	2177	2177	256	256	2422	2422	2558	2558	110	110	95	95	13	13	49	49	3804	3804	4217	4217	12	12	1	1	16	16	10	10	6	6	85	85	63	63	60	60	316	316	5629	5629	9750	9750	26596	26596	224	224	175	175
IND00940	329	329	1011	1011	449	449	165	165	494	494	1763	1763	821	821	454	454	183	183	244	244	12203	12203	15691	15691	1663	1663	2048	2048	408	408	458	458	3309	3309	5285	5285	47	47	677	677	3314	3314	2168	2168	549	549	1004	1004	52	52	6	6	67	67	61	61	12611	12611	10922	10922	176	176	3161	3161	51337	51337	59244	59244	2500	2500	6188	6188	41	41	56	56	5429	5429	357	357	1874	1874	2782	2782	233	233	291	291	705	705	6	6	85	85	37	37	479	479	397	397	615	615	430	430	16	16	117	117	904	904	757	757	984	984	54	54	15320	15320	11449	11449	47	47	463	463	3525	3525	7724	7724	109	109	5	5	43	43	69	69	96	96	147	147	248	248	65	65	108	108	714	714	63	63	103	103	1085	1085	2124	2124	4028	4028	2804	2804	96	96	92	92	30	30	2	2	4813	4813	8050	8050	30	30	20	20	15	15	6	6	66	66	81	81	22	22	33	33	4339	4339	6313	6313	7211	7211	29344	29344	161	161	226	226
IND00941	1787	1787	1235	1235	21	21	388	388	5610	5610	2954	2954	928	928	487	487	205	205	155	155	141	141	196	196	931	931	774	774	172	172	211	211	7473	7473	124	124	123	123	960	960	1123	1123	8115	8115	766	766	58	58	58	58	2	2	55	55	189	189	12408	12408	8375	8375	2791	2791	1140	1140	43992	43992	40992	40992	7337	7337	6165	6165	71	71	189	189	7254	7254	4815	4815	1974	1974	2050	2050	278	278	335	335	266	266	984	984	30	30	122	122	141	141	166	166	306	306	838	838	230	230	225	225	616	616	430	430	814	814	135	135	16100	16100	2674	2674	502	502	401	401	3662	3662	15144	15144	70	70	20	20	57	57	231	231	124	124	242	242	173	173	99	99	465	465	830	830	88	88	109	109	4073	4073	928	928	651	651	3904	3904	92	92	68	68	43	43	43	43	6398	6398	508	508	23	23	11	11	14	14	11	11	105	105	11	11	58	58	12	12	4806	4806	2178	2178	11371	11371	8712	8712	33	33	146	146
IND00942	646	646	1281	1281	504	504	501	501	2325	2325	1888	1888	630	630	977	977	56	56	23	23	2907	2907	3522	3522	957	957	679	679	49	49	71	71	1813	1813	7297	7297	768	768	872	872	7466	7466	5786	5786	990	990	964	964	33	33	33	33	117	117	161	161	14201	14201	1109	1109	1855	1855	3532	3532	58667	58667	50318	50318	3466	3466	6690	6690	169	169	154	154	2259	2259	1306	1306	2777	2777	1405	1405	177	177	122	122	547	547	224	224	122	122	108	108	483	483	462	462	349	349	142	142	255	255	131	131	847	847	953	953	251	251	1222	1222	15958	15958	1809	1809	347	347	501	501	3171	3171	8607	8607	109	109	16	16	86	86	148	148	128	128	48	48	61	61	51	51	32	32	620	620	112	112	99	99	3817	3817	151	151	3328	3328	736	736	92	92	11	11	50	50	56	56	3451	3451	525	525	7	7	6	6	13	13	3	3	39	39	38	38	13	13	33	33	8093	8093	35	35	4338	4338	8192	8192	43	43	222	222
IND00943	1761	1761	535	535	341	341	338	338	5167	5167	7660	7660	226	226	393	393	235	235	156	156	12458	12458	7805	7805	778	778	1299	1299	474	474	382	382	610	610	2718	2718	965	965	74	74	5636	5636	2545	2545	741	741	1017	1017	44	44	31	31	214	214	21	21	1849	1849	5219	5219	1577	1577	3535	3535	63760	63760	28047	28047	1869	1869	4962	4962	212	212	221	221	388	388	4743	4743	1627	1627	1082	1082	308	308	153	153	260	260	644	644	122	122	1	1	244	244	196	196	471	471	806	806	242	242	22	22	528	528	522	522	1370	1370	239	239	14520	14520	15633	15633	494	494	335	335	2439	2439	9336	9336	107	107	114	114	126	126	43	43	186	186	130	130	34	34	30	30	5	5	651	651	21	21	85	85	2730	2730	3108	3108	4003	4003	1681	1681	121	121	60	60	28	28	9	9	5718	5718	5788	5788	27	27	6	6	8	8	14	14	65	65	37	37	61	61	6	6	3595	3595	705	705	13508	13508	9661	9661	235	235	243	243
IND00944	1563	1563	539	539	135	135	408	408	85	85	7383	7383	139	139	521	521	89	89	170	170	1579	1579	6169	6169	1372	1372	565	565	136	136	368	368	7194	7194	2831	2831	863	863	733	733	544	544	2648	2648	488	488	370	370	4	4	11	11	161	161	91	91	1822	1822	6040	6040	1193	1193	1973	1973	10380	10380	59939	59939	902	902	5771	5771	227	227	200	200	1922	1922	3822	3822	2380	2380	443	443	461	461	321	321	596	596	826	826	26	26	15	15	376	376	399	399	372	372	826	826	52	52	237	237	414	414	58	58	1481	1481	884	884	7249	7249	6891	6891	202	202	4	4	5167	5167	7204	7204	94	94	110	110	40	40	212	212	50	50	43	43	109	109	49	49	966	966	22	22	15	15	20	20	1126	1126	2938	2938	2240	2240	741	741	70	70	104	104	29	29	3	3	5772	5772	2818	2818	6	6	1	1	10	10	11	11	58	58	29	29	41	41	29	29	1300	1300	6618	6618	23394	23394	30920	30920	108	108	175	175
IND00945	2005	2005	1327	1327	402	402	355	355	5563	5563	1014	1014	539	539	475	475	209	209	229	229	14162	14162	5896	5896	1256	1256	1872	1872	85	85	191	191	7566	7566	2669	2669	380	380	375	375	6805	6805	3237	3237	239	239	1000	1000	39	39	13	13	109	109	225	225	15909	15909	3576	3576	1329	1329	2720	2720	37254	37254	4502	4502	1119	1119	2839	2839	102	102	4	4	6437	6437	3768	3768	3179	3179	3543	3543	329	329	43	43	229	229	164	164	11	11	79	79	58	58	72	72	733	733	442	442	210	210	255	255	688	688	459	459	1861	1861	208	208	9107	9107	13007	13007	102	102	234	234	876	876	11224	11224	44	44	67	67	113	113	116	116	56	56	97	97	189	189	44	44	273	273	333	333	53	53	120	120	2401	2401	1277	1277	2020	2020	2884	2884	76	76	9	9	57	57	6	6	7987	7987	1373	1373	25	25	31	31	16	16	4	4	25	25	111	111	15	15	25	25	7967	7967	7772	7772	2966	2966	10558	10558	52	52	197	197
IND00946	1895	1895	1386	1386	291	291	437	437	5074	5074	4150	4150	361	361	354	354	45	45	111	111	636	636	7297	7297	1250	1250	387	387	152	152	384	384	5658	5658	6273	6273	962	962	505	505	7420	7420	5275	5275	227	227	508	508	36	36	13	13	209	209	205	205	14639	14639	12492	12492	3918	3918	3999	3999	59175	59175	32109	32109	3608	3608	3091	3091	136	136	225	225	2966	2966	579	579	793	793	978	978	7	7	462	462	213	213	530	530	49	49	98	98	292	292	287	287	854	854	138	138	18	18	115	115	314	314	249	249	1055	1055	92	92	1050	1050	2483	2483	15	15	453	453	4750	4750	5771	5771	35	35	85	85	207	207	11	11	118	118	47	47	209	209	18	18	258	258	730	730	87	87	12	12	1182	1182	2961	2961	3074	3074	1354	1354	109	109	54	54	30	30	46	46	1703	1703	2863	2863	14	14	23	23	1	1	9	9	91	91	58	58	61	61	4	4	2357	2357	1800	1800	12076	12076	26738	26738	104	104	15	15
IND00947	654	654	2006	2006	447	447	158	158	4234	4234	6361	6361	33	33	972	972	159	159	5	5	5589	5589	12015	12015	1187	1187	1139	1139	402	402	318	318	7925	7925	7190	7190	261	261	24	24	5153	5153	7830	7830	45	45	85	85	28	28	42	42	145	145	1	1	14626	14626	11010	11010	488	488	2613	2613	60308	60308	45933	45933	6298	6298	3379	3379	255	255	191	191	2778	2778	8097	8097	1240	1240	2631	2631	313	313	427	427	111	111	871	871	23	23	11	11	303	303	464	464	482	482	354	354	185	185	187	187	537	537	170	170	1973	1973	1383	1383	9157	9157	2379	2379	350	350	368	368	6563	6563	10084	10084	78	78	13	13	62	62	132	132	180	180	134	134	119	119	105	105	561	561	679	679	128	128	24	24	3879	3879	415	415	1424	1424	3661	3661	113	113	115	115	28	28	8	8	7360	7360	6848	6848	6	6	6	6	8	8	16	16	46	46	23	23	13	13	35	35	2102	2102	1435	1435	28144	28144	17741	17741	6	6	62	62
IND00948	630	630	768	768	472	472	56	56	5399	5399	1944	1944	66	66	361	361	251	251	115	115	11052	11052	7462	7462	978	978	1546	1546	154	154	40	40	2196	2196	6308	6308	170	170	115	115	2587	2587	7312	7312	949	949	788	788	47	47	32	32	92	92	231	231	6807	6807	12745	12745	2588	2588	680	680	34211	34211	11066	11066	3573	3573	93	93	252	252	171	171	4961	4961	2821	2821	2221	2221	3846	3846	309	309	180	180	250	250	895	895	47	47	27	27	438	438	200	200	591	591	45	45	204	204	216	216	355	355	997	997	592	592	1318	1318	13598	13598	14168	14168	107	107	420	420	8371	8371	1907	1907	24	24	31	31	32	32	36	36	73	73	149	149	34	34	169	169	297	297	717	717	88	88	80	80	3305	3305	2548	2548	2351	2351	3161	3161	121	121	102	102	42	42	31	31	3720	3720	1330	1330	10	10	12	12	11	11	5	5	83	83	115	115	35	35	51	51	1021	1021	1491	1491	16344	16344	19371	19371	41	41	55	55
IND00949	1794	1794	583	583	182	182	221	221	3547	3547	840	840	934	934	178	178	31	31	238	238	16215	16215	7006	7006	1244	1244	829	829	420	420	399	399	121	121	4973	4973	222	222	591	591	119	119	583	583	374	374	274	274	63	63	21	21	205	205	51	51	14549	14549	3447	3447	2387	2387	2057	2057	2550	2550	46506	46506	6251	6251	7677	7677	217	217	201	201	1029	1029	149	149	3848	3848	2222	2222	113	113	164	164	861	861	552	552	16	16	54	54	107	107	453	453	443	443	636	636	34	34	147	147	920	920	400	400	1192	1192	101	101	4039	4039	13268	13268	39	39	455	455	13304	13304	13499	13499	66	66	30	30	85	85	53	53	120	120	167	167	148	148	52	52	636	636	927	927	38	38	123	123	3846	3846	2331	2331	834	834	843	843	37	37	109	109	57	57	44	44	4039	4039	7298	7298	12	12	7	7	8	8	9	9	83	83	110	110	32	32	24	24	5208	5208	3135	3135	2055	2055	30289	30289	12	12	145	145
IND00950	1693	1693	1191	1191	390	390	391	391	6432	6432	10	10	846	846	273	273	218	218	65	65	11006	11006	10402	10402	178	178	975	975	10	10	369	369	7389	7389	968	968	830	830	235	235	6951	6951	6126	6126	59	59	865	865	18	18	49	49	190	190	172	172	3358	3358	11459	11459	262	262	3730	3730	59263	59263	13009	13009	343	343	3717	3717	215	215	203	203	471	471	1907	1907	2784	2784	1702	1702	460	460	185	185	206	206	452	452	113	113	125	125	73	73	265	265	132	132	256	256	186	186	185	185	843	843	659	659	550	550	1202	1202	733	733	12589	12589	83	83	238	238	11638	11638	4523	4523	70	70	62	62	194	194	27	27	231	231	216	216	108	108	228	228	251	251	419	419	73	73	116	116	4006	4006	3395	3395	254	254	2803	2803	94	94	118	118	56	56	20	20	6800	6800	3659	3659	4	4	30	30	2	2	5	5	78	78	79	79	13	13	25	25	6448	6448	6780	6780	9818	9818	27580	27580	244	244	225	225
IND00951	1285	1285	1230	1230	73	73	236	236	4371	4371	987	987	587	587	28	28	217	217	232	232	12866	12866	7118	7118	304	304	1981	1981	413	413	473	473	7028	7028	4332	4332	879	879	978	978	8082	8082	4594	4594	89	89	944	944	61	61	42	42	145	145	49	49	10173	10173	2365	2365	134	134	2218	2218	51541	51541	18972	18972	6516	6516	2752	2752	68	68	119	119	2102	2102	7977	7977	1221	1221	4031	4031	238	238	504	504	409	409	543	543	74	74	18	18	366	366	455	455	489	489	125	125	23	23	162	162	110	110	438	438	1754	1754	1336	1336	5861	5861	6952	6952	351	351	459	459	3538	3538	8358	8358	69	69	10	10	224	224	195	195	212	212	206	206	70	70	35	35	389	389	665	665	128	128	97	97	1763	1763	1229	1229	3833	3833	2613	2613	77	77	39	39	52	52	27	27	3158	3158	7214	7214	14	14	5	5	9	9	9	9	104	104	26	26	22	22	36	36	2130	2130	4983	4983	5928	5928	14716	14716	28	28	4	4
IND00952	1377	1377	557	557	99	99	447	447	8083	8083	4414	4414	366	366	1006	1006	149	149	208	208	15771	15771	1323	1323	1664	1664	1636	1636	318	318	220	220	5747	5747	8184	8184	578	578	962	962	5117	5117	2415	2415	109	109	477	477	37	37	7	7	70	70	60	60	4429	4429	10165	10165	2433	2433	2394	2394	29254	29254	7426	7426	5785	5785	4635	4635	169	169	103	103	4845	4845	6195	6195	3848	3848	754	754	17	17	288	288	498	498	654	654	28	28	43	43	208	208	195	195	845	845	211	211	17	17	78	78	789	789	431	431	185	185	570	570	3975	3975	2230	2230	416	416	176	176	592	592	11304	11304	97	97	104	104	158	158	117	117	29	29	169	169	219	219	130	130	310	310	948	948	128	128	70	70	521	521	3418	3418	3921	3921	1610	1610	30	30	96	96	11	11	45	45	246	246	2573	2573	8	8	27	27	11	11	4	4	117	117	128	128	11	11	53	53	7675	7675	3766	3766	20201	20201	15158	15158	28	28	216	216
IND00953	808	808	1008	1008	237	237	41	41	7413	7413	5990	5990	43	43	405	405	204	204	218	218	11627	11627	7151	7151	1899	1899	358	358	328	328	247	247	4280	4280	6663	6663	468	468	1005	1005	6664	6664	7332	7332	589	589	624	624	51	51	21	21	157	157	255	255	13439	13439	10468	10468	449	449	1215	1215	36908	36908	14007	14007	6984	6984	2074	2074	3	3	231	231	3369	3369	4300	4300	164	164	1532	1532	173	173	402	402	157	157	648	648	75	75	9	9	125	125	226	226	710	710	746	746	133	133	211	211	748	748	112	112	632	632	825	825	10756	10756	9755	9755	238	238	428	428	1125	1125	14820	14820	10	10	5	5	37	37	224	224	182	182	55	55	22	22	59	59	218	218	726	726	46	46	83	83	1547	1547	809	809	3614	3614	726	726	86	86	44	44	62	62	37	37	4313	4313	4683	4683	15	15	23	23	3	3	5	5	74	74	42	42	10	10	53	53	4836	4836	6230	6230	16092	16092	32341	32341	155	155	67	67
IND00954	1741	1741	569	569	93	93	495	495	5035	5035	2023	2023	377	377	539	539	112	112	114	114	3039	3039	6513	6513	498	498	574	574	472	472	164	164	3573	3573	5589	5589	195	195	503	503	3519	3519	5594	5594	545	545	916	916	45	45	18	18	28	28	59	59	4545	4545	2089	2089	225	225	3497	3497	32271	32271	20713	20713	3495	3495	5453	5453	83	83	73	73	4167	4167	5784	5784	995	995	729	729	497	497	94	94	482	482	84	84	87	87	60	60	82	82	339	339	744	744	168	168	69	69	97	97	88	88	920	920	652	652	277	277	4398	4398	92	92	443	443	494	494	12504	12504	3380	3380	44	44	68	68	101	101	194	194	9	9	127	127	212	212	42	42	518	518	706	706	55	55	60	60	529	529	1544	1544	424	424	2796	2796	37	37	5	5	3	3	45	45	6643	6643	3700	3700	4	4	21	21	6	6	6	6	70	70	83	83	34	34	45	45	6785	6785	6943	6943	7438	7438	17105	17105	165	165	157	157
IND00955	1963	1963	374	374	180	180	229	229	4223	4223	1853	1853	722	722	615	615	85	85	34	34	12845	12845	9675	9675	187	187	722	722	455	455	162	162	622	622	6897	6897	343	343	30	30	4496	4496	1056	1056	691	691	284	284	59	59	11	11	196	196	75	75	1467	1467	4656	4656	1347	1347	2042	2042	62091	62091	10696	10696	6147	6147	3184	3184	156	156	68	68	4260	4260	8166	8166	2228	2228	833	833	294	294	148	148	739	739	288	288	80	80	22	22	412	412	315	315	938	938	365	365	250	250	132	132	467	467	261	261	354	354	1911	1911	3594	3594	2582	2582	102	102	189	189	2368	2368	15116	15116	46	46	34	34	223	223	173	173	232	232	171	171	100	100	235	235	844	844	603	603	26	26	111	111	1870	1870	3504	3504	435	435	746	746	7	7	51	51	10	10	48	48	3193	3193	4926	4926	8	8	28	28	5	5	14	14	87	87	114	114	38	38	45	45	595	595	3897	3897	30903	30903	20249	20249	238	238	106	106
IND00956	47	47	1608	1608	46	46	75	75	3082	3082	2462	2462	1022	1022	15	15	43	43	184	184	15609	15609	8581	8581	1801	1801	1945	1945	239	239	170	170	6431	6431	5839	5839	450	450	384	384	5637	5637	2978	2978	379	379	614	614	49	49	30	30	70	70	61	61	6856	6856	1444	1444	2000	2000	1639	1639	2773	2773	26635	26635	6876	6876	600	600	252	252	164	164	6697	6697	2640	2640	1838	1838	3066	3066	82	82	473	473	123	123	978	978	44	44	79	79	410	410	356	356	335	335	135	135	116	116	34	34	319	319	162	162	630	630	7	7	12396	12396	13417	13417	22	22	284	284	5156	5156	288	288	94	94	114	114	211	211	75	75	171	171	88	88	74	74	39	39	305	305	36	36	97	97	95	95	1749	1749	882	882	1885	1885	1330	1330	93	93	87	87	25	25	59	59	801	801	2662	2662	15	15	7	7	7	7	16	16	6	6	28	28	5	5	23	23	7086	7086	7231	7231	4189	4189	11186	11186	140	140	14	14
IND00957	1823	1823	717	717	252	252	79	79	241	241	7898	7898	331	331	863	863	44	44	202	202	11063	11063	3645	3645	1279	1279	1426	1426	333	333	395	395	7921	7921	1090	1090	958	958	158	158	5866	5866	7737	7737	115	115	445	445	3	3	56	56	231	231	97	97	12120	12120	5341	5341	3026	3026	1446	1446	59004	59004	50136	50136	4690	4690	4334	4334	216	216	256	256	43	43	2866	2866	3863	3863	2898	2898	440	440	475	475	486	486	95	95	116	116	42	42	231	231	411	411	388	388	284	284	87	87	192	192	591	591	979	979	185	185	1004	1004	11418	11418	5435	5435	13	13	302	302	12503	12503	14294	14294	121	121	123	123	118	118	255	255	200	200	180	180	172	172	158	158	619	619	328	328	90	90	73	73	1354	1354	1670	1670	2309	2309	3323	3323	126	126	40	40	56	56	43	43	1975	1975	6199	6199	25	25	17	17	5	5	8	8	120	120	34	34	29	29	60	60	1830	1830	988	988	27175	27175	25252	25252	75	75	98	98
IND00958	1357	1357	589	589	117	117	465	465	906	906	6592	6592	526	526	657	657	2	2	187	187	11302	11302	15345	15345	453	453	200	200	132	132	225	225	2455	2455	3916	3916	311	311	743	743	7003	7003	3069	3069	255	255	314	314	32	32	33	33	187	187	184	184	10866	10866	10270	10270	2225	2225	2287	2287	48140	48140	18121	18121	8166	8166	8048	8048	18	18	77	77	3857	3857	3132	3132	2226	2226	678	678	437	437	377	377	631	631	427	427	74	74	79	79	24	24	21	21	987	987	756	756	232	232	225	225	421	421	48	48	1639	1639	732	732	7856	7856	1106	1106	2	2	287	287	9665	9665	895	895	94	94	5	5	15	15	45	45	33	33	224	224	43	43	91	91	59	59	248	248	83	83	56	56	2965	2965	1908	1908	2774	2774	694	694	45	45	91	91	2	2	62	62	2240	2240	1903	1903	30	30	8	8	2	2	12	12	83	83	30	30	13	13	25	25	6038	6038	5563	5563	11747	11747	27154	27154	2	2	33	33
IND00959	1615	1615	1640	1640	175	175	81	81	4439	4439	7413	7413	314	314	141	141	252	252	55	55	10678	10678	8629	8629	1273	1273	856	856	172	172	438	438	1830	1830	919	919	927	927	62	62	7498	7498	6062	6062	528	528	124	124	11	11	19	19	161	161	254	254	8447	8447	2339	2339	3341	3341	2880	2880	47110	47110	53980	53980	7842	7842	3042	3042	182	182	241	241	5427	5427	6474	6474	219	219	919	919	362	362	157	157	372	372	206	206	127	127	43	43	77	77	495	495	790	790	1023	1023	43	43	230	230	595	595	1010	1010	1414	1414	1684	1684	15144	15144	9365	9365	290	290	384	384	575	575	6397	6397	22	22	69	69	140	140	237	237	172	172	29	29	242	242	203	203	102	102	520	520	63	63	36	36	369	369	1847	1847	1811	1811	2498	2498	67	67	116	116	27	27	42	42	3038	3038	6818	6818	3	3	13	13	13	13	7	7	83	83	91	91	39	39	33	33	2426	2426	7211	7211	31900	31900	4230	4230	180	180	104	104
IND00960	1015	1015	1773	1773	251	251	508	508	6877	6877	1010	1010	346	346	589	589	17	17	184	184	9139	9139	14176	14176	1411	1411	1011	1011	156	156	373	373	2918	2918	2502	2502	467	467	483	483	272	272	6287	6287	997	997	953	953	53	53	25	25	248	248	49	49	13421	13421	10200	10200	1033	1033	660	660	31182	31182	7085	7085	122	122	3797	3797	87	87	43	43	5428	5428	368	368	1662	1662	2726	2726	415	415	467	467	580	580	456	456	28	28	54	54	101	101	119	119	920	920	302	302	132	132	47	47	537	537	593	593	962	962	635	635	13180	13180	7622	7622	384	384	371	371	13646	13646	13129	13129	7	7	18	18	206	206	43	43	191	191	198	198	64	64	165	165	980	980	30	30	96	96	7	7	3266	3266	1881	1881	3757	3757	425	425	75	75	103	103	6	6	53	53	6708	6708	1338	1338	17	17	21	21	13	13	9	9	67	67	120	120	19	19	5	5	7289	7289	8137	8137	28548	28548	21900	21900	161	161	247	247
IND00961	90	90	854	854	224	224	100	100	1615	1615	5070	5070	88	88	521	521	190	190	187	187	7606	7606	2266	2266	1879	1879	734	734	481	481	282	282	3040	3040	2198	2198	905	905	580	580	2070	2070	5740	5740	622	622	577	577	54	54	37	37	198	198	82	82	11478	11478	9969	9969	2477	2477	3722	3722	39749	39749	35520	35520	397	397	4477	4477	66	66	214	214	1762	1762	2750	2750	546	546	1206	1206	399	399	281	281	932	932	1017	1017	72	72	100	100	329	329	454	454	682	682	823	823	251	251	210	210	632	632	123	123	1541	1541	943	943	6578	6578	12226	12226	185	185	217	217	13030	13030	12942	12942	37	37	83	83	62	62	149	149	49	49	156	156	223	223	23	23	417	417	941	941	92	92	88	88	2400	2400	1953	1953	3796	3796	427	427	26	26	65	65	55	55	12	12	34	34	4493	4493	24	24	13	13	9	9	9	9	100	100	87	87	35	35	43	43	4644	4644	683	683	8279	8279	17873	17873	144	144	127	127
IND00962	157	157	1444	1444	323	323	327	327	707	707	1448	1448	404	404	517	517	147	147	50	50	6332	6332	7016	7016	1808	1808	1505	1505	279	279	349	349	4212	4212	6839	6839	526	526	98	98	4005	4005	2548	2548	745	745	218	218	7	7	37	37	98	98	28	28	4218	4218	8888	8888	1747	1747	3531	3531	39470	39470	31718	31718	7160	7160	5158	5158	83	83	57	57	4876	4876	5384	5384	1458	1458	1545	1545	285	285	181	181	129	129	769	769	39	39	97	97	208	208	20	20	391	391	718	718	207	207	148	148	360	360	767	767	101	101	512	512	12963	12963	11759	11759	102	102	168	168	13784	13784	9520	9520	21	21	70	70	55	55	33	33	50	50	112	112	244	244	209	209	950	950	439	439	37	37	2	2	639	639	2765	2765	1272	1272	3922	3922	88	88	101	101	45	45	4	4	124	124	2292	2292	24	24	30	30	9	9	14	14	8	8	54	54	6	6	8	8	6719	6719	352	352	13928	13928	9489	9489	211	211	190	190
IND00963	911	911	1272	1272	169	169	416	416	5064	5064	1191	1191	477	477	423	423	143	143	55	55	3105	3105	7339	7339	743	743	1590	1590	46	46	9	9	7605	7605	6800	6800	533	533	211	211	558	558	700	700	729	729	1	1	62	62	64	64	219	219	63	63	8833	8833	6631	6631	3643	3643	2439	2439	33148	33148	55867	55867	3800	3800	7655	7655	46	46	128	128	2091	2091	3509	3509	2768	2768	1574	1574	334	334	207	207	742	742	604	604	109	109	84	84	422	422	149	149	454	454	691	691	208	208	27	27	524	524	452	452	122	122	301	301	9473	9473	16019	16019	512	512	154	154	4625	4625	14623	14623	107	107	21	21	254	254	67	67	37	37	115	115	172	172	164	164	158	158	921	921	44	44	41	41	3851	3851	2428	2428	2470	2470	2947	2947	33	33	85	85	8	8	21	21	6190	6190	4108	4108	23	23	9	9	2	2	7	7	126	126	118	118	44	44	24	24	386	386	3844	3844	27220	27220	23333	23333	247	247	98	98
IND00964	1961	1961	629	629	114	114	42	42	6618	6618	3472	3472	956	956	240	240	192	192	21	21	10031	10031	683	683	308	308	465	465	463	463	265	265	1732	1732	520	520	682	682	592	592	5549	5549	3153	3153	724	724	443	443	9	9	59	59	226	226	152	152	4011	4011	4695	4695	1322	1322	3650	3650	37473	37473	61793	61793	5127	5127	2840	2840	210	210	150	150	1146	1146	677	677	1327	1327	211	211	225	225	247	247	611	611	233	233	121	121	46	46	75	75	286	286	822	822	182	182	224	224	11	11	284	284	382	382	810	810	1093	1093	6548	6548	7090	7090	49	49	444	444	12994	12994	8319	8319	12	12	2	2	208	208	245	245	196	196	154	154	98	98	216	216	325	325	7	7	7	7	85	85	3176	3176	3675	3675	2018	2018	1231	1231	92	92	107	107	12	12	7	7	438	438	2434	2434	16	16	15	15	12	12	4	4	38	38	42	42	36	36	23	23	7210	7210	5046	5046	11306	11306	25997	25997	133	133	135	135
IND00965	295	295	1860	1860	487	487	27	27	7965	7965	4714	4714	24	24	206	206	176	176	65	65	2662	2662	15098	15098	37	37	1225	1225	435	435	499	499	917	917	3369	3369	754	754	959	959	5700	5700	1342	1342	478	478	699	699	40	40	61	61	248	248	156	156	10719	10719	9546	9546	1957	1957	811	811	27401	27401	17305	17305	1833	1833	582	582	32	32	98	98	5591	5591	1676	1676	1735	1735	2465	2465	391	391	482	482	554	554	430	430	46	46	73	73	15	15	408	408	279	279	820	820	9	9	77	77	458	458	565	565	652	652	617	617	206	206	2321	2321	342	342	18	18	7060	7060	15887	15887	10	10	55	55	144	144	159	159	6	6	44	44	150	150	30	30	811	811	47	47	48	48	111	111	1094	1094	500	500	3431	3431	3914	3914	85	85	85	85	29	29	14	14	1240	1240	2527	2527	4	4	2	2	4	4	15	15	12	12	90	90	28	28	2	2	4531	4531	435	435	10771	10771	25679	25679	83	83	105	105
IND00966	1467	1467	897	897	180	180	392	392	1873	1873	7293	7293	1007	1007	774	774	78	78	164	164	10132	10132	2695	2695	1843	1843	1972	1972	194	194	48	48	1893	1893	3393	3393	100	100	863	863	7766	7766	7517	7517	850	850	665	665	50	50	16	16	205	205	204	204	15604	15604	15926	15926	1617	1617	1305	1305	51854	51854	39407	39407	79	79	998	998	192	192	54	54	1783	1783	973	973	164	164	2107	2107	13	13	236	236	326	326	374	374	13	13	74	74	155	155	428	428	676	676	182	182	219	219	133	133	569	569	85	85	1490	1490	1773	1773	6130	6130	15264	15264	121	121	59	59	16372	16372	13612	13612	42	42	87	87	51	51	89	89	65	65	77	77	76	76	239	239	799	799	658	658	89	89	91	91	1602	1602	3125	3125	3808	3808	3043	3043	106	106	30	30	51	51	42	42	2458	2458	5434	5434	32	32	1	1	11	11	16	16	111	111	120	120	12	12	23	23	1338	1338	6734	6734	29268	29268	521	521	26	26	48	48
IND00967	857	857	957	957	297	297	25	25	1359	1359	2636	2636	360	360	251	251	134	134	156	156	5718	5718	13440	13440	268	268	1102	1102	43	43	400	400	5158	5158	6798	6798	388	388	143	143	4206	4206	515	515	469	469	767	767	33	33	33	33	33	33	114	114	908	908	13262	13262	2353	2353	2449	2449	55454	55454	60523	60523	4703	4703	4472	4472	172	172	94	94	4942	4942	2588	2588	3267	3267	4069	4069	140	140	183	183	608	608	867	867	60	60	34	34	82	82	488	488	987	987	909	909	159	159	173	173	955	955	4	4	1919	1919	820	820	6074	6074	5817	5817	493	493	487	487	14726	14726	5189	5189	14	14	50	50	192	192	9	9	74	74	146	146	250	250	214	214	750	750	889	889	55	55	101	101	865	865	637	637	3711	3711	1549	1549	97	97	2	2	19	19	29	29	6431	6431	5555	5555	17	17	29	29	15	15	14	14	30	30	109	109	63	63	14	14	4339	4339	1236	1236	1692	1692	19589	19589	46	46	216	216
IND00968	1660	1660	308	308	92	92	357	357	7677	7677	261	261	489	489	396	396	183	183	242	242	13326	13326	16169	16169	689	689	221	221	11	11	138	138	6245	6245	3509	3509	385	385	34	34	5141	5141	150	150	309	309	766	766	2	2	63	63	225	225	88	88	6512	6512	10494	10494	989	989	2798	2798	58395	58395	31964	31964	790	790	113	113	254	254	243	243	6039	6039	870	870	316	316	2311	2311	308	308	56	56	213	213	714	714	55	55	111	111	268	268	335	335	389	389	287	287	43	43	252	252	780	780	478	478	1011	1011	237	237	16347	16347	3991	3991	224	224	435	435	13746	13746	6351	6351	116	116	15	15	192	192	144	144	27	27	82	82	65	65	6	6	741	741	276	276	11	11	15	15	2096	2096	3979	3979	2491	2491	2884	2884	78	78	34	34	13	13	15	15	5949	5949	722	722	16	16	29	29	3	3	10	10	24	24	16	16	46	46	12	12	6865	6865	5647	5647	13599	13599	28167	28167	106	106	75	75
IND00969	1715	1715	1191	1191	428	428	477	477	2037	2037	8002	8002	110	110	86	86	184	184	122	122	2893	2893	9095	9095	623	623	195	195	5	5	139	139	1995	1995	1301	1301	426	426	659	659	3552	3552	3478	3478	175	175	251	251	60	60	61	61	256	256	238	238	826	826	2418	2418	2051	2051	1107	1107	62426	62426	17247	17247	479	479	3653	3653	88	88	255	255	168	168	1000	1000	1695	1695	295	295	372	372	18	18	227	227	208	208	70	70	112	112	228	228	265	265	688	688	35	35	148	148	255	255	854	854	568	568	704	704	1430	1430	14359	14359	11252	11252	218	218	175	175	164	164	725	725	9	9	94	94	102	102	112	112	250	250	182	182	65	65	174	174	103	103	610	610	42	42	70	70	1810	1810	3539	3539	910	910	688	688	6	6	19	19	30	30	37	37	7326	7326	4658	4658	1	1	6	6	9	9	2	2	78	78	108	108	54	54	59	59	5169	5169	2021	2021	31253	31253	299	299	212	212	66	66
IND00970	1464	1464	555	555	106	106	307	307	5774	5774	1969	1969	347	347	815	815	222	222	79	79	484	484	10093	10093	1849	1849	871	871	299	299	39	39	2784	2784	5502	5502	326	326	173	173	6260	6260	7137	7137	948	948	482	482	24	24	13	13	18	18	106	106	12197	12197	4132	4132	1915	1915	3117	3117	48303	48303	8951	8951	764	764	895	895	136	136	89	89	8078	8078	3186	3186	1647	1647	3669	3669	148	148	241	241	429	429	677	677	109	109	31	31	382	382	92	92	835	835	734	734	40	40	104	104	796	796	746	746	1908	1908	1492	1492	5176	5176	786	786	413	413	304	304	5398	5398	334	334	103	103	26	26	162	162	168	168	106	106	254	254	138	138	34	34	887	887	855	855	21	21	71	71	3236	3236	1181	1181	1927	1927	846	846	35	35	126	126	63	63	16	16	5565	5565	3670	3670	17	17	3	3	5	5	1	1	59	59	52	52	6	6	1	1	11	11	4834	4834	13329	13329	4390	4390	220	220	58	58
IND00971	1393	1393	1105	1105	401	401	391	391	4155	4155	4134	4134	758	758	650	650	160	160	152	152	12350	12350	10249	10249	1469	1469	677	677	391	391	488	488	3290	3290	2237	2237	896	896	60	60	6479	6479	2487	2487	502	502	497	497	21	21	9	9	243	243	120	120	5392	5392	8340	8340	3641	3641	4056	4056	12388	12388	3200	3200	5056	5056	3244	3244	49	49	6	6	1537	1537	129	129	1087	1087	1939	1939	85	85	203	203	794	794	773	773	55	55	128	128	81	81	18	18	98	98	63	63	65	65	113	113	257	257	554	554	227	227	2008	2008	13804	13804	1981	1981	146	146	424	424	1331	1331	9446	9446	61	61	49	49	128	128	243	243	74	74	115	115	21	21	91	91	851	851	960	960	85	85	120	120	519	519	1398	1398	430	430	1627	1627	3	3	64	64	10	10	16	16	1163	1163	3987	3987	7	7	12	12	1	1	9	9	19	19	61	61	20	20	9	9	2919	2919	645	645	14828	14828	8287	8287	197	197	216	216
IND00972	844	844	553	553	225	225	281	281	948	948	980	980	705	705	619	619	193	193	248	248	4488	4488	7490	7490	268	268	1337	1337	130	130	359	359	4109	4109	7701	7701	739	739	201	201	38	38	3686	3686	643	643	878	878	56	56	58	58	94	94	108	108	10628	10628	1403	1403	2471	2471	185	185	45409	45409	21217	21217	878	878	182	182	26	26	27	27	7977	7977	1107	1107	1796	1796	181	181	21	21	299	299	839	839	908	908	48	48	116	116	284	284	223	223	349	349	139	139	7	7	169	169	173	173	802	802	1049	1049	774	774	5887	5887	247	247	27	27	62	62	11440	11440	9026	9026	125	125	82	82	155	155	11	11	255	255	48	48	168	168	106	106	83	83	196	196	106	106	23	23	946	946	2627	2627	2937	2937	140	140	125	125	93	93	60	60	27	27	7918	7918	4522	4522	18	18	24	24	8	8	9	9	111	111	93	93	17	17	37	37	8088	8088	7470	7470	6572	6572	12793	12793	153	153	44	44
IND00973	1709	1709	606	606	351	351	440	440	7022	7022	4462	4462	602	602	811	811	15	15	27	27	3168	3168	4701	4701	1212	1212	1988	1988	373	373	48	48	1483	1483	7701	7701	856	856	949	949	5369	5369	5763	5763	831	831	711	711	23	23	35	35	88	88	94	94	4934	4934	2164	2164	3169	3169	3145	3145	51169	51169	25127	25127	5042	5042	6556	6556	115	115	167	167	6925	6925	8045	8045	1055	1055	1104	1104	309	309	405	405	111	111	311	311	70	70	53	53	85	85	291	291	984	984	528	528	113	113	155	155	334	334	776	776	92	92	501	501	8366	8366	5617	5617	397	397	108	108	11819	11819	5339	5339	14	14	91	91	6	6	152	152	194	194	133	133	32	32	90	90	370	370	170	170	68	68	109	109	1027	1027	627	627	2633	2633	1315	1315	8	8	44	44	35	35	17	17	5905	5905	4955	4955	13	13	8	8	16	16	13	13	119	119	112	112	9	9	34	34	3674	3674	5954	5954	25665	25665	21159	21159	115	115	27	27
IND00974	1226	1226	1298	1298	168	168	505	505	6438	6438	2331	2331	231	231	175	175	25	25	131	131	12509	12509	6163	6163	10	10	134	134	470	470	15	15	7206	7206	4920	4920	631	631	561	561	1431	1431	4763	4763	72	72	283	283	3	3	46	46	32	32	219	219	1735	1735	11457	11457	3703	3703	2671	2671	20517	20517	37152	37152	888	888	4518	4518	111	111	13	13	6264	6264	4600	4600	2977	2977	1747	1747	223	223	283	283	772	772	558	558	37	37	71	71	486	486	389	389	792	792	887	887	6	6	246	246	159	159	218	218	1292	1292	1408	1408	5419	5419	11240	11240	419	419	308	308	5060	5060	7443	7443	95	95	6	6	208	208	224	224	48	48	77	77	48	48	11	11	979	979	887	887	43	43	2	2	4080	4080	1259	1259	3194	3194	412	412	108	108	36	36	54	54	56	56	6238	6238	5545	5545	30	30	32	32	5	5	9	9	59	59	3	3	44	44	31	31	1287	1287	2131	2131	30005	30005	16806	16806	189	189	29	29
IND00975	1064	1064	1992	1992	266	266	208	208	4155	4155	7455	7455	421	421	718	718	72	72	240	240	332	332	7694	7694	1652	1652	1175	1175	356	356	89	89	1335	1335	3064	3064	238	238	539	539	3382	3382	1260	1260	815	815	23	23	25	25	37	37	98	98	117	117	14140	14140	7091	7091	1302	1302	1322	1322	61297	61297	4930	4930	1138	1138	7493	7493	126	126	221	221	7179	7179	7392	7392	3929	3929	460	460	151	151	196	196	522	522	841	841	124	124	35	35	320	320	405	405	229	229	831	831	223	223	1	1	780	780	217	217	150	150	1237	1237	10195	10195	13783	13783	14	14	286	286	11691	11691	11106	11106	15	15	26	26	105	105	123	123	91	91	31	31	254	254	122	122	649	649	315	315	76	76	35	35	1977	1977	2852	2852	1975	1975	1353	1353	100	100	82	82	16	16	47	47	2657	2657	542	542	27	27	27	27	2	2	14	14	28	28	55	55	43	43	5	5	6486	6486	4861	4861	9251	9251	191	191	134	134	164	164
IND00976	851	851	980	980	383	383	80	80	2288	2288	5306	5306	629	629	310	310	53	53	193	193	13449	13449	10137	10137	815	815	747	747	313	313	87	87	7343	7343	7498	7498	413	413	195	195	7183	7183	5318	5318	84	84	268	268	30	30	22	22	173	173	171	171	3045	3045	7263	7263	549	549	663	663	37210	37210	10866	10866	5078	5078	7343	7343	72	72	154	154	2607	2607	1573	1573	143	143	694	694	278	278	23	23	466	466	383	383	12	12	15	15	328	328	143	143	242	242	101	101	255	255	83	83	411	411	917	917	665	665	598	598	7043	7043	183	183	91	91	402	402	7633	7633	15223	15223	95	95	13	13	49	49	142	142	43	43	141	141	177	177	98	98	182	182	711	711	89	89	93	93	3280	3280	1555	1555	2962	2962	2385	2385	38	38	13	13	64	64	8	8	4973	4973	6569	6569	28	28	19	19	13	13	10	10	17	17	96	96	9	9	52	52	7973	7973	6787	6787	32558	32558	17578	17578	192	192	65	65
IND00977	643	643	936	936	402	402	232	232	7252	7252	3219	3219	568	568	25	25	212	212	212	212	6522	6522	8038	8038	968	968	1568	1568	463	463	457	457	8118	8118	5247	5247	896	896	993	993	2893	2893	6927	6927	549	549	285	285	2	2	50	50	98	98	166	166	886	886	11916	11916	2574	2574	280	280	64979	64979	8088	8088	6323	6323	7175	7175	236	236	141	141	4573	4573	925	925	3954	3954	1407	1407	94	94	462	462	971	971	107	107	12	12	66	66	405	405	447	447	831	831	721	721	143	143	242	242	368	368	979	979	450	450	319	319	7369	7369	15851	15851	301	301	344	344	11232	11232	15284	15284	85	85	101	101	235	235	229	229	91	91	191	191	232	232	103	103	879	879	935	935	88	88	85	85	3396	3396	1406	1406	1632	1632	1125	1125	48	48	62	62	40	40	1	1	6759	6759	391	391	10	10	32	32	4	4	13	13	59	59	112	112	35	35	30	30	943	943	6136	6136	26845	26845	24732	24732	84	84	43	43
IND00978	1365	1365	1932	1932	466	466	263	263	4175	4175	2921	2921	7	7	114	114	10	10	68	68	2108	2108	5663	5663	1031	1031	1213	1213	463	463	217	217	4338	4338	2540	2540	58	58	772	772	302	302	3242	3242	971	971	501	501	15	15	62	62	157	157	83	83	11040	11040	4914	4914	306	306	2872	2872	61626	61626	29605	29605	4360	4360	1084	1084	203	203	233	233	2664	2664	7121	7121	1772	1772	1460	1460	232	232	235	235	599	599	864	864	33	33	102	102	289	289	281	281	314	314	879	879	183	183	232	232	604	604	500	500	2029	2029	2009	2009	7054	7054	14632	14632	410	410	510	510	4962	4962	8616	8616	12	12	8	8	128	128	211	211	121	121	203	203	215	215	7	7	120	120	314	314	41	41	56	56	2575	2575	2331	2331	1139	1139	148	148	60	60	21	21	13	13	30	30	6000	6000	6258	6258	28	28	6	6	15	15	9	9	55	55	35	35	64	64	22	22	5709	5709	442	442	18401	18401	16572	16572	256	256	30	30
IND00979	1622	1622	184	184	407	407	124	124	4337	4337	2042	2042	34	34	528	528	246	246	222	222	9378	9378	10370	10370	1742	1742	1378	1378	444	444	241	241	4625	4625	3647	3647	16	16	46	46	7351	7351	3910	3910	466	466	53	53	16	16	55	55	90	90	71	71	9765	9765	3568	3568	3572	3572	1850	1850	44027	44027	29239	29239	6417	6417	6898	6898	28	28	134	134	1949	1949	2825	2825	1365	1365	1219	1219	405	405	414	414	181	181	12	12	109	109	40	40	190	190	189	189	221	221	341	341	164	164	43	43	579	579	612	612	1724	1724	2022	2022	9135	9135	16224	16224	467	467	252	252	2927	2927	7557	7557	112	112	38	38	13	13	3	3	195	195	102	102	4	4	85	85	40	40	531	531	46	46	14	14	3747	3747	1850	1850	3297	3297	4022	4022	45	45	105	105	11	11	20	20	1936	1936	3903	3903	11	11	32	32	6	6	11	11	11	11	51	51	60	60	11	11	4472	4472	86	86	13619	13619	29517	29517	214	214	8	8
IND00980	1608	1608	1028	1028	388	388	57	57	1268	1268	3414	3414	689	689	991	991	149	149	251	251	14502	14502	2454	2454	2048	2048	1494	1494	410	410	5	5	2631	2631	563	563	662	662	460	460	5259	5259	3053	3053	306	306	342	342	11	11	16	16	7	7	32	32	13549	13549	12752	12752	4077	4077	3962	3962	42103	42103	32500	32500	3085	3085	3396	3396	135	135	15	15	7808	7808	5903	5903	3172	3172	3610	3610	471	471	146	146	584	584	334	334	115	115	63	63	152	152	260	260	105	105	283	283	98	98	82	82	734	734	356	356	575	575	823	823	13713	13713	5515	5515	100	100	257	257	14136	14136	8148	8148	5	5	79	79	11	11	56	56	177	177	39	39	194	194	156	156	558	558	688	688	70	70	68	68	464	464	1472	1472	34	34	1618	1618	42	42	19	19	51	51	63	63	7784	7784	6285	6285	11	11	12	12	15	15	13	13	8	8	54	54	30	30	4	4	6571	6571	5191	5191	18106	18106	2329	2329	96	96	248	248
IND00981	1226	1226	1874	1874	244	244	22	22	4715	4715	2836	2836	997	997	675	675	235	235	73	73	15688	15688	132	132	1556	1556	253	253	80	80	120	120	6933	6933	6924	6924	886	886	597	597	1816	1816	1655	1655	381	381	964	964	8	8	39	39	177	177	188	188	7172	7172	3629	3629	3524	3524	2659	2659	13224	13224	29526	29526	5209	5209	7718	7718	58	58	141	141	853	853	2209	2209	817	817	2935	2935	301	301	342	342	128	128	827	827	97	97	46	46	435	435	282	282	273	273	246	246	40	40	242	242	540	540	788	788	1491	1491	872	872	16004	16004	2454	2454	204	204	286	286	16151	16151	13137	13137	51	51	31	31	124	124	29	29	199	199	164	164	247	247	99	99	553	553	4	4	41	41	31	31	1203	1203	2891	2891	1335	1335	2041	2041	25	25	63	63	50	50	36	36	4050	4050	1614	1614	7	7	4	4	5	5	14	14	16	16	100	100	38	38	55	55	6157	6157	1695	1695	23757	23757	5204	5204	109	109	20	20
IND00982	304	304	35	35	411	411	73	73	3772	3772	2140	2140	847	847	266	266	239	239	132	132	1859	1859	3676	3676	386	386	830	830	64	64	341	341	7973	7973	4040	4040	305	305	751	751	3660	3660	473	473	912	912	49	49	40	40	27	27	50	50	200	200	10616	10616	9737	9737	2204	2204	2032	2032	36963	36963	22582	22582	2657	2657	2049	2049	5	5	211	211	8062	8062	5142	5142	3569	3569	420	420	106	106	112	112	1023	1023	397	397	90	90	109	109	393	393	300	300	758	758	338	338	101	101	246	246	269	269	874	874	1395	1395	1128	1128	11164	11164	12222	12222	141	141	396	396	12428	12428	15016	15016	107	107	30	30	185	185	202	202	51	51	216	216	105	105	125	125	705	705	784	784	53	53	125	125	1846	1846	3862	3862	1147	1147	3273	3273	34	34	61	61	24	24	23	23	2322	2322	597	597	12	12	2	2	1	1	2	2	66	66	41	41	29	29	32	32	5617	5617	2935	2935	1553	1553	4562	4562	34	34	28	28
IND00983	1991	1991	873	873	235	235	96	96	3	3	7743	7743	176	176	158	158	34	34	238	238	6806	6806	13340	13340	63	63	869	869	58	58	90	90	6511	6511	483	483	947	947	618	618	3338	3338	5197	5197	400	400	469	469	12	12	31	31	44	44	66	66	4314	4314	2364	2364	3697	3697	475	475	63699	63699	53120	53120	830	830	4308	4308	116	116	226	226	651	651	5194	5194	3300	3300	80	80	99	99	237	237	324	324	404	404	7	7	43	43	86	86	121	121	645	645	675	675	26	26	197	197	298	298	891	891	394	394	1747	1747	12198	12198	317	317	163	163	262	262	5204	5204	7350	7350	1	1	7	7	56	56	98	98	12	12	219	219	214	214	169	169	644	644	654	654	6	6	107	107	3041	3041	1516	1516	3821	3821	711	711	97	97	66	66	54	54	57	57	5161	5161	3466	3466	5	5	28	28	15	15	12	12	55	55	82	82	44	44	64	64	524	524	4407	4407	22302	22302	25986	25986	46	46	237	237
IND00984	2002	2002	1844	1844	65	65	463	463	6494	6494	4154	4154	201	201	883	883	195	195	19	19	10654	10654	6450	6450	1524	1524	79	79	493	493	304	304	2223	2223	3856	3856	989	989	346	346	2721	2721	2279	2279	890	890	969	969	53	53	48	48	79	79	243	243	8240	8240	7624	7624	3898	3898	1313	1313	11998	11998	37345	37345	1080	1080	678	678	250	250	98	98	7196	7196	5186	5186	3635	3635	2865	2865	78	78	198	198	256	256	392	392	52	52	86	86	32	32	372	372	853	853	894	894	133	133	220	220	826	826	426	426	1148	1148	162	162	6870	6870	11298	11298	399	399	489	489	1348	1348	10248	10248	38	38	91	91	139	139	221	221	224	224	111	111	91	91	207	207	849	849	422	422	59	59	82	82	3960	3960	3212	3212	2742	2742	380	380	123	123	83	83	61	61	9	9	448	448	4909	4909	26	26	18	18	4	4	5	5	60	60	58	58	58	58	42	42	6774	6774	7310	7310	2596	2596	7901	7901	33	33	65	65
IND00985	228	228	919	919	491	491	394	394	3028	3028	6212	6212	356	356	584	584	121	121	117	117	13432	13432	14402	14402	874	874	243	243	132	132	328	328	7817	7817	7440	7440	393	393	763	763	3258	3258	2228	2228	372	372	841	841	3	3	59	59	184	184	125	125	13100	13100	9252	9252	2179	2179	2570	2570	3087	3087	40161	40161	3136	3136	6642	6642	125	125	103	103	2512	2512	2750	2750	2122	2122	481	481	141	141	9	9	40	40	147	147	48	48	87	87	52	52	38	38	229	229	266	266	247	247	152	152	46	46	573	573	110	110	548	548	13560	13560	15629	15629	301	301	106	106	3739	3739	679	679	33	33	126	126	85	85	73	73	4	4	42	42	189	189	42	42	113	113	421	421	81	81	79	79	3224	3224	2500	2500	1127	1127	2644	2644	75	75	61	61	53	53	15	15	6387	6387	1136	1136	30	30	6	6	2	2	6	6	2	2	13	13	41	41	13	13	8044	8044	2968	2968	8876	8876	28837	28837	244	244	107	107
IND00986	202	202	1188	1188	295	295	82	82	4432	4432	1343	1343	960	960	854	854	143	143	66	66	782	782	6108	6108	890	890	1242	1242	89	89	1	1	1554	1554	282	282	350	350	404	404	7433	7433	1881	1881	218	218	263	263	56	56	22	22	103	103	256	256	14146	14146	8829	8829	2225	2225	1053	1053	8605	8605	45057	45057	2597	2597	4332	4332	218	218	66	66	6820	6820	277	277	3753	3753	1474	1474	32	32	185	185	69	69	882	882	19	19	63	63	226	226	409	409	257	257	245	245	205	205	150	150	550	550	892	892	1919	1919	869	869	5344	5344	7936	7936	83	83	499	499	16380	16380	3529	3529	118	118	16	16	79	79	58	58	128	128	72	72	239	239	217	217	907	907	553	553	106	106	96	96	985	985	2251	2251	1458	1458	588	588	77	77	57	57	33	33	25	25	5581	5581	328	328	31	31	18	18	16	16	11	11	37	37	119	119	37	37	61	61	3077	3077	4834	4834	13649	13649	32603	32603	192	192	254	254
IND00987	250	250	1037	1037	145	145	155	155	3976	3976	2383	2383	1023	1023	586	586	86	86	53	53	3404	3404	14217	14217	840	840	950	950	428	428	501	501	442	442	2952	2952	235	235	772	772	6569	6569	5536	5536	77	77	368	368	55	55	36	36	212	212	70	70	7194	7194	16382	16382	353	353	1361	1361	30121	30121	59730	59730	6830	6830	5234	5234	103	103	39	39	507	507	279	279	3580	3580	1196	1196	209	209	19	19	359	359	75	75	14	14	106	106	362	362	62	62	886	886	256	256	166	166	52	52	495	495	964	964	784	784	1481	1481	6682	6682	13252	13252	161	161	410	410	15681	15681	847	847	17	17	79	79	256	256	135	135	107	107	20	20	162	162	72	72	137	137	312	312	108	108	32	32	2124	2124	2801	2801	72	72	3850	3850	4	4	110	110	42	42	1	1	3792	3792	6107	6107	25	25	10	10	7	7	1	1	95	95	2	2	44	44	1	1	4403	4403	3161	3161	18120	18120	3263	3263	130	130	228	228
IND00988	989	989	568	568	169	169	455	455	2866	2866	7876	7876	946	946	857	857	77	77	26	26	10788	10788	14217	14217	155	155	1893	1893	180	180	145	145	2260	2260	4174	4174	894	894	847	847	4144	4144	3384	3384	763	763	986	986	33	33	59	59	215	215	81	81	9938	9938	15173	15173	3336	3336	1263	1263	1804	1804	6063	6063	2892	2892	2226	2226	78	78	175	175	3019	3019	3892	3892	150	150	3297	3297	201	201	220	220	63	63	714	714	42	42	44	44	379	379	8	8	432	432	567	567	31	31	176	176	786	786	115	115	1492	1492	1716	1716	6457	6457	15161	15161	62	62	67	67	1622	1622	9786	9786	106	106	20	20	19	19	123	123	181	181	132	132	158	158	62	62	432	432	867	867	85	85	55	55	588	588	1977	1977	590	590	2823	2823	126	126	97	97	26	26	25	25	4630	4630	6417	6417	26	26	26	26	12	12	4	4	128	128	86	86	25	25	38	38	199	199	2741	2741	15952	15952	30620	30620	232	232	82	82
IND00989	1498	1498	745	745	135	135	91	91	5012	5012	2826	2826	969	969	47	47	70	70	134	134	1205	1205	7394	7394	173	173	412	412	52	52	201	201	586	586	1240	1240	108	108	981	981	1922	1922	7336	7336	451	451	264	264	50	50	38	38	181	181	79	79	9952	9952	7545	7545	3613	3613	3825	3825	32936	32936	9942	9942	6291	6291	6267	6267	189	189	242	242	989	989	3342	3342	2478	2478	3705	3705	201	201	445	445	516	516	629	629	36	36	2	2	141	141	296	296	158	158	661	661	20	20	223	223	670	670	845	845	1651	1651	1118	1118	9067	9067	7946	7946	411	411	198	198	4747	4747	6643	6643	113	113	118	118	184	184	141	141	221	221	154	154	6	6	97	97	589	589	673	673	44	44	45	45	1657	1657	1765	1765	100	100	1224	1224	40	40	44	44	20	20	24	24	7105	7105	7621	7621	32	32	17	17	16	16	6	6	91	91	51	51	40	40	3	3	4799	4799	5704	5704	9932	9932	15033	15033	27	27	243	243
IND00990	980	980	343	343	318	318	221	221	3310	3310	6574	6574	159	159	447	447	165	165	229	229	11552	11552	9022	9022	1905	1905	1354	1354	81	81	433	433	5489	5489	5865	5865	449	449	155	155	2406	2406	49	49	830	830	103	103	5	5	43	43	130	130	53	53	13157	13157	5550	5550	3858	3858	2348	2348	58454	58454	27101	27101	5213	5213	6400	6400	159	159	88	88	4534	4534	2252	2252	1888	1888	1135	1135	128	128	31	31	483	483	1016	1016	72	72	53	53	370	370	222	222	334	334	237	237	252	252	239	239	18	18	265	265	1075	1075	1807	1807	13322	13322	14815	14815	151	151	100	100	4982	4982	6594	6594	94	94	65	65	218	218	14	14	104	104	46	46	28	28	246	246	50	50	443	443	10	10	83	83	3991	3991	2862	2862	2428	2428	1823	1823	34	34	81	81	6	6	33	33	524	524	5192	5192	17	17	15	15	13	13	10	10	71	71	24	24	34	34	62	62	6211	6211	690	690	10321	10321	31536	31536	11	11	103	103
IND00991	1529	1529	1448	1448	41	41	334	334	3267	3267	8178	8178	205	205	298	298	45	45	219	219	6972	6972	6886	6886	1272	1272	1907	1907	189	189	27	27	685	685	7950	7950	565	565	767	767	644	644	3693	3693	866	866	675	675	8	8	62	62	3	3	102	102	9412	9412	172	172	1916	1916	537	537	62291	62291	35598	35598	863	863	3425	3425	176	176	147	147	3871	3871	2901	2901	3996	3996	2837	2837	125	125	417	417	167	167	812	812	50	50	45	45	229	229	272	272	946	946	796	796	117	117	114	114	20	20	655	655	915	915	1090	1090	10724	10724	6673	6673	23	23	287	287	15674	15674	2498	2498	22	22	3	3	138	138	107	107	218	218	60	60	25	25	11	11	702	702	977	977	28	28	38	38	3405	3405	3684	3684	1372	1372	146	146	82	82	49	49	21	21	5	5	7199	7199	4478	4478	10	10	1	1	6	6	11	11	56	56	101	101	51	51	8	8	4260	4260	711	711	17505	17505	27579	27579	67	67	63	63
IND00992	1297	1297	810	810	459	459	119	119	3246	3246	6250	6250	857	857	15	15	50	50	157	157	7184	7184	13663	13663	795	795	1508	1508	90	90	303	303	242	242	2127	2127	474	474	458	458	6607	6607	6724	6724	739	739	867	867	36	36	9	9	117	117	100	100	3398	3398	7331	7331	303	303	2896	2896	56401	56401	11453	11453	4728	4728	2419	2419	41	41	140	140	7681	7681	3521	3521	1499	1499	1947	1947	239	239	154	154	865	865	664	664	63	63	52	52	372	372	139	139	197	197	332	332	251	251	243	243	143	143	649	649	556	556	131	131	729	729	3035	3035	208	208	64	64	14634	14634	12033	12033	15	15	100	100	240	240	82	82	214	214	48	48	5	5	111	111	148	148	617	617	52	52	105	105	581	581	1747	1747	2920	2920	635	635	48	48	52	52	41	41	4	4	219	219	2788	2788	15	15	28	28	2	2	9	9	42	42	31	31	16	16	31	31	6218	6218	2855	2855	18900	18900	27302	27302	102	102	77	77
IND00993	820	820	2029	2029	199	199	194	194	8079	8079	372	372	472	472	900	900	148	148	163	163	9454	9454	7700	7700	558	558	615	615	333	333	136	136	4350	4350	5308	5308	791	791	298	298	1527	1527	5908	5908	196	196	984	984	23	23	51	51	189	189	30	30	8631	8631	3635	3635	3335	3335	3126	3126	45101	45101	44133	44133	4882	4882	7657	7657	195	195	151	151	534	534	4938	4938	36	36	1287	1287	112	112	44	44	487	487	163	163	22	22	123	123	342	342	332	332	752	752	339	339	188	188	19	19	940	940	616	616	1873	1873	1378	1378	2953	2953	7333	7333	117	117	392	392	12990	12990	7989	7989	120	120	62	62	179	179	115	115	177	177	101	101	70	70	94	94	359	359	768	768	3	3	76	76	3761	3761	3993	3993	682	682	483	483	78	78	52	52	46	46	2	2	5038	5038	6746	6746	25	25	22	22	5	5	7	7	67	67	102	102	22	22	56	56	3068	3068	2611	2611	27131	27131	19573	19573	54	54	88	88
IND00994	565	565	1369	1369	444	444	51	51	4221	4221	7521	7521	736	736	658	658	97	97	225	225	8862	8862	251	251	1710	1710	761	761	132	132	83	83	5627	5627	7360	7360	625	625	27	27	977	977	648	648	545	545	252	252	15	15	14	14	231	231	17	17	6691	6691	7591	7591	1082	1082	795	795	15194	15194	18506	18506	5073	5073	2038	2038	239	239	174	174	6518	6518	4011	4011	1557	1557	1181	1181	421	421	345	345	971	971	471	471	73	73	75	75	208	208	333	333	962	962	391	391	43	43	41	41	111	111	360	360	981	981	1980	1980	8134	8134	8502	8502	203	203	235	235	4801	4801	1198	1198	81	81	110	110	238	238	142	142	140	140	7	7	93	93	88	88	290	290	116	116	43	43	26	26	898	898	3588	3588	1803	1803	2967	2967	51	51	34	34	9	9	31	31	2016	2016	6572	6572	2	2	21	21	13	13	5	5	8	8	84	84	19	19	40	40	3297	3297	5932	5932	18059	18059	21630	21630	86	86	228	228
IND00995	1144	1144	371	371	420	420	352	352	6581	6581	2919	2919	101	101	176	176	181	181	36	36	5902	5902	12235	12235	1389	1389	174	174	135	135	1	1	6832	6832	6980	6980	428	428	49	49	45	45	5846	5846	372	372	560	560	2	2	1	1	181	181	176	176	16233	16233	2792	2792	3728	3728	1314	1314	43585	43585	12868	12868	5797	5797	2726	2726	22	22	236	236	3060	3060	3242	3242	1845	1845	2900	2900	453	453	225	225	618	618	530	530	34	34	52	52	471	471	293	293	918	918	488	488	182	182	50	50	978	978	376	376	317	317	1292	1292	3686	3686	12924	12924	299	299	495	495	3900	3900	6948	6948	51	51	90	90	234	234	93	93	174	174	51	51	38	38	89	89	385	385	730	730	29	29	5	5	2679	2679	3246	3246	3239	3239	753	753	21	21	64	64	6	6	37	37	3476	3476	4127	4127	24	24	11	11	8	8	14	14	42	42	96	96	6	6	22	22	2062	2062	5953	5953	16373	16373	5815	5815	247	247	188	188
IND00996	1095	1095	7	7	332	332	482	482	2935	2935	4435	4435	294	294	399	399	247	247	128	128	4387	4387	3773	3773	2001	2001	203	203	389	389	73	73	352	352	5645	5645	523	523	78	78	2670	2670	266	266	407	407	454	454	20	20	26	26	218	218	109	109	5429	5429	9801	9801	3427	3427	3996	3996	53068	53068	62961	62961	429	429	2033	2033	42	42	34	34	1664	1664	691	691	1627	1627	330	330	90	90	73	73	489	489	949	949	36	36	92	92	269	269	52	52	972	972	523	523	144	144	143	143	544	544	831	831	41	41	980	980	15072	15072	5667	5667	494	494	232	232	12778	12778	7455	7455	26	26	61	61	79	79	39	39	221	221	168	168	187	187	162	162	243	243	125	125	10	10	49	49	647	647	3280	3280	2960	2960	1859	1859	14	14	72	72	51	51	32	32	7891	7891	4380	4380	4	4	15	15	13	13	9	9	3	3	102	102	24	24	1	1	631	631	320	320	31820	31820	15393	15393	174	174	159	159
IND00997	867	867	1359	1359	390	390	118	118	4133	4133	6676	6676	923	923	542	542	211	211	26	26	3136	3136	1925	1925	679	679	1962	1962	109	109	129	129	7509	7509	6022	6022	969	969	945	945	313	313	5499	5499	373	373	177	177	54	54	37	37	199	199	71	71	3075	3075	12300	12300	1145	1145	1118	1118	10962	10962	24385	24385	5317	5317	4267	4267	75	75	58	58	3567	3567	5237	5237	3764	3764	1172	1172	231	231	333	333	974	974	23	23	35	35	5	5	182	182	195	195	571	571	323	323	246	246	251	251	846	846	605	605	1159	1159	515	515	11736	11736	4712	4712	481	481	118	118	2783	2783	6077	6077	15	15	10	10	197	197	234	234	46	46	175	175	211	211	208	208	313	313	28	28	77	77	74	74	43	43	2907	2907	1977	1977	2514	2514	13	13	37	37	45	45	55	55	3520	3520	4482	4482	29	29	24	24	1	1	3	3	84	84	15	15	48	48	16	16	6771	6771	4825	4825	23182	23182	3615	3615	45	45	203	203
IND00998	784	784	1011	1011	267	267	268	268	37	37	7902	7902	888	888	26	26	156	156	56	56	14109	14109	8486	8486	1769	1769	268	268	401	401	51	51	6514	6514	7008	7008	282	282	917	917	2237	2237	3443	3443	419	419	441	441	60	60	8	8	165	165	223	223	4426	4426	3375	3375	1986	1986	375	375	50336	50336	7551	7551	6931	6931	4934	4934	239	239	50	50	7391	7391	6792	6792	900	900	3405	3405	197	197	416	416	87	87	394	394	81	81	123	123	310	310	55	55	971	971	600	600	83	83	133	133	927	927	105	105	1250	1250	1620	1620	11580	11580	12509	12509	322	322	260	260	8538	8538	9436	9436	125	125	20	20	91	91	112	112	255	255	18	18	228	228	232	232	410	410	548	548	113	113	24	24	2095	2095	2305	2305	2385	2385	2319	2319	35	35	80	80	61	61	36	36	3984	3984	4445	4445	5	5	22	22	4	4	11	11	120	120	113	113	52	52	3	3	5976	5976	6086	6086	6492	6492	11377	11377	146	146	63	63
IND00999	102	102	1278	1278	292	292	65	65	1856	1856	5196	5196	118	118	478	478	57	57	18	18	4670	4670	11089	11089	896	896	1840	1840	86	86	113	113	6192	6192	3893	3893	1011	1011	839	839	3769	3769	578	578	720	720	417	417	31	31	40	40	168	168	31	31	9719	9719	10536	10536	3249	3249	1861	1861	204	204	52602	52602	7929	7929	6765	6765	255	255	74	74	6710	6710	4515	4515	219	219	2908	2908	145	145	331	331	418	418	549	549	56	56	75	75	36	36	146	146	510	510	751	751	230	230	161	161	965	965	18	18	1306	1306	166	166	5085	5085	14375	14375	275	275	312	312	13851	13851	14973	14973	72	72	79	79	190	190	142	142	151	151	71	71	15	15	3	3	740	740	390	390	32	32	60	60	2209	2209	1319	1319	3788	3788	2090	2090	49	49	39	39	6	6	10	10	2631	2631	7801	7801	23	23	7	7	11	11	8	8	24	24	93	93	11	11	16	16	3046	3046	6887	6887	5274	5274	5006	5006	123	123	133	133
IND01000	1979	1979	1007	1007	470	470	279	279	142	142	6492	6492	897	897	572	572	192	192	100	100	10113	10113	10892	10892	462	462	554	554	208	208	248	248	503	503	339	339	550	550	150	150	8086	8086	3617	3617	405	405	1	1	48	48	22	22	78	78	84	84	6854	6854	6054	6054	491	491	1194	1194	55450	55450	14431	14431	1794	1794	1444	1444	130	130	122	122	3330	3330	3858	3858	3603	3603	1629	1629	130	130	253	253	482	482	560	560	104	104	1	1	115	115	80	80	803	803	245	245	38	38	181	181	90	90	80	80	957	957	1528	1528	15573	15573	2101	2101	6	6	450	450	1805	1805	6765	6765	92	92	96	96	115	115	138	138	205	205	160	160	222	222	126	126	138	138	915	915	51	51	12	12	3827	3827	1499	1499	1823	1823	2185	2185	25	25	101	101	22	22	33	33	907	907	1413	1413	16	16	6	6	6	6	11	11	61	61	22	22	13	13	49	49	4359	4359	7578	7578	18401	18401	18997	18997	120	120	152	152
