block_id,chr,start_pos,end_pos,n_snps,physical_span_bp,pic,NA_col
blk1,1,1026,1102,3,76,0.2479,NA
blk2,1,1235,1235,1,0,0.3405,NA
blk3,1,2906,2944,2,38,0.0786,NA
blk4,1,3131,3131,1,0,0.2992,NA
blk5,1,3583,3583,1,0,0.1399,NA
blk6,1,5615,5615,1,0,0.0974,NA
blk7,1,6260,6260,1,0,0.1472,NA
blk8,1,6629,6629,1,0,0.1816,NA
blk9,1,7399,7399,1,0,0.1301,NA
blk10,1,8360,8360,1,0,0.3865,NA
blk11,1,9080,9080,1,0,0.1577,NA
blk12,1,9323,9323,1,0,0.3569,NA
blk13,1,9945,10022,2,77,0.317,NA
blk14,1,10360,10360,1,0,0.3387,NA
blk15,1,12248,12248,1,0,0.3091,NA
blk16,1,13349,13369,2,20,0.2878,NA
blk17,1,14479,14479,1,0,0.2816,NA
blk18,1,14609,14609,1,0,0.0905,NA
blk19,1,14971,14971,1,0,0.4266,NA
blk20,1,17100,17100,1,0,0.3778,NA
blk21,1,19103,19103,1,0,0.1645,NA
blk22,1,19869,19869,1,0,0.2935,NA
blk23,1,20997,21117,3,120,0.113,NA
blk24,1,22856,22928,2,72,0.3798,NA
blk25,1,23619,23619,1,0,0.3967,NA
blk26,1,24578,24578,1,0,0.1893,NA
blk27,1,26489,26489,1,0,0.2239,NA
blk28,1,26850,26850,1,0,0.3333,NA
blk29,1,30019,30135,2,116,0.2731,NA
blk30,1,31062,31062,1,0,0.1175,NA
blk31,1,31517,31517,1,0,0.0924,NA
blk32,1,35302,35392,2,90,0.1186,NA
blk33,1,37077,37077,1,0,0.4973,NA
blk34,1,37794,37794,1,0,0.2084,NA
blk35,1,38770,38770,1,0,0.395,NA
blk36,1,41327,41327,1,0,0.1895,NA
blk37,1,43762,43762,1,0,0.1462,NA
blk38,1,45528,45528,1,0,0.0743,NA
blk39,1,47207,47293,2,86,0.0674,NA
blk40,1,48480,48480,1,0,0.337,NA
blk41,1,49337,49337,1,0,0.1013,NA
blk42,1,51844,51844,1,0,0.4523,NA
blk43,1,53586,53586,1,0,0.4335,NA
blk44,1,53813,53813,1,0,0.3071,NA
blk45,1,54423,54423,1,0,0.3839,NA
blk46,1,54558,54558,1,0,0.1059,NA
blk47,1,55012,55012,1,0,0.4273,NA
blk48,1,55424,55424,1,0,0.063,NA
blk49,1,56181,56181,1,0,0.1982,NA
blk50,1,57255,57313,2,58,0.1693,NA
blk51,1,58044,58044,1,0,0.4968,NA
blk52,1,59551,59551,1,0,0.1888,NA
blk53,1,61261,61261,1,0,0.1623,NA
blk54,1,61988,61988,1,0,0.2985,NA
blk55,1,62162,62285,2,123,0.3271,NA
blk56,1,62412,62412,1,0,0.207,NA
blk57,1,62604,62640,2,36,0.2579,NA
blk58,1,62900,62979,3,79,0.2937,NA
blk59,1,63040,63040,1,0,0.3867,NA
blk60,1,63385,63385,1,0,0.4336,NA
blk61,1,63580,63580,1,0,0.3516,NA
blk62,1,64002,64083,2,81,0.4915,NA
blk63,1,67282,67282,1,0,0.2902,NA
blk64,1,67686,67686,1,0,0.3241,NA
blk65,1,68686,68686,1,0,0.1738,NA
blk66,1,68955,68955,1,0,0.2104,NA
blk67,1,70648,70648,1,0,0.3095,NA
blk68,1,70835,70835,1,0,0.4732,NA
blk69,1,72766,72766,1,0,0.3082,NA
blk70,1,73104,73104,1,0,0.3734,NA
blk71,1,74126,74126,1,0,0.1487,NA
blk72,1,75288,75398,3,110,0.0928,NA
blk73,1,75742,75742,1,0,0.2523,NA
blk74,1,76239,76239,1,0,0.3384,NA
blk75,1,77043,77043,1,0,0.2399,NA
blk76,1,77708,77742,2,34,0.1961,NA
blk77,1,78466,78466,1,0,0.2523,NA
blk78,1,79061,79061,1,0,0.3198,NA
blk79,1,79512,79512,1,0,0.4852,NA
blk80,1,80767,80767,1,0,0.2881,NA
blk81,1,81411,81411,1,0,0.2292,NA
blk82,1,83029,83029,1,0,0.1154,NA
blk83,1,83555,83555,1,0,0.1975,NA
blk84,1,83992,83992,1,0,0.2056,NA
blk85,1,84894,84894,1,0,0.4865,NA
blk86,1,85393,85393,1,0,0.3904,NA
blk87,1,86126,86126,1,0,0.1836,NA
blk88,1,86550,86550,1,0,0.1895,NA
blk89,1,87307,87307,1,0,0.3155,NA
blk90,1,87496,87496,1,0,0.2343,NA
blk91,1,87775,87775,1,0,0.2113,NA
blk92,1,89395,89395,1,0,0.3178,NA
blk93,1,89746,89746,1,0,0.2801,NA
blk94,1,90244,90244,1,0,0.4814,NA
blk95,1,90844,90844,1,0,0.1697,NA
blk96,1,92544,92544,1,0,0.053900000000000003,NA
blk97,1,92702,92702,1,0,0.3142,NA
blk98,1,93302,93425,2,123,0.3557,NA
blk99,1,94151,94151,1,0,0.1556,NA
blk100,1,95885,95885,1,0,0.1827,NA
blk101,1,96036,96036,1,0,0.4586,NA
blk102,1,97343,97370,2,27,0.2683,NA
blk103,1,97630,97712,2,82,0.2918,NA
blk104,1,97758,97758,1,0,0.2068,NA
blk105,1,98017,98046,2,29,0.3883,NA
blk106,1,98402,98402,1,0,0.4011,NA
blk107,1,99545,99634,2,89,0.2666,NA
blk108,1,100555,100555,1,0,0.3902,NA
blk109,1,101753,101753,1,0,0.3179,NA
blk110,1,101883,101883,1,0,0.1212,NA
blk111,1,102286,102286,1,0,0.4689,NA
blk112,1,103257,103257,1,0,0.243,NA
blk113,1,103661,103661,1,0,0.1735,NA
blk114,1,104353,104353,1,0,0.3491,NA
blk115,1,104535,104648,2,113,0.4145,NA
blk116,1,106237,106237,1,0,0.4316,NA
blk117,1,107092,107092,1,0,0.1151,NA
blk118,1,108087,108187,2,100,0.1596,NA
blk119,1,108478,108478,1,0,0.1424,NA
blk120,1,108848,108848,1,0,0.0535,NA
blk121,1,109126,109126,1,0,0.2348,NA
blk122,1,110580,110670,2,90,0.294,NA
blk123,1,113370,113370,1,0,0.3345,NA
blk124,1,113679,113715,2,36,0.1728,NA
blk125,1,114463,114463,1,0,0.4335,NA
blk126,1,117709,117709,1,0,0.375,NA
blk127,1,118039,118039,1,0,0.1663,NA
blk128,1,118599,118599,1,0,0.3121,NA
blk129,1,119470,119470,1,0,0.4041,NA
blk130,1,119693,119693,1,0,0.3647,NA
blk131,1,120008,120008,1,0,0.4967,NA
blk132,1,120534,120534,1,0,0.3806,NA
blk133,1,121504,121504,1,0,0.4994,NA
blk134,1,124368,124368,1,0,0.2103,NA
blk135,1,126177,126177,1,0,0.2117,NA
blk136,1,126870,126870,1,0,0.2223,NA
blk137,1,127165,127165,1,0,0.1353,NA
blk138,1,128464,128464,1,0,0.1291,NA
blk139,1,128908,128908,1,0,0.4851,NA
blk140,1,130717,130717,1,0,0.4714,NA
blk141,1,131809,131809,1,0,0.2879,NA
blk142,1,132227,132227,1,0,0.1532,NA
blk143,1,132558,132660,2,102,0.1291,NA
blk144,1,134062,134062,1,0,0.3683,NA
blk145,1,135940,135940,1,0,0.1785,NA
blk146,1,136131,136131,1,0,0.1426,NA
blk147,1,136678,136678,1,0,0.3961,NA
blk148,1,137713,137713,1,0,0.1914,NA
blk149,1,138474,138474,1,0,0.4946,NA
blk150,1,141677,141677,1,0,0.201,NA
blk151,1,141841,141841,1,0,0.322,NA
blk152,1,142493,142493,1,0,0.3042,NA
blk153,1,143295,143295,1,0,0.2654,NA
blk154,1,143680,143680,1,0,0.4354,NA
blk155,1,145925,145925,1,0,0.3505,NA
blk156,1,146785,146785,1,0,0.2049,NA
blk157,1,148095,148095,1,0,0.0691,NA
blk158,1,152074,152074,1,0,0.3864,NA
blk159,1,153176,153176,1,0,0.0995,NA
blk160,1,153535,153535,1,0,0.1166,NA
blk161,1,155380,155380,1,0,0.2773,NA
blk162,1,157878,157878,1,0,0.1107,NA
blk163,1,158983,158983,1,0,0.2317,NA
blk164,1,159138,159138,1,0,0.326,NA
blk165,1,159823,159823,1,0,0.4556,NA
blk166,1,160630,160630,1,0,0.4144,NA
blk167,1,160884,160884,1,0,0.1932,NA
blk168,1,161060,161060,1,0,0.1061,NA
blk169,1,161955,161955,1,0,0.4242,NA
blk170,1,163569,163569,1,0,0.1832,NA
blk171,1,163720,163720,1,0,0.348,NA
blk172,1,164233,164233,1,0,0.1712,NA
blk173,1,165771,165771,1,0,0.4881,NA
blk174,1,167561,167561,1,0,0.3983,NA
blk175,1,169230,169230,1,0,0.2991,NA
blk176,1,169687,169687,1,0,0.0795,NA
blk177,1,170481,170481,1,0,0.4659,NA
blk178,1,172495,172495,1,0,0.4322,NA
blk179,1,172666,172666,1,0,0.2206,NA
blk180,1,176424,176424,1,0,0.0798,NA
blk181,1,177314,177314,1,0,0.4762,NA
blk182,1,179070,179070,1,0,0.3376,NA
blk183,1,179381,179381,1,0,0.4702,NA
blk184,1,180025,180025,1,0,0.215,NA
blk185,1,181571,181571,1,0,0.1123,NA
blk186,1,181830,181830,1,0,0.3822,NA
blk187,1,182182,182182,1,0,0.2295,NA
blk188,1,183981,183981,1,0,0.3994,NA
blk189,1,186657,186708,2,51,0.4115,NA
blk190,1,186801,186801,1,0,0.3933,NA
blk191,1,188565,188565,1,0,0.098,NA
blk192,1,189083,189083,1,0,0.0576,NA
blk193,1,189553,189553,1,0,0.4593,NA
blk194,1,191069,191069,1,0,0.3002,NA
blk195,1,191450,191509,2,59,0.2558,NA
blk196,1,192490,192490,1,0,0.1532,NA
blk197,1,193504,193504,1,0,0.4251,NA
blk198,1,194344,194344,1,0,0.3124,NA
blk199,1,195172,195172,1,0,0.2586,NA
blk200,1,196291,196291,1,0,0.0757,NA
blk201,1,198329,198329,1,0,0.4907,NA
blk202,1,200678,200678,1,0,0.2914,NA
blk203,1,202385,202385,1,0,0.4491,NA
blk204,1,203351,203351,1,0,0.2731,NA
blk205,1,203491,203504,2,13,0.368,NA
blk206,1,203651,203651,1,0,0.3325,NA
blk207,1,205321,205321,1,0,0.0809,NA
blk208,1,206272,206272,1,0,0.1878,NA
blk209,1,206504,206620,2,116,0.0745,NA
blk210,1,207410,207410,1,0,0.1549,NA
blk211,1,207624,207624,1,0,0.0699,NA
blk212,1,207956,207956,1,0,0.4864,NA
blk213,1,208351,208397,2,46,0.0621,NA
blk214,1,209579,209579,1,0,0.3328,NA
blk215,1,209761,209761,1,0,0.2003,NA
blk216,1,211256,211256,1,0,0.4286,NA
blk217,1,214972,214972,1,0,0.1989,NA
blk218,1,215572,215572,1,0,0.4337,NA
blk219,1,216758,216758,1,0,0.3095,NA
blk220,1,218067,218067,1,0,0.1463,NA
blk221,1,219884,219884,1,0,0.303,NA
blk222,1,220332,220332,1,0,0.402,NA
blk223,1,220663,220765,2,102,0.3231,NA
blk224,1,222107,222107,1,0,0.4782,NA
blk225,1,222346,222346,1,0,0.1111,NA
blk226,1,222851,222898,2,47,0.212,NA
blk227,1,223492,223492,1,0,0.0827,NA
blk228,1,224070,224070,1,0,0.462,NA
blk229,1,224890,224890,1,0,0.3518,NA
blk230,1,226232,226232,1,0,0.4787,NA
blk231,1,227278,227278,1,0,0.1798,NA
blk232,1,228930,228930,1,0,0.4,NA
blk233,1,229195,229195,1,0,0.4721,NA
blk234,1,231285,231285,1,0,0.4189,NA
blk235,1,232416,232416,1,0,0.0954,NA
blk236,1,234998,235086,2,88,0.24,NA
blk237,1,235280,235280,1,0,0.3854,NA
blk238,1,235517,235517,1,0,0.2533,NA
blk239,1,239041,239041,1,0,0.336,NA
blk240,1,239549,239549,1,0,0.3115,NA
blk241,1,240817,240817,1,0,0.4166,NA
blk242,1,241854,241854,1,0,0.0877,NA
blk243,1,242511,242511,1,0,0.389,NA
blk244,1,245066,245066,1,0,0.2877,NA
blk245,1,248258,248258,1,0,0.3965,NA
blk246,1,249033,249033,1,0,0.1395,NA
blk247,1,249590,249590,1,0,0.2537,NA
blk248,1,250761,250791,2,30,0.1248,NA
blk249,1,251882,251882,1,0,0.2776,NA
blk250,1,252092,252092,1,0,0.126,NA
blk251,1,252448,252448,1,0,0.179,NA
blk252,1,253600,253650,2,50,0.3956,NA
blk253,1,256660,256660,1,0,0.1629,NA
blk254,1,258964,258964,1,0,0.4893,NA
blk255,1,260764,260764,1,0,0.1041,NA
blk256,1,261958,261958,1,0,0.3711,NA
blk257,1,263159,263159,1,0,0.0797,NA
blk258,1,263900,263900,1,0,0.1827,NA
blk259,1,267079,267079,1,0,0.4008,NA
blk260,1,267886,267886,1,0,0.1334,NA
blk261,1,268641,268641,1,0,0.4817,NA
blk262,1,269102,269102,1,0,0.3317,NA
blk263,1,269229,269229,1,0,0.2283,NA
blk264,1,269543,269543,1,0,0.4349,NA
blk265,1,270253,270253,1,0,0.4809,NA
blk266,1,271398,271398,1,0,0.2124,NA
blk267,1,274386,274386,1,0,0.1482,NA
blk268,1,276456,276456,1,0,0.2241,NA
blk269,1,278161,278185,2,24,0.2525,NA
blk270,1,279007,279007,1,0,0.1989,NA
blk271,1,280610,280610,1,0,0.3639,NA
blk272,1,281301,281301,1,0,0.1898,NA
blk273,1,281481,281481,1,0,0.3,NA
blk274,1,281973,281973,1,0,0.3165,NA
blk275,1,282683,282683,1,0,0.481,NA
blk276,1,284366,284366,1,0,0.3586,NA
blk277,1,285313,285313,1,0,0.1384,NA
blk278,1,285494,285494,1,0,0.2767,NA
blk279,1,287254,287254,1,0,0.062,NA
blk280,1,287752,287752,1,0,0.2549,NA
blk281,1,288470,288470,1,0,0.0945,NA
blk282,1,288999,288999,1,0,0.2515,NA
blk283,1,291092,291092,1,0,0.3422,NA
blk284,1,293529,293529,1,0,0.3473,NA
blk285,1,296899,296899,1,0,0.1981,NA
blk286,1,297162,297162,1,0,0.231,NA
blk287,1,297926,297926,1,0,0.2577,NA
blk288,1,298357,298357,1,0,0.2043,NA
blk289,1,300083,300083,1,0,0.3731,NA
blk290,1,301323,301323,1,0,0.1012,NA
blk291,1,302693,302693,1,0,0.0973,NA
blk292,1,303707,303707,1,0,0.1761,NA
blk293,1,308626,308626,1,0,0.3573,NA
blk294,1,311249,311249,1,0,0.1187,NA
blk295,1,313352,313352,1,0,0.3664,NA
blk296,1,314123,314123,1,0,0.4514,NA
blk297,1,314612,314612,1,0,0.3793,NA
blk298,1,315199,315199,1,0,0.4645,NA
blk299,1,317469,317469,1,0,0.4024,NA
blk300,1,317932,317932,1,0,0.1256,NA
blk301,1,321649,321649,1,0,0.3768,NA
blk302,1,322502,322502,1,0,0.179,NA
blk303,1,322819,322819,1,0,0.1166,NA
blk304,1,323078,323078,1,0,0.3263,NA
blk305,1,323469,323469,1,0,0.3611,NA
blk306,1,324291,324291,1,0,0.4736,NA
blk307,1,325743,325743,1,0,0.333,NA
blk308,1,326154,326229,2,75,0.2761,NA
blk309,1,326483,326483,1,0,0.1568,NA
blk310,1,327553,327553,1,0,0.4622,NA
blk311,1,328076,328076,1,0,0.3915,NA
blk312,1,328229,328229,1,0,0.1508,NA
blk313,1,329757,329757,1,0,0.3437,NA
blk314,1,330432,330432,1,0,0.2551,NA
blk315,1,331098,331098,1,0,0.2787,NA
blk316,1,331372,331372,1,0,0.3196,NA
blk317,1,331867,331867,1,0,0.0501,NA
blk318,1,333272,333272,1,0,0.1536,NA
blk319,1,333860,333947,2,87,0.1941,NA
blk320,1,334779,334779,1,0,0.328,NA
blk321,1,335522,335522,1,0,0.3483,NA
blk322,1,336379,336379,1,0,0.3679,NA
blk323,1,336881,336881,1,0,0.2766,NA
blk324,1,337034,337139,2,105,0.3152,NA
blk325,1,337418,337418,1,0,0.4571,NA
blk326,1,338236,338236,1,0,0.4241,NA
blk327,1,339090,339090,1,0,0.2158,NA
blk328,1,339458,339458,1,0,0.3758,NA
blk329,1,340117,340117,1,0,0.2447,NA
blk330,1,340447,340447,1,0,0.3606,NA
blk331,1,340691,340691,1,0,0.1665,NA
blk332,1,340876,340876,1,0,0.3563,NA
blk333,1,341097,341097,1,0,0.3133,NA
blk334,1,341445,341445,1,0,0.055,NA
blk335,1,341590,341590,1,0,0.343,NA
blk336,1,344172,344172,1,0,0.1295,NA
blk337,1,344444,344447,2,3,0.3184,NA
blk338,1,345553,345670,2,117,0.273,NA
blk339,1,348593,348593,1,0,0.4764,NA
blk340,1,350143,350143,1,0,0.4912,NA
blk341,1,350746,350746,1,0,0.4656,NA
blk342,1,351738,351738,1,0,0.3413,NA
blk343,1,353147,353147,1,0,0.3304,NA
blk344,1,357920,357920,1,0,0.1252,NA
blk345,1,360097,360097,1,0,0.2887,NA
blk346,1,360317,360437,3,120,0.1027,NA
blk347,1,363564,363564,1,0,0.0799,NA
blk348,1,364621,364621,1,0,0.2145,NA
blk349,1,365701,365701,1,0,0.0872,NA
blk350,1,366717,366717,1,0,0.1435,NA
blk351,1,369257,369257,1,0,0.4926,NA
blk352,1,371067,371067,1,0,0.3548,NA
blk353,1,374381,374381,1,0,0.3561,NA
blk354,1,375378,375378,1,0,0.1828,NA
blk355,1,375528,375528,1,0,0.3915,NA
blk356,1,375763,375763,1,0,0.4709,NA
blk357,1,377659,377659,1,0,0.4693,NA
blk358,1,379047,379079,2,32,0.4988,NA
blk359,1,379756,379756,1,0,0.0541,NA
blk360,1,381027,381027,1,0,0.0639,NA
blk361,1,382453,382453,1,0,0.4099,NA
blk362,1,385213,385213,1,0,0.4395,NA
blk363,1,388216,388216,1,0,0.145,NA
blk364,1,389121,389121,1,0,0.3126,NA
blk365,1,390294,390294,1,0,0.337,NA
blk366,1,392481,392481,1,0,0.4746,NA
blk367,1,395440,395440,1,0,0.1357,NA
blk368,1,395605,395605,1,0,0.4588,NA
blk369,1,396759,396759,1,0,0.2613,NA
blk370,1,397881,397881,1,0,0.4771,NA
blk371,1,399170,399170,1,0,0.3692,NA
blk372,1,402388,402388,1,0,0.2908,NA
blk373,1,403220,403306,2,86,0.4726,NA
blk374,1,407581,407581,1,0,0.3404,NA
blk375,1,408953,408953,1,0,0.3041,NA
blk376,1,410504,410504,1,0,0.1057,NA
blk377,1,410796,410796,1,0,0.3664,NA
blk378,1,410955,410955,1,0,0.4435,NA
blk379,1,413739,413739,1,0,0.3191,NA
blk380,1,414505,414505,1,0,0.1545,NA
blk381,1,414994,414994,1,0,0.3008,NA
blk382,1,418240,418240,1,0,0.4796,NA
blk383,1,418862,418862,1,0,0.3172,NA
blk384,1,419455,419455,1,0,0.4014,NA
blk385,1,423643,423643,1,0,0.1828,NA
blk386,1,427911,427928,2,17,0.4062,NA
blk387,1,429592,429592,1,0,0.0986,NA
blk388,1,431993,431993,1,0,0.1543,NA
blk389,1,433033,433033,1,0,0.3282,NA
blk390,1,433657,433732,2,75,0.445,NA
blk391,1,435085,435085,1,0,0.2797,NA
blk392,1,436516,436516,1,0,0.1225,NA
blk393,1,437025,437025,1,0,0.1822,NA
blk394,1,437204,437204,1,0,0.2107,NA
blk395,1,438293,438367,2,74,0.1687,NA
blk396,1,438791,438860,2,69,0.1544,NA
blk397,1,439930,439930,1,0,0.1179,NA
blk398,1,440498,440551,2,53,0.1396,NA
blk399,1,441343,441343,1,0,0.1446,NA
blk400,1,443986,443986,1,0,0.2771,NA
blk401,1,445220,445220,1,0,0.2361,NA
blk402,1,445603,445603,1,0,0.1338,NA
blk403,1,446932,446932,1,0,0.3646,NA
blk404,1,447099,447099,1,0,0.4209,NA
blk405,1,447861,447861,1,0,0.3882,NA
blk406,1,448592,448592,1,0,0.3971,NA
blk407,1,449420,449420,1,0,0.0622,NA
blk408,1,449642,449642,1,0,0.3214,NA
blk409,1,453261,453261,1,0,0.489,NA
blk410,1,454596,454596,1,0,0.2418,NA
blk411,1,455197,455320,2,123,0.3566,NA
blk412,1,456574,456574,1,0,0.374,NA
blk413,1,457020,457020,1,0,0.3629,NA
blk414,1,458615,458615,1,0,0.406,NA
blk415,1,459900,459900,1,0,0.185,NA
blk416,1,461208,461208,1,0,0.4195,NA
blk417,1,462806,462806,1,0,0.1372,NA
blk418,1,463021,463021,1,0,0.1548,NA
blk419,1,463233,463233,1,0,0.2896,NA
blk420,1,463746,463746,1,0,0.4791,NA
blk421,1,466829,466829,1,0,0.3246,NA
blk422,1,467204,467204,1,0,0.2286,NA
blk423,1,467809,467809,1,0,0.0535,NA
blk424,1,467973,467973,1,0,0.3189,NA
blk425,1,468953,468953,1,0,0.2563,NA
blk426,1,471716,471716,1,0,0.4677,NA
blk427,1,472806,472806,1,0,0.407,NA
blk428,1,473190,473287,2,97,0.2561,NA
blk429,1,477320,477320,1,0,0.4766,NA
blk430,1,478283,478283,1,0,0.1375,NA
blk431,1,484202,484314,2,112,0.4806,NA
blk432,1,486143,486143,1,0,0.3429,NA
blk433,1,486744,486744,1,0,0.1814,NA
blk434,1,487196,487196,1,0,0.322,NA
blk435,1,491003,491003,1,0,0.0927,NA
blk436,1,491229,491229,1,0,0.2641,NA
blk437,1,493387,493387,1,0,0.1375,NA
blk438,1,493641,493641,1,0,0.2998,NA
blk439,1,494135,494135,1,0,0.2529,NA
blk440,1,495431,495431,1,0,0.1136,NA
blk441,1,498397,498397,1,0,0.3543,NA
blk442,1,499845,499845,1,0,0.1174,NA
blk443,2,1526,1593,2,67,0.3093,NA
blk444,2,2371,2457,2,86,0.1606,NA
blk445,2,2501,2501,1,0,0.2735,NA
blk446,2,5537,5537,1,0,0.2213,NA
blk447,2,5774,5774,1,0,0.3209,NA
blk448,2,6376,6494,2,118,0.2812,NA
blk449,2,6757,6757,1,0,0.2805,NA
blk450,2,8127,8127,1,0,0.3363,NA
blk451,2,8574,8574,1,0,0.3756,NA
blk452,2,8912,8912,1,0,0.4482,NA
blk453,2,9063,9063,1,0,0.1559,NA
blk454,2,11178,11178,1,0,0.4677,NA
blk455,2,11455,11455,1,0,0.3906,NA
blk456,2,11622,11622,1,0,0.3574,NA
blk457,2,13689,13689,1,0,0.3455,NA
blk458,2,14885,14885,1,0,0.2761,NA
blk459,2,15959,15968,2,9,0.3323,NA
blk460,2,16497,16497,1,0,0.4331,NA
blk461,2,16855,16855,1,0,0.3526,NA
blk462,2,17026,17056,2,30,0.1208,NA
blk463,2,18713,18713,1,0,0.1808,NA
blk464,2,19366,19366,1,0,0.4314,NA
blk465,2,20226,20226,1,0,0.4508,NA
blk466,2,20634,20634,1,0,0.169,NA
blk467,2,22180,22180,1,0,0.3476,NA
blk468,2,22546,22546,1,0,0.0616,NA
blk469,2,23694,23694,1,0,0.3332,NA
blk470,2,23911,23911,1,0,0.4125,NA
blk471,2,24541,24541,1,0,0.0562,NA
blk472,2,27634,27634,1,0,0.1559,NA
blk473,2,28521,28521,1,0,0.2581,NA
blk474,2,30282,30282,1,0,0.0554,NA
blk475,2,31022,31022,1,0,0.2225,NA
blk476,2,31828,31828,1,0,0.0567,NA
blk477,2,33889,33889,1,0,0.4353,NA
blk478,2,34091,34091,1,0,0.3481,NA
blk479,2,35525,35525,1,0,0.1447,NA
blk480,2,37393,37393,1,0,0.2717,NA
blk481,2,38557,38557,1,0,0.2625,NA
blk482,2,40237,40237,1,0,0.2782,NA
blk483,2,44341,44341,1,0,0.1962,NA
blk484,2,44694,44695,2,1,0.0549,NA
blk485,2,45150,45150,1,0,0.4083,NA
blk486,2,46030,46030,1,0,0.2858,NA
blk487,2,47830,47830,1,0,0.1257,NA
blk488,2,48177,48177,1,0,0.3325,NA
blk489,2,49806,49806,1,0,0.4091,NA
blk490,2,50595,50595,1,0,0.4554,NA
blk491,2,51571,51571,1,0,0.243,NA
blk492,2,54372,54372,1,0,0.2096,NA
blk493,2,54947,55048,2,101,0.4136,NA
blk494,2,55920,55920,1,0,0.2117,NA
blk495,2,56155,56155,1,0,0.4624,NA
blk496,2,56639,56639,1,0,0.1969,NA
blk497,2,57833,57833,1,0,0.0875,NA
blk498,2,59425,59425,1,0,0.2997,NA
blk499,2,60138,60138,1,0,0.1522,NA
blk500,2,60876,60876,1,0,0.2072,NA
blk501,2,62871,62939,2,68,0.405,NA
blk502,2,63207,63207,1,0,0.1176,NA
blk503,2,63402,63450,2,48,0.4405,NA
blk504,2,65419,65419,1,0,0.1743,NA
blk505,2,65875,65875,1,0,0.174,NA
blk506,2,66061,66061,1,0,0.3765,NA
blk507,2,69501,69501,1,0,0.416,NA
blk508,2,70065,70065,1,0,0.2775,NA
blk509,2,71585,71585,1,0,0.3717,NA
blk510,2,72229,72229,1,0,0.4151,NA
blk511,2,72449,72449,1,0,0.119,NA
blk512,2,72819,72819,1,0,0.2185,NA
blk513,2,73281,73281,1,0,0.4212,NA
blk514,2,74115,74115,1,0,0.277,NA
blk515,2,74407,74407,1,0,0.49,NA
blk516,2,74730,74730,1,0,0.4544,NA
blk517,2,76023,76023,1,0,0.21560000000000001,NA
blk518,2,77594,77705,2,111,0.3365,NA
blk519,2,78171,78171,1,0,0.4917,NA
blk520,2,78487,78487,1,0,0.3511,NA
blk521,2,78854,78973,2,119,0.2864,NA
blk522,2,81014,81014,1,0,0.283,NA
blk523,2,81538,81538,1,0,0.384,NA
blk524,2,82310,82310,1,0,0.4176,NA
blk525,2,82485,82485,1,0,0.2956,NA
blk526,2,85148,85148,1,0,0.1526,NA
blk527,2,85454,85454,1,0,0.2257,NA
blk528,2,86780,86780,1,0,0.2004,NA
blk529,2,89632,89632,1,0,0.308,NA
blk530,2,89980,89980,1,0,0.0799,NA
blk531,2,90334,90334,1,0,0.1929,NA
blk532,2,91945,91945,1,0,0.1161,NA
blk533,2,92901,92997,2,96,0.0766,NA
blk534,2,94151,94151,1,0,0.3306,NA
blk535,2,94391,94391,1,0,0.4995,NA
blk536,2,94861,94861,1,0,0.4733,NA
blk537,2,98982,98982,1,0,0.2806,NA
blk538,2,100283,100283,1,0,0.2676,NA
blk539,2,101709,101709,1,0,0.4635,NA
blk540,2,102358,102442,2,84,0.1778,NA
blk541,2,102565,102565,1,0,0.2905,NA
blk542,2,103811,103811,1,0,0.1399,NA
blk543,2,107237,107237,1,0,0.2373,NA
blk544,2,109284,109284,1,0,0.3326,NA
blk545,2,109967,109967,1,0,0.3564,NA
blk546,2,110173,110173,1,0,0.2429,NA
blk547,2,110623,110623,1,0,0.2253,NA
blk548,2,111207,111207,1,0,0.4718,NA
blk549,2,113561,113561,1,0,0.2152,NA
blk550,2,114231,114231,1,0,0.3058,NA
blk551,2,114706,114706,1,0,0.489,NA
blk552,2,116887,116887,1,0,0.245,NA
blk553,2,117384,117384,1,0,0.2227,NA
blk554,2,118402,118402,1,0,0.4253,NA
blk555,2,120599,120599,1,0,0.1762,NA
blk556,2,121520,121520,1,0,0.0719,NA
blk557,2,125320,125320,1,0,0.3582,NA
blk558,2,128890,128960,2,70,0.467,NA
blk559,2,130543,130543,1,0,0.488,NA
blk560,2,131948,131948,1,0,0.3086,NA
blk561,2,132383,132383,1,0,0.1546,NA
blk562,2,132703,132703,1,0,0.2744,NA
blk563,2,133413,133413,1,0,0.2914,NA
blk564,2,133698,133698,1,0,0.4417,NA
blk565,2,133836,133836,1,0,0.168,NA
blk566,2,134785,134785,1,0,0.3683,NA
blk567,2,135362,135362,1,0,0.1989,NA
blk568,2,135816,135816,1,0,0.2588,NA
blk569,2,136180,136180,1,0,0.4248,NA
blk570,2,136376,136376,1,0,0.4272,NA
blk571,2,136584,136604,2,20,0.258,NA
blk572,2,138540,138540,1,0,0.2852,NA
blk573,2,141763,141763,1,0,0.1147,NA
blk574,2,143153,143153,1,0,0.1897,NA
blk575,2,144422,144422,1,0,0.0792,NA
blk576,2,144791,144791,1,0,0.3602,NA
blk577,2,145547,145547,1,0,0.096,NA
blk578,2,148750,148750,1,0,0.1222,NA
blk579,2,152559,152590,2,31,0.4552,NA
blk580,2,153238,153240,2,2,0.4329,NA
blk581,2,153716,153745,2,29,0.2714,NA
blk582,2,154058,154058,1,0,0.0533,NA
blk583,2,155615,155615,1,0,0.0727,NA
blk584,2,156294,156294,1,0,0.3967,NA
blk585,2,157745,157759,2,14,0.1824,NA
blk586,2,159555,159555,1,0,0.3249,NA
blk587,2,159907,159907,1,0,0.1263,NA
blk588,2,161433,161433,1,0,0.0824,NA
blk589,2,162100,162100,1,0,0.0701,NA
blk590,2,165972,165972,1,0,0.2675,NA
blk591,2,166217,166217,1,0,0.3361,NA
blk592,2,168657,168657,1,0,0.4687,NA
blk593,2,168972,168972,1,0,0.4861,NA
blk594,2,169566,169566,1,0,0.0567,NA
blk595,2,169862,169862,1,0,0.2788,NA
blk596,2,170881,170921,2,40,0.3251,NA
blk597,2,174612,174612,1,0,0.0965,NA
blk598,2,176047,176047,1,0,0.2701,NA
blk599,2,176210,176210,1,0,0.4763,NA
blk600,2,177166,177166,1,0,0.3885,NA
blk601,2,177331,177331,1,0,0.3269,NA
blk602,2,177918,177918,1,0,0.1432,NA
blk603,2,179508,179508,1,0,0.0904,NA
blk604,2,180188,180231,2,43,0.0568,NA
blk605,2,183106,183106,1,0,0.4596,NA
blk606,2,183585,183585,1,0,0.0603,NA
blk607,2,183867,183867,1,0,0.3905,NA
blk608,2,184805,184805,1,0,0.3604,NA
blk609,2,187224,187224,1,0,0.1968,NA
blk610,2,187765,187765,1,0,0.3767,NA
blk611,2,189361,189361,1,0,0.247,NA
blk612,2,191208,191208,1,0,0.4712,NA
blk613,2,193492,193492,1,0,0.2845,NA
blk614,2,194449,194449,1,0,0.4475,NA
blk615,2,194770,194770,1,0,0.1515,NA
blk616,2,194901,194901,1,0,0.2313,NA
blk617,2,195855,195855,1,0,0.3761,NA
blk618,2,196596,196596,1,0,0.1422,NA
blk619,2,197257,197257,1,0,0.1145,NA
blk620,2,197708,197708,1,0,0.066,NA
blk621,2,197981,197981,1,0,0.4253,NA
blk622,2,200582,200582,1,0,0.3045,NA
blk623,2,200755,200755,1,0,0.0516,NA
blk624,2,201226,201226,1,0,0.4279,NA
blk625,2,201597,201597,1,0,0.3861,NA
blk626,2,204050,204050,1,0,0.4511,NA
blk627,2,204185,204185,1,0,0.1174,NA
blk628,2,206240,206240,1,0,0.2,NA
blk629,2,206659,206659,1,0,0.4258,NA
blk630,2,206969,206969,1,0,0.4372,NA
blk631,2,207218,207218,1,0,0.3448,NA
blk632,2,209075,209075,1,0,0.4268,NA
blk633,2,209270,209270,1,0,0.4794,NA
blk634,2,212383,212383,1,0,0.3812,NA
blk635,2,212552,212552,1,0,0.4822,NA
blk636,2,213704,213704,1,0,0.4967,NA
blk637,2,214122,214122,1,0,0.057,NA
blk638,2,214674,214674,1,0,0.0847,NA
blk639,2,215318,215318,1,0,0.18,NA
blk640,2,215735,215735,1,0,0.1593,NA
blk641,2,215977,215977,1,0,0.3113,NA
blk642,2,217596,217596,1,0,0.2386,NA
blk643,2,217740,217740,1,0,0.3386,NA
blk644,2,220049,220065,2,16,0.2008,NA
blk645,2,220636,220636,1,0,0.1903,NA
blk646,2,221498,221498,1,0,0.454,NA
blk647,2,222669,222669,1,0,0.154,NA
blk648,2,224358,224358,1,0,0.1048,NA
blk649,2,224977,224977,1,0,0.4527,NA
blk650,2,227264,227264,1,0,0.2049,NA
blk651,2,227506,227516,2,10,0.2103,NA
blk652,2,228335,228335,1,0,0.454,NA
blk653,2,229481,229481,1,0,0.206,NA
blk654,2,230159,230159,1,0,0.2991,NA
blk655,2,233856,233856,1,0,0.1648,NA
blk656,2,235060,235060,1,0,0.1904,NA
blk657,2,236580,236678,2,98,0.2671,NA
blk658,2,236822,236822,1,0,0.4028,NA
blk659,2,241657,241657,1,0,0.4419,NA
blk660,2,241882,241882,1,0,0.0704,NA
blk661,2,242640,242640,1,0,0.2674,NA
blk662,2,243187,243187,1,0,0.1371,NA
blk663,2,243910,243910,1,0,0.3176,NA
blk664,2,245371,245371,1,0,0.1865,NA
blk665,2,245739,245739,1,0,0.4829,NA
blk666,2,246019,246019,1,0,0.4128,NA
blk667,2,247233,247233,1,0,0.4032,NA
blk668,2,247411,247411,1,0,0.4672,NA
blk669,2,249583,249583,1,0,0.1186,NA
blk670,2,250393,250393,1,0,0.4332,NA
blk671,2,251092,251092,1,0,0.3525,NA
blk672,2,251454,251454,1,0,0.3005,NA
blk673,2,252846,252846,1,0,0.1468,NA
blk674,2,256219,256219,1,0,0.0934,NA
blk675,2,257525,257525,1,0,0.2524,NA
blk676,2,258890,258890,1,0,0.4846,NA
blk677,2,259609,259609,1,0,0.4956,NA
blk678,2,261883,261883,1,0,0.0756,NA
blk679,2,262547,262547,1,0,0.3312,NA
blk680,2,265296,265296,1,0,0.3553,NA
blk681,2,265944,265944,1,0,0.3623,NA
blk682,2,267106,267106,1,0,0.4206,NA
blk683,2,268520,268520,1,0,0.2367,NA
blk684,2,269720,269763,2,43,0.3174,NA
blk685,2,271322,271322,1,0,0.1945,NA
blk686,2,272785,272785,1,0,0.3375,NA
blk687,2,273672,273672,1,0,0.2693,NA
blk688,2,275664,275664,1,0,0.0686,NA
blk689,2,275799,275799,1,0,0.0876,NA
blk690,2,277689,277689,1,0,0.2593,NA
blk691,2,277842,277842,1,0,0.1726,NA
blk692,2,279002,279002,1,0,0.4202,NA
blk693,2,280244,280244,1,0,0.2023,NA
blk694,2,281747,281747,1,0,0.4131,NA
blk695,2,285985,285985,1,0,0.2371,NA
blk696,2,287673,287673,1,0,0.3238,NA
blk697,2,288998,288998,1,0,0.1752,NA
blk698,2,289521,289521,1,0,0.3251,NA
blk699,2,290851,290857,2,6,0.4048,NA
blk700,2,293885,293885,1,0,0.4633,NA
blk701,2,295732,295732,1,0,0.2259,NA
blk702,2,295859,295859,1,0,0.2065,NA
blk703,2,297153,297153,1,0,0.0681,NA
blk704,2,297625,297700,2,75,0.1922,NA
blk705,2,297892,297892,1,0,0.239,NA
blk706,2,298106,298106,1,0,0.2004,NA
blk707,2,300106,300106,1,0,0.3985,NA
blk708,2,300946,300946,1,0,0.412,NA
blk709,2,301232,301232,1,0,0.3106,NA
blk710,2,303511,303511,1,0,0.0925,NA
blk711,2,304506,304506,1,0,0.4763,NA
blk712,2,305896,305896,1,0,0.2803,NA
blk713,2,306154,306154,1,0,0.2465,NA
blk714,2,306322,306434,2,112,0.2985,NA
blk715,2,306872,306872,1,0,0.1424,NA
blk716,2,307265,307284,2,19,0.4541,NA
blk717,2,311267,311267,1,0,0.0842,NA
blk718,2,312020,312020,1,0,0.4862,NA
blk719,2,312511,312511,1,0,0.4608,NA
blk720,2,313356,313356,1,0,0.2562,NA
blk721,2,314248,314248,1,0,0.359,NA
blk722,2,315499,315499,1,0,0.1954,NA
blk723,2,316064,316064,1,0,0.3631,NA
blk724,2,316403,316403,1,0,0.37,NA
blk725,2,318264,318283,2,19,0.3583,NA
blk726,2,318597,318597,1,0,0.2023,NA
blk727,2,319564,319564,1,0,0.1564,NA
blk728,2,319807,319889,2,82,0.1295,NA
blk729,2,321410,321410,1,0,0.299,NA
blk730,2,321952,321986,2,34,0.0661,NA
blk731,2,322338,322338,1,0,0.118,NA
blk732,2,323941,323941,1,0,0.4384,NA
blk733,2,324139,324139,1,0,0.1691,NA
blk734,2,324366,324366,1,0,0.1336,NA
blk735,2,327588,327588,1,0,0.24,NA
blk736,2,327912,327912,1,0,0.4423,NA
blk737,2,328634,328634,1,0,0.3131,NA
blk738,2,329618,329618,1,0,0.4142,NA
blk739,2,330501,330501,1,0,0.1779,NA
blk740,2,333964,333964,1,0,0.1468,NA
blk741,2,335771,335771,1,0,0.2897,NA
blk742,2,336253,336253,1,0,0.3403,NA
blk743,2,337481,337481,1,0,0.1289,NA
blk744,2,338353,338353,1,0,0.051,NA
blk745,2,340564,340564,1,0,0.1136,NA
blk746,2,341044,341044,1,0,0.426,NA
blk747,2,341604,341604,1,0,0.3586,NA
blk748,2,344362,344362,1,0,0.1482,NA
blk749,2,345371,345371,1,0,0.2976,NA
blk750,2,345759,345759,1,0,0.0558,NA
blk751,2,346690,346690,1,0,0.0584,NA
blk752,2,347499,347499,1,0,0.4367,NA
blk753,2,348000,348000,1,0,0.0565,NA
blk754,2,350082,350082,1,0,0.3487,NA
blk755,2,350658,350658,1,0,0.4902,NA
blk756,2,351402,351402,1,0,0.2204,NA
blk757,2,352606,352661,3,55,0.4369,NA
blk758,2,354552,354552,1,0,0.4826,NA
blk759,2,357235,357235,1,0,0.3051,NA
blk760,2,357506,357506,1,0,0.1765,NA
blk761,2,357736,357736,1,0,0.0785,NA
blk762,2,357973,357973,1,0,0.3512,NA
blk763,2,359960,359960,1,0,0.1135,NA
blk764,2,360936,360936,1,0,0.1066,NA
blk765,2,361648,361648,1,0,0.2151,NA
blk766,2,362167,362167,1,0,0.464,NA
blk767,2,362562,362562,1,0,0.4748,NA
blk768,2,363538,363600,2,62,0.3035,NA
blk769,2,364666,364666,1,0,0.3402,NA
blk770,2,365123,365123,1,0,0.4468,NA
blk771,2,366108,366108,1,0,0.3043,NA
blk772,2,366500,366500,1,0,0.1208,NA
blk773,2,368549,368549,1,0,0.0676,NA
blk774,2,369047,369047,1,0,0.0851,NA
blk775,2,369494,369584,2,90,0.1644,NA
blk776,2,370724,370724,1,0,0.1461,NA
blk777,2,371739,371739,1,0,0.2732,NA
blk778,2,371891,371891,1,0,0.2743,NA
blk779,2,372826,372826,1,0,0.3823,NA
blk780,2,373965,373965,1,0,0.1258,NA
blk781,2,374384,374449,2,65,0.0573,NA
blk782,2,375231,375231,1,0,0.2549,NA
blk783,2,375480,375480,1,0,0.2536,NA
blk784,2,375727,375727,1,0,0.4244,NA
blk785,2,376114,376114,1,0,0.0655,NA
blk786,2,377949,377949,1,0,0.4431,NA
blk787,2,378298,378298,1,0,0.2182,NA
blk788,2,379317,379317,1,0,0.194,NA
blk789,2,382152,382152,1,0,0.4658,NA
blk790,2,383028,383028,1,0,0.4401,NA
blk791,2,387839,387839,1,0,0.4376,NA
blk792,2,388800,388800,1,0,0.4207,NA
blk793,2,389023,389023,1,0,0.0639,NA
blk794,2,390976,390976,1,0,0.3176,NA
blk795,2,391273,391273,1,0,0.3773,NA
blk796,2,392469,392469,1,0,0.4623,NA
blk797,2,394073,394073,1,0,0.3402,NA
blk798,2,394454,394454,1,0,0.1163,NA
blk799,2,395070,395070,1,0,0.159,NA
blk800,2,396063,396083,2,20,0.4133,NA
blk801,2,396940,396940,1,0,0.0775,NA
blk802,2,397203,397203,1,0,0.3934,NA
blk803,2,397987,397987,1,0,0.3539,NA
blk804,2,398451,398451,1,0,0.486,NA
blk805,2,398742,398742,1,0,0.1983,NA
blk806,2,399373,399373,1,0,0.2937,NA
blk807,2,399959,399959,1,0,0.0759,NA
blk808,2,401629,401730,2,101,0.1144,NA
blk809,2,401920,401920,1,0,0.105,NA
blk810,2,403164,403164,1,0,0.3731,NA
blk811,2,404093,404093,1,0,0.2984,NA
blk812,2,404916,404916,1,0,0.173,NA
blk813,2,405235,405235,1,0,0.4404,NA
blk814,2,406002,406002,1,0,0.4933,NA
blk815,2,406986,406986,1,0,0.25,NA
blk816,2,407779,407779,1,0,0.4395,NA
blk817,2,408552,408552,1,0,0.1339,NA
blk818,2,408947,408947,1,0,0.1641,NA
blk819,2,409169,409169,1,0,0.1692,NA
blk820,2,410224,410224,1,0,0.1383,NA
blk821,2,413128,413128,1,0,0.0749,NA
blk822,2,413452,413452,1,0,0.0779,NA
blk823,2,413597,413597,1,0,0.2068,NA
blk824,2,414945,414945,1,0,0.2295,NA
blk825,2,415948,415948,1,0,0.2506,NA
blk826,2,417546,417546,1,0,0.4361,NA
blk827,2,418051,418051,1,0,0.2856,NA
blk828,2,420730,420730,1,0,0.2255,NA
blk829,2,422953,422953,1,0,0.2435,NA
blk830,2,423564,423564,1,0,0.1131,NA
blk831,2,430676,430676,1,0,0.4134,NA
blk832,2,432392,432392,1,0,0.0704,NA
blk833,2,432650,432650,1,0,0.2986,NA
blk834,2,435460,435533,2,73,0.4957,NA
blk835,2,437649,437649,1,0,0.4298,NA
blk836,2,438086,438086,1,0,0.093,NA
blk837,2,438306,438306,1,0,0.1168,NA
blk838,2,438658,438714,2,56,0.2153,NA
blk839,2,439018,439018,1,0,0.4986,NA
blk840,2,439190,439190,1,0,0.2292,NA
blk841,2,440567,440567,1,0,0.4258,NA
blk842,2,441723,441723,1,0,0.2044,NA
blk843,2,442751,442751,1,0,0.3502,NA
blk844,2,442962,442962,1,0,0.3237,NA
blk845,2,444279,444279,1,0,0.4433,NA
blk846,2,444407,444427,2,20,0.462,NA
blk847,2,445168,445168,1,0,0.2458,NA
blk848,2,445396,445396,1,0,0.3944,NA
blk849,2,446547,446547,1,0,0.211,NA
blk850,2,446988,446988,1,0,0.1879,NA
blk851,2,448540,448540,1,0,0.1522,NA
blk852,2,449088,449088,1,0,0.3301,NA
blk853,2,449456,449456,1,0,0.4051,NA
blk854,2,449752,449752,1,0,0.4093,NA
blk855,2,451055,451055,1,0,0.4023,NA
blk856,2,451279,451279,1,0,0.1053,NA
blk857,2,451850,451953,2,103,0.4482,NA
blk858,2,452117,452117,1,0,0.0688,NA
blk859,2,452897,452897,1,0,0.0556,NA
blk860,2,453317,453317,1,0,0.3766,NA
blk861,2,453697,453697,1,0,0.2027,NA
blk862,2,454593,454593,1,0,0.2536,NA
blk863,2,454860,454860,1,0,0.3798,NA
blk864,2,456103,456103,1,0,0.1221,NA
blk865,2,456742,456742,1,0,0.4021,NA
blk866,2,456981,456981,1,0,0.4048,NA
blk867,2,457595,457595,1,0,0.054,NA
blk868,2,458636,458636,1,0,0.3688,NA
blk869,2,458902,458902,1,0,0.4884,NA
blk870,2,460501,460501,1,0,0.4702,NA
blk871,2,463123,463123,1,0,0.3179,NA
blk872,2,463324,463336,2,12,0.0541,NA
blk873,2,465969,465969,1,0,0.0634,NA
blk874,2,469202,469202,1,0,0.3837,NA
blk875,2,472723,472723,1,0,0.4366,NA
blk876,2,474182,474182,1,0,0.066,NA
blk877,2,475202,475202,1,0,0.4665,NA
blk878,2,475573,475573,1,0,0.3446,NA
blk879,2,476229,476229,1,0,0.418,NA
blk880,2,476373,476373,1,0,0.1593,NA
blk881,2,477178,477178,1,0,0.4208,NA
blk882,2,477305,477305,1,0,0.4288,NA
blk883,2,479397,479397,1,0,0.235,NA
blk884,2,481347,481347,1,0,0.4084,NA
blk885,2,485407,485407,1,0,0.2396,NA
blk886,2,488166,488166,1,0,0.0973,NA
blk887,2,488890,488890,1,0,0.0705,NA
blk888,2,489923,489923,1,0,0.2615,NA
blk889,2,490550,490550,1,0,0.1388,NA
blk890,2,490678,490678,1,0,0.1997,NA
blk891,2,491727,491727,1,0,0.1118,NA
blk892,2,492450,492450,1,0,0.354,NA
blk893,2,494074,494074,1,0,0.1173,NA
blk894,2,494248,494348,2,100,0.4027,NA
blk895,2,496303,496303,1,0,0.4627,NA
blk896,2,497175,497175,1,0,0.3726,NA
blk897,2,497623,497623,1,0,0.0984,NA
blk898,3,1522,1522,1,0,0.2753,NA
blk899,3,2436,2436,1,0,0.4222,NA
blk900,3,3701,3701,1,0,0.4914,NA
blk901,3,4045,4045,1,0,0.1043,NA
blk902,3,9020,9020,1,0,0.0765,NA
blk903,3,10561,10561,1,0,0.4397,NA
blk904,3,11257,11257,1,0,0.0516,NA
blk905,3,12019,12030,2,11,0.2817,NA
blk906,3,12697,12697,1,0,0.4354,NA
blk907,3,12834,12834,1,0,0.4198,NA
blk908,3,13332,13452,2,120,0.07,NA
blk909,3,14189,14189,1,0,0.2561,NA
blk910,3,18072,18072,1,0,0.4655,NA
blk911,3,19473,19473,1,0,0.2338,NA
blk912,3,20725,20725,1,0,0.1536,NA
blk913,3,21314,21314,1,0,0.427,NA
blk914,3,21700,21700,1,0,0.1049,NA
blk915,3,24065,24065,1,0,0.108,NA
blk916,3,26139,26139,1,0,0.0991,NA
blk917,3,27715,27715,1,0,0.349,NA
blk918,3,28998,28998,1,0,0.4747,NA
blk919,3,29813,29813,1,0,0.1789,NA
blk920,3,30053,30053,1,0,0.1389,NA
blk921,3,30814,30814,1,0,0.305,NA
blk922,3,31483,31483,1,0,0.1682,NA
blk923,3,32740,32740,1,0,0.2133,NA
blk924,3,33537,33537,1,0,0.1649,NA
blk925,3,33725,33725,1,0,0.0904,NA
blk926,3,36066,36066,1,0,0.1863,NA
blk927,3,36432,36432,1,0,0.2302,NA
blk928,3,37705,37705,1,0,0.1876,NA
blk929,3,38682,38682,1,0,0.0736,NA
blk930,3,39337,39337,1,0,0.2154,NA
blk931,3,40074,40074,1,0,0.2878,NA
blk932,3,40731,40731,1,0,0.3753,NA
blk933,3,41766,41766,1,0,0.0687,NA
blk934,3,42062,42068,2,6,0.3461,NA
blk935,3,42337,42337,1,0,0.2,NA
blk936,3,43047,43143,2,96,0.4314,NA
blk937,3,45015,45015,1,0,0.0872,NA
blk938,3,46419,46419,1,0,0.1103,NA
blk939,3,47418,47418,1,0,0.1315,NA
blk940,3,47648,47648,1,0,0.4791,NA
blk941,3,48485,48485,1,0,0.186,NA
blk942,3,48785,48785,1,0,0.0726,NA
blk943,3,48951,48951,1,0,0.1278,NA
blk944,3,51258,51258,1,0,0.1669,NA
blk945,3,52406,52406,1,0,0.2427,NA
blk946,3,52683,52683,1,0,0.2503,NA
blk947,3,53004,53004,1,0,0.3856,NA
blk948,3,54516,54516,1,0,0.1612,NA
blk949,3,55806,55806,1,0,0.0934,NA
blk950,3,59478,59478,1,0,0.3107,NA
blk951,3,59762,59762,1,0,0.4646,NA
blk952,3,60758,60758,1,0,0.0778,NA
blk953,3,61555,61555,1,0,0.2234,NA
blk954,3,61791,61791,1,0,0.4598,NA
blk955,3,62549,62549,1,0,0.2725,NA
blk956,3,63083,63083,1,0,0.2399,NA
blk957,3,63516,63615,2,99,0.3407,NA
blk958,3,64627,64627,1,0,0.1196,NA
blk959,3,64939,64994,2,55,0.1404,NA
blk960,3,65540,65580,2,40,0.3417,NA
blk961,3,65763,65763,1,0,0.3926,NA
blk962,3,67075,67075,1,0,0.2319,NA
blk963,3,67846,67954,2,108,0.1516,NA
blk964,3,68831,68831,1,0,0.3192,NA
blk965,3,70346,70346,1,0,0.3045,NA
blk966,3,71013,71013,1,0,0.4164,NA
blk967,3,71918,71918,1,0,0.2186,NA
blk968,3,73645,73645,1,0,0.3415,NA
blk969,3,74926,74926,1,0,0.2548,NA
blk970,3,75266,75370,2,104,0.3954,NA
blk971,3,76335,76335,1,0,0.1436,NA
blk972,3,81417,81451,2,34,0.3483,NA
blk973,3,84664,84664,1,0,0.2512,NA
blk974,3,85190,85238,2,48,0.1512,NA
blk975,3,88605,88605,1,0,0.0585,NA
blk976,3,88763,88763,1,0,0.4545,NA
blk977,3,91575,91575,1,0,0.4228,NA
blk978,3,93479,93479,1,0,0.1577,NA
blk979,3,93770,93770,1,0,0.3724,NA
blk980,3,94019,94119,3,100,0.3519,NA
blk981,3,94898,94898,1,0,0.261,NA
blk982,3,95618,95618,1,0,0.096,NA
blk983,3,96131,96255,2,124,0.1904,NA
blk984,3,96512,96595,2,83,0.4742,NA
blk985,3,97569,97569,1,0,0.2306,NA
blk986,3,98001,98001,1,0,0.1109,NA
blk987,3,98353,98353,1,0,0.4807,NA
blk988,3,101046,101046,1,0,0.0897,NA
blk989,3,103213,103213,1,0,0.0929,NA
blk990,3,107444,107444,1,0,0.0697,NA
blk991,3,109955,109955,1,0,0.4102,NA
blk992,3,111065,111065,1,0,0.1653,NA
blk993,3,112808,112808,1,0,0.1133,NA
blk994,3,114013,114013,1,0,0.3723,NA
blk995,3,114340,114340,1,0,0.3692,NA
blk996,3,116747,116747,1,0,0.3725,NA
blk997,3,117220,117220,1,0,0.054,NA
blk998,3,117779,117779,1,0,0.2936,NA
blk999,3,119180,119212,2,32,0.4534,NA
blk1000,3,119460,119460,1,0,0.1702,NA
blk1001,3,120135,120195,2,60,0.1106,NA
blk1002,3,120620,120620,1,0,0.1912,NA
blk1003,3,121345,121345,1,0,0.0745,NA
blk1004,3,121792,121792,1,0,0.499,NA
blk1005,3,122945,122945,1,0,0.2949,NA
blk1006,3,123075,123075,1,0,0.4791,NA
blk1007,3,125193,125193,1,0,0.285,NA
blk1008,3,126235,126235,1,0,0.3329,NA
blk1009,3,128445,128445,1,0,0.1319,NA
blk1010,3,129890,129890,1,0,0.2926,NA
blk1011,3,131371,131371,1,0,0.1862,NA
blk1012,3,132458,132458,1,0,0.3869,NA
blk1013,3,133382,133382,1,0,0.3265,NA
blk1014,3,133782,133782,1,0,0.3368,NA
blk1015,3,134535,134535,1,0,0.3691,NA
blk1016,3,134911,134911,1,0,0.223,NA
blk1017,3,136108,136108,1,0,0.4826,NA
blk1018,3,138645,138655,2,10,0.1793,NA
blk1019,3,139067,139067,1,0,0.2663,NA
blk1020,3,139498,139498,1,0,0.4006,NA
blk1021,3,141433,141433,1,0,0.3431,NA
blk1022,3,142362,142362,1,0,0.1521,NA
blk1023,3,142549,142549,1,0,0.3002,NA
blk1024,3,144635,144635,1,0,0.3906,NA
blk1025,3,145220,145220,1,0,0.297,NA
blk1026,3,145415,145415,1,0,0.2552,NA
blk1027,3,146216,146216,1,0,0.3185,NA
blk1028,3,147245,147245,1,0,0.1234,NA
blk1029,3,148256,148256,1,0,0.4929,NA
blk1030,3,149042,149139,2,97,0.3524,NA
blk1031,3,150510,150510,1,0,0.1942,NA
blk1032,3,151098,151098,1,0,0.1722,NA
blk1033,3,151888,151888,1,0,0.3486,NA
blk1034,3,152423,152423,1,0,0.4419,NA
blk1035,3,152550,152550,1,0,0.2433,NA
blk1036,3,154729,154729,1,0,0.3844,NA
blk1037,3,155097,155097,1,0,0.3923,NA
blk1038,3,155579,155579,1,0,0.1287,NA
blk1039,3,155920,155920,1,0,0.1769,NA
blk1040,3,156947,156947,1,0,0.4793,NA
blk1041,3,158719,158719,1,0,0.1428,NA
blk1042,3,159165,159165,1,0,0.098,NA
blk1043,3,161058,161059,2,1,0.1811,NA
blk1044,3,161850,161896,2,46,0.1653,NA
blk1045,3,162281,162281,1,0,0.1966,NA
blk1046,3,165909,165909,1,0,0.0964,NA
blk1047,3,167403,167403,1,0,0.1181,NA
blk1048,3,167620,167620,1,0,0.2218,NA
blk1049,3,167896,167896,1,0,0.2142,NA
blk1050,3,169587,169691,2,104,0.4822,NA
blk1051,3,171818,171818,1,0,0.3927,NA
blk1052,3,172233,172233,1,0,0.16,NA
blk1053,3,173832,173832,1,0,0.3016,NA
blk1054,3,174289,174289,1,0,0.4699,NA
blk1055,3,175087,175087,1,0,0.3803,NA
blk1056,3,176020,176020,1,0,0.1069,NA
blk1057,3,178549,178549,1,0,0.3521,NA
blk1058,3,179920,179920,1,0,0.0632,NA
blk1059,3,180668,180668,1,0,0.2256,NA
blk1060,3,182769,182769,1,0,0.3584,NA
blk1061,3,182908,182908,1,0,0.4641,NA
blk1062,3,183038,183070,2,32,0.3398,NA
blk1063,3,185345,185345,1,0,0.1206,NA
blk1064,3,185792,185792,1,0,0.1557,NA
blk1065,3,186109,186109,1,0,0.4953,NA
blk1066,3,186622,186622,1,0,0.4439,NA
blk1067,3,187173,187173,1,0,0.2713,NA
blk1068,3,187561,187561,1,0,0.2837,NA
blk1069,3,190169,190169,1,0,0.3691,NA
blk1070,3,190888,190888,1,0,0.397,NA
blk1071,3,191461,191461,1,0,0.4959,NA
blk1072,3,192771,192771,1,0,0.1706,NA
blk1073,3,193221,193221,1,0,0.2635,NA
blk1074,3,194040,194040,1,0,0.3344,NA
blk1075,3,194555,194555,1,0,0.2525,NA
blk1076,3,194916,194935,2,19,0.3071,NA
blk1077,3,198152,198152,1,0,0.2645,NA
blk1078,3,199414,199414,1,0,0.2665,NA
blk1079,3,200132,200132,1,0,0.2633,NA
blk1080,3,203048,203126,2,78,0.1986,NA
blk1081,3,204636,204752,2,116,0.3573,NA
blk1082,3,205769,205873,2,104,0.4131,NA
blk1083,3,206294,206294,1,0,0.3506,NA
blk1084,3,206633,206633,1,0,0.1557,NA
blk1085,3,206771,206771,1,0,0.1359,NA
blk1086,3,207168,207168,1,0,0.3547,NA
blk1087,3,208571,208571,1,0,0.2718,NA
blk1088,3,209649,209649,1,0,0.1044,NA
blk1089,3,210456,210456,1,0,0.3612,NA
blk1090,3,213930,213930,1,0,0.4066,NA
blk1091,3,214995,214995,1,0,0.4747,NA
blk1092,3,215518,215518,1,0,0.2042,NA
blk1093,3,218281,218281,1,0,0.1823,NA
blk1094,3,219033,219042,2,9,0.0507,NA
blk1095,3,219873,219873,1,0,0.43,NA
blk1096,3,220353,220353,1,0,0.1663,NA
blk1097,3,222301,222301,1,0,0.2343,NA
blk1098,3,223661,223661,1,0,0.4249,NA
blk1099,3,224264,224264,1,0,0.3269,NA
blk1100,3,226281,226281,1,0,0.1003,NA
blk1101,3,229051,229158,2,107,0.1457,NA
blk1102,3,229507,229507,1,0,0.3592,NA
blk1103,3,232314,232314,1,0,0.454,NA
blk1104,3,233114,233228,2,114,0.4816,NA
blk1105,3,233956,233956,1,0,0.0708,NA
blk1106,3,235106,235114,2,8,0.4713,NA
blk1107,3,235947,235947,1,0,0.1759,NA
blk1108,3,236663,236663,1,0,0.2265,NA
blk1109,3,238606,238606,1,0,0.1657,NA
blk1110,3,239886,239886,1,0,0.3445,NA
blk1111,3,241092,241092,1,0,0.057,NA
blk1112,3,243436,243437,2,1,0.1147,NA
blk1113,3,244886,244886,1,0,0.3477,NA
blk1114,3,246286,246286,1,0,0.1407,NA
blk1115,3,246767,246767,1,0,0.3005,NA
blk1116,3,247858,247858,1,0,0.4926,NA
blk1117,3,248870,248870,1,0,0.4297,NA
blk1118,3,250110,250215,3,105,0.2269,NA
blk1119,3,250857,250857,1,0,0.3461,NA
blk1120,3,251732,251732,1,0,0.409,NA
blk1121,3,254402,254402,1,0,0.479,NA
blk1122,3,254900,254900,1,0,0.3369,NA
blk1123,3,257639,257639,1,0,0.3228,NA
blk1124,3,258948,258948,1,0,0.2227,NA
blk1125,3,259689,259732,2,43,0.1972,NA
blk1126,3,260099,260113,2,14,0.457,NA
blk1127,3,260595,260595,1,0,0.3365,NA
blk1128,3,261314,261314,1,0,0.3478,NA
blk1129,3,261856,261856,1,0,0.3195,NA
blk1130,3,264653,264653,1,0,0.4373,NA
blk1131,3,265757,265757,1,0,0.1987,NA
blk1132,3,266946,266946,1,0,0.3209,NA
blk1133,3,268734,268734,1,0,0.3822,NA
blk1134,3,269954,269954,1,0,0.4543,NA
blk1135,3,270710,270710,1,0,0.4468,NA
blk1136,3,272270,272270,1,0,0.4067,NA
blk1137,3,272678,272678,1,0,0.2503,NA
blk1138,3,273064,273064,1,0,0.2576,NA
blk1139,3,274627,274627,1,0,0.0857,NA
blk1140,3,275346,275346,1,0,0.3555,NA
blk1141,3,275575,275575,1,0,0.3038,NA
blk1142,3,276300,276300,1,0,0.3468,NA
blk1143,3,277380,277380,1,0,0.4614,NA
blk1144,3,277671,277671,1,0,0.4646,NA
blk1145,3,278885,278885,1,0,0.3194,NA
blk1146,3,281263,281263,1,0,0.2763,NA
blk1147,3,282341,282341,1,0,0.1658,NA
blk1148,3,282995,282995,1,0,0.255,NA
blk1149,3,283875,283875,1,0,0.1755,NA
blk1150,3,284271,284271,1,0,0.444,NA
blk1151,3,288525,288525,1,0,0.3075,NA
blk1152,3,290131,290131,1,0,0.3177,NA
blk1153,3,291192,291192,1,0,0.3503,NA
blk1154,3,291371,291371,1,0,0.3321,NA
blk1155,3,292629,292629,1,0,0.4066,NA
blk1156,3,292944,292944,1,0,0.1263,NA
blk1157,3,295408,295408,1,0,0.3945,NA
blk1158,3,296220,296220,1,0,0.49,NA
blk1159,3,298177,298177,1,0,0.1865,NA
blk1160,3,298342,298342,1,0,0.1002,NA
blk1161,3,298880,298880,1,0,0.2853,NA
blk1162,3,300300,300300,1,0,0.1968,NA
blk1163,3,300681,300681,1,0,0.2004,NA
blk1164,3,301997,302108,2,111,0.0518,NA
blk1165,3,304816,304816,1,0,0.1015,NA
blk1166,3,305861,305861,1,0,0.3217,NA
blk1167,3,306523,306523,1,0,0.2695,NA
blk1168,3,307444,307533,2,89,0.3356,NA
blk1169,3,307885,307885,1,0,0.3233,NA
blk1170,3,309461,309461,1,0,0.132,NA
blk1171,3,310620,310620,1,0,0.1589,NA
blk1172,3,312662,312662,1,0,0.4353,NA
blk1173,3,312869,312869,1,0,0.2815,NA
blk1174,3,313017,313049,2,32,0.1268,NA
blk1175,3,313306,313306,1,0,0.2638,NA
blk1176,3,313731,313731,1,0,0.0651,NA
blk1177,3,313956,313956,1,0,0.3132,NA
blk1178,3,315134,315134,1,0,0.2497,NA
blk1179,3,315878,315878,1,0,0.2139,NA
blk1180,3,316485,316485,1,0,0.124,NA
blk1181,3,317279,317279,1,0,0.15,NA
blk1182,3,318586,318586,1,0,0.3905,NA
blk1183,3,320204,320204,1,0,0.2221,NA
blk1184,3,320899,320899,1,0,0.3944,NA
blk1185,3,322086,322086,1,0,0.2063,NA
blk1186,3,322423,322423,1,0,0.2367,NA
blk1187,3,323463,323463,1,0,0.3047,NA
blk1188,3,323755,323755,1,0,0.2927,NA
blk1189,3,325294,325417,2,123,0.4047,NA
blk1190,3,326283,326384,2,101,0.2815,NA
blk1191,3,327076,327103,2,27,0.273,NA
blk1192,3,327580,327580,1,0,0.3965,NA
blk1193,3,328143,328143,1,0,0.2787,NA
blk1194,3,329094,329094,1,0,0.4278,NA
blk1195,3,329989,329989,1,0,0.3368,NA
blk1196,3,331118,331118,1,0,0.3973,NA
blk1197,3,331819,331819,1,0,0.2705,NA
blk1198,3,334033,334033,1,0,0.4002,NA
blk1199,3,334983,334983,1,0,0.2597,NA
blk1200,3,335623,335739,2,116,0.4218,NA
blk1201,3,336496,336496,1,0,0.1704,NA
blk1202,3,337104,337104,1,0,0.0647,NA
blk1203,3,337267,337267,1,0,0.338,NA
blk1204,3,337699,337699,1,0,0.1097,NA
blk1205,3,338153,338153,1,0,0.0965,NA
blk1206,3,340464,340464,1,0,0.2465,NA
blk1207,3,341102,341102,1,0,0.3313,NA
blk1208,3,341920,341920,1,0,0.4653,NA
blk1209,3,342648,342648,1,0,0.2227,NA
blk1210,3,343520,343520,1,0,0.2031,NA
blk1211,3,346706,346706,1,0,0.0512,NA
blk1212,3,347859,347958,2,99,0.2464,NA
blk1213,3,348879,348879,1,0,0.4286,NA
blk1214,3,349590,349590,1,0,0.2214,NA
blk1215,3,350953,350953,1,0,0.1858,NA
blk1216,3,354540,354540,1,0,0.3279,NA
blk1217,3,355426,355426,1,0,0.3909,NA
blk1218,3,355796,355796,1,0,0.1241,NA
blk1219,3,357034,357034,1,0,0.3336,NA
blk1220,3,359573,359573,1,0,0.2637,NA
blk1221,3,359972,359972,1,0,0.4844,NA
blk1222,3,360302,360302,1,0,0.0887,NA
blk1223,3,360565,360565,1,0,0.2948,NA
blk1224,3,361152,361152,1,0,0.2955,NA
blk1225,3,361598,361598,1,0,0.1121,NA
blk1226,3,361815,361815,1,0,0.1702,NA
blk1227,3,362664,362664,1,0,0.0762,NA
blk1228,3,362929,362929,1,0,0.1844,NA
blk1229,3,363484,363484,1,0,0.3546,NA
blk1230,3,365489,365489,1,0,0.1042,NA
blk1231,3,366306,366306,1,0,0.4957,NA
blk1232,3,367497,367497,1,0,0.2263,NA
blk1233,3,369159,369159,1,0,0.1914,NA
blk1234,3,369600,369689,2,89,0.22,NA
blk1235,3,371803,371803,1,0,0.2834,NA
blk1236,3,374799,374799,1,0,0.0538,NA
blk1237,3,375398,375398,1,0,0.3271,NA
blk1238,3,376171,376171,1,0,0.0662,NA
blk1239,3,377257,377257,1,0,0.0941,NA
blk1240,3,377978,377978,1,0,0.2192,NA
blk1241,3,378805,378805,1,0,0.2154,NA
blk1242,3,379219,379219,1,0,0.3695,NA
blk1243,3,380456,380521,2,65,0.1819,NA
blk1244,3,382310,382310,1,0,0.4372,NA
blk1245,3,383635,383635,1,0,0.2571,NA
blk1246,3,384665,384665,1,0,0.2298,NA
blk1247,3,385985,385985,1,0,0.0936,NA
blk1248,3,386588,386630,2,42,0.0801,NA
blk1249,3,386997,386997,1,0,0.223,NA
blk1250,3,387367,387367,1,0,0.0506,NA
blk1251,3,388745,388745,1,0,0.0615,NA
blk1252,3,389825,389825,1,0,0.4786,NA
blk1253,3,390120,390120,1,0,0.2149,NA
blk1254,3,394159,394159,1,0,0.1989,NA
blk1255,3,395634,395634,1,0,0.4894,NA
blk1256,3,395845,395845,1,0,0.0885,NA
blk1257,3,396405,396405,1,0,0.3628,NA
blk1258,3,396633,396633,1,0,0.0677,NA
blk1259,3,397324,397412,2,88,0.052,NA
blk1260,3,398643,398643,1,0,0.4993,NA
blk1261,3,399562,399562,1,0,0.1379,NA
blk1262,3,400958,400958,1,0,0.4894,NA
blk1263,3,401633,401633,1,0,0.3452,NA
blk1264,3,401929,402008,3,79,0.198,NA
blk1265,3,402058,402058,1,0,0.3955,NA
blk1266,3,404292,404292,1,0,0.2041,NA
blk1267,3,405802,405802,1,0,0.3551,NA
blk1268,3,408705,408705,1,0,0.1505,NA
blk1269,3,410374,410415,2,41,0.4186,NA
blk1270,3,411552,411552,1,0,0.1854,NA
blk1271,3,412553,412553,1,0,0.2751,NA
blk1272,3,413750,413750,1,0,0.1404,NA
blk1273,3,414149,414149,1,0,0.25,NA
blk1274,3,415050,415050,1,0,0.4417,NA
blk1275,3,415541,415541,1,0,0.4986,NA
blk1276,3,417485,417485,1,0,0.2573,NA
blk1277,3,417994,417994,1,0,0.1018,NA
blk1278,3,421156,421156,1,0,0.4868,NA
blk1279,3,426374,426374,1,0,0.1176,NA
blk1280,3,427386,427386,1,0,0.4302,NA
blk1281,3,428533,428533,1,0,0.2638,NA
blk1282,3,430715,430715,1,0,0.3576,NA
blk1283,3,431250,431250,1,0,0.0938,NA
blk1284,3,431589,431589,1,0,0.3026,NA
blk1285,3,433586,433586,1,0,0.4108,NA
blk1286,3,433862,433862,1,0,0.3293,NA
blk1287,3,434343,434343,1,0,0.1738,NA
blk1288,3,434990,434990,1,0,0.1912,NA
blk1289,3,435498,435498,1,0,0.3342,NA
blk1290,3,435746,435746,1,0,0.1287,NA
blk1291,3,436744,436744,1,0,0.1203,NA
blk1292,3,439048,439048,1,0,0.1427,NA
blk1293,3,439547,439591,2,44,0.1151,NA
blk1294,3,439716,439716,1,0,0.2012,NA
blk1295,3,440897,440897,1,0,0.1601,NA
blk1296,3,443899,443969,2,70,0.2213,NA
blk1297,3,444114,444114,1,0,0.3638,NA
blk1298,3,444326,444326,1,0,0.1412,NA
blk1299,3,446382,446382,1,0,0.1022,NA
blk1300,3,446521,446521,1,0,0.4967,NA
blk1301,3,448466,448540,2,74,0.3778,NA
blk1302,3,448918,448918,1,0,0.4753,NA
blk1303,3,449515,449515,1,0,0.2355,NA
blk1304,3,449773,449773,1,0,0.1506,NA
blk1305,3,451060,451060,1,0,0.3103,NA
blk1306,3,453811,453811,1,0,0.1406,NA
blk1307,3,454364,454364,1,0,0.0916,NA
blk1308,3,455027,455027,1,0,0.4179,NA
blk1309,3,455230,455230,1,0,0.3664,NA
blk1310,3,455434,455434,1,0,0.2385,NA
blk1311,3,455859,455859,1,0,0.3274,NA
blk1312,3,456347,456347,1,0,0.0631,NA
blk1313,3,457681,457681,1,0,0.1339,NA
blk1314,3,458363,458363,1,0,0.2498,NA
blk1315,3,458790,458790,1,0,0.06,NA
blk1316,3,459454,459454,1,0,0.0706,NA
blk1317,3,461022,461022,1,0,0.2979,NA
blk1318,3,461686,461686,1,0,0.3897,NA
blk1319,3,461966,461966,1,0,0.286,NA
blk1320,3,462603,462603,1,0,0.0909,NA
blk1321,3,463533,463533,1,0,0.4492,NA
blk1322,3,464038,464038,1,0,0.4954,NA
blk1323,3,464265,464265,1,0,0.223,NA
blk1324,3,465112,465112,1,0,0.2364,NA
blk1325,3,465419,465419,1,0,0.3921,NA
blk1326,3,466034,466034,1,0,0.3734,NA
blk1327,3,468933,468933,1,0,0.4372,NA
blk1328,3,469364,469364,1,0,0.3264,NA
blk1329,3,473314,473314,1,0,0.1839,NA
blk1330,3,475364,475368,2,4,0.2352,NA
blk1331,3,477188,477188,1,0,0.302,NA
blk1332,3,479656,479656,1,0,0.4089,NA
blk1333,3,480340,480340,1,0,0.3079,NA
blk1334,3,481939,481939,1,0,0.2735,NA
blk1335,3,483449,483449,1,0,0.1876,NA
blk1336,3,485897,485897,1,0,0.458,NA
blk1337,3,486575,486575,1,0,0.3871,NA
blk1338,3,487076,487076,1,0,0.1485,NA
blk1339,3,489240,489240,1,0,0.3658,NA
blk1340,3,490638,490638,1,0,0.0521,NA
blk1341,3,495192,495192,1,0,0.1797,NA
blk1342,3,496193,496193,1,0,0.268,NA
blk1343,4,1025,1025,1,0,0.2871,NA
blk1344,4,4084,4084,1,0,0.4365,NA
blk1345,4,5849,5849,1,0,0.0647,NA
blk1346,4,6219,6219,1,0,0.2579,NA
blk1347,4,6559,6559,1,0,0.2733,NA
blk1348,4,6686,6686,1,0,0.413,NA
blk1349,4,7025,7025,1,0,0.3099,NA
blk1350,4,14466,14466,1,0,0.376,NA
blk1351,4,15225,15225,1,0,0.4573,NA
blk1352,4,15359,15359,1,0,0.2326,NA
blk1353,4,17051,17051,1,0,0.2256,NA
blk1354,4,19453,19453,1,0,0.1166,NA
blk1355,4,19617,19617,1,0,0.4981,NA
blk1356,4,19851,19873,2,22,0.0933,NA
blk1357,4,20150,20150,1,0,0.0651,NA
blk1358,4,21123,21123,1,0,0.3389,NA
blk1359,4,21692,21692,1,0,0.1853,NA
blk1360,4,22009,22009,1,0,0.4124,NA
blk1361,4,22499,22499,1,0,0.2515,NA
blk1362,4,23978,23978,1,0,0.151,NA
blk1363,4,24112,24112,1,0,0.1024,NA
blk1364,4,24626,24626,1,0,0.3028,NA
blk1365,4,25578,25578,1,0,0.4456,NA
blk1366,4,28195,28195,1,0,0.2664,NA
blk1367,4,28382,28382,1,0,0.3533,NA
blk1368,4,28574,28574,1,0,0.3982,NA
blk1369,4,30394,30394,1,0,0.0775,NA
blk1370,4,31150,31150,1,0,0.1936,NA
blk1371,4,31289,31289,1,0,0.4597,NA
blk1372,4,32084,32084,1,0,0.0527,NA
blk1373,4,36820,36820,1,0,0.2305,NA
blk1374,4,37128,37128,1,0,0.2748,NA
blk1375,4,37650,37650,1,0,0.249,NA
blk1376,4,37912,37912,1,0,0.3235,NA
blk1377,4,38874,38874,1,0,0.3479,NA
blk1378,4,39738,39738,1,0,0.2454,NA
blk1379,4,40347,40347,1,0,0.2419,NA
blk1380,4,40501,40501,1,0,0.4977,NA
blk1381,4,40736,40736,1,0,0.2963,NA
blk1382,4,44330,44351,2,21,0.2524,NA
blk1383,4,44722,44722,1,0,0.3698,NA
blk1384,4,45999,46075,4,76,0.2144,NA
blk1385,4,46135,46169,2,34,0.1443,NA
blk1386,4,46876,46876,1,0,0.4522,NA
blk1387,4,47771,47771,1,0,0.3894,NA
blk1388,4,49527,49527,1,0,0.4073,NA
blk1389,4,50593,50593,1,0,0.0944,NA
blk1390,4,52545,52545,1,0,0.3241,NA
blk1391,4,53383,53383,1,0,0.0976,NA
blk1392,4,54148,54148,1,0,0.2242,NA
blk1393,4,55217,55217,1,0,0.4469,NA
blk1394,4,55724,55808,2,84,0.1702,NA
blk1395,4,56363,56363,1,0,0.067,NA
blk1396,4,57845,57845,1,0,0.3004,NA
blk1397,4,58260,58260,1,0,0.1381,NA
blk1398,4,60381,60381,1,0,0.2598,NA
blk1399,4,60617,60617,1,0,0.4798,NA
blk1400,4,62069,62133,2,64,0.0777,NA
blk1401,4,62203,62203,1,0,0.2903,NA
blk1402,4,62472,62547,3,75,0.1481,NA
blk1403,4,62884,62884,1,0,0.1693,NA
blk1404,4,64893,64893,1,0,0.1909,NA
blk1405,4,65504,65504,1,0,0.1197,NA
blk1406,4,66477,66477,1,0,0.3156,NA
blk1407,4,66846,66846,1,0,0.3451,NA
blk1408,4,68339,68339,1,0,0.1308,NA
blk1409,4,70976,70976,1,0,0.1547,NA
blk1410,4,71487,71487,1,0,0.0537,NA
blk1411,4,72248,72248,1,0,0.3781,NA
blk1412,4,72659,72659,1,0,0.3936,NA
blk1413,4,76149,76149,1,0,0.4609,NA
blk1414,4,76628,76728,2,100,0.2532,NA
blk1415,4,78493,78609,2,116,0.2655,NA
blk1416,4,79531,79531,1,0,0.0743,NA
blk1417,4,80694,80694,1,0,0.1933,NA
blk1418,4,81829,81829,1,0,0.0655,NA
blk1419,4,83926,83926,1,0,0.3452,NA
blk1420,4,84555,84555,1,0,0.4196,NA
blk1421,4,86205,86205,1,0,0.2568,NA
blk1422,4,86791,86791,1,0,0.3502,NA
blk1423,4,87230,87230,1,0,0.3702,NA
blk1424,4,87928,87928,1,0,0.1827,NA
blk1425,4,88201,88268,2,67,0.4414,NA
blk1426,4,88478,88478,1,0,0.1609,NA
blk1427,4,89748,89748,1,0,0.3695,NA
blk1428,4,91094,91094,1,0,0.1326,NA
blk1429,4,92510,92510,1,0,0.1273,NA
blk1430,4,93061,93061,1,0,0.4292,NA
blk1431,4,93315,93315,1,0,0.2412,NA
blk1432,4,94471,94471,1,0,0.2353,NA
blk1433,4,95116,95116,1,0,0.1164,NA
blk1434,4,95274,95274,1,0,0.3214,NA
blk1435,4,95967,95967,1,0,0.2148,NA
blk1436,4,96326,96326,1,0,0.4041,NA
blk1437,4,98136,98136,1,0,0.29,NA
blk1438,4,98588,98588,1,0,0.3893,NA
blk1439,4,98965,98965,1,0,0.2342,NA
blk1440,4,100824,100824,1,0,0.259,NA
blk1441,4,102215,102215,1,0,0.4534,NA
blk1442,4,102634,102634,1,0,0.2834,NA
blk1443,4,103637,103637,1,0,0.4425,NA
blk1444,4,105012,105012,1,0,0.4347,NA
blk1445,4,105259,105259,1,0,0.399,NA
blk1446,4,106250,106250,1,0,0.1307,NA
blk1447,4,106860,106860,1,0,0.1612,NA
blk1448,4,107466,107466,1,0,0.1638,NA
blk1449,4,108354,108354,1,0,0.1905,NA
blk1450,4,108667,108667,1,0,0.201,NA
blk1451,4,109044,109044,1,0,0.4068,NA
blk1452,4,110468,110468,1,0,0.0723,NA
blk1453,4,111979,111979,1,0,0.1976,NA
blk1454,4,112112,112112,1,0,0.2862,NA
blk1455,4,113059,113059,1,0,0.3302,NA
blk1456,4,113794,113794,1,0,0.0583,NA
blk1457,4,113923,113923,1,0,0.1401,NA
blk1458,4,114056,114056,1,0,0.1256,NA
blk1459,4,114738,114738,1,0,0.0924,NA
blk1460,4,114951,114951,1,0,0.1693,NA
blk1461,4,117895,117895,1,0,0.4641,NA
blk1462,4,118446,118446,1,0,0.1096,NA
blk1463,4,119692,119692,1,0,0.1959,NA
blk1464,4,124425,124465,2,40,0.3597,NA
blk1465,4,126565,126587,2,22,0.1244,NA
blk1466,4,127054,127054,1,0,0.0806,NA
blk1467,4,127632,127632,1,0,0.3432,NA
blk1468,4,128059,128059,1,0,0.1776,NA
blk1469,4,130104,130104,1,0,0.3168,NA
blk1470,4,136220,136220,1,0,0.1539,NA
blk1471,4,139050,139050,1,0,0.4977,NA
blk1472,4,139264,139381,2,117,0.2686,NA
blk1473,4,140529,140529,1,0,0.2873,NA
blk1474,4,141222,141222,1,0,0.0791,NA
blk1475,4,143935,143935,1,0,0.4601,NA
blk1476,4,144410,144410,1,0,0.202,NA
blk1477,4,146264,146264,1,0,0.3523,NA
blk1478,4,146910,146910,1,0,0.1487,NA
blk1479,4,148629,148629,1,0,0.3398,NA
blk1480,4,149009,149009,1,0,0.0989,NA
blk1481,4,150421,150421,1,0,0.2659,NA
blk1482,4,153867,153867,1,0,0.2412,NA
blk1483,4,155066,155066,1,0,0.311,NA
blk1484,4,155425,155425,1,0,0.1614,NA
blk1485,4,155986,155986,1,0,0.2951,NA
blk1486,4,157068,157068,1,0,0.1541,NA
blk1487,4,157917,157917,1,0,0.0566,NA
blk1488,4,158653,158653,1,0,0.4589,NA
blk1489,4,160799,160799,1,0,0.1329,NA
blk1490,4,165383,165383,1,0,0.0617,NA
blk1491,4,165611,165611,1,0,0.0574,NA
blk1492,4,167465,167465,1,0,0.2261,NA
blk1493,4,168665,168665,1,0,0.1142,NA
blk1494,4,169943,169943,1,0,0.0928,NA
blk1495,4,170208,170208,1,0,0.4236,NA
blk1496,4,172501,172501,1,0,0.4861,NA
blk1497,4,173326,173326,1,0,0.1563,NA
blk1498,4,173964,173964,1,0,0.1727,NA
blk1499,4,176710,176710,1,0,0.0867,NA
blk1500,4,178201,178201,1,0,0.3063,NA
blk1501,4,178839,178839,1,0,0.1446,NA
blk1502,4,180140,180140,1,0,0.2439,NA
blk1503,4,180753,180753,1,0,0.1893,NA
blk1504,4,180983,181067,2,84,0.2561,NA
blk1505,4,181658,181658,1,0,0.1768,NA
blk1506,4,181878,181878,1,0,0.385,NA
blk1507,4,182111,182111,1,0,0.3041,NA
blk1508,4,183521,183521,1,0,0.2414,NA
blk1509,4,183958,183958,1,0,0.3822,NA
blk1510,4,185367,185405,2,38,0.1536,NA
blk1511,4,186899,186907,2,8,0.4701,NA
blk1512,4,187159,187280,2,121,0.3887,NA
blk1513,4,187962,187962,1,0,0.0792,NA
blk1514,4,188900,188900,1,0,0.4794,NA
blk1515,4,190979,190979,1,0,0.251,NA
blk1516,4,192091,192091,1,0,0.1537,NA
blk1517,4,192736,192736,1,0,0.1362,NA
blk1518,4,193399,193404,2,5,0.1799,NA
blk1519,4,195936,195936,1,0,0.0909,NA
blk1520,4,199106,199106,1,0,0.246,NA
blk1521,4,199500,199500,1,0,0.4147,NA
blk1522,4,199709,199709,1,0,0.265,NA
blk1523,4,200787,200787,1,0,0.4021,NA
blk1524,4,201392,201392,1,0,0.1353,NA
blk1525,4,201580,201585,2,5,0.0605,NA
blk1526,4,202943,202943,1,0,0.1502,NA
blk1527,4,204442,204442,1,0,0.1349,NA
blk1528,4,205224,205224,1,0,0.4549,NA
blk1529,4,205732,205732,1,0,0.4847,NA
blk1530,4,205858,205858,1,0,0.132,NA
blk1531,4,206180,206180,1,0,0.1668,NA
blk1532,4,206559,206559,1,0,0.3436,NA
blk1533,4,207234,207234,1,0,0.2235,NA
blk1534,4,207668,207668,1,0,0.077,NA
blk1535,4,208531,208531,1,0,0.0707,NA
blk1536,4,209310,209310,1,0,0.3816,NA
blk1537,4,210026,210026,1,0,0.4839,NA
blk1538,4,210325,210325,1,0,0.4638,NA
blk1539,4,211653,211653,1,0,0.1856,NA
blk1540,4,211787,211884,2,97,0.1496,NA
blk1541,4,213689,213689,1,0,0.0903,NA
blk1542,4,216058,216058,1,0,0.2965,NA
blk1543,4,216530,216561,2,31,0.3705,NA
blk1544,4,217668,217668,1,0,0.2512,NA
blk1545,4,218019,218019,1,0,0.3126,NA
blk1546,4,220465,220465,1,0,0.0587,NA
blk1547,4,222591,222591,1,0,0.0743,NA
blk1548,4,223504,223504,1,0,0.2228,NA
blk1549,4,223870,223870,1,0,0.3908,NA
blk1550,4,224164,224164,1,0,0.2615,NA
blk1551,4,225442,225442,1,0,0.4446,NA
blk1552,4,226624,226624,1,0,0.4044,NA
blk1553,4,227661,227661,1,0,0.3802,NA
blk1554,4,230068,230068,1,0,0.2643,NA
blk1555,4,231498,231498,1,0,0.0954,NA
blk1556,4,233163,233163,1,0,0.1,NA
blk1557,4,234733,234733,1,0,0.4846,NA
blk1558,4,235504,235504,1,0,0.0735,NA
blk1559,4,236219,236219,1,0,0.4069,NA
blk1560,4,236816,236896,2,80,0.3724,NA
blk1561,4,238136,238136,1,0,0.0652,NA
blk1562,4,238852,238852,1,0,0.1506,NA
blk1563,4,239235,239235,1,0,0.34,NA
blk1564,4,240426,240443,2,17,0.2244,NA
blk1565,4,242129,242129,1,0,0.1567,NA
blk1566,4,244182,244182,1,0,0.4586,NA
blk1567,4,245390,245390,1,0,0.2782,NA
blk1568,4,245745,245745,1,0,0.2736,NA
blk1569,4,250638,250638,1,0,0.2647,NA
blk1570,4,250851,250851,1,0,0.2848,NA
blk1571,4,251556,251556,1,0,0.4367,NA
blk1572,4,251878,251878,1,0,0.2855,NA
blk1573,4,252894,252894,1,0,0.2813,NA
blk1574,4,253100,253100,1,0,0.1883,NA
blk1575,4,253588,253588,1,0,0.0593,NA
blk1576,4,253820,253820,1,0,0.3582,NA
blk1577,4,256824,256824,1,0,0.3752,NA
blk1578,4,257612,257612,1,0,0.0552,NA
blk1579,4,258831,258831,1,0,0.3292,NA
blk1580,4,259313,259313,1,0,0.3189,NA
blk1581,4,260093,260093,1,0,0.3221,NA
blk1582,4,260509,260583,2,74,0.1834,NA
blk1583,4,261108,261225,3,117,0.4347,NA
blk1584,4,261688,261688,1,0,0.0533,NA
blk1585,4,262537,262537,1,0,0.286,NA
blk1586,4,265263,265263,1,0,0.1265,NA
blk1587,4,265525,265525,1,0,0.3494,NA
blk1588,4,266160,266160,1,0,0.4226,NA
blk1589,4,268039,268039,1,0,0.248,NA
blk1590,4,268663,268663,1,0,0.1106,NA
blk1591,4,268863,268863,1,0,0.074,NA
blk1592,4,270376,270376,1,0,0.4875,NA
blk1593,4,271901,271901,1,0,0.0944,NA
blk1594,4,272638,272638,1,0,0.4363,NA
blk1595,4,272954,272954,1,0,0.1517,NA
blk1596,4,273501,273501,1,0,0.4387,NA
blk1597,4,274518,274518,1,0,0.1044,NA
blk1598,4,275071,275071,1,0,0.2578,NA
blk1599,4,276234,276234,1,0,0.1511,NA
blk1600,4,277624,277624,1,0,0.253,NA
blk1601,4,278564,278564,1,0,0.076,NA
blk1602,4,279422,279422,1,0,0.4453,NA
blk1603,4,280482,280482,1,0,0.366,NA
blk1604,4,281055,281055,1,0,0.2475,NA
blk1605,4,281551,281551,1,0,0.4029,NA
blk1606,4,281700,281700,1,0,0.4578,NA
blk1607,4,283391,283391,1,0,0.3696,NA
blk1608,4,285117,285117,1,0,0.1058,NA
blk1609,4,285666,285675,2,9,0.1008,NA
blk1610,4,285955,286078,2,123,0.4053,NA
blk1611,4,286930,286930,1,0,0.4794,NA
blk1612,4,287723,287723,1,0,0.284,NA
blk1613,4,288090,288090,1,0,0.4044,NA
blk1614,4,290615,290702,2,87,0.293,NA
blk1615,4,292906,292906,1,0,0.4158,NA
blk1616,4,294028,294028,1,0,0.2509,NA
blk1617,4,295707,295707,1,0,0.2938,NA
blk1618,4,296220,296300,2,80,0.1745,NA
blk1619,4,296592,296592,1,0,0.4739,NA
blk1620,4,297993,298077,2,84,0.4303,NA
blk1621,4,301275,301275,1,0,0.4507,NA
blk1622,4,303848,303848,1,0,0.214,NA
blk1623,4,303995,303995,1,0,0.0922,NA
blk1624,4,304372,304372,1,0,0.3369,NA
blk1625,4,305394,305394,1,0,0.3157,NA
blk1626,4,307285,307306,2,21,0.1109,NA
blk1627,4,307648,307648,1,0,0.1688,NA
blk1628,4,308772,308772,1,0,0.3571,NA
blk1629,4,310733,310733,1,0,0.1379,NA
blk1630,4,311801,311801,1,0,0.0537,NA
blk1631,4,312173,312173,1,0,0.3044,NA
blk1632,4,313223,313223,1,0,0.0783,NA
blk1633,4,313622,313622,1,0,0.4407,NA
blk1634,4,315519,315519,1,0,0.1926,NA
blk1635,4,317607,317607,1,0,0.122,NA
blk1636,4,317976,317976,1,0,0.2269,NA
blk1637,4,318945,318945,1,0,0.172,NA
blk1638,4,319865,319865,1,0,0.488,NA
blk1639,4,322341,322341,1,0,0.4274,NA
blk1640,4,322661,322661,1,0,0.343,NA
blk1641,4,324538,324538,1,0,0.1986,NA
blk1642,4,324931,324931,1,0,0.2172,NA
blk1643,4,326739,326739,1,0,0.4341,NA
blk1644,4,327200,327200,1,0,0.1096,NA
blk1645,4,327510,327585,2,75,0.3608,NA
blk1646,4,330044,330044,1,0,0.3367,NA
blk1647,4,330979,330979,1,0,0.2614,NA
blk1648,4,333884,333884,1,0,0.4587,NA
blk1649,4,335097,335099,2,2,0.2882,NA
blk1650,4,335241,335241,1,0,0.3576,NA
blk1651,4,336639,336639,1,0,0.4778,NA
blk1652,4,338454,338454,1,0,0.4494,NA
blk1653,4,339186,339186,1,0,0.1698,NA
blk1654,4,340633,340633,1,0,0.0898,NA
blk1655,4,340983,340983,1,0,0.3069,NA
blk1656,4,341261,341261,1,0,0.0951,NA
blk1657,4,343923,343923,1,0,0.4844,NA
blk1658,4,344731,344731,1,0,0.2548,NA
blk1659,4,345298,345298,1,0,0.3922,NA
blk1660,4,345972,345972,1,0,0.424,NA
blk1661,4,346371,346391,2,20,0.3885,NA
blk1662,4,346855,346855,1,0,0.1026,NA
blk1663,4,347112,347112,1,0,0.1672,NA
blk1664,4,347407,347407,1,0,0.2034,NA
blk1665,4,348852,348852,1,0,0.0704,NA
blk1666,4,349015,349015,1,0,0.2051,NA
blk1667,4,349448,349448,1,0,0.1366,NA
blk1668,4,350564,350564,1,0,0.0727,NA
blk1669,4,351354,351354,1,0,0.1861,NA
blk1670,4,352431,352431,1,0,0.436,NA
blk1671,4,356343,356343,1,0,0.2671,NA
blk1672,4,358076,358181,2,105,0.296,NA
blk1673,4,358764,358764,1,0,0.115,NA
blk1674,4,360504,360504,1,0,0.1706,NA
blk1675,4,363962,363962,1,0,0.2613,NA
blk1676,4,364161,364161,1,0,0.4053,NA
blk1677,4,366863,366863,1,0,0.077,NA
blk1678,4,367826,367826,1,0,0.2185,NA
blk1679,4,368309,368309,1,0,0.0798,NA
blk1680,4,369128,369171,2,43,0.2634,NA
blk1681,4,370648,370648,1,0,0.0849,NA
blk1682,4,373228,373228,1,0,0.2564,NA
blk1683,4,373930,373930,1,0,0.0903,NA
blk1684,4,376155,376155,1,0,0.0904,NA
blk1685,4,376368,376368,1,0,0.3277,NA
blk1686,4,376936,376936,1,0,0.4406,NA
blk1687,4,380887,380887,1,0,0.2448,NA
blk1688,4,381323,381323,1,0,0.078,NA
blk1689,4,385123,385123,1,0,0.4676,NA
blk1690,4,385669,385669,1,0,0.2169,NA
blk1691,4,387052,387052,1,0,0.08,NA
blk1692,4,387872,387872,1,0,0.0862,NA
blk1693,4,388011,388011,1,0,0.246,NA
blk1694,4,388482,388482,1,0,0.1842,NA
blk1695,4,388864,388949,3,85,0.3222,NA
blk1696,4,389337,389337,1,0,0.4431,NA
blk1697,4,389598,389598,1,0,0.1647,NA
blk1698,4,390521,390521,1,0,0.3505,NA
blk1699,4,395219,395219,1,0,0.1999,NA
blk1700,4,396579,396579,1,0,0.0895,NA
blk1701,4,397362,397362,1,0,0.1179,NA
blk1702,4,397556,397556,1,0,0.3114,NA
blk1703,4,398122,398244,2,122,0.2942,NA
blk1704,4,400281,400281,1,0,0.2621,NA
blk1705,4,400964,400964,1,0,0.1208,NA
blk1706,4,401107,401107,1,0,0.4822,NA
blk1707,4,402488,402488,1,0,0.3845,NA
blk1708,4,402721,402721,1,0,0.2894,NA
blk1709,4,403620,403697,2,77,0.4415,NA
blk1710,4,405036,405036,1,0,0.0523,NA
blk1711,4,409238,409356,2,118,0.1753,NA
blk1712,4,410298,410298,1,0,0.4415,NA
blk1713,4,411064,411064,1,0,0.2346,NA
blk1714,4,414059,414059,1,0,0.0581,NA
blk1715,4,414273,414273,1,0,0.3764,NA
blk1716,4,414705,414705,1,0,0.4295,NA
blk1717,4,414984,414984,1,0,0.3738,NA
blk1718,4,416837,416837,1,0,0.4559,NA
blk1719,4,418724,418724,1,0,0.3889,NA
blk1720,4,419196,419318,2,122,0.2792,NA
blk1721,4,420397,420413,2,16,0.2807,NA
blk1722,4,421568,421568,1,0,0.3257,NA
blk1723,4,422451,422451,1,0,0.3637,NA
blk1724,4,425474,425474,1,0,0.3824,NA
blk1725,4,426276,426276,1,0,0.1804,NA
blk1726,4,426437,426437,1,0,0.3396,NA
blk1727,4,427142,427142,1,0,0.1966,NA
blk1728,4,427458,427458,1,0,0.4073,NA
blk1729,4,429394,429394,1,0,0.4822,NA
blk1730,4,429617,429688,2,71,0.1392,NA
blk1731,4,429885,429885,1,0,0.0713,NA
blk1732,4,431561,431561,1,0,0.4145,NA
blk1733,4,432148,432148,1,0,0.2708,NA
blk1734,4,432811,432811,1,0,0.302,NA
blk1735,4,434896,434896,1,0,0.1596,NA
blk1736,4,436758,436758,1,0,0.1519,NA
blk1737,4,438084,438199,2,115,0.3512,NA
blk1738,4,440377,440377,1,0,0.4105,NA
blk1739,4,441845,441845,1,0,0.0795,NA
blk1740,4,442967,442967,1,0,0.4841,NA
blk1741,4,443439,443439,1,0,0.1952,NA
blk1742,4,444274,444274,1,0,0.1781,NA
blk1743,4,446641,446691,2,50,0.4337,NA
blk1744,4,447164,447164,1,0,0.1153,NA
blk1745,4,450857,450939,2,82,0.203,NA
blk1746,4,451131,451131,1,0,0.1331,NA
blk1747,4,452164,452258,2,94,0.4889,NA
blk1748,4,452590,452590,1,0,0.3068,NA
blk1749,4,452756,452821,2,65,0.2809,NA
blk1750,4,452969,452969,1,0,0.2146,NA
blk1751,4,453681,453681,1,0,0.2648,NA
blk1752,4,455159,455262,2,103,0.399,NA
blk1753,4,456017,456017,1,0,0.3913,NA
blk1754,4,457127,457127,1,0,0.1675,NA
blk1755,4,457605,457605,1,0,0.4733,NA
blk1756,4,458268,458268,1,0,0.3079,NA
blk1757,4,460256,460256,1,0,0.2574,NA
blk1758,4,460768,460768,1,0,0.3456,NA
blk1759,4,461575,461575,1,0,0.3205,NA
blk1760,4,464537,464537,1,0,0.1964,NA
blk1761,4,469975,469975,1,0,0.3243,NA
blk1762,4,470523,470523,1,0,0.3418,NA
blk1763,4,471373,471373,1,0,0.2436,NA
blk1764,4,472368,472368,1,0,0.1321,NA
blk1765,4,472648,472648,1,0,0.4315,NA
blk1766,4,473411,473411,1,0,0.1771,NA
blk1767,4,473638,473638,1,0,0.0871,NA
blk1768,4,475790,475790,1,0,0.3126,NA
blk1769,4,477346,477346,1,0,0.3091,NA
blk1770,4,478090,478179,2,89,0.178,NA
blk1771,4,478992,478992,1,0,0.2181,NA
blk1772,4,482164,482164,1,0,0.4816,NA
blk1773,4,484197,484197,1,0,0.1883,NA
blk1774,4,484825,484825,1,0,0.2613,NA
blk1775,4,485266,485266,1,0,0.4941,NA
blk1776,4,488263,488263,1,0,0.19,NA
blk1777,4,488998,488998,1,0,0.2396,NA
blk1778,4,492262,492262,1,0,0.186,NA
blk1779,4,493398,493398,1,0,0.1833,NA
blk1780,4,494534,494534,1,0,0.1908,NA
blk1781,4,494953,494953,1,0,0.4223,NA
blk1782,4,495111,495111,1,0,0.4451,NA
blk1783,4,495640,495640,1,0,0.3508,NA
blk1784,4,495783,495783,1,0,0.3659,NA
blk1785,4,497662,497662,1,0,0.1169,NA
blk1786,4,497842,497907,2,65,0.4073,NA
blk1787,5,1488,1488,1,0,0.3265,NA
blk1788,5,5139,5139,1,0,0.0724,NA
blk1789,5,7506,7506,1,0,0.2298,NA
blk1790,5,9221,9221,1,0,0.4762,NA
blk1791,5,9641,9641,1,0,0.0705,NA
blk1792,5,10790,10790,1,0,0.3332,NA
blk1793,5,11495,11495,1,0,0.232,NA
blk1794,5,13289,13289,1,0,0.0578,NA
blk1795,5,14408,14408,1,0,0.429,NA
blk1796,5,14592,14592,1,0,0.245,NA
blk1797,5,15395,15395,1,0,0.2878,NA
blk1798,5,18539,18539,1,0,0.2365,NA
blk1799,5,18818,18818,1,0,0.4553,NA
blk1800,5,19911,19911,1,0,0.0613,NA
blk1801,5,21107,21107,1,0,0.2333,NA
blk1802,5,24017,24017,1,0,0.3108,NA
blk1803,5,24549,24549,1,0,0.327,NA
blk1804,5,25680,25680,1,0,0.2881,NA
blk1805,5,26403,26403,1,0,0.4866,NA
blk1806,5,26803,26803,1,0,0.3483,NA
blk1807,5,28492,28492,1,0,0.4879,NA
blk1808,5,30298,30298,1,0,0.1614,NA
blk1809,5,36516,36516,1,0,0.4873,NA
blk1810,5,36691,36691,1,0,0.1781,NA
blk1811,5,37692,37774,2,82,0.4072,NA
blk1812,5,38832,38832,1,0,0.4132,NA
blk1813,5,39033,39033,1,0,0.4652,NA
blk1814,5,39907,39907,1,0,0.3155,NA
blk1815,5,40165,40165,1,0,0.4757,NA
blk1816,5,40577,40577,1,0,0.1758,NA
blk1817,5,40965,40965,1,0,0.3066,NA
blk1818,5,41442,41442,1,0,0.3927,NA
blk1819,5,41728,41728,1,0,0.3876,NA
blk1820,5,42183,42183,1,0,0.2075,NA
blk1821,5,43786,43786,1,0,0.4393,NA
blk1822,5,46419,46419,1,0,0.2458,NA
blk1823,5,46765,46765,1,0,0.1058,NA
blk1824,5,47264,47264,1,0,0.1459,NA
blk1825,5,48162,48162,1,0,0.3865,NA
blk1826,5,52258,52258,1,0,0.4883,NA
blk1827,5,52646,52646,1,0,0.1634,NA
blk1828,5,53398,53398,1,0,0.1752,NA
blk1829,5,55897,55897,1,0,0.2758,NA
blk1830,5,56732,56732,1,0,0.4756,NA
blk1831,5,60478,60478,1,0,0.1676,NA
blk1832,5,62183,62183,1,0,0.0598,NA
blk1833,5,63351,63351,1,0,0.3878,NA
blk1834,5,65703,65703,1,0,0.4732,NA
blk1835,5,68088,68088,1,0,0.1372,NA
blk1836,5,69305,69305,1,0,0.065,NA
blk1837,5,70815,70815,1,0,0.2571,NA
blk1838,5,71817,71817,1,0,0.2938,NA
blk1839,5,73451,73451,1,0,0.2568,NA
blk1840,5,73758,73758,1,0,0.4343,NA
blk1841,5,77941,77941,1,0,0.44,NA
blk1842,5,78764,78764,1,0,0.4743,NA
blk1843,5,79077,79077,1,0,0.2586,NA
blk1844,5,79571,79571,1,0,0.0808,NA
blk1845,5,80701,80701,1,0,0.2237,NA
blk1846,5,83315,83315,1,0,0.1699,NA
blk1847,5,85679,85679,1,0,0.2292,NA
blk1848,5,87919,87919,1,0,0.2974,NA
blk1849,5,88201,88201,1,0,0.3765,NA
blk1850,5,89716,89716,1,0,0.2415,NA
blk1851,5,92423,92423,1,0,0.208,NA
blk1852,5,93754,93754,1,0,0.0534,NA
blk1853,5,94659,94659,1,0,0.3418,NA
blk1854,5,95739,95739,1,0,0.3202,NA
blk1855,5,98116,98116,1,0,0.2145,NA
blk1856,5,98872,98872,1,0,0.0954,NA
blk1857,5,99919,99919,1,0,0.2487,NA
blk1858,5,100739,100739,1,0,0.4981,NA
blk1859,5,101182,101182,1,0,0.2489,NA
blk1860,5,101559,101559,1,0,0.428,NA
blk1861,5,102227,102227,1,0,0.1966,NA
blk1862,5,102475,102475,1,0,0.4169,NA
blk1863,5,103149,103149,1,0,0.098,NA
blk1864,5,103428,103428,1,0,0.1454,NA
blk1865,5,104467,104467,1,0,0.1576,NA
blk1866,5,105367,105367,1,0,0.4038,NA
blk1867,5,105509,105509,1,0,0.2938,NA
blk1868,5,106473,106473,1,0,0.2292,NA
blk1869,5,107020,107060,2,40,0.1806,NA
blk1870,5,107557,107557,1,0,0.2831,NA
blk1871,5,108125,108125,1,0,0.3798,NA
blk1872,5,111171,111171,1,0,0.2988,NA
blk1873,5,112631,112631,1,0,0.1735,NA
blk1874,5,113629,113629,1,0,0.191,NA
blk1875,5,115379,115395,2,16,0.34,NA
blk1876,5,116631,116631,1,0,0.1396,NA
blk1877,5,117968,117968,1,0,0.4852,NA
blk1878,5,118223,118223,1,0,0.3583,NA
blk1879,5,118412,118475,2,63,0.2971,NA
blk1880,5,118558,118558,1,0,0.2481,NA
blk1881,5,120115,120115,1,0,0.1416,NA
blk1882,5,120264,120326,2,62,0.3143,NA
blk1883,5,120604,120604,1,0,0.1862,NA
blk1884,5,120872,120872,1,0,0.0794,NA
blk1885,5,121655,121655,1,0,0.2643,NA
blk1886,5,123737,123737,1,0,0.1048,NA
blk1887,5,124505,124505,1,0,0.1371,NA
blk1888,5,124973,124973,1,0,0.1992,NA
blk1889,5,126009,126009,1,0,0.1849,NA
blk1890,5,126778,126823,3,45,0.3916,NA
blk1891,5,127794,127794,1,0,0.3883,NA
blk1892,5,129139,129139,1,0,0.4943,NA
blk1893,5,129839,129839,1,0,0.2148,NA
blk1894,5,130166,130166,1,0,0.3137,NA
blk1895,5,131327,131327,1,0,0.4894,NA
blk1896,5,132154,132154,1,0,0.1753,NA
blk1897,5,132668,132668,1,0,0.0607,NA
blk1898,5,134415,134506,2,91,0.2074,NA
blk1899,5,135597,135597,1,0,0.332,NA
blk1900,5,137022,137022,1,0,0.2612,NA
blk1901,5,137644,137644,1,0,0.3037,NA
blk1902,5,140203,140203,1,0,0.4388,NA
blk1903,5,140739,140824,2,85,0.4376,NA
blk1904,5,141971,141971,1,0,0.449,NA
blk1905,5,142743,142772,2,29,0.0876,NA
blk1906,5,145897,145897,1,0,0.2686,NA
blk1907,5,149228,149228,1,0,0.0826,NA
blk1908,5,151223,151223,1,0,0.1542,NA
blk1909,5,151501,151501,1,0,0.4686,NA
blk1910,5,152504,152504,1,0,0.1322,NA
blk1911,5,154017,154017,1,0,0.3879,NA
blk1912,5,155030,155030,1,0,0.4121,NA
blk1913,5,158037,158156,2,119,0.3121,NA
blk1914,5,158736,158736,1,0,0.3592,NA
blk1915,5,159269,159269,1,0,0.377,NA
blk1916,5,159685,159711,2,26,0.1676,NA
blk1917,5,160111,160111,1,0,0.1867,NA
blk1918,5,160344,160344,1,0,0.0846,NA
blk1919,5,160553,160553,1,0,0.3349,NA
blk1920,5,160695,160776,2,81,0.3102,NA
blk1921,5,161133,161133,1,0,0.4435,NA
blk1922,5,161930,161930,1,0,0.2569,NA
blk1923,5,162068,162068,1,0,0.1924,NA
blk1924,5,162582,162582,1,0,0.2999,NA
blk1925,5,162860,162860,1,0,0.4545,NA
blk1926,5,163485,163485,1,0,0.2519,NA
blk1927,5,165161,165179,2,18,0.488,NA
blk1928,5,166559,166559,1,0,0.204,NA
blk1929,5,167034,167034,1,0,0.4236,NA
blk1930,5,170625,170625,1,0,0.1529,NA
blk1931,5,171390,171390,1,0,0.2055,NA
blk1932,5,172238,172238,1,0,0.3226,NA
blk1933,5,173404,173404,1,0,0.3943,NA
blk1934,5,173871,173871,1,0,0.1572,NA
blk1935,5,174426,174426,1,0,0.1445,NA
blk1936,5,175462,175462,1,0,0.4293,NA
blk1937,5,176200,176310,2,110,0.3385,NA
blk1938,5,179234,179234,1,0,0.1931,NA
blk1939,5,181249,181249,1,0,0.4824,NA
blk1940,5,183230,183230,1,0,0.455,NA
blk1941,5,186179,186179,1,0,0.2178,NA
blk1942,5,186539,186539,1,0,0.0768,NA
blk1943,5,190686,190686,1,0,0.4161,NA
blk1944,5,191007,191007,1,0,0.3416,NA
blk1945,5,191267,191267,1,0,0.2988,NA
blk1946,5,191968,191968,1,0,0.1489,NA
blk1947,5,193581,193581,1,0,0.0633,NA
blk1948,5,193998,193998,1,0,0.2173,NA
blk1949,5,194576,194576,1,0,0.1846,NA
blk1950,5,195677,195677,1,0,0.3743,NA
blk1951,5,195817,195817,1,0,0.4224,NA
blk1952,5,196412,196527,3,115,0.4632,NA
blk1953,5,197157,197188,2,31,0.4042,NA
blk1954,5,199399,199399,1,0,0.3425,NA
blk1955,5,200908,200908,1,0,0.1585,NA
blk1956,5,201412,201528,2,116,0.4071,NA
blk1957,5,203897,203922,2,25,0.0728,NA
blk1958,5,205697,205697,1,0,0.4825,NA
blk1959,5,206894,206894,1,0,0.4276,NA
blk1960,5,207348,207470,2,122,0.476,NA
blk1961,5,208017,208017,1,0,0.2403,NA
blk1962,5,208694,208694,1,0,0.3261,NA
blk1963,5,208925,208925,1,0,0.4338,NA
blk1964,5,210677,210677,1,0,0.4022,NA
blk1965,5,210916,210916,1,0,0.3119,NA
blk1966,5,211452,211452,1,0,0.1178,NA
blk1967,5,211898,211898,1,0,0.2172,NA
blk1968,5,212245,212245,1,0,0.1456,NA
blk1969,5,212381,212487,2,106,0.1625,NA
blk1970,5,213904,213904,1,0,0.1972,NA
blk1971,5,214757,214757,1,0,0.1084,NA
blk1972,5,215098,215098,1,0,0.3442,NA
blk1973,5,215314,215314,1,0,0.1071,NA
blk1974,5,215671,215671,1,0,0.3539,NA
blk1975,5,215857,215857,1,0,0.3782,NA
blk1976,5,216291,216388,2,97,0.2458,NA
blk1977,5,217091,217091,1,0,0.3407,NA
blk1978,5,217563,217563,1,0,0.0589,NA
blk1979,5,217875,217875,1,0,0.4464,NA
blk1980,5,218050,218050,1,0,0.0553,NA
blk1981,5,219703,219703,1,0,0.4627,NA
blk1982,5,220004,220004,1,0,0.384,NA
blk1983,5,223396,223396,1,0,0.3957,NA
blk1984,5,224088,224088,1,0,0.4164,NA
blk1985,5,225015,225015,1,0,0.0578,NA
blk1986,5,227146,227146,1,0,0.2178,NA
blk1987,5,227293,227293,1,0,0.149,NA
blk1988,5,228688,228688,1,0,0.3739,NA
blk1989,5,229541,229541,1,0,0.2416,NA
blk1990,5,230041,230041,1,0,0.3572,NA
blk1991,5,230244,230244,1,0,0.4783,NA
blk1992,5,231046,231046,1,0,0.4032,NA
blk1993,5,231605,231605,1,0,0.3692,NA
blk1994,5,233052,233052,1,0,0.1904,NA
blk1995,5,233284,233284,1,0,0.225,NA
blk1996,5,233691,233691,1,0,0.4466,NA
blk1997,5,234370,234370,1,0,0.2183,NA
blk1998,5,236311,236311,1,0,0.1294,NA
blk1999,5,238322,238322,1,0,0.1257,NA
blk2000,5,239044,239044,1,0,0.0744,NA
blk2001,5,239775,239775,1,0,0.2094,NA
blk2002,5,240905,240905,1,0,0.145,NA
blk2003,5,241401,241401,1,0,0.2399,NA
blk2004,5,242241,242241,1,0,0.4526,NA
blk2005,5,243475,243475,1,0,0.4434,NA
blk2006,5,244765,244765,1,0,0.2868,NA
blk2007,5,245449,245449,1,0,0.3884,NA
blk2008,5,245817,245817,1,0,0.2878,NA
blk2009,5,246373,246373,1,0,0.2851,NA
blk2010,5,247443,247443,1,0,0.1601,NA
blk2011,5,247703,247703,1,0,0.2467,NA
blk2012,5,250361,250361,1,0,0.47,NA
blk2013,5,251074,251074,1,0,0.0531,NA
blk2014,5,252296,252296,1,0,0.2017,NA
blk2015,5,253309,253309,1,0,0.0557,NA
blk2016,5,253833,253833,1,0,0.2583,NA
blk2017,5,254205,254205,1,0,0.0594,NA
blk2018,5,254501,254501,1,0,0.467,NA
blk2019,5,254654,254710,2,56,0.3224,NA
blk2020,5,256052,256052,1,0,0.1596,NA
blk2021,5,256931,256931,1,0,0.0625,NA
blk2022,5,257890,257890,1,0,0.1347,NA
blk2023,5,259581,259662,2,81,0.426,NA
blk2024,5,260454,260454,1,0,0.4387,NA
blk2025,5,261097,261097,1,0,0.4483,NA
blk2026,5,262148,262196,2,48,0.2271,NA
blk2027,5,262763,262763,1,0,0.1798,NA
blk2028,5,263429,263429,1,0,0.4798,NA
blk2029,5,265082,265082,1,0,0.2193,NA
blk2030,5,265334,265334,1,0,0.0918,NA
blk2031,5,266035,266035,1,0,0.1115,NA
blk2032,5,268817,268817,1,0,0.3845,NA
blk2033,5,268977,268977,1,0,0.2234,NA
blk2034,5,271722,271722,1,0,0.3065,NA
blk2035,5,272055,272055,1,0,0.4599,NA
blk2036,5,272255,272255,1,0,0.2822,NA
blk2037,5,272844,272867,2,23,0.2541,NA
blk2038,5,273235,273245,2,10,0.0884,NA
blk2039,5,273382,273382,1,0,0.1939,NA
blk2040,5,277335,277335,1,0,0.4011,NA
blk2041,5,278032,278032,1,0,0.1253,NA
blk2042,5,278386,278386,1,0,0.2457,NA
blk2043,5,279190,279190,1,0,0.0968,NA
blk2044,5,280599,280599,1,0,0.0747,NA
blk2045,5,280896,280896,1,0,0.3483,NA
blk2046,5,281637,281637,1,0,0.263,NA
blk2047,5,282099,282099,1,0,0.1747,NA
blk2048,5,284275,284275,1,0,0.1732,NA
blk2049,5,285169,285169,1,0,0.3477,NA
blk2050,5,286200,286281,3,81,0.1391,NA
blk2051,5,287762,287858,2,96,0.1779,NA
blk2052,5,289503,289534,2,31,0.0766,NA
blk2053,5,291169,291169,1,0,0.4845,NA
blk2054,5,291928,291928,1,0,0.2059,NA
blk2055,5,292838,292838,1,0,0.257,NA
blk2056,5,293819,293819,1,0,0.2417,NA
blk2057,5,294023,294023,1,0,0.4975,NA
blk2058,5,294291,294291,1,0,0.0836,NA
blk2059,5,294877,294877,1,0,0.147,NA
blk2060,5,295971,295971,1,0,0.366,NA
blk2061,5,296199,296199,1,0,0.2149,NA
blk2062,5,296708,296708,1,0,0.2807,NA
blk2063,5,297160,297225,2,65,0.3239,NA
blk2064,5,297886,297886,1,0,0.0999,NA
blk2065,5,298479,298479,1,0,0.2006,NA
blk2066,5,299276,299330,2,54,0.0538,NA
blk2067,5,299809,299809,1,0,0.2917,NA
blk2068,5,300159,300159,1,0,0.3758,NA
blk2069,5,301095,301095,1,0,0.3153,NA
blk2070,5,301226,301226,1,0,0.1515,NA
blk2071,5,302263,302263,1,0,0.1975,NA
blk2072,5,304002,304002,1,0,0.3545,NA
blk2073,5,307512,307512,1,0,0.0841,NA
blk2074,5,308461,308461,1,0,0.1342,NA
blk2075,5,309274,309298,2,24,0.1402,NA
blk2076,5,310558,310558,1,0,0.143,NA
blk2077,5,313278,313278,1,0,0.4574,NA
blk2078,5,313443,313443,1,0,0.0897,NA
blk2079,5,314381,314381,1,0,0.3312,NA
blk2080,5,316262,316262,1,0,0.2394,NA
blk2081,5,317069,317069,1,0,0.0964,NA
blk2082,5,319066,319066,1,0,0.4968,NA
blk2083,5,320272,320272,1,0,0.2525,NA
blk2084,5,321270,321270,1,0,0.4006,NA
blk2085,5,322025,322025,1,0,0.2753,NA
blk2086,5,323226,323226,1,0,0.177,NA
blk2087,5,323377,323377,1,0,0.3955,NA
blk2088,5,326648,326648,1,0,0.1305,NA
blk2089,5,327295,327295,1,0,0.1619,NA
blk2090,5,328084,328084,1,0,0.0671,NA
blk2091,5,328952,328952,1,0,0.3651,NA
blk2092,5,329369,329437,2,68,0.1811,NA
blk2093,5,330231,330231,1,0,0.3804,NA
blk2094,5,330681,330752,2,71,0.162,NA
blk2095,5,333531,333531,1,0,0.381,NA
blk2096,5,333827,333859,4,32,0.4632,NA
blk2097,5,334637,334747,2,110,0.2514,NA
blk2098,5,336095,336095,1,0,0.3303,NA
blk2099,5,336593,336593,1,0,0.1506,NA
blk2100,5,339948,339948,1,0,0.4796,NA
blk2101,5,342667,342667,1,0,0.2162,NA
blk2102,5,345910,345910,1,0,0.2894,NA
blk2103,5,348397,348397,1,0,0.10780000000000001,NA
blk2104,5,349347,349347,1,0,0.2317,NA
blk2105,5,350053,350053,1,0,0.287,NA
blk2106,5,352947,352947,1,0,0.2032,NA
blk2107,5,353810,353810,1,0,0.1736,NA
blk2108,5,355744,355744,1,0,0.0788,NA
blk2109,5,357031,357031,1,0,0.2955,NA
blk2110,5,357535,357535,1,0,0.0756,NA
blk2111,5,359397,359397,1,0,0.1565,NA
blk2112,5,360471,360471,1,0,0.0923,NA
blk2113,5,360993,361078,2,85,0.1185,NA
blk2114,5,361347,361347,1,0,0.0579,NA
blk2115,5,362461,362461,1,0,0.3997,NA
blk2116,5,364530,364530,1,0,0.3514,NA
blk2117,5,365643,365643,1,0,0.2236,NA
blk2118,5,368479,368479,1,0,0.1209,NA
blk2119,5,369898,369898,1,0,0.2223,NA
blk2120,5,370149,370149,1,0,0.0547,NA
blk2121,5,370869,370869,1,0,0.3119,NA
blk2122,5,371682,371682,1,0,0.2866,NA
blk2123,5,373569,373569,1,0,0.3834,NA
blk2124,5,374006,374006,1,0,0.1812,NA
blk2125,5,376096,376115,2,19,0.445,NA
blk2126,5,376429,376429,1,0,0.3323,NA
blk2127,5,377749,377749,1,0,0.1396,NA
blk2128,5,378389,378455,2,66,0.1736,NA
blk2129,5,379424,379424,1,0,0.1513,NA
blk2130,5,379931,379931,1,0,0.2803,NA
blk2131,5,380316,380385,2,69,0.4417,NA
blk2132,5,381833,381936,2,103,0.4438,NA
blk2133,5,386256,386256,1,0,0.15,NA
blk2134,5,387801,387801,1,0,0.2263,NA
blk2135,5,388513,388513,1,0,0.2683,NA
blk2136,5,389109,389109,1,0,0.2278,NA
blk2137,5,390310,390310,1,0,0.2075,NA
blk2138,5,392437,392437,1,0,0.1409,NA
blk2139,5,394150,394150,1,0,0.3595,NA
blk2140,5,395852,395852,1,0,0.1388,NA
blk2141,5,396140,396140,1,0,0.0812,NA
blk2142,5,396556,396556,1,0,0.0653,NA
blk2143,5,397134,397134,1,0,0.4488,NA
blk2144,5,398241,398241,1,0,0.4841,NA
blk2145,5,399080,399080,1,0,0.3431,NA
blk2146,5,401640,401640,1,0,0.1404,NA
blk2147,5,403745,403745,1,0,0.2721,NA
blk2148,5,404038,404038,1,0,0.1909,NA
blk2149,5,404186,404186,1,0,0.2568,NA
blk2150,5,404360,404360,1,0,0.3527,NA
blk2151,5,404918,404918,1,0,0.4945,NA
blk2152,5,405138,405157,2,19,0.1634,NA
blk2153,5,406616,406616,1,0,0.1303,NA
blk2154,5,408130,408130,1,0,0.2211,NA
blk2155,5,410139,410139,1,0,0.219,NA
blk2156,5,411190,411190,1,0,0.1341,NA
blk2157,5,411645,411645,1,0,0.3124,NA
blk2158,5,414521,414521,1,0,0.4406,NA
blk2159,5,415255,415255,1,0,0.2266,NA
blk2160,5,415502,415502,1,0,0.1599,NA
blk2161,5,417380,417380,1,0,0.1997,NA
blk2162,5,420109,420109,1,0,0.3932,NA
blk2163,5,420505,420584,2,79,0.2983,NA
blk2164,5,421281,421281,1,0,0.4155,NA
blk2165,5,422066,422066,1,0,0.3441,NA
blk2166,5,426274,426274,1,0,0.2202,NA
blk2167,5,428415,428415,1,0,0.3277,NA
blk2168,5,430013,430013,1,0,0.2138,NA
blk2169,5,432084,432084,1,0,0.3656,NA
blk2170,5,436246,436246,1,0,0.2014,NA
blk2171,5,436398,436398,1,0,0.2932,NA
blk2172,5,438865,438865,1,0,0.0989,NA
blk2173,5,439475,439475,1,0,0.2878,NA
blk2174,5,441555,441555,1,0,0.1461,NA
blk2175,5,442307,442307,1,0,0.3837,NA
blk2176,5,442441,442441,1,0,0.0514,NA
blk2177,5,443308,443308,1,0,0.3239,NA
blk2178,5,443528,443528,1,0,0.3203,NA
blk2179,5,444260,444260,1,0,0.1021,NA
blk2180,5,445069,445069,1,0,0.0934,NA
blk2181,5,445355,445355,1,0,0.4226,NA
blk2182,5,447033,447033,1,0,0.3764,NA
blk2183,5,447165,447165,1,0,0.2504,NA
blk2184,5,447535,447535,1,0,0.0653,NA
blk2185,5,448526,448526,1,0,0.1797,NA
blk2186,5,449072,449072,1,0,0.154,NA
blk2187,5,449624,449739,2,115,0.2977,NA
blk2188,5,450435,450435,1,0,0.2941,NA
blk2189,5,450867,450867,1,0,0.2689,NA
blk2190,5,451510,451510,1,0,0.4982,NA
blk2191,5,451655,451745,2,90,0.319,NA
blk2192,5,452843,452843,1,0,0.4784,NA
blk2193,5,454233,454233,1,0,0.3651,NA
blk2194,5,456154,456154,1,0,0.387,NA
blk2195,5,456896,456896,1,0,0.2787,NA
blk2196,5,459336,459336,1,0,0.4832,NA
blk2197,5,460679,460679,1,0,0.4028,NA
blk2198,5,461259,461359,3,100,0.4234,NA
blk2199,5,461552,461552,1,0,0.3881,NA
blk2200,5,463395,463395,1,0,0.2294,NA
blk2201,5,463816,463816,1,0,0.0783,NA
blk2202,5,466635,466635,1,0,0.2212,NA
blk2203,5,467269,467367,2,98,0.0555,NA
blk2204,5,468857,468857,1,0,0.3036,NA
blk2205,5,469123,469123,1,0,0.2933,NA
blk2206,5,471500,471500,1,0,0.473,NA
blk2207,5,474392,474392,1,0,0.2914,NA
blk2208,5,474566,474566,1,0,0.155,NA
blk2209,5,475325,475342,2,17,0.2761,NA
blk2210,5,476933,476974,2,41,0.3672,NA
blk2211,5,477377,477377,1,0,0.2603,NA
blk2212,5,478141,478141,1,0,0.1087,NA
blk2213,5,479694,479694,1,0,0.4198,NA
blk2214,5,482896,482896,1,0,0.2235,NA
blk2215,5,486536,486536,1,0,0.3671,NA
blk2216,5,487948,487948,1,0,0.3728,NA
blk2217,5,488661,488661,1,0,0.056,NA
blk2218,5,488889,488891,2,2,0.2287,NA
blk2219,5,489563,489563,1,0,0.4513,NA
blk2220,5,490081,490081,1,0,0.3583,NA
blk2221,5,490291,490291,1,0,0.2025,NA
blk2222,5,491865,491865,1,0,0.3145,NA
blk2223,5,492026,492026,1,0,0.3013,NA
blk2224,5,493740,493773,2,33,0.4139,NA
blk2225,5,496254,496254,1,0,0.2493,NA
blk2226,5,497851,497851,1,0,0.1111,NA
blk2227,5,498285,498374,2,89,0.3083,NA
blk2228,5,499084,499084,1,0,0.1342,NA
blk2229,6,1183,1183,1,0,0.4296,NA
blk2230,6,3137,3137,1,0,0.0728,NA
blk2231,6,4887,4887,1,0,0.0899,NA
blk2232,6,5229,5229,1,0,0.2184,NA
blk2233,6,6160,6248,3,88,0.309,NA
blk2234,6,6666,6666,1,0,0.4275,NA
blk2235,6,8270,8270,1,0,0.2008,NA
blk2236,6,8851,8851,1,0,0.3422,NA
blk2237,6,10396,10396,1,0,0.3257,NA
blk2238,6,10594,10594,1,0,0.4903,NA
blk2239,6,11506,11506,1,0,0.4379,NA
blk2240,6,11977,11977,1,0,0.3443,NA
blk2241,6,12571,12571,1,0,0.1683,NA
blk2242,6,12905,12905,1,0,0.101,NA
blk2243,6,13522,13522,1,0,0.1406,NA
blk2244,6,14456,14456,1,0,0.2096,NA
blk2245,6,16681,16681,1,0,0.1586,NA
blk2246,6,17488,17488,1,0,0.1419,NA
blk2247,6,18468,18468,1,0,0.4029,NA
blk2248,6,18702,18702,1,0,0.21,NA
blk2249,6,20146,20146,1,0,0.3453,NA
blk2250,6,20927,20927,1,0,0.1384,NA
blk2251,6,21253,21253,1,0,0.3024,NA
blk2252,6,22760,22760,1,0,0.3561,NA
blk2253,6,24004,24004,1,0,0.4393,NA
blk2254,6,24457,24457,1,0,0.1782,NA
blk2255,6,27336,27336,1,0,0.3519,NA
blk2256,6,27636,27636,1,0,0.0542,NA
blk2257,6,28172,28172,1,0,0.1922,NA
blk2258,6,31206,31206,1,0,0.1911,NA
blk2259,6,31360,31360,1,0,0.3476,NA
blk2260,6,33298,33298,1,0,0.2521,NA
blk2261,6,34173,34173,1,0,0.4024,NA
blk2262,6,35754,35754,1,0,0.48,NA
blk2263,6,36112,36112,1,0,0.4037,NA
blk2264,6,36456,36456,1,0,0.1025,NA
blk2265,6,38047,38047,1,0,0.488,NA
blk2266,6,38449,38449,1,0,0.4595,NA
blk2267,6,39903,39903,1,0,0.3526,NA
blk2268,6,40081,40081,1,0,0.4717,NA
blk2269,6,41224,41224,1,0,0.4539,NA
blk2270,6,42342,42342,1,0,0.2903,NA
blk2271,6,42668,42723,2,55,0.2382,NA
blk2272,6,44128,44128,1,0,0.405,NA
blk2273,6,45907,45907,1,0,0.421,NA
blk2274,6,47279,47279,1,0,0.4571,NA
blk2275,6,49027,49027,1,0,0.0523,NA
blk2276,6,49643,49643,1,0,0.4996,NA
blk2277,6,51642,51642,1,0,0.217,NA
blk2278,6,53634,53634,1,0,0.194,NA
blk2279,6,54526,54526,1,0,0.3939,NA
blk2280,6,55037,55037,1,0,0.1866,NA
blk2281,6,55430,55430,1,0,0.1273,NA
blk2282,6,56343,56343,1,0,0.2398,NA
blk2283,6,56892,56892,1,0,0.15310000000000001,NA
blk2284,6,58245,58245,1,0,0.1775,NA
blk2285,6,58435,58435,1,0,0.2836,NA
blk2286,6,58985,58985,1,0,0.4421,NA
blk2287,6,59647,59647,1,0,0.0572,NA
blk2288,6,59920,59920,1,0,0.1168,NA
blk2289,6,60097,60097,1,0,0.3869,NA
blk2290,6,62443,62443,1,0,0.4208,NA
blk2291,6,63226,63226,1,0,0.3895,NA
blk2292,6,66507,66507,1,0,0.3355,NA
blk2293,6,67400,67400,1,0,0.0919,NA
blk2294,6,67840,67840,1,0,0.1743,NA
blk2295,6,68924,68924,1,0,0.2548,NA
blk2296,6,71670,71670,1,0,0.2059,NA
blk2297,6,72339,72339,1,0,0.1481,NA
blk2298,6,73039,73039,1,0,0.1174,NA
blk2299,6,74248,74248,1,0,0.1318,NA
blk2300,6,74883,74883,1,0,0.3569,NA
blk2301,6,77692,77692,1,0,0.3965,NA
blk2302,6,78231,78231,1,0,0.1595,NA
blk2303,6,79486,79486,1,0,0.4223,NA
blk2304,6,79961,79961,1,0,0.2181,NA
blk2305,6,80195,80234,2,39,0.4368,NA
blk2306,6,80876,80910,2,34,0.4696,NA
blk2307,6,82429,82429,1,0,0.4696,NA
blk2308,6,83387,83387,1,0,0.3989,NA
blk2309,6,84453,84453,1,0,0.3947,NA
blk2310,6,86121,86121,1,0,0.2498,NA
blk2311,6,86657,86657,1,0,0.352,NA
blk2312,6,87218,87310,2,92,0.3924,NA
blk2313,6,88926,88926,1,0,0.2691,NA
blk2314,6,89398,89398,1,0,0.1983,NA
blk2315,6,89789,89848,2,59,0.1329,NA
blk2316,6,90783,90783,1,0,0.3829,NA
blk2317,6,91585,91585,1,0,0.0683,NA
blk2318,6,94052,94052,1,0,0.1062,NA
blk2319,6,94264,94264,1,0,0.2228,NA
blk2320,6,94949,94949,1,0,0.2747,NA
blk2321,6,95346,95346,1,0,0.1003,NA
blk2322,6,95663,95663,1,0,0.4804,NA
blk2323,6,96440,96440,1,0,0.1719,NA
blk2324,6,97603,97603,1,0,0.2447,NA
blk2325,6,98871,98889,2,18,0.2945,NA
blk2326,6,100898,101002,3,104,0.1115,NA
blk2327,6,101685,101685,1,0,0.4276,NA
blk2328,6,102056,102056,1,0,0.4707,NA
blk2329,6,102774,102774,1,0,0.2732,NA
blk2330,6,103274,103274,1,0,0.0735,NA
blk2331,6,104035,104035,1,0,0.4957,NA
blk2332,6,104431,104431,1,0,0.174,NA
blk2333,6,105328,105328,1,0,0.3065,NA
blk2334,6,105558,105558,1,0,0.497,NA
blk2335,6,105689,105689,1,0,0.2254,NA
blk2336,6,107730,107730,1,0,0.3245,NA
blk2337,6,107904,107954,2,50,0.4625,NA
blk2338,6,110255,110255,1,0,0.2011,NA
blk2339,6,111089,111089,1,0,0.1575,NA
blk2340,6,112414,112477,2,63,0.0922,NA
blk2341,6,114532,114532,1,0,0.1859,NA
blk2342,6,119155,119155,1,0,0.1769,NA
blk2343,6,119539,119539,1,0,0.1165,NA
blk2344,6,120579,120579,1,0,0.3698,NA
blk2345,6,121718,121830,2,112,0.4432,NA
blk2346,6,122062,122062,1,0,0.2084,NA
blk2347,6,122977,122977,1,0,0.0596,NA
blk2348,6,123578,123578,1,0,0.3466,NA
blk2349,6,125021,125021,1,0,0.1159,NA
blk2350,6,125161,125161,1,0,0.4186,NA
blk2351,6,125520,125520,1,0,0.3219,NA
blk2352,6,125762,125762,1,0,0.3483,NA
blk2353,6,126071,126178,2,107,0.4902,NA
blk2354,6,127009,127009,1,0,0.257,NA
blk2355,6,127818,127818,1,0,0.2603,NA
blk2356,6,128288,128294,2,6,0.0894,NA
blk2357,6,128939,128939,1,0,0.4453,NA
blk2358,6,131350,131350,1,0,0.1356,NA
blk2359,6,131940,131940,1,0,0.3602,NA
blk2360,6,133499,133499,1,0,0.2797,NA
blk2361,6,135075,135075,1,0,0.2854,NA
blk2362,6,138600,138600,1,0,0.1332,NA
blk2363,6,138762,138762,1,0,0.412,NA
blk2364,6,140506,140506,1,0,0.1105,NA
blk2365,6,141526,141526,1,0,0.4855,NA
blk2366,6,143191,143292,2,101,0.2453,NA
blk2367,6,145857,145857,1,0,0.3209,NA
blk2368,6,146081,146182,3,101,0.1408,NA
blk2369,6,146394,146394,1,0,0.0627,NA
blk2370,6,148252,148252,1,0,0.2656,NA
blk2371,6,148434,148434,1,0,0.4346,NA
blk2372,6,153501,153501,1,0,0.2776,NA
blk2373,6,154133,154133,1,0,0.3744,NA
blk2374,6,154796,154796,1,0,0.0746,NA
blk2375,6,156454,156454,1,0,0.1077,NA
blk2376,6,157136,157136,1,0,0.3527,NA
blk2377,6,161560,161560,1,0,0.4288,NA
blk2378,6,162285,162285,1,0,0.488,NA
blk2379,6,162993,162993,1,0,0.353,NA
blk2380,6,163665,163665,1,0,0.1771,NA
blk2381,6,164729,164729,1,0,0.4832,NA
blk2382,6,164887,164887,1,0,0.4505,NA
blk2383,6,165321,165321,1,0,0.1141,NA
blk2384,6,165470,165470,1,0,0.37,NA
blk2385,6,166223,166223,1,0,0.405,NA
blk2386,6,168211,168211,1,0,0.359,NA
blk2387,6,171844,171844,1,0,0.4815,NA
blk2388,6,172352,172352,1,0,0.2698,NA
blk2389,6,174146,174146,1,0,0.3018,NA
blk2390,6,175252,175252,1,0,0.1095,NA
blk2391,6,179976,179976,1,0,0.3945,NA
blk2392,6,180879,180879,1,0,0.273,NA
blk2393,6,181097,181097,1,0,0.1422,NA
blk2394,6,182737,182737,1,0,0.1354,NA
blk2395,6,183699,183699,1,0,0.3011,NA
blk2396,6,184052,184052,1,0,0.2792,NA
blk2397,6,185947,185947,1,0,0.148,NA
blk2398,6,186350,186350,1,0,0.1886,NA
blk2399,6,187993,187993,1,0,0.1402,NA
blk2400,6,188265,188265,1,0,0.1266,NA
blk2401,6,188885,188885,1,0,0.3437,NA
blk2402,6,189589,189589,1,0,0.0966,NA
blk2403,6,192976,193018,2,42,0.1916,NA
blk2404,6,193409,193409,1,0,0.0805,NA
blk2405,6,194295,194295,1,0,0.3469,NA
blk2406,6,195033,195033,1,0,0.152,NA
blk2407,6,195251,195251,1,0,0.1016,NA
blk2408,6,195697,195697,1,0,0.1304,NA
blk2409,6,196020,196092,2,72,0.3392,NA
blk2410,6,196453,196453,1,0,0.4663,NA
blk2411,6,196703,196703,1,0,0.2814,NA
blk2412,6,198387,198387,1,0,0.3503,NA
blk2413,6,198561,198561,1,0,0.1281,NA
blk2414,6,201974,201974,1,0,0.4896,NA
blk2415,6,202356,202356,1,0,0.1727,NA
blk2416,6,202907,202907,1,0,0.2474,NA
blk2417,6,204702,204702,1,0,0.1183,NA
blk2418,6,206246,206246,1,0,0.248,NA
blk2419,6,207001,207084,2,83,0.2177,NA
blk2420,6,208439,208439,1,0,0.3345,NA
blk2421,6,208722,208722,1,0,0.3165,NA
blk2422,6,209976,209976,1,0,0.256,NA
blk2423,6,213114,213114,1,0,0.1201,NA
blk2424,6,213894,213894,1,0,0.45,NA
blk2425,6,214317,214317,1,0,0.3637,NA
blk2426,6,214467,214467,1,0,0.2919,NA
blk2427,6,216502,216502,1,0,0.3372,NA
blk2428,6,216753,216753,1,0,0.1188,NA
blk2429,6,217652,217652,1,0,0.4924,NA
blk2430,6,218493,218493,1,0,0.464,NA
blk2431,6,219827,219827,1,0,0.0558,NA
blk2432,6,220233,220241,2,8,0.1257,NA
blk2433,6,220695,220695,1,0,0.2811,NA
blk2434,6,221472,221472,1,0,0.3227,NA
blk2435,6,221736,221736,1,0,0.2236,NA
blk2436,6,222662,222662,1,0,0.376,NA
blk2437,6,224974,224974,1,0,0.4141,NA
blk2438,6,226417,226417,1,0,0.3615,NA
blk2439,6,234154,234154,1,0,0.428,NA
blk2440,6,235653,235653,1,0,0.4697,NA
blk2441,6,236121,236121,1,0,0.1334,NA
blk2442,6,237165,237165,1,0,0.4234,NA
blk2443,6,237540,237540,1,0,0.1947,NA
blk2444,6,237917,237997,2,80,0.2124,NA
blk2445,6,238178,238178,1,0,0.1998,NA
blk2446,6,238376,238474,2,98,0.3581,NA
blk2447,6,245178,245178,1,0,0.2674,NA
blk2448,6,245947,245947,1,0,0.2064,NA
blk2449,6,246805,246805,1,0,0.3187,NA
blk2450,6,249534,249534,1,0,0.0603,NA
blk2451,6,250110,250110,1,0,0.2276,NA
blk2452,6,251404,251404,1,0,0.0858,NA
blk2453,6,254825,254825,1,0,0.2663,NA
blk2454,6,256001,256001,1,0,0.2572,NA
blk2455,6,256136,256136,1,0,0.4384,NA
blk2456,6,256288,256304,2,16,0.423,NA
blk2457,6,256784,256784,1,0,0.2303,NA
blk2458,6,261110,261110,1,0,0.3328,NA
blk2459,6,262056,262056,1,0,0.2189,NA
blk2460,6,263894,263894,1,0,0.1499,NA
blk2461,6,265620,265620,1,0,0.4181,NA
blk2462,6,266683,266683,1,0,0.1833,NA
blk2463,6,267365,267472,3,107,0.3795,NA
blk2464,6,268930,268930,1,0,0.4988,NA
blk2465,6,269866,269866,1,0,0.3857,NA
blk2466,6,270650,270650,1,0,0.1237,NA
blk2467,6,270892,270892,1,0,0.4122,NA
blk2468,6,271171,271171,1,0,0.1192,NA
blk2469,6,272079,272079,1,0,0.1986,NA
blk2470,6,273083,273120,2,37,0.3149,NA
blk2471,6,274374,274374,1,0,0.2586,NA
blk2472,6,274902,274902,1,0,0.3916,NA
blk2473,6,275057,275057,1,0,0.3656,NA
blk2474,6,275200,275200,1,0,0.3279,NA
blk2475,6,276408,276408,1,0,0.1337,NA
blk2476,6,283623,283623,1,0,0.4904,NA
blk2477,6,284032,284032,1,0,0.2572,NA
blk2478,6,285201,285201,1,0,0.0742,NA
blk2479,6,287458,287563,3,105,0.1615,NA
blk2480,6,290700,290700,1,0,0.4372,NA
blk2481,6,293490,293490,1,0,0.4055,NA
blk2482,6,297656,297728,2,72,0.4991,NA
blk2483,6,297802,297887,2,85,0.3617,NA
blk2484,6,298220,298273,2,53,0.1353,NA
blk2485,6,299436,299436,1,0,0.489,NA
blk2486,6,299732,299821,2,89,0.4477,NA
blk2487,6,300530,300530,1,0,0.1491,NA
blk2488,6,301199,301296,3,97,0.4477,NA
blk2489,6,302112,302112,1,0,0.2423,NA
blk2490,6,304478,304478,1,0,0.3414,NA
blk2491,6,304708,304708,1,0,0.0644,NA
blk2492,6,305024,305024,1,0,0.2016,NA
blk2493,6,305184,305300,2,116,0.3724,NA
blk2494,6,306770,306770,1,0,0.1398,NA
blk2495,6,307431,307431,1,0,0.2678,NA
blk2496,6,309103,309103,1,0,0.2984,NA
blk2497,6,309828,309828,1,0,0.3662,NA
blk2498,6,310572,310572,1,0,0.3164,NA
blk2499,6,312151,312151,1,0,0.4203,NA
blk2500,6,313652,313652,1,0,0.1891,NA
blk2501,6,313824,313824,1,0,0.0967,NA
blk2502,6,315378,315378,1,0,0.3515,NA
blk2503,6,316777,316777,1,0,0.3955,NA
blk2504,6,317388,317388,1,0,0.269,NA
blk2505,6,318530,318530,1,0,0.496,NA
blk2506,6,321857,321857,1,0,0.2231,NA
blk2507,6,322220,322220,1,0,0.0834,NA
blk2508,6,322510,322510,1,0,0.251,NA
blk2509,6,322824,322824,1,0,0.3182,NA
blk2510,6,324441,324441,1,0,0.4717,NA
blk2511,6,325287,325287,1,0,0.0741,NA
blk2512,6,325871,325871,1,0,0.1478,NA
blk2513,6,326415,326415,1,0,0.3419,NA
blk2514,6,328504,328546,2,42,0.1446,NA
blk2515,6,328975,328975,1,0,0.4423,NA
blk2516,6,330832,330832,1,0,0.0685,NA
blk2517,6,331704,331704,1,0,0.0923,NA
blk2518,6,335056,335056,1,0,0.4077,NA
blk2519,6,335363,335363,1,0,0.1856,NA
blk2520,6,335643,335643,1,0,0.3866,NA
blk2521,6,336175,336175,1,0,0.0947,NA
blk2522,6,336622,336622,1,0,0.1449,NA
blk2523,6,339574,339574,1,0,0.1978,NA
blk2524,6,339853,339853,1,0,0.24,NA
blk2525,6,341306,341306,1,0,0.4556,NA
blk2526,6,341779,341866,2,87,0.4131,NA
blk2527,6,341997,341997,1,0,0.184,NA
blk2528,6,342145,342145,1,0,0.2274,NA
blk2529,6,344047,344047,1,0,0.2235,NA
blk2530,6,344763,344763,1,0,0.2005,NA
blk2531,6,345110,345110,1,0,0.2565,NA
blk2532,6,345497,345497,1,0,0.4736,NA
blk2533,6,346472,346472,1,0,0.4903,NA
blk2534,6,346747,346747,1,0,0.3663,NA
blk2535,6,347446,347446,1,0,0.4232,NA
blk2536,6,349574,349574,1,0,0.3216,NA
blk2537,6,350121,350121,1,0,0.3935,NA
blk2538,6,351667,351667,1,0,0.4764,NA
blk2539,6,352061,352093,2,32,0.1411,NA
blk2540,6,352749,352792,2,43,0.3493,NA
blk2541,6,353461,353461,1,0,0.2407,NA
blk2542,6,353634,353634,1,0,0.4066,NA
blk2543,6,354510,354620,2,110,0.2786,NA
blk2544,6,355136,355251,2,115,0.2177,NA
blk2545,6,356998,356998,1,0,0.3222,NA
blk2546,6,359471,359471,1,0,0.3546,NA
blk2547,6,360670,360670,1,0,0.0548,NA
blk2548,6,360884,360884,1,0,0.2789,NA
blk2549,6,361432,361432,1,0,0.1217,NA
blk2550,6,362575,362575,1,0,0.493,NA
blk2551,6,363430,363430,1,0,0.4069,NA
blk2552,6,364903,364903,1,0,0.069,NA
blk2553,6,366059,366059,1,0,0.2147,NA
blk2554,6,366330,366330,1,0,0.2687,NA
blk2555,6,367591,367591,1,0,0.3371,NA
blk2556,6,367751,367751,1,0,0.3747,NA
blk2557,6,368091,368091,1,0,0.1459,NA
blk2558,6,368667,368667,1,0,0.3786,NA
blk2559,6,368841,368841,1,0,0.0733,NA
blk2560,6,372432,372432,1,0,0.3176,NA
blk2561,6,372666,372666,1,0,0.378,NA
blk2562,6,374744,374744,1,0,0.338,NA
blk2563,6,375485,375583,2,98,0.4976,NA
blk2564,6,376081,376081,1,0,0.3942,NA
blk2565,6,376516,376516,1,0,0.366,NA
blk2566,6,376997,376997,1,0,0.215,NA
blk2567,6,377164,377164,1,0,0.0744,NA
blk2568,6,377461,377461,1,0,0.3923,NA
blk2569,6,379632,379632,1,0,0.4384,NA
blk2570,6,381570,381635,2,65,0.1077,NA
blk2571,6,384112,384112,1,0,0.4641,NA
blk2572,6,387383,387383,1,0,0.1389,NA
blk2573,6,389000,389000,1,0,0.4355,NA
blk2574,6,392904,392962,2,58,0.1817,NA
blk2575,6,395910,395910,1,0,0.1931,NA
blk2576,6,396821,396821,1,0,0.4796,NA
blk2577,6,397170,397170,1,0,0.2628,NA
blk2578,6,397376,397376,1,0,0.2259,NA
blk2579,6,399312,399312,1,0,0.1171,NA
blk2580,6,399540,399540,1,0,0.248,NA
blk2581,6,401778,401778,1,0,0.1662,NA
blk2582,6,403010,403010,1,0,0.2568,NA
blk2583,6,403809,403809,1,0,0.0644,NA
blk2584,6,405569,405569,1,0,0.4212,NA
blk2585,6,407236,407236,1,0,0.1754,NA
blk2586,6,407999,407999,1,0,0.4628,NA
blk2587,6,410481,410481,1,0,0.1021,NA
blk2588,6,410843,410843,1,0,0.2007,NA
blk2589,6,412605,412605,1,0,0.36870000000000003,NA
blk2590,6,413420,413420,1,0,0.2798,NA
blk2591,6,414702,414702,1,0,0.2047,NA
blk2592,6,415469,415469,1,0,0.3471,NA
blk2593,6,417371,417371,1,0,0.1035,NA
blk2594,6,417783,417783,1,0,0.1444,NA
blk2595,6,417987,417987,1,0,0.4325,NA
blk2596,6,419565,419565,1,0,0.278,NA
blk2597,6,419910,419910,1,0,0.4301,NA
blk2598,6,420827,420827,1,0,0.24,NA
blk2599,6,421671,421671,1,0,0.144,NA
blk2600,6,422296,422296,1,0,0.3021,NA
blk2601,6,422548,422548,1,0,0.3998,NA
blk2602,6,424050,424050,1,0,0.3582,NA
blk2603,6,426285,426285,1,0,0.2183,NA
blk2604,6,427507,427507,1,0,0.0569,NA
blk2605,6,428685,428720,2,35,0.4236,NA
blk2606,6,429772,429772,1,0,0.3372,NA
blk2607,6,429927,429927,1,0,0.1224,NA
blk2608,6,433820,433820,1,0,0.2825,NA
blk2609,6,434070,434070,1,0,0.3483,NA
blk2610,6,434587,434611,2,24,0.4362,NA
blk2611,6,436184,436184,1,0,0.4457,NA
blk2612,6,438212,438212,1,0,0.3685,NA
blk2613,6,439359,439359,1,0,0.2655,NA
blk2614,6,439650,439650,1,0,0.2441,NA
blk2615,6,440759,440872,2,113,0.0959,NA
blk2616,6,441190,441190,1,0,0.4072,NA
blk2617,6,442046,442046,1,0,0.1539,NA
blk2618,6,442738,442738,1,0,0.241,NA
blk2619,6,443427,443427,1,0,0.4248,NA
blk2620,6,445578,445578,1,0,0.0655,NA
blk2621,6,446480,446480,1,0,0.3556,NA
blk2622,6,446620,446620,1,0,0.1149,NA
blk2623,6,447802,447802,1,0,0.311,NA
blk2624,6,448244,448270,2,26,0.3005,NA
blk2625,6,450261,450261,1,0,0.1223,NA
blk2626,6,451911,451911,1,0,0.1312,NA
blk2627,6,452928,452928,1,0,0.3474,NA
blk2628,6,453433,453433,1,0,0.2316,NA
blk2629,6,455284,455284,1,0,0.1364,NA
blk2630,6,455435,455435,1,0,0.2004,NA
blk2631,6,455564,455564,1,0,0.0724,NA
blk2632,6,455824,455824,1,0,0.4876,NA
blk2633,6,456234,456234,1,0,0.2441,NA
blk2634,6,457367,457468,2,101,0.424,NA
blk2635,6,457615,457615,1,0,0.2456,NA
blk2636,6,457979,457979,1,0,0.2036,NA
blk2637,6,458947,458947,1,0,0.3237,NA
blk2638,6,459250,459250,1,0,0.4448,NA
blk2639,6,460312,460312,1,0,0.4545,NA
blk2640,6,462518,462518,1,0,0.2645,NA
blk2641,6,465918,465918,1,0,0.3249,NA
blk2642,6,466902,466902,1,0,0.3155,NA
blk2643,6,467816,467816,1,0,0.4127,NA
blk2644,6,468626,468626,1,0,0.0596,NA
blk2645,6,470152,470152,1,0,0.3658,NA
blk2646,6,471807,471807,1,0,0.2297,NA
blk2647,6,472477,472477,1,0,0.098,NA
blk2648,6,473272,473272,1,0,0.118,NA
blk2649,6,474980,474980,1,0,0.4178,NA
blk2650,6,476735,476735,1,0,0.4793,NA
blk2651,6,477343,477343,1,0,0.3085,NA
blk2652,6,478579,478579,1,0,0.3352,NA
blk2653,6,480684,480684,1,0,0.1609,NA
blk2654,6,481734,481734,1,0,0.466,NA
blk2655,6,483512,483512,1,0,0.3911,NA
blk2656,6,485106,485106,1,0,0.1727,NA
blk2657,6,485232,485232,1,0,0.2909,NA
blk2658,6,486370,486370,1,0,0.3678,NA
blk2659,6,486996,486996,1,0,0.0601,NA
blk2660,6,488678,488776,2,98,0.1265,NA
blk2661,6,489069,489123,2,54,0.0983,NA
blk2662,6,489348,489348,1,0,0.2387,NA
blk2663,6,489494,489494,1,0,0.2435,NA
blk2664,6,490639,490639,1,0,0.3028,NA
blk2665,6,490967,490967,1,0,0.4302,NA
blk2666,6,493113,493113,1,0,0.1144,NA
blk2667,6,493387,493387,1,0,0.1421,NA
blk2668,6,494935,494935,1,0,0.3244,NA
blk2669,6,495311,495311,1,0,0.1365,NA
blk2670,6,495808,495808,1,0,0.471,NA
blk2671,6,496169,496169,1,0,0.2925,NA
blk2672,6,496485,496485,1,0,0.2044,NA
blk2673,6,497948,497948,1,0,0.4555,NA
blk2674,6,498274,498274,1,0,0.3571,NA
blk2675,6,499247,499247,1,0,0.2674,NA
blk2676,7,2639,2639,1,0,0.0683,NA
blk2677,7,3130,3130,1,0,0.253,NA
blk2678,7,5385,5385,1,0,0.3488,NA
blk2679,7,9228,9228,1,0,0.1363,NA
blk2680,7,11703,11703,1,0,0.1841,NA
blk2681,7,11967,11967,1,0,0.1704,NA
blk2682,7,13313,13313,1,0,0.3986,NA
blk2683,7,18078,18078,1,0,0.1287,NA
blk2684,7,18252,18252,1,0,0.0939,NA
blk2685,7,18896,18896,1,0,0.4365,NA
blk2686,7,20347,20347,1,0,0.3846,NA
blk2687,7,20623,20623,1,0,0.0645,NA
blk2688,7,23649,23649,1,0,0.3768,NA
blk2689,7,26906,26906,1,0,0.1412,NA
blk2690,7,27313,27313,1,0,0.2874,NA
blk2691,7,28750,28750,1,0,0.1838,NA
blk2692,7,30110,30181,2,71,0.06,NA
blk2693,7,31175,31175,1,0,0.3039,NA
blk2694,7,31356,31356,1,0,0.4212,NA
blk2695,7,31998,32007,2,9,0.2097,NA
blk2696,7,33594,33594,1,0,0.0603,NA
blk2697,7,34341,34341,1,0,0.1853,NA
blk2698,7,35552,35552,1,0,0.2114,NA
blk2699,7,36689,36689,1,0,0.1701,NA
blk2700,7,36938,36938,1,0,0.4014,NA
blk2701,7,37345,37345,1,0,0.0791,NA
blk2702,7,38668,38769,2,101,0.4128,NA
blk2703,7,39812,39812,1,0,0.2431,NA
blk2704,7,40988,40988,1,0,0.2556,NA
blk2705,7,41925,41925,1,0,0.2507,NA
blk2706,7,42316,42316,1,0,0.3495,NA
blk2707,7,42719,42719,1,0,0.2514,NA
blk2708,7,43051,43051,1,0,0.1131,NA
blk2709,7,46577,46625,2,48,0.0722,NA
blk2710,7,47918,47918,1,0,0.2785,NA
blk2711,7,48673,48673,1,0,0.4337,NA
blk2712,7,49698,49698,1,0,0.4106,NA
blk2713,7,50306,50306,1,0,0.0764,NA
blk2714,7,50642,50642,1,0,0.2802,NA
blk2715,7,51347,51347,1,0,0.3498,NA
blk2716,7,52186,52186,1,0,0.2505,NA
blk2717,7,52595,52595,1,0,0.1174,NA
blk2718,7,52843,52843,1,0,0.1177,NA
blk2719,7,53481,53481,1,0,0.1292,NA
blk2720,7,53854,53854,1,0,0.4054,NA
blk2721,7,54227,54227,1,0,0.3052,NA
blk2722,7,56002,56002,1,0,0.4736,NA
blk2723,7,57953,57953,1,0,0.3849,NA
blk2724,7,58645,58645,1,0,0.3513,NA
blk2725,7,59049,59049,1,0,0.3465,NA
blk2726,7,59774,59774,1,0,0.4666,NA
blk2727,7,60161,60161,1,0,0.1626,NA
blk2728,7,61812,61812,1,0,0.2613,NA
blk2729,7,62033,62033,1,0,0.2205,NA
blk2730,7,62190,62190,1,0,0.4648,NA
blk2731,7,62901,62901,1,0,0.4909,NA
blk2732,7,63129,63129,1,0,0.3564,NA
blk2733,7,64091,64091,1,0,0.428,NA
blk2734,7,64930,64947,2,17,0.3172,NA
blk2735,7,67144,67144,1,0,0.3858,NA
blk2736,7,68024,68024,1,0,0.2114,NA
blk2737,7,68522,68522,1,0,0.2698,NA
blk2738,7,68944,68944,1,0,0.3573,NA
blk2739,7,69213,69249,2,36,0.1573,NA
blk2740,7,70105,70105,1,0,0.2119,NA
blk2741,7,72361,72361,1,0,0.4208,NA
blk2742,7,73697,73697,1,0,0.2608,NA
blk2743,7,73921,73921,1,0,0.3813,NA
blk2744,7,75590,75699,2,109,0.4069,NA
blk2745,7,77795,77795,1,0,0.4594,NA
blk2746,7,78400,78400,1,0,0.2852,NA
blk2747,7,78731,78731,1,0,0.4464,NA
blk2748,7,80499,80499,1,0,0.4121,NA
blk2749,7,82573,82573,1,0,0.1013,NA
blk2750,7,82934,82934,1,0,0.1444,NA
blk2751,7,83158,83158,1,0,0.1327,NA
blk2752,7,84848,84848,1,0,0.1824,NA
blk2753,7,85874,85874,1,0,0.2473,NA
blk2754,7,86898,86898,1,0,0.2796,NA
blk2755,7,87491,87491,1,0,0.4718,NA
blk2756,7,88251,88251,1,0,0.3899,NA
blk2757,7,89349,89349,1,0,0.2776,NA
blk2758,7,89492,89492,1,0,0.162,NA
blk2759,7,91882,91882,1,0,0.0543,NA
blk2760,7,92960,92960,1,0,0.2561,NA
blk2761,7,94523,94523,1,0,0.2142,NA
blk2762,7,95286,95286,1,0,0.1336,NA
blk2763,7,98207,98207,1,0,0.4301,NA
blk2764,7,99003,99003,1,0,0.4481,NA
blk2765,7,99239,99239,1,0,0.3568,NA
blk2766,7,99965,99965,1,0,0.4709,NA
blk2767,7,100134,100134,1,0,0.3104,NA
blk2768,7,101409,101409,1,0,0.454,NA
blk2769,7,102238,102284,2,46,0.3169,NA
blk2770,7,103464,103464,1,0,0.0628,NA
blk2771,7,104325,104325,1,0,0.4317,NA
blk2772,7,105150,105150,1,0,0.2379,NA
blk2773,7,106865,106865,1,0,0.2856,NA
blk2774,7,107160,107160,1,0,0.4093,NA
blk2775,7,107885,107885,1,0,0.3228,NA
blk2776,7,109752,109752,1,0,0.0965,NA
blk2777,7,110335,110369,2,34,0.2371,NA
blk2778,7,111481,111481,1,0,0.4667,NA
blk2779,7,113262,113262,1,0,0.1438,NA
blk2780,7,115345,115422,2,77,0.2162,NA
blk2781,7,115494,115494,1,0,0.4259,NA
blk2782,7,117026,117026,1,0,0.4214,NA
blk2783,7,117361,117361,1,0,0.4483,NA
blk2784,7,118642,118695,2,53,0.4884,NA
blk2785,7,118852,118852,1,0,0.1866,NA
blk2786,7,119659,119659,1,0,0.1928,NA
blk2787,7,119891,119891,1,0,0.0598,NA
blk2788,7,120766,120766,1,0,0.282,NA
blk2789,7,121315,121315,1,0,0.1461,NA
blk2790,7,122130,122130,1,0,0.0708,NA
blk2791,7,122418,122418,1,0,0.485,NA
blk2792,7,122704,122704,1,0,0.1662,NA
blk2793,7,123837,123837,1,0,0.3586,NA
blk2794,7,124454,124454,1,0,0.3728,NA
blk2795,7,127370,127370,1,0,0.3247,NA
blk2796,7,127815,127815,1,0,0.1816,NA
blk2797,7,128770,128770,1,0,0.0833,NA
blk2798,7,129235,129235,1,0,0.444,NA
blk2799,7,129805,129805,1,0,0.3251,NA
blk2800,7,130588,130588,1,0,0.1639,NA
blk2801,7,131529,131542,2,13,0.1047,NA
blk2802,7,132376,132445,2,69,0.3027,NA
blk2803,7,133032,133032,1,0,0.2261,NA
blk2804,7,133659,133659,1,0,0.2432,NA
blk2805,7,134399,134399,1,0,0.0661,NA
blk2806,7,134838,134838,1,0,0.255,NA
blk2807,7,135791,135791,1,0,0.1247,NA
blk2808,7,136077,136077,1,0,0.0758,NA
blk2809,7,136599,136599,1,0,0.2247,NA
blk2810,7,137032,137032,1,0,0.4627,NA
blk2811,7,137229,137229,1,0,0.2217,NA
blk2812,7,140232,140236,2,4,0.4364,NA
blk2813,7,140521,140521,1,0,0.4781,NA
blk2814,7,144198,144198,1,0,0.456,NA
blk2815,7,147755,147755,1,0,0.4848,NA
blk2816,7,148162,148162,1,0,0.2679,NA
blk2817,7,149605,149605,1,0,0.4492,NA
blk2818,7,150759,150759,1,0,0.4423,NA
blk2819,7,151328,151328,1,0,0.2742,NA
blk2820,7,152347,152347,1,0,0.4308,NA
blk2821,7,152553,152553,1,0,0.2032,NA
blk2822,7,153799,153807,2,8,0.2235,NA
blk2823,7,154404,154404,1,0,0.4554,NA
blk2824,7,156279,156279,1,0,0.367,NA
blk2825,7,157243,157243,1,0,0.4272,NA
blk2826,7,157450,157450,1,0,0.4859,NA
blk2827,7,157767,157767,1,0,0.0901,NA
blk2828,7,160416,160416,1,0,0.4738,NA
blk2829,7,162267,162267,1,0,0.3897,NA
blk2830,7,163928,163928,1,0,0.3866,NA
blk2831,7,164064,164064,1,0,0.2628,NA
blk2832,7,165175,165175,1,0,0.4287,NA
blk2833,7,165955,165955,1,0,0.0584,NA
blk2834,7,166278,166278,1,0,0.3485,NA
blk2835,7,167173,167173,1,0,0.3543,NA
blk2836,7,168386,168386,1,0,0.1483,NA
blk2837,7,170488,170488,1,0,0.0929,NA
blk2838,7,170989,171034,2,45,0.1606,NA
blk2839,7,171177,171177,1,0,0.1197,NA
blk2840,7,171420,171420,1,0,0.1915,NA
blk2841,7,172148,172148,1,0,0.4734,NA
blk2842,7,172992,172992,1,0,0.487,NA
blk2843,7,173750,173750,1,0,0.094,NA
blk2844,7,174237,174237,1,0,0.1198,NA
blk2845,7,175925,175925,1,0,0.3594,NA
blk2846,7,178879,178879,1,0,0.2304,NA
blk2847,7,179058,179058,1,0,0.3515,NA
blk2848,7,179272,179272,1,0,0.4232,NA
blk2849,7,180929,180929,1,0,0.0882,NA
blk2850,7,181140,181140,1,0,0.2934,NA
blk2851,7,182473,182473,1,0,0.4291,NA
blk2852,7,183040,183040,1,0,0.2968,NA
blk2853,7,183527,183527,1,0,0.1296,NA
blk2854,7,184149,184149,1,0,0.0664,NA
blk2855,7,185544,185544,1,0,0.2319,NA
blk2856,7,187959,187959,1,0,0.1278,NA
blk2857,7,188133,188133,1,0,0.0749,NA
blk2858,7,189360,189360,1,0,0.1148,NA
blk2859,7,190098,190098,1,0,0.1981,NA
blk2860,7,190432,190519,2,87,0.3422,NA
blk2861,7,191313,191313,1,0,0.4187,NA
blk2862,7,194300,194300,1,0,0.1283,NA
blk2863,7,194813,194813,1,0,0.1136,NA
blk2864,7,196760,196760,1,0,0.2597,NA
blk2865,7,197313,197313,1,0,0.1878,NA
blk2866,7,198267,198267,1,0,0.3667,NA
blk2867,7,198416,198416,1,0,0.1785,NA
blk2868,7,198703,198703,1,0,0.4469,NA
blk2869,7,199064,199064,1,0,0.1206,NA
blk2870,7,199407,199407,1,0,0.4468,NA
blk2871,7,199581,199581,1,0,0.1398,NA
blk2872,7,199975,200027,2,52,0.2711,NA
blk2873,7,200419,200419,1,0,0.0757,NA
blk2874,7,201507,201541,2,34,0.0837,NA
blk2875,7,205046,205046,1,0,0.3184,NA
blk2876,7,206758,206758,1,0,0.3443,NA
blk2877,7,207255,207295,2,40,0.4563,NA
blk2878,7,207701,207701,1,0,0.4872,NA
blk2879,7,208186,208280,2,94,0.1957,NA
blk2880,7,210726,210726,1,0,0.1526,NA
blk2881,7,213231,213231,1,0,0.1194,NA
blk2882,7,216059,216059,1,0,0.2249,NA
blk2883,7,219369,219369,1,0,0.089,NA
blk2884,7,220211,220272,2,61,0.273,NA
blk2885,7,220584,220584,1,0,0.3317,NA
blk2886,7,222266,222266,1,0,0.1942,NA
blk2887,7,228679,228679,1,0,0.1471,NA
blk2888,7,229266,229266,1,0,0.4384,NA
blk2889,7,231130,231130,1,0,0.1891,NA
blk2890,7,233316,233316,1,0,0.4969,NA
blk2891,7,233566,233566,1,0,0.4338,NA
blk2892,7,233871,233871,1,0,0.25,NA
blk2893,7,234087,234087,1,0,0.4042,NA
blk2894,7,234525,234525,1,0,0.197,NA
blk2895,7,234670,234670,1,0,0.3742,NA
blk2896,7,235185,235185,1,0,0.3713,NA
blk2897,7,236201,236201,1,0,0.4635,NA
blk2898,7,236433,236433,1,0,0.0595,NA
blk2899,7,236653,236653,1,0,0.3755,NA
blk2900,7,238278,238278,1,0,0.1658,NA
blk2901,7,239785,239785,1,0,0.125,NA
blk2902,7,240168,240168,1,0,0.4933,NA
blk2903,7,240915,240969,2,54,0.2721,NA
blk2904,7,242306,242306,1,0,0.456,NA
blk2905,7,243462,243462,1,0,0.2993,NA
blk2906,7,243790,243816,2,26,0.4797,NA
blk2907,7,244177,244177,1,0,0.3735,NA
blk2908,7,246613,246613,1,0,0.2223,NA
blk2909,7,247730,247730,1,0,0.4328,NA
blk2910,7,248893,248893,1,0,0.2471,NA
blk2911,7,251184,251211,2,27,0.0681,NA
blk2912,7,252357,252357,1,0,0.4181,NA
blk2913,7,255330,255330,1,0,0.4342,NA
blk2914,7,256094,256094,1,0,0.1999,NA
blk2915,7,256303,256303,1,0,0.3614,NA
blk2916,7,256479,256479,1,0,0.3365,NA
blk2917,7,258278,258278,1,0,0.106,NA
blk2918,7,259343,259343,1,0,0.2529,NA
blk2919,7,259815,259815,1,0,0.0951,NA
blk2920,7,263421,263421,1,0,0.3341,NA
blk2921,7,265217,265217,1,0,0.1053,NA
blk2922,7,266788,266910,2,122,0.3973,NA
blk2923,7,267728,267728,1,0,0.3425,NA
blk2924,7,271446,271446,1,0,0.437,NA
blk2925,7,272180,272180,1,0,0.409,NA
blk2926,7,272617,272617,1,0,0.299,NA
blk2927,7,272938,272938,1,0,0.4832,NA
blk2928,7,276619,276619,1,0,0.2399,NA
blk2929,7,277712,277712,1,0,0.1855,NA
blk2930,7,278769,278769,1,0,0.0984,NA
blk2931,7,279017,279017,1,0,0.4663,NA
blk2932,7,281369,281369,1,0,0.3238,NA
blk2933,7,284011,284048,2,37,0.2889,NA
blk2934,7,284902,284902,1,0,0.1855,NA
blk2935,7,285425,285425,1,0,0.485,NA
blk2936,7,285995,285995,1,0,0.4509,NA
blk2937,7,287207,287207,1,0,0.4893,NA
blk2938,7,287495,287548,2,53,0.13,NA
blk2939,7,288022,288022,1,0,0.0615,NA
blk2940,7,288468,288468,1,0,0.2715,NA
blk2941,7,289064,289065,2,1,0.0743,NA
blk2942,7,291515,291515,1,0,0.2771,NA
blk2943,7,294415,294415,1,0,0.2245,NA
blk2944,7,296555,296555,1,0,0.2583,NA
blk2945,7,300038,300038,1,0,0.1767,NA
blk2946,7,300666,300666,1,0,0.2444,NA
blk2947,7,301040,301040,1,0,0.4431,NA
blk2948,7,301245,301245,1,0,0.428,NA
blk2949,7,302004,302004,1,0,0.1137,NA
blk2950,7,303265,303265,1,0,0.4792,NA
blk2951,7,305310,305310,1,0,0.2565,NA
blk2952,7,306717,306820,2,103,0.1219,NA
blk2953,7,306873,306873,1,0,0.4053,NA
blk2954,7,307253,307297,2,44,0.4498,NA
blk2955,7,308186,308186,1,0,0.4016,NA
blk2956,7,310138,310138,1,0,0.313,NA
blk2957,7,311308,311308,1,0,0.2292,NA
blk2958,7,312398,312398,1,0,0.1355,NA
blk2959,7,314103,314103,1,0,0.4372,NA
blk2960,7,315277,315277,1,0,0.3045,NA
blk2961,7,317435,317536,2,101,0.0561,NA
blk2962,7,318898,318898,1,0,0.2906,NA
blk2963,7,319500,319500,1,0,0.4036,NA
blk2964,7,319792,319889,2,97,0.4413,NA
blk2965,7,320045,320045,1,0,0.4686,NA
blk2966,7,320661,320661,1,0,0.355,NA
blk2967,7,320871,320871,1,0,0.2009,NA
blk2968,7,321095,321095,1,0,0.3203,NA
blk2969,7,321417,321417,1,0,0.0835,NA
blk2970,7,321705,321705,1,0,0.2991,NA
blk2971,7,322551,322551,1,0,0.1729,NA
blk2972,7,326177,326177,1,0,0.4396,NA
blk2973,7,327193,327193,1,0,0.2654,NA
blk2974,7,328370,328370,1,0,0.1055,NA
blk2975,7,329670,329670,1,0,0.0642,NA
blk2976,7,330315,330348,2,33,0.2276,NA
blk2977,7,331643,331643,1,0,0.4576,NA
blk2978,7,332060,332060,1,0,0.2819,NA
blk2979,7,333230,333230,1,0,0.3749,NA
blk2980,7,333427,333427,1,0,0.1415,NA
blk2981,7,333737,333737,1,0,0.3591,NA
blk2982,7,334340,334340,1,0,0.3451,NA
blk2983,7,335181,335181,1,0,0.211,NA
blk2984,7,335355,335355,1,0,0.4161,NA
blk2985,7,335591,335713,2,122,0.0638,NA
blk2986,7,336099,336099,1,0,0.1284,NA
blk2987,7,338432,338432,1,0,0.4308,NA
blk2988,7,338700,338700,1,0,0.0796,NA
blk2989,7,339296,339296,1,0,0.31,NA
blk2990,7,340175,340175,1,0,0.4393,NA
blk2991,7,342186,342302,2,116,0.4201,NA
blk2992,7,346567,346567,1,0,0.3067,NA
blk2993,7,347424,347424,1,0,0.4705,NA
blk2994,7,347623,347623,1,0,0.1455,NA
blk2995,7,348475,348475,1,0,0.4297,NA
blk2996,7,349305,349305,1,0,0.1277,NA
blk2997,7,350714,350714,1,0,0.3265,NA
blk2998,7,351446,351446,1,0,0.3801,NA
blk2999,7,352503,352503,1,0,0.275,NA
blk3000,7,353200,353200,1,0,0.3103,NA
blk3001,7,353464,353464,1,0,0.0628,NA
blk3002,7,356627,356627,1,0,0.371,NA
blk3003,7,356754,356788,2,34,0.1297,NA
blk3004,7,357141,357141,1,0,0.4413,NA
blk3005,7,357985,357985,1,0,0.4622,NA
blk3006,7,361064,361064,1,0,0.4519,NA
blk3007,7,361534,361617,2,83,0.3582,NA
blk3008,7,362566,362566,1,0,0.1971,NA
blk3009,7,364949,364949,1,0,0.4182,NA
blk3010,7,365802,365802,1,0,0.1416,NA
blk3011,7,366022,366022,1,0,0.1696,NA
blk3012,7,366513,366513,1,0,0.4437,NA
blk3013,7,368063,368063,1,0,0.2052,NA
blk3014,7,369640,369708,2,68,0.0825,NA
blk3015,7,377362,377362,1,0,0.2676,NA
blk3016,7,380140,380140,1,0,0.2078,NA
blk3017,7,380272,380272,1,0,0.3424,NA
blk3018,7,380518,380518,1,0,0.1892,NA
blk3019,7,381057,381086,2,29,0.0733,NA
blk3020,7,382069,382069,1,0,0.4578,NA
blk3021,7,384011,384011,1,0,0.2769,NA
blk3022,7,384490,384490,1,0,0.1281,NA
blk3023,7,385485,385485,1,0,0.1804,NA
blk3024,7,385929,385929,1,0,0.2341,NA
blk3025,7,387058,387058,1,0,0.1682,NA
blk3026,7,389820,389820,1,0,0.3276,NA
blk3027,7,389946,389946,1,0,0.2449,NA
blk3028,7,391464,391464,1,0,0.1108,NA
blk3029,7,394255,394296,2,41,0.2383,NA
blk3030,7,395855,395855,1,0,0.2425,NA
blk3031,7,396673,396673,1,0,0.236,NA
blk3032,7,397458,397458,1,0,0.4534,NA
blk3033,7,398412,398412,1,0,0.4832,NA
blk3034,7,398901,398901,1,0,0.3311,NA
blk3035,7,399850,399850,1,0,0.4181,NA
blk3036,7,400287,400287,1,0,0.445,NA
blk3037,7,400431,400431,1,0,0.2653,NA
blk3038,7,400620,400620,1,0,0.1887,NA
blk3039,7,403032,403032,1,0,0.3833,NA
blk3040,7,403979,404027,2,48,0.4101,NA
blk3041,7,404341,404341,1,0,0.2925,NA
blk3042,7,405416,405416,1,0,0.0708,NA
blk3043,7,406252,406252,1,0,0.3516,NA
blk3044,7,406996,406996,1,0,0.086,NA
blk3045,7,409618,409618,1,0,0.149,NA
blk3046,7,409886,409886,1,0,0.2596,NA
blk3047,7,410653,410653,1,0,0.1165,NA
blk3048,7,415241,415241,1,0,0.3124,NA
blk3049,7,415690,415690,1,0,0.4077,NA
blk3050,7,416993,416993,1,0,0.056,NA
blk3051,7,417157,417157,1,0,0.3887,NA
blk3052,7,418077,418077,1,0,0.1352,NA
blk3053,7,419066,419066,1,0,0.0767,NA
blk3054,7,419611,419611,1,0,0.3743,NA
blk3055,7,419846,419846,1,0,0.1938,NA
blk3056,7,421900,421900,1,0,0.1325,NA
blk3057,7,422661,422744,2,83,0.4284,NA
blk3058,7,423345,423436,2,91,0.1561,NA
blk3059,7,423513,423513,1,0,0.2645,NA
blk3060,7,425724,425724,1,0,0.1731,NA
blk3061,7,426236,426236,1,0,0.0698,NA
blk3062,7,426832,426832,1,0,0.1379,NA
blk3063,7,428896,428896,1,0,0.3584,NA
blk3064,7,429760,429760,1,0,0.206,NA
blk3065,7,430171,430171,1,0,0.1279,NA
blk3066,7,432190,432190,1,0,0.2621,NA
blk3067,7,434093,434093,1,0,0.424,NA
blk3068,7,434542,434542,1,0,0.0978,NA
blk3069,7,436589,436589,1,0,0.4419,NA
blk3070,7,437558,437558,1,0,0.3369,NA
blk3071,7,438166,438171,2,5,0.3221,NA
blk3072,7,438477,438477,1,0,0.0699,NA
blk3073,7,438816,438816,1,0,0.4839,NA
blk3074,7,440930,440930,1,0,0.1886,NA
blk3075,7,441277,441277,1,0,0.2591,NA
blk3076,7,441719,441719,1,0,0.2988,NA
blk3077,7,442870,442870,1,0,0.4514,NA
blk3078,7,443904,443904,1,0,0.3677,NA
blk3079,7,444050,444135,2,85,0.2596,NA
blk3080,7,447511,447558,2,47,0.4552,NA
blk3081,7,448792,448792,1,0,0.2513,NA
blk3082,7,452289,452289,1,0,0.3265,NA
blk3083,7,452567,452567,1,0,0.2981,NA
blk3084,7,454588,454701,2,113,0.4463,NA
blk3085,7,454845,454845,1,0,0.4299,NA
blk3086,7,456292,456292,1,0,0.3752,NA
blk3087,7,456680,456680,1,0,0.0609,NA
blk3088,7,457028,457028,1,0,0.4436,NA
blk3089,7,460010,460050,2,40,0.2345,NA
blk3090,7,461116,461116,1,0,0.3563,NA
blk3091,7,463018,463051,2,33,0.2922,NA
blk3092,7,463763,463763,1,0,0.3697,NA
blk3093,7,464045,464128,2,83,0.3805,NA
blk3094,7,464318,464318,1,0,0.1852,NA
blk3095,7,467076,467076,1,0,0.4457,NA
blk3096,7,467353,467353,1,0,0.2003,NA
blk3097,7,468444,468444,1,0,0.3882,NA
blk3098,7,468624,468722,2,98,0.3424,NA
blk3099,7,469793,469793,1,0,0.0594,NA
blk3100,7,470128,470128,1,0,0.1183,NA
blk3101,7,472567,472567,1,0,0.2494,NA
blk3102,7,473013,473013,1,0,0.2623,NA
blk3103,7,473969,473969,1,0,0.1381,NA
blk3104,7,474556,474556,1,0,0.168,NA
blk3105,7,476413,476468,2,55,0.223,NA
blk3106,7,478976,478976,1,0,0.4758,NA
blk3107,7,479442,479442,1,0,0.4832,NA
blk3108,7,480225,480225,1,0,0.2067,NA
blk3109,7,480423,480423,1,0,0.4007,NA
blk3110,7,482584,482584,1,0,0.3792,NA
blk3111,7,483631,483631,1,0,0.4346,NA
blk3112,7,484605,484605,1,0,0.3193,NA
blk3113,7,484834,484834,1,0,0.1764,NA
blk3114,7,486701,486701,1,0,0.1169,NA
blk3115,7,487199,487199,1,0,0.3465,NA
blk3116,7,487465,487564,2,99,0.2256,NA
blk3117,7,488258,488258,1,0,0.4272,NA
blk3118,7,488606,488606,1,0,0.212,NA
blk3119,7,491587,491587,1,0,0.3383,NA
blk3120,7,494930,494930,1,0,0.3472,NA
blk3121,7,496710,496710,1,0,0.2193,NA
blk3122,8,2778,2778,1,0,0.2379,NA
blk3123,8,4087,4087,1,0,0.3994,NA
blk3124,8,4857,4857,1,0,0.3213,NA
blk3125,8,5672,5672,1,0,0.3848,NA
blk3126,8,7844,7844,1,0,0.0677,NA
blk3127,8,8126,8126,1,0,0.2343,NA
blk3128,8,8376,8376,1,0,0.2586,NA
blk3129,8,10345,10345,1,0,0.1342,NA
blk3130,8,11232,11232,1,0,0.3951,NA
blk3131,8,13679,13726,2,47,0.3262,NA
blk3132,8,14183,14183,1,0,0.4229,NA
blk3133,8,14667,14667,1,0,0.3552,NA
blk3134,8,15225,15225,1,0,0.4322,NA
blk3135,8,15584,15664,2,80,0.4933,NA
blk3136,8,16333,16333,1,0,0.3358,NA
blk3137,8,18708,18708,1,0,0.2206,NA
blk3138,8,18960,19068,2,108,0.0659,NA
blk3139,8,19536,19536,1,0,0.2083,NA
blk3140,8,19702,19702,1,0,0.2256,NA
blk3141,8,20980,20980,1,0,0.1553,NA
blk3142,8,22518,22539,2,21,0.0988,NA
blk3143,8,23800,23800,1,0,0.4433,NA
blk3144,8,25955,25955,1,0,0.4311,NA
blk3145,8,27431,27554,2,123,0.1615,NA
blk3146,8,27818,27818,1,0,0.1391,NA
blk3147,8,28774,28774,1,0,0.4255,NA
blk3148,8,29423,29423,1,0,0.4209,NA
blk3149,8,29695,29695,1,0,0.0719,NA
blk3150,8,30499,30499,1,0,0.4911,NA
blk3151,8,30796,30818,2,22,0.2395,NA
blk3152,8,30999,30999,1,0,0.2282,NA
blk3153,8,31490,31490,1,0,0.4501,NA
blk3154,8,33774,33774,1,0,0.0886,NA
blk3155,8,36377,36377,1,0,0.1045,NA
blk3156,8,36805,36823,2,18,0.0659,NA
blk3157,8,39544,39544,1,0,0.2438,NA
blk3158,8,41257,41306,2,49,0.1102,NA
blk3159,8,44119,44119,1,0,0.3751,NA
blk3160,8,44667,44667,1,0,0.0806,NA
blk3161,8,46970,46970,1,0,0.4814,NA
blk3162,8,48652,48652,1,0,0.4435,NA
blk3163,8,50136,50190,2,54,0.1942,NA
blk3164,8,50507,50507,1,0,0.2765,NA
blk3165,8,52400,52400,1,0,0.3516,NA
blk3166,8,53739,53739,1,0,0.1522,NA
blk3167,8,53957,53957,1,0,0.4636,NA
blk3168,8,55795,55845,2,50,0.0743,NA
blk3169,8,56540,56540,1,0,0.392,NA
blk3170,8,57041,57072,2,31,0.0886,NA
blk3171,8,61313,61313,1,0,0.4345,NA
blk3172,8,62221,62221,1,0,0.1431,NA
blk3173,8,64529,64529,1,0,0.199,NA
blk3174,8,65682,65682,1,0,0.3567,NA
blk3175,8,66912,67011,2,99,0.4999,NA
blk3176,8,67541,67541,1,0,0.0688,NA
blk3177,8,67809,67809,1,0,0.2361,NA
blk3178,8,70678,70678,1,0,0.2733,NA
blk3179,8,70819,70819,1,0,0.2923,NA
blk3180,8,72276,72276,1,0,0.2326,NA
blk3181,8,72861,72879,2,18,0.2809,NA
blk3182,8,73270,73270,1,0,0.2075,NA
blk3183,8,75089,75089,1,0,0.0653,NA
blk3184,8,76281,76281,1,0,0.4287,NA
blk3185,8,78372,78372,1,0,0.3852,NA
blk3186,8,80420,80420,1,0,0.2345,NA
blk3187,8,82016,82016,1,0,0.4425,NA
blk3188,8,84875,84875,1,0,0.4961,NA
blk3189,8,85832,85832,1,0,0.2792,NA
blk3190,8,87525,87525,1,0,0.2321,NA
blk3191,8,89183,89183,1,0,0.4687,NA
blk3192,8,89501,89501,1,0,0.3282,NA
blk3193,8,89918,89918,1,0,0.4985,NA
blk3194,8,90557,90557,1,0,0.0826,NA
blk3195,8,90827,90827,1,0,0.2074,NA
blk3196,8,92842,92887,2,45,0.3885,NA
blk3197,8,93002,93002,1,0,0.2972,NA
blk3198,8,93369,93402,2,33,0.1333,NA
blk3199,8,94697,94697,1,0,0.2594,NA
blk3200,8,94884,94884,1,0,0.3321,NA
blk3201,8,95248,95248,1,0,0.2312,NA
blk3202,8,95655,95655,1,0,0.2683,NA
blk3203,8,96524,96524,1,0,0.1523,NA
blk3204,8,96804,96804,1,0,0.3388,NA
blk3205,8,99325,99325,1,0,0.4473,NA
blk3206,8,99454,99507,2,53,0.1754,NA
blk3207,8,99688,99688,1,0,0.3685,NA
blk3208,8,100598,100678,2,80,0.0722,NA
blk3209,8,101195,101195,1,0,0.3793,NA
blk3210,8,101522,101522,1,0,0.3534,NA
blk3211,8,102204,102204,1,0,0.1116,NA
blk3212,8,103139,103139,1,0,0.2617,NA
blk3213,8,103466,103466,1,0,0.1635,NA
blk3214,8,104937,104937,1,0,0.407,NA
blk3215,8,106089,106089,1,0,0.4988,NA
blk3216,8,107161,107279,2,118,0.2806,NA
blk3217,8,108465,108465,1,0,0.2676,NA
blk3218,8,109181,109181,1,0,0.3575,NA
blk3219,8,110228,110228,1,0,0.4595,NA
blk3220,8,111829,111829,1,0,0.1892,NA
blk3221,8,112384,112384,1,0,0.4188,NA
blk3222,8,113403,113403,1,0,0.1195,NA
blk3223,8,115206,115206,1,0,0.383,NA
blk3224,8,117566,117566,1,0,0.0554,NA
blk3225,8,118207,118207,1,0,0.1176,NA
blk3226,8,119418,119452,2,34,0.3697,NA
blk3227,8,119967,119967,1,0,0.4394,NA
blk3228,8,121279,121279,1,0,0.2338,NA
blk3229,8,121457,121575,2,118,0.1325,NA
blk3230,8,123065,123065,1,0,0.4108,NA
blk3231,8,124958,124958,1,0,0.3049,NA
blk3232,8,128033,128033,1,0,0.1699,NA
blk3233,8,129243,129243,1,0,0.2132,NA
blk3234,8,129926,129926,1,0,0.1951,NA
blk3235,8,130549,130549,1,0,0.4977,NA
blk3236,8,132532,132532,1,0,0.301,NA
blk3237,8,133148,133148,1,0,0.2608,NA
blk3238,8,134221,134334,2,113,0.2735,NA
blk3239,8,134433,134433,1,0,0.3651,NA
blk3240,8,134759,134759,1,0,0.2935,NA
blk3241,8,136836,136836,1,0,0.407,NA
blk3242,8,137787,137811,2,24,0.4657,NA
blk3243,8,138406,138406,1,0,0.4018,NA
blk3244,8,138676,138676,1,0,0.1586,NA
blk3245,8,140629,140629,1,0,0.4996,NA
blk3246,8,142103,142103,1,0,0.4119,NA
blk3247,8,143641,143641,1,0,0.4488,NA
blk3248,8,144665,144665,1,0,0.1208,NA
blk3249,8,145812,145812,1,0,0.2099,NA
blk3250,8,146603,146603,1,0,0.0725,NA
blk3251,8,147083,147083,1,0,0.4352,NA
blk3252,8,149330,149330,1,0,0.2881,NA
blk3253,8,150747,150747,1,0,0.2502,NA
blk3254,8,156479,156501,2,22,0.1319,NA
blk3255,8,157965,157965,1,0,0.2662,NA
blk3256,8,158456,158456,1,0,0.3603,NA
blk3257,8,159397,159397,1,0,0.4573,NA
blk3258,8,159757,159757,1,0,0.2546,NA
blk3259,8,162276,162276,1,0,0.4837,NA
blk3260,8,162838,162838,1,0,0.4348,NA
blk3261,8,164315,164365,2,50,0.453,NA
blk3262,8,165887,165887,1,0,0.4247,NA
blk3263,8,166270,166270,1,0,0.1591,NA
blk3264,8,167022,167022,1,0,0.335,NA
blk3265,8,169396,169396,1,0,0.1659,NA
blk3266,8,169820,169820,1,0,0.4328,NA
blk3267,8,171288,171288,1,0,0.4934,NA
blk3268,8,171920,171920,1,0,0.4175,NA
blk3269,8,173179,173179,1,0,0.1991,NA
blk3270,8,174715,174715,1,0,0.3252,NA
blk3271,8,175302,175302,1,0,0.2437,NA
blk3272,8,177215,177215,1,0,0.0694,NA
blk3273,8,177627,177627,1,0,0.3234,NA
blk3274,8,177927,177927,1,0,0.1285,NA
blk3275,8,178692,178692,1,0,0.3945,NA
blk3276,8,179667,179667,1,0,0.1567,NA
blk3277,8,182052,182052,1,0,0.1181,NA
blk3278,8,182240,182240,1,0,0.1443,NA
blk3279,8,182521,182521,1,0,0.1087,NA
blk3280,8,183237,183237,1,0,0.3998,NA
blk3281,8,183919,183919,1,0,0.1061,NA
blk3282,8,184725,184725,1,0,0.0953,NA
blk3283,8,186701,186701,1,0,0.1267,NA
blk3284,8,188961,188961,1,0,0.3054,NA
blk3285,8,189610,189717,2,107,0.3763,NA
blk3286,8,190096,190096,1,0,0.2535,NA
blk3287,8,194363,194363,1,0,0.195,NA
blk3288,8,194756,194756,1,0,0.1293,NA
blk3289,8,195631,195631,1,0,0.3468,NA
blk3290,8,197186,197186,1,0,0.4883,NA
blk3291,8,197560,197560,1,0,0.3073,NA
blk3292,8,197989,197989,1,0,0.4509,NA
blk3293,8,198690,198690,1,0,0.1539,NA
blk3294,8,199169,199169,1,0,0.395,NA
blk3295,8,199393,199393,1,0,0.3628,NA
blk3296,8,199950,199950,1,0,0.4293,NA
blk3297,8,200600,200600,1,0,0.0611,NA
blk3298,8,200925,200925,1,0,0.3032,NA
blk3299,8,202295,202295,1,0,0.2771,NA
blk3300,8,203704,203704,1,0,0.3456,NA
blk3301,8,203884,203884,1,0,0.2201,NA
blk3302,8,204388,204388,1,0,0.1582,NA
blk3303,8,205483,205483,1,0,0.3009,NA
blk3304,8,207074,207185,2,111,0.2551,NA
blk3305,8,207779,207779,1,0,0.4986,NA
blk3306,8,208391,208391,1,0,0.0887,NA
blk3307,8,209937,209937,1,0,0.3489,NA
blk3308,8,210194,210254,2,60,0.1414,NA
blk3309,8,211009,211009,1,0,0.3032,NA
blk3310,8,211341,211341,1,0,0.2092,NA
blk3311,8,212185,212185,1,0,0.2798,NA
blk3312,8,213364,213364,1,0,0.3502,NA
blk3313,8,214539,214539,1,0,0.4137,NA
blk3314,8,215497,215497,1,0,0.1213,NA
blk3315,8,216980,216980,1,0,0.2644,NA
blk3316,8,217342,217342,1,0,0.0584,NA
blk3317,8,217770,217770,1,0,0.2166,NA
blk3318,8,217981,218037,2,56,0.3169,NA
blk3319,8,218926,218926,1,0,0.0523,NA
blk3320,8,219455,219486,2,31,0.4919,NA
blk3321,8,219688,219688,1,0,0.084,NA
blk3322,8,221096,221096,1,0,0.3305,NA
blk3323,8,221511,221511,1,0,0.2095,NA
blk3324,8,221972,221972,1,0,0.2416,NA
blk3325,8,222508,222508,1,0,0.4734,NA
blk3326,8,223115,223115,1,0,0.3893,NA
blk3327,8,223994,224010,2,16,0.4446,NA
blk3328,8,224176,224176,1,0,0.0654,NA
blk3329,8,224983,224983,1,0,0.1506,NA
blk3330,8,225293,225293,1,0,0.1583,NA
blk3331,8,226872,226872,1,0,0.1888,NA
blk3332,8,227808,227808,1,0,0.145,NA
blk3333,8,228362,228362,1,0,0.3214,NA
blk3334,8,228598,228598,1,0,0.2463,NA
blk3335,8,229398,229398,1,0,0.1133,NA
blk3336,8,230034,230034,1,0,0.3195,NA
blk3337,8,231081,231081,1,0,0.3745,NA
blk3338,8,232325,232325,1,0,0.3259,NA
blk3339,8,233001,233001,1,0,0.3269,NA
blk3340,8,233172,233235,2,63,0.2499,NA
blk3341,8,236327,236327,1,0,0.3312,NA
blk3342,8,237745,237745,1,0,0.226,NA
blk3343,8,238296,238296,1,0,0.1636,NA
blk3344,8,240863,240871,2,8,0.1736,NA
blk3345,8,242314,242314,1,0,0.1393,NA
blk3346,8,243085,243085,1,0,0.3141,NA
blk3347,8,243505,243505,1,0,0.2784,NA
blk3348,8,244246,244246,1,0,0.3368,NA
blk3349,8,245743,245743,1,0,0.4474,NA
blk3350,8,248671,248671,1,0,0.327,NA
blk3351,8,249065,249086,2,21,0.2017,NA
blk3352,8,249737,249737,1,0,0.0874,NA
blk3353,8,252055,252055,1,0,0.1276,NA
blk3354,8,253346,253433,2,87,0.3145,NA
blk3355,8,253643,253643,1,0,0.3542,NA
blk3356,8,254178,254178,1,0,0.2136,NA
blk3357,8,257246,257341,2,95,0.1766,NA
blk3358,8,258836,258836,1,0,0.2765,NA
blk3359,8,259847,259847,1,0,0.3041,NA
blk3360,8,260261,260261,1,0,0.3528,NA
blk3361,8,260554,260554,1,0,0.132,NA
blk3362,8,261107,261208,2,101,0.4509,NA
blk3363,8,261434,261434,1,0,0.1473,NA
blk3364,8,263027,263027,1,0,0.1249,NA
blk3365,8,264892,264892,1,0,0.0513,NA
blk3366,8,268210,268210,1,0,0.0555,NA
blk3367,8,268685,268685,1,0,0.3299,NA
blk3368,8,269058,269058,1,0,0.3166,NA
blk3369,8,269415,269415,1,0,0.051,NA
blk3370,8,270021,270021,1,0,0.1483,NA
blk3371,8,270379,270379,1,0,0.3305,NA
blk3372,8,270506,270562,2,56,0.3121,NA
blk3373,8,271621,271621,1,0,0.2577,NA
blk3374,8,273754,273754,1,0,0.2532,NA
blk3375,8,274266,274266,1,0,0.1579,NA
blk3376,8,274754,274754,1,0,0.0752,NA
blk3377,8,276722,276722,1,0,0.4101,NA
blk3378,8,278995,278995,1,0,0.1594,NA
blk3379,8,282491,282491,1,0,0.1167,NA
blk3380,8,282671,282671,1,0,0.3523,NA
blk3381,8,283976,283976,1,0,0.3535,NA
blk3382,8,284952,284952,1,0,0.1368,NA
blk3383,8,285607,285669,2,62,0.1445,NA
blk3384,8,285958,285958,1,0,0.2903,NA
blk3385,8,289060,289060,1,0,0.2804,NA
blk3386,8,289744,289744,1,0,0.4862,NA
blk3387,8,289935,289935,1,0,0.1931,NA
blk3388,8,290683,290683,1,0,0.1934,NA
blk3389,8,291930,291930,1,0,0.1999,NA
blk3390,8,292129,292129,1,0,0.3023,NA
blk3391,8,292696,292696,1,0,0.1149,NA
blk3392,8,296292,296292,1,0,0.4141,NA
blk3393,8,297730,297730,1,0,0.1424,NA
blk3394,8,299473,299473,1,0,0.09,NA
blk3395,8,299895,299895,1,0,0.3772,NA
blk3396,8,301978,302098,2,120,0.4502,NA
blk3397,8,302472,302472,1,0,0.4987,NA
blk3398,8,302659,302760,2,101,0.4406,NA
blk3399,8,302833,302833,1,0,0.0574,NA
blk3400,8,304256,304256,1,0,0.466,NA
blk3401,8,305257,305257,1,0,0.06,NA
blk3402,8,305903,305903,1,0,0.2827,NA
blk3403,8,306236,306236,1,0,0.4436,NA
blk3404,8,306537,306611,2,74,0.0614,NA
blk3405,8,306908,306908,1,0,0.0691,NA
blk3406,8,307399,307399,1,0,0.4451,NA
blk3407,8,308827,308827,1,0,0.3627,NA
blk3408,8,310736,310736,1,0,0.0636,NA
blk3409,8,311890,311890,1,0,0.1342,NA
blk3410,8,314186,314186,1,0,0.1241,NA
blk3411,8,314592,314592,1,0,0.3807,NA
blk3412,8,314769,314769,1,0,0.4893,NA
blk3413,8,315080,315080,1,0,0.1601,NA
blk3414,8,317548,317548,1,0,0.1687,NA
blk3415,8,317968,317968,1,0,0.2364,NA
blk3416,8,318408,318408,1,0,0.2541,NA
blk3417,8,318894,318894,1,0,0.447,NA
blk3418,8,320130,320130,1,0,0.1596,NA
blk3419,8,324461,324461,1,0,0.2104,NA
blk3420,8,325814,325814,1,0,0.2276,NA
blk3421,8,329009,329009,1,0,0.262,NA
blk3422,8,332268,332296,2,28,0.2092,NA
blk3423,8,332975,332975,1,0,0.308,NA
blk3424,8,335577,335619,2,42,0.213,NA
blk3425,8,336508,336508,1,0,0.3889,NA
blk3426,8,337277,337277,1,0,0.2118,NA
blk3427,8,337506,337506,1,0,0.1036,NA
blk3428,8,338020,338020,1,0,0.4392,NA
blk3429,8,339510,339510,1,0,0.1004,NA
blk3430,8,341257,341257,1,0,0.1929,NA
blk3431,8,342389,342389,1,0,0.3347,NA
blk3432,8,342999,342999,1,0,0.1455,NA
blk3433,8,352566,352566,1,0,0.3427,NA
blk3434,8,354045,354045,1,0,0.158,NA
blk3435,8,355928,355928,1,0,0.2504,NA
blk3436,8,357799,357799,1,0,0.1574,NA
blk3437,8,358263,358263,1,0,0.3215,NA
blk3438,8,359961,359961,1,0,0.4932,NA
blk3439,8,360981,360981,1,0,0.37,NA
blk3440,8,361680,361680,1,0,0.1631,NA
blk3441,8,365713,365713,1,0,0.4694,NA
blk3442,8,366186,366186,1,0,0.4218,NA
blk3443,8,367015,367015,1,0,0.1304,NA
blk3444,8,367853,367853,1,0,0.1002,NA
blk3445,8,370523,370523,1,0,0.4763,NA
blk3446,8,370936,370936,1,0,0.4104,NA
blk3447,8,372406,372406,1,0,0.1676,NA
blk3448,8,372533,372533,1,0,0.0578,NA
blk3449,8,373087,373087,1,0,0.3484,NA
blk3450,8,373427,373427,1,0,0.2773,NA
blk3451,8,374546,374605,2,59,0.3581,NA
blk3452,8,375947,375947,1,0,0.4698,NA
blk3453,8,377853,377853,1,0,0.1456,NA
blk3454,8,377991,377998,2,7,0.2243,NA
blk3455,8,381897,381969,2,72,0.198,NA
blk3456,8,384717,384717,1,0,0.3649,NA
blk3457,8,385321,385321,1,0,0.2709,NA
blk3458,8,386152,386152,1,0,0.1141,NA
blk3459,8,386521,386521,1,0,0.4154,NA
blk3460,8,386978,386978,1,0,0.2201,NA
blk3461,8,387697,387762,2,65,0.2173,NA
blk3462,8,390548,390548,1,0,0.3849,NA
blk3463,8,391161,391161,1,0,0.1456,NA
blk3464,8,391634,391634,1,0,0.2236,NA
blk3465,8,392022,392022,1,0,0.4492,NA
blk3466,8,392318,392318,1,0,0.2103,NA
blk3467,8,393100,393139,2,39,0.236,NA
blk3468,8,394802,394802,1,0,0.2293,NA
blk3469,8,396260,396281,2,21,0.4757,NA
blk3470,8,397570,397570,1,0,0.2321,NA
blk3471,8,398430,398430,1,0,0.1105,NA
blk3472,8,399304,399304,1,0,0.4364,NA
blk3473,8,399886,399886,1,0,0.3946,NA
blk3474,8,400562,400562,1,0,0.4139,NA
blk3475,8,403087,403087,1,0,0.4799,NA
blk3476,8,403414,403414,1,0,0.0583,NA
blk3477,8,403718,403718,1,0,0.4011,NA
blk3478,8,404031,404031,1,0,0.4411,NA
blk3479,8,404702,404702,1,0,0.2616,NA
blk3480,8,405054,405054,1,0,0.1999,NA
blk3481,8,406390,406444,2,54,0.1397,NA
blk3482,8,408346,408346,1,0,0.4194,NA
blk3483,8,408500,408500,1,0,0.1769,NA
blk3484,8,409501,409501,1,0,0.1579,NA
blk3485,8,410894,410894,1,0,0.079,NA
blk3486,8,411312,411312,1,0,0.3122,NA
blk3487,8,411803,411803,1,0,0.4619,NA
blk3488,8,414702,414702,1,0,0.0778,NA
blk3489,8,414881,414881,1,0,0.4882,NA
blk3490,8,416061,416061,1,0,0.3633,NA
blk3491,8,419105,419121,2,16,0.171,NA
blk3492,8,419662,419729,2,67,0.1512,NA
blk3493,8,421188,421188,1,0,0.2664,NA
blk3494,8,424277,424277,1,0,0.4449,NA
blk3495,8,424827,424827,1,0,0.2969,NA
blk3496,8,425729,425794,2,65,0.1192,NA
blk3497,8,426021,426021,1,0,0.3078,NA
blk3498,8,428251,428251,1,0,0.3664,NA
blk3499,8,431049,431049,1,0,0.1092,NA
blk3500,8,432224,432224,1,0,0.2692,NA
blk3501,8,432910,432910,1,0,0.1749,NA
blk3502,8,433748,433748,1,0,0.1816,NA
blk3503,8,436444,436444,1,0,0.4938,NA
blk3504,8,436932,436932,1,0,0.4401,NA
blk3505,8,437913,437987,2,74,0.2882,NA
blk3506,8,442223,442223,1,0,0.2369,NA
blk3507,8,443855,443855,1,0,0.3372,NA
blk3508,8,444436,444436,1,0,0.4768,NA
blk3509,8,445147,445147,1,0,0.4633,NA
blk3510,8,446560,446560,1,0,0.1354,NA
blk3511,8,448922,448922,1,0,0.1546,NA
blk3512,8,452380,452380,1,0,0.2109,NA
blk3513,8,454758,454821,2,63,0.4818,NA
blk3514,8,457025,457025,1,0,0.2289,NA
blk3515,8,457321,457321,1,0,0.3755,NA
blk3516,8,457737,457737,1,0,0.2723,NA
blk3517,8,458176,458176,1,0,0.382,NA
blk3518,8,459810,459810,1,0,0.3268,NA
blk3519,8,460212,460212,1,0,0.4139,NA
blk3520,8,460743,460743,1,0,0.2586,NA
blk3521,8,461019,461128,2,109,0.2492,NA
blk3522,8,461734,461734,1,0,0.3419,NA
blk3523,8,462848,462964,2,116,0.0584,NA
blk3524,8,463813,463813,1,0,0.4427,NA
blk3525,8,465823,465948,3,125,0.1041,NA
blk3526,8,466049,466049,1,0,0.0863,NA
blk3527,8,466329,466329,1,0,0.1835,NA
blk3528,8,466552,466564,2,12,0.45,NA
blk3529,8,466710,466710,1,0,0.4627,NA
blk3530,8,466864,466864,1,0,0.2359,NA
blk3531,8,468192,468192,1,0,0.4936,NA
blk3532,8,468450,468450,1,0,0.4124,NA
blk3533,8,469123,469123,1,0,0.4823,NA
blk3534,8,470507,470518,2,11,0.175,NA
blk3535,8,470918,470918,1,0,0.2346,NA
blk3536,8,471644,471644,1,0,0.1305,NA
blk3537,8,472830,472830,1,0,0.2785,NA
blk3538,8,474436,474436,1,0,0.4474,NA
blk3539,8,475575,475575,1,0,0.2025,NA
blk3540,8,477005,477005,1,0,0.4467,NA
blk3541,8,477437,477437,1,0,0.2655,NA
blk3542,8,478522,478522,1,0,0.2873,NA
blk3543,8,478919,478919,1,0,0.3354,NA
blk3544,8,479634,479634,1,0,0.1079,NA
blk3545,8,479877,479877,1,0,0.2212,NA
blk3546,8,480141,480141,1,0,0.1122,NA
blk3547,8,484770,484770,1,0,0.2328,NA
blk3548,8,485216,485216,1,0,0.1508,NA
blk3549,8,486082,486082,1,0,0.3258,NA
blk3550,8,488507,488507,1,0,0.2946,NA
blk3551,8,489980,489980,1,0,0.1037,NA
blk3552,8,490486,490486,1,0,0.2339,NA
blk3553,8,492209,492269,2,60,0.1767,NA
blk3554,8,492714,492714,1,0,0.3458,NA
blk3555,8,494120,494120,1,0,0.4768,NA
blk3556,8,494843,494843,1,0,0.4195,NA
blk3557,8,497697,497697,1,0,0.1389,NA
blk3558,8,498264,498264,1,0,0.2339,NA
blk3559,8,499565,499565,1,0,0.3385,NA
blk3560,9,1799,1799,1,0,0.3899,NA
blk3561,9,2214,2214,1,0,0.4627,NA
blk3562,9,3668,3668,1,0,0.3058,NA
blk3563,9,5220,5220,1,0,0.1227,NA
blk3564,9,6504,6527,2,23,0.2253,NA
blk3565,9,7062,7062,1,0,0.4692,NA
blk3566,9,9936,9936,1,0,0.3079,NA
blk3567,9,13194,13304,3,110,0.3669,NA
blk3568,9,13747,13747,1,0,0.4182,NA
blk3569,9,17522,17522,1,0,0.1152,NA
blk3570,9,18809,18809,1,0,0.0912,NA
blk3571,9,18988,18988,1,0,0.1952,NA
blk3572,9,19644,19644,1,0,0.4318,NA
blk3573,9,19779,19779,1,0,0.4678,NA
blk3574,9,20152,20205,2,53,0.1656,NA
blk3575,9,23213,23213,1,0,0.4143,NA
blk3576,9,25090,25090,1,0,0.3768,NA
blk3577,9,25754,25754,1,0,0.3544,NA
blk3578,9,28662,28662,1,0,0.2426,NA
blk3579,9,29383,29383,1,0,0.3806,NA
blk3580,9,32633,32633,1,0,0.1462,NA
blk3581,9,32996,32996,1,0,0.0691,NA
blk3582,9,33503,33503,1,0,0.4122,NA
blk3583,9,34234,34234,1,0,0.2174,NA
blk3584,9,36012,36012,1,0,0.311,NA
blk3585,9,38214,38214,1,0,0.0991,NA
blk3586,9,38373,38373,1,0,0.1892,NA
blk3587,9,38659,38659,1,0,0.163,NA
blk3588,9,40977,40977,1,0,0.2434,NA
blk3589,9,42962,43023,2,61,0.2167,NA
blk3590,9,43179,43283,3,104,0.1594,NA
blk3591,9,44376,44376,1,0,0.1937,NA
blk3592,9,45350,45350,1,0,0.4131,NA
blk3593,9,46021,46021,1,0,0.2878,NA
blk3594,9,47324,47324,1,0,0.0967,NA
blk3595,9,47455,47455,1,0,0.3828,NA
blk3596,9,50145,50145,1,0,0.0941,NA
blk3597,9,50411,50411,1,0,0.4659,NA
blk3598,9,51362,51362,1,0,0.4821,NA
blk3599,9,52829,52829,1,0,0.2973,NA
blk3600,9,53284,53284,1,0,0.1051,NA
blk3601,9,54006,54081,2,75,0.3016,NA
blk3602,9,55272,55272,1,0,0.0872,NA
blk3603,9,56342,56342,1,0,0.3631,NA
blk3604,9,56557,56557,1,0,0.2268,NA
blk3605,9,57304,57304,1,0,0.0787,NA
blk3606,9,60097,60097,1,0,0.1062,NA
blk3607,9,61130,61130,1,0,0.251,NA
blk3608,9,61462,61505,2,43,0.3886,NA
blk3609,9,62225,62225,1,0,0.437,NA
blk3610,9,62398,62398,1,0,0.1862,NA
blk3611,9,63128,63128,1,0,0.2105,NA
blk3612,9,63406,63428,2,22,0.45,NA
blk3613,9,65963,65963,1,0,0.1701,NA
blk3614,9,66114,66114,1,0,0.4893,NA
blk3615,9,66250,66250,1,0,0.2188,NA
blk3616,9,68159,68159,1,0,0.0709,NA
blk3617,9,68444,68444,1,0,0.2964,NA
blk3618,9,69224,69224,1,0,0.111,NA
blk3619,9,70880,70880,1,0,0.0542,NA
blk3620,9,71104,71104,1,0,0.4043,NA
blk3621,9,72490,72490,1,0,0.1968,NA
blk3622,9,73740,73740,1,0,0.2572,NA
blk3623,9,74143,74143,1,0,0.4185,NA
blk3624,9,74378,74378,1,0,0.2073,NA
blk3625,9,75288,75288,1,0,0.1514,NA
blk3626,9,76571,76571,1,0,0.2641,NA
blk3627,9,77910,77910,1,0,0.1221,NA
blk3628,9,78905,78905,1,0,0.226,NA
blk3629,9,79220,79220,1,0,0.493,NA
blk3630,9,81614,81614,1,0,0.3785,NA
blk3631,9,81746,81746,1,0,0.3284,NA
blk3632,9,82279,82369,2,90,0.2566,NA
blk3633,9,83661,83661,1,0,0.0665,NA
blk3634,9,84223,84223,1,0,0.4471,NA
blk3635,9,88009,88009,1,0,0.4104,NA
blk3636,9,88721,88721,1,0,0.3302,NA
blk3637,9,89141,89141,1,0,0.4238,NA
blk3638,9,90065,90065,1,0,0.441,NA
blk3639,9,93426,93426,1,0,0.494,NA
blk3640,9,93717,93717,1,0,0.0785,NA
blk3641,9,94744,94744,1,0,0.2963,NA
blk3642,9,95815,95815,1,0,0.1688,NA
blk3643,9,96100,96100,1,0,0.3451,NA
blk3644,9,96802,96802,1,0,0.3073,NA
blk3645,9,99967,99967,1,0,0.3207,NA
blk3646,9,100900,100900,1,0,0.3868,NA
blk3647,9,101908,101908,1,0,0.3193,NA
blk3648,9,103211,103211,1,0,0.1589,NA
blk3649,9,103585,103585,1,0,0.3414,NA
blk3650,9,106028,106073,2,45,0.1137,NA
blk3651,9,106863,106863,1,0,0.2949,NA
blk3652,9,110044,110044,1,0,0.234,NA
blk3653,9,110495,110495,1,0,0.4372,NA
blk3654,9,111670,111670,1,0,0.2934,NA
blk3655,9,112374,112374,1,0,0.3106,NA
blk3656,9,113559,113559,1,0,0.0803,NA
blk3657,9,113730,113730,1,0,0.0722,NA
blk3658,9,116722,116722,1,0,0.0855,NA
blk3659,9,117785,117785,1,0,0.2085,NA
blk3660,9,121597,121597,1,0,0.1136,NA
blk3661,9,122800,122800,1,0,0.3931,NA
blk3662,9,124798,124798,1,0,0.2449,NA
blk3663,9,125679,125679,1,0,0.2439,NA
blk3664,9,128600,128600,1,0,0.1052,NA
blk3665,9,130188,130188,1,0,0.1509,NA
blk3666,9,130973,130973,1,0,0.4716,NA
blk3667,9,132051,132051,1,0,0.3827,NA
blk3668,9,133597,133597,1,0,0.2293,NA
blk3669,9,134632,134632,1,0,0.1432,NA
blk3670,9,136594,136594,1,0,0.4596,NA
blk3671,9,137380,137423,2,43,0.1982,NA
blk3672,9,137940,137940,1,0,0.4353,NA
blk3673,9,138896,138896,1,0,0.2553,NA
blk3674,9,139374,139374,1,0,0.3947,NA
blk3675,9,140705,140705,1,0,0.287,NA
blk3676,9,143506,143506,1,0,0.2656,NA
blk3677,9,143841,143902,2,61,0.2764,NA
blk3678,9,144250,144250,1,0,0.1965,NA
blk3679,9,146110,146195,2,85,0.126,NA
blk3680,9,146936,146936,1,0,0.1287,NA
blk3681,9,147292,147292,1,0,0.1087,NA
blk3682,9,147665,147665,1,0,0.4006,NA
blk3683,9,149657,149657,1,0,0.4391,NA
blk3684,9,150683,150683,1,0,0.1813,NA
blk3685,9,150968,150968,1,0,0.3269,NA
blk3686,9,151808,151808,1,0,0.2327,NA
blk3687,9,153581,153581,1,0,0.138,NA
blk3688,9,154679,154748,3,69,0.0555,NA
blk3689,9,155109,155109,1,0,0.4639,NA
blk3690,9,157200,157200,1,0,0.3003,NA
blk3691,9,157660,157660,1,0,0.2974,NA
blk3692,9,157921,157937,2,16,0.3507,NA
blk3693,9,158459,158459,1,0,0.4611,NA
blk3694,9,159614,159675,2,61,0.2271,NA
blk3695,9,162200,162200,1,0,0.2048,NA
blk3696,9,163324,163441,2,117,0.1168,NA
blk3697,9,164275,164275,1,0,0.4512,NA
blk3698,9,165670,165717,2,47,0.4412,NA
blk3699,9,166194,166194,1,0,0.3783,NA
blk3700,9,166614,166614,1,0,0.4637,NA
blk3701,9,167924,167924,1,0,0.2497,NA
blk3702,9,171419,171419,1,0,0.2218,NA
blk3703,9,171552,171594,2,42,0.3261,NA
blk3704,9,172194,172194,1,0,0.3649,NA
blk3705,9,174333,174420,2,87,0.0585,NA
blk3706,9,174493,174493,1,0,0.3811,NA
blk3707,9,174975,174975,1,0,0.2606,NA
blk3708,9,176890,176933,2,43,0.2006,NA
blk3709,9,177667,177667,1,0,0.3523,NA
blk3710,9,178064,178064,1,0,0.1821,NA
blk3711,9,178779,178781,2,2,0.3324,NA
blk3712,9,179785,179785,1,0,0.1095,NA
blk3713,9,180277,180277,1,0,0.3967,NA
blk3714,9,181432,181432,1,0,0.4347,NA
blk3715,9,182224,182224,1,0,0.315,NA
blk3716,9,183648,183648,1,0,0.2952,NA
blk3717,9,186971,186971,1,0,0.4857,NA
blk3718,9,187448,187448,1,0,0.1707,NA
blk3719,9,187783,187783,1,0,0.1498,NA
blk3720,9,189161,189161,1,0,0.3557,NA
blk3721,9,189384,189384,1,0,0.1979,NA
blk3722,9,192468,192468,1,0,0.4989,NA
blk3723,9,192609,192609,1,0,0.108,NA
blk3724,9,193002,193002,1,0,0.4216,NA
blk3725,9,193321,193321,1,0,0.3125,NA
blk3726,9,195057,195145,2,88,0.1795,NA
blk3727,9,196662,196662,1,0,0.1817,NA
blk3728,9,198488,198488,1,0,0.3178,NA
blk3729,9,200242,200242,1,0,0.1825,NA
blk3730,9,200779,200779,1,0,0.4816,NA
blk3731,9,201196,201196,1,0,0.2806,NA
blk3732,9,203385,203385,1,0,0.365,NA
blk3733,9,206721,206721,1,0,0.3162,NA
blk3734,9,207201,207201,1,0,0.0881,NA
blk3735,9,208214,208282,2,68,0.2601,NA
blk3736,9,209338,209338,1,0,0.4308,NA
blk3737,9,209643,209643,1,0,0.2554,NA
blk3738,9,211190,211190,1,0,0.3865,NA
blk3739,9,211545,211545,1,0,0.184,NA
blk3740,9,212621,212621,1,0,0.1505,NA
blk3741,9,212975,212975,1,0,0.3204,NA
blk3742,9,214213,214325,2,112,0.4715,NA
blk3743,9,214656,214656,1,0,0.0718,NA
blk3744,9,215655,215728,2,73,0.0677,NA
blk3745,9,216544,216544,1,0,0.3537,NA
blk3746,9,216740,216740,1,0,0.3202,NA
blk3747,9,217095,217095,1,0,0.1569,NA
blk3748,9,217354,217354,1,0,0.2666,NA
blk3749,9,217873,217873,1,0,0.3145,NA
blk3750,9,220371,220371,1,0,0.2359,NA
blk3751,9,221118,221118,1,0,0.4962,NA
blk3752,9,222188,222188,1,0,0.447,NA
blk3753,9,222863,222863,1,0,0.1091,NA
blk3754,9,224241,224241,1,0,0.4546,NA
blk3755,9,225271,225271,1,0,0.3833,NA
blk3756,9,225410,225410,1,0,0.4041,NA
blk3757,9,227751,227751,1,0,0.2865,NA
blk3758,9,229279,229279,1,0,0.2027,NA
blk3759,9,229486,229527,3,41,0.236,NA
blk3760,9,234363,234363,1,0,0.4869,NA
blk3761,9,235210,235275,2,65,0.1325,NA
blk3762,9,235780,235780,1,0,0.1508,NA
blk3763,9,235983,235983,1,0,0.1636,NA
blk3764,9,236255,236255,1,0,0.4142,NA
blk3765,9,236817,236817,1,0,0.2227,NA
blk3766,9,237876,237876,1,0,0.3843,NA
blk3767,9,239124,239124,1,0,0.4998,NA
blk3768,9,239722,239722,1,0,0.1342,NA
blk3769,9,241159,241159,1,0,0.2876,NA
blk3770,9,242851,242851,1,0,0.2443,NA
blk3771,9,243929,243929,1,0,0.1153,NA
blk3772,9,244619,244619,1,0,0.1046,NA
blk3773,9,245141,245141,1,0,0.3998,NA
blk3774,9,245516,245516,1,0,0.2582,NA
blk3775,9,247011,247011,1,0,0.3019,NA
blk3776,9,247236,247236,1,0,0.1159,NA
blk3777,9,248363,248363,1,0,0.2691,NA
blk3778,9,249294,249294,1,0,0.3665,NA
blk3779,9,250307,250307,1,0,0.2228,NA
blk3780,9,251726,251726,1,0,0.2426,NA
blk3781,9,252295,252372,2,77,0.2758,NA
blk3782,9,252702,252702,1,0,0.4397,NA
blk3783,9,254364,254364,1,0,0.4429,NA
blk3784,9,256172,256172,1,0,0.4187,NA
blk3785,9,256713,256713,1,0,0.4756,NA
blk3786,9,259668,259668,1,0,0.2197,NA
blk3787,9,262140,262140,1,0,0.163,NA
blk3788,9,262326,262326,1,0,0.1811,NA
blk3789,9,264663,264663,1,0,0.0994,NA
blk3790,9,264922,264922,1,0,0.0581,NA
blk3791,9,265066,265066,1,0,0.4066,NA
blk3792,9,265423,265423,1,0,0.3487,NA
blk3793,9,267409,267409,1,0,0.4463,NA
blk3794,9,267671,267671,1,0,0.365,NA
blk3795,9,268108,268140,2,32,0.152,NA
blk3796,9,269402,269402,1,0,0.0853,NA
blk3797,9,269649,269649,1,0,0.3004,NA
blk3798,9,272890,272890,1,0,0.3052,NA
blk3799,9,273728,273728,1,0,0.4717,NA
blk3800,9,274229,274229,1,0,0.2134,NA
blk3801,9,274846,274963,2,117,0.3374,NA
blk3802,9,275931,275931,1,0,0.3885,NA
blk3803,9,277083,277083,1,0,0.092,NA
blk3804,9,277350,277350,1,0,0.3187,NA
blk3805,9,277673,277673,1,0,0.4798,NA
blk3806,9,282586,282586,1,0,0.0509,NA
blk3807,9,283627,283627,1,0,0.1345,NA
blk3808,9,284746,284746,1,0,0.1796,NA
blk3809,9,285085,285168,2,83,0.3658,NA
blk3810,9,285671,285708,2,37,0.4521,NA
blk3811,9,286169,286203,2,34,0.3741,NA
blk3812,9,287779,287779,1,0,0.4678,NA
blk3813,9,288141,288141,1,0,0.4964,NA
blk3814,9,288571,288571,1,0,0.219,NA
blk3815,9,289388,289505,2,117,0.1837,NA
blk3816,9,291227,291227,1,0,0.2906,NA
blk3817,9,291853,291853,1,0,0.2732,NA
blk3818,9,292439,292439,1,0,0.369,NA
blk3819,9,294323,294323,1,0,0.4654,NA
blk3820,9,294652,294652,1,0,0.4882,NA
blk3821,9,295066,295066,1,0,0.2762,NA
blk3822,9,295835,295835,1,0,0.1448,NA
blk3823,9,296306,296306,1,0,0.0602,NA
blk3824,9,297825,297825,1,0,0.1571,NA
blk3825,9,300048,300048,1,0,0.1274,NA
blk3826,9,300336,300413,2,77,0.186,NA
blk3827,9,301234,301234,1,0,0.2351,NA
blk3828,9,303547,303619,3,72,0.1388,NA
blk3829,9,303959,303959,1,0,0.251,NA
blk3830,9,304515,304515,1,0,0.4378,NA
blk3831,9,305088,305088,1,0,0.446,NA
blk3832,9,305442,305442,1,0,0.3214,NA
blk3833,9,307272,307272,1,0,0.4933,NA
blk3834,9,307569,307580,2,11,0.2061,NA
blk3835,9,307944,307944,1,0,0.475,NA
blk3836,9,308570,308570,1,0,0.4705,NA
blk3837,9,309567,309567,1,0,0.1415,NA
blk3838,9,310028,310028,1,0,0.4835,NA
blk3839,9,310321,310321,1,0,0.3763,NA
blk3840,9,312650,312763,4,113,0.0543,NA
blk3841,9,315776,315776,1,0,0.1563,NA
blk3842,9,315913,316015,2,102,0.1092,NA
blk3843,9,316860,316860,1,0,0.4856,NA
blk3844,9,318084,318124,2,40,0.2515,NA
blk3845,9,318387,318387,1,0,0.1893,NA
blk3846,9,318679,318780,2,101,0.2488,NA
blk3847,9,319459,319459,1,0,0.4065,NA
blk3848,9,321134,321134,1,0,0.2572,NA
blk3849,9,321757,321757,1,0,0.3371,NA
blk3850,9,324201,324201,1,0,0.1753,NA
blk3851,9,324793,324793,1,0,0.3271,NA
blk3852,9,328775,328775,1,0,0.1338,NA
blk3853,9,329138,329240,3,102,0.2755,NA
blk3854,9,336461,336461,1,0,0.2344,NA
blk3855,9,336696,336696,1,0,0.4472,NA
blk3856,9,337457,337457,1,0,0.2305,NA
blk3857,9,337601,337601,1,0,0.4003,NA
blk3858,9,340050,340050,1,0,0.1733,NA
blk3859,9,340476,340515,2,39,0.1915,NA
blk3860,9,343094,343192,2,98,0.2423,NA
blk3861,9,345244,345244,1,0,0.3971,NA
blk3862,9,345498,345498,1,0,0.2286,NA
blk3863,9,346315,346429,2,114,0.4399,NA
blk3864,9,348488,348488,1,0,0.0651,NA
blk3865,9,350090,350090,1,0,0.3327,NA
blk3866,9,352125,352125,1,0,0.2271,NA
blk3867,9,352454,352511,2,57,0.1316,NA
blk3868,9,352821,352821,1,0,0.1547,NA
blk3869,9,353138,353138,1,0,0.4984,NA
blk3870,9,353914,353914,1,0,0.4134,NA
blk3871,9,354881,354881,1,0,0.38,NA
blk3872,9,355074,355074,1,0,0.2858,NA
blk3873,9,355820,355820,1,0,0.1556,NA
blk3874,9,357940,357940,1,0,0.3378,NA
blk3875,9,358413,358413,1,0,0.4724,NA
blk3876,9,358648,358648,1,0,0.29,NA
blk3877,9,359506,359506,1,0,0.0525,NA
blk3878,9,361648,361648,1,0,0.2636,NA
blk3879,9,365952,365952,1,0,0.2425,NA
blk3880,9,367540,367627,2,87,0.1752,NA
blk3881,9,368093,368093,1,0,0.3789,NA
blk3882,9,368525,368525,1,0,0.2104,NA
blk3883,9,369464,369464,1,0,0.1815,NA
blk3884,9,370848,370848,1,0,0.4852,NA
blk3885,9,371341,371341,1,0,0.4477,NA
blk3886,9,371903,371903,1,0,0.2343,NA
blk3887,9,372230,372230,1,0,0.2214,NA
blk3888,9,372569,372658,2,89,0.2363,NA
blk3889,9,373383,373383,1,0,0.1845,NA
blk3890,9,373914,373914,1,0,0.3017,NA
blk3891,9,375140,375140,1,0,0.1847,NA
blk3892,9,375268,375268,1,0,0.2963,NA
blk3893,9,375842,375842,1,0,0.4186,NA
blk3894,9,376132,376132,1,0,0.4733,NA
blk3895,9,377416,377416,1,0,0.2801,NA
blk3896,9,378600,378600,1,0,0.0607,NA
blk3897,9,379781,379808,2,27,0.097,NA
blk3898,9,380813,380813,1,0,0.285,NA
blk3899,9,381582,381582,1,0,0.2447,NA
blk3900,9,382821,382821,1,0,0.2367,NA
blk3901,9,383069,383069,1,0,0.4993,NA
blk3902,9,383676,383676,1,0,0.234,NA
blk3903,9,388080,388080,1,0,0.1048,NA
blk3904,9,388733,388733,1,0,0.292,NA
blk3905,9,389582,389582,1,0,0.1008,NA
blk3906,9,391099,391099,1,0,0.1725,NA
blk3907,9,394130,394130,1,0,0.1377,NA
blk3908,9,395548,395548,1,0,0.2861,NA
blk3909,9,397436,397436,1,0,0.2986,NA
blk3910,9,397743,397743,1,0,0.4763,NA
blk3911,9,399697,399697,1,0,0.4992,NA
blk3912,9,401081,401081,1,0,0.4705,NA
blk3913,9,401218,401218,1,0,0.2555,NA
blk3914,9,401605,401605,1,0,0.2367,NA
blk3915,9,401837,401837,1,0,0.1479,NA
blk3916,9,405377,405491,2,114,0.3878,NA
blk3917,9,406304,406304,1,0,0.2452,NA
blk3918,9,408327,408327,1,0,0.3177,NA
blk3919,9,408863,408863,1,0,0.2947,NA
blk3920,9,409758,409758,1,0,0.1911,NA
blk3921,9,412137,412220,2,83,0.3589,NA
blk3922,9,413575,413575,1,0,0.3588,NA
blk3923,9,413720,413720,1,0,0.2694,NA
blk3924,9,414816,414816,1,0,0.1044,NA
blk3925,9,416328,416328,1,0,0.3617,NA
blk3926,9,417135,417135,1,0,0.1382,NA
blk3927,9,418460,418460,1,0,0.2974,NA
blk3928,9,420633,420633,1,0,0.45,NA
blk3929,9,421904,421904,1,0,0.4921,NA
blk3930,9,423379,423379,1,0,0.082,NA
blk3931,9,425853,425853,1,0,0.3539,NA
blk3932,9,426154,426154,1,0,0.1816,NA
blk3933,9,426716,426716,1,0,0.3664,NA
blk3934,9,427775,427775,1,0,0.2018,NA
blk3935,9,428780,428903,3,123,0.4125,NA
blk3936,9,429093,429093,1,0,0.4378,NA
blk3937,9,430382,430382,1,0,0.3869,NA
blk3938,9,430855,430855,1,0,0.1628,NA
blk3939,9,432329,432329,1,0,0.3882,NA
blk3940,9,432700,432700,1,0,0.3612,NA
blk3941,9,433203,433203,1,0,0.205,NA
blk3942,9,433703,433703,1,0,0.3981,NA
blk3943,9,436226,436226,1,0,0.3772,NA
blk3944,9,436888,436888,1,0,0.1449,NA
blk3945,9,442306,442385,2,79,0.4324,NA
blk3946,9,443756,443756,1,0,0.2302,NA
blk3947,9,445077,445077,1,0,0.2795,NA
blk3948,9,445537,445537,1,0,0.2285,NA
blk3949,9,446603,446603,1,0,0.2093,NA
blk3950,9,450804,450804,1,0,0.3361,NA
blk3951,9,451363,451363,1,0,0.0583,NA
blk3952,9,453476,453511,2,35,0.1591,NA
blk3953,9,454530,454530,1,0,0.1695,NA
blk3954,9,455166,455166,1,0,0.3177,NA
blk3955,9,457046,457046,1,0,0.1483,NA
blk3956,9,457178,457178,1,0,0.2404,NA
blk3957,9,460258,460258,1,0,0.189,NA
blk3958,9,460475,460475,1,0,0.2483,NA
blk3959,9,461841,461841,1,0,0.1608,NA
blk3960,9,463289,463289,1,0,0.3585,NA
blk3961,9,463760,463760,1,0,0.2346,NA
blk3962,9,464984,464984,1,0,0.257,NA
blk3963,9,466168,466168,1,0,0.3509,NA
blk3964,9,466365,466365,1,0,0.3872,NA
blk3965,9,466999,466999,1,0,0.1711,NA
blk3966,9,467616,467616,1,0,0.2195,NA
blk3967,9,467743,467743,1,0,0.364,NA
blk3968,9,469290,469290,1,0,0.2725,NA
blk3969,9,469570,469570,1,0,0.2758,NA
blk3970,9,470106,470106,1,0,0.2133,NA
blk3971,9,470379,470379,1,0,0.3243,NA
blk3972,9,471452,471452,1,0,0.204,NA
blk3973,9,471701,471701,1,0,0.126,NA
blk3974,9,473116,473116,1,0,0.1466,NA
blk3975,9,476221,476261,2,40,0.3744,NA
blk3976,9,476361,476361,1,0,0.4737,NA
blk3977,9,478222,478222,1,0,0.2584,NA
blk3978,9,479177,479177,1,0,0.1713,NA
blk3979,9,479650,479650,1,0,0.3538,NA
blk3980,9,480658,480658,1,0,0.0604,NA
blk3981,9,481638,481638,1,0,0.1267,NA
blk3982,9,482071,482146,2,75,0.3715,NA
blk3983,9,484786,484786,1,0,0.067,NA
blk3984,9,485702,485820,2,118,0.3246,NA
blk3985,9,488857,488857,1,0,0.4962,NA
blk3986,9,490043,490043,1,0,0.324,NA
blk3987,9,492203,492203,1,0,0.2693,NA
blk3988,9,496250,496250,1,0,0.3006,NA
blk3989,9,496558,496673,2,115,0.4723,NA
blk3990,9,497130,497130,1,0,0.3108,NA
blk3991,9,498444,498444,1,0,0.1705,NA
blk3992,10,3831,3831,1,0,0.2685,NA
blk3993,10,4082,4082,1,0,0.3042,NA
blk3994,10,4649,4649,1,0,0.2401,NA
blk3995,10,6431,6473,2,42,0.1003,NA
blk3996,10,6617,6617,1,0,0.2901,NA
blk3997,10,8098,8098,1,0,0.4766,NA
blk3998,10,8800,8800,1,0,0.2375,NA
blk3999,10,8995,8995,1,0,0.4111,NA
blk4000,10,9499,9499,1,0,0.1632,NA
blk4001,10,9928,9928,1,0,0.3599,NA
blk4002,10,10842,10861,2,19,0.2823,NA
blk4003,10,11532,11532,1,0,0.1978,NA
blk4004,10,11672,11672,1,0,0.4641,NA
blk4005,10,11915,11915,1,0,0.0677,NA
blk4006,10,14248,14248,1,0,0.2164,NA
blk4007,10,14755,14755,1,0,0.0911,NA
blk4008,10,14921,14921,1,0,0.4526,NA
blk4009,10,15616,15616,1,0,0.0709,NA
blk4010,10,19688,19688,1,0,0.41,NA
blk4011,10,21847,21847,1,0,0.2566,NA
blk4012,10,23595,23595,1,0,0.1468,NA
blk4013,10,23875,23875,1,0,0.2893,NA
blk4014,10,25720,25720,1,0,0.2857,NA
blk4015,10,26465,26465,1,0,0.191,NA
blk4016,10,27276,27276,1,0,0.3131,NA
blk4017,10,27586,27586,1,0,0.1645,NA
blk4018,10,29381,29381,1,0,0.4692,NA
blk4019,10,31096,31096,1,0,0.2059,NA
blk4020,10,32186,32186,1,0,0.3415,NA
blk4021,10,32613,32613,1,0,0.471,NA
blk4022,10,32787,32787,1,0,0.062,NA
blk4023,10,33172,33172,1,0,0.1188,NA
blk4024,10,33398,33398,1,0,0.4358,NA
blk4025,10,37658,37658,1,0,0.1517,NA
blk4026,10,39477,39551,2,74,0.1707,NA
blk4027,10,40758,40758,1,0,0.4562,NA
blk4028,10,43419,43419,1,0,0.3561,NA
blk4029,10,44045,44166,2,121,0.2428,NA
blk4030,10,48101,48101,1,0,0.1805,NA
blk4031,10,49031,49031,1,0,0.1289,NA
blk4032,10,50903,50903,1,0,0.138,NA
blk4033,10,51598,51598,1,0,0.222,NA
blk4034,10,52026,52026,1,0,0.3858,NA
blk4035,10,53690,53690,1,0,0.1059,NA
blk4036,10,54409,54409,1,0,0.0628,NA
blk4037,10,55050,55050,1,0,0.2545,NA
blk4038,10,56022,56022,1,0,0.3969,NA
blk4039,10,56550,56550,1,0,0.3975,NA
blk4040,10,56791,56791,1,0,0.134,NA
blk4041,10,58567,58567,1,0,0.126,NA
blk4042,10,59008,59034,2,26,0.3068,NA
blk4043,10,60236,60236,1,0,0.4976,NA
blk4044,10,60537,60537,1,0,0.4983,NA
blk4045,10,61520,61520,1,0,0.1023,NA
blk4046,10,62174,62202,2,28,0.1579,NA
blk4047,10,62769,62769,1,0,0.1102,NA
blk4048,10,62938,62938,1,0,0.295,NA
blk4049,10,67701,67701,1,0,0.3573,NA
blk4050,10,68881,68881,1,0,0.4779,NA
blk4051,10,69246,69246,1,0,0.1264,NA
blk4052,10,71319,71319,1,0,0.2851,NA
blk4053,10,71822,71822,1,0,0.0921,NA
blk4054,10,72303,72343,3,40,0.2821,NA
blk4055,10,72605,72605,1,0,0.19,NA
blk4056,10,73417,73417,1,0,0.2033,NA
blk4057,10,74142,74142,1,0,0.4637,NA
blk4058,10,74552,74552,1,0,0.1365,NA
blk4059,10,75572,75572,1,0,0.3185,NA
blk4060,10,76113,76113,1,0,0.1346,NA
blk4061,10,77084,77084,1,0,0.4766,NA
blk4062,10,77384,77384,1,0,0.1812,NA
blk4063,10,78000,78000,1,0,0.1847,NA
blk4064,10,78129,78129,1,0,0.4906,NA
blk4065,10,83466,83466,1,0,0.2261,NA
blk4066,10,83726,83726,1,0,0.4785,NA
blk4067,10,84677,84677,1,0,0.3503,NA
blk4068,10,85799,85799,1,0,0.3946,NA
blk4069,10,86229,86229,1,0,0.4202,NA
blk4070,10,87706,87706,1,0,0.3736,NA
blk4071,10,88616,88719,3,103,0.4959,NA
blk4072,10,88969,88969,1,0,0.4643,NA
blk4073,10,89675,89675,1,0,0.0875,NA
blk4074,10,89925,89925,1,0,0.4354,NA
blk4075,10,90268,90268,1,0,0.0529,NA
blk4076,10,92525,92525,1,0,0.0613,NA
blk4077,10,92891,92891,1,0,0.493,NA
blk4078,10,93482,93482,1,0,0.0765,NA
blk4079,10,95769,95769,1,0,0.0685,NA
blk4080,10,97073,97073,1,0,0.3396,NA
blk4081,10,98337,98337,1,0,0.1944,NA
blk4082,10,99170,99170,1,0,0.3633,NA
blk4083,10,99873,99873,1,0,0.0955,NA
blk4084,10,100964,100964,1,0,0.0808,NA
blk4085,10,101330,101330,1,0,0.0946,NA
blk4086,10,101954,101954,1,0,0.4957,NA
blk4087,10,102553,102553,1,0,0.2179,NA
blk4088,10,103610,103610,1,0,0.42,NA
blk4089,10,105553,105553,1,0,0.2804,NA
blk4090,10,106885,106885,1,0,0.1833,NA
blk4091,10,107482,107482,1,0,0.3744,NA
blk4092,10,109241,109241,1,0,0.4636,NA
blk4093,10,109622,109622,1,0,0.1114,NA
blk4094,10,109999,109999,1,0,0.468,NA
blk4095,10,112143,112143,1,0,0.1698,NA
blk4096,10,112753,112753,1,0,0.3472,NA
blk4097,10,112931,112931,1,0,0.2208,NA
blk4098,10,113148,113148,1,0,0.2205,NA
blk4099,10,113300,113305,2,5,0.2011,NA
blk4100,10,114261,114292,2,31,0.1701,NA
blk4101,10,114606,114642,2,36,0.4044,NA
blk4102,10,115067,115067,1,0,0.4994,NA
blk4103,10,116490,116490,1,0,0.2351,NA
blk4104,10,119636,119636,1,0,0.2246,NA
blk4105,10,122586,122586,1,0,0.1895,NA
blk4106,10,125254,125254,1,0,0.3952,NA
blk4107,10,125558,125558,1,0,0.2488,NA
blk4108,10,125693,125693,1,0,0.4954,NA
blk4109,10,126324,126324,1,0,0.2521,NA
blk4110,10,127224,127224,1,0,0.2551,NA
blk4111,10,127524,127524,1,0,0.2405,NA
blk4112,10,128657,128657,1,0,0.4661,NA
blk4113,10,129311,129311,1,0,0.0881,NA
blk4114,10,129706,129706,1,0,0.3998,NA
blk4115,10,129898,129898,1,0,0.361,NA
blk4116,10,131564,131564,1,0,0.0536,NA
blk4117,10,132103,132103,1,0,0.2865,NA
blk4118,10,132239,132239,1,0,0.4426,NA
blk4119,10,133299,133299,1,0,0.2678,NA
blk4120,10,135125,135125,1,0,0.2524,NA
blk4121,10,135752,135866,2,114,0.4733,NA
blk4122,10,135878,135878,1,0,0.0772,NA
blk4123,10,139326,139326,1,0,0.1479,NA
blk4124,10,139523,139523,1,0,0.0503,NA
blk4125,10,140276,140276,1,0,0.3912,NA
blk4126,10,141609,141609,1,0,0.4869,NA
blk4127,10,145804,145804,1,0,0.1251,NA
blk4128,10,146281,146281,1,0,0.2317,NA
blk4129,10,147108,147108,1,0,0.2567,NA
blk4130,10,148359,148359,1,0,0.4936,NA
blk4131,10,148676,148676,1,0,0.4341,NA
blk4132,10,150007,150068,2,61,0.4755,NA
blk4133,10,151240,151240,1,0,0.1177,NA
blk4134,10,151421,151421,1,0,0.0831,NA
blk4135,10,151724,151724,1,0,0.2993,NA
blk4136,10,152325,152325,1,0,0.1456,NA
blk4137,10,153025,153025,1,0,0.2541,NA
blk4138,10,154783,154783,1,0,0.4086,NA
blk4139,10,155364,155364,1,0,0.0636,NA
blk4140,10,155962,155962,1,0,0.3986,NA
blk4141,10,156595,156595,1,0,0.416,NA
blk4142,10,157730,157730,1,0,0.2578,NA
blk4143,10,159947,159998,2,51,0.2242,NA
blk4144,10,161239,161239,1,0,0.2149,NA
blk4145,10,163917,163917,1,0,0.4309,NA
blk4146,10,164802,164889,2,87,0.4163,NA
blk4147,10,167328,167328,1,0,0.1797,NA
blk4148,10,167953,167953,1,0,0.3643,NA
blk4149,10,168783,168783,1,0,0.3205,NA
blk4150,10,169058,169058,1,0,0.3233,NA
blk4151,10,169731,169731,1,0,0.341,NA
blk4152,10,170126,170126,1,0,0.4057,NA
blk4153,10,170284,170284,1,0,0.2254,NA
blk4154,10,170431,170431,1,0,0.4967,NA
blk4155,10,171234,171234,1,0,0.1354,NA
blk4156,10,171443,171452,2,9,0.397,NA
blk4157,10,174623,174649,2,26,0.1752,NA
blk4158,10,174813,174813,1,0,0.4294,NA
blk4159,10,175438,175438,1,0,0.179,NA
blk4160,10,176551,176551,1,0,0.4497,NA
blk4161,10,181462,181462,1,0,0.0577,NA
blk4162,10,181861,181861,1,0,0.2704,NA
blk4163,10,182477,182477,1,0,0.2616,NA
blk4164,10,182859,182859,1,0,0.232,NA
blk4165,10,183789,183789,1,0,0.1495,NA
blk4166,10,184644,184644,1,0,0.4832,NA
blk4167,10,185614,185614,1,0,0.1657,NA
blk4168,10,186286,186286,1,0,0.0549,NA
blk4169,10,186648,186648,1,0,0.15,NA
blk4170,10,188408,188408,1,0,0.3702,NA
blk4171,10,188885,188885,1,0,0.0814,NA
blk4172,10,189284,189284,1,0,0.3455,NA
blk4173,10,189554,189554,1,0,0.31,NA
blk4174,10,189963,190064,2,101,0.1574,NA
blk4175,10,190627,190734,2,107,0.2815,NA
blk4176,10,191123,191123,1,0,0.398,NA
blk4177,10,194016,194057,2,41,0.2888,NA
blk4178,10,194211,194211,1,0,0.2502,NA
blk4179,10,195243,195243,1,0,0.2888,NA
blk4180,10,195600,195600,1,0,0.0757,NA
blk4181,10,195943,195943,1,0,0.2349,NA
blk4182,10,197126,197126,1,0,0.3291,NA
blk4183,10,197391,197391,1,0,0.1881,NA
blk4184,10,197544,197544,1,0,0.0661,NA
blk4185,10,197934,197934,1,0,0.2679,NA
blk4186,10,199472,199472,1,0,0.1525,NA
blk4187,10,201194,201194,1,0,0.0563,NA
blk4188,10,201686,201686,1,0,0.1166,NA
blk4189,10,201845,201845,1,0,0.4543,NA
blk4190,10,202592,202705,2,113,0.4219,NA
blk4191,10,203444,203444,1,0,0.276,NA
blk4192,10,203981,203981,1,0,0.3649,NA
blk4193,10,205141,205141,1,0,0.4022,NA
blk4194,10,208046,208046,1,0,0.227,NA
blk4195,10,208613,208613,1,0,0.3803,NA
blk4196,10,208813,208813,1,0,0.3948,NA
blk4197,10,209861,209861,1,0,0.119,NA
blk4198,10,211250,211250,1,0,0.0504,NA
blk4199,10,214823,214823,1,0,0.254,NA
blk4200,10,215226,215226,1,0,0.0997,NA
blk4201,10,217446,217446,1,0,0.2004,NA
blk4202,10,218103,218103,1,0,0.253,NA
blk4203,10,218324,218396,2,72,0.3603,NA
blk4204,10,221155,221242,2,87,0.2337,NA
blk4205,10,221619,221619,1,0,0.3843,NA
blk4206,10,222167,222167,1,0,0.1054,NA
blk4207,10,223046,223046,1,0,0.2662,NA
blk4208,10,223502,223502,1,0,0.1873,NA
blk4209,10,229403,229403,1,0,0.1186,NA
blk4210,10,230786,230786,1,0,0.3124,NA
blk4211,10,231611,231611,1,0,0.1391,NA
blk4212,10,234323,234323,1,0,0.3311,NA
blk4213,10,234647,234654,2,7,0.1851,NA
blk4214,10,235118,235118,1,0,0.2308,NA
blk4215,10,238364,238364,1,0,0.4994,NA
blk4216,10,239091,239091,1,0,0.4652,NA
blk4217,10,240933,240933,1,0,0.1717,NA
blk4218,10,241161,241161,1,0,0.0762,NA
blk4219,10,242063,242063,1,0,0.4178,NA
blk4220,10,242261,242261,1,0,0.235,NA
blk4221,10,242921,242921,1,0,0.3572,NA
blk4222,10,243433,243433,1,0,0.1561,NA
blk4223,10,245195,245195,1,0,0.3705,NA
blk4224,10,245420,245420,1,0,0.2842,NA
blk4225,10,246119,246119,1,0,0.3526,NA
blk4226,10,246274,246274,1,0,0.13,NA
blk4227,10,246983,246983,1,0,0.2066,NA
blk4228,10,247270,247270,1,0,0.3723,NA
blk4229,10,248013,248084,2,71,0.1049,NA
blk4230,10,251502,251502,1,0,0.1985,NA
blk4231,10,252001,252001,1,0,0.3134,NA
blk4232,10,252934,252934,1,0,0.1446,NA
blk4233,10,253274,253274,1,0,0.25,NA
blk4234,10,254280,254280,1,0,0.2992,NA
blk4235,10,256437,256437,1,0,0.1952,NA
blk4236,10,256588,256588,1,0,0.3418,NA
blk4237,10,259818,259818,1,0,0.1305,NA
blk4238,10,261149,261195,2,46,0.3121,NA
blk4239,10,261495,261495,1,0,0.1454,NA
blk4240,10,263942,263942,1,0,0.1359,NA
blk4241,10,266205,266205,1,0,0.1641,NA
blk4242,10,267882,267882,1,0,0.1002,NA
blk4243,10,269325,269325,1,0,0.24,NA
blk4244,10,271388,271388,1,0,0.4515,NA
blk4245,10,271677,271677,1,0,0.4485,NA
blk4246,10,273944,273944,1,0,0.1467,NA
blk4247,10,274569,274569,1,0,0.3384,NA
blk4248,10,274900,274900,1,0,0.2061,NA
blk4249,10,275305,275305,1,0,0.0823,NA
blk4250,10,281645,281645,1,0,0.295,NA
blk4251,10,282782,282794,2,12,0.3389,NA
blk4252,10,283051,283051,1,0,0.4562,NA
blk4253,10,283588,283588,1,0,0.3277,NA
blk4254,10,283732,283732,1,0,0.0909,NA
blk4255,10,284504,284504,1,0,0.3453,NA
blk4256,10,285803,285803,1,0,0.4836,NA
blk4257,10,286772,286772,1,0,0.2816,NA
blk4258,10,287637,287637,1,0,0.3331,NA
blk4259,10,288423,288423,1,0,0.323,NA
blk4260,10,296540,296540,1,0,0.2256,NA
blk4261,10,296881,296881,1,0,0.0641,NA
blk4262,10,297731,297837,2,106,0.3891,NA
blk4263,10,298222,298222,1,0,0.0997,NA
blk4264,10,298881,298881,1,0,0.4144,NA
blk4265,10,301119,301119,1,0,0.2254,NA
blk4266,10,302692,302692,1,0,0.1724,NA
blk4267,10,303734,303734,1,0,0.0789,NA
blk4268,10,304170,304195,2,25,0.3892,NA
blk4269,10,304504,304504,1,0,0.0743,NA
blk4270,10,305505,305505,1,0,0.3079,NA
blk4271,10,307110,307110,1,0,0.1868,NA
blk4272,10,307357,307357,1,0,0.2993,NA
blk4273,10,307827,307827,1,0,0.0618,NA
blk4274,10,308778,308778,1,0,0.1542,NA
blk4275,10,309406,309406,1,0,0.1686,NA
blk4276,10,309627,309683,3,56,0.1822,NA
blk4277,10,310633,310633,1,0,0.4191,NA
blk4278,10,311363,311363,1,0,0.2247,NA
blk4279,10,313760,313760,1,0,0.3384,NA
blk4280,10,316263,316263,1,0,0.4224,NA
blk4281,10,316715,316715,1,0,0.3771,NA
blk4282,10,317725,317725,1,0,0.1302,NA
blk4283,10,318562,318562,1,0,0.1359,NA
blk4284,10,320297,320297,1,0,0.275,NA
blk4285,10,320542,320542,1,0,0.2425,NA
blk4286,10,320880,320966,2,86,0.3462,NA
blk4287,10,322219,322219,1,0,0.4589,NA
blk4288,10,323160,323160,1,0,0.2938,NA
blk4289,10,325684,325684,1,0,0.3466,NA
blk4290,10,326321,326321,1,0,0.0803,NA
blk4291,10,327425,327509,2,84,0.3391,NA
blk4292,10,328397,328397,1,0,0.3594,NA
blk4293,10,328675,328675,1,0,0.0701,NA
blk4294,10,332435,332435,1,0,0.2722,NA
blk4295,10,333377,333377,1,0,0.236,NA
blk4296,10,333511,333511,1,0,0.489,NA
blk4297,10,335630,335711,2,81,0.225,NA
blk4298,10,335887,335887,1,0,0.2153,NA
blk4299,10,338078,338078,1,0,0.3378,NA
blk4300,10,338496,338496,1,0,0.3752,NA
blk4301,10,342198,342246,2,48,0.1843,NA
blk4302,10,342433,342433,1,0,0.2455,NA
blk4303,10,342695,342695,1,0,0.2949,NA
blk4304,10,343447,343447,1,0,0.0945,NA
blk4305,10,346103,346103,1,0,0.4305,NA
blk4306,10,347747,347747,1,0,0.2514,NA
blk4307,10,351231,351231,1,0,0.2838,NA
blk4308,10,353607,353607,1,0,0.3146,NA
blk4309,10,355474,355564,2,90,0.2423,NA
blk4310,10,355889,355889,1,0,0.4701,NA
blk4311,10,356563,356563,1,0,0.4444,NA
blk4312,10,358151,358151,1,0,0.3732,NA
blk4313,10,359523,359523,1,0,0.3493,NA
blk4314,10,360575,360575,1,0,0.1828,NA
blk4315,10,360814,360814,1,0,0.3243,NA
blk4316,10,361267,361353,2,86,0.2553,NA
blk4317,10,365642,365642,1,0,0.2953,NA
blk4318,10,366965,366965,1,0,0.225,NA
blk4319,10,367761,367761,1,0,0.4116,NA
blk4320,10,369463,369464,2,1,0.3095,NA
blk4321,10,369739,369739,1,0,0.1791,NA
blk4322,10,371081,371081,1,0,0.132,NA
blk4323,10,371245,371245,1,0,0.4594,NA
blk4324,10,372179,372182,2,3,0.2409,NA
blk4325,10,372863,372863,1,0,0.4978,NA
blk4326,10,373253,373253,1,0,0.4779,NA
blk4327,10,374391,374516,2,125,0.1409,NA
blk4328,10,375061,375061,1,0,0.1686,NA
blk4329,10,376398,376398,1,0,0.0683,NA
blk4330,10,376817,376817,1,0,0.0746,NA
blk4331,10,378136,378136,1,0,0.1375,NA
blk4332,10,378959,378959,1,0,0.0714,NA
blk4333,10,382106,382106,1,0,0.2061,NA
blk4334,10,382520,382520,1,0,0.4932,NA
blk4335,10,384495,384495,1,0,0.4778,NA
blk4336,10,385214,385214,1,0,0.1877,NA
blk4337,10,386834,386901,2,67,0.2682,NA
blk4338,10,387227,387227,1,0,0.147,NA
blk4339,10,387424,387534,2,110,0.4994,NA
blk4340,10,387756,387756,1,0,0.3103,NA
blk4341,10,391505,391505,1,0,0.251,NA
blk4342,10,393108,393108,1,0,0.1248,NA
blk4343,10,395841,395841,1,0,0.0616,NA
blk4344,10,396290,396290,1,0,0.4328,NA
blk4345,10,396463,396463,1,0,0.2413,NA
blk4346,10,397781,397781,1,0,0.2314,NA
blk4347,10,399034,399034,1,0,0.3106,NA
blk4348,10,399441,399441,1,0,0.309,NA
blk4349,10,400189,400189,1,0,0.2837,NA
blk4350,10,400913,400913,1,0,0.287,NA
blk4351,10,401228,401228,1,0,0.1621,NA
blk4352,10,401572,401572,1,0,0.2606,NA
blk4353,10,402454,402533,2,79,0.4918,NA
blk4354,10,403258,403258,1,0,0.3206,NA
blk4355,10,404500,404500,1,0,0.4614,NA
blk4356,10,405512,405512,1,0,0.0878,NA
blk4357,10,409117,409117,1,0,0.4094,NA
blk4358,10,409613,409613,1,0,0.3977,NA
blk4359,10,409756,409756,1,0,0.2884,NA
blk4360,10,411698,411698,1,0,0.0664,NA
blk4361,10,412645,412645,1,0,0.1924,NA
blk4362,10,413566,413566,1,0,0.4539,NA
blk4363,10,413730,413730,1,0,0.1934,NA
blk4364,10,414964,414964,1,0,0.2574,NA
blk4365,10,415323,415323,1,0,0.2195,NA
blk4366,10,417250,417250,1,0,0.282,NA
blk4367,10,422332,422332,1,0,0.3564,NA
blk4368,10,423689,423689,1,0,0.2641,NA
blk4369,10,424147,424254,2,107,0.3916,NA
blk4370,10,424275,424275,1,0,0.4963,NA
blk4371,10,425047,425047,1,0,0.2077,NA
blk4372,10,426705,426705,1,0,0.4384,NA
blk4373,10,427295,427295,1,0,0.209,NA
blk4374,10,427876,427876,1,0,0.3474,NA
blk4375,10,429045,429045,1,0,0.1692,NA
blk4376,10,430076,430076,1,0,0.454,NA
blk4377,10,433420,433420,1,0,0.4974,NA
blk4378,10,434008,434008,1,0,0.3146,NA
blk4379,10,434382,434382,1,0,0.1049,NA
blk4380,10,435770,435770,1,0,0.0543,NA
blk4381,10,436215,436337,2,122,0.4418,NA
blk4382,10,436523,436523,1,0,0.3416,NA
blk4383,10,438419,438419,1,0,0.1878,NA
blk4384,10,441120,441120,1,0,0.4051,NA
blk4385,10,443333,443333,1,0,0.3836,NA
blk4386,10,443786,443786,1,0,0.1356,NA
blk4387,10,444223,444223,1,0,0.4297,NA
blk4388,10,444463,444463,1,0,0.058,NA
blk4389,10,444695,444695,1,0,0.2035,NA
blk4390,10,444924,444924,1,0,0.2994,NA
blk4391,10,445837,445837,1,0,0.2068,NA
blk4392,10,446604,446604,1,0,0.345,NA
blk4393,10,447470,447470,1,0,0.3368,NA
blk4394,10,449113,449228,2,115,0.4119,NA
blk4395,10,449770,449770,1,0,0.1794,NA
blk4396,10,453513,453513,1,0,0.3007,NA
blk4397,10,454430,454430,1,0,0.1002,NA
blk4398,10,458139,458139,1,0,0.1892,NA
blk4399,10,458346,458346,1,0,0.3069,NA
blk4400,10,458512,458512,1,0,0.1576,NA
blk4401,10,459541,459541,1,0,0.4154,NA
blk4402,10,461210,461210,1,0,0.2095,NA
blk4403,10,461427,461427,1,0,0.2889,NA
blk4404,10,462353,462353,1,0,0.2186,NA
blk4405,10,463889,463889,1,0,0.3137,NA
blk4406,10,464109,464215,2,106,0.3903,NA
blk4407,10,464528,464528,1,0,0.1705,NA
blk4408,10,465605,465605,1,0,0.1996,NA
blk4409,10,466060,466060,1,0,0.4291,NA
blk4410,10,466519,466519,1,0,0.1839,NA
blk4411,10,469894,469894,1,0,0.1694,NA
blk4412,10,470589,470589,1,0,0.1152,NA
blk4413,10,472624,472624,1,0,0.4227,NA
blk4414,10,473184,473190,2,6,0.3182,NA
blk4415,10,474987,474987,1,0,0.3485,NA
blk4416,10,475950,475950,1,0,0.3022,NA
blk4417,10,476095,476095,1,0,0.2396,NA
blk4418,10,476979,476979,1,0,0.265,NA
blk4419,10,477160,477160,1,0,0.3191,NA
blk4420,10,478098,478098,1,0,0.1544,NA
blk4421,10,479613,479613,1,0,0.3417,NA
blk4422,10,480123,480123,1,0,0.4055,NA
blk4423,10,481176,481176,1,0,0.4563,NA
blk4424,10,483066,483066,1,0,0.4786,NA
blk4425,10,483865,483865,1,0,0.0918,NA
blk4426,10,484414,484414,1,0,0.2003,NA
blk4427,10,484628,484628,1,0,0.1571,NA
blk4428,10,485094,485094,1,0,0.0995,NA
blk4429,10,486088,486167,3,79,0.2861,NA
blk4430,10,486308,486308,1,0,0.4945,NA
blk4431,10,487186,487186,1,0,0.252,NA
blk4432,10,487960,487960,1,0,0.4176,NA
blk4433,10,488710,488710,1,0,0.2954,NA
blk4434,10,491424,491424,1,0,0.2377,NA
blk4435,10,491564,491564,1,0,0.4055,NA
blk4436,10,493585,493585,1,0,0.3625,NA
blk4437,10,494307,494307,1,0,0.2244,NA
blk4438,10,496878,496878,1,0,0.1336,NA
blk4439,10,497181,497181,1,0,0.3254,NA
