block_id,chr,snp_index,snp_id,position
blk1,1,0,ssa01_1026_A_T,1026
blk1,1,1,ssa01_1093_G_C,1093
blk1,1,2,ssa01_1102_T_A,1102
blk2,1,3,ssa01_1235_C_G,1235
blk3,1,4,ssa01_2906_A_T,2906
blk3,1,5,ssa01_2944_G_C,2944
blk4,1,6,ssa01_3131_T_A,3131
blk5,1,7,ssa01_3583_C_G,3583
blk6,1,8,ssa01_5615_A_T,5615
blk7,1,9,ssa01_6260_G_C,6260
blk8,1,10,ssa01_6629_T_A,6629
blk9,1,11,ssa01_7399_C_G,7399
blk10,1,12,ssa01_8360_A_T,8360
blk11,1,13,ssa01_9080_G_C,9080
blk12,1,14,ssa01_9323_T_A,9323
blk13,1,15,ssa01_9945_C_G,9945
blk13,1,16,ssa01_10022_A_T,10022
blk14,1,17,ssa01_10360_G_C,10360
blk15,1,18,ssa01_12248_T_A,12248
blk16,1,19,ssa01_13349_C_G,13349
blk16,1,20,ssa01_13369_A_T,13369
blk17,1,21,ssa01_14479_G_C,14479
blk18,1,22,ssa01_14609_T_A,14609
blk19,1,23,ssa01_14971_C_G,14971
blk20,1,24,ssa01_17100_A_T,17100
blk21,1,25,ssa01_19103_G_C,19103
blk22,1,26,ssa01_19869_T_A,19869
blk23,1,27,ssa01_20997_C_G,20997
blk23,1,28,ssa01_21114_A_T,21114
blk23,1,29,ssa01_21117_G_C,21117
blk24,1,30,ssa01_22856_T_A,22856
blk24,1,31,ssa01_22928_C_G,22928
blk25,1,32,ssa01_23619_A_T,23619
blk26,1,33,ssa01_24578_G_C,24578
blk27,1,34,ssa01_26489_T_A,26489
blk28,1,35,ssa01_26850_C_G,26850
blk29,1,36,ssa01_30019_A_T,30019
blk29,1,37,ssa01_30135_G_C,30135
blk30,1,38,ssa01_31062_T_A,31062
blk31,1,39,ssa01_31517_C_G,31517
blk32,1,40,ssa01_35302_A_T,35302
blk32,1,41,ssa01_35392_G_C,35392
blk33,1,42,ssa01_37077_T_A,37077
blk34,1,43,ssa01_37794_C_G,37794
blk35,1,44,ssa01_38770_A_T,38770
blk36,1,45,ssa01_41327_G_C,41327
blk37,1,46,ssa01_43762_T_A,43762
blk38,1,47,ssa01_45528_C_G,45528
blk39,1,48,ssa01_47207_A_T,47207
blk39,1,49,ssa01_47293_G_C,47293
blk40,1,50,ssa01_48480_T_A,48480
blk41,1,51,ssa01_49337_C_G,49337
blk42,1,52,ssa01_51844_A_T,51844
blk43,1,53,ssa01_53586_G_C,53586
blk44,1,54,ssa01_53813_T_A,53813
blk45,1,55,ssa01_54423_C_G,54423
blk46,1,56,ssa01_54558_A_T,54558
blk47,1,57,ssa01_55012_G_C,55012
blk48,1,58,ssa01_55424_T_A,55424
blk49,1,59,ssa01_56181_C_G,56181
blk50,1,60,ssa01_57255_A_T,57255
blk50,1,61,ssa01_57313_G_C,57313
blk51,1,62,ssa01_58044_T_A,58044
blk52,1,63,ssa01_59551_C_G,59551
blk53,1,64,ssa01_61261_A_T,61261
blk54,1,65,ssa01_61988_G_C,61988
blk55,1,66,ssa01_62162_T_A,62162
blk55,1,67,ssa01_62285_C_G,62285
blk56,1,68,ssa01_62412_A_T,62412
blk57,1,69,ssa01_62604_G_C,62604
blk57,1,70,ssa01_62640_T_A,62640
blk58,1,71,ssa01_62900_C_G,62900
blk58,1,72,ssa01_62961_A_T,62961
blk58,1,73,ssa01_62979_G_C,62979
blk59,1,74,ssa01_63040_T_A,63040
blk60,1,75,ssa01_63385_C_G,63385
blk61,1,76,ssa01_63580_A_T,63580
blk62,1,77,ssa01_64002_G_C,64002
blk62,1,78,ssa01_64083_T_A,64083
blk63,1,79,ssa01_67282_C_G,67282
blk64,1,80,ssa01_67686_A_T,67686
blk65,1,81,ssa01_68686_G_C,68686
blk66,1,82,ssa01_68955_T_A,68955
blk67,1,83,ssa01_70648_C_G,70648
blk68,1,84,ssa01_70835_A_T,70835
blk69,1,85,ssa01_72766_G_C,72766
blk70,1,86,ssa01_73104_T_A,73104
blk71,1,87,ssa01_74126_C_G,74126
blk72,1,88,ssa01_75288_A_T,75288
blk72,1,89,ssa01_75361_G_C,75361
blk72,1,90,ssa01_75398_T_A,75398
blk73,1,91,ssa01_75742_C_G,75742
blk74,1,92,ssa01_76239_A_T,76239
blk75,1,93,ssa01_77043_G_C,77043
blk76,1,94,ssa01_77708_T_A,77708
blk76,1,95,ssa01_77742_C_G,77742
blk77,1,96,ssa01_78466_A_T,78466
blk78,1,97,ssa01_79061_G_C,79061
blk79,1,98,ssa01_79512_T_A,79512
blk80,1,99,ssa01_80767_C_G,80767
blk81,1,100,ssa01_81411_A_T,81411
blk82,1,101,ssa01_83029_G_C,83029
blk83,1,102,ssa01_83555_T_A,83555
blk84,1,103,ssa01_83992_C_G,83992
blk85,1,104,ssa01_84894_A_T,84894
blk86,1,105,ssa01_85393_G_C,85393
blk87,1,106,ssa01_86126_T_A,86126
blk88,1,107,ssa01_86550_C_G,86550
blk89,1,108,ssa01_87307_A_T,87307
blk90,1,109,ssa01_87496_G_C,87496
blk91,1,110,ssa01_87775_T_A,87775
blk92,1,111,ssa01_89395_C_G,89395
blk93,1,112,ssa01_89746_A_T,89746
blk94,1,113,ssa01_90244_G_C,90244
blk95,1,114,ssa01_90844_T_A,90844
blk96,1,115,ssa01_92544_C_G,92544
blk97,1,116,ssa01_92702_A_T,92702
blk98,1,117,ssa01_93302_G_C,93302
blk98,1,118,ssa01_93425_T_A,93425
blk99,1,119,ssa01_94151_C_G,94151
blk100,1,120,ssa01_95885_A_T,95885
blk101,1,121,ssa01_96036_G_C,96036
blk102,1,122,ssa01_97343_T_A,97343
blk102,1,123,ssa01_97370_C_G,97370
blk103,1,124,ssa01_97630_A_T,97630
blk103,1,125,ssa01_97712_G_C,97712
blk104,1,126,ssa01_97758_T_A,97758
blk105,1,127,ssa01_98017_C_G,98017
blk105,1,128,ssa01_98046_A_T,98046
blk106,1,129,ssa01_98402_G_C,98402
blk107,1,130,ssa01_99545_T_A,99545
blk107,1,131,ssa01_99634_C_G,99634
blk108,1,132,ssa01_100555_A_T,100555
blk109,1,133,ssa01_101753_G_C,101753
blk110,1,134,ssa01_101883_T_A,101883
blk111,1,135,ssa01_102286_C_G,102286
blk112,1,136,ssa01_103257_A_T,103257
blk113,1,137,ssa01_103661_G_C,103661
blk114,1,138,ssa01_104353_T_A,104353
blk115,1,139,ssa01_104535_C_G,104535
blk115,1,140,ssa01_104648_A_T,104648
blk116,1,141,ssa01_106237_G_C,106237
blk117,1,142,ssa01_107092_T_A,107092
blk118,1,143,ssa01_108087_C_G,108087
blk118,1,144,ssa01_108187_A_T,108187
blk119,1,145,ssa01_108478_G_C,108478
blk120,1,146,ssa01_108848_T_A,108848
blk121,1,147,ssa01_109126_C_G,109126
blk122,1,148,ssa01_110580_A_T,110580
blk122,1,149,ssa01_110670_G_C,110670
blk123,1,150,ssa01_113370_T_A,113370
blk124,1,151,ssa01_113679_C_G,113679
blk124,1,152,ssa01_113715_A_T,113715
blk125,1,153,ssa01_114463_G_C,114463
blk126,1,154,ssa01_117709_T_A,117709
blk127,1,155,ssa01_118039_C_G,118039
blk128,1,156,ssa01_118599_A_T,118599
blk129,1,157,ssa01_119470_G_C,119470
blk130,1,158,ssa01_119693_T_A,119693
blk131,1,159,ssa01_120008_C_G,120008
blk132,1,160,ssa01_120534_A_T,120534
blk133,1,161,ssa01_121504_G_C,121504
blk134,1,162,ssa01_124368_T_A,124368
blk135,1,163,ssa01_126177_C_G,126177
blk136,1,164,ssa01_126870_A_T,126870
blk137,1,165,ssa01_127165_G_C,127165
blk138,1,166,ssa01_128464_T_A,128464
blk139,1,167,ssa01_128908_C_G,128908
blk140,1,168,ssa01_130717_A_T,130717
blk141,1,169,ssa01_131809_G_C,131809
blk142,1,170,ssa01_132227_T_A,132227
blk143,1,171,ssa01_132558_C_G,132558
blk143,1,172,ssa01_132660_A_T,132660
blk144,1,173,ssa01_134062_G_C,134062
blk145,1,174,ssa01_135940_T_A,135940
blk146,1,175,ssa01_136131_C_G,136131
blk147,1,176,ssa01_136678_A_T,136678
blk148,1,177,ssa01_137713_G_C,137713
blk149,1,178,ssa01_138474_T_A,138474
blk150,1,179,ssa01_141677_C_G,141677
blk151,1,180,ssa01_141841_A_T,141841
blk152,1,181,ssa01_142493_G_C,142493
blk153,1,182,ssa01_143295_T_A,143295
blk154,1,183,ssa01_143680_C_G,143680
blk155,1,184,ssa01_145925_A_T,145925
blk156,1,185,ssa01_146785_G_C,146785
blk157,1,186,ssa01_148095_T_A,148095
blk158,1,187,ssa01_152074_C_G,152074
blk159,1,188,ssa01_153176_A_T,153176
blk160,1,189,ssa01_153535_G_C,153535
blk161,1,190,ssa01_155380_T_A,155380
blk162,1,191,ssa01_157878_C_G,157878
blk163,1,192,ssa01_158983_A_T,158983
blk164,1,193,ssa01_159138_G_C,159138
blk165,1,194,ssa01_159823_T_A,159823
blk166,1,195,ssa01_160630_C_G,160630
blk167,1,196,ssa01_160884_A_T,160884
blk168,1,197,ssa01_161060_G_C,161060
blk169,1,198,ssa01_161955_T_A,161955
blk170,1,199,ssa01_163569_C_G,163569
blk171,1,200,ssa01_163720_A_T,163720
blk172,1,201,ssa01_164233_G_C,164233
blk173,1,202,ssa01_165771_T_A,165771
blk174,1,203,ssa01_167561_C_G,167561
blk175,1,204,ssa01_169230_A_T,169230
blk176,1,205,ssa01_169687_G_C,169687
blk177,1,206,ssa01_170481_T_A,170481
blk178,1,207,ssa01_172495_C_G,172495
blk179,1,208,ssa01_172666_A_T,172666
blk180,1,209,ssa01_176424_G_C,176424
blk181,1,210,ssa01_177314_T_A,177314
blk182,1,211,ssa01_179070_C_G,179070
blk183,1,212,ssa01_179381_A_T,179381
blk184,1,213,ssa01_180025_G_C,180025
blk185,1,214,ssa01_181571_T_A,181571
blk186,1,215,ssa01_181830_C_G,181830
blk187,1,216,ssa01_182182_A_T,182182
blk188,1,217,ssa01_183981_G_C,183981
blk189,1,218,ssa01_186657_T_A,186657
blk189,1,219,ssa01_186708_C_G,186708
blk190,1,220,ssa01_186801_A_T,186801
blk191,1,221,ssa01_188565_G_C,188565
blk192,1,222,ssa01_189083_T_A,189083
blk193,1,223,ssa01_189553_C_G,189553
blk194,1,224,ssa01_191069_A_T,191069
blk195,1,225,ssa01_191450_G_C,191450
blk195,1,226,ssa01_191509_T_A,191509
blk196,1,227,ssa01_192490_C_G,192490
blk197,1,228,ssa01_193504_A_T,193504
blk198,1,229,ssa01_194344_G_C,194344
blk199,1,230,ssa01_195172_T_A,195172
blk200,1,231,ssa01_196291_C_G,196291
blk201,1,232,ssa01_198329_A_T,198329
blk202,1,233,ssa01_200678_G_C,200678
blk203,1,234,ssa01_202385_T_A,202385
blk204,1,235,ssa01_203351_C_G,203351
blk205,1,236,ssa01_203491_A_T,203491
blk205,1,237,ssa01_203504_G_C,203504
blk206,1,238,ssa01_203651_T_A,203651
blk207,1,239,ssa01_205321_C_G,205321
blk208,1,240,ssa01_206272_A_T,206272
blk209,1,241,ssa01_206504_G_C,206504
blk209,1,242,ssa01_206620_T_A,206620
blk210,1,243,ssa01_207410_C_G,207410
blk211,1,244,ssa01_207624_A_T,207624
blk212,1,245,ssa01_207956_G_C,207956
blk213,1,246,ssa01_208351_T_A,208351
blk213,1,247,ssa01_208397_C_G,208397
blk214,1,248,ssa01_209579_A_T,209579
blk215,1,249,ssa01_209761_G_C,209761
blk216,1,250,ssa01_211256_T_A,211256
blk217,1,251,ssa01_214972_C_G,214972
blk218,1,252,ssa01_215572_A_T,215572
blk219,1,253,ssa01_216758_G_C,216758
blk220,1,254,ssa01_218067_T_A,218067
blk221,1,255,ssa01_219884_C_G,219884
blk222,1,256,ssa01_220332_A_T,220332
blk223,1,257,ssa01_220663_G_C,220663
blk223,1,258,ssa01_220765_T_A,220765
blk224,1,259,ssa01_222107_C_G,222107
blk225,1,260,ssa01_222346_A_T,222346
blk226,1,261,ssa01_222851_G_C,222851
blk226,1,262,ssa01_222898_T_A,222898
blk227,1,263,ssa01_223492_C_G,223492
blk228,1,264,ssa01_224070_A_T,224070
blk229,1,265,ssa01_224890_G_C,224890
blk230,1,266,ssa01_226232_T_A,226232
blk231,1,267,ssa01_227278_C_G,227278
blk232,1,268,ssa01_228930_A_T,228930
blk233,1,269,ssa01_229195_G_C,229195
blk234,1,270,ssa01_231285_T_A,231285
blk235,1,271,ssa01_232416_C_G,232416
blk236,1,272,ssa01_234998_A_T,234998
blk236,1,273,ssa01_235086_G_C,235086
blk237,1,274,ssa01_235280_T_A,235280
blk238,1,275,ssa01_235517_C_G,235517
blk239,1,276,ssa01_239041_A_T,239041
blk240,1,277,ssa01_239549_G_C,239549
blk241,1,278,ssa01_240817_T_A,240817
blk242,1,279,ssa01_241854_C_G,241854
blk243,1,280,ssa01_242511_A_T,242511
blk244,1,281,ssa01_245066_G_C,245066
blk245,1,282,ssa01_248258_T_A,248258
blk246,1,283,ssa01_249033_C_G,249033
blk247,1,284,ssa01_249590_A_T,249590
blk248,1,285,ssa01_250761_G_C,250761
blk248,1,286,ssa01_250791_T_A,250791
blk249,1,287,ssa01_251882_C_G,251882
blk250,1,288,ssa01_252092_A_T,252092
blk251,1,289,ssa01_252448_G_C,252448
blk252,1,290,ssa01_253600_T_A,253600
blk252,1,291,ssa01_253650_C_G,253650
blk253,1,292,ssa01_256660_A_T,256660
blk254,1,293,ssa01_258964_G_C,258964
blk255,1,294,ssa01_260764_T_A,260764
blk256,1,295,ssa01_261958_C_G,261958
blk257,1,296,ssa01_263159_A_T,263159
blk258,1,297,ssa01_263900_G_C,263900
blk259,1,298,ssa01_267079_T_A,267079
blk260,1,299,ssa01_267886_C_G,267886
blk261,1,300,ssa01_268641_A_T,268641
blk262,1,301,ssa01_269102_G_C,269102
blk263,1,302,ssa01_269229_T_A,269229
blk264,1,303,ssa01_269543_C_G,269543
blk265,1,304,ssa01_270253_A_T,270253
blk266,1,305,ssa01_271398_G_C,271398
blk267,1,306,ssa01_274386_T_A,274386
blk268,1,307,ssa01_276456_C_G,276456
blk269,1,308,ssa01_278161_A_T,278161
blk269,1,309,ssa01_278185_G_C,278185
blk270,1,310,ssa01_279007_T_A,279007
blk271,1,311,ssa01_280610_C_G,280610
blk272,1,312,ssa01_281301_A_T,281301
blk273,1,313,ssa01_281481_G_C,281481
blk274,1,314,ssa01_281973_T_A,281973
blk275,1,315,ssa01_282683_C_G,282683
blk276,1,316,ssa01_284366_A_T,284366
blk277,1,317,ssa01_285313_G_C,285313
blk278,1,318,ssa01_285494_T_A,285494
blk279,1,319,ssa01_287254_C_G,287254
blk280,1,320,ssa01_287752_A_T,287752
blk281,1,321,ssa01_288470_G_C,288470
blk282,1,322,ssa01_288999_T_A,288999
blk283,1,323,ssa01_291092_C_G,291092
blk284,1,324,ssa01_293529_A_T,293529
blk285,1,325,ssa01_296899_G_C,296899
blk286,1,326,ssa01_297162_T_A,297162
blk287,1,327,ssa01_297926_C_G,297926
blk288,1,328,ssa01_298357_A_T,298357
blk289,1,329,ssa01_300083_G_C,300083
blk290,1,330,ssa01_301323_T_A,301323
blk291,1,331,ssa01_302693_C_G,302693
blk292,1,332,ssa01_303707_A_T,303707
blk293,1,333,ssa01_308626_G_C,308626
blk294,1,334,ssa01_311249_T_A,311249
blk295,1,335,ssa01_313352_C_G,313352
blk296,1,336,ssa01_314123_A_T,314123
blk297,1,337,ssa01_314612_G_C,314612
blk298,1,338,ssa01_315199_T_A,315199
blk299,1,339,ssa01_317469_C_G,317469
blk300,1,340,ssa01_317932_A_T,317932
blk301,1,341,ssa01_321649_G_C,321649
blk302,1,342,ssa01_322502_T_A,322502
blk303,1,343,ssa01_322819_C_G,322819
blk304,1,344,ssa01_323078_A_T,323078
blk305,1,345,ssa01_323469_G_C,323469
blk306,1,346,ssa01_324291_T_A,324291
blk307,1,347,ssa01_325743_C_G,325743
blk308,1,348,ssa01_326154_A_T,326154
blk308,1,349,ssa01_326229_G_C,326229
blk309,1,350,ssa01_326483_T_A,326483
blk310,1,351,ssa01_327553_C_G,327553
blk311,1,352,ssa01_328076_A_T,328076
blk312,1,353,ssa01_328229_G_C,328229
blk313,1,354,ssa01_329757_T_A,329757
blk314,1,355,ssa01_330432_C_G,330432
blk315,1,356,ssa01_331098_A_T,331098
blk316,1,357,ssa01_331372_G_C,331372
blk317,1,358,ssa01_331867_T_A,331867
blk318,1,359,ssa01_333272_C_G,333272
blk319,1,360,ssa01_333860_A_T,333860
blk319,1,361,ssa01_333947_G_C,333947
blk320,1,362,ssa01_334779_T_A,334779
blk321,1,363,ssa01_335522_C_G,335522
blk322,1,364,ssa01_336379_A_T,336379
blk323,1,365,ssa01_336881_G_C,336881
blk324,1,366,ssa01_337034_T_A,337034
blk324,1,367,ssa01_337139_C_G,337139
blk325,1,368,ssa01_337418_A_T,337418
blk326,1,369,ssa01_338236_G_C,338236
blk327,1,370,ssa01_339090_T_A,339090
blk328,1,371,ssa01_339458_C_G,339458
blk329,1,372,ssa01_340117_A_T,340117
blk330,1,373,ssa01_340447_G_C,340447
blk331,1,374,ssa01_340691_T_A,340691
blk332,1,375,ssa01_340876_C_G,340876
blk333,1,376,ssa01_341097_A_T,341097
blk334,1,377,ssa01_341445_G_C,341445
blk335,1,378,ssa01_341590_T_A,341590
blk336,1,379,ssa01_344172_C_G,344172
blk337,1,380,ssa01_344444_A_T,344444
blk337,1,381,ssa01_344447_G_C,344447
blk338,1,382,ssa01_345553_T_A,345553
blk338,1,383,ssa01_345670_C_G,345670
blk339,1,384,ssa01_348593_A_T,348593
blk340,1,385,ssa01_350143_G_C,350143
blk341,1,386,ssa01_350746_T_A,350746
blk342,1,387,ssa01_351738_C_G,351738
blk343,1,388,ssa01_353147_A_T,353147
blk344,1,389,ssa01_357920_G_C,357920
blk345,1,390,ssa01_360097_T_A,360097
blk346,1,391,ssa01_360317_C_G,360317
blk346,1,392,ssa01_360410_A_T,360410
blk346,1,393,ssa01_360437_G_C,360437
blk347,1,394,ssa01_363564_T_A,363564
blk348,1,395,ssa01_364621_C_G,364621
blk349,1,396,ssa01_365701_A_T,365701
blk350,1,397,ssa01_366717_G_C,366717
blk351,1,398,ssa01_369257_T_A,369257
blk352,1,399,ssa01_371067_C_G,371067
blk353,1,400,ssa01_374381_A_T,374381
blk354,1,401,ssa01_375378_G_C,375378
blk355,1,402,ssa01_375528_T_A,375528
blk356,1,403,ssa01_375763_C_G,375763
blk357,1,404,ssa01_377659_A_T,377659
blk358,1,405,ssa01_379047_G_C,379047
blk358,1,406,ssa01_379079_T_A,379079
blk359,1,407,ssa01_379756_C_G,379756
blk360,1,408,ssa01_381027_A_T,381027
blk361,1,409,ssa01_382453_G_C,382453
blk362,1,410,ssa01_385213_T_A,385213
blk363,1,411,ssa01_388216_C_G,388216
blk364,1,412,ssa01_389121_A_T,389121
blk365,1,413,ssa01_390294_G_C,390294
blk366,1,414,ssa01_392481_T_A,392481
blk367,1,415,ssa01_395440_C_G,395440
blk368,1,416,ssa01_395605_A_T,395605
blk369,1,417,ssa01_396759_G_C,396759
blk370,1,418,ssa01_397881_T_A,397881
blk371,1,419,ssa01_399170_C_G,399170
blk372,1,420,ssa01_402388_A_T,402388
blk373,1,421,ssa01_403220_G_C,403220
blk373,1,422,ssa01_403306_T_A,403306
blk374,1,423,ssa01_407581_C_G,407581
blk375,1,424,ssa01_408953_A_T,408953
blk376,1,425,ssa01_410504_G_C,410504
blk377,1,426,ssa01_410796_T_A,410796
blk378,1,427,ssa01_410955_C_G,410955
blk379,1,428,ssa01_413739_A_T,413739
blk380,1,429,ssa01_414505_G_C,414505
blk381,1,430,ssa01_414994_T_A,414994
blk382,1,431,ssa01_418240_C_G,418240
blk383,1,432,ssa01_418862_A_T,418862
blk384,1,433,ssa01_419455_G_C,419455
blk385,1,434,ssa01_423643_T_A,423643
blk386,1,435,ssa01_427911_C_G,427911
blk386,1,436,ssa01_427928_A_T,427928
blk387,1,437,ssa01_429592_G_C,429592
blk388,1,438,ssa01_431993_T_A,431993
blk389,1,439,ssa01_433033_C_G,433033
blk390,1,440,ssa01_433657_A_T,433657
blk390,1,441,ssa01_433732_G_C,433732
blk391,1,442,ssa01_435085_T_A,435085
blk392,1,443,ssa01_436516_C_G,436516
blk393,1,444,ssa01_437025_A_T,437025
blk394,1,445,ssa01_437204_G_C,437204
blk395,1,446,ssa01_438293_T_A,438293
blk395,1,447,ssa01_438367_C_G,438367
blk396,1,448,ssa01_438791_A_T,438791
blk396,1,449,ssa01_438860_G_C,438860
blk397,1,450,ssa01_439930_T_A,439930
blk398,1,451,ssa01_440498_C_G,440498
blk398,1,452,ssa01_440551_A_T,440551
blk399,1,453,ssa01_441343_G_C,441343
blk400,1,454,ssa01_443986_T_A,443986
blk401,1,455,ssa01_445220_C_G,445220
blk402,1,456,ssa01_445603_A_T,445603
blk403,1,457,ssa01_446932_G_C,446932
blk404,1,458,ssa01_447099_T_A,447099
blk405,1,459,ssa01_447861_C_G,447861
blk406,1,460,ssa01_448592_A_T,448592
blk407,1,461,ssa01_449420_G_C,449420
blk408,1,462,ssa01_449642_T_A,449642
blk409,1,463,ssa01_453261_C_G,453261
blk410,1,464,ssa01_454596_A_T,454596
blk411,1,465,ssa01_455197_G_C,455197
blk411,1,466,ssa01_455320_T_A,455320
blk412,1,467,ssa01_456574_C_G,456574
blk413,1,468,ssa01_457020_A_T,457020
blk414,1,469,ssa01_458615_G_C,458615
blk415,1,470,ssa01_459900_T_A,459900
blk416,1,471,ssa01_461208_C_G,461208
blk417,1,472,ssa01_462806_A_T,462806
blk418,1,473,ssa01_463021_G_C,463021
blk419,1,474,ssa01_463233_T_A,463233
blk420,1,475,ssa01_463746_C_G,463746
blk421,1,476,ssa01_466829_A_T,466829
blk422,1,477,ssa01_467204_G_C,467204
blk423,1,478,ssa01_467809_T_A,467809
blk424,1,479,ssa01_467973_C_G,467973
blk425,1,480,ssa01_468953_A_T,468953
blk426,1,481,ssa01_471716_G_C,471716
blk427,1,482,ssa01_472806_T_A,472806
blk428,1,483,ssa01_473190_C_G,473190
blk428,1,484,ssa01_473287_A_T,473287
blk429,1,485,ssa01_477320_G_C,477320
blk430,1,486,ssa01_478283_T_A,478283
blk431,1,487,ssa01_484202_C_G,484202
blk431,1,488,ssa01_484314_A_T,484314
blk432,1,489,ssa01_486143_G_C,486143
blk433,1,490,ssa01_486744_T_A,486744
blk434,1,491,ssa01_487196_C_G,487196
blk435,1,492,ssa01_491003_A_T,491003
blk436,1,493,ssa01_491229_G_C,491229
blk437,1,494,ssa01_493387_T_A,493387
blk438,1,495,ssa01_493641_C_G,493641
blk439,1,496,ssa01_494135_A_T,494135
blk440,1,497,ssa01_495431_G_C,495431
blk441,1,498,ssa01_498397_T_A,498397
blk442,1,499,ssa01_499845_C_G,499845
blk443,2,0,ssa02_1526_A_T,1526
blk443,2,1,ssa02_1593_G_C,1593
blk444,2,2,ssa02_2371_T_A,2371
blk444,2,3,ssa02_2457_C_G,2457
blk445,2,4,ssa02_2501_A_T,2501
blk446,2,5,ssa02_5537_G_C,5537
blk447,2,6,ssa02_5774_T_A,5774
blk448,2,7,ssa02_6376_C_G,6376
blk448,2,8,ssa02_6494_A_T,6494
blk449,2,9,ssa02_6757_G_C,6757
blk450,2,10,ssa02_8127_T_A,8127
blk451,2,11,ssa02_8574_C_G,8574
blk452,2,12,ssa02_8912_A_T,8912
blk453,2,13,ssa02_9063_G_C,9063
blk454,2,14,ssa02_11178_T_A,11178
blk455,2,15,ssa02_11455_C_G,11455
blk456,2,16,ssa02_11622_A_T,11622
blk457,2,17,ssa02_13689_G_C,13689
blk458,2,18,ssa02_14885_T_A,14885
blk459,2,19,ssa02_15959_C_G,15959
blk459,2,20,ssa02_15968_A_T,15968
blk460,2,21,ssa02_16497_G_C,16497
blk461,2,22,ssa02_16855_T_A,16855
blk462,2,23,ssa02_17026_C_G,17026
blk462,2,24,ssa02_17056_A_T,17056
blk463,2,25,ssa02_18713_G_C,18713
blk464,2,26,ssa02_19366_T_A,19366
blk465,2,27,ssa02_20226_C_G,20226
blk466,2,28,ssa02_20634_A_T,20634
blk467,2,29,ssa02_22180_G_C,22180
blk468,2,30,ssa02_22546_T_A,22546
blk469,2,31,ssa02_23694_C_G,23694
blk470,2,32,ssa02_23911_A_T,23911
blk471,2,33,ssa02_24541_G_C,24541
blk472,2,34,ssa02_27634_T_A,27634
blk473,2,35,ssa02_28521_C_G,28521
blk474,2,36,ssa02_30282_A_T,30282
blk475,2,37,ssa02_31022_G_C,31022
blk476,2,38,ssa02_31828_T_A,31828
blk477,2,39,ssa02_33889_C_G,33889
blk478,2,40,ssa02_34091_A_T,34091
blk479,2,41,ssa02_35525_G_C,35525
blk480,2,42,ssa02_37393_T_A,37393
blk481,2,43,ssa02_38557_C_G,38557
blk482,2,44,ssa02_40237_A_T,40237
blk483,2,45,ssa02_44341_G_C,44341
blk484,2,46,ssa02_44694_T_A,44694
blk484,2,47,ssa02_44695_C_G,44695
blk485,2,48,ssa02_45150_A_T,45150
blk486,2,49,ssa02_46030_G_C,46030
blk487,2,50,ssa02_47830_T_A,47830
blk488,2,51,ssa02_48177_C_G,48177
blk489,2,52,ssa02_49806_A_T,49806
blk490,2,53,ssa02_50595_G_C,50595
blk491,2,54,ssa02_51571_T_A,51571
blk492,2,55,ssa02_54372_C_G,54372
blk493,2,56,ssa02_54947_A_T,54947
blk493,2,57,ssa02_55048_G_C,55048
blk494,2,58,ssa02_55920_T_A,55920
blk495,2,59,ssa02_56155_C_G,56155
blk496,2,60,ssa02_56639_A_T,56639
blk497,2,61,ssa02_57833_G_C,57833
blk498,2,62,ssa02_59425_T_A,59425
blk499,2,63,ssa02_60138_C_G,60138
blk500,2,64,ssa02_60876_A_T,60876
blk501,2,65,ssa02_62871_G_C,62871
blk501,2,66,ssa02_62939_T_A,62939
blk502,2,67,ssa02_63207_C_G,63207
blk503,2,68,ssa02_63402_A_T,63402
blk503,2,69,ssa02_63450_G_C,63450
blk504,2,70,ssa02_65419_T_A,65419
blk505,2,71,ssa02_65875_C_G,65875
blk506,2,72,ssa02_66061_A_T,66061
blk507,2,73,ssa02_69501_G_C,69501
blk508,2,74,ssa02_70065_T_A,70065
blk509,2,75,ssa02_71585_C_G,71585
blk510,2,76,ssa02_72229_A_T,72229
blk511,2,77,ssa02_72449_G_C,72449
blk512,2,78,ssa02_72819_T_A,72819
blk513,2,79,ssa02_73281_C_G,73281
blk514,2,80,ssa02_74115_A_T,74115
blk515,2,81,ssa02_74407_G_C,74407
blk516,2,82,ssa02_74730_T_A,74730
blk517,2,83,ssa02_76023_C_G,76023
blk518,2,84,ssa02_77594_A_T,77594
blk518,2,85,ssa02_77705_G_C,77705
blk519,2,86,ssa02_78171_T_A,78171
blk520,2,87,ssa02_78487_C_G,78487
blk521,2,88,ssa02_78854_A_T,78854
blk521,2,89,ssa02_78973_G_C,78973
blk522,2,90,ssa02_81014_T_A,81014
blk523,2,91,ssa02_81538_C_G,81538
blk524,2,92,ssa02_82310_A_T,82310
blk525,2,93,ssa02_82485_G_C,82485
blk526,2,94,ssa02_85148_T_A,85148
blk527,2,95,ssa02_85454_C_G,85454
blk528,2,96,ssa02_86780_A_T,86780
blk529,2,97,ssa02_89632_G_C,89632
blk530,2,98,ssa02_89980_T_A,89980
blk531,2,99,ssa02_90334_C_G,90334
blk532,2,100,ssa02_91945_A_T,91945
blk533,2,101,ssa02_92901_G_C,92901
blk533,2,102,ssa02_92997_T_A,92997
blk534,2,103,ssa02_94151_C_G,94151
blk535,2,104,ssa02_94391_A_T,94391
blk536,2,105,ssa02_94861_G_C,94861
blk537,2,106,ssa02_98982_T_A,98982
blk538,2,107,ssa02_100283_C_G,100283
blk539,2,108,ssa02_101709_A_T,101709
blk540,2,109,ssa02_102358_G_C,102358
blk540,2,110,ssa02_102442_T_A,102442
blk541,2,111,ssa02_102565_C_G,102565
blk542,2,112,ssa02_103811_A_T,103811
blk543,2,113,ssa02_107237_G_C,107237
blk544,2,114,ssa02_109284_T_A,109284
blk545,2,115,ssa02_109967_C_G,109967
blk546,2,116,ssa02_110173_A_T,110173
blk547,2,117,ssa02_110623_G_C,110623
blk548,2,118,ssa02_111207_T_A,111207
blk549,2,119,ssa02_113561_C_G,113561
blk550,2,120,ssa02_114231_A_T,114231
blk551,2,121,ssa02_114706_G_C,114706
blk552,2,122,ssa02_116887_T_A,116887
blk553,2,123,ssa02_117384_C_G,117384
blk554,2,124,ssa02_118402_A_T,118402
blk555,2,125,ssa02_120599_G_C,120599
blk556,2,126,ssa02_121520_T_A,121520
blk557,2,127,ssa02_125320_C_G,125320
blk558,2,128,ssa02_128890_A_T,128890
blk558,2,129,ssa02_128960_G_C,128960
blk559,2,130,ssa02_130543_T_A,130543
blk560,2,131,ssa02_131948_C_G,131948
blk561,2,132,ssa02_132383_A_T,132383
blk562,2,133,ssa02_132703_G_C,132703
blk563,2,134,ssa02_133413_T_A,133413
blk564,2,135,ssa02_133698_C_G,133698
blk565,2,136,ssa02_133836_A_T,133836
blk566,2,137,ssa02_134785_G_C,134785
blk567,2,138,ssa02_135362_T_A,135362
blk568,2,139,ssa02_135816_C_G,135816
blk569,2,140,ssa02_136180_A_T,136180
blk570,2,141,ssa02_136376_G_C,136376
blk571,2,142,ssa02_136584_T_A,136584
blk571,2,143,ssa02_136604_C_G,136604
blk572,2,144,ssa02_138540_A_T,138540
blk573,2,145,ssa02_141763_G_C,141763
blk574,2,146,ssa02_143153_T_A,143153
blk575,2,147,ssa02_144422_C_G,144422
blk576,2,148,ssa02_144791_A_T,144791
blk577,2,149,ssa02_145547_G_C,145547
blk578,2,150,ssa02_148750_T_A,148750
blk579,2,151,ssa02_152559_C_G,152559
blk579,2,152,ssa02_152590_A_T,152590
blk580,2,153,ssa02_153238_G_C,153238
blk580,2,154,ssa02_153240_T_A,153240
blk581,2,155,ssa02_153716_C_G,153716
blk581,2,156,ssa02_153745_A_T,153745
blk582,2,157,ssa02_154058_G_C,154058
blk583,2,158,ssa02_155615_T_A,155615
blk584,2,159,ssa02_156294_C_G,156294
blk585,2,160,ssa02_157745_A_T,157745
blk585,2,161,ssa02_157759_G_C,157759
blk586,2,162,ssa02_159555_T_A,159555
blk587,2,163,ssa02_159907_C_G,159907
blk588,2,164,ssa02_161433_A_T,161433
blk589,2,165,ssa02_162100_G_C,162100
blk590,2,166,ssa02_165972_T_A,165972
blk591,2,167,ssa02_166217_C_G,166217
blk592,2,168,ssa02_168657_A_T,168657
blk593,2,169,ssa02_168972_G_C,168972
blk594,2,170,ssa02_169566_T_A,169566
blk595,2,171,ssa02_169862_C_G,169862
blk596,2,172,ssa02_170881_A_T,170881
blk596,2,173,ssa02_170921_G_C,170921
blk597,2,174,ssa02_174612_T_A,174612
blk598,2,175,ssa02_176047_C_G,176047
blk599,2,176,ssa02_176210_A_T,176210
blk600,2,177,ssa02_177166_G_C,177166
blk601,2,178,ssa02_177331_T_A,177331
blk602,2,179,ssa02_177918_C_G,177918
blk603,2,180,ssa02_179508_A_T,179508
blk604,2,181,ssa02_180188_G_C,180188
blk604,2,182,ssa02_180231_T_A,180231
blk605,2,183,ssa02_183106_C_G,183106
blk606,2,184,ssa02_183585_A_T,183585
blk607,2,185,ssa02_183867_G_C,183867
blk608,2,186,ssa02_184805_T_A,184805
blk609,2,187,ssa02_187224_C_G,187224
blk610,2,188,ssa02_187765_A_T,187765
blk611,2,189,ssa02_189361_G_C,189361
blk612,2,190,ssa02_191208_T_A,191208
blk613,2,191,ssa02_193492_C_G,193492
blk614,2,192,ssa02_194449_A_T,194449
blk615,2,193,ssa02_194770_G_C,194770
blk616,2,194,ssa02_194901_T_A,194901
blk617,2,195,ssa02_195855_C_G,195855
blk618,2,196,ssa02_196596_A_T,196596
blk619,2,197,ssa02_197257_G_C,197257
blk620,2,198,ssa02_197708_T_A,197708
blk621,2,199,ssa02_197981_C_G,197981
blk622,2,200,ssa02_200582_A_T,200582
blk623,2,201,ssa02_200755_G_C,200755
blk624,2,202,ssa02_201226_T_A,201226
blk625,2,203,ssa02_201597_C_G,201597
blk626,2,204,ssa02_204050_A_T,204050
blk627,2,205,ssa02_204185_G_C,204185
blk628,2,206,ssa02_206240_T_A,206240
blk629,2,207,ssa02_206659_C_G,206659
blk630,2,208,ssa02_206969_A_T,206969
blk631,2,209,ssa02_207218_G_C,207218
blk632,2,210,ssa02_209075_T_A,209075
blk633,2,211,ssa02_209270_C_G,209270
blk634,2,212,ssa02_212383_A_T,212383
blk635,2,213,ssa02_212552_G_C,212552
blk636,2,214,ssa02_213704_T_A,213704
blk637,2,215,ssa02_214122_C_G,214122
blk638,2,216,ssa02_214674_A_T,214674
blk639,2,217,ssa02_215318_G_C,215318
blk640,2,218,ssa02_215735_T_A,215735
blk641,2,219,ssa02_215977_C_G,215977
blk642,2,220,ssa02_217596_A_T,217596
blk643,2,221,ssa02_217740_G_C,217740
blk644,2,222,ssa02_220049_T_A,220049
blk644,2,223,ssa02_220065_C_G,220065
blk645,2,224,ssa02_220636_A_T,220636
blk646,2,225,ssa02_221498_G_C,221498
blk647,2,226,ssa02_222669_T_A,222669
blk648,2,227,ssa02_224358_C_G,224358
blk649,2,228,ssa02_224977_A_T,224977
blk650,2,229,ssa02_227264_G_C,227264
blk651,2,230,ssa02_227506_T_A,227506
blk651,2,231,ssa02_227516_C_G,227516
blk652,2,232,ssa02_228335_A_T,228335
blk653,2,233,ssa02_229481_G_C,229481
blk654,2,234,ssa02_230159_T_A,230159
blk655,2,235,ssa02_233856_C_G,233856
blk656,2,236,ssa02_235060_A_T,235060
blk657,2,237,ssa02_236580_G_C,236580
blk657,2,238,ssa02_236678_T_A,236678
blk658,2,239,ssa02_236822_C_G,236822
blk659,2,240,ssa02_241657_A_T,241657
blk660,2,241,ssa02_241882_G_C,241882
blk661,2,242,ssa02_242640_T_A,242640
blk662,2,243,ssa02_243187_C_G,243187
blk663,2,244,ssa02_243910_A_T,243910
blk664,2,245,ssa02_245371_G_C,245371
blk665,2,246,ssa02_245739_T_A,245739
blk666,2,247,ssa02_246019_C_G,246019
blk667,2,248,ssa02_247233_A_T,247233
blk668,2,249,ssa02_247411_G_C,247411
blk669,2,250,ssa02_249583_T_A,249583
blk670,2,251,ssa02_250393_C_G,250393
blk671,2,252,ssa02_251092_A_T,251092
blk672,2,253,ssa02_251454_G_C,251454
blk673,2,254,ssa02_252846_T_A,252846
blk674,2,255,ssa02_256219_C_G,256219
blk675,2,256,ssa02_257525_A_T,257525
blk676,2,257,ssa02_258890_G_C,258890
blk677,2,258,ssa02_259609_T_A,259609
blk678,2,259,ssa02_261883_C_G,261883
blk679,2,260,ssa02_262547_A_T,262547
blk680,2,261,ssa02_265296_G_C,265296
blk681,2,262,ssa02_265944_T_A,265944
blk682,2,263,ssa02_267106_C_G,267106
blk683,2,264,ssa02_268520_A_T,268520
blk684,2,265,ssa02_269720_G_C,269720
blk684,2,266,ssa02_269763_T_A,269763
blk685,2,267,ssa02_271322_C_G,271322
blk686,2,268,ssa02_272785_A_T,272785
blk687,2,269,ssa02_273672_G_C,273672
blk688,2,270,ssa02_275664_T_A,275664
blk689,2,271,ssa02_275799_C_G,275799
blk690,2,272,ssa02_277689_A_T,277689
blk691,2,273,ssa02_277842_G_C,277842
blk692,2,274,ssa02_279002_T_A,279002
blk693,2,275,ssa02_280244_C_G,280244
blk694,2,276,ssa02_281747_A_T,281747
blk695,2,277,ssa02_285985_G_C,285985
blk696,2,278,ssa02_287673_T_A,287673
blk697,2,279,ssa02_288998_C_G,288998
blk698,2,280,ssa02_289521_A_T,289521
blk699,2,281,ssa02_290851_G_C,290851
blk699,2,282,ssa02_290857_T_A,290857
blk700,2,283,ssa02_293885_C_G,293885
blk701,2,284,ssa02_295732_A_T,295732
blk702,2,285,ssa02_295859_G_C,295859
blk703,2,286,ssa02_297153_T_A,297153
blk704,2,287,ssa02_297625_C_G,297625
blk704,2,288,ssa02_297700_A_T,297700
blk705,2,289,ssa02_297892_G_C,297892
blk706,2,290,ssa02_298106_T_A,298106
blk707,2,291,ssa02_300106_C_G,300106
blk708,2,292,ssa02_300946_A_T,300946
blk709,2,293,ssa02_301232_G_C,301232
blk710,2,294,ssa02_303511_T_A,303511
blk711,2,295,ssa02_304506_C_G,304506
blk712,2,296,ssa02_305896_A_T,305896
blk713,2,297,ssa02_306154_G_C,306154
blk714,2,298,ssa02_306322_T_A,306322
blk714,2,299,ssa02_306434_C_G,306434
blk715,2,300,ssa02_306872_A_T,306872
blk716,2,301,ssa02_307265_G_C,307265
blk716,2,302,ssa02_307284_T_A,307284
blk717,2,303,ssa02_311267_C_G,311267
blk718,2,304,ssa02_312020_A_T,312020
blk719,2,305,ssa02_312511_G_C,312511
blk720,2,306,ssa02_313356_T_A,313356
blk721,2,307,ssa02_314248_C_G,314248
blk722,2,308,ssa02_315499_A_T,315499
blk723,2,309,ssa02_316064_G_C,316064
blk724,2,310,ssa02_316403_T_A,316403
blk725,2,311,ssa02_318264_C_G,318264
blk725,2,312,ssa02_318283_A_T,318283
blk726,2,313,ssa02_318597_G_C,318597
blk727,2,314,ssa02_319564_T_A,319564
blk728,2,315,ssa02_319807_C_G,319807
blk728,2,316,ssa02_319889_A_T,319889
blk729,2,317,ssa02_321410_G_C,321410
blk730,2,318,ssa02_321952_T_A,321952
blk730,2,319,ssa02_321986_C_G,321986
blk731,2,320,ssa02_322338_A_T,322338
blk732,2,321,ssa02_323941_G_C,323941
blk733,2,322,ssa02_324139_T_A,324139
blk734,2,323,ssa02_324366_C_G,324366
blk735,2,324,ssa02_327588_A_T,327588
blk736,2,325,ssa02_327912_G_C,327912
blk737,2,326,ssa02_328634_T_A,328634
blk738,2,327,ssa02_329618_C_G,329618
blk739,2,328,ssa02_330501_A_T,330501
blk740,2,329,ssa02_333964_G_C,333964
blk741,2,330,ssa02_335771_T_A,335771
blk742,2,331,ssa02_336253_C_G,336253
blk743,2,332,ssa02_337481_A_T,337481
blk744,2,333,ssa02_338353_G_C,338353
blk745,2,334,ssa02_340564_T_A,340564
blk746,2,335,ssa02_341044_C_G,341044
blk747,2,336,ssa02_341604_A_T,341604
blk748,2,337,ssa02_344362_G_C,344362
blk749,2,338,ssa02_345371_T_A,345371
blk750,2,339,ssa02_345759_C_G,345759
blk751,2,340,ssa02_346690_A_T,346690
blk752,2,341,ssa02_347499_G_C,347499
blk753,2,342,ssa02_348000_T_A,348000
blk754,2,343,ssa02_350082_C_G,350082
blk755,2,344,ssa02_350658_A_T,350658
blk756,2,345,ssa02_351402_G_C,351402
blk757,2,346,ssa02_352606_T_A,352606
blk757,2,347,ssa02_352658_C_G,352658
blk757,2,348,ssa02_352661_A_T,352661
blk758,2,349,ssa02_354552_G_C,354552
blk759,2,350,ssa02_357235_T_A,357235
blk760,2,351,ssa02_357506_C_G,357506
blk761,2,352,ssa02_357736_A_T,357736
blk762,2,353,ssa02_357973_G_C,357973
blk763,2,354,ssa02_359960_T_A,359960
blk764,2,355,ssa02_360936_C_G,360936
blk765,2,356,ssa02_361648_A_T,361648
blk766,2,357,ssa02_362167_G_C,362167
blk767,2,358,ssa02_362562_T_A,362562
blk768,2,359,ssa02_363538_C_G,363538
blk768,2,360,ssa02_363600_A_T,363600
blk769,2,361,ssa02_364666_G_C,364666
blk770,2,362,ssa02_365123_T_A,365123
blk771,2,363,ssa02_366108_C_G,366108
blk772,2,364,ssa02_366500_A_T,366500
blk773,2,365,ssa02_368549_G_C,368549
blk774,2,366,ssa02_369047_T_A,369047
blk775,2,367,ssa02_369494_C_G,369494
blk775,2,368,ssa02_369584_A_T,369584
blk776,2,369,ssa02_370724_G_C,370724
blk777,2,370,ssa02_371739_T_A,371739
blk778,2,371,ssa02_371891_C_G,371891
blk779,2,372,ssa02_372826_A_T,372826
blk780,2,373,ssa02_373965_G_C,373965
blk781,2,374,ssa02_374384_T_A,374384
blk781,2,375,ssa02_374449_C_G,374449
blk782,2,376,ssa02_375231_A_T,375231
blk783,2,377,ssa02_375480_G_C,375480
blk784,2,378,ssa02_375727_T_A,375727
blk785,2,379,ssa02_376114_C_G,376114
blk786,2,380,ssa02_377949_A_T,377949
blk787,2,381,ssa02_378298_G_C,378298
blk788,2,382,ssa02_379317_T_A,379317
blk789,2,383,ssa02_382152_C_G,382152
blk790,2,384,ssa02_383028_A_T,383028
blk791,2,385,ssa02_387839_G_C,387839
blk792,2,386,ssa02_388800_T_A,388800
blk793,2,387,ssa02_389023_C_G,389023
blk794,2,388,ssa02_390976_A_T,390976
blk795,2,389,ssa02_391273_G_C,391273
blk796,2,390,ssa02_392469_T_A,392469
blk797,2,391,ssa02_394073_C_G,394073
blk798,2,392,ssa02_394454_A_T,394454
blk799,2,393,ssa02_395070_G_C,395070
blk800,2,394,ssa02_396063_T_A,396063
blk800,2,395,ssa02_396083_C_G,396083
blk801,2,396,ssa02_396940_A_T,396940
blk802,2,397,ssa02_397203_G_C,397203
blk803,2,398,ssa02_397987_T_A,397987
blk804,2,399,ssa02_398451_C_G,398451
blk805,2,400,ssa02_398742_A_T,398742
blk806,2,401,ssa02_399373_G_C,399373
blk807,2,402,ssa02_399959_T_A,399959
blk808,2,403,ssa02_401629_C_G,401629
blk808,2,404,ssa02_401730_A_T,401730
blk809,2,405,ssa02_401920_G_C,401920
blk810,2,406,ssa02_403164_T_A,403164
blk811,2,407,ssa02_404093_C_G,404093
blk812,2,408,ssa02_404916_A_T,404916
blk813,2,409,ssa02_405235_G_C,405235
blk814,2,410,ssa02_406002_T_A,406002
blk815,2,411,ssa02_406986_C_G,406986
blk816,2,412,ssa02_407779_A_T,407779
blk817,2,413,ssa02_408552_G_C,408552
blk818,2,414,ssa02_408947_T_A,408947
blk819,2,415,ssa02_409169_C_G,409169
blk820,2,416,ssa02_410224_A_T,410224
blk821,2,417,ssa02_413128_G_C,413128
blk822,2,418,ssa02_413452_T_A,413452
blk823,2,419,ssa02_413597_C_G,413597
blk824,2,420,ssa02_414945_A_T,414945
blk825,2,421,ssa02_415948_G_C,415948
blk826,2,422,ssa02_417546_T_A,417546
blk827,2,423,ssa02_418051_C_G,418051
blk828,2,424,ssa02_420730_A_T,420730
blk829,2,425,ssa02_422953_G_C,422953
blk830,2,426,ssa02_423564_T_A,423564
blk831,2,427,ssa02_430676_C_G,430676
blk832,2,428,ssa02_432392_A_T,432392
blk833,2,429,ssa02_432650_G_C,432650
blk834,2,430,ssa02_435460_T_A,435460
blk834,2,431,ssa02_435533_C_G,435533
blk835,2,432,ssa02_437649_A_T,437649
blk836,2,433,ssa02_438086_G_C,438086
blk837,2,434,ssa02_438306_T_A,438306
blk838,2,435,ssa02_438658_C_G,438658
blk838,2,436,ssa02_438714_A_T,438714
blk839,2,437,ssa02_439018_G_C,439018
blk840,2,438,ssa02_439190_T_A,439190
blk841,2,439,ssa02_440567_C_G,440567
blk842,2,440,ssa02_441723_A_T,441723
blk843,2,441,ssa02_442751_G_C,442751
blk844,2,442,ssa02_442962_T_A,442962
blk845,2,443,ssa02_444279_C_G,444279
blk846,2,444,ssa02_444407_A_T,444407
blk846,2,445,ssa02_444427_G_C,444427
blk847,2,446,ssa02_445168_T_A,445168
blk848,2,447,ssa02_445396_C_G,445396
blk849,2,448,ssa02_446547_A_T,446547
blk850,2,449,ssa02_446988_G_C,446988
blk851,2,450,ssa02_448540_T_A,448540
blk852,2,451,ssa02_449088_C_G,449088
blk853,2,452,ssa02_449456_A_T,449456
blk854,2,453,ssa02_449752_G_C,449752
blk855,2,454,ssa02_451055_T_A,451055
blk856,2,455,ssa02_451279_C_G,451279
blk857,2,456,ssa02_451850_A_T,451850
blk857,2,457,ssa02_451953_G_C,451953
blk858,2,458,ssa02_452117_T_A,452117
blk859,2,459,ssa02_452897_C_G,452897
blk860,2,460,ssa02_453317_A_T,453317
blk861,2,461,ssa02_453697_G_C,453697
blk862,2,462,ssa02_454593_T_A,454593
blk863,2,463,ssa02_454860_C_G,454860
blk864,2,464,ssa02_456103_A_T,456103
blk865,2,465,ssa02_456742_G_C,456742
blk866,2,466,ssa02_456981_T_A,456981
blk867,2,467,ssa02_457595_C_G,457595
blk868,2,468,ssa02_458636_A_T,458636
blk869,2,469,ssa02_458902_G_C,458902
blk870,2,470,ssa02_460501_T_A,460501
blk871,2,471,ssa02_463123_C_G,463123
blk872,2,472,ssa02_463324_A_T,463324
blk872,2,473,ssa02_463336_G_C,463336
blk873,2,474,ssa02_465969_T_A,465969
blk874,2,475,ssa02_469202_C_G,469202
blk875,2,476,ssa02_472723_A_T,472723
blk876,2,477,ssa02_474182_G_C,474182
blk877,2,478,ssa02_475202_T_A,475202
blk878,2,479,ssa02_475573_C_G,475573
blk879,2,480,ssa02_476229_A_T,476229
blk880,2,481,ssa02_476373_G_C,476373
blk881,2,482,ssa02_477178_T_A,477178
blk882,2,483,ssa02_477305_C_G,477305
blk883,2,484,ssa02_479397_A_T,479397
blk884,2,485,ssa02_481347_G_C,481347
blk885,2,486,ssa02_485407_T_A,485407
blk886,2,487,ssa02_488166_C_G,488166
blk887,2,488,ssa02_488890_A_T,488890
blk888,2,489,ssa02_489923_G_C,489923
blk889,2,490,ssa02_490550_T_A,490550
blk890,2,491,ssa02_490678_C_G,490678
blk891,2,492,ssa02_491727_A_T,491727
blk892,2,493,ssa02_492450_G_C,492450
blk893,2,494,ssa02_494074_T_A,494074
blk894,2,495,ssa02_494248_C_G,494248
blk894,2,496,ssa02_494348_A_T,494348
blk895,2,497,ssa02_496303_G_C,496303
blk896,2,498,ssa02_497175_T_A,497175
blk897,2,499,ssa02_497623_C_G,497623
blk898,3,0,ssa03_1522_A_T,1522
blk899,3,1,ssa03_2436_G_C,2436
blk900,3,2,ssa03_3701_T_A,3701
blk901,3,3,ssa03_4045_C_G,4045
blk902,3,4,ssa03_9020_A_T,9020
blk903,3,5,ssa03_10561_G_C,10561
blk904,3,6,ssa03_11257_T_A,11257
blk905,3,7,ssa03_12019_C_G,12019
blk905,3,8,ssa03_12030_A_T,12030
blk906,3,9,ssa03_12697_G_C,12697
blk907,3,10,ssa03_12834_T_A,12834
blk908,3,11,ssa03_13332_C_G,13332
blk908,3,12,ssa03_13452_A_T,13452
blk909,3,13,ssa03_14189_G_C,14189
blk910,3,14,ssa03_18072_T_A,18072
blk911,3,15,ssa03_19473_C_G,19473
blk912,3,16,ssa03_20725_A_T,20725
blk913,3,17,ssa03_21314_G_C,21314
blk914,3,18,ssa03_21700_T_A,21700
blk915,3,19,ssa03_24065_C_G,24065
blk916,3,20,ssa03_26139_A_T,26139
blk917,3,21,ssa03_27715_G_C,27715
blk918,3,22,ssa03_28998_T_A,28998
blk919,3,23,ssa03_29813_C_G,29813
blk920,3,24,ssa03_30053_A_T,30053
blk921,3,25,ssa03_30814_G_C,30814
blk922,3,26,ssa03_31483_T_A,31483
blk923,3,27,ssa03_32740_C_G,32740
blk924,3,28,ssa03_33537_A_T,33537
blk925,3,29,ssa03_33725_G_C,33725
blk926,3,30,ssa03_36066_T_A,36066
blk927,3,31,ssa03_36432_C_G,36432
blk928,3,32,ssa03_37705_A_T,37705
blk929,3,33,ssa03_38682_G_C,38682
blk930,3,34,ssa03_39337_T_A,39337
blk931,3,35,ssa03_40074_C_G,40074
blk932,3,36,ssa03_40731_A_T,40731
blk933,3,37,ssa03_41766_G_C,41766
blk934,3,38,ssa03_42062_T_A,42062
blk934,3,39,ssa03_42068_C_G,42068
blk935,3,40,ssa03_42337_A_T,42337
blk936,3,41,ssa03_43047_G_C,43047
blk936,3,42,ssa03_43143_T_A,43143
blk937,3,43,ssa03_45015_C_G,45015
blk938,3,44,ssa03_46419_A_T,46419
blk939,3,45,ssa03_47418_G_C,47418
blk940,3,46,ssa03_47648_T_A,47648
blk941,3,47,ssa03_48485_C_G,48485
blk942,3,48,ssa03_48785_A_T,48785
blk943,3,49,ssa03_48951_G_C,48951
blk944,3,50,ssa03_51258_T_A,51258
blk945,3,51,ssa03_52406_C_G,52406
blk946,3,52,ssa03_52683_A_T,52683
blk947,3,53,ssa03_53004_G_C,53004
blk948,3,54,ssa03_54516_T_A,54516
blk949,3,55,ssa03_55806_C_G,55806
blk950,3,56,ssa03_59478_A_T,59478
blk951,3,57,ssa03_59762_G_C,59762
blk952,3,58,ssa03_60758_T_A,60758
blk953,3,59,ssa03_61555_C_G,61555
blk954,3,60,ssa03_61791_A_T,61791
blk955,3,61,ssa03_62549_G_C,62549
blk956,3,62,ssa03_63083_T_A,63083
blk957,3,63,ssa03_63516_C_G,63516
blk957,3,64,ssa03_63615_A_T,63615
blk958,3,65,ssa03_64627_G_C,64627
blk959,3,66,ssa03_64939_T_A,64939
blk959,3,67,ssa03_64994_C_G,64994
blk960,3,68,ssa03_65540_A_T,65540
blk960,3,69,ssa03_65580_G_C,65580
blk961,3,70,ssa03_65763_T_A,65763
blk962,3,71,ssa03_67075_C_G,67075
blk963,3,72,ssa03_67846_A_T,67846
blk963,3,73,ssa03_67954_G_C,67954
blk964,3,74,ssa03_68831_T_A,68831
blk965,3,75,ssa03_70346_C_G,70346
blk966,3,76,ssa03_71013_A_T,71013
blk967,3,77,ssa03_71918_G_C,71918
blk968,3,78,ssa03_73645_T_A,73645
blk969,3,79,ssa03_74926_C_G,74926
blk970,3,80,ssa03_75266_A_T,75266
blk970,3,81,ssa03_75370_G_C,75370
blk971,3,82,ssa03_76335_T_A,76335
blk972,3,83,ssa03_81417_C_G,81417
blk972,3,84,ssa03_81451_A_T,81451
blk973,3,85,ssa03_84664_G_C,84664
blk974,3,86,ssa03_85190_T_A,85190
blk974,3,87,ssa03_85238_C_G,85238
blk975,3,88,ssa03_88605_A_T,88605
blk976,3,89,ssa03_88763_G_C,88763
blk977,3,90,ssa03_91575_T_A,91575
blk978,3,91,ssa03_93479_C_G,93479
blk979,3,92,ssa03_93770_A_T,93770
blk980,3,93,ssa03_94019_G_C,94019
blk980,3,94,ssa03_94099_T_A,94099
blk980,3,95,ssa03_94119_C_G,94119
blk981,3,96,ssa03_94898_A_T,94898
blk982,3,97,ssa03_95618_G_C,95618
blk983,3,98,ssa03_96131_T_A,96131
blk983,3,99,ssa03_96255_C_G,96255
blk984,3,100,ssa03_96512_A_T,96512
blk984,3,101,ssa03_96595_G_C,96595
blk985,3,102,ssa03_97569_T_A,97569
blk986,3,103,ssa03_98001_C_G,98001
blk987,3,104,ssa03_98353_A_T,98353
blk988,3,105,ssa03_101046_G_C,101046
blk989,3,106,ssa03_103213_T_A,103213
blk990,3,107,ssa03_107444_C_G,107444
blk991,3,108,ssa03_109955_A_T,109955
blk992,3,109,ssa03_111065_G_C,111065
blk993,3,110,ssa03_112808_T_A,112808
blk994,3,111,ssa03_114013_C_G,114013
blk995,3,112,ssa03_114340_A_T,114340
blk996,3,113,ssa03_116747_G_C,116747
blk997,3,114,ssa03_117220_T_A,117220
blk998,3,115,ssa03_117779_C_G,117779
blk999,3,116,ssa03_119180_A_T,119180
blk999,3,117,ssa03_119212_G_C,119212
blk1000,3,118,ssa03_119460_T_A,119460
blk1001,3,119,ssa03_120135_C_G,120135
blk1001,3,120,ssa03_120195_A_T,120195
blk1002,3,121,ssa03_120620_G_C,120620
blk1003,3,122,ssa03_121345_T_A,121345
blk1004,3,123,ssa03_121792_C_G,121792
blk1005,3,124,ssa03_122945_A_T,122945
blk1006,3,125,ssa03_123075_G_C,123075
blk1007,3,126,ssa03_125193_T_A,125193
blk1008,3,127,ssa03_126235_C_G,126235
blk1009,3,128,ssa03_128445_A_T,128445
blk1010,3,129,ssa03_129890_G_C,129890
blk1011,3,130,ssa03_131371_T_A,131371
blk1012,3,131,ssa03_132458_C_G,132458
blk1013,3,132,ssa03_133382_A_T,133382
blk1014,3,133,ssa03_133782_G_C,133782
blk1015,3,134,ssa03_134535_T_A,134535
blk1016,3,135,ssa03_134911_C_G,134911
blk1017,3,136,ssa03_136108_A_T,136108
blk1018,3,137,ssa03_138645_G_C,138645
blk1018,3,138,ssa03_138655_T_A,138655
blk1019,3,139,ssa03_139067_C_G,139067
blk1020,3,140,ssa03_139498_A_T,139498
blk1021,3,141,ssa03_141433_G_C,141433
blk1022,3,142,ssa03_142362_T_A,142362
blk1023,3,143,ssa03_142549_C_G,142549
blk1024,3,144,ssa03_144635_A_T,144635
blk1025,3,145,ssa03_145220_G_C,145220
blk1026,3,146,ssa03_145415_T_A,145415
blk1027,3,147,ssa03_146216_C_G,146216
blk1028,3,148,ssa03_147245_A_T,147245
blk1029,3,149,ssa03_148256_G_C,148256
blk1030,3,150,ssa03_149042_T_A,149042
blk1030,3,151,ssa03_149139_C_G,149139
blk1031,3,152,ssa03_150510_A_T,150510
blk1032,3,153,ssa03_151098_G_C,151098
blk1033,3,154,ssa03_151888_T_A,151888
blk1034,3,155,ssa03_152423_C_G,152423
blk1035,3,156,ssa03_152550_A_T,152550
blk1036,3,157,ssa03_154729_G_C,154729
blk1037,3,158,ssa03_155097_T_A,155097
blk1038,3,159,ssa03_155579_C_G,155579
blk1039,3,160,ssa03_155920_A_T,155920
blk1040,3,161,ssa03_156947_G_C,156947
blk1041,3,162,ssa03_158719_T_A,158719
blk1042,3,163,ssa03_159165_C_G,159165
blk1043,3,164,ssa03_161058_A_T,161058
blk1043,3,165,ssa03_161059_G_C,161059
blk1044,3,166,ssa03_161850_T_A,161850
blk1044,3,167,ssa03_161896_C_G,161896
blk1045,3,168,ssa03_162281_A_T,162281
blk1046,3,169,ssa03_165909_G_C,165909
blk1047,3,170,ssa03_167403_T_A,167403
blk1048,3,171,ssa03_167620_C_G,167620
blk1049,3,172,ssa03_167896_A_T,167896
blk1050,3,173,ssa03_169587_G_C,169587
blk1050,3,174,ssa03_169691_T_A,169691
blk1051,3,175,ssa03_171818_C_G,171818
blk1052,3,176,ssa03_172233_A_T,172233
blk1053,3,177,ssa03_173832_G_C,173832
blk1054,3,178,ssa03_174289_T_A,174289
blk1055,3,179,ssa03_175087_C_G,175087
blk1056,3,180,ssa03_176020_A_T,176020
blk1057,3,181,ssa03_178549_G_C,178549
blk1058,3,182,ssa03_179920_T_A,179920
blk1059,3,183,ssa03_180668_C_G,180668
blk1060,3,184,ssa03_182769_A_T,182769
blk1061,3,185,ssa03_182908_G_C,182908
blk1062,3,186,ssa03_183038_T_A,183038
blk1062,3,187,ssa03_183070_C_G,183070
blk1063,3,188,ssa03_185345_A_T,185345
blk1064,3,189,ssa03_185792_G_C,185792
blk1065,3,190,ssa03_186109_T_A,186109
blk1066,3,191,ssa03_186622_C_G,186622
blk1067,3,192,ssa03_187173_A_T,187173
blk1068,3,193,ssa03_187561_G_C,187561
blk1069,3,194,ssa03_190169_T_A,190169
blk1070,3,195,ssa03_190888_C_G,190888
blk1071,3,196,ssa03_191461_A_T,191461
blk1072,3,197,ssa03_192771_G_C,192771
blk1073,3,198,ssa03_193221_T_A,193221
blk1074,3,199,ssa03_194040_C_G,194040
blk1075,3,200,ssa03_194555_A_T,194555
blk1076,3,201,ssa03_194916_G_C,194916
blk1076,3,202,ssa03_194935_T_A,194935
blk1077,3,203,ssa03_198152_C_G,198152
blk1078,3,204,ssa03_199414_A_T,199414
blk1079,3,205,ssa03_200132_G_C,200132
blk1080,3,206,ssa03_203048_T_A,203048
blk1080,3,207,ssa03_203126_C_G,203126
blk1081,3,208,ssa03_204636_A_T,204636
blk1081,3,209,ssa03_204752_G_C,204752
blk1082,3,210,ssa03_205769_T_A,205769
blk1082,3,211,ssa03_205873_C_G,205873
blk1083,3,212,ssa03_206294_A_T,206294
blk1084,3,213,ssa03_206633_G_C,206633
blk1085,3,214,ssa03_206771_T_A,206771
blk1086,3,215,ssa03_207168_C_G,207168
blk1087,3,216,ssa03_208571_A_T,208571
blk1088,3,217,ssa03_209649_G_C,209649
blk1089,3,218,ssa03_210456_T_A,210456
blk1090,3,219,ssa03_213930_C_G,213930
blk1091,3,220,ssa03_214995_A_T,214995
blk1092,3,221,ssa03_215518_G_C,215518
blk1093,3,222,ssa03_218281_T_A,218281
blk1094,3,223,ssa03_219033_C_G,219033
blk1094,3,224,ssa03_219042_A_T,219042
blk1095,3,225,ssa03_219873_G_C,219873
blk1096,3,226,ssa03_220353_T_A,220353
blk1097,3,227,ssa03_222301_C_G,222301
blk1098,3,228,ssa03_223661_A_T,223661
blk1099,3,229,ssa03_224264_G_C,224264
blk1100,3,230,ssa03_226281_T_A,226281
blk1101,3,231,ssa03_229051_C_G,229051
blk1101,3,232,ssa03_229158_A_T,229158
blk1102,3,233,ssa03_229507_G_C,229507
blk1103,3,234,ssa03_232314_T_A,232314
blk1104,3,235,ssa03_233114_C_G,233114
blk1104,3,236,ssa03_233228_A_T,233228
blk1105,3,237,ssa03_233956_G_C,233956
blk1106,3,238,ssa03_235106_T_A,235106
blk1106,3,239,ssa03_235114_C_G,235114
blk1107,3,240,ssa03_235947_A_T,235947
blk1108,3,241,ssa03_236663_G_C,236663
blk1109,3,242,ssa03_238606_T_A,238606
blk1110,3,243,ssa03_239886_C_G,239886
blk1111,3,244,ssa03_241092_A_T,241092
blk1112,3,245,ssa03_243436_G_C,243436
blk1112,3,246,ssa03_243437_T_A,243437
blk1113,3,247,ssa03_244886_C_G,244886
blk1114,3,248,ssa03_246286_A_T,246286
blk1115,3,249,ssa03_246767_G_C,246767
blk1116,3,250,ssa03_247858_T_A,247858
blk1117,3,251,ssa03_248870_C_G,248870
blk1118,3,252,ssa03_250110_A_T,250110
blk1118,3,253,ssa03_250188_G_C,250188
blk1118,3,254,ssa03_250215_T_A,250215
blk1119,3,255,ssa03_250857_C_G,250857
blk1120,3,256,ssa03_251732_A_T,251732
blk1121,3,257,ssa03_254402_G_C,254402
blk1122,3,258,ssa03_254900_T_A,254900
blk1123,3,259,ssa03_257639_C_G,257639
blk1124,3,260,ssa03_258948_A_T,258948
blk1125,3,261,ssa03_259689_G_C,259689
blk1125,3,262,ssa03_259732_T_A,259732
blk1126,3,263,ssa03_260099_C_G,260099
blk1126,3,264,ssa03_260113_A_T,260113
blk1127,3,265,ssa03_260595_G_C,260595
blk1128,3,266,ssa03_261314_T_A,261314
blk1129,3,267,ssa03_261856_C_G,261856
blk1130,3,268,ssa03_264653_A_T,264653
blk1131,3,269,ssa03_265757_G_C,265757
blk1132,3,270,ssa03_266946_T_A,266946
blk1133,3,271,ssa03_268734_C_G,268734
blk1134,3,272,ssa03_269954_A_T,269954
blk1135,3,273,ssa03_270710_G_C,270710
blk1136,3,274,ssa03_272270_T_A,272270
blk1137,3,275,ssa03_272678_C_G,272678
blk1138,3,276,ssa03_273064_A_T,273064
blk1139,3,277,ssa03_274627_G_C,274627
blk1140,3,278,ssa03_275346_T_A,275346
blk1141,3,279,ssa03_275575_C_G,275575
blk1142,3,280,ssa03_276300_A_T,276300
blk1143,3,281,ssa03_277380_G_C,277380
blk1144,3,282,ssa03_277671_T_A,277671
blk1145,3,283,ssa03_278885_C_G,278885
blk1146,3,284,ssa03_281263_A_T,281263
blk1147,3,285,ssa03_282341_G_C,282341
blk1148,3,286,ssa03_282995_T_A,282995
blk1149,3,287,ssa03_283875_C_G,283875
blk1150,3,288,ssa03_284271_A_T,284271
blk1151,3,289,ssa03_288525_G_C,288525
blk1152,3,290,ssa03_290131_T_A,290131
blk1153,3,291,ssa03_291192_C_G,291192
blk1154,3,292,ssa03_291371_A_T,291371
blk1155,3,293,ssa03_292629_G_C,292629
blk1156,3,294,ssa03_292944_T_A,292944
blk1157,3,295,ssa03_295408_C_G,295408
blk1158,3,296,ssa03_296220_A_T,296220
blk1159,3,297,ssa03_298177_G_C,298177
blk1160,3,298,ssa03_298342_T_A,298342
blk1161,3,299,ssa03_298880_C_G,298880
blk1162,3,300,ssa03_300300_A_T,300300
blk1163,3,301,ssa03_300681_G_C,300681
blk1164,3,302,ssa03_301997_T_A,301997
blk1164,3,303,ssa03_302108_C_G,302108
blk1165,3,304,ssa03_304816_A_T,304816
blk1166,3,305,ssa03_305861_G_C,305861
blk1167,3,306,ssa03_306523_T_A,306523
blk1168,3,307,ssa03_307444_C_G,307444
blk1168,3,308,ssa03_307533_A_T,307533
blk1169,3,309,ssa03_307885_G_C,307885
blk1170,3,310,ssa03_309461_T_A,309461
blk1171,3,311,ssa03_310620_C_G,310620
blk1172,3,312,ssa03_312662_A_T,312662
blk1173,3,313,ssa03_312869_G_C,312869
blk1174,3,314,ssa03_313017_T_A,313017
blk1174,3,315,ssa03_313049_C_G,313049
blk1175,3,316,ssa03_313306_A_T,313306
blk1176,3,317,ssa03_313731_G_C,313731
blk1177,3,318,ssa03_313956_T_A,313956
blk1178,3,319,ssa03_315134_C_G,315134
blk1179,3,320,ssa03_315878_A_T,315878
blk1180,3,321,ssa03_316485_G_C,316485
blk1181,3,322,ssa03_317279_T_A,317279
blk1182,3,323,ssa03_318586_C_G,318586
blk1183,3,324,ssa03_320204_A_T,320204
blk1184,3,325,ssa03_320899_G_C,320899
blk1185,3,326,ssa03_322086_T_A,322086
blk1186,3,327,ssa03_322423_C_G,322423
blk1187,3,328,ssa03_323463_A_T,323463
blk1188,3,329,ssa03_323755_G_C,323755
blk1189,3,330,ssa03_325294_T_A,325294
blk1189,3,331,ssa03_325417_C_G,325417
blk1190,3,332,ssa03_326283_A_T,326283
blk1190,3,333,ssa03_326384_G_C,326384
blk1191,3,334,ssa03_327076_T_A,327076
blk1191,3,335,ssa03_327103_C_G,327103
blk1192,3,336,ssa03_327580_A_T,327580
blk1193,3,337,ssa03_328143_G_C,328143
blk1194,3,338,ssa03_329094_T_A,329094
blk1195,3,339,ssa03_329989_C_G,329989
blk1196,3,340,ssa03_331118_A_T,331118
blk1197,3,341,ssa03_331819_G_C,331819
blk1198,3,342,ssa03_334033_T_A,334033
blk1199,3,343,ssa03_334983_C_G,334983
blk1200,3,344,ssa03_335623_A_T,335623
blk1200,3,345,ssa03_335739_G_C,335739
blk1201,3,346,ssa03_336496_T_A,336496
blk1202,3,347,ssa03_337104_C_G,337104
blk1203,3,348,ssa03_337267_A_T,337267
blk1204,3,349,ssa03_337699_G_C,337699
blk1205,3,350,ssa03_338153_T_A,338153
blk1206,3,351,ssa03_340464_C_G,340464
blk1207,3,352,ssa03_341102_A_T,341102
blk1208,3,353,ssa03_341920_G_C,341920
blk1209,3,354,ssa03_342648_T_A,342648
blk1210,3,355,ssa03_343520_C_G,343520
blk1211,3,356,ssa03_346706_A_T,346706
blk1212,3,357,ssa03_347859_G_C,347859
blk1212,3,358,ssa03_347958_T_A,347958
blk1213,3,359,ssa03_348879_C_G,348879
blk1214,3,360,ssa03_349590_A_T,349590
blk1215,3,361,ssa03_350953_G_C,350953
blk1216,3,362,ssa03_354540_T_A,354540
blk1217,3,363,ssa03_355426_C_G,355426
blk1218,3,364,ssa03_355796_A_T,355796
blk1219,3,365,ssa03_357034_G_C,357034
blk1220,3,366,ssa03_359573_T_A,359573
blk1221,3,367,ssa03_359972_C_G,359972
blk1222,3,368,ssa03_360302_A_T,360302
blk1223,3,369,ssa03_360565_G_C,360565
blk1224,3,370,ssa03_361152_T_A,361152
blk1225,3,371,ssa03_361598_C_G,361598
blk1226,3,372,ssa03_361815_A_T,361815
blk1227,3,373,ssa03_362664_G_C,362664
blk1228,3,374,ssa03_362929_T_A,362929
blk1229,3,375,ssa03_363484_C_G,363484
blk1230,3,376,ssa03_365489_A_T,365489
blk1231,3,377,ssa03_366306_G_C,366306
blk1232,3,378,ssa03_367497_T_A,367497
blk1233,3,379,ssa03_369159_C_G,369159
blk1234,3,380,ssa03_369600_A_T,369600
blk1234,3,381,ssa03_369689_G_C,369689
blk1235,3,382,ssa03_371803_T_A,371803
blk1236,3,383,ssa03_374799_C_G,374799
blk1237,3,384,ssa03_375398_A_T,375398
blk1238,3,385,ssa03_376171_G_C,376171
blk1239,3,386,ssa03_377257_T_A,377257
blk1240,3,387,ssa03_377978_C_G,377978
blk1241,3,388,ssa03_378805_A_T,378805
blk1242,3,389,ssa03_379219_G_C,379219
blk1243,3,390,ssa03_380456_T_A,380456
blk1243,3,391,ssa03_380521_C_G,380521
blk1244,3,392,ssa03_382310_A_T,382310
blk1245,3,393,ssa03_383635_G_C,383635
blk1246,3,394,ssa03_384665_T_A,384665
blk1247,3,395,ssa03_385985_C_G,385985
blk1248,3,396,ssa03_386588_A_T,386588
blk1248,3,397,ssa03_386630_G_C,386630
blk1249,3,398,ssa03_386997_T_A,386997
blk1250,3,399,ssa03_387367_C_G,387367
blk1251,3,400,ssa03_388745_A_T,388745
blk1252,3,401,ssa03_389825_G_C,389825
blk1253,3,402,ssa03_390120_T_A,390120
blk1254,3,403,ssa03_394159_C_G,394159
blk1255,3,404,ssa03_395634_A_T,395634
blk1256,3,405,ssa03_395845_G_C,395845
blk1257,3,406,ssa03_396405_T_A,396405
blk1258,3,407,ssa03_396633_C_G,396633
blk1259,3,408,ssa03_397324_A_T,397324
blk1259,3,409,ssa03_397412_G_C,397412
blk1260,3,410,ssa03_398643_T_A,398643
blk1261,3,411,ssa03_399562_C_G,399562
blk1262,3,412,ssa03_400958_A_T,400958
blk1263,3,413,ssa03_401633_G_C,401633
blk1264,3,414,ssa03_401929_T_A,401929
blk1264,3,415,ssa03_401959_C_G,401959
blk1264,3,416,ssa03_402008_A_T,402008
blk1265,3,417,ssa03_402058_G_C,402058
blk1266,3,418,ssa03_404292_T_A,404292
blk1267,3,419,ssa03_405802_C_G,405802
blk1268,3,420,ssa03_408705_A_T,408705
blk1269,3,421,ssa03_410374_G_C,410374
blk1269,3,422,ssa03_410415_T_A,410415
blk1270,3,423,ssa03_411552_C_G,411552
blk1271,3,424,ssa03_412553_A_T,412553
blk1272,3,425,ssa03_413750_G_C,413750
blk1273,3,426,ssa03_414149_T_A,414149
blk1274,3,427,ssa03_415050_C_G,415050
blk1275,3,428,ssa03_415541_A_T,415541
blk1276,3,429,ssa03_417485_G_C,417485
blk1277,3,430,ssa03_417994_T_A,417994
blk1278,3,431,ssa03_421156_C_G,421156
blk1279,3,432,ssa03_426374_A_T,426374
blk1280,3,433,ssa03_427386_G_C,427386
blk1281,3,434,ssa03_428533_T_A,428533
blk1282,3,435,ssa03_430715_C_G,430715
blk1283,3,436,ssa03_431250_A_T,431250
blk1284,3,437,ssa03_431589_G_C,431589
blk1285,3,438,ssa03_433586_T_A,433586
blk1286,3,439,ssa03_433862_C_G,433862
blk1287,3,440,ssa03_434343_A_T,434343
blk1288,3,441,ssa03_434990_G_C,434990
blk1289,3,442,ssa03_435498_T_A,435498
blk1290,3,443,ssa03_435746_C_G,435746
blk1291,3,444,ssa03_436744_A_T,436744
blk1292,3,445,ssa03_439048_G_C,439048
blk1293,3,446,ssa03_439547_T_A,439547
blk1293,3,447,ssa03_439591_C_G,439591
blk1294,3,448,ssa03_439716_A_T,439716
blk1295,3,449,ssa03_440897_G_C,440897
blk1296,3,450,ssa03_443899_T_A,443899
blk1296,3,451,ssa03_443969_C_G,443969
blk1297,3,452,ssa03_444114_A_T,444114
blk1298,3,453,ssa03_444326_G_C,444326
blk1299,3,454,ssa03_446382_T_A,446382
blk1300,3,455,ssa03_446521_C_G,446521
blk1301,3,456,ssa03_448466_A_T,448466
blk1301,3,457,ssa03_448540_G_C,448540
blk1302,3,458,ssa03_448918_T_A,448918
blk1303,3,459,ssa03_449515_C_G,449515
blk1304,3,460,ssa03_449773_A_T,449773
blk1305,3,461,ssa03_451060_G_C,451060
blk1306,3,462,ssa03_453811_T_A,453811
blk1307,3,463,ssa03_454364_C_G,454364
blk1308,3,464,ssa03_455027_A_T,455027
blk1309,3,465,ssa03_455230_G_C,455230
blk1310,3,466,ssa03_455434_T_A,455434
blk1311,3,467,ssa03_455859_C_G,455859
blk1312,3,468,ssa03_456347_A_T,456347
blk1313,3,469,ssa03_457681_G_C,457681
blk1314,3,470,ssa03_458363_T_A,458363
blk1315,3,471,ssa03_458790_C_G,458790
blk1316,3,472,ssa03_459454_A_T,459454
blk1317,3,473,ssa03_461022_G_C,461022
blk1318,3,474,ssa03_461686_T_A,461686
blk1319,3,475,ssa03_461966_C_G,461966
blk1320,3,476,ssa03_462603_A_T,462603
blk1321,3,477,ssa03_463533_G_C,463533
blk1322,3,478,ssa03_464038_T_A,464038
blk1323,3,479,ssa03_464265_C_G,464265
blk1324,3,480,ssa03_465112_A_T,465112
blk1325,3,481,ssa03_465419_G_C,465419
blk1326,3,482,ssa03_466034_T_A,466034
blk1327,3,483,ssa03_468933_C_G,468933
blk1328,3,484,ssa03_469364_A_T,469364
blk1329,3,485,ssa03_473314_G_C,473314
blk1330,3,486,ssa03_475364_T_A,475364
blk1330,3,487,ssa03_475368_C_G,475368
blk1331,3,488,ssa03_477188_A_T,477188
blk1332,3,489,ssa03_479656_G_C,479656
blk1333,3,490,ssa03_480340_T_A,480340
blk1334,3,491,ssa03_481939_C_G,481939
blk1335,3,492,ssa03_483449_A_T,483449
blk1336,3,493,ssa03_485897_G_C,485897
blk1337,3,494,ssa03_486575_T_A,486575
blk1338,3,495,ssa03_487076_C_G,487076
blk1339,3,496,ssa03_489240_A_T,489240
blk1340,3,497,ssa03_490638_G_C,490638
blk1341,3,498,ssa03_495192_T_A,495192
blk1342,3,499,ssa03_496193_C_G,496193
blk1343,4,0,ssa04_1025_A_T,1025
blk1344,4,1,ssa04_4084_G_C,4084
blk1345,4,2,ssa04_5849_T_A,5849
blk1346,4,3,ssa04_6219_C_G,6219
blk1347,4,4,ssa04_6559_A_T,6559
blk1348,4,5,ssa04_6686_G_C,6686
blk1349,4,6,ssa04_7025_T_A,7025
blk1350,4,7,ssa04_14466_C_G,14466
blk1351,4,8,ssa04_15225_A_T,15225
blk1352,4,9,ssa04_15359_G_C,15359
blk1353,4,10,ssa04_17051_T_A,17051
blk1354,4,11,ssa04_19453_C_G,19453
blk1355,4,12,ssa04_19617_A_T,19617
blk1356,4,13,ssa04_19851_G_C,19851
blk1356,4,14,ssa04_19873_T_A,19873
blk1357,4,15,ssa04_20150_C_G,20150
blk1358,4,16,ssa04_21123_A_T,21123
blk1359,4,17,ssa04_21692_G_C,21692
blk1360,4,18,ssa04_22009_T_A,22009
blk1361,4,19,ssa04_22499_C_G,22499
blk1362,4,20,ssa04_23978_A_T,23978
blk1363,4,21,ssa04_24112_G_C,24112
blk1364,4,22,ssa04_24626_T_A,24626
blk1365,4,23,ssa04_25578_C_G,25578
blk1366,4,24,ssa04_28195_A_T,28195
blk1367,4,25,ssa04_28382_G_C,28382
blk1368,4,26,ssa04_28574_T_A,28574
blk1369,4,27,ssa04_30394_C_G,30394
blk1370,4,28,ssa04_31150_A_T,31150
blk1371,4,29,ssa04_31289_G_C,31289
blk1372,4,30,ssa04_32084_T_A,32084
blk1373,4,31,ssa04_36820_C_G,36820
blk1374,4,32,ssa04_37128_A_T,37128
blk1375,4,33,ssa04_37650_G_C,37650
blk1376,4,34,ssa04_37912_T_A,37912
blk1377,4,35,ssa04_38874_C_G,38874
blk1378,4,36,ssa04_39738_A_T,39738
blk1379,4,37,ssa04_40347_G_C,40347
blk1380,4,38,ssa04_40501_T_A,40501
blk1381,4,39,ssa04_40736_C_G,40736
blk1382,4,40,ssa04_44330_A_T,44330
blk1382,4,41,ssa04_44351_G_C,44351
blk1383,4,42,ssa04_44722_T_A,44722
blk1384,4,43,ssa04_45999_C_G,45999
blk1384,4,44,ssa04_46007_A_T,46007
blk1384,4,45,ssa04_46052_G_C,46052
blk1384,4,46,ssa04_46075_T_A,46075
blk1385,4,47,ssa04_46135_C_G,46135
blk1385,4,48,ssa04_46169_A_T,46169
blk1386,4,49,ssa04_46876_G_C,46876
blk1387,4,50,ssa04_47771_T_A,47771
blk1388,4,51,ssa04_49527_C_G,49527
blk1389,4,52,ssa04_50593_A_T,50593
blk1390,4,53,ssa04_52545_G_C,52545
blk1391,4,54,ssa04_53383_T_A,53383
blk1392,4,55,ssa04_54148_C_G,54148
blk1393,4,56,ssa04_55217_A_T,55217
blk1394,4,57,ssa04_55724_G_C,55724
blk1394,4,58,ssa04_55808_T_A,55808
blk1395,4,59,ssa04_56363_C_G,56363
blk1396,4,60,ssa04_57845_A_T,57845
blk1397,4,61,ssa04_58260_G_C,58260
blk1398,4,62,ssa04_60381_T_A,60381
blk1399,4,63,ssa04_60617_C_G,60617
blk1400,4,64,ssa04_62069_A_T,62069
blk1400,4,65,ssa04_62133_G_C,62133
blk1401,4,66,ssa04_62203_T_A,62203
blk1402,4,67,ssa04_62472_C_G,62472
blk1402,4,68,ssa04_62523_A_T,62523
blk1402,4,69,ssa04_62547_G_C,62547
blk1403,4,70,ssa04_62884_T_A,62884
blk1404,4,71,ssa04_64893_C_G,64893
blk1405,4,72,ssa04_65504_A_T,65504
blk1406,4,73,ssa04_66477_G_C,66477
blk1407,4,74,ssa04_66846_T_A,66846
blk1408,4,75,ssa04_68339_C_G,68339
blk1409,4,76,ssa04_70976_A_T,70976
blk1410,4,77,ssa04_71487_G_C,71487
blk1411,4,78,ssa04_72248_T_A,72248
blk1412,4,79,ssa04_72659_C_G,72659
blk1413,4,80,ssa04_76149_A_T,76149
blk1414,4,81,ssa04_76628_G_C,76628
blk1414,4,82,ssa04_76728_T_A,76728
blk1415,4,83,ssa04_78493_C_G,78493
blk1415,4,84,ssa04_78609_A_T,78609
blk1416,4,85,ssa04_79531_G_C,79531
blk1417,4,86,ssa04_80694_T_A,80694
blk1418,4,87,ssa04_81829_C_G,81829
blk1419,4,88,ssa04_83926_A_T,83926
blk1420,4,89,ssa04_84555_G_C,84555
blk1421,4,90,ssa04_86205_T_A,86205
blk1422,4,91,ssa04_86791_C_G,86791
blk1423,4,92,ssa04_87230_A_T,87230
blk1424,4,93,ssa04_87928_G_C,87928
blk1425,4,94,ssa04_88201_T_A,88201
blk1425,4,95,ssa04_88268_C_G,88268
blk1426,4,96,ssa04_88478_A_T,88478
blk1427,4,97,ssa04_89748_G_C,89748
blk1428,4,98,ssa04_91094_T_A,91094
blk1429,4,99,ssa04_92510_C_G,92510
blk1430,4,100,ssa04_93061_A_T,93061
blk1431,4,101,ssa04_93315_G_C,93315
blk1432,4,102,ssa04_94471_T_A,94471
blk1433,4,103,ssa04_95116_C_G,95116
blk1434,4,104,ssa04_95274_A_T,95274
blk1435,4,105,ssa04_95967_G_C,95967
blk1436,4,106,ssa04_96326_T_A,96326
blk1437,4,107,ssa04_98136_C_G,98136
blk1438,4,108,ssa04_98588_A_T,98588
blk1439,4,109,ssa04_98965_G_C,98965
blk1440,4,110,ssa04_100824_T_A,100824
blk1441,4,111,ssa04_102215_C_G,102215
blk1442,4,112,ssa04_102634_A_T,102634
blk1443,4,113,ssa04_103637_G_C,103637
blk1444,4,114,ssa04_105012_T_A,105012
blk1445,4,115,ssa04_105259_C_G,105259
blk1446,4,116,ssa04_106250_A_T,106250
blk1447,4,117,ssa04_106860_G_C,106860
blk1448,4,118,ssa04_107466_T_A,107466
blk1449,4,119,ssa04_108354_C_G,108354
blk1450,4,120,ssa04_108667_A_T,108667
blk1451,4,121,ssa04_109044_G_C,109044
blk1452,4,122,ssa04_110468_T_A,110468
blk1453,4,123,ssa04_111979_C_G,111979
blk1454,4,124,ssa04_112112_A_T,112112
blk1455,4,125,ssa04_113059_G_C,113059
blk1456,4,126,ssa04_113794_T_A,113794
blk1457,4,127,ssa04_113923_C_G,113923
blk1458,4,128,ssa04_114056_A_T,114056
blk1459,4,129,ssa04_114738_G_C,114738
blk1460,4,130,ssa04_114951_T_A,114951
blk1461,4,131,ssa04_117895_C_G,117895
blk1462,4,132,ssa04_118446_A_T,118446
blk1463,4,133,ssa04_119692_G_C,119692
blk1464,4,134,ssa04_124425_T_A,124425
blk1464,4,135,ssa04_124465_C_G,124465
blk1465,4,136,ssa04_126565_A_T,126565
blk1465,4,137,ssa04_126587_G_C,126587
blk1466,4,138,ssa04_127054_T_A,127054
blk1467,4,139,ssa04_127632_C_G,127632
blk1468,4,140,ssa04_128059_A_T,128059
blk1469,4,141,ssa04_130104_G_C,130104
blk1470,4,142,ssa04_136220_T_A,136220
blk1471,4,143,ssa04_139050_C_G,139050
blk1472,4,144,ssa04_139264_A_T,139264
blk1472,4,145,ssa04_139381_G_C,139381
blk1473,4,146,ssa04_140529_T_A,140529
blk1474,4,147,ssa04_141222_C_G,141222
blk1475,4,148,ssa04_143935_A_T,143935
blk1476,4,149,ssa04_144410_G_C,144410
blk1477,4,150,ssa04_146264_T_A,146264
blk1478,4,151,ssa04_146910_C_G,146910
blk1479,4,152,ssa04_148629_A_T,148629
blk1480,4,153,ssa04_149009_G_C,149009
blk1481,4,154,ssa04_150421_T_A,150421
blk1482,4,155,ssa04_153867_C_G,153867
blk1483,4,156,ssa04_155066_A_T,155066
blk1484,4,157,ssa04_155425_G_C,155425
blk1485,4,158,ssa04_155986_T_A,155986
blk1486,4,159,ssa04_157068_C_G,157068
blk1487,4,160,ssa04_157917_A_T,157917
blk1488,4,161,ssa04_158653_G_C,158653
blk1489,4,162,ssa04_160799_T_A,160799
blk1490,4,163,ssa04_165383_C_G,165383
blk1491,4,164,ssa04_165611_A_T,165611
blk1492,4,165,ssa04_167465_G_C,167465
blk1493,4,166,ssa04_168665_T_A,168665
blk1494,4,167,ssa04_169943_C_G,169943
blk1495,4,168,ssa04_170208_A_T,170208
blk1496,4,169,ssa04_172501_G_C,172501
blk1497,4,170,ssa04_173326_T_A,173326
blk1498,4,171,ssa04_173964_C_G,173964
blk1499,4,172,ssa04_176710_A_T,176710
blk1500,4,173,ssa04_178201_G_C,178201
blk1501,4,174,ssa04_178839_T_A,178839
blk1502,4,175,ssa04_180140_C_G,180140
blk1503,4,176,ssa04_180753_A_T,180753
blk1504,4,177,ssa04_180983_G_C,180983
blk1504,4,178,ssa04_181067_T_A,181067
blk1505,4,179,ssa04_181658_C_G,181658
blk1506,4,180,ssa04_181878_A_T,181878
blk1507,4,181,ssa04_182111_G_C,182111
blk1508,4,182,ssa04_183521_T_A,183521
blk1509,4,183,ssa04_183958_C_G,183958
blk1510,4,184,ssa04_185367_A_T,185367
blk1510,4,185,ssa04_185405_G_C,185405
blk1511,4,186,ssa04_186899_T_A,186899
blk1511,4,187,ssa04_186907_C_G,186907
blk1512,4,188,ssa04_187159_A_T,187159
blk1512,4,189,ssa04_187280_G_C,187280
blk1513,4,190,ssa04_187962_T_A,187962
blk1514,4,191,ssa04_188900_C_G,188900
blk1515,4,192,ssa04_190979_A_T,190979
blk1516,4,193,ssa04_192091_G_C,192091
blk1517,4,194,ssa04_192736_T_A,192736
blk1518,4,195,ssa04_193399_C_G,193399
blk1518,4,196,ssa04_193404_A_T,193404
blk1519,4,197,ssa04_195936_G_C,195936
blk1520,4,198,ssa04_199106_T_A,199106
blk1521,4,199,ssa04_199500_C_G,199500
blk1522,4,200,ssa04_199709_A_T,199709
blk1523,4,201,ssa04_200787_G_C,200787
blk1524,4,202,ssa04_201392_T_A,201392
blk1525,4,203,ssa04_201580_C_G,201580
blk1525,4,204,ssa04_201585_A_T,201585
blk1526,4,205,ssa04_202943_G_C,202943
blk1527,4,206,ssa04_204442_T_A,204442
blk1528,4,207,ssa04_205224_C_G,205224
blk1529,4,208,ssa04_205732_A_T,205732
blk1530,4,209,ssa04_205858_G_C,205858
blk1531,4,210,ssa04_206180_T_A,206180
blk1532,4,211,ssa04_206559_C_G,206559
blk1533,4,212,ssa04_207234_A_T,207234
blk1534,4,213,ssa04_207668_G_C,207668
blk1535,4,214,ssa04_208531_T_A,208531
blk1536,4,215,ssa04_209310_C_G,209310
blk1537,4,216,ssa04_210026_A_T,210026
blk1538,4,217,ssa04_210325_G_C,210325
blk1539,4,218,ssa04_211653_T_A,211653
blk1540,4,219,ssa04_211787_C_G,211787
blk1540,4,220,ssa04_211884_A_T,211884
blk1541,4,221,ssa04_213689_G_C,213689
blk1542,4,222,ssa04_216058_T_A,216058
blk1543,4,223,ssa04_216530_C_G,216530
blk1543,4,224,ssa04_216561_A_T,216561
blk1544,4,225,ssa04_217668_G_C,217668
blk1545,4,226,ssa04_218019_T_A,218019
blk1546,4,227,ssa04_220465_C_G,220465
blk1547,4,228,ssa04_222591_A_T,222591
blk1548,4,229,ssa04_223504_G_C,223504
blk1549,4,230,ssa04_223870_T_A,223870
blk1550,4,231,ssa04_224164_C_G,224164
blk1551,4,232,ssa04_225442_A_T,225442
blk1552,4,233,ssa04_226624_G_C,226624
blk1553,4,234,ssa04_227661_T_A,227661
blk1554,4,235,ssa04_230068_C_G,230068
blk1555,4,236,ssa04_231498_A_T,231498
blk1556,4,237,ssa04_233163_G_C,233163
blk1557,4,238,ssa04_234733_T_A,234733
blk1558,4,239,ssa04_235504_C_G,235504
blk1559,4,240,ssa04_236219_A_T,236219
blk1560,4,241,ssa04_236816_G_C,236816
blk1560,4,242,ssa04_236896_T_A,236896
blk1561,4,243,ssa04_238136_C_G,238136
blk1562,4,244,ssa04_238852_A_T,238852
blk1563,4,245,ssa04_239235_G_C,239235
blk1564,4,246,ssa04_240426_T_A,240426
blk1564,4,247,ssa04_240443_C_G,240443
blk1565,4,248,ssa04_242129_A_T,242129
blk1566,4,249,ssa04_244182_G_C,244182
blk1567,4,250,ssa04_245390_T_A,245390
blk1568,4,251,ssa04_245745_C_G,245745
blk1569,4,252,ssa04_250638_A_T,250638
blk1570,4,253,ssa04_250851_G_C,250851
blk1571,4,254,ssa04_251556_T_A,251556
blk1572,4,255,ssa04_251878_C_G,251878
blk1573,4,256,ssa04_252894_A_T,252894
blk1574,4,257,ssa04_253100_G_C,253100
blk1575,4,258,ssa04_253588_T_A,253588
blk1576,4,259,ssa04_253820_C_G,253820
blk1577,4,260,ssa04_256824_A_T,256824
blk1578,4,261,ssa04_257612_G_C,257612
blk1579,4,262,ssa04_258831_T_A,258831
blk1580,4,263,ssa04_259313_C_G,259313
blk1581,4,264,ssa04_260093_A_T,260093
blk1582,4,265,ssa04_260509_G_C,260509
blk1582,4,266,ssa04_260583_T_A,260583
blk1583,4,267,ssa04_261108_C_G,261108
blk1583,4,268,ssa04_261204_A_T,261204
blk1583,4,269,ssa04_261225_G_C,261225
blk1584,4,270,ssa04_261688_T_A,261688
blk1585,4,271,ssa04_262537_C_G,262537
blk1586,4,272,ssa04_265263_A_T,265263
blk1587,4,273,ssa04_265525_G_C,265525
blk1588,4,274,ssa04_266160_T_A,266160
blk1589,4,275,ssa04_268039_C_G,268039
blk1590,4,276,ssa04_268663_A_T,268663
blk1591,4,277,ssa04_268863_G_C,268863
blk1592,4,278,ssa04_270376_T_A,270376
blk1593,4,279,ssa04_271901_C_G,271901
blk1594,4,280,ssa04_272638_A_T,272638
blk1595,4,281,ssa04_272954_G_C,272954
blk1596,4,282,ssa04_273501_T_A,273501
blk1597,4,283,ssa04_274518_C_G,274518
blk1598,4,284,ssa04_275071_A_T,275071
blk1599,4,285,ssa04_276234_G_C,276234
blk1600,4,286,ssa04_277624_T_A,277624
blk1601,4,287,ssa04_278564_C_G,278564
blk1602,4,288,ssa04_279422_A_T,279422
blk1603,4,289,ssa04_280482_G_C,280482
blk1604,4,290,ssa04_281055_T_A,281055
blk1605,4,291,ssa04_281551_C_G,281551
blk1606,4,292,ssa04_281700_A_T,281700
blk1607,4,293,ssa04_283391_G_C,283391
blk1608,4,294,ssa04_285117_T_A,285117
blk1609,4,295,ssa04_285666_C_G,285666
blk1609,4,296,ssa04_285675_A_T,285675
blk1610,4,297,ssa04_285955_G_C,285955
blk1610,4,298,ssa04_286078_T_A,286078
blk1611,4,299,ssa04_286930_C_G,286930
blk1612,4,300,ssa04_287723_A_T,287723
blk1613,4,301,ssa04_288090_G_C,288090
blk1614,4,302,ssa04_290615_T_A,290615
blk1614,4,303,ssa04_290702_C_G,290702
blk1615,4,304,ssa04_292906_A_T,292906
blk1616,4,305,ssa04_294028_G_C,294028
blk1617,4,306,ssa04_295707_T_A,295707
blk1618,4,307,ssa04_296220_C_G,296220
blk1618,4,308,ssa04_296300_A_T,296300
blk1619,4,309,ssa04_296592_G_C,296592
blk1620,4,310,ssa04_297993_T_A,297993
blk1620,4,311,ssa04_298077_C_G,298077
blk1621,4,312,ssa04_301275_A_T,301275
blk1622,4,313,ssa04_303848_G_C,303848
blk1623,4,314,ssa04_303995_T_A,303995
blk1624,4,315,ssa04_304372_C_G,304372
blk1625,4,316,ssa04_305394_A_T,305394
blk1626,4,317,ssa04_307285_G_C,307285
blk1626,4,318,ssa04_307306_T_A,307306
blk1627,4,319,ssa04_307648_C_G,307648
blk1628,4,320,ssa04_308772_A_T,308772
blk1629,4,321,ssa04_310733_G_C,310733
blk1630,4,322,ssa04_311801_T_A,311801
blk1631,4,323,ssa04_312173_C_G,312173
blk1632,4,324,ssa04_313223_A_T,313223
blk1633,4,325,ssa04_313622_G_C,313622
blk1634,4,326,ssa04_315519_T_A,315519
blk1635,4,327,ssa04_317607_C_G,317607
blk1636,4,328,ssa04_317976_A_T,317976
blk1637,4,329,ssa04_318945_G_C,318945
blk1638,4,330,ssa04_319865_T_A,319865
blk1639,4,331,ssa04_322341_C_G,322341
blk1640,4,332,ssa04_322661_A_T,322661
blk1641,4,333,ssa04_324538_G_C,324538
blk1642,4,334,ssa04_324931_T_A,324931
blk1643,4,335,ssa04_326739_C_G,326739
blk1644,4,336,ssa04_327200_A_T,327200
blk1645,4,337,ssa04_327510_G_C,327510
blk1645,4,338,ssa04_327585_T_A,327585
blk1646,4,339,ssa04_330044_C_G,330044
blk1647,4,340,ssa04_330979_A_T,330979
blk1648,4,341,ssa04_333884_G_C,333884
blk1649,4,342,ssa04_335097_T_A,335097
blk1649,4,343,ssa04_335099_C_G,335099
blk1650,4,344,ssa04_335241_A_T,335241
blk1651,4,345,ssa04_336639_G_C,336639
blk1652,4,346,ssa04_338454_T_A,338454
blk1653,4,347,ssa04_339186_C_G,339186
blk1654,4,348,ssa04_340633_A_T,340633
blk1655,4,349,ssa04_340983_G_C,340983
blk1656,4,350,ssa04_341261_T_A,341261
blk1657,4,351,ssa04_343923_C_G,343923
blk1658,4,352,ssa04_344731_A_T,344731
blk1659,4,353,ssa04_345298_G_C,345298
blk1660,4,354,ssa04_345972_T_A,345972
blk1661,4,355,ssa04_346371_C_G,346371
blk1661,4,356,ssa04_346391_A_T,346391
blk1662,4,357,ssa04_346855_G_C,346855
blk1663,4,358,ssa04_347112_T_A,347112
blk1664,4,359,ssa04_347407_C_G,347407
blk1665,4,360,ssa04_348852_A_T,348852
blk1666,4,361,ssa04_349015_G_C,349015
blk1667,4,362,ssa04_349448_T_A,349448
blk1668,4,363,ssa04_350564_C_G,350564
blk1669,4,364,ssa04_351354_A_T,351354
blk1670,4,365,ssa04_352431_G_C,352431
blk1671,4,366,ssa04_356343_T_A,356343
blk1672,4,367,ssa04_358076_C_G,358076
blk1672,4,368,ssa04_358181_A_T,358181
blk1673,4,369,ssa04_358764_G_C,358764
blk1674,4,370,ssa04_360504_T_A,360504
blk1675,4,371,ssa04_363962_C_G,363962
blk1676,4,372,ssa04_364161_A_T,364161
blk1677,4,373,ssa04_366863_G_C,366863
blk1678,4,374,ssa04_367826_T_A,367826
blk1679,4,375,ssa04_368309_C_G,368309
blk1680,4,376,ssa04_369128_A_T,369128
blk1680,4,377,ssa04_369171_G_C,369171
blk1681,4,378,ssa04_370648_T_A,370648
blk1682,4,379,ssa04_373228_C_G,373228
blk1683,4,380,ssa04_373930_A_T,373930
blk1684,4,381,ssa04_376155_G_C,376155
blk1685,4,382,ssa04_376368_T_A,376368
blk1686,4,383,ssa04_376936_C_G,376936
blk1687,4,384,ssa04_380887_A_T,380887
blk1688,4,385,ssa04_381323_G_C,381323
blk1689,4,386,ssa04_385123_T_A,385123
blk1690,4,387,ssa04_385669_C_G,385669
blk1691,4,388,ssa04_387052_A_T,387052
blk1692,4,389,ssa04_387872_G_C,387872
blk1693,4,390,ssa04_388011_T_A,388011
blk1694,4,391,ssa04_388482_C_G,388482
blk1695,4,392,ssa04_388864_A_T,388864
blk1695,4,393,ssa04_388919_G_C,388919
blk1695,4,394,ssa04_388949_T_A,388949
blk1696,4,395,ssa04_389337_C_G,389337
blk1697,4,396,ssa04_389598_A_T,389598
blk1698,4,397,ssa04_390521_G_C,390521
blk1699,4,398,ssa04_395219_T_A,395219
blk1700,4,399,ssa04_396579_C_G,396579
blk1701,4,400,ssa04_397362_A_T,397362
blk1702,4,401,ssa04_397556_G_C,397556
blk1703,4,402,ssa04_398122_T_A,398122
blk1703,4,403,ssa04_398244_C_G,398244
blk1704,4,404,ssa04_400281_A_T,400281
blk1705,4,405,ssa04_400964_G_C,400964
blk1706,4,406,ssa04_401107_T_A,401107
blk1707,4,407,ssa04_402488_C_G,402488
blk1708,4,408,ssa04_402721_A_T,402721
blk1709,4,409,ssa04_403620_G_C,403620
blk1709,4,410,ssa04_403697_T_A,403697
blk1710,4,411,ssa04_405036_C_G,405036
blk1711,4,412,ssa04_409238_A_T,409238
blk1711,4,413,ssa04_409356_G_C,409356
blk1712,4,414,ssa04_410298_T_A,410298
blk1713,4,415,ssa04_411064_C_G,411064
blk1714,4,416,ssa04_414059_A_T,414059
blk1715,4,417,ssa04_414273_G_C,414273
blk1716,4,418,ssa04_414705_T_A,414705
blk1717,4,419,ssa04_414984_C_G,414984
blk1718,4,420,ssa04_416837_A_T,416837
blk1719,4,421,ssa04_418724_G_C,418724
blk1720,4,422,ssa04_419196_T_A,419196
blk1720,4,423,ssa04_419318_C_G,419318
blk1721,4,424,ssa04_420397_A_T,420397
blk1721,4,425,ssa04_420413_G_C,420413
blk1722,4,426,ssa04_421568_T_A,421568
blk1723,4,427,ssa04_422451_C_G,422451
blk1724,4,428,ssa04_425474_A_T,425474
blk1725,4,429,ssa04_426276_G_C,426276
blk1726,4,430,ssa04_426437_T_A,426437
blk1727,4,431,ssa04_427142_C_G,427142
blk1728,4,432,ssa04_427458_A_T,427458
blk1729,4,433,ssa04_429394_G_C,429394
blk1730,4,434,ssa04_429617_T_A,429617
blk1730,4,435,ssa04_429688_C_G,429688
blk1731,4,436,ssa04_429885_A_T,429885
blk1732,4,437,ssa04_431561_G_C,431561
blk1733,4,438,ssa04_432148_T_A,432148
blk1734,4,439,ssa04_432811_C_G,432811
blk1735,4,440,ssa04_434896_A_T,434896
blk1736,4,441,ssa04_436758_G_C,436758
blk1737,4,442,ssa04_438084_T_A,438084
blk1737,4,443,ssa04_438199_C_G,438199
blk1738,4,444,ssa04_440377_A_T,440377
blk1739,4,445,ssa04_441845_G_C,441845
blk1740,4,446,ssa04_442967_T_A,442967
blk1741,4,447,ssa04_443439_C_G,443439
blk1742,4,448,ssa04_444274_A_T,444274
blk1743,4,449,ssa04_446641_G_C,446641
blk1743,4,450,ssa04_446691_T_A,446691
blk1744,4,451,ssa04_447164_C_G,447164
blk1745,4,452,ssa04_450857_A_T,450857
blk1745,4,453,ssa04_450939_G_C,450939
blk1746,4,454,ssa04_451131_T_A,451131
blk1747,4,455,ssa04_452164_C_G,452164
blk1747,4,456,ssa04_452258_A_T,452258
blk1748,4,457,ssa04_452590_G_C,452590
blk1749,4,458,ssa04_452756_T_A,452756
blk1749,4,459,ssa04_452821_C_G,452821
blk1750,4,460,ssa04_452969_A_T,452969
blk1751,4,461,ssa04_453681_G_C,453681
blk1752,4,462,ssa04_455159_T_A,455159
blk1752,4,463,ssa04_455262_C_G,455262
blk1753,4,464,ssa04_456017_A_T,456017
blk1754,4,465,ssa04_457127_G_C,457127
blk1755,4,466,ssa04_457605_T_A,457605
blk1756,4,467,ssa04_458268_C_G,458268
blk1757,4,468,ssa04_460256_A_T,460256
blk1758,4,469,ssa04_460768_G_C,460768
blk1759,4,470,ssa04_461575_T_A,461575
blk1760,4,471,ssa04_464537_C_G,464537
blk1761,4,472,ssa04_469975_A_T,469975
blk1762,4,473,ssa04_470523_G_C,470523
blk1763,4,474,ssa04_471373_T_A,471373
blk1764,4,475,ssa04_472368_C_G,472368
blk1765,4,476,ssa04_472648_A_T,472648
blk1766,4,477,ssa04_473411_G_C,473411
blk1767,4,478,ssa04_473638_T_A,473638
blk1768,4,479,ssa04_475790_C_G,475790
blk1769,4,480,ssa04_477346_A_T,477346
blk1770,4,481,ssa04_478090_G_C,478090
blk1770,4,482,ssa04_478179_T_A,478179
blk1771,4,483,ssa04_478992_C_G,478992
blk1772,4,484,ssa04_482164_A_T,482164
blk1773,4,485,ssa04_484197_G_C,484197
blk1774,4,486,ssa04_484825_T_A,484825
blk1775,4,487,ssa04_485266_C_G,485266
blk1776,4,488,ssa04_488263_A_T,488263
blk1777,4,489,ssa04_488998_G_C,488998
blk1778,4,490,ssa04_492262_T_A,492262
blk1779,4,491,ssa04_493398_C_G,493398
blk1780,4,492,ssa04_494534_A_T,494534
blk1781,4,493,ssa04_494953_G_C,494953
blk1782,4,494,ssa04_495111_T_A,495111
blk1783,4,495,ssa04_495640_C_G,495640
blk1784,4,496,ssa04_495783_A_T,495783
blk1785,4,497,ssa04_497662_G_C,497662
blk1786,4,498,ssa04_497842_T_A,497842
blk1786,4,499,ssa04_497907_C_G,497907
blk1787,5,0,ssa05_1488_A_T,1488
blk1788,5,1,ssa05_5139_G_C,5139
blk1789,5,2,ssa05_7506_T_A,7506
blk1790,5,3,ssa05_9221_C_G,9221
blk1791,5,4,ssa05_9641_A_T,9641
blk1792,5,5,ssa05_10790_G_C,10790
blk1793,5,6,ssa05_11495_T_A,11495
blk1794,5,7,ssa05_13289_C_G,13289
blk1795,5,8,ssa05_14408_A_T,14408
blk1796,5,9,ssa05_14592_G_C,14592
blk1797,5,10,ssa05_15395_T_A,15395
blk1798,5,11,ssa05_18539_C_G,18539
blk1799,5,12,ssa05_18818_A_T,18818
blk1800,5,13,ssa05_19911_G_C,19911
blk1801,5,14,ssa05_21107_T_A,21107
blk1802,5,15,ssa05_24017_C_G,24017
blk1803,5,16,ssa05_24549_A_T,24549
blk1804,5,17,ssa05_25680_G_C,25680
blk1805,5,18,ssa05_26403_T_A,26403
blk1806,5,19,ssa05_26803_C_G,26803
blk1807,5,20,ssa05_28492_A_T,28492
blk1808,5,21,ssa05_30298_G_C,30298
blk1809,5,22,ssa05_36516_T_A,36516
blk1810,5,23,ssa05_36691_C_G,36691
blk1811,5,24,ssa05_37692_A_T,37692
blk1811,5,25,ssa05_37774_G_C,37774
blk1812,5,26,ssa05_38832_T_A,38832
blk1813,5,27,ssa05_39033_C_G,39033
blk1814,5,28,ssa05_39907_A_T,39907
blk1815,5,29,ssa05_40165_G_C,40165
blk1816,5,30,ssa05_40577_T_A,40577
blk1817,5,31,ssa05_40965_C_G,40965
blk1818,5,32,ssa05_41442_A_T,41442
blk1819,5,33,ssa05_41728_G_C,41728
blk1820,5,34,ssa05_42183_T_A,42183
blk1821,5,35,ssa05_43786_C_G,43786
blk1822,5,36,ssa05_46419_A_T,46419
blk1823,5,37,ssa05_46765_G_C,46765
blk1824,5,38,ssa05_47264_T_A,47264
blk1825,5,39,ssa05_48162_C_G,48162
blk1826,5,40,ssa05_52258_A_T,52258
blk1827,5,41,ssa05_52646_G_C,52646
blk1828,5,42,ssa05_53398_T_A,53398
blk1829,5,43,ssa05_55897_C_G,55897
blk1830,5,44,ssa05_56732_A_T,56732
blk1831,5,45,ssa05_60478_G_C,60478
blk1832,5,46,ssa05_62183_T_A,62183
blk1833,5,47,ssa05_63351_C_G,63351
blk1834,5,48,ssa05_65703_A_T,65703
blk1835,5,49,ssa05_68088_G_C,68088
blk1836,5,50,ssa05_69305_T_A,69305
blk1837,5,51,ssa05_70815_C_G,70815
blk1838,5,52,ssa05_71817_A_T,71817
blk1839,5,53,ssa05_73451_G_C,73451
blk1840,5,54,ssa05_73758_T_A,73758
blk1841,5,55,ssa05_77941_C_G,77941
blk1842,5,56,ssa05_78764_A_T,78764
blk1843,5,57,ssa05_79077_G_C,79077
blk1844,5,58,ssa05_79571_T_A,79571
blk1845,5,59,ssa05_80701_C_G,80701
blk1846,5,60,ssa05_83315_A_T,83315
blk1847,5,61,ssa05_85679_G_C,85679
blk1848,5,62,ssa05_87919_T_A,87919
blk1849,5,63,ssa05_88201_C_G,88201
blk1850,5,64,ssa05_89716_A_T,89716
blk1851,5,65,ssa05_92423_G_C,92423
blk1852,5,66,ssa05_93754_T_A,93754
blk1853,5,67,ssa05_94659_C_G,94659
blk1854,5,68,ssa05_95739_A_T,95739
blk1855,5,69,ssa05_98116_G_C,98116
blk1856,5,70,ssa05_98872_T_A,98872
blk1857,5,71,ssa05_99919_C_G,99919
blk1858,5,72,ssa05_100739_A_T,100739
blk1859,5,73,ssa05_101182_G_C,101182
blk1860,5,74,ssa05_101559_T_A,101559
blk1861,5,75,ssa05_102227_C_G,102227
blk1862,5,76,ssa05_102475_A_T,102475
blk1863,5,77,ssa05_103149_G_C,103149
blk1864,5,78,ssa05_103428_T_A,103428
blk1865,5,79,ssa05_104467_C_G,104467
blk1866,5,80,ssa05_105367_A_T,105367
blk1867,5,81,ssa05_105509_G_C,105509
blk1868,5,82,ssa05_106473_T_A,106473
blk1869,5,83,ssa05_107020_C_G,107020
blk1869,5,84,ssa05_107060_A_T,107060
blk1870,5,85,ssa05_107557_G_C,107557
blk1871,5,86,ssa05_108125_T_A,108125
blk1872,5,87,ssa05_111171_C_G,111171
blk1873,5,88,ssa05_112631_A_T,112631
blk1874,5,89,ssa05_113629_G_C,113629
blk1875,5,90,ssa05_115379_T_A,115379
blk1875,5,91,ssa05_115395_C_G,115395
blk1876,5,92,ssa05_116631_A_T,116631
blk1877,5,93,ssa05_117968_G_C,117968
blk1878,5,94,ssa05_118223_T_A,118223
blk1879,5,95,ssa05_118412_C_G,118412
blk1879,5,96,ssa05_118475_A_T,118475
blk1880,5,97,ssa05_118558_G_C,118558
blk1881,5,98,ssa05_120115_T_A,120115
blk1882,5,99,ssa05_120264_C_G,120264
blk1882,5,100,ssa05_120326_A_T,120326
blk1883,5,101,ssa05_120604_G_C,120604
blk1884,5,102,ssa05_120872_T_A,120872
blk1885,5,103,ssa05_121655_C_G,121655
blk1886,5,104,ssa05_123737_A_T,123737
blk1887,5,105,ssa05_124505_G_C,124505
blk1888,5,106,ssa05_124973_T_A,124973
blk1889,5,107,ssa05_126009_C_G,126009
blk1890,5,108,ssa05_126778_A_T,126778
blk1890,5,109,ssa05_126781_G_C,126781
blk1890,5,110,ssa05_126823_T_A,126823
blk1891,5,111,ssa05_127794_C_G,127794
blk1892,5,112,ssa05_129139_A_T,129139
blk1893,5,113,ssa05_129839_G_C,129839
blk1894,5,114,ssa05_130166_T_A,130166
blk1895,5,115,ssa05_131327_C_G,131327
blk1896,5,116,ssa05_132154_A_T,132154
blk1897,5,117,ssa05_132668_G_C,132668
blk1898,5,118,ssa05_134415_T_A,134415
blk1898,5,119,ssa05_134506_C_G,134506
blk1899,5,120,ssa05_135597_A_T,135597
blk1900,5,121,ssa05_137022_G_C,137022
blk1901,5,122,ssa05_137644_T_A,137644
blk1902,5,123,ssa05_140203_C_G,140203
blk1903,5,124,ssa05_140739_A_T,140739
blk1903,5,125,ssa05_140824_G_C,140824
blk1904,5,126,ssa05_141971_T_A,141971
blk1905,5,127,ssa05_142743_C_G,142743
blk1905,5,128,ssa05_142772_A_T,142772
blk1906,5,129,ssa05_145897_G_C,145897
blk1907,5,130,ssa05_149228_T_A,149228
blk1908,5,131,ssa05_151223_C_G,151223
blk1909,5,132,ssa05_151501_A_T,151501
blk1910,5,133,ssa05_152504_G_C,152504
blk1911,5,134,ssa05_154017_T_A,154017
blk1912,5,135,ssa05_155030_C_G,155030
blk1913,5,136,ssa05_158037_A_T,158037
blk1913,5,137,ssa05_158156_G_C,158156
blk1914,5,138,ssa05_158736_T_A,158736
blk1915,5,139,ssa05_159269_C_G,159269
blk1916,5,140,ssa05_159685_A_T,159685
blk1916,5,141,ssa05_159711_G_C,159711
blk1917,5,142,ssa05_160111_T_A,160111
blk1918,5,143,ssa05_160344_C_G,160344
blk1919,5,144,ssa05_160553_A_T,160553
blk1920,5,145,ssa05_160695_G_C,160695
blk1920,5,146,ssa05_160776_T_A,160776
blk1921,5,147,ssa05_161133_C_G,161133
blk1922,5,148,ssa05_161930_A_T,161930
blk1923,5,149,ssa05_162068_G_C,162068
blk1924,5,150,ssa05_162582_T_A,162582
blk1925,5,151,ssa05_162860_C_G,162860
blk1926,5,152,ssa05_163485_A_T,163485
blk1927,5,153,ssa05_165161_G_C,165161
blk1927,5,154,ssa05_165179_T_A,165179
blk1928,5,155,ssa05_166559_C_G,166559
blk1929,5,156,ssa05_167034_A_T,167034
blk1930,5,157,ssa05_170625_G_C,170625
blk1931,5,158,ssa05_171390_T_A,171390
blk1932,5,159,ssa05_172238_C_G,172238
blk1933,5,160,ssa05_173404_A_T,173404
blk1934,5,161,ssa05_173871_G_C,173871
blk1935,5,162,ssa05_174426_T_A,174426
blk1936,5,163,ssa05_175462_C_G,175462
blk1937,5,164,ssa05_176200_A_T,176200
blk1937,5,165,ssa05_176310_G_C,176310
blk1938,5,166,ssa05_179234_T_A,179234
blk1939,5,167,ssa05_181249_C_G,181249
blk1940,5,168,ssa05_183230_A_T,183230
blk1941,5,169,ssa05_186179_G_C,186179
blk1942,5,170,ssa05_186539_T_A,186539
blk1943,5,171,ssa05_190686_C_G,190686
blk1944,5,172,ssa05_191007_A_T,191007
blk1945,5,173,ssa05_191267_G_C,191267
blk1946,5,174,ssa05_191968_T_A,191968
blk1947,5,175,ssa05_193581_C_G,193581
blk1948,5,176,ssa05_193998_A_T,193998
blk1949,5,177,ssa05_194576_G_C,194576
blk1950,5,178,ssa05_195677_T_A,195677
blk1951,5,179,ssa05_195817_C_G,195817
blk1952,5,180,ssa05_196412_A_T,196412
blk1952,5,181,ssa05_196525_G_C,196525
blk1952,5,182,ssa05_196527_T_A,196527
blk1953,5,183,ssa05_197157_C_G,197157
blk1953,5,184,ssa05_197188_A_T,197188
blk1954,5,185,ssa05_199399_G_C,199399
blk1955,5,186,ssa05_200908_T_A,200908
blk1956,5,187,ssa05_201412_C_G,201412
blk1956,5,188,ssa05_201528_A_T,201528
blk1957,5,189,ssa05_203897_G_C,203897
blk1957,5,190,ssa05_203922_T_A,203922
blk1958,5,191,ssa05_205697_C_G,205697
blk1959,5,192,ssa05_206894_A_T,206894
blk1960,5,193,ssa05_207348_G_C,207348
blk1960,5,194,ssa05_207470_T_A,207470
blk1961,5,195,ssa05_208017_C_G,208017
blk1962,5,196,ssa05_208694_A_T,208694
blk1963,5,197,ssa05_208925_G_C,208925
blk1964,5,198,ssa05_210677_T_A,210677
blk1965,5,199,ssa05_210916_C_G,210916
blk1966,5,200,ssa05_211452_A_T,211452
blk1967,5,201,ssa05_211898_G_C,211898
blk1968,5,202,ssa05_212245_T_A,212245
blk1969,5,203,ssa05_212381_C_G,212381
blk1969,5,204,ssa05_212487_A_T,212487
blk1970,5,205,ssa05_213904_G_C,213904
blk1971,5,206,ssa05_214757_T_A,214757
blk1972,5,207,ssa05_215098_C_G,215098
blk1973,5,208,ssa05_215314_A_T,215314
blk1974,5,209,ssa05_215671_G_C,215671
blk1975,5,210,ssa05_215857_T_A,215857
blk1976,5,211,ssa05_216291_C_G,216291
blk1976,5,212,ssa05_216388_A_T,216388
blk1977,5,213,ssa05_217091_G_C,217091
blk1978,5,214,ssa05_217563_T_A,217563
blk1979,5,215,ssa05_217875_C_G,217875
blk1980,5,216,ssa05_218050_A_T,218050
blk1981,5,217,ssa05_219703_G_C,219703
blk1982,5,218,ssa05_220004_T_A,220004
blk1983,5,219,ssa05_223396_C_G,223396
blk1984,5,220,ssa05_224088_A_T,224088
blk1985,5,221,ssa05_225015_G_C,225015
blk1986,5,222,ssa05_227146_T_A,227146
blk1987,5,223,ssa05_227293_C_G,227293
blk1988,5,224,ssa05_228688_A_T,228688
blk1989,5,225,ssa05_229541_G_C,229541
blk1990,5,226,ssa05_230041_T_A,230041
blk1991,5,227,ssa05_230244_C_G,230244
blk1992,5,228,ssa05_231046_A_T,231046
blk1993,5,229,ssa05_231605_G_C,231605
blk1994,5,230,ssa05_233052_T_A,233052
blk1995,5,231,ssa05_233284_C_G,233284
blk1996,5,232,ssa05_233691_A_T,233691
blk1997,5,233,ssa05_234370_G_C,234370
blk1998,5,234,ssa05_236311_T_A,236311
blk1999,5,235,ssa05_238322_C_G,238322
blk2000,5,236,ssa05_239044_A_T,239044
blk2001,5,237,ssa05_239775_G_C,239775
blk2002,5,238,ssa05_240905_T_A,240905
blk2003,5,239,ssa05_241401_C_G,241401
blk2004,5,240,ssa05_242241_A_T,242241
blk2005,5,241,ssa05_243475_G_C,243475
blk2006,5,242,ssa05_244765_T_A,244765
blk2007,5,243,ssa05_245449_C_G,245449
blk2008,5,244,ssa05_245817_A_T,245817
blk2009,5,245,ssa05_246373_G_C,246373
blk2010,5,246,ssa05_247443_T_A,247443
blk2011,5,247,ssa05_247703_C_G,247703
blk2012,5,248,ssa05_250361_A_T,250361
blk2013,5,249,ssa05_251074_G_C,251074
blk2014,5,250,ssa05_252296_T_A,252296
blk2015,5,251,ssa05_253309_C_G,253309
blk2016,5,252,ssa05_253833_A_T,253833
blk2017,5,253,ssa05_254205_G_C,254205
blk2018,5,254,ssa05_254501_T_A,254501
blk2019,5,255,ssa05_254654_C_G,254654
blk2019,5,256,ssa05_254710_A_T,254710
blk2020,5,257,ssa05_256052_G_C,256052
blk2021,5,258,ssa05_256931_T_A,256931
blk2022,5,259,ssa05_257890_C_G,257890
blk2023,5,260,ssa05_259581_A_T,259581
blk2023,5,261,ssa05_259662_G_C,259662
blk2024,5,262,ssa05_260454_T_A,260454
blk2025,5,263,ssa05_261097_C_G,261097
blk2026,5,264,ssa05_262148_A_T,262148
blk2026,5,265,ssa05_262196_G_C,262196
blk2027,5,266,ssa05_262763_T_A,262763
blk2028,5,267,ssa05_263429_C_G,263429
blk2029,5,268,ssa05_265082_A_T,265082
blk2030,5,269,ssa05_265334_G_C,265334
blk2031,5,270,ssa05_266035_T_A,266035
blk2032,5,271,ssa05_268817_C_G,268817
blk2033,5,272,ssa05_268977_A_T,268977
blk2034,5,273,ssa05_271722_G_C,271722
blk2035,5,274,ssa05_272055_T_A,272055
blk2036,5,275,ssa05_272255_C_G,272255
blk2037,5,276,ssa05_272844_A_T,272844
blk2037,5,277,ssa05_272867_G_C,272867
blk2038,5,278,ssa05_273235_T_A,273235
blk2038,5,279,ssa05_273245_C_G,273245
blk2039,5,280,ssa05_273382_A_T,273382
blk2040,5,281,ssa05_277335_G_C,277335
blk2041,5,282,ssa05_278032_T_A,278032
blk2042,5,283,ssa05_278386_C_G,278386
blk2043,5,284,ssa05_279190_A_T,279190
blk2044,5,285,ssa05_280599_G_C,280599
blk2045,5,286,ssa05_280896_T_A,280896
blk2046,5,287,ssa05_281637_C_G,281637
blk2047,5,288,ssa05_282099_A_T,282099
blk2048,5,289,ssa05_284275_G_C,284275
blk2049,5,290,ssa05_285169_T_A,285169
blk2050,5,291,ssa05_286200_C_G,286200
blk2050,5,292,ssa05_286265_A_T,286265
blk2050,5,293,ssa05_286281_G_C,286281
blk2051,5,294,ssa05_287762_T_A,287762
blk2051,5,295,ssa05_287858_C_G,287858
blk2052,5,296,ssa05_289503_A_T,289503
blk2052,5,297,ssa05_289534_G_C,289534
blk2053,5,298,ssa05_291169_T_A,291169
blk2054,5,299,ssa05_291928_C_G,291928
blk2055,5,300,ssa05_292838_A_T,292838
blk2056,5,301,ssa05_293819_G_C,293819
blk2057,5,302,ssa05_294023_T_A,294023
blk2058,5,303,ssa05_294291_C_G,294291
blk2059,5,304,ssa05_294877_A_T,294877
blk2060,5,305,ssa05_295971_G_C,295971
blk2061,5,306,ssa05_296199_T_A,296199
blk2062,5,307,ssa05_296708_C_G,296708
blk2063,5,308,ssa05_297160_A_T,297160
blk2063,5,309,ssa05_297225_G_C,297225
blk2064,5,310,ssa05_297886_T_A,297886
blk2065,5,311,ssa05_298479_C_G,298479
blk2066,5,312,ssa05_299276_A_T,299276
blk2066,5,313,ssa05_299330_G_C,299330
blk2067,5,314,ssa05_299809_T_A,299809
blk2068,5,315,ssa05_300159_C_G,300159
blk2069,5,316,ssa05_301095_A_T,301095
blk2070,5,317,ssa05_301226_G_C,301226
blk2071,5,318,ssa05_302263_T_A,302263
blk2072,5,319,ssa05_304002_C_G,304002
blk2073,5,320,ssa05_307512_A_T,307512
blk2074,5,321,ssa05_308461_G_C,308461
blk2075,5,322,ssa05_309274_T_A,309274
blk2075,5,323,ssa05_309298_C_G,309298
blk2076,5,324,ssa05_310558_A_T,310558
blk2077,5,325,ssa05_313278_G_C,313278
blk2078,5,326,ssa05_313443_T_A,313443
blk2079,5,327,ssa05_314381_C_G,314381
blk2080,5,328,ssa05_316262_A_T,316262
blk2081,5,329,ssa05_317069_G_C,317069
blk2082,5,330,ssa05_319066_T_A,319066
blk2083,5,331,ssa05_320272_C_G,320272
blk2084,5,332,ssa05_321270_A_T,321270
blk2085,5,333,ssa05_322025_G_C,322025
blk2086,5,334,ssa05_323226_T_A,323226
blk2087,5,335,ssa05_323377_C_G,323377
blk2088,5,336,ssa05_326648_A_T,326648
blk2089,5,337,ssa05_327295_G_C,327295
blk2090,5,338,ssa05_328084_T_A,328084
blk2091,5,339,ssa05_328952_C_G,328952
blk2092,5,340,ssa05_329369_A_T,329369
blk2092,5,341,ssa05_329437_G_C,329437
blk2093,5,342,ssa05_330231_T_A,330231
blk2094,5,343,ssa05_330681_C_G,330681
blk2094,5,344,ssa05_330752_A_T,330752
blk2095,5,345,ssa05_333531_G_C,333531
blk2096,5,346,ssa05_333827_T_A,333827
blk2096,5,347,ssa05_333836_C_G,333836
blk2096,5,348,ssa05_333842_A_T,333842
blk2096,5,349,ssa05_333859_G_C,333859
blk2097,5,350,ssa05_334637_T_A,334637
blk2097,5,351,ssa05_334747_C_G,334747
blk2098,5,352,ssa05_336095_A_T,336095
blk2099,5,353,ssa05_336593_G_C,336593
blk2100,5,354,ssa05_339948_T_A,339948
blk2101,5,355,ssa05_342667_C_G,342667
blk2102,5,356,ssa05_345910_A_T,345910
blk2103,5,357,ssa05_348397_G_C,348397
blk2104,5,358,ssa05_349347_T_A,349347
blk2105,5,359,ssa05_350053_C_G,350053
blk2106,5,360,ssa05_352947_A_T,352947
blk2107,5,361,ssa05_353810_G_C,353810
blk2108,5,362,ssa05_355744_T_A,355744
blk2109,5,363,ssa05_357031_C_G,357031
blk2110,5,364,ssa05_357535_A_T,357535
blk2111,5,365,ssa05_359397_G_C,359397
blk2112,5,366,ssa05_360471_T_A,360471
blk2113,5,367,ssa05_360993_C_G,360993
blk2113,5,368,ssa05_361078_A_T,361078
blk2114,5,369,ssa05_361347_G_C,361347
blk2115,5,370,ssa05_362461_T_A,362461
blk2116,5,371,ssa05_364530_C_G,364530
blk2117,5,372,ssa05_365643_A_T,365643
blk2118,5,373,ssa05_368479_G_C,368479
blk2119,5,374,ssa05_369898_T_A,369898
blk2120,5,375,ssa05_370149_C_G,370149
blk2121,5,376,ssa05_370869_A_T,370869
blk2122,5,377,ssa05_371682_G_C,371682
blk2123,5,378,ssa05_373569_T_A,373569
blk2124,5,379,ssa05_374006_C_G,374006
blk2125,5,380,ssa05_376096_A_T,376096
blk2125,5,381,ssa05_376115_G_C,376115
blk2126,5,382,ssa05_376429_T_A,376429
blk2127,5,383,ssa05_377749_C_G,377749
blk2128,5,384,ssa05_378389_A_T,378389
blk2128,5,385,ssa05_378455_G_C,378455
blk2129,5,386,ssa05_379424_T_A,379424
blk2130,5,387,ssa05_379931_C_G,379931
blk2131,5,388,ssa05_380316_A_T,380316
blk2131,5,389,ssa05_380385_G_C,380385
blk2132,5,390,ssa05_381833_T_A,381833
blk2132,5,391,ssa05_381936_C_G,381936
blk2133,5,392,ssa05_386256_A_T,386256
blk2134,5,393,ssa05_387801_G_C,387801
blk2135,5,394,ssa05_388513_T_A,388513
blk2136,5,395,ssa05_389109_C_G,389109
blk2137,5,396,ssa05_390310_A_T,390310
blk2138,5,397,ssa05_392437_G_C,392437
blk2139,5,398,ssa05_394150_T_A,394150
blk2140,5,399,ssa05_395852_C_G,395852
blk2141,5,400,ssa05_396140_A_T,396140
blk2142,5,401,ssa05_396556_G_C,396556
blk2143,5,402,ssa05_397134_T_A,397134
blk2144,5,403,ssa05_398241_C_G,398241
blk2145,5,404,ssa05_399080_A_T,399080
blk2146,5,405,ssa05_401640_G_C,401640
blk2147,5,406,ssa05_403745_T_A,403745
blk2148,5,407,ssa05_404038_C_G,404038
blk2149,5,408,ssa05_404186_A_T,404186
blk2150,5,409,ssa05_404360_G_C,404360
blk2151,5,410,ssa05_404918_T_A,404918
blk2152,5,411,ssa05_405138_C_G,405138
blk2152,5,412,ssa05_405157_A_T,405157
blk2153,5,413,ssa05_406616_G_C,406616
blk2154,5,414,ssa05_408130_T_A,408130
blk2155,5,415,ssa05_410139_C_G,410139
blk2156,5,416,ssa05_411190_A_T,411190
blk2157,5,417,ssa05_411645_G_C,411645
blk2158,5,418,ssa05_414521_T_A,414521
blk2159,5,419,ssa05_415255_C_G,415255
blk2160,5,420,ssa05_415502_A_T,415502
blk2161,5,421,ssa05_417380_G_C,417380
blk2162,5,422,ssa05_420109_T_A,420109
blk2163,5,423,ssa05_420505_C_G,420505
blk2163,5,424,ssa05_420584_A_T,420584
blk2164,5,425,ssa05_421281_G_C,421281
blk2165,5,426,ssa05_422066_T_A,422066
blk2166,5,427,ssa05_426274_C_G,426274
blk2167,5,428,ssa05_428415_A_T,428415
blk2168,5,429,ssa05_430013_G_C,430013
blk2169,5,430,ssa05_432084_T_A,432084
blk2170,5,431,ssa05_436246_C_G,436246
blk2171,5,432,ssa05_436398_A_T,436398
blk2172,5,433,ssa05_438865_G_C,438865
blk2173,5,434,ssa05_439475_T_A,439475
blk2174,5,435,ssa05_441555_C_G,441555
blk2175,5,436,ssa05_442307_A_T,442307
blk2176,5,437,ssa05_442441_G_C,442441
blk2177,5,438,ssa05_443308_T_A,443308
blk2178,5,439,ssa05_443528_C_G,443528
blk2179,5,440,ssa05_444260_A_T,444260
blk2180,5,441,ssa05_445069_G_C,445069
blk2181,5,442,ssa05_445355_T_A,445355
blk2182,5,443,ssa05_447033_C_G,447033
blk2183,5,444,ssa05_447165_A_T,447165
blk2184,5,445,ssa05_447535_G_C,447535
blk2185,5,446,ssa05_448526_T_A,448526
blk2186,5,447,ssa05_449072_C_G,449072
blk2187,5,448,ssa05_449624_A_T,449624
blk2187,5,449,ssa05_449739_G_C,449739
blk2188,5,450,ssa05_450435_T_A,450435
blk2189,5,451,ssa05_450867_C_G,450867
blk2190,5,452,ssa05_451510_A_T,451510
blk2191,5,453,ssa05_451655_G_C,451655
blk2191,5,454,ssa05_451745_T_A,451745
blk2192,5,455,ssa05_452843_C_G,452843
blk2193,5,456,ssa05_454233_A_T,454233
blk2194,5,457,ssa05_456154_G_C,456154
blk2195,5,458,ssa05_456896_T_A,456896
blk2196,5,459,ssa05_459336_C_G,459336
blk2197,5,460,ssa05_460679_A_T,460679
blk2198,5,461,ssa05_461259_G_C,461259
blk2198,5,462,ssa05_461348_T_A,461348
blk2198,5,463,ssa05_461359_C_G,461359
blk2199,5,464,ssa05_461552_A_T,461552
blk2200,5,465,ssa05_463395_G_C,463395
blk2201,5,466,ssa05_463816_T_A,463816
blk2202,5,467,ssa05_466635_C_G,466635
blk2203,5,468,ssa05_467269_A_T,467269
blk2203,5,469,ssa05_467367_G_C,467367
blk2204,5,470,ssa05_468857_T_A,468857
blk2205,5,471,ssa05_469123_C_G,469123
blk2206,5,472,ssa05_471500_A_T,471500
blk2207,5,473,ssa05_474392_G_C,474392
blk2208,5,474,ssa05_474566_T_A,474566
blk2209,5,475,ssa05_475325_C_G,475325
blk2209,5,476,ssa05_475342_A_T,475342
blk2210,5,477,ssa05_476933_G_C,476933
blk2210,5,478,ssa05_476974_T_A,476974
blk2211,5,479,ssa05_477377_C_G,477377
blk2212,5,480,ssa05_478141_A_T,478141
blk2213,5,481,ssa05_479694_G_C,479694
blk2214,5,482,ssa05_482896_T_A,482896
blk2215,5,483,ssa05_486536_C_G,486536
blk2216,5,484,ssa05_487948_A_T,487948
blk2217,5,485,ssa05_488661_G_C,488661
blk2218,5,486,ssa05_488889_T_A,488889
blk2218,5,487,ssa05_488891_C_G,488891
blk2219,5,488,ssa05_489563_A_T,489563
blk2220,5,489,ssa05_490081_G_C,490081
blk2221,5,490,ssa05_490291_T_A,490291
blk2222,5,491,ssa05_491865_C_G,491865
blk2223,5,492,ssa05_492026_A_T,492026
blk2224,5,493,ssa05_493740_G_C,493740
blk2224,5,494,ssa05_493773_T_A,493773
blk2225,5,495,ssa05_496254_C_G,496254
blk2226,5,496,ssa05_497851_A_T,497851
blk2227,5,497,ssa05_498285_G_C,498285
blk2227,5,498,ssa05_498374_T_A,498374
blk2228,5,499,ssa05_499084_C_G,499084
blk2229,6,0,ssa06_1183_A_T,1183
blk2230,6,1,ssa06_3137_G_C,3137
blk2231,6,2,ssa06_4887_T_A,4887
blk2232,6,3,ssa06_5229_C_G,5229
blk2233,6,4,ssa06_6160_A_T,6160
blk2233,6,5,ssa06_6186_G_C,6186
blk2233,6,6,ssa06_6248_T_A,6248
blk2234,6,7,ssa06_6666_C_G,6666
blk2235,6,8,ssa06_8270_A_T,8270
blk2236,6,9,ssa06_8851_G_C,8851
blk2237,6,10,ssa06_10396_T_A,10396
blk2238,6,11,ssa06_10594_C_G,10594
blk2239,6,12,ssa06_11506_A_T,11506
blk2240,6,13,ssa06_11977_G_C,11977
blk2241,6,14,ssa06_12571_T_A,12571
blk2242,6,15,ssa06_12905_C_G,12905
blk2243,6,16,ssa06_13522_A_T,13522
blk2244,6,17,ssa06_14456_G_C,14456
blk2245,6,18,ssa06_16681_T_A,16681
blk2246,6,19,ssa06_17488_C_G,17488
blk2247,6,20,ssa06_18468_A_T,18468
blk2248,6,21,ssa06_18702_G_C,18702
blk2249,6,22,ssa06_20146_T_A,20146
blk2250,6,23,ssa06_20927_C_G,20927
blk2251,6,24,ssa06_21253_A_T,21253
blk2252,6,25,ssa06_22760_G_C,22760
blk2253,6,26,ssa06_24004_T_A,24004
blk2254,6,27,ssa06_24457_C_G,24457
blk2255,6,28,ssa06_27336_A_T,27336
blk2256,6,29,ssa06_27636_G_C,27636
blk2257,6,30,ssa06_28172_T_A,28172
blk2258,6,31,ssa06_31206_C_G,31206
blk2259,6,32,ssa06_31360_A_T,31360
blk2260,6,33,ssa06_33298_G_C,33298
blk2261,6,34,ssa06_34173_T_A,34173
blk2262,6,35,ssa06_35754_C_G,35754
blk2263,6,36,ssa06_36112_A_T,36112
blk2264,6,37,ssa06_36456_G_C,36456
blk2265,6,38,ssa06_38047_T_A,38047
blk2266,6,39,ssa06_38449_C_G,38449
blk2267,6,40,ssa06_39903_A_T,39903
blk2268,6,41,ssa06_40081_G_C,40081
blk2269,6,42,ssa06_41224_T_A,41224
blk2270,6,43,ssa06_42342_C_G,42342
blk2271,6,44,ssa06_42668_A_T,42668
blk2271,6,45,ssa06_42723_G_C,42723
blk2272,6,46,ssa06_44128_T_A,44128
blk2273,6,47,ssa06_45907_C_G,45907
blk2274,6,48,ssa06_47279_A_T,47279
blk2275,6,49,ssa06_49027_G_C,49027
blk2276,6,50,ssa06_49643_T_A,49643
blk2277,6,51,ssa06_51642_C_G,51642
blk2278,6,52,ssa06_53634_A_T,53634
blk2279,6,53,ssa06_54526_G_C,54526
blk2280,6,54,ssa06_55037_T_A,55037
blk2281,6,55,ssa06_55430_C_G,55430
blk2282,6,56,ssa06_56343_A_T,56343
blk2283,6,57,ssa06_56892_G_C,56892
blk2284,6,58,ssa06_58245_T_A,58245
blk2285,6,59,ssa06_58435_C_G,58435
blk2286,6,60,ssa06_58985_A_T,58985
blk2287,6,61,ssa06_59647_G_C,59647
blk2288,6,62,ssa06_59920_T_A,59920
blk2289,6,63,ssa06_60097_C_G,60097
blk2290,6,64,ssa06_62443_A_T,62443
blk2291,6,65,ssa06_63226_G_C,63226
blk2292,6,66,ssa06_66507_T_A,66507
blk2293,6,67,ssa06_67400_C_G,67400
blk2294,6,68,ssa06_67840_A_T,67840
blk2295,6,69,ssa06_68924_G_C,68924
blk2296,6,70,ssa06_71670_T_A,71670
blk2297,6,71,ssa06_72339_C_G,72339
blk2298,6,72,ssa06_73039_A_T,73039
blk2299,6,73,ssa06_74248_G_C,74248
blk2300,6,74,ssa06_74883_T_A,74883
blk2301,6,75,ssa06_77692_C_G,77692
blk2302,6,76,ssa06_78231_A_T,78231
blk2303,6,77,ssa06_79486_G_C,79486
blk2304,6,78,ssa06_79961_T_A,79961
blk2305,6,79,ssa06_80195_C_G,80195
blk2305,6,80,ssa06_80234_A_T,80234
blk2306,6,81,ssa06_80876_G_C,80876
blk2306,6,82,ssa06_80910_T_A,80910
blk2307,6,83,ssa06_82429_C_G,82429
blk2308,6,84,ssa06_83387_A_T,83387
blk2309,6,85,ssa06_84453_G_C,84453
blk2310,6,86,ssa06_86121_T_A,86121
blk2311,6,87,ssa06_86657_C_G,86657
blk2312,6,88,ssa06_87218_A_T,87218
blk2312,6,89,ssa06_87310_G_C,87310
blk2313,6,90,ssa06_88926_T_A,88926
blk2314,6,91,ssa06_89398_C_G,89398
blk2315,6,92,ssa06_89789_A_T,89789
blk2315,6,93,ssa06_89848_G_C,89848
blk2316,6,94,ssa06_90783_T_A,90783
blk2317,6,95,ssa06_91585_C_G,91585
blk2318,6,96,ssa06_94052_A_T,94052
blk2319,6,97,ssa06_94264_G_C,94264
blk2320,6,98,ssa06_94949_T_A,94949
blk2321,6,99,ssa06_95346_C_G,95346
blk2322,6,100,ssa06_95663_A_T,95663
blk2323,6,101,ssa06_96440_G_C,96440
blk2324,6,102,ssa06_97603_T_A,97603
blk2325,6,103,ssa06_98871_C_G,98871
blk2325,6,104,ssa06_98889_A_T,98889
blk2326,6,105,ssa06_100898_G_C,100898
blk2326,6,106,ssa06_100946_T_A,100946
blk2326,6,107,ssa06_101002_C_G,101002
blk2327,6,108,ssa06_101685_A_T,101685
blk2328,6,109,ssa06_102056_G_C,102056
blk2329,6,110,ssa06_102774_T_A,102774
blk2330,6,111,ssa06_103274_C_G,103274
blk2331,6,112,ssa06_104035_A_T,104035
blk2332,6,113,ssa06_104431_G_C,104431
blk2333,6,114,ssa06_105328_T_A,105328
blk2334,6,115,ssa06_105558_C_G,105558
blk2335,6,116,ssa06_105689_A_T,105689
blk2336,6,117,ssa06_107730_G_C,107730
blk2337,6,118,ssa06_107904_T_A,107904
blk2337,6,119,ssa06_107954_C_G,107954
blk2338,6,120,ssa06_110255_A_T,110255
blk2339,6,121,ssa06_111089_G_C,111089
blk2340,6,122,ssa06_112414_T_A,112414
blk2340,6,123,ssa06_112477_C_G,112477
blk2341,6,124,ssa06_114532_A_T,114532
blk2342,6,125,ssa06_119155_G_C,119155
blk2343,6,126,ssa06_119539_T_A,119539
blk2344,6,127,ssa06_120579_C_G,120579
blk2345,6,128,ssa06_121718_A_T,121718
blk2345,6,129,ssa06_121830_G_C,121830
blk2346,6,130,ssa06_122062_T_A,122062
blk2347,6,131,ssa06_122977_C_G,122977
blk2348,6,132,ssa06_123578_A_T,123578
blk2349,6,133,ssa06_125021_G_C,125021
blk2350,6,134,ssa06_125161_T_A,125161
blk2351,6,135,ssa06_125520_C_G,125520
blk2352,6,136,ssa06_125762_A_T,125762
blk2353,6,137,ssa06_126071_G_C,126071
blk2353,6,138,ssa06_126178_T_A,126178
blk2354,6,139,ssa06_127009_C_G,127009
blk2355,6,140,ssa06_127818_A_T,127818
blk2356,6,141,ssa06_128288_G_C,128288
blk2356,6,142,ssa06_128294_T_A,128294
blk2357,6,143,ssa06_128939_C_G,128939
blk2358,6,144,ssa06_131350_A_T,131350
blk2359,6,145,ssa06_131940_G_C,131940
blk2360,6,146,ssa06_133499_T_A,133499
blk2361,6,147,ssa06_135075_C_G,135075
blk2362,6,148,ssa06_138600_A_T,138600
blk2363,6,149,ssa06_138762_G_C,138762
blk2364,6,150,ssa06_140506_T_A,140506
blk2365,6,151,ssa06_141526_C_G,141526
blk2366,6,152,ssa06_143191_A_T,143191
blk2366,6,153,ssa06_143292_G_C,143292
blk2367,6,154,ssa06_145857_T_A,145857
blk2368,6,155,ssa06_146081_C_G,146081
blk2368,6,156,ssa06_146155_A_T,146155
blk2368,6,157,ssa06_146182_G_C,146182
blk2369,6,158,ssa06_146394_T_A,146394
blk2370,6,159,ssa06_148252_C_G,148252
blk2371,6,160,ssa06_148434_A_T,148434
blk2372,6,161,ssa06_153501_G_C,153501
blk2373,6,162,ssa06_154133_T_A,154133
blk2374,6,163,ssa06_154796_C_G,154796
blk2375,6,164,ssa06_156454_A_T,156454
blk2376,6,165,ssa06_157136_G_C,157136
blk2377,6,166,ssa06_161560_T_A,161560
blk2378,6,167,ssa06_162285_C_G,162285
blk2379,6,168,ssa06_162993_A_T,162993
blk2380,6,169,ssa06_163665_G_C,163665
blk2381,6,170,ssa06_164729_T_A,164729
blk2382,6,171,ssa06_164887_C_G,164887
blk2383,6,172,ssa06_165321_A_T,165321
blk2384,6,173,ssa06_165470_G_C,165470
blk2385,6,174,ssa06_166223_T_A,166223
blk2386,6,175,ssa06_168211_C_G,168211
blk2387,6,176,ssa06_171844_A_T,171844
blk2388,6,177,ssa06_172352_G_C,172352
blk2389,6,178,ssa06_174146_T_A,174146
blk2390,6,179,ssa06_175252_C_G,175252
blk2391,6,180,ssa06_179976_A_T,179976
blk2392,6,181,ssa06_180879_G_C,180879
blk2393,6,182,ssa06_181097_T_A,181097
blk2394,6,183,ssa06_182737_C_G,182737
blk2395,6,184,ssa06_183699_A_T,183699
blk2396,6,185,ssa06_184052_G_C,184052
blk2397,6,186,ssa06_185947_T_A,185947
blk2398,6,187,ssa06_186350_C_G,186350
blk2399,6,188,ssa06_187993_A_T,187993
blk2400,6,189,ssa06_188265_G_C,188265
blk2401,6,190,ssa06_188885_T_A,188885
blk2402,6,191,ssa06_189589_C_G,189589
blk2403,6,192,ssa06_192976_A_T,192976
blk2403,6,193,ssa06_193018_G_C,193018
blk2404,6,194,ssa06_193409_T_A,193409
blk2405,6,195,ssa06_194295_C_G,194295
blk2406,6,196,ssa06_195033_A_T,195033
blk2407,6,197,ssa06_195251_G_C,195251
blk2408,6,198,ssa06_195697_T_A,195697
blk2409,6,199,ssa06_196020_C_G,196020
blk2409,6,200,ssa06_196092_A_T,196092
blk2410,6,201,ssa06_196453_G_C,196453
blk2411,6,202,ssa06_196703_T_A,196703
blk2412,6,203,ssa06_198387_C_G,198387
blk2413,6,204,ssa06_198561_A_T,198561
blk2414,6,205,ssa06_201974_G_C,201974
blk2415,6,206,ssa06_202356_T_A,202356
blk2416,6,207,ssa06_202907_C_G,202907
blk2417,6,208,ssa06_204702_A_T,204702
blk2418,6,209,ssa06_206246_G_C,206246
blk2419,6,210,ssa06_207001_T_A,207001
blk2419,6,211,ssa06_207084_C_G,207084
blk2420,6,212,ssa06_208439_A_T,208439
blk2421,6,213,ssa06_208722_G_C,208722
blk2422,6,214,ssa06_209976_T_A,209976
blk2423,6,215,ssa06_213114_C_G,213114
blk2424,6,216,ssa06_213894_A_T,213894
blk2425,6,217,ssa06_214317_G_C,214317
blk2426,6,218,ssa06_214467_T_A,214467
blk2427,6,219,ssa06_216502_C_G,216502
blk2428,6,220,ssa06_216753_A_T,216753
blk2429,6,221,ssa06_217652_G_C,217652
blk2430,6,222,ssa06_218493_T_A,218493
blk2431,6,223,ssa06_219827_C_G,219827
blk2432,6,224,ssa06_220233_A_T,220233
blk2432,6,225,ssa06_220241_G_C,220241
blk2433,6,226,ssa06_220695_T_A,220695
blk2434,6,227,ssa06_221472_C_G,221472
blk2435,6,228,ssa06_221736_A_T,221736
blk2436,6,229,ssa06_222662_G_C,222662
blk2437,6,230,ssa06_224974_T_A,224974
blk2438,6,231,ssa06_226417_C_G,226417
blk2439,6,232,ssa06_234154_A_T,234154
blk2440,6,233,ssa06_235653_G_C,235653
blk2441,6,234,ssa06_236121_T_A,236121
blk2442,6,235,ssa06_237165_C_G,237165
blk2443,6,236,ssa06_237540_A_T,237540
blk2444,6,237,ssa06_237917_G_C,237917
blk2444,6,238,ssa06_237997_T_A,237997
blk2445,6,239,ssa06_238178_C_G,238178
blk2446,6,240,ssa06_238376_A_T,238376
blk2446,6,241,ssa06_238474_G_C,238474
blk2447,6,242,ssa06_245178_T_A,245178
blk2448,6,243,ssa06_245947_C_G,245947
blk2449,6,244,ssa06_246805_A_T,246805
blk2450,6,245,ssa06_249534_G_C,249534
blk2451,6,246,ssa06_250110_T_A,250110
blk2452,6,247,ssa06_251404_C_G,251404
blk2453,6,248,ssa06_254825_A_T,254825
blk2454,6,249,ssa06_256001_G_C,256001
blk2455,6,250,ssa06_256136_T_A,256136
blk2456,6,251,ssa06_256288_C_G,256288
blk2456,6,252,ssa06_256304_A_T,256304
blk2457,6,253,ssa06_256784_G_C,256784
blk2458,6,254,ssa06_261110_T_A,261110
blk2459,6,255,ssa06_262056_C_G,262056
blk2460,6,256,ssa06_263894_A_T,263894
blk2461,6,257,ssa06_265620_G_C,265620
blk2462,6,258,ssa06_266683_T_A,266683
blk2463,6,259,ssa06_267365_C_G,267365
blk2463,6,260,ssa06_267428_A_T,267428
blk2463,6,261,ssa06_267472_G_C,267472
blk2464,6,262,ssa06_268930_T_A,268930
blk2465,6,263,ssa06_269866_C_G,269866
blk2466,6,264,ssa06_270650_A_T,270650
blk2467,6,265,ssa06_270892_G_C,270892
blk2468,6,266,ssa06_271171_T_A,271171
blk2469,6,267,ssa06_272079_C_G,272079
blk2470,6,268,ssa06_273083_A_T,273083
blk2470,6,269,ssa06_273120_G_C,273120
blk2471,6,270,ssa06_274374_T_A,274374
blk2472,6,271,ssa06_274902_C_G,274902
blk2473,6,272,ssa06_275057_A_T,275057
blk2474,6,273,ssa06_275200_G_C,275200
blk2475,6,274,ssa06_276408_T_A,276408
blk2476,6,275,ssa06_283623_C_G,283623
blk2477,6,276,ssa06_284032_A_T,284032
blk2478,6,277,ssa06_285201_G_C,285201
blk2479,6,278,ssa06_287458_T_A,287458
blk2479,6,279,ssa06_287512_C_G,287512
blk2479,6,280,ssa06_287563_A_T,287563
blk2480,6,281,ssa06_290700_G_C,290700
blk2481,6,282,ssa06_293490_T_A,293490
blk2482,6,283,ssa06_297656_C_G,297656
blk2482,6,284,ssa06_297728_A_T,297728
blk2483,6,285,ssa06_297802_G_C,297802
blk2483,6,286,ssa06_297887_T_A,297887
blk2484,6,287,ssa06_298220_C_G,298220
blk2484,6,288,ssa06_298273_A_T,298273
blk2485,6,289,ssa06_299436_G_C,299436
blk2486,6,290,ssa06_299732_T_A,299732
blk2486,6,291,ssa06_299821_C_G,299821
blk2487,6,292,ssa06_300530_A_T,300530
blk2488,6,293,ssa06_301199_G_C,301199
blk2488,6,294,ssa06_301215_T_A,301215
blk2488,6,295,ssa06_301296_C_G,301296
blk2489,6,296,ssa06_302112_A_T,302112
blk2490,6,297,ssa06_304478_G_C,304478
blk2491,6,298,ssa06_304708_T_A,304708
blk2492,6,299,ssa06_305024_C_G,305024
blk2493,6,300,ssa06_305184_A_T,305184
blk2493,6,301,ssa06_305300_G_C,305300
blk2494,6,302,ssa06_306770_T_A,306770
blk2495,6,303,ssa06_307431_C_G,307431
blk2496,6,304,ssa06_309103_A_T,309103
blk2497,6,305,ssa06_309828_G_C,309828
blk2498,6,306,ssa06_310572_T_A,310572
blk2499,6,307,ssa06_312151_C_G,312151
blk2500,6,308,ssa06_313652_A_T,313652
blk2501,6,309,ssa06_313824_G_C,313824
blk2502,6,310,ssa06_315378_T_A,315378
blk2503,6,311,ssa06_316777_C_G,316777
blk2504,6,312,ssa06_317388_A_T,317388
blk2505,6,313,ssa06_318530_G_C,318530
blk2506,6,314,ssa06_321857_T_A,321857
blk2507,6,315,ssa06_322220_C_G,322220
blk2508,6,316,ssa06_322510_A_T,322510
blk2509,6,317,ssa06_322824_G_C,322824
blk2510,6,318,ssa06_324441_T_A,324441
blk2511,6,319,ssa06_325287_C_G,325287
blk2512,6,320,ssa06_325871_A_T,325871
blk2513,6,321,ssa06_326415_G_C,326415
blk2514,6,322,ssa06_328504_T_A,328504
blk2514,6,323,ssa06_328546_C_G,328546
blk2515,6,324,ssa06_328975_A_T,328975
blk2516,6,325,ssa06_330832_G_C,330832
blk2517,6,326,ssa06_331704_T_A,331704
blk2518,6,327,ssa06_335056_C_G,335056
blk2519,6,328,ssa06_335363_A_T,335363
blk2520,6,329,ssa06_335643_G_C,335643
blk2521,6,330,ssa06_336175_T_A,336175
blk2522,6,331,ssa06_336622_C_G,336622
blk2523,6,332,ssa06_339574_A_T,339574
blk2524,6,333,ssa06_339853_G_C,339853
blk2525,6,334,ssa06_341306_T_A,341306
blk2526,6,335,ssa06_341779_C_G,341779
blk2526,6,336,ssa06_341866_A_T,341866
blk2527,6,337,ssa06_341997_G_C,341997
blk2528,6,338,ssa06_342145_T_A,342145
blk2529,6,339,ssa06_344047_C_G,344047
blk2530,6,340,ssa06_344763_A_T,344763
blk2531,6,341,ssa06_345110_G_C,345110
blk2532,6,342,ssa06_345497_T_A,345497
blk2533,6,343,ssa06_346472_C_G,346472
blk2534,6,344,ssa06_346747_A_T,346747
blk2535,6,345,ssa06_347446_G_C,347446
blk2536,6,346,ssa06_349574_T_A,349574
blk2537,6,347,ssa06_350121_C_G,350121
blk2538,6,348,ssa06_351667_A_T,351667
blk2539,6,349,ssa06_352061_G_C,352061
blk2539,6,350,ssa06_352093_T_A,352093
blk2540,6,351,ssa06_352749_C_G,352749
blk2540,6,352,ssa06_352792_A_T,352792
blk2541,6,353,ssa06_353461_G_C,353461
blk2542,6,354,ssa06_353634_T_A,353634
blk2543,6,355,ssa06_354510_C_G,354510
blk2543,6,356,ssa06_354620_A_T,354620
blk2544,6,357,ssa06_355136_G_C,355136
blk2544,6,358,ssa06_355251_T_A,355251
blk2545,6,359,ssa06_356998_C_G,356998
blk2546,6,360,ssa06_359471_A_T,359471
blk2547,6,361,ssa06_360670_G_C,360670
blk2548,6,362,ssa06_360884_T_A,360884
blk2549,6,363,ssa06_361432_C_G,361432
blk2550,6,364,ssa06_362575_A_T,362575
blk2551,6,365,ssa06_363430_G_C,363430
blk2552,6,366,ssa06_364903_T_A,364903
blk2553,6,367,ssa06_366059_C_G,366059
blk2554,6,368,ssa06_366330_A_T,366330
blk2555,6,369,ssa06_367591_G_C,367591
blk2556,6,370,ssa06_367751_T_A,367751
blk2557,6,371,ssa06_368091_C_G,368091
blk2558,6,372,ssa06_368667_A_T,368667
blk2559,6,373,ssa06_368841_G_C,368841
blk2560,6,374,ssa06_372432_T_A,372432
blk2561,6,375,ssa06_372666_C_G,372666
blk2562,6,376,ssa06_374744_A_T,374744
blk2563,6,377,ssa06_375485_G_C,375485
blk2563,6,378,ssa06_375583_T_A,375583
blk2564,6,379,ssa06_376081_C_G,376081
blk2565,6,380,ssa06_376516_A_T,376516
blk2566,6,381,ssa06_376997_G_C,376997
blk2567,6,382,ssa06_377164_T_A,377164
blk2568,6,383,ssa06_377461_C_G,377461
blk2569,6,384,ssa06_379632_A_T,379632
blk2570,6,385,ssa06_381570_G_C,381570
blk2570,6,386,ssa06_381635_T_A,381635
blk2571,6,387,ssa06_384112_C_G,384112
blk2572,6,388,ssa06_387383_A_T,387383
blk2573,6,389,ssa06_389000_G_C,389000
blk2574,6,390,ssa06_392904_T_A,392904
blk2574,6,391,ssa06_392962_C_G,392962
blk2575,6,392,ssa06_395910_A_T,395910
blk2576,6,393,ssa06_396821_G_C,396821
blk2577,6,394,ssa06_397170_T_A,397170
blk2578,6,395,ssa06_397376_C_G,397376
blk2579,6,396,ssa06_399312_A_T,399312
blk2580,6,397,ssa06_399540_G_C,399540
blk2581,6,398,ssa06_401778_T_A,401778
blk2582,6,399,ssa06_403010_C_G,403010
blk2583,6,400,ssa06_403809_A_T,403809
blk2584,6,401,ssa06_405569_G_C,405569
blk2585,6,402,ssa06_407236_T_A,407236
blk2586,6,403,ssa06_407999_C_G,407999
blk2587,6,404,ssa06_410481_A_T,410481
blk2588,6,405,ssa06_410843_G_C,410843
blk2589,6,406,ssa06_412605_T_A,412605
blk2590,6,407,ssa06_413420_C_G,413420
blk2591,6,408,ssa06_414702_A_T,414702
blk2592,6,409,ssa06_415469_G_C,415469
blk2593,6,410,ssa06_417371_T_A,417371
blk2594,6,411,ssa06_417783_C_G,417783
blk2595,6,412,ssa06_417987_A_T,417987
blk2596,6,413,ssa06_419565_G_C,419565
blk2597,6,414,ssa06_419910_T_A,419910
blk2598,6,415,ssa06_420827_C_G,420827
blk2599,6,416,ssa06_421671_A_T,421671
blk2600,6,417,ssa06_422296_G_C,422296
blk2601,6,418,ssa06_422548_T_A,422548
blk2602,6,419,ssa06_424050_C_G,424050
blk2603,6,420,ssa06_426285_A_T,426285
blk2604,6,421,ssa06_427507_G_C,427507
blk2605,6,422,ssa06_428685_T_A,428685
blk2605,6,423,ssa06_428720_C_G,428720
blk2606,6,424,ssa06_429772_A_T,429772
blk2607,6,425,ssa06_429927_G_C,429927
blk2608,6,426,ssa06_433820_T_A,433820
blk2609,6,427,ssa06_434070_C_G,434070
blk2610,6,428,ssa06_434587_A_T,434587
blk2610,6,429,ssa06_434611_G_C,434611
blk2611,6,430,ssa06_436184_T_A,436184
blk2612,6,431,ssa06_438212_C_G,438212
blk2613,6,432,ssa06_439359_A_T,439359
blk2614,6,433,ssa06_439650_G_C,439650
blk2615,6,434,ssa06_440759_T_A,440759
blk2615,6,435,ssa06_440872_C_G,440872
blk2616,6,436,ssa06_441190_A_T,441190
blk2617,6,437,ssa06_442046_G_C,442046
blk2618,6,438,ssa06_442738_T_A,442738
blk2619,6,439,ssa06_443427_C_G,443427
blk2620,6,440,ssa06_445578_A_T,445578
blk2621,6,441,ssa06_446480_G_C,446480
blk2622,6,442,ssa06_446620_T_A,446620
blk2623,6,443,ssa06_447802_C_G,447802
blk2624,6,444,ssa06_448244_A_T,448244
blk2624,6,445,ssa06_448270_G_C,448270
blk2625,6,446,ssa06_450261_T_A,450261
blk2626,6,447,ssa06_451911_C_G,451911
blk2627,6,448,ssa06_452928_A_T,452928
blk2628,6,449,ssa06_453433_G_C,453433
blk2629,6,450,ssa06_455284_T_A,455284
blk2630,6,451,ssa06_455435_C_G,455435
blk2631,6,452,ssa06_455564_A_T,455564
blk2632,6,453,ssa06_455824_G_C,455824
blk2633,6,454,ssa06_456234_T_A,456234
blk2634,6,455,ssa06_457367_C_G,457367
blk2634,6,456,ssa06_457468_A_T,457468
blk2635,6,457,ssa06_457615_G_C,457615
blk2636,6,458,ssa06_457979_T_A,457979
blk2637,6,459,ssa06_458947_C_G,458947
blk2638,6,460,ssa06_459250_A_T,459250
blk2639,6,461,ssa06_460312_G_C,460312
blk2640,6,462,ssa06_462518_T_A,462518
blk2641,6,463,ssa06_465918_C_G,465918
blk2642,6,464,ssa06_466902_A_T,466902
blk2643,6,465,ssa06_467816_G_C,467816
blk2644,6,466,ssa06_468626_T_A,468626
blk2645,6,467,ssa06_470152_C_G,470152
blk2646,6,468,ssa06_471807_A_T,471807
blk2647,6,469,ssa06_472477_G_C,472477
blk2648,6,470,ssa06_473272_T_A,473272
blk2649,6,471,ssa06_474980_C_G,474980
blk2650,6,472,ssa06_476735_A_T,476735
blk2651,6,473,ssa06_477343_G_C,477343
blk2652,6,474,ssa06_478579_T_A,478579
blk2653,6,475,ssa06_480684_C_G,480684
blk2654,6,476,ssa06_481734_A_T,481734
blk2655,6,477,ssa06_483512_G_C,483512
blk2656,6,478,ssa06_485106_T_A,485106
blk2657,6,479,ssa06_485232_C_G,485232
blk2658,6,480,ssa06_486370_A_T,486370
blk2659,6,481,ssa06_486996_G_C,486996
blk2660,6,482,ssa06_488678_T_A,488678
blk2660,6,483,ssa06_488776_C_G,488776
blk2661,6,484,ssa06_489069_A_T,489069
blk2661,6,485,ssa06_489123_G_C,489123
blk2662,6,486,ssa06_489348_T_A,489348
blk2663,6,487,ssa06_489494_C_G,489494
blk2664,6,488,ssa06_490639_A_T,490639
blk2665,6,489,ssa06_490967_G_C,490967
blk2666,6,490,ssa06_493113_T_A,493113
blk2667,6,491,ssa06_493387_C_G,493387
blk2668,6,492,ssa06_494935_A_T,494935
blk2669,6,493,ssa06_495311_G_C,495311
blk2670,6,494,ssa06_495808_T_A,495808
blk2671,6,495,ssa06_496169_C_G,496169
blk2672,6,496,ssa06_496485_A_T,496485
blk2673,6,497,ssa06_497948_G_C,497948
blk2674,6,498,ssa06_498274_T_A,498274
blk2675,6,499,ssa06_499247_C_G,499247
blk2676,7,0,ssa07_2639_A_T,2639
blk2677,7,1,ssa07_3130_G_C,3130
blk2678,7,2,ssa07_5385_T_A,5385
blk2679,7,3,ssa07_9228_C_G,9228
blk2680,7,4,ssa07_11703_A_T,11703
blk2681,7,5,ssa07_11967_G_C,11967
blk2682,7,6,ssa07_13313_T_A,13313
blk2683,7,7,ssa07_18078_C_G,18078
blk2684,7,8,ssa07_18252_A_T,18252
blk2685,7,9,ssa07_18896_G_C,18896
blk2686,7,10,ssa07_20347_T_A,20347
blk2687,7,11,ssa07_20623_C_G,20623
blk2688,7,12,ssa07_23649_A_T,23649
blk2689,7,13,ssa07_26906_G_C,26906
blk2690,7,14,ssa07_27313_T_A,27313
blk2691,7,15,ssa07_28750_C_G,28750
blk2692,7,16,ssa07_30110_A_T,30110
blk2692,7,17,ssa07_30181_G_C,30181
blk2693,7,18,ssa07_31175_T_A,31175
blk2694,7,19,ssa07_31356_C_G,31356
blk2695,7,20,ssa07_31998_A_T,31998
blk2695,7,21,ssa07_32007_G_C,32007
blk2696,7,22,ssa07_33594_T_A,33594
blk2697,7,23,ssa07_34341_C_G,34341
blk2698,7,24,ssa07_35552_A_T,35552
blk2699,7,25,ssa07_36689_G_C,36689
blk2700,7,26,ssa07_36938_T_A,36938
blk2701,7,27,ssa07_37345_C_G,37345
blk2702,7,28,ssa07_38668_A_T,38668
blk2702,7,29,ssa07_38769_G_C,38769
blk2703,7,30,ssa07_39812_T_A,39812
blk2704,7,31,ssa07_40988_C_G,40988
blk2705,7,32,ssa07_41925_A_T,41925
blk2706,7,33,ssa07_42316_G_C,42316
blk2707,7,34,ssa07_42719_T_A,42719
blk2708,7,35,ssa07_43051_C_G,43051
blk2709,7,36,ssa07_46577_A_T,46577
blk2709,7,37,ssa07_46625_G_C,46625
blk2710,7,38,ssa07_47918_T_A,47918
blk2711,7,39,ssa07_48673_C_G,48673
blk2712,7,40,ssa07_49698_A_T,49698
blk2713,7,41,ssa07_50306_G_C,50306
blk2714,7,42,ssa07_50642_T_A,50642
blk2715,7,43,ssa07_51347_C_G,51347
blk2716,7,44,ssa07_52186_A_T,52186
blk2717,7,45,ssa07_52595_G_C,52595
blk2718,7,46,ssa07_52843_T_A,52843
blk2719,7,47,ssa07_53481_C_G,53481
blk2720,7,48,ssa07_53854_A_T,53854
blk2721,7,49,ssa07_54227_G_C,54227
blk2722,7,50,ssa07_56002_T_A,56002
blk2723,7,51,ssa07_57953_C_G,57953
blk2724,7,52,ssa07_58645_A_T,58645
blk2725,7,53,ssa07_59049_G_C,59049
blk2726,7,54,ssa07_59774_T_A,59774
blk2727,7,55,ssa07_60161_C_G,60161
blk2728,7,56,ssa07_61812_A_T,61812
blk2729,7,57,ssa07_62033_G_C,62033
blk2730,7,58,ssa07_62190_T_A,62190
blk2731,7,59,ssa07_62901_C_G,62901
blk2732,7,60,ssa07_63129_A_T,63129
blk2733,7,61,ssa07_64091_G_C,64091
blk2734,7,62,ssa07_64930_T_A,64930
blk2734,7,63,ssa07_64947_C_G,64947
blk2735,7,64,ssa07_67144_A_T,67144
blk2736,7,65,ssa07_68024_G_C,68024
blk2737,7,66,ssa07_68522_T_A,68522
blk2738,7,67,ssa07_68944_C_G,68944
blk2739,7,68,ssa07_69213_A_T,69213
blk2739,7,69,ssa07_69249_G_C,69249
blk2740,7,70,ssa07_70105_T_A,70105
blk2741,7,71,ssa07_72361_C_G,72361
blk2742,7,72,ssa07_73697_A_T,73697
blk2743,7,73,ssa07_73921_G_C,73921
blk2744,7,74,ssa07_75590_T_A,75590
blk2744,7,75,ssa07_75699_C_G,75699
blk2745,7,76,ssa07_77795_A_T,77795
blk2746,7,77,ssa07_78400_G_C,78400
blk2747,7,78,ssa07_78731_T_A,78731
blk2748,7,79,ssa07_80499_C_G,80499
blk2749,7,80,ssa07_82573_A_T,82573
blk2750,7,81,ssa07_82934_G_C,82934
blk2751,7,82,ssa07_83158_T_A,83158
blk2752,7,83,ssa07_84848_C_G,84848
blk2753,7,84,ssa07_85874_A_T,85874
blk2754,7,85,ssa07_86898_G_C,86898
blk2755,7,86,ssa07_87491_T_A,87491
blk2756,7,87,ssa07_88251_C_G,88251
blk2757,7,88,ssa07_89349_A_T,89349
blk2758,7,89,ssa07_89492_G_C,89492
blk2759,7,90,ssa07_91882_T_A,91882
blk2760,7,91,ssa07_92960_C_G,92960
blk2761,7,92,ssa07_94523_A_T,94523
blk2762,7,93,ssa07_95286_G_C,95286
blk2763,7,94,ssa07_98207_T_A,98207
blk2764,7,95,ssa07_99003_C_G,99003
blk2765,7,96,ssa07_99239_A_T,99239
blk2766,7,97,ssa07_99965_G_C,99965
blk2767,7,98,ssa07_100134_T_A,100134
blk2768,7,99,ssa07_101409_C_G,101409
blk2769,7,100,ssa07_102238_A_T,102238
blk2769,7,101,ssa07_102284_G_C,102284
blk2770,7,102,ssa07_103464_T_A,103464
blk2771,7,103,ssa07_104325_C_G,104325
blk2772,7,104,ssa07_105150_A_T,105150
blk2773,7,105,ssa07_106865_G_C,106865
blk2774,7,106,ssa07_107160_T_A,107160
blk2775,7,107,ssa07_107885_C_G,107885
blk2776,7,108,ssa07_109752_A_T,109752
blk2777,7,109,ssa07_110335_G_C,110335
blk2777,7,110,ssa07_110369_T_A,110369
blk2778,7,111,ssa07_111481_C_G,111481
blk2779,7,112,ssa07_113262_A_T,113262
blk2780,7,113,ssa07_115345_G_C,115345
blk2780,7,114,ssa07_115422_T_A,115422
blk2781,7,115,ssa07_115494_C_G,115494
blk2782,7,116,ssa07_117026_A_T,117026
blk2783,7,117,ssa07_117361_G_C,117361
blk2784,7,118,ssa07_118642_T_A,118642
blk2784,7,119,ssa07_118695_C_G,118695
blk2785,7,120,ssa07_118852_A_T,118852
blk2786,7,121,ssa07_119659_G_C,119659
blk2787,7,122,ssa07_119891_T_A,119891
blk2788,7,123,ssa07_120766_C_G,120766
blk2789,7,124,ssa07_121315_A_T,121315
blk2790,7,125,ssa07_122130_G_C,122130
blk2791,7,126,ssa07_122418_T_A,122418
blk2792,7,127,ssa07_122704_C_G,122704
blk2793,7,128,ssa07_123837_A_T,123837
blk2794,7,129,ssa07_124454_G_C,124454
blk2795,7,130,ssa07_127370_T_A,127370
blk2796,7,131,ssa07_127815_C_G,127815
blk2797,7,132,ssa07_128770_A_T,128770
blk2798,7,133,ssa07_129235_G_C,129235
blk2799,7,134,ssa07_129805_T_A,129805
blk2800,7,135,ssa07_130588_C_G,130588
blk2801,7,136,ssa07_131529_A_T,131529
blk2801,7,137,ssa07_131542_G_C,131542
blk2802,7,138,ssa07_132376_T_A,132376
blk2802,7,139,ssa07_132445_C_G,132445
blk2803,7,140,ssa07_133032_A_T,133032
blk2804,7,141,ssa07_133659_G_C,133659
blk2805,7,142,ssa07_134399_T_A,134399
blk2806,7,143,ssa07_134838_C_G,134838
blk2807,7,144,ssa07_135791_A_T,135791
blk2808,7,145,ssa07_136077_G_C,136077
blk2809,7,146,ssa07_136599_T_A,136599
blk2810,7,147,ssa07_137032_C_G,137032
blk2811,7,148,ssa07_137229_A_T,137229
blk2812,7,149,ssa07_140232_G_C,140232
blk2812,7,150,ssa07_140236_T_A,140236
blk2813,7,151,ssa07_140521_C_G,140521
blk2814,7,152,ssa07_144198_A_T,144198
blk2815,7,153,ssa07_147755_G_C,147755
blk2816,7,154,ssa07_148162_T_A,148162
blk2817,7,155,ssa07_149605_C_G,149605
blk2818,7,156,ssa07_150759_A_T,150759
blk2819,7,157,ssa07_151328_G_C,151328
blk2820,7,158,ssa07_152347_T_A,152347
blk2821,7,159,ssa07_152553_C_G,152553
blk2822,7,160,ssa07_153799_A_T,153799
blk2822,7,161,ssa07_153807_G_C,153807
blk2823,7,162,ssa07_154404_T_A,154404
blk2824,7,163,ssa07_156279_C_G,156279
blk2825,7,164,ssa07_157243_A_T,157243
blk2826,7,165,ssa07_157450_G_C,157450
blk2827,7,166,ssa07_157767_T_A,157767
blk2828,7,167,ssa07_160416_C_G,160416
blk2829,7,168,ssa07_162267_A_T,162267
blk2830,7,169,ssa07_163928_G_C,163928
blk2831,7,170,ssa07_164064_T_A,164064
blk2832,7,171,ssa07_165175_C_G,165175
blk2833,7,172,ssa07_165955_A_T,165955
blk2834,7,173,ssa07_166278_G_C,166278
blk2835,7,174,ssa07_167173_T_A,167173
blk2836,7,175,ssa07_168386_C_G,168386
blk2837,7,176,ssa07_170488_A_T,170488
blk2838,7,177,ssa07_170989_G_C,170989
blk2838,7,178,ssa07_171034_T_A,171034
blk2839,7,179,ssa07_171177_C_G,171177
blk2840,7,180,ssa07_171420_A_T,171420
blk2841,7,181,ssa07_172148_G_C,172148
blk2842,7,182,ssa07_172992_T_A,172992
blk2843,7,183,ssa07_173750_C_G,173750
blk2844,7,184,ssa07_174237_A_T,174237
blk2845,7,185,ssa07_175925_G_C,175925
blk2846,7,186,ssa07_178879_T_A,178879
blk2847,7,187,ssa07_179058_C_G,179058
blk2848,7,188,ssa07_179272_A_T,179272
blk2849,7,189,ssa07_180929_G_C,180929
blk2850,7,190,ssa07_181140_T_A,181140
blk2851,7,191,ssa07_182473_C_G,182473
blk2852,7,192,ssa07_183040_A_T,183040
blk2853,7,193,ssa07_183527_G_C,183527
blk2854,7,194,ssa07_184149_T_A,184149
blk2855,7,195,ssa07_185544_C_G,185544
blk2856,7,196,ssa07_187959_A_T,187959
blk2857,7,197,ssa07_188133_G_C,188133
blk2858,7,198,ssa07_189360_T_A,189360
blk2859,7,199,ssa07_190098_C_G,190098
blk2860,7,200,ssa07_190432_A_T,190432
blk2860,7,201,ssa07_190519_G_C,190519
blk2861,7,202,ssa07_191313_T_A,191313
blk2862,7,203,ssa07_194300_C_G,194300
blk2863,7,204,ssa07_194813_A_T,194813
blk2864,7,205,ssa07_196760_G_C,196760
blk2865,7,206,ssa07_197313_T_A,197313
blk2866,7,207,ssa07_198267_C_G,198267
blk2867,7,208,ssa07_198416_A_T,198416
blk2868,7,209,ssa07_198703_G_C,198703
blk2869,7,210,ssa07_199064_T_A,199064
blk2870,7,211,ssa07_199407_C_G,199407
blk2871,7,212,ssa07_199581_A_T,199581
blk2872,7,213,ssa07_199975_G_C,199975
blk2872,7,214,ssa07_200027_T_A,200027
blk2873,7,215,ssa07_200419_C_G,200419
blk2874,7,216,ssa07_201507_A_T,201507
blk2874,7,217,ssa07_201541_G_C,201541
blk2875,7,218,ssa07_205046_T_A,205046
blk2876,7,219,ssa07_206758_C_G,206758
blk2877,7,220,ssa07_207255_A_T,207255
blk2877,7,221,ssa07_207295_G_C,207295
blk2878,7,222,ssa07_207701_T_A,207701
blk2879,7,223,ssa07_208186_C_G,208186
blk2879,7,224,ssa07_208280_A_T,208280
blk2880,7,225,ssa07_210726_G_C,210726
blk2881,7,226,ssa07_213231_T_A,213231
blk2882,7,227,ssa07_216059_C_G,216059
blk2883,7,228,ssa07_219369_A_T,219369
blk2884,7,229,ssa07_220211_G_C,220211
blk2884,7,230,ssa07_220272_T_A,220272
blk2885,7,231,ssa07_220584_C_G,220584
blk2886,7,232,ssa07_222266_A_T,222266
blk2887,7,233,ssa07_228679_G_C,228679
blk2888,7,234,ssa07_229266_T_A,229266
blk2889,7,235,ssa07_231130_C_G,231130
blk2890,7,236,ssa07_233316_A_T,233316
blk2891,7,237,ssa07_233566_G_C,233566
blk2892,7,238,ssa07_233871_T_A,233871
blk2893,7,239,ssa07_234087_C_G,234087
blk2894,7,240,ssa07_234525_A_T,234525
blk2895,7,241,ssa07_234670_G_C,234670
blk2896,7,242,ssa07_235185_T_A,235185
blk2897,7,243,ssa07_236201_C_G,236201
blk2898,7,244,ssa07_236433_A_T,236433
blk2899,7,245,ssa07_236653_G_C,236653
blk2900,7,246,ssa07_238278_T_A,238278
blk2901,7,247,ssa07_239785_C_G,239785
blk2902,7,248,ssa07_240168_A_T,240168
blk2903,7,249,ssa07_240915_G_C,240915
blk2903,7,250,ssa07_240969_T_A,240969
blk2904,7,251,ssa07_242306_C_G,242306
blk2905,7,252,ssa07_243462_A_T,243462
blk2906,7,253,ssa07_243790_G_C,243790
blk2906,7,254,ssa07_243816_T_A,243816
blk2907,7,255,ssa07_244177_C_G,244177
blk2908,7,256,ssa07_246613_A_T,246613
blk2909,7,257,ssa07_247730_G_C,247730
blk2910,7,258,ssa07_248893_T_A,248893
blk2911,7,259,ssa07_251184_C_G,251184
blk2911,7,260,ssa07_251211_A_T,251211
blk2912,7,261,ssa07_252357_G_C,252357
blk2913,7,262,ssa07_255330_T_A,255330
blk2914,7,263,ssa07_256094_C_G,256094
blk2915,7,264,ssa07_256303_A_T,256303
blk2916,7,265,ssa07_256479_G_C,256479
blk2917,7,266,ssa07_258278_T_A,258278
blk2918,7,267,ssa07_259343_C_G,259343
blk2919,7,268,ssa07_259815_A_T,259815
blk2920,7,269,ssa07_263421_G_C,263421
blk2921,7,270,ssa07_265217_T_A,265217
blk2922,7,271,ssa07_266788_C_G,266788
blk2922,7,272,ssa07_266910_A_T,266910
blk2923,7,273,ssa07_267728_G_C,267728
blk2924,7,274,ssa07_271446_T_A,271446
blk2925,7,275,ssa07_272180_C_G,272180
blk2926,7,276,ssa07_272617_A_T,272617
blk2927,7,277,ssa07_272938_G_C,272938
blk2928,7,278,ssa07_276619_T_A,276619
blk2929,7,279,ssa07_277712_C_G,277712
blk2930,7,280,ssa07_278769_A_T,278769
blk2931,7,281,ssa07_279017_G_C,279017
blk2932,7,282,ssa07_281369_T_A,281369
blk2933,7,283,ssa07_284011_C_G,284011
blk2933,7,284,ssa07_284048_A_T,284048
blk2934,7,285,ssa07_284902_G_C,284902
blk2935,7,286,ssa07_285425_T_A,285425
blk2936,7,287,ssa07_285995_C_G,285995
blk2937,7,288,ssa07_287207_A_T,287207
blk2938,7,289,ssa07_287495_G_C,287495
blk2938,7,290,ssa07_287548_T_A,287548
blk2939,7,291,ssa07_288022_C_G,288022
blk2940,7,292,ssa07_288468_A_T,288468
blk2941,7,293,ssa07_289064_G_C,289064
blk2941,7,294,ssa07_289065_T_A,289065
blk2942,7,295,ssa07_291515_C_G,291515
blk2943,7,296,ssa07_294415_A_T,294415
blk2944,7,297,ssa07_296555_G_C,296555
blk2945,7,298,ssa07_300038_T_A,300038
blk2946,7,299,ssa07_300666_C_G,300666
blk2947,7,300,ssa07_301040_A_T,301040
blk2948,7,301,ssa07_301245_G_C,301245
blk2949,7,302,ssa07_302004_T_A,302004
blk2950,7,303,ssa07_303265_C_G,303265
blk2951,7,304,ssa07_305310_A_T,305310
blk2952,7,305,ssa07_306717_G_C,306717
blk2952,7,306,ssa07_306820_T_A,306820
blk2953,7,307,ssa07_306873_C_G,306873
blk2954,7,308,ssa07_307253_A_T,307253
blk2954,7,309,ssa07_307297_G_C,307297
blk2955,7,310,ssa07_308186_T_A,308186
blk2956,7,311,ssa07_310138_C_G,310138
blk2957,7,312,ssa07_311308_A_T,311308
blk2958,7,313,ssa07_312398_G_C,312398
blk2959,7,314,ssa07_314103_T_A,314103
blk2960,7,315,ssa07_315277_C_G,315277
blk2961,7,316,ssa07_317435_A_T,317435
blk2961,7,317,ssa07_317536_G_C,317536
blk2962,7,318,ssa07_318898_T_A,318898
blk2963,7,319,ssa07_319500_C_G,319500
blk2964,7,320,ssa07_319792_A_T,319792
blk2964,7,321,ssa07_319889_G_C,319889
blk2965,7,322,ssa07_320045_T_A,320045
blk2966,7,323,ssa07_320661_C_G,320661
blk2967,7,324,ssa07_320871_A_T,320871
blk2968,7,325,ssa07_321095_G_C,321095
blk2969,7,326,ssa07_321417_T_A,321417
blk2970,7,327,ssa07_321705_C_G,321705
blk2971,7,328,ssa07_322551_A_T,322551
blk2972,7,329,ssa07_326177_G_C,326177
blk2973,7,330,ssa07_327193_T_A,327193
blk2974,7,331,ssa07_328370_C_G,328370
blk2975,7,332,ssa07_329670_A_T,329670
blk2976,7,333,ssa07_330315_G_C,330315
blk2976,7,334,ssa07_330348_T_A,330348
blk2977,7,335,ssa07_331643_C_G,331643
blk2978,7,336,ssa07_332060_A_T,332060
blk2979,7,337,ssa07_333230_G_C,333230
blk2980,7,338,ssa07_333427_T_A,333427
blk2981,7,339,ssa07_333737_C_G,333737
blk2982,7,340,ssa07_334340_A_T,334340
blk2983,7,341,ssa07_335181_G_C,335181
blk2984,7,342,ssa07_335355_T_A,335355
blk2985,7,343,ssa07_335591_C_G,335591
blk2985,7,344,ssa07_335713_A_T,335713
blk2986,7,345,ssa07_336099_G_C,336099
blk2987,7,346,ssa07_338432_T_A,338432
blk2988,7,347,ssa07_338700_C_G,338700
blk2989,7,348,ssa07_339296_A_T,339296
blk2990,7,349,ssa07_340175_G_C,340175
blk2991,7,350,ssa07_342186_T_A,342186
blk2991,7,351,ssa07_342302_C_G,342302
blk2992,7,352,ssa07_346567_A_T,346567
blk2993,7,353,ssa07_347424_G_C,347424
blk2994,7,354,ssa07_347623_T_A,347623
blk2995,7,355,ssa07_348475_C_G,348475
blk2996,7,356,ssa07_349305_A_T,349305
blk2997,7,357,ssa07_350714_G_C,350714
blk2998,7,358,ssa07_351446_T_A,351446
blk2999,7,359,ssa07_352503_C_G,352503
blk3000,7,360,ssa07_353200_A_T,353200
blk3001,7,361,ssa07_353464_G_C,353464
blk3002,7,362,ssa07_356627_T_A,356627
blk3003,7,363,ssa07_356754_C_G,356754
blk3003,7,364,ssa07_356788_A_T,356788
blk3004,7,365,ssa07_357141_G_C,357141
blk3005,7,366,ssa07_357985_T_A,357985
blk3006,7,367,ssa07_361064_C_G,361064
blk3007,7,368,ssa07_361534_A_T,361534
blk3007,7,369,ssa07_361617_G_C,361617
blk3008,7,370,ssa07_362566_T_A,362566
blk3009,7,371,ssa07_364949_C_G,364949
blk3010,7,372,ssa07_365802_A_T,365802
blk3011,7,373,ssa07_366022_G_C,366022
blk3012,7,374,ssa07_366513_T_A,366513
blk3013,7,375,ssa07_368063_C_G,368063
blk3014,7,376,ssa07_369640_A_T,369640
blk3014,7,377,ssa07_369708_G_C,369708
blk3015,7,378,ssa07_377362_T_A,377362
blk3016,7,379,ssa07_380140_C_G,380140
blk3017,7,380,ssa07_380272_A_T,380272
blk3018,7,381,ssa07_380518_G_C,380518
blk3019,7,382,ssa07_381057_T_A,381057
blk3019,7,383,ssa07_381086_C_G,381086
blk3020,7,384,ssa07_382069_A_T,382069
blk3021,7,385,ssa07_384011_G_C,384011
blk3022,7,386,ssa07_384490_T_A,384490
blk3023,7,387,ssa07_385485_C_G,385485
blk3024,7,388,ssa07_385929_A_T,385929
blk3025,7,389,ssa07_387058_G_C,387058
blk3026,7,390,ssa07_389820_T_A,389820
blk3027,7,391,ssa07_389946_C_G,389946
blk3028,7,392,ssa07_391464_A_T,391464
blk3029,7,393,ssa07_394255_G_C,394255
blk3029,7,394,ssa07_394296_T_A,394296
blk3030,7,395,ssa07_395855_C_G,395855
blk3031,7,396,ssa07_396673_A_T,396673
blk3032,7,397,ssa07_397458_G_C,397458
blk3033,7,398,ssa07_398412_T_A,398412
blk3034,7,399,ssa07_398901_C_G,398901
blk3035,7,400,ssa07_399850_A_T,399850
blk3036,7,401,ssa07_400287_G_C,400287
blk3037,7,402,ssa07_400431_T_A,400431
blk3038,7,403,ssa07_400620_C_G,400620
blk3039,7,404,ssa07_403032_A_T,403032
blk3040,7,405,ssa07_403979_G_C,403979
blk3040,7,406,ssa07_404027_T_A,404027
blk3041,7,407,ssa07_404341_C_G,404341
blk3042,7,408,ssa07_405416_A_T,405416
blk3043,7,409,ssa07_406252_G_C,406252
blk3044,7,410,ssa07_406996_T_A,406996
blk3045,7,411,ssa07_409618_C_G,409618
blk3046,7,412,ssa07_409886_A_T,409886
blk3047,7,413,ssa07_410653_G_C,410653
blk3048,7,414,ssa07_415241_T_A,415241
blk3049,7,415,ssa07_415690_C_G,415690
blk3050,7,416,ssa07_416993_A_T,416993
blk3051,7,417,ssa07_417157_G_C,417157
blk3052,7,418,ssa07_418077_T_A,418077
blk3053,7,419,ssa07_419066_C_G,419066
blk3054,7,420,ssa07_419611_A_T,419611
blk3055,7,421,ssa07_419846_G_C,419846
blk3056,7,422,ssa07_421900_T_A,421900
blk3057,7,423,ssa07_422661_C_G,422661
blk3057,7,424,ssa07_422744_A_T,422744
blk3058,7,425,ssa07_423345_G_C,423345
blk3058,7,426,ssa07_423436_T_A,423436
blk3059,7,427,ssa07_423513_C_G,423513
blk3060,7,428,ssa07_425724_A_T,425724
blk3061,7,429,ssa07_426236_G_C,426236
blk3062,7,430,ssa07_426832_T_A,426832
blk3063,7,431,ssa07_428896_C_G,428896
blk3064,7,432,ssa07_429760_A_T,429760
blk3065,7,433,ssa07_430171_G_C,430171
blk3066,7,434,ssa07_432190_T_A,432190
blk3067,7,435,ssa07_434093_C_G,434093
blk3068,7,436,ssa07_434542_A_T,434542
blk3069,7,437,ssa07_436589_G_C,436589
blk3070,7,438,ssa07_437558_T_A,437558
blk3071,7,439,ssa07_438166_C_G,438166
blk3071,7,440,ssa07_438171_A_T,438171
blk3072,7,441,ssa07_438477_G_C,438477
blk3073,7,442,ssa07_438816_T_A,438816
blk3074,7,443,ssa07_440930_C_G,440930
blk3075,7,444,ssa07_441277_A_T,441277
blk3076,7,445,ssa07_441719_G_C,441719
blk3077,7,446,ssa07_442870_T_A,442870
blk3078,7,447,ssa07_443904_C_G,443904
blk3079,7,448,ssa07_444050_A_T,444050
blk3079,7,449,ssa07_444135_G_C,444135
blk3080,7,450,ssa07_447511_T_A,447511
blk3080,7,451,ssa07_447558_C_G,447558
blk3081,7,452,ssa07_448792_A_T,448792
blk3082,7,453,ssa07_452289_G_C,452289
blk3083,7,454,ssa07_452567_T_A,452567
blk3084,7,455,ssa07_454588_C_G,454588
blk3084,7,456,ssa07_454701_A_T,454701
blk3085,7,457,ssa07_454845_G_C,454845
blk3086,7,458,ssa07_456292_T_A,456292
blk3087,7,459,ssa07_456680_C_G,456680
blk3088,7,460,ssa07_457028_A_T,457028
blk3089,7,461,ssa07_460010_G_C,460010
blk3089,7,462,ssa07_460050_T_A,460050
blk3090,7,463,ssa07_461116_C_G,461116
blk3091,7,464,ssa07_463018_A_T,463018
blk3091,7,465,ssa07_463051_G_C,463051
blk3092,7,466,ssa07_463763_T_A,463763
blk3093,7,467,ssa07_464045_C_G,464045
blk3093,7,468,ssa07_464128_A_T,464128
blk3094,7,469,ssa07_464318_G_C,464318
blk3095,7,470,ssa07_467076_T_A,467076
blk3096,7,471,ssa07_467353_C_G,467353
blk3097,7,472,ssa07_468444_A_T,468444
blk3098,7,473,ssa07_468624_G_C,468624
blk3098,7,474,ssa07_468722_T_A,468722
blk3099,7,475,ssa07_469793_C_G,469793
blk3100,7,476,ssa07_470128_A_T,470128
blk3101,7,477,ssa07_472567_G_C,472567
blk3102,7,478,ssa07_473013_T_A,473013
blk3103,7,479,ssa07_473969_C_G,473969
blk3104,7,480,ssa07_474556_A_T,474556
blk3105,7,481,ssa07_476413_G_C,476413
blk3105,7,482,ssa07_476468_T_A,476468
blk3106,7,483,ssa07_478976_C_G,478976
blk3107,7,484,ssa07_479442_A_T,479442
blk3108,7,485,ssa07_480225_G_C,480225
blk3109,7,486,ssa07_480423_T_A,480423
blk3110,7,487,ssa07_482584_C_G,482584
blk3111,7,488,ssa07_483631_A_T,483631
blk3112,7,489,ssa07_484605_G_C,484605
blk3113,7,490,ssa07_484834_T_A,484834
blk3114,7,491,ssa07_486701_C_G,486701
blk3115,7,492,ssa07_487199_A_T,487199
blk3116,7,493,ssa07_487465_G_C,487465
blk3116,7,494,ssa07_487564_T_A,487564
blk3117,7,495,ssa07_488258_C_G,488258
blk3118,7,496,ssa07_488606_A_T,488606
blk3119,7,497,ssa07_491587_G_C,491587
blk3120,7,498,ssa07_494930_T_A,494930
blk3121,7,499,ssa07_496710_C_G,496710
blk3122,8,0,ssa08_2778_A_T,2778
blk3123,8,1,ssa08_4087_G_C,4087
blk3124,8,2,ssa08_4857_T_A,4857
blk3125,8,3,ssa08_5672_C_G,5672
blk3126,8,4,ssa08_7844_A_T,7844
blk3127,8,5,ssa08_8126_G_C,8126
blk3128,8,6,ssa08_8376_T_A,8376
blk3129,8,7,ssa08_10345_C_G,10345
blk3130,8,8,ssa08_11232_A_T,11232
blk3131,8,9,ssa08_13679_G_C,13679
blk3131,8,10,ssa08_13726_T_A,13726
blk3132,8,11,ssa08_14183_C_G,14183
blk3133,8,12,ssa08_14667_A_T,14667
blk3134,8,13,ssa08_15225_G_C,15225
blk3135,8,14,ssa08_15584_T_A,15584
blk3135,8,15,ssa08_15664_C_G,15664
blk3136,8,16,ssa08_16333_A_T,16333
blk3137,8,17,ssa08_18708_G_C,18708
blk3138,8,18,ssa08_18960_T_A,18960
blk3138,8,19,ssa08_19068_C_G,19068
blk3139,8,20,ssa08_19536_A_T,19536
blk3140,8,21,ssa08_19702_G_C,19702
blk3141,8,22,ssa08_20980_T_A,20980
blk3142,8,23,ssa08_22518_C_G,22518
blk3142,8,24,ssa08_22539_A_T,22539
blk3143,8,25,ssa08_23800_G_C,23800
blk3144,8,26,ssa08_25955_T_A,25955
blk3145,8,27,ssa08_27431_C_G,27431
blk3145,8,28,ssa08_27554_A_T,27554
blk3146,8,29,ssa08_27818_G_C,27818
blk3147,8,30,ssa08_28774_T_A,28774
blk3148,8,31,ssa08_29423_C_G,29423
blk3149,8,32,ssa08_29695_A_T,29695
blk3150,8,33,ssa08_30499_G_C,30499
blk3151,8,34,ssa08_30796_T_A,30796
blk3151,8,35,ssa08_30818_C_G,30818
blk3152,8,36,ssa08_30999_A_T,30999
blk3153,8,37,ssa08_31490_G_C,31490
blk3154,8,38,ssa08_33774_T_A,33774
blk3155,8,39,ssa08_36377_C_G,36377
blk3156,8,40,ssa08_36805_A_T,36805
blk3156,8,41,ssa08_36823_G_C,36823
blk3157,8,42,ssa08_39544_T_A,39544
blk3158,8,43,ssa08_41257_C_G,41257
blk3158,8,44,ssa08_41306_A_T,41306
blk3159,8,45,ssa08_44119_G_C,44119
blk3160,8,46,ssa08_44667_T_A,44667
blk3161,8,47,ssa08_46970_C_G,46970
blk3162,8,48,ssa08_48652_A_T,48652
blk3163,8,49,ssa08_50136_G_C,50136
blk3163,8,50,ssa08_50190_T_A,50190
blk3164,8,51,ssa08_50507_C_G,50507
blk3165,8,52,ssa08_52400_A_T,52400
blk3166,8,53,ssa08_53739_G_C,53739
blk3167,8,54,ssa08_53957_T_A,53957
blk3168,8,55,ssa08_55795_C_G,55795
blk3168,8,56,ssa08_55845_A_T,55845
blk3169,8,57,ssa08_56540_G_C,56540
blk3170,8,58,ssa08_57041_T_A,57041
blk3170,8,59,ssa08_57072_C_G,57072
blk3171,8,60,ssa08_61313_A_T,61313
blk3172,8,61,ssa08_62221_G_C,62221
blk3173,8,62,ssa08_64529_T_A,64529
blk3174,8,63,ssa08_65682_C_G,65682
blk3175,8,64,ssa08_66912_A_T,66912
blk3175,8,65,ssa08_67011_G_C,67011
blk3176,8,66,ssa08_67541_T_A,67541
blk3177,8,67,ssa08_67809_C_G,67809
blk3178,8,68,ssa08_70678_A_T,70678
blk3179,8,69,ssa08_70819_G_C,70819
blk3180,8,70,ssa08_72276_T_A,72276
blk3181,8,71,ssa08_72861_C_G,72861
blk3181,8,72,ssa08_72879_A_T,72879
blk3182,8,73,ssa08_73270_G_C,73270
blk3183,8,74,ssa08_75089_T_A,75089
blk3184,8,75,ssa08_76281_C_G,76281
blk3185,8,76,ssa08_78372_A_T,78372
blk3186,8,77,ssa08_80420_G_C,80420
blk3187,8,78,ssa08_82016_T_A,82016
blk3188,8,79,ssa08_84875_C_G,84875
blk3189,8,80,ssa08_85832_A_T,85832
blk3190,8,81,ssa08_87525_G_C,87525
blk3191,8,82,ssa08_89183_T_A,89183
blk3192,8,83,ssa08_89501_C_G,89501
blk3193,8,84,ssa08_89918_A_T,89918
blk3194,8,85,ssa08_90557_G_C,90557
blk3195,8,86,ssa08_90827_T_A,90827
blk3196,8,87,ssa08_92842_C_G,92842
blk3196,8,88,ssa08_92887_A_T,92887
blk3197,8,89,ssa08_93002_G_C,93002
blk3198,8,90,ssa08_93369_T_A,93369
blk3198,8,91,ssa08_93402_C_G,93402
blk3199,8,92,ssa08_94697_A_T,94697
blk3200,8,93,ssa08_94884_G_C,94884
blk3201,8,94,ssa08_95248_T_A,95248
blk3202,8,95,ssa08_95655_C_G,95655
blk3203,8,96,ssa08_96524_A_T,96524
blk3204,8,97,ssa08_96804_G_C,96804
blk3205,8,98,ssa08_99325_T_A,99325
blk3206,8,99,ssa08_99454_C_G,99454
blk3206,8,100,ssa08_99507_A_T,99507
blk3207,8,101,ssa08_99688_G_C,99688
blk3208,8,102,ssa08_100598_T_A,100598
blk3208,8,103,ssa08_100678_C_G,100678
blk3209,8,104,ssa08_101195_A_T,101195
blk3210,8,105,ssa08_101522_G_C,101522
blk3211,8,106,ssa08_102204_T_A,102204
blk3212,8,107,ssa08_103139_C_G,103139
blk3213,8,108,ssa08_103466_A_T,103466
blk3214,8,109,ssa08_104937_G_C,104937
blk3215,8,110,ssa08_106089_T_A,106089
blk3216,8,111,ssa08_107161_C_G,107161
blk3216,8,112,ssa08_107279_A_T,107279
blk3217,8,113,ssa08_108465_G_C,108465
blk3218,8,114,ssa08_109181_T_A,109181
blk3219,8,115,ssa08_110228_C_G,110228
blk3220,8,116,ssa08_111829_A_T,111829
blk3221,8,117,ssa08_112384_G_C,112384
blk3222,8,118,ssa08_113403_T_A,113403
blk3223,8,119,ssa08_115206_C_G,115206
blk3224,8,120,ssa08_117566_A_T,117566
blk3225,8,121,ssa08_118207_G_C,118207
blk3226,8,122,ssa08_119418_T_A,119418
blk3226,8,123,ssa08_119452_C_G,119452
blk3227,8,124,ssa08_119967_A_T,119967
blk3228,8,125,ssa08_121279_G_C,121279
blk3229,8,126,ssa08_121457_T_A,121457
blk3229,8,127,ssa08_121575_C_G,121575
blk3230,8,128,ssa08_123065_A_T,123065
blk3231,8,129,ssa08_124958_G_C,124958
blk3232,8,130,ssa08_128033_T_A,128033
blk3233,8,131,ssa08_129243_C_G,129243
blk3234,8,132,ssa08_129926_A_T,129926
blk3235,8,133,ssa08_130549_G_C,130549
blk3236,8,134,ssa08_132532_T_A,132532
blk3237,8,135,ssa08_133148_C_G,133148
blk3238,8,136,ssa08_134221_A_T,134221
blk3238,8,137,ssa08_134334_G_C,134334
blk3239,8,138,ssa08_134433_T_A,134433
blk3240,8,139,ssa08_134759_C_G,134759
blk3241,8,140,ssa08_136836_A_T,136836
blk3242,8,141,ssa08_137787_G_C,137787
blk3242,8,142,ssa08_137811_T_A,137811
blk3243,8,143,ssa08_138406_C_G,138406
blk3244,8,144,ssa08_138676_A_T,138676
blk3245,8,145,ssa08_140629_G_C,140629
blk3246,8,146,ssa08_142103_T_A,142103
blk3247,8,147,ssa08_143641_C_G,143641
blk3248,8,148,ssa08_144665_A_T,144665
blk3249,8,149,ssa08_145812_G_C,145812
blk3250,8,150,ssa08_146603_T_A,146603
blk3251,8,151,ssa08_147083_C_G,147083
blk3252,8,152,ssa08_149330_A_T,149330
blk3253,8,153,ssa08_150747_G_C,150747
blk3254,8,154,ssa08_156479_T_A,156479
blk3254,8,155,ssa08_156501_C_G,156501
blk3255,8,156,ssa08_157965_A_T,157965
blk3256,8,157,ssa08_158456_G_C,158456
blk3257,8,158,ssa08_159397_T_A,159397
blk3258,8,159,ssa08_159757_C_G,159757
blk3259,8,160,ssa08_162276_A_T,162276
blk3260,8,161,ssa08_162838_G_C,162838
blk3261,8,162,ssa08_164315_T_A,164315
blk3261,8,163,ssa08_164365_C_G,164365
blk3262,8,164,ssa08_165887_A_T,165887
blk3263,8,165,ssa08_166270_G_C,166270
blk3264,8,166,ssa08_167022_T_A,167022
blk3265,8,167,ssa08_169396_C_G,169396
blk3266,8,168,ssa08_169820_A_T,169820
blk3267,8,169,ssa08_171288_G_C,171288
blk3268,8,170,ssa08_171920_T_A,171920
blk3269,8,171,ssa08_173179_C_G,173179
blk3270,8,172,ssa08_174715_A_T,174715
blk3271,8,173,ssa08_175302_G_C,175302
blk3272,8,174,ssa08_177215_T_A,177215
blk3273,8,175,ssa08_177627_C_G,177627
blk3274,8,176,ssa08_177927_A_T,177927
blk3275,8,177,ssa08_178692_G_C,178692
blk3276,8,178,ssa08_179667_T_A,179667
blk3277,8,179,ssa08_182052_C_G,182052
blk3278,8,180,ssa08_182240_A_T,182240
blk3279,8,181,ssa08_182521_G_C,182521
blk3280,8,182,ssa08_183237_T_A,183237
blk3281,8,183,ssa08_183919_C_G,183919
blk3282,8,184,ssa08_184725_A_T,184725
blk3283,8,185,ssa08_186701_G_C,186701
blk3284,8,186,ssa08_188961_T_A,188961
blk3285,8,187,ssa08_189610_C_G,189610
blk3285,8,188,ssa08_189717_A_T,189717
blk3286,8,189,ssa08_190096_G_C,190096
blk3287,8,190,ssa08_194363_T_A,194363
blk3288,8,191,ssa08_194756_C_G,194756
blk3289,8,192,ssa08_195631_A_T,195631
blk3290,8,193,ssa08_197186_G_C,197186
blk3291,8,194,ssa08_197560_T_A,197560
blk3292,8,195,ssa08_197989_C_G,197989
blk3293,8,196,ssa08_198690_A_T,198690
blk3294,8,197,ssa08_199169_G_C,199169
blk3295,8,198,ssa08_199393_T_A,199393
blk3296,8,199,ssa08_199950_C_G,199950
blk3297,8,200,ssa08_200600_A_T,200600
blk3298,8,201,ssa08_200925_G_C,200925
blk3299,8,202,ssa08_202295_T_A,202295
blk3300,8,203,ssa08_203704_C_G,203704
blk3301,8,204,ssa08_203884_A_T,203884
blk3302,8,205,ssa08_204388_G_C,204388
blk3303,8,206,ssa08_205483_T_A,205483
blk3304,8,207,ssa08_207074_C_G,207074
blk3304,8,208,ssa08_207185_A_T,207185
blk3305,8,209,ssa08_207779_G_C,207779
blk3306,8,210,ssa08_208391_T_A,208391
blk3307,8,211,ssa08_209937_C_G,209937
blk3308,8,212,ssa08_210194_A_T,210194
blk3308,8,213,ssa08_210254_G_C,210254
blk3309,8,214,ssa08_211009_T_A,211009
blk3310,8,215,ssa08_211341_C_G,211341
blk3311,8,216,ssa08_212185_A_T,212185
blk3312,8,217,ssa08_213364_G_C,213364
blk3313,8,218,ssa08_214539_T_A,214539
blk3314,8,219,ssa08_215497_C_G,215497
blk3315,8,220,ssa08_216980_A_T,216980
blk3316,8,221,ssa08_217342_G_C,217342
blk3317,8,222,ssa08_217770_T_A,217770
blk3318,8,223,ssa08_217981_C_G,217981
blk3318,8,224,ssa08_218037_A_T,218037
blk3319,8,225,ssa08_218926_G_C,218926
blk3320,8,226,ssa08_219455_T_A,219455
blk3320,8,227,ssa08_219486_C_G,219486
blk3321,8,228,ssa08_219688_A_T,219688
blk3322,8,229,ssa08_221096_G_C,221096
blk3323,8,230,ssa08_221511_T_A,221511
blk3324,8,231,ssa08_221972_C_G,221972
blk3325,8,232,ssa08_222508_A_T,222508
blk3326,8,233,ssa08_223115_G_C,223115
blk3327,8,234,ssa08_223994_T_A,223994
blk3327,8,235,ssa08_224010_C_G,224010
blk3328,8,236,ssa08_224176_A_T,224176
blk3329,8,237,ssa08_224983_G_C,224983
blk3330,8,238,ssa08_225293_T_A,225293
blk3331,8,239,ssa08_226872_C_G,226872
blk3332,8,240,ssa08_227808_A_T,227808
blk3333,8,241,ssa08_228362_G_C,228362
blk3334,8,242,ssa08_228598_T_A,228598
blk3335,8,243,ssa08_229398_C_G,229398
blk3336,8,244,ssa08_230034_A_T,230034
blk3337,8,245,ssa08_231081_G_C,231081
blk3338,8,246,ssa08_232325_T_A,232325
blk3339,8,247,ssa08_233001_C_G,233001
blk3340,8,248,ssa08_233172_A_T,233172
blk3340,8,249,ssa08_233235_G_C,233235
blk3341,8,250,ssa08_236327_T_A,236327
blk3342,8,251,ssa08_237745_C_G,237745
blk3343,8,252,ssa08_238296_A_T,238296
blk3344,8,253,ssa08_240863_G_C,240863
blk3344,8,254,ssa08_240871_T_A,240871
blk3345,8,255,ssa08_242314_C_G,242314
blk3346,8,256,ssa08_243085_A_T,243085
blk3347,8,257,ssa08_243505_G_C,243505
blk3348,8,258,ssa08_244246_T_A,244246
blk3349,8,259,ssa08_245743_C_G,245743
blk3350,8,260,ssa08_248671_A_T,248671
blk3351,8,261,ssa08_249065_G_C,249065
blk3351,8,262,ssa08_249086_T_A,249086
blk3352,8,263,ssa08_249737_C_G,249737
blk3353,8,264,ssa08_252055_A_T,252055
blk3354,8,265,ssa08_253346_G_C,253346
blk3354,8,266,ssa08_253433_T_A,253433
blk3355,8,267,ssa08_253643_C_G,253643
blk3356,8,268,ssa08_254178_A_T,254178
blk3357,8,269,ssa08_257246_G_C,257246
blk3357,8,270,ssa08_257341_T_A,257341
blk3358,8,271,ssa08_258836_C_G,258836
blk3359,8,272,ssa08_259847_A_T,259847
blk3360,8,273,ssa08_260261_G_C,260261
blk3361,8,274,ssa08_260554_T_A,260554
blk3362,8,275,ssa08_261107_C_G,261107
blk3362,8,276,ssa08_261208_A_T,261208
blk3363,8,277,ssa08_261434_G_C,261434
blk3364,8,278,ssa08_263027_T_A,263027
blk3365,8,279,ssa08_264892_C_G,264892
blk3366,8,280,ssa08_268210_A_T,268210
blk3367,8,281,ssa08_268685_G_C,268685
blk3368,8,282,ssa08_269058_T_A,269058
blk3369,8,283,ssa08_269415_C_G,269415
blk3370,8,284,ssa08_270021_A_T,270021
blk3371,8,285,ssa08_270379_G_C,270379
blk3372,8,286,ssa08_270506_T_A,270506
blk3372,8,287,ssa08_270562_C_G,270562
blk3373,8,288,ssa08_271621_A_T,271621
blk3374,8,289,ssa08_273754_G_C,273754
blk3375,8,290,ssa08_274266_T_A,274266
blk3376,8,291,ssa08_274754_C_G,274754
blk3377,8,292,ssa08_276722_A_T,276722
blk3378,8,293,ssa08_278995_G_C,278995
blk3379,8,294,ssa08_282491_T_A,282491
blk3380,8,295,ssa08_282671_C_G,282671
blk3381,8,296,ssa08_283976_A_T,283976
blk3382,8,297,ssa08_284952_G_C,284952
blk3383,8,298,ssa08_285607_T_A,285607
blk3383,8,299,ssa08_285669_C_G,285669
blk3384,8,300,ssa08_285958_A_T,285958
blk3385,8,301,ssa08_289060_G_C,289060
blk3386,8,302,ssa08_289744_T_A,289744
blk3387,8,303,ssa08_289935_C_G,289935
blk3388,8,304,ssa08_290683_A_T,290683
blk3389,8,305,ssa08_291930_G_C,291930
blk3390,8,306,ssa08_292129_T_A,292129
blk3391,8,307,ssa08_292696_C_G,292696
blk3392,8,308,ssa08_296292_A_T,296292
blk3393,8,309,ssa08_297730_G_C,297730
blk3394,8,310,ssa08_299473_T_A,299473
blk3395,8,311,ssa08_299895_C_G,299895
blk3396,8,312,ssa08_301978_A_T,301978
blk3396,8,313,ssa08_302098_G_C,302098
blk3397,8,314,ssa08_302472_T_A,302472
blk3398,8,315,ssa08_302659_C_G,302659
blk3398,8,316,ssa08_302760_A_T,302760
blk3399,8,317,ssa08_302833_G_C,302833
blk3400,8,318,ssa08_304256_T_A,304256
blk3401,8,319,ssa08_305257_C_G,305257
blk3402,8,320,ssa08_305903_A_T,305903
blk3403,8,321,ssa08_306236_G_C,306236
blk3404,8,322,ssa08_306537_T_A,306537
blk3404,8,323,ssa08_306611_C_G,306611
blk3405,8,324,ssa08_306908_A_T,306908
blk3406,8,325,ssa08_307399_G_C,307399
blk3407,8,326,ssa08_308827_T_A,308827
blk3408,8,327,ssa08_310736_C_G,310736
blk3409,8,328,ssa08_311890_A_T,311890
blk3410,8,329,ssa08_314186_G_C,314186
blk3411,8,330,ssa08_314592_T_A,314592
blk3412,8,331,ssa08_314769_C_G,314769
blk3413,8,332,ssa08_315080_A_T,315080
blk3414,8,333,ssa08_317548_G_C,317548
blk3415,8,334,ssa08_317968_T_A,317968
blk3416,8,335,ssa08_318408_C_G,318408
blk3417,8,336,ssa08_318894_A_T,318894
blk3418,8,337,ssa08_320130_G_C,320130
blk3419,8,338,ssa08_324461_T_A,324461
blk3420,8,339,ssa08_325814_C_G,325814
blk3421,8,340,ssa08_329009_A_T,329009
blk3422,8,341,ssa08_332268_G_C,332268
blk3422,8,342,ssa08_332296_T_A,332296
blk3423,8,343,ssa08_332975_C_G,332975
blk3424,8,344,ssa08_335577_A_T,335577
blk3424,8,345,ssa08_335619_G_C,335619
blk3425,8,346,ssa08_336508_T_A,336508
blk3426,8,347,ssa08_337277_C_G,337277
blk3427,8,348,ssa08_337506_A_T,337506
blk3428,8,349,ssa08_338020_G_C,338020
blk3429,8,350,ssa08_339510_T_A,339510
blk3430,8,351,ssa08_341257_C_G,341257
blk3431,8,352,ssa08_342389_A_T,342389
blk3432,8,353,ssa08_342999_G_C,342999
blk3433,8,354,ssa08_352566_T_A,352566
blk3434,8,355,ssa08_354045_C_G,354045
blk3435,8,356,ssa08_355928_A_T,355928
blk3436,8,357,ssa08_357799_G_C,357799
blk3437,8,358,ssa08_358263_T_A,358263
blk3438,8,359,ssa08_359961_C_G,359961
blk3439,8,360,ssa08_360981_A_T,360981
blk3440,8,361,ssa08_361680_G_C,361680
blk3441,8,362,ssa08_365713_T_A,365713
blk3442,8,363,ssa08_366186_C_G,366186
blk3443,8,364,ssa08_367015_A_T,367015
blk3444,8,365,ssa08_367853_G_C,367853
blk3445,8,366,ssa08_370523_T_A,370523
blk3446,8,367,ssa08_370936_C_G,370936
blk3447,8,368,ssa08_372406_A_T,372406
blk3448,8,369,ssa08_372533_G_C,372533
blk3449,8,370,ssa08_373087_T_A,373087
blk3450,8,371,ssa08_373427_C_G,373427
blk3451,8,372,ssa08_374546_A_T,374546
blk3451,8,373,ssa08_374605_G_C,374605
blk3452,8,374,ssa08_375947_T_A,375947
blk3453,8,375,ssa08_377853_C_G,377853
blk3454,8,376,ssa08_377991_A_T,377991
blk3454,8,377,ssa08_377998_G_C,377998
blk3455,8,378,ssa08_381897_T_A,381897
blk3455,8,379,ssa08_381969_C_G,381969
blk3456,8,380,ssa08_384717_A_T,384717
blk3457,8,381,ssa08_385321_G_C,385321
blk3458,8,382,ssa08_386152_T_A,386152
blk3459,8,383,ssa08_386521_C_G,386521
blk3460,8,384,ssa08_386978_A_T,386978
blk3461,8,385,ssa08_387697_G_C,387697
blk3461,8,386,ssa08_387762_T_A,387762
blk3462,8,387,ssa08_390548_C_G,390548
blk3463,8,388,ssa08_391161_A_T,391161
blk3464,8,389,ssa08_391634_G_C,391634
blk3465,8,390,ssa08_392022_T_A,392022
blk3466,8,391,ssa08_392318_C_G,392318
blk3467,8,392,ssa08_393100_A_T,393100
blk3467,8,393,ssa08_393139_G_C,393139
blk3468,8,394,ssa08_394802_T_A,394802
blk3469,8,395,ssa08_396260_C_G,396260
blk3469,8,396,ssa08_396281_A_T,396281
blk3470,8,397,ssa08_397570_G_C,397570
blk3471,8,398,ssa08_398430_T_A,398430
blk3472,8,399,ssa08_399304_C_G,399304
blk3473,8,400,ssa08_399886_A_T,399886
blk3474,8,401,ssa08_400562_G_C,400562
blk3475,8,402,ssa08_403087_T_A,403087
blk3476,8,403,ssa08_403414_C_G,403414
blk3477,8,404,ssa08_403718_A_T,403718
blk3478,8,405,ssa08_404031_G_C,404031
blk3479,8,406,ssa08_404702_T_A,404702
blk3480,8,407,ssa08_405054_C_G,405054
blk3481,8,408,ssa08_406390_A_T,406390
blk3481,8,409,ssa08_406444_G_C,406444
blk3482,8,410,ssa08_408346_T_A,408346
blk3483,8,411,ssa08_408500_C_G,408500
blk3484,8,412,ssa08_409501_A_T,409501
blk3485,8,413,ssa08_410894_G_C,410894
blk3486,8,414,ssa08_411312_T_A,411312
blk3487,8,415,ssa08_411803_C_G,411803
blk3488,8,416,ssa08_414702_A_T,414702
blk3489,8,417,ssa08_414881_G_C,414881
blk3490,8,418,ssa08_416061_T_A,416061
blk3491,8,419,ssa08_419105_C_G,419105
blk3491,8,420,ssa08_419121_A_T,419121
blk3492,8,421,ssa08_419662_G_C,419662
blk3492,8,422,ssa08_419729_T_A,419729
blk3493,8,423,ssa08_421188_C_G,421188
blk3494,8,424,ssa08_424277_A_T,424277
blk3495,8,425,ssa08_424827_G_C,424827
blk3496,8,426,ssa08_425729_T_A,425729
blk3496,8,427,ssa08_425794_C_G,425794
blk3497,8,428,ssa08_426021_A_T,426021
blk3498,8,429,ssa08_428251_G_C,428251
blk3499,8,430,ssa08_431049_T_A,431049
blk3500,8,431,ssa08_432224_C_G,432224
blk3501,8,432,ssa08_432910_A_T,432910
blk3502,8,433,ssa08_433748_G_C,433748
blk3503,8,434,ssa08_436444_T_A,436444
blk3504,8,435,ssa08_436932_C_G,436932
blk3505,8,436,ssa08_437913_A_T,437913
blk3505,8,437,ssa08_437987_G_C,437987
blk3506,8,438,ssa08_442223_T_A,442223
blk3507,8,439,ssa08_443855_C_G,443855
blk3508,8,440,ssa08_444436_A_T,444436
blk3509,8,441,ssa08_445147_G_C,445147
blk3510,8,442,ssa08_446560_T_A,446560
blk3511,8,443,ssa08_448922_C_G,448922
blk3512,8,444,ssa08_452380_A_T,452380
blk3513,8,445,ssa08_454758_G_C,454758
blk3513,8,446,ssa08_454821_T_A,454821
blk3514,8,447,ssa08_457025_C_G,457025
blk3515,8,448,ssa08_457321_A_T,457321
blk3516,8,449,ssa08_457737_G_C,457737
blk3517,8,450,ssa08_458176_T_A,458176
blk3518,8,451,ssa08_459810_C_G,459810
blk3519,8,452,ssa08_460212_A_T,460212
blk3520,8,453,ssa08_460743_G_C,460743
blk3521,8,454,ssa08_461019_T_A,461019
blk3521,8,455,ssa08_461128_C_G,461128
blk3522,8,456,ssa08_461734_A_T,461734
blk3523,8,457,ssa08_462848_G_C,462848
blk3523,8,458,ssa08_462964_T_A,462964
blk3524,8,459,ssa08_463813_C_G,463813
blk3525,8,460,ssa08_465823_A_T,465823
blk3525,8,461,ssa08_465880_G_C,465880
blk3525,8,462,ssa08_465948_T_A,465948
blk3526,8,463,ssa08_466049_C_G,466049
blk3527,8,464,ssa08_466329_A_T,466329
blk3528,8,465,ssa08_466552_G_C,466552
blk3528,8,466,ssa08_466564_T_A,466564
blk3529,8,467,ssa08_466710_C_G,466710
blk3530,8,468,ssa08_466864_A_T,466864
blk3531,8,469,ssa08_468192_G_C,468192
blk3532,8,470,ssa08_468450_T_A,468450
blk3533,8,471,ssa08_469123_C_G,469123
blk3534,8,472,ssa08_470507_A_T,470507
blk3534,8,473,ssa08_470518_G_C,470518
blk3535,8,474,ssa08_470918_T_A,470918
blk3536,8,475,ssa08_471644_C_G,471644
blk3537,8,476,ssa08_472830_A_T,472830
blk3538,8,477,ssa08_474436_G_C,474436
blk3539,8,478,ssa08_475575_T_A,475575
blk3540,8,479,ssa08_477005_C_G,477005
blk3541,8,480,ssa08_477437_A_T,477437
blk3542,8,481,ssa08_478522_G_C,478522
blk3543,8,482,ssa08_478919_T_A,478919
blk3544,8,483,ssa08_479634_C_G,479634
blk3545,8,484,ssa08_479877_A_T,479877
blk3546,8,485,ssa08_480141_G_C,480141
blk3547,8,486,ssa08_484770_T_A,484770
blk3548,8,487,ssa08_485216_C_G,485216
blk3549,8,488,ssa08_486082_A_T,486082
blk3550,8,489,ssa08_488507_G_C,488507
blk3551,8,490,ssa08_489980_T_A,489980
blk3552,8,491,ssa08_490486_C_G,490486
blk3553,8,492,ssa08_492209_A_T,492209
blk3553,8,493,ssa08_492269_G_C,492269
blk3554,8,494,ssa08_492714_T_A,492714
blk3555,8,495,ssa08_494120_C_G,494120
blk3556,8,496,ssa08_494843_A_T,494843
blk3557,8,497,ssa08_497697_G_C,497697
blk3558,8,498,ssa08_498264_T_A,498264
blk3559,8,499,ssa08_499565_C_G,499565
blk3560,9,0,ssa09_1799_A_T,1799
blk3561,9,1,ssa09_2214_G_C,2214
blk3562,9,2,ssa09_3668_T_A,3668
blk3563,9,3,ssa09_5220_C_G,5220
blk3564,9,4,ssa09_6504_A_T,6504
blk3564,9,5,ssa09_6527_G_C,6527
blk3565,9,6,ssa09_7062_T_A,7062
blk3566,9,7,ssa09_9936_C_G,9936
blk3567,9,8,ssa09_13194_A_T,13194
blk3567,9,9,ssa09_13208_G_C,13208
blk3567,9,10,ssa09_13304_T_A,13304
blk3568,9,11,ssa09_13747_C_G,13747
blk3569,9,12,ssa09_17522_A_T,17522
blk3570,9,13,ssa09_18809_G_C,18809
blk3571,9,14,ssa09_18988_T_A,18988
blk3572,9,15,ssa09_19644_C_G,19644
blk3573,9,16,ssa09_19779_A_T,19779
blk3574,9,17,ssa09_20152_G_C,20152
blk3574,9,18,ssa09_20205_T_A,20205
blk3575,9,19,ssa09_23213_C_G,23213
blk3576,9,20,ssa09_25090_A_T,25090
blk3577,9,21,ssa09_25754_G_C,25754
blk3578,9,22,ssa09_28662_T_A,28662
blk3579,9,23,ssa09_29383_C_G,29383
blk3580,9,24,ssa09_32633_A_T,32633
blk3581,9,25,ssa09_32996_G_C,32996
blk3582,9,26,ssa09_33503_T_A,33503
blk3583,9,27,ssa09_34234_C_G,34234
blk3584,9,28,ssa09_36012_A_T,36012
blk3585,9,29,ssa09_38214_G_C,38214
blk3586,9,30,ssa09_38373_T_A,38373
blk3587,9,31,ssa09_38659_C_G,38659
blk3588,9,32,ssa09_40977_A_T,40977
blk3589,9,33,ssa09_42962_G_C,42962
blk3589,9,34,ssa09_43023_T_A,43023
blk3590,9,35,ssa09_43179_C_G,43179
blk3590,9,36,ssa09_43217_A_T,43217
blk3590,9,37,ssa09_43283_G_C,43283
blk3591,9,38,ssa09_44376_T_A,44376
blk3592,9,39,ssa09_45350_C_G,45350
blk3593,9,40,ssa09_46021_A_T,46021
blk3594,9,41,ssa09_47324_G_C,47324
blk3595,9,42,ssa09_47455_T_A,47455
blk3596,9,43,ssa09_50145_C_G,50145
blk3597,9,44,ssa09_50411_A_T,50411
blk3598,9,45,ssa09_51362_G_C,51362
blk3599,9,46,ssa09_52829_T_A,52829
blk3600,9,47,ssa09_53284_C_G,53284
blk3601,9,48,ssa09_54006_A_T,54006
blk3601,9,49,ssa09_54081_G_C,54081
blk3602,9,50,ssa09_55272_T_A,55272
blk3603,9,51,ssa09_56342_C_G,56342
blk3604,9,52,ssa09_56557_A_T,56557
blk3605,9,53,ssa09_57304_G_C,57304
blk3606,9,54,ssa09_60097_T_A,60097
blk3607,9,55,ssa09_61130_C_G,61130
blk3608,9,56,ssa09_61462_A_T,61462
blk3608,9,57,ssa09_61505_G_C,61505
blk3609,9,58,ssa09_62225_T_A,62225
blk3610,9,59,ssa09_62398_C_G,62398
blk3611,9,60,ssa09_63128_A_T,63128
blk3612,9,61,ssa09_63406_G_C,63406
blk3612,9,62,ssa09_63428_T_A,63428
blk3613,9,63,ssa09_65963_C_G,65963
blk3614,9,64,ssa09_66114_A_T,66114
blk3615,9,65,ssa09_66250_G_C,66250
blk3616,9,66,ssa09_68159_T_A,68159
blk3617,9,67,ssa09_68444_C_G,68444
blk3618,9,68,ssa09_69224_A_T,69224
blk3619,9,69,ssa09_70880_G_C,70880
blk3620,9,70,ssa09_71104_T_A,71104
blk3621,9,71,ssa09_72490_C_G,72490
blk3622,9,72,ssa09_73740_A_T,73740
blk3623,9,73,ssa09_74143_G_C,74143
blk3624,9,74,ssa09_74378_T_A,74378
blk3625,9,75,ssa09_75288_C_G,75288
blk3626,9,76,ssa09_76571_A_T,76571
blk3627,9,77,ssa09_77910_G_C,77910
blk3628,9,78,ssa09_78905_T_A,78905
blk3629,9,79,ssa09_79220_C_G,79220
blk3630,9,80,ssa09_81614_A_T,81614
blk3631,9,81,ssa09_81746_G_C,81746
blk3632,9,82,ssa09_82279_T_A,82279
blk3632,9,83,ssa09_82369_C_G,82369
blk3633,9,84,ssa09_83661_A_T,83661
blk3634,9,85,ssa09_84223_G_C,84223
blk3635,9,86,ssa09_88009_T_A,88009
blk3636,9,87,ssa09_88721_C_G,88721
blk3637,9,88,ssa09_89141_A_T,89141
blk3638,9,89,ssa09_90065_G_C,90065
blk3639,9,90,ssa09_93426_T_A,93426
blk3640,9,91,ssa09_93717_C_G,93717
blk3641,9,92,ssa09_94744_A_T,94744
blk3642,9,93,ssa09_95815_G_C,95815
blk3643,9,94,ssa09_96100_T_A,96100
blk3644,9,95,ssa09_96802_C_G,96802
blk3645,9,96,ssa09_99967_A_T,99967
blk3646,9,97,ssa09_100900_G_C,100900
blk3647,9,98,ssa09_101908_T_A,101908
blk3648,9,99,ssa09_103211_C_G,103211
blk3649,9,100,ssa09_103585_A_T,103585
blk3650,9,101,ssa09_106028_G_C,106028
blk3650,9,102,ssa09_106073_T_A,106073
blk3651,9,103,ssa09_106863_C_G,106863
blk3652,9,104,ssa09_110044_A_T,110044
blk3653,9,105,ssa09_110495_G_C,110495
blk3654,9,106,ssa09_111670_T_A,111670
blk3655,9,107,ssa09_112374_C_G,112374
blk3656,9,108,ssa09_113559_A_T,113559
blk3657,9,109,ssa09_113730_G_C,113730
blk3658,9,110,ssa09_116722_T_A,116722
blk3659,9,111,ssa09_117785_C_G,117785
blk3660,9,112,ssa09_121597_A_T,121597
blk3661,9,113,ssa09_122800_G_C,122800
blk3662,9,114,ssa09_124798_T_A,124798
blk3663,9,115,ssa09_125679_C_G,125679
blk3664,9,116,ssa09_128600_A_T,128600
blk3665,9,117,ssa09_130188_G_C,130188
blk3666,9,118,ssa09_130973_T_A,130973
blk3667,9,119,ssa09_132051_C_G,132051
blk3668,9,120,ssa09_133597_A_T,133597
blk3669,9,121,ssa09_134632_G_C,134632
blk3670,9,122,ssa09_136594_T_A,136594
blk3671,9,123,ssa09_137380_C_G,137380
blk3671,9,124,ssa09_137423_A_T,137423
blk3672,9,125,ssa09_137940_G_C,137940
blk3673,9,126,ssa09_138896_T_A,138896
blk3674,9,127,ssa09_139374_C_G,139374
blk3675,9,128,ssa09_140705_A_T,140705
blk3676,9,129,ssa09_143506_G_C,143506
blk3677,9,130,ssa09_143841_T_A,143841
blk3677,9,131,ssa09_143902_C_G,143902
blk3678,9,132,ssa09_144250_A_T,144250
blk3679,9,133,ssa09_146110_G_C,146110
blk3679,9,134,ssa09_146195_T_A,146195
blk3680,9,135,ssa09_146936_C_G,146936
blk3681,9,136,ssa09_147292_A_T,147292
blk3682,9,137,ssa09_147665_G_C,147665
blk3683,9,138,ssa09_149657_T_A,149657
blk3684,9,139,ssa09_150683_C_G,150683
blk3685,9,140,ssa09_150968_A_T,150968
blk3686,9,141,ssa09_151808_G_C,151808
blk3687,9,142,ssa09_153581_T_A,153581
blk3688,9,143,ssa09_154679_C_G,154679
blk3688,9,144,ssa09_154703_A_T,154703
blk3688,9,145,ssa09_154748_G_C,154748
blk3689,9,146,ssa09_155109_T_A,155109
blk3690,9,147,ssa09_157200_C_G,157200
blk3691,9,148,ssa09_157660_A_T,157660
blk3692,9,149,ssa09_157921_G_C,157921
blk3692,9,150,ssa09_157937_T_A,157937
blk3693,9,151,ssa09_158459_C_G,158459
blk3694,9,152,ssa09_159614_A_T,159614
blk3694,9,153,ssa09_159675_G_C,159675
blk3695,9,154,ssa09_162200_T_A,162200
blk3696,9,155,ssa09_163324_C_G,163324
blk3696,9,156,ssa09_163441_A_T,163441
blk3697,9,157,ssa09_164275_G_C,164275
blk3698,9,158,ssa09_165670_T_A,165670
blk3698,9,159,ssa09_165717_C_G,165717
blk3699,9,160,ssa09_166194_A_T,166194
blk3700,9,161,ssa09_166614_G_C,166614
blk3701,9,162,ssa09_167924_T_A,167924
blk3702,9,163,ssa09_171419_C_G,171419
blk3703,9,164,ssa09_171552_A_T,171552
blk3703,9,165,ssa09_171594_G_C,171594
blk3704,9,166,ssa09_172194_T_A,172194
blk3705,9,167,ssa09_174333_C_G,174333
blk3705,9,168,ssa09_174420_A_T,174420
blk3706,9,169,ssa09_174493_G_C,174493
blk3707,9,170,ssa09_174975_T_A,174975
blk3708,9,171,ssa09_176890_C_G,176890
blk3708,9,172,ssa09_176933_A_T,176933
blk3709,9,173,ssa09_177667_G_C,177667
blk3710,9,174,ssa09_178064_T_A,178064
blk3711,9,175,ssa09_178779_C_G,178779
blk3711,9,176,ssa09_178781_A_T,178781
blk3712,9,177,ssa09_179785_G_C,179785
blk3713,9,178,ssa09_180277_T_A,180277
blk3714,9,179,ssa09_181432_C_G,181432
blk3715,9,180,ssa09_182224_A_T,182224
blk3716,9,181,ssa09_183648_G_C,183648
blk3717,9,182,ssa09_186971_T_A,186971
blk3718,9,183,ssa09_187448_C_G,187448
blk3719,9,184,ssa09_187783_A_T,187783
blk3720,9,185,ssa09_189161_G_C,189161
blk3721,9,186,ssa09_189384_T_A,189384
blk3722,9,187,ssa09_192468_C_G,192468
blk3723,9,188,ssa09_192609_A_T,192609
blk3724,9,189,ssa09_193002_G_C,193002
blk3725,9,190,ssa09_193321_T_A,193321
blk3726,9,191,ssa09_195057_C_G,195057
blk3726,9,192,ssa09_195145_A_T,195145
blk3727,9,193,ssa09_196662_G_C,196662
blk3728,9,194,ssa09_198488_T_A,198488
blk3729,9,195,ssa09_200242_C_G,200242
blk3730,9,196,ssa09_200779_A_T,200779
blk3731,9,197,ssa09_201196_G_C,201196
blk3732,9,198,ssa09_203385_T_A,203385
blk3733,9,199,ssa09_206721_C_G,206721
blk3734,9,200,ssa09_207201_A_T,207201
blk3735,9,201,ssa09_208214_G_C,208214
blk3735,9,202,ssa09_208282_T_A,208282
blk3736,9,203,ssa09_209338_C_G,209338
blk3737,9,204,ssa09_209643_A_T,209643
blk3738,9,205,ssa09_211190_G_C,211190
blk3739,9,206,ssa09_211545_T_A,211545
blk3740,9,207,ssa09_212621_C_G,212621
blk3741,9,208,ssa09_212975_A_T,212975
blk3742,9,209,ssa09_214213_G_C,214213
blk3742,9,210,ssa09_214325_T_A,214325
blk3743,9,211,ssa09_214656_C_G,214656
blk3744,9,212,ssa09_215655_A_T,215655
blk3744,9,213,ssa09_215728_G_C,215728
blk3745,9,214,ssa09_216544_T_A,216544
blk3746,9,215,ssa09_216740_C_G,216740
blk3747,9,216,ssa09_217095_A_T,217095
blk3748,9,217,ssa09_217354_G_C,217354
blk3749,9,218,ssa09_217873_T_A,217873
blk3750,9,219,ssa09_220371_C_G,220371
blk3751,9,220,ssa09_221118_A_T,221118
blk3752,9,221,ssa09_222188_G_C,222188
blk3753,9,222,ssa09_222863_T_A,222863
blk3754,9,223,ssa09_224241_C_G,224241
blk3755,9,224,ssa09_225271_A_T,225271
blk3756,9,225,ssa09_225410_G_C,225410
blk3757,9,226,ssa09_227751_T_A,227751
blk3758,9,227,ssa09_229279_C_G,229279
blk3759,9,228,ssa09_229486_A_T,229486
blk3759,9,229,ssa09_229510_G_C,229510
blk3759,9,230,ssa09_229527_T_A,229527
blk3760,9,231,ssa09_234363_C_G,234363
blk3761,9,232,ssa09_235210_A_T,235210
blk3761,9,233,ssa09_235275_G_C,235275
blk3762,9,234,ssa09_235780_T_A,235780
blk3763,9,235,ssa09_235983_C_G,235983
blk3764,9,236,ssa09_236255_A_T,236255
blk3765,9,237,ssa09_236817_G_C,236817
blk3766,9,238,ssa09_237876_T_A,237876
blk3767,9,239,ssa09_239124_C_G,239124
blk3768,9,240,ssa09_239722_A_T,239722
blk3769,9,241,ssa09_241159_G_C,241159
blk3770,9,242,ssa09_242851_T_A,242851
blk3771,9,243,ssa09_243929_C_G,243929
blk3772,9,244,ssa09_244619_A_T,244619
blk3773,9,245,ssa09_245141_G_C,245141
blk3774,9,246,ssa09_245516_T_A,245516
blk3775,9,247,ssa09_247011_C_G,247011
blk3776,9,248,ssa09_247236_A_T,247236
blk3777,9,249,ssa09_248363_G_C,248363
blk3778,9,250,ssa09_249294_T_A,249294
blk3779,9,251,ssa09_250307_C_G,250307
blk3780,9,252,ssa09_251726_A_T,251726
blk3781,9,253,ssa09_252295_G_C,252295
blk3781,9,254,ssa09_252372_T_A,252372
blk3782,9,255,ssa09_252702_C_G,252702
blk3783,9,256,ssa09_254364_A_T,254364
blk3784,9,257,ssa09_256172_G_C,256172
blk3785,9,258,ssa09_256713_T_A,256713
blk3786,9,259,ssa09_259668_C_G,259668
blk3787,9,260,ssa09_262140_A_T,262140
blk3788,9,261,ssa09_262326_G_C,262326
blk3789,9,262,ssa09_264663_T_A,264663
blk3790,9,263,ssa09_264922_C_G,264922
blk3791,9,264,ssa09_265066_A_T,265066
blk3792,9,265,ssa09_265423_G_C,265423
blk3793,9,266,ssa09_267409_T_A,267409
blk3794,9,267,ssa09_267671_C_G,267671
blk3795,9,268,ssa09_268108_A_T,268108
blk3795,9,269,ssa09_268140_G_C,268140
blk3796,9,270,ssa09_269402_T_A,269402
blk3797,9,271,ssa09_269649_C_G,269649
blk3798,9,272,ssa09_272890_A_T,272890
blk3799,9,273,ssa09_273728_G_C,273728
blk3800,9,274,ssa09_274229_T_A,274229
blk3801,9,275,ssa09_274846_C_G,274846
blk3801,9,276,ssa09_274963_A_T,274963
blk3802,9,277,ssa09_275931_G_C,275931
blk3803,9,278,ssa09_277083_T_A,277083
blk3804,9,279,ssa09_277350_C_G,277350
blk3805,9,280,ssa09_277673_A_T,277673
blk3806,9,281,ssa09_282586_G_C,282586
blk3807,9,282,ssa09_283627_T_A,283627
blk3808,9,283,ssa09_284746_C_G,284746
blk3809,9,284,ssa09_285085_A_T,285085
blk3809,9,285,ssa09_285168_G_C,285168
blk3810,9,286,ssa09_285671_T_A,285671
blk3810,9,287,ssa09_285708_C_G,285708
blk3811,9,288,ssa09_286169_A_T,286169
blk3811,9,289,ssa09_286203_G_C,286203
blk3812,9,290,ssa09_287779_T_A,287779
blk3813,9,291,ssa09_288141_C_G,288141
blk3814,9,292,ssa09_288571_A_T,288571
blk3815,9,293,ssa09_289388_G_C,289388
blk3815,9,294,ssa09_289505_T_A,289505
blk3816,9,295,ssa09_291227_C_G,291227
blk3817,9,296,ssa09_291853_A_T,291853
blk3818,9,297,ssa09_292439_G_C,292439
blk3819,9,298,ssa09_294323_T_A,294323
blk3820,9,299,ssa09_294652_C_G,294652
blk3821,9,300,ssa09_295066_A_T,295066
blk3822,9,301,ssa09_295835_G_C,295835
blk3823,9,302,ssa09_296306_T_A,296306
blk3824,9,303,ssa09_297825_C_G,297825
blk3825,9,304,ssa09_300048_A_T,300048
blk3826,9,305,ssa09_300336_G_C,300336
blk3826,9,306,ssa09_300413_T_A,300413
blk3827,9,307,ssa09_301234_C_G,301234
blk3828,9,308,ssa09_303547_A_T,303547
blk3828,9,309,ssa09_303555_G_C,303555
blk3828,9,310,ssa09_303619_T_A,303619
blk3829,9,311,ssa09_303959_C_G,303959
blk3830,9,312,ssa09_304515_A_T,304515
blk3831,9,313,ssa09_305088_G_C,305088
blk3832,9,314,ssa09_305442_T_A,305442
blk3833,9,315,ssa09_307272_C_G,307272
blk3834,9,316,ssa09_307569_A_T,307569
blk3834,9,317,ssa09_307580_G_C,307580
blk3835,9,318,ssa09_307944_T_A,307944
blk3836,9,319,ssa09_308570_C_G,308570
blk3837,9,320,ssa09_309567_A_T,309567
blk3838,9,321,ssa09_310028_G_C,310028
blk3839,9,322,ssa09_310321_T_A,310321
blk3840,9,323,ssa09_312650_C_G,312650
blk3840,9,324,ssa09_312673_A_T,312673
blk3840,9,325,ssa09_312707_G_C,312707
blk3840,9,326,ssa09_312763_T_A,312763
blk3841,9,327,ssa09_315776_C_G,315776
blk3842,9,328,ssa09_315913_A_T,315913
blk3842,9,329,ssa09_316015_G_C,316015
blk3843,9,330,ssa09_316860_T_A,316860
blk3844,9,331,ssa09_318084_C_G,318084
blk3844,9,332,ssa09_318124_A_T,318124
blk3845,9,333,ssa09_318387_G_C,318387
blk3846,9,334,ssa09_318679_T_A,318679
blk3846,9,335,ssa09_318780_C_G,318780
blk3847,9,336,ssa09_319459_A_T,319459
blk3848,9,337,ssa09_321134_G_C,321134
blk3849,9,338,ssa09_321757_T_A,321757
blk3850,9,339,ssa09_324201_C_G,324201
blk3851,9,340,ssa09_324793_A_T,324793
blk3852,9,341,ssa09_328775_G_C,328775
blk3853,9,342,ssa09_329138_T_A,329138
blk3853,9,343,ssa09_329172_C_G,329172
blk3853,9,344,ssa09_329240_A_T,329240
blk3854,9,345,ssa09_336461_G_C,336461
blk3855,9,346,ssa09_336696_T_A,336696
blk3856,9,347,ssa09_337457_C_G,337457
blk3857,9,348,ssa09_337601_A_T,337601
blk3858,9,349,ssa09_340050_G_C,340050
blk3859,9,350,ssa09_340476_T_A,340476
blk3859,9,351,ssa09_340515_C_G,340515
blk3860,9,352,ssa09_343094_A_T,343094
blk3860,9,353,ssa09_343192_G_C,343192
blk3861,9,354,ssa09_345244_T_A,345244
blk3862,9,355,ssa09_345498_C_G,345498
blk3863,9,356,ssa09_346315_A_T,346315
blk3863,9,357,ssa09_346429_G_C,346429
blk3864,9,358,ssa09_348488_T_A,348488
blk3865,9,359,ssa09_350090_C_G,350090
blk3866,9,360,ssa09_352125_A_T,352125
blk3867,9,361,ssa09_352454_G_C,352454
blk3867,9,362,ssa09_352511_T_A,352511
blk3868,9,363,ssa09_352821_C_G,352821
blk3869,9,364,ssa09_353138_A_T,353138
blk3870,9,365,ssa09_353914_G_C,353914
blk3871,9,366,ssa09_354881_T_A,354881
blk3872,9,367,ssa09_355074_C_G,355074
blk3873,9,368,ssa09_355820_A_T,355820
blk3874,9,369,ssa09_357940_G_C,357940
blk3875,9,370,ssa09_358413_T_A,358413
blk3876,9,371,ssa09_358648_C_G,358648
blk3877,9,372,ssa09_359506_A_T,359506
blk3878,9,373,ssa09_361648_G_C,361648
blk3879,9,374,ssa09_365952_T_A,365952
blk3880,9,375,ssa09_367540_C_G,367540
blk3880,9,376,ssa09_367627_A_T,367627
blk3881,9,377,ssa09_368093_G_C,368093
blk3882,9,378,ssa09_368525_T_A,368525
blk3883,9,379,ssa09_369464_C_G,369464
blk3884,9,380,ssa09_370848_A_T,370848
blk3885,9,381,ssa09_371341_G_C,371341
blk3886,9,382,ssa09_371903_T_A,371903
blk3887,9,383,ssa09_372230_C_G,372230
blk3888,9,384,ssa09_372569_A_T,372569
blk3888,9,385,ssa09_372658_G_C,372658
blk3889,9,386,ssa09_373383_T_A,373383
blk3890,9,387,ssa09_373914_C_G,373914
blk3891,9,388,ssa09_375140_A_T,375140
blk3892,9,389,ssa09_375268_G_C,375268
blk3893,9,390,ssa09_375842_T_A,375842
blk3894,9,391,ssa09_376132_C_G,376132
blk3895,9,392,ssa09_377416_A_T,377416
blk3896,9,393,ssa09_378600_G_C,378600
blk3897,9,394,ssa09_379781_T_A,379781
blk3897,9,395,ssa09_379808_C_G,379808
blk3898,9,396,ssa09_380813_A_T,380813
blk3899,9,397,ssa09_381582_G_C,381582
blk3900,9,398,ssa09_382821_T_A,382821
blk3901,9,399,ssa09_383069_C_G,383069
blk3902,9,400,ssa09_383676_A_T,383676
blk3903,9,401,ssa09_388080_G_C,388080
blk3904,9,402,ssa09_388733_T_A,388733
blk3905,9,403,ssa09_389582_C_G,389582
blk3906,9,404,ssa09_391099_A_T,391099
blk3907,9,405,ssa09_394130_G_C,394130
blk3908,9,406,ssa09_395548_T_A,395548
blk3909,9,407,ssa09_397436_C_G,397436
blk3910,9,408,ssa09_397743_A_T,397743
blk3911,9,409,ssa09_399697_G_C,399697
blk3912,9,410,ssa09_401081_T_A,401081
blk3913,9,411,ssa09_401218_C_G,401218
blk3914,9,412,ssa09_401605_A_T,401605
blk3915,9,413,ssa09_401837_G_C,401837
blk3916,9,414,ssa09_405377_T_A,405377
blk3916,9,415,ssa09_405491_C_G,405491
blk3917,9,416,ssa09_406304_A_T,406304
blk3918,9,417,ssa09_408327_G_C,408327
blk3919,9,418,ssa09_408863_T_A,408863
blk3920,9,419,ssa09_409758_C_G,409758
blk3921,9,420,ssa09_412137_A_T,412137
blk3921,9,421,ssa09_412220_G_C,412220
blk3922,9,422,ssa09_413575_T_A,413575
blk3923,9,423,ssa09_413720_C_G,413720
blk3924,9,424,ssa09_414816_A_T,414816
blk3925,9,425,ssa09_416328_G_C,416328
blk3926,9,426,ssa09_417135_T_A,417135
blk3927,9,427,ssa09_418460_C_G,418460
blk3928,9,428,ssa09_420633_A_T,420633
blk3929,9,429,ssa09_421904_G_C,421904
blk3930,9,430,ssa09_423379_T_A,423379
blk3931,9,431,ssa09_425853_C_G,425853
blk3932,9,432,ssa09_426154_A_T,426154
blk3933,9,433,ssa09_426716_G_C,426716
blk3934,9,434,ssa09_427775_T_A,427775
blk3935,9,435,ssa09_428780_C_G,428780
blk3935,9,436,ssa09_428781_A_T,428781
blk3935,9,437,ssa09_428903_G_C,428903
blk3936,9,438,ssa09_429093_T_A,429093
blk3937,9,439,ssa09_430382_C_G,430382
blk3938,9,440,ssa09_430855_A_T,430855
blk3939,9,441,ssa09_432329_G_C,432329
blk3940,9,442,ssa09_432700_T_A,432700
blk3941,9,443,ssa09_433203_C_G,433203
blk3942,9,444,ssa09_433703_A_T,433703
blk3943,9,445,ssa09_436226_G_C,436226
blk3944,9,446,ssa09_436888_T_A,436888
blk3945,9,447,ssa09_442306_C_G,442306
blk3945,9,448,ssa09_442385_A_T,442385
blk3946,9,449,ssa09_443756_G_C,443756
blk3947,9,450,ssa09_445077_T_A,445077
blk3948,9,451,ssa09_445537_C_G,445537
blk3949,9,452,ssa09_446603_A_T,446603
blk3950,9,453,ssa09_450804_G_C,450804
blk3951,9,454,ssa09_451363_T_A,451363
blk3952,9,455,ssa09_453476_C_G,453476
blk3952,9,456,ssa09_453511_A_T,453511
blk3953,9,457,ssa09_454530_G_C,454530
blk3954,9,458,ssa09_455166_T_A,455166
blk3955,9,459,ssa09_457046_C_G,457046
blk3956,9,460,ssa09_457178_A_T,457178
blk3957,9,461,ssa09_460258_G_C,460258
blk3958,9,462,ssa09_460475_T_A,460475
blk3959,9,463,ssa09_461841_C_G,461841
blk3960,9,464,ssa09_463289_A_T,463289
blk3961,9,465,ssa09_463760_G_C,463760
blk3962,9,466,ssa09_464984_T_A,464984
blk3963,9,467,ssa09_466168_C_G,466168
blk3964,9,468,ssa09_466365_A_T,466365
blk3965,9,469,ssa09_466999_G_C,466999
blk3966,9,470,ssa09_467616_T_A,467616
blk3967,9,471,ssa09_467743_C_G,467743
blk3968,9,472,ssa09_469290_A_T,469290
blk3969,9,473,ssa09_469570_G_C,469570
blk3970,9,474,ssa09_470106_T_A,470106
blk3971,9,475,ssa09_470379_C_G,470379
blk3972,9,476,ssa09_471452_A_T,471452
blk3973,9,477,ssa09_471701_G_C,471701
blk3974,9,478,ssa09_473116_T_A,473116
blk3975,9,479,ssa09_476221_C_G,476221
blk3975,9,480,ssa09_476261_A_T,476261
blk3976,9,481,ssa09_476361_G_C,476361
blk3977,9,482,ssa09_478222_T_A,478222
blk3978,9,483,ssa09_479177_C_G,479177
blk3979,9,484,ssa09_479650_A_T,479650
blk3980,9,485,ssa09_480658_G_C,480658
blk3981,9,486,ssa09_481638_T_A,481638
blk3982,9,487,ssa09_482071_C_G,482071
blk3982,9,488,ssa09_482146_A_T,482146
blk3983,9,489,ssa09_484786_G_C,484786
blk3984,9,490,ssa09_485702_T_A,485702
blk3984,9,491,ssa09_485820_C_G,485820
blk3985,9,492,ssa09_488857_A_T,488857
blk3986,9,493,ssa09_490043_G_C,490043
blk3987,9,494,ssa09_492203_T_A,492203
blk3988,9,495,ssa09_496250_C_G,496250
blk3989,9,496,ssa09_496558_A_T,496558
blk3989,9,497,ssa09_496673_G_C,496673
blk3990,9,498,ssa09_497130_T_A,497130
blk3991,9,499,ssa09_498444_C_G,498444
blk3992,10,0,ssa10_3831_A_T,3831
blk3993,10,1,ssa10_4082_G_C,4082
blk3994,10,2,ssa10_4649_T_A,4649
blk3995,10,3,ssa10_6431_C_G,6431
blk3995,10,4,ssa10_6473_A_T,6473
blk3996,10,5,ssa10_6617_G_C,6617
blk3997,10,6,ssa10_8098_T_A,8098
blk3998,10,7,ssa10_8800_C_G,8800
blk3999,10,8,ssa10_8995_A_T,8995
blk4000,10,9,ssa10_9499_G_C,9499
blk4001,10,10,ssa10_9928_T_A,9928
blk4002,10,11,ssa10_10842_C_G,10842
blk4002,10,12,ssa10_10861_A_T,10861
blk4003,10,13,ssa10_11532_G_C,11532
blk4004,10,14,ssa10_11672_T_A,11672
blk4005,10,15,ssa10_11915_C_G,11915
blk4006,10,16,ssa10_14248_A_T,14248
blk4007,10,17,ssa10_14755_G_C,14755
blk4008,10,18,ssa10_14921_T_A,14921
blk4009,10,19,ssa10_15616_C_G,15616
blk4010,10,20,ssa10_19688_A_T,19688
blk4011,10,21,ssa10_21847_G_C,21847
blk4012,10,22,ssa10_23595_T_A,23595
blk4013,10,23,ssa10_23875_C_G,23875
blk4014,10,24,ssa10_25720_A_T,25720
blk4015,10,25,ssa10_26465_G_C,26465
blk4016,10,26,ssa10_27276_T_A,27276
blk4017,10,27,ssa10_27586_C_G,27586
blk4018,10,28,ssa10_29381_A_T,29381
blk4019,10,29,ssa10_31096_G_C,31096
blk4020,10,30,ssa10_32186_T_A,32186
blk4021,10,31,ssa10_32613_C_G,32613
blk4022,10,32,ssa10_32787_A_T,32787
blk4023,10,33,ssa10_33172_G_C,33172
blk4024,10,34,ssa10_33398_T_A,33398
blk4025,10,35,ssa10_37658_C_G,37658
blk4026,10,36,ssa10_39477_A_T,39477
blk4026,10,37,ssa10_39551_G_C,39551
blk4027,10,38,ssa10_40758_T_A,40758
blk4028,10,39,ssa10_43419_C_G,43419
blk4029,10,40,ssa10_44045_A_T,44045
blk4029,10,41,ssa10_44166_G_C,44166
blk4030,10,42,ssa10_48101_T_A,48101
blk4031,10,43,ssa10_49031_C_G,49031
blk4032,10,44,ssa10_50903_A_T,50903
blk4033,10,45,ssa10_51598_G_C,51598
blk4034,10,46,ssa10_52026_T_A,52026
blk4035,10,47,ssa10_53690_C_G,53690
blk4036,10,48,ssa10_54409_A_T,54409
blk4037,10,49,ssa10_55050_G_C,55050
blk4038,10,50,ssa10_56022_T_A,56022
blk4039,10,51,ssa10_56550_C_G,56550
blk4040,10,52,ssa10_56791_A_T,56791
blk4041,10,53,ssa10_58567_G_C,58567
blk4042,10,54,ssa10_59008_T_A,59008
blk4042,10,55,ssa10_59034_C_G,59034
blk4043,10,56,ssa10_60236_A_T,60236
blk4044,10,57,ssa10_60537_G_C,60537
blk4045,10,58,ssa10_61520_T_A,61520
blk4046,10,59,ssa10_62174_C_G,62174
blk4046,10,60,ssa10_62202_A_T,62202
blk4047,10,61,ssa10_62769_G_C,62769
blk4048,10,62,ssa10_62938_T_A,62938
blk4049,10,63,ssa10_67701_C_G,67701
blk4050,10,64,ssa10_68881_A_T,68881
blk4051,10,65,ssa10_69246_G_C,69246
blk4052,10,66,ssa10_71319_T_A,71319
blk4053,10,67,ssa10_71822_C_G,71822
blk4054,10,68,ssa10_72303_A_T,72303
blk4054,10,69,ssa10_72321_G_C,72321
blk4054,10,70,ssa10_72343_T_A,72343
blk4055,10,71,ssa10_72605_C_G,72605
blk4056,10,72,ssa10_73417_A_T,73417
blk4057,10,73,ssa10_74142_G_C,74142
blk4058,10,74,ssa10_74552_T_A,74552
blk4059,10,75,ssa10_75572_C_G,75572
blk4060,10,76,ssa10_76113_A_T,76113
blk4061,10,77,ssa10_77084_G_C,77084
blk4062,10,78,ssa10_77384_T_A,77384
blk4063,10,79,ssa10_78000_C_G,78000
blk4064,10,80,ssa10_78129_A_T,78129
blk4065,10,81,ssa10_83466_G_C,83466
blk4066,10,82,ssa10_83726_T_A,83726
blk4067,10,83,ssa10_84677_C_G,84677
blk4068,10,84,ssa10_85799_A_T,85799
blk4069,10,85,ssa10_86229_G_C,86229
blk4070,10,86,ssa10_87706_T_A,87706
blk4071,10,87,ssa10_88616_C_G,88616
blk4071,10,88,ssa10_88654_A_T,88654
blk4071,10,89,ssa10_88719_G_C,88719
blk4072,10,90,ssa10_88969_T_A,88969
blk4073,10,91,ssa10_89675_C_G,89675
blk4074,10,92,ssa10_89925_A_T,89925
blk4075,10,93,ssa10_90268_G_C,90268
blk4076,10,94,ssa10_92525_T_A,92525
blk4077,10,95,ssa10_92891_C_G,92891
blk4078,10,96,ssa10_93482_A_T,93482
blk4079,10,97,ssa10_95769_G_C,95769
blk4080,10,98,ssa10_97073_T_A,97073
blk4081,10,99,ssa10_98337_C_G,98337
blk4082,10,100,ssa10_99170_A_T,99170
blk4083,10,101,ssa10_99873_G_C,99873
blk4084,10,102,ssa10_100964_T_A,100964
blk4085,10,103,ssa10_101330_C_G,101330
blk4086,10,104,ssa10_101954_A_T,101954
blk4087,10,105,ssa10_102553_G_C,102553
blk4088,10,106,ssa10_103610_T_A,103610
blk4089,10,107,ssa10_105553_C_G,105553
blk4090,10,108,ssa10_106885_A_T,106885
blk4091,10,109,ssa10_107482_G_C,107482
blk4092,10,110,ssa10_109241_T_A,109241
blk4093,10,111,ssa10_109622_C_G,109622
blk4094,10,112,ssa10_109999_A_T,109999
blk4095,10,113,ssa10_112143_G_C,112143
blk4096,10,114,ssa10_112753_T_A,112753
blk4097,10,115,ssa10_112931_C_G,112931
blk4098,10,116,ssa10_113148_A_T,113148
blk4099,10,117,ssa10_113300_G_C,113300
blk4099,10,118,ssa10_113305_T_A,113305
blk4100,10,119,ssa10_114261_C_G,114261
blk4100,10,120,ssa10_114292_A_T,114292
blk4101,10,121,ssa10_114606_G_C,114606
blk4101,10,122,ssa10_114642_T_A,114642
blk4102,10,123,ssa10_115067_C_G,115067
blk4103,10,124,ssa10_116490_A_T,116490
blk4104,10,125,ssa10_119636_G_C,119636
blk4105,10,126,ssa10_122586_T_A,122586
blk4106,10,127,ssa10_125254_C_G,125254
blk4107,10,128,ssa10_125558_A_T,125558
blk4108,10,129,ssa10_125693_G_C,125693
blk4109,10,130,ssa10_126324_T_A,126324
blk4110,10,131,ssa10_127224_C_G,127224
blk4111,10,132,ssa10_127524_A_T,127524
blk4112,10,133,ssa10_128657_G_C,128657
blk4113,10,134,ssa10_129311_T_A,129311
blk4114,10,135,ssa10_129706_C_G,129706
blk4115,10,136,ssa10_129898_A_T,129898
blk4116,10,137,ssa10_131564_G_C,131564
blk4117,10,138,ssa10_132103_T_A,132103
blk4118,10,139,ssa10_132239_C_G,132239
blk4119,10,140,ssa10_133299_A_T,133299
blk4120,10,141,ssa10_135125_G_C,135125
blk4121,10,142,ssa10_135752_T_A,135752
blk4121,10,143,ssa10_135866_C_G,135866
blk4122,10,144,ssa10_135878_A_T,135878
blk4123,10,145,ssa10_139326_G_C,139326
blk4124,10,146,ssa10_139523_T_A,139523
blk4125,10,147,ssa10_140276_C_G,140276
blk4126,10,148,ssa10_141609_A_T,141609
blk4127,10,149,ssa10_145804_G_C,145804
blk4128,10,150,ssa10_146281_T_A,146281
blk4129,10,151,ssa10_147108_C_G,147108
blk4130,10,152,ssa10_148359_A_T,148359
blk4131,10,153,ssa10_148676_G_C,148676
blk4132,10,154,ssa10_150007_T_A,150007
blk4132,10,155,ssa10_150068_C_G,150068
blk4133,10,156,ssa10_151240_A_T,151240
blk4134,10,157,ssa10_151421_G_C,151421
blk4135,10,158,ssa10_151724_T_A,151724
blk4136,10,159,ssa10_152325_C_G,152325
blk4137,10,160,ssa10_153025_A_T,153025
blk4138,10,161,ssa10_154783_G_C,154783
blk4139,10,162,ssa10_155364_T_A,155364
blk4140,10,163,ssa10_155962_C_G,155962
blk4141,10,164,ssa10_156595_A_T,156595
blk4142,10,165,ssa10_157730_G_C,157730
blk4143,10,166,ssa10_159947_T_A,159947
blk4143,10,167,ssa10_159998_C_G,159998
blk4144,10,168,ssa10_161239_A_T,161239
blk4145,10,169,ssa10_163917_G_C,163917
blk4146,10,170,ssa10_164802_T_A,164802
blk4146,10,171,ssa10_164889_C_G,164889
blk4147,10,172,ssa10_167328_A_T,167328
blk4148,10,173,ssa10_167953_G_C,167953
blk4149,10,174,ssa10_168783_T_A,168783
blk4150,10,175,ssa10_169058_C_G,169058
blk4151,10,176,ssa10_169731_A_T,169731
blk4152,10,177,ssa10_170126_G_C,170126
blk4153,10,178,ssa10_170284_T_A,170284
blk4154,10,179,ssa10_170431_C_G,170431
blk4155,10,180,ssa10_171234_A_T,171234
blk4156,10,181,ssa10_171443_G_C,171443
blk4156,10,182,ssa10_171452_T_A,171452
blk4157,10,183,ssa10_174623_C_G,174623
blk4157,10,184,ssa10_174649_A_T,174649
blk4158,10,185,ssa10_174813_G_C,174813
blk4159,10,186,ssa10_175438_T_A,175438
blk4160,10,187,ssa10_176551_C_G,176551
blk4161,10,188,ssa10_181462_A_T,181462
blk4162,10,189,ssa10_181861_G_C,181861
blk4163,10,190,ssa10_182477_T_A,182477
blk4164,10,191,ssa10_182859_C_G,182859
blk4165,10,192,ssa10_183789_A_T,183789
blk4166,10,193,ssa10_184644_G_C,184644
blk4167,10,194,ssa10_185614_T_A,185614
blk4168,10,195,ssa10_186286_C_G,186286
blk4169,10,196,ssa10_186648_A_T,186648
blk4170,10,197,ssa10_188408_G_C,188408
blk4171,10,198,ssa10_188885_T_A,188885
blk4172,10,199,ssa10_189284_C_G,189284
blk4173,10,200,ssa10_189554_A_T,189554
blk4174,10,201,ssa10_189963_G_C,189963
blk4174,10,202,ssa10_190064_T_A,190064
blk4175,10,203,ssa10_190627_C_G,190627
blk4175,10,204,ssa10_190734_A_T,190734
blk4176,10,205,ssa10_191123_G_C,191123
blk4177,10,206,ssa10_194016_T_A,194016
blk4177,10,207,ssa10_194057_C_G,194057
blk4178,10,208,ssa10_194211_A_T,194211
blk4179,10,209,ssa10_195243_G_C,195243
blk4180,10,210,ssa10_195600_T_A,195600
blk4181,10,211,ssa10_195943_C_G,195943
blk4182,10,212,ssa10_197126_A_T,197126
blk4183,10,213,ssa10_197391_G_C,197391
blk4184,10,214,ssa10_197544_T_A,197544
blk4185,10,215,ssa10_197934_C_G,197934
blk4186,10,216,ssa10_199472_A_T,199472
blk4187,10,217,ssa10_201194_G_C,201194
blk4188,10,218,ssa10_201686_T_A,201686
blk4189,10,219,ssa10_201845_C_G,201845
blk4190,10,220,ssa10_202592_A_T,202592
blk4190,10,221,ssa10_202705_G_C,202705
blk4191,10,222,ssa10_203444_T_A,203444
blk4192,10,223,ssa10_203981_C_G,203981
blk4193,10,224,ssa10_205141_A_T,205141
blk4194,10,225,ssa10_208046_G_C,208046
blk4195,10,226,ssa10_208613_T_A,208613
blk4196,10,227,ssa10_208813_C_G,208813
blk4197,10,228,ssa10_209861_A_T,209861
blk4198,10,229,ssa10_211250_G_C,211250
blk4199,10,230,ssa10_214823_T_A,214823
blk4200,10,231,ssa10_215226_C_G,215226
blk4201,10,232,ssa10_217446_A_T,217446
blk4202,10,233,ssa10_218103_G_C,218103
blk4203,10,234,ssa10_218324_T_A,218324
blk4203,10,235,ssa10_218396_C_G,218396
blk4204,10,236,ssa10_221155_A_T,221155
blk4204,10,237,ssa10_221242_G_C,221242
blk4205,10,238,ssa10_221619_T_A,221619
blk4206,10,239,ssa10_222167_C_G,222167
blk4207,10,240,ssa10_223046_A_T,223046
blk4208,10,241,ssa10_223502_G_C,223502
blk4209,10,242,ssa10_229403_T_A,229403
blk4210,10,243,ssa10_230786_C_G,230786
blk4211,10,244,ssa10_231611_A_T,231611
blk4212,10,245,ssa10_234323_G_C,234323
blk4213,10,246,ssa10_234647_T_A,234647
blk4213,10,247,ssa10_234654_C_G,234654
blk4214,10,248,ssa10_235118_A_T,235118
blk4215,10,249,ssa10_238364_G_C,238364
blk4216,10,250,ssa10_239091_T_A,239091
blk4217,10,251,ssa10_240933_C_G,240933
blk4218,10,252,ssa10_241161_A_T,241161
blk4219,10,253,ssa10_242063_G_C,242063
blk4220,10,254,ssa10_242261_T_A,242261
blk4221,10,255,ssa10_242921_C_G,242921
blk4222,10,256,ssa10_243433_A_T,243433
blk4223,10,257,ssa10_245195_G_C,245195
blk4224,10,258,ssa10_245420_T_A,245420
blk4225,10,259,ssa10_246119_C_G,246119
blk4226,10,260,ssa10_246274_A_T,246274
blk4227,10,261,ssa10_246983_G_C,246983
blk4228,10,262,ssa10_247270_T_A,247270
blk4229,10,263,ssa10_248013_C_G,248013
blk4229,10,264,ssa10_248084_A_T,248084
blk4230,10,265,ssa10_251502_G_C,251502
blk4231,10,266,ssa10_252001_T_A,252001
blk4232,10,267,ssa10_252934_C_G,252934
blk4233,10,268,ssa10_253274_A_T,253274
blk4234,10,269,ssa10_254280_G_C,254280
blk4235,10,270,ssa10_256437_T_A,256437
blk4236,10,271,ssa10_256588_C_G,256588
blk4237,10,272,ssa10_259818_A_T,259818
blk4238,10,273,ssa10_261149_G_C,261149
blk4238,10,274,ssa10_261195_T_A,261195
blk4239,10,275,ssa10_261495_C_G,261495
blk4240,10,276,ssa10_263942_A_T,263942
blk4241,10,277,ssa10_266205_G_C,266205
blk4242,10,278,ssa10_267882_T_A,267882
blk4243,10,279,ssa10_269325_C_G,269325
blk4244,10,280,ssa10_271388_A_T,271388
blk4245,10,281,ssa10_271677_G_C,271677
blk4246,10,282,ssa10_273944_T_A,273944
blk4247,10,283,ssa10_274569_C_G,274569
blk4248,10,284,ssa10_274900_A_T,274900
blk4249,10,285,ssa10_275305_G_C,275305
blk4250,10,286,ssa10_281645_T_A,281645
blk4251,10,287,ssa10_282782_C_G,282782
blk4251,10,288,ssa10_282794_A_T,282794
blk4252,10,289,ssa10_283051_G_C,283051
blk4253,10,290,ssa10_283588_T_A,283588
blk4254,10,291,ssa10_283732_C_G,283732
blk4255,10,292,ssa10_284504_A_T,284504
blk4256,10,293,ssa10_285803_G_C,285803
blk4257,10,294,ssa10_286772_T_A,286772
blk4258,10,295,ssa10_287637_C_G,287637
blk4259,10,296,ssa10_288423_A_T,288423
blk4260,10,297,ssa10_296540_G_C,296540
blk4261,10,298,ssa10_296881_T_A,296881
blk4262,10,299,ssa10_297731_C_G,297731
blk4262,10,300,ssa10_297837_A_T,297837
blk4263,10,301,ssa10_298222_G_C,298222
blk4264,10,302,ssa10_298881_T_A,298881
blk4265,10,303,ssa10_301119_C_G,301119
blk4266,10,304,ssa10_302692_A_T,302692
blk4267,10,305,ssa10_303734_G_C,303734
blk4268,10,306,ssa10_304170_T_A,304170
blk4268,10,307,ssa10_304195_C_G,304195
blk4269,10,308,ssa10_304504_A_T,304504
blk4270,10,309,ssa10_305505_G_C,305505
blk4271,10,310,ssa10_307110_T_A,307110
blk4272,10,311,ssa10_307357_C_G,307357
blk4273,10,312,ssa10_307827_A_T,307827
blk4274,10,313,ssa10_308778_G_C,308778
blk4275,10,314,ssa10_309406_T_A,309406
blk4276,10,315,ssa10_309627_C_G,309627
blk4276,10,316,ssa10_309658_A_T,309658
blk4276,10,317,ssa10_309683_G_C,309683
blk4277,10,318,ssa10_310633_T_A,310633
blk4278,10,319,ssa10_311363_C_G,311363
blk4279,10,320,ssa10_313760_A_T,313760
blk4280,10,321,ssa10_316263_G_C,316263
blk4281,10,322,ssa10_316715_T_A,316715
blk4282,10,323,ssa10_317725_C_G,317725
blk4283,10,324,ssa10_318562_A_T,318562
blk4284,10,325,ssa10_320297_G_C,320297
blk4285,10,326,ssa10_320542_T_A,320542
blk4286,10,327,ssa10_320880_C_G,320880
blk4286,10,328,ssa10_320966_A_T,320966
blk4287,10,329,ssa10_322219_G_C,322219
blk4288,10,330,ssa10_323160_T_A,323160
blk4289,10,331,ssa10_325684_C_G,325684
blk4290,10,332,ssa10_326321_A_T,326321
blk4291,10,333,ssa10_327425_G_C,327425
blk4291,10,334,ssa10_327509_T_A,327509
blk4292,10,335,ssa10_328397_C_G,328397
blk4293,10,336,ssa10_328675_A_T,328675
blk4294,10,337,ssa10_332435_G_C,332435
blk4295,10,338,ssa10_333377_T_A,333377
blk4296,10,339,ssa10_333511_C_G,333511
blk4297,10,340,ssa10_335630_A_T,335630
blk4297,10,341,ssa10_335711_G_C,335711
blk4298,10,342,ssa10_335887_T_A,335887
blk4299,10,343,ssa10_338078_C_G,338078
blk4300,10,344,ssa10_338496_A_T,338496
blk4301,10,345,ssa10_342198_G_C,342198
blk4301,10,346,ssa10_342246_T_A,342246
blk4302,10,347,ssa10_342433_C_G,342433
blk4303,10,348,ssa10_342695_A_T,342695
blk4304,10,349,ssa10_343447_G_C,343447
blk4305,10,350,ssa10_346103_T_A,346103
blk4306,10,351,ssa10_347747_C_G,347747
blk4307,10,352,ssa10_351231_A_T,351231
blk4308,10,353,ssa10_353607_G_C,353607
blk4309,10,354,ssa10_355474_T_A,355474
blk4309,10,355,ssa10_355564_C_G,355564
blk4310,10,356,ssa10_355889_A_T,355889
blk4311,10,357,ssa10_356563_G_C,356563
blk4312,10,358,ssa10_358151_T_A,358151
blk4313,10,359,ssa10_359523_C_G,359523
blk4314,10,360,ssa10_360575_A_T,360575
blk4315,10,361,ssa10_360814_G_C,360814
blk4316,10,362,ssa10_361267_T_A,361267
blk4316,10,363,ssa10_361353_C_G,361353
blk4317,10,364,ssa10_365642_A_T,365642
blk4318,10,365,ssa10_366965_G_C,366965
blk4319,10,366,ssa10_367761_T_A,367761
blk4320,10,367,ssa10_369463_C_G,369463
blk4320,10,368,ssa10_369464_A_T,369464
blk4321,10,369,ssa10_369739_G_C,369739
blk4322,10,370,ssa10_371081_T_A,371081
blk4323,10,371,ssa10_371245_C_G,371245
blk4324,10,372,ssa10_372179_A_T,372179
blk4324,10,373,ssa10_372182_G_C,372182
blk4325,10,374,ssa10_372863_T_A,372863
blk4326,10,375,ssa10_373253_C_G,373253
blk4327,10,376,ssa10_374391_A_T,374391
blk4327,10,377,ssa10_374516_G_C,374516
blk4328,10,378,ssa10_375061_T_A,375061
blk4329,10,379,ssa10_376398_C_G,376398
blk4330,10,380,ssa10_376817_A_T,376817
blk4331,10,381,ssa10_378136_G_C,378136
blk4332,10,382,ssa10_378959_T_A,378959
blk4333,10,383,ssa10_382106_C_G,382106
blk4334,10,384,ssa10_382520_A_T,382520
blk4335,10,385,ssa10_384495_G_C,384495
blk4336,10,386,ssa10_385214_T_A,385214
blk4337,10,387,ssa10_386834_C_G,386834
blk4337,10,388,ssa10_386901_A_T,386901
blk4338,10,389,ssa10_387227_G_C,387227
blk4339,10,390,ssa10_387424_T_A,387424
blk4339,10,391,ssa10_387534_C_G,387534
blk4340,10,392,ssa10_387756_A_T,387756
blk4341,10,393,ssa10_391505_G_C,391505
blk4342,10,394,ssa10_393108_T_A,393108
blk4343,10,395,ssa10_395841_C_G,395841
blk4344,10,396,ssa10_396290_A_T,396290
blk4345,10,397,ssa10_396463_G_C,396463
blk4346,10,398,ssa10_397781_T_A,397781
blk4347,10,399,ssa10_399034_C_G,399034
blk4348,10,400,ssa10_399441_A_T,399441
blk4349,10,401,ssa10_400189_G_C,400189
blk4350,10,402,ssa10_400913_T_A,400913
blk4351,10,403,ssa10_401228_C_G,401228
blk4352,10,404,ssa10_401572_A_T,401572
blk4353,10,405,ssa10_402454_G_C,402454
blk4353,10,406,ssa10_402533_T_A,402533
blk4354,10,407,ssa10_403258_C_G,403258
blk4355,10,408,ssa10_404500_A_T,404500
blk4356,10,409,ssa10_405512_G_C,405512
blk4357,10,410,ssa10_409117_T_A,409117
blk4358,10,411,ssa10_409613_C_G,409613
blk4359,10,412,ssa10_409756_A_T,409756
blk4360,10,413,ssa10_411698_G_C,411698
blk4361,10,414,ssa10_412645_T_A,412645
blk4362,10,415,ssa10_413566_C_G,413566
blk4363,10,416,ssa10_413730_A_T,413730
blk4364,10,417,ssa10_414964_G_C,414964
blk4365,10,418,ssa10_415323_T_A,415323
blk4366,10,419,ssa10_417250_C_G,417250
blk4367,10,420,ssa10_422332_A_T,422332
blk4368,10,421,ssa10_423689_G_C,423689
blk4369,10,422,ssa10_424147_T_A,424147
blk4369,10,423,ssa10_424254_C_G,424254
blk4370,10,424,ssa10_424275_A_T,424275
blk4371,10,425,ssa10_425047_G_C,425047
blk4372,10,426,ssa10_426705_T_A,426705
blk4373,10,427,ssa10_427295_C_G,427295
blk4374,10,428,ssa10_427876_A_T,427876
blk4375,10,429,ssa10_429045_G_C,429045
blk4376,10,430,ssa10_430076_T_A,430076
blk4377,10,431,ssa10_433420_C_G,433420
blk4378,10,432,ssa10_434008_A_T,434008
blk4379,10,433,ssa10_434382_G_C,434382
blk4380,10,434,ssa10_435770_T_A,435770
blk4381,10,435,ssa10_436215_C_G,436215
blk4381,10,436,ssa10_436337_A_T,436337
blk4382,10,437,ssa10_436523_G_C,436523
blk4383,10,438,ssa10_438419_T_A,438419
blk4384,10,439,ssa10_441120_C_G,441120
blk4385,10,440,ssa10_443333_A_T,443333
blk4386,10,441,ssa10_443786_G_C,443786
blk4387,10,442,ssa10_444223_T_A,444223
blk4388,10,443,ssa10_444463_C_G,444463
blk4389,10,444,ssa10_444695_A_T,444695
blk4390,10,445,ssa10_444924_G_C,444924
blk4391,10,446,ssa10_445837_T_A,445837
blk4392,10,447,ssa10_446604_C_G,446604
blk4393,10,448,ssa10_447470_A_T,447470
blk4394,10,449,ssa10_449113_G_C,449113
blk4394,10,450,ssa10_449228_T_A,449228
blk4395,10,451,ssa10_449770_C_G,449770
blk4396,10,452,ssa10_453513_A_T,453513
blk4397,10,453,ssa10_454430_G_C,454430
blk4398,10,454,ssa10_458139_T_A,458139
blk4399,10,455,ssa10_458346_C_G,458346
blk4400,10,456,ssa10_458512_A_T,458512
blk4401,10,457,ssa10_459541_G_C,459541
blk4402,10,458,ssa10_461210_T_A,461210
blk4403,10,459,ssa10_461427_C_G,461427
blk4404,10,460,ssa10_462353_A_T,462353
blk4405,10,461,ssa10_463889_G_C,463889
blk4406,10,462,ssa10_464109_T_A,464109
blk4406,10,463,ssa10_464215_C_G,464215
blk4407,10,464,ssa10_464528_A_T,464528
blk4408,10,465,ssa10_465605_G_C,465605
blk4409,10,466,ssa10_466060_T_A,466060
blk4410,10,467,ssa10_466519_C_G,466519
blk4411,10,468,ssa10_469894_A_T,469894
blk4412,10,469,ssa10_470589_G_C,470589
blk4413,10,470,ssa10_472624_T_A,472624
blk4414,10,471,ssa10_473184_C_G,473184
blk4414,10,472,ssa10_473190_A_T,473190
blk4415,10,473,ssa10_474987_G_C,474987
blk4416,10,474,ssa10_475950_T_A,475950
blk4417,10,475,ssa10_476095_C_G,476095
blk4418,10,476,ssa10_476979_A_T,476979
blk4419,10,477,ssa10_477160_G_C,477160
blk4420,10,478,ssa10_478098_T_A,478098
blk4421,10,479,ssa10_479613_C_G,479613
blk4422,10,480,ssa10_480123_A_T,480123
blk4423,10,481,ssa10_481176_G_C,481176
blk4424,10,482,ssa10_483066_T_A,483066
blk4425,10,483,ssa10_483865_C_G,483865
blk4426,10,484,ssa10_484414_A_T,484414
blk4427,10,485,ssa10_484628_G_C,484628
blk4428,10,486,ssa10_485094_T_A,485094
blk4429,10,487,ssa10_486088_C_G,486088
blk4429,10,488,ssa10_486091_A_T,486091
blk4429,10,489,ssa10_486167_G_C,486167
blk4430,10,490,ssa10_486308_T_A,486308
blk4431,10,491,ssa10_487186_C_G,487186
blk4432,10,492,ssa10_487960_A_T,487960
blk4433,10,493,ssa10_488710_G_C,488710
blk4434,10,494,ssa10_491424_T_A,491424
blk4435,10,495,ssa10_491564_C_G,491564
blk4436,10,496,ssa10_493585_A_T,493585
blk4437,10,497,ssa10_494307_G_C,494307
blk4438,10,498,ssa10_496878_T_A,496878
blk4439,10,499,ssa10_497181_C_G,497181
