block_id,chr,snp_index,snp_id,position
blk1,1,0,ssa01_1026_A_T,1026
blk1,1,1,ssa01_1093_G_C,1093
blk1,1,2,ssa01_1102_T_A,1102
blk1,1,3,ssa01_1235_C_G,1235
blk1,1,4,ssa01_2906_A_T,2906
blk1,1,5,ssa01_2944_G_C,2944
blk1,1,6,ssa01_3131_T_A,3131
blk1,1,7,ssa01_3583_C_G,3583
blk1,1,8,ssa01_5615_A_T,5615
blk1,1,9,ssa01_6260_G_C,6260
blk1,1,10,ssa01_6629_T_A,6629
blk1,1,11,ssa01_7399_C_G,7399
blk1,1,12,ssa01_8360_A_T,8360
blk1,1,13,ssa01_9080_G_C,9080
blk1,1,14,ssa01_9323_T_A,9323
blk1,1,15,ssa01_9945_C_G,9945
blk1,1,16,ssa01_10022_A_T,10022
blk1,1,17,ssa01_10360_G_C,10360
blk1,1,18,ssa01_12248_T_A,12248
blk1,1,19,ssa01_13349_C_G,13349
blk1,1,20,ssa01_13369_A_T,13369
blk1,1,21,ssa01_14479_G_C,14479
blk1,1,22,ssa01_14609_T_A,14609
blk1,1,23,ssa01_14971_C_G,14971
blk1,1,24,ssa01_17100_A_T,17100
blk1,1,25,ssa01_19103_G_C,19103
blk1,1,26,ssa01_19869_T_A,19869
blk1,1,27,ssa01_20997_C_G,20997
blk1,1,28,ssa01_21114_A_T,21114
blk1,1,29,ssa01_21117_G_C,21117
blk1,1,30,ssa01_22856_T_A,22856
blk1,1,31,ssa01_22928_C_G,22928
blk1,1,32,ssa01_23619_A_T,23619
blk1,1,33,ssa01_24578_G_C,24578
blk1,1,34,ssa01_26489_T_A,26489
blk1,1,35,ssa01_26850_C_G,26850
blk1,1,36,ssa01_30019_A_T,30019
blk1,1,37,ssa01_30135_G_C,30135
blk1,1,38,ssa01_31062_T_A,31062
blk1,1,39,ssa01_31517_C_G,31517
blk1,1,40,ssa01_35302_A_T,35302
blk1,1,41,ssa01_35392_G_C,35392
blk1,1,42,ssa01_37077_T_A,37077
blk1,1,43,ssa01_37794_C_G,37794
blk1,1,44,ssa01_38770_A_T,38770
blk1,1,45,ssa01_41327_G_C,41327
blk1,1,46,ssa01_43762_T_A,43762
blk1,1,47,ssa01_45528_C_G,45528
blk1,1,48,ssa01_47207_A_T,47207
blk1,1,49,ssa01_47293_G_C,47293
blk1,1,50,ssa01_48480_T_A,48480
blk1,1,51,ssa01_49337_C_G,49337
blk1,1,52,ssa01_51844_A_T,51844
blk1,1,53,ssa01_53586_G_C,53586
blk1,1,54,ssa01_53813_T_A,53813
blk1,1,55,ssa01_54423_C_G,54423
blk1,1,56,ssa01_54558_A_T,54558
blk1,1,57,ssa01_55012_G_C,55012
blk1,1,58,ssa01_55424_T_A,55424
blk1,1,59,ssa01_56181_C_G,56181
blk1,1,60,ssa01_57255_A_T,57255
blk1,1,61,ssa01_57313_G_C,57313
blk1,1,62,ssa01_58044_T_A,58044
blk1,1,63,ssa01_59551_C_G,59551
blk1,1,64,ssa01_61261_A_T,61261
blk1,1,65,ssa01_61988_G_C,61988
blk1,1,66,ssa01_62162_T_A,62162
blk1,1,67,ssa01_62285_C_G,62285
blk1,1,68,ssa01_62412_A_T,62412
blk1,1,69,ssa01_62604_G_C,62604
blk1,1,70,ssa01_62640_T_A,62640
blk1,1,71,ssa01_62900_C_G,62900
blk1,1,72,ssa01_62961_A_T,62961
blk1,1,73,ssa01_62979_G_C,62979
blk1,1,74,ssa01_63040_T_A,63040
blk1,1,75,ssa01_63385_C_G,63385
blk1,1,76,ssa01_63580_A_T,63580
blk1,1,77,ssa01_64002_G_C,64002
blk1,1,78,ssa01_64083_T_A,64083
blk1,1,79,ssa01_67282_C_G,67282
blk1,1,80,ssa01_67686_A_T,67686
blk1,1,81,ssa01_68686_G_C,68686
blk1,1,82,ssa01_68955_T_A,68955
blk1,1,83,ssa01_70648_C_G,70648
blk1,1,84,ssa01_70835_A_T,70835
blk1,1,85,ssa01_72766_G_C,72766
blk1,1,86,ssa01_73104_T_A,73104
blk1,1,87,ssa01_74126_C_G,74126
blk1,1,88,ssa01_75288_A_T,75288
blk1,1,89,ssa01_75361_G_C,75361
blk1,1,90,ssa01_75398_T_A,75398
blk1,1,91,ssa01_75742_C_G,75742
blk1,1,92,ssa01_76239_A_T,76239
blk1,1,93,ssa01_77043_G_C,77043
blk1,1,94,ssa01_77708_T_A,77708
blk1,1,95,ssa01_77742_C_G,77742
blk1,1,96,ssa01_78466_A_T,78466
blk1,1,97,ssa01_79061_G_C,79061
blk1,1,98,ssa01_79512_T_A,79512
blk1,1,99,ssa01_80767_C_G,80767
blk1,1,100,ssa01_81411_A_T,81411
blk1,1,101,ssa01_83029_G_C,83029
blk1,1,102,ssa01_83555_T_A,83555
blk1,1,103,ssa01_83992_C_G,83992
blk1,1,104,ssa01_84894_A_T,84894
blk1,1,105,ssa01_85393_G_C,85393
blk1,1,106,ssa01_86126_T_A,86126
blk1,1,107,ssa01_86550_C_G,86550
blk1,1,108,ssa01_87307_A_T,87307
blk1,1,109,ssa01_87496_G_C,87496
blk1,1,110,ssa01_87775_T_A,87775
blk1,1,111,ssa01_89395_C_G,89395
blk1,1,112,ssa01_89746_A_T,89746
blk1,1,113,ssa01_90244_G_C,90244
blk1,1,114,ssa01_90844_T_A,90844
blk1,1,115,ssa01_92544_C_G,92544
blk1,1,116,ssa01_92702_A_T,92702
blk1,1,117,ssa01_93302_G_C,93302
blk1,1,118,ssa01_93425_T_A,93425
blk1,1,119,ssa01_94151_C_G,94151
blk1,1,120,ssa01_95885_A_T,95885
blk1,1,121,ssa01_96036_G_C,96036
blk1,1,122,ssa01_97343_T_A,97343
blk1,1,123,ssa01_97370_C_G,97370
blk1,1,124,ssa01_97630_A_T,97630
blk1,1,125,ssa01_97712_G_C,97712
blk1,1,126,ssa01_97758_T_A,97758
blk1,1,127,ssa01_98017_C_G,98017
blk1,1,128,ssa01_98046_A_T,98046
blk1,1,129,ssa01_98402_G_C,98402
blk1,1,130,ssa01_99545_T_A,99545
blk1,1,131,ssa01_99634_C_G,99634
blk1,1,132,ssa01_100555_A_T,100555
blk2,1,133,ssa01_101753_G_C,101753
blk2,1,134,ssa01_101883_T_A,101883
blk2,1,135,ssa01_102286_C_G,102286
blk2,1,136,ssa01_103257_A_T,103257
blk2,1,137,ssa01_103661_G_C,103661
blk2,1,138,ssa01_104353_T_A,104353
blk2,1,139,ssa01_104535_C_G,104535
blk2,1,140,ssa01_104648_A_T,104648
blk2,1,141,ssa01_106237_G_C,106237
blk2,1,142,ssa01_107092_T_A,107092
blk2,1,143,ssa01_108087_C_G,108087
blk2,1,144,ssa01_108187_A_T,108187
blk2,1,145,ssa01_108478_G_C,108478
blk2,1,146,ssa01_108848_T_A,108848
blk2,1,147,ssa01_109126_C_G,109126
blk2,1,148,ssa01_110580_A_T,110580
blk2,1,149,ssa01_110670_G_C,110670
blk2,1,150,ssa01_113370_T_A,113370
blk2,1,151,ssa01_113679_C_G,113679
blk2,1,152,ssa01_113715_A_T,113715
blk2,1,153,ssa01_114463_G_C,114463
blk2,1,154,ssa01_117709_T_A,117709
blk2,1,155,ssa01_118039_C_G,118039
blk2,1,156,ssa01_118599_A_T,118599
blk2,1,157,ssa01_119470_G_C,119470
blk2,1,158,ssa01_119693_T_A,119693
blk2,1,159,ssa01_120008_C_G,120008
blk2,1,160,ssa01_120534_A_T,120534
blk2,1,161,ssa01_121504_G_C,121504
blk2,1,162,ssa01_124368_T_A,124368
blk2,1,163,ssa01_126177_C_G,126177
blk2,1,164,ssa01_126870_A_T,126870
blk2,1,165,ssa01_127165_G_C,127165
blk2,1,166,ssa01_128464_T_A,128464
blk2,1,167,ssa01_128908_C_G,128908
blk2,1,168,ssa01_130717_A_T,130717
blk2,1,169,ssa01_131809_G_C,131809
blk2,1,170,ssa01_132227_T_A,132227
blk2,1,171,ssa01_132558_C_G,132558
blk2,1,172,ssa01_132660_A_T,132660
blk2,1,173,ssa01_134062_G_C,134062
blk2,1,174,ssa01_135940_T_A,135940
blk2,1,175,ssa01_136131_C_G,136131
blk2,1,176,ssa01_136678_A_T,136678
blk2,1,177,ssa01_137713_G_C,137713
blk2,1,178,ssa01_138474_T_A,138474
blk2,1,179,ssa01_141677_C_G,141677
blk2,1,180,ssa01_141841_A_T,141841
blk2,1,181,ssa01_142493_G_C,142493
blk2,1,182,ssa01_143295_T_A,143295
blk2,1,183,ssa01_143680_C_G,143680
blk2,1,184,ssa01_145925_A_T,145925
blk2,1,185,ssa01_146785_G_C,146785
blk2,1,186,ssa01_148095_T_A,148095
blk2,1,187,ssa01_152074_C_G,152074
blk2,1,188,ssa01_153176_A_T,153176
blk2,1,189,ssa01_153535_G_C,153535
blk2,1,190,ssa01_155380_T_A,155380
blk2,1,191,ssa01_157878_C_G,157878
blk2,1,192,ssa01_158983_A_T,158983
blk2,1,193,ssa01_159138_G_C,159138
blk2,1,194,ssa01_159823_T_A,159823
blk2,1,195,ssa01_160630_C_G,160630
blk2,1,196,ssa01_160884_A_T,160884
blk2,1,197,ssa01_161060_G_C,161060
blk2,1,198,ssa01_161955_T_A,161955
blk2,1,199,ssa01_163569_C_G,163569
blk2,1,200,ssa01_163720_A_T,163720
blk2,1,201,ssa01_164233_G_C,164233
blk2,1,202,ssa01_165771_T_A,165771
blk2,1,203,ssa01_167561_C_G,167561
blk2,1,204,ssa01_169230_A_T,169230
blk2,1,205,ssa01_169687_G_C,169687
blk2,1,206,ssa01_170481_T_A,170481
blk2,1,207,ssa01_172495_C_G,172495
blk2,1,208,ssa01_172666_A_T,172666
blk2,1,209,ssa01_176424_G_C,176424
blk2,1,210,ssa01_177314_T_A,177314
blk2,1,211,ssa01_179070_C_G,179070
blk2,1,212,ssa01_179381_A_T,179381
blk2,1,213,ssa01_180025_G_C,180025
blk2,1,214,ssa01_181571_T_A,181571
blk2,1,215,ssa01_181830_C_G,181830
blk2,1,216,ssa01_182182_A_T,182182
blk2,1,217,ssa01_183981_G_C,183981
blk2,1,218,ssa01_186657_T_A,186657
blk2,1,219,ssa01_186708_C_G,186708
blk2,1,220,ssa01_186801_A_T,186801
blk2,1,221,ssa01_188565_G_C,188565
blk2,1,222,ssa01_189083_T_A,189083
blk2,1,223,ssa01_189553_C_G,189553
blk2,1,224,ssa01_191069_A_T,191069
blk2,1,225,ssa01_191450_G_C,191450
blk2,1,226,ssa01_191509_T_A,191509
blk2,1,227,ssa01_192490_C_G,192490
blk2,1,228,ssa01_193504_A_T,193504
blk2,1,229,ssa01_194344_G_C,194344
blk2,1,230,ssa01_195172_T_A,195172
blk2,1,231,ssa01_196291_C_G,196291
blk2,1,232,ssa01_198329_A_T,198329
blk2,1,233,ssa01_200678_G_C,200678
blk3,1,234,ssa01_202385_T_A,202385
blk3,1,235,ssa01_203351_C_G,203351
blk3,1,236,ssa01_203491_A_T,203491
blk3,1,237,ssa01_203504_G_C,203504
blk3,1,238,ssa01_203651_T_A,203651
blk3,1,239,ssa01_205321_C_G,205321
blk3,1,240,ssa01_206272_A_T,206272
blk3,1,241,ssa01_206504_G_C,206504
blk3,1,242,ssa01_206620_T_A,206620
blk3,1,243,ssa01_207410_C_G,207410
blk3,1,244,ssa01_207624_A_T,207624
blk3,1,245,ssa01_207956_G_C,207956
blk3,1,246,ssa01_208351_T_A,208351
blk3,1,247,ssa01_208397_C_G,208397
blk3,1,248,ssa01_209579_A_T,209579
blk3,1,249,ssa01_209761_G_C,209761
blk3,1,250,ssa01_211256_T_A,211256
blk3,1,251,ssa01_214972_C_G,214972
blk3,1,252,ssa01_215572_A_T,215572
blk3,1,253,ssa01_216758_G_C,216758
blk3,1,254,ssa01_218067_T_A,218067
blk3,1,255,ssa01_219884_C_G,219884
blk3,1,256,ssa01_220332_A_T,220332
blk3,1,257,ssa01_220663_G_C,220663
blk3,1,258,ssa01_220765_T_A,220765
blk3,1,259,ssa01_222107_C_G,222107
blk3,1,260,ssa01_222346_A_T,222346
blk3,1,261,ssa01_222851_G_C,222851
blk3,1,262,ssa01_222898_T_A,222898
blk3,1,263,ssa01_223492_C_G,223492
blk3,1,264,ssa01_224070_A_T,224070
blk3,1,265,ssa01_224890_G_C,224890
blk3,1,266,ssa01_226232_T_A,226232
blk3,1,267,ssa01_227278_C_G,227278
blk3,1,268,ssa01_228930_A_T,228930
blk3,1,269,ssa01_229195_G_C,229195
blk3,1,270,ssa01_231285_T_A,231285
blk3,1,271,ssa01_232416_C_G,232416
blk3,1,272,ssa01_234998_A_T,234998
blk3,1,273,ssa01_235086_G_C,235086
blk3,1,274,ssa01_235280_T_A,235280
blk3,1,275,ssa01_235517_C_G,235517
blk3,1,276,ssa01_239041_A_T,239041
blk3,1,277,ssa01_239549_G_C,239549
blk3,1,278,ssa01_240817_T_A,240817
blk3,1,279,ssa01_241854_C_G,241854
blk3,1,280,ssa01_242511_A_T,242511
blk3,1,281,ssa01_245066_G_C,245066
blk3,1,282,ssa01_248258_T_A,248258
blk3,1,283,ssa01_249033_C_G,249033
blk3,1,284,ssa01_249590_A_T,249590
blk3,1,285,ssa01_250761_G_C,250761
blk3,1,286,ssa01_250791_T_A,250791
blk3,1,287,ssa01_251882_C_G,251882
blk3,1,288,ssa01_252092_A_T,252092
blk3,1,289,ssa01_252448_G_C,252448
blk3,1,290,ssa01_253600_T_A,253600
blk3,1,291,ssa01_253650_C_G,253650
blk3,1,292,ssa01_256660_A_T,256660
blk3,1,293,ssa01_258964_G_C,258964
blk3,1,294,ssa01_260764_T_A,260764
blk3,1,295,ssa01_261958_C_G,261958
blk3,1,296,ssa01_263159_A_T,263159
blk3,1,297,ssa01_263900_G_C,263900
blk3,1,298,ssa01_267079_T_A,267079
blk3,1,299,ssa01_267886_C_G,267886
blk3,1,300,ssa01_268641_A_T,268641
blk3,1,301,ssa01_269102_G_C,269102
blk3,1,302,ssa01_269229_T_A,269229
blk3,1,303,ssa01_269543_C_G,269543
blk3,1,304,ssa01_270253_A_T,270253
blk3,1,305,ssa01_271398_G_C,271398
blk3,1,306,ssa01_274386_T_A,274386
blk3,1,307,ssa01_276456_C_G,276456
blk3,1,308,ssa01_278161_A_T,278161
blk3,1,309,ssa01_278185_G_C,278185
blk3,1,310,ssa01_279007_T_A,279007
blk3,1,311,ssa01_280610_C_G,280610
blk3,1,312,ssa01_281301_A_T,281301
blk3,1,313,ssa01_281481_G_C,281481
blk3,1,314,ssa01_281973_T_A,281973
blk3,1,315,ssa01_282683_C_G,282683
blk3,1,316,ssa01_284366_A_T,284366
blk3,1,317,ssa01_285313_G_C,285313
blk3,1,318,ssa01_285494_T_A,285494
blk3,1,319,ssa01_287254_C_G,287254
blk3,1,320,ssa01_287752_A_T,287752
blk3,1,321,ssa01_288470_G_C,288470
blk3,1,322,ssa01_288999_T_A,288999
blk3,1,323,ssa01_291092_C_G,291092
blk3,1,324,ssa01_293529_A_T,293529
blk3,1,325,ssa01_296899_G_C,296899
blk3,1,326,ssa01_297162_T_A,297162
blk3,1,327,ssa01_297926_C_G,297926
blk3,1,328,ssa01_298357_A_T,298357
blk3,1,329,ssa01_300083_G_C,300083
blk4,1,330,ssa01_301323_T_A,301323
blk4,1,331,ssa01_302693_C_G,302693
blk4,1,332,ssa01_303707_A_T,303707
blk4,1,333,ssa01_308626_G_C,308626
blk4,1,334,ssa01_311249_T_A,311249
blk4,1,335,ssa01_313352_C_G,313352
blk4,1,336,ssa01_314123_A_T,314123
blk4,1,337,ssa01_314612_G_C,314612
blk4,1,338,ssa01_315199_T_A,315199
blk4,1,339,ssa01_317469_C_G,317469
blk4,1,340,ssa01_317932_A_T,317932
blk4,1,341,ssa01_321649_G_C,321649
blk4,1,342,ssa01_322502_T_A,322502
blk4,1,343,ssa01_322819_C_G,322819
blk4,1,344,ssa01_323078_A_T,323078
blk4,1,345,ssa01_323469_G_C,323469
blk4,1,346,ssa01_324291_T_A,324291
blk4,1,347,ssa01_325743_C_G,325743
blk4,1,348,ssa01_326154_A_T,326154
blk4,1,349,ssa01_326229_G_C,326229
blk4,1,350,ssa01_326483_T_A,326483
blk4,1,351,ssa01_327553_C_G,327553
blk4,1,352,ssa01_328076_A_T,328076
blk4,1,353,ssa01_328229_G_C,328229
blk4,1,354,ssa01_329757_T_A,329757
blk4,1,355,ssa01_330432_C_G,330432
blk4,1,356,ssa01_331098_A_T,331098
blk4,1,357,ssa01_331372_G_C,331372
blk4,1,358,ssa01_331867_T_A,331867
blk4,1,359,ssa01_333272_C_G,333272
blk4,1,360,ssa01_333860_A_T,333860
blk4,1,361,ssa01_333947_G_C,333947
blk4,1,362,ssa01_334779_T_A,334779
blk4,1,363,ssa01_335522_C_G,335522
blk4,1,364,ssa01_336379_A_T,336379
blk4,1,365,ssa01_336881_G_C,336881
blk4,1,366,ssa01_337034_T_A,337034
blk4,1,367,ssa01_337139_C_G,337139
blk4,1,368,ssa01_337418_A_T,337418
blk4,1,369,ssa01_338236_G_C,338236
blk4,1,370,ssa01_339090_T_A,339090
blk4,1,371,ssa01_339458_C_G,339458
blk4,1,372,ssa01_340117_A_T,340117
blk4,1,373,ssa01_340447_G_C,340447
blk4,1,374,ssa01_340691_T_A,340691
blk4,1,375,ssa01_340876_C_G,340876
blk4,1,376,ssa01_341097_A_T,341097
blk4,1,377,ssa01_341445_G_C,341445
blk4,1,378,ssa01_341590_T_A,341590
blk4,1,379,ssa01_344172_C_G,344172
blk4,1,380,ssa01_344444_A_T,344444
blk4,1,381,ssa01_344447_G_C,344447
blk4,1,382,ssa01_345553_T_A,345553
blk4,1,383,ssa01_345670_C_G,345670
blk4,1,384,ssa01_348593_A_T,348593
blk4,1,385,ssa01_350143_G_C,350143
blk4,1,386,ssa01_350746_T_A,350746
blk4,1,387,ssa01_351738_C_G,351738
blk4,1,388,ssa01_353147_A_T,353147
blk4,1,389,ssa01_357920_G_C,357920
blk4,1,390,ssa01_360097_T_A,360097
blk4,1,391,ssa01_360317_C_G,360317
blk4,1,392,ssa01_360410_A_T,360410
blk4,1,393,ssa01_360437_G_C,360437
blk4,1,394,ssa01_363564_T_A,363564
blk4,1,395,ssa01_364621_C_G,364621
blk4,1,396,ssa01_365701_A_T,365701
blk4,1,397,ssa01_366717_G_C,366717
blk4,1,398,ssa01_369257_T_A,369257
blk4,1,399,ssa01_371067_C_G,371067
blk4,1,400,ssa01_374381_A_T,374381
blk4,1,401,ssa01_375378_G_C,375378
blk4,1,402,ssa01_375528_T_A,375528
blk4,1,403,ssa01_375763_C_G,375763
blk4,1,404,ssa01_377659_A_T,377659
blk4,1,405,ssa01_379047_G_C,379047
blk4,1,406,ssa01_379079_T_A,379079
blk4,1,407,ssa01_379756_C_G,379756
blk4,1,408,ssa01_381027_A_T,381027
blk4,1,409,ssa01_382453_G_C,382453
blk4,1,410,ssa01_385213_T_A,385213
blk4,1,411,ssa01_388216_C_G,388216
blk4,1,412,ssa01_389121_A_T,389121
blk4,1,413,ssa01_390294_G_C,390294
blk4,1,414,ssa01_392481_T_A,392481
blk4,1,415,ssa01_395440_C_G,395440
blk4,1,416,ssa01_395605_A_T,395605
blk4,1,417,ssa01_396759_G_C,396759
blk4,1,418,ssa01_397881_T_A,397881
blk4,1,419,ssa01_399170_C_G,399170
blk5,1,420,ssa01_402388_A_T,402388
blk5,1,421,ssa01_403220_G_C,403220
blk5,1,422,ssa01_403306_T_A,403306
blk5,1,423,ssa01_407581_C_G,407581
blk5,1,424,ssa01_408953_A_T,408953
blk5,1,425,ssa01_410504_G_C,410504
blk5,1,426,ssa01_410796_T_A,410796
blk5,1,427,ssa01_410955_C_G,410955
blk5,1,428,ssa01_413739_A_T,413739
blk5,1,429,ssa01_414505_G_C,414505
blk5,1,430,ssa01_414994_T_A,414994
blk5,1,431,ssa01_418240_C_G,418240
blk5,1,432,ssa01_418862_A_T,418862
blk5,1,433,ssa01_419455_G_C,419455
blk5,1,434,ssa01_423643_T_A,423643
blk5,1,435,ssa01_427911_C_G,427911
blk5,1,436,ssa01_427928_A_T,427928
blk5,1,437,ssa01_429592_G_C,429592
blk5,1,438,ssa01_431993_T_A,431993
blk5,1,439,ssa01_433033_C_G,433033
blk5,1,440,ssa01_433657_A_T,433657
blk5,1,441,ssa01_433732_G_C,433732
blk5,1,442,ssa01_435085_T_A,435085
blk5,1,443,ssa01_436516_C_G,436516
blk5,1,444,ssa01_437025_A_T,437025
blk5,1,445,ssa01_437204_G_C,437204
blk5,1,446,ssa01_438293_T_A,438293
blk5,1,447,ssa01_438367_C_G,438367
blk5,1,448,ssa01_438791_A_T,438791
blk5,1,449,ssa01_438860_G_C,438860
blk5,1,450,ssa01_439930_T_A,439930
blk5,1,451,ssa01_440498_C_G,440498
blk5,1,452,ssa01_440551_A_T,440551
blk5,1,453,ssa01_441343_G_C,441343
blk5,1,454,ssa01_443986_T_A,443986
blk5,1,455,ssa01_445220_C_G,445220
blk5,1,456,ssa01_445603_A_T,445603
blk5,1,457,ssa01_446932_G_C,446932
blk5,1,458,ssa01_447099_T_A,447099
blk5,1,459,ssa01_447861_C_G,447861
blk5,1,460,ssa01_448592_A_T,448592
blk5,1,461,ssa01_449420_G_C,449420
blk5,1,462,ssa01_449642_T_A,449642
blk5,1,463,ssa01_453261_C_G,453261
blk5,1,464,ssa01_454596_A_T,454596
blk5,1,465,ssa01_455197_G_C,455197
blk5,1,466,ssa01_455320_T_A,455320
blk5,1,467,ssa01_456574_C_G,456574
blk5,1,468,ssa01_457020_A_T,457020
blk5,1,469,ssa01_458615_G_C,458615
blk5,1,470,ssa01_459900_T_A,459900
blk5,1,471,ssa01_461208_C_G,461208
blk5,1,472,ssa01_462806_A_T,462806
blk5,1,473,ssa01_463021_G_C,463021
blk5,1,474,ssa01_463233_T_A,463233
blk5,1,475,ssa01_463746_C_G,463746
blk5,1,476,ssa01_466829_A_T,466829
blk5,1,477,ssa01_467204_G_C,467204
blk5,1,478,ssa01_467809_T_A,467809
blk5,1,479,ssa01_467973_C_G,467973
blk5,1,480,ssa01_468953_A_T,468953
blk5,1,481,ssa01_471716_G_C,471716
blk5,1,482,ssa01_472806_T_A,472806
blk5,1,483,ssa01_473190_C_G,473190
blk5,1,484,ssa01_473287_A_T,473287
blk5,1,485,ssa01_477320_G_C,477320
blk5,1,486,ssa01_478283_T_A,478283
blk5,1,487,ssa01_484202_C_G,484202
blk5,1,488,ssa01_484314_A_T,484314
blk5,1,489,ssa01_486143_G_C,486143
blk5,1,490,ssa01_486744_T_A,486744
blk5,1,491,ssa01_487196_C_G,487196
blk5,1,492,ssa01_491003_A_T,491003
blk5,1,493,ssa01_491229_G_C,491229
blk5,1,494,ssa01_493387_T_A,493387
blk5,1,495,ssa01_493641_C_G,493641
blk5,1,496,ssa01_494135_A_T,494135
blk5,1,497,ssa01_495431_G_C,495431
blk5,1,498,ssa01_498397_T_A,498397
blk5,1,499,ssa01_499845_C_G,499845
blk6,2,0,ssa02_1526_A_T,1526
blk6,2,1,ssa02_1593_G_C,1593
blk6,2,2,ssa02_2371_T_A,2371
blk6,2,3,ssa02_2457_C_G,2457
blk6,2,4,ssa02_2501_A_T,2501
blk6,2,5,ssa02_5537_G_C,5537
blk6,2,6,ssa02_5774_T_A,5774
blk6,2,7,ssa02_6376_C_G,6376
blk6,2,8,ssa02_6494_A_T,6494
blk6,2,9,ssa02_6757_G_C,6757
blk6,2,10,ssa02_8127_T_A,8127
blk6,2,11,ssa02_8574_C_G,8574
blk6,2,12,ssa02_8912_A_T,8912
blk6,2,13,ssa02_9063_G_C,9063
blk6,2,14,ssa02_11178_T_A,11178
blk6,2,15,ssa02_11455_C_G,11455
blk6,2,16,ssa02_11622_A_T,11622
blk6,2,17,ssa02_13689_G_C,13689
blk6,2,18,ssa02_14885_T_A,14885
blk6,2,19,ssa02_15959_C_G,15959
blk6,2,20,ssa02_15968_A_T,15968
blk6,2,21,ssa02_16497_G_C,16497
blk6,2,22,ssa02_16855_T_A,16855
blk6,2,23,ssa02_17026_C_G,17026
blk6,2,24,ssa02_17056_A_T,17056
blk6,2,25,ssa02_18713_G_C,18713
blk6,2,26,ssa02_19366_T_A,19366
blk6,2,27,ssa02_20226_C_G,20226
blk6,2,28,ssa02_20634_A_T,20634
blk6,2,29,ssa02_22180_G_C,22180
blk6,2,30,ssa02_22546_T_A,22546
blk6,2,31,ssa02_23694_C_G,23694
blk6,2,32,ssa02_23911_A_T,23911
blk6,2,33,ssa02_24541_G_C,24541
blk6,2,34,ssa02_27634_T_A,27634
blk6,2,35,ssa02_28521_C_G,28521
blk6,2,36,ssa02_30282_A_T,30282
blk6,2,37,ssa02_31022_G_C,31022
blk6,2,38,ssa02_31828_T_A,31828
blk6,2,39,ssa02_33889_C_G,33889
blk6,2,40,ssa02_34091_A_T,34091
blk6,2,41,ssa02_35525_G_C,35525
blk6,2,42,ssa02_37393_T_A,37393
blk6,2,43,ssa02_38557_C_G,38557
blk6,2,44,ssa02_40237_A_T,40237
blk6,2,45,ssa02_44341_G_C,44341
blk6,2,46,ssa02_44694_T_A,44694
blk6,2,47,ssa02_44695_C_G,44695
blk6,2,48,ssa02_45150_A_T,45150
blk6,2,49,ssa02_46030_G_C,46030
blk6,2,50,ssa02_47830_T_A,47830
blk6,2,51,ssa02_48177_C_G,48177
blk6,2,52,ssa02_49806_A_T,49806
blk6,2,53,ssa02_50595_G_C,50595
blk6,2,54,ssa02_51571_T_A,51571
blk6,2,55,ssa02_54372_C_G,54372
blk6,2,56,ssa02_54947_A_T,54947
blk6,2,57,ssa02_55048_G_C,55048
blk6,2,58,ssa02_55920_T_A,55920
blk6,2,59,ssa02_56155_C_G,56155
blk6,2,60,ssa02_56639_A_T,56639
blk6,2,61,ssa02_57833_G_C,57833
blk6,2,62,ssa02_59425_T_A,59425
blk6,2,63,ssa02_60138_C_G,60138
blk6,2,64,ssa02_60876_A_T,60876
blk6,2,65,ssa02_62871_G_C,62871
blk6,2,66,ssa02_62939_T_A,62939
blk6,2,67,ssa02_63207_C_G,63207
blk6,2,68,ssa02_63402_A_T,63402
blk6,2,69,ssa02_63450_G_C,63450
blk6,2,70,ssa02_65419_T_A,65419
blk6,2,71,ssa02_65875_C_G,65875
blk6,2,72,ssa02_66061_A_T,66061
blk6,2,73,ssa02_69501_G_C,69501
blk6,2,74,ssa02_70065_T_A,70065
blk6,2,75,ssa02_71585_C_G,71585
blk6,2,76,ssa02_72229_A_T,72229
blk6,2,77,ssa02_72449_G_C,72449
blk6,2,78,ssa02_72819_T_A,72819
blk6,2,79,ssa02_73281_C_G,73281
blk6,2,80,ssa02_74115_A_T,74115
blk6,2,81,ssa02_74407_G_C,74407
blk6,2,82,ssa02_74730_T_A,74730
blk6,2,83,ssa02_76023_C_G,76023
blk6,2,84,ssa02_77594_A_T,77594
blk6,2,85,ssa02_77705_G_C,77705
blk6,2,86,ssa02_78171_T_A,78171
blk6,2,87,ssa02_78487_C_G,78487
blk6,2,88,ssa02_78854_A_T,78854
blk6,2,89,ssa02_78973_G_C,78973
blk6,2,90,ssa02_81014_T_A,81014
blk6,2,91,ssa02_81538_C_G,81538
blk6,2,92,ssa02_82310_A_T,82310
blk6,2,93,ssa02_82485_G_C,82485
blk6,2,94,ssa02_85148_T_A,85148
blk6,2,95,ssa02_85454_C_G,85454
blk6,2,96,ssa02_86780_A_T,86780
blk6,2,97,ssa02_89632_G_C,89632
blk6,2,98,ssa02_89980_T_A,89980
blk6,2,99,ssa02_90334_C_G,90334
blk6,2,100,ssa02_91945_A_T,91945
blk6,2,101,ssa02_92901_G_C,92901
blk6,2,102,ssa02_92997_T_A,92997
blk6,2,103,ssa02_94151_C_G,94151
blk6,2,104,ssa02_94391_A_T,94391
blk6,2,105,ssa02_94861_G_C,94861
blk6,2,106,ssa02_98982_T_A,98982
blk6,2,107,ssa02_100283_C_G,100283
blk7,2,108,ssa02_101709_A_T,101709
blk7,2,109,ssa02_102358_G_C,102358
blk7,2,110,ssa02_102442_T_A,102442
blk7,2,111,ssa02_102565_C_G,102565
blk7,2,112,ssa02_103811_A_T,103811
blk7,2,113,ssa02_107237_G_C,107237
blk7,2,114,ssa02_109284_T_A,109284
blk7,2,115,ssa02_109967_C_G,109967
blk7,2,116,ssa02_110173_A_T,110173
blk7,2,117,ssa02_110623_G_C,110623
blk7,2,118,ssa02_111207_T_A,111207
blk7,2,119,ssa02_113561_C_G,113561
blk7,2,120,ssa02_114231_A_T,114231
blk7,2,121,ssa02_114706_G_C,114706
blk7,2,122,ssa02_116887_T_A,116887
blk7,2,123,ssa02_117384_C_G,117384
blk7,2,124,ssa02_118402_A_T,118402
blk7,2,125,ssa02_120599_G_C,120599
blk7,2,126,ssa02_121520_T_A,121520
blk7,2,127,ssa02_125320_C_G,125320
blk7,2,128,ssa02_128890_A_T,128890
blk7,2,129,ssa02_128960_G_C,128960
blk7,2,130,ssa02_130543_T_A,130543
blk7,2,131,ssa02_131948_C_G,131948
blk7,2,132,ssa02_132383_A_T,132383
blk7,2,133,ssa02_132703_G_C,132703
blk7,2,134,ssa02_133413_T_A,133413
blk7,2,135,ssa02_133698_C_G,133698
blk7,2,136,ssa02_133836_A_T,133836
blk7,2,137,ssa02_134785_G_C,134785
blk7,2,138,ssa02_135362_T_A,135362
blk7,2,139,ssa02_135816_C_G,135816
blk7,2,140,ssa02_136180_A_T,136180
blk7,2,141,ssa02_136376_G_C,136376
blk7,2,142,ssa02_136584_T_A,136584
blk7,2,143,ssa02_136604_C_G,136604
blk7,2,144,ssa02_138540_A_T,138540
blk7,2,145,ssa02_141763_G_C,141763
blk7,2,146,ssa02_143153_T_A,143153
blk7,2,147,ssa02_144422_C_G,144422
blk7,2,148,ssa02_144791_A_T,144791
blk7,2,149,ssa02_145547_G_C,145547
blk7,2,150,ssa02_148750_T_A,148750
blk7,2,151,ssa02_152559_C_G,152559
blk7,2,152,ssa02_152590_A_T,152590
blk7,2,153,ssa02_153238_G_C,153238
blk7,2,154,ssa02_153240_T_A,153240
blk7,2,155,ssa02_153716_C_G,153716
blk7,2,156,ssa02_153745_A_T,153745
blk7,2,157,ssa02_154058_G_C,154058
blk7,2,158,ssa02_155615_T_A,155615
blk7,2,159,ssa02_156294_C_G,156294
blk7,2,160,ssa02_157745_A_T,157745
blk7,2,161,ssa02_157759_G_C,157759
blk7,2,162,ssa02_159555_T_A,159555
blk7,2,163,ssa02_159907_C_G,159907
blk7,2,164,ssa02_161433_A_T,161433
blk7,2,165,ssa02_162100_G_C,162100
blk7,2,166,ssa02_165972_T_A,165972
blk7,2,167,ssa02_166217_C_G,166217
blk7,2,168,ssa02_168657_A_T,168657
blk7,2,169,ssa02_168972_G_C,168972
blk7,2,170,ssa02_169566_T_A,169566
blk7,2,171,ssa02_169862_C_G,169862
blk7,2,172,ssa02_170881_A_T,170881
blk7,2,173,ssa02_170921_G_C,170921
blk7,2,174,ssa02_174612_T_A,174612
blk7,2,175,ssa02_176047_C_G,176047
blk7,2,176,ssa02_176210_A_T,176210
blk7,2,177,ssa02_177166_G_C,177166
blk7,2,178,ssa02_177331_T_A,177331
blk7,2,179,ssa02_177918_C_G,177918
blk7,2,180,ssa02_179508_A_T,179508
blk7,2,181,ssa02_180188_G_C,180188
blk7,2,182,ssa02_180231_T_A,180231
blk7,2,183,ssa02_183106_C_G,183106
blk7,2,184,ssa02_183585_A_T,183585
blk7,2,185,ssa02_183867_G_C,183867
blk7,2,186,ssa02_184805_T_A,184805
blk7,2,187,ssa02_187224_C_G,187224
blk7,2,188,ssa02_187765_A_T,187765
blk7,2,189,ssa02_189361_G_C,189361
blk7,2,190,ssa02_191208_T_A,191208
blk7,2,191,ssa02_193492_C_G,193492
blk7,2,192,ssa02_194449_A_T,194449
blk7,2,193,ssa02_194770_G_C,194770
blk7,2,194,ssa02_194901_T_A,194901
blk7,2,195,ssa02_195855_C_G,195855
blk7,2,196,ssa02_196596_A_T,196596
blk7,2,197,ssa02_197257_G_C,197257
blk7,2,198,ssa02_197708_T_A,197708
blk7,2,199,ssa02_197981_C_G,197981
blk7,2,200,ssa02_200582_A_T,200582
blk7,2,201,ssa02_200755_G_C,200755
blk7,2,202,ssa02_201226_T_A,201226
blk8,2,203,ssa02_201597_C_G,201597
blk8,2,204,ssa02_204050_A_T,204050
blk8,2,205,ssa02_204185_G_C,204185
blk8,2,206,ssa02_206240_T_A,206240
blk8,2,207,ssa02_206659_C_G,206659
blk8,2,208,ssa02_206969_A_T,206969
blk8,2,209,ssa02_207218_G_C,207218
blk8,2,210,ssa02_209075_T_A,209075
blk8,2,211,ssa02_209270_C_G,209270
blk8,2,212,ssa02_212383_A_T,212383
blk8,2,213,ssa02_212552_G_C,212552
blk8,2,214,ssa02_213704_T_A,213704
blk8,2,215,ssa02_214122_C_G,214122
blk8,2,216,ssa02_214674_A_T,214674
blk8,2,217,ssa02_215318_G_C,215318
blk8,2,218,ssa02_215735_T_A,215735
blk8,2,219,ssa02_215977_C_G,215977
blk8,2,220,ssa02_217596_A_T,217596
blk8,2,221,ssa02_217740_G_C,217740
blk8,2,222,ssa02_220049_T_A,220049
blk8,2,223,ssa02_220065_C_G,220065
blk8,2,224,ssa02_220636_A_T,220636
blk8,2,225,ssa02_221498_G_C,221498
blk8,2,226,ssa02_222669_T_A,222669
blk8,2,227,ssa02_224358_C_G,224358
blk8,2,228,ssa02_224977_A_T,224977
blk8,2,229,ssa02_227264_G_C,227264
blk8,2,230,ssa02_227506_T_A,227506
blk8,2,231,ssa02_227516_C_G,227516
blk8,2,232,ssa02_228335_A_T,228335
blk8,2,233,ssa02_229481_G_C,229481
blk8,2,234,ssa02_230159_T_A,230159
blk8,2,235,ssa02_233856_C_G,233856
blk8,2,236,ssa02_235060_A_T,235060
blk8,2,237,ssa02_236580_G_C,236580
blk8,2,238,ssa02_236678_T_A,236678
blk8,2,239,ssa02_236822_C_G,236822
blk8,2,240,ssa02_241657_A_T,241657
blk8,2,241,ssa02_241882_G_C,241882
blk8,2,242,ssa02_242640_T_A,242640
blk8,2,243,ssa02_243187_C_G,243187
blk8,2,244,ssa02_243910_A_T,243910
blk8,2,245,ssa02_245371_G_C,245371
blk8,2,246,ssa02_245739_T_A,245739
blk8,2,247,ssa02_246019_C_G,246019
blk8,2,248,ssa02_247233_A_T,247233
blk8,2,249,ssa02_247411_G_C,247411
blk8,2,250,ssa02_249583_T_A,249583
blk8,2,251,ssa02_250393_C_G,250393
blk8,2,252,ssa02_251092_A_T,251092
blk8,2,253,ssa02_251454_G_C,251454
blk8,2,254,ssa02_252846_T_A,252846
blk8,2,255,ssa02_256219_C_G,256219
blk8,2,256,ssa02_257525_A_T,257525
blk8,2,257,ssa02_258890_G_C,258890
blk8,2,258,ssa02_259609_T_A,259609
blk8,2,259,ssa02_261883_C_G,261883
blk8,2,260,ssa02_262547_A_T,262547
blk8,2,261,ssa02_265296_G_C,265296
blk8,2,262,ssa02_265944_T_A,265944
blk8,2,263,ssa02_267106_C_G,267106
blk8,2,264,ssa02_268520_A_T,268520
blk8,2,265,ssa02_269720_G_C,269720
blk8,2,266,ssa02_269763_T_A,269763
blk8,2,267,ssa02_271322_C_G,271322
blk8,2,268,ssa02_272785_A_T,272785
blk8,2,269,ssa02_273672_G_C,273672
blk8,2,270,ssa02_275664_T_A,275664
blk8,2,271,ssa02_275799_C_G,275799
blk8,2,272,ssa02_277689_A_T,277689
blk8,2,273,ssa02_277842_G_C,277842
blk8,2,274,ssa02_279002_T_A,279002
blk8,2,275,ssa02_280244_C_G,280244
blk8,2,276,ssa02_281747_A_T,281747
blk8,2,277,ssa02_285985_G_C,285985
blk8,2,278,ssa02_287673_T_A,287673
blk8,2,279,ssa02_288998_C_G,288998
blk8,2,280,ssa02_289521_A_T,289521
blk8,2,281,ssa02_290851_G_C,290851
blk8,2,282,ssa02_290857_T_A,290857
blk8,2,283,ssa02_293885_C_G,293885
blk8,2,284,ssa02_295732_A_T,295732
blk8,2,285,ssa02_295859_G_C,295859
blk8,2,286,ssa02_297153_T_A,297153
blk8,2,287,ssa02_297625_C_G,297625
blk8,2,288,ssa02_297700_A_T,297700
blk8,2,289,ssa02_297892_G_C,297892
blk8,2,290,ssa02_298106_T_A,298106
blk8,2,291,ssa02_300106_C_G,300106
blk8,2,292,ssa02_300946_A_T,300946
blk8,2,293,ssa02_301232_G_C,301232
blk9,2,294,ssa02_303511_T_A,303511
blk9,2,295,ssa02_304506_C_G,304506
blk9,2,296,ssa02_305896_A_T,305896
blk9,2,297,ssa02_306154_G_C,306154
blk9,2,298,ssa02_306322_T_A,306322
blk9,2,299,ssa02_306434_C_G,306434
blk9,2,300,ssa02_306872_A_T,306872
blk9,2,301,ssa02_307265_G_C,307265
blk9,2,302,ssa02_307284_T_A,307284
blk9,2,303,ssa02_311267_C_G,311267
blk9,2,304,ssa02_312020_A_T,312020
blk9,2,305,ssa02_312511_G_C,312511
blk9,2,306,ssa02_313356_T_A,313356
blk9,2,307,ssa02_314248_C_G,314248
blk9,2,308,ssa02_315499_A_T,315499
blk9,2,309,ssa02_316064_G_C,316064
blk9,2,310,ssa02_316403_T_A,316403
blk9,2,311,ssa02_318264_C_G,318264
blk9,2,312,ssa02_318283_A_T,318283
blk9,2,313,ssa02_318597_G_C,318597
blk9,2,314,ssa02_319564_T_A,319564
blk9,2,315,ssa02_319807_C_G,319807
blk9,2,316,ssa02_319889_A_T,319889
blk9,2,317,ssa02_321410_G_C,321410
blk9,2,318,ssa02_321952_T_A,321952
blk9,2,319,ssa02_321986_C_G,321986
blk9,2,320,ssa02_322338_A_T,322338
blk9,2,321,ssa02_323941_G_C,323941
blk9,2,322,ssa02_324139_T_A,324139
blk9,2,323,ssa02_324366_C_G,324366
blk9,2,324,ssa02_327588_A_T,327588
blk9,2,325,ssa02_327912_G_C,327912
blk9,2,326,ssa02_328634_T_A,328634
blk9,2,327,ssa02_329618_C_G,329618
blk9,2,328,ssa02_330501_A_T,330501
blk9,2,329,ssa02_333964_G_C,333964
blk9,2,330,ssa02_335771_T_A,335771
blk9,2,331,ssa02_336253_C_G,336253
blk9,2,332,ssa02_337481_A_T,337481
blk9,2,333,ssa02_338353_G_C,338353
blk9,2,334,ssa02_340564_T_A,340564
blk9,2,335,ssa02_341044_C_G,341044
blk9,2,336,ssa02_341604_A_T,341604
blk9,2,337,ssa02_344362_G_C,344362
blk9,2,338,ssa02_345371_T_A,345371
blk9,2,339,ssa02_345759_C_G,345759
blk9,2,340,ssa02_346690_A_T,346690
blk9,2,341,ssa02_347499_G_C,347499
blk9,2,342,ssa02_348000_T_A,348000
blk9,2,343,ssa02_350082_C_G,350082
blk9,2,344,ssa02_350658_A_T,350658
blk9,2,345,ssa02_351402_G_C,351402
blk9,2,346,ssa02_352606_T_A,352606
blk9,2,347,ssa02_352658_C_G,352658
blk9,2,348,ssa02_352661_A_T,352661
blk9,2,349,ssa02_354552_G_C,354552
blk9,2,350,ssa02_357235_T_A,357235
blk9,2,351,ssa02_357506_C_G,357506
blk9,2,352,ssa02_357736_A_T,357736
blk9,2,353,ssa02_357973_G_C,357973
blk9,2,354,ssa02_359960_T_A,359960
blk9,2,355,ssa02_360936_C_G,360936
blk9,2,356,ssa02_361648_A_T,361648
blk9,2,357,ssa02_362167_G_C,362167
blk9,2,358,ssa02_362562_T_A,362562
blk9,2,359,ssa02_363538_C_G,363538
blk9,2,360,ssa02_363600_A_T,363600
blk9,2,361,ssa02_364666_G_C,364666
blk9,2,362,ssa02_365123_T_A,365123
blk9,2,363,ssa02_366108_C_G,366108
blk9,2,364,ssa02_366500_A_T,366500
blk9,2,365,ssa02_368549_G_C,368549
blk9,2,366,ssa02_369047_T_A,369047
blk9,2,367,ssa02_369494_C_G,369494
blk9,2,368,ssa02_369584_A_T,369584
blk9,2,369,ssa02_370724_G_C,370724
blk9,2,370,ssa02_371739_T_A,371739
blk9,2,371,ssa02_371891_C_G,371891
blk9,2,372,ssa02_372826_A_T,372826
blk9,2,373,ssa02_373965_G_C,373965
blk9,2,374,ssa02_374384_T_A,374384
blk9,2,375,ssa02_374449_C_G,374449
blk9,2,376,ssa02_375231_A_T,375231
blk9,2,377,ssa02_375480_G_C,375480
blk9,2,378,ssa02_375727_T_A,375727
blk9,2,379,ssa02_376114_C_G,376114
blk9,2,380,ssa02_377949_A_T,377949
blk9,2,381,ssa02_378298_G_C,378298
blk9,2,382,ssa02_379317_T_A,379317
blk9,2,383,ssa02_382152_C_G,382152
blk9,2,384,ssa02_383028_A_T,383028
blk9,2,385,ssa02_387839_G_C,387839
blk9,2,386,ssa02_388800_T_A,388800
blk9,2,387,ssa02_389023_C_G,389023
blk9,2,388,ssa02_390976_A_T,390976
blk9,2,389,ssa02_391273_G_C,391273
blk9,2,390,ssa02_392469_T_A,392469
blk9,2,391,ssa02_394073_C_G,394073
blk9,2,392,ssa02_394454_A_T,394454
blk9,2,393,ssa02_395070_G_C,395070
blk9,2,394,ssa02_396063_T_A,396063
blk9,2,395,ssa02_396083_C_G,396083
blk9,2,396,ssa02_396940_A_T,396940
blk9,2,397,ssa02_397203_G_C,397203
blk9,2,398,ssa02_397987_T_A,397987
blk9,2,399,ssa02_398451_C_G,398451
blk9,2,400,ssa02_398742_A_T,398742
blk9,2,401,ssa02_399373_G_C,399373
blk9,2,402,ssa02_399959_T_A,399959
blk10,2,403,ssa02_401629_C_G,401629
blk10,2,404,ssa02_401730_A_T,401730
blk10,2,405,ssa02_401920_G_C,401920
blk10,2,406,ssa02_403164_T_A,403164
blk10,2,407,ssa02_404093_C_G,404093
blk10,2,408,ssa02_404916_A_T,404916
blk10,2,409,ssa02_405235_G_C,405235
blk10,2,410,ssa02_406002_T_A,406002
blk10,2,411,ssa02_406986_C_G,406986
blk10,2,412,ssa02_407779_A_T,407779
blk10,2,413,ssa02_408552_G_C,408552
blk10,2,414,ssa02_408947_T_A,408947
blk10,2,415,ssa02_409169_C_G,409169
blk10,2,416,ssa02_410224_A_T,410224
blk10,2,417,ssa02_413128_G_C,413128
blk10,2,418,ssa02_413452_T_A,413452
blk10,2,419,ssa02_413597_C_G,413597
blk10,2,420,ssa02_414945_A_T,414945
blk10,2,421,ssa02_415948_G_C,415948
blk10,2,422,ssa02_417546_T_A,417546
blk10,2,423,ssa02_418051_C_G,418051
blk10,2,424,ssa02_420730_A_T,420730
blk10,2,425,ssa02_422953_G_C,422953
blk10,2,426,ssa02_423564_T_A,423564
blk10,2,427,ssa02_430676_C_G,430676
blk10,2,428,ssa02_432392_A_T,432392
blk10,2,429,ssa02_432650_G_C,432650
blk10,2,430,ssa02_435460_T_A,435460
blk10,2,431,ssa02_435533_C_G,435533
blk10,2,432,ssa02_437649_A_T,437649
blk10,2,433,ssa02_438086_G_C,438086
blk10,2,434,ssa02_438306_T_A,438306
blk10,2,435,ssa02_438658_C_G,438658
blk10,2,436,ssa02_438714_A_T,438714
blk10,2,437,ssa02_439018_G_C,439018
blk10,2,438,ssa02_439190_T_A,439190
blk10,2,439,ssa02_440567_C_G,440567
blk10,2,440,ssa02_441723_A_T,441723
blk10,2,441,ssa02_442751_G_C,442751
blk10,2,442,ssa02_442962_T_A,442962
blk10,2,443,ssa02_444279_C_G,444279
blk10,2,444,ssa02_444407_A_T,444407
blk10,2,445,ssa02_444427_G_C,444427
blk10,2,446,ssa02_445168_T_A,445168
blk10,2,447,ssa02_445396_C_G,445396
blk10,2,448,ssa02_446547_A_T,446547
blk10,2,449,ssa02_446988_G_C,446988
blk10,2,450,ssa02_448540_T_A,448540
blk10,2,451,ssa02_449088_C_G,449088
blk10,2,452,ssa02_449456_A_T,449456
blk10,2,453,ssa02_449752_G_C,449752
blk10,2,454,ssa02_451055_T_A,451055
blk10,2,455,ssa02_451279_C_G,451279
blk10,2,456,ssa02_451850_A_T,451850
blk10,2,457,ssa02_451953_G_C,451953
blk10,2,458,ssa02_452117_T_A,452117
blk10,2,459,ssa02_452897_C_G,452897
blk10,2,460,ssa02_453317_A_T,453317
blk10,2,461,ssa02_453697_G_C,453697
blk10,2,462,ssa02_454593_T_A,454593
blk10,2,463,ssa02_454860_C_G,454860
blk10,2,464,ssa02_456103_A_T,456103
blk10,2,465,ssa02_456742_G_C,456742
blk10,2,466,ssa02_456981_T_A,456981
blk10,2,467,ssa02_457595_C_G,457595
blk10,2,468,ssa02_458636_A_T,458636
blk10,2,469,ssa02_458902_G_C,458902
blk10,2,470,ssa02_460501_T_A,460501
blk10,2,471,ssa02_463123_C_G,463123
blk10,2,472,ssa02_463324_A_T,463324
blk10,2,473,ssa02_463336_G_C,463336
blk10,2,474,ssa02_465969_T_A,465969
blk10,2,475,ssa02_469202_C_G,469202
blk10,2,476,ssa02_472723_A_T,472723
blk10,2,477,ssa02_474182_G_C,474182
blk10,2,478,ssa02_475202_T_A,475202
blk10,2,479,ssa02_475573_C_G,475573
blk10,2,480,ssa02_476229_A_T,476229
blk10,2,481,ssa02_476373_G_C,476373
blk10,2,482,ssa02_477178_T_A,477178
blk10,2,483,ssa02_477305_C_G,477305
blk10,2,484,ssa02_479397_A_T,479397
blk10,2,485,ssa02_481347_G_C,481347
blk10,2,486,ssa02_485407_T_A,485407
blk10,2,487,ssa02_488166_C_G,488166
blk10,2,488,ssa02_488890_A_T,488890
blk10,2,489,ssa02_489923_G_C,489923
blk10,2,490,ssa02_490550_T_A,490550
blk10,2,491,ssa02_490678_C_G,490678
blk10,2,492,ssa02_491727_A_T,491727
blk10,2,493,ssa02_492450_G_C,492450
blk10,2,494,ssa02_494074_T_A,494074
blk10,2,495,ssa02_494248_C_G,494248
blk10,2,496,ssa02_494348_A_T,494348
blk10,2,497,ssa02_496303_G_C,496303
blk10,2,498,ssa02_497175_T_A,497175
blk10,2,499,ssa02_497623_C_G,497623
blk11,3,0,ssa03_1522_A_T,1522
blk11,3,1,ssa03_2436_G_C,2436
blk11,3,2,ssa03_3701_T_A,3701
blk11,3,3,ssa03_4045_C_G,4045
blk11,3,4,ssa03_9020_A_T,9020
blk11,3,5,ssa03_10561_G_C,10561
blk11,3,6,ssa03_11257_T_A,11257
blk11,3,7,ssa03_12019_C_G,12019
blk11,3,8,ssa03_12030_A_T,12030
blk11,3,9,ssa03_12697_G_C,12697
blk11,3,10,ssa03_12834_T_A,12834
blk11,3,11,ssa03_13332_C_G,13332
blk11,3,12,ssa03_13452_A_T,13452
blk11,3,13,ssa03_14189_G_C,14189
blk11,3,14,ssa03_18072_T_A,18072
blk11,3,15,ssa03_19473_C_G,19473
blk11,3,16,ssa03_20725_A_T,20725
blk11,3,17,ssa03_21314_G_C,21314
blk11,3,18,ssa03_21700_T_A,21700
blk11,3,19,ssa03_24065_C_G,24065
blk11,3,20,ssa03_26139_A_T,26139
blk11,3,21,ssa03_27715_G_C,27715
blk11,3,22,ssa03_28998_T_A,28998
blk11,3,23,ssa03_29813_C_G,29813
blk11,3,24,ssa03_30053_A_T,30053
blk11,3,25,ssa03_30814_G_C,30814
blk11,3,26,ssa03_31483_T_A,31483
blk11,3,27,ssa03_32740_C_G,32740
blk11,3,28,ssa03_33537_A_T,33537
blk11,3,29,ssa03_33725_G_C,33725
blk11,3,30,ssa03_36066_T_A,36066
blk11,3,31,ssa03_36432_C_G,36432
blk11,3,32,ssa03_37705_A_T,37705
blk11,3,33,ssa03_38682_G_C,38682
blk11,3,34,ssa03_39337_T_A,39337
blk11,3,35,ssa03_40074_C_G,40074
blk11,3,36,ssa03_40731_A_T,40731
blk11,3,37,ssa03_41766_G_C,41766
blk11,3,38,ssa03_42062_T_A,42062
blk11,3,39,ssa03_42068_C_G,42068
blk11,3,40,ssa03_42337_A_T,42337
blk11,3,41,ssa03_43047_G_C,43047
blk11,3,42,ssa03_43143_T_A,43143
blk11,3,43,ssa03_45015_C_G,45015
blk11,3,44,ssa03_46419_A_T,46419
blk11,3,45,ssa03_47418_G_C,47418
blk11,3,46,ssa03_47648_T_A,47648
blk11,3,47,ssa03_48485_C_G,48485
blk11,3,48,ssa03_48785_A_T,48785
blk11,3,49,ssa03_48951_G_C,48951
blk11,3,50,ssa03_51258_T_A,51258
blk11,3,51,ssa03_52406_C_G,52406
blk11,3,52,ssa03_52683_A_T,52683
blk11,3,53,ssa03_53004_G_C,53004
blk11,3,54,ssa03_54516_T_A,54516
blk11,3,55,ssa03_55806_C_G,55806
blk11,3,56,ssa03_59478_A_T,59478
blk11,3,57,ssa03_59762_G_C,59762
blk11,3,58,ssa03_60758_T_A,60758
blk11,3,59,ssa03_61555_C_G,61555
blk11,3,60,ssa03_61791_A_T,61791
blk11,3,61,ssa03_62549_G_C,62549
blk11,3,62,ssa03_63083_T_A,63083
blk11,3,63,ssa03_63516_C_G,63516
blk11,3,64,ssa03_63615_A_T,63615
blk11,3,65,ssa03_64627_G_C,64627
blk11,3,66,ssa03_64939_T_A,64939
blk11,3,67,ssa03_64994_C_G,64994
blk11,3,68,ssa03_65540_A_T,65540
blk11,3,69,ssa03_65580_G_C,65580
blk11,3,70,ssa03_65763_T_A,65763
blk11,3,71,ssa03_67075_C_G,67075
blk11,3,72,ssa03_67846_A_T,67846
blk11,3,73,ssa03_67954_G_C,67954
blk11,3,74,ssa03_68831_T_A,68831
blk11,3,75,ssa03_70346_C_G,70346
blk11,3,76,ssa03_71013_A_T,71013
blk11,3,77,ssa03_71918_G_C,71918
blk11,3,78,ssa03_73645_T_A,73645
blk11,3,79,ssa03_74926_C_G,74926
blk11,3,80,ssa03_75266_A_T,75266
blk11,3,81,ssa03_75370_G_C,75370
blk11,3,82,ssa03_76335_T_A,76335
blk11,3,83,ssa03_81417_C_G,81417
blk11,3,84,ssa03_81451_A_T,81451
blk11,3,85,ssa03_84664_G_C,84664
blk11,3,86,ssa03_85190_T_A,85190
blk11,3,87,ssa03_85238_C_G,85238
blk11,3,88,ssa03_88605_A_T,88605
blk11,3,89,ssa03_88763_G_C,88763
blk11,3,90,ssa03_91575_T_A,91575
blk11,3,91,ssa03_93479_C_G,93479
blk11,3,92,ssa03_93770_A_T,93770
blk11,3,93,ssa03_94019_G_C,94019
blk11,3,94,ssa03_94099_T_A,94099
blk11,3,95,ssa03_94119_C_G,94119
blk11,3,96,ssa03_94898_A_T,94898
blk11,3,97,ssa03_95618_G_C,95618
blk11,3,98,ssa03_96131_T_A,96131
blk11,3,99,ssa03_96255_C_G,96255
blk11,3,100,ssa03_96512_A_T,96512
blk11,3,101,ssa03_96595_G_C,96595
blk11,3,102,ssa03_97569_T_A,97569
blk11,3,103,ssa03_98001_C_G,98001
blk11,3,104,ssa03_98353_A_T,98353
blk11,3,105,ssa03_101046_G_C,101046
blk12,3,106,ssa03_103213_T_A,103213
blk12,3,107,ssa03_107444_C_G,107444
blk12,3,108,ssa03_109955_A_T,109955
blk12,3,109,ssa03_111065_G_C,111065
blk12,3,110,ssa03_112808_T_A,112808
blk12,3,111,ssa03_114013_C_G,114013
blk12,3,112,ssa03_114340_A_T,114340
blk12,3,113,ssa03_116747_G_C,116747
blk12,3,114,ssa03_117220_T_A,117220
blk12,3,115,ssa03_117779_C_G,117779
blk12,3,116,ssa03_119180_A_T,119180
blk12,3,117,ssa03_119212_G_C,119212
blk12,3,118,ssa03_119460_T_A,119460
blk12,3,119,ssa03_120135_C_G,120135
blk12,3,120,ssa03_120195_A_T,120195
blk12,3,121,ssa03_120620_G_C,120620
blk12,3,122,ssa03_121345_T_A,121345
blk12,3,123,ssa03_121792_C_G,121792
blk12,3,124,ssa03_122945_A_T,122945
blk12,3,125,ssa03_123075_G_C,123075
blk12,3,126,ssa03_125193_T_A,125193
blk12,3,127,ssa03_126235_C_G,126235
blk12,3,128,ssa03_128445_A_T,128445
blk12,3,129,ssa03_129890_G_C,129890
blk12,3,130,ssa03_131371_T_A,131371
blk12,3,131,ssa03_132458_C_G,132458
blk12,3,132,ssa03_133382_A_T,133382
blk12,3,133,ssa03_133782_G_C,133782
blk12,3,134,ssa03_134535_T_A,134535
blk12,3,135,ssa03_134911_C_G,134911
blk12,3,136,ssa03_136108_A_T,136108
blk12,3,137,ssa03_138645_G_C,138645
blk12,3,138,ssa03_138655_T_A,138655
blk12,3,139,ssa03_139067_C_G,139067
blk12,3,140,ssa03_139498_A_T,139498
blk12,3,141,ssa03_141433_G_C,141433
blk12,3,142,ssa03_142362_T_A,142362
blk12,3,143,ssa03_142549_C_G,142549
blk12,3,144,ssa03_144635_A_T,144635
blk12,3,145,ssa03_145220_G_C,145220
blk12,3,146,ssa03_145415_T_A,145415
blk12,3,147,ssa03_146216_C_G,146216
blk12,3,148,ssa03_147245_A_T,147245
blk12,3,149,ssa03_148256_G_C,148256
blk12,3,150,ssa03_149042_T_A,149042
blk12,3,151,ssa03_149139_C_G,149139
blk12,3,152,ssa03_150510_A_T,150510
blk12,3,153,ssa03_151098_G_C,151098
blk12,3,154,ssa03_151888_T_A,151888
blk12,3,155,ssa03_152423_C_G,152423
blk12,3,156,ssa03_152550_A_T,152550
blk12,3,157,ssa03_154729_G_C,154729
blk12,3,158,ssa03_155097_T_A,155097
blk12,3,159,ssa03_155579_C_G,155579
blk12,3,160,ssa03_155920_A_T,155920
blk12,3,161,ssa03_156947_G_C,156947
blk12,3,162,ssa03_158719_T_A,158719
blk12,3,163,ssa03_159165_C_G,159165
blk12,3,164,ssa03_161058_A_T,161058
blk12,3,165,ssa03_161059_G_C,161059
blk12,3,166,ssa03_161850_T_A,161850
blk12,3,167,ssa03_161896_C_G,161896
blk12,3,168,ssa03_162281_A_T,162281
blk12,3,169,ssa03_165909_G_C,165909
blk12,3,170,ssa03_167403_T_A,167403
blk12,3,171,ssa03_167620_C_G,167620
blk12,3,172,ssa03_167896_A_T,167896
blk12,3,173,ssa03_169587_G_C,169587
blk12,3,174,ssa03_169691_T_A,169691
blk12,3,175,ssa03_171818_C_G,171818
blk12,3,176,ssa03_172233_A_T,172233
blk12,3,177,ssa03_173832_G_C,173832
blk12,3,178,ssa03_174289_T_A,174289
blk12,3,179,ssa03_175087_C_G,175087
blk12,3,180,ssa03_176020_A_T,176020
blk12,3,181,ssa03_178549_G_C,178549
blk12,3,182,ssa03_179920_T_A,179920
blk12,3,183,ssa03_180668_C_G,180668
blk12,3,184,ssa03_182769_A_T,182769
blk12,3,185,ssa03_182908_G_C,182908
blk12,3,186,ssa03_183038_T_A,183038
blk12,3,187,ssa03_183070_C_G,183070
blk12,3,188,ssa03_185345_A_T,185345
blk12,3,189,ssa03_185792_G_C,185792
blk12,3,190,ssa03_186109_T_A,186109
blk12,3,191,ssa03_186622_C_G,186622
blk12,3,192,ssa03_187173_A_T,187173
blk12,3,193,ssa03_187561_G_C,187561
blk12,3,194,ssa03_190169_T_A,190169
blk12,3,195,ssa03_190888_C_G,190888
blk12,3,196,ssa03_191461_A_T,191461
blk12,3,197,ssa03_192771_G_C,192771
blk12,3,198,ssa03_193221_T_A,193221
blk12,3,199,ssa03_194040_C_G,194040
blk12,3,200,ssa03_194555_A_T,194555
blk12,3,201,ssa03_194916_G_C,194916
blk12,3,202,ssa03_194935_T_A,194935
blk12,3,203,ssa03_198152_C_G,198152
blk12,3,204,ssa03_199414_A_T,199414
blk12,3,205,ssa03_200132_G_C,200132
blk13,3,206,ssa03_203048_T_A,203048
blk13,3,207,ssa03_203126_C_G,203126
blk13,3,208,ssa03_204636_A_T,204636
blk13,3,209,ssa03_204752_G_C,204752
blk13,3,210,ssa03_205769_T_A,205769
blk13,3,211,ssa03_205873_C_G,205873
blk13,3,212,ssa03_206294_A_T,206294
blk13,3,213,ssa03_206633_G_C,206633
blk13,3,214,ssa03_206771_T_A,206771
blk13,3,215,ssa03_207168_C_G,207168
blk13,3,216,ssa03_208571_A_T,208571
blk13,3,217,ssa03_209649_G_C,209649
blk13,3,218,ssa03_210456_T_A,210456
blk13,3,219,ssa03_213930_C_G,213930
blk13,3,220,ssa03_214995_A_T,214995
blk13,3,221,ssa03_215518_G_C,215518
blk13,3,222,ssa03_218281_T_A,218281
blk13,3,223,ssa03_219033_C_G,219033
blk13,3,224,ssa03_219042_A_T,219042
blk13,3,225,ssa03_219873_G_C,219873
blk13,3,226,ssa03_220353_T_A,220353
blk13,3,227,ssa03_222301_C_G,222301
blk13,3,228,ssa03_223661_A_T,223661
blk13,3,229,ssa03_224264_G_C,224264
blk13,3,230,ssa03_226281_T_A,226281
blk13,3,231,ssa03_229051_C_G,229051
blk13,3,232,ssa03_229158_A_T,229158
blk13,3,233,ssa03_229507_G_C,229507
blk13,3,234,ssa03_232314_T_A,232314
blk13,3,235,ssa03_233114_C_G,233114
blk13,3,236,ssa03_233228_A_T,233228
blk13,3,237,ssa03_233956_G_C,233956
blk13,3,238,ssa03_235106_T_A,235106
blk13,3,239,ssa03_235114_C_G,235114
blk13,3,240,ssa03_235947_A_T,235947
blk13,3,241,ssa03_236663_G_C,236663
blk13,3,242,ssa03_238606_T_A,238606
blk13,3,243,ssa03_239886_C_G,239886
blk13,3,244,ssa03_241092_A_T,241092
blk13,3,245,ssa03_243436_G_C,243436
blk13,3,246,ssa03_243437_T_A,243437
blk13,3,247,ssa03_244886_C_G,244886
blk13,3,248,ssa03_246286_A_T,246286
blk13,3,249,ssa03_246767_G_C,246767
blk13,3,250,ssa03_247858_T_A,247858
blk13,3,251,ssa03_248870_C_G,248870
blk13,3,252,ssa03_250110_A_T,250110
blk13,3,253,ssa03_250188_G_C,250188
blk13,3,254,ssa03_250215_T_A,250215
blk13,3,255,ssa03_250857_C_G,250857
blk13,3,256,ssa03_251732_A_T,251732
blk13,3,257,ssa03_254402_G_C,254402
blk13,3,258,ssa03_254900_T_A,254900
blk13,3,259,ssa03_257639_C_G,257639
blk13,3,260,ssa03_258948_A_T,258948
blk13,3,261,ssa03_259689_G_C,259689
blk13,3,262,ssa03_259732_T_A,259732
blk13,3,263,ssa03_260099_C_G,260099
blk13,3,264,ssa03_260113_A_T,260113
blk13,3,265,ssa03_260595_G_C,260595
blk13,3,266,ssa03_261314_T_A,261314
blk13,3,267,ssa03_261856_C_G,261856
blk13,3,268,ssa03_264653_A_T,264653
blk13,3,269,ssa03_265757_G_C,265757
blk13,3,270,ssa03_266946_T_A,266946
blk13,3,271,ssa03_268734_C_G,268734
blk13,3,272,ssa03_269954_A_T,269954
blk13,3,273,ssa03_270710_G_C,270710
blk13,3,274,ssa03_272270_T_A,272270
blk13,3,275,ssa03_272678_C_G,272678
blk13,3,276,ssa03_273064_A_T,273064
blk13,3,277,ssa03_274627_G_C,274627
blk13,3,278,ssa03_275346_T_A,275346
blk13,3,279,ssa03_275575_C_G,275575
blk13,3,280,ssa03_276300_A_T,276300
blk13,3,281,ssa03_277380_G_C,277380
blk13,3,282,ssa03_277671_T_A,277671
blk13,3,283,ssa03_278885_C_G,278885
blk13,3,284,ssa03_281263_A_T,281263
blk13,3,285,ssa03_282341_G_C,282341
blk13,3,286,ssa03_282995_T_A,282995
blk13,3,287,ssa03_283875_C_G,283875
blk13,3,288,ssa03_284271_A_T,284271
blk13,3,289,ssa03_288525_G_C,288525
blk13,3,290,ssa03_290131_T_A,290131
blk13,3,291,ssa03_291192_C_G,291192
blk13,3,292,ssa03_291371_A_T,291371
blk13,3,293,ssa03_292629_G_C,292629
blk13,3,294,ssa03_292944_T_A,292944
blk13,3,295,ssa03_295408_C_G,295408
blk13,3,296,ssa03_296220_A_T,296220
blk13,3,297,ssa03_298177_G_C,298177
blk13,3,298,ssa03_298342_T_A,298342
blk13,3,299,ssa03_298880_C_G,298880
blk13,3,300,ssa03_300300_A_T,300300
blk13,3,301,ssa03_300681_G_C,300681
blk14,3,302,ssa03_301997_T_A,301997
blk14,3,303,ssa03_302108_C_G,302108
blk14,3,304,ssa03_304816_A_T,304816
blk14,3,305,ssa03_305861_G_C,305861
blk14,3,306,ssa03_306523_T_A,306523
blk14,3,307,ssa03_307444_C_G,307444
blk14,3,308,ssa03_307533_A_T,307533
blk14,3,309,ssa03_307885_G_C,307885
blk14,3,310,ssa03_309461_T_A,309461
blk14,3,311,ssa03_310620_C_G,310620
blk14,3,312,ssa03_312662_A_T,312662
blk14,3,313,ssa03_312869_G_C,312869
blk14,3,314,ssa03_313017_T_A,313017
blk14,3,315,ssa03_313049_C_G,313049
blk14,3,316,ssa03_313306_A_T,313306
blk14,3,317,ssa03_313731_G_C,313731
blk14,3,318,ssa03_313956_T_A,313956
blk14,3,319,ssa03_315134_C_G,315134
blk14,3,320,ssa03_315878_A_T,315878
blk14,3,321,ssa03_316485_G_C,316485
blk14,3,322,ssa03_317279_T_A,317279
blk14,3,323,ssa03_318586_C_G,318586
blk14,3,324,ssa03_320204_A_T,320204
blk14,3,325,ssa03_320899_G_C,320899
blk14,3,326,ssa03_322086_T_A,322086
blk14,3,327,ssa03_322423_C_G,322423
blk14,3,328,ssa03_323463_A_T,323463
blk14,3,329,ssa03_323755_G_C,323755
blk14,3,330,ssa03_325294_T_A,325294
blk14,3,331,ssa03_325417_C_G,325417
blk14,3,332,ssa03_326283_A_T,326283
blk14,3,333,ssa03_326384_G_C,326384
blk14,3,334,ssa03_327076_T_A,327076
blk14,3,335,ssa03_327103_C_G,327103
blk14,3,336,ssa03_327580_A_T,327580
blk14,3,337,ssa03_328143_G_C,328143
blk14,3,338,ssa03_329094_T_A,329094
blk14,3,339,ssa03_329989_C_G,329989
blk14,3,340,ssa03_331118_A_T,331118
blk14,3,341,ssa03_331819_G_C,331819
blk14,3,342,ssa03_334033_T_A,334033
blk14,3,343,ssa03_334983_C_G,334983
blk14,3,344,ssa03_335623_A_T,335623
blk14,3,345,ssa03_335739_G_C,335739
blk14,3,346,ssa03_336496_T_A,336496
blk14,3,347,ssa03_337104_C_G,337104
blk14,3,348,ssa03_337267_A_T,337267
blk14,3,349,ssa03_337699_G_C,337699
blk14,3,350,ssa03_338153_T_A,338153
blk14,3,351,ssa03_340464_C_G,340464
blk14,3,352,ssa03_341102_A_T,341102
blk14,3,353,ssa03_341920_G_C,341920
blk14,3,354,ssa03_342648_T_A,342648
blk14,3,355,ssa03_343520_C_G,343520
blk14,3,356,ssa03_346706_A_T,346706
blk14,3,357,ssa03_347859_G_C,347859
blk14,3,358,ssa03_347958_T_A,347958
blk14,3,359,ssa03_348879_C_G,348879
blk14,3,360,ssa03_349590_A_T,349590
blk14,3,361,ssa03_350953_G_C,350953
blk14,3,362,ssa03_354540_T_A,354540
blk14,3,363,ssa03_355426_C_G,355426
blk14,3,364,ssa03_355796_A_T,355796
blk14,3,365,ssa03_357034_G_C,357034
blk14,3,366,ssa03_359573_T_A,359573
blk14,3,367,ssa03_359972_C_G,359972
blk14,3,368,ssa03_360302_A_T,360302
blk14,3,369,ssa03_360565_G_C,360565
blk14,3,370,ssa03_361152_T_A,361152
blk14,3,371,ssa03_361598_C_G,361598
blk14,3,372,ssa03_361815_A_T,361815
blk14,3,373,ssa03_362664_G_C,362664
blk14,3,374,ssa03_362929_T_A,362929
blk14,3,375,ssa03_363484_C_G,363484
blk14,3,376,ssa03_365489_A_T,365489
blk14,3,377,ssa03_366306_G_C,366306
blk14,3,378,ssa03_367497_T_A,367497
blk14,3,379,ssa03_369159_C_G,369159
blk14,3,380,ssa03_369600_A_T,369600
blk14,3,381,ssa03_369689_G_C,369689
blk14,3,382,ssa03_371803_T_A,371803
blk14,3,383,ssa03_374799_C_G,374799
blk14,3,384,ssa03_375398_A_T,375398
blk14,3,385,ssa03_376171_G_C,376171
blk14,3,386,ssa03_377257_T_A,377257
blk14,3,387,ssa03_377978_C_G,377978
blk14,3,388,ssa03_378805_A_T,378805
blk14,3,389,ssa03_379219_G_C,379219
blk14,3,390,ssa03_380456_T_A,380456
blk14,3,391,ssa03_380521_C_G,380521
blk14,3,392,ssa03_382310_A_T,382310
blk14,3,393,ssa03_383635_G_C,383635
blk14,3,394,ssa03_384665_T_A,384665
blk14,3,395,ssa03_385985_C_G,385985
blk14,3,396,ssa03_386588_A_T,386588
blk14,3,397,ssa03_386630_G_C,386630
blk14,3,398,ssa03_386997_T_A,386997
blk14,3,399,ssa03_387367_C_G,387367
blk14,3,400,ssa03_388745_A_T,388745
blk14,3,401,ssa03_389825_G_C,389825
blk14,3,402,ssa03_390120_T_A,390120
blk14,3,403,ssa03_394159_C_G,394159
blk14,3,404,ssa03_395634_A_T,395634
blk14,3,405,ssa03_395845_G_C,395845
blk14,3,406,ssa03_396405_T_A,396405
blk14,3,407,ssa03_396633_C_G,396633
blk14,3,408,ssa03_397324_A_T,397324
blk14,3,409,ssa03_397412_G_C,397412
blk14,3,410,ssa03_398643_T_A,398643
blk14,3,411,ssa03_399562_C_G,399562
blk14,3,412,ssa03_400958_A_T,400958
blk15,3,413,ssa03_401633_G_C,401633
blk15,3,414,ssa03_401929_T_A,401929
blk15,3,415,ssa03_401959_C_G,401959
blk15,3,416,ssa03_402008_A_T,402008
blk15,3,417,ssa03_402058_G_C,402058
blk15,3,418,ssa03_404292_T_A,404292
blk15,3,419,ssa03_405802_C_G,405802
blk15,3,420,ssa03_408705_A_T,408705
blk15,3,421,ssa03_410374_G_C,410374
blk15,3,422,ssa03_410415_T_A,410415
blk15,3,423,ssa03_411552_C_G,411552
blk15,3,424,ssa03_412553_A_T,412553
blk15,3,425,ssa03_413750_G_C,413750
blk15,3,426,ssa03_414149_T_A,414149
blk15,3,427,ssa03_415050_C_G,415050
blk15,3,428,ssa03_415541_A_T,415541
blk15,3,429,ssa03_417485_G_C,417485
blk15,3,430,ssa03_417994_T_A,417994
blk15,3,431,ssa03_421156_C_G,421156
blk15,3,432,ssa03_426374_A_T,426374
blk15,3,433,ssa03_427386_G_C,427386
blk15,3,434,ssa03_428533_T_A,428533
blk15,3,435,ssa03_430715_C_G,430715
blk15,3,436,ssa03_431250_A_T,431250
blk15,3,437,ssa03_431589_G_C,431589
blk15,3,438,ssa03_433586_T_A,433586
blk15,3,439,ssa03_433862_C_G,433862
blk15,3,440,ssa03_434343_A_T,434343
blk15,3,441,ssa03_434990_G_C,434990
blk15,3,442,ssa03_435498_T_A,435498
blk15,3,443,ssa03_435746_C_G,435746
blk15,3,444,ssa03_436744_A_T,436744
blk15,3,445,ssa03_439048_G_C,439048
blk15,3,446,ssa03_439547_T_A,439547
blk15,3,447,ssa03_439591_C_G,439591
blk15,3,448,ssa03_439716_A_T,439716
blk15,3,449,ssa03_440897_G_C,440897
blk15,3,450,ssa03_443899_T_A,443899
blk15,3,451,ssa03_443969_C_G,443969
blk15,3,452,ssa03_444114_A_T,444114
blk15,3,453,ssa03_444326_G_C,444326
blk15,3,454,ssa03_446382_T_A,446382
blk15,3,455,ssa03_446521_C_G,446521
blk15,3,456,ssa03_448466_A_T,448466
blk15,3,457,ssa03_448540_G_C,448540
blk15,3,458,ssa03_448918_T_A,448918
blk15,3,459,ssa03_449515_C_G,449515
blk15,3,460,ssa03_449773_A_T,449773
blk15,3,461,ssa03_451060_G_C,451060
blk15,3,462,ssa03_453811_T_A,453811
blk15,3,463,ssa03_454364_C_G,454364
blk15,3,464,ssa03_455027_A_T,455027
blk15,3,465,ssa03_455230_G_C,455230
blk15,3,466,ssa03_455434_T_A,455434
blk15,3,467,ssa03_455859_C_G,455859
blk15,3,468,ssa03_456347_A_T,456347
blk15,3,469,ssa03_457681_G_C,457681
blk15,3,470,ssa03_458363_T_A,458363
blk15,3,471,ssa03_458790_C_G,458790
blk15,3,472,ssa03_459454_A_T,459454
blk15,3,473,ssa03_461022_G_C,461022
blk15,3,474,ssa03_461686_T_A,461686
blk15,3,475,ssa03_461966_C_G,461966
blk15,3,476,ssa03_462603_A_T,462603
blk15,3,477,ssa03_463533_G_C,463533
blk15,3,478,ssa03_464038_T_A,464038
blk15,3,479,ssa03_464265_C_G,464265
blk15,3,480,ssa03_465112_A_T,465112
blk15,3,481,ssa03_465419_G_C,465419
blk15,3,482,ssa03_466034_T_A,466034
blk15,3,483,ssa03_468933_C_G,468933
blk15,3,484,ssa03_469364_A_T,469364
blk15,3,485,ssa03_473314_G_C,473314
blk15,3,486,ssa03_475364_T_A,475364
blk15,3,487,ssa03_475368_C_G,475368
blk15,3,488,ssa03_477188_A_T,477188
blk15,3,489,ssa03_479656_G_C,479656
blk15,3,490,ssa03_480340_T_A,480340
blk15,3,491,ssa03_481939_C_G,481939
blk15,3,492,ssa03_483449_A_T,483449
blk15,3,493,ssa03_485897_G_C,485897
blk15,3,494,ssa03_486575_T_A,486575
blk15,3,495,ssa03_487076_C_G,487076
blk15,3,496,ssa03_489240_A_T,489240
blk15,3,497,ssa03_490638_G_C,490638
blk15,3,498,ssa03_495192_T_A,495192
blk15,3,499,ssa03_496193_C_G,496193
blk16,4,0,ssa04_1025_A_T,1025
blk16,4,1,ssa04_4084_G_C,4084
blk16,4,2,ssa04_5849_T_A,5849
blk16,4,3,ssa04_6219_C_G,6219
blk16,4,4,ssa04_6559_A_T,6559
blk16,4,5,ssa04_6686_G_C,6686
blk16,4,6,ssa04_7025_T_A,7025
blk16,4,7,ssa04_14466_C_G,14466
blk16,4,8,ssa04_15225_A_T,15225
blk16,4,9,ssa04_15359_G_C,15359
blk16,4,10,ssa04_17051_T_A,17051
blk16,4,11,ssa04_19453_C_G,19453
blk16,4,12,ssa04_19617_A_T,19617
blk16,4,13,ssa04_19851_G_C,19851
blk16,4,14,ssa04_19873_T_A,19873
blk16,4,15,ssa04_20150_C_G,20150
blk16,4,16,ssa04_21123_A_T,21123
blk16,4,17,ssa04_21692_G_C,21692
blk16,4,18,ssa04_22009_T_A,22009
blk16,4,19,ssa04_22499_C_G,22499
blk16,4,20,ssa04_23978_A_T,23978
blk16,4,21,ssa04_24112_G_C,24112
blk16,4,22,ssa04_24626_T_A,24626
blk16,4,23,ssa04_25578_C_G,25578
blk16,4,24,ssa04_28195_A_T,28195
blk16,4,25,ssa04_28382_G_C,28382
blk16,4,26,ssa04_28574_T_A,28574
blk16,4,27,ssa04_30394_C_G,30394
blk16,4,28,ssa04_31150_A_T,31150
blk16,4,29,ssa04_31289_G_C,31289
blk16,4,30,ssa04_32084_T_A,32084
blk16,4,31,ssa04_36820_C_G,36820
blk16,4,32,ssa04_37128_A_T,37128
blk16,4,33,ssa04_37650_G_C,37650
blk16,4,34,ssa04_37912_T_A,37912
blk16,4,35,ssa04_38874_C_G,38874
blk16,4,36,ssa04_39738_A_T,39738
blk16,4,37,ssa04_40347_G_C,40347
blk16,4,38,ssa04_40501_T_A,40501
blk16,4,39,ssa04_40736_C_G,40736
blk16,4,40,ssa04_44330_A_T,44330
blk16,4,41,ssa04_44351_G_C,44351
blk16,4,42,ssa04_44722_T_A,44722
blk16,4,43,ssa04_45999_C_G,45999
blk16,4,44,ssa04_46007_A_T,46007
blk16,4,45,ssa04_46052_G_C,46052
blk16,4,46,ssa04_46075_T_A,46075
blk16,4,47,ssa04_46135_C_G,46135
blk16,4,48,ssa04_46169_A_T,46169
blk16,4,49,ssa04_46876_G_C,46876
blk16,4,50,ssa04_47771_T_A,47771
blk16,4,51,ssa04_49527_C_G,49527
blk16,4,52,ssa04_50593_A_T,50593
blk16,4,53,ssa04_52545_G_C,52545
blk16,4,54,ssa04_53383_T_A,53383
blk16,4,55,ssa04_54148_C_G,54148
blk16,4,56,ssa04_55217_A_T,55217
blk16,4,57,ssa04_55724_G_C,55724
blk16,4,58,ssa04_55808_T_A,55808
blk16,4,59,ssa04_56363_C_G,56363
blk16,4,60,ssa04_57845_A_T,57845
blk16,4,61,ssa04_58260_G_C,58260
blk16,4,62,ssa04_60381_T_A,60381
blk16,4,63,ssa04_60617_C_G,60617
blk16,4,64,ssa04_62069_A_T,62069
blk16,4,65,ssa04_62133_G_C,62133
blk16,4,66,ssa04_62203_T_A,62203
blk16,4,67,ssa04_62472_C_G,62472
blk16,4,68,ssa04_62523_A_T,62523
blk16,4,69,ssa04_62547_G_C,62547
blk16,4,70,ssa04_62884_T_A,62884
blk16,4,71,ssa04_64893_C_G,64893
blk16,4,72,ssa04_65504_A_T,65504
blk16,4,73,ssa04_66477_G_C,66477
blk16,4,74,ssa04_66846_T_A,66846
blk16,4,75,ssa04_68339_C_G,68339
blk16,4,76,ssa04_70976_A_T,70976
blk16,4,77,ssa04_71487_G_C,71487
blk16,4,78,ssa04_72248_T_A,72248
blk16,4,79,ssa04_72659_C_G,72659
blk16,4,80,ssa04_76149_A_T,76149
blk16,4,81,ssa04_76628_G_C,76628
blk16,4,82,ssa04_76728_T_A,76728
blk16,4,83,ssa04_78493_C_G,78493
blk16,4,84,ssa04_78609_A_T,78609
blk16,4,85,ssa04_79531_G_C,79531
blk16,4,86,ssa04_80694_T_A,80694
blk16,4,87,ssa04_81829_C_G,81829
blk16,4,88,ssa04_83926_A_T,83926
blk16,4,89,ssa04_84555_G_C,84555
blk16,4,90,ssa04_86205_T_A,86205
blk16,4,91,ssa04_86791_C_G,86791
blk16,4,92,ssa04_87230_A_T,87230
blk16,4,93,ssa04_87928_G_C,87928
blk16,4,94,ssa04_88201_T_A,88201
blk16,4,95,ssa04_88268_C_G,88268
blk16,4,96,ssa04_88478_A_T,88478
blk16,4,97,ssa04_89748_G_C,89748
blk16,4,98,ssa04_91094_T_A,91094
blk16,4,99,ssa04_92510_C_G,92510
blk16,4,100,ssa04_93061_A_T,93061
blk16,4,101,ssa04_93315_G_C,93315
blk16,4,102,ssa04_94471_T_A,94471
blk16,4,103,ssa04_95116_C_G,95116
blk16,4,104,ssa04_95274_A_T,95274
blk16,4,105,ssa04_95967_G_C,95967
blk16,4,106,ssa04_96326_T_A,96326
blk16,4,107,ssa04_98136_C_G,98136
blk16,4,108,ssa04_98588_A_T,98588
blk16,4,109,ssa04_98965_G_C,98965
blk16,4,110,ssa04_100824_T_A,100824
blk17,4,111,ssa04_102215_C_G,102215
blk17,4,112,ssa04_102634_A_T,102634
blk17,4,113,ssa04_103637_G_C,103637
blk17,4,114,ssa04_105012_T_A,105012
blk17,4,115,ssa04_105259_C_G,105259
blk17,4,116,ssa04_106250_A_T,106250
blk17,4,117,ssa04_106860_G_C,106860
blk17,4,118,ssa04_107466_T_A,107466
blk17,4,119,ssa04_108354_C_G,108354
blk17,4,120,ssa04_108667_A_T,108667
blk17,4,121,ssa04_109044_G_C,109044
blk17,4,122,ssa04_110468_T_A,110468
blk17,4,123,ssa04_111979_C_G,111979
blk17,4,124,ssa04_112112_A_T,112112
blk17,4,125,ssa04_113059_G_C,113059
blk17,4,126,ssa04_113794_T_A,113794
blk17,4,127,ssa04_113923_C_G,113923
blk17,4,128,ssa04_114056_A_T,114056
blk17,4,129,ssa04_114738_G_C,114738
blk17,4,130,ssa04_114951_T_A,114951
blk17,4,131,ssa04_117895_C_G,117895
blk17,4,132,ssa04_118446_A_T,118446
blk17,4,133,ssa04_119692_G_C,119692
blk17,4,134,ssa04_124425_T_A,124425
blk17,4,135,ssa04_124465_C_G,124465
blk17,4,136,ssa04_126565_A_T,126565
blk17,4,137,ssa04_126587_G_C,126587
blk17,4,138,ssa04_127054_T_A,127054
blk17,4,139,ssa04_127632_C_G,127632
blk17,4,140,ssa04_128059_A_T,128059
blk17,4,141,ssa04_130104_G_C,130104
blk17,4,142,ssa04_136220_T_A,136220
blk17,4,143,ssa04_139050_C_G,139050
blk17,4,144,ssa04_139264_A_T,139264
blk17,4,145,ssa04_139381_G_C,139381
blk17,4,146,ssa04_140529_T_A,140529
blk17,4,147,ssa04_141222_C_G,141222
blk17,4,148,ssa04_143935_A_T,143935
blk17,4,149,ssa04_144410_G_C,144410
blk17,4,150,ssa04_146264_T_A,146264
blk17,4,151,ssa04_146910_C_G,146910
blk17,4,152,ssa04_148629_A_T,148629
blk17,4,153,ssa04_149009_G_C,149009
blk17,4,154,ssa04_150421_T_A,150421
blk17,4,155,ssa04_153867_C_G,153867
blk17,4,156,ssa04_155066_A_T,155066
blk17,4,157,ssa04_155425_G_C,155425
blk17,4,158,ssa04_155986_T_A,155986
blk17,4,159,ssa04_157068_C_G,157068
blk17,4,160,ssa04_157917_A_T,157917
blk17,4,161,ssa04_158653_G_C,158653
blk17,4,162,ssa04_160799_T_A,160799
blk17,4,163,ssa04_165383_C_G,165383
blk17,4,164,ssa04_165611_A_T,165611
blk17,4,165,ssa04_167465_G_C,167465
blk17,4,166,ssa04_168665_T_A,168665
blk17,4,167,ssa04_169943_C_G,169943
blk17,4,168,ssa04_170208_A_T,170208
blk17,4,169,ssa04_172501_G_C,172501
blk17,4,170,ssa04_173326_T_A,173326
blk17,4,171,ssa04_173964_C_G,173964
blk17,4,172,ssa04_176710_A_T,176710
blk17,4,173,ssa04_178201_G_C,178201
blk17,4,174,ssa04_178839_T_A,178839
blk17,4,175,ssa04_180140_C_G,180140
blk17,4,176,ssa04_180753_A_T,180753
blk17,4,177,ssa04_180983_G_C,180983
blk17,4,178,ssa04_181067_T_A,181067
blk17,4,179,ssa04_181658_C_G,181658
blk17,4,180,ssa04_181878_A_T,181878
blk17,4,181,ssa04_182111_G_C,182111
blk17,4,182,ssa04_183521_T_A,183521
blk17,4,183,ssa04_183958_C_G,183958
blk17,4,184,ssa04_185367_A_T,185367
blk17,4,185,ssa04_185405_G_C,185405
blk17,4,186,ssa04_186899_T_A,186899
blk17,4,187,ssa04_186907_C_G,186907
blk17,4,188,ssa04_187159_A_T,187159
blk17,4,189,ssa04_187280_G_C,187280
blk17,4,190,ssa04_187962_T_A,187962
blk17,4,191,ssa04_188900_C_G,188900
blk17,4,192,ssa04_190979_A_T,190979
blk17,4,193,ssa04_192091_G_C,192091
blk17,4,194,ssa04_192736_T_A,192736
blk17,4,195,ssa04_193399_C_G,193399
blk17,4,196,ssa04_193404_A_T,193404
blk17,4,197,ssa04_195936_G_C,195936
blk17,4,198,ssa04_199106_T_A,199106
blk17,4,199,ssa04_199500_C_G,199500
blk17,4,200,ssa04_199709_A_T,199709
blk17,4,201,ssa04_200787_G_C,200787
blk18,4,202,ssa04_201392_T_A,201392
blk18,4,203,ssa04_201580_C_G,201580
blk18,4,204,ssa04_201585_A_T,201585
blk18,4,205,ssa04_202943_G_C,202943
blk18,4,206,ssa04_204442_T_A,204442
blk18,4,207,ssa04_205224_C_G,205224
blk18,4,208,ssa04_205732_A_T,205732
blk18,4,209,ssa04_205858_G_C,205858
blk18,4,210,ssa04_206180_T_A,206180
blk18,4,211,ssa04_206559_C_G,206559
blk18,4,212,ssa04_207234_A_T,207234
blk18,4,213,ssa04_207668_G_C,207668
blk18,4,214,ssa04_208531_T_A,208531
blk18,4,215,ssa04_209310_C_G,209310
blk18,4,216,ssa04_210026_A_T,210026
blk18,4,217,ssa04_210325_G_C,210325
blk18,4,218,ssa04_211653_T_A,211653
blk18,4,219,ssa04_211787_C_G,211787
blk18,4,220,ssa04_211884_A_T,211884
blk18,4,221,ssa04_213689_G_C,213689
blk18,4,222,ssa04_216058_T_A,216058
blk18,4,223,ssa04_216530_C_G,216530
blk18,4,224,ssa04_216561_A_T,216561
blk18,4,225,ssa04_217668_G_C,217668
blk18,4,226,ssa04_218019_T_A,218019
blk18,4,227,ssa04_220465_C_G,220465
blk18,4,228,ssa04_222591_A_T,222591
blk18,4,229,ssa04_223504_G_C,223504
blk18,4,230,ssa04_223870_T_A,223870
blk18,4,231,ssa04_224164_C_G,224164
blk18,4,232,ssa04_225442_A_T,225442
blk18,4,233,ssa04_226624_G_C,226624
blk18,4,234,ssa04_227661_T_A,227661
blk18,4,235,ssa04_230068_C_G,230068
blk18,4,236,ssa04_231498_A_T,231498
blk18,4,237,ssa04_233163_G_C,233163
blk18,4,238,ssa04_234733_T_A,234733
blk18,4,239,ssa04_235504_C_G,235504
blk18,4,240,ssa04_236219_A_T,236219
blk18,4,241,ssa04_236816_G_C,236816
blk18,4,242,ssa04_236896_T_A,236896
blk18,4,243,ssa04_238136_C_G,238136
blk18,4,244,ssa04_238852_A_T,238852
blk18,4,245,ssa04_239235_G_C,239235
blk18,4,246,ssa04_240426_T_A,240426
blk18,4,247,ssa04_240443_C_G,240443
blk18,4,248,ssa04_242129_A_T,242129
blk18,4,249,ssa04_244182_G_C,244182
blk18,4,250,ssa04_245390_T_A,245390
blk18,4,251,ssa04_245745_C_G,245745
blk18,4,252,ssa04_250638_A_T,250638
blk18,4,253,ssa04_250851_G_C,250851
blk18,4,254,ssa04_251556_T_A,251556
blk18,4,255,ssa04_251878_C_G,251878
blk18,4,256,ssa04_252894_A_T,252894
blk18,4,257,ssa04_253100_G_C,253100
blk18,4,258,ssa04_253588_T_A,253588
blk18,4,259,ssa04_253820_C_G,253820
blk18,4,260,ssa04_256824_A_T,256824
blk18,4,261,ssa04_257612_G_C,257612
blk18,4,262,ssa04_258831_T_A,258831
blk18,4,263,ssa04_259313_C_G,259313
blk18,4,264,ssa04_260093_A_T,260093
blk18,4,265,ssa04_260509_G_C,260509
blk18,4,266,ssa04_260583_T_A,260583
blk18,4,267,ssa04_261108_C_G,261108
blk18,4,268,ssa04_261204_A_T,261204
blk18,4,269,ssa04_261225_G_C,261225
blk18,4,270,ssa04_261688_T_A,261688
blk18,4,271,ssa04_262537_C_G,262537
blk18,4,272,ssa04_265263_A_T,265263
blk18,4,273,ssa04_265525_G_C,265525
blk18,4,274,ssa04_266160_T_A,266160
blk18,4,275,ssa04_268039_C_G,268039
blk18,4,276,ssa04_268663_A_T,268663
blk18,4,277,ssa04_268863_G_C,268863
blk18,4,278,ssa04_270376_T_A,270376
blk18,4,279,ssa04_271901_C_G,271901
blk18,4,280,ssa04_272638_A_T,272638
blk18,4,281,ssa04_272954_G_C,272954
blk18,4,282,ssa04_273501_T_A,273501
blk18,4,283,ssa04_274518_C_G,274518
blk18,4,284,ssa04_275071_A_T,275071
blk18,4,285,ssa04_276234_G_C,276234
blk18,4,286,ssa04_277624_T_A,277624
blk18,4,287,ssa04_278564_C_G,278564
blk18,4,288,ssa04_279422_A_T,279422
blk18,4,289,ssa04_280482_G_C,280482
blk18,4,290,ssa04_281055_T_A,281055
blk18,4,291,ssa04_281551_C_G,281551
blk18,4,292,ssa04_281700_A_T,281700
blk18,4,293,ssa04_283391_G_C,283391
blk18,4,294,ssa04_285117_T_A,285117
blk18,4,295,ssa04_285666_C_G,285666
blk18,4,296,ssa04_285675_A_T,285675
blk18,4,297,ssa04_285955_G_C,285955
blk18,4,298,ssa04_286078_T_A,286078
blk18,4,299,ssa04_286930_C_G,286930
blk18,4,300,ssa04_287723_A_T,287723
blk18,4,301,ssa04_288090_G_C,288090
blk18,4,302,ssa04_290615_T_A,290615
blk18,4,303,ssa04_290702_C_G,290702
blk18,4,304,ssa04_292906_A_T,292906
blk18,4,305,ssa04_294028_G_C,294028
blk18,4,306,ssa04_295707_T_A,295707
blk18,4,307,ssa04_296220_C_G,296220
blk18,4,308,ssa04_296300_A_T,296300
blk18,4,309,ssa04_296592_G_C,296592
blk18,4,310,ssa04_297993_T_A,297993
blk18,4,311,ssa04_298077_C_G,298077
blk19,4,312,ssa04_301275_A_T,301275
blk19,4,313,ssa04_303848_G_C,303848
blk19,4,314,ssa04_303995_T_A,303995
blk19,4,315,ssa04_304372_C_G,304372
blk19,4,316,ssa04_305394_A_T,305394
blk19,4,317,ssa04_307285_G_C,307285
blk19,4,318,ssa04_307306_T_A,307306
blk19,4,319,ssa04_307648_C_G,307648
blk19,4,320,ssa04_308772_A_T,308772
blk19,4,321,ssa04_310733_G_C,310733
blk19,4,322,ssa04_311801_T_A,311801
blk19,4,323,ssa04_312173_C_G,312173
blk19,4,324,ssa04_313223_A_T,313223
blk19,4,325,ssa04_313622_G_C,313622
blk19,4,326,ssa04_315519_T_A,315519
blk19,4,327,ssa04_317607_C_G,317607
blk19,4,328,ssa04_317976_A_T,317976
blk19,4,329,ssa04_318945_G_C,318945
blk19,4,330,ssa04_319865_T_A,319865
blk19,4,331,ssa04_322341_C_G,322341
blk19,4,332,ssa04_322661_A_T,322661
blk19,4,333,ssa04_324538_G_C,324538
blk19,4,334,ssa04_324931_T_A,324931
blk19,4,335,ssa04_326739_C_G,326739
blk19,4,336,ssa04_327200_A_T,327200
blk19,4,337,ssa04_327510_G_C,327510
blk19,4,338,ssa04_327585_T_A,327585
blk19,4,339,ssa04_330044_C_G,330044
blk19,4,340,ssa04_330979_A_T,330979
blk19,4,341,ssa04_333884_G_C,333884
blk19,4,342,ssa04_335097_T_A,335097
blk19,4,343,ssa04_335099_C_G,335099
blk19,4,344,ssa04_335241_A_T,335241
blk19,4,345,ssa04_336639_G_C,336639
blk19,4,346,ssa04_338454_T_A,338454
blk19,4,347,ssa04_339186_C_G,339186
blk19,4,348,ssa04_340633_A_T,340633
blk19,4,349,ssa04_340983_G_C,340983
blk19,4,350,ssa04_341261_T_A,341261
blk19,4,351,ssa04_343923_C_G,343923
blk19,4,352,ssa04_344731_A_T,344731
blk19,4,353,ssa04_345298_G_C,345298
blk19,4,354,ssa04_345972_T_A,345972
blk19,4,355,ssa04_346371_C_G,346371
blk19,4,356,ssa04_346391_A_T,346391
blk19,4,357,ssa04_346855_G_C,346855
blk19,4,358,ssa04_347112_T_A,347112
blk19,4,359,ssa04_347407_C_G,347407
blk19,4,360,ssa04_348852_A_T,348852
blk19,4,361,ssa04_349015_G_C,349015
blk19,4,362,ssa04_349448_T_A,349448
blk19,4,363,ssa04_350564_C_G,350564
blk19,4,364,ssa04_351354_A_T,351354
blk19,4,365,ssa04_352431_G_C,352431
blk19,4,366,ssa04_356343_T_A,356343
blk19,4,367,ssa04_358076_C_G,358076
blk19,4,368,ssa04_358181_A_T,358181
blk19,4,369,ssa04_358764_G_C,358764
blk19,4,370,ssa04_360504_T_A,360504
blk19,4,371,ssa04_363962_C_G,363962
blk19,4,372,ssa04_364161_A_T,364161
blk19,4,373,ssa04_366863_G_C,366863
blk19,4,374,ssa04_367826_T_A,367826
blk19,4,375,ssa04_368309_C_G,368309
blk19,4,376,ssa04_369128_A_T,369128
blk19,4,377,ssa04_369171_G_C,369171
blk19,4,378,ssa04_370648_T_A,370648
blk19,4,379,ssa04_373228_C_G,373228
blk19,4,380,ssa04_373930_A_T,373930
blk19,4,381,ssa04_376155_G_C,376155
blk19,4,382,ssa04_376368_T_A,376368
blk19,4,383,ssa04_376936_C_G,376936
blk19,4,384,ssa04_380887_A_T,380887
blk19,4,385,ssa04_381323_G_C,381323
blk19,4,386,ssa04_385123_T_A,385123
blk19,4,387,ssa04_385669_C_G,385669
blk19,4,388,ssa04_387052_A_T,387052
blk19,4,389,ssa04_387872_G_C,387872
blk19,4,390,ssa04_388011_T_A,388011
blk19,4,391,ssa04_388482_C_G,388482
blk19,4,392,ssa04_388864_A_T,388864
blk19,4,393,ssa04_388919_G_C,388919
blk19,4,394,ssa04_388949_T_A,388949
blk19,4,395,ssa04_389337_C_G,389337
blk19,4,396,ssa04_389598_A_T,389598
blk19,4,397,ssa04_390521_G_C,390521
blk19,4,398,ssa04_395219_T_A,395219
blk19,4,399,ssa04_396579_C_G,396579
blk19,4,400,ssa04_397362_A_T,397362
blk19,4,401,ssa04_397556_G_C,397556
blk19,4,402,ssa04_398122_T_A,398122
blk19,4,403,ssa04_398244_C_G,398244
blk19,4,404,ssa04_400281_A_T,400281
blk19,4,405,ssa04_400964_G_C,400964
blk20,4,406,ssa04_401107_T_A,401107
blk20,4,407,ssa04_402488_C_G,402488
blk20,4,408,ssa04_402721_A_T,402721
blk20,4,409,ssa04_403620_G_C,403620
blk20,4,410,ssa04_403697_T_A,403697
blk20,4,411,ssa04_405036_C_G,405036
blk20,4,412,ssa04_409238_A_T,409238
blk20,4,413,ssa04_409356_G_C,409356
blk20,4,414,ssa04_410298_T_A,410298
blk20,4,415,ssa04_411064_C_G,411064
blk20,4,416,ssa04_414059_A_T,414059
blk20,4,417,ssa04_414273_G_C,414273
blk20,4,418,ssa04_414705_T_A,414705
blk20,4,419,ssa04_414984_C_G,414984
blk20,4,420,ssa04_416837_A_T,416837
blk20,4,421,ssa04_418724_G_C,418724
blk20,4,422,ssa04_419196_T_A,419196
blk20,4,423,ssa04_419318_C_G,419318
blk20,4,424,ssa04_420397_A_T,420397
blk20,4,425,ssa04_420413_G_C,420413
blk20,4,426,ssa04_421568_T_A,421568
blk20,4,427,ssa04_422451_C_G,422451
blk20,4,428,ssa04_425474_A_T,425474
blk20,4,429,ssa04_426276_G_C,426276
blk20,4,430,ssa04_426437_T_A,426437
blk20,4,431,ssa04_427142_C_G,427142
blk20,4,432,ssa04_427458_A_T,427458
blk20,4,433,ssa04_429394_G_C,429394
blk20,4,434,ssa04_429617_T_A,429617
blk20,4,435,ssa04_429688_C_G,429688
blk20,4,436,ssa04_429885_A_T,429885
blk20,4,437,ssa04_431561_G_C,431561
blk20,4,438,ssa04_432148_T_A,432148
blk20,4,439,ssa04_432811_C_G,432811
blk20,4,440,ssa04_434896_A_T,434896
blk20,4,441,ssa04_436758_G_C,436758
blk20,4,442,ssa04_438084_T_A,438084
blk20,4,443,ssa04_438199_C_G,438199
blk20,4,444,ssa04_440377_A_T,440377
blk20,4,445,ssa04_441845_G_C,441845
blk20,4,446,ssa04_442967_T_A,442967
blk20,4,447,ssa04_443439_C_G,443439
blk20,4,448,ssa04_444274_A_T,444274
blk20,4,449,ssa04_446641_G_C,446641
blk20,4,450,ssa04_446691_T_A,446691
blk20,4,451,ssa04_447164_C_G,447164
blk20,4,452,ssa04_450857_A_T,450857
blk20,4,453,ssa04_450939_G_C,450939
blk20,4,454,ssa04_451131_T_A,451131
blk20,4,455,ssa04_452164_C_G,452164
blk20,4,456,ssa04_452258_A_T,452258
blk20,4,457,ssa04_452590_G_C,452590
blk20,4,458,ssa04_452756_T_A,452756
blk20,4,459,ssa04_452821_C_G,452821
blk20,4,460,ssa04_452969_A_T,452969
blk20,4,461,ssa04_453681_G_C,453681
blk20,4,462,ssa04_455159_T_A,455159
blk20,4,463,ssa04_455262_C_G,455262
blk20,4,464,ssa04_456017_A_T,456017
blk20,4,465,ssa04_457127_G_C,457127
blk20,4,466,ssa04_457605_T_A,457605
blk20,4,467,ssa04_458268_C_G,458268
blk20,4,468,ssa04_460256_A_T,460256
blk20,4,469,ssa04_460768_G_C,460768
blk20,4,470,ssa04_461575_T_A,461575
blk20,4,471,ssa04_464537_C_G,464537
blk20,4,472,ssa04_469975_A_T,469975
blk20,4,473,ssa04_470523_G_C,470523
blk20,4,474,ssa04_471373_T_A,471373
blk20,4,475,ssa04_472368_C_G,472368
blk20,4,476,ssa04_472648_A_T,472648
blk20,4,477,ssa04_473411_G_C,473411
blk20,4,478,ssa04_473638_T_A,473638
blk20,4,479,ssa04_475790_C_G,475790
blk20,4,480,ssa04_477346_A_T,477346
blk20,4,481,ssa04_478090_G_C,478090
blk20,4,482,ssa04_478179_T_A,478179
blk20,4,483,ssa04_478992_C_G,478992
blk20,4,484,ssa04_482164_A_T,482164
blk20,4,485,ssa04_484197_G_C,484197
blk20,4,486,ssa04_484825_T_A,484825
blk20,4,487,ssa04_485266_C_G,485266
blk20,4,488,ssa04_488263_A_T,488263
blk20,4,489,ssa04_488998_G_C,488998
blk20,4,490,ssa04_492262_T_A,492262
blk20,4,491,ssa04_493398_C_G,493398
blk20,4,492,ssa04_494534_A_T,494534
blk20,4,493,ssa04_494953_G_C,494953
blk20,4,494,ssa04_495111_T_A,495111
blk20,4,495,ssa04_495640_C_G,495640
blk20,4,496,ssa04_495783_A_T,495783
blk20,4,497,ssa04_497662_G_C,497662
blk20,4,498,ssa04_497842_T_A,497842
blk20,4,499,ssa04_497907_C_G,497907
blk21,5,0,ssa05_1488_A_T,1488
blk21,5,1,ssa05_5139_G_C,5139
blk21,5,2,ssa05_7506_T_A,7506
blk21,5,3,ssa05_9221_C_G,9221
blk21,5,4,ssa05_9641_A_T,9641
blk21,5,5,ssa05_10790_G_C,10790
blk21,5,6,ssa05_11495_T_A,11495
blk21,5,7,ssa05_13289_C_G,13289
blk21,5,8,ssa05_14408_A_T,14408
blk21,5,9,ssa05_14592_G_C,14592
blk21,5,10,ssa05_15395_T_A,15395
blk21,5,11,ssa05_18539_C_G,18539
blk21,5,12,ssa05_18818_A_T,18818
blk21,5,13,ssa05_19911_G_C,19911
blk21,5,14,ssa05_21107_T_A,21107
blk21,5,15,ssa05_24017_C_G,24017
blk21,5,16,ssa05_24549_A_T,24549
blk21,5,17,ssa05_25680_G_C,25680
blk21,5,18,ssa05_26403_T_A,26403
blk21,5,19,ssa05_26803_C_G,26803
blk21,5,20,ssa05_28492_A_T,28492
blk21,5,21,ssa05_30298_G_C,30298
blk21,5,22,ssa05_36516_T_A,36516
blk21,5,23,ssa05_36691_C_G,36691
blk21,5,24,ssa05_37692_A_T,37692
blk21,5,25,ssa05_37774_G_C,37774
blk21,5,26,ssa05_38832_T_A,38832
blk21,5,27,ssa05_39033_C_G,39033
blk21,5,28,ssa05_39907_A_T,39907
blk21,5,29,ssa05_40165_G_C,40165
blk21,5,30,ssa05_40577_T_A,40577
blk21,5,31,ssa05_40965_C_G,40965
blk21,5,32,ssa05_41442_A_T,41442
blk21,5,33,ssa05_41728_G_C,41728
blk21,5,34,ssa05_42183_T_A,42183
blk21,5,35,ssa05_43786_C_G,43786
blk21,5,36,ssa05_46419_A_T,46419
blk21,5,37,ssa05_46765_G_C,46765
blk21,5,38,ssa05_47264_T_A,47264
blk21,5,39,ssa05_48162_C_G,48162
blk21,5,40,ssa05_52258_A_T,52258
blk21,5,41,ssa05_52646_G_C,52646
blk21,5,42,ssa05_53398_T_A,53398
blk21,5,43,ssa05_55897_C_G,55897
blk21,5,44,ssa05_56732_A_T,56732
blk21,5,45,ssa05_60478_G_C,60478
blk21,5,46,ssa05_62183_T_A,62183
blk21,5,47,ssa05_63351_C_G,63351
blk21,5,48,ssa05_65703_A_T,65703
blk21,5,49,ssa05_68088_G_C,68088
blk21,5,50,ssa05_69305_T_A,69305
blk21,5,51,ssa05_70815_C_G,70815
blk21,5,52,ssa05_71817_A_T,71817
blk21,5,53,ssa05_73451_G_C,73451
blk21,5,54,ssa05_73758_T_A,73758
blk21,5,55,ssa05_77941_C_G,77941
blk21,5,56,ssa05_78764_A_T,78764
blk21,5,57,ssa05_79077_G_C,79077
blk21,5,58,ssa05_79571_T_A,79571
blk21,5,59,ssa05_80701_C_G,80701
blk21,5,60,ssa05_83315_A_T,83315
blk21,5,61,ssa05_85679_G_C,85679
blk21,5,62,ssa05_87919_T_A,87919
blk21,5,63,ssa05_88201_C_G,88201
blk21,5,64,ssa05_89716_A_T,89716
blk21,5,65,ssa05_92423_G_C,92423
blk21,5,66,ssa05_93754_T_A,93754
blk21,5,67,ssa05_94659_C_G,94659
blk21,5,68,ssa05_95739_A_T,95739
blk21,5,69,ssa05_98116_G_C,98116
blk21,5,70,ssa05_98872_T_A,98872
blk21,5,71,ssa05_99919_C_G,99919
blk21,5,72,ssa05_100739_A_T,100739
blk21,5,73,ssa05_101182_G_C,101182
blk22,5,74,ssa05_101559_T_A,101559
blk22,5,75,ssa05_102227_C_G,102227
blk22,5,76,ssa05_102475_A_T,102475
blk22,5,77,ssa05_103149_G_C,103149
blk22,5,78,ssa05_103428_T_A,103428
blk22,5,79,ssa05_104467_C_G,104467
blk22,5,80,ssa05_105367_A_T,105367
blk22,5,81,ssa05_105509_G_C,105509
blk22,5,82,ssa05_106473_T_A,106473
blk22,5,83,ssa05_107020_C_G,107020
blk22,5,84,ssa05_107060_A_T,107060
blk22,5,85,ssa05_107557_G_C,107557
blk22,5,86,ssa05_108125_T_A,108125
blk22,5,87,ssa05_111171_C_G,111171
blk22,5,88,ssa05_112631_A_T,112631
blk22,5,89,ssa05_113629_G_C,113629
blk22,5,90,ssa05_115379_T_A,115379
blk22,5,91,ssa05_115395_C_G,115395
blk22,5,92,ssa05_116631_A_T,116631
blk22,5,93,ssa05_117968_G_C,117968
blk22,5,94,ssa05_118223_T_A,118223
blk22,5,95,ssa05_118412_C_G,118412
blk22,5,96,ssa05_118475_A_T,118475
blk22,5,97,ssa05_118558_G_C,118558
blk22,5,98,ssa05_120115_T_A,120115
blk22,5,99,ssa05_120264_C_G,120264
blk22,5,100,ssa05_120326_A_T,120326
blk22,5,101,ssa05_120604_G_C,120604
blk22,5,102,ssa05_120872_T_A,120872
blk22,5,103,ssa05_121655_C_G,121655
blk22,5,104,ssa05_123737_A_T,123737
blk22,5,105,ssa05_124505_G_C,124505
blk22,5,106,ssa05_124973_T_A,124973
blk22,5,107,ssa05_126009_C_G,126009
blk22,5,108,ssa05_126778_A_T,126778
blk22,5,109,ssa05_126781_G_C,126781
blk22,5,110,ssa05_126823_T_A,126823
blk22,5,111,ssa05_127794_C_G,127794
blk22,5,112,ssa05_129139_A_T,129139
blk22,5,113,ssa05_129839_G_C,129839
blk22,5,114,ssa05_130166_T_A,130166
blk22,5,115,ssa05_131327_C_G,131327
blk22,5,116,ssa05_132154_A_T,132154
blk22,5,117,ssa05_132668_G_C,132668
blk22,5,118,ssa05_134415_T_A,134415
blk22,5,119,ssa05_134506_C_G,134506
blk22,5,120,ssa05_135597_A_T,135597
blk22,5,121,ssa05_137022_G_C,137022
blk22,5,122,ssa05_137644_T_A,137644
blk22,5,123,ssa05_140203_C_G,140203
blk22,5,124,ssa05_140739_A_T,140739
blk22,5,125,ssa05_140824_G_C,140824
blk22,5,126,ssa05_141971_T_A,141971
blk22,5,127,ssa05_142743_C_G,142743
blk22,5,128,ssa05_142772_A_T,142772
blk22,5,129,ssa05_145897_G_C,145897
blk22,5,130,ssa05_149228_T_A,149228
blk22,5,131,ssa05_151223_C_G,151223
blk22,5,132,ssa05_151501_A_T,151501
blk22,5,133,ssa05_152504_G_C,152504
blk22,5,134,ssa05_154017_T_A,154017
blk22,5,135,ssa05_155030_C_G,155030
blk22,5,136,ssa05_158037_A_T,158037
blk22,5,137,ssa05_158156_G_C,158156
blk22,5,138,ssa05_158736_T_A,158736
blk22,5,139,ssa05_159269_C_G,159269
blk22,5,140,ssa05_159685_A_T,159685
blk22,5,141,ssa05_159711_G_C,159711
blk22,5,142,ssa05_160111_T_A,160111
blk22,5,143,ssa05_160344_C_G,160344
blk22,5,144,ssa05_160553_A_T,160553
blk22,5,145,ssa05_160695_G_C,160695
blk22,5,146,ssa05_160776_T_A,160776
blk22,5,147,ssa05_161133_C_G,161133
blk22,5,148,ssa05_161930_A_T,161930
blk22,5,149,ssa05_162068_G_C,162068
blk22,5,150,ssa05_162582_T_A,162582
blk22,5,151,ssa05_162860_C_G,162860
blk22,5,152,ssa05_163485_A_T,163485
blk22,5,153,ssa05_165161_G_C,165161
blk22,5,154,ssa05_165179_T_A,165179
blk22,5,155,ssa05_166559_C_G,166559
blk22,5,156,ssa05_167034_A_T,167034
blk22,5,157,ssa05_170625_G_C,170625
blk22,5,158,ssa05_171390_T_A,171390
blk22,5,159,ssa05_172238_C_G,172238
blk22,5,160,ssa05_173404_A_T,173404
blk22,5,161,ssa05_173871_G_C,173871
blk22,5,162,ssa05_174426_T_A,174426
blk22,5,163,ssa05_175462_C_G,175462
blk22,5,164,ssa05_176200_A_T,176200
blk22,5,165,ssa05_176310_G_C,176310
blk22,5,166,ssa05_179234_T_A,179234
blk22,5,167,ssa05_181249_C_G,181249
blk22,5,168,ssa05_183230_A_T,183230
blk22,5,169,ssa05_186179_G_C,186179
blk22,5,170,ssa05_186539_T_A,186539
blk22,5,171,ssa05_190686_C_G,190686
blk22,5,172,ssa05_191007_A_T,191007
blk22,5,173,ssa05_191267_G_C,191267
blk22,5,174,ssa05_191968_T_A,191968
blk22,5,175,ssa05_193581_C_G,193581
blk22,5,176,ssa05_193998_A_T,193998
blk22,5,177,ssa05_194576_G_C,194576
blk22,5,178,ssa05_195677_T_A,195677
blk22,5,179,ssa05_195817_C_G,195817
blk22,5,180,ssa05_196412_A_T,196412
blk22,5,181,ssa05_196525_G_C,196525
blk22,5,182,ssa05_196527_T_A,196527
blk22,5,183,ssa05_197157_C_G,197157
blk22,5,184,ssa05_197188_A_T,197188
blk22,5,185,ssa05_199399_G_C,199399
blk22,5,186,ssa05_200908_T_A,200908
blk22,5,187,ssa05_201412_C_G,201412
blk23,5,188,ssa05_201528_A_T,201528
blk23,5,189,ssa05_203897_G_C,203897
blk23,5,190,ssa05_203922_T_A,203922
blk23,5,191,ssa05_205697_C_G,205697
blk23,5,192,ssa05_206894_A_T,206894
blk23,5,193,ssa05_207348_G_C,207348
blk23,5,194,ssa05_207470_T_A,207470
blk23,5,195,ssa05_208017_C_G,208017
blk23,5,196,ssa05_208694_A_T,208694
blk23,5,197,ssa05_208925_G_C,208925
blk23,5,198,ssa05_210677_T_A,210677
blk23,5,199,ssa05_210916_C_G,210916
blk23,5,200,ssa05_211452_A_T,211452
blk23,5,201,ssa05_211898_G_C,211898
blk23,5,202,ssa05_212245_T_A,212245
blk23,5,203,ssa05_212381_C_G,212381
blk23,5,204,ssa05_212487_A_T,212487
blk23,5,205,ssa05_213904_G_C,213904
blk23,5,206,ssa05_214757_T_A,214757
blk23,5,207,ssa05_215098_C_G,215098
blk23,5,208,ssa05_215314_A_T,215314
blk23,5,209,ssa05_215671_G_C,215671
blk23,5,210,ssa05_215857_T_A,215857
blk23,5,211,ssa05_216291_C_G,216291
blk23,5,212,ssa05_216388_A_T,216388
blk23,5,213,ssa05_217091_G_C,217091
blk23,5,214,ssa05_217563_T_A,217563
blk23,5,215,ssa05_217875_C_G,217875
blk23,5,216,ssa05_218050_A_T,218050
blk23,5,217,ssa05_219703_G_C,219703
blk23,5,218,ssa05_220004_T_A,220004
blk23,5,219,ssa05_223396_C_G,223396
blk23,5,220,ssa05_224088_A_T,224088
blk23,5,221,ssa05_225015_G_C,225015
blk23,5,222,ssa05_227146_T_A,227146
blk23,5,223,ssa05_227293_C_G,227293
blk23,5,224,ssa05_228688_A_T,228688
blk23,5,225,ssa05_229541_G_C,229541
blk23,5,226,ssa05_230041_T_A,230041
blk23,5,227,ssa05_230244_C_G,230244
blk23,5,228,ssa05_231046_A_T,231046
blk23,5,229,ssa05_231605_G_C,231605
blk23,5,230,ssa05_233052_T_A,233052
blk23,5,231,ssa05_233284_C_G,233284
blk23,5,232,ssa05_233691_A_T,233691
blk23,5,233,ssa05_234370_G_C,234370
blk23,5,234,ssa05_236311_T_A,236311
blk23,5,235,ssa05_238322_C_G,238322
blk23,5,236,ssa05_239044_A_T,239044
blk23,5,237,ssa05_239775_G_C,239775
blk23,5,238,ssa05_240905_T_A,240905
blk23,5,239,ssa05_241401_C_G,241401
blk23,5,240,ssa05_242241_A_T,242241
blk23,5,241,ssa05_243475_G_C,243475
blk23,5,242,ssa05_244765_T_A,244765
blk23,5,243,ssa05_245449_C_G,245449
blk23,5,244,ssa05_245817_A_T,245817
blk23,5,245,ssa05_246373_G_C,246373
blk23,5,246,ssa05_247443_T_A,247443
blk23,5,247,ssa05_247703_C_G,247703
blk23,5,248,ssa05_250361_A_T,250361
blk23,5,249,ssa05_251074_G_C,251074
blk23,5,250,ssa05_252296_T_A,252296
blk23,5,251,ssa05_253309_C_G,253309
blk23,5,252,ssa05_253833_A_T,253833
blk23,5,253,ssa05_254205_G_C,254205
blk23,5,254,ssa05_254501_T_A,254501
blk23,5,255,ssa05_254654_C_G,254654
blk23,5,256,ssa05_254710_A_T,254710
blk23,5,257,ssa05_256052_G_C,256052
blk23,5,258,ssa05_256931_T_A,256931
blk23,5,259,ssa05_257890_C_G,257890
blk23,5,260,ssa05_259581_A_T,259581
blk23,5,261,ssa05_259662_G_C,259662
blk23,5,262,ssa05_260454_T_A,260454
blk23,5,263,ssa05_261097_C_G,261097
blk23,5,264,ssa05_262148_A_T,262148
blk23,5,265,ssa05_262196_G_C,262196
blk23,5,266,ssa05_262763_T_A,262763
blk23,5,267,ssa05_263429_C_G,263429
blk23,5,268,ssa05_265082_A_T,265082
blk23,5,269,ssa05_265334_G_C,265334
blk23,5,270,ssa05_266035_T_A,266035
blk23,5,271,ssa05_268817_C_G,268817
blk23,5,272,ssa05_268977_A_T,268977
blk23,5,273,ssa05_271722_G_C,271722
blk23,5,274,ssa05_272055_T_A,272055
blk23,5,275,ssa05_272255_C_G,272255
blk23,5,276,ssa05_272844_A_T,272844
blk23,5,277,ssa05_272867_G_C,272867
blk23,5,278,ssa05_273235_T_A,273235
blk23,5,279,ssa05_273245_C_G,273245
blk23,5,280,ssa05_273382_A_T,273382
blk23,5,281,ssa05_277335_G_C,277335
blk23,5,282,ssa05_278032_T_A,278032
blk23,5,283,ssa05_278386_C_G,278386
blk23,5,284,ssa05_279190_A_T,279190
blk23,5,285,ssa05_280599_G_C,280599
blk23,5,286,ssa05_280896_T_A,280896
blk23,5,287,ssa05_281637_C_G,281637
blk23,5,288,ssa05_282099_A_T,282099
blk23,5,289,ssa05_284275_G_C,284275
blk23,5,290,ssa05_285169_T_A,285169
blk23,5,291,ssa05_286200_C_G,286200
blk23,5,292,ssa05_286265_A_T,286265
blk23,5,293,ssa05_286281_G_C,286281
blk23,5,294,ssa05_287762_T_A,287762
blk23,5,295,ssa05_287858_C_G,287858
blk23,5,296,ssa05_289503_A_T,289503
blk23,5,297,ssa05_289534_G_C,289534
blk23,5,298,ssa05_291169_T_A,291169
blk23,5,299,ssa05_291928_C_G,291928
blk23,5,300,ssa05_292838_A_T,292838
blk23,5,301,ssa05_293819_G_C,293819
blk23,5,302,ssa05_294023_T_A,294023
blk23,5,303,ssa05_294291_C_G,294291
blk23,5,304,ssa05_294877_A_T,294877
blk23,5,305,ssa05_295971_G_C,295971
blk23,5,306,ssa05_296199_T_A,296199
blk23,5,307,ssa05_296708_C_G,296708
blk23,5,308,ssa05_297160_A_T,297160
blk23,5,309,ssa05_297225_G_C,297225
blk23,5,310,ssa05_297886_T_A,297886
blk23,5,311,ssa05_298479_C_G,298479
blk23,5,312,ssa05_299276_A_T,299276
blk23,5,313,ssa05_299330_G_C,299330
blk23,5,314,ssa05_299809_T_A,299809
blk23,5,315,ssa05_300159_C_G,300159
blk23,5,316,ssa05_301095_A_T,301095
blk23,5,317,ssa05_301226_G_C,301226
blk24,5,318,ssa05_302263_T_A,302263
blk24,5,319,ssa05_304002_C_G,304002
blk24,5,320,ssa05_307512_A_T,307512
blk24,5,321,ssa05_308461_G_C,308461
blk24,5,322,ssa05_309274_T_A,309274
blk24,5,323,ssa05_309298_C_G,309298
blk24,5,324,ssa05_310558_A_T,310558
blk24,5,325,ssa05_313278_G_C,313278
blk24,5,326,ssa05_313443_T_A,313443
blk24,5,327,ssa05_314381_C_G,314381
blk24,5,328,ssa05_316262_A_T,316262
blk24,5,329,ssa05_317069_G_C,317069
blk24,5,330,ssa05_319066_T_A,319066
blk24,5,331,ssa05_320272_C_G,320272
blk24,5,332,ssa05_321270_A_T,321270
blk24,5,333,ssa05_322025_G_C,322025
blk24,5,334,ssa05_323226_T_A,323226
blk24,5,335,ssa05_323377_C_G,323377
blk24,5,336,ssa05_326648_A_T,326648
blk24,5,337,ssa05_327295_G_C,327295
blk24,5,338,ssa05_328084_T_A,328084
blk24,5,339,ssa05_328952_C_G,328952
blk24,5,340,ssa05_329369_A_T,329369
blk24,5,341,ssa05_329437_G_C,329437
blk24,5,342,ssa05_330231_T_A,330231
blk24,5,343,ssa05_330681_C_G,330681
blk24,5,344,ssa05_330752_A_T,330752
blk24,5,345,ssa05_333531_G_C,333531
blk24,5,346,ssa05_333827_T_A,333827
blk24,5,347,ssa05_333836_C_G,333836
blk24,5,348,ssa05_333842_A_T,333842
blk24,5,349,ssa05_333859_G_C,333859
blk24,5,350,ssa05_334637_T_A,334637
blk24,5,351,ssa05_334747_C_G,334747
blk24,5,352,ssa05_336095_A_T,336095
blk24,5,353,ssa05_336593_G_C,336593
blk24,5,354,ssa05_339948_T_A,339948
blk24,5,355,ssa05_342667_C_G,342667
blk24,5,356,ssa05_345910_A_T,345910
blk24,5,357,ssa05_348397_G_C,348397
blk24,5,358,ssa05_349347_T_A,349347
blk24,5,359,ssa05_350053_C_G,350053
blk24,5,360,ssa05_352947_A_T,352947
blk24,5,361,ssa05_353810_G_C,353810
blk24,5,362,ssa05_355744_T_A,355744
blk24,5,363,ssa05_357031_C_G,357031
blk24,5,364,ssa05_357535_A_T,357535
blk24,5,365,ssa05_359397_G_C,359397
blk24,5,366,ssa05_360471_T_A,360471
blk24,5,367,ssa05_360993_C_G,360993
blk24,5,368,ssa05_361078_A_T,361078
blk24,5,369,ssa05_361347_G_C,361347
blk24,5,370,ssa05_362461_T_A,362461
blk24,5,371,ssa05_364530_C_G,364530
blk24,5,372,ssa05_365643_A_T,365643
blk24,5,373,ssa05_368479_G_C,368479
blk24,5,374,ssa05_369898_T_A,369898
blk24,5,375,ssa05_370149_C_G,370149
blk24,5,376,ssa05_370869_A_T,370869
blk24,5,377,ssa05_371682_G_C,371682
blk24,5,378,ssa05_373569_T_A,373569
blk24,5,379,ssa05_374006_C_G,374006
blk24,5,380,ssa05_376096_A_T,376096
blk24,5,381,ssa05_376115_G_C,376115
blk24,5,382,ssa05_376429_T_A,376429
blk24,5,383,ssa05_377749_C_G,377749
blk24,5,384,ssa05_378389_A_T,378389
blk24,5,385,ssa05_378455_G_C,378455
blk24,5,386,ssa05_379424_T_A,379424
blk24,5,387,ssa05_379931_C_G,379931
blk24,5,388,ssa05_380316_A_T,380316
blk24,5,389,ssa05_380385_G_C,380385
blk24,5,390,ssa05_381833_T_A,381833
blk24,5,391,ssa05_381936_C_G,381936
blk24,5,392,ssa05_386256_A_T,386256
blk24,5,393,ssa05_387801_G_C,387801
blk24,5,394,ssa05_388513_T_A,388513
blk24,5,395,ssa05_389109_C_G,389109
blk24,5,396,ssa05_390310_A_T,390310
blk24,5,397,ssa05_392437_G_C,392437
blk24,5,398,ssa05_394150_T_A,394150
blk24,5,399,ssa05_395852_C_G,395852
blk24,5,400,ssa05_396140_A_T,396140
blk24,5,401,ssa05_396556_G_C,396556
blk24,5,402,ssa05_397134_T_A,397134
blk24,5,403,ssa05_398241_C_G,398241
blk24,5,404,ssa05_399080_A_T,399080
blk25,5,405,ssa05_401640_G_C,401640
blk25,5,406,ssa05_403745_T_A,403745
blk25,5,407,ssa05_404038_C_G,404038
blk25,5,408,ssa05_404186_A_T,404186
blk25,5,409,ssa05_404360_G_C,404360
blk25,5,410,ssa05_404918_T_A,404918
blk25,5,411,ssa05_405138_C_G,405138
blk25,5,412,ssa05_405157_A_T,405157
blk25,5,413,ssa05_406616_G_C,406616
blk25,5,414,ssa05_408130_T_A,408130
blk25,5,415,ssa05_410139_C_G,410139
blk25,5,416,ssa05_411190_A_T,411190
blk25,5,417,ssa05_411645_G_C,411645
blk25,5,418,ssa05_414521_T_A,414521
blk25,5,419,ssa05_415255_C_G,415255
blk25,5,420,ssa05_415502_A_T,415502
blk25,5,421,ssa05_417380_G_C,417380
blk25,5,422,ssa05_420109_T_A,420109
blk25,5,423,ssa05_420505_C_G,420505
blk25,5,424,ssa05_420584_A_T,420584
blk25,5,425,ssa05_421281_G_C,421281
blk25,5,426,ssa05_422066_T_A,422066
blk25,5,427,ssa05_426274_C_G,426274
blk25,5,428,ssa05_428415_A_T,428415
blk25,5,429,ssa05_430013_G_C,430013
blk25,5,430,ssa05_432084_T_A,432084
blk25,5,431,ssa05_436246_C_G,436246
blk25,5,432,ssa05_436398_A_T,436398
blk25,5,433,ssa05_438865_G_C,438865
blk25,5,434,ssa05_439475_T_A,439475
blk25,5,435,ssa05_441555_C_G,441555
blk25,5,436,ssa05_442307_A_T,442307
blk25,5,437,ssa05_442441_G_C,442441
blk25,5,438,ssa05_443308_T_A,443308
blk25,5,439,ssa05_443528_C_G,443528
blk25,5,440,ssa05_444260_A_T,444260
blk25,5,441,ssa05_445069_G_C,445069
blk25,5,442,ssa05_445355_T_A,445355
blk25,5,443,ssa05_447033_C_G,447033
blk25,5,444,ssa05_447165_A_T,447165
blk25,5,445,ssa05_447535_G_C,447535
blk25,5,446,ssa05_448526_T_A,448526
blk25,5,447,ssa05_449072_C_G,449072
blk25,5,448,ssa05_449624_A_T,449624
blk25,5,449,ssa05_449739_G_C,449739
blk25,5,450,ssa05_450435_T_A,450435
blk25,5,451,ssa05_450867_C_G,450867
blk25,5,452,ssa05_451510_A_T,451510
blk25,5,453,ssa05_451655_G_C,451655
blk25,5,454,ssa05_451745_T_A,451745
blk25,5,455,ssa05_452843_C_G,452843
blk25,5,456,ssa05_454233_A_T,454233
blk25,5,457,ssa05_456154_G_C,456154
blk25,5,458,ssa05_456896_T_A,456896
blk25,5,459,ssa05_459336_C_G,459336
blk25,5,460,ssa05_460679_A_T,460679
blk25,5,461,ssa05_461259_G_C,461259
blk25,5,462,ssa05_461348_T_A,461348
blk25,5,463,ssa05_461359_C_G,461359
blk25,5,464,ssa05_461552_A_T,461552
blk25,5,465,ssa05_463395_G_C,463395
blk25,5,466,ssa05_463816_T_A,463816
blk25,5,467,ssa05_466635_C_G,466635
blk25,5,468,ssa05_467269_A_T,467269
blk25,5,469,ssa05_467367_G_C,467367
blk25,5,470,ssa05_468857_T_A,468857
blk25,5,471,ssa05_469123_C_G,469123
blk25,5,472,ssa05_471500_A_T,471500
blk25,5,473,ssa05_474392_G_C,474392
blk25,5,474,ssa05_474566_T_A,474566
blk25,5,475,ssa05_475325_C_G,475325
blk25,5,476,ssa05_475342_A_T,475342
blk25,5,477,ssa05_476933_G_C,476933
blk25,5,478,ssa05_476974_T_A,476974
blk25,5,479,ssa05_477377_C_G,477377
blk25,5,480,ssa05_478141_A_T,478141
blk25,5,481,ssa05_479694_G_C,479694
blk25,5,482,ssa05_482896_T_A,482896
blk25,5,483,ssa05_486536_C_G,486536
blk25,5,484,ssa05_487948_A_T,487948
blk25,5,485,ssa05_488661_G_C,488661
blk25,5,486,ssa05_488889_T_A,488889
blk25,5,487,ssa05_488891_C_G,488891
blk25,5,488,ssa05_489563_A_T,489563
blk25,5,489,ssa05_490081_G_C,490081
blk25,5,490,ssa05_490291_T_A,490291
blk25,5,491,ssa05_491865_C_G,491865
blk25,5,492,ssa05_492026_A_T,492026
blk25,5,493,ssa05_493740_G_C,493740
blk25,5,494,ssa05_493773_T_A,493773
blk25,5,495,ssa05_496254_C_G,496254
blk25,5,496,ssa05_497851_A_T,497851
blk25,5,497,ssa05_498285_G_C,498285
blk25,5,498,ssa05_498374_T_A,498374
blk25,5,499,ssa05_499084_C_G,499084
blk26,6,0,ssa06_1183_A_T,1183
blk26,6,1,ssa06_3137_G_C,3137
blk26,6,2,ssa06_4887_T_A,4887
blk26,6,3,ssa06_5229_C_G,5229
blk26,6,4,ssa06_6160_A_T,6160
blk26,6,5,ssa06_6186_G_C,6186
blk26,6,6,ssa06_6248_T_A,6248
blk26,6,7,ssa06_6666_C_G,6666
blk26,6,8,ssa06_8270_A_T,8270
blk26,6,9,ssa06_8851_G_C,8851
blk26,6,10,ssa06_10396_T_A,10396
blk26,6,11,ssa06_10594_C_G,10594
blk26,6,12,ssa06_11506_A_T,11506
blk26,6,13,ssa06_11977_G_C,11977
blk26,6,14,ssa06_12571_T_A,12571
blk26,6,15,ssa06_12905_C_G,12905
blk26,6,16,ssa06_13522_A_T,13522
blk26,6,17,ssa06_14456_G_C,14456
blk26,6,18,ssa06_16681_T_A,16681
blk26,6,19,ssa06_17488_C_G,17488
blk26,6,20,ssa06_18468_A_T,18468
blk26,6,21,ssa06_18702_G_C,18702
blk26,6,22,ssa06_20146_T_A,20146
blk26,6,23,ssa06_20927_C_G,20927
blk26,6,24,ssa06_21253_A_T,21253
blk26,6,25,ssa06_22760_G_C,22760
blk26,6,26,ssa06_24004_T_A,24004
blk26,6,27,ssa06_24457_C_G,24457
blk26,6,28,ssa06_27336_A_T,27336
blk26,6,29,ssa06_27636_G_C,27636
blk26,6,30,ssa06_28172_T_A,28172
blk26,6,31,ssa06_31206_C_G,31206
blk26,6,32,ssa06_31360_A_T,31360
blk26,6,33,ssa06_33298_G_C,33298
blk26,6,34,ssa06_34173_T_A,34173
blk26,6,35,ssa06_35754_C_G,35754
blk26,6,36,ssa06_36112_A_T,36112
blk26,6,37,ssa06_36456_G_C,36456
blk26,6,38,ssa06_38047_T_A,38047
blk26,6,39,ssa06_38449_C_G,38449
blk26,6,40,ssa06_39903_A_T,39903
blk26,6,41,ssa06_40081_G_C,40081
blk26,6,42,ssa06_41224_T_A,41224
blk26,6,43,ssa06_42342_C_G,42342
blk26,6,44,ssa06_42668_A_T,42668
blk26,6,45,ssa06_42723_G_C,42723
blk26,6,46,ssa06_44128_T_A,44128
blk26,6,47,ssa06_45907_C_G,45907
blk26,6,48,ssa06_47279_A_T,47279
blk26,6,49,ssa06_49027_G_C,49027
blk26,6,50,ssa06_49643_T_A,49643
blk26,6,51,ssa06_51642_C_G,51642
blk26,6,52,ssa06_53634_A_T,53634
blk26,6,53,ssa06_54526_G_C,54526
blk26,6,54,ssa06_55037_T_A,55037
blk26,6,55,ssa06_55430_C_G,55430
blk26,6,56,ssa06_56343_A_T,56343
blk26,6,57,ssa06_56892_G_C,56892
blk26,6,58,ssa06_58245_T_A,58245
blk26,6,59,ssa06_58435_C_G,58435
blk26,6,60,ssa06_58985_A_T,58985
blk26,6,61,ssa06_59647_G_C,59647
blk26,6,62,ssa06_59920_T_A,59920
blk26,6,63,ssa06_60097_C_G,60097
blk26,6,64,ssa06_62443_A_T,62443
blk26,6,65,ssa06_63226_G_C,63226
blk26,6,66,ssa06_66507_T_A,66507
blk26,6,67,ssa06_67400_C_G,67400
blk26,6,68,ssa06_67840_A_T,67840
blk26,6,69,ssa06_68924_G_C,68924
blk26,6,70,ssa06_71670_T_A,71670
blk26,6,71,ssa06_72339_C_G,72339
blk26,6,72,ssa06_73039_A_T,73039
blk26,6,73,ssa06_74248_G_C,74248
blk26,6,74,ssa06_74883_T_A,74883
blk26,6,75,ssa06_77692_C_G,77692
blk26,6,76,ssa06_78231_A_T,78231
blk26,6,77,ssa06_79486_G_C,79486
blk26,6,78,ssa06_79961_T_A,79961
blk26,6,79,ssa06_80195_C_G,80195
blk26,6,80,ssa06_80234_A_T,80234
blk26,6,81,ssa06_80876_G_C,80876
blk26,6,82,ssa06_80910_T_A,80910
blk26,6,83,ssa06_82429_C_G,82429
blk26,6,84,ssa06_83387_A_T,83387
blk26,6,85,ssa06_84453_G_C,84453
blk26,6,86,ssa06_86121_T_A,86121
blk26,6,87,ssa06_86657_C_G,86657
blk26,6,88,ssa06_87218_A_T,87218
blk26,6,89,ssa06_87310_G_C,87310
blk26,6,90,ssa06_88926_T_A,88926
blk26,6,91,ssa06_89398_C_G,89398
blk26,6,92,ssa06_89789_A_T,89789
blk26,6,93,ssa06_89848_G_C,89848
blk26,6,94,ssa06_90783_T_A,90783
blk26,6,95,ssa06_91585_C_G,91585
blk26,6,96,ssa06_94052_A_T,94052
blk26,6,97,ssa06_94264_G_C,94264
blk26,6,98,ssa06_94949_T_A,94949
blk26,6,99,ssa06_95346_C_G,95346
blk26,6,100,ssa06_95663_A_T,95663
blk26,6,101,ssa06_96440_G_C,96440
blk26,6,102,ssa06_97603_T_A,97603
blk26,6,103,ssa06_98871_C_G,98871
blk26,6,104,ssa06_98889_A_T,98889
blk26,6,105,ssa06_100898_G_C,100898
blk26,6,106,ssa06_100946_T_A,100946
blk26,6,107,ssa06_101002_C_G,101002
blk27,6,108,ssa06_101685_A_T,101685
blk27,6,109,ssa06_102056_G_C,102056
blk27,6,110,ssa06_102774_T_A,102774
blk27,6,111,ssa06_103274_C_G,103274
blk27,6,112,ssa06_104035_A_T,104035
blk27,6,113,ssa06_104431_G_C,104431
blk27,6,114,ssa06_105328_T_A,105328
blk27,6,115,ssa06_105558_C_G,105558
blk27,6,116,ssa06_105689_A_T,105689
blk27,6,117,ssa06_107730_G_C,107730
blk27,6,118,ssa06_107904_T_A,107904
blk27,6,119,ssa06_107954_C_G,107954
blk27,6,120,ssa06_110255_A_T,110255
blk27,6,121,ssa06_111089_G_C,111089
blk27,6,122,ssa06_112414_T_A,112414
blk27,6,123,ssa06_112477_C_G,112477
blk27,6,124,ssa06_114532_A_T,114532
blk27,6,125,ssa06_119155_G_C,119155
blk27,6,126,ssa06_119539_T_A,119539
blk27,6,127,ssa06_120579_C_G,120579
blk27,6,128,ssa06_121718_A_T,121718
blk27,6,129,ssa06_121830_G_C,121830
blk27,6,130,ssa06_122062_T_A,122062
blk27,6,131,ssa06_122977_C_G,122977
blk27,6,132,ssa06_123578_A_T,123578
blk27,6,133,ssa06_125021_G_C,125021
blk27,6,134,ssa06_125161_T_A,125161
blk27,6,135,ssa06_125520_C_G,125520
blk27,6,136,ssa06_125762_A_T,125762
blk27,6,137,ssa06_126071_G_C,126071
blk27,6,138,ssa06_126178_T_A,126178
blk27,6,139,ssa06_127009_C_G,127009
blk27,6,140,ssa06_127818_A_T,127818
blk27,6,141,ssa06_128288_G_C,128288
blk27,6,142,ssa06_128294_T_A,128294
blk27,6,143,ssa06_128939_C_G,128939
blk27,6,144,ssa06_131350_A_T,131350
blk27,6,145,ssa06_131940_G_C,131940
blk27,6,146,ssa06_133499_T_A,133499
blk27,6,147,ssa06_135075_C_G,135075
blk27,6,148,ssa06_138600_A_T,138600
blk27,6,149,ssa06_138762_G_C,138762
blk27,6,150,ssa06_140506_T_A,140506
blk27,6,151,ssa06_141526_C_G,141526
blk27,6,152,ssa06_143191_A_T,143191
blk27,6,153,ssa06_143292_G_C,143292
blk27,6,154,ssa06_145857_T_A,145857
blk27,6,155,ssa06_146081_C_G,146081
blk27,6,156,ssa06_146155_A_T,146155
blk27,6,157,ssa06_146182_G_C,146182
blk27,6,158,ssa06_146394_T_A,146394
blk27,6,159,ssa06_148252_C_G,148252
blk27,6,160,ssa06_148434_A_T,148434
blk27,6,161,ssa06_153501_G_C,153501
blk27,6,162,ssa06_154133_T_A,154133
blk27,6,163,ssa06_154796_C_G,154796
blk27,6,164,ssa06_156454_A_T,156454
blk27,6,165,ssa06_157136_G_C,157136
blk27,6,166,ssa06_161560_T_A,161560
blk27,6,167,ssa06_162285_C_G,162285
blk27,6,168,ssa06_162993_A_T,162993
blk27,6,169,ssa06_163665_G_C,163665
blk27,6,170,ssa06_164729_T_A,164729
blk27,6,171,ssa06_164887_C_G,164887
blk27,6,172,ssa06_165321_A_T,165321
blk27,6,173,ssa06_165470_G_C,165470
blk27,6,174,ssa06_166223_T_A,166223
blk27,6,175,ssa06_168211_C_G,168211
blk27,6,176,ssa06_171844_A_T,171844
blk27,6,177,ssa06_172352_G_C,172352
blk27,6,178,ssa06_174146_T_A,174146
blk27,6,179,ssa06_175252_C_G,175252
blk27,6,180,ssa06_179976_A_T,179976
blk27,6,181,ssa06_180879_G_C,180879
blk27,6,182,ssa06_181097_T_A,181097
blk27,6,183,ssa06_182737_C_G,182737
blk27,6,184,ssa06_183699_A_T,183699
blk27,6,185,ssa06_184052_G_C,184052
blk27,6,186,ssa06_185947_T_A,185947
blk27,6,187,ssa06_186350_C_G,186350
blk27,6,188,ssa06_187993_A_T,187993
blk27,6,189,ssa06_188265_G_C,188265
blk27,6,190,ssa06_188885_T_A,188885
blk27,6,191,ssa06_189589_C_G,189589
blk27,6,192,ssa06_192976_A_T,192976
blk27,6,193,ssa06_193018_G_C,193018
blk27,6,194,ssa06_193409_T_A,193409
blk27,6,195,ssa06_194295_C_G,194295
blk27,6,196,ssa06_195033_A_T,195033
blk27,6,197,ssa06_195251_G_C,195251
blk27,6,198,ssa06_195697_T_A,195697
blk27,6,199,ssa06_196020_C_G,196020
blk27,6,200,ssa06_196092_A_T,196092
blk27,6,201,ssa06_196453_G_C,196453
blk27,6,202,ssa06_196703_T_A,196703
blk27,6,203,ssa06_198387_C_G,198387
blk27,6,204,ssa06_198561_A_T,198561
blk28,6,205,ssa06_201974_G_C,201974
blk28,6,206,ssa06_202356_T_A,202356
blk28,6,207,ssa06_202907_C_G,202907
blk28,6,208,ssa06_204702_A_T,204702
blk28,6,209,ssa06_206246_G_C,206246
blk28,6,210,ssa06_207001_T_A,207001
blk28,6,211,ssa06_207084_C_G,207084
blk28,6,212,ssa06_208439_A_T,208439
blk28,6,213,ssa06_208722_G_C,208722
blk28,6,214,ssa06_209976_T_A,209976
blk28,6,215,ssa06_213114_C_G,213114
blk28,6,216,ssa06_213894_A_T,213894
blk28,6,217,ssa06_214317_G_C,214317
blk28,6,218,ssa06_214467_T_A,214467
blk28,6,219,ssa06_216502_C_G,216502
blk28,6,220,ssa06_216753_A_T,216753
blk28,6,221,ssa06_217652_G_C,217652
blk28,6,222,ssa06_218493_T_A,218493
blk28,6,223,ssa06_219827_C_G,219827
blk28,6,224,ssa06_220233_A_T,220233
blk28,6,225,ssa06_220241_G_C,220241
blk28,6,226,ssa06_220695_T_A,220695
blk28,6,227,ssa06_221472_C_G,221472
blk28,6,228,ssa06_221736_A_T,221736
blk28,6,229,ssa06_222662_G_C,222662
blk28,6,230,ssa06_224974_T_A,224974
blk28,6,231,ssa06_226417_C_G,226417
blk28,6,232,ssa06_234154_A_T,234154
blk28,6,233,ssa06_235653_G_C,235653
blk28,6,234,ssa06_236121_T_A,236121
blk28,6,235,ssa06_237165_C_G,237165
blk28,6,236,ssa06_237540_A_T,237540
blk28,6,237,ssa06_237917_G_C,237917
blk28,6,238,ssa06_237997_T_A,237997
blk28,6,239,ssa06_238178_C_G,238178
blk28,6,240,ssa06_238376_A_T,238376
blk28,6,241,ssa06_238474_G_C,238474
blk28,6,242,ssa06_245178_T_A,245178
blk28,6,243,ssa06_245947_C_G,245947
blk28,6,244,ssa06_246805_A_T,246805
blk28,6,245,ssa06_249534_G_C,249534
blk28,6,246,ssa06_250110_T_A,250110
blk28,6,247,ssa06_251404_C_G,251404
blk28,6,248,ssa06_254825_A_T,254825
blk28,6,249,ssa06_256001_G_C,256001
blk28,6,250,ssa06_256136_T_A,256136
blk28,6,251,ssa06_256288_C_G,256288
blk28,6,252,ssa06_256304_A_T,256304
blk28,6,253,ssa06_256784_G_C,256784
blk28,6,254,ssa06_261110_T_A,261110
blk28,6,255,ssa06_262056_C_G,262056
blk28,6,256,ssa06_263894_A_T,263894
blk28,6,257,ssa06_265620_G_C,265620
blk28,6,258,ssa06_266683_T_A,266683
blk28,6,259,ssa06_267365_C_G,267365
blk28,6,260,ssa06_267428_A_T,267428
blk28,6,261,ssa06_267472_G_C,267472
blk28,6,262,ssa06_268930_T_A,268930
blk28,6,263,ssa06_269866_C_G,269866
blk28,6,264,ssa06_270650_A_T,270650
blk28,6,265,ssa06_270892_G_C,270892
blk28,6,266,ssa06_271171_T_A,271171
blk28,6,267,ssa06_272079_C_G,272079
blk28,6,268,ssa06_273083_A_T,273083
blk28,6,269,ssa06_273120_G_C,273120
blk28,6,270,ssa06_274374_T_A,274374
blk28,6,271,ssa06_274902_C_G,274902
blk28,6,272,ssa06_275057_A_T,275057
blk28,6,273,ssa06_275200_G_C,275200
blk28,6,274,ssa06_276408_T_A,276408
blk28,6,275,ssa06_283623_C_G,283623
blk28,6,276,ssa06_284032_A_T,284032
blk28,6,277,ssa06_285201_G_C,285201
blk28,6,278,ssa06_287458_T_A,287458
blk28,6,279,ssa06_287512_C_G,287512
blk28,6,280,ssa06_287563_A_T,287563
blk28,6,281,ssa06_290700_G_C,290700
blk28,6,282,ssa06_293490_T_A,293490
blk28,6,283,ssa06_297656_C_G,297656
blk28,6,284,ssa06_297728_A_T,297728
blk28,6,285,ssa06_297802_G_C,297802
blk28,6,286,ssa06_297887_T_A,297887
blk28,6,287,ssa06_298220_C_G,298220
blk28,6,288,ssa06_298273_A_T,298273
blk28,6,289,ssa06_299436_G_C,299436
blk28,6,290,ssa06_299732_T_A,299732
blk28,6,291,ssa06_299821_C_G,299821
blk28,6,292,ssa06_300530_A_T,300530
blk29,6,293,ssa06_301199_G_C,301199
blk29,6,294,ssa06_301215_T_A,301215
blk29,6,295,ssa06_301296_C_G,301296
blk29,6,296,ssa06_302112_A_T,302112
blk29,6,297,ssa06_304478_G_C,304478
blk29,6,298,ssa06_304708_T_A,304708
blk29,6,299,ssa06_305024_C_G,305024
blk29,6,300,ssa06_305184_A_T,305184
blk29,6,301,ssa06_305300_G_C,305300
blk29,6,302,ssa06_306770_T_A,306770
blk29,6,303,ssa06_307431_C_G,307431
blk29,6,304,ssa06_309103_A_T,309103
blk29,6,305,ssa06_309828_G_C,309828
blk29,6,306,ssa06_310572_T_A,310572
blk29,6,307,ssa06_312151_C_G,312151
blk29,6,308,ssa06_313652_A_T,313652
blk29,6,309,ssa06_313824_G_C,313824
blk29,6,310,ssa06_315378_T_A,315378
blk29,6,311,ssa06_316777_C_G,316777
blk29,6,312,ssa06_317388_A_T,317388
blk29,6,313,ssa06_318530_G_C,318530
blk29,6,314,ssa06_321857_T_A,321857
blk29,6,315,ssa06_322220_C_G,322220
blk29,6,316,ssa06_322510_A_T,322510
blk29,6,317,ssa06_322824_G_C,322824
blk29,6,318,ssa06_324441_T_A,324441
blk29,6,319,ssa06_325287_C_G,325287
blk29,6,320,ssa06_325871_A_T,325871
blk29,6,321,ssa06_326415_G_C,326415
blk29,6,322,ssa06_328504_T_A,328504
blk29,6,323,ssa06_328546_C_G,328546
blk29,6,324,ssa06_328975_A_T,328975
blk29,6,325,ssa06_330832_G_C,330832
blk29,6,326,ssa06_331704_T_A,331704
blk29,6,327,ssa06_335056_C_G,335056
blk29,6,328,ssa06_335363_A_T,335363
blk29,6,329,ssa06_335643_G_C,335643
blk29,6,330,ssa06_336175_T_A,336175
blk29,6,331,ssa06_336622_C_G,336622
blk29,6,332,ssa06_339574_A_T,339574
blk29,6,333,ssa06_339853_G_C,339853
blk29,6,334,ssa06_341306_T_A,341306
blk29,6,335,ssa06_341779_C_G,341779
blk29,6,336,ssa06_341866_A_T,341866
blk29,6,337,ssa06_341997_G_C,341997
blk29,6,338,ssa06_342145_T_A,342145
blk29,6,339,ssa06_344047_C_G,344047
blk29,6,340,ssa06_344763_A_T,344763
blk29,6,341,ssa06_345110_G_C,345110
blk29,6,342,ssa06_345497_T_A,345497
blk29,6,343,ssa06_346472_C_G,346472
blk29,6,344,ssa06_346747_A_T,346747
blk29,6,345,ssa06_347446_G_C,347446
blk29,6,346,ssa06_349574_T_A,349574
blk29,6,347,ssa06_350121_C_G,350121
blk29,6,348,ssa06_351667_A_T,351667
blk29,6,349,ssa06_352061_G_C,352061
blk29,6,350,ssa06_352093_T_A,352093
blk29,6,351,ssa06_352749_C_G,352749
blk29,6,352,ssa06_352792_A_T,352792
blk29,6,353,ssa06_353461_G_C,353461
blk29,6,354,ssa06_353634_T_A,353634
blk29,6,355,ssa06_354510_C_G,354510
blk29,6,356,ssa06_354620_A_T,354620
blk29,6,357,ssa06_355136_G_C,355136
blk29,6,358,ssa06_355251_T_A,355251
blk29,6,359,ssa06_356998_C_G,356998
blk29,6,360,ssa06_359471_A_T,359471
blk29,6,361,ssa06_360670_G_C,360670
blk29,6,362,ssa06_360884_T_A,360884
blk29,6,363,ssa06_361432_C_G,361432
blk29,6,364,ssa06_362575_A_T,362575
blk29,6,365,ssa06_363430_G_C,363430
blk29,6,366,ssa06_364903_T_A,364903
blk29,6,367,ssa06_366059_C_G,366059
blk29,6,368,ssa06_366330_A_T,366330
blk29,6,369,ssa06_367591_G_C,367591
blk29,6,370,ssa06_367751_T_A,367751
blk29,6,371,ssa06_368091_C_G,368091
blk29,6,372,ssa06_368667_A_T,368667
blk29,6,373,ssa06_368841_G_C,368841
blk29,6,374,ssa06_372432_T_A,372432
blk29,6,375,ssa06_372666_C_G,372666
blk29,6,376,ssa06_374744_A_T,374744
blk29,6,377,ssa06_375485_G_C,375485
blk29,6,378,ssa06_375583_T_A,375583
blk29,6,379,ssa06_376081_C_G,376081
blk29,6,380,ssa06_376516_A_T,376516
blk29,6,381,ssa06_376997_G_C,376997
blk29,6,382,ssa06_377164_T_A,377164
blk29,6,383,ssa06_377461_C_G,377461
blk29,6,384,ssa06_379632_A_T,379632
blk29,6,385,ssa06_381570_G_C,381570
blk29,6,386,ssa06_381635_T_A,381635
blk29,6,387,ssa06_384112_C_G,384112
blk29,6,388,ssa06_387383_A_T,387383
blk29,6,389,ssa06_389000_G_C,389000
blk29,6,390,ssa06_392904_T_A,392904
blk29,6,391,ssa06_392962_C_G,392962
blk29,6,392,ssa06_395910_A_T,395910
blk29,6,393,ssa06_396821_G_C,396821
blk29,6,394,ssa06_397170_T_A,397170
blk29,6,395,ssa06_397376_C_G,397376
blk29,6,396,ssa06_399312_A_T,399312
blk29,6,397,ssa06_399540_G_C,399540
blk30,6,398,ssa06_401778_T_A,401778
blk30,6,399,ssa06_403010_C_G,403010
blk30,6,400,ssa06_403809_A_T,403809
blk30,6,401,ssa06_405569_G_C,405569
blk30,6,402,ssa06_407236_T_A,407236
blk30,6,403,ssa06_407999_C_G,407999
blk30,6,404,ssa06_410481_A_T,410481
blk30,6,405,ssa06_410843_G_C,410843
blk30,6,406,ssa06_412605_T_A,412605
blk30,6,407,ssa06_413420_C_G,413420
blk30,6,408,ssa06_414702_A_T,414702
blk30,6,409,ssa06_415469_G_C,415469
blk30,6,410,ssa06_417371_T_A,417371
blk30,6,411,ssa06_417783_C_G,417783
blk30,6,412,ssa06_417987_A_T,417987
blk30,6,413,ssa06_419565_G_C,419565
blk30,6,414,ssa06_419910_T_A,419910
blk30,6,415,ssa06_420827_C_G,420827
blk30,6,416,ssa06_421671_A_T,421671
blk30,6,417,ssa06_422296_G_C,422296
blk30,6,418,ssa06_422548_T_A,422548
blk30,6,419,ssa06_424050_C_G,424050
blk30,6,420,ssa06_426285_A_T,426285
blk30,6,421,ssa06_427507_G_C,427507
blk30,6,422,ssa06_428685_T_A,428685
blk30,6,423,ssa06_428720_C_G,428720
blk30,6,424,ssa06_429772_A_T,429772
blk30,6,425,ssa06_429927_G_C,429927
blk30,6,426,ssa06_433820_T_A,433820
blk30,6,427,ssa06_434070_C_G,434070
blk30,6,428,ssa06_434587_A_T,434587
blk30,6,429,ssa06_434611_G_C,434611
blk30,6,430,ssa06_436184_T_A,436184
blk30,6,431,ssa06_438212_C_G,438212
blk30,6,432,ssa06_439359_A_T,439359
blk30,6,433,ssa06_439650_G_C,439650
blk30,6,434,ssa06_440759_T_A,440759
blk30,6,435,ssa06_440872_C_G,440872
blk30,6,436,ssa06_441190_A_T,441190
blk30,6,437,ssa06_442046_G_C,442046
blk30,6,438,ssa06_442738_T_A,442738
blk30,6,439,ssa06_443427_C_G,443427
blk30,6,440,ssa06_445578_A_T,445578
blk30,6,441,ssa06_446480_G_C,446480
blk30,6,442,ssa06_446620_T_A,446620
blk30,6,443,ssa06_447802_C_G,447802
blk30,6,444,ssa06_448244_A_T,448244
blk30,6,445,ssa06_448270_G_C,448270
blk30,6,446,ssa06_450261_T_A,450261
blk30,6,447,ssa06_451911_C_G,451911
blk30,6,448,ssa06_452928_A_T,452928
blk30,6,449,ssa06_453433_G_C,453433
blk30,6,450,ssa06_455284_T_A,455284
blk30,6,451,ssa06_455435_C_G,455435
blk30,6,452,ssa06_455564_A_T,455564
blk30,6,453,ssa06_455824_G_C,455824
blk30,6,454,ssa06_456234_T_A,456234
blk30,6,455,ssa06_457367_C_G,457367
blk30,6,456,ssa06_457468_A_T,457468
blk30,6,457,ssa06_457615_G_C,457615
blk30,6,458,ssa06_457979_T_A,457979
blk30,6,459,ssa06_458947_C_G,458947
blk30,6,460,ssa06_459250_A_T,459250
blk30,6,461,ssa06_460312_G_C,460312
blk30,6,462,ssa06_462518_T_A,462518
blk30,6,463,ssa06_465918_C_G,465918
blk30,6,464,ssa06_466902_A_T,466902
blk30,6,465,ssa06_467816_G_C,467816
blk30,6,466,ssa06_468626_T_A,468626
blk30,6,467,ssa06_470152_C_G,470152
blk30,6,468,ssa06_471807_A_T,471807
blk30,6,469,ssa06_472477_G_C,472477
blk30,6,470,ssa06_473272_T_A,473272
blk30,6,471,ssa06_474980_C_G,474980
blk30,6,472,ssa06_476735_A_T,476735
blk30,6,473,ssa06_477343_G_C,477343
blk30,6,474,ssa06_478579_T_A,478579
blk30,6,475,ssa06_480684_C_G,480684
blk30,6,476,ssa06_481734_A_T,481734
blk30,6,477,ssa06_483512_G_C,483512
blk30,6,478,ssa06_485106_T_A,485106
blk30,6,479,ssa06_485232_C_G,485232
blk30,6,480,ssa06_486370_A_T,486370
blk30,6,481,ssa06_486996_G_C,486996
blk30,6,482,ssa06_488678_T_A,488678
blk30,6,483,ssa06_488776_C_G,488776
blk30,6,484,ssa06_489069_A_T,489069
blk30,6,485,ssa06_489123_G_C,489123
blk30,6,486,ssa06_489348_T_A,489348
blk30,6,487,ssa06_489494_C_G,489494
blk30,6,488,ssa06_490639_A_T,490639
blk30,6,489,ssa06_490967_G_C,490967
blk30,6,490,ssa06_493113_T_A,493113
blk30,6,491,ssa06_493387_C_G,493387
blk30,6,492,ssa06_494935_A_T,494935
blk30,6,493,ssa06_495311_G_C,495311
blk30,6,494,ssa06_495808_T_A,495808
blk30,6,495,ssa06_496169_C_G,496169
blk30,6,496,ssa06_496485_A_T,496485
blk30,6,497,ssa06_497948_G_C,497948
blk30,6,498,ssa06_498274_T_A,498274
blk30,6,499,ssa06_499247_C_G,499247
blk31,7,0,ssa07_2639_A_T,2639
blk31,7,1,ssa07_3130_G_C,3130
blk31,7,2,ssa07_5385_T_A,5385
blk31,7,3,ssa07_9228_C_G,9228
blk31,7,4,ssa07_11703_A_T,11703
blk31,7,5,ssa07_11967_G_C,11967
blk31,7,6,ssa07_13313_T_A,13313
blk31,7,7,ssa07_18078_C_G,18078
blk31,7,8,ssa07_18252_A_T,18252
blk31,7,9,ssa07_18896_G_C,18896
blk31,7,10,ssa07_20347_T_A,20347
blk31,7,11,ssa07_20623_C_G,20623
blk31,7,12,ssa07_23649_A_T,23649
blk31,7,13,ssa07_26906_G_C,26906
blk31,7,14,ssa07_27313_T_A,27313
blk31,7,15,ssa07_28750_C_G,28750
blk31,7,16,ssa07_30110_A_T,30110
blk31,7,17,ssa07_30181_G_C,30181
blk31,7,18,ssa07_31175_T_A,31175
blk31,7,19,ssa07_31356_C_G,31356
blk31,7,20,ssa07_31998_A_T,31998
blk31,7,21,ssa07_32007_G_C,32007
blk31,7,22,ssa07_33594_T_A,33594
blk31,7,23,ssa07_34341_C_G,34341
blk31,7,24,ssa07_35552_A_T,35552
blk31,7,25,ssa07_36689_G_C,36689
blk31,7,26,ssa07_36938_T_A,36938
blk31,7,27,ssa07_37345_C_G,37345
blk31,7,28,ssa07_38668_A_T,38668
blk31,7,29,ssa07_38769_G_C,38769
blk31,7,30,ssa07_39812_T_A,39812
blk31,7,31,ssa07_40988_C_G,40988
blk31,7,32,ssa07_41925_A_T,41925
blk31,7,33,ssa07_42316_G_C,42316
blk31,7,34,ssa07_42719_T_A,42719
blk31,7,35,ssa07_43051_C_G,43051
blk31,7,36,ssa07_46577_A_T,46577
blk31,7,37,ssa07_46625_G_C,46625
blk31,7,38,ssa07_47918_T_A,47918
blk31,7,39,ssa07_48673_C_G,48673
blk31,7,40,ssa07_49698_A_T,49698
blk31,7,41,ssa07_50306_G_C,50306
blk31,7,42,ssa07_50642_T_A,50642
blk31,7,43,ssa07_51347_C_G,51347
blk31,7,44,ssa07_52186_A_T,52186
blk31,7,45,ssa07_52595_G_C,52595
blk31,7,46,ssa07_52843_T_A,52843
blk31,7,47,ssa07_53481_C_G,53481
blk31,7,48,ssa07_53854_A_T,53854
blk31,7,49,ssa07_54227_G_C,54227
blk31,7,50,ssa07_56002_T_A,56002
blk31,7,51,ssa07_57953_C_G,57953
blk31,7,52,ssa07_58645_A_T,58645
blk31,7,53,ssa07_59049_G_C,59049
blk31,7,54,ssa07_59774_T_A,59774
blk31,7,55,ssa07_60161_C_G,60161
blk31,7,56,ssa07_61812_A_T,61812
blk31,7,57,ssa07_62033_G_C,62033
blk31,7,58,ssa07_62190_T_A,62190
blk31,7,59,ssa07_62901_C_G,62901
blk31,7,60,ssa07_63129_A_T,63129
blk31,7,61,ssa07_64091_G_C,64091
blk31,7,62,ssa07_64930_T_A,64930
blk31,7,63,ssa07_64947_C_G,64947
blk31,7,64,ssa07_67144_A_T,67144
blk31,7,65,ssa07_68024_G_C,68024
blk31,7,66,ssa07_68522_T_A,68522
blk31,7,67,ssa07_68944_C_G,68944
blk31,7,68,ssa07_69213_A_T,69213
blk31,7,69,ssa07_69249_G_C,69249
blk31,7,70,ssa07_70105_T_A,70105
blk31,7,71,ssa07_72361_C_G,72361
blk31,7,72,ssa07_73697_A_T,73697
blk31,7,73,ssa07_73921_G_C,73921
blk31,7,74,ssa07_75590_T_A,75590
blk31,7,75,ssa07_75699_C_G,75699
blk31,7,76,ssa07_77795_A_T,77795
blk31,7,77,ssa07_78400_G_C,78400
blk31,7,78,ssa07_78731_T_A,78731
blk31,7,79,ssa07_80499_C_G,80499
blk31,7,80,ssa07_82573_A_T,82573
blk31,7,81,ssa07_82934_G_C,82934
blk31,7,82,ssa07_83158_T_A,83158
blk31,7,83,ssa07_84848_C_G,84848
blk31,7,84,ssa07_85874_A_T,85874
blk31,7,85,ssa07_86898_G_C,86898
blk31,7,86,ssa07_87491_T_A,87491
blk31,7,87,ssa07_88251_C_G,88251
blk31,7,88,ssa07_89349_A_T,89349
blk31,7,89,ssa07_89492_G_C,89492
blk31,7,90,ssa07_91882_T_A,91882
blk31,7,91,ssa07_92960_C_G,92960
blk31,7,92,ssa07_94523_A_T,94523
blk31,7,93,ssa07_95286_G_C,95286
blk31,7,94,ssa07_98207_T_A,98207
blk31,7,95,ssa07_99003_C_G,99003
blk31,7,96,ssa07_99239_A_T,99239
blk31,7,97,ssa07_99965_G_C,99965
blk31,7,98,ssa07_100134_T_A,100134
blk31,7,99,ssa07_101409_C_G,101409
blk31,7,100,ssa07_102238_A_T,102238
blk31,7,101,ssa07_102284_G_C,102284
blk32,7,102,ssa07_103464_T_A,103464
blk32,7,103,ssa07_104325_C_G,104325
blk32,7,104,ssa07_105150_A_T,105150
blk32,7,105,ssa07_106865_G_C,106865
blk32,7,106,ssa07_107160_T_A,107160
blk32,7,107,ssa07_107885_C_G,107885
blk32,7,108,ssa07_109752_A_T,109752
blk32,7,109,ssa07_110335_G_C,110335
blk32,7,110,ssa07_110369_T_A,110369
blk32,7,111,ssa07_111481_C_G,111481
blk32,7,112,ssa07_113262_A_T,113262
blk32,7,113,ssa07_115345_G_C,115345
blk32,7,114,ssa07_115422_T_A,115422
blk32,7,115,ssa07_115494_C_G,115494
blk32,7,116,ssa07_117026_A_T,117026
blk32,7,117,ssa07_117361_G_C,117361
blk32,7,118,ssa07_118642_T_A,118642
blk32,7,119,ssa07_118695_C_G,118695
blk32,7,120,ssa07_118852_A_T,118852
blk32,7,121,ssa07_119659_G_C,119659
blk32,7,122,ssa07_119891_T_A,119891
blk32,7,123,ssa07_120766_C_G,120766
blk32,7,124,ssa07_121315_A_T,121315
blk32,7,125,ssa07_122130_G_C,122130
blk32,7,126,ssa07_122418_T_A,122418
blk32,7,127,ssa07_122704_C_G,122704
blk32,7,128,ssa07_123837_A_T,123837
blk32,7,129,ssa07_124454_G_C,124454
blk32,7,130,ssa07_127370_T_A,127370
blk32,7,131,ssa07_127815_C_G,127815
blk32,7,132,ssa07_128770_A_T,128770
blk32,7,133,ssa07_129235_G_C,129235
blk32,7,134,ssa07_129805_T_A,129805
blk32,7,135,ssa07_130588_C_G,130588
blk32,7,136,ssa07_131529_A_T,131529
blk32,7,137,ssa07_131542_G_C,131542
blk32,7,138,ssa07_132376_T_A,132376
blk32,7,139,ssa07_132445_C_G,132445
blk32,7,140,ssa07_133032_A_T,133032
blk32,7,141,ssa07_133659_G_C,133659
blk32,7,142,ssa07_134399_T_A,134399
blk32,7,143,ssa07_134838_C_G,134838
blk32,7,144,ssa07_135791_A_T,135791
blk32,7,145,ssa07_136077_G_C,136077
blk32,7,146,ssa07_136599_T_A,136599
blk32,7,147,ssa07_137032_C_G,137032
blk32,7,148,ssa07_137229_A_T,137229
blk32,7,149,ssa07_140232_G_C,140232
blk32,7,150,ssa07_140236_T_A,140236
blk32,7,151,ssa07_140521_C_G,140521
blk32,7,152,ssa07_144198_A_T,144198
blk32,7,153,ssa07_147755_G_C,147755
blk32,7,154,ssa07_148162_T_A,148162
blk32,7,155,ssa07_149605_C_G,149605
blk32,7,156,ssa07_150759_A_T,150759
blk32,7,157,ssa07_151328_G_C,151328
blk32,7,158,ssa07_152347_T_A,152347
blk32,7,159,ssa07_152553_C_G,152553
blk32,7,160,ssa07_153799_A_T,153799
blk32,7,161,ssa07_153807_G_C,153807
blk32,7,162,ssa07_154404_T_A,154404
blk32,7,163,ssa07_156279_C_G,156279
blk32,7,164,ssa07_157243_A_T,157243
blk32,7,165,ssa07_157450_G_C,157450
blk32,7,166,ssa07_157767_T_A,157767
blk32,7,167,ssa07_160416_C_G,160416
blk32,7,168,ssa07_162267_A_T,162267
blk32,7,169,ssa07_163928_G_C,163928
blk32,7,170,ssa07_164064_T_A,164064
blk32,7,171,ssa07_165175_C_G,165175
blk32,7,172,ssa07_165955_A_T,165955
blk32,7,173,ssa07_166278_G_C,166278
blk32,7,174,ssa07_167173_T_A,167173
blk32,7,175,ssa07_168386_C_G,168386
blk32,7,176,ssa07_170488_A_T,170488
blk32,7,177,ssa07_170989_G_C,170989
blk32,7,178,ssa07_171034_T_A,171034
blk32,7,179,ssa07_171177_C_G,171177
blk32,7,180,ssa07_171420_A_T,171420
blk32,7,181,ssa07_172148_G_C,172148
blk32,7,182,ssa07_172992_T_A,172992
blk32,7,183,ssa07_173750_C_G,173750
blk32,7,184,ssa07_174237_A_T,174237
blk32,7,185,ssa07_175925_G_C,175925
blk32,7,186,ssa07_178879_T_A,178879
blk32,7,187,ssa07_179058_C_G,179058
blk32,7,188,ssa07_179272_A_T,179272
blk32,7,189,ssa07_180929_G_C,180929
blk32,7,190,ssa07_181140_T_A,181140
blk32,7,191,ssa07_182473_C_G,182473
blk32,7,192,ssa07_183040_A_T,183040
blk32,7,193,ssa07_183527_G_C,183527
blk32,7,194,ssa07_184149_T_A,184149
blk32,7,195,ssa07_185544_C_G,185544
blk32,7,196,ssa07_187959_A_T,187959
blk32,7,197,ssa07_188133_G_C,188133
blk32,7,198,ssa07_189360_T_A,189360
blk32,7,199,ssa07_190098_C_G,190098
blk32,7,200,ssa07_190432_A_T,190432
blk32,7,201,ssa07_190519_G_C,190519
blk32,7,202,ssa07_191313_T_A,191313
blk32,7,203,ssa07_194300_C_G,194300
blk32,7,204,ssa07_194813_A_T,194813
blk32,7,205,ssa07_196760_G_C,196760
blk32,7,206,ssa07_197313_T_A,197313
blk32,7,207,ssa07_198267_C_G,198267
blk32,7,208,ssa07_198416_A_T,198416
blk32,7,209,ssa07_198703_G_C,198703
blk32,7,210,ssa07_199064_T_A,199064
blk32,7,211,ssa07_199407_C_G,199407
blk32,7,212,ssa07_199581_A_T,199581
blk32,7,213,ssa07_199975_G_C,199975
blk32,7,214,ssa07_200027_T_A,200027
blk32,7,215,ssa07_200419_C_G,200419
blk32,7,216,ssa07_201507_A_T,201507
blk32,7,217,ssa07_201541_G_C,201541
blk33,7,218,ssa07_205046_T_A,205046
blk33,7,219,ssa07_206758_C_G,206758
blk33,7,220,ssa07_207255_A_T,207255
blk33,7,221,ssa07_207295_G_C,207295
blk33,7,222,ssa07_207701_T_A,207701
blk33,7,223,ssa07_208186_C_G,208186
blk33,7,224,ssa07_208280_A_T,208280
blk33,7,225,ssa07_210726_G_C,210726
blk33,7,226,ssa07_213231_T_A,213231
blk33,7,227,ssa07_216059_C_G,216059
blk33,7,228,ssa07_219369_A_T,219369
blk33,7,229,ssa07_220211_G_C,220211
blk33,7,230,ssa07_220272_T_A,220272
blk33,7,231,ssa07_220584_C_G,220584
blk33,7,232,ssa07_222266_A_T,222266
blk33,7,233,ssa07_228679_G_C,228679
blk33,7,234,ssa07_229266_T_A,229266
blk33,7,235,ssa07_231130_C_G,231130
blk33,7,236,ssa07_233316_A_T,233316
blk33,7,237,ssa07_233566_G_C,233566
blk33,7,238,ssa07_233871_T_A,233871
blk33,7,239,ssa07_234087_C_G,234087
blk33,7,240,ssa07_234525_A_T,234525
blk33,7,241,ssa07_234670_G_C,234670
blk33,7,242,ssa07_235185_T_A,235185
blk33,7,243,ssa07_236201_C_G,236201
blk33,7,244,ssa07_236433_A_T,236433
blk33,7,245,ssa07_236653_G_C,236653
blk33,7,246,ssa07_238278_T_A,238278
blk33,7,247,ssa07_239785_C_G,239785
blk33,7,248,ssa07_240168_A_T,240168
blk33,7,249,ssa07_240915_G_C,240915
blk33,7,250,ssa07_240969_T_A,240969
blk33,7,251,ssa07_242306_C_G,242306
blk33,7,252,ssa07_243462_A_T,243462
blk33,7,253,ssa07_243790_G_C,243790
blk33,7,254,ssa07_243816_T_A,243816
blk33,7,255,ssa07_244177_C_G,244177
blk33,7,256,ssa07_246613_A_T,246613
blk33,7,257,ssa07_247730_G_C,247730
blk33,7,258,ssa07_248893_T_A,248893
blk33,7,259,ssa07_251184_C_G,251184
blk33,7,260,ssa07_251211_A_T,251211
blk33,7,261,ssa07_252357_G_C,252357
blk33,7,262,ssa07_255330_T_A,255330
blk33,7,263,ssa07_256094_C_G,256094
blk33,7,264,ssa07_256303_A_T,256303
blk33,7,265,ssa07_256479_G_C,256479
blk33,7,266,ssa07_258278_T_A,258278
blk33,7,267,ssa07_259343_C_G,259343
blk33,7,268,ssa07_259815_A_T,259815
blk33,7,269,ssa07_263421_G_C,263421
blk33,7,270,ssa07_265217_T_A,265217
blk33,7,271,ssa07_266788_C_G,266788
blk33,7,272,ssa07_266910_A_T,266910
blk33,7,273,ssa07_267728_G_C,267728
blk33,7,274,ssa07_271446_T_A,271446
blk33,7,275,ssa07_272180_C_G,272180
blk33,7,276,ssa07_272617_A_T,272617
blk33,7,277,ssa07_272938_G_C,272938
blk33,7,278,ssa07_276619_T_A,276619
blk33,7,279,ssa07_277712_C_G,277712
blk33,7,280,ssa07_278769_A_T,278769
blk33,7,281,ssa07_279017_G_C,279017
blk33,7,282,ssa07_281369_T_A,281369
blk33,7,283,ssa07_284011_C_G,284011
blk33,7,284,ssa07_284048_A_T,284048
blk33,7,285,ssa07_284902_G_C,284902
blk33,7,286,ssa07_285425_T_A,285425
blk33,7,287,ssa07_285995_C_G,285995
blk33,7,288,ssa07_287207_A_T,287207
blk33,7,289,ssa07_287495_G_C,287495
blk33,7,290,ssa07_287548_T_A,287548
blk33,7,291,ssa07_288022_C_G,288022
blk33,7,292,ssa07_288468_A_T,288468
blk33,7,293,ssa07_289064_G_C,289064
blk33,7,294,ssa07_289065_T_A,289065
blk33,7,295,ssa07_291515_C_G,291515
blk33,7,296,ssa07_294415_A_T,294415
blk33,7,297,ssa07_296555_G_C,296555
blk33,7,298,ssa07_300038_T_A,300038
blk33,7,299,ssa07_300666_C_G,300666
blk33,7,300,ssa07_301040_A_T,301040
blk33,7,301,ssa07_301245_G_C,301245
blk33,7,302,ssa07_302004_T_A,302004
blk34,7,303,ssa07_303265_C_G,303265
blk34,7,304,ssa07_305310_A_T,305310
blk34,7,305,ssa07_306717_G_C,306717
blk34,7,306,ssa07_306820_T_A,306820
blk34,7,307,ssa07_306873_C_G,306873
blk34,7,308,ssa07_307253_A_T,307253
blk34,7,309,ssa07_307297_G_C,307297
blk34,7,310,ssa07_308186_T_A,308186
blk34,7,311,ssa07_310138_C_G,310138
blk34,7,312,ssa07_311308_A_T,311308
blk34,7,313,ssa07_312398_G_C,312398
blk34,7,314,ssa07_314103_T_A,314103
blk34,7,315,ssa07_315277_C_G,315277
blk34,7,316,ssa07_317435_A_T,317435
blk34,7,317,ssa07_317536_G_C,317536
blk34,7,318,ssa07_318898_T_A,318898
blk34,7,319,ssa07_319500_C_G,319500
blk34,7,320,ssa07_319792_A_T,319792
blk34,7,321,ssa07_319889_G_C,319889
blk34,7,322,ssa07_320045_T_A,320045
blk34,7,323,ssa07_320661_C_G,320661
blk34,7,324,ssa07_320871_A_T,320871
blk34,7,325,ssa07_321095_G_C,321095
blk34,7,326,ssa07_321417_T_A,321417
blk34,7,327,ssa07_321705_C_G,321705
blk34,7,328,ssa07_322551_A_T,322551
blk34,7,329,ssa07_326177_G_C,326177
blk34,7,330,ssa07_327193_T_A,327193
blk34,7,331,ssa07_328370_C_G,328370
blk34,7,332,ssa07_329670_A_T,329670
blk34,7,333,ssa07_330315_G_C,330315
blk34,7,334,ssa07_330348_T_A,330348
blk34,7,335,ssa07_331643_C_G,331643
blk34,7,336,ssa07_332060_A_T,332060
blk34,7,337,ssa07_333230_G_C,333230
blk34,7,338,ssa07_333427_T_A,333427
blk34,7,339,ssa07_333737_C_G,333737
blk34,7,340,ssa07_334340_A_T,334340
blk34,7,341,ssa07_335181_G_C,335181
blk34,7,342,ssa07_335355_T_A,335355
blk34,7,343,ssa07_335591_C_G,335591
blk34,7,344,ssa07_335713_A_T,335713
blk34,7,345,ssa07_336099_G_C,336099
blk34,7,346,ssa07_338432_T_A,338432
blk34,7,347,ssa07_338700_C_G,338700
blk34,7,348,ssa07_339296_A_T,339296
blk34,7,349,ssa07_340175_G_C,340175
blk34,7,350,ssa07_342186_T_A,342186
blk34,7,351,ssa07_342302_C_G,342302
blk34,7,352,ssa07_346567_A_T,346567
blk34,7,353,ssa07_347424_G_C,347424
blk34,7,354,ssa07_347623_T_A,347623
blk34,7,355,ssa07_348475_C_G,348475
blk34,7,356,ssa07_349305_A_T,349305
blk34,7,357,ssa07_350714_G_C,350714
blk34,7,358,ssa07_351446_T_A,351446
blk34,7,359,ssa07_352503_C_G,352503
blk34,7,360,ssa07_353200_A_T,353200
blk34,7,361,ssa07_353464_G_C,353464
blk34,7,362,ssa07_356627_T_A,356627
blk34,7,363,ssa07_356754_C_G,356754
blk34,7,364,ssa07_356788_A_T,356788
blk34,7,365,ssa07_357141_G_C,357141
blk34,7,366,ssa07_357985_T_A,357985
blk34,7,367,ssa07_361064_C_G,361064
blk34,7,368,ssa07_361534_A_T,361534
blk34,7,369,ssa07_361617_G_C,361617
blk34,7,370,ssa07_362566_T_A,362566
blk34,7,371,ssa07_364949_C_G,364949
blk34,7,372,ssa07_365802_A_T,365802
blk34,7,373,ssa07_366022_G_C,366022
blk34,7,374,ssa07_366513_T_A,366513
blk34,7,375,ssa07_368063_C_G,368063
blk34,7,376,ssa07_369640_A_T,369640
blk34,7,377,ssa07_369708_G_C,369708
blk34,7,378,ssa07_377362_T_A,377362
blk34,7,379,ssa07_380140_C_G,380140
blk34,7,380,ssa07_380272_A_T,380272
blk34,7,381,ssa07_380518_G_C,380518
blk34,7,382,ssa07_381057_T_A,381057
blk34,7,383,ssa07_381086_C_G,381086
blk34,7,384,ssa07_382069_A_T,382069
blk34,7,385,ssa07_384011_G_C,384011
blk34,7,386,ssa07_384490_T_A,384490
blk34,7,387,ssa07_385485_C_G,385485
blk34,7,388,ssa07_385929_A_T,385929
blk34,7,389,ssa07_387058_G_C,387058
blk34,7,390,ssa07_389820_T_A,389820
blk34,7,391,ssa07_389946_C_G,389946
blk34,7,392,ssa07_391464_A_T,391464
blk34,7,393,ssa07_394255_G_C,394255
blk34,7,394,ssa07_394296_T_A,394296
blk34,7,395,ssa07_395855_C_G,395855
blk34,7,396,ssa07_396673_A_T,396673
blk34,7,397,ssa07_397458_G_C,397458
blk34,7,398,ssa07_398412_T_A,398412
blk34,7,399,ssa07_398901_C_G,398901
blk34,7,400,ssa07_399850_A_T,399850
blk34,7,401,ssa07_400287_G_C,400287
blk34,7,402,ssa07_400431_T_A,400431
blk34,7,403,ssa07_400620_C_G,400620
blk35,7,404,ssa07_403032_A_T,403032
blk35,7,405,ssa07_403979_G_C,403979
blk35,7,406,ssa07_404027_T_A,404027
blk35,7,407,ssa07_404341_C_G,404341
blk35,7,408,ssa07_405416_A_T,405416
blk35,7,409,ssa07_406252_G_C,406252
blk35,7,410,ssa07_406996_T_A,406996
blk35,7,411,ssa07_409618_C_G,409618
blk35,7,412,ssa07_409886_A_T,409886
blk35,7,413,ssa07_410653_G_C,410653
blk35,7,414,ssa07_415241_T_A,415241
blk35,7,415,ssa07_415690_C_G,415690
blk35,7,416,ssa07_416993_A_T,416993
blk35,7,417,ssa07_417157_G_C,417157
blk35,7,418,ssa07_418077_T_A,418077
blk35,7,419,ssa07_419066_C_G,419066
blk35,7,420,ssa07_419611_A_T,419611
blk35,7,421,ssa07_419846_G_C,419846
blk35,7,422,ssa07_421900_T_A,421900
blk35,7,423,ssa07_422661_C_G,422661
blk35,7,424,ssa07_422744_A_T,422744
blk35,7,425,ssa07_423345_G_C,423345
blk35,7,426,ssa07_423436_T_A,423436
blk35,7,427,ssa07_423513_C_G,423513
blk35,7,428,ssa07_425724_A_T,425724
blk35,7,429,ssa07_426236_G_C,426236
blk35,7,430,ssa07_426832_T_A,426832
blk35,7,431,ssa07_428896_C_G,428896
blk35,7,432,ssa07_429760_A_T,429760
blk35,7,433,ssa07_430171_G_C,430171
blk35,7,434,ssa07_432190_T_A,432190
blk35,7,435,ssa07_434093_C_G,434093
blk35,7,436,ssa07_434542_A_T,434542
blk35,7,437,ssa07_436589_G_C,436589
blk35,7,438,ssa07_437558_T_A,437558
blk35,7,439,ssa07_438166_C_G,438166
blk35,7,440,ssa07_438171_A_T,438171
blk35,7,441,ssa07_438477_G_C,438477
blk35,7,442,ssa07_438816_T_A,438816
blk35,7,443,ssa07_440930_C_G,440930
blk35,7,444,ssa07_441277_A_T,441277
blk35,7,445,ssa07_441719_G_C,441719
blk35,7,446,ssa07_442870_T_A,442870
blk35,7,447,ssa07_443904_C_G,443904
blk35,7,448,ssa07_444050_A_T,444050
blk35,7,449,ssa07_444135_G_C,444135
blk35,7,450,ssa07_447511_T_A,447511
blk35,7,451,ssa07_447558_C_G,447558
blk35,7,452,ssa07_448792_A_T,448792
blk35,7,453,ssa07_452289_G_C,452289
blk35,7,454,ssa07_452567_T_A,452567
blk35,7,455,ssa07_454588_C_G,454588
blk35,7,456,ssa07_454701_A_T,454701
blk35,7,457,ssa07_454845_G_C,454845
blk35,7,458,ssa07_456292_T_A,456292
blk35,7,459,ssa07_456680_C_G,456680
blk35,7,460,ssa07_457028_A_T,457028
blk35,7,461,ssa07_460010_G_C,460010
blk35,7,462,ssa07_460050_T_A,460050
blk35,7,463,ssa07_461116_C_G,461116
blk35,7,464,ssa07_463018_A_T,463018
blk35,7,465,ssa07_463051_G_C,463051
blk35,7,466,ssa07_463763_T_A,463763
blk35,7,467,ssa07_464045_C_G,464045
blk35,7,468,ssa07_464128_A_T,464128
blk35,7,469,ssa07_464318_G_C,464318
blk35,7,470,ssa07_467076_T_A,467076
blk35,7,471,ssa07_467353_C_G,467353
blk35,7,472,ssa07_468444_A_T,468444
blk35,7,473,ssa07_468624_G_C,468624
blk35,7,474,ssa07_468722_T_A,468722
blk35,7,475,ssa07_469793_C_G,469793
blk35,7,476,ssa07_470128_A_T,470128
blk35,7,477,ssa07_472567_G_C,472567
blk35,7,478,ssa07_473013_T_A,473013
blk35,7,479,ssa07_473969_C_G,473969
blk35,7,480,ssa07_474556_A_T,474556
blk35,7,481,ssa07_476413_G_C,476413
blk35,7,482,ssa07_476468_T_A,476468
blk35,7,483,ssa07_478976_C_G,478976
blk35,7,484,ssa07_479442_A_T,479442
blk35,7,485,ssa07_480225_G_C,480225
blk35,7,486,ssa07_480423_T_A,480423
blk35,7,487,ssa07_482584_C_G,482584
blk35,7,488,ssa07_483631_A_T,483631
blk35,7,489,ssa07_484605_G_C,484605
blk35,7,490,ssa07_484834_T_A,484834
blk35,7,491,ssa07_486701_C_G,486701
blk35,7,492,ssa07_487199_A_T,487199
blk35,7,493,ssa07_487465_G_C,487465
blk35,7,494,ssa07_487564_T_A,487564
blk35,7,495,ssa07_488258_C_G,488258
blk35,7,496,ssa07_488606_A_T,488606
blk35,7,497,ssa07_491587_G_C,491587
blk35,7,498,ssa07_494930_T_A,494930
blk35,7,499,ssa07_496710_C_G,496710
blk36,8,0,ssa08_2778_A_T,2778
blk36,8,1,ssa08_4087_G_C,4087
blk36,8,2,ssa08_4857_T_A,4857
blk36,8,3,ssa08_5672_C_G,5672
blk36,8,4,ssa08_7844_A_T,7844
blk36,8,5,ssa08_8126_G_C,8126
blk36,8,6,ssa08_8376_T_A,8376
blk36,8,7,ssa08_10345_C_G,10345
blk36,8,8,ssa08_11232_A_T,11232
blk36,8,9,ssa08_13679_G_C,13679
blk36,8,10,ssa08_13726_T_A,13726
blk36,8,11,ssa08_14183_C_G,14183
blk36,8,12,ssa08_14667_A_T,14667
blk36,8,13,ssa08_15225_G_C,15225
blk36,8,14,ssa08_15584_T_A,15584
blk36,8,15,ssa08_15664_C_G,15664
blk36,8,16,ssa08_16333_A_T,16333
blk36,8,17,ssa08_18708_G_C,18708
blk36,8,18,ssa08_18960_T_A,18960
blk36,8,19,ssa08_19068_C_G,19068
blk36,8,20,ssa08_19536_A_T,19536
blk36,8,21,ssa08_19702_G_C,19702
blk36,8,22,ssa08_20980_T_A,20980
blk36,8,23,ssa08_22518_C_G,22518
blk36,8,24,ssa08_22539_A_T,22539
blk36,8,25,ssa08_23800_G_C,23800
blk36,8,26,ssa08_25955_T_A,25955
blk36,8,27,ssa08_27431_C_G,27431
blk36,8,28,ssa08_27554_A_T,27554
blk36,8,29,ssa08_27818_G_C,27818
blk36,8,30,ssa08_28774_T_A,28774
blk36,8,31,ssa08_29423_C_G,29423
blk36,8,32,ssa08_29695_A_T,29695
blk36,8,33,ssa08_30499_G_C,30499
blk36,8,34,ssa08_30796_T_A,30796
blk36,8,35,ssa08_30818_C_G,30818
blk36,8,36,ssa08_30999_A_T,30999
blk36,8,37,ssa08_31490_G_C,31490
blk36,8,38,ssa08_33774_T_A,33774
blk36,8,39,ssa08_36377_C_G,36377
blk36,8,40,ssa08_36805_A_T,36805
blk36,8,41,ssa08_36823_G_C,36823
blk36,8,42,ssa08_39544_T_A,39544
blk36,8,43,ssa08_41257_C_G,41257
blk36,8,44,ssa08_41306_A_T,41306
blk36,8,45,ssa08_44119_G_C,44119
blk36,8,46,ssa08_44667_T_A,44667
blk36,8,47,ssa08_46970_C_G,46970
blk36,8,48,ssa08_48652_A_T,48652
blk36,8,49,ssa08_50136_G_C,50136
blk36,8,50,ssa08_50190_T_A,50190
blk36,8,51,ssa08_50507_C_G,50507
blk36,8,52,ssa08_52400_A_T,52400
blk36,8,53,ssa08_53739_G_C,53739
blk36,8,54,ssa08_53957_T_A,53957
blk36,8,55,ssa08_55795_C_G,55795
blk36,8,56,ssa08_55845_A_T,55845
blk36,8,57,ssa08_56540_G_C,56540
blk36,8,58,ssa08_57041_T_A,57041
blk36,8,59,ssa08_57072_C_G,57072
blk36,8,60,ssa08_61313_A_T,61313
blk36,8,61,ssa08_62221_G_C,62221
blk36,8,62,ssa08_64529_T_A,64529
blk36,8,63,ssa08_65682_C_G,65682
blk36,8,64,ssa08_66912_A_T,66912
blk36,8,65,ssa08_67011_G_C,67011
blk36,8,66,ssa08_67541_T_A,67541
blk36,8,67,ssa08_67809_C_G,67809
blk36,8,68,ssa08_70678_A_T,70678
blk36,8,69,ssa08_70819_G_C,70819
blk36,8,70,ssa08_72276_T_A,72276
blk36,8,71,ssa08_72861_C_G,72861
blk36,8,72,ssa08_72879_A_T,72879
blk36,8,73,ssa08_73270_G_C,73270
blk36,8,74,ssa08_75089_T_A,75089
blk36,8,75,ssa08_76281_C_G,76281
blk36,8,76,ssa08_78372_A_T,78372
blk36,8,77,ssa08_80420_G_C,80420
blk36,8,78,ssa08_82016_T_A,82016
blk36,8,79,ssa08_84875_C_G,84875
blk36,8,80,ssa08_85832_A_T,85832
blk36,8,81,ssa08_87525_G_C,87525
blk36,8,82,ssa08_89183_T_A,89183
blk36,8,83,ssa08_89501_C_G,89501
blk36,8,84,ssa08_89918_A_T,89918
blk36,8,85,ssa08_90557_G_C,90557
blk36,8,86,ssa08_90827_T_A,90827
blk36,8,87,ssa08_92842_C_G,92842
blk36,8,88,ssa08_92887_A_T,92887
blk36,8,89,ssa08_93002_G_C,93002
blk36,8,90,ssa08_93369_T_A,93369
blk36,8,91,ssa08_93402_C_G,93402
blk36,8,92,ssa08_94697_A_T,94697
blk36,8,93,ssa08_94884_G_C,94884
blk36,8,94,ssa08_95248_T_A,95248
blk36,8,95,ssa08_95655_C_G,95655
blk36,8,96,ssa08_96524_A_T,96524
blk36,8,97,ssa08_96804_G_C,96804
blk36,8,98,ssa08_99325_T_A,99325
blk36,8,99,ssa08_99454_C_G,99454
blk36,8,100,ssa08_99507_A_T,99507
blk36,8,101,ssa08_99688_G_C,99688
blk36,8,102,ssa08_100598_T_A,100598
blk36,8,103,ssa08_100678_C_G,100678
blk36,8,104,ssa08_101195_A_T,101195
blk36,8,105,ssa08_101522_G_C,101522
blk36,8,106,ssa08_102204_T_A,102204
blk37,8,107,ssa08_103139_C_G,103139
blk37,8,108,ssa08_103466_A_T,103466
blk37,8,109,ssa08_104937_G_C,104937
blk37,8,110,ssa08_106089_T_A,106089
blk37,8,111,ssa08_107161_C_G,107161
blk37,8,112,ssa08_107279_A_T,107279
blk37,8,113,ssa08_108465_G_C,108465
blk37,8,114,ssa08_109181_T_A,109181
blk37,8,115,ssa08_110228_C_G,110228
blk37,8,116,ssa08_111829_A_T,111829
blk37,8,117,ssa08_112384_G_C,112384
blk37,8,118,ssa08_113403_T_A,113403
blk37,8,119,ssa08_115206_C_G,115206
blk37,8,120,ssa08_117566_A_T,117566
blk37,8,121,ssa08_118207_G_C,118207
blk37,8,122,ssa08_119418_T_A,119418
blk37,8,123,ssa08_119452_C_G,119452
blk37,8,124,ssa08_119967_A_T,119967
blk37,8,125,ssa08_121279_G_C,121279
blk37,8,126,ssa08_121457_T_A,121457
blk37,8,127,ssa08_121575_C_G,121575
blk37,8,128,ssa08_123065_A_T,123065
blk37,8,129,ssa08_124958_G_C,124958
blk37,8,130,ssa08_128033_T_A,128033
blk37,8,131,ssa08_129243_C_G,129243
blk37,8,132,ssa08_129926_A_T,129926
blk37,8,133,ssa08_130549_G_C,130549
blk37,8,134,ssa08_132532_T_A,132532
blk37,8,135,ssa08_133148_C_G,133148
blk37,8,136,ssa08_134221_A_T,134221
blk37,8,137,ssa08_134334_G_C,134334
blk37,8,138,ssa08_134433_T_A,134433
blk37,8,139,ssa08_134759_C_G,134759
blk37,8,140,ssa08_136836_A_T,136836
blk37,8,141,ssa08_137787_G_C,137787
blk37,8,142,ssa08_137811_T_A,137811
blk37,8,143,ssa08_138406_C_G,138406
blk37,8,144,ssa08_138676_A_T,138676
blk37,8,145,ssa08_140629_G_C,140629
blk37,8,146,ssa08_142103_T_A,142103
blk37,8,147,ssa08_143641_C_G,143641
blk37,8,148,ssa08_144665_A_T,144665
blk37,8,149,ssa08_145812_G_C,145812
blk37,8,150,ssa08_146603_T_A,146603
blk37,8,151,ssa08_147083_C_G,147083
blk37,8,152,ssa08_149330_A_T,149330
blk37,8,153,ssa08_150747_G_C,150747
blk37,8,154,ssa08_156479_T_A,156479
blk37,8,155,ssa08_156501_C_G,156501
blk37,8,156,ssa08_157965_A_T,157965
blk37,8,157,ssa08_158456_G_C,158456
blk37,8,158,ssa08_159397_T_A,159397
blk37,8,159,ssa08_159757_C_G,159757
blk37,8,160,ssa08_162276_A_T,162276
blk37,8,161,ssa08_162838_G_C,162838
blk37,8,162,ssa08_164315_T_A,164315
blk37,8,163,ssa08_164365_C_G,164365
blk37,8,164,ssa08_165887_A_T,165887
blk37,8,165,ssa08_166270_G_C,166270
blk37,8,166,ssa08_167022_T_A,167022
blk37,8,167,ssa08_169396_C_G,169396
blk37,8,168,ssa08_169820_A_T,169820
blk37,8,169,ssa08_171288_G_C,171288
blk37,8,170,ssa08_171920_T_A,171920
blk37,8,171,ssa08_173179_C_G,173179
blk37,8,172,ssa08_174715_A_T,174715
blk37,8,173,ssa08_175302_G_C,175302
blk37,8,174,ssa08_177215_T_A,177215
blk37,8,175,ssa08_177627_C_G,177627
blk37,8,176,ssa08_177927_A_T,177927
blk37,8,177,ssa08_178692_G_C,178692
blk37,8,178,ssa08_179667_T_A,179667
blk37,8,179,ssa08_182052_C_G,182052
blk37,8,180,ssa08_182240_A_T,182240
blk37,8,181,ssa08_182521_G_C,182521
blk37,8,182,ssa08_183237_T_A,183237
blk37,8,183,ssa08_183919_C_G,183919
blk37,8,184,ssa08_184725_A_T,184725
blk37,8,185,ssa08_186701_G_C,186701
blk37,8,186,ssa08_188961_T_A,188961
blk37,8,187,ssa08_189610_C_G,189610
blk37,8,188,ssa08_189717_A_T,189717
blk37,8,189,ssa08_190096_G_C,190096
blk37,8,190,ssa08_194363_T_A,194363
blk37,8,191,ssa08_194756_C_G,194756
blk37,8,192,ssa08_195631_A_T,195631
blk37,8,193,ssa08_197186_G_C,197186
blk37,8,194,ssa08_197560_T_A,197560
blk37,8,195,ssa08_197989_C_G,197989
blk37,8,196,ssa08_198690_A_T,198690
blk37,8,197,ssa08_199169_G_C,199169
blk37,8,198,ssa08_199393_T_A,199393
blk37,8,199,ssa08_199950_C_G,199950
blk37,8,200,ssa08_200600_A_T,200600
blk37,8,201,ssa08_200925_G_C,200925
blk37,8,202,ssa08_202295_T_A,202295
blk38,8,203,ssa08_203704_C_G,203704
blk38,8,204,ssa08_203884_A_T,203884
blk38,8,205,ssa08_204388_G_C,204388
blk38,8,206,ssa08_205483_T_A,205483
blk38,8,207,ssa08_207074_C_G,207074
blk38,8,208,ssa08_207185_A_T,207185
blk38,8,209,ssa08_207779_G_C,207779
blk38,8,210,ssa08_208391_T_A,208391
blk38,8,211,ssa08_209937_C_G,209937
blk38,8,212,ssa08_210194_A_T,210194
blk38,8,213,ssa08_210254_G_C,210254
blk38,8,214,ssa08_211009_T_A,211009
blk38,8,215,ssa08_211341_C_G,211341
blk38,8,216,ssa08_212185_A_T,212185
blk38,8,217,ssa08_213364_G_C,213364
blk38,8,218,ssa08_214539_T_A,214539
blk38,8,219,ssa08_215497_C_G,215497
blk38,8,220,ssa08_216980_A_T,216980
blk38,8,221,ssa08_217342_G_C,217342
blk38,8,222,ssa08_217770_T_A,217770
blk38,8,223,ssa08_217981_C_G,217981
blk38,8,224,ssa08_218037_A_T,218037
blk38,8,225,ssa08_218926_G_C,218926
blk38,8,226,ssa08_219455_T_A,219455
blk38,8,227,ssa08_219486_C_G,219486
blk38,8,228,ssa08_219688_A_T,219688
blk38,8,229,ssa08_221096_G_C,221096
blk38,8,230,ssa08_221511_T_A,221511
blk38,8,231,ssa08_221972_C_G,221972
blk38,8,232,ssa08_222508_A_T,222508
blk38,8,233,ssa08_223115_G_C,223115
blk38,8,234,ssa08_223994_T_A,223994
blk38,8,235,ssa08_224010_C_G,224010
blk38,8,236,ssa08_224176_A_T,224176
blk38,8,237,ssa08_224983_G_C,224983
blk38,8,238,ssa08_225293_T_A,225293
blk38,8,239,ssa08_226872_C_G,226872
blk38,8,240,ssa08_227808_A_T,227808
blk38,8,241,ssa08_228362_G_C,228362
blk38,8,242,ssa08_228598_T_A,228598
blk38,8,243,ssa08_229398_C_G,229398
blk38,8,244,ssa08_230034_A_T,230034
blk38,8,245,ssa08_231081_G_C,231081
blk38,8,246,ssa08_232325_T_A,232325
blk38,8,247,ssa08_233001_C_G,233001
blk38,8,248,ssa08_233172_A_T,233172
blk38,8,249,ssa08_233235_G_C,233235
blk38,8,250,ssa08_236327_T_A,236327
blk38,8,251,ssa08_237745_C_G,237745
blk38,8,252,ssa08_238296_A_T,238296
blk38,8,253,ssa08_240863_G_C,240863
blk38,8,254,ssa08_240871_T_A,240871
blk38,8,255,ssa08_242314_C_G,242314
blk38,8,256,ssa08_243085_A_T,243085
blk38,8,257,ssa08_243505_G_C,243505
blk38,8,258,ssa08_244246_T_A,244246
blk38,8,259,ssa08_245743_C_G,245743
blk38,8,260,ssa08_248671_A_T,248671
blk38,8,261,ssa08_249065_G_C,249065
blk38,8,262,ssa08_249086_T_A,249086
blk38,8,263,ssa08_249737_C_G,249737
blk38,8,264,ssa08_252055_A_T,252055
blk38,8,265,ssa08_253346_G_C,253346
blk38,8,266,ssa08_253433_T_A,253433
blk38,8,267,ssa08_253643_C_G,253643
blk38,8,268,ssa08_254178_A_T,254178
blk38,8,269,ssa08_257246_G_C,257246
blk38,8,270,ssa08_257341_T_A,257341
blk38,8,271,ssa08_258836_C_G,258836
blk38,8,272,ssa08_259847_A_T,259847
blk38,8,273,ssa08_260261_G_C,260261
blk38,8,274,ssa08_260554_T_A,260554
blk38,8,275,ssa08_261107_C_G,261107
blk38,8,276,ssa08_261208_A_T,261208
blk38,8,277,ssa08_261434_G_C,261434
blk38,8,278,ssa08_263027_T_A,263027
blk38,8,279,ssa08_264892_C_G,264892
blk38,8,280,ssa08_268210_A_T,268210
blk38,8,281,ssa08_268685_G_C,268685
blk38,8,282,ssa08_269058_T_A,269058
blk38,8,283,ssa08_269415_C_G,269415
blk38,8,284,ssa08_270021_A_T,270021
blk38,8,285,ssa08_270379_G_C,270379
blk38,8,286,ssa08_270506_T_A,270506
blk38,8,287,ssa08_270562_C_G,270562
blk38,8,288,ssa08_271621_A_T,271621
blk38,8,289,ssa08_273754_G_C,273754
blk38,8,290,ssa08_274266_T_A,274266
blk38,8,291,ssa08_274754_C_G,274754
blk38,8,292,ssa08_276722_A_T,276722
blk38,8,293,ssa08_278995_G_C,278995
blk38,8,294,ssa08_282491_T_A,282491
blk38,8,295,ssa08_282671_C_G,282671
blk38,8,296,ssa08_283976_A_T,283976
blk38,8,297,ssa08_284952_G_C,284952
blk38,8,298,ssa08_285607_T_A,285607
blk38,8,299,ssa08_285669_C_G,285669
blk38,8,300,ssa08_285958_A_T,285958
blk38,8,301,ssa08_289060_G_C,289060
blk38,8,302,ssa08_289744_T_A,289744
blk38,8,303,ssa08_289935_C_G,289935
blk38,8,304,ssa08_290683_A_T,290683
blk38,8,305,ssa08_291930_G_C,291930
blk38,8,306,ssa08_292129_T_A,292129
blk38,8,307,ssa08_292696_C_G,292696
blk38,8,308,ssa08_296292_A_T,296292
blk38,8,309,ssa08_297730_G_C,297730
blk38,8,310,ssa08_299473_T_A,299473
blk38,8,311,ssa08_299895_C_G,299895
blk38,8,312,ssa08_301978_A_T,301978
blk38,8,313,ssa08_302098_G_C,302098
blk38,8,314,ssa08_302472_T_A,302472
blk38,8,315,ssa08_302659_C_G,302659
blk38,8,316,ssa08_302760_A_T,302760
blk39,8,317,ssa08_302833_G_C,302833
blk39,8,318,ssa08_304256_T_A,304256
blk39,8,319,ssa08_305257_C_G,305257
blk39,8,320,ssa08_305903_A_T,305903
blk39,8,321,ssa08_306236_G_C,306236
blk39,8,322,ssa08_306537_T_A,306537
blk39,8,323,ssa08_306611_C_G,306611
blk39,8,324,ssa08_306908_A_T,306908
blk39,8,325,ssa08_307399_G_C,307399
blk39,8,326,ssa08_308827_T_A,308827
blk39,8,327,ssa08_310736_C_G,310736
blk39,8,328,ssa08_311890_A_T,311890
blk39,8,329,ssa08_314186_G_C,314186
blk39,8,330,ssa08_314592_T_A,314592
blk39,8,331,ssa08_314769_C_G,314769
blk39,8,332,ssa08_315080_A_T,315080
blk39,8,333,ssa08_317548_G_C,317548
blk39,8,334,ssa08_317968_T_A,317968
blk39,8,335,ssa08_318408_C_G,318408
blk39,8,336,ssa08_318894_A_T,318894
blk39,8,337,ssa08_320130_G_C,320130
blk39,8,338,ssa08_324461_T_A,324461
blk39,8,339,ssa08_325814_C_G,325814
blk39,8,340,ssa08_329009_A_T,329009
blk39,8,341,ssa08_332268_G_C,332268
blk39,8,342,ssa08_332296_T_A,332296
blk39,8,343,ssa08_332975_C_G,332975
blk39,8,344,ssa08_335577_A_T,335577
blk39,8,345,ssa08_335619_G_C,335619
blk39,8,346,ssa08_336508_T_A,336508
blk39,8,347,ssa08_337277_C_G,337277
blk39,8,348,ssa08_337506_A_T,337506
blk39,8,349,ssa08_338020_G_C,338020
blk39,8,350,ssa08_339510_T_A,339510
blk39,8,351,ssa08_341257_C_G,341257
blk39,8,352,ssa08_342389_A_T,342389
blk39,8,353,ssa08_342999_G_C,342999
blk39,8,354,ssa08_352566_T_A,352566
blk39,8,355,ssa08_354045_C_G,354045
blk39,8,356,ssa08_355928_A_T,355928
blk39,8,357,ssa08_357799_G_C,357799
blk39,8,358,ssa08_358263_T_A,358263
blk39,8,359,ssa08_359961_C_G,359961
blk39,8,360,ssa08_360981_A_T,360981
blk39,8,361,ssa08_361680_G_C,361680
blk39,8,362,ssa08_365713_T_A,365713
blk39,8,363,ssa08_366186_C_G,366186
blk39,8,364,ssa08_367015_A_T,367015
blk39,8,365,ssa08_367853_G_C,367853
blk39,8,366,ssa08_370523_T_A,370523
blk39,8,367,ssa08_370936_C_G,370936
blk39,8,368,ssa08_372406_A_T,372406
blk39,8,369,ssa08_372533_G_C,372533
blk39,8,370,ssa08_373087_T_A,373087
blk39,8,371,ssa08_373427_C_G,373427
blk39,8,372,ssa08_374546_A_T,374546
blk39,8,373,ssa08_374605_G_C,374605
blk39,8,374,ssa08_375947_T_A,375947
blk39,8,375,ssa08_377853_C_G,377853
blk39,8,376,ssa08_377991_A_T,377991
blk39,8,377,ssa08_377998_G_C,377998
blk39,8,378,ssa08_381897_T_A,381897
blk39,8,379,ssa08_381969_C_G,381969
blk39,8,380,ssa08_384717_A_T,384717
blk39,8,381,ssa08_385321_G_C,385321
blk39,8,382,ssa08_386152_T_A,386152
blk39,8,383,ssa08_386521_C_G,386521
blk39,8,384,ssa08_386978_A_T,386978
blk39,8,385,ssa08_387697_G_C,387697
blk39,8,386,ssa08_387762_T_A,387762
blk39,8,387,ssa08_390548_C_G,390548
blk39,8,388,ssa08_391161_A_T,391161
blk39,8,389,ssa08_391634_G_C,391634
blk39,8,390,ssa08_392022_T_A,392022
blk39,8,391,ssa08_392318_C_G,392318
blk39,8,392,ssa08_393100_A_T,393100
blk39,8,393,ssa08_393139_G_C,393139
blk39,8,394,ssa08_394802_T_A,394802
blk39,8,395,ssa08_396260_C_G,396260
blk39,8,396,ssa08_396281_A_T,396281
blk39,8,397,ssa08_397570_G_C,397570
blk39,8,398,ssa08_398430_T_A,398430
blk39,8,399,ssa08_399304_C_G,399304
blk39,8,400,ssa08_399886_A_T,399886
blk39,8,401,ssa08_400562_G_C,400562
blk40,8,402,ssa08_403087_T_A,403087
blk40,8,403,ssa08_403414_C_G,403414
blk40,8,404,ssa08_403718_A_T,403718
blk40,8,405,ssa08_404031_G_C,404031
blk40,8,406,ssa08_404702_T_A,404702
blk40,8,407,ssa08_405054_C_G,405054
blk40,8,408,ssa08_406390_A_T,406390
blk40,8,409,ssa08_406444_G_C,406444
blk40,8,410,ssa08_408346_T_A,408346
blk40,8,411,ssa08_408500_C_G,408500
blk40,8,412,ssa08_409501_A_T,409501
blk40,8,413,ssa08_410894_G_C,410894
blk40,8,414,ssa08_411312_T_A,411312
blk40,8,415,ssa08_411803_C_G,411803
blk40,8,416,ssa08_414702_A_T,414702
blk40,8,417,ssa08_414881_G_C,414881
blk40,8,418,ssa08_416061_T_A,416061
blk40,8,419,ssa08_419105_C_G,419105
blk40,8,420,ssa08_419121_A_T,419121
blk40,8,421,ssa08_419662_G_C,419662
blk40,8,422,ssa08_419729_T_A,419729
blk40,8,423,ssa08_421188_C_G,421188
blk40,8,424,ssa08_424277_A_T,424277
blk40,8,425,ssa08_424827_G_C,424827
blk40,8,426,ssa08_425729_T_A,425729
blk40,8,427,ssa08_425794_C_G,425794
blk40,8,428,ssa08_426021_A_T,426021
blk40,8,429,ssa08_428251_G_C,428251
blk40,8,430,ssa08_431049_T_A,431049
blk40,8,431,ssa08_432224_C_G,432224
blk40,8,432,ssa08_432910_A_T,432910
blk40,8,433,ssa08_433748_G_C,433748
blk40,8,434,ssa08_436444_T_A,436444
blk40,8,435,ssa08_436932_C_G,436932
blk40,8,436,ssa08_437913_A_T,437913
blk40,8,437,ssa08_437987_G_C,437987
blk40,8,438,ssa08_442223_T_A,442223
blk40,8,439,ssa08_443855_C_G,443855
blk40,8,440,ssa08_444436_A_T,444436
blk40,8,441,ssa08_445147_G_C,445147
blk40,8,442,ssa08_446560_T_A,446560
blk40,8,443,ssa08_448922_C_G,448922
blk40,8,444,ssa08_452380_A_T,452380
blk40,8,445,ssa08_454758_G_C,454758
blk40,8,446,ssa08_454821_T_A,454821
blk40,8,447,ssa08_457025_C_G,457025
blk40,8,448,ssa08_457321_A_T,457321
blk40,8,449,ssa08_457737_G_C,457737
blk40,8,450,ssa08_458176_T_A,458176
blk40,8,451,ssa08_459810_C_G,459810
blk40,8,452,ssa08_460212_A_T,460212
blk40,8,453,ssa08_460743_G_C,460743
blk40,8,454,ssa08_461019_T_A,461019
blk40,8,455,ssa08_461128_C_G,461128
blk40,8,456,ssa08_461734_A_T,461734
blk40,8,457,ssa08_462848_G_C,462848
blk40,8,458,ssa08_462964_T_A,462964
blk40,8,459,ssa08_463813_C_G,463813
blk40,8,460,ssa08_465823_A_T,465823
blk40,8,461,ssa08_465880_G_C,465880
blk40,8,462,ssa08_465948_T_A,465948
blk40,8,463,ssa08_466049_C_G,466049
blk40,8,464,ssa08_466329_A_T,466329
blk40,8,465,ssa08_466552_G_C,466552
blk40,8,466,ssa08_466564_T_A,466564
blk40,8,467,ssa08_466710_C_G,466710
blk40,8,468,ssa08_466864_A_T,466864
blk40,8,469,ssa08_468192_G_C,468192
blk40,8,470,ssa08_468450_T_A,468450
blk40,8,471,ssa08_469123_C_G,469123
blk40,8,472,ssa08_470507_A_T,470507
blk40,8,473,ssa08_470518_G_C,470518
blk40,8,474,ssa08_470918_T_A,470918
blk40,8,475,ssa08_471644_C_G,471644
blk40,8,476,ssa08_472830_A_T,472830
blk40,8,477,ssa08_474436_G_C,474436
blk40,8,478,ssa08_475575_T_A,475575
blk40,8,479,ssa08_477005_C_G,477005
blk40,8,480,ssa08_477437_A_T,477437
blk40,8,481,ssa08_478522_G_C,478522
blk40,8,482,ssa08_478919_T_A,478919
blk40,8,483,ssa08_479634_C_G,479634
blk40,8,484,ssa08_479877_A_T,479877
blk40,8,485,ssa08_480141_G_C,480141
blk40,8,486,ssa08_484770_T_A,484770
blk40,8,487,ssa08_485216_C_G,485216
blk40,8,488,ssa08_486082_A_T,486082
blk40,8,489,ssa08_488507_G_C,488507
blk40,8,490,ssa08_489980_T_A,489980
blk40,8,491,ssa08_490486_C_G,490486
blk40,8,492,ssa08_492209_A_T,492209
blk40,8,493,ssa08_492269_G_C,492269
blk40,8,494,ssa08_492714_T_A,492714
blk40,8,495,ssa08_494120_C_G,494120
blk40,8,496,ssa08_494843_A_T,494843
blk40,8,497,ssa08_497697_G_C,497697
blk40,8,498,ssa08_498264_T_A,498264
blk40,8,499,ssa08_499565_C_G,499565
blk41,9,0,ssa09_1799_A_T,1799
blk41,9,1,ssa09_2214_G_C,2214
blk41,9,2,ssa09_3668_T_A,3668
blk41,9,3,ssa09_5220_C_G,5220
blk41,9,4,ssa09_6504_A_T,6504
blk41,9,5,ssa09_6527_G_C,6527
blk41,9,6,ssa09_7062_T_A,7062
blk41,9,7,ssa09_9936_C_G,9936
blk41,9,8,ssa09_13194_A_T,13194
blk41,9,9,ssa09_13208_G_C,13208
blk41,9,10,ssa09_13304_T_A,13304
blk41,9,11,ssa09_13747_C_G,13747
blk41,9,12,ssa09_17522_A_T,17522
blk41,9,13,ssa09_18809_G_C,18809
blk41,9,14,ssa09_18988_T_A,18988
blk41,9,15,ssa09_19644_C_G,19644
blk41,9,16,ssa09_19779_A_T,19779
blk41,9,17,ssa09_20152_G_C,20152
blk41,9,18,ssa09_20205_T_A,20205
blk41,9,19,ssa09_23213_C_G,23213
blk41,9,20,ssa09_25090_A_T,25090
blk41,9,21,ssa09_25754_G_C,25754
blk41,9,22,ssa09_28662_T_A,28662
blk41,9,23,ssa09_29383_C_G,29383
blk41,9,24,ssa09_32633_A_T,32633
blk41,9,25,ssa09_32996_G_C,32996
blk41,9,26,ssa09_33503_T_A,33503
blk41,9,27,ssa09_34234_C_G,34234
blk41,9,28,ssa09_36012_A_T,36012
blk41,9,29,ssa09_38214_G_C,38214
blk41,9,30,ssa09_38373_T_A,38373
blk41,9,31,ssa09_38659_C_G,38659
blk41,9,32,ssa09_40977_A_T,40977
blk41,9,33,ssa09_42962_G_C,42962
blk41,9,34,ssa09_43023_T_A,43023
blk41,9,35,ssa09_43179_C_G,43179
blk41,9,36,ssa09_43217_A_T,43217
blk41,9,37,ssa09_43283_G_C,43283
blk41,9,38,ssa09_44376_T_A,44376
blk41,9,39,ssa09_45350_C_G,45350
blk41,9,40,ssa09_46021_A_T,46021
blk41,9,41,ssa09_47324_G_C,47324
blk41,9,42,ssa09_47455_T_A,47455
blk41,9,43,ssa09_50145_C_G,50145
blk41,9,44,ssa09_50411_A_T,50411
blk41,9,45,ssa09_51362_G_C,51362
blk41,9,46,ssa09_52829_T_A,52829
blk41,9,47,ssa09_53284_C_G,53284
blk41,9,48,ssa09_54006_A_T,54006
blk41,9,49,ssa09_54081_G_C,54081
blk41,9,50,ssa09_55272_T_A,55272
blk41,9,51,ssa09_56342_C_G,56342
blk41,9,52,ssa09_56557_A_T,56557
blk41,9,53,ssa09_57304_G_C,57304
blk41,9,54,ssa09_60097_T_A,60097
blk41,9,55,ssa09_61130_C_G,61130
blk41,9,56,ssa09_61462_A_T,61462
blk41,9,57,ssa09_61505_G_C,61505
blk41,9,58,ssa09_62225_T_A,62225
blk41,9,59,ssa09_62398_C_G,62398
blk41,9,60,ssa09_63128_A_T,63128
blk41,9,61,ssa09_63406_G_C,63406
blk41,9,62,ssa09_63428_T_A,63428
blk41,9,63,ssa09_65963_C_G,65963
blk41,9,64,ssa09_66114_A_T,66114
blk41,9,65,ssa09_66250_G_C,66250
blk41,9,66,ssa09_68159_T_A,68159
blk41,9,67,ssa09_68444_C_G,68444
blk41,9,68,ssa09_69224_A_T,69224
blk41,9,69,ssa09_70880_G_C,70880
blk41,9,70,ssa09_71104_T_A,71104
blk41,9,71,ssa09_72490_C_G,72490
blk41,9,72,ssa09_73740_A_T,73740
blk41,9,73,ssa09_74143_G_C,74143
blk41,9,74,ssa09_74378_T_A,74378
blk41,9,75,ssa09_75288_C_G,75288
blk41,9,76,ssa09_76571_A_T,76571
blk41,9,77,ssa09_77910_G_C,77910
blk41,9,78,ssa09_78905_T_A,78905
blk41,9,79,ssa09_79220_C_G,79220
blk41,9,80,ssa09_81614_A_T,81614
blk41,9,81,ssa09_81746_G_C,81746
blk41,9,82,ssa09_82279_T_A,82279
blk41,9,83,ssa09_82369_C_G,82369
blk41,9,84,ssa09_83661_A_T,83661
blk41,9,85,ssa09_84223_G_C,84223
blk41,9,86,ssa09_88009_T_A,88009
blk41,9,87,ssa09_88721_C_G,88721
blk41,9,88,ssa09_89141_A_T,89141
blk41,9,89,ssa09_90065_G_C,90065
blk41,9,90,ssa09_93426_T_A,93426
blk41,9,91,ssa09_93717_C_G,93717
blk41,9,92,ssa09_94744_A_T,94744
blk41,9,93,ssa09_95815_G_C,95815
blk41,9,94,ssa09_96100_T_A,96100
blk41,9,95,ssa09_96802_C_G,96802
blk41,9,96,ssa09_99967_A_T,99967
blk41,9,97,ssa09_100900_G_C,100900
blk42,9,98,ssa09_101908_T_A,101908
blk42,9,99,ssa09_103211_C_G,103211
blk42,9,100,ssa09_103585_A_T,103585
blk42,9,101,ssa09_106028_G_C,106028
blk42,9,102,ssa09_106073_T_A,106073
blk42,9,103,ssa09_106863_C_G,106863
blk42,9,104,ssa09_110044_A_T,110044
blk42,9,105,ssa09_110495_G_C,110495
blk42,9,106,ssa09_111670_T_A,111670
blk42,9,107,ssa09_112374_C_G,112374
blk42,9,108,ssa09_113559_A_T,113559
blk42,9,109,ssa09_113730_G_C,113730
blk42,9,110,ssa09_116722_T_A,116722
blk42,9,111,ssa09_117785_C_G,117785
blk42,9,112,ssa09_121597_A_T,121597
blk42,9,113,ssa09_122800_G_C,122800
blk42,9,114,ssa09_124798_T_A,124798
blk42,9,115,ssa09_125679_C_G,125679
blk42,9,116,ssa09_128600_A_T,128600
blk42,9,117,ssa09_130188_G_C,130188
blk42,9,118,ssa09_130973_T_A,130973
blk42,9,119,ssa09_132051_C_G,132051
blk42,9,120,ssa09_133597_A_T,133597
blk42,9,121,ssa09_134632_G_C,134632
blk42,9,122,ssa09_136594_T_A,136594
blk42,9,123,ssa09_137380_C_G,137380
blk42,9,124,ssa09_137423_A_T,137423
blk42,9,125,ssa09_137940_G_C,137940
blk42,9,126,ssa09_138896_T_A,138896
blk42,9,127,ssa09_139374_C_G,139374
blk42,9,128,ssa09_140705_A_T,140705
blk42,9,129,ssa09_143506_G_C,143506
blk42,9,130,ssa09_143841_T_A,143841
blk42,9,131,ssa09_143902_C_G,143902
blk42,9,132,ssa09_144250_A_T,144250
blk42,9,133,ssa09_146110_G_C,146110
blk42,9,134,ssa09_146195_T_A,146195
blk42,9,135,ssa09_146936_C_G,146936
blk42,9,136,ssa09_147292_A_T,147292
blk42,9,137,ssa09_147665_G_C,147665
blk42,9,138,ssa09_149657_T_A,149657
blk42,9,139,ssa09_150683_C_G,150683
blk42,9,140,ssa09_150968_A_T,150968
blk42,9,141,ssa09_151808_G_C,151808
blk42,9,142,ssa09_153581_T_A,153581
blk42,9,143,ssa09_154679_C_G,154679
blk42,9,144,ssa09_154703_A_T,154703
blk42,9,145,ssa09_154748_G_C,154748
blk42,9,146,ssa09_155109_T_A,155109
blk42,9,147,ssa09_157200_C_G,157200
blk42,9,148,ssa09_157660_A_T,157660
blk42,9,149,ssa09_157921_G_C,157921
blk42,9,150,ssa09_157937_T_A,157937
blk42,9,151,ssa09_158459_C_G,158459
blk42,9,152,ssa09_159614_A_T,159614
blk42,9,153,ssa09_159675_G_C,159675
blk42,9,154,ssa09_162200_T_A,162200
blk42,9,155,ssa09_163324_C_G,163324
blk42,9,156,ssa09_163441_A_T,163441
blk42,9,157,ssa09_164275_G_C,164275
blk42,9,158,ssa09_165670_T_A,165670
blk42,9,159,ssa09_165717_C_G,165717
blk42,9,160,ssa09_166194_A_T,166194
blk42,9,161,ssa09_166614_G_C,166614
blk42,9,162,ssa09_167924_T_A,167924
blk42,9,163,ssa09_171419_C_G,171419
blk42,9,164,ssa09_171552_A_T,171552
blk42,9,165,ssa09_171594_G_C,171594
blk42,9,166,ssa09_172194_T_A,172194
blk42,9,167,ssa09_174333_C_G,174333
blk42,9,168,ssa09_174420_A_T,174420
blk42,9,169,ssa09_174493_G_C,174493
blk42,9,170,ssa09_174975_T_A,174975
blk42,9,171,ssa09_176890_C_G,176890
blk42,9,172,ssa09_176933_A_T,176933
blk42,9,173,ssa09_177667_G_C,177667
blk42,9,174,ssa09_178064_T_A,178064
blk42,9,175,ssa09_178779_C_G,178779
blk42,9,176,ssa09_178781_A_T,178781
blk42,9,177,ssa09_179785_G_C,179785
blk42,9,178,ssa09_180277_T_A,180277
blk42,9,179,ssa09_181432_C_G,181432
blk42,9,180,ssa09_182224_A_T,182224
blk42,9,181,ssa09_183648_G_C,183648
blk42,9,182,ssa09_186971_T_A,186971
blk42,9,183,ssa09_187448_C_G,187448
blk42,9,184,ssa09_187783_A_T,187783
blk42,9,185,ssa09_189161_G_C,189161
blk42,9,186,ssa09_189384_T_A,189384
blk42,9,187,ssa09_192468_C_G,192468
blk42,9,188,ssa09_192609_A_T,192609
blk42,9,189,ssa09_193002_G_C,193002
blk42,9,190,ssa09_193321_T_A,193321
blk42,9,191,ssa09_195057_C_G,195057
blk42,9,192,ssa09_195145_A_T,195145
blk42,9,193,ssa09_196662_G_C,196662
blk42,9,194,ssa09_198488_T_A,198488
blk42,9,195,ssa09_200242_C_G,200242
blk42,9,196,ssa09_200779_A_T,200779
blk42,9,197,ssa09_201196_G_C,201196
blk43,9,198,ssa09_203385_T_A,203385
blk43,9,199,ssa09_206721_C_G,206721
blk43,9,200,ssa09_207201_A_T,207201
blk43,9,201,ssa09_208214_G_C,208214
blk43,9,202,ssa09_208282_T_A,208282
blk43,9,203,ssa09_209338_C_G,209338
blk43,9,204,ssa09_209643_A_T,209643
blk43,9,205,ssa09_211190_G_C,211190
blk43,9,206,ssa09_211545_T_A,211545
blk43,9,207,ssa09_212621_C_G,212621
blk43,9,208,ssa09_212975_A_T,212975
blk43,9,209,ssa09_214213_G_C,214213
blk43,9,210,ssa09_214325_T_A,214325
blk43,9,211,ssa09_214656_C_G,214656
blk43,9,212,ssa09_215655_A_T,215655
blk43,9,213,ssa09_215728_G_C,215728
blk43,9,214,ssa09_216544_T_A,216544
blk43,9,215,ssa09_216740_C_G,216740
blk43,9,216,ssa09_217095_A_T,217095
blk43,9,217,ssa09_217354_G_C,217354
blk43,9,218,ssa09_217873_T_A,217873
blk43,9,219,ssa09_220371_C_G,220371
blk43,9,220,ssa09_221118_A_T,221118
blk43,9,221,ssa09_222188_G_C,222188
blk43,9,222,ssa09_222863_T_A,222863
blk43,9,223,ssa09_224241_C_G,224241
blk43,9,224,ssa09_225271_A_T,225271
blk43,9,225,ssa09_225410_G_C,225410
blk43,9,226,ssa09_227751_T_A,227751
blk43,9,227,ssa09_229279_C_G,229279
blk43,9,228,ssa09_229486_A_T,229486
blk43,9,229,ssa09_229510_G_C,229510
blk43,9,230,ssa09_229527_T_A,229527
blk43,9,231,ssa09_234363_C_G,234363
blk43,9,232,ssa09_235210_A_T,235210
blk43,9,233,ssa09_235275_G_C,235275
blk43,9,234,ssa09_235780_T_A,235780
blk43,9,235,ssa09_235983_C_G,235983
blk43,9,236,ssa09_236255_A_T,236255
blk43,9,237,ssa09_236817_G_C,236817
blk43,9,238,ssa09_237876_T_A,237876
blk43,9,239,ssa09_239124_C_G,239124
blk43,9,240,ssa09_239722_A_T,239722
blk43,9,241,ssa09_241159_G_C,241159
blk43,9,242,ssa09_242851_T_A,242851
blk43,9,243,ssa09_243929_C_G,243929
blk43,9,244,ssa09_244619_A_T,244619
blk43,9,245,ssa09_245141_G_C,245141
blk43,9,246,ssa09_245516_T_A,245516
blk43,9,247,ssa09_247011_C_G,247011
blk43,9,248,ssa09_247236_A_T,247236
blk43,9,249,ssa09_248363_G_C,248363
blk43,9,250,ssa09_249294_T_A,249294
blk43,9,251,ssa09_250307_C_G,250307
blk43,9,252,ssa09_251726_A_T,251726
blk43,9,253,ssa09_252295_G_C,252295
blk43,9,254,ssa09_252372_T_A,252372
blk43,9,255,ssa09_252702_C_G,252702
blk43,9,256,ssa09_254364_A_T,254364
blk43,9,257,ssa09_256172_G_C,256172
blk43,9,258,ssa09_256713_T_A,256713
blk43,9,259,ssa09_259668_C_G,259668
blk43,9,260,ssa09_262140_A_T,262140
blk43,9,261,ssa09_262326_G_C,262326
blk43,9,262,ssa09_264663_T_A,264663
blk43,9,263,ssa09_264922_C_G,264922
blk43,9,264,ssa09_265066_A_T,265066
blk43,9,265,ssa09_265423_G_C,265423
blk43,9,266,ssa09_267409_T_A,267409
blk43,9,267,ssa09_267671_C_G,267671
blk43,9,268,ssa09_268108_A_T,268108
blk43,9,269,ssa09_268140_G_C,268140
blk43,9,270,ssa09_269402_T_A,269402
blk43,9,271,ssa09_269649_C_G,269649
blk43,9,272,ssa09_272890_A_T,272890
blk43,9,273,ssa09_273728_G_C,273728
blk43,9,274,ssa09_274229_T_A,274229
blk43,9,275,ssa09_274846_C_G,274846
blk43,9,276,ssa09_274963_A_T,274963
blk43,9,277,ssa09_275931_G_C,275931
blk43,9,278,ssa09_277083_T_A,277083
blk43,9,279,ssa09_277350_C_G,277350
blk43,9,280,ssa09_277673_A_T,277673
blk43,9,281,ssa09_282586_G_C,282586
blk43,9,282,ssa09_283627_T_A,283627
blk43,9,283,ssa09_284746_C_G,284746
blk43,9,284,ssa09_285085_A_T,285085
blk43,9,285,ssa09_285168_G_C,285168
blk43,9,286,ssa09_285671_T_A,285671
blk43,9,287,ssa09_285708_C_G,285708
blk43,9,288,ssa09_286169_A_T,286169
blk43,9,289,ssa09_286203_G_C,286203
blk43,9,290,ssa09_287779_T_A,287779
blk43,9,291,ssa09_288141_C_G,288141
blk43,9,292,ssa09_288571_A_T,288571
blk43,9,293,ssa09_289388_G_C,289388
blk43,9,294,ssa09_289505_T_A,289505
blk43,9,295,ssa09_291227_C_G,291227
blk43,9,296,ssa09_291853_A_T,291853
blk43,9,297,ssa09_292439_G_C,292439
blk43,9,298,ssa09_294323_T_A,294323
blk43,9,299,ssa09_294652_C_G,294652
blk43,9,300,ssa09_295066_A_T,295066
blk43,9,301,ssa09_295835_G_C,295835
blk43,9,302,ssa09_296306_T_A,296306
blk43,9,303,ssa09_297825_C_G,297825
blk43,9,304,ssa09_300048_A_T,300048
blk43,9,305,ssa09_300336_G_C,300336
blk43,9,306,ssa09_300413_T_A,300413
blk43,9,307,ssa09_301234_C_G,301234
blk44,9,308,ssa09_303547_A_T,303547
blk44,9,309,ssa09_303555_G_C,303555
blk44,9,310,ssa09_303619_T_A,303619
blk44,9,311,ssa09_303959_C_G,303959
blk44,9,312,ssa09_304515_A_T,304515
blk44,9,313,ssa09_305088_G_C,305088
blk44,9,314,ssa09_305442_T_A,305442
blk44,9,315,ssa09_307272_C_G,307272
blk44,9,316,ssa09_307569_A_T,307569
blk44,9,317,ssa09_307580_G_C,307580
blk44,9,318,ssa09_307944_T_A,307944
blk44,9,319,ssa09_308570_C_G,308570
blk44,9,320,ssa09_309567_A_T,309567
blk44,9,321,ssa09_310028_G_C,310028
blk44,9,322,ssa09_310321_T_A,310321
blk44,9,323,ssa09_312650_C_G,312650
blk44,9,324,ssa09_312673_A_T,312673
blk44,9,325,ssa09_312707_G_C,312707
blk44,9,326,ssa09_312763_T_A,312763
blk44,9,327,ssa09_315776_C_G,315776
blk44,9,328,ssa09_315913_A_T,315913
blk44,9,329,ssa09_316015_G_C,316015
blk44,9,330,ssa09_316860_T_A,316860
blk44,9,331,ssa09_318084_C_G,318084
blk44,9,332,ssa09_318124_A_T,318124
blk44,9,333,ssa09_318387_G_C,318387
blk44,9,334,ssa09_318679_T_A,318679
blk44,9,335,ssa09_318780_C_G,318780
blk44,9,336,ssa09_319459_A_T,319459
blk44,9,337,ssa09_321134_G_C,321134
blk44,9,338,ssa09_321757_T_A,321757
blk44,9,339,ssa09_324201_C_G,324201
blk44,9,340,ssa09_324793_A_T,324793
blk44,9,341,ssa09_328775_G_C,328775
blk44,9,342,ssa09_329138_T_A,329138
blk44,9,343,ssa09_329172_C_G,329172
blk44,9,344,ssa09_329240_A_T,329240
blk44,9,345,ssa09_336461_G_C,336461
blk44,9,346,ssa09_336696_T_A,336696
blk44,9,347,ssa09_337457_C_G,337457
blk44,9,348,ssa09_337601_A_T,337601
blk44,9,349,ssa09_340050_G_C,340050
blk44,9,350,ssa09_340476_T_A,340476
blk44,9,351,ssa09_340515_C_G,340515
blk44,9,352,ssa09_343094_A_T,343094
blk44,9,353,ssa09_343192_G_C,343192
blk44,9,354,ssa09_345244_T_A,345244
blk44,9,355,ssa09_345498_C_G,345498
blk44,9,356,ssa09_346315_A_T,346315
blk44,9,357,ssa09_346429_G_C,346429
blk44,9,358,ssa09_348488_T_A,348488
blk44,9,359,ssa09_350090_C_G,350090
blk44,9,360,ssa09_352125_A_T,352125
blk44,9,361,ssa09_352454_G_C,352454
blk44,9,362,ssa09_352511_T_A,352511
blk44,9,363,ssa09_352821_C_G,352821
blk44,9,364,ssa09_353138_A_T,353138
blk44,9,365,ssa09_353914_G_C,353914
blk44,9,366,ssa09_354881_T_A,354881
blk44,9,367,ssa09_355074_C_G,355074
blk44,9,368,ssa09_355820_A_T,355820
blk44,9,369,ssa09_357940_G_C,357940
blk44,9,370,ssa09_358413_T_A,358413
blk44,9,371,ssa09_358648_C_G,358648
blk44,9,372,ssa09_359506_A_T,359506
blk44,9,373,ssa09_361648_G_C,361648
blk44,9,374,ssa09_365952_T_A,365952
blk44,9,375,ssa09_367540_C_G,367540
blk44,9,376,ssa09_367627_A_T,367627
blk44,9,377,ssa09_368093_G_C,368093
blk44,9,378,ssa09_368525_T_A,368525
blk44,9,379,ssa09_369464_C_G,369464
blk44,9,380,ssa09_370848_A_T,370848
blk44,9,381,ssa09_371341_G_C,371341
blk44,9,382,ssa09_371903_T_A,371903
blk44,9,383,ssa09_372230_C_G,372230
blk44,9,384,ssa09_372569_A_T,372569
blk44,9,385,ssa09_372658_G_C,372658
blk44,9,386,ssa09_373383_T_A,373383
blk44,9,387,ssa09_373914_C_G,373914
blk44,9,388,ssa09_375140_A_T,375140
blk44,9,389,ssa09_375268_G_C,375268
blk44,9,390,ssa09_375842_T_A,375842
blk44,9,391,ssa09_376132_C_G,376132
blk44,9,392,ssa09_377416_A_T,377416
blk44,9,393,ssa09_378600_G_C,378600
blk44,9,394,ssa09_379781_T_A,379781
blk44,9,395,ssa09_379808_C_G,379808
blk44,9,396,ssa09_380813_A_T,380813
blk44,9,397,ssa09_381582_G_C,381582
blk44,9,398,ssa09_382821_T_A,382821
blk44,9,399,ssa09_383069_C_G,383069
blk44,9,400,ssa09_383676_A_T,383676
blk44,9,401,ssa09_388080_G_C,388080
blk44,9,402,ssa09_388733_T_A,388733
blk44,9,403,ssa09_389582_C_G,389582
blk44,9,404,ssa09_391099_A_T,391099
blk44,9,405,ssa09_394130_G_C,394130
blk44,9,406,ssa09_395548_T_A,395548
blk44,9,407,ssa09_397436_C_G,397436
blk44,9,408,ssa09_397743_A_T,397743
blk44,9,409,ssa09_399697_G_C,399697
blk44,9,410,ssa09_401081_T_A,401081
blk44,9,411,ssa09_401218_C_G,401218
blk44,9,412,ssa09_401605_A_T,401605
blk45,9,413,ssa09_401837_G_C,401837
blk45,9,414,ssa09_405377_T_A,405377
blk45,9,415,ssa09_405491_C_G,405491
blk45,9,416,ssa09_406304_A_T,406304
blk45,9,417,ssa09_408327_G_C,408327
blk45,9,418,ssa09_408863_T_A,408863
blk45,9,419,ssa09_409758_C_G,409758
blk45,9,420,ssa09_412137_A_T,412137
blk45,9,421,ssa09_412220_G_C,412220
blk45,9,422,ssa09_413575_T_A,413575
blk45,9,423,ssa09_413720_C_G,413720
blk45,9,424,ssa09_414816_A_T,414816
blk45,9,425,ssa09_416328_G_C,416328
blk45,9,426,ssa09_417135_T_A,417135
blk45,9,427,ssa09_418460_C_G,418460
blk45,9,428,ssa09_420633_A_T,420633
blk45,9,429,ssa09_421904_G_C,421904
blk45,9,430,ssa09_423379_T_A,423379
blk45,9,431,ssa09_425853_C_G,425853
blk45,9,432,ssa09_426154_A_T,426154
blk45,9,433,ssa09_426716_G_C,426716
blk45,9,434,ssa09_427775_T_A,427775
blk45,9,435,ssa09_428780_C_G,428780
blk45,9,436,ssa09_428781_A_T,428781
blk45,9,437,ssa09_428903_G_C,428903
blk45,9,438,ssa09_429093_T_A,429093
blk45,9,439,ssa09_430382_C_G,430382
blk45,9,440,ssa09_430855_A_T,430855
blk45,9,441,ssa09_432329_G_C,432329
blk45,9,442,ssa09_432700_T_A,432700
blk45,9,443,ssa09_433203_C_G,433203
blk45,9,444,ssa09_433703_A_T,433703
blk45,9,445,ssa09_436226_G_C,436226
blk45,9,446,ssa09_436888_T_A,436888
blk45,9,447,ssa09_442306_C_G,442306
blk45,9,448,ssa09_442385_A_T,442385
blk45,9,449,ssa09_443756_G_C,443756
blk45,9,450,ssa09_445077_T_A,445077
blk45,9,451,ssa09_445537_C_G,445537
blk45,9,452,ssa09_446603_A_T,446603
blk45,9,453,ssa09_450804_G_C,450804
blk45,9,454,ssa09_451363_T_A,451363
blk45,9,455,ssa09_453476_C_G,453476
blk45,9,456,ssa09_453511_A_T,453511
blk45,9,457,ssa09_454530_G_C,454530
blk45,9,458,ssa09_455166_T_A,455166
blk45,9,459,ssa09_457046_C_G,457046
blk45,9,460,ssa09_457178_A_T,457178
blk45,9,461,ssa09_460258_G_C,460258
blk45,9,462,ssa09_460475_T_A,460475
blk45,9,463,ssa09_461841_C_G,461841
blk45,9,464,ssa09_463289_A_T,463289
blk45,9,465,ssa09_463760_G_C,463760
blk45,9,466,ssa09_464984_T_A,464984
blk45,9,467,ssa09_466168_C_G,466168
blk45,9,468,ssa09_466365_A_T,466365
blk45,9,469,ssa09_466999_G_C,466999
blk45,9,470,ssa09_467616_T_A,467616
blk45,9,471,ssa09_467743_C_G,467743
blk45,9,472,ssa09_469290_A_T,469290
blk45,9,473,ssa09_469570_G_C,469570
blk45,9,474,ssa09_470106_T_A,470106
blk45,9,475,ssa09_470379_C_G,470379
blk45,9,476,ssa09_471452_A_T,471452
blk45,9,477,ssa09_471701_G_C,471701
blk45,9,478,ssa09_473116_T_A,473116
blk45,9,479,ssa09_476221_C_G,476221
blk45,9,480,ssa09_476261_A_T,476261
blk45,9,481,ssa09_476361_G_C,476361
blk45,9,482,ssa09_478222_T_A,478222
blk45,9,483,ssa09_479177_C_G,479177
blk45,9,484,ssa09_479650_A_T,479650
blk45,9,485,ssa09_480658_G_C,480658
blk45,9,486,ssa09_481638_T_A,481638
blk45,9,487,ssa09_482071_C_G,482071
blk45,9,488,ssa09_482146_A_T,482146
blk45,9,489,ssa09_484786_G_C,484786
blk45,9,490,ssa09_485702_T_A,485702
blk45,9,491,ssa09_485820_C_G,485820
blk45,9,492,ssa09_488857_A_T,488857
blk45,9,493,ssa09_490043_G_C,490043
blk45,9,494,ssa09_492203_T_A,492203
blk45,9,495,ssa09_496250_C_G,496250
blk45,9,496,ssa09_496558_A_T,496558
blk45,9,497,ssa09_496673_G_C,496673
blk45,9,498,ssa09_497130_T_A,497130
blk45,9,499,ssa09_498444_C_G,498444
blk46,10,0,ssa10_3831_A_T,3831
blk46,10,1,ssa10_4082_G_C,4082
blk46,10,2,ssa10_4649_T_A,4649
blk46,10,3,ssa10_6431_C_G,6431
blk46,10,4,ssa10_6473_A_T,6473
blk46,10,5,ssa10_6617_G_C,6617
blk46,10,6,ssa10_8098_T_A,8098
blk46,10,7,ssa10_8800_C_G,8800
blk46,10,8,ssa10_8995_A_T,8995
blk46,10,9,ssa10_9499_G_C,9499
blk46,10,10,ssa10_9928_T_A,9928
blk46,10,11,ssa10_10842_C_G,10842
blk46,10,12,ssa10_10861_A_T,10861
blk46,10,13,ssa10_11532_G_C,11532
blk46,10,14,ssa10_11672_T_A,11672
blk46,10,15,ssa10_11915_C_G,11915
blk46,10,16,ssa10_14248_A_T,14248
blk46,10,17,ssa10_14755_G_C,14755
blk46,10,18,ssa10_14921_T_A,14921
blk46,10,19,ssa10_15616_C_G,15616
blk46,10,20,ssa10_19688_A_T,19688
blk46,10,21,ssa10_21847_G_C,21847
blk46,10,22,ssa10_23595_T_A,23595
blk46,10,23,ssa10_23875_C_G,23875
blk46,10,24,ssa10_25720_A_T,25720
blk46,10,25,ssa10_26465_G_C,26465
blk46,10,26,ssa10_27276_T_A,27276
blk46,10,27,ssa10_27586_C_G,27586
blk46,10,28,ssa10_29381_A_T,29381
blk46,10,29,ssa10_31096_G_C,31096
blk46,10,30,ssa10_32186_T_A,32186
blk46,10,31,ssa10_32613_C_G,32613
blk46,10,32,ssa10_32787_A_T,32787
blk46,10,33,ssa10_33172_G_C,33172
blk46,10,34,ssa10_33398_T_A,33398
blk46,10,35,ssa10_37658_C_G,37658
blk46,10,36,ssa10_39477_A_T,39477
blk46,10,37,ssa10_39551_G_C,39551
blk46,10,38,ssa10_40758_T_A,40758
blk46,10,39,ssa10_43419_C_G,43419
blk46,10,40,ssa10_44045_A_T,44045
blk46,10,41,ssa10_44166_G_C,44166
blk46,10,42,ssa10_48101_T_A,48101
blk46,10,43,ssa10_49031_C_G,49031
blk46,10,44,ssa10_50903_A_T,50903
blk46,10,45,ssa10_51598_G_C,51598
blk46,10,46,ssa10_52026_T_A,52026
blk46,10,47,ssa10_53690_C_G,53690
blk46,10,48,ssa10_54409_A_T,54409
blk46,10,49,ssa10_55050_G_C,55050
blk46,10,50,ssa10_56022_T_A,56022
blk46,10,51,ssa10_56550_C_G,56550
blk46,10,52,ssa10_56791_A_T,56791
blk46,10,53,ssa10_58567_G_C,58567
blk46,10,54,ssa10_59008_T_A,59008
blk46,10,55,ssa10_59034_C_G,59034
blk46,10,56,ssa10_60236_A_T,60236
blk46,10,57,ssa10_60537_G_C,60537
blk46,10,58,ssa10_61520_T_A,61520
blk46,10,59,ssa10_62174_C_G,62174
blk46,10,60,ssa10_62202_A_T,62202
blk46,10,61,ssa10_62769_G_C,62769
blk46,10,62,ssa10_62938_T_A,62938
blk46,10,63,ssa10_67701_C_G,67701
blk46,10,64,ssa10_68881_A_T,68881
blk46,10,65,ssa10_69246_G_C,69246
blk46,10,66,ssa10_71319_T_A,71319
blk46,10,67,ssa10_71822_C_G,71822
blk46,10,68,ssa10_72303_A_T,72303
blk46,10,69,ssa10_72321_G_C,72321
blk46,10,70,ssa10_72343_T_A,72343
blk46,10,71,ssa10_72605_C_G,72605
blk46,10,72,ssa10_73417_A_T,73417
blk46,10,73,ssa10_74142_G_C,74142
blk46,10,74,ssa10_74552_T_A,74552
blk46,10,75,ssa10_75572_C_G,75572
blk46,10,76,ssa10_76113_A_T,76113
blk46,10,77,ssa10_77084_G_C,77084
blk46,10,78,ssa10_77384_T_A,77384
blk46,10,79,ssa10_78000_C_G,78000
blk46,10,80,ssa10_78129_A_T,78129
blk46,10,81,ssa10_83466_G_C,83466
blk46,10,82,ssa10_83726_T_A,83726
blk46,10,83,ssa10_84677_C_G,84677
blk46,10,84,ssa10_85799_A_T,85799
blk46,10,85,ssa10_86229_G_C,86229
blk46,10,86,ssa10_87706_T_A,87706
blk46,10,87,ssa10_88616_C_G,88616
blk46,10,88,ssa10_88654_A_T,88654
blk46,10,89,ssa10_88719_G_C,88719
blk46,10,90,ssa10_88969_T_A,88969
blk46,10,91,ssa10_89675_C_G,89675
blk46,10,92,ssa10_89925_A_T,89925
blk46,10,93,ssa10_90268_G_C,90268
blk46,10,94,ssa10_92525_T_A,92525
blk46,10,95,ssa10_92891_C_G,92891
blk46,10,96,ssa10_93482_A_T,93482
blk46,10,97,ssa10_95769_G_C,95769
blk46,10,98,ssa10_97073_T_A,97073
blk46,10,99,ssa10_98337_C_G,98337
blk46,10,100,ssa10_99170_A_T,99170
blk46,10,101,ssa10_99873_G_C,99873
blk46,10,102,ssa10_100964_T_A,100964
blk46,10,103,ssa10_101330_C_G,101330
blk46,10,104,ssa10_101954_A_T,101954
blk46,10,105,ssa10_102553_G_C,102553
blk46,10,106,ssa10_103610_T_A,103610
blk47,10,107,ssa10_105553_C_G,105553
blk47,10,108,ssa10_106885_A_T,106885
blk47,10,109,ssa10_107482_G_C,107482
blk47,10,110,ssa10_109241_T_A,109241
blk47,10,111,ssa10_109622_C_G,109622
blk47,10,112,ssa10_109999_A_T,109999
blk47,10,113,ssa10_112143_G_C,112143
blk47,10,114,ssa10_112753_T_A,112753
blk47,10,115,ssa10_112931_C_G,112931
blk47,10,116,ssa10_113148_A_T,113148
blk47,10,117,ssa10_113300_G_C,113300
blk47,10,118,ssa10_113305_T_A,113305
blk47,10,119,ssa10_114261_C_G,114261
blk47,10,120,ssa10_114292_A_T,114292
blk47,10,121,ssa10_114606_G_C,114606
blk47,10,122,ssa10_114642_T_A,114642
blk47,10,123,ssa10_115067_C_G,115067
blk47,10,124,ssa10_116490_A_T,116490
blk47,10,125,ssa10_119636_G_C,119636
blk47,10,126,ssa10_122586_T_A,122586
blk47,10,127,ssa10_125254_C_G,125254
blk47,10,128,ssa10_125558_A_T,125558
blk47,10,129,ssa10_125693_G_C,125693
blk47,10,130,ssa10_126324_T_A,126324
blk47,10,131,ssa10_127224_C_G,127224
blk47,10,132,ssa10_127524_A_T,127524
blk47,10,133,ssa10_128657_G_C,128657
blk47,10,134,ssa10_129311_T_A,129311
blk47,10,135,ssa10_129706_C_G,129706
blk47,10,136,ssa10_129898_A_T,129898
blk47,10,137,ssa10_131564_G_C,131564
blk47,10,138,ssa10_132103_T_A,132103
blk47,10,139,ssa10_132239_C_G,132239
blk47,10,140,ssa10_133299_A_T,133299
blk47,10,141,ssa10_135125_G_C,135125
blk47,10,142,ssa10_135752_T_A,135752
blk47,10,143,ssa10_135866_C_G,135866
blk47,10,144,ssa10_135878_A_T,135878
blk47,10,145,ssa10_139326_G_C,139326
blk47,10,146,ssa10_139523_T_A,139523
blk47,10,147,ssa10_140276_C_G,140276
blk47,10,148,ssa10_141609_A_T,141609
blk47,10,149,ssa10_145804_G_C,145804
blk47,10,150,ssa10_146281_T_A,146281
blk47,10,151,ssa10_147108_C_G,147108
blk47,10,152,ssa10_148359_A_T,148359
blk47,10,153,ssa10_148676_G_C,148676
blk47,10,154,ssa10_150007_T_A,150007
blk47,10,155,ssa10_150068_C_G,150068
blk47,10,156,ssa10_151240_A_T,151240
blk47,10,157,ssa10_151421_G_C,151421
blk47,10,158,ssa10_151724_T_A,151724
blk47,10,159,ssa10_152325_C_G,152325
blk47,10,160,ssa10_153025_A_T,153025
blk47,10,161,ssa10_154783_G_C,154783
blk47,10,162,ssa10_155364_T_A,155364
blk47,10,163,ssa10_155962_C_G,155962
blk47,10,164,ssa10_156595_A_T,156595
blk47,10,165,ssa10_157730_G_C,157730
blk47,10,166,ssa10_159947_T_A,159947
blk47,10,167,ssa10_159998_C_G,159998
blk47,10,168,ssa10_161239_A_T,161239
blk47,10,169,ssa10_163917_G_C,163917
blk47,10,170,ssa10_164802_T_A,164802
blk47,10,171,ssa10_164889_C_G,164889
blk47,10,172,ssa10_167328_A_T,167328
blk47,10,173,ssa10_167953_G_C,167953
blk47,10,174,ssa10_168783_T_A,168783
blk47,10,175,ssa10_169058_C_G,169058
blk47,10,176,ssa10_169731_A_T,169731
blk47,10,177,ssa10_170126_G_C,170126
blk47,10,178,ssa10_170284_T_A,170284
blk47,10,179,ssa10_170431_C_G,170431
blk47,10,180,ssa10_171234_A_T,171234
blk47,10,181,ssa10_171443_G_C,171443
blk47,10,182,ssa10_171452_T_A,171452
blk47,10,183,ssa10_174623_C_G,174623
blk47,10,184,ssa10_174649_A_T,174649
blk47,10,185,ssa10_174813_G_C,174813
blk47,10,186,ssa10_175438_T_A,175438
blk47,10,187,ssa10_176551_C_G,176551
blk47,10,188,ssa10_181462_A_T,181462
blk47,10,189,ssa10_181861_G_C,181861
blk47,10,190,ssa10_182477_T_A,182477
blk47,10,191,ssa10_182859_C_G,182859
blk47,10,192,ssa10_183789_A_T,183789
blk47,10,193,ssa10_184644_G_C,184644
blk47,10,194,ssa10_185614_T_A,185614
blk47,10,195,ssa10_186286_C_G,186286
blk47,10,196,ssa10_186648_A_T,186648
blk47,10,197,ssa10_188408_G_C,188408
blk47,10,198,ssa10_188885_T_A,188885
blk47,10,199,ssa10_189284_C_G,189284
blk47,10,200,ssa10_189554_A_T,189554
blk47,10,201,ssa10_189963_G_C,189963
blk47,10,202,ssa10_190064_T_A,190064
blk47,10,203,ssa10_190627_C_G,190627
blk47,10,204,ssa10_190734_A_T,190734
blk47,10,205,ssa10_191123_G_C,191123
blk47,10,206,ssa10_194016_T_A,194016
blk47,10,207,ssa10_194057_C_G,194057
blk47,10,208,ssa10_194211_A_T,194211
blk47,10,209,ssa10_195243_G_C,195243
blk47,10,210,ssa10_195600_T_A,195600
blk47,10,211,ssa10_195943_C_G,195943
blk47,10,212,ssa10_197126_A_T,197126
blk47,10,213,ssa10_197391_G_C,197391
blk47,10,214,ssa10_197544_T_A,197544
blk47,10,215,ssa10_197934_C_G,197934
blk47,10,216,ssa10_199472_A_T,199472
blk47,10,217,ssa10_201194_G_C,201194
blk47,10,218,ssa10_201686_T_A,201686
blk47,10,219,ssa10_201845_C_G,201845
blk47,10,220,ssa10_202592_A_T,202592
blk47,10,221,ssa10_202705_G_C,202705
blk47,10,222,ssa10_203444_T_A,203444
blk48,10,223,ssa10_203981_C_G,203981
blk48,10,224,ssa10_205141_A_T,205141
blk48,10,225,ssa10_208046_G_C,208046
blk48,10,226,ssa10_208613_T_A,208613
blk48,10,227,ssa10_208813_C_G,208813
blk48,10,228,ssa10_209861_A_T,209861
blk48,10,229,ssa10_211250_G_C,211250
blk48,10,230,ssa10_214823_T_A,214823
blk48,10,231,ssa10_215226_C_G,215226
blk48,10,232,ssa10_217446_A_T,217446
blk48,10,233,ssa10_218103_G_C,218103
blk48,10,234,ssa10_218324_T_A,218324
blk48,10,235,ssa10_218396_C_G,218396
blk48,10,236,ssa10_221155_A_T,221155
blk48,10,237,ssa10_221242_G_C,221242
blk48,10,238,ssa10_221619_T_A,221619
blk48,10,239,ssa10_222167_C_G,222167
blk48,10,240,ssa10_223046_A_T,223046
blk48,10,241,ssa10_223502_G_C,223502
blk48,10,242,ssa10_229403_T_A,229403
blk48,10,243,ssa10_230786_C_G,230786
blk48,10,244,ssa10_231611_A_T,231611
blk48,10,245,ssa10_234323_G_C,234323
blk48,10,246,ssa10_234647_T_A,234647
blk48,10,247,ssa10_234654_C_G,234654
blk48,10,248,ssa10_235118_A_T,235118
blk48,10,249,ssa10_238364_G_C,238364
blk48,10,250,ssa10_239091_T_A,239091
blk48,10,251,ssa10_240933_C_G,240933
blk48,10,252,ssa10_241161_A_T,241161
blk48,10,253,ssa10_242063_G_C,242063
blk48,10,254,ssa10_242261_T_A,242261
blk48,10,255,ssa10_242921_C_G,242921
blk48,10,256,ssa10_243433_A_T,243433
blk48,10,257,ssa10_245195_G_C,245195
blk48,10,258,ssa10_245420_T_A,245420
blk48,10,259,ssa10_246119_C_G,246119
blk48,10,260,ssa10_246274_A_T,246274
blk48,10,261,ssa10_246983_G_C,246983
blk48,10,262,ssa10_247270_T_A,247270
blk48,10,263,ssa10_248013_C_G,248013
blk48,10,264,ssa10_248084_A_T,248084
blk48,10,265,ssa10_251502_G_C,251502
blk48,10,266,ssa10_252001_T_A,252001
blk48,10,267,ssa10_252934_C_G,252934
blk48,10,268,ssa10_253274_A_T,253274
blk48,10,269,ssa10_254280_G_C,254280
blk48,10,270,ssa10_256437_T_A,256437
blk48,10,271,ssa10_256588_C_G,256588
blk48,10,272,ssa10_259818_A_T,259818
blk48,10,273,ssa10_261149_G_C,261149
blk48,10,274,ssa10_261195_T_A,261195
blk48,10,275,ssa10_261495_C_G,261495
blk48,10,276,ssa10_263942_A_T,263942
blk48,10,277,ssa10_266205_G_C,266205
blk48,10,278,ssa10_267882_T_A,267882
blk48,10,279,ssa10_269325_C_G,269325
blk48,10,280,ssa10_271388_A_T,271388
blk48,10,281,ssa10_271677_G_C,271677
blk48,10,282,ssa10_273944_T_A,273944
blk48,10,283,ssa10_274569_C_G,274569
blk48,10,284,ssa10_274900_A_T,274900
blk48,10,285,ssa10_275305_G_C,275305
blk48,10,286,ssa10_281645_T_A,281645
blk48,10,287,ssa10_282782_C_G,282782
blk48,10,288,ssa10_282794_A_T,282794
blk48,10,289,ssa10_283051_G_C,283051
blk48,10,290,ssa10_283588_T_A,283588
blk48,10,291,ssa10_283732_C_G,283732
blk48,10,292,ssa10_284504_A_T,284504
blk48,10,293,ssa10_285803_G_C,285803
blk48,10,294,ssa10_286772_T_A,286772
blk48,10,295,ssa10_287637_C_G,287637
blk48,10,296,ssa10_288423_A_T,288423
blk48,10,297,ssa10_296540_G_C,296540
blk48,10,298,ssa10_296881_T_A,296881
blk48,10,299,ssa10_297731_C_G,297731
blk48,10,300,ssa10_297837_A_T,297837
blk48,10,301,ssa10_298222_G_C,298222
blk48,10,302,ssa10_298881_T_A,298881
blk48,10,303,ssa10_301119_C_G,301119
blk48,10,304,ssa10_302692_A_T,302692
blk48,10,305,ssa10_303734_G_C,303734
blk49,10,306,ssa10_304170_T_A,304170
blk49,10,307,ssa10_304195_C_G,304195
blk49,10,308,ssa10_304504_A_T,304504
blk49,10,309,ssa10_305505_G_C,305505
blk49,10,310,ssa10_307110_T_A,307110
blk49,10,311,ssa10_307357_C_G,307357
blk49,10,312,ssa10_307827_A_T,307827
blk49,10,313,ssa10_308778_G_C,308778
blk49,10,314,ssa10_309406_T_A,309406
blk49,10,315,ssa10_309627_C_G,309627
blk49,10,316,ssa10_309658_A_T,309658
blk49,10,317,ssa10_309683_G_C,309683
blk49,10,318,ssa10_310633_T_A,310633
blk49,10,319,ssa10_311363_C_G,311363
blk49,10,320,ssa10_313760_A_T,313760
blk49,10,321,ssa10_316263_G_C,316263
blk49,10,322,ssa10_316715_T_A,316715
blk49,10,323,ssa10_317725_C_G,317725
blk49,10,324,ssa10_318562_A_T,318562
blk49,10,325,ssa10_320297_G_C,320297
blk49,10,326,ssa10_320542_T_A,320542
blk49,10,327,ssa10_320880_C_G,320880
blk49,10,328,ssa10_320966_A_T,320966
blk49,10,329,ssa10_322219_G_C,322219
blk49,10,330,ssa10_323160_T_A,323160
blk49,10,331,ssa10_325684_C_G,325684
blk49,10,332,ssa10_326321_A_T,326321
blk49,10,333,ssa10_327425_G_C,327425
blk49,10,334,ssa10_327509_T_A,327509
blk49,10,335,ssa10_328397_C_G,328397
blk49,10,336,ssa10_328675_A_T,328675
blk49,10,337,ssa10_332435_G_C,332435
blk49,10,338,ssa10_333377_T_A,333377
blk49,10,339,ssa10_333511_C_G,333511
blk49,10,340,ssa10_335630_A_T,335630
blk49,10,341,ssa10_335711_G_C,335711
blk49,10,342,ssa10_335887_T_A,335887
blk49,10,343,ssa10_338078_C_G,338078
blk49,10,344,ssa10_338496_A_T,338496
blk49,10,345,ssa10_342198_G_C,342198
blk49,10,346,ssa10_342246_T_A,342246
blk49,10,347,ssa10_342433_C_G,342433
blk49,10,348,ssa10_342695_A_T,342695
blk49,10,349,ssa10_343447_G_C,343447
blk49,10,350,ssa10_346103_T_A,346103
blk49,10,351,ssa10_347747_C_G,347747
blk49,10,352,ssa10_351231_A_T,351231
blk49,10,353,ssa10_353607_G_C,353607
blk49,10,354,ssa10_355474_T_A,355474
blk49,10,355,ssa10_355564_C_G,355564
blk49,10,356,ssa10_355889_A_T,355889
blk49,10,357,ssa10_356563_G_C,356563
blk49,10,358,ssa10_358151_T_A,358151
blk49,10,359,ssa10_359523_C_G,359523
blk49,10,360,ssa10_360575_A_T,360575
blk49,10,361,ssa10_360814_G_C,360814
blk49,10,362,ssa10_361267_T_A,361267
blk49,10,363,ssa10_361353_C_G,361353
blk49,10,364,ssa10_365642_A_T,365642
blk49,10,365,ssa10_366965_G_C,366965
blk49,10,366,ssa10_367761_T_A,367761
blk49,10,367,ssa10_369463_C_G,369463
blk49,10,368,ssa10_369464_A_T,369464
blk49,10,369,ssa10_369739_G_C,369739
blk49,10,370,ssa10_371081_T_A,371081
blk49,10,371,ssa10_371245_C_G,371245
blk49,10,372,ssa10_372179_A_T,372179
blk49,10,373,ssa10_372182_G_C,372182
blk49,10,374,ssa10_372863_T_A,372863
blk49,10,375,ssa10_373253_C_G,373253
blk49,10,376,ssa10_374391_A_T,374391
blk49,10,377,ssa10_374516_G_C,374516
blk49,10,378,ssa10_375061_T_A,375061
blk49,10,379,ssa10_376398_C_G,376398
blk49,10,380,ssa10_376817_A_T,376817
blk49,10,381,ssa10_378136_G_C,378136
blk49,10,382,ssa10_378959_T_A,378959
blk49,10,383,ssa10_382106_C_G,382106
blk49,10,384,ssa10_382520_A_T,382520
blk49,10,385,ssa10_384495_G_C,384495
blk49,10,386,ssa10_385214_T_A,385214
blk49,10,387,ssa10_386834_C_G,386834
blk49,10,388,ssa10_386901_A_T,386901
blk49,10,389,ssa10_387227_G_C,387227
blk49,10,390,ssa10_387424_T_A,387424
blk49,10,391,ssa10_387534_C_G,387534
blk49,10,392,ssa10_387756_A_T,387756
blk49,10,393,ssa10_391505_G_C,391505
blk49,10,394,ssa10_393108_T_A,393108
blk49,10,395,ssa10_395841_C_G,395841
blk49,10,396,ssa10_396290_A_T,396290
blk49,10,397,ssa10_396463_G_C,396463
blk49,10,398,ssa10_397781_T_A,397781
blk49,10,399,ssa10_399034_C_G,399034
blk49,10,400,ssa10_399441_A_T,399441
blk49,10,401,ssa10_400189_G_C,400189
blk49,10,402,ssa10_400913_T_A,400913
blk49,10,403,ssa10_401228_C_G,401228
blk49,10,404,ssa10_401572_A_T,401572
blk49,10,405,ssa10_402454_G_C,402454
blk49,10,406,ssa10_402533_T_A,402533
blk49,10,407,ssa10_403258_C_G,403258
blk50,10,408,ssa10_404500_A_T,404500
blk50,10,409,ssa10_405512_G_C,405512
blk50,10,410,ssa10_409117_T_A,409117
blk50,10,411,ssa10_409613_C_G,409613
blk50,10,412,ssa10_409756_A_T,409756
blk50,10,413,ssa10_411698_G_C,411698
blk50,10,414,ssa10_412645_T_A,412645
blk50,10,415,ssa10_413566_C_G,413566
blk50,10,416,ssa10_413730_A_T,413730
blk50,10,417,ssa10_414964_G_C,414964
blk50,10,418,ssa10_415323_T_A,415323
blk50,10,419,ssa10_417250_C_G,417250
blk50,10,420,ssa10_422332_A_T,422332
blk50,10,421,ssa10_423689_G_C,423689
blk50,10,422,ssa10_424147_T_A,424147
blk50,10,423,ssa10_424254_C_G,424254
blk50,10,424,ssa10_424275_A_T,424275
blk50,10,425,ssa10_425047_G_C,425047
blk50,10,426,ssa10_426705_T_A,426705
blk50,10,427,ssa10_427295_C_G,427295
blk50,10,428,ssa10_427876_A_T,427876
blk50,10,429,ssa10_429045_G_C,429045
blk50,10,430,ssa10_430076_T_A,430076
blk50,10,431,ssa10_433420_C_G,433420
blk50,10,432,ssa10_434008_A_T,434008
blk50,10,433,ssa10_434382_G_C,434382
blk50,10,434,ssa10_435770_T_A,435770
blk50,10,435,ssa10_436215_C_G,436215
blk50,10,436,ssa10_436337_A_T,436337
blk50,10,437,ssa10_436523_G_C,436523
blk50,10,438,ssa10_438419_T_A,438419
blk50,10,439,ssa10_441120_C_G,441120
blk50,10,440,ssa10_443333_A_T,443333
blk50,10,441,ssa10_443786_G_C,443786
blk50,10,442,ssa10_444223_T_A,444223
blk50,10,443,ssa10_444463_C_G,444463
blk50,10,444,ssa10_444695_A_T,444695
blk50,10,445,ssa10_444924_G_C,444924
blk50,10,446,ssa10_445837_T_A,445837
blk50,10,447,ssa10_446604_C_G,446604
blk50,10,448,ssa10_447470_A_T,447470
blk50,10,449,ssa10_449113_G_C,449113
blk50,10,450,ssa10_449228_T_A,449228
blk50,10,451,ssa10_449770_C_G,449770
blk50,10,452,ssa10_453513_A_T,453513
blk50,10,453,ssa10_454430_G_C,454430
blk50,10,454,ssa10_458139_T_A,458139
blk50,10,455,ssa10_458346_C_G,458346
blk50,10,456,ssa10_458512_A_T,458512
blk50,10,457,ssa10_459541_G_C,459541
blk50,10,458,ssa10_461210_T_A,461210
blk50,10,459,ssa10_461427_C_G,461427
blk50,10,460,ssa10_462353_A_T,462353
blk50,10,461,ssa10_463889_G_C,463889
blk50,10,462,ssa10_464109_T_A,464109
blk50,10,463,ssa10_464215_C_G,464215
blk50,10,464,ssa10_464528_A_T,464528
blk50,10,465,ssa10_465605_G_C,465605
blk50,10,466,ssa10_466060_T_A,466060
blk50,10,467,ssa10_466519_C_G,466519
blk50,10,468,ssa10_469894_A_T,469894
blk50,10,469,ssa10_470589_G_C,470589
blk50,10,470,ssa10_472624_T_A,472624
blk50,10,471,ssa10_473184_C_G,473184
blk50,10,472,ssa10_473190_A_T,473190
blk50,10,473,ssa10_474987_G_C,474987
blk50,10,474,ssa10_475950_T_A,475950
blk50,10,475,ssa10_476095_C_G,476095
blk50,10,476,ssa10_476979_A_T,476979
blk50,10,477,ssa10_477160_G_C,477160
blk50,10,478,ssa10_478098_T_A,478098
blk50,10,479,ssa10_479613_C_G,479613
blk50,10,480,ssa10_480123_A_T,480123
blk50,10,481,ssa10_481176_G_C,481176
blk50,10,482,ssa10_483066_T_A,483066
blk50,10,483,ssa10_483865_C_G,483865
blk50,10,484,ssa10_484414_A_T,484414
blk50,10,485,ssa10_484628_G_C,484628
blk50,10,486,ssa10_485094_T_A,485094
blk50,10,487,ssa10_486088_C_G,486088
blk50,10,488,ssa10_486091_A_T,486091
blk50,10,489,ssa10_486167_G_C,486167
blk50,10,490,ssa10_486308_T_A,486308
blk50,10,491,ssa10_487186_C_G,487186
blk50,10,492,ssa10_487960_A_T,487960
blk50,10,493,ssa10_488710_G_C,488710
blk50,10,494,ssa10_491424_T_A,491424
blk50,10,495,ssa10_491564_C_G,491564
blk50,10,496,ssa10_493585_A_T,493585
blk50,10,497,ssa10_494307_G_C,494307
blk50,10,498,ssa10_496878_T_A,496878
blk50,10,499,ssa10_497181_C_G,497181
