"id","SNP001","SNP002","SNP003","SNP004","SNP005","SNP006","SNP007","SNP008","SNP009","SNP010","SNP011","SNP012","SNP013","SNP014","SNP015","SNP016","SNP017","SNP018","SNP019","SNP020","SNP021","SNP022","SNP023","SNP024","SNP025","SNP026","SNP027","SNP028","SNP029","SNP030","SNP031","SNP032","SNP033","SNP034","SNP035","SNP036","SNP037","SNP038","SNP039","SNP040","SNP041","SNP042","SNP043","SNP044","SNP045","SNP046","SNP047","SNP048","SNP049","SNP050","SNP051","SNP052","SNP053","SNP054","SNP055","SNP056","SNP057","SNP058","SNP059","SNP060","SNP061","SNP062","SNP063","SNP064","SNP065","SNP066","SNP067","SNP068","SNP069","SNP070","SNP071","SNP072","SNP073","SNP074","SNP075","SNP076","SNP077","SNP078","SNP079","SNP080","SNP081","SNP082","SNP083","SNP084","SNP085","SNP086","SNP087","SNP088","SNP089","SNP090","SNP091","SNP092","SNP093","SNP094","SNP095","SNP096","SNP097","SNP098","SNP099","SNP100","SNP101","SNP102","SNP103","SNP104","SNP105","SNP106","SNP107","SNP108","SNP109","SNP110","SNP111","SNP112","SNP113","SNP114","SNP115","SNP116","SNP117","SNP118","SNP119","SNP120","SNP121","SNP122","SNP123","SNP124","SNP125","SNP126","SNP127","SNP128","SNP129","SNP130","SNP131","SNP132","SNP133","SNP134","SNP135","SNP136","SNP137","SNP138","SNP139","SNP140","SNP141","SNP142","SNP143","SNP144","SNP145","SNP146","SNP147","SNP148","SNP149","SNP150","SNP151","SNP152","SNP153","SNP154","SNP155","SNP156","SNP157","SNP158","SNP159","SNP160","SNP161","SNP162","SNP163","SNP164","SNP165","SNP166","SNP167","SNP168","SNP169","SNP170","SNP171","SNP172","SNP173","SNP174","SNP175","SNP176","SNP177","SNP178","SNP179","SNP180","SNP181","SNP182","SNP183","SNP184","SNP185","SNP186","SNP187","SNP188","SNP189","SNP190","SNP191","SNP192","SNP193","SNP194","SNP195","SNP196","SNP197","SNP198","SNP199","SNP200","SNP201","SNP202","SNP203","SNP204","SNP205","SNP206","SNP207","SNP208","SNP209","SNP210","SNP211","SNP212","SNP213","SNP214","SNP215","SNP216","SNP217","SNP218","SNP219","SNP220","SNP221","SNP222","SNP223","SNP224","SNP225","SNP226","SNP227","SNP228","SNP229","SNP230","SNP231","SNP232","SNP233","SNP234","SNP235","SNP236","SNP237","SNP238","SNP239","SNP240","SNP241","SNP242","SNP243","SNP244","SNP245","SNP246","SNP247","SNP248","SNP249","SNP250","SNP251","SNP252","SNP253","SNP254","SNP255","SNP256","SNP257","SNP258","SNP259","SNP260","SNP261","SNP262","SNP263","SNP264","SNP265","SNP266","SNP267","SNP268","SNP269","SNP270","SNP271","SNP272","SNP273","SNP274","SNP275","SNP276","SNP277","SNP278","SNP279","SNP280","SNP281","SNP282","SNP283","SNP284","SNP285","SNP286","SNP287","SNP288","SNP289","SNP290","SNP291","SNP292","SNP293","SNP294","SNP295","SNP296","SNP297","SNP298","SNP299","SNP300","SNP301","SNP302","SNP303","SNP304","SNP305","SNP306","SNP307","SNP308","SNP309","SNP310","SNP311","SNP312","SNP313","SNP314","SNP315","SNP316","SNP317","SNP318","SNP319","SNP320","SNP321","SNP322","SNP323","SNP324","SNP325","SNP326","SNP327","SNP328","SNP329","SNP330","SNP331","SNP332","SNP333","SNP334","SNP335","SNP336","SNP337","SNP338","SNP339","SNP340","SNP341","SNP342","SNP343","SNP344","SNP345","SNP346","SNP347","SNP348","SNP349","SNP350","SNP351","SNP352","SNP353","SNP354","SNP355","SNP356","SNP357","SNP358","SNP359","SNP360","SNP361","SNP362","SNP363","SNP364","SNP365","SNP366","SNP367","SNP368","SNP369","SNP370","SNP371","SNP372","SNP373","SNP374","SNP375","SNP376","SNP377","SNP378","SNP379","SNP380","SNP381","SNP382","SNP383","SNP384","SNP385","SNP386","SNP387","SNP388","SNP389","SNP390","SNP391","SNP392","SNP393","SNP394","SNP395","SNP396","SNP397","SNP398","SNP399","SNP400","SNP401","SNP402","SNP403","SNP404","SNP405","SNP406","SNP407","SNP408","SNP409","SNP410","SNP411","SNP412","SNP413","SNP414","SNP415","SNP416","SNP417","SNP418","SNP419","SNP420","SNP421","SNP422","SNP423","SNP424","SNP425","SNP426","SNP427","SNP428","SNP429","SNP430","SNP431","SNP432","SNP433","SNP434","SNP435","SNP436","SNP437","SNP438","SNP439","SNP440","SNP441","SNP442","SNP443","SNP444","SNP445","SNP446","SNP447","SNP448","SNP449","SNP450","SNP451","SNP452","SNP453","SNP454","SNP455","SNP456","SNP457","SNP458","SNP459","SNP460","SNP461","SNP462","SNP463","SNP464","SNP465","SNP466","SNP467","SNP468","SNP469","SNP470","SNP471","SNP472","SNP473","SNP474","SNP475","SNP476","SNP477","SNP478","SNP479","SNP480","SNP481","SNP482","SNP483","SNP484","SNP485","SNP486","SNP487","SNP488","SNP489","SNP490","SNP491","SNP492","SNP493","SNP494","SNP495","SNP496","SNP497","SNP498","SNP499","SNP500"
"IND001",1,2,0,0,1,1,0,1,0,2,0,0,2,2,0,1,1,1,2,1,1,0,0,1,0,0,0,1,0,1,0,0,1,1,0,2,0,1,1,1,0,1,0,0,0,1,2,1,1,2,0,0,1,1,0,1,0,0,0,0,0,2,2,0,0,0,0,1,0,1,1,0,1,1,0,0,0,0,0,1,2,2,0,0,1,1,0,0,1,0,0,0,1,1,0,2,0,0,1,1,0,0,1,2,0,0,0,1,1,0,0,2,1,0,0,0,0,1,1,0,0,1,1,0,1,1,2,1,0,2,1,1,0,0,1,0,1,0,0,1,1,0,0,1,1,0,0,1,1,1,1,1,0,0,1,1,0,1,1,2,1,0,0,1,1,1,0,1,0,1,1,0,0,2,0,1,0,1,0,0,1,1,0,1,1,0,1,0,0,0,0,1,0,0,0,0,0,0,1,2,2,1,2,0,1,1,2,2,0,0,1,2,2,0,0,1,0,1,2,1,0,0,1,0,1,0,0,1,0,1,0,0,0,0,1,2,0,1,1,0,0,1,0,0,0,0,1,0,1,1,1,0,1,0,1,0,1,0,1,2,1,1,0,1,0,0,1,1,1,1,2,1,1,0,0,1,0,0,0,1,1,0,0,2,1,1,0,0,0,0,2,0,0,0,0,0,0,1,1,0,1,0,0,2,1,0,0,2,0,1,0,1,1,0,0,0,0,0,1,2,2,0,1,0,0,1,1,2,1,1,1,1,0,0,1,1,0,1,1,0,0,0,0,0,0,0,0,1,1,0,0,1,1,0,0,1,0,1,1,0,1,0,0,1,1,1,0,1,0,0,0,1,1,1,0,2,0,0,0,1,1,0,1,1,2,1,0,2,1,0,2,0,0,0,0,0,1,2,0,0,1,1,0,0,0,0,1,0,0,1,0,1,1,0,0,0,1,1,0,2,2,1,0,2,1,1,0,0,1,1,0,1,1,0,2,0,1,0,0,0,1,2,1,1,1,1,2,0,0,0,0,1,1,1,1,1,0,1,0,1,0,0,2,1,0,0,0,0,0,1,0,0,2,1,0,1,0,2,1,0,1,0,1,0,0,0,0,0,1,0,1,1,2,2,1,1,1,0,1,1
"IND002",1,2,0,0,1,1,0,1,0,2,0,0,2,2,0,1,1,1,2,1,2,0,0,1,0,0,1,1,0,0,0,1,1,1,0,2,0,0,1,0,0,1,0,0,0,1,1,2,1,2,0,0,1,1,0,1,0,0,1,1,0,2,2,0,0,0,0,0,0,0,0,2,1,0,0,1,1,1,0,0,1,1,0,1,0,1,0,0,1,0,0,0,0,0,0,1,0,0,1,1,1,1,1,2,0,1,0,0,1,1,1,1,0,0,0,2,0,0,1,1,0,0,1,0,1,1,0,2,1,2,1,1,0,0,0,0,0,0,0,1,0,0,1,1,0,2,0,1,0,1,1,1,0,0,1,1,0,0,0,2,1,1,0,1,1,1,0,1,0,0,1,0,0,1,0,0,0,1,1,1,0,1,0,1,1,0,1,0,0,0,0,2,0,0,0,0,2,0,0,1,2,1,2,0,0,1,2,1,1,0,0,1,1,0,0,1,0,1,2,1,0,1,1,0,1,0,0,1,0,1,0,0,0,0,0,2,0,1,1,0,0,0,0,0,0,0,0,1,1,2,1,0,1,0,1,0,0,1,2,1,1,0,0,2,0,0,1,0,1,1,1,2,0,1,1,1,0,0,0,1,1,0,0,2,0,1,0,0,0,0,2,0,0,1,1,0,0,1,1,0,1,0,0,2,0,0,0,2,0,0,1,0,1,0,0,1,1,0,1,0,1,0,0,0,0,1,0,1,1,0,0,1,0,1,2,0,1,1,0,0,1,0,0,0,0,0,0,1,1,1,0,1,0,0,1,0,0,2,0,0,0,0,0,1,1,1,1,2,0,0,0,1,2,1,0,2,0,0,0,1,1,0,1,1,2,1,1,1,1,0,2,0,0,1,0,0,2,2,0,0,0,1,1,1,0,0,1,1,0,0,0,2,1,2,0,0,1,1,0,1,1,0,0,1,2,1,1,1,1,1,0,1,1,0,0,1,0,0,0,0,1,1,0,1,1,1,0,0,1,0,0,1,1,2,1,1,0,1,0,2,0,0,2,1,0,0,0,0,0,0,0,0,1,1,0,1,0,0,2,0,0,1,0,0,0,0,0,1,1,0,1,1,2,2,0,2,0,2,1,0
"IND003",1,2,0,0,0,1,2,0,1,2,0,0,0,2,0,1,0,1,1,1,1,0,0,1,0,0,1,0,0,0,0,0,1,1,0,2,0,0,1,0,0,1,0,0,0,2,1,2,1,2,0,0,1,1,1,0,0,1,1,1,0,2,2,0,1,0,1,2,0,1,1,1,1,0,0,0,1,1,0,1,1,1,0,1,1,1,0,0,0,0,0,0,0,2,1,2,0,0,2,1,1,2,1,2,0,1,0,2,1,1,1,1,0,1,0,2,0,0,1,1,0,0,1,0,1,0,1,2,0,2,1,1,0,1,1,0,1,0,0,1,1,0,1,1,1,1,0,0,2,1,1,1,0,1,1,1,0,1,0,2,1,2,0,2,1,0,0,0,0,1,1,0,0,2,0,0,1,1,1,1,1,0,0,2,0,0,1,0,0,0,0,1,0,0,0,0,1,0,0,2,2,1,0,0,0,0,1,1,1,1,1,1,2,0,0,1,0,1,1,1,0,0,1,0,1,0,0,1,1,1,0,0,0,0,1,2,0,1,1,1,0,1,0,0,0,0,0,0,0,0,0,0,0,0,0,1,0,0,1,1,1,1,1,2,0,0,2,1,1,0,2,1,0,1,1,0,0,0,1,1,1,0,0,2,0,0,1,0,0,0,1,0,0,1,1,0,1,1,0,0,1,0,0,2,1,0,0,1,0,0,0,1,1,0,0,1,1,0,1,1,2,0,1,0,1,1,1,2,0,1,1,1,0,0,1,0,1,1,2,0,0,0,0,0,0,0,1,1,1,1,0,0,0,0,0,0,1,1,1,0,0,0,0,0,1,1,0,1,0,0,0,1,1,1,1,1,0,0,0,0,0,0,1,1,2,1,1,1,1,1,2,0,0,1,1,0,1,2,0,0,0,0,0,1,0,0,1,1,0,0,0,1,1,0,0,0,1,1,0,1,1,0,0,2,1,1,0,0,1,1,0,1,1,0,1,1,0,0,0,0,0,1,0,1,0,1,2,0,1,0,0,1,2,2,1,1,0,1,0,2,0,0,2,1,0,1,0,0,1,0,0,1,2,1,0,1,0,1,2,0,1,1,1,0,0,0,0,0,1,1,1,1,2,1,0,1,1,1,1,0
"IND004",1,2,0,0,1,1,1,0,1,2,1,0,2,2,1,0,2,1,1,1,1,0,0,1,0,1,0,2,0,0,0,0,0,1,0,2,0,0,1,0,0,1,0,0,0,1,1,2,1,2,1,0,1,1,1,1,0,1,0,1,0,2,2,0,1,0,0,0,0,2,1,2,1,1,0,1,0,0,0,0,0,2,0,0,0,1,0,0,0,0,1,0,1,0,0,1,0,0,2,1,0,2,1,1,0,1,0,2,1,1,1,1,0,0,0,1,0,1,1,1,0,1,2,0,1,0,1,1,1,2,1,1,0,0,2,0,1,0,0,1,0,0,1,1,1,0,0,0,0,2,1,0,0,0,1,1,0,1,1,2,1,1,0,1,1,1,0,0,0,1,0,0,0,2,0,1,1,1,1,0,0,0,0,1,0,0,1,0,1,0,0,1,0,0,0,0,2,0,0,1,1,1,2,0,1,2,1,2,0,0,1,2,2,0,0,1,0,0,2,1,0,2,1,0,1,0,0,0,0,1,0,1,0,1,0,1,0,1,1,1,0,1,0,0,0,0,0,1,1,1,0,0,1,0,0,1,0,1,1,1,1,1,1,1,0,0,1,1,1,1,2,1,0,1,1,1,0,0,0,1,1,0,0,1,0,0,1,0,0,0,1,0,0,0,0,0,0,1,0,0,1,0,0,2,1,0,0,1,0,0,1,1,1,0,0,1,1,0,2,1,1,0,0,0,1,1,0,1,1,1,1,1,0,1,1,1,1,0,2,0,1,0,0,0,0,0,0,1,1,0,0,1,0,0,0,0,1,2,1,0,1,0,0,0,1,2,0,2,0,0,0,1,2,1,1,0,0,0,0,0,1,0,1,1,1,1,1,1,2,1,1,0,1,1,1,0,1,2,0,0,1,1,1,0,1,0,1,0,0,1,0,1,1,1,0,0,1,1,0,1,2,0,0,1,0,1,0,0,1,0,0,1,0,0,1,1,0,0,0,0,1,2,1,1,1,1,0,0,1,0,0,1,2,2,0,1,0,0,0,1,0,0,1,1,0,1,0,0,0,0,0,0,1,1,0,1,0,1,1,0,0,1,0,0,1,0,0,1,0,1,2,1,1,0,1,2,0,1,1,0
"IND005",1,2,0,0,1,1,0,1,1,2,0,0,2,2,1,1,0,1,2,0,1,0,1,1,0,1,0,0,0,0,0,0,1,1,0,2,0,1,1,1,0,1,0,0,0,1,2,1,1,1,0,0,1,0,0,1,1,1,0,0,0,2,1,0,0,0,0,2,0,2,0,1,1,0,0,0,0,0,2,0,1,1,0,1,1,1,0,0,1,0,0,0,1,1,1,2,0,0,2,1,0,2,1,2,0,0,0,2,0,1,1,1,1,0,0,1,0,1,1,0,0,0,1,1,0,1,2,2,0,2,1,1,0,0,1,0,0,0,0,1,0,0,1,1,0,1,0,0,0,0,1,1,0,1,1,0,0,0,1,2,1,1,0,2,1,1,0,0,0,1,0,0,0,2,0,0,0,1,0,2,1,1,0,1,1,0,1,0,1,0,0,2,0,0,0,0,1,0,1,2,1,1,0,0,1,1,1,2,1,1,1,1,1,0,0,1,0,0,1,1,0,2,1,0,1,1,0,0,1,0,0,1,0,0,1,2,0,1,1,0,0,0,0,0,0,0,1,0,0,0,1,0,0,0,0,1,1,0,2,2,0,1,0,1,0,0,1,1,1,1,1,0,0,0,1,2,0,0,2,1,0,0,0,1,1,1,0,0,1,0,2,0,0,0,0,0,0,1,1,0,1,0,0,2,1,0,0,1,0,0,0,0,0,1,1,1,1,0,1,1,1,0,1,0,1,1,1,1,0,1,0,1,0,1,1,1,1,1,1,0,1,0,0,0,0,0,0,1,1,1,0,0,0,0,0,1,0,2,1,0,0,0,0,0,0,1,0,1,0,0,0,1,2,0,0,0,0,0,1,1,0,0,1,1,2,1,1,1,0,1,2,0,1,1,0,0,2,2,0,0,0,1,1,0,1,0,2,0,0,0,0,1,2,2,0,0,1,1,0,2,2,0,0,1,2,1,1,0,2,0,0,1,0,0,0,1,0,0,0,0,0,2,1,1,1,0,1,0,1,0,0,1,2,2,1,1,0,1,0,1,0,0,1,0,0,0,0,1,1,0,0,0,2,1,0,1,0,2,1,0,1,0,0,0,0,0,0,1,0,1,1,0,1,2,0,2,0,1,0,0
"IND006",1,2,0,0,1,1,0,2,1,2,0,0,0,2,0,1,1,0,2,1,0,0,1,1,0,0,1,1,1,1,0,0,0,1,0,2,0,1,1,0,0,1,0,0,0,1,2,1,1,2,1,0,1,0,0,1,0,0,0,0,0,2,2,0,0,1,0,1,0,1,1,1,1,0,0,0,1,0,2,0,0,0,0,0,0,1,0,0,1,0,1,0,0,2,1,2,0,0,1,1,0,1,1,1,0,0,0,0,1,1,2,0,1,0,0,2,0,1,1,0,1,0,1,1,1,1,0,2,1,2,1,1,0,1,1,0,1,0,0,1,0,0,1,1,1,0,0,0,1,1,1,1,0,0,1,0,0,1,1,2,1,1,0,2,1,0,0,0,0,1,0,0,0,2,1,1,0,1,0,2,1,0,0,1,1,0,1,0,1,0,0,2,0,0,0,0,2,0,0,1,2,1,0,0,0,1,1,2,1,1,0,0,2,0,1,1,0,1,1,1,0,0,1,0,1,1,0,0,0,1,0,1,0,0,0,1,0,1,1,0,0,1,0,0,0,0,1,0,0,0,1,0,1,0,0,0,1,0,0,1,2,0,2,0,1,0,2,0,1,0,2,2,0,1,0,2,0,0,1,1,1,0,0,1,0,0,1,0,0,0,2,0,0,1,1,0,1,1,1,0,1,0,0,2,1,0,0,1,0,1,0,1,1,1,1,0,1,0,1,1,1,0,1,0,0,1,0,1,1,0,1,1,0,1,1,1,2,1,0,0,1,0,0,0,0,0,1,1,1,0,0,1,0,0,1,0,1,2,0,0,0,0,0,0,0,2,1,2,0,0,0,0,1,0,0,1,0,0,0,1,1,0,1,1,1,1,0,2,1,0,2,0,1,1,0,0,1,1,0,0,0,0,1,0,1,0,2,0,0,1,0,1,2,0,0,0,1,1,0,1,1,1,1,1,1,1,1,1,1,1,0,1,0,0,2,1,0,0,0,0,1,2,0,1,0,2,1,1,0,0,0,1,1,2,1,1,0,0,0,2,0,0,2,1,0,1,0,1,0,1,0,1,1,1,0,2,0,2,0,0,1,0,1,0,0,0,0,1,0,0,2,0,2,1,0,1,1,2,0,1
"IND007",1,2,0,0,1,1,1,1,0,2,1,0,0,2,1,1,0,0,2,0,0,0,0,1,0,0,1,1,1,1,0,1,1,1,0,2,0,0,1,0,0,1,0,0,0,1,2,2,1,1,0,0,1,1,1,1,0,1,0,0,0,2,1,0,1,0,1,2,0,0,0,1,1,0,0,0,0,0,1,1,1,2,0,0,0,1,0,0,0,0,0,0,0,0,0,2,0,0,1,1,0,1,1,0,0,1,0,1,0,0,0,2,0,0,0,2,0,1,1,0,0,2,1,1,0,1,0,1,1,1,1,1,0,1,1,0,1,0,0,1,1,0,0,0,0,2,0,0,0,2,1,1,0,1,1,1,0,0,1,1,1,1,0,1,1,1,0,1,0,1,1,0,0,1,1,0,1,0,1,1,0,1,0,1,1,0,1,0,0,0,0,1,0,0,0,0,0,0,1,1,2,1,2,0,0,2,2,1,0,1,0,1,1,0,1,1,0,1,1,1,0,1,1,0,1,0,0,0,0,1,0,0,0,1,1,1,0,1,1,0,0,0,0,0,0,0,1,0,1,1,1,0,0,0,1,1,0,1,1,1,1,1,0,1,1,0,2,1,1,0,1,1,1,1,1,1,0,0,0,1,1,0,0,1,0,1,1,0,1,0,2,0,0,0,1,0,1,1,0,0,1,0,0,2,0,0,0,1,0,1,0,1,1,1,0,0,0,0,1,1,2,0,1,0,0,1,1,0,1,1,1,1,0,1,1,1,1,1,1,0,1,0,0,0,0,0,1,1,1,1,0,1,1,0,1,0,1,2,1,0,1,0,0,1,1,1,0,2,0,0,0,1,1,1,1,1,0,0,0,1,1,0,1,0,1,1,0,2,1,1,1,0,1,0,0,0,1,2,0,0,0,1,0,0,0,0,1,0,0,1,0,1,1,2,0,0,1,1,0,0,2,1,0,1,1,1,1,1,2,0,0,1,0,0,2,1,1,0,0,0,0,1,0,1,1,1,1,1,1,0,0,1,2,2,1,1,0,1,0,1,0,0,2,1,0,0,0,1,1,0,0,1,1,1,0,0,0,1,1,0,1,1,0,0,1,0,0,1,1,0,2,1,1,1,0,1,1,0,1,1
"IND008",1,2,0,0,0,1,1,0,1,2,1,0,2,2,0,1,1,1,1,2,0,0,0,1,0,0,1,0,1,1,0,1,0,1,0,2,0,1,1,1,0,1,0,0,0,2,1,1,1,1,1,0,1,0,0,1,0,0,1,0,0,2,2,0,0,0,0,1,0,2,1,1,1,1,0,0,0,0,0,1,1,1,0,0,0,1,0,0,1,0,1,0,1,0,0,2,0,0,1,1,0,0,1,2,0,1,0,0,0,1,0,2,0,1,0,2,0,1,1,0,0,1,2,1,0,0,1,1,1,1,1,1,0,0,1,0,1,0,0,1,1,0,1,0,0,2,0,1,1,2,1,1,0,0,1,1,0,0,1,2,1,2,0,1,1,1,0,0,0,1,1,0,0,1,1,0,0,0,0,0,0,0,0,1,0,0,1,0,1,0,0,2,0,0,0,0,0,0,1,2,2,1,1,0,0,1,2,1,1,0,0,0,2,0,0,1,0,0,1,1,0,1,1,0,1,1,0,1,1,0,0,1,0,0,0,2,0,1,1,0,0,1,0,0,0,0,0,1,0,0,0,0,0,0,0,0,1,2,1,0,2,0,2,1,1,0,2,1,1,1,2,1,0,1,0,0,0,0,2,1,1,0,0,1,1,0,1,0,0,0,2,0,0,0,1,0,0,1,1,0,1,0,0,2,0,0,0,2,0,1,1,1,1,1,1,0,0,0,1,0,1,0,1,0,0,1,1,1,1,0,1,1,0,0,2,0,2,1,1,0,1,0,0,0,0,0,1,1,1,1,0,1,1,0,0,0,1,2,0,0,0,0,0,0,0,1,0,2,0,0,0,0,2,0,0,1,0,0,1,0,0,0,1,1,2,1,1,1,1,0,2,0,1,0,0,0,1,2,0,0,1,0,1,1,0,0,2,0,0,0,0,1,0,1,0,0,1,1,0,1,1,0,1,1,0,1,1,1,0,0,0,1,1,0,2,0,0,0,0,0,1,2,1,1,1,0,0,0,2,0,0,1,1,1,1,1,0,0,0,2,0,0,1,0,0,1,0,1,1,0,0,1,1,2,0,2,0,1,0,0,1,0,0,0,0,0,0,1,1,0,2,1,2,1,1,2,1,1,1,0
"IND009",1,2,0,0,1,1,0,1,0,1,0,0,1,2,0,2,2,0,2,1,2,0,1,1,0,1,0,1,1,1,0,1,0,1,0,2,0,1,1,0,0,1,0,0,0,1,1,2,0,1,0,0,1,0,1,1,1,1,0,0,0,2,2,0,1,1,1,2,0,0,1,2,1,1,0,0,1,1,1,1,1,2,0,1,1,1,0,0,0,0,0,0,0,0,0,1,0,0,1,1,0,1,1,1,0,1,0,1,0,0,1,1,0,1,0,0,0,1,1,0,1,1,1,1,0,0,0,1,0,2,1,1,0,0,0,0,0,0,0,1,1,0,1,0,0,0,0,1,0,2,1,0,0,0,1,1,0,1,0,2,1,1,0,1,1,1,0,0,0,0,1,0,0,1,0,1,1,1,0,1,0,0,0,1,1,0,1,0,0,0,0,1,0,0,0,0,1,0,2,2,1,1,1,0,1,2,1,1,1,0,1,0,1,0,1,1,0,1,2,1,0,1,1,0,1,0,0,0,0,0,0,1,0,0,1,1,0,1,1,0,0,1,0,0,0,0,1,0,1,2,0,0,0,0,1,0,0,0,1,1,2,1,0,1,1,0,1,1,1,1,1,1,0,0,1,2,0,0,0,1,1,0,0,1,0,1,0,0,1,0,1,0,0,1,1,0,1,1,1,0,1,0,0,2,0,0,0,2,0,0,1,1,0,0,1,0,1,0,1,0,2,0,1,0,1,1,1,1,1,1,2,1,0,1,2,1,0,0,0,0,1,0,0,0,0,0,1,1,1,1,0,0,0,0,0,0,1,2,1,0,1,0,0,1,1,1,0,2,0,0,0,0,1,0,1,1,0,0,0,2,0,0,1,1,2,1,0,2,1,0,2,0,0,0,1,0,2,2,0,0,0,1,1,0,0,0,2,1,0,0,0,2,2,0,0,0,1,1,0,0,1,1,1,1,1,1,1,1,1,1,0,1,0,0,1,0,0,0,0,0,1,1,1,1,0,0,2,1,1,0,0,1,2,1,0,1,0,1,0,2,0,0,1,1,0,2,0,0,0,1,0,0,1,2,0,1,0,1,0,0,0,0,1,0,1,0,0,0,1,0,1,1,1,0,0,2,0,1,1,1
"IND010",1,2,0,0,1,1,1,0,0,1,0,0,0,2,1,1,0,0,1,0,2,0,0,1,0,1,0,2,0,0,0,1,0,1,0,2,0,1,1,0,0,1,0,0,0,0,1,2,1,2,0,0,1,1,1,0,0,0,1,1,0,2,2,0,0,1,0,1,0,2,0,0,1,1,0,1,1,1,0,0,1,1,0,0,0,1,0,0,1,0,1,0,0,1,0,1,0,0,1,1,0,0,1,2,0,1,0,2,0,1,1,0,0,0,0,1,0,1,1,0,0,2,0,0,0,1,1,1,1,1,1,1,0,1,2,0,1,0,0,1,1,0,0,0,0,1,0,1,0,1,1,2,0,1,1,0,0,1,1,2,1,1,0,2,1,2,0,0,0,0,0,0,0,1,1,0,0,1,0,1,0,1,0,1,1,0,1,0,1,0,0,1,0,0,0,0,0,0,1,1,1,1,1,0,1,1,1,1,0,0,1,0,1,0,1,1,0,0,2,0,0,1,1,0,1,0,0,1,0,0,0,0,0,0,1,2,0,1,1,1,0,1,0,0,0,0,1,0,0,1,1,0,0,0,1,0,0,2,1,1,1,1,2,1,1,0,1,0,1,1,1,1,1,0,0,1,0,0,1,1,0,0,0,2,1,0,1,0,1,0,2,0,0,0,0,0,1,1,1,0,1,0,0,2,0,0,0,0,0,0,0,0,0,0,0,0,1,0,0,2,1,0,1,0,1,1,0,0,0,1,2,1,0,1,2,1,1,0,2,0,1,0,0,0,0,0,0,1,1,1,0,1,0,0,1,1,1,1,1,0,1,0,0,1,1,2,0,2,0,0,0,0,2,0,1,1,0,0,0,0,0,0,1,1,2,1,0,1,1,0,1,0,1,1,1,0,1,2,0,0,0,0,1,1,1,0,2,1,0,0,0,1,1,1,0,0,1,1,0,0,1,1,0,2,0,1,1,1,1,0,0,1,0,0,0,1,0,0,0,0,0,2,0,1,1,1,1,1,1,0,0,1,1,2,1,1,0,1,0,1,0,0,1,0,0,1,0,0,1,1,0,0,1,1,0,2,0,2,0,0,0,1,1,0,0,0,0,0,1,1,1,1,1,1,0,2,1,1,0,1
"IND011",1,2,0,0,1,1,1,1,1,2,0,0,1,2,1,1,1,0,1,1,0,0,0,1,0,0,1,1,1,0,0,0,1,1,0,2,0,1,1,1,0,1,0,0,0,2,1,1,0,1,1,0,1,0,1,1,1,0,0,1,0,2,2,0,0,1,1,0,0,1,1,2,1,0,0,1,1,0,1,0,1,2,0,1,0,1,0,0,1,0,0,0,0,1,1,2,0,0,1,1,0,2,1,0,0,0,0,0,1,0,1,1,1,0,0,0,0,0,1,0,1,1,2,1,1,1,1,1,1,2,1,1,0,1,1,0,0,0,0,1,0,0,1,1,1,1,0,0,0,1,1,0,0,1,1,0,0,1,0,1,1,0,0,1,1,0,0,0,0,0,0,0,0,2,1,1,1,1,1,1,1,1,0,0,1,0,1,0,0,0,0,2,0,0,0,0,0,0,2,1,1,1,1,0,1,2,1,1,0,0,1,2,2,0,0,1,0,1,2,0,0,1,1,0,1,0,0,0,1,0,0,0,0,0,1,2,0,1,1,1,0,0,0,0,0,0,0,1,0,2,1,0,0,0,1,0,1,1,1,0,1,1,1,1,1,0,1,1,1,1,1,2,0,0,1,1,0,0,2,1,1,0,0,1,1,0,0,0,0,0,1,0,0,1,1,0,0,1,1,0,1,0,0,2,1,0,0,1,0,0,0,1,1,0,1,0,1,0,1,1,1,0,1,0,1,1,1,1,1,0,0,1,0,0,2,0,1,1,1,0,1,0,0,0,0,0,0,1,1,0,0,0,0,0,1,0,0,2,0,0,0,0,0,1,1,2,1,2,0,0,0,1,2,0,1,0,0,0,1,2,0,0,1,0,2,1,1,1,1,0,1,0,1,0,0,0,1,2,0,0,0,0,0,0,1,0,2,1,0,1,0,1,1,1,0,0,1,1,0,0,1,0,0,1,2,1,1,0,2,1,0,1,0,0,1,0,0,0,0,0,1,2,0,1,1,2,1,0,2,0,0,1,2,2,1,1,0,1,0,2,0,0,1,0,0,2,0,1,1,0,0,0,1,0,0,1,0,1,1,0,1,0,1,0,1,0,0,0,0,1,2,1,2,1,1,2,1,0,0,1
"IND012",1,2,0,0,0,1,1,0,1,1,0,0,0,2,0,0,0,1,1,2,1,0,0,1,0,0,0,1,0,1,0,1,1,1,0,2,0,1,1,1,0,1,0,0,0,2,1,2,1,2,0,0,1,0,0,0,0,0,1,1,0,2,1,0,1,0,1,0,0,0,1,0,1,0,0,1,0,1,0,1,2,1,0,0,0,1,0,0,0,0,0,0,1,0,1,1,0,0,1,1,0,1,1,1,0,0,0,1,1,1,2,0,0,0,0,2,0,1,1,1,0,1,1,0,1,0,2,2,0,2,1,1,0,1,2,0,1,0,0,1,1,0,0,0,0,2,0,0,1,1,1,1,0,0,1,1,0,0,0,1,1,2,0,1,1,2,0,1,0,1,1,0,0,1,0,1,0,0,0,2,0,0,0,1,1,0,1,0,1,0,0,1,0,0,0,0,1,0,0,2,1,1,1,0,0,2,1,1,0,1,1,0,1,0,1,1,0,0,2,1,0,1,1,0,1,1,0,1,1,0,0,1,0,1,0,2,0,1,1,0,0,0,0,0,0,0,0,0,1,1,1,0,0,0,0,0,0,2,1,0,1,0,2,2,0,0,2,1,1,0,2,1,0,1,0,1,0,0,2,1,1,0,0,2,0,1,1,0,1,0,2,0,0,0,1,0,1,1,1,0,1,0,0,2,0,0,0,2,0,0,1,0,0,1,1,0,0,0,1,0,1,0,1,0,1,1,1,0,1,1,2,1,0,1,1,1,1,0,0,0,0,0,0,0,0,0,0,1,1,0,0,1,0,0,1,1,0,2,1,0,0,0,0,1,0,2,0,2,0,0,0,0,2,0,1,2,0,0,0,0,0,0,1,1,2,1,1,1,2,1,1,0,1,0,1,0,1,2,0,0,1,1,1,1,0,0,1,1,0,1,0,1,1,1,0,0,1,1,0,1,1,1,1,1,0,1,1,1,1,0,0,1,0,0,1,0,0,0,0,0,1,1,1,1,0,0,1,1,1,0,0,1,2,2,0,1,0,1,0,2,0,0,1,0,0,1,0,0,0,1,0,1,1,0,0,1,0,1,1,0,1,1,1,0,0,0,0,1,1,1,2,1,1,1,0,1,1,0,0,1
"IND013",1,2,0,0,0,1,1,1,1,1,0,0,2,2,1,1,0,0,2,2,1,0,1,1,0,1,0,1,0,1,0,0,1,1,0,2,0,0,1,0,0,1,0,0,0,2,1,2,0,2,1,0,1,1,1,0,0,1,0,1,0,2,1,0,0,0,1,2,0,1,1,2,1,1,0,0,1,0,0,1,1,0,0,0,1,1,0,0,0,0,0,0,0,1,1,1,0,0,2,1,1,0,1,1,0,1,0,1,0,1,0,1,1,0,0,1,0,1,1,0,0,1,1,0,0,0,1,1,1,2,1,1,0,1,1,0,1,0,0,1,0,0,0,1,0,0,0,1,1,1,1,1,0,0,1,1,0,1,1,1,1,2,0,1,1,0,0,0,0,0,1,0,0,1,0,1,0,0,1,1,1,1,0,1,1,0,1,0,1,0,0,1,0,0,0,0,1,0,0,1,2,1,1,0,0,0,2,2,1,0,2,2,2,0,0,1,0,0,2,0,0,2,1,0,1,0,0,0,1,1,0,0,0,1,1,2,0,1,1,0,0,0,0,0,0,0,1,0,0,1,1,0,0,0,1,1,1,0,2,0,2,0,1,2,0,0,2,0,1,1,2,2,1,0,1,2,0,0,0,1,0,0,0,1,1,0,0,0,0,0,1,0,0,0,1,0,0,1,1,0,1,0,0,2,0,0,0,1,0,0,0,1,0,1,1,0,1,0,1,1,1,0,1,0,0,1,1,0,0,1,2,1,0,1,1,0,2,1,1,0,1,0,0,0,0,0,0,1,1,1,0,1,1,0,0,0,0,1,0,0,0,0,0,0,0,2,1,2,0,0,0,0,2,0,1,1,0,0,1,1,2,0,1,0,2,1,1,1,2,1,2,0,0,1,0,0,2,1,0,0,1,0,1,0,0,0,1,1,0,1,0,1,1,0,0,0,1,1,0,1,2,1,0,1,0,1,0,1,1,0,0,1,0,0,1,0,0,0,0,0,1,2,0,1,1,2,2,1,0,0,0,1,2,1,0,1,0,1,0,2,0,0,1,0,0,1,0,1,0,0,0,1,1,2,0,0,0,2,0,0,0,0,1,0,1,0,0,1,0,0,1,1,1,1,0,2,0,1,0,0
"IND014",1,2,0,0,1,1,1,1,1,2,0,0,0,2,1,2,0,1,2,2,1,0,0,1,0,1,0,2,1,1,0,1,1,1,0,2,0,0,1,1,0,1,0,0,0,0,1,1,0,2,1,0,1,0,0,0,1,0,0,1,0,2,1,0,0,0,1,2,0,0,0,2,1,1,0,1,0,0,0,1,1,0,0,1,1,1,0,0,0,0,1,0,1,1,1,1,0,0,2,1,0,1,1,2,0,0,0,0,1,0,2,1,0,1,0,0,0,0,1,1,1,1,2,1,1,1,1,2,0,1,1,1,0,1,1,0,1,0,0,1,0,0,1,0,0,0,0,0,1,2,1,1,0,0,1,0,0,0,1,2,1,2,0,1,1,2,0,1,0,1,1,0,0,1,0,1,1,1,0,1,1,0,0,1,0,0,1,0,0,0,0,2,0,0,0,0,1,0,0,2,1,1,1,0,1,2,2,2,1,1,0,1,1,0,1,1,0,1,1,1,0,1,1,0,1,1,0,1,1,0,0,0,0,1,0,1,0,1,1,0,0,1,0,0,0,0,0,0,0,0,0,0,0,0,1,1,0,1,2,0,1,1,1,1,0,0,1,1,1,1,2,0,0,1,1,1,0,0,0,1,0,0,0,1,1,0,1,0,0,0,2,0,0,0,0,0,0,1,1,0,1,0,0,2,0,0,0,0,0,1,1,2,1,0,0,1,0,0,2,0,0,0,0,0,1,1,0,1,0,1,1,1,0,1,2,1,0,0,1,0,0,0,0,0,0,0,0,1,1,1,0,0,0,0,0,1,0,2,0,0,1,0,0,1,1,2,1,1,0,0,0,1,2,0,1,0,0,0,0,2,2,0,1,1,2,1,0,1,2,1,1,0,0,0,1,0,2,2,0,0,1,0,1,1,0,0,1,1,0,0,0,2,2,0,0,0,1,1,0,1,2,1,1,2,0,1,0,0,2,1,0,1,0,0,1,1,0,0,0,0,1,2,1,1,0,1,1,1,1,0,0,1,1,2,1,1,0,1,0,1,0,0,1,1,0,2,0,1,0,0,0,0,1,2,0,1,0,1,0,0,0,0,1,0,0,0,0,0,1,1,2,0,1,1,0,2,1,1,0,1
"IND015",1,2,0,0,0,1,1,0,1,2,0,0,1,2,0,1,1,0,2,0,1,0,1,1,0,0,1,0,0,0,0,1,0,1,0,2,0,0,1,0,0,1,0,0,0,0,2,1,1,2,1,0,1,1,1,0,0,1,0,0,0,2,2,0,0,0,0,1,0,1,1,1,1,0,0,0,0,1,1,0,1,2,0,0,1,1,0,0,0,0,0,0,0,2,0,1,0,0,2,1,0,1,1,1,0,1,0,1,1,0,2,1,1,0,0,1,0,0,1,0,0,1,0,0,0,0,2,1,1,1,1,1,0,0,0,0,1,0,0,1,1,0,1,1,0,1,0,1,1,2,1,0,0,0,1,0,0,1,0,2,1,0,0,1,1,1,0,0,0,1,0,0,0,1,1,0,1,0,1,1,1,0,0,1,1,0,1,0,0,0,0,1,0,0,0,0,1,0,0,2,2,1,1,0,1,0,1,1,1,0,1,2,2,0,1,1,0,0,2,1,0,1,1,0,1,1,0,1,1,0,0,0,0,1,1,1,0,1,1,0,0,1,0,0,0,0,0,1,0,1,0,0,1,0,0,1,1,2,1,2,1,0,0,0,1,0,2,0,1,0,2,0,0,0,0,2,0,0,1,1,1,0,0,1,0,1,0,0,0,0,1,0,0,1,0,0,0,1,1,0,1,0,0,2,0,0,0,1,0,1,1,1,1,1,0,1,0,0,2,1,1,0,0,0,1,1,1,2,0,0,1,1,0,1,2,0,1,1,0,0,0,0,0,0,0,0,1,1,1,1,0,1,1,0,0,1,1,1,0,0,1,0,0,1,1,1,1,1,0,0,0,1,1,0,0,1,0,0,1,2,0,0,1,0,1,1,0,1,1,0,1,0,1,1,0,0,2,1,0,0,1,0,0,0,0,0,1,1,0,1,0,2,1,1,0,0,1,1,0,1,2,1,0,1,0,1,1,0,1,1,0,1,0,0,1,0,1,0,0,0,1,1,0,1,0,0,1,0,2,0,0,1,1,1,0,1,0,0,0,2,0,0,2,1,0,1,0,0,1,1,0,0,1,1,0,2,0,1,1,0,0,1,1,0,1,0,0,0,1,1,1,1,1,1,1,1,0,2,0,0
"IND016",1,2,0,0,1,1,2,1,0,1,0,0,0,2,1,1,1,0,1,1,1,0,0,1,0,0,1,0,0,0,0,0,1,1,0,2,0,1,1,1,0,1,0,0,0,0,1,2,0,1,0,0,1,0,0,1,1,0,1,0,0,2,1,0,0,1,0,1,0,2,1,2,1,0,0,0,0,0,0,0,1,2,0,0,1,1,0,0,1,0,0,0,0,1,0,2,0,0,1,1,1,1,1,1,0,0,0,2,0,0,0,1,0,0,0,2,0,1,1,0,1,1,2,0,1,0,1,2,0,2,1,1,0,0,1,0,0,0,0,1,1,0,0,1,0,1,0,0,1,2,1,1,0,0,1,1,0,0,0,1,1,2,0,1,1,0,0,1,0,1,0,0,0,2,0,0,0,0,0,2,1,1,0,1,0,0,1,0,1,0,0,1,0,0,0,0,0,0,1,1,2,1,0,0,0,2,1,2,0,0,2,1,1,0,0,1,0,1,2,1,0,1,1,0,1,0,0,0,1,0,0,1,0,0,0,1,0,1,1,1,0,0,0,0,0,0,1,1,1,1,0,0,1,0,0,0,1,0,1,0,1,1,1,2,1,0,1,1,1,1,2,0,1,1,1,1,0,0,0,1,1,0,0,2,0,1,1,0,0,0,1,0,0,0,1,0,0,1,1,0,1,0,0,2,0,0,0,1,0,0,1,2,1,0,0,1,1,0,1,1,0,0,1,0,0,1,0,1,1,1,0,1,0,0,2,1,1,1,1,0,1,0,0,0,0,0,1,1,1,1,0,1,1,0,0,1,1,1,0,0,1,0,0,1,1,1,1,1,0,0,0,0,1,1,0,1,0,0,1,1,1,0,1,1,2,1,1,2,1,0,1,0,1,1,0,0,1,1,0,0,1,1,1,1,1,0,2,1,0,0,0,1,0,2,0,0,1,1,0,0,1,0,1,2,1,1,1,0,1,0,0,1,1,0,0,1,0,0,0,0,1,1,0,1,0,2,0,1,2,0,0,1,2,1,0,1,0,0,0,1,0,0,1,0,0,1,0,1,1,0,0,0,1,1,0,1,0,1,0,0,1,0,1,0,1,0,0,0,0,1,2,0,1,1,0,2,0,0,0,0
"IND017",1,2,0,0,0,1,2,1,0,1,1,0,1,2,0,0,2,1,1,1,1,0,0,1,0,0,1,2,0,0,0,1,1,1,0,2,0,1,1,0,0,1,0,0,0,1,2,2,0,2,0,0,1,0,0,0,0,0,1,1,0,2,2,0,1,1,0,1,0,1,1,2,1,1,0,0,1,0,0,1,2,0,0,0,0,1,0,0,1,0,1,0,1,1,1,2,0,0,1,1,0,0,1,1,0,0,0,2,1,0,1,2,1,1,0,2,0,0,1,0,1,0,0,1,1,0,1,2,1,2,1,1,0,0,2,0,0,0,0,1,1,0,0,1,0,1,0,1,1,2,1,1,0,1,1,1,0,1,0,1,1,1,0,2,1,2,0,0,0,1,0,0,0,2,0,0,0,1,1,1,1,1,0,1,1,0,1,0,0,0,0,1,0,0,0,0,2,0,1,1,2,1,1,0,0,1,1,2,0,0,2,1,2,0,0,1,0,0,1,1,0,2,1,0,1,0,0,0,1,0,0,1,0,1,0,2,0,1,1,0,0,0,0,0,0,0,1,1,1,1,0,0,0,0,1,0,0,0,1,1,1,1,1,1,0,0,2,0,1,0,2,1,1,0,1,0,0,0,1,1,1,0,0,1,1,0,1,0,0,0,1,0,0,0,0,0,1,1,1,0,1,0,0,2,1,0,0,1,0,0,0,0,1,1,1,0,0,0,1,1,1,0,1,0,0,1,1,0,1,0,1,1,0,0,1,1,1,0,0,0,0,0,0,0,0,0,0,1,1,0,0,1,1,0,1,0,0,1,1,0,1,0,0,0,1,2,0,2,0,0,0,1,1,1,0,1,0,0,0,1,1,0,1,0,1,1,0,2,0,0,2,0,1,0,1,0,2,1,0,0,1,0,1,0,1,0,2,1,0,1,0,2,2,1,0,0,1,1,0,2,2,0,1,1,0,1,0,0,1,0,0,1,0,0,1,1,1,0,0,0,1,2,1,1,0,0,0,1,1,0,0,1,2,1,1,1,0,1,0,1,0,0,2,1,0,0,0,1,1,0,0,0,2,1,0,2,0,1,1,0,0,1,1,0,1,0,0,0,0,1,2,1,2,1,0,1,1,2,1,1
"IND018",1,2,0,0,0,1,1,1,1,1,1,0,2,2,0,0,2,1,2,2,0,0,1,1,0,0,0,1,1,1,0,0,1,1,0,2,0,1,1,1,0,1,0,0,0,1,1,2,0,1,1,0,1,0,1,1,1,0,0,0,0,2,1,0,1,1,0,1,0,2,0,2,1,1,0,1,0,1,2,1,1,1,0,0,0,1,0,0,0,0,0,0,1,2,1,1,0,0,2,1,0,1,1,1,0,0,0,1,1,1,1,0,0,1,0,1,0,1,1,1,0,0,1,1,0,0,1,2,0,1,1,1,0,0,1,0,1,0,0,1,1,0,0,0,0,2,0,0,1,0,1,0,0,1,1,1,0,0,1,1,1,0,0,1,1,1,0,0,0,0,0,0,0,1,1,1,1,1,0,0,1,1,0,2,1,0,1,0,0,0,0,1,0,0,0,0,2,0,2,1,1,1,1,0,0,2,1,2,0,0,1,1,1,0,1,1,0,0,2,1,0,0,1,0,1,0,0,1,1,0,0,0,0,0,0,1,0,1,1,1,0,1,0,0,0,0,1,0,0,2,0,0,0,0,1,1,1,1,0,2,1,0,0,1,0,0,2,1,1,1,1,2,1,0,1,1,0,0,2,1,0,0,0,1,1,1,0,0,1,0,1,0,0,1,0,0,1,1,0,0,1,0,0,2,0,0,0,2,0,0,1,2,0,0,1,0,0,0,0,0,0,0,0,0,1,1,1,2,0,0,0,1,0,0,1,0,1,1,1,0,1,0,0,0,0,0,0,1,1,1,0,1,1,0,0,0,0,1,1,0,0,0,0,0,0,2,0,2,0,0,0,0,2,0,1,0,0,0,0,1,0,0,1,0,2,1,1,2,2,1,2,0,1,1,0,0,2,1,0,0,0,0,1,0,1,0,2,0,0,1,0,2,2,1,0,0,1,1,0,2,1,1,0,1,2,1,0,0,1,1,0,1,0,0,0,0,1,0,0,0,0,1,1,1,0,2,1,1,1,0,0,1,1,2,0,1,0,1,0,2,0,0,2,0,0,1,0,0,0,1,0,0,1,2,0,2,0,0,0,0,1,1,1,0,1,0,0,1,0,1,1,0,2,1,0,1,1,0,0,1
"IND019",1,2,0,0,0,1,0,1,0,1,1,0,2,2,0,0,2,1,1,1,0,0,1,1,0,0,0,1,0,1,0,0,0,1,0,2,0,0,1,1,0,1,0,0,0,2,2,2,0,2,1,0,1,0,0,1,1,1,0,1,0,2,1,0,1,1,0,1,0,0,1,1,1,1,0,1,0,1,2,0,2,2,0,0,0,1,0,0,0,0,0,0,0,1,1,2,0,0,1,1,1,2,1,1,0,0,0,1,0,0,0,2,0,1,0,0,0,1,1,1,1,2,1,0,0,0,1,2,0,1,1,1,0,0,1,0,1,0,0,1,1,0,0,0,1,0,0,0,0,1,1,0,0,1,1,1,0,0,0,2,1,1,0,1,1,1,0,0,0,1,1,0,0,2,1,1,1,0,1,1,0,0,0,1,1,0,1,0,1,0,0,2,0,0,0,0,0,0,0,2,1,1,1,0,0,0,1,2,1,0,0,0,2,0,1,1,0,0,2,0,0,0,1,0,1,1,0,1,0,0,0,0,0,0,1,1,0,1,1,0,0,0,0,0,0,0,0,1,0,1,1,0,0,0,1,0,1,1,0,1,1,0,2,1,1,0,2,1,1,1,1,2,1,1,0,2,0,0,1,1,0,0,0,2,1,0,1,0,1,0,2,0,0,1,0,0,1,1,0,0,1,0,0,2,1,0,0,1,0,1,1,2,0,0,0,0,1,0,1,1,2,0,0,0,1,1,0,2,1,0,1,1,0,1,1,1,0,0,1,0,0,0,0,0,0,0,0,1,1,0,0,1,1,0,1,0,0,1,0,0,1,0,0,1,0,2,1,2,0,0,0,0,2,0,1,0,0,0,0,1,2,0,1,1,2,1,0,1,0,0,2,0,1,1,1,0,2,2,0,0,1,0,1,0,0,0,2,1,0,1,0,1,1,1,0,0,1,1,0,1,2,0,1,1,0,1,0,1,1,1,0,1,1,0,1,0,1,0,0,0,0,1,0,1,0,2,0,0,2,0,0,1,1,2,0,1,0,0,0,2,0,0,2,0,0,2,0,1,1,1,0,1,2,2,0,0,0,2,1,0,0,0,1,0,1,0,0,1,0,1,2,1,1,1,0,2,1,2,0,1
"IND020",1,2,0,0,0,1,0,1,0,1,1,0,1,2,1,0,1,0,1,2,0,0,0,1,0,1,1,2,0,1,0,1,1,1,0,2,0,0,1,0,0,1,0,0,0,1,1,2,1,2,0,0,1,1,1,0,0,0,1,0,0,2,1,0,1,0,1,0,0,2,0,0,1,1,0,1,0,1,1,1,1,1,0,0,0,1,0,0,0,0,0,0,1,0,1,2,0,0,1,1,0,0,1,1,0,1,0,0,0,1,1,0,1,0,0,2,0,0,1,1,1,0,1,0,1,1,1,1,0,2,1,1,0,0,0,0,0,0,0,1,0,0,1,0,1,1,0,1,1,1,1,1,0,0,1,0,0,0,0,1,1,2,0,1,1,2,0,0,0,0,1,0,0,1,0,1,0,0,1,2,1,0,0,0,0,0,1,0,1,0,0,1,0,0,0,0,2,0,1,2,1,1,1,0,1,1,1,1,1,1,2,1,2,0,1,1,0,0,1,1,0,2,1,0,1,1,0,1,0,0,0,0,0,0,0,1,0,1,1,1,0,1,0,0,0,0,0,1,1,2,1,0,1,0,0,1,0,1,1,2,0,0,0,1,0,0,2,1,1,1,2,2,1,0,0,1,0,0,1,1,0,0,0,1,1,0,1,0,1,0,2,0,0,1,0,0,0,1,0,0,1,0,0,2,0,0,0,0,0,1,0,1,0,0,0,0,1,0,0,1,2,0,0,0,1,1,0,0,1,0,1,1,0,0,1,0,2,1,0,0,0,0,0,0,0,0,1,1,1,1,0,0,1,0,1,0,0,2,1,0,1,0,0,1,0,1,1,2,0,0,0,0,2,0,1,1,0,0,1,0,0,0,1,1,2,1,0,1,0,0,2,0,1,0,0,0,2,1,0,0,1,1,0,1,1,0,2,0,0,1,0,2,1,2,0,0,1,1,0,1,1,1,1,1,2,1,1,1,1,1,0,1,0,0,0,0,1,0,0,0,1,2,1,1,1,0,2,1,1,0,0,1,2,1,0,1,0,0,0,1,0,0,2,0,0,1,0,0,1,0,0,0,2,1,0,1,0,2,1,0,0,1,0,0,0,0,0,1,0,0,2,1,2,0,1,2,1,2,0,1
"IND021",1,1,1,2,2,0,1,1,1,1,1,1,0,0,1,2,2,0,0,1,1,0,1,2,0,2,2,0,1,2,2,0,1,1,1,1,0,0,0,0,1,0,0,1,1,1,1,0,2,1,1,0,1,0,0,1,1,0,0,0,1,1,1,0,2,0,0,1,1,1,0,0,2,1,1,1,1,0,0,0,0,1,0,1,1,0,0,2,1,1,0,0,0,0,2,1,1,1,0,1,0,0,0,1,2,1,2,1,2,0,2,1,0,0,0,0,0,0,2,2,0,1,2,1,1,1,1,1,0,0,1,0,1,0,1,1,1,0,2,1,0,0,1,1,0,2,1,1,0,0,0,2,0,1,0,1,1,0,1,1,2,2,2,0,2,0,0,1,0,2,0,1,0,1,1,0,1,0,1,0,1,1,0,0,0,2,1,1,0,0,0,2,0,2,1,0,1,0,0,0,0,0,1,0,0,0,1,2,0,0,0,0,2,1,1,1,0,0,0,1,1,1,0,2,0,1,0,1,0,0,0,0,0,0,0,1,0,2,0,1,0,1,1,0,2,1,0,0,2,1,0,0,0,0,0,1,0,0,1,0,1,1,0,0,0,0,1,0,0,2,0,1,1,0,1,0,0,1,0,0,0,0,0,0,1,1,1,0,1,2,0,0,1,0,2,0,0,0,0,0,1,1,1,0,1,2,0,0,0,0,0,2,1,0,0,1,1,1,0,0,2,0,0,0,1,2,1,1,1,1,0,0,0,1,1,2,2,1,1,1,1,0,1,0,0,0,1,0,0,1,0,1,1,0,1,1,1,1,1,1,1,1,1,0,0,1,0,0,1,0,0,0,1,1,1,0,0,1,1,1,1,1,1,0,1,1,0,1,0,0,2,1,1,0,1,0,1,1,1,1,0,1,2,0,1,1,0,1,0,1,0,0,0,0,0,1,1,0,0,0,0,1,1,1,0,0,2,0,0,2,0,1,1,1,0,0,2,0,0,0,0,1,0,1,1,0,0,1,1,0,0,0,1,0,0,0,0,0,1,1,1,0,1,0,0,1,0,0,0,1,0,0,0,1,0,0,1,2,0,1,0,2,0,0,2,1,1,0,0,1,0,1,0,1,1,2,0,0,0,0
"IND022",2,0,1,0,1,1,1,1,1,2,1,1,0,0,1,2,1,1,0,1,1,0,1,1,0,1,2,1,2,1,2,0,0,2,1,1,0,0,0,1,0,1,0,1,2,1,1,1,2,2,1,0,1,0,0,1,1,0,0,0,1,2,1,0,2,1,0,0,1,1,0,0,2,0,1,1,2,0,0,0,1,1,0,1,1,1,1,2,0,1,0,0,0,0,2,1,1,1,0,1,0,0,0,2,2,1,1,1,1,0,0,1,0,1,0,0,0,1,0,1,0,1,2,1,1,1,0,2,0,0,0,0,1,2,1,0,1,0,2,0,0,0,0,1,0,1,1,0,0,0,0,2,0,1,1,1,0,0,0,0,0,1,2,0,2,0,0,2,0,2,0,1,1,1,1,0,0,0,1,0,1,1,1,0,2,1,1,0,0,0,0,2,0,2,1,0,1,0,1,0,1,0,1,1,0,0,1,1,0,0,1,0,0,0,1,1,2,0,0,1,1,0,0,1,1,1,1,0,0,0,0,0,0,1,0,2,0,2,1,1,0,1,1,0,0,1,0,0,2,2,0,0,0,0,1,1,0,0,0,1,1,1,0,0,0,0,1,0,1,2,0,0,1,0,0,0,0,0,0,0,0,0,0,1,0,1,1,0,0,1,0,1,0,1,1,0,1,1,0,0,1,0,1,2,2,2,0,0,0,0,0,1,0,0,0,0,1,0,0,0,1,2,0,0,1,2,1,1,1,1,0,0,0,1,1,2,1,0,2,1,1,0,0,0,1,0,1,0,0,1,0,1,1,0,1,1,1,1,0,1,1,1,2,1,2,1,0,1,1,1,0,0,0,1,1,1,0,1,1,1,1,1,1,0,2,1,0,1,0,1,2,0,1,0,2,1,1,1,1,0,0,1,2,0,1,1,0,1,0,0,0,0,0,0,0,0,0,0,1,0,0,1,0,1,0,0,1,0,0,2,1,1,0,0,0,0,0,0,0,0,0,1,0,0,1,0,1,1,2,0,0,0,1,1,1,0,0,0,1,1,0,0,1,0,0,1,0,1,0,1,0,0,1,0,0,1,1,2,0,1,0,2,1,0,2,1,1,1,0,1,1,0,0,1,1,0,1,0,0,0
"IND023",0,1,1,1,1,1,0,1,2,2,1,0,1,0,1,2,1,0,0,1,1,0,1,1,0,1,2,1,0,0,0,1,1,1,1,1,0,0,1,0,1,0,1,1,1,1,1,1,2,1,1,0,1,0,0,2,0,0,0,1,2,2,1,1,2,1,0,0,1,1,0,0,2,1,1,1,2,0,0,0,1,1,0,2,1,0,0,1,1,1,0,0,1,0,2,0,2,0,0,1,0,0,0,1,2,0,2,1,0,0,1,1,0,1,0,0,1,0,2,1,0,0,0,1,1,0,1,1,0,0,0,0,1,2,0,0,1,0,2,1,0,0,0,1,0,0,0,1,0,0,0,2,0,1,1,1,0,0,0,1,0,2,1,0,0,1,0,2,1,1,0,0,0,1,1,0,0,0,0,0,1,0,0,0,1,1,1,1,0,0,1,2,0,1,1,0,1,0,1,0,0,0,0,0,0,1,1,2,1,0,1,0,1,1,1,2,1,0,0,1,0,0,0,2,0,0,0,1,0,0,0,0,0,0,1,1,1,2,1,0,0,1,0,0,0,1,0,0,1,1,0,0,1,0,0,2,0,0,0,1,2,0,0,0,0,0,0,0,0,2,0,1,1,0,1,0,0,0,1,0,1,0,0,1,0,1,1,0,0,2,1,0,0,2,2,0,0,1,0,0,0,1,1,1,2,1,1,1,0,0,0,2,1,0,0,0,0,0,0,0,2,1,0,0,1,2,1,1,1,0,1,0,0,0,1,2,1,1,1,1,1,0,1,0,1,0,2,1,0,1,0,1,1,0,1,2,1,0,0,1,1,1,0,0,1,0,1,0,0,0,0,0,0,1,1,1,1,0,1,1,1,1,0,0,1,1,0,1,0,1,1,1,1,0,2,1,1,1,1,0,0,1,2,0,1,1,0,0,0,0,0,0,0,0,0,0,1,0,1,0,0,1,1,1,1,1,1,0,0,2,0,1,0,0,0,0,2,0,0,0,0,1,0,0,0,0,1,2,0,0,0,1,0,1,1,0,1,1,1,1,1,0,1,0,0,0,0,1,0,1,0,0,1,1,0,1,1,2,0,0,0,2,1,0,2,1,1,1,0,1,0,1,0,0,1,0,1,0,0,0
"IND024",1,1,1,1,2,0,0,1,1,1,1,1,0,0,1,2,1,0,0,1,1,0,1,1,0,1,2,2,1,1,2,1,1,1,1,2,0,1,0,0,1,0,1,1,1,2,1,0,2,2,1,0,1,0,0,1,1,0,0,0,1,2,1,1,2,1,0,0,1,1,0,0,2,1,2,1,1,0,0,0,1,1,0,2,1,0,1,2,0,1,0,0,0,0,2,0,1,0,1,1,0,0,0,2,1,0,1,1,2,0,1,0,0,1,0,1,0,1,1,2,0,0,2,0,2,0,0,1,0,0,1,0,1,0,1,1,1,0,2,2,0,0,0,1,1,1,0,0,0,0,0,2,0,0,1,1,1,0,1,2,2,1,1,0,1,0,1,2,1,2,0,1,1,1,1,0,1,0,0,0,1,1,0,0,1,1,1,0,0,0,1,1,0,1,0,0,1,0,1,1,0,0,0,1,0,1,1,1,0,0,1,1,1,0,1,1,2,0,0,1,1,0,0,2,0,0,1,0,0,0,0,1,0,0,1,2,0,2,1,2,0,1,0,0,1,1,0,0,0,2,0,0,0,0,0,1,0,0,0,1,2,0,0,1,0,0,1,0,1,1,0,0,0,0,0,0,0,1,0,0,0,0,0,1,0,1,0,0,1,2,1,1,0,2,1,0,1,0,0,0,0,0,0,0,1,2,1,1,0,0,0,2,1,0,0,2,1,0,0,0,1,0,0,0,2,2,1,2,1,2,1,0,0,1,1,2,1,0,2,1,0,1,0,0,0,0,1,1,1,1,0,1,1,0,1,2,1,1,1,1,1,2,0,0,2,1,0,1,0,1,0,0,1,1,1,0,1,1,2,2,1,0,0,0,2,1,0,1,0,0,1,0,1,0,0,1,1,0,1,0,0,0,1,0,1,0,1,1,0,1,0,0,0,0,0,0,1,0,1,0,0,1,0,1,0,0,1,0,1,0,0,1,0,1,0,0,1,0,0,0,0,1,0,1,0,1,0,2,1,0,0,0,1,1,1,0,1,0,1,1,0,0,1,0,0,0,0,0,0,1,0,0,2,0,0,0,0,1,0,0,0,2,0,0,1,1,1,1,0,0,1,1,0,1,1,1,0,0,0,0
"IND025",2,1,1,0,1,2,0,1,1,2,1,1,1,0,1,1,0,0,1,1,1,0,1,1,1,1,2,2,2,2,1,0,0,1,0,1,0,0,0,1,0,0,0,1,0,2,1,0,2,2,1,0,1,0,0,1,1,0,0,0,2,2,1,0,2,0,0,0,1,1,0,0,2,1,2,2,1,0,0,0,0,0,0,2,2,0,0,1,1,1,0,0,1,0,2,0,2,1,1,0,0,0,0,1,1,0,1,1,0,0,1,1,0,0,0,0,1,2,2,0,0,1,1,0,0,0,1,2,0,0,1,0,1,2,1,0,1,0,2,1,0,0,1,1,0,1,0,0,0,0,1,2,0,1,1,1,0,0,1,1,0,2,1,0,1,0,0,2,0,0,0,0,1,1,1,0,1,0,2,0,1,1,1,0,1,2,1,0,0,0,0,1,0,1,0,0,2,0,1,0,1,0,1,0,0,1,1,0,1,0,0,0,0,1,1,2,1,0,0,1,0,1,0,2,1,0,1,0,0,0,0,0,0,1,1,2,1,2,1,1,0,0,1,0,2,1,0,0,0,1,0,0,0,0,0,1,0,0,0,1,2,1,0,1,0,0,1,0,0,2,0,1,1,0,1,0,0,0,0,0,0,0,0,0,0,1,1,0,1,2,0,1,0,1,2,0,1,0,0,0,0,1,1,0,1,2,1,1,0,0,0,1,0,0,0,2,1,1,0,0,1,0,0,0,2,2,0,2,1,1,0,0,0,1,1,1,2,1,2,1,0,1,2,0,0,0,2,1,1,1,0,1,1,0,0,2,2,0,0,0,1,2,1,1,1,0,1,0,0,1,0,0,1,1,1,0,1,0,1,1,1,0,0,0,1,1,0,1,0,1,1,0,1,0,0,0,1,1,1,1,0,0,2,0,1,0,0,0,0,0,0,0,0,0,0,0,0,0,1,0,1,1,1,1,1,0,0,0,0,2,0,1,1,1,1,0,2,0,0,0,1,1,0,2,0,0,0,1,1,0,0,1,1,1,0,0,0,1,1,1,0,0,1,0,0,0,0,0,0,1,0,0,2,1,0,0,0,1,0,1,0,2,1,0,1,1,1,0,0,1,1,0,1,0,1,2,1,0,0,0
"IND026",1,1,1,2,2,0,0,1,2,1,1,0,1,0,1,1,2,0,1,1,1,0,1,1,0,1,2,0,1,1,1,1,0,1,1,1,0,1,1,1,0,1,0,1,0,1,1,0,2,2,1,0,1,0,0,0,0,0,0,0,1,1,1,0,2,1,0,1,1,1,0,0,2,1,2,0,2,0,0,0,1,0,0,1,2,1,1,2,0,1,0,0,0,0,2,0,1,0,1,0,0,0,0,1,2,0,2,1,1,0,1,1,0,1,0,0,0,1,1,2,0,0,2,2,2,1,1,2,0,0,1,0,1,1,0,1,1,0,2,1,0,0,0,1,1,0,1,1,0,0,0,2,0,2,1,1,0,0,0,1,1,1,1,0,1,1,0,2,1,1,0,1,1,1,1,0,0,0,0,0,1,1,1,0,2,1,1,1,0,0,0,1,0,1,1,0,1,0,1,0,1,0,1,0,0,0,1,1,1,0,1,0,1,0,1,0,2,0,0,1,1,1,0,2,1,1,0,0,0,0,0,2,0,1,1,2,0,2,1,1,0,1,0,0,0,1,0,0,0,1,0,0,0,0,0,1,0,0,0,1,1,1,0,0,0,0,0,0,0,2,0,1,0,0,0,0,0,1,0,0,1,0,0,0,0,1,0,0,0,1,1,1,1,1,2,0,1,0,0,0,0,0,1,1,0,1,1,0,0,0,0,1,0,0,0,0,1,0,0,0,2,1,0,0,2,2,1,1,0,1,0,0,0,1,1,1,1,0,2,1,0,0,0,0,1,0,1,0,0,1,0,1,1,0,1,1,1,1,1,1,1,1,1,1,1,1,1,1,1,1,0,0,1,1,1,1,0,1,0,1,1,0,0,0,1,0,0,1,0,1,1,1,0,0,1,1,1,2,0,1,0,1,1,0,1,1,1,0,0,0,0,0,0,0,0,0,0,0,0,0,0,1,1,1,0,0,0,0,0,1,1,1,1,0,0,0,1,0,0,0,0,1,0,1,1,0,1,1,1,0,0,1,1,0,0,1,1,0,1,0,1,0,1,1,0,1,0,0,0,1,0,0,1,1,0,0,1,2,0,0,0,2,0,0,1,1,1,0,0,1,1,1,1,1,1,0,0,0,0,0
"IND027",2,0,1,1,1,2,0,1,1,2,1,0,0,0,1,2,1,1,0,1,1,0,1,2,0,1,2,0,0,0,0,1,0,2,0,1,0,0,0,0,0,0,1,1,0,2,1,0,2,1,1,0,1,0,0,0,1,0,0,1,1,1,1,0,2,1,0,0,1,1,0,0,2,1,2,2,2,0,0,0,1,1,0,2,2,1,1,1,0,1,0,0,0,0,2,1,2,0,0,0,0,0,0,1,0,0,1,1,2,0,1,0,0,1,0,1,1,0,2,1,0,1,1,0,1,1,0,2,0,0,1,0,1,1,1,0,1,0,2,0,0,0,1,1,1,2,1,1,0,0,1,2,0,0,0,1,0,0,1,0,0,1,0,0,2,1,0,2,0,1,0,0,0,1,1,0,1,0,0,0,1,1,1,0,1,2,1,0,0,0,0,1,0,1,0,0,2,0,0,1,1,0,1,0,0,0,1,1,1,0,0,1,2,0,1,1,0,0,0,1,0,1,0,2,1,1,0,1,0,0,0,2,0,1,2,1,0,2,1,1,0,1,1,0,1,0,0,0,1,1,0,0,1,0,0,1,0,0,0,0,1,1,0,0,0,0,0,0,0,1,0,0,0,0,0,0,0,0,0,0,0,0,0,1,0,1,1,0,1,1,1,0,0,1,2,0,0,1,0,0,0,1,0,1,1,2,1,1,0,0,0,1,0,0,0,1,1,1,0,0,0,1,0,0,2,2,0,2,0,2,1,0,0,1,1,2,1,1,1,1,1,0,1,1,1,0,2,2,1,1,0,1,1,0,0,2,1,1,1,2,1,2,0,0,1,0,1,1,1,0,0,0,1,1,1,1,0,0,2,1,2,0,0,0,2,2,0,1,0,1,1,1,1,0,0,1,1,2,0,0,0,1,2,0,1,1,0,1,0,1,0,0,0,0,0,1,0,1,1,0,1,1,1,1,1,1,1,0,0,1,1,1,0,1,1,0,1,0,0,0,1,1,0,1,0,0,1,1,1,0,0,1,1,1,0,1,0,0,1,1,0,0,1,1,0,0,0,1,0,1,0,0,0,1,0,0,1,2,0,2,0,1,1,0,1,1,1,1,0,0,0,0,1,2,1,1,1,0,1,0
"IND028",2,1,1,1,1,0,1,1,1,1,1,1,1,0,1,1,0,0,0,1,1,0,1,1,0,2,2,0,1,1,1,1,1,2,1,1,0,0,0,1,1,1,1,1,1,2,1,0,2,2,1,0,1,0,0,1,1,0,0,1,2,1,1,1,2,1,0,0,1,1,0,0,2,1,1,1,1,0,0,0,0,0,0,2,1,0,0,2,1,1,0,0,0,0,2,0,1,1,0,1,0,0,0,1,2,0,2,1,0,0,0,0,0,1,0,1,1,2,0,0,0,0,2,1,0,1,0,2,0,0,1,0,1,2,0,0,1,0,2,1,0,0,0,1,0,1,0,0,0,0,0,2,0,1,0,1,0,0,1,1,1,1,1,0,1,1,0,1,0,2,0,0,1,1,1,0,1,0,1,0,1,2,1,0,1,1,1,0,0,0,0,2,0,1,1,0,0,1,1,1,0,0,1,1,0,1,1,1,1,0,1,0,0,1,1,1,1,0,0,1,1,1,0,2,1,1,1,0,0,0,0,1,0,0,1,1,1,2,0,1,0,1,1,0,1,2,0,0,0,1,0,0,0,0,1,1,0,0,0,1,1,1,0,1,0,0,0,0,1,2,0,0,1,0,0,0,0,0,0,0,0,0,0,0,1,1,1,0,1,1,0,1,1,1,2,0,1,1,0,0,0,0,0,1,1,1,0,1,0,0,0,2,1,0,0,2,1,1,0,0,1,0,0,0,1,2,0,2,1,1,0,0,0,1,1,1,2,0,1,1,1,1,1,0,0,0,1,1,1,1,0,1,1,0,0,1,1,0,0,2,1,1,1,0,0,1,1,1,0,0,0,0,0,1,1,1,0,1,0,2,2,0,0,0,2,1,0,1,0,1,1,1,0,0,1,1,1,2,1,0,0,1,1,0,1,0,1,0,0,1,0,0,0,0,0,1,1,1,0,0,0,1,0,1,1,0,1,0,0,1,1,1,0,1,0,0,2,0,0,0,1,1,0,0,0,1,0,2,1,0,0,0,1,1,0,0,0,1,1,1,1,0,1,1,0,1,0,0,0,1,0,0,1,1,0,0,1,2,0,1,0,1,1,0,1,1,0,0,0,1,1,1,1,1,0,1,1,0,0,0
"IND029",1,1,1,0,2,1,0,1,2,1,1,0,0,0,1,2,1,1,0,1,1,0,1,0,0,0,2,2,0,0,1,1,0,2,0,2,0,0,1,1,1,1,0,1,2,2,1,0,2,1,1,0,1,0,0,1,0,0,0,0,2,1,1,0,2,1,0,1,1,1,0,0,2,1,1,2,1,0,0,0,2,0,0,2,2,1,0,1,1,1,0,0,0,0,2,0,2,0,0,1,0,0,0,2,2,1,1,1,1,0,1,0,0,0,0,1,1,1,1,0,0,1,1,1,1,0,1,2,0,0,0,0,1,2,1,0,1,0,2,0,0,0,1,1,0,2,0,0,0,0,0,2,0,2,0,1,1,0,0,0,1,1,1,0,1,0,1,2,1,0,0,0,1,1,1,0,0,0,2,0,1,1,1,0,1,1,1,0,0,0,1,1,0,1,0,0,1,0,1,1,1,0,0,0,0,1,1,1,1,0,1,1,1,2,1,1,1,0,0,1,1,0,0,1,0,2,0,0,0,0,0,1,0,0,1,1,1,2,0,1,0,1,1,0,1,1,0,0,1,2,0,0,0,0,0,1,0,0,0,1,2,0,0,1,0,0,1,0,0,2,0,1,0,0,0,0,0,1,0,0,1,0,0,0,1,1,0,0,0,1,1,1,0,1,2,0,0,1,0,0,1,1,0,1,1,2,1,1,0,0,0,1,0,0,0,2,1,1,0,0,0,1,0,0,2,2,0,1,0,1,0,0,0,1,1,1,2,0,2,1,0,1,2,0,0,0,2,0,0,1,0,1,1,0,0,2,1,1,1,1,1,2,2,0,0,0,0,0,1,0,0,0,1,1,1,1,1,0,0,1,2,1,0,0,1,1,0,1,0,0,1,1,0,0,1,2,1,2,0,1,0,0,1,0,1,1,1,0,0,1,0,0,0,0,0,0,0,1,0,0,0,2,0,1,0,1,1,0,1,2,0,1,0,1,1,0,1,0,0,0,0,1,0,0,0,0,1,2,1,0,0,0,0,1,1,0,0,1,1,1,0,0,1,1,0,0,0,0,0,1,0,0,0,1,0,0,1,1,0,2,0,1,0,0,2,1,0,0,0,0,0,0,0,1,1,1,1,0,0,0
"IND030",2,0,1,0,2,0,1,1,2,2,1,0,1,0,1,2,2,0,0,1,1,0,1,0,1,2,2,1,0,2,2,1,1,1,1,0,0,0,0,1,0,0,0,1,1,1,1,1,2,2,1,0,1,0,0,1,1,0,0,1,1,1,1,1,2,0,0,0,1,1,0,0,2,0,1,0,2,0,0,0,2,1,0,2,2,0,1,1,1,1,0,0,1,0,2,1,1,1,0,1,0,0,0,1,0,0,1,0,1,0,2,0,0,1,0,0,0,0,0,1,0,1,2,1,1,1,0,1,0,0,0,0,1,1,1,0,1,0,2,1,0,0,1,1,1,1,1,1,0,0,1,2,0,1,0,1,1,0,0,0,1,1,2,0,1,0,0,2,1,2,0,1,1,1,1,0,0,0,1,0,1,1,1,0,2,1,1,0,0,0,0,1,0,1,0,0,0,1,0,1,1,0,1,1,0,0,1,1,0,0,0,0,1,0,1,2,1,0,0,1,0,0,0,2,1,0,1,1,0,0,0,1,0,0,1,2,0,2,1,2,0,0,1,0,1,1,0,0,2,2,0,0,0,0,0,0,0,0,0,1,2,0,0,0,0,0,0,0,1,1,0,1,1,0,0,0,0,0,0,0,0,0,0,0,1,1,1,0,1,1,1,1,1,1,2,0,1,1,0,0,1,1,0,0,1,2,1,0,0,0,0,2,0,0,0,1,1,1,0,0,0,2,0,0,1,2,0,2,0,2,1,0,0,1,1,2,2,0,1,1,0,0,1,0,0,0,1,2,1,1,0,1,1,0,1,2,1,1,1,0,1,2,1,0,1,1,1,0,1,0,0,0,1,1,1,1,0,0,2,0,2,0,1,0,2,1,0,1,0,0,1,0,0,0,0,1,1,1,1,0,0,0,1,0,1,1,1,0,0,0,0,0,0,0,0,0,0,0,1,0,1,0,0,1,0,1,1,0,0,1,1,1,1,0,1,0,1,0,0,0,0,1,0,2,0,0,0,2,1,0,0,0,1,1,1,1,1,1,1,0,0,0,1,1,0,1,0,0,0,1,0,0,0,0,0,0,1,1,0,0,0,2,1,0,2,1,1,1,0,0,0,0,0,2,1,0,0,0,0,0
"IND031",1,0,1,1,1,2,0,1,1,1,1,1,1,0,1,2,1,0,0,1,1,0,1,0,1,1,2,2,1,1,1,0,0,2,1,1,0,1,1,1,0,0,0,1,1,1,1,1,2,1,1,0,1,0,0,2,1,0,0,1,1,2,1,1,2,0,0,1,1,1,0,0,2,1,1,2,2,0,0,0,1,1,0,1,1,1,1,2,1,1,0,0,1,0,2,1,1,0,1,0,0,0,0,2,1,1,1,1,1,0,1,0,0,0,0,0,0,0,0,2,0,0,2,1,0,0,2,2,0,0,0,0,1,0,1,0,1,0,2,1,0,0,1,1,0,0,1,0,0,0,0,2,0,1,0,1,1,0,0,1,1,2,1,0,1,0,0,1,1,2,0,1,0,1,1,0,0,0,2,0,1,1,1,0,1,1,1,0,0,0,0,1,0,2,0,0,0,0,1,0,0,0,0,1,0,0,1,0,0,0,1,1,1,2,1,1,2,0,0,1,1,0,0,1,0,0,1,1,0,0,0,1,0,1,2,1,1,2,0,2,0,0,0,0,1,0,0,0,1,2,0,0,0,0,0,1,0,0,1,0,1,1,0,1,0,0,0,0,0,2,0,0,0,0,0,0,0,0,1,0,0,0,0,1,0,1,0,0,1,1,1,0,0,0,2,0,1,1,0,0,0,1,0,1,1,1,0,0,0,0,0,1,0,0,0,2,0,1,0,0,1,2,0,0,2,2,0,2,0,2,1,0,0,1,1,1,2,0,1,1,0,0,2,1,1,0,1,1,0,1,0,1,1,0,1,1,2,1,0,0,1,1,1,1,1,0,0,0,1,1,0,0,1,1,1,1,0,0,1,1,0,0,1,0,1,0,0,1,0,1,2,1,1,0,1,1,1,2,1,0,0,1,1,0,1,0,1,1,0,1,0,0,0,0,0,0,0,0,1,0,1,1,0,1,1,1,1,0,0,0,1,1,0,0,1,0,1,0,0,0,1,1,0,0,0,0,0,2,1,0,0,1,0,1,1,1,1,0,1,1,1,0,1,0,0,0,0,0,0,1,0,0,1,1,0,0,1,1,0,2,0,2,0,0,1,1,0,0,0,1,0,1,0,2,1,1,0,0,0,0
"IND032",1,0,1,2,2,1,0,1,2,2,1,1,1,0,1,2,1,1,1,1,1,0,1,1,0,2,2,1,2,1,1,1,0,2,0,1,0,0,0,0,0,1,1,1,2,1,1,1,2,2,1,0,1,0,0,2,1,0,0,0,2,2,1,0,2,1,0,1,1,1,0,0,2,0,2,1,2,0,0,0,1,1,0,1,1,1,0,1,0,1,0,0,1,0,2,0,2,0,0,0,0,0,0,2,0,0,1,1,2,0,1,1,0,0,0,0,0,1,1,1,0,1,1,0,1,0,1,1,0,0,1,0,1,1,0,1,1,0,2,2,0,0,1,1,1,0,1,0,0,0,0,2,0,1,1,1,0,0,1,1,0,2,0,0,2,1,0,2,0,2,0,0,0,1,1,0,1,0,0,0,1,1,0,0,2,2,1,0,0,0,0,2,0,2,1,0,2,0,0,0,0,0,0,1,0,0,1,1,1,0,0,1,2,0,1,2,1,0,0,1,0,1,0,1,0,1,0,1,0,0,0,1,0,0,1,2,1,2,1,1,0,1,1,0,0,0,0,0,1,1,0,0,0,0,1,0,0,0,0,0,1,1,0,1,0,0,0,0,0,1,0,0,1,0,1,0,0,0,0,0,0,0,0,1,1,1,0,0,1,1,0,1,1,2,1,0,0,1,0,0,1,0,1,1,2,2,0,1,0,0,0,1,0,0,0,1,1,1,0,0,1,2,0,0,1,2,1,1,0,1,1,0,0,0,1,2,1,1,1,1,1,0,2,0,0,0,1,0,1,1,0,1,1,0,0,1,1,1,0,0,1,1,1,1,0,0,1,1,1,1,0,0,0,1,1,1,1,0,2,1,1,1,0,0,2,2,0,1,0,1,2,1,0,0,2,1,1,1,1,1,0,0,2,0,1,0,1,1,0,0,0,0,0,0,0,1,0,0,0,0,0,2,0,1,0,1,0,0,0,1,1,1,0,0,1,0,1,0,0,0,0,1,0,1,0,0,1,2,0,0,0,0,1,0,0,0,1,1,1,1,1,0,1,0,0,0,0,0,0,1,0,0,1,1,0,1,0,2,0,1,0,1,0,0,2,1,1,1,0,0,1,1,0,1,1,1,0,0,0,0
"IND033",0,0,1,1,2,1,0,1,2,1,1,1,0,0,1,2,1,1,1,1,1,0,1,2,0,0,2,2,2,1,0,1,0,2,0,2,0,1,0,0,0,1,0,1,1,1,1,1,2,2,1,0,1,0,0,1,1,0,0,0,1,1,1,1,2,1,0,1,1,1,0,0,2,1,2,0,2,0,0,0,1,0,0,2,2,1,0,2,1,1,0,0,1,0,2,1,2,1,1,1,0,0,0,2,2,1,1,1,1,0,1,1,0,0,0,1,1,0,1,0,0,0,1,0,2,0,2,2,0,0,1,0,1,1,1,1,1,0,2,1,0,0,1,1,1,0,1,1,0,0,1,2,0,2,1,1,1,0,1,1,1,2,0,0,2,0,1,2,1,1,0,1,1,1,1,0,1,0,0,0,1,1,1,0,2,1,1,0,0,0,1,1,0,2,0,0,1,0,0,0,1,0,1,1,0,0,1,1,0,0,0,1,1,2,1,2,1,0,0,1,0,1,0,2,0,0,0,0,0,0,0,0,0,0,1,2,0,2,0,1,0,1,1,0,0,0,0,0,1,2,0,0,0,0,1,0,0,0,1,0,2,0,0,1,0,0,0,0,0,1,0,0,1,0,1,0,0,1,0,0,1,0,0,0,0,1,1,0,1,1,1,0,0,1,1,0,0,1,0,0,1,1,0,0,2,2,1,0,0,0,0,2,1,0,0,1,1,0,0,0,2,0,0,0,2,2,0,2,1,0,1,0,0,0,1,1,1,0,1,1,0,1,0,0,0,0,1,1,1,1,0,1,1,0,0,1,1,0,1,1,1,2,0,1,2,1,1,1,0,1,0,0,0,1,1,1,0,0,1,1,2,1,0,0,2,0,0,1,0,1,1,0,0,0,1,1,1,1,0,0,0,0,1,0,1,1,0,0,0,1,0,0,0,0,0,1,1,0,0,0,1,1,1,1,0,1,1,0,0,1,0,1,0,0,1,0,0,0,0,0,0,1,0,2,1,0,1,2,1,0,0,0,0,1,0,1,1,1,1,2,1,0,1,1,0,1,0,1,0,1,0,0,1,1,0,1,0,2,0,0,0,1,1,0,2,1,1,1,0,1,1,1,1,1,0,2,1,0,0,0
"IND034",2,0,1,0,2,1,1,1,1,1,1,0,1,0,1,1,0,1,1,1,1,0,1,1,0,0,2,0,0,1,1,1,1,2,1,0,0,1,0,1,0,0,0,1,1,1,1,0,2,2,1,0,1,0,0,0,1,0,0,1,2,1,1,0,2,0,0,1,1,1,0,0,2,1,2,0,2,0,0,0,2,1,0,2,1,0,0,1,0,1,0,0,1,0,2,0,2,0,1,0,0,0,0,1,2,1,0,1,2,0,1,1,0,1,0,0,0,2,0,2,0,0,2,0,1,0,0,1,0,0,1,0,1,1,0,0,1,0,2,0,0,0,1,1,0,1,1,0,0,0,1,2,0,1,1,1,0,0,1,1,0,2,2,0,1,1,1,1,1,1,0,1,1,1,1,0,0,0,0,0,1,1,1,0,0,2,1,0,0,0,0,2,0,1,1,0,2,1,0,0,1,0,1,0,0,1,1,1,1,0,0,0,2,1,1,2,2,0,0,1,0,1,0,1,0,2,2,0,0,0,0,2,0,0,0,2,0,2,1,2,0,1,0,0,2,1,0,0,2,2,0,0,1,0,0,1,0,0,1,1,0,0,0,1,0,0,0,0,0,1,0,1,0,0,0,0,0,1,0,0,0,0,0,0,1,1,0,0,1,1,1,0,1,2,2,0,1,0,0,0,1,0,1,1,0,2,1,1,0,0,0,2,1,0,0,2,1,1,0,0,0,1,0,0,2,2,0,1,0,1,1,0,0,1,1,1,2,0,2,1,0,1,0,1,0,0,1,2,1,1,0,1,1,0,1,2,2,1,0,1,1,2,0,0,1,1,1,0,0,1,0,0,0,1,1,1,0,1,1,2,2,1,0,0,2,2,0,1,0,1,1,1,1,0,0,2,1,0,1,0,0,0,1,0,1,1,0,1,0,1,0,0,0,0,0,1,0,1,1,0,0,1,1,1,1,0,0,0,1,1,0,1,0,1,2,0,1,0,0,0,0,1,0,1,1,0,1,2,1,0,0,1,0,1,0,0,1,0,1,0,0,0,1,0,0,0,0,0,0,1,0,0,1,0,0,1,1,2,0,1,0,1,0,0,1,1,0,1,0,1,1,1,1,2,0,1,1,0,0,0
"IND035",1,1,1,0,2,1,1,1,1,1,1,0,0,0,1,1,0,1,0,1,1,0,1,1,1,2,2,2,1,1,2,1,0,1,0,2,0,1,0,1,0,1,0,1,0,1,1,0,2,2,1,0,1,0,0,1,1,0,0,0,1,1,1,1,2,1,0,1,1,1,0,0,2,1,2,0,2,0,0,0,0,1,0,2,1,0,0,1,1,1,0,0,1,0,2,1,1,1,0,0,0,0,0,1,1,0,1,0,1,0,1,1,0,1,0,0,1,1,2,1,0,1,1,1,1,0,1,2,0,0,0,0,1,2,1,1,1,0,2,0,0,0,0,1,0,1,1,1,0,0,0,2,0,0,0,1,1,0,0,1,2,2,1,0,0,1,0,1,0,1,0,1,1,1,1,0,0,0,1,0,1,0,0,0,1,2,1,1,0,0,1,2,0,0,1,0,1,0,0,1,1,0,1,0,0,1,1,0,1,0,0,0,0,1,1,1,1,0,0,1,0,1,0,2,0,0,2,1,0,0,0,1,0,1,0,2,1,2,0,0,0,0,1,0,1,1,0,0,1,2,0,0,1,0,0,0,0,0,0,0,2,0,0,0,0,0,0,0,0,2,0,1,0,0,1,0,0,1,0,0,0,0,0,1,1,1,0,0,0,2,0,1,1,1,2,0,0,0,0,0,1,0,1,1,1,1,0,0,0,0,0,1,0,0,0,0,1,0,0,0,1,1,0,0,1,2,0,2,0,2,1,0,0,1,1,2,2,1,2,1,1,1,1,0,1,0,1,2,1,1,0,1,1,0,1,2,2,1,0,2,1,1,1,0,1,1,1,1,0,1,0,0,1,1,1,1,0,1,0,1,1,0,0,0,1,0,0,1,0,1,1,1,0,0,2,0,1,1,1,0,0,1,2,0,1,1,1,0,0,1,0,0,0,0,0,0,0,0,0,0,0,2,0,1,0,1,2,0,1,2,1,1,1,1,0,0,2,0,0,0,1,1,0,1,1,1,0,2,0,0,0,0,0,1,1,1,0,1,1,0,1,0,1,1,0,1,0,1,0,1,0,0,1,1,0,1,0,1,0,2,0,2,1,0,2,1,1,0,0,0,1,0,0,0,1,1,0,0,0,0
"IND036",2,1,1,1,1,1,0,1,2,1,1,1,0,0,1,1,1,1,0,1,1,0,1,0,0,0,2,1,1,2,2,0,0,2,1,0,0,0,0,1,0,0,1,1,2,1,1,0,2,2,1,0,1,0,0,0,0,0,0,1,1,2,1,1,2,1,0,0,1,1,0,0,2,1,1,2,2,0,0,0,1,1,0,2,1,0,0,2,0,1,0,0,0,0,2,1,1,0,0,1,0,0,0,1,1,0,2,2,0,0,1,1,0,1,0,0,1,2,2,1,0,1,2,1,2,0,1,2,0,0,0,0,1,1,0,1,1,0,2,0,0,0,0,1,0,1,0,0,0,0,0,2,0,2,1,1,0,0,0,0,1,2,2,0,0,1,1,1,1,2,0,0,1,1,1,0,1,0,2,0,1,1,1,0,1,2,1,1,0,0,0,2,0,1,1,0,1,0,1,1,1,0,0,1,0,0,1,1,1,0,1,1,0,2,1,1,1,0,0,1,0,1,0,2,1,2,1,0,0,0,0,2,0,0,1,1,1,2,0,1,0,0,0,0,1,0,0,0,2,2,0,0,0,0,0,0,0,0,0,0,1,1,0,1,0,0,1,0,1,1,0,0,1,0,0,0,0,1,1,0,1,0,0,1,0,1,0,0,1,1,0,0,0,2,2,0,0,0,0,0,1,0,1,1,1,2,1,0,0,0,0,1,0,0,0,1,1,1,0,0,1,1,0,0,1,2,1,2,0,2,1,0,0,2,1,1,2,0,2,1,1,0,0,1,0,0,2,2,0,1,0,1,1,0,0,2,2,0,1,1,1,2,0,0,0,1,1,0,0,0,0,0,1,1,1,0,0,0,2,2,1,1,0,0,1,0,0,1,0,1,1,0,1,0,2,1,1,2,0,1,0,0,1,0,1,0,1,1,0,1,0,0,0,0,0,1,1,1,0,0,0,0,1,1,1,1,1,0,0,1,1,1,1,1,0,0,1,0,0,0,0,1,0,0,1,0,0,1,2,0,0,1,1,1,1,1,0,1,1,1,0,0,1,1,0,1,0,0,0,1,0,0,2,1,0,1,1,1,0,2,0,2,1,0,1,1,1,0,0,0,1,1,0,1,1,2,1,0,0,0
"IND037",1,1,1,1,1,1,1,1,1,1,1,1,1,0,2,1,2,1,1,1,1,0,1,0,1,0,2,1,1,1,1,1,1,2,1,0,0,0,0,0,0,0,1,1,0,1,1,0,2,1,1,0,1,0,0,2,0,0,0,1,2,1,1,0,2,1,0,1,1,1,0,0,2,0,2,1,1,0,0,0,2,1,0,2,2,1,1,1,1,1,0,0,1,0,2,0,2,0,0,0,0,0,0,2,1,0,1,1,2,0,2,0,0,0,0,0,1,2,2,1,0,0,0,2,2,0,1,1,0,0,0,0,1,1,0,0,1,0,2,2,0,0,0,1,0,1,1,0,0,0,0,2,0,2,0,1,1,0,1,1,1,1,1,0,0,1,0,2,1,0,0,1,0,1,1,0,1,0,0,0,1,0,1,0,1,1,1,1,0,0,0,1,0,1,1,0,1,0,1,0,1,0,0,0,0,1,1,2,1,0,1,0,0,1,1,2,0,0,0,1,0,1,0,1,1,1,0,1,0,0,0,1,0,0,0,1,1,2,1,2,0,0,0,0,1,1,0,0,2,2,0,0,1,0,0,2,0,0,1,0,0,0,0,0,0,0,0,0,1,1,0,0,0,0,1,0,0,0,1,0,1,0,0,1,0,1,1,0,0,1,1,0,0,2,1,0,0,1,0,0,0,1,1,0,2,2,1,0,0,0,0,1,1,0,0,1,0,1,0,0,2,1,0,0,1,2,0,2,1,0,0,0,0,0,1,1,1,0,1,1,1,0,0,1,0,0,1,2,0,1,0,1,1,0,1,2,2,0,1,2,1,2,0,1,0,0,1,0,0,1,0,0,1,1,1,1,0,0,1,0,1,1,0,0,2,1,0,1,0,1,2,1,0,0,0,1,1,1,0,0,0,0,1,0,1,1,0,1,0,0,0,0,0,0,0,0,1,1,1,0,0,0,1,1,0,0,2,0,0,0,1,1,1,0,1,0,2,0,0,0,1,1,0,2,1,0,1,1,0,0,0,1,0,1,1,1,0,0,1,2,1,0,1,1,0,1,0,1,0,1,0,0,2,0,0,0,1,1,0,1,0,1,1,0,1,1,0,0,0,1,1,1,0,0,0,2,1,0,0,0
"IND038",1,1,1,1,1,1,0,1,2,2,1,1,1,0,0,2,1,0,0,1,1,0,1,2,1,2,2,1,2,1,2,1,1,1,0,2,0,1,0,1,1,0,1,1,1,1,1,1,2,2,1,0,1,0,0,2,1,0,0,1,1,1,1,0,2,1,0,0,1,1,0,0,2,1,1,0,1,0,0,0,1,0,0,2,2,1,0,2,1,1,0,0,0,0,2,0,1,0,0,1,0,0,0,2,0,0,1,1,1,0,1,0,0,0,0,1,1,1,1,2,0,0,2,2,2,0,0,2,0,0,0,0,1,2,1,0,1,0,2,1,0,0,0,1,0,2,1,1,0,0,1,2,0,1,1,1,1,0,1,1,2,1,0,0,1,1,1,1,0,1,0,1,0,1,1,0,0,0,1,0,1,2,1,0,1,2,1,1,0,0,0,2,0,2,1,0,0,0,1,0,1,0,0,1,0,1,1,1,1,0,0,0,0,0,1,1,1,0,0,1,1,1,0,1,0,1,1,0,0,0,0,1,0,0,1,1,1,2,0,1,0,1,1,0,0,0,0,0,0,1,0,0,0,0,1,1,0,0,1,1,1,1,0,1,0,0,0,0,1,2,0,0,1,0,1,0,0,1,0,0,0,0,0,1,0,1,0,0,1,1,0,1,1,1,2,0,0,0,0,0,0,1,0,1,1,2,0,1,0,0,0,1,0,0,0,1,1,1,0,0,0,1,0,0,2,2,1,1,1,2,1,0,0,2,1,1,2,0,1,1,1,1,1,1,0,0,1,2,0,1,0,1,1,0,0,2,1,0,1,0,1,2,1,1,1,1,0,1,0,1,0,0,0,1,1,0,0,0,1,0,0,0,0,0,1,1,0,1,0,1,1,1,1,0,2,0,1,0,0,0,0,1,2,0,1,1,1,1,0,1,0,0,0,0,0,1,1,1,1,0,0,1,1,1,1,0,0,0,0,1,0,1,1,1,1,0,2,0,0,0,0,1,0,1,1,1,1,2,2,0,0,0,1,1,1,0,1,1,1,2,1,0,1,0,0,0,0,1,0,1,0,0,1,1,0,1,0,1,0,0,0,2,0,0,2,1,1,1,0,1,0,0,1,1,0,1,0,0,1,0
"IND039",1,0,1,2,1,0,1,1,1,2,1,1,0,0,1,2,1,1,1,1,1,0,1,0,0,1,2,0,0,2,1,0,0,1,0,0,0,0,0,0,0,1,1,1,2,1,1,1,2,2,1,0,1,0,0,1,1,0,0,1,2,1,1,0,2,0,0,1,1,1,0,0,2,1,1,1,2,0,0,0,0,0,0,1,1,0,0,1,1,1,0,0,0,0,2,1,1,0,0,0,0,0,0,1,0,1,1,0,0,0,1,0,0,0,0,1,0,2,1,0,0,0,1,1,0,1,2,1,0,0,1,0,1,1,1,0,1,0,2,0,0,0,0,1,1,1,1,0,0,0,0,2,0,1,1,1,1,0,0,0,2,2,2,0,2,1,1,1,1,1,0,0,1,1,1,0,0,0,1,0,1,2,1,0,1,2,1,0,0,0,1,1,0,1,0,0,1,1,1,1,1,0,0,0,0,1,1,0,0,0,0,0,1,1,1,1,0,0,0,1,1,1,0,2,0,2,2,0,0,0,0,0,0,1,1,2,1,2,0,0,0,1,1,0,1,1,0,0,1,1,0,0,0,0,1,2,0,0,1,0,2,0,0,1,0,0,1,0,0,1,0,1,0,0,0,0,0,1,1,0,1,0,0,0,0,1,1,0,0,1,0,1,0,0,2,0,0,0,0,0,0,0,0,1,0,1,1,0,0,0,0,1,1,0,0,1,0,0,0,0,1,1,0,0,2,2,1,2,0,0,0,0,0,0,1,1,2,1,2,1,0,1,1,1,0,0,2,1,0,1,0,1,1,0,1,2,2,0,0,0,1,2,2,1,1,0,0,1,1,1,0,0,0,1,1,1,0,1,1,0,0,0,1,0,1,1,0,1,0,0,2,0,1,0,1,2,1,0,1,0,0,1,1,0,1,0,0,1,0,0,0,0,0,0,0,1,1,1,1,0,1,2,1,1,1,1,1,0,0,0,0,1,1,0,1,0,1,0,0,0,0,1,0,1,0,1,0,2,1,0,0,0,1,0,1,1,1,0,1,0,1,0,1,0,0,1,0,1,0,1,0,0,1,1,0,0,1,2,0,0,0,1,1,0,1,1,1,1,0,1,1,1,0,0,0,1,0,0,1,0
"IND040",0,1,1,2,2,1,0,1,2,1,1,0,1,0,1,2,2,0,1,1,1,0,1,0,1,1,2,0,1,1,1,1,0,2,0,2,0,1,1,0,0,0,0,1,0,1,1,1,2,1,1,0,1,0,0,1,0,0,0,0,2,1,1,1,2,0,0,1,1,1,0,0,2,0,1,0,2,0,0,0,2,1,0,1,1,0,0,2,1,1,0,0,1,0,2,1,2,0,1,1,0,0,0,2,1,0,1,1,1,0,2,0,0,0,0,1,0,1,1,1,0,1,1,2,2,0,1,2,0,0,1,0,1,2,1,1,1,0,2,0,0,0,1,1,0,2,0,1,0,0,0,2,0,0,1,1,1,0,0,0,1,2,2,0,1,0,0,1,1,1,0,0,0,1,1,0,1,0,1,0,1,0,0,0,2,2,1,1,0,0,1,2,0,1,1,0,2,0,0,0,1,0,0,0,0,1,1,1,0,0,0,0,1,1,1,2,2,0,0,1,1,0,0,1,0,1,0,1,0,0,0,1,0,1,0,2,0,2,0,1,0,1,0,0,0,1,0,0,1,2,0,0,1,0,0,2,0,0,0,0,1,0,0,0,0,0,0,0,1,2,0,0,1,0,0,0,0,1,0,0,0,0,0,1,1,1,0,0,0,2,1,1,1,2,1,0,1,0,0,0,1,1,1,2,1,2,1,1,0,0,0,1,1,0,0,2,1,1,0,0,0,1,0,0,2,2,0,2,1,1,0,0,0,1,1,1,1,1,1,1,0,0,2,1,1,0,1,1,1,1,0,1,1,0,0,2,1,0,1,1,1,2,1,1,0,1,1,0,0,0,0,0,1,1,1,0,0,0,1,2,2,1,1,0,2,1,0,1,0,0,1,1,0,0,2,1,1,2,0,1,0,1,2,0,1,1,0,0,0,0,0,0,0,0,0,1,1,0,1,0,1,1,1,1,0,0,2,0,0,1,1,1,0,0,1,0,1,0,0,0,1,1,0,1,0,1,0,2,0,0,0,0,0,0,0,0,0,0,1,1,1,0,1,0,0,1,0,0,0,1,0,0,1,0,0,1,0,1,0,1,0,2,0,0,2,1,1,0,0,0,1,0,0,0,0,0,1,0,1,0
"IND041",1,2,0,1,1,1,0,0,0,1,1,0,0,0,0,2,1,0,0,1,1,0,0,2,0,0,1,2,0,1,2,1,1,0,0,2,0,0,0,1,0,0,0,1,1,1,0,1,1,0,1,0,1,1,0,1,0,0,0,0,0,0,1,2,1,0,0,2,1,1,0,0,1,1,0,0,0,0,0,1,1,1,1,1,0,0,0,0,2,0,2,0,0,1,0,0,1,0,0,0,2,0,1,0,2,1,1,0,0,0,1,0,2,1,0,1,0,0,2,1,0,1,1,0,1,0,0,1,2,0,1,1,2,0,0,1,1,1,1,0,0,1,0,0,0,0,0,0,1,0,1,2,1,2,1,1,0,0,0,1,0,0,0,0,2,1,2,1,1,0,1,0,0,0,1,1,1,0,1,1,1,1,0,1,0,1,0,2,0,0,0,1,1,0,0,0,0,0,1,1,1,1,1,1,0,2,1,1,1,2,0,2,0,0,1,1,0,0,1,1,0,0,0,2,1,0,2,0,0,0,0,0,0,0,1,1,1,1,0,0,0,0,1,1,2,0,2,1,0,1,2,2,1,1,0,1,0,0,0,0,2,0,1,1,0,1,2,0,1,1,0,1,0,0,1,1,0,0,1,1,1,1,0,0,1,0,1,0,0,0,2,1,0,0,0,1,1,0,0,0,0,0,0,0,1,0,1,1,0,1,0,1,0,0,0,0,0,1,1,0,2,0,0,0,0,1,0,1,0,1,0,0,1,0,1,1,0,0,1,0,1,1,1,1,0,0,1,1,1,1,1,2,0,0,1,1,0,0,0,0,0,1,1,1,1,1,0,1,0,0,1,1,0,0,1,0,0,0,0,1,0,0,2,0,0,1,0,1,0,0,1,1,2,1,1,1,1,1,1,0,1,1,1,0,2,0,1,0,0,1,0,0,0,2,0,0,0,0,0,0,0,0,0,2,1,1,1,1,1,1,1,0,2,0,2,0,2,1,0,2,1,1,0,2,0,0,0,0,0,0,0,0,1,1,0,0,1,0,0,1,0,2,1,0,0,0,0,0,0,0,0,0,0,1,1,0,0,2,0,2,0,1,1,0,2,1,0,0,0,2,1,1,1,1,1,0,2,1,0,0
"IND042",1,0,0,1,1,0,0,0,0,1,1,0,2,0,0,2,2,0,0,1,1,0,1,2,0,0,1,0,1,1,2,1,1,0,0,2,0,0,0,0,0,0,1,2,2,1,0,1,1,1,0,1,1,1,0,1,0,0,0,0,0,0,1,2,1,0,0,2,1,0,0,0,1,1,0,0,1,0,0,1,0,1,1,1,0,0,1,0,2,0,2,0,0,0,0,0,1,0,0,0,2,0,0,0,1,1,1,1,0,0,0,2,1,1,1,1,1,0,1,0,1,0,1,0,1,2,1,1,2,1,2,2,1,0,1,1,2,0,1,0,1,1,0,0,0,0,1,1,1,0,1,1,0,2,0,1,0,0,0,1,0,0,0,0,2,1,1,0,1,0,0,0,0,0,0,1,2,0,1,1,1,1,0,1,0,0,1,2,0,0,1,1,0,0,0,0,0,0,2,0,1,1,0,1,1,2,2,1,0,1,0,1,0,0,1,0,0,0,1,1,0,0,0,1,0,0,1,0,0,0,0,0,0,0,1,1,1,2,0,0,0,0,1,1,2,0,0,0,0,2,1,1,1,2,0,1,0,0,1,0,0,0,1,1,0,0,2,0,1,1,0,2,1,0,1,1,0,0,0,1,1,1,0,1,1,0,1,0,0,1,1,1,0,0,0,1,1,0,0,1,0,0,0,0,1,2,0,1,0,1,0,0,1,0,0,0,0,0,1,0,1,0,0,0,0,0,1,1,1,2,1,0,1,0,1,0,0,0,1,0,1,1,1,1,0,0,1,0,1,1,0,1,0,0,1,0,0,0,0,1,0,1,0,2,0,0,1,1,1,1,1,1,0,0,1,1,0,0,0,0,1,0,1,0,1,1,0,0,0,0,2,1,2,1,1,1,1,1,2,1,0,1,0,0,2,0,0,0,0,1,0,0,0,1,0,0,1,0,0,0,1,0,0,2,1,0,0,1,0,1,1,0,0,0,1,0,2,0,1,2,1,1,0,2,0,0,0,0,0,0,0,0,0,0,0,0,1,2,2,0,0,1,1,1,0,0,0,0,0,1,0,0,1,1,0,0,0,2,0,0,0,2,2,0,2,0,1,0,0,1,0,0,1,1,1,0,2,1,1,0
"IND043",1,1,0,1,1,0,0,0,0,1,1,0,1,0,0,2,1,0,1,0,1,0,1,2,0,0,0,1,0,1,2,1,1,0,0,2,0,0,0,0,0,0,0,2,1,1,0,0,1,1,0,1,0,1,0,0,0,0,0,1,0,0,1,2,0,0,0,2,1,0,1,0,1,0,0,0,0,0,0,0,0,1,0,1,0,0,1,0,1,0,2,0,0,0,1,0,1,0,0,0,1,0,0,0,2,0,1,0,0,0,1,2,0,1,0,0,1,0,1,1,1,1,0,1,1,2,0,2,0,0,0,2,1,0,1,1,2,1,1,0,1,0,0,0,0,1,0,2,1,0,1,2,2,1,1,1,0,0,0,1,2,1,1,0,1,1,2,1,2,0,0,0,0,0,1,0,2,0,0,1,1,0,0,1,2,1,0,1,0,0,0,0,1,1,0,0,0,0,2,0,0,0,1,1,0,2,2,0,0,1,1,2,0,0,1,0,0,0,0,1,1,0,0,1,0,0,2,0,0,0,0,0,0,0,1,2,0,1,0,0,0,0,2,1,1,0,1,1,0,2,2,2,2,2,0,1,0,0,1,0,2,1,0,1,1,0,2,0,0,2,0,1,0,0,1,1,0,0,0,2,1,1,1,1,1,0,1,0,0,0,1,1,0,0,0,1,1,0,0,1,1,0,0,0,1,1,2,0,0,0,0,1,1,0,0,0,0,0,1,1,1,0,0,0,0,0,0,1,1,1,2,0,0,0,1,1,0,0,1,1,2,0,0,1,0,0,1,0,0,1,1,0,0,0,1,1,0,0,0,0,0,1,1,2,1,0,0,1,1,0,0,0,0,0,2,1,0,0,0,0,2,0,2,1,0,1,0,1,0,0,2,1,1,0,1,1,1,1,0,1,0,1,2,0,2,0,0,0,0,1,0,0,0,2,0,0,1,0,0,0,1,0,0,2,1,0,1,1,1,2,0,0,1,0,2,0,2,0,0,2,2,1,0,2,0,0,0,0,0,0,0,0,0,0,0,0,1,1,1,0,0,0,1,0,0,0,0,0,0,0,0,0,1,0,0,1,0,2,0,1,0,2,1,0,1,0,2,0,0,2,0,1,2,0,1,0,2,0,0,0
"IND044",1,2,0,1,1,0,0,0,0,1,2,0,1,0,1,2,2,0,1,0,1,0,1,2,1,0,1,1,0,1,2,1,1,0,0,2,0,0,0,0,0,0,0,2,1,1,1,0,2,1,0,0,0,0,0,0,0,0,0,1,0,0,1,2,2,0,0,1,1,1,1,0,1,1,0,0,0,1,0,1,1,1,0,0,0,0,1,0,1,0,2,0,1,1,0,0,1,1,0,0,1,0,0,0,2,1,1,0,0,0,1,2,1,1,0,2,1,0,2,1,0,0,0,0,0,1,1,1,1,0,2,1,1,2,2,1,1,0,1,0,1,1,1,0,0,1,1,1,1,0,1,2,1,1,1,1,0,0,0,0,2,0,0,0,2,1,0,1,1,0,0,0,0,0,1,1,1,0,1,1,1,1,0,1,1,1,1,1,0,0,0,0,0,0,0,0,0,0,1,1,0,1,0,1,0,2,1,1,1,2,0,1,0,0,1,1,0,0,1,1,1,0,0,1,1,0,0,0,0,0,0,0,0,1,2,0,1,2,0,0,0,0,1,1,1,0,0,0,0,2,2,2,1,1,0,1,0,0,0,0,0,1,0,1,2,1,1,0,1,0,0,2,0,1,1,1,0,0,1,1,0,1,0,0,1,0,1,0,0,1,1,1,0,0,0,1,2,0,0,1,1,0,0,0,1,0,1,0,0,0,0,0,1,0,0,0,0,1,1,0,1,0,0,0,0,0,0,1,0,1,0,0,1,0,1,1,0,0,2,1,2,0,0,1,1,0,1,1,0,1,1,2,0,0,1,1,0,0,0,0,0,0,1,2,1,1,1,1,1,0,0,1,0,0,1,2,0,0,0,0,2,0,1,0,1,1,0,1,0,0,2,0,0,1,1,0,1,1,1,1,1,1,2,1,2,0,1,0,0,2,0,0,0,0,0,0,1,0,0,0,1,0,0,2,1,1,1,1,1,2,0,0,1,1,1,0,1,0,0,1,2,0,0,1,1,0,0,0,0,0,0,1,1,0,0,0,1,2,0,1,0,1,0,0,0,0,0,0,0,0,0,0,0,0,1,1,0,2,0,1,0,1,0,0,1,1,1,0,0,0,0,1,2,1,1,0,1,0,0,0
"IND045",1,0,0,1,1,0,0,0,0,1,1,0,2,0,1,2,2,0,1,1,1,0,1,2,0,0,0,2,0,1,2,1,1,0,0,2,0,0,0,1,0,0,1,2,1,1,0,1,2,0,0,0,0,2,0,1,0,0,0,1,0,0,1,2,0,0,0,1,1,0,0,0,1,1,0,0,1,1,0,1,0,1,0,0,0,0,1,0,2,0,2,0,0,0,0,1,1,1,0,0,2,0,0,0,1,1,1,0,0,0,1,2,1,1,0,1,0,0,1,0,1,0,0,0,0,1,1,2,2,0,1,2,0,1,1,1,0,1,1,0,0,1,0,0,0,1,0,1,1,0,1,2,1,2,1,1,0,0,0,1,2,1,0,0,1,0,1,0,1,0,1,0,0,0,0,1,2,0,0,2,1,1,0,1,1,1,1,2,0,0,0,0,0,0,0,0,0,0,1,1,0,0,1,0,0,1,1,1,0,1,1,2,0,0,1,0,0,0,1,1,1,0,0,1,0,0,0,0,0,0,1,1,0,0,2,2,0,2,0,0,0,0,1,1,2,0,1,1,0,1,1,2,1,1,0,1,0,0,1,0,0,0,1,1,1,0,1,0,0,2,0,2,0,1,1,1,0,0,0,2,0,0,0,1,1,0,1,0,0,0,2,1,0,0,0,1,1,0,0,1,1,0,0,0,1,1,0,0,0,0,0,1,0,0,0,0,0,0,1,0,1,0,0,0,0,1,1,1,1,1,1,0,1,0,1,0,0,0,1,0,2,0,1,1,1,0,1,1,1,1,1,1,0,0,1,0,0,1,0,0,1,0,1,2,0,1,0,1,0,1,1,1,1,0,0,1,0,0,0,1,1,0,1,0,1,1,0,0,0,0,0,1,1,2,1,0,1,2,1,0,1,1,0,1,2,0,0,0,0,2,0,0,0,0,0,0,1,0,0,0,1,0,0,2,1,0,0,1,1,2,1,0,1,0,1,0,1,0,1,2,1,1,0,2,1,0,0,0,0,0,0,0,1,1,0,0,1,2,1,0,0,1,0,0,0,0,0,0,0,1,0,0,1,1,1,1,0,2,0,0,0,1,0,0,2,1,1,0,0,1,1,0,1,1,1,0,2,1,1,0
"IND046",1,2,0,1,1,0,0,0,0,1,1,0,1,0,1,2,1,0,0,1,1,0,1,2,0,0,1,1,1,1,2,1,1,0,0,1,0,0,0,1,0,0,0,1,1,1,1,1,2,0,0,1,1,1,0,0,0,0,0,0,1,0,2,2,1,0,0,1,1,0,1,0,0,1,0,0,1,1,0,1,0,1,0,0,0,0,0,0,1,0,2,0,0,0,0,1,0,1,0,0,2,0,1,0,2,0,1,0,0,0,2,1,2,1,0,2,0,0,2,0,0,0,1,1,1,1,1,2,1,1,2,0,0,0,1,1,0,1,1,0,1,0,1,0,0,1,1,0,1,0,1,2,1,1,0,1,0,0,0,1,0,1,1,0,2,0,0,0,2,0,2,0,0,0,0,0,1,0,0,1,1,1,0,1,2,0,1,1,0,0,1,2,1,1,0,0,0,0,2,1,1,1,0,1,1,2,1,0,0,2,1,0,0,0,1,1,0,0,0,1,0,0,0,1,0,0,1,0,0,0,0,1,0,0,2,0,1,2,0,0,0,0,1,1,2,0,0,1,0,2,2,1,1,2,0,1,0,0,1,0,2,1,1,1,0,0,2,0,0,2,0,1,1,0,1,1,0,0,0,2,2,1,0,1,1,0,1,0,0,0,1,1,0,0,0,1,2,0,0,1,1,0,0,0,1,2,1,1,0,1,0,1,1,0,0,0,0,1,1,1,2,0,0,0,0,0,1,1,0,1,2,0,1,0,1,1,0,0,1,0,2,1,2,1,1,0,1,0,0,1,0,2,0,0,1,1,0,0,0,1,1,1,1,1,0,1,0,1,0,0,0,0,1,0,1,0,0,0,0,1,2,0,1,0,0,1,0,1,0,0,2,0,0,1,1,0,1,1,1,0,0,1,0,1,2,0,1,0,0,2,0,0,0,0,0,0,1,1,0,0,0,0,0,2,1,0,0,1,1,2,0,0,2,0,1,0,1,0,1,2,0,0,0,2,1,0,0,0,0,0,0,1,1,1,0,0,0,1,1,1,0,0,1,0,0,0,0,0,0,1,0,0,1,0,1,0,0,1,1,1,0,2,2,0,1,1,1,0,0,0,1,0,1,0,1,0,2,0,0,0
"IND047",1,0,0,1,1,1,0,0,0,1,2,0,2,0,0,2,0,0,0,0,1,0,0,2,1,0,0,2,1,1,2,1,1,0,0,1,0,0,0,0,0,0,1,2,1,1,0,0,1,0,0,0,0,1,0,0,0,0,0,0,1,0,1,2,1,0,0,1,1,1,0,0,1,0,0,0,0,0,0,0,1,0,0,1,0,0,0,0,2,0,2,0,1,1,0,1,0,1,0,0,2,0,0,0,2,0,1,0,0,0,1,2,1,1,1,1,1,0,1,1,1,1,0,1,0,0,1,1,1,1,1,0,0,1,1,1,2,0,1,0,0,0,0,0,0,0,1,2,1,0,1,2,2,1,0,1,0,0,0,0,2,1,0,0,2,0,1,1,2,0,0,0,0,0,0,0,1,0,1,1,1,2,0,1,2,1,0,2,0,0,1,1,1,1,0,0,0,0,2,0,1,0,1,0,1,1,0,0,0,1,0,1,0,0,1,0,0,0,1,1,0,0,0,2,0,0,1,0,0,0,0,0,0,0,2,2,1,1,0,0,0,0,1,1,2,0,0,0,0,2,0,1,0,2,0,1,0,0,1,0,1,0,0,1,1,1,1,0,0,1,0,1,0,1,1,1,0,1,1,2,2,1,0,1,1,0,1,0,0,0,2,1,0,0,0,1,1,0,0,1,0,0,0,0,1,1,0,0,0,2,0,1,1,0,0,0,0,1,1,1,2,1,0,0,0,0,1,1,1,2,2,0,1,0,1,1,0,0,0,1,1,1,1,1,1,0,1,1,2,1,0,2,0,0,1,0,0,0,0,1,1,1,1,1,1,1,1,1,0,0,0,1,1,0,2,1,0,0,0,1,1,0,2,0,1,1,0,0,0,0,1,0,1,1,1,0,1,1,0,1,1,1,1,1,2,0,0,0,0,2,0,0,0,2,0,0,1,1,0,0,1,0,0,2,1,0,1,0,0,1,0,0,0,1,1,0,2,0,1,2,2,0,0,2,1,0,0,0,0,0,0,1,0,1,0,0,0,2,0,1,0,1,0,0,0,0,0,0,0,1,0,0,1,0,1,1,0,1,1,0,0,1,2,0,2,0,0,0,0,1,0,1,1,1,1,0,1,1,0,0
"IND048",1,0,0,1,1,0,0,0,0,1,2,0,1,0,1,2,0,0,1,0,1,0,0,2,1,0,0,1,1,1,2,1,1,0,0,2,0,0,0,0,0,0,0,2,0,1,1,0,2,1,0,0,0,0,0,1,0,0,0,0,1,0,1,2,2,0,0,2,1,1,1,0,1,1,0,0,1,1,0,0,0,1,0,1,0,0,1,0,1,0,2,0,0,1,0,1,1,1,0,0,2,0,0,0,2,1,1,0,0,0,2,1,2,1,0,1,1,0,1,1,1,0,2,1,0,0,2,1,0,1,0,1,1,0,1,1,1,1,1,0,1,1,0,0,0,1,1,1,1,0,0,1,2,2,0,1,0,0,0,1,1,1,0,0,1,1,1,0,2,0,1,0,0,0,1,0,1,0,1,2,1,1,0,1,2,2,1,1,0,0,0,1,1,1,0,0,0,0,1,1,1,1,0,1,0,2,0,0,0,2,1,1,0,0,1,0,0,0,0,1,0,0,0,2,1,0,1,0,0,0,1,0,0,0,1,1,1,2,0,0,0,0,2,1,2,0,1,1,0,2,0,2,1,1,0,1,0,0,0,0,0,1,1,1,1,0,1,0,1,2,0,1,1,1,1,1,0,0,0,2,0,1,0,1,1,0,1,0,0,0,2,1,0,0,0,1,2,0,0,1,0,0,0,0,1,0,1,0,0,1,0,1,1,0,0,0,0,1,1,1,2,0,0,0,0,1,0,1,1,1,2,0,0,0,1,1,0,0,1,1,2,1,1,1,1,0,1,1,2,1,0,1,0,0,1,1,0,0,0,0,0,0,0,1,0,1,1,1,1,1,1,0,0,0,1,1,0,0,0,2,1,0,0,0,0,1,0,1,0,0,1,0,0,1,1,0,1,2,1,1,0,1,1,1,2,0,0,0,0,1,0,0,0,0,0,0,1,1,0,0,0,0,0,2,1,1,1,0,0,1,0,0,2,1,0,0,1,1,0,1,2,0,0,2,0,0,0,0,0,0,0,1,1,1,0,0,0,0,2,1,0,2,1,0,0,0,0,0,0,0,0,0,0,0,0,0,0,1,1,0,0,1,1,0,1,1,0,0,0,2,1,1,0,0,1,0,2,0,0,0
"IND049",1,0,0,1,1,0,0,0,0,1,2,0,1,0,1,2,1,0,0,1,1,0,0,2,1,0,1,1,1,1,2,1,1,0,0,2,0,0,0,1,0,0,0,2,0,1,1,1,1,1,1,0,0,1,0,1,0,0,0,1,1,0,1,2,2,0,0,1,1,0,1,0,1,1,0,0,1,0,0,0,1,0,1,0,0,0,0,0,0,0,2,0,0,0,1,0,2,0,0,0,1,0,2,0,1,1,1,0,0,0,0,0,1,1,0,2,1,0,1,1,1,1,1,1,1,0,1,1,0,0,0,1,1,2,1,1,1,0,1,0,0,0,1,0,0,1,0,1,1,0,1,1,1,2,0,1,0,0,0,1,1,0,1,0,1,0,1,0,2,0,1,0,0,0,0,1,0,0,1,1,1,0,0,1,2,1,1,2,0,0,1,1,0,0,0,0,0,0,1,0,0,0,1,1,0,2,2,0,0,1,0,1,0,0,1,1,0,0,1,1,1,0,0,1,0,0,1,0,0,0,0,0,0,0,1,2,1,2,0,0,0,0,1,1,1,0,1,1,0,1,1,2,0,1,0,1,0,0,0,0,0,0,0,1,1,1,2,0,1,2,0,2,1,1,1,1,0,1,1,2,0,1,0,1,1,0,1,0,0,0,2,1,0,0,0,1,1,0,0,0,1,0,0,0,1,1,1,1,0,0,0,1,0,0,0,0,0,1,1,0,2,0,0,0,0,0,0,1,1,2,2,0,1,0,1,0,0,0,1,1,1,1,1,1,0,0,1,0,2,1,1,1,0,0,1,0,0,0,0,0,1,0,1,1,1,0,0,1,0,1,1,1,0,0,2,1,0,0,0,1,2,0,1,1,0,1,0,0,0,0,0,1,0,1,1,1,1,2,1,0,0,1,2,0,2,0,1,0,0,1,0,0,0,1,0,0,0,1,0,0,0,0,0,2,1,0,1,1,0,2,1,0,1,0,0,0,2,0,0,2,1,0,0,1,1,0,0,0,0,0,0,0,0,0,0,0,1,1,1,0,0,1,0,1,0,0,0,0,0,1,0,0,0,0,0,0,0,2,1,2,0,2,1,0,1,1,1,0,0,1,0,0,2,1,1,0,2,0,1,0
"IND050",1,2,0,1,1,1,0,0,0,1,2,0,0,0,0,2,1,0,1,1,1,0,1,2,0,0,1,1,1,1,2,1,1,0,0,2,0,0,0,1,0,0,1,2,1,1,1,0,2,1,0,1,1,1,0,0,0,0,0,0,0,0,1,2,1,0,0,2,1,1,1,0,0,0,0,0,0,1,0,1,0,0,1,1,0,0,1,0,0,0,2,0,0,1,0,1,0,1,0,0,2,0,1,0,1,0,1,0,0,0,1,2,0,1,1,2,1,0,2,0,1,0,0,1,1,2,1,2,1,0,1,0,0,0,2,1,2,1,1,0,1,0,0,0,0,0,0,2,1,0,1,2,2,2,0,1,0,0,0,1,0,0,1,0,2,0,1,1,2,0,1,0,0,0,1,0,1,0,1,2,1,1,0,1,1,2,0,2,0,0,1,1,0,0,0,0,0,0,1,1,0,0,0,1,0,1,1,0,1,2,0,2,0,0,1,1,0,0,1,1,1,0,0,1,1,0,1,0,0,0,0,0,0,0,1,2,1,1,0,0,0,0,1,1,1,0,1,1,0,2,1,1,0,2,0,1,0,0,1,0,1,1,1,1,0,0,1,0,0,2,0,1,0,0,1,1,0,0,0,1,1,1,1,1,1,0,1,0,0,0,1,1,0,0,0,1,2,0,0,1,0,0,0,0,1,1,2,0,0,1,0,0,1,0,0,0,0,1,1,1,2,1,0,0,0,1,0,1,1,2,2,0,0,0,1,1,0,0,0,0,2,0,2,1,1,0,1,0,0,1,0,1,0,0,1,0,0,0,0,0,0,0,0,1,0,1,0,1,1,0,1,0,1,0,1,1,0,0,0,1,2,0,1,0,0,1,0,0,0,0,1,1,0,0,1,1,1,2,2,1,1,1,2,1,2,0,1,0,0,2,0,0,0,1,0,0,1,1,0,0,1,0,0,2,1,0,0,0,0,1,1,0,0,0,1,0,1,0,0,2,2,1,0,2,0,0,0,0,0,0,0,1,0,1,0,0,0,2,1,0,0,1,0,0,0,0,0,0,0,1,0,0,1,1,1,0,0,1,1,1,0,1,1,0,1,0,1,0,0,2,0,0,1,0,1,0,1,1,0,0
"IND051",1,1,0,1,1,1,0,0,0,1,2,0,1,0,0,2,0,0,1,0,1,0,1,2,1,0,1,1,1,1,2,1,1,0,0,1,0,0,0,1,0,0,1,1,2,1,1,0,1,0,1,1,0,1,0,1,0,0,0,1,1,0,0,2,0,0,0,2,1,0,0,0,0,1,0,0,0,1,0,0,1,1,0,0,0,0,0,0,1,0,2,0,0,1,0,1,1,0,0,0,1,0,1,0,2,1,1,1,0,0,1,2,1,1,1,1,1,0,1,0,0,1,2,1,0,0,1,1,2,1,0,1,2,1,2,1,2,1,1,0,1,0,0,0,0,0,1,1,1,0,0,1,1,1,1,1,0,0,0,0,1,0,0,0,2,1,0,0,2,0,2,0,0,0,1,1,2,0,1,2,1,0,0,1,2,1,0,1,0,0,0,2,1,0,0,0,0,0,1,1,0,1,1,1,0,1,2,1,1,2,0,2,0,0,1,1,0,0,1,1,0,0,0,2,1,0,2,0,0,0,1,1,0,0,1,2,1,1,0,0,0,0,1,1,2,0,2,1,0,1,2,2,1,2,0,1,0,0,0,0,1,1,1,1,1,0,2,0,0,0,0,2,0,0,1,1,0,1,0,1,1,0,0,1,1,0,1,0,0,0,1,1,0,0,0,1,1,0,0,2,0,0,0,0,1,0,0,0,0,1,0,0,1,0,0,0,0,1,1,1,2,1,0,0,0,1,1,1,1,1,1,0,0,0,1,1,0,0,1,1,1,1,0,1,1,0,1,1,0,1,1,1,0,0,1,0,0,1,0,0,1,1,1,1,0,2,0,1,1,1,1,1,0,0,1,2,0,0,0,0,1,0,1,1,1,1,0,0,0,0,2,1,2,1,1,0,1,2,1,1,1,1,1,0,2,0,0,0,0,1,0,0,0,2,0,0,0,1,0,0,0,0,0,2,1,0,0,0,0,2,1,0,0,1,0,0,1,0,1,1,1,0,0,2,1,0,0,0,0,0,0,1,0,1,0,0,0,1,1,1,0,2,1,1,0,0,0,0,0,0,0,0,0,0,0,1,0,2,1,1,0,1,0,0,1,0,1,0,0,1,0,1,1,0,1,0,2,0,1,0
"IND052",1,1,0,1,1,0,0,0,0,1,2,0,0,0,1,2,1,0,0,0,1,0,1,2,0,0,1,1,0,1,2,1,1,0,0,2,0,0,0,0,0,0,0,1,1,1,1,1,1,0,0,1,1,1,0,0,0,0,0,0,1,0,2,2,0,0,0,2,1,1,0,0,1,0,0,0,1,0,0,0,1,1,0,0,0,0,0,0,2,0,2,0,0,1,1,0,2,1,0,0,1,0,1,0,2,0,1,1,0,0,2,1,2,1,0,1,0,0,0,1,1,0,2,1,1,2,1,2,1,1,0,1,2,2,2,1,1,1,1,0,0,0,0,0,0,0,1,1,1,0,0,2,0,2,1,1,0,0,0,1,0,0,1,0,2,1,2,0,2,0,0,0,0,0,0,1,2,0,1,1,1,0,0,1,2,2,0,1,0,0,1,1,1,0,0,0,0,0,2,1,0,1,1,1,1,2,1,0,1,2,1,0,0,0,1,1,0,0,1,1,1,0,0,2,1,0,2,0,0,0,0,0,0,1,0,1,0,1,0,0,0,0,0,1,2,0,1,1,0,1,1,2,1,1,0,1,0,0,1,0,1,1,0,1,2,0,1,0,1,1,0,2,0,1,1,1,0,0,1,2,1,1,1,0,1,0,1,0,0,0,1,1,0,0,0,1,1,0,0,1,1,0,0,0,1,1,2,0,0,2,0,0,1,0,0,0,0,0,1,0,1,1,0,0,0,1,0,1,0,1,2,0,0,0,1,1,0,0,0,0,2,1,0,1,1,0,1,1,1,1,1,1,0,0,1,1,0,0,0,0,1,0,1,2,1,0,0,1,0,1,1,1,1,0,2,1,0,0,0,2,1,0,0,0,1,1,0,1,0,0,1,0,0,2,1,1,1,2,1,1,0,1,1,0,2,0,0,0,0,1,0,0,0,1,0,0,0,1,0,0,1,0,0,2,1,0,1,0,1,1,1,0,2,1,1,0,1,0,0,1,1,1,0,1,1,0,0,0,0,0,0,1,0,1,0,0,0,1,1,1,0,1,1,0,0,0,0,0,0,1,0,0,1,1,1,0,0,2,1,1,0,1,0,0,2,0,1,0,0,0,0,1,0,1,1,0,1,0,1,0
"IND053",1,1,0,1,1,1,0,0,0,1,1,0,1,0,0,2,1,0,1,0,1,0,1,2,0,0,0,1,0,1,2,1,1,0,0,1,0,0,0,0,0,0,1,2,1,1,1,0,1,0,1,1,0,0,0,0,0,0,0,0,1,0,0,2,2,0,0,1,1,1,0,0,1,0,0,0,1,0,0,1,0,1,1,0,0,0,0,0,0,0,2,0,0,0,1,1,0,1,0,0,2,0,1,0,1,0,1,0,0,0,1,1,1,1,0,0,1,0,0,1,1,0,1,0,1,2,1,2,0,1,2,2,1,1,1,1,0,0,1,0,0,0,1,0,0,0,1,0,1,0,1,1,0,1,1,1,0,0,0,0,2,1,1,0,1,1,0,0,2,0,1,0,0,0,0,1,1,0,1,2,1,0,0,1,0,1,0,2,0,0,1,0,0,0,0,0,0,0,2,1,1,0,1,0,0,2,1,0,1,2,1,1,0,0,1,0,0,0,1,1,0,0,0,2,0,0,2,0,0,0,1,0,0,1,1,1,0,1,0,0,0,0,1,1,2,0,1,0,0,1,0,2,1,2,0,1,0,0,0,0,0,0,0,1,1,1,1,0,1,1,0,2,0,0,1,1,0,1,0,2,0,1,0,1,1,0,1,0,0,0,1,1,0,0,0,1,2,0,0,1,0,0,0,0,1,0,2,0,0,0,0,0,0,0,0,0,0,1,1,0,1,0,0,0,0,0,0,1,0,1,2,0,1,0,1,0,0,0,0,1,1,0,1,1,1,0,1,0,1,1,0,2,0,0,1,1,0,1,0,0,0,1,1,2,0,1,1,1,0,1,1,1,1,0,1,2,0,0,0,0,1,0,2,0,0,1,0,1,0,0,0,1,1,1,1,1,1,1,1,0,0,1,1,0,2,0,0,0,0,2,0,0,0,1,0,0,1,0,0,0,1,0,0,2,1,1,0,0,0,2,0,0,2,1,2,0,2,0,0,2,2,1,0,1,0,0,0,0,0,0,0,0,0,2,0,0,1,1,0,1,0,2,0,0,0,0,0,0,0,1,0,0,1,1,0,0,0,2,1,1,0,2,1,0,1,1,0,0,0,0,0,0,2,1,1,0,1,1,0,0
"IND054",1,1,0,1,1,1,0,0,0,1,2,0,2,0,1,2,0,0,0,1,1,0,1,2,0,0,1,1,1,1,2,1,1,0,0,2,0,0,0,0,0,0,0,1,1,1,1,1,2,1,1,1,1,2,0,1,0,0,0,0,0,0,1,2,1,0,0,1,1,0,0,0,1,0,0,0,0,0,0,0,0,1,0,0,0,0,1,0,2,0,2,0,1,0,1,0,0,0,0,0,2,0,1,0,1,0,1,0,0,0,0,0,0,1,0,1,1,0,1,1,1,0,1,0,0,1,1,2,0,0,0,1,0,2,0,1,1,0,1,0,1,0,0,0,0,1,0,2,1,0,0,1,1,1,1,1,0,0,0,0,0,1,0,0,2,1,0,0,2,0,1,0,0,0,0,1,2,0,2,2,1,2,0,1,2,2,0,1,0,0,0,1,0,0,0,0,0,0,2,0,1,0,0,2,0,1,2,1,1,2,0,1,0,0,1,0,0,0,1,1,1,0,0,2,0,0,2,0,0,0,1,0,0,0,1,0,1,2,0,0,0,0,2,1,2,0,0,1,0,2,2,2,2,2,0,1,0,0,0,0,2,1,1,1,0,0,1,0,1,0,0,2,1,1,1,1,0,0,1,2,1,0,0,1,1,0,1,0,0,1,1,1,0,0,0,1,1,0,0,1,0,0,0,0,1,2,1,1,0,1,0,1,1,0,0,0,0,1,1,1,1,1,0,0,0,1,0,1,0,1,0,0,1,0,1,0,0,0,2,1,2,0,2,1,1,0,1,1,0,1,1,2,0,0,1,0,0,1,0,0,1,1,1,1,1,1,1,1,0,0,1,0,0,0,2,0,0,0,0,2,1,0,1,0,1,1,0,1,0,0,1,0,1,1,1,0,1,2,2,0,1,1,1,1,2,0,0,0,0,2,0,0,0,1,0,0,0,0,0,0,1,0,0,2,1,0,0,0,1,1,0,0,0,1,1,0,2,0,1,1,2,0,0,2,0,0,0,0,0,0,0,1,1,0,0,0,0,1,2,0,0,2,1,0,0,0,0,0,0,0,0,0,1,0,1,1,0,1,1,1,0,1,1,0,2,0,2,0,0,1,1,1,2,0,1,0,1,1,0,0
"IND055",1,2,0,1,1,1,0,0,0,1,2,0,1,0,1,2,2,0,1,0,1,0,1,2,0,0,0,1,1,1,2,1,1,0,0,1,0,0,0,1,0,0,0,1,1,1,1,1,2,1,0,0,0,1,0,0,0,0,0,0,0,0,2,2,1,0,0,1,1,0,0,0,1,0,0,0,0,1,0,0,0,1,0,0,0,0,1,0,0,0,2,0,1,0,1,0,1,1,0,0,2,0,1,0,1,0,1,0,0,0,2,1,0,1,0,1,1,0,2,1,0,0,1,1,0,1,2,1,1,0,2,1,1,0,0,1,0,1,1,0,0,1,1,0,0,1,0,1,1,0,1,2,1,2,1,1,0,0,0,0,0,0,0,0,2,1,1,1,2,0,1,0,0,0,1,0,2,0,0,2,1,1,0,1,1,1,1,1,0,0,0,2,0,1,0,0,0,0,2,1,0,0,1,1,1,2,1,0,0,1,1,0,0,0,1,0,0,0,0,1,0,0,0,2,1,0,2,0,0,0,1,1,0,1,2,1,0,2,0,0,0,0,0,1,2,0,0,1,0,2,1,1,0,2,0,1,0,0,1,0,1,1,0,1,1,0,1,0,1,1,0,1,1,0,1,1,0,0,1,2,2,0,1,1,1,0,1,0,0,1,1,1,0,0,0,1,1,0,0,2,1,0,0,0,1,1,0,0,0,1,0,1,1,0,0,0,0,0,1,0,1,1,0,0,0,0,1,1,1,2,2,0,1,0,1,1,0,0,0,0,1,1,2,1,0,0,1,1,1,1,1,2,0,0,1,1,0,1,0,1,0,0,0,2,0,1,0,1,1,0,1,0,1,0,2,1,0,0,0,1,1,0,1,0,1,1,0,1,0,0,2,1,1,0,1,0,1,1,2,1,0,1,1,0,2,0,1,0,0,1,0,0,0,1,0,0,1,0,0,0,1,0,0,2,1,0,0,1,0,1,0,0,0,1,2,0,1,0,1,1,0,0,0,2,0,0,0,0,0,0,0,0,1,1,0,0,0,1,2,1,0,0,0,0,0,0,0,0,0,1,0,0,1,0,0,1,0,1,0,2,0,1,2,0,2,0,1,0,0,2,0,1,1,0,1,0,2,1,1,0
"IND056",1,2,0,1,1,1,0,0,0,1,2,0,1,0,0,2,2,0,0,0,1,0,0,2,0,0,1,2,0,1,2,1,1,0,0,1,0,0,0,0,0,0,0,2,1,1,0,1,2,0,1,1,0,0,0,1,0,0,0,0,0,0,0,2,0,0,0,2,1,1,1,0,1,0,0,0,1,1,0,0,1,0,0,0,0,0,1,0,1,0,2,0,1,1,0,1,1,0,0,0,2,0,1,0,2,0,1,1,0,0,1,1,0,1,1,1,1,0,0,0,0,1,2,1,0,2,1,1,2,0,1,2,0,1,0,1,1,1,1,0,1,0,0,0,0,1,0,1,1,0,1,1,1,2,1,1,0,0,0,0,0,0,1,0,1,1,2,0,1,0,2,0,0,0,1,1,2,0,1,2,1,2,0,1,2,1,0,1,0,0,0,1,0,0,0,0,0,0,2,1,1,1,0,1,0,1,2,1,1,2,1,0,0,0,1,0,0,0,1,1,0,0,0,2,1,0,1,0,0,0,1,0,0,0,2,2,1,1,0,0,0,0,1,1,1,0,2,1,0,2,2,2,0,2,0,1,0,0,1,0,1,1,0,1,1,0,2,0,0,2,0,1,1,0,1,1,0,0,0,1,0,1,0,0,1,0,1,0,0,0,1,1,0,0,0,1,2,0,0,2,0,0,0,0,1,2,0,0,0,2,0,1,1,0,0,0,0,0,1,1,2,1,0,0,0,0,0,1,0,2,1,0,0,0,1,0,0,0,1,0,2,0,0,1,1,0,1,0,2,1,1,2,0,0,1,0,0,1,0,1,1,1,0,2,0,1,1,1,1,0,1,1,0,0,1,2,0,0,0,0,0,0,2,1,0,1,0,1,0,0,1,1,2,2,1,0,1,2,0,1,1,1,1,0,2,0,1,0,0,2,0,0,0,2,0,0,0,0,0,0,0,0,0,2,1,1,1,1,1,1,1,0,0,1,1,0,2,1,0,1,2,1,0,1,0,0,0,0,0,0,0,1,0,1,0,0,1,0,1,1,0,1,1,1,0,0,0,0,0,1,0,0,0,0,1,1,0,2,0,2,0,1,1,0,1,0,0,0,0,2,1,0,2,1,1,0,2,0,1,0
"IND057",1,0,0,1,1,0,0,0,0,1,2,0,1,0,0,2,2,0,1,0,1,0,0,2,1,0,1,1,0,1,2,1,1,0,0,1,0,0,0,1,0,0,0,1,1,1,0,0,1,1,1,0,0,0,0,0,0,0,0,1,1,0,1,2,2,0,0,1,1,0,0,0,0,0,0,0,0,1,0,1,1,0,0,0,0,0,1,0,2,0,2,0,0,0,0,1,0,1,0,0,1,0,1,0,2,1,1,1,0,0,2,1,1,1,0,1,1,0,1,1,0,0,1,1,0,1,1,2,1,1,1,0,0,2,1,1,2,1,1,0,0,0,0,0,0,1,1,0,1,0,1,2,0,1,0,1,0,0,0,1,1,0,0,0,1,1,1,0,1,0,2,0,0,0,0,1,2,0,0,1,1,2,0,1,2,1,0,2,0,0,1,2,0,1,0,0,0,0,2,1,0,1,1,1,1,1,1,0,0,2,0,1,0,0,1,1,0,0,1,1,1,0,0,1,1,0,1,0,0,0,1,0,0,0,1,0,0,1,0,0,0,0,0,1,2,0,1,1,0,1,1,1,1,1,0,1,0,0,0,0,1,0,1,1,0,0,2,0,0,2,0,1,1,0,1,1,0,1,1,1,2,1,1,0,1,0,1,0,0,1,2,1,0,0,0,1,2,0,0,1,1,0,0,0,1,2,2,0,0,1,0,0,1,0,0,0,0,1,1,0,1,1,0,0,0,0,0,1,1,1,2,0,1,0,1,0,0,0,2,0,2,0,2,1,0,0,1,1,0,1,1,0,0,0,1,0,0,0,0,0,0,0,1,1,0,1,0,1,0,1,1,1,0,0,0,1,0,0,0,1,1,0,0,0,0,1,0,1,0,0,1,0,0,2,1,1,1,1,0,0,0,1,2,1,2,0,1,0,0,1,0,0,0,2,0,0,1,0,0,0,0,0,0,2,1,0,1,1,0,2,0,0,0,1,1,0,2,0,0,2,0,1,0,2,0,0,0,0,0,0,0,1,0,1,0,0,1,1,0,1,0,0,0,1,0,0,0,0,0,0,0,0,1,1,2,0,0,2,0,0,0,2,1,0,2,0,1,0,0,0,1,0,0,0,1,0,1,0,1,0
"IND058",1,1,0,1,1,0,0,0,0,1,2,0,1,0,0,2,1,0,0,1,1,0,0,2,1,0,1,2,1,1,2,1,1,0,0,1,0,0,0,1,0,0,0,2,2,1,1,0,1,1,0,0,0,1,0,0,0,0,0,0,0,0,1,2,2,0,0,2,1,1,1,0,0,1,0,0,1,1,0,0,0,0,0,1,0,0,0,0,1,0,2,0,1,1,1,1,2,0,0,0,1,0,1,0,1,0,1,1,0,0,1,2,1,1,0,1,0,0,1,1,0,1,1,0,0,0,1,2,1,1,1,1,0,1,1,1,0,1,1,0,1,0,1,0,0,1,1,2,1,0,0,1,2,1,0,1,0,0,0,1,1,0,1,0,2,1,1,1,1,0,1,0,0,0,1,0,2,0,0,1,1,1,0,1,1,2,1,1,0,0,1,0,0,0,0,0,0,0,1,1,0,0,1,1,0,2,2,0,1,1,0,1,0,0,1,0,0,0,0,1,0,0,0,1,0,0,1,0,0,0,0,1,0,1,0,1,0,2,0,0,0,0,0,1,2,0,2,0,0,2,1,1,1,1,0,1,0,0,1,0,2,0,0,1,1,1,1,0,0,2,0,1,0,1,1,1,0,1,1,2,1,1,1,0,1,0,1,0,0,1,2,1,0,0,0,1,1,0,0,1,1,0,0,0,1,2,1,1,0,1,0,1,0,0,0,0,0,1,1,0,2,1,0,0,0,0,0,1,1,2,0,0,1,0,1,1,0,0,1,0,1,1,1,1,1,0,1,1,2,1,1,2,0,0,1,1,0,0,0,0,0,1,1,2,0,0,1,1,0,1,1,0,1,0,1,2,0,0,0,1,0,0,1,1,0,1,0,1,0,0,0,1,1,1,1,1,1,2,2,1,1,1,2,0,2,0,1,0,0,2,0,0,0,0,0,0,0,0,0,0,1,0,0,2,1,1,1,1,1,2,1,0,1,1,1,0,2,1,1,1,1,1,0,1,0,0,0,0,0,0,0,1,1,0,0,0,0,0,1,1,0,0,1,1,0,0,0,0,0,1,0,0,1,1,0,0,0,2,1,2,0,2,1,0,2,1,2,0,0,0,0,0,1,0,1,0,2,0,0,0
"IND059",1,1,0,1,1,1,0,0,0,1,1,0,2,0,1,2,2,0,1,1,1,0,1,2,1,0,1,1,1,1,2,1,1,0,0,1,0,0,0,1,0,0,0,1,0,1,1,1,2,0,1,1,0,1,0,1,0,0,0,1,0,0,1,2,0,0,0,1,1,1,1,0,1,1,0,0,1,0,0,0,0,0,0,0,0,0,0,0,1,0,2,0,1,1,1,0,1,1,0,0,1,0,2,0,2,0,1,1,0,0,0,0,1,1,1,1,1,0,1,1,0,1,1,1,1,1,0,1,0,0,2,1,2,2,0,1,0,1,1,0,1,1,1,0,0,0,0,0,1,0,0,1,1,2,1,1,0,0,0,0,2,1,1,0,2,0,0,1,1,0,1,0,0,0,0,0,1,0,1,2,1,2,0,1,2,0,0,2,0,0,0,1,1,1,0,0,0,0,1,0,0,0,0,1,1,2,1,0,0,1,1,2,0,0,1,0,0,0,0,1,0,0,0,2,0,0,0,0,0,0,0,0,0,0,1,1,0,2,0,0,0,0,0,1,1,0,2,1,0,1,1,2,2,2,0,1,0,0,1,0,2,1,0,1,1,0,2,0,1,2,0,1,1,0,1,1,0,1,1,2,1,1,1,0,1,0,1,0,0,0,2,1,0,0,0,1,1,0,0,2,0,0,0,0,1,2,1,0,0,2,0,0,1,0,0,0,0,1,1,0,1,0,0,0,0,1,1,1,1,1,0,0,1,0,1,0,0,0,1,1,2,0,1,1,1,0,1,1,2,1,1,0,0,0,1,0,0,0,0,0,1,1,0,1,0,0,0,1,0,0,1,0,1,0,0,1,0,0,0,1,1,0,0,0,1,1,0,1,0,0,2,1,0,2,1,0,1,2,1,0,1,1,2,0,2,0,0,0,0,2,0,0,0,1,0,0,0,0,0,0,1,0,0,2,1,0,1,1,1,1,1,0,1,1,0,0,2,0,1,2,1,1,0,1,0,0,0,0,0,0,0,1,1,1,0,0,0,1,0,1,0,1,1,1,0,0,0,0,0,0,0,0,1,1,1,0,0,2,1,0,0,2,1,0,1,0,2,0,0,1,0,0,0,0,1,0,1,0,0,0
"IND060",1,2,0,1,1,0,0,0,0,1,1,0,1,0,1,2,1,0,0,1,1,0,0,2,1,0,1,1,0,1,2,1,1,0,0,1,0,0,0,0,0,0,0,1,0,1,1,1,1,1,1,0,0,2,0,1,0,0,0,1,0,0,1,2,1,0,0,2,1,1,0,0,0,0,0,0,0,0,0,0,0,0,1,0,0,0,0,0,1,0,2,0,0,0,0,1,2,1,0,0,2,0,1,0,1,0,1,1,0,0,1,1,1,1,1,1,0,0,2,0,1,1,0,1,0,1,2,2,2,0,2,0,1,1,1,1,2,0,1,0,0,0,0,0,0,0,0,1,1,0,1,2,2,2,0,1,0,0,0,1,0,0,1,0,2,0,1,1,2,0,1,0,0,0,0,0,2,0,2,2,1,2,0,1,0,2,0,2,0,0,1,1,1,1,0,0,0,0,2,0,0,1,0,1,1,2,1,0,1,2,1,1,0,0,1,1,0,0,1,1,0,0,0,1,1,0,2,0,0,0,0,0,0,1,2,1,1,1,0,0,0,0,1,1,1,0,1,0,0,2,1,2,0,1,0,1,0,0,0,0,1,1,1,1,1,0,2,0,1,1,0,1,1,0,1,1,0,0,1,2,1,0,0,1,1,0,1,0,0,0,1,1,0,0,0,1,1,0,0,1,1,0,0,0,1,2,2,0,0,0,0,0,0,0,0,0,0,0,1,0,2,1,0,0,0,0,0,1,1,2,0,0,0,0,1,0,0,0,2,1,1,1,1,1,0,0,1,0,1,1,0,0,0,0,1,1,0,1,0,0,1,1,0,1,0,0,1,1,1,0,1,0,1,0,1,1,0,0,0,1,1,0,1,0,0,1,0,0,0,0,1,0,0,1,1,1,1,1,1,1,1,1,2,0,2,0,1,0,0,2,0,0,0,0,0,0,0,1,0,0,0,0,0,2,1,0,1,0,1,2,0,0,1,1,1,0,2,1,0,1,2,1,0,1,0,0,0,0,0,0,0,1,0,1,0,0,1,0,2,0,0,1,1,0,0,0,0,0,0,0,0,0,1,1,1,1,0,1,1,0,0,1,1,0,1,0,2,0,0,1,1,1,1,0,1,0,2,0,1,0
"IND061",2,0,1,1,1,2,1,0,0,0,1,1,2,0,2,0,1,0,1,1,1,0,1,1,0,1,0,0,1,1,1,0,0,1,0,1,0,0,1,0,2,0,0,0,0,1,0,1,1,2,0,0,1,2,0,1,0,1,1,1,1,1,0,0,0,0,0,1,1,0,0,0,0,1,1,1,0,1,1,0,1,0,0,0,2,1,0,0,1,0,1,1,1,1,0,1,0,0,2,2,0,0,0,1,2,1,1,1,2,0,1,2,0,0,1,1,0,0,0,1,2,1,2,1,0,1,1,2,0,0,2,1,0,2,0,0,1,1,0,1,0,1,0,0,1,0,0,0,0,0,0,0,1,0,1,1,1,0,0,1,1,0,1,0,2,0,1,2,0,1,0,1,0,0,1,0,1,0,0,1,1,1,0,0,0,0,0,1,1,1,1,1,0,0,0,0,1,1,2,1,1,1,1,1,0,2,1,0,0,1,2,0,0,0,0,1,0,0,0,2,0,0,0,2,0,2,1,1,0,1,0,0,0,0,1,1,0,0,1,1,0,0,0,1,1,1,0,1,1,2,0,0,0,0,1,0,0,1,0,1,0,0,0,1,1,0,1,2,1,1,0,1,0,1,1,1,0,0,2,1,0,0,0,1,0,0,1,0,0,0,1,2,1,0,1,0,2,1,2,1,0,0,1,0,0,2,1,0,0,1,0,1,0,0,0,0,1,1,1,1,0,0,0,1,0,1,0,0,0,2,2,0,0,1,0,0,0,0,1,0,0,0,1,0,0,0,1,0,0,1,1,1,0,0,1,0,0,1,1,0,0,1,0,0,0,0,1,1,2,0,0,0,0,0,1,2,0,0,0,2,2,2,0,1,1,1,1,1,1,0,1,0,1,1,1,0,1,1,1,0,0,0,0,0,1,0,2,0,0,1,0,2,0,1,1,0,1,0,0,1,0,0,1,0,1,0,0,0,0,2,1,1,0,0,1,0,1,1,2,0,0,0,0,0,1,1,0,0,0,0,0,2,1,1,1,1,0,1,1,1,0,0,0,0,0,0,0,0,0,1,1,1,1,0,0,1,2,0,0,1,0,1,0,0,1,1,1,1,1,0,1,0,0,0,1,0,0,1,0,0
"IND062",1,0,1,2,2,2,0,0,0,2,1,1,2,0,0,0,1,0,2,1,1,0,1,2,0,1,0,1,0,1,1,1,1,1,0,1,0,0,1,0,2,0,0,0,0,2,0,2,1,1,0,1,0,2,0,1,1,1,0,0,1,0,2,0,0,1,0,1,0,0,0,0,0,1,1,1,0,1,1,0,0,1,1,0,2,0,1,0,1,0,2,0,1,0,2,1,0,1,2,1,1,0,0,0,1,1,0,0,1,0,1,1,1,1,0,1,0,0,0,1,0,0,1,1,1,2,0,2,1,1,2,2,0,1,1,1,0,0,0,1,1,1,0,0,1,0,1,0,0,0,0,0,1,1,0,0,1,0,0,1,1,0,1,0,0,0,1,0,0,1,1,1,1,0,0,0,0,0,1,1,1,2,0,0,0,0,0,1,1,1,1,1,0,0,0,0,1,1,2,0,1,1,2,1,0,2,1,1,1,0,1,1,0,0,0,0,1,0,0,2,0,0,0,1,0,1,1,0,0,2,0,0,1,0,1,2,0,0,2,0,0,1,0,0,1,0,0,0,1,2,0,0,1,0,0,0,0,1,0,1,2,0,0,2,2,0,1,2,1,1,0,1,1,1,1,0,0,0,2,1,0,0,0,1,0,0,0,0,0,0,1,0,1,1,0,0,1,2,1,1,0,0,0,0,1,1,2,0,0,0,0,0,1,1,0,1,0,1,1,2,0,0,0,0,0,2,0,0,1,1,2,0,0,0,1,0,1,1,1,1,0,1,0,0,0,0,1,0,0,1,1,1,0,0,0,0,1,1,1,0,0,1,0,1,0,1,1,1,2,0,0,0,1,0,1,2,0,0,0,0,2,1,1,1,2,0,1,1,1,0,1,1,1,1,0,0,1,1,1,0,0,0,0,0,1,0,2,0,0,1,0,2,0,1,1,0,2,1,0,1,0,1,0,0,1,0,0,1,0,2,1,0,0,1,1,0,1,1,1,1,0,0,0,0,0,0,0,1,0,0,0,0,1,1,0,0,0,2,1,1,0,0,1,0,0,0,0,0,1,1,1,0,2,0,0,2,1,0,0,1,0,0,0,0,0,1,1,2,0,0,1,0,0,1,0,0,1,1,0,0
"IND063",2,0,0,2,2,2,1,0,0,2,0,0,1,0,1,0,2,0,1,0,1,0,0,2,0,1,0,0,0,2,0,1,0,1,0,1,0,1,1,0,1,1,0,1,0,0,0,1,1,1,0,1,1,0,0,1,0,0,0,1,1,0,1,0,1,0,0,1,0,1,0,0,0,1,0,1,0,0,1,1,1,0,1,0,2,1,1,0,0,0,1,0,0,0,0,2,0,1,2,2,2,0,0,1,1,1,1,0,1,0,1,2,0,0,2,0,0,0,0,1,1,1,2,1,1,1,1,1,0,0,1,1,0,1,0,1,0,0,0,0,0,0,1,0,1,0,0,1,0,0,1,0,2,0,0,1,1,0,0,0,0,0,0,0,1,0,1,1,0,1,1,1,1,1,1,0,1,0,1,0,0,1,0,0,0,0,0,1,1,0,2,2,0,0,0,0,1,1,1,0,2,0,1,1,0,1,2,1,1,1,2,1,0,0,0,1,0,0,0,2,0,0,0,2,0,1,0,0,0,1,0,0,1,0,1,1,0,0,1,0,0,2,0,0,1,1,0,0,1,1,1,0,1,0,1,0,0,2,2,1,1,0,0,1,2,0,1,1,1,1,0,1,0,1,0,0,0,0,2,0,0,0,0,2,0,0,1,0,0,0,1,1,0,0,0,0,1,2,2,1,0,0,0,0,1,1,1,0,0,1,0,1,0,0,0,1,1,0,1,2,1,0,0,0,0,1,0,0,2,2,1,0,1,1,1,0,0,0,2,1,0,1,1,0,0,0,1,1,0,1,1,1,0,0,0,0,0,0,1,1,0,1,0,1,1,0,1,2,2,0,0,0,1,1,1,1,0,0,0,1,1,1,2,1,2,1,0,1,1,0,1,1,1,1,1,1,1,0,1,0,0,0,0,1,0,1,2,0,0,0,1,2,0,1,1,0,1,0,0,1,0,1,0,1,1,0,0,1,1,1,1,1,0,0,1,0,0,1,1,2,1,0,1,0,0,0,0,0,0,0,0,0,1,1,0,1,1,1,0,0,0,0,0,0,0,0,0,0,0,2,1,1,0,0,0,2,1,0,0,1,0,0,0,0,2,1,1,2,1,0,2,0,1,1,1,0,0,1,0,0
"IND064",1,0,0,2,2,2,1,0,0,1,0,2,2,0,1,0,1,0,2,0,1,0,0,2,0,1,0,0,1,1,0,0,0,1,0,2,0,0,1,1,2,0,1,2,0,1,0,2,1,1,0,0,1,1,0,1,1,0,1,0,0,0,1,0,1,1,0,1,1,0,0,0,0,1,1,1,0,1,1,0,1,1,0,0,2,1,1,0,0,0,1,0,0,1,1,1,0,1,2,1,2,0,0,0,2,2,1,1,2,0,1,2,2,0,1,1,0,0,0,1,1,1,1,1,1,2,0,2,0,1,1,2,0,2,0,0,0,0,0,1,1,1,1,0,1,1,0,0,0,0,0,0,2,1,1,0,2,0,0,0,1,0,1,0,1,0,1,1,0,1,1,1,0,1,0,0,1,0,2,1,1,1,0,0,0,0,0,1,1,1,1,1,0,0,0,0,2,1,1,1,2,2,1,0,0,0,1,2,1,0,1,1,0,1,0,0,0,0,0,2,0,0,0,1,0,1,0,0,0,1,0,0,1,0,1,1,0,0,1,1,0,2,0,0,1,1,0,2,2,1,1,0,0,0,0,0,0,2,1,1,0,0,0,1,2,0,1,1,1,0,0,1,1,1,0,1,0,0,2,1,0,0,0,1,0,0,1,0,0,0,1,0,0,1,0,0,1,0,1,0,0,0,0,0,0,1,1,0,0,1,0,0,0,0,0,0,0,1,1,2,0,0,0,0,0,2,0,0,1,2,1,0,0,1,0,0,0,0,1,1,0,0,0,0,0,0,0,0,0,1,1,1,0,0,0,0,0,2,1,1,0,1,0,1,0,0,1,0,1,0,0,0,0,0,1,2,0,0,0,1,1,2,2,0,1,0,1,1,1,0,1,0,2,1,0,0,1,0,1,0,0,0,0,0,0,1,2,0,0,0,1,2,0,1,1,0,2,0,0,0,0,1,0,1,1,1,0,0,1,2,1,1,0,0,0,0,1,1,2,1,0,0,0,0,0,1,0,0,0,0,0,2,1,0,1,0,1,1,0,0,0,0,1,0,0,0,0,0,1,0,1,0,0,0,0,1,2,0,0,2,0,1,0,0,2,1,1,1,0,0,2,0,1,0,1,0,0,1,0,0
"IND065",2,0,0,2,2,2,0,0,0,2,1,0,1,0,1,0,2,0,1,1,1,0,0,1,0,1,0,1,1,2,0,1,0,1,0,0,0,0,1,0,2,1,0,1,0,1,0,2,1,0,0,0,1,1,0,1,1,1,1,0,2,0,1,0,1,0,0,1,1,0,0,0,0,1,1,1,0,0,1,0,0,1,1,0,2,1,0,0,1,0,2,0,0,0,0,2,0,1,2,1,1,0,0,0,1,1,1,1,1,0,1,2,1,0,2,0,0,0,0,1,2,1,1,0,2,2,0,1,1,0,1,1,0,2,1,0,0,1,0,1,0,0,0,0,2,0,0,0,0,0,0,0,2,1,0,1,1,0,0,1,0,0,2,0,2,0,0,0,0,0,0,1,1,0,1,0,0,0,1,1,0,2,0,0,0,0,0,1,1,0,1,2,0,0,0,0,1,1,1,1,1,1,1,0,0,2,1,1,1,0,2,0,0,1,0,0,1,0,0,2,0,0,0,1,0,2,1,1,0,2,0,0,0,0,1,2,0,0,2,0,0,1,0,1,1,1,0,1,1,1,1,0,1,0,0,0,0,0,0,1,1,0,0,2,2,0,1,0,1,1,0,1,0,1,1,1,0,0,1,1,0,0,0,1,0,0,1,0,0,0,1,0,1,1,0,0,2,2,0,0,0,0,1,0,0,2,2,0,0,1,0,0,2,1,0,1,1,0,1,1,0,0,0,1,0,1,0,0,1,1,2,1,1,1,1,0,1,0,2,0,0,0,0,0,0,1,1,1,0,1,1,1,0,0,0,0,0,1,1,0,0,1,0,0,0,0,1,2,2,0,0,0,0,0,1,1,0,0,0,1,1,0,1,0,1,0,1,1,1,0,1,1,2,0,0,0,1,0,1,0,0,0,0,0,0,1,1,0,0,1,1,2,0,1,1,0,1,1,0,0,0,1,0,1,1,1,0,1,0,2,1,1,0,1,0,0,1,1,1,0,0,0,0,0,1,1,0,0,0,0,0,1,1,1,1,1,1,2,1,1,0,0,0,0,0,1,0,0,1,2,1,1,0,0,0,0,2,0,0,2,0,1,0,0,2,1,1,1,0,0,1,0,1,0,1,0,1,2,0,0
"IND066",0,0,0,2,2,1,0,0,0,1,1,0,2,0,1,1,1,0,1,0,1,0,0,2,0,1,0,1,1,2,0,1,1,1,0,1,0,0,1,0,1,0,1,2,0,0,0,1,1,2,0,0,1,0,0,1,1,1,0,1,1,1,1,0,1,0,0,1,0,1,0,1,0,1,1,1,0,1,1,0,0,1,0,0,2,0,0,0,1,0,2,0,0,1,0,1,0,1,2,1,1,0,1,0,2,2,1,1,1,0,1,2,1,1,2,0,0,0,0,1,1,1,2,0,1,0,1,2,0,1,2,1,0,2,1,1,1,1,0,2,1,1,0,0,2,0,1,0,0,0,0,0,2,1,0,0,1,0,0,1,1,0,2,0,1,0,0,1,0,1,1,1,1,0,0,0,1,0,1,1,0,2,0,0,0,0,0,1,1,1,2,1,0,0,0,0,0,0,2,1,2,2,2,0,0,1,1,2,0,1,1,0,0,1,0,1,1,0,0,2,0,0,0,1,0,1,1,0,0,2,0,0,1,0,2,2,0,0,2,1,0,0,0,1,2,0,0,2,1,1,1,0,1,0,0,0,0,1,1,1,1,0,0,1,2,0,1,1,1,0,0,1,1,1,2,0,0,0,1,0,0,0,0,0,0,0,0,0,0,0,1,1,0,1,1,0,1,0,0,0,0,0,1,0,0,2,2,0,0,0,0,1,2,1,0,2,0,0,2,1,0,0,0,1,0,2,0,0,2,1,1,0,0,1,1,0,1,1,1,0,0,0,1,0,0,0,0,1,0,1,1,1,0,0,0,0,1,0,1,0,0,1,0,0,1,0,1,1,1,0,0,0,1,1,1,2,0,0,0,1,2,1,1,1,2,1,1,1,1,0,1,0,2,0,1,0,1,1,1,0,0,0,0,1,0,1,2,0,0,1,0,2,0,1,1,0,0,1,0,0,0,1,1,1,1,0,0,0,0,2,1,0,0,1,1,0,1,0,0,0,0,0,0,0,0,0,0,0,0,0,0,1,1,0,0,1,0,2,0,0,0,0,1,0,0,0,0,1,1,1,1,0,0,0,0,1,2,0,0,1,0,1,0,0,2,1,1,0,0,0,1,0,1,1,1,1,1,0,0,0
"IND067",1,0,1,1,1,1,0,0,0,2,0,1,2,0,2,1,2,0,2,0,1,0,0,2,0,1,0,0,1,0,0,2,1,1,0,0,0,0,1,0,1,0,1,1,0,1,0,2,1,1,0,0,1,0,0,1,0,0,1,0,1,0,1,0,1,0,0,1,1,0,0,1,0,1,1,1,0,1,1,0,1,1,0,0,2,1,1,0,0,0,1,1,1,1,0,1,0,1,2,2,0,0,1,1,2,2,1,1,1,0,1,2,0,0,1,1,0,0,0,1,0,1,2,1,2,1,1,2,1,0,1,2,0,2,1,1,1,0,0,2,0,1,0,0,1,0,0,0,0,0,1,0,1,1,1,1,1,0,0,0,0,0,2,0,1,0,1,1,0,0,0,1,1,1,1,0,2,0,0,1,1,1,0,0,0,0,0,1,1,0,2,2,0,0,0,0,2,1,1,1,1,1,1,1,0,2,2,2,1,0,0,0,0,0,0,0,1,0,0,2,0,0,0,2,0,2,1,0,0,1,0,0,0,0,2,1,0,0,2,0,0,2,0,1,1,2,0,0,1,1,0,0,0,0,1,0,0,1,1,1,2,0,0,1,2,0,1,0,1,0,0,1,1,1,2,1,0,0,2,1,0,0,0,1,0,0,0,0,0,0,1,1,0,0,1,0,2,0,0,1,0,0,1,0,1,1,2,0,0,1,0,1,1,1,0,1,1,1,2,2,0,0,0,1,0,1,0,0,0,2,2,0,1,1,0,0,0,1,1,1,0,1,1,0,0,1,0,1,0,1,1,1,0,0,1,0,0,1,1,0,0,1,0,1,0,1,1,1,2,0,0,0,0,1,1,1,0,0,0,0,2,0,2,0,1,1,1,1,1,0,1,0,2,0,0,1,0,0,1,0,0,0,0,0,1,1,1,0,0,0,1,2,0,1,1,0,1,1,0,0,0,1,1,1,1,0,0,1,0,2,1,0,0,1,1,0,1,0,1,2,1,0,0,0,0,1,0,1,0,0,0,1,1,0,1,1,0,1,1,0,0,0,1,0,0,0,0,1,0,0,1,0,1,0,0,1,1,0,0,1,0,0,0,0,2,1,1,0,0,0,1,0,1,0,1,0,1,1,0,0
"IND068",1,0,0,2,1,2,0,0,0,1,1,2,1,0,1,0,2,0,0,1,1,0,1,2,0,0,0,1,0,1,0,1,0,1,0,0,0,0,1,1,1,0,1,2,0,1,0,1,1,1,0,1,0,2,0,1,1,0,0,1,1,0,2,0,0,1,0,1,1,1,0,0,0,1,0,1,0,0,1,0,1,0,1,0,2,0,0,0,0,0,1,1,1,1,1,1,0,0,2,2,2,0,0,0,2,1,1,1,1,0,1,1,1,1,1,0,0,1,0,1,1,1,1,1,1,2,0,1,0,0,2,1,0,2,1,0,0,0,0,1,0,0,1,0,1,0,0,1,0,0,1,0,1,0,1,2,1,0,0,0,0,0,0,0,2,0,1,0,0,1,1,1,1,0,0,0,0,0,2,1,1,2,0,0,0,0,0,1,1,1,1,2,0,0,0,0,2,0,1,1,1,1,2,0,0,1,1,1,1,0,1,0,0,0,0,0,1,0,0,2,0,0,0,1,0,2,0,1,0,1,0,0,1,0,2,1,0,0,1,1,0,1,0,1,2,1,0,0,2,1,0,0,0,0,1,0,0,1,2,1,1,0,0,2,2,0,1,2,1,1,0,1,1,1,1,1,0,0,2,1,0,0,0,1,0,0,1,0,0,0,1,1,0,1,0,0,1,1,0,1,0,0,0,0,1,1,2,0,0,1,0,0,1,1,0,1,1,1,0,1,1,0,0,2,0,1,0,0,2,1,1,0,0,1,0,0,0,0,1,1,0,1,1,0,0,1,0,1,0,1,1,1,0,0,1,0,0,0,1,0,0,2,0,0,1,1,1,1,1,0,0,0,1,0,1,1,0,0,0,1,1,2,0,0,2,1,0,1,1,0,1,0,2,0,0,1,0,1,1,0,0,0,0,1,1,1,2,0,0,1,0,2,0,1,1,0,1,1,0,0,0,0,0,0,1,0,0,0,0,2,1,0,0,1,1,0,0,0,2,2,0,0,1,0,0,0,0,0,0,0,0,0,1,1,1,1,1,2,1,0,0,0,0,0,0,0,0,1,1,2,1,0,1,0,0,2,2,0,0,2,0,1,0,0,1,1,1,0,0,0,1,0,1,1,0,1,0,2,0,0
"IND069",1,0,0,2,2,1,1,0,0,1,1,1,2,0,0,1,1,0,1,1,1,0,1,1,0,0,0,1,0,1,0,1,0,1,0,1,0,1,1,1,1,0,1,1,0,1,0,2,1,1,0,0,0,0,0,1,1,0,0,1,2,1,0,0,1,1,0,1,1,0,0,1,0,1,0,1,0,0,1,0,0,1,1,0,2,1,0,0,0,0,2,0,0,0,1,2,0,0,2,2,2,0,1,0,1,2,1,1,1,0,1,2,1,0,2,0,0,1,0,1,0,0,2,1,0,0,1,1,0,0,2,2,0,1,1,1,0,1,0,0,1,0,0,0,1,0,0,0,0,0,0,0,2,0,1,1,2,0,0,1,0,0,0,0,2,0,1,0,0,0,1,1,1,1,0,0,0,0,1,0,0,1,0,0,0,0,0,1,1,0,2,2,0,0,0,0,1,1,2,0,2,1,1,0,0,0,2,0,0,0,2,1,0,1,0,1,0,0,0,2,0,0,0,1,0,2,1,1,0,1,0,0,1,0,1,1,0,0,1,1,0,0,0,1,1,1,0,2,1,1,0,0,1,0,0,0,0,1,0,1,0,0,0,1,1,0,1,2,1,0,0,1,0,1,1,0,0,0,2,0,0,0,0,1,0,0,1,0,0,0,1,1,0,1,1,0,0,2,2,1,0,0,1,0,1,1,1,0,0,0,0,0,1,1,0,1,1,1,0,2,0,0,0,1,0,2,0,0,2,1,2,1,1,0,1,0,1,1,1,0,0,0,1,0,0,1,0,1,0,1,1,0,0,0,0,0,1,1,1,0,0,1,0,1,0,1,1,0,1,0,0,0,1,0,1,0,0,0,0,1,2,1,1,0,1,1,1,1,1,0,1,1,1,0,1,1,1,0,1,0,0,0,0,1,1,0,1,0,0,1,0,2,0,1,1,0,0,0,0,0,0,0,0,1,1,1,0,0,1,2,1,0,0,0,0,0,1,0,0,1,1,0,0,0,1,0,0,1,0,0,0,2,1,0,0,1,0,1,1,1,0,0,1,0,0,0,0,0,0,1,1,0,2,0,0,2,1,0,0,2,0,0,0,0,1,1,1,0,1,0,2,0,0,1,0,1,0,1,0,0
"IND070",1,0,0,2,2,2,1,0,0,2,1,2,2,0,1,1,2,0,1,0,1,0,1,1,0,1,0,0,1,0,0,0,0,1,0,1,0,0,1,1,1,0,0,1,0,1,0,1,1,1,0,0,0,1,0,1,0,1,0,1,2,1,1,0,1,1,0,1,1,0,0,0,0,1,0,1,0,1,1,1,0,1,1,0,2,0,1,0,0,0,2,0,1,1,1,0,0,1,2,2,2,0,1,1,2,0,0,0,1,0,1,1,2,1,1,1,0,0,0,1,2,0,1,0,1,1,0,1,0,1,1,1,0,2,1,0,0,0,0,1,1,0,1,0,2,0,1,0,0,0,1,0,1,1,0,1,2,0,0,1,1,0,0,0,1,0,1,1,0,1,1,1,1,0,1,0,1,0,0,0,1,2,0,0,0,0,0,1,1,1,2,1,0,0,0,0,1,0,1,0,2,1,2,0,0,2,1,0,1,0,0,1,0,1,0,0,1,0,0,2,0,0,0,2,0,1,1,0,0,2,0,0,0,0,1,2,0,0,2,0,0,1,0,0,2,1,0,2,1,2,1,0,0,0,0,0,0,2,1,1,0,0,0,2,2,0,1,1,1,1,0,1,0,1,1,1,0,0,1,0,0,0,0,1,0,0,1,0,0,0,1,1,1,0,1,0,1,0,0,1,0,0,1,0,0,2,1,0,0,1,0,0,0,0,0,0,1,0,0,2,1,0,0,1,0,1,0,0,0,1,1,0,0,1,1,0,0,0,1,0,0,0,0,0,0,1,1,0,0,1,1,0,0,0,0,0,1,1,1,1,0,2,0,1,0,1,1,1,2,0,0,0,1,0,1,1,0,0,0,2,1,2,2,1,2,0,1,1,1,0,1,1,1,0,1,1,1,0,1,0,0,0,0,1,1,0,1,0,0,1,0,2,0,1,1,0,2,1,0,1,0,1,1,0,1,1,0,1,1,2,1,0,0,1,1,0,1,1,1,0,0,0,1,0,1,0,0,0,0,0,1,1,1,1,1,0,0,1,0,1,0,0,0,0,0,1,0,0,1,1,1,0,0,0,0,0,2,0,0,2,0,1,0,0,1,1,1,1,0,0,1,0,0,0,0,1,1,0,0,0
"IND071",0,0,0,1,1,1,0,0,0,2,1,1,2,0,1,1,2,0,1,0,1,0,1,1,0,0,0,0,0,1,0,1,1,1,0,2,0,0,1,1,2,1,0,1,0,2,0,2,1,1,0,1,1,2,0,1,1,0,0,0,2,1,2,0,1,1,0,1,1,0,0,0,0,1,0,1,0,1,1,0,0,0,0,0,2,0,1,0,0,0,1,1,1,1,1,1,0,0,2,2,1,0,0,0,2,1,0,1,1,0,1,1,2,1,1,0,0,0,0,1,1,1,1,2,1,2,1,2,0,1,2,1,0,2,0,1,0,1,0,1,1,1,1,0,1,0,1,0,0,0,1,0,1,1,1,2,1,0,0,0,0,0,0,0,0,0,0,2,0,0,1,1,0,0,0,0,1,0,1,1,1,1,0,0,0,0,0,1,1,1,1,2,0,0,0,0,2,1,2,0,1,0,1,0,0,0,1,2,0,0,0,0,0,0,0,1,1,0,0,2,0,0,0,2,0,2,1,1,0,2,0,0,1,0,1,1,0,0,2,1,0,1,0,1,1,1,0,0,1,1,1,0,1,0,0,0,0,1,1,1,1,0,0,1,1,0,1,0,1,0,0,1,2,1,0,1,0,0,1,0,0,0,0,1,0,0,0,0,0,0,1,2,1,1,0,0,1,1,2,0,0,0,0,0,0,1,2,0,0,0,0,1,2,1,0,2,1,1,1,1,1,0,0,1,0,1,0,0,1,2,2,1,1,1,1,0,0,1,2,0,0,0,0,0,0,1,1,0,0,1,1,1,0,0,1,0,0,0,1,1,0,2,0,0,0,0,1,0,1,0,0,0,0,1,1,1,0,0,0,1,2,2,1,1,1,1,1,1,1,0,1,1,2,2,0,0,0,0,1,0,0,0,0,0,0,0,1,0,0,1,0,2,0,1,1,0,1,1,0,1,0,1,0,0,1,0,0,1,1,1,1,1,0,0,1,0,1,0,2,1,1,0,0,0,1,0,0,1,0,0,0,0,1,1,0,1,0,1,1,0,0,0,0,0,1,1,0,0,1,0,1,1,0,0,0,0,2,0,0,1,0,1,0,0,2,1,1,2,1,0,1,0,1,0,0,0,1,1,0,0
"IND072",0,0,1,1,1,1,0,0,0,0,1,1,2,0,2,1,2,0,1,1,1,0,1,1,0,1,0,1,0,1,1,0,1,1,0,0,0,1,1,1,1,0,1,1,0,1,0,2,1,1,0,1,1,1,0,1,0,0,1,1,0,1,1,0,0,1,0,1,0,1,0,1,0,1,0,1,0,1,1,1,1,1,0,0,2,0,0,0,0,0,1,0,1,0,1,2,0,0,2,2,1,0,1,0,1,2,0,1,1,0,1,2,0,1,2,1,0,1,0,1,2,0,1,1,0,0,1,1,0,0,1,2,0,1,0,1,1,0,0,2,1,0,1,0,1,0,1,0,0,0,0,0,2,0,2,0,1,0,0,1,1,0,0,0,1,0,0,2,0,1,1,1,0,0,0,0,2,0,1,0,1,2,0,0,0,0,0,1,1,0,1,1,0,0,0,0,1,0,1,0,2,2,1,1,0,2,1,1,0,0,1,1,0,1,0,1,0,0,0,2,0,0,0,1,0,1,1,1,0,1,0,0,0,0,2,1,0,0,1,0,0,1,0,1,1,1,0,1,2,1,0,0,0,0,0,0,0,2,1,1,1,0,0,2,1,0,1,0,1,1,0,1,1,1,1,0,0,0,2,1,0,0,0,1,0,0,1,0,0,0,1,2,0,1,1,0,1,0,2,0,0,0,1,0,0,1,1,0,0,1,0,0,1,1,0,1,1,1,2,2,1,0,0,1,0,1,0,0,0,2,2,0,0,0,1,0,0,1,1,0,0,0,0,0,0,1,1,0,0,1,1,1,0,0,0,0,1,1,1,1,0,2,0,1,1,1,1,1,2,0,0,0,0,1,1,1,0,0,0,2,1,1,1,1,1,0,0,1,1,0,1,0,1,1,0,1,1,0,1,0,0,0,0,0,0,1,1,0,0,0,1,2,0,1,1,0,2,0,0,0,0,1,1,0,1,0,0,1,0,2,1,1,0,1,1,0,0,0,0,2,1,0,0,0,0,0,0,0,0,0,1,0,0,0,1,0,0,2,0,1,0,0,1,0,0,0,0,0,0,1,1,1,1,0,0,1,2,0,0,1,0,1,0,0,1,1,1,2,1,0,2,0,0,0,1,1,1,0,0,0
"IND073",2,0,0,2,1,1,1,0,0,1,0,1,2,0,1,1,1,0,2,1,1,0,0,2,0,1,0,1,0,2,0,0,1,1,0,1,0,0,1,0,2,1,0,1,0,1,0,2,1,2,0,0,1,1,0,1,1,1,0,1,2,0,0,0,1,0,0,1,2,0,0,0,0,1,2,1,0,0,1,0,0,1,0,0,2,1,0,0,1,0,1,1,0,1,2,2,0,1,2,1,0,0,1,1,1,2,1,0,2,0,1,1,1,0,1,1,0,0,0,1,2,0,1,2,1,0,0,2,1,0,2,1,0,2,1,1,1,0,0,1,1,0,0,0,1,1,1,0,0,0,0,0,1,0,1,1,1,0,0,1,0,0,0,0,1,0,1,0,0,1,0,1,1,0,1,0,2,0,1,1,1,2,0,0,0,0,0,1,1,1,2,2,0,0,0,0,0,0,1,1,1,1,2,1,0,1,2,0,1,0,0,1,0,0,0,0,0,0,0,2,0,0,0,2,0,2,0,1,0,1,0,0,0,0,2,1,0,0,1,0,0,1,0,0,2,1,0,1,0,2,1,0,0,0,0,0,0,1,0,1,1,0,0,1,1,0,1,0,1,1,0,1,1,1,2,1,0,0,2,1,0,0,0,0,0,0,0,0,0,0,1,2,0,1,0,0,1,2,1,0,0,0,1,0,1,2,2,0,0,0,0,1,0,1,0,2,1,0,2,2,1,0,0,1,0,2,0,0,0,2,2,1,1,1,1,0,1,0,1,1,0,0,1,0,0,0,0,0,0,1,1,0,0,0,1,0,1,1,1,1,0,1,0,0,0,0,1,0,2,0,0,0,1,1,1,1,0,0,0,0,2,1,1,0,2,0,1,1,1,0,1,1,1,1,0,1,0,1,1,0,0,0,0,1,0,1,1,0,0,0,0,2,0,1,1,0,1,0,0,0,0,1,1,1,1,1,0,0,1,1,1,1,0,1,0,0,0,0,1,2,0,0,0,0,1,1,0,0,0,0,1,2,0,1,0,0,1,1,0,1,0,0,0,0,0,0,0,1,1,2,1,0,1,0,0,1,2,0,0,2,0,0,0,0,2,1,1,1,1,0,2,0,1,0,1,1,0,1,0,0
"IND074",1,0,0,2,1,2,1,0,0,1,2,0,2,0,1,0,2,0,2,1,1,0,0,1,0,0,0,1,1,2,1,0,0,1,0,2,0,1,1,0,2,1,0,2,0,0,0,2,1,2,0,0,0,1,0,1,1,0,0,0,0,1,1,0,0,0,0,1,0,1,0,0,0,1,1,1,0,0,1,0,0,1,0,0,2,0,0,0,1,0,2,1,0,0,1,0,0,0,2,2,1,0,1,0,1,0,0,1,2,0,1,1,0,1,2,0,0,0,0,1,0,0,2,1,0,2,1,2,0,0,2,2,0,1,0,0,0,1,0,0,1,1,0,0,1,0,0,0,0,0,0,0,2,1,1,1,1,0,0,0,0,0,0,0,1,0,1,2,0,0,0,1,0,0,0,0,1,0,1,1,0,1,0,0,0,0,0,1,1,0,1,1,0,0,0,0,2,1,2,1,2,0,1,0,0,0,1,0,1,0,1,0,0,0,0,0,0,0,0,2,0,0,0,1,0,2,0,1,0,1,0,0,0,0,1,1,0,0,2,0,0,2,0,1,2,1,0,1,1,1,1,0,0,0,1,0,0,0,0,1,1,0,0,2,2,0,1,1,1,0,0,1,1,1,0,0,0,0,2,0,0,0,0,1,0,0,1,0,0,0,1,1,1,1,1,0,1,0,1,0,0,0,1,0,1,1,2,0,0,1,0,1,2,0,0,2,1,1,2,1,0,0,0,2,0,2,0,0,1,1,1,0,0,0,1,0,0,0,1,1,0,0,1,0,0,0,1,0,0,1,1,0,0,0,0,0,0,2,1,1,0,2,0,1,1,1,1,0,2,0,0,0,1,0,1,1,0,0,0,1,2,1,0,1,2,0,0,1,1,0,1,0,1,1,0,1,0,1,1,0,0,0,0,1,0,0,1,0,0,1,0,2,0,1,1,0,2,1,0,0,0,0,1,0,1,0,0,0,1,2,1,0,0,0,1,0,1,0,1,2,0,0,0,0,1,0,0,0,0,0,0,1,1,0,0,1,0,1,1,1,0,0,0,0,0,0,0,0,0,1,1,0,1,0,0,1,1,0,0,1,0,0,0,0,1,1,1,1,0,0,1,0,1,0,0,1,0,1,0,0
"IND075",2,0,0,2,2,2,1,0,0,2,1,1,2,0,2,0,1,0,1,0,1,0,0,2,0,1,0,1,0,1,1,1,1,1,0,2,0,1,1,0,1,1,1,2,0,1,0,1,1,2,0,0,0,1,0,1,0,1,1,1,2,1,1,0,1,0,0,1,0,0,0,1,0,1,0,1,0,1,1,1,1,1,0,0,2,1,0,0,1,0,2,0,1,1,1,2,0,1,2,2,0,0,1,0,2,1,1,1,2,0,1,2,1,1,2,1,0,0,0,1,2,1,2,0,1,1,0,1,1,0,2,2,0,1,1,1,1,0,0,2,1,1,1,0,0,0,1,1,0,0,1,0,2,1,0,1,2,0,0,1,0,0,0,0,0,0,0,2,0,0,0,1,0,0,1,0,1,0,1,1,0,2,0,0,0,0,0,1,1,0,1,2,0,0,0,0,0,1,2,0,2,1,2,1,0,1,1,2,0,1,1,1,0,1,0,0,0,0,0,2,0,0,0,1,0,1,0,0,0,1,0,0,1,0,1,2,0,0,1,0,0,1,0,1,2,1,0,1,1,1,0,0,0,0,1,0,0,1,0,1,0,0,0,2,2,0,1,2,1,0,0,1,1,1,0,0,0,0,1,0,0,0,0,0,0,0,0,0,0,0,1,1,1,1,1,0,0,0,2,1,0,0,0,0,1,1,2,0,0,1,0,0,2,1,0,0,0,1,2,1,1,0,0,1,0,1,0,0,2,2,1,0,1,1,0,0,1,1,2,0,0,1,0,0,0,0,0,0,0,1,1,0,0,0,1,0,1,1,1,1,0,1,0,0,0,1,1,1,1,0,0,0,0,1,1,1,0,0,0,2,2,0,1,1,1,0,0,1,1,0,1,1,2,2,0,1,1,0,1,0,0,0,0,1,0,1,1,0,0,1,0,2,0,1,1,0,2,0,0,0,0,0,1,0,1,1,0,1,0,1,1,1,0,1,1,0,0,1,1,0,0,0,0,0,1,0,0,1,0,0,0,0,1,0,1,0,0,2,0,1,0,0,0,0,1,1,0,0,1,0,1,0,1,0,0,1,1,0,0,1,0,1,0,0,0,1,1,1,1,0,1,0,1,1,1,1,0,1,0,0
"IND076",1,0,0,1,1,2,0,0,0,1,1,0,1,0,1,1,2,0,1,1,1,0,1,1,0,1,0,1,1,0,1,2,1,1,0,1,0,1,1,1,2,1,0,1,0,1,0,1,1,2,0,1,1,2,0,1,0,1,0,0,0,0,0,0,1,1,0,1,1,0,0,0,0,1,0,1,0,0,1,0,0,1,0,0,2,0,1,0,0,0,2,1,1,1,2,0,0,1,2,1,2,0,1,1,2,2,0,0,1,0,1,1,1,1,2,0,0,1,0,1,1,0,1,2,0,1,0,1,1,1,2,1,0,1,0,1,0,0,0,0,0,1,0,0,2,0,1,1,0,0,0,0,1,1,2,1,2,0,0,0,0,0,2,0,1,0,1,0,0,0,1,1,0,1,1,0,1,0,1,0,0,2,0,0,0,0,0,1,1,0,2,2,0,0,0,0,2,1,2,1,1,1,2,1,0,0,2,1,0,0,1,1,0,1,0,0,1,0,0,2,0,0,0,2,0,1,1,0,0,2,0,0,0,0,1,1,0,0,2,1,0,0,0,0,1,1,0,1,0,2,0,0,0,0,0,0,0,1,2,1,1,0,0,2,1,0,1,1,1,0,0,1,1,1,2,0,0,0,2,0,0,0,0,2,0,0,0,0,0,0,1,0,0,1,1,0,1,1,1,1,0,0,1,0,0,2,2,0,0,1,0,1,2,1,0,1,0,0,1,1,0,0,0,1,0,1,0,0,0,1,2,0,0,1,0,0,0,1,1,1,0,0,0,0,0,0,1,1,0,1,1,0,0,0,1,0,1,0,1,1,0,0,0,0,0,1,1,0,1,0,0,0,0,0,1,0,0,0,0,0,2,0,1,0,1,0,1,1,1,0,1,1,2,1,0,1,1,0,1,0,0,0,0,0,0,0,2,0,0,1,0,2,0,1,1,0,2,1,0,0,0,0,1,1,1,0,0,0,0,2,1,1,0,0,1,0,1,0,1,2,1,0,1,0,1,1,0,1,0,0,0,1,1,0,0,1,0,1,1,0,0,0,0,0,0,1,0,1,0,0,1,0,1,0,0,2,1,0,0,1,0,0,0,0,1,1,1,1,1,0,1,0,1,1,1,1,0,2,0,0
"IND077",1,0,1,1,1,1,0,0,0,1,0,1,2,0,1,1,2,0,1,1,1,0,1,2,0,2,0,1,1,0,1,0,0,1,0,1,0,1,1,1,2,1,1,2,0,1,0,2,1,1,0,1,0,1,0,1,1,0,1,0,0,0,2,0,1,0,0,1,0,1,0,0,0,1,1,1,0,0,1,0,1,1,1,0,2,1,0,0,1,0,1,1,0,1,1,2,0,1,2,1,1,0,0,1,2,1,1,0,1,0,1,2,1,1,0,0,0,1,0,1,0,1,1,1,1,0,1,2,0,1,2,1,0,1,0,0,1,1,0,1,0,1,0,0,1,1,1,1,0,0,0,0,2,0,0,2,2,0,0,1,1,0,0,0,2,0,1,1,0,1,0,1,0,1,0,0,2,0,2,1,1,2,0,0,0,0,0,1,1,1,0,1,0,0,0,0,2,1,2,0,1,1,1,0,0,1,1,2,0,1,1,0,0,1,0,1,1,0,0,2,0,0,0,2,0,1,1,0,0,2,0,0,1,0,1,2,0,0,2,0,0,1,0,0,1,1,0,1,2,1,1,0,0,0,1,0,0,1,2,1,1,0,0,2,1,0,1,1,1,0,0,1,0,1,0,0,0,0,2,1,0,0,0,2,0,0,1,0,0,0,1,0,1,0,0,0,2,1,0,1,0,0,0,0,1,2,1,0,0,0,0,0,1,1,0,1,0,0,0,2,1,0,0,2,0,1,0,0,2,2,1,0,1,1,1,0,1,0,1,1,0,0,1,0,0,1,1,0,0,1,1,1,0,0,1,0,0,1,1,1,0,1,0,0,0,1,1,2,1,0,0,0,1,0,1,2,0,0,0,1,2,0,2,0,2,0,0,1,1,0,1,1,2,1,0,1,1,0,1,0,0,0,0,1,0,1,1,0,0,0,1,2,0,1,1,0,1,0,0,0,0,1,0,0,1,0,0,0,0,2,1,0,0,1,0,0,1,1,0,1,1,0,1,0,1,1,0,0,0,0,1,1,0,1,1,0,0,2,0,1,0,0,1,0,1,0,0,1,1,0,1,1,1,0,0,2,1,0,0,2,0,0,0,0,1,1,1,0,0,0,1,0,0,1,0,0,0,1,0,0
"IND078",1,0,1,1,2,1,1,0,0,1,1,0,2,0,1,1,2,0,1,1,1,0,0,2,0,2,0,0,1,1,1,0,1,1,0,0,0,1,1,0,1,0,0,2,0,1,0,1,1,1,0,1,0,2,0,1,1,1,0,0,0,1,0,0,1,0,0,1,1,1,0,1,0,1,1,1,0,0,1,1,0,0,1,0,2,0,0,0,1,0,1,1,1,0,1,0,0,1,2,1,0,0,0,0,2,1,1,0,2,0,1,2,1,0,1,0,0,0,0,1,1,0,1,0,0,2,0,2,0,0,1,2,0,2,0,1,1,1,0,1,0,1,0,0,0,1,0,0,0,0,0,0,2,0,2,1,1,0,0,0,0,0,1,0,1,0,0,1,0,0,1,1,1,1,1,0,0,0,2,1,1,2,0,0,0,0,0,1,1,0,2,2,0,0,0,0,2,0,1,1,1,0,2,0,0,1,2,0,1,0,2,0,0,1,0,0,0,0,0,2,0,0,0,1,0,2,1,0,0,2,0,0,1,0,1,1,0,0,2,0,0,1,0,0,2,0,0,1,2,2,0,0,0,0,0,0,0,1,1,1,1,0,0,1,1,0,1,2,1,0,0,1,0,1,2,1,0,0,2,1,0,0,0,0,0,0,1,0,0,0,1,0,1,1,0,0,1,1,0,0,0,0,0,0,1,1,2,0,0,1,0,0,1,0,0,1,1,1,1,2,0,0,0,1,0,1,0,0,1,2,2,0,1,1,1,0,1,1,0,1,0,1,0,0,0,1,1,0,0,1,1,0,0,0,0,0,0,1,1,0,0,0,0,0,1,0,1,0,1,0,0,0,1,1,1,0,0,0,0,2,1,2,1,1,1,1,0,1,1,0,1,1,1,0,0,0,0,1,1,0,0,0,0,1,1,1,2,0,0,0,0,2,0,1,1,0,0,0,0,0,0,1,1,1,1,0,0,0,1,2,1,1,0,0,1,0,1,1,1,1,0,0,1,0,1,1,0,1,0,0,0,1,0,0,1,0,1,1,1,0,0,0,0,0,0,1,0,1,0,2,1,1,0,0,0,1,1,0,0,1,0,1,0,0,2,1,1,2,0,0,2,0,1,1,1,0,0,1,0,0
"IND079",1,0,1,2,2,2,1,0,0,1,0,1,1,0,2,0,2,0,2,0,1,0,0,2,0,0,0,1,0,1,0,1,1,1,0,2,0,0,1,1,1,0,0,1,0,1,0,1,1,0,0,0,1,0,0,1,0,1,1,0,2,0,2,0,0,1,0,1,2,1,0,0,0,1,1,1,0,0,1,0,0,1,0,0,2,0,0,0,0,0,1,1,1,1,1,2,0,1,2,1,1,0,1,1,1,0,1,0,1,0,1,2,1,1,1,1,0,0,0,1,1,1,2,1,1,1,1,1,1,0,1,1,0,2,0,0,1,1,0,1,1,1,1,0,0,0,1,0,0,0,1,0,1,1,2,1,2,0,0,1,0,0,1,0,2,0,1,1,0,1,1,1,1,1,0,0,0,0,1,0,1,2,0,0,0,0,0,1,1,0,1,1,0,0,0,0,2,0,1,0,2,2,2,1,0,0,2,1,1,0,0,0,0,0,0,0,1,0,0,2,0,0,0,1,0,1,1,0,0,2,0,0,0,0,1,1,0,0,1,1,0,1,0,1,1,1,0,1,0,2,1,0,1,0,0,0,0,0,2,1,2,0,0,2,2,0,1,2,1,0,0,1,0,1,0,0,0,0,2,1,0,0,0,0,0,0,0,0,0,0,1,1,0,1,0,0,1,1,1,1,0,0,1,0,1,2,2,0,0,1,0,0,2,1,0,1,0,1,0,1,0,0,0,1,0,1,0,0,0,1,2,0,1,1,1,0,1,0,1,0,0,1,0,0,0,0,1,0,0,1,1,1,0,0,0,0,0,2,1,0,0,2,0,1,0,1,1,1,2,0,0,0,1,0,1,1,0,0,0,1,2,1,0,0,1,0,1,1,1,0,1,1,1,2,1,1,0,0,1,0,0,0,0,0,1,1,1,0,0,0,1,2,0,1,1,0,0,0,0,1,0,0,0,0,1,1,0,0,0,1,1,1,0,1,0,0,1,0,1,0,1,0,0,0,1,0,0,1,0,0,1,2,0,1,0,1,1,1,1,1,0,0,0,0,1,1,0,1,1,2,1,0,2,0,0,1,1,0,0,1,0,0,0,0,2,1,1,0,0,0,2,0,0,0,1,0,0,1,0,0
"IND080",1,0,1,2,1,2,1,0,0,1,0,2,1,0,0,1,1,0,1,0,1,0,1,2,0,0,0,1,1,1,1,2,1,1,0,2,0,1,1,0,1,1,0,1,0,0,0,1,1,0,0,1,1,0,0,1,1,0,0,0,1,1,1,0,0,0,0,1,1,0,0,1,0,1,1,1,0,1,1,0,0,0,0,0,2,1,0,0,1,0,2,1,1,1,1,1,0,1,2,2,2,0,0,1,1,2,0,1,2,0,1,2,1,0,1,1,0,0,0,1,1,0,2,1,1,0,0,2,1,1,2,2,0,1,0,1,0,0,0,1,0,1,1,0,1,1,0,0,0,0,1,0,1,0,2,1,1,0,0,0,1,0,0,0,1,0,1,1,0,1,0,1,1,1,0,0,1,0,1,0,1,1,0,0,0,0,0,1,1,1,1,1,0,0,0,0,1,0,2,0,2,1,1,1,0,1,1,1,1,0,0,0,0,0,0,1,1,0,0,2,0,0,0,1,0,2,0,1,0,2,0,0,0,0,2,1,0,0,2,0,0,2,0,0,2,1,0,0,2,1,0,0,0,0,0,0,0,1,0,1,0,0,0,2,1,0,1,1,1,0,0,1,1,1,1,0,0,0,2,0,0,0,0,2,0,0,0,0,0,0,1,0,1,1,1,0,1,1,1,1,0,0,1,0,0,2,2,0,0,1,0,1,2,1,0,2,0,1,1,1,0,0,0,1,0,1,0,0,2,1,2,1,1,0,0,0,0,0,2,0,0,0,1,0,0,1,1,0,0,1,1,1,0,0,0,0,1,2,1,1,0,2,0,0,0,0,1,1,1,0,0,0,0,1,1,2,0,0,0,1,1,2,1,0,2,0,0,1,1,0,1,0,1,1,0,0,1,0,1,0,0,0,0,0,0,1,2,0,0,1,0,2,0,1,1,0,1,1,0,0,0,0,0,0,1,0,0,1,1,2,1,0,0,1,0,0,0,0,0,2,0,0,0,0,1,0,0,0,0,0,1,1,1,0,0,1,1,2,1,0,0,0,0,0,0,0,0,0,1,2,1,0,2,0,0,0,1,0,0,2,0,0,0,0,0,1,1,1,1,0,2,0,0,0,0,1,1,1,0,0
"IND081",0,1,2,0,0,1,2,0,1,1,0,0,0,0,0,1,0,1,1,1,1,0,1,0,0,1,0,1,1,0,1,1,0,1,0,1,0,2,2,0,1,0,0,2,0,1,1,2,1,1,0,0,0,2,0,1,1,0,0,2,1,1,0,0,1,0,1,1,1,0,1,0,1,0,0,1,0,0,1,0,1,0,1,0,0,0,0,0,0,1,0,0,0,1,0,1,0,1,2,0,1,1,1,0,1,1,1,0,0,0,0,1,2,0,1,0,0,0,0,1,0,1,0,0,1,1,1,0,0,0,2,2,2,1,0,0,1,0,1,0,0,1,0,0,1,1,0,1,2,0,1,0,0,0,0,0,0,0,0,0,2,1,0,0,0,1,0,0,0,0,1,1,2,1,0,0,1,0,1,0,2,1,0,0,0,0,0,0,0,0,0,1,1,0,0,0,0,0,0,0,0,0,0,1,0,0,0,1,0,0,1,0,0,0,1,1,0,1,0,1,1,0,1,0,1,1,0,1,0,0,0,0,0,0,1,2,0,2,0,0,0,1,0,0,1,0,1,1,0,1,1,0,1,0,1,1,0,0,0,1,0,1,0,1,1,0,2,1,2,1,0,0,1,1,1,0,1,1,0,1,0,0,0,1,0,1,0,0,0,0,1,0,0,1,1,0,2,1,0,0,0,0,0,0,0,0,2,0,0,1,0,2,1,1,0,0,0,0,1,0,0,0,0,0,0,1,2,1,1,1,2,0,0,0,0,0,2,1,0,0,0,0,1,1,0,0,0,0,1,2,0,1,0,0,1,0,1,0,0,1,0,1,1,2,0,1,0,1,0,0,1,0,0,0,1,1,0,0,0,0,1,0,0,0,0,1,0,0,0,0,0,1,2,0,1,1,0,0,0,0,0,1,1,0,0,0,1,0,1,2,0,1,2,2,0,0,0,0,0,0,0,2,0,1,2,0,0,0,0,0,1,0,1,0,0,0,0,0,0,1,1,2,0,0,1,0,1,0,1,0,1,1,1,1,1,0,0,1,1,2,1,0,1,0,1,1,0,1,2,1,1,1,2,1,1,1,0,1,0,0,0,1,0,1,0,1,2,0,0,0,2,1,1,0,0,0,2,1,0,1
"IND082",1,1,0,0,0,1,2,0,0,0,2,0,0,0,0,1,0,1,1,1,0,0,0,0,0,1,0,1,1,0,1,1,0,0,0,1,0,1,2,0,1,0,0,2,0,1,1,1,2,0,2,1,1,2,0,1,0,0,0,2,0,1,0,2,1,0,1,1,0,0,1,0,0,0,0,1,1,1,1,0,2,0,1,0,0,0,1,0,1,1,1,0,0,1,1,1,0,1,1,0,0,1,1,0,1,0,1,0,1,0,0,2,2,0,0,0,0,0,1,1,0,1,1,0,1,0,1,0,0,0,1,2,2,0,0,0,1,0,1,0,0,1,0,1,2,0,0,1,2,0,1,0,0,0,1,1,1,0,0,1,2,2,2,0,1,1,0,0,0,0,2,0,2,2,0,0,1,0,0,2,1,1,1,0,2,2,0,0,0,0,0,1,0,0,0,0,0,0,2,0,0,0,0,1,1,0,1,1,0,1,1,0,0,0,2,2,0,0,0,0,0,0,1,2,1,1,0,1,1,0,1,0,0,1,1,2,0,2,1,1,0,0,0,0,2,0,2,1,0,1,0,1,1,0,1,1,0,0,0,0,0,1,0,1,1,0,1,0,2,1,1,0,1,1,0,0,1,1,0,2,0,1,0,0,0,2,0,0,0,1,1,1,0,0,1,0,2,1,1,0,0,0,0,1,0,1,2,0,0,2,0,1,1,0,0,2,0,0,0,1,0,0,0,0,0,1,2,1,1,1,2,0,0,0,0,0,0,0,0,0,0,0,1,1,0,0,0,0,0,2,1,1,0,0,1,0,1,0,0,0,1,1,1,2,0,1,0,0,1,1,0,0,0,0,1,1,0,0,0,1,1,1,1,0,1,1,0,0,0,0,1,1,1,1,1,1,1,2,1,0,0,1,2,0,0,0,2,0,1,1,0,1,1,0,0,0,1,1,1,0,1,2,0,1,2,0,0,0,0,0,1,0,0,0,1,0,0,0,0,1,0,1,0,0,0,1,1,0,1,0,1,0,0,1,1,0,0,0,1,2,2,0,2,1,0,1,0,0,1,1,0,0,1,2,0,1,1,1,0,0,2,1,0,0,0,1,2,1,0,0,2,2,0,0,0,0,2,0,1,1
"IND083",0,0,1,0,0,1,2,0,0,0,2,0,0,0,0,1,0,1,1,2,0,1,0,0,0,0,0,2,1,0,1,1,0,0,0,0,1,1,2,0,1,0,0,1,0,1,1,1,2,1,1,0,2,2,0,0,0,0,0,1,1,1,0,1,1,1,1,1,1,0,1,1,1,0,0,1,1,1,2,0,2,0,0,1,0,0,0,0,1,1,1,0,0,1,1,1,0,0,1,0,0,2,1,1,2,1,1,0,0,0,0,1,2,0,0,0,0,0,0,1,0,1,0,0,1,1,1,0,0,1,1,2,2,1,0,0,1,0,1,0,0,1,1,1,2,1,0,1,1,0,1,0,0,1,1,1,1,0,0,0,2,1,1,0,1,0,0,0,0,0,1,0,2,1,0,0,1,0,2,2,2,0,0,0,1,0,1,0,0,0,0,0,1,0,0,0,1,0,1,0,0,0,0,1,0,0,0,0,0,0,1,0,0,0,1,1,0,0,0,1,0,1,0,2,1,1,0,1,0,0,0,0,0,1,2,2,0,2,0,1,0,1,0,0,2,0,1,1,0,1,1,0,0,1,1,0,0,0,0,0,0,0,0,1,1,0,0,1,2,1,1,0,0,1,0,0,1,1,0,1,0,0,0,0,0,0,0,0,0,1,0,0,0,0,1,0,2,1,1,0,0,0,0,0,0,0,2,0,0,1,0,1,0,0,0,1,0,0,1,0,0,1,0,0,0,1,2,1,1,0,2,0,0,0,0,0,1,0,0,0,0,0,1,1,1,0,0,0,0,2,1,1,0,0,1,0,1,0,0,0,1,1,1,2,0,1,1,0,0,2,0,0,0,0,1,1,0,0,0,0,1,0,0,0,1,1,0,0,0,0,1,0,1,1,1,1,1,1,1,0,0,0,2,0,0,0,1,0,1,0,0,1,2,1,1,0,1,1,1,0,1,2,0,1,2,1,0,0,0,0,1,0,0,0,0,0,0,0,0,1,0,2,0,0,1,1,0,1,1,0,1,1,1,1,1,0,0,1,1,0,2,0,2,1,0,0,0,1,1,1,0,0,2,1,1,1,1,1,0,0,0,1,0,0,1,1,2,0,0,0,2,1,1,0,1,0,1,0,1,1
"IND084",1,0,2,0,0,1,1,0,1,1,1,0,0,0,0,1,0,1,1,2,1,0,0,0,0,1,0,2,1,0,1,0,0,1,0,0,1,1,2,0,0,0,0,1,0,1,1,1,2,0,1,1,0,2,0,2,0,0,0,2,1,1,1,0,0,1,1,0,0,0,1,0,2,1,0,1,0,1,2,0,1,0,2,1,0,0,1,0,0,1,0,1,0,1,1,1,0,0,2,0,1,0,1,1,2,0,1,0,0,0,0,1,0,1,0,0,0,1,1,2,0,1,0,0,0,1,0,0,0,0,1,2,1,1,0,0,0,0,1,1,0,1,0,0,1,1,0,1,2,0,1,0,0,0,0,0,1,0,0,1,2,1,0,0,0,0,0,0,0,0,2,0,2,2,0,0,1,0,2,1,1,1,1,0,0,2,2,0,0,0,0,0,0,0,0,0,1,0,1,0,0,0,1,1,1,0,0,1,0,1,0,1,0,0,1,0,0,0,0,1,1,1,0,1,1,2,0,1,0,0,0,0,0,0,1,2,0,2,1,0,0,0,0,0,2,0,1,1,0,1,1,1,0,1,0,0,0,0,0,1,0,0,0,2,1,0,0,0,2,1,1,0,1,1,0,0,0,0,0,1,0,1,0,0,0,1,0,0,0,0,1,1,0,1,0,0,2,1,0,0,0,1,0,2,0,1,2,0,0,0,0,1,0,1,0,1,0,0,1,1,0,1,0,0,0,1,1,1,1,1,2,0,0,0,0,0,2,0,1,0,0,0,1,1,0,0,1,0,1,2,1,1,0,0,1,0,0,0,0,1,1,1,1,2,0,1,1,0,0,1,1,0,0,0,1,1,0,0,0,0,1,1,0,0,1,1,0,0,0,1,1,1,1,0,1,1,1,1,0,0,0,0,2,0,0,0,2,0,1,1,0,1,2,1,0,0,0,1,1,0,1,2,1,2,2,1,0,0,0,0,1,0,1,0,0,0,0,0,0,0,1,1,0,0,0,1,0,1,1,0,1,1,0,1,1,0,0,0,1,1,1,0,1,0,1,0,0,1,2,0,0,0,2,2,0,0,1,2,0,0,1,1,1,0,0,1,1,0,0,0,2,0,1,0,1,0,2,1,0,1
"IND085",0,0,0,0,0,1,1,0,0,1,2,0,0,0,0,0,0,1,1,2,1,1,1,0,0,1,0,2,1,0,1,1,0,0,0,0,0,2,2,0,1,0,0,1,0,1,1,1,0,0,1,1,1,2,0,0,0,0,0,1,1,0,0,0,1,0,1,0,1,0,1,1,1,0,0,1,1,0,1,0,0,0,2,0,0,0,1,0,2,0,0,0,0,1,1,1,0,0,1,0,1,2,0,0,1,0,1,0,0,0,0,1,1,1,1,0,0,0,1,1,0,1,0,0,0,0,2,0,0,0,1,2,1,1,0,0,1,0,1,1,0,0,0,1,1,2,0,1,2,0,1,0,0,0,0,1,1,0,0,1,1,2,0,0,0,0,0,1,0,0,2,0,2,2,0,0,1,0,0,0,1,1,1,0,0,0,1,0,0,0,0,2,0,0,0,0,1,0,2,0,0,0,0,1,0,0,1,1,0,1,0,1,0,0,2,0,0,1,0,0,0,0,0,1,1,0,0,1,0,0,1,0,0,1,2,2,0,2,0,0,0,0,0,0,0,0,1,1,0,1,0,0,0,1,1,1,0,0,0,1,0,0,0,1,1,0,0,0,2,1,1,0,1,1,0,0,0,0,0,1,0,0,0,0,0,2,0,0,0,0,2,1,0,1,0,0,1,1,0,0,0,0,0,2,0,1,1,0,0,0,0,2,1,0,0,1,0,0,0,0,0,0,0,0,0,1,1,1,1,1,2,0,0,0,0,0,2,1,1,0,0,0,1,1,0,0,0,0,0,2,1,1,0,0,1,0,0,0,0,1,1,0,2,2,0,1,1,1,1,1,0,0,0,0,1,1,0,0,0,1,1,0,1,0,1,1,0,0,0,0,0,1,1,0,1,1,0,1,0,0,0,0,2,0,0,0,2,0,1,1,0,1,2,0,1,0,0,0,0,0,1,2,1,2,2,1,0,0,0,0,1,0,1,0,0,0,0,0,0,1,1,2,0,0,1,0,1,1,1,0,1,0,1,1,1,0,0,1,1,2,1,0,1,1,0,0,0,1,1,1,0,0,1,2,0,1,1,1,0,0,2,1,1,0,0,1,2,1,0,0,2,1,0,0,1,0,2,1,0,0
"IND086",1,1,0,0,0,1,2,0,1,0,1,0,0,0,0,0,0,0,1,1,1,0,1,0,0,0,0,2,1,0,1,0,0,0,0,0,0,0,2,0,0,0,0,2,0,1,1,1,1,1,2,0,0,1,0,0,1,0,0,2,0,0,1,0,0,1,1,0,0,0,1,1,0,1,0,1,1,1,1,0,1,0,2,0,0,0,1,0,2,0,1,1,0,1,1,1,0,1,2,1,1,0,0,0,1,1,1,0,1,0,0,1,0,0,0,0,0,0,1,1,0,1,0,0,1,0,1,0,0,1,2,2,2,1,0,0,0,0,1,1,0,0,0,0,0,1,0,1,1,0,0,0,0,1,0,0,1,0,0,1,1,0,2,0,1,1,0,1,0,0,1,1,1,0,0,0,1,0,0,0,1,0,1,0,1,0,0,0,0,0,0,1,1,0,0,0,1,0,1,0,0,0,1,1,0,0,1,0,0,0,1,1,0,0,0,0,1,1,0,1,0,1,0,1,1,0,0,1,1,0,1,0,0,1,1,1,0,2,1,1,0,1,0,0,2,0,2,1,0,1,1,0,0,2,0,1,0,0,0,1,0,2,0,2,1,0,0,0,1,1,1,0,0,1,0,0,1,1,0,2,0,1,0,0,0,2,0,0,0,0,1,1,0,1,1,0,1,1,0,0,1,0,0,2,0,0,2,0,0,0,0,1,0,0,0,2,0,0,0,1,0,1,0,0,0,1,1,1,0,1,2,0,0,0,0,0,2,1,2,0,0,0,1,1,0,0,0,0,1,2,1,1,0,0,1,0,0,0,0,1,1,1,2,2,0,1,2,1,0,1,1,0,0,0,1,1,0,0,0,0,1,1,1,0,2,0,0,0,0,1,1,0,1,0,1,1,0,1,0,0,0,0,1,0,0,0,1,0,1,1,0,0,1,1,0,0,1,0,0,0,0,2,0,1,2,1,0,0,0,0,0,0,0,0,1,0,0,0,0,1,1,1,0,0,0,1,0,0,1,0,1,1,0,1,1,0,0,0,0,0,2,0,1,0,0,1,0,1,1,1,0,0,1,2,0,1,2,2,0,0,0,1,0,0,0,0,1,0,0,0,2,1,1,0,0,0,2,0,0,1
"IND087",1,1,1,0,0,1,2,0,1,1,0,0,0,0,0,0,0,1,1,0,1,0,1,0,0,1,0,2,1,0,1,0,0,0,0,1,0,0,1,0,1,0,0,2,0,1,1,0,1,1,2,1,1,2,0,1,0,0,0,2,1,1,0,2,0,0,1,0,0,0,1,1,1,0,0,1,0,1,2,0,1,0,0,2,0,0,0,0,0,0,0,1,0,1,1,1,0,0,2,0,0,1,1,0,2,1,1,0,0,0,0,1,2,1,1,0,0,1,0,2,0,1,1,0,1,0,0,0,0,1,1,2,2,0,0,0,1,0,1,1,0,0,0,0,2,1,0,1,1,0,1,0,0,0,1,0,0,0,0,1,1,2,1,0,1,0,0,0,0,0,2,1,1,1,0,0,1,0,1,2,1,1,1,0,2,2,0,0,0,0,0,0,1,0,0,0,0,0,1,0,0,0,0,1,0,0,0,0,0,0,0,1,0,0,1,0,1,1,1,0,0,0,0,2,1,1,0,1,1,0,0,0,0,0,1,1,0,2,1,0,0,1,0,0,1,0,1,1,0,1,0,1,0,0,0,1,0,0,0,1,0,1,0,2,1,0,0,0,2,1,0,0,0,1,1,0,0,1,0,2,0,1,0,1,0,2,0,0,0,0,0,1,0,1,0,0,2,1,1,0,1,0,0,0,0,1,1,0,0,1,0,1,0,1,0,0,0,0,1,0,0,0,0,0,0,1,1,1,1,0,2,0,0,0,0,0,1,0,2,0,0,0,1,1,0,0,0,0,1,2,0,1,0,1,1,0,0,0,0,1,0,0,0,2,0,1,1,2,0,0,1,0,0,0,1,1,0,0,0,0,1,0,0,0,1,1,0,1,0,0,0,0,2,0,1,1,1,1,1,0,0,1,2,0,0,0,1,0,1,1,0,2,1,0,1,0,1,0,0,0,1,2,0,2,2,0,0,0,0,0,1,0,1,0,1,0,0,0,0,2,0,1,1,0,1,0,1,1,1,0,1,1,0,2,1,0,0,1,1,0,2,0,0,1,1,0,0,0,2,0,0,0,2,2,0,0,0,1,0,0,0,1,1,0,0,2,1,1,0,0,2,1,0,0,0,0,1,1,1,1
"IND088",1,1,2,0,0,1,1,0,0,1,1,1,0,0,0,0,0,1,1,1,1,1,1,0,0,0,0,2,1,0,1,0,0,1,0,1,0,1,2,0,1,0,0,2,0,1,1,1,0,0,1,1,1,2,0,1,0,0,0,2,0,0,0,1,1,0,1,1,1,0,1,0,0,1,0,1,0,0,1,0,1,0,1,0,0,0,0,0,0,0,0,1,0,1,1,1,0,0,1,1,1,1,0,1,2,0,1,0,1,0,0,1,0,0,0,0,0,1,0,1,0,1,0,0,0,0,1,0,0,1,2,2,1,1,0,0,0,0,1,0,0,0,0,1,1,1,0,1,2,0,0,0,0,0,1,0,1,0,0,1,2,0,1,0,0,0,0,1,0,0,1,0,1,1,0,0,1,0,1,0,2,1,1,0,1,0,2,0,0,0,0,2,1,0,0,0,1,0,2,0,0,0,1,1,0,0,0,0,0,0,1,1,0,0,1,1,1,1,1,1,1,1,1,1,1,0,0,1,0,0,0,0,0,0,1,2,0,2,0,0,0,0,0,0,2,0,0,1,0,1,1,0,1,1,1,1,0,0,0,0,0,1,0,2,1,0,1,1,1,1,1,0,0,1,2,0,1,0,0,1,0,0,0,1,0,0,0,0,0,0,1,0,0,0,0,0,2,1,1,1,0,1,0,0,0,0,1,0,0,2,0,1,1,0,0,1,0,0,1,1,0,1,0,0,0,1,2,1,1,1,2,0,0,0,0,0,2,1,2,0,0,0,1,1,1,0,1,0,1,2,1,1,0,1,1,0,0,0,0,0,1,1,2,2,0,1,1,1,0,1,1,0,0,0,1,1,0,0,0,1,1,1,1,0,2,1,0,1,0,1,1,0,1,1,1,1,1,1,0,0,0,1,1,0,0,0,2,0,1,2,0,2,2,1,0,0,1,0,1,0,0,2,0,1,2,1,0,0,0,0,0,0,0,0,0,0,0,0,0,0,1,2,1,0,1,0,1,1,1,0,1,0,1,1,1,0,0,1,0,1,1,0,2,1,1,1,0,1,1,0,0,1,1,1,1,1,1,1,0,0,0,1,1,1,1,1,2,0,0,0,2,1,1,0,1,0,2,1,0,0
"IND089",1,0,0,0,0,1,2,0,0,0,2,1,0,0,0,1,0,0,1,1,0,0,0,0,0,1,0,2,1,0,1,1,0,1,0,0,1,0,1,0,1,0,0,2,0,1,1,1,1,1,1,0,1,1,0,0,1,0,0,1,0,1,1,0,0,0,1,0,0,0,1,1,2,0,0,1,0,1,1,0,0,0,1,0,0,0,1,0,0,0,0,0,0,1,1,1,0,1,1,1,0,0,0,0,1,1,1,0,0,0,0,2,2,1,0,0,0,1,1,0,0,1,0,0,1,0,1,0,0,0,2,2,2,1,0,0,0,0,1,0,0,1,0,1,1,1,0,1,1,0,0,0,0,1,1,0,0,0,0,1,2,0,1,0,0,1,0,0,0,0,1,1,2,1,0,0,1,0,1,1,1,0,0,0,2,1,1,0,0,0,0,2,1,0,0,0,1,0,0,0,0,0,0,1,0,0,1,1,0,0,1,1,0,0,2,2,0,0,0,0,0,0,0,1,1,1,0,1,1,0,1,0,0,0,1,1,0,2,1,0,0,1,0,0,0,0,0,1,0,1,0,1,0,2,0,2,0,0,0,2,0,0,0,2,1,0,1,1,1,1,1,0,0,1,1,0,1,0,0,2,0,0,0,1,0,2,0,0,0,1,0,0,0,1,0,0,2,1,1,0,0,0,0,1,0,0,2,0,0,0,0,2,1,0,0,2,0,0,1,1,0,1,0,0,0,1,1,1,1,0,2,0,0,0,0,0,0,1,0,0,0,0,1,1,0,0,0,0,1,2,0,1,0,0,1,0,1,0,0,0,0,0,0,2,0,1,1,1,1,1,0,0,0,0,1,1,0,0,0,1,1,1,1,0,1,1,0,0,0,1,1,0,2,0,1,1,0,2,0,0,0,0,1,0,0,0,2,0,1,2,0,0,2,1,0,0,1,1,0,0,0,2,0,1,2,0,0,0,0,0,1,0,1,0,1,0,0,0,0,2,0,1,0,0,1,0,1,0,1,0,1,1,1,2,1,0,0,0,1,1,1,0,2,0,1,1,0,1,1,0,0,0,1,2,0,0,1,1,0,0,1,1,0,1,1,2,2,0,0,0,2,1,1,0,1,0,2,0,0,0
"IND090",1,1,0,0,0,1,2,0,0,0,0,1,0,0,0,0,0,1,1,1,0,1,1,0,0,0,0,2,1,0,1,1,0,1,0,1,0,0,1,0,1,0,0,1,0,1,1,2,2,1,1,1,1,1,0,2,0,0,0,1,0,0,0,2,1,1,1,0,0,0,1,1,1,0,0,1,0,0,1,0,1,0,1,1,0,0,0,0,2,0,1,1,0,1,1,1,0,1,2,0,1,2,1,1,1,1,1,0,1,0,0,2,2,0,0,0,0,1,0,1,0,1,0,0,1,1,1,0,0,0,1,2,2,0,0,0,1,0,1,0,0,1,1,0,2,1,0,1,1,0,1,0,0,0,0,0,1,0,0,1,2,1,0,0,1,0,0,0,0,0,1,1,2,2,0,0,1,0,2,0,2,0,0,0,2,1,2,0,0,0,0,1,0,0,0,0,0,0,2,0,0,0,1,1,0,0,1,0,0,1,1,1,0,0,0,1,0,1,1,1,0,1,0,0,1,1,0,1,0,0,0,0,0,0,1,2,0,2,0,0,0,1,0,0,0,0,2,1,0,1,1,0,1,1,1,1,0,0,0,1,0,0,0,2,1,0,0,0,1,1,0,0,0,1,0,0,1,0,0,1,0,1,0,1,0,2,0,0,0,1,1,0,0,1,1,0,1,1,1,1,0,0,0,1,0,1,2,0,0,0,0,2,1,0,0,2,0,0,0,1,0,0,0,0,0,1,0,1,1,1,2,0,0,0,0,0,1,1,2,0,0,0,1,1,0,0,1,0,0,2,0,1,0,0,1,0,1,0,0,0,1,1,2,2,0,1,2,0,0,1,0,0,0,0,1,1,0,0,0,0,1,1,1,0,1,0,0,0,0,0,1,0,1,0,1,1,0,1,0,0,0,1,1,0,0,0,2,0,1,1,0,1,2,1,0,0,1,0,0,0,0,2,1,2,2,0,0,0,0,0,0,0,1,0,0,0,0,0,0,1,0,1,0,0,0,0,0,0,1,0,1,1,0,1,1,0,0,0,0,0,1,0,1,1,0,1,0,0,1,1,1,1,1,2,1,1,1,1,0,0,1,1,0,1,1,1,2,0,0,0,2,2,0,0,1,0,1,1,1,1
"IND091",1,1,1,0,0,1,2,0,1,0,1,0,0,0,0,0,0,1,1,0,1,1,1,0,0,1,0,1,1,0,1,2,0,0,0,0,1,2,1,0,1,0,0,2,0,1,1,1,1,2,2,0,1,1,0,1,1,0,0,1,1,0,1,1,1,1,1,0,1,0,1,1,1,0,0,1,0,1,1,0,1,0,0,1,0,0,1,0,0,1,0,1,0,1,1,1,0,0,1,0,1,1,0,0,2,1,1,0,0,0,0,1,1,1,0,0,0,1,0,0,0,1,0,0,1,0,1,0,0,0,2,2,2,0,0,0,0,0,1,0,0,0,0,0,1,1,0,1,2,0,1,0,0,0,1,0,1,0,0,1,1,0,1,0,0,1,0,1,0,0,1,1,1,2,0,0,1,0,1,2,2,0,0,0,1,1,1,0,0,0,0,1,0,0,0,0,1,0,2,0,0,0,1,1,1,0,1,0,0,0,1,2,0,0,1,1,0,1,1,0,1,1,1,0,1,1,0,1,1,0,0,0,0,0,1,2,0,2,0,0,0,0,0,0,1,0,1,1,0,1,1,0,0,1,0,0,0,0,0,2,0,2,0,2,1,0,2,0,1,1,0,0,0,1,0,0,0,1,0,2,0,1,0,0,0,2,0,0,0,1,2,0,0,1,0,0,1,1,0,0,1,1,0,1,0,1,2,0,0,1,0,1,1,1,0,1,0,0,0,0,0,1,0,0,0,1,1,1,1,1,2,0,0,0,0,0,0,1,0,0,0,0,1,1,0,0,0,0,1,2,1,1,0,0,1,0,0,0,0,1,1,0,2,2,0,1,1,0,1,2,0,0,0,0,1,1,0,0,0,1,1,0,0,0,2,1,0,1,0,1,1,1,1,0,1,1,1,2,1,0,0,1,1,0,0,0,1,0,1,2,0,2,2,1,0,0,1,1,1,0,1,2,1,2,2,0,0,0,0,0,1,0,0,0,0,0,0,0,0,1,1,1,0,0,1,1,0,1,1,0,1,0,0,1,1,0,0,1,2,1,2,0,2,1,0,0,0,1,2,0,1,0,1,1,1,1,1,2,0,0,0,1,0,1,1,2,2,1,0,0,2,1,0,0,0,0,2,0,0,1
"IND092",0,0,0,0,0,1,1,0,0,0,1,1,0,0,0,1,0,1,1,0,0,0,0,0,0,0,0,2,1,0,1,2,0,0,0,1,1,0,2,0,1,0,0,2,0,1,1,0,0,1,0,1,0,2,0,0,1,0,0,2,1,1,0,1,1,0,1,1,0,0,1,1,1,1,0,1,0,1,0,0,0,0,2,1,0,0,1,0,0,0,0,1,0,1,1,1,0,1,1,1,1,1,0,0,1,1,1,0,0,0,0,1,0,1,1,0,0,0,0,2,0,1,0,0,1,1,1,0,0,1,2,2,1,0,0,0,0,0,1,1,0,0,0,0,2,1,0,1,1,0,0,0,0,1,1,1,0,0,0,1,1,0,2,0,0,0,0,0,0,0,1,1,1,1,0,0,1,0,2,2,2,1,0,0,1,0,1,0,0,0,0,1,0,0,0,0,1,0,1,0,0,0,1,1,0,0,1,0,0,0,1,1,0,0,2,1,0,0,1,1,1,1,1,1,1,2,0,1,0,0,1,0,0,0,2,2,0,2,1,1,0,0,0,0,1,0,1,1,0,1,0,0,1,0,0,1,0,0,0,1,0,0,0,2,1,0,1,1,1,1,1,0,1,1,1,0,1,0,0,1,0,0,0,0,0,1,0,0,0,1,1,1,0,0,1,0,2,1,0,0,0,0,0,1,0,1,2,0,0,1,0,1,0,1,0,0,0,0,0,0,0,1,0,0,0,1,1,1,1,1,2,0,0,0,0,0,0,0,2,0,0,0,1,1,0,0,0,0,1,2,0,1,0,0,1,0,0,0,0,1,1,0,1,2,0,1,2,0,0,1,0,0,0,0,1,1,0,0,0,0,1,1,1,0,1,0,0,1,0,0,0,0,2,1,1,1,1,2,1,0,0,0,2,0,0,0,2,0,1,1,0,1,2,0,1,0,0,0,0,0,1,2,1,2,2,0,0,0,0,0,1,0,1,0,1,0,0,0,0,2,1,1,0,0,0,0,1,1,1,0,1,0,1,1,1,0,0,0,2,1,2,0,2,0,0,1,0,1,2,0,0,1,2,2,0,0,2,0,0,0,1,1,0,1,0,1,1,1,0,0,2,2,0,0,0,0,1,0,0,1
"IND093",0,0,1,0,0,1,2,0,0,1,2,1,0,0,0,0,0,1,1,0,1,1,0,0,0,1,0,2,1,0,1,2,0,1,0,1,1,1,1,0,1,0,0,1,0,1,1,1,0,0,0,1,0,1,0,1,0,0,0,1,1,1,1,1,1,1,1,1,0,0,1,0,2,1,0,1,0,1,1,0,1,0,0,2,0,0,1,0,1,0,1,0,0,1,0,1,0,0,1,0,0,2,1,1,1,1,1,0,1,0,0,1,1,0,1,0,0,0,0,1,0,1,1,0,1,1,1,0,0,0,1,2,1,1,0,0,0,0,1,0,0,1,0,1,2,1,0,1,2,0,0,0,0,1,0,0,1,0,0,0,2,0,1,0,0,0,0,0,0,0,2,1,1,2,0,0,1,0,1,2,1,1,0,0,0,1,1,0,0,0,0,1,0,0,0,0,0,0,2,0,0,0,0,1,1,0,1,0,0,1,1,1,0,0,1,0,0,0,0,0,0,1,0,1,1,0,0,1,1,0,0,0,0,1,2,1,0,2,1,1,0,0,0,0,0,0,1,1,0,1,0,0,0,2,1,1,0,0,0,2,0,1,0,2,1,0,1,0,1,1,1,0,0,1,0,0,1,1,0,2,0,0,0,0,0,1,0,0,0,1,0,0,0,1,0,0,1,1,1,1,0,0,0,1,0,1,2,0,0,2,0,2,0,0,0,1,0,0,0,0,0,0,0,0,0,1,0,1,1,0,2,0,0,0,0,0,2,1,1,0,0,0,1,1,1,0,0,0,0,2,1,1,0,1,1,0,1,0,1,0,1,0,1,2,0,1,2,2,1,0,1,0,0,0,1,1,0,0,0,1,1,1,1,0,0,0,0,0,0,1,1,0,1,0,1,1,1,1,1,0,0,1,1,0,0,0,1,0,1,1,0,1,1,0,0,0,0,1,1,0,0,2,1,1,2,0,0,0,0,0,1,0,1,0,1,0,0,0,0,0,0,1,0,0,1,1,0,0,1,0,1,0,1,2,1,0,0,1,0,0,1,0,0,1,1,1,0,0,2,1,0,1,0,2,0,0,1,0,0,0,1,1,0,1,1,2,1,1,0,0,2,2,0,0,1,0,1,0,1,0
"IND094",0,1,2,0,0,1,1,0,1,1,0,1,0,0,0,0,0,0,1,1,0,1,0,0,0,1,0,2,1,0,1,2,0,0,0,1,0,1,1,0,1,0,0,2,0,1,1,1,0,1,0,1,2,1,0,1,1,0,0,1,1,0,0,0,1,0,1,1,0,0,1,0,1,1,0,1,1,0,2,0,1,0,2,2,0,0,1,0,2,1,0,1,0,1,0,1,0,0,2,0,1,1,0,1,2,1,1,0,1,0,0,2,1,1,0,0,0,0,1,0,0,1,0,0,0,0,0,0,0,0,1,2,1,0,0,0,1,0,1,0,0,1,1,1,0,0,0,1,1,0,0,0,0,0,1,1,0,0,0,0,2,0,1,0,1,1,0,0,0,0,1,0,1,0,0,0,1,0,1,1,2,0,0,0,1,1,1,0,0,0,0,2,0,0,0,0,1,0,1,0,0,0,1,1,0,0,1,0,0,0,0,2,0,0,0,1,1,1,1,0,0,0,0,2,1,2,0,1,0,0,1,0,0,0,1,1,0,2,0,0,0,1,0,0,0,0,0,1,0,1,0,1,1,0,0,1,0,0,0,0,0,1,0,1,1,0,1,0,2,1,0,0,1,1,1,0,1,1,0,1,0,1,0,1,0,0,0,0,0,0,2,1,0,0,0,0,1,1,0,0,0,0,0,0,0,1,1,0,0,0,0,2,1,1,0,1,0,0,1,1,0,1,0,0,0,1,2,1,1,0,2,0,0,0,0,0,1,0,2,0,0,0,1,1,1,0,0,0,1,2,0,1,0,0,1,0,0,0,0,0,1,1,1,2,0,1,0,0,1,2,1,0,0,0,1,1,0,0,0,1,1,0,1,0,0,1,0,1,0,0,1,0,1,1,1,1,1,0,1,0,0,1,1,0,0,0,1,0,1,2,0,2,2,1,0,0,0,0,0,0,0,2,0,2,2,1,0,0,0,0,0,0,1,0,0,0,0,0,0,0,0,2,0,0,1,0,1,1,1,0,1,1,1,2,1,0,0,1,2,2,2,0,0,0,1,1,0,1,1,1,0,1,0,2,1,0,0,2,0,0,1,1,0,1,1,1,2,0,0,0,2,2,1,0,1,0,2,1,0,0
"IND095",1,1,1,0,0,1,2,0,1,0,1,1,0,0,0,1,0,1,1,0,1,1,1,0,0,1,0,2,1,0,1,2,0,1,0,1,0,0,1,0,0,0,0,1,0,1,1,0,1,2,0,1,1,2,0,1,0,0,0,2,0,1,0,2,1,1,1,1,0,0,1,1,1,1,0,1,1,1,0,0,2,0,2,2,0,0,0,0,2,0,0,0,0,1,0,1,0,1,1,1,0,0,0,0,1,0,1,0,1,0,0,1,1,1,0,0,0,1,0,1,0,1,0,0,0,1,1,0,0,1,2,2,2,0,0,0,1,0,1,1,0,0,0,1,1,2,0,1,2,0,0,0,0,1,1,1,0,0,0,1,2,0,0,0,0,1,0,1,0,0,2,0,1,2,0,0,1,0,1,1,2,1,0,0,0,1,1,0,0,0,0,2,1,0,0,0,0,0,0,0,0,0,0,1,0,0,1,1,0,1,0,0,0,0,1,1,1,0,1,0,0,0,1,1,1,2,0,1,1,0,1,0,0,1,2,2,0,2,1,0,0,0,0,0,0,0,1,1,0,1,1,1,1,0,0,1,0,0,0,1,0,1,0,1,1,0,1,0,2,1,0,0,0,1,0,0,1,0,0,2,0,1,0,1,0,0,0,0,0,0,1,1,0,0,0,0,2,1,0,1,1,1,0,2,0,0,2,0,0,2,0,1,0,0,0,1,0,0,0,0,0,1,0,0,0,1,1,1,1,0,2,0,0,0,0,0,2,1,1,0,0,0,1,1,0,0,0,0,1,2,0,1,0,0,1,0,0,0,1,1,1,1,1,2,0,1,1,2,1,1,0,0,0,0,1,1,0,0,0,0,1,0,0,0,0,1,0,1,0,0,1,1,2,0,1,1,1,0,1,0,0,1,1,0,0,0,2,0,1,0,0,2,1,0,1,0,0,1,1,0,1,2,0,2,2,1,0,0,0,0,1,0,0,0,0,0,0,0,0,2,0,2,0,0,1,0,0,1,1,0,1,1,1,1,1,0,0,1,2,1,2,0,2,1,1,1,0,0,2,1,1,1,1,2,1,1,1,2,0,0,0,1,1,0,0,1,1,0,0,0,2,1,0,0,0,0,1,1,0,1
"IND096",0,0,2,0,0,1,2,0,0,1,1,0,0,0,0,1,0,0,1,1,0,0,1,0,0,1,0,1,1,0,1,1,0,1,0,0,1,2,1,0,1,0,0,1,0,1,1,1,1,0,1,1,0,2,0,2,1,0,0,1,1,1,0,1,1,1,1,0,0,0,1,1,0,0,0,1,0,0,2,0,2,0,1,1,0,0,0,0,0,1,1,0,0,1,0,1,0,1,2,0,0,0,1,1,2,0,1,0,1,0,0,2,1,0,1,0,0,0,1,0,0,1,0,0,1,0,1,0,0,1,1,2,2,1,0,0,0,0,1,1,0,0,0,1,1,1,0,1,2,0,1,0,0,0,1,0,0,0,0,1,1,2,0,0,0,1,0,1,0,0,2,1,2,2,0,0,1,0,2,0,2,0,0,0,1,1,1,0,0,0,0,2,0,0,0,0,1,0,0,0,0,0,0,1,1,0,1,1,0,1,1,1,0,0,2,1,0,0,0,1,1,0,1,1,1,0,0,1,0,0,1,0,0,1,1,2,0,2,0,0,0,0,0,0,0,0,1,1,0,1,0,1,0,0,0,2,0,0,0,1,0,0,0,1,1,0,1,0,1,1,1,0,0,1,1,0,1,0,0,2,0,0,0,0,0,1,0,0,0,0,1,0,0,1,1,0,1,1,0,1,0,0,0,0,0,1,2,0,0,1,0,2,1,1,0,2,0,0,0,0,0,1,0,0,0,1,1,1,0,1,2,0,0,0,0,0,0,0,0,0,0,0,1,1,0,0,0,0,1,2,1,1,0,1,1,0,0,0,1,1,1,1,1,2,0,1,1,2,1,1,1,0,0,0,1,1,0,0,0,0,1,0,0,0,2,0,0,0,0,0,0,0,1,0,1,1,1,1,1,0,0,0,2,0,0,0,1,0,1,1,0,1,1,1,1,0,1,1,0,0,1,2,0,2,2,1,0,0,0,0,1,0,1,0,1,0,0,0,0,1,1,1,0,0,0,1,0,1,1,0,1,1,0,2,1,0,0,0,2,1,2,0,1,1,0,1,0,0,1,0,1,1,2,2,1,1,1,1,0,0,0,1,0,0,1,1,1,1,0,0,2,1,1,0,0,0,1,1,1,0
"IND097",1,1,0,0,0,1,1,0,0,0,2,1,0,0,0,0,0,0,1,1,1,0,0,0,0,1,0,2,1,0,1,2,0,1,0,1,1,1,2,0,0,0,0,2,0,1,1,1,1,2,1,0,0,2,0,2,0,0,0,2,1,0,0,1,1,0,1,1,0,0,1,1,0,0,0,1,1,0,1,0,1,0,1,0,0,0,1,0,0,1,0,0,0,1,0,1,0,1,2,0,1,1,1,1,2,0,1,0,1,0,0,1,2,1,0,0,0,0,0,1,0,1,0,0,1,1,1,0,0,0,2,2,1,0,0,0,1,0,1,1,0,0,1,1,0,1,0,1,2,0,0,0,0,0,0,0,1,0,0,0,2,2,1,0,1,0,0,0,0,0,2,0,1,2,0,0,1,0,0,1,1,0,1,0,1,2,1,0,0,0,0,1,0,0,0,0,1,0,0,0,0,0,1,1,1,0,1,1,0,1,0,2,0,0,1,1,0,0,1,0,0,1,1,1,1,2,0,1,1,0,0,0,0,0,1,2,0,2,0,1,0,1,0,0,1,0,2,1,0,1,1,1,0,1,0,1,0,0,0,1,0,0,0,2,1,0,1,1,1,1,0,0,1,1,2,0,0,0,0,2,0,1,0,0,0,1,0,0,0,1,1,1,0,0,0,0,2,1,0,0,1,1,0,1,0,1,2,0,0,1,0,1,1,1,0,2,0,0,1,0,0,0,0,0,0,1,1,1,1,0,2,0,0,0,0,0,1,0,2,0,0,0,1,1,1,0,0,0,0,2,1,1,0,0,1,0,0,0,1,1,1,1,2,2,0,1,1,1,1,2,1,0,0,0,1,1,0,0,0,1,1,0,1,0,1,0,0,1,0,1,0,0,1,0,1,1,1,1,0,0,0,0,2,0,0,0,2,0,1,2,0,2,1,1,0,0,1,0,0,0,1,2,1,2,2,1,0,0,0,0,0,0,0,0,0,0,0,0,0,1,1,2,0,0,1,0,0,1,1,0,1,0,0,2,1,0,0,1,1,0,2,0,2,0,1,1,0,1,1,0,1,1,1,1,0,0,1,1,0,0,0,1,1,0,1,1,1,0,0,0,2,1,1,0,0,0,2,0,1,1
"IND098",1,1,1,0,0,1,1,0,0,0,1,1,0,0,0,1,0,1,1,1,0,0,1,0,0,1,0,1,1,0,1,1,0,1,0,0,1,1,1,0,1,0,0,2,0,1,1,1,1,1,0,0,0,2,0,2,0,0,0,1,1,0,0,0,1,1,1,0,1,0,1,0,0,1,0,1,0,1,2,0,0,0,0,2,0,0,1,0,2,0,0,1,0,1,1,1,0,1,2,1,0,0,0,1,2,0,1,0,0,0,0,1,2,1,0,0,0,1,1,0,0,1,0,0,1,0,0,0,0,0,2,2,1,1,0,0,1,0,1,1,0,1,1,0,1,1,0,1,1,0,1,0,0,1,0,1,0,0,0,1,1,0,1,0,0,1,0,0,0,0,1,0,2,1,0,0,1,0,1,0,1,0,1,0,2,0,2,0,0,0,0,1,1,0,0,0,1,0,1,0,0,0,0,1,1,0,0,1,0,1,1,0,0,0,0,1,1,0,1,1,1,1,0,1,1,1,0,1,0,0,0,0,0,0,2,2,0,2,0,0,0,0,0,0,1,0,0,1,0,1,1,1,1,1,0,1,0,0,0,1,0,0,0,1,1,0,0,1,1,1,0,0,0,1,2,0,0,0,0,2,0,1,0,1,0,0,0,0,0,0,0,1,0,1,0,0,1,1,1,1,0,0,0,0,0,1,1,0,0,1,0,2,0,1,0,0,0,0,1,1,0,0,0,0,0,1,0,1,0,0,2,0,0,0,0,0,1,1,1,0,0,0,1,1,0,0,0,0,0,2,0,1,0,1,1,0,0,0,1,1,1,1,1,2,0,1,1,2,0,2,0,0,0,0,1,1,0,0,0,1,1,0,1,0,2,1,0,0,0,1,1,0,1,1,1,1,1,0,0,0,0,1,2,0,0,0,2,0,1,1,0,2,1,2,1,0,1,1,1,0,0,2,1,2,2,1,0,0,0,0,1,0,1,0,0,0,0,0,0,1,1,1,0,0,1,1,0,0,1,0,1,0,0,1,1,0,0,0,0,1,2,0,1,1,0,1,0,0,2,1,1,0,2,2,1,0,2,0,0,0,2,1,1,0,1,0,1,1,0,0,2,0,1,0,1,0,1,1,1,0
"IND099",1,0,1,0,0,1,1,0,1,0,0,0,0,0,0,1,0,1,1,0,0,0,0,0,0,0,0,1,1,0,1,2,0,1,0,0,0,0,1,0,1,0,0,1,0,1,1,1,1,1,0,1,2,1,0,2,1,0,0,1,0,0,0,1,1,1,1,1,0,0,1,1,1,1,0,1,1,1,1,0,1,0,1,0,0,0,1,0,1,0,1,1,0,1,0,1,0,0,1,1,1,1,1,1,2,1,1,0,1,0,0,1,1,0,0,0,0,0,1,0,0,1,0,0,0,0,0,0,0,0,2,2,2,0,0,0,0,0,1,1,0,1,0,1,1,2,0,1,1,0,1,0,0,1,1,1,0,0,0,0,2,1,1,0,0,1,0,1,0,0,2,1,2,0,0,0,1,0,2,1,2,0,1,0,1,1,2,0,0,0,0,1,1,0,0,0,1,0,2,0,0,0,0,1,0,0,1,1,0,1,0,1,0,0,0,2,0,0,1,0,0,0,1,1,1,1,0,1,1,0,0,0,0,0,1,1,0,2,0,0,0,0,0,0,1,0,1,1,0,1,0,1,0,2,1,1,0,0,0,1,0,1,0,2,1,0,1,0,1,1,0,0,0,1,1,0,0,0,0,1,0,1,0,1,0,0,0,0,0,0,2,1,0,1,1,0,1,1,1,1,0,0,0,1,0,1,1,0,0,1,0,1,1,1,0,0,0,0,0,0,0,0,0,0,0,1,1,1,2,0,2,0,0,0,0,0,1,0,0,0,0,0,1,1,0,0,1,0,0,2,1,1,0,1,1,0,1,0,1,1,1,1,1,2,0,1,1,2,1,1,0,0,0,0,1,1,0,0,0,0,1,0,0,0,1,1,0,0,0,0,1,0,1,0,1,1,1,1,1,0,0,1,1,0,0,0,2,0,1,1,0,1,1,1,0,0,1,1,1,0,0,2,1,1,2,1,0,0,0,0,0,0,0,0,0,0,0,0,0,1,0,2,1,0,0,1,1,1,1,0,1,1,0,1,1,0,0,1,1,1,2,0,0,0,1,0,0,0,1,1,1,1,1,2,0,1,1,0,0,0,1,1,1,1,0,2,1,0,0,0,2,0,1,0,1,0,2,1,0,1
"IND100",0,0,2,0,0,1,2,0,0,1,0,0,0,0,0,0,0,1,1,2,1,1,1,0,0,0,0,1,1,0,1,0,0,0,0,0,0,2,1,0,1,0,0,1,0,1,1,1,1,1,1,1,2,2,0,0,1,0,0,1,1,1,1,1,0,0,1,0,0,0,1,1,1,1,0,1,0,0,1,0,1,0,1,1,0,0,0,0,0,0,0,1,0,1,0,1,0,1,2,0,0,0,0,1,2,0,1,0,1,0,0,1,1,1,1,0,0,0,0,2,0,1,0,0,1,1,2,0,0,1,2,2,2,0,0,0,1,0,1,0,0,0,1,1,0,1,0,1,1,0,1,0,0,0,0,0,1,0,0,1,1,0,1,0,1,0,0,1,0,0,1,1,1,1,0,0,1,0,0,1,2,1,0,0,0,1,1,0,0,0,0,2,1,0,0,0,1,0,1,0,0,0,1,1,0,0,1,0,0,1,1,0,0,0,1,2,0,1,0,1,0,0,0,2,1,0,0,1,0,0,0,0,0,1,1,2,0,2,1,0,0,0,0,0,1,0,0,1,0,1,0,1,1,1,0,1,0,0,0,0,0,1,0,2,1,0,0,0,2,1,0,0,1,1,0,0,0,1,0,2,0,1,0,1,0,2,0,0,0,1,1,0,0,0,1,0,1,1,0,1,0,0,0,2,0,1,1,0,0,1,0,1,1,1,0,2,0,0,0,1,0,0,0,0,0,1,2,1,0,1,2,0,0,0,0,0,1,0,1,0,0,0,1,1,1,0,0,0,0,2,0,1,0,1,1,0,0,0,1,1,1,1,1,2,0,1,0,2,1,1,1,0,0,0,1,1,0,0,0,0,1,1,1,0,1,1,0,1,0,0,1,1,1,1,1,1,1,1,1,0,0,0,1,0,0,0,1,0,1,2,0,1,2,2,0,0,0,1,1,0,0,2,0,2,2,1,0,0,0,0,0,0,0,0,0,0,0,0,0,1,1,1,1,0,1,0,0,0,1,0,1,0,1,2,1,0,0,1,0,1,1,0,0,1,1,0,0,0,1,0,0,0,2,1,0,0,1,1,0,0,1,1,0,1,0,1,1,0,0,0,2,0,0,0,0,0,1,0,1,1
"IND101",1,1,0,2,2,2,0,0,0,1,1,0,1,0,0,1,0,0,1,0,2,0,1,2,0,0,1,1,1,0,1,1,0,0,0,1,0,0,1,0,1,0,0,1,1,0,1,1,0,0,0,0,0,1,0,1,1,0,0,1,1,1,2,0,1,0,1,1,0,0,0,0,0,2,0,1,0,0,0,0,0,1,0,1,0,1,1,0,0,1,0,0,0,0,2,0,0,0,1,1,0,0,1,1,1,0,0,1,1,0,1,1,0,1,0,1,0,1,0,1,0,1,0,2,1,0,2,0,0,1,1,1,0,1,0,1,0,0,1,0,0,1,1,1,2,2,0,1,0,0,0,1,0,0,1,1,0,0,2,0,1,0,2,1,1,0,0,0,0,0,0,1,0,0,0,0,1,1,1,2,1,0,0,0,1,1,1,1,0,0,0,1,0,0,0,0,2,0,1,1,0,0,0,1,0,1,1,0,0,0,0,1,1,0,1,1,0,0,2,1,1,0,1,0,0,1,0,0,0,0,0,0,1,1,1,0,0,1,1,1,1,1,0,0,0,0,1,0,2,0,0,0,1,2,0,1,0,0,1,1,2,1,0,2,1,0,0,0,1,1,0,1,0,0,1,0,0,1,1,0,1,0,1,1,1,1,1,0,0,1,1,1,1,1,0,0,0,1,0,1,0,0,0,1,1,2,0,1,1,0,2,1,0,1,0,2,0,1,2,1,1,0,0,0,2,1,0,1,2,1,1,0,0,1,0,2,0,2,2,1,1,0,0,1,0,0,2,0,1,0,0,0,0,0,1,2,0,0,0,1,0,1,0,0,0,1,1,1,1,1,1,1,0,0,0,1,0,0,0,0,2,0,0,0,1,1,0,1,0,0,1,1,2,0,1,0,1,1,0,0,0,1,0,0,0,0,1,1,0,0,2,1,1,0,0,0,0,1,0,0,1,0,2,0,1,0,1,2,0,1,1,1,2,0,0,0,0,1,1,1,1,1,0,2,0,2,0,1,1,0,1,0,0,0,1,1,2,0,0,0,0,0,2,0,0,2,1,1,2,2,0,0,1,1,2,0,2,1,0,1,0,1,1,1,2,1,1,0,0,0,1,1,0,1,0,0,0,0,0,1
"IND102",1,0,0,1,2,2,0,0,1,1,1,2,0,1,0,2,0,0,0,0,2,1,0,2,0,1,0,1,1,0,1,1,0,1,0,1,0,0,1,2,1,0,0,2,1,0,1,2,0,0,0,0,0,1,0,2,1,0,2,0,1,1,1,1,1,0,1,1,0,0,0,0,0,2,0,1,0,0,0,0,0,1,0,1,1,0,1,0,0,0,1,0,0,0,1,0,0,0,1,0,0,0,1,0,1,0,1,1,0,0,0,1,0,1,0,1,0,1,1,1,0,1,1,2,1,1,1,1,0,0,1,1,0,1,0,1,1,1,1,0,1,0,1,1,2,2,0,1,0,0,1,1,0,0,0,1,0,0,0,0,1,0,1,0,1,0,0,0,0,0,0,1,0,0,0,0,1,0,1,2,1,0,0,1,1,2,1,1,2,1,0,1,0,0,0,0,2,0,1,1,0,0,1,1,0,2,2,0,0,0,0,0,1,0,0,0,0,0,2,1,0,1,1,0,0,1,0,1,1,1,1,0,1,1,1,0,0,2,1,1,0,1,0,0,0,1,1,0,1,0,0,0,0,2,0,2,0,0,0,1,2,0,0,1,1,0,0,0,1,1,0,1,0,1,1,0,0,2,2,0,0,0,1,0,1,1,1,0,0,1,0,1,1,1,0,0,0,0,0,1,0,0,0,1,1,2,2,1,0,0,1,1,0,1,1,1,0,1,1,2,0,0,0,0,2,0,0,1,2,1,1,1,0,1,1,2,2,1,2,1,1,0,0,1,0,0,2,0,1,0,0,0,0,0,1,2,0,1,0,1,1,1,0,0,0,0,1,1,1,0,1,1,0,0,0,0,0,0,0,0,2,0,0,0,1,2,0,1,0,0,1,1,1,0,0,0,1,1,0,0,0,1,1,0,1,0,2,1,0,0,1,2,1,1,0,0,0,1,0,0,0,1,2,0,1,0,2,1,0,0,1,0,2,0,0,0,0,1,0,2,2,1,1,1,0,1,0,2,1,0,2,1,1,0,1,0,2,0,1,1,0,0,2,0,0,1,0,0,2,2,0,0,1,1,1,1,1,0,0,2,0,1,1,0,1,1,1,1,0,0,2,1,0,0,0,0,0,0,0,0
"IND103",0,1,0,2,1,1,0,0,0,1,1,1,0,1,0,2,1,0,0,0,1,1,1,2,0,1,0,1,1,1,0,0,0,0,0,1,0,0,1,0,1,1,0,0,1,0,1,2,0,0,0,0,0,2,0,2,0,0,2,1,1,1,1,1,1,0,1,1,1,1,1,0,0,2,0,0,0,0,0,0,0,1,0,2,1,0,0,0,0,0,0,0,1,0,1,0,0,0,1,0,0,0,0,1,1,1,1,0,0,0,0,1,0,0,1,1,0,1,1,1,0,2,0,2,1,0,2,0,0,0,1,1,0,1,0,1,1,1,0,0,1,0,2,2,2,2,0,1,0,0,1,0,1,0,1,1,0,0,1,1,2,1,2,1,1,0,0,0,0,0,0,0,0,0,0,0,2,0,1,2,1,0,0,0,1,1,0,1,2,1,0,2,0,0,0,0,1,0,1,0,0,0,0,1,0,1,1,0,0,0,0,0,1,0,1,0,0,1,2,1,0,1,1,1,0,1,1,0,0,0,0,0,1,0,0,1,0,2,2,1,0,1,0,1,0,0,0,0,2,0,0,0,0,2,0,1,0,0,0,1,1,1,1,0,1,0,0,0,1,1,0,1,0,0,1,0,1,2,1,0,1,0,0,1,1,1,1,0,0,0,2,1,1,1,0,0,0,1,0,0,0,0,0,1,0,2,0,1,1,0,2,1,0,1,0,2,0,1,2,2,0,0,0,0,1,0,0,1,1,1,0,0,0,1,1,1,2,1,2,1,1,0,0,1,0,0,2,0,1,0,0,0,0,0,1,2,0,1,0,1,1,1,0,0,0,1,1,1,1,0,0,1,0,0,0,1,0,0,0,0,1,0,0,0,1,0,0,2,0,0,1,2,2,0,0,0,1,2,0,0,0,2,0,0,1,1,1,1,0,0,2,1,0,1,0,0,1,1,0,0,0,1,2,1,1,0,1,1,0,1,1,0,2,0,1,0,1,1,0,2,1,1,1,2,0,2,0,1,1,0,2,0,0,0,0,1,1,0,1,0,0,1,2,0,1,1,1,1,2,2,1,0,1,1,2,1,2,0,0,1,0,1,1,1,1,1,1,0,0,0,1,0,0,1,0,1,0,0,0,0
"IND104",1,1,0,2,1,2,1,0,1,1,1,0,0,1,0,2,1,0,0,0,1,1,0,2,0,2,0,1,1,1,1,1,0,1,0,1,0,0,2,1,0,0,0,0,1,1,1,1,0,0,0,0,0,1,0,1,0,0,0,2,1,0,2,1,0,0,2,0,0,0,0,0,0,2,0,0,0,0,0,0,0,1,0,2,0,0,1,0,0,0,1,0,0,0,1,0,0,0,0,0,0,0,0,1,1,1,1,1,0,0,1,1,0,1,0,1,0,1,0,1,0,0,1,2,1,1,1,0,0,1,2,1,0,1,0,2,1,0,1,1,0,0,1,1,1,2,1,1,0,0,0,0,1,0,0,1,0,0,1,1,2,1,1,0,1,0,0,0,0,0,0,0,0,0,0,0,1,0,1,1,1,0,0,1,2,0,2,1,2,1,0,2,0,0,0,0,2,0,1,1,0,0,0,1,1,2,2,0,0,0,0,0,1,0,0,1,0,1,2,1,0,1,2,1,0,0,1,1,1,0,0,0,0,0,1,1,0,1,2,0,1,1,0,1,0,1,1,0,1,1,0,0,1,2,0,1,0,1,1,1,1,1,1,1,0,0,0,0,1,1,0,2,0,1,1,0,0,2,1,0,1,0,1,1,1,1,1,0,0,0,0,1,1,1,0,0,0,1,0,0,0,0,1,1,2,2,1,1,1,0,2,1,0,1,1,1,0,1,2,1,0,0,0,0,2,0,0,2,2,1,0,0,0,0,1,2,2,2,2,1,2,0,0,1,0,0,2,1,0,0,0,0,0,0,1,2,0,1,0,1,0,1,0,0,0,1,1,1,0,1,0,1,0,0,0,0,0,0,0,1,0,0,0,0,1,0,0,1,0,0,0,1,2,0,1,0,1,1,0,0,0,2,1,0,0,1,2,1,0,1,0,2,0,0,0,0,0,1,0,0,1,0,2,0,1,0,2,2,0,2,1,1,1,0,0,0,1,2,0,1,1,1,0,1,0,1,0,2,1,0,2,1,0,0,1,0,2,0,1,1,0,0,2,0,1,2,0,0,2,2,0,0,2,1,2,1,2,0,0,1,0,0,1,0,0,1,0,0,0,0,2,1,0,1,1,0,0,0,0,1
"IND105",0,1,0,2,1,1,1,0,1,2,2,1,1,0,0,2,1,0,0,0,2,1,1,2,0,1,0,1,1,0,0,0,0,0,0,2,0,0,1,1,1,1,0,1,1,1,1,2,0,0,0,0,0,2,0,1,1,0,1,1,1,1,2,0,1,1,1,1,1,0,0,0,0,2,0,0,0,0,0,0,0,1,1,1,0,1,1,0,0,1,1,0,1,0,2,0,0,0,1,0,0,0,0,1,1,0,0,0,1,0,0,1,0,0,1,1,0,0,1,0,0,2,0,2,0,1,2,1,0,1,1,1,0,1,0,1,1,1,1,1,1,1,2,2,2,2,0,1,0,0,1,0,1,0,0,1,0,0,2,1,2,2,2,1,1,0,0,0,0,0,0,1,0,0,0,0,2,0,1,1,1,0,0,1,2,1,1,1,2,0,0,1,0,0,0,0,1,0,1,1,0,0,1,0,1,1,2,0,0,0,0,1,1,0,1,1,0,0,1,2,1,0,0,1,0,1,0,1,1,0,1,0,0,0,0,1,0,1,1,1,1,1,0,0,0,1,1,0,0,0,0,0,0,2,0,2,0,0,1,1,2,1,0,0,1,0,0,0,1,1,0,2,0,1,1,0,1,1,2,0,1,0,1,0,1,1,1,0,0,0,1,1,0,1,0,0,0,1,0,1,0,0,1,1,0,1,1,1,1,0,1,1,0,1,1,2,0,0,2,2,1,0,0,0,0,0,0,1,1,1,0,1,0,0,1,1,1,2,2,1,1,0,0,1,0,0,2,1,1,0,0,0,0,0,1,2,0,0,0,1,0,1,0,0,0,1,1,1,0,1,1,1,0,0,0,1,0,0,0,1,2,0,0,0,1,0,0,2,0,0,0,1,1,0,0,0,1,1,0,0,0,1,1,0,1,0,2,1,0,1,2,1,0,0,1,0,0,1,0,0,0,0,2,1,1,0,2,0,0,2,1,0,1,0,0,0,0,2,1,0,2,1,1,2,0,2,0,2,1,0,2,0,0,0,0,0,2,0,2,0,0,1,2,0,1,0,1,1,2,2,1,0,2,1,2,1,2,0,0,2,0,0,1,0,1,1,0,0,0,0,1,0,0,1,1,0,0,0,0,1
"IND106",0,2,0,1,1,2,0,0,0,1,1,2,1,0,0,2,1,0,1,0,1,1,0,2,0,1,1,1,1,1,0,1,0,1,0,0,0,0,1,1,2,1,0,2,1,0,1,1,0,0,0,0,0,2,0,2,1,0,0,2,1,0,1,1,2,1,1,0,0,1,1,0,0,1,0,1,0,0,0,0,0,0,0,1,2,0,1,0,0,1,0,0,1,1,2,0,0,0,0,1,0,0,1,0,1,1,0,0,1,0,0,0,0,0,1,1,0,2,0,1,0,2,0,2,0,1,1,1,0,1,2,2,0,1,0,1,1,1,1,1,0,1,1,2,1,2,0,1,0,0,2,0,0,0,0,0,1,0,1,1,0,0,2,1,1,0,0,0,0,0,0,0,0,0,0,0,2,0,1,1,1,0,0,0,1,0,0,1,1,0,0,2,0,0,0,0,2,0,1,1,0,0,0,1,1,2,1,0,0,0,0,1,1,0,0,1,0,0,1,1,2,1,1,1,0,1,1,1,0,1,0,0,0,1,1,0,0,1,1,1,0,1,0,0,0,1,0,0,1,0,0,0,1,2,0,1,0,1,1,1,1,1,1,1,1,0,1,0,1,1,0,1,0,0,1,0,0,2,1,0,1,0,0,1,1,1,1,0,0,0,2,1,0,1,0,0,0,1,0,0,0,0,1,2,1,2,1,1,1,0,2,1,0,1,1,1,0,1,1,2,0,0,0,0,0,1,0,1,2,1,0,0,0,1,1,1,2,1,2,1,1,0,0,0,0,0,2,0,0,0,0,0,0,0,1,2,0,1,0,1,0,1,0,0,0,0,0,1,0,0,0,1,0,0,0,1,0,0,0,0,0,0,0,0,1,1,0,1,0,0,0,2,2,0,1,0,1,2,0,0,0,2,1,0,1,0,2,1,0,1,2,2,1,1,0,0,0,1,0,0,0,0,2,1,1,0,2,0,0,1,1,0,1,0,1,0,1,1,1,1,2,1,0,2,1,2,0,1,1,0,1,1,1,0,1,1,2,0,0,0,0,1,2,0,0,1,1,0,2,2,0,0,2,1,2,0,2,1,0,1,0,1,1,0,1,1,1,0,0,0,1,1,0,0,0,0,0,0,0,0
"IND107",2,1,0,1,2,1,0,0,0,1,2,1,0,0,0,1,1,0,2,0,1,1,0,2,0,0,0,1,1,0,0,0,0,0,0,1,0,0,1,1,1,1,0,0,1,2,1,1,0,0,0,0,0,1,0,2,0,0,0,1,1,0,2,1,0,0,2,1,1,0,0,0,0,1,0,1,0,0,0,0,0,0,0,1,1,1,0,0,0,1,0,0,0,1,1,0,0,0,0,1,0,0,1,2,1,1,1,0,1,0,0,1,0,0,1,1,0,1,0,0,0,1,0,1,0,0,1,1,0,1,2,1,0,1,0,1,0,0,0,0,0,0,1,1,2,2,1,1,0,0,2,0,1,0,0,0,0,0,0,0,2,1,1,1,1,0,0,0,0,0,0,1,0,0,0,0,1,1,1,2,1,0,0,1,1,1,0,1,2,0,0,0,0,0,0,0,1,0,1,1,0,0,0,1,1,1,2,0,0,0,0,0,1,0,1,1,0,0,1,2,1,0,0,1,0,0,1,0,0,0,0,0,0,1,0,1,0,2,1,1,0,0,0,1,0,1,0,0,1,0,0,0,1,2,0,1,0,0,0,1,1,0,0,1,1,0,1,0,1,1,0,2,0,0,0,0,0,1,1,0,1,0,0,1,1,1,1,0,0,1,2,1,1,1,0,0,0,0,0,1,0,0,1,1,2,2,0,1,1,0,2,1,0,1,0,1,0,0,1,1,2,0,0,0,0,0,0,1,1,1,0,1,0,1,1,1,0,1,2,1,2,0,0,2,0,0,2,0,1,0,0,0,0,0,1,2,0,0,0,1,0,1,0,0,0,1,1,1,0,1,1,1,0,0,0,1,0,0,0,0,1,0,0,0,1,1,0,2,0,0,0,1,1,0,0,0,1,1,0,0,0,1,0,0,1,1,1,1,0,0,0,1,0,0,0,0,1,1,0,0,0,1,2,0,1,0,2,1,0,0,1,0,1,0,1,0,1,1,0,2,2,1,0,2,1,1,0,2,1,0,2,1,1,0,1,1,2,0,0,1,0,1,2,0,0,2,1,1,2,2,1,0,2,1,1,0,1,0,0,1,0,0,0,1,2,1,1,0,0,0,1,0,0,0,0,1,0,0,0,0
"IND108",2,2,1,1,1,2,1,0,0,1,2,2,1,0,0,2,0,1,1,0,2,0,1,2,0,1,0,1,1,1,1,0,0,1,0,2,0,0,2,0,0,0,0,0,1,1,1,2,0,0,0,0,0,1,0,2,1,0,1,2,1,0,1,0,0,0,2,0,1,1,1,0,0,2,0,0,0,0,0,0,0,0,0,2,1,0,1,0,0,0,1,0,0,0,1,0,0,0,1,1,0,0,1,0,1,0,0,1,0,0,1,0,0,0,1,1,0,1,0,0,0,2,1,1,0,0,2,0,0,0,2,2,0,1,0,1,1,0,1,1,1,0,1,1,1,2,1,1,0,0,1,1,0,0,0,2,0,0,0,1,0,0,2,1,1,0,0,0,0,0,0,1,0,0,0,0,0,0,1,2,1,0,0,0,2,2,2,1,2,1,0,0,0,0,0,0,2,0,1,0,0,0,1,0,1,1,1,0,0,0,0,0,1,0,0,1,0,1,2,1,1,1,1,1,0,1,1,0,0,1,0,0,1,0,1,2,0,1,2,0,1,0,0,0,0,0,0,0,2,0,0,0,0,2,0,1,0,1,1,1,1,1,1,1,0,0,0,0,1,1,0,1,0,0,0,0,0,2,0,0,0,0,1,1,1,1,1,0,0,0,1,1,0,1,0,0,0,0,0,0,0,0,0,1,0,2,0,1,0,0,1,1,0,1,0,1,0,0,1,2,1,0,0,0,1,1,0,0,1,1,1,0,0,0,0,1,1,0,2,1,0,0,0,0,0,0,2,1,1,0,0,0,0,0,1,2,0,1,0,1,0,1,0,0,1,1,1,1,1,1,0,1,0,0,0,0,0,0,0,1,0,0,0,0,1,2,0,2,0,0,0,1,1,0,1,0,1,1,0,0,0,1,1,0,1,0,1,1,0,0,1,2,0,1,1,0,1,1,0,0,1,0,2,1,1,0,2,1,0,0,1,0,2,0,0,0,0,1,1,2,2,1,0,1,0,1,0,1,1,0,1,1,1,1,2,1,1,0,0,1,0,0,2,0,0,1,0,1,2,2,1,0,1,1,1,1,1,0,0,1,0,0,0,1,2,1,1,0,0,0,2,1,0,1,1,0,0,0,0,1
"IND109",2,2,0,1,1,1,0,0,0,2,1,0,0,0,0,1,0,1,1,0,1,1,1,2,0,2,0,1,1,0,1,1,0,1,0,1,0,0,2,0,2,0,0,2,1,2,1,1,0,0,0,0,0,2,0,1,1,0,2,1,1,0,1,2,1,1,1,1,0,0,1,0,0,1,0,0,0,0,0,0,0,0,0,2,2,0,0,0,0,0,0,0,1,1,2,0,0,0,1,0,0,0,1,2,1,1,1,0,0,0,1,0,0,1,1,1,0,1,1,0,0,2,1,2,0,1,1,1,0,1,2,2,0,1,0,2,0,1,1,0,1,0,1,2,1,2,0,1,0,0,2,0,0,0,1,1,1,0,1,1,1,0,2,1,1,0,0,0,0,0,0,0,0,0,0,0,1,1,1,1,1,0,0,0,2,2,0,1,2,1,0,1,0,0,0,0,1,0,1,1,1,0,1,0,1,1,2,0,0,0,0,1,1,0,1,1,0,1,2,1,1,0,0,0,0,0,0,0,0,0,0,0,1,1,1,0,0,1,2,0,0,1,0,0,0,1,1,0,0,1,0,0,1,2,0,2,0,1,1,1,1,1,0,0,0,0,0,0,1,1,0,1,0,0,0,0,1,1,2,0,1,0,0,1,1,1,1,0,0,0,1,1,1,1,0,0,0,1,0,1,0,0,0,0,1,1,1,1,0,0,1,1,0,1,1,1,0,1,2,1,2,0,0,0,2,0,0,1,2,1,1,1,0,1,0,2,2,1,2,1,2,0,0,1,0,0,2,0,2,0,0,0,0,0,1,2,0,0,0,1,0,1,0,0,1,0,0,1,0,0,0,1,0,0,0,1,0,0,0,1,0,0,0,0,1,2,0,1,0,0,0,1,2,0,1,0,1,2,0,0,0,2,1,0,1,0,1,1,0,1,2,1,1,0,0,0,1,1,0,0,1,0,2,0,1,0,2,1,0,2,1,1,2,0,0,0,1,1,1,1,1,1,1,1,1,1,0,1,1,0,1,1,0,0,2,1,1,0,1,1,0,0,2,0,1,0,0,0,2,2,1,0,1,1,1,0,2,1,0,0,0,1,0,1,1,1,0,0,0,0,1,0,0,0,0,1,0,0,0,0
"IND110",0,0,0,2,2,1,0,0,0,2,2,0,0,0,0,2,0,1,2,0,2,1,0,2,0,1,0,1,1,1,0,0,0,1,0,2,0,0,1,2,1,1,0,2,1,1,1,1,0,0,0,0,0,1,0,1,1,0,2,1,1,1,2,1,0,0,0,0,0,0,1,0,0,2,0,1,0,0,0,0,0,1,1,1,1,0,1,0,0,1,0,0,1,1,2,0,0,0,1,1,0,0,0,0,1,1,0,1,1,0,0,1,0,0,0,1,0,1,1,1,0,1,1,1,0,0,2,0,0,1,1,1,0,1,0,1,1,1,1,1,1,1,1,2,2,2,0,1,0,0,0,1,0,0,0,2,1,0,2,0,1,1,1,1,1,0,0,0,0,0,0,0,0,0,0,0,1,1,1,2,1,0,0,1,1,1,2,1,1,0,0,1,0,0,0,0,2,0,1,0,0,0,1,0,0,1,1,0,0,0,0,1,1,0,1,1,0,0,1,1,0,1,2,1,0,1,0,1,1,0,1,0,1,1,0,2,0,2,2,0,1,1,0,1,0,0,1,0,1,1,0,0,0,2,0,2,0,1,0,1,2,1,1,1,0,0,1,0,1,1,0,2,0,0,0,0,1,2,2,0,1,0,1,1,1,1,1,0,0,1,1,1,1,1,0,0,0,0,0,1,0,0,0,1,1,1,0,1,0,0,2,1,0,1,1,2,0,0,1,2,0,0,0,0,2,0,0,2,1,1,0,1,0,0,1,1,1,2,2,1,1,0,0,0,0,0,2,1,1,0,0,0,0,0,1,2,0,1,0,1,1,1,0,0,0,0,1,1,0,1,1,1,0,0,0,0,0,0,0,0,1,0,0,0,1,1,0,1,0,0,1,1,2,0,0,0,1,1,0,0,0,2,1,0,1,0,2,1,0,1,0,1,1,1,0,0,1,1,0,0,0,0,2,0,1,0,1,1,0,1,1,0,1,0,1,0,1,2,1,0,2,1,1,2,1,2,0,0,1,0,2,0,1,0,0,1,2,0,1,0,0,0,2,0,1,0,1,0,1,2,0,0,2,1,2,1,1,1,0,1,0,0,1,0,1,1,1,0,0,0,2,0,0,0,0,0,0,0,0,0
"IND111",1,1,1,2,2,1,0,0,0,1,2,0,1,0,0,1,1,1,1,0,2,1,0,2,0,2,1,1,1,0,0,0,0,1,0,2,0,0,1,2,1,1,0,1,1,1,1,1,0,0,0,0,0,1,0,2,0,0,0,1,1,0,2,2,1,0,1,1,1,1,0,0,0,1,0,0,0,0,0,0,0,0,1,1,1,0,0,0,0,0,1,0,1,1,2,0,0,0,1,1,0,0,1,1,1,1,2,1,0,0,1,2,0,1,1,1,0,1,0,0,0,1,1,2,0,0,1,1,0,0,2,2,0,1,0,2,0,0,0,0,1,0,2,2,2,2,1,1,0,0,2,0,1,0,0,2,1,0,2,1,2,1,1,0,1,0,0,0,0,0,0,0,0,0,0,0,1,0,1,1,1,0,0,1,2,0,2,1,1,1,0,2,0,0,0,0,1,0,1,1,0,0,1,1,1,2,2,0,0,0,0,1,1,0,1,1,0,1,1,2,2,0,1,0,0,1,1,0,0,0,0,0,1,1,0,1,0,2,2,1,0,1,0,1,0,0,1,0,2,0,0,0,0,2,0,1,0,1,0,1,2,1,0,2,0,0,0,0,1,1,0,1,0,1,0,0,1,2,1,0,0,0,1,1,1,1,1,0,0,1,0,1,0,1,0,0,0,0,0,0,0,0,1,1,1,2,1,1,0,0,2,1,0,1,1,1,0,0,1,1,1,0,0,0,1,0,0,0,2,1,1,1,0,0,1,2,1,1,2,1,2,0,0,1,0,0,2,0,0,0,0,0,0,0,1,2,0,1,0,1,0,1,0,0,1,1,1,1,0,0,0,1,0,0,0,0,0,0,0,1,1,0,0,0,1,1,0,1,0,0,1,2,1,0,0,0,1,1,0,0,0,2,1,0,0,0,2,1,0,1,1,1,1,1,0,0,0,1,0,0,1,1,2,0,1,0,2,1,0,1,1,2,2,0,1,0,1,0,1,0,1,1,1,2,1,2,0,0,1,0,2,0,1,0,0,0,2,0,1,0,0,1,2,0,1,1,0,0,2,2,1,0,2,1,2,1,1,1,0,0,0,1,1,0,1,1,0,1,0,0,2,1,0,0,1,1,0,0,0,1
"IND112",1,1,0,2,1,2,0,0,0,2,1,0,0,1,0,2,0,0,1,0,2,0,1,2,0,0,1,1,1,1,0,1,0,1,0,0,0,0,2,0,1,1,0,1,1,1,1,1,0,0,0,0,0,1,0,2,1,0,1,1,1,0,2,2,1,0,2,1,0,1,0,0,0,2,0,0,0,0,0,0,0,0,1,2,2,0,1,0,0,1,1,0,1,0,1,0,0,0,0,1,0,0,0,1,1,1,1,1,1,0,0,0,0,0,1,1,0,1,1,0,0,0,0,2,0,0,2,1,0,0,1,2,0,1,0,1,0,1,0,0,0,1,1,2,1,2,0,1,0,0,0,1,0,0,0,1,0,0,2,0,0,1,2,0,1,0,0,0,0,0,0,0,0,0,0,0,1,0,1,2,1,0,0,0,1,2,1,1,2,1,0,1,0,0,0,0,1,0,1,0,0,0,0,0,1,1,1,0,0,0,0,0,1,0,0,0,0,1,2,2,1,1,2,0,0,0,1,0,0,1,0,0,0,0,1,2,0,1,1,1,1,0,0,1,0,1,0,0,1,0,0,0,0,1,0,2,0,0,0,1,1,1,1,2,1,0,1,0,1,1,0,2,0,0,0,0,1,1,1,0,0,0,1,0,1,1,1,0,0,1,1,1,0,1,0,0,0,0,0,1,0,0,1,0,1,2,1,1,0,0,2,1,0,1,1,2,0,2,2,1,1,0,0,0,0,1,0,2,1,1,0,1,0,1,1,2,1,1,2,1,1,0,0,0,0,0,2,1,1,0,0,0,0,0,1,2,0,1,0,1,1,1,0,0,1,1,0,1,1,0,1,1,0,0,0,0,0,0,0,0,1,0,0,0,1,2,0,1,0,0,0,1,2,0,1,0,1,1,0,0,0,2,1,0,2,1,2,1,0,0,2,0,0,0,0,0,0,1,0,0,1,0,2,0,1,0,2,0,0,1,1,2,1,0,1,0,0,1,1,2,2,1,1,1,1,1,0,1,1,0,1,1,1,1,1,0,1,0,0,1,0,0,2,0,1,1,1,0,2,2,0,0,2,1,2,0,2,0,0,2,0,0,0,0,1,1,1,1,0,0,1,0,0,1,0,0,0,0,0,1
"IND113",2,1,1,2,1,1,0,0,1,1,1,0,1,0,0,1,1,0,2,0,2,0,0,2,0,0,1,1,1,0,1,0,0,0,0,1,0,0,2,0,1,0,0,1,1,2,1,2,0,0,0,0,0,0,0,1,1,0,0,1,1,1,1,0,1,0,2,0,0,0,1,0,0,2,0,1,0,0,0,0,0,1,1,2,0,1,0,0,0,0,1,0,0,1,1,0,0,0,0,0,0,0,0,2,1,0,1,1,0,0,1,1,0,0,0,1,0,0,1,1,0,1,0,2,1,1,2,0,0,1,2,1,0,1,0,2,0,0,0,0,0,0,1,1,1,2,1,1,0,0,0,1,0,0,1,2,0,0,1,1,1,1,1,0,1,0,0,0,0,0,0,1,0,0,0,0,0,1,1,1,1,0,0,1,1,0,2,1,1,1,0,2,0,0,0,0,2,0,1,1,1,0,1,0,0,1,1,0,0,0,0,1,1,0,1,1,0,0,2,1,2,0,0,0,0,1,0,1,0,0,0,0,0,1,1,1,0,1,2,1,0,1,0,0,0,0,1,0,2,1,0,0,1,1,0,1,0,1,0,1,1,1,0,0,1,0,0,0,1,1,0,1,0,1,1,0,0,2,1,0,1,0,0,1,1,1,1,0,0,0,1,1,1,1,0,0,0,1,0,0,0,0,0,0,1,2,2,1,1,0,1,1,0,1,0,2,0,1,1,2,1,0,0,0,1,0,0,0,1,1,0,0,0,0,0,2,0,0,2,1,2,0,0,0,0,0,2,0,0,0,0,0,0,0,1,2,0,1,0,1,1,1,0,0,1,0,0,1,1,0,0,1,0,0,0,0,0,0,0,1,1,0,0,0,1,1,0,2,0,0,1,1,2,0,1,0,1,2,0,0,0,1,0,0,1,1,1,1,0,0,2,2,1,0,0,0,0,1,0,0,0,1,2,1,1,0,2,1,0,1,1,1,1,0,1,0,0,1,1,1,2,1,0,1,0,2,0,1,1,0,1,1,0,0,0,0,2,0,0,0,0,0,2,0,0,2,0,0,2,2,1,0,2,1,1,0,1,0,0,1,0,1,0,1,1,1,0,0,0,0,2,0,0,0,0,0,0,0,0,0
"IND114",2,1,1,2,1,2,1,0,0,2,2,1,1,0,0,2,0,1,2,0,2,0,1,2,0,1,1,1,1,0,0,1,0,2,0,1,0,0,2,2,1,1,0,2,1,1,1,2,0,0,0,0,0,1,0,1,0,0,0,2,1,1,2,1,2,0,0,1,1,0,1,0,0,2,0,0,0,0,0,0,0,0,1,2,0,0,0,0,0,1,0,0,1,0,1,0,0,0,0,1,0,0,0,0,1,0,2,0,1,0,0,1,0,0,1,1,0,1,1,0,0,2,0,1,1,1,1,1,0,1,1,2,0,1,0,2,0,1,0,1,1,1,2,1,2,2,0,1,0,0,1,1,1,0,0,2,0,0,2,0,2,1,1,1,1,0,0,0,0,0,0,1,0,0,0,0,2,1,1,2,1,0,0,0,1,2,1,1,0,1,0,2,0,0,0,0,2,0,1,1,0,0,0,1,1,2,2,0,0,0,0,1,1,0,1,1,0,0,1,1,1,0,1,0,0,0,1,1,0,0,0,0,0,0,0,0,0,2,1,1,0,0,0,0,0,1,0,0,1,1,0,0,0,2,0,1,0,1,0,1,1,1,0,1,0,0,0,0,1,1,0,2,0,0,1,0,0,1,1,0,0,0,1,1,1,1,1,0,0,0,0,1,1,1,0,0,0,1,0,0,0,0,1,0,1,2,1,1,1,0,1,1,0,1,0,1,0,0,2,1,1,0,0,0,1,1,0,0,2,1,1,1,0,0,1,2,2,1,2,1,1,0,0,1,0,0,2,1,1,0,0,0,0,0,1,2,0,0,0,1,0,1,0,0,1,0,0,1,0,1,0,1,0,0,0,1,0,0,0,0,2,0,0,0,1,2,0,2,0,0,0,1,2,0,1,0,1,1,0,0,0,2,1,0,2,0,1,1,0,1,1,1,0,1,1,0,1,1,0,0,1,1,2,1,1,0,2,1,0,1,1,1,2,0,0,0,1,1,0,1,2,1,1,1,1,2,0,1,1,0,1,0,0,1,1,0,2,0,1,1,0,1,2,0,1,1,0,1,1,2,1,0,2,1,2,0,1,1,0,2,0,0,0,1,0,1,1,1,0,0,1,0,0,1,0,1,0,0,0,0
"IND115",1,1,1,2,1,2,0,0,1,1,1,0,0,0,0,2,0,0,2,0,1,1,0,2,0,1,1,1,1,0,0,1,0,0,0,0,0,0,2,1,0,1,0,1,1,1,1,1,0,0,0,0,0,0,0,1,1,0,2,1,1,1,1,1,2,1,1,1,0,1,0,0,0,2,0,1,0,0,0,0,0,0,1,1,2,0,0,0,0,1,1,0,1,0,1,0,0,0,1,0,0,0,0,2,1,1,1,0,1,0,0,1,0,1,1,1,0,0,1,0,0,2,0,0,0,1,2,0,0,1,2,2,0,1,0,1,1,1,0,1,1,1,2,2,1,2,1,1,0,0,1,1,1,0,0,1,0,0,0,0,1,1,2,0,1,0,0,0,0,0,0,1,0,0,0,0,1,0,1,1,1,0,0,0,1,2,2,1,1,1,0,2,0,0,0,0,1,0,1,0,1,0,1,1,0,2,2,0,0,0,0,0,1,0,1,1,0,1,2,1,0,1,2,0,0,1,1,0,0,1,1,0,0,0,0,1,0,2,2,1,0,1,0,1,0,1,0,0,1,0,0,0,1,1,0,1,0,0,1,1,2,0,1,1,1,0,0,0,1,1,0,1,0,1,1,0,1,2,1,0,1,0,1,1,1,1,1,0,0,0,0,1,0,1,0,0,0,1,0,1,0,0,0,0,1,1,1,1,1,0,2,1,0,1,0,1,0,1,2,2,2,0,0,0,0,0,0,1,2,1,1,0,0,1,0,1,1,1,2,1,2,0,0,1,0,0,2,0,2,0,0,0,0,0,1,2,0,1,0,1,0,1,0,0,1,0,0,1,0,1,1,1,0,0,0,0,0,0,0,0,1,0,0,0,1,1,0,2,0,0,0,2,2,0,0,0,1,2,0,0,0,2,0,0,0,1,2,1,0,0,0,1,0,1,0,0,0,1,0,0,1,1,2,0,1,0,2,1,0,1,1,2,1,0,1,0,0,2,0,2,1,1,0,1,0,1,0,2,1,0,1,0,0,1,1,0,1,0,1,1,0,1,2,0,1,0,1,1,2,2,0,0,1,1,2,1,1,1,0,0,0,1,0,0,1,1,1,0,0,0,2,1,0,1,1,0,0,0,0,0
"IND116",0,2,1,1,1,1,0,0,0,1,2,0,1,1,0,2,1,1,1,0,1,1,1,2,0,0,1,1,1,1,1,1,0,0,0,2,0,0,2,1,1,1,0,1,1,1,1,2,0,0,0,0,0,1,0,2,0,0,1,1,1,0,2,1,2,1,1,1,1,1,0,0,0,2,0,0,0,0,0,0,0,1,1,1,1,0,0,0,0,0,0,0,0,1,1,0,0,0,1,0,0,0,0,1,1,0,0,1,1,0,0,1,0,1,1,1,0,1,1,0,0,1,0,1,0,1,1,0,0,0,2,2,0,1,0,1,1,0,0,1,1,0,1,1,2,2,0,1,0,0,2,0,0,0,1,0,0,0,0,0,0,2,2,0,1,0,0,0,0,0,0,1,0,0,0,0,0,0,1,2,1,0,0,0,1,1,1,1,1,0,0,1,0,0,0,0,1,0,1,0,1,0,1,1,0,2,2,0,0,0,0,0,1,0,0,0,0,0,1,1,1,0,0,1,0,1,0,0,1,1,1,0,1,1,1,1,0,1,2,1,1,1,0,0,0,1,1,0,1,1,0,0,0,2,0,2,0,0,1,1,2,0,0,2,0,0,1,0,1,1,0,1,0,1,1,0,0,1,1,0,1,0,1,0,1,1,1,0,0,1,1,1,0,1,0,0,0,0,0,1,0,0,0,1,2,2,2,1,1,0,2,1,0,1,0,1,0,2,1,2,1,0,0,0,1,0,0,1,1,1,1,1,0,0,0,2,0,2,2,1,1,0,0,1,0,0,2,0,0,0,0,0,0,0,1,2,0,1,0,1,0,1,0,0,1,1,0,1,1,1,0,1,0,0,0,0,0,0,0,0,0,0,0,0,1,2,0,2,0,0,1,2,1,0,1,0,1,2,0,0,0,1,1,0,1,1,2,1,0,0,1,2,0,0,0,0,0,1,0,0,1,1,2,1,1,0,1,1,0,0,1,1,1,0,0,0,1,1,0,1,1,1,0,2,1,1,0,0,1,0,2,1,0,0,1,0,2,0,1,0,0,1,2,0,0,2,1,1,1,2,1,0,1,1,2,1,2,0,0,0,0,0,1,0,0,1,0,0,0,0,2,0,0,1,1,1,0,0,0,1
"IND117",2,0,1,2,1,1,0,0,1,2,1,0,0,0,0,1,0,1,2,0,1,0,1,2,0,1,0,1,1,0,0,0,0,0,0,1,0,0,1,1,2,0,0,1,1,2,1,2,0,0,0,0,0,2,0,1,1,0,1,1,1,0,1,0,1,0,1,0,1,1,1,0,0,1,0,0,0,0,0,0,0,1,0,1,2,0,0,0,0,0,0,0,1,1,1,0,0,0,0,1,0,0,0,2,1,0,2,1,1,0,1,1,0,0,0,1,0,2,0,0,0,2,0,0,0,0,1,0,0,1,2,2,0,1,0,1,1,1,0,1,0,0,1,2,2,2,0,1,0,0,1,1,1,0,1,2,0,0,1,0,1,0,1,1,1,0,0,0,0,0,0,0,0,0,0,0,0,1,1,2,1,0,0,0,1,1,1,1,1,1,0,1,0,0,0,0,2,0,1,1,0,0,1,1,0,1,2,0,0,0,0,1,1,0,0,0,0,0,2,2,1,1,1,0,0,0,0,1,1,1,0,0,1,1,1,1,0,2,2,1,0,0,0,0,0,1,1,0,1,0,0,0,0,2,0,1,0,0,0,1,2,0,0,2,0,0,1,0,1,1,0,1,0,0,1,0,0,1,2,0,0,0,0,0,1,1,1,0,0,1,0,1,0,1,0,0,0,0,0,0,0,0,1,1,0,1,0,1,1,0,1,1,0,1,0,2,0,1,2,1,0,0,0,0,0,1,0,2,2,1,0,0,0,1,0,1,1,1,2,1,1,0,0,2,0,0,2,1,2,0,0,0,0,0,1,2,0,0,0,1,1,1,0,0,1,0,0,1,0,1,1,1,0,0,0,1,0,0,0,1,2,0,0,0,1,1,0,1,0,0,0,1,1,0,0,0,1,1,0,0,0,1,0,0,0,1,2,1,0,0,2,0,0,1,1,0,1,1,0,0,0,0,2,1,1,0,1,0,0,1,1,1,2,0,1,0,1,0,0,0,1,1,1,2,1,1,0,1,1,0,1,1,0,1,1,0,2,0,1,0,0,0,2,0,0,1,0,1,2,2,0,0,1,1,2,1,2,1,0,1,0,0,1,0,0,1,0,1,0,0,1,1,0,0,1,0,0,0,0,0
"IND118",1,1,0,2,2,2,0,0,0,2,2,1,0,0,0,1,1,1,1,0,2,1,1,2,0,0,0,1,1,1,1,1,0,2,0,1,0,0,2,1,1,0,0,2,1,0,1,2,0,0,0,0,0,2,0,2,0,0,0,1,1,0,1,2,1,1,1,1,1,0,0,0,0,1,0,0,0,0,0,0,0,0,1,2,1,1,0,0,0,0,0,0,0,1,1,0,0,0,1,1,0,0,1,0,1,1,2,1,1,0,0,1,0,0,0,1,0,1,1,0,0,2,1,1,0,0,1,0,0,0,2,1,0,1,0,2,1,1,1,0,0,0,1,2,1,2,1,1,0,0,1,0,1,0,0,1,1,0,0,1,0,1,2,1,1,0,0,0,0,0,0,0,0,0,0,0,1,0,1,1,1,0,0,1,1,1,1,1,1,1,0,2,0,0,0,0,2,0,1,1,0,0,1,0,0,1,2,0,0,0,0,0,1,0,0,1,0,0,2,1,0,1,0,0,0,0,1,1,1,0,0,0,1,1,0,1,0,1,1,0,0,1,0,0,0,1,1,0,0,0,0,0,0,2,0,2,0,1,1,1,2,1,1,1,1,0,1,0,1,1,0,1,0,1,0,0,1,2,1,0,0,0,0,1,1,1,1,0,0,0,2,1,0,1,0,0,0,1,0,0,0,0,1,2,1,2,2,1,1,0,1,1,0,1,0,1,0,1,1,1,0,0,0,0,1,0,0,0,2,1,1,0,0,1,1,2,0,2,2,1,1,0,0,1,0,0,2,0,1,0,0,0,0,0,1,2,0,0,0,1,1,1,0,0,1,1,1,1,0,1,0,1,0,0,0,1,0,0,0,0,0,0,0,0,1,1,0,2,0,0,0,2,1,0,1,0,1,1,0,0,0,2,1,0,0,0,1,1,0,1,2,1,0,1,1,0,0,1,0,0,0,1,2,0,1,0,1,2,0,1,1,1,2,0,0,0,1,0,0,0,1,1,1,2,1,2,0,1,1,0,1,0,1,0,0,1,1,0,1,1,0,0,2,0,1,1,1,1,1,2,0,0,1,1,2,1,2,1,0,1,0,0,0,0,2,1,0,1,0,0,2,0,0,0,0,1,0,0,0,0
"IND119",0,1,0,1,2,1,0,0,1,2,1,2,0,1,0,2,0,1,1,0,1,1,1,2,0,2,0,1,1,0,1,0,0,0,0,0,0,0,2,0,1,1,0,2,1,1,1,2,0,0,0,0,0,2,0,2,1,0,2,0,1,1,1,1,0,0,1,1,1,1,0,0,0,2,0,1,0,0,0,0,0,1,1,2,1,0,0,0,0,1,0,0,1,1,1,0,0,0,0,1,0,0,0,1,1,0,0,1,0,0,0,1,0,0,0,1,0,1,1,0,0,0,1,0,1,1,2,1,0,0,1,2,0,1,0,2,1,0,1,0,1,1,1,2,1,2,1,1,0,0,1,1,0,0,0,1,1,0,1,0,1,1,2,0,1,0,0,0,0,0,0,1,0,0,0,0,0,1,1,1,1,0,0,1,1,1,0,1,1,0,0,2,0,0,0,0,2,0,1,0,0,0,1,1,1,2,1,0,0,0,0,0,1,0,0,0,0,0,1,2,1,0,1,0,0,1,1,0,1,0,1,0,0,0,1,1,0,2,2,1,1,1,0,1,0,1,0,0,1,0,0,0,0,1,0,2,0,1,0,1,1,1,1,2,1,0,1,0,1,1,0,2,0,0,1,0,0,1,2,0,0,0,0,1,1,1,1,0,0,0,2,1,0,1,0,0,0,0,0,1,0,0,0,1,1,1,2,1,0,0,1,1,0,1,0,1,0,1,2,2,0,0,0,0,1,0,0,0,1,1,1,1,0,1,1,2,2,1,2,1,1,0,0,2,0,0,2,1,2,0,0,0,0,0,1,2,0,0,0,1,1,1,0,0,1,0,0,1,0,0,1,1,0,0,0,1,0,0,0,0,0,0,0,0,1,0,0,1,0,0,0,1,2,0,1,0,1,2,0,0,0,1,1,0,1,0,1,1,0,0,2,1,1,1,0,0,0,1,0,0,0,0,2,1,1,0,1,1,0,1,1,1,1,0,1,0,1,0,1,1,1,1,0,1,0,2,0,1,1,0,1,0,1,1,0,1,2,0,2,0,0,0,2,0,1,0,1,1,1,2,1,0,1,1,1,0,2,0,0,2,0,0,0,1,1,1,1,1,0,0,2,1,0,1,1,0,0,0,0,1
"IND120",1,0,0,2,1,1,0,0,0,1,1,1,0,0,0,2,0,0,2,0,2,0,1,2,0,2,0,1,1,1,1,1,0,1,0,0,0,0,1,2,0,0,0,1,1,0,1,1,0,0,0,0,0,2,0,1,1,0,0,0,1,0,2,1,1,0,2,0,0,1,0,0,0,2,0,1,0,0,0,0,0,0,0,2,1,1,1,0,0,1,0,0,1,0,2,0,0,0,0,0,0,0,1,1,1,0,1,0,1,0,0,1,0,1,1,1,0,1,1,0,0,0,1,1,1,0,2,1,0,0,1,1,0,1,0,2,0,1,0,1,1,1,2,2,1,2,1,1,0,0,1,1,0,0,1,0,0,0,1,1,0,1,2,0,1,0,0,0,0,0,0,0,0,0,0,0,2,0,1,1,1,0,0,0,2,0,2,1,1,0,0,2,0,0,0,0,2,0,1,1,0,0,0,1,1,1,1,0,0,0,0,0,1,0,0,0,0,0,2,1,0,1,0,1,0,0,1,0,0,0,0,0,0,0,1,2,0,1,2,1,0,1,0,1,0,0,0,0,0,1,0,0,0,1,0,1,0,0,1,1,1,1,0,1,1,0,1,0,1,1,0,2,0,0,0,0,1,1,1,0,1,0,1,1,1,1,1,0,0,0,0,1,0,1,0,0,0,0,0,0,0,0,0,1,0,2,2,1,1,0,1,1,0,1,0,2,0,2,2,2,0,0,0,0,2,0,0,0,1,1,1,1,0,1,0,2,2,0,2,1,0,0,0,2,0,0,2,0,0,0,0,0,0,0,1,2,0,1,0,1,0,1,0,0,0,1,0,1,0,0,0,1,0,0,0,0,0,0,0,1,2,0,0,0,1,0,0,1,0,0,1,1,2,0,1,0,1,1,0,0,0,2,0,0,1,0,2,1,0,1,1,0,1,0,1,0,1,1,0,0,0,1,2,1,1,0,2,2,0,0,1,1,2,0,1,0,1,2,0,2,2,1,1,1,0,1,0,0,1,0,2,1,1,1,0,1,1,0,0,0,0,1,2,0,0,1,1,0,1,2,0,0,2,1,2,1,1,1,0,1,0,1,1,0,2,1,1,0,0,0,1,1,0,1,1,1,0,0,0,1
"IND121",1,2,0,0,0,0,1,1,0,0,1,1,1,0,1,2,0,0,0,1,1,0,0,0,0,0,0,0,0,2,0,1,1,2,0,1,0,1,1,0,0,0,0,1,2,1,0,2,2,0,0,1,0,1,0,0,0,0,0,1,0,0,2,1,1,1,1,1,0,1,0,0,2,1,0,1,0,0,1,0,1,0,0,0,1,1,1,0,0,0,0,0,0,1,1,2,0,0,2,0,0,0,0,1,2,2,1,0,1,0,0,2,1,0,0,0,0,0,2,1,1,0,2,1,1,2,0,1,0,0,0,0,1,2,0,1,1,0,1,2,0,1,1,0,1,1,0,2,0,0,0,1,2,2,1,2,0,0,0,2,1,1,0,0,0,1,1,0,0,0,1,1,0,0,0,0,1,1,1,1,1,0,2,1,0,1,1,1,0,1,0,1,0,0,1,0,0,1,1,0,1,0,1,1,0,2,1,0,0,1,1,2,0,0,1,1,1,2,1,1,0,0,0,0,0,0,2,0,0,0,0,0,0,0,2,1,0,0,0,1,0,1,0,1,2,0,2,0,1,1,0,1,0,1,0,1,0,2,2,0,0,2,0,2,0,0,0,0,0,0,0,1,0,0,1,2,0,0,0,0,1,0,0,1,0,1,2,0,0,0,1,1,0,2,1,0,1,0,0,1,0,1,0,0,1,1,0,1,0,1,0,2,1,0,1,0,1,1,0,2,0,1,0,0,1,2,0,1,1,1,2,1,0,0,1,2,0,1,0,1,0,0,1,0,1,0,2,0,0,1,1,0,1,0,0,1,0,2,1,0,0,0,0,1,0,1,0,0,0,1,0,0,1,0,0,1,0,0,1,1,0,1,0,0,0,1,0,1,1,1,1,2,0,1,1,0,1,1,0,0,0,1,1,0,2,1,1,1,0,2,0,2,0,2,0,0,1,0,0,0,0,0,2,1,0,0,1,1,2,0,2,1,0,0,1,0,1,1,0,2,0,1,0,1,0,1,0,1,1,0,1,0,0,2,1,0,1,1,0,1,2,0,1,2,0,0,0,0,2,0,0,0,1,1,0,1,1,1,1,1,1,1,0,0,1,0,1,0,0,0,1,0,1,1,0,0,0,0,1,2
"IND122",1,1,1,0,0,0,1,0,0,0,0,1,1,0,1,2,0,0,0,1,2,0,1,0,0,0,0,1,0,2,0,0,0,1,0,1,1,1,1,0,0,0,0,1,2,1,0,2,2,0,0,0,0,2,0,0,2,1,0,0,0,0,1,1,1,1,2,2,0,1,0,0,1,1,0,2,0,1,0,0,2,0,0,0,1,0,0,0,0,1,1,0,0,1,1,1,0,1,2,0,0,0,0,1,2,2,1,0,1,0,0,1,2,1,1,0,0,0,1,1,0,0,2,1,1,2,1,2,0,0,1,1,1,1,0,1,1,1,0,2,0,0,0,0,1,1,0,2,0,0,0,0,2,1,1,1,1,0,0,1,1,0,0,0,1,0,1,0,0,0,0,1,0,0,1,0,0,1,2,1,1,1,1,0,0,2,1,1,1,0,0,0,2,0,0,0,1,1,0,0,1,0,1,0,1,2,1,1,0,1,2,2,0,0,0,0,1,2,2,1,0,0,0,0,1,0,0,0,0,0,0,0,1,0,1,1,0,1,0,1,0,1,1,1,2,0,0,0,0,0,0,0,0,1,0,0,0,1,1,0,0,2,0,2,0,1,1,0,1,0,0,2,1,1,1,1,0,0,0,0,1,0,0,2,0,0,2,0,0,0,2,1,0,1,0,0,1,0,0,0,0,1,0,0,1,1,2,1,0,1,0,1,1,0,0,1,2,0,0,1,0,1,0,1,1,1,0,2,2,1,1,0,0,0,1,2,1,1,0,1,0,0,1,1,0,0,1,0,0,1,1,1,0,0,0,1,0,2,1,0,0,0,1,1,0,1,1,0,0,1,0,0,0,1,1,1,1,0,1,0,0,1,0,0,0,2,0,2,1,0,1,1,0,2,1,1,2,0,0,0,0,1,0,0,2,0,1,0,0,1,0,2,1,2,0,0,1,1,1,0,0,0,1,2,1,0,0,1,2,0,2,1,0,0,1,0,1,1,0,1,1,1,1,0,0,1,0,1,1,0,1,0,0,1,1,0,2,2,0,2,0,0,0,1,0,1,0,0,0,0,0,0,1,0,1,1,1,1,0,0,0,1,1,0,1,0,1,0,0,0,1,0,0,0,0,1,0,1,1,1
"IND123",0,1,0,0,0,0,1,1,0,0,1,0,2,1,2,2,0,0,0,0,2,0,0,1,0,0,0,0,0,2,0,0,0,1,0,0,0,1,1,0,0,0,0,1,1,0,0,2,2,0,0,0,0,2,0,0,1,1,0,1,0,0,1,1,1,1,1,1,0,0,0,1,1,1,0,2,0,0,0,0,1,0,0,0,0,2,1,0,0,0,0,0,0,1,1,2,0,1,2,0,0,0,0,1,2,1,1,0,1,0,0,2,1,1,1,0,1,0,2,0,0,0,2,1,1,2,1,2,0,0,1,0,1,1,0,1,1,0,1,2,0,1,0,0,1,1,0,2,1,0,0,1,1,2,1,1,1,0,0,2,1,1,0,0,1,1,1,0,0,0,1,1,0,0,0,0,1,1,2,0,1,2,1,0,0,2,1,2,0,0,0,0,1,0,1,0,2,1,1,0,1,0,2,1,1,1,1,0,0,1,2,2,0,0,0,1,1,2,0,2,1,0,0,0,1,1,2,0,0,0,0,0,1,0,1,1,0,0,0,1,0,1,0,0,0,0,2,0,1,1,0,1,0,1,0,1,0,1,1,0,0,1,0,2,0,1,1,0,1,0,0,0,0,0,1,1,0,0,0,0,2,0,0,1,0,2,2,0,0,0,2,1,0,0,1,0,0,0,1,0,0,1,0,0,1,1,2,1,1,0,0,1,0,0,0,1,1,1,0,1,0,0,0,1,0,2,0,1,1,1,0,0,0,0,1,2,1,1,1,1,0,1,2,1,0,0,2,0,0,1,0,1,0,0,0,0,0,1,1,0,0,0,0,2,0,2,0,1,0,1,0,0,1,1,1,0,0,0,0,0,0,1,0,0,1,2,0,2,1,0,1,2,0,1,0,1,2,1,0,0,0,1,1,0,1,0,1,0,0,0,0,2,0,2,0,0,1,1,0,0,0,1,0,2,1,0,1,0,0,0,2,1,0,0,1,0,2,0,0,1,0,1,1,1,0,1,0,0,0,0,1,0,1,0,1,0,2,2,1,0,1,0,0,1,0,0,0,0,1,0,1,0,1,0,1,1,1,1,0,0,0,1,1,0,0,0,1,1,0,0,1,0,2,1,0,1,0,1,1,1
"IND124",0,2,1,0,0,0,1,0,0,0,1,1,2,0,1,2,0,0,0,1,1,0,0,1,0,0,0,1,0,1,1,0,1,2,0,0,1,0,0,0,0,0,0,1,2,1,0,1,2,1,0,0,0,2,0,0,1,0,0,0,0,0,2,1,1,0,2,1,1,0,0,1,2,1,0,2,0,1,0,0,0,0,0,0,1,1,1,0,0,1,0,0,0,1,1,2,0,0,2,0,0,0,0,1,2,1,1,0,1,0,0,1,1,1,0,0,1,0,1,1,1,1,2,0,1,1,0,2,0,0,1,0,1,2,0,1,2,1,0,1,0,0,1,0,1,1,0,1,0,0,0,0,1,1,1,1,0,0,0,1,1,1,0,0,0,1,1,0,0,0,0,1,0,0,1,0,0,1,1,1,0,1,1,0,1,1,1,2,1,0,0,1,0,0,0,0,2,1,1,0,1,1,1,1,1,1,1,1,0,0,1,2,0,0,0,0,1,2,2,1,1,0,1,0,0,1,1,0,1,0,0,0,0,0,1,1,0,1,0,1,0,1,1,1,1,0,0,0,1,0,0,1,0,0,0,1,0,2,1,0,0,2,0,2,0,0,1,0,1,1,0,0,0,1,1,2,0,0,0,1,0,0,0,1,0,1,1,0,0,0,2,1,0,1,1,0,1,0,1,0,0,2,0,0,2,1,1,1,1,1,0,2,0,0,0,1,1,1,0,2,0,1,0,1,0,1,0,1,1,1,1,1,0,0,1,2,0,1,1,2,1,0,2,0,0,0,1,0,0,1,0,1,1,0,0,0,0,1,0,0,0,0,1,2,0,0,0,0,0,0,0,0,0,0,0,0,0,0,0,1,0,0,0,0,0,1,0,1,1,0,1,1,0,1,1,0,2,1,1,0,0,0,1,0,2,1,1,0,0,0,0,2,1,0,0,0,1,0,0,0,0,0,0,2,0,0,0,2,1,0,1,1,0,0,1,0,2,1,0,1,0,1,1,0,0,0,0,0,1,0,1,0,0,1,0,0,0,1,0,1,1,0,1,1,0,0,0,0,1,0,0,0,2,0,1,0,1,1,1,0,2,1,1,0,2,0,1,1,0,0,1,1,0,1,0,0,0,0,0,1
"IND125",1,2,1,0,0,0,1,0,0,0,1,1,2,0,2,2,0,0,0,2,1,0,0,1,0,0,0,1,0,1,1,0,0,0,0,1,0,0,1,0,0,0,0,1,2,1,0,1,2,0,0,1,0,1,0,0,1,0,0,1,0,1,1,1,1,1,1,1,0,1,0,1,1,1,0,1,0,0,0,0,1,0,1,0,1,2,0,0,0,0,2,0,0,1,2,1,0,0,1,0,0,0,0,1,2,2,1,0,1,0,0,2,2,0,1,1,0,0,1,1,0,1,1,0,1,2,1,2,1,0,0,0,0,1,0,1,2,1,0,1,0,0,0,0,1,1,0,2,0,0,0,0,1,1,1,1,1,0,0,2,1,0,0,0,0,1,1,0,0,0,1,1,0,0,0,0,1,1,0,1,0,0,1,1,0,0,2,1,0,1,0,1,2,0,1,0,1,1,1,0,1,0,2,0,1,2,1,0,0,1,1,2,0,0,1,0,1,1,1,1,1,0,0,0,1,0,1,0,0,0,0,0,1,0,0,0,0,1,0,1,0,0,1,0,2,0,2,0,1,0,0,0,0,1,0,0,0,0,2,0,0,1,0,2,1,1,1,0,0,1,0,2,1,1,1,1,0,0,0,1,0,0,0,0,0,1,2,1,0,0,2,1,0,1,0,0,0,0,0,0,0,1,0,0,1,1,1,0,1,0,0,1,1,0,1,1,1,1,0,2,0,1,0,0,0,1,1,2,0,1,1,0,0,0,1,1,0,0,1,1,0,0,2,1,0,0,1,0,0,0,1,1,1,0,0,1,0,2,0,0,0,0,0,1,0,1,1,0,0,0,0,0,0,0,0,1,1,0,0,0,0,1,1,0,1,1,0,1,1,0,0,2,0,2,1,1,1,1,1,0,0,1,1,0,1,0,1,0,0,1,0,2,0,1,0,0,1,1,1,0,0,0,1,2,1,0,0,1,0,0,2,1,0,0,1,0,2,1,0,2,1,1,1,1,0,0,0,1,0,0,1,0,1,1,0,0,1,1,0,0,2,0,1,1,0,0,0,0,1,0,0,0,2,0,1,0,1,1,0,1,2,0,1,0,1,0,1,0,0,0,1,0,1,1,0,1,0,1,1,2
"IND126",0,1,1,0,0,0,1,0,0,0,1,1,1,0,1,2,0,0,0,0,1,0,1,1,0,0,0,2,0,2,0,1,0,0,0,0,0,1,0,0,0,0,0,1,1,1,0,2,2,0,0,0,0,1,0,0,0,1,0,1,0,0,1,1,1,0,1,0,0,0,0,0,2,1,0,2,0,0,1,0,0,0,0,0,0,0,1,0,0,0,1,0,0,1,1,1,0,1,2,0,0,0,0,1,2,1,1,0,1,0,0,2,2,0,0,1,1,0,0,0,0,1,1,0,1,2,0,2,1,0,0,1,1,0,0,1,1,1,1,1,0,0,1,0,1,1,0,2,0,0,0,1,1,1,1,1,1,0,0,1,2,0,0,0,0,0,2,0,0,0,1,1,0,1,1,0,0,1,0,1,0,2,1,0,0,2,1,1,0,1,0,2,1,0,0,0,1,1,0,0,1,1,1,1,1,2,1,0,0,0,2,2,0,0,1,1,1,2,1,1,0,0,0,0,0,0,2,0,1,0,0,0,0,0,1,0,0,0,0,0,0,1,0,1,0,0,2,0,0,0,0,1,0,0,0,1,0,0,1,0,0,1,0,2,0,1,0,0,0,0,0,1,0,1,1,1,0,0,0,1,0,0,0,1,0,2,1,0,0,0,2,1,0,0,0,0,1,0,1,0,0,2,0,0,1,1,1,1,0,0,0,1,1,0,0,1,2,1,0,2,0,1,0,1,1,1,1,2,1,1,1,0,0,0,1,0,0,0,0,0,0,0,2,1,1,0,2,0,0,1,0,1,1,0,0,0,0,1,1,0,0,0,1,1,0,1,1,0,0,0,0,0,0,1,1,0,0,0,0,0,0,1,1,0,0,1,0,1,1,0,1,2,0,2,1,1,1,1,0,0,0,1,0,0,2,0,1,1,0,0,0,1,0,0,0,0,1,0,1,0,0,0,0,1,1,0,0,1,1,0,1,2,0,0,1,0,2,0,0,1,1,1,1,0,0,1,0,1,0,0,1,0,0,1,1,0,0,1,0,0,0,0,0,2,0,0,0,0,1,0,0,0,2,1,1,0,1,1,0,0,1,0,0,0,1,0,1,1,0,0,1,1,1,1,0,0,0,1,0,1
"IND127",0,2,1,0,0,0,1,1,0,0,1,0,1,0,2,1,0,0,0,2,1,0,0,0,0,0,0,1,0,1,0,1,1,0,0,1,1,0,1,0,0,0,0,1,2,1,0,2,2,1,0,1,0,2,0,0,2,1,0,0,0,0,2,1,1,0,0,1,0,1,0,0,1,0,0,2,0,0,1,0,1,0,0,0,1,2,1,0,0,0,1,0,0,1,2,2,0,0,0,0,0,0,0,1,2,1,1,0,1,0,0,2,1,1,1,1,1,0,0,0,1,0,1,2,1,1,1,1,1,0,0,0,1,1,0,1,1,0,0,2,0,1,1,0,0,1,0,1,1,0,0,0,1,0,1,0,0,0,0,2,1,0,0,0,0,0,2,0,0,0,1,1,0,0,1,0,0,1,0,1,0,2,1,0,0,0,2,2,1,0,0,1,2,0,0,0,0,1,2,0,1,0,0,1,0,1,0,1,0,1,0,2,0,0,0,0,1,2,1,2,1,0,1,0,0,0,1,0,0,0,0,0,0,0,0,0,0,0,0,0,0,1,0,0,0,0,2,0,1,1,0,0,1,0,0,1,0,1,2,0,0,1,0,2,0,1,1,0,1,0,0,1,0,0,1,0,0,0,0,0,0,0,0,2,0,1,2,1,0,0,2,1,0,1,0,0,0,0,1,0,0,1,0,0,1,1,1,0,0,1,0,2,0,0,0,1,2,1,0,2,0,0,0,0,0,1,1,1,1,1,1,0,0,0,1,2,0,1,0,1,1,0,1,0,1,0,2,0,0,0,0,1,1,0,0,0,0,1,0,0,0,0,1,1,0,1,0,1,0,0,0,0,0,0,1,1,1,0,1,0,0,0,0,0,1,1,0,1,1,0,1,1,0,1,1,1,2,1,1,0,0,1,1,0,1,1,1,1,0,1,0,1,0,1,0,0,1,1,0,0,0,1,0,1,1,0,1,1,2,0,2,2,0,0,1,0,1,0,0,1,0,1,0,1,0,1,0,0,1,0,1,0,0,1,1,0,0,1,0,1,0,0,0,1,0,1,0,0,2,0,1,0,1,0,1,1,1,1,0,0,2,1,1,0,0,0,1,0,0,0,1,0,1,1,0,0,0,0,1,1
"IND128",0,1,0,0,0,0,1,1,0,0,1,1,2,1,2,2,0,0,0,0,1,0,1,0,0,0,0,0,0,2,1,1,0,1,0,0,1,0,1,0,0,0,0,1,1,1,0,2,2,0,0,0,0,2,0,0,1,1,0,1,0,0,1,1,1,1,2,1,0,0,0,0,2,0,0,2,0,1,0,0,1,0,0,0,1,1,1,0,0,0,2,0,0,1,1,1,0,0,2,0,0,0,0,1,2,2,1,0,1,0,0,2,2,0,1,0,0,0,0,1,1,0,1,1,1,1,1,2,0,0,1,1,0,1,0,1,1,0,1,1,0,1,1,0,1,1,0,2,1,0,0,1,1,2,1,1,1,0,0,2,1,0,0,0,1,0,1,0,0,0,0,1,0,1,0,0,0,1,1,0,1,2,0,0,0,1,2,2,1,1,0,2,2,0,0,0,1,1,1,0,1,0,0,0,0,2,1,0,0,0,1,2,0,0,0,0,1,1,2,2,1,0,1,0,1,0,1,0,0,0,0,0,0,0,1,1,0,1,0,0,0,2,1,0,0,0,0,0,2,0,0,0,0,0,0,1,0,1,2,0,0,1,0,2,1,0,0,0,0,0,0,1,0,1,1,0,0,0,0,0,1,0,0,1,0,1,2,0,0,0,1,1,0,2,0,0,1,0,1,1,0,1,0,0,1,1,0,1,1,1,0,1,0,0,1,0,2,1,0,1,0,0,0,1,0,2,0,1,1,1,2,1,0,0,1,0,1,0,1,0,1,0,2,1,1,0,2,0,0,0,1,1,1,0,0,1,0,0,1,0,0,0,1,1,0,2,0,1,0,0,0,0,0,1,0,0,0,0,0,0,0,1,1,0,0,2,0,2,1,1,1,1,0,1,0,1,1,0,0,0,0,0,0,0,1,1,1,1,0,0,0,2,1,1,0,0,1,1,0,0,0,1,0,2,2,0,1,1,1,0,2,1,0,0,1,0,2,0,0,1,1,1,1,1,0,0,0,0,1,0,1,0,0,1,1,0,2,0,1,0,1,0,0,0,0,0,0,0,2,0,0,0,2,1,0,0,2,1,1,1,1,1,0,0,1,0,1,0,0,0,1,1,1,1,0,1,0,1,1,0
"IND129",0,2,0,0,0,0,1,0,0,0,0,1,2,0,1,2,0,0,0,1,0,0,1,1,0,0,0,2,0,2,1,0,0,0,0,1,1,1,0,0,0,0,0,1,1,1,0,2,2,1,0,1,0,1,0,0,2,1,0,0,0,0,2,1,1,0,1,0,0,0,0,0,2,1,0,2,0,1,1,0,0,0,0,0,0,1,1,0,0,0,1,0,0,1,2,1,0,0,2,0,0,0,0,1,2,2,1,0,1,0,0,2,2,0,1,0,0,0,1,0,1,0,2,2,1,1,1,2,1,0,1,0,1,1,0,1,1,0,1,1,0,1,0,0,0,1,0,2,1,0,0,1,1,0,1,0,1,0,0,2,1,0,0,0,1,0,1,0,0,0,1,1,0,0,0,0,1,1,0,1,1,0,0,1,1,1,1,1,1,0,0,0,1,0,1,0,0,1,2,0,1,1,1,0,0,2,0,1,0,0,0,2,0,0,0,1,1,2,2,1,1,0,1,0,0,0,0,0,0,0,0,0,0,0,0,1,0,0,0,1,0,0,1,0,0,0,1,0,0,1,0,1,1,0,0,0,0,1,1,0,0,2,0,2,0,1,0,0,1,0,0,2,1,0,1,0,0,0,0,0,1,0,0,1,0,1,2,0,0,0,1,1,0,0,0,0,1,0,1,1,0,1,0,0,0,1,0,1,0,1,0,1,1,0,1,1,2,1,0,1,0,0,0,1,1,2,0,1,1,1,0,0,0,0,1,0,0,1,1,0,1,0,1,0,0,0,1,0,0,1,1,1,1,0,0,0,0,2,0,0,0,0,1,1,0,1,1,0,0,0,0,0,0,1,1,1,1,0,0,0,0,1,1,0,0,2,0,1,1,1,1,1,0,1,1,1,2,1,0,0,0,0,1,0,1,1,1,1,0,1,0,1,0,1,0,0,1,1,1,0,0,0,2,2,1,0,1,0,0,0,2,2,0,0,1,0,2,0,0,1,1,1,1,1,0,1,0,1,1,0,1,0,0,1,1,0,1,1,1,1,1,0,0,1,0,1,0,0,2,0,1,0,2,1,1,1,1,1,1,0,2,1,1,0,1,0,1,0,0,0,1,1,0,0,0,0,0,1,0,1
"IND130",1,1,1,0,0,0,1,0,0,0,1,1,2,1,2,2,0,0,0,1,2,0,1,0,0,0,0,2,0,2,0,1,1,1,0,1,1,1,0,0,0,0,0,1,1,1,0,1,2,0,0,1,0,0,0,0,1,1,0,1,0,0,1,1,1,0,1,1,1,1,0,1,1,1,0,1,0,1,1,0,1,0,1,0,0,1,0,0,0,0,1,0,0,1,2,1,0,0,0,0,0,0,0,1,2,2,1,0,1,0,0,1,2,1,1,1,1,0,1,0,0,1,2,2,1,1,0,2,0,0,0,0,0,2,0,1,2,1,0,2,0,1,0,0,2,1,0,1,1,0,0,1,1,1,1,1,0,0,0,1,1,1,0,0,0,1,2,0,0,0,1,1,0,0,0,0,1,1,1,1,0,2,2,1,0,2,2,1,0,0,0,0,2,0,1,0,1,1,1,0,1,1,2,1,1,1,0,1,0,0,0,2,0,0,1,0,1,1,2,1,0,0,1,0,1,1,0,0,0,0,0,0,1,0,0,0,0,1,0,1,0,1,1,1,2,0,1,0,1,1,0,1,1,1,0,0,0,2,1,0,0,2,0,2,1,0,0,0,1,1,0,1,0,1,1,1,0,0,0,1,1,0,0,1,0,1,1,1,0,0,1,1,0,1,0,0,1,0,1,0,0,0,0,0,1,1,0,1,1,2,0,2,0,0,1,1,1,0,0,1,0,1,0,1,1,2,0,1,2,1,1,0,0,0,1,1,0,1,1,1,1,1,1,1,1,0,1,0,0,0,0,1,0,0,0,1,0,2,0,0,0,0,1,1,0,1,0,1,0,0,0,0,0,1,0,0,1,0,1,0,0,1,1,0,1,2,0,1,1,0,0,1,0,2,1,1,1,0,0,0,0,1,0,0,2,1,1,1,0,2,0,1,0,1,0,0,1,0,1,0,0,0,2,2,0,0,1,2,1,0,2,1,0,0,1,0,1,0,0,2,1,1,0,0,0,1,0,0,0,0,1,0,0,1,0,0,1,1,1,2,2,0,1,0,0,0,0,0,0,0,0,0,1,0,1,1,0,1,1,1,1,1,0,0,1,0,1,1,0,0,1,1,1,0,0,1,0,1,1,0
"IND131",1,2,1,0,0,0,1,0,0,0,1,1,2,1,2,1,0,0,0,1,1,0,0,1,0,0,0,2,0,1,0,1,1,1,0,1,0,1,1,0,0,0,0,1,2,1,0,1,2,0,0,1,0,2,0,0,0,0,0,1,0,1,2,1,1,1,1,1,0,0,0,1,1,1,0,2,0,0,1,0,2,0,0,0,1,0,0,0,0,0,2,0,0,1,2,1,0,1,2,0,0,0,0,1,2,1,1,0,1,0,0,1,2,1,0,1,1,0,1,0,1,0,2,2,1,2,0,1,1,0,1,1,1,0,0,1,2,1,0,1,0,1,1,0,1,1,0,1,1,0,0,1,2,1,1,0,1,0,0,2,1,0,0,0,1,0,1,0,0,0,0,1,0,1,1,0,1,1,1,1,0,2,1,1,0,1,2,1,1,0,0,0,1,0,0,0,1,1,0,0,1,1,1,1,0,1,1,0,0,0,1,2,0,0,1,0,1,2,2,2,0,0,1,0,0,0,2,0,1,0,0,0,0,0,1,1,0,1,0,0,0,1,1,0,0,0,1,0,2,0,0,1,0,1,0,0,0,0,1,0,0,1,0,2,0,0,0,0,0,1,0,0,0,0,1,1,0,0,0,1,2,0,0,0,0,2,1,0,0,0,1,1,0,1,1,0,1,0,0,1,0,1,0,0,1,1,0,0,0,1,0,1,0,0,0,0,1,0,0,2,0,1,0,1,1,1,0,1,1,1,2,0,0,0,1,2,1,0,1,1,0,1,2,1,1,0,2,0,0,1,0,0,1,0,0,0,0,0,1,0,0,0,1,1,0,2,0,1,0,1,0,0,0,1,0,0,0,0,0,1,0,0,1,0,1,2,0,2,1,0,0,2,0,1,2,0,2,1,0,0,0,0,0,0,2,1,1,0,0,0,0,1,0,2,0,0,1,1,0,0,0,1,1,2,0,0,0,1,2,0,2,1,0,0,1,0,2,1,0,0,0,1,0,1,0,0,0,1,0,0,1,0,0,1,0,0,1,2,0,1,1,0,1,1,0,1,0,0,0,0,1,0,1,1,0,0,1,1,1,0,1,0,0,0,1,0,1,0,0,0,1,1,1,0,0,0,0,0,1,2
"IND132",1,2,1,0,0,0,1,0,0,0,1,1,1,1,1,1,0,0,0,1,2,0,0,0,0,0,0,0,0,1,0,1,0,0,0,1,0,0,1,0,0,0,0,1,2,1,0,2,2,1,0,1,0,1,0,0,0,1,0,0,0,0,1,1,1,1,1,1,1,1,0,0,1,0,0,1,0,1,1,0,2,0,1,0,0,2,1,0,0,0,2,0,0,1,2,2,0,1,1,0,0,0,0,1,2,1,1,0,1,0,0,1,2,0,0,1,1,0,1,0,0,1,2,2,1,1,0,2,1,0,1,0,0,2,0,1,2,1,1,1,0,1,1,0,1,1,0,2,1,0,0,0,2,0,1,1,0,0,0,2,2,0,0,0,1,1,1,0,0,0,1,1,0,0,1,0,0,1,2,1,1,0,2,0,1,2,2,2,1,0,0,1,1,0,0,0,2,1,2,0,1,0,0,0,0,2,1,0,0,0,0,2,0,0,0,1,1,1,2,1,0,0,1,0,0,0,2,0,0,0,0,0,0,0,1,0,0,1,0,0,0,1,0,0,2,0,1,0,0,0,0,0,0,0,0,1,0,1,1,0,0,2,0,2,1,1,1,0,1,1,0,1,0,0,1,1,0,0,0,1,0,0,0,0,0,1,1,1,0,0,2,1,0,1,0,0,0,0,0,1,0,1,0,0,1,1,1,0,1,0,0,1,0,0,0,1,1,1,0,1,0,1,0,0,1,1,1,2,2,1,0,1,0,0,1,2,0,0,0,1,1,1,2,1,0,0,1,0,0,0,1,1,0,0,0,1,0,1,1,0,0,0,1,1,0,2,1,0,0,0,0,0,0,1,0,1,0,0,1,0,0,1,0,0,1,1,0,2,1,0,1,1,0,1,0,0,2,1,1,0,0,0,1,0,2,1,1,1,0,0,0,2,0,1,0,0,1,0,0,0,0,1,1,2,1,0,1,1,2,0,2,1,0,0,1,0,2,1,0,0,0,1,0,0,0,1,0,1,1,0,1,0,0,0,1,0,2,2,0,2,1,0,1,1,0,1,0,0,2,0,0,0,1,1,1,0,0,1,1,0,2,0,0,0,1,0,1,1,0,0,1,1,2,1,0,0,0,1,0,2
"IND133",0,2,1,0,0,0,1,1,0,0,0,1,1,0,1,2,0,0,0,2,0,0,1,0,0,0,0,2,0,2,1,1,1,1,0,1,0,1,1,0,0,0,0,1,2,0,0,1,2,0,0,1,0,2,0,0,0,1,0,1,0,1,1,1,1,1,2,0,1,0,0,0,1,0,0,2,0,0,1,0,0,0,1,0,0,1,0,0,0,0,1,0,0,1,2,1,0,0,0,0,0,0,0,1,2,1,1,0,1,0,0,2,1,1,1,1,0,0,1,0,0,0,1,1,1,1,0,1,0,0,1,1,0,1,0,1,2,1,0,1,0,1,1,0,0,1,0,2,1,0,0,1,1,1,1,0,1,0,0,2,1,1,0,0,1,1,2,0,0,0,1,1,0,0,0,0,0,1,0,1,1,2,1,0,0,1,2,2,1,0,0,1,1,0,0,0,1,1,0,0,1,1,0,0,0,1,0,0,0,0,0,2,0,0,0,0,1,2,2,1,1,0,0,0,2,1,2,0,1,0,0,0,1,0,0,1,0,0,0,1,0,1,1,0,2,0,1,0,2,1,0,1,1,1,0,0,0,1,1,0,0,2,0,2,0,1,0,0,0,1,0,2,0,0,1,1,0,0,0,0,1,0,0,0,0,1,1,1,0,0,1,1,0,1,1,0,0,0,1,1,0,2,0,0,1,1,1,1,0,2,0,2,1,0,0,0,2,1,0,2,0,1,0,0,1,1,1,1,2,1,0,0,0,0,1,2,1,0,0,1,1,1,1,1,0,0,2,0,0,0,1,0,0,0,0,0,0,1,1,0,0,0,0,2,0,1,1,0,0,1,0,0,0,1,1,0,0,0,1,0,0,0,1,0,1,1,0,1,1,1,0,1,0,2,1,1,1,1,1,0,0,0,0,0,1,0,1,0,0,2,0,1,0,1,0,0,1,1,1,0,0,1,1,2,2,0,0,1,1,0,1,2,0,0,1,0,1,0,0,0,0,1,1,0,0,1,0,0,0,0,1,0,0,1,1,0,2,1,0,2,0,0,1,1,0,0,0,0,1,0,0,0,2,1,1,0,0,1,1,1,1,0,1,0,1,0,1,0,0,0,1,1,1,1,0,0,0,0,0,2
"IND134",0,2,1,0,0,0,1,1,0,0,1,1,2,0,2,1,0,0,0,0,1,0,1,1,0,0,0,2,0,2,0,1,1,1,0,1,0,0,1,0,0,0,0,1,1,1,0,2,2,0,0,1,0,0,0,0,1,0,0,0,0,0,1,1,1,0,1,1,0,1,0,1,2,1,0,1,0,0,0,0,2,0,1,0,0,1,1,0,0,0,1,0,0,1,2,1,0,1,2,0,0,0,0,1,2,2,1,0,1,0,0,2,2,1,1,0,1,0,2,1,1,0,1,0,1,2,0,2,1,0,1,1,0,0,0,1,1,0,0,2,0,1,1,0,1,1,0,1,0,0,0,0,2,0,1,1,1,0,0,2,1,1,0,0,0,0,2,0,0,0,1,1,0,0,0,0,1,1,1,1,1,0,0,1,1,1,1,1,1,0,0,0,2,0,0,0,2,1,1,0,1,1,1,1,1,1,1,1,0,1,0,2,0,0,0,1,1,1,1,1,0,0,0,0,2,0,0,0,0,0,0,0,1,0,1,1,0,0,0,1,0,0,1,1,1,0,1,0,1,0,0,1,1,0,0,1,0,2,1,0,0,2,0,2,0,0,1,0,1,0,0,1,0,1,1,0,0,0,0,0,1,0,0,1,0,1,1,0,0,0,2,1,0,1,0,0,1,0,0,1,0,1,0,0,0,1,1,0,1,1,0,2,1,0,0,1,2,0,0,2,0,0,0,0,1,2,1,1,0,1,2,0,0,0,1,1,1,0,0,1,0,0,1,1,1,0,1,0,0,0,0,0,1,0,0,1,0,2,0,0,0,0,1,1,0,1,1,0,0,0,0,0,1,1,0,1,0,0,0,0,0,0,0,0,1,2,0,1,1,1,0,2,0,1,0,0,1,1,1,0,0,1,0,0,1,1,1,0,0,1,0,2,1,1,0,0,1,0,0,0,0,0,1,2,1,0,1,1,1,0,2,2,0,0,1,0,2,1,0,2,0,1,0,1,0,0,0,1,0,0,1,0,1,1,0,0,0,1,0,2,1,0,1,1,0,1,0,0,0,0,1,0,2,1,0,0,2,1,0,0,1,1,1,0,0,0,1,0,0,0,1,1,2,1,0,1,0,0,1,0
"IND135",1,1,1,0,0,0,1,1,0,0,0,0,1,0,1,2,0,0,0,1,0,0,1,1,0,0,0,0,0,2,0,0,0,1,0,1,1,1,1,0,0,0,0,1,2,1,0,1,2,0,0,0,0,2,0,0,1,1,0,1,0,1,1,1,1,1,1,1,0,0,0,0,2,1,0,2,0,0,0,0,1,0,1,0,1,0,0,0,0,1,2,0,0,1,2,1,0,0,0,0,0,0,0,1,2,1,1,0,1,0,0,2,1,1,0,1,1,0,2,1,0,0,2,1,1,1,1,2,1,0,0,0,1,1,0,1,2,0,0,1,0,1,1,0,1,1,0,1,1,0,0,0,1,1,1,1,1,0,0,2,2,1,0,0,1,0,2,0,0,0,0,1,0,1,1,0,1,1,2,0,0,1,2,1,0,1,2,1,0,0,0,0,0,0,1,0,1,1,1,0,1,0,0,0,0,2,0,0,0,1,0,2,0,0,0,0,1,2,1,2,0,0,1,0,1,0,1,0,1,0,0,0,1,0,1,0,0,0,0,1,0,2,0,0,2,0,1,0,2,0,0,1,1,1,0,1,0,1,1,0,0,1,0,2,0,1,1,0,1,0,0,0,0,0,1,2,0,0,0,1,0,0,0,1,0,1,2,1,0,0,2,1,0,1,0,0,0,0,0,0,0,0,0,0,2,1,1,1,1,1,0,1,1,0,0,0,2,1,0,1,0,0,0,0,0,2,0,2,1,1,1,1,0,0,1,1,1,0,0,1,1,1,2,1,0,0,2,0,0,0,0,0,1,0,0,0,0,1,1,0,0,0,0,1,0,0,1,1,0,1,0,0,0,1,0,1,1,0,0,0,0,0,1,0,1,1,0,1,1,1,1,2,0,2,2,0,2,0,1,0,0,0,0,0,2,1,1,1,0,2,0,2,1,2,0,0,1,1,0,0,0,0,1,2,2,0,0,0,1,0,2,0,0,0,1,0,2,1,0,2,0,1,0,0,0,0,0,1,0,0,1,0,1,1,1,0,1,0,1,1,2,0,1,0,0,0,0,0,0,0,0,0,2,0,0,1,2,1,0,1,2,0,0,0,1,0,1,0,0,0,1,1,1,1,0,0,0,0,1,2
"IND136",1,1,1,0,0,0,1,1,0,0,1,0,2,1,2,1,0,0,0,2,0,0,0,1,0,0,0,1,0,1,0,0,1,2,0,0,0,1,0,0,0,0,0,1,1,0,0,2,2,1,0,0,0,0,0,0,0,0,0,0,0,0,1,1,1,0,0,1,0,0,0,0,2,1,0,1,0,0,0,0,0,0,0,0,0,1,1,0,0,1,1,0,0,1,1,2,0,0,0,0,0,0,0,1,2,1,1,0,1,0,0,2,1,1,0,0,0,0,1,0,0,0,1,2,1,1,1,1,1,0,1,0,0,1,0,1,2,0,1,2,0,1,0,0,2,1,0,2,0,0,0,0,1,1,1,1,1,0,0,2,1,0,0,0,1,0,2,0,0,0,1,1,0,0,0,0,0,1,0,0,1,2,1,0,1,1,2,2,1,0,0,2,0,0,0,0,2,1,2,0,1,1,1,1,0,1,1,0,0,0,1,2,0,0,0,1,1,2,1,2,0,0,1,0,0,1,2,0,1,0,0,0,1,0,1,0,0,0,0,1,0,1,1,0,1,0,0,0,1,1,0,1,1,0,0,1,0,1,1,0,0,2,0,2,0,1,1,0,1,0,0,1,0,1,1,1,0,0,0,1,1,0,0,2,0,2,2,1,0,0,1,1,0,2,1,0,1,0,1,0,0,1,0,0,2,1,2,0,1,2,0,1,1,0,0,1,1,0,0,1,0,0,0,0,1,1,1,2,2,1,2,0,0,0,1,0,1,1,0,1,0,0,2,0,0,0,1,0,0,0,1,1,1,0,0,0,0,1,1,0,0,0,1,1,0,1,1,1,0,1,0,0,0,1,0,1,0,0,1,0,0,0,0,0,1,1,0,1,1,1,1,1,0,1,2,1,1,2,1,0,0,1,1,0,2,1,1,1,0,1,0,1,0,1,0,0,1,0,1,0,0,0,2,2,0,0,0,1,0,0,1,0,0,0,1,0,2,1,0,1,0,1,1,1,0,1,0,0,0,0,1,0,1,1,0,0,2,1,0,1,1,0,0,0,0,1,0,0,1,0,0,0,2,1,0,0,1,1,0,1,0,0,0,0,1,0,1,1,0,0,1,1,1,1,0,1,0,0,0,0
"IND137",0,2,0,0,0,0,1,1,0,0,0,1,2,1,1,1,0,0,0,1,1,0,1,0,0,0,0,1,0,1,0,0,0,2,0,1,1,1,0,0,0,0,0,1,2,2,0,1,2,0,0,1,0,1,0,0,2,1,0,1,0,1,2,1,1,1,1,1,1,1,0,0,2,0,0,1,0,0,0,0,1,0,0,0,0,0,1,0,0,1,1,0,0,1,2,2,0,1,1,0,0,0,0,1,2,2,1,0,1,0,0,1,2,0,1,0,0,0,1,1,0,1,2,0,1,2,0,2,0,0,0,1,1,1,0,1,1,0,1,1,0,0,0,0,0,1,0,2,0,0,0,0,1,2,1,1,1,0,0,1,2,0,0,0,1,0,1,0,0,0,1,1,0,1,1,0,0,1,0,0,0,0,2,0,1,1,2,2,1,0,0,0,1,0,1,0,0,1,0,0,1,0,1,0,1,1,0,1,0,1,1,2,0,0,1,1,1,2,2,2,0,0,1,0,1,1,1,0,1,0,0,0,1,0,1,0,0,0,0,1,0,1,1,1,1,0,2,0,2,1,0,0,0,0,0,0,0,1,2,0,0,2,0,2,0,1,0,0,1,1,0,1,0,1,1,2,0,0,0,1,2,0,0,1,0,0,2,1,0,0,1,1,0,0,1,0,0,0,0,0,0,2,0,0,1,1,0,0,1,1,0,1,0,0,1,0,1,0,0,1,0,1,0,1,0,2,1,2,0,1,1,0,0,0,1,1,1,0,1,0,1,0,2,1,0,0,2,0,0,1,1,0,0,0,0,0,0,0,1,0,0,0,1,1,0,1,0,1,0,0,0,0,0,0,1,1,1,0,1,0,0,1,0,0,0,1,0,1,1,0,1,2,0,2,0,0,2,2,0,0,0,1,0,0,2,1,1,0,0,2,0,2,0,0,0,0,1,1,1,0,0,1,2,1,2,0,0,0,1,0,2,0,0,0,1,0,2,1,0,1,1,1,1,0,0,1,0,1,1,0,1,0,0,2,0,0,1,2,0,2,2,0,1,1,0,0,0,0,0,0,1,0,2,1,0,0,0,1,0,0,1,1,0,0,2,0,1,0,0,0,1,0,2,0,0,0,0,1,1,0
"IND138",0,2,0,0,0,0,1,0,0,0,1,1,1,1,1,1,0,0,0,1,0,0,0,1,0,0,0,1,0,2,0,1,1,2,0,0,0,0,1,0,0,0,0,1,1,0,0,2,2,1,0,1,0,1,0,0,1,1,0,1,0,0,2,1,1,1,1,1,1,0,0,1,1,1,0,2,0,0,0,0,1,0,0,0,1,1,1,0,0,1,1,0,0,1,1,1,0,0,1,0,0,0,0,1,2,2,1,0,1,0,0,1,2,0,0,0,0,0,2,1,1,0,1,1,1,2,0,2,1,0,0,1,0,2,0,1,2,1,1,1,0,1,1,0,1,1,0,1,1,0,0,1,1,1,1,1,1,0,0,1,1,1,0,0,1,0,2,0,0,0,0,1,0,0,0,0,0,1,0,1,1,0,1,0,0,0,2,1,0,1,0,2,0,0,0,0,2,1,1,0,1,0,1,1,0,1,0,0,0,0,0,2,0,0,1,0,1,2,1,2,1,0,0,0,0,1,1,0,0,0,0,0,0,0,0,1,0,1,0,0,0,1,1,0,1,0,1,0,1,0,0,1,1,1,0,0,0,0,2,0,0,1,0,2,1,1,0,0,1,1,0,2,1,1,1,1,0,0,0,0,0,0,0,0,0,0,1,1,0,0,2,1,0,2,1,0,1,0,1,1,0,1,0,0,1,1,0,1,1,1,0,2,1,0,1,0,2,1,0,2,0,0,0,0,1,1,0,1,1,1,0,1,0,0,1,1,1,1,0,0,1,0,1,1,1,0,2,0,0,0,1,0,0,0,0,1,0,0,0,0,0,0,0,2,0,0,0,0,0,0,0,0,1,1,0,0,0,0,0,0,0,1,1,0,0,2,0,1,1,1,0,2,0,2,1,0,2,2,1,0,0,0,1,0,2,1,1,0,0,0,0,2,1,0,0,0,1,0,0,0,0,0,1,1,1,0,0,0,1,0,1,1,0,0,1,0,2,1,0,0,1,1,1,0,0,0,0,1,0,0,1,0,1,0,0,0,0,1,1,0,0,0,0,2,0,0,0,0,1,0,1,0,1,0,0,0,0,1,1,0,1,0,1,0,2,0,1,0,0,0,1,1,2,1,0,1,0,1,1,1
"IND139",1,1,1,0,0,0,1,1,0,0,0,0,1,0,2,1,0,0,0,0,2,0,0,1,0,0,0,1,0,2,1,1,0,2,0,0,0,1,0,0,0,0,0,1,1,1,0,2,2,0,0,0,0,1,0,0,1,0,0,1,0,1,2,1,1,0,1,2,1,0,0,1,1,1,0,1,0,1,1,0,1,0,0,0,1,0,0,0,0,0,0,0,0,1,2,1,0,0,1,0,0,0,0,1,2,1,1,0,1,0,0,1,1,1,1,1,1,0,0,0,1,0,1,2,1,2,1,1,0,0,0,0,0,1,0,1,2,1,1,2,0,1,1,0,2,1,0,2,1,0,0,1,1,2,1,1,1,0,0,2,2,0,0,0,1,0,2,0,0,0,0,1,0,0,1,0,1,1,0,1,0,1,1,1,0,0,1,1,0,1,0,1,1,0,1,0,0,1,0,0,1,0,0,0,1,1,1,0,0,1,2,2,0,0,1,1,1,2,1,2,1,0,0,0,1,0,1,0,1,0,0,0,1,0,2,0,0,1,0,0,0,1,1,0,1,0,1,0,0,0,0,1,0,0,0,0,0,0,2,0,0,2,0,2,1,1,0,0,1,1,0,2,0,0,1,2,0,0,0,0,1,0,0,1,0,2,1,0,0,0,2,1,0,0,0,0,1,0,1,1,0,2,0,0,1,1,1,1,1,2,0,2,1,0,1,0,1,0,0,2,0,0,0,1,0,1,0,2,0,1,1,1,0,0,1,1,1,0,0,0,0,0,2,1,1,0,2,0,0,0,1,1,1,0,0,0,0,0,1,0,0,0,1,1,0,1,1,0,0,0,0,0,0,0,0,1,1,0,1,0,0,1,1,0,1,2,0,2,1,1,0,2,0,2,1,0,1,0,1,0,0,1,0,0,1,0,1,0,0,1,0,2,0,2,0,0,1,1,1,0,0,1,2,2,1,0,0,0,0,0,2,1,0,0,1,0,2,1,0,0,1,1,0,0,0,0,0,1,0,0,1,0,1,0,0,0,1,1,1,0,1,0,1,1,0,1,0,0,0,0,1,0,2,1,1,0,2,1,0,0,1,1,1,0,2,0,1,1,0,0,1,1,2,1,0,1,0,0,0,0
"IND140",1,2,0,0,0,0,1,0,0,0,0,0,1,1,2,1,0,0,0,1,1,0,1,1,0,0,0,1,0,2,0,1,1,1,0,1,1,0,0,0,0,0,0,1,1,1,0,1,2,0,0,1,0,0,0,0,0,0,0,1,0,0,2,1,1,1,0,0,1,0,0,0,1,1,0,1,0,1,1,0,0,0,0,0,1,1,1,0,0,1,1,0,0,1,1,1,0,1,1,0,0,0,0,1,2,1,1,0,1,0,0,1,2,0,0,0,0,0,0,0,0,0,2,0,1,1,1,1,0,0,1,1,1,0,0,1,2,1,1,1,0,0,0,0,0,1,0,2,1,0,0,1,2,1,1,1,0,0,0,1,1,0,0,0,0,1,2,0,0,0,1,1,0,0,1,0,0,1,1,1,0,1,2,0,0,2,1,1,1,1,0,0,0,0,1,0,0,1,1,0,1,1,1,0,0,2,1,1,0,0,0,2,0,0,1,0,1,2,0,1,1,0,0,0,1,0,0,0,1,0,0,0,0,0,1,1,0,1,0,0,0,1,0,1,2,0,2,0,1,0,0,0,1,1,0,1,0,1,1,0,0,2,0,2,1,0,0,0,0,1,0,1,1,1,1,2,0,0,0,0,0,0,0,1,0,0,2,0,0,0,2,1,0,1,1,0,1,0,1,1,0,1,0,0,0,1,1,0,1,1,0,1,1,0,1,1,1,0,0,1,0,1,0,1,1,2,0,1,0,1,0,1,0,0,1,2,1,0,0,2,0,1,2,1,1,0,1,0,0,1,1,0,0,0,0,1,0,1,1,0,0,0,1,2,0,0,0,1,0,1,0,0,1,0,0,0,1,0,1,0,0,0,0,0,1,2,0,2,1,1,0,2,0,2,2,0,2,1,0,0,0,0,0,0,2,1,1,1,0,2,0,1,0,2,0,0,1,0,0,0,0,1,1,2,1,0,0,1,1,0,2,1,0,0,1,0,2,1,0,1,0,1,0,1,0,0,0,0,0,0,1,0,1,0,0,0,1,1,1,0,1,0,1,2,0,1,0,0,2,0,0,0,1,1,0,0,2,1,0,1,1,1,0,0,2,0,1,0,0,0,1,0,2,0,0,1,0,0,1,0
"IND141",1,0,1,0,0,0,0,0,0,0,0,1,1,0,0,1,2,0,0,0,2,0,0,2,1,0,1,1,1,0,1,0,0,1,0,2,0,0,0,0,2,1,0,1,1,1,1,2,2,0,1,1,1,2,0,1,0,0,0,0,1,1,2,1,0,0,0,1,0,0,0,1,1,1,0,1,0,0,1,1,2,1,1,1,2,0,0,0,0,1,1,0,0,2,1,0,1,0,1,2,0,0,0,1,0,2,0,2,0,0,1,2,2,0,1,1,0,0,0,1,0,0,0,1,1,0,1,1,1,1,2,0,1,0,0,0,1,0,0,1,1,0,2,2,1,1,0,0,0,0,0,1,0,1,0,1,1,0,0,0,2,0,1,2,0,1,2,1,1,0,0,0,0,1,0,0,1,0,2,1,1,0,0,0,0,0,1,0,0,1,0,0,2,0,0,0,0,1,2,2,2,0,0,0,1,1,1,1,0,0,0,0,1,0,1,0,1,1,1,1,0,1,0,2,1,0,0,1,0,0,0,0,1,0,1,1,1,1,2,0,0,1,0,0,1,1,1,0,0,2,0,0,1,0,0,1,0,0,1,0,0,0,1,2,0,0,0,1,0,2,1,1,0,1,0,0,2,0,0,0,0,1,0,0,0,0,1,0,0,0,1,1,1,0,1,0,0,1,1,0,1,0,0,0,0,2,1,0,0,0,0,1,1,0,1,0,0,0,1,2,1,2,0,1,2,1,1,0,0,0,0,0,0,1,1,1,0,0,0,0,0,0,1,0,0,0,1,1,2,2,0,0,1,0,0,2,1,0,0,1,2,1,0,1,0,2,2,1,1,0,0,1,0,0,0,1,0,0,1,0,0,0,0,1,2,1,0,2,1,0,1,0,1,0,1,1,1,1,0,0,0,0,2,1,1,0,1,1,0,1,1,0,0,2,0,0,0,1,0,0,0,0,1,1,0,0,1,0,0,0,1,1,0,0,1,0,1,1,0,0,1,2,0,1,0,0,0,1,1,0,0,1,1,1,0,1,0,0,1,0,1,0,0,1,0,1,0,0,0,1,0,0,1,1,0,0,0,0,1,1,0,1,1,0,1,0,0,0,0,0,0,1,1,0,0,1,2,0,0,1
"IND142",1,0,1,0,0,0,0,0,1,0,0,1,0,1,0,1,0,0,0,1,1,0,1,1,1,1,0,1,1,0,1,0,0,2,0,2,0,1,1,1,1,2,0,2,1,1,1,0,1,0,1,1,0,1,0,1,1,0,0,0,2,0,2,1,0,0,0,0,0,0,0,1,1,1,0,2,0,1,1,1,1,0,1,0,2,0,0,0,0,0,1,0,1,1,1,1,0,0,2,2,0,0,0,1,0,2,1,2,1,0,1,0,1,1,1,1,0,1,0,0,0,0,0,2,1,0,0,1,0,1,2,0,1,0,0,0,1,0,0,0,0,0,2,2,0,0,0,1,1,0,0,1,0,1,1,2,0,0,0,0,2,1,1,1,0,1,2,1,1,1,0,0,0,1,0,1,1,0,1,1,0,0,0,0,0,0,1,1,0,1,0,0,0,0,1,0,0,1,2,2,2,0,1,0,0,0,1,0,0,0,0,1,1,0,1,0,1,1,1,2,1,1,0,1,1,0,0,1,0,0,0,0,1,0,1,1,1,1,2,0,0,1,0,1,1,1,1,0,2,2,1,0,1,0,1,2,0,0,0,0,1,0,1,1,0,1,0,1,0,2,1,2,0,0,1,1,2,0,1,0,0,1,1,0,0,0,1,0,0,0,2,0,1,1,0,0,0,1,0,1,1,1,0,0,0,2,1,1,0,0,1,1,1,0,1,0,0,1,1,2,1,1,0,1,2,1,1,0,0,1,1,0,1,2,1,0,0,0,0,0,1,0,2,0,0,0,1,1,2,2,1,0,1,0,0,2,2,0,1,2,1,1,0,1,0,1,0,1,0,1,0,0,0,0,0,1,0,0,1,1,0,0,0,0,2,1,0,1,1,1,0,1,1,0,1,0,0,1,1,0,0,1,2,0,1,0,1,1,0,0,0,1,0,2,0,0,0,1,0,0,0,1,1,0,2,0,1,0,0,0,1,0,1,0,0,0,1,0,0,1,1,2,0,1,0,0,0,1,1,2,0,1,0,1,0,1,0,0,2,0,1,1,0,0,0,1,1,0,0,1,0,0,1,1,0,0,0,0,1,1,1,0,1,0,2,0,0,0,0,0,1,1,1,1,1,1,1,0,0,0
"IND143",0,0,0,0,0,0,0,0,2,0,0,1,0,0,0,2,1,0,1,1,2,0,0,1,0,1,0,1,1,0,1,0,0,2,0,1,0,1,1,1,1,0,0,0,0,1,1,2,1,0,1,1,1,2,0,1,0,1,1,1,1,1,0,2,0,0,0,0,0,0,0,0,1,1,2,2,0,2,1,2,1,0,1,1,1,1,0,0,0,0,1,0,0,1,1,0,0,1,2,2,0,0,0,1,0,2,1,1,0,0,1,1,1,0,1,1,0,1,0,0,0,0,0,1,1,0,2,1,1,0,2,0,1,0,0,1,0,0,0,0,0,0,1,1,1,1,0,0,1,0,0,1,1,0,1,2,0,0,0,0,2,0,1,1,1,1,2,1,0,1,2,1,0,1,0,0,1,0,1,1,0,0,0,0,0,1,1,0,0,1,1,0,0,0,1,0,0,0,2,2,2,0,1,0,0,1,1,0,0,0,1,1,0,0,1,0,1,0,1,1,1,1,0,1,0,0,0,1,0,0,0,0,1,0,1,1,1,1,2,0,1,1,0,0,0,1,1,0,0,2,1,0,1,0,1,2,0,1,1,1,0,0,0,2,1,0,1,1,1,2,1,2,0,1,1,1,2,0,0,0,0,0,0,1,0,0,1,0,0,0,1,1,1,1,0,0,1,2,0,1,0,0,0,0,0,1,1,1,0,0,1,1,0,0,1,0,0,2,1,2,0,1,0,1,1,2,0,1,0,1,1,0,1,1,1,2,0,0,2,0,1,0,1,1,0,0,1,0,2,2,1,0,1,0,0,1,2,1,1,1,0,1,0,1,0,2,0,1,1,0,0,1,0,0,0,1,0,0,0,0,0,0,0,1,2,2,0,2,1,1,2,1,0,0,1,0,0,1,0,1,0,0,2,0,1,0,1,1,0,1,0,1,0,2,0,0,0,1,0,0,0,0,1,1,1,0,1,0,1,0,1,0,1,0,0,0,1,1,0,0,1,1,0,0,0,0,0,1,2,1,0,0,1,1,0,1,0,1,1,0,1,0,0,0,0,2,0,0,0,1,0,0,1,1,0,0,0,1,0,0,1,1,1,0,0,0,0,0,1,0,1,0,0,1,1,0,1,0,1,0
"IND144",0,0,1,0,0,0,1,0,1,0,0,1,0,1,0,2,2,0,0,0,1,0,2,0,1,0,0,1,1,0,1,0,0,2,0,2,0,0,1,0,1,2,0,1,0,1,1,0,1,0,1,0,1,2,0,1,0,0,0,1,0,1,1,2,0,0,0,1,0,0,0,1,1,1,1,1,0,2,1,2,1,0,1,1,1,0,0,0,0,1,1,0,1,2,1,1,1,0,1,2,0,0,0,0,1,2,1,1,0,0,1,1,1,1,1,1,1,0,0,0,0,0,0,0,1,0,1,1,1,1,2,0,1,0,0,1,0,0,0,1,1,0,1,1,0,2,0,0,1,0,0,1,0,1,1,1,1,0,0,0,2,0,1,1,0,0,1,1,1,0,1,0,0,2,0,1,1,0,2,0,1,0,0,0,0,1,1,0,0,1,1,0,1,0,0,0,0,1,1,1,2,0,1,0,0,0,1,0,0,0,1,1,1,0,1,1,1,1,1,0,1,0,0,1,0,1,0,1,0,0,1,0,1,0,1,0,0,0,2,0,1,0,0,1,0,1,1,0,1,2,1,0,1,0,1,1,0,1,1,2,0,0,2,2,1,1,1,0,0,2,0,0,0,1,0,0,1,0,1,0,0,0,0,1,0,0,1,0,0,0,1,1,1,0,1,0,1,1,0,1,1,1,0,0,1,1,0,1,0,0,0,1,1,0,1,0,0,1,2,2,1,1,0,1,1,1,1,1,0,1,0,0,1,1,1,0,0,0,1,0,0,0,1,0,0,0,2,0,2,2,0,0,0,0,0,2,0,1,0,1,0,0,0,2,0,2,0,0,0,0,0,1,1,0,0,1,0,0,1,0,0,0,0,0,0,2,0,2,1,1,0,1,1,0,1,0,1,1,1,1,0,0,1,0,1,0,1,1,0,0,1,0,0,2,0,0,0,1,0,0,0,1,0,0,1,0,1,0,1,0,0,0,1,0,1,0,1,0,0,0,1,0,0,0,0,0,0,1,1,2,0,1,1,1,0,1,0,2,1,0,0,0,0,1,0,2,0,0,0,1,0,0,1,2,0,0,0,0,0,0,0,1,0,0,1,0,1,0,1,0,0,0,1,1,0,0,1,0,0,0
"IND145",0,0,1,0,1,0,1,0,0,0,0,1,1,0,0,0,2,0,1,1,1,0,2,2,1,0,1,1,0,0,1,0,0,2,0,1,0,1,1,0,0,1,0,0,0,1,1,1,2,0,0,1,0,2,0,1,0,1,0,1,1,1,1,1,0,0,0,1,0,0,0,0,1,1,0,1,0,1,1,0,1,0,1,1,2,1,0,0,0,0,2,0,0,1,1,1,0,1,0,2,0,0,0,2,1,0,0,2,0,0,1,1,1,0,0,2,0,0,0,0,0,0,1,0,2,0,1,1,0,1,1,0,1,0,0,0,1,0,0,1,1,0,0,1,1,1,0,0,1,0,0,1,1,0,0,2,0,0,0,1,2,1,1,1,1,0,1,1,0,1,0,1,0,1,0,0,1,1,1,1,0,0,0,0,0,0,1,1,0,0,1,1,1,0,1,0,0,0,1,1,2,0,1,0,1,0,1,0,0,0,1,0,0,0,1,0,1,0,1,2,0,0,0,1,2,1,0,1,0,0,0,0,1,0,1,1,1,0,2,0,0,1,0,1,0,1,1,0,0,2,1,0,1,0,0,1,0,1,1,2,1,0,1,1,0,1,1,0,0,2,0,1,0,1,0,1,1,0,0,0,0,0,0,0,1,0,1,0,0,0,0,0,1,1,0,0,1,2,1,0,0,1,0,0,1,2,1,0,0,0,0,1,0,0,0,0,0,0,2,2,0,1,0,1,1,0,0,1,0,0,0,0,0,2,1,0,0,0,0,0,1,0,1,0,0,0,1,0,1,2,0,1,1,0,0,2,0,0,1,2,0,0,0,2,0,2,1,1,0,0,0,0,0,0,0,1,0,0,1,0,0,0,0,0,0,1,0,1,1,0,0,0,1,0,0,1,2,1,1,1,0,1,2,1,1,0,1,1,0,0,0,0,0,2,0,0,0,1,0,0,0,0,1,0,0,0,1,0,0,0,0,0,1,0,0,0,1,1,0,0,1,1,0,0,0,0,0,1,1,2,0,0,1,1,0,1,0,1,2,0,1,1,0,1,0,2,1,0,0,1,0,0,1,1,0,0,0,1,0,1,1,0,1,0,0,0,1,0,0,0,1,1,1,1,1,0,1,0,1,0
"IND146",1,0,0,0,0,0,1,0,1,0,0,1,0,1,0,1,2,0,0,0,1,0,2,0,1,1,0,1,1,0,1,0,0,2,0,2,0,0,0,1,1,1,0,1,1,2,1,0,2,0,1,1,0,1,0,1,0,1,2,0,1,2,1,2,0,0,0,1,0,0,0,1,1,1,0,2,0,1,1,2,2,1,1,1,2,0,0,0,0,1,1,0,0,2,1,1,0,1,0,2,0,0,0,0,2,0,1,1,0,0,1,0,1,1,1,1,0,1,0,0,0,1,1,1,0,0,1,1,1,1,2,0,1,0,0,1,1,0,0,1,1,0,1,2,1,2,0,1,0,0,0,2,0,1,0,2,0,0,0,0,2,0,1,2,0,1,1,1,1,0,1,1,0,2,0,1,1,1,1,0,0,0,0,0,0,0,1,1,0,1,1,0,2,0,1,0,0,1,1,2,2,0,2,0,0,0,1,0,0,0,1,0,1,0,1,1,1,1,1,1,0,1,0,2,2,1,0,1,0,0,0,0,1,0,1,0,0,1,1,0,0,0,0,0,1,1,1,0,0,2,1,0,1,0,1,1,0,1,1,1,0,0,2,2,1,1,0,1,1,2,0,2,0,0,1,0,0,0,1,0,0,1,1,1,0,0,1,0,0,0,2,0,1,1,0,0,0,2,1,0,1,0,0,0,0,1,1,1,0,0,1,1,0,0,1,0,0,2,2,2,1,0,0,1,1,0,0,1,0,0,2,0,0,2,1,0,1,0,1,0,1,0,2,0,0,0,2,1,1,2,0,1,1,0,0,1,1,0,0,1,1,1,0,1,0,2,0,1,1,0,0,0,0,0,0,1,0,0,0,1,0,0,0,1,0,1,0,2,0,0,0,1,0,0,0,0,2,1,0,0,0,1,1,0,1,0,1,0,0,0,1,0,0,2,0,0,0,1,0,0,0,0,0,0,1,0,1,0,1,0,1,0,0,0,1,0,0,0,0,1,1,1,0,0,0,0,0,1,0,1,0,0,1,1,0,1,0,1,1,1,1,1,0,1,0,1,0,0,0,1,0,0,1,1,0,0,0,0,1,0,1,0,1,0,2,0,1,0,0,0,0,1,1,1,1,0,1,0,0,0
"IND147",0,0,0,0,0,0,2,0,1,0,0,1,0,1,0,1,0,0,0,0,2,0,1,1,0,0,0,1,0,0,1,0,0,2,0,2,0,0,0,1,2,1,0,2,0,1,1,0,2,0,1,0,1,2,0,1,1,0,0,1,1,1,0,2,0,0,0,1,0,0,0,0,1,1,0,2,0,2,1,1,1,1,1,1,1,1,0,0,0,1,1,0,0,2,1,1,1,0,0,2,0,0,0,1,0,1,0,2,0,0,1,1,0,1,1,2,0,1,0,1,0,1,0,1,2,0,0,1,0,1,2,0,1,0,0,1,0,0,0,0,1,0,1,2,1,2,0,0,1,0,0,1,0,1,0,2,0,0,0,0,2,0,1,1,1,0,2,0,0,1,2,0,0,1,0,1,1,0,1,1,0,0,0,0,0,0,1,1,0,0,1,1,2,0,1,0,0,1,2,1,2,0,0,0,0,1,1,1,0,0,1,1,0,0,1,0,1,0,1,1,0,1,0,1,1,1,0,1,0,0,1,0,1,0,1,2,1,1,1,0,1,1,0,1,0,0,1,0,1,2,1,0,1,0,0,2,0,2,1,2,0,0,1,2,0,1,1,0,1,2,0,1,0,0,1,1,1,0,1,0,0,1,1,1,1,0,1,0,0,0,2,0,1,0,1,0,1,2,1,0,1,1,0,0,1,2,0,1,0,0,0,1,1,0,0,0,0,2,2,2,0,2,0,1,2,2,0,1,0,0,2,0,1,2,1,0,0,0,2,0,0,0,1,0,0,0,1,0,1,1,1,0,1,0,0,1,1,1,0,1,1,1,0,1,1,1,0,0,1,0,0,0,1,0,0,1,0,0,1,1,0,0,0,0,2,2,0,2,2,0,1,1,1,1,2,1,1,1,1,0,0,1,2,1,1,0,1,0,0,0,0,0,0,2,0,0,0,1,0,0,0,0,1,0,1,0,1,0,1,0,0,0,1,0,0,0,1,0,0,1,1,1,0,1,0,0,0,1,1,2,0,0,0,1,0,1,0,2,1,1,0,1,0,1,0,1,0,0,0,2,0,0,1,1,0,0,0,1,0,1,0,1,1,0,1,0,0,0,1,0,1,0,0,1,0,1,2,0,1,0
"IND148",1,0,1,0,0,0,1,0,1,0,0,1,1,1,0,2,1,0,1,1,2,0,2,1,0,1,1,1,0,0,1,0,0,2,0,2,0,0,0,1,1,1,0,0,0,2,1,0,2,0,1,0,1,2,0,1,1,1,2,1,2,1,1,1,0,0,0,1,0,0,0,1,1,1,2,1,0,1,1,2,2,0,1,1,2,1,0,0,0,0,1,0,1,1,0,1,0,1,1,2,0,0,0,1,0,0,0,2,0,0,1,1,0,1,0,2,0,1,0,0,0,0,1,1,0,0,2,1,0,0,1,0,1,0,0,1,0,0,0,1,0,0,1,1,0,0,0,0,1,0,0,1,1,0,1,1,1,0,0,1,2,0,1,1,1,0,1,1,0,1,0,0,0,1,0,0,1,0,2,1,0,0,0,0,0,0,0,1,0,1,1,1,0,0,0,0,0,0,1,1,2,0,0,0,0,0,1,0,0,0,1,1,0,0,1,0,1,1,1,0,1,0,0,2,0,0,0,1,0,0,0,0,1,0,1,2,2,0,1,0,1,1,0,1,1,0,0,0,0,2,0,0,1,0,1,2,0,1,1,2,0,0,2,1,1,0,0,0,0,2,0,2,0,1,1,0,2,0,1,0,0,1,0,0,0,0,1,0,0,0,1,0,1,0,0,0,1,2,0,0,1,0,0,0,1,2,0,0,0,0,0,1,0,0,0,0,0,0,2,2,0,1,0,1,2,1,0,1,0,0,1,0,0,2,1,0,1,0,0,0,0,0,1,0,0,0,2,1,1,1,1,0,1,0,0,1,2,0,0,2,0,0,0,0,0,1,0,0,1,1,0,1,0,0,0,1,0,0,1,1,0,0,0,1,1,2,0,1,1,1,0,1,0,1,0,0,0,1,0,0,0,0,1,1,1,0,1,1,0,1,1,1,0,2,0,0,0,1,0,0,0,1,0,0,1,0,1,0,2,0,0,1,1,0,0,0,0,0,0,0,1,0,0,1,0,0,0,1,1,2,0,1,1,1,0,1,0,1,2,0,0,0,0,0,0,1,0,0,0,1,0,0,1,2,0,0,0,1,1,1,0,1,0,0,2,0,1,0,1,0,0,1,0,1,0,1,1,0,0,0
"IND149",0,0,1,0,1,0,1,0,1,0,0,1,0,0,0,2,2,0,0,1,2,0,1,0,0,1,1,1,0,0,1,0,0,2,0,1,0,0,1,1,0,1,0,1,0,0,1,2,1,0,0,0,0,2,0,1,0,0,2,1,2,1,2,2,0,0,0,0,0,0,0,1,1,1,0,1,0,1,1,0,2,0,1,1,2,1,0,0,0,0,0,0,1,2,2,1,0,0,1,1,0,0,0,1,2,2,0,2,0,0,1,1,2,1,0,1,0,1,0,0,0,2,0,2,1,0,0,1,0,0,2,0,1,0,0,0,1,0,0,1,1,0,1,2,1,1,0,1,1,0,0,2,0,1,0,1,0,0,0,0,2,0,1,1,1,1,1,1,0,0,1,1,0,0,0,0,1,1,1,0,1,0,0,0,0,1,2,1,0,0,1,0,1,0,1,0,0,1,2,2,2,0,1,0,0,1,1,1,0,0,0,0,0,0,1,0,1,0,1,2,1,0,0,2,1,0,0,1,0,0,0,0,1,0,1,1,0,2,2,0,0,1,0,1,1,1,0,0,1,2,1,0,1,0,1,2,0,2,1,2,0,0,1,2,1,0,1,1,0,2,1,2,0,0,0,1,2,0,1,0,0,1,0,0,1,0,1,0,0,0,2,0,1,1,0,0,0,2,0,1,0,0,0,0,0,1,1,1,0,0,0,1,1,0,1,0,0,1,1,2,0,0,0,1,2,2,0,1,0,1,2,0,1,2,1,1,0,0,0,0,1,0,1,1,0,0,2,1,2,1,1,1,0,0,0,0,1,0,0,1,1,1,0,2,1,1,2,1,1,1,0,1,0,0,0,1,0,0,1,1,0,0,0,1,2,1,0,1,1,1,1,0,1,1,1,1,1,1,1,0,0,0,1,0,1,0,1,0,0,1,0,1,0,2,0,0,0,1,0,0,0,0,0,0,1,0,1,0,1,0,0,0,1,0,0,0,1,0,0,0,1,2,0,1,0,0,0,1,2,0,1,1,0,1,0,1,0,1,2,0,0,0,0,0,0,0,1,0,0,1,1,0,1,1,0,0,0,1,0,0,1,0,1,0,1,0,1,0,1,0,1,1,1,1,0,0,0,0,1,1
"IND150",1,0,1,0,0,0,1,0,0,0,0,1,0,0,0,1,2,0,1,0,2,0,0,1,0,1,1,1,1,0,1,0,0,2,0,2,0,0,0,0,0,1,0,2,0,0,1,1,1,0,1,0,1,1,0,1,0,1,1,0,1,0,1,2,0,0,0,1,0,0,0,1,1,1,1,2,0,0,1,0,2,0,1,1,1,1,0,0,0,0,0,0,1,2,2,0,0,0,2,2,0,0,0,1,1,1,0,2,1,0,1,2,1,1,1,1,1,0,0,1,0,1,0,2,2,0,1,1,1,0,2,0,1,0,0,1,1,0,0,1,1,0,1,2,1,0,0,1,0,0,0,1,1,1,1,2,1,0,0,1,2,1,1,0,0,0,2,1,0,0,1,0,0,2,0,0,1,1,1,1,0,0,0,0,0,0,1,0,0,0,0,1,2,0,1,0,0,0,2,2,2,0,0,0,0,1,1,0,0,0,1,0,0,0,1,1,1,1,1,1,1,0,0,1,2,1,0,1,0,0,1,0,1,0,1,1,1,0,1,0,0,0,0,0,1,0,1,0,0,2,1,0,1,0,1,2,0,1,0,1,0,0,0,1,0,1,1,1,1,2,1,2,0,0,1,1,2,0,2,0,0,0,0,1,0,0,1,0,0,0,0,0,1,0,1,0,1,1,1,1,1,1,0,0,1,1,0,1,0,0,1,1,1,0,0,0,0,2,1,2,1,1,0,1,1,0,1,1,0,0,0,0,0,2,1,0,1,0,1,0,1,0,2,1,0,0,2,0,1,2,1,0,1,0,0,1,0,0,1,2,1,1,0,2,1,1,1,0,0,0,0,0,0,0,0,1,0,0,1,0,0,0,0,1,1,2,0,2,1,0,2,1,0,0,1,1,2,1,0,1,0,0,1,0,1,0,1,0,0,1,0,0,0,2,0,0,0,1,0,0,0,0,0,1,0,0,1,0,0,0,1,0,1,0,0,0,0,0,0,0,1,1,0,1,0,0,0,1,2,1,0,0,1,1,0,1,0,0,1,1,0,1,0,1,0,1,0,0,0,2,0,0,1,1,0,0,0,0,0,0,0,1,1,0,1,0,1,0,1,0,1,1,1,2,1,1,1,0,1,0
"IND151",1,0,1,0,1,0,1,0,1,0,0,1,0,0,0,2,1,0,0,0,1,0,0,0,0,1,0,1,1,0,1,0,0,1,0,1,0,1,1,0,1,2,0,1,1,0,1,2,1,0,0,1,1,2,0,1,1,1,0,1,1,0,2,2,0,0,0,0,0,0,0,1,1,1,1,1,0,2,1,2,2,0,1,0,2,1,0,0,0,1,2,0,0,0,1,1,1,1,1,2,0,0,0,1,1,1,0,2,0,0,1,1,0,0,0,2,1,0,0,0,0,1,1,1,1,0,2,1,0,1,2,0,1,0,0,0,1,0,0,0,0,0,1,1,0,1,0,0,1,0,0,1,0,1,1,1,1,0,0,1,2,1,1,0,0,0,1,1,0,0,2,1,0,1,0,1,1,1,2,1,0,0,0,0,0,0,0,0,0,0,0,0,0,0,1,0,0,1,1,1,2,0,0,0,1,0,1,1,0,0,1,0,0,0,1,0,1,0,1,0,0,1,0,2,1,1,0,1,0,0,1,0,1,0,1,1,1,2,1,0,1,1,0,1,1,1,1,0,1,2,1,0,1,0,0,2,0,0,1,0,0,0,1,1,0,1,0,0,0,2,0,1,0,1,0,1,0,0,1,0,0,1,0,1,1,0,1,0,0,0,1,1,1,0,0,0,1,1,0,0,1,0,0,0,0,1,1,0,0,0,0,1,1,0,0,0,0,1,2,2,0,0,0,1,1,0,0,1,0,1,1,0,1,2,1,1,1,0,0,0,1,0,1,1,0,0,1,0,1,2,0,0,0,0,0,2,1,1,0,2,1,1,0,0,1,1,2,0,1,1,0,0,0,0,0,1,0,0,1,1,0,0,0,0,0,2,0,1,0,0,1,1,0,0,0,1,1,1,1,0,0,0,2,1,1,0,1,0,0,0,1,0,0,2,0,0,0,1,0,0,0,1,0,0,1,0,1,0,2,0,0,1,0,0,1,0,0,1,0,1,1,0,0,0,0,0,0,1,2,1,1,0,0,1,0,1,0,1,2,0,1,1,0,1,0,0,1,0,0,1,0,0,1,1,0,0,0,1,0,1,0,0,1,0,0,0,0,0,0,0,0,0,0,1,0,1,1,0,1,1
"IND152",0,0,0,0,0,0,1,0,0,0,0,1,0,1,0,1,0,0,0,1,1,0,1,1,0,1,0,1,0,0,1,0,0,2,0,2,0,0,0,0,0,0,0,0,0,1,1,1,1,0,1,0,0,2,0,1,1,0,2,1,2,2,2,2,0,0,0,0,0,0,0,1,1,1,2,1,0,0,1,1,2,0,1,1,1,1,0,0,0,1,2,0,1,1,2,1,1,0,1,1,0,0,0,2,1,2,1,2,1,0,1,1,1,1,0,1,0,1,0,0,0,2,1,1,2,0,0,1,0,1,2,0,1,0,0,1,0,0,0,1,1,0,0,1,0,1,0,0,0,0,0,1,0,0,1,2,1,0,0,1,2,0,1,1,1,0,1,0,0,1,2,0,0,1,0,0,1,0,1,1,0,0,0,0,0,0,2,0,0,1,1,1,0,0,0,0,0,1,2,2,2,0,1,0,0,0,1,1,0,0,1,1,1,0,1,1,1,1,1,1,1,0,0,1,2,0,0,1,0,0,0,0,1,0,1,1,1,1,1,0,0,1,0,1,1,1,0,0,1,2,1,0,1,0,1,1,0,0,0,2,0,0,1,1,1,1,0,1,0,2,1,0,0,1,0,0,2,0,2,0,0,0,1,1,0,0,1,0,0,0,2,1,1,0,0,0,1,2,0,0,0,0,0,0,0,1,1,0,0,0,0,1,0,0,0,0,0,2,1,2,0,1,0,1,1,1,0,0,0,1,1,0,1,1,1,1,0,0,1,0,1,0,0,1,0,0,1,0,2,2,0,1,0,0,0,0,1,0,0,2,2,1,0,2,0,1,1,0,1,1,0,0,0,0,0,1,0,0,1,1,0,0,0,1,2,2,0,1,2,0,1,0,1,1,0,0,1,1,1,0,0,0,2,0,1,0,1,0,0,0,0,0,0,2,0,0,0,1,0,0,0,1,1,1,1,0,1,0,1,0,0,0,1,0,0,0,0,1,0,0,1,1,0,1,0,0,0,1,1,0,0,1,1,1,0,1,0,1,2,1,0,0,0,1,0,0,0,0,0,1,1,0,1,2,0,0,0,0,1,1,1,1,1,0,2,0,0,0,0,0,1,0,0,1,0,1,1,0,0,0
"IND153",1,0,0,0,0,0,1,0,0,0,0,1,0,1,0,2,0,0,1,1,1,0,2,1,0,0,1,1,1,0,1,0,0,2,0,1,0,1,1,0,1,2,0,1,0,1,1,1,2,0,1,1,1,1,0,1,1,0,1,0,0,0,2,2,0,0,0,1,0,0,0,1,1,1,1,1,0,1,1,1,2,0,1,1,1,1,0,0,0,1,2,0,0,1,2,1,0,0,1,2,0,0,0,1,1,2,0,1,0,0,1,2,2,1,1,2,0,1,0,0,0,1,1,1,1,0,1,1,1,1,2,0,1,0,0,0,0,0,0,1,1,0,1,2,0,1,0,1,0,0,0,2,0,1,0,2,0,0,0,1,2,1,1,1,0,0,2,0,0,0,1,0,0,1,0,1,1,0,2,0,0,0,0,0,0,0,1,0,0,1,1,1,1,0,1,0,0,1,2,2,2,0,1,0,1,0,1,0,0,0,0,1,1,0,1,1,1,0,1,0,0,1,0,2,1,0,0,1,0,0,1,0,1,0,1,0,1,1,1,0,1,1,0,0,1,0,1,0,1,2,1,0,1,0,1,1,0,1,0,1,0,0,1,1,1,0,1,1,0,2,1,2,0,0,1,1,2,0,1,0,0,1,1,1,0,0,1,0,0,0,0,1,1,1,1,0,0,2,1,0,0,1,0,0,1,2,0,0,0,0,1,1,1,0,0,0,0,2,1,2,1,2,0,1,1,0,0,1,0,0,0,0,0,1,1,1,1,0,2,0,0,0,1,0,0,0,1,1,1,2,1,1,1,0,0,1,0,1,0,2,2,1,0,1,1,1,1,0,0,1,0,1,0,0,0,1,0,0,1,1,0,0,0,1,2,1,0,1,0,0,2,0,0,0,2,1,1,1,1,0,0,1,2,1,1,0,1,0,0,1,1,1,0,2,0,0,0,1,0,0,0,1,1,1,0,0,1,0,1,0,1,1,0,0,0,0,1,0,0,1,1,1,0,0,0,0,0,1,1,1,0,0,0,1,0,1,0,1,1,0,0,1,0,0,0,2,1,0,0,1,0,0,1,2,0,0,0,0,1,1,0,0,1,0,1,0,1,0,0,0,0,1,0,2,0,0,1,0,1,1
"IND154",1,0,1,0,0,0,0,0,0,0,0,1,0,0,0,2,1,0,0,0,1,0,1,1,0,1,1,1,1,0,1,0,0,2,0,1,0,1,0,0,0,0,0,2,1,0,1,2,1,0,0,1,0,1,0,1,0,0,0,0,0,1,1,1,0,0,0,0,0,0,0,0,1,1,1,1,0,1,1,0,1,1,1,0,2,0,0,0,0,0,1,0,0,2,0,0,0,1,1,1,0,0,0,2,1,1,1,1,0,0,1,0,1,1,0,1,0,0,0,1,0,1,0,0,1,0,1,1,0,1,2,0,1,0,0,1,0,0,0,0,1,0,1,1,0,1,0,0,0,0,0,2,1,0,1,2,1,0,0,1,2,0,1,2,1,1,1,1,0,0,0,0,0,2,0,1,1,1,2,1,0,0,0,0,0,1,1,0,0,1,1,1,1,0,1,0,0,0,2,2,2,0,1,0,0,1,1,0,0,0,0,0,0,0,1,0,1,0,1,1,1,0,0,2,1,0,0,1,0,0,0,0,1,0,1,1,1,1,1,0,0,0,0,1,1,0,1,0,1,2,0,0,1,0,0,1,0,0,1,1,0,0,2,2,0,1,0,1,0,2,1,1,0,0,0,1,1,0,0,0,0,1,0,0,0,0,1,0,0,0,0,1,1,1,1,0,0,1,1,1,1,0,0,0,1,1,0,1,0,0,0,1,0,0,1,0,0,2,1,2,0,1,0,1,2,2,0,0,0,0,1,0,0,2,1,0,1,0,2,0,1,0,1,0,0,0,2,1,2,2,1,0,1,0,0,1,1,0,1,1,1,1,0,1,0,1,1,1,1,1,0,1,1,0,0,1,0,0,0,0,0,0,0,0,1,1,0,2,2,1,2,0,0,1,2,1,2,1,0,1,0,0,2,0,1,0,1,1,0,1,0,1,0,2,0,0,0,1,0,0,0,0,0,0,1,0,1,0,1,0,1,1,1,0,1,0,0,0,0,1,1,1,0,0,0,0,0,1,0,2,1,1,0,1,0,1,0,2,2,0,1,0,0,0,0,2,0,0,0,2,1,0,1,2,0,0,0,1,0,1,1,0,0,0,1,0,1,0,0,0,0,1,0,1,1,0,1,0,0,0
"IND155",1,0,1,0,0,0,2,0,2,0,0,1,1,0,0,1,0,0,1,1,1,0,1,2,1,1,1,1,0,0,1,0,0,2,0,1,0,1,0,0,0,0,0,2,0,2,1,1,1,0,1,1,1,1,0,1,0,1,2,1,1,0,0,1,0,0,0,0,0,0,0,0,1,1,1,2,0,1,1,1,2,1,1,0,2,0,0,0,0,0,2,0,1,0,0,0,1,0,1,1,0,0,0,0,1,1,1,2,0,0,1,1,0,0,0,2,1,1,0,0,0,1,0,1,1,0,1,1,1,1,2,0,1,0,0,1,0,0,0,0,0,0,0,1,1,1,0,0,0,0,0,0,0,1,0,2,1,0,0,1,2,0,1,2,1,1,2,1,0,0,0,1,0,0,0,1,1,0,1,1,0,0,0,0,0,1,0,0,0,1,1,1,1,0,0,0,0,0,2,2,2,0,0,0,0,1,1,1,0,0,1,0,0,0,1,1,1,0,1,1,0,0,0,1,1,1,0,1,0,0,0,0,1,0,1,0,1,1,1,0,1,0,0,1,1,0,0,0,2,2,1,0,1,0,1,1,0,0,1,1,0,0,2,1,1,1,1,1,0,2,1,0,0,0,1,1,0,0,0,0,0,1,1,1,1,0,1,0,0,0,0,1,1,1,0,0,0,1,1,0,1,1,0,0,1,1,1,0,0,0,1,1,0,0,1,0,0,1,1,2,1,0,0,1,1,0,0,1,0,1,2,0,0,1,1,2,1,0,1,0,1,0,1,0,0,0,2,0,1,2,1,1,1,0,0,2,1,1,0,2,1,1,0,2,0,1,0,1,1,1,0,0,0,0,0,1,0,0,1,1,0,0,0,1,0,1,0,1,1,0,0,1,1,0,0,0,0,1,1,0,0,1,1,1,1,0,1,1,0,1,1,0,0,2,0,0,0,1,0,0,0,0,0,1,1,0,1,0,0,0,0,1,1,0,0,0,1,0,0,0,1,1,0,1,0,0,0,1,0,1,0,0,1,1,0,1,0,1,2,0,1,0,0,1,0,1,1,0,0,1,1,0,1,2,0,0,0,0,1,1,0,0,0,0,2,0,1,0,0,0,1,1,1,1,1,1,0,0,1,0
"IND156",0,0,0,0,0,0,0,0,2,0,0,1,0,0,0,1,2,0,0,1,1,0,2,0,0,0,1,1,0,0,1,0,0,1,0,2,0,0,0,1,0,1,0,1,0,2,1,2,1,0,1,0,1,2,0,1,0,1,1,0,2,1,1,1,0,0,0,0,0,0,0,1,1,1,2,2,0,1,1,1,1,1,1,0,2,1,0,0,0,1,0,0,0,0,2,0,1,0,1,2,0,0,0,0,1,2,0,2,0,0,1,2,1,0,0,1,1,0,0,0,0,1,1,0,1,0,0,1,1,1,1,0,1,0,0,0,1,0,0,0,1,0,0,1,1,2,0,0,0,0,0,2,0,0,0,2,1,0,0,0,2,0,1,1,0,0,1,1,0,0,1,0,0,2,0,1,1,0,2,1,1,0,0,0,0,1,0,1,0,0,1,1,2,0,0,0,0,1,2,2,2,0,1,0,1,0,1,1,0,0,1,1,1,0,1,1,1,0,1,1,0,1,0,1,0,1,0,1,0,0,1,0,1,0,1,2,0,0,1,0,1,1,0,1,0,1,0,0,0,2,1,0,1,0,0,2,0,1,1,2,1,0,0,2,0,1,1,1,1,2,1,0,0,0,0,0,1,0,2,0,0,0,1,0,0,0,1,0,0,0,1,0,1,0,0,0,0,1,0,0,0,1,0,0,1,1,0,1,0,0,1,1,1,0,1,0,0,1,2,2,0,1,0,1,1,1,1,1,0,0,0,0,1,2,1,0,0,0,1,0,1,0,2,0,0,0,2,1,1,2,0,0,0,0,0,1,1,1,0,1,1,1,0,0,1,2,2,0,0,0,0,1,0,0,0,1,0,0,0,1,0,0,0,0,1,2,0,1,2,0,1,0,0,0,1,1,0,1,0,1,0,1,1,0,1,0,1,0,0,1,1,1,0,2,0,0,0,1,0,0,0,1,0,1,2,0,1,0,1,0,0,1,1,0,1,0,1,0,0,0,1,2,0,1,0,0,0,1,0,2,0,1,1,1,0,1,0,2,2,1,1,0,0,1,0,2,1,0,0,1,1,0,1,2,0,0,0,1,1,0,0,0,0,0,1,0,1,0,0,0,1,1,1,2,1,1,0,0,1,1
"IND157",1,0,0,0,0,0,2,0,1,0,0,1,0,1,0,1,1,0,0,0,1,0,0,1,1,0,1,1,1,0,1,0,0,1,0,1,0,0,1,0,0,1,0,1,0,2,1,1,2,0,1,0,1,2,0,1,0,1,1,0,1,0,0,1,0,0,0,0,0,0,0,1,1,1,1,2,0,2,1,0,2,1,1,1,2,0,0,0,0,1,1,0,0,1,2,1,1,1,1,2,0,0,0,0,1,1,0,1,1,0,1,1,1,0,1,1,1,1,0,1,0,0,0,1,1,0,1,1,1,0,1,0,1,0,0,0,1,0,0,1,1,0,1,2,1,1,0,0,0,0,0,0,1,0,1,1,0,0,0,0,2,1,1,1,1,0,2,0,0,1,1,1,0,1,0,0,1,0,1,0,0,0,0,0,0,0,1,1,0,1,1,0,1,0,0,0,0,0,2,1,2,0,0,0,1,1,1,0,0,0,0,1,0,0,1,0,1,0,1,2,1,0,0,1,1,1,0,1,0,0,1,0,1,0,1,1,1,0,2,0,1,0,0,1,0,0,0,0,1,2,1,0,1,0,1,2,0,2,1,2,0,0,2,2,0,1,1,1,1,2,1,1,0,0,1,1,1,0,1,0,0,0,1,1,1,0,1,0,0,0,2,1,1,0,1,0,0,1,0,1,1,0,0,0,0,2,0,1,0,0,1,1,0,0,1,0,0,0,1,2,0,1,0,1,1,1,1,1,0,1,0,0,1,2,1,2,0,0,2,0,1,0,1,0,0,0,1,0,2,2,1,1,0,0,0,0,1,1,1,1,1,0,0,0,0,1,1,0,1,1,0,0,1,0,0,1,0,0,1,0,0,0,0,1,1,2,0,1,2,1,2,1,0,1,1,1,2,1,0,0,0,1,2,1,1,0,1,0,0,1,0,1,0,2,0,0,0,1,0,0,0,1,0,0,0,0,1,0,1,0,1,1,1,0,1,0,0,1,0,1,1,2,0,0,0,0,0,1,2,0,1,1,0,1,0,1,0,2,2,1,1,0,0,0,0,1,1,0,0,1,0,0,1,2,0,0,0,0,0,1,1,0,0,0,0,0,0,0,0,0,0,0,1,0,0,1,1,0,0,0
"IND158",0,0,1,0,1,0,1,0,2,0,0,1,0,1,0,1,1,0,1,0,1,0,1,0,0,0,1,1,0,0,1,0,0,1,0,2,0,1,0,1,1,1,0,2,1,2,1,2,1,0,0,1,1,1,0,1,0,1,0,0,0,2,0,2,0,0,0,0,0,0,0,1,1,1,1,1,0,0,1,2,2,1,1,1,1,0,0,0,0,1,0,0,1,2,0,0,1,1,2,2,0,0,0,1,0,0,1,1,0,0,1,1,1,1,0,2,1,0,0,1,0,0,1,0,0,0,1,1,0,0,1,0,1,0,0,0,0,0,0,0,1,0,1,1,0,0,0,1,1,0,0,1,1,0,1,2,0,0,0,0,2,0,1,1,1,0,2,1,1,1,1,1,0,0,0,0,1,1,1,1,1,0,0,0,0,0,1,1,0,1,0,0,1,0,1,0,0,1,1,1,2,0,1,0,0,1,1,0,0,0,0,1,0,0,1,0,1,0,1,2,0,1,0,2,0,0,0,1,0,0,0,0,1,0,1,2,1,1,1,0,1,1,0,0,1,1,1,0,1,2,0,0,1,0,1,1,0,0,1,2,1,0,1,2,1,0,1,1,0,2,1,1,0,1,1,0,2,0,1,0,0,1,1,0,1,0,1,0,0,0,2,1,1,1,1,0,1,2,0,0,1,0,0,0,0,2,0,0,0,0,1,1,1,0,0,0,0,0,1,2,0,0,0,1,1,1,0,0,0,1,0,0,1,2,1,0,0,0,1,0,0,0,1,1,0,0,1,1,1,1,1,0,0,0,0,0,1,1,0,1,0,0,0,2,1,1,0,1,1,0,0,0,0,0,0,1,0,0,0,0,0,0,0,0,1,1,0,2,1,1,1,0,1,0,1,0,1,1,1,0,0,1,1,1,1,0,1,0,0,1,0,1,0,2,0,0,0,1,0,0,0,1,0,0,0,0,1,0,1,0,1,0,1,0,1,0,1,1,0,0,1,1,0,1,0,0,0,1,1,1,0,1,0,1,0,1,0,0,1,1,1,0,0,1,0,0,0,0,0,1,1,0,1,1,0,0,0,0,1,1,1,0,1,0,0,0,0,0,1,0,1,0,0,0,0,0,1,0,0,0
"IND159",0,0,0,0,1,0,0,0,0,0,0,1,0,1,0,2,1,0,0,0,1,0,1,1,1,1,1,1,1,0,1,0,0,2,0,1,0,1,1,0,2,1,0,2,0,1,1,1,2,0,1,1,0,1,0,1,1,1,1,0,2,2,0,1,0,0,0,1,0,0,0,1,1,1,1,1,0,1,1,1,1,1,1,1,2,1,0,0,0,0,1,0,1,2,2,0,1,0,1,2,0,0,0,1,0,1,1,2,0,0,1,1,1,1,1,2,0,0,0,1,0,1,1,2,1,0,1,1,0,1,1,0,1,0,0,0,0,0,0,0,1,0,1,2,1,1,0,1,0,0,0,1,0,1,0,2,1,0,0,1,2,1,1,1,1,0,2,1,1,1,1,0,0,1,0,1,1,1,2,1,1,0,0,0,0,0,2,1,0,1,0,1,0,0,0,0,0,1,1,1,2,0,0,0,0,0,1,1,0,0,0,0,1,0,1,0,1,1,1,1,1,0,0,2,1,1,0,1,0,0,0,0,1,0,1,0,1,1,2,0,0,1,0,1,0,0,0,0,1,2,1,0,1,0,1,1,0,1,1,0,1,0,2,1,1,0,1,0,1,2,0,1,0,1,1,0,0,0,2,0,0,0,1,1,1,0,1,0,0,0,2,1,1,0,1,0,1,2,0,0,0,1,0,0,1,2,1,0,0,0,0,1,1,0,0,0,0,2,1,2,0,2,0,1,1,0,0,1,0,1,2,0,1,2,1,2,1,0,1,0,0,0,2,0,0,0,1,0,1,1,0,1,1,0,0,0,0,0,1,1,1,0,0,2,0,1,2,0,1,1,0,0,0,0,0,1,0,0,0,1,0,0,0,0,1,2,0,2,1,1,2,1,0,1,1,0,1,1,0,0,0,0,2,1,1,0,1,0,0,1,0,0,0,2,0,0,0,1,0,0,0,1,1,1,0,0,1,0,1,0,1,1,0,0,0,0,1,0,0,0,1,1,0,0,0,0,0,1,0,0,1,0,1,1,0,1,0,1,1,1,0,0,0,1,0,1,0,0,0,1,1,0,1,2,0,0,0,0,0,1,1,1,0,0,1,0,1,0,0,0,0,1,1,1,1,0,1,0,0,0
"IND160",1,0,1,0,1,0,2,0,2,0,0,1,1,1,0,1,1,0,0,0,2,0,1,0,0,0,0,1,1,0,1,0,0,1,0,1,0,0,0,0,0,0,0,2,0,1,1,1,1,0,1,1,0,1,0,1,1,0,1,0,1,2,0,2,0,0,0,1,0,0,0,0,1,1,1,2,0,1,1,1,2,0,1,0,1,1,0,0,0,0,1,0,0,2,2,1,0,0,1,2,0,0,0,1,0,2,0,2,0,0,1,2,2,1,0,2,0,0,0,0,0,0,1,1,2,0,1,1,1,0,1,0,1,0,0,0,0,0,0,1,0,0,2,2,0,2,0,1,0,0,0,2,0,0,1,2,0,0,0,0,2,1,1,0,0,1,1,0,0,0,2,0,0,1,0,0,1,0,2,1,0,0,0,0,0,1,1,0,0,0,0,0,1,0,1,0,0,0,2,1,2,0,2,0,1,0,1,0,0,0,1,1,0,0,1,0,1,0,1,2,1,0,0,1,0,1,0,1,0,0,1,0,1,0,1,1,1,1,2,0,0,0,0,1,1,1,0,0,1,2,1,0,1,0,1,2,0,2,0,0,0,0,2,2,1,1,0,0,1,2,1,1,0,0,0,1,1,0,1,0,0,0,1,1,0,0,1,0,0,0,1,1,1,1,0,0,1,1,1,1,0,0,0,0,1,1,1,0,0,0,1,1,1,0,1,0,0,0,2,2,1,1,0,1,2,1,1,0,0,1,1,0,1,1,1,1,0,0,1,0,1,0,0,0,0,0,2,0,2,2,1,0,0,0,0,2,1,1,1,1,1,0,0,1,1,2,1,1,1,1,0,1,0,0,0,1,0,0,0,1,0,0,0,0,2,2,0,1,0,1,1,0,1,0,2,0,0,1,1,1,0,1,1,0,1,0,1,0,0,1,0,0,0,2,0,0,0,1,0,0,0,0,1,1,1,0,1,0,0,0,0,0,1,0,0,0,0,1,0,1,1,1,0,0,0,0,0,1,1,1,0,0,0,1,0,1,0,1,1,0,1,0,0,0,0,0,0,0,0,2,0,0,1,1,0,0,0,1,0,1,1,1,1,0,0,0,0,0,1,0,1,1,0,2,0,1,1,0,1,0
"IND161",1,1,0,1,2,0,1,0,1,1,0,2,1,1,1,1,1,0,1,0,2,0,1,0,0,1,1,1,0,0,1,1,1,1,0,1,0,1,1,0,1,0,0,1,0,1,0,1,1,0,0,1,0,1,0,1,0,0,0,1,1,1,0,1,1,0,0,1,1,1,0,2,1,0,0,1,0,1,2,0,1,0,0,1,0,1,0,0,0,1,1,0,0,0,1,2,0,1,0,1,1,1,1,0,1,2,2,1,1,1,0,1,1,1,0,1,1,0,1,2,1,1,0,0,1,0,1,0,0,1,0,1,0,1,0,1,1,0,1,1,0,0,0,1,1,1,0,1,0,0,1,0,2,1,1,2,0,0,0,2,0,0,2,1,0,0,1,0,1,1,2,0,1,1,0,2,2,1,0,1,1,0,0,0,0,1,1,0,0,0,1,0,0,0,0,1,2,1,0,1,1,1,2,0,0,1,2,0,0,1,1,2,0,0,1,1,1,0,0,0,0,0,0,0,1,2,1,1,0,0,0,2,0,0,0,0,1,0,1,1,0,0,1,1,0,0,1,1,1,1,0,0,0,1,2,1,0,1,0,0,1,0,1,1,1,0,0,0,1,2,0,2,1,0,0,0,0,1,1,1,2,0,0,1,2,0,2,0,1,0,0,1,1,0,0,0,1,1,0,0,0,1,0,0,1,1,0,1,0,1,1,1,1,0,0,0,1,1,1,1,1,2,0,0,1,1,0,0,1,1,1,0,0,1,0,1,0,1,1,0,1,0,1,0,0,0,1,1,0,2,0,0,1,0,1,1,1,1,1,0,0,0,2,2,2,0,1,1,0,0,0,0,2,0,2,1,1,0,0,0,2,1,1,0,0,0,0,0,0,0,0,0,1,1,0,1,1,2,1,1,0,1,1,0,1,0,1,0,0,0,0,1,2,1,0,0,1,2,1,0,0,1,0,0,0,1,0,1,1,0,2,0,0,2,0,0,0,0,0,1,0,1,1,0,1,0,0,1,2,0,1,1,1,0,0,1,0,1,1,1,0,0,2,0,0,1,0,2,2,0,0,0,1,1,1,0,1,0,0,1,1,1,1,2,2,1,0,1,0,0,1,1,1,1,0,0,0,1,0,0
"IND162",0,2,0,1,1,0,1,0,1,1,0,2,1,0,1,1,1,0,1,1,2,1,0,1,0,1,2,1,1,1,1,1,1,1,0,1,0,1,0,0,1,0,1,1,0,2,1,1,1,0,0,0,1,1,0,1,1,0,0,2,1,1,0,1,0,0,0,1,2,2,0,2,0,1,0,1,0,1,1,0,0,0,0,0,0,1,0,0,0,1,1,0,0,0,2,1,1,0,0,1,1,1,1,0,1,1,2,1,1,0,0,1,1,1,0,0,0,1,0,1,1,1,0,0,1,0,0,0,0,0,0,0,0,2,1,1,1,1,1,2,1,0,1,1,0,0,0,1,0,0,1,1,1,1,0,1,0,0,0,1,0,0,2,0,0,1,1,0,1,1,2,0,1,0,0,2,0,1,0,0,2,0,0,1,1,1,1,0,0,0,1,0,0,0,0,1,1,0,1,1,0,1,2,0,1,0,2,1,0,1,1,2,1,0,0,1,1,0,0,0,0,0,1,1,1,2,0,0,0,0,0,1,1,0,0,1,0,1,0,1,0,0,0,0,0,1,0,1,1,2,0,1,0,0,0,1,0,2,0,1,1,1,1,1,1,0,0,0,1,1,0,1,1,0,0,0,1,1,0,1,1,1,0,2,0,0,2,0,0,0,0,0,0,0,0,0,2,2,0,0,0,0,0,1,1,1,0,1,0,0,0,1,0,0,0,0,0,1,1,1,1,2,0,0,2,1,0,0,1,1,1,1,0,1,0,1,0,1,1,0,1,1,1,0,0,0,1,1,1,2,0,0,0,1,0,0,1,1,2,0,0,0,0,2,2,1,1,1,0,1,0,0,0,0,1,1,0,0,0,0,1,1,2,0,0,1,0,0,0,0,1,1,1,1,1,1,1,2,0,0,0,2,1,0,0,0,1,0,0,1,0,1,2,1,0,2,1,1,1,0,0,1,1,0,1,1,0,1,0,0,2,0,0,2,0,0,1,0,0,0,1,1,0,0,0,0,1,1,0,0,1,1,1,0,0,1,1,0,2,1,1,0,2,0,0,0,0,1,0,0,0,0,0,0,1,0,1,0,1,0,1,0,2,2,0,0,0,1,0,0,1,2,2,1,0,0,0,1,0,0
"IND163",0,1,0,1,1,0,2,0,1,2,0,1,0,0,0,0,1,0,0,0,2,1,1,0,0,0,1,1,1,1,2,1,0,2,0,1,0,1,0,0,1,0,1,1,0,2,0,1,1,0,1,1,0,1,0,1,1,0,0,1,1,1,1,1,1,0,0,2,2,1,0,1,1,1,0,1,0,1,1,0,0,0,1,2,0,1,0,0,0,1,1,0,0,0,2,1,0,1,0,1,0,1,2,0,0,1,1,0,2,1,0,2,1,0,0,1,1,0,0,1,1,0,0,0,1,0,1,0,0,1,0,1,0,2,1,1,1,0,0,2,0,0,0,2,0,1,0,2,1,0,1,0,2,1,0,1,0,0,0,2,0,0,2,1,0,1,1,0,1,0,2,0,1,1,1,2,1,1,1,1,2,1,0,1,1,2,1,0,0,0,1,0,0,0,0,1,1,1,0,1,0,1,2,0,1,0,2,1,0,1,1,2,1,0,1,1,0,1,0,0,0,0,1,1,2,1,1,0,0,0,0,2,1,0,0,1,1,1,0,2,0,0,1,0,0,0,0,1,1,1,0,0,1,0,0,0,0,0,0,1,1,1,1,1,1,0,0,0,0,2,0,2,1,0,0,0,0,1,0,0,2,1,0,0,2,0,2,0,0,1,0,0,0,0,0,0,2,2,1,1,1,0,1,0,1,1,0,1,0,1,1,1,0,0,0,0,0,0,1,1,1,2,0,0,2,1,0,1,1,2,1,1,0,2,0,1,0,0,1,0,1,0,1,0,0,0,0,0,0,2,0,0,0,0,0,0,2,2,1,0,0,0,1,2,2,1,1,1,0,1,0,0,2,0,1,1,1,0,0,0,2,1,1,0,0,1,0,0,0,0,1,1,1,1,0,0,1,2,1,1,0,1,0,0,0,0,1,0,1,0,0,1,2,1,0,1,0,1,1,0,0,1,0,0,0,1,1,0,1,1,2,0,0,0,0,0,1,0,0,1,1,0,2,0,0,0,0,2,0,0,0,1,1,1,0,1,0,2,1,1,1,0,2,0,0,2,0,1,2,0,0,0,1,0,2,0,0,0,1,1,1,1,1,2,1,1,0,0,0,0,1,2,2,1,0,0,0,1,0,0
"IND164",1,2,0,1,2,0,1,0,0,2,0,1,1,0,0,0,0,0,0,1,2,0,1,1,0,1,2,1,1,0,0,0,0,1,0,2,0,0,1,0,0,1,1,1,0,1,1,1,1,0,1,1,1,0,0,1,0,0,0,2,1,1,0,1,1,0,0,2,1,0,0,1,0,0,0,1,0,1,2,0,1,0,1,0,0,1,0,0,0,0,1,0,0,1,1,1,0,0,0,1,1,1,2,0,0,1,1,1,1,1,0,2,2,0,0,0,0,0,0,1,1,1,0,0,0,0,1,0,0,0,0,1,0,1,1,2,1,0,0,2,1,0,0,2,1,0,0,2,0,0,1,0,0,1,0,1,0,0,0,0,0,0,1,1,0,0,1,0,1,0,2,0,1,1,0,1,1,1,1,0,2,0,0,1,0,1,0,0,0,1,1,0,0,0,0,1,1,0,1,1,0,1,1,0,1,1,2,0,0,1,1,1,0,0,1,1,1,2,1,1,0,0,0,0,2,1,2,1,0,0,0,2,0,0,0,0,2,1,1,1,0,0,1,1,0,0,1,1,1,2,0,0,1,1,1,1,0,0,0,0,2,0,1,0,1,0,0,0,0,1,0,1,1,0,0,0,0,0,0,2,1,0,0,1,1,0,2,0,2,0,0,1,0,1,0,0,1,1,0,1,1,1,1,1,1,1,0,0,0,1,1,1,0,0,0,1,2,1,1,1,2,1,0,0,1,0,0,0,1,1,1,1,0,1,0,1,0,1,0,0,1,1,1,0,0,0,0,0,0,2,0,0,1,1,0,1,1,1,2,0,0,0,0,2,2,0,1,1,0,0,0,0,2,0,1,2,0,0,0,0,1,1,2,0,0,1,0,0,0,0,2,0,1,1,1,1,2,2,0,1,0,1,0,0,0,0,1,0,1,0,0,1,2,1,0,1,0,0,1,0,0,1,0,0,1,1,1,1,1,0,1,0,0,1,0,1,0,0,0,0,0,1,1,0,1,0,0,2,0,0,1,1,1,1,0,1,1,1,1,1,2,0,2,0,0,1,0,0,2,0,0,0,0,0,1,0,1,0,0,0,1,0,0,2,1,0,0,0,0,0,2,1,1,1,0,0,0,1,0,0
"IND165",0,1,0,2,1,0,1,0,0,2,0,1,1,2,1,1,1,0,1,1,2,0,0,2,0,1,1,0,1,1,2,0,0,1,0,2,1,0,0,1,0,0,0,1,0,2,0,0,1,0,1,1,1,0,0,1,0,0,0,1,1,1,0,1,1,0,0,2,1,1,0,1,1,0,0,1,0,1,2,0,1,0,0,1,0,0,0,0,0,0,1,0,0,1,2,1,0,1,2,1,1,1,1,0,1,2,2,0,1,1,0,1,2,0,0,0,0,1,0,1,1,1,0,0,0,0,1,0,0,1,0,1,0,2,0,1,1,0,1,2,1,0,1,1,0,1,0,1,0,0,2,1,0,1,1,1,1,0,0,0,0,0,2,0,0,0,1,0,1,1,1,0,1,0,1,0,2,1,0,1,2,1,0,0,0,1,0,0,0,1,0,0,0,0,0,1,0,0,0,1,0,1,1,0,0,1,2,1,0,1,1,2,1,0,1,1,1,2,1,0,0,0,0,1,2,2,2,1,0,0,0,2,0,0,0,2,2,0,0,2,0,0,2,1,0,0,1,0,0,2,0,0,0,0,0,0,0,1,0,0,1,1,1,1,1,0,0,0,0,1,0,1,1,0,0,0,1,1,0,1,1,1,1,2,1,0,2,0,1,0,1,1,0,1,0,0,2,1,1,0,1,0,0,0,1,0,0,0,0,0,0,1,0,0,0,1,2,1,1,1,2,1,0,0,2,0,0,1,1,1,1,1,0,2,1,1,0,1,1,0,1,0,0,0,0,0,0,1,1,2,0,0,1,1,0,0,1,1,0,0,0,0,0,2,2,1,1,1,0,1,0,0,1,0,2,1,1,0,0,0,2,1,2,0,0,1,0,0,0,0,0,0,1,1,0,0,2,2,0,1,0,2,1,0,1,0,1,0,1,0,0,1,2,1,0,0,0,1,1,0,0,1,0,1,0,0,1,1,0,0,1,0,0,0,0,1,0,0,0,0,0,0,1,0,0,0,0,0,0,0,1,1,1,1,0,0,0,2,1,1,2,0,2,0,0,1,0,1,1,0,1,0,1,0,2,0,1,0,0,1,0,0,1,1,1,1,0,1,0,0,1,2,1,1,0,0,0,0,0,0
"IND166",1,2,0,2,2,0,1,0,1,2,0,1,1,0,1,1,0,0,1,1,2,1,0,2,0,0,1,1,1,0,0,1,0,1,0,1,1,0,0,1,1,0,1,1,0,2,0,2,1,0,1,0,0,0,0,1,1,0,0,2,1,1,1,1,1,0,0,2,2,2,0,0,1,1,0,1,0,1,2,0,0,0,1,2,0,1,0,0,0,1,1,0,0,1,2,1,0,0,1,0,1,1,0,0,0,0,2,1,1,1,0,2,1,0,0,0,0,0,1,1,1,1,0,0,1,0,0,0,0,1,0,0,0,1,1,2,1,0,0,2,0,0,0,1,1,1,0,1,0,0,1,0,2,1,0,1,1,0,0,1,0,0,1,1,0,0,1,0,1,0,1,0,1,1,1,1,1,1,1,0,1,1,0,1,0,1,0,0,0,1,1,0,0,0,0,1,2,0,0,1,1,1,1,0,0,1,2,1,0,0,2,1,0,0,0,1,1,0,0,1,0,0,1,0,0,2,2,1,0,0,0,1,0,0,0,1,1,1,0,1,0,0,1,1,0,0,1,1,1,2,0,1,1,1,2,2,0,2,0,0,1,1,1,0,2,0,0,0,2,1,0,1,0,0,0,0,0,1,1,2,2,0,0,1,2,0,2,0,0,1,0,1,0,1,0,0,1,2,0,0,1,0,0,2,1,1,0,0,0,1,0,1,0,0,0,1,2,0,1,1,1,0,0,0,0,1,0,0,1,2,1,2,0,1,1,1,0,1,1,0,1,0,0,0,0,0,1,0,1,2,2,0,0,0,1,0,0,2,0,0,0,0,0,2,2,2,1,1,0,0,0,0,1,0,2,1,1,0,0,0,1,1,1,0,0,1,0,0,0,0,1,1,1,1,0,0,2,2,0,0,0,2,1,0,0,0,1,0,0,0,0,1,2,1,0,1,1,1,1,0,0,1,0,0,0,1,0,0,0,1,2,0,0,1,0,1,0,0,0,0,1,0,2,0,0,0,0,1,2,0,1,1,1,1,0,0,1,1,1,1,2,0,2,0,0,1,0,2,2,0,0,0,1,1,1,0,1,0,1,1,1,0,2,2,1,1,0,1,0,0,2,2,1,0,0,0,0,0,0,0
"IND167",0,1,0,1,2,0,2,0,1,1,0,2,0,1,1,0,0,0,1,1,2,1,0,1,0,1,2,1,1,0,2,1,2,1,0,1,1,1,1,0,1,0,1,1,0,1,0,1,1,0,0,0,0,1,0,1,1,0,0,1,1,1,1,1,0,0,0,1,2,1,0,1,0,1,0,1,0,0,2,0,0,0,0,1,0,1,0,0,0,1,1,0,0,1,1,1,0,2,0,1,1,1,0,0,1,1,1,1,1,1,1,1,2,0,0,0,0,1,1,2,1,1,0,0,1,0,2,0,0,1,0,1,0,2,0,0,1,1,1,1,0,0,0,1,0,0,0,2,1,0,0,0,1,1,0,1,1,0,0,0,0,0,0,0,0,1,1,0,1,0,2,0,1,1,1,0,1,1,2,0,1,0,0,1,1,2,0,0,0,0,0,0,0,0,0,1,1,0,1,1,1,1,2,0,1,0,2,1,0,1,1,1,0,0,0,1,1,2,0,1,0,0,1,0,1,2,0,0,0,0,0,1,0,0,1,1,2,1,1,1,0,0,1,0,0,1,1,2,0,1,0,1,0,0,1,1,0,2,0,0,2,0,1,0,1,0,0,0,2,1,0,2,0,0,0,0,1,1,1,1,2,1,0,0,2,0,2,0,1,0,1,1,0,0,0,0,1,1,0,1,0,1,1,1,1,1,0,1,0,1,1,1,0,0,0,0,0,1,1,1,2,0,0,0,1,0,0,1,1,1,1,2,0,2,0,1,0,1,0,0,1,1,1,0,0,0,1,1,1,2,2,0,1,1,0,1,1,1,0,0,0,0,2,2,1,1,1,1,0,1,0,0,0,0,2,2,1,0,0,0,2,1,2,0,0,0,0,0,0,0,1,0,1,1,1,0,2,2,1,1,0,1,1,0,0,0,1,0,1,0,0,1,2,1,0,2,0,1,1,0,0,1,0,1,1,1,0,1,1,1,1,0,0,0,0,0,0,0,0,0,0,0,1,0,1,0,1,1,2,0,0,1,1,1,0,0,0,1,1,1,1,0,2,0,0,1,0,2,1,0,1,0,1,1,1,0,0,0,1,0,0,0,2,1,1,0,0,0,0,0,1,2,2,1,0,0,0,0,0,0
"IND168",1,2,0,2,2,0,2,0,0,2,0,2,0,2,0,0,2,0,1,1,1,0,0,1,0,1,2,0,0,0,1,1,1,2,0,2,1,1,0,1,0,0,1,1,0,1,0,0,2,0,0,1,0,0,0,1,1,0,0,1,1,1,1,1,0,0,0,2,1,1,0,1,0,0,0,1,0,0,1,0,1,0,0,0,0,1,0,0,0,0,1,0,0,1,1,1,0,0,1,1,0,1,2,0,0,1,2,0,1,1,0,1,1,0,0,1,0,0,1,1,1,2,0,0,1,0,1,0,0,0,0,1,0,2,0,2,1,1,0,1,1,0,0,1,1,1,0,2,0,0,1,1,1,1,0,0,0,0,0,1,0,0,1,1,0,0,1,1,1,1,1,0,1,0,0,0,1,1,1,1,2,0,0,1,0,1,1,0,0,1,0,0,0,0,0,1,2,1,0,1,0,1,1,0,0,0,2,0,0,1,1,1,1,0,1,1,1,1,1,1,0,0,0,1,0,2,1,1,0,0,0,2,1,0,0,1,1,0,0,1,0,0,2,0,0,0,1,1,1,1,0,0,0,0,1,0,0,0,0,1,2,1,1,1,1,0,0,0,1,1,0,2,1,0,0,0,1,1,0,1,1,1,1,0,1,0,2,0,2,0,1,1,1,2,0,0,2,2,0,0,0,1,0,1,1,1,0,0,0,1,1,1,0,0,0,1,1,1,1,1,2,1,0,0,0,0,0,0,1,2,1,1,0,0,1,1,0,0,1,0,1,0,1,0,0,0,1,0,1,2,1,0,1,1,1,0,0,1,1,0,0,0,1,1,1,1,1,1,0,1,0,0,1,0,2,1,0,0,0,0,1,1,2,0,0,0,0,0,0,0,0,1,1,1,0,0,1,2,1,1,0,1,1,0,0,0,1,0,0,0,0,1,2,1,0,2,1,0,1,0,0,1,1,1,1,2,1,0,0,0,1,0,0,2,0,0,1,0,0,1,0,1,1,0,1,0,0,1,1,0,1,1,1,1,0,1,1,1,1,1,1,0,2,0,0,0,0,1,1,0,1,0,1,0,2,0,1,0,1,0,0,0,0,2,1,1,0,1,0,0,2,1,2,0,0,0,0,0,0,0
"IND169",0,1,0,1,1,0,1,0,1,1,0,2,0,0,0,1,0,0,0,1,1,1,0,1,0,0,2,1,0,0,1,1,0,1,0,2,1,0,1,1,0,1,1,1,0,2,1,1,1,0,1,1,1,0,0,1,0,0,0,2,1,1,1,1,1,0,0,1,1,2,0,0,0,1,0,1,0,0,2,0,0,0,1,2,0,0,0,0,0,1,1,0,0,1,2,1,0,1,0,1,0,1,0,0,0,1,2,0,1,0,1,2,2,1,0,0,1,0,1,1,1,0,0,0,1,0,1,0,0,1,0,1,0,2,0,0,1,1,1,2,1,0,1,1,0,0,0,1,1,0,1,1,1,1,1,2,0,0,0,1,0,0,0,1,0,1,1,0,1,1,1,0,1,0,1,2,1,1,1,1,1,1,0,1,0,2,0,0,0,0,1,0,0,0,0,1,0,0,0,1,0,1,2,0,0,1,2,1,0,0,1,1,0,0,0,1,1,0,0,1,0,0,0,1,2,2,0,0,0,0,0,1,0,0,0,2,1,0,0,1,0,0,1,1,0,0,0,1,1,2,0,1,1,1,1,1,0,1,0,0,2,0,1,1,0,0,0,0,2,2,0,1,1,0,0,0,1,2,1,2,0,1,0,1,0,0,2,0,1,1,0,1,0,1,0,0,2,1,1,0,0,1,1,1,1,0,0,0,0,1,0,1,0,0,0,0,1,0,1,1,2,1,0,0,2,0,0,1,1,1,1,0,0,0,1,1,0,1,1,0,1,1,0,0,0,0,0,1,0,2,1,0,1,0,0,0,1,2,2,0,0,0,1,1,1,1,1,1,0,0,0,0,1,0,0,1,1,0,0,0,2,1,1,0,0,1,0,0,0,0,2,0,1,1,1,0,2,2,0,1,0,2,1,0,1,0,1,0,1,1,0,1,2,1,0,2,1,1,1,0,0,1,0,1,1,0,1,1,1,1,2,0,0,1,0,0,0,0,0,0,0,0,1,0,0,0,0,1,2,0,1,1,1,1,0,0,1,2,2,1,0,0,2,0,0,1,0,2,2,0,1,0,0,0,2,0,0,0,1,1,1,1,2,1,2,0,0,1,0,0,2,2,1,0,0,0,0,1,0,0
"IND170",1,2,0,2,2,0,2,0,1,1,0,2,0,0,0,1,2,0,1,1,2,0,1,1,0,0,2,1,1,0,2,1,2,2,0,2,0,1,1,0,0,0,0,1,0,2,1,1,1,0,0,1,1,1,0,1,0,0,0,2,1,1,0,1,0,0,0,2,2,2,0,0,0,0,0,1,0,0,2,0,0,0,0,1,0,0,0,0,0,0,1,0,0,0,1,1,0,0,2,1,1,1,1,0,1,0,2,0,1,0,1,1,2,0,0,0,1,1,0,1,1,1,0,0,0,0,1,0,0,0,0,0,0,1,0,1,1,1,0,1,0,0,1,1,1,1,0,1,0,0,2,0,2,1,0,0,0,0,0,0,0,0,1,1,0,0,1,0,1,1,1,0,1,1,1,0,0,1,1,0,2,0,0,0,0,1,0,0,0,0,0,0,0,0,0,1,1,0,1,1,0,1,1,0,0,0,2,1,0,1,1,2,1,0,0,1,1,1,0,0,0,0,1,1,0,2,1,1,0,0,0,1,0,0,0,0,1,1,1,1,0,0,2,1,0,0,0,1,1,2,0,0,0,0,1,1,0,1,0,1,1,0,1,0,0,0,0,0,0,2,0,2,1,0,0,0,0,1,1,1,1,0,0,1,2,0,2,0,1,1,0,0,1,0,0,0,1,2,0,1,1,1,1,1,1,2,0,0,0,1,0,1,0,0,0,0,1,1,1,1,2,2,0,0,1,1,0,1,1,1,1,1,0,2,0,1,0,0,0,0,1,0,0,0,0,0,0,0,1,2,0,0,0,1,1,1,2,2,1,0,0,0,1,2,1,0,1,1,0,1,0,0,1,0,0,1,0,0,0,0,1,1,2,0,0,0,0,0,0,0,1,1,1,1,1,0,1,2,0,1,0,2,0,0,1,0,1,0,1,0,0,1,2,1,0,1,0,1,1,0,0,1,1,0,1,1,1,1,0,1,2,0,0,2,0,0,0,0,0,1,0,1,1,0,1,0,0,2,1,0,1,1,1,1,0,0,1,1,1,1,1,0,2,0,0,2,0,2,1,0,1,0,1,0,1,0,0,0,0,1,0,0,2,2,2,0,0,1,0,0,2,2,2,1,0,0,0,0,0,0
"IND171",0,1,0,1,1,0,2,0,1,2,0,2,0,1,0,0,1,0,0,2,1,0,0,1,0,0,1,1,1,0,0,0,1,2,0,1,0,0,1,0,0,1,1,1,0,2,1,0,0,0,0,0,1,0,0,1,0,0,0,2,1,1,1,1,0,0,0,2,2,1,0,0,1,0,0,1,0,1,1,0,1,0,1,2,0,1,0,0,0,1,1,0,0,1,2,1,0,1,1,0,1,1,2,0,1,0,2,0,1,1,0,1,1,0,0,1,1,1,1,1,1,2,0,0,1,0,1,0,0,1,0,1,0,2,1,1,1,0,0,1,1,0,1,1,0,1,0,1,1,0,2,1,1,1,1,1,1,0,0,1,0,0,2,0,0,1,1,0,1,0,1,0,1,1,0,0,0,1,2,0,1,0,0,0,1,1,1,0,0,0,0,0,0,0,0,1,1,0,0,1,1,1,2,0,0,0,2,1,0,0,1,1,1,0,0,1,1,0,0,1,0,0,1,0,1,2,2,1,0,0,0,2,0,0,1,1,0,0,1,2,0,0,1,1,0,1,0,0,0,2,0,0,0,1,1,1,0,1,0,1,1,0,1,0,0,0,0,0,0,1,0,2,0,0,0,0,1,1,0,0,0,1,0,1,0,0,2,0,1,1,0,0,1,1,0,0,0,0,1,1,1,1,1,0,1,1,0,1,0,0,1,1,0,0,0,0,1,0,1,1,1,1,0,0,1,1,0,0,1,2,1,0,0,0,0,1,0,1,1,0,1,0,0,0,0,0,1,0,0,2,1,0,0,1,0,0,2,1,1,0,0,0,0,2,1,1,1,1,0,1,0,0,1,0,1,2,1,0,0,0,2,1,1,0,0,2,0,0,0,0,1,0,1,1,1,0,1,2,0,1,0,1,1,0,0,0,1,0,0,1,0,1,2,1,0,0,1,1,1,0,0,1,0,1,1,1,0,1,1,1,1,0,0,0,0,0,1,0,0,1,1,0,1,0,0,0,0,1,1,0,1,1,1,0,0,0,1,0,1,1,0,0,2,0,0,2,0,1,1,0,1,0,1,1,1,0,1,0,1,1,0,0,0,2,0,1,0,1,0,0,2,1,1,1,0,0,0,0,0,0
"IND172",0,0,0,2,2,0,1,0,0,1,0,2,1,2,1,0,1,0,0,2,1,1,1,1,0,0,2,1,1,0,1,1,1,1,0,2,0,0,0,1,1,0,0,1,0,1,0,1,1,0,1,1,0,1,0,1,0,0,0,2,1,1,0,1,1,0,0,2,2,1,0,1,1,1,0,1,0,0,1,0,0,0,1,1,0,1,0,0,0,0,1,0,0,1,2,2,0,2,2,0,0,1,1,0,1,0,2,1,1,1,0,0,1,1,0,1,0,1,0,1,1,0,0,0,1,0,1,0,0,1,0,1,0,2,0,1,1,1,1,1,1,0,1,1,1,2,0,1,0,0,1,0,1,1,0,1,0,0,0,2,0,0,2,1,0,0,1,1,1,0,2,0,1,0,1,2,0,1,0,1,2,1,0,1,1,1,0,0,0,0,1,0,0,0,0,1,1,0,0,1,1,1,2,0,0,1,2,1,0,0,1,1,0,0,0,1,1,1,0,1,0,0,0,1,0,1,2,0,0,0,0,1,0,0,1,1,0,1,1,1,0,0,1,0,0,0,1,1,1,1,0,0,1,0,1,1,0,1,0,1,1,0,1,1,1,0,0,0,1,2,0,2,1,0,0,0,1,1,1,1,1,0,1,1,1,0,2,0,1,0,0,1,0,1,0,0,0,1,1,1,1,0,1,1,1,2,0,0,0,1,0,1,1,0,0,0,1,0,1,1,1,1,0,0,1,0,0,1,1,2,1,0,0,1,1,1,0,0,1,0,1,1,0,0,0,0,1,1,0,2,1,0,1,1,0,0,1,1,2,0,0,0,0,2,1,0,1,1,0,0,0,0,0,0,2,2,0,0,0,0,1,1,2,0,0,1,0,0,0,0,0,1,1,1,0,0,1,2,1,1,0,1,0,0,1,0,1,0,1,1,0,1,2,1,0,1,0,1,1,0,0,1,1,0,0,1,1,0,0,0,1,0,0,1,0,1,1,0,0,1,1,1,1,0,0,0,1,0,0,0,1,1,1,1,0,1,0,1,1,1,1,0,2,0,0,1,0,2,2,0,0,0,1,0,2,0,1,0,0,1,0,0,1,2,0,1,0,0,0,0,1,1,1,0,0,0,0,1,0,0
"IND173",1,1,0,2,2,0,1,0,1,2,0,1,0,0,1,0,1,0,1,1,2,1,0,1,0,0,2,0,1,0,1,0,1,2,0,1,1,0,0,0,1,1,0,1,0,2,0,2,1,0,1,1,0,1,0,1,0,0,0,1,1,1,0,1,0,0,0,1,2,1,0,2,0,1,0,1,0,0,2,0,0,0,0,2,0,0,0,0,0,0,1,0,0,0,2,2,1,0,2,0,1,1,1,0,1,2,1,1,1,0,0,1,1,1,0,1,0,1,1,1,1,1,0,0,1,0,0,0,0,1,0,0,0,1,0,1,1,0,0,2,1,0,0,2,1,1,0,2,0,0,1,0,1,1,1,2,0,0,0,1,0,0,2,1,0,0,1,1,1,1,1,0,1,1,0,1,0,1,0,0,2,1,0,0,1,1,1,0,0,1,0,0,0,0,0,1,1,0,0,1,1,1,2,0,0,1,2,1,0,1,1,1,1,0,0,1,0,1,0,0,0,0,1,1,2,1,1,0,0,0,0,1,0,0,1,0,1,1,1,1,0,0,1,1,0,1,0,1,0,2,0,0,0,0,1,1,0,0,0,0,1,1,1,0,2,0,0,0,1,2,0,1,0,0,0,0,1,0,1,2,1,0,0,1,1,0,2,0,0,0,1,0,0,0,0,0,1,2,1,1,0,0,1,0,1,0,0,1,0,1,1,1,0,0,0,0,1,0,1,1,2,2,0,0,1,0,0,1,1,2,1,0,0,2,1,1,0,0,0,0,1,1,1,0,0,0,1,1,1,2,1,0,1,0,1,1,0,2,2,0,0,0,1,2,2,1,1,1,0,1,0,0,2,0,1,2,0,0,0,0,2,1,2,0,0,1,0,0,0,0,0,1,1,1,0,0,2,2,0,1,0,1,0,0,0,0,1,0,0,0,0,1,2,1,0,0,0,1,1,0,0,1,0,0,1,1,0,0,1,1,2,0,0,2,0,1,1,0,0,1,1,0,1,0,0,0,1,1,1,0,1,1,1,0,0,0,0,1,2,1,1,0,2,0,0,1,0,2,1,0,1,0,1,0,1,0,0,0,0,0,1,1,0,1,1,1,0,0,0,0,2,1,2,0,0,0,0,1,0,0
"IND174",1,1,0,1,2,0,1,0,1,2,0,2,0,2,1,1,1,0,1,1,1,1,1,1,0,1,2,0,1,1,0,0,1,2,0,1,0,1,0,0,0,0,1,1,0,2,1,0,0,0,1,0,1,1,0,1,0,0,0,1,1,1,0,1,0,0,0,2,1,1,0,1,0,0,0,1,0,0,2,0,0,0,0,0,0,0,0,0,0,0,1,0,0,1,2,1,0,2,0,0,1,1,2,0,0,2,1,0,1,1,1,1,2,1,0,1,0,0,1,2,1,1,0,0,1,0,1,0,0,0,0,1,0,2,1,1,1,1,1,2,1,0,1,1,1,2,0,1,1,0,1,1,2,1,0,2,1,0,0,2,0,0,2,1,0,0,1,1,1,0,1,0,1,1,0,0,2,1,0,1,2,1,0,1,1,2,0,0,0,0,1,0,0,0,0,1,1,0,0,1,1,1,2,0,0,1,2,1,0,1,2,2,1,0,0,1,1,0,1,0,0,0,0,1,1,2,2,1,0,0,0,2,0,0,1,1,2,1,1,2,0,0,1,1,0,1,1,1,1,1,0,1,1,0,1,1,0,0,0,1,1,0,1,1,0,0,0,0,2,1,0,1,0,0,0,0,1,1,1,1,1,0,0,1,1,0,2,0,1,1,1,0,0,0,0,0,1,2,1,0,1,1,1,0,1,2,0,0,0,1,1,1,0,0,0,0,2,1,1,1,0,1,0,0,0,0,0,0,1,1,1,1,0,1,0,1,0,1,0,0,1,0,0,0,0,0,0,0,1,2,0,0,1,0,1,0,0,1,0,0,0,0,2,1,2,0,1,1,0,0,0,0,2,0,2,1,0,0,0,0,1,1,1,0,0,2,0,0,0,0,2,1,1,1,0,1,2,2,0,0,0,1,0,0,1,0,1,0,0,1,0,1,2,1,0,1,0,2,1,0,0,1,0,0,1,2,0,0,1,0,2,0,0,1,0,1,1,0,0,0,0,0,1,0,0,0,1,0,1,0,0,1,1,0,0,1,0,0,2,1,2,0,2,0,0,2,0,2,2,0,0,0,0,1,2,0,0,0,1,0,1,0,1,2,0,0,0,0,0,0,1,1,1,0,0,0,0,1,0,0
"IND175",0,2,0,1,2,0,1,0,0,2,0,2,0,2,0,0,1,0,1,1,1,0,1,1,0,1,2,1,1,0,2,1,2,1,0,2,1,1,0,1,0,0,0,1,0,1,1,2,1,0,0,0,0,1,0,1,1,0,0,1,1,1,0,1,0,0,0,1,2,1,0,1,0,1,0,1,0,0,2,0,1,0,1,2,0,1,0,0,0,0,1,0,0,0,2,1,1,0,0,0,0,1,1,0,0,0,2,1,1,1,0,1,1,1,0,1,1,1,0,1,1,2,0,0,1,0,1,0,0,0,0,0,0,2,0,1,1,0,1,2,0,0,0,2,1,0,0,2,0,0,0,0,1,1,1,2,1,0,0,1,0,0,0,0,0,1,1,0,1,0,2,0,1,0,0,1,1,1,0,0,2,1,0,1,0,2,0,0,0,0,0,0,0,0,0,1,1,1,1,1,1,1,2,0,1,0,2,0,0,1,2,1,1,0,1,1,0,1,0,0,0,0,1,1,0,1,1,1,0,0,0,1,1,0,1,1,0,1,1,1,0,0,1,1,0,1,1,1,1,2,0,0,1,1,1,2,0,1,0,1,2,0,1,1,1,0,0,0,1,1,0,1,0,0,0,0,1,0,0,0,2,0,1,1,2,0,2,0,2,0,0,0,0,1,0,0,0,1,1,1,1,1,0,0,1,0,0,0,0,1,1,1,0,0,0,1,1,0,1,1,2,1,0,0,0,0,0,0,1,1,1,1,0,0,0,1,0,1,0,0,1,1,1,0,0,0,1,1,1,2,0,0,1,0,0,1,2,2,1,0,0,0,2,2,2,1,1,1,0,0,0,0,1,0,0,1,0,0,0,0,1,1,2,0,0,1,0,0,0,0,0,0,1,1,1,1,1,2,0,0,0,2,0,0,1,0,1,0,1,1,0,1,2,1,0,0,0,0,1,0,0,1,0,1,0,1,0,0,0,0,2,0,0,1,0,1,1,0,0,0,1,1,0,0,0,0,1,1,1,0,1,1,1,0,0,0,1,2,1,1,0,0,2,0,0,1,0,1,2,0,0,0,1,1,1,0,1,0,0,1,0,1,1,1,1,0,0,1,0,0,2,1,1,0,0,0,0,0,0,0
"IND176",1,2,0,1,1,0,1,0,1,1,0,1,1,1,1,0,1,0,1,2,2,0,1,1,0,0,2,1,1,1,1,1,1,1,0,2,0,1,0,1,0,1,0,1,0,1,0,1,1,0,0,1,1,1,0,1,1,0,0,1,1,1,1,1,1,0,0,1,1,1,0,0,1,0,0,1,0,0,1,0,1,0,1,2,0,0,0,0,0,1,1,0,0,1,1,2,1,1,0,0,1,1,1,0,0,1,1,1,2,1,0,0,2,0,0,0,0,0,0,1,1,1,0,0,1,0,2,0,0,0,0,0,0,1,0,1,1,0,1,2,0,0,1,2,0,1,0,2,0,0,2,1,1,1,0,1,0,0,0,1,0,0,2,0,0,1,1,1,1,0,2,0,1,1,1,2,1,1,0,0,1,0,0,0,0,1,1,0,0,0,0,0,0,0,0,1,1,0,1,1,0,1,1,0,0,0,2,1,0,1,1,1,0,0,1,1,1,0,1,0,0,0,0,0,0,2,1,1,0,0,0,2,1,0,0,1,1,0,0,2,0,0,0,0,0,0,1,1,0,1,0,1,1,1,1,2,0,1,0,1,2,0,1,1,1,0,0,0,0,1,0,1,1,0,0,0,1,0,1,2,2,0,0,2,2,0,2,0,1,0,1,1,0,1,0,0,2,1,0,1,0,1,1,2,1,1,0,1,0,1,0,1,0,0,0,0,1,0,1,1,0,1,0,0,0,0,0,0,1,1,1,0,0,0,1,1,0,0,1,0,1,0,1,0,0,0,0,0,0,2,0,0,0,1,1,1,1,1,1,0,0,0,1,1,1,2,1,1,0,0,0,0,2,0,2,2,0,0,0,0,1,1,1,0,0,1,0,0,0,0,0,0,1,1,1,0,2,2,0,1,0,1,1,0,0,0,1,0,1,1,0,1,2,1,0,0,1,2,1,0,0,1,0,0,0,2,0,1,1,0,1,0,0,0,0,1,0,0,0,0,0,1,1,0,0,0,1,0,1,0,1,1,1,1,0,0,0,2,2,1,1,0,2,0,0,1,0,1,1,0,0,0,1,1,1,0,0,0,1,1,0,0,0,2,1,1,0,0,0,0,1,2,2,1,0,0,0,1,0,0
"IND177",0,2,0,1,1,0,1,0,2,2,0,1,0,0,1,0,1,0,1,1,2,1,1,1,0,0,2,0,0,1,1,1,2,2,0,1,0,1,1,0,0,1,1,1,0,2,0,1,1,0,1,0,0,1,0,1,0,0,0,2,1,1,1,1,1,0,0,1,2,1,0,1,1,0,0,1,0,1,1,0,1,0,0,1,0,0,0,0,0,0,1,0,0,0,1,2,1,0,2,0,1,1,0,0,0,1,1,0,1,0,0,2,1,0,0,1,1,1,1,1,1,1,0,0,1,0,1,0,0,1,0,1,0,2,1,1,1,1,1,2,0,0,1,2,0,2,0,2,0,0,1,0,1,1,1,0,0,0,0,1,0,0,1,1,0,0,1,0,1,0,1,0,1,0,1,2,0,1,1,1,2,0,0,1,0,1,0,0,0,0,1,0,0,0,0,1,1,1,1,1,1,1,2,0,1,0,2,0,0,0,2,2,0,0,0,1,1,1,0,0,0,0,1,1,0,1,1,0,0,0,0,2,1,0,1,0,2,0,0,1,0,0,1,0,0,1,1,1,0,1,0,0,0,1,0,1,0,1,0,0,2,1,1,0,1,0,0,0,1,2,0,2,1,0,0,0,0,1,0,2,0,1,1,2,2,0,2,0,1,0,0,0,0,0,0,0,1,1,0,1,1,1,0,2,1,2,0,1,0,1,0,1,1,0,0,0,0,1,1,1,0,1,0,0,1,0,0,0,1,1,1,1,0,0,1,1,0,0,0,0,1,0,0,0,0,0,0,0,1,2,0,0,0,1,0,1,2,2,1,0,0,0,1,1,1,1,1,1,0,1,0,0,2,0,2,1,0,0,0,0,2,1,2,0,0,1,0,0,0,0,2,1,1,1,0,1,1,2,0,1,0,2,0,0,0,0,1,0,1,1,0,1,2,1,0,1,0,1,1,0,0,1,1,0,0,1,0,1,1,0,1,0,0,2,0,1,0,0,0,1,1,0,1,0,1,0,1,1,0,0,1,1,1,0,0,0,0,1,1,1,1,0,2,0,0,2,0,1,2,0,0,0,0,0,1,0,0,0,0,0,0,0,1,2,2,0,0,0,0,0,2,2,2,1,0,0,0,0,0,0
"IND178",1,1,0,1,1,0,2,0,0,1,0,1,1,0,1,1,1,0,1,1,1,0,0,1,0,1,1,1,1,1,0,0,1,2,0,2,1,0,0,0,1,1,1,1,0,2,0,1,1,0,0,0,1,1,0,1,1,0,0,1,1,1,0,1,1,0,0,1,2,1,0,2,1,0,0,1,0,1,1,0,0,0,1,0,0,1,0,0,0,1,1,0,0,0,1,1,0,0,1,1,1,1,1,0,1,2,1,1,2,0,1,0,2,0,0,1,0,1,1,2,1,1,0,0,1,0,2,0,0,0,0,0,0,2,1,2,1,1,0,2,0,0,0,2,1,0,0,2,0,0,1,0,1,1,0,1,1,0,0,1,0,0,2,0,0,1,1,1,1,0,2,0,1,1,0,2,0,1,1,1,1,1,0,1,0,1,0,0,0,0,0,0,0,0,0,1,1,0,0,1,0,1,1,0,0,1,2,0,0,1,1,1,0,0,0,1,0,1,0,0,0,0,1,1,0,2,1,0,0,0,0,2,1,0,1,2,1,1,1,0,0,0,2,0,0,1,1,2,0,2,0,1,1,1,1,0,0,0,0,1,2,0,1,0,0,0,0,0,2,2,0,2,0,0,0,0,0,0,0,1,0,0,1,0,2,0,2,0,0,1,1,1,0,0,0,0,1,2,0,1,0,1,1,1,1,2,0,1,0,0,1,1,1,0,0,0,0,1,1,1,1,2,0,0,1,0,0,1,1,2,1,1,0,1,1,1,0,1,0,0,1,1,1,0,0,0,0,1,0,2,1,0,1,1,1,1,0,1,2,0,0,0,1,2,1,1,1,1,0,0,0,0,2,0,1,1,0,0,0,0,2,1,1,0,0,0,0,0,0,0,1,0,1,1,0,1,2,2,1,1,0,1,1,0,1,0,1,0,0,0,0,1,2,1,0,2,1,1,1,0,0,1,1,1,0,1,1,1,1,0,2,0,0,2,0,0,1,0,0,1,0,0,1,0,0,0,0,2,1,0,2,1,1,1,0,1,1,1,1,1,2,0,2,0,0,2,0,0,2,0,1,0,0,0,1,0,1,0,1,1,0,1,1,1,2,1,0,0,0,0,2,1,1,0,0,0,0,1,0,0
"IND179",0,0,0,2,1,0,1,0,1,1,0,1,1,2,0,1,1,0,0,1,1,0,1,0,0,1,2,0,0,1,0,0,1,2,0,1,1,1,1,1,1,0,1,1,0,1,1,2,0,0,1,0,0,0,0,1,1,0,0,1,1,1,0,1,0,0,0,1,2,1,0,0,0,1,0,1,0,1,1,0,1,0,0,0,0,1,0,0,0,0,1,0,0,0,1,2,1,0,0,0,0,1,2,0,1,0,2,0,1,0,1,0,2,1,0,0,0,0,1,1,1,1,0,0,1,0,2,0,0,1,0,0,0,2,0,1,1,1,1,1,1,0,0,2,1,1,0,2,1,0,1,0,1,1,0,0,0,0,0,1,0,0,1,1,0,1,1,1,1,1,1,0,1,0,1,2,0,1,1,1,2,0,0,0,1,2,0,0,0,0,1,0,0,0,0,1,1,1,1,1,1,1,1,0,0,1,2,1,0,0,2,1,0,0,0,1,1,1,0,0,0,0,0,1,2,1,1,1,0,0,0,2,0,0,0,1,1,0,0,1,0,0,1,0,0,1,0,0,1,1,0,1,0,0,2,1,0,1,0,0,2,0,1,0,2,0,0,0,0,2,0,2,0,0,0,0,1,1,1,0,1,0,0,0,2,0,2,0,2,0,0,0,0,0,0,0,1,2,1,1,0,1,1,0,1,1,0,0,0,1,0,1,0,0,0,1,0,1,1,1,1,2,0,0,1,0,0,1,1,2,1,1,0,2,1,1,0,0,1,0,1,1,0,0,0,0,1,1,0,2,2,0,1,0,1,1,2,1,0,0,0,0,1,2,1,1,1,1,0,1,0,0,0,0,1,2,0,0,0,0,1,1,1,0,0,2,0,0,0,0,0,0,1,1,0,1,2,2,0,1,0,1,1,0,0,0,1,0,1,1,0,1,2,1,0,2,1,2,1,0,0,1,1,1,0,1,1,1,1,0,1,0,0,2,0,1,0,0,0,1,0,0,1,0,0,0,0,2,1,0,0,1,1,0,0,0,1,0,1,1,0,0,2,0,0,2,0,1,1,0,1,0,0,1,2,0,0,0,0,1,0,0,2,2,1,0,0,1,0,0,2,2,1,0,0,0,0,0,0,0
"IND180",1,0,0,1,2,0,1,0,1,1,0,2,0,1,0,0,1,0,1,1,2,0,0,1,0,0,1,0,1,0,0,1,0,2,0,1,0,1,0,1,0,1,1,1,0,2,1,2,0,0,0,0,0,0,0,1,1,0,0,1,1,1,0,1,0,0,0,2,1,1,0,1,1,1,0,1,0,1,1,0,1,0,1,0,0,1,0,0,0,0,1,0,0,0,1,2,1,0,1,1,1,1,1,0,0,0,1,1,1,0,1,1,2,0,0,0,0,1,1,2,1,1,0,0,0,0,0,0,0,0,0,1,0,1,1,2,1,1,0,1,0,0,0,1,0,1,0,1,0,0,0,1,0,1,0,1,0,0,0,0,0,0,1,0,0,0,1,1,1,0,2,0,1,1,0,0,2,1,1,1,2,0,0,1,0,1,1,0,0,0,1,0,0,0,0,1,2,0,1,1,1,1,1,0,0,0,2,0,0,1,1,1,0,0,0,1,0,2,1,0,0,0,1,0,2,2,0,1,0,0,0,1,0,0,1,2,1,1,1,1,0,0,0,0,0,1,0,1,1,2,0,0,0,1,2,2,0,1,0,1,1,0,1,1,1,0,0,0,1,2,0,2,0,0,0,0,1,2,0,1,0,0,0,0,2,0,2,0,1,1,0,1,1,0,0,0,1,1,0,0,1,1,1,1,1,1,0,0,0,0,1,1,0,0,0,1,0,1,1,1,1,1,0,0,1,1,0,1,1,1,1,2,0,1,0,1,0,1,1,0,1,1,0,0,0,0,1,1,1,2,0,0,1,1,1,0,1,2,0,0,0,0,0,2,2,0,1,1,0,1,0,0,1,0,0,1,1,0,0,0,2,1,1,0,0,1,0,0,0,0,0,1,1,1,0,0,1,2,0,0,0,2,1,0,0,0,1,0,0,0,0,1,2,1,0,1,0,0,1,0,0,1,1,0,1,1,1,1,0,1,2,0,0,0,0,0,1,0,0,0,1,1,1,0,1,0,0,2,2,0,1,1,1,1,0,1,1,1,1,1,0,0,2,0,0,2,0,1,2,0,1,0,0,0,1,0,1,0,1,1,0,0,2,1,0,1,0,0,0,0,1,2,1,1,0,0,0,0,0,0
"IND181",1,1,0,1,0,0,1,0,0,1,1,1,0,0,0,2,1,0,1,0,0,1,1,0,0,1,0,1,0,2,1,0,0,2,0,1,0,2,0,0,0,0,1,1,1,2,1,1,2,1,1,1,1,0,1,2,0,1,1,1,1,1,1,0,2,1,0,1,1,1,0,1,0,0,1,0,0,2,1,0,0,0,0,1,1,1,0,1,0,0,0,0,1,1,2,2,1,1,1,2,2,0,0,1,2,1,0,2,2,0,0,1,0,1,1,1,0,0,1,2,2,0,0,0,1,1,1,1,1,1,1,1,1,0,1,1,1,0,0,0,1,0,1,1,1,1,0,1,1,0,1,0,0,1,0,1,0,0,2,0,1,0,1,0,0,0,0,0,0,0,2,1,0,1,1,0,1,0,0,1,2,0,0,0,1,0,2,0,0,0,1,0,0,0,0,0,0,0,0,2,0,1,1,0,0,0,0,2,0,1,0,1,0,0,0,1,0,0,0,0,0,1,0,2,0,0,0,0,1,0,1,0,2,0,0,2,1,0,1,1,0,1,0,0,0,1,0,1,1,0,0,1,1,1,0,1,0,1,0,0,0,0,1,1,1,1,1,0,2,1,0,0,1,1,1,1,1,0,0,1,0,0,0,1,1,0,0,0,1,0,0,1,0,1,1,0,2,1,0,1,1,1,0,0,1,2,0,0,1,0,1,1,0,1,0,1,1,0,1,1,0,0,1,0,1,0,0,1,0,2,2,0,0,0,1,1,0,0,0,1,0,1,0,0,0,1,1,1,2,2,1,1,0,0,1,0,1,1,0,1,1,0,0,1,0,0,1,0,0,0,1,0,0,1,2,2,0,1,0,1,0,0,1,0,0,1,0,1,1,0,1,1,2,1,1,0,2,0,1,1,0,2,1,0,2,1,1,1,0,0,0,0,1,1,0,0,1,1,0,0,0,0,0,1,2,1,1,0,1,1,0,2,1,0,1,1,1,0,0,0,0,1,2,1,2,1,0,2,1,0,0,1,1,2,0,1,0,1,0,1,0,0,1,0,2,1,0,0,0,1,0,0,1,0,1,0,0,0,0,1,1,2,1,1,0,0,0,1,0,2,0,1,2,0,0,0,0,1,0,0
"IND182",1,2,0,2,0,0,2,0,1,1,1,1,0,1,0,2,0,0,1,0,0,1,1,2,0,2,0,1,1,1,1,0,1,2,0,1,0,1,2,0,0,0,1,1,1,2,0,1,1,1,1,1,1,2,1,2,1,0,1,1,1,1,1,0,2,1,0,2,1,1,0,1,1,1,1,1,0,0,1,1,1,0,0,2,1,0,0,1,0,0,0,0,0,1,1,1,0,0,1,1,1,0,0,0,1,1,0,1,1,0,1,1,0,1,1,1,1,0,1,1,1,1,2,0,1,1,0,2,1,1,1,0,1,0,1,1,2,0,0,0,1,0,1,0,1,1,1,1,1,0,1,0,0,1,1,0,1,0,0,1,2,1,0,1,0,0,0,1,0,0,1,1,0,1,1,1,1,0,1,0,2,0,0,1,2,1,2,0,0,0,0,1,0,0,0,0,0,0,0,0,1,2,2,0,0,0,0,2,0,0,1,1,0,0,0,1,1,1,0,1,0,0,0,2,0,0,0,0,0,1,0,0,1,0,0,1,1,0,0,1,0,1,0,1,0,2,0,2,0,0,0,0,1,1,0,1,0,0,1,0,0,1,0,0,2,1,0,0,2,1,0,0,2,1,1,1,1,0,0,1,0,0,0,2,0,1,0,0,1,0,0,0,0,0,1,0,2,1,0,1,0,1,0,0,1,2,0,0,1,0,2,2,0,1,0,0,0,1,1,1,0,0,1,0,1,0,1,0,0,2,1,0,0,0,1,1,0,0,1,1,1,0,0,1,0,0,1,1,2,2,1,2,0,1,1,1,1,1,0,1,1,0,0,2,1,0,1,0,1,0,0,0,0,1,2,2,0,0,0,2,0,0,1,0,1,2,0,1,0,0,1,0,1,0,1,0,2,0,1,1,0,1,1,0,2,0,1,1,0,0,0,0,1,1,0,0,0,1,0,0,1,0,1,0,2,0,1,0,1,1,0,0,1,0,1,1,0,1,0,0,0,0,2,1,2,1,0,1,1,0,1,1,0,1,0,0,0,1,1,1,0,0,1,0,0,1,0,0,0,1,0,0,1,1,0,0,1,0,0,2,1,1,1,1,1,0,1,1,1,1,0,1,2,0,1,0,0,0,1,0
"IND183",1,1,0,2,0,1,2,0,1,1,0,0,2,0,0,1,0,1,1,0,0,0,0,0,0,2,0,1,0,2,1,0,0,2,0,1,0,2,0,1,0,1,1,1,1,1,0,2,1,2,0,1,2,0,1,1,1,0,0,0,0,0,1,0,2,1,0,1,1,1,1,1,1,1,1,0,0,1,1,1,1,0,0,2,1,0,0,1,0,0,0,0,2,1,1,0,1,0,1,1,1,0,0,1,2,2,0,2,1,0,0,2,0,2,1,1,1,0,1,2,2,0,1,1,1,0,1,2,0,1,0,1,1,0,1,1,1,0,0,1,1,0,2,1,2,0,2,0,1,0,1,0,0,1,1,0,0,0,2,1,2,1,0,1,0,0,0,1,0,0,2,1,1,0,0,1,1,0,0,0,2,0,0,0,2,1,2,1,0,1,0,1,0,0,0,0,0,0,0,0,0,2,1,0,0,0,0,0,0,2,0,0,0,0,0,2,0,0,1,0,0,1,0,2,0,1,0,0,1,0,2,0,2,0,1,1,1,1,0,1,0,0,0,0,1,0,0,1,1,0,0,0,0,1,0,1,0,1,1,0,1,0,1,0,2,1,0,0,2,1,0,0,1,1,1,1,0,0,0,1,0,0,0,0,0,1,0,0,0,0,0,1,0,1,0,0,2,1,0,0,1,1,0,0,1,1,0,1,1,0,0,1,0,1,0,0,0,1,1,1,0,0,0,1,2,1,1,1,1,2,2,0,0,0,1,1,0,0,2,1,0,1,1,0,0,0,0,1,1,1,1,1,0,1,0,0,1,1,0,0,1,0,0,1,1,0,0,1,0,0,1,1,0,1,2,1,0,0,0,1,0,0,1,0,1,1,0,2,0,0,1,0,1,1,0,0,1,0,1,0,0,2,1,0,1,1,1,1,0,0,1,0,1,1,0,0,1,0,0,0,1,0,1,0,2,0,0,0,1,1,0,1,0,0,2,1,1,1,0,0,0,0,2,1,2,0,0,2,0,0,1,1,1,1,0,1,1,0,0,1,0,0,1,0,1,1,0,0,1,1,0,0,1,1,1,0,1,1,0,1,1,2,0,1,1,0,1,0,0,2,0,1,2,0,0,0,1,1,0,0
"IND184",0,2,0,1,0,0,2,0,0,1,1,0,1,0,0,1,1,1,1,0,0,0,1,2,0,2,0,1,1,2,1,0,0,2,0,1,0,2,1,1,0,1,1,2,1,1,1,1,1,2,0,1,1,2,1,1,2,0,1,0,1,0,1,0,1,1,0,2,1,1,0,1,1,1,1,1,0,1,1,1,1,0,0,2,1,0,0,0,0,0,0,0,1,2,2,1,1,0,1,1,1,0,0,1,2,1,0,2,1,0,1,2,0,1,1,1,0,0,1,2,2,1,0,0,1,0,0,2,0,0,0,1,1,0,1,1,2,0,0,1,1,0,2,1,1,1,1,1,1,0,0,0,0,1,1,0,1,0,2,1,1,1,0,1,0,0,0,1,0,0,2,1,0,1,0,1,1,0,0,1,2,1,0,1,2,1,1,1,0,1,1,1,0,0,0,0,0,0,0,1,1,1,0,0,0,0,0,2,0,1,0,0,0,0,0,1,0,0,1,0,0,0,0,2,0,0,0,0,1,1,1,0,1,0,0,2,1,0,0,1,0,0,0,1,0,2,0,2,0,1,0,1,1,1,0,1,0,1,0,0,1,1,0,0,2,0,1,0,2,1,0,0,1,1,2,1,1,1,0,1,0,0,0,1,1,1,0,0,1,0,0,1,0,0,1,0,2,1,0,1,0,1,0,0,1,2,0,1,0,0,0,1,0,1,0,1,0,1,1,1,0,0,1,1,1,1,1,1,1,2,1,0,1,0,0,1,0,0,1,0,1,1,1,1,0,1,2,0,1,2,1,1,0,0,1,0,1,1,0,1,1,0,0,1,1,0,1,0,1,0,0,0,0,2,1,2,0,1,0,0,0,0,1,0,0,2,0,1,0,0,1,0,0,0,1,0,1,0,2,1,0,2,1,0,1,0,1,1,0,0,1,0,1,1,0,0,0,1,0,0,0,0,0,0,1,1,0,0,1,1,0,0,1,0,2,1,0,1,0,0,0,1,1,1,1,0,0,1,1,0,2,1,1,0,0,0,0,0,0,1,0,0,1,0,1,1,1,0,1,1,0,0,1,0,0,0,1,1,0,1,0,1,2,1,1,0,0,0,1,0,0,1,2,0,1,0,2,0,0,0
"IND185",0,1,0,1,0,0,0,0,1,1,0,0,0,0,0,2,0,0,1,0,0,0,1,2,0,2,0,1,0,2,1,0,1,2,0,1,0,1,1,1,0,1,0,2,1,2,1,2,1,2,1,1,1,1,1,1,2,0,0,2,0,1,1,0,1,1,0,2,0,1,0,1,0,0,1,2,0,1,0,0,0,0,0,2,1,1,0,1,0,0,0,0,1,1,2,1,0,0,1,2,1,0,0,0,1,1,0,1,0,0,1,1,0,1,1,1,1,0,1,1,1,1,0,1,1,0,0,2,1,0,1,0,1,0,1,1,1,0,0,0,2,0,1,0,1,0,1,0,1,0,1,0,0,1,1,1,0,0,0,0,1,2,1,0,0,0,0,0,0,1,1,0,1,1,1,0,1,1,1,0,2,1,0,1,1,0,2,0,0,0,1,1,0,0,0,0,0,0,0,2,0,1,0,0,0,0,0,2,0,0,1,0,0,0,0,2,0,0,0,0,0,1,0,2,0,0,0,0,1,1,1,0,2,0,1,2,1,0,1,1,0,1,0,1,0,2,0,1,0,1,0,0,0,1,0,1,0,1,0,0,1,1,0,0,2,1,1,0,2,1,0,1,2,0,2,0,1,0,0,1,1,0,0,1,0,1,0,0,0,0,0,0,0,0,0,0,2,1,0,1,1,1,0,0,1,1,0,1,1,0,2,1,0,1,0,1,1,0,1,1,0,0,1,0,1,2,1,1,0,2,1,0,0,0,0,1,0,0,1,0,0,1,0,0,0,1,2,0,1,2,0,1,0,1,1,1,1,1,0,0,1,0,0,0,1,0,0,0,0,0,1,0,0,1,1,1,0,0,0,1,0,0,1,0,0,0,0,2,1,0,0,1,1,1,1,0,0,0,2,0,0,1,1,0,1,1,1,1,0,0,0,0,1,1,0,0,1,0,0,0,1,0,1,0,1,1,1,0,1,1,0,1,1,0,1,1,1,0,0,0,0,1,2,0,1,0,0,2,0,0,1,2,1,1,0,1,1,1,0,1,0,0,1,0,1,1,1,0,1,1,0,0,0,1,0,0,1,1,0,2,2,2,2,1,0,0,0,0,0,1,0,0,2,0,0,0,0,0,0,1
"IND186",1,2,0,2,0,1,1,0,0,1,1,1,2,0,0,1,0,0,1,0,0,0,0,1,0,1,0,1,0,1,1,0,0,2,0,2,0,0,2,1,0,1,0,1,1,1,1,1,0,1,0,1,1,0,1,0,1,1,0,0,1,0,1,0,2,1,0,1,0,1,0,1,1,1,1,1,0,2,1,1,1,0,0,2,1,1,0,1,0,0,0,0,2,2,2,2,0,1,1,2,0,0,0,1,2,0,0,1,0,0,0,2,0,1,1,1,0,0,1,1,2,1,2,1,1,0,1,2,0,1,0,1,1,0,1,1,1,0,0,0,1,0,2,1,0,0,1,1,1,0,0,0,0,0,0,1,0,0,0,0,0,0,1,1,0,0,0,1,0,1,1,0,0,1,1,0,1,0,2,1,2,1,0,0,1,0,2,1,0,1,1,1,0,0,0,0,0,0,0,0,0,2,1,0,0,0,0,1,0,2,1,0,0,0,0,1,0,1,1,1,0,0,0,2,0,0,0,0,1,1,1,0,1,0,1,1,1,1,1,1,0,0,0,0,1,1,0,0,1,1,0,1,1,1,0,2,0,1,0,0,0,1,0,1,1,0,1,0,2,1,0,1,1,0,2,0,0,2,0,1,1,0,0,1,1,1,0,0,1,0,0,0,0,0,0,0,2,0,0,0,1,1,0,0,1,1,0,0,1,0,2,0,0,1,0,1,0,0,1,2,0,0,0,0,0,1,0,1,0,2,0,0,1,0,1,1,0,0,1,0,0,1,1,0,0,1,1,1,1,2,1,2,0,1,0,1,1,0,0,0,1,0,0,0,1,1,0,1,0,0,0,1,0,2,1,1,0,1,0,2,0,0,1,0,1,1,0,0,1,0,2,1,1,0,0,0,2,0,2,0,0,1,1,0,2,1,1,1,0,0,0,0,1,1,0,0,1,0,0,0,0,0,1,0,2,0,1,1,1,1,0,0,0,0,1,0,1,1,0,0,0,1,2,1,1,0,0,1,0,0,1,1,2,2,0,0,0,0,1,1,0,0,1,0,1,1,1,0,0,0,0,0,1,1,1,0,1,1,0,1,0,2,0,1,1,0,1,1,1,1,0,0,2,0,1,1,1,1,1,1
"IND187",0,2,0,1,0,1,0,0,1,1,0,1,1,0,0,1,1,0,1,0,0,1,0,1,0,1,0,2,0,1,1,1,0,2,0,0,0,1,0,1,0,0,1,2,1,2,2,2,0,1,0,1,2,1,1,1,2,1,1,2,0,0,1,0,2,0,0,2,0,1,0,1,1,2,1,0,0,0,0,0,2,0,0,2,1,0,0,0,0,0,0,0,2,2,2,1,1,1,1,2,0,0,0,0,2,1,0,1,2,0,1,2,0,1,1,1,1,0,1,1,2,0,1,0,1,0,0,1,1,1,0,1,1,0,1,1,1,0,0,0,1,0,1,0,1,0,0,1,1,0,0,0,0,0,0,1,1,0,1,0,0,1,1,1,0,0,0,1,0,1,2,1,0,0,0,0,1,0,0,1,2,0,0,0,2,1,1,0,0,1,0,2,0,0,0,0,0,0,0,2,0,2,2,0,0,0,0,0,0,1,0,0,0,0,0,1,1,1,1,0,0,1,0,2,0,1,0,0,1,0,1,0,2,0,1,1,1,0,1,1,0,1,0,1,0,2,0,1,1,1,0,0,0,1,0,1,0,1,0,0,0,1,1,2,2,0,0,0,2,1,0,0,2,0,1,1,0,0,0,1,0,0,0,2,0,1,0,0,1,0,0,1,0,1,1,0,2,0,0,1,1,1,0,0,2,2,0,0,1,0,0,0,0,1,0,0,0,1,1,1,0,0,0,0,1,2,0,1,1,1,2,0,1,0,1,1,0,0,0,0,0,0,0,0,0,1,1,0,2,2,0,1,0,0,1,0,1,0,0,0,1,0,0,0,1,0,0,2,1,0,0,1,0,1,2,2,0,0,0,2,0,0,1,0,1,0,0,0,0,0,1,1,2,1,0,0,1,0,1,1,0,1,1,0,1,0,1,1,0,0,1,0,1,1,0,0,0,0,0,0,1,0,0,1,2,1,0,0,1,1,0,1,1,0,1,0,1,0,0,0,0,1,2,0,2,1,0,1,1,0,1,2,0,2,0,0,0,1,1,1,0,0,1,0,1,1,1,0,1,0,0,0,0,1,1,0,1,1,0,2,2,2,2,1,1,0,1,1,0,0,0,1,1,0,1,1,2,0,0,1
"IND188",0,1,0,2,0,1,0,0,1,1,0,0,0,0,0,2,0,1,1,0,0,1,0,1,0,1,0,1,1,2,1,1,1,2,0,1,0,1,2,1,0,1,1,1,1,2,1,1,1,2,0,1,1,1,2,0,0,0,1,1,0,0,1,0,2,0,0,2,0,1,0,1,1,2,1,1,1,1,1,1,1,0,0,1,1,1,0,1,0,0,0,0,1,2,1,0,0,1,1,1,1,0,0,0,1,2,0,2,1,0,0,1,0,1,1,1,0,0,1,1,1,1,1,1,1,0,0,2,1,1,1,1,1,0,1,1,2,0,0,1,0,0,2,1,2,1,2,1,1,0,0,0,0,1,1,0,0,0,2,0,2,0,0,0,0,0,0,0,0,0,1,1,1,0,0,1,1,0,2,1,2,1,0,1,1,1,1,1,0,0,1,0,0,0,0,0,0,0,0,2,0,1,1,0,0,0,0,2,0,2,0,1,0,0,0,1,1,0,1,1,0,1,0,2,0,1,0,0,0,1,2,0,1,0,2,1,1,0,0,1,0,1,0,1,0,2,0,1,0,1,0,1,0,1,0,2,0,1,1,0,0,0,0,2,2,0,1,0,2,1,0,0,1,1,1,2,1,1,0,1,0,0,0,1,1,0,0,0,1,0,0,0,0,0,0,0,2,1,0,1,0,1,0,0,2,2,0,0,1,0,1,1,0,1,0,1,1,0,1,1,0,0,0,0,2,2,0,2,0,1,1,0,0,0,1,1,0,0,1,0,0,1,0,0,0,1,0,0,1,1,0,0,0,1,1,0,1,0,0,1,1,0,0,2,2,1,1,1,1,0,0,1,0,2,2,2,0,0,0,2,0,0,1,0,1,0,0,1,1,0,1,1,2,1,0,0,0,0,1,1,0,1,1,0,1,1,1,1,0,0,1,0,1,1,0,0,0,0,0,0,1,0,1,1,2,1,1,0,1,1,0,1,0,0,1,1,1,0,0,0,0,1,1,1,1,0,0,1,0,0,2,2,1,0,0,1,0,1,0,1,0,0,1,0,0,1,0,0,1,2,0,0,2,1,0,0,1,1,0,2,1,1,1,1,0,0,1,1,1,1,0,1,2,0,0,0,2,1,0,0
"IND189",1,2,0,1,0,1,1,0,0,1,0,0,0,1,0,1,1,0,1,0,0,0,0,1,0,2,0,1,2,1,1,1,0,2,0,1,0,1,1,0,0,1,0,2,1,2,0,1,2,1,1,1,1,1,2,2,2,0,0,2,0,1,1,0,2,0,0,1,2,1,0,1,0,1,1,0,0,2,1,2,0,0,0,1,1,1,0,1,0,0,0,0,2,2,2,0,1,0,1,1,0,0,0,1,2,0,0,2,2,0,0,2,0,1,1,1,1,0,1,1,2,1,1,0,0,1,1,2,1,1,0,0,1,0,1,1,2,0,0,1,2,0,0,0,2,1,1,1,1,0,0,0,0,0,0,1,0,0,1,0,1,1,1,0,0,0,0,1,0,0,1,0,1,0,2,1,1,0,2,1,2,1,0,1,1,0,2,1,0,1,0,2,0,0,1,0,0,0,0,0,1,1,1,0,0,0,0,1,0,0,1,1,0,0,0,2,0,1,0,1,0,1,0,2,0,0,0,0,1,1,2,0,1,0,1,2,1,1,0,1,0,0,0,0,1,2,0,1,1,1,0,1,0,1,0,1,0,2,0,0,0,1,1,1,1,0,1,0,2,1,0,1,1,1,2,0,0,1,0,1,0,0,0,0,0,1,0,0,1,0,0,0,0,0,1,0,2,0,0,0,1,1,0,0,2,0,0,0,0,0,2,2,0,1,0,1,1,0,1,1,0,0,0,0,0,0,1,0,1,2,1,0,0,0,1,1,0,0,2,0,0,1,1,0,0,1,2,1,1,1,0,2,0,1,0,0,1,0,0,1,1,0,0,0,2,1,1,0,1,0,0,1,0,1,1,1,0,1,0,0,0,0,1,0,0,2,0,0,1,0,1,0,0,1,0,0,0,0,2,0,0,2,1,0,1,0,1,1,0,0,0,0,1,1,0,0,1,0,0,0,0,0,1,1,1,0,1,0,1,1,0,1,1,0,2,0,1,0,0,0,0,0,1,1,1,0,0,1,0,0,0,2,1,1,0,1,0,1,1,1,0,0,1,0,1,1,0,0,1,0,0,0,2,0,0,0,1,1,0,1,1,2,1,1,1,0,0,0,0,1,0,1,1,0,1,1,2,0,0,1
"IND190",0,1,0,2,0,0,1,0,1,1,0,1,2,1,0,2,1,1,1,0,0,0,1,1,0,1,0,2,1,1,1,1,1,2,0,1,0,1,1,0,0,0,0,1,1,2,1,2,1,2,1,1,1,2,1,2,2,1,1,1,1,0,1,0,1,0,0,1,2,1,0,1,0,1,1,1,1,2,0,2,1,0,0,1,1,1,0,0,0,0,0,0,0,1,2,2,1,1,1,1,1,0,0,1,2,2,0,2,1,0,1,1,0,0,1,1,0,0,1,1,2,1,0,1,0,0,0,2,0,1,1,0,1,0,1,1,1,0,0,0,1,0,2,1,2,1,0,1,1,0,1,0,0,0,1,0,1,0,1,1,1,1,0,1,0,0,0,1,0,0,1,0,1,1,1,1,1,1,2,0,2,1,0,1,2,1,1,1,0,0,1,0,0,0,1,0,0,0,0,0,1,2,2,0,0,0,0,1,0,0,1,0,0,0,0,2,0,0,0,0,0,0,0,2,0,1,0,0,0,1,1,0,1,0,2,2,1,1,1,1,0,0,0,0,1,1,0,2,1,1,0,0,1,1,0,1,0,1,1,0,1,0,0,1,1,1,1,0,2,1,0,0,1,1,2,1,1,1,0,1,0,0,0,1,0,0,0,0,0,0,0,0,0,1,0,0,2,1,0,1,1,1,0,0,1,1,0,1,1,0,1,1,0,1,0,0,1,0,1,2,0,0,0,0,2,1,1,2,1,2,1,0,1,0,0,1,0,0,0,1,1,1,0,1,0,1,1,0,1,2,1,1,0,0,0,1,1,2,0,1,1,0,0,2,1,0,1,0,1,0,1,0,0,2,1,1,0,1,0,1,0,0,1,0,0,2,0,0,0,0,2,1,2,0,1,0,2,0,2,1,0,2,1,0,1,0,1,1,0,0,0,0,1,1,0,0,1,0,0,0,1,0,0,0,1,0,1,0,1,1,0,0,1,0,1,0,0,1,0,0,0,0,2,0,1,1,0,2,1,0,1,1,0,2,0,1,1,0,1,1,0,0,1,0,0,1,0,0,1,1,0,0,1,2,1,0,0,1,0,1,0,1,0,1,0,0,1,1,0,1,0,0,2,0,1,1,0,0,1,0
"IND191",0,2,0,0,0,1,2,0,1,1,1,0,0,1,0,2,0,0,1,0,0,1,0,1,0,2,0,2,1,1,1,1,0,2,0,1,0,1,2,0,0,0,1,1,1,2,0,2,0,1,0,1,1,1,2,1,0,0,0,1,0,0,1,0,1,0,0,1,0,1,1,1,1,0,1,2,0,2,0,1,1,0,0,1,1,0,0,1,0,0,0,0,1,1,2,0,1,0,1,1,1,0,0,0,1,1,0,2,1,0,1,1,0,2,1,1,1,0,1,2,2,1,1,0,0,1,0,2,0,0,1,0,1,0,1,1,1,0,0,0,2,0,0,0,1,0,0,1,1,0,0,0,0,1,0,0,1,0,1,0,2,1,0,1,0,0,0,1,0,0,2,1,0,1,0,1,1,1,1,1,2,1,0,1,1,1,1,1,0,1,0,0,0,0,1,0,0,0,0,0,0,1,0,0,0,0,0,2,0,0,1,1,0,0,0,2,0,1,0,1,0,0,0,2,0,1,0,0,0,0,0,0,2,0,0,1,1,1,0,1,0,1,0,0,0,0,0,1,0,0,0,0,1,1,0,1,0,1,1,0,1,1,1,0,2,0,1,0,2,1,0,0,0,0,1,0,1,0,0,1,0,0,0,0,1,0,0,0,1,0,0,1,0,1,1,0,2,0,0,1,0,1,0,0,1,1,0,1,1,0,1,1,0,1,0,0,0,0,1,1,0,0,1,0,1,1,0,2,0,1,2,0,1,0,0,1,0,0,2,0,1,1,0,1,0,0,1,1,2,1,1,1,0,1,1,0,1,1,0,0,1,0,0,1,0,1,2,1,1,0,0,1,0,1,1,2,0,0,0,1,0,0,1,0,1,1,0,1,1,0,0,0,2,0,1,0,0,0,2,0,0,1,1,0,2,0,1,1,0,0,0,0,1,1,0,0,0,1,0,0,1,0,0,1,1,0,0,1,1,1,0,1,1,0,1,0,1,0,0,0,0,1,1,1,1,0,0,2,1,0,0,2,1,1,0,0,0,1,0,1,0,0,1,0,2,1,1,0,1,1,0,0,1,1,1,0,1,1,0,2,1,2,1,1,0,0,1,1,1,1,0,0,2,0,1,1,1,1,0,1
"IND192",0,1,0,1,0,0,1,0,1,1,1,0,2,0,0,1,0,0,1,0,0,1,0,0,0,2,0,1,1,1,1,0,0,2,0,1,0,0,1,1,0,0,0,1,1,1,1,1,1,1,1,1,2,1,2,1,0,0,0,0,0,0,1,0,2,0,0,1,1,1,1,1,1,0,1,0,1,1,0,0,1,0,0,1,1,0,0,1,0,0,0,0,2,1,1,1,0,0,1,2,0,0,0,1,2,1,0,2,2,0,1,2,0,0,1,1,1,0,1,1,1,0,0,0,1,1,1,1,1,0,0,0,1,0,1,1,2,0,0,0,2,0,2,0,2,1,2,1,1,0,2,0,0,0,0,0,1,0,0,1,1,0,1,1,0,0,0,0,0,0,2,0,0,1,0,1,1,0,2,0,2,0,0,0,2,1,2,0,0,1,0,1,0,0,1,0,0,0,0,1,1,1,0,0,0,0,0,2,0,0,1,0,0,0,0,1,0,1,1,1,0,0,0,2,0,1,0,0,1,0,2,0,2,0,0,1,1,0,0,1,0,1,0,1,1,1,0,2,0,1,0,1,0,1,0,1,0,0,0,0,1,0,1,2,1,1,0,0,2,1,0,0,1,1,1,0,0,1,0,1,0,0,0,0,0,1,0,0,0,0,0,0,0,0,0,0,2,0,0,1,0,1,0,0,1,2,0,1,1,0,1,1,0,1,0,1,0,1,1,1,0,0,0,0,2,0,0,2,0,2,1,0,1,0,0,1,0,0,2,0,1,1,1,0,0,1,1,0,1,2,0,0,0,0,0,1,1,2,0,1,1,0,0,2,1,1,1,1,0,0,0,1,0,2,2,1,0,1,0,1,0,0,1,0,1,0,0,1,1,0,2,0,0,1,1,0,0,0,2,1,0,1,1,0,2,1,1,1,0,0,1,0,1,1,0,0,1,0,0,0,0,0,0,0,2,1,1,1,1,1,0,2,1,0,2,0,1,0,0,0,0,1,2,0,1,1,0,1,1,0,0,1,1,1,0,0,0,1,1,1,0,0,1,0,0,1,1,0,1,1,0,0,1,2,0,0,0,0,0,1,1,1,0,1,1,0,0,0,1,2,0,0,1,0,0,1,1,1,0,1
"IND193",0,1,0,1,0,1,2,0,0,1,1,1,0,1,0,2,0,1,1,0,0,0,0,1,0,2,0,2,1,2,1,0,1,2,0,1,0,1,2,1,0,0,1,2,1,2,1,2,0,2,1,1,2,1,2,1,1,0,1,1,1,1,1,0,2,1,0,2,2,1,0,1,0,1,1,2,1,1,0,0,0,0,0,2,1,0,0,1,0,0,0,0,0,2,1,0,0,0,1,2,1,0,0,0,2,1,0,2,1,0,0,1,0,0,1,1,1,0,1,2,1,1,1,1,0,1,1,2,1,1,1,1,1,0,1,1,1,0,0,0,1,0,1,1,0,0,0,1,1,0,2,0,0,1,2,1,1,0,1,1,0,0,1,0,0,0,0,1,0,0,2,0,0,1,0,0,1,0,1,0,2,0,0,0,2,0,1,0,0,0,0,1,0,0,0,0,0,0,0,1,1,2,2,0,0,0,0,0,0,1,0,1,0,0,0,1,1,1,1,0,0,0,0,2,0,1,0,0,0,0,0,0,2,0,1,2,1,1,1,1,0,1,0,1,1,2,0,2,1,1,0,0,0,1,0,2,0,1,1,0,0,1,0,2,1,1,1,0,2,1,0,0,2,0,1,1,1,1,0,1,1,0,0,1,1,1,0,0,0,0,0,0,0,0,0,0,2,0,0,1,0,1,0,0,1,0,0,0,1,0,1,2,0,1,0,1,1,0,1,2,0,0,0,0,1,2,0,2,0,2,2,0,1,0,0,1,0,0,2,1,1,0,0,1,0,0,0,0,2,2,0,0,0,0,0,1,1,1,0,0,1,0,0,2,1,0,1,2,1,0,1,0,0,2,2,2,0,1,0,0,0,0,1,0,0,0,0,2,1,0,0,0,2,1,0,0,0,0,2,0,0,1,1,0,2,0,1,1,0,0,1,0,1,1,0,0,1,0,0,0,1,0,1,1,1,1,0,1,1,1,0,0,0,0,2,1,0,1,0,0,0,1,1,0,1,0,0,2,1,0,1,1,1,1,0,0,0,0,0,1,0,0,1,0,1,1,1,0,0,1,0,0,1,1,1,0,0,0,0,2,1,2,0,1,1,0,0,0,1,0,0,0,2,0,0,1,2,1,1,0
"IND194",0,1,0,0,0,0,1,0,0,1,0,0,1,0,0,2,0,1,1,0,0,1,0,2,0,1,0,2,1,1,1,0,1,2,0,0,0,1,2,1,0,1,0,2,1,2,0,1,1,2,1,1,2,1,1,1,1,1,0,1,1,1,1,0,2,1,0,2,2,1,0,1,0,0,1,2,0,0,1,2,2,0,0,2,1,1,0,1,0,0,0,0,1,1,2,2,1,0,1,1,1,0,0,1,2,1,0,2,1,0,1,2,0,2,1,1,0,0,1,1,1,1,1,0,0,0,1,1,1,0,0,1,1,0,1,1,2,0,0,0,1,0,2,1,1,0,2,0,1,0,2,0,0,0,1,0,1,0,1,1,0,2,0,0,0,0,0,1,0,1,2,0,0,0,1,0,1,0,1,0,2,1,0,1,1,1,1,0,0,0,1,1,0,0,1,0,0,0,0,1,0,2,2,0,0,0,0,0,0,2,1,1,0,0,0,1,1,0,0,1,0,1,0,2,0,1,0,0,1,1,2,0,1,0,2,2,1,0,1,1,0,0,0,1,0,0,0,2,1,2,0,1,1,1,0,2,0,2,0,0,0,1,0,1,2,0,0,0,2,1,0,0,2,1,1,0,1,2,0,1,0,0,0,1,0,0,0,0,0,0,0,1,0,0,0,0,2,0,0,1,0,1,0,0,2,1,0,0,1,0,1,0,0,1,0,0,1,1,1,1,0,0,1,1,2,1,1,2,0,1,0,0,0,0,0,1,0,0,0,1,0,0,1,0,0,0,2,0,2,1,1,1,0,0,1,1,1,0,0,1,1,0,0,2,2,1,1,0,0,0,1,1,0,1,2,1,0,0,0,0,0,0,1,0,0,2,0,1,1,0,0,1,1,1,0,0,1,0,1,0,0,2,1,0,2,0,1,1,0,0,0,0,1,1,0,0,1,0,0,0,0,0,1,0,2,0,0,1,1,1,0,1,0,0,1,0,0,1,0,0,0,0,2,0,1,0,0,1,1,0,1,1,1,1,0,1,0,0,1,1,0,0,1,0,0,1,0,0,0,1,0,0,1,2,1,0,0,1,0,2,0,1,1,1,1,0,0,0,0,0,0,0,1,0,0,1,1,0,1,1
"IND195",0,1,0,2,0,1,2,0,1,1,0,1,0,0,0,2,0,1,1,0,0,0,1,0,0,2,0,1,0,1,1,1,0,2,0,1,0,0,1,1,0,0,1,1,1,1,1,2,1,2,0,1,1,1,1,0,1,1,1,1,1,0,1,0,1,0,0,1,2,1,1,1,0,1,1,0,0,1,0,2,2,0,0,2,1,0,0,1,0,0,0,0,1,2,1,1,1,1,1,1,1,0,0,1,2,2,0,1,1,0,1,1,0,1,1,1,1,0,1,1,1,0,1,0,0,1,0,1,1,1,1,1,1,0,1,1,2,0,0,1,1,0,0,0,2,0,0,0,1,0,2,0,0,1,1,1,1,0,2,0,0,1,0,1,0,0,0,0,0,1,2,1,1,1,2,1,1,0,0,0,2,0,0,1,1,1,1,1,0,1,1,2,0,0,1,0,0,0,0,1,1,2,1,0,0,0,0,1,0,0,0,1,0,0,0,1,0,0,0,0,0,0,0,2,0,0,0,0,0,0,0,0,0,0,0,2,1,1,0,1,0,0,0,1,1,1,0,1,1,0,0,0,1,1,0,1,0,1,1,0,0,0,0,1,2,0,1,0,2,1,0,1,1,1,2,1,1,1,0,1,0,0,0,0,1,0,0,0,1,0,0,0,0,1,1,0,2,1,0,1,0,1,0,0,2,1,0,0,0,0,0,0,0,1,0,0,1,0,1,2,0,0,1,0,1,2,0,1,0,2,1,0,0,0,1,1,0,0,0,1,0,0,1,0,0,0,0,1,1,1,1,2,0,0,1,0,1,1,0,0,1,0,0,2,0,1,2,2,1,0,0,0,0,1,1,2,0,1,0,2,0,0,1,0,0,1,0,2,0,0,0,1,1,0,1,0,0,0,2,0,0,1,1,0,1,1,1,1,0,0,1,0,1,1,0,0,1,1,0,0,0,0,0,0,1,0,0,0,1,1,0,1,0,0,2,0,1,1,0,0,0,0,2,1,1,0,0,1,0,0,2,2,2,2,0,1,1,1,1,1,0,0,1,0,0,1,0,0,1,1,0,0,2,2,1,0,0,1,0,2,1,1,1,1,0,0,0,1,1,1,0,1,1,0,1,1,2,1,1,1
"IND196",1,1,0,1,0,0,1,0,0,1,1,1,1,0,0,2,0,1,1,0,0,1,1,0,0,2,0,1,1,2,1,1,0,2,0,2,0,2,2,0,0,0,1,2,1,2,1,1,2,2,0,1,1,1,2,2,2,1,1,1,0,1,1,0,1,1,0,2,2,1,0,1,1,2,1,0,1,1,1,1,2,0,0,2,1,0,0,1,0,0,0,0,2,1,1,0,0,0,1,1,1,0,0,1,1,1,0,2,1,0,1,2,0,1,1,1,1,0,1,1,2,0,2,1,0,1,1,1,1,1,0,1,1,0,1,1,2,0,0,0,1,0,2,0,1,0,0,0,1,0,1,0,0,1,2,0,0,0,2,0,1,2,1,1,0,0,0,1,0,1,1,0,1,0,2,0,1,1,1,1,2,1,0,1,1,1,2,0,0,1,1,2,0,0,1,0,0,0,0,1,0,2,1,0,0,0,0,2,0,0,0,0,0,0,0,1,1,0,0,1,0,1,0,2,0,0,0,0,0,0,2,0,2,0,1,1,1,1,0,1,0,1,0,0,1,2,0,0,0,2,0,1,0,1,0,1,0,1,1,0,0,1,1,2,1,1,0,0,2,1,0,1,2,1,2,0,1,2,0,1,1,0,0,0,1,0,0,0,1,0,0,0,0,0,0,0,2,0,0,0,0,1,0,0,1,2,0,1,0,0,1,0,0,1,0,1,0,0,1,1,0,0,1,0,1,1,0,1,1,2,1,0,1,0,1,1,0,0,1,1,0,0,1,0,0,1,0,0,1,1,1,2,0,0,1,0,1,1,0,1,1,0,0,1,1,1,2,0,1,0,0,0,0,1,2,1,0,0,0,0,0,0,1,0,0,1,0,1,0,0,0,0,1,0,1,0,1,0,1,1,0,1,1,0,1,0,1,1,0,0,0,0,1,1,0,0,0,1,0,0,0,0,1,0,1,0,1,1,1,1,0,2,1,0,2,1,1,1,0,0,0,1,1,1,1,1,0,2,1,0,1,2,1,1,0,0,1,0,1,1,0,0,1,0,1,1,1,0,0,1,0,0,1,1,0,0,0,1,0,1,1,2,0,1,0,0,0,0,0,1,0,1,1,0,1,1,1,1,1,0
"IND197",0,2,0,1,0,0,1,0,1,1,0,0,1,1,0,2,0,0,1,0,0,0,1,0,0,2,0,2,0,2,1,0,0,2,0,1,0,0,0,1,0,0,0,1,1,2,2,2,0,1,0,1,2,0,2,2,0,0,1,2,0,1,1,0,1,0,0,2,1,1,0,1,1,1,1,0,0,0,0,1,0,0,0,1,1,1,0,1,0,0,0,0,1,2,2,2,0,0,1,2,1,0,0,0,1,2,0,1,1,0,0,2,0,0,1,1,1,0,1,1,2,0,2,1,1,1,1,1,1,0,0,0,1,0,1,1,2,0,0,1,1,0,1,0,1,1,1,0,1,0,1,0,0,0,0,1,1,0,0,0,1,1,0,0,0,0,0,1,0,1,1,1,0,1,0,1,1,0,1,1,2,1,0,1,1,1,2,1,0,1,0,2,0,0,0,0,0,0,0,2,1,2,1,0,0,0,0,1,0,2,1,1,0,0,0,2,1,1,1,0,0,1,0,2,0,0,0,0,1,1,1,0,0,0,1,2,1,0,0,1,0,0,0,0,0,1,0,1,1,1,0,1,1,1,0,1,0,1,0,0,1,1,0,0,1,0,1,0,2,1,0,0,0,1,2,1,1,1,0,1,1,0,0,1,1,1,0,0,0,0,0,1,0,1,0,0,2,1,0,1,0,1,0,0,1,1,0,1,0,0,0,1,0,1,0,0,0,0,1,1,0,0,0,0,0,2,0,2,1,2,1,0,0,0,1,1,0,0,1,0,1,0,1,1,0,1,2,1,2,1,0,0,0,1,1,1,1,1,0,1,1,0,0,0,2,1,0,0,0,0,0,0,0,2,2,2,0,1,0,1,0,0,1,0,1,2,0,2,1,0,0,0,2,1,0,0,0,0,2,1,0,2,1,0,1,1,1,1,0,0,1,0,1,1,0,0,0,1,0,0,1,0,0,1,2,1,0,0,1,1,0,0,0,0,2,1,0,1,0,0,0,0,1,1,1,1,0,2,1,0,1,2,2,1,0,1,1,0,0,1,0,0,1,0,1,1,0,0,1,0,0,0,1,0,0,0,1,0,0,1,1,2,2,1,0,0,0,0,1,0,0,1,2,0,0,1,1,1,1,1
"IND198",0,2,0,1,0,1,0,0,0,1,1,1,0,1,0,2,1,1,1,0,0,0,0,1,0,1,0,2,2,2,1,1,0,2,0,0,0,2,1,1,0,0,0,1,1,1,0,2,1,1,1,1,2,1,2,0,1,0,0,0,1,0,1,0,1,1,0,2,1,1,1,1,1,0,1,2,1,0,0,0,0,0,0,2,1,1,0,1,0,0,0,0,1,2,2,2,0,1,1,2,1,0,0,0,1,1,0,2,0,0,0,1,0,1,1,1,0,0,1,1,1,1,1,0,1,0,0,2,0,1,1,1,1,0,1,1,2,0,0,1,1,0,1,1,0,0,0,1,1,0,0,0,0,0,1,0,1,0,1,1,1,1,0,1,0,0,0,1,0,0,2,0,0,1,0,1,1,0,0,1,2,1,0,1,2,0,1,0,0,0,0,1,0,0,0,0,0,0,0,0,0,2,2,0,0,0,0,0,0,0,0,1,0,0,0,2,1,1,0,0,0,0,0,2,0,0,0,0,1,1,0,0,2,0,1,1,1,0,1,1,0,1,0,1,0,0,0,1,1,1,0,1,0,1,0,2,0,1,0,0,1,1,0,0,2,0,0,0,2,1,0,1,1,0,1,2,1,0,0,1,1,0,0,2,1,0,0,0,0,0,0,0,0,1,0,0,2,1,0,0,1,1,0,0,1,1,0,0,0,0,2,2,0,1,0,1,1,1,1,2,0,0,1,0,1,0,1,1,0,1,2,0,1,0,0,1,0,0,2,0,0,0,0,0,0,1,1,1,2,2,1,1,0,0,1,1,1,1,0,0,1,0,0,0,1,0,1,1,0,0,1,0,0,2,2,2,0,0,0,2,0,0,1,0,0,1,0,1,0,0,1,0,1,0,1,0,1,0,2,1,0,2,1,0,1,1,1,1,0,0,0,0,1,1,0,0,0,0,0,0,1,0,0,0,1,1,1,0,1,1,0,1,1,0,1,1,1,0,0,0,0,1,1,0,2,1,0,1,1,0,2,1,0,2,0,0,0,0,1,1,0,0,1,0,2,1,1,0,0,0,0,0,1,1,0,0,0,0,0,2,2,2,2,1,0,0,1,0,0,2,0,1,2,0,1,0,2,1,1,1
"IND199",0,1,0,1,0,1,1,0,1,1,0,1,1,1,0,1,0,1,1,0,0,1,0,2,0,1,0,2,1,1,1,0,1,2,0,0,0,1,0,1,0,0,1,1,1,2,1,1,2,1,0,1,1,2,1,0,0,1,1,1,1,0,1,0,1,0,0,2,1,1,0,1,0,0,1,2,0,1,0,1,0,0,0,1,1,0,0,0,0,0,0,0,0,2,1,0,0,1,1,1,1,0,0,1,2,1,0,2,1,0,1,2,0,0,1,1,0,0,1,1,2,2,0,0,1,0,0,1,1,0,0,1,1,0,1,1,2,0,0,0,1,0,2,1,2,0,0,0,1,0,1,0,0,0,2,0,0,0,1,1,1,2,0,0,0,0,0,1,0,0,1,0,0,1,2,0,1,1,1,1,2,0,0,0,2,1,2,1,0,1,0,0,0,0,0,0,0,0,0,1,0,2,0,0,0,0,0,2,0,1,1,0,0,0,0,2,1,0,1,1,0,0,0,2,0,0,0,0,0,0,1,0,1,0,1,1,1,1,1,1,0,0,0,0,1,2,0,0,0,0,0,1,1,1,0,2,0,1,1,0,1,1,0,1,2,0,0,0,2,1,0,0,1,0,2,1,1,2,0,1,1,0,0,2,0,0,0,0,0,0,0,1,0,1,1,0,2,1,0,1,0,1,0,0,2,0,0,0,0,0,1,2,0,1,0,1,0,1,1,2,0,0,1,1,1,2,0,1,1,1,1,0,0,0,0,1,0,0,1,1,0,1,0,1,0,1,0,0,1,2,0,0,0,1,0,1,1,0,0,1,1,0,0,2,1,0,2,1,0,0,1,0,0,2,2,2,0,0,0,1,0,0,1,0,1,1,0,1,0,0,1,1,0,1,0,0,0,0,2,1,0,1,1,0,1,1,1,1,0,0,1,0,1,1,0,0,0,0,0,0,0,0,0,0,2,0,1,1,1,1,0,2,0,0,2,0,1,1,0,0,0,1,1,0,1,1,0,2,1,0,2,2,1,2,0,1,1,0,1,1,0,0,1,0,0,1,0,0,1,2,0,0,0,2,1,0,1,1,0,2,2,1,0,1,1,0,1,1,1,2,0,0,1,0,1,0,1,0,1,0
"IND200",1,2,0,1,0,0,1,0,0,1,0,0,1,1,0,2,0,0,1,0,0,1,0,2,0,1,0,1,2,1,1,1,0,2,0,0,0,1,1,1,0,0,1,2,1,1,1,2,1,1,0,1,2,1,2,2,0,1,1,1,1,1,1,0,2,1,0,2,2,1,1,1,0,2,1,1,0,2,1,1,2,0,0,2,1,1,0,0,0,0,0,0,2,2,1,1,1,0,1,1,1,0,0,1,1,1,0,1,0,0,1,1,0,2,1,1,0,0,1,2,1,1,1,0,1,0,1,2,0,1,0,1,1,0,1,1,1,0,0,0,2,0,1,1,1,0,0,0,1,0,2,0,0,0,0,0,1,0,2,0,0,1,0,1,0,0,0,1,0,1,1,0,0,1,1,0,1,1,1,1,2,1,0,1,1,1,2,0,0,0,0,1,0,0,1,0,0,0,0,1,1,2,0,0,0,0,0,0,0,1,1,0,0,0,0,1,1,0,0,1,0,0,0,2,0,0,0,0,1,1,1,0,2,0,2,2,1,1,0,1,0,1,0,0,1,2,0,1,1,0,0,0,0,1,0,2,0,1,1,0,0,1,1,2,2,0,1,0,2,1,0,1,0,1,2,1,0,2,0,1,1,0,0,1,1,1,0,0,0,0,0,1,0,1,1,0,2,1,0,1,1,1,0,0,1,1,0,1,0,0,1,2,0,1,0,0,1,1,1,2,0,0,1,1,2,0,0,2,0,1,1,0,1,0,1,1,0,0,2,1,0,1,1,1,0,0,0,1,2,2,0,1,0,0,0,0,1,1,0,0,1,0,0,0,1,0,1,2,0,0,1,0,0,2,1,2,0,1,0,0,0,0,1,0,1,0,0,0,0,0,1,0,1,0,1,0,1,0,1,0,0,2,1,0,2,0,1,1,0,0,0,0,1,1,0,0,1,0,0,0,1,0,0,1,1,0,1,0,1,1,0,2,1,0,1,0,0,1,0,0,0,1,1,0,1,1,0,1,0,0,0,2,2,1,0,0,1,1,1,1,0,0,1,0,2,1,1,0,0,1,0,0,1,1,0,0,0,1,0,2,1,1,1,1,1,0,0,0,0,1,0,0,1,0,1,0,1,1,0,1
