ID	hap_1_1	hap_1_1	hap_1_2	hap_1_2	hap_2_1	hap_2_1	hap_2_2	hap_2_2	hap_3_1	hap_3_1	hap_3_2	hap_3_2	hap_4_1	hap_4_1	hap_4_2	hap_4_2	hap_5_1	hap_5_1	hap_5_2	hap_5_2	hap_6_1	hap_6_1	hap_6_2	hap_6_2	hap_7_1	hap_7_1	hap_7_2	hap_7_2	hap_8_1	hap_8_1	hap_8_2	hap_8_2	hap_9_1	hap_9_1	hap_9_2	hap_9_2	hap_10_1	hap_10_1	hap_10_2	hap_10_2	hap_11_1	hap_11_1	hap_11_2	hap_11_2	hap_12_1	hap_12_1	hap_12_2	hap_12_2	hap_13_1	hap_13_1	hap_13_2	hap_13_2	hap_14_1	hap_14_1	hap_14_2	hap_14_2	hap_15_1	hap_15_1	hap_15_2	hap_15_2	hap_16_1	hap_16_1	hap_16_2	hap_16_2	hap_17_1	hap_17_1	hap_17_2	hap_17_2	hap_18_1	hap_18_1	hap_18_2	hap_18_2	hap_19_1	hap_19_1	hap_19_2	hap_19_2	hap_20_1	hap_20_1	hap_20_2	hap_20_2	hap_21_1	hap_21_1	hap_21_2	hap_21_2	hap_22_1	hap_22_1	hap_22_2	hap_22_2	hap_23_1	hap_23_1	hap_23_2	hap_23_2	hap_24_1	hap_24_1	hap_24_2	hap_24_2	hap_25_1	hap_25_1	hap_25_2	hap_25_2	hap_26_1	hap_26_1	hap_26_2	hap_26_2	hap_27_1	hap_27_1	hap_27_2	hap_27_2	hap_28_1	hap_28_1	hap_28_2	hap_28_2	hap_29_1	hap_29_1	hap_29_2	hap_29_2	hap_30_1	hap_30_1	hap_30_2	hap_30_2	hap_31_1	hap_31_1	hap_31_2	hap_31_2	hap_32_1	hap_32_1	hap_32_2	hap_32_2	hap_33_1	hap_33_1	hap_33_2	hap_33_2	hap_34_1	hap_34_1	hap_34_2	hap_34_2	hap_35_1	hap_35_1	hap_35_2	hap_35_2	hap_36_1	hap_36_1	hap_36_2	hap_36_2	hap_37_1	hap_37_1	hap_37_2	hap_37_2	hap_38_1	hap_38_1	hap_38_2	hap_38_2	hap_39_1	hap_39_1	hap_39_2	hap_39_2	hap_40_1	hap_40_1	hap_40_2	hap_40_2	hap_41_1	hap_41_1	hap_41_2	hap_41_2	hap_42_1	hap_42_1	hap_42_2	hap_42_2	hap_43_1	hap_43_1	hap_43_2	hap_43_2	hap_44_1	hap_44_1	hap_44_2	hap_44_2	hap_45_1	hap_45_1	hap_45_2	hap_45_2	hap_46_1	hap_46_1	hap_46_2	hap_46_2	hap_47_1	hap_47_1	hap_47_2	hap_47_2	hap_48_1	hap_48_1	hap_48_2	hap_48_2	hap_49_1	hap_49_1	hap_49_2	hap_49_2	hap_50_1	hap_50_1	hap_50_2	hap_50_2	hap_51_1	hap_51_1	hap_51_2	hap_51_2	hap_52_1	hap_52_1	hap_52_2	hap_52_2	hap_53_1	hap_53_1	hap_53_2	hap_53_2	hap_54_1	hap_54_1	hap_54_2	hap_54_2	hap_55_1	hap_55_1	hap_55_2	hap_55_2	hap_56_1	hap_56_1	hap_56_2	hap_56_2	hap_57_1	hap_57_1	hap_57_2	hap_57_2	hap_58_1	hap_58_1	hap_58_2	hap_58_2	hap_59_1	hap_59_1	hap_59_2	hap_59_2	hap_60_1	hap_60_1	hap_60_2	hap_60_2	hap_61_1	hap_61_1	hap_61_2	hap_61_2	hap_62_1	hap_62_1	hap_62_2	hap_62_2	hap_63_1	hap_63_1	hap_63_2	hap_63_2	hap_64_1	hap_64_1	hap_64_2	hap_64_2	hap_65_1	hap_65_1	hap_65_2	hap_65_2	hap_66_1	hap_66_1	hap_66_2	hap_66_2	hap_67_1	hap_67_1	hap_67_2	hap_67_2	hap_68_1	hap_68_1	hap_68_2	hap_68_2	hap_69_1	hap_69_1	hap_69_2	hap_69_2	hap_70_1	hap_70_1	hap_70_2	hap_70_2	hap_71_1	hap_71_1	hap_71_2	hap_71_2	hap_72_1	hap_72_1	hap_72_2	hap_72_2	hap_73_1	hap_73_1	hap_73_2	hap_73_2	hap_74_1	hap_74_1	hap_74_2	hap_74_2	hap_75_1	hap_75_1	hap_75_2	hap_75_2	hap_76_1	hap_76_1	hap_76_2	hap_76_2	hap_77_1	hap_77_1	hap_77_2	hap_77_2	hap_78_1	hap_78_1	hap_78_2	hap_78_2	hap_79_1	hap_79_1	hap_79_2	hap_79_2	hap_80_1	hap_80_1	hap_80_2	hap_80_2	hap_81_1	hap_81_1	hap_81_2	hap_81_2	hap_82_1	hap_82_1	hap_82_2	hap_82_2	hap_83_1	hap_83_1	hap_83_2	hap_83_2	hap_84_1	hap_84_1	hap_84_2	hap_84_2	hap_85_1	hap_85_1	hap_85_2	hap_85_2	hap_86_1	hap_86_1	hap_86_2	hap_86_2	hap_87_1	hap_87_1	hap_87_2	hap_87_2	hap_88_1	hap_88_1	hap_88_2	hap_88_2	hap_89_1	hap_89_1	hap_89_2	hap_89_2	hap_90_1	hap_90_1	hap_90_2	hap_90_2	hap_91_1	hap_91_1	hap_91_2	hap_91_2	hap_92_1	hap_92_1	hap_92_2	hap_92_2	hap_93_1	hap_93_1	hap_93_2	hap_93_2	hap_94_1	hap_94_1	hap_94_2	hap_94_2	hap_95_1	hap_95_1	hap_95_2	hap_95_2
IND0001	1	1	1	1	2	2	2	2	2	2	1	1	1	1	1	1	1	1	1	1	2	2	1	1	2	2	2	2	3	3	4	4	1	1	2	2	2	2	1	1	1	1	2	2	2	2	1	1	2	2	2	2	2	2	2	2	2	2	2	2	2	2	2	2	1	1	2	2	1	1	2	2	2	2	2	2	2	2	2	2	2	2	2	2	2	2	2	2	2	2	1	1	1	1	2	2	1	1	1	1	2	2	2	2	1	1	2	2	1	1	1	1	1	1	2	2	2	2	1	1	1	1	1	1	2	2	2	2	1	1	1	1	2	2	2	2	2	2	2	2	2	2	2	2	2	2	1	1	1	1	1	1	1	1	1	1	2	2	1	1	2	2	1	1	1	1	1	1	1	1	2	2	2	2	2	2	1	1	1	1	1	1	1	1	2	2	2	2	1	1	1	1	2	2	1	1	2	2	2	2	1	1	2	2	1	1	2	2	2	2	1	1	2	2	1	1	2	2	2	2	2	2	1	1	1	1	1	1	1	1	2	2	2	2	1	1	2	2	1	1	1	1	2	2	2	2	2	2	2	2	2	2	1	1	2	2	1	1	1	1	2	2	2	2	1	1	2	2	1	1	2	2	2	2	1	1	2	2	2	2	1	1	2	2	2	2	1	1	1	1	1	1	2	2	2	2	1	1	1	1	2	2	2	2	2	2	1	1	1	1	1	1	1	1	1	1	2	2	2	2	2	2	2	2	1	1	1	1	2	2	2	2	1	1	1	1	1	1	2	2	2	2	3	3	1	1	2	2	2	2	2	2	2	2	2	2	2	2	1	1	1	1	1	1	2	2	1	1	1	1	2	2	3	3	4	4	1	1	1	1
IND0002	2	2	2	2	2	2	2	2	2	2	1	1	1	1	1	1	2	2	2	2	2	2	1	1	2	2	1	1	1	1	1	1	1	1	2	2	2	2	2	2	2	2	2	2	1	1	1	1	1	1	1	1	1	1	2	2	1	1	2	2	1	1	1	1	2	2	1	1	2	2	4	4	1	1	1	1	1	1	1	1	3	3	2	2	2	2	1	1	1	1	1	1	1	1	2	2	2	2	1	1	2	2	1	1	1	1	1	1	1	1	2	2	2	2	1	1	2	2	1	1	2	2	1	1	1	1	2	2	2	2	2	2	1	1	2	2	1	1	1	1	2	2	2	2	2	2	2	2	1	1	2	2	1	1	2	2	2	2	2	2	2	2	2	2	1	1	1	1	1	1	1	1	1	1	1	1	1	1	2	2	2	2	2	2	1	1	1	1	2	2	1	1	2	2	2	2	1	1	1	1	1	1	2	2	1	1	1	1	2	2	1	1	2	2	1	1	1	1	1	1	2	2	2	2	1	1	2	2	2	2	2	2	2	2	2	2	2	2	1	1	2	2	1	1	2	2	2	2	1	1	1	1	2	2	2	2	1	1	1	1	2	2	1	1	2	2	2	2	2	2	2	2	2	2	2	2	2	2	2	2	1	1	1	1	2	2	1	1	1	1	1	1	2	2	2	2	1	1	1	1	2	2	1	1	2	2	2	2	2	2	2	2	1	1	2	2	1	1	2	2	1	1	2	2	1	1	2	2	2	2	2	2	2	2	2	2	1	1	2	2	4	4	1	1	1	1	2	2	1	1	1	1	2	2	1	1	1	1	2	2	2	2	2	2	1	1	2	2	1	1	2	2	3	3	2	2	1	1	2	2
IND0003	1	1	2	2	1	1	2	2	1	1	2	2	1	1	2	2	2	2	2	2	1	1	1	1	2	2	2	2	2	2	2	2	1	1	2	2	1	1	2	2	2	2	2	2	1	1	2	2	2	2	1	1	2	2	2	2	2	2	2	2	1	1	2	2	1	1	1	1	2	2	2	2	2	2	2	2	2	2	2	2	2	2	3	3	1	1	2	2	1	1	2	2	2	2	1	1	1	1	2	2	1	1	2	2	1	1	1	1	2	2	1	1	2	2	1	1	2	2	2	2	2	2	2	2	1	1	2	2	2	2	1	1	1	1	2	2	1	1	1	1	1	1	2	2	2	2	2	2	2	2	2	2	1	1	1	1	2	2	1	1	1	1	1	1	2	2	2	2	1	1	2	2	1	1	2	2	1	1	1	1	2	2	2	2	1	1	2	2	2	2	2	2	2	2	2	2	1	1	1	1	1	1	1	1	2	2	1	1	1	1	1	1	1	1	1	1	2	2	1	1	1	1	2	2	1	1	1	1	2	2	1	1	2	2	2	2	2	2	1	1	1	1	1	1	2	2	1	1	2	2	1	1	2	2	1	1	2	2	1	1	1	1	1	1	1	1	1	1	2	2	2	2	2	2	1	1	2	2	2	2	2	2	2	2	2	2	1	1	2	2	1	1	1	1	1	1	1	1	1	1	2	2	1	1	1	1	1	1	2	2	2	2	1	1	2	2	1	1	1	1	2	2	1	1	2	2	1	1	1	1	1	1	2	2	1	1	1	1	2	2	1	1	2	2	2	2	1	1	2	2	1	1	1	1	1	1	1	1	1	1	1	1	1	1	1	1	2	2	1	1	2	2	2	2	3	3	2	2	2	2
IND0004	2	2	2	2	1	1	1	1	1	1	1	1	1	1	2	2	2	2	2	2	2	2	2	2	2	2	2	2	2	2	2	2	1	1	1	1	2	2	2	2	1	1	2	2	1	1	1	1	2	2	2	2	2	2	2	2	2	2	2	2	1	1	1	1	2	2	2	2	4	4	4	4	1	1	2	2	2	2	2	2	2	2	1	1	1	1	1	1	2	2	1	1	1	1	1	1	1	1	2	2	1	1	1	1	1	1	1	1	2	2	1	1	2	2	1	1	2	2	2	2	1	1	2	2	1	1	1	1	1	1	2	2	1	1	2	2	2	2	2	2	2	2	2	2	1	1	1	1	1	1	2	2	1	1	2	2	2	2	1	1	1	1	1	1	2	2	2	2	2	2	2	2	2	2	2	2	1	1	1	1	2	2	1	1	1	1	2	2	2	2	1	1	2	2	2	2	2	2	1	1	2	2	1	1	2	2	1	1	1	1	1	1	1	1	1	1	1	1	1	1	1	1	1	1	1	1	2	2	2	2	1	1	2	2	2	2	2	2	1	1	2	2	2	2	1	1	1	1	2	2	1	1	1	1	2	2	2	2	1	1	1	1	2	2	1	1	2	2	2	2	2	2	2	2	2	2	2	2	2	2	1	1	2	2	1	1	2	2	2	2	2	2	2	2	2	2	2	2	2	2	1	1	2	2	1	1	2	2	2	2	1	1	1	1	2	2	2	2	2	2	1	1	2	2	1	1	2	2	2	2	1	1	1	1	2	2	2	2	1	1	3	3	3	3	2	2	2	2	2	2	1	1	2	2	1	1	1	1	2	2	2	2	2	2	2	2	1	1	1	1	2	2	2	2	2	2	2	2	2	2
IND0005	1	1	2	2	1	1	1	1	2	2	1	1	2	2	2	2	2	2	1	1	1	1	2	2	1	1	1	1	1	1	1	1	2	2	2	2	2	2	1	1	1	1	1	1	1	1	2	2	1	1	1	1	2	2	2	2	2	2	2	2	2	2	2	2	2	2	2	2	4	4	1	1	1	1	2	2	2	2	2	2	2	2	1	1	2	2	1	1	2	2	1	1	2	2	2	2	1	1	1	1	1	1	2	2	2	2	2	2	1	1	2	2	1	1	2	2	1	1	2	2	2	2	1	1	2	2	2	2	2	2	1	1	2	2	1	1	1	1	2	2	1	1	2	2	2	2	2	2	1	1	2	2	2	2	1	1	1	1	2	2	1	1	1	1	2	2	1	1	2	2	2	2	2	2	2	2	1	1	1	1	1	1	2	2	2	2	1	1	2	2	1	1	1	1	2	2	2	2	2	2	2	2	2	2	1	1	2	2	2	2	2	2	2	2	2	2	2	2	1	1	1	1	1	1	1	1	1	1	1	1	1	1	1	1	1	1	1	1	1	1	1	1	2	2	2	2	2	2	2	2	2	2	2	2	2	2	2	2	1	1	1	1	2	2	2	2	1	1	2	2	1	1	1	1	2	2	2	2	2	2	2	2	2	2	2	2	1	1	2	2	2	2	2	2	2	2	2	2	1	1	2	2	2	2	1	1	1	1	2	2	2	2	1	1	1	1	2	2	2	2	1	1	1	1	2	2	2	2	1	1	1	1	2	2	1	1	2	2	2	2	2	2	4	4	2	2	2	2	2	2	1	1	1	1	2	2	1	1	2	2	2	2	1	1	1	1	1	1	2	2	2	2	3	3	2	2	1	1	1	1
IND0006	2	2	1	1	2	2	2	2	1	1	2	2	2	2	2	2	2	2	2	2	1	1	1	1	2	2	1	1	3	3	4	4	2	2	2	2	1	1	1	1	2	2	1	1	1	1	2	2	1	1	2	2	1	1	2	2	2	2	1	1	1	1	1	1	1	1	1	1	2	2	2	2	2	2	2	2	1	1	2	2	4	4	3	3	2	2	1	1	2	2	2	2	2	2	1	1	2	2	1	1	1	1	1	1	1	1	1	1	1	1	2	2	1	1	2	2	1	1	1	1	2	2	1	1	1	1	1	1	1	1	1	1	1	1	2	2	1	1	1	1	1	1	2	2	2	2	1	1	2	2	1	1	2	2	1	1	1	1	2	2	2	2	1	1	1	1	1	1	1	1	2	2	1	1	1	1	1	1	2	2	1	1	2	2	1	1	1	1	1	1	2	2	2	2	2	2	1	1	1	1	1	1	2	2	2	2	2	2	1	1	1	1	2	2	1	1	2	2	2	2	2	2	2	2	2	2	1	1	1	1	1	1	2	2	2	2	1	1	1	1	1	1	2	2	2	2	1	1	1	1	2	2	1	1	1	1	2	2	1	1	2	2	2	2	1	1	2	2	1	1	2	2	2	2	2	2	2	2	1	1	2	2	2	2	1	1	2	2	2	2	1	1	2	2	2	2	2	2	2	2	2	2	1	1	2	2	2	2	2	2	1	1	2	2	1	1	2	2	1	1	1	1	2	2	1	1	1	1	1	1	2	2	2	2	2	2	2	2	2	2	1	1	4	4	2	2	2	2	2	2	1	1	2	2	2	2	1	1	2	2	1	1	2	2	1	1	1	1	1	1	1	1	3	3	4	4	2	2	1	1
IND0007	1	1	1	1	2	2	1	1	1	1	1	1	2	2	2	2	1	1	1	1	2	2	1	1	2	2	1	1	3	3	4	4	2	2	1	1	1	1	1	1	2	2	1	1	1	1	1	1	2	2	1	1	1	1	2	2	2	2	2	2	1	1	1	1	1	1	2	2	1	1	2	2	1	1	1	1	2	2	2	2	2	2	2	2	2	2	1	1	2	2	1	1	1	1	1	1	1	1	2	2	1	1	2	2	2	2	1	1	2	2	2	2	2	2	2	2	2	2	1	1	1	1	2	2	2	2	2	2	1	1	2	2	1	1	2	2	2	2	2	2	1	1	2	2	1	1	1	1	1	1	2	2	2	2	2	2	2	2	1	1	2	2	2	2	2	2	2	2	2	2	1	1	2	2	2	2	1	1	2	2	1	1	2	2	2	2	2	2	2	2	2	2	1	1	2	2	2	2	2	2	2	2	1	1	2	2	2	2	2	2	1	1	2	2	1	1	1	1	1	1	1	1	2	2	1	1	2	2	2	2	1	1	1	1	1	1	1	1	2	2	2	2	2	2	2	2	1	1	1	1	2	2	1	1	1	1	2	2	2	2	2	2	2	2	1	1	2	2	1	1	1	1	1	1	1	1	2	2	2	2	1	1	1	1	2	2	2	2	1	1	2	2	1	1	2	2	1	1	2	2	1	1	1	1	1	1	2	2	1	1	1	1	2	2	2	2	2	2	2	2	2	2	2	2	1	1	1	1	1	1	2	2	2	2	2	2	1	1	1	1	1	1	4	4	2	2	1	1	2	2	1	1	2	2	1	1	2	2	1	1	1	1	2	2	2	2	1	1	2	2	2	2	4	4	2	2	2	2	1	1
IND0008	1	1	2	2	2	2	1	1	2	2	2	2	2	2	2	2	2	2	2	2	2	2	2	2	2	2	2	2	2	2	4	4	1	1	1	1	2	2	1	1	2	2	1	1	2	2	2	2	2	2	1	1	1	1	2	2	2	2	1	1	1	1	1	1	1	1	1	1	2	2	4	4	1	1	2	2	1	1	2	2	1	1	3	3	1	1	1	1	2	2	2	2	2	2	1	1	1	1	1	1	2	2	2	2	1	1	1	1	1	1	2	2	1	1	1	1	1	1	2	2	2	2	1	1	2	2	2	2	1	1	2	2	1	1	1	1	1	1	1	1	2	2	2	2	2	2	1	1	2	2	2	2	1	1	2	2	1	1	2	2	2	2	2	2	2	2	1	1	1	1	1	1	1	1	1	1	2	2	2	2	2	2	1	1	1	1	1	1	2	2	2	2	2	2	2	2	2	2	1	1	1	1	2	2	2	2	2	2	1	1	1	1	1	1	2	2	1	1	1	1	2	2	2	2	2	2	1	1	1	1	1	1	1	1	2	2	1	1	1	1	1	1	2	2	1	1	2	2	1	1	2	2	1	1	1	1	1	1	2	2	2	2	1	1	1	1	2	2	2	2	1	1	1	1	2	2	2	2	2	2	2	2	2	2	1	1	1	1	2	2	2	2	1	1	2	2	2	2	1	1	2	2	2	2	1	1	1	1	2	2	2	2	1	1	1	1	2	2	1	1	2	2	2	2	2	2	1	1	1	1	1	1	1	1	2	2	2	2	2	2	4	4	4	4	2	2	2	2	2	2	2	2	1	1	1	1	2	2	2	2	1	1	2	2	2	2	1	1	2	2	1	1	1	1	1	1	1	1	2	2
IND0009	1	1	2	2	1	1	1	1	2	2	2	2	1	1	1	1	1	1	2	2	1	1	2	2	2	2	1	1	1	1	3	3	1	1	1	1	1	1	1	1	2	2	1	1	1	1	1	1	2	2	1	1	1	1	2	2	2	2	2	2	2	2	1	1	2	2	2	2	2	2	1	1	2	2	2	2	2	2	2	2	1	1	1	1	2	2	2	2	1	1	2	2	1	1	2	2	1	1	1	1	2	2	1	1	2	2	2	2	2	2	1	1	1	1	2	2	1	1	2	2	1	1	2	2	2	2	2	2	1	1	1	1	1	1	2	2	2	2	2	2	2	2	2	2	2	2	2	2	1	1	1	1	1	1	1	1	1	1	1	1	2	2	2	2	2	2	1	1	2	2	1	1	1	1	1	1	2	2	2	2	1	1	2	2	2	2	2	2	1	1	2	2	2	2	1	1	2	2	1	1	2	2	2	2	1	1	1	1	1	1	1	1	2	2	1	1	1	1	1	1	1	1	2	2	2	2	2	2	2	2	1	1	2	2	1	1	2	2	1	1	2	2	1	1	2	2	2	2	2	2	1	1	1	1	2	2	1	1	1	1	2	2	1	1	2	2	1	1	1	1	1	1	1	1	1	1	2	2	2	2	2	2	2	2	2	2	2	2	2	2	2	2	2	2	2	2	2	2	2	2	1	1	1	1	1	1	2	2	2	2	1	1	1	1	1	1	1	1	1	1	1	1	2	2	2	2	1	1	2	2	2	2	1	1	2	2	2	2	1	1	4	4	1	1	2	2	2	2	1	1	1	1	1	1	2	2	2	2	1	1	1	1	2	2	2	2	2	2	1	1	2	2	1	1	2	2	2	2	1	1
IND0010	2	2	2	2	1	1	1	1	1	1	1	1	1	1	1	1	2	2	2	2	2	2	1	1	2	2	1	1	2	2	3	3	1	1	2	2	2	2	2	2	2	2	1	1	1	1	2	2	1	1	2	2	1	1	1	1	2	2	1	1	1	1	2	2	2	2	2	2	1	1	3	3	2	2	1	1	2	2	1	1	1	1	1	1	2	2	1	1	1	1	2	2	2	2	2	2	2	2	2	2	1	1	1	1	1	1	2	2	1	1	1	1	2	2	2	2	1	1	1	1	2	2	1	1	2	2	1	1	2	2	2	2	1	1	1	1	1	1	1	1	1	1	2	2	1	1	1	1	1	1	1	1	2	2	2	2	2	2	1	1	2	2	1	1	2	2	1	1	2	2	2	2	1	1	1	1	2	2	2	2	1	1	2	2	1	1	2	2	1	1	2	2	1	1	2	2	2	2	2	2	2	2	1	1	1	1	2	2	1	1	2	2	1	1	1	1	2	2	2	2	2	2	2	2	2	2	1	1	1	1	2	2	1	1	2	2	2	2	2	2	2	2	2	2	1	1	1	1	1	1	2	2	2	2	1	1	2	2	2	2	1	1	2	2	1	1	2	2	1	1	1	1	1	1	2	2	1	1	2	2	1	1	2	2	2	2	2	2	1	1	1	1	1	1	1	1	1	1	1	1	2	2	2	2	2	2	2	2	2	2	1	1	1	1	2	2	2	2	1	1	1	1	1	1	1	1	1	1	1	1	1	1	2	2	2	2	2	2	2	2	1	1	3	3	2	2	2	2	2	2	1	1	1	1	1	1	1	1	1	1	1	1	2	2	2	2	2	2	2	2	1	1	3	3	2	2	1	1	1	1
IND0011	1	1	1	1	2	2	1	1	2	2	1	1	2	2	2	2	1	1	1	1	1	1	1	1	2	2	1	1	4	4	2	2	2	2	1	1	1	1	1	1	2	2	1	1	2	2	1	1	2	2	1	1	1	1	1	1	2	2	2	2	1	1	2	2	1	1	2	2	4	4	1	1	1	1	1	1	1	1	2	2	1	1	1	1	2	2	1	1	2	2	1	1	2	2	2	2	2	2	2	2	1	1	1	1	2	2	1	1	1	1	2	2	2	2	1	1	1	1	2	2	1	1	1	1	1	1	1	1	1	1	2	2	1	1	1	1	2	2	2	2	2	2	1	1	2	2	1	1	1	1	2	2	2	2	1	1	1	1	1	1	2	2	2	2	2	2	2	2	2	2	2	2	1	1	1	1	1	1	2	2	2	2	1	1	2	2	1	1	1	1	2	2	1	1	1	1	1	1	2	2	1	1	1	1	1	1	1	1	2	2	2	2	2	2	2	2	1	1	2	2	1	1	1	1	2	2	2	2	1	1	1	1	1	1	2	2	1	1	2	2	1	1	2	2	2	2	1	1	2	2	1	1	2	2	2	2	1	1	2	2	2	2	2	2	2	2	1	1	1	1	1	1	1	1	1	1	2	2	2	2	2	2	2	2	2	2	1	1	1	1	1	1	2	2	1	1	1	1	2	2	2	2	2	2	1	1	1	1	1	1	2	2	2	2	1	1	1	1	2	2	2	2	2	2	1	1	2	2	2	2	2	2	2	2	1	1	1	1	2	2	2	2	1	1	1	1	1	1	2	2	2	2	1	1	2	2	2	2	2	2	1	1	1	1	1	1	1	1	1	1	2	2	1	1	4	4	2	2	2	2
IND0012	2	2	1	1	2	2	2	2	1	1	2	2	2	2	2	2	1	1	1	1	1	1	1	1	2	2	1	1	4	4	4	4	1	1	2	2	1	1	2	2	2	2	1	1	2	2	1	1	1	1	2	2	1	1	1	1	1	1	1	1	2	2	2	2	2	2	2	2	1	1	1	1	2	2	2	2	2	2	1	1	2	2	3	3	2	2	2	2	1	1	2	2	1	1	2	2	2	2	2	2	2	2	1	1	1	1	2	2	2	2	2	2	1	1	2	2	1	1	1	1	2	2	1	1	1	1	2	2	2	2	1	1	2	2	2	2	2	2	1	1	2	2	2	2	1	1	1	1	2	2	1	1	2	2	1	1	2	2	1	1	1	1	2	2	2	2	1	1	1	1	2	2	2	2	1	1	2	2	2	2	2	2	2	2	1	1	2	2	1	1	2	2	1	1	2	2	1	1	1	1	2	2	2	2	2	2	2	2	1	1	1	1	2	2	2	2	2	2	2	2	1	1	2	2	2	2	2	2	1	1	2	2	2	2	2	2	2	2	1	1	2	2	2	2	1	1	2	2	2	2	2	2	2	2	1	1	2	2	1	1	1	1	2	2	2	2	2	2	1	1	1	1	1	1	1	1	2	2	2	2	1	1	2	2	1	1	2	2	2	2	1	1	1	1	2	2	1	1	2	2	2	2	1	1	2	2	1	1	1	1	1	1	1	1	2	2	2	2	2	2	1	1	1	1	1	1	2	2	2	2	2	2	1	1	1	1	1	1	1	1	2	2	2	2	1	1	1	1	1	1	1	1	1	1	2	2	2	2	1	1	2	2	2	2	2	2	1	1	1	1	2	2	1	1	1	1	2	2	1	1
IND0013	1	1	2	2	1	1	2	2	2	2	2	2	1	1	1	1	2	2	2	2	2	2	2	2	1	1	2	2	4	4	3	3	1	1	2	2	1	1	2	2	1	1	1	1	2	2	1	1	2	2	2	2	2	2	2	2	2	2	1	1	1	1	2	2	1	1	2	2	3	3	4	4	1	1	1	1	2	2	1	1	1	1	1	1	2	2	2	2	2	2	1	1	2	2	2	2	2	2	2	2	1	1	2	2	1	1	2	2	1	1	1	1	2	2	2	2	1	1	1	1	2	2	2	2	1	1	2	2	2	2	1	1	2	2	2	2	2	2	1	1	1	1	2	2	1	1	1	1	1	1	2	2	2	2	2	2	2	2	2	2	2	2	2	2	1	1	1	1	1	1	2	2	1	1	1	1	2	2	2	2	1	1	2	2	2	2	1	1	2	2	2	2	2	2	2	2	2	2	2	2	2	2	2	2	1	1	1	1	2	2	2	2	2	2	2	2	2	2	1	1	1	1	2	2	2	2	1	1	2	2	2	2	1	1	1	1	1	1	2	2	2	2	1	1	1	1	1	1	1	1	2	2	2	2	1	1	2	2	2	2	2	2	1	1	1	1	1	1	2	2	1	1	2	2	2	2	1	1	2	2	2	2	2	2	2	2	1	1	2	2	2	2	1	1	2	2	2	2	2	2	1	1	2	2	2	2	1	1	1	1	2	2	1	1	1	1	1	1	1	1	2	2	2	2	1	1	2	2	2	2	2	2	1	1	1	1	1	1	2	2	4	4	1	1	1	1	2	2	1	1	1	1	1	1	1	1	1	1	1	1	1	1	1	1	1	1	2	2	2	2	2	2	2	2	2	2	1	1	2	2
IND0014	1	1	2	2	2	2	2	2	1	1	1	1	1	1	1	1	2	2	2	2	1	1	2	2	1	1	1	1	2	2	1	1	2	2	2	2	2	2	1	1	1	1	2	2	1	1	2	2	1	1	1	1	2	2	1	1	1	1	1	1	1	1	2	2	1	1	2	2	1	1	1	1	1	1	2	2	1	1	2	2	1	1	3	3	1	1	1	1	1	1	2	2	2	2	2	2	2	2	1	1	2	2	1	1	1	1	2	2	1	1	2	2	1	1	1	1	1	1	2	2	1	1	2	2	1	1	2	2	1	1	2	2	1	1	2	2	2	2	2	2	2	2	1	1	1	1	2	2	1	1	2	2	2	2	1	1	1	1	2	2	2	2	2	2	2	2	2	2	1	1	2	2	2	2	2	2	1	1	1	1	2	2	1	1	2	2	1	1	2	2	1	1	2	2	2	2	1	1	1	1	2	2	1	1	2	2	1	1	2	2	2	2	2	2	1	1	2	2	1	1	1	1	2	2	1	1	2	2	1	1	1	1	1	1	2	2	1	1	2	2	2	2	2	2	2	2	2	2	2	2	2	2	1	1	1	1	1	1	2	2	1	1	1	1	2	2	2	2	1	1	2	2	1	1	1	1	1	1	1	1	2	2	1	1	1	1	1	1	1	1	2	2	2	2	1	1	2	2	2	2	2	2	1	1	2	2	1	1	2	2	2	2	1	1	2	2	1	1	1	1	1	1	2	2	1	1	1	1	2	2	1	1	1	1	1	1	1	1	2	2	4	4	4	4	2	2	1	1	2	2	2	2	1	1	1	1	2	2	2	2	1	1	2	2	1	1	2	2	1	1	2	2	4	4	3	3	2	2	1	1
IND0015	2	2	2	2	1	1	1	1	1	1	2	2	1	1	2	2	1	1	1	1	1	1	2	2	2	2	2	2	1	1	2	2	1	1	2	2	1	1	2	2	2	2	1	1	2	2	2	2	2	2	2	2	1	1	2	2	1	1	1	1	2	2	1	1	2	2	2	2	3	3	4	4	2	2	1	1	1	1	1	1	4	4	3	3	2	2	1	1	1	1	2	2	1	1	2	2	1	1	1	1	2	2	2	2	1	1	1	1	2	2	2	2	2	2	1	1	1	1	2	2	1	1	1	1	1	1	2	2	1	1	2	2	1	1	2	2	1	1	1	1	2	2	1	1	1	1	2	2	1	1	1	1	1	1	2	2	2	2	1	1	1	1	1	1	1	1	1	1	2	2	1	1	2	2	1	1	2	2	1	1	2	2	2	2	2	2	1	1	1	1	2	2	1	1	1	1	2	2	2	2	1	1	2	2	2	2	1	1	2	2	2	2	2	2	2	2	1	1	1	1	1	1	2	2	1	1	2	2	1	1	2	2	2	2	2	2	2	2	2	2	2	2	1	1	2	2	2	2	2	2	1	1	1	1	1	1	1	1	2	2	2	2	1	1	2	2	2	2	1	1	2	2	1	1	2	2	1	1	1	1	2	2	2	2	1	1	1	1	1	1	1	1	1	1	2	2	1	1	1	1	1	1	2	2	2	2	1	1	1	1	1	1	2	2	2	2	2	2	1	1	2	2	1	1	1	1	1	1	1	1	2	2	1	1	1	1	2	2	2	2	2	2	3	3	2	2	1	1	1	1	2	2	1	1	2	2	1	1	1	1	1	1	2	2	2	2	1	1	1	1	1	1	4	4	3	3	2	2	1	1
IND0016	1	1	1	1	1	1	2	2	1	1	1	1	1	1	1	1	2	2	2	2	2	2	2	2	1	1	2	2	1	1	2	2	2	2	2	2	1	1	2	2	2	2	2	2	2	2	2	2	2	2	2	2	2	2	1	1	1	1	2	2	2	2	1	1	1	1	2	2	2	2	4	4	1	1	2	2	1	1	2	2	3	3	4	4	2	2	2	2	2	2	1	1	1	1	2	2	1	1	2	2	1	1	1	1	1	1	2	2	2	2	2	2	2	2	2	2	1	1	2	2	1	1	2	2	1	1	2	2	1	1	2	2	2	2	2	2	1	1	2	2	1	1	2	2	2	2	1	1	1	1	1	1	2	2	2	2	1	1	2	2	2	2	2	2	1	1	1	1	1	1	2	2	1	1	1	1	2	2	2	2	1	1	2	2	2	2	2	2	1	1	2	2	1	1	2	2	2	2	2	2	1	1	2	2	1	1	1	1	1	1	1	1	1	1	1	1	2	2	1	1	1	1	1	1	2	2	2	2	1	1	2	2	1	1	2	2	2	2	2	2	1	1	1	1	1	1	2	2	1	1	1	1	2	2	2	2	1	1	1	1	1	1	2	2	1	1	2	2	1	1	2	2	1	1	2	2	2	2	2	2	1	1	2	2	1	1	2	2	1	1	1	1	1	1	2	2	1	1	2	2	1	1	2	2	1	1	2	2	1	1	2	2	2	2	2	2	2	2	2	2	1	1	1	1	2	2	1	1	1	1	1	1	1	1	1	1	1	1	2	2	3	3	4	4	2	2	2	2	2	2	2	2	1	1	1	1	2	2	1	1	1	1	1	1	1	1	2	2	1	1	1	1	4	4	3	3	2	2	1	1
IND0017	1	1	1	1	2	2	2	2	1	1	1	1	2	2	2	2	2	2	2	2	1	1	1	1	2	2	2	2	1	1	1	1	1	1	1	1	2	2	2	2	1	1	2	2	2	2	1	1	1	1	2	2	1	1	1	1	1	1	2	2	2	2	1	1	2	2	2	2	2	2	2	2	1	1	2	2	1	1	2	2	2	2	4	4	1	1	1	1	2	2	2	2	1	1	2	2	1	1	2	2	1	1	2	2	1	1	2	2	2	2	1	1	1	1	1	1	2	2	2	2	1	1	2	2	2	2	2	2	1	1	1	1	1	1	2	2	2	2	2	2	1	1	1	1	1	1	1	1	1	1	2	2	1	1	1	1	2	2	2	2	2	2	1	1	1	1	2	2	2	2	1	1	1	1	1	1	2	2	1	1	1	1	2	2	1	1	1	1	1	1	1	1	1	1	1	1	1	1	2	2	1	1	1	1	2	2	2	2	1	1	2	2	1	1	1	1	1	1	1	1	2	2	2	2	1	1	2	2	1	1	1	1	1	1	1	1	2	2	1	1	2	2	1	1	2	2	2	2	2	2	1	1	2	2	2	2	2	2	1	1	1	1	1	1	1	1	2	2	2	2	1	1	1	1	1	1	2	2	1	1	1	1	2	2	1	1	1	1	1	1	1	1	1	1	1	1	1	1	1	1	1	1	1	1	1	1	1	1	2	2	1	1	2	2	1	1	2	2	1	1	2	2	1	1	1	1	1	1	1	1	1	1	2	2	1	1	1	1	2	2	1	1	4	4	2	2	1	1	2	2	2	2	2	2	1	1	2	2	1	1	2	2	1	1	1	1	2	2	1	1	2	2	3	3	4	4	1	1	2	2
IND0018	1	1	2	2	1	1	2	2	1	1	2	2	1	1	2	2	2	2	2	2	1	1	1	1	2	2	2	2	2	2	3	3	2	2	2	2	2	2	1	1	1	1	1	1	2	2	2	2	2	2	1	1	2	2	1	1	2	2	2	2	2	2	2	2	2	2	2	2	2	2	3	3	1	1	1	1	2	2	1	1	3	3	2	2	1	1	1	1	2	2	2	2	1	1	1	1	2	2	1	1	1	1	2	2	1	1	2	2	2	2	1	1	1	1	1	1	2	2	2	2	1	1	2	2	2	2	1	1	1	1	2	2	2	2	1	1	2	2	1	1	1	1	2	2	2	2	2	2	2	2	1	1	1	1	2	2	1	1	1	1	2	2	1	1	2	2	1	1	2	2	2	2	1	1	1	1	2	2	1	1	2	2	1	1	2	2	2	2	1	1	1	1	1	1	2	2	2	2	1	1	2	2	1	1	2	2	2	2	2	2	2	2	1	1	2	2	2	2	1	1	1	1	1	1	2	2	1	1	2	2	1	1	2	2	1	1	1	1	2	2	2	2	2	2	2	2	2	2	2	2	2	2	1	1	1	1	2	2	1	1	1	1	1	1	1	1	1	1	2	2	2	2	1	1	2	2	1	1	1	1	2	2	2	2	1	1	1	1	2	2	2	2	2	2	1	1	2	2	2	2	1	1	2	2	1	1	2	2	2	2	2	2	1	1	1	1	2	2	2	2	1	1	2	2	2	2	2	2	1	1	2	2	2	2	2	2	1	1	2	2	3	3	4	4	2	2	1	1	2	2	2	2	1	1	1	1	2	2	2	2	2	2	2	2	2	2	1	1	2	2	1	1	3	3	3	3	1	1	2	2
IND0019	2	2	2	2	2	2	1	1	1	1	2	2	2	2	1	1	2	2	2	2	2	2	2	2	1	1	2	2	4	4	4	4	2	2	2	2	1	1	2	2	2	2	2	2	1	1	2	2	1	1	1	1	2	2	1	1	2	2	2	2	2	2	1	1	1	1	1	1	1	1	1	1	2	2	1	1	2	2	1	1	3	3	1	1	1	1	2	2	1	1	2	2	1	1	1	1	2	2	2	2	1	1	1	1	2	2	2	2	1	1	1	1	2	2	2	2	2	2	1	1	2	2	2	2	1	1	1	1	1	1	2	2	1	1	1	1	2	2	2	2	1	1	1	1	2	2	1	1	2	2	2	2	1	1	2	2	2	2	1	1	2	2	2	2	2	2	2	2	1	1	2	2	2	2	2	2	2	2	1	1	1	1	2	2	2	2	2	2	2	2	1	1	1	1	1	1	1	1	1	1	2	2	1	1	2	2	1	1	2	2	2	2	1	1	1	1	2	2	2	2	2	2	1	1	2	2	1	1	2	2	2	2	2	2	2	2	2	2	2	2	2	2	1	1	1	1	1	1	2	2	2	2	1	1	1	1	2	2	1	1	2	2	1	1	1	1	2	2	2	2	1	1	2	2	2	2	1	1	1	1	2	2	1	1	2	2	2	2	2	2	2	2	2	2	1	1	1	1	2	2	2	2	2	2	1	1	1	1	2	2	1	1	1	1	2	2	1	1	1	1	2	2	1	1	1	1	1	1	2	2	1	1	2	2	1	1	2	2	1	1	1	1	2	2	1	1	1	1	2	2	1	1	1	1	1	1	1	1	2	2	2	2	1	1	2	2	1	1	2	2	1	1	2	2	4	4	1	1	1	1
IND0020	2	2	2	2	2	2	2	2	2	2	1	1	2	2	1	1	1	1	2	2	1	1	2	2	2	2	1	1	2	2	1	1	1	1	1	1	1	1	1	1	1	1	2	2	2	2	1	1	2	2	1	1	2	2	2	2	1	1	1	1	2	2	1	1	2	2	1	1	4	4	4	4	2	2	2	2	1	1	2	2	1	1	3	3	1	1	2	2	1	1	2	2	1	1	1	1	1	1	2	2	2	2	1	1	1	1	2	2	2	2	2	2	1	1	1	1	2	2	1	1	2	2	2	2	1	1	2	2	2	2	2	2	2	2	2	2	1	1	1	1	1	1	2	2	1	1	1	1	1	1	2	2	2	2	2	2	2	2	2	2	1	1	2	2	1	1	1	1	2	2	2	2	2	2	1	1	1	1	1	1	1	1	2	2	2	2	2	2	1	1	1	1	2	2	1	1	1	1	2	2	1	1	1	1	2	2	2	2	1	1	1	1	1	1	1	1	1	1	1	1	1	1	2	2	2	2	1	1	1	1	2	2	1	1	1	1	2	2	2	2	1	1	2	2	2	2	1	1	1	1	1	1	1	1	2	2	2	2	2	2	2	2	1	1	1	1	1	1	1	1	1	1	2	2	1	1	1	1	2	2	1	1	1	1	1	1	1	1	2	2	2	2	1	1	1	1	2	2	1	1	2	2	2	2	1	1	1	1	2	2	2	2	2	2	1	1	1	1	1	1	1	1	2	2	1	1	2	2	1	1	2	2	2	2	2	2	1	1	2	2	1	1	3	3	1	1	2	2	2	2	1	1	1	1	1	1	1	1	1	1	1	1	1	1	2	2	1	1	1	1	2	2	1	1	2	2	2	2	2	2
IND0021	1	1	2	2	2	2	2	2	1	1	2	2	1	1	1	1	1	1	2	2	1	1	1	1	2	2	1	1	3	3	2	2	2	2	2	2	1	1	2	2	2	2	2	2	2	2	2	2	2	2	2	2	1	1	1	1	1	1	2	2	1	1	1	1	1	1	2	2	4	4	4	4	1	1	2	2	2	2	1	1	3	3	2	2	2	2	1	1	1	1	2	2	2	2	1	1	1	1	2	2	1	1	1	1	2	2	1	1	1	1	1	1	1	1	1	1	1	1	2	2	1	1	2	2	1	1	2	2	2	2	2	2	2	2	1	1	1	1	2	2	1	1	2	2	1	1	2	2	2	2	1	1	1	1	1	1	1	1	1	1	2	2	2	2	2	2	2	2	1	1	1	1	2	2	2	2	1	1	1	1	2	2	1	1	2	2	2	2	1	1	1	1	2	2	1	1	1	1	1	1	1	1	2	2	2	2	1	1	2	2	2	2	2	2	2	2	2	2	2	2	1	1	1	1	1	1	1	1	2	2	2	2	2	2	2	2	1	1	2	2	2	2	1	1	1	1	2	2	2	2	1	1	2	2	1	1	1	1	2	2	1	1	1	1	2	2	2	2	2	2	2	2	2	2	2	2	2	2	2	2	1	1	2	2	1	1	2	2	2	2	2	2	1	1	1	1	2	2	2	2	2	2	2	2	1	1	2	2	1	1	1	1	1	1	2	2	2	2	2	2	1	1	2	2	1	1	1	1	1	1	2	2	1	1	1	1	2	2	1	1	1	1	1	1	1	1	1	1	1	1	2	2	2	2	2	2	2	2	1	1	2	2	2	2	2	2	1	1	1	1	1	1	4	4	3	3	1	1	2	2
IND0022	2	2	1	1	1	1	1	1	1	1	2	2	2	2	1	1	1	1	2	2	1	1	1	1	2	2	2	2	3	3	3	3	2	2	2	2	2	2	2	2	1	1	1	1	1	1	2	2	1	1	1	1	1	1	2	2	1	1	1	1	2	2	1	1	1	1	1	1	1	1	1	1	1	1	1	1	1	1	2	2	4	4	1	1	2	2	1	1	1	1	2	2	2	2	1	1	2	2	1	1	2	2	1	1	2	2	2	2	2	2	1	1	1	1	2	2	2	2	1	1	2	2	2	2	2	2	1	1	1	1	1	1	2	2	2	2	1	1	1	1	2	2	2	2	2	2	1	1	1	1	1	1	2	2	1	1	2	2	1	1	2	2	1	1	1	1	2	2	2	2	1	1	2	2	1	1	2	2	1	1	1	1	2	2	1	1	2	2	1	1	1	1	1	1	2	2	2	2	2	2	1	1	1	1	2	2	1	1	1	1	1	1	1	1	2	2	2	2	1	1	1	1	2	2	2	2	2	2	1	1	2	2	1	1	2	2	1	1	2	2	1	1	2	2	1	1	1	1	1	1	2	2	2	2	1	1	1	1	2	2	1	1	2	2	1	1	2	2	2	2	2	2	2	2	2	2	1	1	2	2	1	1	2	2	2	2	1	1	2	2	1	1	1	1	2	2	2	2	1	1	1	1	1	1	2	2	1	1	2	2	1	1	2	2	1	1	2	2	2	2	2	2	1	1	1	1	2	2	1	1	2	2	1	1	1	1	2	2	2	2	1	1	2	2	2	2	1	1	2	2	2	2	2	2	2	2	2	2	2	2	1	1	2	2	2	2	2	2	2	2	1	1	3	3	2	2	1	1	1	1
IND0023	2	2	1	1	2	2	1	1	2	2	2	2	2	2	1	1	1	1	1	1	1	1	1	1	1	1	2	2	1	1	2	2	2	2	1	1	1	1	2	2	2	2	2	2	2	2	2	2	1	1	1	1	2	2	2	2	2	2	2	2	2	2	2	2	2	2	2	2	2	2	2	2	1	1	2	2	1	1	1	1	2	2	2	2	2	2	1	1	1	1	1	1	2	2	1	1	2	2	2	2	1	1	2	2	1	1	1	1	2	2	2	2	1	1	1	1	2	2	1	1	1	1	1	1	1	1	2	2	2	2	1	1	2	2	2	2	1	1	1	1	1	1	2	2	2	2	2	2	1	1	1	1	1	1	1	1	2	2	1	1	1	1	1	1	2	2	2	2	1	1	1	1	1	1	1	1	1	1	2	2	2	2	2	2	1	1	1	1	2	2	1	1	1	1	1	1	2	2	1	1	1	1	2	2	2	2	2	2	1	1	2	2	2	2	2	2	2	2	1	1	2	2	2	2	1	1	1	1	2	2	2	2	1	1	1	1	2	2	1	1	1	1	1	1	1	1	2	2	1	1	2	2	2	2	2	2	2	2	1	1	1	1	2	2	1	1	2	2	1	1	1	1	2	2	1	1	1	1	2	2	2	2	1	1	1	1	2	2	1	1	1	1	1	1	1	1	2	2	2	2	2	2	1	1	2	2	2	2	1	1	1	1	2	2	2	2	1	1	1	1	2	2	1	1	2	2	2	2	2	2	2	2	2	2	1	1	1	1	1	1	2	2	1	1	2	2	2	2	2	2	1	1	2	2	2	2	1	1	2	2	1	1	1	1	2	2	1	1	2	2	1	1	1	1	2	2	1	1	2	2
IND0024	1	1	1	1	2	2	1	1	2	2	1	1	2	2	2	2	1	1	1	1	2	2	2	2	1	1	2	2	4	4	1	1	2	2	2	2	2	2	1	1	2	2	1	1	2	2	2	2	1	1	1	1	1	1	1	1	1	1	2	2	2	2	2	2	2	2	1	1	3	3	1	1	2	2	1	1	1	1	2	2	3	3	1	1	2	2	1	1	2	2	2	2	2	2	2	2	2	2	2	2	1	1	2	2	1	1	1	1	2	2	1	1	1	1	1	1	1	1	2	2	2	2	2	2	1	1	1	1	1	1	2	2	2	2	2	2	2	2	2	2	2	2	1	1	1	1	2	2	2	2	1	1	2	2	1	1	2	2	1	1	2	2	1	1	1	1	1	1	1	1	2	2	1	1	2	2	2	2	2	2	2	2	2	2	2	2	1	1	1	1	2	2	2	2	2	2	1	1	2	2	2	2	2	2	2	2	1	1	2	2	1	1	2	2	2	2	1	1	1	1	2	2	1	1	2	2	1	1	2	2	1	1	2	2	2	2	2	2	2	2	1	1	2	2	2	2	1	1	1	1	1	1	1	1	1	1	1	1	1	1	1	1	1	1	2	2	2	2	1	1	1	1	1	1	1	1	2	2	1	1	1	1	2	2	1	1	1	1	1	1	1	1	1	1	1	1	2	2	1	1	2	2	1	1	2	2	2	2	1	1	1	1	1	1	1	1	2	2	2	2	2	2	1	1	2	2	1	1	1	1	2	2	2	2	1	1	2	2	2	2	2	2	3	3	1	1	1	1	1	1	2	2	1	1	1	1	1	1	1	1	2	2	2	2	1	1	1	1	1	1	2	2	2	2	1	1	2	2	1	1
IND0025	1	1	1	1	2	2	1	1	1	1	1	1	2	2	2	2	1	1	2	2	1	1	2	2	2	2	1	1	3	3	2	2	2	2	2	2	1	1	2	2	1	1	2	2	2	2	1	1	2	2	1	1	1	1	2	2	2	2	2	2	1	1	2	2	1	1	2	2	1	1	4	4	1	1	2	2	1	1	1	1	2	2	1	1	1	1	1	1	1	1	2	2	2	2	2	2	2	2	1	1	1	1	1	1	1	1	1	1	1	1	2	2	2	2	2	2	2	2	2	2	1	1	2	2	2	2	1	1	2	2	1	1	2	2	2	2	2	2	2	2	1	1	1	1	1	1	2	2	1	1	2	2	2	2	1	1	2	2	2	2	1	1	2	2	2	2	2	2	1	1	1	1	2	2	1	1	2	2	1	1	1	1	2	2	2	2	1	1	2	2	2	2	2	2	1	1	1	1	1	1	2	2	2	2	1	1	1	1	2	2	2	2	2	2	2	2	1	1	1	1	1	1	2	2	2	2	2	2	2	2	2	2	1	1	2	2	1	1	2	2	2	2	2	2	1	1	1	1	2	2	1	1	1	1	1	1	2	2	1	1	2	2	2	2	2	2	2	2	2	2	2	2	1	1	2	2	1	1	1	1	2	2	2	2	1	1	2	2	2	2	1	1	2	2	2	2	2	2	1	1	2	2	1	1	1	1	2	2	1	1	2	2	2	2	1	1	1	1	1	1	1	1	1	1	2	2	2	2	1	1	1	1	2	2	1	1	1	1	1	1	3	3	4	4	1	1	1	1	2	2	2	2	1	1	1	1	2	2	2	2	1	1	1	1	1	1	1	1	1	1	2	2	3	3	1	1	1	1	2	2
IND0026	1	1	1	1	2	2	1	1	2	2	2	2	1	1	2	2	2	2	1	1	1	1	1	1	1	1	2	2	2	2	3	3	2	2	2	2	1	1	1	1	2	2	1	1	1	1	1	1	2	2	2	2	2	2	1	1	1	1	2	2	2	2	2	2	1	1	2	2	2	2	1	1	2	2	2	2	2	2	1	1	2	2	1	1	1	1	2	2	1	1	2	2	1	1	1	1	2	2	2	2	1	1	1	1	1	1	1	1	2	2	1	1	2	2	1	1	2	2	1	1	1	1	1	1	2	2	1	1	2	2	1	1	1	1	1	1	2	2	1	1	2	2	2	2	2	2	2	2	2	2	1	1	2	2	1	1	2	2	1	1	1	1	1	1	2	2	1	1	1	1	2	2	2	2	1	1	2	2	2	2	2	2	1	1	1	1	2	2	2	2	2	2	2	2	2	2	1	1	2	2	1	1	1	1	1	1	1	1	2	2	2	2	1	1	1	1	2	2	1	1	2	2	1	1	1	1	1	1	2	2	1	1	1	1	1	1	1	1	1	1	1	1	1	1	1	1	2	2	2	2	1	1	1	1	2	2	2	2	2	2	2	2	1	1	2	2	2	2	2	2	2	2	1	1	1	1	1	1	2	2	2	2	1	1	2	2	1	1	1	1	2	2	1	1	2	2	2	2	1	1	1	1	1	1	1	1	2	2	1	1	1	1	1	1	2	2	1	1	2	2	1	1	1	1	2	2	2	2	2	2	1	1	2	2	1	1	2	2	1	1	4	4	1	1	2	2	1	1	1	1	1	1	2	2	2	2	1	1	1	1	2	2	1	1	2	2	2	2	1	1	1	1	2	2	4	4	1	1	2	2
IND0027	2	2	1	1	1	1	1	1	1	1	2	2	1	1	1	1	1	1	1	1	1	1	1	1	1	1	1	1	1	1	3	3	1	1	1	1	2	2	2	2	1	1	2	2	2	2	1	1	1	1	2	2	1	1	2	2	2	2	1	1	2	2	2	2	1	1	2	2	2	2	4	4	2	2	1	1	1	1	2	2	4	4	2	2	2	2	1	1	2	2	2	2	1	1	2	2	2	2	1	1	2	2	2	2	1	1	2	2	2	2	1	1	1	1	2	2	1	1	1	1	1	1	1	1	2	2	1	1	2	2	2	2	1	1	2	2	2	2	1	1	1	1	2	2	1	1	1	1	2	2	2	2	1	1	2	2	2	2	2	2	2	2	1	1	1	1	2	2	2	2	1	1	1	1	1	1	1	1	2	2	2	2	1	1	2	2	2	2	2	2	1	1	2	2	1	1	2	2	2	2	2	2	1	1	2	2	1	1	1	1	2	2	2	2	2	2	1	1	2	2	1	1	1	1	2	2	2	2	2	2	2	2	1	1	2	2	2	2	2	2	2	2	1	1	2	2	1	1	1	1	2	2	1	1	2	2	1	1	2	2	1	1	2	2	2	2	1	1	1	1	1	1	2	2	1	1	2	2	1	1	2	2	2	2	2	2	2	2	1	1	2	2	2	2	2	2	1	1	1	1	2	2	2	2	1	1	2	2	1	1	2	2	2	2	2	2	1	1	2	2	2	2	2	2	2	2	2	2	1	1	1	1	1	1	2	2	1	1	2	2	2	2	1	1	2	2	1	1	2	2	1	1	2	2	1	1	1	1	2	2	1	1	2	2	2	2	1	1	2	2	2	2	3	3	1	1	1	1	2	2
IND0028	1	1	2	2	2	2	2	2	1	1	2	2	1	1	2	2	2	2	1	1	1	1	2	2	2	2	2	2	2	2	1	1	1	1	1	1	2	2	1	1	2	2	1	1	2	2	1	1	2	2	2	2	1	1	1	1	1	1	2	2	1	1	1	1	1	1	1	1	4	4	2	2	1	1	2	2	1	1	1	1	2	2	2	2	2	2	1	1	2	2	2	2	2	2	2	2	1	1	2	2	1	1	2	2	1	1	1	1	1	1	1	1	1	1	2	2	2	2	1	1	1	1	1	1	1	1	1	1	2	2	2	2	2	2	1	1	1	1	1	1	1	1	1	1	2	2	1	1	1	1	2	2	2	2	1	1	2	2	1	1	2	2	2	2	2	2	2	2	1	1	1	1	2	2	2	2	2	2	1	1	1	1	2	2	1	1	2	2	2	2	1	1	1	1	2	2	2	2	1	1	1	1	1	1	2	2	1	1	2	2	1	1	1	1	2	2	2	2	2	2	2	2	1	1	1	1	2	2	2	2	1	1	2	2	1	1	1	1	1	1	2	2	2	2	1	1	1	1	2	2	1	1	2	2	2	2	2	2	1	1	1	1	2	2	2	2	2	2	2	2	2	2	1	1	2	2	1	1	1	1	2	2	2	2	1	1	2	2	2	2	1	1	2	2	1	1	2	2	2	2	1	1	2	2	1	1	1	1	2	2	1	1	1	1	2	2	1	1	2	2	1	1	1	1	1	1	2	2	2	2	1	1	2	2	2	2	2	2	2	2	4	4	2	2	1	1	2	2	2	2	2	2	2	2	2	2	2	2	1	1	1	1	2	2	1	1	2	2	2	2	1	1	3	3	4	4	1	1	1	1
IND0029	1	1	2	2	2	2	2	2	1	1	1	1	2	2	2	2	2	2	1	1	1	1	1	1	1	1	2	2	1	1	1	1	2	2	2	2	1	1	2	2	2	2	2	2	1	1	1	1	1	1	2	2	2	2	1	1	1	1	2	2	1	1	2	2	1	1	2	2	2	2	1	1	2	2	2	2	2	2	1	1	3	3	2	2	2	2	2	2	1	1	2	2	1	1	1	1	1	1	2	2	1	1	2	2	1	1	1	1	2	2	1	1	1	1	1	1	1	1	2	2	1	1	1	1	1	1	1	1	2	2	1	1	1	1	2	2	1	1	2	2	2	2	1	1	1	1	2	2	1	1	1	1	1	1	2	2	2	2	1	1	1	1	2	2	2	2	2	2	2	2	2	2	2	2	2	2	2	2	1	1	1	1	2	2	2	2	1	1	2	2	2	2	1	1	1	1	2	2	1	1	1	1	1	1	2	2	2	2	2	2	1	1	1	1	1	1	1	1	1	1	2	2	2	2	2	2	2	2	2	2	1	1	1	1	1	1	1	1	2	2	1	1	1	1	2	2	2	2	2	2	1	1	1	1	1	1	2	2	1	1	1	1	1	1	2	2	1	1	2	2	2	2	2	2	1	1	2	2	1	1	1	1	2	2	1	1	2	2	1	1	2	2	1	1	1	1	1	1	1	1	1	1	2	2	2	2	1	1	1	1	2	2	1	1	2	2	2	2	2	2	2	2	2	2	2	2	2	2	1	1	1	1	1	1	1	1	2	2	2	2	1	1	2	2	2	2	2	2	1	1	2	2	1	1	2	2	1	1	1	1	1	1	2	2	2	2	1	1	1	1	1	1	4	4	2	2	1	1	1	1
IND0030	1	1	1	1	1	1	2	2	1	1	1	1	1	1	2	2	1	1	1	1	1	1	2	2	1	1	2	2	1	1	4	4	2	2	2	2	2	2	2	2	1	1	1	1	2	2	2	2	1	1	2	2	1	1	2	2	1	1	2	2	1	1	1	1	2	2	1	1	2	2	2	2	2	2	2	2	1	1	1	1	4	4	2	2	1	1	2	2	1	1	2	2	2	2	1	1	1	1	2	2	2	2	1	1	2	2	2	2	2	2	1	1	1	1	2	2	2	2	1	1	2	2	1	1	1	1	1	1	2	2	2	2	1	1	1	1	1	1	1	1	1	1	2	2	1	1	2	2	2	2	1	1	2	2	1	1	1	1	2	2	1	1	2	2	1	1	2	2	1	1	2	2	1	1	2	2	2	2	2	2	2	2	1	1	2	2	1	1	2	2	2	2	1	1	1	1	2	2	1	1	1	1	2	2	1	1	2	2	1	1	2	2	1	1	1	1	2	2	2	2	1	1	1	1	2	2	1	1	2	2	1	1	1	1	2	2	2	2	1	1	1	1	2	2	1	1	1	1	1	1	2	2	1	1	2	2	1	1	1	1	1	1	2	2	1	1	2	2	1	1	2	2	2	2	1	1	1	1	1	1	2	2	1	1	2	2	2	2	2	2	1	1	2	2	2	2	1	1	2	2	2	2	1	1	2	2	2	2	1	1	2	2	1	1	2	2	2	2	1	1	1	1	1	1	1	1	1	1	2	2	1	1	1	1	2	2	2	2	1	1	2	2	3	3	1	1	2	2	2	2	2	2	2	2	2	2	2	2	2	2	2	2	2	2	2	2	2	2	1	1	1	1	1	1	4	4	2	2	1	1
IND0031	1	1	1	1	2	2	2	2	1	1	2	2	2	2	2	2	1	1	2	2	1	1	2	2	1	1	2	2	1	1	2	2	1	1	2	2	2	2	2	2	2	2	2	2	1	1	2	2	2	2	1	1	1	1	2	2	1	1	1	1	2	2	2	2	1	1	1	1	1	1	2	2	2	2	2	2	2	2	1	1	2	2	2	2	2	2	2	2	2	2	2	2	1	1	2	2	2	2	1	1	1	1	2	2	1	1	1	1	1	1	2	2	1	1	1	1	2	2	2	2	2	2	1	1	2	2	2	2	1	1	2	2	1	1	2	2	2	2	2	2	1	1	2	2	2	2	1	1	2	2	1	1	1	1	1	1	2	2	1	1	1	1	1	1	1	1	1	1	1	1	2	2	1	1	2	2	2	2	2	2	2	2	2	2	2	2	1	1	2	2	2	2	2	2	2	2	1	1	2	2	1	1	2	2	2	2	1	1	1	1	1	1	2	2	2	2	2	2	2	2	1	1	2	2	2	2	2	2	1	1	2	2	2	2	1	1	2	2	2	2	1	1	1	1	2	2	2	2	1	1	1	1	1	1	1	1	1	1	2	2	1	1	2	2	2	2	1	1	1	1	1	1	2	2	1	1	1	1	2	2	1	1	2	2	1	1	2	2	1	1	1	1	1	1	2	2	1	1	2	2	2	2	2	2	2	2	2	2	2	2	1	1	2	2	2	2	2	2	2	2	2	2	1	1	2	2	1	1	2	2	2	2	2	2	1	1	1	1	1	1	1	1	1	1	2	2	1	1	1	1	1	1	1	1	2	2	2	2	2	2	1	1	1	1	2	2	1	1	2	2	1	1	2	2	2	2	1	1	2	2
IND0032	1	1	2	2	1	1	2	2	2	2	2	2	2	2	2	2	1	1	1	1	1	1	1	1	1	1	1	1	2	2	4	4	1	1	2	2	2	2	2	2	1	1	2	2	1	1	2	2	2	2	2	2	1	1	1	1	1	1	2	2	1	1	1	1	1	1	1	1	3	3	4	4	2	2	1	1	1	1	1	1	2	2	1	1	2	2	1	1	1	1	2	2	2	2	2	2	2	2	2	2	2	2	1	1	1	1	1	1	2	2	1	1	2	2	1	1	2	2	2	2	1	1	1	1	2	2	2	2	1	1	2	2	1	1	1	1	2	2	2	2	1	1	1	1	2	2	2	2	2	2	2	2	2	2	1	1	2	2	2	2	1	1	1	1	2	2	2	2	2	2	1	1	1	1	2	2	1	1	2	2	1	1	1	1	2	2	2	2	2	2	2	2	2	2	1	1	1	1	2	2	2	2	1	1	1	1	1	1	2	2	1	1	1	1	1	1	2	2	2	2	1	1	1	1	1	1	2	2	1	1	1	1	1	1	2	2	1	1	1	1	2	2	1	1	2	2	2	2	1	1	1	1	2	2	2	2	1	1	1	1	1	1	2	2	2	2	1	1	2	2	2	2	2	2	1	1	1	1	2	2	1	1	2	2	2	2	1	1	1	1	1	1	2	2	2	2	2	2	1	1	1	1	2	2	1	1	1	1	2	2	2	2	2	2	2	2	2	2	1	1	2	2	2	2	2	2	2	2	1	1	2	2	1	1	2	2	1	1	2	2	2	2	2	2	2	2	1	1	1	1	1	1	2	2	2	2	1	1	2	2	1	1	2	2	1	1	1	1	1	1	2	2	4	4	2	2	1	1	1	1
IND0033	1	1	1	1	1	1	2	2	2	2	1	1	1	1	1	1	2	2	2	2	1	1	2	2	1	1	2	2	4	4	4	4	1	1	2	2	1	1	1	1	1	1	1	1	2	2	2	2	1	1	1	1	2	2	2	2	2	2	2	2	2	2	2	2	1	1	1	1	1	1	1	1	1	1	2	2	2	2	1	1	4	4	3	3	2	2	2	2	1	1	2	2	2	2	2	2	1	1	2	2	2	2	2	2	1	1	1	1	1	1	2	2	1	1	1	1	1	1	2	2	1	1	2	2	2	2	2	2	1	1	1	1	1	1	1	1	2	2	2	2	1	1	2	2	2	2	1	1	1	1	1	1	1	1	1	1	1	1	1	1	1	1	2	2	1	1	2	2	2	2	2	2	2	2	2	2	2	2	1	1	1	1	2	2	1	1	2	2	2	2	2	2	1	1	2	2	1	1	1	1	1	1	1	1	2	2	2	2	1	1	2	2	1	1	1	1	1	1	1	1	1	1	1	1	2	2	1	1	2	2	2	2	2	2	2	2	2	2	1	1	2	2	2	2	1	1	2	2	2	2	1	1	2	2	1	1	1	1	2	2	1	1	2	2	2	2	2	2	2	2	1	1	2	2	2	2	2	2	2	2	1	1	2	2	1	1	1	1	1	1	2	2	1	1	2	2	1	1	1	1	1	1	1	1	1	1	1	1	2	2	1	1	2	2	2	2	1	1	1	1	2	2	2	2	1	1	2	2	1	1	1	1	2	2	1	1	1	1	1	1	2	2	2	2	1	1	2	2	1	1	2	2	1	1	1	1	1	1	2	2	2	2	2	2	2	2	2	2	1	1	1	1	1	1	2	2	1	1	1	1
IND0034	2	2	2	2	2	2	1	1	1	1	2	2	1	1	2	2	1	1	2	2	1	1	1	1	2	2	2	2	4	4	2	2	2	2	1	1	1	1	2	2	2	2	1	1	2	2	1	1	2	2	1	1	2	2	2	2	2	2	2	2	2	2	2	2	1	1	2	2	3	3	2	2	2	2	1	1	1	1	2	2	2	2	2	2	1	1	1	1	2	2	1	1	2	2	1	1	1	1	2	2	1	1	2	2	2	2	2	2	2	2	2	2	2	2	2	2	2	2	2	2	1	1	2	2	1	1	2	2	1	1	1	1	1	1	1	1	2	2	2	2	2	2	2	2	1	1	1	1	1	1	2	2	2	2	2	2	2	2	2	2	1	1	2	2	2	2	2	2	2	2	2	2	2	2	2	2	1	1	2	2	1	1	2	2	2	2	1	1	2	2	1	1	1	1	1	1	2	2	2	2	1	1	1	1	1	1	1	1	1	1	1	1	1	1	2	2	1	1	1	1	2	2	2	2	2	2	1	1	2	2	2	2	1	1	1	1	1	1	2	2	2	2	1	1	2	2	1	1	1	1	1	1	1	1	1	1	2	2	1	1	1	1	2	2	2	2	2	2	2	2	2	2	2	2	2	2	1	1	2	2	2	2	1	1	2	2	2	2	2	2	2	2	2	2	2	2	1	1	1	1	1	1	2	2	2	2	2	2	2	2	2	2	2	2	2	2	2	2	1	1	1	1	1	1	2	2	1	1	1	1	2	2	1	1	1	1	1	1	2	2	4	4	3	3	1	1	2	2	1	1	2	2	2	2	2	2	2	2	2	2	1	1	2	2	2	2	2	2	2	2	2	2	3	3	2	2	1	1	1	1
IND0035	1	1	2	2	2	2	1	1	1	1	2	2	2	2	2	2	1	1	1	1	1	1	2	2	2	2	1	1	1	1	2	2	2	2	2	2	2	2	2	2	2	2	2	2	1	1	1	1	2	2	2	2	2	2	1	1	1	1	2	2	2	2	2	2	2	2	2	2	2	2	4	4	2	2	2	2	1	1	2	2	4	4	2	2	2	2	2	2	2	2	2	2	1	1	1	1	2	2	1	1	1	1	1	1	1	1	2	2	1	1	2	2	1	1	2	2	2	2	1	1	1	1	1	1	2	2	1	1	2	2	1	1	1	1	1	1	1	1	1	1	1	1	2	2	2	2	2	2	2	2	2	2	1	1	1	1	2	2	2	2	1	1	2	2	2	2	1	1	1	1	1	1	2	2	2	2	2	2	1	1	2	2	2	2	2	2	2	2	2	2	2	2	2	2	1	1	1	1	1	1	2	2	2	2	1	1	1	1	2	2	2	2	2	2	2	2	2	2	2	2	2	2	2	2	2	2	2	2	2	2	2	2	1	1	1	1	1	1	2	2	1	1	1	1	2	2	2	2	1	1	1	1	1	1	2	2	1	1	2	2	2	2	2	2	1	1	2	2	1	1	2	2	1	1	1	1	2	2	2	2	2	2	1	1	2	2	2	2	1	1	1	1	2	2	2	2	2	2	1	1	2	2	1	1	2	2	1	1	2	2	2	2	2	2	2	2	1	1	1	1	2	2	2	2	1	1	1	1	1	1	1	1	2	2	2	2	1	1	2	2	1	1	3	3	2	2	1	1	2	2	2	2	1	1	2	2	1	1	2	2	1	1	2	2	2	2	2	2	1	1	2	2	2	2	4	4	2	2	2	2
IND0036	1	1	1	1	2	2	1	1	1	1	2	2	2	2	2	2	2	2	2	2	2	2	2	2	2	2	2	2	4	4	2	2	2	2	1	1	2	2	1	1	2	2	1	1	2	2	1	1	2	2	1	1	1	1	1	1	2	2	2	2	1	1	1	1	1	1	2	2	3	3	4	4	2	2	1	1	1	1	1	1	1	1	4	4	2	2	2	2	1	1	2	2	1	1	2	2	2	2	2	2	2	2	2	2	2	2	2	2	2	2	2	2	1	1	1	1	2	2	1	1	1	1	1	1	2	2	2	2	1	1	1	1	2	2	1	1	1	1	1	1	2	2	1	1	2	2	1	1	2	2	1	1	2	2	2	2	2	2	1	1	2	2	1	1	2	2	2	2	1	1	2	2	1	1	1	1	1	1	1	1	1	1	2	2	1	1	2	2	2	2	2	2	1	1	1	1	1	1	1	1	2	2	1	1	1	1	1	1	2	2	2	2	2	2	2	2	2	2	1	1	2	2	2	2	2	2	2	2	1	1	1	1	1	1	1	1	2	2	1	1	2	2	2	2	2	2	1	1	2	2	1	1	2	2	2	2	2	2	2	2	1	1	2	2	2	2	2	2	2	2	1	1	1	1	2	2	1	1	1	1	1	1	2	2	2	2	1	1	2	2	2	2	2	2	1	1	2	2	1	1	2	2	1	1	2	2	1	1	2	2	2	2	2	2	2	2	1	1	1	1	1	1	1	1	1	1	1	1	1	1	2	2	1	1	1	1	2	2	2	2	2	2	3	3	1	1	2	2	2	2	2	2	2	2	2	2	2	2	1	1	2	2	2	2	2	2	1	1	1	1	2	2	3	3	2	2	1	1	1	1
IND0037	1	1	1	1	1	1	1	1	1	1	2	2	1	1	2	2	1	1	2	2	2	2	1	1	2	2	2	2	3	3	2	2	2	2	1	1	1	1	2	2	2	2	1	1	1	1	2	2	2	2	2	2	1	1	2	2	2	2	2	2	1	1	2	2	2	2	2	2	1	1	1	1	1	1	2	2	1	1	1	1	2	2	4	4	2	2	1	1	1	1	1	1	2	2	2	2	2	2	1	1	2	2	2	2	2	2	1	1	2	2	1	1	2	2	1	1	2	2	1	1	2	2	2	2	1	1	1	1	1	1	2	2	1	1	1	1	2	2	1	1	2	2	2	2	1	1	1	1	2	2	1	1	2	2	1	1	2	2	2	2	1	1	2	2	1	1	2	2	1	1	2	2	1	1	2	2	1	1	1	1	2	2	2	2	1	1	1	1	1	1	1	1	1	1	2	2	1	1	1	1	1	1	1	1	1	1	2	2	1	1	1	1	2	2	2	2	2	2	1	1	2	2	1	1	2	2	2	2	1	1	1	1	1	1	2	2	2	2	1	1	2	2	1	1	1	1	1	1	1	1	2	2	1	1	1	1	2	2	1	1	1	1	1	1	1	1	2	2	2	2	1	1	2	2	1	1	2	2	2	2	1	1	2	2	1	1	2	2	2	2	1	1	1	1	1	1	2	2	2	2	1	1	1	1	1	1	2	2	1	1	2	2	2	2	2	2	1	1	2	2	1	1	2	2	2	2	2	2	1	1	2	2	1	1	1	1	2	2	1	1	2	2	4	4	2	2	2	2	1	1	1	1	2	2	2	2	2	2	2	2	1	1	1	1	2	2	1	1	1	1	1	1	2	2	3	3	1	1	1	1
IND0038	1	1	2	2	2	2	2	2	1	1	2	2	2	2	1	1	1	1	1	1	1	1	2	2	1	1	1	1	1	1	2	2	2	2	1	1	1	1	2	2	1	1	2	2	2	2	2	2	2	2	2	2	2	2	1	1	2	2	2	2	1	1	2	2	2	2	1	1	1	1	4	4	1	1	1	1	2	2	1	1	1	1	4	4	2	2	1	1	2	2	2	2	1	1	2	2	2	2	2	2	2	2	2	2	1	1	1	1	2	2	1	1	1	1	2	2	1	1	2	2	2	2	1	1	1	1	2	2	2	2	2	2	2	2	2	2	2	2	2	2	2	2	2	2	2	2	2	2	2	2	2	2	2	2	1	1	2	2	2	2	2	2	1	1	1	1	2	2	2	2	2	2	2	2	2	2	2	2	2	2	2	2	2	2	2	2	2	2	2	2	1	1	2	2	2	2	2	2	1	1	1	1	2	2	1	1	2	2	2	2	2	2	1	1	2	2	2	2	2	2	1	1	1	1	2	2	1	1	2	2	1	1	1	1	1	1	2	2	1	1	1	1	2	2	2	2	2	2	1	1	2	2	1	1	2	2	2	2	1	1	1	1	2	2	2	2	1	1	2	2	2	2	1	1	2	2	1	1	1	1	2	2	1	1	2	2	1	1	1	1	2	2	2	2	1	1	2	2	2	2	2	2	1	1	1	1	2	2	1	1	2	2	1	1	1	1	1	1	2	2	1	1	2	2	1	1	1	1	1	1	2	2	2	2	2	2	2	2	2	2	3	3	2	2	1	1	2	2	2	2	2	2	2	2	1	1	1	1	2	2	1	1	2	2	2	2	1	1	2	2	1	1	1	1	1	1	2	2	1	1
IND0039	2	2	1	1	1	1	2	2	1	1	2	2	2	2	1	1	2	2	1	1	2	2	2	2	1	1	1	1	1	1	4	4	2	2	2	2	2	2	1	1	1	1	1	1	1	1	2	2	2	2	1	1	1	1	2	2	2	2	1	1	1	1	2	2	1	1	2	2	1	1	3	3	2	2	1	1	1	1	1	1	2	2	2	2	1	1	2	2	2	2	2	2	2	2	2	2	1	1	1	1	2	2	1	1	2	2	2	2	1	1	1	1	2	2	1	1	1	1	2	2	2	2	1	1	2	2	1	1	1	1	2	2	1	1	2	2	2	2	2	2	2	2	2	2	1	1	1	1	2	2	2	2	1	1	1	1	1	1	1	1	1	1	2	2	1	1	2	2	1	1	2	2	2	2	1	1	1	1	1	1	1	1	2	2	1	1	1	1	1	1	1	1	2	2	2	2	2	2	1	1	2	2	2	2	1	1	1	1	2	2	2	2	2	2	1	1	2	2	1	1	1	1	1	1	2	2	2	2	2	2	2	2	1	1	2	2	1	1	1	1	2	2	2	2	1	1	2	2	2	2	2	2	1	1	2	2	1	1	2	2	1	1	2	2	2	2	1	1	1	1	1	1	1	1	2	2	2	2	2	2	2	2	1	1	1	1	2	2	1	1	1	1	2	2	1	1	2	2	2	2	1	1	1	1	1	1	1	1	1	1	1	1	2	2	2	2	1	1	2	2	1	1	2	2	2	2	2	2	1	1	1	1	2	2	2	2	1	1	1	1	3	3	4	4	2	2	2	2	1	1	2	2	2	2	2	2	2	2	1	1	2	2	2	2	2	2	1	1	1	1	1	1	3	3	4	4	1	1	2	2
IND0040	1	1	2	2	1	1	2	2	2	2	2	2	1	1	2	2	1	1	2	2	2	2	1	1	1	1	2	2	3	3	4	4	1	1	2	2	1	1	2	2	2	2	2	2	2	2	2	2	1	1	2	2	1	1	1	1	2	2	2	2	2	2	1	1	1	1	1	1	4	4	1	1	1	1	2	2	2	2	1	1	3	3	1	1	1	1	2	2	1	1	2	2	1	1	1	1	1	1	1	1	2	2	1	1	2	2	1	1	2	2	2	2	1	1	2	2	2	2	2	2	2	2	1	1	2	2	1	1	1	1	2	2	2	2	2	2	1	1	2	2	2	2	2	2	2	2	2	2	2	2	2	2	1	1	2	2	1	1	1	1	1	1	2	2	2	2	1	1	1	1	1	1	1	1	1	1	1	1	1	1	1	1	1	1	2	2	1	1	2	2	2	2	1	1	2	2	1	1	1	1	1	1	1	1	2	2	2	2	1	1	2	2	2	2	1	1	1	1	2	2	2	2	1	1	1	1	1	1	1	1	1	1	1	1	2	2	2	2	2	2	1	1	1	1	2	2	2	2	1	1	2	2	1	1	2	2	1	1	1	1	2	2	1	1	1	1	2	2	1	1	2	2	2	2	1	1	1	1	2	2	1	1	2	2	2	2	1	1	1	1	1	1	2	2	1	1	2	2	1	1	1	1	2	2	1	1	1	1	1	1	2	2	2	2	1	1	2	2	2	2	1	1	2	2	2	2	1	1	2	2	1	1	1	1	2	2	2	2	2	2	3	3	1	1	2	2	1	1	2	2	2	2	1	1	2	2	1	1	2	2	1	1	1	1	1	1	2	2	2	2	1	1	2	2	3	3	2	2	1	1
IND0041	2	2	2	2	2	2	2	2	2	2	2	2	2	2	1	1	1	1	2	2	2	2	2	2	1	1	2	2	4	4	4	4	2	2	1	1	2	2	1	1	2	2	2	2	1	1	2	2	1	1	2	2	2	2	2	2	1	1	2	2	2	2	2	2	1	1	2	2	3	3	2	2	2	2	1	1	2	2	1	1	2	2	2	2	1	1	2	2	1	1	1	1	2	2	2	2	1	1	1	1	2	2	1	1	2	2	1	1	2	2	1	1	1	1	2	2	2	2	1	1	2	2	2	2	2	2	2	2	2	2	1	1	1	1	2	2	1	1	1	1	2	2	1	1	2	2	2	2	2	2	2	2	2	2	2	2	1	1	1	1	1	1	1	1	2	2	1	1	1	1	1	1	2	2	1	1	1	1	1	1	1	1	1	1	1	1	1	1	2	2	1	1	2	2	1	1	2	2	1	1	2	2	1	1	2	2	1	1	1	1	2	2	2	2	1	1	1	1	1	1	2	2	1	1	1	1	1	1	1	1	1	1	2	2	2	2	2	2	2	2	1	1	1	1	2	2	2	2	1	1	2	2	2	2	1	1	1	1	2	2	1	1	2	2	2	2	1	1	1	1	1	1	2	2	2	2	2	2	1	1	1	1	2	2	2	2	1	1	1	1	2	2	2	2	2	2	2	2	2	2	1	1	1	1	1	1	2	2	2	2	1	1	1	1	1	1	2	2	1	1	2	2	2	2	1	1	2	2	1	1	2	2	1	1	1	1	1	1	1	1	4	4	2	2	2	2	1	1	2	2	2	2	2	2	2	2	2	2	1	1	1	1	1	1	2	2	1	1	1	1	1	1	1	1	4	4	2	2	1	1
IND0042	1	1	1	1	1	1	1	1	1	1	1	1	1	1	1	1	1	1	2	2	2	2	1	1	2	2	2	2	3	3	4	4	2	2	2	2	2	2	2	2	2	2	2	2	1	1	1	1	2	2	1	1	2	2	1	1	1	1	1	1	2	2	1	1	2	2	1	1	3	3	4	4	2	2	1	1	2	2	1	1	1	1	3	3	1	1	1	1	1	1	2	2	1	1	1	1	2	2	1	1	2	2	1	1	2	2	1	1	2	2	2	2	2	2	1	1	2	2	1	1	1	1	1	1	2	2	1	1	1	1	1	1	2	2	1	1	1	1	2	2	2	2	1	1	2	2	1	1	2	2	2	2	2	2	1	1	2	2	1	1	2	2	1	1	1	1	2	2	2	2	1	1	2	2	2	2	1	1	2	2	2	2	1	1	2	2	1	1	1	1	1	1	2	2	1	1	2	2	2	2	2	2	1	1	2	2	1	1	1	1	1	1	2	2	1	1	2	2	1	1	1	1	2	2	2	2	2	2	2	2	2	2	2	2	2	2	1	1	2	2	1	1	1	1	1	1	2	2	2	2	2	2	1	1	2	2	2	2	2	2	1	1	2	2	2	2	1	1	1	1	1	1	2	2	2	2	2	2	2	2	1	1	1	1	1	1	2	2	1	1	2	2	1	1	1	1	1	1	1	1	1	1	1	1	1	1	1	1	1	1	2	2	1	1	1	1	1	1	2	2	1	1	2	2	2	2	1	1	1	1	1	1	2	2	2	2	2	2	1	1	2	2	1	1	2	2	1	1	2	2	2	2	2	2	1	1	1	1	1	1	1	1	2	2	2	2	1	1	1	1	1	1	2	2	2	2	1	1	2	2
IND0043	2	2	2	2	2	2	1	1	1	1	1	1	1	1	2	2	1	1	2	2	1	1	1	1	2	2	1	1	3	3	3	3	1	1	2	2	1	1	1	1	2	2	1	1	1	1	2	2	2	2	1	1	2	2	2	2	2	2	1	1	2	2	1	1	1	1	1	1	3	3	1	1	2	2	2	2	1	1	2	2	1	1	3	3	1	1	1	1	2	2	2	2	1	1	1	1	2	2	1	1	1	1	1	1	2	2	2	2	2	2	2	2	1	1	1	1	2	2	2	2	1	1	2	2	2	2	2	2	1	1	2	2	1	1	1	1	2	2	2	2	2	2	1	1	2	2	1	1	2	2	1	1	1	1	1	1	1	1	2	2	2	2	1	1	1	1	1	1	2	2	1	1	2	2	1	1	2	2	1	1	2	2	1	1	1	1	1	1	1	1	1	1	1	1	2	2	1	1	1	1	1	1	2	2	2	2	1	1	2	2	1	1	1	1	2	2	2	2	2	2	2	2	1	1	1	1	1	1	1	1	1	1	1	1	2	2	2	2	1	1	2	2	2	2	1	1	1	1	2	2	1	1	2	2	1	1	2	2	2	2	2	2	1	1	2	2	2	2	1	1	1	1	2	2	1	1	1	1	1	1	2	2	1	1	1	1	1	1	2	2	2	2	1	1	1	1	2	2	1	1	1	1	2	2	2	2	2	2	2	2	1	1	1	1	1	1	2	2	1	1	1	1	1	1	1	1	1	1	2	2	2	2	1	1	1	1	2	2	2	2	3	3	1	1	2	2	2	2	1	1	1	1	2	2	1	1	2	2	1	1	2	2	1	1	2	2	2	2	1	1	2	2	4	4	4	4	1	1	1	1
IND0044	1	1	1	1	1	1	1	1	1	1	1	1	2	2	1	1	1	1	2	2	2	2	1	1	2	2	2	2	2	2	2	2	1	1	1	1	2	2	1	1	2	2	2	2	2	2	2	2	2	2	1	1	2	2	1	1	2	2	1	1	2	2	2	2	1	1	1	1	3	3	1	1	1	1	1	1	1	1	1	1	3	3	2	2	1	1	2	2	2	2	2	2	2	2	2	2	1	1	2	2	2	2	2	2	2	2	2	2	1	1	1	1	1	1	2	2	1	1	1	1	2	2	2	2	1	1	1	1	1	1	1	1	1	1	1	1	2	2	2	2	2	2	1	1	2	2	1	1	1	1	1	1	2	2	2	2	1	1	1	1	2	2	1	1	2	2	2	2	1	1	2	2	1	1	2	2	1	1	1	1	1	1	2	2	1	1	2	2	1	1	2	2	1	1	2	2	1	1	2	2	2	2	2	2	2	2	1	1	2	2	1	1	2	2	1	1	1	1	1	1	2	2	2	2	1	1	1	1	2	2	1	1	1	1	2	2	1	1	1	1	1	1	2	2	2	2	1	1	2	2	1	1	1	1	2	2	2	2	1	1	1	1	2	2	1	1	1	1	2	2	2	2	1	1	1	1	2	2	2	2	2	2	1	1	2	2	2	2	2	2	2	2	1	1	1	1	1	1	1	1	1	1	2	2	1	1	1	1	1	1	1	1	2	2	1	1	1	1	1	1	1	1	2	2	1	1	1	1	2	2	1	1	2	2	1	1	2	2	2	2	3	3	3	3	1	1	1	1	1	1	1	1	2	2	1	1	2	2	1	1	2	2	2	2	2	2	2	2	1	1	1	1	3	3	3	3	2	2	2	2
IND0045	2	2	2	2	1	1	2	2	1	1	2	2	2	2	2	2	2	2	1	1	1	1	2	2	1	1	2	2	2	2	4	4	1	1	2	2	1	1	2	2	1	1	1	1	2	2	2	2	1	1	2	2	2	2	1	1	2	2	1	1	2	2	2	2	2	2	2	2	1	1	4	4	1	1	2	2	2	2	2	2	2	2	3	3	1	1	2	2	1	1	1	1	1	1	1	1	1	1	2	2	1	1	2	2	2	2	2	2	1	1	2	2	2	2	1	1	2	2	1	1	1	1	1	1	1	1	2	2	2	2	2	2	2	2	2	2	1	1	1	1	2	2	1	1	1	1	1	1	1	1	1	1	2	2	1	1	2	2	2	2	2	2	2	2	2	2	1	1	1	1	1	1	2	2	2	2	1	1	2	2	1	1	2	2	2	2	1	1	2	2	2	2	1	1	1	1	1	1	2	2	1	1	2	2	1	1	2	2	1	1	2	2	1	1	2	2	1	1	1	1	1	1	2	2	1	1	2	2	1	1	2	2	1	1	1	1	1	1	2	2	1	1	2	2	1	1	2	2	2	2	1	1	1	1	2	2	1	1	1	1	2	2	1	1	2	2	1	1	1	1	1	1	1	1	2	2	2	2	2	2	1	1	2	2	1	1	1	1	2	2	2	2	1	1	1	1	1	1	1	1	1	1	2	2	1	1	1	1	2	2	2	2	1	1	1	1	1	1	1	1	2	2	2	2	2	2	1	1	2	2	2	2	1	1	2	2	1	1	2	2	1	1	3	3	2	2	2	2	2	2	1	1	1	1	1	1	2	2	2	2	1	1	1	1	2	2	1	1	1	1	2	2	1	1	3	3	1	1	1	1
IND0046	2	2	1	1	2	2	2	2	1	1	2	2	2	2	1	1	2	2	1	1	2	2	1	1	1	1	1	1	1	1	1	1	1	1	1	1	1	1	2	2	2	2	2	2	2	2	2	2	1	1	1	1	1	1	2	2	2	2	2	2	1	1	2	2	2	2	2	2	2	2	3	3	1	1	1	1	2	2	1	1	2	2	2	2	1	1	1	1	1	1	1	1	1	1	2	2	2	2	2	2	2	2	1	1	1	1	1	1	1	1	2	2	1	1	1	1	1	1	1	1	2	2	2	2	1	1	1	1	1	1	1	1	1	1	2	2	1	1	2	2	1	1	2	2	2	2	2	2	1	1	2	2	1	1	2	2	2	2	2	2	2	2	2	2	2	2	2	2	1	1	1	1	2	2	1	1	2	2	1	1	2	2	1	1	1	1	2	2	1	1	1	1	1	1	1	1	1	1	2	2	1	1	2	2	1	1	1	1	2	2	2	2	2	2	1	1	2	2	1	1	2	2	1	1	2	2	2	2	2	2	1	1	1	1	2	2	2	2	1	1	2	2	2	2	2	2	2	2	1	1	1	1	2	2	2	2	1	1	2	2	1	1	1	1	2	2	1	1	1	1	1	1	1	1	1	1	2	2	2	2	2	2	2	2	1	1	2	2	1	1	1	1	2	2	2	2	1	1	1	1	2	2	1	1	1	1	2	2	1	1	1	1	2	2	2	2	1	1	2	2	1	1	2	2	1	1	2	2	1	1	1	1	2	2	2	2	2	2	1	1	2	2	3	3	2	2	1	1	2	2	1	1	2	2	2	2	1	1	2	2	2	2	1	1	2	2	2	2	2	2	2	2	3	3	1	1	1	1	2	2
IND0047	2	2	2	2	1	1	2	2	2	2	1	1	2	2	1	1	1	1	1	1	1	1	1	1	1	1	2	2	2	2	3	3	1	1	2	2	1	1	1	1	2	2	2	2	2	2	2	2	1	1	2	2	2	2	1	1	1	1	1	1	1	1	1	1	1	1	1	1	3	3	4	4	1	1	2	2	1	1	1	1	2	2	3	3	1	1	2	2	2	2	1	1	1	1	1	1	2	2	1	1	2	2	2	2	2	2	2	2	1	1	2	2	1	1	2	2	1	1	2	2	1	1	1	1	2	2	1	1	1	1	1	1	1	1	2	2	2	2	2	2	2	2	2	2	2	2	1	1	2	2	1	1	2	2	2	2	2	2	2	2	2	2	1	1	2	2	1	1	2	2	1	1	1	1	2	2	1	1	2	2	2	2	2	2	2	2	1	1	1	1	1	1	2	2	2	2	2	2	1	1	1	1	2	2	2	2	1	1	1	1	1	1	2	2	2	2	1	1	2	2	2	2	2	2	2	2	2	2	2	2	2	2	2	2	1	1	2	2	1	1	1	1	2	2	2	2	1	1	2	2	2	2	2	2	1	1	1	1	1	1	2	2	1	1	1	1	1	1	1	1	1	1	1	1	2	2	1	1	1	1	1	1	1	1	2	2	1	1	2	2	1	1	2	2	2	2	2	2	2	2	2	2	2	2	2	2	1	1	1	1	2	2	1	1	2	2	1	1	2	2	1	1	1	1	2	2	2	2	2	2	1	1	2	2	2	2	2	2	1	1	3	3	3	3	1	1	1	1	1	1	2	2	2	2	1	1	1	1	2	2	2	2	2	2	2	2	2	2	1	1	2	2	4	4	3	3	2	2	1	1
IND0048	2	2	1	1	2	2	2	2	2	2	2	2	1	1	1	1	2	2	1	1	1	1	1	1	1	1	1	1	2	2	1	1	1	1	1	1	2	2	1	1	2	2	2	2	1	1	1	1	2	2	2	2	1	1	1	1	2	2	2	2	1	1	1	1	1	1	2	2	3	3	4	4	1	1	2	2	2	2	2	2	2	2	2	2	1	1	2	2	1	1	1	1	2	2	2	2	1	1	1	1	1	1	2	2	1	1	1	1	1	1	1	1	1	1	1	1	2	2	1	1	2	2	2	2	1	1	2	2	2	2	1	1	2	2	1	1	2	2	1	1	1	1	1	1	1	1	2	2	2	2	2	2	2	2	2	2	2	2	1	1	2	2	2	2	2	2	2	2	2	2	1	1	1	1	2	2	1	1	2	2	2	2	2	2	2	2	2	2	2	2	1	1	2	2	2	2	2	2	1	1	2	2	2	2	1	1	2	2	1	1	1	1	2	2	2	2	2	2	1	1	2	2	2	2	2	2	1	1	1	1	1	1	1	1	1	1	2	2	2	2	1	1	1	1	1	1	2	2	1	1	1	1	1	1	1	1	1	1	2	2	2	2	2	2	2	2	2	2	1	1	2	2	2	2	2	2	1	1	2	2	1	1	2	2	2	2	1	1	2	2	2	2	1	1	1	1	2	2	2	2	1	1	2	2	1	1	1	1	1	1	1	1	2	2	2	2	2	2	2	2	1	1	1	1	1	1	1	1	1	1	2	2	1	1	1	1	1	1	2	2	3	3	4	4	2	2	1	1	2	2	1	1	1	1	1	1	1	1	2	2	1	1	1	1	2	2	2	2	2	2	1	1	1	1	4	4	1	1	2	2
IND0049	1	1	1	1	2	2	1	1	2	2	2	2	1	1	2	2	1	1	1	1	1	1	2	2	1	1	2	2	3	3	4	4	2	2	2	2	2	2	2	2	2	2	2	2	1	1	2	2	1	1	1	1	1	1	2	2	2	2	2	2	2	2	2	2	2	2	2	2	4	4	2	2	1	1	1	1	1	1	2	2	2	2	4	4	2	2	1	1	1	1	2	2	2	2	1	1	2	2	1	1	2	2	2	2	2	2	2	2	1	1	1	1	2	2	1	1	1	1	1	1	1	1	1	1	2	2	1	1	2	2	1	1	2	2	2	2	2	2	1	1	1	1	2	2	2	2	1	1	2	2	1	1	1	1	1	1	1	1	1	1	1	1	2	2	1	1	1	1	2	2	1	1	1	1	2	2	2	2	2	2	1	1	2	2	2	2	1	1	2	2	2	2	1	1	2	2	2	2	1	1	1	1	1	1	1	1	1	1	2	2	1	1	2	2	1	1	2	2	2	2	2	2	2	2	2	2	2	2	1	1	1	1	2	2	2	2	2	2	2	2	2	2	1	1	2	2	1	1	2	2	2	2	2	2	2	2	2	2	1	1	1	1	2	2	1	1	1	1	1	1	2	2	1	1	1	1	1	1	2	2	1	1	2	2	1	1	2	2	1	1	2	2	2	2	2	2	2	2	2	2	1	1	2	2	1	1	1	1	1	1	1	1	2	2	1	1	2	2	2	2	1	1	2	2	2	2	1	1	1	1	1	1	1	1	2	2	1	1	1	1	1	1	3	3	2	2	2	2	1	1	2	2	2	2	1	1	1	1	2	2	1	1	2	2	2	2	2	2	2	2	1	1	2	2	2	2	2	2	2	2
IND0050	1	1	2	2	1	1	2	2	1	1	2	2	1	1	2	2	2	2	1	1	2	2	1	1	2	2	1	1	2	2	1	1	2	2	2	2	2	2	2	2	2	2	2	2	2	2	2	2	2	2	1	1	1	1	1	1	2	2	2	2	2	2	1	1	1	1	2	2	1	1	1	1	1	1	1	1	1	1	2	2	1	1	1	1	2	2	1	1	2	2	1	1	1	1	1	1	1	1	2	2	1	1	2	2	1	1	1	1	2	2	1	1	2	2	2	2	2	2	1	1	2	2	1	1	1	1	1	1	2	2	2	2	2	2	2	2	1	1	1	1	1	1	1	1	2	2	1	1	1	1	1	1	1	1	2	2	1	1	1	1	1	1	1	1	1	1	1	1	2	2	2	2	2	2	1	1	2	2	2	2	2	2	2	2	2	2	1	1	2	2	2	2	1	1	2	2	1	1	1	1	2	2	2	2	1	1	1	1	2	2	1	1	2	2	1	1	2	2	2	2	2	2	1	1	1	1	2	2	2	2	2	2	2	2	1	1	1	1	1	1	1	1	2	2	2	2	2	2	1	1	2	2	1	1	2	2	2	2	2	2	2	2	1	1	2	2	2	2	1	1	1	1	1	1	2	2	1	1	2	2	2	2	2	2	2	2	2	2	2	2	1	1	2	2	1	1	2	2	1	1	1	1	1	1	1	1	2	2	2	2	2	2	1	1	1	1	1	1	2	2	2	2	1	1	1	1	2	2	1	1	2	2	2	2	1	1	1	1	2	2	1	1	1	1	1	1	2	2	1	1	1	1	1	1	1	1	1	1	1	1	1	1	2	2	1	1	2	2	1	1	2	2	1	1	4	4	2	2	2	2
IND0051	2	2	2	2	1	1	1	1	1	1	2	2	1	1	1	1	2	2	2	2	2	2	1	1	2	2	2	2	4	4	1	1	1	1	2	2	2	2	1	1	1	1	1	1	2	2	2	2	2	2	1	1	2	2	2	2	2	2	2	2	1	1	1	1	2	2	2	2	2	2	3	3	2	2	2	2	2	2	1	1	4	4	4	4	2	2	1	1	1	1	1	1	2	2	2	2	1	1	2	2	2	2	2	2	2	2	2	2	2	2	1	1	1	1	1	1	1	1	2	2	2	2	2	2	2	2	2	2	1	1	1	1	2	2	2	2	2	2	1	1	2	2	2	2	2	2	1	1	2	2	2	2	2	2	2	2	2	2	1	1	1	1	2	2	2	2	2	2	1	1	2	2	1	1	2	2	1	1	1	1	1	1	2	2	2	2	2	2	1	1	2	2	2	2	2	2	2	2	2	2	2	2	2	2	2	2	1	1	2	2	1	1	1	1	1	1	2	2	2	2	1	1	2	2	2	2	2	2	1	1	1	1	2	2	1	1	1	1	2	2	2	2	2	2	2	2	2	2	2	2	1	1	2	2	1	1	1	1	2	2	1	1	2	2	2	2	1	1	1	1	1	1	1	1	1	1	2	2	1	1	1	1	1	1	2	2	1	1	1	1	2	2	2	2	1	1	2	2	1	1	1	1	2	2	1	1	2	2	1	1	2	2	1	1	1	1	1	1	1	1	2	2	2	2	1	1	2	2	2	2	1	1	2	2	1	1	1	1	1	1	3	3	3	3	2	2	1	1	2	2	1	1	2	2	2	2	2	2	2	2	2	2	1	1	2	2	1	1	2	2	2	2	3	3	3	3	2	2	2	2
IND0052	2	2	2	2	1	1	1	1	2	2	1	1	1	1	2	2	2	2	2	2	1	1	1	1	2	2	2	2	3	3	3	3	2	2	2	2	1	1	2	2	1	1	1	1	1	1	1	1	1	1	2	2	2	2	1	1	2	2	2	2	1	1	1	1	1	1	2	2	2	2	2	2	1	1	1	1	2	2	2	2	1	1	3	3	1	1	1	1	2	2	2	2	2	2	2	2	2	2	1	1	2	2	2	2	1	1	1	1	2	2	1	1	1	1	2	2	2	2	2	2	2	2	1	1	2	2	2	2	2	2	1	1	2	2	2	2	1	1	2	2	2	2	2	2	2	2	1	1	1	1	1	1	2	2	2	2	1	1	2	2	2	2	2	2	1	1	2	2	2	2	1	1	2	2	1	1	2	2	2	2	1	1	1	1	1	1	2	2	1	1	1	1	2	2	1	1	2	2	1	1	1	1	1	1	1	1	2	2	1	1	2	2	1	1	1	1	1	1	2	2	2	2	1	1	2	2	1	1	2	2	1	1	2	2	2	2	1	1	1	1	1	1	2	2	1	1	1	1	1	1	2	2	2	2	1	1	2	2	1	1	2	2	1	1	1	1	2	2	1	1	1	1	1	1	1	1	1	1	2	2	2	2	2	2	2	2	1	1	1	1	1	1	2	2	2	2	2	2	2	2	1	1	1	1	2	2	2	2	1	1	1	1	1	1	2	2	2	2	1	1	2	2	1	1	1	1	1	1	2	2	2	2	1	1	1	1	1	1	2	2	1	1	2	2	2	2	2	2	1	1	2	2	1	1	2	2	1	1	2	2	2	2	1	1	2	2	1	1	2	2	2	2	3	3	2	2	1	1	1	1
IND0053	1	1	2	2	2	2	1	1	1	1	1	1	2	2	2	2	1	1	1	1	2	2	1	1	2	2	1	1	1	1	2	2	2	2	1	1	1	1	1	1	1	1	1	1	1	1	1	1	1	1	2	2	1	1	1	1	1	1	2	2	1	1	2	2	2	2	2	2	4	4	4	4	1	1	2	2	2	2	1	1	2	2	1	1	1	1	1	1	1	1	1	1	1	1	2	2	2	2	1	1	2	2	1	1	2	2	1	1	2	2	1	1	1	1	2	2	1	1	1	1	2	2	1	1	1	1	2	2	2	2	1	1	2	2	2	2	1	1	2	2	2	2	1	1	1	1	1	1	1	1	1	1	1	1	1	1	1	1	1	1	1	1	1	1	2	2	2	2	1	1	2	2	2	2	2	2	1	1	2	2	1	1	2	2	1	1	2	2	1	1	2	2	2	2	2	2	1	1	2	2	1	1	1	1	1	1	1	1	2	2	2	2	2	2	1	1	2	2	1	1	1	1	1	1	2	2	2	2	1	1	1	1	1	1	2	2	1	1	2	2	1	1	2	2	2	2	1	1	1	1	2	2	1	1	2	2	2	2	2	2	1	1	1	1	2	2	2	2	1	1	2	2	1	1	1	1	1	1	2	2	1	1	2	2	1	1	2	2	1	1	1	1	1	1	1	1	1	1	1	1	1	1	2	2	2	2	1	1	1	1	2	2	1	1	1	1	2	2	1	1	1	1	2	2	1	1	1	1	1	1	1	1	1	1	2	2	1	1	2	2	3	3	4	4	2	2	1	1	2	2	2	2	2	2	1	1	2	2	2	2	2	2	1	1	2	2	2	2	2	2	2	2	1	1	4	4	1	1	1	1
IND0054	1	1	1	1	2	2	1	1	2	2	2	2	1	1	2	2	2	2	2	2	2	2	1	1	2	2	1	1	2	2	3	3	1	1	2	2	1	1	1	1	1	1	2	2	2	2	2	2	2	2	1	1	1	1	2	2	2	2	2	2	2	2	2	2	1	1	1	1	4	4	4	4	2	2	1	1	2	2	2	2	4	4	4	4	1	1	2	2	2	2	1	1	1	1	1	1	1	1	2	2	1	1	2	2	1	1	2	2	1	1	1	1	2	2	2	2	2	2	1	1	2	2	2	2	1	1	1	1	1	1	2	2	2	2	1	1	1	1	1	1	1	1	1	1	1	1	1	1	1	1	2	2	2	2	2	2	2	2	2	2	1	1	2	2	1	1	1	1	2	2	2	2	2	2	2	2	1	1	1	1	2	2	2	2	1	1	1	1	1	1	1	1	1	1	1	1	1	1	2	2	1	1	2	2	1	1	2	2	2	2	2	2	2	2	2	2	1	1	1	1	1	1	1	1	1	1	1	1	2	2	2	2	1	1	1	1	2	2	1	1	1	1	1	1	1	1	1	1	2	2	2	2	2	2	2	2	2	2	1	1	2	2	1	1	2	2	2	2	2	2	1	1	2	2	1	1	2	2	1	1	2	2	1	1	1	1	1	1	1	1	2	2	2	2	2	2	2	2	2	2	2	2	2	2	2	2	2	2	1	1	1	1	2	2	1	1	2	2	2	2	1	1	2	2	2	2	2	2	1	1	1	1	2	2	1	1	2	2	1	1	3	3	3	3	1	1	2	2	1	1	2	2	1	1	2	2	2	2	1	1	2	2	1	1	1	1	1	1	1	1	1	1	3	3	4	4	1	1	1	1
IND0055	1	1	2	2	2	2	2	2	1	1	1	1	2	2	2	2	2	2	1	1	2	2	1	1	2	2	2	2	1	1	1	1	1	1	2	2	1	1	2	2	1	1	2	2	1	1	1	1	2	2	1	1	1	1	1	1	1	1	1	1	2	2	2	2	2	2	1	1	4	4	4	4	2	2	2	2	1	1	1	1	2	2	4	4	2	2	1	1	1	1	2	2	1	1	1	1	2	2	2	2	2	2	1	1	2	2	2	2	2	2	1	1	1	1	1	1	2	2	2	2	2	2	2	2	2	2	2	2	1	1	2	2	2	2	1	1	2	2	1	1	1	1	2	2	1	1	2	2	2	2	2	2	1	1	1	1	1	1	2	2	2	2	2	2	1	1	2	2	1	1	1	1	2	2	1	1	1	1	2	2	2	2	1	1	2	2	2	2	1	1	1	1	2	2	2	2	2	2	1	1	1	1	2	2	1	1	1	1	2	2	1	1	2	2	1	1	2	2	2	2	2	2	2	2	1	1	1	1	1	1	1	1	1	1	2	2	1	1	1	1	2	2	2	2	1	1	1	1	2	2	1	1	2	2	2	2	2	2	1	1	1	1	2	2	2	2	1	1	2	2	2	2	2	2	1	1	1	1	1	1	2	2	2	2	2	2	1	1	1	1	2	2	2	2	2	2	1	1	1	1	2	2	2	2	2	2	2	2	1	1	1	1	1	1	2	2	1	1	2	2	2	2	1	1	2	2	2	2	2	2	1	1	1	1	2	2	2	2	1	1	1	1	3	3	1	1	1	1	1	1	2	2	2	2	1	1	2	2	2	2	1	1	2	2	1	1	2	2	1	1	2	2	1	1	3	3	1	1	2	2
IND0056	1	1	2	2	2	2	2	2	2	2	1	1	1	1	2	2	2	2	1	1	1	1	1	1	1	1	2	2	4	4	1	1	2	2	1	1	1	1	1	1	1	1	2	2	1	1	2	2	1	1	2	2	2	2	1	1	1	1	1	1	1	1	1	1	1	1	1	1	3	3	1	1	1	1	2	2	2	2	1	1	3	3	2	2	1	1	1	1	1	1	1	1	1	1	1	1	2	2	2	2	2	2	1	1	1	1	1	1	1	1	2	2	2	2	1	1	1	1	2	2	2	2	2	2	1	1	2	2	1	1	1	1	2	2	2	2	1	1	1	1	2	2	2	2	2	2	1	1	1	1	2	2	1	1	1	1	1	1	1	1	1	1	1	1	1	1	2	2	1	1	1	1	2	2	2	2	1	1	2	2	2	2	1	1	2	2	2	2	1	1	1	1	2	2	1	1	1	1	2	2	2	2	2	2	1	1	1	1	1	1	2	2	1	1	2	2	2	2	2	2	2	2	2	2	1	1	2	2	1	1	2	2	2	2	2	2	2	2	1	1	1	1	2	2	1	1	1	1	2	2	2	2	1	1	1	1	2	2	2	2	2	2	1	1	1	1	1	1	1	1	2	2	1	1	2	2	1	1	2	2	2	2	2	2	2	2	1	1	1	1	2	2	2	2	2	2	2	2	2	2	2	2	1	1	2	2	2	2	1	1	2	2	2	2	2	2	1	1	2	2	1	1	2	2	1	1	1	1	2	2	1	1	2	2	2	2	2	2	2	2	1	1	2	2	1	1	1	1	2	2	1	1	2	2	1	1	2	2	2	2	1	1	1	1	2	2	2	2	2	2	2	2	1	1	1	1	2	2	1	1
IND0057	2	2	1	1	1	1	2	2	2	2	1	1	1	1	2	2	2	2	1	1	1	1	2	2	2	2	2	2	1	1	2	2	1	1	2	2	1	1	2	2	2	2	2	2	1	1	1	1	2	2	2	2	1	1	1	1	1	1	2	2	2	2	2	2	1	1	1	1	3	3	4	4	1	1	1	1	2	2	1	1	1	1	4	4	1	1	1	1	1	1	1	1	1	1	2	2	1	1	1	1	2	2	1	1	1	1	1	1	2	2	1	1	2	2	1	1	1	1	1	1	2	2	2	2	2	2	2	2	1	1	2	2	1	1	2	2	1	1	2	2	1	1	2	2	1	1	2	2	2	2	2	2	1	1	1	1	1	1	2	2	2	2	2	2	1	1	2	2	2	2	1	1	2	2	1	1	1	1	1	1	2	2	1	1	1	1	2	2	1	1	2	2	2	2	1	1	2	2	1	1	2	2	1	1	1	1	2	2	1	1	1	1	2	2	2	2	2	2	2	2	2	2	2	2	2	2	2	2	2	2	1	1	1	1	1	1	2	2	2	2	1	1	1	1	1	1	1	1	1	1	2	2	2	2	1	1	2	2	2	2	1	1	1	1	2	2	1	1	1	1	2	2	1	1	1	1	2	2	1	1	1	1	2	2	1	1	2	2	2	2	2	2	1	1	2	2	1	1	1	1	2	2	1	1	1	1	2	2	2	2	1	1	1	1	2	2	1	1	1	1	2	2	1	1	2	2	1	1	2	2	1	1	1	1	2	2	1	1	2	2	1	1	1	1	2	2	1	1	2	2	2	2	2	2	1	1	1	1	2	2	2	2	1	1	2	2	2	2	2	2	2	2	3	3	2	2	2	2	1	1
IND0058	2	2	1	1	2	2	1	1	1	1	2	2	1	1	1	1	1	1	1	1	2	2	2	2	1	1	1	1	3	3	3	3	1	1	2	2	1	1	2	2	1	1	1	1	1	1	1	1	1	1	2	2	1	1	1	1	1	1	1	1	1	1	2	2	2	2	1	1	1	1	1	1	1	1	2	2	1	1	1	1	3	3	1	1	2	2	2	2	2	2	2	2	2	2	2	2	1	1	1	1	1	1	2	2	1	1	2	2	1	1	2	2	2	2	2	2	1	1	1	1	1	1	1	1	1	1	2	2	1	1	1	1	2	2	1	1	2	2	1	1	1	1	1	1	2	2	1	1	2	2	1	1	1	1	1	1	1	1	1	1	1	1	2	2	1	1	2	2	2	2	1	1	2	2	2	2	1	1	2	2	1	1	1	1	1	1	1	1	2	2	1	1	1	1	2	2	1	1	2	2	1	1	1	1	2	2	2	2	2	2	2	2	1	1	1	1	2	2	1	1	2	2	1	1	1	1	2	2	2	2	2	2	1	1	2	2	2	2	2	2	1	1	2	2	2	2	2	2	1	1	1	1	2	2	1	1	1	1	2	2	1	1	1	1	1	1	1	1	1	1	1	1	1	1	1	1	1	1	1	1	1	1	1	1	2	2	1	1	2	2	2	2	1	1	2	2	1	1	1	1	2	2	2	2	1	1	2	2	1	1	1	1	2	2	2	2	1	1	1	1	1	1	1	1	1	1	1	1	1	1	1	1	1	1	2	2	1	1	2	2	3	3	3	3	2	2	2	2	2	2	2	2	2	2	1	1	1	1	1	1	1	1	1	1	2	2	1	1	2	2	1	1	2	2	1	1	1	1	2	2
IND0059	1	1	2	2	1	1	2	2	2	2	1	1	1	1	2	2	2	2	1	1	1	1	1	1	2	2	2	2	4	4	2	2	2	2	2	2	1	1	1	1	1	1	1	1	1	1	1	1	2	2	1	1	1	1	1	1	2	2	1	1	1	1	1	1	1	1	1	1	3	3	2	2	2	2	2	2	2	2	1	1	4	4	3	3	2	2	1	1	2	2	1	1	2	2	2	2	2	2	1	1	2	2	1	1	2	2	1	1	1	1	2	2	2	2	2	2	2	2	1	1	2	2	1	1	2	2	1	1	1	1	1	1	2	2	1	1	2	2	2	2	1	1	1	1	1	1	1	1	1	1	2	2	2	2	2	2	2	2	1	1	2	2	2	2	2	2	2	2	1	1	1	1	1	1	2	2	2	2	2	2	1	1	2	2	1	1	2	2	1	1	2	2	2	2	1	1	2	2	2	2	2	2	1	1	2	2	1	1	1	1	2	2	2	2	1	1	1	1	1	1	2	2	2	2	2	2	2	2	2	2	1	1	2	2	2	2	1	1	1	1	1	1	2	2	2	2	2	2	1	1	2	2	2	2	2	2	2	2	2	2	1	1	2	2	1	1	2	2	2	2	1	1	2	2	2	2	2	2	1	1	1	1	1	1	1	1	2	2	2	2	1	1	2	2	2	2	1	1	1	1	1	1	1	1	2	2	1	1	1	1	1	1	1	1	1	1	1	1	1	1	2	2	2	2	1	1	1	1	1	1	2	2	2	2	2	2	1	1	2	2	2	2	1	1	1	1	2	2	2	2	1	1	2	2	2	2	2	2	2	2	2	2	2	2	2	2	2	2	1	1	2	2	3	3	4	4	1	1	2	2
IND0060	1	1	2	2	2	2	1	1	1	1	1	1	1	1	2	2	1	1	1	1	1	1	1	1	2	2	1	1	1	1	2	2	1	1	1	1	1	1	1	1	2	2	1	1	1	1	1	1	1	1	2	2	2	2	2	2	1	1	2	2	1	1	2	2	1	1	1	1	3	3	4	4	1	1	2	2	2	2	1	1	2	2	4	4	2	2	2	2	2	2	1	1	2	2	2	2	1	1	1	1	1	1	2	2	2	2	1	1	1	1	2	2	2	2	1	1	2	2	2	2	2	2	1	1	1	1	1	1	2	2	1	1	2	2	1	1	2	2	2	2	1	1	1	1	2	2	2	2	2	2	1	1	1	1	2	2	1	1	2	2	2	2	2	2	1	1	1	1	2	2	2	2	1	1	2	2	1	1	2	2	2	2	2	2	2	2	1	1	1	1	1	1	1	1	1	1	1	1	1	1	2	2	1	1	2	2	2	2	1	1	2	2	2	2	2	2	2	2	2	2	1	1	1	1	1	1	1	1	2	2	1	1	1	1	1	1	1	1	2	2	1	1	1	1	2	2	2	2	1	1	2	2	2	2	2	2	1	1	2	2	1	1	2	2	1	1	2	2	2	2	1	1	1	1	2	2	2	2	1	1	1	1	2	2	1	1	1	1	1	1	2	2	1	1	1	1	1	1	2	2	2	2	1	1	2	2	2	2	1	1	1	1	1	1	1	1	2	2	1	1	2	2	2	2	2	2	1	1	1	1	1	1	2	2	1	1	1	1	1	1	2	2	3	3	2	2	2	2	1	1	2	2	1	1	1	1	2	2	2	2	2	2	1	1	2	2	2	2	1	1	2	2	2	2	2	2	2	2	1	1
IND0061	2	2	2	2	2	2	2	2	2	2	1	1	1	1	1	1	1	1	1	1	2	2	2	2	2	2	2	2	3	3	1	1	2	2	2	2	1	1	1	1	2	2	1	1	2	2	2	2	2	2	2	2	2	2	1	1	2	2	2	2	2	2	2	2	1	1	2	2	1	1	3	3	2	2	1	1	1	1	2	2	2	2	1	1	2	2	1	1	1	1	2	2	2	2	2	2	1	1	1	1	2	2	1	1	1	1	1	1	2	2	1	1	1	1	1	1	2	2	1	1	1	1	1	1	2	2	1	1	1	1	1	1	2	2	1	1	1	1	1	1	1	1	1	1	2	2	1	1	2	2	2	2	1	1	2	2	2	2	1	1	2	2	2	2	1	1	1	1	2	2	1	1	2	2	2	2	2	2	2	2	2	2	1	1	1	1	2	2	2	2	1	1	2	2	1	1	2	2	1	1	1	1	1	1	1	1	2	2	1	1	2	2	2	2	2	2	2	2	1	1	2	2	1	1	1	1	2	2	2	2	1	1	1	1	1	1	2	2	2	2	2	2	1	1	2	2	1	1	1	1	2	2	2	2	1	1	2	2	1	1	2	2	2	2	2	2	2	2	2	2	1	1	1	1	1	1	2	2	1	1	2	2	2	2	1	1	2	2	1	1	2	2	1	1	2	2	2	2	1	1	1	1	2	2	2	2	1	1	1	1	1	1	1	1	1	1	2	2	1	1	2	2	1	1	1	1	2	2	1	1	2	2	2	2	1	1	2	2	1	1	3	3	1	1	2	2	2	2	2	2	1	1	1	1	1	1	1	1	2	2	2	2	1	1	2	2	2	2	1	1	1	1	4	4	2	2	2	2	1	1
IND0062	2	2	1	1	2	2	1	1	1	1	1	1	1	1	2	2	2	2	2	2	2	2	1	1	1	1	1	1	1	1	3	3	2	2	1	1	1	1	2	2	1	1	2	2	2	2	1	1	2	2	1	1	2	2	2	2	2	2	1	1	1	1	2	2	1	1	2	2	2	2	3	3	2	2	2	2	1	1	2	2	1	1	2	2	2	2	1	1	2	2	1	1	2	2	1	1	2	2	2	2	1	1	1	1	1	1	1	1	2	2	2	2	2	2	2	2	2	2	2	2	2	2	2	2	1	1	1	1	1	1	1	1	2	2	1	1	2	2	2	2	1	1	1	1	1	1	2	2	2	2	2	2	1	1	2	2	2	2	2	2	1	1	1	1	2	2	2	2	1	1	2	2	2	2	1	1	2	2	1	1	1	1	1	1	1	1	2	2	1	1	2	2	1	1	2	2	2	2	2	2	2	2	1	1	2	2	1	1	1	1	1	1	2	2	1	1	2	2	1	1	2	2	1	1	1	1	2	2	2	2	1	1	1	1	1	1	2	2	2	2	1	1	1	1	1	1	1	1	2	2	1	1	1	1	2	2	2	2	2	2	1	1	2	2	1	1	1	1	2	2	1	1	1	1	1	1	2	2	2	2	2	2	1	1	2	2	1	1	2	2	2	2	2	2	1	1	1	1	2	2	2	2	2	2	1	1	1	1	1	1	1	1	2	2	2	2	1	1	2	2	2	2	1	1	2	2	2	2	1	1	2	2	2	2	2	2	1	1	2	2	3	3	4	4	2	2	1	1	1	1	1	1	1	1	2	2	2	2	2	2	2	2	1	1	2	2	2	2	2	2	1	1	3	3	1	1	1	1	1	1
IND0063	2	2	2	2	2	2	2	2	2	2	1	1	2	2	2	2	1	1	1	1	1	1	2	2	1	1	1	1	1	1	4	4	1	1	1	1	2	2	1	1	2	2	2	2	1	1	2	2	2	2	1	1	1	1	2	2	1	1	2	2	2	2	2	2	1	1	1	1	4	4	3	3	1	1	2	2	2	2	2	2	2	2	1	1	2	2	2	2	2	2	2	2	2	2	1	1	2	2	2	2	1	1	1	1	1	1	1	1	2	2	1	1	2	2	1	1	1	1	2	2	2	2	2	2	1	1	1	1	2	2	2	2	2	2	1	1	1	1	2	2	1	1	2	2	1	1	2	2	2	2	2	2	1	1	2	2	1	1	1	1	1	1	2	2	2	2	1	1	2	2	2	2	1	1	2	2	1	1	1	1	1	1	1	1	2	2	2	2	1	1	1	1	2	2	1	1	2	2	1	1	1	1	1	1	1	1	1	1	2	2	1	1	2	2	1	1	1	1	1	1	1	1	2	2	1	1	2	2	1	1	1	1	2	2	1	1	2	2	1	1	2	2	2	2	1	1	1	1	2	2	2	2	1	1	1	1	2	2	1	1	2	2	2	2	2	2	2	2	1	1	2	2	1	1	2	2	2	2	1	1	2	2	2	2	2	2	1	1	2	2	1	1	1	1	2	2	1	1	2	2	1	1	1	1	2	2	2	2	2	2	2	2	2	2	1	1	2	2	2	2	1	1	2	2	2	2	1	1	1	1	2	2	2	2	2	2	1	1	1	1	2	2	2	2	2	2	1	1	1	1	2	2	1	1	1	1	2	2	1	1	2	2	2	2	1	1	2	2	2	2	2	2	4	4	1	1	2	2	2	2
IND0064	1	1	2	2	2	2	1	1	1	1	1	1	2	2	2	2	2	2	2	2	2	2	2	2	1	1	1	1	2	2	2	2	1	1	2	2	1	1	2	2	1	1	2	2	2	2	2	2	2	2	2	2	2	2	2	2	2	2	2	2	1	1	1	1	2	2	2	2	3	3	1	1	1	1	2	2	2	2	1	1	4	4	1	1	2	2	2	2	2	2	1	1	2	2	2	2	2	2	1	1	1	1	1	1	2	2	1	1	2	2	2	2	2	2	1	1	2	2	2	2	1	1	1	1	1	1	2	2	1	1	2	2	2	2	2	2	1	1	1	1	2	2	1	1	1	1	2	2	2	2	2	2	1	1	2	2	1	1	1	1	1	1	2	2	2	2	1	1	1	1	1	1	1	1	2	2	2	2	2	2	1	1	1	1	1	1	2	2	1	1	2	2	1	1	1	1	2	2	1	1	2	2	1	1	2	2	2	2	2	2	1	1	1	1	1	1	2	2	2	2	2	2	1	1	1	1	2	2	1	1	2	2	2	2	2	2	1	1	1	1	2	2	2	2	2	2	2	2	1	1	2	2	2	2	1	1	1	1	2	2	2	2	2	2	1	1	1	1	2	2	1	1	1	1	1	1	1	1	2	2	2	2	1	1	1	1	2	2	1	1	1	1	2	2	1	1	2	2	2	2	2	2	2	2	1	1	1	1	2	2	2	2	1	1	2	2	2	2	1	1	1	1	2	2	1	1	2	2	1	1	2	2	2	2	1	1	2	2	1	1	2	2	1	1	2	2	1	1	1	1	1	1	2	2	2	2	1	1	1	1	1	1	2	2	1	1	1	1	1	1	1	1	4	4	1	1	2	2	1	1
IND0065	2	2	1	1	1	1	2	2	2	2	1	1	2	2	1	1	2	2	1	1	1	1	2	2	2	2	1	1	4	4	1	1	2	2	1	1	2	2	2	2	1	1	1	1	2	2	2	2	2	2	1	1	2	2	1	1	2	2	2	2	2	2	2	2	1	1	1	1	4	4	4	4	2	2	1	1	1	1	1	1	4	4	4	4	1	1	2	2	2	2	2	2	1	1	2	2	1	1	1	1	2	2	2	2	1	1	2	2	2	2	2	2	2	2	2	2	2	2	1	1	2	2	2	2	2	2	1	1	1	1	2	2	1	1	1	1	1	1	1	1	2	2	2	2	2	2	2	2	1	1	1	1	2	2	1	1	1	1	1	1	1	1	2	2	1	1	2	2	1	1	2	2	2	2	2	2	1	1	2	2	1	1	2	2	2	2	1	1	2	2	1	1	2	2	1	1	2	2	2	2	2	2	1	1	2	2	2	2	1	1	1	1	1	1	2	2	2	2	2	2	2	2	1	1	1	1	2	2	1	1	2	2	2	2	1	1	1	1	1	1	2	2	1	1	2	2	2	2	1	1	2	2	2	2	2	2	2	2	1	1	2	2	1	1	2	2	2	2	1	1	1	1	1	1	1	1	2	2	1	1	1	1	1	1	1	1	1	1	1	1	1	1	1	1	1	1	2	2	2	2	1	1	1	1	2	2	1	1	1	1	2	2	2	2	1	1	2	2	1	1	2	2	1	1	1	1	1	1	2	2	2	2	2	2	1	1	2	2	1	1	2	2	2	2	2	2	2	2	2	2	1	1	1	1	2	2	1	1	2	2	1	1	1	1	1	1	1	1	1	1	2	2	2	2	3	3	2	2	1	1
IND0066	1	1	1	1	1	1	2	2	1	1	2	2	2	2	1	1	1	1	2	2	2	2	2	2	1	1	1	1	2	2	2	2	1	1	2	2	2	2	1	1	1	1	2	2	1	1	2	2	2	2	2	2	2	2	1	1	2	2	1	1	2	2	1	1	1	1	1	1	3	3	1	1	1	1	2	2	1	1	1	1	1	1	3	3	2	2	1	1	1	1	1	1	1	1	1	1	2	2	1	1	1	1	2	2	2	2	2	2	1	1	1	1	1	1	1	1	2	2	1	1	2	2	2	2	1	1	2	2	2	2	1	1	1	1	1	1	1	1	1	1	2	2	1	1	2	2	1	1	2	2	1	1	1	1	2	2	2	2	1	1	1	1	1	1	2	2	1	1	2	2	2	2	2	2	2	2	1	1	1	1	1	1	1	1	2	2	2	2	2	2	2	2	2	2	1	1	1	1	1	1	1	1	2	2	1	1	1	1	1	1	1	1	1	1	2	2	1	1	2	2	1	1	1	1	1	1	1	1	2	2	2	2	2	2	1	1	1	1	2	2	1	1	1	1	1	1	2	2	1	1	2	2	2	2	2	2	1	1	1	1	1	1	2	2	2	2	2	2	2	2	2	2	2	2	2	2	2	2	1	1	1	1	1	1	1	1	1	1	1	1	2	2	1	1	1	1	1	1	2	2	1	1	1	1	1	1	2	2	1	1	2	2	2	2	2	2	1	1	2	2	1	1	1	1	2	2	2	2	2	2	2	2	2	2	1	1	1	1	1	1	2	2	4	4	2	2	1	1	1	1	1	1	1	1	2	2	1	1	2	2	2	2	2	2	1	1	1	1	1	1	1	1	4	4	4	4	1	1	2	2
IND0067	1	1	1	1	1	1	2	2	2	2	2	2	1	1	1	1	2	2	2	2	2	2	2	2	1	1	2	2	4	4	3	3	1	1	1	1	1	1	2	2	2	2	2	2	1	1	2	2	2	2	2	2	1	1	2	2	2	2	1	1	1	1	1	1	1	1	2	2	4	4	4	4	1	1	1	1	1	1	1	1	1	1	1	1	1	1	2	2	1	1	2	2	2	2	2	2	1	1	1	1	2	2	2	2	2	2	1	1	1	1	2	2	2	2	2	2	2	2	2	2	1	1	1	1	1	1	1	1	2	2	1	1	2	2	2	2	2	2	1	1	1	1	2	2	2	2	1	1	2	2	1	1	1	1	1	1	1	1	2	2	1	1	2	2	1	1	2	2	1	1	1	1	2	2	1	1	1	1	1	1	1	1	1	1	1	1	1	1	1	1	2	2	2	2	1	1	1	1	2	2	1	1	2	2	2	2	1	1	2	2	1	1	2	2	1	1	2	2	1	1	1	1	2	2	1	1	1	1	2	2	1	1	1	1	2	2	1	1	1	1	2	2	2	2	1	1	1	1	2	2	1	1	2	2	2	2	1	1	1	1	1	1	2	2	1	1	1	1	1	1	1	1	1	1	1	1	2	2	1	1	1	1	2	2	1	1	2	2	2	2	2	2	2	2	2	2	2	2	2	2	1	1	1	1	1	1	2	2	2	2	2	2	2	2	2	2	1	1	1	1	2	2	2	2	2	2	2	2	2	2	2	2	1	1	1	1	2	2	2	2	1	1	1	1	2	2	1	1	2	2	2	2	2	2	2	2	2	2	1	1	2	2	2	2	1	1	1	1	2	2	1	1	3	3	3	3	1	1	2	2
IND0068	1	1	1	1	1	1	1	1	1	1	1	1	1	1	1	1	2	2	1	1	1	1	1	1	1	1	2	2	1	1	3	3	2	2	2	2	1	1	1	1	2	2	1	1	1	1	1	1	1	1	1	1	2	2	2	2	1	1	2	2	2	2	1	1	2	2	2	2	3	3	1	1	2	2	2	2	2	2	1	1	1	1	4	4	2	2	1	1	2	2	1	1	1	1	1	1	2	2	2	2	1	1	1	1	1	1	1	1	2	2	1	1	1	1	1	1	2	2	1	1	1	1	2	2	2	2	2	2	1	1	1	1	2	2	1	1	2	2	2	2	2	2	2	2	1	1	1	1	1	1	1	1	1	1	2	2	2	2	2	2	2	2	2	2	1	1	2	2	1	1	2	2	2	2	2	2	2	2	2	2	2	2	2	2	1	1	2	2	1	1	1	1	2	2	1	1	2	2	2	2	2	2	1	1	2	2	2	2	1	1	2	2	2	2	2	2	2	2	1	1	2	2	1	1	2	2	1	1	1	1	2	2	1	1	1	1	2	2	2	2	2	2	1	1	1	1	2	2	1	1	1	1	1	1	1	1	2	2	1	1	1	1	2	2	1	1	1	1	2	2	1	1	1	1	1	1	2	2	2	2	2	2	1	1	2	2	2	2	1	1	2	2	2	2	1	1	1	1	2	2	2	2	2	2	1	1	1	1	1	1	2	2	2	2	1	1	1	1	1	1	1	1	2	2	2	2	1	1	1	1	1	1	1	1	1	1	1	1	1	1	2	2	3	3	1	1	1	1	2	2	2	2	1	1	2	2	1	1	1	1	1	1	1	1	1	1	1	1	1	1	2	2	4	4	2	2	2	2	2	2
IND0069	2	2	2	2	1	1	2	2	2	2	1	1	1	1	2	2	1	1	2	2	1	1	2	2	2	2	2	2	1	1	3	3	1	1	1	1	1	1	2	2	2	2	1	1	2	2	1	1	1	1	2	2	2	2	2	2	1	1	1	1	2	2	1	1	1	1	1	1	2	2	4	4	1	1	1	1	1	1	1	1	3	3	4	4	1	1	2	2	2	2	1	1	2	2	2	2	2	2	2	2	1	1	1	1	2	2	1	1	1	1	2	2	1	1	2	2	2	2	2	2	1	1	1	1	1	1	2	2	2	2	2	2	1	1	2	2	1	1	2	2	2	2	1	1	1	1	2	2	1	1	1	1	2	2	1	1	1	1	1	1	2	2	1	1	2	2	1	1	1	1	1	1	1	1	2	2	2	2	2	2	1	1	1	1	2	2	1	1	2	2	1	1	2	2	2	2	2	2	1	1	2	2	1	1	2	2	2	2	1	1	1	1	1	1	1	1	2	2	1	1	2	2	1	1	2	2	1	1	2	2	2	2	1	1	2	2	1	1	2	2	1	1	1	1	1	1	2	2	1	1	2	2	2	2	2	2	2	2	1	1	1	1	2	2	2	2	1	1	2	2	2	2	2	2	1	1	1	1	1	1	2	2	1	1	1	1	1	1	2	2	2	2	1	1	1	1	1	1	1	1	1	1	2	2	1	1	2	2	1	1	2	2	2	2	1	1	1	1	1	1	2	2	2	2	1	1	1	1	2	2	2	2	1	1	2	2	1	1	1	1	3	3	1	1	1	1	2	2	2	2	1	1	1	1	1	1	2	2	2	2	2	2	2	2	2	2	2	2	1	1	1	1	3	3	3	3	1	1	2	2
IND0070	1	1	1	1	1	1	1	1	2	2	2	2	2	2	1	1	2	2	1	1	2	2	2	2	1	1	2	2	1	1	4	4	1	1	2	2	1	1	1	1	1	1	2	2	2	2	1	1	2	2	1	1	2	2	1	1	2	2	2	2	1	1	1	1	2	2	2	2	4	4	3	3	1	1	1	1	2	2	1	1	2	2	1	1	2	2	1	1	1	1	2	2	1	1	1	1	1	1	1	1	1	1	2	2	2	2	2	2	1	1	2	2	2	2	1	1	2	2	2	2	1	1	1	1	1	1	2	2	1	1	2	2	1	1	1	1	1	1	1	1	2	2	1	1	1	1	2	2	1	1	1	1	2	2	1	1	1	1	2	2	1	1	1	1	1	1	1	1	2	2	2	2	2	2	1	1	1	1	1	1	2	2	2	2	2	2	2	2	2	2	2	2	1	1	2	2	1	1	1	1	1	1	1	1	1	1	1	1	2	2	1	1	2	2	1	1	2	2	1	1	1	1	1	1	2	2	1	1	1	1	1	1	1	1	1	1	1	1	2	2	2	2	2	2	1	1	2	2	1	1	2	2	2	2	2	2	2	2	2	2	1	1	1	1	1	1	1	1	2	2	2	2	2	2	1	1	2	2	2	2	1	1	1	1	2	2	1	1	2	2	2	2	1	1	2	2	2	2	2	2	1	1	1	1	2	2	2	2	1	1	2	2	1	1	2	2	1	1	2	2	1	1	2	2	1	1	1	1	1	1	2	2	1	1	2	2	2	2	2	2	1	1	2	2	2	2	2	2	2	2	1	1	2	2	2	2	2	2	2	2	1	1	1	1	2	2	2	2	2	2	1	1	2	2	4	4	2	2	2	2
IND0071	1	1	1	1	1	1	1	1	1	1	1	1	1	1	2	2	1	1	2	2	2	2	2	2	1	1	2	2	3	3	3	3	2	2	2	2	1	1	1	1	1	1	1	1	1	1	2	2	2	2	1	1	2	2	1	1	2	2	1	1	1	1	2	2	1	1	1	1	4	4	3	3	1	1	1	1	2	2	2	2	1	1	2	2	2	2	2	2	1	1	2	2	1	1	1	1	1	1	2	2	2	2	1	1	1	1	1	1	2	2	1	1	1	1	2	2	2	2	1	1	2	2	1	1	1	1	1	1	2	2	2	2	1	1	1	1	2	2	1	1	2	2	1	1	2	2	2	2	2	2	2	2	2	2	2	2	1	1	2	2	1	1	2	2	1	1	1	1	2	2	1	1	1	1	1	1	1	1	1	1	1	1	2	2	1	1	1	1	1	1	2	2	1	1	2	2	1	1	2	2	2	2	1	1	1	1	1	1	1	1	1	1	1	1	2	2	1	1	1	1	2	2	1	1	1	1	1	1	1	1	2	2	1	1	2	2	2	2	2	2	2	2	1	1	2	2	2	2	2	2	2	2	1	1	2	2	1	1	1	1	1	1	1	1	2	2	1	1	1	1	1	1	2	2	2	2	2	2	2	2	2	2	2	2	2	2	2	2	2	2	2	2	1	1	2	2	2	2	2	2	2	2	2	2	1	1	2	2	2	2	1	1	1	1	1	1	1	1	1	1	1	1	2	2	2	2	1	1	1	1	1	1	1	1	1	1	1	1	1	1	3	3	3	3	1	1	2	2	2	2	1	1	2	2	2	2	2	2	2	2	2	2	1	1	2	2	1	1	2	2	2	2	2	2	2	2	2	2	2	2
IND0072	1	1	1	1	2	2	2	2	2	2	2	2	2	2	2	2	1	1	1	1	2	2	1	1	2	2	1	1	4	4	1	1	1	1	1	1	2	2	1	1	2	2	1	1	2	2	1	1	2	2	2	2	1	1	2	2	1	1	2	2	2	2	1	1	2	2	2	2	1	1	1	1	1	1	1	1	1	1	2	2	1	1	1	1	2	2	2	2	1	1	2	2	1	1	1	1	2	2	1	1	1	1	1	1	1	1	1	1	1	1	1	1	1	1	1	1	1	1	2	2	1	1	2	2	1	1	2	2	2	2	1	1	1	1	1	1	1	1	1	1	1	1	2	2	2	2	2	2	2	2	1	1	1	1	1	1	2	2	1	1	1	1	2	2	1	1	1	1	2	2	2	2	1	1	2	2	2	2	2	2	1	1	2	2	1	1	1	1	1	1	2	2	1	1	2	2	2	2	2	2	2	2	2	2	2	2	2	2	2	2	2	2	2	2	1	1	2	2	1	1	2	2	2	2	2	2	1	1	2	2	2	2	2	2	2	2	1	1	1	1	2	2	1	1	2	2	2	2	2	2	2	2	2	2	1	1	2	2	2	2	2	2	2	2	2	2	1	1	2	2	2	2	2	2	1	1	1	1	2	2	1	1	1	1	1	1	2	2	1	1	2	2	2	2	2	2	2	2	2	2	1	1	1	1	1	1	1	1	2	2	2	2	1	1	1	1	2	2	1	1	1	1	1	1	2	2	1	1	1	1	1	1	2	2	2	2	2	2	1	1	4	4	1	1	1	1	2	2	1	1	2	2	1	1	1	1	2	2	1	1	1	1	1	1	1	1	2	2	2	2	2	2	1	1	3	3	1	1	1	1
IND0073	1	1	2	2	2	2	2	2	1	1	1	1	2	2	1	1	2	2	1	1	2	2	2	2	1	1	1	1	3	3	3	3	2	2	2	2	1	1	1	1	1	1	1	1	2	2	1	1	2	2	1	1	2	2	1	1	1	1	2	2	1	1	1	1	2	2	2	2	4	4	2	2	2	2	2	2	2	2	1	1	1	1	2	2	1	1	2	2	2	2	2	2	2	2	2	2	1	1	1	1	2	2	2	2	2	2	2	2	1	1	2	2	1	1	2	2	1	1	2	2	2	2	1	1	2	2	1	1	2	2	2	2	2	2	2	2	2	2	1	1	2	2	2	2	2	2	2	2	2	2	1	1	1	1	2	2	2	2	2	2	2	2	2	2	2	2	2	2	1	1	1	1	1	1	2	2	1	1	1	1	2	2	1	1	1	1	1	1	1	1	2	2	2	2	2	2	1	1	2	2	2	2	2	2	2	2	1	1	1	1	1	1	2	2	1	1	2	2	1	1	2	2	1	1	2	2	1	1	2	2	2	2	2	2	1	1	2	2	2	2	1	1	2	2	2	2	2	2	2	2	2	2	2	2	1	1	2	2	1	1	1	1	2	2	1	1	2	2	1	1	2	2	1	1	1	1	2	2	1	1	2	2	2	2	1	1	2	2	2	2	1	1	1	1	1	1	1	1	2	2	1	1	2	2	2	2	2	2	1	1	2	2	2	2	1	1	2	2	1	1	1	1	2	2	1	1	2	2	1	1	2	2	2	2	2	2	2	2	1	1	3	3	1	1	1	1	1	1	2	2	1	1	1	1	2	2	2	2	2	2	2	2	2	2	2	2	1	1	2	2	2	2	4	4	4	4	2	2	2	2
IND0074	1	1	2	2	1	1	2	2	1	1	2	2	2	2	2	2	1	1	2	2	2	2	1	1	1	1	1	1	2	2	3	3	2	2	1	1	2	2	2	2	1	1	1	1	1	1	2	2	2	2	1	1	1	1	2	2	2	2	1	1	2	2	2	2	2	2	2	2	3	3	2	2	2	2	2	2	2	2	1	1	2	2	3	3	2	2	1	1	2	2	1	1	1	1	2	2	2	2	1	1	2	2	1	1	1	1	2	2	2	2	2	2	2	2	2	2	2	2	2	2	2	2	1	1	2	2	2	2	2	2	2	2	1	1	2	2	1	1	2	2	2	2	2	2	2	2	2	2	2	2	2	2	1	1	1	1	1	1	2	2	1	1	1	1	2	2	1	1	2	2	1	1	1	1	1	1	1	1	2	2	2	2	2	2	1	1	2	2	1	1	2	2	2	2	1	1	2	2	2	2	1	1	1	1	2	2	2	2	1	1	2	2	2	2	2	2	2	2	1	1	2	2	1	1	1	1	1	1	1	1	1	1	2	2	1	1	1	1	1	1	2	2	2	2	1	1	1	1	1	1	1	1	1	1	2	2	1	1	1	1	2	2	2	2	2	2	2	2	2	2	1	1	2	2	1	1	2	2	1	1	1	1	2	2	2	2	2	2	1	1	2	2	1	1	1	1	2	2	1	1	2	2	1	1	2	2	1	1	2	2	1	1	2	2	2	2	2	2	1	1	1	1	1	1	1	1	1	1	1	1	1	1	2	2	2	2	2	2	2	2	1	1	4	4	1	1	2	2	2	2	1	1	2	2	1	1	2	2	1	1	2	2	1	1	1	1	2	2	1	1	1	1	3	3	2	2	2	2	1	1
IND0075	1	1	2	2	2	2	2	2	2	2	2	2	2	2	1	1	2	2	1	1	2	2	1	1	1	1	2	2	4	4	2	2	2	2	1	1	1	1	2	2	2	2	2	2	2	2	1	1	1	1	1	1	1	1	2	2	2	2	1	1	1	1	2	2	2	2	1	1	3	3	3	3	1	1	1	1	1	1	1	1	4	4	3	3	2	2	2	2	2	2	2	2	2	2	1	1	1	1	1	1	2	2	1	1	1	1	1	1	1	1	2	2	2	2	1	1	1	1	1	1	1	1	2	2	1	1	1	1	1	1	2	2	2	2	1	1	2	2	2	2	2	2	1	1	2	2	2	2	2	2	1	1	2	2	1	1	1	1	2	2	1	1	1	1	2	2	2	2	1	1	1	1	2	2	2	2	2	2	1	1	2	2	2	2	2	2	2	2	2	2	2	2	1	1	2	2	1	1	2	2	2	2	2	2	2	2	2	2	2	2	1	1	1	1	1	1	2	2	1	1	1	1	1	1	1	1	1	1	2	2	1	1	2	2	2	2	1	1	1	1	1	1	2	2	1	1	2	2	1	1	2	2	2	2	2	2	1	1	2	2	2	2	1	1	2	2	1	1	2	2	2	2	1	1	2	2	2	2	1	1	2	2	1	1	2	2	2	2	1	1	1	1	1	1	1	1	2	2	2	2	2	2	2	2	2	2	1	1	1	1	2	2	1	1	1	1	2	2	1	1	2	2	1	1	1	1	2	2	1	1	2	2	2	2	2	2	1	1	2	2	1	1	1	1	2	2	2	2	1	1	1	1	1	1	1	1	1	1	2	2	1	1	2	2	1	1	1	1	2	2	1	1	1	1	3	3	2	2	2	2
IND0076	1	1	2	2	1	1	1	1	1	1	1	1	1	1	2	2	2	2	1	1	1	1	1	1	2	2	1	1	1	1	2	2	1	1	2	2	1	1	2	2	1	1	1	1	2	2	1	1	2	2	1	1	1	1	2	2	2	2	1	1	1	1	2	2	2	2	1	1	3	3	1	1	2	2	1	1	1	1	1	1	4	4	2	2	1	1	2	2	2	2	1	1	1	1	2	2	2	2	1	1	2	2	2	2	1	1	2	2	1	1	1	1	2	2	2	2	1	1	1	1	1	1	2	2	2	2	1	1	2	2	2	2	2	2	2	2	2	2	2	2	2	2	2	2	1	1	1	1	1	1	1	1	1	1	1	1	1	1	1	1	1	1	2	2	2	2	2	2	1	1	1	1	2	2	1	1	2	2	2	2	1	1	1	1	1	1	2	2	1	1	2	2	2	2	2	2	2	2	2	2	2	2	2	2	1	1	1	1	2	2	1	1	2	2	2	2	2	2	1	1	1	1	2	2	2	2	2	2	1	1	2	2	2	2	2	2	2	2	2	2	2	2	2	2	1	1	2	2	1	1	2	2	2	2	2	2	1	1	1	1	2	2	2	2	1	1	2	2	1	1	1	1	1	1	1	1	2	2	1	1	2	2	1	1	1	1	2	2	1	1	2	2	1	1	1	1	1	1	2	2	2	2	1	1	1	1	1	1	2	2	1	1	2	2	2	2	1	1	2	2	2	2	1	1	2	2	2	2	1	1	1	1	2	2	2	2	2	2	2	2	4	4	1	1	1	1	2	2	2	2	1	1	2	2	1	1	2	2	1	1	1	1	1	1	2	2	2	2	2	2	1	1	3	3	3	3	1	1	1	1
IND0077	2	2	2	2	2	2	2	2	1	1	1	1	1	1	2	2	1	1	2	2	2	2	1	1	2	2	2	2	4	4	1	1	2	2	1	1	1	1	1	1	2	2	2	2	2	2	1	1	2	2	2	2	1	1	2	2	2	2	2	2	1	1	1	1	1	1	2	2	2	2	4	4	2	2	2	2	1	1	1	1	3	3	3	3	2	2	2	2	2	2	2	2	2	2	1	1	1	1	2	2	2	2	2	2	2	2	1	1	2	2	1	1	1	1	2	2	1	1	1	1	1	1	1	1	1	1	1	1	1	1	2	2	1	1	2	2	1	1	2	2	1	1	2	2	2	2	1	1	2	2	1	1	1	1	2	2	1	1	1	1	1	1	1	1	2	2	2	2	1	1	2	2	2	2	1	1	2	2	2	2	2	2	1	1	2	2	2	2	1	1	2	2	1	1	1	1	1	1	1	1	1	1	2	2	1	1	1	1	1	1	1	1	2	2	2	2	2	2	1	1	2	2	2	2	1	1	1	1	2	2	1	1	2	2	1	1	1	1	1	1	2	2	1	1	2	2	2	2	1	1	2	2	1	1	1	1	2	2	1	1	1	1	1	1	1	1	1	1	2	2	1	1	2	2	2	2	2	2	1	1	2	2	1	1	2	2	1	1	1	1	2	2	2	2	2	2	2	2	2	2	2	2	1	1	1	1	1	1	1	1	1	1	2	2	1	1	1	1	2	2	2	2	2	2	2	2	1	1	2	2	2	2	1	1	2	2	1	1	1	1	4	4	1	1	2	2	2	2	2	2	2	2	2	2	1	1	2	2	2	2	2	2	2	2	2	2	2	2	1	1	1	1	4	4	1	1	1	1	2	2
IND0078	1	1	1	1	1	1	1	1	2	2	1	1	1	1	1	1	1	1	2	2	1	1	2	2	1	1	2	2	1	1	1	1	2	2	1	1	1	1	2	2	1	1	2	2	2	2	2	2	2	2	2	2	2	2	1	1	1	1	2	2	1	1	1	1	1	1	1	1	4	4	1	1	1	1	2	2	1	1	2	2	4	4	3	3	2	2	2	2	1	1	2	2	2	2	1	1	2	2	2	2	2	2	2	2	1	1	1	1	2	2	1	1	2	2	2	2	1	1	2	2	1	1	2	2	2	2	2	2	2	2	1	1	2	2	1	1	2	2	1	1	1	1	1	1	2	2	1	1	2	2	2	2	1	1	2	2	1	1	1	1	2	2	2	2	1	1	1	1	1	1	1	1	1	1	2	2	1	1	1	1	1	1	2	2	2	2	2	2	2	2	2	2	2	2	1	1	2	2	1	1	1	1	1	1	1	1	1	1	1	1	2	2	2	2	1	1	1	1	2	2	1	1	1	1	2	2	2	2	2	2	2	2	2	2	2	2	1	1	1	1	2	2	1	1	1	1	1	1	1	1	1	1	1	1	2	2	1	1	2	2	1	1	2	2	1	1	2	2	1	1	2	2	2	2	2	2	2	2	1	1	1	1	1	1	1	1	1	1	2	2	1	1	1	1	1	1	1	1	1	1	2	2	2	2	2	2	1	1	1	1	2	2	1	1	2	2	1	1	1	1	2	2	1	1	2	2	1	1	1	1	2	2	1	1	2	2	2	2	1	1	3	3	1	1	2	2	2	2	2	2	2	2	2	2	1	1	2	2	1	1	1	1	2	2	1	1	2	2	2	2	1	1	1	1	2	2	1	1	2	2
IND0079	1	1	2	2	2	2	1	1	2	2	1	1	1	1	1	1	1	1	1	1	1	1	1	1	2	2	2	2	3	3	4	4	2	2	2	2	2	2	2	2	2	2	2	2	1	1	2	2	2	2	1	1	2	2	1	1	1	1	2	2	1	1	1	1	2	2	2	2	4	4	1	1	1	1	1	1	1	1	2	2	3	3	2	2	1	1	1	1	1	1	2	2	2	2	1	1	2	2	2	2	1	1	2	2	1	1	2	2	1	1	2	2	2	2	2	2	1	1	2	2	2	2	1	1	2	2	1	1	2	2	1	1	2	2	2	2	2	2	2	2	1	1	2	2	1	1	1	1	1	1	2	2	1	1	2	2	2	2	2	2	1	1	2	2	2	2	2	2	2	2	2	2	1	1	2	2	2	2	2	2	1	1	2	2	1	1	1	1	2	2	1	1	1	1	2	2	2	2	1	1	2	2	1	1	1	1	2	2	2	2	1	1	1	1	1	1	2	2	2	2	2	2	1	1	1	1	1	1	1	1	1	1	2	2	2	2	1	1	2	2	1	1	1	1	2	2	1	1	2	2	1	1	1	1	1	1	1	1	2	2	1	1	2	2	1	1	2	2	1	1	1	1	2	2	2	2	2	2	1	1	2	2	1	1	1	1	1	1	1	1	1	1	2	2	2	2	1	1	2	2	2	2	2	2	1	1	1	1	2	2	2	2	1	1	2	2	2	2	1	1	1	1	2	2	2	2	1	1	1	1	1	1	2	2	2	2	2	2	2	2	1	1	2	2	2	2	1	1	1	1	1	1	2	2	1	1	1	1	2	2	1	1	1	1	1	1	1	1	2	2	1	1	2	2	3	3	1	1	2	2
IND0080	2	2	2	2	2	2	2	2	1	1	1	1	1	1	1	1	2	2	2	2	2	2	1	1	1	1	1	1	2	2	3	3	1	1	2	2	1	1	1	1	1	1	1	1	2	2	2	2	2	2	2	2	1	1	1	1	2	2	1	1	1	1	2	2	1	1	1	1	1	1	4	4	1	1	2	2	2	2	1	1	4	4	1	1	1	1	1	1	2	2	1	1	1	1	1	1	2	2	1	1	1	1	1	1	2	2	1	1	2	2	2	2	1	1	1	1	2	2	1	1	2	2	1	1	2	2	1	1	2	2	1	1	2	2	1	1	2	2	1	1	1	1	2	2	1	1	2	2	1	1	1	1	2	2	1	1	1	1	2	2	1	1	2	2	1	1	2	2	1	1	2	2	2	2	1	1	2	2	2	2	2	2	2	2	2	2	1	1	1	1	2	2	1	1	2	2	2	2	2	2	1	1	2	2	1	1	1	1	2	2	2	2	1	1	1	1	2	2	2	2	2	2	1	1	1	1	2	2	1	1	2	2	1	1	1	1	1	1	1	1	1	1	1	1	2	2	1	1	1	1	1	1	2	2	1	1	2	2	1	1	2	2	2	2	2	2	2	2	1	1	1	1	2	2	1	1	1	1	1	1	2	2	1	1	2	2	1	1	1	1	2	2	1	1	1	1	1	1	1	1	1	1	1	1	2	2	1	1	2	2	2	2	1	1	1	1	1	1	2	2	2	2	2	2	2	2	2	2	2	2	2	2	2	2	2	2	2	2	2	2	2	2	4	4	1	1	2	2	1	1	2	2	2	2	2	2	1	1	2	2	1	1	1	1	2	2	2	2	2	2	1	1	3	3	3	3	1	1	2	2
IND0081	2	2	1	1	2	2	2	2	2	2	1	1	1	1	1	1	1	1	2	2	1	1	1	1	1	1	2	2	4	4	1	1	2	2	1	1	2	2	1	1	2	2	1	1	1	1	2	2	2	2	1	1	2	2	2	2	1	1	2	2	2	2	1	1	1	1	2	2	2	2	4	4	2	2	1	1	2	2	2	2	2	2	4	4	1	1	2	2	2	2	1	1	1	1	1	1	1	1	2	2	2	2	2	2	1	1	1	1	1	1	1	1	1	1	2	2	2	2	1	1	1	1	1	1	1	1	2	2	2	2	2	2	2	2	1	1	2	2	2	2	1	1	1	1	1	1	1	1	1	1	1	1	1	1	2	2	1	1	1	1	1	1	2	2	2	2	1	1	1	1	2	2	1	1	2	2	1	1	2	2	1	1	1	1	2	2	1	1	2	2	2	2	1	1	1	1	2	2	2	2	1	1	1	1	2	2	1	1	1	1	2	2	1	1	1	1	1	1	1	1	2	2	1	1	1	1	2	2	1	1	2	2	2	2	1	1	1	1	2	2	2	2	2	2	1	1	2	2	1	1	2	2	2	2	2	2	2	2	2	2	2	2	1	1	2	2	2	2	2	2	1	1	1	1	1	1	2	2	2	2	2	2	1	1	2	2	2	2	2	2	1	1	2	2	1	1	2	2	2	2	1	1	2	2	2	2	1	1	2	2	2	2	1	1	2	2	1	1	2	2	2	2	1	1	2	2	1	1	2	2	2	2	1	1	1	1	2	2	1	1	4	4	1	1	2	2	2	2	1	1	2	2	2	2	1	1	2	2	1	1	2	2	1	1	1	1	2	2	1	1	2	2	2	2	3	3	1	1	1	1
IND0082	1	1	1	1	1	1	2	2	2	2	1	1	1	1	2	2	1	1	2	2	1	1	1	1	1	1	2	2	1	1	1	1	1	1	2	2	2	2	1	1	1	1	1	1	1	1	2	2	1	1	2	2	1	1	1	1	1	1	2	2	1	1	2	2	2	2	2	2	1	1	1	1	1	1	2	2	2	2	2	2	4	4	4	4	2	2	2	2	2	2	2	2	1	1	1	1	2	2	1	1	1	1	1	1	2	2	2	2	2	2	1	1	2	2	1	1	2	2	2	2	1	1	1	1	1	1	1	1	1	1	1	1	1	1	1	1	1	1	1	1	2	2	2	2	1	1	1	1	1	1	2	2	2	2	1	1	1	1	1	1	1	1	1	1	2	2	1	1	2	2	2	2	2	2	2	2	1	1	1	1	1	1	1	1	1	1	1	1	1	1	1	1	2	2	1	1	2	2	1	1	2	2	2	2	2	2	2	2	1	1	1	1	1	1	1	1	1	1	2	2	1	1	1	1	1	1	2	2	1	1	2	2	1	1	2	2	2	2	2	2	1	1	1	1	2	2	2	2	1	1	1	1	2	2	1	1	2	2	2	2	1	1	2	2	1	1	1	1	1	1	1	1	2	2	2	2	2	2	2	2	1	1	1	1	1	1	1	1	2	2	1	1	1	1	2	2	1	1	2	2	1	1	2	2	1	1	2	2	2	2	1	1	1	1	2	2	2	2	1	1	2	2	2	2	2	2	1	1	1	1	1	1	2	2	1	1	1	1	1	1	4	4	2	2	2	2	2	2	2	2	1	1	2	2	2	2	1	1	1	1	1	1	1	1	1	1	2	2	2	2	1	1	1	1	4	4	1	1	1	1
IND0083	1	1	1	1	1	1	1	1	1	1	1	1	1	1	2	2	2	2	1	1	2	2	1	1	2	2	2	2	3	3	1	1	1	1	1	1	2	2	2	2	1	1	2	2	1	1	2	2	2	2	1	1	2	2	2	2	2	2	2	2	1	1	1	1	2	2	2	2	3	3	3	3	1	1	2	2	1	1	2	2	3	3	1	1	1	1	2	2	1	1	1	1	1	1	1	1	2	2	1	1	2	2	2	2	1	1	2	2	2	2	2	2	2	2	1	1	1	1	2	2	1	1	2	2	1	1	2	2	2	2	2	2	1	1	1	1	1	1	2	2	1	1	1	1	2	2	1	1	2	2	1	1	1	1	2	2	2	2	2	2	2	2	1	1	1	1	1	1	2	2	1	1	1	1	1	1	1	1	1	1	2	2	1	1	1	1	1	1	2	2	2	2	1	1	2	2	2	2	2	2	1	1	2	2	2	2	2	2	2	2	1	1	1	1	2	2	1	1	1	1	1	1	2	2	2	2	1	1	2	2	1	1	2	2	1	1	2	2	2	2	1	1	2	2	1	1	1	1	1	1	1	1	2	2	2	2	2	2	1	1	1	1	1	1	1	1	1	1	1	1	1	1	1	1	2	2	2	2	2	2	2	2	1	1	2	2	1	1	1	1	2	2	2	2	1	1	1	1	2	2	1	1	2	2	1	1	2	2	2	2	2	2	2	2	2	2	2	2	1	1	1	1	2	2	1	1	2	2	2	2	2	2	2	2	2	2	2	2	2	2	2	2	3	3	1	1	1	1	1	1	1	1	2	2	1	1	1	1	2	2	1	1	2	2	1	1	1	1	1	1	1	1	1	1	4	4	2	2	1	1
IND0084	2	2	2	2	1	1	2	2	2	2	1	1	1	1	1	1	1	1	1	1	2	2	2	2	1	1	1	1	4	4	1	1	1	1	2	2	2	2	2	2	1	1	1	1	2	2	2	2	1	1	1	1	2	2	2	2	1	1	2	2	1	1	1	1	1	1	1	1	3	3	1	1	1	1	2	2	2	2	2	2	1	1	1	1	2	2	1	1	1	1	2	2	1	1	2	2	2	2	2	2	1	1	2	2	2	2	1	1	1	1	2	2	2	2	1	1	1	1	2	2	2	2	1	1	1	1	1	1	1	1	1	1	2	2	1	1	1	1	1	1	2	2	2	2	1	1	1	1	1	1	2	2	1	1	1	1	1	1	2	2	2	2	1	1	1	1	1	1	2	2	2	2	1	1	2	2	2	2	1	1	2	2	2	2	2	2	2	2	2	2	2	2	2	2	2	2	2	2	1	1	2	2	1	1	2	2	2	2	2	2	1	1	1	1	1	1	2	2	2	2	1	1	2	2	2	2	2	2	2	2	1	1	1	1	2	2	2	2	2	2	2	2	1	1	2	2	1	1	1	1	1	1	1	1	2	2	2	2	1	1	2	2	2	2	1	1	1	1	2	2	1	1	1	1	1	1	2	2	2	2	1	1	1	1	2	2	2	2	2	2	2	2	1	1	1	1	1	1	1	1	2	2	1	1	1	1	2	2	2	2	2	2	2	2	1	1	1	1	1	1	1	1	2	2	1	1	2	2	2	2	1	1	2	2	2	2	1	1	2	2	3	3	2	2	2	2	2	2	1	1	2	2	1	1	1	1	1	1	2	2	1	1	2	2	1	1	2	2	2	2	1	1	4	4	1	1	2	2	2	2
IND0085	2	2	2	2	1	1	1	1	2	2	2	2	1	1	1	1	2	2	2	2	1	1	1	1	2	2	1	1	4	4	3	3	2	2	2	2	2	2	1	1	1	1	2	2	2	2	2	2	2	2	1	1	2	2	1	1	2	2	2	2	1	1	2	2	2	2	1	1	3	3	1	1	1	1	1	1	1	1	1	1	3	3	2	2	1	1	1	1	2	2	2	2	1	1	2	2	2	2	2	2	1	1	2	2	2	2	1	1	1	1	1	1	2	2	2	2	1	1	2	2	1	1	1	1	1	1	1	1	2	2	1	1	1	1	1	1	1	1	1	1	1	1	1	1	2	2	2	2	2	2	1	1	2	2	2	2	1	1	1	1	2	2	2	2	2	2	2	2	1	1	2	2	1	1	1	1	2	2	1	1	1	1	1	1	2	2	2	2	1	1	2	2	2	2	1	1	1	1	2	2	1	1	2	2	1	1	1	1	2	2	2	2	1	1	1	1	2	2	2	2	1	1	2	2	1	1	2	2	2	2	1	1	2	2	2	2	1	1	1	1	2	2	2	2	2	2	1	1	1	1	1	1	2	2	1	1	1	1	2	2	1	1	2	2	2	2	2	2	1	1	2	2	2	2	2	2	2	2	1	1	1	1	2	2	1	1	2	2	1	1	2	2	1	1	2	2	1	1	2	2	1	1	2	2	2	2	1	1	2	2	2	2	2	2	2	2	1	1	2	2	2	2	2	2	1	1	2	2	2	2	2	2	2	2	1	1	2	2	2	2	4	4	1	1	1	1	1	1	2	2	2	2	2	2	2	2	2	2	2	2	1	1	2	2	2	2	1	1	2	2	2	2	2	2	3	3	2	2	2	2
IND0086	2	2	2	2	1	1	1	1	2	2	2	2	2	2	2	2	1	1	2	2	1	1	2	2	2	2	2	2	2	2	3	3	2	2	1	1	2	2	1	1	1	1	1	1	1	1	2	2	2	2	1	1	2	2	2	2	2	2	1	1	1	1	1	1	2	2	2	2	1	1	4	4	1	1	1	1	2	2	2	2	1	1	4	4	1	1	1	1	2	2	1	1	1	1	1	1	2	2	1	1	2	2	1	1	2	2	2	2	2	2	2	2	1	1	2	2	2	2	1	1	1	1	1	1	2	2	2	2	2	2	1	1	2	2	1	1	1	1	2	2	1	1	2	2	2	2	1	1	2	2	2	2	1	1	2	2	1	1	1	1	1	1	2	2	2	2	1	1	2	2	2	2	1	1	2	2	2	2	1	1	2	2	2	2	1	1	1	1	2	2	1	1	1	1	2	2	2	2	2	2	1	1	1	1	1	1	1	1	2	2	1	1	2	2	2	2	1	1	2	2	1	1	1	1	2	2	2	2	1	1	2	2	1	1	1	1	1	1	1	1	1	1	1	1	2	2	2	2	1	1	2	2	2	2	2	2	1	1	1	1	1	1	2	2	1	1	1	1	1	1	2	2	2	2	2	2	2	2	1	1	1	1	2	2	2	2	2	2	2	2	1	1	1	1	2	2	2	2	2	2	2	2	2	2	2	2	2	2	2	2	1	1	1	1	1	1	2	2	2	2	1	1	1	1	2	2	2	2	2	2	2	2	1	1	2	2	1	1	1	1	4	4	4	4	2	2	2	2	2	2	2	2	2	2	1	1	1	1	2	2	2	2	1	1	1	1	1	1	2	2	2	2	4	4	4	4	1	1	2	2
IND0087	1	1	2	2	2	2	1	1	1	1	2	2	1	1	1	1	2	2	2	2	2	2	1	1	2	2	2	2	1	1	4	4	2	2	1	1	2	2	2	2	2	2	1	1	2	2	2	2	1	1	2	2	2	2	2	2	2	2	2	2	1	1	1	1	1	1	2	2	4	4	4	4	2	2	2	2	1	1	2	2	3	3	3	3	1	1	1	1	2	2	2	2	1	1	2	2	1	1	1	1	2	2	2	2	1	1	1	1	2	2	1	1	2	2	1	1	1	1	2	2	1	1	2	2	1	1	1	1	1	1	1	1	1	1	1	1	1	1	2	2	2	2	1	1	1	1	1	1	1	1	1	1	2	2	1	1	1	1	1	1	2	2	1	1	2	2	1	1	1	1	1	1	2	2	1	1	1	1	2	2	1	1	1	1	1	1	2	2	1	1	1	1	2	2	2	2	2	2	1	1	1	1	1	1	1	1	2	2	1	1	1	1	1	1	2	2	1	1	2	2	2	2	2	2	1	1	2	2	1	1	2	2	1	1	2	2	2	2	2	2	1	1	2	2	2	2	2	2	1	1	1	1	1	1	2	2	2	2	2	2	1	1	2	2	2	2	1	1	2	2	2	2	1	1	2	2	2	2	1	1	2	2	1	1	2	2	2	2	2	2	1	1	1	1	1	1	1	1	2	2	1	1	1	1	2	2	1	1	2	2	2	2	1	1	2	2	2	2	2	2	1	1	2	2	2	2	1	1	1	1	2	2	2	2	2	2	1	1	2	2	4	4	3	3	1	1	1	1	2	2	2	2	1	1	2	2	1	1	2	2	1	1	2	2	1	1	2	2	2	2	1	1	4	4	3	3	1	1	2	2
IND0088	1	1	1	1	1	1	2	2	1	1	1	1	1	1	2	2	2	2	1	1	1	1	2	2	1	1	2	2	2	2	4	4	1	1	2	2	1	1	1	1	2	2	2	2	1	1	2	2	2	2	2	2	1	1	2	2	2	2	2	2	2	2	2	2	1	1	2	2	4	4	3	3	1	1	1	1	2	2	2	2	4	4	2	2	1	1	2	2	1	1	2	2	2	2	1	1	1	1	1	1	2	2	1	1	2	2	1	1	1	1	2	2	1	1	1	1	1	1	1	1	1	1	2	2	1	1	1	1	1	1	1	1	2	2	2	2	1	1	1	1	2	2	2	2	1	1	1	1	2	2	1	1	1	1	2	2	1	1	2	2	2	2	1	1	2	2	2	2	1	1	2	2	1	1	2	2	1	1	2	2	1	1	1	1	1	1	2	2	1	1	2	2	2	2	1	1	1	1	2	2	2	2	1	1	2	2	2	2	2	2	1	1	2	2	2	2	1	1	2	2	2	2	1	1	1	1	1	1	1	1	2	2	1	1	1	1	1	1	2	2	1	1	1	1	2	2	2	2	2	2	1	1	2	2	1	1	2	2	1	1	2	2	2	2	2	2	2	2	1	1	1	1	2	2	1	1	2	2	1	1	2	2	1	1	1	1	2	2	2	2	1	1	2	2	2	2	2	2	2	2	1	1	2	2	2	2	2	2	1	1	2	2	2	2	2	2	1	1	2	2	1	1	2	2	1	1	2	2	1	1	2	2	2	2	1	1	2	2	1	1	4	4	4	4	2	2	1	1	2	2	1	1	2	2	2	2	1	1	2	2	2	2	1	1	2	2	2	2	1	1	1	1	2	2	3	3	1	1	2	2
IND0089	1	1	1	1	2	2	1	1	1	1	1	1	2	2	1	1	2	2	1	1	1	1	1	1	1	1	1	1	4	4	4	4	1	1	1	1	2	2	2	2	1	1	1	1	1	1	1	1	2	2	2	2	1	1	1	1	1	1	2	2	2	2	1	1	2	2	2	2	1	1	2	2	2	2	1	1	2	2	2	2	1	1	4	4	2	2	2	2	1	1	1	1	2	2	1	1	2	2	1	1	1	1	2	2	2	2	2	2	2	2	1	1	2	2	1	1	1	1	1	1	2	2	1	1	2	2	1	1	1	1	1	1	2	2	1	1	1	1	2	2	1	1	1	1	1	1	1	1	2	2	2	2	1	1	1	1	1	1	2	2	1	1	2	2	2	2	2	2	1	1	2	2	1	1	2	2	2	2	2	2	1	1	1	1	1	1	1	1	2	2	1	1	2	2	2	2	2	2	2	2	1	1	1	1	1	1	1	1	1	1	2	2	1	1	1	1	1	1	1	1	1	1	2	2	2	2	1	1	2	2	2	2	2	2	1	1	1	1	2	2	1	1	2	2	1	1	2	2	1	1	1	1	1	1	2	2	1	1	1	1	2	2	1	1	2	2	2	2	2	2	2	2	2	2	1	1	1	1	1	1	2	2	2	2	1	1	1	1	2	2	1	1	1	1	2	2	2	2	1	1	2	2	2	2	1	1	2	2	2	2	2	2	2	2	2	2	2	2	2	2	1	1	1	1	2	2	1	1	1	1	1	1	2	2	2	2	2	2	2	2	1	1	2	2	1	1	2	2	2	2	2	2	2	2	1	1	1	1	2	2	2	2	2	2	1	1	2	2	2	2	1	1	4	4	3	3	2	2	2	2
IND0090	1	1	1	1	1	1	2	2	1	1	2	2	1	1	2	2	2	2	1	1	1	1	1	1	2	2	1	1	4	4	1	1	2	2	1	1	1	1	1	1	1	1	1	1	1	1	2	2	2	2	2	2	1	1	2	2	1	1	1	1	2	2	1	1	1	1	1	1	3	3	2	2	1	1	1	1	2	2	1	1	4	4	2	2	1	1	1	1	1	1	2	2	2	2	2	2	1	1	1	1	1	1	1	1	2	2	2	2	2	2	1	1	2	2	2	2	2	2	2	2	2	2	2	2	1	1	1	1	2	2	1	1	1	1	2	2	1	1	1	1	2	2	2	2	1	1	2	2	2	2	2	2	2	2	1	1	2	2	1	1	1	1	1	1	1	1	2	2	1	1	2	2	1	1	2	2	1	1	1	1	2	2	1	1	1	1	2	2	2	2	1	1	1	1	1	1	1	1	1	1	1	1	2	2	2	2	2	2	1	1	2	2	1	1	1	1	2	2	1	1	1	1	1	1	2	2	2	2	1	1	2	2	2	2	2	2	2	2	1	1	1	1	1	1	2	2	2	2	2	2	1	1	2	2	2	2	2	2	1	1	2	2	1	1	2	2	1	1	1	1	2	2	2	2	1	1	1	1	1	1	2	2	1	1	2	2	1	1	2	2	1	1	1	1	2	2	2	2	2	2	2	2	2	2	2	2	2	2	2	2	2	2	1	1	2	2	1	1	2	2	2	2	2	2	2	2	1	1	2	2	2	2	1	1	1	1	2	2	1	1	3	3	3	3	2	2	2	2	1	1	1	1	1	1	1	1	1	1	1	1	2	2	2	2	1	1	2	2	2	2	1	1	2	2	2	2	2	2	2	2
IND0091	1	1	2	2	2	2	1	1	1	1	1	1	1	1	1	1	2	2	1	1	1	1	2	2	1	1	2	2	1	1	3	3	2	2	2	2	1	1	2	2	1	1	1	1	2	2	2	2	1	1	2	2	2	2	2	2	1	1	1	1	1	1	1	1	1	1	1	1	1	1	2	2	1	1	1	1	2	2	2	2	3	3	2	2	1	1	2	2	1	1	1	1	1	1	1	1	1	1	2	2	2	2	2	2	2	2	2	2	2	2	2	2	1	1	2	2	1	1	1	1	1	1	2	2	1	1	2	2	2	2	2	2	1	1	1	1	2	2	1	1	2	2	2	2	1	1	2	2	2	2	2	2	2	2	2	2	1	1	1	1	1	1	1	1	1	1	1	1	2	2	2	2	1	1	1	1	1	1	2	2	1	1	2	2	2	2	1	1	1	1	2	2	1	1	2	2	2	2	2	2	1	1	1	1	2	2	1	1	1	1	1	1	1	1	1	1	2	2	1	1	2	2	1	1	2	2	2	2	1	1	1	1	2	2	1	1	1	1	2	2	1	1	1	1	2	2	1	1	2	2	1	1	1	1	2	2	1	1	2	2	2	2	2	2	2	2	2	2	1	1	1	1	1	1	1	1	2	2	2	2	1	1	1	1	2	2	1	1	2	2	1	1	1	1	1	1	1	1	2	2	2	2	2	2	1	1	1	1	1	1	2	2	1	1	2	2	2	2	1	1	1	1	2	2	2	2	1	1	2	2	2	2	2	2	1	1	1	1	2	2	3	3	1	1	2	2	1	1	1	1	2	2	1	1	1	1	1	1	1	1	1	1	2	2	1	1	1	1	2	2	1	1	2	2	3	3	2	2	1	1
IND0092	2	2	2	2	1	1	1	1	2	2	1	1	1	1	2	2	1	1	2	2	1	1	1	1	1	1	1	1	3	3	2	2	2	2	2	2	1	1	2	2	2	2	1	1	1	1	1	1	2	2	2	2	2	2	2	2	2	2	2	2	2	2	2	2	1	1	2	2	1	1	3	3	2	2	1	1	1	1	1	1	3	3	2	2	1	1	2	2	2	2	1	1	1	1	1	1	1	1	2	2	2	2	1	1	1	1	2	2	2	2	2	2	2	2	2	2	1	1	1	1	1	1	2	2	1	1	1	1	2	2	2	2	1	1	2	2	2	2	2	2	2	2	2	2	2	2	2	2	1	1	1	1	2	2	2	2	2	2	2	2	2	2	2	2	1	1	2	2	1	1	1	1	1	1	2	2	2	2	2	2	2	2	2	2	1	1	2	2	2	2	1	1	2	2	2	2	1	1	1	1	2	2	2	2	2	2	2	2	2	2	1	1	2	2	1	1	1	1	2	2	1	1	2	2	2	2	1	1	1	1	2	2	2	2	2	2	2	2	2	2	2	2	1	1	2	2	1	1	2	2	1	1	2	2	1	1	2	2	2	2	1	1	2	2	2	2	1	1	1	1	2	2	2	2	1	1	1	1	2	2	2	2	2	2	1	1	1	1	1	1	2	2	1	1	1	1	1	1	2	2	2	2	2	2	2	2	2	2	2	2	2	2	1	1	1	1	1	1	1	1	2	2	1	1	2	2	1	1	1	1	2	2	2	2	1	1	1	1	1	1	2	2	3	3	1	1	1	1	2	2	1	1	2	2	2	2	1	1	1	1	1	1	2	2	1	1	1	1	1	1	1	1	4	4	4	4	2	2	1	1
IND0093	2	2	2	2	2	2	2	2	2	2	2	2	1	1	1	1	2	2	1	1	1	1	2	2	1	1	1	1	2	2	2	2	1	1	2	2	1	1	2	2	1	1	1	1	1	1	2	2	2	2	2	2	2	2	1	1	1	1	1	1	1	1	1	1	2	2	1	1	2	2	4	4	2	2	2	2	1	1	1	1	1	1	4	4	1	1	1	1	1	1	2	2	2	2	1	1	1	1	1	1	1	1	1	1	1	1	1	1	2	2	2	2	1	1	2	2	1	1	1	1	1	1	2	2	1	1	1	1	2	2	2	2	2	2	2	2	2	2	2	2	2	2	1	1	2	2	2	2	2	2	1	1	2	2	2	2	1	1	1	1	2	2	2	2	2	2	1	1	1	1	1	1	1	1	1	1	1	1	1	1	1	1	2	2	1	1	2	2	1	1	1	1	1	1	2	2	1	1	1	1	2	2	2	2	2	2	2	2	2	2	2	2	2	2	2	2	1	1	1	1	2	2	2	2	1	1	2	2	1	1	1	1	2	2	2	2	1	1	1	1	2	2	1	1	1	1	2	2	2	2	2	2	1	1	2	2	1	1	1	1	1	1	2	2	2	2	2	2	1	1	2	2	1	1	2	2	1	1	1	1	2	2	2	2	1	1	2	2	1	1	1	1	1	1	1	1	1	1	2	2	2	2	1	1	2	2	1	1	1	1	2	2	1	1	2	2	2	2	1	1	1	1	2	2	1	1	1	1	1	1	2	2	2	2	2	2	1	1	1	1	2	2	3	3	1	1	2	2	2	2	2	2	1	1	1	1	2	2	2	2	2	2	1	1	2	2	1	1	1	1	2	2	3	3	1	1	1	1	1	1
IND0094	1	1	1	1	2	2	1	1	2	2	1	1	2	2	1	1	2	2	2	2	1	1	2	2	2	2	1	1	1	1	3	3	2	2	2	2	2	2	1	1	2	2	1	1	2	2	1	1	1	1	1	1	1	1	1	1	1	1	1	1	2	2	2	2	2	2	2	2	1	1	4	4	2	2	1	1	2	2	1	1	2	2	2	2	1	1	1	1	1	1	2	2	2	2	2	2	1	1	1	1	2	2	1	1	2	2	2	2	2	2	1	1	1	1	2	2	2	2	2	2	2	2	2	2	1	1	1	1	1	1	1	1	1	1	2	2	1	1	1	1	1	1	1	1	1	1	1	1	1	1	2	2	2	2	2	2	1	1	1	1	1	1	2	2	2	2	2	2	1	1	2	2	2	2	1	1	2	2	2	2	1	1	1	1	1	1	1	1	1	1	2	2	1	1	1	1	2	2	2	2	1	1	1	1	1	1	2	2	1	1	2	2	2	2	1	1	2	2	2	2	1	1	2	2	2	2	2	2	1	1	2	2	2	2	1	1	2	2	2	2	1	1	1	1	2	2	1	1	1	1	2	2	2	2	2	2	1	1	1	1	1	1	1	1	2	2	1	1	2	2	1	1	1	1	1	1	1	1	2	2	1	1	1	1	1	1	1	1	1	1	1	1	2	2	1	1	1	1	2	2	2	2	2	2	1	1	1	1	1	1	1	1	2	2	2	2	1	1	1	1	1	1	2	2	2	2	2	2	2	2	1	1	2	2	2	2	1	1	1	1	4	4	2	2	1	1	1	1	1	1	2	2	1	1	2	2	1	1	2	2	2	2	1	1	1	1	1	1	2	2	1	1	4	4	3	3	1	1	1	1
IND0095	1	1	1	1	2	2	2	2	1	1	2	2	1	1	2	2	2	2	1	1	2	2	2	2	1	1	2	2	1	1	1	1	2	2	2	2	2	2	2	2	1	1	1	1	2	2	2	2	2	2	2	2	1	1	2	2	1	1	2	2	1	1	2	2	1	1	1	1	1	1	1	1	2	2	2	2	1	1	2	2	3	3	3	3	1	1	1	1	2	2	2	2	1	1	2	2	2	2	1	1	1	1	1	1	2	2	2	2	1	1	1	1	1	1	2	2	1	1	1	1	2	2	1	1	1	1	1	1	2	2	2	2	2	2	1	1	1	1	2	2	2	2	1	1	1	1	1	1	2	2	1	1	1	1	2	2	2	2	2	2	1	1	1	1	2	2	1	1	1	1	2	2	2	2	2	2	1	1	1	1	2	2	2	2	2	2	1	1	1	1	2	2	2	2	2	2	2	2	1	1	1	1	1	1	1	1	1	1	2	2	1	1	1	1	2	2	2	2	1	1	2	2	1	1	2	2	1	1	1	1	1	1	2	2	2	2	1	1	2	2	2	2	1	1	1	1	1	1	2	2	1	1	2	2	1	1	1	1	2	2	2	2	2	2	1	1	2	2	1	1	2	2	1	1	1	1	1	1	1	1	2	2	1	1	2	2	2	2	1	1	1	1	2	2	1	1	1	1	1	1	2	2	1	1	1	1	1	1	1	1	1	1	1	1	1	1	2	2	2	2	1	1	1	1	1	1	2	2	1	1	2	2	2	2	1	1	2	2	2	2	2	2	2	2	2	2	1	1	2	2	1	1	1	1	2	2	1	1	2	2	2	2	1	1	1	1	2	2	1	1	2	2	1	1	2	2	1	1	2	2
IND0096	2	2	2	2	2	2	2	2	2	2	1	1	1	1	2	2	2	2	2	2	1	1	1	1	1	1	2	2	1	1	1	1	2	2	2	2	1	1	1	1	2	2	1	1	1	1	2	2	1	1	1	1	2	2	2	2	2	2	1	1	2	2	1	1	2	2	1	1	2	2	1	1	1	1	2	2	1	1	1	1	4	4	2	2	2	2	2	2	2	2	2	2	2	2	2	2	1	1	1	1	2	2	1	1	1	1	2	2	1	1	2	2	1	1	2	2	2	2	2	2	1	1	2	2	1	1	2	2	1	1	1	1	2	2	2	2	2	2	1	1	1	1	2	2	2	2	1	1	2	2	1	1	2	2	2	2	1	1	1	1	2	2	2	2	1	1	1	1	2	2	1	1	2	2	2	2	2	2	2	2	2	2	2	2	1	1	2	2	1	1	2	2	2	2	1	1	1	1	2	2	1	1	1	1	2	2	2	2	2	2	1	1	2	2	2	2	2	2	1	1	1	1	2	2	1	1	2	2	2	2	1	1	2	2	1	1	2	2	2	2	1	1	2	2	2	2	2	2	2	2	2	2	2	2	1	1	1	1	1	1	1	1	1	1	1	1	1	1	1	1	1	1	1	1	2	2	2	2	2	2	1	1	2	2	2	2	1	1	1	1	2	2	1	1	1	1	2	2	2	2	2	2	1	1	2	2	2	2	2	2	1	1	2	2	2	2	2	2	2	2	1	1	2	2	2	2	2	2	1	1	1	1	1	1	1	1	2	2	1	1	1	1	3	3	2	2	2	2	1	1	1	1	1	1	1	1	2	2	1	1	2	2	1	1	1	1	1	1	2	2	2	2	1	1	3	3	1	1	2	2
IND0097	2	2	1	1	1	1	1	1	1	1	1	1	2	2	2	2	2	2	2	2	2	2	1	1	2	2	2	2	2	2	4	4	2	2	2	2	2	2	2	2	2	2	1	1	1	1	2	2	2	2	2	2	1	1	2	2	2	2	2	2	2	2	1	1	2	2	1	1	2	2	2	2	1	1	1	1	2	2	1	1	2	2	1	1	1	1	2	2	2	2	1	1	1	1	1	1	1	1	2	2	2	2	1	1	2	2	1	1	1	1	1	1	2	2	1	1	1	1	2	2	2	2	2	2	1	1	2	2	2	2	1	1	2	2	1	1	2	2	1	1	2	2	2	2	1	1	1	1	1	1	1	1	1	1	1	1	1	1	1	1	1	1	2	2	1	1	2	2	1	1	2	2	1	1	2	2	2	2	1	1	1	1	2	2	1	1	2	2	2	2	1	1	2	2	2	2	1	1	2	2	2	2	2	2	2	2	2	2	1	1	1	1	2	2	2	2	1	1	2	2	1	1	1	1	2	2	2	2	2	2	2	2	1	1	1	1	1	1	1	1	1	1	1	1	1	1	1	1	1	1	1	1	1	1	2	2	1	1	2	2	2	2	2	2	1	1	1	1	2	2	2	2	1	1	2	2	1	1	1	1	2	2	1	1	2	2	2	2	2	2	1	1	1	1	2	2	1	1	1	1	2	2	2	2	2	2	1	1	2	2	2	2	1	1	2	2	1	1	2	2	1	1	2	2	2	2	2	2	1	1	1	1	1	1	1	1	1	1	1	1	4	4	4	4	2	2	2	2	2	2	2	2	2	2	1	1	1	1	1	1	2	2	2	2	2	2	1	1	2	2	2	2	1	1	2	2	2	2	1	1
IND0098	2	2	2	2	1	1	2	2	2	2	1	1	1	1	1	1	1	1	2	2	1	1	1	1	1	1	2	2	3	3	1	1	2	2	2	2	1	1	2	2	2	2	2	2	1	1	1	1	2	2	2	2	1	1	2	2	1	1	2	2	1	1	1	1	1	1	1	1	1	1	4	4	1	1	2	2	1	1	1	1	3	3	1	1	1	1	1	1	1	1	2	2	1	1	1	1	1	1	1	1	1	1	2	2	1	1	2	2	2	2	2	2	1	1	1	1	2	2	1	1	1	1	1	1	1	1	2	2	2	2	2	2	2	2	2	2	1	1	1	1	2	2	2	2	2	2	1	1	2	2	2	2	1	1	1	1	1	1	2	2	1	1	1	1	2	2	1	1	2	2	1	1	1	1	1	1	1	1	1	1	2	2	2	2	2	2	2	2	2	2	2	2	1	1	1	1	1	1	1	1	1	1	2	2	2	2	2	2	1	1	2	2	1	1	1	1	1	1	2	2	1	1	2	2	2	2	2	2	1	1	1	1	2	2	2	2	2	2	1	1	2	2	2	2	2	2	2	2	1	1	1	1	2	2	2	2	1	1	2	2	2	2	1	1	2	2	2	2	1	1	1	1	1	1	2	2	1	1	2	2	1	1	2	2	1	1	2	2	1	1	2	2	2	2	1	1	2	2	1	1	2	2	1	1	1	1	1	1	1	1	1	1	1	1	2	2	1	1	2	2	2	2	2	2	2	2	1	1	1	1	1	1	2	2	2	2	1	1	2	2	1	1	4	4	1	1	1	1	2	2	2	2	2	2	2	2	1	1	1	1	1	1	1	1	1	1	1	1	1	1	1	1	1	1	3	3	1	1	1	1
IND0099	1	1	2	2	2	2	2	2	2	2	1	1	1	1	1	1	2	2	1	1	2	2	1	1	1	1	2	2	4	4	4	4	2	2	1	1	1	1	1	1	2	2	2	2	1	1	2	2	1	1	1	1	2	2	2	2	2	2	2	2	1	1	2	2	1	1	2	2	3	3	1	1	2	2	2	2	1	1	2	2	4	4	4	4	1	1	2	2	1	1	2	2	1	1	2	2	1	1	1	1	1	1	2	2	2	2	1	1	1	1	1	1	1	1	2	2	2	2	2	2	1	1	2	2	2	2	2	2	1	1	2	2	2	2	2	2	2	2	2	2	1	1	2	2	2	2	1	1	1	1	2	2	1	1	1	1	2	2	2	2	2	2	2	2	2	2	2	2	1	1	2	2	1	1	1	1	1	1	2	2	2	2	2	2	2	2	2	2	2	2	2	2	2	2	2	2	2	2	1	1	2	2	1	1	1	1	2	2	2	2	1	1	1	1	2	2	2	2	1	1	1	1	1	1	2	2	1	1	1	1	2	2	1	1	2	2	1	1	1	1	2	2	1	1	2	2	2	2	1	1	1	1	1	1	1	1	1	1	1	1	1	1	2	2	1	1	1	1	1	1	2	2	2	2	1	1	2	2	2	2	1	1	1	1	2	2	1	1	2	2	1	1	1	1	2	2	2	2	1	1	1	1	2	2	1	1	2	2	2	2	1	1	1	1	1	1	2	2	2	2	2	2	1	1	1	1	2	2	1	1	1	1	1	1	2	2	2	2	2	2	1	1	3	3	1	1	2	2	1	1	2	2	2	2	1	1	2	2	2	2	1	1	2	2	1	1	1	1	2	2	2	2	4	4	3	3	2	2	1	1
IND0100	2	2	2	2	2	2	2	2	2	2	2	2	2	2	1	1	1	1	2	2	2	2	1	1	1	1	2	2	4	4	1	1	2	2	2	2	1	1	1	1	1	1	2	2	1	1	2	2	2	2	2	2	1	1	2	2	1	1	1	1	2	2	2	2	1	1	2	2	2	2	4	4	2	2	1	1	1	1	2	2	3	3	2	2	2	2	2	2	2	2	1	1	2	2	2	2	1	1	2	2	1	1	2	2	1	1	1	1	2	2	1	1	1	1	1	1	2	2	1	1	2	2	1	1	2	2	2	2	1	1	1	1	1	1	1	1	2	2	2	2	1	1	2	2	2	2	2	2	2	2	2	2	2	2	2	2	1	1	1	1	1	1	2	2	1	1	1	1	1	1	1	1	1	1	2	2	2	2	1	1	1	1	2	2	2	2	1	1	2	2	2	2	2	2	2	2	2	2	1	1	2	2	1	1	1	1	1	1	1	1	2	2	2	2	1	1	2	2	1	1	2	2	1	1	1	1	2	2	2	2	2	2	2	2	1	1	2	2	2	2	1	1	1	1	1	1	2	2	1	1	2	2	2	2	1	1	2	2	1	1	1	1	1	1	1	1	1	1	2	2	1	1	1	1	1	1	1	1	1	1	1	1	1	1	1	1	1	1	1	1	1	1	1	1	1	1	2	2	2	2	2	2	1	1	1	1	2	2	2	2	1	1	1	1	1	1	1	1	2	2	2	2	1	1	2	2	1	1	2	2	2	2	1	1	2	2	1	1	2	2	1	1	4	4	1	1	1	1	1	1	2	2	1	1	2	2	2	2	1	1	1	1	1	1	2	2	2	2	1	1	1	1	2	2	3	3	2	2	1	1
IND0101	2	2	2	2	1	1	1	1	1	1	2	2	1	1	2	2	2	2	1	1	1	1	1	1	1	1	2	2	4	4	1	1	2	2	1	1	2	2	2	2	2	2	1	1	2	2	2	2	2	2	1	1	2	2	1	1	1	1	1	1	2	2	2	2	1	1	1	1	2	2	2	2	2	2	2	2	1	1	2	2	1	1	2	2	2	2	2	2	2	2	2	2	1	1	1	1	2	2	2	2	2	2	1	1	2	2	1	1	1	1	2	2	1	1	2	2	1	1	1	1	2	2	2	2	1	1	2	2	1	1	1	1	2	2	2	2	1	1	2	2	1	1	2	2	2	2	2	2	2	2	1	1	1	1	2	2	1	1	2	2	1	1	1	1	2	2	1	1	1	1	2	2	2	2	1	1	2	2	1	1	1	1	1	1	2	2	1	1	2	2	2	2	2	2	2	2	2	2	2	2	1	1	1	1	2	2	1	1	1	1	2	2	1	1	1	1	1	1	1	1	2	2	1	1	1	1	1	1	1	1	1	1	1	1	2	2	2	2	2	2	2	2	1	1	2	2	2	2	2	2	1	1	1	1	1	1	2	2	2	2	1	1	2	2	1	1	2	2	1	1	1	1	2	2	2	2	2	2	1	1	1	1	1	1	1	1	1	1	1	1	2	2	2	2	1	1	2	2	1	1	1	1	1	1	1	1	2	2	2	2	2	2	2	2	2	2	1	1	2	2	2	2	2	2	1	1	1	1	1	1	2	2	2	2	2	2	1	1	2	2	4	4	4	4	2	2	2	2	1	1	2	2	1	1	1	1	1	1	1	1	1	1	2	2	2	2	1	1	1	1	2	2	4	4	4	4	2	2	1	1
IND0102	1	1	2	2	2	2	1	1	2	2	2	2	1	1	2	2	1	1	1	1	2	2	2	2	2	2	2	2	2	2	4	4	1	1	2	2	1	1	1	1	2	2	1	1	1	1	2	2	1	1	2	2	1	1	2	2	2	2	2	2	1	1	2	2	2	2	1	1	2	2	2	2	2	2	1	1	1	1	2	2	2	2	1	1	2	2	1	1	1	1	1	1	2	2	2	2	2	2	1	1	2	2	2	2	2	2	2	2	2	2	2	2	2	2	1	1	2	2	1	1	1	1	1	1	1	1	2	2	2	2	2	2	1	1	2	2	2	2	1	1	2	2	2	2	1	1	2	2	2	2	2	2	2	2	1	1	1	1	2	2	2	2	1	1	1	1	1	1	1	1	2	2	1	1	1	1	2	2	2	2	2	2	2	2	2	2	2	2	2	2	1	1	2	2	1	1	1	1	2	2	2	2	1	1	2	2	1	1	2	2	1	1	2	2	2	2	1	1	1	1	1	1	2	2	2	2	2	2	2	2	2	2	2	2	2	2	1	1	2	2	1	1	1	1	2	2	1	1	2	2	1	1	2	2	1	1	1	1	1	1	2	2	2	2	2	2	1	1	2	2	2	2	1	1	1	1	2	2	1	1	2	2	2	2	2	2	1	1	2	2	1	1	2	2	2	2	2	2	2	2	1	1	1	1	2	2	1	1	1	1	2	2	2	2	1	1	1	1	2	2	1	1	1	1	1	1	2	2	1	1	1	1	1	1	1	1	2	2	2	2	4	4	3	3	1	1	1	1	2	2	2	2	1	1	2	2	2	2	1	1	2	2	2	2	1	1	2	2	2	2	2	2	1	1	4	4	2	2	1	1
IND0103	1	1	2	2	1	1	1	1	2	2	1	1	2	2	2	2	1	1	2	2	2	2	1	1	2	2	2	2	3	3	1	1	1	1	1	1	1	1	1	1	1	1	2	2	2	2	2	2	2	2	1	1	1	1	2	2	2	2	2	2	1	1	2	2	1	1	1	1	1	1	1	1	1	1	1	1	2	2	2	2	1	1	4	4	2	2	1	1	2	2	1	1	1	1	2	2	1	1	2	2	2	2	2	2	1	1	2	2	2	2	2	2	2	2	2	2	1	1	1	1	2	2	2	2	1	1	2	2	2	2	2	2	1	1	1	1	1	1	1	1	1	1	2	2	2	2	2	2	1	1	1	1	1	1	1	1	1	1	2	2	1	1	1	1	1	1	1	1	2	2	2	2	2	2	2	2	2	2	1	1	1	1	2	2	2	2	2	2	2	2	1	1	1	1	1	1	1	1	1	1	1	1	2	2	1	1	2	2	2	2	1	1	1	1	1	1	2	2	2	2	2	2	2	2	1	1	1	1	1	1	2	2	2	2	2	2	2	2	2	2	2	2	1	1	2	2	2	2	1	1	1	1	1	1	1	1	2	2	1	1	1	1	2	2	2	2	1	1	1	1	2	2	2	2	2	2	1	1	1	1	2	2	1	1	2	2	2	2	1	1	1	1	1	1	1	1	1	1	2	2	2	2	2	2	2	2	1	1	1	1	1	1	1	1	1	1	2	2	2	2	2	2	2	2	1	1	2	2	2	2	2	2	1	1	1	1	1	1	1	1	4	4	3	3	2	2	2	2	1	1	2	2	2	2	1	1	1	1	1	1	2	2	1	1	1	1	2	2	1	1	2	2	1	1	1	1	1	1	2	2
IND0104	1	1	1	1	2	2	1	1	1	1	1	1	1	1	1	1	2	2	1	1	2	2	2	2	2	2	2	2	4	4	2	2	1	1	1	1	2	2	2	2	1	1	1	1	2	2	2	2	1	1	1	1	1	1	1	1	2	2	1	1	1	1	2	2	2	2	2	2	2	2	3	3	2	2	2	2	2	2	2	2	2	2	3	3	2	2	1	1	1	1	2	2	1	1	2	2	1	1	1	1	1	1	2	2	1	1	2	2	2	2	2	2	2	2	1	1	2	2	1	1	1	1	2	2	2	2	2	2	2	2	2	2	1	1	1	1	2	2	2	2	1	1	1	1	2	2	1	1	2	2	2	2	1	1	1	1	2	2	1	1	1	1	2	2	1	1	1	1	2	2	1	1	1	1	2	2	2	2	1	1	2	2	2	2	2	2	1	1	2	2	1	1	1	1	1	1	2	2	2	2	2	2	1	1	2	2	2	2	2	2	1	1	2	2	2	2	2	2	1	1	1	1	1	1	1	1	2	2	1	1	2	2	1	1	2	2	2	2	2	2	1	1	1	1	2	2	1	1	2	2	1	1	2	2	2	2	1	1	1	1	2	2	1	1	2	2	2	2	1	1	1	1	2	2	2	2	1	1	1	1	2	2	1	1	1	1	2	2	2	2	2	2	1	1	2	2	2	2	1	1	1	1	2	2	2	2	1	1	1	1	2	2	1	1	1	1	2	2	1	1	1	1	2	2	1	1	1	1	2	2	2	2	2	2	2	2	2	2	2	2	4	4	4	4	2	2	2	2	2	2	1	1	1	1	1	1	1	1	2	2	2	2	1	1	2	2	2	2	2	2	2	2	1	1	2	2	1	1	2	2
IND0105	2	2	1	1	2	2	2	2	2	2	2	2	2	2	1	1	1	1	2	2	2	2	1	1	1	1	2	2	4	4	4	4	2	2	1	1	1	1	1	1	1	1	2	2	2	2	2	2	2	2	1	1	1	1	2	2	1	1	1	1	2	2	1	1	1	1	2	2	4	4	4	4	2	2	2	2	1	1	1	1	3	3	3	3	2	2	2	2	1	1	2	2	2	2	2	2	1	1	2	2	1	1	1	1	1	1	1	1	1	1	2	2	1	1	1	1	2	2	2	2	1	1	1	1	1	1	2	2	1	1	1	1	1	1	1	1	1	1	1	1	1	1	1	1	2	2	1	1	1	1	1	1	1	1	1	1	2	2	2	2	1	1	1	1	2	2	2	2	1	1	1	1	1	1	2	2	2	2	2	2	1	1	1	1	1	1	1	1	2	2	1	1	2	2	1	1	2	2	1	1	1	1	1	1	2	2	2	2	1	1	2	2	1	1	1	1	1	1	1	1	1	1	2	2	1	1	2	2	1	1	1	1	2	2	2	2	1	1	1	1	2	2	2	2	2	2	2	2	2	2	1	1	2	2	1	1	2	2	1	1	2	2	2	2	1	1	2	2	2	2	2	2	2	2	2	2	2	2	1	1	2	2	1	1	2	2	1	1	2	2	1	1	1	1	1	1	2	2	1	1	2	2	2	2	2	2	1	1	1	1	2	2	1	1	2	2	1	1	1	1	1	1	2	2	2	2	2	2	2	2	1	1	2	2	1	1	1	1	1	1	1	1	1	1	2	2	2	2	2	2	2	2	1	1	2	2	2	2	2	2	1	1	2	2	1	1	2	2	2	2	2	2	1	1	4	4	1	1	2	2
IND0106	1	1	2	2	1	1	1	1	1	1	2	2	2	2	2	2	2	2	2	2	2	2	2	2	2	2	2	2	3	3	2	2	1	1	1	1	2	2	2	2	1	1	2	2	2	2	1	1	1	1	2	2	2	2	1	1	2	2	2	2	1	1	1	1	1	1	2	2	3	3	3	3	1	1	2	2	1	1	1	1	4	4	4	4	1	1	2	2	2	2	1	1	1	1	2	2	2	2	1	1	1	1	1	1	1	1	2	2	1	1	1	1	2	2	1	1	2	2	1	1	2	2	2	2	1	1	2	2	2	2	2	2	1	1	2	2	1	1	2	2	2	2	1	1	1	1	1	1	2	2	1	1	1	1	2	2	1	1	1	1	2	2	2	2	2	2	2	2	2	2	1	1	1	1	1	1	1	1	1	1	1	1	2	2	1	1	1	1	2	2	2	2	2	2	1	1	1	1	1	1	2	2	1	1	2	2	2	2	2	2	2	2	2	2	2	2	2	2	2	2	1	1	2	2	1	1	2	2	2	2	1	1	2	2	2	2	2	2	2	2	2	2	2	2	2	2	1	1	2	2	2	2	1	1	2	2	1	1	1	1	1	1	1	1	1	1	1	1	2	2	1	1	1	1	1	1	1	1	2	2	2	2	2	2	1	1	2	2	2	2	1	1	2	2	2	2	1	1	1	1	2	2	1	1	1	1	1	1	2	2	1	1	2	2	2	2	1	1	1	1	1	1	1	1	2	2	2	2	2	2	2	2	1	1	2	2	2	2	1	1	3	3	1	1	2	2	2	2	1	1	1	1	2	2	1	1	2	2	1	1	2	2	1	1	1	1	1	1	2	2	1	1	1	1	3	3	1	1	2	2
IND0107	1	1	1	1	2	2	2	2	2	2	2	2	2	2	2	2	2	2	1	1	2	2	2	2	2	2	2	2	2	2	3	3	2	2	1	1	1	1	1	1	1	1	2	2	2	2	1	1	2	2	1	1	2	2	2	2	2	2	1	1	2	2	2	2	1	1	2	2	1	1	2	2	1	1	1	1	2	2	2	2	1	1	2	2	1	1	2	2	1	1	1	1	1	1	1	1	2	2	1	1	2	2	2	2	1	1	1	1	2	2	1	1	1	1	2	2	1	1	1	1	1	1	1	1	1	1	2	2	2	2	1	1	2	2	1	1	2	2	1	1	2	2	1	1	2	2	2	2	2	2	2	2	1	1	2	2	2	2	2	2	2	2	2	2	2	2	1	1	1	1	2	2	1	1	2	2	2	2	2	2	1	1	1	1	2	2	2	2	2	2	1	1	2	2	1	1	1	1	2	2	2	2	1	1	1	1	2	2	1	1	1	1	1	1	2	2	1	1	1	1	2	2	2	2	2	2	1	1	1	1	1	1	1	1	1	1	1	1	2	2	1	1	2	2	1	1	1	1	2	2	2	2	1	1	2	2	2	2	2	2	2	2	1	1	1	1	2	2	1	1	1	1	2	2	1	1	2	2	1	1	2	2	2	2	2	2	2	2	2	2	1	1	1	1	2	2	2	2	2	2	2	2	1	1	1	1	2	2	2	2	1	1	2	2	1	1	1	1	2	2	1	1	1	1	1	1	1	1	2	2	2	2	2	2	1	1	1	1	1	1	1	1	3	3	1	1	1	1	2	2	1	1	1	1	2	2	2	2	2	2	1	1	1	1	2	2	2	2	1	1	1	1	2	2	3	3	2	2	2	2
IND0108	2	2	1	1	1	1	1	1	1	1	1	1	1	1	2	2	1	1	2	2	2	2	2	2	2	2	2	2	4	4	3	3	1	1	1	1	2	2	1	1	2	2	2	2	1	1	2	2	2	2	1	1	2	2	1	1	2	2	2	2	1	1	2	2	1	1	1	1	1	1	1	1	2	2	2	2	1	1	2	2	1	1	3	3	2	2	2	2	1	1	2	2	1	1	2	2	2	2	1	1	1	1	1	1	2	2	1	1	1	1	1	1	2	2	1	1	2	2	1	1	2	2	2	2	1	1	1	1	2	2	1	1	2	2	2	2	2	2	1	1	2	2	1	1	1	1	1	1	1	1	1	1	1	1	1	1	1	1	2	2	2	2	2	2	2	2	2	2	1	1	1	1	2	2	2	2	1	1	1	1	1	1	1	1	1	1	1	1	1	1	2	2	1	1	1	1	1	1	2	2	2	2	2	2	2	2	2	2	2	2	2	2	1	1	2	2	1	1	1	1	1	1	1	1	2	2	2	2	2	2	2	2	2	2	2	2	2	2	1	1	1	1	2	2	1	1	1	1	1	1	2	2	2	2	1	1	2	2	2	2	1	1	2	2	2	2	1	1	2	2	2	2	1	1	2	2	2	2	2	2	1	1	2	2	2	2	1	1	1	1	2	2	2	2	2	2	1	1	1	1	1	1	1	1	1	1	1	1	2	2	1	1	1	1	1	1	2	2	1	1	1	1	2	2	1	1	2	2	2	2	1	1	2	2	2	2	1	1	1	1	2	2	4	4	2	2	2	2	1	1	1	1	2	2	1	1	2	2	1	1	2	2	2	2	2	2	2	2	1	1	1	1	1	1	2	2	1	1	1	1
IND0109	1	1	2	2	2	2	2	2	1	1	1	1	2	2	1	1	1	1	1	1	2	2	2	2	1	1	2	2	4	4	1	1	2	2	2	2	2	2	1	1	1	1	1	1	2	2	2	2	1	1	1	1	2	2	2	2	1	1	1	1	2	2	2	2	2	2	2	2	4	4	2	2	2	2	1	1	1	1	1	1	4	4	2	2	2	2	2	2	1	1	2	2	2	2	2	2	2	2	1	1	1	1	2	2	2	2	2	2	1	1	2	2	1	1	2	2	2	2	1	1	1	1	1	1	1	1	2	2	1	1	2	2	1	1	1	1	2	2	1	1	1	1	1	1	2	2	1	1	1	1	1	1	1	1	2	2	1	1	1	1	1	1	2	2	1	1	1	1	2	2	2	2	1	1	2	2	1	1	1	1	2	2	1	1	1	1	1	1	2	2	2	2	2	2	1	1	2	2	1	1	2	2	1	1	1	1	2	2	2	2	1	1	1	1	1	1	1	1	2	2	2	2	1	1	1	1	2	2	2	2	1	1	2	2	2	2	1	1	2	2	1	1	1	1	1	1	1	1	2	2	1	1	2	2	1	1	1	1	1	1	1	1	1	1	2	2	2	2	1	1	2	2	2	2	2	2	2	2	1	1	2	2	1	1	2	2	2	2	2	2	1	1	2	2	1	1	2	2	2	2	1	1	2	2	1	1	2	2	2	2	2	2	1	1	1	1	1	1	1	1	2	2	2	2	2	2	2	2	1	1	1	1	1	1	2	2	2	2	2	2	4	4	1	1	2	2	2	2	1	1	2	2	1	1	2	2	1	1	1	1	1	1	2	2	1	1	1	1	1	1	1	1	3	3	1	1	2	2	1	1
IND0110	1	1	1	1	1	1	2	2	1	1	1	1	1	1	1	1	2	2	2	2	2	2	2	2	1	1	1	1	3	3	2	2	2	2	2	2	1	1	2	2	1	1	1	1	1	1	1	1	1	1	1	1	2	2	2	2	1	1	1	1	2	2	2	2	1	1	1	1	1	1	3	3	2	2	1	1	1	1	1	1	4	4	3	3	1	1	2	2	2	2	2	2	1	1	2	2	2	2	1	1	2	2	2	2	2	2	2	2	2	2	2	2	1	1	2	2	2	2	2	2	1	1	2	2	2	2	1	1	1	1	1	1	2	2	2	2	1	1	1	1	1	1	1	1	1	1	2	2	2	2	2	2	2	2	1	1	2	2	2	2	1	1	1	1	2	2	2	2	2	2	1	1	2	2	2	2	1	1	2	2	2	2	1	1	2	2	2	2	2	2	2	2	2	2	1	1	2	2	1	1	1	1	2	2	1	1	1	1	1	1	2	2	2	2	2	2	2	2	2	2	1	1	1	1	2	2	1	1	1	1	1	1	1	1	2	2	2	2	2	2	2	2	1	1	2	2	1	1	2	2	2	2	2	2	2	2	1	1	1	1	1	1	2	2	1	1	2	2	2	2	1	1	1	1	2	2	2	2	2	2	1	1	1	1	1	1	2	2	2	2	2	2	2	2	1	1	1	1	2	2	1	1	1	1	2	2	2	2	1	1	1	1	2	2	1	1	2	2	2	2	2	2	2	2	1	1	1	1	2	2	1	1	2	2	2	2	2	2	2	2	4	4	2	2	2	2	2	2	1	1	2	2	1	1	2	2	1	1	1	1	1	1	2	2	2	2	1	1	2	2	2	2	2	2	1	1	1	1	2	2
IND0111	2	2	1	1	1	1	2	2	2	2	1	1	2	2	2	2	2	2	1	1	1	1	2	2	2	2	1	1	4	4	4	4	2	2	1	1	1	1	1	1	2	2	1	1	2	2	2	2	1	1	2	2	1	1	1	1	2	2	2	2	2	2	1	1	1	1	2	2	1	1	4	4	2	2	1	1	1	1	2	2	3	3	2	2	2	2	1	1	2	2	1	1	1	1	1	1	1	1	2	2	2	2	1	1	2	2	1	1	2	2	1	1	2	2	1	1	1	1	1	1	1	1	1	1	1	1	2	2	2	2	2	2	2	2	1	1	2	2	1	1	2	2	1	1	2	2	1	1	2	2	2	2	1	1	1	1	2	2	2	2	2	2	2	2	2	2	2	2	2	2	1	1	1	1	1	1	2	2	2	2	2	2	1	1	1	1	2	2	2	2	1	1	1	1	2	2	1	1	2	2	1	1	1	1	2	2	1	1	2	2	1	1	2	2	1	1	1	1	2	2	2	2	2	2	1	1	2	2	2	2	1	1	1	1	2	2	2	2	1	1	2	2	1	1	2	2	1	1	2	2	1	1	1	1	2	2	2	2	1	1	1	1	2	2	2	2	2	2	2	2	2	2	2	2	2	2	2	2	1	1	2	2	2	2	2	2	2	2	1	1	1	1	2	2	2	2	1	1	2	2	2	2	1	1	2	2	2	2	2	2	1	1	1	1	2	2	1	1	1	1	2	2	1	1	2	2	2	2	2	2	1	1	1	1	2	2	1	1	2	2	2	2	3	3	1	1	2	2	2	2	1	1	1	1	1	1	1	1	2	2	1	1	2	2	2	2	1	1	1	1	2	2	2	2	4	4	1	1	1	1
IND0112	2	2	1	1	1	1	2	2	1	1	1	1	1	1	1	1	2	2	2	2	1	1	1	1	1	1	1	1	3	3	1	1	1	1	1	1	1	1	2	2	2	2	2	2	1	1	1	1	1	1	1	1	1	1	1	1	2	2	2	2	2	2	2	2	2	2	2	2	2	2	1	1	2	2	2	2	1	1	2	2	2	2	1	1	2	2	2	2	2	2	2	2	2	2	2	2	2	2	2	2	2	2	2	2	2	2	2	2	2	2	1	1	2	2	1	1	1	1	2	2	2	2	1	1	2	2	2	2	1	1	1	1	1	1	1	1	1	1	2	2	1	1	2	2	2	2	2	2	1	1	2	2	1	1	2	2	1	1	1	1	1	1	2	2	2	2	1	1	1	1	2	2	2	2	1	1	2	2	1	1	1	1	1	1	1	1	1	1	1	1	2	2	1	1	1	1	2	2	1	1	1	1	1	1	2	2	1	1	1	1	1	1	1	1	1	1	2	2	2	2	1	1	2	2	1	1	2	2	1	1	1	1	1	1	1	1	2	2	2	2	2	2	2	2	1	1	1	1	1	1	1	1	2	2	1	1	2	2	1	1	1	1	2	2	2	2	1	1	1	1	1	1	1	1	2	2	2	2	2	2	1	1	2	2	1	1	1	1	2	2	2	2	1	1	2	2	2	2	1	1	2	2	2	2	2	2	2	2	1	1	1	1	1	1	1	1	2	2	2	2	1	1	2	2	2	2	1	1	2	2	1	1	2	2	2	2	1	1	2	2	3	3	4	4	2	2	1	1	2	2	1	1	2	2	1	1	2	2	2	2	2	2	2	2	1	1	1	1	1	1	1	1	1	1	2	2	2	2	1	1
IND0113	1	1	2	2	2	2	1	1	2	2	2	2	1	1	2	2	1	1	1	1	2	2	2	2	2	2	1	1	4	4	2	2	1	1	1	1	2	2	1	1	1	1	2	2	1	1	2	2	2	2	2	2	2	2	2	2	2	2	2	2	1	1	1	1	2	2	2	2	1	1	3	3	2	2	1	1	1	1	2	2	2	2	1	1	1	1	1	1	2	2	1	1	2	2	2	2	2	2	2	2	2	2	1	1	2	2	2	2	2	2	2	2	2	2	1	1	2	2	1	1	1	1	2	2	1	1	2	2	1	1	2	2	2	2	2	2	2	2	2	2	2	2	2	2	1	1	2	2	2	2	2	2	2	2	1	1	1	1	1	1	1	1	2	2	2	2	2	2	1	1	1	1	2	2	1	1	2	2	2	2	2	2	1	1	2	2	1	1	2	2	1	1	2	2	1	1	2	2	1	1	1	1	1	1	2	2	2	2	1	1	1	1	1	1	1	1	2	2	1	1	1	1	2	2	1	1	1	1	1	1	1	1	1	1	1	1	1	1	1	1	2	2	1	1	2	2	2	2	1	1	1	1	1	1	1	1	2	2	2	2	2	2	2	2	2	2	2	2	2	2	2	2	2	2	2	2	2	2	1	1	2	2	2	2	2	2	2	2	2	2	1	1	1	1	2	2	2	2	1	1	1	1	1	1	2	2	2	2	2	2	1	1	2	2	2	2	1	1	1	1	1	1	1	1	2	2	1	1	1	1	1	1	2	2	2	2	1	1	1	1	2	2	4	4	1	1	1	1	1	1	1	1	2	2	2	2	2	2	2	2	2	2	2	2	1	1	2	2	2	2	2	2	3	3	4	4	1	1	1	1
IND0114	1	1	2	2	1	1	1	1	2	2	1	1	1	1	2	2	2	2	2	2	2	2	1	1	1	1	1	1	1	1	1	1	2	2	1	1	1	1	2	2	2	2	1	1	2	2	1	1	1	1	2	2	2	2	1	1	1	1	1	1	1	1	1	1	1	1	2	2	4	4	2	2	2	2	1	1	2	2	1	1	2	2	4	4	1	1	2	2	2	2	2	2	2	2	1	1	2	2	1	1	1	1	1	1	1	1	1	1	1	1	1	1	2	2	1	1	1	1	2	2	2	2	2	2	1	1	2	2	2	2	2	2	1	1	1	1	1	1	2	2	2	2	2	2	2	2	1	1	2	2	2	2	1	1	2	2	2	2	2	2	1	1	1	1	1	1	1	1	2	2	2	2	1	1	2	2	1	1	1	1	2	2	2	2	2	2	1	1	1	1	2	2	2	2	2	2	2	2	2	2	2	2	2	2	2	2	2	2	2	2	1	1	2	2	2	2	1	1	1	1	2	2	1	1	1	1	2	2	2	2	1	1	2	2	2	2	2	2	2	2	2	2	1	1	2	2	2	2	2	2	2	2	2	2	1	1	1	1	1	1	1	1	1	1	1	1	2	2	1	1	2	2	1	1	2	2	2	2	1	1	2	2	2	2	1	1	1	1	2	2	2	2	1	1	2	2	2	2	1	1	2	2	1	1	2	2	2	2	1	1	2	2	1	1	1	1	2	2	2	2	2	2	2	2	2	2	2	2	2	2	1	1	2	2	1	1	1	1	2	2	1	1	3	3	1	1	1	1	2	2	1	1	2	2	2	2	1	1	2	2	2	2	2	2	2	2	2	2	1	1	1	1	3	3	3	3	2	2	2	2
IND0115	1	1	1	1	2	2	2	2	1	1	2	2	1	1	1	1	2	2	1	1	1	1	2	2	2	2	1	1	4	4	2	2	1	1	1	1	1	1	2	2	1	1	2	2	1	1	1	1	2	2	1	1	1	1	1	1	2	2	2	2	1	1	1	1	1	1	1	1	3	3	3	3	2	2	1	1	2	2	2	2	4	4	3	3	2	2	2	2	1	1	2	2	1	1	2	2	1	1	2	2	2	2	2	2	1	1	1	1	1	1	2	2	1	1	2	2	2	2	2	2	2	2	1	1	1	1	1	1	2	2	2	2	1	1	2	2	2	2	2	2	1	1	2	2	1	1	1	1	2	2	1	1	1	1	1	1	1	1	2	2	1	1	1	1	1	1	2	2	1	1	2	2	2	2	2	2	1	1	1	1	1	1	1	1	1	1	2	2	1	1	2	2	1	1	1	1	1	1	1	1	1	1	2	2	2	2	1	1	2	2	2	2	2	2	2	2	1	1	1	1	2	2	2	2	2	2	1	1	2	2	2	2	1	1	1	1	2	2	2	2	2	2	1	1	1	1	1	1	2	2	2	2	2	2	2	2	2	2	2	2	2	2	2	2	2	2	2	2	2	2	1	1	1	1	1	1	2	2	2	2	1	1	1	1	1	1	2	2	1	1	2	2	1	1	2	2	2	2	2	2	2	2	2	2	2	2	1	1	1	1	1	1	1	1	1	1	2	2	1	1	1	1	2	2	1	1	2	2	1	1	2	2	2	2	2	2	1	1	2	2	2	2	2	2	1	1	2	2	1	1	2	2	2	2	2	2	1	1	2	2	2	2	1	1	1	1	1	1	1	1	2	2	3	3	3	3	2	2	2	2
IND0116	2	2	2	2	2	2	1	1	1	1	1	1	2	2	1	1	1	1	2	2	2	2	2	2	2	2	2	2	1	1	4	4	1	1	1	1	2	2	1	1	2	2	1	1	2	2	1	1	2	2	1	1	1	1	2	2	2	2	1	1	1	1	2	2	1	1	1	1	4	4	1	1	2	2	2	2	1	1	2	2	2	2	4	4	1	1	2	2	2	2	1	1	1	1	1	1	2	2	2	2	1	1	2	2	1	1	1	1	1	1	1	1	1	1	1	1	1	1	2	2	1	1	1	1	2	2	1	1	2	2	2	2	2	2	2	2	1	1	2	2	1	1	2	2	1	1	1	1	1	1	2	2	1	1	1	1	2	2	2	2	2	2	1	1	1	1	1	1	2	2	2	2	1	1	2	2	1	1	2	2	2	2	2	2	1	1	2	2	1	1	2	2	1	1	1	1	1	1	1	1	2	2	1	1	1	1	2	2	1	1	2	2	1	1	1	1	1	1	2	2	1	1	1	1	1	1	2	2	1	1	2	2	1	1	2	2	1	1	1	1	1	1	2	2	1	1	2	2	1	1	2	2	1	1	2	2	1	1	2	2	2	2	1	1	2	2	1	1	1	1	2	2	2	2	1	1	1	1	1	1	2	2	1	1	2	2	1	1	2	2	2	2	1	1	2	2	2	2	1	1	1	1	2	2	2	2	2	2	1	1	1	1	2	2	1	1	1	1	1	1	1	1	2	2	1	1	2	2	2	2	1	1	2	2	1	1	2	2	1	1	2	2	1	1	1	1	2	2	1	1	2	2	2	2	2	2	1	1	1	1	2	2	2	2	1	1	1	1	1	1	2	2	1	1	2	2	1	1	2	2
IND0117	1	1	2	2	2	2	2	2	2	2	1	1	1	1	2	2	1	1	1	1	2	2	2	2	2	2	2	2	1	1	3	3	2	2	1	1	2	2	2	2	1	1	1	1	1	1	1	1	2	2	2	2	2	2	1	1	1	1	2	2	1	1	2	2	1	1	1	1	2	2	1	1	1	1	2	2	2	2	2	2	4	4	3	3	2	2	1	1	1	1	1	1	1	1	2	2	2	2	1	1	2	2	2	2	1	1	2	2	2	2	2	2	2	2	1	1	2	2	2	2	2	2	2	2	1	1	1	1	1	1	2	2	2	2	1	1	1	1	1	1	1	1	1	1	2	2	1	1	2	2	2	2	2	2	2	2	2	2	1	1	2	2	1	1	1	1	2	2	1	1	1	1	1	1	2	2	2	2	1	1	2	2	1	1	2	2	2	2	2	2	1	1	1	1	2	2	2	2	2	2	1	1	1	1	2	2	1	1	2	2	1	1	1	1	2	2	1	1	2	2	1	1	2	2	2	2	2	2	1	1	2	2	2	2	2	2	2	2	1	1	1	1	2	2	2	2	1	1	2	2	2	2	2	2	2	2	2	2	2	2	1	1	2	2	1	1	1	1	2	2	1	1	2	2	2	2	1	1	2	2	2	2	2	2	2	2	1	1	1	1	2	2	1	1	2	2	2	2	2	2	1	1	1	1	2	2	1	1	1	1	2	2	1	1	2	2	1	1	2	2	1	1	2	2	1	1	2	2	1	1	1	1	2	2	1	1	2	2	1	1	2	2	1	1	1	1	2	2	1	1	2	2	1	1	2	2	2	2	2	2	1	1	1	1	1	1	1	1	1	1	1	1	4	4	4	4	1	1	1	1
IND0118	2	2	1	1	1	1	2	2	1	1	2	2	2	2	2	2	1	1	1	1	1	1	2	2	1	1	1	1	3	3	1	1	2	2	2	2	1	1	1	1	1	1	1	1	2	2	1	1	1	1	1	1	2	2	2	2	1	1	1	1	2	2	1	1	2	2	1	1	3	3	3	3	1	1	1	1	2	2	1	1	2	2	3	3	1	1	1	1	1	1	1	1	1	1	1	1	1	1	2	2	2	2	2	2	2	2	1	1	1	1	1	1	1	1	1	1	2	2	1	1	2	2	1	1	2	2	2	2	1	1	2	2	2	2	1	1	1	1	1	1	2	2	2	2	1	1	1	1	2	2	1	1	2	2	2	2	2	2	2	2	1	1	1	1	1	1	1	1	1	1	2	2	2	2	1	1	2	2	2	2	2	2	1	1	1	1	2	2	1	1	2	2	2	2	2	2	2	2	1	1	2	2	2	2	1	1	2	2	2	2	1	1	2	2	1	1	1	1	1	1	1	1	1	1	1	1	1	1	2	2	1	1	1	1	2	2	1	1	1	1	1	1	1	1	2	2	1	1	1	1	2	2	1	1	1	1	1	1	1	1	1	1	2	2	2	2	1	1	1	1	2	2	1	1	2	2	1	1	2	2	2	2	1	1	1	1	2	2	1	1	2	2	2	2	2	2	2	2	2	2	1	1	2	2	1	1	2	2	1	1	2	2	2	2	1	1	2	2	2	2	2	2	2	2	2	2	1	1	2	2	2	2	2	2	1	1	2	2	1	1	3	3	3	3	1	1	2	2	1	1	2	2	1	1	2	2	2	2	2	2	1	1	2	2	1	1	2	2	2	2	1	1	3	3	4	4	2	2	1	1
IND0119	1	1	2	2	1	1	1	1	1	1	1	1	2	2	2	2	1	1	2	2	2	2	2	2	2	2	1	1	1	1	3	3	2	2	2	2	2	2	1	1	1	1	1	1	1	1	1	1	1	1	1	1	2	2	1	1	2	2	1	1	1	1	2	2	2	2	1	1	2	2	1	1	1	1	2	2	2	2	1	1	2	2	3	3	1	1	2	2	2	2	1	1	2	2	2	2	1	1	1	1	1	1	2	2	2	2	1	1	1	1	2	2	1	1	2	2	2	2	1	1	1	1	2	2	2	2	1	1	2	2	1	1	1	1	2	2	2	2	2	2	2	2	1	1	2	2	1	1	1	1	1	1	2	2	2	2	2	2	1	1	2	2	2	2	1	1	2	2	2	2	2	2	1	1	1	1	2	2	2	2	1	1	2	2	2	2	1	1	1	1	2	2	1	1	2	2	1	1	1	1	1	1	1	1	1	1	1	1	2	2	2	2	2	2	2	2	2	2	2	2	1	1	1	1	2	2	2	2	2	2	1	1	2	2	1	1	1	1	1	1	1	1	1	1	1	1	2	2	2	2	2	2	1	1	2	2	1	1	1	1	2	2	2	2	1	1	1	1	1	1	1	1	1	1	2	2	2	2	1	1	1	1	2	2	1	1	1	1	1	1	1	1	1	1	1	1	1	1	1	1	1	1	1	1	2	2	2	2	2	2	2	2	1	1	2	2	2	2	2	2	2	2	1	1	1	1	1	1	1	1	1	1	2	2	2	2	2	2	1	1	1	1	2	2	2	2	2	2	1	1	1	1	1	1	1	1	2	2	1	1	1	1	1	1	2	2	2	2	2	2	1	1	4	4	1	1	1	1	1	1
IND0120	1	1	1	1	1	1	1	1	2	2	2	2	1	1	2	2	1	1	2	2	1	1	2	2	1	1	2	2	4	4	4	4	1	1	1	1	2	2	1	1	1	1	2	2	2	2	2	2	2	2	2	2	1	1	1	1	2	2	2	2	1	1	2	2	2	2	2	2	1	1	4	4	2	2	2	2	1	1	2	2	2	2	2	2	1	1	1	1	1	1	2	2	1	1	1	1	2	2	1	1	1	1	1	1	1	1	1	1	1	1	2	2	1	1	2	2	2	2	2	2	2	2	1	1	2	2	1	1	1	1	2	2	1	1	1	1	2	2	2	2	1	1	2	2	1	1	2	2	2	2	1	1	1	1	2	2	2	2	1	1	2	2	2	2	2	2	2	2	2	2	2	2	2	2	2	2	1	1	1	1	2	2	1	1	1	1	1	1	2	2	1	1	2	2	2	2	2	2	1	1	2	2	2	2	1	1	2	2	1	1	2	2	2	2	2	2	1	1	1	1	2	2	1	1	2	2	1	1	1	1	1	1	2	2	2	2	2	2	1	1	1	1	2	2	1	1	1	1	1	1	2	2	1	1	1	1	1	1	1	1	1	1	1	1	1	1	1	1	2	2	2	2	2	2	1	1	2	2	2	2	1	1	2	2	2	2	1	1	1	1	2	2	2	2	2	2	1	1	2	2	2	2	1	1	1	1	1	1	1	1	1	1	2	2	2	2	1	1	2	2	2	2	1	1	1	1	2	2	1	1	2	2	1	1	1	1	2	2	2	2	2	2	1	1	1	1	1	1	2	2	1	1	1	1	2	2	1	1	2	2	2	2	2	2	1	1	2	2	1	1	2	2	3	3	2	2	2	2	2	2
IND0121	2	2	1	1	1	1	1	1	1	1	1	1	2	2	2	2	2	2	2	2	2	2	2	2	2	2	1	1	2	2	4	4	2	2	2	2	2	2	2	2	1	1	1	1	2	2	2	2	1	1	2	2	1	1	2	2	1	1	1	1	2	2	2	2	2	2	2	2	4	4	2	2	2	2	1	1	2	2	2	2	3	3	4	4	1	1	1	1	1	1	1	1	1	1	2	2	1	1	1	1	1	1	2	2	2	2	1	1	2	2	1	1	2	2	2	2	1	1	2	2	1	1	2	2	1	1	1	1	1	1	2	2	1	1	1	1	2	2	1	1	1	1	1	1	2	2	2	2	1	1	1	1	1	1	2	2	1	1	1	1	2	2	1	1	1	1	1	1	1	1	2	2	1	1	1	1	1	1	2	2	2	2	2	2	1	1	1	1	2	2	1	1	1	1	2	2	2	2	2	2	2	2	2	2	1	1	2	2	2	2	1	1	2	2	2	2	2	2	1	1	2	2	2	2	1	1	1	1	2	2	1	1	1	1	1	1	2	2	2	2	2	2	2	2	1	1	2	2	2	2	2	2	2	2	2	2	1	1	2	2	1	1	2	2	1	1	2	2	2	2	1	1	1	1	2	2	1	1	1	1	2	2	1	1	1	1	2	2	2	2	1	1	2	2	2	2	2	2	2	2	1	1	2	2	1	1	2	2	1	1	1	1	2	2	1	1	2	2	1	1	2	2	1	1	2	2	2	2	2	2	1	1	2	2	1	1	2	2	1	1	3	3	1	1	2	2	2	2	1	1	2	2	1	1	1	1	2	2	2	2	2	2	2	2	2	2	2	2	2	2	2	2	4	4	1	1	1	1	2	2
IND0122	1	1	2	2	1	1	1	1	1	1	1	1	1	1	1	1	2	2	2	2	1	1	2	2	1	1	2	2	2	2	2	2	1	1	1	1	2	2	1	1	1	1	2	2	2	2	2	2	2	2	2	2	2	2	2	2	2	2	1	1	2	2	2	2	2	2	1	1	4	4	2	2	1	1	2	2	1	1	1	1	1	1	2	2	1	1	2	2	1	1	1	1	2	2	1	1	2	2	1	1	1	1	1	1	2	2	1	1	1	1	2	2	1	1	1	1	1	1	2	2	1	1	1	1	2	2	2	2	2	2	2	2	1	1	1	1	1	1	1	1	2	2	1	1	2	2	1	1	1	1	2	2	1	1	2	2	2	2	1	1	2	2	1	1	1	1	1	1	1	1	1	1	2	2	2	2	2	2	1	1	2	2	1	1	2	2	1	1	2	2	2	2	2	2	2	2	1	1	2	2	2	2	2	2	1	1	1	1	2	2	1	1	2	2	1	1	2	2	1	1	2	2	1	1	1	1	1	1	1	1	2	2	2	2	2	2	1	1	1	1	1	1	1	1	2	2	2	2	2	2	2	2	2	2	2	2	2	2	2	2	2	2	1	1	1	1	1	1	1	1	2	2	1	1	1	1	2	2	2	2	2	2	2	2	2	2	1	1	2	2	1	1	1	1	1	1	2	2	2	2	2	2	1	1	2	2	2	2	2	2	2	2	2	2	1	1	2	2	1	1	2	2	2	2	2	2	2	2	2	2	1	1	2	2	1	1	2	2	2	2	3	3	2	2	2	2	2	2	2	2	2	2	1	1	2	2	2	2	1	1	2	2	1	1	2	2	1	1	2	2	1	1	2	2	3	3	1	1	2	2
IND0123	2	2	1	1	2	2	2	2	1	1	2	2	1	1	1	1	2	2	2	2	1	1	2	2	1	1	1	1	4	4	3	3	1	1	2	2	2	2	1	1	1	1	1	1	1	1	2	2	2	2	2	2	2	2	2	2	1	1	2	2	2	2	2	2	2	2	1	1	1	1	3	3	1	1	2	2	2	2	2	2	3	3	4	4	1	1	2	2	2	2	1	1	1	1	2	2	2	2	1	1	2	2	2	2	2	2	1	1	2	2	2	2	1	1	2	2	2	2	2	2	2	2	1	1	1	1	1	1	2	2	1	1	2	2	1	1	1	1	2	2	1	1	2	2	2	2	1	1	2	2	2	2	1	1	2	2	1	1	1	1	1	1	1	1	2	2	1	1	1	1	2	2	2	2	2	2	1	1	2	2	2	2	1	1	1	1	1	1	2	2	1	1	1	1	1	1	2	2	2	2	1	1	2	2	1	1	2	2	2	2	1	1	1	1	1	1	2	2	1	1	2	2	2	2	2	2	2	2	1	1	1	1	2	2	2	2	2	2	2	2	2	2	1	1	2	2	1	1	2	2	2	2	1	1	1	1	2	2	2	2	1	1	1	1	1	1	2	2	2	2	2	2	1	1	1	1	1	1	1	1	1	1	1	1	1	1	1	1	1	1	2	2	2	2	2	2	1	1	2	2	1	1	2	2	2	2	1	1	2	2	1	1	2	2	1	1	1	1	2	2	1	1	2	2	1	1	2	2	2	2	2	2	2	2	1	1	1	1	2	2	3	3	4	4	1	1	1	1	1	1	2	2	2	2	1	1	2	2	2	2	2	2	1	1	2	2	2	2	2	2	1	1	4	4	3	3	2	2	2	2
IND0124	2	2	1	1	2	2	2	2	2	2	2	2	2	2	2	2	2	2	1	1	1	1	2	2	1	1	1	1	1	1	4	4	1	1	1	1	2	2	2	2	2	2	1	1	1	1	1	1	2	2	1	1	1	1	1	1	2	2	1	1	2	2	1	1	2	2	2	2	3	3	1	1	1	1	2	2	2	2	2	2	1	1	3	3	2	2	2	2	1	1	2	2	1	1	2	2	2	2	1	1	1	1	1	1	2	2	2	2	2	2	1	1	2	2	2	2	1	1	2	2	1	1	1	1	2	2	1	1	2	2	2	2	1	1	2	2	1	1	1	1	1	1	2	2	2	2	1	1	1	1	2	2	2	2	1	1	1	1	2	2	1	1	1	1	1	1	1	1	2	2	2	2	1	1	2	2	1	1	2	2	2	2	2	2	2	2	2	2	1	1	2	2	1	1	1	1	1	1	1	1	1	1	2	2	2	2	2	2	1	1	2	2	1	1	2	2	2	2	2	2	2	2	2	2	2	2	2	2	2	2	2	2	2	2	2	2	2	2	2	2	1	1	2	2	1	1	1	1	2	2	2	2	1	1	2	2	2	2	2	2	2	2	1	1	2	2	2	2	2	2	2	2	1	1	1	1	2	2	2	2	2	2	1	1	1	1	1	1	1	1	2	2	1	1	1	1	1	1	2	2	2	2	1	1	1	1	1	1	1	1	2	2	1	1	1	1	1	1	2	2	2	2	1	1	2	2	1	1	1	1	2	2	1	1	1	1	2	2	2	2	3	3	4	4	2	2	2	2	1	1	1	1	2	2	1	1	2	2	2	2	1	1	2	2	2	2	2	2	1	1	1	1	2	2	2	2	1	1	1	1
IND0125	2	2	2	2	2	2	1	1	1	1	1	1	2	2	1	1	2	2	2	2	2	2	1	1	1	1	2	2	2	2	1	1	1	1	1	1	1	1	1	1	2	2	1	1	1	1	1	1	1	1	1	1	1	1	2	2	1	1	1	1	2	2	2	2	2	2	2	2	2	2	3	3	1	1	2	2	2	2	2	2	2	2	3	3	2	2	1	1	1	1	1	1	2	2	1	1	2	2	1	1	1	1	1	1	1	1	1	1	1	1	1	1	2	2	1	1	1	1	2	2	1	1	2	2	1	1	2	2	2	2	1	1	1	1	1	1	2	2	1	1	2	2	2	2	2	2	2	2	2	2	1	1	2	2	1	1	2	2	2	2	1	1	2	2	1	1	2	2	1	1	2	2	1	1	2	2	2	2	2	2	2	2	2	2	2	2	2	2	2	2	2	2	2	2	1	1	1	1	1	1	2	2	1	1	2	2	2	2	2	2	1	1	1	1	2	2	2	2	1	1	1	1	2	2	1	1	2	2	1	1	1	1	1	1	2	2	2	2	1	1	1	1	1	1	2	2	1	1	1	1	1	1	2	2	1	1	1	1	1	1	1	1	2	2	1	1	2	2	1	1	1	1	2	2	2	2	1	1	2	2	2	2	2	2	2	2	2	2	2	2	1	1	1	1	2	2	1	1	1	1	2	2	1	1	2	2	2	2	1	1	2	2	1	1	1	1	2	2	2	2	1	1	2	2	2	2	1	1	2	2	2	2	2	2	2	2	1	1	2	2	2	2	3	3	2	2	1	1	2	2	1	1	2	2	2	2	2	2	2	2	1	1	2	2	1	1	1	1	1	1	1	1	4	4	4	4	1	1	2	2
IND0126	2	2	2	2	1	1	2	2	1	1	1	1	1	1	2	2	2	2	2	2	2	2	2	2	1	1	1	1	3	3	4	4	1	1	1	1	2	2	2	2	1	1	1	1	1	1	2	2	1	1	2	2	1	1	2	2	1	1	1	1	1	1	2	2	1	1	2	2	2	2	2	2	2	2	2	2	1	1	2	2	2	2	2	2	2	2	2	2	2	2	1	1	2	2	1	1	2	2	2	2	1	1	1	1	1	1	1	1	2	2	2	2	1	1	1	1	2	2	2	2	2	2	2	2	1	1	2	2	1	1	2	2	2	2	1	1	1	1	1	1	1	1	1	1	2	2	1	1	2	2	1	1	2	2	1	1	2	2	2	2	1	1	1	1	1	1	1	1	1	1	1	1	2	2	1	1	1	1	2	2	2	2	1	1	1	1	1	1	1	1	2	2	1	1	1	1	2	2	2	2	2	2	1	1	1	1	2	2	2	2	2	2	1	1	1	1	1	1	2	2	1	1	1	1	2	2	1	1	1	1	1	1	1	1	1	1	2	2	1	1	2	2	2	2	2	2	1	1	1	1	2	2	1	1	2	2	2	2	2	2	1	1	1	1	1	1	1	1	1	1	1	1	1	1	1	1	2	2	1	1	1	1	1	1	2	2	1	1	2	2	1	1	2	2	2	2	1	1	2	2	1	1	1	1	2	2	1	1	2	2	1	1	1	1	1	1	2	2	2	2	1	1	2	2	2	2	1	1	2	2	1	1	1	1	2	2	2	2	2	2	2	2	1	1	2	2	1	1	2	2	1	1	2	2	2	2	1	1	1	1	1	1	2	2	2	2	2	2	2	2	1	1	2	2	4	4	2	2	2	2
IND0127	2	2	2	2	2	2	2	2	2	2	2	2	1	1	1	1	1	1	2	2	1	1	2	2	2	2	1	1	4	4	4	4	1	1	2	2	1	1	1	1	1	1	1	1	1	1	1	1	1	1	1	1	2	2	2	2	2	2	2	2	1	1	1	1	1	1	1	1	3	3	3	3	2	2	1	1	2	2	2	2	1	1	1	1	2	2	2	2	2	2	2	2	2	2	2	2	1	1	2	2	1	1	2	2	1	1	2	2	2	2	2	2	1	1	1	1	2	2	2	2	1	1	1	1	2	2	1	1	1	1	1	1	2	2	1	1	1	1	2	2	1	1	1	1	2	2	2	2	2	2	2	2	2	2	2	2	2	2	2	2	2	2	2	2	2	2	2	2	1	1	2	2	2	2	2	2	2	2	2	2	2	2	1	1	2	2	2	2	2	2	1	1	2	2	1	1	1	1	1	1	2	2	2	2	2	2	1	1	1	1	1	1	2	2	1	1	1	1	1	1	2	2	2	2	2	2	1	1	2	2	1	1	2	2	1	1	2	2	2	2	1	1	2	2	2	2	1	1	1	1	1	1	1	1	2	2	1	1	2	2	1	1	1	1	2	2	1	1	2	2	1	1	1	1	2	2	1	1	1	1	1	1	2	2	2	2	2	2	2	2	2	2	1	1	2	2	2	2	1	1	1	1	2	2	1	1	2	2	1	1	1	1	1	1	2	2	1	1	2	2	1	1	2	2	1	1	2	2	2	2	1	1	1	1	2	2	1	1	1	1	4	4	2	2	1	1	2	2	1	1	1	1	1	1	2	2	2	2	2	2	2	2	1	1	1	1	2	2	1	1	2	2	2	2	1	1	2	2	2	2
IND0128	2	2	1	1	2	2	2	2	1	1	2	2	2	2	1	1	2	2	1	1	1	1	1	1	1	1	1	1	3	3	3	3	2	2	1	1	2	2	1	1	1	1	2	2	2	2	1	1	1	1	2	2	1	1	2	2	2	2	1	1	2	2	2	2	2	2	2	2	3	3	4	4	2	2	2	2	2	2	2	2	1	1	1	1	1	1	2	2	1	1	1	1	1	1	1	1	2	2	1	1	2	2	1	1	2	2	2	2	2	2	1	1	2	2	2	2	2	2	2	2	2	2	2	2	1	1	2	2	1	1	1	1	2	2	1	1	1	1	2	2	2	2	1	1	1	1	1	1	2	2	1	1	2	2	2	2	1	1	1	1	2	2	1	1	2	2	2	2	2	2	2	2	2	2	2	2	1	1	1	1	1	1	2	2	2	2	2	2	1	1	1	1	1	1	2	2	2	2	2	2	1	1	2	2	2	2	1	1	1	1	1	1	1	1	2	2	1	1	2	2	2	2	2	2	1	1	2	2	1	1	1	1	1	1	1	1	1	1	2	2	1	1	1	1	2	2	1	1	2	2	1	1	1	1	2	2	1	1	1	1	1	1	2	2	2	2	1	1	1	1	1	1	2	2	1	1	1	1	2	2	2	2	2	2	2	2	2	2	1	1	2	2	1	1	1	1	2	2	1	1	1	1	2	2	1	1	2	2	2	2	1	1	1	1	2	2	1	1	1	1	1	1	1	1	1	1	1	1	2	2	1	1	1	1	2	2	2	2	1	1	4	4	3	3	2	2	1	1	2	2	1	1	1	1	1	1	2	2	2	2	2	2	2	2	2	2	1	1	2	2	2	2	1	1	4	4	1	1	1	1
IND0129	1	1	1	1	2	2	2	2	2	2	2	2	1	1	2	2	2	2	1	1	2	2	1	1	1	1	2	2	1	1	3	3	2	2	2	2	2	2	2	2	1	1	1	1	2	2	2	2	1	1	2	2	1	1	2	2	1	1	2	2	1	1	2	2	2	2	1	1	3	3	2	2	2	2	2	2	1	1	1	1	4	4	4	4	2	2	2	2	2	2	2	2	1	1	2	2	2	2	2	2	2	2	2	2	1	1	1	1	1	1	1	1	1	1	2	2	1	1	1	1	1	1	2	2	2	2	1	1	2	2	2	2	2	2	2	2	1	1	1	1	1	1	1	1	2	2	1	1	1	1	2	2	2	2	2	2	1	1	1	1	1	1	1	1	2	2	2	2	1	1	1	1	1	1	1	1	1	1	2	2	1	1	2	2	2	2	1	1	1	1	1	1	2	2	2	2	2	2	1	1	2	2	1	1	2	2	2	2	2	2	2	2	2	2	1	1	1	1	2	2	2	2	2	2	1	1	2	2	1	1	1	1	1	1	2	2	1	1	2	2	1	1	1	1	1	1	2	2	2	2	2	2	2	2	1	1	1	1	2	2	2	2	2	2	1	1	2	2	1	1	1	1	2	2	2	2	2	2	2	2	1	1	1	1	1	1	2	2	2	2	1	1	1	1	2	2	2	2	2	2	1	1	1	1	2	2	1	1	2	2	1	1	1	1	1	1	2	2	1	1	1	1	1	1	1	1	2	2	1	1	1	1	1	1	1	1	2	2	2	2	3	3	4	4	1	1	1	1	2	2	2	2	1	1	1	1	1	1	1	1	1	1	2	2	1	1	1	1	1	1	2	2	1	1	4	4	2	2	2	2
IND0130	2	2	1	1	1	1	2	2	2	2	2	2	2	2	2	2	2	2	2	2	2	2	1	1	2	2	1	1	1	1	1	1	2	2	2	2	1	1	2	2	2	2	1	1	2	2	1	1	2	2	2	2	1	1	1	1	2	2	2	2	2	2	1	1	2	2	2	2	4	4	2	2	1	1	2	2	1	1	1	1	2	2	1	1	2	2	2	2	1	1	1	1	2	2	1	1	1	1	2	2	2	2	2	2	1	1	2	2	2	2	2	2	2	2	1	1	2	2	2	2	1	1	1	1	2	2	2	2	1	1	1	1	2	2	1	1	2	2	1	1	2	2	1	1	2	2	1	1	2	2	2	2	1	1	1	1	1	1	1	1	2	2	1	1	2	2	2	2	2	2	1	1	1	1	1	1	2	2	2	2	2	2	2	2	1	1	2	2	2	2	2	2	2	2	1	1	2	2	2	2	2	2	1	1	1	1	1	1	1	1	1	1	2	2	2	2	1	1	2	2	1	1	1	1	1	1	1	1	2	2	1	1	2	2	2	2	2	2	1	1	2	2	1	1	1	1	1	1	1	1	2	2	2	2	1	1	1	1	1	1	2	2	2	2	2	2	1	1	1	1	2	2	1	1	2	2	1	1	1	1	2	2	1	1	2	2	1	1	2	2	1	1	2	2	1	1	1	1	1	1	1	1	1	1	1	1	1	1	2	2	1	1	2	2	1	1	1	1	1	1	1	1	2	2	1	1	1	1	2	2	2	2	2	2	1	1	2	2	1	1	4	4	3	3	2	2	2	2	2	2	2	2	1	1	1	1	1	1	1	1	2	2	1	1	1	1	1	1	1	1	2	2	4	4	2	2	1	1	1	1
IND0131	1	1	2	2	1	1	2	2	1	1	2	2	1	1	2	2	2	2	2	2	2	2	2	2	2	2	2	2	2	2	4	4	1	1	1	1	2	2	2	2	2	2	2	2	2	2	1	1	1	1	2	2	2	2	2	2	1	1	2	2	2	2	2	2	2	2	1	1	2	2	2	2	2	2	2	2	2	2	2	2	4	4	2	2	1	1	2	2	2	2	2	2	1	1	2	2	1	1	1	1	1	1	2	2	1	1	1	1	1	1	1	1	1	1	1	1	1	1	1	1	2	2	1	1	1	1	1	1	2	2	2	2	2	2	1	1	2	2	1	1	1	1	2	2	2	2	1	1	1	1	1	1	2	2	1	1	2	2	1	1	2	2	2	2	2	2	1	1	1	1	2	2	2	2	2	2	2	2	2	2	2	2	1	1	1	1	1	1	1	1	2	2	2	2	1	1	1	1	1	1	1	1	2	2	2	2	1	1	1	1	2	2	2	2	1	1	1	1	2	2	2	2	2	2	2	2	2	2	1	1	2	2	1	1	2	2	2	2	1	1	1	1	1	1	1	1	1	1	1	1	1	1	1	1	1	1	2	2	1	1	1	1	2	2	2	2	2	2	1	1	2	2	1	1	1	1	2	2	1	1	1	1	1	1	1	1	2	2	2	2	2	2	1	1	2	2	1	1	1	1	2	2	2	2	2	2	1	1	1	1	1	1	2	2	2	2	2	2	1	1	1	1	1	1	1	1	1	1	1	1	2	2	1	1	1	1	2	2	2	2	1	1	3	3	1	1	1	1	1	1	2	2	2	2	2	2	1	1	2	2	1	1	2	2	1	1	1	1	1	1	1	1	1	1	4	4	2	2	1	1
IND0132	2	2	1	1	2	2	2	2	1	1	1	1	2	2	1	1	2	2	1	1	1	1	2	2	1	1	1	1	3	3	3	3	1	1	1	1	2	2	1	1	1	1	2	2	2	2	2	2	1	1	1	1	1	1	2	2	1	1	1	1	2	2	1	1	2	2	1	1	1	1	3	3	1	1	1	1	1	1	2	2	1	1	3	3	2	2	1	1	1	1	1	1	1	1	1	1	1	1	2	2	1	1	2	2	1	1	2	2	2	2	2	2	2	2	2	2	2	2	2	2	1	1	1	1	2	2	2	2	2	2	1	1	2	2	2	2	2	2	1	1	1	1	2	2	2	2	2	2	1	1	1	1	1	1	2	2	1	1	2	2	2	2	2	2	1	1	1	1	2	2	2	2	1	1	1	1	1	1	2	2	2	2	2	2	2	2	2	2	1	1	2	2	1	1	2	2	1	1	2	2	2	2	1	1	1	1	1	1	2	2	1	1	2	2	1	1	2	2	2	2	2	2	1	1	2	2	1	1	2	2	1	1	2	2	2	2	2	2	2	2	1	1	1	1	1	1	1	1	1	1	1	1	1	1	1	1	2	2	1	1	1	1	2	2	1	1	2	2	2	2	1	1	2	2	1	1	2	2	2	2	1	1	1	1	1	1	1	1	2	2	1	1	1	1	2	2	1	1	1	1	1	1	1	1	2	2	2	2	1	1	1	1	1	1	1	1	1	1	1	1	2	2	1	1	2	2	1	1	1	1	1	1	1	1	2	2	1	1	1	1	2	2	3	3	2	2	2	2	1	1	2	2	1	1	1	1	1	1	2	2	1	1	2	2	2	2	1	1	2	2	1	1	4	4	2	2	2	2	1	1
IND0133	1	1	1	1	1	1	1	1	2	2	2	2	1	1	2	2	2	2	1	1	2	2	1	1	1	1	2	2	2	2	4	4	1	1	1	1	2	2	2	2	2	2	1	1	1	1	1	1	1	1	1	1	2	2	1	1	1	1	1	1	1	1	1	1	2	2	1	1	2	2	3	3	1	1	2	2	1	1	2	2	2	2	3	3	1	1	2	2	2	2	2	2	1	1	1	1	2	2	1	1	1	1	1	1	2	2	2	2	1	1	2	2	1	1	1	1	1	1	2	2	1	1	2	2	2	2	2	2	2	2	2	2	2	2	1	1	1	1	2	2	2	2	2	2	1	1	1	1	2	2	1	1	2	2	1	1	2	2	1	1	1	1	1	1	1	1	2	2	2	2	2	2	2	2	1	1	2	2	1	1	2	2	2	2	1	1	2	2	2	2	2	2	2	2	1	1	2	2	2	2	2	2	2	2	2	2	1	1	1	1	1	1	2	2	1	1	2	2	2	2	2	2	1	1	1	1	1	1	2	2	1	1	2	2	2	2	2	2	2	2	1	1	2	2	2	2	1	1	1	1	2	2	1	1	2	2	2	2	2	2	2	2	1	1	2	2	2	2	2	2	1	1	1	1	2	2	2	2	2	2	2	2	1	1	1	1	1	1	2	2	1	1	1	1	1	1	1	1	1	1	2	2	2	2	1	1	1	1	1	1	1	1	2	2	1	1	1	1	2	2	2	2	2	2	1	1	2	2	2	2	2	2	2	2	2	2	2	2	1	1	4	4	3	3	2	2	2	2	1	1	1	1	2	2	1	1	1	1	2	2	1	1	1	1	2	2	2	2	2	2	2	2	3	3	3	3	2	2	2	2
IND0134	2	2	1	1	1	1	1	1	2	2	1	1	1	1	1	1	2	2	2	2	2	2	2	2	2	2	1	1	4	4	1	1	2	2	1	1	1	1	2	2	2	2	1	1	2	2	1	1	1	1	1	1	2	2	1	1	2	2	2	2	1	1	2	2	2	2	2	2	3	3	1	1	1	1	1	1	2	2	1	1	1	1	3	3	2	2	1	1	2	2	1	1	2	2	2	2	1	1	2	2	2	2	2	2	2	2	2	2	2	2	1	1	1	1	2	2	2	2	1	1	2	2	1	1	1	1	1	1	1	1	1	1	2	2	2	2	2	2	1	1	2	2	2	2	1	1	1	1	2	2	2	2	2	2	1	1	2	2	2	2	1	1	1	1	2	2	1	1	1	1	2	2	1	1	2	2	2	2	2	2	1	1	2	2	1	1	1	1	2	2	2	2	2	2	2	2	2	2	2	2	2	2	2	2	1	1	1	1	2	2	1	1	1	1	1	1	2	2	2	2	1	1	2	2	2	2	2	2	2	2	2	2	1	1	1	1	1	1	1	1	1	1	1	1	2	2	1	1	2	2	2	2	1	1	2	2	1	1	2	2	1	1	1	1	2	2	1	1	1	1	2	2	1	1	1	1	2	2	2	2	1	1	2	2	2	2	2	2	2	2	1	1	1	1	1	1	2	2	2	2	1	1	2	2	1	1	2	2	2	2	2	2	2	2	1	1	2	2	2	2	2	2	1	1	1	1	1	1	2	2	1	1	1	1	2	2	1	1	1	1	1	1	1	1	2	2	2	2	1	1	1	1	2	2	1	1	1	1	1	1	1	1	1	1	1	1	2	2	1	1	1	1	2	2	1	1	1	1	2	2
IND0135	1	1	1	1	1	1	1	1	2	2	2	2	1	1	2	2	1	1	1	1	2	2	1	1	1	1	2	2	2	2	2	2	1	1	1	1	1	1	1	1	1	1	1	1	2	2	1	1	1	1	2	2	2	2	1	1	2	2	1	1	2	2	1	1	1	1	2	2	3	3	2	2	2	2	1	1	2	2	1	1	3	3	4	4	2	2	1	1	2	2	2	2	1	1	2	2	2	2	1	1	2	2	2	2	2	2	1	1	2	2	2	2	1	1	1	1	1	1	2	2	1	1	2	2	1	1	2	2	1	1	1	1	2	2	2	2	2	2	1	1	1	1	2	2	2	2	1	1	2	2	2	2	1	1	1	1	1	1	2	2	2	2	2	2	2	2	1	1	2	2	1	1	2	2	1	1	1	1	1	1	2	2	1	1	2	2	1	1	2	2	1	1	1	1	2	2	2	2	2	2	2	2	2	2	1	1	2	2	1	1	2	2	1	1	1	1	2	2	2	2	2	2	1	1	1	1	1	1	2	2	2	2	2	2	1	1	1	1	2	2	2	2	2	2	2	2	2	2	1	1	1	1	1	1	2	2	1	1	1	1	2	2	2	2	2	2	1	1	2	2	1	1	1	1	1	1	2	2	1	1	2	2	2	2	1	1	2	2	2	2	2	2	1	1	1	1	1	1	1	1	2	2	2	2	1	1	2	2	1	1	1	1	1	1	2	2	2	2	1	1	2	2	2	2	1	1	1	1	2	2	2	2	2	2	2	2	2	2	1	1	1	1	1	1	2	2	2	2	2	2	2	2	2	2	2	2	1	1	1	1	2	2	2	2	2	2	1	1	2	2	2	2	3	3	2	2	2	2	1	1
IND0136	1	1	1	1	1	1	2	2	1	1	1	1	1	1	2	2	2	2	2	2	2	2	1	1	1	1	2	2	1	1	4	4	1	1	2	2	2	2	1	1	1	1	2	2	1	1	2	2	2	2	2	2	1	1	1	1	2	2	2	2	2	2	1	1	2	2	2	2	2	2	4	4	2	2	2	2	1	1	1	1	3	3	1	1	1	1	1	1	2	2	1	1	1	1	1	1	2	2	1	1	1	1	2	2	2	2	1	1	1	1	1	1	1	1	1	1	2	2	1	1	1	1	2	2	1	1	2	2	2	2	2	2	2	2	2	2	1	1	2	2	2	2	2	2	2	2	2	2	2	2	2	2	1	1	1	1	1	1	1	1	2	2	1	1	2	2	2	2	1	1	2	2	2	2	1	1	2	2	1	1	1	1	1	1	1	1	1	1	2	2	1	1	1	1	1	1	2	2	2	2	1	1	2	2	1	1	2	2	1	1	1	1	1	1	1	1	1	1	2	2	2	2	1	1	1	1	2	2	1	1	1	1	1	1	1	1	2	2	1	1	1	1	1	1	1	1	2	2	1	1	2	2	2	2	1	1	2	2	2	2	1	1	1	1	1	1	2	2	2	2	2	2	2	2	1	1	2	2	1	1	1	1	2	2	2	2	2	2	2	2	1	1	2	2	2	2	1	1	1	1	1	1	2	2	2	2	2	2	2	2	2	2	2	2	1	1	1	1	1	1	2	2	1	1	2	2	2	2	2	2	2	2	1	1	2	2	1	1	1	1	1	1	4	4	2	2	1	1	1	1	1	1	2	2	2	2	1	1	1	1	2	2	1	1	2	2	1	1	2	2	2	2	3	3	4	4	1	1	2	2
IND0137	2	2	2	2	1	1	2	2	2	2	2	2	1	1	2	2	1	1	2	2	2	2	1	1	1	1	1	1	1	1	1	1	2	2	2	2	1	1	2	2	1	1	2	2	2	2	2	2	1	1	2	2	2	2	1	1	1	1	1	1	2	2	2	2	2	2	2	2	4	4	4	4	1	1	1	1	1	1	2	2	3	3	3	3	2	2	2	2	1	1	2	2	1	1	2	2	2	2	2	2	1	1	1	1	2	2	2	2	2	2	2	2	2	2	2	2	2	2	1	1	2	2	1	1	2	2	2	2	2	2	2	2	2	2	1	1	2	2	2	2	1	1	2	2	1	1	1	1	1	1	1	1	2	2	1	1	1	1	2	2	2	2	2	2	1	1	1	1	1	1	2	2	1	1	2	2	1	1	1	1	1	1	1	1	2	2	2	2	1	1	2	2	2	2	1	1	2	2	1	1	1	1	1	1	2	2	2	2	1	1	2	2	1	1	1	1	1	1	2	2	1	1	1	1	2	2	1	1	1	1	1	1	2	2	1	1	1	1	2	2	1	1	1	1	2	2	2	2	2	2	2	2	2	2	2	2	1	1	2	2	1	1	1	1	1	1	1	1	1	1	2	2	1	1	1	1	2	2	1	1	1	1	2	2	2	2	2	2	2	2	2	2	1	1	1	1	2	2	1	1	2	2	2	2	1	1	2	2	2	2	1	1	1	1	2	2	2	2	2	2	1	1	1	1	2	2	1	1	2	2	2	2	2	2	2	2	1	1	2	2	4	4	2	2	2	2	1	1	2	2	2	2	2	2	1	1	1	1	1	1	2	2	2	2	2	2	1	1	2	2	1	1	3	3	4	4	2	2	2	2
IND0138	1	1	2	2	1	1	1	1	2	2	1	1	1	1	1	1	2	2	1	1	1	1	2	2	2	2	2	2	2	2	2	2	2	2	1	1	1	1	2	2	1	1	1	1	2	2	1	1	1	1	2	2	1	1	2	2	1	1	1	1	1	1	2	2	2	2	1	1	3	3	4	4	2	2	1	1	1	1	2	2	1	1	2	2	2	2	1	1	1	1	2	2	2	2	2	2	2	2	1	1	2	2	1	1	2	2	2	2	2	2	1	1	2	2	2	2	1	1	2	2	2	2	1	1	1	1	1	1	1	1	2	2	2	2	2	2	1	1	2	2	2	2	2	2	1	1	2	2	2	2	1	1	1	1	1	1	1	1	2	2	1	1	1	1	1	1	1	1	1	1	2	2	2	2	2	2	1	1	1	1	2	2	1	1	1	1	1	1	1	1	2	2	1	1	2	2	1	1	1	1	2	2	1	1	2	2	1	1	2	2	2	2	1	1	1	1	2	2	1	1	1	1	2	2	2	2	2	2	2	2	1	1	2	2	2	2	2	2	2	2	1	1	2	2	1	1	1	1	1	1	2	2	1	1	1	1	2	2	2	2	1	1	2	2	1	1	2	2	2	2	1	1	2	2	1	1	2	2	2	2	1	1	1	1	2	2	1	1	2	2	2	2	2	2	1	1	2	2	1	1	1	1	1	1	2	2	2	2	2	2	2	2	1	1	1	1	1	1	2	2	2	2	2	2	1	1	1	1	1	1	1	1	1	1	2	2	1	1	1	1	3	3	4	4	1	1	2	2	2	2	1	1	2	2	1	1	1	1	2	2	1	1	1	1	2	2	2	2	2	2	2	2	1	1	2	2	2	2	2	2
IND0139	2	2	1	1	1	1	2	2	2	2	1	1	2	2	1	1	1	1	1	1	2	2	2	2	1	1	2	2	1	1	4	4	1	1	2	2	1	1	2	2	2	2	2	2	2	2	1	1	1	1	2	2	2	2	1	1	2	2	2	2	1	1	1	1	2	2	1	1	3	3	1	1	1	1	1	1	2	2	1	1	4	4	3	3	1	1	1	1	1	1	1	1	1	1	2	2	1	1	2	2	2	2	1	1	1	1	2	2	1	1	1	1	1	1	1	1	1	1	1	1	1	1	1	1	1	1	2	2	2	2	1	1	1	1	2	2	1	1	1	1	1	1	2	2	2	2	2	2	1	1	1	1	1	1	2	2	2	2	1	1	1	1	1	1	1	1	1	1	2	2	1	1	2	2	2	2	1	1	2	2	2	2	2	2	2	2	1	1	1	1	1	1	1	1	2	2	2	2	1	1	2	2	1	1	1	1	2	2	2	2	2	2	2	2	2	2	1	1	1	1	2	2	2	2	2	2	1	1	2	2	1	1	1	1	2	2	2	2	2	2	2	2	2	2	1	1	1	1	2	2	2	2	1	1	1	1	1	1	2	2	1	1	1	1	1	1	1	1	2	2	1	1	1	1	1	1	1	1	1	1	2	2	2	2	2	2	2	2	2	2	1	1	1	1	2	2	2	2	1	1	2	2	1	1	1	1	1	1	1	1	2	2	1	1	1	1	2	2	1	1	1	1	2	2	2	2	1	1	1	1	2	2	2	2	2	2	2	2	1	1	1	1	2	2	1	1	1	1	2	2	1	1	1	1	2	2	1	1	1	1	2	2	1	1	2	2	1	1	1	1	2	2	2	2	4	4	2	2	1	1
IND0140	2	2	2	2	1	1	1	1	2	2	2	2	2	2	2	2	1	1	2	2	2	2	2	2	2	2	1	1	1	1	4	4	2	2	1	1	2	2	2	2	1	1	2	2	1	1	2	2	2	2	2	2	2	2	1	1	1	1	2	2	2	2	2	2	2	2	2	2	4	4	4	4	2	2	1	1	2	2	2	2	3	3	4	4	1	1	2	2	2	2	2	2	1	1	1	1	1	1	1	1	1	1	1	1	1	1	1	1	1	1	1	1	1	1	1	1	2	2	1	1	2	2	2	2	2	2	2	2	1	1	2	2	1	1	2	2	1	1	2	2	1	1	1	1	1	1	2	2	2	2	2	2	2	2	2	2	2	2	2	2	2	2	2	2	2	2	2	2	2	2	2	2	1	1	1	1	1	1	1	1	1	1	1	1	2	2	2	2	2	2	2	2	1	1	1	1	2	2	2	2	1	1	2	2	2	2	2	2	2	2	2	2	2	2	2	2	1	1	2	2	1	1	1	1	1	1	1	1	2	2	2	2	2	2	1	1	2	2	1	1	1	1	1	1	1	1	1	1	1	1	1	1	1	1	2	2	1	1	1	1	2	2	1	1	1	1	2	2	1	1	2	2	1	1	2	2	1	1	1	1	1	1	2	2	2	2	2	2	2	2	2	2	2	2	1	1	2	2	2	2	2	2	2	2	1	1	1	1	1	1	2	2	2	2	2	2	1	1	1	1	1	1	2	2	1	1	1	1	2	2	2	2	2	2	1	1	1	1	2	2	3	3	2	2	2	2	2	2	1	1	1	1	1	1	2	2	2	2	1	1	1	1	2	2	1	1	2	2	2	2	1	1	1	1	2	2	2	2	2	2
IND0141	1	1	1	1	1	1	2	2	1	1	1	1	2	2	2	2	2	2	2	2	2	2	2	2	2	2	1	1	1	1	3	3	1	1	1	1	2	2	2	2	2	2	1	1	1	1	2	2	2	2	2	2	1	1	2	2	2	2	2	2	1	1	1	1	1	1	1	1	1	1	1	1	1	1	2	2	2	2	1	1	1	1	1	1	1	1	1	1	1	1	1	1	1	1	1	1	1	1	1	1	2	2	2	2	1	1	1	1	1	1	2	2	1	1	1	1	1	1	2	2	1	1	2	2	1	1	1	1	2	2	1	1	1	1	2	2	1	1	1	1	1	1	1	1	2	2	1	1	2	2	1	1	1	1	2	2	1	1	2	2	1	1	2	2	2	2	1	1	1	1	2	2	2	2	1	1	1	1	2	2	2	2	1	1	1	1	2	2	2	2	1	1	1	1	2	2	1	1	1	1	2	2	1	1	1	1	2	2	1	1	1	1	1	1	1	1	2	2	2	2	1	1	2	2	1	1	1	1	2	2	2	2	2	2	2	2	2	2	2	2	2	2	1	1	2	2	2	2	2	2	1	1	1	1	2	2	2	2	2	2	1	1	2	2	1	1	2	2	1	1	1	1	2	2	2	2	1	1	2	2	1	1	2	2	1	1	1	1	1	1	2	2	2	2	1	1	2	2	1	1	1	1	2	2	2	2	2	2	1	1	1	1	1	1	1	1	1	1	1	1	1	1	1	1	2	2	2	2	2	2	1	1	2	2	2	2	1	1	2	2	4	4	1	1	1	1	2	2	2	2	2	2	2	2	2	2	1	1	1	1	2	2	2	2	2	2	1	1	1	1	2	2	2	2	3	3	1	1	2	2
IND0142	1	1	1	1	1	1	2	2	1	1	2	2	1	1	1	1	2	2	2	2	1	1	2	2	1	1	2	2	1	1	1	1	2	2	1	1	2	2	1	1	1	1	1	1	1	1	1	1	2	2	2	2	2	2	1	1	1	1	1	1	2	2	1	1	2	2	1	1	4	4	1	1	2	2	1	1	2	2	2	2	1	1	1	1	2	2	1	1	2	2	1	1	2	2	1	1	1	1	1	1	2	2	2	2	1	1	1	1	1	1	2	2	2	2	1	1	1	1	2	2	2	2	2	2	2	2	1	1	1	1	2	2	1	1	1	1	2	2	1	1	2	2	2	2	2	2	2	2	1	1	2	2	1	1	2	2	1	1	1	1	1	1	1	1	1	1	2	2	1	1	1	1	2	2	2	2	2	2	1	1	1	1	1	1	1	1	2	2	1	1	2	2	2	2	1	1	1	1	1	1	2	2	1	1	1	1	2	2	2	2	1	1	2	2	1	1	2	2	2	2	2	2	1	1	2	2	2	2	1	1	1	1	2	2	1	1	2	2	2	2	2	2	1	1	1	1	2	2	2	2	1	1	1	1	2	2	2	2	1	1	1	1	2	2	1	1	1	1	1	1	1	1	1	1	2	2	1	1	1	1	2	2	1	1	2	2	2	2	2	2	1	1	1	1	2	2	2	2	2	2	2	2	1	1	2	2	2	2	1	1	2	2	2	2	1	1	1	1	1	1	2	2	1	1	2	2	1	1	1	1	1	1	2	2	1	1	2	2	2	2	1	1	1	1	2	2	2	2	1	1	1	1	1	1	1	1	1	1	2	2	1	1	1	1	2	2	1	1	1	1	2	2	1	1	3	3	2	2	1	1
IND0143	2	2	1	1	1	1	1	1	2	2	2	2	2	2	2	2	2	2	1	1	1	1	2	2	1	1	1	1	1	1	2	2	1	1	2	2	1	1	2	2	2	2	1	1	1	1	2	2	1	1	2	2	2	2	1	1	2	2	2	2	1	1	2	2	2	2	2	2	2	2	2	2	2	2	2	2	1	1	2	2	3	3	4	4	2	2	2	2	1	1	1	1	2	2	2	2	2	2	2	2	1	1	1	1	2	2	2	2	2	2	1	1	1	1	1	1	2	2	2	2	2	2	1	1	2	2	1	1	1	1	2	2	2	2	1	1	1	1	2	2	2	2	1	1	2	2	1	1	1	1	1	1	1	1	2	2	1	1	2	2	2	2	1	1	2	2	2	2	2	2	1	1	2	2	1	1	1	1	1	1	2	2	2	2	1	1	2	2	1	1	2	2	1	1	2	2	1	1	2	2	1	1	1	1	2	2	1	1	1	1	2	2	1	1	1	1	1	1	1	1	1	1	1	1	2	2	2	2	1	1	2	2	1	1	1	1	2	2	1	1	1	1	1	1	1	1	1	1	1	1	2	2	2	2	1	1	1	1	1	1	2	2	1	1	2	2	1	1	2	2	1	1	2	2	2	2	1	1	2	2	2	2	1	1	1	1	1	1	1	1	2	2	2	2	1	1	2	2	2	2	2	2	1	1	1	1	2	2	1	1	2	2	2	2	1	1	2	2	1	1	2	2	1	1	1	1	1	1	1	1	1	1	1	1	2	2	2	2	2	2	3	3	1	1	2	2	2	2	1	1	2	2	1	1	1	1	1	1	1	1	2	2	2	2	1	1	2	2	2	2	1	1	3	3	3	3	1	1	2	2
IND0144	1	1	1	1	2	2	2	2	1	1	2	2	1	1	1	1	1	1	1	1	2	2	2	2	1	1	1	1	4	4	1	1	2	2	1	1	2	2	2	2	1	1	2	2	1	1	2	2	2	2	1	1	1	1	2	2	1	1	1	1	2	2	2	2	1	1	2	2	3	3	1	1	2	2	2	2	2	2	2	2	3	3	4	4	2	2	1	1	2	2	1	1	2	2	2	2	1	1	1	1	1	1	1	1	1	1	2	2	1	1	2	2	2	2	1	1	2	2	2	2	1	1	2	2	2	2	2	2	2	2	1	1	1	1	1	1	2	2	2	2	1	1	1	1	2	2	2	2	2	2	1	1	1	1	2	2	2	2	2	2	2	2	2	2	2	2	1	1	2	2	1	1	1	1	2	2	1	1	2	2	2	2	2	2	2	2	2	2	2	2	1	1	1	1	2	2	2	2	1	1	2	2	1	1	1	1	1	1	2	2	1	1	2	2	2	2	1	1	2	2	1	1	1	1	1	1	1	1	2	2	1	1	2	2	2	2	2	2	2	2	1	1	2	2	1	1	1	1	1	1	1	1	2	2	2	2	2	2	2	2	2	2	1	1	2	2	1	1	2	2	2	2	2	2	2	2	2	2	1	1	1	1	1	1	2	2	2	2	2	2	2	2	1	1	2	2	2	2	2	2	2	2	2	2	2	2	1	1	1	1	2	2	1	1	2	2	1	1	1	1	1	1	1	1	2	2	2	2	1	1	2	2	2	2	2	2	1	1	1	1	4	4	1	1	1	1	1	1	1	1	2	2	1	1	1	1	1	1	1	1	1	1	1	1	2	2	1	1	2	2	2	2	1	1	2	2	1	1	2	2
IND0145	1	1	2	2	1	1	1	1	2	2	1	1	1	1	2	2	1	1	1	1	1	1	1	1	2	2	1	1	4	4	2	2	2	2	2	2	2	2	2	2	2	2	2	2	2	2	1	1	1	1	1	1	1	1	1	1	2	2	2	2	1	1	2	2	2	2	2	2	1	1	1	1	2	2	2	2	1	1	1	1	4	4	3	3	1	1	2	2	1	1	2	2	2	2	2	2	2	2	2	2	1	1	2	2	1	1	1	1	1	1	1	1	1	1	1	1	1	1	2	2	2	2	2	2	2	2	1	1	2	2	2	2	2	2	2	2	2	2	1	1	1	1	2	2	1	1	1	1	1	1	1	1	1	1	2	2	2	2	1	1	1	1	1	1	2	2	1	1	1	1	2	2	2	2	1	1	1	1	2	2	1	1	2	2	1	1	2	2	1	1	2	2	1	1	1	1	1	1	2	2	2	2	2	2	2	2	2	2	2	2	1	1	2	2	1	1	1	1	1	1	2	2	2	2	2	2	1	1	1	1	1	1	2	2	2	2	1	1	2	2	2	2	1	1	2	2	1	1	1	1	2	2	2	2	2	2	2	2	1	1	1	1	1	1	2	2	2	2	1	1	2	2	2	2	1	1	2	2	2	2	2	2	1	1	1	1	2	2	1	1	2	2	2	2	1	1	1	1	2	2	2	2	1	1	1	1	1	1	2	2	1	1	1	1	1	1	1	1	1	1	1	1	2	2	2	2	2	2	2	2	1	1	2	2	2	2	1	1	2	2	1	1	3	3	1	1	2	2	2	2	1	1	1	1	2	2	2	2	2	2	1	1	1	1	2	2	1	1	2	2	1	1	2	2	4	4	2	2	1	1
IND0146	2	2	1	1	2	2	1	1	1	1	1	1	2	2	1	1	1	1	2	2	2	2	1	1	2	2	2	2	3	3	2	2	1	1	1	1	1	1	2	2	2	2	1	1	2	2	2	2	2	2	2	2	1	1	1	1	2	2	1	1	2	2	2	2	2	2	1	1	3	3	4	4	2	2	1	1	1	1	1	1	4	4	1	1	1	1	1	1	1	1	2	2	2	2	1	1	2	2	1	1	1	1	2	2	2	2	2	2	1	1	1	1	2	2	2	2	1	1	1	1	2	2	2	2	2	2	1	1	2	2	1	1	2	2	1	1	1	1	2	2	1	1	1	1	1	1	1	1	2	2	2	2	1	1	2	2	2	2	2	2	1	1	1	1	2	2	1	1	1	1	1	1	1	1	2	2	2	2	1	1	2	2	1	1	2	2	2	2	2	2	1	1	1	1	1	1	2	2	2	2	2	2	1	1	2	2	1	1	1	1	1	1	1	1	1	1	2	2	2	2	2	2	1	1	1	1	1	1	1	1	1	1	2	2	2	2	1	1	1	1	1	1	2	2	1	1	2	2	1	1	1	1	2	2	2	2	1	1	1	1	2	2	1	1	2	2	1	1	2	2	2	2	2	2	2	2	1	1	1	1	1	1	2	2	2	2	2	2	2	2	1	1	1	1	2	2	2	2	2	2	2	2	1	1	1	1	2	2	2	2	1	1	1	1	2	2	2	2	1	1	2	2	1	1	1	1	1	1	1	1	2	2	1	1	1	1	2	2	1	1	3	3	1	1	2	2	2	2	2	2	1	1	1	1	1	1	1	1	1	1	2	2	1	1	1	1	1	1	2	2	1	1	2	2	3	3	1	1	1	1
IND0147	1	1	1	1	2	2	1	1	2	2	2	2	2	2	1	1	1	1	2	2	1	1	2	2	2	2	1	1	2	2	2	2	2	2	1	1	1	1	2	2	2	2	2	2	1	1	2	2	2	2	2	2	2	2	1	1	1	1	1	1	1	1	1	1	1	1	2	2	1	1	4	4	1	1	1	1	1	1	2	2	1	1	4	4	2	2	2	2	2	2	2	2	2	2	2	2	2	2	2	2	1	1	2	2	1	1	1	1	2	2	2	2	2	2	1	1	1	1	1	1	2	2	1	1	1	1	1	1	2	2	2	2	1	1	1	1	2	2	1	1	2	2	2	2	2	2	1	1	2	2	1	1	2	2	2	2	2	2	2	2	1	1	1	1	2	2	1	1	2	2	2	2	1	1	1	1	2	2	1	1	1	1	2	2	2	2	1	1	1	1	2	2	1	1	1	1	1	1	1	1	1	1	1	1	1	1	2	2	2	2	1	1	2	2	2	2	1	1	1	1	1	1	1	1	1	1	1	1	1	1	1	1	1	1	1	1	2	2	2	2	2	2	1	1	1	1	1	1	2	2	2	2	2	2	2	2	1	1	2	2	2	2	2	2	2	2	1	1	1	1	2	2	1	1	1	1	2	2	1	1	1	1	1	1	1	1	2	2	1	1	1	1	1	1	1	1	2	2	1	1	2	2	1	1	2	2	2	2	2	2	1	1	1	1	2	2	2	2	2	2	1	1	1	1	2	2	2	2	2	2	2	2	1	1	1	1	1	1	2	2	1	1	4	4	2	2	1	1	2	2	2	2	2	2	1	1	2	2	2	2	2	2	2	2	1	1	1	1	1	1	2	2	1	1	1	1	1	1	2	2
IND0148	2	2	2	2	2	2	2	2	1	1	1	1	2	2	1	1	1	1	2	2	2	2	1	1	1	1	1	1	2	2	1	1	1	1	1	1	2	2	1	1	1	1	1	1	2	2	1	1	1	1	1	1	1	1	1	1	2	2	1	1	1	1	1	1	2	2	2	2	3	3	4	4	1	1	2	2	2	2	1	1	2	2	1	1	1	1	2	2	1	1	1	1	1	1	1	1	2	2	2	2	1	1	2	2	2	2	1	1	2	2	1	1	2	2	1	1	1	1	2	2	2	2	1	1	1	1	1	1	2	2	2	2	2	2	1	1	2	2	1	1	2	2	2	2	1	1	1	1	2	2	1	1	2	2	2	2	1	1	1	1	1	1	1	1	2	2	2	2	2	2	1	1	2	2	2	2	2	2	2	2	1	1	2	2	2	2	2	2	1	1	2	2	2	2	2	2	2	2	1	1	2	2	2	2	1	1	2	2	1	1	2	2	2	2	2	2	2	2	1	1	2	2	2	2	2	2	2	2	1	1	1	1	2	2	1	1	2	2	2	2	1	1	1	1	1	1	2	2	2	2	1	1	1	1	1	1	2	2	2	2	1	1	1	1	1	1	2	2	1	1	1	1	1	1	1	1	2	2	1	1	2	2	2	2	2	2	1	1	1	1	1	1	1	1	2	2	1	1	2	2	2	2	1	1	1	1	2	2	1	1	2	2	2	2	2	2	2	2	2	2	1	1	2	2	2	2	1	1	1	1	2	2	2	2	1	1	2	2	1	1	1	1	4	4	1	1	2	2	2	2	1	1	2	2	1	1	1	1	2	2	1	1	2	2	1	1	2	2	1	1	2	2	4	4	3	3	2	2	2	2
IND0149	2	2	1	1	1	1	1	1	1	1	2	2	1	1	2	2	1	1	1	1	1	1	2	2	2	2	2	2	3	3	2	2	2	2	2	2	1	1	2	2	1	1	2	2	2	2	1	1	1	1	2	2	2	2	1	1	1	1	1	1	2	2	2	2	1	1	1	1	4	4	2	2	2	2	2	2	2	2	2	2	1	1	3	3	2	2	1	1	2	2	1	1	1	1	2	2	2	2	2	2	2	2	1	1	1	1	2	2	2	2	1	1	2	2	2	2	1	1	1	1	2	2	2	2	1	1	2	2	1	1	1	1	2	2	2	2	1	1	1	1	2	2	1	1	1	1	1	1	2	2	2	2	1	1	2	2	1	1	2	2	1	1	1	1	1	1	2	2	1	1	1	1	1	1	1	1	1	1	2	2	2	2	2	2	1	1	1	1	2	2	1	1	2	2	1	1	1	1	1	1	2	2	1	1	1	1	2	2	2	2	2	2	1	1	2	2	2	2	1	1	1	1	2	2	2	2	1	1	2	2	1	1	2	2	2	2	1	1	2	2	1	1	1	1	1	1	1	1	1	1	1	1	2	2	1	1	1	1	1	1	2	2	2	2	2	2	2	2	2	2	2	2	1	1	1	1	2	2	1	1	2	2	2	2	2	2	1	1	1	1	2	2	1	1	2	2	1	1	1	1	2	2	2	2	1	1	2	2	1	1	1	1	2	2	2	2	1	1	1	1	2	2	2	2	1	1	2	2	2	2	1	1	1	1	2	2	2	2	2	2	4	4	2	2	1	1	1	1	2	2	2	2	1	1	1	1	1	1	2	2	1	1	2	2	1	1	1	1	1	1	2	2	1	1	1	1	1	1	2	2
IND0150	2	2	1	1	2	2	2	2	1	1	2	2	2	2	2	2	1	1	2	2	1	1	2	2	1	1	2	2	4	4	1	1	1	1	1	1	1	1	2	2	1	1	1	1	2	2	2	2	1	1	1	1	1	1	2	2	1	1	2	2	1	1	1	1	2	2	2	2	3	3	1	1	2	2	2	2	2	2	1	1	1	1	2	2	1	1	1	1	1	1	1	1	2	2	1	1	1	1	1	1	1	1	2	2	1	1	2	2	2	2	1	1	1	1	1	1	1	1	1	1	2	2	2	2	2	2	1	1	2	2	1	1	1	1	2	2	1	1	1	1	1	1	1	1	2	2	1	1	2	2	1	1	1	1	1	1	1	1	2	2	1	1	2	2	1	1	2	2	2	2	1	1	2	2	1	1	2	2	1	1	1	1	1	1	1	1	1	1	2	2	1	1	2	2	2	2	1	1	2	2	1	1	2	2	2	2	1	1	1	1	1	1	2	2	2	2	1	1	2	2	1	1	1	1	1	1	1	1	2	2	1	1	2	2	1	1	1	1	1	1	2	2	2	2	2	2	2	2	2	2	2	2	2	2	1	1	2	2	2	2	2	2	2	2	1	1	1	1	2	2	2	2	1	1	2	2	1	1	1	1	1	1	2	2	1	1	1	1	1	1	1	1	2	2	2	2	1	1	1	1	2	2	2	2	2	2	1	1	1	1	2	2	1	1	2	2	1	1	2	2	2	2	2	2	2	2	2	2	1	1	2	2	1	1	2	2	2	2	1	1	1	1	3	3	2	2	1	1	1	1	1	1	2	2	2	2	1	1	1	1	1	1	1	1	2	2	2	2	1	1	2	2	1	1	3	3	1	1	1	1
IND0151	2	2	2	2	1	1	1	1	1	1	2	2	1	1	2	2	1	1	2	2	1	1	2	2	2	2	1	1	4	4	2	2	1	1	2	2	2	2	1	1	1	1	1	1	1	1	1	1	1	1	2	2	2	2	1	1	2	2	2	2	1	1	1	1	2	2	2	2	2	2	3	3	2	2	2	2	1	1	2	2	4	4	3	3	1	1	2	2	1	1	1	1	1	1	2	2	2	2	2	2	1	1	1	1	2	2	1	1	1	1	1	1	1	1	2	2	1	1	2	2	1	1	1	1	1	1	2	2	1	1	2	2	1	1	2	2	2	2	1	1	1	1	2	2	1	1	1	1	2	2	2	2	1	1	1	1	1	1	2	2	2	2	1	1	2	2	2	2	2	2	2	2	2	2	1	1	1	1	1	1	2	2	1	1	1	1	1	1	1	1	1	1	2	2	1	1	1	1	2	2	2	2	1	1	1	1	1	1	1	1	1	1	2	2	1	1	1	1	2	2	2	2	2	2	2	2	2	2	2	2	2	2	2	2	1	1	1	1	1	1	1	1	1	1	1	1	1	1	2	2	2	2	1	1	2	2	2	2	2	2	1	1	2	2	1	1	1	1	2	2	1	1	2	2	2	2	1	1	2	2	2	2	2	2	1	1	2	2	1	1	1	1	1	1	1	1	2	2	2	2	1	1	1	1	1	1	2	2	2	2	1	1	1	1	2	2	2	2	2	2	2	2	1	1	1	1	1	1	2	2	1	1	1	1	1	1	2	2	1	1	2	2	1	1	1	1	1	1	1	1	2	2	2	2	1	1	1	1	1	1	1	1	2	2	2	2	2	2	2	2	2	2	2	2	1	1	2	2	2	2
IND0152	2	2	1	1	1	1	2	2	2	2	2	2	2	2	1	1	2	2	1	1	2	2	2	2	2	2	2	2	1	1	1	1	2	2	1	1	1	1	1	1	1	1	2	2	1	1	2	2	1	1	1	1	1	1	1	1	2	2	1	1	1	1	1	1	1	1	2	2	1	1	4	4	2	2	2	2	1	1	2	2	3	3	1	1	1	1	2	2	2	2	1	1	2	2	2	2	2	2	1	1	2	2	2	2	1	1	1	1	2	2	1	1	2	2	2	2	1	1	2	2	2	2	2	2	2	2	1	1	2	2	2	2	1	1	2	2	2	2	1	1	1	1	1	1	1	1	1	1	2	2	2	2	1	1	1	1	2	2	1	1	1	1	1	1	2	2	1	1	1	1	1	1	1	1	1	1	1	1	1	1	2	2	2	2	2	2	1	1	1	1	1	1	2	2	2	2	2	2	2	2	2	2	2	2	2	2	2	2	2	2	1	1	2	2	1	1	2	2	1	1	2	2	1	1	2	2	2	2	2	2	1	1	2	2	2	2	1	1	2	2	1	1	1	1	2	2	2	2	1	1	2	2	1	1	2	2	1	1	1	1	1	1	1	1	2	2	1	1	2	2	1	1	2	2	2	2	2	2	2	2	2	2	2	2	1	1	1	1	2	2	1	1	2	2	1	1	2	2	1	1	2	2	1	1	2	2	2	2	1	1	2	2	1	1	1	1	1	1	1	1	1	1	2	2	2	2	2	2	1	1	2	2	2	2	1	1	1	1	1	1	2	2	1	1	2	2	2	2	1	1	2	2	2	2	1	1	1	1	1	1	1	1	1	1	1	1	2	2	1	1	1	1	3	3	2	2	1	1	2	2
IND0153	2	2	1	1	1	1	1	1	1	1	2	2	1	1	1	1	1	1	1	1	1	1	2	2	2	2	1	1	4	4	4	4	2	2	1	1	2	2	2	2	2	2	2	2	2	2	1	1	2	2	2	2	2	2	1	1	2	2	2	2	1	1	1	1	1	1	1	1	3	3	3	3	1	1	1	1	1	1	1	1	4	4	4	4	1	1	2	2	1	1	2	2	1	1	2	2	1	1	1	1	2	2	1	1	2	2	2	2	1	1	2	2	2	2	2	2	2	2	2	2	2	2	2	2	2	2	2	2	1	1	2	2	1	1	1	1	1	1	2	2	1	1	1	1	2	2	1	1	1	1	1	1	1	1	2	2	2	2	1	1	1	1	1	1	2	2	1	1	1	1	2	2	2	2	2	2	1	1	2	2	1	1	1	1	1	1	1	1	2	2	1	1	2	2	2	2	1	1	2	2	2	2	1	1	2	2	2	2	2	2	2	2	2	2	2	2	2	2	1	1	2	2	1	1	1	1	1	1	2	2	2	2	1	1	2	2	2	2	1	1	2	2	1	1	1	1	1	1	1	1	2	2	1	1	2	2	2	2	1	1	1	1	2	2	1	1	2	2	1	1	2	2	2	2	1	1	2	2	2	2	1	1	2	2	1	1	2	2	1	1	1	1	2	2	1	1	2	2	1	1	2	2	1	1	2	2	2	2	2	2	1	1	1	1	1	1	2	2	2	2	1	1	1	1	2	2	1	1	2	2	1	1	2	2	2	2	2	2	1	1	1	1	3	3	2	2	1	1	2	2	1	1	2	2	2	2	1	1	1	1	1	1	1	1	1	1	2	2	2	2	1	1	3	3	3	3	1	1	2	2
IND0154	2	2	1	1	2	2	2	2	1	1	2	2	2	2	2	2	2	2	1	1	1	1	2	2	2	2	2	2	4	4	4	4	2	2	2	2	2	2	2	2	2	2	1	1	1	1	2	2	2	2	2	2	2	2	1	1	2	2	2	2	2	2	2	2	1	1	1	1	3	3	3	3	1	1	2	2	2	2	1	1	2	2	1	1	1	1	1	1	2	2	1	1	2	2	2	2	2	2	2	2	2	2	2	2	1	1	1	1	2	2	2	2	2	2	1	1	1	1	1	1	1	1	1	1	1	1	1	1	2	2	2	2	1	1	1	1	2	2	2	2	2	2	1	1	1	1	2	2	2	2	2	2	1	1	1	1	2	2	1	1	1	1	2	2	2	2	2	2	1	1	1	1	2	2	1	1	1	1	2	2	1	1	2	2	2	2	1	1	2	2	1	1	1	1	2	2	1	1	2	2	2	2	2	2	2	2	1	1	1	1	1	1	2	2	1	1	1	1	2	2	1	1	1	1	2	2	1	1	2	2	1	1	2	2	1	1	1	1	2	2	1	1	2	2	2	2	1	1	1	1	2	2	1	1	2	2	2	2	1	1	2	2	1	1	1	1	1	1	2	2	1	1	1	1	1	1	1	1	2	2	2	2	2	2	1	1	1	1	2	2	2	2	1	1	1	1	1	1	2	2	2	2	1	1	1	1	2	2	2	2	2	2	1	1	2	2	2	2	1	1	2	2	1	1	1	1	2	2	2	2	2	2	2	2	2	2	2	2	1	1	1	1	1	1	2	2	1	1	2	2	1	1	1	1	2	2	2	2	1	1	1	1	2	2	2	2	2	2	2	2	1	1	2	2	2	2	1	1	1	1
IND0155	1	1	2	2	2	2	2	2	2	2	2	2	1	1	2	2	1	1	1	1	1	1	2	2	1	1	1	1	3	3	2	2	1	1	2	2	1	1	1	1	2	2	1	1	1	1	1	1	2	2	1	1	2	2	1	1	2	2	2	2	1	1	2	2	2	2	1	1	2	2	3	3	1	1	1	1	1	1	1	1	3	3	4	4	1	1	2	2	2	2	1	1	1	1	1	1	1	1	1	1	2	2	2	2	1	1	1	1	2	2	1	1	1	1	2	2	1	1	2	2	1	1	1	1	1	1	2	2	1	1	2	2	2	2	2	2	1	1	2	2	1	1	2	2	2	2	2	2	2	2	1	1	2	2	2	2	2	2	2	2	2	2	1	1	2	2	2	2	1	1	1	1	2	2	1	1	1	1	1	1	2	2	2	2	1	1	2	2	1	1	2	2	2	2	1	1	1	1	1	1	1	1	1	1	2	2	1	1	1	1	2	2	1	1	1	1	2	2	2	2	1	1	1	1	2	2	1	1	1	1	2	2	2	2	1	1	1	1	1	1	1	1	1	1	2	2	1	1	1	1	2	2	1	1	2	2	1	1	2	2	2	2	2	2	2	2	1	1	2	2	2	2	1	1	1	1	2	2	1	1	1	1	1	1	2	2	1	1	1	1	2	2	2	2	1	1	2	2	2	2	1	1	1	1	2	2	2	2	2	2	1	1	2	2	2	2	1	1	1	1	2	2	2	2	2	2	2	2	1	1	1	1	2	2	1	1	2	2	1	1	3	3	4	4	1	1	1	1	2	2	1	1	2	2	2	2	2	2	2	2	2	2	1	1	2	2	2	2	1	1	2	2	4	4	4	4	2	2	1	1
IND0156	2	2	1	1	1	1	1	1	1	1	2	2	1	1	2	2	2	2	2	2	2	2	1	1	2	2	1	1	3	3	3	3	2	2	1	1	1	1	1	1	2	2	1	1	1	1	1	1	2	2	1	1	2	2	1	1	1	1	2	2	1	1	1	1	1	1	2	2	4	4	1	1	1	1	1	1	2	2	2	2	4	4	1	1	1	1	2	2	1	1	2	2	1	1	1	1	2	2	1	1	1	1	2	2	1	1	1	1	1	1	1	1	2	2	2	2	2	2	1	1	2	2	2	2	2	2	2	2	2	2	2	2	1	1	1	1	1	1	1	1	1	1	1	1	2	2	1	1	1	1	2	2	1	1	1	1	1	1	2	2	1	1	2	2	1	1	1	1	2	2	1	1	2	2	2	2	2	2	2	2	2	2	1	1	1	1	1	1	1	1	2	2	2	2	1	1	1	1	2	2	1	1	1	1	2	2	1	1	1	1	2	2	1	1	2	2	2	2	1	1	1	1	2	2	1	1	2	2	1	1	2	2	2	2	1	1	2	2	1	1	1	1	2	2	1	1	1	1	2	2	2	2	2	2	1	1	1	1	2	2	1	1	1	1	2	2	1	1	2	2	2	2	1	1	1	1	2	2	1	1	1	1	1	1	2	2	1	1	2	2	1	1	1	1	2	2	2	2	1	1	2	2	1	1	1	1	1	1	2	2	2	2	2	2	1	1	1	1	2	2	1	1	2	2	1	1	1	1	1	1	1	1	2	2	2	2	2	2	2	2	3	3	1	1	2	2	1	1	2	2	1	1	2	2	2	2	2	2	1	1	1	1	2	2	1	1	1	1	1	1	2	2	3	3	2	2	1	1	1	1
IND0157	1	1	1	1	2	2	1	1	1	1	2	2	1	1	2	2	2	2	2	2	1	1	1	1	1	1	2	2	4	4	3	3	2	2	1	1	2	2	2	2	2	2	2	2	2	2	1	1	1	1	2	2	2	2	2	2	1	1	2	2	2	2	1	1	2	2	2	2	4	4	1	1	1	1	2	2	2	2	2	2	4	4	3	3	2	2	1	1	1	1	1	1	1	1	1	1	2	2	2	2	1	1	2	2	1	1	2	2	2	2	2	2	2	2	2	2	1	1	1	1	2	2	2	2	2	2	1	1	1	1	2	2	2	2	1	1	1	1	1	1	1	1	1	1	2	2	1	1	1	1	1	1	2	2	1	1	1	1	1	1	2	2	2	2	2	2	2	2	1	1	2	2	1	1	1	1	1	1	2	2	2	2	2	2	1	1	2	2	1	1	2	2	2	2	1	1	2	2	1	1	1	1	1	1	1	1	2	2	2	2	1	1	1	1	2	2	2	2	1	1	1	1	1	1	1	1	2	2	1	1	2	2	2	2	1	1	2	2	1	1	1	1	1	1	1	1	2	2	2	2	1	1	1	1	1	1	1	1	2	2	2	2	2	2	2	2	1	1	2	2	2	2	2	2	1	1	2	2	2	2	1	1	2	2	2	2	2	2	1	1	1	1	2	2	2	2	2	2	1	1	2	2	1	1	1	1	2	2	2	2	1	1	1	1	2	2	1	1	1	1	2	2	1	1	2	2	1	1	2	2	2	2	2	2	1	1	2	2	2	2	2	2	4	4	1	1	1	1	2	2	2	2	2	2	1	1	1	1	2	2	1	1	1	1	2	2	2	2	2	2	2	2	4	4	3	3	2	2	2	2
IND0158	1	1	2	2	1	1	2	2	1	1	1	1	1	1	2	2	1	1	2	2	1	1	1	1	1	1	1	1	3	3	3	3	2	2	2	2	2	2	1	1	2	2	1	1	1	1	1	1	1	1	2	2	2	2	1	1	1	1	1	1	1	1	2	2	1	1	1	1	4	4	1	1	1	1	2	2	1	1	1	1	2	2	3	3	1	1	2	2	2	2	2	2	2	2	1	1	2	2	2	2	2	2	1	1	2	2	1	1	1	1	1	1	2	2	1	1	1	1	2	2	2	2	1	1	1	1	2	2	2	2	1	1	1	1	2	2	2	2	2	2	2	2	1	1	2	2	1	1	2	2	1	1	2	2	2	2	2	2	2	2	1	1	2	2	1	1	2	2	1	1	2	2	2	2	2	2	1	1	2	2	2	2	1	1	1	1	2	2	2	2	1	1	2	2	1	1	2	2	2	2	2	2	2	2	1	1	2	2	2	2	1	1	1	1	1	1	2	2	1	1	2	2	2	2	1	1	2	2	2	2	1	1	1	1	1	1	1	1	2	2	2	2	1	1	1	1	2	2	2	2	1	1	2	2	2	2	2	2	2	2	2	2	2	2	2	2	2	2	1	1	1	1	2	2	2	2	1	1	1	1	1	1	2	2	2	2	2	2	2	2	2	2	2	2	2	2	2	2	1	1	1	1	2	2	2	2	2	2	2	2	1	1	1	1	1	1	2	2	2	2	1	1	2	2	2	2	1	1	2	2	1	1	1	1	2	2	1	1	2	2	1	1	4	4	1	1	1	1	2	2	2	2	2	2	1	1	2	2	1	1	1	1	1	1	1	1	2	2	1	1	2	2	3	3	2	2	2	2	2	2
IND0159	2	2	2	2	2	2	1	1	2	2	2	2	2	2	2	2	1	1	2	2	2	2	2	2	1	1	1	1	1	1	4	4	1	1	2	2	1	1	2	2	2	2	1	1	1	1	1	1	1	1	2	2	2	2	1	1	1	1	2	2	2	2	2	2	1	1	1	1	2	2	1	1	1	1	1	1	1	1	1	1	2	2	2	2	1	1	2	2	2	2	2	2	1	1	1	1	2	2	1	1	2	2	2	2	1	1	2	2	1	1	1	1	2	2	1	1	2	2	2	2	1	1	1	1	2	2	1	1	1	1	2	2	2	2	1	1	2	2	1	1	1	1	1	1	1	1	1	1	1	1	2	2	2	2	1	1	2	2	1	1	2	2	1	1	1	1	2	2	1	1	2	2	1	1	1	1	2	2	1	1	1	1	1	1	1	1	1	1	1	1	2	2	1	1	2	2	1	1	1	1	1	1	1	1	1	1	2	2	2	2	1	1	2	2	1	1	1	1	1	1	1	1	1	1	1	1	2	2	1	1	2	2	1	1	2	2	2	2	2	2	2	2	2	2	1	1	1	1	1	1	1	1	1	1	1	1	1	1	1	1	2	2	1	1	1	1	1	1	2	2	1	1	2	2	2	2	2	2	2	2	2	2	2	2	1	1	1	1	1	1	2	2	1	1	1	1	2	2	1	1	1	1	2	2	2	2	1	1	1	1	1	1	1	1	1	1	1	1	2	2	1	1	1	1	2	2	1	1	1	1	2	2	1	1	2	2	2	2	1	1	4	4	1	1	2	2	1	1	1	1	1	1	1	1	1	1	2	2	2	2	1	1	1	1	2	2	2	2	1	1	2	2	3	3	1	1	2	2	2	2
IND0160	1	1	2	2	2	2	1	1	2	2	2	2	2	2	2	2	2	2	2	2	2	2	2	2	1	1	1	1	2	2	4	4	2	2	1	1	1	1	1	1	2	2	2	2	1	1	1	1	2	2	1	1	1	1	1	1	2	2	2	2	1	1	2	2	1	1	1	1	2	2	3	3	2	2	2	2	2	2	1	1	1	1	4	4	2	2	2	2	1	1	2	2	1	1	1	1	2	2	2	2	1	1	2	2	1	1	1	1	2	2	2	2	1	1	1	1	1	1	2	2	2	2	1	1	2	2	1	1	1	1	2	2	2	2	2	2	2	2	1	1	2	2	1	1	1	1	2	2	1	1	2	2	2	2	1	1	2	2	1	1	2	2	2	2	1	1	1	1	1	1	1	1	1	1	2	2	1	1	1	1	1	1	2	2	1	1	2	2	1	1	2	2	2	2	2	2	2	2	1	1	2	2	2	2	2	2	1	1	1	1	2	2	2	2	1	1	2	2	2	2	1	1	2	2	1	1	2	2	2	2	1	1	2	2	2	2	2	2	1	1	1	1	2	2	2	2	1	1	2	2	1	1	1	1	2	2	1	1	2	2	1	1	2	2	2	2	1	1	2	2	2	2	1	1	1	1	2	2	2	2	2	2	1	1	2	2	2	2	2	2	2	2	1	1	2	2	1	1	1	1	1	1	2	2	1	1	1	1	2	2	1	1	1	1	1	1	2	2	1	1	1	1	2	2	1	1	1	1	2	2	1	1	1	1	1	1	2	2	2	2	3	3	3	3	2	2	2	2	2	2	1	1	1	1	1	1	1	1	2	2	1	1	1	1	2	2	1	1	2	2	1	1	2	2	3	3	1	1	2	2
IND0161	1	1	2	2	1	1	2	2	2	2	2	2	1	1	1	1	1	1	2	2	2	2	1	1	1	1	2	2	2	2	2	2	1	1	2	2	2	2	1	1	2	2	2	2	1	1	1	1	1	1	1	1	1	1	1	1	2	2	2	2	2	2	1	1	2	2	1	1	3	3	2	2	1	1	1	1	2	2	2	2	2	2	2	2	1	1	2	2	1	1	1	1	2	2	1	1	2	2	1	1	1	1	1	1	2	2	1	1	1	1	2	2	2	2	2	2	1	1	1	1	2	2	1	1	1	1	1	1	1	1	1	1	1	1	2	2	1	1	1	1	1	1	1	1	2	2	2	2	2	2	2	2	2	2	2	2	1	1	1	1	2	2	2	2	1	1	1	1	1	1	2	2	2	2	1	1	1	1	2	2	1	1	1	1	1	1	2	2	1	1	1	1	2	2	1	1	2	2	1	1	2	2	1	1	1	1	1	1	1	1	2	2	1	1	1	1	1	1	2	2	2	2	2	2	2	2	1	1	1	1	1	1	1	1	2	2	2	2	2	2	2	2	1	1	2	2	2	2	2	2	1	1	2	2	1	1	2	2	1	1	1	1	2	2	1	1	2	2	2	2	2	2	2	2	1	1	2	2	2	2	2	2	2	2	1	1	2	2	2	2	1	1	2	2	2	2	1	1	2	2	2	2	2	2	1	1	1	1	2	2	1	1	2	2	1	1	2	2	1	1	2	2	2	2	2	2	1	1	1	1	2	2	1	1	1	1	1	1	2	2	3	3	1	1	2	2	2	2	2	2	2	2	2	2	1	1	2	2	1	1	1	1	1	1	2	2	2	2	1	1	2	2	3	3	3	3	2	2	1	1
IND0162	2	2	1	1	1	1	1	1	2	2	1	1	1	1	1	1	2	2	2	2	1	1	2	2	1	1	1	1	2	2	3	3	1	1	2	2	1	1	2	2	2	2	2	2	1	1	1	1	2	2	2	2	1	1	2	2	2	2	1	1	2	2	1	1	2	2	1	1	2	2	1	1	2	2	2	2	2	2	1	1	4	4	1	1	2	2	1	1	2	2	1	1	2	2	2	2	2	2	1	1	2	2	2	2	2	2	1	1	2	2	2	2	2	2	1	1	1	1	1	1	1	1	1	1	1	1	1	1	2	2	1	1	1	1	1	1	2	2	2	2	1	1	2	2	1	1	2	2	1	1	1	1	1	1	1	1	2	2	1	1	1	1	1	1	2	2	2	2	2	2	2	2	2	2	1	1	2	2	2	2	1	1	2	2	2	2	1	1	2	2	2	2	2	2	2	2	1	1	1	1	1	1	2	2	2	2	1	1	2	2	1	1	2	2	1	1	2	2	1	1	1	1	2	2	2	2	1	1	2	2	1	1	2	2	2	2	2	2	2	2	1	1	2	2	2	2	2	2	1	1	2	2	1	1	1	1	2	2	1	1	2	2	2	2	2	2	1	1	1	1	2	2	2	2	1	1	2	2	1	1	1	1	1	1	1	1	1	1	2	2	2	2	2	2	2	2	1	1	1	1	1	1	1	1	2	2	2	2	1	1	1	1	2	2	2	2	1	1	2	2	1	1	2	2	1	1	1	1	2	2	1	1	2	2	2	2	2	2	1	1	2	2	3	3	1	1	1	1	1	1	1	1	2	2	1	1	1	1	1	1	1	1	1	1	1	1	2	2	2	2	2	2	3	3	4	4	2	2	1	1
IND0163	1	1	1	1	1	1	1	1	1	1	1	1	2	2	2	2	2	2	1	1	1	1	1	1	1	1	1	1	4	4	2	2	2	2	1	1	1	1	2	2	2	2	2	2	2	2	2	2	1	1	2	2	2	2	1	1	2	2	2	2	1	1	2	2	2	2	1	1	4	4	1	1	2	2	1	1	2	2	1	1	1	1	2	2	1	1	2	2	1	1	1	1	2	2	1	1	2	2	1	1	1	1	2	2	1	1	2	2	2	2	1	1	2	2	2	2	1	1	1	1	2	2	1	1	1	1	2	2	1	1	1	1	1	1	2	2	2	2	2	2	2	2	1	1	2	2	1	1	1	1	1	1	2	2	1	1	2	2	1	1	2	2	1	1	1	1	1	1	2	2	1	1	2	2	2	2	2	2	1	1	2	2	1	1	2	2	1	1	1	1	2	2	2	2	2	2	1	1	1	1	1	1	2	2	1	1	2	2	1	1	2	2	1	1	1	1	2	2	2	2	2	2	2	2	1	1	2	2	2	2	2	2	1	1	2	2	2	2	2	2	1	1	1	1	2	2	2	2	2	2	1	1	2	2	2	2	1	1	2	2	2	2	1	1	2	2	1	1	2	2	2	2	1	1	1	1	1	1	2	2	2	2	2	2	1	1	2	2	2	2	2	2	2	2	2	2	1	1	2	2	1	1	2	2	1	1	1	1	2	2	2	2	1	1	2	2	1	1	2	2	1	1	1	1	2	2	1	1	2	2	1	1	1	1	2	2	1	1	1	1	1	1	2	2	2	2	1	1	2	2	1	1	1	1	2	2	2	2	2	2	1	1	2	2	1	1	1	1	2	2	2	2	4	4	3	3	2	2	2	2
IND0164	1	1	1	1	2	2	1	1	2	2	1	1	1	1	1	1	1	1	2	2	1	1	1	1	2	2	2	2	2	2	1	1	2	2	2	2	1	1	1	1	2	2	1	1	1	1	2	2	1	1	1	1	1	1	1	1	2	2	1	1	2	2	2	2	1	1	1	1	2	2	1	1	2	2	2	2	1	1	1	1	4	4	2	2	2	2	1	1	1	1	1	1	2	2	1	1	2	2	2	2	1	1	1	1	2	2	2	2	1	1	2	2	2	2	2	2	1	1	1	1	2	2	2	2	1	1	2	2	2	2	2	2	1	1	2	2	2	2	1	1	2	2	1	1	1	1	2	2	1	1	1	1	2	2	1	1	2	2	1	1	1	1	2	2	1	1	1	1	1	1	2	2	2	2	2	2	1	1	1	1	1	1	1	1	1	1	1	1	2	2	2	2	2	2	2	2	2	2	2	2	2	2	2	2	1	1	1	1	1	1	1	1	1	1	1	1	2	2	1	1	2	2	1	1	1	1	2	2	1	1	2	2	1	1	1	1	2	2	2	2	2	2	1	1	1	1	1	1	1	1	2	2	2	2	1	1	1	1	2	2	2	2	2	2	2	2	1	1	2	2	2	2	1	1	1	1	2	2	1	1	2	2	2	2	2	2	2	2	2	2	2	2	1	1	1	1	2	2	2	2	2	2	2	2	1	1	2	2	1	1	1	1	2	2	1	1	2	2	1	1	2	2	1	1	2	2	2	2	1	1	2	2	1	1	1	1	2	2	1	1	1	1	2	2	2	2	2	2	1	1	1	1	2	2	1	1	1	1	2	2	1	1	2	2	1	1	1	1	1	1	2	2	4	4	1	1	1	1	2	2
IND0165	2	2	1	1	1	1	2	2	2	2	2	2	1	1	2	2	1	1	1	1	1	1	2	2	1	1	1	1	1	1	3	3	1	1	2	2	2	2	2	2	1	1	2	2	2	2	1	1	1	1	2	2	2	2	1	1	2	2	2	2	2	2	2	2	1	1	2	2	1	1	4	4	1	1	2	2	2	2	1	1	1	1	1	1	1	1	2	2	2	2	1	1	2	2	1	1	1	1	1	1	2	2	2	2	2	2	2	2	2	2	1	1	1	1	1	1	2	2	1	1	2	2	2	2	2	2	2	2	1	1	1	1	1	1	1	1	2	2	2	2	2	2	1	1	2	2	1	1	2	2	2	2	2	2	1	1	1	1	2	2	2	2	2	2	1	1	2	2	2	2	1	1	1	1	1	1	1	1	1	1	2	2	2	2	2	2	1	1	1	1	1	1	1	1	2	2	1	1	2	2	2	2	1	1	2	2	2	2	1	1	1	1	2	2	1	1	1	1	2	2	2	2	2	2	1	1	2	2	2	2	2	2	2	2	2	2	1	1	2	2	2	2	2	2	2	2	1	1	1	1	2	2	1	1	1	1	1	1	1	1	1	1	2	2	2	2	2	2	1	1	2	2	2	2	1	1	1	1	1	1	1	1	2	2	1	1	2	2	1	1	2	2	1	1	2	2	2	2	2	2	2	2	2	2	1	1	1	1	1	1	1	1	2	2	1	1	2	2	2	2	2	2	2	2	1	1	1	1	1	1	1	1	2	2	1	1	2	2	2	2	1	1	4	4	1	1	2	2	1	1	1	1	2	2	1	1	2	2	2	2	1	1	2	2	2	2	1	1	1	1	1	1	3	3	3	3	1	1	2	2
IND0166	1	1	1	1	2	2	2	2	2	2	2	2	1	1	1	1	2	2	2	2	1	1	1	1	1	1	2	2	4	4	3	3	1	1	2	2	1	1	1	1	2	2	2	2	2	2	1	1	2	2	1	1	1	1	1	1	1	1	2	2	1	1	1	1	1	1	2	2	2	2	3	3	1	1	2	2	1	1	2	2	3	3	1	1	2	2	2	2	1	1	2	2	1	1	2	2	2	2	2	2	2	2	1	1	1	1	1	1	1	1	1	1	1	1	2	2	1	1	2	2	1	1	2	2	1	1	2	2	2	2	2	2	1	1	2	2	2	2	2	2	2	2	2	2	1	1	1	1	1	1	2	2	1	1	2	2	2	2	1	1	2	2	1	1	1	1	2	2	1	1	2	2	1	1	1	1	1	1	2	2	1	1	1	1	1	1	2	2	1	1	2	2	2	2	2	2	2	2	1	1	2	2	1	1	1	1	2	2	1	1	2	2	2	2	1	1	1	1	1	1	1	1	1	1	1	1	1	1	2	2	2	2	1	1	2	2	2	2	2	2	1	1	2	2	1	1	1	1	1	1	2	2	2	2	2	2	1	1	1	1	2	2	2	2	2	2	2	2	1	1	1	1	1	1	2	2	2	2	1	1	2	2	1	1	2	2	2	2	1	1	1	1	1	1	1	1	2	2	2	2	2	2	1	1	2	2	2	2	2	2	1	1	2	2	2	2	2	2	2	2	2	2	1	1	1	1	1	1	2	2	2	2	1	1	1	1	1	1	1	1	2	2	1	1	1	1	1	1	1	1	2	2	1	1	2	2	2	2	2	2	1	1	2	2	2	2	2	2	1	1	2	2	3	3	1	1	2	2	1	1
IND0167	2	2	1	1	2	2	1	1	1	1	2	2	1	1	1	1	2	2	2	2	1	1	2	2	1	1	2	2	1	1	3	3	1	1	1	1	1	1	1	1	1	1	2	2	1	1	2	2	1	1	1	1	2	2	2	2	1	1	1	1	2	2	2	2	1	1	2	2	2	2	1	1	1	1	1	1	1	1	2	2	4	4	3	3	1	1	1	1	1	1	2	2	2	2	1	1	1	1	1	1	2	2	1	1	1	1	2	2	1	1	2	2	1	1	1	1	1	1	2	2	1	1	2	2	2	2	2	2	1	1	2	2	2	2	1	1	2	2	1	1	2	2	2	2	1	1	1	1	1	1	2	2	1	1	1	1	1	1	2	2	2	2	1	1	2	2	1	1	2	2	2	2	2	2	2	2	2	2	2	2	1	1	1	1	2	2	1	1	1	1	1	1	2	2	1	1	2	2	1	1	2	2	1	1	2	2	2	2	2	2	2	2	2	2	1	1	1	1	2	2	1	1	2	2	2	2	2	2	1	1	2	2	2	2	2	2	2	2	1	1	2	2	2	2	1	1	2	2	1	1	1	1	2	2	1	1	2	2	1	1	2	2	1	1	1	1	1	1	1	1	1	1	1	1	1	1	2	2	2	2	1	1	1	1	1	1	2	2	1	1	2	2	2	2	1	1	1	1	2	2	2	2	1	1	2	2	1	1	1	1	2	2	2	2	1	1	2	2	2	2	1	1	2	2	1	1	2	2	2	2	1	1	2	2	2	2	2	2	2	2	4	4	4	4	2	2	2	2	1	1	2	2	2	2	2	2	1	1	1	1	2	2	1	1	1	1	1	1	1	1	1	1	4	4	1	1	2	2	2	2
IND0168	2	2	2	2	1	1	1	1	1	1	2	2	2	2	2	2	2	2	1	1	2	2	1	1	2	2	2	2	4	4	1	1	2	2	2	2	1	1	2	2	1	1	2	2	2	2	2	2	2	2	1	1	1	1	2	2	2	2	2	2	2	2	2	2	1	1	2	2	3	3	2	2	2	2	1	1	2	2	2	2	3	3	2	2	1	1	2	2	1	1	2	2	2	2	2	2	1	1	1	1	1	1	2	2	1	1	1	1	1	1	1	1	1	1	2	2	1	1	1	1	1	1	1	1	1	1	2	2	2	2	2	2	2	2	1	1	2	2	1	1	1	1	1	1	1	1	1	1	1	1	1	1	1	1	1	1	2	2	2	2	1	1	2	2	1	1	1	1	1	1	2	2	2	2	1	1	1	1	1	1	2	2	2	2	2	2	1	1	2	2	2	2	2	2	2	2	2	2	2	2	1	1	2	2	2	2	2	2	2	2	2	2	1	1	1	1	1	1	2	2	2	2	1	1	1	1	2	2	2	2	2	2	2	2	2	2	1	1	1	1	1	1	1	1	2	2	1	1	2	2	1	1	2	2	1	1	2	2	2	2	2	2	1	1	2	2	1	1	2	2	2	2	1	1	1	1	2	2	2	2	2	2	2	2	1	1	2	2	2	2	2	2	2	2	2	2	2	2	2	2	1	1	1	1	2	2	1	1	2	2	2	2	1	1	1	1	2	2	2	2	1	1	1	1	1	1	1	1	2	2	2	2	1	1	2	2	1	1	1	1	1	1	4	4	1	1	1	1	2	2	2	2	2	2	1	1	2	2	1	1	2	2	1	1	1	1	1	1	1	1	2	2	4	4	3	3	2	2	1	1
IND0169	2	2	1	1	1	1	1	1	2	2	2	2	2	2	1	1	2	2	2	2	1	1	1	1	2	2	1	1	4	4	3	3	1	1	1	1	2	2	2	2	2	2	1	1	1	1	1	1	2	2	2	2	2	2	1	1	1	1	2	2	2	2	1	1	1	1	1	1	2	2	2	2	1	1	2	2	2	2	1	1	1	1	4	4	1	1	2	2	1	1	2	2	1	1	2	2	2	2	1	1	1	1	1	1	1	1	2	2	1	1	2	2	2	2	2	2	1	1	1	1	2	2	1	1	1	1	1	1	1	1	1	1	1	1	1	1	1	1	1	1	2	2	1	1	2	2	1	1	2	2	1	1	1	1	1	1	2	2	1	1	1	1	1	1	2	2	1	1	2	2	1	1	1	1	1	1	1	1	1	1	2	2	2	2	1	1	1	1	2	2	1	1	1	1	1	1	1	1	1	1	1	1	1	1	1	1	1	1	2	2	2	2	2	2	1	1	2	2	1	1	1	1	1	1	2	2	2	2	1	1	1	1	2	2	1	1	2	2	1	1	2	2	2	2	1	1	1	1	2	2	1	1	1	1	2	2	1	1	2	2	1	1	1	1	2	2	1	1	2	2	1	1	1	1	1	1	2	2	2	2	2	2	1	1	2	2	2	2	1	1	1	1	1	1	2	2	1	1	2	2	2	2	2	2	2	2	1	1	2	2	2	2	1	1	1	1	1	1	1	1	2	2	2	2	1	1	1	1	2	2	1	1	2	2	1	1	1	1	2	2	3	3	3	3	2	2	1	1	2	2	2	2	1	1	2	2	2	2	2	2	1	1	2	2	2	2	1	1	1	1	1	1	2	2	3	3	1	1	2	2
IND0170	2	2	1	1	2	2	2	2	1	1	2	2	1	1	2	2	2	2	1	1	1	1	1	1	2	2	1	1	3	3	4	4	2	2	2	2	2	2	2	2	1	1	2	2	2	2	2	2	1	1	1	1	2	2	1	1	2	2	1	1	2	2	2	2	2	2	2	2	3	3	3	3	1	1	2	2	2	2	2	2	1	1	1	1	1	1	1	1	2	2	2	2	1	1	1	1	2	2	2	2	2	2	1	1	1	1	2	2	2	2	2	2	2	2	1	1	1	1	2	2	2	2	1	1	1	1	2	2	2	2	2	2	2	2	2	2	1	1	2	2	2	2	2	2	2	2	2	2	1	1	2	2	2	2	2	2	2	2	2	2	2	2	1	1	1	1	2	2	2	2	1	1	2	2	2	2	2	2	1	1	1	1	1	1	2	2	1	1	1	1	2	2	1	1	1	1	2	2	2	2	2	2	1	1	1	1	1	1	2	2	1	1	1	1	2	2	2	2	1	1	1	1	2	2	2	2	2	2	1	1	1	1	2	2	1	1	2	2	1	1	2	2	2	2	2	2	2	2	1	1	2	2	1	1	2	2	2	2	1	1	2	2	2	2	1	1	1	1	2	2	2	2	2	2	2	2	2	2	2	2	1	1	1	1	2	2	2	2	2	2	2	2	2	2	2	2	1	1	1	1	2	2	2	2	1	1	2	2	2	2	2	2	1	1	2	2	2	2	2	2	2	2	2	2	2	2	2	2	1	1	1	1	1	1	1	1	2	2	1	1	3	3	1	1	1	1	1	1	1	1	1	1	1	1	2	2	2	2	2	2	1	1	1	1	2	2	1	1	2	2	2	2	4	4	1	1	1	1	2	2
IND0171	2	2	1	1	1	1	2	2	2	2	2	2	1	1	1	1	1	1	1	1	2	2	1	1	1	1	1	1	2	2	1	1	1	1	2	2	1	1	1	1	2	2	1	1	1	1	2	2	2	2	1	1	1	1	2	2	2	2	1	1	1	1	1	1	1	1	1	1	3	3	2	2	1	1	2	2	1	1	2	2	1	1	4	4	1	1	1	1	1	1	2	2	1	1	1	1	2	2	2	2	1	1	1	1	2	2	1	1	1	1	1	1	1	1	1	1	1	1	1	1	2	2	1	1	2	2	1	1	2	2	2	2	2	2	1	1	2	2	2	2	1	1	1	1	1	1	1	1	2	2	2	2	1	1	2	2	1	1	1	1	1	1	2	2	2	2	2	2	1	1	1	1	1	1	1	1	2	2	1	1	2	2	1	1	1	1	2	2	2	2	1	1	1	1	1	1	1	1	2	2	1	1	1	1	1	1	1	1	2	2	2	2	1	1	1	1	1	1	1	1	2	2	2	2	1	1	1	1	1	1	2	2	1	1	2	2	1	1	2	2	1	1	2	2	1	1	1	1	2	2	1	1	1	1	1	1	2	2	1	1	1	1	1	1	1	1	2	2	2	2	1	1	1	1	1	1	1	1	2	2	2	2	2	2	1	1	1	1	2	2	2	2	2	2	1	1	1	1	2	2	1	1	2	2	1	1	1	1	2	2	1	1	1	1	1	1	2	2	2	2	2	2	2	2	1	1	2	2	2	2	1	1	1	1	2	2	2	2	1	1	3	3	2	2	1	1	2	2	2	2	1	1	2	2	2	2	1	1	2	2	2	2	2	2	1	1	1	1	2	2	1	1	3	3	2	2	2	2	2	2
IND0172	1	1	2	2	1	1	1	1	1	1	2	2	1	1	1	1	1	1	1	1	1	1	1	1	1	1	1	1	4	4	1	1	1	1	2	2	2	2	1	1	2	2	1	1	1	1	2	2	2	2	1	1	2	2	1	1	1	1	2	2	2	2	2	2	2	2	1	1	2	2	4	4	1	1	2	2	2	2	2	2	1	1	1	1	1	1	2	2	2	2	2	2	2	2	1	1	1	1	2	2	1	1	2	2	2	2	2	2	1	1	1	1	2	2	1	1	2	2	2	2	1	1	2	2	2	2	2	2	2	2	1	1	1	1	1	1	1	1	2	2	2	2	1	1	1	1	2	2	1	1	2	2	2	2	2	2	2	2	2	2	1	1	2	2	1	1	1	1	2	2	2	2	2	2	2	2	1	1	1	1	2	2	2	2	1	1	2	2	1	1	2	2	2	2	2	2	2	2	2	2	1	1	1	1	1	1	2	2	2	2	2	2	2	2	1	1	1	1	2	2	2	2	2	2	1	1	2	2	2	2	1	1	2	2	1	1	1	1	1	1	2	2	1	1	1	1	1	1	1	1	1	1	1	1	2	2	2	2	1	1	1	1	1	1	1	1	1	1	1	1	1	1	2	2	2	2	1	1	2	2	2	2	1	1	1	1	2	2	2	2	2	2	1	1	2	2	2	2	2	2	1	1	1	1	2	2	1	1	1	1	1	1	1	1	2	2	2	2	2	2	2	2	2	2	1	1	1	1	2	2	1	1	1	1	2	2	1	1	2	2	2	2	3	3	2	2	2	2	2	2	1	1	1	1	1	1	1	1	2	2	1	1	1	1	2	2	1	1	2	2	2	2	2	2	3	3	1	1	1	1
IND0173	1	1	1	1	2	2	1	1	2	2	2	2	2	2	2	2	2	2	1	1	2	2	2	2	1	1	2	2	4	4	4	4	2	2	1	1	1	1	2	2	1	1	1	1	1	1	2	2	1	1	2	2	2	2	2	2	2	2	1	1	2	2	2	2	1	1	1	1	4	4	4	4	2	2	1	1	1	1	1	1	1	1	4	4	1	1	1	1	2	2	2	2	2	2	2	2	2	2	1	1	2	2	1	1	1	1	2	2	2	2	2	2	2	2	2	2	1	1	1	1	2	2	1	1	2	2	2	2	2	2	1	1	2	2	1	1	2	2	2	2	1	1	2	2	2	2	2	2	2	2	1	1	1	1	2	2	2	2	2	2	1	1	2	2	1	1	1	1	1	1	1	1	1	1	1	1	1	1	2	2	2	2	1	1	2	2	2	2	1	1	1	1	2	2	2	2	2	2	2	2	1	1	2	2	2	2	1	1	2	2	2	2	1	1	1	1	2	2	1	1	2	2	1	1	2	2	1	1	1	1	2	2	2	2	1	1	1	1	1	1	2	2	2	2	2	2	1	1	1	1	1	1	2	2	1	1	1	1	1	1	1	1	2	2	1	1	1	1	1	1	1	1	1	1	2	2	1	1	1	1	2	2	1	1	2	2	1	1	2	2	1	1	2	2	1	1	2	2	2	2	2	2	1	1	1	1	1	1	1	1	1	1	1	1	1	1	1	1	1	1	1	1	2	2	2	2	1	1	2	2	2	2	2	2	1	1	2	2	1	1	2	2	3	3	2	2	2	2	1	1	2	2	1	1	1	1	2	2	2	2	1	1	1	1	2	2	2	2	2	2	2	2	1	1	3	3	2	2	1	1
IND0174	2	2	1	1	1	1	1	1	2	2	2	2	2	2	1	1	1	1	1	1	1	1	2	2	1	1	1	1	3	3	3	3	2	2	1	1	1	1	2	2	2	2	1	1	2	2	1	1	1	1	1	1	2	2	1	1	1	1	1	1	1	1	2	2	1	1	2	2	1	1	4	4	1	1	2	2	2	2	1	1	1	1	2	2	1	1	1	1	2	2	2	2	2	2	1	1	1	1	2	2	2	2	2	2	1	1	1	1	1	1	1	1	2	2	2	2	1	1	1	1	1	1	2	2	1	1	1	1	2	2	2	2	2	2	2	2	2	2	1	1	2	2	1	1	1	1	1	1	1	1	1	1	2	2	2	2	1	1	2	2	1	1	1	1	2	2	1	1	1	1	1	1	1	1	2	2	1	1	2	2	1	1	2	2	1	1	1	1	1	1	2	2	1	1	1	1	2	2	2	2	1	1	2	2	1	1	2	2	1	1	1	1	1	1	1	1	1	1	2	2	1	1	1	1	2	2	2	2	1	1	2	2	2	2	2	2	2	2	2	2	1	1	2	2	2	2	2	2	2	2	1	1	1	1	1	1	1	1	1	1	2	2	1	1	1	1	2	2	2	2	1	1	1	1	1	1	2	2	1	1	2	2	1	1	2	2	1	1	2	2	2	2	2	2	1	1	2	2	1	1	1	1	1	1	2	2	1	1	2	2	1	1	1	1	1	1	1	1	2	2	2	2	1	1	1	1	2	2	2	2	2	2	1	1	1	1	2	2	1	1	4	4	2	2	2	2	2	2	2	2	2	2	2	2	2	2	1	1	2	2	2	2	1	1	1	1	2	2	1	1	1	1	4	4	2	2	2	2	1	1
IND0175	2	2	2	2	2	2	1	1	1	1	1	1	2	2	2	2	1	1	1	1	1	1	1	1	1	1	2	2	4	4	2	2	2	2	1	1	2	2	2	2	2	2	1	1	2	2	2	2	1	1	2	2	2	2	1	1	1	1	1	1	2	2	2	2	2	2	2	2	2	2	3	3	2	2	2	2	1	1	1	1	2	2	2	2	2	2	1	1	1	1	2	2	2	2	1	1	2	2	2	2	2	2	2	2	2	2	2	2	2	2	2	2	1	1	1	1	1	1	2	2	1	1	2	2	1	1	1	1	1	1	2	2	1	1	2	2	2	2	1	1	2	2	2	2	1	1	2	2	1	1	1	1	2	2	1	1	1	1	1	1	1	1	2	2	2	2	2	2	1	1	1	1	2	2	1	1	2	2	2	2	1	1	1	1	2	2	1	1	1	1	1	1	2	2	1	1	1	1	2	2	2	2	1	1	1	1	1	1	2	2	2	2	1	1	2	2	2	2	2	2	1	1	1	1	1	1	2	2	1	1	2	2	1	1	1	1	1	1	2	2	2	2	2	2	2	2	1	1	1	1	2	2	2	2	2	2	2	2	1	1	2	2	1	1	1	1	2	2	1	1	1	1	1	1	2	2	2	2	1	1	2	2	2	2	1	1	2	2	1	1	2	2	2	2	2	2	2	2	2	2	2	2	1	1	2	2	1	1	2	2	1	1	1	1	2	2	2	2	2	2	1	1	2	2	2	2	1	1	2	2	2	2	2	2	1	1	1	1	1	1	4	4	3	3	1	1	2	2	2	2	1	1	1	1	1	1	2	2	2	2	2	2	1	1	2	2	2	2	2	2	1	1	2	2	4	4	2	2	1	1
IND0176	2	2	2	2	1	1	1	1	1	1	1	1	2	2	2	2	2	2	1	1	2	2	1	1	1	1	2	2	3	3	1	1	2	2	1	1	2	2	2	2	1	1	2	2	1	1	2	2	2	2	2	2	2	2	1	1	2	2	1	1	1	1	2	2	2	2	1	1	1	1	2	2	2	2	1	1	1	1	2	2	1	1	1	1	1	1	1	1	1	1	2	2	2	2	1	1	1	1	2	2	1	1	1	1	1	1	1	1	1	1	2	2	1	1	1	1	2	2	1	1	1	1	1	1	1	1	1	1	1	1	2	2	1	1	1	1	2	2	1	1	2	2	1	1	1	1	2	2	2	2	2	2	1	1	2	2	1	1	1	1	1	1	1	1	2	2	2	2	2	2	1	1	2	2	1	1	1	1	2	2	2	2	2	2	2	2	2	2	1	1	2	2	1	1	2	2	2	2	1	1	1	1	1	1	1	1	2	2	1	1	1	1	1	1	1	1	1	1	2	2	1	1	1	1	1	1	1	1	1	1	2	2	2	2	2	2	1	1	2	2	1	1	1	1	1	1	1	1	2	2	2	2	2	2	1	1	2	2	2	2	2	2	2	2	2	2	2	2	1	1	1	1	1	1	2	2	2	2	1	1	1	1	1	1	1	1	1	1	1	1	2	2	1	1	1	1	2	2	1	1	2	2	1	1	1	1	1	1	2	2	1	1	1	1	2	2	1	1	1	1	2	2	1	1	2	2	1	1	2	2	2	2	2	2	1	1	2	2	1	1	2	2	2	2	1	1	2	2	1	1	2	2	1	1	1	1	2	2	2	2	1	1	2	2	2	2	1	1	2	2	2	2	3	3	4	4	1	1	1	1
IND0177	1	1	1	1	1	1	2	2	2	2	1	1	2	2	2	2	1	1	2	2	1	1	2	2	2	2	1	1	1	1	3	3	1	1	2	2	2	2	1	1	2	2	2	2	1	1	2	2	1	1	2	2	2	2	2	2	1	1	2	2	2	2	2	2	1	1	1	1	3	3	3	3	2	2	2	2	2	2	1	1	4	4	1	1	2	2	1	1	2	2	1	1	1	1	2	2	1	1	1	1	1	1	2	2	1	1	1	1	1	1	2	2	1	1	1	1	1	1	1	1	1	1	2	2	1	1	2	2	2	2	2	2	1	1	2	2	2	2	2	2	1	1	2	2	2	2	2	2	2	2	1	1	2	2	1	1	1	1	2	2	1	1	1	1	2	2	1	1	2	2	1	1	1	1	1	1	1	1	2	2	2	2	2	2	1	1	2	2	1	1	2	2	1	1	1	1	1	1	2	2	1	1	1	1	1	1	2	2	1	1	2	2	1	1	2	2	2	2	1	1	1	1	2	2	1	1	2	2	2	2	2	2	1	1	1	1	1	1	1	1	1	1	1	1	1	1	2	2	1	1	1	1	2	2	1	1	2	2	2	2	1	1	2	2	2	2	1	1	2	2	1	1	1	1	2	2	1	1	2	2	2	2	2	2	1	1	2	2	1	1	2	2	1	1	1	1	1	1	2	2	2	2	1	1	1	1	1	1	1	1	2	2	2	2	1	1	1	1	2	2	2	2	2	2	2	2	2	2	2	2	2	2	2	2	2	2	1	1	1	1	2	2	3	3	2	2	2	2	1	1	1	1	2	2	1	1	2	2	2	2	1	1	2	2	1	1	1	1	1	1	2	2	2	2	2	2	1	1	2	2
IND0178	2	2	2	2	1	1	2	2	2	2	1	1	2	2	1	1	2	2	1	1	1	1	1	1	1	1	2	2	3	3	2	2	1	1	2	2	1	1	1	1	2	2	2	2	1	1	2	2	2	2	1	1	1	1	2	2	1	1	2	2	1	1	1	1	1	1	2	2	1	1	2	2	1	1	1	1	1	1	2	2	3	3	1	1	2	2	2	2	1	1	1	1	2	2	1	1	2	2	2	2	1	1	1	1	2	2	1	1	2	2	1	1	1	1	1	1	1	1	1	1	2	2	2	2	1	1	1	1	1	1	1	1	2	2	2	2	2	2	2	2	2	2	2	2	2	2	1	1	2	2	2	2	1	1	2	2	2	2	2	2	2	2	1	1	2	2	2	2	1	1	1	1	2	2	1	1	1	1	1	1	1	1	1	1	2	2	1	1	2	2	1	1	2	2	1	1	2	2	1	1	1	1	1	1	2	2	1	1	2	2	1	1	1	1	2	2	2	2	1	1	2	2	1	1	2	2	2	2	1	1	2	2	2	2	2	2	1	1	1	1	2	2	1	1	2	2	2	2	2	2	1	1	2	2	2	2	2	2	1	1	1	1	1	1	2	2	2	2	2	2	2	2	1	1	1	1	1	1	2	2	2	2	2	2	2	2	1	1	2	2	2	2	2	2	2	2	1	1	1	1	2	2	1	1	2	2	1	1	1	1	1	1	2	2	2	2	1	1	1	1	1	1	1	1	2	2	1	1	1	1	2	2	1	1	2	2	2	2	2	2	3	3	2	2	2	2	1	1	2	2	1	1	1	1	2	2	1	1	2	2	2	2	1	1	2	2	1	1	2	2	1	1	4	4	1	1	2	2	1	1
IND0179	2	2	2	2	2	2	2	2	2	2	1	1	1	1	1	1	2	2	2	2	2	2	1	1	1	1	1	1	1	1	3	3	2	2	1	1	2	2	1	1	2	2	1	1	1	1	2	2	2	2	1	1	1	1	1	1	2	2	2	2	2	2	1	1	2	2	1	1	4	4	4	4	2	2	2	2	1	1	2	2	3	3	1	1	1	1	2	2	2	2	1	1	2	2	2	2	1	1	2	2	2	2	1	1	1	1	1	1	1	1	1	1	2	2	1	1	2	2	2	2	1	1	2	2	1	1	2	2	1	1	1	1	2	2	1	1	1	1	2	2	1	1	1	1	1	1	2	2	2	2	2	2	1	1	1	1	2	2	1	1	2	2	2	2	1	1	1	1	1	1	1	1	1	1	1	1	1	1	2	2	2	2	1	1	2	2	2	2	1	1	2	2	2	2	2	2	2	2	1	1	1	1	2	2	2	2	2	2	2	2	1	1	1	1	1	1	2	2	1	1	1	1	2	2	2	2	2	2	1	1	2	2	1	1	2	2	2	2	2	2	2	2	1	1	1	1	1	1	2	2	1	1	1	1	2	2	1	1	1	1	1	1	2	2	2	2	1	1	2	2	1	1	1	1	1	1	1	1	1	1	2	2	1	1	1	1	2	2	2	2	1	1	2	2	1	1	1	1	2	2	1	1	2	2	2	2	1	1	1	1	1	1	2	2	2	2	1	1	1	1	1	1	2	2	2	2	1	1	1	1	2	2	2	2	1	1	1	1	2	2	2	2	4	4	1	1	2	2	2	2	1	1	1	1	1	1	1	1	2	2	1	1	1	1	1	1	2	2	1	1	1	1	4	4	1	1	2	2	1	1
IND0180	2	2	1	1	2	2	1	1	1	1	2	2	2	2	1	1	1	1	1	1	2	2	2	2	2	2	1	1	3	3	4	4	2	2	2	2	1	1	1	1	1	1	1	1	2	2	1	1	2	2	2	2	1	1	2	2	2	2	1	1	1	1	1	1	1	1	2	2	2	2	4	4	1	1	2	2	1	1	2	2	4	4	2	2	2	2	1	1	2	2	2	2	2	2	1	1	2	2	2	2	2	2	2	2	1	1	1	1	1	1	2	2	1	1	1	1	2	2	2	2	1	1	1	1	1	1	1	1	2	2	2	2	1	1	1	1	1	1	1	1	2	2	1	1	2	2	2	2	2	2	1	1	2	2	1	1	2	2	1	1	1	1	1	1	1	1	2	2	2	2	1	1	1	1	1	1	2	2	2	2	1	1	1	1	2	2	2	2	2	2	2	2	2	2	1	1	1	1	1	1	2	2	1	1	2	2	1	1	2	2	1	1	1	1	2	2	1	1	2	2	1	1	2	2	2	2	2	2	2	2	1	1	1	1	2	2	2	2	2	2	2	2	1	1	2	2	1	1	2	2	2	2	2	2	1	1	2	2	1	1	1	1	1	1	1	1	1	1	2	2	2	2	1	1	1	1	2	2	1	1	2	2	2	2	2	2	2	2	2	2	1	1	2	2	1	1	1	1	2	2	2	2	1	1	2	2	2	2	1	1	2	2	1	1	1	1	2	2	2	2	2	2	1	1	1	1	1	1	2	2	1	1	1	1	2	2	2	2	2	2	1	1	3	3	2	2	2	2	2	2	1	1	2	2	1	1	2	2	2	2	2	2	1	1	1	1	1	1	1	1	2	2	4	4	1	1	1	1	1	1
IND0181	1	1	1	1	2	2	1	1	2	2	2	2	2	2	1	1	2	2	1	1	1	1	1	1	1	1	1	1	4	4	2	2	1	1	1	1	1	1	2	2	1	1	2	2	2	2	1	1	1	1	1	1	2	2	2	2	1	1	2	2	2	2	2	2	2	2	2	2	3	3	3	3	1	1	1	1	1	1	2	2	2	2	4	4	2	2	2	2	2	2	1	1	2	2	2	2	1	1	2	2	1	1	2	2	1	1	1	1	2	2	2	2	2	2	1	1	2	2	2	2	2	2	2	2	1	1	1	1	2	2	2	2	1	1	2	2	1	1	2	2	1	1	2	2	1	1	1	1	2	2	2	2	1	1	1	1	1	1	2	2	2	2	1	1	2	2	2	2	2	2	1	1	2	2	1	1	1	1	1	1	1	1	1	1	2	2	1	1	2	2	1	1	1	1	2	2	1	1	2	2	1	1	2	2	1	1	2	2	2	2	1	1	1	1	1	1	1	1	2	2	1	1	2	2	2	2	2	2	1	1	1	1	1	1	2	2	1	1	1	1	2	2	2	2	1	1	1	1	2	2	1	1	1	1	2	2	1	1	2	2	2	2	1	1	2	2	1	1	2	2	2	2	2	2	1	1	1	1	1	1	1	1	2	2	1	1	1	1	1	1	1	1	1	1	2	2	2	2	1	1	1	1	1	1	2	2	1	1	2	2	2	2	1	1	1	1	1	1	2	2	1	1	2	2	1	1	1	1	1	1	2	2	1	1	2	2	1	1	1	1	1	1	1	1	1	1	1	1	1	1	2	2	1	1	1	1	2	2	1	1	2	2	2	2	1	1	2	2	1	1	1	1	2	2	4	4	1	1	1	1
IND0182	1	1	1	1	1	1	2	2	1	1	2	2	2	2	1	1	1	1	2	2	1	1	1	1	2	2	2	2	2	2	1	1	1	1	1	1	2	2	1	1	2	2	2	2	2	2	1	1	1	1	1	1	1	1	2	2	2	2	2	2	1	1	2	2	2	2	2	2	4	4	3	3	1	1	1	1	1	1	1	1	2	2	4	4	1	1	2	2	2	2	1	1	1	1	1	1	2	2	2	2	1	1	1	1	1	1	2	2	2	2	2	2	2	2	1	1	1	1	1	1	2	2	1	1	2	2	1	1	1	1	1	1	2	2	1	1	1	1	2	2	2	2	1	1	1	1	1	1	1	1	1	1	1	1	1	1	2	2	1	1	2	2	2	2	1	1	2	2	2	2	2	2	1	1	1	1	2	2	1	1	1	1	1	1	1	1	1	1	1	1	1	1	2	2	1	1	1	1	1	1	2	2	2	2	1	1	2	2	1	1	1	1	2	2	2	2	2	2	2	2	2	2	1	1	1	1	2	2	1	1	2	2	1	1	1	1	2	2	1	1	1	1	1	1	2	2	1	1	1	1	2	2	1	1	2	2	1	1	1	1	2	2	1	1	2	2	2	2	2	2	2	2	1	1	2	2	2	2	1	1	2	2	1	1	2	2	1	1	2	2	1	1	1	1	2	2	2	2	2	2	1	1	2	2	1	1	1	1	1	1	2	2	2	2	1	1	2	2	2	2	1	1	2	2	1	1	2	2	2	2	2	2	1	1	1	1	1	1	1	1	1	1	2	2	1	1	2	2	1	1	2	2	2	2	1	1	2	2	2	2	1	1	1	1	2	2	1	1	1	1	2	2	3	3	1	1	1	1	2	2
IND0183	1	1	2	2	2	2	1	1	1	1	2	2	2	2	2	2	2	2	2	2	2	2	1	1	1	1	1	1	1	1	3	3	2	2	1	1	2	2	1	1	2	2	2	2	1	1	1	1	1	1	2	2	1	1	1	1	1	1	2	2	1	1	2	2	2	2	1	1	4	4	3	3	2	2	2	2	1	1	1	1	4	4	4	4	1	1	1	1	1	1	2	2	2	2	1	1	2	2	1	1	2	2	2	2	2	2	1	1	2	2	1	1	1	1	1	1	2	2	1	1	2	2	2	2	2	2	1	1	2	2	1	1	2	2	1	1	2	2	1	1	1	1	2	2	1	1	2	2	1	1	2	2	2	2	2	2	2	2	1	1	1	1	2	2	2	2	1	1	1	1	1	1	1	1	2	2	2	2	1	1	1	1	2	2	2	2	1	1	2	2	1	1	2	2	1	1	2	2	1	1	1	1	2	2	1	1	1	1	2	2	1	1	1	1	1	1	1	1	2	2	1	1	2	2	2	2	1	1	1	1	1	1	2	2	1	1	2	2	1	1	1	1	2	2	1	1	1	1	1	1	2	2	2	2	1	1	1	1	2	2	1	1	1	1	1	1	1	1	2	2	2	2	1	1	1	1	1	1	1	1	1	1	2	2	1	1	1	1	2	2	1	1	1	1	1	1	1	1	2	2	1	1	1	1	2	2	2	2	1	1	1	1	1	1	1	1	1	1	2	2	2	2	2	2	2	2	2	2	2	2	2	2	2	2	2	2	1	1	2	2	4	4	2	2	1	1	1	1	1	1	2	2	2	2	1	1	2	2	1	1	2	2	1	1	2	2	1	1	2	2	1	1	1	1	2	2	1	1	1	1
IND0184	1	1	2	2	2	2	2	2	1	1	1	1	1	1	2	2	1	1	1	1	1	1	2	2	2	2	1	1	2	2	4	4	2	2	2	2	1	1	1	1	1	1	1	1	2	2	1	1	2	2	2	2	1	1	1	1	2	2	1	1	1	1	1	1	1	1	2	2	4	4	2	2	1	1	2	2	2	2	1	1	1	1	4	4	2	2	1	1	2	2	1	1	1	1	1	1	1	1	2	2	1	1	1	1	1	1	1	1	1	1	1	1	2	2	1	1	1	1	1	1	1	1	2	2	2	2	2	2	2	2	1	1	1	1	2	2	1	1	1	1	2	2	1	1	1	1	2	2	2	2	1	1	2	2	2	2	1	1	2	2	2	2	2	2	2	2	2	2	1	1	2	2	2	2	1	1	1	1	1	1	1	1	2	2	1	1	2	2	1	1	2	2	1	1	2	2	1	1	1	1	2	2	2	2	2	2	1	1	1	1	2	2	1	1	2	2	2	2	1	1	1	1	1	1	2	2	1	1	1	1	2	2	2	2	2	2	1	1	2	2	2	2	1	1	2	2	2	2	2	2	2	2	1	1	2	2	2	2	1	1	1	1	2	2	1	1	1	1	1	1	2	2	2	2	2	2	1	1	1	1	1	1	1	1	2	2	1	1	1	1	2	2	1	1	2	2	2	2	1	1	1	1	2	2	2	2	1	1	2	2	2	2	1	1	1	1	2	2	1	1	1	1	1	1	1	1	2	2	1	1	1	1	2	2	2	2	1	1	2	2	1	1	3	3	2	2	2	2	1	1	2	2	2	2	2	2	1	1	1	1	1	1	1	1	2	2	1	1	1	1	1	1	1	1	1	1	2	2	2	2
IND0185	2	2	1	1	1	1	2	2	1	1	2	2	2	2	1	1	1	1	1	1	1	1	2	2	2	2	2	2	3	3	3	3	2	2	2	2	1	1	2	2	1	1	1	1	2	2	2	2	1	1	1	1	2	2	2	2	1	1	2	2	1	1	2	2	1	1	1	1	1	1	2	2	1	1	1	1	1	1	2	2	2	2	2	2	2	2	2	2	1	1	1	1	1	1	1	1	1	1	2	2	1	1	2	2	2	2	2	2	2	2	1	1	1	1	1	1	2	2	1	1	1	1	2	2	2	2	2	2	1	1	2	2	2	2	1	1	1	1	1	1	1	1	1	1	1	1	2	2	1	1	1	1	2	2	2	2	2	2	2	2	1	1	1	1	2	2	1	1	2	2	2	2	2	2	2	2	2	2	1	1	1	1	2	2	2	2	1	1	2	2	1	1	1	1	1	1	1	1	1	1	1	1	2	2	1	1	1	1	2	2	2	2	2	2	2	2	2	2	1	1	2	2	1	1	2	2	1	1	1	1	2	2	2	2	2	2	1	1	2	2	2	2	2	2	1	1	2	2	1	1	1	1	1	1	1	1	1	1	2	2	1	1	2	2	2	2	1	1	2	2	2	2	2	2	2	2	1	1	1	1	2	2	1	1	1	1	1	1	2	2	2	2	2	2	2	2	2	2	2	2	2	2	2	2	2	2	2	2	1	1	1	1	1	1	1	1	2	2	1	1	1	1	1	1	1	1	2	2	1	1	1	1	1	1	2	2	1	1	2	2	3	3	1	1	1	1	1	1	1	1	1	1	1	1	2	2	1	1	2	2	2	2	2	2	1	1	1	1	1	1	1	1	4	4	2	2	1	1	1	1
IND0186	1	1	1	1	2	2	2	2	1	1	2	2	1	1	2	2	2	2	1	1	2	2	2	2	1	1	1	1	3	3	3	3	2	2	1	1	2	2	2	2	1	1	1	1	2	2	1	1	1	1	1	1	1	1	1	1	1	1	1	1	1	1	1	1	1	1	1	1	1	1	1	1	1	1	2	2	1	1	1	1	4	4	4	4	1	1	1	1	2	2	2	2	1	1	2	2	1	1	1	1	2	2	1	1	2	2	1	1	2	2	1	1	1	1	2	2	2	2	2	2	1	1	2	2	1	1	2	2	2	2	1	1	2	2	1	1	1	1	1	1	2	2	1	1	2	2	1	1	2	2	1	1	1	1	1	1	2	2	2	2	2	2	1	1	2	2	2	2	2	2	2	2	2	2	2	2	1	1	1	1	1	1	1	1	1	1	1	1	2	2	2	2	1	1	1	1	2	2	1	1	2	2	2	2	2	2	1	1	2	2	2	2	2	2	1	1	1	1	2	2	1	1	1	1	1	1	2	2	1	1	2	2	1	1	1	1	2	2	2	2	2	2	2	2	2	2	2	2	2	2	2	2	1	1	1	1	1	1	2	2	1	1	2	2	1	1	2	2	2	2	2	2	1	1	2	2	2	2	1	1	2	2	1	1	1	1	2	2	2	2	1	1	2	2	2	2	1	1	1	1	1	1	1	1	1	1	1	1	1	1	1	1	2	2	2	2	1	1	2	2	1	1	1	1	2	2	1	1	2	2	2	2	1	1	1	1	2	2	2	2	4	4	4	4	1	1	1	1	2	2	2	2	1	1	1	1	1	1	2	2	2	2	2	2	2	2	2	2	1	1	2	2	2	2	1	1	1	1	1	1
IND0187	1	1	2	2	1	1	2	2	2	2	1	1	2	2	2	2	2	2	1	1	2	2	2	2	1	1	2	2	1	1	2	2	1	1	2	2	2	2	1	1	2	2	2	2	2	2	1	1	1	1	2	2	1	1	1	1	2	2	1	1	1	1	2	2	2	2	1	1	2	2	1	1	1	1	1	1	2	2	1	1	2	2	2	2	2	2	1	1	2	2	1	1	2	2	1	1	2	2	2	2	1	1	1	1	1	1	1	1	2	2	1	1	1	1	2	2	1	1	1	1	2	2	2	2	1	1	1	1	2	2	2	2	1	1	1	1	1	1	1	1	1	1	1	1	1	1	1	1	2	2	2	2	2	2	1	1	2	2	1	1	2	2	1	1	2	2	1	1	1	1	1	1	2	2	1	1	1	1	1	1	2	2	1	1	2	2	2	2	2	2	1	1	2	2	1	1	1	1	2	2	1	1	1	1	1	1	1	1	1	1	2	2	1	1	1	1	1	1	1	1	2	2	1	1	1	1	2	2	1	1	1	1	2	2	2	2	2	2	2	2	2	2	1	1	2	2	2	2	2	2	1	1	2	2	2	2	1	1	2	2	1	1	2	2	2	2	1	1	2	2	1	1	2	2	2	2	1	1	1	1	2	2	2	2	2	2	1	1	2	2	1	1	1	1	2	2	2	2	1	1	1	1	2	2	1	1	2	2	1	1	1	1	1	1	1	1	1	1	1	1	1	1	1	1	1	1	1	1	2	2	2	2	2	2	2	2	1	1	1	1	3	3	1	1	2	2	2	2	1	1	2	2	2	2	2	2	2	2	1	1	2	2	2	2	2	2	2	2	2	2	1	1	3	3	3	3	1	1	1	1
IND0188	2	2	1	1	1	1	2	2	1	1	1	1	1	1	2	2	1	1	1	1	2	2	1	1	2	2	1	1	3	3	1	1	1	1	2	2	1	1	2	2	2	2	1	1	2	2	2	2	1	1	2	2	2	2	1	1	2	2	1	1	1	1	2	2	1	1	1	1	1	1	1	1	1	1	2	2	2	2	2	2	3	3	2	2	2	2	2	2	1	1	1	1	1	1	1	1	2	2	2	2	2	2	2	2	2	2	2	2	1	1	2	2	2	2	1	1	2	2	2	2	1	1	1	1	2	2	2	2	1	1	2	2	1	1	2	2	1	1	1	1	2	2	1	1	1	1	2	2	1	1	1	1	2	2	1	1	2	2	1	1	2	2	2	2	2	2	2	2	2	2	2	2	1	1	1	1	1	1	2	2	1	1	2	2	2	2	2	2	2	2	1	1	1	1	2	2	2	2	2	2	1	1	1	1	1	1	1	1	2	2	2	2	1	1	1	1	2	2	2	2	2	2	2	2	2	2	2	2	2	2	2	2	2	2	1	1	1	1	2	2	1	1	2	2	2	2	2	2	2	2	1	1	2	2	2	2	2	2	1	1	1	1	1	1	2	2	1	1	1	1	2	2	1	1	2	2	2	2	2	2	2	2	2	2	1	1	2	2	1	1	1	1	2	2	2	2	2	2	2	2	1	1	1	1	1	1	2	2	2	2	2	2	1	1	1	1	1	1	2	2	2	2	2	2	1	1	2	2	1	1	2	2	2	2	2	2	2	2	2	2	2	2	1	1	1	1	2	2	1	1	2	2	2	2	2	2	2	2	2	2	2	2	2	2	1	1	1	1	1	1	2	2	2	2	3	3	1	1	2	2
IND0189	2	2	1	1	1	1	2	2	2	2	1	1	1	1	1	1	1	1	1	1	1	1	2	2	2	2	1	1	2	2	4	4	1	1	2	2	1	1	1	1	2	2	2	2	1	1	2	2	1	1	2	2	2	2	1	1	1	1	1	1	1	1	2	2	2	2	1	1	2	2	3	3	1	1	2	2	1	1	1	1	3	3	2	2	2	2	1	1	1	1	1	1	2	2	2	2	1	1	2	2	1	1	2	2	2	2	2	2	2	2	2	2	2	2	2	2	2	2	2	2	1	1	2	2	2	2	1	1	2	2	2	2	1	1	1	1	2	2	2	2	1	1	2	2	2	2	2	2	1	1	1	1	2	2	1	1	1	1	1	1	2	2	1	1	2	2	2	2	1	1	1	1	2	2	1	1	2	2	1	1	1	1	1	1	1	1	2	2	1	1	2	2	1	1	2	2	2	2	1	1	2	2	1	1	1	1	2	2	2	2	1	1	1	1	2	2	2	2	2	2	1	1	1	1	1	1	2	2	1	1	2	2	1	1	1	1	1	1	1	1	2	2	2	2	1	1	1	1	2	2	1	1	2	2	2	2	1	1	2	2	1	1	2	2	1	1	1	1	2	2	2	2	2	2	2	2	2	2	2	2	1	1	1	1	2	2	2	2	2	2	2	2	1	1	1	1	2	2	1	1	1	1	2	2	1	1	2	2	2	2	1	1	1	1	2	2	2	2	1	1	2	2	2	2	1	1	1	1	1	1	2	2	1	1	1	1	2	2	1	1	2	2	4	4	2	2	2	2	1	1	2	2	2	2	1	1	1	1	2	2	1	1	2	2	2	2	1	1	2	2	1	1	3	3	1	1	2	2	2	2
IND0190	1	1	1	1	2	2	1	1	2	2	2	2	2	2	2	2	1	1	2	2	1	1	2	2	2	2	2	2	1	1	1	1	1	1	2	2	2	2	2	2	2	2	2	2	2	2	2	2	2	2	1	1	2	2	2	2	2	2	1	1	1	1	1	1	1	1	1	1	1	1	3	3	1	1	1	1	1	1	2	2	1	1	2	2	2	2	1	1	2	2	1	1	1	1	1	1	2	2	1	1	2	2	1	1	1	1	2	2	2	2	1	1	1	1	2	2	2	2	1	1	2	2	1	1	2	2	1	1	1	1	1	1	2	2	2	2	2	2	2	2	1	1	1	1	2	2	1	1	1	1	2	2	1	1	2	2	1	1	2	2	1	1	2	2	2	2	2	2	2	2	2	2	2	2	2	2	2	2	2	2	1	1	1	1	1	1	1	1	1	1	1	1	1	1	2	2	2	2	1	1	2	2	1	1	1	1	1	1	2	2	2	2	1	1	2	2	1	1	1	1	2	2	1	1	1	1	1	1	1	1	2	2	2	2	2	2	2	2	2	2	2	2	1	1	2	2	1	1	2	2	2	2	1	1	2	2	1	1	1	1	1	1	1	1	2	2	2	2	2	2	1	1	1	1	2	2	2	2	2	2	1	1	2	2	2	2	2	2	1	1	2	2	1	1	2	2	1	1	2	2	2	2	1	1	1	1	2	2	1	1	1	1	1	1	2	2	1	1	2	2	1	1	1	1	1	1	2	2	1	1	1	1	1	1	2	2	1	1	1	1	3	3	4	4	2	2	1	1	1	1	2	2	1	1	2	2	1	1	1	1	2	2	1	1	2	2	2	2	1	1	1	1	3	3	3	3	1	1	1	1
IND0191	2	2	1	1	2	2	1	1	2	2	1	1	1	1	1	1	1	1	1	1	2	2	1	1	1	1	1	1	2	2	1	1	2	2	2	2	1	1	2	2	1	1	2	2	2	2	2	2	1	1	2	2	1	1	2	2	2	2	2	2	2	2	1	1	1	1	1	1	2	2	4	4	2	2	1	1	2	2	1	1	4	4	1	1	2	2	1	1	2	2	1	1	2	2	1	1	2	2	1	1	1	1	1	1	2	2	1	1	1	1	1	1	1	1	1	1	1	1	1	1	2	2	2	2	2	2	2	2	2	2	2	2	1	1	2	2	1	1	1	1	2	2	2	2	1	1	1	1	2	2	1	1	2	2	1	1	2	2	1	1	2	2	2	2	2	2	1	1	2	2	2	2	2	2	2	2	2	2	2	2	1	1	1	1	2	2	1	1	1	1	1	1	2	2	1	1	2	2	1	1	2	2	2	2	1	1	2	2	1	1	2	2	2	2	1	1	1	1	2	2	1	1	2	2	2	2	1	1	1	1	1	1	1	1	1	1	1	1	2	2	1	1	2	2	1	1	1	1	2	2	1	1	1	1	2	2	1	1	1	1	2	2	2	2	1	1	1	1	1	1	1	1	1	1	2	2	1	1	1	1	1	1	1	1	2	2	1	1	1	1	1	1	2	2	1	1	1	1	1	1	2	2	1	1	1	1	2	2	2	2	1	1	1	1	1	1	2	2	2	2	1	1	2	2	2	2	1	1	1	1	1	1	1	1	2	2	1	1	1	1	2	2	4	4	2	2	2	2	2	2	1	1	2	2	1	1	2	2	2	2	1	1	1	1	2	2	1	1	2	2	1	1	3	3	3	3	1	1	1	1
IND0192	2	2	2	2	2	2	2	2	1	1	1	1	1	1	1	1	1	1	2	2	2	2	2	2	2	2	2	2	1	1	3	3	1	1	1	1	2	2	1	1	1	1	2	2	1	1	2	2	2	2	2	2	1	1	2	2	2	2	2	2	2	2	2	2	2	2	1	1	3	3	4	4	2	2	1	1	2	2	2	2	1	1	4	4	2	2	1	1	1	1	2	2	1	1	1	1	1	1	2	2	2	2	2	2	2	2	2	2	2	2	1	1	1	1	2	2	1	1	1	1	2	2	2	2	2	2	1	1	2	2	1	1	1	1	1	1	1	1	2	2	2	2	2	2	1	1	1	1	1	1	1	1	2	2	2	2	1	1	2	2	1	1	1	1	1	1	2	2	2	2	1	1	1	1	2	2	1	1	2	2	1	1	2	2	2	2	1	1	2	2	2	2	1	1	1	1	1	1	1	1	1	1	2	2	2	2	2	2	2	2	2	2	1	1	2	2	1	1	1	1	2	2	1	1	1	1	1	1	2	2	1	1	2	2	1	1	1	1	2	2	2	2	2	2	1	1	1	1	1	1	1	1	2	2	2	2	1	1	1	1	2	2	1	1	1	1	2	2	1	1	1	1	2	2	1	1	2	2	2	2	1	1	1	1	1	1	1	1	2	2	1	1	1	1	2	2	2	2	1	1	1	1	1	1	1	1	2	2	2	2	1	1	2	2	1	1	1	1	2	2	1	1	1	1	1	1	1	1	1	1	2	2	1	1	1	1	1	1	1	1	2	2	3	3	2	2	1	1	2	2	1	1	1	1	1	1	1	1	2	2	2	2	1	1	1	1	1	1	2	2	1	1	3	3	2	2	1	1	2	2
IND0193	1	1	1	1	2	2	2	2	1	1	2	2	2	2	1	1	2	2	1	1	1	1	1	1	1	1	1	1	2	2	3	3	2	2	2	2	2	2	2	2	1	1	1	1	2	2	2	2	2	2	1	1	2	2	2	2	1	1	2	2	2	2	2	2	1	1	1	1	3	3	2	2	2	2	1	1	2	2	2	2	4	4	3	3	1	1	1	1	2	2	1	1	2	2	1	1	2	2	1	1	1	1	1	1	1	1	1	1	1	1	2	2	2	2	1	1	2	2	2	2	1	1	2	2	2	2	1	1	2	2	2	2	1	1	1	1	2	2	2	2	2	2	1	1	2	2	1	1	2	2	2	2	2	2	2	2	2	2	1	1	2	2	2	2	1	1	1	1	1	1	1	1	1	1	2	2	2	2	1	1	2	2	2	2	1	1	1	1	2	2	2	2	1	1	1	1	1	1	1	1	2	2	1	1	2	2	2	2	2	2	2	2	1	1	2	2	2	2	2	2	1	1	1	1	1	1	1	1	1	1	1	1	2	2	1	1	1	1	2	2	1	1	1	1	2	2	1	1	2	2	2	2	2	2	1	1	1	1	1	1	2	2	1	1	1	1	1	1	2	2	1	1	2	2	1	1	2	2	2	2	2	2	1	1	1	1	2	2	1	1	1	1	2	2	1	1	1	1	2	2	2	2	1	1	2	2	1	1	2	2	1	1	1	1	2	2	2	2	1	1	1	1	2	2	1	1	1	1	1	1	1	1	2	2	2	2	2	2	1	1	1	1	3	3	2	2	1	1	1	1	1	1	2	2	2	2	1	1	2	2	1	1	2	2	1	1	1	1	2	2	1	1	3	3	2	2	1	1	2	2
IND0194	1	1	1	1	1	1	2	2	2	2	1	1	1	1	1	1	1	1	2	2	2	2	1	1	1	1	1	1	4	4	2	2	2	2	2	2	2	2	1	1	2	2	1	1	1	1	1	1	1	1	2	2	2	2	1	1	2	2	2	2	1	1	2	2	1	1	1	1	2	2	2	2	2	2	2	2	1	1	1	1	2	2	4	4	1	1	1	1	2	2	2	2	1	1	1	1	1	1	1	1	1	1	1	1	1	1	2	2	1	1	2	2	1	1	1	1	1	1	2	2	2	2	1	1	2	2	1	1	1	1	1	1	1	1	2	2	1	1	1	1	2	2	1	1	2	2	2	2	2	2	2	2	2	2	2	2	2	2	2	2	2	2	1	1	1	1	2	2	1	1	2	2	1	1	1	1	2	2	2	2	1	1	2	2	1	1	1	1	2	2	1	1	1	1	2	2	2	2	2	2	2	2	2	2	1	1	1	1	1	1	1	1	1	1	1	1	2	2	2	2	1	1	1	1	1	1	2	2	1	1	1	1	1	1	2	2	1	1	2	2	2	2	1	1	1	1	1	1	2	2	2	2	2	2	2	2	2	2	2	2	1	1	1	1	2	2	1	1	1	1	1	1	2	2	2	2	1	1	2	2	2	2	1	1	2	2	2	2	2	2	2	2	1	1	2	2	1	1	2	2	1	1	1	1	2	2	1	1	2	2	2	2	1	1	1	1	2	2	2	2	1	1	2	2	1	1	1	1	2	2	2	2	1	1	1	1	1	1	1	1	4	4	2	2	1	1	1	1	1	1	1	1	2	2	1	1	1	1	1	1	1	1	2	2	1	1	2	2	2	2	1	1	4	4	1	1	1	1	2	2
IND0195	2	2	1	1	1	1	1	1	1	1	1	1	2	2	1	1	2	2	1	1	1	1	1	1	1	1	1	1	4	4	2	2	1	1	1	1	2	2	1	1	1	1	1	1	2	2	1	1	1	1	2	2	2	2	2	2	1	1	2	2	2	2	1	1	2	2	2	2	1	1	1	1	1	1	1	1	2	2	1	1	2	2	4	4	1	1	1	1	2	2	2	2	2	2	1	1	1	1	1	1	1	1	1	1	2	2	1	1	1	1	1	1	1	1	2	2	1	1	1	1	2	2	1	1	2	2	1	1	2	2	2	2	2	2	2	2	1	1	2	2	2	2	2	2	2	2	2	2	2	2	1	1	2	2	2	2	1	1	2	2	1	1	2	2	2	2	1	1	1	1	1	1	2	2	1	1	1	1	2	2	1	1	1	1	2	2	1	1	2	2	2	2	1	1	1	1	2	2	1	1	1	1	1	1	2	2	1	1	2	2	2	2	1	1	2	2	2	2	2	2	2	2	2	2	2	2	2	2	2	2	1	1	1	1	2	2	2	2	1	1	1	1	1	1	2	2	2	2	1	1	1	1	1	1	2	2	1	1	1	1	2	2	2	2	2	2	2	2	2	2	2	2	1	1	2	2	2	2	1	1	2	2	1	1	2	2	2	2	2	2	1	1	1	1	2	2	1	1	1	1	1	1	2	2	2	2	1	1	2	2	2	2	2	2	1	1	1	1	1	1	1	1	2	2	1	1	2	2	2	2	2	2	1	1	2	2	2	2	1	1	2	2	2	2	1	1	2	2	1	1	1	1	1	1	1	1	1	1	1	1	1	1	2	2	2	2	1	1	1	1	1	1	1	1	4	4	1	1	2	2
IND0196	1	1	2	2	1	1	1	1	2	2	1	1	1	1	1	1	1	1	1	1	2	2	2	2	2	2	2	2	4	4	4	4	1	1	2	2	2	2	2	2	1	1	1	1	1	1	1	1	2	2	2	2	2	2	2	2	1	1	2	2	2	2	2	2	1	1	1	1	1	1	3	3	2	2	2	2	1	1	2	2	2	2	1	1	1	1	2	2	2	2	2	2	1	1	2	2	2	2	2	2	1	1	2	2	1	1	1	1	1	1	1	1	2	2	1	1	2	2	1	1	1	1	1	1	2	2	1	1	2	2	1	1	1	1	2	2	1	1	2	2	2	2	2	2	1	1	2	2	1	1	2	2	1	1	1	1	1	1	1	1	2	2	2	2	1	1	2	2	2	2	1	1	2	2	2	2	2	2	1	1	2	2	1	1	2	2	2	2	2	2	1	1	1	1	2	2	2	2	2	2	1	1	1	1	2	2	1	1	1	1	2	2	2	2	2	2	2	2	2	2	1	1	1	1	2	2	2	2	2	2	1	1	1	1	2	2	1	1	1	1	2	2	1	1	2	2	2	2	1	1	2	2	2	2	2	2	1	1	1	1	2	2	2	2	2	2	1	1	2	2	1	1	2	2	1	1	2	2	2	2	1	1	1	1	2	2	2	2	1	1	2	2	2	2	1	1	2	2	2	2	2	2	1	1	1	1	1	1	1	1	2	2	2	2	1	1	2	2	1	1	1	1	1	1	2	2	1	1	2	2	2	2	2	2	2	2	1	1	1	1	1	1	4	4	2	2	2	2	2	2	2	2	2	2	1	1	2	2	2	2	2	2	1	1	2	2	2	2	1	1	2	2	2	2	2	2	1	1	2	2
IND0197	2	2	2	2	1	1	2	2	2	2	1	1	2	2	1	1	2	2	2	2	1	1	2	2	1	1	1	1	3	3	2	2	2	2	2	2	2	2	1	1	2	2	2	2	2	2	1	1	2	2	1	1	1	1	1	1	1	1	1	1	1	1	2	2	1	1	2	2	2	2	4	4	1	1	1	1	1	1	1	1	1	1	4	4	1	1	2	2	1	1	1	1	2	2	1	1	2	2	2	2	1	1	2	2	1	1	1	1	2	2	2	2	1	1	2	2	1	1	2	2	1	1	2	2	2	2	2	2	1	1	1	1	2	2	2	2	1	1	1	1	1	1	2	2	1	1	2	2	1	1	1	1	2	2	1	1	2	2	1	1	2	2	1	1	2	2	2	2	2	2	2	2	2	2	1	1	1	1	1	1	2	2	1	1	1	1	1	1	1	1	2	2	2	2	2	2	2	2	1	1	1	1	1	1	1	1	1	1	1	1	2	2	2	2	2	2	1	1	1	1	1	1	2	2	2	2	1	1	2	2	1	1	1	1	2	2	2	2	1	1	2	2	2	2	2	2	2	2	1	1	1	1	2	2	2	2	2	2	2	2	2	2	1	1	1	1	1	1	2	2	1	1	2	2	2	2	1	1	1	1	1	1	1	1	1	1	1	1	1	1	2	2	2	2	1	1	2	2	1	1	2	2	2	2	2	2	1	1	1	1	2	2	1	1	1	1	1	1	2	2	1	1	1	1	1	1	2	2	2	2	1	1	2	2	2	2	2	2	1	1	3	3	3	3	2	2	2	2	2	2	1	1	2	2	2	2	2	2	1	1	1	1	1	1	1	1	1	1	1	1	2	2	1	1	4	4	1	1	1	1
IND0198	2	2	1	1	1	1	2	2	2	2	2	2	1	1	2	2	1	1	1	1	2	2	2	2	1	1	2	2	3	3	4	4	2	2	2	2	1	1	2	2	2	2	1	1	2	2	1	1	1	1	2	2	2	2	2	2	1	1	2	2	1	1	2	2	2	2	1	1	2	2	1	1	2	2	2	2	1	1	2	2	4	4	2	2	1	1	2	2	2	2	2	2	2	2	1	1	2	2	2	2	2	2	2	2	1	1	1	1	2	2	1	1	2	2	2	2	2	2	2	2	2	2	2	2	2	2	1	1	2	2	2	2	2	2	2	2	2	2	2	2	2	2	1	1	2	2	2	2	2	2	2	2	1	1	2	2	1	1	1	1	1	1	1	1	1	1	2	2	1	1	1	1	1	1	2	2	2	2	2	2	2	2	1	1	1	1	2	2	2	2	2	2	2	2	1	1	2	2	2	2	1	1	1	1	1	1	2	2	1	1	1	1	2	2	2	2	1	1	2	2	2	2	1	1	2	2	1	1	1	1	2	2	2	2	1	1	2	2	1	1	1	1	1	1	2	2	1	1	1	1	2	2	2	2	1	1	2	2	2	2	1	1	1	1	2	2	1	1	1	1	1	1	2	2	2	2	1	1	1	1	1	1	2	2	2	2	2	2	2	2	1	1	1	1	1	1	1	1	1	1	2	2	1	1	1	1	1	1	2	2	1	1	2	2	2	2	1	1	2	2	1	1	2	2	1	1	2	2	1	1	2	2	1	1	2	2	1	1	1	1	1	1	4	4	2	2	1	1	1	1	1	1	1	1	1	1	2	2	1	1	1	1	2	2	1	1	1	1	1	1	1	1	2	2	2	2	1	1	2	2
IND0199	1	1	2	2	2	2	1	1	2	2	2	2	1	1	1	1	1	1	1	1	1	1	2	2	1	1	2	2	2	2	1	1	1	1	1	1	2	2	1	1	2	2	2	2	2	2	1	1	2	2	1	1	2	2	2	2	1	1	2	2	1	1	1	1	1	1	1	1	2	2	1	1	2	2	1	1	2	2	1	1	2	2	4	4	2	2	1	1	1	1	1	1	2	2	1	1	2	2	2	2	2	2	1	1	2	2	1	1	2	2	1	1	1	1	2	2	1	1	2	2	1	1	1	1	1	1	2	2	1	1	2	2	1	1	2	2	1	1	1	1	2	2	2	2	2	2	1	1	1	1	1	1	1	1	2	2	2	2	2	2	2	2	1	1	1	1	1	1	2	2	2	2	1	1	2	2	1	1	1	1	1	1	2	2	2	2	1	1	1	1	2	2	1	1	1	1	2	2	1	1	2	2	1	1	2	2	2	2	2	2	2	2	1	1	1	1	2	2	2	2	2	2	1	1	2	2	1	1	2	2	2	2	2	2	1	1	1	1	1	1	1	1	1	1	1	1	1	1	2	2	1	1	2	2	1	1	1	1	1	1	2	2	2	2	1	1	1	1	1	1	1	1	2	2	1	1	1	1	2	2	1	1	2	2	2	2	2	2	1	1	1	1	2	2	1	1	1	1	2	2	1	1	2	2	1	1	1	1	2	2	2	2	1	1	1	1	1	1	2	2	2	2	2	2	1	1	2	2	2	2	1	1	1	1	2	2	1	1	2	2	1	1	1	1	2	2	2	2	1	1	1	1	2	2	2	2	2	2	2	2	1	1	1	1	1	1	2	2	2	2	1	1	1	1	3	3	1	1	2	2
IND0200	2	2	1	1	1	1	2	2	2	2	2	2	1	1	1	1	1	1	1	1	2	2	2	2	2	2	2	2	3	3	4	4	1	1	2	2	2	2	1	1	1	1	1	1	1	1	1	1	1	1	2	2	1	1	2	2	2	2	2	2	2	2	2	2	2	2	2	2	4	4	2	2	1	1	1	1	1	1	2	2	1	1	4	4	1	1	2	2	1	1	2	2	1	1	2	2	1	1	1	1	2	2	2	2	2	2	1	1	2	2	2	2	2	2	2	2	2	2	2	2	1	1	2	2	2	2	2	2	2	2	2	2	2	2	2	2	2	2	2	2	1	1	1	1	2	2	2	2	2	2	1	1	1	1	1	1	2	2	2	2	1	1	2	2	2	2	1	1	1	1	2	2	1	1	2	2	1	1	1	1	2	2	2	2	1	1	1	1	1	1	2	2	2	2	2	2	1	1	1	1	1	1	2	2	2	2	1	1	2	2	2	2	1	1	1	1	1	1	1	1	2	2	2	2	1	1	2	2	1	1	2	2	1	1	1	1	1	1	1	1	2	2	1	1	1	1	2	2	2	2	2	2	2	2	1	1	2	2	1	1	1	1	2	2	1	1	2	2	2	2	1	1	2	2	1	1	1	1	2	2	1	1	2	2	2	2	2	2	2	2	1	1	2	2	2	2	1	1	1	1	2	2	1	1	2	2	2	2	1	1	1	1	1	1	2	2	2	2	2	2	1	1	2	2	1	1	2	2	2	2	1	1	1	1	2	2	2	2	1	1	2	2	1	1	2	2	1	1	2	2	1	1	2	2	2	2	1	1	2	2	1	1	1	1	1	1	2	2	2	2	1	1	2	2	4	4	1	1	2	2
